------------------------ arguments ------------------------
  adaptive_hyper_parameters ....................... 5
  add_action_finetune_algo ........................ False
  add_action_finetune_dim ......................... False
  add_action_tp_dp_exchange ....................... False
  add_action_tune_tp_dp ........................... False
  check_recompute_with_group ...................... False
  config_save_path ................................ /home/liminglong.lml/sxz/SuperScaler/logs-large/aceso/configs/mbs/2048/
  config_suffix ................................... 2026-5-16-7-19-1
  consider_collective_memory ...................... False
  consider_reserved_space ......................... True
  consider_shared_space ........................... True
  continue_when_fail .............................. True
  decoder_seq_len ................................. 512
  end_num_stages .................................. 8
  finetune_after_trial ............................ 0
  finetune_tp_dp_after_trial ...................... False
  flex_recompute .................................. True
  forbid_turn_back ................................ False
  global_batch_size ............................... 2048
  high_memory_rate ................................ 0.9
  init_dim ........................................ tp
  initial_point ................................... balance
  log_path ........................................ /home/liminglong.lml/sxz/SuperScaler/logs-large/aceso/search/mbs/2048/
  max_num_hops .................................... 7
  max_num_trials .................................. 100
  max_op_move_steps ............................... 5
  max_tp .......................................... 8
  memory_limit .................................... 28000
  memory_main_params .............................. 2
  memory_optimizer ................................ 4
  memory_pred_type ................................ MAX
  micro_batch_size ................................ [1, 2, 4, 8]
  min_mbs ......................................... 1
  model_name ...................................... gpt
  model_size ...................................... 2_6B
  multi_process ................................... True
  num_algos ....................................... 2
  num_gpus ........................................ 8
  num_gpus_per_node ............................... 8
  num_layers ...................................... 32
  num_nodes ....................................... 1
  num_of_saved_configs ............................ 3
  num_partners_in_op_mig .......................... 1
  only_top_1_target ............................... False
  op_group_size ................................... 1
  peak_mem_in_backward ............................ 0
  predict_delta_time .............................. False
  print_debug_info ................................ False
  print_gpu_mig_details ........................... False
  print_move_op_details ........................... False
  print_recomp_debug_info ......................... False
  print_recompute_ops ............................. False
  profiled_time_path .............................. /home/liminglong.lml/sxz/SuperScaler/profiler/profiled-time-eurosys/
  random_order_actions ............................ False
  resharding ...................................... True
  save_to_csv ..................................... None
  seq_len ......................................... 2048
  simple_prim_mbs ................................. False
  simple_prim_mig ................................. False
  sort_metric ..................................... max_stage_time
  start_num_stages ................................ 1
  support_comm_predict ............................ False
  time_budget_per_trial ........................... 200
  time_budget_total ............................... 200
-------------------- end of arguments ---------------------
working on num_stages = 1
config has been saved to /home/liminglong.lml/sxz/SuperScaler/logs-large/aceso/configs/mbs/2048/gpt_2_6B_1stages_2026-5-16-7-19-1.json

========== Best Result (num_stages = 1) ==========
|200574.27|27987.07| op = [419]| tp = [2, ] | dp = [4, ] | algo = [0, ] | rc = [201] | gpus = [8] | micro_bs = 4 | time = [200574] | memory = [27987]
start|685804.45|12186.57| op = [419]| tp = [8, ] | dp = [1, ] | algo = [0, ] | rc = [0] | gpus = [8] | micro_bs = 1 | time = [685804] | memory = [12186]

[ Trial 0 ] |685804.45|12186.57| op = [419]| tp = [8, ] | dp = [1, ] | algo = [0, ] | rc = [0] | gpus = [8] | micro_bs = 1 | time = [685804] | memory = [12186]
>>>> [CONFIG: target(0), prim(inc_mbs)]
|347156.66|21997.09| op = [419]| tp = [4, ] | dp = [2, ] | algo = [0, ] | rc = [0] | gpus = [8] | micro_bs = 2 | time = [347156] | memory = [21997]

[ Trial 1 ] |347156.66|21997.09| op = [419]| tp = [4, ] | dp = [2, ] | algo = [0, ] | rc = [0] | gpus = [8] | micro_bs = 2 | time = [347156] | memory = [21997]
>>>> [CONFIG: target(0), prim(inc_mbs)]
|200574.27|27987.07| op = [419]| tp = [2, ] | dp = [4, ] | algo = [0, ] | rc = [201] | gpus = [8] | micro_bs = 4 | time = [200574] | memory = [27987]

num_targets: [1, 1]
num_hops: [1, 1]
search time = 0.34 s.  [0, 1, 2, 3, 4, 5, 6, 7, 8, 9, 10, 11, 12, 13, 14, 15, 16, 17, 18, 19, 20, 21, 22, 23] 
num_explored_cases = 46
time trend: [685804, 347156, 200574, 200574, 200574, 200574, 200574, 200574, 200574, 225368, 225368, 225368, 225368, 225368, 347156, 347156, 347156, 347156, 347156, 685804, 685804, 685804, 685804, 685804]

working on num_stages = 2
config has been saved to /home/liminglong.lml/sxz/SuperScaler/logs-large/aceso/configs/mbs/2048/gpt_2_6B_2stages_2026-5-16-7-19-1.json

========== Best Result (num_stages = 2) ==========
|84297.49|27967.56| op = [208, 211]| tp = [1, 1, ] | dp = [4, 4, ] | algo = [0, 0, ] | rc = [144, 74] | gpus = [4, 4] | micro_bs = 4 | time = [84297, 81686] | memory = [27844, 27967]
start|350437.41|15939.58| op = [209, 210]| tp = [4, 4, ] | dp = [1, 1, ] | algo = [0, 0, ] | rc = [0, 0] | gpus = [4, 4] | micro_bs = 1 | time = [345212, 350437] | memory = [15939, 11011]

[ Trial 0 ] |350437.41|15939.58| op = [209, 210]| tp = [4, 4, ] | dp = [1, 1, ] | algo = [0, 0, ] | rc = [0, 0] | gpus = [4, 4] | micro_bs = 1 | time = [345212, 350437] | memory = [15939, 11011]
>>>> [CONFIG: target(1), prim(inc_mbs)]
|184070.64|27502.08| op = [209, 210]| tp = [2, 2, ] | dp = [2, 2, ] | algo = [0, 0, ] | rc = [8, 0] | gpus = [4, 4] | micro_bs = 2 | time = [181032, 184070] | memory = [27502, 20881]

[ Trial 1 ] |184070.64|27502.08| op = [209, 210]| tp = [2, 2, ] | dp = [2, 2, ] | algo = [0, 0, ] | rc = [8, 0] | gpus = [4, 4] | micro_bs = 2 | time = [181032, 184070] | memory = [27502, 20881]
>>>> [CONFIG: target(1), prim(inc_mbs)]
|84339.65|27982.55| op = [209, 210]| tp = [1, 1, ] | dp = [4, 4, ] | algo = [0, 0, ] | rc = [144, 72] | gpus = [4, 4] | micro_bs = 4 | time = [84339, 81368] | memory = [27874, 27982]

[ Trial 2 ] |84339.65|27982.55| op = [209, 210]| tp = [1, 1, ] | dp = [4, 4, ] | algo = [0, 0, ] | rc = [144, 72] | gpus = [4, 4] | micro_bs = 4 | time = [84339, 81368] | memory = [27874, 27982]
>>>> [CONFIG: target(0), prim(inc_mbs)]
|90269.73|27224.18| op = [209, 210]| tp = [1, 1, ] | dp = [4, 4, ] | algo = [0, 0, ] | rc = [207, 208] | gpus = [4, 4] | micro_bs = 8 | time = [85737, 90269] | memory = [27044, 27224]
>>>> [CONFIG: target(1), prim(dec_op)]
|88987.33|27398.64| op = [213, 206]| tp = [1, 1, ] | dp = [4, 4, ] | algo = [0, 0, ] | rc = [211, 205] | gpus = [4, 4] | micro_bs = 8 | time = [88115, 88987] | memory = [27381, 27398]
>>>> [CONFIG: target(1), prim(dec_mbs)]
|87597.79|27991.04| op = [213, 206]| tp = [1, 1, ] | dp = [4, 4, ] | algo = [0, 0, ] | rc = [168, 64] | gpus = [4, 4] | micro_bs = 4 | time = [87597, 79425] | memory = [27966, 27991]
>>>> [CONFIG: target(0), prim(dec_mbs)]
|185598.44|26824.86| op = [213, 206]| tp = [2, 2, ] | dp = [2, 2, ] | algo = [0, 0, ] | rc = [12, 0] | gpus = [4, 4] | micro_bs = 2 | time = [185598, 181260] | memory = [26824, 20692]
>>>> [CONFIG: target(0), prim(dec_op)]
|183823.28|27144.86| op = [211, 208]| tp = [2, 2, ] | dp = [2, 2, ] | algo = [0, 0, ] | rc = [10, 0] | gpus = [4, 4] | micro_bs = 2 | time = [183823, 181866] | memory = [27144, 20702]
>>>> [CONFIG: target(0), prim(inc_mbs)]
|86260.65|27971.04| op = [211, 208]| tp = [1, 1, ] | dp = [4, 4, ] | algo = [0, 0, ] | rc = [171, 66] | gpus = [4, 4] | micro_bs = 4 | time = [86260, 79949] | memory = [27946, 27971]
>>>> [CONFIG: target(0), prim(inc_mbs)]
|89538.27|27501.66| op = [211, 208]| tp = [1, 1, ] | dp = [4, 4, ] | algo = [0, 0, ] | rc = [209, 207] | gpus = [4, 4] | micro_bs = 8 | time = [86609, 89538] | memory = [27501, 26926]

[ Trial 3 ] |89538.27|27501.66| op = [211, 208]| tp = [1, 1, ] | dp = [4, 4, ] | algo = [0, 0, ] | rc = [209, 207] | gpus = [4, 4] | micro_bs = 8 | time = [86609, 89538] | memory = [27501, 26926]
>>>> [CONFIG: target(1), prim(dec_op)]
|88786.16|29685.66| op = [214, 205]| tp = [1, 1, ] | dp = [4, 4, ] | algo = [0, 0, ] | rc = [212, 203] | gpus = [4, 4] | micro_bs = 8 | time = [88786, 88196] | memory = [29685, 27418]
>>>> [CONFIG: target(0), prim(dec_mbs)]
|93026.13|27991.04| op = [214, 205]| tp = [1, 1, ] | dp = [4, 4, ] | algo = [0, 0, ] | rc = [212, 62] | gpus = [4, 4] | micro_bs = 4 | time = [93026, 78624] | memory = [26983, 27991]
>>>> [CONFIG: target(0), prim(inc_mbs)]
|183608.25|27418.64| op = [214, 205]| tp = [2, 1, ] | dp = [2, 4, ] | algo = [0, 0, ] | rc = [146, 203] | gpus = [4, 4] | micro_bs = 8 | time = [183608, 88567] | memory = [26780, 27418]
>>>> [CONFIG: target(0), prim(dec_op)]
|118879.27|33826.64| op = [146, 273]| tp = [2, 1, ] | dp = [2, 4, ] | algo = [0, 0, ] | rc = [36, 273] | gpus = [4, 4] | micro_bs = 8 | time = [118879, 118589] | memory = [27913, 33826]
>>>> [CONFIG: target(1), prim(dec_op)]
|176378.87|27968.17| op = [208, 211]| tp = [2, 1, ] | dp = [2, 4, ] | algo = [0, 0, ] | rc = [105, 210] | gpus = [4, 4] | micro_bs = 8 | time = [176378, 90739] | memory = [27968, 27254]
>>>> [CONFIG: target(0), prim(dec_mbs)]
|84297.49|27967.56| op = [208, 211]| tp = [1, 1, ] | dp = [4, 4, ] | algo = [0, 0, ] | rc = [144, 74] | gpus = [4, 4] | micro_bs = 4 | time = [84297, 81686] | memory = [27844, 27967]

num_targets: [1, 1, 1]
num_hops: [1, 1, 6]
search time = 11.95 s.  [0, 1, 2, 3, 4, 5, 6, 7, 8, 9, 10, 11, 12, 13, 14, 15, 16, 17, 18, 19, 20, 21, 22, 23, 24, 25, 26, 27, 28, 29, 30, 31, 32, 33, 34, 35, 36, 37, 38, 39, 40, 41, 42, 43, 44, 45, 46, 47, 48, 49, 50, 51, 52, 53, 54, 55, 56, 57, 58, 59, 60, 64, 65, 66, 67, 68, 69, 70, 71, 72, 73, 74, 75, 76, 77, 78, 79, 80, 81, 82, 83, 84, 85, 86, 87, 88, 89, 90, 91, 92, 93, 94, 95, 96, 97, 98, 99, 100, 101, 102, 103] 
num_explored_cases = 1264
time trend: [350437, 184070, 84339, 84339, 84297, 84297, 84297, 84297, 84297, 84297, 84297, 84339, 84339, 84339, 84339, 84339, 84416, 84416, 84416, 84416, 84416, 86260, 86260, 86260, 86260, 86260, 87597, 87597, 87597, 87597, 87597, 88987, 88987, 88987, 88987, 88987, 89538, 89538, 89538, 89538, 89538, 90240, 90240, 90240, 90240, 90240, 90269, 90269, 90269, 90269, 90269, 90385, 90385, 90385, 90385, 90385, 93026, 93026, 93026, 93026, 93026, 89093, 88327, 88327, 88327, 88327, 88327, 88327, 88744, 88744, 88744, 88744, 88744, 89093, 89093, 89093, 89093, 89093, 88865, 88865, 88865, 88865, 88865, 88865, 88962, 88962, 88962, 88962, 88962, 89109, 89109, 89109, 89109, 100063, 100063, 100063, 100063, 100063, 150588, 150588, 150588]

working on num_stages = 8
config has been saved to /home/liminglong.lml/sxz/SuperScaler/logs-large/aceso/configs/mbs/2048/gpt_2_6B_8stages_2026-5-16-7-19-1.json

========== Best Result (num_stages = 8) ==========
|71886.90|27961.61| op = [51, 51, 52, 55, 54, 54, 58, 44]| tp = [1, 1, 1, 1, 1, 1, 1, 1, ] | dp = [1, 1, 1, 1, 1, 1, 1, 1, ] | algo = [0, 0, 0, 0, 0, 0, 0, 0, ] | rc = [14, 12, 10, 8, 8, 6, 0, 0] | gpus = [1, 1, 1, 1, 1, 1, 1, 1] | micro_bs = 2 | time = [70626, 70776, 69966, 71484, 70651, 71886, 71667, 69924] | memory = [26802, 26973, 27961, 27903, 23485, 24448, 27960, 15762]
start|85730.54|26620.67| op = [52, 52, 52, 52, 52, 52, 52, 55]| tp = [1, 1, 1, 1, 1, 1, 1, 1, ] | dp = [1, 1, 1, 1, 1, 1, 1, 1, ] | algo = [0, 0, 0, 0, 0, 0, 0, 0, ] | rc = [8, 6, 4, 0, 0, 0, 0, 0] | gpus = [1, 1, 1, 1, 1, 1, 1, 1] | micro_bs = 1 | time = [73173, 69992, 68524, 65588, 65588, 65588, 65588, 85730] | memory = [23017, 23316, 24392, 26620, 22512, 18404, 14296, 12613]

[ Trial 0 ] |85730.54|26620.67| op = [52, 52, 52, 52, 52, 52, 52, 55]| tp = [1, 1, 1, 1, 1, 1, 1, 1, ] | dp = [1, 1, 1, 1, 1, 1, 1, 1, ] | algo = [0, 0, 0, 0, 0, 0, 0, 0, ] | rc = [8, 6, 4, 0, 0, 0, 0, 0] | gpus = [1, 1, 1, 1, 1, 1, 1, 1] | micro_bs = 1 | time = [73173, 69992, 68524, 65588, 65588, 65588, 65588, 85730] | memory = [23017, 23316, 24392, 26620, 22512, 18404, 14296, 12613]
>>>> [CONFIG: target(7), prim(dec_op)]
|73232.46|26620.67| op = [52, 52, 52, 52, 55, 55, 57, 44]| tp = [1, 1, 1, 1, 1, 1, 1, 1, ] | dp = [1, 1, 1, 1, 1, 1, 1, 1, ] | algo = [0, 0, 0, 0, 0, 0, 0, 0, ] | rc = [8, 6, 4, 0, 0, 0, 0, 0] | gpus = [1, 1, 1, 1, 1, 1, 1, 1] | micro_bs = 1 | time = [73175, 69995, 68527, 65590, 68726, 72533, 73232, 73068] | memory = [23017, 23316, 24392, 26620, 23032, 20960, 15478, 10871]

[ Trial 1 ] |73232.46|26620.67| op = [52, 52, 52, 52, 55, 55, 57, 44]| tp = [1, 1, 1, 1, 1, 1, 1, 1, ] | dp = [1, 1, 1, 1, 1, 1, 1, 1, ] | algo = [0, 0, 0, 0, 0, 0, 0, 0, ] | rc = [8, 6, 4, 0, 0, 0, 0, 0] | gpus = [1, 1, 1, 1, 1, 1, 1, 1] | micro_bs = 1 | time = [73175, 69995, 68527, 65590, 68726, 72533, 73232, 73068] | memory = [23017, 23316, 24392, 26620, 23032, 20960, 15478, 10871]
>>>> [CONFIG: target(6), prim(inc_mbs)]
|75056.31|27601.52| op = [52, 52, 52, 52, 55, 55, 57, 44]| tp = [1, 1, 1, 1, 1, 1, 1, 1, ] | dp = [1, 1, 1, 1, 1, 1, 1, 1, ] | algo = [0, 0, 0, 0, 0, 0, 0, 0, ] | rc = [14, 12, 10, 8, 8, 8, 0, 0] | gpus = [1, 1, 1, 1, 1, 1, 1, 1] | micro_bs = 2 | time = [72839, 70556, 69351, 68146, 70931, 75056, 69924, 69923] | memory = [27362, 27113, 27601, 26553, 23685, 24448, 25656, 15762]
>>>> [CONFIG: target(5), prim(dec_op)]
|71887.06|27961.49| op = [51, 52, 52, 53, 55, 54, 58, 44]| tp = [1, 1, 1, 1, 1, 1, 1, 1, ] | dp = [1, 1, 1, 1, 1, 1, 1, 1, ] | algo = [0, 0, 0, 0, 0, 0, 0, 0, ] | rc = [14, 12, 10, 8, 8, 6, 0, 0] | gpus = [1, 1, 1, 1, 1, 1, 1, 1] | micro_bs = 2 | time = [70626, 71170, 69966, 70973, 70931, 71887, 71668, 69924] | memory = [26802, 27533, 27961, 27353, 23685, 24448, 27960, 15762]

[ Trial 2 ] |71887.06|27961.49| op = [51, 52, 52, 53, 55, 54, 58, 44]| tp = [1, 1, 1, 1, 1, 1, 1, 1, ] | dp = [1, 1, 1, 1, 1, 1, 1, 1, ] | algo = [0, 0, 0, 0, 0, 0, 0, 0, ] | rc = [14, 12, 10, 8, 8, 6, 0, 0] | gpus = [1, 1, 1, 1, 1, 1, 1, 1] | micro_bs = 2 | time = [70626, 71170, 69966, 70973, 70931, 71887, 71668, 69924] | memory = [26802, 27533, 27961, 27353, 23685, 24448, 27960, 15762]
>>>> [CONFIG: target(5), prim(inc_mbs)]
|83966.45|27971.10| op = [51, 52, 52, 53, 55, 54, 58, 44]| tp = [1, 1, 1, 1, 1, 1, 1, 1, ] | dp = [1, 1, 1, 1, 1, 1, 1, 1, ] | algo = [0, 0, 0, 0, 0, 0, 0, 0, ] | rc = [36, 30, 26, 22, 16, 20, 18, 0] | gpus = [1, 1, 1, 1, 1, 1, 1, 1] | micro_bs = 4 | time = [80652, 82284, 80336, 79755, 76374, 80890, 83966, 70139] | memory = [26890, 27971, 27530, 27650, 26910, 27553, 27901, 25524]
>>>> [CONFIG: target(6), prim(dec_op)]
|78913.54|27971.04| op = [49, 49, 52, 55, 54, 56, 56, 48]| tp = [1, 1, 1, 1, 1, 1, 1, 1, ] | dp = [1, 1, 1, 1, 1, 1, 1, 1, ] | algo = [0, 0, 0, 0, 0, 0, 0, 0, ] | rc = [28, 26, 25, 22, 16, 14, 12, 0] | gpus = [1, 1, 1, 1, 1, 1, 1, 1] | micro_bs = 4 | time = [75740, 78759, 78913, 77934, 76727, 77981, 77511, 73509] | memory = [27611, 27971, 27530, 27250, 27409, 27521, 27920, 26204]
>>>> [CONFIG: target(2), prim(dec_mbs)]
|73270.37|27601.49| op = [49, 49, 52, 55, 54, 56, 56, 48]| tp = [1, 1, 1, 1, 1, 1, 1, 1, ] | dp = [1, 1, 1, 1, 1, 1, 1, 1, ] | algo = [0, 0, 0, 0, 0, 0, 0, 0, ] | rc = [14, 12, 10, 8, 8, 6, 0, 0] | gpus = [1, 1, 1, 1, 1, 1, 1, 1] | micro_bs = 2 | time = [67318, 69493, 69346, 69199, 71443, 72325, 68716, 73270] | memory = [25122, 26523, 27601, 27003, 23984, 24062, 27240, 16352]
>>>> [CONFIG: target(7), prim(dec_op)]
|72214.48|27961.61| op = [51, 51, 52, 53, 53, 55, 59, 45]| tp = [1, 1, 1, 1, 1, 1, 1, 1, ] | dp = [1, 1, 1, 1, 1, 1, 1, 1, ] | algo = [0, 0, 0, 0, 0, 0, 0, 0, ] | rc = [14, 12, 10, 8, 8, 6, 0, 0] | gpus = [1, 1, 1, 1, 1, 1, 1, 1] | micro_bs = 2 | time = [70622, 70772, 69962, 69151, 70969, 69501, 69776, 72214] | memory = [26802, 26973, 27961, 27253, 23664, 23422, 27480, 16182]
>>>> [CONFIG: target(7), prim(dec_mbs)]
|75297.95|26970.74| op = [51, 51, 52, 53, 53, 55, 59, 45]| tp = [1, 1, 1, 1, 1, 1, 1, 1, ] | dp = [1, 1, 1, 1, 1, 1, 1, 1, ] | algo = [0, 0, 0, 0, 0, 0, 0, 0, ] | rc = [8, 6, 4, 0, 0, 0, 0, 0] | gpus = [1, 1, 1, 1, 1, 1, 1, 1] | micro_bs = 1 | time = [70896, 70267, 69216, 66696, 68557, 68725, 73215, 75297] | memory = [22537, 23246, 24572, 26970, 23072, 18869, 16190, 11281]
>>>> [CONFIG: target(7), prim(dec_op)]
|72112.18|27995.82| op = [51, 51, 52, 57, 54, 55, 57, 42]| tp = [1, 1, 1, 1, 1, 1, 1, 1, ] | dp = [1, 1, 1, 1, 1, 1, 1, 1, ] | algo = [0, 0, 0, 0, 0, 0, 0, 0, ] | rc = [8, 6, 4, 0, 0, 0, 0, 0] | gpus = [1, 1, 1, 1, 1, 1, 1, 1] | micro_bs = 1 | time = [70898, 70269, 69218, 72112, 70757, 71610, 71684, 69684] | memory = [22537, 23246, 24572, 27995, 23616, 21060, 15326, 10391]
>>>> [CONFIG: target(3), prim(inc_mbs)]
|75490.06|27961.61| op = [51, 51, 52, 57, 54, 55, 57, 42]| tp = [1, 1, 1, 1, 1, 1, 1, 1, ] | dp = [1, 1, 1, 1, 1, 1, 1, 1, ] | algo = [0, 0, 0, 0, 0, 0, 0, 0, ] | rc = [14, 12, 10, 10, 8, 10, 0, 0] | gpus = [1, 1, 1, 1, 1, 1, 1, 1] | micro_bs = 2 | time = [70630, 70780, 69969, 75360, 73316, 75490, 68365, 66707] | memory = [26802, 26973, 27961, 26555, 25152, 21092, 25052, 15202]

[ Trial 3 ] |75490.06|27961.61| op = [51, 51, 52, 57, 54, 55, 57, 42]| tp = [1, 1, 1, 1, 1, 1, 1, 1, ] | dp = [1, 1, 1, 1, 1, 1, 1, 1, ] | algo = [0, 0, 0, 0, 0, 0, 0, 0, ] | rc = [14, 12, 10, 10, 8, 10, 0, 0] | gpus = [1, 1, 1, 1, 1, 1, 1, 1] | micro_bs = 2 | time = [70630, 70780, 69969, 75360, 73316, 75490, 68365, 66707] | memory = [26802, 26973, 27961, 26555, 25152, 21092, 25052, 15202]
>>>> [CONFIG: target(5), prim(dec_op)]
|71886.90|27961.61| op = [51, 51, 52, 55, 54, 54, 58, 44]| tp = [1, 1, 1, 1, 1, 1, 1, 1, ] | dp = [1, 1, 1, 1, 1, 1, 1, 1, ] | algo = [0, 0, 0, 0, 0, 0, 0, 0, ] | rc = [14, 12, 10, 8, 8, 6, 0, 0] | gpus = [1, 1, 1, 1, 1, 1, 1, 1] | micro_bs = 2 | time = [70626, 70776, 69966, 71484, 70651, 71886, 71667, 69924] | memory = [26802, 26973, 27961, 27903, 23485, 24448, 27960, 15762]

num_targets: [1, 1, 1]
num_hops: [1, 2, 1]
search time = 108.76 s.  [0, 1, 2, 5, 6, 7, 18, 19, 22, 26, 27, 29, 31, 35, 39, 41, 44, 47, 49, 50, 55, 57, 58, 60, 63, 65, 66, 71, 73, 75, 77, 78, 79, 80, 81, 84, 85, 87, 89, 90, 92, 93, 94, 100, 102, 104, 105, 106, 107, 109, 110, 111, 113, 114, 115, 116, 118, 120, 121, 123, 125, 127, 129, 131, 133, 135, 138, 139, 142, 143, 144, 145, 146, 147, 148, 149, 150, 151, 152, 153, 154, 155, 156, 157, 158, 159, 160, 161, 162, 163, 164, 165, 166, 167, 168, 169, 170, 171, 172, 173, 174] 
num_explored_cases = 8908
time trend: [85730, 73232, 71887, 71887, 71886, 71886, 71887, 72338, 71887, 72212, 73232, 72428, 72427, 72212, 72212, 72618, 72337, 72212, 73270, 74323, 72212, 72427, 74324, 73067, 72212, 72427, 72427, 72111, 72212, 72427, 72212, 76509, 74323, 76509, 79577, 72326, 80618, 72212, 73067, 75009, 72211, 72618, 75774, 72212, 72416, 74151, 75008, 75296, 72325, 72427, 72650, 72650, 73270, 81759, 73270, 74809, 73067, 73659, 73659, 83949, 83955, 83959, 73270, 73270, 73270, 73270, 72211, 72211, 73270, 81796, 71886, 71886, 71886, 71886, 71886, 71887, 71887, 71887, 71887, 71887, 71887, 71887, 71887, 71887, 71887, 71887, 71887, 71887, 71887, 71887, 72111, 72111, 72111, 72111, 72111, 72112, 72112, 72112, 72112, 72112, 72210]

working on num_stages = 3
config has been saved to /home/liminglong.lml/sxz/SuperScaler/logs-large/aceso/configs/mbs/2048/gpt_2_6B_3stages_2026-5-16-7-19-1.json

========== Best Result (num_stages = 3) ==========
|75338.15|27985.49| op = [107, 205, 107]| tp = [1, 1, 1, ] | dp = [2, 4, 2, ] | algo = [0, 0, 0, ] | rc = [30, 68, 10] | gpus = [2, 4, 2] | micro_bs = 4 | time = [73748, 75338, 75236] | memory = [27191, 27985, 26814]
start|252024.43|18765.45| op = [139, 139, 141]| tp = [4, 2, 2, ] | dp = [1, 1, 1, ] | algo = [0, 0, 0, ] | rc = [0, 0, 0] | gpus = [4, 2, 2] | micro_bs = 1 | time = [229471, 239143, 252024] | memory = [14185, 18765, 14587]

[ Trial 0 ] |252024.43|18765.45| op = [139, 139, 141]| tp = [4, 2, 2, ] | dp = [1, 1, 1, ] | algo = [0, 0, 0, ] | rc = [0, 0, 0] | gpus = [4, 2, 2] | micro_bs = 1 | time = [229471, 239143, 252024] | memory = [14185, 18765, 14587]
>>>> [CONFIG: target(2), prim(inc_mbs)]
|119528.92|27818.88| op = [139, 139, 141]| tp = [2, 1, 1, ] | dp = [2, 2, 2, ] | algo = [0, 0, 0, ] | rc = [0, 20, 4] | gpus = [4, 2, 2] | micro_bs = 2 | time = [119528, 95292, 98657] | memory = [26029, 25076, 27818]

[ Trial 1 ] |119528.92|27818.88| op = [139, 139, 141]| tp = [2, 1, 1, ] | dp = [2, 2, 2, ] | algo = [0, 0, 0, ] | rc = [0, 20, 4] | gpus = [4, 2, 2] | micro_bs = 2 | time = [119528, 95292, 98657] | memory = [26029, 25076, 27818]
>>>> [CONFIG: target(0), prim(dec_tp)]
|119645.88|27818.88| op = [139, 139, 141]| tp = [1, 2, 1, ] | dp = [2, 2, 2, ] | algo = [0, 0, 0, ] | rc = [32, 0, 4] | gpus = [2, 4, 2] | micro_bs = 2 | time = [98107, 119645, 98660] | memory = [27704, 18765, 27818]
>>>> [CONFIG: target(1), prim(dec_dp)]
|221526.10|27818.88| op = [139, 139, 141]| tp = [2, 2, 1, ] | dp = [2, 1, 2, ] | algo = [0, 0, 0, ] | rc = [0, 8, 4] | gpus = [4, 2, 2] | micro_bs = 2 | time = [119652, 221526, 98781] | memory = [26029, 26591, 27818]
>>>> [CONFIG: target(1), prim(dec_op)]
|133937.20|27982.97| op = [154, 84, 181]| tp = [2, 2, 1, ] | dp = [2, 1, 2, ] | algo = [0, 0, 0, ] | rc = [4, 0, 33] | gpus = [4, 2, 2] | micro_bs = 2 | time = [133937, 132941, 133786] | memory = [27217, 19246, 27982]
>>>> [CONFIG: target(0), prim(dec_tp)]
|133705.52|27982.97| op = [154, 84, 181]| tp = [1, 2, 1, ] | dp = [2, 2, 2, ] | algo = [0, 0, 0, ] | rc = [42, 0, 33] | gpus = [2, 4, 2] | micro_bs = 2 | time = [110913, 72963, 133705] | memory = [27920, 11598, 27982]
>>>> [CONFIG: target(2), prim(dec_op)]
|105632.60|27870.63| op = [146, 124, 149]| tp = [1, 2, 1, ] | dp = [2, 2, 2, ] | algo = [0, 0, 0, ] | rc = [36, 0, 10] | gpus = [2, 4, 2] | micro_bs = 2 | time = [103850, 104218, 105632] | memory = [27870, 16921, 27473]

[ Trial 2 ] |105632.60|27870.63| op = [146, 124, 149]| tp = [1, 2, 1, ] | dp = [2, 2, 2, ] | algo = [0, 0, 0, ] | rc = [36, 0, 10] | gpus = [2, 4, 2] | micro_bs = 2 | time = [103850, 104218, 105632] | memory = [27870, 16921, 27473]
>>>> [CONFIG: target(2), prim(inc_tp)]
|133595.43|27870.63| op = [146, 124, 149]| tp = [1, 1, 2, ] | dp = [2, 2, 2, ] | algo = [0, 0, 0, ] | rc = [36, 12, 0] | gpus = [2, 2, 4] | micro_bs = 2 | time = [103855, 81268, 133595] | memory = [27870, 26157, 15301]
>>>> [CONFIG: target(2), prim(dec_dp)]
|244784.06|27870.63| op = [146, 124, 149]| tp = [1, 2, 2, ] | dp = [2, 2, 1, ] | algo = [0, 0, 0, ] | rc = [36, 0, 0] | gpus = [2, 4, 2] | micro_bs = 2 | time = [103986, 104354, 244784] | memory = [27870, 16921, 21902]
>>>> [CONFIG: target(2), prim(inc_mbs)]
|112248.35|27974.76| op = [146, 124, 149]| tp = [1, 1, 1, ] | dp = [2, 4, 2, ] | algo = [0, 0, 0, ] | rc = [82, 12, 36] | gpus = [2, 4, 2] | micro_bs = 4 | time = [112248, 40950, 109423] | memory = [27816, 26157, 27974]
>>>> [CONFIG: target(0), prim(dec_op)]
|75338.15|27985.49| op = [107, 205, 107]| tp = [1, 1, 1, ] | dp = [2, 4, 2, ] | algo = [0, 0, 0, ] | rc = [30, 68, 10] | gpus = [2, 4, 2] | micro_bs = 4 | time = [73748, 75338, 75236] | memory = [27191, 27985, 26814]

num_targets: [1, 1, 1]
num_hops: [1, 5, 4]
search time = 200.01 s.  [0, 1, 2, 3, 35, 62, 87, 103, 104, 105, 106, 107, 108, 137, 172, 207, 212] 
num_explored_cases = 14977
time trend: [252024, 119528, 105632, 75338, 75338, 76409, 76409, 76764, 76764, 76764, 76765, 76765, 76765, 75625, 75702, 75702, 76765]

working on num_stages = 6
config has been saved to /home/liminglong.lml/sxz/SuperScaler/logs-large/aceso/configs/mbs/2048/gpt_2_6B_6stages_2026-5-16-7-19-1.json

========== Best Result (num_stages = 6) ==========
|70915.20|27723.28| op = [51, 102, 53, 55, 58, 100]| tp = [1, 1, 1, 1, 1, 1, ] | dp = [1, 2, 1, 1, 1, 2, ] | algo = [0, 0, 0, 0, 0, 0, ] | rc = [12, 18, 8, 6, 0, 0] | gpus = [1, 2, 1, 1, 1, 2] | micro_bs = 2 | time = [69281, 70290, 70915, 69917, 70739, 70591] | memory = [25849, 27723, 23664, 23762, 27580, 20436]
start|122878.86|26892.72| op = [69, 69, 69, 69, 69, 74]| tp = [2, 2, 1, 1, 1, 1, ] | dp = [1, 1, 1, 1, 1, 1, ] | algo = [0, 0, 0, 0, 0, 0, ] | rc = [0, 0, 2, 0, 0, 0] | gpus = [2, 2, 1, 1, 1, 1] | micro_bs = 1 | time = [122878, 119080, 86946, 87767, 88076, 108633] | memory = [22259, 19570, 26892, 23655, 19264, 15860]

[ Trial 0 ] |122878.86|26892.72| op = [69, 69, 69, 69, 69, 74]| tp = [2, 2, 1, 1, 1, 1, ] | dp = [1, 1, 1, 1, 1, 1, ] | algo = [0, 0, 0, 0, 0, 0, ] | rc = [0, 0, 2, 0, 0, 0] | gpus = [2, 2, 1, 1, 1, 1] | micro_bs = 1 | time = [122878, 119080, 86946, 87767, 88076, 108633] | memory = [22259, 19570, 26892, 23655, 19264, 15860]
>>>> [CONFIG: target(0), prim(dec_tp)]
|119081.59|26892.72| op = [69, 69, 69, 69, 69, 74]| tp = [1, 2, 1, 1, 2, 1, ] | dp = [1, 1, 1, 1, 1, 1, ] | algo = [0, 0, 0, 0, 0, 0, ] | rc = [10, 0, 2, 0, 0, 0] | gpus = [1, 2, 1, 1, 2, 1] | micro_bs = 1 | time = [97170, 119081, 86947, 87768, 116147, 108634] | memory = [25489, 19570, 26892, 23655, 9992, 15860]

[ Trial 1 ] |119081.59|26892.72| op = [69, 69, 69, 69, 69, 74]| tp = [1, 2, 1, 1, 2, 1, ] | dp = [1, 1, 1, 1, 1, 1, ] | algo = [0, 0, 0, 0, 0, 0, ] | rc = [10, 0, 2, 0, 0, 0] | gpus = [1, 2, 1, 1, 2, 1] | micro_bs = 1 | time = [97170, 119081, 86947, 87768, 116147, 108634] | memory = [25489, 19570, 26892, 23655, 9992, 15860]
>>>> [CONFIG: target(1), prim(dec_tp)]
|117185.30|25489.10| op = [69, 69, 69, 69, 69, 74]| tp = [1, 1, 2, 1, 2, 1, ] | dp = [1, 1, 1, 1, 1, 1, ] | algo = [0, 0, 0, 0, 0, 0, ] | rc = [10, 10, 0, 0, 0, 0] | gpus = [1, 1, 2, 1, 2, 1] | micro_bs = 1 | time = [97174, 96551, 117185, 87772, 116151, 108638] | memory = [25489, 23466, 15100, 23655, 9992, 15860]

[ Trial 2 ] |117185.30|25489.10| op = [69, 69, 69, 69, 69, 74]| tp = [1, 1, 2, 1, 2, 1, ] | dp = [1, 1, 1, 1, 1, 1, ] | algo = [0, 0, 0, 0, 0, 0, ] | rc = [10, 10, 0, 0, 0, 0] | gpus = [1, 1, 2, 1, 2, 1] | micro_bs = 1 | time = [97174, 96551, 117185, 87772, 116151, 108638] | memory = [25489, 23466, 15100, 23655, 9992, 15860]
>>>> [CONFIG: target(2), prim(inc_mbs)]
|103774.46|27905.55| op = [69, 69, 69, 69, 69, 74]| tp = [1, 1, 1, 1, 1, 1, ] | dp = [1, 1, 2, 1, 2, 1, ] | algo = [0, 0, 0, 0, 0, 0, ] | rc = [20, 19, 2, 10, 0, 0] | gpus = [1, 1, 2, 1, 2, 1] | micro_bs = 2 | time = [97991, 97856, 43767, 90390, 44331, 103774] | memory = [27738, 27905, 26892, 24483, 19264, 22840]

[ Trial 3 ] |103774.46|27905.55| op = [69, 69, 69, 69, 69, 74]| tp = [1, 1, 1, 1, 1, 1, ] | dp = [1, 1, 2, 1, 2, 1, ] | algo = [0, 0, 0, 0, 0, 0, ] | rc = [20, 19, 2, 10, 0, 0] | gpus = [1, 1, 2, 1, 2, 1] | micro_bs = 2 | time = [97991, 97856, 43767, 90390, 44331, 103774] | memory = [27738, 27905, 26892, 24483, 19264, 22840]
>>>> [CONFIG: target(5), prim(dec_op)]
|74388.73|27348.51| op = [55, 54, 102, 53, 108, 47]| tp = [1, 1, 1, 1, 1, 1, ] | dp = [1, 1, 2, 1, 2, 1, ] | algo = [0, 0, 0, 0, 0, 0, ] | rc = [12, 10, 16, 6, 4, 0] | gpus = [1, 1, 2, 1, 2, 1] | micro_bs = 2 | time = [74288, 74388, 70614, 70261, 70380, 72494] | memory = [27329, 27265, 25809, 24448, 27348, 16232]

[ Trial 4 ] |74388.73|27348.51| op = [55, 54, 102, 53, 108, 47]| tp = [1, 1, 1, 1, 1, 1, ] | dp = [1, 1, 2, 1, 2, 1, ] | algo = [0, 0, 0, 0, 0, 0, ] | rc = [12, 10, 16, 6, 4, 0] | gpus = [1, 1, 2, 1, 2, 1] | micro_bs = 2 | time = [74288, 74388, 70614, 70261, 70380, 72494] | memory = [27329, 27265, 25809, 24448, 27348, 16232]
>>>> [CONFIG: target(1), prim(dec_op)]
|72078.70|27438.54| op = [54, 53, 103, 53, 111, 45]| tp = [1, 1, 1, 1, 1, 1, ] | dp = [1, 1, 2, 1, 2, 1, ] | algo = [0, 0, 0, 0, 0, 0, ] | rc = [12, 8, 16, 4, 4, 0] | gpus = [1, 1, 2, 1, 2, 1] | micro_bs = 2 | time = [71894, 70391, 69840, 67538, 70412, 72078] | memory = [26669, 27153, 25469, 26728, 27438, 16182]

[ Trial 5 ] |72078.70|27438.54| op = [54, 53, 103, 53, 111, 45]| tp = [1, 1, 1, 1, 1, 1, ] | dp = [1, 1, 2, 1, 2, 1, ] | algo = [0, 0, 0, 0, 0, 0, ] | rc = [12, 8, 16, 4, 4, 0] | gpus = [1, 1, 2, 1, 2, 1] | micro_bs = 2 | time = [71894, 70391, 69840, 67538, 70412, 72078] | memory = [26669, 27153, 25469, 26728, 27438, 16182]
>>>> [CONFIG: target(5), prim(inc_mbs)]
|82327.07|27813.98| op = [54, 53, 103, 53, 111, 45]| tp = [1, 1, 1, 1, 1, 1, ] | dp = [1, 1, 2, 1, 2, 1, ] | algo = [0, 0, 0, 0, 0, 0, ] | rc = [28, 22, 30, 14, 22, 0] | gpus = [1, 1, 2, 1, 2, 1] | micro_bs = 4 | time = [82327, 79055, 71241, 74466, 73627, 72154] | memory = [27571, 27350, 27813, 26341, 27513, 25964]
>>>> [CONFIG: target(0), prim(dec_op)]
|74800.14|27851.16| op = [49, 51, 107, 53, 111, 48]| tp = [1, 1, 1, 1, 1, 1, ] | dp = [1, 1, 2, 1, 2, 1, ] | algo = [0, 0, 0, 0, 0, 0, ] | rc = [20, 18, 32, 14, 22, 0] | gpus = [1, 1, 2, 1, 2, 1] | micro_bs = 4 | time = [71837, 74017, 74553, 74800, 74297, 73177] | memory = [27851, 27850, 27186, 26561, 27713, 26204]
>>>> [CONFIG: target(3), prim(dec_mbs)]
|73133.31|27638.55| op = [49, 51, 107, 53, 111, 48]| tp = [1, 1, 1, 1, 1, 1, ] | dp = [1, 1, 2, 1, 2, 1, ] | algo = [0, 0, 0, 0, 0, 0, ] | rc = [10, 8, 16, 6, 4, 0] | gpus = [1, 1, 2, 1, 2, 1] | micro_bs = 2 | time = [64771, 67714, 72761, 69404, 71207, 73133] | memory = [27561, 26453, 26529, 23432, 27638, 16352]
>>>> [CONFIG: target(5), prim(dec_op)]
|72077.10|27758.58| op = [49, 53, 105, 54, 113, 45]| tp = [1, 1, 1, 1, 1, 1, ] | dp = [1, 1, 2, 1, 2, 1, ] | algo = [0, 0, 0, 0, 0, 0, ] | rc = [10, 8, 16, 6, 4, 0] | gpus = [1, 1, 2, 1, 2, 1] | micro_bs = 2 | time = [64773, 70914, 71555, 69522, 71667, 72077] | memory = [27561, 27353, 26089, 23522, 27758, 16182]

[ Trial 6 ] |72077.10|27758.58| op = [49, 53, 105, 54, 113, 45]| tp = [1, 1, 1, 1, 1, 1, ] | dp = [1, 1, 2, 1, 2, 1, ] | algo = [0, 0, 0, 0, 0, 0, ] | rc = [10, 8, 16, 6, 4, 0] | gpus = [1, 1, 2, 1, 2, 1] | micro_bs = 2 | time = [64773, 70914, 71555, 69522, 71667, 72077] | memory = [27561, 27353, 26089, 23522, 27758, 16182]
>>>> [CONFIG: target(5), prim(inc_mbs)]
|79428.60|27853.12| op = [49, 53, 105, 54, 113, 45]| tp = [1, 1, 1, 1, 1, 1, ] | dp = [1, 1, 2, 1, 2, 1, ] | algo = [0, 0, 0, 0, 0, 0, ] | rc = [20, 22, 32, 14, 22, 0] | gpus = [1, 1, 2, 1, 2, 1] | micro_bs = 4 | time = [71844, 79428, 73351, 74908, 74693, 72141] | memory = [27851, 27650, 26706, 26741, 27853, 25964]
>>>> [CONFIG: target(1), prim(inc_dp)]
|169759.33|27970.23| op = [49, 53, 105, 54, 113, 45]| tp = [1, 1, 1, 1, 1, 1, ] | dp = [1, 2, 2, 1, 1, 1, ] | algo = [0, 0, 0, 0, 0, 0, ] | rc = [20, 8, 32, 14, 56, 0] | gpus = [1, 2, 2, 1, 1, 1] | micro_bs = 4 | time = [71945, 36182, 73452, 75009, 169759, 72242] | memory = [27851, 27353, 26706, 26741, 27970, 25964]
>>>> [CONFIG: target(4), prim(dec_op)]
|81719.80|27851.16| op = [49, 102, 107, 52, 59, 50]| tp = [1, 1, 1, 1, 1, 1, ] | dp = [1, 2, 2, 1, 1, 1, ] | algo = [0, 0, 0, 0, 0, 0, ] | rc = [20, 38, 32, 14, 12, 4] | gpus = [1, 2, 2, 1, 1, 1] | micro_bs = 4 | time = [71863, 74331, 74522, 72496, 81719, 81319] | memory = [27851, 27776, 27066, 26041, 27413, 27268]
>>>> [CONFIG: target(4), prim(dec_op)]
|81313.27|27866.13| op = [49, 102, 109, 55, 54, 50]| tp = [1, 1, 1, 1, 1, 1, ] | dp = [1, 2, 2, 1, 1, 1, ] | algo = [0, 0, 0, 0, 0, 0, ] | rc = [20, 38, 32, 14, 10, 4] | gpus = [1, 2, 2, 1, 1, 1] | micro_bs = 4 | time = [71857, 74324, 75818, 74837, 74764, 81313] | memory = [27851, 27776, 27866, 26641, 27840, 27268]
>>>> [CONFIG: target(5), prim(inc_dp)]
|170270.18|27866.13| op = [49, 102, 109, 55, 54, 50]| tp = [1, 1, 1, 1, 1, 1, ] | dp = [1, 1, 2, 1, 1, 2, ] | algo = [0, 0, 0, 0, 0, 0, ] | rc = [20, 94, 32, 14, 10, 0] | gpus = [1, 1, 2, 1, 1, 2] | micro_bs = 4 | time = [71963, 170270, 75924, 74944, 74871, 39937] | memory = [27851, 24208, 27866, 26641, 27840, 18036]
>>>> [CONFIG: target(1), prim(dec_mbs)]
|147492.93|27776.33| op = [49, 102, 109, 55, 54, 50]| tp = [1, 1, 1, 1, 1, 1, ] | dp = [1, 1, 2, 1, 1, 2, ] | algo = [0, 0, 0, 0, 0, 0, ] | rc = [10, 38, 16, 6, 0, 0] | gpus = [1, 1, 2, 1, 1, 2] | micro_bs = 2 | time = [64815, 147492, 74090, 69406, 67508, 41192] | memory = [27561, 27776, 27089, 23422, 24896, 12258]
>>>> [CONFIG: target(1), prim(dec_op)]
|71306.54|27753.24| op = [49, 54, 103, 56, 58, 99]| tp = [1, 1, 1, 1, 1, 1, ] | dp = [1, 1, 2, 1, 1, 2, ] | algo = [0, 0, 0, 0, 0, 0, ] | rc = [10, 8, 16, 6, 0, 0] | gpus = [1, 1, 2, 1, 1, 2] | micro_bs = 2 | time = [64771, 71306, 71137, 70198, 71268, 70221] | memory = [27561, 27753, 25769, 23822, 27720, 20314]

[ Trial 7 ] |71306.54|27753.24| op = [49, 54, 103, 56, 58, 99]| tp = [1, 1, 1, 1, 1, 1, ] | dp = [1, 1, 2, 1, 1, 2, ] | algo = [0, 0, 0, 0, 0, 0, ] | rc = [10, 8, 16, 6, 0, 0] | gpus = [1, 1, 2, 1, 1, 2] | micro_bs = 2 | time = [64771, 71306, 71137, 70198, 71268, 70221] | memory = [27561, 27753, 25769, 23822, 27720, 20314]
>>>> [CONFIG: target(1), prim(dec_op)]
|71270.47|27961.58| op = [50, 53, 103, 56, 58, 99]| tp = [1, 1, 1, 1, 1, 1, ] | dp = [1, 1, 2, 1, 1, 2, ] | algo = [0, 0, 0, 0, 0, 0, ] | rc = [12, 8, 16, 6, 0, 0] | gpus = [1, 1, 2, 1, 1, 2] | micro_bs = 2 | time = [68793, 69014, 71139, 70200, 71270, 70223] | memory = [27961, 27253, 25769, 23822, 27720, 20314]

[ Trial 8 ] |71270.47|27961.58| op = [50, 53, 103, 56, 58, 99]| tp = [1, 1, 1, 1, 1, 1, ] | dp = [1, 1, 2, 1, 1, 2, ] | algo = [0, 0, 0, 0, 0, 0, ] | rc = [12, 8, 16, 6, 0, 0] | gpus = [1, 1, 2, 1, 1, 2] | micro_bs = 2 | time = [68793, 69014, 71139, 70200, 71270, 70223] | memory = [27961, 27253, 25769, 23822, 27720, 20314]
>>>> [CONFIG: target(4), prim(inc_mbs)]
|82318.61|27976.55| op = [50, 53, 103, 56, 58, 99]| tp = [1, 1, 1, 1, 1, 1, ] | dp = [1, 1, 2, 1, 1, 2, ] | algo = [0, 0, 0, 0, 0, 0, ] | rc = [25, 22, 32, 14, 16, 8] | gpus = [1, 1, 2, 1, 1, 2] | micro_bs = 4 | time = [77341, 77047, 72928, 75568, 82318, 70019] | memory = [27771, 27850, 27793, 27341, 27840, 27976]
>>>> [CONFIG: target(4), prim(dec_op)]
|75540.07|27851.16| op = [49, 51, 106, 56, 53, 104]| tp = [1, 1, 1, 1, 1, 1, ] | dp = [1, 1, 2, 1, 1, 2, ] | algo = [0, 0, 0, 0, 0, 0, ] | rc = [20, 18, 32, 14, 8, 8] | gpus = [1, 1, 2, 1, 1, 2] | micro_bs = 4 | time = [71832, 74013, 74351, 75540, 70872, 73720] | memory = [27851, 27850, 26866, 27341, 27196, 27596]
>>>> [CONFIG: target(3), prim(dec_mbs)]
|73788.84|27561.58| op = [49, 51, 106, 56, 53, 104]| tp = [1, 1, 1, 1, 1, 1, ] | dp = [1, 1, 2, 1, 1, 2, ] | algo = [0, 0, 0, 0, 0, 0, ] | rc = [10, 8, 16, 6, 0, 0] | gpus = [1, 1, 2, 1, 1, 2] | micro_bs = 2 | time = [64766, 67709, 72548, 70193, 64676, 73788] | memory = [27561, 26453, 26369, 23822, 24212, 21298]
>>>> [CONFIG: target(5), prim(dec_op)]
|72550.79|27580.50| op = [49, 51, 106, 56, 57, 100]| tp = [1, 1, 1, 1, 1, 1, ] | dp = [1, 1, 2, 1, 1, 2, ] | algo = [0, 0, 0, 0, 0, 0, ] | rc = [10, 8, 16, 6, 0, 0] | gpus = [1, 1, 2, 1, 1, 2] | micro_bs = 2 | time = [64769, 67712, 72550, 70196, 70614, 70586] | memory = [27561, 26453, 26369, 23822, 27580, 20436]
>>>> [CONFIG: target(2), prim(dec_dp)]
|147590.76|27580.50| op = [49, 51, 106, 56, 57, 100]| tp = [1, 1, 1, 1, 1, 1, ] | dp = [2, 1, 1, 1, 1, 2, ] | algo = [0, 0, 0, 0, 0, 0, ] | rc = [4, 8, 32, 6, 0, 0] | gpus = [2, 1, 1, 1, 1, 2] | micro_bs = 2 | time = [32605, 67754, 147590, 70238, 70656, 70628] | memory = [25018, 26453, 26866, 23822, 27580, 20436]
>>>> [CONFIG: target(2), prim(dec_op)]
|73234.96|27480.99| op = [98, 52, 52, 56, 59, 102]| tp = [1, 1, 1, 1, 1, 1, ] | dp = [2, 1, 1, 1, 1, 2, ] | algo = [0, 0, 0, 0, 0, 0, ] | rc = [24, 8, 8, 6, 0, 0] | gpus = [2, 1, 1, 1, 1, 2] | micro_bs = 2 | time = [70886, 68009, 68009, 70548, 73127, 73234] | memory = [27480, 26553, 22944, 23742, 26056, 21278]
>>>> [CONFIG: target(5), prim(dec_op)]
|70915.57|27580.56| op = [98, 55, 53, 55, 58, 100]| tp = [1, 1, 1, 1, 1, 1, ] | dp = [2, 1, 1, 1, 1, 2, ] | algo = [0, 0, 0, 0, 0, 0, ] | rc = [24, 8, 8, 6, 0, 0] | gpus = [2, 1, 1, 1, 1, 2] | micro_bs = 2 | time = [70884, 69065, 70915, 69917, 70740, 70592] | memory = [27480, 27003, 23664, 23762, 27580, 20436]

[ Trial 9 ] |70915.57|27580.56| op = [98, 55, 53, 55, 58, 100]| tp = [1, 1, 1, 1, 1, 1, ] | dp = [2, 1, 1, 1, 1, 2, ] | algo = [0, 0, 0, 0, 0, 0, ] | rc = [24, 8, 8, 6, 0, 0] | gpus = [2, 1, 1, 1, 1, 2] | micro_bs = 2 | time = [70884, 69065, 70915, 69917, 70740, 70592] | memory = [27480, 27003, 23664, 23762, 27580, 20436]
>>>> [CONFIG: target(2), prim(dec_mbs)]
|182967.83|26895.72| op = [98, 55, 53, 55, 58, 100]| tp = [2, 1, 1, 1, 1, 2, ] | dp = [1, 1, 1, 1, 1, 1, ] | algo = [0, 0, 0, 0, 0, 0, ] | rc = [8, 0, 0, 0, 0, 0] | gpus = [2, 1, 1, 1, 1, 2] | micro_bs = 1 | time = [172233, 66837, 68545, 69180, 74551, 182967] | memory = [25184, 26895, 23072, 19089, 16340, 10503]
>>>> [CONFIG: target(0), prim(dec_op)]
|103802.95|27026.64| op = [59, 76, 71, 78, 80, 55]| tp = [2, 1, 1, 1, 1, 2, ] | dp = [1, 1, 1, 1, 1, 1, ] | algo = [0, 0, 0, 0, 0, 0, ] | rc = [0, 10, 6, 0, 0, 0] | gpus = [2, 1, 1, 1, 1, 2] | micro_bs = 1 | time = [102957, 103802, 95482, 98398, 101093, 103451] | memory = [20141, 22486, 25632, 27026, 21344, 6469]
>>>> [CONFIG: target(1), prim(inc_tp)]
|132809.43|27026.64| op = [59, 76, 71, 78, 80, 55]| tp = [1, 2, 1, 1, 1, 2, ] | dp = [1, 1, 1, 1, 1, 1, ] | algo = [0, 0, 0, 0, 0, 0, ] | rc = [10, 0, 6, 0, 0, 0] | gpus = [1, 2, 1, 1, 1, 2] | micro_bs = 1 | time = [83889, 132809, 95487, 98403, 101097, 103456] | memory = [21672, 19230, 25632, 27026, 21344, 6469]
>>>> [CONFIG: target(1), prim(dec_op)]
|103451.02|27141.62| op = [69, 59, 74, 81, 81, 55]| tp = [1, 2, 1, 1, 1, 2, ] | dp = [1, 1, 1, 1, 1, 1, ] | algo = [0, 0, 0, 0, 0, 0, ] | rc = [10, 0, 6, 0, 0, 0] | gpus = [1, 2, 1, 1, 1, 2] | micro_bs = 1 | time = [97164, 102242, 98669, 98920, 103322, 103451] | memory = [25489, 16665, 26072, 27141, 21764, 6469]
>>>> [CONFIG: target(5), prim(inc_mbs)]
|105599.26|27738.14| op = [69, 59, 74, 81, 81, 55]| tp = [1, 1, 1, 1, 1, 1, ] | dp = [1, 2, 1, 1, 1, 2, ] | algo = [0, 0, 0, 0, 0, 0, ] | rc = [20, 4, 18, 12, 10, 0] | gpus = [1, 2, 1, 1, 1, 2] | micro_bs = 2 | time = [98003, 40053, 101502, 102568, 105599, 43185] | memory = [27738, 26521, 27717, 27399, 25160, 12613]
>>>> [CONFIG: target(4), prim(dec_op)]
|82856.52|27773.12| op = [59, 90, 53, 56, 58, 103]| tp = [1, 1, 1, 1, 1, 1, ] | dp = [1, 2, 1, 1, 1, 2, ] | algo = [0, 0, 0, 0, 0, 0, ] | rc = [16, 15, 8, 6, 0, 0] | gpus = [1, 2, 1, 1, 1, 2] | micro_bs = 2 | time = [82856, 62888, 71536, 70557, 71642, 74005] | memory = [27449, 27773, 25072, 23742, 26056, 21278]
>>>> [CONFIG: target(0), prim(dec_op)]
|70915.36|27723.28| op = [51, 102, 53, 56, 57, 100]| tp = [1, 1, 1, 1, 1, 1, ] | dp = [1, 2, 1, 1, 1, 2, ] | algo = [0, 0, 0, 0, 0, 0, ] | rc = [12, 18, 8, 6, 0, 0] | gpus = [1, 2, 1, 1, 1, 2] | micro_bs = 2 | time = [69281, 70290, 70915, 70201, 70620, 70591] | memory = [25849, 27723, 23664, 23822, 27580, 20436]

[ Trial 10 ] |70915.36|27723.28| op = [51, 102, 53, 56, 57, 100]| tp = [1, 1, 1, 1, 1, 1, ] | dp = [1, 2, 1, 1, 1, 2, ] | algo = [0, 0, 0, 0, 0, 0, ] | rc = [12, 18, 8, 6, 0, 0] | gpus = [1, 2, 1, 1, 1, 2] | micro_bs = 2 | time = [69281, 70290, 70915, 70201, 70620, 70591] | memory = [25849, 27723, 23664, 23822, 27580, 20436]
>>>> [CONFIG: target(2), prim(inc_dp)]
|141732.50|27936.55| op = [51, 102, 53, 56, 57, 100]| tp = [1, 1, 1, 1, 1, 1, ] | dp = [1, 2, 2, 1, 1, 1, ] | algo = [0, 0, 0, 0, 0, 0, ] | rc = [12, 18, 0, 6, 0, 12] | gpus = [1, 2, 2, 1, 1, 1] | micro_bs = 2 | time = [69315, 70324, 34545, 70235, 70653, 141732] | memory = [25849, 27723, 23072, 23822, 27580, 27936]
>>>> [CONFIG: target(5), prim(dec_mbs)]
|173495.17|27031.28| op = [51, 102, 53, 56, 57, 100]| tp = [1, 2, 2, 1, 1, 1, ] | dp = [1, 1, 1, 1, 1, 1, ] | algo = [0, 0, 0, 0, 0, 0, ] | rc = [4, 0, 0, 0, 0, 0] | gpus = [1, 2, 2, 1, 1, 1] | micro_bs = 1 | time = [67988, 173495, 94428, 69482, 74358, 140734] | memory = [25898, 27031, 12136, 19119, 16340, 20436]
>>>> [CONFIG: target(1), prim(dec_op)]
|108631.64|26546.58| op = [65, 62, 59, 76, 83, 74]| tp = [1, 2, 2, 1, 1, 1, ] | dp = [1, 1, 1, 1, 1, 1, ] | algo = [0, 0, 0, 0, 0, 0, ] | rc = [10, 0, 0, 0, 0, 0] | gpus = [1, 2, 2, 1, 1, 1] | micro_bs = 1 | time = [90714, 102617, 105751, 95776, 106451, 108631] | memory = [23323, 16740, 13278, 26546, 22828, 15860]
>>>> [CONFIG: target(5), prim(inc_tp)]
|138833.11|26546.58| op = [65, 62, 59, 76, 83, 74]| tp = [1, 2, 1, 1, 1, 2, ] | dp = [1, 1, 1, 1, 1, 1, ] | algo = [0, 0, 0, 0, 0, 0, ] | rc = [10, 0, 0, 0, 0, 0] | gpus = [1, 2, 1, 1, 1, 2] | micro_bs = 1 | time = [90715, 102618, 77681, 95777, 106452, 138833] | memory = [23323, 16740, 25216, 26546, 22828, 8145]
>>>> [CONFIG: target(5), prim(inc_mbs)]
|111242.10|27253.12| op = [65, 62, 59, 76, 83, 74]| tp = [1, 1, 1, 1, 1, 1, ] | dp = [1, 2, 1, 1, 1, 2, ] | algo = [0, 0, 0, 0, 0, 0, ] | rc = [18, 4, 8, 12, 14, 0] | gpus = [1, 2, 1, 1, 1, 2] | micro_bs = 2 | time = [90675, 39786, 79683, 99933, 111242, 54603] | memory = [26777, 26496, 27253, 26609, 23180, 15860]
>>>> [CONFIG: target(4), prim(dec_op)]
|76681.30|27388.56| op = [51, 92, 52, 54, 62, 108]| tp = [1, 1, 1, 1, 1, 1, ] | dp = [1, 2, 1, 1, 1, 2, ] | algo = [0, 0, 0, 0, 0, 0, ] | rc = [12, 14, 8, 4, 2, 0] | gpus = [1, 2, 1, 1, 1, 2] | micro_bs = 2 | time = [69279, 63730, 68005, 65552, 76404, 76681] | memory = [25849, 26567, 22945, 26398, 27388, 22161]
>>>> [CONFIG: target(5), prim(dec_op)]
|70915.20|27723.28| op = [51, 102, 53, 55, 58, 100]| tp = [1, 1, 1, 1, 1, 1, ] | dp = [1, 2, 1, 1, 1, 2, ] | algo = [0, 0, 0, 0, 0, 0, ] | rc = [12, 18, 8, 6, 0, 0] | gpus = [1, 2, 1, 1, 1, 2] | micro_bs = 2 | time = [69281, 70290, 70915, 69917, 70739, 70591] | memory = [25849, 27723, 23664, 23762, 27580, 20436]

num_targets: [1, 1, 1, 1, 1, 1, 1, 1, 1, 1, 1]
num_hops: [1, 1, 1, 1, 1, 4, 7, 1, 7, 7, 7]
search time = 200.09 s.  [0, 1, 2, 3, 4, 5, 6, 21, 22, 25, 85, 122, 209] 
num_explored_cases = 14187
time trend: [122878, 119081, 117185, 103774, 74388, 72078, 72077, 71306, 71270, 70915, 70915, 70915, 70915]

working on num_stages = 7
config has been saved to /home/liminglong.lml/sxz/SuperScaler/logs-large/aceso/configs/mbs/2048/gpt_2_6B_7stages_2026-5-16-7-19-1.json

========== Best Result (num_stages = 7) ==========
|70683.62|27961.61| op = [50, 52, 52, 52, 56, 57, 100]| tp = [1, 1, 1, 1, 1, 1, 1, ] | dp = [1, 1, 1, 1, 1, 1, 2, ] | algo = [0, 0, 0, 0, 0, 0, 0, ] | rc = [12, 10, 8, 8, 6, 0, 0] | gpus = [1, 1, 1, 1, 1, 1, 2] | micro_bs = 2 | time = [68951, 69889, 68684, 68684, 70265, 70683, 70655] | memory = [27813, 27961, 26853, 23185, 23822, 27580, 20436]
start|102943.52|26246.72| op = [59, 59, 59, 59, 59, 59, 65]| tp = [2, 1, 1, 1, 1, 1, 1, ] | dp = [1, 1, 1, 1, 1, 1, 1, ] | algo = [0, 0, 0, 0, 0, 0, 0, ] | rc = [0, 4, 4, 0, 0, 0, 0] | gpus = [2, 1, 1, 1, 1, 1, 1] | micro_bs = 1 | time = [102943, 75531, 78195, 72169, 75242, 74532, 98979] | memory = [22786, 26132, 26246, 23872, 21495, 15686, 14500]

[ Trial 0 ] |102943.52|26246.72| op = [59, 59, 59, 59, 59, 59, 65]| tp = [2, 1, 1, 1, 1, 1, 1, ] | dp = [1, 1, 1, 1, 1, 1, 1, ] | algo = [0, 0, 0, 0, 0, 0, 0, ] | rc = [0, 4, 4, 0, 0, 0, 0] | gpus = [2, 1, 1, 1, 1, 1, 1] | micro_bs = 1 | time = [102943, 75531, 78195, 72169, 75242, 74532, 98979] | memory = [22786, 26132, 26246, 23872, 21495, 15686, 14500]
>>>> [CONFIG: target(0), prim(dec_tp)]
|99705.71|26246.72| op = [59, 59, 59, 59, 59, 59, 65]| tp = [1, 1, 1, 2, 1, 1, 1, ] | dp = [1, 1, 1, 1, 1, 1, 1, ] | algo = [0, 0, 0, 0, 0, 0, 0, ] | rc = [10, 4, 4, 0, 0, 0, 0] | gpus = [1, 1, 1, 2, 1, 1, 1] | micro_bs = 1 | time = [83875, 75536, 78199, 99705, 75247, 74536, 98983] | memory = [23779, 26132, 26246, 12656, 21495, 15686, 14500]

[ Trial 1 ] |99705.71|26246.72| op = [59, 59, 59, 59, 59, 59, 65]| tp = [1, 1, 1, 2, 1, 1, 1, ] | dp = [1, 1, 1, 1, 1, 1, 1, ] | algo = [0, 0, 0, 0, 0, 0, 0, ] | rc = [10, 4, 4, 0, 0, 0, 0] | gpus = [1, 1, 1, 2, 1, 1, 1] | micro_bs = 1 | time = [83875, 75536, 78199, 99705, 75247, 74536, 98983] | memory = [23779, 26132, 26246, 12656, 21495, 15686, 14500]
>>>> [CONFIG: target(3), prim(dec_tp)]
|101829.78|26246.72| op = [59, 59, 59, 59, 59, 59, 65]| tp = [1, 1, 1, 1, 2, 1, 1, ] | dp = [1, 1, 1, 1, 1, 1, 1, ] | algo = [0, 0, 0, 0, 0, 0, 0, ] | rc = [10, 4, 4, 0, 0, 0, 0] | gpus = [1, 1, 1, 1, 2, 1, 1] | micro_bs = 1 | time = [83874, 75535, 78199, 72173, 101829, 74536, 98983] | memory = [23779, 26132, 26246, 23872, 11235, 15686, 14500]
>>>> [CONFIG: target(4), prim(dec_op)]
|85742.87|27800.66| op = [59, 61, 62, 65, 50, 67, 55]| tp = [1, 1, 1, 1, 2, 1, 1, ] | dp = [1, 1, 1, 1, 1, 1, 1, ] | algo = [0, 0, 0, 0, 0, 0, 0, ] | rc = [10, 6, 6, 0, 0, 0, 0] | gpus = [1, 1, 1, 1, 2, 1, 1] | micro_bs = 1 | time = [83874, 79968, 83245, 81649, 85302, 85034, 85742] | memory = [23779, 23216, 24391, 27800, 9362, 18100, 12613]

[ Trial 2 ] |85742.87|27800.66| op = [59, 61, 62, 65, 50, 67, 55]| tp = [1, 1, 1, 1, 2, 1, 1, ] | dp = [1, 1, 1, 1, 1, 1, 1, ] | algo = [0, 0, 0, 0, 0, 0, 0, ] | rc = [10, 6, 6, 0, 0, 0, 0] | gpus = [1, 1, 1, 1, 2, 1, 1] | micro_bs = 1 | time = [83874, 79968, 83245, 81649, 85302, 85034, 85742] | memory = [23779, 23216, 24391, 27800, 9362, 18100, 12613]
>>>> [CONFIG: target(6), prim(inc_mbs)]
|84831.39|27889.86| op = [59, 61, 62, 65, 50, 67, 55]| tp = [1, 1, 1, 1, 1, 1, 1, ] | dp = [1, 1, 1, 1, 2, 1, 1, ] | algo = [0, 0, 0, 0, 0, 0, 0, ] | rc = [18, 12, 14, 10, 0, 4, 0] | gpus = [1, 1, 1, 1, 2, 1, 1] | micro_bs = 2 | time = [84155, 79879, 84803, 84831, 31811, 83772, 81961] | memory = [26540, 27889, 26955, 27713, 17854, 26344, 18446]

[ Trial 3 ] |84831.39|27889.86| op = [59, 61, 62, 65, 50, 67, 55]| tp = [1, 1, 1, 1, 1, 1, 1, ] | dp = [1, 1, 1, 1, 2, 1, 1, ] | algo = [0, 0, 0, 0, 0, 0, 0, ] | rc = [18, 12, 14, 10, 0, 4, 0] | gpus = [1, 1, 1, 1, 2, 1, 1] | micro_bs = 2 | time = [84155, 79879, 84803, 84831, 31811, 83772, 81961] | memory = [26540, 27889, 26955, 27713, 17854, 26344, 18446]
>>>> [CONFIG: target(3), prim(dec_op)]
|75736.00|27813.85| op = [50, 51, 52, 52, 105, 61, 48]| tp = [1, 1, 1, 1, 1, 1, 1, ] | dp = [1, 1, 1, 1, 2, 1, 1, ] | algo = [0, 0, 0, 0, 0, 0, 0, ] | rc = [12, 10, 8, 8, 14, 2, 0] | gpus = [1, 1, 1, 1, 2, 1, 1] | micro_bs = 2 | time = [68956, 66986, 68075, 68075, 71798, 75735, 73204] | memory = [27813, 27081, 26553, 22944, 24468, 27248, 16352]

[ Trial 4 ] |75736.00|27813.85| op = [50, 51, 52, 52, 105, 61, 48]| tp = [1, 1, 1, 1, 1, 1, 1, ] | dp = [1, 1, 1, 1, 2, 1, 1, ] | algo = [0, 0, 0, 0, 0, 0, 0, ] | rc = [12, 10, 8, 8, 14, 2, 0] | gpus = [1, 1, 1, 1, 2, 1, 1] | micro_bs = 2 | time = [68956, 66986, 68075, 68075, 71798, 75735, 73204] | memory = [27813, 27081, 26553, 22944, 24468, 27248, 16352]
>>>> [CONFIG: target(5), prim(dec_op)]
|72147.54|27961.61| op = [50, 52, 53, 53, 104, 62, 45]| tp = [1, 1, 1, 1, 1, 1, 1, ] | dp = [1, 1, 1, 1, 2, 1, 1, ] | algo = [0, 0, 0, 0, 0, 0, 0, ] | rc = [12, 10, 8, 8, 14, 0, 0] | gpus = [1, 1, 1, 1, 2, 1, 1] | micro_bs = 2 | time = [68956, 69895, 69084, 70902, 70339, 72147, 72147] | memory = [27813, 27961, 27253, 23664, 23948, 27920, 16182]

[ Trial 5 ] |72147.54|27961.61| op = [50, 52, 53, 53, 104, 62, 45]| tp = [1, 1, 1, 1, 1, 1, 1, ] | dp = [1, 1, 1, 1, 2, 1, 1, ] | algo = [0, 0, 0, 0, 0, 0, 0, ] | rc = [12, 10, 8, 8, 14, 0, 0] | gpus = [1, 1, 1, 1, 2, 1, 1] | micro_bs = 2 | time = [68956, 69895, 69084, 70902, 70339, 72147, 72147] | memory = [27813, 27961, 27253, 23664, 23948, 27920, 16182]
>>>> [CONFIG: target(6), prim(inc_mbs)]
|84361.36|27921.25| op = [50, 52, 53, 53, 104, 62, 45]| tp = [1, 1, 1, 1, 1, 1, 1, ] | dp = [1, 1, 1, 1, 2, 1, 1, ] | algo = [0, 0, 0, 0, 0, 0, 0, ] | rc = [29, 25, 22, 16, 26, 18, 0] | gpus = [1, 1, 1, 1, 2, 1, 1] | micro_bs = 4 | time = [79450, 78827, 77208, 76175, 71220, 84361, 72319] | memory = [27511, 27891, 27850, 26769, 27673, 27921, 25964]
>>>> [CONFIG: target(5), prim(dec_op)]
|77583.36|27920.99| op = [49, 51, 53, 54, 108, 56, 48]| tp = [1, 1, 1, 1, 1, 1, 1, ] | dp = [1, 1, 1, 1, 2, 1, 1, ] | algo = [0, 0, 0, 0, 0, 0, 0, ] | rc = [24, 24, 20, 16, 28, 12, 0] | gpus = [1, 1, 1, 1, 2, 1, 1] | micro_bs = 4 | time = [74269, 77583, 75692, 76560, 74605, 77344, 73342] | memory = [27811, 27890, 27250, 27409, 27407, 27920, 26204]
>>>> [CONFIG: target(1), prim(dec_mbs)]
|74120.95|27481.30| op = [49, 51, 53, 54, 108, 56, 48]| tp = [1, 1, 1, 1, 1, 1, 1, ] | dp = [1, 1, 1, 1, 2, 1, 1, ] | algo = [0, 0, 0, 0, 0, 0, 0, ] | rc = [12, 10, 8, 8, 16, 0, 0] | gpus = [1, 1, 1, 1, 2, 1, 1] | micro_bs = 2 | time = [66045, 68989, 68198, 71375, 74120, 68648, 73202] | memory = [26853, 27481, 26553, 23984, 23213, 27240, 16352]
>>>> [CONFIG: target(4), prim(dec_dp)]
|147825.33|27481.30| op = [49, 51, 53, 54, 108, 56, 48]| tp = [1, 1, 1, 1, 1, 1, 1, ] | dp = [1, 1, 2, 1, 1, 1, 1, ] | algo = [0, 0, 0, 0, 0, 0, 0, ] | rc = [12, 10, 0, 8, 28, 0, 0] | gpus = [1, 1, 2, 1, 1, 1, 1] | micro_bs = 2 | time = [66083, 69026, 33248, 71413, 147825, 68686, 73240] | memory = [26853, 27481, 26620, 23984, 27407, 27240, 16352]
>>>> [CONFIG: target(4), prim(dec_op)]
|72654.47|27898.28| op = [49, 51, 102, 56, 57, 57, 47]| tp = [1, 1, 1, 1, 1, 1, 1, ] | dp = [1, 1, 2, 1, 1, 1, 1, ] | algo = [0, 0, 0, 0, 0, 0, 0, ] | rc = [12, 10, 20, 8, 6, 0, 0] | gpus = [1, 1, 2, 1, 1, 1, 1] | micro_bs = 2 | time = [66048, 68991, 71656, 72041, 72654, 69302, 72553] | memory = [26853, 27481, 27898, 24045, 24302, 27380, 16232]
>>>> [CONFIG: target(4), prim(inc_dp)]
|145918.98|27976.48| op = [49, 51, 102, 56, 57, 57, 47]| tp = [1, 1, 1, 1, 1, 1, 1, ] | dp = [1, 1, 1, 1, 2, 1, 1, ] | algo = [0, 0, 0, 0, 0, 0, 0, ] | rc = [12, 10, 36, 8, 0, 0, 0] | gpus = [1, 1, 1, 1, 2, 1, 1] | micro_bs = 2 | time = [66085, 69028, 145918, 72079, 36416, 69339, 72590] | memory = [26853, 27481, 27976, 24045, 19509, 27380, 16232]
>>>> [CONFIG: target(2), prim(dec_op)]
|72145.48|27753.40| op = [49, 51, 55, 55, 105, 59, 45]| tp = [1, 1, 1, 1, 1, 1, 1, ] | dp = [1, 1, 1, 1, 2, 1, 1, ] | algo = [0, 0, 0, 0, 0, 0, 0, ] | rc = [12, 10, 8, 8, 14, 0, 0] | gpus = [1, 1, 1, 1, 2, 1, 1] | micro_bs = 2 | time = [66046, 68989, 71501, 71300, 71664, 69707, 72145] | memory = [26853, 27481, 27753, 23865, 24338, 27480, 16182]

[ Trial 6 ] |72145.48|27753.40| op = [49, 51, 55, 55, 105, 59, 45]| tp = [1, 1, 1, 1, 1, 1, 1, ] | dp = [1, 1, 1, 1, 2, 1, 1, ] | algo = [0, 0, 0, 0, 0, 0, 0, ] | rc = [12, 10, 8, 8, 14, 0, 0] | gpus = [1, 1, 1, 1, 2, 1, 1] | micro_bs = 2 | time = [66046, 68989, 71501, 71300, 71664, 69707, 72145] | memory = [26853, 27481, 27753, 23865, 24338, 27480, 16182]
>>>> [CONFIG: target(6), prim(inc_mbs)]
|81204.45|27981.12| op = [49, 51, 55, 55, 105, 59, 45]| tp = [1, 1, 1, 1, 1, 1, 1, ] | dp = [1, 1, 1, 1, 2, 1, 1, ] | algo = [0, 0, 0, 0, 0, 0, 0, ] | rc = [24, 24, 24, 16, 28, 14, 0] | gpus = [1, 1, 1, 1, 2, 1, 1] | micro_bs = 4 | time = [74279, 77593, 81204, 76537, 72957, 79530, 72309] | memory = [27811, 27890, 27650, 27170, 27913, 27981, 25964]
>>>> [CONFIG: target(2), prim(inc_dp)]
|166441.17|27989.18| op = [49, 51, 55, 55, 105, 59, 45]| tp = [1, 1, 1, 1, 1, 1, 1, ] | dp = [1, 1, 2, 1, 1, 1, 1, ] | algo = [0, 0, 0, 0, 0, 0, 0, ] | rc = [24, 24, 8, 16, 77, 14, 0] | gpus = [1, 1, 2, 1, 1, 1, 1] | micro_bs = 4 | time = [74374, 77688, 36604, 76632, 166441, 79625, 72405] | memory = [27811, 27890, 27753, 27170, 27989, 27981, 25964]
>>>> [CONFIG: target(4), prim(dec_op)]
|80667.98|27980.99| op = [49, 51, 102, 52, 60, 57, 48]| tp = [1, 1, 1, 1, 1, 1, 1, ] | dp = [1, 1, 2, 1, 1, 1, 1, ] | algo = [0, 0, 0, 0, 0, 0, 0, ] | rc = [24, 24, 36, 16, 16, 14, 0] | gpus = [1, 1, 2, 1, 1, 1, 1] | micro_bs = 4 | time = [74276, 77590, 73659, 73331, 80254, 80667, 73350] | memory = [27811, 27890, 27976, 25729, 27901, 27980, 26204]
>>>> [CONFIG: target(5), prim(inc_dp)]
|169853.20|27901.86| op = [49, 51, 102, 52, 60, 57, 48]| tp = [1, 1, 1, 1, 1, 1, 1, ] | dp = [1, 1, 1, 1, 1, 2, 1, ] | algo = [0, 0, 0, 0, 0, 0, 0, ] | rc = [24, 24, 94, 16, 16, 0, 0] | gpus = [1, 1, 1, 1, 1, 2, 1] | micro_bs = 4 | time = [74377, 77691, 169853, 73432, 80355, 36200, 73451] | memory = [27811, 27890, 23908, 25729, 27901, 27580, 26204]
>>>> [CONFIG: target(2), prim(dec_op)]
|76810.38|27850.48| op = [49, 49, 54, 55, 55, 109, 48]| tp = [1, 1, 1, 1, 1, 1, 1, ] | dp = [1, 1, 1, 1, 1, 2, 1, ] | algo = [0, 0, 0, 0, 0, 0, 0, ] | rc = [24, 24, 20, 16, 14, 22, 0] | gpus = [1, 1, 1, 1, 1, 2, 1] | micro_bs = 4 | time = [74265, 76810, 76355, 76657, 75332, 74258, 73338] | memory = [27811, 27190, 27850, 27410, 26861, 27612, 26204]
>>>> [CONFIG: target(1), prim(dec_mbs)]
|73200.60|27588.51| op = [49, 49, 54, 55, 55, 109, 48]| tp = [1, 1, 1, 1, 1, 1, 1, ] | dp = [1, 1, 1, 1, 1, 2, 1, ] | algo = [0, 0, 0, 0, 0, 0, 0, ] | rc = [12, 10, 8, 8, 6, 4, 0] | gpus = [1, 1, 1, 1, 1, 2, 1] | micro_bs = 2 | time = [66044, 68218, 68839, 71499, 69871, 71034, 73200] | memory = [26853, 27081, 26903, 23985, 23582, 27588, 16352]
>>>> [CONFIG: target(6), prim(dec_op)]
|72142.47|27758.54| op = [49, 49, 54, 55, 55, 112, 45]| tp = [1, 1, 1, 1, 1, 1, 1, ] | dp = [1, 1, 1, 1, 1, 2, 1, ] | algo = [0, 0, 0, 0, 0, 0, 0, ] | rc = [12, 10, 8, 8, 6, 4, 0] | gpus = [1, 1, 1, 1, 1, 2, 1] | micro_bs = 2 | time = [66043, 68218, 68839, 71498, 69871, 71639, 72142] | memory = [26853, 27081, 26903, 23985, 23582, 27758, 16182]

[ Trial 7 ] |72142.47|27758.54| op = [49, 49, 54, 55, 55, 112, 45]| tp = [1, 1, 1, 1, 1, 1, 1, ] | dp = [1, 1, 1, 1, 1, 2, 1, ] | algo = [0, 0, 0, 0, 0, 0, 0, ] | rc = [12, 10, 8, 8, 6, 4, 0] | gpus = [1, 1, 1, 1, 1, 2, 1] | micro_bs = 2 | time = [66043, 68218, 68839, 71498, 69871, 71639, 72142] | memory = [26853, 27081, 26903, 23985, 23582, 27758, 16182]
>>>> [CONFIG: target(6), prim(inc_mbs)]
|76809.37|27853.05| op = [49, 49, 54, 55, 55, 112, 45]| tp = [1, 1, 1, 1, 1, 1, 1, ] | dp = [1, 1, 1, 1, 1, 2, 1, ] | algo = [0, 0, 0, 0, 0, 0, 0, ] | rc = [24, 24, 20, 16, 14, 22, 0] | gpus = [1, 1, 1, 1, 1, 2, 1] | micro_bs = 4 | time = [74264, 76809, 76354, 76656, 75331, 74786, 72294] | memory = [27811, 27190, 27850, 27410, 26861, 27853, 25964]
>>>> [CONFIG: target(1), prim(inc_dp)]
|169817.53|27970.11| op = [49, 49, 54, 55, 55, 112, 45]| tp = [1, 1, 1, 1, 1, 1, 1, ] | dp = [1, 2, 1, 1, 1, 1, 1, ] | algo = [0, 0, 0, 0, 0, 0, 0, ] | rc = [24, 10, 20, 16, 14, 56, 0] | gpus = [1, 2, 1, 1, 1, 1, 1] | micro_bs = 4 | time = [74367, 34959, 76457, 76759, 75435, 169817, 72398] | memory = [27811, 27081, 27850, 27410, 26861, 27970, 25964]
>>>> [CONFIG: target(5), prim(dec_mbs)]
|148199.39|27853.05| op = [49, 49, 54, 55, 55, 112, 45]| tp = [1, 1, 1, 1, 1, 1, 1, ] | dp = [1, 2, 1, 1, 1, 1, 1, ] | algo = [0, 0, 0, 0, 0, 0, 0, ] | rc = [12, 4, 8, 8, 6, 22, 0] | gpus = [1, 2, 1, 1, 1, 1, 1] | micro_bs = 2 | time = [66084, 34018, 68880, 71540, 69912, 148199, 72183] | memory = [26853, 24082, 26903, 23985, 23582, 27853, 16182]
>>>> [CONFIG: target(5), prim(inc_tp)]
|173614.03|27081.30| op = [49, 49, 54, 55, 55, 112, 45]| tp = [1, 1, 1, 1, 1, 2, 1, ] | dp = [1, 1, 1, 1, 1, 1, 1, ] | algo = [0, 0, 0, 0, 0, 0, 0, ] | rc = [12, 10, 8, 8, 6, 0, 0] | gpus = [1, 1, 1, 1, 1, 2, 1] | micro_bs = 2 | time = [66143, 68318, 68939, 71598, 69970, 173614, 72242] | memory = [26853, 27081, 26903, 23985, 23582, 25717, 16182]
>>>> [CONFIG: target(5), prim(dec_op)]
|87940.77|27957.24| op = [50, 62, 66, 62, 64, 55, 60]| tp = [1, 1, 1, 1, 1, 2, 1, ] | dp = [1, 1, 1, 1, 1, 1, 1, ] | algo = [0, 0, 0, 0, 0, 0, 0, ] | rc = [12, 16, 14, 15, 8, 0, 0] | gpus = [1, 1, 1, 1, 1, 2, 1] | micro_bs = 2 | time = [69052, 85804, 87416, 87631, 85866, 87894, 87940] | memory = [27813, 27189, 27755, 27957, 24748, 14250, 19476]
>>>> [CONFIG: target(6), prim(inc_dp)]
|87572.19|27957.24| op = [50, 62, 66, 62, 64, 55, 60]| tp = [1, 1, 1, 1, 1, 1, 1, ] | dp = [1, 1, 1, 1, 1, 1, 2, ] | algo = [0, 0, 0, 0, 0, 0, 0, ] | rc = [12, 16, 14, 15, 8, 0, 0] | gpus = [1, 1, 1, 1, 1, 1, 2] | micro_bs = 2 | time = [68992, 85744, 87356, 87572, 85806, 68318, 46267] | memory = [27813, 27189, 27755, 27957, 24748, 27300, 13528]
>>>> [CONFIG: target(3), prim(dec_op)]
|71301.89|27961.61| op = [50, 53, 55, 53, 53, 58, 97]| tp = [1, 1, 1, 1, 1, 1, 1, ] | dp = [1, 1, 1, 1, 1, 1, 2, ] | algo = [0, 0, 0, 0, 0, 0, 0, ] | rc = [12, 12, 8, 8, 6, 0, 0] | gpus = [1, 1, 1, 1, 1, 1, 2] | micro_bs = 2 | time = [68955, 71221, 71301, 70459, 70319, 70183, 70054] | memory = [27813, 27961, 27603, 23484, 24448, 27400, 20289]

[ Trial 8 ] |71301.89|27961.61| op = [50, 53, 55, 53, 53, 58, 97]| tp = [1, 1, 1, 1, 1, 1, 1, ] | dp = [1, 1, 1, 1, 1, 1, 2, ] | algo = [0, 0, 0, 0, 0, 0, 0, ] | rc = [12, 12, 8, 8, 6, 0, 0] | gpus = [1, 1, 1, 1, 1, 1, 2] | micro_bs = 2 | time = [68955, 71221, 71301, 70459, 70319, 70183, 70054] | memory = [27813, 27961, 27603, 23484, 24448, 27400, 20289]
>>>> [CONFIG: target(2), prim(inc_dp)]
|138515.64|27961.61| op = [50, 53, 55, 53, 53, 58, 97]| tp = [1, 1, 1, 1, 1, 1, 1, ] | dp = [1, 1, 2, 1, 1, 1, 1, ] | algo = [0, 0, 0, 0, 0, 0, 0, ] | rc = [12, 12, 0, 8, 6, 0, 8] | gpus = [1, 1, 2, 1, 1, 1, 1] | micro_bs = 2 | time = [68987, 71252, 34874, 70490, 70351, 70214, 138515] | memory = [27813, 27961, 27345, 23484, 24448, 27400, 27926]
>>>> [CONFIG: target(6), prim(dec_op)]
|73224.18|27961.61| op = [50, 53, 99, 52, 58, 59, 48]| tp = [1, 1, 1, 1, 1, 1, 1, ] | dp = [1, 1, 2, 1, 1, 1, 1, ] | algo = [0, 0, 0, 0, 0, 0, 0, ] | rc = [12, 12, 18, 8, 6, 0, 0] | gpus = [1, 1, 2, 1, 1, 1, 1] | micro_bs = 2 | time = [68958, 71224, 69755, 68078, 73224, 71091, 73207] | memory = [27813, 27961, 27448, 22944, 24442, 27680, 16352]
>>>> [CONFIG: target(4), prim(dec_op)]
|72149.70|27961.61| op = [50, 53, 102, 53, 54, 62, 45]| tp = [1, 1, 1, 1, 1, 1, 1, ] | dp = [1, 1, 2, 1, 1, 1, 1, ] | algo = [0, 0, 0, 0, 0, 0, 0, ] | rc = [12, 12, 18, 8, 6, 0, 0] | gpus = [1, 1, 2, 1, 1, 1, 1] | micro_bs = 2 | time = [68959, 71224, 70361, 70986, 69872, 72149, 72149] | memory = [27813, 27961, 27723, 23664, 23672, 27920, 16182]
>>>> [CONFIG: target(6), prim(inc_dp)]
|143053.27|27961.61| op = [50, 53, 102, 53, 54, 62, 45]| tp = [1, 1, 1, 1, 1, 1, 1, ] | dp = [1, 1, 1, 1, 1, 1, 2, ] | algo = [0, 0, 0, 0, 0, 0, 0, ] | rc = [12, 12, 34, 8, 6, 0, 0] | gpus = [1, 1, 1, 1, 1, 1, 2] | micro_bs = 2 | time = [68996, 71262, 143053, 71024, 69910, 72186, 38012] | memory = [27813, 27961, 27926, 23664, 23672, 27920, 11281]
>>>> [CONFIG: target(2), prim(inc_mbs)]
|167126.20|27921.25| op = [50, 53, 102, 53, 54, 62, 45]| tp = [1, 1, 1, 1, 1, 1, 1, ] | dp = [1, 1, 1, 1, 1, 1, 2, ] | algo = [0, 0, 0, 0, 0, 0, 0, ] | rc = [29, 27, 94, 16, 14, 18, 0] | gpus = [1, 1, 1, 1, 1, 1, 2] | micro_bs = 4 | time = [79567, 80450, 167126, 76324, 75475, 84478, 36958] | memory = [27511, 27891, 24608, 26769, 27041, 27921, 16182]
>>>> [CONFIG: target(2), prim(dec_op)]
|80326.27|27936.55| op = [50, 53, 52, 55, 53, 56, 100]| tp = [1, 1, 1, 1, 1, 1, 1, ] | dp = [1, 1, 1, 1, 1, 1, 2, ] | algo = [0, 0, 0, 0, 0, 0, 0, ] | rc = [29, 27, 20, 16, 14, 12, 12] | gpus = [1, 1, 1, 1, 1, 1, 2] | micro_bs = 4 | time = [79443, 80326, 76105, 76540, 74624, 77357, 71609] | memory = [27511, 27891, 27850, 27170, 26341, 27920, 27936]
>>>> [CONFIG: target(1), prim(dec_mbs)]
|71296.60|27961.61| op = [50, 53, 52, 55, 53, 56, 100]| tp = [1, 1, 1, 1, 1, 1, 1, ] | dp = [1, 1, 1, 1, 1, 1, 2, ] | algo = [0, 0, 0, 0, 0, 0, 0, ] | rc = [12, 12, 8, 8, 4, 0, 0] | gpus = [1, 1, 1, 1, 1, 1, 2] | micro_bs = 2 | time = [68950, 71216, 68683, 71296, 67600, 68645, 70654] | memory = [27813, 27961, 26853, 23865, 26728, 27240, 20436]

[ Trial 9 ] |71296.60|27961.61| op = [50, 53, 52, 55, 53, 56, 100]| tp = [1, 1, 1, 1, 1, 1, 1, ] | dp = [1, 1, 1, 1, 1, 1, 2, ] | algo = [0, 0, 0, 0, 0, 0, 0, ] | rc = [12, 12, 8, 8, 4, 0, 0] | gpus = [1, 1, 1, 1, 1, 1, 2] | micro_bs = 2 | time = [68950, 71216, 68683, 71296, 67600, 68645, 70654] | memory = [27813, 27961, 26853, 23865, 26728, 27240, 20436]
>>>> [CONFIG: target(3), prim(inc_dp)]
|141795.30|27961.61| op = [50, 53, 52, 55, 53, 56, 100]| tp = [1, 1, 1, 1, 1, 1, 1, ] | dp = [1, 1, 1, 2, 1, 1, 1, ] | algo = [0, 0, 0, 0, 0, 0, 0, ] | rc = [12, 12, 8, 0, 4, 0, 12] | gpus = [1, 1, 1, 2, 1, 1, 1] | micro_bs = 2 | time = [68984, 71250, 68717, 34871, 67634, 68679, 141795] | memory = [27813, 27961, 26853, 23172, 26728, 27240, 27936]
>>>> [CONFIG: target(6), prim(dec_op)]
|73205.98|27961.61| op = [50, 53, 52, 103, 54, 59, 48]| tp = [1, 1, 1, 1, 1, 1, 1, ] | dp = [1, 1, 1, 2, 1, 1, 1, ] | algo = [0, 0, 0, 0, 0, 0, 0, ] | rc = [12, 12, 8, 16, 6, 0, 0] | gpus = [1, 1, 1, 2, 1, 1, 1] | micro_bs = 2 | time = [68957, 71223, 68690, 71210, 69871, 71090, 73205] | memory = [27813, 27961, 26853, 25769, 23672, 27680, 16352]
>>>> [CONFIG: target(6), prim(dec_op)]
|72148.29|27961.61| op = [50, 53, 52, 103, 54, 62, 45]| tp = [1, 1, 1, 1, 1, 1, 1, ] | dp = [1, 1, 1, 2, 1, 1, 1, ] | algo = [0, 0, 0, 0, 0, 0, 0, ] | rc = [12, 12, 8, 16, 6, 0, 0] | gpus = [1, 1, 1, 2, 1, 1, 1] | micro_bs = 2 | time = [68957, 71223, 68690, 71210, 69871, 72147, 72148] | memory = [27813, 27961, 26853, 25769, 23672, 27920, 16182]
>>>> [CONFIG: target(6), prim(inc_dp)]
|144755.91|27961.61| op = [50, 53, 52, 103, 54, 62, 45]| tp = [1, 1, 1, 1, 1, 1, 1, ] | dp = [1, 1, 1, 1, 1, 1, 2, ] | algo = [0, 0, 0, 0, 0, 0, 0, ] | rc = [12, 12, 8, 32, 6, 0, 0] | gpus = [1, 1, 1, 1, 1, 1, 2] | micro_bs = 2 | time = [68996, 71261, 68729, 144755, 69909, 72186, 38011] | memory = [27813, 27961, 26853, 27793, 23672, 27920, 11281]
>>>> [CONFIG: target(3), prim(dec_op)]
|71218.23|27961.61| op = [50, 53, 52, 53, 55, 59, 97]| tp = [1, 1, 1, 1, 1, 1, 1, ] | dp = [1, 1, 1, 1, 1, 1, 2, ] | algo = [0, 0, 0, 0, 0, 0, 0, ] | rc = [12, 12, 8, 8, 6, 0, 0] | gpus = [1, 1, 1, 1, 1, 1, 2] | micro_bs = 2 | time = [68952, 71218, 68685, 70898, 69429, 69704, 70050] | memory = [27813, 27961, 26853, 23664, 23422, 27480, 20289]

[ Trial 10 ] |71218.23|27961.61| op = [50, 53, 52, 53, 55, 59, 97]| tp = [1, 1, 1, 1, 1, 1, 1, ] | dp = [1, 1, 1, 1, 1, 1, 2, ] | algo = [0, 0, 0, 0, 0, 0, 0, ] | rc = [12, 12, 8, 8, 6, 0, 0] | gpus = [1, 1, 1, 1, 1, 1, 2] | micro_bs = 2 | time = [68952, 71218, 68685, 70898, 69429, 69704, 70050] | memory = [27813, 27961, 26853, 23664, 23422, 27480, 20289]
>>>> [CONFIG: target(1), prim(inc_dp)]
|138512.56|27926.52| op = [50, 53, 52, 53, 55, 59, 97]| tp = [1, 1, 1, 1, 1, 1, 1, ] | dp = [1, 2, 1, 1, 1, 1, 1, ] | algo = [0, 0, 0, 0, 0, 0, 0, ] | rc = [12, 4, 8, 8, 6, 0, 8] | gpus = [1, 2, 1, 1, 1, 1, 1] | micro_bs = 2 | time = [68984, 35168, 68717, 70929, 69461, 69736, 138512] | memory = [27813, 24812, 26853, 23664, 23422, 27480, 27926]
>>>> [CONFIG: target(6), prim(inc_tp)]
|164270.25|27961.61| op = [50, 53, 52, 53, 55, 59, 97]| tp = [1, 1, 1, 1, 1, 1, 2, ] | dp = [1, 1, 1, 1, 1, 1, 1, ] | algo = [0, 0, 0, 0, 0, 0, 0, ] | rc = [12, 12, 8, 8, 6, 0, 0] | gpus = [1, 1, 1, 1, 1, 1, 2] | micro_bs = 2 | time = [69044, 71310, 68777, 70990, 69521, 69796, 164270] | memory = [27813, 27961, 26853, 23664, 23422, 27480, 15134]
>>>> [CONFIG: target(6), prim(dec_op)]
|85888.44|27713.24| op = [52, 63, 61, 65, 64, 67, 47]| tp = [1, 1, 1, 1, 1, 1, 2, ] | dp = [1, 1, 1, 1, 1, 1, 1, ] | algo = [0, 0, 0, 0, 0, 0, 0, ] | rc = [14, 16, 14, 10, 9, 4, 0] | gpus = [1, 1, 1, 1, 1, 1, 2] | micro_bs = 2 | time = [72853, 85888, 83938, 84880, 85031, 84770, 84027] | memory = [25329, 27009, 26655, 27713, 26608, 26828, 8416]
>>>> [CONFIG: target(1), prim(inc_dp)]
|84979.44|27713.24| op = [52, 63, 61, 65, 64, 67, 47]| tp = [1, 1, 1, 1, 1, 1, 1, ] | dp = [1, 2, 1, 1, 1, 1, 1, ] | algo = [0, 0, 0, 0, 0, 0, 0, ] | rc = [14, 10, 14, 10, 9, 4, 0] | gpus = [1, 2, 1, 1, 1, 1, 1] | micro_bs = 2 | time = [72801, 43496, 83885, 84827, 84979, 84717, 72586] | memory = [25329, 20656, 26655, 27713, 26608, 26828, 16232]
>>>> [CONFIG: target(4), prim(dec_op)]
|72149.73|27920.63| op = [51, 99, 55, 53, 54, 62, 45]| tp = [1, 1, 1, 1, 1, 1, 1, ] | dp = [1, 2, 1, 1, 1, 1, 1, ] | algo = [0, 0, 0, 0, 0, 0, 0, ] | rc = [14, 22, 8, 8, 6, 0, 0] | gpus = [1, 2, 1, 1, 1, 1, 1] | micro_bs = 2 | time = [70465, 70974, 69136, 70986, 69872, 72149, 72149] | memory = [27813, 27623, 27003, 23664, 23672, 27920, 16182]
>>>> [CONFIG: target(6), prim(inc_dp)]
|147561.03|27920.63| op = [51, 99, 55, 53, 54, 62, 45]| tp = [1, 1, 1, 1, 1, 1, 1, ] | dp = [1, 1, 1, 1, 1, 1, 2, ] | algo = [0, 0, 0, 0, 0, 0, 0, ] | rc = [14, 44, 8, 8, 6, 0, 0] | gpus = [1, 1, 1, 1, 1, 1, 2] | micro_bs = 2 | time = [70506, 147561, 69177, 71028, 69913, 72190, 38016] | memory = [27813, 27906, 27003, 23664, 23672, 27920, 11281]
>>>> [CONFIG: target(1), prim(dec_op)]
|71018.08|27961.49| op = [51, 52, 54, 54, 53, 58, 97]| tp = [1, 1, 1, 1, 1, 1, 1, ] | dp = [1, 1, 1, 1, 1, 1, 2, ] | algo = [0, 0, 0, 0, 0, 0, 0, ] | rc = [14, 10, 8, 8, 6, 0, 0] | gpus = [1, 1, 1, 1, 1, 1, 2] | micro_bs = 2 | time = [70462, 69894, 71018, 70579, 70319, 70183, 70054] | memory = [27813, 27961, 27503, 23485, 24448, 27400, 20289]

[ Trial 11 ] |71018.08|27961.49| op = [51, 52, 54, 54, 53, 58, 97]| tp = [1, 1, 1, 1, 1, 1, 1, ] | dp = [1, 1, 1, 1, 1, 1, 2, ] | algo = [0, 0, 0, 0, 0, 0, 0, ] | rc = [14, 10, 8, 8, 6, 0, 0] | gpus = [1, 1, 1, 1, 1, 1, 2] | micro_bs = 2 | time = [70462, 69894, 71018, 70579, 70319, 70183, 70054] | memory = [27813, 27961, 27503, 23485, 24448, 27400, 20289]
>>>> [CONFIG: target(2), prim(inc_dp)]
|138515.78|27961.49| op = [51, 52, 54, 54, 53, 58, 97]| tp = [1, 1, 1, 1, 1, 1, 1, ] | dp = [1, 1, 2, 1, 1, 1, 1, ] | algo = [0, 0, 0, 0, 0, 0, 0, ] | rc = [14, 10, 0, 8, 6, 0, 8] | gpus = [1, 1, 2, 1, 1, 1, 1] | micro_bs = 2 | time = [70493, 69925, 34720, 70610, 70351, 70214, 138515] | memory = [27813, 27961, 27295, 23485, 24448, 27400, 27926]
>>>> [CONFIG: target(6), prim(dec_mbs)]
|139504.75|24572.77| op = [51, 52, 54, 54, 53, 58, 97]| tp = [1, 1, 2, 1, 1, 1, 1, ] | dp = [1, 1, 1, 1, 1, 1, 1, ] | algo = [0, 0, 0, 0, 0, 0, 0, ] | rc = [8, 4, 0, 0, 0, 0, 0] | gpus = [1, 1, 2, 1, 1, 1, 1] | micro_bs = 1 | time = [70907, 69226, 94508, 68442, 69245, 73620, 139504] | memory = [20761, 24572, 14435, 22932, 19232, 16150, 20289]
>>>> [CONFIG: target(6), prim(dec_op)]
|91834.16|27800.66| op = [51, 57, 48, 65, 65, 73, 60]| tp = [1, 1, 2, 1, 1, 1, 1, ] | dp = [1, 1, 1, 1, 1, 1, 1, ] | algo = [0, 0, 0, 0, 0, 0, 0, ] | rc = [8, 6, 0, 0, 0, 0, 0] | gpus = [1, 1, 2, 1, 1, 1, 1] | micro_bs = 1 | time = [70905, 79424, 84520, 81647, 81647, 91603, 91834] | memory = [20761, 23742, 13685, 27800, 22670, 19754, 13528]
>>>> [CONFIG: target(6), prim(inc_mbs)]
|92778.05|27813.85| op = [51, 57, 48, 65, 65, 73, 60]| tp = [1, 1, 1, 1, 1, 1, 1, ] | dp = [1, 1, 2, 1, 1, 1, 1, ] | algo = [0, 0, 0, 0, 0, 0, 0, ] | rc = [14, 14, 0, 10, 10, 8, 0] | gpus = [1, 1, 2, 1, 1, 1, 1] | micro_bs = 2 | time = [70502, 80665, 31953, 84833, 84833, 92778, 87884] | memory = [27813, 26369, 26045, 27713, 23212, 25044, 19476]
>>>> [CONFIG: target(5), prim(inc_dp)]
|87872.16|27813.85| op = [51, 57, 48, 65, 65, 73, 60]| tp = [1, 1, 1, 1, 1, 1, 1, ] | dp = [1, 1, 1, 1, 1, 2, 1, ] | algo = [0, 0, 0, 0, 0, 0, 0, ] | rc = [14, 14, 8, 10, 10, 0, 0] | gpus = [1, 1, 1, 1, 1, 2, 1] | micro_bs = 2 | time = [70489, 80653, 66139, 84821, 84821, 46143, 87872] | memory = [27813, 26369, 25703, 27713, 23212, 19754, 19476]
>>>> [CONFIG: target(6), prim(inc_dp)]
|92770.80|27813.85| op = [51, 57, 48, 65, 65, 73, 60]| tp = [1, 1, 1, 1, 1, 1, 1, ] | dp = [1, 1, 1, 1, 1, 1, 2, ] | algo = [0, 0, 0, 0, 0, 0, 0, ] | rc = [14, 14, 8, 10, 10, 8, 0] | gpus = [1, 1, 1, 1, 1, 1, 2] | micro_bs = 2 | time = [70494, 80658, 66144, 84826, 84826, 92770, 46263] | memory = [27813, 26369, 25703, 27713, 23212, 25044, 13528]
>>>> [CONFIG: target(5), prim(dec_op)]
|70901.77|27961.49| op = [51, 52, 53, 55, 53, 58, 97]| tp = [1, 1, 1, 1, 1, 1, 1, ] | dp = [1, 1, 1, 1, 1, 1, 2, ] | algo = [0, 0, 0, 0, 0, 0, 0, ] | rc = [14, 10, 8, 8, 6, 0, 0] | gpus = [1, 1, 1, 1, 1, 1, 2] | micro_bs = 2 | time = [70462, 69894, 70901, 70859, 70320, 70183, 70054] | memory = [27813, 27961, 27353, 23685, 24448, 27400, 20289]

[ Trial 12 ] |70901.77|27961.49| op = [51, 52, 53, 55, 53, 58, 97]| tp = [1, 1, 1, 1, 1, 1, 1, ] | dp = [1, 1, 1, 1, 1, 1, 2, ] | algo = [0, 0, 0, 0, 0, 0, 0, ] | rc = [14, 10, 8, 8, 6, 0, 0] | gpus = [1, 1, 1, 1, 1, 1, 2] | micro_bs = 2 | time = [70462, 69894, 70901, 70859, 70320, 70183, 70054] | memory = [27813, 27961, 27353, 23685, 24448, 27400, 20289]
>>>> [CONFIG: target(3), prim(inc_dp)]
|138516.09|27961.49| op = [51, 52, 53, 55, 53, 58, 97]| tp = [1, 1, 1, 1, 1, 1, 1, ] | dp = [1, 1, 1, 2, 1, 1, 1, ] | algo = [0, 0, 0, 0, 0, 0, 0, ] | rc = [14, 10, 8, 0, 6, 0, 8] | gpus = [1, 1, 1, 2, 1, 1, 1] | micro_bs = 2 | time = [70494, 69925, 70933, 34719, 70351, 70214, 138516] | memory = [27813, 27961, 27353, 23032, 24448, 27400, 27926]
>>>> [CONFIG: target(6), prim(dec_op)]
|73225.07|27961.49| op = [51, 52, 53, 98, 58, 59, 48]| tp = [1, 1, 1, 1, 1, 1, 1, ] | dp = [1, 1, 1, 2, 1, 1, 1, ] | algo = [0, 0, 0, 0, 0, 0, 0, ] | rc = [14, 10, 8, 16, 6, 0, 0] | gpus = [1, 1, 1, 2, 1, 1, 1] | micro_bs = 2 | time = [70466, 69897, 70905, 67664, 73225, 71092, 73208] | memory = [27813, 27961, 27353, 24408, 24442, 27680, 16352]
>>>> [CONFIG: target(4), prim(inc_dp)]
|137867.60|27961.49| op = [51, 52, 53, 98, 58, 59, 48]| tp = [1, 1, 1, 1, 1, 1, 1, ] | dp = [1, 1, 1, 1, 2, 1, 1, ] | algo = [0, 0, 0, 0, 0, 0, 0, ] | rc = [14, 10, 8, 32, 0, 0, 0] | gpus = [1, 1, 1, 1, 2, 1, 1] | micro_bs = 2 | time = [70498, 69930, 70938, 137867, 36568, 71125, 73240] | memory = [27813, 27961, 27353, 27701, 19679, 27680, 16352]
>>>> [CONFIG: target(3), prim(dec_op)]
|72148.18|27961.49| op = [51, 52, 53, 54, 102, 62, 45]| tp = [1, 1, 1, 1, 1, 1, 1, ] | dp = [1, 1, 1, 1, 2, 1, 1, ] | algo = [0, 0, 0, 0, 0, 0, 0, ] | rc = [14, 10, 8, 8, 14, 0, 0] | gpus = [1, 1, 1, 1, 2, 1, 1] | micro_bs = 2 | time = [70463, 69895, 70903, 68477, 70100, 72147, 72148] | memory = [27813, 27961, 27353, 23145, 23873, 27920, 16182]
>>>> [CONFIG: target(6), prim(inc_dp)]
|140610.57|27961.49| op = [51, 52, 53, 54, 102, 62, 45]| tp = [1, 1, 1, 1, 1, 1, 1, ] | dp = [1, 1, 1, 1, 1, 1, 2, ] | algo = [0, 0, 0, 0, 0, 0, 0, ] | rc = [14, 10, 8, 8, 26, 0, 0] | gpus = [1, 1, 1, 1, 1, 1, 2] | micro_bs = 2 | time = [70499, 69931, 70938, 68512, 140610, 72183, 38008] | memory = [27813, 27961, 27353, 23145, 27523, 27920, 11281]
>>>> [CONFIG: target(4), prim(dec_op)]
|70896.32|27961.49| op = [51, 52, 53, 54, 53, 59, 97]| tp = [1, 1, 1, 1, 1, 1, 1, ] | dp = [1, 1, 1, 1, 1, 1, 2, ] | algo = [0, 0, 0, 0, 0, 0, 0, ] | rc = [14, 10, 8, 8, 4, 0, 0] | gpus = [1, 1, 1, 1, 1, 1, 2] | micro_bs = 2 | time = [70457, 69888, 70896, 68470, 67600, 69702, 70048] | memory = [27813, 27961, 27353, 23145, 26728, 27480, 20289]

[ Trial 13 ] |70896.32|27961.49| op = [51, 52, 53, 54, 53, 59, 97]| tp = [1, 1, 1, 1, 1, 1, 1, ] | dp = [1, 1, 1, 1, 1, 1, 2, ] | algo = [0, 0, 0, 0, 0, 0, 0, ] | rc = [14, 10, 8, 8, 4, 0, 0] | gpus = [1, 1, 1, 1, 1, 1, 2] | micro_bs = 2 | time = [70457, 69888, 70896, 68470, 67600, 69702, 70048] | memory = [27813, 27961, 27353, 23145, 26728, 27480, 20289]
>>>> [CONFIG: target(2), prim(inc_dp)]
|138510.52|27961.49| op = [51, 52, 53, 54, 53, 59, 97]| tp = [1, 1, 1, 1, 1, 1, 1, ] | dp = [1, 1, 2, 1, 1, 1, 1, ] | algo = [0, 0, 0, 0, 0, 0, 0, ] | rc = [14, 10, 0, 8, 4, 0, 8] | gpus = [1, 1, 2, 1, 1, 1, 1] | micro_bs = 2 | time = [70488, 69920, 34629, 68501, 67632, 69734, 138510] | memory = [27813, 27961, 27220, 23145, 26728, 27480, 27926]
>>>> [CONFIG: target(6), prim(inc_mbs)]
|153039.54|27981.12| op = [51, 52, 53, 54, 53, 59, 97]| tp = [1, 1, 1, 1, 1, 1, 1, ] | dp = [1, 1, 2, 1, 1, 1, 1, ] | algo = [0, 0, 0, 0, 0, 0, 0, ] | rc = [30, 26, 8, 16, 14, 14, 30] | gpus = [1, 1, 2, 1, 1, 1, 1] | micro_bs = 4 | time = [80035, 80229, 36292, 73789, 74705, 79613, 153039] | memory = [27511, 27530, 27353, 26130, 26341, 27981, 27853]
>>>> [CONFIG: target(6), prim(dec_op)]
|84940.40|27961.49| op = [51, 45, 102, 56, 51, 59, 55]| tp = [1, 1, 1, 1, 1, 1, 1, ] | dp = [1, 1, 2, 1, 1, 1, 1, ] | algo = [0, 0, 0, 0, 0, 0, 0, ] | rc = [30, 16, 50, 20, 21, 12, 4] | gpus = [1, 1, 2, 1, 1, 1, 1] | micro_bs = 4 | time = [79984, 68934, 77426, 82146, 77020, 81154, 84940] | memory = [27511, 27870, 27796, 26209, 27961, 27613, 27788]
>>>> [CONFIG: target(6), prim(inc_dp)]
|171039.33|27961.49| op = [51, 45, 102, 56, 51, 59, 55]| tp = [1, 1, 1, 1, 1, 1, 1, ] | dp = [1, 1, 1, 1, 1, 1, 2, ] | algo = [0, 0, 0, 0, 0, 0, 0, ] | rc = [30, 16, 102, 20, 21, 12, 0] | gpus = [1, 1, 1, 1, 1, 1, 2] | micro_bs = 4 | time = [80083, 69032, 171039, 82245, 77118, 81252, 41846] | memory = [27511, 27870, 27328, 26209, 27961, 27613, 18446]
>>>> [CONFIG: target(2), prim(dec_op)]
|86061.08|27940.99| op = [51, 45, 52, 50, 53, 56, 112]| tp = [1, 1, 1, 1, 1, 1, 1, ] | dp = [1, 1, 1, 1, 1, 1, 2, ] | algo = [0, 0, 0, 0, 0, 0, 0, ] | rc = [30, 16, 32, 20, 20, 13, 12] | gpus = [1, 1, 1, 1, 1, 1, 2] | micro_bs = 4 | time = [79977, 68927, 86061, 74981, 79248, 79259, 79527] | memory = [27511, 27870, 27489, 27905, 27553, 27940, 26692]
>>>> [CONFIG: target(2), prim(dec_mbs)]
|78313.64|27813.85| op = [51, 45, 52, 50, 53, 56, 112]| tp = [1, 1, 1, 1, 1, 1, 1, ] | dp = [1, 1, 1, 1, 1, 1, 2, ] | algo = [0, 0, 0, 0, 0, 0, 0, ] | rc = [14, 8, 10, 8, 6, 0, 0] | gpus = [1, 1, 1, 1, 1, 1, 2] | micro_bs = 2 | time = [70462, 62992, 73426, 67401, 70320, 69777, 78313] | memory = [27813, 25961, 27065, 22944, 24448, 27300, 22686]
>>>> [CONFIG: target(6), prim(dec_op)]
|70684.71|27813.85| op = [51, 51, 52, 52, 56, 57, 100]| tp = [1, 1, 1, 1, 1, 1, 1, ] | dp = [1, 1, 1, 1, 1, 1, 2, ] | algo = [0, 0, 0, 0, 0, 0, 0, ] | rc = [14, 10, 8, 8, 6, 0, 0] | gpus = [1, 1, 1, 1, 1, 1, 2] | micro_bs = 2 | time = [70458, 69496, 68685, 68685, 70266, 70684, 70656] | memory = [27813, 27481, 26853, 23185, 23822, 27580, 20436]

[ Trial 14 ] |70684.71|27813.85| op = [51, 51, 52, 52, 56, 57, 100]| tp = [1, 1, 1, 1, 1, 1, 1, ] | dp = [1, 1, 1, 1, 1, 1, 2, ] | algo = [0, 0, 0, 0, 0, 0, 0, ] | rc = [14, 10, 8, 8, 6, 0, 0] | gpus = [1, 1, 1, 1, 1, 1, 2] | micro_bs = 2 | time = [70458, 69496, 68685, 68685, 70266, 70684, 70656] | memory = [27813, 27481, 26853, 23185, 23822, 27580, 20436]
>>>> [CONFIG: target(5), prim(inc_mbs)]
|80676.00|27980.99| op = [51, 51, 52, 52, 56, 57, 100]| tp = [1, 1, 1, 1, 1, 1, 1, ] | dp = [1, 1, 1, 1, 1, 1, 2, ] | algo = [0, 0, 0, 0, 0, 0, 0, ] | rc = [30, 25, 20, 16, 14, 14, 12] | gpus = [1, 1, 1, 1, 1, 1, 2] | micro_bs = 4 | time = [79957, 79640, 75834, 73841, 75725, 80676, 71612] | memory = [27511, 27530, 27850, 26210, 27341, 27980, 27936]
>>>> [CONFIG: target(5), prim(inc_dp)]
|155213.86|27933.09| op = [51, 51, 52, 52, 56, 57, 100]| tp = [1, 1, 1, 1, 1, 1, 1, ] | dp = [1, 1, 1, 1, 1, 2, 1, ] | algo = [0, 0, 0, 0, 0, 0, 0, ] | rc = [30, 25, 20, 16, 14, 0, 32] | gpus = [1, 1, 1, 1, 1, 2, 1] | micro_bs = 4 | time = [80033, 79717, 75910, 73917, 75801, 36184, 155213] | memory = [27511, 27530, 27850, 26210, 27341, 27580, 27933]
>>>> [CONFIG: target(6), prim(dec_op)]
|76810.38|27850.48| op = [49, 49, 54, 54, 56, 109, 48]| tp = [1, 1, 1, 1, 1, 1, 1, ] | dp = [1, 1, 1, 1, 1, 2, 1, ] | algo = [0, 0, 0, 0, 0, 0, 0, ] | rc = [24, 24, 20, 16, 14, 22, 0] | gpus = [1, 1, 1, 1, 1, 2, 1] | micro_bs = 4 | time = [74265, 76810, 76355, 76284, 75705, 74258, 73338] | memory = [27811, 27190, 27850, 26770, 27341, 27612, 26204]
>>>> [CONFIG: target(1), prim(dec_mbs)]
|73200.60|27588.51| op = [49, 49, 54, 54, 56, 109, 48]| tp = [1, 1, 1, 1, 1, 1, 1, ] | dp = [1, 1, 1, 1, 1, 2, 1, ] | algo = [0, 0, 0, 0, 0, 0, 0, ] | rc = [12, 10, 8, 8, 6, 4, 0] | gpus = [1, 1, 1, 1, 1, 2, 1] | micro_bs = 2 | time = [66044, 68218, 68839, 71105, 70266, 71034, 73200] | memory = [26853, 27081, 26903, 23665, 23822, 27588, 16352]
>>>> [CONFIG: target(6), prim(dec_op)]
|72142.47|27758.54| op = [49, 49, 54, 54, 56, 112, 45]| tp = [1, 1, 1, 1, 1, 1, 1, ] | dp = [1, 1, 1, 1, 1, 2, 1, ] | algo = [0, 0, 0, 0, 0, 0, 0, ] | rc = [12, 10, 8, 8, 6, 4, 0] | gpus = [1, 1, 1, 1, 1, 2, 1] | micro_bs = 2 | time = [66043, 68218, 68839, 71104, 70265, 71639, 72142] | memory = [26853, 27081, 26903, 23665, 23822, 27758, 16182]
>>>> [CONFIG: target(6), prim(inc_dp)]
|148199.46|27853.05| op = [49, 49, 54, 54, 56, 112, 45]| tp = [1, 1, 1, 1, 1, 1, 1, ] | dp = [1, 1, 1, 1, 1, 1, 2, ] | algo = [0, 0, 0, 0, 0, 0, 0, ] | rc = [12, 10, 8, 8, 6, 22, 0] | gpus = [1, 1, 1, 1, 1, 1, 2] | micro_bs = 2 | time = [66084, 68259, 68880, 71146, 70306, 148199, 38009] | memory = [26853, 27081, 26903, 23665, 23822, 27853, 11281]
>>>> [CONFIG: target(5), prim(dec_op)]
|70683.62|27961.61| op = [50, 52, 52, 52, 56, 57, 100]| tp = [1, 1, 1, 1, 1, 1, 1, ] | dp = [1, 1, 1, 1, 1, 1, 2, ] | algo = [0, 0, 0, 0, 0, 0, 0, ] | rc = [12, 10, 8, 8, 6, 0, 0] | gpus = [1, 1, 1, 1, 1, 1, 2] | micro_bs = 2 | time = [68951, 69889, 68684, 68684, 70265, 70683, 70655] | memory = [27813, 27961, 26853, 23185, 23822, 27580, 20436]

num_targets: [1, 1, 1, 1, 1, 1, 1, 1, 1, 1, 1, 1, 2, 1, 1]
num_hops: [1, 2, 1, 1, 1, 7, 7, 7, 7, 5, 7, 7, 6, 7, 7]
search time = 200.14 s.  [0, 1, 2, 3, 4, 5, 6, 8, 18, 24, 28, 46, 81, 126, 156, 173, 211] 
num_explored_cases = 12983
time trend: [102943, 99705, 85742, 84831, 75735, 72147, 72145, 72142, 71301, 71296, 71218, 71018, 70901, 70896, 70684, 70683, 70683]

working on num_stages = 4
config has been saved to /home/liminglong.lml/sxz/SuperScaler/logs-large/aceso/configs/mbs/2048/gpt_2_6B_4stages_2026-5-16-7-19-1.json

========== Best Result (num_stages = 4) ==========
|71619.79|27788.55| op = [103, 105, 113, 98]| tp = [1, 1, 1, 1, ] | dp = [2, 2, 2, 2, ] | algo = [0, 0, 0, 0, ] | rc = [16, 14, 4, 0] | gpus = [2, 2, 2, 2] | micro_bs = 2 | time = [70587, 71619, 71528, 69944] | memory = [27503, 24468, 27788, 20289]
start|191760.54|24088.13| op = [104, 104, 104, 107]| tp = [2, 2, 2, 2, ] | dp = [1, 1, 1, 1, ] | algo = [0, 0, 0, 0, ] | rc = [0, 0, 0, 0] | gpus = [2, 2, 2, 2] | micro_bs = 1 | time = [182144, 177971, 177971, 191760] | memory = [24088, 18604, 14216, 11138]

[ Trial 0 ] |191760.54|24088.13| op = [104, 104, 104, 107]| tp = [2, 2, 2, 2, ] | dp = [1, 1, 1, 1, ] | algo = [0, 0, 0, 0, ] | rc = [0, 0, 0, 0] | gpus = [2, 2, 2, 2] | micro_bs = 1 | time = [182144, 177971, 177971, 191760] | memory = [24088, 18604, 14216, 11138]
>>>> [CONFIG: target(3), prim(inc_mbs)]
|75064.87|27993.06| op = [104, 104, 104, 107]| tp = [1, 1, 1, 1, ] | dp = [2, 2, 2, 2, ] | algo = [0, 0, 0, 0, ] | rc = [16, 14, 0, 0] | gpus = [2, 2, 2, 2] | micro_bs = 2 | time = [71724, 70134, 64998, 75064] | memory = [27993, 23948, 27272, 21671]

[ Trial 1 ] |75064.87|27993.06| op = [104, 104, 104, 107]| tp = [1, 1, 1, 1, ] | dp = [2, 2, 2, 2, ] | algo = [0, 0, 0, 0, ] | rc = [16, 14, 0, 0] | gpus = [2, 2, 2, 2] | micro_bs = 2 | time = [71724, 70134, 64998, 75064] | memory = [27993, 23948, 27272, 21671]
>>>> [CONFIG: target(3), prim(dec_op)]
|71725.70|27993.06| op = [104, 106, 109, 100]| tp = [1, 1, 1, 1, ] | dp = [2, 2, 2, 2, ] | algo = [0, 0, 0, 0, ] | rc = [16, 14, 4, 0] | gpus = [2, 2, 2, 2] | micro_bs = 2 | time = [71725, 70376, 70835, 70457] | memory = [27993, 24023, 27588, 20436]

[ Trial 2 ] |71725.70|27993.06| op = [104, 106, 109, 100]| tp = [1, 1, 1, 1, ] | dp = [2, 2, 2, 2, ] | algo = [0, 0, 0, 0, ] | rc = [16, 14, 4, 0] | gpus = [2, 2, 2, 2] | micro_bs = 2 | time = [71725, 70376, 70835, 70457] | memory = [27993, 24023, 27588, 20436]
>>>> [CONFIG: target(0), prim(dec_mbs)]
|186619.37|24088.13| op = [104, 106, 109, 100]| tp = [2, 2, 2, 2, ] | dp = [1, 1, 1, 1, ] | algo = [0, 0, 0, 0, ] | rc = [0, 0, 0, 0] | gpus = [2, 2, 2, 2] | micro_bs = 1 | time = [182144, 178445, 186619, 183014] | memory = [24088, 18679, 15238, 10503]
>>>> [CONFIG: target(2), prim(inc_tp)]
|182101.35|24088.13| op = [104, 106, 109, 100]| tp = [2, 1, 4, 1, ] | dp = [1, 1, 1, 1, ] | algo = [0, 0, 0, 0, ] | rc = [0, 14, 0, 0] | gpus = [2, 1, 4, 1] | micro_bs = 1 | time = [182101, 140581, 177797, 140745] | memory = [24088, 24023, 8199, 20436]
>>>> [CONFIG: target(0), prim(dec_tp)]
|178401.14|27993.06| op = [104, 106, 109, 100]| tp = [1, 2, 4, 1, ] | dp = [1, 1, 1, 1, ] | algo = [0, 0, 0, 0, ] | rc = [16, 0, 0, 0] | gpus = [1, 2, 4, 1] | micro_bs = 1 | time = [143281, 178401, 177796, 140744] | memory = [27993, 18679, 8199, 20436]
>>>> [CONFIG: target(1), prim(dec_op)]
|161591.03|27975.12| op = [112, 94, 99, 114]| tp = [1, 2, 4, 1, ] | dp = [1, 1, 1, 1, ] | algo = [0, 0, 0, 0, ] | rc = [22, 0, 0, 0] | gpus = [1, 2, 4, 1] | micro_bs = 1 | time = [157144, 161094, 161591, 160302] | memory = [27975, 16701, 7468, 23074]
>>>> [CONFIG: target(2), prim(inc_mbs)]
|163148.98|27786.17| op = [112, 94, 99, 114]| tp = [1, 1, 2, 1, ] | dp = [1, 2, 2, 1, ] | algo = [0, 0, 0, 0, ] | rc = [44, 8, 0, 14] | gpus = [1, 2, 4, 1] | micro_bs = 2 | time = [162099, 61796, 84983, 163148] | memory = [27786, 25461, 13866, 26192]
>>>> [CONFIG: target(3), prim(inc_dp)]
|80232.49|27975.12| op = [112, 94, 99, 114]| tp = [1, 1, 1, 1, ] | dp = [2, 2, 2, 2, ] | algo = [0, 0, 0, 0, ] | rc = [22, 8, 0, 0] | gpus = [2, 2, 2, 2] | micro_bs = 2 | time = [78654, 61613, 63544, 80232] | memory = [27975, 25461, 26662, 23074]
>>>> [CONFIG: target(3), prim(dec_op)]
|71619.85|27638.55| op = [103, 105, 111, 100]| tp = [1, 1, 1, 1, ] | dp = [2, 2, 2, 2, ] | algo = [0, 0, 0, 0, ] | rc = [16, 14, 4, 0] | gpus = [2, 2, 2, 2] | micro_bs = 2 | time = [70587, 71619, 71076, 70458] | memory = [27503, 24468, 27638, 20436]

[ Trial 3 ] |71619.85|27638.55| op = [103, 105, 111, 100]| tp = [1, 1, 1, 1, ] | dp = [2, 2, 2, 2, ] | algo = [0, 0, 0, 0, ] | rc = [16, 14, 4, 0] | gpus = [2, 2, 2, 2] | micro_bs = 2 | time = [70587, 71619, 71076, 70458] | memory = [27503, 24468, 27638, 20436]
>>>> [CONFIG: target(1), prim(inc_tp)]
|143411.45|27936.55| op = [103, 105, 111, 100]| tp = [1, 2, 1, 1, ] | dp = [1, 2, 2, 1, ] | algo = [0, 0, 0, 0, ] | rc = [32, 0, 4, 12] | gpus = [1, 4, 2, 1] | micro_bs = 2 | time = [143411, 91542, 71236, 141724] | memory = [27586, 18864, 27638, 27936]
>>>> [CONFIG: target(0), prim(inc_tp)]
|167990.10|27638.55| op = [103, 105, 111, 100]| tp = [2, 1, 1, 1, ] | dp = [1, 2, 2, 2, ] | algo = [0, 0, 0, 0, ] | rc = [16, 14, 4, 0] | gpus = [2, 2, 2, 2] | micro_bs = 2 | time = [167990, 71714, 71171, 70553] | memory = [23970, 24468, 27638, 20436]
>>>> [CONFIG: target(0), prim(inc_dp)]
|145982.96|27936.55| op = [103, 105, 111, 100]| tp = [2, 1, 1, 1, ] | dp = [2, 1, 2, 1, ] | algo = [0, 0, 0, 0, ] | rc = [0, 30, 4, 12] | gpus = [4, 1, 2, 1] | micro_bs = 2 | time = [89223, 145982, 71236, 141724] | memory = [23823, 27833, 27638, 27936]
>>>> [CONFIG: target(1), prim(inc_tp)]
|170394.59|27638.55| op = [103, 105, 111, 100]| tp = [1, 2, 1, 1, ] | dp = [2, 1, 2, 2, ] | algo = [0, 0, 0, 0, ] | rc = [16, 10, 4, 0] | gpus = [2, 2, 2, 2] | micro_bs = 2 | time = [70684, 170394, 71172, 70554] | memory = [27503, 24665, 27638, 20436]
>>>> [CONFIG: target(1), prim(inc_mbs)]
|74005.37|27936.55| op = [103, 105, 111, 100]| tp = [1, 1, 1, 1, ] | dp = [2, 2, 2, 2, ] | algo = [0, 0, 0, 0, ] | rc = [32, 30, 22, 12] | gpus = [2, 2, 2, 2] | micro_bs = 4 | time = [71981, 73266, 74005, 71139] | memory = [27586, 27833, 27713, 27936]
>>>> [CONFIG: target(2), prim(dec_op)]
|73267.02|27833.49| op = [103, 105, 109, 102]| tp = [1, 1, 1, 1, ] | dp = [2, 2, 2, 2, ] | algo = [0, 0, 0, 0, ] | rc = [32, 30, 20, 8] | gpus = [2, 2, 2, 2] | micro_bs = 4 | time = [71982, 73267, 72736, 72924] | memory = [27586, 27833, 27673, 27556]
>>>> [CONFIG: target(1), prim(dec_mbs)]
|73100.62|27618.55| op = [103, 105, 109, 102]| tp = [1, 1, 1, 1, ] | dp = [2, 2, 2, 2, ] | algo = [0, 0, 0, 0, ] | rc = [16, 14, 2, 0] | gpus = [2, 2, 2, 2] | micro_bs = 2 | time = [70588, 71621, 69720, 73100] | memory = [27503, 24468, 27618, 21278]

[ Trial 8 ] |73100.62|27618.55| op = [103, 105, 109, 102]| tp = [1, 1, 1, 1, ] | dp = [2, 2, 2, 2, ] | algo = [0, 0, 0, 0, ] | rc = [16, 14, 2, 0] | gpus = [2, 2, 2, 2] | micro_bs = 2 | time = [70588, 71621, 69720, 73100] | memory = [27503, 24468, 27618, 21278]
>>>> [CONFIG: target(3), prim(inc_tp)]
|144926.52|27673.06| op = [103, 105, 109, 102]| tp = [1, 1, 1, 2, ] | dp = [1, 2, 1, 2, ] | algo = [0, 0, 0, 0, ] | rc = [32, 14, 20, 0] | gpus = [1, 2, 1, 4] | micro_bs = 2 | time = [143416, 71784, 144926, 93139] | memory = [27586, 24468, 27673, 10924]
>>>> [CONFIG: target(2), prim(dec_op)]
|104732.69|27969.55| op = [76, 145, 81, 117]| tp = [1, 1, 1, 2, ] | dp = [1, 2, 1, 2, ] | algo = [0, 0, 0, 0, ] | rc = [18, 32, 10, 0] | gpus = [1, 2, 1, 4] | micro_bs = 2 | time = [103521, 101905, 102793, 104732] | memory = [27969, 27959, 24520, 12155]
>>>> [CONFIG: target(3), prim(dec_dp)]
|191213.16|27959.12| op = [76, 145, 81, 117]| tp = [1, 1, 1, 2, ] | dp = [2, 2, 2, 1, ] | algo = [0, 0, 0, 0, ] | rc = [10, 32, 0, 0] | gpus = [2, 2, 2, 2] | micro_bs = 2 | time = [52246, 101888, 50635, 191213] | memory = [23548, 27959, 21194, 17798]
>>>> [CONFIG: target(3), prim(dec_op)]
|89755.69|27287.18| op = [117, 125, 127, 50]| tp = [1, 1, 1, 2, ] | dp = [2, 2, 2, 1, ] | algo = [0, 0, 0, 0, ] | rc = [26, 20, 14, 0] | gpus = [2, 2, 2, 2] | micro_bs = 2 | time = [82975, 85392, 85245, 89755] | memory = [27287, 26271, 25188, 9318]
>>>> [CONFIG: target(3), prim(dec_tp)]
|172371.31|27821.25| op = [117, 125, 127, 50]| tp = [2, 1, 1, 1, ] | dp = [2, 2, 1, 1, ] | algo = [0, 0, 0, 0, ] | rc = [0, 20, 30, 0] | gpus = [4, 2, 1, 1] | micro_bs = 2 | time = [102302, 85484, 172371, 78414] | memory = [26947, 26271, 27821, 18036]
>>>> [CONFIG: target(2), prim(inc_dp)]
|85344.64|27287.18| op = [117, 125, 127, 50]| tp = [1, 1, 1, 1, ] | dp = [2, 2, 2, 2, ] | algo = [0, 0, 0, 0, ] | rc = [26, 20, 14, 0] | gpus = [2, 2, 2, 2] | micro_bs = 2 | time = [82927, 85344, 85198, 41027] | memory = [27287, 26271, 25188, 12258]
>>>> [CONFIG: target(1), prim(dec_op)]
|71619.79|27788.55| op = [103, 105, 113, 98]| tp = [1, 1, 1, 1, ] | dp = [2, 2, 2, 2, ] | algo = [0, 0, 0, 0, ] | rc = [16, 14, 4, 0] | gpus = [2, 2, 2, 2] | micro_bs = 2 | time = [70587, 71619, 71528, 69944] | memory = [27503, 24468, 27788, 20289]

num_targets: [1, 1, 1, 1]
num_hops: [1, 1, 7, 7]
search time = 200.17 s.  [0, 1, 2, 15, 69, 81, 131, 132, 133, 137, 207] 
num_explored_cases = 14475
time trend: [191760, 75064, 71725, 71619, 71619, 71725, 71725, 72213, 72213, 71619, 71619]

working on num_stages = 5
config has been saved to /home/liminglong.lml/sxz/SuperScaler/logs-large/aceso/configs/mbs/2048/gpt_2_6B_5stages_2026-5-16-7-19-1.json

========== Best Result (num_stages = 5) ==========
|70621.66|27438.54| op = [54, 53, 104, 111, 97]| tp = [1, 1, 1, 1, 1, ] | dp = [1, 1, 2, 2, 2, ] | algo = [0, 0, 0, 0, 0, ] | rc = [10, 8, 14, 4, 0] | gpus = [1, 1, 2, 2, 2] | micro_bs = 2 | time = [70621, 70323, 70366, 70344, 69917] | memory = [26635, 23484, 24008, 27438, 20289]
start|145750.95|22828.38| op = [83, 83, 83, 83, 87]| tp = [2, 2, 2, 1, 1, ] | dp = [1, 1, 1, 1, 1, ] | algo = [0, 0, 0, 0, 0, ] | rc = [0, 0, 0, 0, 0] | gpus = [2, 2, 2, 1, 1] | micro_bs = 1 | time = [145750, 140848, 143396, 106476, 124705] | memory = [22691, 19278, 14753, 22828, 18082]

[ Trial 0 ] |145750.95|22828.38| op = [83, 83, 83, 83, 87]| tp = [2, 2, 2, 1, 1, ] | dp = [1, 1, 1, 1, 1, ] | algo = [0, 0, 0, 0, 0, ] | rc = [0, 0, 0, 0, 0] | gpus = [2, 2, 2, 1, 1] | micro_bs = 1 | time = [145750, 140848, 143396, 106476, 124705] | memory = [22691, 19278, 14753, 22828, 18082]
>>>> [CONFIG: target(0), prim(dec_tp)]
|134775.62|26929.62| op = [83, 83, 83, 83, 87]| tp = [1, 4, 1, 1, 1, ] | dp = [1, 1, 1, 1, 1, ] | algo = [0, 0, 0, 0, 0, ] | rc = [12, 0, 2, 0, 0] | gpus = [1, 4, 1, 1, 1] | micro_bs = 1 | time = [116196, 134775, 105262, 106440, 124669] | memory = [26377, 10569, 26929, 22828, 18082]

[ Trial 1 ] |134775.62|26929.62| op = [83, 83, 83, 83, 87]| tp = [1, 4, 1, 1, 1, ] | dp = [1, 1, 1, 1, 1, ] | algo = [0, 0, 0, 0, 0, ] | rc = [12, 0, 2, 0, 0] | gpus = [1, 4, 1, 1, 1] | micro_bs = 1 | time = [116196, 134775, 105262, 106440, 124669] | memory = [26377, 10569, 26929, 22828, 18082]
>>>> [CONFIG: target(1), prim(dec_tp)]
|143399.83|26377.08| op = [83, 83, 83, 83, 87]| tp = [1, 2, 2, 2, 1, ] | dp = [1, 1, 1, 1, 1, ] | algo = [0, 0, 0, 0, 0, ] | rc = [12, 0, 0, 0, 0] | gpus = [1, 2, 2, 2, 1] | micro_bs = 1 | time = [116235, 140851, 143399, 142464, 124708] | memory = [26377, 19278, 14753, 11854, 18082]
>>>> [CONFIG: target(2), prim(inc_mbs)]
|118991.22|27916.10| op = [83, 83, 83, 83, 87]| tp = [1, 1, 1, 1, 1, ] | dp = [1, 2, 2, 2, 1, ] | algo = [0, 0, 0, 0, 0, ] | rc = [26, 12, 2, 0, 0] | gpus = [1, 2, 2, 2, 1] | micro_bs = 2 | time = [118447, 56722, 52852, 53440, 118991] | memory = [27916, 23448, 26929, 22828, 26084]

[ Trial 2 ] |118991.22|27916.10| op = [83, 83, 83, 83, 87]| tp = [1, 1, 1, 1, 1, ] | dp = [1, 2, 2, 2, 1, ] | algo = [0, 0, 0, 0, 0, ] | rc = [26, 12, 2, 0, 0] | gpus = [1, 2, 2, 2, 1] | micro_bs = 2 | time = [118447, 56722, 52852, 53440, 118991] | memory = [27916, 23448, 26929, 22828, 26084]
>>>> [CONFIG: target(4), prim(dec_op)]
|73571.64|27054.08| op = [54, 104, 100, 113, 48]| tp = [1, 1, 1, 1, 1, ] | dp = [1, 2, 2, 2, 1, ] | algo = [0, 0, 0, 0, 0, ] | rc = [10, 16, 12, 6, 0] | gpus = [1, 2, 2, 2, 1] | micro_bs = 2 | time = [70626, 70940, 67886, 73571, 73072] | memory = [26635, 25809, 25051, 27054, 16352]

[ Trial 3 ] |73571.64|27054.08| op = [54, 104, 100, 113, 48]| tp = [1, 1, 1, 1, 1, ] | dp = [1, 2, 2, 2, 1, ] | algo = [0, 0, 0, 0, 0, ] | rc = [10, 16, 12, 6, 0] | gpus = [1, 2, 2, 2, 1] | micro_bs = 2 | time = [70626, 70940, 67886, 73571, 73072] | memory = [26635, 25809, 25051, 27054, 16352]
>>>> [CONFIG: target(3), prim(dec_dp)]
|153436.45|27953.09| op = [54, 104, 100, 113, 48]| tp = [1, 1, 1, 1, 1, ] | dp = [2, 2, 2, 1, 1, ] | algo = [0, 0, 0, 0, 0, ] | rc = [2, 16, 12, 28, 0] | gpus = [2, 2, 2, 1, 1] | micro_bs = 2 | time = [34860, 70983, 67929, 153436, 73115] | memory = [26426, 25809, 25051, 27953, 16352]
>>>> [CONFIG: target(3), prim(dec_op)]
|72642.15|27820.57| op = [99, 107, 106, 60, 47]| tp = [1, 1, 1, 1, 1, ] | dp = [2, 2, 2, 1, 1, ] | algo = [0, 0, 0, 0, 0, ] | rc = [20, 16, 16, 0, 0] | gpus = [2, 2, 2, 1, 1] | micro_bs = 2 | time = [69972, 72642, 72635, 71611, 72424] | memory = [27783, 26469, 22860, 27820, 16232]

[ Trial 4 ] |72642.15|27820.57| op = [99, 107, 106, 60, 47]| tp = [1, 1, 1, 1, 1, ] | dp = [2, 2, 2, 1, 1, ] | algo = [0, 0, 0, 0, 0, ] | rc = [20, 16, 16, 0, 0] | gpus = [2, 2, 2, 1, 1] | micro_bs = 2 | time = [69972, 72642, 72635, 71611, 72424] | memory = [27783, 26469, 22860, 27820, 16232]
>>>> [CONFIG: target(1), prim(dec_dp)]
|147814.92|27783.24| op = [99, 107, 106, 60, 47]| tp = [1, 1, 1, 1, 1, ] | dp = [2, 1, 2, 2, 1, ] | algo = [0, 0, 0, 0, 0, ] | rc = [20, 32, 16, 0, 0] | gpus = [2, 1, 2, 2, 1] | micro_bs = 2 | time = [70013, 147814, 72675, 38007, 72464] | memory = [27783, 27066, 22860, 16510, 16232]
>>>> [CONFIG: target(1), prim(dec_op)]
|72015.80|27783.24| op = [99, 56, 107, 112, 45]| tp = [1, 1, 1, 1, 1, ] | dp = [2, 1, 2, 2, 1, ] | algo = [0, 0, 0, 0, 0, ] | rc = [20, 8, 14, 4, 0] | gpus = [2, 1, 2, 2, 1] | micro_bs = 2 | time = [69970, 71652, 71930, 71513, 72015] | memory = [27783, 24185, 24543, 27758, 16182]

[ Trial 5 ] |72015.80|27783.24| op = [99, 56, 107, 112, 45]| tp = [1, 1, 1, 1, 1, ] | dp = [2, 1, 2, 2, 1, ] | algo = [0, 0, 0, 0, 0, ] | rc = [20, 8, 14, 4, 0] | gpus = [2, 1, 2, 2, 1] | micro_bs = 2 | time = [69970, 71652, 71930, 71513, 72015] | memory = [27783, 24185, 24543, 27758, 16182]
>>>> [CONFIG: target(4), prim(inc_mbs)]
|76629.54|27983.58| op = [99, 56, 107, 112, 45]| tp = [1, 1, 1, 1, 1, ] | dp = [2, 1, 2, 2, 1, ] | algo = [0, 0, 0, 0, 0, ] | rc = [38, 16, 30, 22, 0] | gpus = [2, 1, 2, 2, 1] | micro_bs = 4 | time = [71946, 76629, 73616, 74484, 71992] | memory = [27956, 27810, 27983, 27853, 25964]
>>>> [CONFIG: target(1), prim(dec_op)]
|74446.48|27956.41| op = [99, 54, 109, 109, 48]| tp = [1, 1, 1, 1, 1, ] | dp = [2, 1, 2, 2, 1, ] | algo = [0, 0, 0, 0, 0, ] | rc = [38, 16, 28, 22, 0] | gpus = [2, 1, 2, 2, 1] | micro_bs = 4 | time = [71943, 73390, 74446, 73952, 73031] | memory = [27956, 26130, 27627, 27612, 26204]
>>>> [CONFIG: target(2), prim(dec_mbs)]
|73986.73|27783.24| op = [99, 54, 109, 109, 48]| tp = [1, 1, 1, 1, 1, ] | dp = [2, 1, 2, 2, 1, ] | algo = [0, 0, 0, 0, 0, ] | rc = [20, 8, 16, 4, 0] | gpus = [2, 1, 2, 2, 1] | micro_bs = 2 | time = [69969, 68349, 73986, 70906, 73072] | memory = [27783, 23145, 23385, 27588, 16352]
>>>> [CONFIG: target(2), prim(dec_dp)]
|148000.25|27783.24| op = [99, 54, 109, 109, 48]| tp = [1, 1, 1, 1, 1, ] | dp = [2, 2, 1, 2, 1, ] | algo = [0, 0, 0, 0, 0, ] | rc = [20, 0, 28, 4, 0] | gpus = [2, 2, 1, 2, 1] | micro_bs = 2 | time = [70007, 33265, 148000, 70944, 73110] | memory = [27783, 22612, 27627, 27588, 16352]
>>>> [CONFIG: target(2), prim(dec_op)]
|72558.68|27783.24| op = [99, 105, 58, 110, 47]| tp = [1, 1, 1, 1, 1, ] | dp = [2, 2, 1, 2, 1, ] | algo = [0, 0, 0, 0, 0, ] | rc = [20, 16, 6, 4, 0] | gpus = [2, 2, 1, 2, 1] | micro_bs = 2 | time = [69970, 71026, 72558, 71274, 72422] | memory = [27783, 25869, 24282, 27708, 16232]
>>>> [CONFIG: target(2), prim(inc_dp)]
|142987.22|27956.41| op = [99, 105, 58, 110, 47]| tp = [1, 1, 1, 1, 1, ] | dp = [1, 2, 2, 2, 1, ] | algo = [0, 0, 0, 0, 0, ] | rc = [38, 16, 0, 4, 0] | gpus = [1, 2, 2, 2, 1] | micro_bs = 2 | time = [142987, 71062, 36163, 71310, 72457] | memory = [27956, 25869, 19549, 27708, 16232]
>>>> [CONFIG: target(0), prim(dec_op)]
|72014.06|27758.54| op = [54, 104, 104, 112, 45]| tp = [1, 1, 1, 1, 1, ] | dp = [1, 2, 2, 2, 1, ] | algo = [0, 0, 0, 0, 0, ] | rc = [10, 16, 14, 4, 0] | gpus = [1, 2, 2, 2, 1] | micro_bs = 2 | time = [70625, 70939, 70205, 71511, 72014] | memory = [26635, 25809, 23948, 27758, 16182]

[ Trial 6 ] |72014.06|27758.54| op = [54, 104, 104, 112, 45]| tp = [1, 1, 1, 1, 1, ] | dp = [1, 2, 2, 2, 1, ] | algo = [0, 0, 0, 0, 0, ] | rc = [10, 16, 14, 4, 0] | gpus = [1, 2, 2, 2, 1] | micro_bs = 2 | time = [70625, 70939, 70205, 71511, 72014] | memory = [26635, 25809, 23948, 27758, 16182]
>>>> [CONFIG: target(4), prim(inc_mbs)]
|78610.52|27873.98| op = [54, 104, 104, 112, 45]| tp = [1, 1, 1, 1, 1, ] | dp = [1, 2, 2, 2, 1, ] | algo = [0, 0, 0, 0, 0, ] | rc = [24, 32, 26, 22, 0] | gpus = [1, 2, 2, 2, 1] | micro_bs = 4 | time = [78610, 72652, 70893, 74484, 71992] | memory = [27830, 27873, 27673, 27853, 25964]
>>>> [CONFIG: target(0), prim(dec_op)]
|73952.87|27983.58| op = [50, 105, 107, 109, 48]| tp = [1, 1, 1, 1, 1, ] | dp = [1, 2, 2, 2, 1, ] | algo = [0, 0, 0, 0, 0, ] | rc = [20, 32, 30, 22, 0] | gpus = [1, 2, 2, 2, 1] | micro_bs = 4 | time = [73266, 73199, 73613, 73952, 73032] | memory = [27530, 26706, 27983, 27612, 26204]
>>>> [CONFIG: target(3), prim(inc_dp)]
|170495.64|27788.25| op = [50, 105, 107, 109, 48]| tp = [1, 1, 1, 1, 1, ] | dp = [1, 1, 1, 4, 1, ] | algo = [0, 0, 0, 0, 0, ] | rc = [20, 81, 90, 4, 0] | gpus = [1, 1, 1, 4, 1] | micro_bs = 4 | time = [73565, 170495, 167349, 36255, 73330] | memory = [27530, 27330, 27788, 27588, 26204]
>>>> [CONFIG: target(1), prim(inc_dp)]
|167156.89|27788.25| op = [50, 105, 107, 109, 48]| tp = [1, 1, 1, 1, 1, ] | dp = [2, 2, 1, 2, 1, ] | algo = [0, 0, 0, 0, 0, ] | rc = [8, 32, 90, 22, 0] | gpus = [2, 2, 1, 2, 1] | micro_bs = 4 | time = [33818, 73305, 167156, 74058, 73137] | memory = [27533, 26706, 27788, 27612, 26204]
>>>> [CONFIG: target(2), prim(dec_mbs)]
|146330.57|27983.58| op = [50, 105, 107, 109, 48]| tp = [1, 1, 1, 1, 1, ] | dp = [2, 2, 1, 2, 1, ] | algo = [0, 0, 0, 0, 0, ] | rc = [0, 16, 30, 4, 0] | gpus = [2, 2, 1, 2, 1] | micro_bs = 2 | time = [32534, 71530, 146330, 70943, 73109] | memory = [27955, 26089, 27983, 27588, 16352]
>>>> [CONFIG: target(2), prim(inc_dp)]
|73070.30|27588.51| op = [50, 105, 107, 109, 48]| tp = [1, 1, 1, 1, 1, ] | dp = [1, 2, 2, 2, 1, ] | algo = [0, 0, 0, 0, 0, ] | rc = [8, 16, 14, 4, 0] | gpus = [1, 2, 2, 2, 1] | micro_bs = 2 | time = [66411, 71491, 71927, 70904, 73070] | memory = [27533, 26089, 24543, 27588, 16352]
>>>> [CONFIG: target(4), prim(dec_op)]
|72012.17|27758.54| op = [50, 105, 107, 112, 45]| tp = [1, 1, 1, 1, 1, ] | dp = [1, 2, 2, 2, 1, ] | algo = [0, 0, 0, 0, 0, ] | rc = [8, 16, 14, 4, 0] | gpus = [1, 2, 2, 2, 1] | micro_bs = 2 | time = [66411, 71491, 71927, 71509, 72012] | memory = [27533, 26089, 24543, 27758, 16182]

[ Trial 7 ] |72012.17|27758.54| op = [50, 105, 107, 112, 45]| tp = [1, 1, 1, 1, 1, ] | dp = [1, 2, 2, 2, 1, ] | algo = [0, 0, 0, 0, 0, ] | rc = [8, 16, 14, 4, 0] | gpus = [1, 2, 2, 2, 1] | micro_bs = 2 | time = [66411, 71491, 71927, 71509, 72012] | memory = [27533, 26089, 24543, 27758, 16182]
>>>> [CONFIG: target(4), prim(inc_mbs)]
|74480.19|27983.58| op = [50, 105, 107, 112, 45]| tp = [1, 1, 1, 1, 1, ] | dp = [1, 2, 2, 2, 1, ] | algo = [0, 0, 0, 0, 0, ] | rc = [20, 32, 30, 22, 0] | gpus = [1, 2, 2, 2, 1] | micro_bs = 4 | time = [73265, 73198, 73612, 74480, 71988] | memory = [27530, 26706, 27983, 27853, 25964]
>>>> [CONFIG: target(3), prim(inc_dp)]
|170494.19|27788.25| op = [50, 105, 107, 112, 45]| tp = [1, 1, 1, 1, 1, ] | dp = [1, 1, 1, 4, 1, ] | algo = [0, 0, 0, 0, 0, ] | rc = [20, 81, 90, 4, 0] | gpus = [1, 1, 1, 4, 1] | micro_bs = 4 | time = [73563, 170494, 167348, 36556, 72286] | memory = [27530, 27330, 27788, 27758, 25964]
>>>> [CONFIG: target(1), prim(inc_mbs)]
|175231.05|34736.33| op = [50, 105, 107, 112, 45]| tp = [1, 1, 1, 1, 1, ] | dp = [1, 1, 1, 4, 1, ] | algo = [0, 0, 0, 0, 0, ] | rc = [48, 105, 107, 22, 41] | gpus = [1, 1, 1, 4, 1] | micro_bs = 8 | time = [83583, 172117, 175231, 38972, 91537] | memory = [29297, 34736, 33096, 27853, 27976]
>>>> [CONFIG: target(1), prim(inc_dp)]
|174870.98|33096.62| op = [50, 105, 107, 112, 45]| tp = [1, 1, 1, 1, 1, ] | dp = [1, 2, 1, 2, 2, ] | algo = [0, 0, 0, 0, 0, ] | rc = [48, 81, 107, 56, 0] | gpus = [1, 2, 1, 2, 2] | micro_bs = 8 | time = [83223, 86376, 174870, 85982, 37368] | memory = [29297, 27330, 33096, 27970, 25964]
>>>> [CONFIG: target(2), prim(dec_mbs)]
|167163.85|27853.05| op = [50, 105, 107, 112, 45]| tp = [1, 1, 1, 1, 1, ] | dp = [1, 2, 1, 2, 2, ] | algo = [0, 0, 0, 0, 0, ] | rc = [20, 32, 90, 22, 0] | gpus = [1, 2, 1, 2, 2] | micro_bs = 4 | time = [73379, 73312, 167163, 74593, 36622] | memory = [27530, 26706, 27788, 27853, 16182]
>>>> [CONFIG: target(2), prim(dec_mbs)]
|146329.88|27983.58| op = [50, 105, 107, 112, 45]| tp = [1, 1, 1, 1, 1, ] | dp = [1, 2, 1, 2, 2, ] | algo = [0, 0, 0, 0, 0, ] | rc = [8, 16, 30, 4, 0] | gpus = [1, 2, 1, 2, 2] | micro_bs = 2 | time = [66450, 71530, 146329, 71548, 37876] | memory = [27533, 26089, 27983, 27758, 11281]
>>>> [CONFIG: target(2), prim(dec_op)]
|70901.53|27588.51| op = [52, 103, 55, 109, 100]| tp = [1, 1, 1, 1, 1, ] | dp = [1, 2, 1, 2, 2, ] | algo = [0, 0, 0, 0, 0, ] | rc = [10, 16, 6, 4, 0] | gpus = [1, 2, 1, 2, 2] | micro_bs = 2 | time = [70220, 69797, 69738, 70901, 70523] | memory = [26385, 25369, 23582, 27588, 20436]

[ Trial 8 ] |70901.53|27588.51| op = [52, 103, 55, 109, 100]| tp = [1, 1, 1, 1, 1, ] | dp = [1, 2, 1, 2, 2, ] | algo = [0, 0, 0, 0, 0, ] | rc = [10, 16, 6, 4, 0] | gpus = [1, 2, 1, 2, 2] | micro_bs = 2 | time = [70220, 69797, 69738, 70901, 70523] | memory = [26385, 25369, 23582, 27588, 20436]
>>>> [CONFIG: target(3), prim(dec_dp)]
|147007.47|27612.99| op = [52, 103, 55, 109, 100]| tp = [1, 1, 1, 1, 1, ] | dp = [2, 2, 1, 1, 2, ] | algo = [0, 0, 0, 0, 0, ] | rc = [2, 16, 6, 22, 0] | gpus = [2, 2, 1, 1, 2] | micro_bs = 2 | time = [34612, 69836, 69778, 147007, 70563] | memory = [26301, 25369, 23582, 27612, 20436]
>>>> [CONFIG: target(3), prim(inc_tp)]
|169781.56|26385.32| op = [52, 103, 55, 109, 100]| tp = [1, 1, 1, 2, 1, ] | dp = [1, 2, 1, 1, 2, ] | algo = [0, 0, 0, 0, 0, ] | rc = [10, 16, 6, 0, 0] | gpus = [1, 2, 1, 2, 2] | micro_bs = 2 | time = [70317, 69893, 69835, 169781, 70620] | memory = [26385, 25369, 23582, 25526, 20436]
>>>> [CONFIG: target(3), prim(dec_op)]
|86259.64|27895.15| op = [55, 121, 65, 53, 125]| tp = [1, 1, 1, 2, 1, ] | dp = [1, 2, 1, 1, 2, ] | algo = [0, 0, 0, 0, 0, ] | rc = [10, 28, 10, 0, 0] | gpus = [1, 2, 1, 2, 2] | micro_bs = 2 | time = [73067, 85886, 84719, 85180, 86259] | memory = [27235, 27895, 23212, 12566, 25058]
>>>> [CONFIG: target(4), prim(dec_op)]
|85405.86|27973.72| op = [58, 122, 65, 52, 122]| tp = [1, 1, 1, 2, 1, ] | dp = [1, 2, 1, 1, 2, ] | algo = [0, 0, 0, 0, 0, ] | rc = [17, 24, 10, 0, 0] | gpus = [1, 2, 1, 2, 2] | micro_bs = 2 | time = [84202, 85405, 85340, 82134, 84912] | memory = [27875, 27973, 23392, 12536, 24573]
>>>> [CONFIG: target(1), prim(inc_tp)]
|174463.33|27875.47| op = [58, 122, 65, 52, 122]| tp = [1, 2, 1, 1, 1, ] | dp = [1, 2, 1, 1, 1, ] | algo = [0, 0, 0, 0, 0, ] | rc = [17, 0, 10, 0, 18] | gpus = [1, 4, 1, 1, 1] | micro_bs = 2 | time = [84291, 105732, 85428, 63003, 174463] | memory = [27875, 26825, 23392, 23912, 26010]
>>>> [CONFIG: target(4), prim(inc_dp)]
|85358.22|27973.72| op = [58, 122, 65, 52, 122]| tp = [1, 1, 1, 1, 1, ] | dp = [1, 2, 1, 2, 2, ] | algo = [0, 0, 0, 0, 0, ] | rc = [17, 24, 10, 0, 0] | gpus = [1, 2, 1, 2, 2] | micro_bs = 2 | time = [84155, 85358, 85292, 33349, 84865] | memory = [27875, 27973, 23392, 14356, 24573]
>>>> [CONFIG: target(1), prim(dec_op)]
|70779.40|27438.54| op = [54, 103, 54, 111, 97]| tp = [1, 1, 1, 1, 1, ] | dp = [1, 2, 1, 2, 2, ] | algo = [0, 0, 0, 0, 0, ] | rc = [10, 16, 4, 4, 0] | gpus = [1, 2, 1, 2, 2] | micro_bs = 2 | time = [70619, 70779, 67587, 70342, 69915] | memory = [26635, 25768, 26728, 27438, 20289]

[ Trial 9 ] |70779.40|27438.54| op = [54, 103, 54, 111, 97]| tp = [1, 1, 1, 1, 1, ] | dp = [1, 2, 1, 2, 2, ] | algo = [0, 0, 0, 0, 0, ] | rc = [10, 16, 4, 4, 0] | gpus = [1, 2, 1, 2, 2] | micro_bs = 2 | time = [70619, 70779, 67587, 70342, 69915] | memory = [26635, 25768, 26728, 27438, 20289]
>>>> [CONFIG: target(1), prim(dec_mbs)]
|186196.05|26426.76| op = [54, 103, 54, 111, 97]| tp = [1, 2, 1, 2, 2, ] | dp = [1, 1, 1, 1, 1, ] | algo = [0, 0, 0, 0, 0, ] | rc = [2, 0, 0, 0, 0] | gpus = [1, 2, 1, 2, 2] | micro_bs = 1 | time = [69307, 177642, 68489, 186196, 178783] | memory = [26426, 22952, 18794, 15188, 10417]
>>>> [CONFIG: target(3), prim(dec_tp)]
|178773.55|27438.54| op = [54, 103, 54, 111, 97]| tp = [2, 2, 1, 1, 2, ] | dp = [1, 1, 1, 1, 1, ] | algo = [0, 0, 0, 0, 0, ] | rc = [0, 0, 0, 4, 0] | gpus = [2, 2, 1, 1, 2] | micro_bs = 1 | time = [94335, 177632, 68479, 140394, 178773] | memory = [15165, 22952, 18794, 27438, 10417]
>>>> [CONFIG: target(4), prim(inc_tp)]
|169278.77|27438.54| op = [54, 103, 54, 111, 97]| tp = [1, 1, 1, 1, 4, ] | dp = [1, 1, 1, 1, 1, ] | algo = [0, 0, 0, 0, 0, ] | rc = [2, 16, 0, 4, 0] | gpus = [1, 1, 1, 1, 4] | micro_bs = 1 | time = [69262, 141235, 68444, 140360, 169278] | memory = [26426, 25768, 18794, 27438, 5481]
>>>> [CONFIG: target(4), prim(inc_mbs)]
|146150.82|27793.86| op = [54, 103, 54, 111, 97]| tp = [1, 1, 1, 1, 2, ] | dp = [1, 1, 1, 1, 2, ] | algo = [0, 0, 0, 0, 0, ] | rc = [10, 32, 4, 22, 0] | gpus = [1, 1, 1, 1, 4] | micro_bs = 2 | time = [70784, 144238, 67752, 146150, 89686] | memory = [26635, 27793, 26728, 27513, 10417]
>>>> [CONFIG: target(3), prim(inc_dp)]
|144113.02|27793.86| op = [54, 103, 54, 111, 97]| tp = [1, 1, 1, 1, 1, ] | dp = [1, 1, 2, 2, 2, ] | algo = [0, 0, 0, 0, 0, ] | rc = [10, 32, 0, 4, 0] | gpus = [1, 1, 2, 2, 2] | micro_bs = 2 | time = [70658, 144113, 34441, 70381, 69954] | memory = [26635, 27793, 18794, 27438, 20289]
>>>> [CONFIG: target(1), prim(dec_op)]
|70621.66|27438.54| op = [54, 53, 104, 111, 97]| tp = [1, 1, 1, 1, 1, ] | dp = [1, 1, 2, 2, 2, ] | algo = [0, 0, 0, 0, 0, ] | rc = [10, 8, 14, 4, 0] | gpus = [1, 1, 2, 2, 2] | micro_bs = 2 | time = [70621, 70323, 70366, 70344, 69917] | memory = [26635, 23484, 24008, 27438, 20289]

num_targets: [1, 1, 1, 1, 1, 1, 1, 1, 1, 1]
num_hops: [1, 2, 1, 2, 2, 7, 7, 7, 7, 6]
search time = 200.26 s.  [0, 1, 2, 3, 4, 5, 6, 11, 53, 73, 95, 208] 
num_explored_cases = 12906
time trend: [145750, 134775, 118991, 73571, 72642, 72015, 72014, 72012, 70901, 70779, 70621, 70621]

# of stages	est_iteration_time(s)	est_thpt(samples/s)	est_mem(MB)	# of explored cases
5          	70.62                	29.00              	27439      	12906              
7          	70.68                	28.97              	27962      	12983              
6          	70.92                	28.88              	27723      	14187              

overall search time: 200.32 s
