------------------------ arguments ------------------------
  adaptive_hyper_parameters ....................... 5
  add_action_finetune_algo ........................ False
  add_action_finetune_dim ......................... False
  add_action_tp_dp_exchange ....................... False
  add_action_tune_tp_dp ........................... False
  check_recompute_with_group ...................... False
  config_save_path ................................ /home/liminglong.lml/sxz/SuperScaler/logs-large/aceso/configs/scale-layer/128layers/
  config_suffix ................................... 2026-5-15-12-58-1
  consider_collective_memory ...................... False
  consider_reserved_space ......................... True
  consider_shared_space ........................... True
  continue_when_fail .............................. True
  decoder_seq_len ................................. 512
  end_num_stages .................................. 8
  finetune_after_trial ............................ 0
  finetune_tp_dp_after_trial ...................... False
  flex_recompute .................................. True
  forbid_turn_back ................................ False
  global_batch_size ............................... 1024
  high_memory_rate ................................ 0.9
  init_dim ........................................ tp
  initial_point ................................... balance
  log_path ........................................ /home/liminglong.lml/sxz/SuperScaler/logs-large/aceso/search/scale-layer/128layers/
  max_num_hops .................................... 7
  max_num_trials .................................. 100
  max_op_move_steps ............................... 5
  max_tp .......................................... 8
  memory_limit .................................... 48000
  memory_main_params .............................. 2
  memory_optimizer ................................ 4
  memory_pred_type ................................ MAX
  micro_batch_size ................................ [1, 2, 4, 8]
  min_mbs ......................................... 1
  model_name ...................................... scale-layer
  model_size ...................................... 128layers
  multi_process ................................... True
  num_algos ....................................... 2
  num_gpus ........................................ 8
  num_gpus_per_node ............................... 8
  num_layers ...................................... 128
  num_nodes ....................................... 1
  num_of_saved_configs ............................ 1
  num_partners_in_op_mig .......................... 1
  only_top_1_target ............................... False
  op_group_size ................................... 1
  peak_mem_in_backward ............................ 1000
  predict_delta_time .............................. True
  print_debug_info ................................ False
  print_gpu_mig_details ........................... False
  print_move_op_details ........................... False
  print_recomp_debug_info ......................... False
  print_recompute_ops ............................. False
  profiled_time_path .............................. /home/liminglong.lml/sxz/SuperScaler/profiler/profiled-time-eurosys/
  random_order_actions ............................ False
  resharding ...................................... True
  save_to_csv ..................................... None
  seq_len ......................................... 2048
  simple_prim_mbs ................................. False
  simple_prim_mig ................................. False
  sort_metric ..................................... max_stage_time
  start_num_stages ................................ 1
  support_comm_predict ............................ False
  time_budget_per_trial ........................... 200
  time_budget_total ............................... 200
-------------------- end of arguments ---------------------
Starting CEGIS search with 1 to 8 stages...
working on num_stages = 1
start|34317.85|39727.14| op = [1667]| tp = [1, ] | dp = [8, ] | algo = [0, ] | rc = [0] | gpus = [8] | micro_bs = 8 | time = [34317] | memory = [39727]
line146:config.memory_list:[39727.14499999992]
line147:config.time_list:[34317.852709248014]
------------------------------------------------------------------------------------------------------
cegis_search for the 0th times
开始求解check...
line351:
tp_list[1, 1, 1, 1, 1, 1, 1, 1, 1, 1, 1, 1, 1, 1, 1, 1, 1, 1, 1, 1, 1, 1, 1, 1, 1, 1, 1, 1, 1, 1, 1, 1, 1, 1, 1, 1, 1, 1, 1, 1, 1, 1, 1, 1, 1, 1, 1, 1, 1, 1, 1, 1, 1, 1, 1, 1, 1, 1, 1, 1, 1, 1, 1, 1, 1, 1, 1, 1, 1, 1, 1, 1, 1, 1, 1, 1, 1, 1, 1, 1, 1, 1, 1, 1, 1, 1, 1, 1, 1, 1, 1, 1, 1, 1, 1, 1, 1, 1, 1, 1, 1, 1, 1, 1, 1, 1, 1, 1, 1, 1, 1, 1, 1, 1, 1, 1, 1, 1, 1, 1, 1, 1, 1, 1, 1, 1, 1, 1, 1, 1, 1, 1, 1, 1, 1, 1, 1, 1, 1, 1, 1, 1, 1, 1, 1, 1, 1, 1, 1, 1, 1, 1, 1, 1, 1, 1, 1, 1, 1, 1, 1, 1, 1, 1, 1, 1, 1, 1, 1, 1, 1, 1, 1, 1, 1, 1, 1, 1, 1, 1, 1, 1, 1, 1, 1, 1, 1, 1, 1, 1, 1, 1, 1, 1, 1, 1, 1, 1, 1, 1, 1, 1, 1, 1, 1, 1, 1, 1, 1, 1, 1, 1, 1, 1, 1, 1, 1, 1, 1, 1, 1, 1, 1, 1, 1, 1, 1, 1, 1, 1, 1, 1, 1, 1, 1, 1, 1, 1, 1, 1, 1, 1, 1, 1, 1, 1, 1, 1, 1, 1, 1, 1, 1, 1, 1, 1, 1, 1, 1, 1, 1, 1, 1, 1, 1, 1, 1, 1, 1, 1, 1, 1, 1, 1, 1, 1, 1, 1, 1, 1, 1, 1, 1, 1, 1, 1, 1, 1, 1, 1, 1, 1, 1, 1, 1, 1, 1, 1, 1, 1, 1, 1, 1, 1, 1, 1, 1, 1, 1, 1, 1, 1, 1, 1, 1, 1, 1, 1, 1, 1, 1, 1, 1, 1, 1, 1, 1, 1, 1, 1, 1, 1, 1, 1, 1, 1, 1, 1, 1, 1, 1, 1, 1, 1, 1, 1, 1, 1, 1, 1, 1, 1, 1, 1, 1, 1, 1, 1, 1, 1, 1, 1, 1, 1, 1, 1, 1, 1, 1, 1, 1, 1, 1, 1, 1, 1, 1, 1, 1, 1, 1, 1, 1, 1, 1, 1, 1, 1, 1, 1, 1, 1, 1, 1, 1, 1, 1, 1, 1, 1, 1, 1, 1, 1, 1, 1, 1, 1, 1, 1, 1, 1, 1, 1, 1, 1, 1, 1, 1, 1, 1, 1, 1, 1, 1, 1, 1, 1, 1, 1, 1, 1, 1, 1, 1, 1, 1, 1, 1, 1, 1, 1, 1, 1, 1, 1, 1, 1, 1, 1, 1, 1, 1, 1, 1, 1, 1, 1, 1, 1, 1, 1, 1, 1, 1, 1, 1, 1, 1, 1, 1, 1, 1, 1, 1, 1, 1, 1, 1, 1, 1, 1, 1, 1, 1, 1, 1, 1, 1, 1, 1, 1, 1, 1, 1, 1, 1, 1, 1, 1, 1, 1, 1, 1, 1, 1, 1, 1, 1, 1, 1, 1, 1, 1, 1, 1, 1, 1, 1, 1, 1, 1, 1, 1, 1, 1, 1, 1, 1, 1, 1, 1, 1, 1, 1, 1, 1, 1, 1, 1, 1, 1, 1, 1, 1, 1, 1, 1, 1, 1, 1, 1, 1, 1, 1, 1, 1, 1, 1, 1, 1, 1, 1, 1, 1, 1, 1, 1, 1, 1, 1, 1, 1, 1, 1, 1, 1, 1, 1, 1, 1, 1, 1, 1, 1, 1, 1, 1, 1, 1, 1, 1, 1, 1, 1, 1, 1, 1, 1, 1, 1, 1, 1, 1, 1, 1, 1, 1, 1, 1, 1, 1, 1, 1, 1, 1, 1, 1, 1, 1, 1, 1, 1, 1, 1, 1, 1, 1, 1, 1, 1, 1, 1, 1, 1, 1, 1, 1, 1, 1, 1, 1, 1, 1, 1, 1, 1, 1, 1, 1, 1, 1, 1, 1, 1, 1, 1, 1, 1, 1, 1, 1, 1, 1, 1, 1, 1, 1, 1, 1, 1, 1, 1, 1, 1, 1, 1, 1, 1, 1, 1, 1, 1, 1, 1, 1, 1, 1, 1, 1, 1, 1, 1, 1, 1, 1, 1, 1, 1, 1, 1, 1, 1, 1, 1, 1, 1, 1, 1, 1, 1, 1, 1, 1, 1, 1, 1, 1, 1, 1, 1, 1, 1, 1, 1, 1, 1, 1, 1, 1, 1, 1, 1, 1, 1, 1, 1, 1, 1, 1, 1, 1, 1, 1, 1, 1, 1, 1, 1, 1, 1, 1, 1, 1, 1, 1, 1, 1, 1, 1, 1, 1, 1, 1, 1, 1, 1, 1, 1, 1, 1, 1, 1, 1, 1, 1, 1, 1, 1, 1, 1, 1, 1, 1, 1, 1, 1, 1, 1, 1, 1, 1, 1, 1, 1, 1, 1, 1, 1, 1, 1, 1, 1, 1, 1, 1, 1, 1, 1, 1, 1, 1, 1, 1, 1, 1, 1, 1, 1, 1, 1, 1, 1, 1, 1, 1, 1, 1, 1, 1, 1, 1, 1, 1, 1, 1, 1, 1, 1, 1, 1, 1, 1, 1, 1, 1, 1, 1, 1, 1, 1, 1, 1, 1, 1, 1, 1, 1, 1, 1, 1, 1, 1, 1, 1, 1, 1, 1, 1, 1, 1, 1, 1, 1, 1, 1, 1, 1, 1, 1, 1, 1, 1, 1, 1, 1, 1, 1, 1, 1, 1, 1, 1, 1, 1, 1, 1, 1, 1, 1, 1, 1, 1, 1, 1, 1, 1, 1, 1, 1, 1, 1, 1, 1, 1, 1, 1, 1, 1, 1, 1, 1, 1, 1, 1, 1, 1, 1, 1, 1, 1, 1, 1, 1, 1, 1, 1, 1, 1, 1, 1, 1, 1, 1, 1, 1, 1, 1, 1, 1, 1, 1, 1, 1, 1, 1, 1, 1, 1, 1, 1, 1, 1, 1, 1, 1, 1, 1, 1, 1, 1, 1, 1, 1, 1, 1, 1, 1, 1, 1, 1, 1, 1, 1, 1, 1, 1, 1, 1, 1, 1, 1, 1, 1, 1, 1, 1, 1, 1, 1, 1, 1, 1, 1, 1, 1, 1, 1, 1, 1, 1, 1, 1, 1, 1, 1, 1, 1, 1, 1, 1, 1, 1, 1, 1, 1, 1, 1, 1, 1, 1, 1, 1, 1, 1, 1, 1, 1, 1, 1, 1, 1, 1, 1, 1, 1, 1, 1, 1, 1, 1, 1, 1, 1, 1, 1, 1, 1, 1, 1, 1, 1, 1, 1, 1, 1, 1, 1, 1, 1, 1, 1, 1, 1, 1, 1, 1, 1, 1, 1, 1, 1, 1, 1, 1, 1, 1, 1, 1, 1, 1, 1, 1, 1, 1, 1, 1, 1, 1, 1, 1, 1, 1, 1, 1, 1, 1, 1, 1, 1, 1, 1, 1, 1, 1, 1, 1, 1, 1, 1, 1, 1, 1, 1, 1, 1, 1, 1, 1, 1, 1, 1, 1, 1, 1, 1, 1, 1, 1, 1, 1, 1, 1, 1, 1, 1, 1, 1, 1, 1, 1, 1, 1, 1, 1, 1, 1, 1, 1, 1, 1, 1, 1, 1, 1, 1, 1, 1, 1, 1, 1, 1, 1, 1, 1, 1, 1, 1, 1, 1, 1, 1, 1, 1, 1, 1, 1, 1, 1, 1, 1, 1, 1, 1, 1, 1, 1, 1, 1, 1, 1, 1, 1, 1, 1, 1, 1, 1, 1, 1, 1, 1, 1, 1, 1, 1, 1, 1, 1, 1, 1, 1, 1, 1, 1, 1, 1, 1, 1, 1, 1, 1, 1, 1, 1, 1, 1, 1, 1, 1, 1, 1, 1, 1, 1, 1, 1, 1, 1, 1, 1, 1, 1, 1, 1, 1, 1, 1, 1, 1, 1, 1, 1, 1, 1, 1, 1, 1, 1, 1, 1, 1, 1, 1, 1, 1, 1, 1, 1, 1, 1, 1, 1, 1, 1, 1, 1, 1, 1, 1, 1, 1, 1, 1, 1, 1, 1, 1, 1, 1, 1, 1, 1, 1, 1, 1, 1, 1, 1, 1, 1, 1, 1, 1, 1, 1, 1, 1, 1, 1, 1, 1, 1, 1, 1, 1, 1, 1, 1, 1, 1, 1, 1, 1, 1, 1, 1, 1, 1, 1, 1, 1, 1, 1, 1, 1, 1, 1, 1, 1, 1, 1, 1, 1, 1, 1, 1, 1, 1, 1, 1, 1, 1, 1, 1, 1, 1, 1, 1, 1, 1, 1, 1, 1, 1, 1, 1, 1, 1, 1, 1, 1, 1, 1, 1, 1, 1, 1, 1, 1, 1, 1, 1, 1, 1, 1, 1, 1, 1, 1, 1, 1, 1, 1, 1, 1, 1, 1, 1, 1, 1, 1, 1, 1, 1, 1, 1, 1, 1, 1, 1, 1, 1, 1, 1, 1, 1, 1, 1, 1, 1, 1, 1, 1, 1, 1, 1, 1, 1, 1, 1, 1, 1, 1, 1, 1, 1, 1, 1, 1, 1, 1, 1, 1, 1, 1, 1, 1, 1, 1, 1, 1, 1, 1, 1, 1, 1, 1, 1, 1, 1, 1, 1, 1, 1, 1, 1, 1, 1, 1, 1, 1, 1, 1, 1, 1, 1, 1, 1, 1, 1, 1, 1, 1, 1, 1, 1, 1, 1, 1, 1, 1, 1, 1, 1, 1, 1, 1, 1, 1, 1, 1, 1, 1, 1, 1, 1, 1, 1, 1, 1, 1, 1, 1, 1, 1, 1, 1, 1, 1, 1, 1, 1, 1, 1, 1, 1, 1, 1, 1, 1, 1, 1, 1, 1, 1, 1, 1, 1, 1, 1, 1, 1, 1, 1, 1, 1, 1, 1, 1, 1, 1, 1, 1, 1, 1, 1, 1, 1, 1, 1, 1, 1, 1, 1, 1, 1, 1, 1, 1, 1, 1, 1, 1, 1, 1, 1, 1, 1, 1, 1, 1, 1, 1, 1, 1, 1, 1, 1, 1, 1, 1, 1, 1, 1, 1, 1, 1, 1, 1, 1, 1, 1, 1, 1, 1, 1, 1, 1, 1, 1, 1, 1, 1, 1, 1, 1, 1, 1, 1, 1, 1, 1, 1, 1, 1, 1, 1, 1, 1, 1, 1, 1, 1, 1, 1, 1, 1, 1, 1, 1, 1, 1, 1, 1, 1, 1, 1, 1, 1, 1, 1, 1, 1, 1, 1, 1]
dp_list[8, 8, 8, 8, 8, 8, 8, 8, 8, 8, 8, 8, 8, 8, 8, 8, 8, 8, 8, 8, 8, 8, 8, 8, 8, 8, 8, 8, 8, 8, 8, 8, 8, 8, 8, 8, 8, 8, 8, 8, 8, 8, 8, 8, 8, 8, 8, 8, 8, 8, 8, 8, 8, 8, 8, 8, 8, 8, 8, 8, 8, 8, 8, 8, 8, 8, 8, 8, 8, 8, 8, 8, 8, 8, 8, 8, 8, 8, 8, 8, 8, 8, 8, 8, 8, 8, 8, 8, 8, 8, 8, 8, 8, 8, 8, 8, 8, 8, 8, 8, 8, 8, 8, 8, 8, 8, 8, 8, 8, 8, 8, 8, 8, 8, 8, 8, 8, 8, 8, 8, 8, 8, 8, 8, 8, 8, 8, 8, 8, 8, 8, 8, 8, 8, 8, 8, 8, 8, 8, 8, 8, 8, 8, 8, 8, 8, 8, 8, 8, 8, 8, 8, 8, 8, 8, 8, 8, 8, 8, 8, 8, 8, 8, 8, 8, 8, 8, 8, 8, 8, 8, 8, 8, 8, 8, 8, 8, 8, 8, 8, 8, 8, 8, 8, 8, 8, 8, 8, 8, 8, 8, 8, 8, 8, 8, 8, 8, 8, 8, 8, 8, 8, 8, 8, 8, 8, 8, 8, 8, 8, 8, 8, 8, 8, 8, 8, 8, 8, 8, 8, 8, 8, 8, 8, 8, 8, 8, 8, 8, 8, 8, 8, 8, 8, 8, 8, 8, 8, 8, 8, 8, 8, 8, 8, 8, 8, 8, 8, 8, 8, 8, 8, 8, 8, 8, 8, 8, 8, 8, 8, 8, 8, 8, 8, 8, 8, 8, 8, 8, 8, 8, 8, 8, 8, 8, 8, 8, 8, 8, 8, 8, 8, 8, 8, 8, 8, 8, 8, 8, 8, 8, 8, 8, 8, 8, 8, 8, 8, 8, 8, 8, 8, 8, 8, 8, 8, 8, 8, 8, 8, 8, 8, 8, 8, 8, 8, 8, 8, 8, 8, 8, 8, 8, 8, 8, 8, 8, 8, 8, 8, 8, 8, 8, 8, 8, 8, 8, 8, 8, 8, 8, 8, 8, 8, 8, 8, 8, 8, 8, 8, 8, 8, 8, 8, 8, 8, 8, 8, 8, 8, 8, 8, 8, 8, 8, 8, 8, 8, 8, 8, 8, 8, 8, 8, 8, 8, 8, 8, 8, 8, 8, 8, 8, 8, 8, 8, 8, 8, 8, 8, 8, 8, 8, 8, 8, 8, 8, 8, 8, 8, 8, 8, 8, 8, 8, 8, 8, 8, 8, 8, 8, 8, 8, 8, 8, 8, 8, 8, 8, 8, 8, 8, 8, 8, 8, 8, 8, 8, 8, 8, 8, 8, 8, 8, 8, 8, 8, 8, 8, 8, 8, 8, 8, 8, 8, 8, 8, 8, 8, 8, 8, 8, 8, 8, 8, 8, 8, 8, 8, 8, 8, 8, 8, 8, 8, 8, 8, 8, 8, 8, 8, 8, 8, 8, 8, 8, 8, 8, 8, 8, 8, 8, 8, 8, 8, 8, 8, 8, 8, 8, 8, 8, 8, 8, 8, 8, 8, 8, 8, 8, 8, 8, 8, 8, 8, 8, 8, 8, 8, 8, 8, 8, 8, 8, 8, 8, 8, 8, 8, 8, 8, 8, 8, 8, 8, 8, 8, 8, 8, 8, 8, 8, 8, 8, 8, 8, 8, 8, 8, 8, 8, 8, 8, 8, 8, 8, 8, 8, 8, 8, 8, 8, 8, 8, 8, 8, 8, 8, 8, 8, 8, 8, 8, 8, 8, 8, 8, 8, 8, 8, 8, 8, 8, 8, 8, 8, 8, 8, 8, 8, 8, 8, 8, 8, 8, 8, 8, 8, 8, 8, 8, 8, 8, 8, 8, 8, 8, 8, 8, 8, 8, 8, 8, 8, 8, 8, 8, 8, 8, 8, 8, 8, 8, 8, 8, 8, 8, 8, 8, 8, 8, 8, 8, 8, 8, 8, 8, 8, 8, 8, 8, 8, 8, 8, 8, 8, 8, 8, 8, 8, 8, 8, 8, 8, 8, 8, 8, 8, 8, 8, 8, 8, 8, 8, 8, 8, 8, 8, 8, 8, 8, 8, 8, 8, 8, 8, 8, 8, 8, 8, 8, 8, 8, 8, 8, 8, 8, 8, 8, 8, 8, 8, 8, 8, 8, 8, 8, 8, 8, 8, 8, 8, 8, 8, 8, 8, 8, 8, 8, 8, 8, 8, 8, 8, 8, 8, 8, 8, 8, 8, 8, 8, 8, 8, 8, 8, 8, 8, 8, 8, 8, 8, 8, 8, 8, 8, 8, 8, 8, 8, 8, 8, 8, 8, 8, 8, 8, 8, 8, 8, 8, 8, 8, 8, 8, 8, 8, 8, 8, 8, 8, 8, 8, 8, 8, 8, 8, 8, 8, 8, 8, 8, 8, 8, 8, 8, 8, 8, 8, 8, 8, 8, 8, 8, 8, 8, 8, 8, 8, 8, 8, 8, 8, 8, 8, 8, 8, 8, 8, 8, 8, 8, 8, 8, 8, 8, 8, 8, 8, 8, 8, 8, 8, 8, 8, 8, 8, 8, 8, 8, 8, 8, 8, 8, 8, 8, 8, 8, 8, 8, 8, 8, 8, 8, 8, 8, 8, 8, 8, 8, 8, 8, 8, 8, 8, 8, 8, 8, 8, 8, 8, 8, 8, 8, 8, 8, 8, 8, 8, 8, 8, 8, 8, 8, 8, 8, 8, 8, 8, 8, 8, 8, 8, 8, 8, 8, 8, 8, 8, 8, 8, 8, 8, 8, 8, 8, 8, 8, 8, 8, 8, 8, 8, 8, 8, 8, 8, 8, 8, 8, 8, 8, 8, 8, 8, 8, 8, 8, 8, 8, 8, 8, 8, 8, 8, 8, 8, 8, 8, 8, 8, 8, 8, 8, 8, 8, 8, 8, 8, 8, 8, 8, 8, 8, 8, 8, 8, 8, 8, 8, 8, 8, 8, 8, 8, 8, 8, 8, 8, 8, 8, 8, 8, 8, 8, 8, 8, 8, 8, 8, 8, 8, 8, 8, 8, 8, 8, 8, 8, 8, 8, 8, 8, 8, 8, 8, 8, 8, 8, 8, 8, 8, 8, 8, 8, 8, 8, 8, 8, 8, 8, 8, 8, 8, 8, 8, 8, 8, 8, 8, 8, 8, 8, 8, 8, 8, 8, 8, 8, 8, 8, 8, 8, 8, 8, 8, 8, 8, 8, 8, 8, 8, 8, 8, 8, 8, 8, 8, 8, 8, 8, 8, 8, 8, 8, 8, 8, 8, 8, 8, 8, 8, 8, 8, 8, 8, 8, 8, 8, 8, 8, 8, 8, 8, 8, 8, 8, 8, 8, 8, 8, 8, 8, 8, 8, 8, 8, 8, 8, 8, 8, 8, 8, 8, 8, 8, 8, 8, 8, 8, 8, 8, 8, 8, 8, 8, 8, 8, 8, 8, 8, 8, 8, 8, 8, 8, 8, 8, 8, 8, 8, 8, 8, 8, 8, 8, 8, 8, 8, 8, 8, 8, 8, 8, 8, 8, 8, 8, 8, 8, 8, 8, 8, 8, 8, 8, 8, 8, 8, 8, 8, 8, 8, 8, 8, 8, 8, 8, 8, 8, 8, 8, 8, 8, 8, 8, 8, 8, 8, 8, 8, 8, 8, 8, 8, 8, 8, 8, 8, 8, 8, 8, 8, 8, 8, 8, 8, 8, 8, 8, 8, 8, 8, 8, 8, 8, 8, 8, 8, 8, 8, 8, 8, 8, 8, 8, 8, 8, 8, 8, 8, 8, 8, 8, 8, 8, 8, 8, 8, 8, 8, 8, 8, 8, 8, 8, 8, 8, 8, 8, 8, 8, 8, 8, 8, 8, 8, 8, 8, 8, 8, 8, 8, 8, 8, 8, 8, 8, 8, 8, 8, 8, 8, 8, 8, 8, 8, 8, 8, 8, 8, 8, 8, 8, 8, 8, 8, 8, 8, 8, 8, 8, 8, 8, 8, 8, 8, 8, 8, 8, 8, 8, 8, 8, 8, 8, 8, 8, 8, 8, 8, 8, 8, 8, 8, 8, 8, 8, 8, 8, 8, 8, 8, 8, 8, 8, 8, 8, 8, 8, 8, 8, 8, 8, 8, 8, 8, 8, 8, 8, 8, 8, 8, 8, 8, 8, 8, 8, 8, 8, 8, 8, 8, 8, 8, 8, 8, 8, 8, 8, 8, 8, 8, 8, 8, 8, 8, 8, 8, 8, 8, 8, 8, 8, 8, 8, 8, 8, 8, 8, 8, 8, 8, 8, 8, 8, 8, 8, 8, 8, 8, 8, 8, 8, 8, 8, 8, 8, 8, 8, 8, 8, 8, 8, 8, 8, 8, 8, 8, 8, 8, 8, 8, 8, 8, 8, 8, 8, 8, 8, 8, 8, 8, 8, 8, 8, 8, 8, 8, 8, 8, 8, 8, 8, 8, 8, 8, 8, 8, 8, 8, 8, 8, 8, 8, 8, 8, 8, 8, 8, 8, 8, 8, 8, 8, 8, 8, 8, 8, 8, 8, 8, 8, 8, 8, 8, 8, 8, 8, 8, 8, 8, 8, 8, 8, 8, 8, 8, 8, 8, 8, 8, 8, 8, 8, 8, 8, 8, 8, 8, 8, 8, 8, 8, 8, 8, 8, 8, 8, 8, 8, 8, 8, 8, 8, 8, 8, 8, 8, 8, 8, 8, 8, 8, 8, 8, 8, 8, 8, 8, 8, 8, 8, 8, 8, 8, 8, 8, 8, 8, 8, 8, 8, 8, 8, 8, 8, 8, 8, 8, 8, 8, 8, 8, 8, 8, 8, 8, 8, 8, 8, 8, 8, 8, 8, 8, 8, 8, 8, 8, 8, 8, 8, 8, 8, 8, 8, 8, 8, 8, 8, 8, 8, 8, 8, 8, 8, 8, 8, 8, 8, 8, 8, 8, 8, 8, 8, 8, 8, 8, 8, 8, 8, 8, 8, 8, 8, 8, 8, 8, 8, 8, 8, 8, 8, 8, 8, 8, 8, 8, 8, 8, 8, 8, 8, 8, 8, 8, 8, 8, 8, 8, 8, 8, 8, 8, 8, 8, 8, 8, 8, 8, 8, 8, 8, 8, 8, 8, 8, 8, 8, 8, 8, 8, 8, 8, 8, 8, 8, 8, 8, 8, 8, 8, 8, 8, 8, 8, 8, 8, 8, 8, 8, 8, 8, 8, 8, 8, 8, 8, 8, 8, 8, 8, 8, 8, 8, 8, 8, 8, 8, 8, 8, 8, 8, 8, 8, 8, 8, 8, 8, 8, 8, 8, 8, 8, 8, 8, 8, 8, 8, 8, 8, 8, 8, 8, 8, 8, 8, 8, 8, 8, 8, 8, 8, 8, 8]
algo_list[0, 0, 0, 0, 0, 0, 0, 0, 0, 0, 0, 0, 0, 0, 0, 0, 0, 0, 0, 0, 0, 0, 0, 0, 0, 0, 0, 0, 0, 0, 0, 0, 0, 0, 0, 0, 0, 0, 0, 0, 0, 0, 0, 0, 0, 0, 0, 0, 0, 0, 0, 0, 0, 0, 0, 0, 0, 0, 0, 0, 0, 0, 0, 0, 0, 0, 0, 0, 0, 0, 0, 0, 0, 0, 0, 0, 0, 0, 0, 0, 0, 0, 0, 0, 0, 0, 0, 0, 0, 0, 0, 0, 0, 0, 0, 0, 0, 0, 0, 0, 0, 0, 0, 0, 0, 0, 0, 0, 0, 0, 0, 0, 0, 0, 0, 0, 0, 0, 0, 0, 0, 0, 0, 0, 0, 0, 0, 0, 0, 0, 0, 0, 0, 0, 0, 0, 0, 0, 0, 0, 0, 0, 0, 0, 0, 0, 0, 0, 0, 0, 0, 0, 0, 0, 0, 0, 0, 0, 0, 0, 0, 0, 0, 0, 0, 0, 0, 0, 0, 0, 0, 0, 0, 0, 0, 0, 0, 0, 0, 0, 0, 0, 0, 0, 0, 0, 0, 0, 0, 0, 0, 0, 0, 0, 0, 0, 0, 0, 0, 0, 0, 0, 0, 0, 0, 0, 0, 0, 0, 0, 0, 0, 0, 0, 0, 0, 0, 0, 0, 0, 0, 0, 0, 0, 0, 0, 0, 0, 0, 0, 0, 0, 0, 0, 0, 0, 0, 0, 0, 0, 0, 0, 0, 0, 0, 0, 0, 0, 0, 0, 0, 0, 0, 0, 0, 0, 0, 0, 0, 0, 0, 0, 0, 0, 0, 0, 0, 0, 0, 0, 0, 0, 0, 0, 0, 0, 0, 0, 0, 0, 0, 0, 0, 0, 0, 0, 0, 0, 0, 0, 0, 0, 0, 0, 0, 0, 0, 0, 0, 0, 0, 0, 0, 0, 0, 0, 0, 0, 0, 0, 0, 0, 0, 0, 0, 0, 0, 0, 0, 0, 0, 0, 0, 0, 0, 0, 0, 0, 0, 0, 0, 0, 0, 0, 0, 0, 0, 0, 0, 0, 0, 0, 0, 0, 0, 0, 0, 0, 0, 0, 0, 0, 0, 0, 0, 0, 0, 0, 0, 0, 0, 0, 0, 0, 0, 0, 0, 0, 0, 0, 0, 0, 0, 0, 0, 0, 0, 0, 0, 0, 0, 0, 0, 0, 0, 0, 0, 0, 0, 0, 0, 0, 0, 0, 0, 0, 0, 0, 0, 0, 0, 0, 0, 0, 0, 0, 0, 0, 0, 0, 0, 0, 0, 0, 0, 0, 0, 0, 0, 0, 0, 0, 0, 0, 0, 0, 0, 0, 0, 0, 0, 0, 0, 0, 0, 0, 0, 0, 0, 0, 0, 0, 0, 0, 0, 0, 0, 0, 0, 0, 0, 0, 0, 0, 0, 0, 0, 0, 0, 0, 0, 0, 0, 0, 0, 0, 0, 0, 0, 0, 0, 0, 0, 0, 0, 0, 0, 0, 0, 0, 0, 0, 0, 0, 0, 0, 0, 0, 0, 0, 0, 0, 0, 0, 0, 0, 0, 0, 0, 0, 0, 0, 0, 0, 0, 0, 0, 0, 0, 0, 0, 0, 0, 0, 0, 0, 0, 0, 0, 0, 0, 0, 0, 0, 0, 0, 0, 0, 0, 0, 0, 0, 0, 0, 0, 0, 0, 0, 0, 0, 0, 0, 0, 0, 0, 0, 0, 0, 0, 0, 0, 0, 0, 0, 0, 0, 0, 0, 0, 0, 0, 0, 0, 0, 0, 0, 0, 0, 0, 0, 0, 0, 0, 0, 0, 0, 0, 0, 0, 0, 0, 0, 0, 0, 0, 0, 0, 0, 0, 0, 0, 0, 0, 0, 0, 0, 0, 0, 0, 0, 0, 0, 0, 0, 0, 0, 0, 0, 0, 0, 0, 0, 0, 0, 0, 0, 0, 0, 0, 0, 0, 0, 0, 0, 0, 0, 0, 0, 0, 0, 0, 0, 0, 0, 0, 0, 0, 0, 0, 0, 0, 0, 0, 0, 0, 0, 0, 0, 0, 0, 0, 0, 0, 0, 0, 0, 0, 0, 0, 0, 0, 0, 0, 0, 0, 0, 0, 0, 0, 0, 0, 0, 0, 0, 0, 0, 0, 0, 0, 0, 0, 0, 0, 0, 0, 0, 0, 0, 0, 0, 0, 0, 0, 0, 0, 0, 0, 0, 0, 0, 0, 0, 0, 0, 0, 0, 0, 0, 0, 0, 0, 0, 0, 0, 0, 0, 0, 0, 0, 0, 0, 0, 0, 0, 0, 0, 0, 0, 0, 0, 0, 0, 0, 0, 0, 0, 0, 0, 0, 0, 0, 0, 0, 0, 0, 0, 0, 0, 0, 0, 0, 0, 0, 0, 0, 0, 0, 0, 0, 0, 0, 0, 0, 0, 0, 0, 0, 0, 0, 0, 0, 0, 0, 0, 0, 0, 0, 0, 0, 0, 0, 0, 0, 0, 0, 0, 0, 0, 0, 0, 0, 0, 0, 0, 0, 0, 0, 0, 0, 0, 0, 0, 0, 0, 0, 0, 0, 0, 0, 0, 0, 0, 0, 0, 0, 0, 0, 0, 0, 0, 0, 0, 0, 0, 0, 0, 0, 0, 0, 0, 0, 0, 0, 0, 0, 0, 0, 0, 0, 0, 0, 0, 0, 0, 0, 0, 0, 0, 0, 0, 0, 0, 0, 0, 0, 0, 0, 0, 0, 0, 0, 0, 0, 0, 0, 0, 0, 0, 0, 0, 0, 0, 0, 0, 0, 0, 0, 0, 0, 0, 0, 0, 0, 0, 0, 0, 0, 0, 0, 0, 0, 0, 0, 0, 0, 0, 0, 0, 0, 0, 0, 0, 0, 0, 0, 0, 0, 0, 0, 0, 0, 0, 0, 0, 0, 0, 0, 0, 0, 0, 0, 0, 0, 0, 0, 0, 0, 0, 0, 0, 0, 0, 0, 0, 0, 0, 0, 0, 0, 0, 0, 0, 0, 0, 0, 0, 0, 0, 0, 0, 0, 0, 0, 0, 0, 0, 0, 0, 0, 0, 0, 0, 0, 0, 0, 0, 0, 0, 0, 0, 0, 0, 0, 0, 0, 0, 0, 0, 0, 0, 0, 0, 0, 0, 0, 0, 0, 0, 0, 0, 0, 0, 0, 0, 0, 0, 0, 0, 0, 0, 0, 0, 0, 0, 0, 0, 0, 0, 0, 0, 0, 0, 0, 0, 0, 0, 0, 0, 0, 0, 0, 0, 0, 0, 0, 0, 0, 0, 0, 0, 0, 0, 0, 0, 0, 0, 0, 0, 0, 0, 0, 0, 0, 0, 0, 0, 0, 0, 0, 0, 0, 0, 0, 0, 0, 0, 0, 0, 0, 0, 0, 0, 0, 0, 0, 0, 0, 0, 0, 0, 0, 0, 0, 0, 0, 0, 0, 0, 0, 0, 0, 0, 0, 0, 0, 0, 0, 0, 0, 0, 0, 0, 0, 0, 0, 0, 0, 0, 0, 0, 0, 0, 0, 0, 0, 0, 0, 0, 0, 0, 0, 0, 0, 0, 0, 0, 0, 0, 0, 0, 0, 0, 0, 0, 0, 0, 0, 0, 0, 0, 0, 0, 0, 0, 0, 0, 0, 0, 0, 0, 0, 0, 0, 0, 0, 0, 0, 0, 0, 0, 0, 0, 0, 0, 0, 0, 0, 0, 0, 0, 0, 0, 0, 0, 0, 0, 0, 0, 0, 0, 0, 0, 0, 0, 0, 0, 0, 0, 0, 0, 0, 0, 0, 0, 0, 0, 0, 0, 0, 0, 0, 0, 0, 0, 0, 0, 0, 0, 0, 0, 0, 0, 0, 0, 0, 0, 0, 0, 0, 0, 0, 0, 0, 0, 0, 0, 0, 0, 0, 0, 0, 0, 0, 0, 0, 0, 0, 0, 0, 0, 0, 0, 0, 0, 0, 0, 0, 0, 0, 0, 0, 0, 0, 0, 0, 0, 0, 0, 0, 0, 0, 0, 0, 0, 0, 0, 0, 0, 0, 0, 0, 0, 0, 0, 0, 0, 0, 0, 0, 0, 0, 0, 0, 0, 0, 0, 0, 0, 0, 0, 0, 0, 0, 0, 0, 0, 0, 0, 0, 0, 0, 0, 0, 0, 0, 0, 0, 0, 0, 0, 0, 0, 0, 0, 0, 0, 0, 0, 0, 0, 0, 0, 0, 0, 0, 0, 0, 0, 0, 0, 0, 0, 0, 0, 0, 0, 0, 0, 0, 0, 0, 0, 0, 0, 0, 0, 0, 0, 0, 0, 0, 0, 0, 0, 0, 0, 0, 0, 0, 0, 0, 0, 0, 0, 0, 0, 0, 0, 0, 0, 0, 0, 0, 0, 0, 0, 0, 0, 0, 0, 0, 0, 0, 0, 0, 0, 0, 0, 0, 0, 0, 0, 0, 0, 0, 0, 0, 0, 0, 0, 0, 0, 0, 0, 0, 0, 0, 0, 0, 0, 0, 0, 0, 0, 0, 0, 0, 0, 0, 0, 0, 0, 0, 0, 0, 0, 0, 0, 0, 0, 0, 0, 0, 0, 0, 0, 0, 0, 0, 0, 0, 0, 0, 0, 0, 0, 0, 0, 0, 0, 0, 0, 0, 0, 0, 0, 0, 0, 0, 0, 0, 0, 0, 0, 0, 0, 0, 0, 0, 0, 0, 0, 0, 0, 0, 0, 0, 0, 0, 0, 0, 0, 0, 0, 0, 0, 0, 0, 0, 0, 0, 0, 0, 0, 0, 0, 0, 0, 0, 0, 0, 0, 0, 0, 0, 0, 0, 0, 0, 0, 0, 0, 0, 0, 0, 0, 0, 0, 0, 0, 0, 0, 0, 0, 0, 0, 0, 0, 0, 0, 0, 0, 0, 0, 0, 0, 0, 0, 0, 0, 0, 0, 0, 0, 0, 0, 0, 0, 0, 0, 0, 0, 0, 0, 0, 0, 0, 0, 0, 0, 0, 0, 0, 0, 0, 0, 0, 0, 0, 0, 0, 0, 0, 0, 0, 0, 0, 0, 0, 0, 0, 0, 0, 0, 0, 0, 0, 0, 0, 0, 0, 0, 0, 0, 0, 0, 0, 0, 0, 0, 0, 0, 0, 0, 0, 0, 0, 0, 0, 0, 0, 0, 0, 0, 0, 0, 0, 0, 0, 0, 0, 0, 0, 0, 0, 0, 0, 0, 0, 0, 0, 0, 0, 0, 0, 0, 0, 0, 0, 0, 0, 0, 0, 0, 0, 0, 0, 0, 0, 0, 0, 0, 0, 0, 0, 0, 0, 0, 0, 0, 0, 0, 0, 0, 0, 0, 0, 0, 0, 0, 0, 0, 0, 0, 0, 0, 0]

decode|34317.85|39727.14| op = [1667]| tp = [1, ] | dp = [8, ] | algo = [0, ] | rc = [0] | gpus = [8] | micro_bs = 8 | time = [34317] | memory = [39727]
验证解
line146:config.memory_list:[39727.14499999992]
line147:config.time_list:[34317.852709248014]
求解成功
config has been saved to /home/liminglong.lml/sxz/SuperScaler/logs-large/aceso/configs/scale-layer/128layers/scale-layer_128layers_1stages_2026-5-15-12-58-1.json

========== Best Result (num_stages = 1) ==========
|34317.85|39727.14| op = [1667]| tp = [1, ] | dp = [8, ] | algo = [0, ] | rc = [0] | gpus = [8] | micro_bs = 8 | time = [34317] | memory = [39727]
start|34317.85|39727.14| op = [1667]| tp = [1, ] | dp = [8, ] | algo = [0, ] | rc = [0] | gpus = [8] | micro_bs = 8 | time = [34317] | memory = [39727]
decode|34317.85|39727.14| op = [1667]| tp = [1, ] | dp = [8, ] | algo = [0, ] | rc = [0] | gpus = [8] | micro_bs = 8 | time = [34317] | memory = [39727]

num_targets: []
num_hops: []
search time = 0.00 s.  [0] 
num_explored_cases = 0
time trend: [34317]

stage 1 search time: 0.23 s
working on num_stages = 2
start|27453.24|36892.03| op = [834, 833]| tp = [1, 1, ] | dp = [4, 4, ] | algo = [0, 0, ] | rc = [106, 0] | gpus = [4, 4] | micro_bs = 8 | time = [27453, 26206] | memory = [36892, 36416]
line146:config.memory_list:[36892.02999999993, 36416.01899999997]
line147:config.time_list:[27453.237317292696, 26206.397028386742]
------------------------------------------------------------------------------------------------------
cegis_search for the 0th times
开始求解check...
line351:
tp_list[1, 1, 1, 1, 1, 1, 1, 1, 1, 1, 1, 1, 1, 1, 1, 1, 1, 1, 1, 1, 1, 1, 1, 1, 1, 1, 1, 1, 1, 1, 1, 1, 1, 1, 1, 1, 1, 1, 1, 1, 1, 1, 1, 1, 1, 1, 1, 1, 1, 1, 1, 1, 1, 1, 1, 1, 1, 1, 1, 1, 1, 1, 1, 1, 1, 1, 1, 1, 1, 1, 1, 1, 1, 1, 1, 1, 1, 1, 1, 1, 1, 1, 1, 1, 1, 1, 1, 1, 1, 1, 1, 1, 1, 1, 1, 1, 1, 1, 1, 1, 1, 1, 1, 1, 1, 1, 1, 1, 1, 1, 1, 1, 1, 1, 1, 1, 1, 1, 1, 1, 1, 1, 1, 1, 1, 1, 1, 1, 1, 1, 1, 1, 1, 1, 1, 1, 1, 1, 1, 1, 1, 1, 1, 1, 1, 1, 1, 1, 1, 1, 1, 1, 1, 1, 1, 1, 1, 1, 1, 1, 1, 1, 1, 1, 1, 1, 1, 1, 1, 1, 1, 1, 1, 1, 1, 1, 1, 1, 1, 1, 1, 1, 1, 1, 1, 1, 1, 1, 1, 1, 1, 1, 1, 1, 1, 1, 1, 1, 1, 1, 1, 1, 1, 1, 1, 1, 1, 1, 1, 1, 1, 1, 1, 1, 1, 1, 1, 1, 1, 1, 1, 1, 1, 1, 1, 1, 1, 1, 1, 1, 1, 1, 1, 1, 1, 1, 1, 1, 1, 1, 1, 1, 1, 1, 1, 1, 1, 1, 1, 1, 1, 1, 1, 1, 1, 1, 1, 1, 1, 1, 1, 1, 1, 1, 1, 1, 1, 1, 1, 1, 1, 1, 1, 1, 1, 1, 1, 1, 1, 1, 1, 1, 1, 1, 1, 1, 1, 1, 1, 1, 1, 1, 1, 1, 1, 1, 1, 1, 1, 1, 1, 1, 1, 1, 1, 1, 1, 1, 1, 1, 1, 1, 1, 1, 1, 1, 1, 1, 1, 1, 1, 1, 1, 1, 1, 1, 1, 1, 1, 1, 1, 1, 1, 1, 1, 1, 1, 1, 1, 1, 1, 1, 1, 1, 1, 1, 1, 1, 1, 1, 1, 1, 1, 1, 1, 1, 1, 1, 1, 1, 1, 1, 1, 1, 1, 1, 1, 1, 1, 1, 1, 1, 1, 1, 1, 1, 1, 1, 1, 1, 1, 1, 1, 1, 1, 1, 1, 1, 1, 1, 1, 1, 1, 1, 1, 1, 1, 1, 1, 1, 1, 1, 1, 1, 1, 1, 1, 1, 1, 1, 1, 1, 1, 1, 1, 1, 1, 1, 1, 1, 1, 1, 1, 1, 1, 1, 1, 1, 1, 1, 1, 1, 1, 1, 1, 1, 1, 1, 1, 1, 1, 1, 1, 1, 1, 1, 1, 1, 1, 1, 1, 1, 1, 1, 1, 1, 1, 1, 1, 1, 1, 1, 1, 1, 1, 1, 1, 1, 1, 1, 1, 1, 1, 1, 1, 1, 1, 1, 1, 1, 1, 1, 1, 1, 1, 1, 1, 1, 1, 1, 1, 1, 1, 1, 1, 1, 1, 1, 1, 1, 1, 1, 1, 1, 1, 1, 1, 1, 1, 1, 1, 1, 1, 1, 1, 1, 1, 1, 1, 1, 1, 1, 1, 1, 1, 1, 1, 1, 1, 1, 1, 1, 1, 1, 1, 1, 1, 1, 1, 1, 1, 1, 1, 1, 1, 1, 1, 1, 1, 1, 1, 1, 1, 1, 1, 1, 1, 1, 1, 1, 1, 1, 1, 1, 1, 1, 1, 1, 1, 1, 1, 1, 1, 1, 1, 1, 1, 1, 1, 1, 1, 1, 1, 1, 1, 1, 1, 1, 1, 1, 1, 1, 1, 1, 1, 1, 1, 1, 1, 1, 1, 1, 1, 1, 1, 1, 1, 1, 1, 1, 1, 1, 1, 1, 1, 1, 1, 1, 1, 1, 1, 1, 1, 1, 1, 1, 1, 1, 1, 1, 1, 1, 1, 1, 1, 1, 1, 1, 1, 1, 1, 1, 1, 1, 1, 1, 1, 1, 1, 1, 1, 1, 1, 1, 1, 1, 1, 1, 1, 1, 1, 1, 1, 1, 1, 1, 1, 1, 1, 1, 1, 1, 1, 1, 1, 1, 1, 1, 1, 1, 1, 1, 1, 1, 1, 1, 1, 1, 1, 1, 1, 1, 1, 1, 1, 1, 1, 1, 1, 1, 1, 1, 1, 1, 1, 1, 1, 1, 1, 1, 1, 1, 1, 1, 1, 1, 1, 1, 1, 1, 1, 1, 1, 1, 1, 1, 1, 1, 1, 1, 1, 1, 1, 1, 1, 1, 1, 1, 1, 1, 1, 1, 1, 1, 1, 1, 1, 1, 1, 1, 1, 1, 1, 1, 1, 1, 1, 1, 1, 1, 1, 1, 1, 1, 1, 1, 1, 1, 1, 1, 1, 1, 1, 1, 1, 1, 1, 1, 1, 1, 1, 1, 1, 1, 1, 1, 1, 1, 1, 1, 1, 1, 1, 1, 1, 1, 1, 1, 1, 1, 1, 1, 1, 1, 1, 1, 1, 1, 1, 1, 1, 1, 1, 1, 1, 1, 1, 1, 1, 1, 1, 1, 1, 1, 1, 1, 1, 1, 1, 1, 1, 1, 1, 1, 1, 1, 1, 1, 1, 1, 1, 1, 1, 1, 1, 1, 1, 1, 1, 1, 1, 1, 1, 1, 1, 1, 1, 1, 1, 1, 1, 1, 1, 1, 1, 1, 1, 1, 1, 1, 1, 1, 1, 1, 1, 1, 1, 1, 1, 1, 1, 1, 1, 1, 1, 1, 1, 1, 1, 1, 1, 1, 1, 1, 1, 1, 1, 1, 1, 1, 1, 1, 1, 1, 1, 1, 1, 1, 1, 1, 1, 1, 1, 1, 1, 1, 1, 1, 1, 1, 1, 1, 1, 1, 1, 1, 1, 1, 1, 1, 1, 1, 1, 1, 1, 1, 1, 1, 1, 1, 1, 1, 1, 1, 1, 1, 1, 1, 1, 1, 1, 1, 1, 1, 1, 1, 1, 1, 1, 1, 1, 1, 1, 1, 1, 1, 1, 1, 1, 1, 1, 1, 1, 1, 1, 1, 1, 1, 1, 1, 1, 1, 1, 1, 1, 1, 1, 1, 1, 1, 1, 1, 1, 1, 1, 1, 1, 1, 1, 1, 1, 1, 1, 1, 1, 1, 1, 1, 1, 1, 1, 1, 1, 1, 1, 1, 1, 1, 1, 1, 1, 1, 1, 1, 1, 1, 1, 1, 1, 1, 1, 1, 1, 1, 1, 1, 1, 1, 1, 1, 1, 1, 1, 1, 1, 1, 1, 1, 1, 1, 1, 1, 1, 1, 1, 1, 1, 1, 1, 1, 1, 1, 1, 1, 1, 1, 1, 1, 1, 1, 1, 1, 1, 1, 1, 1, 1, 1, 1, 1, 1, 1, 1, 1, 1, 1, 1, 1, 1, 1, 1, 1, 1, 1, 1, 1, 1, 1, 1, 1, 1, 1, 1, 1, 1, 1, 1, 1, 1, 1, 1, 1, 1, 1, 1, 1, 1, 1, 1, 1, 1, 1, 1, 1, 1, 1, 1, 1, 1, 1, 1, 1, 1, 1, 1, 1, 1, 1, 1, 1, 1, 1, 1, 1, 1, 1, 1, 1, 1, 1, 1, 1, 1, 1, 1, 1, 1, 1, 1, 1, 1, 1, 1, 1, 1, 1, 1, 1, 1, 1, 1, 1, 1, 1, 1, 1, 1, 1, 1, 1, 1, 1, 1, 1, 1, 1, 1, 1, 1, 1, 1, 1, 1, 1, 1, 1, 1, 1, 1, 1, 1, 1, 1, 1, 1, 1, 1, 1, 1, 1, 1, 1, 1, 1, 1, 1, 1, 1, 1, 1, 1, 1, 1, 1, 1, 1, 1, 1, 1, 1, 1, 1, 1, 1, 1, 1, 1, 1, 1, 1, 1, 1, 1, 1, 1, 1, 1, 1, 1, 1, 1, 1, 1, 1, 1, 1, 1, 1, 1, 1, 1, 1, 1, 1, 1, 1, 1, 1, 1, 1, 1, 1, 1, 1, 1, 1, 1, 1, 1, 1, 1, 1, 1, 1, 1, 1, 1, 1, 1, 1, 1, 1, 1, 1, 1, 1, 1, 1, 1, 1, 1, 1, 1, 1, 1, 1, 1, 1, 1, 1, 1, 1, 1, 1, 1, 1, 1, 1, 1, 1, 1, 1, 1, 1, 1, 1, 1, 1, 1, 1, 1, 1, 1, 1, 1, 1, 1, 1, 1, 1, 1, 1, 1, 1, 1, 1, 1, 1, 1, 1, 1, 1, 1, 1, 1, 1, 1, 1, 1, 1, 1, 1, 1, 1, 1, 1, 1, 1, 1, 1, 1, 1, 1, 1, 1, 1, 1, 1, 1, 1, 1, 1, 1, 1, 1, 1, 1, 1, 1, 1, 1, 1, 1, 1, 1, 1, 1, 1, 1, 1, 1, 1, 1, 1, 1, 1, 1, 1, 1, 1, 1, 1, 1, 1, 1, 1, 1, 1, 1, 1, 1, 1, 1, 1, 1, 1, 1, 1, 1, 1, 1, 1, 1, 1, 1, 1, 1, 1, 1, 1, 1, 1, 1, 1, 1, 1, 1, 1, 1, 1, 1, 1, 1, 1, 1, 1, 1, 1, 1, 1, 1, 1, 1, 1, 1, 1, 1, 1, 1, 1, 1, 1, 1, 1, 1, 1, 1, 1, 1, 1, 1, 1, 1, 1, 1, 1, 1, 1, 1, 1, 1, 1, 1, 1, 1, 1, 1, 1, 1, 1, 1, 1, 1, 1, 1, 1, 1, 1, 1, 1, 1, 1, 1, 1, 1, 1, 1, 1, 1, 1, 1, 1, 1, 1, 1, 1, 1, 1, 1, 1, 1, 1, 1, 1, 1, 1, 1, 1, 1, 1, 1, 1, 1, 1, 1, 1, 1, 1, 1, 1, 1, 1, 1, 1, 1, 1, 1, 1, 1, 1, 1, 1, 1, 1, 1, 1, 1, 1, 1, 1, 1, 1, 1, 1, 1, 1, 1, 1, 1, 1, 1, 1, 1, 1, 1, 1, 1, 1, 1, 1, 1, 1, 1, 1, 1, 1, 1, 1, 1, 1, 1, 1, 1, 1, 1, 1, 1, 1, 1, 1, 1, 1, 1, 1, 1, 1, 1, 1, 1, 1, 1, 1, 1, 1, 1, 1, 1, 1, 1, 1, 1, 1, 1, 1, 1, 1, 1, 1, 1, 1, 1, 1, 1, 1, 1, 1, 1, 1, 1, 1, 1, 1, 1, 1, 1, 1, 1, 1, 1, 1, 1, 1, 1, 1, 1, 1, 1]
dp_list[4, 4, 4, 4, 4, 4, 4, 4, 4, 4, 4, 4, 4, 4, 4, 4, 4, 4, 4, 4, 4, 4, 4, 4, 4, 4, 4, 4, 4, 4, 4, 4, 4, 4, 4, 4, 4, 4, 4, 4, 4, 4, 4, 4, 4, 4, 4, 4, 4, 4, 4, 4, 4, 4, 4, 4, 4, 4, 4, 4, 4, 4, 4, 4, 4, 4, 4, 4, 4, 4, 4, 4, 4, 4, 4, 4, 4, 4, 4, 4, 4, 4, 4, 4, 4, 4, 4, 4, 4, 4, 4, 4, 4, 4, 4, 4, 4, 4, 4, 4, 4, 4, 4, 4, 4, 4, 4, 4, 4, 4, 4, 4, 4, 4, 4, 4, 4, 4, 4, 4, 4, 4, 4, 4, 4, 4, 4, 4, 4, 4, 4, 4, 4, 4, 4, 4, 4, 4, 4, 4, 4, 4, 4, 4, 4, 4, 4, 4, 4, 4, 4, 4, 4, 4, 4, 4, 4, 4, 4, 4, 4, 4, 4, 4, 4, 4, 4, 4, 4, 4, 4, 4, 4, 4, 4, 4, 4, 4, 4, 4, 4, 4, 4, 4, 4, 4, 4, 4, 4, 4, 4, 4, 4, 4, 4, 4, 4, 4, 4, 4, 4, 4, 4, 4, 4, 4, 4, 4, 4, 4, 4, 4, 4, 4, 4, 4, 4, 4, 4, 4, 4, 4, 4, 4, 4, 4, 4, 4, 4, 4, 4, 4, 4, 4, 4, 4, 4, 4, 4, 4, 4, 4, 4, 4, 4, 4, 4, 4, 4, 4, 4, 4, 4, 4, 4, 4, 4, 4, 4, 4, 4, 4, 4, 4, 4, 4, 4, 4, 4, 4, 4, 4, 4, 4, 4, 4, 4, 4, 4, 4, 4, 4, 4, 4, 4, 4, 4, 4, 4, 4, 4, 4, 4, 4, 4, 4, 4, 4, 4, 4, 4, 4, 4, 4, 4, 4, 4, 4, 4, 4, 4, 4, 4, 4, 4, 4, 4, 4, 4, 4, 4, 4, 4, 4, 4, 4, 4, 4, 4, 4, 4, 4, 4, 4, 4, 4, 4, 4, 4, 4, 4, 4, 4, 4, 4, 4, 4, 4, 4, 4, 4, 4, 4, 4, 4, 4, 4, 4, 4, 4, 4, 4, 4, 4, 4, 4, 4, 4, 4, 4, 4, 4, 4, 4, 4, 4, 4, 4, 4, 4, 4, 4, 4, 4, 4, 4, 4, 4, 4, 4, 4, 4, 4, 4, 4, 4, 4, 4, 4, 4, 4, 4, 4, 4, 4, 4, 4, 4, 4, 4, 4, 4, 4, 4, 4, 4, 4, 4, 4, 4, 4, 4, 4, 4, 4, 4, 4, 4, 4, 4, 4, 4, 4, 4, 4, 4, 4, 4, 4, 4, 4, 4, 4, 4, 4, 4, 4, 4, 4, 4, 4, 4, 4, 4, 4, 4, 4, 4, 4, 4, 4, 4, 4, 4, 4, 4, 4, 4, 4, 4, 4, 4, 4, 4, 4, 4, 4, 4, 4, 4, 4, 4, 4, 4, 4, 4, 4, 4, 4, 4, 4, 4, 4, 4, 4, 4, 4, 4, 4, 4, 4, 4, 4, 4, 4, 4, 4, 4, 4, 4, 4, 4, 4, 4, 4, 4, 4, 4, 4, 4, 4, 4, 4, 4, 4, 4, 4, 4, 4, 4, 4, 4, 4, 4, 4, 4, 4, 4, 4, 4, 4, 4, 4, 4, 4, 4, 4, 4, 4, 4, 4, 4, 4, 4, 4, 4, 4, 4, 4, 4, 4, 4, 4, 4, 4, 4, 4, 4, 4, 4, 4, 4, 4, 4, 4, 4, 4, 4, 4, 4, 4, 4, 4, 4, 4, 4, 4, 4, 4, 4, 4, 4, 4, 4, 4, 4, 4, 4, 4, 4, 4, 4, 4, 4, 4, 4, 4, 4, 4, 4, 4, 4, 4, 4, 4, 4, 4, 4, 4, 4, 4, 4, 4, 4, 4, 4, 4, 4, 4, 4, 4, 4, 4, 4, 4, 4, 4, 4, 4, 4, 4, 4, 4, 4, 4, 4, 4, 4, 4, 4, 4, 4, 4, 4, 4, 4, 4, 4, 4, 4, 4, 4, 4, 4, 4, 4, 4, 4, 4, 4, 4, 4, 4, 4, 4, 4, 4, 4, 4, 4, 4, 4, 4, 4, 4, 4, 4, 4, 4, 4, 4, 4, 4, 4, 4, 4, 4, 4, 4, 4, 4, 4, 4, 4, 4, 4, 4, 4, 4, 4, 4, 4, 4, 4, 4, 4, 4, 4, 4, 4, 4, 4, 4, 4, 4, 4, 4, 4, 4, 4, 4, 4, 4, 4, 4, 4, 4, 4, 4, 4, 4, 4, 4, 4, 4, 4, 4, 4, 4, 4, 4, 4, 4, 4, 4, 4, 4, 4, 4, 4, 4, 4, 4, 4, 4, 4, 4, 4, 4, 4, 4, 4, 4, 4, 4, 4, 4, 4, 4, 4, 4, 4, 4, 4, 4, 4, 4, 4, 4, 4, 4, 4, 4, 4, 4, 4, 4, 4, 4, 4, 4, 4, 4, 4, 4, 4, 4, 4, 4, 4, 4, 4, 4, 4, 4, 4, 4, 4, 4, 4, 4, 4, 4, 4, 4, 4, 4, 4, 4, 4, 4, 4, 4, 4, 4, 4, 4, 4, 4, 4, 4, 4, 4, 4, 4, 4, 4, 4, 4, 4, 4, 4, 4, 4, 4, 4, 4, 4, 4, 4, 4, 4, 4, 4, 4, 4, 4, 4, 4, 4, 4, 4, 4, 4, 4, 4, 4, 4, 4, 4, 4, 4, 4, 4, 4, 4, 4, 4, 4, 4, 4, 4, 4, 4, 4, 4, 4, 4, 4, 4, 4, 4, 4, 4, 4, 4, 4, 4, 4, 4, 4, 4, 4, 4, 4, 4, 4, 4, 4, 4, 4, 4, 4, 4, 4, 4, 4, 4, 4, 4, 4, 4, 4, 4, 4, 4, 4, 4, 4, 4, 4, 4, 4, 4, 4, 4, 4, 4, 4, 4, 4, 4, 4, 4, 4, 4, 4, 4, 4, 4, 4, 4, 4, 4, 4, 4, 4, 4, 4, 4, 4, 4, 4, 4, 4, 4, 4, 4, 4, 4, 4, 4, 4, 4, 4, 4, 4, 4, 4, 4, 4, 4, 4, 4, 4, 4, 4, 4, 4, 4, 4, 4, 4, 4, 4, 4, 4, 4, 4, 4, 4, 4, 4, 4, 4, 4, 4, 4, 4, 4, 4, 4, 4, 4, 4, 4, 4, 4, 4, 4, 4, 4, 4, 4, 4, 4, 4, 4, 4, 4, 4, 4, 4, 4, 4, 4, 4, 4, 4, 4, 4, 4, 4, 4, 4, 4, 4, 4, 4, 4, 4, 4, 4, 4, 4, 4, 4, 4, 4, 4, 4, 4, 4, 4, 4, 4, 4, 4, 4, 4, 4, 4, 4, 4, 4, 4, 4, 4, 4, 4, 4, 4, 4, 4, 4, 4, 4, 4, 4, 4, 4, 4, 4, 4, 4, 4, 4, 4, 4, 4, 4, 4, 4, 4, 4, 4, 4, 4, 4, 4, 4, 4, 4, 4, 4, 4, 4, 4, 4, 4, 4, 4, 4, 4, 4, 4, 4, 4, 4, 4, 4, 4, 4, 4, 4, 4, 4, 4, 4, 4, 4, 4, 4, 4, 4, 4, 4, 4, 4, 4, 4, 4, 4, 4, 4, 4, 4, 4, 4, 4, 4, 4, 4, 4, 4, 4, 4, 4, 4, 4, 4, 4, 4, 4, 4, 4, 4, 4, 4, 4, 4, 4, 4, 4, 4, 4, 4, 4, 4, 4, 4, 4, 4, 4, 4, 4, 4, 4, 4, 4, 4, 4, 4, 4, 4, 4, 4, 4, 4, 4, 4, 4, 4, 4, 4, 4, 4, 4, 4, 4, 4, 4, 4, 4, 4, 4, 4, 4, 4, 4, 4, 4, 4, 4, 4, 4, 4, 4, 4, 4, 4, 4, 4, 4, 4, 4, 4, 4, 4, 4, 4, 4, 4, 4, 4, 4, 4, 4, 4, 4, 4, 4, 4, 4, 4, 4, 4, 4, 4, 4, 4, 4, 4, 4, 4, 4, 4, 4, 4, 4, 4, 4, 4, 4, 4, 4, 4, 4, 4, 4, 4, 4, 4, 4, 4, 4, 4, 4, 4, 4, 4, 4, 4, 4, 4, 4, 4, 4, 4, 4, 4, 4, 4, 4, 4, 4, 4, 4, 4, 4, 4, 4, 4, 4, 4, 4, 4, 4, 4, 4, 4, 4, 4, 4, 4, 4, 4, 4, 4, 4, 4, 4, 4, 4, 4, 4, 4, 4, 4, 4, 4, 4, 4, 4, 4, 4, 4, 4, 4, 4, 4, 4, 4, 4, 4, 4, 4, 4, 4, 4, 4, 4, 4, 4, 4, 4, 4, 4, 4, 4, 4, 4, 4, 4, 4, 4, 4, 4, 4, 4, 4, 4, 4, 4, 4, 4, 4, 4, 4, 4, 4, 4, 4, 4, 4, 4, 4, 4, 4, 4, 4, 4, 4, 4, 4, 4, 4, 4, 4, 4, 4, 4, 4, 4, 4, 4, 4, 4, 4, 4, 4, 4, 4, 4, 4, 4, 4, 4, 4, 4, 4, 4, 4, 4, 4, 4, 4, 4, 4, 4, 4, 4, 4, 4, 4, 4, 4, 4, 4, 4, 4, 4, 4, 4, 4, 4, 4, 4, 4, 4, 4, 4, 4, 4, 4, 4, 4, 4, 4, 4, 4, 4, 4, 4, 4, 4, 4, 4, 4, 4, 4, 4, 4, 4, 4, 4, 4, 4, 4, 4, 4, 4, 4, 4, 4, 4, 4, 4, 4, 4, 4, 4, 4, 4, 4, 4, 4, 4, 4, 4, 4, 4, 4, 4, 4, 4, 4, 4, 4, 4, 4, 4, 4, 4, 4, 4, 4, 4, 4, 4, 4, 4, 4, 4, 4, 4, 4, 4, 4, 4, 4, 4, 4, 4, 4, 4, 4, 4, 4, 4, 4, 4, 4, 4, 4, 4, 4, 4, 4, 4, 4, 4, 4, 4, 4, 4, 4, 4, 4, 4, 4, 4, 4, 4, 4, 4, 4, 4, 4, 4, 4, 4, 4, 4, 4, 4, 4, 4, 4, 4, 4, 4, 4, 4, 4, 4, 4, 4, 4, 4, 4, 4, 4, 4, 4, 4, 4, 4, 4, 4, 4, 4, 4, 4, 4, 4, 4, 4, 4, 4, 4, 4, 4, 4, 4, 4, 4, 4, 4, 4, 4, 4, 4, 4, 4, 4, 4, 4, 4, 4, 4, 4, 4, 4, 4, 4, 4]
algo_list[0, 0, 0, 0, 0, 0, 0, 0, 0, 0, 0, 0, 0, 0, 0, 0, 0, 0, 0, 0, 0, 0, 0, 0, 0, 0, 0, 0, 0, 0, 0, 0, 0, 0, 0, 0, 0, 0, 0, 0, 0, 0, 0, 0, 0, 0, 0, 0, 0, 0, 0, 0, 0, 0, 0, 0, 0, 0, 0, 0, 0, 0, 0, 0, 0, 0, 0, 0, 0, 0, 0, 0, 0, 0, 0, 0, 0, 0, 0, 0, 0, 0, 0, 0, 0, 0, 0, 0, 0, 0, 0, 0, 0, 0, 0, 0, 0, 0, 0, 0, 0, 0, 0, 0, 0, 0, 0, 0, 0, 0, 0, 0, 0, 0, 0, 0, 0, 0, 0, 0, 0, 0, 0, 0, 0, 0, 0, 0, 0, 0, 0, 0, 0, 0, 0, 0, 0, 0, 0, 0, 0, 0, 0, 0, 0, 0, 0, 0, 0, 0, 0, 0, 0, 0, 0, 0, 0, 0, 0, 0, 0, 0, 0, 0, 0, 0, 0, 0, 0, 0, 0, 0, 0, 0, 0, 0, 0, 0, 0, 0, 0, 0, 0, 0, 0, 0, 0, 0, 0, 0, 0, 0, 0, 0, 0, 0, 0, 0, 0, 0, 0, 0, 0, 0, 0, 0, 0, 0, 0, 0, 0, 0, 0, 0, 0, 0, 0, 0, 0, 0, 0, 0, 0, 0, 0, 0, 0, 0, 0, 0, 0, 0, 0, 0, 0, 0, 0, 0, 0, 0, 0, 0, 0, 0, 0, 0, 0, 0, 0, 0, 0, 0, 0, 0, 0, 0, 0, 0, 0, 0, 0, 0, 0, 0, 0, 0, 0, 0, 0, 0, 0, 0, 0, 0, 0, 0, 0, 0, 0, 0, 0, 0, 0, 0, 0, 0, 0, 0, 0, 0, 0, 0, 0, 0, 0, 0, 0, 0, 0, 0, 0, 0, 0, 0, 0, 0, 0, 0, 0, 0, 0, 0, 0, 0, 0, 0, 0, 0, 0, 0, 0, 0, 0, 0, 0, 0, 0, 0, 0, 0, 0, 0, 0, 0, 0, 0, 0, 0, 0, 0, 0, 0, 0, 0, 0, 0, 0, 0, 0, 0, 0, 0, 0, 0, 0, 0, 0, 0, 0, 0, 0, 0, 0, 0, 0, 0, 0, 0, 0, 0, 0, 0, 0, 0, 0, 0, 0, 0, 0, 0, 0, 0, 0, 0, 0, 0, 0, 0, 0, 0, 0, 0, 0, 0, 0, 0, 0, 0, 0, 0, 0, 0, 0, 0, 0, 0, 0, 0, 0, 0, 0, 0, 0, 0, 0, 0, 0, 0, 0, 0, 0, 0, 0, 0, 0, 0, 0, 0, 0, 0, 0, 0, 0, 0, 0, 0, 0, 0, 0, 0, 0, 0, 0, 0, 0, 0, 0, 0, 0, 0, 0, 0, 0, 0, 0, 0, 0, 0, 0, 0, 0, 0, 0, 0, 0, 0, 0, 0, 0, 0, 0, 0, 0, 0, 0, 0, 0, 0, 0, 0, 0, 0, 0, 0, 0, 0, 0, 0, 0, 0, 0, 0, 0, 0, 0, 0, 0, 0, 0, 0, 0, 0, 0, 0, 0, 0, 0, 0, 0, 0, 0, 0, 0, 0, 0, 0, 0, 0, 0, 0, 0, 0, 0, 0, 0, 0, 0, 0, 0, 0, 0, 0, 0, 0, 0, 0, 0, 0, 0, 0, 0, 0, 0, 0, 0, 0, 0, 0, 0, 0, 0, 0, 0, 0, 0, 0, 0, 0, 0, 0, 0, 0, 0, 0, 0, 0, 0, 0, 0, 0, 0, 0, 0, 0, 0, 0, 0, 0, 0, 0, 0, 0, 0, 0, 0, 0, 0, 0, 0, 0, 0, 0, 0, 0, 0, 0, 0, 0, 0, 0, 0, 0, 0, 0, 0, 0, 0, 0, 0, 0, 0, 0, 0, 0, 0, 0, 0, 0, 0, 0, 0, 0, 0, 0, 0, 0, 0, 0, 0, 0, 0, 0, 0, 0, 0, 0, 0, 0, 0, 0, 0, 0, 0, 0, 0, 0, 0, 0, 0, 0, 0, 0, 0, 0, 0, 0, 0, 0, 0, 0, 0, 0, 0, 0, 0, 0, 0, 0, 0, 0, 0, 0, 0, 0, 0, 0, 0, 0, 0, 0, 0, 0, 0, 0, 0, 0, 0, 0, 0, 0, 0, 0, 0, 0, 0, 0, 0, 0, 0, 0, 0, 0, 0, 0, 0, 0, 0, 0, 0, 0, 0, 0, 0, 0, 0, 0, 0, 0, 0, 0, 0, 0, 0, 0, 0, 0, 0, 0, 0, 0, 0, 0, 0, 0, 0, 0, 0, 0, 0, 0, 0, 0, 0, 0, 0, 0, 0, 0, 0, 0, 0, 0, 0, 0, 0, 0, 0, 0, 0, 0, 0, 0, 0, 0, 0, 0, 0, 0, 0, 0, 0, 0, 0, 0, 0, 0, 0, 0, 0, 0, 0, 0, 0, 0, 0, 0, 0, 0, 0, 0, 0, 0, 0, 0, 0, 0, 0, 0, 0, 0, 0, 0, 0, 0, 0, 0, 0, 0, 0, 0, 0, 0, 0, 0, 0, 0, 0, 0, 0, 0, 0, 0, 0, 0, 0, 0, 0, 0, 0, 0, 0, 0, 0, 0, 0, 0, 0, 0, 0, 0, 0, 0, 0, 0, 0, 0, 0, 0, 0, 0, 0, 0, 0, 0, 0, 0, 0, 0, 0, 0, 0, 0, 0, 0, 0, 0, 0, 0, 0, 0, 0, 0, 0, 0, 0, 0, 0, 0, 0, 0, 0, 0, 0, 0, 0, 0, 0, 0, 0, 0, 0, 0, 0, 0, 0, 0, 0, 0, 0, 0, 0, 0, 0, 0, 0, 0, 0, 0, 0, 0, 0, 0, 0, 0, 0, 0, 0, 0, 0, 0, 0, 0, 0, 0, 0, 0, 0, 0, 0, 0, 0, 0, 0, 0, 0, 0, 0, 0, 0, 0, 0, 0, 0, 0, 0, 0, 0, 0, 0, 0, 0, 0, 0, 0, 0, 0, 0, 0, 0, 0, 0, 0, 0, 0, 0, 0, 0, 0, 0, 0, 0, 0, 0, 0, 0, 0, 0, 0, 0, 0, 0, 0, 0, 0, 0, 0, 0, 0, 0, 0, 0, 0, 0, 0, 0, 0, 0, 0, 0, 0, 0, 0, 0, 0, 0, 0, 0, 0, 0, 0, 0, 0, 0, 0, 0, 0, 0, 0, 0, 0, 0, 0, 0, 0, 0, 0, 0, 0, 0, 0, 0, 0, 0, 0, 0, 0, 0, 0, 0, 0, 0, 0, 0, 0, 0, 0, 0, 0, 0, 0, 0, 0, 0, 0, 0, 0, 0, 0, 0, 0, 0, 0, 0, 0, 0, 0, 0, 0, 0, 0, 0, 0, 0, 0, 0, 0, 0, 0, 0, 0, 0, 0, 0, 0, 0, 0, 0, 0, 0, 0, 0, 0, 0, 0, 0, 0, 0, 0, 0, 0, 0, 0, 0, 0, 0, 0, 0, 0, 0, 0, 0, 0, 0, 0, 0, 0, 0, 0, 0, 0, 0, 0, 0, 0, 0, 0, 0, 0, 0, 0, 0, 0, 0, 0, 0, 0, 0, 0, 0, 0, 0, 0, 0, 0, 0, 0, 0, 0, 0, 0, 0, 0, 0, 0, 0, 0, 0, 0, 0, 0, 0, 0, 0, 0, 0, 0, 0, 0, 0, 0, 0, 0, 0, 0, 0, 0, 0, 0, 0, 0, 0, 0, 0, 0, 0, 0, 0, 0, 0, 0, 0, 0, 0, 0, 0, 0, 0, 0, 0, 0, 0, 0, 0, 0, 0, 0, 0, 0, 0, 0, 0, 0, 0, 0, 0, 0, 0, 0, 0, 0, 0, 0, 0, 0, 0, 0, 0, 0, 0, 0, 0, 0, 0, 0, 0, 0, 0, 0, 0, 0, 0, 0, 0, 0, 0, 0, 0, 0, 0, 0, 0, 0, 0, 0, 0, 0, 0, 0, 0, 0, 0, 0, 0, 0, 0, 0, 0, 0, 0, 0, 0, 0, 0, 0, 0, 0, 0, 0, 0, 0, 0, 0, 0, 0, 0, 0, 0, 0, 0, 0, 0, 0, 0, 0, 0, 0, 0, 0, 0, 0, 0, 0, 0, 0, 0, 0, 0, 0, 0, 0, 0, 0, 0, 0, 0, 0, 0, 0, 0, 0, 0, 0, 0, 0, 0, 0, 0, 0, 0, 0, 0, 0, 0, 0, 0, 0, 0, 0, 0, 0, 0, 0, 0, 0, 0, 0, 0, 0, 0, 0, 0, 0, 0, 0, 0, 0, 0, 0, 0, 0, 0, 0, 0, 0, 0, 0, 0, 0, 0, 0, 0, 0, 0, 0, 0, 0, 0, 0, 0, 0, 0, 0, 0, 0, 0, 0, 0, 0, 0, 0, 0, 0, 0, 0, 0, 0, 0, 0, 0, 0, 0, 0, 0, 0, 0, 0, 0, 0, 0, 0, 0, 0, 0, 0, 0, 0, 0, 0, 0, 0, 0, 0, 0, 0, 0, 0, 0, 0, 0, 0, 0, 0, 0, 0, 0, 0, 0, 0, 0, 0, 0, 0, 0, 0, 0, 0, 0, 0, 0, 0, 0, 0, 0, 0, 0, 0, 0, 0, 0, 0, 0, 0, 0, 0, 0, 0, 0, 0, 0, 0, 0, 0, 0, 0, 0, 0, 0, 0, 0, 0, 0, 0, 0, 0, 0, 0, 0, 0, 0, 0, 0, 0, 0, 0, 0, 0, 0, 0, 0, 0, 0, 0, 0, 0, 0, 0, 0, 0, 0, 0, 0, 0, 0, 0, 0, 0, 0, 0, 0, 0, 0, 0, 0, 0, 0, 0, 0, 0, 0, 0, 0, 0, 0, 0, 0, 0, 0, 0, 0, 0, 0, 0, 0, 0, 0, 0, 0, 0, 0, 0, 0, 0, 0, 0, 0, 0, 0, 0, 0, 0, 0, 0, 0, 0, 0, 0, 0, 0, 0, 0, 0, 0, 0, 0, 0, 0, 0, 0, 0, 0, 0, 0, 0, 0, 0, 0, 0, 0, 0, 0, 0, 0, 0, 0, 0, 0, 0, 0, 0, 0, 0, 0, 0, 0, 0, 0, 0, 0, 0, 0, 0, 0, 0, 0, 0, 0, 0, 0, 0, 0, 0, 0, 0, 0, 0, 0, 0, 0, 0, 0, 0, 0, 0, 0, 0, 0, 0, 0, 0, 0, 0, 0, 0, 0, 0, 0, 0, 0, 0, 0, 0, 0, 0, 0, 0, 0, 0, 0, 0, 0, 0, 0, 0, 0, 0, 0, 0]

decode|27453.24|36892.03| op = [834, 833]| tp = [1, 1, ] | dp = [4, 4, ] | algo = [0, 0, ] | rc = [106, 0] | gpus = [4, 4] | micro_bs = 8 | time = [27453, 26206] | memory = [36892, 36416]
验证解
line146:config.memory_list:[36892.02999999993, 36416.01899999997]
line147:config.time_list:[27453.237317292696, 26206.397028386742]
求解成功
config has been saved to /home/liminglong.lml/sxz/SuperScaler/logs-large/aceso/configs/scale-layer/128layers/scale-layer_128layers_2stages_2026-5-15-12-58-1.json

========== Best Result (num_stages = 2) ==========
|27453.24|36892.03| op = [834, 833]| tp = [1, 1, ] | dp = [4, 4, ] | algo = [0, 0, ] | rc = [106, 0] | gpus = [4, 4] | micro_bs = 8 | time = [27453, 26206] | memory = [36892, 36416]
start|27453.24|36892.03| op = [834, 833]| tp = [1, 1, ] | dp = [4, 4, ] | algo = [0, 0, ] | rc = [106, 0] | gpus = [4, 4] | micro_bs = 8 | time = [27453, 26206] | memory = [36892, 36416]
decode|27453.24|36892.03| op = [834, 833]| tp = [1, 1, ] | dp = [4, 4, ] | algo = [0, 0, ] | rc = [106, 0] | gpus = [4, 4] | micro_bs = 8 | time = [27453, 26206] | memory = [36892, 36416]

num_targets: []
num_hops: []
search time = 0.00 s.  [0] 
num_explored_cases = 0
time trend: [27453]

stage 2 search time: 0.35 s
working on num_stages = 3
start|28096.87|43626.04| op = [834, 417, 416]| tp = [1, 1, 1, ] | dp = [4, 2, 2, ] | algo = [0, 0, 0, ] | rc = [128, 50, 0] | gpus = [4, 2, 2] | micro_bs = 8 | time = [28096, 21715, 21911] | memory = [43626, 37667, 36312]
line465:max stage:0, min stage:1, max_value:28096.868256731606, min_value:21715.81954153961
fix|28083.99|43613.95| op = [833, 418, 416]| tp = [1, 1, 1, ] | dp = [4, 2, 2, ] | algo = [0, 0, 0, ] | rc = [128, 50, 0] | gpus = [4, 2, 2] | micro_bs = 8 | time = [28083, 21728, 21911] | memory = [43613, 37668, 36312]
cv:0.12355440308548005
line465:max stage:0, min stage:1, max_value:28083.990534336033, min_value:21728.396361274652
fix|28069.63|43595.95| op = [832, 419, 416]| tp = [1, 1, 1, ] | dp = [4, 2, 2, ] | algo = [0, 0, 0, ] | rc = [128, 50, 0] | gpus = [4, 2, 2] | micro_bs = 8 | time = [28069, 21745, 21911] | memory = [43595, 37708, 36312]
cv:0.12309075718245574
line465:max stage:0, min stage:1, max_value:28069.628438796943, min_value:21745.49862444126
fix|28059.06|43567.95| op = [831, 420, 416]| tp = [1, 1, 1, ] | dp = [4, 2, 2, ] | algo = [0, 0, 0, ] | rc = [128, 50, 0] | gpus = [4, 2, 2] | micro_bs = 8 | time = [28059, 21795, 21911] | memory = [43567, 37788, 36312]
cv:0.1223026249774604
line465:max stage:0, min stage:1, max_value:28059.059941828906, min_value:21795.4631785423
fix|28047.18|43519.95| op = [830, 421, 416]| tp = [1, 1, 1, ] | dp = [4, 2, 2, ] | algo = [0, 0, 0, ] | rc = [128, 50, 0] | gpus = [4, 2, 2] | micro_bs = 8 | time = [28047, 21817, 21911] | memory = [43519, 37852, 36312]
cv:0.12182455646994418
line465:max stage:0, min stage:1, max_value:28047.180666380897, min_value:21817.773402813964
fix|28018.15|43455.95| op = [829, 422, 416]| tp = [1, 1, 1, ] | dp = [4, 2, 2, ] | algo = [0, 0, 0, ] | rc = [128, 50, 0] | gpus = [4, 2, 2] | micro_bs = 8 | time = [28018, 21832, 21911] | memory = [43455, 37884, 36312]
cv:0.12112743850854948
line465:max stage:0, min stage:1, max_value:28018.152927731604, min_value:21832.711517539614
fix|28005.24|43443.86| op = [828, 423, 416]| tp = [1, 1, 1, ] | dp = [4, 2, 2, ] | algo = [0, 0, 0, ] | rc = [128, 50, 0] | gpus = [4, 2, 2] | micro_bs = 8 | time = [28005, 21845, 21911] | memory = [43443, 37884, 36312]
cv:0.12074593719149802
line465:max stage:0, min stage:1, max_value:28005.23960433604, min_value:21845.41694727465
fix|27991.04|43425.86| op = [827, 424, 416]| tp = [1, 1, 1, ] | dp = [4, 2, 2, ] | algo = [0, 0, 0, ] | rc = [128, 50, 0] | gpus = [4, 2, 2] | micro_bs = 8 | time = [27991, 21862, 21911] | memory = [43425, 37924, 36312]
cv:0.12029276254974007
line465:max stage:0, min stage:1, max_value:27991.03516079694, min_value:21862.28544844126
fix|27973.11|43409.86| op = [826, 425, 416]| tp = [1, 1, 1, ] | dp = [4, 2, 2, ] | algo = [0, 0, 0, ] | rc = [128, 50, 0] | gpus = [4, 2, 2] | micro_bs = 8 | time = [27973, 21877, 21911] | memory = [43409, 37944, 36312]
cv:0.11978952013172571
line465:max stage:0, min stage:1, max_value:27973.109169731604, min_value:21877.783784539613
fix|27962.08|44261.86| op = [825, 426, 416]| tp = [1, 1, 1, ] | dp = [4, 2, 2, ] | algo = [0, 0, 0, ] | rc = [127, 52, 0] | gpus = [4, 2, 2] | micro_bs = 8 | time = [27962, 22187, 21913] | memory = [44261, 37320, 36312]
cv:0.11610167968174424
line465:max stage:0, min stage:2, max_value:27962.084304208485, min_value:21913.776652681743
fix|27877.22|43397.86| op = [824, 426, 417]| tp = [1, 1, 1, ] | dp = [4, 2, 2, ] | algo = [0, 0, 0, ] | rc = [126, 56, 0] | gpus = [4, 2, 2] | micro_bs = 8 | time = [27877, 22421, 21952] | memory = [43397, 36108, 36332]
cv:0.11166161705056663
line465:max stage:0, min stage:2, max_value:27877.219801087645, min_value:21952.477680887627
fix|27828.68|43397.86| op = [823, 426, 418]| tp = [1, 1, 1, ] | dp = [4, 2, 2, ] | algo = [0, 0, 0, ] | rc = [126, 56, 0] | gpus = [4, 2, 2] | micro_bs = 8 | time = [27828, 22497, 21965] | memory = [43397, 36092, 36332]
cv:0.10986695693072424
line465:max stage:0, min stage:2, max_value:27828.68137297448, min_value:21965.367685088266
fix|27707.39|43013.86| op = [822, 426, 419]| tp = [1, 1, 1, ] | dp = [4, 2, 2, ] | algo = [0, 0, 0, ] | rc = [126, 56, 0] | gpus = [4, 2, 2] | micro_bs = 8 | time = [27707, 22451, 21981] | memory = [43013, 36100, 36352]
cv:0.10793662730965896
line465:max stage:0, min stage:2, max_value:27707.386462266262, min_value:21981.28597723121
fix|27671.93|42965.86| op = [821, 426, 420]| tp = [1, 1, 1, ] | dp = [4, 2, 2, ] | algo = [0, 0, 0, ] | rc = [126, 56, 0] | gpus = [4, 2, 2] | micro_bs = 8 | time = [27671, 22473, 22031] | memory = [42965, 36096, 36400]
cv:0.10645072154386187
line465:max stage:0, min stage:2, max_value:27671.929269952183, min_value:22031.22670291265
fix|27658.36|42953.77| op = [820, 426, 421]| tp = [1, 1, 1, ] | dp = [4, 2, 2, ] | algo = [0, 0, 0, ] | rc = [126, 54, 0] | gpus = [4, 2, 2] | micro_bs = 8 | time = [27658, 22375, 22052] | memory = [42953, 37184, 36432]
cv:0.10694624171690473
line465:max stage:0, min stage:2, max_value:27658.358780284227, min_value:22052.76096726475
fix|27643.73|42935.77| op = [819, 426, 422]| tp = [1, 1, 1, ] | dp = [4, 2, 2, ] | algo = [0, 0, 0, ] | rc = [126, 54, 0] | gpus = [4, 2, 2] | micro_bs = 8 | time = [27643, 22343, 22067] | memory = [42935, 37144, 36456]
cv:0.10684231930669782
line465:max stage:0, min stage:2, max_value:27643.726974676098, min_value:22067.55983542177
fix|27633.80|42907.77| op = [818, 426, 423]| tp = [1, 1, 1, ] | dp = [4, 2, 2, ] | algo = [0, 0, 0, ] | rc = [126, 56, 0] | gpus = [4, 2, 2] | micro_bs = 8 | time = [27633, 22462, 22081] | memory = [42907, 36056, 36456]
cv:0.10525448098717378
line465:max stage:0, min stage:2, max_value:27633.803352594896, min_value:22081.217147414132
fix|27621.97|42859.77| op = [817, 426, 424]| tp = [1, 1, 1, ] | dp = [4, 2, 2, ] | algo = [0, 0, 0, ] | rc = [126, 56, 0] | gpus = [4, 2, 2] | micro_bs = 8 | time = [27621, 22474, 22098] | memory = [42859, 36096, 36476]
cv:0.1047137340868415
line465:max stage:0, min stage:2, max_value:27621.97206761235, min_value:22098.193847505092
fix|27592.94|42795.77| op = [816, 426, 425]| tp = [1, 1, 1, ] | dp = [4, 2, 2, ] | algo = [0, 0, 0, ] | rc = [126, 56, 0] | gpus = [4, 2, 2] | micro_bs = 8 | time = [27592, 22473, 22113] | memory = [42795, 36108, 36488]
cv:0.10400540453099727
line465:max stage:0, min stage:2, max_value:27592.94430161077, min_value:22113.601753391016
fix|27582.08|42783.67| op = [815, 426, 426]| tp = [1, 1, 1, ] | dp = [4, 2, 2, ] | algo = [0, 0, 0, ] | rc = [126, 56, 0] | gpus = [4, 2, 2] | micro_bs = 8 | time = [27582, 22528, 22335] | memory = [42783, 36092, 36752]
cv:0.10058605461192212
line465:max stage:0, min stage:2, max_value:27582.07679272054, min_value:22335.17018740707
fix|27566.49|42765.67| op = [814, 426, 427]| tp = [1, 1, 1, ] | dp = [4, 2, 2, ] | algo = [0, 0, 0, ] | rc = [126, 52, 0] | gpus = [4, 2, 2] | micro_bs = 8 | time = [27566, 22258, 22443] | memory = [42765, 37284, 37328]
cv:0.10210649958208515
line465:max stage:0, min stage:1, max_value:27566.48667318144, min_value:22258.48108924197
fix|27548.56|42749.67| op = [813, 427, 427]| tp = [1, 1, 1, ] | dp = [4, 2, 2, ] | algo = [0, 0, 0, ] | rc = [126, 52, 0] | gpus = [4, 2, 2] | micro_bs = 8 | time = [27548, 22273, 22443] | memory = [42749, 37304, 37328]
cv:0.10160014152278918
line465:max stage:0, min stage:1, max_value:27548.560682116113, min_value:22273.979425340323
fix|27537.54|43601.67| op = [812, 428, 427]| tp = [1, 1, 1, ] | dp = [4, 2, 2, ] | algo = [0, 0, 0, ] | rc = [125, 54, 0] | gpus = [4, 2, 2] | micro_bs = 8 | time = [27537, 22583, 22446] | memory = [43601, 36680, 37328]
cv:0.09790908983726351
line465:max stage:0, min stage:2, max_value:27537.53581659299, min_value:22446.089369482448
fix|27452.11|42737.67| op = [811, 428, 428]| tp = [1, 1, 1, ] | dp = [4, 2, 2, ] | algo = [0, 0, 0, ] | rc = [124, 56, 0] | gpus = [4, 2, 2] | micro_bs = 8 | time = [27452, 22688, 22541] | memory = [42737, 36680, 37328]
cv:0.09415464711247441
line465:max stage:0, min stage:2, max_value:27452.106659592995, min_value:22541.387435482447
fix|27401.70|42737.67| op = [810, 428, 429]| tp = [1, 1, 1, ] | dp = [4, 2, 2, ] | algo = [0, 0, 0, ] | rc = [124, 56, 0] | gpus = [4, 2, 2] | micro_bs = 8 | time = [27401, 22571, 22506] | memory = [42737, 36168, 37344]
cv:0.09489330492564249
line465:max stage:0, min stage:2, max_value:27401.69856420849, min_value:22506.199376681743
fix|27280.23|42353.67| op = [809, 428, 430]| tp = [1, 1, 1, ] | dp = [4, 2, 2, ] | algo = [0, 0, 0, ] | rc = [124, 56, 0] | gpus = [4, 2, 2] | micro_bs = 8 | time = [27280, 22482, 22542] | memory = [42353, 36140, 37364]
cv:0.09325921561970542
line465:max stage:0, min stage:1, max_value:27280.227478913966, min_value:22482.693560035783
fix|27244.50|42305.67| op = [808, 429, 430]| tp = [1, 1, 1, ] | dp = [4, 2, 2, ] | algo = [0, 0, 0, ] | rc = [124, 56, 0] | gpus = [4, 2, 2] | micro_bs = 8 | time = [27244, 22519, 22542] | memory = [42305, 36168, 37364]
cv:0.09218919688961522
line465:max stage:0, min stage:1, max_value:27244.500674610765, min_value:22519.9626087455
fix|27231.62|42293.58| op = [807, 430, 430]| tp = [1, 1, 1, ] | dp = [4, 2, 2, ] | algo = [0, 0, 0, ] | rc = [124, 56, 0] | gpus = [4, 2, 2] | micro_bs = 8 | time = [27231, 22532, 22542] | memory = [42293, 36168, 37364]
cv:0.09181412162428197
line465:max stage:0, min stage:1, max_value:27231.622952215195, min_value:22532.539428480544
fix|27217.26|42275.58| op = [806, 431, 430]| tp = [1, 1, 1, ] | dp = [4, 2, 2, ] | algo = [0, 0, 0, ] | rc = [124, 56, 0] | gpus = [4, 2, 2] | micro_bs = 8 | time = [27217, 22549, 22542] | memory = [42275, 36208, 37364]
cv:0.09136221742713503
line465:max stage:0, min stage:2, max_value:27217.260856676097, min_value:22542.14843042177
fix|27206.64|42247.58| op = [805, 431, 431]| tp = [1, 1, 1, ] | dp = [4, 2, 2, ] | algo = [0, 0, 0, ] | rc = [124, 56, 0] | gpus = [4, 2, 2] | micro_bs = 8 | time = [27206, 22580, 22554] | memory = [42247, 36272, 37364]
cv:0.0906825017786371
line465:max stage:0, min stage:2, max_value:27206.644396594893, min_value:22554.98501541413
fix|27194.81|42199.58| op = [804, 431, 432]| tp = [1, 1, 1, ] | dp = [4, 2, 2, ] | algo = [0, 0, 0, ] | rc = [124, 56, 0] | gpus = [4, 2, 2] | micro_bs = 8 | time = [27194, 22592, 22572] | memory = [42199, 36312, 37384]
cv:0.09015054795044185
line465:max stage:0, min stage:2, max_value:27194.813111612348, min_value:22572.194887505088
fix|27166.05|42135.58| op = [803, 431, 433]| tp = [1, 1, 1, ] | dp = [4, 2, 2, ] | algo = [0, 0, 0, ] | rc = [124, 56, 0] | gpus = [4, 2, 2] | micro_bs = 8 | time = [27166, 22592, 22622] | memory = [42135, 36312, 37432]
cv:0.08907883899646417
line465:max stage:0, min stage:1, max_value:27166.054984952192, min_value:22592.049088267137
fix|27153.14|42123.49| op = [802, 432, 433]| tp = [1, 1, 1, ] | dp = [4, 2, 2, ] | algo = [0, 0, 0, ] | rc = [124, 56, 0] | gpus = [4, 2, 2] | micro_bs = 8 | time = [27153, 22604, 22622] | memory = [42123, 36312, 37432]
cv:0.08870171574689821
line465:max stage:0, min stage:1, max_value:27153.141661556616, min_value:22604.754518002173
fix|27138.94|42105.49| op = [801, 433, 433]| tp = [1, 1, 1, ] | dp = [4, 2, 2, ] | algo = [0, 0, 0, ] | rc = [124, 56, 0] | gpus = [4, 2, 2] | micro_bs = 8 | time = [27138, 22621, 22622] | memory = [42105, 36352, 37432]
cv:0.08825542800858063
line465:max stage:0, min stage:1, max_value:27138.937218017523, min_value:22621.623019168786
fix|27121.01|42089.49| op = [800, 434, 433]| tp = [1, 1, 1, ] | dp = [4, 2, 2, ] | algo = [0, 0, 0, ] | rc = [124, 56, 0] | gpus = [4, 2, 2] | micro_bs = 8 | time = [27121, 22637, 22622] | memory = [42089, 36372, 37432]
cv:0.08775730785473046
line465:max stage:0, min stage:2, max_value:27121.011226952185, min_value:22622.01465691265
fix|27109.99|42941.49| op = [799, 434, 434]| tp = [1, 1, 1, ] | dp = [4, 2, 2, ] | algo = [0, 0, 0, ] | rc = [123, 58, 0] | gpus = [4, 2, 2] | micro_bs = 8 | time = [27109, 22924, 22646] | memory = [42941, 35684, 37464]
cv:0.08427236016004672
line465:max stage:0, min stage:2, max_value:27109.98643215668, min_value:22646.560418340126
fix|27024.29|42077.49| op = [798, 434, 435]| tp = [1, 1, 1, ] | dp = [4, 2, 2, ] | algo = [0, 0, 0, ] | rc = [122, 60, 0] | gpus = [4, 2, 2] | micro_bs = 8 | time = [27024, 23074, 22662] | memory = [42077, 35604, 37488]
cv:0.08107845131834562
line465:max stage:0, min stage:2, max_value:27024.287565087652, min_value:22662.21732588763
fix|26975.75|42077.49| op = [797, 434, 436]| tp = [1, 1, 1, ] | dp = [4, 2, 2, ] | algo = [0, 0, 0, ] | rc = [122, 60, 0] | gpus = [4, 2, 2] | micro_bs = 8 | time = [26975, 23149, 22675] | memory = [42077, 35588, 37488]
cv:0.07933291185973781
line465:max stage:0, min stage:2, max_value:26975.749136974482, min_value:22675.235219088263
fix|26854.45|41693.49| op = [796, 434, 437]| tp = [1, 1, 1, ] | dp = [4, 2, 2, ] | algo = [0, 0, 0, ] | rc = [122, 60, 0] | gpus = [4, 2, 2] | micro_bs = 8 | time = [26854, 23104, 22690] | memory = [41693, 35596, 37508]
cv:0.07733839057810343
line465:max stage:0, min stage:2, max_value:26854.45422626626, min_value:22690.920339231212
fix|26818.73|41645.49| op = [795, 434, 438]| tp = [1, 1, 1, ] | dp = [4, 2, 2, ] | algo = [0, 0, 0, ] | rc = [122, 60, 0] | gpus = [4, 2, 2] | micro_bs = 8 | time = [26818, 23126, 22706] | memory = [41645, 35604, 37520]
cv:0.07629249120993167
line465:max stage:0, min stage:2, max_value:26818.727394610767, min_value:22706.44942239101
fix|26807.90|41633.39| op = [794, 434, 439]| tp = [1, 1, 1, ] | dp = [4, 2, 2, ] | algo = [0, 0, 0, ] | rc = [122, 60, 0] | gpus = [4, 2, 2] | micro_bs = 8 | time = [26807, 23181, 22928] | memory = [41633, 35588, 37784]
cv:0.07291966084347642
line465:max stage:0, min stage:2, max_value:26807.895486720543, min_value:22928.01713540707
fix|26792.15|41615.39| op = [793, 434, 440]| tp = [1, 1, 1, ] | dp = [4, 2, 2, ] | algo = [0, 0, 0, ] | rc = [122, 56, 0] | gpus = [4, 2, 2] | micro_bs = 8 | time = [26792, 22910, 23036] | memory = [41615, 36780, 38360]
cv:0.07426844888725344
line465:max stage:0, min stage:1, max_value:26792.147715181443, min_value:22910.818729241968
fix|26782.27|41587.39| op = [792, 435, 440]| tp = [1, 1, 1, ] | dp = [4, 2, 2, ] | algo = [0, 0, 0, ] | rc = [122, 58, 0] | gpus = [4, 2, 2] | micro_bs = 8 | time = [26782, 23049, 23037] | memory = [41587, 35708, 38360]
cv:0.07255953875452648
line465:max stage:0, min stage:2, max_value:26782.272056213413, min_value:23037.637633808317
fix|26770.39|41539.39| op = [791, 435, 441]| tp = [1, 1, 1, ] | dp = [4, 2, 2, ] | algo = [0, 0, 0, ] | rc = [122, 58, 0] | gpus = [4, 2, 2] | micro_bs = 8 | time = [26770, 22977, 23132] | memory = [41539, 35772, 38360]
cv:0.07214794224780242
line465:max stage:0, min stage:1, max_value:26770.3927807654, min_value:22977.357986614672
fix|26741.37|41475.39| op = [790, 436, 441]| tp = [1, 1, 1, ] | dp = [4, 2, 2, ] | algo = [0, 0, 0, ] | rc = [122, 58, 0] | gpus = [4, 2, 2] | micro_bs = 8 | time = [26741, 22992, 23132] | memory = [41475, 35804, 38360]
cv:0.07144641618672568
line465:max stage:0, min stage:1, max_value:26741.365042116115, min_value:22992.296101340322
fix|26728.45|41463.30| op = [789, 437, 441]| tp = [1, 1, 1, ] | dp = [4, 2, 2, ] | algo = [0, 0, 0, ] | rc = [122, 58, 0] | gpus = [4, 2, 2] | micro_bs = 8 | time = [26728, 23005, 23132] | memory = [41463, 35804, 38360]
cv:0.07106617703472205
line465:max stage:0, min stage:1, max_value:26728.451718720546, min_value:23005.001531075362
fix|26714.25|41445.30| op = [788, 438, 441]| tp = [1, 1, 1, ] | dp = [4, 2, 2, ] | algo = [0, 0, 0, ] | rc = [122, 58, 0] | gpus = [4, 2, 2] | micro_bs = 8 | time = [26714, 23021, 23132] | memory = [41445, 35844, 38360]
cv:0.07061619667780417
line465:max stage:0, min stage:1, max_value:26714.247275181442, min_value:23021.870032241965
fix|26696.32|41429.30| op = [787, 439, 441]| tp = [1, 1, 1, ] | dp = [4, 2, 2, ] | algo = [0, 0, 0, ] | rc = [122, 58, 0] | gpus = [4, 2, 2] | micro_bs = 8 | time = [26696, 23037, 23132] | memory = [41429, 35864, 38360]
cv:0.07011420332179329
line465:max stage:0, min stage:1, max_value:26696.321284116115, min_value:23037.36836834032
fix|26684.60|42281.30| op = [786, 440, 441]| tp = [1, 1, 1, ] | dp = [4, 2, 2, ] | algo = [0, 0, 0, ] | rc = [121, 58, 0] | gpus = [4, 2, 2] | micro_bs = 8 | time = [26684, 23258, 23133] | memory = [42281, 36392, 38360]
cv:0.06754378064432172
line465:max stage:0, min stage:2, max_value:26684.603580592997, min_value:23133.65176648245
fix|26597.26|41417.30| op = [785, 440, 442]| tp = [1, 1, 1, ] | dp = [4, 2, 2, ] | algo = [0, 0, 0, ] | rc = [120, 60, 0] | gpus = [4, 2, 2] | micro_bs = 8 | time = [26597, 23245, 23098] | memory = [41417, 35880, 38376]
cv:0.06645018614099882
line465:max stage:0, min stage:2, max_value:26597.25679320849, min_value:23098.98417368174
fix|26548.64|41417.30| op = [784, 440, 443]| tp = [1, 1, 1, ] | dp = [4, 2, 2, ] | algo = [0, 0, 0, ] | rc = [120, 60, 0] | gpus = [4, 2, 2] | micro_bs = 8 | time = [26548, 23286, 23136] | memory = [41417, 35820, 38396]
cv:0.06472252956460874
line465:max stage:0, min stage:2, max_value:26548.638144087647, min_value:23136.471897887626
fix|26427.25|41033.30| op = [783, 440, 444]| tp = [1, 1, 1, ] | dp = [4, 2, 2, ] | algo = [0, 0, 0, ] | rc = [120, 60, 0] | gpus = [4, 2, 2] | micro_bs = 8 | time = [26427, 23233, 23147] | memory = [41033, 35836, 38396]
cv:0.06288748117876247
line465:max stage:0, min stage:2, max_value:26427.2472798008, min_value:23147.792367208654
fix|26391.57|40985.30| op = [782, 440, 445]| tp = [1, 1, 1, ] | dp = [4, 2, 2, ] | algo = [0, 0, 0, ] | rc = [120, 60, 0] | gpus = [4, 2, 2] | micro_bs = 8 | time = [26391, 23259, 23164] | memory = [40985, 35840, 38416]
cv:0.061769735854406434
line465:max stage:0, min stage:2, max_value:26391.568465963064, min_value:23164.933334614205
fix|26378.96|40973.21| op = [781, 440, 446]| tp = [1, 1, 1, ] | dp = [4, 2, 2, ] | algo = [0, 0, 0, ] | rc = [120, 60, 0] | gpus = [4, 2, 2] | micro_bs = 8 | time = [26378, 23256, 23214] | memory = [40973, 35808, 38464]
cv:0.061019528482174366
line465:max stage:0, min stage:2, max_value:26378.960355556617, min_value:23214.859772333883
fix|26364.60|40955.21| op = [780, 440, 447]| tp = [1, 1, 1, ] | dp = [4, 2, 2, ] | algo = [0, 0, 0, ] | rc = [120, 60, 0] | gpus = [4, 2, 2] | micro_bs = 8 | time = [26364, 23251, 23237] | memory = [40955, 35784, 38496]
cv:0.060568542867784174
line465:max stage:0, min stage:2, max_value:26364.59833074513, min_value:23237.110448874264
fix|26353.76|40927.21| op = [779, 440, 448]| tp = [1, 1, 1, ] | dp = [4, 2, 2, ] | algo = [0, 0, 0, ] | rc = [120, 60, 0] | gpus = [4, 2, 2] | micro_bs = 8 | time = [26353, 23252, 23252] | memory = [40927, 35784, 38520]
cv:0.06020359994572766
line465:max stage:0, min stage:1, max_value:26353.760123708067, min_value:23252.134676748195
fix|26341.88|40879.21| op = [778, 441, 448]| tp = [1, 1, 1, ] | dp = [4, 2, 2, ] | algo = [0, 0, 0, ] | rc = [120, 60, 0] | gpus = [4, 2, 2] | micro_bs = 8 | time = [26341, 23274, 23252] | memory = [40879, 35848, 38520]
cv:0.0597482475081894
line465:max stage:0, min stage:2, max_value:26341.880848260054, min_value:23252.274331281893
fix|26312.81|40815.21| op = [777, 441, 449]| tp = [1, 1, 1, ] | dp = [4, 2, 2, ] | algo = [0, 0, 0, ] | rc = [120, 60, 0] | gpus = [4, 2, 2] | micro_bs = 8 | time = [26312, 23270, 23264] | memory = [40815, 35864, 38520]
cv:0.0591155903360803
line465:max stage:0, min stage:2, max_value:26312.805146497598, min_value:23264.82418759165
fix|26299.94|40803.11| op = [776, 441, 450]| tp = [1, 1, 1, ] | dp = [4, 2, 2, ] | algo = [0, 0, 0, ] | rc = [120, 60, 0] | gpus = [4, 2, 2] | micro_bs = 8 | time = [26299, 23272, 23281] | memory = [40803, 35840, 38540]
cv:0.05867770015675912
line465:max stage:0, min stage:1, max_value:26299.939813567496, min_value:23272.537055703728
fix|26285.74|40785.11| op = [775, 442, 450]| tp = [1, 1, 1, ] | dp = [4, 2, 2, ] | algo = [0, 0, 0, ] | rc = [120, 60, 0] | gpus = [4, 2, 2] | micro_bs = 8 | time = [26285, 23289, 23281] | memory = [40785, 35880, 38540]
cv:0.05823584094502558
line465:max stage:0, min stage:2, max_value:26285.735370028397, min_value:23281.739067644958
fix|26267.81|40769.11| op = [774, 442, 451]| tp = [1, 1, 1, ] | dp = [4, 2, 2, ] | algo = [0, 0, 0, ] | rc = [120, 60, 0] | gpus = [4, 2, 2] | micro_bs = 8 | time = [26267, 23289, 23297] | memory = [40769, 35880, 38552]
cv:0.057739630811606886
line465:max stage:0, min stage:1, max_value:26267.809351610766, min_value:23289.3832367455
fix|26256.78|41621.11| op = [773, 443, 451]| tp = [1, 1, 1, ] | dp = [4, 2, 2, ] | algo = [0, 0, 0, ] | rc = [119, 62, 0] | gpus = [4, 2, 2] | micro_bs = 8 | time = [26256, 23599, 23299] | memory = [41621, 35256, 38552]
cv:0.054502913519138066
line465:max stage:0, min stage:2, max_value:26256.784486087647, min_value:23299.553702887624
fix|26173.40|40757.11| op = [772, 443, 452]| tp = [1, 1, 1, ] | dp = [4, 2, 2, ] | algo = [0, 0, 0, ] | rc = [118, 64, 0] | gpus = [4, 2, 2] | micro_bs = 8 | time = [26173, 23840, 23522] | memory = [40757, 35240, 38816]
cv:0.04822144683681049
line465:max stage:0, min stage:2, max_value:26173.401143592993, min_value:23522.003029482446
fix|26124.22|40757.11| op = [771, 443, 453]| tp = [1, 1, 1, ] | dp = [4, 2, 2, ] | algo = [0, 0, 0, ] | rc = [118, 62, 0] | gpus = [4, 2, 2] | micro_bs = 8 | time = [26124, 23736, 23631] | memory = [40757, 35240, 39392]
cv:0.0469879274490746
line465:max stage:0, min stage:2, max_value:26124.21784059299, min_value:23631.655705482444
fix|26002.87|40373.11| op = [770, 443, 454]| tp = [1, 1, 1, ] | dp = [4, 2, 2, ] | algo = [0, 0, 0, ] | rc = [118, 62, 0] | gpus = [4, 2, 2] | micro_bs = 8 | time = [26002, 23607, 23724] | memory = [40373, 35272, 39392]
cv:0.04510657204429782
line465:max stage:0, min stage:1, max_value:26002.87493941931, min_value:23607.2595406306
fix|25967.15|40325.11| op = [769, 444, 454]| tp = [1, 1, 1, ] | dp = [4, 2, 2, ] | algo = [0, 0, 0, ] | rc = [118, 62, 0] | gpus = [4, 2, 2] | micro_bs = 8 | time = [25967, 23644, 23724] | memory = [40325, 35300, 39392]
cv:0.0440348718917012
line465:max stage:0, min stage:1, max_value:25967.14813511611, min_value:23644.528589340323
fix|25954.27|40313.02| op = [768, 445, 454]| tp = [1, 1, 1, ] | dp = [4, 2, 2, ] | algo = [0, 0, 0, ] | rc = [118, 62, 0] | gpus = [4, 2, 2] | micro_bs = 8 | time = [25954, 23657, 23724] | memory = [40313, 35300, 39392]
cv:0.043659699888611264
line465:max stage:0, min stage:1, max_value:25954.270412720543, min_value:23657.10540907536
fix|25939.91|40295.02| op = [767, 446, 454]| tp = [1, 1, 1, ] | dp = [4, 2, 2, ] | algo = [0, 0, 0, ] | rc = [118, 62, 0] | gpus = [4, 2, 2] | micro_bs = 8 | time = [25939, 23674, 23724] | memory = [40295, 35340, 39392]
cv:0.04320963106923977
line465:max stage:0, min stage:1, max_value:25939.90831718144, min_value:23674.207672241966
fix|25929.34|40267.02| op = [766, 447, 454]| tp = [1, 1, 1, ] | dp = [4, 2, 2, ] | algo = [0, 0, 0, ] | rc = [118, 62, 0] | gpus = [4, 2, 2] | micro_bs = 8 | time = [25929, 23724, 23725] | memory = [40267, 35420, 39392]
cv:0.04248986275305274
line465:max stage:0, min stage:1, max_value:25929.33982021341, min_value:23724.172226343013
fix|25917.46|40219.02| op = [765, 448, 454]| tp = [1, 1, 1, ] | dp = [4, 2, 2, ] | algo = [0, 0, 0, ] | rc = [118, 62, 0] | gpus = [4, 2, 2] | micro_bs = 8 | time = [25917, 23746, 23725] | memory = [40219, 35484, 39392]
cv:0.042040609482325755
line465:max stage:0, min stage:2, max_value:25917.460544765396, min_value:23725.280890876715
fix|25886.52|40155.02| op = [764, 448, 455]| tp = [1, 1, 1, ] | dp = [4, 2, 2, ] | algo = [0, 0, 0, ] | rc = [118, 62, 0] | gpus = [4, 2, 2] | micro_bs = 8 | time = [25886, 23549, 23689] | memory = [40155, 35004, 39408]
cv:0.043903472711075885
line465:max stage:0, min stage:1, max_value:25886.515175731605, min_value:23549.593119539615
fix|25873.60|40142.93| op = [763, 449, 455]| tp = [1, 1, 1, ] | dp = [4, 2, 2, ] | algo = [0, 0, 0, ] | rc = [118, 62, 0] | gpus = [4, 2, 2] | micro_bs = 8 | time = [25873, 23562, 23689] | memory = [40142, 35004, 39408]
cv:0.043520607076354176
line465:max stage:0, min stage:1, max_value:25873.601852336036, min_value:23562.298549274652
fix|25859.40|40124.93| op = [762, 450, 455]| tp = [1, 1, 1, ] | dp = [4, 2, 2, ] | algo = [0, 0, 0, ] | rc = [118, 62, 0] | gpus = [4, 2, 2] | micro_bs = 8 | time = [25859, 23579, 23689] | memory = [40124, 35044, 39408]
cv:0.043068490977066866
line465:max stage:0, min stage:1, max_value:25859.397408796933, min_value:23579.167050441258
fix|25841.47|40108.93| op = [761, 451, 455]| tp = [1, 1, 1, ] | dp = [4, 2, 2, ] | algo = [0, 0, 0, ] | rc = [118, 62, 0] | gpus = [4, 2, 2] | micro_bs = 8 | time = [25841, 23594, 23689] | memory = [40108, 35064, 39408]
cv:0.042563530310598396
line465:max stage:0, min stage:1, max_value:25841.471417731605, min_value:23594.665386539607
fix|25829.75|40960.93| op = [760, 452, 455]| tp = [1, 1, 1, ] | dp = [4, 2, 2, ] | algo = [0, 0, 0, ] | rc = [117, 62, 0] | gpus = [4, 2, 2] | micro_bs = 8 | time = [25829, 23815, 23691] | memory = [40960, 35592, 39408]
cv:0.040091504574409624
line465:max stage:0, min stage:2, max_value:25829.753714208488, min_value:23691.24850468174
fix|25744.89|40096.93| op = [759, 452, 456]| tp = [1, 1, 1, ] | dp = [4, 2, 2, ] | algo = [0, 0, 0, ] | rc = [116, 66, 0] | gpus = [4, 2, 2] | micro_bs = 8 | time = [25744, 24049, 23729] | memory = [40096, 34380, 39428]
cv:0.03607682019125198
line465:max stage:0, min stage:2, max_value:25744.889211087648, min_value:23729.949532887626
fix|25696.35|40096.93| op = [758, 452, 457]| tp = [1, 1, 1, ] | dp = [4, 2, 2, ] | algo = [0, 0, 0, ] | rc = [116, 66, 0] | gpus = [4, 2, 2] | micro_bs = 8 | time = [25696, 24125, 23742] | memory = [40096, 34364, 39428]
cv:0.03446845189796426
line465:max stage:0, min stage:2, max_value:25696.35078297448, min_value:23742.83953708826
fix|25575.06|39712.93| op = [757, 452, 458]| tp = [1, 1, 1, ] | dp = [4, 2, 2, ] | algo = [0, 0, 0, ] | rc = [116, 66, 0] | gpus = [4, 2, 2] | micro_bs = 8 | time = [25575, 24079, 23758] | memory = [39712, 34372, 39448]
cv:0.03234162328293377
line465:max stage:0, min stage:2, max_value:25575.05587226626, min_value:23758.757829231206
fix|25539.60|39664.93| op = [756, 452, 459]| tp = [1, 1, 1, ] | dp = [4, 2, 2, ] | algo = [0, 0, 0, ] | rc = [116, 66, 0] | gpus = [4, 2, 2] | micro_bs = 8 | time = [25539, 24102, 23808] | memory = [39664, 34368, 39496]
cv:0.030892097292154568
line465:max stage:0, min stage:2, max_value:25539.598679952185, min_value:23808.698554912644
fix|25526.72|39652.84| op = [755, 452, 460]| tp = [1, 1, 1, ] | dp = [4, 2, 2, ] | algo = [0, 0, 0, ] | rc = [116, 66, 0] | gpus = [4, 2, 2] | micro_bs = 8 | time = [25526, 24092, 23830] | memory = [39652, 34304, 39528]
cv:0.030447201035677506
line465:max stage:0, min stage:2, max_value:25526.721028284228, min_value:23830.925657264746
fix|25512.09|39634.84| op = [754, 452, 461]| tp = [1, 1, 1, ] | dp = [4, 2, 2, ] | algo = [0, 0, 0, ] | rc = [116, 66, 0] | gpus = [4, 2, 2] | micro_bs = 8 | time = [25512, 24059, 23845] | memory = [39634, 34264, 39552]
cv:0.030246807151847802
line465:max stage:0, min stage:2, max_value:25512.0892226761, min_value:23845.724525421763
fix|25501.47|39606.84| op = [753, 452, 462]| tp = [1, 1, 1, ] | dp = [4, 2, 2, ] | algo = [0, 0, 0, ] | rc = [116, 66, 0] | gpus = [4, 2, 2] | micro_bs = 8 | time = [25501, 24091, 23858] | memory = [39606, 34328, 39552]
cv:0.029646784428109862
line465:max stage:0, min stage:2, max_value:25501.472762594894, min_value:23858.68899941413
fix|25489.64|39572.57| op = [752, 452, 463]| tp = [1, 1, 1, ] | dp = [4, 2, 2, ] | algo = [0, 0, 0, ] | rc = [116, 66, 0] | gpus = [4, 2, 2] | micro_bs = 8 | time = [25489, 24102, 23875] | memory = [39558, 34368, 39572]
cv:0.029129807141705665
line465:max stage:0, min stage:2, max_value:25489.64147761235, min_value:23875.665699505087
fix|25460.61|39584.57| op = [751, 452, 464]| tp = [1, 1, 1, ] | dp = [4, 2, 2, ] | algo = [0, 0, 0, ] | rc = [116, 66, 0] | gpus = [4, 2, 2] | micro_bs = 8 | time = [25460, 24102, 23891] | memory = [39494, 34380, 39584]
cv:0.02840568155485726
line465:max stage:0, min stage:2, max_value:25460.613711610767, min_value:23891.073605391008
fix|25449.75|39848.57| op = [750, 452, 465]| tp = [1, 1, 1, ] | dp = [4, 2, 2, ] | algo = [0, 0, 0, ] | rc = [116, 66, 0] | gpus = [4, 2, 2] | micro_bs = 8 | time = [25449, 24157, 24112] | memory = [39482, 34364, 39848]
cv:0.025234394828641014
line465:max stage:0, min stage:2, max_value:25449.74620272054, min_value:24112.642039407066
fix|25434.16|40424.57| op = [749, 452, 466]| tp = [1, 1, 1, ] | dp = [4, 2, 2, ] | algo = [0, 0, 0, ] | rc = [116, 62, 0] | gpus = [4, 2, 2] | micro_bs = 8 | time = [25434, 23886, 24221] | memory = [39464, 35556, 40424]
cv:0.027119525989806555
line465:max stage:0, min stage:1, max_value:25434.156083181446, min_value:23886.67942724197
fix|25416.23|40424.57| op = [748, 453, 466]| tp = [1, 1, 1, ] | dp = [4, 2, 2, ] | algo = [0, 0, 0, ] | rc = [116, 62, 0] | gpus = [4, 2, 2] | micro_bs = 8 | time = [25416, 23902, 24221] | memory = [39448, 35576, 40424]
cv:0.026584724858535105
line465:max stage:0, min stage:1, max_value:25416.23009211611, min_value:23902.17776334032
fix|25405.21|40424.57| op = [747, 454, 466]| tp = [1, 1, 1, ] | dp = [4, 2, 2, ] | algo = [0, 0, 0, ] | rc = [115, 64, 0] | gpus = [4, 2, 2] | micro_bs = 8 | time = [25405, 24212, 24223] | memory = [40300, 34952, 40424]
cv:0.022742521483389736
line465:max stage:0, min stage:1, max_value:25405.205226592992, min_value:24212.008746926404
fix|25320.47|40424.57| op = [746, 455, 466]| tp = [1, 1, 1, ] | dp = [4, 2, 2, ] | algo = [0, 0, 0, ] | rc = [114, 68, 0] | gpus = [4, 2, 2] | micro_bs = 8 | time = [25320, 24499, 24225] | memory = [39436, 33800, 40424]
cv:0.018854126287493153
line465:max stage:0, min stage:2, max_value:25320.468907592996, min_value:24225.133340482444
fix|25271.98|40424.57| op = [745, 455, 467]| tp = [1, 1, 1, ] | dp = [4, 2, 2, ] | algo = [0, 0, 0, ] | rc = [114, 68, 0] | gpus = [4, 2, 2] | micro_bs = 8 | time = [25271, 24499, 24319] | memory = [39436, 33800, 40424]
cv:0.01672143230020502
line465:max stage:0, min stage:2, max_value:25271.978442592994, min_value:24319.910940482445
fix|25148.03|40440.57| op = [744, 455, 468]| tp = [1, 1, 1, ] | dp = [4, 2, 2, ] | algo = [0, 0, 0, ] | rc = [114, 66, 0] | gpus = [4, 2, 2] | micro_bs = 8 | time = [25148, 24164, 24282] | memory = [39052, 34472, 40440]
cv:0.01787367520096678
line465:max stage:0, min stage:1, max_value:25148.0250730348, min_value:24164.556558829885
fix|25112.30|40440.57| op = [743, 456, 468]| tp = [1, 1, 1, ] | dp = [4, 2, 2, ] | algo = [0, 0, 0, ] | rc = [114, 66, 0] | gpus = [4, 2, 2] | micro_bs = 8 | time = [25112, 24201, 24282] | memory = [39004, 34500, 40440]
cv:0.016774341301813853
line465:max stage:0, min stage:1, max_value:25112.298268731607, min_value:24201.82560753961
fix|25099.42|40440.57| op = [742, 457, 468]| tp = [1, 1, 1, ] | dp = [4, 2, 2, ] | algo = [0, 0, 0, ] | rc = [114, 66, 0] | gpus = [4, 2, 2] | micro_bs = 8 | time = [25099, 24214, 24282] | memory = [38992, 34500, 40440]
cv:0.016391551600943133
line465:max stage:0, min stage:1, max_value:25099.420546336038, min_value:24214.40242727465
fix|25085.06|40440.57| op = [741, 458, 468]| tp = [1, 1, 1, ] | dp = [4, 2, 2, ] | algo = [0, 0, 0, ] | rc = [114, 66, 0] | gpus = [4, 2, 2] | micro_bs = 8 | time = [25085, 24231, 24282] | memory = [38974, 34540, 40440]
cv:0.01593387357538139
line465:max stage:0, min stage:1, max_value:25085.058450796936, min_value:24231.50469044126
fix|25074.49|40440.57| op = [740, 459, 468]| tp = [1, 1, 1, ] | dp = [4, 2, 2, ] | algo = [0, 0, 0, ] | rc = [114, 66, 0] | gpus = [4, 2, 2] | micro_bs = 8 | time = [25074, 24281, 24282] | memory = [38946, 34620, 40440]
cv:0.015217029478254795
line465:max stage:0, min stage:1, max_value:25074.489953828903, min_value:24281.4692445423
fix|25062.61|40440.57| op = [739, 460, 468]| tp = [1, 1, 1, ] | dp = [4, 2, 2, ] | algo = [0, 0, 0, ] | rc = [114, 66, 0] | gpus = [4, 2, 2] | micro_bs = 8 | time = [25062, 24303, 24282] | memory = [38898, 34684, 40440]
best|25062.61|40440.57| op = [739, 460, 468]| tp = [1, 1, 1, ] | dp = [4, 2, 2, ] | algo = [0, 0, 0, ] | rc = [114, 66, 0] | gpus = [4, 2, 2] | micro_bs = 8 | time = [25062, 24303, 24282] | memory = [38898, 34684, 40440]
line146:config.memory_list:[38898.64999999994, 34684.81200000009, 40440.56600000004]
line147:config.time_list:[25062.610678380894, 24303.77946881395, 24282.877629076003]
------------------------------------------------------------------------------------------------------
cegis_search for the 0th times
开始求解check...
line351:
tp_list[1, 1, 1, 1, 1, 1, 1, 1, 1, 1, 1, 1, 1, 1, 1, 1, 1, 1, 1, 1, 1, 1, 1, 1, 1, 1, 1, 1, 1, 1, 1, 1, 1, 1, 1, 1, 1, 1, 1, 1, 1, 1, 1, 1, 1, 1, 1, 1, 1, 1, 1, 1, 1, 1, 1, 1, 1, 1, 1, 1, 1, 1, 1, 1, 1, 1, 1, 1, 1, 1, 1, 1, 1, 1, 1, 1, 1, 1, 1, 1, 1, 1, 1, 1, 1, 1, 1, 1, 1, 1, 1, 1, 1, 1, 1, 1, 1, 1, 1, 1, 1, 1, 1, 1, 1, 1, 1, 1, 1, 1, 1, 1, 1, 1, 1, 1, 1, 1, 1, 1, 1, 1, 1, 1, 1, 1, 1, 1, 1, 1, 1, 1, 1, 1, 1, 1, 1, 1, 1, 1, 1, 1, 1, 1, 1, 1, 1, 1, 1, 1, 1, 1, 1, 1, 1, 1, 1, 1, 1, 1, 1, 1, 1, 1, 1, 1, 1, 1, 1, 1, 1, 1, 1, 1, 1, 1, 1, 1, 1, 1, 1, 1, 1, 1, 1, 1, 1, 1, 1, 1, 1, 1, 1, 1, 1, 1, 1, 1, 1, 1, 1, 1, 1, 1, 1, 1, 1, 1, 1, 1, 1, 1, 1, 1, 1, 1, 1, 1, 1, 1, 1, 1, 1, 1, 1, 1, 1, 1, 1, 1, 1, 1, 1, 1, 1, 1, 1, 1, 1, 1, 1, 1, 1, 1, 1, 1, 1, 1, 1, 1, 1, 1, 1, 1, 1, 1, 1, 1, 1, 1, 1, 1, 1, 1, 1, 1, 1, 1, 1, 1, 1, 1, 1, 1, 1, 1, 1, 1, 1, 1, 1, 1, 1, 1, 1, 1, 1, 1, 1, 1, 1, 1, 1, 1, 1, 1, 1, 1, 1, 1, 1, 1, 1, 1, 1, 1, 1, 1, 1, 1, 1, 1, 1, 1, 1, 1, 1, 1, 1, 1, 1, 1, 1, 1, 1, 1, 1, 1, 1, 1, 1, 1, 1, 1, 1, 1, 1, 1, 1, 1, 1, 1, 1, 1, 1, 1, 1, 1, 1, 1, 1, 1, 1, 1, 1, 1, 1, 1, 1, 1, 1, 1, 1, 1, 1, 1, 1, 1, 1, 1, 1, 1, 1, 1, 1, 1, 1, 1, 1, 1, 1, 1, 1, 1, 1, 1, 1, 1, 1, 1, 1, 1, 1, 1, 1, 1, 1, 1, 1, 1, 1, 1, 1, 1, 1, 1, 1, 1, 1, 1, 1, 1, 1, 1, 1, 1, 1, 1, 1, 1, 1, 1, 1, 1, 1, 1, 1, 1, 1, 1, 1, 1, 1, 1, 1, 1, 1, 1, 1, 1, 1, 1, 1, 1, 1, 1, 1, 1, 1, 1, 1, 1, 1, 1, 1, 1, 1, 1, 1, 1, 1, 1, 1, 1, 1, 1, 1, 1, 1, 1, 1, 1, 1, 1, 1, 1, 1, 1, 1, 1, 1, 1, 1, 1, 1, 1, 1, 1, 1, 1, 1, 1, 1, 1, 1, 1, 1, 1, 1, 1, 1, 1, 1, 1, 1, 1, 1, 1, 1, 1, 1, 1, 1, 1, 1, 1, 1, 1, 1, 1, 1, 1, 1, 1, 1, 1, 1, 1, 1, 1, 1, 1, 1, 1, 1, 1, 1, 1, 1, 1, 1, 1, 1, 1, 1, 1, 1, 1, 1, 1, 1, 1, 1, 1, 1, 1, 1, 1, 1, 1, 1, 1, 1, 1, 1, 1, 1, 1, 1, 1, 1, 1, 1, 1, 1, 1, 1, 1, 1, 1, 1, 1, 1, 1, 1, 1, 1, 1, 1, 1, 1, 1, 1, 1, 1, 1, 1, 1, 1, 1, 1, 1, 1, 1, 1, 1, 1, 1, 1, 1, 1, 1, 1, 1, 1, 1, 1, 1, 1, 1, 1, 1, 1, 1, 1, 1, 1, 1, 1, 1, 1, 1, 1, 1, 1, 1, 1, 1, 1, 1, 1, 1, 1, 1, 1, 1, 1, 1, 1, 1, 1, 1, 1, 1, 1, 1, 1, 1, 1, 1, 1, 1, 1, 1, 1, 1, 1, 1, 1, 1, 1, 1, 1, 1, 1, 1, 1, 1, 1, 1, 1, 1, 1, 1, 1, 1, 1, 1, 1, 1, 1, 1, 1, 1, 1, 1, 1, 1, 1, 1, 1, 1, 1, 1, 1, 1, 1, 1, 1, 1, 1, 1, 1, 1, 1, 1, 1, 1, 1, 1, 1, 1, 1, 1, 1, 1, 1, 1, 1, 1, 1, 1, 1, 1, 1, 1, 1, 1, 1, 1, 1, 1, 1, 1, 1, 1, 1, 1, 1, 1, 1, 1, 1, 1, 1, 1, 1, 1, 1, 1, 1, 1, 1, 1, 1, 1, 1, 1, 1, 1, 1, 1, 1, 1, 1, 1, 1, 1, 1, 1, 1, 1, 1, 1, 1, 1, 1, 1, 1, 1, 1, 1, 1, 1, 1, 1, 1, 1, 1, 1, 1, 1, 1, 1, 1, 1, 1, 1, 1, 1, 1, 1, 1, 1, 1, 1, 1, 1, 1, 1, 1, 1, 1, 1, 1, 1, 1, 1, 1, 1, 1, 1, 1, 1, 1, 1, 1, 1, 1, 1, 1, 1, 1, 1, 1, 1, 1, 1, 1, 1, 1, 1, 1, 1, 1, 1, 1, 1, 1, 1, 1, 1, 1, 1, 1, 1, 1, 1, 1, 1, 1, 1, 1, 1, 1, 1, 1, 1, 1, 1, 1, 1, 1, 1, 1, 1, 1, 1, 1, 1, 1, 1, 1, 1, 1, 1, 1, 1, 1, 1, 1, 1, 1, 1, 1, 1, 1, 1, 1, 1, 1, 1, 1, 1, 1, 1, 1, 1, 1, 1, 1, 1, 1, 1, 1, 1, 1, 1, 1, 1, 1, 1, 1, 1, 1, 1, 1, 1, 1, 1, 1, 1, 1, 1, 1, 1, 1, 1, 1, 1, 1, 1, 1, 1, 1, 1, 1, 1, 1, 1, 1, 1, 1, 1, 1, 1, 1, 1, 1, 1, 1, 1, 1, 1, 1, 1, 1, 1, 1, 1, 1, 1, 1, 1, 1, 1, 1, 1, 1, 1, 1, 1, 1, 1, 1, 1, 1, 1, 1, 1, 1, 1, 1, 1, 1, 1, 1, 1, 1, 1, 1, 1, 1, 1, 1, 1, 1, 1, 1, 1, 1, 1, 1, 1, 1, 1, 1, 1, 1, 1, 1, 1, 1, 1, 1, 1, 1, 1, 1, 1, 1, 1, 1, 1, 1, 1, 1, 1, 1, 1, 1, 1, 1, 1, 1, 1, 1, 1, 1, 1, 1, 1, 1, 1, 1, 1, 1, 1, 1, 1, 1, 1, 1, 1, 1, 1, 1, 1, 1, 1, 1, 1, 1, 1, 1, 1, 1, 1, 1, 1, 1, 1, 1, 1, 1, 1, 1, 1, 1, 1, 1, 1, 1, 1, 1, 1, 1, 1, 1, 1, 1, 1, 1, 1, 1, 1, 1, 1, 1, 1, 1, 1, 1, 1, 1, 1, 1, 1, 1, 1, 1, 1, 1, 1, 1, 1, 1, 1, 1, 1, 1, 1, 1, 1, 1, 1, 1, 1, 1, 1, 1, 1, 1, 1, 1, 1, 1, 1, 1, 1, 1, 1, 1, 1, 1, 1, 1, 1, 1, 1, 1, 1, 1, 1, 1, 1, 1, 1, 1, 1, 1, 1, 1, 1, 1, 1, 1, 1, 1, 1, 1, 1, 1, 1, 1, 1, 1, 1, 1, 1, 1, 1, 1, 1, 1, 1, 1, 1, 1, 1, 1, 1, 1, 1, 1, 1, 1, 1, 1, 1, 1, 1, 1, 1, 1, 1, 1, 1, 1, 1, 1, 1, 1, 1, 1, 1, 1, 1, 1, 1, 1, 1, 1, 1, 1, 1, 1, 1, 1, 1, 1, 1, 1, 1, 1, 1, 1, 1, 1, 1, 1, 1, 1, 1, 1, 1, 1, 1, 1, 1, 1, 1, 1, 1, 1, 1, 1, 1, 1, 1, 1, 1, 1, 1, 1, 1, 1, 1, 1, 1, 1, 1, 1, 1, 1, 1, 1, 1, 1, 1, 1, 1, 1, 1, 1, 1, 1, 1, 1, 1, 1, 1, 1, 1, 1, 1, 1, 1, 1, 1, 1, 1, 1, 1, 1, 1, 1, 1, 1, 1, 1, 1, 1, 1, 1, 1, 1, 1, 1, 1, 1, 1, 1, 1, 1, 1, 1, 1, 1, 1, 1, 1, 1, 1, 1, 1, 1, 1, 1, 1, 1, 1, 1, 1, 1, 1, 1, 1, 1, 1, 1, 1, 1, 1, 1, 1, 1, 1, 1, 1, 1, 1, 1, 1, 1, 1, 1, 1, 1, 1, 1, 1, 1, 1, 1, 1, 1, 1, 1, 1, 1, 1, 1, 1, 1, 1, 1, 1, 1, 1, 1, 1, 1, 1, 1, 1, 1, 1, 1, 1, 1, 1, 1, 1, 1, 1, 1, 1, 1, 1, 1, 1, 1, 1, 1, 1, 1, 1, 1, 1, 1, 1, 1, 1, 1, 1, 1, 1, 1, 1, 1, 1, 1, 1, 1, 1, 1, 1, 1, 1, 1, 1, 1, 1, 1, 1, 1, 1, 1, 1, 1, 1, 1, 1, 1, 1, 1, 1, 1, 1, 1, 1, 1, 1, 1, 1, 1, 1, 1, 1, 1, 1, 1, 1, 1, 1, 1, 1, 1, 1, 1, 1, 1, 1, 1, 1, 1, 1, 1, 1, 1, 1, 1, 1, 1, 1, 1, 1, 1, 1, 1, 1, 1, 1, 1, 1, 1, 1, 1, 1, 1, 1, 1, 1, 1, 1, 1, 1, 1, 1, 1, 1, 1, 1, 1, 1, 1, 1, 1, 1, 1, 1, 1, 1, 1, 1, 1, 1, 1, 1, 1, 1, 1, 1, 1, 1, 1, 1, 1, 1, 1, 1, 1, 1, 1, 1, 1, 1, 1, 1, 1, 1, 1, 1, 1, 1, 1, 1, 1, 1, 1, 1, 1, 1, 1, 1, 1, 1, 1, 1, 1, 1, 1, 1, 1, 1, 1, 1, 1, 1, 1, 1, 1, 1, 1, 1, 1, 1, 1, 1, 1, 1, 1, 1, 1, 1, 1, 1, 1, 1, 1, 1, 1, 1, 1, 1, 1, 1, 1, 1, 1, 1, 1, 1, 1, 1, 1, 1, 1, 1, 1, 1, 1, 1, 1, 1, 1, 1, 1, 1, 1, 1, 1, 1, 1, 1, 1]
dp_list[4, 4, 4, 4, 4, 4, 4, 4, 4, 4, 4, 4, 4, 4, 4, 4, 4, 4, 4, 4, 4, 4, 4, 4, 4, 4, 4, 4, 4, 4, 4, 4, 4, 4, 4, 4, 4, 4, 4, 4, 4, 4, 4, 4, 4, 4, 4, 4, 4, 4, 4, 4, 4, 4, 4, 4, 4, 4, 4, 4, 4, 4, 4, 4, 4, 4, 4, 4, 4, 4, 4, 4, 4, 4, 4, 4, 4, 4, 4, 4, 4, 4, 4, 4, 4, 4, 4, 4, 4, 4, 4, 4, 4, 4, 4, 4, 4, 4, 4, 4, 4, 4, 4, 4, 4, 4, 4, 4, 4, 4, 4, 4, 4, 4, 4, 4, 4, 4, 4, 4, 4, 4, 4, 4, 4, 4, 4, 4, 4, 4, 4, 4, 4, 4, 4, 4, 4, 4, 4, 4, 4, 4, 4, 4, 4, 4, 4, 4, 4, 4, 4, 4, 4, 4, 4, 4, 4, 4, 4, 4, 4, 4, 4, 4, 4, 4, 4, 4, 4, 4, 4, 4, 4, 4, 4, 4, 4, 4, 4, 4, 4, 4, 4, 4, 4, 4, 4, 4, 4, 4, 4, 4, 4, 4, 4, 4, 4, 4, 4, 4, 4, 4, 4, 4, 4, 4, 4, 4, 4, 4, 4, 4, 4, 4, 4, 4, 4, 4, 4, 4, 4, 4, 4, 4, 4, 4, 4, 4, 4, 4, 4, 4, 4, 4, 4, 4, 4, 4, 4, 4, 4, 4, 4, 4, 4, 4, 4, 4, 4, 4, 4, 4, 4, 4, 4, 4, 4, 4, 4, 4, 4, 4, 4, 4, 4, 4, 4, 4, 4, 4, 4, 4, 4, 4, 4, 4, 4, 4, 4, 4, 4, 4, 4, 4, 4, 4, 4, 4, 4, 4, 4, 4, 4, 4, 4, 4, 4, 4, 4, 4, 4, 4, 4, 4, 4, 4, 4, 4, 4, 4, 4, 4, 4, 4, 4, 4, 4, 4, 4, 4, 4, 4, 4, 4, 4, 4, 4, 4, 4, 4, 4, 4, 4, 4, 4, 4, 4, 4, 4, 4, 4, 4, 4, 4, 4, 4, 4, 4, 4, 4, 4, 4, 4, 4, 4, 4, 4, 4, 4, 4, 4, 4, 4, 4, 4, 4, 4, 4, 4, 4, 4, 4, 4, 4, 4, 4, 4, 4, 4, 4, 4, 4, 4, 4, 4, 4, 4, 4, 4, 4, 4, 4, 4, 4, 4, 4, 4, 4, 4, 4, 4, 4, 4, 4, 4, 4, 4, 4, 4, 4, 4, 4, 4, 4, 4, 4, 4, 4, 4, 4, 4, 4, 4, 4, 4, 4, 4, 4, 4, 4, 4, 4, 4, 4, 4, 4, 4, 4, 4, 4, 4, 4, 4, 4, 4, 4, 4, 4, 4, 4, 4, 4, 4, 4, 4, 4, 4, 4, 4, 4, 4, 4, 4, 4, 4, 4, 4, 4, 4, 4, 4, 4, 4, 4, 4, 4, 4, 4, 4, 4, 4, 4, 4, 4, 4, 4, 4, 4, 4, 4, 4, 4, 4, 4, 4, 4, 4, 4, 4, 4, 4, 4, 4, 4, 4, 4, 4, 4, 4, 4, 4, 4, 4, 4, 4, 4, 4, 4, 4, 4, 4, 4, 4, 4, 4, 4, 4, 4, 4, 4, 4, 4, 4, 4, 4, 4, 4, 4, 4, 4, 4, 4, 4, 4, 4, 4, 4, 4, 4, 4, 4, 4, 4, 4, 4, 4, 4, 4, 4, 4, 4, 4, 4, 4, 4, 4, 4, 4, 4, 4, 4, 4, 4, 4, 4, 4, 4, 4, 4, 4, 4, 4, 4, 4, 4, 4, 4, 4, 4, 4, 4, 4, 4, 4, 4, 4, 4, 4, 4, 4, 4, 4, 4, 4, 4, 4, 4, 4, 4, 4, 4, 4, 4, 4, 4, 4, 4, 4, 4, 4, 4, 4, 4, 4, 4, 4, 4, 4, 4, 4, 4, 4, 4, 4, 4, 4, 4, 4, 4, 4, 4, 4, 4, 4, 4, 4, 4, 4, 4, 4, 4, 4, 4, 4, 4, 4, 4, 4, 4, 4, 4, 4, 4, 4, 4, 4, 4, 4, 4, 4, 4, 4, 4, 4, 4, 4, 4, 4, 4, 4, 4, 4, 4, 4, 4, 4, 4, 4, 4, 4, 4, 4, 4, 4, 4, 4, 4, 4, 4, 4, 4, 4, 4, 4, 4, 4, 4, 4, 4, 4, 4, 4, 4, 4, 4, 4, 4, 4, 4, 4, 4, 4, 4, 4, 4, 4, 4, 4, 4, 4, 4, 4, 4, 4, 4, 4, 4, 4, 4, 2, 2, 2, 2, 2, 2, 2, 2, 2, 2, 2, 2, 2, 2, 2, 2, 2, 2, 2, 2, 2, 2, 2, 2, 2, 2, 2, 2, 2, 2, 2, 2, 2, 2, 2, 2, 2, 2, 2, 2, 2, 2, 2, 2, 2, 2, 2, 2, 2, 2, 2, 2, 2, 2, 2, 2, 2, 2, 2, 2, 2, 2, 2, 2, 2, 2, 2, 2, 2, 2, 2, 2, 2, 2, 2, 2, 2, 2, 2, 2, 2, 2, 2, 2, 2, 2, 2, 2, 2, 2, 2, 2, 2, 2, 2, 2, 2, 2, 2, 2, 2, 2, 2, 2, 2, 2, 2, 2, 2, 2, 2, 2, 2, 2, 2, 2, 2, 2, 2, 2, 2, 2, 2, 2, 2, 2, 2, 2, 2, 2, 2, 2, 2, 2, 2, 2, 2, 2, 2, 2, 2, 2, 2, 2, 2, 2, 2, 2, 2, 2, 2, 2, 2, 2, 2, 2, 2, 2, 2, 2, 2, 2, 2, 2, 2, 2, 2, 2, 2, 2, 2, 2, 2, 2, 2, 2, 2, 2, 2, 2, 2, 2, 2, 2, 2, 2, 2, 2, 2, 2, 2, 2, 2, 2, 2, 2, 2, 2, 2, 2, 2, 2, 2, 2, 2, 2, 2, 2, 2, 2, 2, 2, 2, 2, 2, 2, 2, 2, 2, 2, 2, 2, 2, 2, 2, 2, 2, 2, 2, 2, 2, 2, 2, 2, 2, 2, 2, 2, 2, 2, 2, 2, 2, 2, 2, 2, 2, 2, 2, 2, 2, 2, 2, 2, 2, 2, 2, 2, 2, 2, 2, 2, 2, 2, 2, 2, 2, 2, 2, 2, 2, 2, 2, 2, 2, 2, 2, 2, 2, 2, 2, 2, 2, 2, 2, 2, 2, 2, 2, 2, 2, 2, 2, 2, 2, 2, 2, 2, 2, 2, 2, 2, 2, 2, 2, 2, 2, 2, 2, 2, 2, 2, 2, 2, 2, 2, 2, 2, 2, 2, 2, 2, 2, 2, 2, 2, 2, 2, 2, 2, 2, 2, 2, 2, 2, 2, 2, 2, 2, 2, 2, 2, 2, 2, 2, 2, 2, 2, 2, 2, 2, 2, 2, 2, 2, 2, 2, 2, 2, 2, 2, 2, 2, 2, 2, 2, 2, 2, 2, 2, 2, 2, 2, 2, 2, 2, 2, 2, 2, 2, 2, 2, 2, 2, 2, 2, 2, 2, 2, 2, 2, 2, 2, 2, 2, 2, 2, 2, 2, 2, 2, 2, 2, 2, 2, 2, 2, 2, 2, 2, 2, 2, 2, 2, 2, 2, 2, 2, 2, 2, 2, 2, 2, 2, 2, 2, 2, 2, 2, 2, 2, 2, 2, 2, 2, 2, 2, 2, 2, 2, 2, 2, 2, 2, 2, 2, 2, 2, 2, 2, 2, 2, 2, 2, 2, 2, 2, 2, 2, 2, 2, 2, 2, 2, 2, 2, 2, 2, 2, 2, 2, 2, 2, 2, 2, 2, 2, 2, 2, 2, 2, 2, 2, 2, 2, 2, 2, 2, 2, 2, 2, 2, 2, 2, 2, 2, 2, 2, 2, 2, 2, 2, 2, 2, 2, 2, 2, 2, 2, 2, 2, 2, 2, 2, 2, 2, 2, 2, 2, 2, 2, 2, 2, 2, 2, 2, 2, 2, 2, 2, 2, 2, 2, 2, 2, 2, 2, 2, 2, 2, 2, 2, 2, 2, 2, 2, 2, 2, 2, 2, 2, 2, 2, 2, 2, 2, 2, 2, 2, 2, 2, 2, 2, 2, 2, 2, 2, 2, 2, 2, 2, 2, 2, 2, 2, 2, 2, 2, 2, 2, 2, 2, 2, 2, 2, 2, 2, 2, 2, 2, 2, 2, 2, 2, 2, 2, 2, 2, 2, 2, 2, 2, 2, 2, 2, 2, 2, 2, 2, 2, 2, 2, 2, 2, 2, 2, 2, 2, 2, 2, 2, 2, 2, 2, 2, 2, 2, 2, 2, 2, 2, 2, 2, 2, 2, 2, 2, 2, 2, 2, 2, 2, 2, 2, 2, 2, 2, 2, 2, 2, 2, 2, 2, 2, 2, 2, 2, 2, 2, 2, 2, 2, 2, 2, 2, 2, 2, 2, 2, 2, 2, 2, 2, 2, 2, 2, 2, 2, 2, 2, 2, 2, 2, 2, 2, 2, 2, 2, 2, 2, 2, 2, 2, 2, 2, 2, 2, 2, 2, 2, 2, 2, 2, 2, 2, 2, 2, 2, 2, 2, 2, 2, 2, 2, 2, 2, 2, 2, 2, 2, 2, 2, 2, 2, 2, 2, 2, 2, 2, 2, 2, 2, 2, 2, 2, 2, 2, 2, 2, 2, 2, 2, 2, 2, 2, 2, 2, 2, 2, 2, 2, 2, 2, 2, 2, 2, 2, 2, 2, 2, 2, 2, 2, 2, 2, 2, 2, 2, 2, 2, 2, 2, 2, 2, 2, 2, 2, 2, 2, 2, 2, 2, 2, 2, 2, 2, 2, 2, 2, 2, 2, 2, 2, 2, 2, 2, 2, 2, 2, 2, 2, 2, 2, 2, 2, 2, 2, 2, 2, 2, 2, 2, 2, 2, 2, 2, 2, 2, 2, 2, 2, 2, 2, 2, 2, 2, 2, 2, 2, 2, 2, 2, 2, 2, 2, 2, 2, 2, 2, 2, 2, 2, 2, 2, 2, 2, 2, 2, 2, 2, 2, 2, 2, 2, 2, 2, 2, 2, 2, 2, 2, 2, 2, 2, 2, 2, 2, 2, 2, 2, 2, 2, 2, 2, 2, 2, 2, 2, 2, 2, 2, 2, 2, 2, 2, 2, 2, 2, 2, 2, 2, 2, 2, 2, 2, 2, 2, 2, 2, 2, 2, 2, 2, 2, 2, 2, 2, 2, 2, 2, 2, 2, 2, 2, 2, 2, 2, 2, 2, 2, 2, 2, 2, 2, 2, 2, 2, 2]
algo_list[0, 0, 0, 0, 0, 0, 0, 0, 0, 0, 0, 0, 0, 0, 0, 0, 0, 0, 0, 0, 0, 0, 0, 0, 0, 0, 0, 0, 0, 0, 0, 0, 0, 0, 0, 0, 0, 0, 0, 0, 0, 0, 0, 0, 0, 0, 0, 0, 0, 0, 0, 0, 0, 0, 0, 0, 0, 0, 0, 0, 0, 0, 0, 0, 0, 0, 0, 0, 0, 0, 0, 0, 0, 0, 0, 0, 0, 0, 0, 0, 0, 0, 0, 0, 0, 0, 0, 0, 0, 0, 0, 0, 0, 0, 0, 0, 0, 0, 0, 0, 0, 0, 0, 0, 0, 0, 0, 0, 0, 0, 0, 0, 0, 0, 0, 0, 0, 0, 0, 0, 0, 0, 0, 0, 0, 0, 0, 0, 0, 0, 0, 0, 0, 0, 0, 0, 0, 0, 0, 0, 0, 0, 0, 0, 0, 0, 0, 0, 0, 0, 0, 0, 0, 0, 0, 0, 0, 0, 0, 0, 0, 0, 0, 0, 0, 0, 0, 0, 0, 0, 0, 0, 0, 0, 0, 0, 0, 0, 0, 0, 0, 0, 0, 0, 0, 0, 0, 0, 0, 0, 0, 0, 0, 0, 0, 0, 0, 0, 0, 0, 0, 0, 0, 0, 0, 0, 0, 0, 0, 0, 0, 0, 0, 0, 0, 0, 0, 0, 0, 0, 0, 0, 0, 0, 0, 0, 0, 0, 0, 0, 0, 0, 0, 0, 0, 0, 0, 0, 0, 0, 0, 0, 0, 0, 0, 0, 0, 0, 0, 0, 0, 0, 0, 0, 0, 0, 0, 0, 0, 0, 0, 0, 0, 0, 0, 0, 0, 0, 0, 0, 0, 0, 0, 0, 0, 0, 0, 0, 0, 0, 0, 0, 0, 0, 0, 0, 0, 0, 0, 0, 0, 0, 0, 0, 0, 0, 0, 0, 0, 0, 0, 0, 0, 0, 0, 0, 0, 0, 0, 0, 0, 0, 0, 0, 0, 0, 0, 0, 0, 0, 0, 0, 0, 0, 0, 0, 0, 0, 0, 0, 0, 0, 0, 0, 0, 0, 0, 0, 0, 0, 0, 0, 0, 0, 0, 0, 0, 0, 0, 0, 0, 0, 0, 0, 0, 0, 0, 0, 0, 0, 0, 0, 0, 0, 0, 0, 0, 0, 0, 0, 0, 0, 0, 0, 0, 0, 0, 0, 0, 0, 0, 0, 0, 0, 0, 0, 0, 0, 0, 0, 0, 0, 0, 0, 0, 0, 0, 0, 0, 0, 0, 0, 0, 0, 0, 0, 0, 0, 0, 0, 0, 0, 0, 0, 0, 0, 0, 0, 0, 0, 0, 0, 0, 0, 0, 0, 0, 0, 0, 0, 0, 0, 0, 0, 0, 0, 0, 0, 0, 0, 0, 0, 0, 0, 0, 0, 0, 0, 0, 0, 0, 0, 0, 0, 0, 0, 0, 0, 0, 0, 0, 0, 0, 0, 0, 0, 0, 0, 0, 0, 0, 0, 0, 0, 0, 0, 0, 0, 0, 0, 0, 0, 0, 0, 0, 0, 0, 0, 0, 0, 0, 0, 0, 0, 0, 0, 0, 0, 0, 0, 0, 0, 0, 0, 0, 0, 0, 0, 0, 0, 0, 0, 0, 0, 0, 0, 0, 0, 0, 0, 0, 0, 0, 0, 0, 0, 0, 0, 0, 0, 0, 0, 0, 0, 0, 0, 0, 0, 0, 0, 0, 0, 0, 0, 0, 0, 0, 0, 0, 0, 0, 0, 0, 0, 0, 0, 0, 0, 0, 0, 0, 0, 0, 0, 0, 0, 0, 0, 0, 0, 0, 0, 0, 0, 0, 0, 0, 0, 0, 0, 0, 0, 0, 0, 0, 0, 0, 0, 0, 0, 0, 0, 0, 0, 0, 0, 0, 0, 0, 0, 0, 0, 0, 0, 0, 0, 0, 0, 0, 0, 0, 0, 0, 0, 0, 0, 0, 0, 0, 0, 0, 0, 0, 0, 0, 0, 0, 0, 0, 0, 0, 0, 0, 0, 0, 0, 0, 0, 0, 0, 0, 0, 0, 0, 0, 0, 0, 0, 0, 0, 0, 0, 0, 0, 0, 0, 0, 0, 0, 0, 0, 0, 0, 0, 0, 0, 0, 0, 0, 0, 0, 0, 0, 0, 0, 0, 0, 0, 0, 0, 0, 0, 0, 0, 0, 0, 0, 0, 0, 0, 0, 0, 0, 0, 0, 0, 0, 0, 0, 0, 0, 0, 0, 0, 0, 0, 0, 0, 0, 0, 0, 0, 0, 0, 0, 0, 0, 0, 0, 0, 0, 0, 0, 0, 0, 0, 0, 0, 0, 0, 0, 0, 0, 0, 0, 0, 0, 0, 0, 0, 0, 0, 0, 0, 0, 0, 0, 0, 0, 0, 0, 0, 0, 0, 0, 0, 0, 0, 0, 0, 0, 0, 0, 0, 0, 0, 0, 0, 0, 0, 0, 0, 0, 0, 0, 0, 0, 0, 0, 0, 0, 0, 0, 0, 0, 0, 0, 0, 0, 0, 0, 0, 0, 0, 0, 0, 0, 0, 0, 0, 0, 0, 0, 0, 0, 0, 0, 0, 0, 0, 0, 0, 0, 0, 0, 0, 0, 0, 0, 0, 0, 0, 0, 0, 0, 0, 0, 0, 0, 0, 0, 0, 0, 0, 0, 0, 0, 0, 0, 0, 0, 0, 0, 0, 0, 0, 0, 0, 0, 0, 0, 0, 0, 0, 0, 0, 0, 0, 0, 0, 0, 0, 0, 0, 0, 0, 0, 0, 0, 0, 0, 0, 0, 0, 0, 0, 0, 0, 0, 0, 0, 0, 0, 0, 0, 0, 0, 0, 0, 0, 0, 0, 0, 0, 0, 0, 0, 0, 0, 0, 0, 0, 0, 0, 0, 0, 0, 0, 0, 0, 0, 0, 0, 0, 0, 0, 0, 0, 0, 0, 0, 0, 0, 0, 0, 0, 0, 0, 0, 0, 0, 0, 0, 0, 0, 0, 0, 0, 0, 0, 0, 0, 0, 0, 0, 0, 0, 0, 0, 0, 0, 0, 0, 0, 0, 0, 0, 0, 0, 0, 0, 0, 0, 0, 0, 0, 0, 0, 0, 0, 0, 0, 0, 0, 0, 0, 0, 0, 0, 0, 0, 0, 0, 0, 0, 0, 0, 0, 0, 0, 0, 0, 0, 0, 0, 0, 0, 0, 0, 0, 0, 0, 0, 0, 0, 0, 0, 0, 0, 0, 0, 0, 0, 0, 0, 0, 0, 0, 0, 0, 0, 0, 0, 0, 0, 0, 0, 0, 0, 0, 0, 0, 0, 0, 0, 0, 0, 0, 0, 0, 0, 0, 0, 0, 0, 0, 0, 0, 0, 0, 0, 0, 0, 0, 0, 0, 0, 0, 0, 0, 0, 0, 0, 0, 0, 0, 0, 0, 0, 0, 0, 0, 0, 0, 0, 0, 0, 0, 0, 0, 0, 0, 0, 0, 0, 0, 0, 0, 0, 0, 0, 0, 0, 0, 0, 0, 0, 0, 0, 0, 0, 0, 0, 0, 0, 0, 0, 0, 0, 0, 0, 0, 0, 0, 0, 0, 0, 0, 0, 0, 0, 0, 0, 0, 0, 0, 0, 0, 0, 0, 0, 0, 0, 0, 0, 0, 0, 0, 0, 0, 0, 0, 0, 0, 0, 0, 0, 0, 0, 0, 0, 0, 0, 0, 0, 0, 0, 0, 0, 0, 0, 0, 0, 0, 0, 0, 0, 0, 0, 0, 0, 0, 0, 0, 0, 0, 0, 0, 0, 0, 0, 0, 0, 0, 0, 0, 0, 0, 0, 0, 0, 0, 0, 0, 0, 0, 0, 0, 0, 0, 0, 0, 0, 0, 0, 0, 0, 0, 0, 0, 0, 0, 0, 0, 0, 0, 0, 0, 0, 0, 0, 0, 0, 0, 0, 0, 0, 0, 0, 0, 0, 0, 0, 0, 0, 0, 0, 0, 0, 0, 0, 0, 0, 0, 0, 0, 0, 0, 0, 0, 0, 0, 0, 0, 0, 0, 0, 0, 0, 0, 0, 0, 0, 0, 0, 0, 0, 0, 0, 0, 0, 0, 0, 0, 0, 0, 0, 0, 0, 0, 0, 0, 0, 0, 0, 0, 0, 0, 0, 0, 0, 0, 0, 0, 0, 0, 0, 0, 0, 0, 0, 0, 0, 0, 0, 0, 0, 0, 0, 0, 0, 0, 0, 0, 0, 0, 0, 0, 0, 0, 0, 0, 0, 0, 0, 0, 0, 0, 0, 0, 0, 0, 0, 0, 0, 0, 0, 0, 0, 0, 0, 0, 0, 0, 0, 0, 0, 0, 0, 0, 0, 0, 0, 0, 0, 0, 0, 0, 0, 0, 0, 0, 0, 0, 0, 0, 0, 0, 0, 0, 0, 0, 0, 0, 0, 0, 0, 0, 0, 0, 0, 0, 0, 0, 0, 0, 0, 0, 0, 0, 0, 0, 0, 0, 0, 0, 0, 0, 0, 0, 0, 0, 0, 0, 0, 0, 0, 0, 0, 0, 0, 0, 0, 0, 0, 0, 0, 0, 0, 0, 0, 0, 0, 0, 0, 0, 0, 0, 0, 0, 0, 0, 0, 0, 0, 0, 0, 0, 0, 0, 0, 0, 0, 0, 0, 0, 0, 0, 0, 0, 0, 0, 0, 0, 0, 0, 0, 0, 0, 0, 0, 0, 0, 0, 0, 0, 0, 0, 0, 0, 0, 0, 0, 0, 0, 0, 0, 0, 0, 0, 0, 0, 0, 0, 0, 0, 0, 0, 0, 0, 0, 0, 0, 0, 0, 0, 0, 0, 0, 0, 0, 0, 0, 0, 0, 0, 0, 0, 0, 0, 0, 0, 0, 0, 0, 0, 0, 0, 0, 0, 0, 0, 0, 0, 0, 0, 0, 0, 0, 0, 0, 0, 0, 0, 0, 0, 0, 0, 0, 0, 0, 0, 0, 0, 0, 0, 0, 0, 0, 0, 0, 0, 0, 0, 0, 0, 0, 0, 0, 0, 0, 0, 0, 0, 0, 0, 0, 0, 0, 0, 0, 0, 0, 0, 0, 0, 0, 0, 0, 0, 0, 0, 0, 0, 0, 0, 0, 0, 0, 0, 0, 0, 0, 0, 0, 0, 0, 0, 0, 0, 0, 0, 0, 0, 0, 0, 0, 0, 0, 0, 0, 0, 0, 0, 0, 0, 0, 0, 0, 0, 0, 0, 0, 0, 0, 0, 0, 0, 0, 0, 0, 0, 0, 0, 0, 0, 0, 0, 0, 0, 0, 0, 0, 0, 0, 0, 0, 0, 0, 0, 0, 0, 0, 0, 0, 0, 0, 0, 0, 0, 0, 0, 0, 0, 0, 0, 0]

decode|25062.61|40440.57| op = [739, 460, 468]| tp = [1, 1, 1, ] | dp = [4, 2, 2, ] | algo = [0, 0, 0, ] | rc = [114, 66, 0] | gpus = [4, 2, 2] | micro_bs = 8 | time = [25062, 24303, 24282] | memory = [38898, 34684, 40440]
验证解
line465:max stage:0, min stage:2, max_value:25062.610678380894, min_value:24282.877629076003
fix|25033.45|40460.57| op = [738, 460, 469]| tp = [1, 1, 1, ] | dp = [4, 2, 2, ] | algo = [0, 0, 0, ] | rc = [114, 66, 0] | gpus = [4, 2, 2] | micro_bs = 8 | time = [25033, 24265, 24319] | memory = [38834, 34656, 40460]
best|25033.45|40460.57| op = [738, 460, 469]| tp = [1, 1, 1, ] | dp = [4, 2, 2, ] | algo = [0, 0, 0, ] | rc = [114, 66, 0] | gpus = [4, 2, 2] | micro_bs = 8 | time = [25033, 24265, 24319] | memory = [38834, 34656, 40460]
line146:config.memory_list:[38834.64999999994, 34656.80400000009, 40460.56600000004]
line147:config.time_list:[25033.45475561077, 24265.052922745497, 24319.897316391012]
求解成功
config has been saved to /home/liminglong.lml/sxz/SuperScaler/logs-large/aceso/configs/scale-layer/128layers/scale-layer_128layers_3stages_2026-5-15-12-58-1.json

========== Best Result (num_stages = 3) ==========
|25033.45|40460.57| op = [738, 460, 469]| tp = [1, 1, 1, ] | dp = [4, 2, 2, ] | algo = [0, 0, 0, ] | rc = [114, 66, 0] | gpus = [4, 2, 2] | micro_bs = 8 | time = [25033, 24265, 24319] | memory = [38834, 34656, 40460]
start|28096.87|43626.04| op = [834, 417, 416]| tp = [1, 1, 1, ] | dp = [4, 2, 2, ] | algo = [0, 0, 0, ] | rc = [128, 50, 0] | gpus = [4, 2, 2] | micro_bs = 8 | time = [28096, 21715, 21911] | memory = [43626, 37667, 36312]
fix|28083.99|43613.95| op = [833, 418, 416]| tp = [1, 1, 1, ] | dp = [4, 2, 2, ] | algo = [0, 0, 0, ] | rc = [128, 50, 0] | gpus = [4, 2, 2] | micro_bs = 8 | time = [28083, 21728, 21911] | memory = [43613, 37668, 36312]
fix|28069.63|43595.95| op = [832, 419, 416]| tp = [1, 1, 1, ] | dp = [4, 2, 2, ] | algo = [0, 0, 0, ] | rc = [128, 50, 0] | gpus = [4, 2, 2] | micro_bs = 8 | time = [28069, 21745, 21911] | memory = [43595, 37708, 36312]
fix|28059.06|43567.95| op = [831, 420, 416]| tp = [1, 1, 1, ] | dp = [4, 2, 2, ] | algo = [0, 0, 0, ] | rc = [128, 50, 0] | gpus = [4, 2, 2] | micro_bs = 8 | time = [28059, 21795, 21911] | memory = [43567, 37788, 36312]
fix|28047.18|43519.95| op = [830, 421, 416]| tp = [1, 1, 1, ] | dp = [4, 2, 2, ] | algo = [0, 0, 0, ] | rc = [128, 50, 0] | gpus = [4, 2, 2] | micro_bs = 8 | time = [28047, 21817, 21911] | memory = [43519, 37852, 36312]
fix|28018.15|43455.95| op = [829, 422, 416]| tp = [1, 1, 1, ] | dp = [4, 2, 2, ] | algo = [0, 0, 0, ] | rc = [128, 50, 0] | gpus = [4, 2, 2] | micro_bs = 8 | time = [28018, 21832, 21911] | memory = [43455, 37884, 36312]
fix|28005.24|43443.86| op = [828, 423, 416]| tp = [1, 1, 1, ] | dp = [4, 2, 2, ] | algo = [0, 0, 0, ] | rc = [128, 50, 0] | gpus = [4, 2, 2] | micro_bs = 8 | time = [28005, 21845, 21911] | memory = [43443, 37884, 36312]
fix|27991.04|43425.86| op = [827, 424, 416]| tp = [1, 1, 1, ] | dp = [4, 2, 2, ] | algo = [0, 0, 0, ] | rc = [128, 50, 0] | gpus = [4, 2, 2] | micro_bs = 8 | time = [27991, 21862, 21911] | memory = [43425, 37924, 36312]
fix|27973.11|43409.86| op = [826, 425, 416]| tp = [1, 1, 1, ] | dp = [4, 2, 2, ] | algo = [0, 0, 0, ] | rc = [128, 50, 0] | gpus = [4, 2, 2] | micro_bs = 8 | time = [27973, 21877, 21911] | memory = [43409, 37944, 36312]
fix|27962.08|44261.86| op = [825, 426, 416]| tp = [1, 1, 1, ] | dp = [4, 2, 2, ] | algo = [0, 0, 0, ] | rc = [127, 52, 0] | gpus = [4, 2, 2] | micro_bs = 8 | time = [27962, 22187, 21913] | memory = [44261, 37320, 36312]
fix|27877.22|43397.86| op = [824, 426, 417]| tp = [1, 1, 1, ] | dp = [4, 2, 2, ] | algo = [0, 0, 0, ] | rc = [126, 56, 0] | gpus = [4, 2, 2] | micro_bs = 8 | time = [27877, 22421, 21952] | memory = [43397, 36108, 36332]
fix|27828.68|43397.86| op = [823, 426, 418]| tp = [1, 1, 1, ] | dp = [4, 2, 2, ] | algo = [0, 0, 0, ] | rc = [126, 56, 0] | gpus = [4, 2, 2] | micro_bs = 8 | time = [27828, 22497, 21965] | memory = [43397, 36092, 36332]
fix|27707.39|43013.86| op = [822, 426, 419]| tp = [1, 1, 1, ] | dp = [4, 2, 2, ] | algo = [0, 0, 0, ] | rc = [126, 56, 0] | gpus = [4, 2, 2] | micro_bs = 8 | time = [27707, 22451, 21981] | memory = [43013, 36100, 36352]
fix|27671.93|42965.86| op = [821, 426, 420]| tp = [1, 1, 1, ] | dp = [4, 2, 2, ] | algo = [0, 0, 0, ] | rc = [126, 56, 0] | gpus = [4, 2, 2] | micro_bs = 8 | time = [27671, 22473, 22031] | memory = [42965, 36096, 36400]
fix|27658.36|42953.77| op = [820, 426, 421]| tp = [1, 1, 1, ] | dp = [4, 2, 2, ] | algo = [0, 0, 0, ] | rc = [126, 54, 0] | gpus = [4, 2, 2] | micro_bs = 8 | time = [27658, 22375, 22052] | memory = [42953, 37184, 36432]
fix|27643.73|42935.77| op = [819, 426, 422]| tp = [1, 1, 1, ] | dp = [4, 2, 2, ] | algo = [0, 0, 0, ] | rc = [126, 54, 0] | gpus = [4, 2, 2] | micro_bs = 8 | time = [27643, 22343, 22067] | memory = [42935, 37144, 36456]
fix|27633.80|42907.77| op = [818, 426, 423]| tp = [1, 1, 1, ] | dp = [4, 2, 2, ] | algo = [0, 0, 0, ] | rc = [126, 56, 0] | gpus = [4, 2, 2] | micro_bs = 8 | time = [27633, 22462, 22081] | memory = [42907, 36056, 36456]
fix|27621.97|42859.77| op = [817, 426, 424]| tp = [1, 1, 1, ] | dp = [4, 2, 2, ] | algo = [0, 0, 0, ] | rc = [126, 56, 0] | gpus = [4, 2, 2] | micro_bs = 8 | time = [27621, 22474, 22098] | memory = [42859, 36096, 36476]
fix|27592.94|42795.77| op = [816, 426, 425]| tp = [1, 1, 1, ] | dp = [4, 2, 2, ] | algo = [0, 0, 0, ] | rc = [126, 56, 0] | gpus = [4, 2, 2] | micro_bs = 8 | time = [27592, 22473, 22113] | memory = [42795, 36108, 36488]
fix|27582.08|42783.67| op = [815, 426, 426]| tp = [1, 1, 1, ] | dp = [4, 2, 2, ] | algo = [0, 0, 0, ] | rc = [126, 56, 0] | gpus = [4, 2, 2] | micro_bs = 8 | time = [27582, 22528, 22335] | memory = [42783, 36092, 36752]
fix|27566.49|42765.67| op = [814, 426, 427]| tp = [1, 1, 1, ] | dp = [4, 2, 2, ] | algo = [0, 0, 0, ] | rc = [126, 52, 0] | gpus = [4, 2, 2] | micro_bs = 8 | time = [27566, 22258, 22443] | memory = [42765, 37284, 37328]
fix|27548.56|42749.67| op = [813, 427, 427]| tp = [1, 1, 1, ] | dp = [4, 2, 2, ] | algo = [0, 0, 0, ] | rc = [126, 52, 0] | gpus = [4, 2, 2] | micro_bs = 8 | time = [27548, 22273, 22443] | memory = [42749, 37304, 37328]
fix|27537.54|43601.67| op = [812, 428, 427]| tp = [1, 1, 1, ] | dp = [4, 2, 2, ] | algo = [0, 0, 0, ] | rc = [125, 54, 0] | gpus = [4, 2, 2] | micro_bs = 8 | time = [27537, 22583, 22446] | memory = [43601, 36680, 37328]
fix|27452.11|42737.67| op = [811, 428, 428]| tp = [1, 1, 1, ] | dp = [4, 2, 2, ] | algo = [0, 0, 0, ] | rc = [124, 56, 0] | gpus = [4, 2, 2] | micro_bs = 8 | time = [27452, 22688, 22541] | memory = [42737, 36680, 37328]
fix|27401.70|42737.67| op = [810, 428, 429]| tp = [1, 1, 1, ] | dp = [4, 2, 2, ] | algo = [0, 0, 0, ] | rc = [124, 56, 0] | gpus = [4, 2, 2] | micro_bs = 8 | time = [27401, 22571, 22506] | memory = [42737, 36168, 37344]
fix|27280.23|42353.67| op = [809, 428, 430]| tp = [1, 1, 1, ] | dp = [4, 2, 2, ] | algo = [0, 0, 0, ] | rc = [124, 56, 0] | gpus = [4, 2, 2] | micro_bs = 8 | time = [27280, 22482, 22542] | memory = [42353, 36140, 37364]
fix|27244.50|42305.67| op = [808, 429, 430]| tp = [1, 1, 1, ] | dp = [4, 2, 2, ] | algo = [0, 0, 0, ] | rc = [124, 56, 0] | gpus = [4, 2, 2] | micro_bs = 8 | time = [27244, 22519, 22542] | memory = [42305, 36168, 37364]
fix|27231.62|42293.58| op = [807, 430, 430]| tp = [1, 1, 1, ] | dp = [4, 2, 2, ] | algo = [0, 0, 0, ] | rc = [124, 56, 0] | gpus = [4, 2, 2] | micro_bs = 8 | time = [27231, 22532, 22542] | memory = [42293, 36168, 37364]
fix|27217.26|42275.58| op = [806, 431, 430]| tp = [1, 1, 1, ] | dp = [4, 2, 2, ] | algo = [0, 0, 0, ] | rc = [124, 56, 0] | gpus = [4, 2, 2] | micro_bs = 8 | time = [27217, 22549, 22542] | memory = [42275, 36208, 37364]
fix|27206.64|42247.58| op = [805, 431, 431]| tp = [1, 1, 1, ] | dp = [4, 2, 2, ] | algo = [0, 0, 0, ] | rc = [124, 56, 0] | gpus = [4, 2, 2] | micro_bs = 8 | time = [27206, 22580, 22554] | memory = [42247, 36272, 37364]
fix|27194.81|42199.58| op = [804, 431, 432]| tp = [1, 1, 1, ] | dp = [4, 2, 2, ] | algo = [0, 0, 0, ] | rc = [124, 56, 0] | gpus = [4, 2, 2] | micro_bs = 8 | time = [27194, 22592, 22572] | memory = [42199, 36312, 37384]
fix|27166.05|42135.58| op = [803, 431, 433]| tp = [1, 1, 1, ] | dp = [4, 2, 2, ] | algo = [0, 0, 0, ] | rc = [124, 56, 0] | gpus = [4, 2, 2] | micro_bs = 8 | time = [27166, 22592, 22622] | memory = [42135, 36312, 37432]
fix|27153.14|42123.49| op = [802, 432, 433]| tp = [1, 1, 1, ] | dp = [4, 2, 2, ] | algo = [0, 0, 0, ] | rc = [124, 56, 0] | gpus = [4, 2, 2] | micro_bs = 8 | time = [27153, 22604, 22622] | memory = [42123, 36312, 37432]
fix|27138.94|42105.49| op = [801, 433, 433]| tp = [1, 1, 1, ] | dp = [4, 2, 2, ] | algo = [0, 0, 0, ] | rc = [124, 56, 0] | gpus = [4, 2, 2] | micro_bs = 8 | time = [27138, 22621, 22622] | memory = [42105, 36352, 37432]
fix|27121.01|42089.49| op = [800, 434, 433]| tp = [1, 1, 1, ] | dp = [4, 2, 2, ] | algo = [0, 0, 0, ] | rc = [124, 56, 0] | gpus = [4, 2, 2] | micro_bs = 8 | time = [27121, 22637, 22622] | memory = [42089, 36372, 37432]
fix|27109.99|42941.49| op = [799, 434, 434]| tp = [1, 1, 1, ] | dp = [4, 2, 2, ] | algo = [0, 0, 0, ] | rc = [123, 58, 0] | gpus = [4, 2, 2] | micro_bs = 8 | time = [27109, 22924, 22646] | memory = [42941, 35684, 37464]
fix|27024.29|42077.49| op = [798, 434, 435]| tp = [1, 1, 1, ] | dp = [4, 2, 2, ] | algo = [0, 0, 0, ] | rc = [122, 60, 0] | gpus = [4, 2, 2] | micro_bs = 8 | time = [27024, 23074, 22662] | memory = [42077, 35604, 37488]
fix|26975.75|42077.49| op = [797, 434, 436]| tp = [1, 1, 1, ] | dp = [4, 2, 2, ] | algo = [0, 0, 0, ] | rc = [122, 60, 0] | gpus = [4, 2, 2] | micro_bs = 8 | time = [26975, 23149, 22675] | memory = [42077, 35588, 37488]
fix|26854.45|41693.49| op = [796, 434, 437]| tp = [1, 1, 1, ] | dp = [4, 2, 2, ] | algo = [0, 0, 0, ] | rc = [122, 60, 0] | gpus = [4, 2, 2] | micro_bs = 8 | time = [26854, 23104, 22690] | memory = [41693, 35596, 37508]
fix|26818.73|41645.49| op = [795, 434, 438]| tp = [1, 1, 1, ] | dp = [4, 2, 2, ] | algo = [0, 0, 0, ] | rc = [122, 60, 0] | gpus = [4, 2, 2] | micro_bs = 8 | time = [26818, 23126, 22706] | memory = [41645, 35604, 37520]
fix|26807.90|41633.39| op = [794, 434, 439]| tp = [1, 1, 1, ] | dp = [4, 2, 2, ] | algo = [0, 0, 0, ] | rc = [122, 60, 0] | gpus = [4, 2, 2] | micro_bs = 8 | time = [26807, 23181, 22928] | memory = [41633, 35588, 37784]
fix|26792.15|41615.39| op = [793, 434, 440]| tp = [1, 1, 1, ] | dp = [4, 2, 2, ] | algo = [0, 0, 0, ] | rc = [122, 56, 0] | gpus = [4, 2, 2] | micro_bs = 8 | time = [26792, 22910, 23036] | memory = [41615, 36780, 38360]
fix|26782.27|41587.39| op = [792, 435, 440]| tp = [1, 1, 1, ] | dp = [4, 2, 2, ] | algo = [0, 0, 0, ] | rc = [122, 58, 0] | gpus = [4, 2, 2] | micro_bs = 8 | time = [26782, 23049, 23037] | memory = [41587, 35708, 38360]
fix|26770.39|41539.39| op = [791, 435, 441]| tp = [1, 1, 1, ] | dp = [4, 2, 2, ] | algo = [0, 0, 0, ] | rc = [122, 58, 0] | gpus = [4, 2, 2] | micro_bs = 8 | time = [26770, 22977, 23132] | memory = [41539, 35772, 38360]
fix|26741.37|41475.39| op = [790, 436, 441]| tp = [1, 1, 1, ] | dp = [4, 2, 2, ] | algo = [0, 0, 0, ] | rc = [122, 58, 0] | gpus = [4, 2, 2] | micro_bs = 8 | time = [26741, 22992, 23132] | memory = [41475, 35804, 38360]
fix|26728.45|41463.30| op = [789, 437, 441]| tp = [1, 1, 1, ] | dp = [4, 2, 2, ] | algo = [0, 0, 0, ] | rc = [122, 58, 0] | gpus = [4, 2, 2] | micro_bs = 8 | time = [26728, 23005, 23132] | memory = [41463, 35804, 38360]
fix|26714.25|41445.30| op = [788, 438, 441]| tp = [1, 1, 1, ] | dp = [4, 2, 2, ] | algo = [0, 0, 0, ] | rc = [122, 58, 0] | gpus = [4, 2, 2] | micro_bs = 8 | time = [26714, 23021, 23132] | memory = [41445, 35844, 38360]
fix|26696.32|41429.30| op = [787, 439, 441]| tp = [1, 1, 1, ] | dp = [4, 2, 2, ] | algo = [0, 0, 0, ] | rc = [122, 58, 0] | gpus = [4, 2, 2] | micro_bs = 8 | time = [26696, 23037, 23132] | memory = [41429, 35864, 38360]
fix|26684.60|42281.30| op = [786, 440, 441]| tp = [1, 1, 1, ] | dp = [4, 2, 2, ] | algo = [0, 0, 0, ] | rc = [121, 58, 0] | gpus = [4, 2, 2] | micro_bs = 8 | time = [26684, 23258, 23133] | memory = [42281, 36392, 38360]
fix|26597.26|41417.30| op = [785, 440, 442]| tp = [1, 1, 1, ] | dp = [4, 2, 2, ] | algo = [0, 0, 0, ] | rc = [120, 60, 0] | gpus = [4, 2, 2] | micro_bs = 8 | time = [26597, 23245, 23098] | memory = [41417, 35880, 38376]
fix|26548.64|41417.30| op = [784, 440, 443]| tp = [1, 1, 1, ] | dp = [4, 2, 2, ] | algo = [0, 0, 0, ] | rc = [120, 60, 0] | gpus = [4, 2, 2] | micro_bs = 8 | time = [26548, 23286, 23136] | memory = [41417, 35820, 38396]
fix|26427.25|41033.30| op = [783, 440, 444]| tp = [1, 1, 1, ] | dp = [4, 2, 2, ] | algo = [0, 0, 0, ] | rc = [120, 60, 0] | gpus = [4, 2, 2] | micro_bs = 8 | time = [26427, 23233, 23147] | memory = [41033, 35836, 38396]
fix|26391.57|40985.30| op = [782, 440, 445]| tp = [1, 1, 1, ] | dp = [4, 2, 2, ] | algo = [0, 0, 0, ] | rc = [120, 60, 0] | gpus = [4, 2, 2] | micro_bs = 8 | time = [26391, 23259, 23164] | memory = [40985, 35840, 38416]
fix|26378.96|40973.21| op = [781, 440, 446]| tp = [1, 1, 1, ] | dp = [4, 2, 2, ] | algo = [0, 0, 0, ] | rc = [120, 60, 0] | gpus = [4, 2, 2] | micro_bs = 8 | time = [26378, 23256, 23214] | memory = [40973, 35808, 38464]
fix|26364.60|40955.21| op = [780, 440, 447]| tp = [1, 1, 1, ] | dp = [4, 2, 2, ] | algo = [0, 0, 0, ] | rc = [120, 60, 0] | gpus = [4, 2, 2] | micro_bs = 8 | time = [26364, 23251, 23237] | memory = [40955, 35784, 38496]
fix|26353.76|40927.21| op = [779, 440, 448]| tp = [1, 1, 1, ] | dp = [4, 2, 2, ] | algo = [0, 0, 0, ] | rc = [120, 60, 0] | gpus = [4, 2, 2] | micro_bs = 8 | time = [26353, 23252, 23252] | memory = [40927, 35784, 38520]
fix|26341.88|40879.21| op = [778, 441, 448]| tp = [1, 1, 1, ] | dp = [4, 2, 2, ] | algo = [0, 0, 0, ] | rc = [120, 60, 0] | gpus = [4, 2, 2] | micro_bs = 8 | time = [26341, 23274, 23252] | memory = [40879, 35848, 38520]
fix|26312.81|40815.21| op = [777, 441, 449]| tp = [1, 1, 1, ] | dp = [4, 2, 2, ] | algo = [0, 0, 0, ] | rc = [120, 60, 0] | gpus = [4, 2, 2] | micro_bs = 8 | time = [26312, 23270, 23264] | memory = [40815, 35864, 38520]
fix|26299.94|40803.11| op = [776, 441, 450]| tp = [1, 1, 1, ] | dp = [4, 2, 2, ] | algo = [0, 0, 0, ] | rc = [120, 60, 0] | gpus = [4, 2, 2] | micro_bs = 8 | time = [26299, 23272, 23281] | memory = [40803, 35840, 38540]
fix|26285.74|40785.11| op = [775, 442, 450]| tp = [1, 1, 1, ] | dp = [4, 2, 2, ] | algo = [0, 0, 0, ] | rc = [120, 60, 0] | gpus = [4, 2, 2] | micro_bs = 8 | time = [26285, 23289, 23281] | memory = [40785, 35880, 38540]
fix|26267.81|40769.11| op = [774, 442, 451]| tp = [1, 1, 1, ] | dp = [4, 2, 2, ] | algo = [0, 0, 0, ] | rc = [120, 60, 0] | gpus = [4, 2, 2] | micro_bs = 8 | time = [26267, 23289, 23297] | memory = [40769, 35880, 38552]
fix|26256.78|41621.11| op = [773, 443, 451]| tp = [1, 1, 1, ] | dp = [4, 2, 2, ] | algo = [0, 0, 0, ] | rc = [119, 62, 0] | gpus = [4, 2, 2] | micro_bs = 8 | time = [26256, 23599, 23299] | memory = [41621, 35256, 38552]
fix|26173.40|40757.11| op = [772, 443, 452]| tp = [1, 1, 1, ] | dp = [4, 2, 2, ] | algo = [0, 0, 0, ] | rc = [118, 64, 0] | gpus = [4, 2, 2] | micro_bs = 8 | time = [26173, 23840, 23522] | memory = [40757, 35240, 38816]
fix|26124.22|40757.11| op = [771, 443, 453]| tp = [1, 1, 1, ] | dp = [4, 2, 2, ] | algo = [0, 0, 0, ] | rc = [118, 62, 0] | gpus = [4, 2, 2] | micro_bs = 8 | time = [26124, 23736, 23631] | memory = [40757, 35240, 39392]
fix|26002.87|40373.11| op = [770, 443, 454]| tp = [1, 1, 1, ] | dp = [4, 2, 2, ] | algo = [0, 0, 0, ] | rc = [118, 62, 0] | gpus = [4, 2, 2] | micro_bs = 8 | time = [26002, 23607, 23724] | memory = [40373, 35272, 39392]
fix|25967.15|40325.11| op = [769, 444, 454]| tp = [1, 1, 1, ] | dp = [4, 2, 2, ] | algo = [0, 0, 0, ] | rc = [118, 62, 0] | gpus = [4, 2, 2] | micro_bs = 8 | time = [25967, 23644, 23724] | memory = [40325, 35300, 39392]
fix|25954.27|40313.02| op = [768, 445, 454]| tp = [1, 1, 1, ] | dp = [4, 2, 2, ] | algo = [0, 0, 0, ] | rc = [118, 62, 0] | gpus = [4, 2, 2] | micro_bs = 8 | time = [25954, 23657, 23724] | memory = [40313, 35300, 39392]
fix|25939.91|40295.02| op = [767, 446, 454]| tp = [1, 1, 1, ] | dp = [4, 2, 2, ] | algo = [0, 0, 0, ] | rc = [118, 62, 0] | gpus = [4, 2, 2] | micro_bs = 8 | time = [25939, 23674, 23724] | memory = [40295, 35340, 39392]
fix|25929.34|40267.02| op = [766, 447, 454]| tp = [1, 1, 1, ] | dp = [4, 2, 2, ] | algo = [0, 0, 0, ] | rc = [118, 62, 0] | gpus = [4, 2, 2] | micro_bs = 8 | time = [25929, 23724, 23725] | memory = [40267, 35420, 39392]
fix|25917.46|40219.02| op = [765, 448, 454]| tp = [1, 1, 1, ] | dp = [4, 2, 2, ] | algo = [0, 0, 0, ] | rc = [118, 62, 0] | gpus = [4, 2, 2] | micro_bs = 8 | time = [25917, 23746, 23725] | memory = [40219, 35484, 39392]
fix|25886.52|40155.02| op = [764, 448, 455]| tp = [1, 1, 1, ] | dp = [4, 2, 2, ] | algo = [0, 0, 0, ] | rc = [118, 62, 0] | gpus = [4, 2, 2] | micro_bs = 8 | time = [25886, 23549, 23689] | memory = [40155, 35004, 39408]
fix|25873.60|40142.93| op = [763, 449, 455]| tp = [1, 1, 1, ] | dp = [4, 2, 2, ] | algo = [0, 0, 0, ] | rc = [118, 62, 0] | gpus = [4, 2, 2] | micro_bs = 8 | time = [25873, 23562, 23689] | memory = [40142, 35004, 39408]
fix|25859.40|40124.93| op = [762, 450, 455]| tp = [1, 1, 1, ] | dp = [4, 2, 2, ] | algo = [0, 0, 0, ] | rc = [118, 62, 0] | gpus = [4, 2, 2] | micro_bs = 8 | time = [25859, 23579, 23689] | memory = [40124, 35044, 39408]
fix|25841.47|40108.93| op = [761, 451, 455]| tp = [1, 1, 1, ] | dp = [4, 2, 2, ] | algo = [0, 0, 0, ] | rc = [118, 62, 0] | gpus = [4, 2, 2] | micro_bs = 8 | time = [25841, 23594, 23689] | memory = [40108, 35064, 39408]
fix|25829.75|40960.93| op = [760, 452, 455]| tp = [1, 1, 1, ] | dp = [4, 2, 2, ] | algo = [0, 0, 0, ] | rc = [117, 62, 0] | gpus = [4, 2, 2] | micro_bs = 8 | time = [25829, 23815, 23691] | memory = [40960, 35592, 39408]
fix|25744.89|40096.93| op = [759, 452, 456]| tp = [1, 1, 1, ] | dp = [4, 2, 2, ] | algo = [0, 0, 0, ] | rc = [116, 66, 0] | gpus = [4, 2, 2] | micro_bs = 8 | time = [25744, 24049, 23729] | memory = [40096, 34380, 39428]
fix|25696.35|40096.93| op = [758, 452, 457]| tp = [1, 1, 1, ] | dp = [4, 2, 2, ] | algo = [0, 0, 0, ] | rc = [116, 66, 0] | gpus = [4, 2, 2] | micro_bs = 8 | time = [25696, 24125, 23742] | memory = [40096, 34364, 39428]
fix|25575.06|39712.93| op = [757, 452, 458]| tp = [1, 1, 1, ] | dp = [4, 2, 2, ] | algo = [0, 0, 0, ] | rc = [116, 66, 0] | gpus = [4, 2, 2] | micro_bs = 8 | time = [25575, 24079, 23758] | memory = [39712, 34372, 39448]
fix|25539.60|39664.93| op = [756, 452, 459]| tp = [1, 1, 1, ] | dp = [4, 2, 2, ] | algo = [0, 0, 0, ] | rc = [116, 66, 0] | gpus = [4, 2, 2] | micro_bs = 8 | time = [25539, 24102, 23808] | memory = [39664, 34368, 39496]
fix|25526.72|39652.84| op = [755, 452, 460]| tp = [1, 1, 1, ] | dp = [4, 2, 2, ] | algo = [0, 0, 0, ] | rc = [116, 66, 0] | gpus = [4, 2, 2] | micro_bs = 8 | time = [25526, 24092, 23830] | memory = [39652, 34304, 39528]
fix|25512.09|39634.84| op = [754, 452, 461]| tp = [1, 1, 1, ] | dp = [4, 2, 2, ] | algo = [0, 0, 0, ] | rc = [116, 66, 0] | gpus = [4, 2, 2] | micro_bs = 8 | time = [25512, 24059, 23845] | memory = [39634, 34264, 39552]
fix|25501.47|39606.84| op = [753, 452, 462]| tp = [1, 1, 1, ] | dp = [4, 2, 2, ] | algo = [0, 0, 0, ] | rc = [116, 66, 0] | gpus = [4, 2, 2] | micro_bs = 8 | time = [25501, 24091, 23858] | memory = [39606, 34328, 39552]
fix|25489.64|39572.57| op = [752, 452, 463]| tp = [1, 1, 1, ] | dp = [4, 2, 2, ] | algo = [0, 0, 0, ] | rc = [116, 66, 0] | gpus = [4, 2, 2] | micro_bs = 8 | time = [25489, 24102, 23875] | memory = [39558, 34368, 39572]
fix|25460.61|39584.57| op = [751, 452, 464]| tp = [1, 1, 1, ] | dp = [4, 2, 2, ] | algo = [0, 0, 0, ] | rc = [116, 66, 0] | gpus = [4, 2, 2] | micro_bs = 8 | time = [25460, 24102, 23891] | memory = [39494, 34380, 39584]
fix|25449.75|39848.57| op = [750, 452, 465]| tp = [1, 1, 1, ] | dp = [4, 2, 2, ] | algo = [0, 0, 0, ] | rc = [116, 66, 0] | gpus = [4, 2, 2] | micro_bs = 8 | time = [25449, 24157, 24112] | memory = [39482, 34364, 39848]
fix|25434.16|40424.57| op = [749, 452, 466]| tp = [1, 1, 1, ] | dp = [4, 2, 2, ] | algo = [0, 0, 0, ] | rc = [116, 62, 0] | gpus = [4, 2, 2] | micro_bs = 8 | time = [25434, 23886, 24221] | memory = [39464, 35556, 40424]
fix|25416.23|40424.57| op = [748, 453, 466]| tp = [1, 1, 1, ] | dp = [4, 2, 2, ] | algo = [0, 0, 0, ] | rc = [116, 62, 0] | gpus = [4, 2, 2] | micro_bs = 8 | time = [25416, 23902, 24221] | memory = [39448, 35576, 40424]
fix|25405.21|40424.57| op = [747, 454, 466]| tp = [1, 1, 1, ] | dp = [4, 2, 2, ] | algo = [0, 0, 0, ] | rc = [115, 64, 0] | gpus = [4, 2, 2] | micro_bs = 8 | time = [25405, 24212, 24223] | memory = [40300, 34952, 40424]
fix|25320.47|40424.57| op = [746, 455, 466]| tp = [1, 1, 1, ] | dp = [4, 2, 2, ] | algo = [0, 0, 0, ] | rc = [114, 68, 0] | gpus = [4, 2, 2] | micro_bs = 8 | time = [25320, 24499, 24225] | memory = [39436, 33800, 40424]
fix|25271.98|40424.57| op = [745, 455, 467]| tp = [1, 1, 1, ] | dp = [4, 2, 2, ] | algo = [0, 0, 0, ] | rc = [114, 68, 0] | gpus = [4, 2, 2] | micro_bs = 8 | time = [25271, 24499, 24319] | memory = [39436, 33800, 40424]
fix|25148.03|40440.57| op = [744, 455, 468]| tp = [1, 1, 1, ] | dp = [4, 2, 2, ] | algo = [0, 0, 0, ] | rc = [114, 66, 0] | gpus = [4, 2, 2] | micro_bs = 8 | time = [25148, 24164, 24282] | memory = [39052, 34472, 40440]
fix|25112.30|40440.57| op = [743, 456, 468]| tp = [1, 1, 1, ] | dp = [4, 2, 2, ] | algo = [0, 0, 0, ] | rc = [114, 66, 0] | gpus = [4, 2, 2] | micro_bs = 8 | time = [25112, 24201, 24282] | memory = [39004, 34500, 40440]
fix|25099.42|40440.57| op = [742, 457, 468]| tp = [1, 1, 1, ] | dp = [4, 2, 2, ] | algo = [0, 0, 0, ] | rc = [114, 66, 0] | gpus = [4, 2, 2] | micro_bs = 8 | time = [25099, 24214, 24282] | memory = [38992, 34500, 40440]
fix|25085.06|40440.57| op = [741, 458, 468]| tp = [1, 1, 1, ] | dp = [4, 2, 2, ] | algo = [0, 0, 0, ] | rc = [114, 66, 0] | gpus = [4, 2, 2] | micro_bs = 8 | time = [25085, 24231, 24282] | memory = [38974, 34540, 40440]
fix|25074.49|40440.57| op = [740, 459, 468]| tp = [1, 1, 1, ] | dp = [4, 2, 2, ] | algo = [0, 0, 0, ] | rc = [114, 66, 0] | gpus = [4, 2, 2] | micro_bs = 8 | time = [25074, 24281, 24282] | memory = [38946, 34620, 40440]
fix|25062.61|40440.57| op = [739, 460, 468]| tp = [1, 1, 1, ] | dp = [4, 2, 2, ] | algo = [0, 0, 0, ] | rc = [114, 66, 0] | gpus = [4, 2, 2] | micro_bs = 8 | time = [25062, 24303, 24282] | memory = [38898, 34684, 40440]
best|25062.61|40440.57| op = [739, 460, 468]| tp = [1, 1, 1, ] | dp = [4, 2, 2, ] | algo = [0, 0, 0, ] | rc = [114, 66, 0] | gpus = [4, 2, 2] | micro_bs = 8 | time = [25062, 24303, 24282] | memory = [38898, 34684, 40440]
decode|25062.61|40440.57| op = [739, 460, 468]| tp = [1, 1, 1, ] | dp = [4, 2, 2, ] | algo = [0, 0, 0, ] | rc = [114, 66, 0] | gpus = [4, 2, 2] | micro_bs = 8 | time = [25062, 24303, 24282] | memory = [38898, 34684, 40440]
fix|25033.45|40460.57| op = [738, 460, 469]| tp = [1, 1, 1, ] | dp = [4, 2, 2, ] | algo = [0, 0, 0, ] | rc = [114, 66, 0] | gpus = [4, 2, 2] | micro_bs = 8 | time = [25033, 24265, 24319] | memory = [38834, 34656, 40460]
best|25033.45|40460.57| op = [738, 460, 469]| tp = [1, 1, 1, ] | dp = [4, 2, 2, ] | algo = [0, 0, 0, ] | rc = [114, 66, 0] | gpus = [4, 2, 2] | micro_bs = 8 | time = [25033, 24265, 24319] | memory = [38834, 34656, 40460]

num_targets: []
num_hops: []
search time = 0.00 s.  [0] 
num_explored_cases = 0
time trend: [28096]

stage 3 search time: 2.02 s
working on num_stages = 4
start|23217.91|46880.00| op = [417, 417, 417, 416]| tp = [1, 1, 1, 1, ] | dp = [2, 2, 2, 2, ] | algo = [0, 0, 0, 0, ] | rc = [86, 64, 50, 0] | gpus = [2, 2, 2, 2] | micro_bs = 8 | time = [23217, 22422, 21847, 22042] | memory = [46879, 42620, 37667, 36312]
line465:max stage:0, min stage:2, max_value:23217.908942351598, min_value:21847.539181747758
fix|23188.37|46960.00| op = [416, 417, 418, 416]| tp = [1, 1, 1, 1, ] | dp = [2, 2, 2, 2, ] | algo = [0, 0, 0, 0, ] | rc = [84, 64, 50, 0] | gpus = [2, 2, 2, 2] | micro_bs = 8 | time = [23188, 22420, 21859, 22042] | memory = [46959, 42655, 37668, 36312]
cv:0.022777997187697324
line465:max stage:0, min stage:2, max_value:23188.368753260987, min_value:21859.973408413858
fix|23173.27|46912.00| op = [415, 417, 419, 416]| tp = [1, 1, 1, 1, ] | dp = [2, 2, 2, 2, ] | algo = [0, 0, 0, 0, ] | rc = [84, 64, 50, 0] | gpus = [2, 2, 2, 2] | micro_bs = 8 | time = [23173, 22459, 21877, 22043] | memory = [46911, 42731, 37708, 36312]
cv:0.02235002926692487
line465:max stage:0, min stage:2, max_value:23173.267920024897, min_value:21877.37203242554
fix|23132.76|46912.00| op = [414, 417, 420, 416]| tp = [1, 1, 1, 1, ] | dp = [2, 2, 2, 2, ] | algo = [0, 0, 0, 0, ] | rc = [82, 64, 50, 0] | gpus = [2, 2, 2, 2] | micro_bs = 8 | time = [23132, 22466, 21927, 22043] | memory = [46911, 42787, 37788, 36312]
cv:0.021089515825791605
line465:max stage:0, min stage:2, max_value:23132.763236944884, min_value:21927.155920451587
fix|23083.19|46768.00| op = [413, 417, 421, 416]| tp = [1, 1, 1, 1, ] | dp = [2, 2, 2, 2, ] | algo = [0, 0, 0, 0, ] | rc = [82, 64, 50, 0] | gpus = [2, 2, 2, 2] | micro_bs = 8 | time = [23083, 22459, 21949, 22042] | memory = [46767, 42731, 37852, 36312]
cv:0.019979511409370015
line465:max stage:0, min stage:2, max_value:23083.193082219997, min_value:21949.115645313428
fix|23064.08|46735.75| op = [412, 417, 422, 416]| tp = [1, 1, 1, 1, ] | dp = [2, 2, 2, 2, ] | algo = [0, 0, 0, 0, ] | rc = [82, 64, 50, 0] | gpus = [2, 2, 2, 2] | micro_bs = 8 | time = [23064, 22422, 21963, 22042] | memory = [46735, 42620, 37884, 36312]
cv:0.019439020445435662
line465:max stage:0, min stage:2, max_value:23064.077052351604, min_value:21963.84530874776
fix|23053.32|46687.75| op = [411, 417, 423, 416]| tp = [1, 1, 1, 1, ] | dp = [2, 2, 2, 2, ] | algo = [0, 0, 0, 0, ] | rc = [82, 64, 50, 0] | gpus = [2, 2, 2, 2] | micro_bs = 8 | time = [23053, 22420, 21976, 22042] | memory = [46687, 42655, 37884, 36312]
cv:0.019112912831224
line465:max stage:0, min stage:2, max_value:23053.32401926099, min_value:21976.55237741386
fix|23037.85|46651.75| op = [410, 417, 424, 416]| tp = [1, 1, 1, 1, ] | dp = [2, 2, 2, 2, ] | algo = [0, 0, 0, 0, ] | rc = [82, 64, 50, 0] | gpus = [2, 2, 2, 2] | micro_bs = 8 | time = [23037, 22425, 21993, 22042] | memory = [46651, 42647, 37924, 36312]
cv:0.018668917826176447
line465:max stage:0, min stage:2, max_value:23037.85135350326, min_value:21993.44819008412
fix|23208.70|46875.75| op = [409, 417, 425, 416]| tp = [1, 1, 1, 1, ] | dp = [2, 2, 2, 2, ] | algo = [0, 0, 0, 0, ] | rc = [85, 64, 50, 0] | gpus = [2, 2, 2, 2] | micro_bs = 8 | time = [23208, 22632, 22012, 22045] | memory = [46875, 43411, 37944, 36312]
cv:0.021817117426759566
line465:max stage:0, min stage:2, max_value:23208.696311745785, min_value:22012.015077366275
fix|22884.73|46619.75| op = [408, 417, 426, 416]| tp = [1, 1, 1, 1, ] | dp = [2, 2, 2, 2, ] | algo = [0, 0, 0, 0, ] | rc = [80, 65, 52, 0] | gpus = [2, 2, 2, 2] | micro_bs = 8 | time = [22884, 22844, 22321, 22047] | memory = [46619, 45115, 37320, 36312]
cv:0.015716119148286252
line465:max stage:0, min stage:3, max_value:22884.73442825113, min_value:22047.20787551714
fix|22791.10|46619.75| op = [407, 417, 426, 417]| tp = [1, 1, 1, 1, ] | dp = [2, 2, 2, 2, ] | algo = [0, 0, 0, 0, ] | rc = [80, 64, 56, 0] | gpus = [2, 2, 2, 2] | micro_bs = 8 | time = [22791, 22769, 22554, 22085] | memory = [46619, 43387, 36108, 36332]
best|22791.10|46619.75| op = [407, 417, 426, 417]| tp = [1, 1, 1, 1, ] | dp = [2, 2, 2, 2, ] | algo = [0, 0, 0, 0, ] | rc = [80, 64, 56, 0] | gpus = [2, 2, 2, 2] | micro_bs = 8 | time = [22791, 22769, 22554, 22085] | memory = [46619, 43387, 36108, 36332]
line146:config.memory_list:[46619.74800000018, 43387.90400000014, 36108.1840000001, 36332.07000000005]
line147:config.time_list:[22791.09874813029, 22769.280092256457, 22554.260170166985, 22085.24807372302]
------------------------------------------------------------------------------------------------------
cegis_search for the 0th times
开始求解check...
line351:
tp_list[1, 1, 1, 1, 1, 1, 1, 1, 1, 1, 1, 1, 1, 1, 1, 1, 1, 1, 1, 1, 1, 1, 1, 1, 1, 1, 1, 1, 1, 1, 1, 1, 1, 1, 1, 1, 1, 1, 1, 1, 1, 1, 1, 1, 1, 1, 1, 1, 1, 1, 1, 1, 1, 1, 1, 1, 1, 1, 1, 1, 1, 1, 1, 1, 1, 1, 1, 1, 1, 1, 1, 1, 1, 1, 1, 1, 1, 1, 1, 1, 1, 1, 1, 1, 1, 1, 1, 1, 1, 1, 1, 1, 1, 1, 1, 1, 1, 1, 1, 1, 1, 1, 1, 1, 1, 1, 1, 1, 1, 1, 1, 1, 1, 1, 1, 1, 1, 1, 1, 1, 1, 1, 1, 1, 1, 1, 1, 1, 1, 1, 1, 1, 1, 1, 1, 1, 1, 1, 1, 1, 1, 1, 1, 1, 1, 1, 1, 1, 1, 1, 1, 1, 1, 1, 1, 1, 1, 1, 1, 1, 1, 1, 1, 1, 1, 1, 1, 1, 1, 1, 1, 1, 1, 1, 1, 1, 1, 1, 1, 1, 1, 1, 1, 1, 1, 1, 1, 1, 1, 1, 1, 1, 1, 1, 1, 1, 1, 1, 1, 1, 1, 1, 1, 1, 1, 1, 1, 1, 1, 1, 1, 1, 1, 1, 1, 1, 1, 1, 1, 1, 1, 1, 1, 1, 1, 1, 1, 1, 1, 1, 1, 1, 1, 1, 1, 1, 1, 1, 1, 1, 1, 1, 1, 1, 1, 1, 1, 1, 1, 1, 1, 1, 1, 1, 1, 1, 1, 1, 1, 1, 1, 1, 1, 1, 1, 1, 1, 1, 1, 1, 1, 1, 1, 1, 1, 1, 1, 1, 1, 1, 1, 1, 1, 1, 1, 1, 1, 1, 1, 1, 1, 1, 1, 1, 1, 1, 1, 1, 1, 1, 1, 1, 1, 1, 1, 1, 1, 1, 1, 1, 1, 1, 1, 1, 1, 1, 1, 1, 1, 1, 1, 1, 1, 1, 1, 1, 1, 1, 1, 1, 1, 1, 1, 1, 1, 1, 1, 1, 1, 1, 1, 1, 1, 1, 1, 1, 1, 1, 1, 1, 1, 1, 1, 1, 1, 1, 1, 1, 1, 1, 1, 1, 1, 1, 1, 1, 1, 1, 1, 1, 1, 1, 1, 1, 1, 1, 1, 1, 1, 1, 1, 1, 1, 1, 1, 1, 1, 1, 1, 1, 1, 1, 1, 1, 1, 1, 1, 1, 1, 1, 1, 1, 1, 1, 1, 1, 1, 1, 1, 1, 1, 1, 1, 1, 1, 1, 1, 1, 1, 1, 1, 1, 1, 1, 1, 1, 1, 1, 1, 1, 1, 1, 1, 1, 1, 1, 1, 1, 1, 1, 1, 1, 1, 1, 1, 1, 1, 1, 1, 1, 1, 1, 1, 1, 1, 1, 1, 1, 1, 1, 1, 1, 1, 1, 1, 1, 1, 1, 1, 1, 1, 1, 1, 1, 1, 1, 1, 1, 1, 1, 1, 1, 1, 1, 1, 1, 1, 1, 1, 1, 1, 1, 1, 1, 1, 1, 1, 1, 1, 1, 1, 1, 1, 1, 1, 1, 1, 1, 1, 1, 1, 1, 1, 1, 1, 1, 1, 1, 1, 1, 1, 1, 1, 1, 1, 1, 1, 1, 1, 1, 1, 1, 1, 1, 1, 1, 1, 1, 1, 1, 1, 1, 1, 1, 1, 1, 1, 1, 1, 1, 1, 1, 1, 1, 1, 1, 1, 1, 1, 1, 1, 1, 1, 1, 1, 1, 1, 1, 1, 1, 1, 1, 1, 1, 1, 1, 1, 1, 1, 1, 1, 1, 1, 1, 1, 1, 1, 1, 1, 1, 1, 1, 1, 1, 1, 1, 1, 1, 1, 1, 1, 1, 1, 1, 1, 1, 1, 1, 1, 1, 1, 1, 1, 1, 1, 1, 1, 1, 1, 1, 1, 1, 1, 1, 1, 1, 1, 1, 1, 1, 1, 1, 1, 1, 1, 1, 1, 1, 1, 1, 1, 1, 1, 1, 1, 1, 1, 1, 1, 1, 1, 1, 1, 1, 1, 1, 1, 1, 1, 1, 1, 1, 1, 1, 1, 1, 1, 1, 1, 1, 1, 1, 1, 1, 1, 1, 1, 1, 1, 1, 1, 1, 1, 1, 1, 1, 1, 1, 1, 1, 1, 1, 1, 1, 1, 1, 1, 1, 1, 1, 1, 1, 1, 1, 1, 1, 1, 1, 1, 1, 1, 1, 1, 1, 1, 1, 1, 1, 1, 1, 1, 1, 1, 1, 1, 1, 1, 1, 1, 1, 1, 1, 1, 1, 1, 1, 1, 1, 1, 1, 1, 1, 1, 1, 1, 1, 1, 1, 1, 1, 1, 1, 1, 1, 1, 1, 1, 1, 1, 1, 1, 1, 1, 1, 1, 1, 1, 1, 1, 1, 1, 1, 1, 1, 1, 1, 1, 1, 1, 1, 1, 1, 1, 1, 1, 1, 1, 1, 1, 1, 1, 1, 1, 1, 1, 1, 1, 1, 1, 1, 1, 1, 1, 1, 1, 1, 1, 1, 1, 1, 1, 1, 1, 1, 1, 1, 1, 1, 1, 1, 1, 1, 1, 1, 1, 1, 1, 1, 1, 1, 1, 1, 1, 1, 1, 1, 1, 1, 1, 1, 1, 1, 1, 1, 1, 1, 1, 1, 1, 1, 1, 1, 1, 1, 1, 1, 1, 1, 1, 1, 1, 1, 1, 1, 1, 1, 1, 1, 1, 1, 1, 1, 1, 1, 1, 1, 1, 1, 1, 1, 1, 1, 1, 1, 1, 1, 1, 1, 1, 1, 1, 1, 1, 1, 1, 1, 1, 1, 1, 1, 1, 1, 1, 1, 1, 1, 1, 1, 1, 1, 1, 1, 1, 1, 1, 1, 1, 1, 1, 1, 1, 1, 1, 1, 1, 1, 1, 1, 1, 1, 1, 1, 1, 1, 1, 1, 1, 1, 1, 1, 1, 1, 1, 1, 1, 1, 1, 1, 1, 1, 1, 1, 1, 1, 1, 1, 1, 1, 1, 1, 1, 1, 1, 1, 1, 1, 1, 1, 1, 1, 1, 1, 1, 1, 1, 1, 1, 1, 1, 1, 1, 1, 1, 1, 1, 1, 1, 1, 1, 1, 1, 1, 1, 1, 1, 1, 1, 1, 1, 1, 1, 1, 1, 1, 1, 1, 1, 1, 1, 1, 1, 1, 1, 1, 1, 1, 1, 1, 1, 1, 1, 1, 1, 1, 1, 1, 1, 1, 1, 1, 1, 1, 1, 1, 1, 1, 1, 1, 1, 1, 1, 1, 1, 1, 1, 1, 1, 1, 1, 1, 1, 1, 1, 1, 1, 1, 1, 1, 1, 1, 1, 1, 1, 1, 1, 1, 1, 1, 1, 1, 1, 1, 1, 1, 1, 1, 1, 1, 1, 1, 1, 1, 1, 1, 1, 1, 1, 1, 1, 1, 1, 1, 1, 1, 1, 1, 1, 1, 1, 1, 1, 1, 1, 1, 1, 1, 1, 1, 1, 1, 1, 1, 1, 1, 1, 1, 1, 1, 1, 1, 1, 1, 1, 1, 1, 1, 1, 1, 1, 1, 1, 1, 1, 1, 1, 1, 1, 1, 1, 1, 1, 1, 1, 1, 1, 1, 1, 1, 1, 1, 1, 1, 1, 1, 1, 1, 1, 1, 1, 1, 1, 1, 1, 1, 1, 1, 1, 1, 1, 1, 1, 1, 1, 1, 1, 1, 1, 1, 1, 1, 1, 1, 1, 1, 1, 1, 1, 1, 1, 1, 1, 1, 1, 1, 1, 1, 1, 1, 1, 1, 1, 1, 1, 1, 1, 1, 1, 1, 1, 1, 1, 1, 1, 1, 1, 1, 1, 1, 1, 1, 1, 1, 1, 1, 1, 1, 1, 1, 1, 1, 1, 1, 1, 1, 1, 1, 1, 1, 1, 1, 1, 1, 1, 1, 1, 1, 1, 1, 1, 1, 1, 1, 1, 1, 1, 1, 1, 1, 1, 1, 1, 1, 1, 1, 1, 1, 1, 1, 1, 1, 1, 1, 1, 1, 1, 1, 1, 1, 1, 1, 1, 1, 1, 1, 1, 1, 1, 1, 1, 1, 1, 1, 1, 1, 1, 1, 1, 1, 1, 1, 1, 1, 1, 1, 1, 1, 1, 1, 1, 1, 1, 1, 1, 1, 1, 1, 1, 1, 1, 1, 1, 1, 1, 1, 1, 1, 1, 1, 1, 1, 1, 1, 1, 1, 1, 1, 1, 1, 1, 1, 1, 1, 1, 1, 1, 1, 1, 1, 1, 1, 1, 1, 1, 1, 1, 1, 1, 1, 1, 1, 1, 1, 1, 1, 1, 1, 1, 1, 1, 1, 1, 1, 1, 1, 1, 1, 1, 1, 1, 1, 1, 1, 1, 1, 1, 1, 1, 1, 1, 1, 1, 1, 1, 1, 1, 1, 1, 1, 1, 1, 1, 1, 1, 1, 1, 1, 1, 1, 1, 1, 1, 1, 1, 1, 1, 1, 1, 1, 1, 1, 1, 1, 1, 1, 1, 1, 1, 1, 1, 1, 1, 1, 1, 1, 1, 1, 1, 1, 1, 1, 1, 1, 1, 1, 1, 1, 1, 1, 1, 1, 1, 1, 1, 1, 1, 1, 1, 1, 1, 1, 1, 1, 1, 1, 1, 1, 1, 1, 1, 1, 1, 1, 1, 1, 1, 1, 1, 1, 1, 1, 1, 1, 1, 1, 1, 1, 1, 1, 1, 1, 1, 1, 1, 1, 1, 1, 1, 1, 1, 1, 1, 1, 1, 1, 1, 1, 1, 1, 1, 1, 1, 1, 1, 1, 1, 1, 1, 1, 1, 1, 1, 1, 1, 1, 1, 1, 1, 1, 1, 1, 1, 1, 1, 1, 1, 1, 1, 1, 1, 1, 1, 1, 1, 1, 1, 1, 1, 1, 1, 1, 1, 1, 1, 1, 1, 1, 1, 1, 1, 1, 1, 1, 1, 1, 1, 1, 1, 1, 1, 1, 1, 1, 1, 1, 1, 1, 1, 1, 1, 1, 1, 1, 1, 1, 1, 1, 1, 1, 1, 1, 1, 1, 1, 1, 1, 1, 1, 1, 1, 1, 1, 1, 1, 1, 1, 1, 1, 1, 1, 1, 1, 1, 1, 1, 1, 1, 1, 1, 1, 1, 1, 1, 1, 1, 1, 1, 1, 1, 1, 1, 1, 1, 1, 1, 1, 1, 1, 1, 1, 1, 1, 1, 1, 1, 1, 1, 1, 1, 1, 1, 1, 1, 1, 1, 1, 1, 1, 1, 1, 1, 1, 1, 1, 1, 1, 1, 1]
dp_list[2, 2, 2, 2, 2, 2, 2, 2, 2, 2, 2, 2, 2, 2, 2, 2, 2, 2, 2, 2, 2, 2, 2, 2, 2, 2, 2, 2, 2, 2, 2, 2, 2, 2, 2, 2, 2, 2, 2, 2, 2, 2, 2, 2, 2, 2, 2, 2, 2, 2, 2, 2, 2, 2, 2, 2, 2, 2, 2, 2, 2, 2, 2, 2, 2, 2, 2, 2, 2, 2, 2, 2, 2, 2, 2, 2, 2, 2, 2, 2, 2, 2, 2, 2, 2, 2, 2, 2, 2, 2, 2, 2, 2, 2, 2, 2, 2, 2, 2, 2, 2, 2, 2, 2, 2, 2, 2, 2, 2, 2, 2, 2, 2, 2, 2, 2, 2, 2, 2, 2, 2, 2, 2, 2, 2, 2, 2, 2, 2, 2, 2, 2, 2, 2, 2, 2, 2, 2, 2, 2, 2, 2, 2, 2, 2, 2, 2, 2, 2, 2, 2, 2, 2, 2, 2, 2, 2, 2, 2, 2, 2, 2, 2, 2, 2, 2, 2, 2, 2, 2, 2, 2, 2, 2, 2, 2, 2, 2, 2, 2, 2, 2, 2, 2, 2, 2, 2, 2, 2, 2, 2, 2, 2, 2, 2, 2, 2, 2, 2, 2, 2, 2, 2, 2, 2, 2, 2, 2, 2, 2, 2, 2, 2, 2, 2, 2, 2, 2, 2, 2, 2, 2, 2, 2, 2, 2, 2, 2, 2, 2, 2, 2, 2, 2, 2, 2, 2, 2, 2, 2, 2, 2, 2, 2, 2, 2, 2, 2, 2, 2, 2, 2, 2, 2, 2, 2, 2, 2, 2, 2, 2, 2, 2, 2, 2, 2, 2, 2, 2, 2, 2, 2, 2, 2, 2, 2, 2, 2, 2, 2, 2, 2, 2, 2, 2, 2, 2, 2, 2, 2, 2, 2, 2, 2, 2, 2, 2, 2, 2, 2, 2, 2, 2, 2, 2, 2, 2, 2, 2, 2, 2, 2, 2, 2, 2, 2, 2, 2, 2, 2, 2, 2, 2, 2, 2, 2, 2, 2, 2, 2, 2, 2, 2, 2, 2, 2, 2, 2, 2, 2, 2, 2, 2, 2, 2, 2, 2, 2, 2, 2, 2, 2, 2, 2, 2, 2, 2, 2, 2, 2, 2, 2, 2, 2, 2, 2, 2, 2, 2, 2, 2, 2, 2, 2, 2, 2, 2, 2, 2, 2, 2, 2, 2, 2, 2, 2, 2, 2, 2, 2, 2, 2, 2, 2, 2, 2, 2, 2, 2, 2, 2, 2, 2, 2, 2, 2, 2, 2, 2, 2, 2, 2, 2, 2, 2, 2, 2, 2, 2, 2, 2, 2, 2, 2, 2, 2, 2, 2, 2, 2, 2, 2, 2, 2, 2, 2, 2, 2, 2, 2, 2, 2, 2, 2, 2, 2, 2, 2, 2, 2, 2, 2, 2, 2, 2, 2, 2, 2, 2, 2, 2, 2, 2, 2, 2, 2, 2, 2, 2, 2, 2, 2, 2, 2, 2, 2, 2, 2, 2, 2, 2, 2, 2, 2, 2, 2, 2, 2, 2, 2, 2, 2, 2, 2, 2, 2, 2, 2, 2, 2, 2, 2, 2, 2, 2, 2, 2, 2, 2, 2, 2, 2, 2, 2, 2, 2, 2, 2, 2, 2, 2, 2, 2, 2, 2, 2, 2, 2, 2, 2, 2, 2, 2, 2, 2, 2, 2, 2, 2, 2, 2, 2, 2, 2, 2, 2, 2, 2, 2, 2, 2, 2, 2, 2, 2, 2, 2, 2, 2, 2, 2, 2, 2, 2, 2, 2, 2, 2, 2, 2, 2, 2, 2, 2, 2, 2, 2, 2, 2, 2, 2, 2, 2, 2, 2, 2, 2, 2, 2, 2, 2, 2, 2, 2, 2, 2, 2, 2, 2, 2, 2, 2, 2, 2, 2, 2, 2, 2, 2, 2, 2, 2, 2, 2, 2, 2, 2, 2, 2, 2, 2, 2, 2, 2, 2, 2, 2, 2, 2, 2, 2, 2, 2, 2, 2, 2, 2, 2, 2, 2, 2, 2, 2, 2, 2, 2, 2, 2, 2, 2, 2, 2, 2, 2, 2, 2, 2, 2, 2, 2, 2, 2, 2, 2, 2, 2, 2, 2, 2, 2, 2, 2, 2, 2, 2, 2, 2, 2, 2, 2, 2, 2, 2, 2, 2, 2, 2, 2, 2, 2, 2, 2, 2, 2, 2, 2, 2, 2, 2, 2, 2, 2, 2, 2, 2, 2, 2, 2, 2, 2, 2, 2, 2, 2, 2, 2, 2, 2, 2, 2, 2, 2, 2, 2, 2, 2, 2, 2, 2, 2, 2, 2, 2, 2, 2, 2, 2, 2, 2, 2, 2, 2, 2, 2, 2, 2, 2, 2, 2, 2, 2, 2, 2, 2, 2, 2, 2, 2, 2, 2, 2, 2, 2, 2, 2, 2, 2, 2, 2, 2, 2, 2, 2, 2, 2, 2, 2, 2, 2, 2, 2, 2, 2, 2, 2, 2, 2, 2, 2, 2, 2, 2, 2, 2, 2, 2, 2, 2, 2, 2, 2, 2, 2, 2, 2, 2, 2, 2, 2, 2, 2, 2, 2, 2, 2, 2, 2, 2, 2, 2, 2, 2, 2, 2, 2, 2, 2, 2, 2, 2, 2, 2, 2, 2, 2, 2, 2, 2, 2, 2, 2, 2, 2, 2, 2, 2, 2, 2, 2, 2, 2, 2, 2, 2, 2, 2, 2, 2, 2, 2, 2, 2, 2, 2, 2, 2, 2, 2, 2, 2, 2, 2, 2, 2, 2, 2, 2, 2, 2, 2, 2, 2, 2, 2, 2, 2, 2, 2, 2, 2, 2, 2, 2, 2, 2, 2, 2, 2, 2, 2, 2, 2, 2, 2, 2, 2, 2, 2, 2, 2, 2, 2, 2, 2, 2, 2, 2, 2, 2, 2, 2, 2, 2, 2, 2, 2, 2, 2, 2, 2, 2, 2, 2, 2, 2, 2, 2, 2, 2, 2, 2, 2, 2, 2, 2, 2, 2, 2, 2, 2, 2, 2, 2, 2, 2, 2, 2, 2, 2, 2, 2, 2, 2, 2, 2, 2, 2, 2, 2, 2, 2, 2, 2, 2, 2, 2, 2, 2, 2, 2, 2, 2, 2, 2, 2, 2, 2, 2, 2, 2, 2, 2, 2, 2, 2, 2, 2, 2, 2, 2, 2, 2, 2, 2, 2, 2, 2, 2, 2, 2, 2, 2, 2, 2, 2, 2, 2, 2, 2, 2, 2, 2, 2, 2, 2, 2, 2, 2, 2, 2, 2, 2, 2, 2, 2, 2, 2, 2, 2, 2, 2, 2, 2, 2, 2, 2, 2, 2, 2, 2, 2, 2, 2, 2, 2, 2, 2, 2, 2, 2, 2, 2, 2, 2, 2, 2, 2, 2, 2, 2, 2, 2, 2, 2, 2, 2, 2, 2, 2, 2, 2, 2, 2, 2, 2, 2, 2, 2, 2, 2, 2, 2, 2, 2, 2, 2, 2, 2, 2, 2, 2, 2, 2, 2, 2, 2, 2, 2, 2, 2, 2, 2, 2, 2, 2, 2, 2, 2, 2, 2, 2, 2, 2, 2, 2, 2, 2, 2, 2, 2, 2, 2, 2, 2, 2, 2, 2, 2, 2, 2, 2, 2, 2, 2, 2, 2, 2, 2, 2, 2, 2, 2, 2, 2, 2, 2, 2, 2, 2, 2, 2, 2, 2, 2, 2, 2, 2, 2, 2, 2, 2, 2, 2, 2, 2, 2, 2, 2, 2, 2, 2, 2, 2, 2, 2, 2, 2, 2, 2, 2, 2, 2, 2, 2, 2, 2, 2, 2, 2, 2, 2, 2, 2, 2, 2, 2, 2, 2, 2, 2, 2, 2, 2, 2, 2, 2, 2, 2, 2, 2, 2, 2, 2, 2, 2, 2, 2, 2, 2, 2, 2, 2, 2, 2, 2, 2, 2, 2, 2, 2, 2, 2, 2, 2, 2, 2, 2, 2, 2, 2, 2, 2, 2, 2, 2, 2, 2, 2, 2, 2, 2, 2, 2, 2, 2, 2, 2, 2, 2, 2, 2, 2, 2, 2, 2, 2, 2, 2, 2, 2, 2, 2, 2, 2, 2, 2, 2, 2, 2, 2, 2, 2, 2, 2, 2, 2, 2, 2, 2, 2, 2, 2, 2, 2, 2, 2, 2, 2, 2, 2, 2, 2, 2, 2, 2, 2, 2, 2, 2, 2, 2, 2, 2, 2, 2, 2, 2, 2, 2, 2, 2, 2, 2, 2, 2, 2, 2, 2, 2, 2, 2, 2, 2, 2, 2, 2, 2, 2, 2, 2, 2, 2, 2, 2, 2, 2, 2, 2, 2, 2, 2, 2, 2, 2, 2, 2, 2, 2, 2, 2, 2, 2, 2, 2, 2, 2, 2, 2, 2, 2, 2, 2, 2, 2, 2, 2, 2, 2, 2, 2, 2, 2, 2, 2, 2, 2, 2, 2, 2, 2, 2, 2, 2, 2, 2, 2, 2, 2, 2, 2, 2, 2, 2, 2, 2, 2, 2, 2, 2, 2, 2, 2, 2, 2, 2, 2, 2, 2, 2, 2, 2, 2, 2, 2, 2, 2, 2, 2, 2, 2, 2, 2, 2, 2, 2, 2, 2, 2, 2, 2, 2, 2, 2, 2, 2, 2, 2, 2, 2, 2, 2, 2, 2, 2, 2, 2, 2, 2, 2, 2, 2, 2, 2, 2, 2, 2, 2, 2, 2, 2, 2, 2, 2, 2, 2, 2, 2, 2, 2, 2, 2, 2, 2, 2, 2, 2, 2, 2, 2, 2, 2, 2, 2, 2, 2, 2, 2, 2, 2, 2, 2, 2, 2, 2, 2, 2, 2, 2, 2, 2, 2, 2, 2, 2, 2, 2, 2, 2, 2, 2, 2, 2, 2, 2, 2, 2, 2, 2, 2, 2, 2, 2, 2, 2, 2, 2, 2, 2, 2, 2, 2, 2, 2, 2, 2, 2, 2, 2, 2, 2, 2, 2, 2, 2, 2, 2, 2, 2, 2, 2, 2, 2, 2, 2, 2, 2, 2, 2, 2, 2, 2, 2, 2, 2, 2, 2, 2, 2, 2, 2, 2, 2, 2, 2, 2, 2, 2, 2, 2, 2, 2, 2, 2, 2, 2, 2, 2, 2, 2, 2, 2, 2, 2, 2, 2, 2, 2, 2, 2, 2, 2, 2, 2, 2, 2, 2, 2, 2, 2, 2, 2, 2, 2, 2, 2, 2, 2, 2, 2, 2, 2, 2, 2, 2, 2, 2, 2, 2, 2, 2, 2, 2, 2, 2, 2, 2, 2, 2, 2, 2, 2, 2, 2, 2, 2, 2, 2]
algo_list[0, 0, 0, 0, 0, 0, 0, 0, 0, 0, 0, 0, 0, 0, 0, 0, 0, 0, 0, 0, 0, 0, 0, 0, 0, 0, 0, 0, 0, 0, 0, 0, 0, 0, 0, 0, 0, 0, 0, 0, 0, 0, 0, 0, 0, 0, 0, 0, 0, 0, 0, 0, 0, 0, 0, 0, 0, 0, 0, 0, 0, 0, 0, 0, 0, 0, 0, 0, 0, 0, 0, 0, 0, 0, 0, 0, 0, 0, 0, 0, 0, 0, 0, 0, 0, 0, 0, 0, 0, 0, 0, 0, 0, 0, 0, 0, 0, 0, 0, 0, 0, 0, 0, 0, 0, 0, 0, 0, 0, 0, 0, 0, 0, 0, 0, 0, 0, 0, 0, 0, 0, 0, 0, 0, 0, 0, 0, 0, 0, 0, 0, 0, 0, 0, 0, 0, 0, 0, 0, 0, 0, 0, 0, 0, 0, 0, 0, 0, 0, 0, 0, 0, 0, 0, 0, 0, 0, 0, 0, 0, 0, 0, 0, 0, 0, 0, 0, 0, 0, 0, 0, 0, 0, 0, 0, 0, 0, 0, 0, 0, 0, 0, 0, 0, 0, 0, 0, 0, 0, 0, 0, 0, 0, 0, 0, 0, 0, 0, 0, 0, 0, 0, 0, 0, 0, 0, 0, 0, 0, 0, 0, 0, 0, 0, 0, 0, 0, 0, 0, 0, 0, 0, 0, 0, 0, 0, 0, 0, 0, 0, 0, 0, 0, 0, 0, 0, 0, 0, 0, 0, 0, 0, 0, 0, 0, 0, 0, 0, 0, 0, 0, 0, 0, 0, 0, 0, 0, 0, 0, 0, 0, 0, 0, 0, 0, 0, 0, 0, 0, 0, 0, 0, 0, 0, 0, 0, 0, 0, 0, 0, 0, 0, 0, 0, 0, 0, 0, 0, 0, 0, 0, 0, 0, 0, 0, 0, 0, 0, 0, 0, 0, 0, 0, 0, 0, 0, 0, 0, 0, 0, 0, 0, 0, 0, 0, 0, 0, 0, 0, 0, 0, 0, 0, 0, 0, 0, 0, 0, 0, 0, 0, 0, 0, 0, 0, 0, 0, 0, 0, 0, 0, 0, 0, 0, 0, 0, 0, 0, 0, 0, 0, 0, 0, 0, 0, 0, 0, 0, 0, 0, 0, 0, 0, 0, 0, 0, 0, 0, 0, 0, 0, 0, 0, 0, 0, 0, 0, 0, 0, 0, 0, 0, 0, 0, 0, 0, 0, 0, 0, 0, 0, 0, 0, 0, 0, 0, 0, 0, 0, 0, 0, 0, 0, 0, 0, 0, 0, 0, 0, 0, 0, 0, 0, 0, 0, 0, 0, 0, 0, 0, 0, 0, 0, 0, 0, 0, 0, 0, 0, 0, 0, 0, 0, 0, 0, 0, 0, 0, 0, 0, 0, 0, 0, 0, 0, 0, 0, 0, 0, 0, 0, 0, 0, 0, 0, 0, 0, 0, 0, 0, 0, 0, 0, 0, 0, 0, 0, 0, 0, 0, 0, 0, 0, 0, 0, 0, 0, 0, 0, 0, 0, 0, 0, 0, 0, 0, 0, 0, 0, 0, 0, 0, 0, 0, 0, 0, 0, 0, 0, 0, 0, 0, 0, 0, 0, 0, 0, 0, 0, 0, 0, 0, 0, 0, 0, 0, 0, 0, 0, 0, 0, 0, 0, 0, 0, 0, 0, 0, 0, 0, 0, 0, 0, 0, 0, 0, 0, 0, 0, 0, 0, 0, 0, 0, 0, 0, 0, 0, 0, 0, 0, 0, 0, 0, 0, 0, 0, 0, 0, 0, 0, 0, 0, 0, 0, 0, 0, 0, 0, 0, 0, 0, 0, 0, 0, 0, 0, 0, 0, 0, 0, 0, 0, 0, 0, 0, 0, 0, 0, 0, 0, 0, 0, 0, 0, 0, 0, 0, 0, 0, 0, 0, 0, 0, 0, 0, 0, 0, 0, 0, 0, 0, 0, 0, 0, 0, 0, 0, 0, 0, 0, 0, 0, 0, 0, 0, 0, 0, 0, 0, 0, 0, 0, 0, 0, 0, 0, 0, 0, 0, 0, 0, 0, 0, 0, 0, 0, 0, 0, 0, 0, 0, 0, 0, 0, 0, 0, 0, 0, 0, 0, 0, 0, 0, 0, 0, 0, 0, 0, 0, 0, 0, 0, 0, 0, 0, 0, 0, 0, 0, 0, 0, 0, 0, 0, 0, 0, 0, 0, 0, 0, 0, 0, 0, 0, 0, 0, 0, 0, 0, 0, 0, 0, 0, 0, 0, 0, 0, 0, 0, 0, 0, 0, 0, 0, 0, 0, 0, 0, 0, 0, 0, 0, 0, 0, 0, 0, 0, 0, 0, 0, 0, 0, 0, 0, 0, 0, 0, 0, 0, 0, 0, 0, 0, 0, 0, 0, 0, 0, 0, 0, 0, 0, 0, 0, 0, 0, 0, 0, 0, 0, 0, 0, 0, 0, 0, 0, 0, 0, 0, 0, 0, 0, 0, 0, 0, 0, 0, 0, 0, 0, 0, 0, 0, 0, 0, 0, 0, 0, 0, 0, 0, 0, 0, 0, 0, 0, 0, 0, 0, 0, 0, 0, 0, 0, 0, 0, 0, 0, 0, 0, 0, 0, 0, 0, 0, 0, 0, 0, 0, 0, 0, 0, 0, 0, 0, 0, 0, 0, 0, 0, 0, 0, 0, 0, 0, 0, 0, 0, 0, 0, 0, 0, 0, 0, 0, 0, 0, 0, 0, 0, 0, 0, 0, 0, 0, 0, 0, 0, 0, 0, 0, 0, 0, 0, 0, 0, 0, 0, 0, 0, 0, 0, 0, 0, 0, 0, 0, 0, 0, 0, 0, 0, 0, 0, 0, 0, 0, 0, 0, 0, 0, 0, 0, 0, 0, 0, 0, 0, 0, 0, 0, 0, 0, 0, 0, 0, 0, 0, 0, 0, 0, 0, 0, 0, 0, 0, 0, 0, 0, 0, 0, 0, 0, 0, 0, 0, 0, 0, 0, 0, 0, 0, 0, 0, 0, 0, 0, 0, 0, 0, 0, 0, 0, 0, 0, 0, 0, 0, 0, 0, 0, 0, 0, 0, 0, 0, 0, 0, 0, 0, 0, 0, 0, 0, 0, 0, 0, 0, 0, 0, 0, 0, 0, 0, 0, 0, 0, 0, 0, 0, 0, 0, 0, 0, 0, 0, 0, 0, 0, 0, 0, 0, 0, 0, 0, 0, 0, 0, 0, 0, 0, 0, 0, 0, 0, 0, 0, 0, 0, 0, 0, 0, 0, 0, 0, 0, 0, 0, 0, 0, 0, 0, 0, 0, 0, 0, 0, 0, 0, 0, 0, 0, 0, 0, 0, 0, 0, 0, 0, 0, 0, 0, 0, 0, 0, 0, 0, 0, 0, 0, 0, 0, 0, 0, 0, 0, 0, 0, 0, 0, 0, 0, 0, 0, 0, 0, 0, 0, 0, 0, 0, 0, 0, 0, 0, 0, 0, 0, 0, 0, 0, 0, 0, 0, 0, 0, 0, 0, 0, 0, 0, 0, 0, 0, 0, 0, 0, 0, 0, 0, 0, 0, 0, 0, 0, 0, 0, 0, 0, 0, 0, 0, 0, 0, 0, 0, 0, 0, 0, 0, 0, 0, 0, 0, 0, 0, 0, 0, 0, 0, 0, 0, 0, 0, 0, 0, 0, 0, 0, 0, 0, 0, 0, 0, 0, 0, 0, 0, 0, 0, 0, 0, 0, 0, 0, 0, 0, 0, 0, 0, 0, 0, 0, 0, 0, 0, 0, 0, 0, 0, 0, 0, 0, 0, 0, 0, 0, 0, 0, 0, 0, 0, 0, 0, 0, 0, 0, 0, 0, 0, 0, 0, 0, 0, 0, 0, 0, 0, 0, 0, 0, 0, 0, 0, 0, 0, 0, 0, 0, 0, 0, 0, 0, 0, 0, 0, 0, 0, 0, 0, 0, 0, 0, 0, 0, 0, 0, 0, 0, 0, 0, 0, 0, 0, 0, 0, 0, 0, 0, 0, 0, 0, 0, 0, 0, 0, 0, 0, 0, 0, 0, 0, 0, 0, 0, 0, 0, 0, 0, 0, 0, 0, 0, 0, 0, 0, 0, 0, 0, 0, 0, 0, 0, 0, 0, 0, 0, 0, 0, 0, 0, 0, 0, 0, 0, 0, 0, 0, 0, 0, 0, 0, 0, 0, 0, 0, 0, 0, 0, 0, 0, 0, 0, 0, 0, 0, 0, 0, 0, 0, 0, 0, 0, 0, 0, 0, 0, 0, 0, 0, 0, 0, 0, 0, 0, 0, 0, 0, 0, 0, 0, 0, 0, 0, 0, 0, 0, 0, 0, 0, 0, 0, 0, 0, 0, 0, 0, 0, 0, 0, 0, 0, 0, 0, 0, 0, 0, 0, 0, 0, 0, 0, 0, 0, 0, 0, 0, 0, 0, 0, 0, 0, 0, 0, 0, 0, 0, 0, 0, 0, 0, 0, 0, 0, 0, 0, 0, 0, 0, 0, 0, 0, 0, 0, 0, 0, 0, 0, 0, 0, 0, 0, 0, 0, 0, 0, 0, 0, 0, 0, 0, 0, 0, 0, 0, 0, 0, 0, 0, 0, 0, 0, 0, 0, 0, 0, 0, 0, 0, 0, 0, 0, 0, 0, 0, 0, 0, 0, 0, 0, 0, 0, 0, 0, 0, 0, 0, 0, 0, 0, 0, 0, 0, 0, 0, 0, 0, 0, 0, 0, 0, 0, 0, 0, 0, 0, 0, 0, 0, 0, 0, 0, 0, 0, 0, 0, 0, 0, 0, 0, 0, 0, 0, 0, 0, 0, 0, 0, 0, 0, 0, 0, 0, 0, 0, 0, 0, 0, 0, 0, 0, 0, 0, 0, 0, 0, 0, 0, 0, 0, 0, 0, 0, 0, 0, 0, 0, 0, 0, 0, 0, 0, 0, 0, 0, 0, 0, 0, 0, 0, 0, 0, 0, 0, 0, 0, 0, 0, 0, 0, 0, 0, 0, 0, 0, 0, 0, 0, 0, 0, 0, 0, 0, 0, 0, 0, 0, 0, 0, 0, 0, 0, 0, 0, 0, 0, 0, 0, 0, 0, 0, 0, 0, 0, 0, 0, 0, 0, 0, 0, 0, 0, 0, 0, 0, 0, 0, 0, 0, 0, 0, 0, 0, 0, 0, 0, 0, 0, 0, 0, 0, 0, 0, 0, 0, 0, 0, 0, 0, 0, 0, 0, 0, 0, 0, 0, 0, 0, 0, 0, 0, 0, 0, 0, 0, 0, 0, 0, 0, 0, 0, 0, 0, 0, 0, 0, 0, 0, 0, 0, 0, 0, 0, 0, 0, 0, 0, 0, 0, 0, 0, 0, 0, 0, 0, 0, 0, 0, 0, 0, 0, 0, 0, 0, 0, 0]

decode|22791.10|46619.75| op = [407, 417, 426, 417]| tp = [1, 1, 1, 1, ] | dp = [2, 2, 2, 2, ] | algo = [0, 0, 0, 0, ] | rc = [80, 64, 56, 0] | gpus = [2, 2, 2, 2] | micro_bs = 8 | time = [22791, 22769, 22554, 22085] | memory = [46619, 43387, 36108, 36332]
验证解
line465:max stage:0, min stage:3, max_value:22791.09874813029, min_value:22085.24807372302
fix|22638.66|46619.75| op = [406, 417, 426, 418]| tp = [1, 1, 1, 1, ] | dp = [2, 2, 2, 2, ] | algo = [0, 0, 0, 0, ] | rc = [78, 64, 56, 0] | gpus = [2, 2, 2, 2] | micro_bs = 8 | time = [22500, 22638, 22627, 22095] | memory = [46619, 43435, 36092, 36332]
best|22638.66|46619.75| op = [406, 417, 426, 418]| tp = [1, 1, 1, 1, ] | dp = [2, 2, 2, 2, ] | algo = [0, 0, 0, 0, ] | rc = [78, 64, 56, 0] | gpus = [2, 2, 2, 2] | micro_bs = 8 | time = [22500, 22638, 22627, 22095] | memory = [46619, 43435, 36092, 36332]
line146:config.memory_list:[46619.74800000018, 43435.904000000155, 36092.0600000001, 36332.13200000005]
line147:config.time_list:[22500.989995216416, 22638.65527234258, 22627.431695983112, 22095.250434539154]
求解成功
config has been saved to /home/liminglong.lml/sxz/SuperScaler/logs-large/aceso/configs/scale-layer/128layers/scale-layer_128layers_4stages_2026-5-15-12-58-1.json

========== Best Result (num_stages = 4) ==========
|22638.66|46619.75| op = [406, 417, 426, 418]| tp = [1, 1, 1, 1, ] | dp = [2, 2, 2, 2, ] | algo = [0, 0, 0, 0, ] | rc = [78, 64, 56, 0] | gpus = [2, 2, 2, 2] | micro_bs = 8 | time = [22500, 22638, 22627, 22095] | memory = [46619, 43435, 36092, 36332]
start|23217.91|46880.00| op = [417, 417, 417, 416]| tp = [1, 1, 1, 1, ] | dp = [2, 2, 2, 2, ] | algo = [0, 0, 0, 0, ] | rc = [86, 64, 50, 0] | gpus = [2, 2, 2, 2] | micro_bs = 8 | time = [23217, 22422, 21847, 22042] | memory = [46879, 42620, 37667, 36312]
fix|23188.37|46960.00| op = [416, 417, 418, 416]| tp = [1, 1, 1, 1, ] | dp = [2, 2, 2, 2, ] | algo = [0, 0, 0, 0, ] | rc = [84, 64, 50, 0] | gpus = [2, 2, 2, 2] | micro_bs = 8 | time = [23188, 22420, 21859, 22042] | memory = [46959, 42655, 37668, 36312]
fix|23173.27|46912.00| op = [415, 417, 419, 416]| tp = [1, 1, 1, 1, ] | dp = [2, 2, 2, 2, ] | algo = [0, 0, 0, 0, ] | rc = [84, 64, 50, 0] | gpus = [2, 2, 2, 2] | micro_bs = 8 | time = [23173, 22459, 21877, 22043] | memory = [46911, 42731, 37708, 36312]
fix|23132.76|46912.00| op = [414, 417, 420, 416]| tp = [1, 1, 1, 1, ] | dp = [2, 2, 2, 2, ] | algo = [0, 0, 0, 0, ] | rc = [82, 64, 50, 0] | gpus = [2, 2, 2, 2] | micro_bs = 8 | time = [23132, 22466, 21927, 22043] | memory = [46911, 42787, 37788, 36312]
fix|23083.19|46768.00| op = [413, 417, 421, 416]| tp = [1, 1, 1, 1, ] | dp = [2, 2, 2, 2, ] | algo = [0, 0, 0, 0, ] | rc = [82, 64, 50, 0] | gpus = [2, 2, 2, 2] | micro_bs = 8 | time = [23083, 22459, 21949, 22042] | memory = [46767, 42731, 37852, 36312]
fix|23064.08|46735.75| op = [412, 417, 422, 416]| tp = [1, 1, 1, 1, ] | dp = [2, 2, 2, 2, ] | algo = [0, 0, 0, 0, ] | rc = [82, 64, 50, 0] | gpus = [2, 2, 2, 2] | micro_bs = 8 | time = [23064, 22422, 21963, 22042] | memory = [46735, 42620, 37884, 36312]
fix|23053.32|46687.75| op = [411, 417, 423, 416]| tp = [1, 1, 1, 1, ] | dp = [2, 2, 2, 2, ] | algo = [0, 0, 0, 0, ] | rc = [82, 64, 50, 0] | gpus = [2, 2, 2, 2] | micro_bs = 8 | time = [23053, 22420, 21976, 22042] | memory = [46687, 42655, 37884, 36312]
fix|23037.85|46651.75| op = [410, 417, 424, 416]| tp = [1, 1, 1, 1, ] | dp = [2, 2, 2, 2, ] | algo = [0, 0, 0, 0, ] | rc = [82, 64, 50, 0] | gpus = [2, 2, 2, 2] | micro_bs = 8 | time = [23037, 22425, 21993, 22042] | memory = [46651, 42647, 37924, 36312]
fix|23208.70|46875.75| op = [409, 417, 425, 416]| tp = [1, 1, 1, 1, ] | dp = [2, 2, 2, 2, ] | algo = [0, 0, 0, 0, ] | rc = [85, 64, 50, 0] | gpus = [2, 2, 2, 2] | micro_bs = 8 | time = [23208, 22632, 22012, 22045] | memory = [46875, 43411, 37944, 36312]
fix|22884.73|46619.75| op = [408, 417, 426, 416]| tp = [1, 1, 1, 1, ] | dp = [2, 2, 2, 2, ] | algo = [0, 0, 0, 0, ] | rc = [80, 65, 52, 0] | gpus = [2, 2, 2, 2] | micro_bs = 8 | time = [22884, 22844, 22321, 22047] | memory = [46619, 45115, 37320, 36312]
fix|22791.10|46619.75| op = [407, 417, 426, 417]| tp = [1, 1, 1, 1, ] | dp = [2, 2, 2, 2, ] | algo = [0, 0, 0, 0, ] | rc = [80, 64, 56, 0] | gpus = [2, 2, 2, 2] | micro_bs = 8 | time = [22791, 22769, 22554, 22085] | memory = [46619, 43387, 36108, 36332]
best|22791.10|46619.75| op = [407, 417, 426, 417]| tp = [1, 1, 1, 1, ] | dp = [2, 2, 2, 2, ] | algo = [0, 0, 0, 0, ] | rc = [80, 64, 56, 0] | gpus = [2, 2, 2, 2] | micro_bs = 8 | time = [22791, 22769, 22554, 22085] | memory = [46619, 43387, 36108, 36332]
decode|22791.10|46619.75| op = [407, 417, 426, 417]| tp = [1, 1, 1, 1, ] | dp = [2, 2, 2, 2, ] | algo = [0, 0, 0, 0, ] | rc = [80, 64, 56, 0] | gpus = [2, 2, 2, 2] | micro_bs = 8 | time = [22791, 22769, 22554, 22085] | memory = [46619, 43387, 36108, 36332]
fix|22638.66|46619.75| op = [406, 417, 426, 418]| tp = [1, 1, 1, 1, ] | dp = [2, 2, 2, 2, ] | algo = [0, 0, 0, 0, ] | rc = [78, 64, 56, 0] | gpus = [2, 2, 2, 2] | micro_bs = 8 | time = [22500, 22638, 22627, 22095] | memory = [46619, 43435, 36092, 36332]
best|22638.66|46619.75| op = [406, 417, 426, 418]| tp = [1, 1, 1, 1, ] | dp = [2, 2, 2, 2, ] | algo = [0, 0, 0, 0, ] | rc = [78, 64, 56, 0] | gpus = [2, 2, 2, 2] | micro_bs = 8 | time = [22500, 22638, 22627, 22095] | memory = [46619, 43435, 36092, 36332]

num_targets: []
num_hops: []
search time = 0.00 s.  [0] 
num_explored_cases = 0
time trend: [23217]

stage 4 search time: 0.73 s
working on num_stages = 5
start|24062.29|46736.12| op = [417, 417, 417, 208, 208]| tp = [1, 1, 1, 1, 1, ] | dp = [2, 2, 2, 1, 1, ] | algo = [0, 0, 0, 0, 0, ] | rc = [100, 82, 64, 26, 0] | gpus = [2, 2, 2, 1, 1] | micro_bs = 8 | time = [24062, 23303, 22646, 20871, 23433] | memory = [46383, 46736, 42703, 37640, 38440]
line465:max stage:0, min stage:3, max_value:24062.28928589632, min_value:20871.992274714863
fix|24051.39|46783.88| op = [416, 417, 417, 209, 208]| tp = [1, 1, 1, 1, 1, ] | dp = [2, 2, 2, 1, 1, ] | algo = [0, 0, 0, 0, 0, ] | rc = [100, 82, 64, 26, 0] | gpus = [2, 2, 2, 1, 1] | micro_bs = 8 | time = [24051, 23302, 22605, 20936, 23433] | memory = [46323, 46783, 42620, 37684, 38440]
cv:0.04673221900439468
line465:max stage:0, min stage:3, max_value:24051.38714019116, min_value:20936.28838007806
fix|24036.29|46879.87| op = [415, 417, 417, 210, 208]| tp = [1, 1, 1, 1, 1, ] | dp = [2, 2, 2, 1, 1, ] | algo = [0, 0, 0, 0, 0, ] | rc = [100, 82, 64, 26, 0] | gpus = [2, 2, 2, 1, 1] | micro_bs = 8 | time = [24036, 23341, 22603, 20955, 23433] | memory = [46267, 46879, 42655, 37684, 38440]
cv:0.046410599131883695
line465:max stage:0, min stage:3, max_value:24036.29015033806, min_value:20955.76840324237
fix|24014.47|46959.89| op = [414, 417, 417, 211, 208]| tp = [1, 1, 1, 1, 1, ] | dp = [2, 2, 2, 1, 1, ] | algo = [0, 0, 0, 0, 0, ] | rc = [100, 82, 64, 26, 0] | gpus = [2, 2, 2, 1, 1] | micro_bs = 8 | time = [24014, 23348, 22643, 20984, 23434] | memory = [46107, 46959, 42731, 37764, 38440]
cv:0.0456804286128505
line465:max stage:0, min stage:3, max_value:24014.472417392157, min_value:20984.043983567295
fix|23924.34|46892.00| op = [413, 417, 417, 212, 208]| tp = [1, 1, 1, 1, 1, ] | dp = [2, 2, 2, 1, 1, ] | algo = [0, 0, 0, 0, 0, ] | rc = [102, 82, 64, 26, 0] | gpus = [2, 2, 2, 1, 1] | micro_bs = 8 | time = [23924, 23341, 22649, 21071, 23434] | memory = [46891, 46879, 42787, 37908, 38440]
cv:0.043412079347876505
line465:max stage:0, min stage:3, max_value:23924.342715373827, min_value:21071.29756235676
fix|23905.37|46851.69| op = [412, 417, 417, 213, 208]| tp = [1, 1, 1, 1, 1, ] | dp = [2, 2, 2, 1, 1, ] | algo = [0, 0, 0, 0, 0, ] | rc = [102, 82, 64, 26, 0] | gpus = [2, 2, 2, 1, 1] | micro_bs = 8 | time = [23905, 23304, 22642, 21112, 23433] | memory = [46851, 46736, 42731, 38036, 38440]
cv:0.0424665547469106
line465:max stage:0, min stage:3, max_value:23905.37444201474, min_value:21112.11310416233
fix|23875.92|46951.69| op = [411, 417, 417, 214, 208]| tp = [1, 1, 1, 1, 1, ] | dp = [2, 2, 2, 1, 1, ] | algo = [0, 0, 0, 0, 0, ] | rc = [100, 82, 64, 26, 0] | gpus = [2, 2, 2, 1, 1] | micro_bs = 8 | time = [23875, 23302, 22605, 21142, 23433] | memory = [46951, 46783, 42620, 38084, 38440]
cv:0.04180231585549102
line465:max stage:0, min stage:3, max_value:23875.92051319116, min_value:21142.46399207806
fix|23860.45|46907.69| op = [410, 417, 417, 215, 208]| tp = [1, 1, 1, 1, 1, ] | dp = [2, 2, 2, 1, 1, ] | algo = [0, 0, 0, 0, 0, ] | rc = [100, 82, 64, 26, 0] | gpus = [2, 2, 2, 1, 1] | micro_bs = 8 | time = [23860, 23307, 22603, 21161, 23433] | memory = [46907, 46771, 42655, 38084, 38440]
cv:0.041374480155751216
line465:max stage:0, min stage:3, max_value:23860.452674816428, min_value:21161.928216900953
fix|24091.72|46767.87| op = [409, 417, 417, 216, 208]| tp = [1, 1, 1, 1, 1, ] | dp = [2, 2, 2, 1, 1, ] | algo = [0, 0, 0, 0, 0, ] | rc = [103, 84, 64, 26, 0] | gpus = [2, 2, 2, 1, 1] | micro_bs = 8 | time = [24091, 23592, 22612, 21194, 23437] | memory = [46067, 46767, 42647, 38164, 38440]
cv:0.04413269640980523
line465:max stage:0, min stage:3, max_value:24091.723620193057, min_value:21194.14338166219
fix|23961.68|46991.87| op = [408, 417, 417, 217, 208]| tp = [1, 1, 1, 1, 1, ] | dp = [2, 2, 2, 1, 1, ] | algo = [0, 0, 0, 0, 0, ] | rc = [98, 89, 64, 28, 0] | gpus = [2, 2, 2, 1, 1] | micro_bs = 8 | time = [23710, 23961, 22819, 21392, 23440] | memory = [46867, 46991, 43411, 35896, 38440]
cv:0.03982919923652468
line465:max stage:1, min stage:3, max_value:23961.683314307462, min_value:21392.26175384962
fix|23712.55|46867.69| op = [408, 416, 417, 218, 208]| tp = [1, 1, 1, 1, 1, ] | dp = [2, 2, 2, 1, 1, ] | algo = [0, 0, 0, 0, 0, ] | rc = [98, 84, 65, 28, 0] | gpus = [2, 2, 2, 1, 1] | micro_bs = 8 | time = [23712, 23638, 23032, 21830, 23443] | memory = [46867, 46735, 45115, 36952, 38440]
cv:0.02992499840288133
line465:max stage:0, min stage:3, max_value:23712.548203419163, min_value:21830.03605720668
fix|23681.71|46867.69| op = [407, 416, 417, 219, 208]| tp = [1, 1, 1, 1, 1, ] | dp = [2, 2, 2, 1, 1, ] | algo = [0, 0, 0, 0, 0, ] | rc = [98, 85, 64, 32, 0] | gpus = [2, 2, 2, 1, 1] | micro_bs = 8 | time = [23621, 23681, 22960, 22391, 23446] | memory = [46867, 46735, 43387, 34648, 38440]
cv:0.020913145564247563
line465:max stage:1, min stage:3, max_value:23681.714831545334, min_value:22391.857512206676
fix|23619.69|46867.69| op = [407, 415, 417, 220, 208]| tp = [1, 1, 1, 1, 1, ] | dp = [2, 2, 2, 1, 1, ] | algo = [0, 0, 0, 0, 0, ] | rc = [98, 83, 64, 32, 0] | gpus = [2, 2, 2, 1, 1] | micro_bs = 8 | time = [23619, 23392, 22830, 22575, 23445] | memory = [46867, 46735, 43435, 34648, 38440]
cv:0.017218090718105924
line465:max stage:0, min stage:3, max_value:23619.686487034654, min_value:22575.535884822166
fix|23439.81|46867.69| op = [406, 415, 417, 221, 208]| tp = [1, 1, 1, 1, 1, ] | dp = [2, 2, 2, 1, 1, ] | algo = [0, 0, 0, 0, 0, ] | rc = [96, 82, 64, 32, 0] | gpus = [2, 2, 2, 1, 1] | micro_bs = 8 | time = [23326, 23260, 22652, 22496, 23439] | memory = [46867, 46691, 42703, 34712, 38440]
cv:0.016658506934011472
line465:max stage:4, min stage:3, max_value:23439.807948546557, min_value:22496.387304948872
fix|23517.61|46867.69| op = [406, 415, 417, 222, 207]| tp = [1, 1, 1, 1, 1, ] | dp = [2, 2, 2, 1, 1, ] | algo = [0, 0, 0, 0, 0, ] | rc = [96, 82, 64, 32, 0] | gpus = [2, 2, 2, 1, 1] | micro_bs = 8 | time = [23330, 23264, 22656, 22915, 23517] | memory = [46867, 46691, 42703, 35736, 38408]
best|23439.81|46867.69| op = [406, 415, 417, 221, 208]| tp = [1, 1, 1, 1, 1, ] | dp = [2, 2, 2, 1, 1, ] | algo = [0, 0, 0, 0, 0, ] | rc = [96, 82, 64, 32, 0] | gpus = [2, 2, 2, 1, 1] | micro_bs = 8 | time = [23326, 23260, 22652, 22496, 23439] | memory = [46867, 46691, 42703, 34712, 38440]
line146:config.memory_list:[46867.68500000023, 46691.87200000021, 42703.904000000155, 34712.5, 38440.203]
line147:config.time_list:[23326.95048048979, 23260.382580526486, 22652.576836526485, 22496.387304948872, 23439.807948546557]
------------------------------------------------------------------------------------------------------
cegis_search for the 0th times
开始求解check...
line351:
tp_list[1, 1, 1, 1, 1, 1, 1, 1, 1, 1, 1, 1, 1, 1, 1, 1, 1, 1, 1, 1, 1, 1, 1, 1, 1, 1, 1, 1, 1, 1, 1, 1, 1, 1, 1, 1, 1, 1, 1, 1, 1, 1, 1, 1, 1, 1, 1, 1, 1, 1, 1, 1, 1, 1, 1, 1, 1, 1, 1, 1, 1, 1, 1, 1, 1, 1, 1, 1, 1, 1, 1, 1, 1, 1, 1, 1, 1, 1, 1, 1, 1, 1, 1, 1, 1, 1, 1, 1, 1, 1, 1, 1, 1, 1, 1, 1, 1, 1, 1, 1, 1, 1, 1, 1, 1, 1, 1, 1, 1, 1, 1, 1, 1, 1, 1, 1, 1, 1, 1, 1, 1, 1, 1, 1, 1, 1, 1, 1, 1, 1, 1, 1, 1, 1, 1, 1, 1, 1, 1, 1, 1, 1, 1, 1, 1, 1, 1, 1, 1, 1, 1, 1, 1, 1, 1, 1, 1, 1, 1, 1, 1, 1, 1, 1, 1, 1, 1, 1, 1, 1, 1, 1, 1, 1, 1, 1, 1, 1, 1, 1, 1, 1, 1, 1, 1, 1, 1, 1, 1, 1, 1, 1, 1, 1, 1, 1, 1, 1, 1, 1, 1, 1, 1, 1, 1, 1, 1, 1, 1, 1, 1, 1, 1, 1, 1, 1, 1, 1, 1, 1, 1, 1, 1, 1, 1, 1, 1, 1, 1, 1, 1, 1, 1, 1, 1, 1, 1, 1, 1, 1, 1, 1, 1, 1, 1, 1, 1, 1, 1, 1, 1, 1, 1, 1, 1, 1, 1, 1, 1, 1, 1, 1, 1, 1, 1, 1, 1, 1, 1, 1, 1, 1, 1, 1, 1, 1, 1, 1, 1, 1, 1, 1, 1, 1, 1, 1, 1, 1, 1, 1, 1, 1, 1, 1, 1, 1, 1, 1, 1, 1, 1, 1, 1, 1, 1, 1, 1, 1, 1, 1, 1, 1, 1, 1, 1, 1, 1, 1, 1, 1, 1, 1, 1, 1, 1, 1, 1, 1, 1, 1, 1, 1, 1, 1, 1, 1, 1, 1, 1, 1, 1, 1, 1, 1, 1, 1, 1, 1, 1, 1, 1, 1, 1, 1, 1, 1, 1, 1, 1, 1, 1, 1, 1, 1, 1, 1, 1, 1, 1, 1, 1, 1, 1, 1, 1, 1, 1, 1, 1, 1, 1, 1, 1, 1, 1, 1, 1, 1, 1, 1, 1, 1, 1, 1, 1, 1, 1, 1, 1, 1, 1, 1, 1, 1, 1, 1, 1, 1, 1, 1, 1, 1, 1, 1, 1, 1, 1, 1, 1, 1, 1, 1, 1, 1, 1, 1, 1, 1, 1, 1, 1, 1, 1, 1, 1, 1, 1, 1, 1, 1, 1, 1, 1, 1, 1, 1, 1, 1, 1, 1, 1, 1, 1, 1, 1, 1, 1, 1, 1, 1, 1, 1, 1, 1, 1, 1, 1, 1, 1, 1, 1, 1, 1, 1, 1, 1, 1, 1, 1, 1, 1, 1, 1, 1, 1, 1, 1, 1, 1, 1, 1, 1, 1, 1, 1, 1, 1, 1, 1, 1, 1, 1, 1, 1, 1, 1, 1, 1, 1, 1, 1, 1, 1, 1, 1, 1, 1, 1, 1, 1, 1, 1, 1, 1, 1, 1, 1, 1, 1, 1, 1, 1, 1, 1, 1, 1, 1, 1, 1, 1, 1, 1, 1, 1, 1, 1, 1, 1, 1, 1, 1, 1, 1, 1, 1, 1, 1, 1, 1, 1, 1, 1, 1, 1, 1, 1, 1, 1, 1, 1, 1, 1, 1, 1, 1, 1, 1, 1, 1, 1, 1, 1, 1, 1, 1, 1, 1, 1, 1, 1, 1, 1, 1, 1, 1, 1, 1, 1, 1, 1, 1, 1, 1, 1, 1, 1, 1, 1, 1, 1, 1, 1, 1, 1, 1, 1, 1, 1, 1, 1, 1, 1, 1, 1, 1, 1, 1, 1, 1, 1, 1, 1, 1, 1, 1, 1, 1, 1, 1, 1, 1, 1, 1, 1, 1, 1, 1, 1, 1, 1, 1, 1, 1, 1, 1, 1, 1, 1, 1, 1, 1, 1, 1, 1, 1, 1, 1, 1, 1, 1, 1, 1, 1, 1, 1, 1, 1, 1, 1, 1, 1, 1, 1, 1, 1, 1, 1, 1, 1, 1, 1, 1, 1, 1, 1, 1, 1, 1, 1, 1, 1, 1, 1, 1, 1, 1, 1, 1, 1, 1, 1, 1, 1, 1, 1, 1, 1, 1, 1, 1, 1, 1, 1, 1, 1, 1, 1, 1, 1, 1, 1, 1, 1, 1, 1, 1, 1, 1, 1, 1, 1, 1, 1, 1, 1, 1, 1, 1, 1, 1, 1, 1, 1, 1, 1, 1, 1, 1, 1, 1, 1, 1, 1, 1, 1, 1, 1, 1, 1, 1, 1, 1, 1, 1, 1, 1, 1, 1, 1, 1, 1, 1, 1, 1, 1, 1, 1, 1, 1, 1, 1, 1, 1, 1, 1, 1, 1, 1, 1, 1, 1, 1, 1, 1, 1, 1, 1, 1, 1, 1, 1, 1, 1, 1, 1, 1, 1, 1, 1, 1, 1, 1, 1, 1, 1, 1, 1, 1, 1, 1, 1, 1, 1, 1, 1, 1, 1, 1, 1, 1, 1, 1, 1, 1, 1, 1, 1, 1, 1, 1, 1, 1, 1, 1, 1, 1, 1, 1, 1, 1, 1, 1, 1, 1, 1, 1, 1, 1, 1, 1, 1, 1, 1, 1, 1, 1, 1, 1, 1, 1, 1, 1, 1, 1, 1, 1, 1, 1, 1, 1, 1, 1, 1, 1, 1, 1, 1, 1, 1, 1, 1, 1, 1, 1, 1, 1, 1, 1, 1, 1, 1, 1, 1, 1, 1, 1, 1, 1, 1, 1, 1, 1, 1, 1, 1, 1, 1, 1, 1, 1, 1, 1, 1, 1, 1, 1, 1, 1, 1, 1, 1, 1, 1, 1, 1, 1, 1, 1, 1, 1, 1, 1, 1, 1, 1, 1, 1, 1, 1, 1, 1, 1, 1, 1, 1, 1, 1, 1, 1, 1, 1, 1, 1, 1, 1, 1, 1, 1, 1, 1, 1, 1, 1, 1, 1, 1, 1, 1, 1, 1, 1, 1, 1, 1, 1, 1, 1, 1, 1, 1, 1, 1, 1, 1, 1, 1, 1, 1, 1, 1, 1, 1, 1, 1, 1, 1, 1, 1, 1, 1, 1, 1, 1, 1, 1, 1, 1, 1, 1, 1, 1, 1, 1, 1, 1, 1, 1, 1, 1, 1, 1, 1, 1, 1, 1, 1, 1, 1, 1, 1, 1, 1, 1, 1, 1, 1, 1, 1, 1, 1, 1, 1, 1, 1, 1, 1, 1, 1, 1, 1, 1, 1, 1, 1, 1, 1, 1, 1, 1, 1, 1, 1, 1, 1, 1, 1, 1, 1, 1, 1, 1, 1, 1, 1, 1, 1, 1, 1, 1, 1, 1, 1, 1, 1, 1, 1, 1, 1, 1, 1, 1, 1, 1, 1, 1, 1, 1, 1, 1, 1, 1, 1, 1, 1, 1, 1, 1, 1, 1, 1, 1, 1, 1, 1, 1, 1, 1, 1, 1, 1, 1, 1, 1, 1, 1, 1, 1, 1, 1, 1, 1, 1, 1, 1, 1, 1, 1, 1, 1, 1, 1, 1, 1, 1, 1, 1, 1, 1, 1, 1, 1, 1, 1, 1, 1, 1, 1, 1, 1, 1, 1, 1, 1, 1, 1, 1, 1, 1, 1, 1, 1, 1, 1, 1, 1, 1, 1, 1, 1, 1, 1, 1, 1, 1, 1, 1, 1, 1, 1, 1, 1, 1, 1, 1, 1, 1, 1, 1, 1, 1, 1, 1, 1, 1, 1, 1, 1, 1, 1, 1, 1, 1, 1, 1, 1, 1, 1, 1, 1, 1, 1, 1, 1, 1, 1, 1, 1, 1, 1, 1, 1, 1, 1, 1, 1, 1, 1, 1, 1, 1, 1, 1, 1, 1, 1, 1, 1, 1, 1, 1, 1, 1, 1, 1, 1, 1, 1, 1, 1, 1, 1, 1, 1, 1, 1, 1, 1, 1, 1, 1, 1, 1, 1, 1, 1, 1, 1, 1, 1, 1, 1, 1, 1, 1, 1, 1, 1, 1, 1, 1, 1, 1, 1, 1, 1, 1, 1, 1, 1, 1, 1, 1, 1, 1, 1, 1, 1, 1, 1, 1, 1, 1, 1, 1, 1, 1, 1, 1, 1, 1, 1, 1, 1, 1, 1, 1, 1, 1, 1, 1, 1, 1, 1, 1, 1, 1, 1, 1, 1, 1, 1, 1, 1, 1, 1, 1, 1, 1, 1, 1, 1, 1, 1, 1, 1, 1, 1, 1, 1, 1, 1, 1, 1, 1, 1, 1, 1, 1, 1, 1, 1, 1, 1, 1, 1, 1, 1, 1, 1, 1, 1, 1, 1, 1, 1, 1, 1, 1, 1, 1, 1, 1, 1, 1, 1, 1, 1, 1, 1, 1, 1, 1, 1, 1, 1, 1, 1, 1, 1, 1, 1, 1, 1, 1, 1, 1, 1, 1, 1, 1, 1, 1, 1, 1, 1, 1, 1, 1, 1, 1, 1, 1, 1, 1, 1, 1, 1, 1, 1, 1, 1, 1, 1, 1, 1, 1, 1, 1, 1, 1, 1, 1, 1, 1, 1, 1, 1, 1, 1, 1, 1, 1, 1, 1, 1, 1, 1, 1, 1, 1, 1, 1, 1, 1, 1, 1, 1, 1, 1, 1, 1, 1, 1, 1, 1, 1, 1, 1, 1, 1, 1, 1, 1, 1, 1, 1, 1, 1, 1, 1, 1, 1, 1, 1, 1, 1, 1, 1, 1, 1, 1, 1, 1, 1, 1, 1, 1, 1, 1, 1, 1, 1, 1, 1, 1, 1, 1, 1, 1, 1, 1, 1, 1, 1, 1, 1, 1, 1, 1, 1, 1, 1, 1, 1, 1, 1, 1, 1, 1, 1, 1, 1, 1, 1, 1, 1, 1, 1, 1, 1, 1, 1, 1, 1, 1, 1, 1, 1, 1, 1, 1, 1, 1, 1, 1, 1, 1, 1, 1, 1, 1, 1, 1, 1, 1, 1, 1, 1, 1, 1, 1, 1, 1, 1, 1, 1, 1, 1, 1, 1, 1, 1, 1, 1, 1, 1, 1, 1, 1, 1, 1, 1, 1, 1, 1, 1, 1, 1, 1, 1, 1, 1, 1, 1, 1, 1, 1, 1, 1, 1, 1, 1, 1, 1, 1, 1, 1, 1, 1, 1, 1, 1, 1, 1, 1, 1, 1]
dp_list[2, 2, 2, 2, 2, 2, 2, 2, 2, 2, 2, 2, 2, 2, 2, 2, 2, 2, 2, 2, 2, 2, 2, 2, 2, 2, 2, 2, 2, 2, 2, 2, 2, 2, 2, 2, 2, 2, 2, 2, 2, 2, 2, 2, 2, 2, 2, 2, 2, 2, 2, 2, 2, 2, 2, 2, 2, 2, 2, 2, 2, 2, 2, 2, 2, 2, 2, 2, 2, 2, 2, 2, 2, 2, 2, 2, 2, 2, 2, 2, 2, 2, 2, 2, 2, 2, 2, 2, 2, 2, 2, 2, 2, 2, 2, 2, 2, 2, 2, 2, 2, 2, 2, 2, 2, 2, 2, 2, 2, 2, 2, 2, 2, 2, 2, 2, 2, 2, 2, 2, 2, 2, 2, 2, 2, 2, 2, 2, 2, 2, 2, 2, 2, 2, 2, 2, 2, 2, 2, 2, 2, 2, 2, 2, 2, 2, 2, 2, 2, 2, 2, 2, 2, 2, 2, 2, 2, 2, 2, 2, 2, 2, 2, 2, 2, 2, 2, 2, 2, 2, 2, 2, 2, 2, 2, 2, 2, 2, 2, 2, 2, 2, 2, 2, 2, 2, 2, 2, 2, 2, 2, 2, 2, 2, 2, 2, 2, 2, 2, 2, 2, 2, 2, 2, 2, 2, 2, 2, 2, 2, 2, 2, 2, 2, 2, 2, 2, 2, 2, 2, 2, 2, 2, 2, 2, 2, 2, 2, 2, 2, 2, 2, 2, 2, 2, 2, 2, 2, 2, 2, 2, 2, 2, 2, 2, 2, 2, 2, 2, 2, 2, 2, 2, 2, 2, 2, 2, 2, 2, 2, 2, 2, 2, 2, 2, 2, 2, 2, 2, 2, 2, 2, 2, 2, 2, 2, 2, 2, 2, 2, 2, 2, 2, 2, 2, 2, 2, 2, 2, 2, 2, 2, 2, 2, 2, 2, 2, 2, 2, 2, 2, 2, 2, 2, 2, 2, 2, 2, 2, 2, 2, 2, 2, 2, 2, 2, 2, 2, 2, 2, 2, 2, 2, 2, 2, 2, 2, 2, 2, 2, 2, 2, 2, 2, 2, 2, 2, 2, 2, 2, 2, 2, 2, 2, 2, 2, 2, 2, 2, 2, 2, 2, 2, 2, 2, 2, 2, 2, 2, 2, 2, 2, 2, 2, 2, 2, 2, 2, 2, 2, 2, 2, 2, 2, 2, 2, 2, 2, 2, 2, 2, 2, 2, 2, 2, 2, 2, 2, 2, 2, 2, 2, 2, 2, 2, 2, 2, 2, 2, 2, 2, 2, 2, 2, 2, 2, 2, 2, 2, 2, 2, 2, 2, 2, 2, 2, 2, 2, 2, 2, 2, 2, 2, 2, 2, 2, 2, 2, 2, 2, 2, 2, 2, 2, 2, 2, 2, 2, 2, 2, 2, 2, 2, 2, 2, 2, 2, 2, 2, 2, 2, 2, 2, 2, 2, 2, 2, 2, 2, 2, 2, 2, 2, 2, 2, 2, 2, 2, 2, 2, 2, 2, 2, 2, 2, 2, 2, 2, 2, 2, 2, 2, 2, 2, 2, 2, 2, 2, 2, 2, 2, 2, 2, 2, 2, 2, 2, 2, 2, 2, 2, 2, 2, 2, 2, 2, 2, 2, 2, 2, 2, 2, 2, 2, 2, 2, 2, 2, 2, 2, 2, 2, 2, 2, 2, 2, 2, 2, 2, 2, 2, 2, 2, 2, 2, 2, 2, 2, 2, 2, 2, 2, 2, 2, 2, 2, 2, 2, 2, 2, 2, 2, 2, 2, 2, 2, 2, 2, 2, 2, 2, 2, 2, 2, 2, 2, 2, 2, 2, 2, 2, 2, 2, 2, 2, 2, 2, 2, 2, 2, 2, 2, 2, 2, 2, 2, 2, 2, 2, 2, 2, 2, 2, 2, 2, 2, 2, 2, 2, 2, 2, 2, 2, 2, 2, 2, 2, 2, 2, 2, 2, 2, 2, 2, 2, 2, 2, 2, 2, 2, 2, 2, 2, 2, 2, 2, 2, 2, 2, 2, 2, 2, 2, 2, 2, 2, 2, 2, 2, 2, 2, 2, 2, 2, 2, 2, 2, 2, 2, 2, 2, 2, 2, 2, 2, 2, 2, 2, 2, 2, 2, 2, 2, 2, 2, 2, 2, 2, 2, 2, 2, 2, 2, 2, 2, 2, 2, 2, 2, 2, 2, 2, 2, 2, 2, 2, 2, 2, 2, 2, 2, 2, 2, 2, 2, 2, 2, 2, 2, 2, 2, 2, 2, 2, 2, 2, 2, 2, 2, 2, 2, 2, 2, 2, 2, 2, 2, 2, 2, 2, 2, 2, 2, 2, 2, 2, 2, 2, 2, 2, 2, 2, 2, 2, 2, 2, 2, 2, 2, 2, 2, 2, 2, 2, 2, 2, 2, 2, 2, 2, 2, 2, 2, 2, 2, 2, 2, 2, 2, 2, 2, 2, 2, 2, 2, 2, 2, 2, 2, 2, 2, 2, 2, 2, 2, 2, 2, 2, 2, 2, 2, 2, 2, 2, 2, 2, 2, 2, 2, 2, 2, 2, 2, 2, 2, 2, 2, 2, 2, 2, 2, 2, 2, 2, 2, 2, 2, 2, 2, 2, 2, 2, 2, 2, 2, 2, 2, 2, 2, 2, 2, 2, 2, 2, 2, 2, 2, 2, 2, 2, 2, 2, 2, 2, 2, 2, 2, 2, 2, 2, 2, 2, 2, 2, 2, 2, 2, 2, 2, 2, 2, 2, 2, 2, 2, 2, 2, 2, 2, 2, 2, 2, 2, 2, 2, 2, 2, 2, 2, 2, 2, 2, 2, 2, 2, 2, 2, 2, 2, 2, 2, 2, 2, 2, 2, 2, 2, 2, 2, 2, 2, 2, 2, 2, 2, 2, 2, 2, 2, 2, 2, 2, 2, 2, 2, 2, 2, 2, 2, 2, 2, 2, 2, 2, 2, 2, 2, 2, 2, 2, 2, 2, 2, 2, 2, 2, 2, 2, 2, 2, 2, 2, 2, 2, 2, 2, 2, 2, 2, 2, 2, 2, 2, 2, 2, 2, 2, 2, 2, 2, 2, 2, 2, 2, 2, 2, 2, 2, 2, 2, 2, 2, 2, 2, 2, 2, 2, 2, 2, 2, 2, 2, 2, 2, 2, 2, 2, 2, 2, 2, 2, 2, 2, 2, 2, 2, 2, 2, 2, 2, 2, 2, 2, 2, 2, 2, 2, 2, 2, 2, 2, 2, 2, 2, 2, 2, 2, 2, 2, 2, 2, 2, 2, 2, 2, 2, 2, 2, 2, 2, 2, 2, 2, 2, 2, 2, 2, 2, 2, 2, 2, 2, 2, 2, 2, 2, 2, 2, 2, 2, 2, 2, 2, 2, 2, 2, 2, 2, 2, 2, 2, 2, 2, 2, 2, 2, 2, 2, 2, 2, 2, 2, 2, 2, 2, 2, 2, 2, 2, 2, 2, 2, 2, 2, 2, 2, 2, 2, 2, 2, 2, 2, 2, 2, 2, 2, 2, 2, 2, 2, 2, 2, 2, 2, 2, 2, 2, 2, 2, 2, 2, 2, 2, 2, 2, 2, 2, 2, 2, 2, 2, 2, 2, 2, 2, 2, 2, 2, 2, 2, 2, 2, 2, 2, 2, 2, 2, 2, 2, 2, 2, 2, 2, 2, 2, 2, 2, 2, 2, 2, 2, 2, 2, 2, 2, 2, 2, 2, 2, 2, 2, 2, 2, 2, 2, 2, 2, 2, 2, 2, 2, 2, 2, 2, 2, 2, 2, 2, 2, 2, 2, 2, 2, 2, 2, 2, 2, 2, 2, 2, 2, 2, 2, 2, 2, 2, 2, 2, 2, 2, 2, 2, 2, 2, 2, 2, 2, 2, 2, 2, 2, 2, 2, 2, 2, 2, 2, 2, 2, 2, 2, 2, 2, 2, 2, 2, 2, 2, 2, 2, 2, 2, 2, 2, 2, 2, 2, 2, 2, 2, 2, 2, 2, 2, 2, 2, 2, 2, 1, 1, 1, 1, 1, 1, 1, 1, 1, 1, 1, 1, 1, 1, 1, 1, 1, 1, 1, 1, 1, 1, 1, 1, 1, 1, 1, 1, 1, 1, 1, 1, 1, 1, 1, 1, 1, 1, 1, 1, 1, 1, 1, 1, 1, 1, 1, 1, 1, 1, 1, 1, 1, 1, 1, 1, 1, 1, 1, 1, 1, 1, 1, 1, 1, 1, 1, 1, 1, 1, 1, 1, 1, 1, 1, 1, 1, 1, 1, 1, 1, 1, 1, 1, 1, 1, 1, 1, 1, 1, 1, 1, 1, 1, 1, 1, 1, 1, 1, 1, 1, 1, 1, 1, 1, 1, 1, 1, 1, 1, 1, 1, 1, 1, 1, 1, 1, 1, 1, 1, 1, 1, 1, 1, 1, 1, 1, 1, 1, 1, 1, 1, 1, 1, 1, 1, 1, 1, 1, 1, 1, 1, 1, 1, 1, 1, 1, 1, 1, 1, 1, 1, 1, 1, 1, 1, 1, 1, 1, 1, 1, 1, 1, 1, 1, 1, 1, 1, 1, 1, 1, 1, 1, 1, 1, 1, 1, 1, 1, 1, 1, 1, 1, 1, 1, 1, 1, 1, 1, 1, 1, 1, 1, 1, 1, 1, 1, 1, 1, 1, 1, 1, 1, 1, 1, 1, 1, 1, 1, 1, 1, 1, 1, 1, 1, 1, 1, 1, 1, 1, 1, 1, 1, 1, 1, 1, 1, 1, 1, 1, 1, 1, 1, 1, 1, 1, 1, 1, 1, 1, 1, 1, 1, 1, 1, 1, 1, 1, 1, 1, 1, 1, 1, 1, 1, 1, 1, 1, 1, 1, 1, 1, 1, 1, 1, 1, 1, 1, 1, 1, 1, 1, 1, 1, 1, 1, 1, 1, 1, 1, 1, 1, 1, 1, 1, 1, 1, 1, 1, 1, 1, 1, 1, 1, 1, 1, 1, 1, 1, 1, 1, 1, 1, 1, 1, 1, 1, 1, 1, 1, 1, 1, 1, 1, 1, 1, 1, 1, 1, 1, 1, 1, 1, 1, 1, 1, 1, 1, 1, 1, 1, 1, 1, 1, 1, 1, 1, 1, 1, 1, 1, 1, 1, 1, 1, 1, 1, 1, 1, 1, 1, 1, 1, 1, 1, 1, 1, 1, 1, 1, 1, 1, 1, 1, 1, 1, 1, 1, 1, 1, 1, 1, 1, 1, 1, 1, 1, 1, 1, 1, 1, 1, 1, 1, 1, 1, 1, 1, 1, 1, 1, 1, 1, 1, 1, 1, 1, 1, 1, 1, 1, 1, 1, 1, 1, 1, 1, 1, 1, 1, 1, 1, 1, 1, 1, 1, 1, 1, 1, 1, 1, 1, 1, 1, 1, 1, 1, 1, 1]
algo_list[0, 0, 0, 0, 0, 0, 0, 0, 0, 0, 0, 0, 0, 0, 0, 0, 0, 0, 0, 0, 0, 0, 0, 0, 0, 0, 0, 0, 0, 0, 0, 0, 0, 0, 0, 0, 0, 0, 0, 0, 0, 0, 0, 0, 0, 0, 0, 0, 0, 0, 0, 0, 0, 0, 0, 0, 0, 0, 0, 0, 0, 0, 0, 0, 0, 0, 0, 0, 0, 0, 0, 0, 0, 0, 0, 0, 0, 0, 0, 0, 0, 0, 0, 0, 0, 0, 0, 0, 0, 0, 0, 0, 0, 0, 0, 0, 0, 0, 0, 0, 0, 0, 0, 0, 0, 0, 0, 0, 0, 0, 0, 0, 0, 0, 0, 0, 0, 0, 0, 0, 0, 0, 0, 0, 0, 0, 0, 0, 0, 0, 0, 0, 0, 0, 0, 0, 0, 0, 0, 0, 0, 0, 0, 0, 0, 0, 0, 0, 0, 0, 0, 0, 0, 0, 0, 0, 0, 0, 0, 0, 0, 0, 0, 0, 0, 0, 0, 0, 0, 0, 0, 0, 0, 0, 0, 0, 0, 0, 0, 0, 0, 0, 0, 0, 0, 0, 0, 0, 0, 0, 0, 0, 0, 0, 0, 0, 0, 0, 0, 0, 0, 0, 0, 0, 0, 0, 0, 0, 0, 0, 0, 0, 0, 0, 0, 0, 0, 0, 0, 0, 0, 0, 0, 0, 0, 0, 0, 0, 0, 0, 0, 0, 0, 0, 0, 0, 0, 0, 0, 0, 0, 0, 0, 0, 0, 0, 0, 0, 0, 0, 0, 0, 0, 0, 0, 0, 0, 0, 0, 0, 0, 0, 0, 0, 0, 0, 0, 0, 0, 0, 0, 0, 0, 0, 0, 0, 0, 0, 0, 0, 0, 0, 0, 0, 0, 0, 0, 0, 0, 0, 0, 0, 0, 0, 0, 0, 0, 0, 0, 0, 0, 0, 0, 0, 0, 0, 0, 0, 0, 0, 0, 0, 0, 0, 0, 0, 0, 0, 0, 0, 0, 0, 0, 0, 0, 0, 0, 0, 0, 0, 0, 0, 0, 0, 0, 0, 0, 0, 0, 0, 0, 0, 0, 0, 0, 0, 0, 0, 0, 0, 0, 0, 0, 0, 0, 0, 0, 0, 0, 0, 0, 0, 0, 0, 0, 0, 0, 0, 0, 0, 0, 0, 0, 0, 0, 0, 0, 0, 0, 0, 0, 0, 0, 0, 0, 0, 0, 0, 0, 0, 0, 0, 0, 0, 0, 0, 0, 0, 0, 0, 0, 0, 0, 0, 0, 0, 0, 0, 0, 0, 0, 0, 0, 0, 0, 0, 0, 0, 0, 0, 0, 0, 0, 0, 0, 0, 0, 0, 0, 0, 0, 0, 0, 0, 0, 0, 0, 0, 0, 0, 0, 0, 0, 0, 0, 0, 0, 0, 0, 0, 0, 0, 0, 0, 0, 0, 0, 0, 0, 0, 0, 0, 0, 0, 0, 0, 0, 0, 0, 0, 0, 0, 0, 0, 0, 0, 0, 0, 0, 0, 0, 0, 0, 0, 0, 0, 0, 0, 0, 0, 0, 0, 0, 0, 0, 0, 0, 0, 0, 0, 0, 0, 0, 0, 0, 0, 0, 0, 0, 0, 0, 0, 0, 0, 0, 0, 0, 0, 0, 0, 0, 0, 0, 0, 0, 0, 0, 0, 0, 0, 0, 0, 0, 0, 0, 0, 0, 0, 0, 0, 0, 0, 0, 0, 0, 0, 0, 0, 0, 0, 0, 0, 0, 0, 0, 0, 0, 0, 0, 0, 0, 0, 0, 0, 0, 0, 0, 0, 0, 0, 0, 0, 0, 0, 0, 0, 0, 0, 0, 0, 0, 0, 0, 0, 0, 0, 0, 0, 0, 0, 0, 0, 0, 0, 0, 0, 0, 0, 0, 0, 0, 0, 0, 0, 0, 0, 0, 0, 0, 0, 0, 0, 0, 0, 0, 0, 0, 0, 0, 0, 0, 0, 0, 0, 0, 0, 0, 0, 0, 0, 0, 0, 0, 0, 0, 0, 0, 0, 0, 0, 0, 0, 0, 0, 0, 0, 0, 0, 0, 0, 0, 0, 0, 0, 0, 0, 0, 0, 0, 0, 0, 0, 0, 0, 0, 0, 0, 0, 0, 0, 0, 0, 0, 0, 0, 0, 0, 0, 0, 0, 0, 0, 0, 0, 0, 0, 0, 0, 0, 0, 0, 0, 0, 0, 0, 0, 0, 0, 0, 0, 0, 0, 0, 0, 0, 0, 0, 0, 0, 0, 0, 0, 0, 0, 0, 0, 0, 0, 0, 0, 0, 0, 0, 0, 0, 0, 0, 0, 0, 0, 0, 0, 0, 0, 0, 0, 0, 0, 0, 0, 0, 0, 0, 0, 0, 0, 0, 0, 0, 0, 0, 0, 0, 0, 0, 0, 0, 0, 0, 0, 0, 0, 0, 0, 0, 0, 0, 0, 0, 0, 0, 0, 0, 0, 0, 0, 0, 0, 0, 0, 0, 0, 0, 0, 0, 0, 0, 0, 0, 0, 0, 0, 0, 0, 0, 0, 0, 0, 0, 0, 0, 0, 0, 0, 0, 0, 0, 0, 0, 0, 0, 0, 0, 0, 0, 0, 0, 0, 0, 0, 0, 0, 0, 0, 0, 0, 0, 0, 0, 0, 0, 0, 0, 0, 0, 0, 0, 0, 0, 0, 0, 0, 0, 0, 0, 0, 0, 0, 0, 0, 0, 0, 0, 0, 0, 0, 0, 0, 0, 0, 0, 0, 0, 0, 0, 0, 0, 0, 0, 0, 0, 0, 0, 0, 0, 0, 0, 0, 0, 0, 0, 0, 0, 0, 0, 0, 0, 0, 0, 0, 0, 0, 0, 0, 0, 0, 0, 0, 0, 0, 0, 0, 0, 0, 0, 0, 0, 0, 0, 0, 0, 0, 0, 0, 0, 0, 0, 0, 0, 0, 0, 0, 0, 0, 0, 0, 0, 0, 0, 0, 0, 0, 0, 0, 0, 0, 0, 0, 0, 0, 0, 0, 0, 0, 0, 0, 0, 0, 0, 0, 0, 0, 0, 0, 0, 0, 0, 0, 0, 0, 0, 0, 0, 0, 0, 0, 0, 0, 0, 0, 0, 0, 0, 0, 0, 0, 0, 0, 0, 0, 0, 0, 0, 0, 0, 0, 0, 0, 0, 0, 0, 0, 0, 0, 0, 0, 0, 0, 0, 0, 0, 0, 0, 0, 0, 0, 0, 0, 0, 0, 0, 0, 0, 0, 0, 0, 0, 0, 0, 0, 0, 0, 0, 0, 0, 0, 0, 0, 0, 0, 0, 0, 0, 0, 0, 0, 0, 0, 0, 0, 0, 0, 0, 0, 0, 0, 0, 0, 0, 0, 0, 0, 0, 0, 0, 0, 0, 0, 0, 0, 0, 0, 0, 0, 0, 0, 0, 0, 0, 0, 0, 0, 0, 0, 0, 0, 0, 0, 0, 0, 0, 0, 0, 0, 0, 0, 0, 0, 0, 0, 0, 0, 0, 0, 0, 0, 0, 0, 0, 0, 0, 0, 0, 0, 0, 0, 0, 0, 0, 0, 0, 0, 0, 0, 0, 0, 0, 0, 0, 0, 0, 0, 0, 0, 0, 0, 0, 0, 0, 0, 0, 0, 0, 0, 0, 0, 0, 0, 0, 0, 0, 0, 0, 0, 0, 0, 0, 0, 0, 0, 0, 0, 0, 0, 0, 0, 0, 0, 0, 0, 0, 0, 0, 0, 0, 0, 0, 0, 0, 0, 0, 0, 0, 0, 0, 0, 0, 0, 0, 0, 0, 0, 0, 0, 0, 0, 0, 0, 0, 0, 0, 0, 0, 0, 0, 0, 0, 0, 0, 0, 0, 0, 0, 0, 0, 0, 0, 0, 0, 0, 0, 0, 0, 0, 0, 0, 0, 0, 0, 0, 0, 0, 0, 0, 0, 0, 0, 0, 0, 0, 0, 0, 0, 0, 0, 0, 0, 0, 0, 0, 0, 0, 0, 0, 0, 0, 0, 0, 0, 0, 0, 0, 0, 0, 0, 0, 0, 0, 0, 0, 0, 0, 0, 0, 0, 0, 0, 0, 0, 0, 0, 0, 0, 0, 0, 0, 0, 0, 0, 0, 0, 0, 0, 0, 0, 0, 0, 0, 0, 0, 0, 0, 0, 0, 0, 0, 0, 0, 0, 0, 0, 0, 0, 0, 0, 0, 0, 0, 0, 0, 0, 0, 0, 0, 0, 0, 0, 0, 0, 0, 0, 0, 0, 0, 0, 0, 0, 0, 0, 0, 0, 0, 0, 0, 0, 0, 0, 0, 0, 0, 0, 0, 0, 0, 0, 0, 0, 0, 0, 0, 0, 0, 0, 0, 0, 0, 0, 0, 0, 0, 0, 0, 0, 0, 0, 0, 0, 0, 0, 0, 0, 0, 0, 0, 0, 0, 0, 0, 0, 0, 0, 0, 0, 0, 0, 0, 0, 0, 0, 0, 0, 0, 0, 0, 0, 0, 0, 0, 0, 0, 0, 0, 0, 0, 0, 0, 0, 0, 0, 0, 0, 0, 0, 0, 0, 0, 0, 0, 0, 0, 0, 0, 0, 0, 0, 0, 0, 0, 0, 0, 0, 0, 0, 0, 0, 0, 0, 0, 0, 0, 0, 0, 0, 0, 0, 0, 0, 0, 0, 0, 0, 0, 0, 0, 0, 0, 0, 0, 0, 0, 0, 0, 0, 0, 0, 0, 0, 0, 0, 0, 0, 0, 0, 0, 0, 0, 0, 0, 0, 0, 0, 0, 0, 0, 0, 0, 0, 0, 0, 0, 0, 0, 0, 0, 0, 0, 0, 0, 0, 0, 0, 0, 0, 0, 0, 0, 0, 0, 0, 0, 0, 0, 0, 0, 0, 0, 0, 0, 0, 0, 0, 0, 0, 0, 0, 0, 0, 0, 0, 0, 0, 0, 0, 0, 0, 0, 0, 0, 0, 0, 0, 0, 0, 0, 0, 0, 0, 0, 0, 0, 0, 0, 0, 0, 0, 0, 0, 0, 0, 0, 0, 0, 0, 0, 0, 0, 0, 0, 0, 0, 0, 0, 0, 0, 0, 0, 0, 0, 0, 0, 0, 0, 0, 0, 0, 0, 0, 0, 0, 0, 0, 0, 0, 0, 0, 0, 0, 0, 0, 0, 0, 0, 0, 0, 0, 0, 0, 0, 0, 0, 0, 0, 0, 0, 0, 0, 0, 0, 0, 0, 0, 0, 0, 0, 0, 0, 0, 0, 0, 0, 0, 0, 0, 0, 0, 0, 0, 0, 0, 0, 0, 0, 0, 0, 0, 0, 0, 0, 0, 0, 0, 0, 0, 0, 0, 0, 0, 0, 0, 0, 0, 0, 0, 0, 0, 0, 0]

decode|23517.61|46867.69| op = [406, 415, 417, 222, 207]| tp = [1, 1, 1, 1, 1, ] | dp = [2, 2, 2, 1, 1, ] | algo = [0, 0, 0, 0, 0, ] | rc = [96, 82, 64, 32, 0] | gpus = [2, 2, 2, 1, 1] | micro_bs = 8 | time = [23330, 23264, 22656, 22915, 23517] | memory = [46867, 46691, 42703, 35736, 38408]
验证解
line465:max stage:4, min stage:2, max_value:23517.607100153316, min_value:22656.431453388606
fix|23334.35|46867.69| op = [406, 415, 418, 222, 206]| tp = [1, 1, 1, 1, 1, ] | dp = [2, 2, 2, 1, 1, ] | algo = [0, 0, 0, 0, 0, ] | rc = [96, 82, 64, 32, 0] | gpus = [2, 2, 2, 1, 1] | micro_bs = 8 | time = [23333, 23266, 22868, 23177, 23334] | memory = [46867, 46691, 43471, 35672, 38408]
best|23334.35|46867.69| op = [406, 415, 418, 222, 206]| tp = [1, 1, 1, 1, 1, ] | dp = [2, 2, 2, 1, 1, ] | algo = [0, 0, 0, 0, 0, ] | rc = [96, 82, 64, 32, 0] | gpus = [2, 2, 2, 1, 1] | micro_bs = 8 | time = [23333, 23266, 22868, 23177, 23334] | memory = [46867, 46691, 43471, 35672, 38408]
line146:config.memory_list:[46867.68500000023, 46691.87200000021, 43471.904000000155, 35672.5, 38408.203]
line147:config.time_list:[23333.040170975226, 23266.47227101192, 22868.57634242812, 23177.503440923578, 23334.35206977663]
求解成功
config has been saved to /home/liminglong.lml/sxz/SuperScaler/logs-large/aceso/configs/scale-layer/128layers/scale-layer_128layers_5stages_2026-5-15-12-58-1.json

========== Best Result (num_stages = 5) ==========
|23334.35|46867.69| op = [406, 415, 418, 222, 206]| tp = [1, 1, 1, 1, 1, ] | dp = [2, 2, 2, 1, 1, ] | algo = [0, 0, 0, 0, 0, ] | rc = [96, 82, 64, 32, 0] | gpus = [2, 2, 2, 1, 1] | micro_bs = 8 | time = [23333, 23266, 22868, 23177, 23334] | memory = [46867, 46691, 43471, 35672, 38408]
start|24062.29|46736.12| op = [417, 417, 417, 208, 208]| tp = [1, 1, 1, 1, 1, ] | dp = [2, 2, 2, 1, 1, ] | algo = [0, 0, 0, 0, 0, ] | rc = [100, 82, 64, 26, 0] | gpus = [2, 2, 2, 1, 1] | micro_bs = 8 | time = [24062, 23303, 22646, 20871, 23433] | memory = [46383, 46736, 42703, 37640, 38440]
fix|24051.39|46783.88| op = [416, 417, 417, 209, 208]| tp = [1, 1, 1, 1, 1, ] | dp = [2, 2, 2, 1, 1, ] | algo = [0, 0, 0, 0, 0, ] | rc = [100, 82, 64, 26, 0] | gpus = [2, 2, 2, 1, 1] | micro_bs = 8 | time = [24051, 23302, 22605, 20936, 23433] | memory = [46323, 46783, 42620, 37684, 38440]
fix|24036.29|46879.87| op = [415, 417, 417, 210, 208]| tp = [1, 1, 1, 1, 1, ] | dp = [2, 2, 2, 1, 1, ] | algo = [0, 0, 0, 0, 0, ] | rc = [100, 82, 64, 26, 0] | gpus = [2, 2, 2, 1, 1] | micro_bs = 8 | time = [24036, 23341, 22603, 20955, 23433] | memory = [46267, 46879, 42655, 37684, 38440]
fix|24014.47|46959.89| op = [414, 417, 417, 211, 208]| tp = [1, 1, 1, 1, 1, ] | dp = [2, 2, 2, 1, 1, ] | algo = [0, 0, 0, 0, 0, ] | rc = [100, 82, 64, 26, 0] | gpus = [2, 2, 2, 1, 1] | micro_bs = 8 | time = [24014, 23348, 22643, 20984, 23434] | memory = [46107, 46959, 42731, 37764, 38440]
fix|23924.34|46892.00| op = [413, 417, 417, 212, 208]| tp = [1, 1, 1, 1, 1, ] | dp = [2, 2, 2, 1, 1, ] | algo = [0, 0, 0, 0, 0, ] | rc = [102, 82, 64, 26, 0] | gpus = [2, 2, 2, 1, 1] | micro_bs = 8 | time = [23924, 23341, 22649, 21071, 23434] | memory = [46891, 46879, 42787, 37908, 38440]
fix|23905.37|46851.69| op = [412, 417, 417, 213, 208]| tp = [1, 1, 1, 1, 1, ] | dp = [2, 2, 2, 1, 1, ] | algo = [0, 0, 0, 0, 0, ] | rc = [102, 82, 64, 26, 0] | gpus = [2, 2, 2, 1, 1] | micro_bs = 8 | time = [23905, 23304, 22642, 21112, 23433] | memory = [46851, 46736, 42731, 38036, 38440]
fix|23875.92|46951.69| op = [411, 417, 417, 214, 208]| tp = [1, 1, 1, 1, 1, ] | dp = [2, 2, 2, 1, 1, ] | algo = [0, 0, 0, 0, 0, ] | rc = [100, 82, 64, 26, 0] | gpus = [2, 2, 2, 1, 1] | micro_bs = 8 | time = [23875, 23302, 22605, 21142, 23433] | memory = [46951, 46783, 42620, 38084, 38440]
fix|23860.45|46907.69| op = [410, 417, 417, 215, 208]| tp = [1, 1, 1, 1, 1, ] | dp = [2, 2, 2, 1, 1, ] | algo = [0, 0, 0, 0, 0, ] | rc = [100, 82, 64, 26, 0] | gpus = [2, 2, 2, 1, 1] | micro_bs = 8 | time = [23860, 23307, 22603, 21161, 23433] | memory = [46907, 46771, 42655, 38084, 38440]
fix|24091.72|46767.87| op = [409, 417, 417, 216, 208]| tp = [1, 1, 1, 1, 1, ] | dp = [2, 2, 2, 1, 1, ] | algo = [0, 0, 0, 0, 0, ] | rc = [103, 84, 64, 26, 0] | gpus = [2, 2, 2, 1, 1] | micro_bs = 8 | time = [24091, 23592, 22612, 21194, 23437] | memory = [46067, 46767, 42647, 38164, 38440]
fix|23961.68|46991.87| op = [408, 417, 417, 217, 208]| tp = [1, 1, 1, 1, 1, ] | dp = [2, 2, 2, 1, 1, ] | algo = [0, 0, 0, 0, 0, ] | rc = [98, 89, 64, 28, 0] | gpus = [2, 2, 2, 1, 1] | micro_bs = 8 | time = [23710, 23961, 22819, 21392, 23440] | memory = [46867, 46991, 43411, 35896, 38440]
fix|23712.55|46867.69| op = [408, 416, 417, 218, 208]| tp = [1, 1, 1, 1, 1, ] | dp = [2, 2, 2, 1, 1, ] | algo = [0, 0, 0, 0, 0, ] | rc = [98, 84, 65, 28, 0] | gpus = [2, 2, 2, 1, 1] | micro_bs = 8 | time = [23712, 23638, 23032, 21830, 23443] | memory = [46867, 46735, 45115, 36952, 38440]
fix|23681.71|46867.69| op = [407, 416, 417, 219, 208]| tp = [1, 1, 1, 1, 1, ] | dp = [2, 2, 2, 1, 1, ] | algo = [0, 0, 0, 0, 0, ] | rc = [98, 85, 64, 32, 0] | gpus = [2, 2, 2, 1, 1] | micro_bs = 8 | time = [23621, 23681, 22960, 22391, 23446] | memory = [46867, 46735, 43387, 34648, 38440]
fix|23619.69|46867.69| op = [407, 415, 417, 220, 208]| tp = [1, 1, 1, 1, 1, ] | dp = [2, 2, 2, 1, 1, ] | algo = [0, 0, 0, 0, 0, ] | rc = [98, 83, 64, 32, 0] | gpus = [2, 2, 2, 1, 1] | micro_bs = 8 | time = [23619, 23392, 22830, 22575, 23445] | memory = [46867, 46735, 43435, 34648, 38440]
fix|23439.81|46867.69| op = [406, 415, 417, 221, 208]| tp = [1, 1, 1, 1, 1, ] | dp = [2, 2, 2, 1, 1, ] | algo = [0, 0, 0, 0, 0, ] | rc = [96, 82, 64, 32, 0] | gpus = [2, 2, 2, 1, 1] | micro_bs = 8 | time = [23326, 23260, 22652, 22496, 23439] | memory = [46867, 46691, 42703, 34712, 38440]
best|23439.81|46867.69| op = [406, 415, 417, 221, 208]| tp = [1, 1, 1, 1, 1, ] | dp = [2, 2, 2, 1, 1, ] | algo = [0, 0, 0, 0, 0, ] | rc = [96, 82, 64, 32, 0] | gpus = [2, 2, 2, 1, 1] | micro_bs = 8 | time = [23326, 23260, 22652, 22496, 23439] | memory = [46867, 46691, 42703, 34712, 38440]
decode|23517.61|46867.69| op = [406, 415, 417, 222, 207]| tp = [1, 1, 1, 1, 1, ] | dp = [2, 2, 2, 1, 1, ] | algo = [0, 0, 0, 0, 0, ] | rc = [96, 82, 64, 32, 0] | gpus = [2, 2, 2, 1, 1] | micro_bs = 8 | time = [23330, 23264, 22656, 22915, 23517] | memory = [46867, 46691, 42703, 35736, 38408]
fix|23334.35|46867.69| op = [406, 415, 418, 222, 206]| tp = [1, 1, 1, 1, 1, ] | dp = [2, 2, 2, 1, 1, ] | algo = [0, 0, 0, 0, 0, ] | rc = [96, 82, 64, 32, 0] | gpus = [2, 2, 2, 1, 1] | micro_bs = 8 | time = [23333, 23266, 22868, 23177, 23334] | memory = [46867, 46691, 43471, 35672, 38408]
best|23334.35|46867.69| op = [406, 415, 418, 222, 206]| tp = [1, 1, 1, 1, 1, ] | dp = [2, 2, 2, 1, 1, ] | algo = [0, 0, 0, 0, 0, ] | rc = [96, 82, 64, 32, 0] | gpus = [2, 2, 2, 1, 1] | micro_bs = 8 | time = [23333, 23266, 22868, 23177, 23334] | memory = [46867, 46691, 43471, 35672, 38408]

num_targets: []
num_hops: []
search time = 0.00 s.  [0] 
num_explored_cases = 0
time trend: [24062]

stage 5 search time: 0.76 s
working on num_stages = 6
start|24635.12|46975.99| op = [417, 417, 208, 208, 208, 209]| tp = [1, 1, 1, 1, 1, 1, ] | dp = [2, 2, 1, 1, 1, 1, ] | algo = [0, 0, 0, 0, 0, 0, ] | rc = [112, 100, 44, 32, 26, 0] | gpus = [2, 2, 1, 1, 1, 1] | micro_bs = 8 | time = [24635, 24168, 22314, 21517, 21003, 23663] | memory = [46975, 45988, 46864, 43756, 37576, 38468]
line465:max stage:0, min stage:4, max_value:24635.122187176676, min_value:21003.909356246113
fix|24623.93|46903.99| op = [416, 417, 208, 208, 209, 209]| tp = [1, 1, 1, 1, 1, 1, ] | dp = [2, 2, 1, 1, 1, 1, ] | algo = [0, 0, 0, 0, 0, 0, ] | rc = [112, 100, 44, 32, 26, 0] | gpus = [2, 2, 1, 1, 1, 1] | micro_bs = 8 | time = [24623, 24166, 22298, 21500, 21022, 23663] | memory = [46903, 46047, 46800, 43708, 37576, 38468]
cv:0.05918518568907108
line465:max stage:0, min stage:4, max_value:24623.931420340552, min_value:21022.863399179623
fix|24609.17|46864.00| op = [415, 417, 208, 208, 210, 209]| tp = [1, 1, 1, 1, 1, 1, ] | dp = [2, 2, 1, 1, 1, 1, ] | algo = [0, 0, 0, 0, 0, 0, ] | rc = [112, 100, 44, 32, 26, 0] | gpus = [2, 2, 1, 1, 1, 1] | micro_bs = 8 | time = [24609, 24206, 22314, 21517, 21051, 23664] | memory = [46839, 46163, 46864, 43756, 37656, 38468]
cv:0.05882490154412901
line465:max stage:0, min stage:4, max_value:24609.171966378577, min_value:21051.39531238242
fix|24570.20|46839.99| op = [414, 417, 208, 208, 211, 209]| tp = [1, 1, 1, 1, 1, 1, ] | dp = [2, 2, 1, 1, 1, 1, ] | algo = [0, 0, 0, 0, 0, 0, ] | rc = [110, 100, 46, 32, 26, 0] | gpus = [2, 2, 1, 1, 1, 1] | micro_bs = 8 | time = [24570, 24214, 22412, 21580, 21140, 23665] | memory = [46839, 46267, 46800, 43900, 37800, 38468]
cv:0.05679070737729506
line465:max stage:0, min stage:4, max_value:24570.19816286402, min_value:21140.329603088925
fix|24520.74|46800.02| op = [413, 417, 208, 208, 212, 209]| tp = [1, 1, 1, 1, 1, 1, ] | dp = [2, 2, 1, 1, 1, 1, ] | algo = [0, 0, 0, 0, 0, 0, ] | rc = [110, 100, 46, 32, 26, 0] | gpus = [2, 2, 1, 1, 1, 1] | micro_bs = 8 | time = [24520, 24207, 22407, 21579, 21181, 23665] | memory = [46631, 46163, 46800, 43900, 37928, 38468]
cv:0.0559057053513194
line465:max stage:0, min stage:4, max_value:24520.737532502822, min_value:21181.15494658966
fix|24500.55|46864.00| op = [412, 417, 208, 208, 213, 209]| tp = [1, 1, 1, 1, 1, 1, ] | dp = [2, 2, 1, 1, 1, 1, ] | algo = [0, 0, 0, 0, 0, 0, ] | rc = [110, 100, 44, 32, 26, 0] | gpus = [2, 2, 1, 1, 1, 1] | micro_bs = 8 | time = [24500, 24169, 22315, 21517, 21210, 23664] | memory = [46583, 45988, 46864, 43756, 37976, 38468]
cv:0.056002670944640336
line465:max stage:0, min stage:4, max_value:24500.547764176677, min_value:21210.406260246116
fix|24489.59|46800.00| op = [411, 417, 208, 208, 214, 209]| tp = [1, 1, 1, 1, 1, 1, ] | dp = [2, 2, 1, 1, 1, 1, ] | algo = [0, 0, 0, 0, 0, 0, ] | rc = [110, 100, 44, 32, 26, 0] | gpus = [2, 2, 1, 1, 1, 1] | micro_bs = 8 | time = [24489, 24167, 22298, 21501, 21229, 23664] | memory = [46511, 46047, 46800, 43708, 37976, 38468]
cv:0.055899477978904745
line465:max stage:0, min stage:4, max_value:24489.59115334055, min_value:21229.614144179624
fix|24474.46|46864.00| op = [410, 417, 208, 208, 215, 209]| tp = [1, 1, 1, 1, 1, 1, ] | dp = [2, 2, 1, 1, 1, 1, ] | algo = [0, 0, 0, 0, 0, 0, ] | rc = [110, 100, 44, 32, 26, 0] | gpus = [2, 2, 1, 1, 1, 1] | micro_bs = 8 | time = [24474, 24172, 22315, 21517, 21257, 23664] | memory = [46459, 46031, 46864, 43756, 38056, 38468]
cv:0.05532441493292593
line465:max stage:0, min stage:4, max_value:24474.462329856942, min_value:21257.958510041
fix|24645.99|46864.00| op = [409, 417, 208, 208, 216, 209]| tp = [1, 1, 1, 1, 1, 1, ] | dp = [2, 2, 1, 1, 1, 1, ] | algo = [0, 0, 0, 0, 0, 0, ] | rc = [113, 102, 44, 32, 26, 0] | gpus = [2, 2, 1, 1, 1, 1] | micro_bs = 8 | time = [24645, 24457, 22319, 21521, 21285, 23668] | memory = [46795, 46027, 46864, 43756, 38092, 38468]
cv:0.058556658222629704
line465:max stage:0, min stage:4, max_value:24645.985880570865, min_value:21285.76757886463
fix|24842.88|46411.62| op = [408, 417, 208, 208, 217, 209]| tp = [1, 1, 1, 1, 1, 1, ] | dp = [2, 2, 1, 1, 1, 1, ] | algo = [0, 0, 0, 0, 0, 0, ] | rc = [108, 107, 49, 35, 28, 0] | gpus = [2, 2, 1, 1, 1, 1] | micro_bs = 8 | time = [24339, 24842, 23384, 22316, 21911, 23687] | memory = [46411, 46307, 45584, 46188, 36844, 38468]
cv:0.04423408564988094
line465:max stage:1, min stage:4, max_value:24842.87870487565, min_value:21911.50199216244
fix|24514.34|46864.00| op = [408, 416, 208, 208, 218, 209]| tp = [1, 1, 1, 1, 1, 1, ] | dp = [2, 2, 1, 1, 1, 1, ] | algo = [0, 0, 0, 0, 0, 0, ] | rc = [108, 102, 46, 32, 32, 0] | gpus = [2, 2, 1, 1, 1, 1] | micro_bs = 8 | time = [24336, 24514, 23011, 22061, 22466, 23684] | memory = [46411, 45987, 46864, 45292, 34540, 38468]
cv:0.03908279865518334
line465:max stage:1, min stage:3, max_value:24514.33980587565, min_value:22061.82598928163
fix|24421.25|46864.00| op = [408, 415, 208, 209, 218, 209]| tp = [1, 1, 1, 1, 1, 1, ] | dp = [2, 2, 1, 1, 1, 1, ] | algo = [0, 0, 0, 0, 0, 0, ] | rc = [108, 102, 47, 32, 32, 0] | gpus = [2, 2, 1, 1, 1, 1] | micro_bs = 8 | time = [24338, 24421, 23090, 22248, 22468, 23686] | memory = [46411, 45987, 46864, 45292, 34540, 38468]
cv:0.03617691516870927
line465:max stage:1, min stage:3, max_value:24421.25001287565, min_value:22248.645085281634
fix|24329.70|46992.00| op = [408, 414, 208, 210, 218, 209]| tp = [1, 1, 1, 1, 1, 1, ] | dp = [2, 2, 1, 1, 1, 1, ] | algo = [0, 0, 0, 0, 0, 0, ] | rc = [108, 100, 44, 32, 32, 0] | gpus = [2, 2, 1, 1, 1, 1] | micro_bs = 8 | time = [24329, 24125, 22362, 22166, 22459, 23677] | memory = [46411, 45987, 46992, 45388, 34540, 38468]
cv:0.03807831790706365
line465:max stage:0, min stage:3, max_value:24329.700560264053, min_value:22166.186817051566
fix|24234.94|46975.84| op = [407, 414, 208, 211, 218, 209]| tp = [1, 1, 1, 1, 1, 1, ] | dp = [2, 2, 1, 1, 1, 1, ] | algo = [0, 0, 0, 0, 0, 0, ] | rc = [108, 101, 44, 32, 32, 0] | gpus = [2, 2, 1, 1, 1, 1] | micro_bs = 8 | time = [24234, 24146, 22327, 22230, 22459, 23677] | memory = [46411, 46975, 46864, 45448, 34540, 38468]
cv:0.03711783144389054
line465:max stage:0, min stage:3, max_value:24234.940713541244, min_value:22230.057773954202
fix|24069.82|46855.53| op = [406, 414, 208, 212, 218, 209]| tp = [1, 1, 1, 1, 1, 1, ] | dp = [2, 2, 1, 1, 1, 1, ] | algo = [0, 0, 0, 0, 0, 0, ] | rc = [106, 102, 44, 32, 32, 0] | gpus = [2, 2, 1, 1, 1, 1] | micro_bs = 8 | time = [23944, 24069, 22308, 22246, 22456, 23674] | memory = [46411, 46855, 46800, 45448, 34540, 38468]
cv:0.034202625949529636
line465:max stage:1, min stage:3, max_value:24069.821594353187, min_value:22246.396176158578
fix|24040.54|46955.53| op = [406, 413, 208, 213, 218, 209]| tp = [1, 1, 1, 1, 1, 1, ] | dp = [2, 2, 1, 1, 1, 1, ] | algo = [0, 0, 0, 0, 0, 0, ] | rc = [106, 100, 44, 32, 32, 0] | gpus = [2, 2, 1, 1, 1, 1] | micro_bs = 8 | time = [23944, 24040, 22325, 22274, 22456, 23674] | memory = [46411, 46955, 46864, 45568, 34540, 38468]
cv:0.033605616261289745
line465:max stage:1, min stage:3, max_value:24040.542545847118, min_value:22274.385322569502
fix|24026.44|46899.53| op = [406, 412, 208, 214, 218, 209]| tp = [1, 1, 1, 1, 1, 1, ] | dp = [2, 2, 1, 1, 1, 1, ] | algo = [0, 0, 0, 0, 0, 0, ] | rc = [106, 100, 46, 32, 32, 0] | gpus = [2, 2, 1, 1, 1, 1] | micro_bs = 8 | time = [23946, 24026, 22422, 22362, 22457, 23675] | memory = [46411, 46899, 46800, 45776, 34540, 38468]
cv:0.03206662294381607
line465:max stage:1, min stage:3, max_value:24026.44462028701, min_value:22362.984514124393
fix|23985.78|46899.53| op = [406, 411, 208, 215, 218, 209]| tp = [1, 1, 1, 1, 1, 1, ] | dp = [2, 2, 1, 1, 1, 1, ] | algo = [0, 0, 0, 0, 0, 0, ] | rc = [106, 98, 46, 32, 32, 0] | gpus = [2, 2, 1, 1, 1, 1] | micro_bs = 8 | time = [23945, 23985, 22417, 22403, 22457, 23675] | memory = [46411, 46899, 46800, 45968, 34540, 38468]
cv:0.031454001273478
line465:max stage:1, min stage:3, max_value:23985.77979729057, min_value:22403.934562403163
fix|23945.13|46864.00| op = [406, 410, 208, 216, 218, 209]| tp = [1, 1, 1, 1, 1, 1, ] | dp = [2, 2, 1, 1, 1, 1, ] | algo = [0, 0, 0, 0, 0, 0, ] | rc = [106, 98, 44, 32, 32, 0] | gpus = [2, 2, 1, 1, 1, 1] | micro_bs = 8 | time = [23945, 23935, 22325, 22433, 22457, 23674] | memory = [46411, 46723, 46864, 46032, 34540, 38468]
cv:0.03155096157998153
line465:max stage:0, min stage:2, max_value:23945.126494740533, min_value:22325.575678450503
fix|23953.95|46864.50| op = [405, 410, 209, 216, 218, 209]| tp = [1, 1, 1, 1, 1, 1, ] | dp = [2, 2, 1, 1, 1, 1, ] | algo = [0, 0, 0, 0, 0, 0, ] | rc = [106, 98, 44, 32, 32, 0] | gpus = [2, 2, 1, 1, 1, 1] | micro_bs = 8 | time = [23891, 23953, 22344, 22433, 22456, 23674] | memory = [46255, 46735, 46864, 46032, 34540, 38468]
cv:0.031130797239087016
line465:max stage:1, min stage:2, max_value:23953.951264679912, min_value:22344.86375603939
fix|23943.61|46768.50| op = [405, 409, 210, 216, 218, 209]| tp = [1, 1, 1, 1, 1, 1, ] | dp = [2, 2, 1, 1, 1, 1, ] | algo = [0, 0, 0, 0, 0, 0, ] | rc = [106, 98, 46, 32, 32, 0] | gpus = [2, 2, 1, 1, 1, 1] | micro_bs = 8 | time = [23891, 23943, 22408, 22434, 22457, 23675] | memory = [46255, 46675, 46768, 46032, 34540, 38468]
cv:0.0305512233494665
line465:max stage:1, min stage:2, max_value:23943.608333371107, min_value:22408.11334564758
fix|23928.16|46836.50| op = [405, 408, 211, 216, 218, 209]| tp = [1, 1, 1, 1, 1, 1, ] | dp = [2, 2, 1, 1, 1, 1, ] | algo = [0, 0, 0, 0, 0, 0, ] | rc = [106, 98, 46, 32, 32, 0] | gpus = [2, 2, 1, 1, 1, 1] | micro_bs = 8 | time = [23891, 23928, 22432, 22434, 22457, 23675] | memory = [46255, 46631, 46836, 46032, 34540, 38468]
cv:0.030245553169670543
line465:max stage:1, min stage:2, max_value:23928.155106983115, min_value:22432.26149232966
fix|24101.90|46911.22| op = [405, 407, 212, 216, 218, 209]| tp = [1, 1, 1, 1, 1, 1, ] | dp = [2, 2, 1, 1, 1, 1, ] | algo = [0, 0, 0, 0, 0, 0, ] | rc = [106, 101, 48, 32, 32, 0] | gpus = [2, 2, 1, 1, 1, 1] | micro_bs = 8 | time = [23897, 24101, 23025, 22440, 22463, 23681] | memory = [46255, 46911, 46900, 46032, 34540, 38468]
cv:0.02858515810667728
line465:max stage:1, min stage:3, max_value:24101.899688310452, min_value:22440.017420686716
fix|23898.25|46836.00| op = [405, 406, 212, 217, 218, 209]| tp = [1, 1, 1, 1, 1, 1, ] | dp = [2, 2, 1, 1, 1, 1, ] | algo = [0, 0, 0, 0, 0, 0, ] | rc = [106, 96, 50, 32, 32, 0] | gpus = [2, 2, 1, 1, 1, 1] | micro_bs = 8 | time = [23898, 23776, 23378, 22459, 22463, 23681] | memory = [46255, 46591, 46836, 46032, 34540, 38468]
cv:0.02565046383840514
line465:max stage:0, min stage:3, max_value:23898.253007063446, min_value:22459.788313892604
fix|23880.72|46996.00| op = [404, 406, 212, 218, 218, 209]| tp = [1, 1, 1, 1, 1, 1, ] | dp = [2, 2, 1, 1, 1, 1, ] | algo = [0, 0, 0, 0, 0, 0, ] | rc = [106, 96, 49, 32, 32, 0] | gpus = [2, 2, 1, 1, 1, 1] | micro_bs = 8 | time = [23880, 23696, 23595, 22488, 22464, 23682] | memory = [46207, 46591, 46996, 46152, 34540, 38468]
cv:0.025288673017038188
line465:max stage:0, min stage:4, max_value:23880.717070066825, min_value:22464.88334725545
fix|23866.60|46800.00| op = [403, 406, 212, 218, 219, 209]| tp = [1, 1, 1, 1, 1, 1, ] | dp = [2, 2, 1, 1, 1, 1, ] | algo = [0, 0, 0, 0, 0, 0, ] | rc = [106, 94, 50, 32, 32, 0] | gpus = [2, 2, 1, 1, 1, 1] | micro_bs = 8 | time = [23866, 23422, 23451, 22324, 22647, 23679] | memory = [46135, 46691, 46800, 46204, 34540, 38468]
cv:0.02392355437421035
line465:max stage:0, min stage:3, max_value:23866.595343784167, min_value:22324.330551415696
fix|23947.84|46764.75| op = [402, 406, 212, 219, 219, 209]| tp = [1, 1, 1, 1, 1, 1, ] | dp = [2, 2, 1, 1, 1, 1, ] | algo = [0, 0, 0, 0, 0, 0, ] | rc = [106, 94, 51, 34, 32, 0] | gpus = [2, 2, 1, 1, 1, 1] | micro_bs = 8 | time = [23859, 23426, 23947, 22920, 22655, 23687] | memory = [46071, 46735, 45788, 46764, 34540, 38468]
cv:0.02046165222495674
line465:max stage:2, min stage:4, max_value:23947.835572760654, min_value:22655.55405776066
fix|23851.80|46812.00| op = [402, 406, 211, 219, 220, 209]| tp = [1, 1, 1, 1, 1, 1, ] | dp = [2, 2, 1, 1, 1, 1, ] | algo = [0, 0, 0, 0, 0, 0, ] | rc = [106, 94, 48, 34, 32, 0] | gpus = [2, 2, 1, 1, 1, 1] | micro_bs = 8 | time = [23851, 23419, 23217, 22732, 22573, 23680] | memory = [46071, 46735, 46812, 46252, 34604, 38468]
cv:0.020040553219181873
line465:max stage:0, min stage:4, max_value:23851.801414576315, min_value:22573.9179291539
fix|23829.31|46855.24| op = [401, 406, 211, 219, 221, 209]| tp = [1, 1, 1, 1, 1, 1, ] | dp = [2, 2, 1, 1, 1, 1, ] | algo = [0, 0, 0, 0, 0, 0, ] | rc = [106, 94, 48, 34, 32, 0] | gpus = [2, 2, 1, 1, 1, 1] | micro_bs = 8 | time = [23829, 23422, 23051, 22818, 22637, 23679] | memory = [45879, 46855, 46812, 46096, 34648, 38468]
cv:0.018836607742948944
line465:max stage:0, min stage:4, max_value:23829.314111781914, min_value:22637.86302678169
fix|23733.57|46972.50| op = [400, 406, 211, 219, 222, 209]| tp = [1, 1, 1, 1, 1, 1, ] | dp = [2, 2, 1, 1, 1, 1, ] | algo = [0, 0, 0, 0, 0, 0, ] | rc = [108, 94, 46, 34, 32, 0] | gpus = [2, 2, 1, 1, 1, 1] | micro_bs = 8 | time = [23733, 23420, 22505, 22703, 22651, 23674] | memory = [46823, 46851, 46972, 46144, 34648, 38468]
cv:0.021950934956681212
line465:max stage:0, min stage:2, max_value:23733.567725480563, min_value:22505.479989039173
fix|23697.38|46966.88| op = [399, 406, 212, 219, 222, 209]| tp = [1, 1, 1, 1, 1, 1, ] | dp = [2, 2, 1, 1, 1, 1, ] | algo = [0, 0, 0, 0, 0, 0, ] | rc = [106, 94, 44, 34, 32, 0] | gpus = [2, 2, 1, 1, 1, 1] | micro_bs = 8 | time = [23697, 23419, 22676, 22704, 22652, 23675] | memory = [46966, 46795, 45708, 46144, 34648, 38468]
cv:0.020250651643016364
line465:max stage:0, min stage:4, max_value:23697.38480038776, min_value:22652.40427978393
fix|23686.68|46894.88| op = [398, 406, 212, 219, 223, 209]| tp = [1, 1, 1, 1, 1, 1, ] | dp = [2, 2, 1, 1, 1, 1, ] | algo = [0, 0, 0, 0, 0, 0, ] | rc = [106, 94, 44, 34, 32, 0] | gpus = [2, 2, 1, 1, 1, 1] | micro_bs = 8 | time = [23686, 23413, 22618, 22757, 22680, 23675] | memory = [46894, 46735, 45760, 46132, 34728, 38468]
cv:0.020036829448749526
line465:max stage:0, min stage:2, max_value:23686.684853614108, min_value:22618.96047783005
fix|23675.18|46842.88| op = [397, 406, 213, 219, 223, 209]| tp = [1, 1, 1, 1, 1, 1, ] | dp = [2, 2, 1, 1, 1, 1, ] | algo = [0, 0, 0, 0, 0, 0, ] | rc = [106, 94, 44, 34, 32, 0] | gpus = [2, 2, 1, 1, 1, 1] | micro_bs = 8 | time = [23671, 23380, 22649, 22757, 22680, 23675] | memory = [46842, 46603, 45840, 46132, 34728, 38468]
cv:0.019526580408567643
line465:max stage:5, min stage:2, max_value:23675.180598013427, min_value:22649.456264041186
fix|23671.43|46842.88| op = [397, 406, 214, 219, 223, 208]| tp = [1, 1, 1, 1, 1, 1, ] | dp = [2, 2, 1, 1, 1, 1, ] | algo = [0, 0, 0, 0, 0, 0, ] | rc = [106, 94, 44, 34, 32, 0] | gpus = [2, 2, 1, 1, 1, 1] | micro_bs = 8 | time = [23671, 23380, 22748, 22704, 22751, 23611] | memory = [46842, 46603, 46044, 46144, 34756, 38440]
cv:0.01812533495071109
line465:max stage:0, min stage:3, max_value:23671.430754071727, min_value:22704.959220156255
fix|23902.30|46603.22| op = [396, 406, 214, 220, 223, 208]| tp = [1, 1, 1, 1, 1, 1, ] | dp = [2, 2, 1, 1, 1, 1, ] | algo = [0, 0, 0, 0, 0, 0, ] | rc = [109, 96, 44, 34, 32, 0] | gpus = [2, 2, 1, 1, 1, 1] | micro_bs = 8 | time = [23902, 23662, 22673, 22773, 22755, 23615] | memory = [45834, 46603, 45841, 46204, 34756, 38440]
cv:0.02175148092593469
line465:max stage:0, min stage:2, max_value:23902.300289941282, min_value:22673.142361561775
fix|23848.38|46986.88| op = [395, 406, 215, 220, 223, 208]| tp = [1, 1, 1, 1, 1, 1, ] | dp = [2, 2, 1, 1, 1, 1, ] | algo = [0, 0, 0, 0, 0, 0, ] | rc = [102, 98, 44, 34, 32, 0] | gpus = [2, 2, 1, 1, 1, 1] | micro_bs = 8 | time = [23497, 23848, 22699, 22771, 22753, 23613] | memory = [46986, 46543, 46001, 46204, 34756, 38440]
cv:0.020168275721726518
line465:max stage:1, min stage:2, max_value:23848.37833698297, min_value:22699.615208169962
fix|23832.93|46986.88| op = [395, 405, 216, 220, 223, 208]| tp = [1, 1, 1, 1, 1, 1, ] | dp = [2, 2, 1, 1, 1, 1, ] | algo = [0, 0, 0, 0, 0, 0, ] | rc = [102, 98, 44, 34, 32, 0] | gpus = [2, 2, 1, 1, 1, 1] | micro_bs = 8 | time = [23497, 23832, 22723, 22771, 22753, 23613] | memory = [46986, 46499, 46069, 46204, 34756, 38440]
cv:0.019831163163571607
line465:max stage:1, min stage:2, max_value:23832.925110594973, min_value:22723.76335485205
fix|24006.67|46986.88| op = [395, 404, 217, 220, 223, 208]| tp = [1, 1, 1, 1, 1, 1, ] | dp = [2, 2, 1, 1, 1, 1, ] | algo = [0, 0, 0, 0, 0, 0, ] | rc = [102, 101, 46, 34, 32, 0] | gpus = [2, 2, 1, 1, 1, 1] | micro_bs = 8 | time = [23503, 24006, 23317, 22777, 22759, 23619] | memory = [46986, 46779, 46133, 46204, 34756, 38440]
cv:0.019188938400525355
line465:max stage:1, min stage:4, max_value:24006.669691922314, min_value:22759.730238791195
fix|23681.68|46986.88| op = [395, 403, 217, 220, 224, 208]| tp = [1, 1, 1, 1, 1, 1, ] | dp = [2, 2, 1, 1, 1, 1, ] | algo = [0, 0, 0, 0, 0, 0, ] | rc = [102, 96, 48, 34, 32, 0] | gpus = [2, 2, 1, 1, 1, 1] | micro_bs = 8 | time = [23504, 23681, 23669, 22785, 22788, 23620] | memory = [46986, 46459, 46068, 46132, 34836, 38440]
cv:0.01698477659691121
line465:max stage:1, min stage:3, max_value:23681.67921260421, min_value:22785.62441289936
fix|23923.01|46986.88| op = [395, 402, 217, 221, 224, 208]| tp = [1, 1, 1, 1, 1, 1, ] | dp = [2, 2, 1, 1, 1, 1, ] | algo = [0, 0, 0, 0, 0, 0, ] | rc = [102, 96, 49, 34, 32, 0] | gpus = [2, 2, 1, 1, 1, 1] | micro_bs = 8 | time = [23505, 23588, 23923, 22814, 22789, 23621] | memory = [46986, 46459, 45972, 46252, 34836, 38440]
cv:0.01815401693863969
line465:max stage:2, min stage:4, max_value:23923.010760494562, min_value:22789.548024749925
fix|23897.65|46986.88| op = [395, 402, 216, 221, 225, 208]| tp = [1, 1, 1, 1, 1, 1, ] | dp = [2, 2, 1, 1, 1, 1, ] | algo = [0, 0, 0, 0, 0, 0, ] | rc = [102, 96, 49, 34, 32, 0] | gpus = [2, 2, 1, 1, 1, 1] | micro_bs = 8 | time = [23506, 23589, 23897, 22876, 22877, 23622] | memory = [46986, 46459, 45892, 46396, 34980, 38440]
cv:0.016470006759534868
line465:max stage:2, min stage:3, max_value:23897.649682766893, min_value:22876.87214187284
fix|23856.67|46986.88| op = [395, 402, 215, 222, 225, 208]| tp = [1, 1, 1, 1, 1, 1, ] | dp = [2, 2, 1, 1, 1, 1, ] | algo = [0, 0, 0, 0, 0, 0, ] | rc = [102, 96, 49, 34, 32, 0] | gpus = [2, 2, 1, 1, 1, 1] | micro_bs = 8 | time = [23506, 23589, 23856, 22917, 22877, 23622] | memory = [46986, 46459, 45636, 46588, 34980, 38440]
cv:0.015710086115329137
line465:max stage:2, min stage:4, max_value:23856.670917536358, min_value:22877.786721313256
fix|23681.18|46986.88| op = [395, 402, 214, 222, 226, 208]| tp = [1, 1, 1, 1, 1, 1, ] | dp = [2, 2, 1, 1, 1, 1, ] | algo = [0, 0, 0, 0, 0, 0, ] | rc = [102, 96, 51, 34, 32, 0] | gpus = [2, 2, 1, 1, 1, 1] | micro_bs = 8 | time = [23505, 23588, 23681, 22906, 22917, 23621] | memory = [46986, 46459, 46900, 46460, 35108, 38440]
best|23671.43|46842.88| op = [397, 406, 214, 219, 223, 208]| tp = [1, 1, 1, 1, 1, 1, ] | dp = [2, 2, 1, 1, 1, 1, ] | algo = [0, 0, 0, 0, 0, 0, ] | rc = [106, 94, 44, 34, 32, 0] | gpus = [2, 2, 1, 1, 1, 1] | micro_bs = 8 | time = [23671, 23380, 22748, 22704, 22751, 23611] | memory = [46842, 46603, 46044, 46144, 34756, 38440]
line146:config.memory_list:[46842.878000000244, 46603.53000000023, 46044.5, 46144.375, 34756.75, 38440.203]
line147:config.time_list:[23671.430754071727, 23380.424771108414, 22748.47780982952, 22704.959220156255, 22751.332000156246, 23611.38204780176]
------------------------------------------------------------------------------------------------------
cegis_search for the 0th times
开始求解check...
line351:
tp_list[1, 1, 1, 1, 1, 1, 1, 1, 1, 1, 1, 1, 1, 1, 1, 1, 1, 1, 1, 1, 1, 1, 1, 1, 1, 1, 1, 1, 1, 1, 1, 1, 1, 1, 1, 1, 1, 1, 1, 1, 1, 1, 1, 1, 1, 1, 1, 1, 1, 1, 1, 1, 1, 1, 1, 1, 1, 1, 1, 1, 1, 1, 1, 1, 1, 1, 1, 1, 1, 1, 1, 1, 1, 1, 1, 1, 1, 1, 1, 1, 1, 1, 1, 1, 1, 1, 1, 1, 1, 1, 1, 1, 1, 1, 1, 1, 1, 1, 1, 1, 1, 1, 1, 1, 1, 1, 1, 1, 1, 1, 1, 1, 1, 1, 1, 1, 1, 1, 1, 1, 1, 1, 1, 1, 1, 1, 1, 1, 1, 1, 1, 1, 1, 1, 1, 1, 1, 1, 1, 1, 1, 1, 1, 1, 1, 1, 1, 1, 1, 1, 1, 1, 1, 1, 1, 1, 1, 1, 1, 1, 1, 1, 1, 1, 1, 1, 1, 1, 1, 1, 1, 1, 1, 1, 1, 1, 1, 1, 1, 1, 1, 1, 1, 1, 1, 1, 1, 1, 1, 1, 1, 1, 1, 1, 1, 1, 1, 1, 1, 1, 1, 1, 1, 1, 1, 1, 1, 1, 1, 1, 1, 1, 1, 1, 1, 1, 1, 1, 1, 1, 1, 1, 1, 1, 1, 1, 1, 1, 1, 1, 1, 1, 1, 1, 1, 1, 1, 1, 1, 1, 1, 1, 1, 1, 1, 1, 1, 1, 1, 1, 1, 1, 1, 1, 1, 1, 1, 1, 1, 1, 1, 1, 1, 1, 1, 1, 1, 1, 1, 1, 1, 1, 1, 1, 1, 1, 1, 1, 1, 1, 1, 1, 1, 1, 1, 1, 1, 1, 1, 1, 1, 1, 1, 1, 1, 1, 1, 1, 1, 1, 1, 1, 1, 1, 1, 1, 1, 1, 1, 1, 1, 1, 1, 1, 1, 1, 1, 1, 1, 1, 1, 1, 1, 1, 1, 1, 1, 1, 1, 1, 1, 1, 1, 1, 1, 1, 1, 1, 1, 1, 1, 1, 1, 1, 1, 1, 1, 1, 1, 1, 1, 1, 1, 1, 1, 1, 1, 1, 1, 1, 1, 1, 1, 1, 1, 1, 1, 1, 1, 1, 1, 1, 1, 1, 1, 1, 1, 1, 1, 1, 1, 1, 1, 1, 1, 1, 1, 1, 1, 1, 1, 1, 1, 1, 1, 1, 1, 1, 1, 1, 1, 1, 1, 1, 1, 1, 1, 1, 1, 1, 1, 1, 1, 1, 1, 1, 1, 1, 1, 1, 1, 1, 1, 1, 1, 1, 1, 1, 1, 1, 1, 1, 1, 1, 1, 1, 1, 1, 1, 1, 1, 1, 1, 1, 1, 1, 1, 1, 1, 1, 1, 1, 1, 1, 1, 1, 1, 1, 1, 1, 1, 1, 1, 1, 1, 1, 1, 1, 1, 1, 1, 1, 1, 1, 1, 1, 1, 1, 1, 1, 1, 1, 1, 1, 1, 1, 1, 1, 1, 1, 1, 1, 1, 1, 1, 1, 1, 1, 1, 1, 1, 1, 1, 1, 1, 1, 1, 1, 1, 1, 1, 1, 1, 1, 1, 1, 1, 1, 1, 1, 1, 1, 1, 1, 1, 1, 1, 1, 1, 1, 1, 1, 1, 1, 1, 1, 1, 1, 1, 1, 1, 1, 1, 1, 1, 1, 1, 1, 1, 1, 1, 1, 1, 1, 1, 1, 1, 1, 1, 1, 1, 1, 1, 1, 1, 1, 1, 1, 1, 1, 1, 1, 1, 1, 1, 1, 1, 1, 1, 1, 1, 1, 1, 1, 1, 1, 1, 1, 1, 1, 1, 1, 1, 1, 1, 1, 1, 1, 1, 1, 1, 1, 1, 1, 1, 1, 1, 1, 1, 1, 1, 1, 1, 1, 1, 1, 1, 1, 1, 1, 1, 1, 1, 1, 1, 1, 1, 1, 1, 1, 1, 1, 1, 1, 1, 1, 1, 1, 1, 1, 1, 1, 1, 1, 1, 1, 1, 1, 1, 1, 1, 1, 1, 1, 1, 1, 1, 1, 1, 1, 1, 1, 1, 1, 1, 1, 1, 1, 1, 1, 1, 1, 1, 1, 1, 1, 1, 1, 1, 1, 1, 1, 1, 1, 1, 1, 1, 1, 1, 1, 1, 1, 1, 1, 1, 1, 1, 1, 1, 1, 1, 1, 1, 1, 1, 1, 1, 1, 1, 1, 1, 1, 1, 1, 1, 1, 1, 1, 1, 1, 1, 1, 1, 1, 1, 1, 1, 1, 1, 1, 1, 1, 1, 1, 1, 1, 1, 1, 1, 1, 1, 1, 1, 1, 1, 1, 1, 1, 1, 1, 1, 1, 1, 1, 1, 1, 1, 1, 1, 1, 1, 1, 1, 1, 1, 1, 1, 1, 1, 1, 1, 1, 1, 1, 1, 1, 1, 1, 1, 1, 1, 1, 1, 1, 1, 1, 1, 1, 1, 1, 1, 1, 1, 1, 1, 1, 1, 1, 1, 1, 1, 1, 1, 1, 1, 1, 1, 1, 1, 1, 1, 1, 1, 1, 1, 1, 1, 1, 1, 1, 1, 1, 1, 1, 1, 1, 1, 1, 1, 1, 1, 1, 1, 1, 1, 1, 1, 1, 1, 1, 1, 1, 1, 1, 1, 1, 1, 1, 1, 1, 1, 1, 1, 1, 1, 1, 1, 1, 1, 1, 1, 1, 1, 1, 1, 1, 1, 1, 1, 1, 1, 1, 1, 1, 1, 1, 1, 1, 1, 1, 1, 1, 1, 1, 1, 1, 1, 1, 1, 1, 1, 1, 1, 1, 1, 1, 1, 1, 1, 1, 1, 1, 1, 1, 1, 1, 1, 1, 1, 1, 1, 1, 1, 1, 1, 1, 1, 1, 1, 1, 1, 1, 1, 1, 1, 1, 1, 1, 1, 1, 1, 1, 1, 1, 1, 1, 1, 1, 1, 1, 1, 1, 1, 1, 1, 1, 1, 1, 1, 1, 1, 1, 1, 1, 1, 1, 1, 1, 1, 1, 1, 1, 1, 1, 1, 1, 1, 1, 1, 1, 1, 1, 1, 1, 1, 1, 1, 1, 1, 1, 1, 1, 1, 1, 1, 1, 1, 1, 1, 1, 1, 1, 1, 1, 1, 1, 1, 1, 1, 1, 1, 1, 1, 1, 1, 1, 1, 1, 1, 1, 1, 1, 1, 1, 1, 1, 1, 1, 1, 1, 1, 1, 1, 1, 1, 1, 1, 1, 1, 1, 1, 1, 1, 1, 1, 1, 1, 1, 1, 1, 1, 1, 1, 1, 1, 1, 1, 1, 1, 1, 1, 1, 1, 1, 1, 1, 1, 1, 1, 1, 1, 1, 1, 1, 1, 1, 1, 1, 1, 1, 1, 1, 1, 1, 1, 1, 1, 1, 1, 1, 1, 1, 1, 1, 1, 1, 1, 1, 1, 1, 1, 1, 1, 1, 1, 1, 1, 1, 1, 1, 1, 1, 1, 1, 1, 1, 1, 1, 1, 1, 1, 1, 1, 1, 1, 1, 1, 1, 1, 1, 1, 1, 1, 1, 1, 1, 1, 1, 1, 1, 1, 1, 1, 1, 1, 1, 1, 1, 1, 1, 1, 1, 1, 1, 1, 1, 1, 1, 1, 1, 1, 1, 1, 1, 1, 1, 1, 1, 1, 1, 1, 1, 1, 1, 1, 1, 1, 1, 1, 1, 1, 1, 1, 1, 1, 1, 1, 1, 1, 1, 1, 1, 1, 1, 1, 1, 1, 1, 1, 1, 1, 1, 1, 1, 1, 1, 1, 1, 1, 1, 1, 1, 1, 1, 1, 1, 1, 1, 1, 1, 1, 1, 1, 1, 1, 1, 1, 1, 1, 1, 1, 1, 1, 1, 1, 1, 1, 1, 1, 1, 1, 1, 1, 1, 1, 1, 1, 1, 1, 1, 1, 1, 1, 1, 1, 1, 1, 1, 1, 1, 1, 1, 1, 1, 1, 1, 1, 1, 1, 1, 1, 1, 1, 1, 1, 1, 1, 1, 1, 1, 1, 1, 1, 1, 1, 1, 1, 1, 1, 1, 1, 1, 1, 1, 1, 1, 1, 1, 1, 1, 1, 1, 1, 1, 1, 1, 1, 1, 1, 1, 1, 1, 1, 1, 1, 1, 1, 1, 1, 1, 1, 1, 1, 1, 1, 1, 1, 1, 1, 1, 1, 1, 1, 1, 1, 1, 1, 1, 1, 1, 1, 1, 1, 1, 1, 1, 1, 1, 1, 1, 1, 1, 1, 1, 1, 1, 1, 1, 1, 1, 1, 1, 1, 1, 1, 1, 1, 1, 1, 1, 1, 1, 1, 1, 1, 1, 1, 1, 1, 1, 1, 1, 1, 1, 1, 1, 1, 1, 1, 1, 1, 1, 1, 1, 1, 1, 1, 1, 1, 1, 1, 1, 1, 1, 1, 1, 1, 1, 1, 1, 1, 1, 1, 1, 1, 1, 1, 1, 1, 1, 1, 1, 1, 1, 1, 1, 1, 1, 1, 1, 1, 1, 1, 1, 1, 1, 1, 1, 1, 1, 1, 1, 1, 1, 1, 1, 1, 1, 1, 1, 1, 1, 1, 1, 1, 1, 1, 1, 1, 1, 1, 1, 1, 1, 1, 1, 1, 1, 1, 1, 1, 1, 1, 1, 1, 1, 1, 1, 1, 1, 1, 1, 1, 1, 1, 1, 1, 1, 1, 1, 1, 1, 1, 1, 1, 1, 1, 1, 1, 1, 1, 1, 1, 1, 1, 1, 1, 1, 1, 1, 1, 1, 1, 1, 1, 1, 1, 1, 1, 1, 1, 1, 1, 1, 1, 1, 1, 1, 1, 1, 1, 1, 1, 1, 1, 1, 1, 1, 1, 1, 1, 1, 1, 1, 1, 1, 1, 1, 1, 1, 1, 1, 1, 1, 1, 1, 1, 1, 1, 1, 1, 1, 1, 1, 1, 1, 1, 1, 1, 1, 1, 1, 1, 1, 1, 1, 1, 1, 1, 1, 1, 1, 1, 1, 1, 1, 1, 1, 1, 1, 1, 1, 1, 1, 1, 1, 1, 1, 1, 1, 1, 1, 1, 1, 1, 1, 1, 1, 1, 1, 1, 1, 1, 1, 1, 1, 1, 1, 1, 1, 1, 1, 1, 1, 1, 1, 1, 1, 1, 1, 1, 1, 1, 1, 1, 1, 1, 1, 1, 1, 1, 1, 1, 1, 1, 1, 1, 1, 1, 1, 1, 1, 1, 1, 1, 1, 1, 1, 1, 1, 1, 1, 1, 1, 1, 1, 1, 1, 1, 1, 1, 1, 1, 1, 1, 1, 1]
dp_list[2, 2, 2, 2, 2, 2, 2, 2, 2, 2, 2, 2, 2, 2, 2, 2, 2, 2, 2, 2, 2, 2, 2, 2, 2, 2, 2, 2, 2, 2, 2, 2, 2, 2, 2, 2, 2, 2, 2, 2, 2, 2, 2, 2, 2, 2, 2, 2, 2, 2, 2, 2, 2, 2, 2, 2, 2, 2, 2, 2, 2, 2, 2, 2, 2, 2, 2, 2, 2, 2, 2, 2, 2, 2, 2, 2, 2, 2, 2, 2, 2, 2, 2, 2, 2, 2, 2, 2, 2, 2, 2, 2, 2, 2, 2, 2, 2, 2, 2, 2, 2, 2, 2, 2, 2, 2, 2, 2, 2, 2, 2, 2, 2, 2, 2, 2, 2, 2, 2, 2, 2, 2, 2, 2, 2, 2, 2, 2, 2, 2, 2, 2, 2, 2, 2, 2, 2, 2, 2, 2, 2, 2, 2, 2, 2, 2, 2, 2, 2, 2, 2, 2, 2, 2, 2, 2, 2, 2, 2, 2, 2, 2, 2, 2, 2, 2, 2, 2, 2, 2, 2, 2, 2, 2, 2, 2, 2, 2, 2, 2, 2, 2, 2, 2, 2, 2, 2, 2, 2, 2, 2, 2, 2, 2, 2, 2, 2, 2, 2, 2, 2, 2, 2, 2, 2, 2, 2, 2, 2, 2, 2, 2, 2, 2, 2, 2, 2, 2, 2, 2, 2, 2, 2, 2, 2, 2, 2, 2, 2, 2, 2, 2, 2, 2, 2, 2, 2, 2, 2, 2, 2, 2, 2, 2, 2, 2, 2, 2, 2, 2, 2, 2, 2, 2, 2, 2, 2, 2, 2, 2, 2, 2, 2, 2, 2, 2, 2, 2, 2, 2, 2, 2, 2, 2, 2, 2, 2, 2, 2, 2, 2, 2, 2, 2, 2, 2, 2, 2, 2, 2, 2, 2, 2, 2, 2, 2, 2, 2, 2, 2, 2, 2, 2, 2, 2, 2, 2, 2, 2, 2, 2, 2, 2, 2, 2, 2, 2, 2, 2, 2, 2, 2, 2, 2, 2, 2, 2, 2, 2, 2, 2, 2, 2, 2, 2, 2, 2, 2, 2, 2, 2, 2, 2, 2, 2, 2, 2, 2, 2, 2, 2, 2, 2, 2, 2, 2, 2, 2, 2, 2, 2, 2, 2, 2, 2, 2, 2, 2, 2, 2, 2, 2, 2, 2, 2, 2, 2, 2, 2, 2, 2, 2, 2, 2, 2, 2, 2, 2, 2, 2, 2, 2, 2, 2, 2, 2, 2, 2, 2, 2, 2, 2, 2, 2, 2, 2, 2, 2, 2, 2, 2, 2, 2, 2, 2, 2, 2, 2, 2, 2, 2, 2, 2, 2, 2, 2, 2, 2, 2, 2, 2, 2, 2, 2, 2, 2, 2, 2, 2, 2, 2, 2, 2, 2, 2, 2, 2, 2, 2, 2, 2, 2, 2, 2, 2, 2, 2, 2, 2, 2, 2, 2, 2, 2, 2, 2, 2, 2, 2, 2, 2, 2, 2, 2, 2, 2, 2, 2, 2, 2, 2, 2, 2, 2, 2, 2, 2, 2, 2, 2, 2, 2, 2, 2, 2, 2, 2, 2, 2, 2, 2, 2, 2, 2, 2, 2, 2, 2, 2, 2, 2, 2, 2, 2, 2, 2, 2, 2, 2, 2, 2, 2, 2, 2, 2, 2, 2, 2, 2, 2, 2, 2, 2, 2, 2, 2, 2, 2, 2, 2, 2, 2, 2, 2, 2, 2, 2, 2, 2, 2, 2, 2, 2, 2, 2, 2, 2, 2, 2, 2, 2, 2, 2, 2, 2, 2, 2, 2, 2, 2, 2, 2, 2, 2, 2, 2, 2, 2, 2, 2, 2, 2, 2, 2, 2, 2, 2, 2, 2, 2, 2, 2, 2, 2, 2, 2, 2, 2, 2, 2, 2, 2, 2, 2, 2, 2, 2, 2, 2, 2, 2, 2, 2, 2, 2, 2, 2, 2, 2, 2, 2, 2, 2, 2, 2, 2, 2, 2, 2, 2, 2, 2, 2, 2, 2, 2, 2, 2, 2, 2, 2, 2, 2, 2, 2, 2, 2, 2, 2, 2, 2, 2, 2, 2, 2, 2, 2, 2, 2, 2, 2, 2, 2, 2, 2, 2, 2, 2, 2, 2, 2, 2, 2, 2, 2, 2, 2, 2, 2, 2, 2, 2, 2, 2, 2, 2, 2, 2, 2, 2, 2, 2, 2, 2, 2, 2, 2, 2, 2, 2, 2, 2, 2, 2, 2, 2, 2, 2, 2, 2, 2, 2, 2, 2, 2, 2, 2, 2, 2, 2, 2, 2, 2, 2, 2, 2, 2, 2, 2, 2, 2, 2, 2, 2, 2, 2, 2, 2, 2, 2, 2, 2, 2, 2, 2, 2, 2, 2, 2, 2, 2, 2, 2, 2, 2, 2, 2, 2, 2, 2, 2, 2, 2, 2, 2, 2, 2, 2, 2, 2, 2, 2, 2, 2, 2, 2, 2, 2, 2, 2, 2, 2, 2, 2, 2, 2, 2, 2, 2, 2, 2, 2, 2, 2, 2, 2, 2, 2, 2, 2, 2, 2, 1, 1, 1, 1, 1, 1, 1, 1, 1, 1, 1, 1, 1, 1, 1, 1, 1, 1, 1, 1, 1, 1, 1, 1, 1, 1, 1, 1, 1, 1, 1, 1, 1, 1, 1, 1, 1, 1, 1, 1, 1, 1, 1, 1, 1, 1, 1, 1, 1, 1, 1, 1, 1, 1, 1, 1, 1, 1, 1, 1, 1, 1, 1, 1, 1, 1, 1, 1, 1, 1, 1, 1, 1, 1, 1, 1, 1, 1, 1, 1, 1, 1, 1, 1, 1, 1, 1, 1, 1, 1, 1, 1, 1, 1, 1, 1, 1, 1, 1, 1, 1, 1, 1, 1, 1, 1, 1, 1, 1, 1, 1, 1, 1, 1, 1, 1, 1, 1, 1, 1, 1, 1, 1, 1, 1, 1, 1, 1, 1, 1, 1, 1, 1, 1, 1, 1, 1, 1, 1, 1, 1, 1, 1, 1, 1, 1, 1, 1, 1, 1, 1, 1, 1, 1, 1, 1, 1, 1, 1, 1, 1, 1, 1, 1, 1, 1, 1, 1, 1, 1, 1, 1, 1, 1, 1, 1, 1, 1, 1, 1, 1, 1, 1, 1, 1, 1, 1, 1, 1, 1, 1, 1, 1, 1, 1, 1, 1, 1, 1, 1, 1, 1, 1, 1, 1, 1, 1, 1, 1, 1, 1, 1, 1, 1, 1, 1, 1, 1, 1, 1, 1, 1, 1, 1, 1, 1, 1, 1, 1, 1, 1, 1, 1, 1, 1, 1, 1, 1, 1, 1, 1, 1, 1, 1, 1, 1, 1, 1, 1, 1, 1, 1, 1, 1, 1, 1, 1, 1, 1, 1, 1, 1, 1, 1, 1, 1, 1, 1, 1, 1, 1, 1, 1, 1, 1, 1, 1, 1, 1, 1, 1, 1, 1, 1, 1, 1, 1, 1, 1, 1, 1, 1, 1, 1, 1, 1, 1, 1, 1, 1, 1, 1, 1, 1, 1, 1, 1, 1, 1, 1, 1, 1, 1, 1, 1, 1, 1, 1, 1, 1, 1, 1, 1, 1, 1, 1, 1, 1, 1, 1, 1, 1, 1, 1, 1, 1, 1, 1, 1, 1, 1, 1, 1, 1, 1, 1, 1, 1, 1, 1, 1, 1, 1, 1, 1, 1, 1, 1, 1, 1, 1, 1, 1, 1, 1, 1, 1, 1, 1, 1, 1, 1, 1, 1, 1, 1, 1, 1, 1, 1, 1, 1, 1, 1, 1, 1, 1, 1, 1, 1, 1, 1, 1, 1, 1, 1, 1, 1, 1, 1, 1, 1, 1, 1, 1, 1, 1, 1, 1, 1, 1, 1, 1, 1, 1, 1, 1, 1, 1, 1, 1, 1, 1, 1, 1, 1, 1, 1, 1, 1, 1, 1, 1, 1, 1, 1, 1, 1, 1, 1, 1, 1, 1, 1, 1, 1, 1, 1, 1, 1, 1, 1, 1, 1, 1, 1, 1, 1, 1, 1, 1, 1, 1, 1, 1, 1, 1, 1, 1, 1, 1, 1, 1, 1, 1, 1, 1, 1, 1, 1, 1, 1, 1, 1, 1, 1, 1, 1, 1, 1, 1, 1, 1, 1, 1, 1, 1, 1, 1, 1, 1, 1, 1, 1, 1, 1, 1, 1, 1, 1, 1, 1, 1, 1, 1, 1, 1, 1, 1, 1, 1, 1, 1, 1, 1, 1, 1, 1, 1, 1, 1, 1, 1, 1, 1, 1, 1, 1, 1, 1, 1, 1, 1, 1, 1, 1, 1, 1, 1, 1, 1, 1, 1, 1, 1, 1, 1, 1, 1, 1, 1, 1, 1, 1, 1, 1, 1, 1, 1, 1, 1, 1, 1, 1, 1, 1, 1, 1, 1, 1, 1, 1, 1, 1, 1, 1, 1, 1, 1, 1, 1, 1, 1, 1, 1, 1, 1, 1, 1, 1, 1, 1, 1, 1, 1, 1, 1, 1, 1, 1, 1, 1, 1, 1, 1, 1, 1, 1, 1, 1, 1, 1, 1, 1, 1, 1, 1, 1, 1, 1, 1, 1, 1, 1, 1, 1, 1, 1, 1, 1, 1, 1, 1, 1, 1, 1, 1, 1, 1, 1, 1, 1, 1, 1, 1, 1, 1, 1, 1, 1, 1, 1, 1, 1, 1, 1, 1, 1, 1, 1, 1, 1, 1, 1, 1, 1, 1, 1, 1, 1, 1, 1, 1, 1, 1, 1, 1, 1, 1, 1, 1, 1, 1, 1, 1, 1, 1, 1, 1, 1, 1, 1, 1, 1, 1, 1, 1, 1, 1, 1, 1, 1, 1, 1, 1, 1, 1, 1, 1, 1, 1, 1, 1, 1, 1, 1, 1, 1, 1, 1, 1, 1, 1, 1, 1, 1, 1, 1, 1, 1, 1, 1, 1, 1, 1, 1, 1, 1, 1, 1, 1, 1, 1, 1, 1, 1, 1, 1, 1, 1, 1, 1, 1, 1, 1, 1, 1, 1, 1, 1, 1, 1, 1, 1, 1, 1, 1, 1, 1, 1, 1, 1, 1, 1, 1, 1, 1, 1, 1, 1, 1, 1, 1, 1, 1, 1, 1, 1, 1, 1, 1, 1, 1, 1, 1, 1, 1, 1, 1, 1, 1, 1, 1, 1, 1, 1, 1, 1, 1, 1, 1, 1, 1, 1, 1, 1, 1, 1, 1, 1, 1, 1, 1, 1, 1, 1, 1, 1, 1, 1, 1, 1, 1, 1, 1, 1, 1, 1, 1, 1, 1, 1, 1, 1, 1, 1, 1, 1, 1, 1, 1, 1, 1, 1, 1]
algo_list[0, 0, 0, 0, 0, 0, 0, 0, 0, 0, 0, 0, 0, 0, 0, 0, 0, 0, 0, 0, 0, 0, 0, 0, 0, 0, 0, 0, 0, 0, 0, 0, 0, 0, 0, 0, 0, 0, 0, 0, 0, 0, 0, 0, 0, 0, 0, 0, 0, 0, 0, 0, 0, 0, 0, 0, 0, 0, 0, 0, 0, 0, 0, 0, 0, 0, 0, 0, 0, 0, 0, 0, 0, 0, 0, 0, 0, 0, 0, 0, 0, 0, 0, 0, 0, 0, 0, 0, 0, 0, 0, 0, 0, 0, 0, 0, 0, 0, 0, 0, 0, 0, 0, 0, 0, 0, 0, 0, 0, 0, 0, 0, 0, 0, 0, 0, 0, 0, 0, 0, 0, 0, 0, 0, 0, 0, 0, 0, 0, 0, 0, 0, 0, 0, 0, 0, 0, 0, 0, 0, 0, 0, 0, 0, 0, 0, 0, 0, 0, 0, 0, 0, 0, 0, 0, 0, 0, 0, 0, 0, 0, 0, 0, 0, 0, 0, 0, 0, 0, 0, 0, 0, 0, 0, 0, 0, 0, 0, 0, 0, 0, 0, 0, 0, 0, 0, 0, 0, 0, 0, 0, 0, 0, 0, 0, 0, 0, 0, 0, 0, 0, 0, 0, 0, 0, 0, 0, 0, 0, 0, 0, 0, 0, 0, 0, 0, 0, 0, 0, 0, 0, 0, 0, 0, 0, 0, 0, 0, 0, 0, 0, 0, 0, 0, 0, 0, 0, 0, 0, 0, 0, 0, 0, 0, 0, 0, 0, 0, 0, 0, 0, 0, 0, 0, 0, 0, 0, 0, 0, 0, 0, 0, 0, 0, 0, 0, 0, 0, 0, 0, 0, 0, 0, 0, 0, 0, 0, 0, 0, 0, 0, 0, 0, 0, 0, 0, 0, 0, 0, 0, 0, 0, 0, 0, 0, 0, 0, 0, 0, 0, 0, 0, 0, 0, 0, 0, 0, 0, 0, 0, 0, 0, 0, 0, 0, 0, 0, 0, 0, 0, 0, 0, 0, 0, 0, 0, 0, 0, 0, 0, 0, 0, 0, 0, 0, 0, 0, 0, 0, 0, 0, 0, 0, 0, 0, 0, 0, 0, 0, 0, 0, 0, 0, 0, 0, 0, 0, 0, 0, 0, 0, 0, 0, 0, 0, 0, 0, 0, 0, 0, 0, 0, 0, 0, 0, 0, 0, 0, 0, 0, 0, 0, 0, 0, 0, 0, 0, 0, 0, 0, 0, 0, 0, 0, 0, 0, 0, 0, 0, 0, 0, 0, 0, 0, 0, 0, 0, 0, 0, 0, 0, 0, 0, 0, 0, 0, 0, 0, 0, 0, 0, 0, 0, 0, 0, 0, 0, 0, 0, 0, 0, 0, 0, 0, 0, 0, 0, 0, 0, 0, 0, 0, 0, 0, 0, 0, 0, 0, 0, 0, 0, 0, 0, 0, 0, 0, 0, 0, 0, 0, 0, 0, 0, 0, 0, 0, 0, 0, 0, 0, 0, 0, 0, 0, 0, 0, 0, 0, 0, 0, 0, 0, 0, 0, 0, 0, 0, 0, 0, 0, 0, 0, 0, 0, 0, 0, 0, 0, 0, 0, 0, 0, 0, 0, 0, 0, 0, 0, 0, 0, 0, 0, 0, 0, 0, 0, 0, 0, 0, 0, 0, 0, 0, 0, 0, 0, 0, 0, 0, 0, 0, 0, 0, 0, 0, 0, 0, 0, 0, 0, 0, 0, 0, 0, 0, 0, 0, 0, 0, 0, 0, 0, 0, 0, 0, 0, 0, 0, 0, 0, 0, 0, 0, 0, 0, 0, 0, 0, 0, 0, 0, 0, 0, 0, 0, 0, 0, 0, 0, 0, 0, 0, 0, 0, 0, 0, 0, 0, 0, 0, 0, 0, 0, 0, 0, 0, 0, 0, 0, 0, 0, 0, 0, 0, 0, 0, 0, 0, 0, 0, 0, 0, 0, 0, 0, 0, 0, 0, 0, 0, 0, 0, 0, 0, 0, 0, 0, 0, 0, 0, 0, 0, 0, 0, 0, 0, 0, 0, 0, 0, 0, 0, 0, 0, 0, 0, 0, 0, 0, 0, 0, 0, 0, 0, 0, 0, 0, 0, 0, 0, 0, 0, 0, 0, 0, 0, 0, 0, 0, 0, 0, 0, 0, 0, 0, 0, 0, 0, 0, 0, 0, 0, 0, 0, 0, 0, 0, 0, 0, 0, 0, 0, 0, 0, 0, 0, 0, 0, 0, 0, 0, 0, 0, 0, 0, 0, 0, 0, 0, 0, 0, 0, 0, 0, 0, 0, 0, 0, 0, 0, 0, 0, 0, 0, 0, 0, 0, 0, 0, 0, 0, 0, 0, 0, 0, 0, 0, 0, 0, 0, 0, 0, 0, 0, 0, 0, 0, 0, 0, 0, 0, 0, 0, 0, 0, 0, 0, 0, 0, 0, 0, 0, 0, 0, 0, 0, 0, 0, 0, 0, 0, 0, 0, 0, 0, 0, 0, 0, 0, 0, 0, 0, 0, 0, 0, 0, 0, 0, 0, 0, 0, 0, 0, 0, 0, 0, 0, 0, 0, 0, 0, 0, 0, 0, 0, 0, 0, 0, 0, 0, 0, 0, 0, 0, 0, 0, 0, 0, 0, 0, 0, 0, 0, 0, 0, 0, 0, 0, 0, 0, 0, 0, 0, 0, 0, 0, 0, 0, 0, 0, 0, 0, 0, 0, 0, 0, 0, 0, 0, 0, 0, 0, 0, 0, 0, 0, 0, 0, 0, 0, 0, 0, 0, 0, 0, 0, 0, 0, 0, 0, 0, 0, 0, 0, 0, 0, 0, 0, 0, 0, 0, 0, 0, 0, 0, 0, 0, 0, 0, 0, 0, 0, 0, 0, 0, 0, 0, 0, 0, 0, 0, 0, 0, 0, 0, 0, 0, 0, 0, 0, 0, 0, 0, 0, 0, 0, 0, 0, 0, 0, 0, 0, 0, 0, 0, 0, 0, 0, 0, 0, 0, 0, 0, 0, 0, 0, 0, 0, 0, 0, 0, 0, 0, 0, 0, 0, 0, 0, 0, 0, 0, 0, 0, 0, 0, 0, 0, 0, 0, 0, 0, 0, 0, 0, 0, 0, 0, 0, 0, 0, 0, 0, 0, 0, 0, 0, 0, 0, 0, 0, 0, 0, 0, 0, 0, 0, 0, 0, 0, 0, 0, 0, 0, 0, 0, 0, 0, 0, 0, 0, 0, 0, 0, 0, 0, 0, 0, 0, 0, 0, 0, 0, 0, 0, 0, 0, 0, 0, 0, 0, 0, 0, 0, 0, 0, 0, 0, 0, 0, 0, 0, 0, 0, 0, 0, 0, 0, 0, 0, 0, 0, 0, 0, 0, 0, 0, 0, 0, 0, 0, 0, 0, 0, 0, 0, 0, 0, 0, 0, 0, 0, 0, 0, 0, 0, 0, 0, 0, 0, 0, 0, 0, 0, 0, 0, 0, 0, 0, 0, 0, 0, 0, 0, 0, 0, 0, 0, 0, 0, 0, 0, 0, 0, 0, 0, 0, 0, 0, 0, 0, 0, 0, 0, 0, 0, 0, 0, 0, 0, 0, 0, 0, 0, 0, 0, 0, 0, 0, 0, 0, 0, 0, 0, 0, 0, 0, 0, 0, 0, 0, 0, 0, 0, 0, 0, 0, 0, 0, 0, 0, 0, 0, 0, 0, 0, 0, 0, 0, 0, 0, 0, 0, 0, 0, 0, 0, 0, 0, 0, 0, 0, 0, 0, 0, 0, 0, 0, 0, 0, 0, 0, 0, 0, 0, 0, 0, 0, 0, 0, 0, 0, 0, 0, 0, 0, 0, 0, 0, 0, 0, 0, 0, 0, 0, 0, 0, 0, 0, 0, 0, 0, 0, 0, 0, 0, 0, 0, 0, 0, 0, 0, 0, 0, 0, 0, 0, 0, 0, 0, 0, 0, 0, 0, 0, 0, 0, 0, 0, 0, 0, 0, 0, 0, 0, 0, 0, 0, 0, 0, 0, 0, 0, 0, 0, 0, 0, 0, 0, 0, 0, 0, 0, 0, 0, 0, 0, 0, 0, 0, 0, 0, 0, 0, 0, 0, 0, 0, 0, 0, 0, 0, 0, 0, 0, 0, 0, 0, 0, 0, 0, 0, 0, 0, 0, 0, 0, 0, 0, 0, 0, 0, 0, 0, 0, 0, 0, 0, 0, 0, 0, 0, 0, 0, 0, 0, 0, 0, 0, 0, 0, 0, 0, 0, 0, 0, 0, 0, 0, 0, 0, 0, 0, 0, 0, 0, 0, 0, 0, 0, 0, 0, 0, 0, 0, 0, 0, 0, 0, 0, 0, 0, 0, 0, 0, 0, 0, 0, 0, 0, 0, 0, 0, 0, 0, 0, 0, 0, 0, 0, 0, 0, 0, 0, 0, 0, 0, 0, 0, 0, 0, 0, 0, 0, 0, 0, 0, 0, 0, 0, 0, 0, 0, 0, 0, 0, 0, 0, 0, 0, 0, 0, 0, 0, 0, 0, 0, 0, 0, 0, 0, 0, 0, 0, 0, 0, 0, 0, 0, 0, 0, 0, 0, 0, 0, 0, 0, 0, 0, 0, 0, 0, 0, 0, 0, 0, 0, 0, 0, 0, 0, 0, 0, 0, 0, 0, 0, 0, 0, 0, 0, 0, 0, 0, 0, 0, 0, 0, 0, 0, 0, 0, 0, 0, 0, 0, 0, 0, 0, 0, 0, 0, 0, 0, 0, 0, 0, 0, 0, 0, 0, 0, 0, 0, 0, 0, 0, 0, 0, 0, 0, 0, 0, 0, 0, 0, 0, 0, 0, 0, 0, 0, 0, 0, 0, 0, 0, 0, 0, 0, 0, 0, 0, 0, 0, 0, 0, 0, 0, 0, 0, 0, 0, 0, 0, 0, 0, 0, 0, 0, 0, 0, 0, 0, 0, 0, 0, 0, 0, 0, 0, 0, 0, 0, 0, 0, 0, 0, 0, 0, 0, 0, 0, 0, 0, 0, 0, 0, 0, 0, 0, 0, 0, 0, 0, 0, 0, 0, 0, 0, 0, 0, 0, 0, 0, 0, 0, 0, 0, 0, 0, 0, 0, 0, 0, 0, 0, 0, 0, 0, 0, 0, 0, 0, 0, 0, 0, 0, 0, 0, 0, 0, 0, 0, 0, 0, 0, 0, 0, 0, 0, 0, 0, 0, 0, 0, 0, 0, 0, 0, 0, 0, 0, 0, 0, 0, 0, 0, 0, 0, 0, 0, 0, 0, 0, 0, 0, 0, 0, 0, 0, 0, 0, 0, 0, 0, 0, 0, 0, 0, 0, 0, 0, 0, 0, 0, 0, 0, 0, 0, 0, 0, 0, 0, 0, 0, 0, 0, 0, 0, 0, 0, 0, 0, 0, 0, 0, 0]

decode|23902.30|46603.22| op = [396, 406, 214, 220, 223, 208]| tp = [1, 1, 1, 1, 1, 1, ] | dp = [2, 2, 1, 1, 1, 1, ] | algo = [0, 0, 0, 0, 0, 0, ] | rc = [109, 96, 44, 34, 32, 0] | gpus = [2, 2, 1, 1, 1, 1] | micro_bs = 8 | time = [23902, 23662, 22673, 22773, 22755, 23615] | memory = [45834, 46603, 45841, 46204, 34756, 38440]
验证解
line465:max stage:0, min stage:2, max_value:23902.300289941282, min_value:22673.142361561775
fix|23848.38|46986.88| op = [395, 406, 215, 220, 223, 208]| tp = [1, 1, 1, 1, 1, 1, ] | dp = [2, 2, 1, 1, 1, 1, ] | algo = [0, 0, 0, 0, 0, 0, ] | rc = [102, 98, 44, 34, 32, 0] | gpus = [2, 2, 1, 1, 1, 1] | micro_bs = 8 | time = [23497, 23848, 22699, 22771, 22753, 23613] | memory = [46986, 46543, 46001, 46204, 34756, 38440]
cv:0.020168275721726518
line465:max stage:1, min stage:2, max_value:23848.37833698297, min_value:22699.615208169962
fix|23832.93|46986.88| op = [395, 405, 216, 220, 223, 208]| tp = [1, 1, 1, 1, 1, 1, ] | dp = [2, 2, 1, 1, 1, 1, ] | algo = [0, 0, 0, 0, 0, 0, ] | rc = [102, 98, 44, 34, 32, 0] | gpus = [2, 2, 1, 1, 1, 1] | micro_bs = 8 | time = [23497, 23832, 22723, 22771, 22753, 23613] | memory = [46986, 46499, 46069, 46204, 34756, 38440]
cv:0.019831163163571607
line465:max stage:1, min stage:2, max_value:23832.925110594973, min_value:22723.76335485205
fix|24006.67|46986.88| op = [395, 404, 217, 220, 223, 208]| tp = [1, 1, 1, 1, 1, 1, ] | dp = [2, 2, 1, 1, 1, 1, ] | algo = [0, 0, 0, 0, 0, 0, ] | rc = [102, 101, 46, 34, 32, 0] | gpus = [2, 2, 1, 1, 1, 1] | micro_bs = 8 | time = [23503, 24006, 23317, 22777, 22759, 23619] | memory = [46986, 46779, 46133, 46204, 34756, 38440]
cv:0.019188938400525355
line465:max stage:1, min stage:4, max_value:24006.669691922314, min_value:22759.730238791195
fix|23681.68|46986.88| op = [395, 403, 217, 220, 224, 208]| tp = [1, 1, 1, 1, 1, 1, ] | dp = [2, 2, 1, 1, 1, 1, ] | algo = [0, 0, 0, 0, 0, 0, ] | rc = [102, 96, 48, 34, 32, 0] | gpus = [2, 2, 1, 1, 1, 1] | micro_bs = 8 | time = [23504, 23681, 23669, 22785, 22788, 23620] | memory = [46986, 46459, 46068, 46132, 34836, 38440]
cv:0.01698477659691121
line465:max stage:1, min stage:3, max_value:23681.67921260421, min_value:22785.62441289936
fix|23923.01|46986.88| op = [395, 402, 217, 221, 224, 208]| tp = [1, 1, 1, 1, 1, 1, ] | dp = [2, 2, 1, 1, 1, 1, ] | algo = [0, 0, 0, 0, 0, 0, ] | rc = [102, 96, 49, 34, 32, 0] | gpus = [2, 2, 1, 1, 1, 1] | micro_bs = 8 | time = [23505, 23588, 23923, 22814, 22789, 23621] | memory = [46986, 46459, 45972, 46252, 34836, 38440]
cv:0.01815401693863969
line465:max stage:2, min stage:4, max_value:23923.010760494562, min_value:22789.548024749925
fix|23897.65|46986.88| op = [395, 402, 216, 221, 225, 208]| tp = [1, 1, 1, 1, 1, 1, ] | dp = [2, 2, 1, 1, 1, 1, ] | algo = [0, 0, 0, 0, 0, 0, ] | rc = [102, 96, 49, 34, 32, 0] | gpus = [2, 2, 1, 1, 1, 1] | micro_bs = 8 | time = [23506, 23589, 23897, 22876, 22877, 23622] | memory = [46986, 46459, 45892, 46396, 34980, 38440]
cv:0.016470006759534868
line465:max stage:2, min stage:3, max_value:23897.649682766893, min_value:22876.87214187284
fix|23856.67|46986.88| op = [395, 402, 215, 222, 225, 208]| tp = [1, 1, 1, 1, 1, 1, ] | dp = [2, 2, 1, 1, 1, 1, ] | algo = [0, 0, 0, 0, 0, 0, ] | rc = [102, 96, 49, 34, 32, 0] | gpus = [2, 2, 1, 1, 1, 1] | micro_bs = 8 | time = [23506, 23589, 23856, 22917, 22877, 23622] | memory = [46986, 46459, 45636, 46588, 34980, 38440]
cv:0.015710086115329137
line465:max stage:2, min stage:4, max_value:23856.670917536358, min_value:22877.786721313256
fix|23681.18|46986.88| op = [395, 402, 214, 222, 226, 208]| tp = [1, 1, 1, 1, 1, 1, ] | dp = [2, 2, 1, 1, 1, 1, ] | algo = [0, 0, 0, 0, 0, 0, ] | rc = [102, 96, 51, 34, 32, 0] | gpus = [2, 2, 1, 1, 1, 1] | micro_bs = 8 | time = [23505, 23588, 23681, 22906, 22917, 23621] | memory = [46986, 46459, 46900, 46460, 35108, 38440]
best|23681.18|46986.88| op = [395, 402, 214, 222, 226, 208]| tp = [1, 1, 1, 1, 1, 1, ] | dp = [2, 2, 1, 1, 1, 1, ] | algo = [0, 0, 0, 0, 0, 0, ] | rc = [102, 96, 51, 34, 32, 0] | gpus = [2, 2, 1, 1, 1, 1] | micro_bs = 8 | time = [23505, 23588, 23681, 22906, 22917, 23621] | memory = [46986, 46459, 46900, 46460, 35108, 38440]
line146:config.memory_list:[46986.878000000244, 46459.22000000022, 46900.5, 46460.75, 35108.758, 38440.203]
line147:config.time_list:[23505.510368313888, 23588.546087440052, 23681.183265726853, 22906.390011311254, 22917.640630685808, 23621.55360695445]
求解成功
config has been saved to /home/liminglong.lml/sxz/SuperScaler/logs-large/aceso/configs/scale-layer/128layers/scale-layer_128layers_6stages_2026-5-15-12-58-1.json

========== Best Result (num_stages = 6) ==========
|23681.18|46986.88| op = [395, 402, 214, 222, 226, 208]| tp = [1, 1, 1, 1, 1, 1, ] | dp = [2, 2, 1, 1, 1, 1, ] | algo = [0, 0, 0, 0, 0, 0, ] | rc = [102, 96, 51, 34, 32, 0] | gpus = [2, 2, 1, 1, 1, 1] | micro_bs = 8 | time = [23505, 23588, 23681, 22906, 22917, 23621] | memory = [46986, 46459, 46900, 46460, 35108, 38440]
start|24635.12|46975.99| op = [417, 417, 208, 208, 208, 209]| tp = [1, 1, 1, 1, 1, 1, ] | dp = [2, 2, 1, 1, 1, 1, ] | algo = [0, 0, 0, 0, 0, 0, ] | rc = [112, 100, 44, 32, 26, 0] | gpus = [2, 2, 1, 1, 1, 1] | micro_bs = 8 | time = [24635, 24168, 22314, 21517, 21003, 23663] | memory = [46975, 45988, 46864, 43756, 37576, 38468]
fix|24623.93|46903.99| op = [416, 417, 208, 208, 209, 209]| tp = [1, 1, 1, 1, 1, 1, ] | dp = [2, 2, 1, 1, 1, 1, ] | algo = [0, 0, 0, 0, 0, 0, ] | rc = [112, 100, 44, 32, 26, 0] | gpus = [2, 2, 1, 1, 1, 1] | micro_bs = 8 | time = [24623, 24166, 22298, 21500, 21022, 23663] | memory = [46903, 46047, 46800, 43708, 37576, 38468]
fix|24609.17|46864.00| op = [415, 417, 208, 208, 210, 209]| tp = [1, 1, 1, 1, 1, 1, ] | dp = [2, 2, 1, 1, 1, 1, ] | algo = [0, 0, 0, 0, 0, 0, ] | rc = [112, 100, 44, 32, 26, 0] | gpus = [2, 2, 1, 1, 1, 1] | micro_bs = 8 | time = [24609, 24206, 22314, 21517, 21051, 23664] | memory = [46839, 46163, 46864, 43756, 37656, 38468]
fix|24570.20|46839.99| op = [414, 417, 208, 208, 211, 209]| tp = [1, 1, 1, 1, 1, 1, ] | dp = [2, 2, 1, 1, 1, 1, ] | algo = [0, 0, 0, 0, 0, 0, ] | rc = [110, 100, 46, 32, 26, 0] | gpus = [2, 2, 1, 1, 1, 1] | micro_bs = 8 | time = [24570, 24214, 22412, 21580, 21140, 23665] | memory = [46839, 46267, 46800, 43900, 37800, 38468]
fix|24520.74|46800.02| op = [413, 417, 208, 208, 212, 209]| tp = [1, 1, 1, 1, 1, 1, ] | dp = [2, 2, 1, 1, 1, 1, ] | algo = [0, 0, 0, 0, 0, 0, ] | rc = [110, 100, 46, 32, 26, 0] | gpus = [2, 2, 1, 1, 1, 1] | micro_bs = 8 | time = [24520, 24207, 22407, 21579, 21181, 23665] | memory = [46631, 46163, 46800, 43900, 37928, 38468]
fix|24500.55|46864.00| op = [412, 417, 208, 208, 213, 209]| tp = [1, 1, 1, 1, 1, 1, ] | dp = [2, 2, 1, 1, 1, 1, ] | algo = [0, 0, 0, 0, 0, 0, ] | rc = [110, 100, 44, 32, 26, 0] | gpus = [2, 2, 1, 1, 1, 1] | micro_bs = 8 | time = [24500, 24169, 22315, 21517, 21210, 23664] | memory = [46583, 45988, 46864, 43756, 37976, 38468]
fix|24489.59|46800.00| op = [411, 417, 208, 208, 214, 209]| tp = [1, 1, 1, 1, 1, 1, ] | dp = [2, 2, 1, 1, 1, 1, ] | algo = [0, 0, 0, 0, 0, 0, ] | rc = [110, 100, 44, 32, 26, 0] | gpus = [2, 2, 1, 1, 1, 1] | micro_bs = 8 | time = [24489, 24167, 22298, 21501, 21229, 23664] | memory = [46511, 46047, 46800, 43708, 37976, 38468]
fix|24474.46|46864.00| op = [410, 417, 208, 208, 215, 209]| tp = [1, 1, 1, 1, 1, 1, ] | dp = [2, 2, 1, 1, 1, 1, ] | algo = [0, 0, 0, 0, 0, 0, ] | rc = [110, 100, 44, 32, 26, 0] | gpus = [2, 2, 1, 1, 1, 1] | micro_bs = 8 | time = [24474, 24172, 22315, 21517, 21257, 23664] | memory = [46459, 46031, 46864, 43756, 38056, 38468]
fix|24645.99|46864.00| op = [409, 417, 208, 208, 216, 209]| tp = [1, 1, 1, 1, 1, 1, ] | dp = [2, 2, 1, 1, 1, 1, ] | algo = [0, 0, 0, 0, 0, 0, ] | rc = [113, 102, 44, 32, 26, 0] | gpus = [2, 2, 1, 1, 1, 1] | micro_bs = 8 | time = [24645, 24457, 22319, 21521, 21285, 23668] | memory = [46795, 46027, 46864, 43756, 38092, 38468]
fix|24842.88|46411.62| op = [408, 417, 208, 208, 217, 209]| tp = [1, 1, 1, 1, 1, 1, ] | dp = [2, 2, 1, 1, 1, 1, ] | algo = [0, 0, 0, 0, 0, 0, ] | rc = [108, 107, 49, 35, 28, 0] | gpus = [2, 2, 1, 1, 1, 1] | micro_bs = 8 | time = [24339, 24842, 23384, 22316, 21911, 23687] | memory = [46411, 46307, 45584, 46188, 36844, 38468]
fix|24514.34|46864.00| op = [408, 416, 208, 208, 218, 209]| tp = [1, 1, 1, 1, 1, 1, ] | dp = [2, 2, 1, 1, 1, 1, ] | algo = [0, 0, 0, 0, 0, 0, ] | rc = [108, 102, 46, 32, 32, 0] | gpus = [2, 2, 1, 1, 1, 1] | micro_bs = 8 | time = [24336, 24514, 23011, 22061, 22466, 23684] | memory = [46411, 45987, 46864, 45292, 34540, 38468]
fix|24421.25|46864.00| op = [408, 415, 208, 209, 218, 209]| tp = [1, 1, 1, 1, 1, 1, ] | dp = [2, 2, 1, 1, 1, 1, ] | algo = [0, 0, 0, 0, 0, 0, ] | rc = [108, 102, 47, 32, 32, 0] | gpus = [2, 2, 1, 1, 1, 1] | micro_bs = 8 | time = [24338, 24421, 23090, 22248, 22468, 23686] | memory = [46411, 45987, 46864, 45292, 34540, 38468]
fix|24329.70|46992.00| op = [408, 414, 208, 210, 218, 209]| tp = [1, 1, 1, 1, 1, 1, ] | dp = [2, 2, 1, 1, 1, 1, ] | algo = [0, 0, 0, 0, 0, 0, ] | rc = [108, 100, 44, 32, 32, 0] | gpus = [2, 2, 1, 1, 1, 1] | micro_bs = 8 | time = [24329, 24125, 22362, 22166, 22459, 23677] | memory = [46411, 45987, 46992, 45388, 34540, 38468]
fix|24234.94|46975.84| op = [407, 414, 208, 211, 218, 209]| tp = [1, 1, 1, 1, 1, 1, ] | dp = [2, 2, 1, 1, 1, 1, ] | algo = [0, 0, 0, 0, 0, 0, ] | rc = [108, 101, 44, 32, 32, 0] | gpus = [2, 2, 1, 1, 1, 1] | micro_bs = 8 | time = [24234, 24146, 22327, 22230, 22459, 23677] | memory = [46411, 46975, 46864, 45448, 34540, 38468]
fix|24069.82|46855.53| op = [406, 414, 208, 212, 218, 209]| tp = [1, 1, 1, 1, 1, 1, ] | dp = [2, 2, 1, 1, 1, 1, ] | algo = [0, 0, 0, 0, 0, 0, ] | rc = [106, 102, 44, 32, 32, 0] | gpus = [2, 2, 1, 1, 1, 1] | micro_bs = 8 | time = [23944, 24069, 22308, 22246, 22456, 23674] | memory = [46411, 46855, 46800, 45448, 34540, 38468]
fix|24040.54|46955.53| op = [406, 413, 208, 213, 218, 209]| tp = [1, 1, 1, 1, 1, 1, ] | dp = [2, 2, 1, 1, 1, 1, ] | algo = [0, 0, 0, 0, 0, 0, ] | rc = [106, 100, 44, 32, 32, 0] | gpus = [2, 2, 1, 1, 1, 1] | micro_bs = 8 | time = [23944, 24040, 22325, 22274, 22456, 23674] | memory = [46411, 46955, 46864, 45568, 34540, 38468]
fix|24026.44|46899.53| op = [406, 412, 208, 214, 218, 209]| tp = [1, 1, 1, 1, 1, 1, ] | dp = [2, 2, 1, 1, 1, 1, ] | algo = [0, 0, 0, 0, 0, 0, ] | rc = [106, 100, 46, 32, 32, 0] | gpus = [2, 2, 1, 1, 1, 1] | micro_bs = 8 | time = [23946, 24026, 22422, 22362, 22457, 23675] | memory = [46411, 46899, 46800, 45776, 34540, 38468]
fix|23985.78|46899.53| op = [406, 411, 208, 215, 218, 209]| tp = [1, 1, 1, 1, 1, 1, ] | dp = [2, 2, 1, 1, 1, 1, ] | algo = [0, 0, 0, 0, 0, 0, ] | rc = [106, 98, 46, 32, 32, 0] | gpus = [2, 2, 1, 1, 1, 1] | micro_bs = 8 | time = [23945, 23985, 22417, 22403, 22457, 23675] | memory = [46411, 46899, 46800, 45968, 34540, 38468]
fix|23945.13|46864.00| op = [406, 410, 208, 216, 218, 209]| tp = [1, 1, 1, 1, 1, 1, ] | dp = [2, 2, 1, 1, 1, 1, ] | algo = [0, 0, 0, 0, 0, 0, ] | rc = [106, 98, 44, 32, 32, 0] | gpus = [2, 2, 1, 1, 1, 1] | micro_bs = 8 | time = [23945, 23935, 22325, 22433, 22457, 23674] | memory = [46411, 46723, 46864, 46032, 34540, 38468]
fix|23953.95|46864.50| op = [405, 410, 209, 216, 218, 209]| tp = [1, 1, 1, 1, 1, 1, ] | dp = [2, 2, 1, 1, 1, 1, ] | algo = [0, 0, 0, 0, 0, 0, ] | rc = [106, 98, 44, 32, 32, 0] | gpus = [2, 2, 1, 1, 1, 1] | micro_bs = 8 | time = [23891, 23953, 22344, 22433, 22456, 23674] | memory = [46255, 46735, 46864, 46032, 34540, 38468]
fix|23943.61|46768.50| op = [405, 409, 210, 216, 218, 209]| tp = [1, 1, 1, 1, 1, 1, ] | dp = [2, 2, 1, 1, 1, 1, ] | algo = [0, 0, 0, 0, 0, 0, ] | rc = [106, 98, 46, 32, 32, 0] | gpus = [2, 2, 1, 1, 1, 1] | micro_bs = 8 | time = [23891, 23943, 22408, 22434, 22457, 23675] | memory = [46255, 46675, 46768, 46032, 34540, 38468]
fix|23928.16|46836.50| op = [405, 408, 211, 216, 218, 209]| tp = [1, 1, 1, 1, 1, 1, ] | dp = [2, 2, 1, 1, 1, 1, ] | algo = [0, 0, 0, 0, 0, 0, ] | rc = [106, 98, 46, 32, 32, 0] | gpus = [2, 2, 1, 1, 1, 1] | micro_bs = 8 | time = [23891, 23928, 22432, 22434, 22457, 23675] | memory = [46255, 46631, 46836, 46032, 34540, 38468]
fix|24101.90|46911.22| op = [405, 407, 212, 216, 218, 209]| tp = [1, 1, 1, 1, 1, 1, ] | dp = [2, 2, 1, 1, 1, 1, ] | algo = [0, 0, 0, 0, 0, 0, ] | rc = [106, 101, 48, 32, 32, 0] | gpus = [2, 2, 1, 1, 1, 1] | micro_bs = 8 | time = [23897, 24101, 23025, 22440, 22463, 23681] | memory = [46255, 46911, 46900, 46032, 34540, 38468]
fix|23898.25|46836.00| op = [405, 406, 212, 217, 218, 209]| tp = [1, 1, 1, 1, 1, 1, ] | dp = [2, 2, 1, 1, 1, 1, ] | algo = [0, 0, 0, 0, 0, 0, ] | rc = [106, 96, 50, 32, 32, 0] | gpus = [2, 2, 1, 1, 1, 1] | micro_bs = 8 | time = [23898, 23776, 23378, 22459, 22463, 23681] | memory = [46255, 46591, 46836, 46032, 34540, 38468]
fix|23880.72|46996.00| op = [404, 406, 212, 218, 218, 209]| tp = [1, 1, 1, 1, 1, 1, ] | dp = [2, 2, 1, 1, 1, 1, ] | algo = [0, 0, 0, 0, 0, 0, ] | rc = [106, 96, 49, 32, 32, 0] | gpus = [2, 2, 1, 1, 1, 1] | micro_bs = 8 | time = [23880, 23696, 23595, 22488, 22464, 23682] | memory = [46207, 46591, 46996, 46152, 34540, 38468]
fix|23866.60|46800.00| op = [403, 406, 212, 218, 219, 209]| tp = [1, 1, 1, 1, 1, 1, ] | dp = [2, 2, 1, 1, 1, 1, ] | algo = [0, 0, 0, 0, 0, 0, ] | rc = [106, 94, 50, 32, 32, 0] | gpus = [2, 2, 1, 1, 1, 1] | micro_bs = 8 | time = [23866, 23422, 23451, 22324, 22647, 23679] | memory = [46135, 46691, 46800, 46204, 34540, 38468]
fix|23947.84|46764.75| op = [402, 406, 212, 219, 219, 209]| tp = [1, 1, 1, 1, 1, 1, ] | dp = [2, 2, 1, 1, 1, 1, ] | algo = [0, 0, 0, 0, 0, 0, ] | rc = [106, 94, 51, 34, 32, 0] | gpus = [2, 2, 1, 1, 1, 1] | micro_bs = 8 | time = [23859, 23426, 23947, 22920, 22655, 23687] | memory = [46071, 46735, 45788, 46764, 34540, 38468]
fix|23851.80|46812.00| op = [402, 406, 211, 219, 220, 209]| tp = [1, 1, 1, 1, 1, 1, ] | dp = [2, 2, 1, 1, 1, 1, ] | algo = [0, 0, 0, 0, 0, 0, ] | rc = [106, 94, 48, 34, 32, 0] | gpus = [2, 2, 1, 1, 1, 1] | micro_bs = 8 | time = [23851, 23419, 23217, 22732, 22573, 23680] | memory = [46071, 46735, 46812, 46252, 34604, 38468]
fix|23829.31|46855.24| op = [401, 406, 211, 219, 221, 209]| tp = [1, 1, 1, 1, 1, 1, ] | dp = [2, 2, 1, 1, 1, 1, ] | algo = [0, 0, 0, 0, 0, 0, ] | rc = [106, 94, 48, 34, 32, 0] | gpus = [2, 2, 1, 1, 1, 1] | micro_bs = 8 | time = [23829, 23422, 23051, 22818, 22637, 23679] | memory = [45879, 46855, 46812, 46096, 34648, 38468]
fix|23733.57|46972.50| op = [400, 406, 211, 219, 222, 209]| tp = [1, 1, 1, 1, 1, 1, ] | dp = [2, 2, 1, 1, 1, 1, ] | algo = [0, 0, 0, 0, 0, 0, ] | rc = [108, 94, 46, 34, 32, 0] | gpus = [2, 2, 1, 1, 1, 1] | micro_bs = 8 | time = [23733, 23420, 22505, 22703, 22651, 23674] | memory = [46823, 46851, 46972, 46144, 34648, 38468]
fix|23697.38|46966.88| op = [399, 406, 212, 219, 222, 209]| tp = [1, 1, 1, 1, 1, 1, ] | dp = [2, 2, 1, 1, 1, 1, ] | algo = [0, 0, 0, 0, 0, 0, ] | rc = [106, 94, 44, 34, 32, 0] | gpus = [2, 2, 1, 1, 1, 1] | micro_bs = 8 | time = [23697, 23419, 22676, 22704, 22652, 23675] | memory = [46966, 46795, 45708, 46144, 34648, 38468]
fix|23686.68|46894.88| op = [398, 406, 212, 219, 223, 209]| tp = [1, 1, 1, 1, 1, 1, ] | dp = [2, 2, 1, 1, 1, 1, ] | algo = [0, 0, 0, 0, 0, 0, ] | rc = [106, 94, 44, 34, 32, 0] | gpus = [2, 2, 1, 1, 1, 1] | micro_bs = 8 | time = [23686, 23413, 22618, 22757, 22680, 23675] | memory = [46894, 46735, 45760, 46132, 34728, 38468]
fix|23675.18|46842.88| op = [397, 406, 213, 219, 223, 209]| tp = [1, 1, 1, 1, 1, 1, ] | dp = [2, 2, 1, 1, 1, 1, ] | algo = [0, 0, 0, 0, 0, 0, ] | rc = [106, 94, 44, 34, 32, 0] | gpus = [2, 2, 1, 1, 1, 1] | micro_bs = 8 | time = [23671, 23380, 22649, 22757, 22680, 23675] | memory = [46842, 46603, 45840, 46132, 34728, 38468]
fix|23671.43|46842.88| op = [397, 406, 214, 219, 223, 208]| tp = [1, 1, 1, 1, 1, 1, ] | dp = [2, 2, 1, 1, 1, 1, ] | algo = [0, 0, 0, 0, 0, 0, ] | rc = [106, 94, 44, 34, 32, 0] | gpus = [2, 2, 1, 1, 1, 1] | micro_bs = 8 | time = [23671, 23380, 22748, 22704, 22751, 23611] | memory = [46842, 46603, 46044, 46144, 34756, 38440]
best|23671.43|46842.88| op = [397, 406, 214, 219, 223, 208]| tp = [1, 1, 1, 1, 1, 1, ] | dp = [2, 2, 1, 1, 1, 1, ] | algo = [0, 0, 0, 0, 0, 0, ] | rc = [106, 94, 44, 34, 32, 0] | gpus = [2, 2, 1, 1, 1, 1] | micro_bs = 8 | time = [23671, 23380, 22748, 22704, 22751, 23611] | memory = [46842, 46603, 46044, 46144, 34756, 38440]
decode|23902.30|46603.22| op = [396, 406, 214, 220, 223, 208]| tp = [1, 1, 1, 1, 1, 1, ] | dp = [2, 2, 1, 1, 1, 1, ] | algo = [0, 0, 0, 0, 0, 0, ] | rc = [109, 96, 44, 34, 32, 0] | gpus = [2, 2, 1, 1, 1, 1] | micro_bs = 8 | time = [23902, 23662, 22673, 22773, 22755, 23615] | memory = [45834, 46603, 45841, 46204, 34756, 38440]
fix|23848.38|46986.88| op = [395, 406, 215, 220, 223, 208]| tp = [1, 1, 1, 1, 1, 1, ] | dp = [2, 2, 1, 1, 1, 1, ] | algo = [0, 0, 0, 0, 0, 0, ] | rc = [102, 98, 44, 34, 32, 0] | gpus = [2, 2, 1, 1, 1, 1] | micro_bs = 8 | time = [23497, 23848, 22699, 22771, 22753, 23613] | memory = [46986, 46543, 46001, 46204, 34756, 38440]
fix|23832.93|46986.88| op = [395, 405, 216, 220, 223, 208]| tp = [1, 1, 1, 1, 1, 1, ] | dp = [2, 2, 1, 1, 1, 1, ] | algo = [0, 0, 0, 0, 0, 0, ] | rc = [102, 98, 44, 34, 32, 0] | gpus = [2, 2, 1, 1, 1, 1] | micro_bs = 8 | time = [23497, 23832, 22723, 22771, 22753, 23613] | memory = [46986, 46499, 46069, 46204, 34756, 38440]
fix|24006.67|46986.88| op = [395, 404, 217, 220, 223, 208]| tp = [1, 1, 1, 1, 1, 1, ] | dp = [2, 2, 1, 1, 1, 1, ] | algo = [0, 0, 0, 0, 0, 0, ] | rc = [102, 101, 46, 34, 32, 0] | gpus = [2, 2, 1, 1, 1, 1] | micro_bs = 8 | time = [23503, 24006, 23317, 22777, 22759, 23619] | memory = [46986, 46779, 46133, 46204, 34756, 38440]
fix|23681.68|46986.88| op = [395, 403, 217, 220, 224, 208]| tp = [1, 1, 1, 1, 1, 1, ] | dp = [2, 2, 1, 1, 1, 1, ] | algo = [0, 0, 0, 0, 0, 0, ] | rc = [102, 96, 48, 34, 32, 0] | gpus = [2, 2, 1, 1, 1, 1] | micro_bs = 8 | time = [23504, 23681, 23669, 22785, 22788, 23620] | memory = [46986, 46459, 46068, 46132, 34836, 38440]
fix|23923.01|46986.88| op = [395, 402, 217, 221, 224, 208]| tp = [1, 1, 1, 1, 1, 1, ] | dp = [2, 2, 1, 1, 1, 1, ] | algo = [0, 0, 0, 0, 0, 0, ] | rc = [102, 96, 49, 34, 32, 0] | gpus = [2, 2, 1, 1, 1, 1] | micro_bs = 8 | time = [23505, 23588, 23923, 22814, 22789, 23621] | memory = [46986, 46459, 45972, 46252, 34836, 38440]
fix|23897.65|46986.88| op = [395, 402, 216, 221, 225, 208]| tp = [1, 1, 1, 1, 1, 1, ] | dp = [2, 2, 1, 1, 1, 1, ] | algo = [0, 0, 0, 0, 0, 0, ] | rc = [102, 96, 49, 34, 32, 0] | gpus = [2, 2, 1, 1, 1, 1] | micro_bs = 8 | time = [23506, 23589, 23897, 22876, 22877, 23622] | memory = [46986, 46459, 45892, 46396, 34980, 38440]
fix|23856.67|46986.88| op = [395, 402, 215, 222, 225, 208]| tp = [1, 1, 1, 1, 1, 1, ] | dp = [2, 2, 1, 1, 1, 1, ] | algo = [0, 0, 0, 0, 0, 0, ] | rc = [102, 96, 49, 34, 32, 0] | gpus = [2, 2, 1, 1, 1, 1] | micro_bs = 8 | time = [23506, 23589, 23856, 22917, 22877, 23622] | memory = [46986, 46459, 45636, 46588, 34980, 38440]
fix|23681.18|46986.88| op = [395, 402, 214, 222, 226, 208]| tp = [1, 1, 1, 1, 1, 1, ] | dp = [2, 2, 1, 1, 1, 1, ] | algo = [0, 0, 0, 0, 0, 0, ] | rc = [102, 96, 51, 34, 32, 0] | gpus = [2, 2, 1, 1, 1, 1] | micro_bs = 8 | time = [23505, 23588, 23681, 22906, 22917, 23621] | memory = [46986, 46459, 46900, 46460, 35108, 38440]
best|23681.18|46986.88| op = [395, 402, 214, 222, 226, 208]| tp = [1, 1, 1, 1, 1, 1, ] | dp = [2, 2, 1, 1, 1, 1, ] | algo = [0, 0, 0, 0, 0, 0, ] | rc = [102, 96, 51, 34, 32, 0] | gpus = [2, 2, 1, 1, 1, 1] | micro_bs = 8 | time = [23505, 23588, 23681, 22906, 22917, 23621] | memory = [46986, 46459, 46900, 46460, 35108, 38440]

num_targets: []
num_hops: []
search time = 0.00 s.  [0] 
num_explored_cases = 0
time trend: [24635]

stage 6 search time: 1.18 s
working on num_stages = 7
start|25113.75|46959.99| op = [417, 208, 208, 208, 208, 208, 210]| tp = [1, 1, 1, 1, 1, 1, 1, ] | dp = [2, 1, 1, 1, 1, 1, 1, ] | algo = [0, 0, 0, 0, 0, 0, 0, ] | rc = [120, 56, 54, 44, 32, 26, 0] | gpus = [2, 1, 1, 1, 1, 1, 1] | micro_bs = 8 | time = [25113, 23499, 23111, 22466, 21668, 21155, 23851] | memory = [46959, 46584, 46692, 46800, 43708, 37544, 38468]
line465:max stage:0, min stage:5, max_value:25113.75297607181, min_value:21155.772177794704
fix|25103.41|46875.99| op = [416, 208, 208, 208, 208, 209, 210]| tp = [1, 1, 1, 1, 1, 1, 1, ] | dp = [2, 1, 1, 1, 1, 1, 1, ] | algo = [0, 0, 0, 0, 0, 0, 0, ] | rc = [120, 56, 54, 44, 32, 26, 0] | gpus = [2, 1, 1, 1, 1, 1, 1] | micro_bs = 8 | time = [25103, 23516, 23128, 22483, 21685, 21184, 23851] | memory = [46875, 46680, 46772, 46864, 43756, 37624, 38468]
cv:0.05382833333608268
line465:max stage:0, min stage:5, max_value:25103.41251697397, min_value:21184.290882613866
fix|25091.41|46968.00| op = [415, 208, 208, 208, 208, 210, 210]| tp = [1, 1, 1, 1, 1, 1, 1, ] | dp = [2, 1, 1, 1, 1, 1, 1, ] | algo = [0, 0, 0, 0, 0, 0, 0, ] | rc = [120, 56, 52, 46, 32, 26, 0] | gpus = [2, 1, 1, 1, 1, 1, 1] | micro_bs = 8 | time = [25091, 23580, 23275, 22582, 21750, 21274, 23855] | memory = [46803, 46968, 45092, 46800, 43900, 37768, 38468]
cv:0.05236551913787565
line465:max stage:0, min stage:5, max_value:25091.406085685878, min_value:21274.981568440766
fix|25050.74|46968.02| op = [414, 208, 208, 208, 208, 211, 210]| tp = [1, 1, 1, 1, 1, 1, 1, ] | dp = [2, 1, 1, 1, 1, 1, 1, ] | algo = [0, 0, 0, 0, 0, 0, 0, ] | rc = [118, 56, 52, 46, 32, 26, 0] | gpus = [2, 1, 1, 1, 1, 1, 1] | micro_bs = 8 | time = [25050, 23580, 23275, 22577, 21750, 21315, 23855] | memory = [46803, 46968, 45092, 46800, 43900, 37896, 38468]
cv:0.05158274126363346
line465:max stage:0, min stage:5, max_value:25050.741419562437, min_value:21315.931773592532
fix|24998.49|46864.00| op = [413, 208, 208, 208, 208, 212, 210]| tp = [1, 1, 1, 1, 1, 1, 1, ] | dp = [2, 1, 1, 1, 1, 1, 1, ] | algo = [0, 0, 0, 0, 0, 0, 0, ] | rc = [118, 56, 54, 44, 32, 26, 0] | gpus = [2, 1, 1, 1, 1, 1, 1] | micro_bs = 8 | time = [24998, 23516, 23128, 22483, 21686, 21343, 23852] | memory = [46563, 46680, 46772, 46864, 43756, 37944, 38468]
cv:0.05128227668207192
line465:max stage:0, min stage:5, max_value:24998.485802858366, min_value:21343.619397568338
fix|24979.18|46800.00| op = [412, 208, 208, 208, 208, 213, 210]| tp = [1, 1, 1, 1, 1, 1, 1, ] | dp = [2, 1, 1, 1, 1, 1, 1, ] | algo = [0, 0, 0, 0, 0, 0, 0, ] | rc = [118, 56, 54, 44, 32, 26, 0] | gpus = [2, 1, 1, 1, 1, 1, 1] | micro_bs = 8 | time = [24979, 23499, 23111, 22466, 21669, 21362, 23851] | memory = [46507, 46584, 46692, 46800, 43708, 37944, 38468]
cv:0.05104124051079244
line465:max stage:0, min stage:5, max_value:24979.179537071814, min_value:21362.522922794706
fix|24969.07|46864.00| op = [411, 208, 208, 208, 208, 214, 210]| tp = [1, 1, 1, 1, 1, 1, 1, ] | dp = [2, 1, 1, 1, 1, 1, 1, ] | algo = [0, 0, 0, 0, 0, 0, 0, ] | rc = [118, 56, 54, 44, 32, 26, 0] | gpus = [2, 1, 1, 1, 1, 1, 1] | micro_bs = 8 | time = [24969, 23516, 23128, 22483, 21686, 21391, 23852] | memory = [46423, 46680, 46772, 46864, 43756, 38024, 38468]
cv:0.050555202150686276
line465:max stage:0, min stage:5, max_value:24969.074712973972, min_value:21391.12371961386
fix|24953.62|46864.00| op = [410, 208, 208, 208, 208, 215, 210]| tp = [1, 1, 1, 1, 1, 1, 1, ] | dp = [2, 1, 1, 1, 1, 1, 1, ] | algo = [0, 0, 0, 0, 0, 0, 0, ] | rc = [118, 56, 54, 44, 32, 26, 0] | gpus = [2, 1, 1, 1, 1, 1, 1] | micro_bs = 8 | time = [24953, 23516, 23128, 22483, 21686, 21415, 23852] | memory = [46363, 46680, 46772, 46864, 43756, 38060, 38468]
cv:0.05018296066094039
line465:max stage:0, min stage:5, max_value:24953.621415858368, min_value:21415.271795568337
fix|25157.68|46755.56| op = [409, 208, 208, 208, 208, 216, 210]| tp = [1, 1, 1, 1, 1, 1, 1, ] | dp = [2, 1, 1, 1, 1, 1, 1, ] | algo = [0, 0, 0, 0, 0, 0, 0, ] | rc = [121, 65, 57, 49, 35, 28, 0] | gpus = [2, 1, 1, 1, 1, 1, 1] | micro_bs = 8 | time = [25157, 24551, 24176, 23566, 22498, 22057, 23888] | memory = [46755, 46680, 45492, 45584, 46188, 36812, 38468]
cv:0.0430001439492449
line465:max stage:0, min stage:5, max_value:25157.681615067235, min_value:22057.832861806917
fix|24823.97|46864.00| op = [408, 208, 208, 208, 208, 217, 210]| tp = [1, 1, 1, 1, 1, 1, 1, ] | dp = [2, 1, 1, 1, 1, 1, 1, ] | algo = [0, 0, 0, 0, 0, 0, 0, ] | rc = [116, 58, 56, 46, 32, 32, 0] | gpus = [2, 1, 1, 1, 1, 1, 1] | micro_bs = 8 | time = [24823, 24221, 23833, 23188, 22238, 22608, 23880] | memory = [46307, 46680, 46772, 46864, 45292, 34508, 38468]
cv:0.03590268111886844
line465:max stage:0, min stage:4, max_value:24823.97281206723, min_value:22238.424915599375
fix|24732.11|46864.00| op = [407, 208, 208, 208, 209, 217, 210]| tp = [1, 1, 1, 1, 1, 1, 1, ] | dp = [2, 1, 1, 1, 1, 1, 1, ] | algo = [0, 0, 0, 0, 0, 0, 0, ] | rc = [116, 59, 57, 47, 32, 32, 0] | gpus = [2, 1, 1, 1, 1, 1, 1] | micro_bs = 8 | time = [24732, 24301, 23913, 23268, 22426, 22610, 23882] | memory = [46307, 46680, 46772, 46864, 45292, 34508, 38468]
cv:0.0336737953163474
line465:max stage:0, min stage:4, max_value:24732.106809067234, min_value:22426.467801599378
fix|24425.38|46992.00| op = [406, 208, 208, 208, 210, 217, 210]| tp = [1, 1, 1, 1, 1, 1, 1, ] | dp = [2, 1, 1, 1, 1, 1, 1, ] | algo = [0, 0, 0, 0, 0, 0, 0, ] | rc = [114, 56, 52, 44, 32, 32, 0] | gpus = [2, 1, 1, 1, 1, 1, 1] | micro_bs = 8 | time = [24425, 23562, 23257, 22529, 22333, 22591, 23863] | memory = [46307, 46872, 45012, 46992, 45388, 34508, 38468]
cv:0.03106731212858066
line465:max stage:0, min stage:4, max_value:24425.377740441352, min_value:22333.32615964507
fix|24370.46|46864.00| op = [405, 208, 208, 208, 211, 217, 210]| tp = [1, 1, 1, 1, 1, 1, 1, ] | dp = [2, 1, 1, 1, 1, 1, 1, ] | algo = [0, 0, 0, 0, 0, 0, 0, ] | rc = [114, 56, 54, 44, 32, 32, 0] | gpus = [2, 1, 1, 1, 1, 1, 1] | micro_bs = 8 | time = [24370, 23526, 23138, 22493, 22396, 22590, 23862] | memory = [46127, 46680, 46772, 46864, 45448, 34508, 38468]
cv:0.03020231345031279
line465:max stage:0, min stage:4, max_value:24370.461267828752, min_value:22396.158182331183
fix|24351.41|46800.00| op = [404, 208, 208, 208, 212, 217, 210]| tp = [1, 1, 1, 1, 1, 1, 1, ] | dp = [2, 1, 1, 1, 1, 1, 1, ] | algo = [0, 0, 0, 0, 0, 0, 0, ] | rc = [114, 56, 54, 44, 32, 32, 0] | gpus = [2, 1, 1, 1, 1, 1, 1] | micro_bs = 8 | time = [24351, 23510, 23122, 22477, 22414, 22589, 23862] | memory = [46071, 46584, 46692, 46800, 45448, 34508, 38468]
cv:0.02995001952075025
line465:max stage:0, min stage:4, max_value:24351.410091163038, min_value:22414.936050678385
fix|24340.94|46864.00| op = [403, 208, 208, 208, 213, 217, 210]| tp = [1, 1, 1, 1, 1, 1, 1, ] | dp = [2, 1, 1, 1, 1, 1, 1, ] | algo = [0, 0, 0, 0, 0, 0, 0, ] | rc = [114, 56, 54, 44, 32, 32, 0] | gpus = [2, 1, 1, 1, 1, 1, 1] | micro_bs = 8 | time = [24340, 23526, 23139, 22494, 22443, 22590, 23862] | memory = [45987, 46680, 46772, 46864, 45568, 34508, 38468]
cv:0.02956880572255747
line465:max stage:0, min stage:4, max_value:24340.941430262454, min_value:22443.326553694795
fix|24328.46|46968.00| op = [402, 208, 208, 208, 214, 217, 210]| tp = [1, 1, 1, 1, 1, 1, 1, ] | dp = [2, 1, 1, 1, 1, 1, 1, ] | algo = [0, 0, 0, 0, 0, 0, 0, ] | rc = [114, 56, 52, 46, 32, 32, 0] | gpus = [2, 1, 1, 1, 1, 1, 1] | micro_bs = 8 | time = [24328, 23590, 23285, 22592, 22533, 22593, 23865] | memory = [45915, 46968, 45092, 46800, 45776, 34508, 38468]
cv:0.028317197396435158
line465:max stage:0, min stage:4, max_value:24328.45501755035, min_value:22533.5372580977
fix|24306.34|46968.02| op = [401, 208, 208, 208, 215, 217, 210]| tp = [1, 1, 1, 1, 1, 1, 1, ] | dp = [2, 1, 1, 1, 1, 1, 1, ] | algo = [0, 0, 0, 0, 0, 0, 0, ] | rc = [114, 56, 52, 46, 32, 32, 0] | gpus = [2, 1, 1, 1, 1, 1, 1] | micro_bs = 8 | time = [24306, 23590, 23285, 22588, 22574, 22593, 23865] | memory = [45691, 46968, 45092, 46800, 45968, 34508, 38468]
cv:0.027852612453294186
line465:max stage:0, min stage:4, max_value:24306.344283135906, min_value:22574.632363958463
fix|24213.44|46864.00| op = [400, 208, 208, 208, 216, 217, 210]| tp = [1, 1, 1, 1, 1, 1, 1, ] | dp = [2, 1, 1, 1, 1, 1, 1, ] | algo = [0, 0, 0, 0, 0, 0, 0, ] | rc = [116, 56, 54, 44, 32, 32, 0] | gpus = [2, 1, 1, 1, 1, 1, 1] | micro_bs = 8 | time = [24213, 23527, 23139, 22494, 22602, 22590, 23862] | memory = [46795, 46680, 46772, 46864, 46032, 34508, 38468]
cv:0.027273019122571445
line465:max stage:0, min stage:3, max_value:24213.443341828755, min_value:22494.34053521199
fix|24175.84|46962.69| op = [399, 208, 208, 209, 216, 217, 210]| tp = [1, 1, 1, 1, 1, 1, 1, ] | dp = [2, 1, 1, 1, 1, 1, 1, ] | algo = [0, 0, 0, 0, 0, 0, 0, ] | rc = [114, 56, 54, 44, 32, 32, 0] | gpus = [2, 1, 1, 1, 1, 1, 1] | micro_bs = 8 | time = [24175, 23510, 23122, 22513, 22602, 22590, 23862] | memory = [46962, 46584, 46692, 46864, 46032, 34508, 38468]
cv:0.026745699111572423
line465:max stage:0, min stage:3, max_value:24175.839460283874, min_value:22513.35547568004
fix|24165.75|46878.69| op = [398, 208, 208, 210, 216, 217, 210]| tp = [1, 1, 1, 1, 1, 1, 1, ] | dp = [2, 1, 1, 1, 1, 1, 1, ] | algo = [0, 0, 0, 0, 0, 0, 0, ] | rc = [114, 56, 54, 46, 32, 32, 0] | gpus = [2, 1, 1, 1, 1, 1, 1] | micro_bs = 8 | time = [24165, 23527, 23139, 22576, 22602, 22590, 23863] | memory = [46878, 46680, 46772, 46768, 46032, 34508, 38468]
cv:0.02625268426314305
line465:max stage:0, min stage:3, max_value:24165.75293258055, min_value:22576.861468893712
fix|24150.30|46836.50| op = [397, 208, 208, 211, 216, 217, 210]| tp = [1, 1, 1, 1, 1, 1, 1, ] | dp = [2, 1, 1, 1, 1, 1, 1, ] | algo = [0, 0, 0, 0, 0, 0, 0, ] | rc = [114, 56, 54, 46, 32, 32, 0] | gpus = [2, 1, 1, 1, 1, 1, 1] | micro_bs = 8 | time = [24150, 23527, 23139, 22601, 22602, 22590, 23863] | memory = [46818, 46680, 46772, 46836, 46032, 34508, 38468]
cv:0.025949781690769235
line465:max stage:0, min stage:5, max_value:24150.299670828754, min_value:22590.75012965791
fix|24547.80|46836.00| op = [396, 208, 208, 211, 216, 218, 210]| tp = [1, 1, 1, 1, 1, 1, 1, ] | dp = [2, 1, 1, 1, 1, 1, 1, ] | algo = [0, 0, 0, 0, 0, 0, 0, ] | rc = [117, 65, 57, 48, 32, 32, 0] | gpus = [2, 1, 1, 1, 1, 1, 1] | micro_bs = 8 | time = [24399, 24547, 24172, 23175, 22458, 22798, 23885] | memory = [45642, 46680, 45492, 46836, 46032, 34508, 38468]
cv:0.03224095290912277
line465:max stage:1, min stage:4, max_value:24547.801144508157, min_value:22458.847607715692
fix|24394.10|46996.00| op = [396, 207, 208, 211, 217, 218, 210]| tp = [1, 1, 1, 1, 1, 1, 1, ] | dp = [2, 1, 1, 1, 1, 1, 1, ] | algo = [0, 0, 0, 0, 0, 0, 0, ] | rc = [117, 56, 56, 48, 32, 32, 0] | gpus = [2, 1, 1, 1, 1, 1, 1] | micro_bs = 8 | time = [24394, 23833, 23832, 23510, 22481, 22793, 23879] | memory = [45642, 46680, 46772, 46996, 46152, 34508, 38468]
cv:0.026370762378202618
line465:max stage:0, min stage:4, max_value:24394.101733778756, min_value:22481.48376599252
fix|24036.29|46986.69| op = [395, 207, 208, 211, 218, 218, 210]| tp = [1, 1, 1, 1, 1, 1, 1, ] | dp = [2, 1, 1, 1, 1, 1, 1, ] | algo = [0, 0, 0, 0, 0, 0, 0, ] | rc = [110, 58, 57, 49, 32, 32, 0] | gpus = [2, 1, 1, 1, 1, 1, 1] | micro_bs = 8 | time = [23992, 24036, 23911, 23750, 22506, 22794, 23881] | memory = [46986, 46680, 46772, 46928, 46204, 34508, 38468]
cv:0.024717579659760087
line465:max stage:1, min stage:4, max_value:24036.292476628998, min_value:22506.664727509804
fix|24055.20|46986.69| op = [395, 206, 208, 211, 219, 218, 210]| tp = [1, 1, 1, 1, 1, 1, 1, ] | dp = [2, 1, 1, 1, 1, 1, 1, ] | algo = [0, 0, 0, 0, 0, 0, 0, ] | rc = [110, 56, 52, 51, 34, 32, 0] | gpus = [2, 1, 1, 1, 1, 1, 1] | micro_bs = 8 | time = [23989, 23465, 23272, 24055, 23091, 22791, 23878] | memory = [46986, 46680, 45012, 45712, 46764, 34508, 38468]
cv:0.019108300478481607
line465:max stage:3, min stage:5, max_value:24055.195385130497, min_value:22791.687928082676
fix|23981.69|46992.00| op = [395, 206, 208, 210, 219, 219, 210]| tp = [1, 1, 1, 1, 1, 1, 1, ] | dp = [2, 1, 1, 1, 1, 1, 1, ] | algo = [0, 0, 0, 0, 0, 0, 0, ] | rc = [110, 56, 52, 46, 34, 32, 0] | gpus = [2, 1, 1, 1, 1, 1, 1] | micro_bs = 8 | time = [23981, 23457, 23264, 23290, 22903, 22709, 23870] | memory = [46986, 46680, 45012, 46992, 46252, 34572, 38468]
cv:0.018466379337715475
line465:max stage:0, min stage:5, max_value:23981.68912648087, min_value:22709.777099475923
fix|23887.41|46986.69| op = [394, 206, 208, 210, 219, 220, 210]| tp = [1, 1, 1, 1, 1, 1, 1, ] | dp = [2, 1, 1, 1, 1, 1, 1, ] | algo = [0, 0, 0, 0, 0, 0, 0, ] | rc = [110, 57, 54, 48, 34, 32, 0] | gpus = [2, 1, 1, 1, 1, 1, 1] | micro_bs = 8 | time = [23887, 23622, 23147, 23203, 22990, 22774, 23870] | memory = [46986, 46380, 46772, 46812, 46096, 34616, 38468]
cv:0.017409120580946392
line465:max stage:0, min stage:5, max_value:23887.409978156084, min_value:22774.128754776586
fix|23861.86|46986.69| op = [393, 206, 208, 210, 219, 221, 210]| tp = [1, 1, 1, 1, 1, 1, 1, ] | dp = [2, 1, 1, 1, 1, 1, 1, ] | algo = [0, 0, 0, 0, 0, 0, 0, ] | rc = [108, 56, 54, 46, 34, 32, 0] | gpus = [2, 1, 1, 1, 1, 1, 1] | micro_bs = 8 | time = [23590, 23426, 23122, 22646, 22872, 22784, 23861] | memory = [46986, 46475, 46692, 46812, 46144, 34616, 38468]
cv:0.01810908138511635
line465:max stage:6, min stage:3, max_value:23861.85572790087, min_value:22646.054247303186
fix|23848.01|46986.69| op = [393, 206, 208, 211, 219, 221, 209]| tp = [1, 1, 1, 1, 1, 1, 1, ] | dp = [2, 1, 1, 1, 1, 1, 1, ] | algo = [0, 0, 0, 0, 0, 0, 0, ] | rc = [108, 56, 54, 48, 34, 32, 0] | gpus = [2, 1, 1, 1, 1, 1, 1] | micro_bs = 8 | time = [23596, 23431, 23127, 23219, 22986, 22805, 23848] | memory = [46986, 46475, 46692, 46812, 46096, 34648, 38468]
best|23848.01|46986.69| op = [393, 206, 208, 211, 219, 221, 209]| tp = [1, 1, 1, 1, 1, 1, 1, ] | dp = [2, 1, 1, 1, 1, 1, 1, ] | algo = [0, 0, 0, 0, 0, 0, 0, ] | rc = [108, 56, 54, 48, 34, 32, 0] | gpus = [2, 1, 1, 1, 1, 1, 1] | micro_bs = 8 | time = [23596, 23431, 23127, 23219, 22986, 22805, 23848] | memory = [46986, 46475, 46692, 46812, 46096, 34648, 38468]
line146:config.memory_list:[46986.6910000003, 46475.25, 46692.0, 46812.5, 46096.75, 34648.5, 38468.203]
line147:config.time_list:[23596.291665995734, 23431.820298406987, 23127.402744359155, 23219.478639151617, 22986.756734824892, 22805.980364705705, 23848.009085677942]
------------------------------------------------------------------------------------------------------
cegis_search for the 0th times
开始求解check...
line351:
tp_list[1, 1, 1, 1, 1, 1, 1, 1, 1, 1, 1, 1, 1, 1, 1, 1, 1, 1, 1, 1, 1, 1, 1, 1, 1, 1, 1, 1, 1, 1, 1, 1, 1, 1, 1, 1, 1, 1, 1, 1, 1, 1, 1, 1, 1, 1, 1, 1, 1, 1, 1, 1, 1, 1, 1, 1, 1, 1, 1, 1, 1, 1, 1, 1, 1, 1, 1, 1, 1, 1, 1, 1, 1, 1, 1, 1, 1, 1, 1, 1, 1, 1, 1, 1, 1, 1, 1, 1, 1, 1, 1, 1, 1, 1, 1, 1, 1, 1, 1, 1, 1, 1, 1, 1, 1, 1, 1, 1, 1, 1, 1, 1, 1, 1, 1, 1, 1, 1, 1, 1, 1, 1, 1, 1, 1, 1, 1, 1, 1, 1, 1, 1, 1, 1, 1, 1, 1, 1, 1, 1, 1, 1, 1, 1, 1, 1, 1, 1, 1, 1, 1, 1, 1, 1, 1, 1, 1, 1, 1, 1, 1, 1, 1, 1, 1, 1, 1, 1, 1, 1, 1, 1, 1, 1, 1, 1, 1, 1, 1, 1, 1, 1, 1, 1, 1, 1, 1, 1, 1, 1, 1, 1, 1, 1, 1, 1, 1, 1, 1, 1, 1, 1, 1, 1, 1, 1, 1, 1, 1, 1, 1, 1, 1, 1, 1, 1, 1, 1, 1, 1, 1, 1, 1, 1, 1, 1, 1, 1, 1, 1, 1, 1, 1, 1, 1, 1, 1, 1, 1, 1, 1, 1, 1, 1, 1, 1, 1, 1, 1, 1, 1, 1, 1, 1, 1, 1, 1, 1, 1, 1, 1, 1, 1, 1, 1, 1, 1, 1, 1, 1, 1, 1, 1, 1, 1, 1, 1, 1, 1, 1, 1, 1, 1, 1, 1, 1, 1, 1, 1, 1, 1, 1, 1, 1, 1, 1, 1, 1, 1, 1, 1, 1, 1, 1, 1, 1, 1, 1, 1, 1, 1, 1, 1, 1, 1, 1, 1, 1, 1, 1, 1, 1, 1, 1, 1, 1, 1, 1, 1, 1, 1, 1, 1, 1, 1, 1, 1, 1, 1, 1, 1, 1, 1, 1, 1, 1, 1, 1, 1, 1, 1, 1, 1, 1, 1, 1, 1, 1, 1, 1, 1, 1, 1, 1, 1, 1, 1, 1, 1, 1, 1, 1, 1, 1, 1, 1, 1, 1, 1, 1, 1, 1, 1, 1, 1, 1, 1, 1, 1, 1, 1, 1, 1, 1, 1, 1, 1, 1, 1, 1, 1, 1, 1, 1, 1, 1, 1, 1, 1, 1, 1, 1, 1, 1, 1, 1, 1, 1, 1, 1, 1, 1, 1, 1, 1, 1, 1, 1, 1, 1, 1, 1, 1, 1, 1, 1, 1, 1, 1, 1, 1, 1, 1, 1, 1, 1, 1, 1, 1, 1, 1, 1, 1, 1, 1, 1, 1, 1, 1, 1, 1, 1, 1, 1, 1, 1, 1, 1, 1, 1, 1, 1, 1, 1, 1, 1, 1, 1, 1, 1, 1, 1, 1, 1, 1, 1, 1, 1, 1, 1, 1, 1, 1, 1, 1, 1, 1, 1, 1, 1, 1, 1, 1, 1, 1, 1, 1, 1, 1, 1, 1, 1, 1, 1, 1, 1, 1, 1, 1, 1, 1, 1, 1, 1, 1, 1, 1, 1, 1, 1, 1, 1, 1, 1, 1, 1, 1, 1, 1, 1, 1, 1, 1, 1, 1, 1, 1, 1, 1, 1, 1, 1, 1, 1, 1, 1, 1, 1, 1, 1, 1, 1, 1, 1, 1, 1, 1, 1, 1, 1, 1, 1, 1, 1, 1, 1, 1, 1, 1, 1, 1, 1, 1, 1, 1, 1, 1, 1, 1, 1, 1, 1, 1, 1, 1, 1, 1, 1, 1, 1, 1, 1, 1, 1, 1, 1, 1, 1, 1, 1, 1, 1, 1, 1, 1, 1, 1, 1, 1, 1, 1, 1, 1, 1, 1, 1, 1, 1, 1, 1, 1, 1, 1, 1, 1, 1, 1, 1, 1, 1, 1, 1, 1, 1, 1, 1, 1, 1, 1, 1, 1, 1, 1, 1, 1, 1, 1, 1, 1, 1, 1, 1, 1, 1, 1, 1, 1, 1, 1, 1, 1, 1, 1, 1, 1, 1, 1, 1, 1, 1, 1, 1, 1, 1, 1, 1, 1, 1, 1, 1, 1, 1, 1, 1, 1, 1, 1, 1, 1, 1, 1, 1, 1, 1, 1, 1, 1, 1, 1, 1, 1, 1, 1, 1, 1, 1, 1, 1, 1, 1, 1, 1, 1, 1, 1, 1, 1, 1, 1, 1, 1, 1, 1, 1, 1, 1, 1, 1, 1, 1, 1, 1, 1, 1, 1, 1, 1, 1, 1, 1, 1, 1, 1, 1, 1, 1, 1, 1, 1, 1, 1, 1, 1, 1, 1, 1, 1, 1, 1, 1, 1, 1, 1, 1, 1, 1, 1, 1, 1, 1, 1, 1, 1, 1, 1, 1, 1, 1, 1, 1, 1, 1, 1, 1, 1, 1, 1, 1, 1, 1, 1, 1, 1, 1, 1, 1, 1, 1, 1, 1, 1, 1, 1, 1, 1, 1, 1, 1, 1, 1, 1, 1, 1, 1, 1, 1, 1, 1, 1, 1, 1, 1, 1, 1, 1, 1, 1, 1, 1, 1, 1, 1, 1, 1, 1, 1, 1, 1, 1, 1, 1, 1, 1, 1, 1, 1, 1, 1, 1, 1, 1, 1, 1, 1, 1, 1, 1, 1, 1, 1, 1, 1, 1, 1, 1, 1, 1, 1, 1, 1, 1, 1, 1, 1, 1, 1, 1, 1, 1, 1, 1, 1, 1, 1, 1, 1, 1, 1, 1, 1, 1, 1, 1, 1, 1, 1, 1, 1, 1, 1, 1, 1, 1, 1, 1, 1, 1, 1, 1, 1, 1, 1, 1, 1, 1, 1, 1, 1, 1, 1, 1, 1, 1, 1, 1, 1, 1, 1, 1, 1, 1, 1, 1, 1, 1, 1, 1, 1, 1, 1, 1, 1, 1, 1, 1, 1, 1, 1, 1, 1, 1, 1, 1, 1, 1, 1, 1, 1, 1, 1, 1, 1, 1, 1, 1, 1, 1, 1, 1, 1, 1, 1, 1, 1, 1, 1, 1, 1, 1, 1, 1, 1, 1, 1, 1, 1, 1, 1, 1, 1, 1, 1, 1, 1, 1, 1, 1, 1, 1, 1, 1, 1, 1, 1, 1, 1, 1, 1, 1, 1, 1, 1, 1, 1, 1, 1, 1, 1, 1, 1, 1, 1, 1, 1, 1, 1, 1, 1, 1, 1, 1, 1, 1, 1, 1, 1, 1, 1, 1, 1, 1, 1, 1, 1, 1, 1, 1, 1, 1, 1, 1, 1, 1, 1, 1, 1, 1, 1, 1, 1, 1, 1, 1, 1, 1, 1, 1, 1, 1, 1, 1, 1, 1, 1, 1, 1, 1, 1, 1, 1, 1, 1, 1, 1, 1, 1, 1, 1, 1, 1, 1, 1, 1, 1, 1, 1, 1, 1, 1, 1, 1, 1, 1, 1, 1, 1, 1, 1, 1, 1, 1, 1, 1, 1, 1, 1, 1, 1, 1, 1, 1, 1, 1, 1, 1, 1, 1, 1, 1, 1, 1, 1, 1, 1, 1, 1, 1, 1, 1, 1, 1, 1, 1, 1, 1, 1, 1, 1, 1, 1, 1, 1, 1, 1, 1, 1, 1, 1, 1, 1, 1, 1, 1, 1, 1, 1, 1, 1, 1, 1, 1, 1, 1, 1, 1, 1, 1, 1, 1, 1, 1, 1, 1, 1, 1, 1, 1, 1, 1, 1, 1, 1, 1, 1, 1, 1, 1, 1, 1, 1, 1, 1, 1, 1, 1, 1, 1, 1, 1, 1, 1, 1, 1, 1, 1, 1, 1, 1, 1, 1, 1, 1, 1, 1, 1, 1, 1, 1, 1, 1, 1, 1, 1, 1, 1, 1, 1, 1, 1, 1, 1, 1, 1, 1, 1, 1, 1, 1, 1, 1, 1, 1, 1, 1, 1, 1, 1, 1, 1, 1, 1, 1, 1, 1, 1, 1, 1, 1, 1, 1, 1, 1, 1, 1, 1, 1, 1, 1, 1, 1, 1, 1, 1, 1, 1, 1, 1, 1, 1, 1, 1, 1, 1, 1, 1, 1, 1, 1, 1, 1, 1, 1, 1, 1, 1, 1, 1, 1, 1, 1, 1, 1, 1, 1, 1, 1, 1, 1, 1, 1, 1, 1, 1, 1, 1, 1, 1, 1, 1, 1, 1, 1, 1, 1, 1, 1, 1, 1, 1, 1, 1, 1, 1, 1, 1, 1, 1, 1, 1, 1, 1, 1, 1, 1, 1, 1, 1, 1, 1, 1, 1, 1, 1, 1, 1, 1, 1, 1, 1, 1, 1, 1, 1, 1, 1, 1, 1, 1, 1, 1, 1, 1, 1, 1, 1, 1, 1, 1, 1, 1, 1, 1, 1, 1, 1, 1, 1, 1, 1, 1, 1, 1, 1, 1, 1, 1, 1, 1, 1, 1, 1, 1, 1, 1, 1, 1, 1, 1, 1, 1, 1, 1, 1, 1, 1, 1, 1, 1, 1, 1, 1, 1, 1, 1, 1, 1, 1, 1, 1, 1, 1, 1, 1, 1, 1, 1, 1, 1, 1, 1, 1, 1, 1, 1, 1, 1, 1, 1, 1, 1, 1, 1, 1, 1, 1, 1, 1, 1, 1, 1, 1, 1, 1, 1, 1, 1, 1, 1, 1, 1, 1, 1, 1, 1, 1, 1, 1, 1, 1, 1, 1, 1, 1, 1, 1, 1, 1, 1, 1, 1, 1, 1, 1, 1, 1, 1, 1, 1, 1, 1, 1, 1, 1, 1, 1, 1, 1, 1, 1, 1, 1, 1, 1, 1, 1, 1, 1, 1, 1, 1, 1, 1, 1, 1, 1, 1, 1, 1, 1, 1, 1, 1, 1, 1, 1, 1, 1, 1, 1, 1, 1, 1, 1, 1, 1, 1, 1, 1, 1, 1, 1, 1, 1, 1, 1, 1, 1, 1, 1, 1, 1, 1, 1, 1, 1, 1, 1, 1, 1, 1, 1, 1, 1, 1, 1, 1, 1, 1, 1, 1, 1, 1, 1, 1, 1, 1, 1, 1, 1, 1, 1, 1, 1, 1, 1, 1, 1, 1, 1, 1, 1, 1, 1, 1, 1, 1, 1, 1, 1, 1, 1, 1, 1, 1, 1, 1, 1, 1, 1, 1, 1, 1, 1, 1, 1, 1, 1, 1, 1, 1, 1, 1, 1, 1, 1, 1, 1, 1, 1, 1, 1, 1, 1, 1, 1, 1, 1]
dp_list[2, 2, 2, 2, 2, 2, 2, 2, 2, 2, 2, 2, 2, 2, 2, 2, 2, 2, 2, 2, 2, 2, 2, 2, 2, 2, 2, 2, 2, 2, 2, 2, 2, 2, 2, 2, 2, 2, 2, 2, 2, 2, 2, 2, 2, 2, 2, 2, 2, 2, 2, 2, 2, 2, 2, 2, 2, 2, 2, 2, 2, 2, 2, 2, 2, 2, 2, 2, 2, 2, 2, 2, 2, 2, 2, 2, 2, 2, 2, 2, 2, 2, 2, 2, 2, 2, 2, 2, 2, 2, 2, 2, 2, 2, 2, 2, 2, 2, 2, 2, 2, 2, 2, 2, 2, 2, 2, 2, 2, 2, 2, 2, 2, 2, 2, 2, 2, 2, 2, 2, 2, 2, 2, 2, 2, 2, 2, 2, 2, 2, 2, 2, 2, 2, 2, 2, 2, 2, 2, 2, 2, 2, 2, 2, 2, 2, 2, 2, 2, 2, 2, 2, 2, 2, 2, 2, 2, 2, 2, 2, 2, 2, 2, 2, 2, 2, 2, 2, 2, 2, 2, 2, 2, 2, 2, 2, 2, 2, 2, 2, 2, 2, 2, 2, 2, 2, 2, 2, 2, 2, 2, 2, 2, 2, 2, 2, 2, 2, 2, 2, 2, 2, 2, 2, 2, 2, 2, 2, 2, 2, 2, 2, 2, 2, 2, 2, 2, 2, 2, 2, 2, 2, 2, 2, 2, 2, 2, 2, 2, 2, 2, 2, 2, 2, 2, 2, 2, 2, 2, 2, 2, 2, 2, 2, 2, 2, 2, 2, 2, 2, 2, 2, 2, 2, 2, 2, 2, 2, 2, 2, 2, 2, 2, 2, 2, 2, 2, 2, 2, 2, 2, 2, 2, 2, 2, 2, 2, 2, 2, 2, 2, 2, 2, 2, 2, 2, 2, 2, 2, 2, 2, 2, 2, 2, 2, 2, 2, 2, 2, 2, 2, 2, 2, 2, 2, 2, 2, 2, 2, 2, 2, 2, 2, 2, 2, 2, 2, 2, 2, 2, 2, 2, 2, 2, 2, 2, 2, 2, 2, 2, 2, 2, 2, 2, 2, 2, 2, 2, 2, 2, 2, 2, 2, 2, 2, 2, 2, 2, 2, 2, 2, 2, 2, 2, 2, 2, 2, 2, 2, 2, 2, 2, 2, 2, 2, 2, 2, 2, 2, 2, 2, 2, 2, 2, 2, 2, 2, 2, 2, 2, 2, 2, 2, 2, 2, 2, 2, 2, 2, 2, 2, 2, 2, 1, 1, 1, 1, 1, 1, 1, 1, 1, 1, 1, 1, 1, 1, 1, 1, 1, 1, 1, 1, 1, 1, 1, 1, 1, 1, 1, 1, 1, 1, 1, 1, 1, 1, 1, 1, 1, 1, 1, 1, 1, 1, 1, 1, 1, 1, 1, 1, 1, 1, 1, 1, 1, 1, 1, 1, 1, 1, 1, 1, 1, 1, 1, 1, 1, 1, 1, 1, 1, 1, 1, 1, 1, 1, 1, 1, 1, 1, 1, 1, 1, 1, 1, 1, 1, 1, 1, 1, 1, 1, 1, 1, 1, 1, 1, 1, 1, 1, 1, 1, 1, 1, 1, 1, 1, 1, 1, 1, 1, 1, 1, 1, 1, 1, 1, 1, 1, 1, 1, 1, 1, 1, 1, 1, 1, 1, 1, 1, 1, 1, 1, 1, 1, 1, 1, 1, 1, 1, 1, 1, 1, 1, 1, 1, 1, 1, 1, 1, 1, 1, 1, 1, 1, 1, 1, 1, 1, 1, 1, 1, 1, 1, 1, 1, 1, 1, 1, 1, 1, 1, 1, 1, 1, 1, 1, 1, 1, 1, 1, 1, 1, 1, 1, 1, 1, 1, 1, 1, 1, 1, 1, 1, 1, 1, 1, 1, 1, 1, 1, 1, 1, 1, 1, 1, 1, 1, 1, 1, 1, 1, 1, 1, 1, 1, 1, 1, 1, 1, 1, 1, 1, 1, 1, 1, 1, 1, 1, 1, 1, 1, 1, 1, 1, 1, 1, 1, 1, 1, 1, 1, 1, 1, 1, 1, 1, 1, 1, 1, 1, 1, 1, 1, 1, 1, 1, 1, 1, 1, 1, 1, 1, 1, 1, 1, 1, 1, 1, 1, 1, 1, 1, 1, 1, 1, 1, 1, 1, 1, 1, 1, 1, 1, 1, 1, 1, 1, 1, 1, 1, 1, 1, 1, 1, 1, 1, 1, 1, 1, 1, 1, 1, 1, 1, 1, 1, 1, 1, 1, 1, 1, 1, 1, 1, 1, 1, 1, 1, 1, 1, 1, 1, 1, 1, 1, 1, 1, 1, 1, 1, 1, 1, 1, 1, 1, 1, 1, 1, 1, 1, 1, 1, 1, 1, 1, 1, 1, 1, 1, 1, 1, 1, 1, 1, 1, 1, 1, 1, 1, 1, 1, 1, 1, 1, 1, 1, 1, 1, 1, 1, 1, 1, 1, 1, 1, 1, 1, 1, 1, 1, 1, 1, 1, 1, 1, 1, 1, 1, 1, 1, 1, 1, 1, 1, 1, 1, 1, 1, 1, 1, 1, 1, 1, 1, 1, 1, 1, 1, 1, 1, 1, 1, 1, 1, 1, 1, 1, 1, 1, 1, 1, 1, 1, 1, 1, 1, 1, 1, 1, 1, 1, 1, 1, 1, 1, 1, 1, 1, 1, 1, 1, 1, 1, 1, 1, 1, 1, 1, 1, 1, 1, 1, 1, 1, 1, 1, 1, 1, 1, 1, 1, 1, 1, 1, 1, 1, 1, 1, 1, 1, 1, 1, 1, 1, 1, 1, 1, 1, 1, 1, 1, 1, 1, 1, 1, 1, 1, 1, 1, 1, 1, 1, 1, 1, 1, 1, 1, 1, 1, 1, 1, 1, 1, 1, 1, 1, 1, 1, 1, 1, 1, 1, 1, 1, 1, 1, 1, 1, 1, 1, 1, 1, 1, 1, 1, 1, 1, 1, 1, 1, 1, 1, 1, 1, 1, 1, 1, 1, 1, 1, 1, 1, 1, 1, 1, 1, 1, 1, 1, 1, 1, 1, 1, 1, 1, 1, 1, 1, 1, 1, 1, 1, 1, 1, 1, 1, 1, 1, 1, 1, 1, 1, 1, 1, 1, 1, 1, 1, 1, 1, 1, 1, 1, 1, 1, 1, 1, 1, 1, 1, 1, 1, 1, 1, 1, 1, 1, 1, 1, 1, 1, 1, 1, 1, 1, 1, 1, 1, 1, 1, 1, 1, 1, 1, 1, 1, 1, 1, 1, 1, 1, 1, 1, 1, 1, 1, 1, 1, 1, 1, 1, 1, 1, 1, 1, 1, 1, 1, 1, 1, 1, 1, 1, 1, 1, 1, 1, 1, 1, 1, 1, 1, 1, 1, 1, 1, 1, 1, 1, 1, 1, 1, 1, 1, 1, 1, 1, 1, 1, 1, 1, 1, 1, 1, 1, 1, 1, 1, 1, 1, 1, 1, 1, 1, 1, 1, 1, 1, 1, 1, 1, 1, 1, 1, 1, 1, 1, 1, 1, 1, 1, 1, 1, 1, 1, 1, 1, 1, 1, 1, 1, 1, 1, 1, 1, 1, 1, 1, 1, 1, 1, 1, 1, 1, 1, 1, 1, 1, 1, 1, 1, 1, 1, 1, 1, 1, 1, 1, 1, 1, 1, 1, 1, 1, 1, 1, 1, 1, 1, 1, 1, 1, 1, 1, 1, 1, 1, 1, 1, 1, 1, 1, 1, 1, 1, 1, 1, 1, 1, 1, 1, 1, 1, 1, 1, 1, 1, 1, 1, 1, 1, 1, 1, 1, 1, 1, 1, 1, 1, 1, 1, 1, 1, 1, 1, 1, 1, 1, 1, 1, 1, 1, 1, 1, 1, 1, 1, 1, 1, 1, 1, 1, 1, 1, 1, 1, 1, 1, 1, 1, 1, 1, 1, 1, 1, 1, 1, 1, 1, 1, 1, 1, 1, 1, 1, 1, 1, 1, 1, 1, 1, 1, 1, 1, 1, 1, 1, 1, 1, 1, 1, 1, 1, 1, 1, 1, 1, 1, 1, 1, 1, 1, 1, 1, 1, 1, 1, 1, 1, 1, 1, 1, 1, 1, 1, 1, 1, 1, 1, 1, 1, 1, 1, 1, 1, 1, 1, 1, 1, 1, 1, 1, 1, 1, 1, 1, 1, 1, 1, 1, 1, 1, 1, 1, 1, 1, 1, 1, 1, 1, 1, 1, 1, 1, 1, 1, 1, 1, 1, 1, 1, 1, 1, 1, 1, 1, 1, 1, 1, 1, 1, 1, 1, 1, 1, 1, 1, 1, 1, 1, 1, 1, 1, 1, 1, 1, 1, 1, 1, 1, 1, 1, 1, 1, 1, 1, 1, 1, 1, 1, 1, 1, 1, 1, 1, 1, 1, 1, 1, 1, 1, 1, 1, 1, 1, 1, 1, 1, 1, 1, 1, 1, 1, 1, 1, 1, 1, 1, 1, 1, 1, 1, 1, 1, 1, 1, 1, 1, 1, 1, 1, 1, 1, 1, 1, 1, 1, 1, 1, 1, 1, 1, 1, 1, 1, 1, 1, 1, 1, 1, 1, 1, 1, 1, 1, 1, 1, 1, 1, 1, 1, 1, 1, 1, 1, 1, 1, 1, 1, 1, 1, 1, 1, 1, 1, 1, 1, 1, 1, 1, 1, 1, 1, 1, 1, 1, 1, 1, 1, 1, 1, 1, 1, 1, 1, 1, 1, 1, 1, 1, 1, 1, 1, 1, 1, 1, 1, 1, 1, 1, 1, 1, 1, 1, 1, 1, 1, 1, 1, 1, 1, 1, 1, 1, 1, 1, 1, 1, 1, 1, 1, 1, 1, 1, 1, 1, 1, 1, 1, 1, 1, 1, 1, 1, 1, 1, 1, 1, 1, 1, 1, 1, 1, 1, 1, 1, 1, 1, 1, 1, 1, 1, 1, 1, 1, 1, 1, 1, 1, 1, 1, 1, 1, 1, 1, 1, 1, 1, 1, 1, 1, 1, 1, 1, 1, 1, 1, 1, 1, 1, 1, 1, 1, 1, 1, 1, 1, 1, 1, 1, 1, 1, 1, 1, 1, 1, 1, 1, 1, 1, 1, 1, 1, 1, 1, 1, 1, 1, 1, 1, 1, 1, 1, 1, 1, 1, 1, 1, 1, 1, 1, 1, 1, 1, 1, 1, 1, 1, 1, 1, 1, 1, 1, 1, 1, 1, 1, 1, 1, 1, 1, 1, 1, 1, 1, 1, 1, 1, 1, 1, 1, 1, 1, 1, 1, 1, 1, 1, 1, 1, 1, 1, 1, 1, 1, 1, 1, 1, 1, 1, 1, 1, 1, 1, 1, 1, 1, 1, 1, 1, 1, 1, 1, 1, 1, 1, 1, 1, 1, 1, 1, 1, 1, 1, 1]
algo_list[0, 0, 0, 0, 0, 0, 0, 0, 0, 0, 0, 0, 0, 0, 0, 0, 0, 0, 0, 0, 0, 0, 0, 0, 0, 0, 0, 0, 0, 0, 0, 0, 0, 0, 0, 0, 0, 0, 0, 0, 0, 0, 0, 0, 0, 0, 0, 0, 0, 0, 0, 0, 0, 0, 0, 0, 0, 0, 0, 0, 0, 0, 0, 0, 0, 0, 0, 0, 0, 0, 0, 0, 0, 0, 0, 0, 0, 0, 0, 0, 0, 0, 0, 0, 0, 0, 0, 0, 0, 0, 0, 0, 0, 0, 0, 0, 0, 0, 0, 0, 0, 0, 0, 0, 0, 0, 0, 0, 0, 0, 0, 0, 0, 0, 0, 0, 0, 0, 0, 0, 0, 0, 0, 0, 0, 0, 0, 0, 0, 0, 0, 0, 0, 0, 0, 0, 0, 0, 0, 0, 0, 0, 0, 0, 0, 0, 0, 0, 0, 0, 0, 0, 0, 0, 0, 0, 0, 0, 0, 0, 0, 0, 0, 0, 0, 0, 0, 0, 0, 0, 0, 0, 0, 0, 0, 0, 0, 0, 0, 0, 0, 0, 0, 0, 0, 0, 0, 0, 0, 0, 0, 0, 0, 0, 0, 0, 0, 0, 0, 0, 0, 0, 0, 0, 0, 0, 0, 0, 0, 0, 0, 0, 0, 0, 0, 0, 0, 0, 0, 0, 0, 0, 0, 0, 0, 0, 0, 0, 0, 0, 0, 0, 0, 0, 0, 0, 0, 0, 0, 0, 0, 0, 0, 0, 0, 0, 0, 0, 0, 0, 0, 0, 0, 0, 0, 0, 0, 0, 0, 0, 0, 0, 0, 0, 0, 0, 0, 0, 0, 0, 0, 0, 0, 0, 0, 0, 0, 0, 0, 0, 0, 0, 0, 0, 0, 0, 0, 0, 0, 0, 0, 0, 0, 0, 0, 0, 0, 0, 0, 0, 0, 0, 0, 0, 0, 0, 0, 0, 0, 0, 0, 0, 0, 0, 0, 0, 0, 0, 0, 0, 0, 0, 0, 0, 0, 0, 0, 0, 0, 0, 0, 0, 0, 0, 0, 0, 0, 0, 0, 0, 0, 0, 0, 0, 0, 0, 0, 0, 0, 0, 0, 0, 0, 0, 0, 0, 0, 0, 0, 0, 0, 0, 0, 0, 0, 0, 0, 0, 0, 0, 0, 0, 0, 0, 0, 0, 0, 0, 0, 0, 0, 0, 0, 0, 0, 0, 0, 0, 0, 0, 0, 0, 0, 0, 0, 0, 0, 0, 0, 0, 0, 0, 0, 0, 0, 0, 0, 0, 0, 0, 0, 0, 0, 0, 0, 0, 0, 0, 0, 0, 0, 0, 0, 0, 0, 0, 0, 0, 0, 0, 0, 0, 0, 0, 0, 0, 0, 0, 0, 0, 0, 0, 0, 0, 0, 0, 0, 0, 0, 0, 0, 0, 0, 0, 0, 0, 0, 0, 0, 0, 0, 0, 0, 0, 0, 0, 0, 0, 0, 0, 0, 0, 0, 0, 0, 0, 0, 0, 0, 0, 0, 0, 0, 0, 0, 0, 0, 0, 0, 0, 0, 0, 0, 0, 0, 0, 0, 0, 0, 0, 0, 0, 0, 0, 0, 0, 0, 0, 0, 0, 0, 0, 0, 0, 0, 0, 0, 0, 0, 0, 0, 0, 0, 0, 0, 0, 0, 0, 0, 0, 0, 0, 0, 0, 0, 0, 0, 0, 0, 0, 0, 0, 0, 0, 0, 0, 0, 0, 0, 0, 0, 0, 0, 0, 0, 0, 0, 0, 0, 0, 0, 0, 0, 0, 0, 0, 0, 0, 0, 0, 0, 0, 0, 0, 0, 0, 0, 0, 0, 0, 0, 0, 0, 0, 0, 0, 0, 0, 0, 0, 0, 0, 0, 0, 0, 0, 0, 0, 0, 0, 0, 0, 0, 0, 0, 0, 0, 0, 0, 0, 0, 0, 0, 0, 0, 0, 0, 0, 0, 0, 0, 0, 0, 0, 0, 0, 0, 0, 0, 0, 0, 0, 0, 0, 0, 0, 0, 0, 0, 0, 0, 0, 0, 0, 0, 0, 0, 0, 0, 0, 0, 0, 0, 0, 0, 0, 0, 0, 0, 0, 0, 0, 0, 0, 0, 0, 0, 0, 0, 0, 0, 0, 0, 0, 0, 0, 0, 0, 0, 0, 0, 0, 0, 0, 0, 0, 0, 0, 0, 0, 0, 0, 0, 0, 0, 0, 0, 0, 0, 0, 0, 0, 0, 0, 0, 0, 0, 0, 0, 0, 0, 0, 0, 0, 0, 0, 0, 0, 0, 0, 0, 0, 0, 0, 0, 0, 0, 0, 0, 0, 0, 0, 0, 0, 0, 0, 0, 0, 0, 0, 0, 0, 0, 0, 0, 0, 0, 0, 0, 0, 0, 0, 0, 0, 0, 0, 0, 0, 0, 0, 0, 0, 0, 0, 0, 0, 0, 0, 0, 0, 0, 0, 0, 0, 0, 0, 0, 0, 0, 0, 0, 0, 0, 0, 0, 0, 0, 0, 0, 0, 0, 0, 0, 0, 0, 0, 0, 0, 0, 0, 0, 0, 0, 0, 0, 0, 0, 0, 0, 0, 0, 0, 0, 0, 0, 0, 0, 0, 0, 0, 0, 0, 0, 0, 0, 0, 0, 0, 0, 0, 0, 0, 0, 0, 0, 0, 0, 0, 0, 0, 0, 0, 0, 0, 0, 0, 0, 0, 0, 0, 0, 0, 0, 0, 0, 0, 0, 0, 0, 0, 0, 0, 0, 0, 0, 0, 0, 0, 0, 0, 0, 0, 0, 0, 0, 0, 0, 0, 0, 0, 0, 0, 0, 0, 0, 0, 0, 0, 0, 0, 0, 0, 0, 0, 0, 0, 0, 0, 0, 0, 0, 0, 0, 0, 0, 0, 0, 0, 0, 0, 0, 0, 0, 0, 0, 0, 0, 0, 0, 0, 0, 0, 0, 0, 0, 0, 0, 0, 0, 0, 0, 0, 0, 0, 0, 0, 0, 0, 0, 0, 0, 0, 0, 0, 0, 0, 0, 0, 0, 0, 0, 0, 0, 0, 0, 0, 0, 0, 0, 0, 0, 0, 0, 0, 0, 0, 0, 0, 0, 0, 0, 0, 0, 0, 0, 0, 0, 0, 0, 0, 0, 0, 0, 0, 0, 0, 0, 0, 0, 0, 0, 0, 0, 0, 0, 0, 0, 0, 0, 0, 0, 0, 0, 0, 0, 0, 0, 0, 0, 0, 0, 0, 0, 0, 0, 0, 0, 0, 0, 0, 0, 0, 0, 0, 0, 0, 0, 0, 0, 0, 0, 0, 0, 0, 0, 0, 0, 0, 0, 0, 0, 0, 0, 0, 0, 0, 0, 0, 0, 0, 0, 0, 0, 0, 0, 0, 0, 0, 0, 0, 0, 0, 0, 0, 0, 0, 0, 0, 0, 0, 0, 0, 0, 0, 0, 0, 0, 0, 0, 0, 0, 0, 0, 0, 0, 0, 0, 0, 0, 0, 0, 0, 0, 0, 0, 0, 0, 0, 0, 0, 0, 0, 0, 0, 0, 0, 0, 0, 0, 0, 0, 0, 0, 0, 0, 0, 0, 0, 0, 0, 0, 0, 0, 0, 0, 0, 0, 0, 0, 0, 0, 0, 0, 0, 0, 0, 0, 0, 0, 0, 0, 0, 0, 0, 0, 0, 0, 0, 0, 0, 0, 0, 0, 0, 0, 0, 0, 0, 0, 0, 0, 0, 0, 0, 0, 0, 0, 0, 0, 0, 0, 0, 0, 0, 0, 0, 0, 0, 0, 0, 0, 0, 0, 0, 0, 0, 0, 0, 0, 0, 0, 0, 0, 0, 0, 0, 0, 0, 0, 0, 0, 0, 0, 0, 0, 0, 0, 0, 0, 0, 0, 0, 0, 0, 0, 0, 0, 0, 0, 0, 0, 0, 0, 0, 0, 0, 0, 0, 0, 0, 0, 0, 0, 0, 0, 0, 0, 0, 0, 0, 0, 0, 0, 0, 0, 0, 0, 0, 0, 0, 0, 0, 0, 0, 0, 0, 0, 0, 0, 0, 0, 0, 0, 0, 0, 0, 0, 0, 0, 0, 0, 0, 0, 0, 0, 0, 0, 0, 0, 0, 0, 0, 0, 0, 0, 0, 0, 0, 0, 0, 0, 0, 0, 0, 0, 0, 0, 0, 0, 0, 0, 0, 0, 0, 0, 0, 0, 0, 0, 0, 0, 0, 0, 0, 0, 0, 0, 0, 0, 0, 0, 0, 0, 0, 0, 0, 0, 0, 0, 0, 0, 0, 0, 0, 0, 0, 0, 0, 0, 0, 0, 0, 0, 0, 0, 0, 0, 0, 0, 0, 0, 0, 0, 0, 0, 0, 0, 0, 0, 0, 0, 0, 0, 0, 0, 0, 0, 0, 0, 0, 0, 0, 0, 0, 0, 0, 0, 0, 0, 0, 0, 0, 0, 0, 0, 0, 0, 0, 0, 0, 0, 0, 0, 0, 0, 0, 0, 0, 0, 0, 0, 0, 0, 0, 0, 0, 0, 0, 0, 0, 0, 0, 0, 0, 0, 0, 0, 0, 0, 0, 0, 0, 0, 0, 0, 0, 0, 0, 0, 0, 0, 0, 0, 0, 0, 0, 0, 0, 0, 0, 0, 0, 0, 0, 0, 0, 0, 0, 0, 0, 0, 0, 0, 0, 0, 0, 0, 0, 0, 0, 0, 0, 0, 0, 0, 0, 0, 0, 0, 0, 0, 0, 0, 0, 0, 0, 0, 0, 0, 0, 0, 0, 0, 0, 0, 0, 0, 0, 0, 0, 0, 0, 0, 0, 0, 0, 0, 0, 0, 0, 0, 0, 0, 0, 0, 0, 0, 0, 0, 0, 0, 0, 0, 0, 0, 0, 0, 0, 0, 0, 0, 0, 0, 0, 0, 0, 0, 0, 0, 0, 0, 0, 0, 0, 0, 0, 0, 0, 0, 0, 0, 0, 0, 0, 0, 0, 0, 0, 0, 0, 0, 0, 0, 0, 0, 0, 0, 0, 0, 0, 0, 0, 0, 0, 0, 0, 0, 0, 0, 0, 0, 0, 0, 0, 0, 0, 0, 0, 0, 0, 0, 0, 0, 0, 0, 0, 0, 0, 0, 0, 0, 0, 0, 0, 0, 0, 0, 0, 0, 0, 0, 0, 0, 0, 0, 0, 0, 0, 0, 0, 0, 0, 0, 0, 0, 0, 0, 0, 0, 0, 0, 0, 0, 0, 0, 0, 0, 0, 0, 0, 0, 0, 0, 0, 0, 0, 0, 0, 0, 0, 0, 0, 0, 0, 0, 0, 0, 0, 0, 0, 0, 0, 0, 0, 0, 0, 0, 0, 0, 0, 0, 0, 0, 0, 0, 0, 0]

decode|23848.01|46986.69| op = [393, 206, 208, 211, 219, 221, 209]| tp = [1, 1, 1, 1, 1, 1, 1, ] | dp = [2, 1, 1, 1, 1, 1, 1, ] | algo = [0, 0, 0, 0, 0, 0, 0, ] | rc = [108, 56, 54, 48, 34, 32, 0] | gpus = [2, 1, 1, 1, 1, 1, 1] | micro_bs = 8 | time = [23596, 23431, 23127, 23219, 22986, 22805, 23848] | memory = [46986, 46475, 46692, 46812, 46096, 34648, 38468]
验证解
line465:max stage:6, min stage:5, max_value:23848.009085677942, min_value:22805.980364705705
fix|23784.07|46986.69| op = [393, 206, 208, 211, 219, 222, 208]| tp = [1, 1, 1, 1, 1, 1, 1, ] | dp = [2, 1, 1, 1, 1, 1, 1, ] | algo = [0, 0, 0, 0, 0, 0, 0, ] | rc = [108, 56, 54, 48, 34, 32, 0] | gpus = [2, 1, 1, 1, 1, 1, 1] | micro_bs = 8 | time = [23596, 23432, 23127, 23219, 22987, 22904, 23784] | memory = [46986, 46475, 46692, 46812, 46096, 34756, 38440]
best|23784.07|46986.69| op = [393, 206, 208, 211, 219, 222, 208]| tp = [1, 1, 1, 1, 1, 1, 1, ] | dp = [2, 1, 1, 1, 1, 1, 1, ] | algo = [0, 0, 0, 0, 0, 0, 0, ] | rc = [108, 56, 54, 48, 34, 32, 0] | gpus = [2, 1, 1, 1, 1, 1, 1] | micro_bs = 8 | time = [23596, 23432, 23127, 23219, 22987, 22904, 23784] | memory = [46986, 46475, 46692, 46812, 46096, 34756, 38440]
line146:config.memory_list:[46986.6910000003, 46475.25, 46692.0, 46812.5, 46096.75, 34756.5, 38440.203]
line147:config.time_list:[23596.562501103992, 23432.091133515245, 23127.673579467417, 23219.74947425988, 22987.027569933154, 22904.859277188516, 23784.067902160754]
求解成功
config has been saved to /home/liminglong.lml/sxz/SuperScaler/logs-large/aceso/configs/scale-layer/128layers/scale-layer_128layers_7stages_2026-5-15-12-58-1.json

========== Best Result (num_stages = 7) ==========
|23784.07|46986.69| op = [393, 206, 208, 211, 219, 222, 208]| tp = [1, 1, 1, 1, 1, 1, 1, ] | dp = [2, 1, 1, 1, 1, 1, 1, ] | algo = [0, 0, 0, 0, 0, 0, 0, ] | rc = [108, 56, 54, 48, 34, 32, 0] | gpus = [2, 1, 1, 1, 1, 1, 1] | micro_bs = 8 | time = [23596, 23432, 23127, 23219, 22987, 22904, 23784] | memory = [46986, 46475, 46692, 46812, 46096, 34756, 38440]
start|25113.75|46959.99| op = [417, 208, 208, 208, 208, 208, 210]| tp = [1, 1, 1, 1, 1, 1, 1, ] | dp = [2, 1, 1, 1, 1, 1, 1, ] | algo = [0, 0, 0, 0, 0, 0, 0, ] | rc = [120, 56, 54, 44, 32, 26, 0] | gpus = [2, 1, 1, 1, 1, 1, 1] | micro_bs = 8 | time = [25113, 23499, 23111, 22466, 21668, 21155, 23851] | memory = [46959, 46584, 46692, 46800, 43708, 37544, 38468]
fix|25103.41|46875.99| op = [416, 208, 208, 208, 208, 209, 210]| tp = [1, 1, 1, 1, 1, 1, 1, ] | dp = [2, 1, 1, 1, 1, 1, 1, ] | algo = [0, 0, 0, 0, 0, 0, 0, ] | rc = [120, 56, 54, 44, 32, 26, 0] | gpus = [2, 1, 1, 1, 1, 1, 1] | micro_bs = 8 | time = [25103, 23516, 23128, 22483, 21685, 21184, 23851] | memory = [46875, 46680, 46772, 46864, 43756, 37624, 38468]
fix|25091.41|46968.00| op = [415, 208, 208, 208, 208, 210, 210]| tp = [1, 1, 1, 1, 1, 1, 1, ] | dp = [2, 1, 1, 1, 1, 1, 1, ] | algo = [0, 0, 0, 0, 0, 0, 0, ] | rc = [120, 56, 52, 46, 32, 26, 0] | gpus = [2, 1, 1, 1, 1, 1, 1] | micro_bs = 8 | time = [25091, 23580, 23275, 22582, 21750, 21274, 23855] | memory = [46803, 46968, 45092, 46800, 43900, 37768, 38468]
fix|25050.74|46968.02| op = [414, 208, 208, 208, 208, 211, 210]| tp = [1, 1, 1, 1, 1, 1, 1, ] | dp = [2, 1, 1, 1, 1, 1, 1, ] | algo = [0, 0, 0, 0, 0, 0, 0, ] | rc = [118, 56, 52, 46, 32, 26, 0] | gpus = [2, 1, 1, 1, 1, 1, 1] | micro_bs = 8 | time = [25050, 23580, 23275, 22577, 21750, 21315, 23855] | memory = [46803, 46968, 45092, 46800, 43900, 37896, 38468]
fix|24998.49|46864.00| op = [413, 208, 208, 208, 208, 212, 210]| tp = [1, 1, 1, 1, 1, 1, 1, ] | dp = [2, 1, 1, 1, 1, 1, 1, ] | algo = [0, 0, 0, 0, 0, 0, 0, ] | rc = [118, 56, 54, 44, 32, 26, 0] | gpus = [2, 1, 1, 1, 1, 1, 1] | micro_bs = 8 | time = [24998, 23516, 23128, 22483, 21686, 21343, 23852] | memory = [46563, 46680, 46772, 46864, 43756, 37944, 38468]
fix|24979.18|46800.00| op = [412, 208, 208, 208, 208, 213, 210]| tp = [1, 1, 1, 1, 1, 1, 1, ] | dp = [2, 1, 1, 1, 1, 1, 1, ] | algo = [0, 0, 0, 0, 0, 0, 0, ] | rc = [118, 56, 54, 44, 32, 26, 0] | gpus = [2, 1, 1, 1, 1, 1, 1] | micro_bs = 8 | time = [24979, 23499, 23111, 22466, 21669, 21362, 23851] | memory = [46507, 46584, 46692, 46800, 43708, 37944, 38468]
fix|24969.07|46864.00| op = [411, 208, 208, 208, 208, 214, 210]| tp = [1, 1, 1, 1, 1, 1, 1, ] | dp = [2, 1, 1, 1, 1, 1, 1, ] | algo = [0, 0, 0, 0, 0, 0, 0, ] | rc = [118, 56, 54, 44, 32, 26, 0] | gpus = [2, 1, 1, 1, 1, 1, 1] | micro_bs = 8 | time = [24969, 23516, 23128, 22483, 21686, 21391, 23852] | memory = [46423, 46680, 46772, 46864, 43756, 38024, 38468]
fix|24953.62|46864.00| op = [410, 208, 208, 208, 208, 215, 210]| tp = [1, 1, 1, 1, 1, 1, 1, ] | dp = [2, 1, 1, 1, 1, 1, 1, ] | algo = [0, 0, 0, 0, 0, 0, 0, ] | rc = [118, 56, 54, 44, 32, 26, 0] | gpus = [2, 1, 1, 1, 1, 1, 1] | micro_bs = 8 | time = [24953, 23516, 23128, 22483, 21686, 21415, 23852] | memory = [46363, 46680, 46772, 46864, 43756, 38060, 38468]
fix|25157.68|46755.56| op = [409, 208, 208, 208, 208, 216, 210]| tp = [1, 1, 1, 1, 1, 1, 1, ] | dp = [2, 1, 1, 1, 1, 1, 1, ] | algo = [0, 0, 0, 0, 0, 0, 0, ] | rc = [121, 65, 57, 49, 35, 28, 0] | gpus = [2, 1, 1, 1, 1, 1, 1] | micro_bs = 8 | time = [25157, 24551, 24176, 23566, 22498, 22057, 23888] | memory = [46755, 46680, 45492, 45584, 46188, 36812, 38468]
fix|24823.97|46864.00| op = [408, 208, 208, 208, 208, 217, 210]| tp = [1, 1, 1, 1, 1, 1, 1, ] | dp = [2, 1, 1, 1, 1, 1, 1, ] | algo = [0, 0, 0, 0, 0, 0, 0, ] | rc = [116, 58, 56, 46, 32, 32, 0] | gpus = [2, 1, 1, 1, 1, 1, 1] | micro_bs = 8 | time = [24823, 24221, 23833, 23188, 22238, 22608, 23880] | memory = [46307, 46680, 46772, 46864, 45292, 34508, 38468]
fix|24732.11|46864.00| op = [407, 208, 208, 208, 209, 217, 210]| tp = [1, 1, 1, 1, 1, 1, 1, ] | dp = [2, 1, 1, 1, 1, 1, 1, ] | algo = [0, 0, 0, 0, 0, 0, 0, ] | rc = [116, 59, 57, 47, 32, 32, 0] | gpus = [2, 1, 1, 1, 1, 1, 1] | micro_bs = 8 | time = [24732, 24301, 23913, 23268, 22426, 22610, 23882] | memory = [46307, 46680, 46772, 46864, 45292, 34508, 38468]
fix|24425.38|46992.00| op = [406, 208, 208, 208, 210, 217, 210]| tp = [1, 1, 1, 1, 1, 1, 1, ] | dp = [2, 1, 1, 1, 1, 1, 1, ] | algo = [0, 0, 0, 0, 0, 0, 0, ] | rc = [114, 56, 52, 44, 32, 32, 0] | gpus = [2, 1, 1, 1, 1, 1, 1] | micro_bs = 8 | time = [24425, 23562, 23257, 22529, 22333, 22591, 23863] | memory = [46307, 46872, 45012, 46992, 45388, 34508, 38468]
fix|24370.46|46864.00| op = [405, 208, 208, 208, 211, 217, 210]| tp = [1, 1, 1, 1, 1, 1, 1, ] | dp = [2, 1, 1, 1, 1, 1, 1, ] | algo = [0, 0, 0, 0, 0, 0, 0, ] | rc = [114, 56, 54, 44, 32, 32, 0] | gpus = [2, 1, 1, 1, 1, 1, 1] | micro_bs = 8 | time = [24370, 23526, 23138, 22493, 22396, 22590, 23862] | memory = [46127, 46680, 46772, 46864, 45448, 34508, 38468]
fix|24351.41|46800.00| op = [404, 208, 208, 208, 212, 217, 210]| tp = [1, 1, 1, 1, 1, 1, 1, ] | dp = [2, 1, 1, 1, 1, 1, 1, ] | algo = [0, 0, 0, 0, 0, 0, 0, ] | rc = [114, 56, 54, 44, 32, 32, 0] | gpus = [2, 1, 1, 1, 1, 1, 1] | micro_bs = 8 | time = [24351, 23510, 23122, 22477, 22414, 22589, 23862] | memory = [46071, 46584, 46692, 46800, 45448, 34508, 38468]
fix|24340.94|46864.00| op = [403, 208, 208, 208, 213, 217, 210]| tp = [1, 1, 1, 1, 1, 1, 1, ] | dp = [2, 1, 1, 1, 1, 1, 1, ] | algo = [0, 0, 0, 0, 0, 0, 0, ] | rc = [114, 56, 54, 44, 32, 32, 0] | gpus = [2, 1, 1, 1, 1, 1, 1] | micro_bs = 8 | time = [24340, 23526, 23139, 22494, 22443, 22590, 23862] | memory = [45987, 46680, 46772, 46864, 45568, 34508, 38468]
fix|24328.46|46968.00| op = [402, 208, 208, 208, 214, 217, 210]| tp = [1, 1, 1, 1, 1, 1, 1, ] | dp = [2, 1, 1, 1, 1, 1, 1, ] | algo = [0, 0, 0, 0, 0, 0, 0, ] | rc = [114, 56, 52, 46, 32, 32, 0] | gpus = [2, 1, 1, 1, 1, 1, 1] | micro_bs = 8 | time = [24328, 23590, 23285, 22592, 22533, 22593, 23865] | memory = [45915, 46968, 45092, 46800, 45776, 34508, 38468]
fix|24306.34|46968.02| op = [401, 208, 208, 208, 215, 217, 210]| tp = [1, 1, 1, 1, 1, 1, 1, ] | dp = [2, 1, 1, 1, 1, 1, 1, ] | algo = [0, 0, 0, 0, 0, 0, 0, ] | rc = [114, 56, 52, 46, 32, 32, 0] | gpus = [2, 1, 1, 1, 1, 1, 1] | micro_bs = 8 | time = [24306, 23590, 23285, 22588, 22574, 22593, 23865] | memory = [45691, 46968, 45092, 46800, 45968, 34508, 38468]
fix|24213.44|46864.00| op = [400, 208, 208, 208, 216, 217, 210]| tp = [1, 1, 1, 1, 1, 1, 1, ] | dp = [2, 1, 1, 1, 1, 1, 1, ] | algo = [0, 0, 0, 0, 0, 0, 0, ] | rc = [116, 56, 54, 44, 32, 32, 0] | gpus = [2, 1, 1, 1, 1, 1, 1] | micro_bs = 8 | time = [24213, 23527, 23139, 22494, 22602, 22590, 23862] | memory = [46795, 46680, 46772, 46864, 46032, 34508, 38468]
fix|24175.84|46962.69| op = [399, 208, 208, 209, 216, 217, 210]| tp = [1, 1, 1, 1, 1, 1, 1, ] | dp = [2, 1, 1, 1, 1, 1, 1, ] | algo = [0, 0, 0, 0, 0, 0, 0, ] | rc = [114, 56, 54, 44, 32, 32, 0] | gpus = [2, 1, 1, 1, 1, 1, 1] | micro_bs = 8 | time = [24175, 23510, 23122, 22513, 22602, 22590, 23862] | memory = [46962, 46584, 46692, 46864, 46032, 34508, 38468]
fix|24165.75|46878.69| op = [398, 208, 208, 210, 216, 217, 210]| tp = [1, 1, 1, 1, 1, 1, 1, ] | dp = [2, 1, 1, 1, 1, 1, 1, ] | algo = [0, 0, 0, 0, 0, 0, 0, ] | rc = [114, 56, 54, 46, 32, 32, 0] | gpus = [2, 1, 1, 1, 1, 1, 1] | micro_bs = 8 | time = [24165, 23527, 23139, 22576, 22602, 22590, 23863] | memory = [46878, 46680, 46772, 46768, 46032, 34508, 38468]
fix|24150.30|46836.50| op = [397, 208, 208, 211, 216, 217, 210]| tp = [1, 1, 1, 1, 1, 1, 1, ] | dp = [2, 1, 1, 1, 1, 1, 1, ] | algo = [0, 0, 0, 0, 0, 0, 0, ] | rc = [114, 56, 54, 46, 32, 32, 0] | gpus = [2, 1, 1, 1, 1, 1, 1] | micro_bs = 8 | time = [24150, 23527, 23139, 22601, 22602, 22590, 23863] | memory = [46818, 46680, 46772, 46836, 46032, 34508, 38468]
fix|24547.80|46836.00| op = [396, 208, 208, 211, 216, 218, 210]| tp = [1, 1, 1, 1, 1, 1, 1, ] | dp = [2, 1, 1, 1, 1, 1, 1, ] | algo = [0, 0, 0, 0, 0, 0, 0, ] | rc = [117, 65, 57, 48, 32, 32, 0] | gpus = [2, 1, 1, 1, 1, 1, 1] | micro_bs = 8 | time = [24399, 24547, 24172, 23175, 22458, 22798, 23885] | memory = [45642, 46680, 45492, 46836, 46032, 34508, 38468]
fix|24394.10|46996.00| op = [396, 207, 208, 211, 217, 218, 210]| tp = [1, 1, 1, 1, 1, 1, 1, ] | dp = [2, 1, 1, 1, 1, 1, 1, ] | algo = [0, 0, 0, 0, 0, 0, 0, ] | rc = [117, 56, 56, 48, 32, 32, 0] | gpus = [2, 1, 1, 1, 1, 1, 1] | micro_bs = 8 | time = [24394, 23833, 23832, 23510, 22481, 22793, 23879] | memory = [45642, 46680, 46772, 46996, 46152, 34508, 38468]
fix|24036.29|46986.69| op = [395, 207, 208, 211, 218, 218, 210]| tp = [1, 1, 1, 1, 1, 1, 1, ] | dp = [2, 1, 1, 1, 1, 1, 1, ] | algo = [0, 0, 0, 0, 0, 0, 0, ] | rc = [110, 58, 57, 49, 32, 32, 0] | gpus = [2, 1, 1, 1, 1, 1, 1] | micro_bs = 8 | time = [23992, 24036, 23911, 23750, 22506, 22794, 23881] | memory = [46986, 46680, 46772, 46928, 46204, 34508, 38468]
fix|24055.20|46986.69| op = [395, 206, 208, 211, 219, 218, 210]| tp = [1, 1, 1, 1, 1, 1, 1, ] | dp = [2, 1, 1, 1, 1, 1, 1, ] | algo = [0, 0, 0, 0, 0, 0, 0, ] | rc = [110, 56, 52, 51, 34, 32, 0] | gpus = [2, 1, 1, 1, 1, 1, 1] | micro_bs = 8 | time = [23989, 23465, 23272, 24055, 23091, 22791, 23878] | memory = [46986, 46680, 45012, 45712, 46764, 34508, 38468]
fix|23981.69|46992.00| op = [395, 206, 208, 210, 219, 219, 210]| tp = [1, 1, 1, 1, 1, 1, 1, ] | dp = [2, 1, 1, 1, 1, 1, 1, ] | algo = [0, 0, 0, 0, 0, 0, 0, ] | rc = [110, 56, 52, 46, 34, 32, 0] | gpus = [2, 1, 1, 1, 1, 1, 1] | micro_bs = 8 | time = [23981, 23457, 23264, 23290, 22903, 22709, 23870] | memory = [46986, 46680, 45012, 46992, 46252, 34572, 38468]
fix|23887.41|46986.69| op = [394, 206, 208, 210, 219, 220, 210]| tp = [1, 1, 1, 1, 1, 1, 1, ] | dp = [2, 1, 1, 1, 1, 1, 1, ] | algo = [0, 0, 0, 0, 0, 0, 0, ] | rc = [110, 57, 54, 48, 34, 32, 0] | gpus = [2, 1, 1, 1, 1, 1, 1] | micro_bs = 8 | time = [23887, 23622, 23147, 23203, 22990, 22774, 23870] | memory = [46986, 46380, 46772, 46812, 46096, 34616, 38468]
fix|23861.86|46986.69| op = [393, 206, 208, 210, 219, 221, 210]| tp = [1, 1, 1, 1, 1, 1, 1, ] | dp = [2, 1, 1, 1, 1, 1, 1, ] | algo = [0, 0, 0, 0, 0, 0, 0, ] | rc = [108, 56, 54, 46, 34, 32, 0] | gpus = [2, 1, 1, 1, 1, 1, 1] | micro_bs = 8 | time = [23590, 23426, 23122, 22646, 22872, 22784, 23861] | memory = [46986, 46475, 46692, 46812, 46144, 34616, 38468]
fix|23848.01|46986.69| op = [393, 206, 208, 211, 219, 221, 209]| tp = [1, 1, 1, 1, 1, 1, 1, ] | dp = [2, 1, 1, 1, 1, 1, 1, ] | algo = [0, 0, 0, 0, 0, 0, 0, ] | rc = [108, 56, 54, 48, 34, 32, 0] | gpus = [2, 1, 1, 1, 1, 1, 1] | micro_bs = 8 | time = [23596, 23431, 23127, 23219, 22986, 22805, 23848] | memory = [46986, 46475, 46692, 46812, 46096, 34648, 38468]
best|23848.01|46986.69| op = [393, 206, 208, 211, 219, 221, 209]| tp = [1, 1, 1, 1, 1, 1, 1, ] | dp = [2, 1, 1, 1, 1, 1, 1, ] | algo = [0, 0, 0, 0, 0, 0, 0, ] | rc = [108, 56, 54, 48, 34, 32, 0] | gpus = [2, 1, 1, 1, 1, 1, 1] | micro_bs = 8 | time = [23596, 23431, 23127, 23219, 22986, 22805, 23848] | memory = [46986, 46475, 46692, 46812, 46096, 34648, 38468]
decode|23848.01|46986.69| op = [393, 206, 208, 211, 219, 221, 209]| tp = [1, 1, 1, 1, 1, 1, 1, ] | dp = [2, 1, 1, 1, 1, 1, 1, ] | algo = [0, 0, 0, 0, 0, 0, 0, ] | rc = [108, 56, 54, 48, 34, 32, 0] | gpus = [2, 1, 1, 1, 1, 1, 1] | micro_bs = 8 | time = [23596, 23431, 23127, 23219, 22986, 22805, 23848] | memory = [46986, 46475, 46692, 46812, 46096, 34648, 38468]
fix|23784.07|46986.69| op = [393, 206, 208, 211, 219, 222, 208]| tp = [1, 1, 1, 1, 1, 1, 1, ] | dp = [2, 1, 1, 1, 1, 1, 1, ] | algo = [0, 0, 0, 0, 0, 0, 0, ] | rc = [108, 56, 54, 48, 34, 32, 0] | gpus = [2, 1, 1, 1, 1, 1, 1] | micro_bs = 8 | time = [23596, 23432, 23127, 23219, 22987, 22904, 23784] | memory = [46986, 46475, 46692, 46812, 46096, 34756, 38440]
best|23784.07|46986.69| op = [393, 206, 208, 211, 219, 222, 208]| tp = [1, 1, 1, 1, 1, 1, 1, ] | dp = [2, 1, 1, 1, 1, 1, 1, ] | algo = [0, 0, 0, 0, 0, 0, 0, ] | rc = [108, 56, 54, 48, 34, 32, 0] | gpus = [2, 1, 1, 1, 1, 1, 1] | micro_bs = 8 | time = [23596, 23432, 23127, 23219, 22987, 22904, 23784] | memory = [46986, 46475, 46692, 46812, 46096, 34756, 38440]

num_targets: []
num_hops: []
search time = 0.00 s.  [0] 
num_explored_cases = 0
time trend: [25113]

stage 7 search time: 0.90 s
working on num_stages = 8
start|24389.48|46864.00| op = [208, 208, 208, 208, 208, 208, 208, 211]| tp = [1, 1, 1, 1, 1, 1, 1, 1, ] | dp = [1, 1, 1, 1, 1, 1, 1, 1, ] | algo = [0, 0, 0, 0, 0, 0, 0, 0, ] | rc = [64, 60, 56, 54, 44, 32, 26, 0] | gpus = [1, 1, 1, 1, 1, 1, 1, 1] | micro_bs = 8 | time = [24389, 23992, 23687, 23299, 22654, 21857, 21343, 24050] | memory = [44352, 46460, 46680, 46772, 46864, 43756, 37576, 38508]
line465:max stage:0, min stage:6, max_value:24389.484153949616, min_value:21343.96779664717
fix|24366.97|46968.00| op = [207, 208, 208, 208, 208, 208, 209, 211]| tp = [1, 1, 1, 1, 1, 1, 1, 1, ] | dp = [1, 1, 1, 1, 1, 1, 1, 1, ] | algo = [0, 0, 0, 0, 0, 0, 0, 0, ] | rc = [64, 60, 56, 52, 46, 32, 26, 0] | gpus = [1, 1, 1, 1, 1, 1, 1, 1] | micro_bs = 8 | time = [24366, 24057, 23752, 23447, 22754, 21921, 21435, 24054] | memory = [44208, 46796, 46968, 45092, 46800, 43900, 37720, 38508]
cv:0.043423613834202957
line465:max stage:0, min stage:6, max_value:24366.96925191797, min_value:21435.05261661552
fix|24325.95|46968.02| op = [206, 208, 208, 208, 208, 208, 210, 211]| tp = [1, 1, 1, 1, 1, 1, 1, 1, ] | dp = [1, 1, 1, 1, 1, 1, 1, 1, ] | algo = [0, 0, 0, 0, 0, 0, 0, 0, ] | rc = [64, 60, 56, 52, 46, 32, 26, 0] | gpus = [1, 1, 1, 1, 1, 1, 1, 1] | micro_bs = 8 | time = [24325, 24057, 23752, 23447, 22749, 21921, 21476, 24054] | memory = [43696, 46796, 46968, 45092, 46800, 43900, 37848, 38508]
cv:0.04280016646844143
line465:max stage:0, min stage:6, max_value:24325.95248214243, min_value:21476.00012283998
fix|24112.01|46864.00| op = [205, 208, 208, 208, 208, 208, 211, 211]| tp = [1, 1, 1, 1, 1, 1, 1, 1, ] | dp = [1, 1, 1, 1, 1, 1, 1, 1, ] | algo = [0, 0, 0, 0, 0, 0, 0, 0, ] | rc = [64, 60, 56, 54, 44, 32, 26, 0] | gpus = [1, 1, 1, 1, 1, 1, 1, 1] | micro_bs = 8 | time = [24112, 23991, 23686, 23298, 22653, 21856, 21501, 24049] | memory = [46752, 46460, 46680, 46772, 46864, 43756, 37896, 38508]
cv:0.04152664135775602
line465:max stage:0, min stage:6, max_value:24112.014937057393, min_value:21501.948305754944
fix|24075.56|46800.00| op = [204, 208, 208, 208, 208, 208, 212, 211]| tp = [1, 1, 1, 1, 1, 1, 1, 1, ] | dp = [1, 1, 1, 1, 1, 1, 1, 1, ] | algo = [0, 0, 0, 0, 0, 0, 0, 0, ] | rc = [64, 60, 56, 54, 44, 32, 26, 0] | gpus = [1, 1, 1, 1, 1, 1, 1, 1] | micro_bs = 8 | time = [24075, 23974, 23669, 23281, 22636, 21839, 21520, 24049] | memory = [46623, 46348, 46584, 46692, 46800, 43708, 37896, 38508]
cv:0.04120127086734752
line465:max stage:0, min stage:6, max_value:24075.555014659087, min_value:21520.59063535664
fix|24049.71|46943.50| op = [203, 208, 208, 208, 208, 208, 213, 211]| tp = [1, 1, 1, 1, 1, 1, 1, 1, ] | dp = [1, 1, 1, 1, 1, 1, 1, 1, ] | algo = [0, 0, 0, 0, 0, 0, 0, 0, ] | rc = [62, 60, 56, 54, 44, 32, 26, 0] | gpus = [1, 1, 1, 1, 1, 1, 1, 1] | micro_bs = 8 | time = [24029, 23991, 23686, 23298, 22653, 21855, 21549, 24049] | memory = [46943, 46460, 46680, 46772, 46864, 43756, 37976, 38508]
cv:0.04066603737739586
line465:max stage:7, min stage:6, max_value:24049.714279818596, min_value:21549.03770664717
fix|24029.36|46943.50| op = [203, 208, 208, 208, 208, 208, 214, 210]| tp = [1, 1, 1, 1, 1, 1, 1, 1, ] | dp = [1, 1, 1, 1, 1, 1, 1, 1, ] | algo = [0, 0, 0, 0, 0, 0, 0, 0, ] | rc = [62, 60, 56, 54, 44, 32, 26, 0] | gpus = [1, 1, 1, 1, 1, 1, 1, 1] | micro_bs = 8 | time = [24029, 23991, 23686, 23298, 22653, 21855, 21560, 24021] | memory = [46943, 46460, 46680, 46772, 46864, 43756, 38024, 38468]
cv:0.04042005061362792
line465:max stage:0, min stage:6, max_value:24029.36349214688, min_value:21560.500807370347
fix|24021.71|46864.00| op = [202, 208, 208, 208, 208, 208, 215, 210]| tp = [1, 1, 1, 1, 1, 1, 1, 1, ] | dp = [1, 1, 1, 1, 1, 1, 1, 1, ] | algo = [0, 0, 0, 0, 0, 0, 0, 0, ] | rc = [62, 60, 56, 54, 44, 32, 26, 0] | gpus = [1, 1, 1, 1, 1, 1, 1, 1] | micro_bs = 8 | time = [24005, 23991, 23686, 23298, 22653, 21855, 21584, 24021] | memory = [46811, 46460, 46680, 46772, 46864, 43756, 38060, 38468]
cv:0.04007849972375549
line465:max stage:7, min stage:6, max_value:24021.71304045036, min_value:21584.581445478118
fix|24005.41|46864.00| op = [202, 208, 208, 208, 208, 208, 216, 209]| tp = [1, 1, 1, 1, 1, 1, 1, 1, ] | dp = [1, 1, 1, 1, 1, 1, 1, 1, ] | algo = [0, 0, 0, 0, 0, 0, 0, 0, ] | rc = [62, 60, 56, 54, 44, 32, 26, 0] | gpus = [1, 1, 1, 1, 1, 1, 1, 1] | micro_bs = 8 | time = [24005, 23991, 23686, 23298, 22653, 21855, 21620, 24002] | memory = [46811, 46460, 46680, 46772, 46864, 43756, 38092, 38468]
cv:0.0396579784795374
line465:max stage:0, min stage:6, max_value:24005.40858037549, min_value:21620.147590272227
fix|25128.88|46908.00| op = [201, 208, 208, 208, 208, 208, 217, 209]| tp = [1, 1, 1, 1, 1, 1, 1, 1, ] | dp = [1, 1, 1, 1, 1, 1, 1, 1, ] | algo = [0, 0, 0, 0, 0, 0, 0, 0, ] | rc = [83, 81, 65, 57, 49, 35, 28, 0] | gpus = [1, 1, 1, 1, 1, 1, 1, 1] | micro_bs = 8 | time = [24590, 25128, 24732, 24357, 23747, 22679, 22274, 24050] | memory = [46683, 46908, 46680, 45492, 45584, 46188, 36844, 38468]
cv:0.039205839452015896
line465:max stage:1, min stage:6, max_value:25128.882994332893, min_value:22274.1984592137
fix|24578.25|46864.00| op = [201, 207, 208, 208, 208, 208, 218, 209]| tp = [1, 1, 1, 1, 1, 1, 1, 1, ] | dp = [1, 1, 1, 1, 1, 1, 1, 1, ] | algo = [0, 0, 0, 0, 0, 0, 0, 0, ] | rc = [83, 60, 58, 56, 46, 32, 32, 0] | gpus = [1, 1, 1, 1, 1, 1, 1, 1] | micro_bs = 8 | time = [24578, 24316, 24398, 24010, 23365, 22415, 22820, 24038] | memory = [46683, 46460, 46680, 46772, 46864, 45292, 34540, 38468]
cv:0.031126787302465656
line465:max stage:0, min stage:5, max_value:24578.246313316962, min_value:22415.609082332892
fix|24516.23|46864.00| op = [200, 207, 208, 208, 208, 209, 218, 209]| tp = [1, 1, 1, 1, 1, 1, 1, 1, ] | dp = [1, 1, 1, 1, 1, 1, 1, 1, ] | algo = [0, 0, 0, 0, 0, 0, 0, 0, ] | rc = [60, 62, 59, 57, 47, 32, 32, 0] | gpus = [1, 1, 1, 1, 1, 1, 1, 1] | micro_bs = 8 | time = [23740, 24516, 24474, 24086, 23441, 22599, 22818, 24036] | memory = [46683, 46460, 46680, 46772, 46864, 45292, 34540, 38468]
cv:0.028220936827785034
line465:max stage:1, min stage:5, max_value:24516.233886332895, min_value:22599.404344332892
fix|24015.36|46992.00| op = [200, 206, 208, 208, 208, 210, 218, 209]| tp = [1, 1, 1, 1, 1, 1, 1, 1, ] | dp = [1, 1, 1, 1, 1, 1, 1, 1, ] | algo = [0, 0, 0, 0, 0, 0, 0, 0, ] | rc = [60, 60, 56, 52, 44, 32, 32, 0] | gpus = [1, 1, 1, 1, 1, 1, 1, 1] | micro_bs = 8 | time = [23719, 23926, 23733, 23428, 22700, 22504, 22797, 24015] | memory = [46683, 46460, 46872, 45012, 46992, 45388, 34540, 38468]
cv:0.023972608328214445
line465:max stage:7, min stage:5, max_value:24015.362045618276, min_value:22504.053407139778
fix|23952.06|46992.00| op = [200, 206, 208, 208, 208, 211, 218, 208]| tp = [1, 1, 1, 1, 1, 1, 1, 1, ] | dp = [1, 1, 1, 1, 1, 1, 1, 1, ] | algo = [0, 0, 0, 0, 0, 0, 0, 0, ] | rc = [60, 60, 56, 52, 44, 37, 28, 0] | gpus = [1, 1, 1, 1, 1, 1, 1, 1] | micro_bs = 8 | time = [23720, 23927, 23734, 23429, 22701, 23144, 22338, 23952] | memory = [46683, 46460, 46872, 45012, 46992, 46284, 36952, 38440]
cv:0.023778631498836664
line465:max stage:7, min stage:6, max_value:23952.058537101086, min_value:22338.639669248038
fix|24031.20|46992.00| op = [200, 206, 208, 208, 208, 211, 219, 207]| tp = [1, 1, 1, 1, 1, 1, 1, 1, ] | dp = [1, 1, 1, 1, 1, 1, 1, 1, ] | algo = [0, 0, 0, 0, 0, 0, 0, 0, ] | rc = [60, 60, 56, 52, 44, 37, 30, 0] | gpus = [1, 1, 1, 1, 1, 1, 1, 1] | micro_bs = 8 | time = [23725, 23932, 23739, 23434, 22706, 23149, 22930, 24031] | memory = [46683, 46460, 46872, 45012, 46992, 46284, 35672, 38408]
cv:0.019322033469332513
line465:max stage:7, min stage:4, max_value:24031.204490707845, min_value:22706.571575365524
fix|23930.42|46992.00| op = [200, 206, 208, 208, 209, 211, 219, 206]| tp = [1, 1, 1, 1, 1, 1, 1, 1, ] | dp = [1, 1, 1, 1, 1, 1, 1, 1, ] | algo = [0, 0, 0, 0, 0, 0, 0, 0, ] | rc = [60, 60, 56, 52, 46, 34, 28, 0] | gpus = [1, 1, 1, 1, 1, 1, 1, 1] | micro_bs = 8 | time = [23723, 23930, 23736, 23431, 23272, 22880, 22507, 23843] | memory = [46683, 46460, 46872, 45012, 46992, 45340, 36920, 38408]
cv:0.02013347337333539
line465:max stage:1, min stage:6, max_value:23930.423792001897, min_value:22507.269595627342
fix|23844.53|46812.00| op = [200, 205, 208, 208, 209, 211, 220, 206]| tp = [1, 1, 1, 1, 1, 1, 1, 1, ] | dp = [1, 1, 1, 1, 1, 1, 1, 1, ] | algo = [0, 0, 0, 0, 0, 0, 0, 0, ] | rc = [60, 60, 56, 54, 46, 37, 30, 0] | gpus = [1, 1, 1, 1, 1, 1, 1, 1] | micro_bs = 8 | time = [23724, 23833, 23703, 23315, 22804, 23148, 23114, 23844] | memory = [46683, 46112, 46680, 46772, 46812, 46284, 35672, 38408]
cv:0.015666261499941398
line465:max stage:7, min stage:4, max_value:23844.525031383062, min_value:22804.481138666186
fix|23833.32|46812.00| op = [200, 205, 208, 208, 210, 211, 220, 205]| tp = [1, 1, 1, 1, 1, 1, 1, 1, ] | dp = [1, 1, 1, 1, 1, 1, 1, 1, ] | algo = [0, 0, 0, 0, 0, 0, 0, 0, ] | rc = [60, 60, 56, 54, 48, 34, 32, 0] | gpus = [1, 1, 1, 1, 1, 1, 1, 1] | micro_bs = 8 | time = [23724, 23833, 23704, 23316, 23372, 22881, 23067, 23628] | memory = [46683, 46112, 46680, 46772, 46812, 45340, 34616, 37256]
best|23833.32|46812.00| op = [200, 205, 208, 208, 210, 211, 220, 205]| tp = [1, 1, 1, 1, 1, 1, 1, 1, ] | dp = [1, 1, 1, 1, 1, 1, 1, 1, ] | algo = [0, 0, 0, 0, 0, 0, 0, 0, ] | rc = [60, 60, 56, 54, 48, 34, 32, 0] | gpus = [1, 1, 1, 1, 1, 1, 1, 1] | micro_bs = 8 | time = [23724, 23833, 23704, 23316, 23372, 22881, 23067, 23628] | memory = [46683, 46112, 46680, 46772, 46812, 45340, 34616, 37256]
line146:config.memory_list:[46683.496000000014, 46112.0, 46680.0, 46772.0, 46812.0, 45340.0, 34616.5, 37256.203]
line147:config.time_list:[23724.57235240582, 23833.319963302558, 23704.03625118337, 23316.24810118337, 23372.886035302556, 22881.939595302563, 23067.226499302556, 23628.452524274802]
------------------------------------------------------------------------------------------------------
cegis_search for the 0th times
开始求解check...
line351:
tp_list[1, 1, 1, 1, 1, 1, 1, 1, 1, 1, 1, 1, 1, 1, 1, 1, 1, 1, 1, 1, 1, 1, 1, 1, 1, 1, 1, 1, 1, 1, 1, 1, 1, 1, 1, 1, 1, 1, 1, 1, 1, 1, 1, 1, 1, 1, 1, 1, 1, 1, 1, 1, 1, 1, 1, 1, 1, 1, 1, 1, 1, 1, 1, 1, 1, 1, 1, 1, 1, 1, 1, 1, 1, 1, 1, 1, 1, 1, 1, 1, 1, 1, 1, 1, 1, 1, 1, 1, 1, 1, 1, 1, 1, 1, 1, 1, 1, 1, 1, 1, 1, 1, 1, 1, 1, 1, 1, 1, 1, 1, 1, 1, 1, 1, 1, 1, 1, 1, 1, 1, 1, 1, 1, 1, 1, 1, 1, 1, 1, 1, 1, 1, 1, 1, 1, 1, 1, 1, 1, 1, 1, 1, 1, 1, 1, 1, 1, 1, 1, 1, 1, 1, 1, 1, 1, 1, 1, 1, 1, 1, 1, 1, 1, 1, 1, 1, 1, 1, 1, 1, 1, 1, 1, 1, 1, 1, 1, 1, 1, 1, 1, 1, 1, 1, 1, 1, 1, 1, 1, 1, 1, 1, 1, 1, 1, 1, 1, 1, 1, 1, 1, 1, 1, 1, 1, 1, 1, 1, 1, 1, 1, 1, 1, 1, 1, 1, 1, 1, 1, 1, 1, 1, 1, 1, 1, 1, 1, 1, 1, 1, 1, 1, 1, 1, 1, 1, 1, 1, 1, 1, 1, 1, 1, 1, 1, 1, 1, 1, 1, 1, 1, 1, 1, 1, 1, 1, 1, 1, 1, 1, 1, 1, 1, 1, 1, 1, 1, 1, 1, 1, 1, 1, 1, 1, 1, 1, 1, 1, 1, 1, 1, 1, 1, 1, 1, 1, 1, 1, 1, 1, 1, 1, 1, 1, 1, 1, 1, 1, 1, 1, 1, 1, 1, 1, 1, 1, 1, 1, 1, 1, 1, 1, 1, 1, 1, 1, 1, 1, 1, 1, 1, 1, 1, 1, 1, 1, 1, 1, 1, 1, 1, 1, 1, 1, 1, 1, 1, 1, 1, 1, 1, 1, 1, 1, 1, 1, 1, 1, 1, 1, 1, 1, 1, 1, 1, 1, 1, 1, 1, 1, 1, 1, 1, 1, 1, 1, 1, 1, 1, 1, 1, 1, 1, 1, 1, 1, 1, 1, 1, 1, 1, 1, 1, 1, 1, 1, 1, 1, 1, 1, 1, 1, 1, 1, 1, 1, 1, 1, 1, 1, 1, 1, 1, 1, 1, 1, 1, 1, 1, 1, 1, 1, 1, 1, 1, 1, 1, 1, 1, 1, 1, 1, 1, 1, 1, 1, 1, 1, 1, 1, 1, 1, 1, 1, 1, 1, 1, 1, 1, 1, 1, 1, 1, 1, 1, 1, 1, 1, 1, 1, 1, 1, 1, 1, 1, 1, 1, 1, 1, 1, 1, 1, 1, 1, 1, 1, 1, 1, 1, 1, 1, 1, 1, 1, 1, 1, 1, 1, 1, 1, 1, 1, 1, 1, 1, 1, 1, 1, 1, 1, 1, 1, 1, 1, 1, 1, 1, 1, 1, 1, 1, 1, 1, 1, 1, 1, 1, 1, 1, 1, 1, 1, 1, 1, 1, 1, 1, 1, 1, 1, 1, 1, 1, 1, 1, 1, 1, 1, 1, 1, 1, 1, 1, 1, 1, 1, 1, 1, 1, 1, 1, 1, 1, 1, 1, 1, 1, 1, 1, 1, 1, 1, 1, 1, 1, 1, 1, 1, 1, 1, 1, 1, 1, 1, 1, 1, 1, 1, 1, 1, 1, 1, 1, 1, 1, 1, 1, 1, 1, 1, 1, 1, 1, 1, 1, 1, 1, 1, 1, 1, 1, 1, 1, 1, 1, 1, 1, 1, 1, 1, 1, 1, 1, 1, 1, 1, 1, 1, 1, 1, 1, 1, 1, 1, 1, 1, 1, 1, 1, 1, 1, 1, 1, 1, 1, 1, 1, 1, 1, 1, 1, 1, 1, 1, 1, 1, 1, 1, 1, 1, 1, 1, 1, 1, 1, 1, 1, 1, 1, 1, 1, 1, 1, 1, 1, 1, 1, 1, 1, 1, 1, 1, 1, 1, 1, 1, 1, 1, 1, 1, 1, 1, 1, 1, 1, 1, 1, 1, 1, 1, 1, 1, 1, 1, 1, 1, 1, 1, 1, 1, 1, 1, 1, 1, 1, 1, 1, 1, 1, 1, 1, 1, 1, 1, 1, 1, 1, 1, 1, 1, 1, 1, 1, 1, 1, 1, 1, 1, 1, 1, 1, 1, 1, 1, 1, 1, 1, 1, 1, 1, 1, 1, 1, 1, 1, 1, 1, 1, 1, 1, 1, 1, 1, 1, 1, 1, 1, 1, 1, 1, 1, 1, 1, 1, 1, 1, 1, 1, 1, 1, 1, 1, 1, 1, 1, 1, 1, 1, 1, 1, 1, 1, 1, 1, 1, 1, 1, 1, 1, 1, 1, 1, 1, 1, 1, 1, 1, 1, 1, 1, 1, 1, 1, 1, 1, 1, 1, 1, 1, 1, 1, 1, 1, 1, 1, 1, 1, 1, 1, 1, 1, 1, 1, 1, 1, 1, 1, 1, 1, 1, 1, 1, 1, 1, 1, 1, 1, 1, 1, 1, 1, 1, 1, 1, 1, 1, 1, 1, 1, 1, 1, 1, 1, 1, 1, 1, 1, 1, 1, 1, 1, 1, 1, 1, 1, 1, 1, 1, 1, 1, 1, 1, 1, 1, 1, 1, 1, 1, 1, 1, 1, 1, 1, 1, 1, 1, 1, 1, 1, 1, 1, 1, 1, 1, 1, 1, 1, 1, 1, 1, 1, 1, 1, 1, 1, 1, 1, 1, 1, 1, 1, 1, 1, 1, 1, 1, 1, 1, 1, 1, 1, 1, 1, 1, 1, 1, 1, 1, 1, 1, 1, 1, 1, 1, 1, 1, 1, 1, 1, 1, 1, 1, 1, 1, 1, 1, 1, 1, 1, 1, 1, 1, 1, 1, 1, 1, 1, 1, 1, 1, 1, 1, 1, 1, 1, 1, 1, 1, 1, 1, 1, 1, 1, 1, 1, 1, 1, 1, 1, 1, 1, 1, 1, 1, 1, 1, 1, 1, 1, 1, 1, 1, 1, 1, 1, 1, 1, 1, 1, 1, 1, 1, 1, 1, 1, 1, 1, 1, 1, 1, 1, 1, 1, 1, 1, 1, 1, 1, 1, 1, 1, 1, 1, 1, 1, 1, 1, 1, 1, 1, 1, 1, 1, 1, 1, 1, 1, 1, 1, 1, 1, 1, 1, 1, 1, 1, 1, 1, 1, 1, 1, 1, 1, 1, 1, 1, 1, 1, 1, 1, 1, 1, 1, 1, 1, 1, 1, 1, 1, 1, 1, 1, 1, 1, 1, 1, 1, 1, 1, 1, 1, 1, 1, 1, 1, 1, 1, 1, 1, 1, 1, 1, 1, 1, 1, 1, 1, 1, 1, 1, 1, 1, 1, 1, 1, 1, 1, 1, 1, 1, 1, 1, 1, 1, 1, 1, 1, 1, 1, 1, 1, 1, 1, 1, 1, 1, 1, 1, 1, 1, 1, 1, 1, 1, 1, 1, 1, 1, 1, 1, 1, 1, 1, 1, 1, 1, 1, 1, 1, 1, 1, 1, 1, 1, 1, 1, 1, 1, 1, 1, 1, 1, 1, 1, 1, 1, 1, 1, 1, 1, 1, 1, 1, 1, 1, 1, 1, 1, 1, 1, 1, 1, 1, 1, 1, 1, 1, 1, 1, 1, 1, 1, 1, 1, 1, 1, 1, 1, 1, 1, 1, 1, 1, 1, 1, 1, 1, 1, 1, 1, 1, 1, 1, 1, 1, 1, 1, 1, 1, 1, 1, 1, 1, 1, 1, 1, 1, 1, 1, 1, 1, 1, 1, 1, 1, 1, 1, 1, 1, 1, 1, 1, 1, 1, 1, 1, 1, 1, 1, 1, 1, 1, 1, 1, 1, 1, 1, 1, 1, 1, 1, 1, 1, 1, 1, 1, 1, 1, 1, 1, 1, 1, 1, 1, 1, 1, 1, 1, 1, 1, 1, 1, 1, 1, 1, 1, 1, 1, 1, 1, 1, 1, 1, 1, 1, 1, 1, 1, 1, 1, 1, 1, 1, 1, 1, 1, 1, 1, 1, 1, 1, 1, 1, 1, 1, 1, 1, 1, 1, 1, 1, 1, 1, 1, 1, 1, 1, 1, 1, 1, 1, 1, 1, 1, 1, 1, 1, 1, 1, 1, 1, 1, 1, 1, 1, 1, 1, 1, 1, 1, 1, 1, 1, 1, 1, 1, 1, 1, 1, 1, 1, 1, 1, 1, 1, 1, 1, 1, 1, 1, 1, 1, 1, 1, 1, 1, 1, 1, 1, 1, 1, 1, 1, 1, 1, 1, 1, 1, 1, 1, 1, 1, 1, 1, 1, 1, 1, 1, 1, 1, 1, 1, 1, 1, 1, 1, 1, 1, 1, 1, 1, 1, 1, 1, 1, 1, 1, 1, 1, 1, 1, 1, 1, 1, 1, 1, 1, 1, 1, 1, 1, 1, 1, 1, 1, 1, 1, 1, 1, 1, 1, 1, 1, 1, 1, 1, 1, 1, 1, 1, 1, 1, 1, 1, 1, 1, 1, 1, 1, 1, 1, 1, 1, 1, 1, 1, 1, 1, 1, 1, 1, 1, 1, 1, 1, 1, 1, 1, 1, 1, 1, 1, 1, 1, 1, 1, 1, 1, 1, 1, 1, 1, 1, 1, 1, 1, 1, 1, 1, 1, 1, 1, 1, 1, 1, 1, 1, 1, 1, 1, 1, 1, 1, 1, 1, 1, 1, 1, 1, 1, 1, 1, 1, 1, 1, 1, 1, 1, 1, 1, 1, 1, 1, 1, 1, 1, 1, 1, 1, 1, 1, 1, 1, 1, 1, 1, 1, 1, 1, 1, 1, 1, 1, 1, 1, 1, 1, 1, 1, 1, 1, 1, 1, 1, 1, 1, 1, 1, 1, 1, 1, 1, 1, 1, 1, 1, 1, 1, 1, 1, 1, 1, 1, 1, 1, 1, 1, 1, 1, 1, 1, 1, 1, 1, 1, 1, 1, 1, 1, 1, 1, 1, 1, 1, 1, 1, 1, 1, 1, 1, 1, 1, 1, 1, 1, 1, 1, 1, 1, 1, 1, 1, 1, 1, 1, 1, 1, 1, 1, 1, 1, 1, 1, 1, 1, 1, 1, 1, 1, 1, 1, 1, 1, 1, 1, 1, 1, 1, 1, 1, 1, 1, 1, 1, 1, 1, 1, 1, 1, 1, 1, 1, 1, 1, 1, 1, 1, 1, 1, 1, 1, 1, 1, 1, 1, 1, 1]
dp_list[1, 1, 1, 1, 1, 1, 1, 1, 1, 1, 1, 1, 1, 1, 1, 1, 1, 1, 1, 1, 1, 1, 1, 1, 1, 1, 1, 1, 1, 1, 1, 1, 1, 1, 1, 1, 1, 1, 1, 1, 1, 1, 1, 1, 1, 1, 1, 1, 1, 1, 1, 1, 1, 1, 1, 1, 1, 1, 1, 1, 1, 1, 1, 1, 1, 1, 1, 1, 1, 1, 1, 1, 1, 1, 1, 1, 1, 1, 1, 1, 1, 1, 1, 1, 1, 1, 1, 1, 1, 1, 1, 1, 1, 1, 1, 1, 1, 1, 1, 1, 1, 1, 1, 1, 1, 1, 1, 1, 1, 1, 1, 1, 1, 1, 1, 1, 1, 1, 1, 1, 1, 1, 1, 1, 1, 1, 1, 1, 1, 1, 1, 1, 1, 1, 1, 1, 1, 1, 1, 1, 1, 1, 1, 1, 1, 1, 1, 1, 1, 1, 1, 1, 1, 1, 1, 1, 1, 1, 1, 1, 1, 1, 1, 1, 1, 1, 1, 1, 1, 1, 1, 1, 1, 1, 1, 1, 1, 1, 1, 1, 1, 1, 1, 1, 1, 1, 1, 1, 1, 1, 1, 1, 1, 1, 1, 1, 1, 1, 1, 1, 1, 1, 1, 1, 1, 1, 1, 1, 1, 1, 1, 1, 1, 1, 1, 1, 1, 1, 1, 1, 1, 1, 1, 1, 1, 1, 1, 1, 1, 1, 1, 1, 1, 1, 1, 1, 1, 1, 1, 1, 1, 1, 1, 1, 1, 1, 1, 1, 1, 1, 1, 1, 1, 1, 1, 1, 1, 1, 1, 1, 1, 1, 1, 1, 1, 1, 1, 1, 1, 1, 1, 1, 1, 1, 1, 1, 1, 1, 1, 1, 1, 1, 1, 1, 1, 1, 1, 1, 1, 1, 1, 1, 1, 1, 1, 1, 1, 1, 1, 1, 1, 1, 1, 1, 1, 1, 1, 1, 1, 1, 1, 1, 1, 1, 1, 1, 1, 1, 1, 1, 1, 1, 1, 1, 1, 1, 1, 1, 1, 1, 1, 1, 1, 1, 1, 1, 1, 1, 1, 1, 1, 1, 1, 1, 1, 1, 1, 1, 1, 1, 1, 1, 1, 1, 1, 1, 1, 1, 1, 1, 1, 1, 1, 1, 1, 1, 1, 1, 1, 1, 1, 1, 1, 1, 1, 1, 1, 1, 1, 1, 1, 1, 1, 1, 1, 1, 1, 1, 1, 1, 1, 1, 1, 1, 1, 1, 1, 1, 1, 1, 1, 1, 1, 1, 1, 1, 1, 1, 1, 1, 1, 1, 1, 1, 1, 1, 1, 1, 1, 1, 1, 1, 1, 1, 1, 1, 1, 1, 1, 1, 1, 1, 1, 1, 1, 1, 1, 1, 1, 1, 1, 1, 1, 1, 1, 1, 1, 1, 1, 1, 1, 1, 1, 1, 1, 1, 1, 1, 1, 1, 1, 1, 1, 1, 1, 1, 1, 1, 1, 1, 1, 1, 1, 1, 1, 1, 1, 1, 1, 1, 1, 1, 1, 1, 1, 1, 1, 1, 1, 1, 1, 1, 1, 1, 1, 1, 1, 1, 1, 1, 1, 1, 1, 1, 1, 1, 1, 1, 1, 1, 1, 1, 1, 1, 1, 1, 1, 1, 1, 1, 1, 1, 1, 1, 1, 1, 1, 1, 1, 1, 1, 1, 1, 1, 1, 1, 1, 1, 1, 1, 1, 1, 1, 1, 1, 1, 1, 1, 1, 1, 1, 1, 1, 1, 1, 1, 1, 1, 1, 1, 1, 1, 1, 1, 1, 1, 1, 1, 1, 1, 1, 1, 1, 1, 1, 1, 1, 1, 1, 1, 1, 1, 1, 1, 1, 1, 1, 1, 1, 1, 1, 1, 1, 1, 1, 1, 1, 1, 1, 1, 1, 1, 1, 1, 1, 1, 1, 1, 1, 1, 1, 1, 1, 1, 1, 1, 1, 1, 1, 1, 1, 1, 1, 1, 1, 1, 1, 1, 1, 1, 1, 1, 1, 1, 1, 1, 1, 1, 1, 1, 1, 1, 1, 1, 1, 1, 1, 1, 1, 1, 1, 1, 1, 1, 1, 1, 1, 1, 1, 1, 1, 1, 1, 1, 1, 1, 1, 1, 1, 1, 1, 1, 1, 1, 1, 1, 1, 1, 1, 1, 1, 1, 1, 1, 1, 1, 1, 1, 1, 1, 1, 1, 1, 1, 1, 1, 1, 1, 1, 1, 1, 1, 1, 1, 1, 1, 1, 1, 1, 1, 1, 1, 1, 1, 1, 1, 1, 1, 1, 1, 1, 1, 1, 1, 1, 1, 1, 1, 1, 1, 1, 1, 1, 1, 1, 1, 1, 1, 1, 1, 1, 1, 1, 1, 1, 1, 1, 1, 1, 1, 1, 1, 1, 1, 1, 1, 1, 1, 1, 1, 1, 1, 1, 1, 1, 1, 1, 1, 1, 1, 1, 1, 1, 1, 1, 1, 1, 1, 1, 1, 1, 1, 1, 1, 1, 1, 1, 1, 1, 1, 1, 1, 1, 1, 1, 1, 1, 1, 1, 1, 1, 1, 1, 1, 1, 1, 1, 1, 1, 1, 1, 1, 1, 1, 1, 1, 1, 1, 1, 1, 1, 1, 1, 1, 1, 1, 1, 1, 1, 1, 1, 1, 1, 1, 1, 1, 1, 1, 1, 1, 1, 1, 1, 1, 1, 1, 1, 1, 1, 1, 1, 1, 1, 1, 1, 1, 1, 1, 1, 1, 1, 1, 1, 1, 1, 1, 1, 1, 1, 1, 1, 1, 1, 1, 1, 1, 1, 1, 1, 1, 1, 1, 1, 1, 1, 1, 1, 1, 1, 1, 1, 1, 1, 1, 1, 1, 1, 1, 1, 1, 1, 1, 1, 1, 1, 1, 1, 1, 1, 1, 1, 1, 1, 1, 1, 1, 1, 1, 1, 1, 1, 1, 1, 1, 1, 1, 1, 1, 1, 1, 1, 1, 1, 1, 1, 1, 1, 1, 1, 1, 1, 1, 1, 1, 1, 1, 1, 1, 1, 1, 1, 1, 1, 1, 1, 1, 1, 1, 1, 1, 1, 1, 1, 1, 1, 1, 1, 1, 1, 1, 1, 1, 1, 1, 1, 1, 1, 1, 1, 1, 1, 1, 1, 1, 1, 1, 1, 1, 1, 1, 1, 1, 1, 1, 1, 1, 1, 1, 1, 1, 1, 1, 1, 1, 1, 1, 1, 1, 1, 1, 1, 1, 1, 1, 1, 1, 1, 1, 1, 1, 1, 1, 1, 1, 1, 1, 1, 1, 1, 1, 1, 1, 1, 1, 1, 1, 1, 1, 1, 1, 1, 1, 1, 1, 1, 1, 1, 1, 1, 1, 1, 1, 1, 1, 1, 1, 1, 1, 1, 1, 1, 1, 1, 1, 1, 1, 1, 1, 1, 1, 1, 1, 1, 1, 1, 1, 1, 1, 1, 1, 1, 1, 1, 1, 1, 1, 1, 1, 1, 1, 1, 1, 1, 1, 1, 1, 1, 1, 1, 1, 1, 1, 1, 1, 1, 1, 1, 1, 1, 1, 1, 1, 1, 1, 1, 1, 1, 1, 1, 1, 1, 1, 1, 1, 1, 1, 1, 1, 1, 1, 1, 1, 1, 1, 1, 1, 1, 1, 1, 1, 1, 1, 1, 1, 1, 1, 1, 1, 1, 1, 1, 1, 1, 1, 1, 1, 1, 1, 1, 1, 1, 1, 1, 1, 1, 1, 1, 1, 1, 1, 1, 1, 1, 1, 1, 1, 1, 1, 1, 1, 1, 1, 1, 1, 1, 1, 1, 1, 1, 1, 1, 1, 1, 1, 1, 1, 1, 1, 1, 1, 1, 1, 1, 1, 1, 1, 1, 1, 1, 1, 1, 1, 1, 1, 1, 1, 1, 1, 1, 1, 1, 1, 1, 1, 1, 1, 1, 1, 1, 1, 1, 1, 1, 1, 1, 1, 1, 1, 1, 1, 1, 1, 1, 1, 1, 1, 1, 1, 1, 1, 1, 1, 1, 1, 1, 1, 1, 1, 1, 1, 1, 1, 1, 1, 1, 1, 1, 1, 1, 1, 1, 1, 1, 1, 1, 1, 1, 1, 1, 1, 1, 1, 1, 1, 1, 1, 1, 1, 1, 1, 1, 1, 1, 1, 1, 1, 1, 1, 1, 1, 1, 1, 1, 1, 1, 1, 1, 1, 1, 1, 1, 1, 1, 1, 1, 1, 1, 1, 1, 1, 1, 1, 1, 1, 1, 1, 1, 1, 1, 1, 1, 1, 1, 1, 1, 1, 1, 1, 1, 1, 1, 1, 1, 1, 1, 1, 1, 1, 1, 1, 1, 1, 1, 1, 1, 1, 1, 1, 1, 1, 1, 1, 1, 1, 1, 1, 1, 1, 1, 1, 1, 1, 1, 1, 1, 1, 1, 1, 1, 1, 1, 1, 1, 1, 1, 1, 1, 1, 1, 1, 1, 1, 1, 1, 1, 1, 1, 1, 1, 1, 1, 1, 1, 1, 1, 1, 1, 1, 1, 1, 1, 1, 1, 1, 1, 1, 1, 1, 1, 1, 1, 1, 1, 1, 1, 1, 1, 1, 1, 1, 1, 1, 1, 1, 1, 1, 1, 1, 1, 1, 1, 1, 1, 1, 1, 1, 1, 1, 1, 1, 1, 1, 1, 1, 1, 1, 1, 1, 1, 1, 1, 1, 1, 1, 1, 1, 1, 1, 1, 1, 1, 1, 1, 1, 1, 1, 1, 1, 1, 1, 1, 1, 1, 1, 1, 1, 1, 1, 1, 1, 1, 1, 1, 1, 1, 1, 1, 1, 1, 1, 1, 1, 1, 1, 1, 1, 1, 1, 1, 1, 1, 1, 1, 1, 1, 1, 1, 1, 1, 1, 1, 1, 1, 1, 1, 1, 1, 1, 1, 1, 1, 1, 1, 1, 1, 1, 1, 1, 1, 1, 1, 1, 1, 1, 1, 1, 1, 1, 1, 1, 1, 1, 1, 1, 1, 1, 1, 1, 1, 1, 1, 1, 1, 1, 1, 1, 1, 1, 1, 1, 1, 1, 1, 1, 1, 1, 1, 1, 1, 1, 1, 1, 1, 1, 1, 1, 1, 1, 1, 1, 1, 1, 1, 1, 1, 1, 1, 1, 1, 1, 1, 1, 1, 1, 1, 1, 1, 1, 1, 1, 1, 1, 1, 1, 1, 1, 1, 1, 1, 1, 1, 1, 1, 1, 1, 1, 1, 1, 1, 1, 1, 1, 1, 1, 1, 1, 1, 1, 1, 1, 1, 1, 1, 1, 1, 1, 1, 1, 1, 1, 1, 1, 1, 1, 1, 1, 1, 1, 1, 1, 1, 1, 1, 1, 1, 1, 1]
algo_list[0, 0, 0, 0, 0, 0, 0, 0, 0, 0, 0, 0, 0, 0, 0, 0, 0, 0, 0, 0, 0, 0, 0, 0, 0, 0, 0, 0, 0, 0, 0, 0, 0, 0, 0, 0, 0, 0, 0, 0, 0, 0, 0, 0, 0, 0, 0, 0, 0, 0, 0, 0, 0, 0, 0, 0, 0, 0, 0, 0, 0, 0, 0, 0, 0, 0, 0, 0, 0, 0, 0, 0, 0, 0, 0, 0, 0, 0, 0, 0, 0, 0, 0, 0, 0, 0, 0, 0, 0, 0, 0, 0, 0, 0, 0, 0, 0, 0, 0, 0, 0, 0, 0, 0, 0, 0, 0, 0, 0, 0, 0, 0, 0, 0, 0, 0, 0, 0, 0, 0, 0, 0, 0, 0, 0, 0, 0, 0, 0, 0, 0, 0, 0, 0, 0, 0, 0, 0, 0, 0, 0, 0, 0, 0, 0, 0, 0, 0, 0, 0, 0, 0, 0, 0, 0, 0, 0, 0, 0, 0, 0, 0, 0, 0, 0, 0, 0, 0, 0, 0, 0, 0, 0, 0, 0, 0, 0, 0, 0, 0, 0, 0, 0, 0, 0, 0, 0, 0, 0, 0, 0, 0, 0, 0, 0, 0, 0, 0, 0, 0, 0, 0, 0, 0, 0, 0, 0, 0, 0, 0, 0, 0, 0, 0, 0, 0, 0, 0, 0, 0, 0, 0, 0, 0, 0, 0, 0, 0, 0, 0, 0, 0, 0, 0, 0, 0, 0, 0, 0, 0, 0, 0, 0, 0, 0, 0, 0, 0, 0, 0, 0, 0, 0, 0, 0, 0, 0, 0, 0, 0, 0, 0, 0, 0, 0, 0, 0, 0, 0, 0, 0, 0, 0, 0, 0, 0, 0, 0, 0, 0, 0, 0, 0, 0, 0, 0, 0, 0, 0, 0, 0, 0, 0, 0, 0, 0, 0, 0, 0, 0, 0, 0, 0, 0, 0, 0, 0, 0, 0, 0, 0, 0, 0, 0, 0, 0, 0, 0, 0, 0, 0, 0, 0, 0, 0, 0, 0, 0, 0, 0, 0, 0, 0, 0, 0, 0, 0, 0, 0, 0, 0, 0, 0, 0, 0, 0, 0, 0, 0, 0, 0, 0, 0, 0, 0, 0, 0, 0, 0, 0, 0, 0, 0, 0, 0, 0, 0, 0, 0, 0, 0, 0, 0, 0, 0, 0, 0, 0, 0, 0, 0, 0, 0, 0, 0, 0, 0, 0, 0, 0, 0, 0, 0, 0, 0, 0, 0, 0, 0, 0, 0, 0, 0, 0, 0, 0, 0, 0, 0, 0, 0, 0, 0, 0, 0, 0, 0, 0, 0, 0, 0, 0, 0, 0, 0, 0, 0, 0, 0, 0, 0, 0, 0, 0, 0, 0, 0, 0, 0, 0, 0, 0, 0, 0, 0, 0, 0, 0, 0, 0, 0, 0, 0, 0, 0, 0, 0, 0, 0, 0, 0, 0, 0, 0, 0, 0, 0, 0, 0, 0, 0, 0, 0, 0, 0, 0, 0, 0, 0, 0, 0, 0, 0, 0, 0, 0, 0, 0, 0, 0, 0, 0, 0, 0, 0, 0, 0, 0, 0, 0, 0, 0, 0, 0, 0, 0, 0, 0, 0, 0, 0, 0, 0, 0, 0, 0, 0, 0, 0, 0, 0, 0, 0, 0, 0, 0, 0, 0, 0, 0, 0, 0, 0, 0, 0, 0, 0, 0, 0, 0, 0, 0, 0, 0, 0, 0, 0, 0, 0, 0, 0, 0, 0, 0, 0, 0, 0, 0, 0, 0, 0, 0, 0, 0, 0, 0, 0, 0, 0, 0, 0, 0, 0, 0, 0, 0, 0, 0, 0, 0, 0, 0, 0, 0, 0, 0, 0, 0, 0, 0, 0, 0, 0, 0, 0, 0, 0, 0, 0, 0, 0, 0, 0, 0, 0, 0, 0, 0, 0, 0, 0, 0, 0, 0, 0, 0, 0, 0, 0, 0, 0, 0, 0, 0, 0, 0, 0, 0, 0, 0, 0, 0, 0, 0, 0, 0, 0, 0, 0, 0, 0, 0, 0, 0, 0, 0, 0, 0, 0, 0, 0, 0, 0, 0, 0, 0, 0, 0, 0, 0, 0, 0, 0, 0, 0, 0, 0, 0, 0, 0, 0, 0, 0, 0, 0, 0, 0, 0, 0, 0, 0, 0, 0, 0, 0, 0, 0, 0, 0, 0, 0, 0, 0, 0, 0, 0, 0, 0, 0, 0, 0, 0, 0, 0, 0, 0, 0, 0, 0, 0, 0, 0, 0, 0, 0, 0, 0, 0, 0, 0, 0, 0, 0, 0, 0, 0, 0, 0, 0, 0, 0, 0, 0, 0, 0, 0, 0, 0, 0, 0, 0, 0, 0, 0, 0, 0, 0, 0, 0, 0, 0, 0, 0, 0, 0, 0, 0, 0, 0, 0, 0, 0, 0, 0, 0, 0, 0, 0, 0, 0, 0, 0, 0, 0, 0, 0, 0, 0, 0, 0, 0, 0, 0, 0, 0, 0, 0, 0, 0, 0, 0, 0, 0, 0, 0, 0, 0, 0, 0, 0, 0, 0, 0, 0, 0, 0, 0, 0, 0, 0, 0, 0, 0, 0, 0, 0, 0, 0, 0, 0, 0, 0, 0, 0, 0, 0, 0, 0, 0, 0, 0, 0, 0, 0, 0, 0, 0, 0, 0, 0, 0, 0, 0, 0, 0, 0, 0, 0, 0, 0, 0, 0, 0, 0, 0, 0, 0, 0, 0, 0, 0, 0, 0, 0, 0, 0, 0, 0, 0, 0, 0, 0, 0, 0, 0, 0, 0, 0, 0, 0, 0, 0, 0, 0, 0, 0, 0, 0, 0, 0, 0, 0, 0, 0, 0, 0, 0, 0, 0, 0, 0, 0, 0, 0, 0, 0, 0, 0, 0, 0, 0, 0, 0, 0, 0, 0, 0, 0, 0, 0, 0, 0, 0, 0, 0, 0, 0, 0, 0, 0, 0, 0, 0, 0, 0, 0, 0, 0, 0, 0, 0, 0, 0, 0, 0, 0, 0, 0, 0, 0, 0, 0, 0, 0, 0, 0, 0, 0, 0, 0, 0, 0, 0, 0, 0, 0, 0, 0, 0, 0, 0, 0, 0, 0, 0, 0, 0, 0, 0, 0, 0, 0, 0, 0, 0, 0, 0, 0, 0, 0, 0, 0, 0, 0, 0, 0, 0, 0, 0, 0, 0, 0, 0, 0, 0, 0, 0, 0, 0, 0, 0, 0, 0, 0, 0, 0, 0, 0, 0, 0, 0, 0, 0, 0, 0, 0, 0, 0, 0, 0, 0, 0, 0, 0, 0, 0, 0, 0, 0, 0, 0, 0, 0, 0, 0, 0, 0, 0, 0, 0, 0, 0, 0, 0, 0, 0, 0, 0, 0, 0, 0, 0, 0, 0, 0, 0, 0, 0, 0, 0, 0, 0, 0, 0, 0, 0, 0, 0, 0, 0, 0, 0, 0, 0, 0, 0, 0, 0, 0, 0, 0, 0, 0, 0, 0, 0, 0, 0, 0, 0, 0, 0, 0, 0, 0, 0, 0, 0, 0, 0, 0, 0, 0, 0, 0, 0, 0, 0, 0, 0, 0, 0, 0, 0, 0, 0, 0, 0, 0, 0, 0, 0, 0, 0, 0, 0, 0, 0, 0, 0, 0, 0, 0, 0, 0, 0, 0, 0, 0, 0, 0, 0, 0, 0, 0, 0, 0, 0, 0, 0, 0, 0, 0, 0, 0, 0, 0, 0, 0, 0, 0, 0, 0, 0, 0, 0, 0, 0, 0, 0, 0, 0, 0, 0, 0, 0, 0, 0, 0, 0, 0, 0, 0, 0, 0, 0, 0, 0, 0, 0, 0, 0, 0, 0, 0, 0, 0, 0, 0, 0, 0, 0, 0, 0, 0, 0, 0, 0, 0, 0, 0, 0, 0, 0, 0, 0, 0, 0, 0, 0, 0, 0, 0, 0, 0, 0, 0, 0, 0, 0, 0, 0, 0, 0, 0, 0, 0, 0, 0, 0, 0, 0, 0, 0, 0, 0, 0, 0, 0, 0, 0, 0, 0, 0, 0, 0, 0, 0, 0, 0, 0, 0, 0, 0, 0, 0, 0, 0, 0, 0, 0, 0, 0, 0, 0, 0, 0, 0, 0, 0, 0, 0, 0, 0, 0, 0, 0, 0, 0, 0, 0, 0, 0, 0, 0, 0, 0, 0, 0, 0, 0, 0, 0, 0, 0, 0, 0, 0, 0, 0, 0, 0, 0, 0, 0, 0, 0, 0, 0, 0, 0, 0, 0, 0, 0, 0, 0, 0, 0, 0, 0, 0, 0, 0, 0, 0, 0, 0, 0, 0, 0, 0, 0, 0, 0, 0, 0, 0, 0, 0, 0, 0, 0, 0, 0, 0, 0, 0, 0, 0, 0, 0, 0, 0, 0, 0, 0, 0, 0, 0, 0, 0, 0, 0, 0, 0, 0, 0, 0, 0, 0, 0, 0, 0, 0, 0, 0, 0, 0, 0, 0, 0, 0, 0, 0, 0, 0, 0, 0, 0, 0, 0, 0, 0, 0, 0, 0, 0, 0, 0, 0, 0, 0, 0, 0, 0, 0, 0, 0, 0, 0, 0, 0, 0, 0, 0, 0, 0, 0, 0, 0, 0, 0, 0, 0, 0, 0, 0, 0, 0, 0, 0, 0, 0, 0, 0, 0, 0, 0, 0, 0, 0, 0, 0, 0, 0, 0, 0, 0, 0, 0, 0, 0, 0, 0, 0, 0, 0, 0, 0, 0, 0, 0, 0, 0, 0, 0, 0, 0, 0, 0, 0, 0, 0, 0, 0, 0, 0, 0, 0, 0, 0, 0, 0, 0, 0, 0, 0, 0, 0, 0, 0, 0, 0, 0, 0, 0, 0, 0, 0, 0, 0, 0, 0, 0, 0, 0, 0, 0, 0, 0, 0, 0, 0, 0, 0, 0, 0, 0, 0, 0, 0, 0, 0, 0, 0, 0, 0, 0, 0, 0, 0, 0, 0, 0, 0, 0, 0, 0, 0, 0, 0, 0, 0, 0, 0, 0, 0, 0, 0, 0, 0, 0, 0, 0, 0, 0, 0, 0, 0, 0, 0, 0, 0, 0, 0, 0, 0, 0, 0, 0, 0, 0, 0, 0, 0, 0, 0, 0, 0, 0, 0, 0, 0, 0, 0, 0, 0, 0, 0, 0, 0, 0, 0, 0, 0, 0, 0, 0, 0, 0, 0, 0, 0, 0, 0, 0, 0, 0, 0, 0, 0, 0, 0, 0, 0, 0, 0, 0, 0, 0, 0, 0, 0, 0, 0, 0, 0, 0, 0, 0, 0, 0, 0, 0, 0, 0, 0, 0, 0, 0, 0, 0, 0, 0, 0, 0]

decode|23833.32|46812.00| op = [200, 205, 208, 208, 210, 211, 220, 205]| tp = [1, 1, 1, 1, 1, 1, 1, 1, ] | dp = [1, 1, 1, 1, 1, 1, 1, 1, ] | algo = [0, 0, 0, 0, 0, 0, 0, 0, ] | rc = [60, 60, 56, 54, 48, 34, 32, 0] | gpus = [1, 1, 1, 1, 1, 1, 1, 1] | micro_bs = 8 | time = [23724, 23833, 23704, 23316, 23372, 22881, 23067, 23628] | memory = [46683, 46112, 46680, 46772, 46812, 45340, 34616, 37256]
验证解
line465:max stage:1, min stage:5, max_value:23833.319963302558, min_value:22881.939595302563
fix|23792.44|46812.50| op = [200, 204, 208, 208, 210, 212, 220, 205]| tp = [1, 1, 1, 1, 1, 1, 1, 1, ] | dp = [1, 1, 1, 1, 1, 1, 1, 1, ] | algo = [0, 0, 0, 0, 0, 0, 0, 0, ] | rc = [60, 60, 56, 54, 46, 34, 32, 0] | gpus = [1, 1, 1, 1, 1, 1, 1, 1] | micro_bs = 8 | time = [23719, 23792, 23682, 23294, 22818, 22802, 23061, 23623] | memory = [46683, 45999, 46584, 46692, 46812, 45436, 34616, 37256]
cv:0.016485394694478326
line465:max stage:1, min stage:5, max_value:23792.441883404652, min_value:22802.55494133329
fix|23780.96|46772.01| op = [200, 203, 208, 208, 210, 213, 220, 205]| tp = [1, 1, 1, 1, 1, 1, 1, 1, ] | dp = [1, 1, 1, 1, 1, 1, 1, 1, ] | algo = [0, 0, 0, 0, 0, 0, 0, 0, ] | rc = [60, 60, 56, 54, 46, 34, 32, 0] | gpus = [1, 1, 1, 1, 1, 1, 1, 1] | micro_bs = 8 | time = [23719, 23780, 23698, 23310, 22747, 22866, 23061, 23623] | memory = [46683, 45831, 46680, 46772, 46768, 45496, 34616, 37256]
cv:0.01657716969006739
line465:max stage:1, min stage:4, max_value:23780.9643511787, min_value:22747.870661059515
fix|23762.41|46968.00| op = [200, 202, 208, 208, 211, 213, 220, 205]| tp = [1, 1, 1, 1, 1, 1, 1, 1, ] | dp = [1, 1, 1, 1, 1, 1, 1, 1, ] | algo = [0, 0, 0, 0, 0, 0, 0, 0, ] | rc = [60, 60, 56, 52, 44, 34, 32, 0] | gpus = [1, 1, 1, 1, 1, 1, 1, 1] | micro_bs = 8 | time = [23721, 23757, 23762, 23457, 22920, 22869, 23064, 23625] | memory = [46683, 45703, 46968, 45092, 45504, 45496, 34616, 37256]
cv:0.015414086601062983
line465:max stage:2, min stage:5, max_value:23762.412832980983, min_value:22869.623774530723
fix|23757.26|46683.50| op = [200, 202, 207, 208, 211, 214, 220, 205]| tp = [1, 1, 1, 1, 1, 1, 1, 1, ] | dp = [1, 1, 1, 1, 1, 1, 1, 1, ] | algo = [0, 0, 0, 0, 0, 0, 0, 0, ] | rc = [60, 60, 56, 52, 44, 34, 32, 0] | gpus = [1, 1, 1, 1, 1, 1, 1, 1] | micro_bs = 8 | time = [23721, 23757, 23721, 23457, 22926, 22888, 23064, 23625] | memory = [46683, 45703, 46584, 45092, 45696, 45496, 34616, 37256]
cv:0.015014897548798398
line465:max stage:1, min stage:5, max_value:23757.258275336197, min_value:22888.654272318603
fix|23720.38|46772.00| op = [200, 201, 207, 208, 211, 215, 220, 205]| tp = [1, 1, 1, 1, 1, 1, 1, 1, ] | dp = [1, 1, 1, 1, 1, 1, 1, 1, ] | algo = [0, 0, 0, 0, 0, 0, 0, 0, ] | rc = [60, 60, 56, 54, 44, 34, 32, 0] | gpus = [1, 1, 1, 1, 1, 1, 1, 1] | micro_bs = 8 | time = [23720, 23714, 23669, 23312, 22943, 22915, 23063, 23624] | memory = [46683, 45255, 46568, 46772, 45680, 45616, 34616, 37256]
best|23720.38|46772.00| op = [200, 201, 207, 208, 211, 215, 220, 205]| tp = [1, 1, 1, 1, 1, 1, 1, 1, ] | dp = [1, 1, 1, 1, 1, 1, 1, 1, ] | algo = [0, 0, 0, 0, 0, 0, 0, 0, ] | rc = [60, 60, 56, 54, 44, 34, 32, 0] | gpus = [1, 1, 1, 1, 1, 1, 1, 1] | micro_bs = 8 | time = [23720, 23714, 23669, 23312, 22943, 22915, 23063, 23624] | memory = [46683, 45255, 46568, 46772, 45680, 45616, 34616, 37256]
line146:config.memory_list:[46683.496000000014, 45255.125, 46568.024000000005, 46772.0, 45680.0, 45616.37799999999, 34616.5, 37256.203]
line147:config.time_list:[23720.37756951425, 23714.79605911459, 23669.1987429954, 23312.0533182918, 22943.626679092617, 22915.043805092617, 23063.031716410987, 23624.257741383233]
求解成功
config has been saved to /home/liminglong.lml/sxz/SuperScaler/logs-large/aceso/configs/scale-layer/128layers/scale-layer_128layers_8stages_2026-5-15-12-58-1.json

========== Best Result (num_stages = 8) ==========
|23720.38|46772.00| op = [200, 201, 207, 208, 211, 215, 220, 205]| tp = [1, 1, 1, 1, 1, 1, 1, 1, ] | dp = [1, 1, 1, 1, 1, 1, 1, 1, ] | algo = [0, 0, 0, 0, 0, 0, 0, 0, ] | rc = [60, 60, 56, 54, 44, 34, 32, 0] | gpus = [1, 1, 1, 1, 1, 1, 1, 1] | micro_bs = 8 | time = [23720, 23714, 23669, 23312, 22943, 22915, 23063, 23624] | memory = [46683, 45255, 46568, 46772, 45680, 45616, 34616, 37256]
start|24389.48|46864.00| op = [208, 208, 208, 208, 208, 208, 208, 211]| tp = [1, 1, 1, 1, 1, 1, 1, 1, ] | dp = [1, 1, 1, 1, 1, 1, 1, 1, ] | algo = [0, 0, 0, 0, 0, 0, 0, 0, ] | rc = [64, 60, 56, 54, 44, 32, 26, 0] | gpus = [1, 1, 1, 1, 1, 1, 1, 1] | micro_bs = 8 | time = [24389, 23992, 23687, 23299, 22654, 21857, 21343, 24050] | memory = [44352, 46460, 46680, 46772, 46864, 43756, 37576, 38508]
fix|24366.97|46968.00| op = [207, 208, 208, 208, 208, 208, 209, 211]| tp = [1, 1, 1, 1, 1, 1, 1, 1, ] | dp = [1, 1, 1, 1, 1, 1, 1, 1, ] | algo = [0, 0, 0, 0, 0, 0, 0, 0, ] | rc = [64, 60, 56, 52, 46, 32, 26, 0] | gpus = [1, 1, 1, 1, 1, 1, 1, 1] | micro_bs = 8 | time = [24366, 24057, 23752, 23447, 22754, 21921, 21435, 24054] | memory = [44208, 46796, 46968, 45092, 46800, 43900, 37720, 38508]
fix|24325.95|46968.02| op = [206, 208, 208, 208, 208, 208, 210, 211]| tp = [1, 1, 1, 1, 1, 1, 1, 1, ] | dp = [1, 1, 1, 1, 1, 1, 1, 1, ] | algo = [0, 0, 0, 0, 0, 0, 0, 0, ] | rc = [64, 60, 56, 52, 46, 32, 26, 0] | gpus = [1, 1, 1, 1, 1, 1, 1, 1] | micro_bs = 8 | time = [24325, 24057, 23752, 23447, 22749, 21921, 21476, 24054] | memory = [43696, 46796, 46968, 45092, 46800, 43900, 37848, 38508]
fix|24112.01|46864.00| op = [205, 208, 208, 208, 208, 208, 211, 211]| tp = [1, 1, 1, 1, 1, 1, 1, 1, ] | dp = [1, 1, 1, 1, 1, 1, 1, 1, ] | algo = [0, 0, 0, 0, 0, 0, 0, 0, ] | rc = [64, 60, 56, 54, 44, 32, 26, 0] | gpus = [1, 1, 1, 1, 1, 1, 1, 1] | micro_bs = 8 | time = [24112, 23991, 23686, 23298, 22653, 21856, 21501, 24049] | memory = [46752, 46460, 46680, 46772, 46864, 43756, 37896, 38508]
fix|24075.56|46800.00| op = [204, 208, 208, 208, 208, 208, 212, 211]| tp = [1, 1, 1, 1, 1, 1, 1, 1, ] | dp = [1, 1, 1, 1, 1, 1, 1, 1, ] | algo = [0, 0, 0, 0, 0, 0, 0, 0, ] | rc = [64, 60, 56, 54, 44, 32, 26, 0] | gpus = [1, 1, 1, 1, 1, 1, 1, 1] | micro_bs = 8 | time = [24075, 23974, 23669, 23281, 22636, 21839, 21520, 24049] | memory = [46623, 46348, 46584, 46692, 46800, 43708, 37896, 38508]
fix|24049.71|46943.50| op = [203, 208, 208, 208, 208, 208, 213, 211]| tp = [1, 1, 1, 1, 1, 1, 1, 1, ] | dp = [1, 1, 1, 1, 1, 1, 1, 1, ] | algo = [0, 0, 0, 0, 0, 0, 0, 0, ] | rc = [62, 60, 56, 54, 44, 32, 26, 0] | gpus = [1, 1, 1, 1, 1, 1, 1, 1] | micro_bs = 8 | time = [24029, 23991, 23686, 23298, 22653, 21855, 21549, 24049] | memory = [46943, 46460, 46680, 46772, 46864, 43756, 37976, 38508]
fix|24029.36|46943.50| op = [203, 208, 208, 208, 208, 208, 214, 210]| tp = [1, 1, 1, 1, 1, 1, 1, 1, ] | dp = [1, 1, 1, 1, 1, 1, 1, 1, ] | algo = [0, 0, 0, 0, 0, 0, 0, 0, ] | rc = [62, 60, 56, 54, 44, 32, 26, 0] | gpus = [1, 1, 1, 1, 1, 1, 1, 1] | micro_bs = 8 | time = [24029, 23991, 23686, 23298, 22653, 21855, 21560, 24021] | memory = [46943, 46460, 46680, 46772, 46864, 43756, 38024, 38468]
fix|24021.71|46864.00| op = [202, 208, 208, 208, 208, 208, 215, 210]| tp = [1, 1, 1, 1, 1, 1, 1, 1, ] | dp = [1, 1, 1, 1, 1, 1, 1, 1, ] | algo = [0, 0, 0, 0, 0, 0, 0, 0, ] | rc = [62, 60, 56, 54, 44, 32, 26, 0] | gpus = [1, 1, 1, 1, 1, 1, 1, 1] | micro_bs = 8 | time = [24005, 23991, 23686, 23298, 22653, 21855, 21584, 24021] | memory = [46811, 46460, 46680, 46772, 46864, 43756, 38060, 38468]
fix|24005.41|46864.00| op = [202, 208, 208, 208, 208, 208, 216, 209]| tp = [1, 1, 1, 1, 1, 1, 1, 1, ] | dp = [1, 1, 1, 1, 1, 1, 1, 1, ] | algo = [0, 0, 0, 0, 0, 0, 0, 0, ] | rc = [62, 60, 56, 54, 44, 32, 26, 0] | gpus = [1, 1, 1, 1, 1, 1, 1, 1] | micro_bs = 8 | time = [24005, 23991, 23686, 23298, 22653, 21855, 21620, 24002] | memory = [46811, 46460, 46680, 46772, 46864, 43756, 38092, 38468]
fix|25128.88|46908.00| op = [201, 208, 208, 208, 208, 208, 217, 209]| tp = [1, 1, 1, 1, 1, 1, 1, 1, ] | dp = [1, 1, 1, 1, 1, 1, 1, 1, ] | algo = [0, 0, 0, 0, 0, 0, 0, 0, ] | rc = [83, 81, 65, 57, 49, 35, 28, 0] | gpus = [1, 1, 1, 1, 1, 1, 1, 1] | micro_bs = 8 | time = [24590, 25128, 24732, 24357, 23747, 22679, 22274, 24050] | memory = [46683, 46908, 46680, 45492, 45584, 46188, 36844, 38468]
fix|24578.25|46864.00| op = [201, 207, 208, 208, 208, 208, 218, 209]| tp = [1, 1, 1, 1, 1, 1, 1, 1, ] | dp = [1, 1, 1, 1, 1, 1, 1, 1, ] | algo = [0, 0, 0, 0, 0, 0, 0, 0, ] | rc = [83, 60, 58, 56, 46, 32, 32, 0] | gpus = [1, 1, 1, 1, 1, 1, 1, 1] | micro_bs = 8 | time = [24578, 24316, 24398, 24010, 23365, 22415, 22820, 24038] | memory = [46683, 46460, 46680, 46772, 46864, 45292, 34540, 38468]
fix|24516.23|46864.00| op = [200, 207, 208, 208, 208, 209, 218, 209]| tp = [1, 1, 1, 1, 1, 1, 1, 1, ] | dp = [1, 1, 1, 1, 1, 1, 1, 1, ] | algo = [0, 0, 0, 0, 0, 0, 0, 0, ] | rc = [60, 62, 59, 57, 47, 32, 32, 0] | gpus = [1, 1, 1, 1, 1, 1, 1, 1] | micro_bs = 8 | time = [23740, 24516, 24474, 24086, 23441, 22599, 22818, 24036] | memory = [46683, 46460, 46680, 46772, 46864, 45292, 34540, 38468]
fix|24015.36|46992.00| op = [200, 206, 208, 208, 208, 210, 218, 209]| tp = [1, 1, 1, 1, 1, 1, 1, 1, ] | dp = [1, 1, 1, 1, 1, 1, 1, 1, ] | algo = [0, 0, 0, 0, 0, 0, 0, 0, ] | rc = [60, 60, 56, 52, 44, 32, 32, 0] | gpus = [1, 1, 1, 1, 1, 1, 1, 1] | micro_bs = 8 | time = [23719, 23926, 23733, 23428, 22700, 22504, 22797, 24015] | memory = [46683, 46460, 46872, 45012, 46992, 45388, 34540, 38468]
fix|23952.06|46992.00| op = [200, 206, 208, 208, 208, 211, 218, 208]| tp = [1, 1, 1, 1, 1, 1, 1, 1, ] | dp = [1, 1, 1, 1, 1, 1, 1, 1, ] | algo = [0, 0, 0, 0, 0, 0, 0, 0, ] | rc = [60, 60, 56, 52, 44, 37, 28, 0] | gpus = [1, 1, 1, 1, 1, 1, 1, 1] | micro_bs = 8 | time = [23720, 23927, 23734, 23429, 22701, 23144, 22338, 23952] | memory = [46683, 46460, 46872, 45012, 46992, 46284, 36952, 38440]
fix|24031.20|46992.00| op = [200, 206, 208, 208, 208, 211, 219, 207]| tp = [1, 1, 1, 1, 1, 1, 1, 1, ] | dp = [1, 1, 1, 1, 1, 1, 1, 1, ] | algo = [0, 0, 0, 0, 0, 0, 0, 0, ] | rc = [60, 60, 56, 52, 44, 37, 30, 0] | gpus = [1, 1, 1, 1, 1, 1, 1, 1] | micro_bs = 8 | time = [23725, 23932, 23739, 23434, 22706, 23149, 22930, 24031] | memory = [46683, 46460, 46872, 45012, 46992, 46284, 35672, 38408]
fix|23930.42|46992.00| op = [200, 206, 208, 208, 209, 211, 219, 206]| tp = [1, 1, 1, 1, 1, 1, 1, 1, ] | dp = [1, 1, 1, 1, 1, 1, 1, 1, ] | algo = [0, 0, 0, 0, 0, 0, 0, 0, ] | rc = [60, 60, 56, 52, 46, 34, 28, 0] | gpus = [1, 1, 1, 1, 1, 1, 1, 1] | micro_bs = 8 | time = [23723, 23930, 23736, 23431, 23272, 22880, 22507, 23843] | memory = [46683, 46460, 46872, 45012, 46992, 45340, 36920, 38408]
fix|23844.53|46812.00| op = [200, 205, 208, 208, 209, 211, 220, 206]| tp = [1, 1, 1, 1, 1, 1, 1, 1, ] | dp = [1, 1, 1, 1, 1, 1, 1, 1, ] | algo = [0, 0, 0, 0, 0, 0, 0, 0, ] | rc = [60, 60, 56, 54, 46, 37, 30, 0] | gpus = [1, 1, 1, 1, 1, 1, 1, 1] | micro_bs = 8 | time = [23724, 23833, 23703, 23315, 22804, 23148, 23114, 23844] | memory = [46683, 46112, 46680, 46772, 46812, 46284, 35672, 38408]
fix|23833.32|46812.00| op = [200, 205, 208, 208, 210, 211, 220, 205]| tp = [1, 1, 1, 1, 1, 1, 1, 1, ] | dp = [1, 1, 1, 1, 1, 1, 1, 1, ] | algo = [0, 0, 0, 0, 0, 0, 0, 0, ] | rc = [60, 60, 56, 54, 48, 34, 32, 0] | gpus = [1, 1, 1, 1, 1, 1, 1, 1] | micro_bs = 8 | time = [23724, 23833, 23704, 23316, 23372, 22881, 23067, 23628] | memory = [46683, 46112, 46680, 46772, 46812, 45340, 34616, 37256]
best|23833.32|46812.00| op = [200, 205, 208, 208, 210, 211, 220, 205]| tp = [1, 1, 1, 1, 1, 1, 1, 1, ] | dp = [1, 1, 1, 1, 1, 1, 1, 1, ] | algo = [0, 0, 0, 0, 0, 0, 0, 0, ] | rc = [60, 60, 56, 54, 48, 34, 32, 0] | gpus = [1, 1, 1, 1, 1, 1, 1, 1] | micro_bs = 8 | time = [23724, 23833, 23704, 23316, 23372, 22881, 23067, 23628] | memory = [46683, 46112, 46680, 46772, 46812, 45340, 34616, 37256]
decode|23833.32|46812.00| op = [200, 205, 208, 208, 210, 211, 220, 205]| tp = [1, 1, 1, 1, 1, 1, 1, 1, ] | dp = [1, 1, 1, 1, 1, 1, 1, 1, ] | algo = [0, 0, 0, 0, 0, 0, 0, 0, ] | rc = [60, 60, 56, 54, 48, 34, 32, 0] | gpus = [1, 1, 1, 1, 1, 1, 1, 1] | micro_bs = 8 | time = [23724, 23833, 23704, 23316, 23372, 22881, 23067, 23628] | memory = [46683, 46112, 46680, 46772, 46812, 45340, 34616, 37256]
fix|23792.44|46812.50| op = [200, 204, 208, 208, 210, 212, 220, 205]| tp = [1, 1, 1, 1, 1, 1, 1, 1, ] | dp = [1, 1, 1, 1, 1, 1, 1, 1, ] | algo = [0, 0, 0, 0, 0, 0, 0, 0, ] | rc = [60, 60, 56, 54, 46, 34, 32, 0] | gpus = [1, 1, 1, 1, 1, 1, 1, 1] | micro_bs = 8 | time = [23719, 23792, 23682, 23294, 22818, 22802, 23061, 23623] | memory = [46683, 45999, 46584, 46692, 46812, 45436, 34616, 37256]
fix|23780.96|46772.01| op = [200, 203, 208, 208, 210, 213, 220, 205]| tp = [1, 1, 1, 1, 1, 1, 1, 1, ] | dp = [1, 1, 1, 1, 1, 1, 1, 1, ] | algo = [0, 0, 0, 0, 0, 0, 0, 0, ] | rc = [60, 60, 56, 54, 46, 34, 32, 0] | gpus = [1, 1, 1, 1, 1, 1, 1, 1] | micro_bs = 8 | time = [23719, 23780, 23698, 23310, 22747, 22866, 23061, 23623] | memory = [46683, 45831, 46680, 46772, 46768, 45496, 34616, 37256]
fix|23762.41|46968.00| op = [200, 202, 208, 208, 211, 213, 220, 205]| tp = [1, 1, 1, 1, 1, 1, 1, 1, ] | dp = [1, 1, 1, 1, 1, 1, 1, 1, ] | algo = [0, 0, 0, 0, 0, 0, 0, 0, ] | rc = [60, 60, 56, 52, 44, 34, 32, 0] | gpus = [1, 1, 1, 1, 1, 1, 1, 1] | micro_bs = 8 | time = [23721, 23757, 23762, 23457, 22920, 22869, 23064, 23625] | memory = [46683, 45703, 46968, 45092, 45504, 45496, 34616, 37256]
fix|23757.26|46683.50| op = [200, 202, 207, 208, 211, 214, 220, 205]| tp = [1, 1, 1, 1, 1, 1, 1, 1, ] | dp = [1, 1, 1, 1, 1, 1, 1, 1, ] | algo = [0, 0, 0, 0, 0, 0, 0, 0, ] | rc = [60, 60, 56, 52, 44, 34, 32, 0] | gpus = [1, 1, 1, 1, 1, 1, 1, 1] | micro_bs = 8 | time = [23721, 23757, 23721, 23457, 22926, 22888, 23064, 23625] | memory = [46683, 45703, 46584, 45092, 45696, 45496, 34616, 37256]
fix|23720.38|46772.00| op = [200, 201, 207, 208, 211, 215, 220, 205]| tp = [1, 1, 1, 1, 1, 1, 1, 1, ] | dp = [1, 1, 1, 1, 1, 1, 1, 1, ] | algo = [0, 0, 0, 0, 0, 0, 0, 0, ] | rc = [60, 60, 56, 54, 44, 34, 32, 0] | gpus = [1, 1, 1, 1, 1, 1, 1, 1] | micro_bs = 8 | time = [23720, 23714, 23669, 23312, 22943, 22915, 23063, 23624] | memory = [46683, 45255, 46568, 46772, 45680, 45616, 34616, 37256]
best|23720.38|46772.00| op = [200, 201, 207, 208, 211, 215, 220, 205]| tp = [1, 1, 1, 1, 1, 1, 1, 1, ] | dp = [1, 1, 1, 1, 1, 1, 1, 1, ] | algo = [0, 0, 0, 0, 0, 0, 0, 0, ] | rc = [60, 60, 56, 54, 44, 34, 32, 0] | gpus = [1, 1, 1, 1, 1, 1, 1, 1] | micro_bs = 8 | time = [23720, 23714, 23669, 23312, 22943, 22915, 23063, 23624] | memory = [46683, 45255, 46568, 46772, 45680, 45616, 34616, 37256]

num_targets: []
num_hops: []
search time = 0.00 s.  [0] 
num_explored_cases = 0
time trend: [24389]

stage 8 search time: 0.85 s
# of stages	est_iteration_time(s)	est_thpt(samples/s)	est_mem(MB)	# of explored cases
4          	23.22                	44.10              	46620      	0                  

overall search time: 7.02 s
stage 0 search time: 0.23 s
stage 1 search time: 0.35 s
stage 2 search time: 2.02 s
stage 3 search time: 0.73 s
stage 4 search time: 0.76 s
stage 5 search time: 1.18 s
stage 6 search time: 0.90 s
stage 7 search time: 0.85 s
