------------------------ arguments ------------------------
  adaptive_hyper_parameters ....................... 5
  add_action_finetune_algo ........................ False
  add_action_finetune_dim ......................... False
  add_action_tp_dp_exchange ....................... False
  add_action_tune_tp_dp ........................... False
  check_recompute_with_group ...................... False
  config_save_path ................................ /home/liminglong.lml/sxz/SuperScaler/logs-large/aceso/configs/scale-layer/512layers/
  config_suffix ................................... 2026-5-16-3-22-42
  consider_collective_memory ...................... False
  consider_reserved_space ......................... True
  consider_shared_space ........................... True
  continue_when_fail .............................. True
  decoder_seq_len ................................. 512
  end_num_stages .................................. 8
  finetune_after_trial ............................ 0
  finetune_tp_dp_after_trial ...................... False
  flex_recompute .................................. True
  forbid_turn_back ................................ False
  global_batch_size ............................... 1024
  high_memory_rate ................................ 0.9
  init_dim ........................................ tp
  initial_point ................................... balance
  log_path ........................................ /home/liminglong.lml/sxz/SuperScaler/logs-large/aceso/search/scale-layer/512layers/
  max_num_hops .................................... 7
  max_num_trials .................................. 100
  max_op_move_steps ............................... 5
  max_tp .......................................... 8
  memory_limit .................................... 28000
  memory_main_params .............................. 2
  memory_optimizer ................................ 4
  memory_pred_type ................................ MAX
  micro_batch_size ................................ [1, 2, 4, 8]
  min_mbs ......................................... 1
  model_name ...................................... scale-layer
  model_size ...................................... 512layers
  multi_process ................................... True
  num_algos ....................................... 2
  num_gpus ........................................ 8
  num_gpus_per_node ............................... 8
  num_layers ...................................... 512
  num_nodes ....................................... 1
  num_of_saved_configs ............................ 1
  num_partners_in_op_mig .......................... 1
  only_top_1_target ............................... False
  op_group_size ................................... 1
  peak_mem_in_backward ............................ 1000
  predict_delta_time .............................. True
  print_debug_info ................................ False
  print_gpu_mig_details ........................... False
  print_move_op_details ........................... False
  print_recomp_debug_info ......................... False
  print_recompute_ops ............................. False
  profiled_time_path .............................. /home/liminglong.lml/sxz/SuperScaler/profiler/profiled-time-eurosys/
  random_order_actions ............................ False
  resharding ...................................... True
  save_to_csv ..................................... None
  seq_len ......................................... 2048
  simple_prim_mbs ................................. False
  simple_prim_mig ................................. False
  sort_metric ..................................... max_stage_time
  start_num_stages ................................ 1
  support_comm_predict ............................ False
  time_budget_per_trial ........................... 200
  time_budget_total ............................... 200
-------------------- end of arguments ---------------------
working on num_stages = 1
config has been saved to /home/liminglong.lml/sxz/SuperScaler/logs-large/aceso/configs/scale-layer/512layers/scale-layer_512layers_1stages_2026-5-16-3-22-42.json

========== Best Result (num_stages = 1) ==========
|391600.26|26644.32| op = [6659]| tp = [2, ] | dp = [4, ] | algo = [0, ] | rc = [5554] | gpus = [8] | micro_bs = 8 | time = [391600] | memory = [26644]
start|2413241.41|25673.95| op = [6659]| tp = [8, ] | dp = [1, ] | algo = [0, ] | rc = [0] | gpus = [8] | micro_bs = 1 | time = [2413241] | memory = [25673]

[ Trial 0 ] |2413241.41|25673.95| op = [6659]| tp = [8, ] | dp = [1, ] | algo = [0, ] | rc = [0] | gpus = [8] | micro_bs = 1 | time = [2413241] | memory = [25673]
>>>> [CONFIG: target(0), prim(inc_mbs)]
|1627802.00|14411.12| op = [6659]| tp = [4, ] | dp = [2, ] | algo = [0, ] | rc = [6502] | gpus = [8] | micro_bs = 2 | time = [1627801] | memory = [14411]

[ Trial 1 ] |1627802.00|14411.12| op = [6659]| tp = [4, ] | dp = [2, ] | algo = [0, ] | rc = [6502] | gpus = [8] | micro_bs = 2 | time = [1627801] | memory = [14411]
>>>> [CONFIG: target(0), prim(inc_mbs)]
|484274.93|26997.45| op = [6659]| tp = [2, ] | dp = [4, ] | algo = [0, ] | rc = [2514] | gpus = [8] | micro_bs = 4 | time = [484274] | memory = [26997]

[ Trial 2 ] |484274.93|26997.45| op = [6659]| tp = [2, ] | dp = [4, ] | algo = [0, ] | rc = [2514] | gpus = [8] | micro_bs = 4 | time = [484274] | memory = [26997]
>>>> [CONFIG: target(0), prim(inc_mbs)]
|391600.26|26644.32| op = [6659]| tp = [2, ] | dp = [4, ] | algo = [0, ] | rc = [5554] | gpus = [8] | micro_bs = 8 | time = [391600] | memory = [26644]

num_targets: [1, 1, 1]
num_hops: [1, 1, 1]
search time = 7.40 s.  [0, 1, 2, 3, 4, 5, 6, 7, 8, 9, 10, 11, 12, 13, 14, 15, 16, 17, 18, 19, 20, 21, 22, 23, 24] 
num_explored_cases = 45
time trend: [2413241, 1627801, 484274, 391600, 391600, 391600, 391600, 391600, 391600, 391600, 484274, 484274, 484274, 484274, 484274, 1627801, 1627801, 1627801, 1627801, 1627801, 2413241, 2413241, 2413241, 2413241, 2413241]

working on num_stages = 2
config has been saved to /home/liminglong.lml/sxz/SuperScaler/logs-large/aceso/configs/scale-layer/512layers/scale-layer_512layers_2stages_2026-5-16-3-22-42.json

========== Best Result (num_stages = 2) ==========
|138213.66|26105.88| op = [3266, 3393]| tp = [1, 1, ] | dp = [4, 4, ] | algo = [0, 0, ] | rc = [3088, 2268] | gpus = [4, 4] | micro_bs = 8 | time = [138105, 138213] | memory = [24623, 26105]
start|1514073.96|26312.76| op = [3329, 3330]| tp = [4, 4, ] | dp = [1, 1, ] | algo = [0, 0, ] | rc = [2615, 0] | gpus = [4, 4] | micro_bs = 1 | time = [1514073, 1116655] | memory = [26312, 22112]

[ Trial 0 ] |1514073.96|26312.76| op = [3329, 3330]| tp = [4, 4, ] | dp = [1, 1, ] | algo = [0, 0, ] | rc = [2615, 0] | gpus = [4, 4] | micro_bs = 1 | time = [1514073, 1116655] | memory = [26312, 22112]
>>>> [CONFIG: target(0), prim(dec_op)]
|1242221.18|26997.61| op = [2953, 3706]| tp = [4, 4, ] | dp = [1, 1, ] | algo = [0, 0, ] | rc = [1176, 0] | gpus = [4, 4] | micro_bs = 1 | time = [1134393, 1242221] | memory = [26997, 24593]

[ Trial 1 ] |1242221.18|26997.61| op = [2953, 3706]| tp = [4, 4, ] | dp = [1, 1, ] | algo = [0, 0, ] | rc = [1176, 0] | gpus = [4, 4] | micro_bs = 1 | time = [1134393, 1242221] | memory = [26997, 24593]
>>>> [CONFIG: target(1), prim(inc_mbs)]
|514536.37|26992.61| op = [2953, 3706]| tp = [2, 2, ] | dp = [2, 2, ] | algo = [0, 0, ] | rc = [640, 570] | gpus = [4, 4] | micro_bs = 2 | time = [415510, 514536] | memory = [26992, 24735]

[ Trial 2 ] |514536.37|26992.61| op = [2953, 3706]| tp = [2, 2, ] | dp = [2, 2, ] | algo = [0, 0, ] | rc = [640, 570] | gpus = [4, 4] | micro_bs = 2 | time = [415510, 514536] | memory = [26992, 24735]
>>>> [CONFIG: target(1), prim(dec_op)]
|467014.44|26973.28| op = [3297, 3362]| tp = [2, 2, ] | dp = [2, 2, ] | algo = [0, 0, ] | rc = [810, 516] | gpus = [4, 4] | micro_bs = 2 | time = [467014, 466953] | memory = [26973, 22477]

[ Trial 3 ] |467014.44|26973.28| op = [3297, 3362]| tp = [2, 2, ] | dp = [2, 2, ] | algo = [0, 0, ] | rc = [810, 516] | gpus = [4, 4] | micro_bs = 2 | time = [467014, 466953] | memory = [26973, 22477]
>>>> [CONFIG: target(0), prim(dec_mbs)]
|1468933.56|26550.70| op = [3297, 3362]| tp = [4, 4, ] | dp = [1, 1, ] | algo = [0, 0, ] | rc = [2529, 0] | gpus = [4, 4] | micro_bs = 1 | time = [1468933, 1127060] | memory = [26550, 22308]
>>>> [CONFIG: target(0), prim(dec_op)]
|1235187.18|26997.71| op = [2974, 3685]| tp = [4, 4, ] | dp = [1, 1, ] | algo = [0, 0, ] | rc = [1309, 0] | gpus = [4, 4] | micro_bs = 1 | time = [1174379, 1235187] | memory = [26997, 24442]
>>>> [CONFIG: target(1), prim(inc_mbs)]
|511653.04|26990.71| op = [2974, 3685]| tp = [2, 2, ] | dp = [2, 2, ] | algo = [0, 0, ] | rc = [648, 566] | gpus = [4, 4] | micro_bs = 2 | time = [418555, 511653] | memory = [26990, 24598]
>>>> [CONFIG: target(1), prim(dec_op)]
|468044.56|26998.24| op = [3289, 3370]| tp = [2, 2, ] | dp = [2, 2, ] | algo = [0, 0, ] | rc = [806, 518] | gpus = [4, 4] | micro_bs = 2 | time = [465842, 468044] | memory = [26998, 22529]
>>>> [CONFIG: target(1), prim(inc_mbs)]
|171774.91|26999.33| op = [3289, 3370]| tp = [1, 1, ] | dp = [4, 4, ] | algo = [0, 0, ] | rc = [1730, 974] | gpus = [4, 4] | micro_bs = 4 | time = [171774, 163142] | memory = [26996, 26999]

[ Trial 4 ] |171774.91|26999.33| op = [3289, 3370]| tp = [1, 1, ] | dp = [4, 4, ] | algo = [0, 0, ] | rc = [1730, 974] | gpus = [4, 4] | micro_bs = 4 | time = [171774, 163142] | memory = [26996, 26999]
>>>> [CONFIG: target(0), prim(dec_op)]
|167454.36|26999.01| op = [3217, 3442]| tp = [1, 1, ] | dp = [4, 4, ] | algo = [0, 0, ] | rc = [1667, 1016] | gpus = [4, 4] | micro_bs = 4 | time = [167454, 167115] | memory = [26995, 26999]

[ Trial 5 ] |167454.36|26999.01| op = [3217, 3442]| tp = [1, 1, ] | dp = [4, 4, ] | algo = [0, 0, ] | rc = [1667, 1016] | gpus = [4, 4] | micro_bs = 4 | time = [167454, 167115] | memory = [26995, 26999]
>>>> [CONFIG: target(0), prim(dec_mbs)]
|478131.66|26994.64| op = [3217, 3442]| tp = [2, 2, ] | dp = [2, 2, ] | algo = [0, 0, ] | rc = [779, 528] | gpus = [4, 4] | micro_bs = 2 | time = [455267, 478131] | memory = [26994, 23023]
>>>> [CONFIG: target(1), prim(dec_mbs)]
|1373336.07|26795.36| op = [3217, 3442]| tp = [4, 4, ] | dp = [1, 1, ] | algo = [0, 0, ] | rc = [2352, 0] | gpus = [4, 4] | micro_bs = 1 | time = [1373336, 1153899] | memory = [26795, 22840]
>>>> [CONFIG: target(0), prim(dec_op)]
|1230115.73|26997.77| op = [2989, 3670]| tp = [4, 4, ] | dp = [1, 1, ] | algo = [0, 0, ] | rc = [1392, 0] | gpus = [4, 4] | micro_bs = 1 | time = [1200233, 1230115] | memory = [26997, 24348]
>>>> [CONFIG: target(1), prim(inc_mbs)]
|509592.35|26998.77| op = [2989, 3670]| tp = [2, 2, ] | dp = [2, 2, ] | algo = [0, 0, ] | rc = [662, 564] | gpus = [4, 4] | micro_bs = 2 | time = [421065, 509592] | memory = [26998, 24498]
>>>> [CONFIG: target(1), prim(inc_mbs)]
|179481.21|26998.07| op = [2989, 3670]| tp = [1, 1, ] | dp = [4, 4, ] | algo = [0, 0, ] | rc = [1368, 1140] | gpus = [4, 4] | micro_bs = 4 | time = [150601, 179481] | memory = [26984, 26998]
>>>> [CONFIG: target(1), prim(dec_op)]
|167372.78|26998.97| op = [3227, 3432]| tp = [1, 1, ] | dp = [4, 4, ] | algo = [0, 0, ] | rc = [1657, 1006] | gpus = [4, 4] | micro_bs = 4 | time = [167372, 166521] | memory = [26991, 26998]

[ Trial 6 ] |167372.78|26998.97| op = [3227, 3432]| tp = [1, 1, ] | dp = [4, 4, ] | algo = [0, 0, ] | rc = [1657, 1006] | gpus = [4, 4] | micro_bs = 4 | time = [167372, 166521] | memory = [26991, 26998]
>>>> [CONFIG: target(0), prim(dec_mbs)]
|476591.77|26993.71| op = [3227, 3432]| tp = [2, 2, ] | dp = [2, 2, ] | algo = [0, 0, ] | rc = [778, 528] | gpus = [4, 4] | micro_bs = 2 | time = [456714, 476591] | memory = [26993, 22940]
>>>> [CONFIG: target(1), prim(dec_mbs)]
|1377724.93|26830.89| op = [3227, 3432]| tp = [4, 4, ] | dp = [1, 1, ] | algo = [0, 0, ] | rc = [2360, 0] | gpus = [4, 4] | micro_bs = 1 | time = [1377724, 1150440] | memory = [26830, 22791]
>>>> [CONFIG: target(0), prim(dec_op)]
|1230864.56|26997.27| op = [2987, 3672]| tp = [4, 4, ] | dp = [1, 1, ] | algo = [0, 0, ] | rc = [1385, 0] | gpus = [4, 4] | micro_bs = 1 | time = [1197643, 1230864] | memory = [26997, 24356]
>>>> [CONFIG: target(1), prim(inc_mbs)]
|509860.80|26997.77| op = [2987, 3672]| tp = [2, 2, ] | dp = [2, 2, ] | algo = [0, 0, ] | rc = [656, 564] | gpus = [4, 4] | micro_bs = 2 | time = [420535, 509860] | memory = [26997, 24513]
>>>> [CONFIG: target(1), prim(dec_op)]
|474122.94|26977.02| op = [3245, 3414]| tp = [2, 2, ] | dp = [2, 2, ] | algo = [0, 0, ] | rc = [784, 524] | gpus = [4, 4] | micro_bs = 2 | time = [459240, 474122] | memory = [26977, 22817]
>>>> [CONFIG: target(1), prim(inc_mbs)]
|168689.16|26998.44| op = [3245, 3414]| tp = [1, 1, ] | dp = [4, 4, ] | algo = [0, 0, ] | rc = [1676, 1000] | gpus = [4, 4] | micro_bs = 4 | time = [168689, 165479] | memory = [26995, 26998]
>>>> [CONFIG: target(0), prim(dec_op)]
|166872.63|26998.51| op = [3219, 3440]| tp = [1, 1, ] | dp = [4, 4, ] | algo = [0, 0, ] | rc = [1645, 1012] | gpus = [4, 4] | micro_bs = 4 | time = [166845, 166872] | memory = [26995, 26998]

[ Trial 7 ] |166872.63|26998.51| op = [3219, 3440]| tp = [1, 1, ] | dp = [4, 4, ] | algo = [0, 0, ] | rc = [1645, 1012] | gpus = [4, 4] | micro_bs = 4 | time = [166845, 166872] | memory = [26995, 26998]
>>>> [CONFIG: target(1), prim(inc_mbs)]
|140459.41|26348.16| op = [3219, 3440]| tp = [1, 1, ] | dp = [4, 4, ] | algo = [0, 0, ] | rc = [2991, 2380] | gpus = [4, 4] | micro_bs = 8 | time = [135893, 140459] | memory = [26348, 26052]

[ Trial 8 ] |140459.41|26348.16| op = [3219, 3440]| tp = [1, 1, ] | dp = [4, 4, ] | algo = [0, 0, ] | rc = [2991, 2380] | gpus = [4, 4] | micro_bs = 8 | time = [135893, 140459] | memory = [26348, 26052]
>>>> [CONFIG: target(1), prim(dec_op)]
|138373.08|26025.26| op = [3268, 3391]| tp = [1, 1, ] | dp = [4, 4, ] | algo = [0, 0, ] | rc = [3087, 2306] | gpus = [4, 4] | micro_bs = 8 | time = [138306, 138373] | memory = [24719, 26025]

[ Trial 9 ] |138373.08|26025.26| op = [3268, 3391]| tp = [1, 1, ] | dp = [4, 4, ] | algo = [0, 0, ] | rc = [3087, 2306] | gpus = [4, 4] | micro_bs = 8 | time = [138306, 138373] | memory = [24719, 26025]
>>>> [CONFIG: target(1), prim(dec_mbs)]
|170362.93|26998.88| op = [3268, 3391]| tp = [1, 1, ] | dp = [4, 4, ] | algo = [0, 0, ] | rc = [1704, 994] | gpus = [4, 4] | micro_bs = 4 | time = [170362, 164432] | memory = [26995, 26998]
>>>> [CONFIG: target(0), prim(dec_op)]
|166925.40|26995.86| op = [3221, 3438]| tp = [1, 1, ] | dp = [4, 4, ] | algo = [0, 0, ] | rc = [1647, 1012] | gpus = [4, 4] | micro_bs = 4 | time = [166925, 166818] | memory = [26995, 26993]
>>>> [CONFIG: target(0), prim(dec_mbs)]
|477599.48|26996.92| op = [3221, 3438]| tp = [2, 2, ] | dp = [2, 2, ] | algo = [0, 0, ] | rc = [776, 528] | gpus = [4, 4] | micro_bs = 2 | time = [455588, 477599] | memory = [26996, 22982]
>>>> [CONFIG: target(1), prim(dec_op)]
|468746.24|26998.21| op = [3284, 3375]| tp = [2, 2, ] | dp = [2, 2, ] | algo = [0, 0, ] | rc = [808, 518] | gpus = [4, 4] | micro_bs = 2 | time = [465180, 468746] | memory = [26998, 22562]
>>>> [CONFIG: target(1), prim(inc_mbs)]
|171466.16|26994.35| op = [3284, 3375]| tp = [1, 1, ] | dp = [4, 4, ] | algo = [0, 0, ] | rc = [1724, 976] | gpus = [4, 4] | micro_bs = 4 | time = [171466, 163336] | memory = [26992, 26994]
>>>> [CONFIG: target(0), prim(inc_mbs)]
|139078.38|26183.94| op = [3284, 3375]| tp = [1, 1, ] | dp = [4, 4, ] | algo = [0, 0, ] | rc = [3117, 2217] | gpus = [4, 4] | micro_bs = 8 | time = [139078, 137104] | memory = [24238, 26183]
>>>> [CONFIG: target(0), prim(dec_op)]
|138213.66|26105.88| op = [3266, 3393]| tp = [1, 1, ] | dp = [4, 4, ] | algo = [0, 0, ] | rc = [3088, 2268] | gpus = [4, 4] | micro_bs = 8 | time = [138105, 138213] | memory = [24623, 26105]

num_targets: [1, 1, 1, 1, 1, 1, 1, 1, 1, 1]
num_hops: [1, 1, 1, 5, 1, 6, 7, 1, 1, 7]
search time = 93.60 s.  [0, 1, 2, 3, 6, 7, 11, 15, 16, 17, 25, 29, 30, 31, 39, 40, 41, 42, 43, 44, 45, 46, 47, 48, 49, 50, 51, 52, 53, 54, 55, 56, 57, 58, 59, 60, 61, 62, 63, 64, 65, 66, 67, 68, 69, 70, 71, 72, 73, 74, 75, 76, 77, 78, 79, 80, 81, 82, 83, 84, 91, 100, 101, 102, 103, 104, 105, 106, 107, 108, 109, 110, 111, 112, 113, 114, 115, 116, 117, 121, 122, 123, 124, 125, 126, 127, 128, 132, 135, 136, 137, 138, 139, 140, 141, 142, 143, 144, 145, 146, 147] 
num_explored_cases = 1247
time trend: [1514073, 1242221, 514536, 467014, 171774, 167454, 167372, 166872, 140459, 138373, 138213, 138213, 139688, 140477, 138586, 138213, 138213, 138213, 138213, 138213, 138373, 138373, 138373, 138373, 138373, 138586, 138586, 138586, 138586, 138586, 139078, 139078, 139078, 139078, 139078, 139382, 139382, 139382, 139382, 139382, 139688, 139688, 139688, 139688, 139688, 140459, 140459, 140459, 140459, 140459, 140477, 140477, 140477, 140477, 140477, 152872, 152872, 152872, 152872, 152872, 140106, 138740, 140185, 138740, 138740, 138740, 138740, 140106, 140106, 140106, 140106, 140185, 140185, 140185, 140185, 140211, 140211, 140211, 140211, 138477, 138477, 138477, 138477, 138477, 140703, 140703, 140703, 140912, 139112, 139112, 139112, 139112, 139112, 140912, 140912, 140912, 150268, 150268, 150268, 166872, 166872]

working on num_stages = 3
config has been saved to /home/liminglong.lml/sxz/SuperScaler/logs-large/aceso/configs/scale-layer/512layers/scale-layer_512layers_3stages_2026-5-16-3-22-42.json

========== Best Result (num_stages = 3) ==========
|118986.49|26990.37| op = [1810, 1840, 3009]| tp = [1, 1, 1, ] | dp = [2, 2, 4, ] | algo = [0, 0, 0, ] | rc = [1808, 1633, 1484] | gpus = [2, 2, 4] | micro_bs = 8 | time = [118787, 118986, 118950] | memory = [14500, 25840, 26990]
start|947971.67|26910.75| op = [2219, 2219, 2221]| tp = [4, 2, 2, ] | dp = [1, 1, 1, ] | algo = [0, 0, 0, ] | rc = [1620, 340, 12] | gpus = [4, 2, 2] | micro_bs = 1 | time = [947971, 615130, 595024] | memory = [26562, 24525, 26910]

[ Trial 0 ] |947971.67|26910.75| op = [2219, 2219, 2221]| tp = [4, 2, 2, ] | dp = [1, 1, 1, ] | algo = [0, 0, 0, ] | rc = [1620, 340, 12] | gpus = [4, 2, 2] | micro_bs = 1 | time = [947971, 615130, 595024] | memory = [26562, 24525, 26910]
>>>> [CONFIG: target(0), prim(dec_op)]
|659292.11|26995.26| op = [1848, 2378, 2433]| tp = [4, 2, 2, ] | dp = [1, 1, 1, ] | algo = [0, 0, 0, ] | rc = [282, 366, 118] | gpus = [4, 2, 2] | micro_bs = 1 | time = [659292, 658907, 658461] | memory = [26995, 26256, 25618]

[ Trial 1 ] |659292.11|26995.26| op = [1848, 2378, 2433]| tp = [4, 2, 2, ] | dp = [1, 1, 1, ] | algo = [0, 0, 0, ] | rc = [282, 366, 118] | gpus = [4, 2, 2] | micro_bs = 1 | time = [659292, 658907, 658461] | memory = [26995, 26256, 25618]
>>>> [CONFIG: target(0), prim(dec_tp)]
|815774.01|26998.18| op = [1848, 2378, 2433]| tp = [2, 4, 2, ] | dp = [1, 1, 1, ] | algo = [0, 0, 0, ] | rc = [324, 136, 118] | gpus = [2, 4, 2] | micro_bs = 1 | time = [515383, 815774, 658473] | memory = [26997, 26998, 25618]
>>>> [CONFIG: target(1), prim(dec_op)]
|658440.13|26967.88| op = [2273, 1953, 2433]| tp = [2, 4, 2, ] | dp = [1, 1, 1, ] | algo = [0, 0, 0, ] | rc = [528, 0, 118] | gpus = [2, 4, 2] | micro_bs = 1 | time = [642256, 654257, 658440] | memory = [26967, 23661, 25618]

[ Trial 2 ] |658440.13|26967.88| op = [2273, 1953, 2433]| tp = [2, 4, 2, ] | dp = [1, 1, 1, ] | algo = [0, 0, 0, ] | rc = [528, 0, 118] | gpus = [2, 4, 2] | micro_bs = 1 | time = [642256, 654257, 658440] | memory = [26967, 23661, 25618]
>>>> [CONFIG: target(2), prim(dec_op)]
|654447.45|26988.97| op = [2289, 1952, 2418]| tp = [2, 4, 2, ] | dp = [1, 1, 1, ] | algo = [0, 0, 0, ] | rc = [538, 0, 110] | gpus = [2, 4, 2] | micro_bs = 1 | time = [646928, 654447, 653753] | memory = [26988, 23649, 25740]

[ Trial 3 ] |654447.45|26988.97| op = [2289, 1952, 2418]| tp = [2, 4, 2, ] | dp = [1, 1, 1, ] | algo = [0, 0, 0, ] | rc = [538, 0, 110] | gpus = [2, 4, 2] | micro_bs = 1 | time = [646928, 654447, 653753] | memory = [26988, 23649, 25740]
>>>> [CONFIG: target(1), prim(dec_tp)]
|811317.16|26988.97| op = [2289, 1952, 2418]| tp = [2, 2, 4, ] | dp = [1, 1, 1, ] | algo = [0, 0, 0, ] | rc = [538, 300, 0] | gpus = [2, 2, 4] | micro_bs = 1 | time = [646972, 541431, 811317] | memory = [26988, 21552, 16120]
>>>> [CONFIG: target(2), prim(inc_mbs)]
|327044.56|26999.13| op = [2289, 1952, 2418]| tp = [1, 1, 2, ] | dp = [2, 2, 2, ] | algo = [0, 0, 0, ] | rc = [978, 492, 110] | gpus = [2, 2, 4] | micro_bs = 2 | time = [228972, 183795, 327044] | memory = [26981, 26999, 25740]

[ Trial 4 ] |327044.56|26999.13| op = [2289, 1952, 2418]| tp = [1, 1, 2, ] | dp = [2, 2, 2, ] | algo = [0, 0, 0, ] | rc = [978, 492, 110] | gpus = [2, 2, 4] | micro_bs = 2 | time = [228972, 183795, 327044] | memory = [26981, 26999, 25740]
>>>> [CONFIG: target(2), prim(dec_tp)]
|270882.54|26996.48| op = [2289, 1952, 2418]| tp = [1, 2, 1, ] | dp = [2, 2, 2, ] | algo = [0, 0, 0, ] | rc = [978, 300, 482] | gpus = [2, 4, 2] | micro_bs = 2 | time = [228938, 270882, 222447] | memory = [26981, 21552, 26996]

[ Trial 5 ] |270882.54|26996.48| op = [2289, 1952, 2418]| tp = [1, 2, 1, ] | dp = [2, 2, 2, ] | algo = [0, 0, 0, ] | rc = [978, 300, 482] | gpus = [2, 4, 2] | micro_bs = 2 | time = [228938, 270882, 222447] | memory = [26981, 21552, 26996]
>>>> [CONFIG: target(1), prim(dec_tp)]
|323616.20|26999.13| op = [2289, 1952, 2418]| tp = [2, 1, 1, ] | dp = [2, 2, 2, ] | algo = [0, 0, 0, ] | rc = [538, 492, 482] | gpus = [4, 2, 2] | micro_bs = 2 | time = [323616, 183776, 222462] | memory = [26988, 26999, 26996]
>>>> [CONFIG: target(0), prim(dec_dp)]
|492444.18|26997.89| op = [2289, 1952, 2418]| tp = [2, 2, 1, ] | dp = [1, 2, 2, ] | algo = [0, 0, 0, ] | rc = [1139, 300, 482] | gpus = [2, 4, 2] | micro_bs = 2 | time = [492444, 271397, 222962] | memory = [26997, 21552, 26996]
>>>> [CONFIG: target(0), prim(dec_op)]
|296928.64|26996.64| op = [1432, 2139, 3088]| tp = [2, 2, 1, ] | dp = [1, 2, 2, ] | algo = [0, 0, 0, ] | rc = [374, 330, 828] | gpus = [2, 4, 2] | micro_bs = 2 | time = [295652, 296928, 295297] | memory = [26967, 23633, 26996]
>>>> [CONFIG: target(1), prim(dec_tp)]
|294927.42|26996.64| op = [1432, 2139, 3088]| tp = [2, 1, 1, ] | dp = [2, 2, 2, ] | algo = [0, 0, 0, ] | rc = [220, 576, 828] | gpus = [4, 2, 2] | micro_bs = 2 | time = [199127, 203557, 294927] | memory = [22450, 26966, 26996]
>>>> [CONFIG: target(2), prim(dec_op)]
|253954.76|26999.70| op = [1436, 2513, 2710]| tp = [2, 1, 1, ] | dp = [2, 2, 2, ] | algo = [0, 0, 0, ] | rc = [221, 750, 632] | gpus = [4, 2, 2] | micro_bs = 2 | time = [199761, 242842, 253954] | memory = [22778, 26988, 26999]

[ Trial 6 ] |253954.76|26999.70| op = [1436, 2513, 2710]| tp = [2, 1, 1, ] | dp = [2, 2, 2, ] | algo = [0, 0, 0, ] | rc = [221, 750, 632] | gpus = [4, 2, 2] | micro_bs = 2 | time = [199761, 242842, 253954] | memory = [22778, 26988, 26999]
>>>> [CONFIG: target(2), prim(dec_op)]
|240365.91|26996.89| op = [1621, 2454, 2584]| tp = [2, 1, 1, ] | dp = [2, 2, 2, ] | algo = [0, 0, 0, ] | rc = [250, 725, 564] | gpus = [4, 2, 2] | micro_bs = 2 | time = [225246, 236840, 240365] | memory = [25398, 26983, 26996]

[ Trial 7 ] |240365.91|26996.89| op = [1621, 2454, 2584]| tp = [2, 1, 1, ] | dp = [2, 2, 2, ] | algo = [0, 0, 0, ] | rc = [250, 725, 564] | gpus = [4, 2, 2] | micro_bs = 2 | time = [225246, 236840, 240365] | memory = [25398, 26983, 26996]
>>>> [CONFIG: target(2), prim(inc_tp)]
|352173.01|26983.60| op = [1621, 2454, 2584]| tp = [1, 1, 2, ] | dp = [2, 2, 2, ] | algo = [0, 0, 0, ] | rc = [444, 725, 192] | gpus = [2, 2, 4] | micro_bs = 2 | time = [155305, 236921, 352173] | memory = [26967, 26983, 24755]
>>>> [CONFIG: target(2), prim(dec_dp)]
|523696.85|26995.64| op = [1621, 2454, 2584]| tp = [2, 1, 2, ] | dp = [2, 2, 1, ] | algo = [0, 0, 0, ] | rc = [250, 725, 482] | gpus = [4, 2, 2] | micro_bs = 2 | time = [225799, 237393, 523696] | memory = [25398, 26983, 26995]
>>>> [CONFIG: target(2), prim(dec_op)]
|302168.00|26989.28| op = [2139, 3004, 1516]| tp = [2, 1, 2, ] | dp = [2, 2, 1, ] | algo = [0, 0, 0, ] | rc = [470, 1334, 146] | gpus = [4, 2, 2] | micro_bs = 2 | time = [301690, 301285, 302168] | memory = [26988, 26989, 23626]
>>>> [CONFIG: target(2), prim(dec_op)]
|301690.69|26988.62| op = [2139, 3007, 1513]| tp = [2, 1, 2, ] | dp = [2, 2, 1, ] | algo = [0, 0, 0, ] | rc = [470, 1340, 146] | gpus = [4, 2, 2] | micro_bs = 2 | time = [301690, 301617, 301688] | memory = [26988, 26985, 23603]
>>>> [CONFIG: target(0), prim(dec_tp)]
|301248.57|26985.32| op = [2139, 3007, 1513]| tp = [1, 1, 2, ] | dp = [2, 2, 2, ] | algo = [0, 0, 0, ] | rc = [770, 1340, 0] | gpus = [2, 2, 4] | micro_bs = 2 | time = [210969, 301248, 203372] | memory = [26976, 26985, 18666]
>>>> [CONFIG: target(1), prim(dec_op)]
|256369.06|26996.58| op = [2193, 2552, 1914]| tp = [1, 1, 2, ] | dp = [2, 2, 2, ] | algo = [0, 0, 0, ] | rc = [842, 772, 0] | gpus = [2, 2, 4] | micro_bs = 2 | time = [217385, 246780, 256369] | memory = [26996, 26996, 23517]
>>>> [CONFIG: target(2), prim(inc_mbs)]
|209153.31|26300.30| op = [2193, 2552, 1914]| tp = [1, 1, 1, ] | dp = [2, 2, 4, ] | algo = [0, 0, 0, ] | rc = [1827, 1996, 294] | gpus = [2, 2, 4] | micro_bs = 4 | time = [181944, 209153, 87227] | memory = [26300, 26061, 23939]

[ Trial 8 ] |209153.31|26300.30| op = [2193, 2552, 1914]| tp = [1, 1, 1, ] | dp = [2, 2, 4, ] | algo = [0, 0, 0, ] | rc = [1827, 1996, 294] | gpus = [2, 2, 4] | micro_bs = 4 | time = [181944, 209153, 87227] | memory = [26300, 26061, 23939]
>>>> [CONFIG: target(1), prim(dec_op)]
|143322.25|26997.89| op = [1788, 1881, 2990]| tp = [1, 1, 1, ] | dp = [2, 2, 4, ] | algo = [0, 0, 0, ] | rc = [1088, 784, 774] | gpus = [2, 2, 4] | micro_bs = 4 | time = [143322, 143227, 142915] | memory = [26237, 26983, 26997]

[ Trial 9 ] |143322.25|26997.89| op = [1788, 1881, 2990]| tp = [1, 1, 1, ] | dp = [2, 2, 4, ] | algo = [0, 0, 0, ] | rc = [1088, 784, 774] | gpus = [2, 2, 4] | micro_bs = 4 | time = [143322, 143227, 142915] | memory = [26237, 26983, 26997]
>>>> [CONFIG: target(0), prim(dec_op)]
|143322.28|26997.39| op = [1788, 1880, 2991]| tp = [1, 1, 1, ] | dp = [2, 2, 4, ] | algo = [0, 0, 0, ] | rc = [1088, 782, 778] | gpus = [2, 2, 4] | micro_bs = 4 | time = [143322, 143134, 143017] | memory = [26237, 26978, 26997]
>>>> [CONFIG: target(0), prim(inc_dp)]
|233500.60|26997.72| op = [1788, 1880, 2991]| tp = [1, 1, 1, ] | dp = [4, 2, 2, ] | algo = [0, 0, 0, ] | rc = [520, 782, 1459] | gpus = [4, 2, 2] | micro_bs = 4 | time = [87297, 143268, 233500] | memory = [26997, 26978, 26990]
>>>> [CONFIG: target(2), prim(dec_op)]
|148296.78|26998.35| op = [2735, 1925, 1999]| tp = [1, 1, 1, ] | dp = [4, 2, 2, ] | algo = [0, 0, 0, ] | rc = [1517, 891, 538] | gpus = [4, 2, 2] | micro_bs = 4 | time = [145156, 148224, 148296] | memory = [26859, 26998, 26994]
>>>> [CONFIG: target(2), prim(dec_op)]
|147118.83|26988.04| op = [2753, 1921, 1985]| tp = [1, 1, 1, ] | dp = [4, 2, 2, ] | algo = [0, 0, 0, ] | rc = [1560, 838, 530] | gpus = [4, 2, 2] | micro_bs = 4 | time = [146463, 147118, 146870] | memory = [26761, 26969, 26988]
>>>> [CONFIG: target(1), prim(inc_dp)]
|233512.98|26998.94| op = [2753, 1921, 1985]| tp = [1, 1, 1, ] | dp = [2, 4, 2, ] | algo = [0, 0, 0, ] | rc = [2694, 474, 530] | gpus = [2, 4, 2] | micro_bs = 4 | time = [233512, 91239, 146991] | memory = [19632, 26998, 26988]
>>>> [CONFIG: target(0), prim(dec_op)]
|145265.21|26996.27| op = [1799, 2899, 1961]| tp = [1, 1, 1, ] | dp = [2, 4, 2, ] | algo = [0, 0, 0, ] | rc = [1113, 1186, 522] | gpus = [2, 4, 2] | micro_bs = 4 | time = [144416, 144903, 145265] | memory = [26122, 26996, 26987]
>>>> [CONFIG: target(2), prim(inc_mbs)]
|123902.37|26986.76| op = [1799, 2899, 1961]| tp = [1, 1, 1, ] | dp = [2, 4, 2, ] | algo = [0, 0, 0, ] | rc = [1797, 2567, 1021] | gpus = [2, 4, 2] | micro_bs = 8 | time = [118397, 122325, 123902] | memory = [14344, 26120, 26986]

[ Trial 10 ] |123902.37|26986.76| op = [1799, 2899, 1961]| tp = [1, 1, 1, ] | dp = [2, 4, 2, ] | algo = [0, 0, 0, ] | rc = [1797, 2567, 1021] | gpus = [2, 4, 2] | micro_bs = 8 | time = [118397, 122325, 123902] | memory = [14344, 26120, 26986]
>>>> [CONFIG: target(2), prim(inc_dp)]
|189076.32|26987.91| op = [1799, 2899, 1961]| tp = [1, 1, 1, ] | dp = [2, 2, 4, ] | algo = [0, 0, 0, ] | rc = [1797, 2899, 522] | gpus = [2, 2, 4] | micro_bs = 8 | time = [118531, 189076, 74447] | memory = [14344, 18922, 26987]
>>>> [CONFIG: target(1), prim(dec_op)]
|119720.30|26986.87| op = [1799, 1845, 3015]| tp = [1, 1, 1, ] | dp = [2, 2, 4, ] | algo = [0, 0, 0, ] | rc = [1797, 1703, 1499] | gpus = [2, 2, 4] | micro_bs = 8 | time = [118342, 119720, 119469] | memory = [14344, 24852, 26986]

[ Trial 11 ] |119720.30|26986.87| op = [1799, 1845, 3015]| tp = [1, 1, 1, ] | dp = [2, 2, 4, ] | algo = [0, 0, 0, ] | rc = [1797, 1703, 1499] | gpus = [2, 2, 4] | micro_bs = 8 | time = [118342, 119720, 119469] | memory = [14344, 24852, 26986]
>>>> [CONFIG: target(1), prim(dec_op)]
|119446.95|26986.87| op = [1805, 1839, 3015]| tp = [1, 1, 1, ] | dp = [2, 2, 4, ] | algo = [0, 0, 0, ] | rc = [1803, 1188, 1499] | gpus = [2, 2, 4] | micro_bs = 8 | time = [118602, 116545, 119446] | memory = [14460, 26771, 26986]

[ Trial 12 ] |119446.95|26986.87| op = [1805, 1839, 3015]| tp = [1, 1, 1, ] | dp = [2, 2, 4, ] | algo = [0, 0, 0, ] | rc = [1803, 1188, 1499] | gpus = [2, 2, 4] | micro_bs = 8 | time = [118602, 116545, 119446] | memory = [14460, 26771, 26986]
>>>> [CONFIG: target(2), prim(dec_dp)]
|197419.35|26979.05| op = [1805, 1839, 3015]| tp = [1, 1, 1, ] | dp = [2, 4, 2, ] | algo = [0, 0, 0, ] | rc = [1803, 747, 2887] | gpus = [2, 4, 2] | micro_bs = 8 | time = [118862, 72130, 197419] | memory = [14460, 26979, 23688]
>>>> [CONFIG: target(2), prim(dec_op)]
|124418.71|26986.27| op = [1806, 2946, 1907]| tp = [1, 1, 1, ] | dp = [2, 4, 2, ] | algo = [0, 0, 0, ] | rc = [1804, 2631, 956] | gpus = [2, 4, 2] | micro_bs = 8 | time = [118695, 124418, 119713] | memory = [14460, 22615, 26986]
>>>> [CONFIG: target(1), prim(dec_dp)]
|190658.15|26991.67| op = [1806, 2946, 1907]| tp = [1, 1, 1, ] | dp = [2, 2, 4, ] | algo = [0, 0, 0, ] | rc = [1804, 2720, 492] | gpus = [2, 2, 4] | micro_bs = 8 | time = [118838, 190658, 72024] | memory = [14460, 25875, 26991]
>>>> [CONFIG: target(1), prim(dec_op)]
|119395.58|26986.87| op = [1810, 1835, 3014]| tp = [1, 1, 1, ] | dp = [2, 2, 4, ] | algo = [0, 0, 0, ] | rc = [1808, 1626, 1498] | gpus = [2, 2, 4] | micro_bs = 8 | time = [118789, 118754, 119395] | memory = [14500, 25884, 26986]

[ Trial 13 ] |119395.58|26986.87| op = [1810, 1835, 3014]| tp = [1, 1, 1, ] | dp = [2, 2, 4, ] | algo = [0, 0, 0, ] | rc = [1808, 1626, 1498] | gpus = [2, 2, 4] | micro_bs = 8 | time = [118789, 118754, 119395] | memory = [14500, 25884, 26986]
>>>> [CONFIG: target(2), prim(dec_dp)]
|197283.41|26983.48| op = [1810, 1835, 3014]| tp = [1, 1, 1, ] | dp = [2, 4, 2, ] | algo = [0, 0, 0, ] | rc = [1808, 724, 2886] | gpus = [2, 4, 2] | micro_bs = 8 | time = [119029, 71852, 197283] | memory = [14500, 26983, 23688]
>>>> [CONFIG: target(2), prim(dec_op)]
|123270.61|26978.70| op = [1810, 2891, 1958]| tp = [1, 1, 1, ] | dp = [2, 4, 2, ] | algo = [0, 0, 0, ] | rc = [1808, 2493, 1009] | gpus = [2, 4, 2] | micro_bs = 8 | time = [118841, 121556, 123270] | memory = [14500, 26252, 26978]
>>>> [CONFIG: target(2), prim(inc_dp)]
|188557.79|26991.41| op = [1810, 2891, 1958]| tp = [1, 1, 1, ] | dp = [2, 2, 4, ] | algo = [0, 0, 0, ] | rc = [1808, 2891, 516] | gpus = [2, 2, 4] | micro_bs = 8 | time = [118979, 188557, 74139] | memory = [14500, 18384, 26991]
>>>> [CONFIG: target(1), prim(dec_op)]
|119272.17|26990.84| op = [1810, 1846, 3003]| tp = [1, 1, 1, ] | dp = [2, 2, 4, ] | algo = [0, 0, 0, ] | rc = [1808, 1649, 1473] | gpus = [2, 2, 4] | micro_bs = 8 | time = [118788, 119272, 118717] | memory = [14500, 25668, 26990]

[ Trial 14 ] |119272.17|26990.84| op = [1810, 1846, 3003]| tp = [1, 1, 1, ] | dp = [2, 2, 4, ] | algo = [0, 0, 0, ] | rc = [1808, 1649, 1473] | gpus = [2, 2, 4] | micro_bs = 8 | time = [118788, 119272, 118717] | memory = [14500, 25668, 26990]
>>>> [CONFIG: target(1), prim(dec_op)]
|118986.49|26990.37| op = [1810, 1840, 3009]| tp = [1, 1, 1, ] | dp = [2, 2, 4, ] | algo = [0, 0, 0, ] | rc = [1808, 1633, 1484] | gpus = [2, 2, 4] | micro_bs = 8 | time = [118787, 118986, 118950] | memory = [14500, 25840, 26990]

num_targets: [1, 1, 1, 1, 1, 1, 1, 1, 1, 1, 1, 1, 1, 1, 1]
num_hops: [1, 2, 1, 2, 1, 5, 1, 7, 1, 7, 2, 1, 4, 4, 1]
search time = 200.00 s.  [0, 2, 4, 5, 7, 8, 13, 15, 22, 24, 34, 38, 40, 45, 51, 53, 209, 210, 211, 212, 213, 214, 215, 216, 217, 218, 219, 220, 221, 222, 223, 224, 225, 226, 227, 228, 229, 230, 231, 232, 233, 234, 235, 236, 237, 238, 239, 240, 241, 242, 243, 244, 245, 246, 247, 248, 249, 250, 251, 252, 253, 254, 255, 256, 257, 258, 259, 260, 261, 262, 263, 264, 265, 266, 267, 268, 269, 270, 271, 272, 273, 274, 275] 
num_explored_cases = 1161
time trend: [947971, 659292, 658440, 654447, 327044, 270882, 253954, 240365, 209153, 143322, 123902, 119720, 119446, 119395, 119272, 118986, 118986, 119172, 119229, 121044, 121461, 121992, 122305, 123004, 123864, 126586, 240800, 662578, 118986, 118986, 118986, 118986, 118986, 119272, 119272, 119272, 119272, 119272, 119352, 119352, 119352, 119352, 119352, 119395, 119395, 119395, 119395, 119395, 119446, 119446, 119446, 119446, 119446, 119720, 119720, 119720, 119720, 119720, 123006, 123006, 123006, 123006, 123006, 123208, 123208, 123208, 123208, 123208, 123270, 123270, 123270, 123270, 123270, 123902, 123902, 123902, 123902, 123902, 124418, 124418, 124418, 124418, 124418]

working on num_stages = 5
config has been saved to /home/liminglong.lml/sxz/SuperScaler/logs-large/aceso/configs/scale-layer/512layers/scale-layer_512layers_5stages_2026-5-16-3-22-42.json

========== Best Result (num_stages = 5) ==========
|106883.76|26996.22| op = [855, 1602, 861, 1651, 1690]| tp = [1, 1, 1, 1, 1, ] | dp = [1, 2, 1, 2, 2, ] | algo = [0, 0, 0, 0, 0, ] | rc = [853, 1479, 827, 1213, 716] | gpus = [1, 2, 1, 2, 2] | micro_bs = 8 | time = [106883, 105955, 106598, 106572, 106471] | memory = [16161, 21952, 20932, 26840, 26996]
start|374792.79|26984.28| op = [1331, 1331, 1331, 1331, 1335]| tp = [2, 2, 2, 1, 1, ] | dp = [1, 1, 1, 1, 1, ] | algo = [0, 0, 0, 0, 0, ] | rc = [278, 206, 204, 206, 96] | gpus = [2, 2, 2, 1, 1] | micro_bs = 1 | time = [374792, 369321, 369395, 236893, 231104] | memory = [26984, 26677, 20658, 26632, 24759]

[ Trial 0 ] |374792.79|26984.28| op = [1331, 1331, 1331, 1331, 1335]| tp = [2, 2, 2, 1, 1, ] | dp = [1, 1, 1, 1, 1, ] | algo = [0, 0, 0, 0, 0, ] | rc = [278, 206, 204, 206, 96] | gpus = [2, 2, 2, 1, 1] | micro_bs = 1 | time = [374792, 369321, 369395, 236893, 231104] | memory = [26984, 26677, 20658, 26632, 24759]
>>>> [CONFIG: target(0), prim(dec_tp)]
|369401.64|26928.94| op = [1331, 1331, 1331, 1331, 1335]| tp = [1, 2, 2, 2, 1, ] | dp = [1, 1, 1, 1, 1, ] | algo = [0, 0, 0, 0, 0, ] | rc = [402, 206, 204, 54, 96] | gpus = [1, 2, 2, 2, 1] | micro_bs = 1 | time = [258993, 369327, 369401, 358582, 231110] | memory = [26928, 26677, 20658, 25695, 24759]

[ Trial 1 ] |369401.64|26928.94| op = [1331, 1331, 1331, 1331, 1335]| tp = [1, 2, 2, 2, 1, ] | dp = [1, 1, 1, 1, 1, ] | algo = [0, 0, 0, 0, 0, ] | rc = [402, 206, 204, 54, 96] | gpus = [1, 2, 2, 2, 1] | micro_bs = 1 | time = [258993, 369327, 369401, 358582, 231110] | memory = [26928, 26677, 20658, 25695, 24759]
>>>> [CONFIG: target(2), prim(dec_tp)]
|369333.77|26928.94| op = [1331, 1331, 1331, 1331, 1335]| tp = [1, 2, 1, 2, 2, ] | dp = [1, 1, 1, 1, 1, ] | algo = [0, 0, 0, 0, 0, ] | rc = [402, 206, 310, 54, 0] | gpus = [1, 2, 1, 2, 2] | micro_bs = 1 | time = [258999, 369333, 247841, 358588, 358903] | memory = [26928, 26677, 26878, 25695, 16487]

[ Trial 2 ] |369333.77|26928.94| op = [1331, 1331, 1331, 1331, 1335]| tp = [1, 2, 1, 2, 2, ] | dp = [1, 1, 1, 1, 1, ] | algo = [0, 0, 0, 0, 0, ] | rc = [402, 206, 310, 54, 0] | gpus = [1, 2, 1, 2, 2] | micro_bs = 1 | time = [258999, 369333, 247841, 358588, 358903] | memory = [26928, 26677, 26878, 25695, 16487]
>>>> [CONFIG: target(1), prim(dec_tp)]
|369414.58|26928.94| op = [1331, 1331, 1331, 1331, 1335]| tp = [1, 1, 2, 2, 2, ] | dp = [1, 1, 1, 1, 1, ] | algo = [0, 0, 0, 0, 0, ] | rc = [402, 368, 204, 54, 0] | gpus = [1, 1, 2, 2, 2] | micro_bs = 1 | time = [259006, 254786, 369414, 358595, 358910] | memory = [26928, 26921, 20658, 25695, 16487]
>>>> [CONFIG: target(2), prim(dec_op)]
|318156.56|26986.08| op = [1548, 1609, 1146, 1173, 1183]| tp = [1, 1, 2, 2, 2, ] | dp = [1, 1, 1, 1, 1, ] | algo = [0, 0, 0, 0, 0, ] | rc = [614, 486, 136, 0, 0] | gpus = [1, 1, 2, 2, 2] | micro_bs = 1 | time = [307600, 311930, 315623, 312991, 318156] | memory = [26986, 26985, 22133, 25866, 14710]

[ Trial 3 ] |318156.56|26986.08| op = [1548, 1609, 1146, 1173, 1183]| tp = [1, 1, 2, 2, 2, ] | dp = [1, 1, 1, 1, 1, ] | algo = [0, 0, 0, 0, 0, ] | rc = [614, 486, 136, 0, 0] | gpus = [1, 1, 2, 2, 2] | micro_bs = 1 | time = [307600, 311930, 315623, 312991, 318156] | memory = [26986, 26985, 22133, 25866, 14710]
>>>> [CONFIG: target(4), prim(dec_tp)]
|384517.14|26986.08| op = [1548, 1609, 1146, 1173, 1183]| tp = [1, 1, 4, 1, 1, ] | dp = [1, 1, 1, 1, 1, ] | algo = [0, 0, 0, 0, 0, ] | rc = [614, 486, 0, 180, 24] | gpus = [1, 1, 4, 1, 1] | micro_bs = 1 | time = [307449, 311780, 384517, 208313, 199712] | memory = [26986, 26985, 20244, 23413, 26557]
>>>> [CONFIG: target(2), prim(inc_mbs)]
|260646.36|26979.22| op = [1548, 1609, 1146, 1173, 1183]| tp = [1, 1, 2, 1, 1, ] | dp = [1, 1, 2, 1, 1, ] | algo = [0, 0, 0, 0, 0, ] | rc = [1320, 1115, 136, 304, 182] | gpus = [1, 1, 4, 1, 1] | micro_bs = 2 | time = [257321, 260646, 158855, 170062, 164043] | memory = [26043, 25945, 22133, 26979, 25061]

[ Trial 4 ] |260646.36|26979.22| op = [1548, 1609, 1146, 1173, 1183]| tp = [1, 1, 2, 1, 1, ] | dp = [1, 1, 2, 1, 1, ] | algo = [0, 0, 0, 0, 0, ] | rc = [1320, 1115, 136, 304, 182] | gpus = [1, 1, 4, 1, 1] | micro_bs = 2 | time = [257321, 260646, 158855, 170062, 164043] | memory = [26043, 25945, 22133, 26979, 25061]
>>>> [CONFIG: target(1), prim(dec_op)]
|203702.73|26987.12| op = [1259, 1299, 1413, 1314, 1374]| tp = [1, 1, 2, 1, 1, ] | dp = [1, 1, 2, 1, 1, ] | algo = [0, 0, 0, 0, 0, ] | rc = [840, 646, 217, 362, 250] | gpus = [1, 1, 4, 1, 1] | micro_bs = 2 | time = [203702, 201331, 197053, 193500, 191941] | memory = [25351, 26936, 22193, 26924, 26987]

[ Trial 5 ] |203702.73|26987.12| op = [1259, 1299, 1413, 1314, 1374]| tp = [1, 1, 2, 1, 1, ] | dp = [1, 1, 2, 1, 1, ] | algo = [0, 0, 0, 0, 0, ] | rc = [840, 646, 217, 362, 250] | gpus = [1, 1, 4, 1, 1] | micro_bs = 2 | time = [203702, 201331, 197053, 193500, 191941] | memory = [25351, 26936, 22193, 26924, 26987]
>>>> [CONFIG: target(0), prim(dec_op)]
|198666.15|26995.25| op = [1227, 1259, 1426, 1344, 1403]| tp = [1, 1, 2, 1, 1, ] | dp = [1, 1, 2, 1, 1, ] | algo = [0, 0, 0, 0, 0, ] | rc = [771, 634, 220, 374, 267] | gpus = [1, 1, 4, 1, 1] | micro_bs = 2 | time = [197562, 196526, 198666, 198154, 197625] | memory = [25888, 26980, 22161, 26908, 26995]

[ Trial 6 ] |198666.15|26995.25| op = [1227, 1259, 1426, 1344, 1403]| tp = [1, 1, 2, 1, 1, ] | dp = [1, 1, 2, 1, 1, ] | algo = [0, 0, 0, 0, 0, ] | rc = [771, 634, 220, 374, 267] | gpus = [1, 1, 4, 1, 1] | micro_bs = 2 | time = [197562, 196526, 198666, 198154, 197625] | memory = [25888, 26980, 22161, 26908, 26995]
>>>> [CONFIG: target(2), prim(dec_tp)]
|197196.57|26995.25| op = [1227, 1259, 1426, 1344, 1403]| tp = [1, 1, 1, 1, 1, ] | dp = [2, 1, 2, 2, 1, ] | algo = [0, 0, 0, 0, 0, ] | rc = [358, 634, 354, 206, 267] | gpus = [2, 1, 2, 2, 1] | micro_bs = 2 | time = [119384, 196097, 134671, 120066, 197196] | memory = [26895, 26980, 26908, 26930, 26995]

[ Trial 7 ] |197196.57|26995.25| op = [1227, 1259, 1426, 1344, 1403]| tp = [1, 1, 1, 1, 1, ] | dp = [2, 1, 2, 2, 1, ] | algo = [0, 0, 0, 0, 0, ] | rc = [358, 634, 354, 206, 267] | gpus = [2, 1, 2, 2, 1] | micro_bs = 2 | time = [119384, 196097, 134671, 120066, 197196] | memory = [26895, 26980, 26908, 26930, 26995]
>>>> [CONFIG: target(4), prim(dec_op)]
|152557.86|26989.50| op = [1424, 985, 1525, 1623, 1102]| tp = [1, 1, 1, 1, 1, ] | dp = [2, 1, 2, 2, 1, ] | algo = [0, 0, 0, 0, 0, ] | rc = [460, 345, 401, 339, 168] | gpus = [2, 1, 2, 2, 1] | micro_bs = 2 | time = [139928, 148831, 145160, 149488, 152557] | memory = [26968, 26946, 26983, 26989, 23541]

[ Trial 8 ] |152557.86|26989.50| op = [1424, 985, 1525, 1623, 1102]| tp = [1, 1, 1, 1, 1, ] | dp = [2, 1, 2, 2, 1, ] | algo = [0, 0, 0, 0, 0, ] | rc = [460, 345, 401, 339, 168] | gpus = [2, 1, 2, 2, 1] | micro_bs = 2 | time = [139928, 148831, 145160, 149488, 152557] | memory = [26968, 26946, 26983, 26989, 23541]
>>>> [CONFIG: target(4), prim(inc_dp)]
|232195.58|26989.50| op = [1424, 985, 1525, 1623, 1102]| tp = [1, 1, 1, 1, 1, ] | dp = [1, 1, 2, 2, 2, ] | algo = [0, 0, 0, 0, 0, ] | rc = [1036, 345, 401, 339, 0] | gpus = [1, 1, 2, 2, 2] | micro_bs = 2 | time = [232195, 148895, 145224, 149551, 92891] | memory = [26827, 26946, 26983, 26989, 26193]
>>>> [CONFIG: target(0), prim(dec_op)]
|170467.95|26992.19| op = [1080, 1114, 1598, 1657, 1210]| tp = [1, 1, 1, 1, 1, ] | dp = [1, 1, 2, 2, 2, ] | algo = [0, 0, 0, 0, 0, ] | rc = [557, 476, 432, 356, 38] | gpus = [1, 1, 2, 2, 2] | micro_bs = 2 | time = [169264, 170467, 152437, 152619, 103412] | memory = [26953, 26941, 26985, 26992, 26165]
>>>> [CONFIG: target(1), prim(dec_op)]
|169252.42|26996.26| op = [1080, 1016, 1619, 1679, 1265]| tp = [1, 1, 1, 1, 1, ] | dp = [1, 1, 2, 2, 2, ] | algo = [0, 0, 0, 0, 0, ] | rc = [557, 364, 444, 364, 64] | gpus = [1, 1, 2, 2, 2] | micro_bs = 2 | time = [169252, 153758, 154776, 155069, 109051] | memory = [26953, 26959, 26987, 26996, 25524]
>>>> [CONFIG: target(0), prim(dec_op)]
|151380.04|26979.94| op = [978, 1001, 1586, 1616, 1478]| tp = [1, 1, 1, 1, 1, ] | dp = [1, 1, 2, 2, 2, ] | algo = [0, 0, 0, 0, 0, ] | rc = [464, 348, 424, 334, 164] | gpus = [1, 1, 2, 2, 2] | micro_bs = 2 | time = [151011, 151380, 151136, 148686, 130924] | memory = [26959, 26963, 26883, 26979, 23164]

[ Trial 9 ] |151380.04|26979.94| op = [978, 1001, 1586, 1616, 1478]| tp = [1, 1, 1, 1, 1, ] | dp = [1, 1, 2, 2, 2, ] | algo = [0, 0, 0, 0, 0, ] | rc = [464, 348, 424, 334, 164] | gpus = [1, 1, 2, 2, 2] | micro_bs = 2 | time = [151011, 151380, 151136, 148686, 130924] | memory = [26959, 26963, 26883, 26979, 23164]
>>>> [CONFIG: target(1), prim(dec_op)]
|147614.59|26992.83| op = [953, 963, 1538, 1595, 1610]| tp = [1, 1, 1, 1, 1, ] | dp = [1, 1, 2, 2, 2, ] | algo = [0, 0, 0, 0, 0, ] | rc = [451, 319, 404, 322, 230] | gpus = [1, 1, 2, 2, 2] | micro_bs = 2 | time = [147614, 145954, 146352, 146267, 144981] | memory = [26952, 26962, 26992, 26943, 21622]

[ Trial 10 ] |147614.59|26992.83| op = [953, 963, 1538, 1595, 1610]| tp = [1, 1, 1, 1, 1, ] | dp = [1, 1, 2, 2, 2, ] | algo = [0, 0, 0, 0, 0, ] | rc = [451, 319, 404, 322, 230] | gpus = [1, 1, 2, 2, 2] | micro_bs = 2 | time = [147614, 145954, 146352, 146267, 144981] | memory = [26952, 26962, 26992, 26943, 21622]
>>>> [CONFIG: target(0), prim(dec_op)]
|145946.79|26982.48| op = [946, 968, 1534, 1590, 1621]| tp = [1, 1, 1, 1, 1, ] | dp = [1, 1, 2, 2, 2, ] | algo = [0, 0, 0, 0, 0, ] | rc = [432, 310, 400, 322, 232] | gpus = [1, 1, 2, 2, 2] | micro_bs = 2 | time = [145713, 145458, 145666, 145946, 145748] | memory = [26926, 26982, 26979, 26975, 21568]

[ Trial 11 ] |145946.79|26982.48| op = [946, 968, 1534, 1590, 1621]| tp = [1, 1, 1, 1, 1, ] | dp = [1, 1, 2, 2, 2, ] | algo = [0, 0, 0, 0, 0, ] | rc = [432, 310, 400, 322, 232] | gpus = [1, 1, 2, 2, 2] | micro_bs = 2 | time = [145713, 145458, 145666, 145946, 145748] | memory = [26926, 26982, 26979, 26975, 21568]
>>>> [CONFIG: target(3), prim(dec_dp)]
|237852.97|26979.33| op = [946, 968, 1534, 1590, 1621]| tp = [1, 1, 1, 1, 1, ] | dp = [1, 2, 2, 1, 2, ] | algo = [0, 0, 0, 0, 0, ] | rc = [432, 208, 400, 482, 232] | gpus = [1, 2, 2, 1, 2] | micro_bs = 2 | time = [145785, 90043, 145737, 237852, 145820] | memory = [26926, 26907, 26979, 26883, 21568]
>>>> [CONFIG: target(3), prim(dec_op)]
|147719.87|26926.71| op = [946, 1505, 1556, 1031, 1621]| tp = [1, 1, 1, 1, 1, ] | dp = [1, 2, 2, 1, 2, ] | algo = [0, 0, 0, 0, 0, ] | rc = [432, 442, 408, 242, 232] | gpus = [1, 2, 2, 1, 2] | micro_bs = 2 | time = [145721, 145760, 147719, 147508, 145756] | memory = [26926, 26918, 26913, 26889, 21568]
>>>> [CONFIG: target(2), prim(dec_dp)]
|240002.85|26994.32| op = [946, 1505, 1556, 1031, 1621]| tp = [1, 1, 1, 1, 1, ] | dp = [2, 2, 1, 1, 2, ] | algo = [0, 0, 0, 0, 0, ] | rc = [240, 442, 759, 242, 232] | gpus = [2, 2, 1, 1, 2] | micro_bs = 2 | time = [90344, 145832, 240002, 147580, 145828] | memory = [26973, 26918, 26994, 26889, 21568]
>>>> [CONFIG: target(2), prim(dec_op)]
|148102.68|26976.54| op = [1481, 1526, 1000, 1031, 1621]| tp = [1, 1, 1, 1, 1, ] | dp = [2, 2, 1, 1, 2, ] | algo = [0, 0, 0, 0, 0, ] | rc = [532, 452, 285, 242, 232] | gpus = [2, 2, 1, 1, 2] | micro_bs = 2 | time = [146544, 148025, 148102, 147515, 145763] | memory = [26962, 26976, 26954, 26889, 21568]
>>>> [CONFIG: target(2), prim(dec_op)]
|148103.19|26976.54| op = [1481, 1526, 1000, 1029, 1623]| tp = [1, 1, 1, 1, 1, ] | dp = [2, 2, 1, 1, 2, ] | algo = [0, 0, 0, 0, 0, ] | rc = [532, 452, 285, 240, 238] | gpus = [2, 2, 1, 1, 2] | micro_bs = 2 | time = [146545, 148026, 148103, 147114, 146428] | memory = [26962, 26976, 26954, 26881, 21346]
>>>> [CONFIG: target(2), prim(dec_op)]
|148024.59|26989.92| op = [1481, 1526, 991, 1035, 1626]| tp = [1, 1, 1, 1, 1, ] | dp = [2, 2, 1, 1, 2, ] | algo = [0, 0, 0, 0, 0, ] | rc = [532, 452, 287, 240, 238] | gpus = [2, 2, 1, 1, 2] | micro_bs = 2 | time = [146543, 148024, 147333, 146740, 146644] | memory = [26962, 26976, 26978, 26989, 21366]
>>>> [CONFIG: target(1), prim(inc_mbs)]
|125950.48|26991.80| op = [1481, 1526, 991, 1035, 1626]| tp = [1, 1, 1, 1, 1, ] | dp = [2, 2, 1, 1, 2, ] | algo = [0, 0, 0, 0, 0, ] | rc = [1168, 1143, 621, 418, 362] | gpus = [2, 2, 1, 1, 2] | micro_bs = 4 | time = [123116, 125950, 125308, 124428, 118260] | memory = [26460, 26294, 25952, 26983, 26991]

[ Trial 12 ] |125950.48|26991.80| op = [1481, 1526, 991, 1035, 1626]| tp = [1, 1, 1, 1, 1, ] | dp = [2, 2, 1, 1, 2, ] | algo = [0, 0, 0, 0, 0, ] | rc = [1168, 1143, 621, 418, 362] | gpus = [2, 2, 1, 1, 2] | micro_bs = 4 | time = [123116, 125950, 125308, 124428, 118260] | memory = [26460, 26294, 25952, 26983, 26991]
>>>> [CONFIG: target(1), prim(dec_dp)]
|199852.37|26983.84| op = [1481, 1526, 991, 1035, 1626]| tp = [1, 1, 1, 1, 1, ] | dp = [4, 1, 1, 1, 1, ] | algo = [0, 0, 0, 0, 0, ] | rc = [532, 1409, 621, 418, 636] | gpus = [4, 1, 1, 1, 1] | micro_bs = 4 | time = [75200, 198076, 125718, 124838, 199852] | memory = [26962, 22124, 25952, 26983, 26975]
>>>> [CONFIG: target(4), prim(dec_op)]
|136946.17|26997.33| op = [2269, 1053, 1087, 1118, 1132]| tp = [1, 1, 1, 1, 1, ] | dp = [4, 1, 1, 1, 1, ] | algo = [0, 0, 0, 0, 0, ] | rc = [1571, 924, 751, 514, 316] | gpus = [4, 1, 1, 1, 1] | micro_bs = 4 | time = [125651, 135865, 136946, 136177, 136335] | memory = [26670, 25828, 25347, 26997, 26986]
>>>> [CONFIG: target(2), prim(dec_op)]
|134092.34|26988.83| op = [2371, 1029, 1053, 1091, 1115]| tp = [1, 1, 1, 1, 1, ] | dp = [4, 1, 1, 1, 1, ] | algo = [0, 0, 0, 0, 0, ] | rc = [1784, 920, 703, 514, 310] | gpus = [4, 1, 1, 1, 1] | micro_bs = 4 | time = [133073, 133611, 132979, 133496, 134092] | memory = [26717, 25476, 25337, 26988, 26974]
>>>> [CONFIG: target(4), prim(inc_dp)]
|202817.20|26988.83| op = [2371, 1029, 1053, 1091, 1115]| tp = [1, 1, 1, 1, 1, ] | dp = [2, 1, 2, 1, 2, ] | algo = [0, 0, 0, 0, 0, ] | rc = [2369, 920, 306, 514, 170] | gpus = [2, 1, 2, 1, 2] | micro_bs = 4 | time = [202817, 133460, 79731, 133345, 78693] | memory = [16311, 25476, 26907, 26988, 23793]
>>>> [CONFIG: target(0), prim(dec_dp)]
|308630.98|26988.83| op = [2371, 1029, 1053, 1091, 1115]| tp = [1, 1, 1, 1, 1, ] | dp = [1, 1, 1, 1, 4, ] | algo = [0, 0, 0, 0, 0, ] | rc = [2369, 920, 703, 514, 0] | gpus = [1, 1, 1, 1, 4] | micro_bs = 4 | time = [308630, 133963, 133331, 133848, 49051] | memory = [22448, 25476, 25337, 26988, 26493]
>>>> [CONFIG: target(0), prim(dec_op)]
|127440.35|26997.15| op = [978, 981, 994, 1016, 2690]| tp = [1, 1, 1, 1, 1, ] | dp = [1, 1, 1, 1, 4, ] | algo = [0, 0, 0, 0, 0, ] | rc = [901, 775, 606, 413, 615] | gpus = [1, 1, 1, 1, 4] | micro_bs = 4 | time = [126704, 125907, 124364, 123197, 127440] | memory = [25960, 26433, 26774, 26991, 26997]
>>>> [CONFIG: target(4), prim(inc_mbs)]
|125434.10|26991.39| op = [978, 981, 994, 1016, 2690]| tp = [1, 1, 1, 1, 1, ] | dp = [1, 1, 1, 1, 4, ] | algo = [0, 0, 0, 0, 0, ] | rc = [976, 981, 917, 938, 1041] | gpus = [1, 1, 1, 1, 4] | micro_bs = 8 | time = [121833, 122706, 122942, 125434, 106406] | memory = [17997, 15684, 20952, 25492, 26991]

[ Trial 13 ] |125434.10|26991.39| op = [978, 981, 994, 1016, 2690]| tp = [1, 1, 1, 1, 1, ] | dp = [1, 1, 1, 1, 4, ] | algo = [0, 0, 0, 0, 0, ] | rc = [976, 981, 917, 938, 1041] | gpus = [1, 1, 1, 1, 4] | micro_bs = 8 | time = [121833, 122706, 122942, 125434, 106406] | memory = [17997, 15684, 20952, 25492, 26991]
>>>> [CONFIG: target(3), prim(dec_op)]
|117553.89|26995.85| op = [940, 937, 934, 948, 2900]| tp = [1, 1, 1, 1, 1, ] | dp = [1, 1, 1, 1, 4, ] | algo = [0, 0, 0, 0, 0, ] | rc = [938, 937, 934, 818, 1350] | gpus = [1, 1, 1, 1, 4] | micro_bs = 8 | time = [117525, 117553, 116537, 116472, 115412] | memory = [19813, 17072, 14944, 26110, 26995]

[ Trial 14 ] |117553.89|26995.85| op = [940, 937, 934, 948, 2900]| tp = [1, 1, 1, 1, 1, ] | dp = [1, 1, 1, 1, 4, ] | algo = [0, 0, 0, 0, 0, ] | rc = [938, 937, 934, 818, 1350] | gpus = [1, 1, 1, 1, 4] | micro_bs = 8 | time = [117525, 117553, 116537, 116472, 115412] | memory = [19813, 17072, 14944, 26110, 26995]
>>>> [CONFIG: target(1), prim(dec_op)]
|116607.26|26986.38| op = [933, 936, 934, 944, 2912]| tp = [1, 1, 1, 1, 1, ] | dp = [1, 1, 1, 1, 4, ] | algo = [0, 0, 0, 0, 0, ] | rc = [931, 864, 862, 815, 1366] | gpus = [1, 1, 1, 1, 4] | micro_bs = 8 | time = [116607, 116292, 116224, 115856, 115983] | memory = [17169, 24064, 19936, 22878, 26986]

[ Trial 15 ] |116607.26|26986.38| op = [933, 936, 934, 944, 2912]| tp = [1, 1, 1, 1, 1, ] | dp = [1, 1, 1, 1, 4, ] | algo = [0, 0, 0, 0, 0, ] | rc = [931, 864, 862, 815, 1366] | gpus = [1, 1, 1, 1, 4] | micro_bs = 8 | time = [116607, 116292, 116224, 115856, 115983] | memory = [17169, 24064, 19936, 22878, 26986]
>>>> [CONFIG: target(0), prim(inc_dp)]
|190849.30|26990.11| op = [933, 936, 934, 944, 2912]| tp = [1, 1, 1, 1, 1, ] | dp = [2, 1, 1, 2, 2, ] | algo = [0, 0, 0, 0, 0, ] | rc = [860, 864, 862, 314, 2687] | gpus = [2, 1, 1, 2, 2] | micro_bs = 8 | time = [63345, 116020, 115953, 58972, 190849] | memory = [24652, 24064, 19936, 26990, 26748]
>>>> [CONFIG: target(4), prim(dec_dp)]
|359852.72|26925.05| op = [933, 936, 934, 944, 2912]| tp = [1, 1, 1, 1, 1, ] | dp = [1, 1, 1, 4, 1, ] | algo = [0, 0, 0, 0, 0, ] | rc = [931, 864, 862, 200, 2911] | gpus = [1, 1, 1, 4, 1] | micro_bs = 8 | time = [117895, 117580, 117512, 38187, 359852] | memory = [17169, 24064, 19936, 26925, 24316]
>>>> [CONFIG: target(4), prim(dec_op)]
|124252.73|26979.33| op = [933, 936, 934, 2852, 1004]| tp = [1, 1, 1, 1, 1, ] | dp = [1, 1, 1, 4, 1, ] | algo = [0, 0, 0, 0, 0, ] | rc = [931, 864, 862, 2392, 533] | gpus = [1, 1, 1, 4, 1] | micro_bs = 8 | time = [116711, 116396, 116328, 120985, 124252] | memory = [17169, 24064, 19936, 24341, 26979]
>>>> [CONFIG: target(4), prim(dec_op)]
|122882.85|26963.33| op = [933, 936, 934, 2861, 995]| tp = [1, 1, 1, 1, 1, ] | dp = [1, 1, 1, 4, 1, ] | algo = [0, 0, 0, 0, 0, ] | rc = [931, 864, 862, 2412, 524] | gpus = [1, 1, 1, 4, 1] | micro_bs = 8 | time = [116704, 116389, 116321, 121509, 122882] | memory = [17169, 24064, 19936, 24278, 26963]
>>>> [CONFIG: target(4), prim(inc_dp)]
|186165.29|26990.60| op = [933, 936, 934, 2861, 995]| tp = [1, 1, 1, 1, 1, ] | dp = [1, 1, 2, 2, 2, ] | algo = [0, 0, 0, 0, 0, ] | rc = [931, 864, 495, 2641, 254] | gpus = [1, 1, 2, 2, 2] | micro_bs = 8 | time = [116306, 115991, 60872, 186165, 61902] | memory = [17169, 24064, 26990, 25120, 26989]
>>>> [CONFIG: target(3), prim(dec_op)]
|112650.60|26985.76| op = [861, 858, 1563, 1598, 1779]| tp = [1, 1, 1, 1, 1, ] | dp = [1, 1, 2, 2, 2, ] | algo = [0, 0, 0, 0, 0, ] | rc = [859, 858, 1507, 1137, 839] | gpus = [1, 1, 2, 2, 2] | micro_bs = 8 | time = [107306, 107071, 104059, 103173, 112650] | memory = [16485, 14480, 20888, 26985, 26985]

[ Trial 16 ] |112650.60|26985.76| op = [861, 858, 1563, 1598, 1779]| tp = [1, 1, 1, 1, 1, ] | dp = [1, 1, 2, 2, 2, ] | algo = [0, 0, 0, 0, 0, ] | rc = [859, 858, 1507, 1137, 839] | gpus = [1, 1, 2, 2, 2] | micro_bs = 8 | time = [107306, 107071, 104059, 103173, 112650] | memory = [16485, 14480, 20888, 26985, 26985]
>>>> [CONFIG: target(4), prim(dec_dp)]
|222751.57|26985.76| op = [861, 858, 1563, 1598, 1779]| tp = [1, 1, 1, 1, 1, ] | dp = [1, 2, 2, 2, 1, ] | algo = [0, 0, 0, 0, 0, ] | rc = [859, 594, 1507, 1137, 1778] | gpus = [1, 2, 2, 2, 1] | micro_bs = 8 | time = [107776, 57604, 104529, 103643, 222751] | memory = [16485, 25608, 20888, 26985, 18532]
>>>> [CONFIG: target(4), prim(dec_op)]
|108855.36|26973.08| op = [861, 1590, 1638, 1686, 884]| tp = [1, 1, 1, 1, 1, ] | dp = [1, 2, 2, 2, 1, ] | algo = [0, 0, 0, 0, 0, ] | rc = [859, 1590, 1554, 1294, 420] | gpus = [1, 2, 2, 2, 1] | micro_bs = 8 | time = [107346, 106359, 108227, 108855, 108807] | memory = [16485, 14136, 23000, 26653, 26973]

[ Trial 17 ] |108855.36|26973.08| op = [861, 1590, 1638, 1686, 884]| tp = [1, 1, 1, 1, 1, ] | dp = [1, 2, 2, 2, 1, ] | algo = [0, 0, 0, 0, 0, ] | rc = [859, 1590, 1554, 1294, 420] | gpus = [1, 2, 2, 2, 1] | micro_bs = 8 | time = [107346, 106359, 108227, 108855, 108807] | memory = [16485, 14136, 23000, 26653, 26973]
>>>> [CONFIG: target(3), prim(dec_dp)]
|206166.35|26972.53| op = [861, 1590, 1638, 1686, 884]| tp = [1, 1, 1, 1, 1, ] | dp = [1, 2, 2, 1, 2, ] | algo = [0, 0, 0, 0, 0, ] | rc = [859, 1590, 1554, 1686, 212] | gpus = [1, 2, 2, 1, 2] | micro_bs = 8 | time = [107687, 106701, 108568, 206166, 55519] | memory = [16485, 14136, 23000, 17168, 26972]
>>>> [CONFIG: target(3), prim(dec_op)]
|108198.81|26980.22| op = [861, 1590, 1638, 882, 1688]| tp = [1, 1, 1, 1, 1, ] | dp = [1, 2, 2, 1, 2, ] | algo = [0, 0, 0, 0, 0, ] | rc = [859, 1590, 1554, 677, 730] | gpus = [1, 2, 2, 1, 2] | micro_bs = 8 | time = [107317, 106331, 108198, 107447, 106505] | memory = [16485, 14136, 23000, 26738, 26980]

[ Trial 18 ] |108198.81|26980.22| op = [861, 1590, 1638, 882, 1688]| tp = [1, 1, 1, 1, 1, ] | dp = [1, 2, 2, 1, 2, ] | algo = [0, 0, 0, 0, 0, ] | rc = [859, 1590, 1554, 677, 730] | gpus = [1, 2, 2, 1, 2] | micro_bs = 8 | time = [107317, 106331, 108198, 107447, 106505] | memory = [16485, 14136, 23000, 26738, 26980]
>>>> [CONFIG: target(2), prim(dec_dp)]
|200927.19|26980.22| op = [861, 1590, 1638, 882, 1688]| tp = [1, 1, 1, 1, 1, ] | dp = [1, 2, 1, 2, 2, ] | algo = [0, 0, 0, 0, 0, ] | rc = [859, 1590, 1638, 270, 730] | gpus = [1, 2, 1, 2, 2] | micro_bs = 8 | time = [107633, 106647, 200927, 55483, 106821] | memory = [16485, 14136, 19792, 26976, 26980]
>>>> [CONFIG: target(2), prim(dec_op)]
|107304.72|26980.22| op = [861, 1590, 867, 1653, 1688]| tp = [1, 1, 1, 1, 1, ] | dp = [1, 2, 1, 2, 2, ] | algo = [0, 0, 0, 0, 0, ] | rc = [859, 1590, 838, 1210, 730] | gpus = [1, 2, 1, 2, 2] | micro_bs = 8 | time = [107304, 106317, 107011, 106934, 106492] | memory = [16485, 14136, 19768, 26856, 26980]

[ Trial 19 ] |107304.72|26980.22| op = [861, 1590, 867, 1653, 1688]| tp = [1, 1, 1, 1, 1, ] | dp = [1, 2, 1, 2, 2, ] | algo = [0, 0, 0, 0, 0, ] | rc = [859, 1590, 838, 1210, 730] | gpus = [1, 2, 1, 2, 2] | micro_bs = 8 | time = [107304, 106317, 107011, 106934, 106492] | memory = [16485, 14136, 19768, 26856, 26980]
>>>> [CONFIG: target(0), prim(dec_op)]
|106888.63|26996.22| op = [855, 1607, 856, 1651, 1690]| tp = [1, 1, 1, 1, 1, ] | dp = [1, 2, 1, 2, 2, ] | algo = [0, 0, 0, 0, 0, ] | rc = [853, 1484, 852, 1213, 716] | gpus = [1, 2, 1, 2, 2] | micro_bs = 8 | time = [106888, 106455, 106725, 106577, 106476] | memory = [16161, 21980, 15184, 26840, 26996]

[ Trial 20 ] |106888.63|26996.22| op = [855, 1607, 856, 1651, 1690]| tp = [1, 1, 1, 1, 1, ] | dp = [1, 2, 1, 2, 2, ] | algo = [0, 0, 0, 0, 0, ] | rc = [853, 1484, 852, 1213, 716] | gpus = [1, 2, 1, 2, 2] | micro_bs = 8 | time = [106888, 106455, 106725, 106577, 106476] | memory = [16161, 21980, 15184, 26840, 26996]
>>>> [CONFIG: target(0), prim(inc_dp)]
|197404.39|26996.22| op = [855, 1607, 856, 1651, 1690]| tp = [1, 1, 1, 1, 1, ] | dp = [2, 1, 1, 2, 2, ] | algo = [0, 0, 0, 0, 0, ] | rc = [744, 1607, 852, 1213, 716] | gpus = [2, 1, 1, 2, 2] | micro_bs = 8 | time = [58378, 197404, 107054, 106906, 106805] | memory = [25846, 22508, 15184, 26840, 26996]
>>>> [CONFIG: target(1), prim(dec_op)]
|107341.63|26996.22| op = [1593, 864, 861, 1651, 1690]| tp = [1, 1, 1, 1, 1, ] | dp = [2, 1, 1, 2, 2, ] | algo = [0, 0, 0, 0, 0, ] | rc = [1591, 864, 827, 1213, 716] | gpus = [2, 1, 1, 2, 2] | micro_bs = 8 | time = [106458, 107341, 106605, 106580, 106478] | memory = [16008, 14260, 20932, 26840, 26996]
>>>> [CONFIG: target(1), prim(inc_dp)]
|195985.38|26996.22| op = [1593, 864, 861, 1651, 1690]| tp = [1, 1, 1, 1, 1, ] | dp = [1, 2, 1, 2, 2, ] | algo = [0, 0, 0, 0, 0, ] | rc = [1591, 598, 827, 1213, 716] | gpus = [1, 2, 1, 2, 2] | micro_bs = 8 | time = [195985, 57583, 106913, 106888, 106786] | memory = [25733, 25676, 20932, 26840, 26996]
>>>> [CONFIG: target(0), prim(dec_op)]
|107169.92|26996.22| op = [860, 1597, 861, 1651, 1690]| tp = [1, 1, 1, 1, 1, ] | dp = [1, 2, 1, 2, 2, ] | algo = [0, 0, 0, 0, 0, ] | rc = [858, 1597, 827, 1213, 716] | gpus = [1, 2, 1, 2, 2] | micro_bs = 8 | time = [107169, 106547, 106604, 106579, 106478] | memory = [16313, 14120, 20932, 26840, 26996]
>>>> [CONFIG: target(0), prim(dec_op)]
|106883.76|26996.22| op = [855, 1602, 861, 1651, 1690]| tp = [1, 1, 1, 1, 1, ] | dp = [1, 2, 1, 2, 2, ] | algo = [0, 0, 0, 0, 0, ] | rc = [853, 1479, 827, 1213, 716] | gpus = [1, 2, 1, 2, 2] | micro_bs = 8 | time = [106883, 105955, 106598, 106572, 106471] | memory = [16161, 21952, 20932, 26840, 26996]

num_targets: [1, 1, 1, 1, 1, 1, 1, 1, 1, 1, 1, 1, 1, 1, 1, 1, 1, 1, 1, 1, 1]
num_hops: [1, 1, 2, 2, 1, 1, 1, 1, 4, 1, 1, 7, 7, 1, 1, 6, 2, 2, 2, 1, 5]
search time = 200.07 s.  [0, 1, 2, 4, 7, 9, 10, 11, 13, 28, 30, 32, 39, 56, 58, 60, 74, 78, 80, 82, 84, 91, 212] 
num_explored_cases = 1014
time trend: [374792, 369401, 369333, 318156, 260646, 203702, 198666, 197196, 152557, 151380, 147614, 145946, 125950, 125434, 117553, 116607, 112650, 108855, 108198, 107304, 106888, 106883, 106883]

working on num_stages = 7
config has been saved to /home/liminglong.lml/sxz/SuperScaler/logs-large/aceso/configs/scale-layer/512layers/scale-layer_512layers_7stages_2026-5-16-3-22-42.json

========== Best Result (num_stages = 7) ==========
|105331.23|26987.85| op = [830, 831, 833, 835, 834, 847, 1649]| tp = [1, 1, 1, 1, 1, 1, 1, ] | dp = [1, 1, 1, 1, 1, 1, 2, ] | algo = [0, 0, 0, 0, 0, 0, 0, ] | rc = [828, 793, 769, 757, 784, 605, 680] | gpus = [1, 1, 1, 1, 1, 1, 2] | micro_bs = 8 | time = [105331, 105067, 105066, 104998, 104610, 104970, 105319] | memory = [19313, 24673, 25776, 23251, 24220, 26910, 26987]
start|267491.93|26977.52| op = [951, 951, 951, 951, 951, 951, 953]| tp = [2, 1, 1, 1, 1, 1, 1, ] | dp = [1, 1, 1, 1, 1, 1, 1, ] | algo = [0, 0, 0, 0, 0, 0, 0, ] | rc = [192, 264, 246, 204, 146, 136, 0] | gpus = [2, 1, 1, 1, 1, 1, 1] | micro_bs = 1 | time = [267491, 182519, 180860, 175912, 169054, 168122, 160177] | memory = [26855, 26977, 26771, 26811, 26458, 20480, 22787]

[ Trial 0 ] |267491.93|26977.52| op = [951, 951, 951, 951, 951, 951, 953]| tp = [2, 1, 1, 1, 1, 1, 1, ] | dp = [1, 1, 1, 1, 1, 1, 1, ] | algo = [0, 0, 0, 0, 0, 0, 0, ] | rc = [192, 264, 246, 204, 146, 136, 0] | gpus = [2, 1, 1, 1, 1, 1, 1] | micro_bs = 1 | time = [267491, 182519, 180860, 175912, 169054, 168122, 160177] | memory = [26855, 26977, 26771, 26811, 26458, 20480, 22787]
>>>> [CONFIG: target(0), prim(dec_tp)]
|253965.57|26977.52| op = [951, 951, 951, 951, 951, 951, 953]| tp = [1, 1, 1, 1, 1, 2, 1, ] | dp = [1, 1, 1, 1, 1, 1, 1, ] | algo = [0, 0, 0, 0, 0, 0, 0, ] | rc = [280, 264, 246, 204, 146, 0, 0] | gpus = [1, 1, 1, 1, 1, 2, 1] | micro_bs = 1 | time = [184274, 182522, 180863, 175915, 169057, 253965, 160180] | memory = [26775, 26977, 26771, 26811, 26458, 20988, 22787]

[ Trial 1 ] |253965.57|26977.52| op = [951, 951, 951, 951, 951, 951, 953]| tp = [1, 1, 1, 1, 1, 2, 1, ] | dp = [1, 1, 1, 1, 1, 1, 1, ] | algo = [0, 0, 0, 0, 0, 0, 0, ] | rc = [280, 264, 246, 204, 146, 0, 0] | gpus = [1, 1, 1, 1, 1, 2, 1] | micro_bs = 1 | time = [184274, 182522, 180863, 175915, 169057, 253965, 160180] | memory = [26775, 26977, 26771, 26811, 26458, 20988, 22787]
>>>> [CONFIG: target(5), prim(dec_tp)]
|257013.58|26977.52| op = [951, 951, 951, 951, 951, 951, 953]| tp = [1, 1, 1, 1, 2, 1, 1, ] | dp = [1, 1, 1, 1, 1, 1, 1, ] | algo = [0, 0, 0, 0, 0, 0, 0, ] | rc = [280, 264, 246, 204, 50, 136, 0] | gpus = [1, 1, 1, 1, 2, 1, 1] | micro_bs = 1 | time = [184276, 182524, 180865, 175917, 257013, 168127, 160182] | memory = [26775, 26977, 26771, 26811, 25147, 20480, 22787]
>>>> [CONFIG: target(4), prim(dec_op)]
|187751.64|26977.52| op = [951, 951, 951, 972, 682, 1059, 1093]| tp = [1, 1, 1, 1, 2, 1, 1, ] | dp = [1, 1, 1, 1, 1, 1, 1, ] | algo = [0, 0, 0, 0, 0, 0, 0, ] | rc = [280, 264, 246, 210, 0, 162, 0] | gpus = [1, 1, 1, 1, 2, 1, 1] | micro_bs = 1 | time = [184248, 182496, 180837, 179621, 182105, 187751, 182798] | memory = [26775, 26977, 26771, 26947, 22039, 21137, 26056]

[ Trial 2 ] |187751.64|26977.52| op = [951, 951, 951, 972, 682, 1059, 1093]| tp = [1, 1, 1, 1, 2, 1, 1, ] | dp = [1, 1, 1, 1, 1, 1, 1, ] | algo = [0, 0, 0, 0, 0, 0, 0, ] | rc = [280, 264, 246, 210, 0, 162, 0] | gpus = [1, 1, 1, 1, 2, 1, 1] | micro_bs = 1 | time = [184248, 182496, 180837, 179621, 182105, 187751, 182798] | memory = [26775, 26977, 26771, 26947, 22039, 21137, 26056]
>>>> [CONFIG: target(5), prim(dec_op)]
|185681.13|26977.52| op = [951, 951, 951, 972, 682, 1047, 1105]| tp = [1, 1, 1, 1, 2, 1, 1, ] | dp = [1, 1, 1, 1, 1, 1, 1, ] | algo = [0, 0, 0, 0, 0, 0, 0, ] | rc = [280, 264, 246, 210, 0, 160, 0] | gpus = [1, 1, 1, 1, 2, 1, 1] | micro_bs = 1 | time = [184248, 182495, 180837, 179621, 182105, 185681, 184666] | memory = [26775, 26977, 26771, 26947, 22039, 20904, 26341]

[ Trial 3 ] |185681.13|26977.52| op = [951, 951, 951, 972, 682, 1047, 1105]| tp = [1, 1, 1, 1, 2, 1, 1, ] | dp = [1, 1, 1, 1, 1, 1, 1, ] | algo = [0, 0, 0, 0, 0, 0, 0, ] | rc = [280, 264, 246, 210, 0, 160, 0] | gpus = [1, 1, 1, 1, 2, 1, 1] | micro_bs = 1 | time = [184248, 182495, 180837, 179621, 182105, 185681, 184666] | memory = [26775, 26977, 26771, 26947, 22039, 20904, 26341]
>>>> [CONFIG: target(5), prim(dec_op)]
|184667.13|26977.52| op = [951, 951, 951, 982, 686, 1033, 1105]| tp = [1, 1, 1, 1, 2, 1, 1, ] | dp = [1, 1, 1, 1, 1, 1, 1, ] | algo = [0, 0, 0, 0, 0, 0, 0, ] | rc = [280, 264, 246, 216, 0, 158, 0] | gpus = [1, 1, 1, 1, 2, 1, 1] | micro_bs = 1 | time = [184249, 182496, 180837, 181915, 183093, 183335, 184667] | memory = [26775, 26977, 26771, 26840, 22073, 20646, 26341]

[ Trial 4 ] |184667.13|26977.52| op = [951, 951, 951, 982, 686, 1033, 1105]| tp = [1, 1, 1, 1, 2, 1, 1, ] | dp = [1, 1, 1, 1, 1, 1, 1, ] | algo = [0, 0, 0, 0, 0, 0, 0, ] | rc = [280, 264, 246, 216, 0, 158, 0] | gpus = [1, 1, 1, 1, 2, 1, 1] | micro_bs = 1 | time = [184249, 182496, 180837, 181915, 183093, 183335, 184667] | memory = [26775, 26977, 26771, 26840, 22073, 20646, 26341]
>>>> [CONFIG: target(6), prim(inc_mbs)]
|154123.08|26994.63| op = [951, 951, 951, 982, 686, 1033, 1105]| tp = [1, 1, 1, 1, 1, 1, 1, ] | dp = [1, 1, 1, 1, 2, 1, 1, ] | algo = [0, 0, 0, 0, 0, 0, 0, ] | rc = [637, 506, 467, 340, 104, 240, 170] | gpus = [1, 1, 1, 1, 2, 1, 1] | micro_bs = 2 | time = [154123, 150947, 149003, 148817, 62423, 147142, 153606] | memory = [25194, 26955, 26994, 26990, 19589, 26993, 23549]

[ Trial 5 ] |154123.08|26994.63| op = [951, 951, 951, 982, 686, 1033, 1105]| tp = [1, 1, 1, 1, 1, 1, 1, ] | dp = [1, 1, 1, 1, 2, 1, 1, ] | algo = [0, 0, 0, 0, 0, 0, 0, ] | rc = [637, 506, 467, 340, 104, 240, 170] | gpus = [1, 1, 1, 1, 2, 1, 1] | micro_bs = 2 | time = [154123, 150947, 149003, 148817, 62423, 147142, 153606] | memory = [25194, 26955, 26994, 26990, 19589, 26993, 23549]
>>>> [CONFIG: target(0), prim(dec_op)]
|140828.69|26988.37| op = [784, 793, 805, 864, 1442, 960, 1011]| tp = [1, 1, 1, 1, 1, 1, 1, ] | dp = [1, 1, 1, 1, 2, 1, 1, ] | algo = [0, 0, 0, 0, 0, 0, 0, ] | rc = [405, 374, 281, 258, 360, 213, 154] | gpus = [1, 1, 1, 1, 2, 1, 1] | micro_bs = 2 | time = [124132, 123461, 122461, 129978, 136494, 136324, 140828] | memory = [26956, 26986, 26931, 26988, 26927, 26933, 21776]

[ Trial 6 ] |140828.69|26988.37| op = [784, 793, 805, 864, 1442, 960, 1011]| tp = [1, 1, 1, 1, 1, 1, 1, ] | dp = [1, 1, 1, 1, 2, 1, 1, ] | algo = [0, 0, 0, 0, 0, 0, 0, ] | rc = [405, 374, 281, 258, 360, 213, 154] | gpus = [1, 1, 1, 1, 2, 1, 1] | micro_bs = 2 | time = [124132, 123461, 122461, 129978, 136494, 136324, 140828] | memory = [26956, 26986, 26931, 26988, 26927, 26933, 21776]
>>>> [CONFIG: target(6), prim(inc_dp)]
|220783.13|26988.37| op = [784, 793, 805, 864, 1442, 960, 1011]| tp = [1, 1, 1, 1, 1, 1, 1, ] | dp = [1, 1, 1, 1, 1, 1, 2, ] | algo = [0, 0, 0, 0, 0, 0, 0, ] | rc = [405, 374, 281, 258, 642, 213, 0] | gpus = [1, 1, 1, 1, 1, 1, 2] | micro_bs = 2 | time = [124189, 123519, 122519, 130036, 220783, 136381, 85900] | memory = [26956, 26986, 26931, 26988, 26980, 26933, 24093]
>>>> [CONFIG: target(4), prim(dec_op)]
|135419.30|26986.69| op = [784, 793, 848, 870, 894, 956, 1514]| tp = [1, 1, 1, 1, 1, 1, 1, ] | dp = [1, 1, 1, 1, 1, 1, 2, ] | algo = [0, 0, 0, 0, 0, 0, 0, ] | rc = [405, 374, 329, 263, 242, 210, 182] | gpus = [1, 1, 1, 1, 1, 1, 2] | micro_bs = 2 | time = [124126, 123455, 130223, 131037, 131100, 135419, 135104] | memory = [26956, 26986, 26956, 26848, 26952, 26969, 22756]

[ Trial 7 ] |135419.30|26986.69| op = [784, 793, 848, 870, 894, 956, 1514]| tp = [1, 1, 1, 1, 1, 1, 1, ] | dp = [1, 1, 1, 1, 1, 1, 2, ] | algo = [0, 0, 0, 0, 0, 0, 0, ] | rc = [405, 374, 329, 263, 242, 210, 182] | gpus = [1, 1, 1, 1, 1, 1, 2] | micro_bs = 2 | time = [124126, 123455, 130223, 131037, 131100, 135419, 135104] | memory = [26956, 26986, 26956, 26848, 26952, 26969, 22756]
>>>> [CONFIG: target(5), prim(dec_op)]
|135101.96|26986.69| op = [784, 793, 851, 881, 897, 939, 1514]| tp = [1, 1, 1, 1, 1, 1, 1, ] | dp = [1, 1, 1, 1, 1, 1, 2, ] | algo = [0, 0, 0, 0, 0, 0, 0, ] | rc = [405, 374, 331, 266, 244, 202, 182] | gpus = [1, 1, 1, 1, 1, 1, 2] | micro_bs = 2 | time = [124123, 123453, 130444, 132464, 131683, 132000, 135101] | memory = [26956, 26986, 26950, 26964, 26952, 26968, 22756]

[ Trial 8 ] |135101.96|26986.69| op = [784, 793, 851, 881, 897, 939, 1514]| tp = [1, 1, 1, 1, 1, 1, 1, ] | dp = [1, 1, 1, 1, 1, 1, 2, ] | algo = [0, 0, 0, 0, 0, 0, 0, ] | rc = [405, 374, 331, 266, 244, 202, 182] | gpus = [1, 1, 1, 1, 1, 1, 2] | micro_bs = 2 | time = [124123, 123453, 130444, 132464, 131683, 132000, 135101] | memory = [26956, 26986, 26950, 26964, 26952, 26968, 22756]
>>>> [CONFIG: target(6), prim(dec_dp)]
|215243.67|26997.71| op = [784, 793, 851, 881, 897, 939, 1514]| tp = [1, 1, 1, 1, 1, 1, 1, ] | dp = [1, 2, 1, 1, 1, 1, 1, ] | algo = [0, 0, 0, 0, 0, 0, 0, ] | rc = [405, 199, 331, 266, 244, 202, 316] | gpus = [1, 2, 1, 1, 1, 1, 1] | micro_bs = 2 | time = [124188, 76236, 130508, 132528, 131747, 132064, 215243] | memory = [26956, 26997, 26950, 26964, 26952, 26968, 26991]
>>>> [CONFIG: target(6), prim(dec_op)]
|142576.07|26998.05| op = [784, 1224, 823, 906, 933, 965, 1024]| tp = [1, 1, 1, 1, 1, 1, 1, ] | dp = [1, 2, 1, 1, 1, 1, 1, ] | algo = [0, 0, 0, 0, 0, 0, 0, ] | rc = [405, 420, 298, 279, 260, 217, 156] | gpus = [1, 2, 1, 1, 1, 1, 1] | micro_bs = 2 | time = [124156, 121468, 125454, 137106, 137393, 137735, 142576] | memory = [26956, 26998, 26973, 26821, 26965, 26969, 22028]
>>>> [CONFIG: target(6), prim(dec_op)]
|142577.11|26998.05| op = [784, 1224, 870, 884, 908, 965, 1024]| tp = [1, 1, 1, 1, 1, 1, 1, ] | dp = [1, 2, 1, 1, 1, 1, 1, ] | algo = [0, 0, 0, 0, 0, 0, 0, ] | rc = [405, 420, 352, 270, 246, 217, 156] | gpus = [1, 2, 1, 1, 1, 1, 1] | micro_bs = 2 | time = [124157, 121469, 133453, 133435, 133600, 137736, 142577] | memory = [26956, 26998, 26992, 26960, 26941, 26969, 22028]
>>>> [CONFIG: target(6), prim(inc_dp)]
|204051.93|26992.77| op = [784, 1224, 870, 884, 908, 965, 1024]| tp = [1, 1, 1, 1, 1, 1, 1, ] | dp = [1, 1, 1, 1, 1, 1, 2, ] | algo = [0, 0, 0, 0, 0, 0, 0, ] | rc = [405, 1027, 352, 270, 246, 217, 0] | gpus = [1, 1, 1, 1, 1, 1, 2] | micro_bs = 2 | time = [124209, 204051, 133505, 133488, 133653, 137788, 86966] | memory = [26956, 26190, 26992, 26960, 26941, 26969, 24393]
>>>> [CONFIG: target(1), prim(dec_op)]
|137817.91|26992.31| op = [784, 872, 895, 912, 897, 869, 1430]| tp = [1, 1, 1, 1, 1, 1, 1, ] | dp = [1, 1, 1, 1, 1, 1, 2, ] | algo = [0, 0, 0, 0, 0, 0, 0, ] | rc = [405, 435, 382, 278, 246, 172, 144] | gpus = [1, 1, 1, 1, 1, 1, 2] | micro_bs = 2 | time = [124137, 136994, 137286, 137817, 132412, 121108, 126586] | memory = [26956, 26940, 26969, 26801, 26952, 26992, 23618]
>>>> [CONFIG: target(3), prim(dec_op)]
|132911.02|26990.74| op = [787, 841, 861, 880, 894, 937, 1459]| tp = [1, 1, 1, 1, 1, 1, 1, ] | dp = [1, 1, 1, 1, 1, 1, 2, ] | algo = [0, 0, 0, 0, 0, 0, 0, ] | rc = [398, 395, 365, 264, 240, 202, 156] | gpus = [1, 1, 1, 1, 1, 1, 2] | micro_bs = 2 | time = [124228, 129623, 132911, 131920, 131450, 131947, 129479] | memory = [26928, 26988, 26924, 26964, 26990, 26984, 23374]

[ Trial 9 ] |132911.02|26990.74| op = [787, 841, 861, 880, 894, 937, 1459]| tp = [1, 1, 1, 1, 1, 1, 1, ] | dp = [1, 1, 1, 1, 1, 1, 2, ] | algo = [0, 0, 0, 0, 0, 0, 0, ] | rc = [398, 395, 365, 264, 240, 202, 156] | gpus = [1, 1, 1, 1, 1, 1, 2] | micro_bs = 2 | time = [124228, 129623, 132911, 131920, 131450, 131947, 129479] | memory = [26928, 26988, 26924, 26964, 26990, 26984, 23374]
>>>> [CONFIG: target(2), prim(dec_op)]
|131919.54|26990.74| op = [816, 830, 843, 880, 894, 927, 1469]| tp = [1, 1, 1, 1, 1, 1, 1, ] | dp = [1, 1, 1, 1, 1, 1, 2, ] | algo = [0, 0, 0, 0, 0, 0, 0, ] | rc = [422, 387, 343, 264, 240, 194, 162] | gpus = [1, 1, 1, 1, 1, 1, 2] | micro_bs = 2 | time = [129056, 128479, 129293, 131919, 131449, 130182, 130595] | memory = [26959, 26975, 26972, 26964, 26990, 26904, 23222]

[ Trial 10 ] |131919.54|26990.74| op = [816, 830, 843, 880, 894, 927, 1469]| tp = [1, 1, 1, 1, 1, 1, 1, ] | dp = [1, 1, 1, 1, 1, 1, 2, ] | algo = [0, 0, 0, 0, 0, 0, 0, ] | rc = [422, 387, 343, 264, 240, 194, 162] | gpus = [1, 1, 1, 1, 1, 1, 2] | micro_bs = 2 | time = [129056, 128479, 129293, 131919, 131449, 130182, 130595] | memory = [26959, 26975, 26972, 26964, 26990, 26904, 23222]
>>>> [CONFIG: target(3), prim(dec_op)]
|131448.83|26990.74| op = [816, 835, 849, 869, 894, 927, 1469]| tp = [1, 1, 1, 1, 1, 1, 1, ] | dp = [1, 1, 1, 1, 1, 1, 2, ] | algo = [0, 0, 0, 0, 0, 0, 0, ] | rc = [422, 392, 329, 261, 240, 194, 162] | gpus = [1, 1, 1, 1, 1, 1, 2] | micro_bs = 2 | time = [129056, 129013, 129944, 130633, 131448, 130181, 130594] | memory = [26959, 26971, 26978, 26676, 26990, 26904, 23222]

[ Trial 11 ] |131448.83|26990.74| op = [816, 835, 849, 869, 894, 927, 1469]| tp = [1, 1, 1, 1, 1, 1, 1, ] | dp = [1, 1, 1, 1, 1, 1, 2, ] | algo = [0, 0, 0, 0, 0, 0, 0, ] | rc = [422, 392, 329, 261, 240, 194, 162] | gpus = [1, 1, 1, 1, 1, 1, 2] | micro_bs = 2 | time = [129056, 129013, 129944, 130633, 131448, 130181, 130594] | memory = [26959, 26971, 26978, 26676, 26990, 26904, 23222]
>>>> [CONFIG: target(4), prim(dec_op)]
|131448.93|26990.74| op = [816, 836, 848, 869, 894, 927, 1469]| tp = [1, 1, 1, 1, 1, 1, 1, ] | dp = [1, 1, 1, 1, 1, 1, 2, ] | algo = [0, 0, 0, 0, 0, 0, 0, ] | rc = [422, 394, 329, 261, 240, 194, 162] | gpus = [1, 1, 1, 1, 1, 1, 2] | micro_bs = 2 | time = [129056, 129123, 129890, 130633, 131448, 130182, 130595] | memory = [26959, 26987, 26928, 26676, 26990, 26904, 23222]
>>>> [CONFIG: target(4), prim(inc_dp)]
|208200.02|26997.56| op = [816, 836, 848, 869, 894, 927, 1469]| tp = [1, 1, 1, 1, 1, 1, 1, ] | dp = [1, 1, 1, 1, 2, 1, 1, ] | algo = [0, 0, 0, 0, 0, 0, 0, ] | rc = [422, 394, 329, 261, 138, 194, 298] | gpus = [1, 1, 1, 1, 2, 1, 1] | micro_bs = 2 | time = [129109, 129176, 129942, 130685, 80791, 130234, 208200] | memory = [26959, 26987, 26928, 26676, 24963, 26904, 26997]
>>>> [CONFIG: target(6), prim(dec_op)]
|133441.87|26992.80| op = [816, 836, 848, 877, 1401, 923, 958]| tp = [1, 1, 1, 1, 1, 1, 1, ] | dp = [1, 1, 1, 1, 2, 1, 1, ] | algo = [0, 0, 0, 0, 0, 0, 0, ] | rc = [422, 394, 329, 265, 342, 196, 146] | gpus = [1, 1, 1, 1, 2, 1, 1] | micro_bs = 2 | time = [129065, 129133, 129899, 132258, 132307, 129688, 133441] | memory = [26959, 26987, 26928, 26812, 26988, 26992, 20636]
>>>> [CONFIG: target(6), prim(dec_op)]
|133439.81|26992.80| op = [816, 836, 851, 874, 1401, 923, 958]| tp = [1, 1, 1, 1, 1, 1, 1, ] | dp = [1, 1, 1, 1, 2, 1, 1, ] | algo = [0, 0, 0, 0, 0, 0, 0, ] | rc = [422, 394, 316, 260, 342, 196, 146] | gpus = [1, 1, 1, 1, 2, 1, 1] | micro_bs = 2 | time = [129063, 129131, 130239, 130861, 132305, 129686, 133439] | memory = [26959, 26987, 26948, 26796, 26988, 26992, 20636]
>>>> [CONFIG: target(6), prim(inc_dp)]
|214097.43|26992.80| op = [816, 836, 851, 874, 1401, 923, 958]| tp = [1, 1, 1, 1, 1, 1, 1, ] | dp = [1, 1, 1, 1, 1, 1, 2, ] | algo = [0, 0, 0, 0, 0, 0, 0, ] | rc = [422, 394, 316, 260, 594, 196, 0] | gpus = [1, 1, 1, 1, 1, 1, 2] | micro_bs = 2 | time = [129121, 129189, 130298, 130919, 214097, 129744, 81463] | memory = [26959, 26987, 26948, 26796, 26981, 26992, 22826]
>>>> [CONFIG: target(4), prim(dec_op)]
|130853.07|26990.74| op = [816, 836, 851, 874, 890, 925, 1467]| tp = [1, 1, 1, 1, 1, 1, 1, ] | dp = [1, 1, 1, 1, 1, 1, 2, ] | algo = [0, 0, 0, 0, 0, 0, 0, ] | rc = [422, 394, 316, 260, 236, 200, 162] | gpus = [1, 1, 1, 1, 1, 1, 2] | micro_bs = 2 | time = [129055, 129122, 130231, 130853, 130129, 130634, 130489] | memory = [26959, 26987, 26948, 26796, 26990, 26976, 23218]

[ Trial 12 ] |130853.07|26990.74| op = [816, 836, 851, 874, 890, 925, 1467]| tp = [1, 1, 1, 1, 1, 1, 1, ] | dp = [1, 1, 1, 1, 1, 1, 2, ] | algo = [0, 0, 0, 0, 0, 0, 0, ] | rc = [422, 394, 316, 260, 236, 200, 162] | gpus = [1, 1, 1, 1, 1, 1, 2] | micro_bs = 2 | time = [129055, 129122, 130231, 130853, 130129, 130634, 130489] | memory = [26959, 26987, 26948, 26796, 26990, 26976, 23218]
>>>> [CONFIG: target(3), prim(inc_dp)]
|208000.76|26990.74| op = [816, 836, 851, 874, 890, 925, 1467]| tp = [1, 1, 1, 1, 1, 1, 1, ] | dp = [1, 1, 1, 2, 1, 1, 1, ] | algo = [0, 0, 0, 0, 0, 0, 0, ] | rc = [422, 394, 316, 168, 236, 200, 298] | gpus = [1, 1, 1, 2, 1, 1, 1] | micro_bs = 2 | time = [129109, 129176, 130285, 80710, 130182, 130688, 208000] | memory = [26959, 26987, 26948, 26867, 26990, 26976, 26989]
>>>> [CONFIG: target(6), prim(dec_op)]
|132944.81|26988.83| op = [816, 836, 851, 1372, 897, 937, 950]| tp = [1, 1, 1, 1, 1, 1, 1, ] | dp = [1, 1, 1, 2, 1, 1, 1, ] | algo = [0, 0, 0, 0, 0, 0, 0, ] | rc = [422, 394, 316, 382, 242, 200, 146] | gpus = [1, 1, 1, 2, 1, 1, 1] | micro_bs = 2 | time = [129067, 129135, 130244, 131978, 131659, 131846, 132944] | memory = [26959, 26987, 26948, 26884, 26988, 26968, 20540]
>>>> [CONFIG: target(6), prim(inc_dp)]
|215555.60|26988.83| op = [816, 836, 851, 1372, 897, 937, 950]| tp = [1, 1, 1, 1, 1, 1, 1, ] | dp = [1, 1, 1, 1, 1, 1, 2, ] | algo = [0, 0, 0, 0, 0, 0, 0, ] | rc = [422, 394, 316, 729, 242, 200, 0] | gpus = [1, 1, 1, 1, 1, 1, 2] | micro_bs = 2 | time = [129129, 129196, 130305, 215555, 131721, 131908, 81014] | memory = [26959, 26987, 26948, 26962, 26988, 26968, 22756]
>>>> [CONFIG: target(3), prim(dec_op)]
|135605.97|26987.65| op = [816, 836, 851, 906, 897, 935, 1418]| tp = [1, 1, 1, 1, 1, 1, 1, ] | dp = [1, 1, 1, 1, 1, 1, 2, ] | algo = [0, 0, 0, 0, 0, 0, 0, ] | rc = [422, 394, 316, 272, 244, 198, 138] | gpus = [1, 1, 1, 1, 1, 1, 2] | micro_bs = 2 | time = [129059, 129127, 130236, 135605, 131714, 131622, 125353] | memory = [26959, 26987, 26948, 26753, 26976, 26980, 23765]
>>>> [CONFIG: target(3), prim(dec_op)]
|130592.79|26996.87| op = [822, 836, 852, 864, 891, 925, 1469]| tp = [1, 1, 1, 1, 1, 1, 1, ] | dp = [1, 1, 1, 1, 1, 1, 2, ] | algo = [0, 0, 0, 0, 0, 0, 0, ] | rc = [428, 393, 318, 258, 236, 198, 162] | gpus = [1, 1, 1, 1, 1, 1, 2] | micro_bs = 2 | time = [129790, 130017, 129314, 130016, 130113, 129917, 130592] | memory = [26961, 26963, 26932, 26972, 26976, 26996, 23222]

[ Trial 13 ] |130592.79|26996.87| op = [822, 836, 852, 864, 891, 925, 1469]| tp = [1, 1, 1, 1, 1, 1, 1, ] | dp = [1, 1, 1, 1, 1, 1, 2, ] | algo = [0, 0, 0, 0, 0, 0, 0, ] | rc = [428, 393, 318, 258, 236, 198, 162] | gpus = [1, 1, 1, 1, 1, 1, 2] | micro_bs = 2 | time = [129790, 130017, 129314, 130016, 130113, 129917, 130592] | memory = [26961, 26963, 26932, 26972, 26976, 26996, 23222]
>>>> [CONFIG: target(6), prim(dec_dp)]
|208199.02|26997.56| op = [822, 836, 852, 864, 891, 925, 1469]| tp = [1, 1, 1, 1, 1, 1, 1, ] | dp = [1, 1, 1, 2, 1, 1, 1, ] | algo = [0, 0, 0, 0, 0, 0, 0, ] | rc = [428, 393, 318, 166, 236, 198, 298] | gpus = [1, 1, 1, 2, 1, 1, 1] | micro_bs = 2 | time = [129844, 130071, 129368, 79994, 130167, 129971, 208199] | memory = [26961, 26963, 26932, 26930, 26976, 26996, 26997]
>>>> [CONFIG: target(6), prim(dec_op)]
|132628.47|26992.93| op = [822, 836, 864, 1364, 892, 934, 947]| tp = [1, 1, 1, 1, 1, 1, 1, ] | dp = [1, 1, 1, 2, 1, 1, 1, ] | algo = [0, 0, 0, 0, 0, 0, 0, ] | rc = [428, 393, 332, 380, 240, 196, 146] | gpus = [1, 1, 1, 2, 1, 1, 1] | micro_bs = 2 | time = [129806, 130033, 131417, 131454, 131350, 131350, 132628] | memory = [26961, 26963, 26930, 26961, 26926, 26992, 20516]
>>>> [CONFIG: target(6), prim(inc_dp)]
|214740.00|26992.93| op = [822, 836, 864, 1364, 892, 934, 947]| tp = [1, 1, 1, 1, 1, 1, 1, ] | dp = [1, 1, 1, 1, 1, 1, 2, ] | algo = [0, 0, 0, 0, 0, 0, 0, ] | rc = [428, 393, 332, 721, 240, 196, 0] | gpus = [1, 1, 1, 1, 1, 1, 2] | micro_bs = 2 | time = [129867, 130095, 131479, 214739, 131412, 131412, 80798] | memory = [26961, 26963, 26930, 26966, 26926, 26992, 22736]
>>>> [CONFIG: target(3), prim(dec_op)]
|135050.48|26996.80| op = [822, 836, 864, 900, 897, 928, 1412]| tp = [1, 1, 1, 1, 1, 1, 1, ] | dp = [1, 1, 1, 1, 1, 1, 2, ] | algo = [0, 0, 0, 0, 0, 0, 0, ] | rc = [428, 393, 332, 272, 244, 202, 132] | gpus = [1, 1, 1, 1, 1, 1, 2] | micro_bs = 2 | time = [129797, 130025, 131409, 135050, 131716, 131113, 124404] | memory = [26961, 26963, 26930, 26965, 26976, 26996, 23961]
>>>> [CONFIG: target(3), prim(inc_dp)]
|198192.41|26996.80| op = [822, 836, 864, 900, 897, 928, 1412]| tp = [1, 1, 1, 1, 1, 1, 1, ] | dp = [1, 1, 1, 2, 1, 1, 1, ] | algo = [0, 0, 0, 0, 0, 0, 0, ] | rc = [428, 393, 332, 182, 244, 202, 268] | gpus = [1, 1, 1, 2, 1, 1, 1] | micro_bs = 2 | time = [129840, 130068, 131452, 83461, 131759, 131156, 198192] | memory = [26961, 26963, 26930, 26984, 26976, 26996, 26984]
>>>> [CONFIG: target(6), prim(dec_op)]
|131721.64|26978.77| op = [822, 838, 865, 1365, 892, 932, 945]| tp = [1, 1, 1, 1, 1, 1, 1, ] | dp = [1, 1, 1, 2, 1, 1, 1, ] | algo = [0, 0, 0, 0, 0, 0, 0, ] | rc = [428, 394, 332, 382, 240, 198, 144] | gpus = [1, 1, 1, 2, 1, 1, 1] | micro_bs = 2 | time = [129805, 130220, 131544, 131534, 131294, 131533, 131721] | memory = [26961, 26955, 26978, 26971, 26918, 26944, 20384]
>>>> [CONFIG: target(6), prim(inc_mbs)]
|112556.63|26989.15| op = [822, 838, 865, 1365, 892, 932, 945]| tp = [1, 1, 1, 1, 1, 1, 1, ] | dp = [1, 1, 1, 2, 1, 1, 1, ] | algo = [0, 0, 0, 0, 0, 0, 0, ] | rc = [792, 774, 763, 722, 458, 302, 232] | gpus = [1, 1, 1, 2, 1, 1, 1] | micro_bs = 4 | time = [108197, 109959, 112424, 109270, 111516, 112334, 112556] | memory = [19156, 25520, 21856, 26982, 26985, 26965, 26989]

[ Trial 14 ] |112556.63|26989.15| op = [822, 838, 865, 1365, 892, 932, 945]| tp = [1, 1, 1, 1, 1, 1, 1, ] | dp = [1, 1, 1, 2, 1, 1, 1, ] | algo = [0, 0, 0, 0, 0, 0, 0, ] | rc = [792, 774, 763, 722, 458, 302, 232] | gpus = [1, 1, 1, 2, 1, 1, 1] | micro_bs = 4 | time = [108197, 109959, 112424, 109270, 111516, 112334, 112556] | memory = [19156, 25520, 21856, 26982, 26985, 26965, 26989]
>>>> [CONFIG: target(6), prim(dec_op)]
|111553.80|26989.48| op = [826, 854, 855, 1385, 891, 915, 933]| tp = [1, 1, 1, 1, 1, 1, 1, ] | dp = [1, 1, 1, 2, 1, 1, 1, ] | algo = [0, 0, 0, 0, 0, 0, 0, ] | rc = [794, 788, 738, 740, 455, 315, 232] | gpus = [1, 1, 1, 2, 1, 1, 1] | micro_bs = 4 | time = [109235, 110980, 111234, 111244, 110510, 110998, 111553] | memory = [19604, 26212, 25870, 26970, 26989, 26989, 26989]

[ Trial 15 ] |111553.80|26989.48| op = [826, 854, 855, 1385, 891, 915, 933]| tp = [1, 1, 1, 1, 1, 1, 1, ] | dp = [1, 1, 1, 2, 1, 1, 1, ] | algo = [0, 0, 0, 0, 0, 0, 0, ] | rc = [794, 788, 738, 740, 455, 315, 232] | gpus = [1, 1, 1, 2, 1, 1, 1] | micro_bs = 4 | time = [109235, 110980, 111234, 111244, 110510, 110998, 111553] | memory = [19604, 26212, 25870, 26970, 26989, 26989, 26989]
>>>> [CONFIG: target(6), prim(dec_op)]
|111470.94|26989.48| op = [835, 847, 854, 1384, 891, 916, 932]| tp = [1, 1, 1, 1, 1, 1, 1, ] | dp = [1, 1, 1, 2, 1, 1, 1, ] | algo = [0, 0, 0, 0, 0, 0, 0, ] | rc = [811, 782, 775, 739, 455, 284, 230] | gpus = [1, 1, 1, 2, 1, 1, 1] | micro_bs = 4 | time = [109999, 111212, 111470, 111188, 110510, 110382, 110957] | memory = [17608, 25804, 24928, 26978, 26989, 26877, 26981]

[ Trial 16 ] |111470.94|26989.48| op = [835, 847, 854, 1384, 891, 916, 932]| tp = [1, 1, 1, 1, 1, 1, 1, ] | dp = [1, 1, 1, 2, 1, 1, 1, ] | algo = [0, 0, 0, 0, 0, 0, 0, ] | rc = [811, 782, 775, 739, 455, 284, 230] | gpus = [1, 1, 1, 2, 1, 1, 1] | micro_bs = 4 | time = [109999, 111212, 111470, 111188, 110510, 110382, 110957] | memory = [17608, 25804, 24928, 26978, 26989, 26877, 26981]
>>>> [CONFIG: target(2), prim(dec_mbs)]
|133683.44|26988.18| op = [835, 847, 854, 1384, 891, 916, 932]| tp = [1, 1, 1, 1, 1, 1, 1, ] | dp = [1, 1, 1, 2, 1, 1, 1, ] | algo = [0, 0, 0, 0, 0, 0, 0, ] | rc = [441, 402, 336, 390, 236, 192, 140] | gpus = [1, 1, 1, 2, 1, 1, 1] | micro_bs = 2 | time = [132123, 131897, 130573, 133683, 130128, 129162, 129811] | memory = [26939, 26988, 26952, 26983, 26976, 26900, 20420]
>>>> [CONFIG: target(3), prim(dec_dp)]
|218718.43|26988.18| op = [835, 847, 854, 1384, 891, 916, 932]| tp = [1, 1, 1, 1, 1, 1, 1, ] | dp = [1, 1, 1, 1, 1, 1, 2, ] | algo = [0, 0, 0, 0, 0, 0, 0, ] | rc = [441, 402, 336, 739, 236, 192, 0] | gpus = [1, 1, 1, 1, 1, 1, 2] | micro_bs = 2 | time = [132190, 131965, 130641, 218718, 130195, 129230, 79386] | memory = [26939, 26988, 26952, 26978, 26976, 26900, 22226]
>>>> [CONFIG: target(3), prim(dec_op)]
|133023.41|26988.18| op = [835, 847, 854, 886, 887, 924, 1426]| tp = [1, 1, 1, 1, 1, 1, 1, ] | dp = [1, 1, 1, 1, 1, 1, 2, ] | algo = [0, 0, 0, 0, 0, 0, 0, ] | rc = [441, 402, 336, 266, 243, 200, 140] | gpus = [1, 1, 1, 1, 1, 1, 2] | micro_bs = 2 | time = [132119, 131893, 130569, 133023, 131358, 130435, 125912] | memory = [26939, 26988, 26952, 26636, 26892, 26968, 23692]
>>>> [CONFIG: target(3), prim(inc_dp)]
|200413.94|26995.37| op = [835, 847, 854, 886, 887, 924, 1426]| tp = [1, 1, 1, 1, 1, 1, 1, ] | dp = [1, 1, 1, 2, 1, 1, 1, ] | algo = [0, 0, 0, 0, 0, 0, 0, ] | rc = [441, 402, 336, 174, 243, 200, 274] | gpus = [1, 1, 1, 2, 1, 1, 1] | micro_bs = 2 | time = [132165, 131939, 130615, 82040, 131404, 130481, 200413] | memory = [26939, 26988, 26952, 26822, 26892, 26968, 26995]
>>>> [CONFIG: target(6), prim(dec_op)]
|132125.68|26992.30| op = [835, 845, 856, 1346, 896, 936, 945]| tp = [1, 1, 1, 1, 1, 1, 1, ] | dp = [1, 1, 1, 2, 1, 1, 1, ] | algo = [0, 0, 0, 0, 0, 0, 0, ] | rc = [441, 400, 322, 374, 242, 200, 144] | gpus = [1, 1, 1, 2, 1, 1, 1] | micro_bs = 2 | time = [132125, 131010, 130647, 129768, 131587, 131795, 131723] | memory = [26939, 26988, 26992, 26889, 26984, 26968, 20384]
>>>> [CONFIG: target(0), prim(inc_mbs)]
|112556.80|26997.67| op = [835, 845, 856, 1346, 896, 936, 945]| tp = [1, 1, 1, 1, 1, 1, 1, ] | dp = [1, 1, 1, 2, 1, 1, 1, ] | algo = [0, 0, 0, 0, 0, 0, 0, ] | rc = [811, 780, 740, 703, 462, 304, 232] | gpus = [1, 1, 1, 2, 1, 1, 1] | micro_bs = 4 | time = [110001, 110447, 111285, 107747, 111770, 112494, 112556] | memory = [17608, 25948, 25889, 26997, 26961, 26993, 26989]
>>>> [CONFIG: target(6), prim(dec_op)]
|111307.31|26998.41| op = [835, 845, 856, 1379, 889, 923, 932]| tp = [1, 1, 1, 1, 1, 1, 1, ] | dp = [1, 1, 1, 2, 1, 1, 1, ] | algo = [0, 0, 0, 0, 0, 0, 0, ] | rc = [811, 780, 740, 733, 455, 290, 230] | gpus = [1, 1, 1, 2, 1, 1, 1] | micro_bs = 4 | time = [109997, 110443, 111281, 110412, 111307, 110790, 110954] | memory = [17608, 25948, 25889, 26998, 26965, 26961, 26981]

[ Trial 17 ] |111307.31|26998.41| op = [835, 845, 856, 1379, 889, 923, 932]| tp = [1, 1, 1, 1, 1, 1, 1, ] | dp = [1, 1, 1, 2, 1, 1, 1, ] | algo = [0, 0, 0, 0, 0, 0, 0, ] | rc = [811, 780, 740, 733, 455, 290, 230] | gpus = [1, 1, 1, 2, 1, 1, 1] | micro_bs = 4 | time = [109997, 110443, 111281, 110412, 111307, 110790, 110954] | memory = [17608, 25948, 25889, 26998, 26965, 26961, 26981]
>>>> [CONFIG: target(4), prim(dec_op)]
|111290.57|26981.03| op = [835, 845, 856, 1382, 886, 923, 932]| tp = [1, 1, 1, 1, 1, 1, 1, ] | dp = [1, 1, 1, 2, 1, 1, 1, ] | algo = [0, 0, 0, 0, 0, 0, 0, ] | rc = [811, 780, 740, 738, 464, 290, 230] | gpus = [1, 1, 1, 2, 1, 1, 1] | micro_bs = 4 | time = [109999, 110445, 111283, 110985, 111290, 110792, 110957] | memory = [17608, 25948, 25889, 26970, 26941, 26961, 26981]

[ Trial 18 ] |111290.57|26981.03| op = [835, 845, 856, 1382, 886, 923, 932]| tp = [1, 1, 1, 1, 1, 1, 1, ] | dp = [1, 1, 1, 2, 1, 1, 1, ] | algo = [0, 0, 0, 0, 0, 0, 0, ] | rc = [811, 780, 740, 738, 464, 290, 230] | gpus = [1, 1, 1, 2, 1, 1, 1] | micro_bs = 4 | time = [109999, 110445, 111283, 110985, 111290, 110792, 110957] | memory = [17608, 25948, 25889, 26970, 26941, 26961, 26981]
>>>> [CONFIG: target(4), prim(inc_dp)]
|180806.67|26981.03| op = [835, 845, 856, 1382, 886, 923, 932]| tp = [1, 1, 1, 1, 1, 1, 1, ] | dp = [1, 1, 1, 1, 2, 1, 1, ] | algo = [0, 0, 0, 0, 0, 0, 0, ] | rc = [811, 780, 740, 1351, 240, 290, 230] | gpus = [1, 1, 1, 1, 2, 1, 1] | micro_bs = 4 | time = [110100, 110546, 111384, 180806, 67448, 110893, 111058] | memory = [17608, 25948, 25889, 17316, 26784, 26961, 26981]
>>>> [CONFIG: target(3), prim(dec_op)]
|111271.85|26981.03| op = [835, 845, 856, 860, 1408, 923, 932]| tp = [1, 1, 1, 1, 1, 1, 1, ] | dp = [1, 1, 1, 1, 2, 1, 1, ] | algo = [0, 0, 0, 0, 0, 0, 0, ] | rc = [811, 780, 740, 595, 602, 290, 230] | gpus = [1, 1, 1, 1, 2, 1, 1] | micro_bs = 4 | time = [109987, 110433, 111271, 109675, 109667, 110780, 110945] | memory = [17608, 25948, 25889, 25556, 26968, 26961, 26981]

[ Trial 19 ] |111271.85|26981.03| op = [835, 845, 856, 860, 1408, 923, 932]| tp = [1, 1, 1, 1, 1, 1, 1, ] | dp = [1, 1, 1, 1, 2, 1, 1, ] | algo = [0, 0, 0, 0, 0, 0, 0, ] | rc = [811, 780, 740, 595, 602, 290, 230] | gpus = [1, 1, 1, 1, 2, 1, 1] | micro_bs = 4 | time = [109987, 110433, 111271, 109675, 109667, 110780, 110945] | memory = [17608, 25948, 25889, 25556, 26968, 26961, 26981]
>>>> [CONFIG: target(2), prim(dec_op)]
|110946.62|26997.49| op = [835, 845, 847, 863, 1418, 919, 932]| tp = [1, 1, 1, 1, 1, 1, 1, ] | dp = [1, 1, 1, 1, 2, 1, 1, ] | algo = [0, 0, 0, 0, 0, 0, 0, ] | rc = [811, 780, 719, 598, 614, 286, 230] | gpus = [1, 1, 1, 1, 2, 1, 1] | micro_bs = 4 | time = [109988, 110434, 110411, 110464, 110161, 110586, 110946] | memory = [17608, 25948, 25995, 26572, 26992, 26997, 26981]

[ Trial 20 ] |110946.62|26997.49| op = [835, 845, 847, 863, 1418, 919, 932]| tp = [1, 1, 1, 1, 1, 1, 1, ] | dp = [1, 1, 1, 1, 2, 1, 1, ] | algo = [0, 0, 0, 0, 0, 0, 0, ] | rc = [811, 780, 719, 598, 614, 286, 230] | gpus = [1, 1, 1, 1, 2, 1, 1] | micro_bs = 4 | time = [109988, 110434, 110411, 110464, 110161, 110586, 110946] | memory = [17608, 25948, 25995, 26572, 26992, 26997, 26981]
>>>> [CONFIG: target(6), prim(inc_dp)]
|184346.97|26997.49| op = [835, 845, 847, 863, 1418, 919, 932]| tp = [1, 1, 1, 1, 1, 1, 1, ] | dp = [1, 1, 1, 1, 1, 1, 2, ] | algo = [0, 0, 0, 0, 0, 0, 0, ] | rc = [811, 780, 719, 598, 1309, 286, 140] | gpus = [1, 1, 1, 1, 1, 1, 2] | micro_bs = 4 | time = [110106, 110552, 110528, 110582, 184346, 110704, 66962] | memory = [17608, 25948, 25995, 26572, 16692, 26997, 20420]
>>>> [CONFIG: target(4), prim(dec_op)]
|110441.19|26999.62| op = [835, 845, 847, 863, 879, 908, 1482]| tp = [1, 1, 1, 1, 1, 1, 1, ] | dp = [1, 1, 1, 1, 1, 1, 2, ] | algo = [0, 0, 0, 0, 0, 0, 0, ] | rc = [811, 780, 719, 598, 446, 288, 304] | gpus = [1, 1, 1, 1, 1, 1, 2] | micro_bs = 4 | time = [109965, 110411, 110387, 110441, 109574, 109071, 106989] | memory = [17608, 25948, 25995, 26572, 26961, 26993, 26999]

[ Trial 21 ] |110441.19|26999.62| op = [835, 845, 847, 863, 879, 908, 1482]| tp = [1, 1, 1, 1, 1, 1, 1, ] | dp = [1, 1, 1, 1, 1, 1, 2, ] | algo = [0, 0, 0, 0, 0, 0, 0, ] | rc = [811, 780, 719, 598, 446, 288, 304] | gpus = [1, 1, 1, 1, 1, 1, 2] | micro_bs = 4 | time = [109965, 110411, 110387, 110441, 109574, 109071, 106989] | memory = [17608, 25948, 25995, 26572, 26961, 26993, 26999]
>>>> [CONFIG: target(3), prim(dec_op)]
|110438.55|26999.62| op = [835, 845, 847, 863, 877, 910, 1482]| tp = [1, 1, 1, 1, 1, 1, 1, ] | dp = [1, 1, 1, 1, 1, 1, 2, ] | algo = [0, 0, 0, 0, 0, 0, 0, ] | rc = [811, 780, 719, 598, 444, 280, 304] | gpus = [1, 1, 1, 1, 1, 1, 2] | micro_bs = 4 | time = [109962, 110408, 110385, 110438, 108805, 109161, 106986] | memory = [17608, 25948, 25995, 26572, 26961, 26833, 26999]

[ Trial 22 ] |110438.55|26999.62| op = [835, 845, 847, 863, 877, 910, 1482]| tp = [1, 1, 1, 1, 1, 1, 1, ] | dp = [1, 1, 1, 1, 1, 1, 2, ] | algo = [0, 0, 0, 0, 0, 0, 0, ] | rc = [811, 780, 719, 598, 444, 280, 304] | gpus = [1, 1, 1, 1, 1, 1, 2] | micro_bs = 4 | time = [109962, 110408, 110385, 110438, 108805, 109161, 106986] | memory = [17608, 25948, 25995, 26572, 26961, 26833, 26999]
>>>> [CONFIG: target(3), prim(dec_op)]
|110406.78|26993.36| op = [835, 845, 844, 858, 874, 908, 1495]| tp = [1, 1, 1, 1, 1, 1, 1, ] | dp = [1, 1, 1, 1, 1, 1, 2, ] | algo = [0, 0, 0, 0, 0, 0, 0, ] | rc = [811, 780, 715, 594, 441, 288, 312] | gpus = [1, 1, 1, 1, 1, 1, 2] | micro_bs = 4 | time = [109960, 110406, 109462, 109481, 109196, 109066, 108075] | memory = [17608, 25948, 26063, 25448, 26964, 26993, 26985]

[ Trial 23 ] |110406.78|26993.36| op = [835, 845, 844, 858, 874, 908, 1495]| tp = [1, 1, 1, 1, 1, 1, 1, ] | dp = [1, 1, 1, 1, 1, 1, 2, ] | algo = [0, 0, 0, 0, 0, 0, 0, ] | rc = [811, 780, 715, 594, 441, 288, 312] | gpus = [1, 1, 1, 1, 1, 1, 2] | micro_bs = 4 | time = [109960, 110406, 109462, 109481, 109196, 109066, 108075] | memory = [17608, 25948, 26063, 25448, 26964, 26993, 26985]
>>>> [CONFIG: target(1), prim(dec_op)]
|109805.04|26987.18| op = [834, 835, 842, 859, 880, 913, 1496]| tp = [1, 1, 1, 1, 1, 1, 1, ] | dp = [1, 1, 1, 1, 1, 1, 2, ] | algo = [0, 0, 0, 0, 0, 0, 0, ] | rc = [808, 771, 756, 595, 449, 280, 300] | gpus = [1, 1, 1, 1, 1, 1, 2] | micro_bs = 4 | time = [109776, 109632, 109733, 109624, 109805, 109287, 108093] | memory = [18045, 25360, 25300, 25556, 26948, 26921, 26987]

[ Trial 24 ] |109805.04|26987.18| op = [834, 835, 842, 859, 880, 913, 1496]| tp = [1, 1, 1, 1, 1, 1, 1, ] | dp = [1, 1, 1, 1, 1, 1, 2, ] | algo = [0, 0, 0, 0, 0, 0, 0, ] | rc = [808, 771, 756, 595, 449, 280, 300] | gpus = [1, 1, 1, 1, 1, 1, 2] | micro_bs = 4 | time = [109776, 109632, 109733, 109624, 109805, 109287, 108093] | memory = [18045, 25360, 25300, 25556, 26948, 26921, 26987]
>>>> [CONFIG: target(4), prim(inc_dp)]
|182629.79|26990.36| op = [834, 835, 842, 859, 880, 913, 1496]| tp = [1, 1, 1, 1, 1, 1, 1, ] | dp = [1, 1, 1, 1, 2, 1, 1, ] | algo = [0, 0, 0, 0, 0, 0, 0, ] | rc = [808, 771, 756, 595, 238, 280, 470] | gpus = [1, 1, 1, 1, 2, 1, 1] | micro_bs = 4 | time = [109898, 109754, 109855, 109746, 66676, 109409, 182629] | memory = [18045, 25360, 25300, 25556, 26978, 26921, 26990]
>>>> [CONFIG: target(6), prim(dec_op)]
|112135.31|26998.27| op = [834, 835, 842, 859, 1420, 930, 939]| tp = [1, 1, 1, 1, 1, 1, 1, ] | dp = [1, 1, 1, 1, 2, 1, 1, ] | algo = [0, 0, 0, 0, 0, 0, 0, ] | rc = [808, 771, 756, 595, 651, 314, 224] | gpus = [1, 1, 1, 1, 2, 1, 1] | micro_bs = 4 | time = [109807, 109663, 109764, 109655, 111095, 111935, 112135] | memory = [18045, 25360, 25300, 25556, 26998, 26957, 26981]
>>>> [CONFIG: target(6), prim(dec_op)]
|110973.61|26987.87| op = [834, 837, 845, 863, 1425, 923, 932]| tp = [1, 1, 1, 1, 1, 1, 1, ] | dp = [1, 1, 1, 1, 2, 1, 1, ] | algo = [0, 0, 0, 0, 0, 0, 0, ] | rc = [808, 773, 713, 598, 622, 290, 230] | gpus = [1, 1, 1, 1, 2, 1, 1] | micro_bs = 4 | time = [109799, 109971, 109554, 109802, 110973, 110777, 110942] | memory = [18045, 25408, 26036, 25628, 26987, 26961, 26981]
>>>> [CONFIG: target(4), prim(dec_dp)]
|185659.25|26981.03| op = [834, 837, 845, 863, 1425, 923, 932]| tp = [1, 1, 1, 1, 1, 1, 1, ] | dp = [1, 1, 2, 1, 1, 1, 1, ] | algo = [0, 0, 0, 0, 0, 0, 0, ] | rc = [808, 773, 310, 598, 1316, 290, 230] | gpus = [1, 1, 2, 1, 1, 1, 1] | micro_bs = 4 | time = [109921, 110094, 66415, 109925, 185659, 110900, 111064] | memory = [18045, 25408, 26936, 25628, 16740, 26961, 26981]
>>>> [CONFIG: target(4), prim(dec_op)]
|113105.03|26981.03| op = [834, 837, 1339, 891, 903, 923, 932]| tp = [1, 1, 1, 1, 1, 1, 1, ] | dp = [1, 1, 2, 1, 1, 1, 1, ] | algo = [0, 0, 0, 0, 0, 0, 0, ] | rc = [808, 773, 927, 616, 468, 290, 230] | gpus = [1, 1, 2, 1, 1, 1, 1] | micro_bs = 4 | time = [109822, 109995, 110282, 113105, 113093, 110801, 110965] | memory = [18045, 25408, 25637, 26428, 26953, 26961, 26981]
>>>> [CONFIG: target(3), prim(inc_mbs)]
|115876.23|26974.08| op = [834, 837, 1339, 891, 903, 923, 932]| tp = [1, 1, 1, 1, 1, 1, 1, ] | dp = [1, 1, 2, 1, 1, 1, 1, ] | algo = [0, 0, 0, 0, 0, 0, 0, ] | rc = [832, 837, 1339, 891, 884, 762, 463] | gpus = [1, 1, 2, 1, 1, 1, 1] | micro_bs = 8 | time = [105686, 106729, 91559, 112120, 114215, 114427, 115876] | memory = [19162, 17116, 13508, 14580, 17284, 26349, 26974]
>>>> [CONFIG: target(6), prim(dec_op)]
|106951.78|26996.70| op = [834, 837, 1576, 842, 845, 867, 858]| tp = [1, 1, 1, 1, 1, 1, 1, ] | dp = [1, 1, 2, 1, 1, 1, 1, ] | algo = [0, 0, 0, 0, 0, 0, 0, ] | rc = [832, 837, 1576, 778, 801, 652, 392] | gpus = [1, 1, 2, 1, 1, 1, 1] | micro_bs = 8 | time = [105569, 106611, 106505, 106486, 106183, 106544, 106951] | memory = [19162, 17116, 15456, 22028, 23032, 26803, 26996]

[ Trial 25 ] |106951.78|26996.70| op = [834, 837, 1576, 842, 845, 867, 858]| tp = [1, 1, 1, 1, 1, 1, 1, ] | dp = [1, 1, 2, 1, 1, 1, 1, ] | algo = [0, 0, 0, 0, 0, 0, 0, ] | rc = [832, 837, 1576, 778, 801, 652, 392] | gpus = [1, 1, 2, 1, 1, 1, 1] | micro_bs = 8 | time = [105569, 106611, 106505, 106486, 106183, 106544, 106951] | memory = [19162, 17116, 15456, 22028, 23032, 26803, 26996]
>>>> [CONFIG: target(6), prim(dec_op)]
|107032.32|26972.58| op = [834, 837, 1576, 842, 853, 861, 856]| tp = [1, 1, 1, 1, 1, 1, 1, ] | dp = [1, 1, 2, 1, 1, 1, 1, ] | algo = [0, 0, 0, 0, 0, 0, 0, ] | rc = [832, 837, 1576, 778, 815, 630, 404] | gpus = [1, 1, 2, 1, 1, 1, 1] | micro_bs = 8 | time = [105575, 106618, 106511, 106492, 106676, 106785, 107032] | memory = [19162, 17116, 15456, 22028, 21700, 26881, 26972]
>>>> [CONFIG: target(6), prim(inc_dp)]
|194699.97|26972.29| op = [834, 837, 1576, 842, 853, 861, 856]| tp = [1, 1, 1, 1, 1, 1, 1, ] | dp = [1, 1, 1, 1, 1, 1, 2, ] | algo = [0, 0, 0, 0, 0, 0, 0, ] | rc = [832, 837, 1576, 778, 815, 630, 192] | gpus = [1, 1, 1, 1, 1, 1, 2] | micro_bs = 8 | time = [105857, 106899, 194699, 106774, 106958, 107066, 55196] | memory = [19162, 17116, 25100, 22028, 21700, 26881, 26972]
>>>> [CONFIG: target(2), prim(dec_op)]
|106553.56|26995.73| op = [834, 837, 836, 837, 834, 843, 1638]| tp = [1, 1, 1, 1, 1, 1, 1, ] | dp = [1, 1, 1, 1, 1, 1, 2, ] | algo = [0, 0, 0, 0, 0, 0, 0, ] | rc = [832, 837, 836, 763, 784, 655, 650] | gpus = [1, 1, 1, 1, 1, 1, 2] | micro_bs = 8 | time = [105510, 106553, 105581, 105223, 105243, 104460, 104457] | memory = [19162, 17116, 15780, 23134, 24400, 26673, 26995]

[ Trial 26 ] |106553.56|26995.73| op = [834, 837, 836, 837, 834, 843, 1638]| tp = [1, 1, 1, 1, 1, 1, 1, ] | dp = [1, 1, 1, 1, 1, 1, 2, ] | algo = [0, 0, 0, 0, 0, 0, 0, ] | rc = [832, 837, 836, 763, 784, 655, 650] | gpus = [1, 1, 1, 1, 1, 1, 2] | micro_bs = 8 | time = [105510, 106553, 105581, 105223, 105243, 104460, 104457] | memory = [19162, 17116, 15780, 23134, 24400, 26673, 26995]
>>>> [CONFIG: target(1), prim(dec_op)]
|105349.55|26987.85| op = [830, 835, 832, 832, 836, 845, 1649]| tp = [1, 1, 1, 1, 1, 1, 1, ] | dp = [1, 1, 1, 1, 1, 1, 2, ] | algo = [0, 0, 0, 0, 0, 0, 0, ] | rc = [828, 798, 831, 831, 783, 652, 680] | gpus = [1, 1, 1, 1, 1, 1, 2] | micro_bs = 8 | time = [105344, 105324, 105349, 105349, 105322, 105168, 105333] | memory = [19313, 24560, 15440, 13872, 24796, 26705, 26987]

[ Trial 27 ] |105349.55|26987.85| op = [830, 835, 832, 832, 836, 845, 1649]| tp = [1, 1, 1, 1, 1, 1, 1, ] | dp = [1, 1, 1, 1, 1, 1, 2, ] | algo = [0, 0, 0, 0, 0, 0, 0, ] | rc = [828, 798, 831, 831, 783, 652, 680] | gpus = [1, 1, 1, 1, 1, 1, 2] | micro_bs = 8 | time = [105344, 105324, 105349, 105349, 105322, 105168, 105333] | memory = [19313, 24560, 15440, 13872, 24796, 26705, 26987]
>>>> [CONFIG: target(2), prim(dec_mbs)]
|120735.06|26986.43| op = [830, 835, 832, 832, 836, 845, 1649]| tp = [1, 1, 1, 1, 1, 1, 1, ] | dp = [1, 1, 1, 1, 1, 1, 2, ] | algo = [0, 0, 0, 0, 0, 0, 0, ] | rc = [801, 604, 685, 568, 406, 258, 372] | gpus = [1, 1, 1, 1, 1, 1, 2] | micro_bs = 4 | time = [109478, 107336, 107626, 106106, 103949, 101643, 120735] | memory = [18952, 25878, 26210, 25032, 26963, 26960, 26986]
>>>> [CONFIG: target(6), prim(dec_dp)]
|203502.50|26987.85| op = [830, 835, 832, 832, 836, 845, 1649]| tp = [1, 1, 1, 1, 1, 1, 1, ] | dp = [1, 1, 1, 1, 1, 2, 1, ] | algo = [0, 0, 0, 0, 0, 0, 0, ] | rc = [801, 604, 685, 568, 406, 162, 680] | gpus = [1, 1, 1, 1, 1, 2, 1] | micro_bs = 4 | time = [109642, 107499, 107790, 106269, 104113, 60994, 203502] | memory = [18952, 25878, 26210, 25032, 26963, 26880, 26987]
>>>> [CONFIG: target(6), prim(dec_op)]
|114811.86|26997.28| op = [830, 835, 832, 832, 855, 1517, 958]| tp = [1, 1, 1, 1, 1, 1, 1, ] | dp = [1, 1, 1, 1, 1, 2, 1, ] | algo = [0, 0, 0, 0, 0, 0, 0, ] | rc = [801, 604, 685, 568, 425, 452, 234] | gpus = [1, 1, 1, 1, 1, 2, 1] | micro_bs = 4 | time = [109513, 107370, 107661, 106140, 106364, 114811, 114114] | memory = [18952, 25878, 26210, 25032, 26960, 26985, 26997]
>>>> [CONFIG: target(5), prim(dec_op)]
|114123.34|26997.28| op = [830, 835, 832, 832, 888, 1484, 958]| tp = [1, 1, 1, 1, 1, 1, 1, ] | dp = [1, 1, 1, 1, 1, 2, 1, ] | algo = [0, 0, 0, 0, 0, 0, 0, ] | rc = [801, 604, 685, 568, 454, 438, 234] | gpus = [1, 1, 1, 1, 1, 2, 1] | micro_bs = 4 | time = [109521, 107379, 107669, 106149, 110981, 112354, 114123] | memory = [18952, 25878, 26210, 25032, 26953, 26978, 26997]
>>>> [CONFIG: target(6), prim(inc_dp)]
|187863.65|26953.30| op = [830, 835, 832, 832, 888, 1484, 958]| tp = [1, 1, 1, 1, 1, 1, 1, ] | dp = [1, 1, 1, 1, 1, 1, 2, ] | algo = [0, 0, 0, 0, 0, 0, 0, ] | rc = [801, 604, 685, 568, 454, 1028, 146] | gpus = [1, 1, 1, 1, 1, 1, 2] | micro_bs = 4 | time = [109639, 107496, 107787, 106266, 111098, 187863, 68757] | memory = [18952, 25878, 26210, 25032, 26953, 25510, 20636]
>>>> [CONFIG: target(5), prim(inc_mbs)]
|184488.63|26997.28| op = [830, 835, 832, 832, 888, 1484, 958]| tp = [1, 1, 1, 1, 1, 1, 1, ] | dp = [1, 1, 1, 1, 1, 1, 2, ] | algo = [0, 0, 0, 0, 0, 0, 0, ] | rc = [828, 798, 831, 831, 861, 1484, 234] | gpus = [1, 1, 1, 1, 1, 1, 2] | micro_bs = 8 | time = [105669, 105649, 105674, 105674, 112361, 184488, 61203] | memory = [19313, 24560, 15440, 13872, 19036, 16592, 26997]
>>>> [CONFIG: target(5), prim(dec_op)]
|105342.59|26987.85| op = [830, 835, 832, 832, 834, 847, 1649]| tp = [1, 1, 1, 1, 1, 1, 1, ] | dp = [1, 1, 1, 1, 1, 1, 2, ] | algo = [0, 0, 0, 0, 0, 0, 0, ] | rc = [828, 798, 831, 831, 784, 605, 680] | gpus = [1, 1, 1, 1, 1, 1, 2] | micro_bs = 8 | time = [105337, 105317, 105342, 105342, 104617, 104976, 105326] | memory = [19313, 24560, 15440, 13872, 24220, 26910, 26987]

[ Trial 28 ] |105342.59|26987.85| op = [830, 835, 832, 832, 834, 847, 1649]| tp = [1, 1, 1, 1, 1, 1, 1, ] | dp = [1, 1, 1, 1, 1, 1, 2, ] | algo = [0, 0, 0, 0, 0, 0, 0, ] | rc = [828, 798, 831, 831, 784, 605, 680] | gpus = [1, 1, 1, 1, 1, 1, 2] | micro_bs = 8 | time = [105337, 105317, 105342, 105342, 104617, 104976, 105326] | memory = [19313, 24560, 15440, 13872, 24220, 26910, 26987]
>>>> [CONFIG: target(2), prim(dec_op)]
|105331.23|26987.85| op = [830, 831, 833, 835, 834, 847, 1649]| tp = [1, 1, 1, 1, 1, 1, 1, ] | dp = [1, 1, 1, 1, 1, 1, 2, ] | algo = [0, 0, 0, 0, 0, 0, 0, ] | rc = [828, 793, 769, 757, 784, 605, 680] | gpus = [1, 1, 1, 1, 1, 1, 2] | micro_bs = 8 | time = [105331, 105067, 105066, 104998, 104610, 104970, 105319] | memory = [19313, 24673, 25776, 23251, 24220, 26910, 26987]

num_targets: [1, 1, 1, 1, 1, 1, 1, 1, 1, 1, 1, 1, 1, 1, 1, 1, 1, 1, 1, 1, 1, 1, 1, 1, 1, 1, 1, 1, 1]
num_hops: [1, 2, 1, 1, 1, 1, 2, 1, 6, 1, 1, 6, 5, 7, 1, 1, 7, 1, 2, 1, 2, 1, 1, 1, 7, 3, 1, 7, 1]
search time = 200.00 s.  [0, 1, 2, 3, 5, 7, 13, 17, 19, 29, 30, 32, 41, 50, 63, 66, 68, 82, 83, 85, 87, 90, 92, 94, 96, 111, 121, 123, 176, 178, 217, 218, 219, 220] 
num_explored_cases = 1288
time trend: [267491, 253965, 187751, 185681, 184667, 154123, 140828, 135419, 135101, 132911, 131919, 131448, 130853, 130592, 112556, 111553, 111470, 111307, 111290, 111271, 110946, 110441, 110438, 110406, 109805, 106951, 106553, 105349, 105342, 105331, 105331, 106582, 106943, 106953]

working on num_stages = 8
config has been saved to /home/liminglong.lml/sxz/SuperScaler/logs-large/aceso/configs/scale-layer/512layers/scale-layer_512layers_8stages_2026-5-16-3-22-42.json

========== Best Result (num_stages = 8) ==========
|105821.82|26988.53| op = [796, 801, 811, 814, 831, 849, 875, 882]| tp = [1, 1, 1, 1, 1, 1, 1, 1, ] | dp = [1, 1, 1, 1, 1, 1, 1, 1, ] | algo = [0, 0, 0, 0, 0, 0, 0, 0, ] | rc = [794, 755, 571, 654, 457, 419, 266, 210] | gpus = [1, 1, 1, 1, 1, 1, 1, 1] | micro_bs = 4 | time = [105700, 105741, 104375, 105821, 104361, 105389, 105449, 105626] | memory = [11828, 23664, 26085, 26376, 26951, 26972, 26828, 26988]
start|161360.71|26984.20| op = [832, 832, 832, 832, 832, 832, 832, 835]| tp = [1, 1, 1, 1, 1, 1, 1, 1, ] | dp = [1, 1, 1, 1, 1, 1, 1, 1, ] | algo = [0, 0, 0, 0, 0, 0, 0, 0, ] | rc = [244, 230, 212, 190, 150, 128, 84, 0] | gpus = [1, 1, 1, 1, 1, 1, 1, 1] | micro_bs = 1 | time = [161360, 159318, 157453, 154755, 150580, 148141, 143831, 141075] | memory = [26676, 26946, 26740, 26974, 26984, 23202, 23004, 20061]

[ Trial 0 ] |161360.71|26984.20| op = [832, 832, 832, 832, 832, 832, 832, 835]| tp = [1, 1, 1, 1, 1, 1, 1, 1, ] | dp = [1, 1, 1, 1, 1, 1, 1, 1, ] | algo = [0, 0, 0, 0, 0, 0, 0, 0, ] | rc = [244, 230, 212, 190, 150, 128, 84, 0] | gpus = [1, 1, 1, 1, 1, 1, 1, 1] | micro_bs = 1 | time = [161360, 159318, 157453, 154755, 150580, 148141, 143831, 141075] | memory = [26676, 26946, 26740, 26974, 26984, 23202, 23004, 20061]
>>>> [CONFIG: target(0), prim(dec_op)]
|161361.17|26938.19| op = [832, 820, 827, 841, 840, 832, 832, 835]| tp = [1, 1, 1, 1, 1, 1, 1, 1, ] | dp = [1, 1, 1, 1, 1, 1, 1, 1, ] | algo = [0, 0, 0, 0, 0, 0, 0, 0, ] | rc = [244, 224, 210, 190, 156, 128, 84, 0] | gpus = [1, 1, 1, 1, 1, 1, 1, 1] | micro_bs = 1 | time = [161361, 156777, 156571, 156573, 152657, 148142, 143832, 141076] | memory = [26676, 26703, 26938, 26928, 26876, 23202, 23004, 20061]
>>>> [CONFIG: target(0), prim(dec_op)]
|161360.91|26993.50| op = [832, 820, 808, 818, 835, 858, 853, 835]| tp = [1, 1, 1, 1, 1, 1, 1, 1, ] | dp = [1, 1, 1, 1, 1, 1, 1, 1, ] | algo = [0, 0, 0, 0, 0, 0, 0, 0, ] | rc = [244, 224, 200, 182, 154, 132, 94, 0] | gpus = [1, 1, 1, 1, 1, 1, 1, 1] | micro_bs = 1 | time = [161360, 156777, 152264, 151833, 151834, 153225, 148342, 141075] | memory = [26676, 26703, 26993, 26786, 26989, 24114, 22620, 20061]
>>>> [CONFIG: target(0), prim(inc_mbs)]
|134884.44|26992.12| op = [832, 820, 808, 818, 835, 858, 853, 835]| tp = [1, 1, 1, 1, 1, 1, 1, 1, ] | dp = [1, 1, 1, 1, 1, 1, 1, 1, ] | algo = [0, 0, 0, 0, 0, 0, 0, 0, ] | rc = [540, 422, 362, 280, 246, 226, 166, 100] | gpus = [1, 1, 1, 1, 1, 1, 1, 1] | micro_bs = 2 | time = [134884, 129217, 124616, 124415, 125651, 126263, 118867, 115094] | memory = [25472, 26981, 26987, 26927, 26763, 26988, 26992, 22314]

[ Trial 1 ] |134884.44|26992.12| op = [832, 820, 808, 818, 835, 858, 853, 835]| tp = [1, 1, 1, 1, 1, 1, 1, 1, ] | dp = [1, 1, 1, 1, 1, 1, 1, 1, ] | algo = [0, 0, 0, 0, 0, 0, 0, 0, ] | rc = [540, 422, 362, 280, 246, 226, 166, 100] | gpus = [1, 1, 1, 1, 1, 1, 1, 1] | micro_bs = 2 | time = [134884, 129217, 124616, 124415, 125651, 126263, 118867, 115094] | memory = [25472, 26981, 26987, 26927, 26763, 26988, 26992, 22314]
>>>> [CONFIG: target(0), prim(dec_op)]
|125493.40|26976.43| op = [782, 794, 807, 817, 832, 848, 886, 893]| tp = [1, 1, 1, 1, 1, 1, 1, 1, ] | dp = [1, 1, 1, 1, 1, 1, 1, 1, ] | algo = [0, 0, 0, 0, 0, 0, 0, 0, ] | rc = [442, 400, 377, 293, 244, 222, 180, 122] | gpus = [1, 1, 1, 1, 1, 1, 1, 1] | micro_bs = 2 | time = [125036, 124767, 125493, 124578, 124615, 124645, 124653, 123676] | memory = [26631, 26938, 26963, 26967, 26703, 26760, 26976, 21392]

[ Trial 2 ] |125493.40|26976.43| op = [782, 794, 807, 817, 832, 848, 886, 893]| tp = [1, 1, 1, 1, 1, 1, 1, 1, ] | dp = [1, 1, 1, 1, 1, 1, 1, 1, ] | algo = [0, 0, 0, 0, 0, 0, 0, 0, ] | rc = [442, 400, 377, 293, 244, 222, 180, 122] | gpus = [1, 1, 1, 1, 1, 1, 1, 1] | micro_bs = 2 | time = [125036, 124767, 125493, 124578, 124615, 124645, 124653, 123676] | memory = [26631, 26938, 26963, 26967, 26703, 26760, 26976, 21392]
>>>> [CONFIG: target(2), prim(dec_op)]
|124872.42|26986.29| op = [780, 793, 809, 818, 832, 848, 886, 893]| tp = [1, 1, 1, 1, 1, 1, 1, 1, ] | dp = [1, 1, 1, 1, 1, 1, 1, 1, ] | algo = [0, 0, 0, 0, 0, 0, 0, 0, ] | rc = [440, 400, 364, 280, 244, 222, 180, 122] | gpus = [1, 1, 1, 1, 1, 1, 1, 1] | micro_bs = 2 | time = [124872, 124557, 124708, 124410, 124612, 124642, 124650, 123673] | memory = [26631, 26986, 26951, 26927, 26703, 26760, 26976, 21392]

[ Trial 3 ] |124872.42|26986.29| op = [780, 793, 809, 818, 832, 848, 886, 893]| tp = [1, 1, 1, 1, 1, 1, 1, 1, ] | dp = [1, 1, 1, 1, 1, 1, 1, 1, ] | algo = [0, 0, 0, 0, 0, 0, 0, 0, ] | rc = [440, 400, 364, 280, 244, 222, 180, 122] | gpus = [1, 1, 1, 1, 1, 1, 1, 1] | micro_bs = 2 | time = [124872, 124557, 124708, 124410, 124612, 124642, 124650, 123673] | memory = [26631, 26986, 26951, 26927, 26703, 26760, 26976, 21392]
>>>> [CONFIG: target(0), prim(dec_op)]
|124709.31|26976.43| op = [778, 795, 809, 818, 832, 848, 886, 893]| tp = [1, 1, 1, 1, 1, 1, 1, 1, ] | dp = [1, 1, 1, 1, 1, 1, 1, 1, ] | algo = [0, 0, 0, 0, 0, 0, 0, 0, ] | rc = [437, 394, 364, 280, 244, 222, 180, 122] | gpus = [1, 1, 1, 1, 1, 1, 1, 1] | micro_bs = 2 | time = [124709, 123830, 124706, 124408, 124611, 124640, 124648, 123672] | memory = [26663, 26902, 26951, 26927, 26703, 26760, 26976, 21392]

[ Trial 4 ] |124709.31|26976.43| op = [778, 795, 809, 818, 832, 848, 886, 893]| tp = [1, 1, 1, 1, 1, 1, 1, 1, ] | dp = [1, 1, 1, 1, 1, 1, 1, 1, ] | algo = [0, 0, 0, 0, 0, 0, 0, 0, ] | rc = [437, 394, 364, 280, 244, 222, 180, 122] | gpus = [1, 1, 1, 1, 1, 1, 1, 1] | micro_bs = 2 | time = [124709, 123830, 124706, 124408, 124611, 124640, 124648, 123672] | memory = [26663, 26902, 26951, 26927, 26703, 26760, 26976, 21392]
>>>> [CONFIG: target(0), prim(dec_mbs)]
|155691.87|26984.19| op = [778, 795, 809, 818, 832, 848, 886, 893]| tp = [1, 1, 1, 1, 1, 1, 1, 1, ] | dp = [1, 1, 1, 1, 1, 1, 1, 1, ] | algo = [0, 0, 0, 0, 0, 0, 0, 0, ] | rc = [222, 214, 202, 182, 150, 130, 112, 0] | gpus = [1, 1, 1, 1, 1, 1, 1, 1] | micro_bs = 1 | time = [150475, 151732, 152516, 151830, 150578, 151369, 155691, 150143] | memory = [26681, 26619, 26975, 26786, 26984, 23785, 21576, 21326]
>>>> [CONFIG: target(6), prim(dec_op)]
|153009.54|26984.19| op = [778, 795, 809, 818, 832, 848, 873, 906]| tp = [1, 1, 1, 1, 1, 1, 1, 1, ] | dp = [1, 1, 1, 1, 1, 1, 1, 1, ] | algo = [0, 0, 0, 0, 0, 0, 0, 0, ] | rc = [222, 214, 202, 182, 150, 130, 106, 0] | gpus = [1, 1, 1, 1, 1, 1, 1, 1] | micro_bs = 1 | time = [150475, 151731, 152516, 151830, 150577, 151369, 153009, 152236] | memory = [26681, 26619, 26975, 26786, 26984, 23785, 21894, 21626]
>>>> [CONFIG: target(6), prim(dec_op)]
|151939.76|26994.00| op = [780, 796, 803, 815, 838, 851, 872, 904]| tp = [1, 1, 1, 1, 1, 1, 1, 1, ] | dp = [1, 1, 1, 1, 1, 1, 1, 1, ] | algo = [0, 0, 0, 0, 0, 0, 0, 0, ] | rc = [222, 214, 200, 180, 152, 132, 102, 0] | gpus = [1, 1, 1, 1, 1, 1, 1, 1] | micro_bs = 1 | time = [150645, 151776, 151535, 151335, 151416, 151938, 151933, 151939] | memory = [26779, 26972, 26888, 26994, 26856, 23802, 22056, 21615]
>>>> [CONFIG: target(7), prim(inc_mbs)]
|125641.48|26998.88| op = [780, 796, 803, 815, 838, 851, 872, 904]| tp = [1, 1, 1, 1, 1, 1, 1, 1, ] | dp = [1, 1, 1, 1, 1, 1, 1, 1, ] | algo = [0, 0, 0, 0, 0, 0, 0, 0, ] | rc = [440, 402, 358, 274, 244, 224, 174, 128] | gpus = [1, 1, 1, 1, 1, 1, 1, 1] | micro_bs = 2 | time = [124870, 124925, 124097, 124141, 124984, 125113, 121531, 125641] | memory = [26631, 26984, 26998, 26967, 26920, 26788, 26972, 21050]
>>>> [CONFIG: target(7), prim(dec_op)]
|125113.80|26998.88| op = [780, 796, 803, 815, 838, 851, 885, 891]| tp = [1, 1, 1, 1, 1, 1, 1, 1, ] | dp = [1, 1, 1, 1, 1, 1, 1, 1, ] | algo = [0, 0, 0, 0, 0, 0, 0, 0, ] | rc = [440, 402, 358, 274, 244, 224, 176, 122] | gpus = [1, 1, 1, 1, 1, 1, 1, 1] | micro_bs = 2 | time = [124870, 124925, 124097, 124140, 124984, 125113, 123590, 123546] | memory = [26631, 26984, 26998, 26967, 26920, 26788, 26980, 21374]
>>>> [CONFIG: target(5), prim(dec_op)]
|124928.80|26998.88| op = [780, 796, 803, 815, 834, 851, 885, 895]| tp = [1, 1, 1, 1, 1, 1, 1, 1, ] | dp = [1, 1, 1, 1, 1, 1, 1, 1, ] | algo = [0, 0, 0, 0, 0, 0, 0, 0, ] | rc = [440, 402, 358, 274, 244, 222, 179, 126] | gpus = [1, 1, 1, 1, 1, 1, 1, 1] | micro_bs = 2 | time = [124873, 124928, 124100, 124144, 124785, 124729, 124530, 124767] | memory = [26631, 26984, 26998, 26967, 26783, 26902, 26968, 21236]
>>>> [CONFIG: target(1), prim(inc_mbs)]
|107244.35|26996.66| op = [780, 796, 803, 815, 834, 851, 885, 895]| tp = [1, 1, 1, 1, 1, 1, 1, 1, ] | dp = [1, 1, 1, 1, 1, 1, 1, 1, ] | algo = [0, 0, 0, 0, 0, 0, 0, 0, ] | rc = [774, 748, 741, 690, 617, 422, 275, 212] | gpus = [1, 1, 1, 1, 1, 1, 1, 1] | micro_bs = 4 | time = [103731, 104578, 105525, 106346, 107244, 105716, 107105, 107243] | memory = [12664, 24132, 24640, 26496, 26315, 26944, 26992, 26996]

[ Trial 5 ] |107244.35|26996.66| op = [780, 796, 803, 815, 834, 851, 885, 895]| tp = [1, 1, 1, 1, 1, 1, 1, 1, ] | dp = [1, 1, 1, 1, 1, 1, 1, 1, ] | algo = [0, 0, 0, 0, 0, 0, 0, 0, ] | rc = [774, 748, 741, 690, 617, 422, 275, 212] | gpus = [1, 1, 1, 1, 1, 1, 1, 1] | micro_bs = 4 | time = [103731, 104578, 105525, 106346, 107244, 105716, 107105, 107243] | memory = [12664, 24132, 24640, 26496, 26315, 26944, 26992, 26996]
>>>> [CONFIG: target(4), prim(inc_mbs)]
|112680.32|26973.33| op = [780, 796, 803, 815, 834, 851, 885, 895]| tp = [1, 1, 1, 1, 1, 1, 1, 1, ] | dp = [1, 1, 1, 1, 1, 1, 1, 1, ] | algo = [0, 0, 0, 0, 0, 0, 0, 0, ] | rc = [778, 796, 803, 815, 769, 686, 735, 440] | gpus = [1, 1, 1, 1, 1, 1, 1, 1] | micro_bs = 8 | time = [99970, 101654, 102854, 104321, 105862, 107118, 111252, 112680] | memory = [19601, 18444, 16756, 15360, 22096, 26222, 26349, 26973]
>>>> [CONFIG: target(7), prim(dec_op)]
|108580.33|26998.75| op = [780, 826, 832, 832, 831, 855, 849, 854]| tp = [1, 1, 1, 1, 1, 1, 1, 1, ] | dp = [1, 1, 1, 1, 1, 1, 1, 1, ] | algo = [0, 0, 0, 0, 0, 0, 0, 0, ] | rc = [778, 826, 832, 832, 831, 851, 607, 388] | gpus = [1, 1, 1, 1, 1, 1, 1, 1] | micro_bs = 8 | time = [99968, 105823, 106133, 106133, 106169, 108580, 106031, 106568] | memory = [19601, 18652, 17104, 15520, 18480, 14992, 26998, 26948]
>>>> [CONFIG: target(5), prim(dec_op)]
|106537.22|26984.58| op = [800, 832, 832, 832, 831, 831, 851, 850]| tp = [1, 1, 1, 1, 1, 1, 1, 1, ] | dp = [1, 1, 1, 1, 1, 1, 1, 1, ] | algo = [0, 0, 0, 0, 0, 0, 0, 0, ] | rc = [798, 832, 832, 832, 831, 811, 668, 384] | gpus = [1, 1, 1, 1, 1, 1, 1, 1] | micro_bs = 8 | time = [102781, 106138, 106138, 106138, 106174, 105927, 106537, 106251] | memory = [20045, 18688, 17104, 15520, 18480, 18448, 26596, 26984]

[ Trial 6 ] |106537.22|26984.58| op = [800, 832, 832, 832, 831, 831, 851, 850]| tp = [1, 1, 1, 1, 1, 1, 1, 1, ] | dp = [1, 1, 1, 1, 1, 1, 1, 1, ] | algo = [0, 0, 0, 0, 0, 0, 0, 0, ] | rc = [798, 832, 832, 832, 831, 811, 668, 384] | gpus = [1, 1, 1, 1, 1, 1, 1, 1] | micro_bs = 8 | time = [102781, 106138, 106138, 106138, 106174, 105927, 106537, 106251] | memory = [20045, 18688, 17104, 15520, 18480, 18448, 26596, 26984]
>>>> [CONFIG: target(6), prim(dec_op)]
|106122.68|26992.45| op = [813, 819, 832, 832, 832, 832, 853, 846]| tp = [1, 1, 1, 1, 1, 1, 1, 1, ] | dp = [1, 1, 1, 1, 1, 1, 1, 1, ] | algo = [0, 0, 0, 0, 0, 0, 0, 0, ] | rc = [811, 819, 832, 832, 832, 781, 619, 378] | gpus = [1, 1, 1, 1, 1, 1, 1, 1] | micro_bs = 8 | time = [104325, 104563, 106122, 106122, 106122, 105188, 105379, 106105] | memory = [20285, 18472, 17104, 15520, 13936, 24592, 26953, 26992]

[ Trial 7 ] |106122.68|26992.45| op = [813, 819, 832, 832, 832, 832, 853, 846]| tp = [1, 1, 1, 1, 1, 1, 1, 1, ] | dp = [1, 1, 1, 1, 1, 1, 1, 1, ] | algo = [0, 0, 0, 0, 0, 0, 0, 0, ] | rc = [811, 819, 832, 832, 832, 781, 619, 378] | gpus = [1, 1, 1, 1, 1, 1, 1, 1] | micro_bs = 8 | time = [104325, 104563, 106122, 106122, 106122, 105188, 105379, 106105] | memory = [20285, 18472, 17104, 15520, 13936, 24592, 26953, 26992]
>>>> [CONFIG: target(2), prim(dec_op)]
|106122.95|26992.45| op = [813, 828, 823, 832, 832, 832, 853, 846]| tp = [1, 1, 1, 1, 1, 1, 1, 1, ] | dp = [1, 1, 1, 1, 1, 1, 1, 1, ] | algo = [0, 0, 0, 0, 0, 0, 0, 0, ] | rc = [811, 828, 823, 832, 832, 781, 619, 378] | gpus = [1, 1, 1, 1, 1, 1, 1, 1] | micro_bs = 8 | time = [104325, 105070, 105650, 106122, 106122, 105188, 105380, 106106] | memory = [20285, 18912, 17104, 15520, 13936, 24592, 26953, 26992]
>>>> [CONFIG: target(3), prim(dec_mbs)]
|108672.84|26968.16| op = [813, 828, 823, 832, 832, 832, 853, 846]| tp = [1, 1, 1, 1, 1, 1, 1, 1, ] | dp = [1, 1, 1, 1, 1, 1, 1, 1, ] | algo = [0, 0, 0, 0, 0, 0, 0, 0, ] | rc = [811, 798, 760, 686, 568, 404, 254, 192] | gpus = [1, 1, 1, 1, 1, 1, 1, 1] | micro_bs = 4 | time = [108470, 108672, 108482, 107979, 106446, 103335, 101700, 100941] | memory = [11844, 19392, 25132, 26210, 25064, 26963, 26852, 26968]
>>>> [CONFIG: target(1), prim(dec_op)]
|108667.01|26968.16| op = [813, 828, 813, 820, 850, 836, 853, 846]| tp = [1, 1, 1, 1, 1, 1, 1, 1, ] | dp = [1, 1, 1, 1, 1, 1, 1, 1, ] | algo = [0, 0, 0, 0, 0, 0, 0, 0, ] | rc = [811, 798, 751, 694, 474, 409, 254, 192] | gpus = [1, 1, 1, 1, 1, 1, 1, 1] | micro_bs = 4 | time = [108464, 108667, 106953, 106715, 106582, 104479, 101694, 100935] | memory = [11844, 19392, 24776, 26844, 26932, 26963, 26852, 26968]
>>>> [CONFIG: target(1), prim(dec_mbs)]
|131583.70|26975.53| op = [813, 828, 813, 820, 850, 836, 853, 846]| tp = [1, 1, 1, 1, 1, 1, 1, 1, ] | dp = [1, 1, 1, 1, 1, 1, 1, 1, ] | algo = [0, 0, 0, 0, 0, 0, 0, 0, ] | rc = [499, 429, 368, 282, 250, 218, 164, 104] | gpus = [1, 1, 1, 1, 1, 1, 1, 1] | micro_bs = 2 | time = [131583, 130131, 125953, 124690, 127184, 122782, 117899, 116890] | memory = [26015, 26959, 26967, 26975, 26788, 26855, 26972, 22268]
>>>> [CONFIG: target(0), prim(dec_op)]
|131583.35|26995.34| op = [813, 815, 826, 820, 850, 836, 853, 846]| tp = [1, 1, 1, 1, 1, 1, 1, 1, ] | dp = [1, 1, 1, 1, 1, 1, 1, 1, ] | algo = [0, 0, 0, 0, 0, 0, 0, 0, ] | rc = [499, 417, 382, 282, 250, 218, 164, 104] | gpus = [1, 1, 1, 1, 1, 1, 1, 1] | micro_bs = 2 | time = [131583, 127806, 128097, 124689, 127183, 122782, 117899, 116890] | memory = [26015, 26995, 26991, 26975, 26788, 26855, 26972, 22268]
>>>> [CONFIG: target(0), prim(inc_mbs)]
|108604.23|26968.16| op = [813, 815, 826, 820, 850, 836, 853, 846]| tp = [1, 1, 1, 1, 1, 1, 1, 1, ] | dp = [1, 1, 1, 1, 1, 1, 1, 1, ] | algo = [0, 0, 0, 0, 0, 0, 0, 0, ] | rc = [811, 778, 763, 694, 474, 409, 254, 192] | gpus = [1, 1, 1, 1, 1, 1, 1, 1] | micro_bs = 4 | time = [108464, 106841, 108604, 106714, 106582, 104479, 101694, 100935] | memory = [11844, 21220, 25136, 26844, 26932, 26963, 26852, 26968]
>>>> [CONFIG: target(2), prim(dec_op)]
|106059.58|26992.86| op = [796, 801, 811, 813, 825, 847, 882, 884]| tp = [1, 1, 1, 1, 1, 1, 1, 1, ] | dp = [1, 1, 1, 1, 1, 1, 1, 1, ] | algo = [0, 0, 0, 0, 0, 0, 0, 0, ] | rc = [794, 755, 571, 647, 602, 417, 272, 212] | gpus = [1, 1, 1, 1, 1, 1, 1, 1] | micro_bs = 4 | time = [105710, 105751, 104384, 105631, 105782, 105896, 106059, 105795] | memory = [11828, 23664, 26085, 26361, 26327, 26976, 26992, 26972]

[ Trial 8 ] |106059.58|26992.86| op = [796, 801, 811, 813, 825, 847, 882, 884]| tp = [1, 1, 1, 1, 1, 1, 1, 1, ] | dp = [1, 1, 1, 1, 1, 1, 1, 1, ] | algo = [0, 0, 0, 0, 0, 0, 0, 0, ] | rc = [794, 755, 571, 647, 602, 417, 272, 212] | gpus = [1, 1, 1, 1, 1, 1, 1, 1] | micro_bs = 4 | time = [105710, 105751, 104384, 105631, 105782, 105896, 106059, 105795] | memory = [11828, 23664, 26085, 26361, 26327, 26976, 26992, 26972]
>>>> [CONFIG: target(6), prim(inc_mbs)]
|110981.74|26973.08| op = [796, 801, 811, 813, 825, 847, 882, 884]| tp = [1, 1, 1, 1, 1, 1, 1, 1, ] | dp = [1, 1, 1, 1, 1, 1, 1, 1, ] | algo = [0, 0, 0, 0, 0, 0, 0, 0, ] | rc = [794, 801, 771, 813, 762, 804, 737, 420] | gpus = [1, 1, 1, 1, 1, 1, 1, 1] | micro_bs = 8 | time = [101723, 102752, 103118, 104199, 104584, 107692, 110279, 110981] | memory = [20301, 18620, 25052, 15348, 21884, 22840, 26316, 26973]
>>>> [CONFIG: target(7), prim(dec_op)]
|107199.66|26948.70| op = [796, 813, 833, 830, 843, 843, 847, 854]| tp = [1, 1, 1, 1, 1, 1, 1, 1, ] | dp = [1, 1, 1, 1, 1, 1, 1, 1, ] | algo = [0, 0, 0, 0, 0, 0, 0, 0, ] | rc = [794, 813, 795, 766, 778, 798, 655, 388] | gpus = [1, 1, 1, 1, 1, 1, 1, 1] | micro_bs = 8 | time = [101714, 104189, 105995, 105624, 107199, 106560, 106224, 106558] | memory = [20301, 18485, 24704, 25784, 22028, 23224, 26673, 26948]
>>>> [CONFIG: target(4), prim(dec_mbs)]
|109750.99|26996.29| op = [796, 813, 833, 830, 843, 843, 847, 854]| tp = [1, 1, 1, 1, 1, 1, 1, 1, ] | dp = [1, 1, 1, 1, 1, 1, 1, 1, ] | algo = [0, 0, 0, 0, 0, 0, 0, 0, ] | rc = [794, 770, 769, 502, 633, 412, 260, 186] | gpus = [1, 1, 1, 1, 1, 1, 1, 1] | micro_bs = 4 | time = [105713, 107371, 109750, 105874, 108743, 104749, 102287, 101273] | memory = [11828, 22772, 16272, 26951, 26182, 26976, 26976, 26996]
>>>> [CONFIG: target(2), prim(dec_op)]
|105853.69|26980.47| op = [796, 801, 811, 814, 831, 849, 880, 877]| tp = [1, 1, 1, 1, 1, 1, 1, 1, ] | dp = [1, 1, 1, 1, 1, 1, 1, 1, ] | algo = [0, 0, 0, 0, 0, 0, 0, 0, ] | rc = [794, 755, 571, 654, 457, 419, 268, 204] | gpus = [1, 1, 1, 1, 1, 1, 1, 1] | micro_bs = 4 | time = [105697, 105738, 104372, 105819, 104358, 105386, 105853, 104502] | memory = [11828, 23664, 26085, 26376, 26951, 26972, 26904, 26980]

[ Trial 9 ] |105853.69|26980.47| op = [796, 801, 811, 814, 831, 849, 880, 877]| tp = [1, 1, 1, 1, 1, 1, 1, 1, ] | dp = [1, 1, 1, 1, 1, 1, 1, 1, ] | algo = [0, 0, 0, 0, 0, 0, 0, 0, ] | rc = [794, 755, 571, 654, 457, 419, 268, 204] | gpus = [1, 1, 1, 1, 1, 1, 1, 1] | micro_bs = 4 | time = [105697, 105738, 104372, 105819, 104358, 105386, 105853, 104502] | memory = [11828, 23664, 26085, 26376, 26951, 26972, 26904, 26980]
>>>> [CONFIG: target(6), prim(dec_op)]
|105821.82|26988.53| op = [796, 801, 811, 814, 831, 849, 875, 882]| tp = [1, 1, 1, 1, 1, 1, 1, 1, ] | dp = [1, 1, 1, 1, 1, 1, 1, 1, ] | algo = [0, 0, 0, 0, 0, 0, 0, 0, ] | rc = [794, 755, 571, 654, 457, 419, 266, 210] | gpus = [1, 1, 1, 1, 1, 1, 1, 1] | micro_bs = 4 | time = [105700, 105741, 104375, 105821, 104361, 105389, 105449, 105626] | memory = [11828, 23664, 26085, 26376, 26951, 26972, 26828, 26988]

num_targets: [1, 1, 1, 1, 1, 1, 1, 1, 1, 1]
num_hops: [3, 1, 1, 1, 7, 3, 1, 7, 4, 1]
search time = 200.27 s.  [0, 7, 9, 12, 15, 22, 29, 32, 68, 103, 104, 205] 
num_explored_cases = 1360
time trend: [161360, 134884, 125493, 124872, 124709, 107244, 106537, 106122, 106059, 105853, 105821, 105821]

working on num_stages = 4
config has been saved to /home/liminglong.lml/sxz/SuperScaler/logs-large/aceso/configs/scale-layer/512layers/scale-layer_512layers_4stages_2026-5-16-3-22-42.json

========== Best Result (num_stages = 4) ==========
|107664.02|26972.54| op = [1628, 1638, 1672, 1721]| tp = [1, 1, 1, 1, ] | dp = [2, 2, 2, 2, ] | algo = [0, 0, 0, 0, ] | rc = [1626, 1558, 1257, 758] | gpus = [2, 2, 2, 2] | micro_bs = 8 | time = [107662, 107483, 107465, 107664] | memory = [14868, 22616, 26739, 26972]
start|468923.63|26987.49| op = [1664, 1664, 1664, 1667]| tp = [2, 2, 2, 2, ] | dp = [1, 1, 1, 1, ] | algo = [0, 0, 0, 0, ] | rc = [358, 256, 204, 0] | gpus = [2, 2, 2, 2] | micro_bs = 1 | time = [468923, 461546, 457833, 446748] | memory = [26987, 25824, 22136, 20534]

[ Trial 0 ] |468923.63|26987.49| op = [1664, 1664, 1664, 1667]| tp = [2, 2, 2, 2, ] | dp = [1, 1, 1, 1, ] | algo = [0, 0, 0, 0, ] | rc = [358, 256, 204, 0] | gpus = [2, 2, 2, 2] | micro_bs = 1 | time = [468923, 461546, 457833, 446748] | memory = [26987, 25824, 22136, 20534]
>>>> [CONFIG: target(0), prim(dec_op)]
|459495.79|26988.92| op = [1632, 1656, 1665, 1706]| tp = [2, 2, 2, 2, ] | dp = [1, 1, 1, 1, ] | algo = [0, 0, 0, 0, ] | rc = [348, 254, 204, 0] | gpus = [2, 2, 2, 2] | micro_bs = 1 | time = [459355, 459495, 458481, 457085] | memory = [26988, 25676, 22153, 21005]

[ Trial 1 ] |459495.79|26988.92| op = [1632, 1656, 1665, 1706]| tp = [2, 2, 2, 2, ] | dp = [1, 1, 1, 1, ] | algo = [0, 0, 0, 0, ] | rc = [348, 254, 204, 0] | gpus = [2, 2, 2, 2] | micro_bs = 1 | time = [459355, 459495, 458481, 457085] | memory = [26988, 25676, 22153, 21005]
>>>> [CONFIG: target(1), prim(dec_op)]
|459400.43|26988.92| op = [1632, 1655, 1665, 1707]| tp = [2, 2, 2, 2, ] | dp = [1, 1, 1, 1, ] | algo = [0, 0, 0, 0, ] | rc = [348, 254, 204, 0] | gpus = [2, 2, 2, 2] | micro_bs = 1 | time = [459355, 459400, 458131, 457734] | memory = [26988, 25664, 22148, 21018]

[ Trial 2 ] |459400.43|26988.92| op = [1632, 1655, 1665, 1707]| tp = [2, 2, 2, 2, ] | dp = [1, 1, 1, 1, ] | algo = [0, 0, 0, 0, ] | rc = [348, 254, 204, 0] | gpus = [2, 2, 2, 2] | micro_bs = 1 | time = [459355, 459400, 458131, 457734] | memory = [26988, 25664, 22148, 21018]
>>>> [CONFIG: target(1), prim(dec_op)]
|459355.30|26988.92| op = [1632, 1654, 1664, 1709]| tp = [2, 2, 2, 2, ] | dp = [1, 1, 1, 1, ] | algo = [0, 0, 0, 0, ] | rc = [348, 254, 204, 0] | gpus = [2, 2, 2, 2] | micro_bs = 1 | time = [459355, 458754, 457832, 458272] | memory = [26988, 25643, 22136, 21033]

[ Trial 3 ] |459355.30|26988.92| op = [1632, 1654, 1664, 1709]| tp = [2, 2, 2, 2, ] | dp = [1, 1, 1, 1, ] | algo = [0, 0, 0, 0, ] | rc = [348, 254, 204, 0] | gpus = [2, 2, 2, 2] | micro_bs = 1 | time = [459355, 458754, 457832, 458272] | memory = [26988, 25643, 22136, 21033]
>>>> [CONFIG: target(0), prim(dec_op)]
|458863.82|26984.92| op = [1629, 1654, 1667, 1709]| tp = [2, 2, 2, 2, ] | dp = [1, 1, 1, 1, ] | algo = [0, 0, 0, 0, ] | rc = [346, 256, 204, 0] | gpus = [2, 2, 2, 2] | micro_bs = 1 | time = [458863, 458676, 458630, 458272] | memory = [26984, 25719, 22150, 21033]

[ Trial 4 ] |458863.82|26984.92| op = [1629, 1654, 1667, 1709]| tp = [2, 2, 2, 2, ] | dp = [1, 1, 1, 1, ] | algo = [0, 0, 0, 0, ] | rc = [346, 256, 204, 0] | gpus = [2, 2, 2, 2] | micro_bs = 1 | time = [458863, 458676, 458630, 458272] | memory = [26984, 25719, 22150, 21033]
>>>> [CONFIG: target(0), prim(inc_tp)]
|688100.34|26994.72| op = [1629, 1654, 1667, 1709]| tp = [4, 2, 1, 1, ] | dp = [1, 1, 1, 1, ] | algo = [0, 0, 0, 0, ] | rc = [1037, 256, 354, 262] | gpus = [4, 2, 1, 1] | micro_bs = 1 | time = [688100, 458605, 306448, 307915] | memory = [26543, 25719, 26994, 21497]
>>>> [CONFIG: target(0), prim(dec_op)]
|395070.48|26999.61| op = [1172, 1398, 2048, 2041]| tp = [4, 2, 1, 1, ] | dp = [1, 1, 1, 1, ] | algo = [0, 0, 0, 0, ] | rc = [12, 216, 532, 314] | gpus = [4, 2, 1, 1] | micro_bs = 1 | time = [395070, 387919, 386295, 366446] | memory = [26993, 21733, 26999, 25479]

[ Trial 5 ] |395070.48|26999.61| op = [1172, 1398, 2048, 2041]| tp = [4, 2, 1, 1, ] | dp = [1, 1, 1, 1, ] | algo = [0, 0, 0, 0, ] | rc = [12, 216, 532, 314] | gpus = [4, 2, 1, 1] | micro_bs = 1 | time = [395070, 387919, 386295, 366446] | memory = [26993, 21733, 26999, 25479]
>>>> [CONFIG: target(0), prim(dec_tp)]
|468975.52|26999.61| op = [1172, 1398, 2048, 2041]| tp = [2, 4, 1, 1, ] | dp = [1, 1, 1, 1, ] | algo = [0, 0, 0, 0, ] | rc = [180, 0, 532, 314] | gpus = [2, 4, 1, 1] | micro_bs = 1 | time = [325660, 468975, 386307, 366458] | memory = [23656, 24760, 26999, 25479]
>>>> [CONFIG: target(1), prim(inc_mbs)]
|315026.24|26999.06| op = [1172, 1398, 2048, 2041]| tp = [1, 2, 1, 1, ] | dp = [2, 2, 1, 1, ] | algo = [0, 0, 0, 0, ] | rc = [300, 216, 984, 560] | gpus = [2, 4, 1, 1] | micro_bs = 2 | time = [111878, 194818, 315026, 302621] | memory = [26927, 21733, 26999, 26992]

[ Trial 6 ] |315026.24|26999.06| op = [1172, 1398, 2048, 2041]| tp = [1, 2, 1, 1, ] | dp = [2, 2, 1, 1, ] | algo = [0, 0, 0, 0, ] | rc = [300, 216, 984, 560] | gpus = [2, 4, 1, 1] | micro_bs = 2 | time = [111878, 194818, 315026, 302621] | memory = [26927, 21733, 26999, 26992]
>>>> [CONFIG: target(2), prim(inc_dp)]
|193415.58|26999.61| op = [1172, 1398, 2048, 2041]| tp = [1, 1, 1, 1, ] | dp = [2, 2, 2, 2, ] | algo = [0, 0, 0, 0, ] | rc = [300, 342, 532, 314] | gpus = [2, 2, 2, 2] | micro_bs = 2 | time = [111287, 131559, 193415, 183500] | memory = [26927, 26903, 26999, 25479]

[ Trial 7 ] |193415.58|26999.61| op = [1172, 1398, 2048, 2041]| tp = [1, 1, 1, 1, ] | dp = [2, 2, 2, 2, ] | algo = [0, 0, 0, 0, ] | rc = [300, 342, 532, 314] | gpus = [2, 2, 2, 2] | micro_bs = 2 | time = [111287, 131559, 193415, 183500] | memory = [26927, 26903, 26999, 25479]
>>>> [CONFIG: target(2), prim(dec_op)]
|183500.82|26993.84| op = [1240, 1672, 1706, 2041]| tp = [1, 1, 1, 1, ] | dp = [2, 2, 2, 2, ] | algo = [0, 0, 0, 0, ] | rc = [330, 466, 376, 314] | gpus = [2, 2, 2, 2] | micro_bs = 2 | time = [118583, 160022, 157653, 183500] | memory = [26971, 26993, 26985, 25479]

[ Trial 8 ] |183500.82|26993.84| op = [1240, 1672, 1706, 2041]| tp = [1, 1, 1, 1, ] | dp = [2, 2, 2, 2, ] | algo = [0, 0, 0, 0, ] | rc = [330, 466, 376, 314] | gpus = [2, 2, 2, 2] | micro_bs = 2 | time = [118583, 160022, 157653, 183500] | memory = [26971, 26993, 26985, 25479]
>>>> [CONFIG: target(3), prim(dec_op)]
|164483.89|26994.42| op = [1462, 1659, 1711, 1827]| tp = [1, 1, 1, 1, ] | dp = [2, 2, 2, 2, ] | algo = [0, 0, 0, 0, ] | rc = [431, 456, 380, 280] | gpus = [2, 2, 2, 2] | micro_bs = 2 | time = [141869, 158499, 158364, 164483] | memory = [26955, 26882, 26994, 22901]

[ Trial 9 ] |164483.89|26994.42| op = [1462, 1659, 1711, 1827]| tp = [1, 1, 1, 1, ] | dp = [2, 2, 2, 2, ] | algo = [0, 0, 0, 0, ] | rc = [431, 456, 380, 280] | gpus = [2, 2, 2, 2] | micro_bs = 2 | time = [141869, 158499, 158364, 164483] | memory = [26955, 26882, 26994, 22901]
>>>> [CONFIG: target(3), prim(dec_op)]
|164482.74|26995.14| op = [1535, 1586, 1711, 1827]| tp = [1, 1, 1, 1, ] | dp = [2, 2, 2, 2, ] | algo = [0, 0, 0, 0, ] | rc = [460, 428, 380, 280] | gpus = [2, 2, 2, 2] | micro_bs = 2 | time = [148870, 150905, 158363, 164482] | memory = [26995, 26985, 26994, 22901]

[ Trial 10 ] |164482.74|26995.14| op = [1535, 1586, 1711, 1827]| tp = [1, 1, 1, 1, ] | dp = [2, 2, 2, 2, ] | algo = [0, 0, 0, 0, ] | rc = [460, 428, 380, 280] | gpus = [2, 2, 2, 2] | micro_bs = 2 | time = [148870, 150905, 158363, 164482] | memory = [26995, 26985, 26994, 22901]
>>>> [CONFIG: target(3), prim(dec_op)]
|156280.55|26970.32| op = [1604, 1634, 1689, 1732]| tp = [1, 1, 1, 1, ] | dp = [2, 2, 2, 2, ] | algo = [0, 0, 0, 0, ] | rc = [488, 446, 366, 266] | gpus = [2, 2, 2, 2] | micro_bs = 2 | time = [156268, 155985, 155904, 156280] | memory = [26855, 26930, 26970, 21755]

[ Trial 11 ] |156280.55|26970.32| op = [1604, 1634, 1689, 1732]| tp = [1, 1, 1, 1, ] | dp = [2, 2, 2, 2, ] | algo = [0, 0, 0, 0, ] | rc = [488, 446, 366, 266] | gpus = [2, 2, 2, 2] | micro_bs = 2 | time = [156268, 155985, 155904, 156280] | memory = [26855, 26930, 26970, 21755]
>>>> [CONFIG: target(3), prim(inc_mbs)]
|130812.95|26986.33| op = [1604, 1634, 1689, 1732]| tp = [1, 1, 1, 1, ] | dp = [2, 2, 2, 2, ] | algo = [0, 0, 0, 0, ] | rc = [1110, 847, 534, 414] | gpus = [2, 2, 2, 2] | micro_bs = 4 | time = [130812, 128692, 127643, 126524] | memory = [26302, 26975, 26984, 26986]

[ Trial 12 ] |130812.95|26986.33| op = [1604, 1634, 1689, 1732]| tp = [1, 1, 1, 1, ] | dp = [2, 2, 2, 2, ] | algo = [0, 0, 0, 0, ] | rc = [1110, 847, 534, 414] | gpus = [2, 2, 2, 2] | micro_bs = 4 | time = [130812, 128692, 127643, 126524] | memory = [26302, 26975, 26984, 26986]
>>>> [CONFIG: target(0), prim(dec_op)]
|129111.45|26990.13| op = [1584, 1651, 1692, 1732]| tp = [1, 1, 1, 1, ] | dp = [2, 2, 2, 2, ] | algo = [0, 0, 0, 0, ] | rc = [1097, 830, 540, 414] | gpus = [2, 2, 2, 2] | micro_bs = 4 | time = [129111, 128513, 127840, 126517] | memory = [26009, 26953, 26990, 26986]

[ Trial 13 ] |129111.45|26990.13| op = [1584, 1651, 1692, 1732]| tp = [1, 1, 1, 1, ] | dp = [2, 2, 2, 2, ] | algo = [0, 0, 0, 0, ] | rc = [1097, 830, 540, 414] | gpus = [2, 2, 2, 2] | micro_bs = 4 | time = [129111, 128513, 127840, 126517] | memory = [26009, 26953, 26990, 26986]
>>>> [CONFIG: target(0), prim(dec_mbs)]
|157694.04|26998.33| op = [1584, 1651, 1692, 1732]| tp = [1, 1, 1, 1, ] | dp = [2, 2, 2, 2, ] | algo = [0, 0, 0, 0, ] | rc = [482, 452, 370, 266] | gpus = [2, 2, 2, 2] | micro_bs = 2 | time = [154108, 157694, 156199, 156280] | memory = [26981, 26962, 26998, 21755]
>>>> [CONFIG: target(1), prim(dec_op)]
|156171.65|26990.35| op = [1601, 1636, 1692, 1730]| tp = [1, 1, 1, 1, ] | dp = [2, 2, 2, 2, ] | algo = [0, 0, 0, 0, ] | rc = [486, 446, 366, 266] | gpus = [2, 2, 2, 2] | micro_bs = 2 | time = [155687, 156171, 156094, 156169] | memory = [26817, 26953, 26990, 21750]
>>>> [CONFIG: target(1), prim(inc_tp)]
|253746.48|26992.30| op = [1601, 1636, 1692, 1730]| tp = [1, 2, 1, 1, ] | dp = [2, 2, 1, 1, ] | algo = [0, 0, 0, 0, ] | rc = [486, 252, 536, 412] | gpus = [2, 4, 1, 1] | micro_bs = 2 | time = [156201, 227687, 253746, 251144] | memory = [26817, 25407, 26992, 26992]
>>>> [CONFIG: target(2), prim(dec_op)]
|220784.63|26993.95| op = [2074, 1570, 1470, 1545]| tp = [1, 2, 1, 1, ] | dp = [2, 2, 1, 1, ] | algo = [0, 0, 0, 0, ] | rc = [1018, 240, 433, 336] | gpus = [2, 4, 1, 1] | micro_bs = 2 | time = [213229, 218579, 218743, 220784] | memory = [26993, 24410, 26988, 26985]
>>>> [CONFIG: target(3), prim(inc_mbs)]
|188894.31|26986.86| op = [2074, 1570, 1470, 1545]| tp = [1, 1, 1, 1, ] | dp = [2, 4, 1, 1, ] | algo = [0, 0, 0, 0, ] | rc = [1913, 416, 1018, 548] | gpus = [2, 4, 1, 1] | micro_bs = 4 | time = [175414, 76288, 185571, 188894] | memory = [26125, 26889, 25294, 26986]
>>>> [CONFIG: target(3), prim(inc_mbs)]
|192383.23|26970.41| op = [2074, 1570, 1470, 1545]| tp = [1, 1, 1, 1, ] | dp = [2, 4, 1, 1, ] | algo = [0, 0, 0, 0, ] | rc = [2072, 785, 1470, 1425] | gpus = [2, 4, 1, 1] | micro_bs = 8 | time = [137646, 64576, 181464, 192383] | memory = [18068, 26970, 16464, 26652]
>>>> [CONFIG: target(3), prim(dec_op)]
|124163.41|26975.33| op = [1862, 2785, 1013, 999]| tp = [1, 1, 1, 1, ] | dp = [2, 4, 1, 1, ] | algo = [0, 0, 0, 0, ] | rc = [1860, 2785, 934, 536] | gpus = [2, 4, 1, 1] | micro_bs = 8 | time = [123129, 121005, 124163, 123364] | memory = [16596, 16812, 25512, 26975]

[ Trial 14 ] |124163.41|26975.33| op = [1862, 2785, 1013, 999]| tp = [1, 1, 1, 1, ] | dp = [2, 4, 1, 1, ] | algo = [0, 0, 0, 0, ] | rc = [1860, 2785, 934, 536] | gpus = [2, 4, 1, 1] | micro_bs = 8 | time = [123129, 121005, 124163, 123364] | memory = [16596, 16812, 25512, 26975]
>>>> [CONFIG: target(2), prim(dec_op)]
|122007.93|26979.20| op = [1842, 2830, 995, 992]| tp = [1, 1, 1, 1, ] | dp = [2, 4, 1, 1, ] | algo = [0, 0, 0, 0, ] | rc = [1840, 2612, 919, 521] | gpus = [2, 4, 1, 1] | micro_bs = 8 | time = [122007, 121104, 121997, 121945] | memory = [16360, 21355, 25116, 26979]

[ Trial 15 ] |122007.93|26979.20| op = [1842, 2830, 995, 992]| tp = [1, 1, 1, 1, ] | dp = [2, 4, 1, 1, ] | algo = [0, 0, 0, 0, ] | rc = [1840, 2612, 919, 521] | gpus = [2, 4, 1, 1] | micro_bs = 8 | time = [122007, 121104, 121997, 121945] | memory = [16360, 21355, 25116, 26979]
>>>> [CONFIG: target(0), prim(dec_op)]
|122001.29|26979.20| op = [1842, 2832, 993, 992]| tp = [1, 1, 1, 1, ] | dp = [2, 4, 1, 1, ] | algo = [0, 0, 0, 0, ] | rc = [1840, 2614, 898, 521] | gpus = [2, 4, 1, 1] | micro_bs = 8 | time = [122001, 121197, 121048, 121938] | memory = [16360, 21367, 25308, 26979]

[ Trial 16 ] |122001.29|26979.20| op = [1842, 2832, 993, 992]| tp = [1, 1, 1, 1, ] | dp = [2, 4, 1, 1, ] | algo = [0, 0, 0, 0, ] | rc = [1840, 2614, 898, 521] | gpus = [2, 4, 1, 1] | micro_bs = 8 | time = [122001, 121197, 121048, 121938] | memory = [16360, 21367, 25308, 26979]
>>>> [CONFIG: target(0), prim(inc_dp)]
|185230.64|26979.20| op = [1842, 2832, 993, 992]| tp = [1, 1, 1, 1, ] | dp = [4, 2, 1, 1, ] | algo = [0, 0, 0, 0, ] | rc = [1596, 2780, 898, 521] | gpus = [4, 2, 1, 1] | micro_bs = 8 | time = [79654, 185230, 121216, 122106] | memory = [26015, 23119, 25308, 26979]
>>>> [CONFIG: target(1), prim(dec_op)]
|122941.45|26979.20| op = [2815, 1859, 993, 992]| tp = [1, 1, 1, 1, ] | dp = [4, 2, 1, 1, ] | algo = [0, 0, 0, 0, ] | rc = [2813, 1859, 898, 521] | gpus = [4, 2, 1, 1] | micro_bs = 8 | time = [122205, 122941, 121063, 121953] | memory = [17877, 14348, 25308, 26979]
>>>> [CONFIG: target(1), prim(inc_dp)]
|184603.84|26979.20| op = [2815, 1859, 993, 992]| tp = [1, 1, 1, 1, ] | dp = [2, 4, 1, 1, ] | algo = [0, 0, 0, 0, ] | rc = [2813, 1201, 898, 521] | gpus = [2, 4, 1, 1] | micro_bs = 8 | time = [184603, 77485, 121194, 122085] | memory = [23609, 25783, 25308, 26979]
>>>> [CONFIG: target(0), prim(dec_op)]
|122658.12|26979.20| op = [1851, 2819, 997, 992]| tp = [1, 1, 1, 1, ] | dp = [2, 4, 1, 1, ] | algo = [0, 0, 0, 0, ] | rc = [1849, 2815, 905, 521] | gpus = [2, 4, 1, 1] | micro_bs = 8 | time = [122658, 122184, 122175, 121959] | memory = [16404, 16800, 25180, 26979]
>>>> [CONFIG: target(0), prim(inc_tp)]
|194790.17|26979.20| op = [1851, 2819, 997, 992]| tp = [2, 1, 1, 1, ] | dp = [2, 2, 1, 1, ] | algo = [0, 0, 0, 0, ] | rc = [1707, 2819, 905, 521] | gpus = [4, 2, 1, 1] | micro_bs = 8 | time = [194790, 185538, 123225, 123010] | memory = [25282, 21402, 25180, 26979]
>>>> [CONFIG: target(0), prim(dec_tp)]
|184032.31|26997.59| op = [1851, 2819, 997, 992]| tp = [1, 1, 1, 1, ] | dp = [2, 2, 2, 2, ] | algo = [0, 0, 0, 0, ] | rc = [1849, 2819, 376, 250] | gpus = [2, 2, 2, 2] | micro_bs = 8 | time = [122201, 184032, 61998, 60991] | memory = [16404, 21402, 26990, 26997]
>>>> [CONFIG: target(1), prim(dec_op)]
|109335.90|26996.22| op = [1654, 1645, 1670, 1690]| tp = [1, 1, 1, 1, ] | dp = [2, 2, 2, 2, ] | algo = [0, 0, 0, 0, ] | rc = [1652, 1563, 1413, 716] | gpus = [2, 2, 2, 2] | micro_bs = 8 | time = [109335, 108073, 108065, 105728] | memory = [15060, 22812, 25924, 26996]

[ Trial 17 ] |109335.90|26996.22| op = [1654, 1645, 1670, 1690]| tp = [1, 1, 1, 1, ] | dp = [2, 2, 2, 2, ] | algo = [0, 0, 0, 0, ] | rc = [1652, 1563, 1413, 716] | gpus = [2, 2, 2, 2] | micro_bs = 8 | time = [109335, 108073, 108065, 105728] | memory = [15060, 22812, 25924, 26996]
>>>> [CONFIG: target(0), prim(dec_op)]
|107664.02|26972.54| op = [1628, 1638, 1672, 1721]| tp = [1, 1, 1, 1, ] | dp = [2, 2, 2, 2, ] | algo = [0, 0, 0, 0, ] | rc = [1626, 1558, 1257, 758] | gpus = [2, 2, 2, 2] | micro_bs = 8 | time = [107662, 107483, 107465, 107664] | memory = [14868, 22616, 26739, 26972]

num_targets: [1, 1, 1, 1, 1, 1, 1, 1, 1, 1, 1, 1, 1, 1, 1, 1, 1, 1]
num_hops: [1, 1, 1, 1, 2, 2, 1, 1, 1, 1, 1, 1, 1, 7, 1, 1, 7, 1]
search time = 204.35 s.  [0, 1, 2, 3, 4, 6, 8, 11, 14, 17, 19, 20, 21, 23, 69, 71, 72, 134, 136, 212] 
num_explored_cases = 782
time trend: [468923, 459495, 459400, 459355, 458863, 395070, 315026, 193415, 183500, 164483, 164482, 156280, 130812, 129111, 124163, 122007, 122001, 109335, 107664, 107664]

working on num_stages = 6
config has been saved to /home/liminglong.lml/sxz/SuperScaler/logs-large/aceso/configs/scale-layer/512layers/scale-layer_512layers_6stages_2026-5-16-3-22-42.json

========== Best Result (num_stages = 6) ==========
|106055.14|26982.38| op = [842, 844, 841, 841, 1627, 1664]| tp = [1, 1, 1, 1, 1, 1, ] | dp = [1, 1, 1, 1, 2, 2, ] | algo = [0, 0, 0, 0, 0, 0, ] | rc = [840, 779, 776, 827, 1153, 684] | gpus = [1, 1, 1, 1, 2, 2] | micro_bs = 8 | time = [106055, 105741, 105413, 105537, 105485, 105471] | memory = [17586, 25888, 21964, 17308, 26982, 26979]
start|312414.51|26998.95| op = [1109, 1109, 1109, 1109, 1109, 1114]| tp = [2, 2, 1, 1, 1, 1, ] | dp = [1, 1, 1, 1, 1, 1, ] | algo = [0, 0, 0, 0, 0, 0, ] | rc = [228, 177, 272, 212, 172, 0] | gpus = [2, 2, 1, 1, 1, 1] | micro_bs = 1 | time = [312414, 308401, 207954, 201689, 197574, 185938] | memory = [26917, 26934, 26998, 26884, 22227, 26427]

[ Trial 0 ] |312414.51|26998.95| op = [1109, 1109, 1109, 1109, 1109, 1114]| tp = [2, 2, 1, 1, 1, 1, ] | dp = [1, 1, 1, 1, 1, 1, ] | algo = [0, 0, 0, 0, 0, 0, ] | rc = [228, 177, 272, 212, 172, 0] | gpus = [2, 2, 1, 1, 1, 1] | micro_bs = 1 | time = [312414, 308401, 207954, 201689, 197574, 185938] | memory = [26917, 26934, 26998, 26884, 22227, 26427]
>>>> [CONFIG: target(0), prim(dec_tp)]
|308401.95|26998.95| op = [1109, 1109, 1109, 1109, 1109, 1114]| tp = [1, 2, 1, 1, 2, 1, ] | dp = [1, 1, 1, 1, 1, 1, ] | algo = [0, 0, 0, 0, 0, 0, ] | rc = [332, 177, 272, 212, 0, 0] | gpus = [1, 2, 1, 1, 2, 1] | micro_bs = 1 | time = [215566, 308401, 207955, 201690, 295363, 185939] | memory = [26997, 26934, 26998, 26884, 24620, 26427]

[ Trial 1 ] |308401.95|26998.95| op = [1109, 1109, 1109, 1109, 1109, 1114]| tp = [1, 2, 1, 1, 2, 1, ] | dp = [1, 1, 1, 1, 1, 1, ] | algo = [0, 0, 0, 0, 0, 0, ] | rc = [332, 177, 272, 212, 0, 0] | gpus = [1, 2, 1, 1, 2, 1] | micro_bs = 1 | time = [215566, 308401, 207955, 201690, 295363, 185939] | memory = [26997, 26934, 26998, 26884, 24620, 26427]
>>>> [CONFIG: target(1), prim(dec_tp)]
|300166.65|26998.95| op = [1109, 1109, 1109, 1109, 1109, 1114]| tp = [1, 1, 1, 1, 2, 2, ] | dp = [1, 1, 1, 1, 1, 1, ] | algo = [0, 0, 0, 0, 0, 0, ] | rc = [332, 309, 272, 212, 0, 0] | gpus = [1, 1, 1, 1, 2, 2] | micro_bs = 1 | time = [215584, 212891, 207974, 201709, 295382, 300166] | memory = [26997, 26766, 26998, 26884, 24620, 13818]

[ Trial 2 ] |300166.65|26998.95| op = [1109, 1109, 1109, 1109, 1109, 1114]| tp = [1, 1, 1, 1, 2, 2, ] | dp = [1, 1, 1, 1, 1, 1, ] | algo = [0, 0, 0, 0, 0, 0, ] | rc = [332, 309, 272, 212, 0, 0] | gpus = [1, 1, 1, 1, 2, 2] | micro_bs = 1 | time = [215584, 212891, 207974, 201709, 295382, 300166] | memory = [26997, 26766, 26998, 26884, 24620, 13818]
>>>> [CONFIG: target(5), prim(dec_tp)]
|304838.09|26998.95| op = [1109, 1109, 1109, 1109, 1109, 1114]| tp = [1, 1, 1, 2, 2, 1, ] | dp = [1, 1, 1, 1, 1, 1, ] | algo = [0, 0, 0, 0, 0, 0, ] | rc = [332, 309, 272, 120, 0, 0] | gpus = [1, 1, 1, 2, 2, 1] | micro_bs = 1 | time = [215573, 212880, 207963, 304838, 295371, 185946] | memory = [26997, 26766, 26998, 22628, 24620, 26427]
>>>> [CONFIG: target(3), prim(dec_op)]
|237496.24|26992.03| op = [1125, 1207, 1222, 866, 890, 1349]| tp = [1, 1, 1, 2, 2, 1, ] | dp = [1, 1, 1, 1, 1, 1, ] | algo = [0, 0, 0, 0, 0, 0, ] | rc = [338, 346, 322, 14, 0, 102] | gpus = [1, 1, 1, 2, 2, 1] | micro_bs = 1 | time = [218824, 232241, 232237, 232558, 237496, 234107] | memory = [26956, 26764, 26992, 26483, 19759, 24693]

[ Trial 3 ] |237496.24|26992.03| op = [1125, 1207, 1222, 866, 890, 1349]| tp = [1, 1, 1, 2, 2, 1, ] | dp = [1, 1, 1, 1, 1, 1, ] | algo = [0, 0, 0, 0, 0, 0, ] | rc = [338, 346, 322, 14, 0, 102] | gpus = [1, 1, 1, 2, 2, 1] | micro_bs = 1 | time = [218824, 232241, 232237, 232558, 237496, 234107] | memory = [26956, 26764, 26992, 26483, 19759, 24693]
>>>> [CONFIG: target(4), prim(dec_tp)]
|316753.48|26992.03| op = [1125, 1207, 1222, 866, 890, 1349]| tp = [2, 1, 1, 2, 1, 1, ] | dp = [1, 1, 1, 1, 1, 1, ] | algo = [0, 0, 0, 0, 0, 0, ] | rc = [236, 346, 322, 14, 112, 102] | gpus = [2, 1, 1, 2, 1, 1] | micro_bs = 1 | time = [316753, 232257, 232253, 232574, 156528, 234123] | memory = [26914, 26764, 26992, 26483, 21607, 24693]
>>>> [CONFIG: target(0), prim(dec_op)]
|234091.36|26978.47| op = [835, 1198, 1218, 851, 1208, 1349]| tp = [2, 1, 1, 2, 1, 1, ] | dp = [1, 1, 1, 1, 1, 1, ] | algo = [0, 0, 0, 0, 0, 0, ] | rc = [128, 344, 318, 8, 185, 102] | gpus = [2, 1, 1, 2, 1, 1] | micro_bs = 1 | time = [232894, 230862, 230807, 227644, 214625, 234091] | memory = [24382, 26870, 26978, 26662, 24435, 24693]

[ Trial 4 ] |234091.36|26978.47| op = [835, 1198, 1218, 851, 1208, 1349]| tp = [2, 1, 1, 2, 1, 1, ] | dp = [1, 1, 1, 1, 1, 1, ] | algo = [0, 0, 0, 0, 0, 0, ] | rc = [128, 344, 318, 8, 185, 102] | gpus = [2, 1, 1, 2, 1, 1] | micro_bs = 1 | time = [232894, 230862, 230807, 227644, 214625, 234091] | memory = [24382, 26870, 26978, 26662, 24435, 24693]
>>>> [CONFIG: target(5), prim(dec_op)]
|232893.37|26870.72| op = [835, 1196, 1215, 856, 1253, 1304]| tp = [2, 1, 1, 2, 1, 1, ] | dp = [1, 1, 1, 1, 1, 1, ] | algo = [0, 0, 0, 0, 0, 0, ] | rc = [128, 342, 318, 8, 192, 82] | gpus = [2, 1, 1, 2, 1, 1] | micro_bs = 1 | time = [232893, 229918, 230456, 229047, 222187, 224813] | memory = [24382, 26870, 26866, 26725, 24994, 25128]

[ Trial 5 ] |232893.37|26870.72| op = [835, 1196, 1215, 856, 1253, 1304]| tp = [2, 1, 1, 2, 1, 1, ] | dp = [1, 1, 1, 1, 1, 1, ] | algo = [0, 0, 0, 0, 0, 0, ] | rc = [128, 342, 318, 8, 192, 82] | gpus = [2, 1, 1, 2, 1, 1] | micro_bs = 1 | time = [232893, 229918, 230456, 229047, 222187, 224813] | memory = [24382, 26870, 26866, 26725, 24994, 25128]
>>>> [CONFIG: target(0), prim(dec_tp)]
|334035.48|26907.72| op = [835, 1196, 1215, 856, 1253, 1304]| tp = [1, 2, 1, 2, 1, 1, ] | dp = [1, 1, 1, 1, 1, 1, ] | algo = [0, 0, 0, 0, 0, 0, ] | rc = [214, 214, 318, 8, 192, 82] | gpus = [1, 2, 1, 2, 1, 1] | micro_bs = 1 | time = [158655, 334035, 230485, 229076, 222217, 224842] | memory = [26879, 26907, 26866, 26725, 24994, 25128]
>>>> [CONFIG: target(1), prim(dec_op)]
|232954.88|26986.73| op = [1164, 837, 1215, 860, 1279, 1304]| tp = [1, 2, 1, 2, 1, 1, ] | dp = [1, 1, 1, 1, 1, 1, ] | algo = [0, 0, 0, 0, 0, 0, ] | rc = [356, 128, 316, 12, 196, 82] | gpus = [1, 2, 1, 2, 1, 1] | micro_bs = 1 | time = [226880, 232954, 230444, 230466, 226770, 224816] | memory = [26986, 20471, 26925, 26628, 25510, 25128]
>>>> [CONFIG: target(1), prim(dec_tp)]
|328315.16|26925.47| op = [1164, 837, 1215, 860, 1279, 1304]| tp = [2, 1, 1, 2, 1, 1, ] | dp = [1, 1, 1, 1, 1, 1, ] | algo = [0, 0, 0, 0, 0, 0, ] | rc = [254, 188, 316, 12, 196, 82] | gpus = [2, 1, 1, 2, 1, 1] | micro_bs = 1 | time = [328315, 155587, 230468, 230490, 226794, 224839] | memory = [26888, 26871, 26925, 26628, 25510, 25128]
>>>> [CONFIG: target(0), prim(dec_op)]
|229302.57|26975.34| op = [822, 1179, 1202, 850, 1286, 1320]| tp = [2, 1, 1, 2, 1, 1, ] | dp = [1, 1, 1, 1, 1, 1, ] | algo = [0, 0, 0, 0, 0, 0, ] | rc = [126, 336, 310, 8, 198, 88] | gpus = [2, 1, 1, 2, 1, 1] | micro_bs = 1 | time = [229302, 226666, 227706, 227476, 228281, 227721] | memory = [24007, 26849, 26975, 26666, 25696, 25024]

[ Trial 6 ] |229302.57|26975.34| op = [822, 1179, 1202, 850, 1286, 1320]| tp = [2, 1, 1, 2, 1, 1, ] | dp = [1, 1, 1, 1, 1, 1, ] | algo = [0, 0, 0, 0, 0, 0, ] | rc = [126, 336, 310, 8, 198, 88] | gpus = [2, 1, 1, 2, 1, 1] | micro_bs = 1 | time = [229302, 226666, 227706, 227476, 228281, 227721] | memory = [24007, 26849, 26975, 26666, 25696, 25024]
>>>> [CONFIG: target(0), prim(dec_tp)]
|328770.20|26984.73| op = [822, 1179, 1202, 850, 1286, 1320]| tp = [1, 2, 1, 2, 1, 1, ] | dp = [1, 1, 1, 1, 1, 1, ] | algo = [0, 0, 0, 0, 0, 0, ] | rc = [208, 208, 310, 8, 198, 88] | gpus = [1, 2, 1, 2, 1, 1] | micro_bs = 1 | time = [155918, 328770, 227734, 227504, 228309, 227749] | memory = [26981, 26984, 26975, 26666, 25696, 25024]
>>>> [CONFIG: target(1), prim(dec_op)]
|229122.74|26996.34| op = [1170, 824, 1205, 854, 1286, 1320]| tp = [1, 2, 1, 2, 1, 1, ] | dp = [1, 1, 1, 1, 1, 1, ] | algo = [0, 0, 0, 0, 0, 0, ] | rc = [356, 126, 314, 8, 198, 88] | gpus = [1, 2, 1, 2, 1, 1] | micro_bs = 1 | time = [227701, 229122, 228165, 228388, 228283, 227723] | memory = [26841, 20279, 26996, 26685, 25696, 25024]

[ Trial 7 ] |229122.74|26996.34| op = [1170, 824, 1205, 854, 1286, 1320]| tp = [1, 2, 1, 2, 1, 1, ] | dp = [1, 1, 1, 1, 1, 1, ] | algo = [0, 0, 0, 0, 0, 0, ] | rc = [356, 126, 314, 8, 198, 88] | gpus = [1, 2, 1, 2, 1, 1] | micro_bs = 1 | time = [227701, 229122, 228165, 228388, 228283, 227723] | memory = [26841, 20279, 26996, 26685, 25696, 25024]
>>>> [CONFIG: target(1), prim(dec_tp)]
|330355.33|26996.34| op = [1170, 824, 1205, 854, 1286, 1320]| tp = [2, 1, 1, 2, 1, 1, ] | dp = [1, 1, 1, 1, 1, 1, ] | algo = [0, 0, 0, 0, 0, 0, ] | rc = [256, 184, 314, 8, 198, 88] | gpus = [2, 1, 1, 2, 1, 1] | micro_bs = 1 | time = [330355, 153619, 228191, 228415, 228310, 227750] | memory = [26986, 26878, 26996, 26685, 25696, 25024]
>>>> [CONFIG: target(0), prim(dec_op)]
|228384.66|26988.34| op = [815, 1181, 1203, 854, 1286, 1320]| tp = [2, 1, 1, 2, 1, 1, ] | dp = [1, 1, 1, 1, 1, 1, ] | algo = [0, 0, 0, 0, 0, 0, ] | rc = [126, 336, 310, 8, 198, 88] | gpus = [2, 1, 1, 2, 1, 1] | micro_bs = 1 | time = [227024, 226892, 227000, 228384, 228279, 227719] | memory = [23862, 26887, 26988, 26685, 25696, 25024]

[ Trial 8 ] |228384.66|26988.34| op = [815, 1181, 1203, 854, 1286, 1320]| tp = [2, 1, 1, 2, 1, 1, ] | dp = [1, 1, 1, 1, 1, 1, ] | algo = [0, 0, 0, 0, 0, 0, ] | rc = [126, 336, 310, 8, 198, 88] | gpus = [2, 1, 1, 2, 1, 1] | micro_bs = 1 | time = [227024, 226892, 227000, 228384, 228279, 227719] | memory = [23862, 26887, 26988, 26685, 25696, 25024]
>>>> [CONFIG: target(3), prim(dec_tp)]
|329460.36|26988.34| op = [815, 1181, 1203, 854, 1286, 1320]| tp = [2, 2, 1, 1, 1, 1, ] | dp = [1, 1, 1, 1, 1, 1, ] | algo = [0, 0, 0, 0, 0, 0, ] | rc = [126, 210, 310, 132, 198, 88] | gpus = [2, 2, 1, 1, 1, 1] | micro_bs = 1 | time = [227050, 329460, 227026, 152390, 228305, 227745] | memory = [23862, 26988, 26988, 23817, 25696, 25024]
>>>> [CONFIG: target(1), prim(dec_op)]
|228276.39|26996.40| op = [815, 817, 1204, 1217, 1286, 1320]| tp = [2, 2, 1, 1, 1, 1, ] | dp = [1, 1, 1, 1, 1, 1, ] | algo = [0, 0, 0, 0, 0, 0, ] | rc = [126, 126, 310, 266, 198, 88] | gpus = [2, 2, 1, 1, 1, 1] | micro_bs = 1 | time = [227021, 227127, 227155, 224679, 228276, 227716] | memory = [23862, 20035, 26996, 26979, 25696, 25024]

[ Trial 9 ] |228276.39|26996.40| op = [815, 817, 1204, 1217, 1286, 1320]| tp = [2, 2, 1, 1, 1, 1, ] | dp = [1, 1, 1, 1, 1, 1, ] | algo = [0, 0, 0, 0, 0, 0, ] | rc = [126, 126, 310, 266, 198, 88] | gpus = [2, 2, 1, 1, 1, 1] | micro_bs = 1 | time = [227021, 227127, 227155, 224679, 228276, 227716] | memory = [23862, 20035, 26996, 26979, 25696, 25024]
>>>> [CONFIG: target(4), prim(dec_op)]
|227716.60|26996.40| op = [815, 817, 1204, 1227, 1276, 1320]| tp = [2, 2, 1, 1, 1, 1, ] | dp = [1, 1, 1, 1, 1, 1, ] | algo = [0, 0, 0, 0, 0, 0, ] | rc = [126, 126, 310, 268, 196, 88] | gpus = [2, 2, 1, 1, 1, 1] | micro_bs = 1 | time = [227021, 227128, 227155, 226876, 226339, 227716] | memory = [23862, 20035, 26996, 26978, 25456, 25024]

[ Trial 10 ] |227716.60|26996.40| op = [815, 817, 1204, 1227, 1276, 1320]| tp = [2, 2, 1, 1, 1, 1, ] | dp = [1, 1, 1, 1, 1, 1, ] | algo = [0, 0, 0, 0, 0, 0, ] | rc = [126, 126, 310, 268, 196, 88] | gpus = [2, 2, 1, 1, 1, 1] | micro_bs = 1 | time = [227021, 227128, 227155, 226876, 226339, 227716] | memory = [23862, 20035, 26996, 26978, 25456, 25024]
>>>> [CONFIG: target(5), prim(inc_tp)]
|354540.51|26996.40| op = [815, 817, 1204, 1227, 1276, 1320]| tp = [2, 1, 1, 1, 1, 2, ] | dp = [1, 1, 1, 1, 1, 1, ] | algo = [0, 0, 0, 0, 0, 0, ] | rc = [126, 182, 310, 268, 196, 0] | gpus = [2, 1, 1, 1, 1, 2] | micro_bs = 1 | time = [227072, 151957, 227206, 226926, 226389, 354540] | memory = [23862, 26770, 26996, 26978, 25456, 16322]
>>>> [CONFIG: target(5), prim(inc_mbs)]
|186440.03|26980.15| op = [815, 817, 1204, 1227, 1276, 1320]| tp = [1, 1, 1, 1, 1, 1, ] | dp = [2, 1, 1, 1, 1, 2, ] | algo = [0, 0, 0, 0, 0, 0, ] | rc = [208, 278, 572, 386, 350, 88] | gpus = [2, 1, 1, 1, 1, 2] | micro_bs = 2 | time = [78427, 124132, 185258, 185214, 186440, 114776] | memory = [26746, 26965, 26967, 26957, 26980, 25024]

[ Trial 11 ] |186440.03|26980.15| op = [815, 817, 1204, 1227, 1276, 1320]| tp = [1, 1, 1, 1, 1, 1, ] | dp = [2, 1, 1, 1, 1, 2, ] | algo = [0, 0, 0, 0, 0, 0, ] | rc = [208, 278, 572, 386, 350, 88] | gpus = [2, 1, 1, 1, 1, 2] | micro_bs = 2 | time = [78427, 124132, 185258, 185214, 186440, 114776] | memory = [26746, 26965, 26967, 26957, 26980, 25024]
>>>> [CONFIG: target(4), prim(inc_dp)]
|185210.47|26967.06| op = [815, 817, 1204, 1227, 1276, 1320]| tp = [1, 1, 1, 1, 1, 1, ] | dp = [1, 1, 1, 1, 2, 2, ] | algo = [0, 0, 0, 0, 0, 0, ] | rc = [377, 278, 572, 386, 196, 88] | gpus = [1, 1, 1, 1, 2, 2] | micro_bs = 2 | time = [126276, 124085, 185210, 185166, 114040, 114728] | memory = [26963, 26965, 26967, 26957, 25456, 25024]

[ Trial 12 ] |185210.47|26967.06| op = [815, 817, 1204, 1227, 1276, 1320]| tp = [1, 1, 1, 1, 1, 1, ] | dp = [1, 1, 1, 1, 2, 2, ] | algo = [0, 0, 0, 0, 0, 0, ] | rc = [377, 278, 572, 386, 196, 88] | gpus = [1, 1, 1, 1, 2, 2] | micro_bs = 2 | time = [126276, 124085, 185210, 185166, 114040, 114728] | memory = [26963, 26965, 26967, 26957, 25456, 25024]
>>>> [CONFIG: target(2), prim(dec_op)]
|145214.28|26998.28| op = [815, 868, 923, 948, 1582, 1523]| tp = [1, 1, 1, 1, 1, 1, ] | dp = [1, 1, 1, 1, 2, 2, ] | algo = [0, 0, 0, 0, 0, 0, ] | rc = [377, 371, 307, 264, 324, 188] | gpus = [1, 1, 1, 1, 2, 2] | micro_bs = 2 | time = [126221, 133358, 140024, 140142, 145214, 136022] | memory = [26963, 26978, 26993, 26953, 26998, 22565]

[ Trial 13 ] |145214.28|26998.28| op = [815, 868, 923, 948, 1582, 1523]| tp = [1, 1, 1, 1, 1, 1, ] | dp = [1, 1, 1, 1, 2, 2, ] | algo = [0, 0, 0, 0, 0, 0, ] | rc = [377, 371, 307, 264, 324, 188] | gpus = [1, 1, 1, 1, 2, 2] | micro_bs = 2 | time = [126221, 133358, 140024, 140142, 145214, 136022] | memory = [26963, 26978, 26993, 26953, 26998, 22565]
>>>> [CONFIG: target(4), prim(dec_dp)]
|236273.54|26993.61| op = [815, 868, 923, 948, 1582, 1523]| tp = [1, 1, 1, 1, 1, 1, ] | dp = [2, 1, 1, 1, 1, 2, ] | algo = [0, 0, 0, 0, 0, 0, ] | rc = [208, 371, 307, 264, 482, 188] | gpus = [2, 1, 1, 1, 1, 2] | micro_bs = 2 | time = [78409, 133442, 140109, 140226, 236273, 136106] | memory = [26746, 26978, 26993, 26953, 26973, 22565]
>>>> [CONFIG: target(4), prim(dec_op)]
|142800.88|26997.61| op = [1339, 903, 923, 965, 1006, 1523]| tp = [1, 1, 1, 1, 1, 1, ] | dp = [2, 1, 1, 1, 1, 2, ] | algo = [0, 0, 0, 0, 0, 0, ] | rc = [528, 411, 307, 270, 232, 188] | gpus = [2, 1, 1, 1, 1, 2] | micro_bs = 2 | time = [133892, 139514, 140051, 142800, 142549, 136049] | memory = [26957, 26931, 26993, 26939, 26997, 22565]

[ Trial 14 ] |142800.88|26997.61| op = [1339, 903, 923, 965, 1006, 1523]| tp = [1, 1, 1, 1, 1, 1, ] | dp = [2, 1, 1, 1, 1, 2, ] | algo = [0, 0, 0, 0, 0, 0, ] | rc = [528, 411, 307, 270, 232, 188] | gpus = [2, 1, 1, 1, 1, 2] | micro_bs = 2 | time = [133892, 139514, 140051, 142800, 142549, 136049] | memory = [26957, 26931, 26993, 26939, 26997, 22565]
>>>> [CONFIG: target(3), prim(dec_op)]
|138694.85|26999.54| op = [1371, 902, 920, 944, 976, 1546]| tp = [1, 1, 1, 1, 1, 1, ] | dp = [2, 1, 1, 1, 1, 2, ] | algo = [0, 0, 0, 0, 0, 0, ] | rc = [601, 388, 282, 258, 224, 200] | gpus = [2, 1, 1, 1, 1, 2] | micro_bs = 2 | time = [138692, 138387, 138578, 138453, 138694, 138579] | memory = [26977, 26999, 26985, 26973, 26977, 22282]

[ Trial 15 ] |138694.85|26999.54| op = [1371, 902, 920, 944, 976, 1546]| tp = [1, 1, 1, 1, 1, 1, ] | dp = [2, 1, 1, 1, 1, 2, ] | algo = [0, 0, 0, 0, 0, 0, ] | rc = [601, 388, 282, 258, 224, 200] | gpus = [2, 1, 1, 1, 1, 2] | micro_bs = 2 | time = [138692, 138387, 138578, 138453, 138694, 138579] | memory = [26977, 26999, 26985, 26973, 26977, 22282]
>>>> [CONFIG: target(4), prim(inc_dp)]
|221041.65|26999.54| op = [1371, 902, 920, 944, 976, 1546]| tp = [1, 1, 1, 1, 1, 1, ] | dp = [2, 1, 1, 1, 2, 1, ] | algo = [0, 0, 0, 0, 0, 0, ] | rc = [601, 388, 282, 258, 148, 337] | gpus = [2, 1, 1, 1, 2, 1] | micro_bs = 2 | time = [138754, 138449, 138640, 138514, 87815, 221041] | memory = [26977, 26999, 26985, 26973, 19930, 26985]
>>>> [CONFIG: target(5), prim(dec_op)]
|140675.92|26999.54| op = [1371, 902, 920, 944, 1511, 1011]| tp = [1, 1, 1, 1, 1, 1, ] | dp = [2, 1, 1, 1, 2, 1, ] | algo = [0, 0, 0, 0, 0, 0, ] | rc = [601, 388, 282, 258, 289, 154] | gpus = [2, 1, 1, 1, 2, 1] | micro_bs = 2 | time = [138695, 138390, 138581, 138456, 138137, 140675] | memory = [26977, 26999, 26985, 26973, 26991, 21776]
>>>> [CONFIG: target(5), prim(dec_op)]
|139560.65|26999.54| op = [1371, 902, 920, 944, 1521, 1001]| tp = [1, 1, 1, 1, 1, 1, ] | dp = [2, 1, 1, 1, 2, 1, ] | algo = [0, 0, 0, 0, 0, 0, ] | rc = [601, 388, 282, 258, 288, 154] | gpus = [2, 1, 1, 1, 2, 1] | micro_bs = 2 | time = [138694, 138389, 138580, 138455, 138629, 139560] | memory = [26977, 26999, 26985, 26973, 26961, 21532]
>>>> [CONFIG: target(5), prim(inc_dp)]
|226204.98|26999.54| op = [1371, 902, 920, 944, 1521, 1001]| tp = [1, 1, 1, 1, 1, 1, ] | dp = [2, 1, 1, 1, 1, 2, ] | algo = [0, 0, 0, 0, 0, 0, ] | rc = [601, 388, 282, 258, 456, 0] | gpus = [2, 1, 1, 1, 1, 2] | micro_bs = 2 | time = [138758, 138453, 138644, 138519, 226204, 84928] | memory = [26977, 26999, 26985, 26973, 26996, 23940]
>>>> [CONFIG: target(4), prim(dec_op)]
|138891.58|26999.54| op = [1371, 902, 920, 944, 977, 1545]| tp = [1, 1, 1, 1, 1, 1, ] | dp = [2, 1, 1, 1, 1, 2, ] | algo = [0, 0, 0, 0, 0, 0, ] | rc = [601, 388, 282, 258, 224, 200] | gpus = [2, 1, 1, 1, 1, 2] | micro_bs = 2 | time = [138692, 138387, 138579, 138453, 138891, 138475] | memory = [26977, 26999, 26985, 26973, 26977, 22282]
>>>> [CONFIG: target(4), prim(inc_mbs)]
|118180.94|26994.60| op = [1371, 902, 920, 944, 977, 1545]| tp = [1, 1, 1, 1, 1, 1, ] | dp = [2, 1, 1, 1, 1, 2, ] | algo = [0, 0, 0, 0, 0, 0, ] | rc = [1264, 832, 534, 503, 352, 336] | gpus = [2, 1, 1, 1, 1, 2] | micro_bs = 4 | time = [117229, 117422, 115750, 117369, 118180, 112006] | memory = [24785, 25044, 26986, 26975, 26994, 26985]

[ Trial 16 ] |118180.94|26994.60| op = [1371, 902, 920, 944, 977, 1545]| tp = [1, 1, 1, 1, 1, 1, ] | dp = [2, 1, 1, 1, 1, 2, ] | algo = [0, 0, 0, 0, 0, 0, ] | rc = [1264, 832, 534, 503, 352, 336] | gpus = [2, 1, 1, 1, 1, 2] | micro_bs = 4 | time = [117229, 117422, 115750, 117369, 118180, 112006] | memory = [24785, 25044, 26986, 26975, 26994, 26985]
>>>> [CONFIG: target(4), prim(dec_op)]
|117414.25|26998.79| op = [1371, 902, 920, 931, 962, 1573]| tp = [1, 1, 1, 1, 1, 1, ] | dp = [2, 1, 1, 1, 1, 2, ] | algo = [0, 0, 0, 0, 0, 0, ] | rc = [1264, 832, 534, 491, 336, 348] | gpus = [2, 1, 1, 1, 1, 2] | micro_bs = 4 | time = [117221, 117414, 115742, 115603, 115705, 114237] | memory = [24785, 25044, 26986, 26998, 26962, 26998]

[ Trial 17 ] |117414.25|26998.79| op = [1371, 902, 920, 931, 962, 1573]| tp = [1, 1, 1, 1, 1, 1, ] | dp = [2, 1, 1, 1, 1, 2, ] | algo = [0, 0, 0, 0, 0, 0, ] | rc = [1264, 832, 534, 491, 336, 348] | gpus = [2, 1, 1, 1, 1, 2] | micro_bs = 4 | time = [117221, 117414, 115742, 115603, 115705, 114237] | memory = [24785, 25044, 26986, 26998, 26962, 26998]
>>>> [CONFIG: target(1), prim(dec_op)]
|116587.67|26994.35| op = [1368, 897, 910, 924, 961, 1599]| tp = [1, 1, 1, 1, 1, 1, ] | dp = [2, 1, 1, 1, 1, 2, ] | algo = [0, 0, 0, 0, 0, 0, ] | rc = [1201, 814, 632, 497, 349, 348] | gpus = [2, 1, 1, 1, 1, 2] | micro_bs = 4 | time = [115734, 116587, 115737, 115936, 115957, 116334] | memory = [25794, 24864, 26993, 26954, 26994, 26986]

[ Trial 18 ] |116587.67|26994.35| op = [1368, 897, 910, 924, 961, 1599]| tp = [1, 1, 1, 1, 1, 1, ] | dp = [2, 1, 1, 1, 1, 2, ] | algo = [0, 0, 0, 0, 0, 0, ] | rc = [1201, 814, 632, 497, 349, 348] | gpus = [2, 1, 1, 1, 1, 2] | micro_bs = 4 | time = [115734, 116587, 115737, 115936, 115957, 116334] | memory = [25794, 24864, 26993, 26954, 26994, 26986]
>>>> [CONFIG: target(1), prim(inc_dp)]
|178848.45|26994.35| op = [1368, 897, 910, 924, 961, 1599]| tp = [1, 1, 1, 1, 1, 1, ] | dp = [1, 2, 1, 1, 1, 2, ] | algo = [0, 0, 0, 0, 0, 0, ] | rc = [1366, 370, 632, 497, 349, 348] | gpus = [1, 2, 1, 1, 1, 2] | micro_bs = 4 | time = [178848, 70416, 115803, 116002, 116023, 116400] | memory = [15556, 26929, 26993, 26954, 26994, 26986]
>>>> [CONFIG: target(0), prim(dec_op)]
|116408.81|26994.35| op = [887, 1393, 899, 922, 960, 1598]| tp = [1, 1, 1, 1, 1, 1, ] | dp = [1, 2, 1, 1, 1, 2, ] | algo = [0, 0, 0, 0, 0, 0, ] | rc = [826, 965, 653, 540, 363, 361] | gpus = [1, 2, 1, 1, 1, 2] | micro_bs = 4 | time = [115585, 114591, 115284, 116030, 116075, 116408] | memory = [25276, 26632, 26866, 26446, 26994, 26994]

[ Trial 19 ] |116408.81|26994.35| op = [887, 1393, 899, 922, 960, 1598]| tp = [1, 1, 1, 1, 1, 1, ] | dp = [1, 2, 1, 1, 1, 2, ] | algo = [0, 0, 0, 0, 0, 0, ] | rc = [826, 965, 653, 540, 363, 361] | gpus = [1, 2, 1, 1, 1, 2] | micro_bs = 4 | time = [115585, 114591, 115284, 116030, 116075, 116408] | memory = [25276, 26632, 26866, 26446, 26994, 26994]
>>>> [CONFIG: target(5), prim(dec_dp)]
|196525.69|26994.35| op = [887, 1393, 899, 922, 960, 1598]| tp = [1, 1, 1, 1, 1, 1, ] | dp = [1, 2, 2, 1, 1, 1, ] | algo = [0, 0, 0, 0, 0, 0, ] | rc = [826, 965, 274, 540, 363, 615] | gpus = [1, 2, 2, 1, 1, 1] | micro_bs = 4 | time = [115719, 114726, 69715, 116164, 116209, 196525] | memory = [25276, 26632, 26945, 26446, 26994, 26987]
>>>> [CONFIG: target(5), prim(dec_op)]
|123851.26|26982.02| op = [887, 1393, 1366, 957, 1020, 1036]| tp = [1, 1, 1, 1, 1, 1, ] | dp = [1, 2, 2, 1, 1, 1, ] | algo = [0, 0, 0, 0, 0, 0, ] | rc = [826, 965, 820, 559, 402, 264] | gpus = [1, 2, 2, 1, 1, 1] | micro_bs = 4 | time = [115642, 114648, 110902, 120026, 123851, 123706] | memory = [25276, 26632, 26304, 26423, 26943, 26982]
>>>> [CONFIG: target(4), prim(dec_op)]
|119564.52|26997.65| op = [887, 1395, 1454, 949, 976, 998]| tp = [1, 1, 1, 1, 1, 1, ] | dp = [1, 2, 2, 1, 1, 1, ] | algo = [0, 0, 0, 0, 0, 0, ] | rc = [826, 967, 868, 541, 403, 258] | gpus = [1, 2, 2, 1, 1, 1] | micro_bs = 4 | time = [115631, 114838, 117397, 119564, 119237, 119462] | memory = [25276, 26652, 26298, 26604, 26962, 26997]
>>>> [CONFIG: target(3), prim(dec_op)]
|119453.00|26997.65| op = [887, 1408, 1456, 940, 970, 998]| tp = [1, 1, 1, 1, 1, 1, ] | dp = [1, 2, 2, 1, 1, 1, ] | algo = [0, 0, 0, 0, 0, 0, ] | rc = [826, 976, 872, 500, 381, 258] | gpus = [1, 2, 2, 1, 1, 1] | micro_bs = 4 | time = [115621, 115869, 117613, 117095, 117884, 119452] | memory = [25276, 26896, 26274, 26962, 26982, 26997]
>>>> [CONFIG: target(5), prim(dec_op)]
|117855.29|26989.53| op = [887, 1423, 1454, 945, 965, 985]| tp = [1, 1, 1, 1, 1, 1, ] | dp = [1, 2, 2, 1, 1, 1, ] | algo = [0, 0, 0, 0, 0, 0, ] | rc = [826, 1003, 894, 505, 375, 256] | gpus = [1, 2, 2, 1, 1, 1] | micro_bs = 4 | time = [115621, 117217, 117845, 117447, 117508, 117855] | memory = [25276, 26972, 26760, 26942, 26962, 26989]
>>>> [CONFIG: target(5), prim(inc_mbs)]
|122583.66|26975.08| op = [887, 1423, 1454, 945, 965, 985]| tp = [1, 1, 1, 1, 1, 1, ] | dp = [1, 2, 2, 1, 1, 1, ] | algo = [0, 0, 0, 0, 0, 0, ] | rc = [885, 1423, 1342, 945, 891, 522] | gpus = [1, 2, 2, 1, 1, 1] | micro_bs = 8 | time = [111386, 96488, 97669, 117862, 120241, 122583] | memory = [18541, 14260, 20092, 13528, 25800, 26975]
>>>> [CONFIG: target(5), prim(dec_op)]
|110912.50|26973.33| op = [861, 1577, 1586, 869, 872, 894]| tp = [1, 1, 1, 1, 1, 1, ] | dp = [1, 2, 2, 1, 1, 1, ] | algo = [0, 0, 0, 0, 0, 0, ] | rc = [859, 1577, 1586, 837, 805, 438] | gpus = [1, 2, 2, 1, 1, 1] | micro_bs = 8 | time = [108142, 106322, 106600, 108548, 109064, 110912] | memory = [18157, 15532, 14072, 20344, 24968, 26973]

[ Trial 20 ] |110912.50|26973.33| op = [861, 1577, 1586, 869, 872, 894]| tp = [1, 1, 1, 1, 1, 1, ] | dp = [1, 2, 2, 1, 1, 1, ] | algo = [0, 0, 0, 0, 0, 0, ] | rc = [859, 1577, 1586, 837, 805, 438] | gpus = [1, 2, 2, 1, 1, 1] | micro_bs = 8 | time = [108142, 106322, 106600, 108548, 109064, 110912] | memory = [18157, 15532, 14072, 20344, 24968, 26973]
>>>> [CONFIG: target(5), prim(dec_op)]
|108454.60|26973.08| op = [861, 1588, 1601, 858, 871, 880]| tp = [1, 1, 1, 1, 1, 1, ] | dp = [1, 2, 2, 1, 1, 1, ] | algo = [0, 0, 0, 0, 0, 0, ] | rc = [859, 1588, 1601, 820, 653, 415] | gpus = [1, 2, 2, 1, 1, 1] | micro_bs = 8 | time = [108111, 106966, 107819, 107146, 106864, 108454] | memory = [18157, 15600, 15192, 21712, 26836, 26973]

[ Trial 21 ] |108454.60|26973.08| op = [861, 1588, 1601, 858, 871, 880]| tp = [1, 1, 1, 1, 1, 1, ] | dp = [1, 2, 2, 1, 1, 1, ] | algo = [0, 0, 0, 0, 0, 0, ] | rc = [859, 1588, 1601, 820, 653, 415] | gpus = [1, 2, 2, 1, 1, 1] | micro_bs = 8 | time = [108111, 106966, 107819, 107146, 106864, 108454] | memory = [18157, 15600, 15192, 21712, 26836, 26973]
>>>> [CONFIG: target(5), prim(inc_dp)]
|196237.67|26980.53| op = [861, 1588, 1601, 858, 871, 880]| tp = [1, 1, 1, 1, 1, 1, ] | dp = [1, 1, 2, 1, 1, 2, ] | algo = [0, 0, 0, 0, 0, 0, ] | rc = [859, 1588, 1601, 820, 653, 206] | gpus = [1, 1, 2, 1, 1, 2] | micro_bs = 8 | time = [108393, 196237, 108101, 107429, 107147, 55650] | memory = [18157, 25344, 15192, 21712, 26836, 26980]
>>>> [CONFIG: target(1), prim(dec_op)]
|140022.95|26988.53| op = [861, 1120, 1832, 975, 988, 883]| tp = [1, 1, 1, 1, 1, 1, ] | dp = [1, 1, 2, 1, 1, 2, ] | algo = [0, 0, 0, 0, 0, 0, ] | rc = [859, 1120, 1832, 975, 912, 211] | gpus = [1, 1, 2, 1, 1, 2] | micro_bs = 8 | time = [108316, 140022, 122731, 122605, 122773, 56202] | memory = [18157, 19296, 17912, 16696, 25992, 26988]
>>>> [CONFIG: target(1), prim(dec_op)]
|111546.68|26978.68| op = [861, 885, 1663, 857, 867, 1526]| tp = [1, 1, 1, 1, 1, 1, ] | dp = [1, 1, 2, 1, 1, 2, ] | algo = [0, 0, 0, 0, 0, 0, ] | rc = [859, 885, 1663, 821, 645, 510] | gpus = [1, 1, 2, 1, 1, 2] | micro_bs = 8 | time = [108077, 111452, 111546, 107054, 106635, 96161] | memory = [18157, 18832, 15736, 21316, 26836, 26978]
>>>> [CONFIG: target(2), prim(dec_dp)]
|204850.50|26978.68| op = [861, 885, 1663, 857, 867, 1526]| tp = [1, 1, 1, 1, 1, 1, ] | dp = [1, 1, 1, 1, 2, 2, ] | algo = [0, 0, 0, 0, 0, 0, ] | rc = [859, 885, 1663, 821, 268, 510] | gpus = [1, 1, 1, 1, 2, 2] | micro_bs = 8 | time = [108404, 111779, 204850, 107381, 55530, 96488] | memory = [18157, 18832, 25328, 21316, 26952, 26978]
>>>> [CONFIG: target(2), prim(dec_op)]
|108057.39|26979.73| op = [861, 846, 845, 845, 1626, 1636]| tp = [1, 1, 1, 1, 1, 1, ] | dp = [1, 1, 1, 1, 2, 2, ] | algo = [0, 0, 0, 0, 0, 0, ] | rc = [859, 846, 845, 845, 1199, 664] | gpus = [1, 1, 1, 1, 2, 2] | micro_bs = 8 | time = [108057, 106754, 106753, 106753, 106127, 103765] | memory = [18157, 18328, 18112, 15496, 26824, 26979]

[ Trial 22 ] |108057.39|26979.73| op = [861, 846, 845, 845, 1626, 1636]| tp = [1, 1, 1, 1, 1, 1, ] | dp = [1, 1, 1, 1, 2, 2, ] | algo = [0, 0, 0, 0, 0, 0, ] | rc = [859, 846, 845, 845, 1199, 664] | gpus = [1, 1, 1, 1, 2, 2] | micro_bs = 8 | time = [108057, 106754, 106753, 106753, 106127, 103765] | memory = [18157, 18328, 18112, 15496, 26824, 26979]
>>>> [CONFIG: target(0), prim(dec_op)]
|106153.45|26982.26| op = [842, 850, 844, 846, 1626, 1651]| tp = [1, 1, 1, 1, 1, 1, ] | dp = [1, 1, 1, 1, 2, 2, ] | algo = [0, 0, 0, 0, 0, 0, ] | rc = [840, 785, 844, 801, 1153, 668] | gpus = [1, 1, 1, 1, 2, 2] | micro_bs = 8 | time = [106055, 106064, 106153, 105409, 105473, 104606] | memory = [17586, 26000, 14016, 23033, 26982, 26971]

[ Trial 23 ] |106153.45|26982.26| op = [842, 850, 844, 846, 1626, 1651]| tp = [1, 1, 1, 1, 1, 1, ] | dp = [1, 1, 1, 1, 2, 2, ] | algo = [0, 0, 0, 0, 0, 0, ] | rc = [840, 785, 844, 801, 1153, 668] | gpus = [1, 1, 1, 1, 2, 2] | micro_bs = 8 | time = [106055, 106064, 106153, 105409, 105473, 104606] | memory = [17586, 26000, 14016, 23033, 26982, 26971]
>>>> [CONFIG: target(2), prim(dec_op)]
|106055.14|26982.38| op = [842, 844, 841, 841, 1627, 1664]| tp = [1, 1, 1, 1, 1, 1, ] | dp = [1, 1, 1, 1, 2, 2, ] | algo = [0, 0, 0, 0, 0, 0, ] | rc = [840, 779, 776, 827, 1153, 684] | gpus = [1, 1, 1, 1, 2, 2] | micro_bs = 8 | time = [106055, 105741, 105413, 105537, 105485, 105471] | memory = [17586, 25888, 21964, 17308, 26982, 26979]

num_targets: [1, 1, 1, 1, 1, 1, 1, 1, 1, 1, 1, 1, 1, 1, 1, 1, 1, 1, 1, 1, 1, 1, 1, 1]
num_hops: [1, 1, 2, 2, 1, 4, 2, 2, 2, 1, 2, 1, 1, 2, 1, 6, 1, 1, 2, 7, 1, 5, 1, 1]
search time = 204.36 s.  [0, 1, 2, 4, 6, 8, 10, 12, 13, 15, 16, 23, 35, 37, 40, 42, 51, 53, 55, 58, 76, 78, 104, 107, 109, 217] 
num_explored_cases = 855
time trend: [312414, 308401, 300166, 237496, 234091, 232893, 229302, 229122, 228384, 228276, 227716, 186440, 185210, 145214, 142800, 138694, 118180, 117414, 116587, 116408, 110912, 108454, 108057, 106153, 106055, 106055]

# of stages	est_iteration_time(s)	est_thpt(samples/s)	est_mem(MB)	# of explored cases
7          	105.33               	9.72               	26988      	1288               

overall search time: 204.75 s
