------------------------ arguments ------------------------
  adaptive_hyper_parameters ....................... 5
  add_action_finetune_algo ........................ False
  add_action_finetune_dim ......................... False
  add_action_tp_dp_exchange ....................... False
  add_action_tune_tp_dp ........................... False
  check_recompute_with_group ...................... False
  config_save_path ................................ /home/liminglong.lml/sxz/SuperScaler/logs-large/aceso/configs/scale-layer/1024layers/
  config_suffix ................................... 2026-5-16-3-26-6
  consider_collective_memory ...................... False
  consider_reserved_space ......................... True
  consider_shared_space ........................... True
  continue_when_fail .............................. True
  decoder_seq_len ................................. 512
  end_num_stages .................................. 8
  finetune_after_trial ............................ 0
  finetune_tp_dp_after_trial ...................... False
  flex_recompute .................................. True
  forbid_turn_back ................................ False
  global_batch_size ............................... 1024
  high_memory_rate ................................ 0.9
  init_dim ........................................ tp
  initial_point ................................... balance
  log_path ........................................ /home/liminglong.lml/sxz/SuperScaler/logs-large/aceso/search/scale-layer/1024layers/
  max_num_hops .................................... 7
  max_num_trials .................................. 100
  max_op_move_steps ............................... 5
  max_tp .......................................... 8
  memory_limit .................................... 28000
  memory_main_params .............................. 2
  memory_optimizer ................................ 4
  memory_pred_type ................................ MAX
  micro_batch_size ................................ [1, 2, 4, 8]
  min_mbs ......................................... 1
  model_name ...................................... scale-layer
  model_size ...................................... 1024layers
  multi_process ................................... True
  num_algos ....................................... 2
  num_gpus ........................................ 8
  num_gpus_per_node ............................... 8
  num_layers ...................................... 1024
  num_nodes ....................................... 1
  num_of_saved_configs ............................ 1
  num_partners_in_op_mig .......................... 1
  only_top_1_target ............................... False
  op_group_size ................................... 1
  peak_mem_in_backward ............................ 1000
  predict_delta_time .............................. True
  print_debug_info ................................ False
  print_gpu_mig_details ........................... False
  print_move_op_details ........................... False
  print_recomp_debug_info ......................... False
  print_recompute_ops ............................. False
  profiled_time_path .............................. /home/liminglong.lml/sxz/SuperScaler/profiler/profiled-time-eurosys/
  random_order_actions ............................ False
  resharding ...................................... True
  save_to_csv ..................................... None
  seq_len ......................................... 2048
  simple_prim_mbs ................................. False
  simple_prim_mig ................................. False
  sort_metric ..................................... max_stage_time
  start_num_stages ................................ 1
  support_comm_predict ............................ False
  time_budget_per_trial ........................... 200
  time_budget_total ............................... 200
-------------------- end of arguments ---------------------
working on num_stages = 1
config has been saved to /home/liminglong.lml/sxz/SuperScaler/logs-large/aceso/configs/scale-layer/1024layers/scale-layer_1024layers_1stages_2026-5-16-3-26-6.json

========== Best Result (num_stages = 1) ==========
|1615778.14|27067.45| op = [13315]| tp = [4, ] | dp = [2, ] | algo = [0, ] | rc = [13313] | gpus = [8] | micro_bs = 8 | time = [1615778] | memory = [27067]
start|6860264.66|10517.62| op = [13315]| tp = [8, ] | dp = [1, ] | algo = [0, ] | rc = [13295] | gpus = [8] | micro_bs = 1 | time = [6860264] | memory = [10517]

[ Trial 0 ] |6860264.66|10517.62| op = [13315]| tp = [8, ] | dp = [1, ] | algo = [0, ] | rc = [13295] | gpus = [8] | micro_bs = 1 | time = [6860264] | memory = [10517]
>>>> [CONFIG: target(0), prim(inc_mbs)]
|3262529.33|17315.12| op = [13315]| tp = [4, ] | dp = [2, ] | algo = [0, ] | rc = [13312] | gpus = [8] | micro_bs = 2 | time = [3262529] | memory = [17315]

[ Trial 1 ] |3262529.33|17315.12| op = [13315]| tp = [4, ] | dp = [2, ] | algo = [0, ] | rc = [13312] | gpus = [8] | micro_bs = 2 | time = [3262529] | memory = [17315]
>>>> [CONFIG: target(0), prim(inc_mbs)]
|1993125.75|25995.16| op = [13315]| tp = [4, ] | dp = [2, ] | algo = [0, ] | rc = [12540] | gpus = [8] | micro_bs = 4 | time = [1993125] | memory = [25995]

[ Trial 2 ] |1993125.75|25995.16| op = [13315]| tp = [4, ] | dp = [2, ] | algo = [0, ] | rc = [12540] | gpus = [8] | micro_bs = 4 | time = [1993125] | memory = [25995]
>>>> [CONFIG: target(0), prim(inc_mbs)]
|1615778.14|27067.45| op = [13315]| tp = [4, ] | dp = [2, ] | algo = [0, ] | rc = [13313] | gpus = [8] | micro_bs = 8 | time = [1615778] | memory = [27067]

num_targets: [1, 1, 1]
num_hops: [1, 1, 1]
search time = 20.52 s.  [0, 1, 2, 4, 5, 6, 7, 8, 9, 10, 12, 14, 16, 18, 20, 21, 22, 23, 24, 25, 26, 27, 28, 29, 30] 
num_explored_cases = 45
time trend: [6860264, 3262529, 1993125, 1615778, 1615778, 1615778, 1615778, 1615778, 1615778, 1615778, 1993125, 1993125, 1993125, 1993125, 1993125, 3262529, 3262529, 3262529, 3262529, 3262529, 6860264, 6860264, 6860264, 6860264, 6860264]

working on num_stages = 5
config has been saved to /home/liminglong.lml/sxz/SuperScaler/logs-large/aceso/configs/scale-layer/1024layers/scale-layer_1024layers_5stages_2026-5-16-3-26-6.json

========== Best Result (num_stages = 5) ==========
|260869.31|26991.40| op = [1984, 3057, 3052, 2004, 3218]| tp = [1, 1, 1, 1, 1, ] | dp = [1, 2, 2, 1, 2, ] | algo = [0, 0, 0, 0, 0, ] | rc = [1982, 2822, 2818, 1850, 1732] | gpus = [1, 2, 2, 1, 2] | micro_bs = 4 | time = [260869, 259452, 259255, 259496, 258525] | memory = [19252, 26330, 22999, 25680, 26991]
start|801585.23|26997.09| op = [2663, 2663, 2663, 2663, 2663]| tp = [2, 2, 2, 1, 1, ] | dp = [1, 1, 1, 1, 1, ] | algo = [0, 0, 0, 0, 0, ] | rc = [1326, 820, 712, 818, 602] | gpus = [2, 2, 2, 1, 1] | micro_bs = 1 | time = [801585, 766190, 758815, 517980, 498935] | memory = [26993, 26976, 26989, 26987, 26997]

[ Trial 0 ] |801585.23|26997.09| op = [2663, 2663, 2663, 2663, 2663]| tp = [2, 2, 2, 1, 1, ] | dp = [1, 1, 1, 1, 1, ] | algo = [0, 0, 0, 0, 0, ] | rc = [1326, 820, 712, 818, 602] | gpus = [2, 2, 2, 1, 1] | micro_bs = 1 | time = [801585, 766190, 758815, 517980, 498935] | memory = [26993, 26976, 26989, 26987, 26997]
>>>> [CONFIG: target(0), prim(dec_tp)]
|766233.49|26989.43| op = [2663, 2663, 2663, 2663, 2663]| tp = [1, 2, 2, 1, 2, ] | dp = [1, 1, 1, 1, 1, ] | algo = [0, 0, 0, 0, 0, ] | rc = [2457, 820, 712, 818, 234] | gpus = [1, 2, 2, 1, 2] | micro_bs = 1 | time = [615775, 766233, 758858, 518023, 729229] | memory = [25078, 26976, 26989, 26987, 24257]

[ Trial 1 ] |766233.49|26989.43| op = [2663, 2663, 2663, 2663, 2663]| tp = [1, 2, 2, 1, 2, ] | dp = [1, 1, 1, 1, 1, ] | algo = [0, 0, 0, 0, 0, ] | rc = [2457, 820, 712, 818, 234] | gpus = [1, 2, 2, 1, 2] | micro_bs = 1 | time = [615775, 766233, 758858, 518023, 729229] | memory = [25078, 26976, 26989, 26987, 24257]
>>>> [CONFIG: target(1), prim(dec_tp)]
|758876.77|26996.12| op = [2663, 2663, 2663, 2663, 2663]| tp = [1, 1, 2, 2, 2, ] | dp = [1, 1, 1, 1, 1, ] | algo = [0, 0, 0, 0, 0, ] | rc = [2457, 1533, 712, 486, 234] | gpus = [1, 1, 2, 2, 2] | micro_bs = 1 | time = [615793, 558476, 758876, 744293, 729247] | memory = [25078, 26988, 26989, 26996, 24257]

[ Trial 2 ] |758876.77|26996.12| op = [2663, 2663, 2663, 2663, 2663]| tp = [1, 1, 2, 2, 2, ] | dp = [1, 1, 1, 1, 1, ] | algo = [0, 0, 0, 0, 0, ] | rc = [2457, 1533, 712, 486, 234] | gpus = [1, 1, 2, 2, 2] | micro_bs = 1 | time = [615793, 558476, 758876, 744293, 729247] | memory = [25078, 26988, 26989, 26996, 24257]
>>>> [CONFIG: target(2), prim(dec_tp)]
|766255.25|26996.12| op = [2663, 2663, 2663, 2663, 2663]| tp = [1, 2, 1, 2, 2, ] | dp = [1, 1, 1, 1, 1, ] | algo = [0, 0, 0, 0, 0, ] | rc = [2457, 820, 1386, 486, 234] | gpus = [1, 2, 1, 2, 2] | micro_bs = 1 | time = [615797, 766255, 554885, 744296, 729250] | memory = [25078, 26976, 26985, 26996, 24257]
>>>> [CONFIG: target(1), prim(dec_op)]
|695493.65|26997.38| op = [2858, 2390, 3090, 2465, 2512]| tp = [1, 2, 1, 2, 2, ] | dp = [1, 1, 1, 1, 1, ] | algo = [0, 0, 0, 0, 0, ] | rc = [2637, 694, 2534, 392, 156] | gpus = [1, 2, 1, 2, 2] | micro_bs = 1 | time = [660578, 685268, 695493, 685254, 683400] | memory = [26863, 26910, 25803, 26997, 25197]

[ Trial 3 ] |695493.65|26997.38| op = [2858, 2390, 3090, 2465, 2512]| tp = [1, 2, 1, 2, 2, ] | dp = [1, 1, 1, 1, 1, ] | algo = [0, 0, 0, 0, 0, ] | rc = [2637, 694, 2534, 392, 156] | gpus = [1, 2, 1, 2, 2] | micro_bs = 1 | time = [660578, 685268, 695493, 685254, 683400] | memory = [26863, 26910, 25803, 26997, 25197]
>>>> [CONFIG: target(2), prim(dec_op)]
|685235.97|26997.38| op = [2912, 2385, 3041, 2465, 2512]| tp = [1, 2, 1, 2, 2, ] | dp = [1, 1, 1, 1, 1, ] | algo = [0, 0, 0, 0, 0, ] | rc = [2723, 697, 2104, 392, 156] | gpus = [1, 2, 1, 2, 2] | micro_bs = 1 | time = [674492, 683989, 664132, 685235, 683382] | memory = [25530, 26987, 26403, 26997, 25197]

[ Trial 4 ] |685235.97|26997.38| op = [2912, 2385, 3041, 2465, 2512]| tp = [1, 2, 1, 2, 2, ] | dp = [1, 1, 1, 1, 1, ] | algo = [0, 0, 0, 0, 0, ] | rc = [2723, 697, 2104, 392, 156] | gpus = [1, 2, 1, 2, 2] | micro_bs = 1 | time = [674492, 683989, 664132, 685235, 683382] | memory = [25530, 26987, 26403, 26997, 25197]
>>>> [CONFIG: target(3), prim(dec_tp)]
|843850.19|26940.63| op = [2912, 2385, 3041, 2465, 2512]| tp = [1, 1, 1, 1, 4, ] | dp = [1, 1, 1, 1, 1, ] | algo = [0, 0, 0, 0, 0, ] | rc = [2723, 1577, 2104, 728, 0] | gpus = [1, 1, 1, 1, 4] | micro_bs = 1 | time = [674283, 518195, 663923, 476504, 843850] | memory = [25530, 26705, 26403, 26940, 16729]
>>>> [CONFIG: target(4), prim(inc_mbs)]
|518768.01|25518.65| op = [2912, 2385, 3041, 2465, 2512]| tp = [1, 1, 1, 1, 2, ] | dp = [1, 1, 1, 1, 2, ] | algo = [0, 0, 0, 0, 0, ] | rc = [2910, 2385, 3040, 1693, 156] | gpus = [1, 1, 1, 1, 4] | micro_bs = 2 | time = [496841, 408189, 518768, 399661, 343909] | memory = [19816, 15987, 17760, 25518, 25197]

[ Trial 5 ] |518768.01|25518.65| op = [2912, 2385, 3041, 2465, 2512]| tp = [1, 1, 1, 1, 2, ] | dp = [1, 1, 1, 1, 2, ] | algo = [0, 0, 0, 0, 0, ] | rc = [2910, 2385, 3040, 1693, 156] | gpus = [1, 1, 1, 1, 4] | micro_bs = 2 | time = [496841, 408189, 518768, 399661, 343909] | memory = [19816, 15987, 17760, 25518, 25197]
>>>> [CONFIG: target(2), prim(dec_op)]
|434544.31|26953.85| op = [2540, 2545, 2576, 2656, 2998]| tp = [1, 1, 1, 1, 2, ] | dp = [1, 1, 1, 1, 2, ] | algo = [0, 0, 0, 0, 0, ] | rc = [2538, 2545, 2380, 1893, 400] | gpus = [1, 1, 1, 1, 4] | micro_bs = 2 | time = [434332, 434544, 434458, 432601, 416972] | memory = [17403, 16326, 26929, 26953, 22256]

[ Trial 6 ] |434544.31|26953.85| op = [2540, 2545, 2576, 2656, 2998]| tp = [1, 1, 1, 1, 2, ] | dp = [1, 1, 1, 1, 2, ] | algo = [0, 0, 0, 0, 0, ] | rc = [2538, 2545, 2380, 1893, 400] | gpus = [1, 1, 1, 1, 4] | micro_bs = 2 | time = [434332, 434544, 434458, 432601, 416972] | memory = [17403, 16326, 26929, 26953, 22256]
>>>> [CONFIG: target(1), prim(dec_op)]
|431237.22|26992.56| op = [2525, 2518, 2552, 2652, 3068]| tp = [1, 1, 1, 1, 2, ] | dp = [1, 1, 1, 1, 2, ] | algo = [0, 0, 0, 0, 0, ] | rc = [2523, 2518, 2356, 1842, 438] | gpus = [1, 1, 1, 1, 4] | micro_bs = 2 | time = [431237, 430314, 429877, 430077, 427531] | memory = [17379, 15696, 19393, 26992, 21783]

[ Trial 7 ] |431237.22|26992.56| op = [2525, 2518, 2552, 2652, 3068]| tp = [1, 1, 1, 1, 2, ] | dp = [1, 1, 1, 1, 2, ] | algo = [0, 0, 0, 0, 0, ] | rc = [2523, 2518, 2356, 1842, 438] | gpus = [1, 1, 1, 1, 4] | micro_bs = 2 | time = [431237, 430314, 429877, 430077, 427531] | memory = [17379, 15696, 19393, 26992, 21783]
>>>> [CONFIG: target(0), prim(inc_dp)]
|429448.38|26998.08| op = [2525, 2518, 2552, 2652, 3068]| tp = [1, 1, 1, 1, 1, ] | dp = [2, 1, 1, 2, 2, ] | algo = [0, 0, 0, 0, 0, ] | rc = [2192, 2518, 2356, 814, 824] | gpus = [2, 1, 1, 2, 2] | micro_bs = 2 | time = [289376, 429448, 429011, 259259, 294998] | memory = [26146, 15696, 19393, 26997, 26998]

[ Trial 8 ] |429448.38|26998.08| op = [2525, 2518, 2552, 2652, 3068]| tp = [1, 1, 1, 1, 1, ] | dp = [2, 1, 1, 2, 2, ] | algo = [0, 0, 0, 0, 0, ] | rc = [2192, 2518, 2356, 814, 824] | gpus = [2, 1, 1, 2, 2] | micro_bs = 2 | time = [289376, 429448, 429011, 259259, 294998] | memory = [26146, 15696, 19393, 26997, 26998]
>>>> [CONFIG: target(1), prim(dec_op)]
|348802.70|26998.53| op = [2710, 1987, 2120, 3248, 3250]| tp = [1, 1, 1, 1, 1, ] | dp = [2, 1, 1, 2, 2, ] | algo = [0, 0, 0, 0, 0, ] | rc = [2500, 1833, 1640, 1654, 922] | gpus = [2, 1, 1, 2, 2] | micro_bs = 2 | time = [314695, 334879, 348802, 337296, 314723] | memory = [26211, 25712, 26622, 26994, 26998]

[ Trial 9 ] |348802.70|26998.53| op = [2710, 1987, 2120, 3248, 3250]| tp = [1, 1, 1, 1, 1, ] | dp = [2, 1, 1, 2, 2, ] | algo = [0, 0, 0, 0, 0, ] | rc = [2500, 1833, 1640, 1654, 922] | gpus = [2, 1, 1, 2, 2] | micro_bs = 2 | time = [314695, 334879, 348802, 337296, 314723] | memory = [26211, 25712, 26622, 26994, 26998]
>>>> [CONFIG: target(2), prim(dec_op)]
|329080.08|26997.37| op = [2788, 1937, 2022, 3183, 3385]| tp = [1, 1, 1, 1, 1, ] | dp = [2, 1, 1, 2, 2, ] | algo = [0, 0, 0, 0, 0, ] | rc = [2572, 1787, 1402, 1568, 982] | gpus = [2, 1, 1, 2, 2] | micro_bs = 2 | time = [323612, 326804, 327743, 327483, 329080] | memory = [26925, 25720, 26994, 26993, 26997]

[ Trial 10 ] |329080.08|26997.37| op = [2788, 1937, 2022, 3183, 3385]| tp = [1, 1, 1, 1, 1, ] | dp = [2, 1, 1, 2, 2, ] | algo = [0, 0, 0, 0, 0, ] | rc = [2572, 1787, 1402, 1568, 982] | gpus = [2, 1, 1, 2, 2] | micro_bs = 2 | time = [323612, 326804, 327743, 327483, 329080] | memory = [26925, 25720, 26994, 26993, 26997]
>>>> [CONFIG: target(4), prim(dec_dp)]
|531662.93|26998.21| op = [2788, 1937, 2022, 3183, 3385]| tp = [1, 1, 1, 1, 1, ] | dp = [2, 2, 1, 2, 1, ] | algo = [0, 0, 0, 0, 0, ] | rc = [2572, 894, 1402, 1568, 1843] | gpus = [2, 2, 1, 2, 1] | micro_bs = 2 | time = [323755, 197586, 327886, 327626, 531662] | memory = [26925, 26983, 26994, 26993, 26998]
>>>> [CONFIG: target(4), prim(dec_op)]
|345666.04|26999.79| op = [2788, 2916, 2043, 3310, 2258]| tp = [1, 1, 1, 1, 1, ] | dp = [2, 2, 1, 2, 1, ] | algo = [0, 0, 0, 0, 0, ] | rc = [2572, 2569, 1721, 1717, 660] | gpus = [2, 2, 1, 2, 1] | micro_bs = 2 | time = [323704, 334502, 339178, 345666, 339253] | memory = [26925, 26149, 25134, 26999, 26999]
>>>> [CONFIG: target(3), prim(dec_dp)]
|556168.04|26999.34| op = [2788, 2916, 2043, 3310, 2258]| tp = [1, 1, 1, 1, 1, ] | dp = [2, 2, 2, 1, 1, ] | algo = [0, 0, 0, 0, 0, ] | rc = [2572, 2569, 630, 3056, 660] | gpus = [2, 2, 2, 1, 1] | micro_bs = 2 | time = [323844, 334642, 200623, 556168, 339393] | memory = [26925, 26149, 26989, 21351, 26999]
>>>> [CONFIG: target(3), prim(dec_op)]
|339405.05|26999.34| op = [2917, 2947, 3087, 2106, 2258]| tp = [1, 1, 1, 1, 1, ] | dp = [2, 2, 2, 1, 1, ] | algo = [0, 0, 0, 0, 0, ] | rc = [2731, 2640, 2138, 1041, 660] | gpus = [2, 2, 2, 1, 1] | micro_bs = 2 | time = [339405, 339182, 338432, 327562, 339256] | memory = [25408, 25833, 26563, 26996, 26999]
>>>> [CONFIG: target(0), prim(dec_dp)]
|497220.69|26999.34| op = [2917, 2947, 3087, 2106, 2258]| tp = [1, 1, 1, 1, 1, ] | dp = [1, 2, 2, 2, 1, ] | algo = [0, 0, 0, 0, 0, ] | rc = [2915, 2640, 2138, 564, 660] | gpus = [1, 2, 2, 2, 1] | micro_bs = 2 | time = [497220, 339245, 338495, 201927, 339318] | memory = [19839, 25833, 26563, 26998, 26999]
>>>> [CONFIG: target(0), prim(dec_op)]
|333591.57|26990.21| op = [1959, 2906, 3043, 3203, 2204]| tp = [1, 1, 1, 1, 1, ] | dp = [1, 2, 2, 2, 1, ] | algo = [0, 0, 0, 0, 0, ] | rc = [1889, 2529, 2107, 1600, 634] | gpus = [1, 2, 2, 2, 1] | micro_bs = 2 | time = [333028, 331797, 333591, 330975, 330467] | memory = [20458, 24723, 26415, 26990, 26988]
>>>> [CONFIG: target(2), prim(inc_mbs)]
|283385.24|26830.56| op = [1959, 2906, 3043, 3203, 2204]| tp = [1, 1, 1, 1, 1, ] | dp = [1, 2, 2, 2, 1, ] | algo = [0, 0, 0, 0, 0, ] | rc = [1957, 2682, 3043, 2957, 1545] | gpus = [1, 2, 2, 2, 1] | micro_bs = 4 | time = [257654, 246830, 262134, 271982, 283385] | memory = [19056, 25115, 17772, 26830, 26626]

[ Trial 11 ] |283385.24|26830.56| op = [1959, 2906, 3043, 3203, 2204]| tp = [1, 1, 1, 1, 1, ] | dp = [1, 2, 2, 2, 1, ] | algo = [0, 0, 0, 0, 0, ] | rc = [1957, 2682, 3043, 2957, 1545] | gpus = [1, 2, 2, 2, 1] | micro_bs = 4 | time = [257654, 246830, 262134, 271982, 283385] | memory = [19056, 25115, 17772, 26830, 26626]
>>>> [CONFIG: target(4), prim(dec_op)]
|265141.81|26762.27| op = [1959, 3067, 3098, 3102, 2089]| tp = [1, 1, 1, 1, 1, ] | dp = [1, 2, 2, 2, 1, ] | algo = [0, 0, 0, 0, 0, ] | rc = [1957, 2830, 2860, 2864, 1180] | gpus = [1, 2, 2, 2, 1] | micro_bs = 4 | time = [257606, 260447, 262847, 263567, 265141] | memory = [19056, 26424, 23370, 20039, 26762]

[ Trial 12 ] |265141.81|26762.27| op = [1959, 3067, 3098, 3102, 2089]| tp = [1, 1, 1, 1, 1, ] | dp = [1, 2, 2, 2, 1, ] | algo = [0, 0, 0, 0, 0, ] | rc = [1957, 2830, 2860, 2864, 1180] | gpus = [1, 2, 2, 2, 1] | micro_bs = 4 | time = [257606, 260447, 262847, 263567, 265141] | memory = [19056, 26424, 23370, 20039, 26762]
>>>> [CONFIG: target(4), prim(inc_dp)]
|400076.50|26988.53| op = [1959, 3067, 3098, 3102, 2089]| tp = [1, 1, 1, 1, 1, ] | dp = [1, 1, 2, 2, 2, ] | algo = [0, 0, 0, 0, 0, ] | rc = [1957, 3066, 2860, 2864, 580] | gpus = [1, 1, 2, 2, 2] | micro_bs = 4 | time = [257736, 400076, 262977, 263696, 158908] | memory = [19056, 25152, 23370, 20039, 26988]
>>>> [CONFIG: target(1), prim(dec_op)]
|303366.59|26993.53| op = [1959, 2321, 3535, 3201, 2299]| tp = [1, 1, 1, 1, 1, ] | dp = [1, 1, 2, 2, 2, ] | algo = [0, 0, 0, 0, 0, ] | rc = [1957, 2264, 3535, 2955, 684] | gpus = [1, 1, 2, 2, 2] | micro_bs = 4 | time = [257615, 302780, 303366, 271802, 176501] | memory = [19056, 23188, 20122, 26571, 26993]
>>>> [CONFIG: target(2), prim(dec_dp)]
|461061.30|26996.19| op = [1959, 2321, 3535, 3201, 2299]| tp = [1, 1, 1, 1, 1, ] | dp = [1, 1, 1, 1, 4, ] | algo = [0, 0, 0, 0, 0, ] | rc = [1957, 2264, 3535, 3201, 420] | gpus = [1, 1, 1, 1, 4] | micro_bs = 4 | time = [258537, 303702, 461061, 418577, 109867] | memory = [19056, 23188, 25570, 20217, 26996]
>>>> [CONFIG: target(2), prim(dec_op)]
|285797.55|25727.06| op = [2008, 2141, 2174, 2189, 4803]| tp = [1, 1, 1, 1, 1, ] | dp = [1, 1, 1, 1, 4, ] | algo = [0, 0, 0, 0, 0, ] | rc = [2006, 2140, 2174, 2104, 4222] | gpus = [1, 1, 1, 1, 4] | micro_bs = 4 | time = [264571, 280758, 285797, 285681, 278143] | memory = [22304, 19244, 16352, 21724, 25727]
>>>> [CONFIG: target(2), prim(inc_dp)]
|407282.89|26826.11| op = [2008, 2141, 2174, 2189, 4803]| tp = [1, 1, 1, 1, 1, ] | dp = [2, 1, 2, 1, 2, ] | algo = [0, 0, 0, 0, 0, ] | rc = [2006, 2140, 1720, 2104, 4433] | gpus = [2, 1, 2, 1, 2] | micro_bs = 4 | time = [174984, 280511, 182461, 285434, 407282] | memory = [15399, 19244, 26527, 21724, 26826]
>>>> [CONFIG: target(4), prim(dec_op)]
|269617.49|26804.12| op = [2988, 1984, 3030, 2001, 3312]| tp = [1, 1, 1, 1, 1, ] | dp = [2, 1, 2, 1, 2, ] | algo = [0, 0, 0, 0, 0, ] | rc = [2986, 1895, 3029, 1847, 2058] | gpus = [2, 1, 2, 1, 2] | micro_bs = 4 | time = [257377, 259890, 260911, 259478, 269617] | memory = [20362, 25092, 17700, 26804, 26436]
>>>> [CONFIG: target(4), prim(dec_op)]
|261650.30|26846.84| op = [3034, 1989, 3040, 2016, 3236]| tp = [1, 1, 1, 1, 1, ] | dp = [2, 1, 2, 1, 2, ] | algo = [0, 0, 0, 0, 0, ] | rc = [3032, 1989, 3040, 1861, 1815] | gpus = [2, 1, 2, 1, 2] | micro_bs = 4 | time = [261363, 261650, 261569, 261635, 261227] | memory = [20595, 18040, 17784, 26348, 26846]

[ Trial 13 ] |261650.30|26846.84| op = [3034, 1989, 3040, 2016, 3236]| tp = [1, 1, 1, 1, 1, ] | dp = [2, 1, 2, 1, 2, ] | algo = [0, 0, 0, 0, 0, ] | rc = [3032, 1989, 3040, 1861, 1815] | gpus = [2, 1, 2, 1, 2] | micro_bs = 4 | time = [261363, 261650, 261569, 261635, 261227] | memory = [20595, 18040, 17784, 26348, 26846]
>>>> [CONFIG: target(1), prim(inc_dp)]
|396242.85|28128.09| op = [3034, 1989, 3040, 2016, 3236]| tp = [1, 1, 1, 1, 1, ] | dp = [1, 2, 2, 1, 2, ] | algo = [0, 0, 0, 0, 0, ] | rc = [3032, 1836, 3040, 1861, 1815] | gpus = [1, 2, 2, 1, 2] | micro_bs = 4 | time = [396242, 171061, 261742, 261808, 261399] | memory = [28128, 25184, 17784, 26348, 26846]
>>>> [CONFIG: target(0), prim(dec_op)]
|393570.44|27980.59| op = [3016, 2007, 3040, 2016, 3236]| tp = [1, 1, 1, 1, 1, ] | dp = [1, 2, 2, 1, 2, ] | algo = [0, 0, 0, 0, 0, ] | rc = [3014, 1853, 3040, 1861, 1815] | gpus = [1, 2, 2, 1, 2] | micro_bs = 4 | time = [393570, 172511, 261737, 261803, 261395] | memory = [27980, 24867, 17784, 26348, 26846]
>>>> [CONFIG: target(0), prim(dec_op)]
|262652.30|26846.84| op = [1999, 3024, 3040, 2016, 3236]| tp = [1, 1, 1, 1, 1, ] | dp = [1, 2, 2, 1, 2, ] | algo = [0, 0, 0, 0, 0, ] | rc = [1997, 2792, 3040, 1861, 1815] | gpus = [1, 2, 2, 1, 2] | micro_bs = 4 | time = [262652, 256915, 261556, 261622, 261214] | memory = [19360, 26057, 17784, 26348, 26846]
>>>> [CONFIG: target(0), prim(dec_op)]
|262653.27|26846.84| op = [1999, 3038, 3026, 2016, 3236]| tp = [1, 1, 1, 1, 1, ] | dp = [1, 2, 2, 1, 2, ] | algo = [0, 0, 0, 0, 0, ] | rc = [1997, 2825, 3025, 1861, 1815] | gpus = [1, 2, 2, 1, 2] | micro_bs = 4 | time = [262653, 258465, 260255, 261623, 261215] | memory = [19360, 26739, 17724, 26348, 26846]
>>>> [CONFIG: target(0), prim(dec_op)]
|260869.31|26991.40| op = [1984, 3057, 3052, 2004, 3218]| tp = [1, 1, 1, 1, 1, ] | dp = [1, 2, 2, 1, 2, ] | algo = [0, 0, 0, 0, 0, ] | rc = [1982, 2822, 2818, 1850, 1732] | gpus = [1, 2, 2, 1, 2] | micro_bs = 4 | time = [260869, 259452, 259255, 259496, 258525] | memory = [19252, 26330, 22999, 25680, 26991]

num_targets: [1, 1, 1, 1, 1, 1, 1, 1, 1, 1, 1, 1, 1, 1]
num_hops: [1, 1, 2, 1, 2, 1, 1, 1, 1, 1, 7, 1, 7, 5]
search time = 200.00 s.  [0, 1, 2, 5, 7, 10, 14, 18, 22, 29, 33, 59, 63, 195, 207, 208, 209, 210, 211, 212, 213, 214, 215, 216, 217, 218, 219, 220, 221, 222, 223, 224, 225, 226, 227] 
num_explored_cases = 311
time trend: [801585, 766233, 758876, 695493, 685235, 518768, 434544, 431237, 429448, 348802, 329080, 283385, 265141, 261650, 260869, 260869, 260869, 263797, 278990, 293121, 300487, 303679, 304932, 333031, 429244, 431236, 433568, 495956, 627418, 266840, 261650, 261650, 261650, 261650, 261650]

working on num_stages = 2
config has been saved to /home/liminglong.lml/sxz/SuperScaler/logs-large/aceso/configs/scale-layer/1024layers/scale-layer_1024layers_2stages_2026-5-16-3-26-6.json

========== Best Result (num_stages = 2) ==========
|754640.51|26276.35| op = [6405, 6910]| tp = [2, 2, ] | dp = [2, 2, ] | algo = [0, 0, ] | rc = [6403, 6577] | gpus = [4, 4] | micro_bs = 8 | time = [749606, 754640] | memory = [25928, 26276]
start|3264946.25|14387.59| op = [6657, 6658]| tp = [4, 4, ] | dp = [1, 1, ] | algo = [0, 0, ] | rc = [6655, 6499] | gpus = [4, 4] | micro_bs = 1 | time = [3264946, 3257895] | memory = [10196, 14387]

[ Trial 0 ] |3264946.25|14387.59| op = [6657, 6658]| tp = [4, 4, ] | dp = [1, 1, ] | algo = [0, 0, ] | rc = [6655, 6499] | gpus = [4, 4] | micro_bs = 1 | time = [3264946, 3257895] | memory = [10196, 14387]
>>>> [CONFIG: target(0), prim(dec_op)]
|3261673.78|14399.20| op = [6650, 6665]| tp = [4, 4, ] | dp = [1, 1, ] | algo = [0, 0, ] | rc = [6648, 6507] | gpus = [4, 4] | micro_bs = 1 | time = [3261287, 3261673] | memory = [10181, 14399]

[ Trial 1 ] |3261673.78|14399.20| op = [6650, 6665]| tp = [4, 4, ] | dp = [1, 1, ] | algo = [0, 0, ] | rc = [6648, 6507] | gpus = [4, 4] | micro_bs = 1 | time = [3261287, 3261673] | memory = [10181, 14399]
>>>> [CONFIG: target(1), prim(inc_mbs)]
|1084930.16|26998.69| op = [6650, 6665]| tp = [2, 2, ] | dp = [2, 2, ] | algo = [0, 0, ] | rc = [5225, 2412] | gpus = [4, 4] | micro_bs = 2 | time = [1084930, 968666] | memory = [26762, 26998]

[ Trial 2 ] |1084930.16|26998.69| op = [6650, 6665]| tp = [2, 2, ] | dp = [2, 2, ] | algo = [0, 0, ] | rc = [5225, 2412] | gpus = [4, 4] | micro_bs = 2 | time = [1084930, 968666] | memory = [26762, 26998]
>>>> [CONFIG: target(0), prim(dec_op)]
|1027609.04|26998.43| op = [6351, 6964]| tp = [2, 2, ] | dp = [2, 2, ] | algo = [0, 0, ] | rc = [4492, 3114] | gpus = [4, 4] | micro_bs = 2 | time = [1003102, 1027609] | memory = [26971, 26998]

[ Trial 3 ] |1027609.04|26998.43| op = [6351, 6964]| tp = [2, 2, ] | dp = [2, 2, ] | algo = [0, 0, ] | rc = [4492, 3114] | gpus = [4, 4] | micro_bs = 2 | time = [1003102, 1027609] | memory = [26971, 26998]
>>>> [CONFIG: target(1), prim(inc_mbs)]
|902166.22|26434.39| op = [6351, 6964]| tp = [2, 2, ] | dp = [2, 2, ] | algo = [0, 0, ] | rc = [6349, 6186] | gpus = [4, 4] | micro_bs = 4 | time = [902166, 844519] | memory = [19565, 26434]

[ Trial 4 ] |902166.22|26434.39| op = [6351, 6964]| tp = [2, 2, ] | dp = [2, 2, ] | algo = [0, 0, ] | rc = [6349, 6186] | gpus = [4, 4] | micro_bs = 4 | time = [902166, 844519] | memory = [19565, 26434]
>>>> [CONFIG: target(0), prim(inc_mbs)]
|815714.92|25706.20| op = [6351, 6964]| tp = [2, 2, ] | dp = [2, 2, ] | algo = [0, 0, ] | rc = [6349, 6963] | gpus = [4, 4] | micro_bs = 8 | time = [743695, 815714] | memory = [25706, 22458]

[ Trial 5 ] |815714.92|25706.20| op = [6351, 6964]| tp = [2, 2, ] | dp = [2, 2, ] | algo = [0, 0, ] | rc = [6349, 6963] | gpus = [4, 4] | micro_bs = 8 | time = [743695, 815714] | memory = [25706, 22458]
>>>> [CONFIG: target(1), prim(dec_op)]
|771964.49|26693.45| op = [6600, 6715]| tp = [2, 2, ] | dp = [2, 2, ] | algo = [0, 0, ] | rc = [6598, 6301] | gpus = [4, 4] | micro_bs = 8 | time = [771964, 718791] | memory = [26693, 26663]

[ Trial 6 ] |771964.49|26693.45| op = [6600, 6715]| tp = [2, 2, ] | dp = [2, 2, ] | algo = [0, 0, ] | rc = [6598, 6301] | gpus = [4, 4] | micro_bs = 8 | time = [771964, 718791] | memory = [26693, 26663]
>>>> [CONFIG: target(0), prim(dec_mbs)]
|937251.58|26581.14| op = [6600, 6715]| tp = [2, 2, ] | dp = [2, 2, ] | algo = [0, 0, ] | rc = [6598, 5732] | gpus = [4, 4] | micro_bs = 4 | time = [937251, 770843] | memory = [20317, 26581]
>>>> [CONFIG: target(0), prim(dec_mbs)]
|1071364.69|26998.57| op = [6600, 6715]| tp = [2, 2, ] | dp = [2, 2, ] | algo = [0, 0, ] | rc = [5103, 2530] | gpus = [4, 4] | micro_bs = 2 | time = [1071364, 978439] | memory = [26797, 26998]
>>>> [CONFIG: target(0), prim(dec_mbs)]
|3285861.44|14357.59| op = [6600, 6715]| tp = [4, 4, ] | dp = [1, 1, ] | algo = [0, 0, ] | rc = [6598, 6559] | gpus = [4, 4] | micro_bs = 1 | time = [3237150, 3285861] | memory = [10109, 14357]
>>>> [CONFIG: target(1), prim(dec_op)]
|3262054.12|14379.20| op = [6649, 6666]| tp = [4, 4, ] | dp = [1, 1, ] | algo = [0, 0, ] | rc = [6647, 6509] | gpus = [4, 4] | micro_bs = 1 | time = [3261100, 3262054] | memory = [10252, 14379]
>>>> [CONFIG: target(1), prim(inc_mbs)]
|1088650.65|26999.69| op = [6649, 6666]| tp = [2, 2, ] | dp = [2, 2, ] | algo = [0, 0, ] | rc = [5283, 2428] | gpus = [4, 4] | micro_bs = 2 | time = [1088650, 969233] | memory = [26741, 26999]
>>>> [CONFIG: target(0), prim(inc_mbs)]
|944107.44|26989.39| op = [6649, 6666]| tp = [2, 2, ] | dp = [2, 2, ] | algo = [0, 0, ] | rc = [6647, 5656] | gpus = [4, 4] | micro_bs = 4 | time = [944107, 759013] | memory = [20746, 26989]
>>>> [CONFIG: target(0), prim(inc_mbs)]
|781386.94|27447.20| op = [6649, 6666]| tp = [2, 2, ] | dp = [2, 2, ] | algo = [0, 0, ] | rc = [6647, 6664] | gpus = [4, 4] | micro_bs = 8 | time = [778115, 781386] | memory = [27447, 21693]

[ Trial 7 ] |781386.94|27447.20| op = [6649, 6666]| tp = [2, 2, ] | dp = [2, 2, ] | algo = [0, 0, ] | rc = [6647, 6664] | gpus = [4, 4] | micro_bs = 8 | time = [778115, 781386] | memory = [27447, 21693]
>>>> [CONFIG: target(1), prim(dec_op)]
|780060.77|27178.20| op = [6660, 6655]| tp = [2, 2, ] | dp = [2, 2, ] | algo = [0, 0, ] | rc = [6658, 6654] | gpus = [4, 4] | micro_bs = 8 | time = [779457, 780060] | memory = [27178, 21650]
>>>> [CONFIG: target(1), prim(dec_mbs)]
|945770.12|26990.39| op = [6660, 6655]| tp = [2, 2, ] | dp = [2, 2, ] | algo = [0, 0, ] | rc = [6658, 5639] | gpus = [4, 4] | micro_bs = 4 | time = [945770, 756045] | memory = [20625, 26990]
>>>> [CONFIG: target(0), prim(dec_mbs)]
|1089994.21|26998.66| op = [6660, 6655]| tp = [2, 2, ] | dp = [2, 2, ] | algo = [0, 0, ] | rc = [5279, 2401] | gpus = [4, 4] | micro_bs = 2 | time = [1089994, 966914] | memory = [26742, 26998]
>>>> [CONFIG: target(0), prim(dec_op)]
|1028527.84|26998.18| op = [6346, 6969]| tp = [2, 2, ] | dp = [2, 2, ] | algo = [0, 0, ] | rc = [4483, 3124] | gpus = [4, 4] | micro_bs = 2 | time = [1002146, 1028527] | memory = [26970, 26998]
>>>> [CONFIG: target(1), prim(inc_mbs)]
|901525.31|26425.14| op = [6346, 6969]| tp = [2, 2, ] | dp = [2, 2, ] | algo = [0, 0, ] | rc = [6344, 6194] | gpus = [4, 4] | micro_bs = 4 | time = [901525, 845674] | memory = [19563, 26425]
>>>> [CONFIG: target(0), prim(inc_mbs)]
|816236.21|25707.57| op = [6346, 6969]| tp = [2, 2, ] | dp = [2, 2, ] | algo = [0, 0, ] | rc = [6344, 6968] | gpus = [4, 4] | micro_bs = 8 | time = [743155, 816236] | memory = [25707, 22469]
>>>> [CONFIG: target(1), prim(dec_op)]
|771946.21|26685.45| op = [6599, 6716]| tp = [2, 2, ] | dp = [2, 2, ] | algo = [0, 0, ] | rc = [6597, 6303] | gpus = [4, 4] | micro_bs = 8 | time = [771946, 718820] | memory = [26685, 26663]

[ Trial 8 ] |771946.21|26685.45| op = [6599, 6716]| tp = [2, 2, ] | dp = [2, 2, ] | algo = [0, 0, ] | rc = [6597, 6303] | gpus = [4, 4] | micro_bs = 8 | time = [771946, 718820] | memory = [26685, 26663]
>>>> [CONFIG: target(0), prim(dec_mbs)]
|937208.00|26581.11| op = [6599, 6716]| tp = [2, 2, ] | dp = [2, 2, ] | algo = [0, 0, ] | rc = [6597, 5734] | gpus = [4, 4] | micro_bs = 4 | time = [937208, 770895] | memory = [20313, 26581]
>>>> [CONFIG: target(0), prim(dec_mbs)]
|1071019.61|26999.57| op = [6599, 6716]| tp = [2, 2, ] | dp = [2, 2, ] | algo = [0, 0, ] | rc = [5099, 2532] | gpus = [4, 4] | micro_bs = 2 | time = [1071019, 978571] | memory = [26801, 26999]
>>>> [CONFIG: target(0), prim(dec_mbs)]
|3286182.24|14321.57| op = [6599, 6716]| tp = [4, 4, ] | dp = [1, 1, ] | algo = [0, 0, ] | rc = [6597, 6562] | gpus = [4, 4] | micro_bs = 1 | time = [3237028, 3286182] | memory = [10107, 14321]
>>>> [CONFIG: target(1), prim(dec_op)]
|3265876.62|14375.57| op = [6641, 6674]| tp = [4, 4, ] | dp = [1, 1, ] | algo = [0, 0, ] | rc = [6639, 6517] | gpus = [4, 4] | micro_bs = 1 | time = [3257165, 3265876] | memory = [10170, 14375]
>>>> [CONFIG: target(1), prim(inc_mbs)]
|1082798.37|26996.46| op = [6641, 6674]| tp = [2, 2, ] | dp = [2, 2, ] | algo = [0, 0, ] | rc = [5206, 2434] | gpus = [4, 4] | micro_bs = 2 | time = [1082798, 1007710] | memory = [26768, 26996]
>>>> [CONFIG: target(0), prim(inc_mbs)]
|943331.36|26025.02| op = [6641, 6674]| tp = [2, 2, ] | dp = [2, 2, ] | algo = [0, 0, ] | rc = [6639, 5134] | gpus = [4, 4] | micro_bs = 4 | time = [943331, 839958] | memory = [20447, 26025]
>>>> [CONFIG: target(0), prim(dec_op)]
|901811.82|26426.39| op = [6347, 6968]| tp = [2, 2, ] | dp = [2, 2, ] | algo = [0, 0, ] | rc = [6345, 6192] | gpus = [4, 4] | micro_bs = 4 | time = [901811, 845224] | memory = [19573, 26426]

[ Trial 13 ] |901811.82|26426.39| op = [6347, 6968]| tp = [2, 2, ] | dp = [2, 2, ] | algo = [0, 0, ] | rc = [6345, 6192] | gpus = [4, 4] | micro_bs = 4 | time = [901811, 845224] | memory = [19573, 26426]
>>>> [CONFIG: target(0), prim(dec_mbs)]
|1028115.42|26997.43| op = [6347, 6968]| tp = [2, 2, ] | dp = [2, 2, ] | algo = [0, 0, ] | rc = [4490, 3120] | gpus = [4, 4] | micro_bs = 2 | time = [1002725, 1028115] | memory = [26971, 26997]
>>>> [CONFIG: target(1), prim(dec_mbs)]
|3410653.71|14095.70| op = [6347, 6968]| tp = [4, 4, ] | dp = [1, 1, ] | algo = [0, 0, ] | rc = [6345, 6829] | gpus = [4, 4] | micro_bs = 1 | time = [3113531, 3410653] | memory = [9734, 14095]
>>>> [CONFIG: target(1), prim(dec_op)]
|3290198.52|14329.07| op = [6591, 6724]| tp = [4, 4, ] | dp = [1, 1, ] | algo = [0, 0, ] | rc = [6589, 6570] | gpus = [4, 4] | micro_bs = 1 | time = [3233012, 3290198] | memory = [10097, 14329]
>>>> [CONFIG: target(1), prim(inc_mbs)]
|1069122.61|26999.59| op = [6591, 6724]| tp = [2, 2, ] | dp = [2, 2, ] | algo = [0, 0, ] | rc = [5084, 2546] | gpus = [4, 4] | micro_bs = 2 | time = [1069122, 979994] | memory = [26804, 26999]
>>>> [CONFIG: target(0), prim(dec_op)]
|1017989.83|26998.05| op = [6405, 6910]| tp = [2, 2, ] | dp = [2, 2, ] | algo = [0, 0, ] | rc = [4626, 2988] | gpus = [4, 4] | micro_bs = 2 | time = [1017989, 1016884] | memory = [26932, 26998]
>>>> [CONFIG: target(0), prim(inc_mbs)]
|909880.10|25054.14| op = [6405, 6910]| tp = [2, 2, ] | dp = [2, 2, ] | algo = [0, 0, ] | rc = [6403, 6088] | gpus = [4, 4] | micro_bs = 4 | time = [909880, 828626] | memory = [19732, 25054]
>>>> [CONFIG: target(0), prim(inc_mbs)]
|754640.51|26276.35| op = [6405, 6910]| tp = [2, 2, ] | dp = [2, 2, ] | algo = [0, 0, ] | rc = [6403, 6577] | gpus = [4, 4] | micro_bs = 8 | time = [749606, 754640] | memory = [25928, 26276]

num_targets: [1, 1, 1, 1, 1, 1, 1, 1, 1]
num_hops: [1, 1, 1, 1, 1, 1, 7, 1, 7]
search time = 200.81 s.  [0, 2, 3, 5, 7, 10, 12, 48, 82, 112, 115, 117, 120, 133, 154, 174, 196, 200, 209] 
num_explored_cases = 930
time trend: [3264946, 3261673, 1084930, 1027609, 902166, 815714, 771964, 771964, 771946, 771946, 776659, 815931, 766224, 766224, 754640, 754640, 772187, 776418, 764088]

working on num_stages = 7
config has been saved to /home/liminglong.lml/sxz/SuperScaler/logs-large/aceso/configs/scale-layer/1024layers/scale-layer_1024layers_7stages_2026-5-16-3-26-6.json

========== Best Result (num_stages = 7) ==========
|229078.15|26995.88| op = [1732, 1729, 1729, 1729, 1731, 1764, 2901]| tp = [1, 1, 1, 1, 1, 1, 1, ] | dp = [1, 1, 1, 1, 1, 1, 2, ] | algo = [0, 0, 0, 0, 0, 0, 0, ] | rc = [1730, 1729, 1729, 1729, 1700, 1520, 1350] | gpus = [1, 1, 1, 1, 1, 1, 2] | micro_bs = 4 | time = [229078, 228785, 228785, 228785, 228878, 229033, 229002] | memory = [20556, 18560, 16908, 15256, 17252, 26121, 26995]
start|564641.75|26990.75| op = [1902, 1902, 1902, 1902, 1902, 1902, 1903]| tp = [2, 1, 1, 1, 1, 1, 1, ] | dp = [1, 1, 1, 1, 1, 1, 1, ] | algo = [0, 0, 0, 0, 0, 0, 0, ] | rc = [882, 1313, 984, 800, 566, 464, 292] | gpus = [2, 1, 1, 1, 1, 1, 1] | micro_bs = 1 | time = [564641, 416329, 395936, 380418, 368782, 357069, 343217] | memory = [26990, 25252, 26979, 26970, 26892, 26937, 23817]

[ Trial 0 ] |564641.75|26990.75| op = [1902, 1902, 1902, 1902, 1902, 1902, 1903]| tp = [2, 1, 1, 1, 1, 1, 1, ] | dp = [1, 1, 1, 1, 1, 1, 1, ] | algo = [0, 0, 0, 0, 0, 0, 0, ] | rc = [882, 1313, 984, 800, 566, 464, 292] | gpus = [2, 1, 1, 1, 1, 1, 1] | micro_bs = 1 | time = [564641, 416329, 395936, 380418, 368782, 357069, 343217] | memory = [26990, 25252, 26979, 26970, 26892, 26937, 23817]
>>>> [CONFIG: target(0), prim(dec_tp)]
|510504.97|26979.36| op = [1902, 1902, 1902, 1902, 1902, 1902, 1903]| tp = [1, 1, 1, 1, 1, 1, 2, ] | dp = [1, 1, 1, 1, 1, 1, 1, ] | algo = [0, 0, 0, 0, 0, 0, 0, ] | rc = [1495, 1313, 984, 800, 566, 464, 0] | gpus = [1, 1, 1, 1, 1, 1, 2] | micro_bs = 1 | time = [426375, 416357, 395964, 380447, 368810, 357098, 510504] | memory = [26519, 25252, 26979, 26970, 26892, 26937, 23377]

[ Trial 1 ] |510504.97|26979.36| op = [1902, 1902, 1902, 1902, 1902, 1902, 1903]| tp = [1, 1, 1, 1, 1, 1, 2, ] | dp = [1, 1, 1, 1, 1, 1, 1, ] | algo = [0, 0, 0, 0, 0, 0, 0, ] | rc = [1495, 1313, 984, 800, 566, 464, 0] | gpus = [1, 1, 1, 1, 1, 1, 2] | micro_bs = 1 | time = [426375, 416357, 395964, 380447, 368810, 357098, 510504] | memory = [26519, 25252, 26979, 26970, 26892, 26937, 23377]
>>>> [CONFIG: target(6), prim(dec_tp)]
|528575.93|26979.36| op = [1902, 1902, 1902, 1902, 1902, 1902, 1903]| tp = [1, 1, 1, 1, 1, 2, 1, ] | dp = [1, 1, 1, 1, 1, 1, 1, ] | algo = [0, 0, 0, 0, 0, 0, 0, ] | rc = [1495, 1313, 984, 800, 566, 292, 292] | gpus = [1, 1, 1, 1, 1, 2, 1] | micro_bs = 1 | time = [426380, 416361, 395968, 380451, 368814, 528575, 343249] | memory = [26519, 25252, 26979, 26970, 26892, 20998, 23817]
>>>> [CONFIG: target(5), prim(dec_op)]
|403506.20|26999.97| op = [1815, 1865, 1920, 1980, 2048, 1478, 2209]| tp = [1, 1, 1, 1, 1, 2, 1, ] | dp = [1, 1, 1, 1, 1, 1, 1, ] | algo = [0, 0, 0, 0, 0, 0, 0, ] | rc = [1256, 1195, 998, 902, 632, 118, 371] | gpus = [1, 1, 1, 1, 1, 2, 1] | micro_bs = 1 | time = [397814, 402532, 400765, 398855, 398986, 403506, 399948] | memory = [26771, 25834, 26978, 26971, 26995, 24157, 26999]

[ Trial 2 ] |403506.20|26999.97| op = [1815, 1865, 1920, 1980, 2048, 1478, 2209]| tp = [1, 1, 1, 1, 1, 2, 1, ] | dp = [1, 1, 1, 1, 1, 1, 1, ] | algo = [0, 0, 0, 0, 0, 0, 0, ] | rc = [1256, 1195, 998, 902, 632, 118, 371] | gpus = [1, 1, 1, 1, 1, 2, 1] | micro_bs = 1 | time = [397814, 402532, 400765, 398855, 398986, 403506, 399948] | memory = [26771, 25834, 26978, 26971, 26995, 24157, 26999]
>>>> [CONFIG: target(5), prim(dec_tp)]
|533014.70|26999.97| op = [1815, 1865, 1920, 1980, 2048, 1478, 2209]| tp = [2, 1, 1, 1, 1, 1, 1, ] | dp = [1, 1, 1, 1, 1, 1, 1, ] | algo = [0, 0, 0, 0, 0, 0, 0, ] | rc = [740, 1195, 998, 902, 632, 274, 371] | gpus = [2, 1, 1, 1, 1, 1, 1] | micro_bs = 1 | time = [533014, 402532, 400765, 398855, 398985, 268203, 399947] | memory = [26995, 25834, 26978, 26971, 26995, 26998, 26999]
>>>> [CONFIG: target(0), prim(dec_op)]
|415051.74|26999.97| op = [1445, 1853, 1918, 1974, 2006, 1910, 2209]| tp = [2, 1, 1, 1, 1, 1, 1, ] | dp = [1, 1, 1, 1, 1, 1, 1, ] | algo = [0, 0, 0, 0, 0, 0, 0, ] | rc = [414, 1161, 998, 892, 610, 472, 371] | gpus = [2, 1, 1, 1, 1, 1, 1] | micro_bs = 1 | time = [415051, 399419, 399878, 397567, 390213, 359605, 399908] | memory = [26966, 26003, 26980, 26981, 26906, 26999, 26999]
>>>> [CONFIG: target(0), prim(dec_tp)]
|530774.84|26999.97| op = [1445, 1853, 1918, 1974, 2006, 1910, 2209]| tp = [1, 1, 1, 1, 1, 2, 1, ] | dp = [1, 1, 1, 1, 1, 1, 1, ] | algo = [0, 0, 0, 0, 0, 0, 0, ] | rc = [739, 1161, 998, 892, 610, 294, 371] | gpus = [1, 1, 1, 1, 1, 2, 1] | micro_bs = 1 | time = [301136, 399475, 399933, 397622, 390269, 530774, 399964] | memory = [26980, 26003, 26980, 26981, 26906, 21172, 26999]
>>>> [CONFIG: target(5), prim(dec_op)]
|436840.32|26999.97| op = [1445, 1853, 1918, 2123, 2190, 1577, 2209]| tp = [1, 1, 1, 1, 1, 2, 1, ] | dp = [1, 1, 1, 1, 1, 1, 1, ] | algo = [0, 0, 0, 0, 0, 0, 0, ] | rc = [739, 1161, 998, 1052, 804, 164, 371] | gpus = [1, 1, 1, 1, 1, 2, 1] | micro_bs = 1 | time = [301119, 399458, 399917, 436840, 431862, 432953, 399947] | memory = [26980, 26003, 26980, 26984, 26991, 23093, 26999]
>>>> [CONFIG: target(3), prim(dec_op)]
|432360.20|26999.97| op = [1604, 1854, 1878, 2004, 2192, 1574, 2209]| tp = [1, 1, 1, 1, 1, 2, 1, ] | dp = [1, 1, 1, 1, 1, 1, 1, ] | algo = [0, 0, 0, 0, 0, 0, 0, ] | rc = [966, 1212, 983, 938, 808, 164, 371] | gpus = [1, 1, 1, 1, 1, 2, 1] | micro_bs = 1 | time = [344662, 401970, 393030, 406383, 432360, 432131, 399955] | memory = [26273, 25699, 26993, 26986, 26979, 23072, 26999]
>>>> [CONFIG: target(4), prim(dec_op)]
|432128.22|26999.97| op = [1604, 1854, 1957, 2017, 2100, 1574, 2209]| tp = [1, 1, 1, 1, 1, 2, 1, ] | dp = [1, 1, 1, 1, 1, 1, 1, ] | algo = [0, 0, 0, 0, 0, 0, 0, ] | rc = [966, 1212, 1036, 942, 680, 164, 371] | gpus = [1, 1, 1, 1, 1, 2, 1] | micro_bs = 1 | time = [344659, 401967, 410689, 408177, 410003, 432128, 399953] | memory = [26273, 25699, 26976, 26984, 26988, 23072, 26999]
>>>> [CONFIG: target(5), prim(inc_mbs)]
|349187.98|26995.09| op = [1604, 1854, 1957, 2017, 2100, 1574, 2209]| tp = [1, 1, 1, 1, 1, 1, 1, ] | dp = [1, 1, 1, 1, 1, 2, 1, ] | algo = [0, 0, 0, 0, 0, 0, 0, ] | rc = [1588, 1854, 1866, 1862, 1776, 314, 641] | gpus = [1, 1, 1, 1, 1, 2, 1] | micro_bs = 2 | time = [275547, 317774, 332832, 340436, 349187, 146893, 332859] | memory = [14811, 14152, 22295, 25016, 25735, 26969, 26995]

[ Trial 3 ] |349187.98|26995.09| op = [1604, 1854, 1957, 2017, 2100, 1574, 2209]| tp = [1, 1, 1, 1, 1, 1, 1, ] | dp = [1, 1, 1, 1, 1, 2, 1, ] | algo = [0, 0, 0, 0, 0, 0, 0, ] | rc = [1588, 1854, 1866, 1862, 1776, 314, 641] | gpus = [1, 1, 1, 1, 1, 2, 1] | micro_bs = 2 | time = [275547, 317774, 332832, 340436, 349187, 146893, 332859] | memory = [14811, 14152, 22295, 25016, 25735, 26969, 26995]
>>>> [CONFIG: target(4), prim(dec_op)]
|317625.92|26995.67| op = [1604, 1854, 1764, 1790, 1818, 2577, 1908]| tp = [1, 1, 1, 1, 1, 1, 1, ] | dp = [1, 1, 1, 1, 1, 2, 1, ] | algo = [0, 0, 0, 0, 0, 0, 0, ] | rc = [1588, 1854, 1629, 1514, 1158, 789, 494] | gpus = [1, 1, 1, 1, 1, 2, 1] | micro_bs = 2 | time = [275398, 317625, 298587, 298608, 293139, 252629, 282594] | memory = [14811, 14152, 25424, 26647, 25909, 26984, 26995]

[ Trial 4 ] |317625.92|26995.67| op = [1604, 1854, 1764, 1790, 1818, 2577, 1908]| tp = [1, 1, 1, 1, 1, 1, 1, ] | dp = [1, 1, 1, 1, 1, 2, 1, ] | algo = [0, 0, 0, 0, 0, 0, 0, ] | rc = [1588, 1854, 1629, 1514, 1158, 789, 494] | gpus = [1, 1, 1, 1, 1, 2, 1] | micro_bs = 2 | time = [275398, 317625, 298587, 298608, 293139, 252629, 282594] | memory = [14811, 14152, 25424, 26647, 25909, 26984, 26995]
>>>> [CONFIG: target(1), prim(dec_op)]
|317596.83|26999.24| op = [1604, 1854, 1764, 1675, 1720, 2790, 1908]| tp = [1, 1, 1, 1, 1, 1, 1, ] | dp = [1, 1, 1, 1, 1, 2, 1, ] | algo = [0, 0, 0, 0, 0, 0, 0, ] | rc = [1588, 1854, 1629, 1417, 918, 1037, 494] | gpus = [1, 1, 1, 1, 1, 2, 1] | micro_bs = 2 | time = [275369, 317596, 298558, 279735, 272462, 277226, 282565] | memory = [14811, 14152, 25424, 24953, 26977, 26999, 26995]

[ Trial 5 ] |317596.83|26999.24| op = [1604, 1854, 1764, 1675, 1720, 2790, 1908]| tp = [1, 1, 1, 1, 1, 1, 1, ] | dp = [1, 1, 1, 1, 1, 2, 1, ] | algo = [0, 0, 0, 0, 0, 0, 0, ] | rc = [1588, 1854, 1629, 1417, 918, 1037, 494] | gpus = [1, 1, 1, 1, 1, 2, 1] | micro_bs = 2 | time = [275369, 317596, 298558, 279735, 272462, 277226, 282565] | memory = [14811, 14152, 25424, 24953, 26977, 26999, 26995]
>>>> [CONFIG: target(1), prim(dec_op)]
|290560.29|26998.08| op = [1617, 1685, 1719, 1729, 1794, 2863, 1908]| tp = [1, 1, 1, 1, 1, 1, 1, ] | dp = [1, 1, 1, 1, 1, 2, 1, ] | algo = [0, 0, 0, 0, 0, 0, 0, ] | rc = [1609, 1619, 1587, 1297, 1062, 1149, 494] | gpus = [1, 1, 1, 1, 1, 2, 1] | micro_bs = 2 | time = [277793, 287032, 290560, 284188, 287255, 286840, 282551] | memory = [13787, 20878, 24897, 26707, 26417, 26998, 26995]

[ Trial 6 ] |290560.29|26998.08| op = [1617, 1685, 1719, 1729, 1794, 2863, 1908]| tp = [1, 1, 1, 1, 1, 1, 1, ] | dp = [1, 1, 1, 1, 1, 2, 1, ] | algo = [0, 0, 0, 0, 0, 0, 0, ] | rc = [1609, 1619, 1587, 1297, 1062, 1149, 494] | gpus = [1, 1, 1, 1, 1, 2, 1] | micro_bs = 2 | time = [277793, 287032, 290560, 284188, 287255, 286840, 282551] | memory = [13787, 20878, 24897, 26707, 26417, 26998, 26995]
>>>> [CONFIG: target(2), prim(dec_op)]
|287886.76|26998.08| op = [1643, 1679, 1699, 1731, 1792, 2860, 1911]| tp = [1, 1, 1, 1, 1, 1, 1, ] | dp = [1, 1, 1, 1, 1, 2, 1, ] | algo = [0, 0, 0, 0, 0, 0, 0, ] | rc = [1641, 1609, 1568, 1294, 1100, 1110, 498] | gpus = [1, 1, 1, 1, 1, 2, 1] | micro_bs = 2 | time = [282370, 286370, 286739, 284945, 287886, 285362, 283205] | memory = [13139, 21342, 24670, 26723, 26175, 26998, 26987]

[ Trial 7 ] |287886.76|26998.08| op = [1643, 1679, 1699, 1731, 1792, 2860, 1911]| tp = [1, 1, 1, 1, 1, 1, 1, ] | dp = [1, 1, 1, 1, 1, 2, 1, ] | algo = [0, 0, 0, 0, 0, 0, 0, ] | rc = [1641, 1609, 1568, 1294, 1100, 1110, 498] | gpus = [1, 1, 1, 1, 1, 2, 1] | micro_bs = 2 | time = [282370, 286370, 286739, 284945, 287886, 285362, 283205] | memory = [13139, 21342, 24670, 26723, 26175, 26998, 26987]
>>>> [CONFIG: target(4), prim(dec_op)]
|286309.45|26990.08| op = [1658, 1681, 1684, 1731, 1779, 2858, 1924]| tp = [1, 1, 1, 1, 1, 1, 1, ] | dp = [1, 1, 1, 1, 1, 2, 1, ] | algo = [0, 0, 0, 0, 0, 0, 0, ] | rc = [1656, 1583, 1123, 1346, 1023, 1124, 504] | gpus = [1, 1, 1, 1, 1, 2, 1] | micro_bs = 2 | time = [284945, 285005, 273955, 286309, 283994, 285492, 285325] | memory = [13263, 24028, 26553, 26561, 26598, 26990, 26989]

[ Trial 8 ] |286309.45|26990.08| op = [1658, 1681, 1684, 1731, 1779, 2858, 1924]| tp = [1, 1, 1, 1, 1, 1, 1, ] | dp = [1, 1, 1, 1, 1, 2, 1, ] | algo = [0, 0, 0, 0, 0, 0, 0, ] | rc = [1656, 1583, 1123, 1346, 1023, 1124, 504] | gpus = [1, 1, 1, 1, 1, 2, 1] | micro_bs = 2 | time = [284945, 285005, 273955, 286309, 283994, 285492, 285325] | memory = [13263, 24028, 26553, 26561, 26598, 26990, 26989]
>>>> [CONFIG: target(3), prim(dec_op)]
|285487.87|26990.08| op = [1658, 1681, 1712, 1711, 1771, 2858, 1924]| tp = [1, 1, 1, 1, 1, 1, 1, ] | dp = [1, 1, 1, 1, 1, 2, 1, ] | algo = [0, 0, 0, 0, 0, 0, 0, ] | rc = [1656, 1583, 1171, 1250, 1003, 1124, 504] | gpus = [1, 1, 1, 1, 1, 2, 1] | micro_bs = 2 | time = [284941, 285000, 279266, 279671, 282981, 285487, 285321] | memory = [13263, 24028, 26399, 26841, 26696, 26990, 26989]

[ Trial 9 ] |285487.87|26990.08| op = [1658, 1681, 1712, 1711, 1771, 2858, 1924]| tp = [1, 1, 1, 1, 1, 1, 1, ] | dp = [1, 1, 1, 1, 1, 2, 1, ] | algo = [0, 0, 0, 0, 0, 0, 0, ] | rc = [1656, 1583, 1171, 1250, 1003, 1124, 504] | gpus = [1, 1, 1, 1, 1, 2, 1] | micro_bs = 2 | time = [284941, 285000, 279266, 279671, 282981, 285487, 285321] | memory = [13263, 24028, 26399, 26841, 26696, 26990, 26989]
>>>> [CONFIG: target(5), prim(dec_dp)]
|475776.06|26989.73| op = [1658, 1681, 1712, 1711, 1771, 2858, 1924]| tp = [1, 1, 1, 1, 1, 1, 1, ] | dp = [1, 1, 1, 2, 1, 1, 1, ] | algo = [0, 0, 0, 0, 0, 0, 0, ] | rc = [1656, 1583, 1171, 550, 1003, 2465, 504] | gpus = [1, 1, 1, 2, 1, 1, 1] | micro_bs = 2 | time = [285097, 285156, 279422, 169593, 283137, 475776, 285477] | memory = [13263, 24028, 26399, 26971, 26696, 26251, 26989]
>>>> [CONFIG: target(5), prim(dec_op)]
|292030.19|26989.73| op = [1658, 1681, 1712, 2623, 1810, 1907, 1924]| tp = [1, 1, 1, 1, 1, 1, 1, ] | dp = [1, 1, 1, 2, 1, 1, 1, ] | algo = [0, 0, 0, 0, 0, 0, 0, ] | rc = [1656, 1583, 1171, 1815, 1132, 818, 504] | gpus = [1, 1, 1, 2, 1, 1, 1] | micro_bs = 2 | time = [284988, 285047, 279313, 288456, 292030, 291971, 285368] | memory = [13263, 24028, 26399, 26750, 26048, 26980, 26989]
>>>> [CONFIG: target(4), prim(inc_dp)]
|447426.00|26999.34| op = [1658, 1681, 1712, 2623, 1810, 1907, 1924]| tp = [1, 1, 1, 1, 1, 1, 1, ] | dp = [1, 1, 1, 1, 2, 1, 1, ] | algo = [0, 0, 0, 0, 0, 0, 0, ] | rc = [1656, 1583, 1171, 2623, 529, 818, 504] | gpus = [1, 1, 1, 1, 2, 1, 1] | micro_bs = 2 | time = [285074, 285134, 279400, 447425, 177379, 292058, 285454] | memory = [13263, 24028, 26399, 16792, 26999, 26980, 26989]
>>>> [CONFIG: target(3), prim(dec_op)]
|291949.39|26995.37| op = [1658, 1681, 1712, 1737, 2696, 1907, 1924]| tp = [1, 1, 1, 1, 1, 1, 1, ] | dp = [1, 1, 1, 1, 2, 1, 1, ] | algo = [0, 0, 0, 0, 0, 0, 0, ] | rc = [1656, 1583, 1171, 1311, 1418, 818, 504] | gpus = [1, 1, 1, 1, 2, 1, 1] | micro_bs = 2 | time = [284966, 285025, 279291, 285024, 283957, 291949, 285345] | memory = [13263, 24028, 26399, 26691, 26995, 26980, 26989]
>>>> [CONFIG: target(5), prim(inc_dp)]
|456489.60|26995.41| op = [1658, 1681, 1712, 1737, 2696, 1907, 1924]| tp = [1, 1, 1, 1, 1, 1, 1, ] | dp = [1, 1, 1, 1, 1, 2, 1, ] | algo = [0, 0, 0, 0, 0, 0, 0, ] | rc = [1656, 1583, 1171, 1311, 2559, 466, 504] | gpus = [1, 1, 1, 1, 1, 2, 1] | micro_bs = 2 | time = [285086, 285146, 279411, 285145, 456489, 181314, 285466] | memory = [13263, 24028, 26399, 26691, 23665, 26995, 26989]
>>>> [CONFIG: target(4), prim(dec_op)]
|285002.56|26999.98| op = [1658, 1681, 1712, 1737, 1775, 2839, 1913]| tp = [1, 1, 1, 1, 1, 1, 1, ] | dp = [1, 1, 1, 1, 1, 2, 1, ] | algo = [0, 0, 0, 0, 0, 0, 0, ] | rc = [1656, 1583, 1171, 1311, 1009, 1078, 500] | gpus = [1, 1, 1, 1, 1, 2, 1] | micro_bs = 2 | time = [284943, 285002, 279268, 285001, 283617, 282508, 283396] | memory = [13263, 24028, 26399, 26691, 26682, 26999, 26989]

[ Trial 10 ] |285002.56|26999.98| op = [1658, 1681, 1712, 1737, 1775, 2839, 1913]| tp = [1, 1, 1, 1, 1, 1, 1, ] | dp = [1, 1, 1, 1, 1, 2, 1, ] | algo = [0, 0, 0, 0, 0, 0, 0, ] | rc = [1656, 1583, 1171, 1311, 1009, 1078, 500] | gpus = [1, 1, 1, 1, 1, 2, 1] | micro_bs = 2 | time = [284943, 285002, 279268, 285001, 283617, 282508, 283396] | memory = [13263, 24028, 26399, 26691, 26682, 26999, 26989]
>>>> [CONFIG: target(1), prim(dec_op)]
|286585.97|26999.98| op = [1658, 1681, 1730, 1719, 1775, 2839, 1913]| tp = [1, 1, 1, 1, 1, 1, 1, ] | dp = [1, 1, 1, 1, 1, 2, 1, ] | algo = [0, 0, 0, 0, 0, 0, 0, ] | rc = [1656, 1583, 1207, 1454, 1009, 1078, 500] | gpus = [1, 1, 1, 1, 1, 2, 1] | micro_bs = 2 | time = [284952, 285011, 282411, 286585, 283626, 282517, 283405] | memory = [13263, 24028, 26264, 25666, 26682, 26999, 26989]
>>>> [CONFIG: target(3), prim(dec_op)]
|285011.76|26998.48| op = [1658, 1681, 1730, 1707, 1781, 2845, 1913]| tp = [1, 1, 1, 1, 1, 1, 1, ] | dp = [1, 1, 1, 1, 1, 2, 1, ] | algo = [0, 0, 0, 0, 0, 0, 0, ] | rc = [1656, 1583, 1207, 1444, 1033, 1086, 500] | gpus = [1, 1, 1, 1, 1, 2, 1] | micro_bs = 2 | time = [284952, 285011, 282411, 284649, 284634, 283442, 283405] | memory = [13263, 24028, 26264, 25521, 26550, 26998, 26989]
>>>> [CONFIG: target(1), prim(inc_dp)]
|471546.15|26997.36| op = [1658, 1681, 1730, 1707, 1781, 2845, 1913]| tp = [1, 1, 1, 1, 1, 1, 1, ] | dp = [1, 2, 1, 1, 1, 1, 1, ] | algo = [0, 0, 0, 0, 0, 0, 0, ] | rc = [1656, 874, 1207, 1444, 1033, 2371, 500] | gpus = [1, 2, 1, 1, 1, 1, 1] | micro_bs = 2 | time = [285110, 177953, 282569, 284807, 284792, 471546, 283563] | memory = [13263, 26997, 26264, 25521, 26550, 26398, 26989]
>>>> [CONFIG: target(5), prim(dec_op)]
|297367.11|26997.73| op = [1658, 2463, 1755, 1775, 1832, 1910, 1922]| tp = [1, 1, 1, 1, 1, 1, 1, ] | dp = [1, 2, 1, 1, 1, 1, 1, ] | algo = [0, 0, 0, 0, 0, 0, 0, ] | rc = [1656, 2273, 1620, 1503, 1236, 836, 502] | gpus = [1, 2, 1, 1, 1, 1, 1] | micro_bs = 2 | time = [285054, 286468, 296786, 296609, 297367, 293760, 285192] | memory = [13263, 25305, 25346, 26357, 25486, 26988, 26997]
>>>> [CONFIG: target(4), prim(dec_op)]
|291849.58|26995.91| op = [1686, 2504, 1718, 1743, 1804, 1897, 1963]| tp = [1, 1, 1, 1, 1, 1, 1, ] | dp = [1, 2, 1, 1, 1, 1, 1, ] | algo = [0, 0, 0, 0, 0, 0, 0, ] | rc = [1684, 2311, 1586, 1375, 1124, 821, 522] | gpus = [1, 2, 1, 1, 1, 1, 1] | micro_bs = 2 | time = [289624, 290436, 291399, 288668, 290163, 291358, 291849] | memory = [13474, 19123, 26874, 26510, 26054, 26974, 26995]
>>>> [CONFIG: target(6), prim(dec_op)]
|290559.83|26999.91| op = [1686, 2504, 1715, 1757, 1805, 1889, 1959]| tp = [1, 1, 1, 1, 1, 1, 1, ] | dp = [1, 2, 1, 1, 1, 1, 1, ] | algo = [0, 0, 0, 0, 0, 0, 0, ] | rc = [1684, 2311, 1583, 1355, 1129, 794, 516] | gpus = [1, 2, 1, 1, 1, 1, 1] | micro_bs = 2 | time = [289621, 290433, 290159, 290340, 290559, 290251, 290488] | memory = [13474, 19123, 25494, 26573, 26042, 26983, 26999]
>>>> [CONFIG: target(4), prim(inc_mbs)]
|248165.46|26986.76| op = [1686, 2504, 1715, 1757, 1805, 1889, 1959]| tp = [1, 1, 1, 1, 1, 1, 1, ] | dp = [1, 2, 1, 1, 1, 1, 1, ] | algo = [0, 0, 0, 0, 0, 0, 0, ] | rc = [1684, 2346, 1715, 1757, 1805, 1719, 1008] | gpus = [1, 2, 1, 1, 1, 1, 1] | micro_bs = 4 | time = [223665, 215251, 227219, 233014, 238662, 246606, 248165] | memory = [19948, 26209, 18000, 15352, 14828, 25132, 26986]

[ Trial 11 ] |248165.46|26986.76| op = [1686, 2504, 1715, 1757, 1805, 1889, 1959]| tp = [1, 1, 1, 1, 1, 1, 1, ] | dp = [1, 2, 1, 1, 1, 1, 1, ] | algo = [0, 0, 0, 0, 0, 0, 0, ] | rc = [1684, 2346, 1715, 1757, 1805, 1719, 1008] | gpus = [1, 2, 1, 1, 1, 1, 1] | micro_bs = 4 | time = [223665, 215251, 227219, 233014, 238662, 246606, 248165] | memory = [19948, 26209, 18000, 15352, 14828, 25132, 26986]
>>>> [CONFIG: target(6), prim(dec_op)]
|233881.51|26985.65| op = [1736, 2678, 1755, 1754, 1754, 1794, 1844]| tp = [1, 1, 1, 1, 1, 1, 1, ] | dp = [1, 2, 1, 1, 1, 1, 1, ] | algo = [0, 0, 0, 0, 0, 0, 0, ] | rc = [1734, 2678, 1755, 1754, 1753, 1586, 904] | gpus = [1, 2, 1, 1, 1, 1, 1] | micro_bs = 4 | time = [230253, 232232, 232191, 232216, 232315, 233881, 233228] | memory = [20444, 19104, 16964, 17592, 14444, 25972, 26985]

[ Trial 12 ] |233881.51|26985.65| op = [1736, 2678, 1755, 1754, 1754, 1794, 1844]| tp = [1, 1, 1, 1, 1, 1, 1, ] | dp = [1, 2, 1, 1, 1, 1, 1, ] | algo = [0, 0, 0, 0, 0, 0, 0, ] | rc = [1734, 2678, 1755, 1754, 1753, 1586, 904] | gpus = [1, 2, 1, 1, 1, 1, 1] | micro_bs = 4 | time = [230253, 232232, 232191, 232216, 232315, 233881, 233228] | memory = [20444, 19104, 16964, 17592, 14444, 25972, 26985]
>>>> [CONFIG: target(5), prim(dec_op)]
|233224.36|26985.65| op = [1749, 2678, 1755, 1755, 1753, 1781, 1844]| tp = [1, 1, 1, 1, 1, 1, 1, ] | dp = [1, 2, 1, 1, 1, 1, 1, ] | algo = [0, 0, 0, 0, 0, 0, 0, ] | rc = [1747, 2678, 1755, 1755, 1735, 1557, 904] | gpus = [1, 2, 1, 1, 1, 1, 1] | micro_bs = 4 | time = [231922, 232227, 232186, 232186, 231478, 232004, 233224] | memory = [20576, 19104, 16964, 15320, 15812, 26028, 26985]

[ Trial 13 ] |233224.36|26985.65| op = [1749, 2678, 1755, 1755, 1753, 1781, 1844]| tp = [1, 1, 1, 1, 1, 1, 1, ] | dp = [1, 2, 1, 1, 1, 1, 1, ] | algo = [0, 0, 0, 0, 0, 0, 0, ] | rc = [1747, 2678, 1755, 1755, 1735, 1557, 904] | gpus = [1, 2, 1, 1, 1, 1, 1] | micro_bs = 4 | time = [231922, 232227, 232186, 232186, 231478, 232004, 233224] | memory = [20576, 19104, 16964, 15320, 15812, 26028, 26985]
>>>> [CONFIG: target(6), prim(dec_op)]
|232220.53|26973.46| op = [1749, 2678, 1755, 1755, 1755, 1786, 1837]| tp = [1, 1, 1, 1, 1, 1, 1, ] | dp = [1, 2, 1, 1, 1, 1, 1, ] | algo = [0, 0, 0, 0, 0, 0, 0, ] | rc = [1747, 2678, 1755, 1755, 1738, 1517, 892] | gpus = [1, 2, 1, 1, 1, 1, 1] | micro_bs = 4 | time = [231914, 232220, 232179, 232179, 231809, 231200, 231776] | memory = [20576, 19104, 16964, 15320, 15716, 26179, 26973]

[ Trial 14 ] |232220.53|26973.46| op = [1749, 2678, 1755, 1755, 1755, 1786, 1837]| tp = [1, 1, 1, 1, 1, 1, 1, ] | dp = [1, 2, 1, 1, 1, 1, 1, ] | algo = [0, 0, 0, 0, 0, 0, 0, ] | rc = [1747, 2678, 1755, 1755, 1738, 1517, 892] | gpus = [1, 2, 1, 1, 1, 1, 1] | micro_bs = 4 | time = [231914, 232220, 232179, 232179, 231809, 231200, 231776] | memory = [20576, 19104, 16964, 15320, 15716, 26179, 26973]
>>>> [CONFIG: target(1), prim(dec_dp)]
|351074.92|27128.12| op = [1749, 2678, 1755, 1755, 1755, 1786, 1837]| tp = [1, 1, 1, 1, 1, 1, 1, ] | dp = [1, 1, 1, 1, 1, 1, 2, ] | algo = [0, 0, 0, 0, 0, 0, 0, ] | rc = [1747, 2678, 1755, 1755, 1738, 1517, 468] | gpus = [1, 1, 1, 1, 1, 1, 2] | micro_bs = 4 | time = [232018, 351074, 232282, 232282, 231913, 231304, 139522] | memory = [20576, 27128, 16964, 15320, 15716, 26179, 26988]
>>>> [CONFIG: target(1), prim(dec_op)]
|266263.26|26990.84| op = [1749, 2024, 1820, 1820, 1820, 1825, 2257]| tp = [1, 1, 1, 1, 1, 1, 1, ] | dp = [1, 1, 1, 1, 1, 1, 2, ] | algo = [0, 0, 0, 0, 0, 0, 0, ] | rc = [1747, 2024, 1820, 1820, 1820, 1603, 660] | gpus = [1, 1, 1, 1, 1, 1, 2] | micro_bs = 4 | time = [231946, 266263, 240609, 240609, 240609, 237688, 173859] | memory = [20576, 21224, 17664, 15928, 14192, 25992, 26990]
>>>> [CONFIG: target(1), prim(dec_op)]
|239219.30|26993.70| op = [1749, 1814, 1744, 1743, 1742, 1767, 2756]| tp = [1, 1, 1, 1, 1, 1, 1, ] | dp = [1, 1, 1, 1, 1, 1, 2, ] | algo = [0, 0, 0, 0, 0, 0, 0, ] | rc = [1747, 1814, 1743, 1743, 1742, 1530, 1128] | gpus = [1, 1, 1, 1, 1, 1, 2] | micro_bs = 4 | time = [231862, 239219, 230620, 230984, 230975, 229613, 216263] | memory = [20576, 19148, 16948, 16280, 15104, 26085, 26993]
>>>> [CONFIG: target(1), prim(dec_op)]
|231839.33|26993.66| op = [1749, 1739, 1733, 1751, 1733, 1761, 2849]| tp = [1, 1, 1, 1, 1, 1, 1, ] | dp = [1, 1, 1, 1, 1, 1, 2, ] | algo = [0, 0, 0, 0, 0, 0, 0, ] | rc = [1747, 1739, 1733, 1617, 1733, 1461, 1272] | gpus = [1, 1, 1, 1, 1, 1, 2] | micro_bs = 4 | time = [231839, 229845, 229908, 229846, 229908, 227888, 224304] | memory = [20576, 19976, 18032, 24764, 14280, 23924, 26993]

[ Trial 15 ] |231839.33|26993.66| op = [1749, 1739, 1733, 1751, 1733, 1761, 2849]| tp = [1, 1, 1, 1, 1, 1, 1, ] | dp = [1, 1, 1, 1, 1, 1, 2, ] | algo = [0, 0, 0, 0, 0, 0, 0, ] | rc = [1747, 1739, 1733, 1617, 1733, 1461, 1272] | gpus = [1, 1, 1, 1, 1, 1, 2] | micro_bs = 4 | time = [231839, 229845, 229908, 229846, 229908, 227888, 224304] | memory = [20576, 19976, 18032, 24764, 14280, 23924, 26993]
>>>> [CONFIG: target(0), prim(dec_op)]
|229078.15|26995.88| op = [1732, 1729, 1729, 1729, 1731, 1764, 2901]| tp = [1, 1, 1, 1, 1, 1, 1, ] | dp = [1, 1, 1, 1, 1, 1, 2, ] | algo = [0, 0, 0, 0, 0, 0, 0, ] | rc = [1730, 1729, 1729, 1729, 1700, 1520, 1350] | gpus = [1, 1, 1, 1, 1, 1, 2] | micro_bs = 4 | time = [229078, 228785, 228785, 228785, 228878, 229033, 229002] | memory = [20556, 18560, 16908, 15256, 17252, 26121, 26995]

num_targets: [1, 1, 1, 1, 1, 1, 1, 1, 1, 1, 1, 1, 1, 1, 1, 1]
num_hops: [1, 2, 7, 1, 1, 1, 1, 1, 1, 6, 7, 1, 1, 1, 4, 1]
search time = 201.46 s.  [0, 1, 3, 52, 56, 61, 64, 67, 71, 74, 88, 106, 110, 114, 117, 158, 162, 208] 
num_explored_cases = 372
time trend: [564641, 510504, 403506, 349187, 317625, 317596, 290560, 287886, 286309, 285487, 285002, 248165, 233881, 233224, 232220, 231839, 229078, 229078]

working on num_stages = 8
config has been saved to /home/liminglong.lml/sxz/SuperScaler/logs-large/aceso/configs/scale-layer/1024layers/scale-layer_1024layers_8stages_2026-5-16-3-26-6.json

========== Best Result (num_stages = 8) ==========
|220783.13|26972.35| op = [1661, 1664, 1652, 1657, 1639, 1649, 1690, 1703]| tp = [1, 1, 1, 1, 1, 1, 1, 1, ] | dp = [1, 1, 1, 1, 1, 1, 1, 1, ] | algo = [0, 0, 0, 0, 0, 0, 0, 0, ] | rc = [1659, 1653, 1586, 1545, 1639, 1606, 1303, 734] | gpus = [1, 1, 1, 1, 1, 1, 1, 1] | micro_bs = 4 | time = [220780, 220783, 218562, 218789, 218361, 218063, 218186, 214100] | memory = [21209, 20560, 24144, 26508, 15448, 18980, 26621, 26972]
start|364996.36|26976.19| op = [1664, 1664, 1664, 1664, 1664, 1664, 1664, 1667]| tp = [1, 1, 1, 1, 1, 1, 1, 1, ] | dp = [1, 1, 1, 1, 1, 1, 1, 1, ] | algo = [0, 0, 0, 0, 0, 0, 0, 0, ] | rc = [1160, 1110, 858, 738, 510, 458, 354, 256] | gpus = [1, 1, 1, 1, 1, 1, 1, 1] | micro_bs = 1 | time = [364996, 362208, 346616, 334896, 324254, 318490, 306961, 301569] | memory = [26973, 26632, 26974, 26960, 26864, 26920, 26976, 20975]

[ Trial 0 ] |364996.36|26976.19| op = [1664, 1664, 1664, 1664, 1664, 1664, 1664, 1667]| tp = [1, 1, 1, 1, 1, 1, 1, 1, ] | dp = [1, 1, 1, 1, 1, 1, 1, 1, ] | algo = [0, 0, 0, 0, 0, 0, 0, 0, ] | rc = [1160, 1110, 858, 738, 510, 458, 354, 256] | gpus = [1, 1, 1, 1, 1, 1, 1, 1] | micro_bs = 1 | time = [364996, 362208, 346616, 334896, 324254, 318490, 306961, 301569] | memory = [26973, 26632, 26974, 26960, 26864, 26920, 26976, 20975]
>>>> [CONFIG: target(0), prim(dec_op)]
|338934.36|26992.77| op = [1545, 1617, 1599, 1620, 1685, 1726, 1775, 1748]| tp = [1, 1, 1, 1, 1, 1, 1, 1, ] | dp = [1, 1, 1, 1, 1, 1, 1, 1, ] | algo = [0, 0, 0, 0, 0, 0, 0, 0, ] | rc = [1070, 857, 796, 682, 553, 484, 410, 268] | gpus = [1, 1, 1, 1, 1, 1, 1, 1] | micro_bs = 1 | time = [338934, 331853, 329889, 324689, 330371, 331264, 330710, 315624] | memory = [25177, 26948, 26979, 26991, 26986, 26992, 26991, 21965]

[ Trial 1 ] |338934.36|26992.77| op = [1545, 1617, 1599, 1620, 1685, 1726, 1775, 1748]| tp = [1, 1, 1, 1, 1, 1, 1, 1, ] | dp = [1, 1, 1, 1, 1, 1, 1, 1, ] | algo = [0, 0, 0, 0, 0, 0, 0, 0, ] | rc = [1070, 857, 796, 682, 553, 484, 410, 268] | gpus = [1, 1, 1, 1, 1, 1, 1, 1] | micro_bs = 1 | time = [338934, 331853, 329889, 324689, 330371, 331264, 330710, 315624] | memory = [25177, 26948, 26979, 26991, 26986, 26992, 26991, 21965]
>>>> [CONFIG: target(0), prim(dec_op)]
|338935.92|26997.95| op = [1545, 1617, 1587, 1631, 1673, 1703, 1753, 1806]| tp = [1, 1, 1, 1, 1, 1, 1, 1, ] | dp = [1, 1, 1, 1, 1, 1, 1, 1, ] | algo = [0, 0, 0, 0, 0, 0, 0, 0, ] | rc = [1070, 857, 795, 709, 537, 481, 396, 278] | gpus = [1, 1, 1, 1, 1, 1, 1, 1] | micro_bs = 1 | time = [338935, 331855, 328392, 328004, 327548, 327765, 326159, 326287] | memory = [25177, 26948, 26985, 26997, 26997, 26896, 26990, 22666]
>>>> [CONFIG: target(0), prim(dec_op)]
|332368.75|26999.50| op = [1508, 1563, 1586, 1642, 1690, 1721, 1785, 1820]| tp = [1, 1, 1, 1, 1, 1, 1, 1, ] | dp = [1, 1, 1, 1, 1, 1, 1, 1, ] | algo = [0, 0, 0, 0, 0, 0, 0, 0, ] | rc = [1000, 840, 783, 710, 522, 482, 410, 280] | gpus = [1, 1, 1, 1, 1, 1, 1, 1] | micro_bs = 1 | time = [328403, 329647, 326483, 330113, 329567, 330016, 332368, 328578] | memory = [25475, 26999, 26997, 26982, 26988, 26916, 26936, 22827]

[ Trial 2 ] |332368.75|26999.50| op = [1508, 1563, 1586, 1642, 1690, 1721, 1785, 1820]| tp = [1, 1, 1, 1, 1, 1, 1, 1, ] | dp = [1, 1, 1, 1, 1, 1, 1, 1, ] | algo = [0, 0, 0, 0, 0, 0, 0, 0, ] | rc = [1000, 840, 783, 710, 522, 482, 410, 280] | gpus = [1, 1, 1, 1, 1, 1, 1, 1] | micro_bs = 1 | time = [328403, 329647, 326483, 330113, 329567, 330016, 332368, 328578] | memory = [25475, 26999, 26997, 26982, 26988, 26916, 26936, 22827]
>>>> [CONFIG: target(6), prim(inc_mbs)]
|277700.66|26989.23| op = [1508, 1563, 1586, 1642, 1690, 1721, 1785, 1820]| tp = [1, 1, 1, 1, 1, 1, 1, 1, ] | dp = [1, 1, 1, 1, 1, 1, 1, 1, ] | algo = [0, 0, 0, 0, 0, 0, 0, 0, ] | rc = [1506, 1514, 1464, 1478, 1198, 919, 660, 454] | gpus = [1, 1, 1, 1, 1, 1, 1, 1] | micro_bs = 2 | time = [259450, 266990, 268856, 277700, 276286, 272827, 272018, 268470] | memory = [12856, 19067, 26254, 25270, 26940, 26977, 26986, 26989]

[ Trial 3 ] |277700.66|26989.23| op = [1508, 1563, 1586, 1642, 1690, 1721, 1785, 1820]| tp = [1, 1, 1, 1, 1, 1, 1, 1, ] | dp = [1, 1, 1, 1, 1, 1, 1, 1, ] | algo = [0, 0, 0, 0, 0, 0, 0, 0, ] | rc = [1506, 1514, 1464, 1478, 1198, 919, 660, 454] | gpus = [1, 1, 1, 1, 1, 1, 1, 1] | micro_bs = 2 | time = [259450, 266990, 268856, 277700, 276286, 272827, 272018, 268470] | memory = [12856, 19067, 26254, 25270, 26940, 26977, 26986, 26989]
>>>> [CONFIG: target(3), prim(dec_op)]
|272832.86|26989.23| op = [1567, 1585, 1600, 1609, 1628, 1721, 1785, 1820]| tp = [1, 1, 1, 1, 1, 1, 1, 1, ] | dp = [1, 1, 1, 1, 1, 1, 1, 1, ] | algo = [0, 0, 0, 0, 0, 0, 0, 0, ] | rc = [1565, 1585, 1483, 1455, 1128, 919, 660, 454] | gpus = [1, 1, 1, 1, 1, 1, 1, 1] | micro_bs = 2 | time = [269901, 272443, 271710, 271610, 266294, 272832, 272023, 268475] | memory = [13325, 14276, 26346, 25162, 26753, 26977, 26986, 26989]

[ Trial 4 ] |272832.86|26989.23| op = [1567, 1585, 1600, 1609, 1628, 1721, 1785, 1820]| tp = [1, 1, 1, 1, 1, 1, 1, 1, ] | dp = [1, 1, 1, 1, 1, 1, 1, 1, ] | algo = [0, 0, 0, 0, 0, 0, 0, 0, ] | rc = [1565, 1585, 1483, 1455, 1128, 919, 660, 454] | gpus = [1, 1, 1, 1, 1, 1, 1, 1] | micro_bs = 2 | time = [269901, 272443, 271710, 271610, 266294, 272832, 272023, 268475] | memory = [13325, 14276, 26346, 25162, 26753, 26977, 26986, 26989]
>>>> [CONFIG: target(5), prim(dec_op)]
|270823.69|26999.29| op = [1567, 1580, 1595, 1605, 1658, 1705, 1774, 1831]| tp = [1, 1, 1, 1, 1, 1, 1, 1, ] | dp = [1, 1, 1, 1, 1, 1, 1, 1, ] | algo = [0, 0, 0, 0, 0, 0, 0, 0, ] | rc = [1565, 1541, 1472, 1422, 1149, 905, 646, 458] | gpus = [1, 1, 1, 1, 1, 1, 1, 1] | micro_bs = 2 | time = [269895, 269756, 270641, 269916, 270823, 270205, 270720, 270371] | memory = [13325, 17706, 26176, 21863, 26722, 26984, 26972, 26999]

[ Trial 5 ] |270823.69|26999.29| op = [1567, 1580, 1595, 1605, 1658, 1705, 1774, 1831]| tp = [1, 1, 1, 1, 1, 1, 1, 1, ] | dp = [1, 1, 1, 1, 1, 1, 1, 1, ] | algo = [0, 0, 0, 0, 0, 0, 0, 0, ] | rc = [1565, 1541, 1472, 1422, 1149, 905, 646, 458] | gpus = [1, 1, 1, 1, 1, 1, 1, 1] | micro_bs = 2 | time = [269895, 269756, 270641, 269916, 270823, 270205, 270720, 270371] | memory = [13325, 17706, 26176, 21863, 26722, 26984, 26972, 26999]
>>>> [CONFIG: target(4), prim(inc_mbs)]
|231885.20|26985.52| op = [1567, 1580, 1595, 1605, 1658, 1705, 1774, 1831]| tp = [1, 1, 1, 1, 1, 1, 1, 1, ] | dp = [1, 1, 1, 1, 1, 1, 1, 1, ] | algo = [0, 0, 0, 0, 0, 0, 0, 0, ] | rc = [1565, 1580, 1594, 1482, 1658, 1574, 1521, 891] | gpus = [1, 1, 1, 1, 1, 1, 1, 1] | micro_bs = 4 | time = [208951, 209615, 212268, 211528, 220499, 224536, 231232, 231885] | memory = [20196, 18468, 17064, 25572, 14620, 19596, 25780, 26985]

[ Trial 6 ] |231885.20|26985.52| op = [1567, 1580, 1595, 1605, 1658, 1705, 1774, 1831]| tp = [1, 1, 1, 1, 1, 1, 1, 1, ] | dp = [1, 1, 1, 1, 1, 1, 1, 1, ] | algo = [0, 0, 0, 0, 0, 0, 0, 0, ] | rc = [1565, 1580, 1594, 1482, 1658, 1574, 1521, 891] | gpus = [1, 1, 1, 1, 1, 1, 1, 1] | micro_bs = 4 | time = [208951, 209615, 212268, 211528, 220499, 224536, 231232, 231885] | memory = [20196, 18468, 17064, 25572, 14620, 19596, 25780, 26985]
>>>> [CONFIG: target(7), prim(dec_op)]
|222490.14|26980.91| op = [1586, 1638, 1644, 1652, 1656, 1684, 1697, 1758]| tp = [1, 1, 1, 1, 1, 1, 1, 1, ] | dp = [1, 1, 1, 1, 1, 1, 1, 1, ] | algo = [0, 0, 0, 0, 0, 0, 0, 0, ] | rc = [1584, 1638, 1644, 1651, 1656, 1555, 1367, 802] | gpus = [1, 1, 1, 1, 1, 1, 1, 1] | micro_bs = 4 | time = [210985, 217580, 218916, 219694, 219562, 222490, 219711, 221268] | memory = [20376, 19064, 21020, 17420, 14668, 21084, 26446, 26980]

[ Trial 7 ] |222490.14|26980.91| op = [1586, 1638, 1644, 1652, 1656, 1684, 1697, 1758]| tp = [1, 1, 1, 1, 1, 1, 1, 1, ] | dp = [1, 1, 1, 1, 1, 1, 1, 1, ] | algo = [0, 0, 0, 0, 0, 0, 0, 0, ] | rc = [1584, 1638, 1644, 1651, 1656, 1555, 1367, 802] | gpus = [1, 1, 1, 1, 1, 1, 1, 1] | micro_bs = 4 | time = [210985, 217580, 218916, 219694, 219562, 222490, 219711, 221268] | memory = [20376, 19064, 21020, 17420, 14668, 21084, 26446, 26980]
>>>> [CONFIG: target(5), prim(dec_op)]
|221263.06|26980.91| op = [1609, 1648, 1649, 1649, 1648, 1667, 1687, 1758]| tp = [1, 1, 1, 1, 1, 1, 1, 1, ] | dp = [1, 1, 1, 1, 1, 1, 1, 1, ] | algo = [0, 0, 0, 0, 0, 0, 0, 0, ] | rc = [1607, 1633, 1649, 1649, 1648, 1602, 1291, 802] | gpus = [1, 1, 1, 1, 1, 1, 1, 1] | micro_bs = 4 | time = [214092, 218937, 218931, 219003, 219053, 219736, 217847, 221263] | memory = [20633, 20872, 17600, 17460, 14556, 20984, 26682, 26980]

[ Trial 8 ] |221263.06|26980.91| op = [1609, 1648, 1649, 1649, 1648, 1667, 1687, 1758]| tp = [1, 1, 1, 1, 1, 1, 1, 1, ] | dp = [1, 1, 1, 1, 1, 1, 1, 1, ] | algo = [0, 0, 0, 0, 0, 0, 0, 0, ] | rc = [1607, 1633, 1649, 1649, 1648, 1602, 1291, 802] | gpus = [1, 1, 1, 1, 1, 1, 1, 1] | micro_bs = 4 | time = [214092, 218937, 218931, 219003, 219053, 219736, 217847, 221263] | memory = [20633, 20872, 17600, 17460, 14556, 20984, 26682, 26980]
>>>> [CONFIG: target(7), prim(inc_mbs)]
|227536.18|34930.75| op = [1609, 1648, 1649, 1649, 1648, 1667, 1687, 1758]| tp = [1, 1, 1, 1, 1, 1, 1, 1, ] | dp = [1, 1, 1, 1, 1, 1, 1, 1, ] | algo = [0, 0, 0, 0, 0, 0, 0, 0, ] | rc = [1607, 1648, 1649, 1649, 1648, 1667, 1687, 1723] | gpus = [1, 1, 1, 1, 1, 1, 1, 1] | micro_bs = 8 | time = [205910, 210630, 210429, 210498, 210566, 212484, 215244, 227536] | memory = [34930, 32292, 29104, 28824, 23028, 20212, 17108, 20632]
>>>> [CONFIG: target(0), prim(dec_op)]
|264913.43|27996.88| op = [1232, 1391, 1568, 1604, 2101, 1974, 1687, 1758]| tp = [1, 1, 1, 1, 1, 1, 1, 1, ] | dp = [1, 1, 1, 1, 1, 1, 1, 1, ] | algo = [0, 0, 0, 0, 0, 0, 0, 0, ] | rc = [1230, 1391, 1568, 1604, 2101, 1974, 1687, 1723] | gpus = [1, 1, 1, 1, 1, 1, 1, 1] | micro_bs = 8 | time = [160692, 179545, 200979, 205415, 264913, 249486, 215247, 227540] | memory = [27970, 27977, 27948, 27996, 27980, 24544, 17108, 20632]
>>>> [CONFIG: target(4), prim(dec_op)]
|213373.94|36289.75| op = [1663, 1664, 1670, 1671, 1670, 1665, 1674, 1638]| tp = [1, 1, 1, 1, 1, 1, 1, 1, ] | dp = [1, 1, 1, 1, 1, 1, 1, 1, ] | algo = [0, 0, 0, 0, 0, 0, 0, 0, ] | rc = [1661, 1664, 1670, 1671, 1670, 1665, 1673, 1526] | gpus = [1, 1, 1, 1, 1, 1, 1, 1] | micro_bs = 8 | time = [212312, 212346, 213341, 213373, 213341, 213144, 213228, 211926] | memory = [36289, 33184, 29756, 29092, 23404, 24976, 18128, 26140]
>>>> [CONFIG: target(0), prim(dec_mbs)]
|222070.14|26995.73| op = [1663, 1664, 1670, 1671, 1670, 1665, 1674, 1638]| tp = [1, 1, 1, 1, 1, 1, 1, 1, ] | dp = [1, 1, 1, 1, 1, 1, 1, 1, ] | algo = [0, 0, 0, 0, 0, 0, 0, 0, ] | rc = [1661, 1659, 1608, 1671, 1542, 1665, 1319, 650] | gpus = [1, 1, 1, 1, 1, 1, 1, 1] | micro_bs = 4 | time = [220967, 220930, 221285, 222070, 220483, 221786, 216280, 205345] | memory = [21416, 20224, 23916, 17628, 22860, 15560, 26564, 26995]
>>>> [CONFIG: target(3), prim(dec_op)]
|222065.14|26972.10| op = [1663, 1664, 1670, 1671, 1655, 1640, 1677, 1675]| tp = [1, 1, 1, 1, 1, 1, 1, 1, ] | dp = [1, 1, 1, 1, 1, 1, 1, 1, ] | algo = [0, 0, 0, 0, 0, 0, 0, 0, ] | rc = [1661, 1659, 1608, 1671, 1528, 1557, 1318, 714] | gpus = [1, 1, 1, 1, 1, 1, 1, 1] | micro_bs = 4 | time = [220962, 220925, 221280, 222065, 218050, 216566, 217375, 210607] | memory = [21416, 20224, 23916, 17628, 22796, 22904, 26564, 26972]
>>>> [CONFIG: target(3), prim(dec_op)]
|221278.69|26976.10| op = [1663, 1664, 1670, 1645, 1656, 1650, 1689, 1678]| tp = [1, 1, 1, 1, 1, 1, 1, 1, ] | dp = [1, 1, 1, 1, 1, 1, 1, 1, ] | algo = [0, 0, 0, 0, 0, 0, 0, 0, ] | rc = [1661, 1659, 1608, 1645, 1529, 1607, 1296, 702] | gpus = [1, 1, 1, 1, 1, 1, 1, 1] | micro_bs = 4 | time = [220960, 220924, 221278, 218717, 218546, 218331, 217966, 210699] | memory = [21416, 20224, 23916, 17412, 23724, 18980, 26657, 26976]
>>>> [CONFIG: target(2), prim(dec_op)]
|220783.13|26972.35| op = [1661, 1664, 1652, 1657, 1639, 1649, 1690, 1703]| tp = [1, 1, 1, 1, 1, 1, 1, 1, ] | dp = [1, 1, 1, 1, 1, 1, 1, 1, ] | algo = [0, 0, 0, 0, 0, 0, 0, 0, ] | rc = [1659, 1653, 1586, 1545, 1639, 1606, 1303, 734] | gpus = [1, 1, 1, 1, 1, 1, 1, 1] | micro_bs = 4 | time = [220780, 220783, 218562, 218789, 218361, 218063, 218186, 214100] | memory = [21209, 20560, 24144, 26508, 15448, 18980, 26621, 26972]

num_targets: [1, 1, 1, 1, 1, 1, 1, 1, 1]
num_hops: [1, 2, 1, 1, 1, 1, 1, 1, 7]
search time = 203.91 s.  [0, 9, 18, 21, 24, 27, 30, 34, 39, 198, 210] 
num_explored_cases = 176
time trend: [364996, 338934, 332368, 277700, 272832, 270823, 231885, 222490, 221263, 220783, 220783]

working on num_stages = 6
config has been saved to /home/liminglong.lml/sxz/SuperScaler/logs-large/aceso/configs/scale-layer/1024layers/scale-layer_1024layers_6stages_2026-5-16-3-26-6.json

========== Best Result (num_stages = 6) ==========
|244256.55|26990.65| op = [2825, 1847, 1849, 1861, 1871, 3062]| tp = [1, 1, 1, 1, 1, 1, ] | dp = [2, 1, 1, 1, 1, 2, ] | algo = [0, 0, 0, 0, 0, 0, ] | rc = [2823, 1847, 1849, 1718, 1690, 1546] | gpus = [2, 1, 1, 1, 1, 2] | micro_bs = 4 | time = [244256, 244095, 244186, 243325, 244048, 244009] | memory = [21331, 18960, 17020, 21092, 20136, 26990]
start|661071.72|26996.00| op = [2219, 2219, 2219, 2219, 2219, 2220]| tp = [2, 2, 1, 1, 1, 1, ] | dp = [1, 1, 1, 1, 1, 1, ] | algo = [0, 0, 0, 0, 0, 0, ] | rc = [1054, 682, 1160, 840, 617, 368] | gpus = [2, 2, 1, 1, 1, 1] | micro_bs = 1 | time = [661071, 638867, 463287, 439530, 425095, 402032] | memory = [26971, 26956, 26980, 26987, 26946, 26995]

[ Trial 0 ] |661071.72|26996.00| op = [2219, 2219, 2219, 2219, 2219, 2220]| tp = [2, 2, 1, 1, 1, 1, ] | dp = [1, 1, 1, 1, 1, 1, ] | algo = [0, 0, 0, 0, 0, 0, ] | rc = [1054, 682, 1160, 840, 617, 368] | gpus = [2, 2, 1, 1, 1, 1] | micro_bs = 1 | time = [661071, 638867, 463287, 439530, 425095, 402032] | memory = [26971, 26956, 26980, 26987, 26946, 26995]
>>>> [CONFIG: target(0), prim(dec_tp)]
|638902.14|26987.42| op = [2219, 2219, 2219, 2219, 2219, 2220]| tp = [1, 2, 1, 1, 1, 2, ] | dp = [1, 1, 1, 1, 1, 1, ] | algo = [0, 0, 0, 0, 0, 0, ] | rc = [1862, 682, 1160, 840, 617, 10] | gpus = [1, 2, 1, 1, 1, 2] | micro_bs = 1 | time = [503205, 638902, 463322, 439565, 425130, 595634] | memory = [26246, 26956, 26980, 26987, 26946, 26910]

[ Trial 1 ] |638902.14|26987.42| op = [2219, 2219, 2219, 2219, 2219, 2220]| tp = [1, 2, 1, 1, 1, 2, ] | dp = [1, 1, 1, 1, 1, 1, ] | algo = [0, 0, 0, 0, 0, 0, ] | rc = [1862, 682, 1160, 840, 617, 10] | gpus = [1, 2, 1, 1, 1, 2] | micro_bs = 1 | time = [503205, 638902, 463322, 439565, 425130, 595634] | memory = [26246, 26956, 26980, 26987, 26946, 26910]
>>>> [CONFIG: target(1), prim(dec_tp)]
|616185.56|26987.42| op = [2219, 2219, 2219, 2219, 2219, 2220]| tp = [1, 1, 1, 1, 2, 2, ] | dp = [1, 1, 1, 1, 1, 1, ] | algo = [0, 0, 0, 0, 0, 0, ] | rc = [1862, 1703, 1160, 840, 341, 10] | gpus = [1, 1, 1, 1, 2, 2] | micro_bs = 1 | time = [503250, 494205, 463367, 439610, 616185, 595680] | memory = [26246, 26162, 26980, 26987, 24669, 26910]

[ Trial 2 ] |616185.56|26987.42| op = [2219, 2219, 2219, 2219, 2219, 2220]| tp = [1, 1, 1, 1, 2, 2, ] | dp = [1, 1, 1, 1, 1, 1, ] | algo = [0, 0, 0, 0, 0, 0, ] | rc = [1862, 1703, 1160, 840, 341, 10] | gpus = [1, 1, 1, 1, 2, 2] | micro_bs = 1 | time = [503250, 494205, 463367, 439610, 616185, 595680] | memory = [26246, 26162, 26980, 26987, 24669, 26910]
>>>> [CONFIG: target(4), prim(dec_tp)]
|626189.39|26980.26| op = [2219, 2219, 2219, 2219, 2219, 2220]| tp = [1, 1, 1, 2, 1, 2, ] | dp = [1, 1, 1, 1, 1, 1, ] | algo = [0, 0, 0, 0, 0, 0, ] | rc = [1862, 1703, 1160, 498, 617, 10] | gpus = [1, 1, 1, 2, 1, 2] | micro_bs = 1 | time = [503246, 494201, 463363, 626189, 425171, 595675] | memory = [26246, 26162, 26980, 26952, 26946, 26910]
>>>> [CONFIG: target(3), prim(dec_op)]
|542230.75|26997.75| op = [2219, 2219, 2281, 1879, 2695, 2022]| tp = [1, 1, 1, 2, 1, 2, ] | dp = [1, 1, 1, 1, 1, 1, ] | algo = [0, 0, 0, 0, 0, 0, ] | rc = [1862, 1703, 1222, 340, 866, 0] | gpus = [1, 1, 1, 2, 1, 2] | micro_bs = 1 | time = [503212, 494166, 479997, 526778, 526096, 542230] | memory = [26246, 26162, 26992, 26989, 26997, 24802]

[ Trial 3 ] |542230.75|26997.75| op = [2219, 2219, 2281, 1879, 2695, 2022]| tp = [1, 1, 1, 2, 1, 2, ] | dp = [1, 1, 1, 1, 1, 1, ] | algo = [0, 0, 0, 0, 0, 0, ] | rc = [1862, 1703, 1222, 340, 866, 0] | gpus = [1, 1, 1, 2, 1, 2] | micro_bs = 1 | time = [503212, 494166, 479997, 526778, 526096, 542230] | memory = [26246, 26162, 26992, 26989, 26997, 24802]
>>>> [CONFIG: target(5), prim(dec_tp)]
|638876.13|26997.75| op = [2219, 2219, 2281, 1879, 2695, 2022]| tp = [1, 2, 1, 2, 1, 1, ] | dp = [1, 1, 1, 1, 1, 1, ] | algo = [0, 0, 0, 0, 0, 0, ] | rc = [1862, 682, 1222, 340, 866, 310] | gpus = [1, 2, 1, 2, 1, 1] | micro_bs = 1 | time = [503179, 638876, 479964, 526745, 526064, 364169] | memory = [26246, 26956, 26992, 26989, 26997, 25242]
>>>> [CONFIG: target(1), prim(dec_op)]
|525119.05|26996.93| op = [2219, 1836, 2331, 1824, 2622, 2483]| tp = [1, 2, 1, 2, 1, 1, ] | dp = [1, 1, 1, 1, 1, 1, ] | algo = [0, 0, 0, 0, 0, 0, ] | rc = [1862, 506, 1302, 316, 796, 506] | gpus = [1, 2, 1, 2, 1, 1] | micro_bs = 1 | time = [503139, 525119, 493211, 508756, 508406, 459209] | memory = [26246, 26972, 26946, 26991, 26996, 26992]

[ Trial 4 ] |525119.05|26996.93| op = [2219, 1836, 2331, 1824, 2622, 2483]| tp = [1, 2, 1, 2, 1, 1, ] | dp = [1, 1, 1, 1, 1, 1, ] | algo = [0, 0, 0, 0, 0, 0, ] | rc = [1862, 506, 1302, 316, 796, 506] | gpus = [1, 2, 1, 2, 1, 1] | micro_bs = 1 | time = [503139, 525119, 493211, 508756, 508406, 459209] | memory = [26246, 26972, 26946, 26991, 26996, 26992]
>>>> [CONFIG: target(1), prim(dec_tp)]
|661052.02|26996.93| op = [2219, 1836, 2331, 1824, 2622, 2483]| tp = [2, 1, 1, 2, 1, 1, ] | dp = [1, 1, 1, 1, 1, 1, ] | algo = [0, 0, 0, 0, 0, 0, ] | rc = [1054, 918, 1302, 316, 796, 506] | gpus = [2, 1, 1, 2, 1, 1] | micro_bs = 1 | time = [661052, 378928, 493222, 508767, 508417, 459220] | memory = [26971, 26978, 26946, 26991, 26996, 26992]
>>>> [CONFIG: target(0), prim(dec_op)]
|498553.16|26992.96| op = [1732, 2279, 2344, 1790, 2557, 2613]| tp = [2, 1, 1, 2, 1, 1, ] | dp = [1, 1, 1, 1, 1, 1, ] | algo = [0, 0, 0, 0, 0, 0, ] | rc = [510, 1579, 1317, 294, 766, 580] | gpus = [2, 1, 1, 2, 1, 1] | micro_bs = 1 | time = [498408, 498519, 496137, 498553, 494716, 487683] | memory = [26878, 26353, 26773, 26964, 26986, 26992]

[ Trial 5 ] |498553.16|26992.96| op = [1732, 2279, 2344, 1790, 2557, 2613]| tp = [2, 1, 1, 2, 1, 1, ] | dp = [1, 1, 1, 1, 1, 1, ] | algo = [0, 0, 0, 0, 0, 0, ] | rc = [510, 1579, 1317, 294, 766, 580] | gpus = [2, 1, 1, 2, 1, 1] | micro_bs = 1 | time = [498408, 498519, 496137, 498553, 494716, 487683] | memory = [26878, 26353, 26773, 26964, 26986, 26992]
>>>> [CONFIG: target(3), prim(dec_tp)]
|659122.25|26997.00| op = [1732, 2279, 2344, 1790, 2557, 2613]| tp = [2, 2, 1, 1, 1, 1, ] | dp = [1, 1, 1, 1, 1, 1, ] | algo = [0, 0, 0, 0, 0, 0, ] | rc = [510, 768, 1317, 516, 766, 580] | gpus = [2, 2, 1, 1, 1, 1] | micro_bs = 1 | time = [498415, 659122, 496144, 345350, 494723, 487690] | memory = [26878, 26996, 26773, 26991, 26986, 26992]
>>>> [CONFIG: target(1), prim(dec_op)]
|525976.33|26994.92| op = [1732, 1840, 2352, 2221, 2557, 2613]| tp = [2, 2, 1, 1, 1, 1, ] | dp = [1, 1, 1, 1, 1, 1, ] | algo = [0, 0, 0, 0, 0, 0, ] | rc = [510, 510, 1355, 846, 766, 580] | gpus = [2, 2, 1, 1, 1, 1] | micro_bs = 1 | time = [498381, 525976, 499815, 439934, 494689, 487656] | memory = [26878, 26970, 26910, 26994, 26986, 26992]
>>>> [CONFIG: target(1), prim(dec_tp)]
|626731.26|26992.96| op = [1732, 1840, 2352, 2221, 2557, 2613]| tp = [2, 1, 1, 2, 1, 1, ] | dp = [1, 1, 1, 1, 1, 1, ] | algo = [0, 0, 0, 0, 0, 0, ] | rc = [510, 920, 1355, 498, 766, 580] | gpus = [2, 1, 1, 2, 1, 1] | micro_bs = 1 | time = [498421, 380217, 499855, 626731, 494729, 487696] | memory = [26878, 26990, 26910, 26992, 26986, 26992]
>>>> [CONFIG: target(3), prim(dec_op)]
|498572.12|26997.09| op = [1732, 2246, 2335, 1780, 2559, 2663]| tp = [2, 1, 1, 2, 1, 1, ] | dp = [1, 1, 1, 1, 1, 1, ] | algo = [0, 0, 0, 0, 0, 0, ] | rc = [510, 1556, 1294, 288, 768, 602] | gpus = [2, 1, 1, 2, 1, 1] | micro_bs = 1 | time = [498406, 490941, 493902, 495355, 495658, 498572] | memory = [26878, 26006, 26965, 26985, 26986, 26997]
>>>> [CONFIG: target(5), prim(inc_tp)]
|728898.54|26986.61| op = [1732, 2246, 2335, 1780, 2559, 2663]| tp = [2, 1, 1, 1, 1, 2, ] | dp = [1, 1, 1, 1, 1, 1, ] | algo = [0, 0, 0, 0, 0, 0, ] | rc = [510, 1556, 1294, 510, 768, 234] | gpus = [2, 1, 1, 1, 1, 2] | micro_bs = 1 | time = [498483, 491018, 493978, 343118, 495734, 728898] | memory = [26878, 26006, 26965, 26886, 26986, 24257]
>>>> [CONFIG: target(5), prim(dec_op)]
|506308.95|26989.10| op = [1732, 2277, 2351, 2460, 2608, 1887]| tp = [2, 1, 1, 1, 1, 2, ] | dp = [1, 1, 1, 1, 1, 1, ] | algo = [0, 0, 0, 0, 0, 0, ] | rc = [510, 1577, 1379, 1189, 792, 0] | gpus = [2, 1, 1, 1, 1, 2] | micro_bs = 1 | time = [498445, 498121, 500870, 502603, 506041, 506308] | memory = [26878, 26343, 26539, 26989, 26969, 23198]
>>>> [CONFIG: target(5), prim(inc_mbs)]
|422258.28|26910.51| op = [1732, 2277, 2351, 2460, 2608, 1887]| tp = [1, 1, 1, 1, 1, 1, ] | dp = [2, 1, 1, 1, 1, 2, ] | algo = [0, 0, 0, 0, 0, 0, ] | rc = [946, 2277, 2337, 2271, 1804, 290] | gpus = [2, 1, 1, 1, 1, 2] | micro_bs = 2 | time = [185480, 389561, 401028, 415007, 422258, 172554] | memory = [26910, 15272, 16322, 26326, 26820, 23622]

[ Trial 6 ] |422258.28|26910.51| op = [1732, 2277, 2351, 2460, 2608, 1887]| tp = [1, 1, 1, 1, 1, 1, ] | dp = [2, 1, 1, 1, 1, 2, ] | algo = [0, 0, 0, 0, 0, 0, ] | rc = [946, 2277, 2337, 2271, 1804, 290] | gpus = [2, 1, 1, 1, 1, 2] | micro_bs = 2 | time = [185480, 389561, 401028, 415007, 422258, 172554] | memory = [26910, 15272, 16322, 26326, 26820, 23622]
>>>> [CONFIG: target(4), prim(dec_op)]
|323475.42|26998.04| op = [2382, 1819, 1925, 1937, 2000, 3252]| tp = [1, 1, 1, 1, 1, 1, ] | dp = [2, 1, 1, 1, 1, 2, ] | algo = [0, 0, 0, 0, 0, 0, ] | rc = [2197, 1679, 1732, 1341, 934, 912] | gpus = [2, 1, 1, 1, 1, 2] | micro_bs = 2 | time = [277134, 307077, 323475, 314593, 308465, 315071] | memory = [24936, 26312, 25383, 25557, 26989, 26998]

[ Trial 7 ] |323475.42|26998.04| op = [2382, 1819, 1925, 1937, 2000, 3252]| tp = [1, 1, 1, 1, 1, 1, ] | dp = [2, 1, 1, 1, 1, 2, ] | algo = [0, 0, 0, 0, 0, 0, ] | rc = [2197, 1679, 1732, 1341, 934, 912] | gpus = [2, 1, 1, 1, 1, 2] | micro_bs = 2 | time = [277134, 307077, 323475, 314593, 308465, 315071] | memory = [24936, 26312, 25383, 25557, 26989, 26998]
>>>> [CONFIG: target(2), prim(dec_op)]
|315053.80|26998.04| op = [2514, 1796, 1842, 1911, 2000, 3252]| tp = [1, 1, 1, 1, 1, 1, ] | dp = [2, 1, 1, 1, 1, 2, ] | algo = [0, 0, 0, 0, 0, 0, ] | rc = [2319, 1658, 1562, 1323, 934, 912] | gpus = [2, 1, 1, 1, 1, 2] | micro_bs = 2 | time = [292500, 303807, 306389, 310403, 308448, 315053] | memory = [26220, 26558, 26153, 25221, 26989, 26998]

[ Trial 8 ] |315053.80|26998.04| op = [2514, 1796, 1842, 1911, 2000, 3252]| tp = [1, 1, 1, 1, 1, 1, ] | dp = [2, 1, 1, 1, 1, 2, ] | algo = [0, 0, 0, 0, 0, 0, ] | rc = [2319, 1658, 1562, 1323, 934, 912] | gpus = [2, 1, 1, 1, 1, 2] | micro_bs = 2 | time = [292500, 303807, 306389, 310403, 308448, 315053] | memory = [26220, 26558, 26153, 25221, 26989, 26998]
>>>> [CONFIG: target(5), prim(dec_dp)]
|519408.75|26990.18| op = [2514, 1796, 1842, 1911, 2000, 3252]| tp = [1, 1, 1, 1, 1, 1, ] | dp = [2, 1, 2, 1, 1, 1, ] | algo = [0, 0, 0, 0, 0, 0, ] | rc = [2319, 1658, 720, 1323, 934, 1820] | gpus = [2, 1, 2, 1, 1, 1] | micro_bs = 2 | time = [292662, 303969, 184973, 310565, 308609, 519408] | memory = [26220, 26558, 26990, 25221, 26989, 26854]
>>>> [CONFIG: target(5), prim(dec_op)]
|327473.60|26990.97| op = [2514, 1796, 2817, 1965, 2042, 2181]| tp = [1, 1, 1, 1, 1, 1, ] | dp = [2, 1, 2, 1, 1, 1, ] | algo = [0, 0, 0, 0, 0, 0, ] | rc = [2319, 1658, 2256, 1361, 1012, 626] | gpus = [2, 1, 2, 1, 1, 1] | micro_bs = 2 | time = [292584, 303891, 317286, 319720, 318843, 327473] | memory = [26220, 26558, 26529, 25858, 26985, 26990]
>>>> [CONFIG: target(5), prim(inc_dp)]
|429416.51|26999.90| op = [2514, 1796, 2817, 1965, 2042, 2181]| tp = [1, 1, 1, 1, 1, 1, ] | dp = [1, 1, 2, 1, 1, 2, ] | algo = [0, 0, 0, 0, 0, 0, ] | rc = [2512, 1658, 2256, 1361, 1012, 356] | gpus = [1, 1, 2, 1, 1, 2] | micro_bs = 2 | time = [429416, 303907, 317302, 319736, 318859, 198913] | memory = [18403, 26558, 26529, 25858, 26985, 26999]
>>>> [CONFIG: target(0), prim(dec_op)]
|309687.73|26992.33| op = [1810, 1814, 2694, 1863, 1966, 3168]| tp = [1, 1, 1, 1, 1, 1, ] | dp = [1, 1, 2, 1, 1, 2, ] | algo = [0, 0, 0, 0, 0, 0, ] | rc = [1806, 1675, 2279, 1333, 909, 868] | gpus = [1, 1, 2, 1, 1, 2] | micro_bs = 2 | time = [309687, 306646, 306667, 304159, 303295, 305747] | memory = [13855, 26146, 25562, 26490, 26988, 26992]

[ Trial 9 ] |309687.73|26992.33| op = [1810, 1814, 2694, 1863, 1966, 3168]| tp = [1, 1, 1, 1, 1, 1, ] | dp = [1, 1, 2, 1, 1, 2, ] | algo = [0, 0, 0, 0, 0, 0, ] | rc = [1806, 1675, 2279, 1333, 909, 868] | gpus = [1, 1, 2, 1, 1, 2] | micro_bs = 2 | time = [309687, 306646, 306667, 304159, 303295, 305747] | memory = [13855, 26146, 25562, 26490, 26988, 26992]
>>>> [CONFIG: target(0), prim(dec_op)]
|306284.78|26992.33| op = [1791, 1800, 2727, 1863, 1966, 3168]| tp = [1, 1, 1, 1, 1, 1, ] | dp = [1, 1, 2, 1, 1, 2, ] | algo = [0, 0, 0, 0, 0, 0, ] | rc = [1769, 1662, 1999, 1333, 909, 868] | gpus = [1, 1, 2, 1, 1, 2] | micro_bs = 2 | time = [306284, 303606, 302430, 304138, 303274, 305727] | memory = [15792, 17723, 26838, 26490, 26988, 26992]

[ Trial 10 ] |306284.78|26992.33| op = [1791, 1800, 2727, 1863, 1966, 3168]| tp = [1, 1, 1, 1, 1, 1, ] | dp = [1, 1, 2, 1, 1, 2, ] | algo = [0, 0, 0, 0, 0, 0, ] | rc = [1769, 1662, 1999, 1333, 909, 868] | gpus = [1, 1, 2, 1, 1, 2] | micro_bs = 2 | time = [306284, 303606, 302430, 304138, 303274, 305727] | memory = [15792, 17723, 26838, 26490, 26988, 26992]
>>>> [CONFIG: target(0), prim(dec_op)]
|304792.50|26994.79| op = [1784, 1805, 2732, 1871, 1971, 3152]| tp = [1, 1, 1, 1, 1, 1, ] | dp = [1, 1, 2, 1, 1, 2, ] | algo = [0, 0, 0, 0, 0, 0, ] | rc = [1764, 1666, 2013, 1231, 898, 866] | gpus = [1, 1, 2, 1, 1, 2] | micro_bs = 2 | time = [304786, 304792, 303222, 302254, 303446, 304207] | memory = [15595, 26108, 26820, 25630, 26994, 26992]

[ Trial 11 ] |304792.50|26994.79| op = [1784, 1805, 2732, 1871, 1971, 3152]| tp = [1, 1, 1, 1, 1, 1, ] | dp = [1, 1, 2, 1, 1, 2, ] | algo = [0, 0, 0, 0, 0, 0, ] | rc = [1764, 1666, 2013, 1231, 898, 866] | gpus = [1, 1, 2, 1, 1, 2] | micro_bs = 2 | time = [304786, 304792, 303222, 302254, 303446, 304207] | memory = [15595, 26108, 26820, 25630, 26994, 26992]
>>>> [CONFIG: target(1), prim(inc_dp)]
|465597.24|26994.79| op = [1784, 1805, 2732, 1871, 1971, 3152]| tp = [1, 1, 1, 1, 1, 1, ] | dp = [1, 2, 1, 1, 1, 2, ] | algo = [0, 0, 0, 0, 0, 0, ] | rc = [1764, 887, 2731, 1231, 898, 866] | gpus = [1, 2, 1, 1, 1, 2] | micro_bs = 2 | time = [304873, 187455, 465597, 302342, 303534, 304295] | memory = [15595, 26988, 16965, 25630, 26994, 26992]
>>>> [CONFIG: target(2), prim(dec_op)]
|310496.82|26992.79| op = [1784, 2639, 1859, 1899, 1982, 3152]| tp = [1, 1, 1, 1, 1, 1, ] | dp = [1, 2, 1, 1, 1, 2, ] | algo = [0, 0, 0, 0, 0, 0, ] | rc = [1764, 2384, 1601, 1315, 924, 866] | gpus = [1, 2, 1, 1, 1, 2] | micro_bs = 2 | time = [304818, 304980, 310496, 308934, 305981, 304240] | memory = [15595, 25500, 26038, 25401, 26991, 26992]
>>>> [CONFIG: target(2), prim(dec_op)]
|307029.45|26992.79| op = [1784, 2639, 1841, 1917, 1982, 3152]| tp = [1, 1, 1, 1, 1, 1, ] | dp = [1, 2, 1, 1, 1, 2, ] | algo = [0, 0, 0, 0, 0, 0, ] | rc = [1764, 2384, 1555, 1070, 924, 866] | gpus = [1, 2, 1, 1, 1, 2] | micro_bs = 2 | time = [304798, 304960, 307029, 301891, 305960, 304219] | memory = [15595, 25500, 26146, 26982, 26991, 26992]
>>>> [CONFIG: target(2), prim(inc_dp)]
|449949.60|26994.61| op = [1784, 2639, 1841, 1917, 1982, 3152]| tp = [1, 1, 1, 1, 1, 1, ] | dp = [1, 1, 2, 1, 1, 2, ] | algo = [0, 0, 0, 0, 0, 0, ] | rc = [1764, 2639, 718, 1070, 924, 866] | gpus = [1, 1, 2, 1, 1, 2] | micro_bs = 2 | time = [304842, 449949, 185083, 301936, 306005, 304264] | memory = [15595, 17684, 26994, 26982, 26991, 26992]
>>>> [CONFIG: target(1), prim(dec_op)]
|304754.78|26994.84| op = [1784, 1802, 2778, 1855, 1944, 3152]| tp = [1, 1, 1, 1, 1, 1, ] | dp = [1, 1, 2, 1, 1, 2, ] | algo = [0, 0, 0, 0, 0, 0, ] | rc = [1764, 1664, 1648, 1199, 864, 866] | gpus = [1, 1, 2, 1, 1, 2] | micro_bs = 2 | time = [304754, 304562, 295612, 298504, 298879, 304176] | memory = [15595, 26040, 26994, 25777, 26977, 26992]

[ Trial 12 ] |304754.78|26994.84| op = [1784, 1802, 2778, 1855, 1944, 3152]| tp = [1, 1, 1, 1, 1, 1, ] | dp = [1, 1, 2, 1, 1, 2, ] | algo = [0, 0, 0, 0, 0, 0, ] | rc = [1764, 1664, 1648, 1199, 864, 866] | gpus = [1, 1, 2, 1, 1, 2] | micro_bs = 2 | time = [304754, 304562, 295612, 298504, 298879, 304176] | memory = [15595, 26040, 26994, 25777, 26977, 26992]
>>>> [CONFIG: target(0), prim(inc_dp)]
|467542.48|26992.79| op = [1784, 1802, 2778, 1855, 1944, 3152]| tp = [1, 1, 1, 1, 1, 1, ] | dp = [2, 1, 1, 1, 1, 2, ] | algo = [0, 0, 0, 0, 0, 0, ] | rc = [1062, 1664, 2565, 1199, 864, 866] | gpus = [2, 1, 1, 1, 1, 2] | micro_bs = 2 | time = [192952, 304679, 467542, 298621, 298996, 304293] | memory = [26379, 26040, 24013, 25777, 26977, 26992]
>>>> [CONFIG: target(2), prim(dec_op)]
|310278.94|26992.79| op = [2607, 1841, 1848, 1910, 1957, 3152]| tp = [1, 1, 1, 1, 1, 1, ] | dp = [2, 1, 1, 1, 1, 2, ] | algo = [0, 0, 0, 0, 0, 0, ] | rc = [2419, 1699, 1619, 1322, 880, 866] | gpus = [2, 1, 1, 1, 1, 2] | micro_bs = 2 | time = [303499, 310084, 309869, 310278, 301129, 304239] | memory = [26329, 26640, 25956, 25581, 26991, 26992]
>>>> [CONFIG: target(3), prim(dec_op)]
|307543.28|26998.33| op = [2618, 1812, 1831, 1894, 1988, 3172]| tp = [1, 1, 1, 1, 1, 1, ] | dp = [2, 1, 1, 1, 1, 2, ] | algo = [0, 0, 0, 0, 0, 0, ] | rc = [2439, 1673, 1565, 1311, 933, 872] | gpus = [2, 1, 1, 1, 1, 2] | micro_bs = 2 | time = [305011, 306239, 305579, 307543, 306824, 306435] | memory = [25849, 26746, 25974, 25349, 26984, 26998]
>>>> [CONFIG: target(3), prim(inc_dp)]
|446939.38|26998.33| op = [2618, 1812, 1831, 1894, 1988, 3172]| tp = [1, 1, 1, 1, 1, 1, ] | dp = [1, 1, 1, 2, 1, 2, ] | algo = [0, 0, 0, 0, 0, 0, ] | rc = [2616, 1673, 1565, 564, 933, 872] | gpus = [1, 1, 1, 2, 1, 2] | micro_bs = 2 | time = [446939, 306278, 305617, 185386, 306862, 306474] | memory = [19123, 26746, 25974, 26977, 26984, 26998]
>>>> [CONFIG: target(0), prim(dec_op)]
|306785.87|26998.33| op = [1776, 1803, 1799, 2777, 1988, 3172]| tp = [1, 1, 1, 1, 1, 1, ] | dp = [1, 1, 1, 2, 1, 2, ] | algo = [0, 0, 0, 0, 0, 0, ] | rc = [1747, 1665, 1505, 1607, 933, 872] | gpus = [1, 1, 1, 2, 1, 2] | micro_bs = 2 | time = [303701, 304362, 299869, 296758, 306785, 306397] | memory = [16542, 18303, 26206, 26908, 26984, 26998]
>>>> [CONFIG: target(4), prim(dec_op)]
|303995.85|26994.27| op = [1776, 1789, 1820, 2816, 1970, 3144]| tp = [1, 1, 1, 1, 1, 1, ] | dp = [1, 1, 1, 2, 1, 2, ] | algo = [0, 0, 0, 0, 0, 0, ] | rc = [1747, 1652, 1510, 1639, 900, 860] | gpus = [1, 1, 1, 2, 1, 2] | micro_bs = 2 | time = [303698, 301581, 302478, 301172, 303995, 303494] | memory = [16542, 17599, 26223, 26630, 26992, 26994]

[ Trial 13 ] |303995.85|26994.27| op = [1776, 1789, 1820, 2816, 1970, 3144]| tp = [1, 1, 1, 1, 1, 1, ] | dp = [1, 1, 1, 2, 1, 2, ] | algo = [0, 0, 0, 0, 0, 0, ] | rc = [1747, 1652, 1510, 1639, 900, 860] | gpus = [1, 1, 1, 2, 1, 2] | micro_bs = 2 | time = [303698, 301581, 302478, 301172, 303995, 303494] | memory = [16542, 17599, 26223, 26630, 26992, 26994]
>>>> [CONFIG: target(4), prim(inc_dp)]
|479036.46|26994.27| op = [1776, 1789, 1820, 2816, 1970, 3144]| tp = [1, 1, 1, 1, 1, 1, ] | dp = [1, 1, 1, 1, 2, 2, ] | algo = [0, 0, 0, 0, 0, 0, ] | rc = [1747, 1652, 1510, 2775, 496, 860] | gpus = [1, 1, 1, 1, 2, 2] | micro_bs = 2 | time = [303819, 301701, 302598, 479036, 188012, 303614] | memory = [16542, 17599, 26223, 18622, 26981, 26994]
>>>> [CONFIG: target(3), prim(dec_op)]
|303676.86|26994.46| op = [1776, 1789, 1813, 1853, 2940, 3144]| tp = [1, 1, 1, 1, 1, 1, ] | dp = [1, 1, 1, 1, 2, 2, ] | algo = [0, 0, 0, 0, 0, 0, ] | rc = [1747, 1652, 1486, 1261, 1234, 860] | gpus = [1, 1, 1, 1, 2, 2] | micro_bs = 2 | time = [303676, 301559, 301284, 300034, 295255, 303472] | memory = [16542, 17599, 26286, 26583, 26994, 26994]

[ Trial 14 ] |303676.86|26994.46| op = [1776, 1789, 1813, 1853, 2940, 3144]| tp = [1, 1, 1, 1, 1, 1, ] | dp = [1, 1, 1, 1, 2, 2, ] | algo = [0, 0, 0, 0, 0, 0, ] | rc = [1747, 1652, 1486, 1261, 1234, 860] | gpus = [1, 1, 1, 1, 2, 2] | micro_bs = 2 | time = [303676, 301559, 301284, 300034, 295255, 303472] | memory = [16542, 17599, 26286, 26583, 26994, 26994]
>>>> [CONFIG: target(0), prim(dec_op)]
|303677.36|26993.67| op = [1776, 1789, 1813, 1853, 2976, 3108]| tp = [1, 1, 1, 1, 1, 1, ] | dp = [1, 1, 1, 1, 2, 2, ] | algo = [0, 0, 0, 0, 0, 0, ] | rc = [1747, 1652, 1486, 1261, 1290, 840] | gpus = [1, 1, 1, 1, 2, 2] | micro_bs = 2 | time = [303677, 301560, 301285, 300034, 299498, 299484] | memory = [16542, 17599, 26286, 26583, 26991, 26993]
>>>> [CONFIG: target(0), prim(dec_op)]
|301396.90|26997.22| op = [1765, 1786, 1808, 1863, 2985, 3108]| tp = [1, 1, 1, 1, 1, 1, ] | dp = [1, 1, 1, 1, 2, 2, ] | algo = [0, 0, 0, 0, 0, 0, ] | rc = [1728, 1649, 1479, 1209, 1304, 840] | gpus = [1, 1, 1, 1, 2, 2] | micro_bs = 2 | time = [301396, 301193, 299925, 301156, 300386, 299480] | memory = [17412, 17546, 26303, 25759, 26997, 26993]

[ Trial 15 ] |301396.90|26997.22| op = [1765, 1786, 1808, 1863, 2985, 3108]| tp = [1, 1, 1, 1, 1, 1, ] | dp = [1, 1, 1, 1, 2, 2, ] | algo = [0, 0, 0, 0, 0, 0, ] | rc = [1728, 1649, 1479, 1209, 1304, 840] | gpus = [1, 1, 1, 1, 2, 2] | micro_bs = 2 | time = [301396, 301193, 299925, 301156, 300386, 299480] | memory = [17412, 17546, 26303, 25759, 26997, 26993]
>>>> [CONFIG: target(0), prim(inc_dp)]
|490725.94|26997.22| op = [1765, 1786, 1808, 1863, 2985, 3108]| tp = [1, 1, 1, 1, 1, 1, ] | dp = [2, 1, 1, 1, 2, 1, ] | algo = [0, 0, 0, 0, 0, 0, ] | rc = [1012, 1649, 1479, 1209, 1304, 1600] | gpus = [2, 1, 1, 1, 2, 1] | micro_bs = 2 | time = [190101, 301349, 300081, 301312, 300542, 490725] | memory = [26607, 17546, 26303, 25759, 26997, 26986]
>>>> [CONFIG: target(5), prim(dec_op)]
|314546.80|26995.02| op = [2527, 1828, 1877, 1930, 3053, 2100]| tp = [1, 1, 1, 1, 1, 1, ] | dp = [2, 1, 1, 1, 2, 1, ] | algo = [0, 0, 0, 0, 0, 0, ] | rc = [2331, 1690, 1643, 1337, 1410, 584] | gpus = [2, 1, 1, 1, 2, 1] | micro_bs = 2 | time = [294023, 308777, 314546, 313777, 308193, 313644] | memory = [26352, 26772, 26167, 25808, 26995, 26988]
>>>> [CONFIG: target(2), prim(dec_op)]
|309313.52|26999.04| op = [2631, 1826, 1854, 1886, 3053, 2065]| tp = [1, 1, 1, 1, 1, 1, ] | dp = [2, 1, 1, 1, 2, 1, ] | algo = [0, 0, 0, 0, 0, 0, ] | rc = [2462, 1687, 1196, 1303, 1410, 572] | gpus = [2, 1, 1, 1, 2, 1] | micro_bs = 2 | time = [306771, 308583, 300021, 306657, 309313, 308473] | memory = [25321, 26908, 26763, 25251, 26999, 26988]
>>>> [CONFIG: target(4), prim(dec_dp)]
|512938.42|26988.41| op = [2631, 1826, 1854, 1886, 3053, 2065]| tp = [1, 1, 1, 1, 1, 1, ] | dp = [2, 1, 1, 2, 1, 1, ] | algo = [0, 0, 0, 0, 0, 0, ] | rc = [2462, 1687, 1196, 558, 2818, 572] | gpus = [2, 1, 1, 2, 1, 1] | micro_bs = 2 | time = [306931, 308742, 300180, 184874, 512938, 308632] | memory = [25321, 26908, 26763, 26903, 25392, 26988]
>>>> [CONFIG: target(4), prim(dec_op)]
|320282.73|26993.72| op = [2631, 1826, 1854, 2874, 2065, 2065]| tp = [1, 1, 1, 1, 1, 1, ] | dp = [2, 1, 1, 2, 1, 1, ] | algo = [0, 0, 0, 0, 0, 0, ] | rc = [2462, 1687, 1196, 1835, 999, 572] | gpus = [2, 1, 1, 2, 1, 1] | micro_bs = 2 | time = [306802, 308614, 300052, 311602, 320282, 308504] | memory = [25321, 26908, 26763, 26124, 26993, 26988]
>>>> [CONFIG: target(4), prim(dec_op)]
|320276.99|26993.72| op = [2631, 1826, 1902, 2826, 2065, 2065]| tp = [1, 1, 1, 1, 1, 1, ] | dp = [2, 1, 1, 2, 1, 1, ] | algo = [0, 0, 0, 0, 0, 0, ] | rc = [2462, 1687, 1186, 1660, 999, 572] | gpus = [2, 1, 1, 2, 1, 1] | micro_bs = 2 | time = [306797, 308608, 305867, 302842, 320276, 308498] | memory = [25321, 26908, 26937, 26585, 26993, 26988]
>>>> [CONFIG: target(4), prim(inc_mbs)]
|268087.18|26778.14| op = [2631, 1826, 1902, 2826, 2065, 2065]| tp = [1, 1, 1, 1, 1, 1, ] | dp = [2, 1, 1, 2, 1, 1, ] | algo = [0, 0, 0, 0, 0, 0, ] | rc = [2629, 1826, 1756, 2789, 1906, 1164] | gpus = [2, 1, 1, 2, 1, 1] | micro_bs = 4 | time = [228057, 241159, 248602, 244001, 268087, 263439] | memory = [19213, 18924, 25760, 18385, 26412, 26778]

[ Trial 16 ] |268087.18|26778.14| op = [2631, 1826, 1902, 2826, 2065, 2065]| tp = [1, 1, 1, 1, 1, 1, ] | dp = [2, 1, 1, 2, 1, 1, ] | algo = [0, 0, 0, 0, 0, 0, ] | rc = [2629, 1826, 1756, 2789, 1906, 1164] | gpus = [2, 1, 1, 2, 1, 1] | micro_bs = 4 | time = [228057, 241159, 248602, 244001, 268087, 263439] | memory = [19213, 18924, 25760, 18385, 26412, 26778]
>>>> [CONFIG: target(4), prim(dec_op)]
|247020.85|26986.64| op = [2854, 1872, 1873, 2878, 1890, 1948]| tp = [1, 1, 1, 1, 1, 1, ] | dp = [2, 1, 1, 2, 1, 1, ] | algo = [0, 0, 0, 0, 0, 0, ] | rc = [2852, 1872, 1873, 2657, 1719, 1008] | gpus = [2, 1, 1, 2, 1, 1] | micro_bs = 4 | time = [246844, 246705, 246749, 245117, 245905, 247020] | memory = [20767, 17936, 16188, 21720, 25152, 26986]

[ Trial 17 ] |247020.85|26986.64| op = [2854, 1872, 1873, 2878, 1890, 1948]| tp = [1, 1, 1, 1, 1, 1, ] | dp = [2, 1, 1, 2, 1, 1, ] | algo = [0, 0, 0, 0, 0, 0, ] | rc = [2852, 1872, 1873, 2657, 1719, 1008] | gpus = [2, 1, 1, 2, 1, 1] | micro_bs = 4 | time = [246844, 246705, 246749, 245117, 245905, 247020] | memory = [20767, 17936, 16188, 21720, 25152, 26986]
>>>> [CONFIG: target(5), prim(dec_op)]
|246843.02|26986.64| op = [2854, 1872, 1873, 2883, 1887, 1946]| tp = [1, 1, 1, 1, 1, 1, ] | dp = [2, 1, 1, 2, 1, 1, ] | algo = [0, 0, 0, 0, 0, 0, ] | rc = [2852, 1872, 1873, 2662, 1742, 995] | gpus = [2, 1, 1, 2, 1, 1] | micro_bs = 4 | time = [246843, 246704, 246747, 245741, 246063, 245804] | memory = [20767, 17936, 16188, 21739, 24812, 26986]

[ Trial 18 ] |246843.02|26986.64| op = [2854, 1872, 1873, 2883, 1887, 1946]| tp = [1, 1, 1, 1, 1, 1, ] | dp = [2, 1, 1, 2, 1, 1, ] | algo = [0, 0, 0, 0, 0, 0, ] | rc = [2852, 1872, 1873, 2662, 1742, 995] | gpus = [2, 1, 1, 2, 1, 1] | micro_bs = 4 | time = [246843, 246704, 246747, 245741, 246063, 245804] | memory = [20767, 17936, 16188, 21739, 24812, 26986]
>>>> [CONFIG: target(0), prim(dec_dp)]
|373709.12|29228.18| op = [2854, 1872, 1873, 2883, 1887, 1946]| tp = [1, 1, 1, 1, 1, 1, ] | dp = [1, 1, 1, 2, 1, 2, ] | algo = [0, 0, 0, 0, 0, 0, ] | rc = [2852, 1872, 1873, 2662, 1742, 510] | gpus = [1, 1, 1, 2, 1, 2] | micro_bs = 4 | time = [373709, 246816, 246859, 245853, 246175, 147707] | memory = [29228, 17936, 16188, 21739, 24812, 26997]
>>>> [CONFIG: target(0), prim(dec_op)]
|357104.24|27973.05| op = [2727, 1999, 1873, 2883, 1887, 1946]| tp = [1, 1, 1, 1, 1, 1, ] | dp = [1, 1, 1, 2, 1, 2, ] | algo = [0, 0, 0, 0, 0, 0, ] | rc = [2725, 1950, 1873, 2662, 1742, 510] | gpus = [1, 1, 1, 2, 1, 2] | micro_bs = 4 | time = [357104, 262821, 246857, 245850, 246173, 147705] | memory = [27973, 22932, 16188, 21739, 24812, 26997]
>>>> [CONFIG: target(0), prim(dec_op)]
|247804.04|26990.97| op = [1877, 1879, 1890, 2793, 1849, 3027]| tp = [1, 1, 1, 1, 1, 1, ] | dp = [1, 1, 1, 2, 1, 2, ] | algo = [0, 0, 0, 0, 0, 0, ] | rc = [1875, 1879, 1745, 2766, 1648, 1512] | gpus = [1, 1, 1, 2, 1, 2] | micro_bs = 4 | time = [247748, 247804, 247414, 240952, 240414, 241082] | memory = [20092, 19356, 26604, 17998, 25728, 26990]
>>>> [CONFIG: target(1), prim(dec_op)]
|244786.03|26987.00| op = [1855, 1859, 1863, 2825, 1871, 3042]| tp = [1, 1, 1, 1, 1, 1, ] | dp = [1, 1, 1, 2, 1, 2, ] | algo = [0, 0, 0, 0, 0, 0, ] | rc = [1853, 1770, 1719, 2821, 1723, 1521] | gpus = [1, 1, 1, 2, 1, 2] | micro_bs = 4 | time = [244786, 243878, 243491, 244116, 243488, 242256] | memory = [19928, 24888, 25152, 16795, 24820, 26986]

[ Trial 19 ] |244786.03|26987.00| op = [1855, 1859, 1863, 2825, 1871, 3042]| tp = [1, 1, 1, 1, 1, 1, ] | dp = [1, 1, 1, 2, 1, 2, ] | algo = [0, 0, 0, 0, 0, 0, ] | rc = [1853, 1770, 1719, 2821, 1723, 1521] | gpus = [1, 1, 1, 2, 1, 2] | micro_bs = 4 | time = [244786, 243878, 243491, 244116, 243488, 242256] | memory = [19928, 24888, 25152, 16795, 24820, 26986]
>>>> [CONFIG: target(0), prim(inc_dp)]
|369675.85|26987.00| op = [1855, 1859, 1863, 2825, 1871, 3042]| tp = [1, 1, 1, 1, 1, 1, ] | dp = [2, 1, 1, 1, 1, 2, ] | algo = [0, 0, 0, 0, 0, 0, ] | rc = [1853, 1770, 1719, 2825, 1723, 1521] | gpus = [2, 1, 1, 1, 1, 2] | micro_bs = 4 | time = [162597, 244047, 243660, 369675, 243657, 242425] | memory = [13854, 24888, 25152, 21379, 24820, 26986]
>>>> [CONFIG: target(3), prim(dec_op)]
|245007.70|26987.00| op = [2828, 1859, 1858, 1857, 1871, 3042]| tp = [1, 1, 1, 1, 1, 1, ] | dp = [2, 1, 1, 1, 1, 2, ] | algo = [0, 0, 0, 0, 0, 0, ] | rc = [2826, 1859, 1858, 1856, 1723, 1521] | gpus = [2, 1, 1, 1, 1, 2] | micro_bs = 4 | time = [244600, 244982, 245007, 244837, 243500, 242268] | memory = [20587, 17828, 18360, 15884, 24820, 26986]
>>>> [CONFIG: target(2), prim(dec_op)]
|244271.49|26990.65| op = [2825, 1847, 1851, 1859, 1871, 3062]| tp = [1, 1, 1, 1, 1, 1, ] | dp = [2, 1, 1, 1, 1, 2, ] | algo = [0, 0, 0, 0, 0, 0, ] | rc = [2823, 1847, 1851, 1716, 1690, 1546] | gpus = [2, 1, 1, 1, 1, 2] | micro_bs = 4 | time = [244256, 244095, 244271, 243240, 244048, 244009] | memory = [21331, 18960, 17020, 21092, 20136, 26990]

[ Trial 20 ] |244271.49|26990.65| op = [2825, 1847, 1851, 1859, 1871, 3062]| tp = [1, 1, 1, 1, 1, 1, ] | dp = [2, 1, 1, 1, 1, 2, ] | algo = [0, 0, 0, 0, 0, 0, ] | rc = [2823, 1847, 1851, 1716, 1690, 1546] | gpus = [2, 1, 1, 1, 1, 2] | micro_bs = 4 | time = [244256, 244095, 244271, 243240, 244048, 244009] | memory = [21331, 18960, 17020, 21092, 20136, 26990]
>>>> [CONFIG: target(2), prim(dec_op)]
|244256.55|26990.65| op = [2825, 1847, 1849, 1861, 1871, 3062]| tp = [1, 1, 1, 1, 1, 1, ] | dp = [2, 1, 1, 1, 1, 2, ] | algo = [0, 0, 0, 0, 0, 0, ] | rc = [2823, 1847, 1849, 1718, 1690, 1546] | gpus = [2, 1, 1, 1, 1, 2] | micro_bs = 4 | time = [244256, 244095, 244186, 243325, 244048, 244009] | memory = [21331, 18960, 17020, 21092, 20136, 26990]

num_targets: [1, 1, 1, 1, 1, 1, 1, 1, 1, 1, 1, 1, 1, 1, 1, 1, 1, 1, 1, 1, 1]
num_hops: [1, 1, 2, 2, 2, 7, 1, 1, 4, 1, 1, 5, 6, 2, 2, 7, 1, 1, 4, 3, 1]
search time = 205.83 s.  [0, 1, 2, 5, 10, 14, 28, 39, 44, 73, 76, 79, 91, 111, 117, 124, 144, 148, 150, 187, 202, 204, 216] 
num_explored_cases = 461
time trend: [661071, 638902, 616185, 542230, 525119, 498553, 422258, 323475, 315053, 309687, 306284, 304792, 304754, 303995, 303676, 301396, 268087, 247020, 246843, 244786, 244271, 244256, 244256]

working on num_stages = 3
config has been saved to /home/liminglong.lml/sxz/SuperScaler/logs-large/aceso/configs/scale-layer/1024layers/scale-layer_1024layers_3stages_2026-5-16-3-26-6.json

========== Best Result (num_stages = 3) ==========
|331278.10|27969.15| op = [5626, 3869, 3820]| tp = [1, 1, 1, ] | dp = [4, 2, 2, ] | algo = [0, 0, 0, ] | rc = [5624, 3572, 3401] | gpus = [4, 2, 2] | micro_bs = 4 | time = [331278, 326031, 322388] | memory = [27969, 24863, 26352]
start|2177543.23|26997.95| op = [4438, 4438, 4439]| tp = [4, 2, 2, ] | dp = [1, 1, 1, ] | algo = [0, 0, 0, ] | rc = [4436, 1406, 844] | gpus = [4, 2, 2] | micro_bs = 1 | time = [2177543, 1277850, 1244220] | memory = [7893, 26993, 26997]

[ Trial 0 ] |2177543.23|26997.95| op = [4438, 4438, 4439]| tp = [4, 2, 2, ] | dp = [1, 1, 1, ] | algo = [0, 0, 0, ] | rc = [4436, 1406, 844] | gpus = [4, 2, 2] | micro_bs = 1 | time = [2177543, 1277850, 1244220] | memory = [7893, 26993, 26997]
>>>> [CONFIG: target(0), prim(dec_op)]
|1576216.14|26996.56| op = [3215, 5108, 4992]| tp = [4, 2, 2, ] | dp = [1, 1, 1, ] | algo = [0, 0, 0, ] | rc = [3174, 2725, 1156] | gpus = [4, 2, 2] | micro_bs = 1 | time = [1576216, 1528638, 1411467] | memory = [10038, 26256, 26996]

[ Trial 1 ] |1576216.14|26996.56| op = [3215, 5108, 4992]| tp = [4, 2, 2, ] | dp = [1, 1, 1, ] | algo = [0, 0, 0, ] | rc = [3174, 2725, 1156] | gpus = [4, 2, 2] | micro_bs = 1 | time = [1576216, 1528638, 1411467] | memory = [10038, 26256, 26996]
>>>> [CONFIG: target(0), prim(dec_op)]
|1528611.69|26999.71| op = [3119, 5044, 5152]| tp = [4, 2, 2, ] | dp = [1, 1, 1, ] | algo = [0, 0, 0, ] | rc = [3073, 2673, 1254] | gpus = [4, 2, 2] | micro_bs = 1 | time = [1528611, 1518009, 1460819] | memory = [10362, 26540, 26999]

[ Trial 2 ] |1528611.69|26999.71| op = [3119, 5044, 5152]| tp = [4, 2, 2, ] | dp = [1, 1, 1, ] | algo = [0, 0, 0, ] | rc = [3073, 2673, 1254] | gpus = [4, 2, 2] | micro_bs = 1 | time = [1528611, 1518009, 1460819] | memory = [10362, 26540, 26999]
>>>> [CONFIG: target(0), prim(dec_op)]
|1493895.07|26997.95| op = [3047, 5015, 5253]| tp = [4, 2, 2, ] | dp = [1, 1, 1, ] | algo = [0, 0, 0, ] | rc = [2998, 2512, 1308] | gpus = [4, 2, 2] | micro_bs = 1 | time = [1493895, 1492064, 1491232] | memory = [10562, 26598, 26997]

[ Trial 3 ] |1493895.07|26997.95| op = [3047, 5015, 5253]| tp = [4, 2, 2, ] | dp = [1, 1, 1, ] | algo = [0, 0, 0, ] | rc = [2998, 2512, 1308] | gpus = [4, 2, 2] | micro_bs = 1 | time = [1493895, 1492064, 1491232] | memory = [10562, 26598, 26997]
>>>> [CONFIG: target(0), prim(dec_op)]
|1492810.63|26997.95| op = [3045, 5017, 5253]| tp = [4, 2, 2, ] | dp = [1, 1, 1, ] | algo = [0, 0, 0, ] | rc = [2996, 2494, 1308] | gpus = [4, 2, 2] | micro_bs = 1 | time = [1492810, 1491399, 1491230] | memory = [10566, 26639, 26997]

[ Trial 4 ] |1492810.63|26997.95| op = [3045, 5017, 5253]| tp = [4, 2, 2, ] | dp = [1, 1, 1, ] | algo = [0, 0, 0, ] | rc = [2996, 2494, 1308] | gpus = [4, 2, 2] | micro_bs = 1 | time = [1492810, 1491399, 1491230] | memory = [10566, 26639, 26997]
>>>> [CONFIG: target(0), prim(dec_tp)]
|1971973.07|26999.45| op = [3045, 5017, 5253]| tp = [2, 2, 4, ] | dp = [1, 1, 1, ] | algo = [0, 0, 0, ] | rc = [894, 2494, 1910] | gpus = [2, 2, 4] | micro_bs = 1 | time = [874388, 1491265, 1971973] | memory = [26986, 26639, 26999]
>>>> [CONFIG: target(2), prim(dec_op)]
|1392892.58|26999.20| op = [4440, 4747, 4128]| tp = [2, 2, 4, ] | dp = [1, 1, 1, ] | algo = [0, 0, 0, ] | rc = [2848, 1956, 72] | gpus = [2, 2, 4] | micro_bs = 1 | time = [1381994, 1390254, 1392892] | memory = [25620, 26996, 26999]

[ Trial 5 ] |1392892.58|26999.20| op = [4440, 4747, 4128]| tp = [2, 2, 4, ] | dp = [1, 1, 1, ] | algo = [0, 0, 0, ] | rc = [2848, 1956, 72] | gpus = [2, 2, 4] | micro_bs = 1 | time = [1381994, 1390254, 1392892] | memory = [25620, 26996, 26999]
>>>> [CONFIG: target(2), prim(dec_tp)]
|2177898.74|26997.20| op = [4440, 4747, 4128]| tp = [4, 2, 2, ] | dp = [1, 1, 1, ] | algo = [0, 0, 0, ] | rc = [4438, 1956, 672] | gpus = [4, 2, 2] | micro_bs = 1 | time = [2177898, 1390793, 1149810] | memory = [7895, 26996, 26997]
>>>> [CONFIG: target(0), prim(dec_op)]
|1494231.45|26997.95| op = [3049, 5020, 5246]| tp = [4, 2, 2, ] | dp = [1, 1, 1, ] | algo = [0, 0, 0, ] | rc = [3000, 2502, 1308] | gpus = [4, 2, 2] | micro_bs = 1 | time = [1494231, 1493070, 1489155] | memory = [10563, 26619, 26997]
>>>> [CONFIG: target(0), prim(dec_op)]
|1494231.55|26998.95| op = [3049, 5019, 5247]| tp = [4, 2, 2, ] | dp = [1, 1, 1, ] | algo = [0, 0, 0, ] | rc = [3000, 2500, 1310] | gpus = [4, 2, 2] | micro_bs = 1 | time = [1494231, 1492906, 1489422] | memory = [10563, 26624, 26998]
>>>> [CONFIG: target(0), prim(dec_tp)]
|1940636.76|26989.34| op = [3049, 5019, 5247]| tp = [2, 2, 4, ] | dp = [1, 1, 1, ] | algo = [0, 0, 0, ] | rc = [898, 2500, 1889] | gpus = [2, 2, 4] | micro_bs = 1 | time = [875218, 1492742, 1940636] | memory = [26989, 26624, 26930]
>>>> [CONFIG: target(2), prim(dec_op)]
|1391136.81|26997.65| op = [4462, 4742, 4111]| tp = [2, 2, 4, ] | dp = [1, 1, 1, ] | algo = [0, 0, 0, ] | rc = [2898, 1948, 54] | gpus = [2, 2, 4] | micro_bs = 1 | time = [1391136, 1388356, 1384925] | memory = [25493, 26997, 26997]

[ Trial 6 ] |1391136.81|26997.65| op = [4462, 4742, 4111]| tp = [2, 2, 4, ] | dp = [1, 1, 1, ] | algo = [0, 0, 0, ] | rc = [2898, 1948, 54] | gpus = [2, 2, 4] | micro_bs = 1 | time = [1391136, 1388356, 1384925] | memory = [25493, 26997, 26997]
>>>> [CONFIG: target(0), prim(inc_tp)]
|2189208.26|26997.58| op = [4462, 4742, 4111]| tp = [4, 2, 2, ] | dp = [1, 1, 1, ] | algo = [0, 0, 0, ] | rc = [4460, 1948, 670] | gpus = [4, 2, 2] | micro_bs = 1 | time = [2189208, 1388900, 1144871] | memory = [7943, 26997, 26996]
>>>> [CONFIG: target(0), prim(dec_op)]
|1510957.34|26999.11| op = [3083, 5023, 5209]| tp = [4, 2, 2, ] | dp = [1, 1, 1, ] | algo = [0, 0, 0, ] | rc = [3036, 2415, 1276] | gpus = [4, 2, 2] | micro_bs = 1 | time = [1510957, 1496930, 1477563] | memory = [10416, 26992, 26999]
>>>> [CONFIG: target(0), prim(dec_op)]
|1510956.43|26998.17| op = [3083, 4994, 5238]| tp = [4, 2, 2, ] | dp = [1, 1, 1, ] | algo = [0, 0, 0, ] | rc = [3036, 2387, 1301] | gpus = [4, 2, 2] | micro_bs = 1 | time = [1510956, 1486972, 1486595] | memory = [10416, 26990, 26998]
>>>> [CONFIG: target(0), prim(dec_op)]
|1494230.91|26998.20| op = [3049, 5018, 5248]| tp = [4, 2, 2, ] | dp = [1, 1, 1, ] | algo = [0, 0, 0, ] | rc = [3000, 2498, 1298] | gpus = [4, 2, 2] | micro_bs = 1 | time = [1494230, 1492273, 1489391] | memory = [10563, 26627, 26998]
>>>> [CONFIG: target(0), prim(dec_tp)]
|1956741.99|26998.58| op = [3049, 5018, 5248]| tp = [2, 2, 4, ] | dp = [1, 1, 1, ] | algo = [0, 0, 0, ] | rc = [898, 2498, 1856] | gpus = [2, 2, 4] | micro_bs = 1 | time = [875233, 1492125, 1956741] | memory = [26989, 26627, 26998]
>>>> [CONFIG: target(2), prim(dec_op)]
|1389607.70|26998.79| op = [4449, 4745, 4121]| tp = [2, 2, 4, ] | dp = [1, 1, 1, ] | algo = [0, 0, 0, ] | rc = [2871, 1954, 53] | gpus = [2, 2, 4] | micro_bs = 1 | time = [1386136, 1389607, 1389252] | memory = [25560, 26996, 26998]

[ Trial 7 ] |1389607.70|26998.79| op = [4449, 4745, 4121]| tp = [2, 2, 4, ] | dp = [1, 1, 1, ] | algo = [0, 0, 0, ] | rc = [2871, 1954, 53] | gpus = [2, 2, 4] | micro_bs = 1 | time = [1386136, 1389607, 1389252] | memory = [25560, 26996, 26998]
>>>> [CONFIG: target(1), prim(dec_op)]
|1388464.73|26997.79| op = [4455, 4741, 4119]| tp = [2, 2, 4, ] | dp = [1, 1, 1, ] | algo = [0, 0, 0, ] | rc = [2879, 1948, 53] | gpus = [2, 2, 4] | micro_bs = 1 | time = [1387790, 1388246, 1388464] | memory = [25541, 26992, 26997]

[ Trial 8 ] |1388464.73|26997.79| op = [4455, 4741, 4119]| tp = [2, 2, 4, ] | dp = [1, 1, 1, ] | algo = [0, 0, 0, ] | rc = [2879, 1948, 53] | gpus = [2, 2, 4] | micro_bs = 1 | time = [1387790, 1388246, 1388464] | memory = [25541, 26992, 26997]
>>>> [CONFIG: target(2), prim(dec_tp)]
|2185577.30|26997.42| op = [4455, 4741, 4119]| tp = [4, 2, 2, ] | dp = [1, 1, 1, ] | algo = [0, 0, 0, ] | rc = [4453, 1948, 678] | gpus = [4, 2, 2] | micro_bs = 1 | time = [2185577, 1388790, 1147763] | memory = [7926, 26992, 26997]
>>>> [CONFIG: target(0), prim(dec_op)]
|1512222.68|26998.84| op = [3085, 5024, 5206]| tp = [4, 2, 2, ] | dp = [1, 1, 1, ] | algo = [0, 0, 0, ] | rc = [3038, 2527, 1286] | gpus = [4, 2, 2] | micro_bs = 1 | time = [1512222, 1495108, 1477269] | memory = [10461, 26579, 26998]
>>>> [CONFIG: target(0), prim(dec_op)]
|1494044.78|26997.20| op = [3048, 5015, 5252]| tp = [4, 2, 2, ] | dp = [1, 1, 1, ] | algo = [0, 0, 0, ] | rc = [2999, 2514, 1304] | gpus = [4, 2, 2] | micro_bs = 1 | time = [1494044, 1492720, 1490406] | memory = [10562, 26591, 26997]
>>>> [CONFIG: target(0), prim(dec_tp)]
|1969913.21|26998.34| op = [3048, 5015, 5252]| tp = [2, 2, 4, ] | dp = [1, 1, 1, ] | algo = [0, 0, 0, ] | rc = [903, 2514, 1904] | gpus = [2, 2, 4] | micro_bs = 1 | time = [875454, 1492584, 1969913] | memory = [26998, 26591, 26998]
>>>> [CONFIG: target(2), prim(dec_op)]
|1391762.43|26998.69| op = [4446, 4743, 4126]| tp = [2, 2, 4, ] | dp = [1, 1, 1, ] | algo = [0, 0, 0, ] | rc = [2864, 1948, 64] | gpus = [2, 2, 4] | micro_bs = 1 | time = [1384760, 1388644, 1391762] | memory = [25574, 26997, 26998]
>>>> [CONFIG: target(2), prim(dec_tp)]
|2181440.73|26998.19| op = [4446, 4743, 4126]| tp = [4, 2, 2, ] | dp = [1, 1, 1, ] | algo = [0, 0, 0, ] | rc = [4444, 1948, 680] | gpus = [4, 2, 2] | micro_bs = 1 | time = [2181440, 1389189, 1152838] | memory = [7909, 26997, 26998]
>>>> [CONFIG: target(0), prim(inc_mbs)]
|692923.06|26995.19| op = [4446, 4743, 4126]| tp = [2, 1, 1, ] | dp = [2, 2, 2, ] | algo = [0, 0, 0, ] | rc = [2864, 4743, 1996] | gpus = [4, 2, 2] | micro_bs = 2 | time = [692923, 556434, 419798] | memory = [25574, 22152, 26995]

[ Trial 9 ] |692923.06|26995.19| op = [4446, 4743, 4126]| tp = [2, 1, 1, ] | dp = [2, 2, 2, ] | algo = [0, 0, 0, ] | rc = [2864, 4743, 1996] | gpus = [4, 2, 2] | micro_bs = 2 | time = [692923, 556434, 419798] | memory = [25574, 22152, 26995]
>>>> [CONFIG: target(0), prim(dec_tp)]
|576775.76|26998.19| op = [4446, 4743, 4126]| tp = [1, 1, 2, ] | dp = [2, 2, 2, ] | algo = [0, 0, 0, ] | rc = [4444, 4743, 680] | gpus = [2, 2, 4] | micro_bs = 2 | time = [521807, 556406, 576775] | memory = [22272, 22152, 26998]

[ Trial 10 ] |576775.76|26998.19| op = [4446, 4743, 4126]| tp = [1, 1, 2, ] | dp = [2, 2, 2, ] | algo = [0, 0, 0, ] | rc = [4444, 4743, 680] | gpus = [2, 2, 4] | micro_bs = 2 | time = [521807, 556406, 576775] | memory = [22272, 22152, 26998]
>>>> [CONFIG: target(2), prim(dec_dp)]
|862917.57|26998.74| op = [4446, 4743, 4126]| tp = [2, 1, 2, ] | dp = [2, 2, 1, ] | algo = [0, 0, 0, ] | rc = [2864, 4743, 1242] | gpus = [4, 2, 2] | micro_bs = 2 | time = [693788, 557299, 862917] | memory = [25574, 22152, 26998]
>>>> [CONFIG: target(2), prim(dec_op)]
|673856.54|26995.65| op = [4330, 5719, 3266]| tp = [2, 1, 2, ] | dp = [2, 2, 1, ] | algo = [0, 0, 0, ] | rc = [2635, 5718, 816] | gpus = [4, 2, 2] | micro_bs = 2 | time = [671510, 670755, 673856] | memory = [26075, 26652, 26995]
>>>> [CONFIG: target(2), prim(dec_op)]
|671943.87|26996.61| op = [4331, 5726, 3258]| tp = [2, 1, 2, ] | dp = [2, 2, 1, ] | algo = [0, 0, 0, ] | rc = [2637, 5726, 804] | gpus = [4, 2, 2] | micro_bs = 2 | time = [671639, 671839, 671943] | memory = [26066, 26676, 26996]
>>>> [CONFIG: target(2), prim(inc_dp)]
|671096.19|26676.03| op = [4331, 5726, 3258]| tp = [1, 1, 2, ] | dp = [2, 2, 2, ] | algo = [0, 0, 0, ] | rc = [4329, 5726, 500] | gpus = [2, 2, 4] | micro_bs = 2 | time = [508289, 671096, 453970] | memory = [21714, 26676, 21797]
>>>> [CONFIG: target(1), prim(dec_op)]
|549581.77|26340.00| op = [4682, 4683, 3950]| tp = [1, 1, 2, ] | dp = [2, 2, 2, ] | algo = [0, 0, 0, ] | rc = [4680, 4683, 608] | gpus = [2, 2, 4] | micro_bs = 2 | time = [549234, 549581, 549563] | memory = [23415, 21867, 26340]

[ Trial 11 ] |549581.77|26340.00| op = [4682, 4683, 3950]| tp = [1, 1, 2, ] | dp = [2, 2, 2, ] | algo = [0, 0, 0, ] | rc = [4680, 4683, 608] | gpus = [2, 2, 4] | micro_bs = 2 | time = [549234, 549581, 549563] | memory = [23415, 21867, 26340]
>>>> [CONFIG: target(1), prim(inc_tp)]
|683979.31|26996.25| op = [4682, 4683, 3950]| tp = [1, 2, 1, ] | dp = [2, 2, 2, ] | algo = [0, 0, 0, ] | rc = [4680, 1840, 1736] | gpus = [2, 4, 2] | micro_bs = 2 | time = [549202, 683979, 399092] | memory = [23415, 26995, 26996]
>>>> [CONFIG: target(1), prim(dec_dp)]
|1100598.27|26506.89| op = [4682, 4683, 3950]| tp = [1, 2, 2, ] | dp = [2, 1, 2, ] | algo = [0, 0, 0, ] | rc = [4680, 3896, 608] | gpus = [2, 2, 4] | micro_bs = 2 | time = [550310, 1100598, 550639] | memory = [23415, 26506, 26340]
>>>> [CONFIG: target(1), prim(dec_op)]
|661890.71|28071.10| op = [5643, 3079, 4593]| tp = [1, 2, 2, ] | dp = [2, 1, 2, ] | algo = [0, 0, 0, ] | rc = [5641, 1462, 936] | gpus = [2, 2, 4] | micro_bs = 2 | time = [661890, 658321, 646515] | memory = [28071, 26997, 26999]
>>>> [CONFIG: target(0), prim(dec_op)]
|665925.38|27969.15| op = [5626, 3096, 4593]| tp = [1, 2, 2, ] | dp = [2, 1, 2, ] | algo = [0, 0, 0, ] | rc = [5624, 1595, 936] | gpus = [2, 2, 4] | micro_bs = 2 | time = [660083, 665925, 646526] | memory = [27969, 26555, 26999]
>>>> [CONFIG: target(1), prim(inc_dp)]
|659393.05|27969.15| op = [5626, 3096, 4593]| tp = [1, 2, 1, ] | dp = [2, 2, 2, ] | algo = [0, 0, 0, ] | rc = [5624, 706, 3801] | gpus = [2, 4, 2] | micro_bs = 2 | time = [659393, 438008, 520247] | memory = [27969, 26994, 26371]
>>>> [CONFIG: target(0), prim(dec_op)]
|549129.48|26968.66| op = [4681, 3837, 4797]| tp = [1, 2, 1, ] | dp = [2, 2, 2, ] | algo = [0, 0, 0, ] | rc = [4679, 1070, 4154] | gpus = [2, 4, 2] | micro_bs = 2 | time = [549129, 548657, 548415] | memory = [23409, 26968, 26683]

[ Trial 12 ] |549129.48|26968.66| op = [4681, 3837, 4797]| tp = [1, 2, 1, ] | dp = [2, 2, 2, ] | algo = [0, 0, 0, ] | rc = [4679, 1070, 4154] | gpus = [2, 4, 2] | micro_bs = 2 | time = [549129, 548657, 548415] | memory = [23409, 26968, 26683]
>>>> [CONFIG: target(0), prim(dec_op)]
|548638.78|26998.85| op = [4675, 3838, 4802]| tp = [1, 2, 1, ] | dp = [2, 2, 2, ] | algo = [0, 0, 0, ] | rc = [4673, 1070, 2946] | gpus = [2, 4, 2] | micro_bs = 2 | time = [548601, 548638, 515728] | memory = [23370, 26982, 26998]

[ Trial 13 ] |548638.78|26998.85| op = [4675, 3838, 4802]| tp = [1, 2, 1, ] | dp = [2, 2, 2, ] | algo = [0, 0, 0, ] | rc = [4673, 1070, 2946] | gpus = [2, 4, 2] | micro_bs = 2 | time = [548601, 548638, 515728] | memory = [23370, 26982, 26998]
>>>> [CONFIG: target(1), prim(dec_tp)]
|677540.17|26999.85| op = [4675, 3838, 4802]| tp = [1, 1, 2, ] | dp = [2, 2, 2, ] | algo = [0, 0, 0, ] | rc = [4673, 2828, 1048] | gpus = [2, 2, 4] | micro_bs = 2 | time = [548673, 423928, 677540] | memory = [23370, 26453, 26999]
>>>> [CONFIG: target(2), prim(dec_dp)]
|1149446.72|26997.96| op = [4675, 3838, 4802]| tp = [1, 2, 2, ] | dp = [2, 2, 1, ] | algo = [0, 0, 0, ] | rc = [4673, 1070, 2228] | gpus = [2, 4, 2] | micro_bs = 2 | time = [549839, 549876, 1149446] | memory = [23370, 26982, 26997]
>>>> [CONFIG: target(2), prim(dec_op)]
|660645.34|28039.60| op = [5632, 4487, 3196]| tp = [1, 2, 2, ] | dp = [2, 2, 1, ] | algo = [0, 0, 0, ] | rc = [5630, 1480, 788] | gpus = [2, 4, 2] | micro_bs = 2 | time = [660645, 648457, 658976] | memory = [28039, 26999, 26999]
>>>> [CONFIG: target(0), prim(dec_op)]
|660076.51|27969.15| op = [5626, 4493, 3196]| tp = [1, 2, 2, ] | dp = [2, 2, 1, ] | algo = [0, 0, 0, ] | rc = [5624, 1496, 788] | gpus = [2, 4, 2] | micro_bs = 2 | time = [660076, 649892, 658977] | memory = [27969, 26993, 26999]
>>>> [CONFIG: target(0), prim(dec_op)]
|660076.38|27969.15| op = [5626, 4512, 3177]| tp = [1, 2, 2, ] | dp = [2, 2, 1, ] | algo = [0, 0, 0, ] | rc = [5624, 1530, 768] | gpus = [2, 4, 2] | micro_bs = 2 | time = [660076, 653369, 655433] | memory = [27969, 26996, 26995]
>>>> [CONFIG: target(0), prim(inc_tp)]
|942935.77|26995.21| op = [5626, 4512, 3177]| tp = [2, 1, 2, ] | dp = [2, 2, 1, ] | algo = [0, 0, 0, ] | rc = [4787, 4165, 768] | gpus = [4, 2, 2] | micro_bs = 2 | time = [942935, 520216, 655725] | memory = [26482, 23854, 26995]
>>>> [CONFIG: target(0), prim(inc_mbs)]
|382972.93|27969.15| op = [5626, 4512, 3177]| tp = [1, 1, 1, ] | dp = [4, 2, 2, ] | algo = [0, 0, 0, ] | rc = [5624, 4410, 1626] | gpus = [4, 2, 2] | micro_bs = 4 | time = [331217, 382972, 249767] | memory = [27969, 25092, 26993]

[ Trial 14 ] |382972.93|27969.15| op = [5626, 4512, 3177]| tp = [1, 1, 1, ] | dp = [4, 2, 2, ] | algo = [0, 0, 0, ] | rc = [5624, 4410, 1626] | gpus = [4, 2, 2] | micro_bs = 4 | time = [331217, 382972, 249767] | memory = [27969, 25092, 26993]
>>>> [CONFIG: target(1), prim(dec_op)]
|331278.10|27969.15| op = [5626, 3869, 3820]| tp = [1, 1, 1, ] | dp = [4, 2, 2, ] | algo = [0, 0, 0, ] | rc = [5624, 3572, 3401] | gpus = [4, 2, 2] | micro_bs = 4 | time = [331278, 326031, 322388] | memory = [27969, 24863, 26352]

num_targets: [1, 1, 1, 1, 1, 1, 1, 1, 1, 1, 1, 1, 1, 1, 1]
num_hops: [1, 1, 1, 1, 2, 5, 6, 1, 7, 1, 5, 6, 1, 7, 1]
search time = 214.55 s.  [0, 5, 8, 10, 12, 19, 34, 56, 58, 85, 86, 97, 144, 147, 166, 170, 220] 
num_explored_cases = 470
time trend: [2177543, 1576216, 1528611, 1493895, 1492810, 1392892, 1391136, 1389607, 1388464, 692923, 576775, 549581, 549129, 548638, 382972, 331278, 331278]

working on num_stages = 4
config has been saved to /home/liminglong.lml/sxz/SuperScaler/logs-large/aceso/configs/scale-layer/1024layers/scale-layer_1024layers_4stages_2026-5-16-3-26-6.json

========== Best Result (num_stages = 4) ==========
|229130.77|26632.00| op = [3188, 3450, 3478, 3199]| tp = [1, 1, 1, 1, ] | dp = [2, 2, 2, 2, ] | algo = [0, 0, 0, 0, ] | rc = [3186, 3450, 3420, 3198] | gpus = [2, 2, 2, 2] | micro_bs = 8 | time = [211109, 228191, 229130, 214269] | memory = [26631, 24958, 23774, 19290]
start|1016531.92|26996.58| op = [3328, 3328, 3328, 3331]| tp = [2, 2, 2, 2, ] | dp = [1, 1, 1, 1, ] | algo = [0, 0, 0, 0, ] | rc = [1773, 1028, 820, 512] | gpus = [2, 2, 2, 2] | micro_bs = 1 | time = [1016531, 957344, 943420, 926337] | memory = [26982, 26996, 26992, 22274]

[ Trial 0 ] |1016531.92|26996.58| op = [3328, 3328, 3328, 3331]| tp = [2, 2, 2, 2, ] | dp = [1, 1, 1, 1, ] | algo = [0, 0, 0, 0, ] | rc = [1773, 1028, 820, 512] | gpus = [2, 2, 2, 2] | micro_bs = 1 | time = [1016531, 957344, 943420, 926337] | memory = [26982, 26996, 26992, 22274]
>>>> [CONFIG: target(0), prim(dec_op)]
|974219.38|26999.21| op = [3205, 3375, 3395, 3340]| tp = [2, 2, 2, 2, ] | dp = [1, 1, 1, 1, ] | algo = [0, 0, 0, 0, ] | rc = [1623, 1106, 852, 514] | gpus = [2, 2, 2, 2] | micro_bs = 1 | time = [967588, 974219, 963829, 928981] | memory = [26998, 26999, 26968, 22343]

[ Trial 1 ] |974219.38|26999.21| op = [3205, 3375, 3395, 3340]| tp = [2, 2, 2, 2, ] | dp = [1, 1, 1, 1, ] | algo = [0, 0, 0, 0, ] | rc = [1623, 1106, 852, 514] | gpus = [2, 2, 2, 2] | micro_bs = 1 | time = [967588, 974219, 963829, 928981] | memory = [26998, 26999, 26968, 22343]
>>>> [CONFIG: target(1), prim(dec_op)]
|958339.81|26998.58| op = [3179, 3331, 3369, 3436]| tp = [2, 2, 2, 2, ] | dp = [1, 1, 1, 1, ] | algo = [0, 0, 0, 0, ] | rc = [1592, 1032, 840, 528] | gpus = [2, 2, 2, 2] | micro_bs = 1 | time = [957376, 958339, 955848, 955680] | memory = [26996, 26992, 26998, 22967]

[ Trial 2 ] |958339.81|26998.58| op = [3179, 3331, 3369, 3436]| tp = [2, 2, 2, 2, ] | dp = [1, 1, 1, 1, ] | algo = [0, 0, 0, 0, ] | rc = [1592, 1032, 840, 528] | gpus = [2, 2, 2, 2] | micro_bs = 1 | time = [957376, 958339, 955848, 955680] | memory = [26996, 26992, 26998, 22967]
>>>> [CONFIG: target(1), prim(dec_op)]
|957676.33|26997.86| op = [3179, 3325, 3373, 3438]| tp = [2, 2, 2, 2, ] | dp = [1, 1, 1, 1, ] | algo = [0, 0, 0, 0, ] | rc = [1592, 1041, 843, 528] | gpus = [2, 2, 2, 2] | micro_bs = 1 | time = [957377, 957676, 956666, 956219] | memory = [26996, 26990, 26997, 22982]

[ Trial 3 ] |957676.33|26997.86| op = [3179, 3325, 3373, 3438]| tp = [2, 2, 2, 2, ] | dp = [1, 1, 1, 1, ] | algo = [0, 0, 0, 0, ] | rc = [1592, 1041, 843, 528] | gpus = [2, 2, 2, 2] | micro_bs = 1 | time = [957377, 957676, 956666, 956219] | memory = [26996, 26990, 26997, 22982]
>>>> [CONFIG: target(1), prim(inc_tp)]
|1629852.53|26999.11| op = [3179, 3325, 3373, 3438]| tp = [2, 4, 1, 1, ] | dp = [1, 1, 1, 1, ] | algo = [0, 0, 0, 0, ] | rc = [1592, 3290, 1800, 1012] | gpus = [2, 4, 1, 1] | micro_bs = 1 | time = [957509, 1629852, 708164, 667886] | memory = [26996, 9667, 26999, 26993]
>>>> [CONFIG: target(1), prim(dec_op)]
|904112.41|26998.12| op = [3044, 2111, 3955, 4205]| tp = [2, 4, 1, 1, ] | dp = [1, 1, 1, 1, ] | algo = [0, 0, 0, 0, ] | rc = [1430, 1177, 3243, 2154] | gpus = [2, 4, 1, 1] | micro_bs = 1 | time = [904112, 883866, 889363, 875145] | memory = [26998, 26856, 26624, 26996]

[ Trial 4 ] |904112.41|26998.12| op = [3044, 2111, 3955, 4205]| tp = [2, 4, 1, 1, ] | dp = [1, 1, 1, 1, ] | algo = [0, 0, 0, 0, ] | rc = [1430, 1177, 3243, 2154] | gpus = [2, 4, 1, 1] | micro_bs = 1 | time = [904112, 883866, 889363, 875145] | memory = [26998, 26856, 26624, 26996]
>>>> [CONFIG: target(0), prim(dec_tp)]
|1130478.93|26996.36| op = [3044, 2111, 3955, 4205]| tp = [1, 4, 2, 1, ] | dp = [1, 1, 1, 1, ] | algo = [0, 0, 0, 0, ] | rc = [2808, 1177, 1128, 2154] | gpus = [1, 4, 2, 1] | micro_bs = 1 | time = [703088, 883905, 1130478, 875185] | memory = [25533, 26856, 26977, 26996]
>>>> [CONFIG: target(2), prim(dec_op)]
|951853.79|26996.36| op = [3794, 1958, 3358, 4205]| tp = [1, 4, 2, 1, ] | dp = [1, 1, 1, 1, ] | algo = [0, 0, 0, 0, ] | rc = [3792, 544, 832, 2154] | gpus = [1, 4, 2, 1] | micro_bs = 1 | time = [889594, 717465, 951853, 875030] | memory = [20008, 26991, 26990, 26996]
>>>> [CONFIG: target(2), prim(dec_tp)]
|1172113.87|26999.38| op = [3794, 1958, 3358, 4205]| tp = [1, 4, 1, 2, ] | dp = [1, 1, 1, 1, ] | algo = [0, 0, 0, 0, ] | rc = [3792, 544, 1783, 714] | gpus = [1, 4, 1, 2] | micro_bs = 1 | time = [889641, 717512, 703321, 1172113] | memory = [20008, 26991, 26995, 26999]
>>>> [CONFIG: target(3), prim(dec_op)]
|984175.99|26991.83| op = [3794, 1958, 4022, 3541]| tp = [1, 4, 1, 2, ] | dp = [1, 1, 1, 1, ] | algo = [0, 0, 0, 0, ] | rc = [3792, 544, 3547, 544] | gpus = [1, 4, 1, 2] | micro_bs = 1 | time = [889667, 717538, 918049, 984175] | memory = [20008, 26991, 26415, 23651]
>>>> [CONFIG: target(3), prim(dec_tp)]
|1151013.27|26997.75| op = [3794, 1958, 4022, 3541]| tp = [1, 4, 2, 1, ] | dp = [1, 1, 1, 1, ] | algo = [0, 0, 0, 0, ] | rc = [3792, 544, 1166, 1068] | gpus = [1, 4, 2, 1] | micro_bs = 1 | time = [889607, 717478, 1151013, 689892] | memory = [20008, 26991, 26992, 26997]
>>>> [CONFIG: target(2), prim(dec_op)]
|953467.81|26996.79| op = [3794, 1958, 3361, 4202]| tp = [1, 4, 2, 1, ] | dp = [1, 1, 1, 1, ] | algo = [0, 0, 0, 0, ] | rc = [3792, 544, 840, 2146] | gpus = [1, 4, 2, 1] | micro_bs = 1 | time = [889594, 717465, 953467, 873784] | memory = [20008, 26991, 26996, 26996]
>>>> [CONFIG: target(2), prim(inc_mbs)]
|713876.56|26996.20| op = [3794, 1958, 3361, 4202]| tp = [1, 2, 1, 1, ] | dp = [1, 2, 2, 1, ] | algo = [0, 0, 0, 0, ] | rc = [3792, 379, 1790, 4022] | gpus = [1, 4, 2, 1] | micro_bs = 2 | time = [645813, 276862, 353991, 713876] | memory = [23798, 26996, 26991, 24718]

[ Trial 5 ] |713876.56|26996.20| op = [3794, 1958, 3361, 4202]| tp = [1, 2, 1, 1, ] | dp = [1, 2, 2, 1, ] | algo = [0, 0, 0, 0, ] | rc = [3792, 379, 1790, 4022] | gpus = [1, 4, 2, 1] | micro_bs = 2 | time = [645813, 276862, 353991, 713876] | memory = [23798, 26996, 26991, 24718]
>>>> [CONFIG: target(3), prim(inc_dp)]
|445463.99|26996.35| op = [3794, 1958, 3361, 4202]| tp = [1, 1, 1, 1, ] | dp = [2, 2, 2, 2, ] | algo = [0, 0, 0, 0, ] | rc = [3792, 593, 1790, 2146] | gpus = [2, 2, 2, 2] | micro_bs = 2 | time = [445463, 191611, 352898, 437566] | memory = [20008, 26938, 26991, 26996]

[ Trial 6 ] |445463.99|26996.35| op = [3794, 1958, 3361, 4202]| tp = [1, 1, 1, 1, ] | dp = [2, 2, 2, 2, ] | algo = [0, 0, 0, 0, ] | rc = [3792, 593, 1790, 2146] | gpus = [2, 2, 2, 2] | micro_bs = 2 | time = [445463, 191611, 352898, 437566] | memory = [20008, 26938, 26991, 26996]
>>>> [CONFIG: target(0), prim(dec_op)]
|370466.66|26999.65| op = [2932, 3205, 3475, 3703]| tp = [1, 1, 1, 1, ] | dp = [2, 2, 2, 2, ] | algo = [0, 0, 0, 0, ] | rc = [2627, 2393, 2036, 1222] | gpus = [2, 2, 2, 2] | micro_bs = 2 | time = [337398, 354919, 370466, 364763] | memory = [25840, 26810, 26663, 26999]

[ Trial 7 ] |370466.66|26999.65| op = [2932, 3205, 3475, 3703]| tp = [1, 1, 1, 1, ] | dp = [2, 2, 2, 2, ] | algo = [0, 0, 0, 0, ] | rc = [2627, 2393, 2036, 1222] | gpus = [2, 2, 2, 2] | micro_bs = 2 | time = [337398, 354919, 370466, 364763] | memory = [25840, 26810, 26663, 26999]
>>>> [CONFIG: target(2), prim(dec_dp)]
|590642.37|26999.65| op = [2932, 3205, 3475, 3703]| tp = [2, 1, 1, 1, ] | dp = [2, 1, 1, 2, ] | algo = [0, 0, 0, 0, ] | rc = [1266, 3205, 3432, 1222] | gpus = [4, 1, 1, 2] | micro_bs = 2 | time = [433134, 545235, 590642, 365747] | memory = [26997, 18286, 19823, 26999]
>>>> [CONFIG: target(2), prim(dec_op)]
|484405.39|26993.89| op = [3153, 2834, 2908, 4420]| tp = [2, 1, 1, 1, ] | dp = [2, 1, 1, 2, ] | algo = [0, 0, 0, 0, ] | rc = [1561, 2806, 2553, 2773] | gpus = [4, 1, 1, 2] | micro_bs = 2 | time = [474989, 482196, 484405, 478278] | memory = [26993, 17904, 26178, 26601]
>>>> [CONFIG: target(2), prim(inc_dp)]
|477338.18|26994.34| op = [3153, 2834, 2908, 4420]| tp = [1, 1, 1, 1, ] | dp = [2, 2, 2, 2, ] | algo = [0, 0, 0, 0, ] | rc = [2909, 1686, 1186, 2773] | gpus = [2, 2, 2, 2] | micro_bs = 2 | time = [365026, 303168, 290102, 477338] | memory = [26394, 26511, 26994, 26601]
>>>> [CONFIG: target(3), prim(dec_op)]
|365004.03|26995.42| op = [3153, 3172, 3379, 3611]| tp = [1, 1, 1, 1, ] | dp = [2, 2, 2, 2, ] | algo = [0, 0, 0, 0, ] | rc = [2909, 2286, 1835, 1102] | gpus = [2, 2, 2, 2] | micro_bs = 2 | time = [365004, 349335, 356430, 353364] | memory = [26394, 26913, 26962, 26995]

[ Trial 8 ] |365004.03|26995.42| op = [3153, 3172, 3379, 3611]| tp = [1, 1, 1, 1, ] | dp = [2, 2, 2, 2, ] | algo = [0, 0, 0, 0, ] | rc = [2909, 2286, 1835, 1102] | gpus = [2, 2, 2, 2] | micro_bs = 2 | time = [365004, 349335, 356430, 353364] | memory = [26394, 26913, 26962, 26995]
>>>> [CONFIG: target(0), prim(inc_tp)]
|573624.30|26995.42| op = [3153, 3172, 3379, 3611]| tp = [2, 1, 1, 1, ] | dp = [2, 1, 1, 2, ] | algo = [0, 0, 0, 0, ] | rc = [1561, 3172, 3322, 1102] | gpus = [4, 1, 1, 2] | micro_bs = 2 | time = [475034, 540223, 573624, 354372] | memory = [26993, 18096, 20524, 26995]
>>>> [CONFIG: target(2), prim(dec_op)]
|494928.78|26993.89| op = [3153, 2908, 2912, 4342]| tp = [2, 1, 1, 1, ] | dp = [2, 1, 1, 2, ] | algo = [0, 0, 0, 0, ] | rc = [1561, 2908, 2562, 2419] | gpus = [4, 1, 1, 2] | micro_bs = 2 | time = [474985, 494928, 485850, 462076] | memory = [26993, 16680, 26162, 26915]
>>>> [CONFIG: target(1), prim(inc_dp)]
|461133.43|26990.34| op = [3153, 2908, 2912, 4342]| tp = [1, 1, 1, 1, ] | dp = [2, 2, 2, 2, ] | algo = [0, 0, 0, 0, ] | rc = [2909, 1894, 1192, 2419] | gpus = [2, 2, 2, 2] | micro_bs = 2 | time = [365019, 315007, 290826, 461133] | memory = [26394, 26000, 26990, 26915]
>>>> [CONFIG: target(3), prim(dec_op)]
|365006.77|26998.95| op = [3153, 3158, 3382, 3622]| tp = [1, 1, 1, 1, ] | dp = [2, 2, 2, 2, ] | algo = [0, 0, 0, 0, ] | rc = [2909, 2363, 1812, 1110] | gpus = [2, 2, 2, 2] | micro_bs = 2 | time = [365006, 350226, 355922, 354390] | memory = [26394, 26812, 26995, 26998]
>>>> [CONFIG: target(0), prim(inc_tp)]
|573131.76|26998.95| op = [3153, 3158, 3382, 3622]| tp = [2, 1, 1, 1, ] | dp = [2, 1, 1, 2, ] | algo = [0, 0, 0, 0, ] | rc = [1561, 3158, 3286, 1110] | gpus = [4, 1, 1, 2] | micro_bs = 2 | time = [475031, 537969, 573131, 355392] | memory = [26993, 18876, 21744, 26998]
>>>> [CONFIG: target(2), prim(inc_tp)]
|733067.12|26998.95| op = [3153, 3158, 3382, 3622]| tp = [1, 1, 2, 1, ] | dp = [2, 2, 1, 2, ] | algo = [0, 0, 0, 0, ] | rc = [2909, 2363, 2080, 1110] | gpus = [2, 2, 2, 2] | micro_bs = 2 | time = [365743, 350962, 733067, 355127] | memory = [26394, 26812, 25078, 26998]
>>>> [CONFIG: target(2), prim(inc_mbs)]
|298580.09|26534.97| op = [3153, 3158, 3382, 3622]| tp = [1, 1, 1, 1, ] | dp = [2, 2, 2, 2, ] | algo = [0, 0, 0, 0, ] | rc = [3151, 3158, 3286, 2649] | gpus = [2, 2, 2, 2] | micro_bs = 4 | time = [270763, 270935, 288481, 298580] | memory = [19905, 18876, 21744, 26534]

[ Trial 9 ] |298580.09|26534.97| op = [3153, 3158, 3382, 3622]| tp = [1, 1, 1, 1, ] | dp = [2, 2, 2, 2, ] | algo = [0, 0, 0, 0, ] | rc = [3151, 3158, 3286, 2649] | gpus = [2, 2, 2, 2] | micro_bs = 4 | time = [270763, 270935, 288481, 298580] | memory = [19905, 18876, 21744, 26534]
>>>> [CONFIG: target(3), prim(dec_op)]
|285885.80|26348.86| op = [3211, 3296, 3324, 3484]| tp = [1, 1, 1, 1, ] | dp = [2, 2, 2, 2, ] | algo = [0, 0, 0, 0, ] | rc = [3209, 3296, 3149, 2411] | gpus = [2, 2, 2, 2] | micro_bs = 4 | time = [275410, 282744, 281944, 285885] | memory = [20258, 18775, 24428, 26348]

[ Trial 10 ] |285885.80|26348.86| op = [3211, 3296, 3324, 3484]| tp = [1, 1, 1, 1, ] | dp = [2, 2, 2, 2, ] | algo = [0, 0, 0, 0, ] | rc = [3209, 3296, 3149, 2411] | gpus = [2, 2, 2, 2] | micro_bs = 4 | time = [275410, 282744, 281944, 285885] | memory = [20258, 18775, 24428, 26348]
>>>> [CONFIG: target(3), prim(dec_op)]
|284795.51|25960.24| op = [3267, 3320, 3301, 3427]| tp = [1, 1, 1, 1, ] | dp = [2, 2, 2, 2, ] | algo = [0, 0, 0, 0, ] | rc = [3265, 3320, 3046, 2371] | gpus = [2, 2, 2, 2] | micro_bs = 4 | time = [280281, 284795, 279232, 281027] | memory = [21103, 19282, 21276, 25960]

[ Trial 11 ] |284795.51|25960.24| op = [3267, 3320, 3301, 3427]| tp = [1, 1, 1, 1, ] | dp = [2, 2, 2, 2, ] | algo = [0, 0, 0, 0, ] | rc = [3265, 3320, 3046, 2371] | gpus = [2, 2, 2, 2] | micro_bs = 4 | time = [280281, 284795, 279232, 281027] | memory = [21103, 19282, 21276, 25960]
>>>> [CONFIG: target(1), prim(dec_op)]
|282601.95|25960.24| op = [3267, 3294, 3327, 3427]| tp = [1, 1, 1, 1, ] | dp = [2, 2, 2, 2, ] | algo = [0, 0, 0, 0, ] | rc = [3265, 3294, 3070, 2371] | gpus = [2, 2, 2, 2] | micro_bs = 4 | time = [280281, 282601, 281396, 281027] | memory = [21103, 19138, 21440, 25960]

[ Trial 12 ] |282601.95|25960.24| op = [3267, 3294, 3327, 3427]| tp = [1, 1, 1, 1, ] | dp = [2, 2, 2, 2, ] | algo = [0, 0, 0, 0, ] | rc = [3265, 3294, 3070, 2371] | gpus = [2, 2, 2, 2] | micro_bs = 4 | time = [280281, 282601, 281396, 281027] | memory = [21103, 19138, 21440, 25960]
>>>> [CONFIG: target(1), prim(dec_op)]
|281657.53|25960.24| op = [3278, 3283, 3327, 3427]| tp = [1, 1, 1, 1, ] | dp = [2, 2, 2, 2, ] | algo = [0, 0, 0, 0, ] | rc = [3276, 3283, 3070, 2371] | gpus = [2, 2, 2, 2] | micro_bs = 4 | time = [280971, 281657, 281395, 281026] | memory = [20672, 18696, 21440, 25960]

[ Trial 13 ] |281657.53|25960.24| op = [3278, 3283, 3327, 3427]| tp = [1, 1, 1, 1, ] | dp = [2, 2, 2, 2, ] | algo = [0, 0, 0, 0, ] | rc = [3276, 3283, 3070, 2371] | gpus = [2, 2, 2, 2] | micro_bs = 4 | time = [280971, 281657, 281395, 281026] | memory = [20672, 18696, 21440, 25960]
>>>> [CONFIG: target(1), prim(dec_mbs)]
|380421.38|26998.37| op = [3278, 3283, 3327, 3427]| tp = [1, 1, 1, 1, ] | dp = [2, 2, 2, 2, ] | algo = [0, 0, 0, 0, ] | rc = [3080, 2621, 1739, 1014] | gpus = [2, 2, 2, 2] | micro_bs = 2 | time = [380421, 368510, 347451, 333327] | memory = [25214, 26599, 26998, 26994]
>>>> [CONFIG: target(0), prim(inc_tp)]
|559047.09|26994.42| op = [3278, 3283, 3327, 3427]| tp = [2, 1, 1, 1, ] | dp = [2, 2, 1, 1, ] | algo = [0, 0, 0, 0, ] | rc = [1711, 2621, 3070, 2371] | gpus = [4, 2, 1, 1] | micro_bs = 2 | time = [499753, 369592, 559047, 558307] | memory = [26994, 26599, 21440, 25960]
>>>> [CONFIG: target(2), prim(dec_op)]
|485989.41|26999.28| op = [3188, 4114, 2901, 3112]| tp = [2, 1, 1, 1, ] | dp = [2, 2, 1, 1, ] | algo = [0, 0, 0, 0, ] | rc = [1603, 4114, 2543, 1560] | gpus = [4, 2, 1, 1] | micro_bs = 2 | time = [482203, 483661, 483674, 485989] | memory = [26999, 20191, 24144, 26998]
>>>> [CONFIG: target(3), prim(inc_dp)]
|482698.99|26998.30| op = [3188, 4114, 2901, 3112]| tp = [1, 1, 1, 1, ] | dp = [2, 2, 2, 2, ] | algo = [0, 0, 0, 0, ] | rc = [2941, 4114, 1174, 836] | gpus = [2, 2, 2, 2] | micro_bs = 2 | time = [368820, 482698, 289381, 298997] | memory = [26728, 20191, 26998, 26992]
>>>> [CONFIG: target(1), prim(dec_op)]
|396516.25|26997.90| op = [3188, 3450, 3478, 3199]| tp = [1, 1, 1, 1, ] | dp = [2, 2, 2, 2, ] | algo = [0, 0, 0, 0, ] | rc = [2941, 3100, 2055, 888] | gpus = [2, 2, 2, 2] | micro_bs = 2 | time = [368829, 396516, 370784, 308687] | memory = [26728, 25926, 26626, 26997]
>>>> [CONFIG: target(1), prim(inc_mbs)]
|295758.86|26991.27| op = [3188, 3450, 3478, 3199]| tp = [1, 1, 1, 1, ] | dp = [2, 2, 2, 2, ] | algo = [0, 0, 0, 0, ] | rc = [3186, 3450, 3211, 1707] | gpus = [2, 2, 2, 2] | micro_bs = 4 | time = [273371, 295758, 293628, 256201] | memory = [20171, 19636, 22398, 26991]
>>>> [CONFIG: target(1), prim(inc_mbs)]
|229130.77|26632.00| op = [3188, 3450, 3478, 3199]| tp = [1, 1, 1, 1, ] | dp = [2, 2, 2, 2, ] | algo = [0, 0, 0, 0, ] | rc = [3186, 3450, 3420, 3198] | gpus = [2, 2, 2, 2] | micro_bs = 8 | time = [211109, 228191, 229130, 214269] | memory = [26631, 24958, 23774, 19290]

num_targets: [1, 1, 1, 1, 1, 1, 1, 1, 1, 1, 1, 1, 1, 1]
num_hops: [1, 1, 1, 2, 7, 1, 1, 4, 7, 1, 1, 1, 1, 7]
search time = 234.95 s.  [0, 2, 4, 6, 12, 28, 34, 39, 47, 71, 74, 77, 80, 83, 135, 241] 
num_explored_cases = 439
time trend: [1016531, 974219, 958339, 957676, 904112, 713876, 445463, 370466, 365004, 298580, 285885, 284795, 282601, 281657, 229130, 229130]

# of stages	est_iteration_time(s)	est_thpt(samples/s)	est_mem(MB)	# of explored cases
8          	220.78               	4.64               	26972      	176                

overall search time: 235.49 s
