------------------------ arguments ------------------------
  adaptive_hyper_parameters ....................... 5
  add_action_finetune_algo ........................ False
  add_action_finetune_dim ......................... False
  add_action_tp_dp_exchange ....................... False
  add_action_tune_tp_dp ........................... False
  check_recompute_with_group ...................... False
  config_save_path ................................ /home/liminglong.lml/sxz/SuperScaler/logs-large/aceso/configs/scale-layer/16layers/
  config_suffix ................................... 2026-5-16-3-5-58
  consider_collective_memory ...................... False
  consider_reserved_space ......................... True
  consider_shared_space ........................... True
  continue_when_fail .............................. True
  decoder_seq_len ................................. 512
  end_num_stages .................................. 8
  finetune_after_trial ............................ 0
  finetune_tp_dp_after_trial ...................... False
  flex_recompute .................................. True
  forbid_turn_back ................................ False
  global_batch_size ............................... 1024
  high_memory_rate ................................ 0.9
  init_dim ........................................ tp
  initial_point ................................... balance
  log_path ........................................ /home/liminglong.lml/sxz/SuperScaler/logs-large/aceso/search/scale-layer/16layers/
  max_num_hops .................................... 7
  max_num_trials .................................. 100
  max_op_move_steps ............................... 5
  max_tp .......................................... 8
  memory_limit .................................... 28000
  memory_main_params .............................. 2
  memory_optimizer ................................ 4
  memory_pred_type ................................ MAX
  micro_batch_size ................................ [1, 2, 4, 8]
  min_mbs ......................................... 1
  model_name ...................................... scale-layer
  model_size ...................................... 16layers
  multi_process ................................... True
  num_algos ....................................... 2
  num_gpus ........................................ 8
  num_gpus_per_node ............................... 8
  num_layers ...................................... 16
  num_nodes ....................................... 1
  num_of_saved_configs ............................ 1
  num_partners_in_op_mig .......................... 1
  only_top_1_target ............................... False
  op_group_size ................................... 1
  peak_mem_in_backward ............................ 1000
  predict_delta_time .............................. True
  print_debug_info ................................ False
  print_gpu_mig_details ........................... False
  print_move_op_details ........................... False
  print_recomp_debug_info ......................... False
  print_recompute_ops ............................. True
  profiled_time_path .............................. /home/liminglong.lml/sxz/SuperScaler/profiler/profiled-time-eurosys/
  random_order_actions ............................ False
  resharding ...................................... True
  save_to_csv ..................................... None
  seq_len ......................................... 2048
  simple_prim_mbs ................................. False
  simple_prim_mig ................................. False
  sort_metric ..................................... max_stage_time
  start_num_stages ................................ 1
  support_comm_predict ............................ False
  time_budget_per_trial ........................... 200
  time_budget_total ............................... 200
-------------------- end of arguments ---------------------
working on num_stages = 1
config has been saved to /home/liminglong.lml/sxz/SuperScaler/logs-large/aceso/configs/scale-layer/16layers/scale-layer_16layers_1stages_2026-5-16-3-5-58.json

========== Best Result (num_stages = 1) ==========
|4972.61|6245.56| op = [211]| tp = [1, ] | dp = [8, ] | algo = [0, ] | rc = [0] | gpus = [8] | micro_bs = 8 | time = [4972] | memory = [6245]
[stage 0 recompute_ops] 
stage 0: 
[stage 0 algo1] 
start|78431.61|1041.58| op = [211]| tp = [8, ] | dp = [1, ] | algo = [0, ] | rc = [0] | gpus = [8] | micro_bs = 1 | time = [78431] | memory = [1041]

[ Trial 0 ] |78431.61|1041.58| op = [211]| tp = [8, ] | dp = [1, ] | algo = [0, ] | rc = [0] | gpus = [8] | micro_bs = 1 | time = [78431] | memory = [1041]
>>>> [CONFIG: target(0), prim(inc_mbs)]
|36509.96|1809.58| op = [211]| tp = [4, ] | dp = [2, ] | algo = [0, ] | rc = [0] | gpus = [8] | micro_bs = 2 | time = [36509] | memory = [1809]

[ Trial 1 ] |36509.96|1809.58| op = [211]| tp = [4, ] | dp = [2, ] | algo = [0, ] | rc = [0] | gpus = [8] | micro_bs = 2 | time = [36509] | memory = [1809]
>>>> [CONFIG: target(0), prim(inc_mbs)]
|14906.95|3245.58| op = [211]| tp = [2, ] | dp = [4, ] | algo = [0, ] | rc = [0] | gpus = [8] | micro_bs = 4 | time = [14906] | memory = [3245]

[ Trial 2 ] |14906.95|3245.58| op = [211]| tp = [2, ] | dp = [4, ] | algo = [0, ] | rc = [0] | gpus = [8] | micro_bs = 4 | time = [14906] | memory = [3245]
>>>> [CONFIG: target(0), prim(inc_mbs)]
|4972.61|6245.56| op = [211]| tp = [1, ] | dp = [8, ] | algo = [0, ] | rc = [0] | gpus = [8] | micro_bs = 8 | time = [4972] | memory = [6245]

num_targets: [1, 1, 1]
num_hops: [1, 1, 1]
search time = 0.12 s.  [0, 1, 2, 3, 4, 5, 6, 7, 8, 9, 10, 11, 12, 13, 14, 15, 16, 17, 18, 19, 20, 21, 22, 23, 24] 
num_explored_cases = 45
time trend: [78431, 36509, 14906, 4972, 4972, 4972, 4972, 4972, 4972, 4972, 14906, 14906, 14906, 14906, 14906, 36509, 36509, 36509, 36509, 36509, 78431, 78431, 78431, 78431, 78431]

working on num_stages = 2
config has been saved to /home/liminglong.lml/sxz/SuperScaler/logs-large/aceso/configs/scale-layer/16layers/scale-layer_16layers_2stages_2026-5-16-3-5-58.json

========== Best Result (num_stages = 2) ==========
|3884.02|11241.21| op = [124, 87]| tp = [1, 1, ] | dp = [4, 4, ] | algo = [0, 0, ] | rc = [0, 0] | gpus = [4, 4] | micro_bs = 8 | time = [3884, 3803] | memory = [11241, 5188]
[stage 0 recompute_ops] 
stage 0: 
[stage 1 recompute_ops] 
stage 1: 
[stage 0 algo1] 
[stage 1 algo1] 
start|37567.69|1514.56| op = [105, 106]| tp = [4, 4, ] | dp = [1, 1, ] | algo = [0, 0, ] | rc = [0, 0] | gpus = [4, 4] | micro_bs = 1 | time = [35829, 37567] | memory = [1514, 1020]

[ Trial 0 ] |37567.69|1514.56| op = [105, 106]| tp = [4, 4, ] | dp = [1, 1, ] | algo = [0, 0, ] | rc = [0, 0] | gpus = [4, 4] | micro_bs = 1 | time = [35829, 37567] | memory = [1514, 1020]
>>>> [CONFIG: target(1), prim(inc_mbs)]
|15689.82|2654.56| op = [105, 106]| tp = [2, 2, ] | dp = [2, 2, ] | algo = [0, 0, ] | rc = [0, 0] | gpus = [4, 4] | micro_bs = 2 | time = [14335, 15689] | memory = [2654, 1796]

[ Trial 1 ] |15689.82|2654.56| op = [105, 106]| tp = [2, 2, ] | dp = [2, 2, ] | algo = [0, 0, ] | rc = [0, 0] | gpus = [4, 4] | micro_bs = 2 | time = [14335, 15689] | memory = [2654, 1796]
>>>> [CONFIG: target(1), prim(inc_mbs)]
|5639.42|5062.53| op = [105, 106]| tp = [1, 1, ] | dp = [4, 4, ] | algo = [0, 0, ] | rc = [0, 0] | gpus = [4, 4] | micro_bs = 4 | time = [4421, 5639] | memory = [5062, 3476]

[ Trial 2 ] |5639.42|5062.53| op = [105, 106]| tp = [1, 1, ] | dp = [4, 4, ] | algo = [0, 0, ] | rc = [0, 0] | gpus = [4, 4] | micro_bs = 4 | time = [4421, 5639] | memory = [5062, 3476]
>>>> [CONFIG: target(1), prim(dec_op)]
|5117.45|5602.59| op = [118, 93]| tp = [1, 1, ] | dp = [4, 4, ] | algo = [0, 0, ] | rc = [0, 0] | gpus = [4, 4] | micro_bs = 4 | time = [4943, 5117] | memory = [5602, 3182]

[ Trial 6 ] |5117.45|5602.59| op = [118, 93]| tp = [1, 1, ] | dp = [4, 4, ] | algo = [0, 0, ] | rc = [0, 0] | gpus = [4, 4] | micro_bs = 4 | time = [4943, 5117] | memory = [5602, 3182]
>>>> [CONFIG: target(1), prim(dec_op)]
|5103.02|5606.62| op = [119, 92]| tp = [1, 1, ] | dp = [4, 4, ] | algo = [0, 0, ] | rc = [0, 0] | gpus = [4, 4] | micro_bs = 4 | time = [4982, 5103] | memory = [5606, 3182]
>>>> [CONFIG: target(1), prim(dec_mbs)]
|16134.88|2942.66| op = [119, 92]| tp = [2, 2, ] | dp = [2, 2, ] | algo = [0, 0, ] | rc = [0, 0] | gpus = [4, 4] | micro_bs = 2 | time = [16134, 13940] | memory = [2942, 1642]
>>>> [CONFIG: target(0), prim(dec_op)]
|15060.89|2880.60| op = [111, 100]| tp = [2, 2, ] | dp = [2, 2, ] | algo = [0, 0, ] | rc = [0, 0] | gpus = [4, 4] | micro_bs = 2 | time = [15060, 15040] | memory = [2880, 1681]
>>>> [CONFIG: target(0), prim(inc_mbs)]
|5330.90|5510.56| op = [111, 100]| tp = [1, 1, ] | dp = [4, 4, ] | algo = [0, 0, ] | rc = [0, 0] | gpus = [4, 4] | micro_bs = 4 | time = [4754, 5330] | memory = [5510, 3248]
>>>> [CONFIG: target(1), prim(inc_mbs)]
|4185.56|10209.09| op = [111, 100]| tp = [1, 1, ] | dp = [4, 4, ] | algo = [0, 0, ] | rc = [0, 0] | gpus = [4, 4] | micro_bs = 8 | time = [3501, 4185] | memory = [10209, 5728]
>>>> [CONFIG: target(1), prim(dec_op)]
|3884.02|11241.21| op = [124, 87]| tp = [1, 1, ] | dp = [4, 4, ] | algo = [0, 0, ] | rc = [0, 0] | gpus = [4, 4] | micro_bs = 8 | time = [3884, 3803] | memory = [11241, 5188]

num_targets: [1, 1, 1, 1, 1]
num_hops: [1, 1, 1, 1, 6]
search time = 2.03 s.  [0, 1, 2, 3, 4, 5, 6, 7, 8, 9, 10, 11, 12, 13, 14, 15, 16, 17, 18, 19, 20, 21, 22, 23, 24, 25, 26, 27, 28, 29, 30, 31, 32, 33, 34, 35, 36, 37, 38, 39, 40, 41, 42, 43, 44, 45, 46, 47, 48, 49, 50, 51, 52, 53, 54, 55, 56, 57, 58, 59, 60, 61, 62, 63, 64, 65, 66, 67, 68, 69, 70, 71, 72, 73, 74, 75, 76, 77, 78, 79, 80, 81, 82, 83, 84, 85, 86, 87, 88, 89, 90, 91, 92, 93, 94, 95, 96, 97, 98, 99, 100] 
num_explored_cases = 1111
time trend: [37567, 15689, 5639, 4457, 3927, 3927, 3983, 3884, 3884, 15060, 3884, 3884, 3884, 3884, 3884, 3927, 3927, 3927, 3927, 3927, 3983, 3983, 3983, 3983, 3983, 4031, 4031, 4031, 4031, 4031, 4061, 4061, 4061, 4061, 4061, 4075, 4075, 4075, 4075, 4075, 4154, 4154, 4154, 4154, 4154, 4185, 4185, 4185, 4185, 4185, 4309, 4309, 4309, 4309, 4309, 4457, 4457, 4457, 4457, 4457, 5046, 5046, 5046, 5046, 5046, 5103, 5103, 5103, 5103, 5103, 5117, 5117, 5117, 5117, 5117, 5217, 5217, 5217, 5217, 5217, 5257, 5257, 5257, 5257, 5257, 5275, 5275, 5275, 5275, 5275, 5276, 5276, 5276, 5276, 5276, 5330, 5330, 5330, 5330, 5330, 4088]

working on num_stages = 8
config has been saved to /home/liminglong.lml/sxz/SuperScaler/logs-large/aceso/configs/scale-layer/16layers/scale-layer_16layers_8stages_2026-5-16-3-5-58.json

========== Best Result (num_stages = 8) ==========
|5110.48|26467.00| op = [22, 27, 26, 29, 31, 34, 41, 1]| tp = [1, 1, 1, 1, 1, 1, 1, 1, ] | dp = [1, 1, 1, 1, 1, 1, 1, 1, ] | algo = [0, 0, 0, 0, 0, 0, 0, 0, ] | rc = [4, 2, 0, 0, 0, 0, 0, 0] | gpus = [1, 1, 1, 1, 1, 1, 1, 1] | micro_bs = 8 | time = [2712, 2662, 2472, 2631, 3219, 3354, 3644, 5110] | memory = [15971, 23524, 26467, 23250, 20942, 20237, 14689, 3666]
[stage 0 recompute_ops] 5,6,18,19,
stage 0: enc-attention-dropout, enc-attention-context, enc-attention-dropout, enc-attention-context, 
[stage 1 recompute_ops] 9,10,
stage 1: enc-attention-dropout, enc-attention-context, 
[stage 2 recompute_ops] 
stage 2: 
[stage 3 recompute_ops] 
stage 3: 
[stage 4 recompute_ops] 
stage 4: 
[stage 5 recompute_ops] 
stage 5: 
[stage 6 recompute_ops] 
stage 6: 
[stage 7 recompute_ops] 
stage 7: 
[stage 0 algo1] 
[stage 1 algo1] 
[stage 2 algo1] 
[stage 3 algo1] 
[stage 4 algo1] 
[stage 5 algo1] 
[stage 6 algo1] 
[stage 7 algo1] 
start|10106.64|4768.58| op = [26, 26, 26, 26, 26, 26, 26, 29]| tp = [1, 1, 1, 1, 1, 1, 1, 1, ] | dp = [1, 1, 1, 1, 1, 1, 1, 1, ] | algo = [0, 0, 0, 0, 0, 0, 0, 0, ] | rc = [0, 0, 0, 0, 0, 0, 0, 0] | gpus = [1, 1, 1, 1, 1, 1, 1, 1] | micro_bs = 1 | time = [4995, 4634, 4634, 4634, 4634, 4634, 4634, 10106] | memory = [4768, 3888, 3392, 2896, 2400, 1904, 1408, 1717]

[ Trial 0 ] |10106.64|4768.58| op = [26, 26, 26, 26, 26, 26, 26, 29]| tp = [1, 1, 1, 1, 1, 1, 1, 1, ] | dp = [1, 1, 1, 1, 1, 1, 1, 1, ] | algo = [0, 0, 0, 0, 0, 0, 0, 0, ] | rc = [0, 0, 0, 0, 0, 0, 0, 0] | gpus = [1, 1, 1, 1, 1, 1, 1, 1] | micro_bs = 1 | time = [4995, 4634, 4634, 4634, 4634, 4634, 4634, 10106] | memory = [4768, 3888, 3392, 2896, 2400, 1904, 1408, 1717]
>>>> [CONFIG: target(7), prim(inc_mbs)]
|8583.59|9025.12| op = [26, 26, 26, 26, 26, 26, 26, 29]| tp = [1, 1, 1, 1, 1, 1, 1, 1, ] | dp = [1, 1, 1, 1, 1, 1, 1, 1, ] | algo = [0, 0, 0, 0, 0, 0, 0, 0, ] | rc = [0, 0, 0, 0, 0, 0, 0, 0] | gpus = [1, 1, 1, 1, 1, 1, 1, 1] | micro_bs = 2 | time = [3535, 3337, 3337, 3337, 3337, 3337, 3337, 8583] | memory = [9025, 7680, 6688, 5696, 4704, 3712, 2720, 2942]

[ Trial 5 ] |8583.59|9025.12| op = [26, 26, 26, 26, 26, 26, 26, 29]| tp = [1, 1, 1, 1, 1, 1, 1, 1, ] | dp = [1, 1, 1, 1, 1, 1, 1, 1, ] | algo = [0, 0, 0, 0, 0, 0, 0, 0, ] | rc = [0, 0, 0, 0, 0, 0, 0, 0] | gpus = [1, 1, 1, 1, 1, 1, 1, 1] | micro_bs = 2 | time = [3535, 3337, 3337, 3337, 3337, 3337, 3337, 8583] | memory = [9025, 7680, 6688, 5696, 4704, 3712, 2720, 2942]

[ Trial 46 ] |8583.59|9025.12| op = [26, 26, 26, 26, 26, 26, 26, 29]| tp = [1, 1, 1, 1, 1, 1, 1, 1, ] | dp = [1, 1, 1, 1, 1, 1, 1, 1, ] | algo = [0, 0, 0, 0, 0, 0, 0, 0, ] | rc = [0, 0, 0, 0, 0, 0, 0, 0] | gpus = [1, 1, 1, 1, 1, 1, 1, 1] | micro_bs = 2 | time = [3535, 3337, 3337, 3337, 3337, 3337, 3337, 8583] | memory = [9025, 7680, 6688, 5696, 4704, 3712, 2720, 2942]
>>>> [CONFIG: target(7), prim(dec_op)]
|5249.06|9025.12| op = [26, 26, 26, 26, 31, 34, 41, 1]| tp = [1, 1, 1, 1, 1, 1, 1, 1, ] | dp = [1, 1, 1, 1, 1, 1, 1, 1, ] | algo = [0, 0, 0, 0, 0, 0, 0, 0, ] | rc = [0, 0, 0, 0, 0, 0, 0, 0] | gpus = [1, 1, 1, 1, 1, 1, 1, 1] | micro_bs = 2 | time = [3536, 3338, 3338, 3338, 4271, 4447, 5138, 5249] | memory = [9025, 7680, 6688, 5696, 5316, 5158, 3780, 1254]
>>>> [CONFIG: target(7), prim(inc_mbs)]
|5126.06|17538.23| op = [26, 26, 26, 26, 31, 34, 41, 1]| tp = [1, 1, 1, 1, 1, 1, 1, 1, ] | dp = [1, 1, 1, 1, 1, 1, 1, 1, ] | algo = [0, 0, 0, 0, 0, 0, 0, 0, ] | rc = [0, 0, 0, 0, 0, 0, 0, 0] | gpus = [1, 1, 1, 1, 1, 1, 1, 1] | micro_bs = 4 | time = [2701, 2577, 2577, 2577, 3355, 3504, 3885, 5126] | memory = [17538, 15265, 13281, 11297, 10525, 10184, 7416, 2058]
>>>> [CONFIG: target(7), prim(inc_mbs)]
|5110.61|26467.01| op = [26, 26, 26, 26, 31, 34, 41, 1]| tp = [1, 1, 1, 1, 1, 1, 1, 1, ] | dp = [1, 1, 1, 1, 1, 1, 1, 1, ] | algo = [0, 0, 0, 0, 0, 0, 0, 0, ] | rc = [4, 2, 0, 0, 0, 0, 0, 0] | gpus = [1, 1, 1, 1, 1, 1, 1, 1] | micro_bs = 8 | time = [2906, 2643, 2472, 2472, 3219, 3354, 3644, 5110] | memory = [17284, 23523, 26467, 22498, 20942, 20237, 14689, 3666]

[ Trial 47 ] |5110.61|26467.01| op = [26, 26, 26, 26, 31, 34, 41, 1]| tp = [1, 1, 1, 1, 1, 1, 1, 1, ] | dp = [1, 1, 1, 1, 1, 1, 1, 1, ] | algo = [0, 0, 0, 0, 0, 0, 0, 0, ] | rc = [4, 2, 0, 0, 0, 0, 0, 0] | gpus = [1, 1, 1, 1, 1, 1, 1, 1] | micro_bs = 8 | time = [2906, 2643, 2472, 2472, 3219, 3354, 3644, 5110] | memory = [17284, 23523, 26467, 22498, 20942, 20237, 14689, 3666]
>>>> [CONFIG: target(0), prim(dec_op)]
|5110.48|26467.00| op = [22, 27, 26, 29, 31, 34, 41, 1]| tp = [1, 1, 1, 1, 1, 1, 1, 1, ] | dp = [1, 1, 1, 1, 1, 1, 1, 1, ] | algo = [0, 0, 0, 0, 0, 0, 0, 0, ] | rc = [4, 2, 0, 0, 0, 0, 0, 0] | gpus = [1, 1, 1, 1, 1, 1, 1, 1] | micro_bs = 8 | time = [2712, 2662, 2472, 2631, 3219, 3354, 3644, 5110] | memory = [15971, 23524, 26467, 23250, 20942, 20237, 14689, 3666]

num_targets: [1, 1, 1, 1, 1, 1, 5]
num_hops: [1, 1, 1, 1, 3, 3, 1]
search time = 5.00 s.  [0, 1, 2, 3, 4, 5, 6, 7, 8, 9, 10, 11, 12, 13, 14, 15, 16, 17, 18, 19, 20, 21, 22, 23, 24, 25, 26, 27, 28, 29, 30, 31, 32, 33, 34, 35, 36, 37, 38, 39, 40, 41, 42, 43, 44, 45, 46, 47, 48, 49, 50, 51, 52, 53, 54, 55, 56, 57, 58, 59, 60, 61, 62, 63, 64, 65, 66, 67, 68, 69, 70, 71, 72, 73, 74, 75, 76, 77, 78, 79, 80, 81, 82, 83, 84, 85, 86, 87, 88, 89, 90, 91, 92, 93, 94, 95, 96, 97, 98, 99, 100] 
num_explored_cases = 3697
time trend: [10106, 5588, 5249, 5126, 5114, 5114, 5111, 5111, 5111, 5111, 5111, 5111, 5111, 5114, 5114, 5114, 5114, 5114, 5124, 5124, 5124, 5124, 5124, 5126, 5126, 5126, 5126, 5126, 5248, 5248, 5248, 5248, 5248, 5249, 5249, 5249, 5249, 5249, 5588, 5588, 5588, 5588, 5588, 5768, 5768, 5768, 5768, 5110, 5110, 5110, 5110, 5115, 5110, 5110, 5110, 5110, 5110, 5110, 5110, 5110, 5110, 5110, 5110, 5110, 5110, 5110, 5110, 5110, 5110, 5110, 5110, 5110, 5110, 5110, 5110, 5110, 5110, 5115, 5115, 5115, 5115, 5115, 5124, 5124, 5124, 5124, 5124, 5126, 5126, 5126, 5126, 5126, 5126, 5126, 5126, 5126, 5126, 5126, 5126, 5126, 5126]

working on num_stages = 3
config has been saved to /home/liminglong.lml/sxz/SuperScaler/logs-large/aceso/configs/scale-layer/16layers/scale-layer_16layers_3stages_2026-5-16-3-5-58.json

========== Best Result (num_stages = 3) ==========
|3469.96|16842.14| op = [68, 69, 74]| tp = [1, 1, 1, ] | dp = [2, 2, 4, ] | algo = [0, 0, 0, ] | rc = [0, 0, 0] | gpus = [2, 2, 4] | micro_bs = 8 | time = [3224, 3469, 3439] | memory = [16842, 13105, 4648]
[stage 0 recompute_ops] 
stage 0: 
[stage 1 recompute_ops] 
stage 1: 
[stage 2 recompute_ops] 
stage 2: 
[stage 0 algo1] 
[stage 1 algo1] 
[stage 2 algo1] 
start|24641.89|1812.35| op = [70, 70, 71]| tp = [4, 2, 2, ] | dp = [1, 1, 1, ] | algo = [0, 0, 0, ] | rc = [0, 0, 0] | gpus = [4, 2, 2] | micro_bs = 1 | time = [24641, 18886, 22367] | memory = [1471, 1812, 1365]

[ Trial 0 ] |24641.89|1812.35| op = [70, 70, 71]| tp = [4, 2, 2, ] | dp = [1, 1, 1, ] | algo = [0, 0, 0, ] | rc = [0, 0, 0] | gpus = [4, 2, 2] | micro_bs = 1 | time = [24641, 18886, 22367] | memory = [1471, 1812, 1365]
>>>> [CONFIG: target(0), prim(dec_tp)]
|23346.34|2572.61| op = [70, 70, 71]| tp = [2, 4, 2, ] | dp = [1, 1, 1, ] | algo = [0, 0, 0, ] | rc = [0, 0, 0] | gpus = [2, 4, 2] | micro_bs = 1 | time = [19545, 23346, 22367] | memory = [2572, 1049, 1365]

[ Trial 1 ] |23346.34|2572.61| op = [70, 70, 71]| tp = [2, 4, 2, ] | dp = [1, 1, 1, ] | algo = [0, 0, 0, ] | rc = [0, 0, 0] | gpus = [2, 4, 2] | micro_bs = 1 | time = [19545, 23346, 22367] | memory = [2572, 1049, 1365]
>>>> [CONFIG: target(1), prim(inc_mbs)]
|9448.81|4903.55| op = [70, 70, 71]| tp = [1, 2, 1, ] | dp = [2, 2, 2, ] | algo = [0, 0, 0, ] | rc = [0, 0, 0] | gpus = [2, 4, 2] | micro_bs = 2 | time = [6239, 9448, 8382] | memory = [4903, 1812, 2649]

[ Trial 2 ] |9448.81|4903.55| op = [70, 70, 71]| tp = [1, 2, 1, ] | dp = [2, 2, 2, ] | algo = [0, 0, 0, ] | rc = [0, 0, 0] | gpus = [2, 4, 2] | micro_bs = 2 | time = [6239, 9448, 8382] | memory = [4903, 1812, 2649]
>>>> [CONFIG: target(1), prim(dec_tp)]
|9778.57|3466.35| op = [70, 70, 71]| tp = [2, 1, 1, ] | dp = [2, 2, 2, ] | algo = [0, 0, 0, ] | rc = [0, 0, 0] | gpus = [4, 2, 2] | micro_bs = 2 | time = [9778, 6026, 8383] | memory = [2572, 3466, 2649]
>>>> [CONFIG: target(0), prim(dec_dp)]
|14151.45|4803.18| op = [70, 70, 71]| tp = [2, 2, 1, ] | dp = [1, 2, 2, ] | algo = [0, 0, 0, ] | rc = [0, 0, 0] | gpus = [2, 4, 2] | micro_bs = 2 | time = [14151, 9464, 8398] | memory = [4803, 1812, 2649]
>>>> [CONFIG: target(0), prim(inc_mbs)]
|6714.42|9139.07| op = [70, 70, 71]| tp = [1, 1, 1, ] | dp = [2, 4, 2, ] | algo = [0, 0, 0, ] | rc = [0, 0, 0] | gpus = [2, 4, 2] | micro_bs = 4 | time = [4556, 3039, 6714] | memory = [9139, 3466, 4630]

[ Trial 3 ] |6714.42|9139.07| op = [70, 70, 71]| tp = [1, 1, 1, ] | dp = [2, 4, 2, ] | algo = [0, 0, 0, ] | rc = [0, 0, 0] | gpus = [2, 4, 2] | micro_bs = 4 | time = [4556, 3039, 6714] | memory = [9139, 3466, 4630]
>>>> [CONFIG: target(2), prim(inc_dp)]
|4552.69|9139.07| op = [70, 70, 71]| tp = [1, 1, 1, ] | dp = [2, 2, 4, ] | algo = [0, 0, 0, ] | rc = [0, 0, 0] | gpus = [2, 2, 4] | micro_bs = 4 | time = [4552, 4438, 4211] | memory = [9139, 6688, 2649]

[ Trial 4 ] |4552.69|9139.07| op = [70, 70, 71]| tp = [1, 1, 1, ] | dp = [2, 2, 4, ] | algo = [0, 0, 0, ] | rc = [0, 0, 0] | gpus = [2, 2, 4] | micro_bs = 4 | time = [4552, 4438, 4211] | memory = [9139, 6688, 2649]
>>>> [CONFIG: target(0), prim(inc_mbs)]
|3530.67|17610.14| op = [70, 70, 71]| tp = [1, 1, 1, ] | dp = [2, 2, 4, ] | algo = [0, 0, 0, ] | rc = [0, 0, 0] | gpus = [2, 2, 4] | micro_bs = 8 | time = [3530, 3456, 3396] | memory = [17610, 13133, 4630]

[ Trial 5 ] |3530.67|17610.14| op = [70, 70, 71]| tp = [1, 1, 1, ] | dp = [2, 2, 4, ] | algo = [0, 0, 0, ] | rc = [0, 0, 0] | gpus = [2, 2, 4] | micro_bs = 8 | time = [3530, 3456, 3396] | memory = [17610, 13133, 4630]
>>>> [CONFIG: target(0), prim(inc_dp)]
|5692.57|13133.36| op = [70, 70, 71]| tp = [1, 1, 1, ] | dp = [4, 2, 2, ] | algo = [0, 0, 0, ] | rc = [0, 0, 0] | gpus = [4, 2, 2] | micro_bs = 8 | time = [2330, 3464, 5692] | memory = [9139, 13133, 8588]
>>>> [CONFIG: target(2), prim(dec_op)]
|3705.23|14587.63| op = [111, 76, 24]| tp = [1, 1, 1, ] | dp = [4, 2, 2, ] | algo = [0, 0, 0, ] | rc = [0, 0, 0] | gpus = [4, 2, 2] | micro_bs = 8 | time = [3525, 3604, 3705] | memory = [14587, 12241, 5332]
>>>> [CONFIG: target(2), prim(inc_dp)]
|5550.74|25483.25| op = [111, 76, 24]| tp = [1, 1, 1, ] | dp = [2, 2, 4, ] | algo = [0, 0, 0, ] | rc = [4, 0, 0] | gpus = [2, 2, 4] | micro_bs = 8 | time = [5550, 3607, 2098] | memory = [25483, 12241, 2908]
>>>> [CONFIG: target(0), prim(dec_op)]
|3521.01|17610.14| op = [69, 69, 73]| tp = [1, 1, 1, ] | dp = [2, 2, 4, ] | algo = [0, 0, 0, ] | rc = [0, 0, 0] | gpus = [2, 2, 4] | micro_bs = 8 | time = [3436, 3521, 3423] | memory = [17610, 13093, 4640]

[ Trial 6 ] |3521.01|17610.14| op = [69, 69, 73]| tp = [1, 1, 1, ] | dp = [2, 2, 4, ] | algo = [0, 0, 0, ] | rc = [0, 0, 0] | gpus = [2, 2, 4] | micro_bs = 8 | time = [3436, 3521, 3423] | memory = [17610, 13093, 4640]
>>>> [CONFIG: target(1), prim(inc_dp)]
|5721.92|17610.14| op = [69, 69, 73]| tp = [1, 1, 1, ] | dp = [2, 4, 2, ] | algo = [0, 0, 0, ] | rc = [0, 0, 0] | gpus = [2, 4, 2] | micro_bs = 8 | time = [3444, 2294, 5721] | memory = [17610, 6668, 8608]
>>>> [CONFIG: target(2), prim(inc_tp)]
|7107.94|17610.14| op = [69, 69, 73]| tp = [1, 1, 2, ] | dp = [2, 2, 2, ] | algo = [0, 0, 0, ] | rc = [0, 0, 0] | gpus = [2, 2, 4] | micro_bs = 8 | time = [3465, 3549, 7107] | memory = [17610, 13093, 4480]
>>>> [CONFIG: target(2), prim(dec_op)]
|4262.48|22390.51| op = [86, 90, 35]| tp = [1, 1, 2, ] | dp = [2, 2, 2, ] | algo = [0, 0, 0, ] | rc = [0, 0, 0] | gpus = [2, 2, 4] | micro_bs = 8 | time = [4223, 4262, 4233] | memory = [22390, 15405, 2854]
>>>> [CONFIG: target(1), prim(dec_mbs)]
|5489.12|11555.26| op = [86, 90, 35]| tp = [1, 1, 1, ] | dp = [2, 2, 4, ] | algo = [0, 0, 0, ] | rc = [0, 0, 0] | gpus = [2, 2, 4] | micro_bs = 4 | time = [5465, 5489, 2734] | memory = [11555, 7868, 1778]
>>>> [CONFIG: target(1), prim(dec_op)]
|4596.74|9139.07| op = [70, 75, 66]| tp = [1, 1, 1, ] | dp = [2, 2, 4, ] | algo = [0, 0, 0, ] | rc = [0, 0, 0] | gpus = [2, 2, 4] | micro_bs = 4 | time = [4552, 4596, 4071] | memory = [9139, 6812, 2594]
>>>> [CONFIG: target(1), prim(inc_mbs)]
|3573.05|17610.14| op = [70, 75, 66]| tp = [1, 1, 1, ] | dp = [2, 2, 4, ] | algo = [0, 0, 0, ] | rc = [0, 0, 0] | gpus = [2, 2, 4] | micro_bs = 8 | time = [3530, 3573, 3317] | memory = [17610, 13349, 4552]
>>>> [CONFIG: target(1), prim(dec_op)]
|3543.38|17610.14| op = [70, 73, 68]| tp = [1, 1, 1, ] | dp = [2, 2, 4, ] | algo = [0, 0, 0, ] | rc = [0, 0, 0] | gpus = [2, 2, 4] | micro_bs = 8 | time = [3530, 3543, 3344] | memory = [17610, 13309, 4562]

[ Trial 8 ] |3543.38|17610.14| op = [70, 73, 68]| tp = [1, 1, 1, ] | dp = [2, 2, 4, ] | algo = [0, 0, 0, ] | rc = [0, 0, 0] | gpus = [2, 2, 4] | micro_bs = 8 | time = [3530, 3543, 3344] | memory = [17610, 13309, 4562]
>>>> [CONFIG: target(0), prim(inc_tp)]
|5853.21|13309.36| op = [70, 73, 68]| tp = [2, 1, 1, ] | dp = [2, 2, 2, ] | algo = [0, 0, 0, ] | rc = [0, 0, 0] | gpus = [4, 2, 2] | micro_bs = 8 | time = [5853, 3579, 5633] | memory = [9264, 13309, 8484]
>>>> [CONFIG: target(0), prim(dec_op)]
|5627.70|13645.61| op = [59, 84, 68]| tp = [2, 1, 1, ] | dp = [2, 2, 2, ] | algo = [0, 0, 0, ] | rc = [0, 0, 0] | gpus = [4, 2, 2] | micro_bs = 8 | time = [4894, 3833, 5627] | memory = [8555, 13645, 8484]
>>>> [CONFIG: target(2), prim(dec_op)]
|5626.83|15505.74| op = [51, 92, 68]| tp = [2, 1, 1, ] | dp = [2, 2, 2, ] | algo = [0, 0, 0, ] | rc = [0, 0, 0] | gpus = [4, 2, 2] | micro_bs = 8 | time = [4277, 4339, 5626] | memory = [7161, 15505, 8484]
>>>> [CONFIG: target(2), prim(inc_dp)]
|4308.19|15505.74| op = [51, 92, 68]| tp = [1, 1, 1, ] | dp = [2, 2, 4, ] | algo = [0, 0, 0, ] | rc = [0, 0, 0] | gpus = [2, 2, 4] | micro_bs = 8 | time = [2537, 4308, 3343] | memory = [13657, 15505, 4562]
>>>> [CONFIG: target(1), prim(dec_op)]
|3602.25|16842.14| op = [68, 75, 68]| tp = [1, 1, 1, ] | dp = [2, 2, 4, ] | algo = [0, 0, 0, ] | rc = [0, 0, 0] | gpus = [2, 2, 4] | micro_bs = 8 | time = [3224, 3602, 3342] | memory = [16842, 13341, 4562]
>>>> [CONFIG: target(1), prim(dec_op)]
|3496.19|16842.14| op = [68, 71, 72]| tp = [1, 1, 1, ] | dp = [2, 2, 4, ] | algo = [0, 0, 0, ] | rc = [0, 0, 0] | gpus = [2, 2, 4] | micro_bs = 8 | time = [3224, 3496, 3408] | memory = [16842, 13149, 4630]

[ Trial 9 ] |3496.19|16842.14| op = [68, 71, 72]| tp = [1, 1, 1, ] | dp = [2, 2, 4, ] | algo = [0, 0, 0, ] | rc = [0, 0, 0] | gpus = [2, 2, 4] | micro_bs = 8 | time = [3224, 3496, 3408] | memory = [16842, 13149, 4630]
>>>> [CONFIG: target(1), prim(inc_dp)]
|5703.40|16842.14| op = [68, 71, 72]| tp = [1, 1, 1, ] | dp = [2, 4, 2, ] | algo = [0, 0, 0, ] | rc = [0, 0, 0] | gpus = [2, 4, 2] | micro_bs = 8 | time = [3232, 2307, 5703] | memory = [16842, 6696, 8588]
>>>> [CONFIG: target(2), prim(dec_op)]
|4294.89|16842.14| op = [68, 106, 37]| tp = [1, 1, 1, ] | dp = [2, 4, 2, ] | algo = [0, 0, 0, ] | rc = [0, 0, 0] | gpus = [2, 4, 2] | micro_bs = 8 | time = [3230, 3366, 4294] | memory = [16842, 9184, 6364]
>>>> [CONFIG: target(2), prim(dec_op)]
|3930.84|16842.14| op = [68, 110, 33]| tp = [1, 1, 1, ] | dp = [2, 4, 2, ] | algo = [0, 0, 0, ] | rc = [0, 0, 0] | gpus = [2, 4, 2] | micro_bs = 8 | time = [3228, 3449, 3930] | memory = [16842, 9792, 5492]
>>>> [CONFIG: target(2), prim(inc_dp)]
|5268.76|19197.98| op = [68, 110, 33]| tp = [1, 1, 1, ] | dp = [2, 2, 4, ] | algo = [0, 0, 0, ] | rc = [0, 0, 0] | gpus = [2, 2, 4] | micro_bs = 8 | time = [3229, 5268, 2266] | memory = [16842, 19197, 3010]
>>>> [CONFIG: target(1), prim(dec_mbs)]
|6816.01|9792.99| op = [68, 110, 33]| tp = [1, 1, 1, ] | dp = [2, 2, 4, ] | algo = [0, 0, 0, ] | rc = [0, 0, 0] | gpus = [2, 2, 4] | micro_bs = 4 | time = [4215, 6816, 2661] | memory = [8755, 9792, 1767]
>>>> [CONFIG: target(1), prim(dec_op)]
|4446.08|8755.07| op = [68, 69, 74]| tp = [1, 1, 1, ] | dp = [2, 2, 4, ] | algo = [0, 0, 0, ] | rc = [0, 0, 0] | gpus = [2, 2, 4] | micro_bs = 4 | time = [4212, 4446, 4297] | memory = [8755, 6672, 2660]
>>>> [CONFIG: target(1), prim(inc_mbs)]
|3469.96|16842.14| op = [68, 69, 74]| tp = [1, 1, 1, ] | dp = [2, 2, 4, ] | algo = [0, 0, 0, ] | rc = [0, 0, 0] | gpus = [2, 2, 4] | micro_bs = 8 | time = [3224, 3469, 3439] | memory = [16842, 13105, 4648]

num_targets: [1, 1, 1, 1, 1, 1, 2, 1]
num_hops: [1, 1, 3, 1, 1, 4, 6, 7]
search time = 199.96 s.  [0, 1, 2, 3, 4, 5, 6, 16, 25, 32, 33, 35, 39, 40, 46, 47, 48, 51, 55, 57, 61, 64, 68, 75, 80, 82, 88, 89, 90, 91, 92, 93, 94, 99, 103, 107, 116, 119, 123, 124, 127, 128, 131, 132, 133, 135, 139, 140, 141, 142, 143, 146, 154, 157, 159, 162, 164, 167, 170, 173, 175, 176, 179, 180, 181, 182, 183, 184, 189, 190, 193, 194, 197, 200, 204, 207, 210, 212, 214, 218, 220, 224, 225, 230, 233, 237, 241, 245, 249, 252, 254, 256, 257, 262, 263, 265, 267, 268, 269, 270, 271] 
num_explored_cases = 80338
time trend: [24641, 23346, 9448, 6714, 4552, 3530, 3521, 3521, 3536, 3496, 3469, 3469, 3531, 3543, 3554, 3554, 3554, 3562, 3581, 3603, 3530, 3563, 3586, 3601, 3530, 3530, 3614, 3614, 3614, 3614, 3614, 3614, 3618, 3505, 3515, 3619, 3519, 3519, 3530, 3530, 3623, 3623, 3625, 3625, 3625, 3631, 3632, 3632, 3632, 3632, 3632, 3636, 3578, 3578, 3601, 3601, 3614, 3617, 3640, 3598, 3640, 3643, 3645, 3645, 3645, 3645, 3646, 3646, 3617, 3646, 3649, 3649, 3651, 3654, 3530, 3530, 3598, 3564, 3666, 3600, 3600, 3653, 3666, 3667, 3624, 3614, 3668, 3666, 3621, 3668, 3669, 3669, 3669, 3685, 3685, 3643, 3643, 3694, 3695, 3695, 3695]

working on num_stages = 4
config has been saved to /home/liminglong.lml/sxz/SuperScaler/logs-large/aceso/configs/scale-layer/16layers/scale-layer_16layers_4stages_2026-5-16-3-5-58.json

========== Best Result (num_stages = 4) ==========
|3189.80|21666.60| op = [66, 66, 66, 13]| tp = [1, 1, 1, 1, ] | dp = [2, 2, 2, 2, ] | algo = [0, 0, 0, 0, ] | rc = [0, 0, 0, 0] | gpus = [2, 2, 2, 2] | micro_bs = 8 | time = [3170, 3110, 3151, 3189] | memory = [21666, 16330, 11453, 4316]
[stage 0 recompute_ops] 
stage 0: 
[stage 1 recompute_ops] 
stage 1: 
[stage 2 recompute_ops] 
stage 2: 
[stage 3 recompute_ops] 
stage 3: 
[stage 0 algo1] 
[stage 1 algo1] 
[stage 2 algo1] 
[stage 3 algo1] 
start|17729.18|2552.62| op = [52, 52, 52, 55]| tp = [2, 2, 2, 2, ] | dp = [1, 1, 1, 1, ] | algo = [0, 0, 0, 0, ] | rc = [0, 0, 0, 0] | gpus = [2, 2, 2, 2] | micro_bs = 1 | time = [14797, 14248, 14248, 17729] | memory = [2552, 1828, 1304, 1185]

[ Trial 0 ] |17729.18|2552.62| op = [52, 52, 52, 55]| tp = [2, 2, 2, 2, ] | dp = [1, 1, 1, 1, ] | algo = [0, 0, 0, 0, ] | rc = [0, 0, 0, 0] | gpus = [2, 2, 2, 2] | micro_bs = 1 | time = [14797, 14248, 14248, 17729] | memory = [2552, 1828, 1304, 1185]
>>>> [CONFIG: target(3), prim(inc_mbs)]
|7159.62|4864.54| op = [52, 52, 52, 55]| tp = [1, 1, 1, 1, ] | dp = [2, 2, 2, 2, ] | algo = [0, 0, 0, 0, ] | rc = [0, 0, 0, 0] | gpus = [2, 2, 2, 2] | micro_bs = 2 | time = [4606, 4426, 4426, 7159] | memory = [4864, 3476, 2488, 2305]

[ Trial 1 ] |7159.62|4864.54| op = [52, 52, 52, 55]| tp = [1, 1, 1, 1, ] | dp = [2, 2, 2, 2, ] | algo = [0, 0, 0, 0, ] | rc = [0, 0, 0, 0] | gpus = [2, 2, 2, 2] | micro_bs = 2 | time = [4606, 4426, 4426, 7159] | memory = [4864, 3476, 2488, 2305]
>>>> [CONFIG: target(3), prim(inc_mbs)]
|5847.90|9121.06| op = [52, 52, 52, 55]| tp = [1, 1, 1, 1, ] | dp = [2, 2, 2, 2, ] | algo = [0, 0, 0, 0, ] | rc = [0, 0, 0, 0] | gpus = [2, 2, 2, 2] | micro_bs = 4 | time = [3328, 3229, 3229, 5847] | memory = [9121, 6760, 4784, 4022]

[ Trial 2 ] |5847.90|9121.06| op = [52, 52, 52, 55]| tp = [1, 1, 1, 1, ] | dp = [2, 2, 2, 2, ] | algo = [0, 0, 0, 0, ] | rc = [0, 0, 0, 0] | gpus = [2, 2, 2, 2] | micro_bs = 4 | time = [3328, 3229, 3229, 5847] | memory = [9121, 6760, 4784, 4022]
>>>> [CONFIG: target(3), prim(dec_op)]
|4003.07|10901.18| op = [59, 65, 64, 23]| tp = [1, 1, 1, 1, ] | dp = [2, 2, 2, 2, ] | algo = [0, 0, 0, 0, ] | rc = [0, 0, 0, 0] | gpus = [2, 2, 2, 2] | micro_bs = 4 | time = [3902, 3998, 4003, 3987] | memory = [10901, 8284, 5808, 2620]

[ Trial 3 ] |4003.07|10901.18| op = [59, 65, 64, 23]| tp = [1, 1, 1, 1, ] | dp = [2, 2, 2, 2, ] | algo = [0, 0, 0, 0, ] | rc = [0, 0, 0, 0] | gpus = [2, 2, 2, 2] | micro_bs = 4 | time = [3902, 3998, 4003, 3987] | memory = [10901, 8284, 5808, 2620]
>>>> [CONFIG: target(2), prim(dec_dp)]
|6179.40|21182.36| op = [59, 65, 64, 23]| tp = [1, 1, 1, 1, ] | dp = [1, 2, 1, 4, ] | algo = [0, 0, 0, 0, ] | rc = [0, 0, 0, 0] | gpus = [1, 2, 1, 4] | micro_bs = 4 | time = [5957, 4008, 6179, 2358] | memory = [21182, 8284, 11377, 1550]
>>>> [CONFIG: target(2), prim(dec_op)]
|4682.89|14861.86| op = [44, 76, 40, 51]| tp = [1, 1, 1, 1, ] | dp = [1, 2, 1, 4, ] | algo = [0, 0, 0, 0, ] | rc = [0, 0, 0, 0] | gpus = [1, 2, 1, 4] | micro_bs = 4 | time = [4628, 4682, 4180, 3506] | memory = [14861, 9809, 7904, 2282]
>>>> [CONFIG: target(1), prim(dec_dp)]
|7190.50|19330.23| op = [44, 76, 40, 51]| tp = [1, 1, 1, 1, ] | dp = [1, 1, 2, 4, ] | algo = [0, 0, 0, 0, ] | rc = [0, 0, 0, 0] | gpus = [1, 1, 2, 4] | micro_bs = 4 | time = [4632, 7190, 2725, 3510] | memory = [14861, 19330, 4024, 2282]
>>>> [CONFIG: target(1), prim(dec_op)]
|4024.47|13837.86| op = [42, 39, 65, 65]| tp = [1, 1, 1, 1, ] | dp = [1, 1, 2, 4, ] | algo = [0, 0, 0, 0, ] | rc = [0, 0, 0, 0] | gpus = [1, 1, 2, 4] | micro_bs = 4 | time = [4012, 3754, 4010, 4024] | memory = [13837, 10377, 5832, 2580]
>>>> [CONFIG: target(3), prim(dec_dp)]
|6501.29|7204.93| op = [42, 39, 65, 65]| tp = [1, 1, 1, 1, ] | dp = [2, 2, 2, 2, ] | algo = [0, 0, 0, 0, ] | rc = [0, 0, 0, 0] | gpus = [2, 2, 2, 2] | micro_bs = 4 | time = [2687, 2474, 4009, 6501] | memory = [7204, 5260, 5832, 4536]
>>>> [CONFIG: target(3), prim(inc_mbs)]
|5547.01|13837.86| op = [42, 39, 65, 65]| tp = [1, 1, 1, 1, ] | dp = [2, 2, 2, 2, ] | algo = [0, 0, 0, 0, ] | rc = [0, 0, 0, 0] | gpus = [2, 2, 2, 2] | micro_bs = 8 | time = [2064, 1936, 3114, 5547] | memory = [13837, 10377, 11425, 8444]
>>>> [CONFIG: target(3), prim(dec_op)]
|3328.80|21182.36| op = [59, 65, 69, 18]| tp = [1, 1, 1, 1, ] | dp = [2, 2, 2, 2, ] | algo = [0, 0, 0, 0, ] | rc = [0, 0, 0, 0] | gpus = [2, 2, 2, 2] | micro_bs = 8 | time = [3027, 3098, 3192, 3328] | memory = [21182, 16329, 11533, 4436]

[ Trial 4 ] |3328.80|21182.36| op = [59, 65, 69, 18]| tp = [1, 1, 1, 1, ] | dp = [2, 2, 2, 2, ] | algo = [0, 0, 0, 0, ] | rc = [0, 0, 0, 0] | gpus = [2, 2, 2, 2] | micro_bs = 8 | time = [3027, 3098, 3192, 3328] | memory = [21182, 16329, 11533, 4436]
>>>> [CONFIG: target(3), prim(dec_op)]
|3190.07|21570.60| op = [64, 67, 67, 13]| tp = [1, 1, 1, 1, ] | dp = [2, 2, 2, 2, ] | algo = [0, 0, 0, 0, ] | rc = [0, 0, 0, 0] | gpus = [2, 2, 2, 2] | micro_bs = 8 | time = [3144, 3158, 3164, 3190] | memory = [21570, 16477, 11453, 4316]

[ Trial 5 ] |3190.07|21570.60| op = [64, 67, 67, 13]| tp = [1, 1, 1, 1, ] | dp = [2, 2, 2, 2, ] | algo = [0, 0, 0, 0, ] | rc = [0, 0, 0, 0] | gpus = [2, 2, 2, 2] | micro_bs = 8 | time = [3144, 3158, 3164, 3190] | memory = [21570, 16477, 11453, 4316]
>>>> [CONFIG: target(3), prim(inc_dp)]
|6338.74|23483.75| op = [64, 67, 67, 13]| tp = [1, 1, 1, 1, ] | dp = [2, 1, 1, 4, ] | algo = [0, 0, 0, 0, ] | rc = [0, 6, 0, 0] | gpus = [2, 1, 1, 4] | micro_bs = 8 | time = [3178, 6338, 5844, 1809] | memory = [21570, 23483, 22654, 2376]
>>>> [CONFIG: target(1), prim(inc_tp)]
|9704.82|21570.60| op = [64, 67, 67, 13]| tp = [1, 2, 1, 1, ] | dp = [2, 1, 2, 2, ] | algo = [0, 0, 0, 0, ] | rc = [0, 0, 0, 0] | gpus = [2, 2, 2, 2] | micro_bs = 8 | time = [3195, 9704, 3215, 3241] | memory = [21570, 17275, 11453, 4316]
>>>> [CONFIG: target(1), prim(inc_dp)]
|6154.12|22654.75| op = [64, 67, 67, 13]| tp = [1, 2, 1, 1, ] | dp = [2, 2, 1, 1, ] | algo = [0, 0, 0, 0, ] | rc = [0, 0, 0, 0] | gpus = [2, 4, 1, 1] | micro_bs = 8 | time = [3206, 5495, 5871, 6154] | memory = [21570, 8701, 22654, 8196]
>>>> [CONFIG: target(3), prim(dec_op)]
|5067.85|25379.60| op = [89, 61, 60, 1]| tp = [1, 2, 1, 1, ] | dp = [2, 2, 1, 1, ] | algo = [0, 0, 0, 0, ] | rc = [4, 0, 0, 0] | gpus = [2, 4, 1, 1] | micro_bs = 8 | time = [4528, 4925, 4936, 5067] | memory = [25379, 8491, 19110, 3666]
>>>> [CONFIG: target(3), prim(inc_dp)]
|4477.95|25379.60| op = [89, 61, 60, 1]| tp = [1, 1, 1, 1, ] | dp = [2, 2, 2, 2, ] | algo = [0, 0, 0, 0, ] | rc = [4, 0, 0, 0] | gpus = [2, 2, 2, 2] | micro_bs = 8 | time = [4477, 3039, 2704, 2601] | memory = [25379, 16201, 9669, 2058]
>>>> [CONFIG: target(0), prim(dec_op)]
|3644.83|22830.85| op = [70, 76, 64, 1]| tp = [1, 1, 1, 1, ] | dp = [2, 2, 2, 2, ] | algo = [0, 0, 0, 0, ] | rc = [0, 0, 0, 0] | gpus = [2, 2, 2, 2] | micro_bs = 8 | time = [3549, 3644, 3095, 2601] | memory = [22830, 19330, 11381, 2058]
>>>> [CONFIG: target(1), prim(dec_op)]
|3189.93|21666.60| op = [66, 67, 65, 13]| tp = [1, 1, 1, 1, ] | dp = [2, 2, 2, 2, ] | algo = [0, 0, 0, 0, ] | rc = [0, 0, 0, 0] | gpus = [2, 2, 2, 2] | micro_bs = 8 | time = [3170, 3164, 3114, 3189] | memory = [21666, 16414, 11425, 4316]

[ Trial 6 ] |3189.93|21666.60| op = [66, 67, 65, 13]| tp = [1, 1, 1, 1, ] | dp = [2, 2, 2, 2, ] | algo = [0, 0, 0, 0, ] | rc = [0, 0, 0, 0] | gpus = [2, 2, 2, 2] | micro_bs = 8 | time = [3170, 3164, 3114, 3189] | memory = [21666, 16414, 11425, 4316]
>>>> [CONFIG: target(3), prim(inc_dp)]
|6357.33|23360.12| op = [66, 67, 65, 13]| tp = [1, 1, 1, 1, ] | dp = [2, 1, 1, 4, ] | algo = [0, 0, 0, 0, ] | rc = [0, 6, 0, 0] | gpus = [2, 1, 1, 4] | micro_bs = 8 | time = [3205, 6357, 5760, 1809] | memory = [21666, 23360, 22610, 2376]
>>>> [CONFIG: target(1), prim(dec_op)]
|3434.60|21666.60| op = [66, 37, 37, 71]| tp = [1, 1, 1, 1, ] | dp = [2, 1, 1, 4, ] | algo = [0, 0, 0, 0, ] | rc = [0, 0, 0, 0] | gpus = [2, 1, 1, 4] | micro_bs = 8 | time = [3176, 3434, 3417, 3419] | memory = [21666, 20330, 14401, 4630]
>>>> [CONFIG: target(1), prim(inc_tp)]
|5727.59|21666.60| op = [66, 37, 37, 71]| tp = [1, 2, 1, 1, ] | dp = [2, 1, 2, 2, ] | algo = [0, 0, 0, 0, ] | rc = [0, 0, 0, 0] | gpus = [2, 2, 2, 2] | micro_bs = 8 | time = [3197, 5328, 1909, 5727] | memory = [21666, 10634, 7264, 8588]
>>>> [CONFIG: target(3), prim(dec_dp)]
|10828.91|21666.60| op = [66, 37, 37, 71]| tp = [1, 1, 1, 1, ] | dp = [2, 1, 4, 1, ] | algo = [0, 0, 0, 0, ] | rc = [0, 0, 0, 0] | gpus = [2, 1, 4, 1] | micro_bs = 8 | time = [3218, 3475, 1319, 10828] | memory = [21666, 20330, 3696, 16505]
>>>> [CONFIG: target(3), prim(dec_op)]
|5246.02|21666.60| op = [66, 37, 103, 5]| tp = [1, 1, 1, 1, ] | dp = [2, 1, 4, 1, ] | algo = [0, 0, 0, 0, ] | rc = [0, 0, 0, 0] | gpus = [2, 1, 4, 1] | micro_bs = 8 | time = [3189, 3447, 3230, 5246] | memory = [21666, 20330, 8904, 4224]
>>>> [CONFIG: target(3), prim(inc_dp)]
|4878.18|21666.60| op = [66, 37, 103, 5]| tp = [1, 1, 1, 1, ] | dp = [2, 2, 2, 2, ] | algo = [0, 0, 0, 0, ] | rc = [0, 0, 0, 0] | gpus = [2, 2, 2, 2] | micro_bs = 8 | time = [3171, 1887, 4878, 2739] | memory = [21666, 10229, 17425, 2368]
>>>> [CONFIG: target(2), prim(dec_op)]
|3189.80|21666.60| op = [66, 64, 68, 13]| tp = [1, 1, 1, 1, ] | dp = [2, 2, 2, 2, ] | algo = [0, 0, 0, 0, ] | rc = [0, 0, 0, 0] | gpus = [2, 2, 2, 2] | micro_bs = 8 | time = [3170, 3080, 3181, 3189] | memory = [21666, 16269, 11493, 4316]

[ Trial 7 ] |3189.80|21666.60| op = [66, 64, 68, 13]| tp = [1, 1, 1, 1, ] | dp = [2, 2, 2, 2, ] | algo = [0, 0, 0, 0, ] | rc = [0, 0, 0, 0] | gpus = [2, 2, 2, 2] | micro_bs = 8 | time = [3170, 3080, 3181, 3189] | memory = [21666, 16269, 11493, 4316]
>>>> [CONFIG: target(3), prim(dec_op)]
|3189.80|21666.60| op = [66, 66, 66, 13]| tp = [1, 1, 1, 1, ] | dp = [2, 2, 2, 2, ] | algo = [0, 0, 0, 0, ] | rc = [0, 0, 0, 0] | gpus = [2, 2, 2, 2] | micro_bs = 8 | time = [3170, 3110, 3151, 3189] | memory = [21666, 16330, 11453, 4316]

num_targets: [1, 1, 1, 1, 1, 1, 1, 1]
num_hops: [1, 1, 1, 7, 1, 7, 7, 1]
search time = 200.00 s.  [0, 1, 2, 3, 4, 5, 10, 12, 13, 35, 50, 65, 77, 87, 101, 102, 114, 132, 147, 148, 168, 181, 182, 202, 207, 214, 215, 216, 217, 218, 219, 220, 221, 222, 223, 224, 225, 226, 227, 228, 229, 230, 231, 232, 233, 234, 235, 236, 237, 238, 239, 240, 241, 242, 243, 244, 245, 246, 247, 248, 249, 250, 251, 252, 253, 254, 255, 256, 257, 258, 259, 260, 261, 262, 263, 264, 265, 266, 267, 268, 269, 270, 271, 272, 273, 274, 275, 276] 
num_explored_cases = 66217
time trend: [17729, 7159, 5847, 4003, 3328, 3190, 3189, 3189, 3189, 3189, 3189, 3189, 3190, 3190, 3197, 3197, 3189, 3189, 3189, 3189, 3227, 3227, 3227, 3227, 3227, 3227, 3230, 3231, 3240, 3240, 3243, 3243, 3253, 3253, 3256, 3256, 3256, 3257, 3259, 3268, 3268, 3268, 3306, 3306, 3306, 3313, 3313, 3326, 3326, 3328, 3328, 3329, 3343, 3343, 3343, 3343, 3343, 3343, 3356, 3356, 3361, 3373, 3373, 3373, 3373, 3388, 3388, 3388, 3388, 3388, 3388, 3388, 3388, 3388, 3388, 3388, 3388, 3388, 3390, 3390, 3410, 3418, 3418, 3418, 3419, 3419, 3419, 3419]

working on num_stages = 5
config has been saved to /home/liminglong.lml/sxz/SuperScaler/logs-large/aceso/configs/scale-layer/16layers/scale-layer_16layers_5stages_2026-5-16-3-5-58.json

========== Best Result (num_stages = 5) ==========
|3211.11|26539.25| op = [65, 68, 30, 35, 13]| tp = [1, 1, 1, 1, 1, ] | dp = [2, 2, 1, 1, 2, ] | algo = [0, 0, 0, 0, 0, ] | rc = [0, 0, 0, 0, 0] | gpus = [2, 2, 1, 1, 2] | micro_bs = 8 | time = [3180, 3202, 3162, 2775, 3211] | memory = [26539, 21454, 19697, 11217, 4316]
[stage 0 recompute_ops] 
stage 0: 
[stage 1 recompute_ops] 
stage 1: 
[stage 2 recompute_ops] 
stage 2: 
[stage 3 recompute_ops] 
stage 3: 
[stage 4 recompute_ops] 
stage 4: 
[stage 0 algo1] 
[stage 1 algo1] 
[stage 2 algo1] 
[stage 3 algo1] 
[stage 4 algo1] 
start|12381.76|2444.69| op = [42, 42, 42, 42, 43]| tp = [2, 2, 2, 1, 1, ] | dp = [1, 1, 1, 1, 1, ] | algo = [0, 0, 0, 0, 0, ] | rc = [0, 0, 0, 0, 0] | gpus = [2, 2, 2, 1, 1] | micro_bs = 1 | time = [12276, 11387, 11704, 7062, 12381] | memory = [2444, 2228, 1527, 1996, 2035]

[ Trial 0 ] |12381.76|2444.69| op = [42, 42, 42, 42, 43]| tp = [2, 2, 2, 1, 1, ] | dp = [1, 1, 1, 1, 1, ] | algo = [0, 0, 0, 0, 0, ] | rc = [0, 0, 0, 0, 0] | gpus = [2, 2, 2, 1, 1] | micro_bs = 1 | time = [12276, 11387, 11704, 7062, 12381] | memory = [2444, 2228, 1527, 1996, 2035]
>>>> [CONFIG: target(4), prim(inc_mbs)]
|10235.64|4637.60| op = [42, 42, 42, 42, 43]| tp = [1, 1, 1, 1, 1, ] | dp = [2, 2, 2, 1, 1, ] | algo = [0, 0, 0, 0, 0, ] | rc = [0, 0, 0, 0, 0] | gpus = [2, 2, 2, 1, 1] | micro_bs = 2 | time = [3792, 3865, 3745, 5084, 10235] | memory = [4637, 4280, 2907, 3832, 3514]

[ Trial 1 ] |10235.64|4637.60| op = [42, 42, 42, 42, 43]| tp = [1, 1, 1, 1, 1, ] | dp = [2, 2, 2, 1, 1, ] | algo = [0, 0, 0, 0, 0, ] | rc = [0, 0, 0, 0, 0] | gpus = [2, 2, 2, 1, 1] | micro_bs = 2 | time = [3792, 3865, 3745, 5084, 10235] | memory = [4637, 4280, 2907, 3832, 3514]
>>>> [CONFIG: target(4), prim(dec_op)]
|5256.92|5677.60| op = [45, 62, 61, 42, 1]| tp = [1, 1, 1, 1, 1, ] | dp = [2, 2, 2, 1, 1, ] | algo = [0, 0, 0, 0, 0, ] | rc = [0, 0, 0, 0, 0] | gpus = [2, 2, 2, 1, 1] | micro_bs = 2 | time = [4265, 5256, 5220, 5248, 5235] | memory = [5677, 4920, 4207, 3828, 1254]

[ Trial 2 ] |5256.92|5677.60| op = [45, 62, 61, 42, 1]| tp = [1, 1, 1, 1, 1, ] | dp = [2, 2, 2, 1, 1, ] | algo = [0, 0, 0, 0, 0, ] | rc = [0, 0, 0, 0, 0] | gpus = [2, 2, 2, 1, 1] | micro_bs = 2 | time = [4265, 5256, 5220, 5248, 5235] | memory = [5677, 4920, 4207, 3828, 1254]
>>>> [CONFIG: target(1), prim(dec_dp)]
|7538.41|9601.24| op = [45, 62, 61, 42, 1]| tp = [1, 1, 1, 1, 1, ] | dp = [2, 1, 2, 1, 2, ] | algo = [0, 0, 0, 0, 0, ] | rc = [0, 0, 0, 0, 0] | gpus = [2, 1, 2, 1, 2] | micro_bs = 2 | time = [4264, 7538, 5219, 5248, 2769] | memory = [5677, 9601, 4207, 3828, 852]
>>>> [CONFIG: target(1), prim(dec_op)]
|4908.69|6680.62| op = [54, 37, 56, 38, 26]| tp = [1, 1, 1, 1, 1, ] | dp = [2, 1, 2, 1, 2, ] | algo = [0, 0, 0, 0, 0, ] | rc = [0, 0, 0, 0, 0] | gpus = [2, 1, 2, 1, 2] | micro_bs = 2 | time = [4723, 4750, 4908, 4881, 4851] | memory = [5873, 6680, 3713, 3752, 1698]

[ Trial 3 ] |4908.69|6680.62| op = [54, 37, 56, 38, 26]| tp = [1, 1, 1, 1, 1, ] | dp = [2, 1, 2, 1, 2, ] | algo = [0, 0, 0, 0, 0, ] | rc = [0, 0, 0, 0, 0] | gpus = [2, 1, 2, 1, 2] | micro_bs = 2 | time = [4723, 4750, 4908, 4881, 4851] | memory = [5873, 6680, 3713, 3752, 1698]
>>>> [CONFIG: target(2), prim(dec_dp)]
|7136.39|7222.84| op = [54, 37, 56, 38, 26]| tp = [1, 1, 1, 1, 1, ] | dp = [2, 2, 1, 1, 2, ] | algo = [0, 0, 0, 0, 0, ] | rc = [0, 0, 0, 0, 0] | gpus = [2, 2, 1, 1, 2] | micro_bs = 2 | time = [4724, 3278, 7136, 4883, 4852] | memory = [5873, 3412, 7222, 3752, 1698]
>>>> [CONFIG: target(2), prim(inc_mbs)]
|5507.00|14241.68| op = [54, 37, 56, 38, 26]| tp = [1, 1, 1, 1, 1, ] | dp = [2, 2, 1, 1, 2, ] | algo = [0, 0, 0, 0, 0, ] | rc = [0, 0, 0, 0, 0] | gpus = [2, 2, 1, 1, 2] | micro_bs = 4 | time = [3397, 2421, 5506, 3835, 4212] | memory = [11139, 6680, 14241, 7360, 2916]
>>>> [CONFIG: target(2), prim(inc_dp)]
|4210.22|13217.24| op = [54, 37, 56, 38, 26]| tp = [1, 1, 1, 1, 1, ] | dp = [2, 1, 2, 1, 2, ] | algo = [0, 0, 0, 0, 0, ] | rc = [0, 0, 0, 0, 0] | gpus = [2, 1, 2, 1, 2] | micro_bs = 4 | time = [3394, 3673, 3609, 3833, 4210] | memory = [11139, 13217, 7222, 7360, 2916]

[ Trial 4 ] |4210.22|13217.24| op = [54, 37, 56, 38, 26]| tp = [1, 1, 1, 1, 1, ] | dp = [2, 1, 2, 1, 2, ] | algo = [0, 0, 0, 0, 0, ] | rc = [0, 0, 0, 0, 0] | gpus = [2, 1, 2, 1, 2] | micro_bs = 4 | time = [3394, 3673, 3609, 3833, 4210] | memory = [11139, 13217, 7222, 7360, 2916]
>>>> [CONFIG: target(4), prim(inc_mbs)]
|3806.50|26290.50| op = [54, 37, 56, 38, 26]| tp = [1, 1, 1, 1, 1, ] | dp = [2, 1, 2, 1, 2, ] | algo = [0, 0, 0, 0, 0, ] | rc = [0, 0, 0, 0, 0] | gpus = [2, 1, 2, 1, 2] | micro_bs = 8 | time = [2627, 3462, 2829, 3618, 3806] | memory = [21670, 26290, 14241, 14577, 5348]

[ Trial 5 ] |3806.50|26290.50| op = [54, 37, 56, 38, 26]| tp = [1, 1, 1, 1, 1, ] | dp = [2, 1, 2, 1, 2, ] | algo = [0, 0, 0, 0, 0, ] | rc = [0, 0, 0, 0, 0] | gpus = [2, 1, 2, 1, 2] | micro_bs = 8 | time = [2627, 3462, 2829, 3618, 3806] | memory = [21670, 26290, 14241, 14577, 5348]
>>>> [CONFIG: target(4), prim(dec_dp)]
|7264.53|26290.50| op = [54, 37, 56, 38, 26]| tp = [1, 1, 1, 1, 1, ] | dp = [4, 1, 1, 1, 1, ] | algo = [0, 0, 0, 0, 0, ] | rc = [0, 0, 2, 0, 0] | gpus = [4, 1, 1, 1, 1] | micro_bs = 8 | time = [1818, 3502, 5387, 3658, 7264] | memory = [11139, 26290, 25975, 14577, 10212]
>>>> [CONFIG: target(4), prim(dec_op)]
|5081.36|26467.00| op = [54, 44, 52, 60, 1]| tp = [1, 1, 1, 1, 1, ] | dp = [4, 1, 1, 1, 1, ] | algo = [0, 0, 0, 0, 0, ] | rc = [0, 6, 0, 0, 0] | gpus = [4, 1, 1, 1, 1] | micro_bs = 8 | time = [1817, 4888, 4652, 4950, 5081] | memory = [11139, 20703, 26467, 19110, 3666]
>>>> [CONFIG: target(4), prim(inc_dp)]
|4918.24|26467.00| op = [54, 44, 52, 60, 1]| tp = [1, 1, 1, 1, 1, ] | dp = [2, 2, 1, 1, 2, ] | algo = [0, 0, 0, 0, 0, ] | rc = [0, 0, 0, 0, 0] | gpus = [2, 2, 1, 1, 2] | micro_bs = 8 | time = [2633, 2381, 4621, 4918, 2633] | memory = [21670, 16765, 26467, 19110, 2058]
>>>> [CONFIG: target(3), prim(dec_op)]
|3306.29|26106.94| op = [61, 72, 29, 36, 13]| tp = [1, 1, 1, 1, 1, ] | dp = [2, 2, 1, 1, 2, ] | algo = [0, 0, 0, 0, 0, ] | rc = [0, 0, 0, 0, 0] | gpus = [2, 2, 1, 1, 2] | micro_bs = 8 | time = [3079, 3306, 3254, 3214, 3215] | memory = [26106, 21774, 19649, 12273, 4316]

[ Trial 6 ] |3306.29|26106.94| op = [61, 72, 29, 36, 13]| tp = [1, 1, 1, 1, 1, ] | dp = [2, 2, 1, 1, 2, ] | algo = [0, 0, 0, 0, 0, ] | rc = [0, 0, 0, 0, 0] | gpus = [2, 2, 1, 1, 2] | micro_bs = 8 | time = [3079, 3306, 3254, 3214, 3215] | memory = [26106, 21774, 19649, 12273, 4316]
>>>> [CONFIG: target(1), prim(dec_dp)]
|6913.28|26106.94| op = [61, 72, 29, 36, 13]| tp = [1, 1, 1, 1, 1, ] | dp = [2, 1, 2, 1, 2, ] | algo = [0, 0, 0, 0, 0, ] | rc = [0, 10, 0, 0, 0] | gpus = [2, 1, 2, 1, 2] | micro_bs = 8 | time = [3095, 6913, 1803, 3231, 3231] | memory = [26106, 21378, 9872, 12273, 4316]
>>>> [CONFIG: target(1), prim(inc_tp)]
|10482.65|26106.94| op = [61, 72, 29, 36, 13]| tp = [1, 2, 1, 1, 1, ] | dp = [2, 1, 1, 1, 2, ] | algo = [0, 0, 0, 0, 0, ] | rc = [0, 0, 0, 0, 0] | gpus = [2, 2, 1, 1, 2] | micro_bs = 8 | time = [3135, 10482, 3311, 3270, 3271] | memory = [26106, 22932, 19649, 12273, 4316]
>>>> [CONFIG: target(1), prim(dec_op)]
|4649.86|26539.25| op = [65, 28, 41, 50, 27]| tp = [1, 2, 1, 1, 1, ] | dp = [2, 1, 1, 1, 2, ] | algo = [0, 0, 0, 0, 0, ] | rc = [0, 0, 0, 0, 0] | gpus = [2, 2, 1, 1, 2] | micro_bs = 8 | time = [3212, 3918, 4049, 4649, 3869] | memory = [26539, 9938, 22206, 18454, 5368]
>>>> [CONFIG: target(3), prim(inc_dp)]
|4021.76|26539.25| op = [65, 28, 41, 50, 27]| tp = [1, 1, 1, 1, 1, ] | dp = [2, 1, 1, 2, 2, ] | algo = [0, 0, 0, 0, 0, ] | rc = [0, 0, 0, 0, 0] | gpus = [2, 1, 1, 2, 2] | micro_bs = 8 | time = [3184, 2449, 4021, 2530, 3841] | memory = [26539, 18690, 22206, 9316, 5368]
>>>> [CONFIG: target(2), prim(inc_tp)]
|6262.14|26539.25| op = [65, 28, 41, 50, 27]| tp = [1, 1, 2, 1, 1, ] | dp = [2, 1, 1, 1, 2, ] | algo = [0, 0, 0, 0, 0, ] | rc = [0, 0, 0, 0, 0] | gpus = [2, 1, 2, 1, 2] | micro_bs = 8 | time = [3218, 2483, 6262, 4655, 3875] | memory = [26539, 18690, 11656, 18454, 5368]
>>>> [CONFIG: target(2), prim(dec_tp)]
|4630.13|26539.25| op = [65, 28, 41, 50, 27]| tp = [1, 1, 1, 1, 1, ] | dp = [2, 2, 1, 1, 2, ] | algo = [0, 0, 0, 0, 0, ] | rc = [0, 0, 0, 0, 0] | gpus = [2, 2, 1, 1, 2] | micro_bs = 8 | time = [3192, 1393, 4029, 4630, 3849] | memory = [26539, 9393, 22206, 18454, 5368]
>>>> [CONFIG: target(3), prim(dec_op)]
|3285.45|26539.25| op = [65, 63, 33, 34, 16]| tp = [1, 1, 1, 1, 1, ] | dp = [2, 2, 1, 1, 2, ] | algo = [0, 0, 0, 0, 0, ] | rc = [0, 0, 0, 0, 0] | gpus = [2, 2, 1, 1, 2] | micro_bs = 8 | time = [3185, 3086, 3278, 3285, 3282] | memory = [26539, 21090, 16773, 14389, 4356]

[ Trial 7 ] |3285.45|26539.25| op = [65, 63, 33, 34, 16]| tp = [1, 1, 1, 1, 1, ] | dp = [2, 2, 1, 1, 2, ] | algo = [0, 0, 0, 0, 0, ] | rc = [0, 0, 0, 0, 0] | gpus = [2, 2, 1, 1, 2] | micro_bs = 8 | time = [3185, 3086, 3278, 3285, 3282] | memory = [26539, 21090, 16773, 14389, 4356]
>>>> [CONFIG: target(3), prim(inc_tp)]
|6267.68|26539.25| op = [65, 63, 33, 34, 16]| tp = [1, 1, 1, 2, 1, ] | dp = [2, 2, 1, 1, 1, ] | algo = [0, 0, 0, 0, 0, ] | rc = [0, 0, 0, 0, 0] | gpus = [2, 2, 1, 2, 1] | micro_bs = 8 | time = [3223, 3124, 3316, 5258, 6267] | memory = [26539, 21090, 16773, 7507, 8264]
>>>> [CONFIG: target(4), prim(dec_op)]
|5160.57|26539.25| op = [65, 67, 44, 32, 3]| tp = [1, 1, 1, 2, 1, ] | dp = [2, 2, 1, 1, 1, ] | algo = [0, 0, 0, 0, 0, ] | rc = [0, 0, 0, 0, 0] | gpus = [2, 2, 1, 2, 1] | micro_bs = 8 | time = [3221, 3189, 4371, 4938, 5160] | memory = [26539, 21346, 25710, 5827, 3844]
>>>> [CONFIG: target(4), prim(inc_dp)]
|4334.70|26539.25| op = [65, 67, 44, 32, 3]| tp = [1, 1, 1, 1, 1, ] | dp = [2, 2, 1, 1, 2, ] | algo = [0, 0, 0, 0, 0, ] | rc = [0, 0, 0, 0, 0] | gpus = [2, 2, 1, 1, 2] | micro_bs = 8 | time = [3184, 3152, 4334, 2632, 2692] | memory = [26539, 21346, 25710, 11029, 2120]
>>>> [CONFIG: target(2), prim(inc_tp)]
|6433.98|26539.25| op = [65, 67, 44, 32, 3]| tp = [1, 1, 2, 1, 1, ] | dp = [2, 2, 1, 1, 1, ] | algo = [0, 0, 0, 0, 0, ] | rc = [0, 0, 0, 0, 0] | gpus = [2, 2, 2, 1, 1] | micro_bs = 8 | time = [3219, 3187, 6433, 2668, 5158] | memory = [26539, 21346, 13408, 11029, 3844]
>>>> [CONFIG: target(4), prim(dec_op)]
|5067.79|26539.25| op = [65, 76, 27, 42, 1]| tp = [1, 1, 2, 1, 1, ] | dp = [2, 2, 1, 1, 1, ] | algo = [0, 0, 0, 0, 0, ] | rc = [0, 0, 0, 0, 0] | gpus = [2, 2, 2, 1, 1] | micro_bs = 8 | time = [3211, 3701, 3929, 3688, 5067] | memory = [26539, 25074, 7809, 14833, 3666]
>>>> [CONFIG: target(4), prim(inc_dp)]
|3671.75|26539.25| op = [65, 76, 27, 42, 1]| tp = [1, 1, 1, 1, 1, ] | dp = [2, 2, 1, 1, 2, ] | algo = [0, 0, 0, 0, 0, ] | rc = [0, 0, 0, 0, 0] | gpus = [2, 2, 1, 1, 2] | micro_bs = 8 | time = [3181, 3671, 2501, 3658, 2621] | memory = [26539, 25074, 14897, 14833, 2058]
>>>> [CONFIG: target(1), prim(dec_op)]
|3248.28|26539.25| op = [65, 68, 33, 33, 12]| tp = [1, 1, 1, 1, 1, ] | dp = [2, 2, 1, 1, 2, ] | algo = [0, 0, 0, 0, 0, ] | rc = [0, 0, 0, 0, 0] | gpus = [2, 2, 1, 1, 2] | micro_bs = 8 | time = [3184, 3206, 3237, 3122, 3248] | memory = [26539, 21454, 19869, 12125, 4056]

[ Trial 8 ] |3248.28|26539.25| op = [65, 68, 33, 33, 12]| tp = [1, 1, 1, 1, 1, ] | dp = [2, 2, 1, 1, 2, ] | algo = [0, 0, 0, 0, 0, ] | rc = [0, 0, 0, 0, 0] | gpus = [2, 2, 1, 1, 2] | micro_bs = 8 | time = [3184, 3206, 3237, 3122, 3248] | memory = [26539, 21454, 19869, 12125, 4056]
>>>> [CONFIG: target(4), prim(inc_dp)]
|6761.35|24774.56| op = [65, 68, 33, 33, 12]| tp = [1, 1, 1, 1, 1, ] | dp = [1, 1, 1, 1, 4, ] | algo = [0, 0, 0, 0, 0, ] | rc = [10, 10, 0, 0, 0] | gpus = [1, 1, 1, 1, 4] | micro_bs = 8 | time = [6707, 6761, 3280, 3166, 1842] | memory = [24774, 20769, 19869, 12125, 2240]
>>>> [CONFIG: target(1), prim(inc_dp)]
|6680.60|24774.56| op = [65, 68, 33, 33, 12]| tp = [1, 1, 1, 1, 1, ] | dp = [1, 2, 1, 2, 2, ] | algo = [0, 0, 0, 0, 0, ] | rc = [10, 0, 0, 0, 0] | gpus = [1, 2, 1, 2, 2] | micro_bs = 8 | time = [6680, 3222, 3253, 1751, 3264] | memory = [24774, 21454, 19869, 6132, 4056]
>>>> [CONFIG: target(0), prim(dec_op)]
|4499.94|25267.47| op = [42, 91, 33, 33, 12]| tp = [1, 1, 1, 1, 1, ] | dp = [1, 2, 1, 2, 2, ] | algo = [0, 0, 0, 0, 0, ] | rc = [4, 4, 0, 0, 0] | gpus = [1, 2, 1, 2, 2] | micro_bs = 8 | time = [4093, 4499, 3243, 1741, 3254] | memory = [22728, 25267, 19869, 6132, 4056]
>>>> [CONFIG: target(1), prim(dec_op)]
|3290.76|25767.43| op = [31, 64, 31, 71, 14]| tp = [1, 1, 1, 1, 1, ] | dp = [1, 2, 1, 2, 2, ] | algo = [0, 0, 0, 0, 0, ] | rc = [0, 0, 0, 0, 0] | gpus = [1, 2, 1, 2, 2] | micro_bs = 8 | time = [3243, 3290, 3277, 3254, 3254] | memory = [25767, 22290, 19725, 11609, 4336]
>>>> [CONFIG: target(1), prim(dec_dp)]
|6930.16|22453.00| op = [31, 64, 31, 71, 14]| tp = [1, 1, 1, 1, 1, ] | dp = [2, 1, 1, 2, 2, ] | algo = [0, 0, 0, 0, 0, ] | rc = [0, 10, 0, 0, 0] | gpus = [2, 1, 1, 2, 2] | micro_bs = 8 | time = [1823, 6930, 3295, 3271, 3271] | memory = [13145, 22453, 19725, 11609, 4336]
>>>> [CONFIG: target(1), prim(dec_op)]
|3400.33|25962.94| op = [58, 32, 36, 71, 14]| tp = [1, 1, 1, 1, 1, ] | dp = [2, 1, 1, 2, 2, ] | algo = [0, 0, 0, 0, 0, ] | rc = [0, 0, 0, 0, 0] | gpus = [2, 1, 1, 2, 2] | micro_bs = 8 | time = [3093, 3042, 3400, 3252, 3252] | memory = [25962, 21398, 20209, 11609, 4336]
>>>> [CONFIG: target(2), prim(dec_op)]
|3248.58|26002.94| op = [59, 35, 32, 71, 14]| tp = [1, 1, 1, 1, 1, ] | dp = [2, 1, 1, 2, 2, ] | algo = [0, 0, 0, 0, 0, ] | rc = [0, 0, 0, 0, 0] | gpus = [2, 1, 1, 2, 2] | micro_bs = 8 | time = [3048, 2774, 3197, 3248, 3248] | memory = [26002, 19731, 19821, 11609, 4336]

[ Trial 9 ] |3248.58|26002.94| op = [59, 35, 32, 71, 14]| tp = [1, 1, 1, 1, 1, ] | dp = [2, 1, 1, 2, 2, ] | algo = [0, 0, 0, 0, 0, ] | rc = [0, 0, 0, 0, 0] | gpus = [2, 1, 1, 2, 2] | micro_bs = 8 | time = [3048, 2774, 3197, 3248, 3248] | memory = [26002, 19731, 19821, 11609, 4336]
>>>> [CONFIG: target(0), prim(inc_dp)]
|6213.90|22947.00| op = [59, 35, 32, 71, 14]| tp = [1, 1, 1, 1, 1, ] | dp = [4, 1, 1, 1, 1, ] | algo = [0, 0, 0, 0, 0, ] | rc = [0, 0, 0, 0, 0] | gpus = [4, 1, 1, 1, 1] | micro_bs = 8 | time = [2066, 2811, 3234, 5974, 6213] | memory = [13311, 19731, 19821, 22947, 8224]
>>>> [CONFIG: target(4), prim(dec_op)]
|5149.29|25614.50| op = [78, 33, 39, 58, 3]| tp = [1, 1, 1, 1, 1, ] | dp = [4, 1, 1, 1, 1, ] | algo = [0, 0, 0, 0, 0, ] | rc = [0, 0, 0, 0, 0] | gpus = [4, 1, 1, 1, 1] | micro_bs = 8 | time = [2539, 3302, 3533, 4868, 5149] | memory = [16105, 25614, 20514, 18998, 3844]
>>>> [CONFIG: target(4), prim(dec_op)]
|5066.10|25614.50| op = [78, 33, 39, 60, 1]| tp = [1, 1, 1, 1, 1, ] | dp = [4, 1, 1, 1, 1, ] | algo = [0, 0, 0, 0, 0, ] | rc = [0, 0, 0, 0, 0] | gpus = [4, 1, 1, 1, 1] | micro_bs = 8 | time = [2538, 3302, 3532, 4934, 5066] | memory = [16105, 25614, 20514, 19110, 3666]
>>>> [CONFIG: target(4), prim(inc_dp)]
|4916.26|23443.87| op = [78, 33, 39, 60, 1]| tp = [1, 1, 1, 1, 1, ] | dp = [2, 2, 1, 1, 2, ] | algo = [0, 0, 0, 0, 0, ] | rc = [6, 0, 0, 0, 0] | gpus = [2, 2, 1, 1, 2] | micro_bs = 8 | time = [4044, 1819, 3514, 4916, 2631] | memory = [23443, 12861, 20514, 19110, 2058]
>>>> [CONFIG: target(3), prim(dec_op)]
|3662.71|26147.25| op = [62, 66, 40, 42, 1]| tp = [1, 1, 1, 1, 1, ] | dp = [2, 2, 1, 1, 2, ] | algo = [0, 0, 0, 0, 0, ] | rc = [0, 0, 0, 0, 0] | gpus = [2, 2, 1, 1, 2] | micro_bs = 8 | time = [3098, 3173, 3610, 3662, 2625] | memory = [26147, 21410, 20850, 14833, 2058]
>>>> [CONFIG: target(3), prim(dec_op)]
|3611.41|26147.25| op = [62, 66, 40, 32, 11]| tp = [1, 1, 1, 1, 1, ] | dp = [2, 2, 1, 1, 2, ] | algo = [0, 0, 0, 0, 0, ] | rc = [0, 0, 0, 0, 0] | gpus = [2, 2, 1, 1, 2] | micro_bs = 8 | time = [3099, 3174, 3611, 3238, 3155] | memory = [26147, 21410, 20850, 11949, 4056]
>>>> [CONFIG: target(2), prim(dec_op)]
|3248.28|26539.25| op = [65, 68, 30, 36, 12]| tp = [1, 1, 1, 1, 1, ] | dp = [2, 2, 1, 1, 2, ] | algo = [0, 0, 0, 0, 0, ] | rc = [0, 0, 0, 0, 0] | gpus = [2, 2, 1, 1, 2] | micro_bs = 8 | time = [3184, 3206, 3165, 3194, 3248] | memory = [26539, 21454, 19697, 12241, 4056]

[ Trial 10 ] |3248.28|26539.25| op = [65, 68, 30, 36, 12]| tp = [1, 1, 1, 1, 1, ] | dp = [2, 2, 1, 1, 2, ] | algo = [0, 0, 0, 0, 0, ] | rc = [0, 0, 0, 0, 0] | gpus = [2, 2, 1, 1, 2] | micro_bs = 8 | time = [3184, 3206, 3165, 3194, 3248] | memory = [26539, 21454, 19697, 12241, 4056]
>>>> [CONFIG: target(4), prim(inc_dp)]
|6761.35|24774.56| op = [65, 68, 30, 36, 12]| tp = [1, 1, 1, 1, 1, ] | dp = [1, 1, 1, 1, 4, ] | algo = [0, 0, 0, 0, 0, ] | rc = [10, 10, 0, 0, 0] | gpus = [1, 1, 1, 1, 4] | micro_bs = 8 | time = [6707, 6761, 3209, 3237, 1842] | memory = [24774, 20769, 19697, 12241, 2240]
>>>> [CONFIG: target(1), prim(inc_tp)]
|9787.25|24774.56| op = [65, 68, 30, 36, 12]| tp = [1, 2, 1, 1, 1, ] | dp = [1, 1, 2, 1, 2, ] | algo = [0, 0, 0, 0, 0, ] | rc = [10, 0, 0, 0, 0] | gpus = [1, 2, 2, 1, 2] | micro_bs = 8 | time = [6731, 9787, 1813, 3261, 3315] | memory = [24774, 22595, 9896, 12241, 4056]
>>>> [CONFIG: target(1), prim(dec_op)]
|4260.76|22728.68| op = [42, 30, 81, 44, 14]| tp = [1, 2, 1, 1, 1, ] | dp = [1, 1, 2, 1, 2, ] | algo = [0, 0, 0, 0, 0, ] | rc = [4, 0, 0, 0, 0] | gpus = [1, 2, 2, 1, 2] | micro_bs = 8 | time = [4111, 4260, 3781, 3737, 3275] | memory = [22728, 13170, 19418, 14977, 4336]
>>>> [CONFIG: target(1), prim(inc_dp)]
|7985.09|22728.68| op = [42, 30, 81, 44, 14]| tp = [1, 2, 1, 1, 1, ] | dp = [1, 2, 1, 1, 1, ] | algo = [0, 0, 0, 0, 0, ] | rc = [4, 0, 12, 0, 0] | gpus = [1, 4, 1, 1, 1] | micro_bs = 8 | time = [4152, 2516, 7985, 3779, 6247] | memory = [22728, 6608, 18960, 14977, 8224]
>>>> [CONFIG: target(2), prim(dec_op)]
|5096.68|26639.38| op = [42, 56, 55, 57, 1]| tp = [1, 2, 1, 1, 1, ] | dp = [1, 2, 1, 1, 1, ] | algo = [0, 0, 0, 0, 0, ] | rc = [4, 0, 0, 0, 0] | gpus = [1, 4, 1, 1, 1] | micro_bs = 8 | time = [4143, 4538, 4739, 4893, 5096] | memory = [22728, 10817, 26639, 18994, 3666]
>>>> [CONFIG: target(4), prim(inc_dp)]
|4846.92|26639.38| op = [42, 56, 55, 57, 1]| tp = [1, 1, 1, 1, 1, ] | dp = [2, 2, 1, 1, 2, ] | algo = [0, 0, 0, 0, 0, ] | rc = [0, 0, 0, 0, 0] | gpus = [2, 2, 1, 1, 2] | micro_bs = 8 | time = [2098, 2933, 4692, 4846, 2633] | memory = [16834, 20705, 26639, 18994, 2058]
>>>> [CONFIG: target(3), prim(dec_op)]
|3211.11|26539.25| op = [65, 68, 30, 35, 13]| tp = [1, 1, 1, 1, 1, ] | dp = [2, 2, 1, 1, 2, ] | algo = [0, 0, 0, 0, 0, ] | rc = [0, 0, 0, 0, 0] | gpus = [2, 2, 1, 1, 2] | micro_bs = 8 | time = [3180, 3202, 3162, 2775, 3211] | memory = [26539, 21454, 19697, 11217, 4316]

num_targets: [1, 1, 1, 1, 1, 1, 1, 1, 1]
num_hops: [1, 1, 2, 3, 1, 4, 7, 7, 7]
search time = 200.00 s.  [0, 1, 2, 3, 4, 5, 6, 9, 18, 47, 81, 90, 116, 158, 196, 210, 211, 212, 213, 214, 215, 216, 217, 218, 219, 220, 221, 222, 223, 224, 225, 226, 227, 228, 229, 230, 231, 232, 233, 234, 235, 236, 237, 238, 239, 240, 241, 242, 243, 244, 245, 246, 247, 248] 
num_explored_cases = 60249
time trend: [12381, 10235, 5256, 4908, 4210, 3806, 3306, 3285, 3248, 3248, 3248, 3211, 3211, 3248, 3235, 3235, 3249, 3251, 3251, 3251, 3252, 3256, 3256, 3256, 3256, 3260, 3264, 3274, 3277, 3284, 3284, 3285, 3285, 3285, 3285, 3285, 3285, 3292, 3301, 3302, 3308, 3308, 3308, 3311, 3312, 3320, 3327, 3327, 3330, 3332, 3332, 3338, 3338, 3338]

working on num_stages = 6
config has been saved to /home/liminglong.lml/sxz/SuperScaler/logs-large/aceso/configs/scale-layer/16layers/scale-layer_16layers_6stages_2026-5-16-3-5-58.json

========== Best Result (num_stages = 6) ==========
|3328.88|26695.41| op = [23, 70, 34, 34, 35, 15]| tp = [1, 1, 1, 1, 1, 1, ] | dp = [1, 2, 1, 1, 1, 2, ] | algo = [0, 0, 0, 0, 0, 0, ] | rc = [0, 0, 0, 0, 0, 0] | gpus = [1, 2, 1, 1, 1, 2] | micro_bs = 8 | time = [2356, 3260, 3322, 3328, 3316, 3285] | memory = [25795, 26695, 25682, 16837, 14437, 4336]
[stage 0 recompute_ops] 
stage 0: 
[stage 1 recompute_ops] 
stage 1: 
[stage 2 recompute_ops] 
stage 2: 
[stage 3 recompute_ops] 
stage 3: 
[stage 4 recompute_ops] 
stage 4: 
[stage 5 recompute_ops] 
stage 5: 
[stage 0 algo1] 
[stage 1 algo1] 
[stage 2 algo1] 
[stage 3 algo1] 
[stage 4 algo1] 
[stage 5 algo1] 
start|11318.33|3388.32| op = [35, 35, 35, 35, 35, 36]| tp = [2, 2, 1, 1, 1, 1, ] | dp = [1, 1, 1, 1, 1, 1, ] | algo = [0, 0, 0, 0, 0, 0, ] | rc = [0, 0, 0, 0, 0, 0] | gpus = [2, 2, 1, 1, 1, 1] | micro_bs = 1 | time = [9995, 9888, 6140, 6232, 6376, 11318] | memory = [2700, 1800, 3388, 2589, 1926, 1844]

[ Trial 0 ] |11318.33|3388.32| op = [35, 35, 35, 35, 35, 36]| tp = [2, 2, 1, 1, 1, 1, ] | dp = [1, 1, 1, 1, 1, 1, ] | algo = [0, 0, 0, 0, 0, 0, ] | rc = [0, 0, 0, 0, 0, 0] | gpus = [2, 2, 1, 1, 1, 1] | micro_bs = 1 | time = [9995, 9888, 6140, 6232, 6376, 11318] | memory = [2700, 1800, 3388, 2589, 1926, 1844]
>>>> [CONFIG: target(5), prim(dec_op)]
|8711.41|4368.45| op = [28, 27, 47, 42, 45, 22]| tp = [2, 2, 1, 1, 1, 1, ] | dp = [1, 1, 1, 1, 1, 1, ] | algo = [0, 0, 0, 0, 0, 0, ] | rc = [0, 0, 0, 0, 0, 0] | gpus = [2, 2, 1, 1, 1, 1] | micro_bs = 1 | time = [8109, 8058, 8210, 7060, 7972, 8711] | memory = [2014, 1549, 4368, 2763, 2392, 1484]

[ Trial 1 ] |8711.41|4368.45| op = [28, 27, 47, 42, 45, 22]| tp = [2, 2, 1, 1, 1, 1, ] | dp = [1, 1, 1, 1, 1, 1, ] | algo = [0, 0, 0, 0, 0, 0, ] | rc = [0, 0, 0, 0, 0, 0] | gpus = [2, 2, 1, 1, 1, 1] | micro_bs = 1 | time = [8109, 8058, 8210, 7060, 7972, 8711] | memory = [2014, 1549, 4368, 2763, 2392, 1484]
>>>> [CONFIG: target(5), prim(inc_mbs)]
|7430.49|8572.87| op = [28, 27, 47, 42, 45, 22]| tp = [1, 1, 1, 1, 1, 1, ] | dp = [2, 2, 1, 1, 1, 1, ] | algo = [0, 0, 0, 0, 0, 0, ] | rc = [0, 0, 0, 0, 0, 0] | gpus = [2, 2, 1, 1, 1, 1] | micro_bs = 2 | time = [2641, 2461, 6087, 5100, 5964, 7430] | memory = [3814, 2938, 8572, 5366, 4628, 2488]

[ Trial 2 ] |7430.49|8572.87| op = [28, 27, 47, 42, 45, 22]| tp = [1, 1, 1, 1, 1, 1, ] | dp = [2, 2, 1, 1, 1, 1, ] | algo = [0, 0, 0, 0, 0, 0, ] | rc = [0, 0, 0, 0, 0, 0] | gpus = [2, 2, 1, 1, 1, 1] | micro_bs = 2 | time = [2641, 2461, 6087, 5100, 5964, 7430] | memory = [3814, 2938, 8572, 5366, 4628, 2488]
>>>> [CONFIG: target(5), prim(dec_op)]
|5240.53|6680.72| op = [48, 53, 36, 37, 36, 1]| tp = [1, 1, 1, 1, 1, 1, ] | dp = [2, 2, 1, 1, 1, 1, ] | algo = [0, 0, 0, 0, 0, 0, ] | rc = [0, 0, 0, 0, 0, 0] | gpus = [2, 2, 1, 1, 1, 1] | micro_bs = 2 | time = [4371, 4469, 4686, 4652, 4702, 5240] | memory = [6680, 5452, 6660, 4360, 3724, 1254]

[ Trial 3 ] |5240.53|6680.72| op = [48, 53, 36, 37, 36, 1]| tp = [1, 1, 1, 1, 1, 1, ] | dp = [2, 2, 1, 1, 1, 1, ] | algo = [0, 0, 0, 0, 0, 0, ] | rc = [0, 0, 0, 0, 0, 0] | gpus = [2, 2, 1, 1, 1, 1] | micro_bs = 2 | time = [4371, 4469, 4686, 4652, 4702, 5240] | memory = [6680, 5452, 6660, 4360, 3724, 1254]
>>>> [CONFIG: target(5), prim(inc_mbs)]
|5112.23|13181.24| op = [48, 53, 36, 37, 36, 1]| tp = [1, 1, 1, 1, 1, 1, ] | dp = [2, 2, 1, 1, 1, 1, ] | algo = [0, 0, 0, 0, 0, 0, ] | rc = [0, 0, 0, 0, 0, 0] | gpus = [2, 2, 1, 1, 1, 1] | micro_bs = 4 | time = [3224, 3283, 3656, 3607, 3614, 5112] | memory = [12785, 10713, 13181, 8577, 7316, 2058]

[ Trial 4 ] |5112.23|13181.24| op = [48, 53, 36, 37, 36, 1]| tp = [1, 1, 1, 1, 1, 1, ] | dp = [2, 2, 1, 1, 1, 1, ] | algo = [0, 0, 0, 0, 0, 0, ] | rc = [0, 0, 0, 0, 0, 0] | gpus = [2, 2, 1, 1, 1, 1] | micro_bs = 4 | time = [3224, 3283, 3656, 3607, 3614, 5112] | memory = [12785, 10713, 13181, 8577, 7316, 2058]
>>>> [CONFIG: target(5), prim(inc_dp)]
|4838.26|24994.79| op = [48, 53, 36, 37, 36, 1]| tp = [1, 1, 1, 1, 1, 1, ] | dp = [1, 2, 1, 1, 1, 2, ] | algo = [0, 0, 0, 0, 0, 0, ] | rc = [0, 0, 0, 0, 0, 0] | gpus = [1, 2, 1, 1, 1, 2] | micro_bs = 4 | time = [4838, 3279, 3653, 3603, 3611, 2670] | memory = [24994, 10713, 13181, 8577, 7316, 1254]

[ Trial 5 ] |4838.26|24994.79| op = [48, 53, 36, 37, 36, 1]| tp = [1, 1, 1, 1, 1, 1, ] | dp = [1, 2, 1, 1, 1, 2, ] | algo = [0, 0, 0, 0, 0, 0, ] | rc = [0, 0, 0, 0, 0, 0] | gpus = [1, 2, 1, 1, 1, 2] | micro_bs = 4 | time = [4838, 3279, 3653, 3603, 3611, 2670] | memory = [24994, 10713, 13181, 8577, 7316, 1254]
>>>> [CONFIG: target(0), prim(dec_op)]
|3691.28|19090.42| op = [36, 58, 34, 33, 35, 15]| tp = [1, 1, 1, 1, 1, 1, ] | dp = [1, 2, 1, 1, 1, 2, ] | algo = [0, 0, 0, 0, 0, 0, ] | rc = [0, 0, 0, 0, 0, 0] | gpus = [1, 2, 1, 1, 1, 2] | micro_bs = 4 | time = [3691, 3481, 3532, 3481, 3507, 3539] | memory = [19090, 11047, 12997, 8448, 7284, 2392]

[ Trial 6 ] |3691.28|19090.42| op = [36, 58, 34, 33, 35, 15]| tp = [1, 1, 1, 1, 1, 1, ] | dp = [1, 2, 1, 1, 1, 2, ] | algo = [0, 0, 0, 0, 0, 0, ] | rc = [0, 0, 0, 0, 0, 0] | gpus = [1, 2, 1, 1, 1, 2] | micro_bs = 4 | time = [3691, 3481, 3532, 3481, 3507, 3539] | memory = [19090, 11047, 12997, 8448, 7284, 2392]
>>>> [CONFIG: target(0), prim(inc_mbs)]
|3982.78|25878.50| op = [36, 58, 34, 33, 35, 15]| tp = [1, 1, 1, 1, 1, 1, ] | dp = [1, 2, 1, 1, 1, 2, ] | algo = [0, 0, 0, 0, 0, 0, ] | rc = [6, 0, 0, 0, 0, 0] | gpus = [1, 2, 1, 1, 1, 2] | micro_bs = 8 | time = [3982, 2732, 3357, 3306, 3325, 3293] | memory = [18068, 21858, 25878, 16773, 14437, 4336]
>>>> [CONFIG: target(0), prim(dec_op)]
|3389.10|26203.10| op = [30, 64, 34, 33, 35, 15]| tp = [1, 1, 1, 1, 1, 1, ] | dp = [1, 2, 1, 1, 1, 2, ] | algo = [0, 0, 0, 0, 0, 0, ] | rc = [4, 0, 0, 0, 0, 0] | gpus = [1, 2, 1, 1, 1, 2] | micro_bs = 8 | time = [3389, 3201, 3356, 3305, 3324, 3292] | memory = [24672, 26203, 25878, 16773, 14437, 4336]

[ Trial 7 ] |3389.10|26203.10| op = [30, 64, 34, 33, 35, 15]| tp = [1, 1, 1, 1, 1, 1, ] | dp = [1, 2, 1, 1, 1, 2, ] | algo = [0, 0, 0, 0, 0, 0, ] | rc = [4, 0, 0, 0, 0, 0] | gpus = [1, 2, 1, 1, 1, 2] | micro_bs = 8 | time = [3389, 3201, 3356, 3305, 3324, 3292] | memory = [24672, 26203, 25878, 16773, 14437, 4336]
>>>> [CONFIG: target(0), prim(dec_mbs)]
|4029.68|15414.05| op = [30, 64, 34, 33, 35, 15]| tp = [1, 1, 1, 1, 1, 1, ] | dp = [1, 2, 1, 1, 1, 2, ] | algo = [0, 0, 0, 0, 0, 0, ] | rc = [0, 0, 0, 0, 0, 0] | gpus = [1, 2, 1, 1, 1, 2] | micro_bs = 4 | time = [3271, 4029, 3532, 3482, 3508, 3539] | memory = [15414, 13221, 12997, 8448, 7284, 2392]
>>>> [CONFIG: target(1), prim(dec_dp)]
|6213.39|26203.10| op = [30, 64, 34, 33, 35, 15]| tp = [1, 1, 1, 1, 1, 1, ] | dp = [2, 1, 1, 1, 1, 2, ] | algo = [0, 0, 0, 0, 0, 0, ] | rc = [0, 0, 0, 0, 0, 0] | gpus = [2, 1, 1, 1, 1, 2] | micro_bs = 4 | time = [2187, 6213, 3537, 3486, 3512, 3543] | memory = [7969, 26203, 12997, 8448, 7284, 2392]
>>>> [CONFIG: target(1), prim(dec_op)]
|4617.47|18354.48| op = [45, 49, 34, 33, 35, 15]| tp = [1, 1, 1, 1, 1, 1, ] | dp = [2, 1, 1, 1, 1, 2, ] | algo = [0, 0, 0, 0, 0, 0, ] | rc = [0, 0, 0, 0, 0, 0] | gpus = [2, 1, 1, 1, 1, 2] | micro_bs = 4 | time = [3162, 4617, 3534, 3483, 3510, 3541] | memory = [12697, 18354, 12997, 8448, 7284, 2392]
>>>> [CONFIG: target(1), prim(dec_op)]
|4109.96|16890.48| op = [48, 46, 34, 33, 35, 15]| tp = [1, 1, 1, 1, 1, 1, ] | dp = [2, 1, 1, 1, 1, 2, ] | algo = [0, 0, 0, 0, 0, 0, ] | rc = [0, 0, 0, 0, 0, 0] | gpus = [2, 1, 1, 1, 1, 2] | micro_bs = 4 | time = [3220, 4109, 3532, 3482, 3508, 3539] | memory = [12785, 16890, 12997, 8448, 7284, 2392]
>>>> [CONFIG: target(1), prim(dec_op)]
|3775.22|16345.86| op = [55, 39, 34, 33, 35, 15]| tp = [1, 1, 1, 1, 1, 1, ] | dp = [2, 1, 1, 1, 1, 2, ] | algo = [0, 0, 0, 0, 0, 0, ] | rc = [0, 0, 0, 0, 0, 0] | gpus = [2, 1, 1, 1, 1, 2] | micro_bs = 4 | time = [3476, 3775, 3532, 3481, 3508, 3539] | memory = [13201, 16345, 12997, 8448, 7284, 2392]
>>>> [CONFIG: target(1), prim(inc_mbs)]
|3912.24|25878.50| op = [55, 39, 34, 33, 35, 15]| tp = [1, 1, 1, 1, 1, 1, ] | dp = [2, 1, 1, 1, 1, 2, ] | algo = [0, 0, 0, 0, 0, 0, ] | rc = [0, 4, 0, 0, 0, 0] | gpus = [2, 1, 1, 1, 1, 2] | micro_bs = 8 | time = [2706, 3912, 3357, 3305, 3324, 3292] | memory = [25783, 22179, 25878, 16773, 14437, 4336]
>>>> [CONFIG: target(1), prim(dec_op)]
|3352.84|25878.50| op = [59, 35, 34, 33, 35, 15]| tp = [1, 1, 1, 1, 1, 1, ] | dp = [2, 1, 1, 1, 1, 2, ] | algo = [0, 0, 0, 0, 0, 0, ] | rc = [4, 0, 0, 0, 0, 0] | gpus = [2, 1, 1, 1, 1, 2] | micro_bs = 8 | time = [3252, 2802, 3352, 3301, 3320, 3288] | memory = [24487, 23987, 25878, 16773, 14437, 4336]

[ Trial 8 ] |3352.84|25878.50| op = [59, 35, 34, 33, 35, 15]| tp = [1, 1, 1, 1, 1, 1, ] | dp = [2, 1, 1, 1, 1, 2, ] | algo = [0, 0, 0, 0, 0, 0, ] | rc = [4, 0, 0, 0, 0, 0] | gpus = [2, 1, 1, 1, 1, 2] | micro_bs = 8 | time = [3252, 2802, 3352, 3301, 3320, 3288] | memory = [24487, 23987, 25878, 16773, 14437, 4336]
>>>> [CONFIG: target(2), prim(inc_dp)]
|6235.91|24487.53| op = [59, 35, 34, 33, 35, 15]| tp = [1, 1, 1, 1, 1, 1, ] | dp = [2, 1, 2, 1, 1, 1, ] | algo = [0, 0, 0, 0, 0, 0, ] | rc = [4, 0, 0, 0, 0, 0] | gpus = [2, 1, 2, 1, 1, 1] | micro_bs = 8 | time = [3263, 2814, 1875, 3313, 3331, 6235] | memory = [24487, 23987, 12997, 16773, 14437, 8224]
>>>> [CONFIG: target(5), prim(inc_tp)]
|4867.61|25878.50| op = [59, 35, 34, 33, 35, 15]| tp = [1, 1, 1, 1, 1, 2, ] | dp = [2, 1, 1, 1, 1, 1, ] | algo = [0, 0, 0, 0, 0, 0, ] | rc = [4, 0, 0, 0, 0, 0] | gpus = [2, 1, 1, 1, 1, 2] | micro_bs = 8 | time = [3264, 2814, 3365, 3313, 3332, 4867] | memory = [24487, 23987, 25878, 16773, 14437, 4192]
>>>> [CONFIG: target(5), prim(dec_op)]
|4001.19|26214.50| op = [59, 35, 36, 32, 41, 8]| tp = [1, 1, 1, 1, 1, 2, ] | dp = [2, 1, 1, 1, 1, 1, ] | algo = [0, 0, 0, 0, 0, 0, ] | rc = [4, 0, 0, 0, 0, 0] | gpus = [2, 1, 1, 1, 1, 2] | micro_bs = 8 | time = [3262, 2813, 3430, 3400, 4001, 3802] | memory = [24487, 23987, 26214, 19829, 15669, 2288]
>>>> [CONFIG: target(4), prim(dec_op)]
|3798.48|26214.50| op = [59, 35, 36, 34, 39, 8]| tp = [1, 1, 1, 1, 1, 2, ] | dp = [2, 1, 1, 1, 1, 1, ] | algo = [0, 0, 0, 0, 0, 0, ] | rc = [4, 0, 0, 0, 0, 0] | gpus = [2, 1, 1, 1, 1, 2] | micro_bs = 8 | time = [3258, 2808, 3426, 3331, 3537, 3798] | memory = [24487, 23987, 26214, 19929, 14577, 2288]
>>>> [CONFIG: target(5), prim(dec_mbs)]
|3920.76|15721.77| op = [59, 35, 36, 34, 39, 8]| tp = [1, 1, 1, 1, 1, 1, ] | dp = [2, 1, 1, 1, 1, 2, ] | algo = [0, 0, 0, 0, 0, 0, ] | rc = [0, 0, 0, 0, 0, 0] | gpus = [2, 1, 1, 1, 1, 2] | micro_bs = 4 | time = [3920, 2989, 3605, 3506, 3740, 2955] | memory = [15721, 12065, 13173, 10020, 7360, 1428]
>>>> [CONFIG: target(0), prim(dec_op)]
|3921.64|15721.77| op = [59, 35, 36, 34, 36, 11]| tp = [1, 1, 1, 1, 1, 1, ] | dp = [2, 1, 1, 1, 1, 2, ] | algo = [0, 0, 0, 0, 0, 0, ] | rc = [0, 0, 0, 0, 0, 0] | gpus = [2, 1, 1, 1, 1, 2] | micro_bs = 4 | time = [3921, 2990, 3606, 3507, 3570, 3351] | memory = [15721, 12065, 13173, 10020, 6172, 2240]
>>>> [CONFIG: target(0), prim(inc_mbs)]
|3420.45|26214.50| op = [59, 35, 36, 34, 36, 11]| tp = [1, 1, 1, 1, 1, 1, ] | dp = [2, 1, 1, 1, 1, 2, ] | algo = [0, 0, 0, 0, 0, 0, ] | rc = [4, 0, 0, 0, 0, 0] | gpus = [2, 1, 1, 1, 1, 2] | micro_bs = 8 | time = [3252, 2802, 3420, 3325, 3379, 3178] | memory = [24487, 23987, 26214, 19929, 12205, 4056]

[ Trial 9 ] |3420.45|26214.50| op = [59, 35, 36, 34, 36, 11]| tp = [1, 1, 1, 1, 1, 1, ] | dp = [2, 1, 1, 1, 1, 2, ] | algo = [0, 0, 0, 0, 0, 0, ] | rc = [4, 0, 0, 0, 0, 0] | gpus = [2, 1, 1, 1, 1, 2] | micro_bs = 8 | time = [3252, 2802, 3420, 3325, 3379, 3178] | memory = [24487, 23987, 26214, 19929, 12205, 4056]
>>>> [CONFIG: target(0), prim(dec_dp)]
|6627.58|26214.50| op = [59, 35, 36, 34, 36, 11]| tp = [1, 1, 1, 1, 1, 1, ] | dp = [1, 2, 1, 1, 1, 2, ] | algo = [0, 0, 0, 0, 0, 0, ] | rc = [12, 0, 0, 0, 0, 0] | gpus = [1, 2, 1, 1, 1, 2] | micro_bs = 8 | time = [6627, 1611, 3437, 3342, 3396, 3195] | memory = [25059, 12065, 26214, 19929, 12205, 4056]
>>>> [CONFIG: target(0), prim(inc_tp)]
|8987.02|26214.50| op = [59, 35, 36, 34, 36, 11]| tp = [2, 1, 1, 1, 1, 1, ] | dp = [1, 1, 1, 1, 1, 2, ] | algo = [0, 0, 0, 0, 0, 0, ] | rc = [6, 0, 0, 0, 0, 0] | gpus = [2, 1, 1, 1, 1, 2] | micro_bs = 8 | time = [8987, 2847, 3465, 3370, 3424, 3223] | memory = [22197, 23987, 26214, 19929, 12205, 4056]
>>>> [CONFIG: target(0), prim(dec_op)]
|4033.68|23967.50| op = [25, 37, 45, 39, 39, 26]| tp = [2, 1, 1, 1, 1, 1, ] | dp = [1, 1, 1, 1, 1, 2, ] | algo = [0, 0, 0, 0, 0, 0, ] | rc = [0, 4, 2, 0, 0, 0] | gpus = [2, 1, 1, 1, 1, 2] | micro_bs = 8 | time = [3968, 3828, 4033, 3592, 3592, 3854] | memory = [13924, 21603, 23967, 20610, 14641, 5348]
>>>> [CONFIG: target(2), prim(dec_op)]
|3897.40|23699.00| op = [23, 39, 43, 41, 39, 26]| tp = [2, 1, 1, 1, 1, 1, ] | dp = [1, 1, 1, 1, 1, 2, ] | algo = [0, 0, 0, 0, 0, 0, ] | rc = [0, 4, 2, 0, 0, 0] | gpus = [2, 1, 1, 1, 1, 2] | micro_bs = 8 | time = [3591, 3897, 3896, 3673, 3589, 3851] | memory = [13532, 22019, 23699, 20670, 14641, 5348]
>>>> [CONFIG: target(1), prim(dec_op)]
|3895.78|26451.00| op = [23, 39, 39, 43, 41, 26]| tp = [2, 1, 1, 1, 1, 1, ] | dp = [1, 1, 1, 1, 1, 2, ] | algo = [0, 0, 0, 0, 0, 0, ] | rc = [0, 4, 0, 0, 0, 0] | gpus = [2, 1, 1, 1, 1, 2] | micro_bs = 8 | time = [3590, 3895, 3553, 3724, 3671, 3850] | memory = [13532, 22019, 26451, 21050, 14685, 5348]
>>>> [CONFIG: target(1), prim(inc_dp)]
|3825.72|26451.00| op = [23, 39, 39, 43, 41, 26]| tp = [1, 1, 1, 1, 1, 1, ] | dp = [1, 2, 1, 1, 1, 2, ] | algo = [0, 0, 0, 0, 0, 0, ] | rc = [0, 0, 0, 0, 0, 0] | gpus = [1, 2, 1, 1, 1, 2] | micro_bs = 8 | time = [2357, 1966, 3529, 3699, 3646, 3825] | memory = [25795, 16265, 26451, 21050, 14685, 5348]
>>>> [CONFIG: target(5), prim(dec_op)]
|3328.92|26695.41| op = [23, 70, 34, 34, 34, 16]| tp = [1, 1, 1, 1, 1, 1, ] | dp = [1, 2, 1, 1, 1, 2, ] | algo = [0, 0, 0, 0, 0, 0, ] | rc = [0, 0, 0, 0, 0, 0] | gpus = [1, 2, 1, 1, 1, 2] | micro_bs = 8 | time = [2356, 3260, 3322, 3328, 3305, 3302] | memory = [25795, 26695, 25682, 16837, 14389, 4356]

[ Trial 10 ] |3328.92|26695.41| op = [23, 70, 34, 34, 34, 16]| tp = [1, 1, 1, 1, 1, 1, ] | dp = [1, 2, 1, 1, 1, 2, ] | algo = [0, 0, 0, 0, 0, 0, ] | rc = [0, 0, 0, 0, 0, 0] | gpus = [1, 2, 1, 1, 1, 2] | micro_bs = 8 | time = [2356, 3260, 3322, 3328, 3305, 3302] | memory = [25795, 26695, 25682, 16837, 14389, 4356]
>>>> [CONFIG: target(3), prim(inc_tp)]
|6287.41|26695.41| op = [23, 70, 34, 34, 34, 16]| tp = [1, 1, 1, 2, 1, 1, ] | dp = [1, 2, 1, 1, 1, 1, ] | algo = [0, 0, 0, 0, 0, 0, ] | rc = [0, 0, 0, 0, 0, 0] | gpus = [1, 2, 1, 2, 1, 1] | micro_bs = 8 | time = [2394, 3298, 3360, 5290, 3343, 6287] | memory = [25795, 26695, 25682, 8887, 14389, 8264]
>>>> [CONFIG: target(5), prim(dec_op)]
|5097.70|26695.41| op = [23, 70, 35, 33, 49, 1]| tp = [1, 1, 1, 2, 1, 1, ] | dp = [1, 2, 1, 1, 1, 1, ] | algo = [0, 0, 0, 0, 0, 0, ] | rc = [0, 0, 0, 0, 0, 0] | gpus = [1, 2, 1, 2, 1, 1] | micro_bs = 8 | time = [2392, 3296, 3450, 4974, 4513, 5097] | memory = [25795, 26695, 25954, 8831, 18486, 3666]
>>>> [CONFIG: target(5), prim(inc_dp)]
|4481.34|26695.41| op = [23, 70, 35, 33, 49, 1]| tp = [1, 1, 1, 1, 1, 1, ] | dp = [1, 2, 1, 1, 1, 2, ] | algo = [0, 0, 0, 0, 0, 0, ] | rc = [0, 0, 0, 0, 0, 0] | gpus = [1, 2, 1, 1, 1, 2] | micro_bs = 8 | time = [2360, 3264, 3418, 3302, 4481, 2649] | memory = [25795, 26695, 25954, 16773, 18486, 2058]
>>>> [CONFIG: target(4), prim(inc_tp)]
|7174.86|26695.41| op = [23, 70, 35, 33, 49, 1]| tp = [1, 1, 1, 1, 2, 1, ] | dp = [1, 2, 1, 1, 1, 1, ] | algo = [0, 0, 0, 0, 0, 0, ] | rc = [0, 0, 0, 0, 0, 0] | gpus = [1, 2, 1, 1, 2, 1] | micro_bs = 8 | time = [2400, 3304, 3458, 3342, 7174, 5105] | memory = [25795, 26695, 25954, 16773, 9724, 3666]
>>>> [CONFIG: target(4), prim(dec_op)]
|5094.19|26695.41| op = [23, 70, 40, 47, 30, 1]| tp = [1, 1, 1, 1, 2, 1, ] | dp = [1, 2, 1, 1, 1, 1, ] | algo = [0, 0, 0, 0, 0, 0, ] | rc = [0, 0, 0, 0, 0, 0] | gpus = [1, 2, 1, 1, 2, 1] | micro_bs = 8 | time = [2389, 3293, 3659, 4487, 4334, 5094] | memory = [25795, 26695, 26655, 26030, 5801, 3666]
>>>> [CONFIG: target(5), prim(inc_dp)]
|4454.94|26695.41| op = [23, 70, 40, 47, 30, 1]| tp = [1, 1, 1, 1, 1, 1, ] | dp = [1, 2, 1, 1, 1, 2, ] | algo = [0, 0, 0, 0, 0, 0, ] | rc = [0, 0, 0, 0, 0, 0] | gpus = [1, 2, 1, 1, 1, 2] | micro_bs = 8 | time = [2357, 3260, 3627, 4454, 2619, 2645] | memory = [25795, 26695, 26655, 26030, 10977, 2058]
>>>> [CONFIG: target(3), prim(dec_op)]
|3328.88|26695.41| op = [23, 70, 34, 34, 35, 15]| tp = [1, 1, 1, 1, 1, 1, ] | dp = [1, 2, 1, 1, 1, 2, ] | algo = [0, 0, 0, 0, 0, 0, ] | rc = [0, 0, 0, 0, 0, 0] | gpus = [1, 2, 1, 1, 1, 2] | micro_bs = 8 | time = [2356, 3260, 3322, 3328, 3316, 3285] | memory = [25795, 26695, 25682, 16837, 14437, 4336]

num_targets: [1, 1, 1, 1, 1, 1, 1, 1, 4, 1]
num_hops: [1, 1, 1, 1, 1, 1, 2, 7, 7, 7]
search time = 199.99 s.  [0, 1, 2, 3, 4, 5, 6, 7, 8, 20, 32, 37, 53, 65, 78, 86, 96, 108, 121, 140, 152, 164, 165, 180, 196, 212, 219, 220, 221, 222, 223, 224, 225, 226, 227, 228, 229, 230, 231, 232, 233, 234, 235, 236, 237, 238, 239, 240, 241, 242, 243, 244, 245, 246, 247, 248, 249, 250, 251, 252, 253, 254, 255, 256, 257, 258, 259, 260, 261, 262, 263, 264, 265, 266, 267, 268, 269, 270, 271, 272, 273, 274, 275, 276, 277, 278, 279, 280, 281, 282, 283, 284, 285, 286, 287, 288, 289, 290, 291, 292, 293] 
num_explored_cases = 63948
time trend: [11318, 8711, 7430, 5240, 5112, 4838, 3691, 3389, 3352, 3352, 3328, 3328, 3328, 3331, 3331, 3355, 3375, 3355, 3389, 3335, 3335, 3331, 3335, 3350, 3354, 3331, 3331, 3379, 3388, 3415, 3415, 3416, 3417, 3418, 3419, 3430, 3430, 3431, 3431, 3432, 3432, 3432, 3452, 3452, 3453, 3454, 3454, 3458, 3458, 3458, 3459, 3462, 3462, 3463, 3463, 3465, 3465, 3467, 3467, 3470, 3471, 3472, 3472, 3476, 3477, 3477, 3481, 3483, 3483, 3484, 3487, 3492, 3495, 3497, 3503, 3504, 3505, 3505, 3507, 3507, 3511, 3511, 3511, 3512, 3513, 3517, 3525, 3526, 3527, 3529, 3529, 3530, 3533, 3534, 3534, 3534, 3534, 3534, 3535, 3536, 3537]

working on num_stages = 7
config has been saved to /home/liminglong.lml/sxz/SuperScaler/logs-large/aceso/configs/scale-layer/16layers/scale-layer_16layers_7stages_2026-5-16-3-5-58.json

========== Best Result (num_stages = 7) ==========
|3448.93|24344.81| op = [29, 28, 28, 37, 34, 35, 20]| tp = [1, 1, 1, 1, 1, 1, 1, ] | dp = [1, 1, 1, 1, 1, 1, 2, ] | algo = [0, 0, 0, 0, 0, 0, 0, ] | rc = [2, 4, 4, 0, 0, 0, 0] | gpus = [1, 1, 1, 1, 1, 1, 2] | micro_bs = 8 | time = [2863, 3414, 3448, 3432, 3337, 3365, 3433] | memory = [24344, 21411, 20530, 21779, 20237, 14225, 4460]
[stage 0 recompute_ops] 5,6,
stage 0: enc-attention-dropout, enc-attention-context, 
[stage 1 recompute_ops] 0,1,2,3,
stage 1: enc-attention-score, enc-attention-softmax, enc-attention-dropout, enc-attention-context, 
[stage 2 recompute_ops] 0,1,13,14,
stage 2: enc-attention-dropout, enc-attention-context, enc-attention-dropout, enc-attention-context, 
[stage 3 recompute_ops] 
stage 3: 
[stage 4 recompute_ops] 
stage 4: 
[stage 5 recompute_ops] 
stage 5: 
[stage 6 recompute_ops] 
stage 6: 
[stage 0 algo1] 
[stage 1 algo1] 
[stage 2 algo1] 
[stage 3 algo1] 
[stage 4 algo1] 
[stage 5 algo1] 
[stage 6 algo1] 
start|10374.43|4668.38| op = [30, 30, 30, 30, 30, 30, 31]| tp = [2, 1, 1, 1, 1, 1, 1, ] | dp = [1, 1, 1, 1, 1, 1, 1, ] | algo = [0, 0, 0, 0, 0, 0, 0, ] | rc = [0, 0, 0, 0, 0, 0, 0] | gpus = [2, 1, 1, 1, 1, 1, 1] | micro_bs = 1 | time = [9054, 5725, 5120, 5247, 5591, 5160, 10374] | memory = [2530, 4668, 3017, 2504, 2546, 1458, 1749]

[ Trial 0 ] |10374.43|4668.38| op = [30, 30, 30, 30, 30, 30, 31]| tp = [2, 1, 1, 1, 1, 1, 1, ] | dp = [1, 1, 1, 1, 1, 1, 1, ] | algo = [0, 0, 0, 0, 0, 0, 0, ] | rc = [0, 0, 0, 0, 0, 0, 0] | gpus = [2, 1, 1, 1, 1, 1, 1] | micro_bs = 1 | time = [9054, 5725, 5120, 5247, 5591, 5160, 10374] | memory = [2530, 4668, 3017, 2504, 2546, 1458, 1749]
>>>> [CONFIG: target(6), prim(dec_op)]
|6614.31|4081.40| op = [21, 36, 33, 36, 38, 38, 9]| tp = [2, 1, 1, 1, 1, 1, 1, ] | dp = [1, 1, 1, 1, 1, 1, 1, ] | algo = [0, 0, 0, 0, 0, 0, 0, ] | rc = [0, 0, 0, 0, 0, 0, 0] | gpus = [2, 1, 1, 1, 1, 1, 1] | micro_bs = 1 | time = [6485, 6356, 5997, 6402, 6570, 6596, 6614] | memory = [2123, 4024, 4081, 3368, 2675, 1940, 938]

[ Trial 1 ] |6614.31|4081.40| op = [21, 36, 33, 36, 38, 38, 9]| tp = [2, 1, 1, 1, 1, 1, 1, ] | dp = [1, 1, 1, 1, 1, 1, 1, ] | algo = [0, 0, 0, 0, 0, 0, 0, ] | rc = [0, 0, 0, 0, 0, 0, 0] | gpus = [2, 1, 1, 1, 1, 1, 1] | micro_bs = 1 | time = [6485, 6356, 5997, 6402, 6570, 6596, 6614] | memory = [2123, 4024, 4081, 3368, 2675, 1940, 938]
>>>> [CONFIG: target(6), prim(inc_mbs)]
|5895.83|8046.77| op = [21, 36, 33, 36, 38, 38, 9]| tp = [1, 1, 1, 1, 1, 1, 1, ] | dp = [2, 1, 1, 1, 1, 1, 1, ] | algo = [0, 0, 0, 0, 0, 0, 0, ] | rc = [0, 0, 0, 0, 0, 0, 0] | gpus = [2, 1, 1, 1, 1, 1, 1] | micro_bs = 2 | time = [2256, 4586, 4402, 4738, 4820, 4802, 5895] | memory = [4083, 7909, 8046, 6608, 5206, 3740, 1436]

[ Trial 2 ] |5895.83|8046.77| op = [21, 36, 33, 36, 38, 38, 9]| tp = [1, 1, 1, 1, 1, 1, 1, ] | dp = [2, 1, 1, 1, 1, 1, 1, ] | algo = [0, 0, 0, 0, 0, 0, 0, ] | rc = [0, 0, 0, 0, 0, 0, 0] | gpus = [2, 1, 1, 1, 1, 1, 1] | micro_bs = 2 | time = [2256, 4586, 4402, 4738, 4820, 4802, 5895] | memory = [4083, 7909, 8046, 6608, 5206, 3740, 1436]
>>>> [CONFIG: target(6), prim(inc_dp)]
|4816.98|8046.77| op = [21, 36, 33, 36, 38, 38, 9]| tp = [1, 1, 1, 1, 1, 1, 1, ] | dp = [1, 1, 1, 1, 1, 1, 2, ] | algo = [0, 0, 0, 0, 0, 0, 0, ] | rc = [0, 0, 0, 0, 0, 0, 0] | gpus = [1, 1, 1, 1, 1, 1, 2] | micro_bs = 2 | time = [3213, 4583, 4398, 4734, 4816, 4798, 3339] | memory = [7686, 7909, 8046, 6608, 5206, 3740, 938]

[ Trial 3 ] |4816.98|8046.77| op = [21, 36, 33, 36, 38, 38, 9]| tp = [1, 1, 1, 1, 1, 1, 1, ] | dp = [1, 1, 1, 1, 1, 1, 2, ] | algo = [0, 0, 0, 0, 0, 0, 0, ] | rc = [0, 0, 0, 0, 0, 0, 0] | gpus = [1, 1, 1, 1, 1, 1, 2] | micro_bs = 2 | time = [3213, 4583, 4398, 4734, 4816, 4798, 3339] | memory = [7686, 7909, 8046, 6608, 5206, 3740, 938]
>>>> [CONFIG: target(4), prim(inc_mbs)]
|3719.70|15977.55| op = [21, 36, 33, 36, 38, 38, 9]| tp = [1, 1, 1, 1, 1, 1, 1, ] | dp = [1, 1, 1, 1, 1, 1, 2, ] | algo = [0, 0, 0, 0, 0, 0, 0, ] | rc = [0, 0, 0, 0, 0, 0, 0] | gpus = [1, 1, 1, 1, 1, 1, 2] | micro_bs = 4 | time = [2457, 3579, 3463, 3638, 3717, 3719, 3001] | memory = [14893, 15678, 15977, 13089, 10269, 7340, 1436]

[ Trial 4 ] |3719.70|15977.55| op = [21, 36, 33, 36, 38, 38, 9]| tp = [1, 1, 1, 1, 1, 1, 1, ] | dp = [1, 1, 1, 1, 1, 1, 2, ] | algo = [0, 0, 0, 0, 0, 0, 0, ] | rc = [0, 0, 0, 0, 0, 0, 0] | gpus = [1, 1, 1, 1, 1, 1, 2] | micro_bs = 4 | time = [2457, 3579, 3463, 3638, 3717, 3719, 3001] | memory = [14893, 15678, 15977, 13089, 10269, 7340, 1436]
>>>> [CONFIG: target(5), prim(inc_mbs)]
|3713.10|26050.50| op = [21, 36, 33, 36, 38, 38, 9]| tp = [1, 1, 1, 1, 1, 1, 1, ] | dp = [1, 1, 1, 1, 1, 1, 2, ] | algo = [0, 0, 0, 0, 0, 0, 0, ] | rc = [2, 4, 4, 0, 0, 0, 0] | gpus = [1, 1, 1, 1, 1, 1, 2] | micro_bs = 8 | time = [2511, 3713, 3652, 3452, 3531, 3535, 2876] | memory = [22395, 25584, 21471, 26050, 20394, 14541, 2424]

[ Trial 5 ] |3713.10|26050.50| op = [21, 36, 33, 36, 38, 38, 9]| tp = [1, 1, 1, 1, 1, 1, 1, ] | dp = [1, 1, 1, 1, 1, 1, 2, ] | algo = [0, 0, 0, 0, 0, 0, 0, ] | rc = [2, 4, 4, 0, 0, 0, 0] | gpus = [1, 1, 1, 1, 1, 1, 2] | micro_bs = 8 | time = [2511, 3713, 3652, 3452, 3531, 3535, 2876] | memory = [22395, 25584, 21471, 26050, 20394, 14541, 2424]
>>>> [CONFIG: target(1), prim(inc_dp)]
|5412.16|26050.50| op = [21, 36, 33, 36, 38, 38, 9]| tp = [1, 1, 1, 1, 1, 1, 1, ] | dp = [1, 2, 1, 1, 1, 1, 1, ] | algo = [0, 0, 0, 0, 0, 0, 0, ] | rc = [2, 0, 4, 0, 0, 0, 0] | gpus = [1, 2, 1, 1, 1, 1, 1] | micro_bs = 8 | time = [2517, 1917, 3658, 3458, 3537, 3541, 5412] | memory = [22395, 15678, 21471, 26050, 20394, 14541, 4316]
>>>> [CONFIG: target(6), prim(dec_mbs)]
|5522.61|15977.55| op = [21, 36, 33, 36, 38, 38, 9]| tp = [1, 1, 1, 1, 1, 1, 1, ] | dp = [1, 2, 1, 1, 1, 1, 1, ] | algo = [0, 0, 0, 0, 0, 0, 0, ] | rc = [0, 0, 0, 0, 0, 0, 0] | gpus = [1, 2, 1, 1, 1, 1, 1] | micro_bs = 4 | time = [2462, 2353, 3468, 3643, 3722, 3724, 5522] | memory = [14893, 7909, 15977, 13089, 10269, 7340, 2424]
>>>> [CONFIG: target(6), prim(dec_mbs)]
|5895.02|8046.77| op = [21, 36, 33, 36, 38, 38, 9]| tp = [1, 1, 1, 1, 1, 1, 1, ] | dp = [1, 2, 1, 1, 1, 1, 1, ] | algo = [0, 0, 0, 0, 0, 0, 0, ] | rc = [0, 0, 0, 0, 0, 0, 0] | gpus = [1, 2, 1, 1, 1, 1, 1] | micro_bs = 2 | time = [3215, 3213, 4401, 4737, 4819, 4801, 5895] | memory = [7686, 4024, 8046, 6608, 5206, 3740, 1436]
>>>> [CONFIG: target(6), prim(inc_tp)]
|4908.16|8046.77| op = [21, 36, 33, 36, 38, 38, 9]| tp = [1, 1, 1, 1, 1, 1, 2, ] | dp = [1, 1, 1, 1, 1, 1, 1, ] | algo = [0, 0, 0, 0, 0, 0, 0, ] | rc = [0, 0, 0, 0, 0, 0, 0] | gpus = [1, 1, 1, 1, 1, 1, 2] | micro_bs = 2 | time = [3216, 4586, 4402, 4738, 4820, 4802, 4908] | memory = [7686, 7909, 8046, 6608, 5206, 3740, 740]
>>>> [CONFIG: target(6), prim(dec_op)]
|4728.22|8204.93| op = [21, 36, 37, 37, 36, 36, 8]| tp = [1, 1, 1, 1, 1, 1, 2, ] | dp = [1, 1, 1, 1, 1, 1, 1, ] | algo = [0, 0, 0, 0, 0, 0, 0, ] | rc = [0, 0, 0, 0, 0, 0, 0] | gpus = [1, 1, 1, 1, 1, 1, 2] | micro_bs = 2 | time = [3215, 4586, 4698, 4702, 4726, 4728, 4434] | memory = [7686, 7909, 8204, 6676, 5130, 3708, 736]
>>>> [CONFIG: target(5), prim(inc_mbs)]
|3661.60|16265.86| op = [21, 36, 37, 37, 36, 36, 8]| tp = [1, 1, 1, 1, 1, 1, 1, ] | dp = [1, 1, 1, 1, 1, 1, 2, ] | algo = [0, 0, 0, 0, 0, 0, 0, ] | rc = [0, 0, 0, 0, 0, 0, 0] | gpus = [1, 1, 1, 1, 1, 1, 2] | micro_bs = 4 | time = [2457, 3579, 3661, 3638, 3641, 3661, 2965] | memory = [14893, 15678, 16265, 13221, 10133, 7288, 1428]

[ Trial 6 ] |3661.60|16265.86| op = [21, 36, 37, 37, 36, 36, 8]| tp = [1, 1, 1, 1, 1, 1, 1, ] | dp = [1, 1, 1, 1, 1, 1, 2, ] | algo = [0, 0, 0, 0, 0, 0, 0, ] | rc = [0, 0, 0, 0, 0, 0, 0] | gpus = [1, 1, 1, 1, 1, 1, 2] | micro_bs = 4 | time = [2457, 3579, 3661, 3638, 3641, 3661, 2965] | memory = [14893, 15678, 16265, 13221, 10133, 7288, 1428]
>>>> [CONFIG: target(2), prim(inc_mbs)]
|3825.10|26310.50| op = [21, 36, 37, 37, 36, 36, 8]| tp = [1, 1, 1, 1, 1, 1, 1, ] | dp = [1, 1, 1, 1, 1, 1, 2, ] | algo = [0, 0, 0, 0, 0, 0, 0, ] | rc = [2, 4, 4, 0, 0, 0, 0] | gpus = [1, 1, 1, 1, 1, 1, 2] | micro_bs = 8 | time = [2512, 3713, 3825, 3460, 3464, 3482, 2861] | memory = [22395, 25584, 22019, 26310, 20138, 14449, 2412]
>>>> [CONFIG: target(2), prim(dec_op)]
|3713.73|25843.00| op = [21, 36, 34, 36, 34, 36, 14]| tp = [1, 1, 1, 1, 1, 1, 1, ] | dp = [1, 1, 1, 1, 1, 1, 2, ] | algo = [0, 0, 0, 0, 0, 0, 0, ] | rc = [2, 4, 4, 0, 0, 0, 0] | gpus = [1, 1, 1, 1, 1, 1, 2] | micro_bs = 8 | time = [2512, 3713, 3679, 3401, 3361, 3384, 3305] | memory = [22395, 25584, 21567, 25843, 16837, 14469, 4336]
>>>> [CONFIG: target(1), prim(inc_dp)]
|6243.31|25843.00| op = [21, 36, 34, 36, 34, 36, 14]| tp = [1, 1, 1, 1, 1, 1, 1, ] | dp = [1, 2, 1, 1, 1, 1, 1, ] | algo = [0, 0, 0, 0, 0, 0, 0, ] | rc = [2, 0, 4, 0, 0, 0, 0] | gpus = [1, 2, 1, 1, 1, 1, 1] | micro_bs = 8 | time = [2521, 1921, 3688, 3410, 3370, 3393, 6243] | memory = [22395, 15678, 21567, 25843, 16837, 14469, 8224]
>>>> [CONFIG: target(6), prim(inc_tp)]
|4876.99|25843.00| op = [21, 36, 34, 36, 34, 36, 14]| tp = [1, 1, 1, 1, 1, 1, 2, ] | dp = [1, 1, 1, 1, 1, 1, 1, ] | algo = [0, 0, 0, 0, 0, 0, 0, ] | rc = [2, 4, 4, 0, 0, 0, 0] | gpus = [1, 1, 1, 1, 1, 1, 2] | micro_bs = 8 | time = [2524, 3726, 3692, 3413, 3373, 3396, 4876] | memory = [22395, 25584, 21567, 25843, 16837, 14469, 4192]
>>>> [CONFIG: target(6), prim(dec_tp)]
|6248.36|25843.00| op = [21, 36, 34, 36, 34, 36, 14]| tp = [1, 1, 1, 1, 1, 1, 1, ] | dp = [2, 1, 1, 1, 1, 1, 1, ] | algo = [0, 0, 0, 0, 0, 0, 0, ] | rc = [0, 4, 4, 0, 0, 0, 0] | gpus = [2, 1, 1, 1, 1, 1, 1] | micro_bs = 8 | time = [1367, 3727, 3693, 3415, 3375, 3398, 6248] | memory = [14893, 25584, 21567, 25843, 16837, 14469, 8224]
>>>> [CONFIG: target(6), prim(dec_mbs)]
|6384.63|16033.55| op = [21, 36, 34, 36, 34, 36, 14]| tp = [1, 1, 1, 1, 1, 1, 1, ] | dp = [2, 1, 1, 1, 1, 1, 1, ] | algo = [0, 0, 0, 0, 0, 0, 0, ] | rc = [0, 0, 0, 0, 0, 0, 0] | gpus = [2, 1, 1, 1, 1, 1, 1] | micro_bs = 4 | time = [1673, 3588, 3503, 3584, 3529, 3562, 6384] | memory = [7686, 15678, 16033, 12977, 8488, 7300, 4336]
>>>> [CONFIG: target(6), prim(inc_dp)]
|3580.26|16033.55| op = [21, 36, 34, 36, 34, 36, 14]| tp = [1, 1, 1, 1, 1, 1, 1, ] | dp = [1, 1, 1, 1, 1, 1, 2, ] | algo = [0, 0, 0, 0, 0, 0, 0, ] | rc = [0, 0, 0, 0, 0, 0, 0] | gpus = [1, 1, 1, 1, 1, 1, 2] | micro_bs = 4 | time = [2457, 3580, 3494, 3576, 3520, 3554, 3520] | memory = [14893, 15678, 16033, 12977, 8488, 7300, 2392]

[ Trial 7 ] |3580.26|16033.55| op = [21, 36, 34, 36, 34, 36, 14]| tp = [1, 1, 1, 1, 1, 1, 1, ] | dp = [1, 1, 1, 1, 1, 1, 2, ] | algo = [0, 0, 0, 0, 0, 0, 0, ] | rc = [0, 0, 0, 0, 0, 0, 0] | gpus = [1, 1, 1, 1, 1, 1, 2] | micro_bs = 4 | time = [2457, 3580, 3494, 3576, 3520, 3554, 3520] | memory = [14893, 15678, 16033, 12977, 8488, 7300, 2392]
>>>> [CONFIG: target(1), prim(dec_op)]
|3554.74|18369.49| op = [29, 29, 36, 33, 34, 36, 14]| tp = [1, 1, 1, 1, 1, 1, 1, ] | dp = [1, 1, 1, 1, 1, 1, 2, ] | algo = [0, 0, 0, 0, 0, 0, 0, ] | rc = [0, 0, 0, 0, 0, 0, 0] | gpus = [1, 1, 1, 1, 1, 1, 2] | micro_bs = 4 | time = [2859, 3433, 3441, 3442, 3521, 3554, 3520] | memory = [15890, 18369, 13385, 12853, 8488, 7300, 2392]

[ Trial 8 ] |3554.74|18369.49| op = [29, 29, 36, 33, 34, 36, 14]| tp = [1, 1, 1, 1, 1, 1, 1, ] | dp = [1, 1, 1, 1, 1, 1, 2, ] | algo = [0, 0, 0, 0, 0, 0, 0, ] | rc = [0, 0, 0, 0, 0, 0, 0] | gpus = [1, 1, 1, 1, 1, 1, 2] | micro_bs = 4 | time = [2859, 3433, 3441, 3442, 3521, 3554, 3520] | memory = [15890, 18369, 13385, 12853, 8488, 7300, 2392]
>>>> [CONFIG: target(5), prim(inc_mbs)]
|3766.72|26627.75| op = [29, 29, 36, 33, 34, 36, 14]| tp = [1, 1, 1, 1, 1, 1, 1, ] | dp = [1, 1, 1, 1, 1, 1, 2, ] | algo = [0, 0, 0, 0, 0, 0, 0, ] | rc = [2, 5, 0, 0, 0, 0, 0] | gpus = [1, 1, 1, 1, 1, 1, 2] | micro_bs = 8 | time = [2863, 3766, 3266, 3289, 3360, 3383, 3304] | memory = [24344, 23971, 26627, 25606, 16837, 14469, 4336]
>>>> [CONFIG: target(1), prim(inc_dp)]
|6241.37|26627.75| op = [29, 29, 36, 33, 34, 36, 14]| tp = [1, 1, 1, 1, 1, 1, 1, ] | dp = [1, 2, 1, 1, 1, 1, 1, ] | algo = [0, 0, 0, 0, 0, 0, 0, ] | rc = [2, 0, 0, 0, 0, 0, 0] | gpus = [1, 2, 1, 1, 1, 1, 1] | micro_bs = 8 | time = [2871, 1845, 3273, 3297, 3368, 3391, 6241] | memory = [24344, 18369, 26627, 25606, 16837, 14469, 8224]
>>>> [CONFIG: target(6), prim(dec_mbs)]
|6383.12|15890.39| op = [29, 29, 36, 33, 34, 36, 14]| tp = [1, 1, 1, 1, 1, 1, 1, ] | dp = [1, 2, 1, 1, 1, 1, 1, ] | algo = [0, 0, 0, 0, 0, 0, 0, ] | rc = [0, 0, 0, 0, 0, 0, 0] | gpus = [1, 2, 1, 1, 1, 1, 1] | micro_bs = 4 | time = [2865, 2195, 3447, 3449, 3527, 3561, 6383] | memory = [15890, 9232, 13385, 12853, 8488, 7300, 4336]
>>>> [CONFIG: target(6), prim(dec_mbs)]
|6934.71|8207.20| op = [29, 29, 36, 33, 34, 36, 14]| tp = [1, 1, 1, 1, 1, 1, 1, ] | dp = [1, 2, 1, 1, 1, 1, 1, ] | algo = [0, 0, 0, 0, 0, 0, 0, ] | rc = [0, 0, 0, 0, 0, 0, 0] | gpus = [1, 2, 1, 1, 1, 1, 1] | micro_bs = 2 | time = [3787, 2828, 4474, 4436, 4477, 4555, 6934] | memory = [8207, 4664, 6764, 6476, 4314, 3716, 2392]
>>>> [CONFIG: target(6), prim(inc_dp)]
|4552.42|9232.74| op = [29, 29, 36, 33, 34, 36, 14]| tp = [1, 1, 1, 1, 1, 1, 1, ] | dp = [1, 1, 1, 1, 1, 1, 2, ] | algo = [0, 0, 0, 0, 0, 0, 0, ] | rc = [0, 0, 0, 0, 0, 0, 0] | gpus = [1, 1, 1, 1, 1, 1, 2] | micro_bs = 2 | time = [3784, 4262, 4471, 4433, 4474, 4552, 3929] | memory = [8207, 9232, 6764, 6476, 4314, 3716, 1418]
>>>> [CONFIG: target(5), prim(dec_op)]
|4500.57|9232.74| op = [29, 29, 36, 33, 34, 35, 15]| tp = [1, 1, 1, 1, 1, 1, 1, ] | dp = [1, 1, 1, 1, 1, 1, 2, ] | algo = [0, 0, 0, 0, 0, 0, 0, ] | rc = [0, 0, 0, 0, 0, 0, 0] | gpus = [1, 1, 1, 1, 1, 1, 2] | micro_bs = 2 | time = [3784, 4262, 4471, 4433, 4474, 4500, 3958] | memory = [8207, 9232, 6764, 6476, 4314, 3708, 1418]
>>>> [CONFIG: target(5), prim(inc_mbs)]
|3548.40|18369.49| op = [29, 29, 36, 33, 34, 35, 15]| tp = [1, 1, 1, 1, 1, 1, 1, ] | dp = [1, 1, 1, 1, 1, 1, 2, ] | algo = [0, 0, 0, 0, 0, 0, 0, ] | rc = [0, 0, 0, 0, 0, 0, 0] | gpus = [1, 1, 1, 1, 1, 1, 2] | micro_bs = 4 | time = [2859, 3433, 3441, 3442, 3521, 3517, 3548] | memory = [15890, 18369, 13385, 12853, 8488, 7284, 2392]

[ Trial 9 ] |3548.40|18369.49| op = [29, 29, 36, 33, 34, 35, 15]| tp = [1, 1, 1, 1, 1, 1, 1, ] | dp = [1, 1, 1, 1, 1, 1, 2, ] | algo = [0, 0, 0, 0, 0, 0, 0, ] | rc = [0, 0, 0, 0, 0, 0, 0] | gpus = [1, 1, 1, 1, 1, 1, 2] | micro_bs = 4 | time = [2859, 3433, 3441, 3442, 3521, 3517, 3548] | memory = [15890, 18369, 13385, 12853, 8488, 7284, 2392]
>>>> [CONFIG: target(5), prim(inc_tp)]
|6422.20|18369.49| op = [29, 29, 36, 33, 34, 35, 15]| tp = [1, 1, 1, 1, 1, 2, 1, ] | dp = [1, 1, 1, 1, 1, 1, 1, ] | algo = [0, 0, 0, 0, 0, 0, 0, ] | rc = [0, 0, 0, 0, 0, 0, 0] | gpus = [1, 1, 1, 1, 1, 2, 1] | micro_bs = 4 | time = [2879, 3453, 3461, 3462, 3541, 5829, 6422] | memory = [15890, 18369, 13385, 12853, 8488, 3810, 4336]
>>>> [CONFIG: target(6), prim(dec_op)]
|5414.03|18417.49| op = [29, 30, 39, 39, 39, 30, 5]| tp = [1, 1, 1, 1, 1, 2, 1, ] | dp = [1, 1, 1, 1, 1, 1, 1, ] | algo = [0, 0, 0, 0, 0, 0, 0, ] | rc = [0, 0, 0, 0, 0, 0, 0] | gpus = [1, 1, 1, 1, 1, 2, 1] | micro_bs = 4 | time = [2875, 3368, 3768, 3768, 3768, 5113, 5414] | memory = [15890, 18417, 16265, 13297, 10329, 2890, 2368]
>>>> [CONFIG: target(6), prim(inc_mbs)]
|5313.38|26451.00| op = [29, 30, 39, 39, 39, 30, 5]| tp = [1, 1, 1, 1, 1, 1, 1, ] | dp = [1, 1, 1, 1, 1, 2, 1, ] | algo = [0, 0, 0, 0, 0, 0, 0, ] | rc = [2, 6, 4, 0, 0, 0, 0] | gpus = [1, 1, 1, 1, 1, 2, 1] | micro_bs = 8 | time = [2872, 3740, 3910, 3568, 3568, 1511, 5313] | memory = [24344, 17155, 22019, 26451, 20514, 5484, 4224]
>>>> [CONFIG: target(2), prim(dec_op)]
|5101.26|24344.81| op = [29, 30, 39, 36, 31, 45, 1]| tp = [1, 1, 1, 1, 1, 1, 1, ] | dp = [1, 1, 1, 1, 1, 2, 1, ] | algo = [0, 0, 0, 0, 0, 0, 0, ] | rc = [2, 6, 4, 0, 0, 0, 0] | gpus = [1, 1, 1, 1, 1, 2, 1] | micro_bs = 8 | time = [2872, 3739, 3910, 3254, 3336, 2166, 5101] | memory = [24344, 17155, 22019, 21779, 19725, 7592, 3666]
>>>> [CONFIG: target(6), prim(inc_dp)]
|3904.11|24344.81| op = [29, 30, 39, 36, 31, 45, 1]| tp = [1, 1, 1, 1, 1, 1, 1, ] | dp = [1, 1, 1, 1, 1, 1, 2, ] | algo = [0, 0, 0, 0, 0, 0, 0, ] | rc = [2, 6, 4, 0, 0, 0, 0] | gpus = [1, 1, 1, 1, 1, 1, 2] | micro_bs = 8 | time = [2865, 3733, 3904, 3248, 3330, 3807, 2679] | memory = [24344, 17155, 22019, 21779, 19725, 15010, 2058]
>>>> [CONFIG: target(2), prim(dec_op)]
|3485.53|24344.81| op = [29, 28, 30, 35, 37, 37, 15]| tp = [1, 1, 1, 1, 1, 1, 1, ] | dp = [1, 1, 1, 1, 1, 1, 2, ] | algo = [0, 0, 0, 0, 0, 0, 0, ] | rc = [2, 4, 4, 0, 0, 0, 0] | gpus = [1, 1, 1, 1, 1, 1, 2] | micro_bs = 8 | time = [2864, 3415, 3485, 3381, 3483, 3461, 3317] | memory = [24344, 21411, 20734, 21551, 20514, 14501, 4336]

[ Trial 10 ] |3485.53|24344.81| op = [29, 28, 30, 35, 37, 37, 15]| tp = [1, 1, 1, 1, 1, 1, 1, ] | dp = [1, 1, 1, 1, 1, 1, 2, ] | algo = [0, 0, 0, 0, 0, 0, 0, ] | rc = [2, 4, 4, 0, 0, 0, 0] | gpus = [1, 1, 1, 1, 1, 1, 2] | micro_bs = 8 | time = [2864, 3415, 3485, 3381, 3483, 3461, 3317] | memory = [24344, 21411, 20734, 21551, 20514, 14501, 4336]
>>>> [CONFIG: target(2), prim(dec_mbs)]
|3662.15|15890.39| op = [29, 28, 30, 35, 37, 37, 15]| tp = [1, 1, 1, 1, 1, 1, 1, ] | dp = [1, 1, 1, 1, 1, 1, 2, ] | algo = [0, 0, 0, 0, 0, 0, 0, ] | rc = [0, 0, 0, 0, 0, 0, 0] | gpus = [1, 1, 1, 1, 1, 1, 2] | micro_bs = 4 | time = [2859, 3212, 3282, 3546, 3662, 3639, 3548] | memory = [15890, 14913, 15601, 10845, 10329, 7316, 2392]
>>>> [CONFIG: target(4), prim(inc_dp)]
|6408.23|15890.39| op = [29, 28, 30, 35, 37, 37, 15]| tp = [1, 1, 1, 1, 1, 1, 1, ] | dp = [1, 1, 1, 1, 2, 1, 1, ] | algo = [0, 0, 0, 0, 0, 0, 0, ] | rc = [0, 0, 0, 0, 0, 0, 0] | gpus = [1, 1, 1, 1, 2, 1, 1] | micro_bs = 4 | time = [2865, 3218, 3289, 3552, 2411, 3645, 6408] | memory = [15890, 14913, 15601, 10845, 5236, 7316, 4336]
>>>> [CONFIG: target(6), prim(dec_op)]
|5122.95|15890.39| op = [29, 28, 30, 35, 37, 51, 1]| tp = [1, 1, 1, 1, 1, 1, 1, ] | dp = [1, 1, 1, 1, 2, 1, 1, ] | algo = [0, 0, 0, 0, 0, 0, 0, ] | rc = [0, 0, 0, 0, 0, 0, 0] | gpus = [1, 1, 1, 1, 2, 1, 1] | micro_bs = 4 | time = [2865, 3218, 3289, 3552, 2411, 4930, 5122] | memory = [15890, 14913, 15601, 10845, 5236, 9364, 2058]
>>>> [CONFIG: target(6), prim(inc_mbs)]
|5105.08|24344.81| op = [29, 28, 30, 35, 37, 51, 1]| tp = [1, 1, 1, 1, 1, 1, 1, ] | dp = [1, 1, 1, 1, 2, 1, 1, ] | algo = [0, 0, 0, 0, 0, 0, 0, ] | rc = [2, 4, 4, 0, 0, 0, 0] | gpus = [1, 1, 1, 1, 2, 1, 1] | micro_bs = 8 | time = [2875, 3426, 3496, 3392, 1964, 4632, 5105] | memory = [24344, 21411, 20734, 21551, 10329, 18550, 3666]
>>>> [CONFIG: target(5), prim(dec_op)]
|5102.54|24344.81| op = [29, 28, 30, 35, 52, 36, 1]| tp = [1, 1, 1, 1, 1, 1, 1, ] | dp = [1, 1, 1, 1, 2, 1, 1, ] | algo = [0, 0, 0, 0, 0, 0, 0, ] | rc = [2, 4, 4, 0, 0, 0, 0] | gpus = [1, 1, 1, 1, 2, 1, 1] | micro_bs = 8 | time = [2873, 3423, 3494, 3389, 2855, 3413, 5102] | memory = [24344, 21411, 20734, 21551, 14097, 14501, 3666]
>>>> [CONFIG: target(6), prim(inc_dp)]
|5369.86|25699.00| op = [29, 28, 30, 35, 52, 36, 1]| tp = [1, 1, 1, 1, 1, 1, 1, ] | dp = [1, 1, 1, 1, 1, 1, 2, ] | algo = [0, 0, 0, 0, 0, 0, 0, ] | rc = [2, 4, 4, 0, 2, 0, 0] | gpus = [1, 1, 1, 1, 1, 1, 2] | micro_bs = 8 | time = [2874, 3424, 3494, 3390, 5369, 3414, 2687] | memory = [24344, 21411, 20734, 21551, 25699, 14501, 2058]
>>>> [CONFIG: target(4), prim(dec_op)]
|3484.74|24344.81| op = [29, 28, 30, 35, 36, 34, 19]| tp = [1, 1, 1, 1, 1, 1, 1, ] | dp = [1, 1, 1, 1, 1, 1, 2, ] | algo = [0, 0, 0, 0, 0, 0, 0, ] | rc = [2, 4, 4, 0, 0, 0, 0] | gpus = [1, 1, 1, 1, 1, 1, 2] | micro_bs = 8 | time = [2864, 3414, 3484, 3380, 3384, 3354, 3421] | memory = [24344, 21411, 20734, 21551, 20358, 14177, 4460]

[ Trial 11 ] |3484.74|24344.81| op = [29, 28, 30, 35, 36, 34, 19]| tp = [1, 1, 1, 1, 1, 1, 1, ] | dp = [1, 1, 1, 1, 1, 1, 2, ] | algo = [0, 0, 0, 0, 0, 0, 0, ] | rc = [2, 4, 4, 0, 0, 0, 0] | gpus = [1, 1, 1, 1, 1, 1, 2] | micro_bs = 8 | time = [2864, 3414, 3484, 3380, 3384, 3354, 3421] | memory = [24344, 21411, 20734, 21551, 20358, 14177, 4460]
>>>> [CONFIG: target(2), prim(inc_dp)]
|6450.16|24344.81| op = [29, 28, 30, 35, 36, 34, 19]| tp = [1, 1, 1, 1, 1, 1, 1, ] | dp = [1, 1, 2, 1, 1, 1, 1, ] | algo = [0, 0, 0, 0, 0, 0, 0, ] | rc = [2, 4, 0, 0, 0, 0, 0] | gpus = [1, 1, 2, 1, 1, 1, 1] | micro_bs = 8 | time = [2874, 3424, 1773, 3390, 3394, 3364, 6450] | memory = [24344, 21411, 15601, 21551, 20358, 14177, 8440]
>>>> [CONFIG: target(6), prim(dec_mbs)]
|6617.48|15890.39| op = [29, 28, 30, 35, 36, 34, 19]| tp = [1, 1, 1, 1, 1, 1, 1, ] | dp = [1, 1, 2, 1, 1, 1, 1, ] | algo = [0, 0, 0, 0, 0, 0, 0, ] | rc = [0, 0, 0, 0, 0, 0, 0] | gpus = [1, 1, 2, 1, 1, 1, 1] | micro_bs = 4 | time = [2865, 3218, 2155, 3553, 3561, 3524, 6617] | memory = [15890, 14913, 7850, 10845, 10245, 7144, 4460]
>>>> [CONFIG: target(6), prim(dec_mbs)]
|7252.73|8207.20| op = [29, 28, 30, 35, 36, 34, 19]| tp = [1, 1, 1, 1, 1, 1, 1, ] | dp = [1, 1, 2, 1, 1, 1, 1, ] | algo = [0, 0, 0, 0, 0, 0, 0, ] | rc = [0, 0, 0, 0, 0, 0, 0] | gpus = [1, 1, 2, 1, 1, 1, 1] | micro_bs = 2 | time = [3787, 4040, 2824, 4532, 4555, 4556, 7252] | memory = [8207, 7504, 3975, 5492, 5188, 3628, 2470]
>>>> [CONFIG: target(6), prim(dec_op)]
|5260.25|8207.20| op = [29, 28, 44, 34, 33, 42, 1]| tp = [1, 1, 1, 1, 1, 1, 1, ] | dp = [1, 1, 2, 1, 1, 1, 1, ] | algo = [0, 0, 0, 0, 0, 0, 0, ] | rc = [0, 0, 0, 0, 0, 0, 0] | gpus = [1, 1, 2, 1, 1, 1, 1] | micro_bs = 2 | time = [3786, 4039, 3947, 4477, 4401, 5260, 5246] | memory = [8207, 7504, 5263, 5492, 5130, 3828, 1254]
>>>> [CONFIG: target(5), prim(inc_mbs)]
|5121.94|15890.39| op = [29, 28, 44, 34, 33, 42, 1]| tp = [1, 1, 1, 1, 1, 1, 1, ] | dp = [1, 1, 2, 1, 1, 1, 1, ] | algo = [0, 0, 0, 0, 0, 0, 0, ] | rc = [0, 0, 0, 0, 0, 0, 0] | gpus = [1, 1, 2, 1, 1, 1, 1] | micro_bs = 4 | time = [2864, 3217, 2947, 3526, 3469, 3980, 5121] | memory = [15890, 14913, 10379, 10845, 10144, 7496, 2058]
>>>> [CONFIG: target(6), prim(inc_dp)]
|4505.45|20610.17| op = [29, 28, 44, 34, 33, 42, 1]| tp = [1, 1, 1, 1, 1, 1, 1, ] | dp = [1, 1, 1, 1, 1, 1, 2, ] | algo = [0, 0, 0, 0, 0, 0, 0, ] | rc = [0, 0, 0, 0, 0, 0, 0] | gpus = [1, 1, 1, 1, 1, 1, 2] | micro_bs = 4 | time = [2860, 3213, 4505, 3522, 3465, 3977, 2680] | memory = [15890, 14913, 20610, 10845, 10144, 7496, 1254]
>>>> [CONFIG: target(2), prim(dec_op)]
|3554.61|16133.86| op = [29, 28, 36, 34, 34, 36, 14]| tp = [1, 1, 1, 1, 1, 1, 1, ] | dp = [1, 1, 1, 1, 1, 1, 2, ] | algo = [0, 0, 0, 0, 0, 0, 0, ] | rc = [0, 0, 0, 0, 0, 0, 0] | gpus = [1, 1, 1, 1, 1, 1, 2] | micro_bs = 4 | time = [2859, 3212, 3554, 3517, 3521, 3554, 3520] | memory = [15890, 14913, 16133, 12897, 8488, 7300, 2392]

[ Trial 12 ] |3554.61|16133.86| op = [29, 28, 36, 34, 34, 36, 14]| tp = [1, 1, 1, 1, 1, 1, 1, ] | dp = [1, 1, 1, 1, 1, 1, 2, ] | algo = [0, 0, 0, 0, 0, 0, 0, ] | rc = [0, 0, 0, 0, 0, 0, 0] | gpus = [1, 1, 1, 1, 1, 1, 2] | micro_bs = 4 | time = [2859, 3212, 3554, 3517, 3521, 3554, 3520] | memory = [15890, 14913, 16133, 12897, 8488, 7300, 2392]
>>>> [CONFIG: target(2), prim(inc_mbs)]
|3727.20|25682.50| op = [29, 28, 36, 34, 34, 36, 14]| tp = [1, 1, 1, 1, 1, 1, 1, ] | dp = [1, 1, 1, 1, 1, 1, 2, ] | algo = [0, 0, 0, 0, 0, 0, 0, ] | rc = [2, 4, 4, 0, 0, 0, 0] | gpus = [1, 1, 1, 1, 1, 1, 2] | micro_bs = 8 | time = [2864, 3415, 3727, 3354, 3361, 3385, 3305] | memory = [24344, 21411, 21767, 25682, 16837, 14469, 4336]
>>>> [CONFIG: target(2), prim(dec_op)]
|3727.02|25682.50| op = [29, 28, 36, 34, 34, 35, 15]| tp = [1, 1, 1, 1, 1, 1, 1, ] | dp = [1, 1, 1, 1, 1, 1, 2, ] | algo = [0, 0, 0, 0, 0, 0, 0, ] | rc = [2, 4, 4, 0, 0, 0, 0] | gpus = [1, 1, 1, 1, 1, 1, 2] | micro_bs = 8 | time = [2864, 3414, 3727, 3354, 3361, 3349, 3317] | memory = [24344, 21411, 21767, 25682, 16837, 14437, 4336]
>>>> [CONFIG: target(2), prim(inc_tp)]
|6289.47|25682.50| op = [29, 28, 36, 34, 34, 35, 15]| tp = [1, 1, 2, 1, 1, 1, 1, ] | dp = [1, 1, 1, 1, 1, 1, 1, ] | algo = [0, 0, 0, 0, 0, 0, 0, ] | rc = [2, 4, 0, 0, 0, 0, 0] | gpus = [1, 1, 2, 1, 1, 1, 1] | micro_bs = 8 | time = [2900, 3450, 5355, 3390, 3397, 3385, 6289] | memory = [24344, 21411, 16949, 25682, 16837, 14437, 8224]
>>>> [CONFIG: target(6), prim(dec_op)]
|5206.29|26679.50| op = [29, 28, 28, 42, 34, 47, 3]| tp = [1, 1, 2, 1, 1, 1, 1, ] | dp = [1, 1, 1, 1, 1, 1, 1, ] | algo = [0, 0, 0, 0, 0, 0, 0, ] | rc = [2, 4, 0, 0, 0, 0, 0] | gpus = [1, 1, 2, 1, 1, 1, 1] | micro_bs = 8 | time = [2894, 3444, 4254, 3661, 3390, 4472, 5206] | memory = [24344, 21411, 16050, 26679, 16837, 18373, 3844]
>>>> [CONFIG: target(6), prim(inc_dp)]
|4446.76|26679.50| op = [29, 28, 28, 42, 34, 47, 3]| tp = [1, 1, 1, 1, 1, 1, 1, ] | dp = [1, 1, 1, 1, 1, 1, 2, ] | algo = [0, 0, 0, 0, 0, 0, 0, ] | rc = [2, 4, 4, 0, 0, 0, 0] | gpus = [1, 1, 1, 1, 1, 1, 2] | micro_bs = 8 | time = [2868, 3419, 3453, 3636, 3365, 4446, 2749] | memory = [24344, 21411, 20530, 26679, 16837, 18373, 2120]
>>>> [CONFIG: target(5), prim(dec_op)]
|3632.80|26679.50| op = [29, 28, 28, 42, 34, 37, 13]| tp = [1, 1, 1, 1, 1, 1, 1, ] | dp = [1, 1, 1, 1, 1, 1, 2, ] | algo = [0, 0, 0, 0, 0, 0, 0, ] | rc = [2, 4, 4, 0, 0, 0, 0] | gpus = [1, 1, 1, 1, 1, 1, 2] | micro_bs = 8 | time = [2865, 3415, 3450, 3632, 3362, 3484, 3268] | memory = [24344, 21411, 20530, 26679, 16837, 14577, 4316]
>>>> [CONFIG: target(3), prim(dec_op)]
|3449.11|24344.81| op = [29, 28, 28, 37, 36, 34, 19]| tp = [1, 1, 1, 1, 1, 1, 1, ] | dp = [1, 1, 1, 1, 1, 1, 2, ] | algo = [0, 0, 0, 0, 0, 0, 0, ] | rc = [2, 4, 4, 0, 0, 0, 0] | gpus = [1, 1, 1, 1, 1, 1, 2] | micro_bs = 8 | time = [2864, 3414, 3449, 3432, 3384, 3354, 3421] | memory = [24344, 21411, 20530, 21779, 20358, 14177, 4460]

[ Trial 13 ] |3449.11|24344.81| op = [29, 28, 28, 37, 36, 34, 19]| tp = [1, 1, 1, 1, 1, 1, 1, ] | dp = [1, 1, 1, 1, 1, 1, 2, ] | algo = [0, 0, 0, 0, 0, 0, 0, ] | rc = [2, 4, 4, 0, 0, 0, 0] | gpus = [1, 1, 1, 1, 1, 1, 2] | micro_bs = 8 | time = [2864, 3414, 3449, 3432, 3384, 3354, 3421] | memory = [24344, 21411, 20530, 21779, 20358, 14177, 4460]
>>>> [CONFIG: target(2), prim(dec_mbs)]
|3679.19|15890.39| op = [29, 28, 28, 37, 36, 34, 19]| tp = [1, 1, 1, 1, 1, 1, 1, ] | dp = [1, 1, 1, 1, 1, 1, 2, ] | algo = [0, 0, 0, 0, 0, 0, 0, ] | rc = [0, 0, 0, 0, 0, 0, 0] | gpus = [1, 1, 1, 1, 1, 1, 2] | micro_bs = 4 | time = [2858, 3211, 3229, 3611, 3554, 3517, 3679] | memory = [15890, 14913, 15497, 10961, 10245, 7144, 2470]
>>>> [CONFIG: target(6), prim(dec_dp)]
|6618.41|15497.24| op = [29, 28, 28, 37, 36, 34, 19]| tp = [1, 1, 1, 1, 1, 1, 1, ] | dp = [2, 1, 1, 1, 1, 1, 1, ] | algo = [0, 0, 0, 0, 0, 0, 0, ] | rc = [0, 0, 0, 0, 0, 0, 0] | gpus = [2, 1, 1, 1, 1, 1, 1] | micro_bs = 4 | time = [1957, 3219, 3237, 3619, 3562, 3525, 6618] | memory = [8207, 14913, 15497, 10961, 10245, 7144, 4460]
>>>> [CONFIG: target(6), prim(inc_tp)]
|5932.89|15890.39| op = [29, 28, 28, 37, 36, 34, 19]| tp = [1, 1, 1, 1, 1, 1, 2, ] | dp = [1, 1, 1, 1, 1, 1, 1, ] | algo = [0, 0, 0, 0, 0, 0, 0, ] | rc = [0, 0, 0, 0, 0, 0, 0] | gpus = [1, 1, 1, 1, 1, 1, 2] | micro_bs = 4 | time = [2867, 3220, 3238, 3620, 3563, 3525, 5932] | memory = [15890, 14913, 15497, 10961, 10245, 7144, 2284]
>>>> [CONFIG: target(6), prim(dec_mbs)]
|4655.70|8207.20| op = [29, 28, 28, 37, 36, 34, 19]| tp = [1, 1, 1, 1, 1, 1, 1, ] | dp = [1, 1, 1, 1, 1, 1, 2, ] | algo = [0, 0, 0, 0, 0, 0, 0, ] | rc = [0, 0, 0, 0, 0, 0, 0] | gpus = [1, 1, 1, 1, 1, 1, 2] | micro_bs = 2 | time = [3784, 4037, 4053, 4655, 4552, 4552, 4209] | memory = [8207, 7504, 7796, 5552, 5188, 3628, 1473]
>>>> [CONFIG: target(3), prim(dec_op)]
|4583.68|8207.20| op = [29, 28, 29, 36, 36, 34, 19]| tp = [1, 1, 1, 1, 1, 1, 1, ] | dp = [1, 1, 1, 1, 1, 1, 2, ] | algo = [0, 0, 0, 0, 0, 0, 0, ] | rc = [0, 0, 0, 0, 0, 0, 0] | gpus = [1, 1, 1, 1, 1, 1, 2] | micro_bs = 2 | time = [3784, 4037, 4125, 4583, 4552, 4552, 4209] | memory = [8207, 7504, 7820, 5532, 5188, 3628, 1473]
>>>> [CONFIG: target(3), prim(inc_mbs)]
|3679.19|15890.39| op = [29, 28, 29, 36, 36, 34, 19]| tp = [1, 1, 1, 1, 1, 1, 1, ] | dp = [1, 1, 1, 1, 1, 1, 2, ] | algo = [0, 0, 0, 0, 0, 0, 0, ] | rc = [0, 0, 0, 0, 0, 0, 0] | gpus = [1, 1, 1, 1, 1, 1, 2] | micro_bs = 4 | time = [2858, 3211, 3260, 3580, 3554, 3517, 3679] | memory = [15890, 14913, 15541, 10925, 10245, 7144, 2470]
>>>> [CONFIG: target(6), prim(inc_mbs)]
|3473.19|24344.81| op = [29, 28, 29, 36, 36, 34, 19]| tp = [1, 1, 1, 1, 1, 1, 1, ] | dp = [1, 1, 1, 1, 1, 1, 2, ] | algo = [0, 0, 0, 0, 0, 0, 0, ] | rc = [2, 4, 4, 0, 0, 0, 0] | gpus = [1, 1, 1, 1, 1, 1, 2] | micro_bs = 8 | time = [2864, 3414, 3473, 3408, 3384, 3354, 3421] | memory = [24344, 21411, 20614, 21711, 20358, 14177, 4460]

[ Trial 14 ] |3473.19|24344.81| op = [29, 28, 29, 36, 36, 34, 19]| tp = [1, 1, 1, 1, 1, 1, 1, ] | dp = [1, 1, 1, 1, 1, 1, 2, ] | algo = [0, 0, 0, 0, 0, 0, 0, ] | rc = [2, 4, 4, 0, 0, 0, 0] | gpus = [1, 1, 1, 1, 1, 1, 2] | micro_bs = 8 | time = [2864, 3414, 3473, 3408, 3384, 3354, 3421] | memory = [24344, 21411, 20614, 21711, 20358, 14177, 4460]
>>>> [CONFIG: target(2), prim(inc_dp)]
|6450.30|24344.81| op = [29, 28, 29, 36, 36, 34, 19]| tp = [1, 1, 1, 1, 1, 1, 1, ] | dp = [1, 1, 2, 1, 1, 1, 1, ] | algo = [0, 0, 0, 0, 0, 0, 0, ] | rc = [2, 4, 0, 0, 0, 0, 0] | gpus = [1, 1, 2, 1, 1, 1, 1] | micro_bs = 8 | time = [2874, 3424, 1763, 3418, 3394, 3364, 6450] | memory = [24344, 21411, 15541, 21711, 20358, 14177, 8440]
>>>> [CONFIG: target(6), prim(inc_tp)]
|5615.98|24344.81| op = [29, 28, 29, 36, 36, 34, 19]| tp = [1, 1, 1, 1, 1, 1, 2, ] | dp = [1, 1, 1, 1, 1, 1, 1, ] | algo = [0, 0, 0, 0, 0, 0, 0, ] | rc = [2, 4, 4, 0, 0, 0, 0] | gpus = [1, 1, 1, 1, 1, 1, 2] | micro_bs = 8 | time = [2881, 3431, 3490, 3425, 3401, 3371, 5615] | memory = [24344, 21411, 20614, 21711, 20358, 14177, 4328]
>>>> [CONFIG: target(6), prim(dec_op)]
|4538.60|24344.81| op = [29, 28, 29, 36, 36, 40, 13]| tp = [1, 1, 1, 1, 1, 1, 2, ] | dp = [1, 1, 1, 1, 1, 1, 1, ] | algo = [0, 0, 0, 0, 0, 0, 0, ] | rc = [2, 4, 4, 0, 0, 0, 0] | gpus = [1, 1, 1, 1, 1, 1, 2] | micro_bs = 8 | time = [2875, 3425, 3484, 3419, 3395, 3669, 4538] | memory = [24344, 21411, 20614, 21711, 20358, 14685, 4170]
>>>> [CONFIG: target(6), prim(dec_tp)]
|6183.64|21711.00| op = [29, 28, 29, 36, 36, 40, 13]| tp = [1, 1, 1, 1, 1, 1, 1, ] | dp = [2, 1, 1, 1, 1, 1, 1, ] | algo = [0, 0, 0, 0, 0, 0, 0, ] | rc = [0, 4, 4, 0, 0, 0, 0] | gpus = [2, 1, 1, 1, 1, 1, 1] | micro_bs = 8 | time = [1566, 3428, 3486, 3422, 3398, 3672, 6183] | memory = [15890, 21411, 20614, 21711, 20358, 14685, 8196]
>>>> [CONFIG: target(6), prim(inc_dp)]
|3659.96|24344.81| op = [29, 28, 29, 36, 36, 40, 13]| tp = [1, 1, 1, 1, 1, 1, 1, ] | dp = [1, 1, 1, 1, 1, 1, 2, ] | algo = [0, 0, 0, 0, 0, 0, 0, ] | rc = [2, 4, 4, 0, 0, 0, 0] | gpus = [1, 1, 1, 1, 1, 1, 2] | micro_bs = 8 | time = [2865, 3415, 3474, 3409, 3385, 3659, 3268] | memory = [24344, 21411, 20614, 21711, 20358, 14685, 4316]
>>>> [CONFIG: target(5), prim(dec_op)]
|3513.70|24344.81| op = [29, 28, 29, 36, 36, 37, 16]| tp = [1, 1, 1, 1, 1, 1, 1, ] | dp = [1, 1, 1, 1, 1, 1, 2, ] | algo = [0, 0, 0, 0, 0, 0, 0, ] | rc = [2, 4, 4, 0, 0, 0, 0] | gpus = [1, 1, 1, 1, 1, 1, 2] | micro_bs = 8 | time = [2864, 3415, 3473, 3408, 3384, 3513, 3334] | memory = [24344, 21411, 20614, 21711, 20358, 14497, 4356]
>>>> [CONFIG: target(5), prim(dec_op)]
|3473.80|24344.81| op = [29, 28, 29, 36, 36, 35, 18]| tp = [1, 1, 1, 1, 1, 1, 1, ] | dp = [1, 1, 1, 1, 1, 1, 2, ] | algo = [0, 0, 0, 0, 0, 0, 0, ] | rc = [2, 4, 4, 0, 0, 0, 0] | gpus = [1, 1, 1, 1, 1, 1, 2] | micro_bs = 8 | time = [2864, 3415, 3473, 3409, 3385, 3446, 3406] | memory = [24344, 21411, 20614, 21711, 20358, 14321, 4436]

[ Trial 15 ] |3473.80|24344.81| op = [29, 28, 29, 36, 36, 35, 18]| tp = [1, 1, 1, 1, 1, 1, 1, ] | dp = [1, 1, 1, 1, 1, 1, 2, ] | algo = [0, 0, 0, 0, 0, 0, 0, ] | rc = [2, 4, 4, 0, 0, 0, 0] | gpus = [1, 1, 1, 1, 1, 1, 2] | micro_bs = 8 | time = [2864, 3415, 3473, 3409, 3385, 3446, 3406] | memory = [24344, 21411, 20614, 21711, 20358, 14321, 4436]
>>>> [CONFIG: target(1), prim(inc_dp)]
|6420.41|24344.81| op = [29, 28, 29, 36, 36, 35, 18]| tp = [1, 1, 1, 1, 1, 1, 1, ] | dp = [1, 2, 1, 1, 1, 1, 1, ] | algo = [0, 0, 0, 0, 0, 0, 0, ] | rc = [2, 0, 4, 0, 0, 0, 0] | gpus = [1, 2, 1, 1, 1, 1, 1] | micro_bs = 8 | time = [2875, 1739, 3484, 3419, 3395, 3456, 6420] | memory = [24344, 14913, 20614, 21711, 20358, 14321, 8408]
>>>> [CONFIG: target(6), prim(dec_mbs)]
|6587.58|15890.39| op = [29, 28, 29, 36, 36, 35, 18]| tp = [1, 1, 1, 1, 1, 1, 1, ] | dp = [1, 2, 1, 1, 1, 1, 1, ] | algo = [0, 0, 0, 0, 0, 0, 0, ] | rc = [0, 0, 0, 0, 0, 0, 0] | gpus = [1, 2, 1, 1, 1, 1, 1] | micro_bs = 4 | time = [2866, 2083, 3268, 3587, 3561, 3623, 6587] | memory = [15890, 7504, 15541, 10925, 10245, 7224, 4436]
>>>> [CONFIG: target(6), prim(dec_op)]
|5256.20|15890.39| op = [29, 43, 35, 29, 35, 37, 3]| tp = [1, 1, 1, 1, 1, 1, 1, ] | dp = [1, 2, 1, 1, 1, 1, 1, ] | algo = [0, 0, 0, 0, 0, 0, 0, ] | rc = [0, 0, 0, 0, 0, 0, 0] | gpus = [1, 2, 1, 1, 1, 1, 1] | micro_bs = 4 | time = [2862, 2954, 3003, 3436, 3336, 3695, 5256] | memory = [15890, 12257, 12065, 12704, 8517, 7320, 2120]
>>>> [CONFIG: target(6), prim(inc_dp)]
|4534.85|24370.23| op = [29, 43, 35, 29, 35, 37, 3]| tp = [1, 1, 1, 1, 1, 1, 1, ] | dp = [1, 1, 1, 1, 1, 1, 2, ] | algo = [0, 0, 0, 0, 0, 0, 0, ] | rc = [0, 0, 0, 0, 0, 0, 0] | gpus = [1, 1, 1, 1, 1, 1, 2] | micro_bs = 4 | time = [2858, 4534, 3000, 3432, 3333, 3691, 2807] | memory = [15890, 24370, 12065, 12704, 8517, 7320, 1272]
>>>> [CONFIG: target(1), prim(dec_mbs)]
|5790.59|12257.12| op = [29, 43, 35, 29, 35, 37, 3]| tp = [1, 1, 1, 1, 1, 1, 1, ] | dp = [1, 1, 1, 1, 1, 1, 2, ] | algo = [0, 0, 0, 0, 0, 0, 0, ] | rc = [0, 0, 0, 0, 0, 0, 0] | gpus = [1, 1, 1, 1, 1, 1, 2] | micro_bs = 2 | time = [3784, 5790, 3975, 4262, 4327, 4761, 2993] | memory = [8207, 12257, 6104, 6400, 4324, 3732, 859]
>>>> [CONFIG: target(1), prim(dec_op)]
|4480.58|9344.93| op = [29, 33, 34, 34, 33, 35, 13]| tp = [1, 1, 1, 1, 1, 1, 1, ] | dp = [1, 1, 1, 1, 1, 1, 2, ] | algo = [0, 0, 0, 0, 0, 0, 0, ] | rc = [0, 0, 0, 0, 0, 0, 0] | gpus = [1, 1, 1, 1, 1, 1, 2] | micro_bs = 2 | time = [3783, 4432, 4473, 4441, 4480, 3974, 3815] | memory = [8207, 9344, 6670, 6620, 5050, 2912, 1404]
>>>> [CONFIG: target(4), prim(inc_mbs)]
|3519.19|18589.86| op = [29, 33, 34, 34, 33, 35, 13]| tp = [1, 1, 1, 1, 1, 1, 1, ] | dp = [1, 1, 1, 1, 1, 1, 2, ] | algo = [0, 0, 0, 0, 0, 0, 0, ] | rc = [0, 0, 0, 0, 0, 0, 0] | gpus = [1, 1, 1, 1, 1, 1, 2] | micro_bs = 4 | time = [2857, 3440, 3519, 3493, 3484, 2998, 3459] | memory = [15890, 18589, 13201, 13109, 9992, 5680, 2376]

[ Trial 21 ] |3519.19|18589.86| op = [29, 33, 34, 34, 33, 35, 13]| tp = [1, 1, 1, 1, 1, 1, 1, ] | dp = [1, 1, 1, 1, 1, 1, 2, ] | algo = [0, 0, 0, 0, 0, 0, 0, ] | rc = [0, 0, 0, 0, 0, 0, 0] | gpus = [1, 1, 1, 1, 1, 1, 2] | micro_bs = 4 | time = [2857, 3440, 3519, 3493, 3484, 2998, 3459] | memory = [15890, 18589, 13201, 13109, 9992, 5680, 2376]
>>>> [CONFIG: target(2), prim(inc_tp)]
|6320.09|18589.86| op = [29, 33, 34, 34, 33, 35, 13]| tp = [1, 1, 2, 1, 1, 1, 1, ] | dp = [1, 1, 1, 1, 1, 1, 1, ] | algo = [0, 0, 0, 0, 0, 0, 0, ] | rc = [0, 0, 0, 0, 0, 0, 0] | gpus = [1, 1, 2, 1, 1, 1, 1] | micro_bs = 4 | time = [2877, 3460, 5821, 3513, 3504, 3018, 6320] | memory = [15890, 18589, 6991, 13109, 9992, 5680, 4316]
>>>> [CONFIG: target(6), prim(dec_op)]
|5272.33|21714.39| op = [32, 39, 25, 34, 33, 45, 3]| tp = [1, 1, 2, 1, 1, 1, 1, ] | dp = [1, 1, 1, 1, 1, 1, 1, ] | algo = [0, 0, 0, 0, 0, 0, 0, ] | rc = [0, 0, 0, 0, 0, 0, 0] | gpus = [1, 1, 2, 1, 1, 1, 1] | micro_bs = 4 | time = [3710, 4292, 4440, 3514, 3505, 4035, 5272] | memory = [21714, 20770, 5149, 13109, 9992, 7596, 2120]
>>>> [CONFIG: target(6), prim(inc_dp)]
|4276.69|21714.39| op = [32, 39, 25, 34, 33, 45, 3]| tp = [1, 1, 1, 1, 1, 1, 1, ] | dp = [1, 1, 1, 1, 1, 1, 2, ] | algo = [0, 0, 0, 0, 0, 0, 0, ] | rc = [0, 0, 0, 0, 0, 0, 0] | gpus = [1, 1, 1, 1, 1, 1, 2] | micro_bs = 4 | time = [3694, 4276, 2872, 3498, 3489, 4020, 2811] | memory = [21714, 20770, 9697, 13109, 9992, 7596, 1272]
>>>> [CONFIG: target(1), prim(dec_op)]
|4898.15|21714.39| op = [32, 31, 31, 28, 26, 26, 37]| tp = [1, 1, 1, 1, 1, 1, 1, ] | dp = [1, 1, 1, 1, 1, 1, 2, ] | algo = [0, 0, 0, 0, 0, 0, 0, ] | rc = [0, 0, 0, 0, 0, 0, 0] | gpus = [1, 1, 1, 1, 1, 1, 2] | micro_bs = 4 | time = [3692, 3199, 2881, 3213, 3091, 3091, 4898] | memory = [21714, 15245, 11865, 10400, 8096, 5856, 3448]
>>>> [CONFIG: target(6), prim(dec_op)]
|4018.51|21714.39| op = [32, 31, 31, 28, 34, 32, 23]| tp = [1, 1, 1, 1, 1, 1, 1, ] | dp = [1, 1, 1, 1, 1, 1, 2, ] | algo = [0, 0, 0, 0, 0, 0, 0, ] | rc = [0, 0, 0, 0, 0, 0, 0] | gpus = [1, 1, 1, 1, 1, 1, 2] | micro_bs = 4 | time = [3692, 3199, 2881, 3213, 3496, 3568, 4018] | memory = [21714, 15245, 11865, 10400, 10184, 7108, 2620]
>>>> [CONFIG: target(6), prim(inc_mbs)]
|4125.47|24856.81| op = [32, 31, 31, 28, 34, 32, 23]| tp = [1, 1, 1, 1, 1, 1, 1, ] | dp = [1, 1, 1, 1, 1, 1, 2, ] | algo = [0, 0, 0, 0, 0, 0, 0, ] | rc = [7, 2, 0, 0, 0, 0, 0] | gpus = [1, 1, 1, 1, 1, 1, 2] | micro_bs = 8 | time = [4125, 3227, 2731, 3093, 3339, 3420, 3688] | memory = [24856, 24615, 23607, 20706, 20237, 14109, 4756]
>>>> [CONFIG: target(0), prim(dec_op)]
|3466.20|24344.81| op = [29, 28, 28, 37, 34, 33, 22]| tp = [1, 1, 1, 1, 1, 1, 1, ] | dp = [1, 1, 1, 1, 1, 1, 2, ] | algo = [0, 0, 0, 0, 0, 0, 0, ] | rc = [2, 4, 4, 0, 0, 0, 0] | gpus = [1, 1, 1, 1, 1, 1, 2] | micro_bs = 8 | time = [2863, 3414, 3448, 3432, 3337, 3329, 3466] | memory = [24344, 21411, 20530, 21779, 20237, 14141, 4492]

[ Trial 22 ] |3466.20|24344.81| op = [29, 28, 28, 37, 34, 33, 22]| tp = [1, 1, 1, 1, 1, 1, 1, ] | dp = [1, 1, 1, 1, 1, 1, 2, ] | algo = [0, 0, 0, 0, 0, 0, 0, ] | rc = [2, 4, 4, 0, 0, 0, 0] | gpus = [1, 1, 1, 1, 1, 1, 2] | micro_bs = 8 | time = [2863, 3414, 3448, 3432, 3337, 3329, 3466] | memory = [24344, 21411, 20530, 21779, 20237, 14141, 4492]
>>>> [CONFIG: target(6), prim(dec_dp)]
|6524.96|21779.00| op = [29, 28, 28, 37, 34, 33, 22]| tp = [1, 1, 1, 1, 1, 1, 1, ] | dp = [2, 1, 1, 1, 1, 1, 1, ] | algo = [0, 0, 0, 0, 0, 0, 0, ] | rc = [0, 4, 4, 0, 0, 0, 0] | gpus = [2, 1, 1, 1, 1, 1, 1] | micro_bs = 8 | time = [1566, 3427, 3462, 3445, 3350, 3343, 6524] | memory = [15890, 21411, 20530, 21779, 20237, 14141, 8500]
>>>> [CONFIG: target(6), prim(inc_tp)]
|5989.55|24344.81| op = [29, 28, 28, 37, 34, 33, 22]| tp = [1, 1, 1, 1, 1, 1, 2, ] | dp = [1, 1, 1, 1, 1, 1, 1, ] | algo = [0, 0, 0, 0, 0, 0, 0, ] | rc = [2, 4, 4, 0, 0, 0, 0] | gpus = [1, 1, 1, 1, 1, 1, 2] | micro_bs = 8 | time = [2883, 3433, 3468, 3451, 3356, 3349, 5989] | memory = [24344, 21411, 20530, 21779, 20237, 14141, 4378]
>>>> [CONFIG: target(6), prim(dec_mbs)]
|3769.63|15890.39| op = [29, 28, 28, 37, 34, 33, 22]| tp = [1, 1, 1, 1, 1, 1, 1, ] | dp = [1, 1, 1, 1, 1, 1, 2, ] | algo = [0, 0, 0, 0, 0, 0, 0, ] | rc = [0, 0, 0, 0, 0, 0, 0] | gpus = [1, 1, 1, 1, 1, 1, 2] | micro_bs = 4 | time = [2858, 3211, 3229, 3611, 3494, 3486, 3769] | memory = [15890, 14913, 15497, 10961, 10184, 7124, 2488]
>>>> [CONFIG: target(6), prim(dec_dp)]
|6708.91|15497.24| op = [29, 28, 28, 37, 34, 33, 22]| tp = [1, 1, 1, 1, 1, 1, 1, ] | dp = [2, 1, 1, 1, 1, 1, 1, ] | algo = [0, 0, 0, 0, 0, 0, 0, ] | rc = [0, 0, 0, 0, 0, 0, 0] | gpus = [2, 1, 1, 1, 1, 1, 1] | micro_bs = 4 | time = [1957, 3219, 3237, 3619, 3502, 3494, 6708] | memory = [8207, 14913, 15497, 10961, 10184, 7124, 4492]
>>>> [CONFIG: target(6), prim(dec_op)]
|5259.27|18369.49| op = [42, 29, 36, 29, 33, 39, 3]| tp = [1, 1, 1, 1, 1, 1, 1, ] | dp = [2, 1, 1, 1, 1, 1, 1, ] | algo = [0, 0, 0, 0, 0, 0, 0, ] | rc = [0, 0, 0, 0, 0, 0, 0] | gpus = [2, 1, 1, 1, 1, 1, 1] | micro_bs = 4 | time = [2723, 3439, 3447, 3439, 3280, 3757, 5259] | memory = [11699, 18369, 13385, 12704, 8456, 7360, 2120]
>>>> [CONFIG: target(6), prim(inc_dp)]
|4043.88|22827.25| op = [42, 29, 36, 29, 33, 39, 3]| tp = [1, 1, 1, 1, 1, 1, 1, ] | dp = [1, 1, 1, 1, 1, 1, 2, ] | algo = [0, 0, 0, 0, 0, 0, 0, ] | rc = [0, 0, 0, 0, 0, 0, 0] | gpus = [1, 1, 1, 1, 1, 1, 2] | micro_bs = 4 | time = [4043, 3434, 3443, 3434, 3275, 3753, 2809] | memory = [22827, 18369, 13385, 12704, 8456, 7360, 1272]
>>>> [CONFIG: target(0), prim(dec_op)]
|3496.73|18957.86| op = [31, 34, 33, 36, 31, 34, 12]| tp = [1, 1, 1, 1, 1, 1, 1, ] | dp = [1, 1, 1, 1, 1, 1, 2, ] | algo = [0, 0, 0, 0, 0, 0, 0, ] | rc = [0, 0, 0, 0, 0, 0, 0] | gpus = [1, 1, 1, 1, 1, 1, 2] | micro_bs = 4 | time = [3471, 3496, 3488, 3423, 3473, 3358, 3461] | memory = [17682, 18957, 15729, 10961, 9912, 6132, 2240]

[ Trial 23 ] |3496.73|18957.86| op = [31, 34, 33, 36, 31, 34, 12]| tp = [1, 1, 1, 1, 1, 1, 1, ] | dp = [1, 1, 1, 1, 1, 1, 2, ] | algo = [0, 0, 0, 0, 0, 0, 0, ] | rc = [0, 0, 0, 0, 0, 0, 0] | gpus = [1, 1, 1, 1, 1, 1, 2] | micro_bs = 4 | time = [3471, 3496, 3488, 3423, 3473, 3358, 3461] | memory = [17682, 18957, 15729, 10961, 9912, 6132, 2240]
>>>> [CONFIG: target(0), prim(inc_dp)]
|6377.82|18957.86| op = [31, 34, 33, 36, 31, 34, 12]| tp = [1, 1, 1, 1, 1, 1, 1, ] | dp = [2, 1, 1, 1, 1, 1, 1, ] | algo = [0, 0, 0, 0, 0, 0, 0, ] | rc = [0, 0, 0, 0, 0, 0, 0] | gpus = [2, 1, 1, 1, 1, 1, 1] | micro_bs = 4 | time = [2298, 3503, 3494, 3430, 3480, 3365, 6377] | memory = [9103, 18957, 15729, 10961, 9912, 6132, 4056]
>>>> [CONFIG: target(6), prim(dec_mbs)]
|6813.74|9544.93| op = [31, 34, 33, 36, 31, 34, 12]| tp = [1, 1, 1, 1, 1, 1, 1, ] | dp = [2, 1, 1, 1, 1, 1, 1, ] | algo = [0, 0, 0, 0, 0, 0, 0, ] | rc = [0, 0, 0, 0, 0, 0, 0] | gpus = [2, 1, 1, 1, 1, 1, 1] | micro_bs = 2 | time = [3116, 4446, 4485, 4463, 4383, 4337, 6813] | memory = [4813, 9544, 7918, 5552, 5006, 3136, 2240]
>>>> [CONFIG: target(6), prim(dec_op)]
|5247.02|9544.93| op = [31, 34, 33, 36, 37, 39, 1]| tp = [1, 1, 1, 1, 1, 1, 1, ] | dp = [2, 1, 1, 1, 1, 1, 1, ] | algo = [0, 0, 0, 0, 0, 0, 0, ] | rc = [0, 0, 0, 0, 0, 0, 0] | gpus = [2, 1, 1, 1, 1, 1, 1] | micro_bs = 2 | time = [3115, 4445, 4484, 4462, 4752, 5027, 5247] | memory = [4813, 9544, 7918, 5552, 5188, 3760, 1254]
>>>> [CONFIG: target(6), prim(inc_dp)]
|5024.95|9544.93| op = [31, 34, 33, 36, 37, 39, 1]| tp = [1, 1, 1, 1, 1, 1, 1, ] | dp = [1, 1, 1, 1, 1, 1, 2, ] | algo = [0, 0, 0, 0, 0, 0, 0, ] | rc = [0, 0, 0, 0, 0, 0, 0] | gpus = [1, 1, 1, 1, 1, 1, 2] | micro_bs = 2 | time = [4465, 4443, 4482, 4460, 4749, 5024, 2779] | memory = [9103, 9544, 7918, 5552, 5188, 3760, 852]
>>>> [CONFIG: target(5), prim(dec_op)]
|4749.88|9544.93| op = [31, 34, 33, 36, 37, 28, 12]| tp = [1, 1, 1, 1, 1, 1, 1, ] | dp = [1, 1, 1, 1, 1, 1, 2, ] | algo = [0, 0, 0, 0, 0, 0, 0, ] | rc = [0, 0, 0, 0, 0, 0, 0] | gpus = [1, 1, 1, 1, 1, 1, 2] | micro_bs = 2 | time = [4465, 4443, 4482, 4460, 4749, 3961, 3816] | memory = [9103, 9544, 7918, 5552, 5188, 3012, 1336]
>>>> [CONFIG: target(4), prim(dec_op)]
|4481.52|9544.93| op = [31, 34, 33, 36, 32, 32, 13]| tp = [1, 1, 1, 1, 1, 1, 1, ] | dp = [1, 1, 1, 1, 1, 1, 2, ] | algo = [0, 0, 0, 0, 0, 0, 0, ] | rc = [0, 0, 0, 0, 0, 0, 0] | gpus = [1, 1, 1, 1, 1, 1, 2] | micro_bs = 2 | time = [4464, 4442, 4481, 4459, 4431, 3794, 3816] | memory = [9103, 9544, 7918, 5552, 5018, 2880, 1404]
>>>> [CONFIG: target(2), prim(inc_mbs)]
|3510.14|18957.86| op = [31, 34, 33, 36, 32, 32, 13]| tp = [1, 1, 1, 1, 1, 1, 1, ] | dp = [1, 1, 1, 1, 1, 1, 2, ] | algo = [0, 0, 0, 0, 0, 0, 0, ] | rc = [0, 0, 0, 0, 0, 0, 0] | gpus = [1, 1, 1, 1, 1, 1, 2] | micro_bs = 4 | time = [3470, 3495, 3486, 3422, 3510, 2910, 3461] | memory = [17682, 18957, 15729, 10961, 9936, 5620, 2376]

[ Trial 24 ] |3510.14|18957.86| op = [31, 34, 33, 36, 32, 32, 13]| tp = [1, 1, 1, 1, 1, 1, 1, ] | dp = [1, 1, 1, 1, 1, 1, 2, ] | algo = [0, 0, 0, 0, 0, 0, 0, ] | rc = [0, 0, 0, 0, 0, 0, 0] | gpus = [1, 1, 1, 1, 1, 1, 2] | micro_bs = 4 | time = [3470, 3495, 3486, 3422, 3510, 2910, 3461] | memory = [17682, 18957, 15729, 10961, 9936, 5620, 2376]
>>>> [CONFIG: target(1), prim(inc_tp)]
|6322.05|17682.39| op = [31, 34, 33, 36, 32, 32, 13]| tp = [1, 2, 1, 1, 1, 1, 1, ] | dp = [1, 1, 1, 1, 1, 1, 1, ] | algo = [0, 0, 0, 0, 0, 0, 0, ] | rc = [0, 0, 0, 0, 0, 0, 0] | gpus = [1, 2, 1, 1, 1, 1, 1] | micro_bs = 4 | time = [3490, 5808, 3506, 3442, 3530, 2930, 6322] | memory = [17682, 9947, 15729, 10961, 9936, 5620, 4316]
>>>> [CONFIG: target(6), prim(dec_op)]
|5271.91|20465.86| op = [31, 26, 41, 36, 32, 42, 3]| tp = [1, 2, 1, 1, 1, 1, 1, ] | dp = [1, 1, 1, 1, 1, 1, 1, ] | algo = [0, 0, 0, 0, 0, 0, 0, ] | rc = [0, 0, 0, 0, 0, 0, 0] | gpus = [1, 2, 1, 1, 1, 1, 1] | micro_bs = 4 | time = [3488, 4551, 4431, 3440, 3528, 3944, 5271] | memory = [17682, 7769, 20465, 10961, 9936, 7536, 2120]
>>>> [CONFIG: target(6), prim(dec_op)]
|5135.37|20465.86| op = [31, 26, 41, 36, 32, 44, 1]| tp = [1, 2, 1, 1, 1, 1, 1, ] | dp = [1, 1, 1, 1, 1, 1, 1, ] | algo = [0, 0, 0, 0, 0, 0, 0, ] | rc = [0, 0, 0, 0, 0, 0, 0] | gpus = [1, 2, 1, 1, 1, 1, 1] | micro_bs = 4 | time = [3488, 4551, 4431, 3440, 3528, 4069, 5135] | memory = [17682, 7769, 20465, 10961, 9936, 7592, 2058]
>>>> [CONFIG: target(6), prim(inc_mbs)]
|5112.92|24600.81| op = [31, 26, 41, 36, 32, 44, 1]| tp = [1, 1, 1, 1, 1, 1, 1, ] | dp = [1, 2, 1, 1, 1, 1, 1, ] | algo = [0, 0, 0, 0, 0, 0, 0, ] | rc = [6, 0, 8, 0, 0, 0, 0] | gpus = [1, 2, 1, 1, 1, 1, 1] | micro_bs = 8 | time = [3771, 1687, 4915, 3266, 3383, 3805, 5112] | memory = [24600, 14817, 18899, 21779, 19773, 15009, 3666]
>>>> [CONFIG: target(6), prim(inc_dp)]
|4908.18|24600.81| op = [31, 26, 41, 36, 32, 44, 1]| tp = [1, 1, 1, 1, 1, 1, 1, ] | dp = [1, 1, 1, 1, 1, 1, 2, ] | algo = [0, 0, 0, 0, 0, 0, 0, ] | rc = [6, 2, 8, 0, 0, 0, 0] | gpus = [1, 1, 1, 1, 1, 1, 2] | micro_bs = 8 | time = [3763, 3162, 4908, 3259, 3376, 3798, 2689] | memory = [24600, 23779, 18899, 21779, 19773, 15009, 2058]
>>>> [CONFIG: target(2), prim(dec_op)]
|3448.93|24344.81| op = [29, 28, 28, 37, 34, 35, 20]| tp = [1, 1, 1, 1, 1, 1, 1, ] | dp = [1, 1, 1, 1, 1, 1, 2, ] | algo = [0, 0, 0, 0, 0, 0, 0, ] | rc = [2, 4, 4, 0, 0, 0, 0] | gpus = [1, 1, 1, 1, 1, 1, 2] | micro_bs = 8 | time = [2863, 3414, 3448, 3432, 3337, 3365, 3433] | memory = [24344, 21411, 20530, 21779, 20237, 14225, 4460]

num_targets: [1, 1, 1, 1, 1, 1, 1, 1, 1, 3, 1, 1, 2]
num_hops: [1, 1, 1, 1, 1, 6, 7, 1, 7, 6, 7, 7, 6]
search time = 199.99 s.  [0, 1, 2, 3, 4, 5, 7, 8, 9, 11, 24, 25, 38, 39, 49, 57, 75, 85, 86, 94, 105, 116, 137, 151, 168, 176, 196, 202, 216, 217, 218, 219, 220, 221, 222, 223, 224, 225, 226, 227, 228, 229, 230, 231, 232, 233, 234, 235, 236, 237, 238, 239, 240, 241, 242, 243, 244, 245, 246, 247, 248, 249, 250, 251, 252, 253, 254, 255, 256, 257, 258, 259, 260, 261, 262, 263, 264, 265, 266, 267, 268, 269, 270, 271, 272, 273, 274, 275, 276, 277, 278, 279, 280, 281, 282, 283, 284, 285, 286, 287, 288] 
num_explored_cases = 66906
time trend: [10374, 6614, 5895, 4816, 3719, 3713, 3661, 3580, 3554, 3548, 3485, 3484, 3484, 3449, 3449, 3473, 3473, 3482, 3482, 3483, 3473, 3483, 3466, 3449, 3449, 3448, 3448, 3483, 3493, 3494, 3494, 3496, 3497, 3511, 3520, 3520, 3520, 3521, 3534, 3536, 3537, 3542, 3542, 3542, 3546, 3548, 3550, 3550, 3550, 3554, 3554, 3554, 3555, 3555, 3555, 3556, 3556, 3557, 3560, 3560, 3580, 3580, 3581, 3584, 3591, 3607, 3609, 3613, 3613, 3614, 3615, 3616, 3616, 3616, 3617, 3617, 3617, 3617, 3622, 3622, 3630, 3630, 3638, 3638, 3638, 3640, 3641, 3642, 3643, 3643, 3645, 3655, 3655, 3655, 3656, 3656, 3657, 3658, 3659, 3659, 3659]

# of stages	est_iteration_time(s)	est_thpt(samples/s)	est_mem(MB)	# of explored cases
4          	3.19                 	321.02             	21667      	66217              

overall search time: 200.19 s
