/usr/local/lib/python3.8/dist-packages/torch/distributed/launch.py:178: FutureWarning: The module torch.distributed.launch is deprecated
and will be removed in future. Use torchrun.
Note that --use_env is set by default in torchrun.
If your script expects `--local_rank` argument to be set, please
change it to read from `os.environ['LOCAL_RANK']` instead. See 
https://pytorch.org/docs/stable/distributed.html#launch-utility for 
further instructions

  warnings.warn(
WARNING:torch.distributed.run:
*****************************************
Setting OMP_NUM_THREADS environment variable for each process to be 1 in default, to avoid your system being overloaded, please further tune the variable for optimal performance in your application as needed. 
*****************************************
[W socket.cpp:401] [c10d] The server socket cannot be initialized on [::]:7000 (errno: 97 - Address family not supported by protocol).
[W socket.cpp:558] [c10d] The client socket cannot be initialized to connect to [localhost]:7000 (errno: 97 - Address family not supported by protocol).
[W socket.cpp:558] [c10d] The client socket cannot be initialized to connect to [localhost]:7000 (errno: 97 - Address family not supported by protocol).
[FlexPipe] using world size: 8, data-parallel-size: [[1, 1, 1, 1, 1, 1, 1, 1, 1, 1, 1, 1, 1, 1, 1, 1, 1, 1, 1, 1, 1, 1, 1, 1, 1, 1, 1, 1, 1, 1, 1, 1, 1, 1, 1, 1, 1, 1, 1, 1, 1, 1, 1, 1, 1, 1, 1, 1, 1, 1, 1, 1, 1, 1, 1, 1, 1, 1, 1, 1, 1, 1, 1, 1, 1, 1, 1, 1, 1, 1, 1, 1, 1, 1, 1, 1, 1, 1, 1, 1, 1, 1, 1, 1, 1, 1, 1, 1, 1, 1, 1, 1, 1, 1, 1, 1, 1, 1, 1, 1, 1, 1, 1, 1, 1, 1, 1, 1, 1, 1, 1, 1, 1, 1, 1, 1, 1, 1, 1, 1, 1, 1, 1, 1, 1, 1, 1, 1, 1, 1, 1, 1, 1, 1, 1, 1, 1, 1, 1, 1, 1, 1, 1, 1, 1, 1, 1, 1, 1, 1, 1, 1, 1, 1, 1, 1, 1, 1, 1, 1, 1, 1, 1, 1, 1, 1, 1, 1, 1, 1, 1, 1, 1, 1, 1, 1, 1, 1, 1, 1, 1, 1, 1, 1, 1, 1, 1, 1, 1, 1, 1, 1, 1, 1, 1, 1, 1, 1, 1, 1, 1, 1, 1, 1, 1, 1, 1, 1, 1, 1, 1, 1, 1, 1, 1, 1, 1, 1, 1, 1, 1, 1, 1, 1, 1, 1, 1, 1, 1, 1, 1, 1, 1, 1, 1, 1, 1, 1, 1, 1, 1, 1, 1, 1, 1, 1, 1, 1, 1, 1, 1, 1, 1, 1, 1, 1, 1, 1, 1, 1, 1, 1, 1, 1, 1, 1, 1, 1, 1, 1, 1, 1, 1, 1, 1, 1, 1, 1, 1, 1, 1, 1, 1, 1, 1, 1, 1, 1, 1, 1, 1, 1, 1, 1, 1, 1, 1, 1, 1, 1, 1, 1, 1, 1, 1, 1, 1, 1, 1, 1, 1, 1, 1, 1, 1, 1, 1, 1, 1, 1, 1, 1, 1, 1, 1, 1, 1, 1, 1, 1, 1, 1, 1, 1, 1, 1, 1, 1, 1, 1, 1, 1, 1, 1, 1, 1, 1, 1, 1, 1, 1, 1, 1, 1, 1, 1, 1, 1, 1, 1, 1, 1, 1, 1, 1, 1, 1, 1, 1, 1, 1, 1, 1, 1, 1, 1, 1, 1, 1, 1, 1, 1, 1, 1, 1, 1, 1, 1, 1, 1, 1, 1, 1], [1, 1, 1, 1, 1, 1, 1, 1, 1, 1, 1, 1, 1, 1, 1, 1, 1, 1, 1, 1, 1, 1, 1, 1, 1, 1, 1, 1, 1, 1, 1, 1, 1, 1, 1, 1, 1, 1, 1, 1, 1, 1, 1, 1, 1, 1, 1, 1, 1, 1, 1, 1, 1, 1, 1, 1, 1, 1, 1, 1, 1, 1, 1, 1, 1, 1, 1, 1, 1, 1, 1, 1, 1, 1, 1, 1, 1, 1, 1, 1, 1, 1, 1, 1, 1, 1, 1, 1, 1, 1, 1, 1, 1, 1, 1, 1, 1, 1, 1, 1, 1, 1, 1, 1, 1, 1, 1, 1, 1, 1, 1, 1, 1, 1, 1, 1, 1, 1, 1, 1, 1, 1, 1, 1, 1, 1, 1, 1, 1, 1, 1, 1, 1, 1, 1, 1, 1, 1, 1, 1, 1, 1, 1, 1, 1, 1, 1, 1, 1, 1, 1, 1, 1, 1, 1, 1, 1, 1, 1, 1, 1, 1, 1, 1, 1, 1, 1, 1, 1, 1, 1, 1, 1, 1, 1, 1, 1, 1, 1, 1, 1, 1, 1, 1, 1, 1, 1, 1, 1, 1, 1, 1, 1, 1, 1, 1, 1, 1, 1, 1, 1, 1, 1, 1, 1, 1, 1, 1, 1, 1, 1, 1, 1, 1, 1, 1, 1, 1, 1, 1, 1, 1, 1, 1, 1, 1, 1, 1, 1, 1, 1, 1, 1, 1, 1, 1, 1, 1, 1, 1, 1, 1, 1, 1, 1, 1, 1, 1, 1, 1, 1, 1, 1, 1, 1, 1, 1, 1, 1, 1, 1, 1, 1, 1, 1, 1, 1, 1, 1, 1, 1, 1, 1, 1, 1, 1, 1, 1, 1, 1, 1, 1, 1, 1, 1, 1, 1, 1, 1, 1, 1, 1, 1, 1, 1, 1, 1, 1, 1, 1, 1, 1, 1, 1, 1, 1, 1, 1, 1, 1, 1, 1, 1, 1, 1, 1, 1, 1, 1, 1, 1, 1, 1, 1, 1, 1, 1, 1, 1, 1, 1, 1, 1, 1, 1, 1, 1, 1, 1, 1, 1, 1, 1, 1, 1, 1, 1, 1, 1, 1, 1, 1, 1, 1, 1, 1, 1, 1, 1, 1, 1, 1, 1, 1, 1, 1, 1, 1, 1, 1, 1, 1, 1, 1, 1, 1, 1, 1, 1, 1, 1, 1, 1, 1, 1, 1, 1, 1, 1, 1, 1, 1, 1, 1, 1, 1, 1], [1, 1, 1, 1, 1, 1, 1, 1, 1, 1, 1, 1, 1, 1, 1, 1, 1, 1, 1, 1, 1, 1, 1, 1, 1, 1, 1, 1, 1, 1, 1, 1, 1, 1, 1, 1, 1, 1, 1, 1, 1, 1, 1, 1, 1, 1, 1, 1, 1, 1, 1, 1, 1, 1, 1, 1, 1, 1, 1, 1, 1, 1, 1, 1, 1, 1, 1, 1, 1, 1, 1, 1, 1, 1, 1, 1, 1, 1, 1, 1, 1, 1, 1, 1, 1, 1, 1, 1, 1, 1, 1, 1, 1, 1, 1, 1, 1, 1, 1, 1, 1, 1, 1, 1, 1, 1, 1, 1, 1, 1, 1, 1, 1, 1, 1, 1, 1, 1, 1, 1, 1, 1, 1, 1, 1, 1, 1, 1, 1, 1, 1, 1, 1, 1, 1, 1, 1, 1, 1, 1, 1, 1, 1, 1, 1, 1, 1, 1, 1, 1, 1, 1, 1, 1, 1, 1, 1, 1, 1, 1, 1, 1, 1, 1, 1, 1, 1, 1, 1, 1, 1, 1, 1, 1, 1, 1, 1, 1, 1, 1, 1, 1, 1, 1, 1, 1, 1, 1, 1, 1, 1, 1, 1, 1, 1, 1, 1, 1, 1, 1, 1, 1, 1, 1, 1, 1, 1, 1, 1, 1, 1, 1, 1, 1, 1, 1, 1, 1, 1, 1, 1, 1, 1, 1, 1, 1, 1, 1, 1, 1, 1, 1, 1, 1, 1, 1, 1, 1, 1, 1, 1, 1, 1, 1, 1, 1, 1, 1, 1, 1, 1, 1, 1, 1, 1, 1, 1, 1, 1, 1, 1, 1, 1, 1, 1, 1, 1, 1, 1, 1, 1, 1, 1, 1, 1, 1, 1, 1, 1, 1, 1, 1, 1, 1, 1, 1, 1, 1, 1, 1, 1, 1, 1, 1, 1, 1, 1, 1, 1, 1, 1, 1, 1, 1, 1, 1, 1, 1, 1, 1, 1, 1, 1, 1, 1, 1, 1, 1, 1, 1, 1, 1, 1, 1, 1, 1, 1, 1, 1, 1, 1, 1, 1, 1, 1, 1, 1, 1, 1, 1, 1, 1, 1, 1, 1, 1, 1, 1, 1, 1, 1, 1, 1, 1, 1, 1, 1, 1, 1, 1, 1, 1, 1, 1, 1, 1, 1, 1, 1, 1, 1, 1, 1, 1, 1, 1, 1, 1, 1, 1, 1, 1, 1, 1, 1, 1, 1, 1, 1, 1, 1, 1, 1, 1, 1, 1, 1, 1, 1, 1, 1, 1, 1, 1, 1, 1, 1, 1], [1, 1, 1, 1, 1, 1, 1, 1, 1, 1, 1, 1, 1, 1, 1, 1, 1, 1, 1, 1, 1, 1, 1, 1, 1, 1, 1, 1, 1, 1, 1, 1, 1, 1, 1, 1, 1, 1, 1, 1, 1, 1, 1, 1, 1, 1, 1, 1, 1, 1, 1, 1, 1, 1, 1, 1, 1, 1, 1, 1, 1, 1, 1, 1, 1, 1, 1, 1, 1, 1, 1, 1, 1, 1, 1, 1, 1, 1, 1, 1, 1, 1, 1, 1, 1, 1, 1, 1, 1, 1, 1, 1, 1, 1, 1, 1, 1, 1, 1, 1, 1, 1, 1, 1, 1, 1, 1, 1, 1, 1, 1, 1, 1, 1, 1, 1, 1, 1, 1, 1, 1, 1, 1, 1, 1, 1, 1, 1, 1, 1, 1, 1, 1, 1, 1, 1, 1, 1, 1, 1, 1, 1, 1, 1, 1, 1, 1, 1, 1, 1, 1, 1, 1, 1, 1, 1, 1, 1, 1, 1, 1, 1, 1, 1, 1, 1, 1, 1, 1, 1, 1, 1, 1, 1, 1, 1, 1, 1, 1, 1, 1, 1, 1, 1, 1, 1, 1, 1, 1, 1, 1, 1, 1, 1, 1, 1, 1, 1, 1, 1, 1, 1, 1, 1, 1, 1, 1, 1, 1, 1, 1, 1, 1, 1, 1, 1, 1, 1, 1, 1, 1, 1, 1, 1, 1, 1, 1, 1, 1, 1, 1, 1, 1, 1, 1, 1, 1, 1, 1, 1, 1, 1, 1, 1, 1, 1, 1, 1, 1, 1, 1, 1, 1, 1, 1, 1, 1, 1, 1, 1, 1, 1, 1, 1, 1, 1, 1, 1, 1, 1, 1, 1, 1, 1, 1, 1, 1, 1, 1, 1, 1, 1, 1, 1, 1, 1, 1, 1, 1, 1, 1, 1, 1, 1, 1, 1, 1, 1, 1, 1, 1, 1, 1, 1, 1, 1, 1, 1, 1, 1, 1, 1, 1, 1, 1, 1, 1, 1, 1, 1, 1, 1, 1, 1, 1, 1, 1, 1, 1, 1, 1, 1, 1, 1, 1, 1, 1, 1, 1, 1, 1, 1, 1, 1, 1, 1, 1, 1, 1, 1, 1, 1, 1, 1, 1, 1, 1, 1, 1, 1, 1, 1, 1, 1, 1, 1, 1, 1, 1, 1, 1, 1, 1, 1, 1, 1, 1, 1, 1, 1, 1, 1, 1, 1, 1, 1, 1, 1, 1, 1, 1, 1, 1, 1, 1, 1, 1, 1, 1, 1, 1, 1, 1, 1, 1, 1, 1, 1], [1, 1, 1, 1, 1, 1, 1, 1, 1, 1, 1, 1, 1, 1, 1, 1, 1, 1, 1, 1, 1, 1, 1, 1, 1, 1, 1, 1, 1, 1, 1, 1, 1, 1, 1, 1, 1, 1, 1, 1, 1, 1, 1, 1, 1, 1, 1, 1, 1, 1, 1, 1, 1, 1, 1, 1, 1, 1, 1, 1, 1, 1, 1, 1, 1, 1, 1, 1, 1, 1, 1, 1, 1, 1, 1, 1, 1, 1, 1, 1, 1, 1, 1, 1, 1, 1, 1, 1, 1, 1, 1, 1, 1, 1, 1, 1, 1, 1, 1, 1, 1, 1, 1, 1, 1, 1, 1, 1, 1, 1, 1, 1, 1, 1, 1, 1, 1, 1, 1, 1, 1, 1, 1, 1, 1, 1, 1, 1, 1, 1, 1, 1, 1, 1, 1, 1, 1, 1, 1, 1, 1, 1, 1, 1, 1, 1, 1, 1, 1, 1, 1, 1, 1, 1, 1, 1, 1, 1, 1, 1, 1, 1, 1, 1, 1, 1, 1, 1, 1, 1, 1, 1, 1, 1, 1, 1, 1, 1, 1, 1, 1, 1, 1, 1, 1, 1, 1, 1, 1, 1, 1, 1, 1, 1, 1, 1, 1, 1, 1, 1, 1, 1, 1, 1, 1, 1, 1, 1, 1, 1, 1, 1, 1, 1, 1, 1, 1, 1, 1, 1, 1, 1, 1, 1, 1, 1, 1, 1, 1, 1, 1, 1, 1, 1, 1, 1, 1, 1, 1, 1, 1, 1, 1, 1, 1, 1, 1, 1, 1, 1, 1, 1, 1, 1, 1, 1, 1, 1, 1, 1, 1, 1, 1, 1, 1, 1, 1, 1, 1, 1, 1, 1, 1, 1, 1, 1, 1, 1, 1, 1, 1, 1, 1, 1, 1, 1, 1, 1, 1, 1, 1, 1, 1, 1, 1, 1, 1, 1, 1, 1, 1, 1, 1, 1, 1, 1, 1, 1, 1, 1, 1, 1, 1, 1, 1, 1, 1, 1, 1, 1, 1, 1, 1, 1, 1, 1, 1, 1, 1, 1, 1, 1, 1, 1, 1, 1, 1, 1, 1, 1, 1, 1, 1, 1, 1, 1, 1, 1, 1, 1, 1, 1, 1, 1, 1, 1, 1, 1, 1, 1, 1, 1, 1, 1, 1, 1, 1, 1, 1, 1, 1, 1, 1, 1, 1, 1, 1, 1, 1, 1, 1, 1, 1, 1, 1, 1, 1, 1, 1, 1, 1, 1, 1, 1, 1, 1, 1, 1, 1, 1, 1, 1, 1, 1, 1, 1, 1, 1, 1, 1, 1, 1, 1, 1, 1, 1, 1, 1, 1, 1, 1, 1, 1, 1], [1, 1, 1, 1, 1, 1, 1, 1, 1, 1, 1, 1, 1, 1, 1, 1, 1, 1, 1, 1, 1, 1, 1, 1, 1, 1, 1, 1, 1, 1, 1, 1, 1, 1, 1, 1, 1, 1, 1, 1, 1, 1, 1, 1, 1, 1, 1, 1, 1, 1, 1, 1, 1, 1, 1, 1, 1, 1, 1, 1, 1, 1, 1, 1, 1, 1, 1, 1, 1, 1, 1, 1, 1, 1, 1, 1, 1, 1, 1, 1, 1, 1, 1, 1, 1, 1, 1, 1, 1, 1, 1, 1, 1, 1, 1, 1, 1, 1, 1, 1, 1, 1, 1, 1, 1, 1, 1, 1, 1, 1, 1, 1, 1, 1, 1, 1, 1, 1, 1, 1, 1, 1, 1, 1, 1, 1, 1, 1, 1, 1, 1, 1, 1, 1, 1, 1, 1, 1, 1, 1, 1, 1, 1, 1, 1, 1, 1, 1, 1, 1, 1, 1, 1, 1, 1, 1, 1, 1, 1, 1, 1, 1, 1, 1, 1, 1, 1, 1, 1, 1, 1, 1, 1, 1, 1, 1, 1, 1, 1, 1, 1, 1, 1, 1, 1, 1, 1, 1, 1, 1, 1, 1, 1, 1, 1, 1, 1, 1, 1, 1, 1, 1, 1, 1, 1, 1, 1, 1, 1, 1, 1, 1, 1, 1, 1, 1, 1, 1, 1, 1, 1, 1, 1, 1, 1, 1, 1, 1, 1, 1, 1, 1, 1, 1, 1, 1, 1, 1, 1, 1, 1, 1, 1, 1, 1, 1, 1, 1, 1, 1, 1, 1, 1, 1, 1, 1, 1, 1, 1, 1, 1, 1, 1, 1, 1, 1, 1, 1, 1, 1, 1, 1, 1, 1, 1, 1, 1, 1, 1, 1, 1, 1, 1, 1, 1, 1, 1, 1, 1, 1, 1, 1, 1, 1, 1, 1, 1, 1, 1, 1, 1, 1, 1, 1, 1, 1, 1, 1, 1, 1, 1, 1, 1, 1, 1, 1, 1, 1, 1, 1, 1, 1, 1, 1, 1, 1, 1, 1, 1, 1, 1, 1, 1, 1, 1, 1, 1, 1, 1, 1, 1, 1, 1, 1, 1, 1, 1, 1, 1, 1, 1, 1, 1, 1, 1, 1, 1, 1, 1, 1, 1, 1, 1, 1, 1, 1, 1, 1, 1, 1, 1, 1, 1, 1, 1, 1, 1, 1, 1, 1, 1, 1, 1, 1, 1, 1, 1, 1, 1, 1, 1, 1, 1, 1, 1, 1, 1, 1, 1, 1, 1, 1, 1, 1, 1, 1, 1, 1, 1, 1, 1, 1, 1, 1, 1, 1, 1, 1, 1, 1, 1, 1, 1, 1, 1, 1, 1, 1, 1], [1, 1, 1, 1, 1, 1, 1, 1, 1, 1, 1, 1, 1, 1, 1, 1, 1, 1, 1, 1, 1, 1, 1, 1, 1, 1, 1, 1, 1, 1, 1, 1, 1, 1, 1, 1, 1, 1, 1, 1, 1, 1, 1, 1, 1, 1, 1, 1, 1, 1, 1, 1, 1, 1, 1, 1, 1, 1, 1, 1, 1, 1, 1, 1, 1, 1, 1, 1, 1, 1, 1, 1, 1, 1, 1, 1, 1, 1, 1, 1, 1, 1, 1, 1, 1, 1, 1, 1, 1, 1, 1, 1, 1, 1, 1, 1, 1, 1, 1, 1, 1, 1, 1, 1, 1, 1, 1, 1, 1, 1, 1, 1, 1, 1, 1, 1, 1, 1, 1, 1, 1, 1, 1, 1, 1, 1, 1, 1, 1, 1, 1, 1, 1, 1, 1, 1, 1, 1, 1, 1, 1, 1, 1, 1, 1, 1, 1, 1, 1, 1, 1, 1, 1, 1, 1, 1, 1, 1, 1, 1, 1, 1, 1, 1, 1, 1, 1, 1, 1, 1, 1, 1, 1, 1, 1, 1, 1, 1, 1, 1, 1, 1, 1, 1, 1, 1, 1, 1, 1, 1, 1, 1, 1, 1, 1, 1, 1, 1, 1, 1, 1, 1, 1, 1, 1, 1, 1, 1, 1, 1, 1, 1, 1, 1, 1, 1, 1, 1, 1, 1, 1, 1, 1, 1, 1, 1, 1, 1, 1, 1, 1, 1, 1, 1, 1, 1, 1, 1, 1, 1, 1, 1, 1, 1, 1, 1, 1, 1, 1, 1, 1, 1, 1, 1, 1, 1, 1, 1, 1, 1, 1, 1, 1, 1, 1, 1, 1, 1, 1, 1, 1, 1, 1, 1, 1, 1, 1, 1, 1, 1, 1, 1, 1, 1, 1, 1, 1, 1, 1, 1, 1, 1, 1, 1, 1, 1, 1, 1, 1, 1, 1, 1, 1, 1, 1, 1, 1, 1, 1, 1, 1, 1, 1, 1, 1, 1, 1, 1, 1, 1, 1, 1, 1, 1, 1, 1, 1, 1, 1, 1, 1, 1, 1, 1, 1, 1, 1, 1, 1, 1, 1, 1, 1, 1, 1, 1, 1, 1, 1, 1, 1, 1, 1, 1, 1, 1, 1, 1, 1, 1, 1, 1, 1, 1, 1, 1, 1, 1, 1, 1, 1, 1, 1, 1, 1, 1, 1, 1, 1, 1, 1, 1, 1, 1, 1, 1, 1, 1, 1, 1, 1, 1, 1, 1, 1, 1, 1, 1, 1, 1, 1, 1, 1, 1, 1, 1, 1, 1, 1, 1, 1, 1, 1, 1, 1, 1, 1, 1, 1, 1, 1, 1, 1, 1, 1, 1, 1, 1, 1, 1, 1, 1, 1, 1, 1, 1, 1, 1, 1, 1, 1, 1, 1, 1, 1], [1, 1, 1, 1, 1, 1, 1, 1, 1, 1, 1, 1, 1, 1, 1, 1, 1, 1, 1, 1, 1, 1, 1, 1, 1, 1, 1, 1, 1, 1, 1, 1, 1, 1, 1, 1, 1, 1, 1, 1, 1, 1, 1, 1, 1, 1, 1, 1, 1, 1, 1, 1, 1, 1, 1, 1, 1, 1, 1, 1, 1, 1, 1, 1, 1, 1, 1, 1, 1, 1, 1, 1, 1, 1, 1, 1, 1, 1, 1, 1, 1, 1, 1, 1, 1, 1, 1, 1, 1, 1, 1, 1, 1, 1, 1, 1, 1, 1, 1, 1, 1, 1, 1, 1, 1, 1, 1, 1, 1, 1, 1, 1, 1, 1, 1, 1, 1, 1, 1, 1, 1, 1, 1, 1, 1, 1, 1, 1, 1, 1, 1, 1, 1, 1, 1, 1, 1, 1, 1, 1, 1, 1, 1, 1, 1, 1, 1, 1, 1, 1, 1, 1, 1, 1, 1, 1, 1, 1, 1, 1, 1, 1, 1, 1, 1, 1, 1, 1, 1, 1, 1, 1, 1, 1, 1, 1, 1, 1, 1, 1, 1, 1, 1, 1, 1, 1, 1, 1, 1, 1, 1, 1, 1, 1, 1, 1, 1, 1, 1, 1, 1, 1, 1, 1, 1, 1, 1, 1, 1, 1, 1, 1, 1, 1, 1, 1, 1, 1, 1, 1, 1, 1, 1, 1, 1, 1, 1, 1, 1, 1, 1, 1, 1, 1, 1, 1, 1, 1, 1, 1, 1, 1, 1, 1, 1, 1, 1, 1, 1, 1, 1, 1, 1, 1, 1, 1, 1, 1, 1, 1, 1, 1, 1, 1, 1, 1, 1, 1, 1, 1, 1, 1, 1, 1, 1, 1, 1, 1, 1, 1, 1, 1, 1, 1, 1, 1, 1, 1, 1, 1, 1, 1, 1, 1, 1, 1, 1, 1, 1, 1, 1, 1, 1, 1, 1, 1, 1, 1, 1, 1, 1, 1, 1, 1, 1, 1, 1, 1, 1, 1, 1, 1, 1, 1, 1, 1, 1, 1, 1, 1, 1, 1, 1, 1, 1, 1, 1, 1, 1, 1, 1, 1, 1, 1, 1, 1, 1, 1, 1, 1, 1, 1, 1, 1, 1, 1, 1, 1, 1, 1, 1, 1, 1, 1, 1, 1, 1, 1, 1, 1, 1, 1, 1, 1, 1, 1, 1, 1, 1, 1, 1, 1, 1, 1, 1, 1, 1, 1, 1, 1, 1, 1, 1, 1, 1, 1, 1, 1, 1, 1, 1, 1, 1, 1, 1, 1, 1, 1, 1, 1, 1, 1, 1, 1, 1, 1, 1, 1, 1, 1, 1, 1, 1, 1, 1, 1, 1]], tensor-model-parallel size: [[1, 1, 1, 1, 1, 1, 1, 1, 1, 1, 1, 1, 1, 1, 1, 1, 1, 1, 1, 1, 1, 1, 1, 1, 1, 1, 1, 1, 1, 1, 1, 1, 1, 1, 1, 1, 1, 1, 1, 1, 1, 1, 1, 1, 1, 1, 1, 1, 1, 1, 1, 1, 1, 1, 1, 1, 1, 1, 1, 1, 1, 1, 1, 1, 1, 1, 1, 1, 1, 1, 1, 1, 1, 1, 1, 1, 1, 1, 1, 1, 1, 1, 1, 1, 1, 1, 1, 1, 1, 1, 1, 1, 1, 1, 1, 1, 1, 1, 1, 1, 1, 1, 1, 1, 1, 1, 1, 1, 1, 1, 1, 1, 1, 1, 1, 1, 1, 1, 1, 1, 1, 1, 1, 1, 1, 1, 1, 1, 1, 1, 1, 1, 1, 1, 1, 1, 1, 1, 1, 1, 1, 1, 1, 1, 1, 1, 1, 1, 1, 1, 1, 1, 1, 1, 1, 1, 1, 1, 1, 1, 1, 1, 1, 1, 1, 1, 1, 1, 1, 1, 1, 1, 1, 1, 1, 1, 1, 1, 1, 1, 1, 1, 1, 1, 1, 1, 1, 1, 1, 1, 1, 1, 1, 1, 1, 1, 1, 1, 1, 1, 1, 1, 1, 1, 1, 1, 1, 1, 1, 1, 1, 1, 1, 1, 1, 1, 1, 1, 1, 1, 1, 1, 1, 1, 1, 1, 1, 1, 1, 1, 1, 1, 1, 1, 1, 1, 1, 1, 1, 1, 1, 1, 1, 1, 1, 1, 1, 1, 1, 1, 1, 1, 1, 1, 1, 1, 1, 1, 1, 1, 1, 1, 1, 1, 1, 1, 1, 1, 1, 1, 1, 1, 1, 1, 1, 1, 1, 1, 1, 1, 1, 1, 1, 1, 1, 1, 1, 1, 1, 1, 1, 1, 1, 1, 1, 1, 1, 1, 1, 1, 1, 1, 1, 1, 1, 1, 1, 1, 1, 1, 1, 1, 1, 1, 1, 1, 1, 1, 1, 1, 1, 1, 1, 1, 1, 1, 1, 1, 1, 1, 1, 1, 1, 1, 1, 1, 1, 1, 1, 1, 1, 1, 1, 1, 1, 1, 1, 1, 1, 1, 1, 1, 1, 1, 1, 1, 1, 1, 1, 1, 1, 1, 1, 1, 1, 1, 1, 1, 1, 1, 1, 1, 1, 1, 1, 1, 1, 1, 1, 1, 1, 1, 1, 1, 1, 1, 1, 1, 1, 1, 1, 1, 1], [1, 1, 1, 1, 1, 1, 1, 1, 1, 1, 1, 1, 1, 1, 1, 1, 1, 1, 1, 1, 1, 1, 1, 1, 1, 1, 1, 1, 1, 1, 1, 1, 1, 1, 1, 1, 1, 1, 1, 1, 1, 1, 1, 1, 1, 1, 1, 1, 1, 1, 1, 1, 1, 1, 1, 1, 1, 1, 1, 1, 1, 1, 1, 1, 1, 1, 1, 1, 1, 1, 1, 1, 1, 1, 1, 1, 1, 1, 1, 1, 1, 1, 1, 1, 1, 1, 1, 1, 1, 1, 1, 1, 1, 1, 1, 1, 1, 1, 1, 1, 1, 1, 1, 1, 1, 1, 1, 1, 1, 1, 1, 1, 1, 1, 1, 1, 1, 1, 1, 1, 1, 1, 1, 1, 1, 1, 1, 1, 1, 1, 1, 1, 1, 1, 1, 1, 1, 1, 1, 1, 1, 1, 1, 1, 1, 1, 1, 1, 1, 1, 1, 1, 1, 1, 1, 1, 1, 1, 1, 1, 1, 1, 1, 1, 1, 1, 1, 1, 1, 1, 1, 1, 1, 1, 1, 1, 1, 1, 1, 1, 1, 1, 1, 1, 1, 1, 1, 1, 1, 1, 1, 1, 1, 1, 1, 1, 1, 1, 1, 1, 1, 1, 1, 1, 1, 1, 1, 1, 1, 1, 1, 1, 1, 1, 1, 1, 1, 1, 1, 1, 1, 1, 1, 1, 1, 1, 1, 1, 1, 1, 1, 1, 1, 1, 1, 1, 1, 1, 1, 1, 1, 1, 1, 1, 1, 1, 1, 1, 1, 1, 1, 1, 1, 1, 1, 1, 1, 1, 1, 1, 1, 1, 1, 1, 1, 1, 1, 1, 1, 1, 1, 1, 1, 1, 1, 1, 1, 1, 1, 1, 1, 1, 1, 1, 1, 1, 1, 1, 1, 1, 1, 1, 1, 1, 1, 1, 1, 1, 1, 1, 1, 1, 1, 1, 1, 1, 1, 1, 1, 1, 1, 1, 1, 1, 1, 1, 1, 1, 1, 1, 1, 1, 1, 1, 1, 1, 1, 1, 1, 1, 1, 1, 1, 1, 1, 1, 1, 1, 1, 1, 1, 1, 1, 1, 1, 1, 1, 1, 1, 1, 1, 1, 1, 1, 1, 1, 1, 1, 1, 1, 1, 1, 1, 1, 1, 1, 1, 1, 1, 1, 1, 1, 1, 1, 1, 1, 1, 1, 1, 1, 1, 1, 1, 1, 1, 1, 1, 1, 1, 1, 1, 1, 1, 1, 1, 1, 1], [1, 1, 1, 1, 1, 1, 1, 1, 1, 1, 1, 1, 1, 1, 1, 1, 1, 1, 1, 1, 1, 1, 1, 1, 1, 1, 1, 1, 1, 1, 1, 1, 1, 1, 1, 1, 1, 1, 1, 1, 1, 1, 1, 1, 1, 1, 1, 1, 1, 1, 1, 1, 1, 1, 1, 1, 1, 1, 1, 1, 1, 1, 1, 1, 1, 1, 1, 1, 1, 1, 1, 1, 1, 1, 1, 1, 1, 1, 1, 1, 1, 1, 1, 1, 1, 1, 1, 1, 1, 1, 1, 1, 1, 1, 1, 1, 1, 1, 1, 1, 1, 1, 1, 1, 1, 1, 1, 1, 1, 1, 1, 1, 1, 1, 1, 1, 1, 1, 1, 1, 1, 1, 1, 1, 1, 1, 1, 1, 1, 1, 1, 1, 1, 1, 1, 1, 1, 1, 1, 1, 1, 1, 1, 1, 1, 1, 1, 1, 1, 1, 1, 1, 1, 1, 1, 1, 1, 1, 1, 1, 1, 1, 1, 1, 1, 1, 1, 1, 1, 1, 1, 1, 1, 1, 1, 1, 1, 1, 1, 1, 1, 1, 1, 1, 1, 1, 1, 1, 1, 1, 1, 1, 1, 1, 1, 1, 1, 1, 1, 1, 1, 1, 1, 1, 1, 1, 1, 1, 1, 1, 1, 1, 1, 1, 1, 1, 1, 1, 1, 1, 1, 1, 1, 1, 1, 1, 1, 1, 1, 1, 1, 1, 1, 1, 1, 1, 1, 1, 1, 1, 1, 1, 1, 1, 1, 1, 1, 1, 1, 1, 1, 1, 1, 1, 1, 1, 1, 1, 1, 1, 1, 1, 1, 1, 1, 1, 1, 1, 1, 1, 1, 1, 1, 1, 1, 1, 1, 1, 1, 1, 1, 1, 1, 1, 1, 1, 1, 1, 1, 1, 1, 1, 1, 1, 1, 1, 1, 1, 1, 1, 1, 1, 1, 1, 1, 1, 1, 1, 1, 1, 1, 1, 1, 1, 1, 1, 1, 1, 1, 1, 1, 1, 1, 1, 1, 1, 1, 1, 1, 1, 1, 1, 1, 1, 1, 1, 1, 1, 1, 1, 1, 1, 1, 1, 1, 1, 1, 1, 1, 1, 1, 1, 1, 1, 1, 1, 1, 1, 1, 1, 1, 1, 1, 1, 1, 1, 1, 1, 1, 1, 1, 1, 1, 1, 1, 1, 1, 1, 1, 1, 1, 1, 1, 1, 1, 1, 1, 1, 1, 1, 1, 1, 1, 1, 1, 1, 1, 1, 1, 1, 1, 1, 1, 1, 1, 1, 1, 1], [1, 1, 1, 1, 1, 1, 1, 1, 1, 1, 1, 1, 1, 1, 1, 1, 1, 1, 1, 1, 1, 1, 1, 1, 1, 1, 1, 1, 1, 1, 1, 1, 1, 1, 1, 1, 1, 1, 1, 1, 1, 1, 1, 1, 1, 1, 1, 1, 1, 1, 1, 1, 1, 1, 1, 1, 1, 1, 1, 1, 1, 1, 1, 1, 1, 1, 1, 1, 1, 1, 1, 1, 1, 1, 1, 1, 1, 1, 1, 1, 1, 1, 1, 1, 1, 1, 1, 1, 1, 1, 1, 1, 1, 1, 1, 1, 1, 1, 1, 1, 1, 1, 1, 1, 1, 1, 1, 1, 1, 1, 1, 1, 1, 1, 1, 1, 1, 1, 1, 1, 1, 1, 1, 1, 1, 1, 1, 1, 1, 1, 1, 1, 1, 1, 1, 1, 1, 1, 1, 1, 1, 1, 1, 1, 1, 1, 1, 1, 1, 1, 1, 1, 1, 1, 1, 1, 1, 1, 1, 1, 1, 1, 1, 1, 1, 1, 1, 1, 1, 1, 1, 1, 1, 1, 1, 1, 1, 1, 1, 1, 1, 1, 1, 1, 1, 1, 1, 1, 1, 1, 1, 1, 1, 1, 1, 1, 1, 1, 1, 1, 1, 1, 1, 1, 1, 1, 1, 1, 1, 1, 1, 1, 1, 1, 1, 1, 1, 1, 1, 1, 1, 1, 1, 1, 1, 1, 1, 1, 1, 1, 1, 1, 1, 1, 1, 1, 1, 1, 1, 1, 1, 1, 1, 1, 1, 1, 1, 1, 1, 1, 1, 1, 1, 1, 1, 1, 1, 1, 1, 1, 1, 1, 1, 1, 1, 1, 1, 1, 1, 1, 1, 1, 1, 1, 1, 1, 1, 1, 1, 1, 1, 1, 1, 1, 1, 1, 1, 1, 1, 1, 1, 1, 1, 1, 1, 1, 1, 1, 1, 1, 1, 1, 1, 1, 1, 1, 1, 1, 1, 1, 1, 1, 1, 1, 1, 1, 1, 1, 1, 1, 1, 1, 1, 1, 1, 1, 1, 1, 1, 1, 1, 1, 1, 1, 1, 1, 1, 1, 1, 1, 1, 1, 1, 1, 1, 1, 1, 1, 1, 1, 1, 1, 1, 1, 1, 1, 1, 1, 1, 1, 1, 1, 1, 1, 1, 1, 1, 1, 1, 1, 1, 1, 1, 1, 1, 1, 1, 1, 1, 1, 1, 1, 1, 1, 1, 1, 1, 1, 1, 1, 1, 1, 1, 1, 1, 1, 1, 1, 1, 1, 1, 1, 1, 1, 1, 1, 1, 1], [1, 1, 1, 1, 1, 1, 1, 1, 1, 1, 1, 1, 1, 1, 1, 1, 1, 1, 1, 1, 1, 1, 1, 1, 1, 1, 1, 1, 1, 1, 1, 1, 1, 1, 1, 1, 1, 1, 1, 1, 1, 1, 1, 1, 1, 1, 1, 1, 1, 1, 1, 1, 1, 1, 1, 1, 1, 1, 1, 1, 1, 1, 1, 1, 1, 1, 1, 1, 1, 1, 1, 1, 1, 1, 1, 1, 1, 1, 1, 1, 1, 1, 1, 1, 1, 1, 1, 1, 1, 1, 1, 1, 1, 1, 1, 1, 1, 1, 1, 1, 1, 1, 1, 1, 1, 1, 1, 1, 1, 1, 1, 1, 1, 1, 1, 1, 1, 1, 1, 1, 1, 1, 1, 1, 1, 1, 1, 1, 1, 1, 1, 1, 1, 1, 1, 1, 1, 1, 1, 1, 1, 1, 1, 1, 1, 1, 1, 1, 1, 1, 1, 1, 1, 1, 1, 1, 1, 1, 1, 1, 1, 1, 1, 1, 1, 1, 1, 1, 1, 1, 1, 1, 1, 1, 1, 1, 1, 1, 1, 1, 1, 1, 1, 1, 1, 1, 1, 1, 1, 1, 1, 1, 1, 1, 1, 1, 1, 1, 1, 1, 1, 1, 1, 1, 1, 1, 1, 1, 1, 1, 1, 1, 1, 1, 1, 1, 1, 1, 1, 1, 1, 1, 1, 1, 1, 1, 1, 1, 1, 1, 1, 1, 1, 1, 1, 1, 1, 1, 1, 1, 1, 1, 1, 1, 1, 1, 1, 1, 1, 1, 1, 1, 1, 1, 1, 1, 1, 1, 1, 1, 1, 1, 1, 1, 1, 1, 1, 1, 1, 1, 1, 1, 1, 1, 1, 1, 1, 1, 1, 1, 1, 1, 1, 1, 1, 1, 1, 1, 1, 1, 1, 1, 1, 1, 1, 1, 1, 1, 1, 1, 1, 1, 1, 1, 1, 1, 1, 1, 1, 1, 1, 1, 1, 1, 1, 1, 1, 1, 1, 1, 1, 1, 1, 1, 1, 1, 1, 1, 1, 1, 1, 1, 1, 1, 1, 1, 1, 1, 1, 1, 1, 1, 1, 1, 1, 1, 1, 1, 1, 1, 1, 1, 1, 1, 1, 1, 1, 1, 1, 1, 1, 1, 1, 1, 1, 1, 1, 1, 1, 1, 1, 1, 1, 1, 1, 1, 1, 1, 1, 1, 1, 1, 1, 1, 1, 1, 1, 1, 1, 1, 1, 1, 1, 1, 1, 1, 1, 1, 1, 1, 1, 1, 1, 1, 1, 1, 1, 1, 1, 1, 1, 1, 1, 1, 1, 1, 1, 1, 1, 1, 1, 1, 1, 1], [1, 1, 1, 1, 1, 1, 1, 1, 1, 1, 1, 1, 1, 1, 1, 1, 1, 1, 1, 1, 1, 1, 1, 1, 1, 1, 1, 1, 1, 1, 1, 1, 1, 1, 1, 1, 1, 1, 1, 1, 1, 1, 1, 1, 1, 1, 1, 1, 1, 1, 1, 1, 1, 1, 1, 1, 1, 1, 1, 1, 1, 1, 1, 1, 1, 1, 1, 1, 1, 1, 1, 1, 1, 1, 1, 1, 1, 1, 1, 1, 1, 1, 1, 1, 1, 1, 1, 1, 1, 1, 1, 1, 1, 1, 1, 1, 1, 1, 1, 1, 1, 1, 1, 1, 1, 1, 1, 1, 1, 1, 1, 1, 1, 1, 1, 1, 1, 1, 1, 1, 1, 1, 1, 1, 1, 1, 1, 1, 1, 1, 1, 1, 1, 1, 1, 1, 1, 1, 1, 1, 1, 1, 1, 1, 1, 1, 1, 1, 1, 1, 1, 1, 1, 1, 1, 1, 1, 1, 1, 1, 1, 1, 1, 1, 1, 1, 1, 1, 1, 1, 1, 1, 1, 1, 1, 1, 1, 1, 1, 1, 1, 1, 1, 1, 1, 1, 1, 1, 1, 1, 1, 1, 1, 1, 1, 1, 1, 1, 1, 1, 1, 1, 1, 1, 1, 1, 1, 1, 1, 1, 1, 1, 1, 1, 1, 1, 1, 1, 1, 1, 1, 1, 1, 1, 1, 1, 1, 1, 1, 1, 1, 1, 1, 1, 1, 1, 1, 1, 1, 1, 1, 1, 1, 1, 1, 1, 1, 1, 1, 1, 1, 1, 1, 1, 1, 1, 1, 1, 1, 1, 1, 1, 1, 1, 1, 1, 1, 1, 1, 1, 1, 1, 1, 1, 1, 1, 1, 1, 1, 1, 1, 1, 1, 1, 1, 1, 1, 1, 1, 1, 1, 1, 1, 1, 1, 1, 1, 1, 1, 1, 1, 1, 1, 1, 1, 1, 1, 1, 1, 1, 1, 1, 1, 1, 1, 1, 1, 1, 1, 1, 1, 1, 1, 1, 1, 1, 1, 1, 1, 1, 1, 1, 1, 1, 1, 1, 1, 1, 1, 1, 1, 1, 1, 1, 1, 1, 1, 1, 1, 1, 1, 1, 1, 1, 1, 1, 1, 1, 1, 1, 1, 1, 1, 1, 1, 1, 1, 1, 1, 1, 1, 1, 1, 1, 1, 1, 1, 1, 1, 1, 1, 1, 1, 1, 1, 1, 1, 1, 1, 1, 1, 1, 1, 1, 1, 1, 1, 1, 1, 1, 1, 1, 1, 1, 1, 1, 1, 1, 1, 1, 1, 1, 1, 1, 1, 1, 1, 1, 1, 1, 1, 1, 1, 1, 1, 1, 1, 1, 1], [1, 1, 1, 1, 1, 1, 1, 1, 1, 1, 1, 1, 1, 1, 1, 1, 1, 1, 1, 1, 1, 1, 1, 1, 1, 1, 1, 1, 1, 1, 1, 1, 1, 1, 1, 1, 1, 1, 1, 1, 1, 1, 1, 1, 1, 1, 1, 1, 1, 1, 1, 1, 1, 1, 1, 1, 1, 1, 1, 1, 1, 1, 1, 1, 1, 1, 1, 1, 1, 1, 1, 1, 1, 1, 1, 1, 1, 1, 1, 1, 1, 1, 1, 1, 1, 1, 1, 1, 1, 1, 1, 1, 1, 1, 1, 1, 1, 1, 1, 1, 1, 1, 1, 1, 1, 1, 1, 1, 1, 1, 1, 1, 1, 1, 1, 1, 1, 1, 1, 1, 1, 1, 1, 1, 1, 1, 1, 1, 1, 1, 1, 1, 1, 1, 1, 1, 1, 1, 1, 1, 1, 1, 1, 1, 1, 1, 1, 1, 1, 1, 1, 1, 1, 1, 1, 1, 1, 1, 1, 1, 1, 1, 1, 1, 1, 1, 1, 1, 1, 1, 1, 1, 1, 1, 1, 1, 1, 1, 1, 1, 1, 1, 1, 1, 1, 1, 1, 1, 1, 1, 1, 1, 1, 1, 1, 1, 1, 1, 1, 1, 1, 1, 1, 1, 1, 1, 1, 1, 1, 1, 1, 1, 1, 1, 1, 1, 1, 1, 1, 1, 1, 1, 1, 1, 1, 1, 1, 1, 1, 1, 1, 1, 1, 1, 1, 1, 1, 1, 1, 1, 1, 1, 1, 1, 1, 1, 1, 1, 1, 1, 1, 1, 1, 1, 1, 1, 1, 1, 1, 1, 1, 1, 1, 1, 1, 1, 1, 1, 1, 1, 1, 1, 1, 1, 1, 1, 1, 1, 1, 1, 1, 1, 1, 1, 1, 1, 1, 1, 1, 1, 1, 1, 1, 1, 1, 1, 1, 1, 1, 1, 1, 1, 1, 1, 1, 1, 1, 1, 1, 1, 1, 1, 1, 1, 1, 1, 1, 1, 1, 1, 1, 1, 1, 1, 1, 1, 1, 1, 1, 1, 1, 1, 1, 1, 1, 1, 1, 1, 1, 1, 1, 1, 1, 1, 1, 1, 1, 1, 1, 1, 1, 1, 1, 1, 1, 1, 1, 1, 1, 1, 1, 1, 1, 1, 1, 1, 1, 1, 1, 1, 1, 1, 1, 1, 1, 1, 1, 1, 1, 1, 1, 1, 1, 1, 1, 1, 1, 1, 1, 1, 1, 1, 1, 1, 1, 1, 1, 1, 1, 1, 1, 1, 1, 1, 1, 1, 1, 1, 1, 1, 1, 1, 1, 1, 1, 1, 1, 1, 1, 1, 1, 1, 1, 1, 1, 1, 1, 1, 1, 1, 1, 1, 1, 1, 1, 1, 1, 1, 1, 1, 1, 1, 1, 1, 1], [1, 1, 1, 1, 1, 1, 1, 1, 1, 1, 1, 1, 1, 1, 1, 1, 1, 1, 1, 1, 1, 1, 1, 1, 1, 1, 1, 1, 1, 1, 1, 1, 1, 1, 1, 1, 1, 1, 1, 1, 1, 1, 1, 1, 1, 1, 1, 1, 1, 1, 1, 1, 1, 1, 1, 1, 1, 1, 1, 1, 1, 1, 1, 1, 1, 1, 1, 1, 1, 1, 1, 1, 1, 1, 1, 1, 1, 1, 1, 1, 1, 1, 1, 1, 1, 1, 1, 1, 1, 1, 1, 1, 1, 1, 1, 1, 1, 1, 1, 1, 1, 1, 1, 1, 1, 1, 1, 1, 1, 1, 1, 1, 1, 1, 1, 1, 1, 1, 1, 1, 1, 1, 1, 1, 1, 1, 1, 1, 1, 1, 1, 1, 1, 1, 1, 1, 1, 1, 1, 1, 1, 1, 1, 1, 1, 1, 1, 1, 1, 1, 1, 1, 1, 1, 1, 1, 1, 1, 1, 1, 1, 1, 1, 1, 1, 1, 1, 1, 1, 1, 1, 1, 1, 1, 1, 1, 1, 1, 1, 1, 1, 1, 1, 1, 1, 1, 1, 1, 1, 1, 1, 1, 1, 1, 1, 1, 1, 1, 1, 1, 1, 1, 1, 1, 1, 1, 1, 1, 1, 1, 1, 1, 1, 1, 1, 1, 1, 1, 1, 1, 1, 1, 1, 1, 1, 1, 1, 1, 1, 1, 1, 1, 1, 1, 1, 1, 1, 1, 1, 1, 1, 1, 1, 1, 1, 1, 1, 1, 1, 1, 1, 1, 1, 1, 1, 1, 1, 1, 1, 1, 1, 1, 1, 1, 1, 1, 1, 1, 1, 1, 1, 1, 1, 1, 1, 1, 1, 1, 1, 1, 1, 1, 1, 1, 1, 1, 1, 1, 1, 1, 1, 1, 1, 1, 1, 1, 1, 1, 1, 1, 1, 1, 1, 1, 1, 1, 1, 1, 1, 1, 1, 1, 1, 1, 1, 1, 1, 1, 1, 1, 1, 1, 1, 1, 1, 1, 1, 1, 1, 1, 1, 1, 1, 1, 1, 1, 1, 1, 1, 1, 1, 1, 1, 1, 1, 1, 1, 1, 1, 1, 1, 1, 1, 1, 1, 1, 1, 1, 1, 1, 1, 1, 1, 1, 1, 1, 1, 1, 1, 1, 1, 1, 1, 1, 1, 1, 1, 1, 1, 1, 1, 1, 1, 1, 1, 1, 1, 1, 1, 1, 1, 1, 1, 1, 1, 1, 1, 1, 1, 1, 1, 1, 1, 1, 1, 1, 1, 1, 1, 1, 1, 1, 1, 1, 1, 1, 1, 1, 1, 1, 1, 1, 1, 1, 1, 1, 1]], pipeline-model-parallel size: 1 interleave-factor: 1
using torch.float16 for parameters ...
------------------------ arguments ------------------------
  accumulate_allreduce_grads_in_fp32 .............. False
  adam_beta1 ...................................... 0.9
  adam_beta2 ...................................... 0.999
  adam_eps ........................................ 1e-08
  adlr_autoresume ................................. False
  adlr_autoresume_interval ........................ 1000
  algo_of_each_op ................................. [[0, 0, 0, 0, 0, 0, 0, 0, 0, 0, 0, 0, 0, 0, 0, 0, 0, 0, 0, 0, 0, 0, 0, 0, 0, 0, 0, 0, 0, 0, 0, 0, 0, 0, 0, 0, 0, 0, 0, 0, 0, 0, 0, 0, 0, 0, 0, 0, 0, 0, 0, 0, 0, 0, 0, 0, 0, 0, 0, 0, 0, 0, 0, 0, 0, 0, 0, 0, 0, 0, 0, 0, 0, 0, 0, 0, 0, 0, 0, 0, 0, 0, 0, 0, 0, 0, 0, 0, 0, 0, 0, 0, 0, 0, 0, 0, 0, 0, 0, 0, 0, 0, 0, 0, 0, 0, 0, 0, 0, 0, 0, 0, 0, 0, 0, 0, 0, 0, 0, 0, 0, 0, 0, 0, 0, 0, 0, 0, 0, 0, 0, 0, 0, 0, 0, 0, 0, 0, 0, 0, 0, 0, 0, 0, 0, 0, 0, 0, 0, 0, 0, 0, 0, 0, 0, 0, 0, 0, 0, 0, 0, 0, 0, 0, 0, 0, 0, 0, 0, 0, 0, 0, 0, 0, 0, 0, 0, 0, 0, 0, 0, 0, 0, 0, 0, 0, 0, 0, 0, 0, 0, 0, 0, 0, 0, 0, 0, 0, 0, 0, 0, 0, 0, 0, 0, 0, 0, 0, 0, 0, 0, 0, 0, 0, 0, 0, 0, 0, 0, 0, 0, 0, 0, 0, 0, 0, 0, 0, 0, 0, 0, 0, 0, 0, 0, 0, 0, 0, 0, 0, 0, 0, 0, 0, 0, 0, 0, 0, 0, 0, 0, 0, 0, 0, 0, 0, 0, 0, 0, 0, 0, 0, 0, 0, 0, 0, 0, 0, 0, 0, 0, 0, 0, 0, 0, 0, 0, 0, 0, 0, 0, 0, 0, 0, 0, 0, 0, 0, 0, 0, 0, 0, 0, 0, 0, 0, 0, 0, 0, 0, 0, 0, 0, 0, 0, 0, 0, 0, 0, 0, 0, 0, 0, 0, 0, 0, 0, 0, 0, 0, 0, 0, 0, 0, 0, 0, 0, 0, 0, 0, 0, 0, 0, 0, 0, 0, 0, 0, 0, 0, 0, 0, 0, 0, 0, 0, 0, 0, 0, 0, 0, 0, 0, 0, 0, 0, 0, 0, 0, 0, 0, 0, 0, 0, 0, 0, 0, 0, 0, 0, 0, 0, 0, 0, 0, 0, 0, 0, 0, 0, 0, 0, 0, 0, 0, 0, 0, 0, 0, 0, 0, 0, 0], [0, 0, 0, 0, 0, 0, 0, 0, 0, 0, 0, 0, 0, 0, 0, 0, 0, 0, 0, 0, 0, 0, 0, 0, 0, 0, 0, 0, 0, 0, 0, 0, 0, 0, 0, 0, 0, 0, 0, 0, 0, 0, 0, 0, 0, 0, 0, 0, 0, 0, 0, 0, 0, 0, 0, 0, 0, 0, 0, 0, 0, 0, 0, 0, 0, 0, 0, 0, 0, 0, 0, 0, 0, 0, 0, 0, 0, 0, 0, 0, 0, 0, 0, 0, 0, 0, 0, 0, 0, 0, 0, 0, 0, 0, 0, 0, 0, 0, 0, 0, 0, 0, 0, 0, 0, 0, 0, 0, 0, 0, 0, 0, 0, 0, 0, 0, 0, 0, 0, 0, 0, 0, 0, 0, 0, 0, 0, 0, 0, 0, 0, 0, 0, 0, 0, 0, 0, 0, 0, 0, 0, 0, 0, 0, 0, 0, 0, 0, 0, 0, 0, 0, 0, 0, 0, 0, 0, 0, 0, 0, 0, 0, 0, 0, 0, 0, 0, 0, 0, 0, 0, 0, 0, 0, 0, 0, 0, 0, 0, 0, 0, 0, 0, 0, 0, 0, 0, 0, 0, 0, 0, 0, 0, 0, 0, 0, 0, 0, 0, 0, 0, 0, 0, 0, 0, 0, 0, 0, 0, 0, 0, 0, 0, 0, 0, 0, 0, 0, 0, 0, 0, 0, 0, 0, 0, 0, 0, 0, 0, 0, 0, 0, 0, 0, 0, 0, 0, 0, 0, 0, 0, 0, 0, 0, 0, 0, 0, 0, 0, 0, 0, 0, 0, 0, 0, 0, 0, 0, 0, 0, 0, 0, 0, 0, 0, 0, 0, 0, 0, 0, 0, 0, 0, 0, 0, 0, 0, 0, 0, 0, 0, 0, 0, 0, 0, 0, 0, 0, 0, 0, 0, 0, 0, 0, 0, 0, 0, 0, 0, 0, 0, 0, 0, 0, 0, 0, 0, 0, 0, 0, 0, 0, 0, 0, 0, 0, 0, 0, 0, 0, 0, 0, 0, 0, 0, 0, 0, 0, 0, 0, 0, 0, 0, 0, 0, 0, 0, 0, 0, 0, 0, 0, 0, 0, 0, 0, 0, 0, 0, 0, 0, 0, 0, 0, 0, 0, 0, 0, 0, 0, 0, 0, 0, 0, 0, 0, 0, 0, 0, 0, 0, 0, 0, 0, 0, 0, 0, 0, 0, 0, 0, 0, 0, 0, 0, 0, 0, 0, 0, 0, 0, 0, 0, 0, 0, 0, 0], [0, 0, 0, 0, 0, 0, 0, 0, 0, 0, 0, 0, 0, 0, 0, 0, 0, 0, 0, 0, 0, 0, 0, 0, 0, 0, 0, 0, 0, 0, 0, 0, 0, 0, 0, 0, 0, 0, 0, 0, 0, 0, 0, 0, 0, 0, 0, 0, 0, 0, 0, 0, 0, 0, 0, 0, 0, 0, 0, 0, 0, 0, 0, 0, 0, 0, 0, 0, 0, 0, 0, 0, 0, 0, 0, 0, 0, 0, 0, 0, 0, 0, 0, 0, 0, 0, 0, 0, 0, 0, 0, 0, 0, 0, 0, 0, 0, 0, 0, 0, 0, 0, 0, 0, 0, 0, 0, 0, 0, 0, 0, 0, 0, 0, 0, 0, 0, 0, 0, 0, 0, 0, 0, 0, 0, 0, 0, 0, 0, 0, 0, 0, 0, 0, 0, 0, 0, 0, 0, 0, 0, 0, 0, 0, 0, 0, 0, 0, 0, 0, 0, 0, 0, 0, 0, 0, 0, 0, 0, 0, 0, 0, 0, 0, 0, 0, 0, 0, 0, 0, 0, 0, 0, 0, 0, 0, 0, 0, 0, 0, 0, 0, 0, 0, 0, 0, 0, 0, 0, 0, 0, 0, 0, 0, 0, 0, 0, 0, 0, 0, 0, 0, 0, 0, 0, 0, 0, 0, 0, 0, 0, 0, 0, 0, 0, 0, 0, 0, 0, 0, 0, 0, 0, 0, 0, 0, 0, 0, 0, 0, 0, 0, 0, 0, 0, 0, 0, 0, 0, 0, 0, 0, 0, 0, 0, 0, 0, 0, 0, 0, 0, 0, 0, 0, 0, 0, 0, 0, 0, 0, 0, 0, 0, 0, 0, 0, 0, 0, 0, 0, 0, 0, 0, 0, 0, 0, 0, 0, 0, 0, 0, 0, 0, 0, 0, 0, 0, 0, 0, 0, 0, 0, 0, 0, 0, 0, 0, 0, 0, 0, 0, 0, 0, 0, 0, 0, 0, 0, 0, 0, 0, 0, 0, 0, 0, 0, 0, 0, 0, 0, 0, 0, 0, 0, 0, 0, 0, 0, 0, 0, 0, 0, 0, 0, 0, 0, 0, 0, 0, 0, 0, 0, 0, 0, 0, 0, 0, 0, 0, 0, 0, 0, 0, 0, 0, 0, 0, 0, 0, 0, 0, 0, 0, 0, 0, 0, 0, 0, 0, 0, 0, 0, 0, 0, 0, 0, 0, 0, 0, 0, 0, 0, 0, 0, 0, 0, 0, 0, 0, 0, 0, 0, 0, 0, 0, 0, 0, 0, 0, 0, 0, 0, 0, 0, 0, 0, 0, 0], [0, 0, 0, 0, 0, 0, 0, 0, 0, 0, 0, 0, 0, 0, 0, 0, 0, 0, 0, 0, 0, 0, 0, 0, 0, 0, 0, 0, 0, 0, 0, 0, 0, 0, 0, 0, 0, 0, 0, 0, 0, 0, 0, 0, 0, 0, 0, 0, 0, 0, 0, 0, 0, 0, 0, 0, 0, 0, 0, 0, 0, 0, 0, 0, 0, 0, 0, 0, 0, 0, 0, 0, 0, 0, 0, 0, 0, 0, 0, 0, 0, 0, 0, 0, 0, 0, 0, 0, 0, 0, 0, 0, 0, 0, 0, 0, 0, 0, 0, 0, 0, 0, 0, 0, 0, 0, 0, 0, 0, 0, 0, 0, 0, 0, 0, 0, 0, 0, 0, 0, 0, 0, 0, 0, 0, 0, 0, 0, 0, 0, 0, 0, 0, 0, 0, 0, 0, 0, 0, 0, 0, 0, 0, 0, 0, 0, 0, 0, 0, 0, 0, 0, 0, 0, 0, 0, 0, 0, 0, 0, 0, 0, 0, 0, 0, 0, 0, 0, 0, 0, 0, 0, 0, 0, 0, 0, 0, 0, 0, 0, 0, 0, 0, 0, 0, 0, 0, 0, 0, 0, 0, 0, 0, 0, 0, 0, 0, 0, 0, 0, 0, 0, 0, 0, 0, 0, 0, 0, 0, 0, 0, 0, 0, 0, 0, 0, 0, 0, 0, 0, 0, 0, 0, 0, 0, 0, 0, 0, 0, 0, 0, 0, 0, 0, 0, 0, 0, 0, 0, 0, 0, 0, 0, 0, 0, 0, 0, 0, 0, 0, 0, 0, 0, 0, 0, 0, 0, 0, 0, 0, 0, 0, 0, 0, 0, 0, 0, 0, 0, 0, 0, 0, 0, 0, 0, 0, 0, 0, 0, 0, 0, 0, 0, 0, 0, 0, 0, 0, 0, 0, 0, 0, 0, 0, 0, 0, 0, 0, 0, 0, 0, 0, 0, 0, 0, 0, 0, 0, 0, 0, 0, 0, 0, 0, 0, 0, 0, 0, 0, 0, 0, 0, 0, 0, 0, 0, 0, 0, 0, 0, 0, 0, 0, 0, 0, 0, 0, 0, 0, 0, 0, 0, 0, 0, 0, 0, 0, 0, 0, 0, 0, 0, 0, 0, 0, 0, 0, 0, 0, 0, 0, 0, 0, 0, 0, 0, 0, 0, 0, 0, 0, 0, 0, 0, 0, 0, 0, 0, 0, 0, 0, 0, 0, 0, 0, 0, 0, 0, 0, 0, 0, 0, 0, 0, 0, 0, 0, 0, 0, 0, 0, 0, 0, 0, 0, 0, 0, 0], [0, 0, 0, 0, 0, 0, 0, 0, 0, 0, 0, 0, 0, 0, 0, 0, 0, 0, 0, 0, 0, 0, 0, 0, 0, 0, 0, 0, 0, 0, 0, 0, 0, 0, 0, 0, 0, 0, 0, 0, 0, 0, 0, 0, 0, 0, 0, 0, 0, 0, 0, 0, 0, 0, 0, 0, 0, 0, 0, 0, 0, 0, 0, 0, 0, 0, 0, 0, 0, 0, 0, 0, 0, 0, 0, 0, 0, 0, 0, 0, 0, 0, 0, 0, 0, 0, 0, 0, 0, 0, 0, 0, 0, 0, 0, 0, 0, 0, 0, 0, 0, 0, 0, 0, 0, 0, 0, 0, 0, 0, 0, 0, 0, 0, 0, 0, 0, 0, 0, 0, 0, 0, 0, 0, 0, 0, 0, 0, 0, 0, 0, 0, 0, 0, 0, 0, 0, 0, 0, 0, 0, 0, 0, 0, 0, 0, 0, 0, 0, 0, 0, 0, 0, 0, 0, 0, 0, 0, 0, 0, 0, 0, 0, 0, 0, 0, 0, 0, 0, 0, 0, 0, 0, 0, 0, 0, 0, 0, 0, 0, 0, 0, 0, 0, 0, 0, 0, 0, 0, 0, 0, 0, 0, 0, 0, 0, 0, 0, 0, 0, 0, 0, 0, 0, 0, 0, 0, 0, 0, 0, 0, 0, 0, 0, 0, 0, 0, 0, 0, 0, 0, 0, 0, 0, 0, 0, 0, 0, 0, 0, 0, 0, 0, 0, 0, 0, 0, 0, 0, 0, 0, 0, 0, 0, 0, 0, 0, 0, 0, 0, 0, 0, 0, 0, 0, 0, 0, 0, 0, 0, 0, 0, 0, 0, 0, 0, 0, 0, 0, 0, 0, 0, 0, 0, 0, 0, 0, 0, 0, 0, 0, 0, 0, 0, 0, 0, 0, 0, 0, 0, 0, 0, 0, 0, 0, 0, 0, 0, 0, 0, 0, 0, 0, 0, 0, 0, 0, 0, 0, 0, 0, 0, 0, 0, 0, 0, 0, 0, 0, 0, 0, 0, 0, 0, 0, 0, 0, 0, 0, 0, 0, 0, 0, 0, 0, 0, 0, 0, 0, 0, 0, 0, 0, 0, 0, 0, 0, 0, 0, 0, 0, 0, 0, 0, 0, 0, 0, 0, 0, 0, 0, 0, 0, 0, 0, 0, 0, 0, 0, 0, 0, 0, 0, 0, 0, 0, 0, 0, 0, 0, 0, 0, 0, 0, 0, 0, 0, 0, 0, 0, 0, 0, 0, 0, 0, 0, 0, 0, 0, 0, 0, 0, 0, 0, 0, 0, 0, 0, 0, 0, 0, 0, 0, 0, 0, 0, 0, 0, 0, 0, 0, 0, 0, 0], [0, 0, 0, 0, 0, 0, 0, 0, 0, 0, 0, 0, 0, 0, 0, 0, 0, 0, 0, 0, 0, 0, 0, 0, 0, 0, 0, 0, 0, 0, 0, 0, 0, 0, 0, 0, 0, 0, 0, 0, 0, 0, 0, 0, 0, 0, 0, 0, 0, 0, 0, 0, 0, 0, 0, 0, 0, 0, 0, 0, 0, 0, 0, 0, 0, 0, 0, 0, 0, 0, 0, 0, 0, 0, 0, 0, 0, 0, 0, 0, 0, 0, 0, 0, 0, 0, 0, 0, 0, 0, 0, 0, 0, 0, 0, 0, 0, 0, 0, 0, 0, 0, 0, 0, 0, 0, 0, 0, 0, 0, 0, 0, 0, 0, 0, 0, 0, 0, 0, 0, 0, 0, 0, 0, 0, 0, 0, 0, 0, 0, 0, 0, 0, 0, 0, 0, 0, 0, 0, 0, 0, 0, 0, 0, 0, 0, 0, 0, 0, 0, 0, 0, 0, 0, 0, 0, 0, 0, 0, 0, 0, 0, 0, 0, 0, 0, 0, 0, 0, 0, 0, 0, 0, 0, 0, 0, 0, 0, 0, 0, 0, 0, 0, 0, 0, 0, 0, 0, 0, 0, 0, 0, 0, 0, 0, 0, 0, 0, 0, 0, 0, 0, 0, 0, 0, 0, 0, 0, 0, 0, 0, 0, 0, 0, 0, 0, 0, 0, 0, 0, 0, 0, 0, 0, 0, 0, 0, 0, 0, 0, 0, 0, 0, 0, 0, 0, 0, 0, 0, 0, 0, 0, 0, 0, 0, 0, 0, 0, 0, 0, 0, 0, 0, 0, 0, 0, 0, 0, 0, 0, 0, 0, 0, 0, 0, 0, 0, 0, 0, 0, 0, 0, 0, 0, 0, 0, 0, 0, 0, 0, 0, 0, 0, 0, 0, 0, 0, 0, 0, 0, 0, 0, 0, 0, 0, 0, 0, 0, 0, 0, 0, 0, 0, 0, 0, 0, 0, 0, 0, 0, 0, 0, 0, 0, 0, 0, 0, 0, 0, 0, 0, 0, 0, 0, 0, 0, 0, 0, 0, 0, 0, 0, 0, 0, 0, 0, 0, 0, 0, 0, 0, 0, 0, 0, 0, 0, 0, 0, 0, 0, 0, 0, 0, 0, 0, 0, 0, 0, 0, 0, 0, 0, 0, 0, 0, 0, 0, 0, 0, 0, 0, 0, 0, 0, 0, 0, 0, 0, 0, 0, 0, 0, 0, 0, 0, 0, 0, 0, 0, 0, 0, 0, 0, 0, 0, 0, 0, 0, 0, 0, 0, 0, 0, 0, 0, 0, 0, 0, 0, 0, 0, 0, 0, 0, 0, 0, 0, 0, 0, 0, 0, 0, 0, 0, 0, 0, 0, 0, 0], [0, 0, 0, 0, 0, 0, 0, 0, 0, 0, 0, 0, 0, 0, 0, 0, 0, 0, 0, 0, 0, 0, 0, 0, 0, 0, 0, 0, 0, 0, 0, 0, 0, 0, 0, 0, 0, 0, 0, 0, 0, 0, 0, 0, 0, 0, 0, 0, 0, 0, 0, 0, 0, 0, 0, 0, 0, 0, 0, 0, 0, 0, 0, 0, 0, 0, 0, 0, 0, 0, 0, 0, 0, 0, 0, 0, 0, 0, 0, 0, 0, 0, 0, 0, 0, 0, 0, 0, 0, 0, 0, 0, 0, 0, 0, 0, 0, 0, 0, 0, 0, 0, 0, 0, 0, 0, 0, 0, 0, 0, 0, 0, 0, 0, 0, 0, 0, 0, 0, 0, 0, 0, 0, 0, 0, 0, 0, 0, 0, 0, 0, 0, 0, 0, 0, 0, 0, 0, 0, 0, 0, 0, 0, 0, 0, 0, 0, 0, 0, 0, 0, 0, 0, 0, 0, 0, 0, 0, 0, 0, 0, 0, 0, 0, 0, 0, 0, 0, 0, 0, 0, 0, 0, 0, 0, 0, 0, 0, 0, 0, 0, 0, 0, 0, 0, 0, 0, 0, 0, 0, 0, 0, 0, 0, 0, 0, 0, 0, 0, 0, 0, 0, 0, 0, 0, 0, 0, 0, 0, 0, 0, 0, 0, 0, 0, 0, 0, 0, 0, 0, 0, 0, 0, 0, 0, 0, 0, 0, 0, 0, 0, 0, 0, 0, 0, 0, 0, 0, 0, 0, 0, 0, 0, 0, 0, 0, 0, 0, 0, 0, 0, 0, 0, 0, 0, 0, 0, 0, 0, 0, 0, 0, 0, 0, 0, 0, 0, 0, 0, 0, 0, 0, 0, 0, 0, 0, 0, 0, 0, 0, 0, 0, 0, 0, 0, 0, 0, 0, 0, 0, 0, 0, 0, 0, 0, 0, 0, 0, 0, 0, 0, 0, 0, 0, 0, 0, 0, 0, 0, 0, 0, 0, 0, 0, 0, 0, 0, 0, 0, 0, 0, 0, 0, 0, 0, 0, 0, 0, 0, 0, 0, 0, 0, 0, 0, 0, 0, 0, 0, 0, 0, 0, 0, 0, 0, 0, 0, 0, 0, 0, 0, 0, 0, 0, 0, 0, 0, 0, 0, 0, 0, 0, 0, 0, 0, 0, 0, 0, 0, 0, 0, 0, 0, 0, 0, 0, 0, 0, 0, 0, 0, 0, 0, 0, 0, 0, 0, 0, 0, 0, 0, 0, 0, 0, 0, 0, 0, 0, 0, 0, 0, 0, 0, 0, 0, 0, 0, 0, 0, 0, 0, 0, 0, 0, 0, 0, 0, 0, 0, 0, 0, 0, 0, 0, 0, 0, 0, 0, 0, 0, 0, 0, 0, 0, 0, 0, 0, 0, 0, 0, 0, 0, 0, 0, 0], [0, 0, 0, 0, 0, 0, 0, 0, 0, 0, 0, 0, 0, 0, 0, 0, 0, 0, 0, 0, 0, 0, 0, 0, 0, 0, 0, 0, 0, 0, 0, 0, 0, 0, 0, 0, 0, 0, 0, 0, 0, 0, 0, 0, 0, 0, 0, 0, 0, 0, 0, 0, 0, 0, 0, 0, 0, 0, 0, 0, 0, 0, 0, 0, 0, 0, 0, 0, 0, 0, 0, 0, 0, 0, 0, 0, 0, 0, 0, 0, 0, 0, 0, 0, 0, 0, 0, 0, 0, 0, 0, 0, 0, 0, 0, 0, 0, 0, 0, 0, 0, 0, 0, 0, 0, 0, 0, 0, 0, 0, 0, 0, 0, 0, 0, 0, 0, 0, 0, 0, 0, 0, 0, 0, 0, 0, 0, 0, 0, 0, 0, 0, 0, 0, 0, 0, 0, 0, 0, 0, 0, 0, 0, 0, 0, 0, 0, 0, 0, 0, 0, 0, 0, 0, 0, 0, 0, 0, 0, 0, 0, 0, 0, 0, 0, 0, 0, 0, 0, 0, 0, 0, 0, 0, 0, 0, 0, 0, 0, 0, 0, 0, 0, 0, 0, 0, 0, 0, 0, 0, 0, 0, 0, 0, 0, 0, 0, 0, 0, 0, 0, 0, 0, 0, 0, 0, 0, 0, 0, 0, 0, 0, 0, 0, 0, 0, 0, 0, 0, 0, 0, 0, 0, 0, 0, 0, 0, 0, 0, 0, 0, 0, 0, 0, 0, 0, 0, 0, 0, 0, 0, 0, 0, 0, 0, 0, 0, 0, 0, 0, 0, 0, 0, 0, 0, 0, 0, 0, 0, 0, 0, 0, 0, 0, 0, 0, 0, 0, 0, 0, 0, 0, 0, 0, 0, 0, 0, 0, 0, 0, 0, 0, 0, 0, 0, 0, 0, 0, 0, 0, 0, 0, 0, 0, 0, 0, 0, 0, 0, 0, 0, 0, 0, 0, 0, 0, 0, 0, 0, 0, 0, 0, 0, 0, 0, 0, 0, 0, 0, 0, 0, 0, 0, 0, 0, 0, 0, 0, 0, 0, 0, 0, 0, 0, 0, 0, 0, 0, 0, 0, 0, 0, 0, 0, 0, 0, 0, 0, 0, 0, 0, 0, 0, 0, 0, 0, 0, 0, 0, 0, 0, 0, 0, 0, 0, 0, 0, 0, 0, 0, 0, 0, 0, 0, 0, 0, 0, 0, 0, 0, 0, 0, 0, 0, 0, 0, 0, 0, 0, 0, 0, 0, 0, 0, 0, 0, 0, 0, 0, 0, 0, 0, 0, 0, 0, 0, 0, 0, 0, 0, 0, 0, 0, 0, 0, 0, 0, 0, 0, 0, 0, 0, 0, 0, 0, 0, 0]]
  apply_query_key_layer_scaling ................... True
  apply_residual_connection_post_layernorm ........ False
  attention_dropout ............................... 0.1
  attention_softmax_in_fp32 ....................... False
  batch_size ...................................... None
  bert_binary_head ................................ True
  bert_load ....................................... None
  bf16 ............................................ False
  bias_dropout_fusion ............................. True
  bias_gelu_fusion ................................ True
  biencoder_projection_dim ........................ 0
  biencoder_shared_query_context_model ............ False
  block_data_path ................................. None
  checkpoint_activations .......................... [True, True, True, True, True, True, True, True]
  checkpoint_num_layers ........................... 1
  checkpoint_stages ............................... []
  clip_grad ....................................... 1.0
  consumed_train_samples .......................... 0
  consumed_valid_samples .......................... 0
  data_impl ....................................... mmap
  data_parallel_size_of_each_op ................... [[1, 1, 1, 1, 1, 1, 1, 1, 1, 1, 1, 1, 1, 1, 1, 1, 1, 1, 1, 1, 1, 1, 1, 1, 1, 1, 1, 1, 1, 1, 1, 1, 1, 1, 1, 1, 1, 1, 1, 1, 1, 1, 1, 1, 1, 1, 1, 1, 1, 1, 1, 1, 1, 1, 1, 1, 1, 1, 1, 1, 1, 1, 1, 1, 1, 1, 1, 1, 1, 1, 1, 1, 1, 1, 1, 1, 1, 1, 1, 1, 1, 1, 1, 1, 1, 1, 1, 1, 1, 1, 1, 1, 1, 1, 1, 1, 1, 1, 1, 1, 1, 1, 1, 1, 1, 1, 1, 1, 1, 1, 1, 1, 1, 1, 1, 1, 1, 1, 1, 1, 1, 1, 1, 1, 1, 1, 1, 1, 1, 1, 1, 1, 1, 1, 1, 1, 1, 1, 1, 1, 1, 1, 1, 1, 1, 1, 1, 1, 1, 1, 1, 1, 1, 1, 1, 1, 1, 1, 1, 1, 1, 1, 1, 1, 1, 1, 1, 1, 1, 1, 1, 1, 1, 1, 1, 1, 1, 1, 1, 1, 1, 1, 1, 1, 1, 1, 1, 1, 1, 1, 1, 1, 1, 1, 1, 1, 1, 1, 1, 1, 1, 1, 1, 1, 1, 1, 1, 1, 1, 1, 1, 1, 1, 1, 1, 1, 1, 1, 1, 1, 1, 1, 1, 1, 1, 1, 1, 1, 1, 1, 1, 1, 1, 1, 1, 1, 1, 1, 1, 1, 1, 1, 1, 1, 1, 1, 1, 1, 1, 1, 1, 1, 1, 1, 1, 1, 1, 1, 1, 1, 1, 1, 1, 1, 1, 1, 1, 1, 1, 1, 1, 1, 1, 1, 1, 1, 1, 1, 1, 1, 1, 1, 1, 1, 1, 1, 1, 1, 1, 1, 1, 1, 1, 1, 1, 1, 1, 1, 1, 1, 1, 1, 1, 1, 1, 1, 1, 1, 1, 1, 1, 1, 1, 1, 1, 1, 1, 1, 1, 1, 1, 1, 1, 1, 1, 1, 1, 1, 1, 1, 1, 1, 1, 1, 1, 1, 1, 1, 1, 1, 1, 1, 1, 1, 1, 1, 1, 1, 1, 1, 1, 1, 1, 1, 1, 1, 1, 1, 1, 1, 1, 1, 1, 1, 1, 1, 1, 1, 1, 1, 1, 1, 1, 1, 1, 1, 1, 1, 1, 1, 1, 1, 1, 1, 1, 1, 1, 1, 1, 1, 1, 1, 1], [1, 1, 1, 1, 1, 1, 1, 1, 1, 1, 1, 1, 1, 1, 1, 1, 1, 1, 1, 1, 1, 1, 1, 1, 1, 1, 1, 1, 1, 1, 1, 1, 1, 1, 1, 1, 1, 1, 1, 1, 1, 1, 1, 1, 1, 1, 1, 1, 1, 1, 1, 1, 1, 1, 1, 1, 1, 1, 1, 1, 1, 1, 1, 1, 1, 1, 1, 1, 1, 1, 1, 1, 1, 1, 1, 1, 1, 1, 1, 1, 1, 1, 1, 1, 1, 1, 1, 1, 1, 1, 1, 1, 1, 1, 1, 1, 1, 1, 1, 1, 1, 1, 1, 1, 1, 1, 1, 1, 1, 1, 1, 1, 1, 1, 1, 1, 1, 1, 1, 1, 1, 1, 1, 1, 1, 1, 1, 1, 1, 1, 1, 1, 1, 1, 1, 1, 1, 1, 1, 1, 1, 1, 1, 1, 1, 1, 1, 1, 1, 1, 1, 1, 1, 1, 1, 1, 1, 1, 1, 1, 1, 1, 1, 1, 1, 1, 1, 1, 1, 1, 1, 1, 1, 1, 1, 1, 1, 1, 1, 1, 1, 1, 1, 1, 1, 1, 1, 1, 1, 1, 1, 1, 1, 1, 1, 1, 1, 1, 1, 1, 1, 1, 1, 1, 1, 1, 1, 1, 1, 1, 1, 1, 1, 1, 1, 1, 1, 1, 1, 1, 1, 1, 1, 1, 1, 1, 1, 1, 1, 1, 1, 1, 1, 1, 1, 1, 1, 1, 1, 1, 1, 1, 1, 1, 1, 1, 1, 1, 1, 1, 1, 1, 1, 1, 1, 1, 1, 1, 1, 1, 1, 1, 1, 1, 1, 1, 1, 1, 1, 1, 1, 1, 1, 1, 1, 1, 1, 1, 1, 1, 1, 1, 1, 1, 1, 1, 1, 1, 1, 1, 1, 1, 1, 1, 1, 1, 1, 1, 1, 1, 1, 1, 1, 1, 1, 1, 1, 1, 1, 1, 1, 1, 1, 1, 1, 1, 1, 1, 1, 1, 1, 1, 1, 1, 1, 1, 1, 1, 1, 1, 1, 1, 1, 1, 1, 1, 1, 1, 1, 1, 1, 1, 1, 1, 1, 1, 1, 1, 1, 1, 1, 1, 1, 1, 1, 1, 1, 1, 1, 1, 1, 1, 1, 1, 1, 1, 1, 1, 1, 1, 1, 1, 1, 1, 1, 1, 1, 1, 1, 1, 1, 1, 1, 1, 1, 1, 1, 1, 1, 1, 1, 1, 1, 1, 1, 1, 1], [1, 1, 1, 1, 1, 1, 1, 1, 1, 1, 1, 1, 1, 1, 1, 1, 1, 1, 1, 1, 1, 1, 1, 1, 1, 1, 1, 1, 1, 1, 1, 1, 1, 1, 1, 1, 1, 1, 1, 1, 1, 1, 1, 1, 1, 1, 1, 1, 1, 1, 1, 1, 1, 1, 1, 1, 1, 1, 1, 1, 1, 1, 1, 1, 1, 1, 1, 1, 1, 1, 1, 1, 1, 1, 1, 1, 1, 1, 1, 1, 1, 1, 1, 1, 1, 1, 1, 1, 1, 1, 1, 1, 1, 1, 1, 1, 1, 1, 1, 1, 1, 1, 1, 1, 1, 1, 1, 1, 1, 1, 1, 1, 1, 1, 1, 1, 1, 1, 1, 1, 1, 1, 1, 1, 1, 1, 1, 1, 1, 1, 1, 1, 1, 1, 1, 1, 1, 1, 1, 1, 1, 1, 1, 1, 1, 1, 1, 1, 1, 1, 1, 1, 1, 1, 1, 1, 1, 1, 1, 1, 1, 1, 1, 1, 1, 1, 1, 1, 1, 1, 1, 1, 1, 1, 1, 1, 1, 1, 1, 1, 1, 1, 1, 1, 1, 1, 1, 1, 1, 1, 1, 1, 1, 1, 1, 1, 1, 1, 1, 1, 1, 1, 1, 1, 1, 1, 1, 1, 1, 1, 1, 1, 1, 1, 1, 1, 1, 1, 1, 1, 1, 1, 1, 1, 1, 1, 1, 1, 1, 1, 1, 1, 1, 1, 1, 1, 1, 1, 1, 1, 1, 1, 1, 1, 1, 1, 1, 1, 1, 1, 1, 1, 1, 1, 1, 1, 1, 1, 1, 1, 1, 1, 1, 1, 1, 1, 1, 1, 1, 1, 1, 1, 1, 1, 1, 1, 1, 1, 1, 1, 1, 1, 1, 1, 1, 1, 1, 1, 1, 1, 1, 1, 1, 1, 1, 1, 1, 1, 1, 1, 1, 1, 1, 1, 1, 1, 1, 1, 1, 1, 1, 1, 1, 1, 1, 1, 1, 1, 1, 1, 1, 1, 1, 1, 1, 1, 1, 1, 1, 1, 1, 1, 1, 1, 1, 1, 1, 1, 1, 1, 1, 1, 1, 1, 1, 1, 1, 1, 1, 1, 1, 1, 1, 1, 1, 1, 1, 1, 1, 1, 1, 1, 1, 1, 1, 1, 1, 1, 1, 1, 1, 1, 1, 1, 1, 1, 1, 1, 1, 1, 1, 1, 1, 1, 1, 1, 1, 1, 1, 1, 1, 1, 1, 1, 1, 1, 1, 1, 1, 1, 1, 1, 1, 1, 1, 1, 1, 1], [1, 1, 1, 1, 1, 1, 1, 1, 1, 1, 1, 1, 1, 1, 1, 1, 1, 1, 1, 1, 1, 1, 1, 1, 1, 1, 1, 1, 1, 1, 1, 1, 1, 1, 1, 1, 1, 1, 1, 1, 1, 1, 1, 1, 1, 1, 1, 1, 1, 1, 1, 1, 1, 1, 1, 1, 1, 1, 1, 1, 1, 1, 1, 1, 1, 1, 1, 1, 1, 1, 1, 1, 1, 1, 1, 1, 1, 1, 1, 1, 1, 1, 1, 1, 1, 1, 1, 1, 1, 1, 1, 1, 1, 1, 1, 1, 1, 1, 1, 1, 1, 1, 1, 1, 1, 1, 1, 1, 1, 1, 1, 1, 1, 1, 1, 1, 1, 1, 1, 1, 1, 1, 1, 1, 1, 1, 1, 1, 1, 1, 1, 1, 1, 1, 1, 1, 1, 1, 1, 1, 1, 1, 1, 1, 1, 1, 1, 1, 1, 1, 1, 1, 1, 1, 1, 1, 1, 1, 1, 1, 1, 1, 1, 1, 1, 1, 1, 1, 1, 1, 1, 1, 1, 1, 1, 1, 1, 1, 1, 1, 1, 1, 1, 1, 1, 1, 1, 1, 1, 1, 1, 1, 1, 1, 1, 1, 1, 1, 1, 1, 1, 1, 1, 1, 1, 1, 1, 1, 1, 1, 1, 1, 1, 1, 1, 1, 1, 1, 1, 1, 1, 1, 1, 1, 1, 1, 1, 1, 1, 1, 1, 1, 1, 1, 1, 1, 1, 1, 1, 1, 1, 1, 1, 1, 1, 1, 1, 1, 1, 1, 1, 1, 1, 1, 1, 1, 1, 1, 1, 1, 1, 1, 1, 1, 1, 1, 1, 1, 1, 1, 1, 1, 1, 1, 1, 1, 1, 1, 1, 1, 1, 1, 1, 1, 1, 1, 1, 1, 1, 1, 1, 1, 1, 1, 1, 1, 1, 1, 1, 1, 1, 1, 1, 1, 1, 1, 1, 1, 1, 1, 1, 1, 1, 1, 1, 1, 1, 1, 1, 1, 1, 1, 1, 1, 1, 1, 1, 1, 1, 1, 1, 1, 1, 1, 1, 1, 1, 1, 1, 1, 1, 1, 1, 1, 1, 1, 1, 1, 1, 1, 1, 1, 1, 1, 1, 1, 1, 1, 1, 1, 1, 1, 1, 1, 1, 1, 1, 1, 1, 1, 1, 1, 1, 1, 1, 1, 1, 1, 1, 1, 1, 1, 1, 1, 1, 1, 1, 1, 1, 1, 1, 1, 1, 1, 1, 1, 1, 1, 1, 1, 1, 1, 1, 1, 1, 1, 1, 1], [1, 1, 1, 1, 1, 1, 1, 1, 1, 1, 1, 1, 1, 1, 1, 1, 1, 1, 1, 1, 1, 1, 1, 1, 1, 1, 1, 1, 1, 1, 1, 1, 1, 1, 1, 1, 1, 1, 1, 1, 1, 1, 1, 1, 1, 1, 1, 1, 1, 1, 1, 1, 1, 1, 1, 1, 1, 1, 1, 1, 1, 1, 1, 1, 1, 1, 1, 1, 1, 1, 1, 1, 1, 1, 1, 1, 1, 1, 1, 1, 1, 1, 1, 1, 1, 1, 1, 1, 1, 1, 1, 1, 1, 1, 1, 1, 1, 1, 1, 1, 1, 1, 1, 1, 1, 1, 1, 1, 1, 1, 1, 1, 1, 1, 1, 1, 1, 1, 1, 1, 1, 1, 1, 1, 1, 1, 1, 1, 1, 1, 1, 1, 1, 1, 1, 1, 1, 1, 1, 1, 1, 1, 1, 1, 1, 1, 1, 1, 1, 1, 1, 1, 1, 1, 1, 1, 1, 1, 1, 1, 1, 1, 1, 1, 1, 1, 1, 1, 1, 1, 1, 1, 1, 1, 1, 1, 1, 1, 1, 1, 1, 1, 1, 1, 1, 1, 1, 1, 1, 1, 1, 1, 1, 1, 1, 1, 1, 1, 1, 1, 1, 1, 1, 1, 1, 1, 1, 1, 1, 1, 1, 1, 1, 1, 1, 1, 1, 1, 1, 1, 1, 1, 1, 1, 1, 1, 1, 1, 1, 1, 1, 1, 1, 1, 1, 1, 1, 1, 1, 1, 1, 1, 1, 1, 1, 1, 1, 1, 1, 1, 1, 1, 1, 1, 1, 1, 1, 1, 1, 1, 1, 1, 1, 1, 1, 1, 1, 1, 1, 1, 1, 1, 1, 1, 1, 1, 1, 1, 1, 1, 1, 1, 1, 1, 1, 1, 1, 1, 1, 1, 1, 1, 1, 1, 1, 1, 1, 1, 1, 1, 1, 1, 1, 1, 1, 1, 1, 1, 1, 1, 1, 1, 1, 1, 1, 1, 1, 1, 1, 1, 1, 1, 1, 1, 1, 1, 1, 1, 1, 1, 1, 1, 1, 1, 1, 1, 1, 1, 1, 1, 1, 1, 1, 1, 1, 1, 1, 1, 1, 1, 1, 1, 1, 1, 1, 1, 1, 1, 1, 1, 1, 1, 1, 1, 1, 1, 1, 1, 1, 1, 1, 1, 1, 1, 1, 1, 1, 1, 1, 1, 1, 1, 1, 1, 1, 1, 1, 1, 1, 1, 1, 1, 1, 1, 1, 1, 1, 1, 1, 1, 1, 1, 1, 1, 1, 1, 1, 1, 1, 1, 1, 1, 1, 1, 1, 1, 1, 1, 1, 1, 1, 1, 1, 1], [1, 1, 1, 1, 1, 1, 1, 1, 1, 1, 1, 1, 1, 1, 1, 1, 1, 1, 1, 1, 1, 1, 1, 1, 1, 1, 1, 1, 1, 1, 1, 1, 1, 1, 1, 1, 1, 1, 1, 1, 1, 1, 1, 1, 1, 1, 1, 1, 1, 1, 1, 1, 1, 1, 1, 1, 1, 1, 1, 1, 1, 1, 1, 1, 1, 1, 1, 1, 1, 1, 1, 1, 1, 1, 1, 1, 1, 1, 1, 1, 1, 1, 1, 1, 1, 1, 1, 1, 1, 1, 1, 1, 1, 1, 1, 1, 1, 1, 1, 1, 1, 1, 1, 1, 1, 1, 1, 1, 1, 1, 1, 1, 1, 1, 1, 1, 1, 1, 1, 1, 1, 1, 1, 1, 1, 1, 1, 1, 1, 1, 1, 1, 1, 1, 1, 1, 1, 1, 1, 1, 1, 1, 1, 1, 1, 1, 1, 1, 1, 1, 1, 1, 1, 1, 1, 1, 1, 1, 1, 1, 1, 1, 1, 1, 1, 1, 1, 1, 1, 1, 1, 1, 1, 1, 1, 1, 1, 1, 1, 1, 1, 1, 1, 1, 1, 1, 1, 1, 1, 1, 1, 1, 1, 1, 1, 1, 1, 1, 1, 1, 1, 1, 1, 1, 1, 1, 1, 1, 1, 1, 1, 1, 1, 1, 1, 1, 1, 1, 1, 1, 1, 1, 1, 1, 1, 1, 1, 1, 1, 1, 1, 1, 1, 1, 1, 1, 1, 1, 1, 1, 1, 1, 1, 1, 1, 1, 1, 1, 1, 1, 1, 1, 1, 1, 1, 1, 1, 1, 1, 1, 1, 1, 1, 1, 1, 1, 1, 1, 1, 1, 1, 1, 1, 1, 1, 1, 1, 1, 1, 1, 1, 1, 1, 1, 1, 1, 1, 1, 1, 1, 1, 1, 1, 1, 1, 1, 1, 1, 1, 1, 1, 1, 1, 1, 1, 1, 1, 1, 1, 1, 1, 1, 1, 1, 1, 1, 1, 1, 1, 1, 1, 1, 1, 1, 1, 1, 1, 1, 1, 1, 1, 1, 1, 1, 1, 1, 1, 1, 1, 1, 1, 1, 1, 1, 1, 1, 1, 1, 1, 1, 1, 1, 1, 1, 1, 1, 1, 1, 1, 1, 1, 1, 1, 1, 1, 1, 1, 1, 1, 1, 1, 1, 1, 1, 1, 1, 1, 1, 1, 1, 1, 1, 1, 1, 1, 1, 1, 1, 1, 1, 1, 1, 1, 1, 1, 1, 1, 1, 1, 1, 1, 1, 1, 1, 1, 1, 1, 1, 1, 1, 1, 1, 1, 1, 1, 1, 1, 1, 1, 1, 1, 1, 1, 1, 1, 1, 1, 1, 1], [1, 1, 1, 1, 1, 1, 1, 1, 1, 1, 1, 1, 1, 1, 1, 1, 1, 1, 1, 1, 1, 1, 1, 1, 1, 1, 1, 1, 1, 1, 1, 1, 1, 1, 1, 1, 1, 1, 1, 1, 1, 1, 1, 1, 1, 1, 1, 1, 1, 1, 1, 1, 1, 1, 1, 1, 1, 1, 1, 1, 1, 1, 1, 1, 1, 1, 1, 1, 1, 1, 1, 1, 1, 1, 1, 1, 1, 1, 1, 1, 1, 1, 1, 1, 1, 1, 1, 1, 1, 1, 1, 1, 1, 1, 1, 1, 1, 1, 1, 1, 1, 1, 1, 1, 1, 1, 1, 1, 1, 1, 1, 1, 1, 1, 1, 1, 1, 1, 1, 1, 1, 1, 1, 1, 1, 1, 1, 1, 1, 1, 1, 1, 1, 1, 1, 1, 1, 1, 1, 1, 1, 1, 1, 1, 1, 1, 1, 1, 1, 1, 1, 1, 1, 1, 1, 1, 1, 1, 1, 1, 1, 1, 1, 1, 1, 1, 1, 1, 1, 1, 1, 1, 1, 1, 1, 1, 1, 1, 1, 1, 1, 1, 1, 1, 1, 1, 1, 1, 1, 1, 1, 1, 1, 1, 1, 1, 1, 1, 1, 1, 1, 1, 1, 1, 1, 1, 1, 1, 1, 1, 1, 1, 1, 1, 1, 1, 1, 1, 1, 1, 1, 1, 1, 1, 1, 1, 1, 1, 1, 1, 1, 1, 1, 1, 1, 1, 1, 1, 1, 1, 1, 1, 1, 1, 1, 1, 1, 1, 1, 1, 1, 1, 1, 1, 1, 1, 1, 1, 1, 1, 1, 1, 1, 1, 1, 1, 1, 1, 1, 1, 1, 1, 1, 1, 1, 1, 1, 1, 1, 1, 1, 1, 1, 1, 1, 1, 1, 1, 1, 1, 1, 1, 1, 1, 1, 1, 1, 1, 1, 1, 1, 1, 1, 1, 1, 1, 1, 1, 1, 1, 1, 1, 1, 1, 1, 1, 1, 1, 1, 1, 1, 1, 1, 1, 1, 1, 1, 1, 1, 1, 1, 1, 1, 1, 1, 1, 1, 1, 1, 1, 1, 1, 1, 1, 1, 1, 1, 1, 1, 1, 1, 1, 1, 1, 1, 1, 1, 1, 1, 1, 1, 1, 1, 1, 1, 1, 1, 1, 1, 1, 1, 1, 1, 1, 1, 1, 1, 1, 1, 1, 1, 1, 1, 1, 1, 1, 1, 1, 1, 1, 1, 1, 1, 1, 1, 1, 1, 1, 1, 1, 1, 1, 1, 1, 1, 1, 1, 1, 1, 1, 1, 1, 1, 1, 1, 1, 1, 1, 1, 1, 1, 1, 1, 1, 1, 1, 1, 1, 1, 1, 1, 1, 1, 1, 1, 1, 1, 1, 1, 1, 1, 1, 1, 1, 1], [1, 1, 1, 1, 1, 1, 1, 1, 1, 1, 1, 1, 1, 1, 1, 1, 1, 1, 1, 1, 1, 1, 1, 1, 1, 1, 1, 1, 1, 1, 1, 1, 1, 1, 1, 1, 1, 1, 1, 1, 1, 1, 1, 1, 1, 1, 1, 1, 1, 1, 1, 1, 1, 1, 1, 1, 1, 1, 1, 1, 1, 1, 1, 1, 1, 1, 1, 1, 1, 1, 1, 1, 1, 1, 1, 1, 1, 1, 1, 1, 1, 1, 1, 1, 1, 1, 1, 1, 1, 1, 1, 1, 1, 1, 1, 1, 1, 1, 1, 1, 1, 1, 1, 1, 1, 1, 1, 1, 1, 1, 1, 1, 1, 1, 1, 1, 1, 1, 1, 1, 1, 1, 1, 1, 1, 1, 1, 1, 1, 1, 1, 1, 1, 1, 1, 1, 1, 1, 1, 1, 1, 1, 1, 1, 1, 1, 1, 1, 1, 1, 1, 1, 1, 1, 1, 1, 1, 1, 1, 1, 1, 1, 1, 1, 1, 1, 1, 1, 1, 1, 1, 1, 1, 1, 1, 1, 1, 1, 1, 1, 1, 1, 1, 1, 1, 1, 1, 1, 1, 1, 1, 1, 1, 1, 1, 1, 1, 1, 1, 1, 1, 1, 1, 1, 1, 1, 1, 1, 1, 1, 1, 1, 1, 1, 1, 1, 1, 1, 1, 1, 1, 1, 1, 1, 1, 1, 1, 1, 1, 1, 1, 1, 1, 1, 1, 1, 1, 1, 1, 1, 1, 1, 1, 1, 1, 1, 1, 1, 1, 1, 1, 1, 1, 1, 1, 1, 1, 1, 1, 1, 1, 1, 1, 1, 1, 1, 1, 1, 1, 1, 1, 1, 1, 1, 1, 1, 1, 1, 1, 1, 1, 1, 1, 1, 1, 1, 1, 1, 1, 1, 1, 1, 1, 1, 1, 1, 1, 1, 1, 1, 1, 1, 1, 1, 1, 1, 1, 1, 1, 1, 1, 1, 1, 1, 1, 1, 1, 1, 1, 1, 1, 1, 1, 1, 1, 1, 1, 1, 1, 1, 1, 1, 1, 1, 1, 1, 1, 1, 1, 1, 1, 1, 1, 1, 1, 1, 1, 1, 1, 1, 1, 1, 1, 1, 1, 1, 1, 1, 1, 1, 1, 1, 1, 1, 1, 1, 1, 1, 1, 1, 1, 1, 1, 1, 1, 1, 1, 1, 1, 1, 1, 1, 1, 1, 1, 1, 1, 1, 1, 1, 1, 1, 1, 1, 1, 1, 1, 1, 1, 1, 1, 1, 1, 1, 1, 1, 1, 1, 1, 1, 1, 1, 1, 1, 1, 1, 1, 1, 1, 1, 1, 1, 1, 1, 1, 1, 1]]
  data_path ....................................... None
  dataloader_type ................................. single
  DDP_impl ........................................ local
  decoder_seq_length .............................. None
  distribute_checkpointed_activations ............. False
  distributed_backend ............................. nccl
  embedding_path .................................. None
  empty_unused_memory_level ....................... 0
  encoder_seq_length .............................. 2048
  eod_mask_loss ................................... False
  eval_interval ................................... 1000
  eval_iters ...................................... 0
  evidence_data_path .............................. None
  exit_duration_in_mins ........................... None
  exit_interval ................................... None
  ffn_hidden_size ................................. 2048
  finetune ........................................ False
  flexpipe_config ................................. /home/liminglong.lml/sxz/SuperScaler/logs-large/aceso/configs/scale-layer/256layers/top_configs/scale-layer_256layers_8stages_2026-5-16-3-19-19.json
  fp16 ............................................ True
  fp16_lm_cross_entropy ........................... False
  fp32_residual_connection ........................ False
  global_batch_size ............................... 1024
  hidden_dropout .................................. 0.1
  hidden_size ..................................... 512
  hysteresis ...................................... 2
  ict_head_size ................................... None
  ict_load ........................................ None
  img_dim ......................................... 224
  indexer_batch_size .............................. 128
  indexer_log_interval ............................ 1000
  init_method_std ................................. 0.02
  init_method_xavier_uniform ...................... False
  initial_loss_scale .............................. 4294967296
  interleave_factor ............................... 1
  kv_channels ..................................... 64
  layernorm_epsilon ............................... 1e-05
  lazy_mpu_init ................................... None
  load ............................................ None
  local_rank ...................................... 0
  log_batch_size_to_tensorboard ................... False
  log_interval .................................... 1
  log_learning_rate_to_tensorboard ................ True
  log_loss_scale_to_tensorboard ................... True
  log_name ........................................ scale-layer_256layers_8stages_2026-5-16-3-19-19
  log_num_zeros_in_grad ........................... False
  log_params_norm ................................. False
  log_path ........................................ /home/liminglong.lml/sxz/SuperScaler/logs-large/aceso/runtime/scale-layer/256layers/
  log_timers_to_tensorboard ....................... False
  log_validation_ppl_to_tensorboard ............... False
  loss_scale ...................................... None
  loss_scale_window ............................... 1000
  lr .............................................. 0.00015
  lr_decay_iters .................................. 320000
  lr_decay_samples ................................ None
  lr_decay_style .................................. cosine
  lr_warmup_fraction .............................. 0.01
  lr_warmup_iters ................................. 0
  lr_warmup_samples ............................... 0
  make_vocab_size_divisible_by .................... 128
  mask_prob ....................................... 0.15
  masked_softmax_fusion ........................... True
  max_position_embeddings ......................... 2048
  merge_file ...................................... vocabs/gpt2-merges.txt
  micro_batch_size ................................ 4
  min_loss_scale .................................. 1.0
  min_lr .......................................... 1e-05
  mmap_warmup ..................................... False
  model_name ...................................... gpt
  model_parallel_size ............................. None
  model_parallel_size_of_each_op .................. [[1, 1, 1, 1, 1, 1, 1, 1, 1, 1, 1, 1, 1, 1, 1, 1, 1, 1, 1, 1, 1, 1, 1, 1, 1, 1, 1, 1, 1, 1, 1, 1, 1, 1, 1, 1, 1, 1, 1, 1, 1, 1, 1, 1, 1, 1, 1, 1, 1, 1, 1, 1, 1, 1, 1, 1, 1, 1, 1, 1, 1, 1, 1, 1, 1, 1, 1, 1, 1, 1, 1, 1, 1, 1, 1, 1, 1, 1, 1, 1, 1, 1, 1, 1, 1, 1, 1, 1, 1, 1, 1, 1, 1, 1, 1, 1, 1, 1, 1, 1, 1, 1, 1, 1, 1, 1, 1, 1, 1, 1, 1, 1, 1, 1, 1, 1, 1, 1, 1, 1, 1, 1, 1, 1, 1, 1, 1, 1, 1, 1, 1, 1, 1, 1, 1, 1, 1, 1, 1, 1, 1, 1, 1, 1, 1, 1, 1, 1, 1, 1, 1, 1, 1, 1, 1, 1, 1, 1, 1, 1, 1, 1, 1, 1, 1, 1, 1, 1, 1, 1, 1, 1, 1, 1, 1, 1, 1, 1, 1, 1, 1, 1, 1, 1, 1, 1, 1, 1, 1, 1, 1, 1, 1, 1, 1, 1, 1, 1, 1, 1, 1, 1, 1, 1, 1, 1, 1, 1, 1, 1, 1, 1, 1, 1, 1, 1, 1, 1, 1, 1, 1, 1, 1, 1, 1, 1, 1, 1, 1, 1, 1, 1, 1, 1, 1, 1, 1, 1, 1, 1, 1, 1, 1, 1, 1, 1, 1, 1, 1, 1, 1, 1, 1, 1, 1, 1, 1, 1, 1, 1, 1, 1, 1, 1, 1, 1, 1, 1, 1, 1, 1, 1, 1, 1, 1, 1, 1, 1, 1, 1, 1, 1, 1, 1, 1, 1, 1, 1, 1, 1, 1, 1, 1, 1, 1, 1, 1, 1, 1, 1, 1, 1, 1, 1, 1, 1, 1, 1, 1, 1, 1, 1, 1, 1, 1, 1, 1, 1, 1, 1, 1, 1, 1, 1, 1, 1, 1, 1, 1, 1, 1, 1, 1, 1, 1, 1, 1, 1, 1, 1, 1, 1, 1, 1, 1, 1, 1, 1, 1, 1, 1, 1, 1, 1, 1, 1, 1, 1, 1, 1, 1, 1, 1, 1, 1, 1, 1, 1, 1, 1, 1, 1, 1, 1, 1, 1, 1, 1, 1, 1, 1, 1, 1, 1, 1, 1, 1, 1, 1, 1, 1, 1, 1], [1, 1, 1, 1, 1, 1, 1, 1, 1, 1, 1, 1, 1, 1, 1, 1, 1, 1, 1, 1, 1, 1, 1, 1, 1, 1, 1, 1, 1, 1, 1, 1, 1, 1, 1, 1, 1, 1, 1, 1, 1, 1, 1, 1, 1, 1, 1, 1, 1, 1, 1, 1, 1, 1, 1, 1, 1, 1, 1, 1, 1, 1, 1, 1, 1, 1, 1, 1, 1, 1, 1, 1, 1, 1, 1, 1, 1, 1, 1, 1, 1, 1, 1, 1, 1, 1, 1, 1, 1, 1, 1, 1, 1, 1, 1, 1, 1, 1, 1, 1, 1, 1, 1, 1, 1, 1, 1, 1, 1, 1, 1, 1, 1, 1, 1, 1, 1, 1, 1, 1, 1, 1, 1, 1, 1, 1, 1, 1, 1, 1, 1, 1, 1, 1, 1, 1, 1, 1, 1, 1, 1, 1, 1, 1, 1, 1, 1, 1, 1, 1, 1, 1, 1, 1, 1, 1, 1, 1, 1, 1, 1, 1, 1, 1, 1, 1, 1, 1, 1, 1, 1, 1, 1, 1, 1, 1, 1, 1, 1, 1, 1, 1, 1, 1, 1, 1, 1, 1, 1, 1, 1, 1, 1, 1, 1, 1, 1, 1, 1, 1, 1, 1, 1, 1, 1, 1, 1, 1, 1, 1, 1, 1, 1, 1, 1, 1, 1, 1, 1, 1, 1, 1, 1, 1, 1, 1, 1, 1, 1, 1, 1, 1, 1, 1, 1, 1, 1, 1, 1, 1, 1, 1, 1, 1, 1, 1, 1, 1, 1, 1, 1, 1, 1, 1, 1, 1, 1, 1, 1, 1, 1, 1, 1, 1, 1, 1, 1, 1, 1, 1, 1, 1, 1, 1, 1, 1, 1, 1, 1, 1, 1, 1, 1, 1, 1, 1, 1, 1, 1, 1, 1, 1, 1, 1, 1, 1, 1, 1, 1, 1, 1, 1, 1, 1, 1, 1, 1, 1, 1, 1, 1, 1, 1, 1, 1, 1, 1, 1, 1, 1, 1, 1, 1, 1, 1, 1, 1, 1, 1, 1, 1, 1, 1, 1, 1, 1, 1, 1, 1, 1, 1, 1, 1, 1, 1, 1, 1, 1, 1, 1, 1, 1, 1, 1, 1, 1, 1, 1, 1, 1, 1, 1, 1, 1, 1, 1, 1, 1, 1, 1, 1, 1, 1, 1, 1, 1, 1, 1, 1, 1, 1, 1, 1, 1, 1, 1, 1, 1, 1, 1, 1, 1, 1, 1, 1, 1, 1], [1, 1, 1, 1, 1, 1, 1, 1, 1, 1, 1, 1, 1, 1, 1, 1, 1, 1, 1, 1, 1, 1, 1, 1, 1, 1, 1, 1, 1, 1, 1, 1, 1, 1, 1, 1, 1, 1, 1, 1, 1, 1, 1, 1, 1, 1, 1, 1, 1, 1, 1, 1, 1, 1, 1, 1, 1, 1, 1, 1, 1, 1, 1, 1, 1, 1, 1, 1, 1, 1, 1, 1, 1, 1, 1, 1, 1, 1, 1, 1, 1, 1, 1, 1, 1, 1, 1, 1, 1, 1, 1, 1, 1, 1, 1, 1, 1, 1, 1, 1, 1, 1, 1, 1, 1, 1, 1, 1, 1, 1, 1, 1, 1, 1, 1, 1, 1, 1, 1, 1, 1, 1, 1, 1, 1, 1, 1, 1, 1, 1, 1, 1, 1, 1, 1, 1, 1, 1, 1, 1, 1, 1, 1, 1, 1, 1, 1, 1, 1, 1, 1, 1, 1, 1, 1, 1, 1, 1, 1, 1, 1, 1, 1, 1, 1, 1, 1, 1, 1, 1, 1, 1, 1, 1, 1, 1, 1, 1, 1, 1, 1, 1, 1, 1, 1, 1, 1, 1, 1, 1, 1, 1, 1, 1, 1, 1, 1, 1, 1, 1, 1, 1, 1, 1, 1, 1, 1, 1, 1, 1, 1, 1, 1, 1, 1, 1, 1, 1, 1, 1, 1, 1, 1, 1, 1, 1, 1, 1, 1, 1, 1, 1, 1, 1, 1, 1, 1, 1, 1, 1, 1, 1, 1, 1, 1, 1, 1, 1, 1, 1, 1, 1, 1, 1, 1, 1, 1, 1, 1, 1, 1, 1, 1, 1, 1, 1, 1, 1, 1, 1, 1, 1, 1, 1, 1, 1, 1, 1, 1, 1, 1, 1, 1, 1, 1, 1, 1, 1, 1, 1, 1, 1, 1, 1, 1, 1, 1, 1, 1, 1, 1, 1, 1, 1, 1, 1, 1, 1, 1, 1, 1, 1, 1, 1, 1, 1, 1, 1, 1, 1, 1, 1, 1, 1, 1, 1, 1, 1, 1, 1, 1, 1, 1, 1, 1, 1, 1, 1, 1, 1, 1, 1, 1, 1, 1, 1, 1, 1, 1, 1, 1, 1, 1, 1, 1, 1, 1, 1, 1, 1, 1, 1, 1, 1, 1, 1, 1, 1, 1, 1, 1, 1, 1, 1, 1, 1, 1, 1, 1, 1, 1, 1, 1, 1, 1, 1, 1, 1, 1, 1, 1, 1, 1, 1, 1, 1, 1, 1, 1, 1, 1, 1, 1, 1, 1, 1, 1, 1], [1, 1, 1, 1, 1, 1, 1, 1, 1, 1, 1, 1, 1, 1, 1, 1, 1, 1, 1, 1, 1, 1, 1, 1, 1, 1, 1, 1, 1, 1, 1, 1, 1, 1, 1, 1, 1, 1, 1, 1, 1, 1, 1, 1, 1, 1, 1, 1, 1, 1, 1, 1, 1, 1, 1, 1, 1, 1, 1, 1, 1, 1, 1, 1, 1, 1, 1, 1, 1, 1, 1, 1, 1, 1, 1, 1, 1, 1, 1, 1, 1, 1, 1, 1, 1, 1, 1, 1, 1, 1, 1, 1, 1, 1, 1, 1, 1, 1, 1, 1, 1, 1, 1, 1, 1, 1, 1, 1, 1, 1, 1, 1, 1, 1, 1, 1, 1, 1, 1, 1, 1, 1, 1, 1, 1, 1, 1, 1, 1, 1, 1, 1, 1, 1, 1, 1, 1, 1, 1, 1, 1, 1, 1, 1, 1, 1, 1, 1, 1, 1, 1, 1, 1, 1, 1, 1, 1, 1, 1, 1, 1, 1, 1, 1, 1, 1, 1, 1, 1, 1, 1, 1, 1, 1, 1, 1, 1, 1, 1, 1, 1, 1, 1, 1, 1, 1, 1, 1, 1, 1, 1, 1, 1, 1, 1, 1, 1, 1, 1, 1, 1, 1, 1, 1, 1, 1, 1, 1, 1, 1, 1, 1, 1, 1, 1, 1, 1, 1, 1, 1, 1, 1, 1, 1, 1, 1, 1, 1, 1, 1, 1, 1, 1, 1, 1, 1, 1, 1, 1, 1, 1, 1, 1, 1, 1, 1, 1, 1, 1, 1, 1, 1, 1, 1, 1, 1, 1, 1, 1, 1, 1, 1, 1, 1, 1, 1, 1, 1, 1, 1, 1, 1, 1, 1, 1, 1, 1, 1, 1, 1, 1, 1, 1, 1, 1, 1, 1, 1, 1, 1, 1, 1, 1, 1, 1, 1, 1, 1, 1, 1, 1, 1, 1, 1, 1, 1, 1, 1, 1, 1, 1, 1, 1, 1, 1, 1, 1, 1, 1, 1, 1, 1, 1, 1, 1, 1, 1, 1, 1, 1, 1, 1, 1, 1, 1, 1, 1, 1, 1, 1, 1, 1, 1, 1, 1, 1, 1, 1, 1, 1, 1, 1, 1, 1, 1, 1, 1, 1, 1, 1, 1, 1, 1, 1, 1, 1, 1, 1, 1, 1, 1, 1, 1, 1, 1, 1, 1, 1, 1, 1, 1, 1, 1, 1, 1, 1, 1, 1, 1, 1, 1, 1, 1, 1, 1, 1, 1, 1, 1, 1, 1, 1, 1, 1, 1, 1, 1, 1], [1, 1, 1, 1, 1, 1, 1, 1, 1, 1, 1, 1, 1, 1, 1, 1, 1, 1, 1, 1, 1, 1, 1, 1, 1, 1, 1, 1, 1, 1, 1, 1, 1, 1, 1, 1, 1, 1, 1, 1, 1, 1, 1, 1, 1, 1, 1, 1, 1, 1, 1, 1, 1, 1, 1, 1, 1, 1, 1, 1, 1, 1, 1, 1, 1, 1, 1, 1, 1, 1, 1, 1, 1, 1, 1, 1, 1, 1, 1, 1, 1, 1, 1, 1, 1, 1, 1, 1, 1, 1, 1, 1, 1, 1, 1, 1, 1, 1, 1, 1, 1, 1, 1, 1, 1, 1, 1, 1, 1, 1, 1, 1, 1, 1, 1, 1, 1, 1, 1, 1, 1, 1, 1, 1, 1, 1, 1, 1, 1, 1, 1, 1, 1, 1, 1, 1, 1, 1, 1, 1, 1, 1, 1, 1, 1, 1, 1, 1, 1, 1, 1, 1, 1, 1, 1, 1, 1, 1, 1, 1, 1, 1, 1, 1, 1, 1, 1, 1, 1, 1, 1, 1, 1, 1, 1, 1, 1, 1, 1, 1, 1, 1, 1, 1, 1, 1, 1, 1, 1, 1, 1, 1, 1, 1, 1, 1, 1, 1, 1, 1, 1, 1, 1, 1, 1, 1, 1, 1, 1, 1, 1, 1, 1, 1, 1, 1, 1, 1, 1, 1, 1, 1, 1, 1, 1, 1, 1, 1, 1, 1, 1, 1, 1, 1, 1, 1, 1, 1, 1, 1, 1, 1, 1, 1, 1, 1, 1, 1, 1, 1, 1, 1, 1, 1, 1, 1, 1, 1, 1, 1, 1, 1, 1, 1, 1, 1, 1, 1, 1, 1, 1, 1, 1, 1, 1, 1, 1, 1, 1, 1, 1, 1, 1, 1, 1, 1, 1, 1, 1, 1, 1, 1, 1, 1, 1, 1, 1, 1, 1, 1, 1, 1, 1, 1, 1, 1, 1, 1, 1, 1, 1, 1, 1, 1, 1, 1, 1, 1, 1, 1, 1, 1, 1, 1, 1, 1, 1, 1, 1, 1, 1, 1, 1, 1, 1, 1, 1, 1, 1, 1, 1, 1, 1, 1, 1, 1, 1, 1, 1, 1, 1, 1, 1, 1, 1, 1, 1, 1, 1, 1, 1, 1, 1, 1, 1, 1, 1, 1, 1, 1, 1, 1, 1, 1, 1, 1, 1, 1, 1, 1, 1, 1, 1, 1, 1, 1, 1, 1, 1, 1, 1, 1, 1, 1, 1, 1, 1, 1, 1, 1, 1, 1, 1, 1, 1, 1, 1, 1, 1, 1, 1, 1, 1, 1, 1, 1, 1, 1, 1, 1, 1, 1, 1, 1], [1, 1, 1, 1, 1, 1, 1, 1, 1, 1, 1, 1, 1, 1, 1, 1, 1, 1, 1, 1, 1, 1, 1, 1, 1, 1, 1, 1, 1, 1, 1, 1, 1, 1, 1, 1, 1, 1, 1, 1, 1, 1, 1, 1, 1, 1, 1, 1, 1, 1, 1, 1, 1, 1, 1, 1, 1, 1, 1, 1, 1, 1, 1, 1, 1, 1, 1, 1, 1, 1, 1, 1, 1, 1, 1, 1, 1, 1, 1, 1, 1, 1, 1, 1, 1, 1, 1, 1, 1, 1, 1, 1, 1, 1, 1, 1, 1, 1, 1, 1, 1, 1, 1, 1, 1, 1, 1, 1, 1, 1, 1, 1, 1, 1, 1, 1, 1, 1, 1, 1, 1, 1, 1, 1, 1, 1, 1, 1, 1, 1, 1, 1, 1, 1, 1, 1, 1, 1, 1, 1, 1, 1, 1, 1, 1, 1, 1, 1, 1, 1, 1, 1, 1, 1, 1, 1, 1, 1, 1, 1, 1, 1, 1, 1, 1, 1, 1, 1, 1, 1, 1, 1, 1, 1, 1, 1, 1, 1, 1, 1, 1, 1, 1, 1, 1, 1, 1, 1, 1, 1, 1, 1, 1, 1, 1, 1, 1, 1, 1, 1, 1, 1, 1, 1, 1, 1, 1, 1, 1, 1, 1, 1, 1, 1, 1, 1, 1, 1, 1, 1, 1, 1, 1, 1, 1, 1, 1, 1, 1, 1, 1, 1, 1, 1, 1, 1, 1, 1, 1, 1, 1, 1, 1, 1, 1, 1, 1, 1, 1, 1, 1, 1, 1, 1, 1, 1, 1, 1, 1, 1, 1, 1, 1, 1, 1, 1, 1, 1, 1, 1, 1, 1, 1, 1, 1, 1, 1, 1, 1, 1, 1, 1, 1, 1, 1, 1, 1, 1, 1, 1, 1, 1, 1, 1, 1, 1, 1, 1, 1, 1, 1, 1, 1, 1, 1, 1, 1, 1, 1, 1, 1, 1, 1, 1, 1, 1, 1, 1, 1, 1, 1, 1, 1, 1, 1, 1, 1, 1, 1, 1, 1, 1, 1, 1, 1, 1, 1, 1, 1, 1, 1, 1, 1, 1, 1, 1, 1, 1, 1, 1, 1, 1, 1, 1, 1, 1, 1, 1, 1, 1, 1, 1, 1, 1, 1, 1, 1, 1, 1, 1, 1, 1, 1, 1, 1, 1, 1, 1, 1, 1, 1, 1, 1, 1, 1, 1, 1, 1, 1, 1, 1, 1, 1, 1, 1, 1, 1, 1, 1, 1, 1, 1, 1, 1, 1, 1, 1, 1, 1, 1, 1, 1, 1, 1, 1, 1, 1, 1, 1, 1, 1, 1, 1, 1, 1, 1, 1, 1, 1], [1, 1, 1, 1, 1, 1, 1, 1, 1, 1, 1, 1, 1, 1, 1, 1, 1, 1, 1, 1, 1, 1, 1, 1, 1, 1, 1, 1, 1, 1, 1, 1, 1, 1, 1, 1, 1, 1, 1, 1, 1, 1, 1, 1, 1, 1, 1, 1, 1, 1, 1, 1, 1, 1, 1, 1, 1, 1, 1, 1, 1, 1, 1, 1, 1, 1, 1, 1, 1, 1, 1, 1, 1, 1, 1, 1, 1, 1, 1, 1, 1, 1, 1, 1, 1, 1, 1, 1, 1, 1, 1, 1, 1, 1, 1, 1, 1, 1, 1, 1, 1, 1, 1, 1, 1, 1, 1, 1, 1, 1, 1, 1, 1, 1, 1, 1, 1, 1, 1, 1, 1, 1, 1, 1, 1, 1, 1, 1, 1, 1, 1, 1, 1, 1, 1, 1, 1, 1, 1, 1, 1, 1, 1, 1, 1, 1, 1, 1, 1, 1, 1, 1, 1, 1, 1, 1, 1, 1, 1, 1, 1, 1, 1, 1, 1, 1, 1, 1, 1, 1, 1, 1, 1, 1, 1, 1, 1, 1, 1, 1, 1, 1, 1, 1, 1, 1, 1, 1, 1, 1, 1, 1, 1, 1, 1, 1, 1, 1, 1, 1, 1, 1, 1, 1, 1, 1, 1, 1, 1, 1, 1, 1, 1, 1, 1, 1, 1, 1, 1, 1, 1, 1, 1, 1, 1, 1, 1, 1, 1, 1, 1, 1, 1, 1, 1, 1, 1, 1, 1, 1, 1, 1, 1, 1, 1, 1, 1, 1, 1, 1, 1, 1, 1, 1, 1, 1, 1, 1, 1, 1, 1, 1, 1, 1, 1, 1, 1, 1, 1, 1, 1, 1, 1, 1, 1, 1, 1, 1, 1, 1, 1, 1, 1, 1, 1, 1, 1, 1, 1, 1, 1, 1, 1, 1, 1, 1, 1, 1, 1, 1, 1, 1, 1, 1, 1, 1, 1, 1, 1, 1, 1, 1, 1, 1, 1, 1, 1, 1, 1, 1, 1, 1, 1, 1, 1, 1, 1, 1, 1, 1, 1, 1, 1, 1, 1, 1, 1, 1, 1, 1, 1, 1, 1, 1, 1, 1, 1, 1, 1, 1, 1, 1, 1, 1, 1, 1, 1, 1, 1, 1, 1, 1, 1, 1, 1, 1, 1, 1, 1, 1, 1, 1, 1, 1, 1, 1, 1, 1, 1, 1, 1, 1, 1, 1, 1, 1, 1, 1, 1, 1, 1, 1, 1, 1, 1, 1, 1, 1, 1, 1, 1, 1, 1, 1, 1, 1, 1, 1, 1, 1, 1, 1, 1, 1, 1, 1, 1, 1, 1, 1, 1, 1, 1, 1, 1, 1, 1, 1, 1, 1, 1, 1, 1, 1, 1, 1, 1, 1, 1, 1, 1, 1, 1, 1, 1], [1, 1, 1, 1, 1, 1, 1, 1, 1, 1, 1, 1, 1, 1, 1, 1, 1, 1, 1, 1, 1, 1, 1, 1, 1, 1, 1, 1, 1, 1, 1, 1, 1, 1, 1, 1, 1, 1, 1, 1, 1, 1, 1, 1, 1, 1, 1, 1, 1, 1, 1, 1, 1, 1, 1, 1, 1, 1, 1, 1, 1, 1, 1, 1, 1, 1, 1, 1, 1, 1, 1, 1, 1, 1, 1, 1, 1, 1, 1, 1, 1, 1, 1, 1, 1, 1, 1, 1, 1, 1, 1, 1, 1, 1, 1, 1, 1, 1, 1, 1, 1, 1, 1, 1, 1, 1, 1, 1, 1, 1, 1, 1, 1, 1, 1, 1, 1, 1, 1, 1, 1, 1, 1, 1, 1, 1, 1, 1, 1, 1, 1, 1, 1, 1, 1, 1, 1, 1, 1, 1, 1, 1, 1, 1, 1, 1, 1, 1, 1, 1, 1, 1, 1, 1, 1, 1, 1, 1, 1, 1, 1, 1, 1, 1, 1, 1, 1, 1, 1, 1, 1, 1, 1, 1, 1, 1, 1, 1, 1, 1, 1, 1, 1, 1, 1, 1, 1, 1, 1, 1, 1, 1, 1, 1, 1, 1, 1, 1, 1, 1, 1, 1, 1, 1, 1, 1, 1, 1, 1, 1, 1, 1, 1, 1, 1, 1, 1, 1, 1, 1, 1, 1, 1, 1, 1, 1, 1, 1, 1, 1, 1, 1, 1, 1, 1, 1, 1, 1, 1, 1, 1, 1, 1, 1, 1, 1, 1, 1, 1, 1, 1, 1, 1, 1, 1, 1, 1, 1, 1, 1, 1, 1, 1, 1, 1, 1, 1, 1, 1, 1, 1, 1, 1, 1, 1, 1, 1, 1, 1, 1, 1, 1, 1, 1, 1, 1, 1, 1, 1, 1, 1, 1, 1, 1, 1, 1, 1, 1, 1, 1, 1, 1, 1, 1, 1, 1, 1, 1, 1, 1, 1, 1, 1, 1, 1, 1, 1, 1, 1, 1, 1, 1, 1, 1, 1, 1, 1, 1, 1, 1, 1, 1, 1, 1, 1, 1, 1, 1, 1, 1, 1, 1, 1, 1, 1, 1, 1, 1, 1, 1, 1, 1, 1, 1, 1, 1, 1, 1, 1, 1, 1, 1, 1, 1, 1, 1, 1, 1, 1, 1, 1, 1, 1, 1, 1, 1, 1, 1, 1, 1, 1, 1, 1, 1, 1, 1, 1, 1, 1, 1, 1, 1, 1, 1, 1, 1, 1, 1, 1, 1, 1, 1, 1, 1, 1, 1, 1, 1, 1, 1, 1, 1, 1, 1, 1, 1, 1, 1, 1, 1, 1, 1, 1, 1, 1, 1, 1]]
  no_load_optim ................................... None
  no_load_rng ..................................... None
  no_save_optim ................................... None
  no_save_rng ..................................... None
  num_attention_heads ............................. 8
  num_channels .................................... 3
  num_classes ..................................... 1000
  num_gpus ........................................ [1, 1, 1, 1, 1, 1, 1, 1]
  num_layers ...................................... 256
  num_layers_per_virtual_pipeline_stage ........... None
  num_ops_in_each_stage ........................... [393, 397, 408, 408, 424, 429, 445, 427]
  num_stages ...................................... 8
  num_workers ..................................... 2
  onnx_safe ....................................... None
  openai_gelu ..................................... False
  optimizer ....................................... adam
  override_lr_scheduler ........................... False
  params_dtype .................................... torch.float16
  patch_dim ....................................... 16
  pipeline_model_parallel_size .................... 1
  prof_cache_file ................................. None
  prof_mbs_list ................................... None
  prof_memory_only ................................ False
  prof_model_name ................................. all
  prof_model_size ................................. all
  prof_node_rank .................................. None
  prof_num_nodes .................................. None
  prof_path ....................................... None
  prof_ref_data ................................... None
  prof_repeat_threshold ........................... None
  prof_repeat_times ............................... [50]
  prof_skip_running ............................... False
  prof_time_only .................................. False
  prof_tp_size .................................... None
  prof_warmup_threshold ........................... None
  prof_warmup_times ............................... 20
  query_in_block_prob ............................. 0.1
  rampup_batch_size ............................... None
  rank ............................................ 0
  recompute_ops ................................... [[0, 0, 1, 1, 1, 1, 1, 0, 1, 1, 1, 1, 0, 0, 0, 1, 1, 1, 1, 1, 0, 1, 1, 1, 1, 0, 0, 0, 1, 1, 1, 1, 1, 0, 1, 1, 1, 1, 0, 0, 0, 1, 1, 1, 1, 1, 0, 1, 1, 1, 1, 0, 0, 0, 1, 1, 1, 1, 1, 0, 1, 1, 1, 1, 0, 0, 0, 1, 1, 1, 1, 1, 0, 0, 0, 1, 1, 0, 0, 0, 1, 1, 1, 1, 1, 0, 0, 0, 1, 1, 0, 0, 0, 1, 1, 1, 1, 1, 0, 0, 0, 1, 1, 0, 0, 0, 1, 1, 1, 1, 1, 0, 0, 0, 1, 1, 0, 0, 0, 1, 1, 1, 1, 1, 0, 0, 0, 1, 1, 0, 0, 0, 1, 1, 1, 1, 1, 0, 0, 0, 1, 1, 0, 0, 0, 1, 1, 1, 1, 1, 0, 0, 0, 1, 1, 0, 0, 0, 1, 1, 1, 1, 1, 0, 0, 0, 1, 1, 0, 0, 0, 1, 1, 1, 1, 1, 0, 0, 0, 1, 1, 0, 0, 0, 1, 1, 1, 1, 1, 0, 0, 0, 1, 1, 0, 0, 0, 1, 1, 1, 1, 1, 0, 0, 0, 1, 1, 0, 0, 0, 1, 1, 1, 1, 1, 0, 0, 0, 1, 1, 0, 0, 0, 1, 1, 1, 1, 1, 0, 0, 0, 1, 1, 0, 0, 0, 1, 1, 1, 1, 1, 0, 0, 0, 1, 1, 0, 0, 0, 1, 1, 1, 1, 1, 0, 0, 0, 1, 1, 0, 0, 0, 1, 1, 1, 1, 1, 0, 0, 0, 1, 1, 0, 0, 0, 1, 1, 1, 1, 1, 0, 0, 0, 1, 1, 0, 0, 0, 1, 1, 1, 1, 1, 0, 0, 0, 1, 1, 0, 0, 0, 1, 1, 1, 1, 1, 0, 0, 0, 1, 1, 0, 0, 0, 1, 1, 1, 1, 1, 0, 0, 0, 1, 1, 0, 0, 0, 1, 1, 1, 1, 1, 0, 0, 0, 1, 1, 0, 0, 0, 1, 1, 1, 1, 1, 0, 0, 0, 1, 1, 0, 0, 0, 1, 1, 1, 1, 1, 0, 0, 0, 1, 1, 0, 0, 0, 1, 1, 1, 1, 1, 0, 0, 0, 1, 1, 0, 0, 0, 1, 1, 1, 1, 1, 0, 0, 0, 1, 1, 0, 0, 0, 1], [1, 1, 1, 1, 0, 0, 0, 1, 1, 0, 0, 0, 1, 1, 1, 1, 1, 0, 0, 0, 1, 1, 0, 0, 0, 1, 1, 1, 1, 1, 0, 0, 0, 1, 1, 0, 0, 0, 1, 1, 1, 1, 1, 0, 0, 0, 1, 1, 0, 0, 0, 1, 1, 1, 1, 1, 0, 0, 0, 1, 1, 0, 0, 0, 1, 1, 1, 1, 1, 0, 0, 0, 1, 1, 0, 0, 0, 1, 1, 1, 1, 1, 0, 0, 0, 1, 1, 0, 0, 0, 1, 1, 1, 1, 1, 0, 0, 0, 1, 1, 0, 0, 0, 1, 1, 1, 1, 1, 0, 0, 0, 1, 1, 0, 0, 0, 1, 1, 1, 1, 1, 0, 0, 0, 1, 1, 0, 0, 0, 1, 1, 1, 1, 1, 0, 0, 0, 1, 1, 0, 0, 0, 1, 1, 1, 1, 1, 0, 0, 0, 1, 1, 0, 0, 0, 1, 1, 1, 1, 1, 0, 0, 0, 1, 1, 0, 0, 0, 1, 1, 1, 1, 1, 0, 0, 0, 1, 1, 0, 0, 0, 1, 1, 1, 1, 1, 0, 0, 0, 1, 1, 0, 0, 0, 0, 1, 1, 1, 1, 0, 0, 0, 1, 1, 0, 0, 0, 0, 1, 1, 1, 1, 0, 0, 0, 1, 1, 0, 0, 0, 0, 1, 1, 1, 1, 0, 0, 0, 1, 1, 0, 0, 0, 0, 1, 1, 1, 1, 0, 0, 0, 1, 1, 0, 0, 0, 0, 1, 1, 1, 1, 0, 0, 0, 1, 1, 0, 0, 0, 0, 1, 1, 1, 1, 0, 0, 0, 1, 1, 0, 0, 0, 0, 1, 1, 1, 1, 0, 0, 0, 1, 1, 0, 0, 0, 0, 1, 1, 1, 1, 0, 0, 0, 1, 1, 0, 0, 0, 0, 1, 1, 1, 1, 0, 0, 0, 1, 1, 0, 0, 0, 0, 1, 1, 1, 1, 0, 0, 0, 1, 1, 0, 0, 0, 0, 1, 1, 1, 1, 0, 0, 0, 1, 1, 0, 0, 0, 0, 1, 1, 1, 1, 0, 0, 0, 1, 1, 0, 0, 0, 0, 1, 1, 1, 1, 0, 0, 0, 1, 1, 0, 0, 0, 0, 1, 1, 1, 1, 0, 0, 0, 1, 1, 0, 0, 0, 0, 1, 1, 1, 1, 0, 0, 0, 1, 1, 0, 0, 0, 0, 1, 1, 1, 1, 0, 0, 0], [1, 1, 0, 0, 0, 0, 1, 1, 1, 1, 0, 0, 0, 1, 1, 0, 0, 0, 0, 1, 1, 1, 1, 0, 0, 0, 1, 1, 0, 0, 0, 0, 1, 1, 1, 1, 0, 0, 0, 1, 1, 0, 0, 0, 0, 1, 1, 1, 1, 0, 0, 0, 1, 1, 0, 0, 0, 0, 1, 1, 1, 1, 0, 0, 0, 1, 1, 0, 0, 0, 0, 1, 1, 1, 1, 0, 0, 0, 1, 1, 0, 0, 0, 0, 1, 1, 1, 1, 0, 0, 0, 1, 1, 0, 0, 0, 0, 1, 1, 1, 1, 0, 0, 0, 1, 1, 0, 0, 0, 0, 1, 1, 1, 1, 0, 0, 0, 1, 1, 0, 0, 0, 0, 1, 1, 1, 1, 0, 0, 0, 1, 1, 0, 0, 0, 0, 1, 1, 1, 1, 0, 0, 0, 1, 1, 0, 0, 0, 0, 1, 1, 1, 1, 0, 0, 0, 1, 1, 0, 0, 0, 0, 1, 1, 1, 1, 0, 0, 0, 1, 1, 0, 0, 0, 0, 1, 1, 1, 1, 0, 0, 0, 1, 1, 0, 0, 0, 0, 1, 1, 1, 1, 0, 0, 0, 1, 1, 0, 0, 0, 0, 1, 1, 1, 1, 0, 0, 0, 1, 1, 0, 0, 0, 0, 1, 1, 1, 1, 0, 0, 0, 1, 1, 0, 0, 0, 0, 1, 1, 1, 1, 0, 0, 0, 1, 1, 0, 0, 0, 0, 1, 1, 1, 1, 0, 0, 0, 1, 1, 0, 0, 0, 0, 1, 1, 1, 1, 0, 0, 0, 1, 1, 0, 0, 0, 0, 1, 1, 1, 1, 0, 0, 0, 1, 1, 0, 0, 0, 0, 1, 1, 1, 1, 0, 0, 0, 1, 1, 0, 0, 0, 0, 1, 1, 1, 1, 0, 0, 0, 1, 1, 0, 0, 0, 0, 1, 1, 1, 1, 0, 0, 0, 1, 1, 0, 0, 0, 0, 1, 1, 1, 1, 0, 0, 0, 1, 1, 0, 0, 0, 0, 1, 1, 1, 1, 0, 0, 0, 1, 1, 0, 0, 0, 0, 1, 1, 1, 1, 0, 0, 0, 1, 1, 0, 0, 0, 0, 1, 1, 1, 1, 0, 0, 0, 1, 1, 0, 0, 0, 0, 1, 1, 1, 1, 0, 0, 0, 1, 1, 0, 0, 0, 0, 1, 1, 1, 1, 0, 0, 0, 0, 0, 0, 0, 0, 0, 1, 1, 1, 1, 0, 0, 0, 0, 0, 0, 0, 0], [0, 1, 1, 1, 1, 0, 0, 0, 1, 1, 0, 0, 0, 0, 1, 1, 1, 1, 0, 0, 0, 1, 1, 0, 0, 0, 0, 1, 1, 1, 1, 0, 0, 0, 1, 1, 0, 0, 0, 0, 1, 1, 1, 1, 0, 0, 0, 0, 0, 0, 0, 0, 0, 1, 1, 1, 1, 0, 0, 0, 0, 0, 0, 0, 0, 0, 1, 1, 1, 1, 0, 0, 0, 0, 0, 0, 0, 0, 0, 1, 1, 1, 1, 0, 0, 0, 0, 0, 0, 0, 0, 0, 1, 1, 1, 1, 0, 0, 0, 0, 0, 0, 0, 0, 0, 1, 1, 1, 1, 0, 0, 0, 0, 0, 0, 0, 0, 0, 1, 1, 1, 1, 0, 0, 0, 0, 0, 0, 0, 0, 0, 1, 1, 1, 1, 0, 0, 0, 0, 0, 0, 0, 0, 0, 1, 1, 1, 1, 0, 0, 0, 0, 0, 0, 0, 0, 0, 1, 1, 1, 1, 0, 0, 0, 0, 0, 0, 0, 0, 0, 1, 1, 1, 1, 0, 0, 0, 0, 0, 0, 0, 0, 0, 1, 1, 1, 1, 0, 0, 0, 0, 0, 0, 0, 0, 0, 1, 1, 1, 1, 0, 0, 0, 0, 0, 0, 0, 0, 0, 1, 1, 1, 1, 0, 0, 0, 0, 0, 0, 0, 0, 0, 1, 1, 1, 1, 0, 0, 0, 0, 0, 0, 0, 0, 0, 1, 1, 1, 1, 0, 0, 0, 0, 0, 0, 0, 0, 0, 1, 1, 1, 1, 0, 0, 0, 0, 0, 0, 0, 0, 0, 1, 1, 1, 1, 0, 0, 0, 0, 0, 0, 0, 0, 0, 1, 1, 1, 1, 0, 0, 0, 0, 0, 0, 0, 0, 0, 1, 1, 1, 1, 0, 0, 0, 0, 0, 0, 0, 0, 0, 1, 1, 1, 1, 0, 0, 0, 0, 0, 0, 0, 0, 0, 1, 1, 1, 1, 0, 0, 0, 0, 0, 0, 0, 0, 0, 1, 1, 1, 1, 0, 0, 0, 0, 0, 0, 0, 0, 0, 1, 1, 1, 1, 0, 0, 0, 0, 0, 0, 0, 0, 0, 1, 1, 1, 1, 0, 0, 0, 0, 0, 0, 0, 0, 0, 1, 1, 1, 1, 0, 0, 0, 0, 0, 0, 0, 0, 0, 1, 1, 1, 1, 0, 0, 0, 0, 0, 0, 0, 0, 0, 1, 1, 1, 1, 0, 0, 0, 0, 0, 0, 0, 0, 0, 1, 1, 1, 1], [0, 0, 0, 0, 0, 0, 0, 0, 0, 1, 1, 1, 1, 0, 0, 0, 0, 0, 0, 0, 0, 0, 1, 1, 1, 1, 0, 0, 0, 0, 0, 0, 0, 0, 0, 1, 1, 1, 1, 0, 0, 0, 0, 0, 0, 0, 0, 0, 1, 1, 1, 1, 0, 0, 0, 0, 0, 0, 0, 0, 0, 1, 1, 1, 1, 0, 0, 0, 0, 0, 0, 0, 0, 0, 1, 1, 1, 1, 0, 0, 0, 0, 0, 0, 0, 0, 0, 1, 1, 1, 1, 0, 0, 0, 0, 0, 0, 0, 0, 0, 1, 1, 1, 1, 0, 0, 0, 0, 0, 0, 0, 0, 0, 1, 1, 1, 1, 0, 0, 0, 0, 0, 0, 0, 0, 0, 1, 1, 1, 1, 0, 0, 0, 0, 0, 0, 0, 0, 0, 1, 1, 1, 1, 0, 0, 0, 0, 0, 0, 0, 0, 0, 1, 1, 1, 1, 0, 0, 0, 0, 0, 0, 0, 0, 0, 1, 1, 1, 1, 0, 0, 0, 0, 0, 0, 0, 0, 0, 1, 1, 1, 1, 0, 0, 0, 0, 0, 0, 0, 0, 0, 1, 1, 1, 1, 0, 0, 0, 0, 0, 0, 0, 0, 0, 1, 1, 1, 1, 0, 0, 0, 0, 0, 0, 0, 0, 0, 1, 1, 1, 1, 0, 0, 0, 0, 0, 0, 0, 0, 0, 1, 1, 1, 1, 0, 0, 0, 0, 0, 0, 0, 0, 0, 1, 1, 1, 1, 0, 0, 0, 0, 0, 0, 0, 0, 0, 1, 1, 1, 1, 0, 0, 0, 0, 0, 0, 0, 0, 0, 1, 1, 1, 1, 0, 0, 0, 0, 0, 0, 0, 0, 0, 1, 1, 1, 1, 0, 0, 0, 0, 0, 0, 0, 0, 0, 1, 1, 1, 1, 0, 0, 0, 0, 0, 0, 0, 0, 0, 1, 1, 1, 1, 0, 0, 0, 0, 0, 0, 0, 0, 0, 1, 1, 1, 1, 0, 0, 0, 0, 0, 0, 0, 0, 0, 1, 1, 1, 1, 0, 0, 0, 0, 0, 0, 0, 0, 0, 1, 1, 1, 1, 0, 0, 0, 0, 0, 0, 0, 0, 0, 1, 1, 1, 1, 0, 0, 0, 0, 0, 0, 0, 0, 0, 1, 1, 1, 1, 0, 0, 0, 0, 0, 0, 0, 0, 0, 0, 0, 1, 1, 0, 0, 0, 0, 0, 0, 0, 0, 0, 0, 0, 1, 1, 0, 0, 0, 0, 0, 0, 0, 0, 0, 0, 0, 1, 1, 0, 0, 0, 0, 0, 0, 0, 0], [0, 1, 1, 1, 1, 0, 0, 0, 1, 1, 0, 0, 0, 0, 1, 1, 1, 1, 0, 0, 0, 1, 1, 0, 0, 0, 0, 1, 1, 1, 1, 0, 0, 0, 1, 1, 0, 0, 0, 0, 1, 1, 1, 1, 0, 0, 0, 0, 0, 0, 0, 0, 0, 1, 1, 1, 1, 0, 0, 0, 0, 0, 0, 0, 0, 0, 1, 1, 1, 1, 0, 0, 0, 0, 0, 0, 0, 0, 0, 1, 1, 1, 1, 0, 0, 0, 0, 0, 0, 0, 0, 0, 1, 1, 1, 1, 0, 0, 0, 0, 0, 0, 0, 0, 0, 1, 1, 1, 1, 0, 0, 0, 0, 0, 0, 0, 0, 0, 1, 1, 1, 1, 0, 0, 0, 0, 0, 0, 0, 0, 0, 1, 1, 1, 1, 0, 0, 0, 0, 0, 0, 0, 0, 0, 1, 1, 1, 1, 0, 0, 0, 0, 0, 0, 0, 0, 0, 1, 1, 1, 1, 0, 0, 0, 0, 0, 0, 0, 0, 0, 1, 1, 1, 1, 0, 0, 0, 0, 0, 0, 0, 0, 0, 1, 1, 1, 1, 0, 0, 0, 0, 0, 0, 0, 0, 0, 1, 1, 1, 1, 0, 0, 0, 0, 0, 0, 0, 0, 0, 1, 1, 1, 1, 0, 0, 0, 0, 0, 0, 0, 0, 0, 1, 1, 1, 1, 0, 0, 0, 0, 0, 0, 0, 0, 0, 1, 1, 1, 1, 0, 0, 0, 0, 0, 0, 0, 0, 0, 1, 1, 1, 1, 0, 0, 0, 0, 0, 0, 0, 0, 0, 1, 1, 1, 1, 0, 0, 0, 0, 0, 0, 0, 0, 0, 1, 1, 1, 1, 0, 0, 0, 0, 0, 0, 0, 0, 0, 0, 0, 1, 1, 0, 0, 0, 0, 0, 0, 0, 0, 0, 0, 0, 1, 1, 0, 0, 0, 0, 0, 0, 0, 0, 0, 0, 0, 1, 1, 0, 0, 0, 0, 0, 0, 0, 0, 0, 0, 0, 1, 1, 0, 0, 0, 0, 0, 0, 0, 0, 0, 0, 0, 1, 1, 0, 0, 0, 0, 0, 0, 0, 0, 0, 0, 0, 1, 1, 0, 0, 0, 0, 0, 0, 0, 0, 0, 0, 0, 1, 1, 0, 0, 0, 0, 0, 0, 0, 0, 0, 0, 0, 1, 1, 0, 0, 0, 0, 0, 0, 0, 0, 0, 0, 0, 1, 1, 0, 0, 0, 0, 0, 0, 0, 0, 0, 0, 0, 1, 1, 0, 0, 0, 0, 0, 0, 0, 0, 0, 0, 0, 1, 1, 0, 0, 0, 0, 0, 0, 0, 0], [0, 1, 1, 1, 1, 0, 0, 0, 0, 0, 0, 0, 0, 0, 1, 1, 1, 1, 0, 0, 0, 0, 0, 0, 0, 0, 0, 1, 1, 1, 1, 0, 0, 0, 0, 0, 0, 0, 0, 0, 1, 1, 1, 1, 0, 0, 0, 0, 0, 0, 0, 0, 0, 1, 1, 1, 1, 0, 0, 0, 0, 0, 0, 0, 0, 0, 1, 1, 1, 1, 0, 0, 0, 0, 0, 0, 0, 0, 0, 1, 1, 1, 1, 0, 0, 0, 0, 0, 0, 0, 0, 0, 1, 1, 1, 1, 0, 0, 0, 0, 0, 0, 0, 0, 0, 1, 1, 1, 1, 0, 0, 0, 0, 0, 0, 0, 0, 0, 1, 1, 1, 1, 0, 0, 0, 0, 0, 0, 0, 0, 0, 0, 0, 1, 1, 0, 0, 0, 0, 0, 0, 0, 0, 0, 0, 0, 1, 1, 0, 0, 0, 0, 0, 0, 0, 0, 0, 0, 0, 1, 1, 0, 0, 0, 0, 0, 0, 0, 0, 0, 0, 0, 1, 1, 0, 0, 0, 0, 0, 0, 0, 0, 0, 0, 0, 1, 1, 0, 0, 0, 0, 0, 0, 0, 0, 0, 0, 0, 1, 1, 0, 0, 0, 0, 0, 0, 0, 0, 0, 0, 0, 1, 1, 0, 0, 0, 0, 0, 0, 0, 0, 0, 0, 0, 1, 1, 0, 0, 0, 0, 0, 0, 0, 0, 0, 0, 0, 1, 1, 0, 0, 0, 0, 0, 0, 0, 0, 0, 0, 0, 1, 1, 0, 0, 0, 0, 0, 0, 0, 0, 0, 0, 0, 1, 1, 0, 0, 0, 0, 0, 0, 0, 0, 0, 0, 0, 1, 1, 0, 0, 0, 0, 0, 0, 0, 0, 0, 0, 0, 1, 1, 0, 0, 0, 0, 0, 0, 0, 0, 0, 0, 0, 1, 1, 0, 0, 0, 0, 0, 0, 0, 0, 0, 0, 0, 1, 1, 0, 0, 0, 0, 0, 0, 0, 0, 0, 0, 0, 1, 1, 0, 0, 0, 0, 0, 0, 0, 0, 0, 0, 0, 1, 1, 0, 0, 0, 0, 0, 0, 0, 0, 0, 0, 0, 1, 1, 0, 0, 0, 0, 0, 0, 0, 0, 0, 0, 0, 1, 1, 0, 0, 0, 0, 0, 0, 0, 0, 0, 0, 0, 1, 1, 0, 0, 0, 0, 0, 0, 0, 0, 0, 0, 0, 1, 1, 0, 0, 0, 0, 0, 0, 0, 0, 0, 0, 0, 1, 1, 0, 0, 0, 0, 0, 0, 0, 0, 0, 0, 0, 1, 1, 0, 0, 0, 0, 0, 0, 0, 0, 0, 0, 0, 1, 1, 0, 0, 0, 0, 0, 0, 0, 0, 0, 0, 0], [1, 1, 0, 0, 0, 0, 0, 0, 0, 0, 0, 0, 0, 1, 1, 0, 0, 0, 0, 0, 0, 0, 0, 0, 0, 0, 1, 1, 0, 0, 0, 0, 0, 0, 0, 0, 0, 0, 0, 1, 1, 0, 0, 0, 0, 0, 0, 0, 0, 0, 0, 0, 1, 1, 0, 0, 0, 0, 0, 0, 0, 0, 0, 0, 0, 1, 1, 0, 0, 0, 0, 0, 0, 0, 0, 0, 0, 0, 1, 1, 0, 0, 0, 0, 0, 0, 0, 0, 0, 0, 0, 1, 1, 0, 0, 0, 0, 0, 0, 0, 0, 0, 0, 0, 1, 1, 0, 0, 0, 0, 0, 0, 0, 0, 0, 0, 0, 1, 1, 0, 0, 0, 0, 0, 0, 0, 0, 0, 0, 0, 1, 1, 0, 0, 0, 0, 0, 0, 0, 0, 0, 0, 0, 1, 1, 0, 0, 0, 0, 0, 0, 0, 0, 0, 0, 0, 1, 1, 0, 0, 0, 0, 0, 0, 0, 0, 0, 0, 0, 1, 1, 0, 0, 0, 0, 0, 0, 0, 0, 0, 0, 0, 1, 1, 0, 0, 0, 0, 0, 0, 0, 0, 0, 0, 0, 1, 1, 0, 0, 0, 0, 0, 0, 0, 0, 0, 0, 0, 1, 1, 0, 0, 0, 0, 0, 0, 0, 0, 0, 0, 0, 1, 1, 0, 0, 0, 0, 0, 0, 0, 0, 0, 0, 0, 1, 1, 0, 0, 0, 0, 0, 0, 0, 0, 0, 0, 0, 1, 1, 0, 0, 0, 0, 0, 0, 0, 0, 0, 0, 0, 1, 1, 0, 0, 0, 0, 0, 0, 0, 0, 0, 0, 0, 1, 1, 0, 0, 0, 0, 0, 0, 0, 0, 0, 0, 0, 1, 1, 0, 0, 0, 0, 0, 0, 0, 0, 0, 0, 0, 1, 1, 0, 0, 0, 0, 0, 0, 0, 0, 0, 0, 0, 1, 1, 0, 0, 0, 0, 0, 0, 0, 0, 0, 0, 0, 1, 1, 0, 0, 0, 0, 0, 0, 0, 0, 0, 0, 0, 1, 1, 0, 0, 0, 0, 0, 0, 0, 0, 0, 0, 0, 0, 0, 0, 0, 0, 0, 0, 0, 0, 0, 0, 0, 0, 0, 0, 0, 0, 0, 0, 0, 0, 0, 0, 0, 0, 0, 0, 0, 0, 0, 0, 0, 0, 0, 0, 0, 0, 0, 0, 0, 0, 0, 0, 0, 0, 0, 0, 0, 0, 0, 0, 0, 0, 0, 0, 0, 0, 0, 0, 0, 0, 0, 0, 0, 0, 0, 0, 0, 0, 0, 0, 0, 0, 0, 0, 0]]
  reset_attention_mask ............................ False
  reset_position_ids .............................. False
  resharding_stages ............................... [False, False, False, False, False, False, False, False]
  retriever_report_topk_accuracies ................ []
  retriever_score_scaling ......................... False
  retriever_seq_length ............................ 256
  sample_rate ..................................... 1.0
  save ............................................ None
  save_interval ................................... None
  scatter_gather_tensors_in_pipeline .............. True
  seed ............................................ 1234
  seq_length ...................................... 2048
  sgd_momentum .................................... 0.9
  short_seq_prob .................................. 0.1
  split ........................................... 949,50,1
  tensor_model_parallel_size ...................... 1
  tensorboard_dir ................................. None
  tensorboard_log_interval ........................ 1
  tensorboard_queue_size .......................... 1000
  titles_data_path ................................ None
  tokenizer_type .................................. GPT2BPETokenizer
  train_iters ..................................... 3
  train_samples ................................... None
  use_checkpoint_lr_scheduler ..................... False
  use_contiguous_buffers_in_ddp ................... False
  use_cpu_initialization .......................... None
  use_one_sent_docs ............................... False
  virtual_pipeline_model_parallel_size ............ 1
  vocab_extra_ids ................................. 0
  vocab_file ...................................... vocabs/gpt2-vocab.json
  warmup .......................................... None
  weight_decay .................................... 0.01
  world_size ...................................... 8
-------------------- end of arguments ---------------------
setting number of micro-batches to constant 256
> building GPT2BPETokenizer tokenizer ...
[W socket.cpp:558] [c10d] The client socket cannot be initialized to connect to [::ffff:127.0.0.1]:7000 (errno: 97 - Address family not supported by protocol).
[W socket.cpp:558] [c10d] The client socket cannot be initialized to connect to [::ffff:127.0.0.1]:7000 (errno: 97 - Address family not supported by protocol).
 > padded vocab (size: 50257) with 47 dummy tokens (new size: 50304)
> initializing torch distributed ...
[W socket.cpp:558] [c10d] The client socket cannot be initialized to connect to [::ffff:127.0.0.1]:7000 (errno: 97 - Address family not supported by protocol).
[W socket.cpp:558] [c10d] The client socket cannot be initialized to connect to [localhost]:7000 (errno: 97 - Address family not supported by protocol).
[W socket.cpp:558] [c10d] The client socket cannot be initialized to connect to [localhost]:7000 (errno: 97 - Address family not supported by protocol).
[W socket.cpp:558] [c10d] The client socket cannot be initialized to connect to [localhost]:7000 (errno: 97 - Address family not supported by protocol).
[W socket.cpp:558] [c10d] The client socket cannot be initialized to connect to [localhost]:7000 (errno: 97 - Address family not supported by protocol).
[W socket.cpp:558] [c10d] The client socket cannot be initialized to connect to [localhost]:7000 (errno: 97 - Address family not supported by protocol).
[W socket.cpp:558] [c10d] The client socket cannot be initialized to connect to [localhost]:7000 (errno: 97 - Address family not supported by protocol).
[W socket.cpp:558] [c10d] The client socket cannot be initialized to connect to [localhost]:7000 (errno: 97 - Address family not supported by protocol).
[W socket.cpp:558] [c10d] The client socket cannot be initialized to connect to [localhost]:7000 (errno: 97 - Address family not supported by protocol).
[W socket.cpp:558] [c10d] The client socket cannot be initialized to connect to [::ffff:127.0.0.1]:7000 (errno: 97 - Address family not supported by protocol).
[W socket.cpp:558] [c10d] The client socket cannot be initialized to connect to [localhost]:7000 (errno: 97 - Address family not supported by protocol).
[W socket.cpp:558] [c10d] The client socket cannot be initialized to connect to [localhost]:7000 (errno: 97 - Address family not supported by protocol).
[W socket.cpp:558] [c10d] The client socket cannot be initialized to connect to [::ffff:127.0.0.1]:7000 (errno: 97 - Address family not supported by protocol).
[W socket.cpp:558] [c10d] The client socket cannot be initialized to connect to [localhost]:7000 (errno: 97 - Address family not supported by protocol).
> initializing FlexPipe...
[DEBUG]|rank 1|     pipeline_rank= 1 |     tp_size= 1 |     tp_rank=0 |     tp_src_rank=1 |     dp_size= 1 |     parent ranks=[0] |     child ranks = [2] |     args.micro_batch_size = 4

[DEBUG]|rank 2|     pipeline_rank= 2 |     tp_size= 1 |     tp_rank=0 |     tp_src_rank=2 |     dp_size= 1 |     parent ranks=[1] |     child ranks = [3] |     args.micro_batch_size = 4

[DEBUG]|rank 6|     pipeline_rank= 6 |     tp_size= 1 |     tp_rank=0 |     tp_src_rank=6 |     dp_size= 1 |     parent ranks=[5] |     child ranks = [7] |     args.micro_batch_size = 4

[DEBUG]|rank 3|     pipeline_rank= 3 |     tp_size= 1 |     tp_rank=0 |     tp_src_rank=3 |     dp_size= 1 |     parent ranks=[2] |     child ranks = [4] |     args.micro_batch_size = 4

[DEBUG]|rank 7|     pipeline_rank= 7 |     tp_size= 1 |     tp_rank=0 |     tp_src_rank=7 |     dp_size= 1 |     parent ranks=[6] |     child ranks = [0] |     args.micro_batch_size = 4

[DEBUG]|rank 0|     pipeline_rank= 0 |     tp_size= 1 |     tp_rank=0 |     tp_src_rank=0 |     dp_size= 1 |     parent ranks=[7] |     child ranks = [1] |     args.micro_batch_size = 4

> setting random seeds to 1234 ...
> initializing model parallel cuda seeds on global rank 0, model parallel rank 0, and data parallel rank 0 with model parallel seed: 3952 and data parallel seed: 1234
> compiling dataset index builder ...
[DEBUG]|rank 5|     pipeline_rank= 5 |     tp_size= 1 |     tp_rank=0 |     tp_src_rank=5 |     dp_size= 1 |     parent ranks=[4] |     child ranks = [6] |     args.micro_batch_size = 4

[DEBUG]|rank 4|     pipeline_rank= 4 |     tp_size= 1 |     tp_rank=0 |     tp_src_rank=4 |     dp_size= 1 |     parent ranks=[3] |     child ranks = [5] |     args.micro_batch_size = 4

make: Entering directory '/home/liminglong.lml/sxz/SuperScaler/runtime/megatron/data'
make: Nothing to be done for 'default'.
make: Leaving directory '/home/liminglong.lml/sxz/SuperScaler/runtime/megatron/data'
>>> done with dataset index builder. Compilation time: 0.058 seconds
> compiling and loading fused kernels ...
Detected CUDA files, patching ldflags
Emitting ninja build file /home/liminglong.lml/sxz/SuperScaler/runtime/megatron/fused_kernels/build/build.ninja...
Building extension module scaled_upper_triang_masked_softmax_cuda...
Allowing ninja to set a default number of workers... (overridable by setting the environment variable MAX_JOBS=N)
ninja: no work to do.
Loading extension module scaled_upper_triang_masked_softmax_cuda...
Detected CUDA files, patching ldflags
Emitting ninja build file /home/liminglong.lml/sxz/SuperScaler/runtime/megatron/fused_kernels/build/build.ninja...
Building extension module scaled_masked_softmax_cuda...
Allowing ninja to set a default number of workers... (overridable by setting the environment variable MAX_JOBS=N)
ninja: no work to do.
Loading extension module scaled_masked_softmax_cuda...
Detected CUDA files, patching ldflags
Emitting ninja build file /home/liminglong.lml/sxz/SuperScaler/runtime/megatron/fused_kernels/build/build.ninja...
Building extension module scaled_softmax_cuda...
Allowing ninja to set a default number of workers... (overridable by setting the environment variable MAX_JOBS=N)
ninja: no work to do.
Loading extension module scaled_softmax_cuda...
Detected CUDA files, patching ldflags
Emitting ninja build file /home/liminglong.lml/sxz/SuperScaler/runtime/megatron/fused_kernels/build/build.ninja...
Building extension module fused_mix_prec_layer_norm_cuda...
Allowing ninja to set a default number of workers... (overridable by setting the environment variable MAX_JOBS=N)
ninja: no work to do.
Loading extension module fused_mix_prec_layer_norm_cuda...
>>> done with compiling and loading fused kernels. Compilation time: 8.517 seconds
[TIME] time to initialize megatron (seconds): 9.000
building GPT model ...
[rank 2 all ops] "enc-MLP-GEMM-1","enc-MLP-gelu","enc-MLP-GEMM-2","enc-post-MLP-dropout","enc-1st-layernorm","enc-attention-qkv","enc-attention-score","enc-attention-softmax","enc-attention-dropout","enc-attention-context","enc-attention-dense","enc-post-attention-dropout","enc-2nd-layernorm","enc-MLP-GEMM-1","enc-MLP-gelu","enc-MLP-GEMM-2","enc-post-MLP-dropout","enc-1st-layernorm","enc-attention-qkv","enc-attention-score","enc-attention-softmax","enc-attention-dropout","enc-attention-context","enc-attention-dense","enc-post-attention-dropout","enc-2nd-layernorm","enc-MLP-GEMM-1","enc-MLP-gelu","enc-MLP-GEMM-2","enc-post-MLP-dropout","enc-1st-layernorm","enc-attention-qkv","enc-attention-score","enc-attention-softmax","enc-attention-dropout","enc-attention-context","enc-attention-dense","enc-post-attention-dropout","enc-2nd-layernorm","enc-MLP-GEMM-1","enc-MLP-gelu","enc-MLP-GEMM-2","enc-post-MLP-dropout","enc-1st-layernorm","enc-attention-qkv","enc-attention-score","enc-attention-softmax","enc-attention-dropout","enc-attention-context","enc-attention-dense","enc-post-attention-dropout","enc-2nd-layernorm","enc-MLP-GEMM-1","enc-MLP-gelu","enc-MLP-GEMM-2","enc-post-MLP-dropout","enc-1st-layernorm","enc-attention-qkv","enc-attention-score","enc-attention-softmax","enc-attention-dropout","enc-attention-context","enc-attention-dense","enc-post-attention-dropout","enc-2nd-layernorm","enc-MLP-GEMM-1","enc-MLP-gelu","enc-MLP-GEMM-2","enc-post-MLP-dropout","enc-1st-layernorm","enc-attention-qkv","enc-attention-score","enc-attention-softmax","enc-attention-dropout","enc-attention-context","enc-attention-dense","enc-post-attention-dropout","enc-2nd-layernorm","enc-MLP-GEMM-1","enc-MLP-gelu","enc-MLP-GEMM-2","enc-post-MLP-dropout","enc-1st-layernorm","enc-attention-qkv","enc-attention-score","enc-attention-softmax","enc-attention-dropout","enc-attention-context","enc-attention-dense","enc-post-attention-dropout","enc-2nd-layernorm","enc-MLP-GEMM-1","enc-MLP-gelu","enc-MLP-GEMM-2","enc-post-MLP-dropout","enc-1st-layernorm","enc-attention-qkv","enc-attention-score","enc-attention-softmax","enc-attention-dropout","enc-attention-context","enc-attention-dense","enc-post-attention-dropout","enc-2nd-layernorm","enc-MLP-GEMM-1","enc-MLP-gelu","enc-MLP-GEMM-2","enc-post-MLP-dropout","enc-1st-layernorm","enc-attention-qkv","enc-attention-score","enc-attention-softmax","enc-attention-dropout","enc-attention-context","enc-attention-dense","enc-post-attention-dropout","enc-2nd-layernorm","enc-MLP-GEMM-1","enc-MLP-gelu","enc-MLP-GEMM-2","enc-post-MLP-dropout","enc-1st-layernorm","enc-attention-qkv","enc-attention-score","enc-attention-softmax","enc-attention-dropout","enc-attention-context","enc-attention-dense","enc-post-attention-dropout","enc-2nd-layernorm","enc-MLP-GEMM-1","enc-MLP-gelu","enc-MLP-GEMM-2","enc-post-MLP-dropout","enc-1st-layernorm","enc-attention-qkv","enc-attention-score","enc-attention-softmax","enc-attention-dropout","enc-attention-context","enc-attention-dense","enc-post-attention-dropout","enc-2nd-layernorm","enc-MLP-GEMM-1","enc-MLP-gelu","enc-MLP-GEMM-2","enc-post-MLP-dropout","enc-1st-layernorm","enc-attention-qkv","enc-attention-score","enc-attention-softmax","enc-attention-dropout","enc-attention-context","enc-attention-dense","enc-post-attention-dropout","enc-2nd-layernorm","enc-MLP-GEMM-1","enc-MLP-gelu","enc-MLP-GEMM-2","enc-post-MLP-dropout","enc-1st-layernorm","enc-attention-qkv","enc-attention-score","enc-attention-softmax","enc-attention-dropout","enc-attention-context","enc-attention-dense","enc-post-attention-dropout","enc-2nd-layernorm","enc-MLP-GEMM-1","enc-MLP-gelu","enc-MLP-GEMM-2","enc-post-MLP-dropout","enc-1st-layernorm","enc-attention-qkv","enc-attention-score","enc-attention-softmax","enc-attention-dropout","enc-attention-context","enc-attention-dense","enc-post-attention-dropout","enc-2nd-layernorm","enc-MLP-GEMM-1","enc-MLP-gelu","enc-MLP-GEMM-2","enc-post-MLP-dropout","enc-1st-layernorm","enc-attention-qkv","enc-attention-score","enc-attention-softmax","enc-attention-dropout","enc-attention-context","enc-attention-dense","enc-post-attention-dropout","enc-2nd-layernorm","enc-MLP-GEMM-1","enc-MLP-gelu","enc-MLP-GEMM-2","enc-post-MLP-dropout","enc-1st-layernorm","enc-attention-qkv","enc-attention-score","enc-attention-softmax","enc-attention-dropout","enc-attention-context","enc-attention-dense","enc-post-attention-dropout","enc-2nd-layernorm","enc-MLP-GEMM-1","enc-MLP-gelu","enc-MLP-GEMM-2","enc-post-MLP-dropout","enc-1st-layernorm","enc-attention-qkv","enc-attention-score","enc-attention-softmax","enc-attention-dropout","enc-attention-context","enc-attention-dense","enc-post-attention-dropout","enc-2nd-layernorm","enc-MLP-GEMM-1","enc-MLP-gelu","enc-MLP-GEMM-2","enc-post-MLP-dropout","enc-1st-layernorm","enc-attention-qkv","enc-attention-score","enc-attention-softmax","enc-attention-dropout","enc-attention-context","enc-attention-dense","enc-post-attention-dropout","enc-2nd-layernorm","enc-MLP-GEMM-1","enc-MLP-gelu","enc-MLP-GEMM-2","enc-post-MLP-dropout","enc-1st-layernorm","enc-attention-qkv","enc-attention-score","enc-attention-softmax","enc-attention-dropout","enc-attention-context","enc-attention-dense","enc-post-attention-dropout","enc-2nd-layernorm","enc-MLP-GEMM-1","enc-MLP-gelu","enc-MLP-GEMM-2","enc-post-MLP-dropout","enc-1st-layernorm","enc-attention-qkv","enc-attention-score","enc-attention-softmax","enc-attention-dropout","enc-attention-context","enc-attention-dense","enc-post-attention-dropout","enc-2nd-layernorm","enc-MLP-GEMM-1","enc-MLP-gelu","enc-MLP-GEMM-2","enc-post-MLP-dropout","enc-1st-layernorm","enc-attention-qkv","enc-attention-score","enc-attention-softmax","enc-attention-dropout","enc-attention-context","enc-attention-dense","enc-post-attention-dropout","enc-2nd-layernorm","enc-MLP-GEMM-1","enc-MLP-gelu","enc-MLP-GEMM-2","enc-post-MLP-dropout","enc-1st-layernorm","enc-attention-qkv","enc-attention-score","enc-attention-softmax","enc-attention-dropout","enc-attention-context","enc-attention-dense","enc-post-attention-dropout","enc-2nd-layernorm","enc-MLP-GEMM-1","enc-MLP-gelu","enc-MLP-GEMM-2","enc-post-MLP-dropout","enc-1st-layernorm","enc-attention-qkv","enc-attention-score","enc-attention-softmax","enc-attention-dropout","enc-attention-context","enc-attention-dense","enc-post-attention-dropout","enc-2nd-layernorm","enc-MLP-GEMM-1","enc-MLP-gelu","enc-MLP-GEMM-2","enc-post-MLP-dropout","enc-1st-layernorm","enc-attention-qkv","enc-attention-score","enc-attention-softmax","enc-attention-dropout","enc-attention-context","enc-attention-dense","enc-post-attention-dropout","enc-2nd-layernorm","enc-MLP-GEMM-1","enc-MLP-gelu","enc-MLP-GEMM-2","enc-post-MLP-dropout","enc-1st-layernorm","enc-attention-qkv","enc-attention-score","enc-attention-softmax","enc-attention-dropout","enc-attention-context","enc-attention-dense","enc-post-attention-dropout","enc-2nd-layernorm","enc-MLP-GEMM-1","enc-MLP-gelu","enc-MLP-GEMM-2","enc-post-MLP-dropout","enc-1st-layernorm","enc-attention-qkv","enc-attention-score","enc-attention-softmax","enc-attention-dropout","enc-attention-context","enc-attention-dense","enc-post-attention-dropout","enc-2nd-layernorm","enc-MLP-GEMM-1","enc-MLP-gelu","enc-MLP-GEMM-2","enc-post-MLP-dropout","enc-1st-layernorm","enc-attention-qkv","enc-attention-score","enc-attention-softmax","enc-attention-dropout","enc-attention-context","enc-attention-dense","enc-post-attention-dropout","enc-2nd-layernorm","enc-MLP-GEMM-1","enc-MLP-gelu","enc-MLP-GEMM-2","enc-post-MLP-dropout","enc-1st-layernorm","enc-attention-qkv","enc-attention-score","enc-attention-softmax","enc-attention-dropout","enc-attention-context","enc-attention-dense","enc-post-attention-dropout","enc-2nd-layernorm","enc-MLP-GEMM-1","enc-MLP-gelu","enc-MLP-GEMM-2","enc-post-MLP-dropout","enc-1st-layernorm","enc-attention-qkv","enc-attention-score","enc-attention-softmax","enc-attention-dropout","enc-attention-context","enc-attention-dense","enc-post-attention-dropout","enc-2nd-layernorm","enc-MLP-GEMM-1","enc-MLP-gelu","enc-MLP-GEMM-2","enc-post-MLP-dropout","enc-1st-layernorm","enc-attention-qkv","enc-attention-score","enc-attention-softmax","enc-attention-dropout","enc-attention-context","enc-attention-dense","enc-post-attention-dropout","enc-2nd-layernorm","enc-MLP-GEMM-1","enc-MLP-gelu","enc-MLP-GEMM-2","enc-post-MLP-dropout","enc-1st-layernorm","enc-attention-qkv","enc-attention-score","enc-attention-softmax","enc-attention-dropout","enc-attention-context","enc-attention-dense","enc-post-attention-dropout","enc-2nd-layernorm","enc-MLP-GEMM-1","enc-MLP-gelu","enc-MLP-GEMM-2","enc-post-MLP-dropout","enc-1st-layernorm",
[rank 2 recompute ops] enc-MLP-GEMM-1 enc-MLP-gelu enc-attention-score enc-attention-softmax enc-attention-dropout enc-attention-context enc-MLP-GEMM-1 enc-MLP-gelu enc-attention-score enc-attention-softmax enc-attention-dropout enc-attention-context enc-MLP-GEMM-1 enc-MLP-gelu enc-attention-score enc-attention-softmax enc-attention-dropout enc-attention-context enc-MLP-GEMM-1 enc-MLP-gelu enc-attention-score enc-attention-softmax enc-attention-dropout enc-attention-context enc-MLP-GEMM-1 enc-MLP-gelu enc-attention-score enc-attention-softmax enc-attention-dropout enc-attention-context enc-MLP-GEMM-1 enc-MLP-gelu enc-attention-score enc-attention-softmax enc-attention-dropout enc-attention-context enc-MLP-GEMM-1 enc-MLP-gelu enc-attention-score enc-attention-softmax enc-attention-dropout enc-attention-context enc-MLP-GEMM-1 enc-MLP-gelu enc-attention-score enc-attention-softmax enc-attention-dropout enc-attention-context enc-MLP-GEMM-1 enc-MLP-gelu enc-attention-score enc-attention-softmax enc-attention-dropout enc-attention-context enc-MLP-GEMM-1 enc-MLP-gelu enc-attention-score enc-attention-softmax enc-attention-dropout enc-attention-context enc-MLP-GEMM-1 enc-MLP-gelu enc-attention-score enc-attention-softmax enc-attention-dropout enc-attention-context enc-MLP-GEMM-1 enc-MLP-gelu enc-attention-score enc-attention-softmax enc-attention-dropout enc-attention-context enc-MLP-GEMM-1 enc-MLP-gelu enc-attention-score enc-attention-softmax enc-attention-dropout enc-attention-context enc-MLP-GEMM-1 enc-MLP-gelu enc-attention-score enc-attention-softmax enc-attention-dropout enc-attention-context enc-MLP-GEMM-1 enc-MLP-gelu enc-attention-score enc-attention-softmax enc-attention-dropout enc-attention-context enc-MLP-GEMM-1 enc-MLP-gelu enc-attention-score enc-attention-softmax enc-attention-dropout enc-attention-context enc-MLP-GEMM-1 enc-MLP-gelu enc-attention-score enc-attention-softmax enc-attention-dropout enc-attention-context enc-MLP-GEMM-1 enc-MLP-gelu enc-attention-score enc-attention-softmax enc-attention-dropout enc-attention-context enc-MLP-GEMM-1 enc-MLP-gelu enc-attention-score enc-attention-softmax enc-attention-dropout enc-attention-context enc-MLP-GEMM-1 enc-MLP-gelu enc-attention-score enc-attention-softmax enc-attention-dropout enc-attention-context enc-MLP-GEMM-1 enc-MLP-gelu enc-attention-score enc-attention-softmax enc-attention-dropout enc-attention-context enc-MLP-GEMM-1 enc-MLP-gelu enc-attention-score enc-attention-softmax enc-attention-dropout enc-attention-context enc-MLP-GEMM-1 enc-MLP-gelu enc-attention-score enc-attention-softmax enc-attention-dropout enc-attention-context enc-MLP-GEMM-1 enc-MLP-gelu enc-attention-score enc-attention-softmax enc-attention-dropout enc-attention-context enc-MLP-GEMM-1 enc-MLP-gelu enc-attention-score enc-attention-softmax enc-attention-dropout enc-attention-context enc-MLP-GEMM-1 enc-MLP-gelu enc-attention-score enc-attention-softmax enc-attention-dropout enc-attention-context enc-MLP-GEMM-1 enc-MLP-gelu enc-attention-score enc-attention-softmax enc-attention-dropout enc-attention-context enc-MLP-GEMM-1 enc-MLP-gelu enc-attention-score enc-attention-softmax enc-attention-dropout enc-attention-context enc-MLP-GEMM-1 enc-MLP-gelu enc-attention-score enc-attention-softmax enc-attention-dropout enc-attention-context enc-MLP-GEMM-1 enc-MLP-gelu enc-attention-score enc-attention-softmax enc-attention-dropout enc-attention-context enc-attention-score enc-attention-softmax enc-attention-dropout enc-attention-context 
[rank 3 all ops] "enc-attention-qkv","enc-attention-score","enc-attention-softmax","enc-attention-dropout","enc-attention-context","enc-attention-dense","enc-post-attention-dropout","enc-2nd-layernorm","enc-MLP-GEMM-1","enc-MLP-gelu","enc-MLP-GEMM-2","enc-post-MLP-dropout","enc-1st-layernorm","enc-attention-qkv","enc-attention-score","enc-attention-softmax","enc-attention-dropout","enc-attention-context","enc-attention-dense","enc-post-attention-dropout","enc-2nd-layernorm","enc-MLP-GEMM-1","enc-MLP-gelu","enc-MLP-GEMM-2","enc-post-MLP-dropout","enc-1st-layernorm","enc-attention-qkv","enc-attention-score","enc-attention-softmax","enc-attention-dropout","enc-attention-context","enc-attention-dense","enc-post-attention-dropout","enc-2nd-layernorm","enc-MLP-GEMM-1","enc-MLP-gelu","enc-MLP-GEMM-2","enc-post-MLP-dropout","enc-1st-layernorm","enc-attention-qkv","enc-attention-score","enc-attention-softmax","enc-attention-dropout","enc-attention-context","enc-attention-dense","enc-post-attention-dropout","enc-2nd-layernorm","enc-MLP-GEMM-1","enc-MLP-gelu","enc-MLP-GEMM-2","enc-post-MLP-dropout","enc-1st-layernorm","enc-attention-qkv","enc-attention-score","enc-attention-softmax","enc-attention-dropout","enc-attention-context","enc-attention-dense","enc-post-attention-dropout","enc-2nd-layernorm","enc-MLP-GEMM-1","enc-MLP-gelu","enc-MLP-GEMM-2","enc-post-MLP-dropout","enc-1st-layernorm","enc-attention-qkv","enc-attention-score","enc-attention-softmax","enc-attention-dropout","enc-attention-context","enc-attention-dense","enc-post-attention-dropout","enc-2nd-layernorm","enc-MLP-GEMM-1","enc-MLP-gelu","enc-MLP-GEMM-2","enc-post-MLP-dropout","enc-1st-layernorm","enc-attention-qkv","enc-attention-score","enc-attention-softmax","enc-attention-dropout","enc-attention-context","enc-attention-dense","enc-post-attention-dropout","enc-2nd-layernorm","enc-MLP-GEMM-1","enc-MLP-gelu","enc-MLP-GEMM-2","enc-post-MLP-dropout","enc-1st-layernorm","enc-attention-qkv","enc-attention-score","enc-attention-softmax","enc-attention-dropout","enc-attention-context","enc-attention-dense","enc-post-attention-dropout","enc-2nd-layernorm","enc-MLP-GEMM-1","enc-MLP-gelu","enc-MLP-GEMM-2","enc-post-MLP-dropout","enc-1st-layernorm","enc-attention-qkv","enc-attention-score","enc-attention-softmax","enc-attention-dropout","enc-attention-context","enc-attention-dense","enc-post-attention-dropout","enc-2nd-layernorm","enc-MLP-GEMM-1","enc-MLP-gelu","enc-MLP-GEMM-2","enc-post-MLP-dropout","enc-1st-layernorm","enc-attention-qkv","enc-attention-score","enc-attention-softmax","enc-attention-dropout","enc-attention-context","enc-attention-dense","enc-post-attention-dropout","enc-2nd-layernorm","enc-MLP-GEMM-1","enc-MLP-gelu","enc-MLP-GEMM-2","enc-post-MLP-dropout","enc-1st-layernorm","enc-attention-qkv","enc-attention-score","enc-attention-softmax","enc-attention-dropout","enc-attention-context","enc-attention-dense","enc-post-attention-dropout","enc-2nd-layernorm","enc-MLP-GEMM-1","enc-MLP-gelu","enc-MLP-GEMM-2","enc-post-MLP-dropout","enc-1st-layernorm","enc-attention-qkv","enc-attention-score","enc-attention-softmax","enc-attention-dropout","enc-attention-context","enc-attention-dense","enc-post-attention-dropout","enc-2nd-layernorm","enc-MLP-GEMM-1","enc-MLP-gelu","enc-MLP-GEMM-2","enc-post-MLP-dropout","enc-1st-layernorm","enc-attention-qkv","enc-attention-score","enc-attention-softmax","enc-attention-dropout","enc-attention-context","enc-attention-dense","enc-post-attention-dropout","enc-2nd-layernorm","enc-MLP-GEMM-1","enc-MLP-gelu","enc-MLP-GEMM-2","enc-post-MLP-dropout","enc-1st-layernorm","enc-attention-qkv","enc-attention-score","enc-attention-softmax","enc-attention-dropout","enc-attention-context","enc-attention-dense","enc-post-attention-dropout","enc-2nd-layernorm","enc-MLP-GEMM-1","enc-MLP-gelu","enc-MLP-GEMM-2","enc-post-MLP-dropout","enc-1st-layernorm","enc-attention-qkv","enc-attention-score","enc-attention-softmax","enc-attention-dropout","enc-attention-context","enc-attention-dense","enc-post-attention-dropout","enc-2nd-layernorm","enc-MLP-GEMM-1","enc-MLP-gelu","enc-MLP-GEMM-2","enc-post-MLP-dropout","enc-1st-layernorm","enc-attention-qkv","enc-attention-score","enc-attention-softmax","enc-attention-dropout","enc-attention-context","enc-attention-dense","enc-post-attention-dropout","enc-2nd-layernorm","enc-MLP-GEMM-1","enc-MLP-gelu","enc-MLP-GEMM-2","enc-post-MLP-dropout","enc-1st-layernorm","enc-attention-qkv","enc-attention-score","enc-attention-softmax","enc-attention-dropout","enc-attention-context","enc-attention-dense","enc-post-attention-dropout","enc-2nd-layernorm","enc-MLP-GEMM-1","enc-MLP-gelu","enc-MLP-GEMM-2","enc-post-MLP-dropout","enc-1st-layernorm","enc-attention-qkv","enc-attention-score","enc-attention-softmax","enc-attention-dropout","enc-attention-context","enc-attention-dense","enc-post-attention-dropout","enc-2nd-layernorm","enc-MLP-GEMM-1","enc-MLP-gelu","enc-MLP-GEMM-2","enc-post-MLP-dropout","enc-1st-layernorm","enc-attention-qkv","enc-attention-score","enc-attention-softmax","enc-attention-dropout","enc-attention-context","enc-attention-dense","enc-post-attention-dropout","enc-2nd-layernorm","enc-MLP-GEMM-1","enc-MLP-gelu","enc-MLP-GEMM-2","enc-post-MLP-dropout","enc-1st-layernorm","enc-attention-qkv","enc-attention-score","enc-attention-softmax","enc-attention-dropout","enc-attention-context","enc-attention-dense","enc-post-attention-dropout","enc-2nd-layernorm","enc-MLP-GEMM-1","enc-MLP-gelu","enc-MLP-GEMM-2","enc-post-MLP-dropout","enc-1st-layernorm","enc-attention-qkv","enc-attention-score","enc-attention-softmax","enc-attention-dropout","enc-attention-context","enc-attention-dense","enc-post-attention-dropout","enc-2nd-layernorm","enc-MLP-GEMM-1","enc-MLP-gelu","enc-MLP-GEMM-2","enc-post-MLP-dropout","enc-1st-layernorm","enc-attention-qkv","enc-attention-score","enc-attention-softmax","enc-attention-dropout","enc-attention-context","enc-attention-dense","enc-post-attention-dropout","enc-2nd-layernorm","enc-MLP-GEMM-1","enc-MLP-gelu","enc-MLP-GEMM-2","enc-post-MLP-dropout","enc-1st-layernorm","enc-attention-qkv","enc-attention-score","enc-attention-softmax","enc-attention-dropout","enc-attention-context","enc-attention-dense","enc-post-attention-dropout","enc-2nd-layernorm","enc-MLP-GEMM-1","enc-MLP-gelu","enc-MLP-GEMM-2","enc-post-MLP-dropout","enc-1st-layernorm","enc-attention-qkv","enc-attention-score","enc-attention-softmax","enc-attention-dropout","enc-attention-context","enc-attention-dense","enc-post-attention-dropout","enc-2nd-layernorm","enc-MLP-GEMM-1","enc-MLP-gelu","enc-MLP-GEMM-2","enc-post-MLP-dropout","enc-1st-layernorm","enc-attention-qkv","enc-attention-score","enc-attention-softmax","enc-attention-dropout","enc-attention-context","enc-attention-dense","enc-post-attention-dropout","enc-2nd-layernorm","enc-MLP-GEMM-1","enc-MLP-gelu","enc-MLP-GEMM-2","enc-post-MLP-dropout","enc-1st-layernorm","enc-attention-qkv","enc-attention-score","enc-attention-softmax","enc-attention-dropout","enc-attention-context","enc-attention-dense","enc-post-attention-dropout","enc-2nd-layernorm","enc-MLP-GEMM-1","enc-MLP-gelu","enc-MLP-GEMM-2","enc-post-MLP-dropout","enc-1st-layernorm","enc-attention-qkv","enc-attention-score","enc-attention-softmax","enc-attention-dropout","enc-attention-context","enc-attention-dense","enc-post-attention-dropout","enc-2nd-layernorm","enc-MLP-GEMM-1","enc-MLP-gelu","enc-MLP-GEMM-2","enc-post-MLP-dropout","enc-1st-layernorm","enc-attention-qkv","enc-attention-score","enc-attention-softmax","enc-attention-dropout","enc-attention-context","enc-attention-dense","enc-post-attention-dropout","enc-2nd-layernorm","enc-MLP-GEMM-1","enc-MLP-gelu","enc-MLP-GEMM-2","enc-post-MLP-dropout","enc-1st-layernorm","enc-attention-qkv","enc-attention-score","enc-attention-softmax","enc-attention-dropout","enc-attention-context","enc-attention-dense","enc-post-attention-dropout","enc-2nd-layernorm","enc-MLP-GEMM-1","enc-MLP-gelu","enc-MLP-GEMM-2","enc-post-MLP-dropout","enc-1st-layernorm","enc-attention-qkv","enc-attention-score","enc-attention-softmax","enc-attention-dropout","enc-attention-context","enc-attention-dense","enc-post-attention-dropout","enc-2nd-layernorm","enc-MLP-GEMM-1","enc-MLP-gelu","enc-MLP-GEMM-2","enc-post-MLP-dropout","enc-1st-layernorm","enc-attention-qkv","enc-attention-score","enc-attention-softmax","enc-attention-dropout","enc-attention-context","enc-attention-dense","enc-post-attention-dropout","enc-2nd-layernorm","enc-MLP-GEMM-1","enc-MLP-gelu","enc-MLP-GEMM-2","enc-post-MLP-dropout","enc-1st-layernorm","enc-attention-qkv","enc-attention-score","enc-attention-softmax","enc-attention-dropout","enc-attention-context",
[rank 3 recompute ops] enc-attention-score enc-attention-softmax enc-attention-dropout enc-attention-context enc-MLP-GEMM-1 enc-MLP-gelu enc-attention-score enc-attention-softmax enc-attention-dropout enc-attention-context enc-MLP-GEMM-1 enc-MLP-gelu enc-attention-score enc-attention-softmax enc-attention-dropout enc-attention-context enc-MLP-GEMM-1 enc-MLP-gelu enc-attention-score enc-attention-softmax enc-attention-dropout enc-attention-context enc-attention-score enc-attention-softmax enc-attention-dropout enc-attention-context enc-attention-score enc-attention-softmax enc-attention-dropout enc-attention-context enc-attention-score enc-attention-softmax enc-attention-dropout enc-attention-context enc-attention-score enc-attention-softmax enc-attention-dropout enc-attention-context enc-attention-score enc-attention-softmax enc-attention-dropout enc-attention-context enc-attention-score enc-attention-softmax enc-attention-dropout enc-attention-context enc-attention-score enc-attention-softmax enc-attention-dropout enc-attention-context enc-attention-score enc-attention-softmax enc-attention-dropout enc-attention-context enc-attention-score enc-attention-softmax enc-attention-dropout enc-attention-context enc-attention-score enc-attention-softmax enc-attention-dropout enc-attention-context enc-attention-score enc-attention-softmax enc-attention-dropout enc-attention-context enc-attention-score enc-attention-softmax enc-attention-dropout enc-attention-context enc-attention-score enc-attention-softmax enc-attention-dropout enc-attention-context enc-attention-score enc-attention-softmax enc-attention-dropout enc-attention-context enc-attention-score enc-attention-softmax enc-attention-dropout enc-attention-context enc-attention-score enc-attention-softmax enc-attention-dropout enc-attention-context enc-attention-score enc-attention-softmax enc-attention-dropout enc-attention-context enc-attention-score enc-attention-softmax enc-attention-dropout enc-attention-context enc-attention-score enc-attention-softmax enc-attention-dropout enc-attention-context enc-attention-score enc-attention-softmax enc-attention-dropout enc-attention-context enc-attention-score enc-attention-softmax enc-attention-dropout enc-attention-context enc-attention-score enc-attention-softmax enc-attention-dropout enc-attention-context enc-attention-score enc-attention-softmax enc-attention-dropout enc-attention-context enc-attention-score enc-attention-softmax enc-attention-dropout enc-attention-context enc-attention-score enc-attention-softmax enc-attention-dropout enc-attention-context enc-attention-score enc-attention-softmax enc-attention-dropout enc-attention-context enc-attention-score enc-attention-softmax enc-attention-dropout enc-attention-context enc-attention-score enc-attention-softmax enc-attention-dropout enc-attention-context 
[rank 5 all ops] "enc-attention-qkv","enc-attention-score","enc-attention-softmax","enc-attention-dropout","enc-attention-context","enc-attention-dense","enc-post-attention-dropout","enc-2nd-layernorm","enc-MLP-GEMM-1","enc-MLP-gelu","enc-MLP-GEMM-2","enc-post-MLP-dropout","enc-1st-layernorm","enc-attention-qkv","enc-attention-score","enc-attention-softmax","enc-attention-dropout","enc-attention-context","enc-attention-dense","enc-post-attention-dropout","enc-2nd-layernorm","enc-MLP-GEMM-1","enc-MLP-gelu","enc-MLP-GEMM-2","enc-post-MLP-dropout","enc-1st-layernorm","enc-attention-qkv","enc-attention-score","enc-attention-softmax","enc-attention-dropout","enc-attention-context","enc-attention-dense","enc-post-attention-dropout","enc-2nd-layernorm","enc-MLP-GEMM-1","enc-MLP-gelu","enc-MLP-GEMM-2","enc-post-MLP-dropout","enc-1st-layernorm","enc-attention-qkv","enc-attention-score","enc-attention-softmax","enc-attention-dropout","enc-attention-context","enc-attention-dense","enc-post-attention-dropout","enc-2nd-layernorm","enc-MLP-GEMM-1","enc-MLP-gelu","enc-MLP-GEMM-2","enc-post-MLP-dropout","enc-1st-layernorm","enc-attention-qkv","enc-attention-score","enc-attention-softmax","enc-attention-dropout","enc-attention-context","enc-attention-dense","enc-post-attention-dropout","enc-2nd-layernorm","enc-MLP-GEMM-1","enc-MLP-gelu","enc-MLP-GEMM-2","enc-post-MLP-dropout","enc-1st-layernorm","enc-attention-qkv","enc-attention-score","enc-attention-softmax","enc-attention-dropout","enc-attention-context","enc-attention-dense","enc-post-attention-dropout","enc-2nd-layernorm","enc-MLP-GEMM-1","enc-MLP-gelu","enc-MLP-GEMM-2","enc-post-MLP-dropout","enc-1st-layernorm","enc-attention-qkv","enc-attention-score","enc-attention-softmax","enc-attention-dropout","enc-attention-context","enc-attention-dense","enc-post-attention-dropout","enc-2nd-layernorm","enc-MLP-GEMM-1","enc-MLP-gelu","enc-MLP-GEMM-2","enc-post-MLP-dropout","enc-1st-layernorm","enc-attention-qkv","enc-attention-score","enc-attention-softmax","enc-attention-dropout","enc-attention-context","enc-attention-dense","enc-post-attention-dropout","enc-2nd-layernorm","enc-MLP-GEMM-1","enc-MLP-gelu","enc-MLP-GEMM-2","enc-post-MLP-dropout","enc-1st-layernorm","enc-attention-qkv","enc-attention-score","enc-attention-softmax","enc-attention-dropout","enc-attention-context","enc-attention-dense","enc-post-attention-dropout","enc-2nd-layernorm","enc-MLP-GEMM-1","enc-MLP-gelu","enc-MLP-GEMM-2","enc-post-MLP-dropout","enc-1st-layernorm","enc-attention-qkv","enc-attention-score","enc-attention-softmax","enc-attention-dropout","enc-attention-context","enc-attention-dense","enc-post-attention-dropout","enc-2nd-layernorm","enc-MLP-GEMM-1","enc-MLP-gelu","enc-MLP-GEMM-2","enc-post-MLP-dropout","enc-1st-layernorm","enc-attention-qkv","enc-attention-score","enc-attention-softmax","enc-attention-dropout","enc-attention-context","enc-attention-dense","enc-post-attention-dropout","enc-2nd-layernorm","enc-MLP-GEMM-1","enc-MLP-gelu","enc-MLP-GEMM-2","enc-post-MLP-dropout","enc-1st-layernorm","enc-attention-qkv","enc-attention-score","enc-attention-softmax","enc-attention-dropout","enc-attention-context","enc-attention-dense","enc-post-attention-dropout","enc-2nd-layernorm","enc-MLP-GEMM-1","enc-MLP-gelu","enc-MLP-GEMM-2","enc-post-MLP-dropout","enc-1st-layernorm","enc-attention-qkv","enc-attention-score","enc-attention-softmax","enc-attention-dropout","enc-attention-context","enc-attention-dense","enc-post-attention-dropout","enc-2nd-layernorm","enc-MLP-GEMM-1","enc-MLP-gelu","enc-MLP-GEMM-2","enc-post-MLP-dropout","enc-1st-layernorm","enc-attention-qkv","enc-attention-score","enc-attention-softmax","enc-attention-dropout","enc-attention-context","enc-attention-dense","enc-post-attention-dropout","enc-2nd-layernorm","enc-MLP-GEMM-1","enc-MLP-gelu","enc-MLP-GEMM-2","enc-post-MLP-dropout","enc-1st-layernorm","enc-attention-qkv","enc-attention-score","enc-attention-softmax","enc-attention-dropout","enc-attention-context","enc-attention-dense","enc-post-attention-dropout","enc-2nd-layernorm","enc-MLP-GEMM-1","enc-MLP-gelu","enc-MLP-GEMM-2","enc-post-MLP-dropout","enc-1st-layernorm","enc-attention-qkv","enc-attention-score","enc-attention-softmax","enc-attention-dropout","enc-attention-context","enc-attention-dense","enc-post-attention-dropout","enc-2nd-layernorm","enc-MLP-GEMM-1","enc-MLP-gelu","enc-MLP-GEMM-2","enc-post-MLP-dropout","enc-1st-layernorm","enc-attention-qkv","enc-attention-score","enc-attention-softmax","enc-attention-dropout","enc-attention-context","enc-attention-dense","enc-post-attention-dropout","enc-2nd-layernorm","enc-MLP-GEMM-1","enc-MLP-gelu","enc-MLP-GEMM-2","enc-post-MLP-dropout","enc-1st-layernorm","enc-attention-qkv","enc-attention-score","enc-attention-softmax","enc-attention-dropout","enc-attention-context","enc-attention-dense","enc-post-attention-dropout","enc-2nd-layernorm","enc-MLP-GEMM-1","enc-MLP-gelu","enc-MLP-GEMM-2","enc-post-MLP-dropout","enc-1st-layernorm","enc-attention-qkv","enc-attention-score","enc-attention-softmax","enc-attention-dropout","enc-attention-context","enc-attention-dense","enc-post-attention-dropout","enc-2nd-layernorm","enc-MLP-GEMM-1","enc-MLP-gelu","enc-MLP-GEMM-2","enc-post-MLP-dropout","enc-1st-layernorm","enc-attention-qkv","enc-attention-score","enc-attention-softmax","enc-attention-dropout","enc-attention-context","enc-attention-dense","enc-post-attention-dropout","enc-2nd-layernorm","enc-MLP-GEMM-1","enc-MLP-gelu","enc-MLP-GEMM-2","enc-post-MLP-dropout","enc-1st-layernorm","enc-attention-qkv","enc-attention-score","enc-attention-softmax","enc-attention-dropout","enc-attention-context","enc-attention-dense","enc-post-attention-dropout","enc-2nd-layernorm","enc-MLP-GEMM-1","enc-MLP-gelu","enc-MLP-GEMM-2","enc-post-MLP-dropout","enc-1st-layernorm","enc-attention-qkv","enc-attention-score","enc-attention-softmax","enc-attention-dropout","enc-attention-context","enc-attention-dense","enc-post-attention-dropout","enc-2nd-layernorm","enc-MLP-GEMM-1","enc-MLP-gelu","enc-MLP-GEMM-2","enc-post-MLP-dropout","enc-1st-layernorm","enc-attention-qkv","enc-attention-score","enc-attention-softmax","enc-attention-dropout","enc-attention-context","enc-attention-dense","enc-post-attention-dropout","enc-2nd-layernorm","enc-MLP-GEMM-1","enc-MLP-gelu","enc-MLP-GEMM-2","enc-post-MLP-dropout","enc-1st-layernorm","enc-attention-qkv","enc-attention-score","enc-attention-softmax","enc-attention-dropout","enc-attention-context","enc-attention-dense","enc-post-attention-dropout","enc-2nd-layernorm","enc-MLP-GEMM-1","enc-MLP-gelu","enc-MLP-GEMM-2","enc-post-MLP-dropout","enc-1st-layernorm","enc-attention-qkv","enc-attention-score","enc-attention-softmax","enc-attention-dropout","enc-attention-context","enc-attention-dense","enc-post-attention-dropout","enc-2nd-layernorm","enc-MLP-GEMM-1","enc-MLP-gelu","enc-MLP-GEMM-2","enc-post-MLP-dropout","enc-1st-layernorm","enc-attention-qkv","enc-attention-score","enc-attention-softmax","enc-attention-dropout","enc-attention-context","enc-attention-dense","enc-post-attention-dropout","enc-2nd-layernorm","enc-MLP-GEMM-1","enc-MLP-gelu","enc-MLP-GEMM-2","enc-post-MLP-dropout","enc-1st-layernorm","enc-attention-qkv","enc-attention-score","enc-attention-softmax","enc-attention-dropout","enc-attention-context","enc-attention-dense","enc-post-attention-dropout","enc-2nd-layernorm","enc-MLP-GEMM-1","enc-MLP-gelu","enc-MLP-GEMM-2","enc-post-MLP-dropout","enc-1st-layernorm","enc-attention-qkv","enc-attention-score","enc-attention-softmax","enc-attention-dropout","enc-attention-context","enc-attention-dense","enc-post-attention-dropout","enc-2nd-layernorm","enc-MLP-GEMM-1","enc-MLP-gelu","enc-MLP-GEMM-2","enc-post-MLP-dropout","enc-1st-layernorm","enc-attention-qkv","enc-attention-score","enc-attention-softmax","enc-attention-dropout","enc-attention-context","enc-attention-dense","enc-post-attention-dropout","enc-2nd-layernorm","enc-MLP-GEMM-1","enc-MLP-gelu","enc-MLP-GEMM-2","enc-post-MLP-dropout","enc-1st-layernorm","enc-attention-qkv","enc-attention-score","enc-attention-softmax","enc-attention-dropout","enc-attention-context","enc-attention-dense","enc-post-attention-dropout","enc-2nd-layernorm","enc-MLP-GEMM-1","enc-MLP-gelu","enc-MLP-GEMM-2","enc-post-MLP-dropout","enc-1st-layernorm","enc-attention-qkv","enc-attention-score","enc-attention-softmax","enc-attention-dropout","enc-attention-context","enc-attention-dense","enc-post-attention-dropout","enc-2nd-layernorm","enc-MLP-GEMM-1","enc-MLP-gelu","enc-MLP-GEMM-2","enc-post-MLP-dropout","enc-1st-layernorm","enc-attention-qkv","enc-attention-score","enc-attention-softmax","enc-attention-dropout","enc-attention-context","enc-attention-dense","enc-post-attention-dropout","enc-2nd-layernorm","enc-MLP-GEMM-1","enc-MLP-gelu","enc-MLP-GEMM-2","enc-post-MLP-dropout","enc-1st-layernorm","enc-attention-qkv","enc-attention-score","enc-attention-softmax","enc-attention-dropout","enc-attention-context","enc-attention-dense","enc-post-attention-dropout","enc-2nd-layernorm","enc-MLP-GEMM-1","enc-MLP-gelu","enc-MLP-GEMM-2","enc-post-MLP-dropout","enc-1st-layernorm",
[rank 5 recompute ops] enc-attention-score enc-attention-softmax enc-attention-dropout enc-attention-context enc-MLP-GEMM-1 enc-MLP-gelu enc-attention-score enc-attention-softmax enc-attention-dropout enc-attention-context enc-MLP-GEMM-1 enc-MLP-gelu enc-attention-score enc-attention-softmax enc-attention-dropout enc-attention-context enc-MLP-GEMM-1 enc-MLP-gelu enc-attention-score enc-attention-softmax enc-attention-dropout enc-attention-context enc-attention-score enc-attention-softmax enc-attention-dropout enc-attention-context enc-attention-score enc-attention-softmax enc-attention-dropout enc-attention-context enc-attention-score enc-attention-softmax enc-attention-dropout enc-attention-context enc-attention-score enc-attention-softmax enc-attention-dropout enc-attention-context enc-attention-score enc-attention-softmax enc-attention-dropout enc-attention-context enc-attention-score enc-attention-softmax enc-attention-dropout enc-attention-context enc-attention-score enc-attention-softmax enc-attention-dropout enc-attention-context enc-attention-score enc-attention-softmax enc-attention-dropout enc-attention-context enc-attention-score enc-attention-softmax enc-attention-dropout enc-attention-context enc-attention-score enc-attention-softmax enc-attention-dropout enc-attention-context enc-attention-score enc-attention-softmax enc-attention-dropout enc-attention-context enc-attention-score enc-attention-softmax enc-attention-dropout enc-attention-context enc-attention-score enc-attention-softmax enc-attention-dropout enc-attention-context enc-attention-score enc-attention-softmax enc-attention-dropout enc-attention-context enc-attention-score enc-attention-softmax enc-attention-dropout enc-attention-context enc-attention-score enc-attention-softmax enc-attention-dropout enc-attention-context enc-attention-score enc-attention-softmax enc-attention-dropout enc-attention-context enc-attention-score enc-attention-softmax enc-attention-dropout enc-attention-context enc-attention-dropout enc-attention-context enc-attention-dropout enc-attention-context enc-attention-dropout enc-attention-context enc-attention-dropout enc-attention-context enc-attention-dropout enc-attention-context enc-attention-dropout enc-attention-context enc-attention-dropout enc-attention-context enc-attention-dropout enc-attention-context enc-attention-dropout enc-attention-context enc-attention-dropout enc-attention-context enc-attention-dropout enc-attention-context 
[rank 4 all ops] "enc-attention-dense","enc-post-attention-dropout","enc-2nd-layernorm","enc-MLP-GEMM-1","enc-MLP-gelu","enc-MLP-GEMM-2","enc-post-MLP-dropout","enc-1st-layernorm","enc-attention-qkv","enc-attention-score","enc-attention-softmax","enc-attention-dropout","enc-attention-context","enc-attention-dense","enc-post-attention-dropout","enc-2nd-layernorm","enc-MLP-GEMM-1","enc-MLP-gelu","enc-MLP-GEMM-2","enc-post-MLP-dropout","enc-1st-layernorm","enc-attention-qkv","enc-attention-score","enc-attention-softmax","enc-attention-dropout","enc-attention-context","enc-attention-dense","enc-post-attention-dropout","enc-2nd-layernorm","enc-MLP-GEMM-1","enc-MLP-gelu","enc-MLP-GEMM-2","enc-post-MLP-dropout","enc-1st-layernorm","enc-attention-qkv","enc-attention-score","enc-attention-softmax","enc-attention-dropout","enc-attention-context","enc-attention-dense","enc-post-attention-dropout","enc-2nd-layernorm","enc-MLP-GEMM-1","enc-MLP-gelu","enc-MLP-GEMM-2","enc-post-MLP-dropout","enc-1st-layernorm","enc-attention-qkv","enc-attention-score","enc-attention-softmax","enc-attention-dropout","enc-attention-context","enc-attention-dense","enc-post-attention-dropout","enc-2nd-layernorm","enc-MLP-GEMM-1","enc-MLP-gelu","enc-MLP-GEMM-2","enc-post-MLP-dropout","enc-1st-layernorm","enc-attention-qkv","enc-attention-score","enc-attention-softmax","enc-attention-dropout","enc-attention-context","enc-attention-dense","enc-post-attention-dropout","enc-2nd-layernorm","enc-MLP-GEMM-1","enc-MLP-gelu","enc-MLP-GEMM-2","enc-post-MLP-dropout","enc-1st-layernorm","enc-attention-qkv","enc-attention-score","enc-attention-softmax","enc-attention-dropout","enc-attention-context","enc-attention-dense","enc-post-attention-dropout","enc-2nd-layernorm","enc-MLP-GEMM-1","enc-MLP-gelu","enc-MLP-GEMM-2","enc-post-MLP-dropout","enc-1st-layernorm","enc-attention-qkv","enc-attention-score","enc-attention-softmax","enc-attention-dropout","enc-attention-context","enc-attention-dense","enc-post-attention-dropout","enc-2nd-layernorm","enc-MLP-GEMM-1","enc-MLP-gelu","enc-MLP-GEMM-2","enc-post-MLP-dropout","enc-1st-layernorm","enc-attention-qkv","enc-attention-score","enc-attention-softmax","enc-attention-dropout","enc-attention-context","enc-attention-dense","enc-post-attention-dropout","enc-2nd-layernorm","enc-MLP-GEMM-1","enc-MLP-gelu","enc-MLP-GEMM-2","enc-post-MLP-dropout","enc-1st-layernorm","enc-attention-qkv","enc-attention-score","enc-attention-softmax","enc-attention-dropout","enc-attention-context","enc-attention-dense","enc-post-attention-dropout","enc-2nd-layernorm","enc-MLP-GEMM-1","enc-MLP-gelu","enc-MLP-GEMM-2","enc-post-MLP-dropout","enc-1st-layernorm","enc-attention-qkv","enc-attention-score","enc-attention-softmax","enc-attention-dropout","enc-attention-context","enc-attention-dense","enc-post-attention-dropout","enc-2nd-layernorm","enc-MLP-GEMM-1","enc-MLP-gelu","enc-MLP-GEMM-2","enc-post-MLP-dropout","enc-1st-layernorm","enc-attention-qkv","enc-attention-score","enc-attention-softmax","enc-attention-dropout","enc-attention-context","enc-attention-dense","enc-post-attention-dropout","enc-2nd-layernorm","enc-MLP-GEMM-1","enc-MLP-gelu","enc-MLP-GEMM-2","enc-post-MLP-dropout","enc-1st-layernorm","enc-attention-qkv","enc-attention-score","enc-attention-softmax","enc-attention-dropout","enc-attention-context","enc-attention-dense","enc-post-attention-dropout","enc-2nd-layernorm","enc-MLP-GEMM-1","enc-MLP-gelu","enc-MLP-GEMM-2","enc-post-MLP-dropout","enc-1st-layernorm","enc-attention-qkv","enc-attention-score","enc-attention-softmax","enc-attention-dropout","enc-attention-context","enc-attention-dense","enc-post-attention-dropout","enc-2nd-layernorm","enc-MLP-GEMM-1","enc-MLP-gelu","enc-MLP-GEMM-2","enc-post-MLP-dropout","enc-1st-layernorm","enc-attention-qkv","enc-attention-score","enc-attention-softmax","enc-attention-dropout","enc-attention-context","enc-attention-dense","enc-post-attention-dropout","enc-2nd-layernorm","enc-MLP-GEMM-1","enc-MLP-gelu","enc-MLP-GEMM-2","enc-post-MLP-dropout","enc-1st-layernorm","enc-attention-qkv","enc-attention-score","enc-attention-softmax","enc-attention-dropout","enc-attention-context","enc-attention-dense","enc-post-attention-dropout","enc-2nd-layernorm","enc-MLP-GEMM-1","enc-MLP-gelu","enc-MLP-GEMM-2","enc-post-MLP-dropout","enc-1st-layernorm","enc-attention-qkv","enc-attention-score","enc-attention-softmax","enc-attention-dropout","enc-attention-context","enc-attention-dense","enc-post-attention-dropout","enc-2nd-layernorm","enc-MLP-GEMM-1","enc-MLP-gelu","enc-MLP-GEMM-2","enc-post-MLP-dropout","enc-1st-layernorm","enc-attention-qkv","enc-attention-score","enc-attention-softmax","enc-attention-dropout","enc-attention-context","enc-attention-dense","enc-post-attention-dropout","enc-2nd-layernorm","enc-MLP-GEMM-1","enc-MLP-gelu","enc-MLP-GEMM-2","enc-post-MLP-dropout","enc-1st-layernorm","enc-attention-qkv","enc-attention-score","enc-attention-softmax","enc-attention-dropout","enc-attention-context","enc-attention-dense","enc-post-attention-dropout","enc-2nd-layernorm","enc-MLP-GEMM-1","enc-MLP-gelu","enc-MLP-GEMM-2","enc-post-MLP-dropout","enc-1st-layernorm","enc-attention-qkv","enc-attention-score","enc-attention-softmax","enc-attention-dropout","enc-attention-context","enc-attention-dense","enc-post-attention-dropout","enc-2nd-layernorm","enc-MLP-GEMM-1","enc-MLP-gelu","enc-MLP-GEMM-2","enc-post-MLP-dropout","enc-1st-layernorm","enc-attention-qkv","enc-attention-score","enc-attention-softmax","enc-attention-dropout","enc-attention-context","enc-attention-dense","enc-post-attention-dropout","enc-2nd-layernorm","enc-MLP-GEMM-1","enc-MLP-gelu","enc-MLP-GEMM-2","enc-post-MLP-dropout","enc-1st-layernorm","enc-attention-qkv","enc-attention-score","enc-attention-softmax","enc-attention-dropout","enc-attention-context","enc-attention-dense","enc-post-attention-dropout","enc-2nd-layernorm","enc-MLP-GEMM-1","enc-MLP-gelu","enc-MLP-GEMM-2","enc-post-MLP-dropout","enc-1st-layernorm","enc-attention-qkv","enc-attention-score","enc-attention-softmax","enc-attention-dropout","enc-attention-context","enc-attention-dense","enc-post-attention-dropout","enc-2nd-layernorm","enc-MLP-GEMM-1","enc-MLP-gelu","enc-MLP-GEMM-2","enc-post-MLP-dropout","enc-1st-layernorm","enc-attention-qkv","enc-attention-score","enc-attention-softmax","enc-attention-dropout","enc-attention-context","enc-attention-dense","enc-post-attention-dropout","enc-2nd-layernorm","enc-MLP-GEMM-1","enc-MLP-gelu","enc-MLP-GEMM-2","enc-post-MLP-dropout","enc-1st-layernorm","enc-attention-qkv","enc-attention-score","enc-attention-softmax","enc-attention-dropout","enc-attention-context","enc-attention-dense","enc-post-attention-dropout","enc-2nd-layernorm","enc-MLP-GEMM-1","enc-MLP-gelu","enc-MLP-GEMM-2","enc-post-MLP-dropout","enc-1st-layernorm","enc-attention-qkv","enc-attention-score","enc-attention-softmax","enc-attention-dropout","enc-attention-context","enc-attention-dense","enc-post-attention-dropout","enc-2nd-layernorm","enc-MLP-GEMM-1","enc-MLP-gelu","enc-MLP-GEMM-2","enc-post-MLP-dropout","enc-1st-layernorm","enc-attention-qkv","enc-attention-score","enc-attention-softmax","enc-attention-dropout","enc-attention-context","enc-attention-dense","enc-post-attention-dropout","enc-2nd-layernorm","enc-MLP-GEMM-1","enc-MLP-gelu","enc-MLP-GEMM-2","enc-post-MLP-dropout","enc-1st-layernorm","enc-attention-qkv","enc-attention-score","enc-attention-softmax","enc-attention-dropout","enc-attention-context","enc-attention-dense","enc-post-attention-dropout","enc-2nd-layernorm","enc-MLP-GEMM-1","enc-MLP-gelu","enc-MLP-GEMM-2","enc-post-MLP-dropout","enc-1st-layernorm","enc-attention-qkv","enc-attention-score","enc-attention-softmax","enc-attention-dropout","enc-attention-context","enc-attention-dense","enc-post-attention-dropout","enc-2nd-layernorm","enc-MLP-GEMM-1","enc-MLP-gelu","enc-MLP-GEMM-2","enc-post-MLP-dropout","enc-1st-layernorm","enc-attention-qkv","enc-attention-score","enc-attention-softmax","enc-attention-dropout","enc-attention-context","enc-attention-dense","enc-post-attention-dropout","enc-2nd-layernorm","enc-MLP-GEMM-1","enc-MLP-gelu","enc-MLP-GEMM-2","enc-post-MLP-dropout","enc-1st-layernorm","enc-attention-qkv","enc-attention-score","enc-attention-softmax","enc-attention-dropout","enc-attention-context","enc-attention-dense","enc-post-attention-dropout","enc-2nd-layernorm","enc-MLP-GEMM-1","enc-MLP-gelu","enc-MLP-GEMM-2","enc-post-MLP-dropout","enc-1st-layernorm","enc-attention-qkv","enc-attention-score","enc-attention-softmax","enc-attention-dropout","enc-attention-context","enc-attention-dense","enc-post-attention-dropout","enc-2nd-layernorm","enc-MLP-GEMM-1","enc-MLP-gelu","enc-MLP-GEMM-2","enc-post-MLP-dropout","enc-1st-layernorm","enc-attention-qkv","enc-attention-score","enc-attention-softmax","enc-attention-dropout","enc-attention-context","enc-attention-dense","enc-post-attention-dropout","enc-2nd-layernorm","enc-MLP-GEMM-1","enc-MLP-gelu","enc-MLP-GEMM-2","enc-post-MLP-dropout","enc-1st-layernorm",
[rank 4 recompute ops] enc-attention-score enc-attention-softmax enc-attention-dropout enc-attention-context enc-attention-score enc-attention-softmax enc-attention-dropout enc-attention-context enc-attention-score enc-attention-softmax enc-attention-dropout enc-attention-context enc-attention-score enc-attention-softmax enc-attention-dropout enc-attention-context enc-attention-score enc-attention-softmax enc-attention-dropout enc-attention-context enc-attention-score enc-attention-softmax enc-attention-dropout enc-attention-context enc-attention-score enc-attention-softmax enc-attention-dropout enc-attention-context enc-attention-score enc-attention-softmax enc-attention-dropout enc-attention-context enc-attention-score enc-attention-softmax enc-attention-dropout enc-attention-context enc-attention-score enc-attention-softmax enc-attention-dropout enc-attention-context enc-attention-score enc-attention-softmax enc-attention-dropout enc-attention-context enc-attention-score enc-attention-softmax enc-attention-dropout enc-attention-context enc-attention-score enc-attention-softmax enc-attention-dropout enc-attention-context enc-attention-score enc-attention-softmax enc-attention-dropout enc-attention-context enc-attention-score enc-attention-softmax enc-attention-dropout enc-attention-context enc-attention-score enc-attention-softmax enc-attention-dropout enc-attention-context enc-attention-score enc-attention-softmax enc-attention-dropout enc-attention-context enc-attention-score enc-attention-softmax enc-attention-dropout enc-attention-context enc-attention-score enc-attention-softmax enc-attention-dropout enc-attention-context enc-attention-score enc-attention-softmax enc-attention-dropout enc-attention-context enc-attention-score enc-attention-softmax enc-attention-dropout enc-attention-context enc-attention-score enc-attention-softmax enc-attention-dropout enc-attention-context enc-attention-score enc-attention-softmax enc-attention-dropout enc-attention-context enc-attention-score enc-attention-softmax enc-attention-dropout enc-attention-context enc-attention-score enc-attention-softmax enc-attention-dropout enc-attention-context enc-attention-score enc-attention-softmax enc-attention-dropout enc-attention-context enc-attention-score enc-attention-softmax enc-attention-dropout enc-attention-context enc-attention-score enc-attention-softmax enc-attention-dropout enc-attention-context enc-attention-score enc-attention-softmax enc-attention-dropout enc-attention-context enc-attention-dropout enc-attention-context enc-attention-dropout enc-attention-context enc-attention-dropout enc-attention-context 
[rank 7 all ops] "enc-attention-dropout","enc-attention-context","enc-attention-dense","enc-post-attention-dropout","enc-2nd-layernorm","enc-MLP-GEMM-1","enc-MLP-gelu","enc-MLP-GEMM-2","enc-post-MLP-dropout","enc-1st-layernorm","enc-attention-qkv","enc-attention-score","enc-attention-softmax","enc-attention-dropout","enc-attention-context","enc-attention-dense","enc-post-attention-dropout","enc-2nd-layernorm","enc-MLP-GEMM-1","enc-MLP-gelu","enc-MLP-GEMM-2","enc-post-MLP-dropout","enc-1st-layernorm","enc-attention-qkv","enc-attention-score","enc-attention-softmax","enc-attention-dropout","enc-attention-context","enc-attention-dense","enc-post-attention-dropout","enc-2nd-layernorm","enc-MLP-GEMM-1","enc-MLP-gelu","enc-MLP-GEMM-2","enc-post-MLP-dropout","enc-1st-layernorm","enc-attention-qkv","enc-attention-score","enc-attention-softmax","enc-attention-dropout","enc-attention-context","enc-attention-dense","enc-post-attention-dropout","enc-2nd-layernorm","enc-MLP-GEMM-1","enc-MLP-gelu","enc-MLP-GEMM-2","enc-post-MLP-dropout","enc-1st-layernorm","enc-attention-qkv","enc-attention-score","enc-attention-softmax","enc-attention-dropout","enc-attention-context","enc-attention-dense","enc-post-attention-dropout","enc-2nd-layernorm","enc-MLP-GEMM-1","enc-MLP-gelu","enc-MLP-GEMM-2","enc-post-MLP-dropout","enc-1st-layernorm","enc-attention-qkv","enc-attention-score","enc-attention-softmax","enc-attention-dropout","enc-attention-context","enc-attention-dense","enc-post-attention-dropout","enc-2nd-layernorm","enc-MLP-GEMM-1","enc-MLP-gelu","enc-MLP-GEMM-2","enc-post-MLP-dropout","enc-1st-layernorm","enc-attention-qkv","enc-attention-score","enc-attention-softmax","enc-attention-dropout","enc-attention-context","enc-attention-dense","enc-post-attention-dropout","enc-2nd-layernorm","enc-MLP-GEMM-1","enc-MLP-gelu","enc-MLP-GEMM-2","enc-post-MLP-dropout","enc-1st-layernorm","enc-attention-qkv","enc-attention-score","enc-attention-softmax","enc-attention-dropout","enc-attention-context","enc-attention-dense","enc-post-attention-dropout","enc-2nd-layernorm","enc-MLP-GEMM-1","enc-MLP-gelu","enc-MLP-GEMM-2","enc-post-MLP-dropout","enc-1st-layernorm","enc-attention-qkv","enc-attention-score","enc-attention-softmax","enc-attention-dropout","enc-attention-context","enc-attention-dense","enc-post-attention-dropout","enc-2nd-layernorm","enc-MLP-GEMM-1","enc-MLP-gelu","enc-MLP-GEMM-2","enc-post-MLP-dropout","enc-1st-layernorm","enc-attention-qkv","enc-attention-score","enc-attention-softmax","enc-attention-dropout","enc-attention-context","enc-attention-dense","enc-post-attention-dropout","enc-2nd-layernorm","enc-MLP-GEMM-1","enc-MLP-gelu","enc-MLP-GEMM-2","enc-post-MLP-dropout","enc-1st-layernorm","enc-attention-qkv","enc-attention-score","enc-attention-softmax","enc-attention-dropout","enc-attention-context","enc-attention-dense","enc-post-attention-dropout","enc-2nd-layernorm","enc-MLP-GEMM-1","enc-MLP-gelu","enc-MLP-GEMM-2","enc-post-MLP-dropout","enc-1st-layernorm","enc-attention-qkv","enc-attention-score","enc-attention-softmax","enc-attention-dropout","enc-attention-context","enc-attention-dense","enc-post-attention-dropout","enc-2nd-layernorm","enc-MLP-GEMM-1","enc-MLP-gelu","enc-MLP-GEMM-2","enc-post-MLP-dropout","enc-1st-layernorm","enc-attention-qkv","enc-attention-score","enc-attention-softmax","enc-attention-dropout","enc-attention-context","enc-attention-dense","enc-post-attention-dropout","enc-2nd-layernorm","enc-MLP-GEMM-1","enc-MLP-gelu","enc-MLP-GEMM-2","enc-post-MLP-dropout","enc-1st-layernorm","enc-attention-qkv","enc-attention-score","enc-attention-softmax","enc-attention-dropout","enc-attention-context","enc-attention-dense","enc-post-attention-dropout","enc-2nd-layernorm","enc-MLP-GEMM-1","enc-MLP-gelu","enc-MLP-GEMM-2","enc-post-MLP-dropout","enc-1st-layernorm","enc-attention-qkv","enc-attention-score","enc-attention-softmax","enc-attention-dropout","enc-attention-context","enc-attention-dense","enc-post-attention-dropout","enc-2nd-layernorm","enc-MLP-GEMM-1","enc-MLP-gelu","enc-MLP-GEMM-2","enc-post-MLP-dropout","enc-1st-layernorm","enc-attention-qkv","enc-attention-score","enc-attention-softmax","enc-attention-dropout","enc-attention-context","enc-attention-dense","enc-post-attention-dropout","enc-2nd-layernorm","enc-MLP-GEMM-1","enc-MLP-gelu","enc-MLP-GEMM-2","enc-post-MLP-dropout","enc-1st-layernorm","enc-attention-qkv","enc-attention-score","enc-attention-softmax","enc-attention-dropout","enc-attention-context","enc-attention-dense","enc-post-attention-dropout","enc-2nd-layernorm","enc-MLP-GEMM-1","enc-MLP-gelu","enc-MLP-GEMM-2","enc-post-MLP-dropout","enc-1st-layernorm","enc-attention-qkv","enc-attention-score","enc-attention-softmax","enc-attention-dropout","enc-attention-context","enc-attention-dense","enc-post-attention-dropout","enc-2nd-layernorm","enc-MLP-GEMM-1","enc-MLP-gelu","enc-MLP-GEMM-2","enc-post-MLP-dropout","enc-1st-layernorm","enc-attention-qkv","enc-attention-score","enc-attention-softmax","enc-attention-dropout","enc-attention-context","enc-attention-dense","enc-post-attention-dropout","enc-2nd-layernorm","enc-MLP-GEMM-1","enc-MLP-gelu","enc-MLP-GEMM-2","enc-post-MLP-dropout","enc-1st-layernorm","enc-attention-qkv","enc-attention-score","enc-attention-softmax","enc-attention-dropout","enc-attention-context","enc-attention-dense","enc-post-attention-dropout","enc-2nd-layernorm","enc-MLP-GEMM-1","enc-MLP-gelu","enc-MLP-GEMM-2","enc-post-MLP-dropout","enc-1st-layernorm","enc-attention-qkv","enc-attention-score","enc-attention-softmax","enc-attention-dropout","enc-attention-context","enc-attention-dense","enc-post-attention-dropout","enc-2nd-layernorm","enc-MLP-GEMM-1","enc-MLP-gelu","enc-MLP-GEMM-2","enc-post-MLP-dropout","enc-1st-layernorm","enc-attention-qkv","enc-attention-score","enc-attention-softmax","enc-attention-dropout","enc-attention-context","enc-attention-dense","enc-post-attention-dropout","enc-2nd-layernorm","enc-MLP-GEMM-1","enc-MLP-gelu","enc-MLP-GEMM-2","enc-post-MLP-dropout","enc-1st-layernorm","enc-attention-qkv","enc-attention-score","enc-attention-softmax","enc-attention-dropout","enc-attention-context","enc-attention-dense","enc-post-attention-dropout","enc-2nd-layernorm","enc-MLP-GEMM-1","enc-MLP-gelu","enc-MLP-GEMM-2","enc-post-MLP-dropout","enc-1st-layernorm","enc-attention-qkv","enc-attention-score","enc-attention-softmax","enc-attention-dropout","enc-attention-context","enc-attention-dense","enc-post-attention-dropout","enc-2nd-layernorm","enc-MLP-GEMM-1","enc-MLP-gelu","enc-MLP-GEMM-2","enc-post-MLP-dropout","enc-1st-layernorm","enc-attention-qkv","enc-attention-score","enc-attention-softmax","enc-attention-dropout","enc-attention-context","enc-attention-dense","enc-post-attention-dropout","enc-2nd-layernorm","enc-MLP-GEMM-1","enc-MLP-gelu","enc-MLP-GEMM-2","enc-post-MLP-dropout","enc-1st-layernorm","enc-attention-qkv","enc-attention-score","enc-attention-softmax","enc-attention-dropout","enc-attention-context","enc-attention-dense","enc-post-attention-dropout","enc-2nd-layernorm","enc-MLP-GEMM-1","enc-MLP-gelu","enc-MLP-GEMM-2","enc-post-MLP-dropout","enc-1st-layernorm","enc-attention-qkv","enc-attention-score","enc-attention-softmax","enc-attention-dropout","enc-attention-context","enc-attention-dense","enc-post-attention-dropout","enc-2nd-layernorm","enc-MLP-GEMM-1","enc-MLP-gelu","enc-MLP-GEMM-2","enc-post-MLP-dropout","enc-1st-layernorm","enc-attention-qkv","enc-attention-score","enc-attention-softmax","enc-attention-dropout","enc-attention-context","enc-attention-dense","enc-post-attention-dropout","enc-2nd-layernorm","enc-MLP-GEMM-1","enc-MLP-gelu","enc-MLP-GEMM-2","enc-post-MLP-dropout","enc-1st-layernorm","enc-attention-qkv","enc-attention-score","enc-attention-softmax","enc-attention-dropout","enc-attention-context","enc-attention-dense","enc-post-attention-dropout","enc-2nd-layernorm","enc-MLP-GEMM-1","enc-MLP-gelu","enc-MLP-GEMM-2","enc-post-MLP-dropout","enc-1st-layernorm","enc-attention-qkv","enc-attention-score","enc-attention-softmax","enc-attention-dropout","enc-attention-context","enc-attention-dense","enc-post-attention-dropout","enc-2nd-layernorm","enc-MLP-GEMM-1","enc-MLP-gelu","enc-MLP-GEMM-2","enc-post-MLP-dropout","enc-1st-layernorm","enc-attention-qkv","enc-attention-score","enc-attention-softmax","enc-attention-dropout","enc-attention-context","enc-attention-dense","enc-post-attention-dropout","enc-2nd-layernorm","enc-MLP-GEMM-1","enc-MLP-gelu","enc-MLP-GEMM-2","enc-post-MLP-dropout","enc-1st-layernorm","enc-attention-qkv","enc-attention-score","enc-attention-softmax","enc-attention-dropout","enc-attention-context","enc-attention-dense","enc-post-attention-dropout","enc-2nd-layernorm","enc-MLP-GEMM-1","enc-MLP-gelu","enc-MLP-GEMM-2","enc-post-MLP-dropout","enc-1st-layernorm","enc-attention-qkv","enc-attention-score","enc-attention-softmax","enc-attention-dropout","enc-attention-context","enc-attention-dense","enc-post-attention-dropout","enc-2nd-layernorm","enc-MLP-GEMM-1","enc-MLP-gelu","enc-MLP-GEMM-2","enc-post-MLP-dropout","final-layernorm","gpt-post-process",
[rank 7 recompute ops] enc-attention-dropout enc-attention-context enc-attention-dropout enc-attention-context enc-attention-dropout enc-attention-context enc-attention-dropout enc-attention-context enc-attention-dropout enc-attention-context enc-attention-dropout enc-attention-context enc-attention-dropout enc-attention-context enc-attention-dropout enc-attention-context enc-attention-dropout enc-attention-context enc-attention-dropout enc-attention-context enc-attention-dropout enc-attention-context enc-attention-dropout enc-attention-context enc-attention-dropout enc-attention-context enc-attention-dropout enc-attention-context enc-attention-dropout enc-attention-context enc-attention-dropout enc-attention-context enc-attention-dropout enc-attention-context enc-attention-dropout enc-attention-context enc-attention-dropout enc-attention-context enc-attention-dropout enc-attention-context enc-attention-dropout enc-attention-context enc-attention-dropout enc-attention-context enc-attention-dropout enc-attention-context enc-attention-dropout enc-attention-context enc-attention-dropout enc-attention-context enc-attention-dropout enc-attention-context enc-attention-dropout enc-attention-context 
 > number of parameters on (tensor, pipeline) model parallel rank (0, 2): 99824640
 > number of parameters on (tensor, pipeline) model parallel rank (0, 3): 98511872
 > number of parameters on (tensor, pipeline) model parallel rank (0, 5): 104028672
 > number of parameters on (tensor, pipeline) model parallel rank (0, 4): 103240704
 > number of parameters on (tensor, pipeline) model parallel rank (0, 7): 128996352
[rank 6 all ops] "enc-attention-qkv","enc-attention-score","enc-attention-softmax","enc-attention-dropout","enc-attention-context","enc-attention-dense","enc-post-attention-dropout","enc-2nd-layernorm","enc-MLP-GEMM-1","enc-MLP-gelu","enc-MLP-GEMM-2","enc-post-MLP-dropout","enc-1st-layernorm","enc-attention-qkv","enc-attention-score","enc-attention-softmax","enc-attention-dropout","enc-attention-context","enc-attention-dense","enc-post-attention-dropout","enc-2nd-layernorm","enc-MLP-GEMM-1","enc-MLP-gelu","enc-MLP-GEMM-2","enc-post-MLP-dropout","enc-1st-layernorm","enc-attention-qkv","enc-attention-score","enc-attention-softmax","enc-attention-dropout","enc-attention-context","enc-attention-dense","enc-post-attention-dropout","enc-2nd-layernorm","enc-MLP-GEMM-1","enc-MLP-gelu","enc-MLP-GEMM-2","enc-post-MLP-dropout","enc-1st-layernorm","enc-attention-qkv","enc-attention-score","enc-attention-softmax","enc-attention-dropout","enc-attention-context","enc-attention-dense","enc-post-attention-dropout","enc-2nd-layernorm","enc-MLP-GEMM-1","enc-MLP-gelu","enc-MLP-GEMM-2","enc-post-MLP-dropout","enc-1st-layernorm","enc-attention-qkv","enc-attention-score","enc-attention-softmax","enc-attention-dropout","enc-attention-context","enc-attention-dense","enc-post-attention-dropout","enc-2nd-layernorm","enc-MLP-GEMM-1","enc-MLP-gelu","enc-MLP-GEMM-2","enc-post-MLP-dropout","enc-1st-layernorm","enc-attention-qkv","enc-attention-score","enc-attention-softmax","enc-attention-dropout","enc-attention-context","enc-attention-dense","enc-post-attention-dropout","enc-2nd-layernorm","enc-MLP-GEMM-1","enc-MLP-gelu","enc-MLP-GEMM-2","enc-post-MLP-dropout","enc-1st-layernorm","enc-attention-qkv","enc-attention-score","enc-attention-softmax","enc-attention-dropout","enc-attention-context","enc-attention-dense","enc-post-attention-dropout","enc-2nd-layernorm","enc-MLP-GEMM-1","enc-MLP-gelu","enc-MLP-GEMM-2","enc-post-MLP-dropout","enc-1st-layernorm","enc-attention-qkv","enc-attention-score","enc-attention-softmax","enc-attention-dropout","enc-attention-context","enc-attention-dense","enc-post-attention-dropout","enc-2nd-layernorm","enc-MLP-GEMM-1","enc-MLP-gelu","enc-MLP-GEMM-2","enc-post-MLP-dropout","enc-1st-layernorm","enc-attention-qkv","enc-attention-score","enc-attention-softmax","enc-attention-dropout","enc-attention-context","enc-attention-dense","enc-post-attention-dropout","enc-2nd-layernorm","enc-MLP-GEMM-1","enc-MLP-gelu","enc-MLP-GEMM-2","enc-post-MLP-dropout","enc-1st-layernorm","enc-attention-qkv","enc-attention-score","enc-attention-softmax","enc-attention-dropout","enc-attention-context","enc-attention-dense","enc-post-attention-dropout","enc-2nd-layernorm","enc-MLP-GEMM-1","enc-MLP-gelu","enc-MLP-GEMM-2","enc-post-MLP-dropout","enc-1st-layernorm","enc-attention-qkv","enc-attention-score","enc-attention-softmax","enc-attention-dropout","enc-attention-context","enc-attention-dense","enc-post-attention-dropout","enc-2nd-layernorm","enc-MLP-GEMM-1","enc-MLP-gelu","enc-MLP-GEMM-2","enc-post-MLP-dropout","enc-1st-layernorm","enc-attention-qkv","enc-attention-score","enc-attention-softmax","enc-attention-dropout","enc-attention-context","enc-attention-dense","enc-post-attention-dropout","enc-2nd-layernorm","enc-MLP-GEMM-1","enc-MLP-gelu","enc-MLP-GEMM-2","enc-post-MLP-dropout","enc-1st-layernorm","enc-attention-qkv","enc-attention-score","enc-attention-softmax","enc-attention-dropout","enc-attention-context","enc-attention-dense","enc-post-attention-dropout","enc-2nd-layernorm","enc-MLP-GEMM-1","enc-MLP-gelu","enc-MLP-GEMM-2","enc-post-MLP-dropout","enc-1st-layernorm","enc-attention-qkv","enc-attention-score","enc-attention-softmax","enc-attention-dropout","enc-attention-context","enc-attention-dense","enc-post-attention-dropout","enc-2nd-layernorm","enc-MLP-GEMM-1","enc-MLP-gelu","enc-MLP-GEMM-2","enc-post-MLP-dropout","enc-1st-layernorm","enc-attention-qkv","enc-attention-score","enc-attention-softmax","enc-attention-dropout","enc-attention-context","enc-attention-dense","enc-post-attention-dropout","enc-2nd-layernorm","enc-MLP-GEMM-1","enc-MLP-gelu","enc-MLP-GEMM-2","enc-post-MLP-dropout","enc-1st-layernorm","enc-attention-qkv","enc-attention-score","enc-attention-softmax","enc-attention-dropout","enc-attention-context","enc-attention-dense","enc-post-attention-dropout","enc-2nd-layernorm","enc-MLP-GEMM-1","enc-MLP-gelu","enc-MLP-GEMM-2","enc-post-MLP-dropout","enc-1st-layernorm","enc-attention-qkv","enc-attention-score","enc-attention-softmax","enc-attention-dropout","enc-attention-context","enc-attention-dense","enc-post-attention-dropout","enc-2nd-layernorm","enc-MLP-GEMM-1","enc-MLP-gelu","enc-MLP-GEMM-2","enc-post-MLP-dropout","enc-1st-layernorm","enc-attention-qkv","enc-attention-score","enc-attention-softmax","enc-attention-dropout","enc-attention-context","enc-attention-dense","enc-post-attention-dropout","enc-2nd-layernorm","enc-MLP-GEMM-1","enc-MLP-gelu","enc-MLP-GEMM-2","enc-post-MLP-dropout","enc-1st-layernorm","enc-attention-qkv","enc-attention-score","enc-attention-softmax","enc-attention-dropout","enc-attention-context","enc-attention-dense","enc-post-attention-dropout","enc-2nd-layernorm","enc-MLP-GEMM-1","enc-MLP-gelu","enc-MLP-GEMM-2","enc-post-MLP-dropout","enc-1st-layernorm","enc-attention-qkv","enc-attention-score","enc-attention-softmax","enc-attention-dropout","enc-attention-context","enc-attention-dense","enc-post-attention-dropout","enc-2nd-layernorm","enc-MLP-GEMM-1","enc-MLP-gelu","enc-MLP-GEMM-2","enc-post-MLP-dropout","enc-1st-layernorm","enc-attention-qkv","enc-attention-score","enc-attention-softmax","enc-attention-dropout","enc-attention-context","enc-attention-dense","enc-post-attention-dropout","enc-2nd-layernorm","enc-MLP-GEMM-1","enc-MLP-gelu","enc-MLP-GEMM-2","enc-post-MLP-dropout","enc-1st-layernorm","enc-attention-qkv","enc-attention-score","enc-attention-softmax","enc-attention-dropout","enc-attention-context","enc-attention-dense","enc-post-attention-dropout","enc-2nd-layernorm","enc-MLP-GEMM-1","enc-MLP-gelu","enc-MLP-GEMM-2","enc-post-MLP-dropout","enc-1st-layernorm","enc-attention-qkv","enc-attention-score","enc-attention-softmax","enc-attention-dropout","enc-attention-context","enc-attention-dense","enc-post-attention-dropout","enc-2nd-layernorm","enc-MLP-GEMM-1","enc-MLP-gelu","enc-MLP-GEMM-2","enc-post-MLP-dropout","enc-1st-layernorm","enc-attention-qkv","enc-attention-score","enc-attention-softmax","enc-attention-dropout","enc-attention-context","enc-attention-dense","enc-post-attention-dropout","enc-2nd-layernorm","enc-MLP-GEMM-1","enc-MLP-gelu","enc-MLP-GEMM-2","enc-post-MLP-dropout","enc-1st-layernorm","enc-attention-qkv","enc-attention-score","enc-attention-softmax","enc-attention-dropout","enc-attention-context","enc-attention-dense","enc-post-attention-dropout","enc-2nd-layernorm","enc-MLP-GEMM-1","enc-MLP-gelu","enc-MLP-GEMM-2","enc-post-MLP-dropout","enc-1st-layernorm","enc-attention-qkv","enc-attention-score","enc-attention-softmax","enc-attention-dropout","enc-attention-context","enc-attention-dense","enc-post-attention-dropout","enc-2nd-layernorm","enc-MLP-GEMM-1","enc-MLP-gelu","enc-MLP-GEMM-2","enc-post-MLP-dropout","enc-1st-layernorm","enc-attention-qkv","enc-attention-score","enc-attention-softmax","enc-attention-dropout","enc-attention-context","enc-attention-dense","enc-post-attention-dropout","enc-2nd-layernorm","enc-MLP-GEMM-1","enc-MLP-gelu","enc-MLP-GEMM-2","enc-post-MLP-dropout","enc-1st-layernorm","enc-attention-qkv","enc-attention-score","enc-attention-softmax","enc-attention-dropout","enc-attention-context","enc-attention-dense","enc-post-attention-dropout","enc-2nd-layernorm","enc-MLP-GEMM-1","enc-MLP-gelu","enc-MLP-GEMM-2","enc-post-MLP-dropout","enc-1st-layernorm","enc-attention-qkv","enc-attention-score","enc-attention-softmax","enc-attention-dropout","enc-attention-context","enc-attention-dense","enc-post-attention-dropout","enc-2nd-layernorm","enc-MLP-GEMM-1","enc-MLP-gelu","enc-MLP-GEMM-2","enc-post-MLP-dropout","enc-1st-layernorm","enc-attention-qkv","enc-attention-score","enc-attention-softmax","enc-attention-dropout","enc-attention-context","enc-attention-dense","enc-post-attention-dropout","enc-2nd-layernorm","enc-MLP-GEMM-1","enc-MLP-gelu","enc-MLP-GEMM-2","enc-post-MLP-dropout","enc-1st-layernorm","enc-attention-qkv","enc-attention-score","enc-attention-softmax","enc-attention-dropout","enc-attention-context","enc-attention-dense","enc-post-attention-dropout","enc-2nd-layernorm","enc-MLP-GEMM-1","enc-MLP-gelu","enc-MLP-GEMM-2","enc-post-MLP-dropout","enc-1st-layernorm","enc-attention-qkv","enc-attention-score","enc-attention-softmax","enc-attention-dropout","enc-attention-context","enc-attention-dense","enc-post-attention-dropout","enc-2nd-layernorm","enc-MLP-GEMM-1","enc-MLP-gelu","enc-MLP-GEMM-2","enc-post-MLP-dropout","enc-1st-layernorm","enc-attention-qkv","enc-attention-score","enc-attention-softmax","enc-attention-dropout","enc-attention-context","enc-attention-dense","enc-post-attention-dropout","enc-2nd-layernorm","enc-MLP-GEMM-1","enc-MLP-gelu","enc-MLP-GEMM-2","enc-post-MLP-dropout","enc-1st-layernorm","enc-attention-qkv","enc-attention-score","enc-attention-softmax","enc-attention-dropout","enc-attention-context","enc-attention-dense","enc-post-attention-dropout","enc-2nd-layernorm","enc-MLP-GEMM-1","enc-MLP-gelu","enc-MLP-GEMM-2","enc-post-MLP-dropout","enc-1st-layernorm","enc-attention-qkv","enc-attention-score","enc-attention-softmax",
[rank 6 recompute ops] enc-attention-score enc-attention-softmax enc-attention-dropout enc-attention-context enc-attention-score enc-attention-softmax enc-attention-dropout enc-attention-context enc-attention-score enc-attention-softmax enc-attention-dropout enc-attention-context enc-attention-score enc-attention-softmax enc-attention-dropout enc-attention-context enc-attention-score enc-attention-softmax enc-attention-dropout enc-attention-context enc-attention-score enc-attention-softmax enc-attention-dropout enc-attention-context enc-attention-score enc-attention-softmax enc-attention-dropout enc-attention-context enc-attention-score enc-attention-softmax enc-attention-dropout enc-attention-context enc-attention-score enc-attention-softmax enc-attention-dropout enc-attention-context enc-attention-score enc-attention-softmax enc-attention-dropout enc-attention-context enc-attention-dropout enc-attention-context enc-attention-dropout enc-attention-context enc-attention-dropout enc-attention-context enc-attention-dropout enc-attention-context enc-attention-dropout enc-attention-context enc-attention-dropout enc-attention-context enc-attention-dropout enc-attention-context enc-attention-dropout enc-attention-context enc-attention-dropout enc-attention-context enc-attention-dropout enc-attention-context enc-attention-dropout enc-attention-context enc-attention-dropout enc-attention-context enc-attention-dropout enc-attention-context enc-attention-dropout enc-attention-context enc-attention-dropout enc-attention-context enc-attention-dropout enc-attention-context enc-attention-dropout enc-attention-context enc-attention-dropout enc-attention-context enc-attention-dropout enc-attention-context enc-attention-dropout enc-attention-context enc-attention-dropout enc-attention-context enc-attention-dropout enc-attention-context enc-attention-dropout enc-attention-context enc-attention-dropout enc-attention-context 
[rank 1 all ops] "enc-attention-score","enc-attention-softmax","enc-attention-dropout","enc-attention-context","enc-attention-dense","enc-post-attention-dropout","enc-2nd-layernorm","enc-MLP-GEMM-1","enc-MLP-gelu","enc-MLP-GEMM-2","enc-post-MLP-dropout","enc-1st-layernorm","enc-attention-qkv","enc-attention-score","enc-attention-softmax","enc-attention-dropout","enc-attention-context","enc-attention-dense","enc-post-attention-dropout","enc-2nd-layernorm","enc-MLP-GEMM-1","enc-MLP-gelu","enc-MLP-GEMM-2","enc-post-MLP-dropout","enc-1st-layernorm","enc-attention-qkv","enc-attention-score","enc-attention-softmax","enc-attention-dropout","enc-attention-context","enc-attention-dense","enc-post-attention-dropout","enc-2nd-layernorm","enc-MLP-GEMM-1","enc-MLP-gelu","enc-MLP-GEMM-2","enc-post-MLP-dropout","enc-1st-layernorm","enc-attention-qkv","enc-attention-score","enc-attention-softmax","enc-attention-dropout","enc-attention-context","enc-attention-dense","enc-post-attention-dropout","enc-2nd-layernorm","enc-MLP-GEMM-1","enc-MLP-gelu","enc-MLP-GEMM-2","enc-post-MLP-dropout","enc-1st-layernorm","enc-attention-qkv","enc-attention-score","enc-attention-softmax","enc-attention-dropout","enc-attention-context","enc-attention-dense","enc-post-attention-dropout","enc-2nd-layernorm","enc-MLP-GEMM-1","enc-MLP-gelu","enc-MLP-GEMM-2","enc-post-MLP-dropout","enc-1st-layernorm","enc-attention-qkv","enc-attention-score","enc-attention-softmax","enc-attention-dropout","enc-attention-context","enc-attention-dense","enc-post-attention-dropout","enc-2nd-layernorm","enc-MLP-GEMM-1","enc-MLP-gelu","enc-MLP-GEMM-2","enc-post-MLP-dropout","enc-1st-layernorm","enc-attention-qkv","enc-attention-score","enc-attention-softmax","enc-attention-dropout","enc-attention-context","enc-attention-dense","enc-post-attention-dropout","enc-2nd-layernorm","enc-MLP-GEMM-1","enc-MLP-gelu","enc-MLP-GEMM-2","enc-post-MLP-dropout","enc-1st-layernorm","enc-attention-qkv","enc-attention-score","enc-attention-softmax","enc-attention-dropout","enc-attention-context","enc-attention-dense","enc-post-attention-dropout","enc-2nd-layernorm","enc-MLP-GEMM-1","enc-MLP-gelu","enc-MLP-GEMM-2","enc-post-MLP-dropout","enc-1st-layernorm","enc-attention-qkv","enc-attention-score","enc-attention-softmax","enc-attention-dropout","enc-attention-context","enc-attention-dense","enc-post-attention-dropout","enc-2nd-layernorm","enc-MLP-GEMM-1","enc-MLP-gelu","enc-MLP-GEMM-2","enc-post-MLP-dropout","enc-1st-layernorm","enc-attention-qkv","enc-attention-score","enc-attention-softmax","enc-attention-dropout","enc-attention-context","enc-attention-dense","enc-post-attention-dropout","enc-2nd-layernorm","enc-MLP-GEMM-1","enc-MLP-gelu","enc-MLP-GEMM-2","enc-post-MLP-dropout","enc-1st-layernorm","enc-attention-qkv","enc-attention-score","enc-attention-softmax","enc-attention-dropout","enc-attention-context","enc-attention-dense","enc-post-attention-dropout","enc-2nd-layernorm","enc-MLP-GEMM-1","enc-MLP-gelu","enc-MLP-GEMM-2","enc-post-MLP-dropout","enc-1st-layernorm","enc-attention-qkv","enc-attention-score","enc-attention-softmax","enc-attention-dropout","enc-attention-context","enc-attention-dense","enc-post-attention-dropout","enc-2nd-layernorm","enc-MLP-GEMM-1","enc-MLP-gelu","enc-MLP-GEMM-2","enc-post-MLP-dropout","enc-1st-layernorm","enc-attention-qkv","enc-attention-score","enc-attention-softmax","enc-attention-dropout","enc-attention-context","enc-attention-dense","enc-post-attention-dropout","enc-2nd-layernorm","enc-MLP-GEMM-1","enc-MLP-gelu","enc-MLP-GEMM-2","enc-post-MLP-dropout","enc-1st-layernorm","enc-attention-qkv","enc-attention-score","enc-attention-softmax","enc-attention-dropout","enc-attention-context","enc-attention-dense","enc-post-attention-dropout","enc-2nd-layernorm","enc-MLP-GEMM-1","enc-MLP-gelu","enc-MLP-GEMM-2","enc-post-MLP-dropout","enc-1st-layernorm","enc-attention-qkv","enc-attention-score","enc-attention-softmax","enc-attention-dropout","enc-attention-context","enc-attention-dense","enc-post-attention-dropout","enc-2nd-layernorm","enc-MLP-GEMM-1","enc-MLP-gelu","enc-MLP-GEMM-2","enc-post-MLP-dropout","enc-1st-layernorm","enc-attention-qkv","enc-attention-score","enc-attention-softmax","enc-attention-dropout","enc-attention-context","enc-attention-dense","enc-post-attention-dropout","enc-2nd-layernorm","enc-MLP-GEMM-1","enc-MLP-gelu","enc-MLP-GEMM-2","enc-post-MLP-dropout","enc-1st-layernorm","enc-attention-qkv","enc-attention-score","enc-attention-softmax","enc-attention-dropout","enc-attention-context","enc-attention-dense","enc-post-attention-dropout","enc-2nd-layernorm","enc-MLP-GEMM-1","enc-MLP-gelu","enc-MLP-GEMM-2","enc-post-MLP-dropout","enc-1st-layernorm","enc-attention-qkv","enc-attention-score","enc-attention-softmax","enc-attention-dropout","enc-attention-context","enc-attention-dense","enc-post-attention-dropout","enc-2nd-layernorm","enc-MLP-GEMM-1","enc-MLP-gelu","enc-MLP-GEMM-2","enc-post-MLP-dropout","enc-1st-layernorm","enc-attention-qkv","enc-attention-score","enc-attention-softmax","enc-attention-dropout","enc-attention-context","enc-attention-dense","enc-post-attention-dropout","enc-2nd-layernorm","enc-MLP-GEMM-1","enc-MLP-gelu","enc-MLP-GEMM-2","enc-post-MLP-dropout","enc-1st-layernorm","enc-attention-qkv","enc-attention-score","enc-attention-softmax","enc-attention-dropout","enc-attention-context","enc-attention-dense","enc-post-attention-dropout","enc-2nd-layernorm","enc-MLP-GEMM-1","enc-MLP-gelu","enc-MLP-GEMM-2","enc-post-MLP-dropout","enc-1st-layernorm","enc-attention-qkv","enc-attention-score","enc-attention-softmax","enc-attention-dropout","enc-attention-context","enc-attention-dense","enc-post-attention-dropout","enc-2nd-layernorm","enc-MLP-GEMM-1","enc-MLP-gelu","enc-MLP-GEMM-2","enc-post-MLP-dropout","enc-1st-layernorm","enc-attention-qkv","enc-attention-score","enc-attention-softmax","enc-attention-dropout","enc-attention-context","enc-attention-dense","enc-post-attention-dropout","enc-2nd-layernorm","enc-MLP-GEMM-1","enc-MLP-gelu","enc-MLP-GEMM-2","enc-post-MLP-dropout","enc-1st-layernorm","enc-attention-qkv","enc-attention-score","enc-attention-softmax","enc-attention-dropout","enc-attention-context","enc-attention-dense","enc-post-attention-dropout","enc-2nd-layernorm","enc-MLP-GEMM-1","enc-MLP-gelu","enc-MLP-GEMM-2","enc-post-MLP-dropout","enc-1st-layernorm","enc-attention-qkv","enc-attention-score","enc-attention-softmax","enc-attention-dropout","enc-attention-context","enc-attention-dense","enc-post-attention-dropout","enc-2nd-layernorm","enc-MLP-GEMM-1","enc-MLP-gelu","enc-MLP-GEMM-2","enc-post-MLP-dropout","enc-1st-layernorm","enc-attention-qkv","enc-attention-score","enc-attention-softmax","enc-attention-dropout","enc-attention-context","enc-attention-dense","enc-post-attention-dropout","enc-2nd-layernorm","enc-MLP-GEMM-1","enc-MLP-gelu","enc-MLP-GEMM-2","enc-post-MLP-dropout","enc-1st-layernorm","enc-attention-qkv","enc-attention-score","enc-attention-softmax","enc-attention-dropout","enc-attention-context","enc-attention-dense","enc-post-attention-dropout","enc-2nd-layernorm","enc-MLP-GEMM-1","enc-MLP-gelu","enc-MLP-GEMM-2","enc-post-MLP-dropout","enc-1st-layernorm","enc-attention-qkv","enc-attention-score","enc-attention-softmax","enc-attention-dropout","enc-attention-context","enc-attention-dense","enc-post-attention-dropout","enc-2nd-layernorm","enc-MLP-GEMM-1","enc-MLP-gelu","enc-MLP-GEMM-2","enc-post-MLP-dropout","enc-1st-layernorm","enc-attention-qkv","enc-attention-score","enc-attention-softmax","enc-attention-dropout","enc-attention-context","enc-attention-dense","enc-post-attention-dropout","enc-2nd-layernorm","enc-MLP-GEMM-1","enc-MLP-gelu","enc-MLP-GEMM-2","enc-post-MLP-dropout","enc-1st-layernorm","enc-attention-qkv","enc-attention-score","enc-attention-softmax","enc-attention-dropout","enc-attention-context","enc-attention-dense","enc-post-attention-dropout","enc-2nd-layernorm","enc-MLP-GEMM-1","enc-MLP-gelu","enc-MLP-GEMM-2","enc-post-MLP-dropout","enc-1st-layernorm","enc-attention-qkv","enc-attention-score","enc-attention-softmax","enc-attention-dropout","enc-attention-context","enc-attention-dense","enc-post-attention-dropout","enc-2nd-layernorm","enc-MLP-GEMM-1","enc-MLP-gelu","enc-MLP-GEMM-2","enc-post-MLP-dropout","enc-1st-layernorm","enc-attention-qkv","enc-attention-score","enc-attention-softmax","enc-attention-dropout","enc-attention-context","enc-attention-dense","enc-post-attention-dropout","enc-2nd-layernorm",
[rank 1 recompute ops] enc-attention-score enc-attention-softmax enc-attention-dropout enc-attention-context enc-MLP-GEMM-1 enc-MLP-gelu enc-attention-qkv enc-attention-score enc-attention-softmax enc-attention-dropout enc-attention-context enc-MLP-GEMM-1 enc-MLP-gelu enc-attention-qkv enc-attention-score enc-attention-softmax enc-attention-dropout enc-attention-context enc-MLP-GEMM-1 enc-MLP-gelu enc-attention-qkv enc-attention-score enc-attention-softmax enc-attention-dropout enc-attention-context enc-MLP-GEMM-1 enc-MLP-gelu enc-attention-qkv enc-attention-score enc-attention-softmax enc-attention-dropout enc-attention-context enc-MLP-GEMM-1 enc-MLP-gelu enc-attention-qkv enc-attention-score enc-attention-softmax enc-attention-dropout enc-attention-context enc-MLP-GEMM-1 enc-MLP-gelu enc-attention-qkv enc-attention-score enc-attention-softmax enc-attention-dropout enc-attention-context enc-MLP-GEMM-1 enc-MLP-gelu enc-attention-qkv enc-attention-score enc-attention-softmax enc-attention-dropout enc-attention-context enc-MLP-GEMM-1 enc-MLP-gelu enc-attention-qkv enc-attention-score enc-attention-softmax enc-attention-dropout enc-attention-context enc-MLP-GEMM-1 enc-MLP-gelu enc-attention-qkv enc-attention-score enc-attention-softmax enc-attention-dropout enc-attention-context enc-MLP-GEMM-1 enc-MLP-gelu enc-attention-qkv enc-attention-score enc-attention-softmax enc-attention-dropout enc-attention-context enc-MLP-GEMM-1 enc-MLP-gelu enc-attention-qkv enc-attention-score enc-attention-softmax enc-attention-dropout enc-attention-context enc-MLP-GEMM-1 enc-MLP-gelu enc-attention-qkv enc-attention-score enc-attention-softmax enc-attention-dropout enc-attention-context enc-MLP-GEMM-1 enc-MLP-gelu enc-attention-qkv enc-attention-score enc-attention-softmax enc-attention-dropout enc-attention-context enc-MLP-GEMM-1 enc-MLP-gelu enc-attention-qkv enc-attention-score enc-attention-softmax enc-attention-dropout enc-attention-context enc-MLP-GEMM-1 enc-MLP-gelu enc-attention-score enc-attention-softmax enc-attention-dropout enc-attention-context enc-MLP-GEMM-1 enc-MLP-gelu enc-attention-score enc-attention-softmax enc-attention-dropout enc-attention-context enc-MLP-GEMM-1 enc-MLP-gelu enc-attention-score enc-attention-softmax enc-attention-dropout enc-attention-context enc-MLP-GEMM-1 enc-MLP-gelu enc-attention-score enc-attention-softmax enc-attention-dropout enc-attention-context enc-MLP-GEMM-1 enc-MLP-gelu enc-attention-score enc-attention-softmax enc-attention-dropout enc-attention-context enc-MLP-GEMM-1 enc-MLP-gelu enc-attention-score enc-attention-softmax enc-attention-dropout enc-attention-context enc-MLP-GEMM-1 enc-MLP-gelu enc-attention-score enc-attention-softmax enc-attention-dropout enc-attention-context enc-MLP-GEMM-1 enc-MLP-gelu enc-attention-score enc-attention-softmax enc-attention-dropout enc-attention-context enc-MLP-GEMM-1 enc-MLP-gelu enc-attention-score enc-attention-softmax enc-attention-dropout enc-attention-context enc-MLP-GEMM-1 enc-MLP-gelu enc-attention-score enc-attention-softmax enc-attention-dropout enc-attention-context enc-MLP-GEMM-1 enc-MLP-gelu enc-attention-score enc-attention-softmax enc-attention-dropout enc-attention-context enc-MLP-GEMM-1 enc-MLP-gelu enc-attention-score enc-attention-softmax enc-attention-dropout enc-attention-context enc-MLP-GEMM-1 enc-MLP-gelu enc-attention-score enc-attention-softmax enc-attention-dropout enc-attention-context enc-MLP-GEMM-1 enc-MLP-gelu enc-attention-score enc-attention-softmax enc-attention-dropout enc-attention-context enc-MLP-GEMM-1 enc-MLP-gelu enc-attention-score enc-attention-softmax enc-attention-dropout enc-attention-context enc-MLP-GEMM-1 enc-MLP-gelu enc-attention-score enc-attention-softmax enc-attention-dropout enc-attention-context 
 > number of parameters on (tensor, pipeline) model parallel rank (0, 6): 107969024
 > number of parameters on (tensor, pipeline) model parallel rank (0, 1): 94835200
[rank 0 all ops] "encoder-embedding","enc-1st-layernorm","enc-attention-qkv","enc-attention-score","enc-attention-softmax","enc-attention-dropout","enc-attention-context","enc-attention-dense","enc-post-attention-dropout","enc-2nd-layernorm","enc-MLP-GEMM-1","enc-MLP-gelu","enc-MLP-GEMM-2","enc-post-MLP-dropout","enc-1st-layernorm","enc-attention-qkv","enc-attention-score","enc-attention-softmax","enc-attention-dropout","enc-attention-context","enc-attention-dense","enc-post-attention-dropout","enc-2nd-layernorm","enc-MLP-GEMM-1","enc-MLP-gelu","enc-MLP-GEMM-2","enc-post-MLP-dropout","enc-1st-layernorm","enc-attention-qkv","enc-attention-score","enc-attention-softmax","enc-attention-dropout","enc-attention-context","enc-attention-dense","enc-post-attention-dropout","enc-2nd-layernorm","enc-MLP-GEMM-1","enc-MLP-gelu","enc-MLP-GEMM-2","enc-post-MLP-dropout","enc-1st-layernorm","enc-attention-qkv","enc-attention-score","enc-attention-softmax","enc-attention-dropout","enc-attention-context","enc-attention-dense","enc-post-attention-dropout","enc-2nd-layernorm","enc-MLP-GEMM-1","enc-MLP-gelu","enc-MLP-GEMM-2","enc-post-MLP-dropout","enc-1st-layernorm","enc-attention-qkv","enc-attention-score","enc-attention-softmax","enc-attention-dropout","enc-attention-context","enc-attention-dense","enc-post-attention-dropout","enc-2nd-layernorm","enc-MLP-GEMM-1","enc-MLP-gelu","enc-MLP-GEMM-2","enc-post-MLP-dropout","enc-1st-layernorm","enc-attention-qkv","enc-attention-score","enc-attention-softmax","enc-attention-dropout","enc-attention-context","enc-attention-dense","enc-post-attention-dropout","enc-2nd-layernorm","enc-MLP-GEMM-1","enc-MLP-gelu","enc-MLP-GEMM-2","enc-post-MLP-dropout","enc-1st-layernorm","enc-attention-qkv","enc-attention-score","enc-attention-softmax","enc-attention-dropout","enc-attention-context","enc-attention-dense","enc-post-attention-dropout","enc-2nd-layernorm","enc-MLP-GEMM-1","enc-MLP-gelu","enc-MLP-GEMM-2","enc-post-MLP-dropout","enc-1st-layernorm","enc-attention-qkv","enc-attention-score","enc-attention-softmax","enc-attention-dropout","enc-attention-context","enc-attention-dense","enc-post-attention-dropout","enc-2nd-layernorm","enc-MLP-GEMM-1","enc-MLP-gelu","enc-MLP-GEMM-2","enc-post-MLP-dropout","enc-1st-layernorm","enc-attention-qkv","enc-attention-score","enc-attention-softmax","enc-attention-dropout","enc-attention-context","enc-attention-dense","enc-post-attention-dropout","enc-2nd-layernorm","enc-MLP-GEMM-1","enc-MLP-gelu","enc-MLP-GEMM-2","enc-post-MLP-dropout","enc-1st-layernorm","enc-attention-qkv","enc-attention-score","enc-attention-softmax","enc-attention-dropout","enc-attention-context","enc-attention-dense","enc-post-attention-dropout","enc-2nd-layernorm","enc-MLP-GEMM-1","enc-MLP-gelu","enc-MLP-GEMM-2","enc-post-MLP-dropout","enc-1st-layernorm","enc-attention-qkv","enc-attention-score","enc-attention-softmax","enc-attention-dropout","enc-attention-context","enc-attention-dense","enc-post-attention-dropout","enc-2nd-layernorm","enc-MLP-GEMM-1","enc-MLP-gelu","enc-MLP-GEMM-2","enc-post-MLP-dropout","enc-1st-layernorm","enc-attention-qkv","enc-attention-score","enc-attention-softmax","enc-attention-dropout","enc-attention-context","enc-attention-dense","enc-post-attention-dropout","enc-2nd-layernorm","enc-MLP-GEMM-1","enc-MLP-gelu","enc-MLP-GEMM-2","enc-post-MLP-dropout","enc-1st-layernorm","enc-attention-qkv","enc-attention-score","enc-attention-softmax","enc-attention-dropout","enc-attention-context","enc-attention-dense","enc-post-attention-dropout","enc-2nd-layernorm","enc-MLP-GEMM-1","enc-MLP-gelu","enc-MLP-GEMM-2","enc-post-MLP-dropout","enc-1st-layernorm","enc-attention-qkv","enc-attention-score","enc-attention-softmax","enc-attention-dropout","enc-attention-context","enc-attention-dense","enc-post-attention-dropout","enc-2nd-layernorm","enc-MLP-GEMM-1","enc-MLP-gelu","enc-MLP-GEMM-2","enc-post-MLP-dropout","enc-1st-layernorm","enc-attention-qkv","enc-attention-score","enc-attention-softmax","enc-attention-dropout","enc-attention-context","enc-attention-dense","enc-post-attention-dropout","enc-2nd-layernorm","enc-MLP-GEMM-1","enc-MLP-gelu","enc-MLP-GEMM-2","enc-post-MLP-dropout","enc-1st-layernorm","enc-attention-qkv","enc-attention-score","enc-attention-softmax","enc-attention-dropout","enc-attention-context","enc-attention-dense","enc-post-attention-dropout","enc-2nd-layernorm","enc-MLP-GEMM-1","enc-MLP-gelu","enc-MLP-GEMM-2","enc-post-MLP-dropout","enc-1st-layernorm","enc-attention-qkv","enc-attention-score","enc-attention-softmax","enc-attention-dropout","enc-attention-context","enc-attention-dense","enc-post-attention-dropout","enc-2nd-layernorm","enc-MLP-GEMM-1","enc-MLP-gelu","enc-MLP-GEMM-2","enc-post-MLP-dropout","enc-1st-layernorm","enc-attention-qkv","enc-attention-score","enc-attention-softmax","enc-attention-dropout","enc-attention-context","enc-attention-dense","enc-post-attention-dropout","enc-2nd-layernorm","enc-MLP-GEMM-1","enc-MLP-gelu","enc-MLP-GEMM-2","enc-post-MLP-dropout","enc-1st-layernorm","enc-attention-qkv","enc-attention-score","enc-attention-softmax","enc-attention-dropout","enc-attention-context","enc-attention-dense","enc-post-attention-dropout","enc-2nd-layernorm","enc-MLP-GEMM-1","enc-MLP-gelu","enc-MLP-GEMM-2","enc-post-MLP-dropout","enc-1st-layernorm","enc-attention-qkv","enc-attention-score","enc-attention-softmax","enc-attention-dropout","enc-attention-context","enc-attention-dense","enc-post-attention-dropout","enc-2nd-layernorm","enc-MLP-GEMM-1","enc-MLP-gelu","enc-MLP-GEMM-2","enc-post-MLP-dropout","enc-1st-layernorm","enc-attention-qkv","enc-attention-score","enc-attention-softmax","enc-attention-dropout","enc-attention-context","enc-attention-dense","enc-post-attention-dropout","enc-2nd-layernorm","enc-MLP-GEMM-1","enc-MLP-gelu","enc-MLP-GEMM-2","enc-post-MLP-dropout","enc-1st-layernorm","enc-attention-qkv","enc-attention-score","enc-attention-softmax","enc-attention-dropout","enc-attention-context","enc-attention-dense","enc-post-attention-dropout","enc-2nd-layernorm","enc-MLP-GEMM-1","enc-MLP-gelu","enc-MLP-GEMM-2","enc-post-MLP-dropout","enc-1st-layernorm","enc-attention-qkv","enc-attention-score","enc-attention-softmax","enc-attention-dropout","enc-attention-context","enc-attention-dense","enc-post-attention-dropout","enc-2nd-layernorm","enc-MLP-GEMM-1","enc-MLP-gelu","enc-MLP-GEMM-2","enc-post-MLP-dropout","enc-1st-layernorm","enc-attention-qkv","enc-attention-score","enc-attention-softmax","enc-attention-dropout","enc-attention-context","enc-attention-dense","enc-post-attention-dropout","enc-2nd-layernorm","enc-MLP-GEMM-1","enc-MLP-gelu","enc-MLP-GEMM-2","enc-post-MLP-dropout","enc-1st-layernorm","enc-attention-qkv","enc-attention-score","enc-attention-softmax","enc-attention-dropout","enc-attention-context","enc-attention-dense","enc-post-attention-dropout","enc-2nd-layernorm","enc-MLP-GEMM-1","enc-MLP-gelu","enc-MLP-GEMM-2","enc-post-MLP-dropout","enc-1st-layernorm","enc-attention-qkv","enc-attention-score","enc-attention-softmax","enc-attention-dropout","enc-attention-context","enc-attention-dense","enc-post-attention-dropout","enc-2nd-layernorm","enc-MLP-GEMM-1","enc-MLP-gelu","enc-MLP-GEMM-2","enc-post-MLP-dropout","enc-1st-layernorm","enc-attention-qkv","enc-attention-score","enc-attention-softmax","enc-attention-dropout","enc-attention-context","enc-attention-dense","enc-post-attention-dropout","enc-2nd-layernorm","enc-MLP-GEMM-1","enc-MLP-gelu","enc-MLP-GEMM-2","enc-post-MLP-dropout","enc-1st-layernorm","enc-attention-qkv","enc-attention-score","enc-attention-softmax","enc-attention-dropout","enc-attention-context","enc-attention-dense","enc-post-attention-dropout","enc-2nd-layernorm","enc-MLP-GEMM-1","enc-MLP-gelu","enc-MLP-GEMM-2","enc-post-MLP-dropout","enc-1st-layernorm","enc-attention-qkv","enc-attention-score","enc-attention-softmax","enc-attention-dropout","enc-attention-context","enc-attention-dense","enc-post-attention-dropout","enc-2nd-layernorm","enc-MLP-GEMM-1","enc-MLP-gelu","enc-MLP-GEMM-2","enc-post-MLP-dropout","enc-1st-layernorm","enc-attention-qkv","enc-attention-score","enc-attention-softmax","enc-attention-dropout","enc-attention-context","enc-attention-dense","enc-post-attention-dropout","enc-2nd-layernorm","enc-MLP-GEMM-1","enc-MLP-gelu","enc-MLP-GEMM-2","enc-post-MLP-dropout","enc-1st-layernorm","enc-attention-qkv",
[rank 0 recompute ops] enc-attention-qkv enc-attention-score enc-attention-softmax enc-attention-dropout enc-attention-context enc-post-attention-dropout enc-2nd-layernorm enc-MLP-GEMM-1 enc-MLP-gelu enc-attention-qkv enc-attention-score enc-attention-softmax enc-attention-dropout enc-attention-context enc-post-attention-dropout enc-2nd-layernorm enc-MLP-GEMM-1 enc-MLP-gelu enc-attention-qkv enc-attention-score enc-attention-softmax enc-attention-dropout enc-attention-context enc-post-attention-dropout enc-2nd-layernorm enc-MLP-GEMM-1 enc-MLP-gelu enc-attention-qkv enc-attention-score enc-attention-softmax enc-attention-dropout enc-attention-context enc-post-attention-dropout enc-2nd-layernorm enc-MLP-GEMM-1 enc-MLP-gelu enc-attention-qkv enc-attention-score enc-attention-softmax enc-attention-dropout enc-attention-context enc-post-attention-dropout enc-2nd-layernorm enc-MLP-GEMM-1 enc-MLP-gelu enc-attention-qkv enc-attention-score enc-attention-softmax enc-attention-dropout enc-attention-context enc-MLP-GEMM-1 enc-MLP-gelu enc-attention-qkv enc-attention-score enc-attention-softmax enc-attention-dropout enc-attention-context enc-MLP-GEMM-1 enc-MLP-gelu enc-attention-qkv enc-attention-score enc-attention-softmax enc-attention-dropout enc-attention-context enc-MLP-GEMM-1 enc-MLP-gelu enc-attention-qkv enc-attention-score enc-attention-softmax enc-attention-dropout enc-attention-context enc-MLP-GEMM-1 enc-MLP-gelu enc-attention-qkv enc-attention-score enc-attention-softmax enc-attention-dropout enc-attention-context enc-MLP-GEMM-1 enc-MLP-gelu enc-attention-qkv enc-attention-score enc-attention-softmax enc-attention-dropout enc-attention-context enc-MLP-GEMM-1 enc-MLP-gelu enc-attention-qkv enc-attention-score enc-attention-softmax enc-attention-dropout enc-attention-context enc-MLP-GEMM-1 enc-MLP-gelu enc-attention-qkv enc-attention-score enc-attention-softmax enc-attention-dropout enc-attention-context enc-MLP-GEMM-1 enc-MLP-gelu enc-attention-qkv enc-attention-score enc-attention-softmax enc-attention-dropout enc-attention-context enc-MLP-GEMM-1 enc-MLP-gelu enc-attention-qkv enc-attention-score enc-attention-softmax enc-attention-dropout enc-attention-context enc-MLP-GEMM-1 enc-MLP-gelu enc-attention-qkv enc-attention-score enc-attention-softmax enc-attention-dropout enc-attention-context enc-MLP-GEMM-1 enc-MLP-gelu enc-attention-qkv enc-attention-score enc-attention-softmax enc-attention-dropout enc-attention-context enc-MLP-GEMM-1 enc-MLP-gelu enc-attention-qkv enc-attention-score enc-attention-softmax enc-attention-dropout enc-attention-context enc-MLP-GEMM-1 enc-MLP-gelu enc-attention-qkv enc-attention-score enc-attention-softmax enc-attention-dropout enc-attention-context enc-MLP-GEMM-1 enc-MLP-gelu enc-attention-qkv enc-attention-score enc-attention-softmax enc-attention-dropout enc-attention-context enc-MLP-GEMM-1 enc-MLP-gelu enc-attention-qkv enc-attention-score enc-attention-softmax enc-attention-dropout enc-attention-context enc-MLP-GEMM-1 enc-MLP-gelu enc-attention-qkv enc-attention-score enc-attention-softmax enc-attention-dropout enc-attention-context enc-MLP-GEMM-1 enc-MLP-gelu enc-attention-qkv enc-attention-score enc-attention-softmax enc-attention-dropout enc-attention-context enc-MLP-GEMM-1 enc-MLP-gelu enc-attention-qkv enc-attention-score enc-attention-softmax enc-attention-dropout enc-attention-context enc-MLP-GEMM-1 enc-MLP-gelu enc-attention-qkv enc-attention-score enc-attention-softmax enc-attention-dropout enc-attention-context enc-MLP-GEMM-1 enc-MLP-gelu enc-attention-qkv enc-attention-score enc-attention-softmax enc-attention-dropout enc-attention-context enc-MLP-GEMM-1 enc-MLP-gelu enc-attention-qkv enc-attention-score enc-attention-softmax enc-attention-dropout enc-attention-context enc-MLP-GEMM-1 enc-MLP-gelu enc-attention-qkv enc-attention-score enc-attention-softmax enc-attention-dropout enc-attention-context enc-MLP-GEMM-1 enc-MLP-gelu enc-attention-qkv enc-attention-score enc-attention-softmax enc-attention-dropout enc-attention-context enc-MLP-GEMM-1 enc-MLP-gelu enc-attention-qkv enc-attention-score enc-attention-softmax enc-attention-dropout enc-attention-context enc-MLP-GEMM-1 enc-MLP-gelu enc-attention-qkv 
 > number of parameters on (tensor, pipeline) model parallel rank (0, 0): 122164736

==> Time (ms) | [stage 4, virtual 0, rank 4] | model-and-optimizer-setup: 126.93 | train/valid/test-data-iterators-setup: 216.75

==> Memory | [stage 4, virtual 0, rank 4] memory (MB) | allocated: 599.751953125 | max allocated: 600.919921875 | reserved: 632.0 | max reserved: 632.0

==> Time (ms) | [stage 5, virtual 0, rank 5] | model-and-optimizer-setup: 127.46 | train/valid/test-data-iterators-setup: 218.89

==> Memory | [stage 5, virtual 0, rank 5] memory (MB) | allocated: 603.2607421875 | max allocated: 604.4228515625 | reserved: 632.0 | max reserved: 632.0

==> Time (ms) | [stage 2, virtual 0, rank 2] | model-and-optimizer-setup: 122.58 | train/valid/test-data-iterators-setup: 225.34

==> Memory | [stage 2, virtual 0, rank 2] memory (MB) | allocated: 580.705078125 | max allocated: 581.904296875 | reserved: 608.0 | max reserved: 608.0

==> Time (ms) | [stage 3, virtual 0, rank 3] | model-and-optimizer-setup: 122.45 | train/valid/test-data-iterators-setup: 227.70

==> Memory | [stage 3, virtual 0, rank 3] memory (MB) | allocated: 570.693359375 | max allocated: 571.400390625 | reserved: 608.0 | max reserved: 608.0

==> Time (ms) | [stage 1, virtual 0, rank 1] | model-and-optimizer-setup: 128.77 | train/valid/test-data-iterators-setup: 224.08

==> Memory | [stage 1, virtual 0, rank 1] memory (MB) | allocated: 550.6552734375 | max allocated: 550.8876953125 | reserved: 588.0 | max reserved: 588.0
> learning rate decay style: cosine
[TIME] after model, optimizer, and learning rate scheduler are built (seconds): 9.358
> building train, validation, and test datasets ...
 > datasets target sizes (minimum size):
    train:      3072
    validation: 0
    test:       0

==> Time (ms) | [stage 6, virtual 0, rank 6] | model-and-optimizer-setup: 157.59 | train/valid/test-data-iterators-setup: 201.98

==> Memory | [stage 6, virtual 0, rank 6] memory (MB) | allocated: 625.8076171875 | max allocated: 626.4384765625 | reserved: 674.0 | max reserved: 674.0

==> Time (ms) | [stage 7, virtual 0, rank 7] | model-and-optimizer-setup: 356.78 | train/valid/test-data-iterators-setup: 77.67

==> Memory | [stage 7, virtual 0, rank 7] memory (MB) | allocated: 747.001953125 | max allocated: 796.169921875 | reserved: 832.0 | max reserved: 832.0
[TIME] after dataloaders are built (seconds): 9.437
done with setup ...

==> Time (ms) | [stage 0, virtual 0, rank 0] | model-and-optimizer-setup: 358.07 | train/valid/test-data-iterators-setup: 79.08

==> Memory | [stage 0, virtual 0, rank 0] memory (MB) | allocated: 706.9111328125 | max allocated: 707.8896484375 | reserved: 748.0 | max reserved: 748.0
training ...

==> Time (ms) | [stage 1, virtual 0, rank 1] | forward-compute: 15700.62 | forward-recv: 1330.67 | forward-send: 5813.41 | forward-send-backward-recv: 3980.88 | backward-compute: 33681.15 | backward-recv: 360.40 | backward-send: 6.13 | backward-send-forward-recv: 656.11 | backward-params-all-reduce: 6.80 | backward-embedding-all-reduce: 0.20 | optimizer: 192.56 | batch-generator: 71.60

==> Memory | [stage 1, virtual 0, rank 1] memory (MB) | allocated: 1678.4580078125 | max allocated: 22102.3203125 | reserved: 22584.0 | max reserved: 22584.0

==> Time (ms) | [stage 2, virtual 0, rank 2] | forward-compute: 15937.63 | forward-recv: 2544.66 | forward-send: 4657.50 | forward-send-backward-recv: 3307.78 | backward-compute: 33779.87 | backward-recv: 298.70 | backward-send: 3.30 | backward-send-forward-recv: 830.37 | backward-params-all-reduce: 7.39 | backward-embedding-all-reduce: 0.20 | optimizer: 327.02 | batch-generator: 71.51

==> Memory | [stage 2, virtual 0, rank 2] memory (MB) | allocated: 1746.107421875 | max allocated: 22347.26171875 | reserved: 22866.0 | max reserved: 22866.0

==> Time (ms) | [stage 3, virtual 0, rank 3] | forward-compute: 16094.51 | forward-recv: 3734.50 | forward-send: 3502.85 | forward-send-backward-recv: 3069.19 | backward-compute: 33472.84 | backward-recv: 244.68 | backward-send: 2.76 | backward-send-forward-recv: 1136.32 | backward-params-all-reduce: 7.43 | backward-embedding-all-reduce: 0.21 | optimizer: 460.81 | batch-generator: 71.62

==> Memory | [stage 3, virtual 0, rank 3] memory (MB) | allocated: 1722.572265625 | max allocated: 22702.62109375 | reserved: 23096.0 | max reserved: 23096.0

==> Time (ms) | [stage 0, virtual 0, rank 0] | forward-compute: 15657.42 | forward-send: 6928.02 | forward-send-backward-recv: 4649.79 | backward-compute: 33896.22 | backward-recv: 426.01 | backward-params-all-reduce: 7.21 | backward-embedding-all-reduce: 5.94 | optimizer: 57.89 | batch-generator: 83.86

==> Memory | [stage 0, virtual 0, rank 0] memory (MB) | allocated: 2116.4755859375 | max allocated: 21888.0830078125 | reserved: 22424.0 | max reserved: 22424.0

==> Time (ms) | [stage 4, virtual 0, rank 4] | forward-compute: 16357.09 | forward-recv: 4966.91 | forward-send: 2376.03 | forward-send-backward-recv: 2693.02 | backward-compute: 33274.38 | backward-recv: 185.93 | backward-send: 2.13 | backward-send-forward-recv: 1262.70 | backward-params-all-reduce: 7.70 | backward-embedding-all-reduce: 0.21 | optimizer: 595.45 | batch-generator: 70.54

==> Memory | [stage 4, virtual 0, rank 4] memory (MB) | allocated: 1806.248046875 | max allocated: 22455.04296875 | reserved: 22954.0 | max reserved: 22954.0

==> Time (ms) | [stage 5, virtual 0, rank 5] | forward-compute: 16752.20 | forward-recv: 6141.56 | forward-send: 1181.34 | forward-send-backward-recv: 2308.13 | backward-compute: 32938.59 | backward-recv: 124.96 | backward-send: 1.94 | backward-send-forward-recv: 1518.07 | backward-params-all-reduce: 8.57 | backward-embedding-all-reduce: 0.24 | optimizer: 726.22 | batch-generator: 76.31

==> Memory | [stage 5, virtual 0, rank 5] memory (MB) | allocated: 1816.2744140625 | max allocated: 23187.5859375 | reserved: 23644.0 | max reserved: 23644.0
 iteration        1/       3 | consumed samples:         1024 | elapsed time per iteration (ms): 61920.8 | learning rate: 4.687E-08 | global batch size:  1024 | lm loss: 1.026793E+01 | loss scale: 4294967296.0 | grad norm: nan | number of skipped iterations:   0 | number of nan iterations:   0 |

==> Time (ms) | [stage 7, virtual 0, rank 7] | forward-compute: 19474.09 | forward-recv: 8545.21 | backward-compute: 30113.29 | backward-send: 1.70 | backward-send-forward-recv: 2503.18 | backward-params-all-reduce: 7.39 | backward-embedding-all-reduce: 924.12 | optimizer: 60.10 | batch-generator: 67.06

==> Memory | [stage 7, virtual 0, rank 7] memory (MB) | allocated: 2742.9990234375 | max allocated: 19383.55078125 | reserved: 20164.0 | max reserved: 20164.0

==> Time (ms) | [stage 6, virtual 0, rank 6] | forward-compute: 17406.73 | forward-recv: 7382.88 | forward-send: 5.10 | forward-send-backward-recv: 2266.22 | backward-compute: 31957.26 | backward-recv: 65.71 | backward-send: 1.23 | backward-send-forward-recv: 1728.43 | backward-params-all-reduce: 7.54 | backward-embedding-all-reduce: 0.23 | optimizer: 860.62 | batch-generator: 71.88

==> Memory | [stage 6, virtual 0, rank 6] memory (MB) | allocated: 1891.4150390625 | max allocated: 24093.8984375 | reserved: 24438.0 | max reserved: 24438.0

==> Time (ms) | [stage 1, virtual 0, rank 1] | forward-compute: 14371.18 | forward-recv: 65.33 | forward-send: 23.66 | forward-send-backward-recv: 1967.60 | backward-compute: 33407.84 | backward-recv: 356.05 | backward-send: 6.13 | backward-send-forward-recv: 367.57 | backward-params-all-reduce: 6.92 | backward-embedding-all-reduce: 0.19 | optimizer: 147.30 | batch-generator: 69.33

==> Memory | [stage 1, virtual 0, rank 1] memory (MB) | allocated: 1677.4580078125 | max allocated: 22827.35546875 | reserved: 23364.0 | max reserved: 23364.0

==> Time (ms) | [stage 3, virtual 0, rank 3] | forward-compute: 14771.73 | forward-recv: 173.97 | forward-send: 14.45 | forward-send-backward-recv: 1351.74 | backward-compute: 33250.22 | backward-recv: 240.31 | backward-send: 2.75 | backward-send-forward-recv: 478.45 | backward-params-all-reduce: 7.22 | backward-embedding-all-reduce: 0.21 | optimizer: 411.79 | batch-generator: 69.09

==> Memory | [stage 3, virtual 0, rank 3] memory (MB) | allocated: 1725.572265625 | max allocated: 23454.70703125 | reserved: 23872.0 | max reserved: 23872.0

==> Time (ms) | [stage 2, virtual 0, rank 2] | forward-compute: 14623.36 | forward-recv: 117.62 | forward-send: 19.17 | forward-send-backward-recv: 1444.37 | backward-compute: 33547.15 | backward-recv: 294.71 | backward-send: 3.30 | backward-send-forward-recv: 355.42 | backward-params-all-reduce: 7.30 | backward-embedding-all-reduce: 0.21 | optimizer: 279.49 | batch-generator: 68.93

==> Memory | [stage 2, virtual 0, rank 2] memory (MB) | allocated: 1748.107421875 | max allocated: 23106.86328125 | reserved: 23642.0 | max reserved: 23642.0

==> Time (ms) | [stage 5, virtual 0, rank 5] | forward-compute: 15402.26 | forward-recv: 288.48 | forward-send: 5.20 | forward-send-backward-recv: 874.57 | backward-compute: 32724.68 | backward-recv: 124.15 | backward-send: 1.91 | backward-send-forward-recv: 564.64 | backward-params-all-reduce: 8.20 | backward-embedding-all-reduce: 0.24 | optimizer: 673.21 | batch-generator: 74.50

==> Memory | [stage 5, virtual 0, rank 5] memory (MB) | allocated: 1821.2744140625 | max allocated: 23981.76171875 | reserved: 24412.0 | max reserved: 24412.0

==> Time (ms) | [stage 4, virtual 0, rank 4] | forward-compute: 15095.06 | forward-recv: 228.40 | forward-send: 9.10 | forward-send-backward-recv: 1072.39 | backward-compute: 33103.51 | backward-recv: 182.68 | backward-send: 2.26 | backward-send-forward-recv: 455.36 | backward-params-all-reduce: 7.39 | backward-embedding-all-reduce: 0.21 | optimizer: 543.53 | batch-generator: 68.32

==> Memory | [stage 4, virtual 0, rank 4] memory (MB) | allocated: 1806.248046875 | max allocated: 23246.20703125 | reserved: 23726.0 | max reserved: 23726.0

==> Time (ms) | [stage 6, virtual 0, rank 6] | forward-compute: 16047.69 | forward-recv: 347.55 | forward-send: 1.64 | forward-send-backward-recv: 1033.57 | backward-compute: 31753.44 | backward-recv: 65.57 | backward-send: 1.24 | backward-send-forward-recv: 603.51 | backward-params-all-reduce: 7.57 | backward-embedding-all-reduce: 0.22 | optimizer: 803.52 | batch-generator: 70.55

==> Memory | [stage 6, virtual 0, rank 6] memory (MB) | allocated: 1886.9150390625 | max allocated: 24919.13671875 | reserved: 25208.0 | max reserved: 25208.0

==> Time (ms) | [stage 0, virtual 0, rank 0] | forward-compute: 14206.38 | forward-send: 35.72 | forward-send-backward-recv: 2583.79 | backward-compute: 33485.90 | backward-recv: 420.31 | backward-params-all-reduce: 7.02 | backward-embedding-all-reduce: 1.29 | optimizer: 14.61 | batch-generator: 76.48

==> Memory | [stage 0, virtual 0, rank 0] memory (MB) | allocated: 2110.7255859375 | max allocated: 22825.1259765625 | reserved: 23462.0 | max reserved: 23462.0
 iteration        2/       3 | consumed samples:         2048 | elapsed time per iteration (ms): 50981.2 | learning rate: 9.375E-08 | global batch size:  1024 | loss scale: 2147483648.0 | grad norm: nan | number of skipped iterations:   0 | number of nan iterations:   0 |

==> Time (ms) | [stage 7, virtual 0, rank 7] | forward-compute: 18265.64 | forward-recv: 411.37 | backward-compute: 29888.03 | backward-send: 1.69 | backward-send-forward-recv: 1183.80 | backward-params-all-reduce: 6.95 | backward-embedding-all-reduce: 915.61 | optimizer: 14.92 | batch-generator: 66.58

==> Memory | [stage 7, virtual 0, rank 7] memory (MB) | allocated: 2743.2490234375 | max allocated: 20373.0908203125 | reserved: 21738.0 | max reserved: 21738.0

==> Time (ms) | [stage 1, virtual 0, rank 1] | forward-compute: 14348.28 | forward-recv: 62.04 | forward-send: 24.44 | forward-send-backward-recv: 1947.61 | backward-compute: 33391.52 | backward-recv: 357.76 | backward-send: 6.04 | backward-send-forward-recv: 320.63 | backward-params-all-reduce: 6.82 | backward-embedding-all-reduce: 0.19 | optimizer: 146.02 | batch-generator: 68.50

==> Memory | [stage 1, virtual 0, rank 1] memory (MB) | allocated: 1675.9580078125 | max allocated: 22828.35546875 | reserved: 23364.0 | max reserved: 23364.0

==> Time (ms) | [stage 2, virtual 0, rank 2] | forward-compute: 14616.35 | forward-recv: 116.58 | forward-send: 19.88 | forward-send-backward-recv: 1420.86 | backward-compute: 33534.93 | backward-recv: 296.55 | backward-send: 3.29 | backward-send-forward-recv: 295.60 | backward-params-all-reduce: 6.80 | backward-embedding-all-reduce: 0.20 | optimizer: 278.30 | batch-generator: 68.97

==> Memory | [stage 2, virtual 0, rank 2] memory (MB) | allocated: 1745.107421875 | max allocated: 23106.86328125 | reserved: 23642.0 | max reserved: 23642.0

==> Time (ms) | [stage 3, virtual 0, rank 3] | forward-compute: 14787.86 | forward-recv: 173.96 | forward-send: 13.70 | forward-send-backward-recv: 1301.45 | backward-compute: 33281.51 | backward-recv: 238.97 | backward-send: 2.81 | backward-send-forward-recv: 380.99 | backward-params-all-reduce: 7.08 | backward-embedding-all-reduce: 0.21 | optimizer: 410.49 | batch-generator: 68.78

==> Memory | [stage 3, virtual 0, rank 3] memory (MB) | allocated: 1724.572265625 | max allocated: 23454.70703125 | reserved: 23872.0 | max reserved: 23872.0

==> Time (ms) | [stage 4, virtual 0, rank 4] | forward-compute: 15123.36 | forward-recv: 232.03 | forward-send: 10.01 | forward-send-backward-recv: 1006.16 | backward-compute: 33121.73 | backward-recv: 182.32 | backward-send: 2.12 | backward-send-forward-recv: 366.95 | backward-params-all-reduce: 7.51 | backward-embedding-all-reduce: 0.20 | optimizer: 542.67 | batch-generator: 67.56

==> Memory | [stage 4, virtual 0, rank 4] memory (MB) | allocated: 1807.248046875 | max allocated: 23246.20703125 | reserved: 23726.0 | max reserved: 23726.0

==> Time (ms) | [stage 5, virtual 0, rank 5] | forward-compute: 15382.11 | forward-recv: 291.89 | forward-send: 5.10 | forward-send-backward-recv: 874.29 | backward-compute: 32718.64 | backward-recv: 123.78 | backward-send: 1.94 | backward-send-forward-recv: 485.53 | backward-params-all-reduce: 7.83 | backward-embedding-all-reduce: 0.24 | optimizer: 673.33 | batch-generator: 74.74

==> Memory | [stage 5, virtual 0, rank 5] memory (MB) | allocated: 1819.2744140625 | max allocated: 23981.76171875 | reserved: 24414.0 | max reserved: 24414.0

==> Time (ms) | [stage 0, virtual 0, rank 0] | forward-compute: 14207.74 | forward-send: 36.43 | forward-send-backward-recv: 2505.75 | backward-compute: 33454.83 | backward-recv: 423.25 | backward-params-all-reduce: 7.29 | backward-embedding-all-reduce: 1.22 | optimizer: 13.60 | batch-generator: 74.83

==> Memory | [stage 0, virtual 0, rank 0] memory (MB) | allocated: 2110.7255859375 | max allocated: 22825.1259765625 | reserved: 23462.0 | max reserved: 23462.0
[TIME] after training is done (seconds): 173.210

==> Time (ms) | [stage 6, virtual 0, rank 6] | forward-compute: 16009.35 | forward-recv: 352.95 | forward-send: 1.63 | forward-send-backward-recv: 1065.34 | backward-compute: 31757.69 | backward-recv: 65.18 | backward-send: 1.19 | backward-send-forward-recv: 501.53 | backward-params-all-reduce: 7.39 | backward-embedding-all-reduce: 0.24 | optimizer: 803.85 | batch-generator: 70.00

==> Memory | [stage 6, virtual 0, rank 6] memory (MB) | allocated: 1886.9150390625 | max allocated: 24919.13671875 | reserved: 25208.0 | max reserved: 25208.0
 iteration        3/       3 | consumed samples:         3072 | elapsed time per iteration (ms): 50872.4 | learning rate: 1.406E-07 | global batch size:  1024 | loss scale: 1073741824.0 | grad norm: nan | number of skipped iterations:   0 | number of nan iterations:   0 |

==> Time (ms) | [stage 7, virtual 0, rank 7] | forward-compute: 18289.81 | forward-recv: 413.88 | backward-compute: 29885.56 | backward-send: 1.70 | backward-send-forward-recv: 1050.65 | backward-params-all-reduce: 6.91 | backward-embedding-all-reduce: 916.49 | optimizer: 13.88 | batch-generator: 66.68

==> Memory | [stage 7, virtual 0, rank 7] memory (MB) | allocated: 2743.2490234375 | max allocated: 20373.0908203125 | reserved: 21738.0 | max reserved: 21738.0
