------------------------ arguments ------------------------
  adaptive_hyper_parameters ....................... 5
  add_action_finetune_algo ........................ False
  add_action_finetune_dim ......................... False
  add_action_tp_dp_exchange ....................... False
  add_action_tune_tp_dp ........................... False
  check_recompute_with_group ...................... False
  config_save_path ................................ /home/liminglong.lml/sxz/SuperScaler/logs-large/aceso/configs/mbs/512/
  config_suffix ................................... 2026-5-15-13-23-1
  consider_collective_memory ...................... False
  consider_reserved_space ......................... True
  consider_shared_space ........................... True
  continue_when_fail .............................. True
  decoder_seq_len ................................. 512
  end_num_stages .................................. 8
  finetune_after_trial ............................ 0
  finetune_tp_dp_after_trial ...................... False
  flex_recompute .................................. True
  forbid_turn_back ................................ False
  global_batch_size ............................... 512
  high_memory_rate ................................ 0.9
  init_dim ........................................ tp
  initial_point ................................... balance
  log_path ........................................ /home/liminglong.lml/sxz/SuperScaler/logs-large/aceso/search/mbs/512/
  max_num_hops .................................... 7
  max_num_trials .................................. 100
  max_op_move_steps ............................... 5
  max_tp .......................................... 8
  memory_limit .................................... 48000
  memory_main_params .............................. 2
  memory_optimizer ................................ 4
  memory_pred_type ................................ MAX
  micro_batch_size ................................ [1, 2, 4, 8]
  min_mbs ......................................... 1
  model_name ...................................... gpt
  model_size ...................................... 2_6B
  multi_process ................................... True
  num_algos ....................................... 2
  num_gpus ........................................ 8
  num_gpus_per_node ............................... 8
  num_layers ...................................... 32
  num_nodes ....................................... 1
  num_of_saved_configs ............................ 3
  num_partners_in_op_mig .......................... 1
  only_top_1_target ............................... False
  op_group_size ................................... 1
  peak_mem_in_backward ............................ 0
  predict_delta_time .............................. False
  print_debug_info ................................ False
  print_gpu_mig_details ........................... False
  print_move_op_details ........................... False
  print_recomp_debug_info ......................... False
  print_recompute_ops ............................. False
  profiled_time_path .............................. /home/liminglong.lml/sxz/SuperScaler/profiler/profiled-time-eurosys/
  random_order_actions ............................ False
  resharding ...................................... True
  save_to_csv ..................................... None
  seq_len ......................................... 2048
  simple_prim_mbs ................................. False
  simple_prim_mig ................................. False
  sort_metric ..................................... max_stage_time
  start_num_stages ................................ 1
  support_comm_predict ............................ False
  time_budget_per_trial ........................... 200
  time_budget_total ............................... 200
-------------------- end of arguments ---------------------
Starting CEGIS search with 1 to 8 stages...
working on num_stages = 1
start|23259.46|49713.10| op = [419]| tp = [1, ] | dp = [8, ] | algo = [0, ] | rc = [417] | gpus = [8] | micro_bs = 8 | time = [23259] | memory = [49713]
line146:config.memory_list:[49713.097]
line147:config.time_list:[23259.45531462398]
------------------------------------------------------------------------------------------------------
cegis_search for the 0th times
开始求解check...
line351:
tp_list[2, 2, 2, 2, 2, 2, 2, 2, 2, 2, 2, 2, 2, 2, 2, 2, 2, 2, 2, 2, 2, 2, 2, 2, 2, 2, 2, 2, 2, 2, 2, 2, 2, 2, 2, 2, 2, 2, 2, 2, 2, 2, 2, 2, 2, 2, 2, 2, 2, 2, 2, 2, 2, 2, 2, 2, 2, 2, 2, 2, 2, 2, 2, 2, 2, 2, 2, 2, 2, 2, 2, 2, 2, 2, 2, 2, 2, 2, 2, 2, 2, 2, 2, 2, 2, 2, 2, 2, 2, 2, 2, 2, 2, 2, 2, 2, 2, 2, 2, 2, 2, 2, 2, 2, 2, 2, 2, 2, 2, 2, 2, 2, 2, 2, 2, 2, 2, 2, 2, 2, 2, 2, 2, 2, 2, 2, 2, 2, 2, 2, 2, 2, 2, 2, 2, 2, 2, 2, 2, 2, 2, 2, 2, 2, 2, 2, 2, 2, 2, 2, 2, 2, 2, 2, 2, 2, 2, 2, 2, 2, 2, 2, 2, 2, 2, 2, 2, 2, 2, 2, 2, 2, 2, 2, 2, 2, 2, 2, 2, 2, 2, 2, 2, 2, 2, 2, 2, 2, 2, 2, 2, 2, 2, 2, 2, 2, 2, 2, 2, 2, 2, 2, 2, 2, 2, 2, 2, 2, 2, 2, 2, 2, 2, 2, 2, 2, 2, 2, 2, 2, 2, 2, 2, 2, 2, 2, 2, 2, 2, 2, 2, 2, 2, 2, 2, 2, 2, 2, 2, 2, 2, 2, 2, 2, 2, 2, 2, 2, 2, 2, 2, 2, 2, 2, 2, 2, 2, 2, 2, 2, 2, 2, 2, 2, 2, 2, 2, 2, 2, 2, 2, 2, 2, 2, 2, 2, 2, 2, 2, 2, 2, 2, 2, 2, 2, 2, 2, 2, 2, 2, 2, 2, 2, 2, 2, 2, 2, 2, 2, 2, 2, 2, 2, 2, 2, 2, 2, 2, 2, 2, 2, 2, 2, 2, 2, 2, 2, 2, 2, 2, 2, 2, 2, 2, 2, 2, 2, 2, 2, 2, 2, 2, 2, 2, 2, 2, 2, 2, 2, 2, 2, 2, 2, 2, 2, 2, 2, 2, 2, 2, 2, 2, 2, 2, 2, 2, 2, 2, 2, 2, 2, 2, 2, 2, 2, 2, 2, 2, 2, 2, 2, 2, 2, 2, 2, 2, 2, 2, 2, 2, 2, 2, 2, 2, 2, 2, 2, 2, 2, 2, 2, 2, 2, 2, 2, 2, 2, 2, 2, 2, 2, 2, 2, 2, 2, 2, 2, 2, 2, 2, 2, 2, 2, 2, 2, 2, 2, 2, 2]
dp_list[4, 4, 4, 4, 4, 4, 4, 4, 4, 4, 4, 4, 4, 4, 4, 4, 4, 4, 4, 4, 4, 4, 4, 4, 4, 4, 4, 4, 4, 4, 4, 4, 4, 4, 4, 4, 4, 4, 4, 4, 4, 4, 4, 4, 4, 4, 4, 4, 4, 4, 4, 4, 4, 4, 4, 4, 4, 4, 4, 4, 4, 4, 4, 4, 4, 4, 4, 4, 4, 4, 4, 4, 4, 4, 4, 4, 4, 4, 4, 4, 4, 4, 4, 4, 4, 4, 4, 4, 4, 4, 4, 4, 4, 4, 4, 4, 4, 4, 4, 4, 4, 4, 4, 4, 4, 4, 4, 4, 4, 4, 4, 4, 4, 4, 4, 4, 4, 4, 4, 4, 4, 4, 4, 4, 4, 4, 4, 4, 4, 4, 4, 4, 4, 4, 4, 4, 4, 4, 4, 4, 4, 4, 4, 4, 4, 4, 4, 4, 4, 4, 4, 4, 4, 4, 4, 4, 4, 4, 4, 4, 4, 4, 4, 4, 4, 4, 4, 4, 4, 4, 4, 4, 4, 4, 4, 4, 4, 4, 4, 4, 4, 4, 4, 4, 4, 4, 4, 4, 4, 4, 4, 4, 4, 4, 4, 4, 4, 4, 4, 4, 4, 4, 4, 4, 4, 4, 4, 4, 4, 4, 4, 4, 4, 4, 4, 4, 4, 4, 4, 4, 4, 4, 4, 4, 4, 4, 4, 4, 4, 4, 4, 4, 4, 4, 4, 4, 4, 4, 4, 4, 4, 4, 4, 4, 4, 4, 4, 4, 4, 4, 4, 4, 4, 4, 4, 4, 4, 4, 4, 4, 4, 4, 4, 4, 4, 4, 4, 4, 4, 4, 4, 4, 4, 4, 4, 4, 4, 4, 4, 4, 4, 4, 4, 4, 4, 4, 4, 4, 4, 4, 4, 4, 4, 4, 4, 4, 4, 4, 4, 4, 4, 4, 4, 4, 4, 4, 4, 4, 4, 4, 4, 4, 4, 4, 4, 4, 4, 4, 4, 4, 4, 4, 4, 4, 4, 4, 4, 4, 4, 4, 4, 4, 4, 4, 4, 4, 4, 4, 4, 4, 4, 4, 4, 4, 4, 4, 4, 4, 4, 4, 4, 4, 4, 4, 4, 4, 4, 4, 4, 4, 4, 4, 4, 4, 4, 4, 4, 4, 4, 4, 4, 4, 4, 4, 4, 4, 4, 4, 4, 4, 4, 4, 4, 4, 4, 4, 4, 4, 4, 4, 4, 4, 4, 4, 4, 4, 4, 4, 4, 4, 4, 4, 4, 4, 4, 4, 4, 4, 4, 4, 4, 4, 4, 4, 4, 4, 4, 4, 4]
algo_list[0, 0, 0, 0, 0, 0, 0, 0, 0, 0, 0, 0, 0, 0, 0, 0, 0, 0, 0, 0, 0, 0, 0, 0, 0, 0, 0, 0, 0, 0, 0, 0, 0, 0, 0, 0, 0, 0, 0, 0, 0, 0, 0, 0, 0, 0, 0, 0, 0, 0, 0, 0, 0, 0, 0, 0, 0, 0, 0, 0, 0, 0, 0, 0, 0, 0, 0, 0, 0, 0, 0, 0, 0, 0, 0, 0, 0, 0, 0, 0, 0, 0, 0, 0, 0, 0, 0, 0, 0, 0, 0, 0, 0, 0, 0, 0, 0, 0, 0, 0, 0, 0, 0, 0, 0, 0, 0, 0, 0, 0, 0, 0, 0, 0, 0, 0, 0, 0, 0, 0, 0, 0, 0, 0, 0, 0, 0, 0, 0, 0, 0, 0, 0, 0, 0, 0, 0, 0, 0, 0, 0, 0, 0, 0, 0, 0, 0, 0, 0, 0, 0, 0, 0, 0, 0, 0, 0, 0, 0, 0, 0, 0, 0, 0, 0, 0, 0, 0, 0, 0, 0, 0, 0, 0, 0, 0, 0, 0, 0, 0, 0, 0, 0, 0, 0, 0, 0, 0, 0, 0, 0, 0, 0, 0, 0, 0, 0, 0, 0, 0, 0, 0, 0, 0, 0, 0, 0, 0, 0, 0, 0, 0, 0, 0, 0, 0, 0, 0, 0, 0, 0, 0, 0, 0, 0, 0, 0, 0, 0, 0, 0, 0, 0, 0, 0, 0, 0, 0, 0, 0, 0, 0, 0, 0, 0, 0, 0, 0, 0, 0, 0, 0, 0, 0, 0, 0, 0, 0, 0, 0, 0, 0, 0, 0, 0, 0, 0, 0, 0, 0, 0, 0, 0, 0, 0, 0, 0, 0, 0, 0, 0, 0, 0, 0, 0, 0, 0, 0, 0, 0, 0, 0, 0, 0, 0, 0, 0, 0, 0, 0, 0, 0, 0, 0, 0, 0, 0, 0, 0, 0, 0, 0, 0, 0, 0, 0, 0, 0, 0, 0, 0, 0, 0, 0, 0, 0, 0, 0, 0, 0, 0, 0, 0, 0, 0, 0, 0, 0, 0, 0, 0, 0, 0, 0, 0, 0, 0, 0, 0, 0, 0, 0, 0, 0, 0, 0, 0, 0, 0, 0, 0, 0, 0, 0, 0, 0, 0, 0, 0, 0, 0, 0, 0, 0, 0, 0, 0, 0, 0, 0, 0, 0, 0, 0, 0, 0, 0, 0, 0, 0, 0, 0, 0, 0, 0, 0, 0, 0, 0, 0, 0, 0, 0, 0, 0, 0, 0, 0, 0, 0, 0, 0, 0, 0, 0, 0, 0, 0, 0]

decode|45338.66|41638.09| op = [419]| tp = [2, ] | dp = [4, ] | algo = [0, ] | rc = [0] | gpus = [8] | micro_bs = 4 | time = [45338] | memory = [41638]
验证解
line146:config.memory_list:[41638.090999999986]
line147:config.time_list:[45338.66218124793]
求解成功
config has been saved to /home/liminglong.lml/sxz/SuperScaler/logs-large/aceso/configs/mbs/512/gpt_2_6B_1stages_2026-5-15-13-23-1.json

========== Best Result (num_stages = 1) ==========
|45338.66|41638.09| op = [419]| tp = [2, ] | dp = [4, ] | algo = [0, ] | rc = [0] | gpus = [8] | micro_bs = 4 | time = [45338] | memory = [41638]
start|23259.46|49713.10| op = [419]| tp = [1, ] | dp = [8, ] | algo = [0, ] | rc = [417] | gpus = [8] | micro_bs = 8 | time = [23259] | memory = [49713]
decode|45338.66|41638.09| op = [419]| tp = [2, ] | dp = [4, ] | algo = [0, ] | rc = [0] | gpus = [8] | micro_bs = 4 | time = [45338] | memory = [41638]

num_targets: []
num_hops: []
search time = 0.00 s.  [0] 
num_explored_cases = 0
time trend: [1073741824]

stage 1 search time: 0.07 s
working on num_stages = 2
start|17982.37|47946.08| op = [210, 209]| tp = [1, 1, ] | dp = [4, 4, ] | algo = [0, 0, ] | rc = [46, 26] | gpus = [4, 4] | micro_bs = 8 | time = [17671, 17982] | memory = [47946, 43591]
line146:config.memory_list:[47946.07799999998, 43591.04299999999]
line147:config.time_list:[17671.06986783258, 17982.368613414663]
------------------------------------------------------------------------------------------------------
cegis_search for the 0th times
开始求解check...
line351:
tp_list[1, 1, 1, 1, 1, 1, 1, 1, 1, 1, 1, 1, 1, 1, 1, 1, 1, 1, 1, 1, 1, 1, 1, 1, 1, 1, 1, 1, 1, 1, 1, 1, 1, 1, 1, 1, 1, 1, 1, 1, 1, 1, 1, 1, 1, 1, 1, 1, 1, 1, 1, 1, 1, 1, 1, 1, 1, 1, 1, 1, 1, 1, 1, 1, 1, 1, 1, 1, 1, 1, 1, 1, 1, 1, 1, 1, 1, 1, 1, 1, 1, 1, 1, 1, 1, 1, 1, 1, 1, 1, 1, 1, 1, 1, 1, 1, 1, 1, 1, 1, 1, 1, 1, 1, 1, 1, 1, 1, 1, 1, 1, 1, 1, 1, 1, 1, 1, 1, 1, 1, 1, 1, 1, 1, 1, 1, 1, 1, 1, 1, 1, 1, 1, 1, 1, 1, 1, 1, 1, 1, 1, 1, 1, 1, 1, 1, 1, 1, 1, 1, 1, 1, 1, 1, 1, 1, 1, 1, 1, 1, 1, 1, 1, 1, 1, 1, 1, 1, 1, 1, 1, 1, 1, 1, 1, 1, 1, 1, 1, 1, 1, 1, 1, 1, 1, 1, 1, 1, 1, 1, 1, 1, 1, 1, 1, 1, 1, 1, 1, 1, 1, 1, 1, 1, 1, 1, 1, 1, 1, 1, 1, 1, 1, 1, 1, 1, 1, 1, 1, 1, 1, 1, 1, 1, 1, 1, 1, 1, 1, 1, 1, 1, 1, 1, 1, 1, 1, 1, 1, 1, 1, 1, 1, 1, 1, 1, 1, 1, 1, 1, 1, 1, 1, 1, 1, 1, 1, 1, 1, 1, 1, 1, 1, 1, 1, 1, 1, 1, 1, 1, 1, 1, 1, 1, 1, 1, 1, 1, 1, 1, 1, 1, 1, 1, 1, 1, 1, 1, 1, 1, 1, 1, 1, 1, 1, 1, 1, 1, 1, 1, 1, 1, 1, 1, 1, 1, 1, 1, 1, 1, 1, 1, 1, 1, 1, 1, 1, 1, 1, 1, 1, 1, 1, 1, 1, 1, 1, 1, 1, 1, 1, 1, 1, 1, 1, 1, 1, 1, 1, 1, 1, 1, 1, 1, 1, 1, 1, 1, 1, 1, 1, 1, 1, 1, 1, 1, 1, 1, 1, 1, 1, 1, 1, 1, 1, 1, 1, 1, 1, 1, 1, 1, 1, 1, 1, 1, 1, 1, 1, 1, 1, 1, 1, 1, 1, 1, 1, 1, 1, 1, 1, 1, 1, 1, 1, 1, 1, 1, 1, 1, 1, 1, 1, 1, 1, 1, 1, 1, 1, 1, 1, 1, 1, 1, 1, 1, 1, 1, 1]
dp_list[4, 4, 4, 4, 4, 4, 4, 4, 4, 4, 4, 4, 4, 4, 4, 4, 4, 4, 4, 4, 4, 4, 4, 4, 4, 4, 4, 4, 4, 4, 4, 4, 4, 4, 4, 4, 4, 4, 4, 4, 4, 4, 4, 4, 4, 4, 4, 4, 4, 4, 4, 4, 4, 4, 4, 4, 4, 4, 4, 4, 4, 4, 4, 4, 4, 4, 4, 4, 4, 4, 4, 4, 4, 4, 4, 4, 4, 4, 4, 4, 4, 4, 4, 4, 4, 4, 4, 4, 4, 4, 4, 4, 4, 4, 4, 4, 4, 4, 4, 4, 4, 4, 4, 4, 4, 4, 4, 4, 4, 4, 4, 4, 4, 4, 4, 4, 4, 4, 4, 4, 4, 4, 4, 4, 4, 4, 4, 4, 4, 4, 4, 4, 4, 4, 4, 4, 4, 4, 4, 4, 4, 4, 4, 4, 4, 4, 4, 4, 4, 4, 4, 4, 4, 4, 4, 4, 4, 4, 4, 4, 4, 4, 4, 4, 4, 4, 4, 4, 4, 4, 4, 4, 4, 4, 4, 4, 4, 4, 4, 4, 4, 4, 4, 4, 4, 4, 4, 4, 4, 4, 4, 4, 4, 4, 4, 4, 4, 4, 4, 4, 4, 4, 4, 4, 4, 4, 4, 4, 4, 4, 4, 4, 4, 4, 4, 4, 4, 4, 4, 4, 4, 4, 4, 4, 4, 4, 4, 4, 4, 4, 4, 4, 4, 4, 4, 4, 4, 4, 4, 4, 4, 4, 4, 4, 4, 4, 4, 4, 4, 4, 4, 4, 4, 4, 4, 4, 4, 4, 4, 4, 4, 4, 4, 4, 4, 4, 4, 4, 4, 4, 4, 4, 4, 4, 4, 4, 4, 4, 4, 4, 4, 4, 4, 4, 4, 4, 4, 4, 4, 4, 4, 4, 4, 4, 4, 4, 4, 4, 4, 4, 4, 4, 4, 4, 4, 4, 4, 4, 4, 4, 4, 4, 4, 4, 4, 4, 4, 4, 4, 4, 4, 4, 4, 4, 4, 4, 4, 4, 4, 4, 4, 4, 4, 4, 4, 4, 4, 4, 4, 4, 4, 4, 4, 4, 4, 4, 4, 4, 4, 4, 4, 4, 4, 4, 4, 4, 4, 4, 4, 4, 4, 4, 4, 4, 4, 4, 4, 4, 4, 4, 4, 4, 4, 4, 4, 4, 4, 4, 4, 4, 4, 4, 4, 4, 4, 4, 4, 4, 4, 4, 4, 4, 4, 4, 4, 4, 4, 4, 4, 4, 4, 4, 4, 4, 4, 4, 4, 4, 4, 4, 4, 4, 4, 4, 4, 4, 4, 4, 4]
algo_list[0, 0, 0, 0, 0, 0, 0, 0, 0, 0, 0, 0, 0, 0, 0, 0, 0, 0, 0, 0, 0, 0, 0, 0, 0, 0, 0, 0, 0, 0, 0, 0, 0, 0, 0, 0, 0, 0, 0, 0, 0, 0, 0, 0, 0, 0, 0, 0, 0, 0, 0, 0, 0, 0, 0, 0, 0, 0, 0, 0, 0, 0, 0, 0, 0, 0, 0, 0, 0, 0, 0, 0, 0, 0, 0, 0, 0, 0, 0, 0, 0, 0, 0, 0, 0, 0, 0, 0, 0, 0, 0, 0, 0, 0, 0, 0, 0, 0, 0, 0, 0, 0, 0, 0, 0, 0, 0, 0, 0, 0, 0, 0, 0, 0, 0, 0, 0, 0, 0, 0, 0, 0, 0, 0, 0, 0, 0, 0, 0, 0, 0, 0, 0, 0, 0, 0, 0, 0, 0, 0, 0, 0, 0, 0, 0, 0, 0, 0, 0, 0, 0, 0, 0, 0, 0, 0, 0, 0, 0, 0, 0, 0, 0, 0, 0, 0, 0, 0, 0, 0, 0, 0, 0, 0, 0, 0, 0, 0, 0, 0, 0, 0, 0, 0, 0, 0, 0, 0, 0, 0, 0, 0, 0, 0, 0, 0, 0, 0, 0, 0, 0, 0, 0, 0, 0, 0, 0, 0, 0, 0, 0, 0, 0, 0, 0, 0, 0, 0, 0, 0, 0, 0, 0, 0, 0, 0, 0, 0, 0, 0, 0, 0, 0, 0, 0, 0, 0, 0, 0, 0, 0, 0, 0, 0, 0, 0, 0, 0, 0, 0, 0, 0, 0, 0, 0, 0, 0, 0, 0, 0, 0, 0, 0, 0, 0, 0, 0, 0, 0, 0, 0, 0, 0, 0, 0, 0, 0, 0, 0, 0, 0, 0, 0, 0, 0, 0, 0, 0, 0, 0, 0, 0, 0, 0, 0, 0, 0, 0, 0, 0, 0, 0, 0, 0, 0, 0, 0, 0, 0, 0, 0, 0, 0, 0, 0, 0, 0, 0, 0, 0, 0, 0, 0, 0, 0, 0, 0, 0, 0, 0, 0, 0, 0, 0, 0, 0, 0, 0, 0, 0, 0, 0, 0, 0, 0, 0, 0, 0, 0, 0, 0, 0, 0, 0, 0, 0, 0, 0, 0, 0, 0, 0, 0, 0, 0, 0, 0, 0, 0, 0, 0, 0, 0, 0, 0, 0, 0, 0, 0, 0, 0, 0, 0, 0, 0, 0, 0, 0, 0, 0, 0, 0, 0, 0, 0, 0, 0, 0, 0, 0, 0, 0, 0, 0, 0, 0, 0, 0, 0, 0, 0, 0, 0, 0, 0, 0, 0, 0, 0]

decode|17982.37|47946.08| op = [210, 209]| tp = [1, 1, ] | dp = [4, 4, ] | algo = [0, 0, ] | rc = [46, 26] | gpus = [4, 4] | micro_bs = 8 | time = [17671, 17982] | memory = [47946, 43591]
验证解
line146:config.memory_list:[47946.07799999998, 43591.04299999999]
line147:config.time_list:[17671.06986783258, 17982.368613414663]
求解成功
config has been saved to /home/liminglong.lml/sxz/SuperScaler/logs-large/aceso/configs/mbs/512/gpt_2_6B_2stages_2026-5-15-13-23-1.json

========== Best Result (num_stages = 2) ==========
|17982.37|47946.08| op = [210, 209]| tp = [1, 1, ] | dp = [4, 4, ] | algo = [0, 0, ] | rc = [46, 26] | gpus = [4, 4] | micro_bs = 8 | time = [17671, 17982] | memory = [47946, 43591]
start|17982.37|47946.08| op = [210, 209]| tp = [1, 1, ] | dp = [4, 4, ] | algo = [0, 0, ] | rc = [46, 26] | gpus = [4, 4] | micro_bs = 8 | time = [17671, 17982] | memory = [47946, 43591]
decode|17982.37|47946.08| op = [210, 209]| tp = [1, 1, ] | dp = [4, 4, ] | algo = [0, 0, ] | rc = [46, 26] | gpus = [4, 4] | micro_bs = 8 | time = [17671, 17982] | memory = [47946, 43591]

num_targets: []
num_hops: []
search time = 0.00 s.  [0] 
num_explored_cases = 0
time trend: [17982]

stage 2 search time: 0.17 s
working on num_stages = 3
start|19135.89|47861.09| op = [210, 105, 104]| tp = [1, 1, 1, ] | dp = [4, 2, 2, ] | algo = [0, 0, 0, ] | rc = [60, 16, 14] | gpus = [4, 2, 2] | micro_bs = 8 | time = [18486, 17732, 19135] | memory = [47069, 46269, 47861]
line465:max stage:2, min stage:1, max_value:19135.886541793843, min_value:17732.716710423232
fix|19154.87|47941.09| op = [210, 106, 103]| tp = [1, 1, 1, ] | dp = [4, 2, 2, ] | algo = [0, 0, 0, ] | rc = [60, 18, 13] | gpus = [4, 2, 2] | micro_bs = 8 | time = [18495, 18305, 19154] | memory = [47069, 47293, 47941]
cv:0.01951028963837619
line465:max stage:2, min stage:1, max_value:19154.86775643511, min_value:18305.699009064498
fix|18895.14|47941.09| op = [210, 107, 102]| tp = [1, 1, 1, ] | dp = [4, 2, 2, ] | algo = [0, 0, 0, ] | rc = [60, 18, 12] | gpus = [4, 2, 2] | micro_bs = 8 | time = [18494, 18486, 18895] | memory = [47069, 47293, 47941]
best|18895.14|47941.09| op = [210, 107, 102]| tp = [1, 1, 1, ] | dp = [4, 2, 2, ] | algo = [0, 0, 0, ] | rc = [60, 18, 12] | gpus = [4, 2, 2] | micro_bs = 8 | time = [18494, 18486, 18895] | memory = [47069, 47293, 47941]
line146:config.memory_list:[47069.11699999997, 47293.984000000026, 47941.09400000001]
line147:config.time_list:[18494.31627426199, 18486.675547064497, 18895.142158435112]
------------------------------------------------------------------------------------------------------
cegis_search for the 0th times
开始求解check...
line351:
tp_list[1, 1, 1, 1, 1, 1, 1, 1, 1, 1, 1, 1, 1, 1, 1, 1, 1, 1, 1, 1, 1, 1, 1, 1, 1, 1, 1, 1, 1, 1, 1, 1, 1, 1, 1, 1, 1, 1, 1, 1, 1, 1, 1, 1, 1, 1, 1, 1, 1, 1, 1, 1, 1, 1, 1, 1, 1, 1, 1, 1, 1, 1, 1, 1, 1, 1, 1, 1, 1, 1, 1, 1, 1, 1, 1, 1, 1, 1, 1, 1, 1, 1, 1, 1, 1, 1, 1, 1, 1, 1, 1, 1, 1, 1, 1, 1, 1, 1, 1, 1, 1, 1, 1, 1, 1, 1, 1, 1, 1, 1, 1, 1, 1, 1, 1, 1, 1, 1, 1, 1, 1, 1, 1, 1, 1, 1, 1, 1, 1, 1, 1, 1, 1, 1, 1, 1, 1, 1, 1, 1, 1, 1, 1, 1, 1, 1, 1, 1, 1, 1, 1, 1, 1, 1, 1, 1, 1, 1, 1, 1, 1, 1, 1, 1, 1, 1, 1, 1, 1, 1, 1, 1, 1, 1, 1, 1, 1, 1, 1, 1, 1, 1, 1, 1, 1, 1, 1, 1, 1, 1, 1, 1, 1, 1, 1, 1, 1, 1, 1, 1, 1, 1, 1, 1, 1, 1, 1, 1, 1, 1, 1, 1, 1, 1, 1, 1, 1, 1, 1, 1, 1, 1, 1, 1, 1, 1, 1, 1, 1, 1, 1, 1, 1, 1, 1, 1, 1, 1, 1, 1, 1, 1, 1, 1, 1, 1, 1, 1, 1, 1, 1, 1, 1, 1, 1, 1, 1, 1, 1, 1, 1, 1, 1, 1, 1, 1, 1, 1, 1, 1, 1, 1, 1, 1, 1, 1, 1, 1, 1, 1, 1, 1, 1, 1, 1, 1, 1, 1, 1, 1, 1, 1, 1, 1, 1, 1, 1, 1, 1, 1, 1, 1, 1, 1, 1, 1, 1, 1, 1, 1, 1, 1, 1, 1, 1, 1, 1, 1, 1, 1, 1, 1, 1, 1, 1, 1, 1, 1, 1, 1, 1, 1, 1, 1, 1, 1, 1, 1, 1, 1, 1, 1, 1, 1, 1, 1, 1, 1, 1, 1, 1, 1, 1, 1, 1, 1, 1, 1, 1, 1, 1, 1, 1, 1, 1, 1, 1, 1, 1, 1, 1, 1, 1, 1, 1, 1, 1, 1, 1, 1, 1, 1, 1, 1, 1, 1, 1, 1, 1, 1, 1, 1, 1, 1, 1, 1, 1, 1, 1, 1, 1, 1, 1, 1, 1, 1, 1, 1, 1, 1, 1, 1, 1, 1, 1, 1, 1, 1, 1]
dp_list[4, 4, 4, 4, 4, 4, 4, 4, 4, 4, 4, 4, 4, 4, 4, 4, 4, 4, 4, 4, 4, 4, 4, 4, 4, 4, 4, 4, 4, 4, 4, 4, 4, 4, 4, 4, 4, 4, 4, 4, 4, 4, 4, 4, 4, 4, 4, 4, 4, 4, 4, 4, 4, 4, 4, 4, 4, 4, 4, 4, 4, 4, 4, 4, 4, 4, 4, 4, 4, 4, 4, 4, 4, 4, 4, 4, 4, 4, 4, 4, 4, 4, 4, 4, 4, 4, 4, 4, 4, 4, 4, 4, 4, 4, 4, 4, 4, 4, 4, 4, 4, 4, 4, 4, 4, 4, 4, 4, 4, 4, 4, 4, 4, 4, 4, 4, 4, 4, 4, 4, 4, 4, 4, 4, 4, 4, 4, 4, 4, 4, 4, 4, 4, 4, 4, 4, 4, 4, 4, 4, 4, 4, 4, 4, 4, 4, 4, 4, 4, 4, 4, 4, 4, 4, 4, 4, 4, 4, 4, 4, 4, 4, 4, 4, 4, 4, 4, 4, 4, 4, 4, 4, 4, 4, 4, 4, 4, 4, 4, 4, 4, 4, 4, 4, 4, 4, 4, 4, 4, 4, 4, 4, 4, 4, 4, 4, 4, 4, 4, 4, 4, 4, 4, 4, 4, 4, 4, 4, 4, 4, 2, 2, 2, 2, 2, 2, 2, 2, 2, 2, 2, 2, 2, 2, 2, 2, 2, 2, 2, 2, 2, 2, 2, 2, 2, 2, 2, 2, 2, 2, 2, 2, 2, 2, 2, 2, 2, 2, 2, 2, 2, 2, 2, 2, 2, 2, 2, 2, 2, 2, 2, 2, 2, 2, 2, 2, 2, 2, 2, 2, 2, 2, 2, 2, 2, 2, 2, 2, 2, 2, 2, 2, 2, 2, 2, 2, 2, 2, 2, 2, 2, 2, 2, 2, 2, 2, 2, 2, 2, 2, 2, 2, 2, 2, 2, 2, 2, 2, 2, 2, 2, 2, 2, 2, 2, 2, 2, 2, 2, 2, 2, 2, 2, 2, 2, 2, 2, 2, 2, 2, 2, 2, 2, 2, 2, 2, 2, 2, 2, 2, 2, 2, 2, 2, 2, 2, 2, 2, 2, 2, 2, 2, 2, 2, 2, 2, 2, 2, 2, 2, 2, 2, 2, 2, 2, 2, 2, 2, 2, 2, 2, 2, 2, 2, 2, 2, 2, 2, 2, 2, 2, 2, 2, 2, 2, 2, 2, 2, 2, 2, 2, 2, 2, 2, 2, 2, 2, 2, 2, 2, 2, 2, 2, 2, 2, 2, 2, 2, 2, 2, 2, 2, 2, 2, 2, 2, 2, 2, 2]
algo_list[0, 0, 0, 0, 0, 0, 0, 0, 0, 0, 0, 0, 0, 0, 0, 0, 0, 0, 0, 0, 0, 0, 0, 0, 0, 0, 0, 0, 0, 0, 0, 0, 0, 0, 0, 0, 0, 0, 0, 0, 0, 0, 0, 0, 0, 0, 0, 0, 0, 0, 0, 0, 0, 0, 0, 0, 0, 0, 0, 0, 0, 0, 0, 0, 0, 0, 0, 0, 0, 0, 0, 0, 0, 0, 0, 0, 0, 0, 0, 0, 0, 0, 0, 0, 0, 0, 0, 0, 0, 0, 0, 0, 0, 0, 0, 0, 0, 0, 0, 0, 0, 0, 0, 0, 0, 0, 0, 0, 0, 0, 0, 0, 0, 0, 0, 0, 0, 0, 0, 0, 0, 0, 0, 0, 0, 0, 0, 0, 0, 0, 0, 0, 0, 0, 0, 0, 0, 0, 0, 0, 0, 0, 0, 0, 0, 0, 0, 0, 0, 0, 0, 0, 0, 0, 0, 0, 0, 0, 0, 0, 0, 0, 0, 0, 0, 0, 0, 0, 0, 0, 0, 0, 0, 0, 0, 0, 0, 0, 0, 0, 0, 0, 0, 0, 0, 0, 0, 0, 0, 0, 0, 0, 0, 0, 0, 0, 0, 0, 0, 0, 0, 0, 0, 0, 0, 0, 0, 0, 0, 0, 0, 0, 0, 0, 0, 0, 0, 0, 0, 0, 0, 0, 0, 0, 0, 0, 0, 0, 0, 0, 0, 0, 0, 0, 0, 0, 0, 0, 0, 0, 0, 0, 0, 0, 0, 0, 0, 0, 0, 0, 0, 0, 0, 0, 0, 0, 0, 0, 0, 0, 0, 0, 0, 0, 0, 0, 0, 0, 0, 0, 0, 0, 0, 0, 0, 0, 0, 0, 0, 0, 0, 0, 0, 0, 0, 0, 0, 0, 0, 0, 0, 0, 0, 0, 0, 0, 0, 0, 0, 0, 0, 0, 0, 0, 0, 0, 0, 0, 0, 0, 0, 0, 0, 0, 0, 0, 0, 0, 0, 0, 0, 0, 0, 0, 0, 0, 0, 0, 0, 0, 0, 0, 0, 0, 0, 0, 0, 0, 0, 0, 0, 0, 0, 0, 0, 0, 0, 0, 0, 0, 0, 0, 0, 0, 0, 0, 0, 0, 0, 0, 0, 0, 0, 0, 0, 0, 0, 0, 0, 0, 0, 0, 0, 0, 0, 0, 0, 0, 0, 0, 0, 0, 0, 0, 0, 0, 0, 0, 0, 0, 0, 0, 0, 0, 0, 0, 0, 0, 0, 0, 0, 0, 0, 0, 0, 0, 0, 0, 0, 0, 0, 0, 0, 0, 0, 0, 0, 0, 0]

decode|17996.19|46388.99| op = [210, 107, 102]| tp = [1, 1, 1, ] | dp = [4, 2, 2, ] | algo = [0, 0, 0, ] | rc = [32, 0, 0] | gpus = [4, 2, 2] | micro_bs = 4 | time = [17996, 16573, 17677] | memory = [46003, 46388, 31012]
验证解
line465:max stage:0, min stage:1, max_value:17996.18958337779, min_value:16573.280042132144
fix|17976.99|46389.05| op = [209, 108, 102]| tp = [1, 1, 1, ] | dp = [4, 2, 2, ] | algo = [0, 0, 0, ] | rc = [32, 0, 0] | gpus = [4, 2, 2] | micro_bs = 4 | time = [17976, 16588, 17677] | memory = [45973, 46389, 31012]
cv:0.034267323899663596
line465:max stage:0, min stage:1, max_value:17976.98661024879, min_value:16588.132229519302
fix|17966.56|46489.06| op = [208, 109, 102]| tp = [1, 1, 1, ] | dp = [4, 2, 2, ] | algo = [0, 0, 0, ] | rc = [32, 0, 0] | gpus = [4, 2, 2] | micro_bs = 4 | time = [17966, 16623, 17677] | memory = [45928, 46489, 31012]
cv:0.033137450988015724
line465:max stage:0, min stage:1, max_value:17966.56488931777, min_value:16623.142847721716
fix|17826.88|47049.05| op = [207, 110, 102]| tp = [1, 1, 1, ] | dp = [4, 2, 2, ] | algo = [0, 0, 0, ] | rc = [32, 0, 0] | gpus = [4, 2, 2] | micro_bs = 4 | time = [17826, 16975, 17679] | memory = [45448, 47049, 31012]
cv:0.021228155451087936
line465:max stage:0, min stage:1, max_value:17826.880854132636, min_value:16975.650237193146
fix|17801.24|47209.09| op = [206, 111, 102]| tp = [1, 1, 1, ] | dp = [4, 2, 2, ] | algo = [0, 0, 0, ] | rc = [32, 0, 0] | gpus = [4, 2, 2] | micro_bs = 4 | time = [17801, 17024, 17679] | memory = [45328, 47209, 31012]
cv:0.019478997579007895
line465:max stage:0, min stage:1, max_value:17801.235353695432, min_value:17024.79070713198
fix|17680.02|47649.05| op = [205, 112, 102]| tp = [1, 1, 1, ] | dp = [4, 2, 2, ] | algo = [0, 0, 0, ] | rc = [32, 0, 0] | gpus = [4, 2, 2] | micro_bs = 4 | time = [17620, 17310, 17680] | memory = [44758, 47649, 31012]
best|17680.02|47649.05| op = [205, 112, 102]| tp = [1, 1, 1, ] | dp = [4, 2, 2, ] | algo = [0, 0, 0, ] | rc = [32, 0, 0] | gpus = [4, 2, 2] | micro_bs = 4 | time = [17620, 17310, 17680] | memory = [44758, 47649, 31012]
line146:config.memory_list:[44758.55999999997, 47649.05400000001, 31012.547000000006]
line147:config.time_list:[17620.84066737779, 17310.410232132148, 17680.02099259744]
求解成功
config has been saved to /home/liminglong.lml/sxz/SuperScaler/logs-large/aceso/configs/mbs/512/gpt_2_6B_3stages_2026-5-15-13-23-1.json

========== Best Result (num_stages = 3) ==========
|17680.02|47649.05| op = [205, 112, 102]| tp = [1, 1, 1, ] | dp = [4, 2, 2, ] | algo = [0, 0, 0, ] | rc = [32, 0, 0] | gpus = [4, 2, 2] | micro_bs = 4 | time = [17620, 17310, 17680] | memory = [44758, 47649, 31012]
start|19135.89|47861.09| op = [210, 105, 104]| tp = [1, 1, 1, ] | dp = [4, 2, 2, ] | algo = [0, 0, 0, ] | rc = [60, 16, 14] | gpus = [4, 2, 2] | micro_bs = 8 | time = [18486, 17732, 19135] | memory = [47069, 46269, 47861]
fix|19154.87|47941.09| op = [210, 106, 103]| tp = [1, 1, 1, ] | dp = [4, 2, 2, ] | algo = [0, 0, 0, ] | rc = [60, 18, 13] | gpus = [4, 2, 2] | micro_bs = 8 | time = [18495, 18305, 19154] | memory = [47069, 47293, 47941]
fix|18895.14|47941.09| op = [210, 107, 102]| tp = [1, 1, 1, ] | dp = [4, 2, 2, ] | algo = [0, 0, 0, ] | rc = [60, 18, 12] | gpus = [4, 2, 2] | micro_bs = 8 | time = [18494, 18486, 18895] | memory = [47069, 47293, 47941]
best|18895.14|47941.09| op = [210, 107, 102]| tp = [1, 1, 1, ] | dp = [4, 2, 2, ] | algo = [0, 0, 0, ] | rc = [60, 18, 12] | gpus = [4, 2, 2] | micro_bs = 8 | time = [18494, 18486, 18895] | memory = [47069, 47293, 47941]
decode|17996.19|46388.99| op = [210, 107, 102]| tp = [1, 1, 1, ] | dp = [4, 2, 2, ] | algo = [0, 0, 0, ] | rc = [32, 0, 0] | gpus = [4, 2, 2] | micro_bs = 4 | time = [17996, 16573, 17677] | memory = [46003, 46388, 31012]
fix|17976.99|46389.05| op = [209, 108, 102]| tp = [1, 1, 1, ] | dp = [4, 2, 2, ] | algo = [0, 0, 0, ] | rc = [32, 0, 0] | gpus = [4, 2, 2] | micro_bs = 4 | time = [17976, 16588, 17677] | memory = [45973, 46389, 31012]
fix|17966.56|46489.06| op = [208, 109, 102]| tp = [1, 1, 1, ] | dp = [4, 2, 2, ] | algo = [0, 0, 0, ] | rc = [32, 0, 0] | gpus = [4, 2, 2] | micro_bs = 4 | time = [17966, 16623, 17677] | memory = [45928, 46489, 31012]
fix|17826.88|47049.05| op = [207, 110, 102]| tp = [1, 1, 1, ] | dp = [4, 2, 2, ] | algo = [0, 0, 0, ] | rc = [32, 0, 0] | gpus = [4, 2, 2] | micro_bs = 4 | time = [17826, 16975, 17679] | memory = [45448, 47049, 31012]
fix|17801.24|47209.09| op = [206, 111, 102]| tp = [1, 1, 1, ] | dp = [4, 2, 2, ] | algo = [0, 0, 0, ] | rc = [32, 0, 0] | gpus = [4, 2, 2] | micro_bs = 4 | time = [17801, 17024, 17679] | memory = [45328, 47209, 31012]
fix|17680.02|47649.05| op = [205, 112, 102]| tp = [1, 1, 1, ] | dp = [4, 2, 2, ] | algo = [0, 0, 0, ] | rc = [32, 0, 0] | gpus = [4, 2, 2] | micro_bs = 4 | time = [17620, 17310, 17680] | memory = [44758, 47649, 31012]
best|17680.02|47649.05| op = [205, 112, 102]| tp = [1, 1, 1, ] | dp = [4, 2, 2, ] | algo = [0, 0, 0, ] | rc = [32, 0, 0] | gpus = [4, 2, 2] | micro_bs = 4 | time = [17620, 17310, 17680] | memory = [44758, 47649, 31012]

num_targets: []
num_hops: []
search time = 0.00 s.  [0] 
num_explored_cases = 0
time trend: [19135]

stage 3 search time: 0.39 s
working on num_stages = 4
start|19418.61|47861.09| op = [105, 105, 105, 104]| tp = [1, 1, 1, 1, ] | dp = [2, 2, 2, 2, ] | algo = [0, 0, 0, 0, ] | rc = [34, 28, 16, 14] | gpus = [2, 2, 2, 2] | micro_bs = 8 | time = [19113, 18588, 18015, 19418] | memory = [47508, 47859, 46269, 47861]
line465:max stage:3, min stage:2, max_value:19418.607602842658, min_value:18015.437771472047
fix|19437.59|47941.09| op = [105, 105, 106, 103]| tp = [1, 1, 1, 1, ] | dp = [2, 2, 2, 2, ] | algo = [0, 0, 0, 0, ] | rc = [34, 28, 18, 13] | gpus = [2, 2, 2, 2] | micro_bs = 8 | time = [19122, 18597, 18588, 19437] | memory = [47508, 47859, 47293, 47941]
cv:0.01907632270710531
line465:max stage:3, min stage:2, max_value:19437.588817483924, min_value:18588.420070113312
fix|19177.86|47941.09| op = [105, 105, 107, 102]| tp = [1, 1, 1, 1, ] | dp = [2, 2, 2, 2, ] | algo = [0, 0, 0, 0, ] | rc = [34, 28, 18, 12] | gpus = [2, 2, 2, 2] | micro_bs = 8 | time = [19121, 18596, 18769, 19177] | memory = [47508, 47859, 47293, 47941]
best|19177.86|47941.09| op = [105, 105, 107, 102]| tp = [1, 1, 1, 1, ] | dp = [2, 2, 2, 2, ] | algo = [0, 0, 0, 0, ] | rc = [34, 28, 18, 12] | gpus = [2, 2, 2, 2] | micro_bs = 8 | time = [19121, 18596, 18769, 19177] | memory = [47508, 47859, 47293, 47941]
line146:config.memory_list:[47508.09200000005, 47859.162000000055, 47293.984000000026, 47941.09400000001]
line147:config.time_list:[19121.628372515093, 18596.164960522266, 18769.39660811331, 19177.863219483927]
------------------------------------------------------------------------------------------------------
cegis_search for the 0th times
开始求解check...
line351:
tp_list[1, 1, 1, 1, 1, 1, 1, 1, 1, 1, 1, 1, 1, 1, 1, 1, 1, 1, 1, 1, 1, 1, 1, 1, 1, 1, 1, 1, 1, 1, 1, 1, 1, 1, 1, 1, 1, 1, 1, 1, 1, 1, 1, 1, 1, 1, 1, 1, 1, 1, 1, 1, 1, 1, 1, 1, 1, 1, 1, 1, 1, 1, 1, 1, 1, 1, 1, 1, 1, 1, 1, 1, 1, 1, 1, 1, 1, 1, 1, 1, 1, 1, 1, 1, 1, 1, 1, 1, 1, 1, 1, 1, 1, 1, 1, 1, 1, 1, 1, 1, 1, 1, 1, 1, 1, 1, 1, 1, 1, 1, 1, 1, 1, 1, 1, 1, 1, 1, 1, 1, 1, 1, 1, 1, 1, 1, 1, 1, 1, 1, 1, 1, 1, 1, 1, 1, 1, 1, 1, 1, 1, 1, 1, 1, 1, 1, 1, 1, 1, 1, 1, 1, 1, 1, 1, 1, 1, 1, 1, 1, 1, 1, 1, 1, 1, 1, 1, 1, 1, 1, 1, 1, 1, 1, 1, 1, 1, 1, 1, 1, 1, 1, 1, 1, 1, 1, 1, 1, 1, 1, 1, 1, 1, 1, 1, 1, 1, 1, 1, 1, 1, 1, 1, 1, 1, 1, 1, 1, 1, 1, 1, 1, 1, 1, 1, 1, 1, 1, 1, 1, 1, 1, 1, 1, 1, 1, 1, 1, 1, 1, 1, 1, 1, 1, 1, 1, 1, 1, 1, 1, 1, 1, 1, 1, 1, 1, 1, 1, 1, 1, 1, 1, 1, 1, 1, 1, 1, 1, 1, 1, 1, 1, 1, 1, 1, 1, 1, 1, 1, 1, 1, 1, 1, 1, 1, 1, 1, 1, 1, 1, 1, 1, 1, 1, 1, 1, 1, 1, 1, 1, 1, 1, 1, 1, 1, 1, 1, 1, 1, 1, 1, 1, 1, 1, 1, 1, 1, 1, 1, 1, 1, 1, 1, 1, 1, 1, 1, 1, 1, 1, 1, 1, 1, 1, 1, 1, 1, 1, 1, 1, 1, 1, 1, 1, 1, 1, 1, 1, 1, 1, 1, 1, 1, 1, 1, 1, 1, 1, 1, 1, 1, 1, 1, 1, 1, 1, 1, 1, 1, 1, 1, 1, 1, 1, 1, 1, 1, 1, 1, 1, 1, 1, 1, 1, 1, 1, 1, 1, 1, 1, 1, 1, 1, 1, 1, 1, 1, 1, 1, 1, 1, 1, 1, 1, 1, 1, 1, 1, 1, 1, 1, 1, 1, 1, 1, 1, 1, 1, 1, 1, 1, 1, 1, 1, 1, 1, 1, 1, 1]
dp_list[2, 2, 2, 2, 2, 2, 2, 2, 2, 2, 2, 2, 2, 2, 2, 2, 2, 2, 2, 2, 2, 2, 2, 2, 2, 2, 2, 2, 2, 2, 2, 2, 2, 2, 2, 2, 2, 2, 2, 2, 2, 2, 2, 2, 2, 2, 2, 2, 2, 2, 2, 2, 2, 2, 2, 2, 2, 2, 2, 2, 2, 2, 2, 2, 2, 2, 2, 2, 2, 2, 2, 2, 2, 2, 2, 2, 2, 2, 2, 2, 2, 2, 2, 2, 2, 2, 2, 2, 2, 2, 2, 2, 2, 2, 2, 2, 2, 2, 2, 2, 2, 2, 2, 2, 2, 2, 2, 2, 2, 2, 2, 2, 2, 2, 2, 2, 2, 2, 2, 2, 2, 2, 2, 2, 2, 2, 2, 2, 2, 2, 2, 2, 2, 2, 2, 2, 2, 2, 2, 2, 2, 2, 2, 2, 2, 2, 2, 2, 2, 2, 2, 2, 2, 2, 2, 2, 2, 2, 2, 2, 2, 2, 2, 2, 2, 2, 2, 2, 2, 2, 2, 2, 2, 2, 2, 2, 2, 2, 2, 2, 2, 2, 2, 2, 2, 2, 2, 2, 2, 2, 2, 2, 2, 2, 2, 2, 2, 2, 2, 2, 2, 2, 2, 2, 2, 2, 2, 2, 2, 2, 2, 2, 2, 2, 2, 2, 2, 2, 2, 2, 2, 2, 2, 2, 2, 2, 2, 2, 2, 2, 2, 2, 2, 2, 2, 2, 2, 2, 2, 2, 2, 2, 2, 2, 2, 2, 2, 2, 2, 2, 2, 2, 2, 2, 2, 2, 2, 2, 2, 2, 2, 2, 2, 2, 2, 2, 2, 2, 2, 2, 2, 2, 2, 2, 2, 2, 2, 2, 2, 2, 2, 2, 2, 2, 2, 2, 2, 2, 2, 2, 2, 2, 2, 2, 2, 2, 2, 2, 2, 2, 2, 2, 2, 2, 2, 2, 2, 2, 2, 2, 2, 2, 2, 2, 2, 2, 2, 2, 2, 2, 2, 2, 2, 2, 2, 2, 2, 2, 2, 2, 2, 2, 2, 2, 2, 2, 2, 2, 2, 2, 2, 2, 2, 2, 2, 2, 2, 2, 2, 2, 2, 2, 2, 2, 2, 2, 2, 2, 2, 2, 2, 2, 2, 2, 2, 2, 2, 2, 2, 2, 2, 2, 2, 2, 2, 2, 2, 2, 2, 2, 2, 2, 2, 2, 2, 2, 2, 2, 2, 2, 2, 2, 2, 2, 2, 2, 2, 2, 2, 2, 2, 2, 2, 2, 2, 2, 2, 2, 2, 2, 2, 2, 2, 2, 2, 2, 2, 2, 2]
algo_list[0, 0, 0, 0, 0, 0, 0, 0, 0, 0, 0, 0, 0, 0, 0, 0, 0, 0, 0, 0, 0, 0, 0, 0, 0, 0, 0, 0, 0, 0, 0, 0, 0, 0, 0, 0, 0, 0, 0, 0, 0, 0, 0, 0, 0, 0, 0, 0, 0, 0, 0, 0, 0, 0, 0, 0, 0, 0, 0, 0, 0, 0, 0, 0, 0, 0, 0, 0, 0, 0, 0, 0, 0, 0, 0, 0, 0, 0, 0, 0, 0, 0, 0, 0, 0, 0, 0, 0, 0, 0, 0, 0, 0, 0, 0, 0, 0, 0, 0, 0, 0, 0, 0, 0, 0, 0, 0, 0, 0, 0, 0, 0, 0, 0, 0, 0, 0, 0, 0, 0, 0, 0, 0, 0, 0, 0, 0, 0, 0, 0, 0, 0, 0, 0, 0, 0, 0, 0, 0, 0, 0, 0, 0, 0, 0, 0, 0, 0, 0, 0, 0, 0, 0, 0, 0, 0, 0, 0, 0, 0, 0, 0, 0, 0, 0, 0, 0, 0, 0, 0, 0, 0, 0, 0, 0, 0, 0, 0, 0, 0, 0, 0, 0, 0, 0, 0, 0, 0, 0, 0, 0, 0, 0, 0, 0, 0, 0, 0, 0, 0, 0, 0, 0, 0, 0, 0, 0, 0, 0, 0, 0, 0, 0, 0, 0, 0, 0, 0, 0, 0, 0, 0, 0, 0, 0, 0, 0, 0, 0, 0, 0, 0, 0, 0, 0, 0, 0, 0, 0, 0, 0, 0, 0, 0, 0, 0, 0, 0, 0, 0, 0, 0, 0, 0, 0, 0, 0, 0, 0, 0, 0, 0, 0, 0, 0, 0, 0, 0, 0, 0, 0, 0, 0, 0, 0, 0, 0, 0, 0, 0, 0, 0, 0, 0, 0, 0, 0, 0, 0, 0, 0, 0, 0, 0, 0, 0, 0, 0, 0, 0, 0, 0, 0, 0, 0, 0, 0, 0, 0, 0, 0, 0, 0, 0, 0, 0, 0, 0, 0, 0, 0, 0, 0, 0, 0, 0, 0, 0, 0, 0, 0, 0, 0, 0, 0, 0, 0, 0, 0, 0, 0, 0, 0, 0, 0, 0, 0, 0, 0, 0, 0, 0, 0, 0, 0, 0, 0, 0, 0, 0, 0, 0, 0, 0, 0, 0, 0, 0, 0, 0, 0, 0, 0, 0, 0, 0, 0, 0, 0, 0, 0, 0, 0, 0, 0, 0, 0, 0, 0, 0, 0, 0, 0, 0, 0, 0, 0, 0, 0, 0, 0, 0, 0, 0, 0, 0, 0, 0, 0, 0, 0, 0, 0, 0, 0, 0, 0, 0, 0]

decode|19177.86|47941.09| op = [105, 105, 107, 102]| tp = [1, 1, 1, 1, ] | dp = [2, 2, 2, 2, ] | algo = [0, 0, 0, 0, ] | rc = [34, 28, 18, 12] | gpus = [2, 2, 2, 2] | micro_bs = 8 | time = [19121, 18596, 18769, 19177] | memory = [47508, 47859, 47293, 47941]
验证解
line465:max stage:3, min stage:1, max_value:19177.863219483927, min_value:18596.164960522266
fix|19127.09|47941.09| op = [105, 106, 107, 101]| tp = [1, 1, 1, 1, ] | dp = [2, 2, 2, 2, ] | algo = [0, 0, 0, 0, ] | rc = [34, 26, 23, 10] | gpus = [2, 2, 2, 2] | micro_bs = 8 | time = [19123, 18771, 19127, 18792] | memory = [47508, 46407, 47425, 47941]
best|19127.09|47941.09| op = [105, 106, 107, 101]| tp = [1, 1, 1, 1, ] | dp = [2, 2, 2, 2, ] | algo = [0, 0, 0, 0, ] | rc = [34, 26, 23, 10] | gpus = [2, 2, 2, 2] | micro_bs = 8 | time = [19123, 18771, 19127, 18792] | memory = [47508, 46407, 47425, 47941]
line146:config.memory_list:[47508.09200000005, 46407.162000000055, 47425.984000000026, 47941.09400000001]
line147:config.time_list:[19123.852290040035, 18771.0834235828, 19127.089285173843, 18792.03063600886]
求解成功
config has been saved to /home/liminglong.lml/sxz/SuperScaler/logs-large/aceso/configs/mbs/512/gpt_2_6B_4stages_2026-5-15-13-23-1.json

========== Best Result (num_stages = 4) ==========
|19127.09|47941.09| op = [105, 106, 107, 101]| tp = [1, 1, 1, 1, ] | dp = [2, 2, 2, 2, ] | algo = [0, 0, 0, 0, ] | rc = [34, 26, 23, 10] | gpus = [2, 2, 2, 2] | micro_bs = 8 | time = [19123, 18771, 19127, 18792] | memory = [47508, 46407, 47425, 47941]
start|19418.61|47861.09| op = [105, 105, 105, 104]| tp = [1, 1, 1, 1, ] | dp = [2, 2, 2, 2, ] | algo = [0, 0, 0, 0, ] | rc = [34, 28, 16, 14] | gpus = [2, 2, 2, 2] | micro_bs = 8 | time = [19113, 18588, 18015, 19418] | memory = [47508, 47859, 46269, 47861]
fix|19437.59|47941.09| op = [105, 105, 106, 103]| tp = [1, 1, 1, 1, ] | dp = [2, 2, 2, 2, ] | algo = [0, 0, 0, 0, ] | rc = [34, 28, 18, 13] | gpus = [2, 2, 2, 2] | micro_bs = 8 | time = [19122, 18597, 18588, 19437] | memory = [47508, 47859, 47293, 47941]
fix|19177.86|47941.09| op = [105, 105, 107, 102]| tp = [1, 1, 1, 1, ] | dp = [2, 2, 2, 2, ] | algo = [0, 0, 0, 0, ] | rc = [34, 28, 18, 12] | gpus = [2, 2, 2, 2] | micro_bs = 8 | time = [19121, 18596, 18769, 19177] | memory = [47508, 47859, 47293, 47941]
best|19177.86|47941.09| op = [105, 105, 107, 102]| tp = [1, 1, 1, 1, ] | dp = [2, 2, 2, 2, ] | algo = [0, 0, 0, 0, ] | rc = [34, 28, 18, 12] | gpus = [2, 2, 2, 2] | micro_bs = 8 | time = [19121, 18596, 18769, 19177] | memory = [47508, 47859, 47293, 47941]
decode|19177.86|47941.09| op = [105, 105, 107, 102]| tp = [1, 1, 1, 1, ] | dp = [2, 2, 2, 2, ] | algo = [0, 0, 0, 0, ] | rc = [34, 28, 18, 12] | gpus = [2, 2, 2, 2] | micro_bs = 8 | time = [19121, 18596, 18769, 19177] | memory = [47508, 47859, 47293, 47941]
fix|19127.09|47941.09| op = [105, 106, 107, 101]| tp = [1, 1, 1, 1, ] | dp = [2, 2, 2, 2, ] | algo = [0, 0, 0, 0, ] | rc = [34, 26, 23, 10] | gpus = [2, 2, 2, 2] | micro_bs = 8 | time = [19123, 18771, 19127, 18792] | memory = [47508, 46407, 47425, 47941]
best|19127.09|47941.09| op = [105, 106, 107, 101]| tp = [1, 1, 1, 1, ] | dp = [2, 2, 2, 2, ] | algo = [0, 0, 0, 0, ] | rc = [34, 26, 23, 10] | gpus = [2, 2, 2, 2] | micro_bs = 8 | time = [19123, 18771, 19127, 18792] | memory = [47508, 46407, 47425, 47941]

num_targets: []
num_hops: []
search time = 0.00 s.  [0] 
num_explored_cases = 0
time trend: [19418]

stage 4 search time: 0.50 s
working on num_stages = 5
start|21716.39|47877.20| op = [105, 105, 105, 52, 52]| tp = [1, 1, 1, 1, 1, ] | dp = [2, 2, 2, 1, 1, ] | algo = [0, 0, 0, 0, 0, ] | rc = [40, 30, 26, 10, 8] | gpus = [2, 2, 2, 1, 1] | micro_bs = 8 | time = [19857, 19066, 19066, 18165, 21716] | memory = [47633, 46788, 46406, 46786, 47877]
line465:max stage:4, min stage:3, max_value:21716.38690672171, min_value:18165.07499696321
fix|22035.90|47717.20| op = [105, 105, 105, 53, 51]| tp = [1, 1, 1, 1, 1, ] | dp = [2, 2, 2, 1, 1, ] | algo = [0, 0, 0, 0, 0, ] | rc = [40, 30, 26, 12, 9] | gpus = [2, 2, 2, 1, 1] | micro_bs = 8 | time = [19880, 19089, 19089, 19315, 22035] | memory = [47633, 46788, 46406, 46786, 47717]
cv:0.05608535538097824
line465:max stage:4, min stage:1, max_value:22035.901669632156, min_value:19089.418916102313
fix|21532.51|47717.20| op = [105, 106, 105, 53, 50]| tp = [1, 1, 1, 1, 1, ] | dp = [2, 2, 2, 1, 1, ] | algo = [0, 0, 0, 0, 0, ] | rc = [40, 30, 28, 13, 8] | gpus = [2, 2, 2, 1, 1] | micro_bs = 8 | time = [19892, 19406, 19395, 19986, 21532] | memory = [47633, 47568, 45986, 46466, 47717]
cv:0.03908326565219513
line465:max stage:4, min stage:2, max_value:21532.513836519433, min_value:19395.96090711622
fix|20762.79|47717.20| op = [105, 106, 106, 53, 49]| tp = [1, 1, 1, 1, 1, ] | dp = [2, 2, 2, 1, 1, ] | algo = [0, 0, 0, 0, 0, ] | rc = [40, 30, 28, 17, 6] | gpus = [2, 2, 2, 1, 1] | micro_bs = 8 | time = [19894, 19408, 19580, 20723, 20762] | memory = [47633, 47568, 45986, 47490, 47717]
cv:0.028307498248786665
line465:max stage:4, min stage:1, max_value:20762.788185519432, min_value:19408.96718352518
fix|20324.75|47633.12| op = [105, 107, 106, 53, 48]| tp = [1, 1, 1, 1, 1, ] | dp = [2, 2, 2, 1, 1, ] | algo = [0, 0, 0, 0, 0, ] | rc = [40, 32, 34, 12, 0] | gpus = [2, 2, 2, 1, 1] | micro_bs = 8 | time = [19864, 19942, 20324, 19262, 18941] | memory = [47633, 47568, 46514, 46626, 45909]
cv:0.02530398103176747
line465:max stage:2, min stage:4, max_value:20324.749127146824, min_value:18941.334632646467
fix|20776.22|47858.98| op = [105, 107, 105, 53, 49]| tp = [1, 1, 1, 1, 1, ] | dp = [2, 2, 2, 1, 1, ] | algo = [0, 0, 0, 0, 0, ] | rc = [40, 32, 31, 17, 6] | gpus = [2, 2, 2, 1, 1] | micro_bs = 8 | time = [19907, 19986, 19876, 20737, 20776] | memory = [47633, 47568, 47858, 47490, 47717]
cv:0.020236565203905786
line465:max stage:4, min stage:2, max_value:20776.21993849301, min_value:19876.199917757483
fix|45861.70|51344.25| op = [105, 107, 106, 53, 48]| tp = [1, 1, 1, 1, 2, ] | dp = [2, 2, 1, 1, 1, ] | algo = [0, 0, 0, 0, 0, ] | rc = [40, 32, 106, 12, 0] | gpus = [2, 2, 1, 1, 2] | micro_bs = 8 | time = [20308, 20387, 45861, 19706, 22273] | memory = [47633, 47568, 51344, 46626, 24155]
line465:max stage:2, min stage:4, max_value:51344.25, min_value:24155.203
fix|42908.00|47790.00| op = [105, 107, 105, 53, 49]| tp = [1, 1, 2, 1, 1, ] | dp = [2, 2, 1, 1, 1, ] | algo = [0, 0, 0, 0, 0, ] | rc = [40, 32, 29, 17, 6] | gpus = [2, 2, 2, 1, 1] | micro_bs = 8 | time = [20267, 20346, 42908, 21096, 21136] | memory = [47633, 47568, 47790, 47490, 47717]
cv:0.35330344686077725
line465:max stage:2, min stage:0, max_value:42908.001235523865, min_value:20267.773264546093
fix|42648.18|47833.43| op = [106, 107, 104, 53, 49]| tp = [1, 1, 2, 1, 1, ] | dp = [2, 2, 1, 1, 1, ] | algo = [0, 0, 0, 0, 0, ] | rc = [40, 32, 28, 17, 6] | gpus = [2, 2, 2, 1, 1] | micro_bs = 8 | time = [20300, 20515, 42648, 21096, 21135] | memory = [47833, 47567, 47790, 47490, 47717]
cv:0.3484851342581909
line465:max stage:2, min stage:0, max_value:42648.18454940919, min_value:20300.239593819177
fix|42280.99|47933.43| op = [107, 107, 103, 53, 49]| tp = [1, 1, 2, 1, 1, ] | dp = [2, 2, 1, 1, 1, ] | algo = [0, 0, 0, 0, 0, ] | rc = [42, 49, 26, 17, 6] | gpus = [2, 2, 2, 1, 1] | micro_bs = 8 | time = [20765, 21721, 42280, 21115, 21154] | memory = [47933, 47747, 47790, 47490, 47717]
cv:0.33226739581617454
line465:max stage:2, min stage:0, max_value:42280.98634593412, min_value:20765.14685587971
fix|41700.24|47773.43| op = [108, 107, 102, 53, 49]| tp = [1, 1, 2, 1, 1, ] | dp = [2, 2, 1, 1, 1, ] | algo = [0, 0, 0, 0, 0, ] | rc = [54, 35, 24, 17, 6] | gpus = [2, 2, 2, 1, 1] | micro_bs = 8 | time = [22217, 20713, 41700, 21113, 21152] | memory = [47773, 46947, 47670, 47490, 47717]
cv:0.32212933526311466
line465:max stage:2, min stage:1, max_value:41700.24055513447, min_value:20713.591013731642
fix|40902.33|47773.43| op = [108, 108, 101, 53, 49]| tp = [1, 1, 2, 1, 1, ] | dp = [2, 2, 1, 1, 1, ] | algo = [0, 0, 0, 0, 0, ] | rc = [54, 35, 24, 17, 6] | gpus = [2, 2, 2, 1, 1] | micro_bs = 8 | time = [22206, 20784, 40902, 21102, 21141] | memory = [47773, 47207, 47500, 47490, 47717]
cv:0.31125078629539854
line465:max stage:2, min stage:1, max_value:40902.33393620517, min_value:20784.52445597144
fix|40838.86|47773.43| op = [108, 109, 100, 53, 49]| tp = [1, 1, 2, 1, 1, ] | dp = [2, 2, 1, 1, 1, ] | algo = [0, 0, 0, 0, 0, ] | rc = [54, 35, 24, 17, 6] | gpus = [2, 2, 2, 1, 1] | micro_bs = 8 | time = [22205, 20796, 40838, 21101, 21140] | memory = [47773, 47447, 46900, 47490, 47717]
cv:0.3103352477521322
line465:max stage:2, min stage:1, max_value:40838.86168238005, min_value:20796.344445404156
fix|40814.23|47773.43| op = [108, 110, 99, 53, 49]| tp = [1, 1, 2, 1, 1, ] | dp = [2, 2, 1, 1, 1, ] | algo = [0, 0, 0, 0, 0, ] | rc = [54, 35, 24, 17, 6] | gpus = [2, 2, 2, 1, 1] | micro_bs = 8 | time = [22205, 20830, 40814, 21101, 21141] | memory = [47773, 47608, 46899, 47490, 47717]
cv:0.30976778428031854
line465:max stage:2, min stage:1, max_value:40814.231892120784, min_value:20830.325928997052
fix|39814.41|47773.43| op = [108, 111, 98, 53, 49]| tp = [1, 1, 2, 1, 1, ] | dp = [2, 2, 1, 1, 1, ] | algo = [0, 0, 0, 0, 0, ] | rc = [54, 39, 24, 17, 6] | gpus = [2, 2, 2, 1, 1] | micro_bs = 8 | time = [22200, 21456, 39814, 21096, 21135] | memory = [47773, 47368, 46459, 47490, 47717]
cv:0.29226086114724154
line465:max stage:2, min stage:3, max_value:39814.41495805085, min_value:21096.147437548094
fix|39637.18|47773.43| op = [108, 111, 97, 54, 49]| tp = [1, 1, 2, 1, 1, ] | dp = [2, 2, 1, 1, 1, ] | algo = [0, 0, 0, 0, 0, ] | rc = [54, 39, 24, 18, 6] | gpus = [2, 2, 2, 1, 1] | micro_bs = 8 | time = [22205, 21462, 39637, 21616, 21140] | memory = [47773, 47368, 46459, 47490, 47717]
cv:0.28639310706470855
line465:max stage:2, min stage:4, max_value:39637.18412705087, min_value:21140.607775147248
fix|39054.21|47773.43| op = [108, 111, 96, 54, 50]| tp = [1, 1, 2, 1, 1, ] | dp = [2, 2, 1, 1, 1, ] | algo = [0, 0, 0, 0, 0, ] | rc = [54, 39, 22, 12, 8] | gpus = [2, 2, 2, 1, 1] | micro_bs = 8 | time = [22184, 21441, 39054, 20048, 21891] | memory = [47773, 47368, 46459, 46786, 47717]
cv:0.2849871344206327
line465:max stage:2, min stage:3, max_value:39054.20962124305, min_value:20048.96195504551
fix|40390.62|47773.43| op = [108, 111, 95, 55, 50]| tp = [1, 1, 2, 1, 1, ] | dp = [2, 2, 1, 1, 1, ] | algo = [0, 0, 0, 0, 0, ] | rc = [54, 39, 26, 12, 8] | gpus = [2, 2, 2, 1, 1] | micro_bs = 8 | time = [22213, 21470, 40390, 20608, 21920] | memory = [47773, 47368, 47581, 47246, 47717]
cv:0.2983540121756452
line465:max stage:2, min stage:3, max_value:40390.615394707864, min_value:20608.284708225052
fix|39500.58|47821.28| op = [108, 111, 94, 56, 50]| tp = [1, 1, 2, 1, 1, ] | dp = [2, 2, 1, 1, 1, ] | algo = [0, 0, 0, 0, 0, ] | rc = [54, 39, 24, 12, 8] | gpus = [2, 2, 2, 1, 1] | micro_bs = 8 | time = [22199, 21456, 39500, 20619, 21907] | memory = [47773, 47368, 47821, 47246, 47717]
cv:0.28650403700005356
line465:max stage:2, min stage:3, max_value:39500.58012564732, min_value:20619.304923164527
fix|38647.24|47941.28| op = [108, 111, 93, 57, 50]| tp = [1, 1, 2, 1, 1, ] | dp = [2, 2, 1, 1, 1, ] | algo = [0, 0, 0, 0, 0, ] | rc = [54, 39, 22, 12, 8] | gpus = [2, 2, 2, 1, 1] | micro_bs = 8 | time = [22187, 21444, 38647, 20669, 21894] | memory = [47773, 47368, 47941, 47646, 47717]
cv:0.2746824757515834
line465:max stage:2, min stage:3, max_value:38647.24269144479, min_value:20669.54227996198
fix|36858.65|47981.28| op = [108, 111, 92, 58, 50]| tp = [1, 1, 2, 1, 1, ] | dp = [2, 2, 1, 1, 1, ] | algo = [0, 0, 0, 0, 0, ] | rc = [54, 39, 20, 16, 8] | gpus = [2, 2, 2, 1, 1] | micro_bs = 8 | time = [22178, 21435, 36858, 21885, 21885] | memory = [47773, 47368, 47981, 47406, 47717]
cv:0.24184630875158247
line465:max stage:2, min stage:1, max_value:36858.652940770015, min_value:21435.500797200184
fix|36814.94|47773.43| op = [108, 112, 91, 58, 50]| tp = [1, 1, 2, 1, 1, ] | dp = [2, 2, 1, 1, 1, ] | algo = [0, 0, 0, 0, 0, ] | rc = [54, 41, 20, 16, 8] | gpus = [2, 2, 2, 1, 1] | micro_bs = 8 | time = [22180, 21623, 36814, 21887, 21888] | memory = [47773, 47368, 47501, 47406, 47717]
cv:0.23998407186031145
line465:max stage:2, min stage:1, max_value:36814.93828262734, min_value:21623.4012499213
fix|35787.99|47928.22| op = [108, 113, 90, 58, 50]| tp = [1, 1, 2, 1, 1, ] | dp = [2, 2, 1, 1, 1, ] | algo = [0, 0, 0, 0, 0, ] | rc = [54, 41, 20, 16, 8] | gpus = [2, 2, 2, 1, 1] | micro_bs = 8 | time = [22169, 21899, 35787, 21876, 21876] | memory = [47773, 47928, 46821, 47406, 47717]
cv:0.22385852181151208
line465:max stage:2, min stage:3, max_value:35787.99033592434, min_value:21876.238368146507
fix|35746.02|47928.22| op = [108, 113, 89, 59, 50]| tp = [1, 1, 2, 1, 1, ] | dp = [2, 2, 1, 1, 1, ] | algo = [0, 0, 0, 0, 0, ] | rc = [54, 41, 20, 18, 8] | gpus = [2, 2, 2, 1, 1] | micro_bs = 8 | time = [22173, 21903, 35746, 22175, 21880] | memory = [47773, 47928, 46341, 47406, 47717]
cv:0.22145459372336718
line465:max stage:2, min stage:4, max_value:35746.01746903271, min_value:21880.509279316833
fix|34827.80|47966.25| op = [108, 113, 88, 59, 51]| tp = [1, 1, 2, 1, 1, ] | dp = [2, 2, 1, 1, 1, ] | algo = [0, 0, 0, 0, 0, ] | rc = [54, 41, 22, 18, 9] | gpus = [2, 2, 2, 1, 1] | micro_bs = 8 | time = [22171, 21900, 34827, 22437, 22393] | memory = [47773, 47928, 47773, 47966, 47717]
cv:0.2038481980499975
line465:max stage:2, min stage:1, max_value:34827.799352862174, min_value:21900.862148884273
fix|34627.36|47966.25| op = [108, 114, 87, 59, 51]| tp = [1, 1, 2, 1, 1, ] | dp = [2, 2, 1, 1, 1, ] | algo = [0, 0, 0, 0, 0, ] | rc = [54, 43, 20, 18, 9] | gpus = [2, 2, 2, 1, 1] | micro_bs = 8 | time = [22170, 22052, 34627, 22436, 22392] | memory = [47773, 47528, 47653, 47966, 47717]
cv:0.2000245619952556
line465:max stage:2, min stage:1, max_value:34627.35514903707, min_value:22052.287433316982
fix|34602.70|47966.25| op = [108, 115, 86, 59, 51]| tp = [1, 1, 2, 1, 1, ] | dp = [2, 2, 1, 1, 1, ] | algo = [0, 0, 0, 0, 0, ] | rc = [54, 43, 20, 18, 9] | gpus = [2, 2, 2, 1, 1] | micro_bs = 8 | time = [22170, 22085, 34602, 22436, 22392] | memory = [47773, 47688, 47652, 47966, 47717]
cv:0.19946340432610138
line465:max stage:2, min stage:1, max_value:34602.70302777778, min_value:22085.76929790988
fix|33487.42|47966.25| op = [108, 116, 85, 59, 51]| tp = [1, 1, 2, 1, 1, ] | dp = [2, 2, 1, 1, 1, ] | algo = [0, 0, 0, 0, 0, ] | rc = [54, 45, 18, 18, 9] | gpus = [2, 2, 2, 1, 1] | micro_bs = 8 | time = [22159, 22520, 33487, 22426, 22382] | memory = [47773, 47828, 47742, 47966, 47717]
cv:0.1808331167409621
line465:max stage:2, min stage:0, max_value:33487.42165314565, min_value:22159.965582479323
fix|33644.31|47966.25| op = [109, 116, 84, 59, 51]| tp = [1, 1, 2, 1, 1, ] | dp = [2, 2, 1, 1, 1, ] | algo = [0, 0, 0, 0, 0, ] | rc = [44, 58, 19, 18, 9] | gpus = [2, 2, 2, 1, 1] | micro_bs = 8 | time = [21460, 23667, 33644, 22435, 22391] | memory = [47933, 47644, 47502, 47966, 47717]
cv:0.1827280391240232
line465:max stage:2, min stage:0, max_value:33644.31488256471, min_value:21460.624207433804
fix|33395.02|47966.25| op = [110, 116, 83, 59, 51]| tp = [1, 1, 2, 1, 1, ] | dp = [2, 2, 1, 1, 1, ] | algo = [0, 0, 0, 0, 0, ] | rc = [76, 44, 18, 18, 9] | gpus = [2, 2, 2, 1, 1] | micro_bs = 8 | time = [23374, 22638, 33395, 22444, 22401] | memory = [47770, 47828, 47502, 47966, 47717]
cv:0.17248312908021665
line465:max stage:2, min stage:4, max_value:33395.01744156471, min_value:22401.26098537978
fix|33310.82|47966.50| op = [110, 116, 82, 59, 52]| tp = [1, 1, 2, 1, 1, ] | dp = [2, 2, 1, 1, 1, ] | algo = [0, 0, 0, 0, 0, ] | rc = [76, 44, 18, 16, 8] | gpus = [2, 2, 2, 1, 1] | micro_bs = 8 | time = [23351, 22615, 33310, 21320, 22081] | memory = [47770, 47828, 47262, 47966, 47877]
cv:0.18085627852224667
line465:max stage:2, min stage:3, max_value:33310.81693375309, min_value:21320.306631573785
fix|33276.62|47877.20| op = [110, 116, 81, 60, 52]| tp = [1, 1, 2, 1, 1, ] | dp = [2, 2, 1, 1, 1, ] | algo = [0, 0, 0, 0, 0, ] | rc = [76, 44, 18, 12, 8] | gpus = [2, 2, 2, 1, 1] | micro_bs = 8 | time = [23343, 22607, 33276, 20848, 22073] | memory = [47770, 47828, 46902, 46190, 47877]
cv:0.1841006090737647
line465:max stage:2, min stage:3, max_value:33276.624961550544, min_value:20848.846716371238
fix|32476.62|47877.20| op = [110, 116, 80, 61, 52]| tp = [1, 1, 2, 1, 1, ] | dp = [2, 2, 1, 1, 1, ] | algo = [0, 0, 0, 0, 0, ] | rc = [76, 44, 18, 12, 8] | gpus = [2, 2, 2, 1, 1] | micro_bs = 8 | time = [23333, 22597, 32476, 21001, 22063] | memory = [47770, 47828, 46612, 46450, 47877]
cv:0.17127284459158537
line465:max stage:2, min stage:3, max_value:32476.622615827313, min_value:21001.5551463689
fix|32820.26|47877.20| op = [110, 116, 79, 62, 52]| tp = [1, 1, 2, 1, 1, ] | dp = [2, 2, 1, 1, 1, ] | algo = [0, 0, 0, 0, 0, ] | rc = [76, 44, 21, 14, 8] | gpus = [2, 2, 2, 1, 1] | micro_bs = 8 | time = [23357, 22621, 32820, 22197, 22087] | memory = [47770, 47828, 47260, 46610, 47877]
cv:0.16760706419085286
line465:max stage:2, min stage:4, max_value:32820.26462615662, min_value:22087.134718556503
fix|32214.71|47937.20| op = [110, 116, 78, 62, 53]| tp = [1, 1, 2, 1, 1, ] | dp = [2, 2, 1, 1, 1, ] | algo = [0, 0, 0, 0, 0, ] | rc = [76, 44, 16, 22, 10] | gpus = [2, 2, 2, 1, 1] | micro_bs = 8 | time = [23375, 22639, 32214, 23175, 22909] | memory = [47770, 47828, 46492, 47366, 47937]
cv:0.14818178953853997
line465:max stage:2, min stage:1, max_value:32214.707622297046, min_value:22639.617620120764
fix|31854.38|47937.20| op = [110, 117, 77, 62, 53]| tp = [1, 1, 2, 1, 1, ] | dp = [2, 2, 1, 1, 1, ] | algo = [0, 0, 0, 0, 0, ] | rc = [76, 80, 14, 22, 10] | gpus = [2, 2, 2, 1, 1] | micro_bs = 8 | time = [23402, 24731, 31854, 23202, 22935] | memory = [47770, 46682, 46492, 47366, 47937]
cv:0.13366976761326568
line465:max stage:2, min stage:4, max_value:31854.383844297052, min_value:22935.87434662041
fix|31672.23|47937.33| op = [110, 117, 76, 62, 54]| tp = [1, 1, 2, 1, 1, ] | dp = [2, 2, 1, 1, 1, ] | algo = [0, 0, 0, 0, 0, ] | rc = [76, 80, 14, 21, 10] | gpus = [2, 2, 2, 1, 1] | micro_bs = 8 | time = [23402, 24731, 31672, 23383, 22960] | memory = [47770, 46682, 46492, 47846, 47937]
cv:0.12983239786863515
line465:max stage:2, min stage:4, max_value:31672.230725772108, min_value:22960.776570559883
fix|31101.76|47926.25| op = [110, 117, 75, 62, 55]| tp = [1, 1, 2, 1, 1, ] | dp = [2, 2, 1, 1, 1, ] | algo = [0, 0, 0, 0, 0, ] | rc = [76, 80, 12, 20, 12] | gpus = [2, 2, 2, 1, 1] | micro_bs = 8 | time = [23393, 24722, 31101, 23051, 23288] | memory = [47770, 46682, 46492, 47926, 47817]
cv:0.12150979365997103
line465:max stage:2, min stage:3, max_value:31101.758611158057, min_value:23051.3019522556
fix|30093.62|47817.33| op = [110, 117, 74, 63, 55]| tp = [1, 1, 2, 1, 1, ] | dp = [2, 2, 1, 1, 1, ] | algo = [0, 0, 0, 0, 0, ] | rc = [76, 80, 12, 16, 12] | gpus = [2, 2, 2, 1, 1] | micro_bs = 8 | time = [23378, 24707, 30093, 23039, 23272] | memory = [47770, 46682, 45982, 46210, 47817]
cv:0.10692370998608357
line465:max stage:2, min stage:3, max_value:30093.623044622876, min_value:23039.366730435144
fix|29882.96|47817.33| op = [110, 117, 73, 64, 55]| tp = [1, 1, 2, 1, 1, ] | dp = [2, 2, 1, 1, 1, ] | algo = [0, 0, 0, 0, 0, ] | rc = [76, 80, 10, 16, 12] | gpus = [2, 2, 2, 1, 1] | micro_bs = 8 | time = [23375, 24704, 29882, 23061, 23269] | memory = [47770, 46682, 47790, 46210, 47817]
cv:0.1036960832442577
line465:max stage:2, min stage:3, max_value:29882.961279562347, min_value:23061.002156374612
fix|29858.03|47817.33| op = [110, 117, 72, 65, 55]| tp = [1, 1, 2, 1, 1, ] | dp = [2, 2, 1, 1, 1, ] | algo = [0, 0, 0, 0, 0, ] | rc = [76, 80, 10, 16, 12] | gpus = [2, 2, 2, 1, 1] | micro_bs = 8 | time = [23375, 24704, 29858, 23124, 23270] | memory = [47770, 46682, 47430, 46610, 47817]
cv:0.10291557872031533
line465:max stage:2, min stage:3, max_value:29858.029989359802, min_value:23124.183359172068
fix|28889.15|47817.33| op = [110, 117, 71, 66, 55]| tp = [1, 1, 2, 1, 1, ] | dp = [2, 2, 1, 1, 1, ] | algo = [0, 0, 0, 0, 0, ] | rc = [76, 80, 10, 16, 12] | gpus = [2, 2, 2, 1, 1] | micro_bs = 8 | time = [23371, 24700, 28889, 23796, 23265] | memory = [47770, 46682, 46990, 47650, 47817]
cv:0.08481921563178603
line465:max stage:2, min stage:4, max_value:28889.15297268504, min_value:23265.933223749846
fix|28856.33|47817.08| op = [110, 117, 70, 66, 56]| tp = [1, 1, 2, 1, 1, ] | dp = [2, 2, 1, 1, 1, ] | algo = [0, 0, 0, 0, 0, ] | rc = [76, 80, 10, 16, 23] | gpus = [2, 2, 2, 1, 1] | micro_bs = 8 | time = [23384, 24713, 28856, 23350, 24609] | memory = [47770, 46682, 46510, 47730, 47817]
cv:0.08092044066748018
line465:max stage:2, min stage:3, max_value:28856.33046282735, min_value:23350.718059238014
fix|27807.80|47817.08| op = [110, 117, 69, 67, 56]| tp = [1, 1, 2, 1, 1, ] | dp = [2, 2, 1, 1, 1, ] | algo = [0, 0, 0, 0, 0, ] | rc = [76, 80, 10, 18, 23] | gpus = [2, 2, 2, 1, 1] | micro_bs = 8 | time = [23380, 24710, 27807, 24179, 24606] | memory = [47770, 46682, 45830, 47650, 47817]
cv:0.060543869144489844
line465:max stage:2, min stage:0, max_value:27807.796795656803, min_value:23380.9236015259
fix|27299.65|47817.08| op = [111, 117, 68, 67, 56]| tp = [1, 1, 2, 1, 1, ] | dp = [2, 2, 1, 1, 1, ] | algo = [0, 0, 0, 0, 0, ] | rc = [48, 36, 10, 18, 23] | gpus = [2, 2, 2, 1, 1] | micro_bs = 8 | time = [21840, 21731, 27299, 24103, 24530] | memory = [47333, 46932, 42638, 47650, 47817]
cv:0.08562375968989527
line465:max stage:2, min stage:1, max_value:27299.654001385057, min_value:21731.656214034774
fix|26501.75|47817.08| op = [111, 118, 67, 67, 56]| tp = [1, 1, 2, 1, 1, ] | dp = [2, 2, 1, 1, 1, ] | algo = [0, 0, 0, 0, 0, ] | rc = [48, 36, 10, 18, 23] | gpus = [2, 2, 2, 1, 1] | micro_bs = 8 | time = [21828, 21802, 26501, 24092, 24518] | memory = [47333, 47192, 42468, 47650, 47817]
cv:0.07476431536517367
line465:max stage:2, min stage:1, max_value:26501.747382455753, min_value:21802.589656274573
fix|26438.28|47817.08| op = [111, 119, 66, 67, 56]| tp = [1, 1, 2, 1, 1, ] | dp = [2, 2, 1, 1, 1, ] | algo = [0, 0, 0, 0, 0, ] | rc = [48, 36, 10, 18, 23] | gpus = [2, 2, 2, 1, 1] | micro_bs = 8 | time = [21828, 21814, 26438, 24091, 24518] | memory = [47333, 47432, 41868, 47650, 47817]
cv:0.07386582546239548
line465:max stage:2, min stage:1, max_value:26438.275128630637, min_value:21814.40964570729
fix|26413.65|47817.08| op = [111, 120, 65, 67, 56]| tp = [1, 1, 2, 1, 1, ] | dp = [2, 2, 1, 1, 1, ] | algo = [0, 0, 0, 0, 0, ] | rc = [48, 36, 10, 18, 23] | gpus = [2, 2, 2, 1, 1] | micro_bs = 8 | time = [21828, 21848, 26413, 24091, 24518] | memory = [47333, 47592, 41867, 47650, 47817]
cv:0.07322706984644665
line465:max stage:2, min stage:0, max_value:26413.645338371363, min_value:21828.34069129301
fix|25411.61|47817.08| op = [112, 120, 64, 67, 56]| tp = [1, 1, 2, 1, 1, ] | dp = [2, 2, 1, 1, 1, ] | algo = [0, 0, 0, 0, 0, ] | rc = [48, 38, 10, 18, 23] | gpus = [2, 2, 2, 1, 1] | micro_bs = 8 | time = [21902, 22250, 25411, 24083, 24510] | memory = [47633, 47732, 41427, 47650, 47817]
cv:0.056901765105237215
line465:max stage:2, min stage:0, max_value:25411.6107296652, min_value:21902.499259826258
fix|25365.34|47972.71| op = [113, 120, 63, 67, 56]| tp = [1, 1, 2, 1, 1, ] | dp = [2, 2, 1, 1, 1, ] | algo = [0, 0, 0, 0, 0, ] | rc = [48, 38, 10, 18, 23] | gpus = [2, 2, 2, 1, 1] | micro_bs = 8 | time = [21914, 22262, 25365, 24083, 24510] | memory = [47933, 47972, 40947, 47650, 47817]
cv:0.05615875028386213
line465:max stage:2, min stage:0, max_value:25365.339722273446, min_value:21914.775793224828
fix|24503.22|47892.46| op = [114, 120, 62, 67, 56]| tp = [1, 1, 2, 1, 1, ] | dp = [2, 2, 1, 1, 1, ] | algo = [0, 0, 0, 0, 0, ] | rc = [50, 40, 10, 18, 23] | gpus = [2, 2, 2, 1, 1] | micro_bs = 8 | time = [22081, 22670, 24343, 24076, 24503] | memory = [47333, 47892, 40267, 47650, 47817]
cv:0.04138862558133966
line465:max stage:4, min stage:0, max_value:24503.221725859567, min_value:22081.547020309303
fix|25323.37|47817.33| op = [115, 120, 62, 67, 55]| tp = [1, 1, 2, 1, 1, ] | dp = [2, 2, 1, 1, 1, ] | algo = [0, 0, 0, 0, 0, ] | rc = [52, 40, 10, 18, 12] | gpus = [2, 2, 2, 1, 1] | micro_bs = 8 | time = [22571, 22354, 25323, 24041, 23169] | memory = [47733, 47572, 40347, 47650, 47817]
cv:0.046244628825776284
line465:max stage:2, min stage:1, max_value:25323.37437359581, min_value:22354.77433155299
fix|25298.72|47817.33| op = [115, 121, 61, 67, 55]| tp = [1, 1, 2, 1, 1, ] | dp = [2, 2, 1, 1, 1, ] | algo = [0, 0, 0, 0, 0, ] | rc = [52, 40, 10, 18, 12] | gpus = [2, 2, 2, 1, 1] | micro_bs = 8 | time = [22571, 22388, 25298, 24041, 23169] | memory = [47733, 47732, 40347, 47650, 47817]
cv:0.045590240472919395
line465:max stage:2, min stage:1, max_value:25298.722252336534, min_value:22388.256196145892
fix|24323.27|47872.79| op = [115, 122, 60, 67, 55]| tp = [1, 1, 2, 1, 1, ] | dp = [2, 2, 1, 1, 1, ] | algo = [0, 0, 0, 0, 0, ] | rc = [52, 42, 10, 18, 12] | gpus = [2, 2, 2, 1, 1] | micro_bs = 8 | time = [22562, 22807, 24323, 24032, 23160] | memory = [47733, 47872, 39957, 47650, 47817]
cv:0.029382594884094518
line465:max stage:2, min stage:0, max_value:24323.267736704383, min_value:22562.62014671533
fix|24419.78|47817.33| op = [116, 122, 59, 67, 55]| tp = [1, 1, 2, 1, 1, ] | dp = [2, 2, 1, 1, 1, ] | algo = [0, 0, 0, 0, 0, ] | rc = [54, 55, 10, 18, 12] | gpus = [2, 2, 2, 1, 1] | micro_bs = 8 | time = [22773, 24163, 24419, 24057, 23186] | memory = [47733, 47488, 39717, 47650, 47817]
cv:0.026539836623309276
line465:max stage:2, min stage:0, max_value:24419.777082448138, min_value:22773.499767722096
fix|24221.49|47853.74| op = [117, 122, 58, 67, 55]| tp = [1, 1, 2, 1, 1, ] | dp = [2, 2, 1, 1, 1, ] | algo = [0, 0, 0, 0, 0, ] | rc = [55, 40, 10, 18, 12] | gpus = [2, 2, 2, 1, 1] | micro_bs = 8 | time = [23154, 22939, 24221, 24042, 23170] | memory = [47853, 47472, 39717, 47650, 47817]
cv:0.022158209465032892
line465:max stage:2, min stage:1, max_value:24221.488094658656, min_value:22939.604718774335
fix|25295.92|47853.74| op = [117, 123, 57, 67, 55]| tp = [1, 1, 2, 1, 1, ] | dp = [2, 2, 1, 1, 1, ] | algo = [0, 0, 0, 0, 0, ] | rc = [55, 65, 8, 18, 12] | gpus = [2, 2, 2, 1, 1] | micro_bs = 8 | time = [23185, 25295, 23865, 24072, 23201] | memory = [47853, 47848, 39717, 47650, 47817]
cv:0.032247149932016925
line465:max stage:1, min stage:0, max_value:25295.922660774337, min_value:23185.299705563884
fix|25152.22|47928.71| op = [118, 122, 57, 67, 55]| tp = [1, 1, 2, 1, 1, ] | dp = [2, 2, 1, 1, 1, ] | algo = [0, 0, 0, 0, 0, ] | rc = [56, 64, 8, 18, 12] | gpus = [2, 2, 2, 1, 1] | micro_bs = 8 | time = [23306, 25152, 23864, 24072, 23200] | memory = [47553, 47928, 39717, 47650, 47817]
cv:0.029190884737104354
line465:max stage:1, min stage:4, max_value:25152.21812517939, min_value:23200.848363338184
fix|24505.29|47817.08| op = [118, 121, 57, 67, 56]| tp = [1, 1, 2, 1, 1, ] | dp = [2, 2, 1, 1, 1, ] | algo = [0, 0, 0, 0, 0, ] | rc = [56, 38, 10, 18, 23] | gpus = [2, 2, 2, 1, 1] | micro_bs = 8 | time = [23280, 22770, 23180, 24078, 24505] | memory = [47553, 47712, 39037, 47650, 47817]
cv:0.026895193108142004
line465:max stage:4, min stage:1, max_value:24505.292151489048, min_value:22770.319570761465
fix|52141.92|52908.75| op = [118, 122, 57, 67, 55]| tp = [1, 1, 2, 1, 2, ] | dp = [2, 1, 1, 1, 1, ] | algo = [0, 0, 0, 0, 0, ] | rc = [56, 121, 8, 18, 0] | gpus = [2, 1, 2, 1, 2] | micro_bs = 8 | time = [23740, 52141, 24298, 24506, 24385] | memory = [47553, 52908, 39717, 47650, 28033]
line465:max stage:1, min stage:4, max_value:52908.75, min_value:28033.333000000002
best|20324.75|47633.12| op = [105, 107, 106, 53, 48]| tp = [1, 1, 1, 1, 1, ] | dp = [2, 2, 2, 1, 1, ] | algo = [0, 0, 0, 0, 0, ] | rc = [40, 32, 34, 12, 0] | gpus = [2, 2, 2, 1, 1] | micro_bs = 8 | time = [19864, 19942, 20324, 19262, 18941] | memory = [47633, 47568, 46514, 46626, 45909]
line146:config.memory_list:[47633.11500000006, 47568.21600000007, 46514.97600000004, 46626.0, 45909.203]
line147:config.time_list:[19864.54897234533, 19942.921707555775, 20324.749127146824, 19262.118509047323, 18941.334632646467]
------------------------------------------------------------------------------------------------------
cegis_search for the 0th times
开始求解check...
line351:
tp_list[1, 1, 1, 1, 1, 1, 1, 1, 1, 1, 1, 1, 1, 1, 1, 1, 1, 1, 1, 1, 1, 1, 1, 1, 1, 1, 1, 1, 1, 1, 1, 1, 1, 1, 1, 1, 1, 1, 1, 1, 1, 1, 1, 1, 1, 1, 1, 1, 1, 1, 1, 1, 1, 1, 1, 1, 1, 1, 1, 1, 1, 1, 1, 1, 1, 1, 1, 1, 1, 1, 1, 1, 1, 1, 1, 1, 1, 1, 1, 1, 1, 1, 1, 1, 1, 1, 1, 1, 1, 1, 1, 1, 1, 1, 1, 1, 1, 1, 1, 1, 1, 1, 1, 1, 1, 1, 1, 1, 1, 1, 1, 1, 1, 1, 1, 1, 1, 1, 1, 1, 1, 1, 1, 1, 1, 1, 1, 1, 1, 1, 1, 1, 1, 1, 1, 1, 1, 1, 1, 1, 1, 1, 1, 1, 1, 1, 1, 1, 1, 1, 1, 1, 1, 1, 1, 1, 1, 1, 1, 1, 1, 1, 1, 1, 1, 1, 1, 1, 1, 1, 1, 1, 1, 1, 1, 1, 1, 1, 1, 1, 1, 1, 1, 1, 1, 1, 1, 1, 1, 1, 1, 1, 1, 1, 1, 1, 1, 1, 1, 1, 1, 1, 1, 1, 1, 1, 1, 1, 1, 1, 1, 1, 1, 1, 1, 1, 1, 1, 1, 1, 1, 1, 1, 1, 1, 1, 1, 1, 1, 1, 1, 1, 1, 1, 1, 1, 1, 1, 1, 1, 1, 1, 1, 1, 1, 1, 1, 1, 1, 1, 1, 1, 1, 1, 1, 1, 1, 1, 1, 1, 1, 1, 1, 1, 1, 1, 1, 1, 1, 1, 1, 1, 1, 1, 1, 1, 1, 1, 1, 1, 1, 1, 1, 1, 1, 1, 1, 1, 1, 1, 1, 1, 1, 1, 1, 1, 1, 1, 1, 1, 1, 1, 1, 1, 1, 1, 1, 1, 1, 1, 1, 1, 1, 1, 1, 1, 1, 1, 1, 1, 1, 1, 1, 1, 1, 1, 1, 1, 1, 1, 1, 1, 1, 1, 1, 1, 1, 1, 1, 1, 1, 1, 1, 1, 1, 1, 1, 1, 1, 1, 1, 1, 1, 1, 1, 1, 1, 1, 1, 1, 1, 1, 1, 1, 1, 1, 1, 1, 1, 1, 1, 1, 1, 1, 1, 1, 1, 1, 1, 1, 1, 1, 1, 1, 1, 1, 1, 1, 1, 1, 1, 1, 1, 1, 1, 1, 1, 1, 1, 1, 1, 1, 1, 1, 1, 1, 1, 1, 1, 1, 1, 1, 1, 1, 1, 1, 1, 1, 1]
dp_list[2, 2, 2, 2, 2, 2, 2, 2, 2, 2, 2, 2, 2, 2, 2, 2, 2, 2, 2, 2, 2, 2, 2, 2, 2, 2, 2, 2, 2, 2, 2, 2, 2, 2, 2, 2, 2, 2, 2, 2, 2, 2, 2, 2, 2, 2, 2, 2, 2, 2, 2, 2, 2, 2, 2, 2, 2, 2, 2, 2, 2, 2, 2, 2, 2, 2, 2, 2, 2, 2, 2, 2, 2, 2, 2, 2, 2, 2, 2, 2, 2, 2, 2, 2, 2, 2, 2, 2, 2, 2, 2, 2, 2, 2, 2, 2, 2, 2, 2, 2, 2, 2, 2, 2, 2, 2, 2, 2, 2, 2, 2, 2, 2, 2, 2, 2, 2, 2, 2, 2, 2, 2, 2, 2, 2, 2, 2, 2, 2, 2, 2, 2, 2, 2, 2, 2, 2, 2, 2, 2, 2, 2, 2, 2, 2, 2, 2, 2, 2, 2, 2, 2, 2, 2, 2, 2, 2, 2, 2, 2, 2, 2, 2, 2, 2, 2, 2, 2, 2, 2, 2, 2, 2, 2, 2, 2, 2, 2, 2, 2, 2, 2, 2, 2, 2, 2, 2, 2, 2, 2, 2, 2, 2, 2, 2, 2, 2, 2, 2, 2, 2, 2, 2, 2, 2, 2, 2, 2, 2, 2, 2, 2, 2, 2, 2, 2, 2, 2, 2, 2, 2, 2, 2, 2, 2, 2, 2, 2, 2, 2, 2, 2, 2, 2, 2, 2, 2, 2, 2, 2, 2, 2, 2, 2, 2, 2, 2, 2, 2, 2, 2, 2, 2, 2, 2, 2, 2, 2, 2, 2, 2, 2, 2, 2, 2, 2, 2, 2, 2, 2, 2, 2, 2, 2, 2, 2, 2, 2, 2, 2, 2, 2, 2, 2, 2, 2, 2, 2, 2, 2, 2, 2, 2, 2, 2, 2, 2, 2, 2, 2, 2, 2, 2, 2, 2, 2, 2, 2, 2, 2, 2, 2, 2, 2, 2, 2, 2, 1, 1, 1, 1, 1, 1, 1, 1, 1, 1, 1, 1, 1, 1, 1, 1, 1, 1, 1, 1, 1, 1, 1, 1, 1, 1, 1, 1, 1, 1, 1, 1, 1, 1, 1, 1, 1, 1, 1, 1, 1, 1, 1, 1, 1, 1, 1, 1, 1, 1, 1, 1, 1, 1, 1, 1, 1, 1, 1, 1, 1, 1, 1, 1, 1, 1, 1, 1, 1, 1, 1, 1, 1, 1, 1, 1, 1, 1, 1, 1, 1, 1, 1, 1, 1, 1, 1, 1, 1, 1, 1, 1, 1, 1, 1, 1, 1, 1, 1, 1, 1, 1]
algo_list[0, 0, 0, 0, 0, 0, 0, 0, 0, 0, 0, 0, 0, 0, 0, 0, 0, 0, 0, 0, 0, 0, 0, 0, 0, 0, 0, 0, 0, 0, 0, 0, 0, 0, 0, 0, 0, 0, 0, 0, 0, 0, 0, 0, 0, 0, 0, 0, 0, 0, 0, 0, 0, 0, 0, 0, 0, 0, 0, 0, 0, 0, 0, 0, 0, 0, 0, 0, 0, 0, 0, 0, 0, 0, 0, 0, 0, 0, 0, 0, 0, 0, 0, 0, 0, 0, 0, 0, 0, 0, 0, 0, 0, 0, 0, 0, 0, 0, 0, 0, 0, 0, 0, 0, 0, 0, 0, 0, 0, 0, 0, 0, 0, 0, 0, 0, 0, 0, 0, 0, 0, 0, 0, 0, 0, 0, 0, 0, 0, 0, 0, 0, 0, 0, 0, 0, 0, 0, 0, 0, 0, 0, 0, 0, 0, 0, 0, 0, 0, 0, 0, 0, 0, 0, 0, 0, 0, 0, 0, 0, 0, 0, 0, 0, 0, 0, 0, 0, 0, 0, 0, 0, 0, 0, 0, 0, 0, 0, 0, 0, 0, 0, 0, 0, 0, 0, 0, 0, 0, 0, 0, 0, 0, 0, 0, 0, 0, 0, 0, 0, 0, 0, 0, 0, 0, 0, 0, 0, 0, 0, 0, 0, 0, 0, 0, 0, 0, 0, 0, 0, 0, 0, 0, 0, 0, 0, 0, 0, 0, 0, 0, 0, 0, 0, 0, 0, 0, 0, 0, 0, 0, 0, 0, 0, 0, 0, 0, 0, 0, 0, 0, 0, 0, 0, 0, 0, 0, 0, 0, 0, 0, 0, 0, 0, 0, 0, 0, 0, 0, 0, 0, 0, 0, 0, 0, 0, 0, 0, 0, 0, 0, 0, 0, 0, 0, 0, 0, 0, 0, 0, 0, 0, 0, 0, 0, 0, 0, 0, 0, 0, 0, 0, 0, 0, 0, 0, 0, 0, 0, 0, 0, 0, 0, 0, 0, 0, 0, 0, 0, 0, 0, 0, 0, 0, 0, 0, 0, 0, 0, 0, 0, 0, 0, 0, 0, 0, 0, 0, 0, 0, 0, 0, 0, 0, 0, 0, 0, 0, 0, 0, 0, 0, 0, 0, 0, 0, 0, 0, 0, 0, 0, 0, 0, 0, 0, 0, 0, 0, 0, 0, 0, 0, 0, 0, 0, 0, 0, 0, 0, 0, 0, 0, 0, 0, 0, 0, 0, 0, 0, 0, 0, 0, 0, 0, 0, 0, 0, 0, 0, 0, 0, 0, 0, 0, 0, 0, 0, 0, 0, 0, 0, 0, 0, 0, 0, 0, 0, 0, 0]

decode|20776.22|47858.98| op = [105, 107, 105, 53, 49]| tp = [1, 1, 1, 1, 1, ] | dp = [2, 2, 2, 1, 1, ] | algo = [0, 0, 0, 0, 0, ] | rc = [40, 32, 31, 17, 6] | gpus = [2, 2, 2, 1, 1] | micro_bs = 8 | time = [19907, 19986, 19876, 20737, 20776] | memory = [47633, 47568, 47858, 47490, 47717]
验证解
line465:max stage:4, min stage:2, max_value:20776.21993849301, min_value:19876.199917757483
fix|20324.75|47633.12| op = [105, 107, 106, 53, 48]| tp = [1, 1, 1, 1, 1, ] | dp = [2, 2, 2, 1, 1, ] | algo = [0, 0, 0, 0, 0, ] | rc = [40, 32, 34, 12, 0] | gpus = [2, 2, 2, 1, 1] | micro_bs = 8 | time = [19864, 19942, 20324, 19262, 18941] | memory = [47633, 47568, 46514, 46626, 45909]
cv:0.02530398103176747
line465:max stage:2, min stage:4, max_value:20324.749127146824, min_value:18941.334632646467
fix|20776.22|47858.98| op = [105, 107, 105, 53, 49]| tp = [1, 1, 1, 1, 1, ] | dp = [2, 2, 2, 1, 1, ] | algo = [0, 0, 0, 0, 0, ] | rc = [40, 32, 31, 17, 6] | gpus = [2, 2, 2, 1, 1] | micro_bs = 8 | time = [19907, 19986, 19876, 20737, 20776] | memory = [47633, 47568, 47858, 47490, 47717]
cv:0.020236565203905786
line465:max stage:4, min stage:2, max_value:20776.21993849301, min_value:19876.199917757483
fix|45861.70|51344.25| op = [105, 107, 106, 53, 48]| tp = [1, 1, 1, 1, 2, ] | dp = [2, 2, 1, 1, 1, ] | algo = [0, 0, 0, 0, 0, ] | rc = [40, 32, 106, 12, 0] | gpus = [2, 2, 1, 1, 2] | micro_bs = 8 | time = [20308, 20387, 45861, 19706, 22273] | memory = [47633, 47568, 51344, 46626, 24155]
line465:max stage:2, min stage:4, max_value:51344.25, min_value:24155.203
fix|42908.00|47790.00| op = [105, 107, 105, 53, 49]| tp = [1, 1, 2, 1, 1, ] | dp = [2, 2, 1, 1, 1, ] | algo = [0, 0, 0, 0, 0, ] | rc = [40, 32, 29, 17, 6] | gpus = [2, 2, 2, 1, 1] | micro_bs = 8 | time = [20267, 20346, 42908, 21096, 21136] | memory = [47633, 47568, 47790, 47490, 47717]
cv:0.35330344686077725
line465:max stage:2, min stage:0, max_value:42908.001235523865, min_value:20267.773264546093
fix|42648.18|47833.43| op = [106, 107, 104, 53, 49]| tp = [1, 1, 2, 1, 1, ] | dp = [2, 2, 1, 1, 1, ] | algo = [0, 0, 0, 0, 0, ] | rc = [40, 32, 28, 17, 6] | gpus = [2, 2, 2, 1, 1] | micro_bs = 8 | time = [20300, 20515, 42648, 21096, 21135] | memory = [47833, 47567, 47790, 47490, 47717]
cv:0.3484851342581909
line465:max stage:2, min stage:0, max_value:42648.18454940919, min_value:20300.239593819177
fix|42280.99|47933.43| op = [107, 107, 103, 53, 49]| tp = [1, 1, 2, 1, 1, ] | dp = [2, 2, 1, 1, 1, ] | algo = [0, 0, 0, 0, 0, ] | rc = [42, 49, 26, 17, 6] | gpus = [2, 2, 2, 1, 1] | micro_bs = 8 | time = [20765, 21721, 42280, 21115, 21154] | memory = [47933, 47747, 47790, 47490, 47717]
cv:0.33226739581617454
line465:max stage:2, min stage:0, max_value:42280.98634593412, min_value:20765.14685587971
fix|41700.24|47773.43| op = [108, 107, 102, 53, 49]| tp = [1, 1, 2, 1, 1, ] | dp = [2, 2, 1, 1, 1, ] | algo = [0, 0, 0, 0, 0, ] | rc = [54, 35, 24, 17, 6] | gpus = [2, 2, 2, 1, 1] | micro_bs = 8 | time = [22217, 20713, 41700, 21113, 21152] | memory = [47773, 46947, 47670, 47490, 47717]
cv:0.32212933526311466
line465:max stage:2, min stage:1, max_value:41700.24055513447, min_value:20713.591013731642
fix|40902.33|47773.43| op = [108, 108, 101, 53, 49]| tp = [1, 1, 2, 1, 1, ] | dp = [2, 2, 1, 1, 1, ] | algo = [0, 0, 0, 0, 0, ] | rc = [54, 35, 24, 17, 6] | gpus = [2, 2, 2, 1, 1] | micro_bs = 8 | time = [22206, 20784, 40902, 21102, 21141] | memory = [47773, 47207, 47500, 47490, 47717]
cv:0.31125078629539854
line465:max stage:2, min stage:1, max_value:40902.33393620517, min_value:20784.52445597144
fix|40838.86|47773.43| op = [108, 109, 100, 53, 49]| tp = [1, 1, 2, 1, 1, ] | dp = [2, 2, 1, 1, 1, ] | algo = [0, 0, 0, 0, 0, ] | rc = [54, 35, 24, 17, 6] | gpus = [2, 2, 2, 1, 1] | micro_bs = 8 | time = [22205, 20796, 40838, 21101, 21140] | memory = [47773, 47447, 46900, 47490, 47717]
cv:0.3103352477521322
line465:max stage:2, min stage:1, max_value:40838.86168238005, min_value:20796.344445404156
fix|40814.23|47773.43| op = [108, 110, 99, 53, 49]| tp = [1, 1, 2, 1, 1, ] | dp = [2, 2, 1, 1, 1, ] | algo = [0, 0, 0, 0, 0, ] | rc = [54, 35, 24, 17, 6] | gpus = [2, 2, 2, 1, 1] | micro_bs = 8 | time = [22205, 20830, 40814, 21101, 21141] | memory = [47773, 47608, 46899, 47490, 47717]
cv:0.30976778428031854
line465:max stage:2, min stage:1, max_value:40814.231892120784, min_value:20830.325928997052
fix|39814.41|47773.43| op = [108, 111, 98, 53, 49]| tp = [1, 1, 2, 1, 1, ] | dp = [2, 2, 1, 1, 1, ] | algo = [0, 0, 0, 0, 0, ] | rc = [54, 39, 24, 17, 6] | gpus = [2, 2, 2, 1, 1] | micro_bs = 8 | time = [22200, 21456, 39814, 21096, 21135] | memory = [47773, 47368, 46459, 47490, 47717]
cv:0.29226086114724154
line465:max stage:2, min stage:3, max_value:39814.41495805085, min_value:21096.147437548094
fix|39637.18|47773.43| op = [108, 111, 97, 54, 49]| tp = [1, 1, 2, 1, 1, ] | dp = [2, 2, 1, 1, 1, ] | algo = [0, 0, 0, 0, 0, ] | rc = [54, 39, 24, 18, 6] | gpus = [2, 2, 2, 1, 1] | micro_bs = 8 | time = [22205, 21462, 39637, 21616, 21140] | memory = [47773, 47368, 46459, 47490, 47717]
cv:0.28639310706470855
line465:max stage:2, min stage:4, max_value:39637.18412705087, min_value:21140.607775147248
fix|39054.21|47773.43| op = [108, 111, 96, 54, 50]| tp = [1, 1, 2, 1, 1, ] | dp = [2, 2, 1, 1, 1, ] | algo = [0, 0, 0, 0, 0, ] | rc = [54, 39, 22, 12, 8] | gpus = [2, 2, 2, 1, 1] | micro_bs = 8 | time = [22184, 21441, 39054, 20048, 21891] | memory = [47773, 47368, 46459, 46786, 47717]
cv:0.2849871344206327
line465:max stage:2, min stage:3, max_value:39054.20962124305, min_value:20048.96195504551
fix|40390.62|47773.43| op = [108, 111, 95, 55, 50]| tp = [1, 1, 2, 1, 1, ] | dp = [2, 2, 1, 1, 1, ] | algo = [0, 0, 0, 0, 0, ] | rc = [54, 39, 26, 12, 8] | gpus = [2, 2, 2, 1, 1] | micro_bs = 8 | time = [22213, 21470, 40390, 20608, 21920] | memory = [47773, 47368, 47581, 47246, 47717]
cv:0.2983540121756452
line465:max stage:2, min stage:3, max_value:40390.615394707864, min_value:20608.284708225052
fix|39500.58|47821.28| op = [108, 111, 94, 56, 50]| tp = [1, 1, 2, 1, 1, ] | dp = [2, 2, 1, 1, 1, ] | algo = [0, 0, 0, 0, 0, ] | rc = [54, 39, 24, 12, 8] | gpus = [2, 2, 2, 1, 1] | micro_bs = 8 | time = [22199, 21456, 39500, 20619, 21907] | memory = [47773, 47368, 47821, 47246, 47717]
cv:0.28650403700005356
line465:max stage:2, min stage:3, max_value:39500.58012564732, min_value:20619.304923164527
fix|38647.24|47941.28| op = [108, 111, 93, 57, 50]| tp = [1, 1, 2, 1, 1, ] | dp = [2, 2, 1, 1, 1, ] | algo = [0, 0, 0, 0, 0, ] | rc = [54, 39, 22, 12, 8] | gpus = [2, 2, 2, 1, 1] | micro_bs = 8 | time = [22187, 21444, 38647, 20669, 21894] | memory = [47773, 47368, 47941, 47646, 47717]
cv:0.2746824757515834
line465:max stage:2, min stage:3, max_value:38647.24269144479, min_value:20669.54227996198
fix|36858.65|47981.28| op = [108, 111, 92, 58, 50]| tp = [1, 1, 2, 1, 1, ] | dp = [2, 2, 1, 1, 1, ] | algo = [0, 0, 0, 0, 0, ] | rc = [54, 39, 20, 16, 8] | gpus = [2, 2, 2, 1, 1] | micro_bs = 8 | time = [22178, 21435, 36858, 21885, 21885] | memory = [47773, 47368, 47981, 47406, 47717]
cv:0.24184630875158247
line465:max stage:2, min stage:1, max_value:36858.652940770015, min_value:21435.500797200184
fix|36814.94|47773.43| op = [108, 112, 91, 58, 50]| tp = [1, 1, 2, 1, 1, ] | dp = [2, 2, 1, 1, 1, ] | algo = [0, 0, 0, 0, 0, ] | rc = [54, 41, 20, 16, 8] | gpus = [2, 2, 2, 1, 1] | micro_bs = 8 | time = [22180, 21623, 36814, 21887, 21888] | memory = [47773, 47368, 47501, 47406, 47717]
cv:0.23998407186031145
line465:max stage:2, min stage:1, max_value:36814.93828262734, min_value:21623.4012499213
fix|35787.99|47928.22| op = [108, 113, 90, 58, 50]| tp = [1, 1, 2, 1, 1, ] | dp = [2, 2, 1, 1, 1, ] | algo = [0, 0, 0, 0, 0, ] | rc = [54, 41, 20, 16, 8] | gpus = [2, 2, 2, 1, 1] | micro_bs = 8 | time = [22169, 21899, 35787, 21876, 21876] | memory = [47773, 47928, 46821, 47406, 47717]
cv:0.22385852181151208
line465:max stage:2, min stage:3, max_value:35787.99033592434, min_value:21876.238368146507
fix|35746.02|47928.22| op = [108, 113, 89, 59, 50]| tp = [1, 1, 2, 1, 1, ] | dp = [2, 2, 1, 1, 1, ] | algo = [0, 0, 0, 0, 0, ] | rc = [54, 41, 20, 18, 8] | gpus = [2, 2, 2, 1, 1] | micro_bs = 8 | time = [22173, 21903, 35746, 22175, 21880] | memory = [47773, 47928, 46341, 47406, 47717]
cv:0.22145459372336718
line465:max stage:2, min stage:4, max_value:35746.01746903271, min_value:21880.509279316833
fix|34827.80|47966.25| op = [108, 113, 88, 59, 51]| tp = [1, 1, 2, 1, 1, ] | dp = [2, 2, 1, 1, 1, ] | algo = [0, 0, 0, 0, 0, ] | rc = [54, 41, 22, 18, 9] | gpus = [2, 2, 2, 1, 1] | micro_bs = 8 | time = [22171, 21900, 34827, 22437, 22393] | memory = [47773, 47928, 47773, 47966, 47717]
cv:0.2038481980499975
line465:max stage:2, min stage:1, max_value:34827.799352862174, min_value:21900.862148884273
fix|34627.36|47966.25| op = [108, 114, 87, 59, 51]| tp = [1, 1, 2, 1, 1, ] | dp = [2, 2, 1, 1, 1, ] | algo = [0, 0, 0, 0, 0, ] | rc = [54, 43, 20, 18, 9] | gpus = [2, 2, 2, 1, 1] | micro_bs = 8 | time = [22170, 22052, 34627, 22436, 22392] | memory = [47773, 47528, 47653, 47966, 47717]
cv:0.2000245619952556
line465:max stage:2, min stage:1, max_value:34627.35514903707, min_value:22052.287433316982
fix|34602.70|47966.25| op = [108, 115, 86, 59, 51]| tp = [1, 1, 2, 1, 1, ] | dp = [2, 2, 1, 1, 1, ] | algo = [0, 0, 0, 0, 0, ] | rc = [54, 43, 20, 18, 9] | gpus = [2, 2, 2, 1, 1] | micro_bs = 8 | time = [22170, 22085, 34602, 22436, 22392] | memory = [47773, 47688, 47652, 47966, 47717]
cv:0.19946340432610138
line465:max stage:2, min stage:1, max_value:34602.70302777778, min_value:22085.76929790988
fix|33487.42|47966.25| op = [108, 116, 85, 59, 51]| tp = [1, 1, 2, 1, 1, ] | dp = [2, 2, 1, 1, 1, ] | algo = [0, 0, 0, 0, 0, ] | rc = [54, 45, 18, 18, 9] | gpus = [2, 2, 2, 1, 1] | micro_bs = 8 | time = [22159, 22520, 33487, 22426, 22382] | memory = [47773, 47828, 47742, 47966, 47717]
cv:0.1808331167409621
line465:max stage:2, min stage:0, max_value:33487.42165314565, min_value:22159.965582479323
fix|33644.31|47966.25| op = [109, 116, 84, 59, 51]| tp = [1, 1, 2, 1, 1, ] | dp = [2, 2, 1, 1, 1, ] | algo = [0, 0, 0, 0, 0, ] | rc = [44, 58, 19, 18, 9] | gpus = [2, 2, 2, 1, 1] | micro_bs = 8 | time = [21460, 23667, 33644, 22435, 22391] | memory = [47933, 47644, 47502, 47966, 47717]
cv:0.1827280391240232
line465:max stage:2, min stage:0, max_value:33644.31488256471, min_value:21460.624207433804
fix|33395.02|47966.25| op = [110, 116, 83, 59, 51]| tp = [1, 1, 2, 1, 1, ] | dp = [2, 2, 1, 1, 1, ] | algo = [0, 0, 0, 0, 0, ] | rc = [76, 44, 18, 18, 9] | gpus = [2, 2, 2, 1, 1] | micro_bs = 8 | time = [23374, 22638, 33395, 22444, 22401] | memory = [47770, 47828, 47502, 47966, 47717]
cv:0.17248312908021665
line465:max stage:2, min stage:4, max_value:33395.01744156471, min_value:22401.26098537978
fix|33310.82|47966.50| op = [110, 116, 82, 59, 52]| tp = [1, 1, 2, 1, 1, ] | dp = [2, 2, 1, 1, 1, ] | algo = [0, 0, 0, 0, 0, ] | rc = [76, 44, 18, 16, 8] | gpus = [2, 2, 2, 1, 1] | micro_bs = 8 | time = [23351, 22615, 33310, 21320, 22081] | memory = [47770, 47828, 47262, 47966, 47877]
cv:0.18085627852224667
line465:max stage:2, min stage:3, max_value:33310.81693375309, min_value:21320.306631573785
fix|33276.62|47877.20| op = [110, 116, 81, 60, 52]| tp = [1, 1, 2, 1, 1, ] | dp = [2, 2, 1, 1, 1, ] | algo = [0, 0, 0, 0, 0, ] | rc = [76, 44, 18, 12, 8] | gpus = [2, 2, 2, 1, 1] | micro_bs = 8 | time = [23343, 22607, 33276, 20848, 22073] | memory = [47770, 47828, 46902, 46190, 47877]
cv:0.1841006090737647
line465:max stage:2, min stage:3, max_value:33276.624961550544, min_value:20848.846716371238
fix|32476.62|47877.20| op = [110, 116, 80, 61, 52]| tp = [1, 1, 2, 1, 1, ] | dp = [2, 2, 1, 1, 1, ] | algo = [0, 0, 0, 0, 0, ] | rc = [76, 44, 18, 12, 8] | gpus = [2, 2, 2, 1, 1] | micro_bs = 8 | time = [23333, 22597, 32476, 21001, 22063] | memory = [47770, 47828, 46612, 46450, 47877]
cv:0.17127284459158537
line465:max stage:2, min stage:3, max_value:32476.622615827313, min_value:21001.5551463689
fix|32820.26|47877.20| op = [110, 116, 79, 62, 52]| tp = [1, 1, 2, 1, 1, ] | dp = [2, 2, 1, 1, 1, ] | algo = [0, 0, 0, 0, 0, ] | rc = [76, 44, 21, 14, 8] | gpus = [2, 2, 2, 1, 1] | micro_bs = 8 | time = [23357, 22621, 32820, 22197, 22087] | memory = [47770, 47828, 47260, 46610, 47877]
cv:0.16760706419085286
line465:max stage:2, min stage:4, max_value:32820.26462615662, min_value:22087.134718556503
fix|32214.71|47937.20| op = [110, 116, 78, 62, 53]| tp = [1, 1, 2, 1, 1, ] | dp = [2, 2, 1, 1, 1, ] | algo = [0, 0, 0, 0, 0, ] | rc = [76, 44, 16, 22, 10] | gpus = [2, 2, 2, 1, 1] | micro_bs = 8 | time = [23375, 22639, 32214, 23175, 22909] | memory = [47770, 47828, 46492, 47366, 47937]
cv:0.14818178953853997
line465:max stage:2, min stage:1, max_value:32214.707622297046, min_value:22639.617620120764
fix|31854.38|47937.20| op = [110, 117, 77, 62, 53]| tp = [1, 1, 2, 1, 1, ] | dp = [2, 2, 1, 1, 1, ] | algo = [0, 0, 0, 0, 0, ] | rc = [76, 80, 14, 22, 10] | gpus = [2, 2, 2, 1, 1] | micro_bs = 8 | time = [23402, 24731, 31854, 23202, 22935] | memory = [47770, 46682, 46492, 47366, 47937]
cv:0.13366976761326568
line465:max stage:2, min stage:4, max_value:31854.383844297052, min_value:22935.87434662041
fix|31672.23|47937.33| op = [110, 117, 76, 62, 54]| tp = [1, 1, 2, 1, 1, ] | dp = [2, 2, 1, 1, 1, ] | algo = [0, 0, 0, 0, 0, ] | rc = [76, 80, 14, 21, 10] | gpus = [2, 2, 2, 1, 1] | micro_bs = 8 | time = [23402, 24731, 31672, 23383, 22960] | memory = [47770, 46682, 46492, 47846, 47937]
cv:0.12983239786863515
line465:max stage:2, min stage:4, max_value:31672.230725772108, min_value:22960.776570559883
fix|31101.76|47926.25| op = [110, 117, 75, 62, 55]| tp = [1, 1, 2, 1, 1, ] | dp = [2, 2, 1, 1, 1, ] | algo = [0, 0, 0, 0, 0, ] | rc = [76, 80, 12, 20, 12] | gpus = [2, 2, 2, 1, 1] | micro_bs = 8 | time = [23393, 24722, 31101, 23051, 23288] | memory = [47770, 46682, 46492, 47926, 47817]
cv:0.12150979365997103
line465:max stage:2, min stage:3, max_value:31101.758611158057, min_value:23051.3019522556
fix|30093.62|47817.33| op = [110, 117, 74, 63, 55]| tp = [1, 1, 2, 1, 1, ] | dp = [2, 2, 1, 1, 1, ] | algo = [0, 0, 0, 0, 0, ] | rc = [76, 80, 12, 16, 12] | gpus = [2, 2, 2, 1, 1] | micro_bs = 8 | time = [23378, 24707, 30093, 23039, 23272] | memory = [47770, 46682, 45982, 46210, 47817]
cv:0.10692370998608357
line465:max stage:2, min stage:3, max_value:30093.623044622876, min_value:23039.366730435144
fix|29882.96|47817.33| op = [110, 117, 73, 64, 55]| tp = [1, 1, 2, 1, 1, ] | dp = [2, 2, 1, 1, 1, ] | algo = [0, 0, 0, 0, 0, ] | rc = [76, 80, 10, 16, 12] | gpus = [2, 2, 2, 1, 1] | micro_bs = 8 | time = [23375, 24704, 29882, 23061, 23269] | memory = [47770, 46682, 47790, 46210, 47817]
cv:0.1036960832442577
line465:max stage:2, min stage:3, max_value:29882.961279562347, min_value:23061.002156374612
fix|29858.03|47817.33| op = [110, 117, 72, 65, 55]| tp = [1, 1, 2, 1, 1, ] | dp = [2, 2, 1, 1, 1, ] | algo = [0, 0, 0, 0, 0, ] | rc = [76, 80, 10, 16, 12] | gpus = [2, 2, 2, 1, 1] | micro_bs = 8 | time = [23375, 24704, 29858, 23124, 23270] | memory = [47770, 46682, 47430, 46610, 47817]
cv:0.10291557872031533
line465:max stage:2, min stage:3, max_value:29858.029989359802, min_value:23124.183359172068
fix|28889.15|47817.33| op = [110, 117, 71, 66, 55]| tp = [1, 1, 2, 1, 1, ] | dp = [2, 2, 1, 1, 1, ] | algo = [0, 0, 0, 0, 0, ] | rc = [76, 80, 10, 16, 12] | gpus = [2, 2, 2, 1, 1] | micro_bs = 8 | time = [23371, 24700, 28889, 23796, 23265] | memory = [47770, 46682, 46990, 47650, 47817]
cv:0.08481921563178603
line465:max stage:2, min stage:4, max_value:28889.15297268504, min_value:23265.933223749846
fix|28856.33|47817.08| op = [110, 117, 70, 66, 56]| tp = [1, 1, 2, 1, 1, ] | dp = [2, 2, 1, 1, 1, ] | algo = [0, 0, 0, 0, 0, ] | rc = [76, 80, 10, 16, 23] | gpus = [2, 2, 2, 1, 1] | micro_bs = 8 | time = [23384, 24713, 28856, 23350, 24609] | memory = [47770, 46682, 46510, 47730, 47817]
cv:0.08092044066748018
line465:max stage:2, min stage:3, max_value:28856.33046282735, min_value:23350.718059238014
fix|27807.80|47817.08| op = [110, 117, 69, 67, 56]| tp = [1, 1, 2, 1, 1, ] | dp = [2, 2, 1, 1, 1, ] | algo = [0, 0, 0, 0, 0, ] | rc = [76, 80, 10, 18, 23] | gpus = [2, 2, 2, 1, 1] | micro_bs = 8 | time = [23380, 24710, 27807, 24179, 24606] | memory = [47770, 46682, 45830, 47650, 47817]
cv:0.060543869144489844
line465:max stage:2, min stage:0, max_value:27807.796795656803, min_value:23380.9236015259
fix|27299.65|47817.08| op = [111, 117, 68, 67, 56]| tp = [1, 1, 2, 1, 1, ] | dp = [2, 2, 1, 1, 1, ] | algo = [0, 0, 0, 0, 0, ] | rc = [48, 36, 10, 18, 23] | gpus = [2, 2, 2, 1, 1] | micro_bs = 8 | time = [21840, 21731, 27299, 24103, 24530] | memory = [47333, 46932, 42638, 47650, 47817]
cv:0.08562375968989527
line465:max stage:2, min stage:1, max_value:27299.654001385057, min_value:21731.656214034774
fix|26501.75|47817.08| op = [111, 118, 67, 67, 56]| tp = [1, 1, 2, 1, 1, ] | dp = [2, 2, 1, 1, 1, ] | algo = [0, 0, 0, 0, 0, ] | rc = [48, 36, 10, 18, 23] | gpus = [2, 2, 2, 1, 1] | micro_bs = 8 | time = [21828, 21802, 26501, 24092, 24518] | memory = [47333, 47192, 42468, 47650, 47817]
cv:0.07476431536517367
line465:max stage:2, min stage:1, max_value:26501.747382455753, min_value:21802.589656274573
fix|26438.28|47817.08| op = [111, 119, 66, 67, 56]| tp = [1, 1, 2, 1, 1, ] | dp = [2, 2, 1, 1, 1, ] | algo = [0, 0, 0, 0, 0, ] | rc = [48, 36, 10, 18, 23] | gpus = [2, 2, 2, 1, 1] | micro_bs = 8 | time = [21828, 21814, 26438, 24091, 24518] | memory = [47333, 47432, 41868, 47650, 47817]
cv:0.07386582546239548
line465:max stage:2, min stage:1, max_value:26438.275128630637, min_value:21814.40964570729
fix|26413.65|47817.08| op = [111, 120, 65, 67, 56]| tp = [1, 1, 2, 1, 1, ] | dp = [2, 2, 1, 1, 1, ] | algo = [0, 0, 0, 0, 0, ] | rc = [48, 36, 10, 18, 23] | gpus = [2, 2, 2, 1, 1] | micro_bs = 8 | time = [21828, 21848, 26413, 24091, 24518] | memory = [47333, 47592, 41867, 47650, 47817]
cv:0.07322706984644665
line465:max stage:2, min stage:0, max_value:26413.645338371363, min_value:21828.34069129301
fix|25411.61|47817.08| op = [112, 120, 64, 67, 56]| tp = [1, 1, 2, 1, 1, ] | dp = [2, 2, 1, 1, 1, ] | algo = [0, 0, 0, 0, 0, ] | rc = [48, 38, 10, 18, 23] | gpus = [2, 2, 2, 1, 1] | micro_bs = 8 | time = [21902, 22250, 25411, 24083, 24510] | memory = [47633, 47732, 41427, 47650, 47817]
cv:0.056901765105237215
line465:max stage:2, min stage:0, max_value:25411.6107296652, min_value:21902.499259826258
fix|25365.34|47972.71| op = [113, 120, 63, 67, 56]| tp = [1, 1, 2, 1, 1, ] | dp = [2, 2, 1, 1, 1, ] | algo = [0, 0, 0, 0, 0, ] | rc = [48, 38, 10, 18, 23] | gpus = [2, 2, 2, 1, 1] | micro_bs = 8 | time = [21914, 22262, 25365, 24083, 24510] | memory = [47933, 47972, 40947, 47650, 47817]
cv:0.05615875028386213
line465:max stage:2, min stage:0, max_value:25365.339722273446, min_value:21914.775793224828
fix|24503.22|47892.46| op = [114, 120, 62, 67, 56]| tp = [1, 1, 2, 1, 1, ] | dp = [2, 2, 1, 1, 1, ] | algo = [0, 0, 0, 0, 0, ] | rc = [50, 40, 10, 18, 23] | gpus = [2, 2, 2, 1, 1] | micro_bs = 8 | time = [22081, 22670, 24343, 24076, 24503] | memory = [47333, 47892, 40267, 47650, 47817]
cv:0.04138862558133966
line465:max stage:4, min stage:0, max_value:24503.221725859567, min_value:22081.547020309303
fix|25323.37|47817.33| op = [115, 120, 62, 67, 55]| tp = [1, 1, 2, 1, 1, ] | dp = [2, 2, 1, 1, 1, ] | algo = [0, 0, 0, 0, 0, ] | rc = [52, 40, 10, 18, 12] | gpus = [2, 2, 2, 1, 1] | micro_bs = 8 | time = [22571, 22354, 25323, 24041, 23169] | memory = [47733, 47572, 40347, 47650, 47817]
cv:0.046244628825776284
line465:max stage:2, min stage:1, max_value:25323.37437359581, min_value:22354.77433155299
fix|25298.72|47817.33| op = [115, 121, 61, 67, 55]| tp = [1, 1, 2, 1, 1, ] | dp = [2, 2, 1, 1, 1, ] | algo = [0, 0, 0, 0, 0, ] | rc = [52, 40, 10, 18, 12] | gpus = [2, 2, 2, 1, 1] | micro_bs = 8 | time = [22571, 22388, 25298, 24041, 23169] | memory = [47733, 47732, 40347, 47650, 47817]
cv:0.045590240472919395
line465:max stage:2, min stage:1, max_value:25298.722252336534, min_value:22388.256196145892
fix|24323.27|47872.79| op = [115, 122, 60, 67, 55]| tp = [1, 1, 2, 1, 1, ] | dp = [2, 2, 1, 1, 1, ] | algo = [0, 0, 0, 0, 0, ] | rc = [52, 42, 10, 18, 12] | gpus = [2, 2, 2, 1, 1] | micro_bs = 8 | time = [22562, 22807, 24323, 24032, 23160] | memory = [47733, 47872, 39957, 47650, 47817]
cv:0.029382594884094518
line465:max stage:2, min stage:0, max_value:24323.267736704383, min_value:22562.62014671533
fix|24419.78|47817.33| op = [116, 122, 59, 67, 55]| tp = [1, 1, 2, 1, 1, ] | dp = [2, 2, 1, 1, 1, ] | algo = [0, 0, 0, 0, 0, ] | rc = [54, 55, 10, 18, 12] | gpus = [2, 2, 2, 1, 1] | micro_bs = 8 | time = [22773, 24163, 24419, 24057, 23186] | memory = [47733, 47488, 39717, 47650, 47817]
cv:0.026539836623309276
line465:max stage:2, min stage:0, max_value:24419.777082448138, min_value:22773.499767722096
fix|24221.49|47853.74| op = [117, 122, 58, 67, 55]| tp = [1, 1, 2, 1, 1, ] | dp = [2, 2, 1, 1, 1, ] | algo = [0, 0, 0, 0, 0, ] | rc = [55, 40, 10, 18, 12] | gpus = [2, 2, 2, 1, 1] | micro_bs = 8 | time = [23154, 22939, 24221, 24042, 23170] | memory = [47853, 47472, 39717, 47650, 47817]
cv:0.022158209465032892
line465:max stage:2, min stage:1, max_value:24221.488094658656, min_value:22939.604718774335
fix|25295.92|47853.74| op = [117, 123, 57, 67, 55]| tp = [1, 1, 2, 1, 1, ] | dp = [2, 2, 1, 1, 1, ] | algo = [0, 0, 0, 0, 0, ] | rc = [55, 65, 8, 18, 12] | gpus = [2, 2, 2, 1, 1] | micro_bs = 8 | time = [23185, 25295, 23865, 24072, 23201] | memory = [47853, 47848, 39717, 47650, 47817]
cv:0.032247149932016925
line465:max stage:1, min stage:0, max_value:25295.922660774337, min_value:23185.299705563884
fix|25152.22|47928.71| op = [118, 122, 57, 67, 55]| tp = [1, 1, 2, 1, 1, ] | dp = [2, 2, 1, 1, 1, ] | algo = [0, 0, 0, 0, 0, ] | rc = [56, 64, 8, 18, 12] | gpus = [2, 2, 2, 1, 1] | micro_bs = 8 | time = [23306, 25152, 23864, 24072, 23200] | memory = [47553, 47928, 39717, 47650, 47817]
cv:0.029190884737104354
line465:max stage:1, min stage:4, max_value:25152.21812517939, min_value:23200.848363338184
fix|24505.29|47817.08| op = [118, 121, 57, 67, 56]| tp = [1, 1, 2, 1, 1, ] | dp = [2, 2, 1, 1, 1, ] | algo = [0, 0, 0, 0, 0, ] | rc = [56, 38, 10, 18, 23] | gpus = [2, 2, 2, 1, 1] | micro_bs = 8 | time = [23280, 22770, 23180, 24078, 24505] | memory = [47553, 47712, 39037, 47650, 47817]
cv:0.026895193108142004
line465:max stage:4, min stage:1, max_value:24505.292151489048, min_value:22770.319570761465
fix|52141.92|52908.75| op = [118, 122, 57, 67, 55]| tp = [1, 1, 2, 1, 2, ] | dp = [2, 1, 1, 1, 1, ] | algo = [0, 0, 0, 0, 0, ] | rc = [56, 121, 8, 18, 0] | gpus = [2, 1, 2, 1, 2] | micro_bs = 8 | time = [23740, 52141, 24298, 24506, 24385] | memory = [47553, 52908, 39717, 47650, 28033]
line465:max stage:1, min stage:4, max_value:52908.75, min_value:28033.333000000002
best|20324.75|47633.12| op = [105, 107, 106, 53, 48]| tp = [1, 1, 1, 1, 1, ] | dp = [2, 2, 2, 1, 1, ] | algo = [0, 0, 0, 0, 0, ] | rc = [40, 32, 34, 12, 0] | gpus = [2, 2, 2, 1, 1] | micro_bs = 8 | time = [19864, 19942, 20324, 19262, 18941] | memory = [47633, 47568, 46514, 46626, 45909]
line146:config.memory_list:[47633.11500000006, 47568.21600000007, 46514.97600000004, 46626.0, 45909.203]
line147:config.time_list:[19864.54897234533, 19942.921707555775, 20324.749127146824, 19262.118509047323, 18941.334632646467]
求解成功
config has been saved to /home/liminglong.lml/sxz/SuperScaler/logs-large/aceso/configs/mbs/512/gpt_2_6B_5stages_2026-5-15-13-23-1.json

========== Best Result (num_stages = 5) ==========
|20324.75|47633.12| op = [105, 107, 106, 53, 48]| tp = [1, 1, 1, 1, 1, ] | dp = [2, 2, 2, 1, 1, ] | algo = [0, 0, 0, 0, 0, ] | rc = [40, 32, 34, 12, 0] | gpus = [2, 2, 2, 1, 1] | micro_bs = 8 | time = [19864, 19942, 20324, 19262, 18941] | memory = [47633, 47568, 46514, 46626, 45909]
start|21716.39|47877.20| op = [105, 105, 105, 52, 52]| tp = [1, 1, 1, 1, 1, ] | dp = [2, 2, 2, 1, 1, ] | algo = [0, 0, 0, 0, 0, ] | rc = [40, 30, 26, 10, 8] | gpus = [2, 2, 2, 1, 1] | micro_bs = 8 | time = [19857, 19066, 19066, 18165, 21716] | memory = [47633, 46788, 46406, 46786, 47877]
fix|22035.90|47717.20| op = [105, 105, 105, 53, 51]| tp = [1, 1, 1, 1, 1, ] | dp = [2, 2, 2, 1, 1, ] | algo = [0, 0, 0, 0, 0, ] | rc = [40, 30, 26, 12, 9] | gpus = [2, 2, 2, 1, 1] | micro_bs = 8 | time = [19880, 19089, 19089, 19315, 22035] | memory = [47633, 46788, 46406, 46786, 47717]
fix|21532.51|47717.20| op = [105, 106, 105, 53, 50]| tp = [1, 1, 1, 1, 1, ] | dp = [2, 2, 2, 1, 1, ] | algo = [0, 0, 0, 0, 0, ] | rc = [40, 30, 28, 13, 8] | gpus = [2, 2, 2, 1, 1] | micro_bs = 8 | time = [19892, 19406, 19395, 19986, 21532] | memory = [47633, 47568, 45986, 46466, 47717]
fix|20762.79|47717.20| op = [105, 106, 106, 53, 49]| tp = [1, 1, 1, 1, 1, ] | dp = [2, 2, 2, 1, 1, ] | algo = [0, 0, 0, 0, 0, ] | rc = [40, 30, 28, 17, 6] | gpus = [2, 2, 2, 1, 1] | micro_bs = 8 | time = [19894, 19408, 19580, 20723, 20762] | memory = [47633, 47568, 45986, 47490, 47717]
fix|20324.75|47633.12| op = [105, 107, 106, 53, 48]| tp = [1, 1, 1, 1, 1, ] | dp = [2, 2, 2, 1, 1, ] | algo = [0, 0, 0, 0, 0, ] | rc = [40, 32, 34, 12, 0] | gpus = [2, 2, 2, 1, 1] | micro_bs = 8 | time = [19864, 19942, 20324, 19262, 18941] | memory = [47633, 47568, 46514, 46626, 45909]
best|20324.75|47633.12| op = [105, 107, 106, 53, 48]| tp = [1, 1, 1, 1, 1, ] | dp = [2, 2, 2, 1, 1, ] | algo = [0, 0, 0, 0, 0, ] | rc = [40, 32, 34, 12, 0] | gpus = [2, 2, 2, 1, 1] | micro_bs = 8 | time = [19864, 19942, 20324, 19262, 18941] | memory = [47633, 47568, 46514, 46626, 45909]
decode|20776.22|47858.98| op = [105, 107, 105, 53, 49]| tp = [1, 1, 1, 1, 1, ] | dp = [2, 2, 2, 1, 1, ] | algo = [0, 0, 0, 0, 0, ] | rc = [40, 32, 31, 17, 6] | gpus = [2, 2, 2, 1, 1] | micro_bs = 8 | time = [19907, 19986, 19876, 20737, 20776] | memory = [47633, 47568, 47858, 47490, 47717]
fix|20324.75|47633.12| op = [105, 107, 106, 53, 48]| tp = [1, 1, 1, 1, 1, ] | dp = [2, 2, 2, 1, 1, ] | algo = [0, 0, 0, 0, 0, ] | rc = [40, 32, 34, 12, 0] | gpus = [2, 2, 2, 1, 1] | micro_bs = 8 | time = [19864, 19942, 20324, 19262, 18941] | memory = [47633, 47568, 46514, 46626, 45909]
best|20324.75|47633.12| op = [105, 107, 106, 53, 48]| tp = [1, 1, 1, 1, 1, ] | dp = [2, 2, 2, 1, 1, ] | algo = [0, 0, 0, 0, 0, ] | rc = [40, 32, 34, 12, 0] | gpus = [2, 2, 2, 1, 1] | micro_bs = 8 | time = [19864, 19942, 20324, 19262, 18941] | memory = [47633, 47568, 46514, 46626, 45909]

num_targets: []
num_hops: []
search time = 0.00 s.  [0] 
num_explored_cases = 0
time trend: [21716]

stage 5 search time: 0.84 s
working on num_stages = 6
start|22822.96|47974.14| op = [105, 105, 52, 52, 52, 53]| tp = [1, 1, 1, 1, 1, 1, ] | dp = [2, 2, 1, 1, 1, 1, ] | algo = [0, 0, 0, 0, 0, 0, ] | rc = [50, 36, 16, 14, 10, 10] | gpus = [2, 2, 1, 1, 1, 1] | micro_bs = 8 | time = [20938, 19795, 19271, 18975, 18385, 22822] | memory = [47974, 47253, 46660, 46563, 46466, 47937]
line465:max stage:5, min stage:4, max_value:22822.959347131473, min_value:18385.728117296454
fix|22015.91|47974.14| op = [105, 105, 52, 52, 53, 52]| tp = [1, 1, 1, 1, 1, 1, ] | dp = [2, 2, 1, 1, 1, 1, ] | algo = [0, 0, 0, 0, 0, 0, ] | rc = [50, 36, 16, 14, 10, 8] | gpus = [2, 2, 1, 1, 1, 1] | micro_bs = 8 | time = [20935, 19792, 19268, 18972, 18994, 22015] | memory = [47974, 47253, 46660, 46563, 47246, 47877]
cv:0.05621888572604724
line465:max stage:5, min stage:3, max_value:22015.912833067567, min_value:18972.937159156023
fix|22336.73|47974.14| op = [105, 105, 52, 53, 53, 51]| tp = [1, 1, 1, 1, 1, 1, ] | dp = [2, 2, 1, 1, 1, 1, ] | algo = [0, 0, 0, 0, 0, 0, ] | rc = [50, 36, 16, 14, 12, 9] | gpus = [2, 2, 1, 1, 1, 1] | micro_bs = 8 | time = [20959, 19816, 19291, 19608, 19615, 22336] | memory = [47974, 47253, 46660, 47583, 46786, 47717]
cv:0.052414087123328526
line465:max stage:5, min stage:2, max_value:22336.727900837584, min_value:19291.972106766687
fix|21843.01|47974.14| op = [105, 105, 53, 53, 53, 50]| tp = [1, 1, 1, 1, 1, 1, ] | dp = [2, 2, 1, 1, 1, 1, ] | algo = [0, 0, 0, 0, 0, 0, ] | rc = [50, 36, 16, 16, 13, 8] | gpus = [2, 2, 1, 1, 1, 1] | micro_bs = 8 | time = [20980, 19837, 19925, 20227, 20297, 21843] | memory = [47974, 47253, 47920, 47043, 46466, 47717]
cv:0.033977281261162694
line465:max stage:5, min stage:1, max_value:21843.008489448253, min_value:19837.876712918405
fix|22180.53|47974.14| op = [105, 106, 53, 53, 53, 49]| tp = [1, 1, 1, 1, 1, 1, ] | dp = [2, 2, 1, 1, 1, 1, ] | algo = [0, 0, 0, 0, 0, 0, ] | rc = [50, 38, 28, 17, 17, 6] | gpus = [2, 2, 1, 1, 1, 1] | micro_bs = 8 | time = [21032, 20334, 22180, 20939, 21083, 21122] | memory = [47974, 47353, 47732, 46563, 47490, 47717]
cv:0.02581220576043145
line465:max stage:2, min stage:1, max_value:22180.53055713309, min_value:20334.937937897343
fix|23200.10|47993.27| op = [105, 107, 52, 53, 53, 49]| tp = [1, 1, 1, 1, 1, 1, ] | dp = [2, 2, 1, 1, 1, 1, ] | algo = [0, 0, 0, 0, 0, 0, ] | rc = [50, 50, 49, 17, 17, 6] | gpus = [2, 2, 1, 1, 1, 1] | micro_bs = 8 | time = [21068, 21666, 23200, 20975, 21119, 21159] | memory = [47974, 47993, 46440, 46563, 47490, 47717]
cv:0.03614190493025424
line465:max stage:2, min stage:3, max_value:23200.10049465478, min_value:20975.807878654778
fix|21628.17|47993.27| op = [105, 107, 51, 54, 53, 49]| tp = [1, 1, 1, 1, 1, 1, ] | dp = [2, 2, 1, 1, 1, 1, ] | algo = [0, 0, 0, 0, 0, 0, ] | rc = [50, 50, 27, 16, 17, 6] | gpus = [2, 2, 1, 1, 1, 1] | micro_bs = 8 | time = [21030, 21628, 21023, 20640, 21081, 21120] | memory = [47974, 47993, 47251, 47043, 47490, 47717]
best|21628.17|47993.27| op = [105, 107, 51, 54, 53, 49]| tp = [1, 1, 1, 1, 1, 1, ] | dp = [2, 2, 1, 1, 1, 1, ] | algo = [0, 0, 0, 0, 0, 0, ] | rc = [50, 50, 27, 16, 17, 6] | gpus = [2, 2, 1, 1, 1, 1] | micro_bs = 8 | time = [21030, 21628, 21023, 20640, 21081, 21120] | memory = [47974, 47993, 47251, 47043, 47490, 47717]
line146:config.memory_list:[47974.13800000008, 47993.27000000009, 47251.5, 47043.0, 47490.0, 47717.203]
line147:config.time_list:[21030.126900965817, 21628.174036176268, 21023.463839744334, 20640.250904744335, 21081.252156903683, 21120.43150650284]
------------------------------------------------------------------------------------------------------
cegis_search for the 0th times
开始求解check...
line351:
tp_list[1, 1, 1, 1, 1, 1, 1, 1, 1, 1, 1, 1, 1, 1, 1, 1, 1, 1, 1, 1, 1, 1, 1, 1, 1, 1, 1, 1, 1, 1, 1, 1, 1, 1, 1, 1, 1, 1, 1, 1, 1, 1, 1, 1, 1, 1, 1, 1, 1, 1, 1, 1, 1, 1, 1, 1, 1, 1, 1, 1, 1, 1, 1, 1, 1, 1, 1, 1, 1, 1, 1, 1, 1, 1, 1, 1, 1, 1, 1, 1, 1, 1, 1, 1, 1, 1, 1, 1, 1, 1, 1, 1, 1, 1, 1, 1, 1, 1, 1, 1, 1, 1, 1, 1, 1, 1, 1, 1, 1, 1, 1, 1, 1, 1, 1, 1, 1, 1, 1, 1, 1, 1, 1, 1, 1, 1, 1, 1, 1, 1, 1, 1, 1, 1, 1, 1, 1, 1, 1, 1, 1, 1, 1, 1, 1, 1, 1, 1, 1, 1, 1, 1, 1, 1, 1, 1, 1, 1, 1, 1, 1, 1, 1, 1, 1, 1, 1, 1, 1, 1, 1, 1, 1, 1, 1, 1, 1, 1, 1, 1, 1, 1, 1, 1, 1, 1, 1, 1, 1, 1, 1, 1, 1, 1, 1, 1, 1, 1, 1, 1, 1, 1, 1, 1, 1, 1, 1, 1, 1, 1, 1, 1, 1, 1, 1, 1, 1, 1, 1, 1, 1, 1, 1, 1, 1, 1, 1, 1, 1, 1, 1, 1, 1, 1, 1, 1, 1, 1, 1, 1, 1, 1, 1, 1, 1, 1, 1, 1, 1, 1, 1, 1, 1, 1, 1, 1, 1, 1, 1, 1, 1, 1, 1, 1, 1, 1, 1, 1, 1, 1, 1, 1, 1, 1, 1, 1, 1, 1, 1, 1, 1, 1, 1, 1, 1, 1, 1, 1, 1, 1, 1, 1, 1, 1, 1, 1, 1, 1, 1, 1, 1, 1, 1, 1, 1, 1, 1, 1, 1, 1, 1, 1, 1, 1, 1, 1, 1, 1, 1, 1, 1, 1, 1, 1, 1, 1, 1, 1, 1, 1, 1, 1, 1, 1, 1, 1, 1, 1, 1, 1, 1, 1, 1, 1, 1, 1, 1, 1, 1, 1, 1, 1, 1, 1, 1, 1, 1, 1, 1, 1, 1, 1, 1, 1, 1, 1, 1, 1, 1, 1, 1, 1, 1, 1, 1, 1, 1, 1, 1, 1, 1, 1, 1, 1, 1, 1, 1, 1, 1, 1, 1, 1, 1, 1, 1, 1, 1, 1, 1, 1, 1, 1, 1, 1, 1, 1, 1, 1, 1, 1, 1, 1, 1, 1, 1, 1, 1, 1, 1]
dp_list[2, 2, 2, 2, 2, 2, 2, 2, 2, 2, 2, 2, 2, 2, 2, 2, 2, 2, 2, 2, 2, 2, 2, 2, 2, 2, 2, 2, 2, 2, 2, 2, 2, 2, 2, 2, 2, 2, 2, 2, 2, 2, 2, 2, 2, 2, 2, 2, 2, 2, 2, 2, 2, 2, 2, 2, 2, 2, 2, 2, 2, 2, 2, 2, 2, 2, 2, 2, 2, 2, 2, 2, 2, 2, 2, 2, 2, 2, 2, 2, 2, 2, 2, 2, 2, 2, 2, 2, 2, 2, 2, 2, 2, 2, 2, 2, 2, 2, 2, 2, 2, 2, 2, 2, 2, 2, 2, 2, 2, 2, 2, 2, 2, 2, 2, 2, 2, 2, 2, 2, 2, 2, 2, 2, 2, 2, 2, 2, 2, 2, 2, 2, 2, 2, 2, 2, 2, 2, 2, 2, 2, 2, 2, 2, 2, 2, 2, 2, 2, 2, 2, 2, 2, 2, 2, 2, 2, 2, 2, 2, 2, 2, 2, 2, 2, 2, 2, 2, 2, 2, 2, 2, 2, 2, 2, 2, 2, 2, 2, 2, 2, 2, 2, 2, 2, 2, 2, 2, 2, 2, 2, 2, 2, 2, 2, 2, 2, 2, 2, 2, 2, 2, 2, 2, 2, 2, 2, 2, 2, 2, 2, 2, 1, 1, 1, 1, 1, 1, 1, 1, 1, 1, 1, 1, 1, 1, 1, 1, 1, 1, 1, 1, 1, 1, 1, 1, 1, 1, 1, 1, 1, 1, 1, 1, 1, 1, 1, 1, 1, 1, 1, 1, 1, 1, 1, 1, 1, 1, 1, 1, 1, 1, 1, 1, 1, 1, 1, 1, 1, 1, 1, 1, 1, 1, 1, 1, 1, 1, 1, 1, 1, 1, 1, 1, 1, 1, 1, 1, 1, 1, 1, 1, 1, 1, 1, 1, 1, 1, 1, 1, 1, 1, 1, 1, 1, 1, 1, 1, 1, 1, 1, 1, 1, 1, 1, 1, 1, 1, 1, 1, 1, 1, 1, 1, 1, 1, 1, 1, 1, 1, 1, 1, 1, 1, 1, 1, 1, 1, 1, 1, 1, 1, 1, 1, 1, 1, 1, 1, 1, 1, 1, 1, 1, 1, 1, 1, 1, 1, 1, 1, 1, 1, 1, 1, 1, 1, 1, 1, 1, 1, 1, 1, 1, 1, 1, 1, 1, 1, 1, 1, 1, 1, 1, 1, 1, 1, 1, 1, 1, 1, 1, 1, 1, 1, 1, 1, 1, 1, 1, 1, 1, 1, 1, 1, 1, 1, 1, 1, 1, 1, 1, 1, 1, 1, 1, 1, 1, 1, 1]
algo_list[0, 0, 0, 0, 0, 0, 0, 0, 0, 0, 0, 0, 0, 0, 0, 0, 0, 0, 0, 0, 0, 0, 0, 0, 0, 0, 0, 0, 0, 0, 0, 0, 0, 0, 0, 0, 0, 0, 0, 0, 0, 0, 0, 0, 0, 0, 0, 0, 0, 0, 0, 0, 0, 0, 0, 0, 0, 0, 0, 0, 0, 0, 0, 0, 0, 0, 0, 0, 0, 0, 0, 0, 0, 0, 0, 0, 0, 0, 0, 0, 0, 0, 0, 0, 0, 0, 0, 0, 0, 0, 0, 0, 0, 0, 0, 0, 0, 0, 0, 0, 0, 0, 0, 0, 0, 0, 0, 0, 0, 0, 0, 0, 0, 0, 0, 0, 0, 0, 0, 0, 0, 0, 0, 0, 0, 0, 0, 0, 0, 0, 0, 0, 0, 0, 0, 0, 0, 0, 0, 0, 0, 0, 0, 0, 0, 0, 0, 0, 0, 0, 0, 0, 0, 0, 0, 0, 0, 0, 0, 0, 0, 0, 0, 0, 0, 0, 0, 0, 0, 0, 0, 0, 0, 0, 0, 0, 0, 0, 0, 0, 0, 0, 0, 0, 0, 0, 0, 0, 0, 0, 0, 0, 0, 0, 0, 0, 0, 0, 0, 0, 0, 0, 0, 0, 0, 0, 0, 0, 0, 0, 0, 0, 0, 0, 0, 0, 0, 0, 0, 0, 0, 0, 0, 0, 0, 0, 0, 0, 0, 0, 0, 0, 0, 0, 0, 0, 0, 0, 0, 0, 0, 0, 0, 0, 0, 0, 0, 0, 0, 0, 0, 0, 0, 0, 0, 0, 0, 0, 0, 0, 0, 0, 0, 0, 0, 0, 0, 0, 0, 0, 0, 0, 0, 0, 0, 0, 0, 0, 0, 0, 0, 0, 0, 0, 0, 0, 0, 0, 0, 0, 0, 0, 0, 0, 0, 0, 0, 0, 0, 0, 0, 0, 0, 0, 0, 0, 0, 0, 0, 0, 0, 0, 0, 0, 0, 0, 0, 0, 0, 0, 0, 0, 0, 0, 0, 0, 0, 0, 0, 0, 0, 0, 0, 0, 0, 0, 0, 0, 0, 0, 0, 0, 0, 0, 0, 0, 0, 0, 0, 0, 0, 0, 0, 0, 0, 0, 0, 0, 0, 0, 0, 0, 0, 0, 0, 0, 0, 0, 0, 0, 0, 0, 0, 0, 0, 0, 0, 0, 0, 0, 0, 0, 0, 0, 0, 0, 0, 0, 0, 0, 0, 0, 0, 0, 0, 0, 0, 0, 0, 0, 0, 0, 0, 0, 0, 0, 0, 0, 0, 0, 0, 0, 0, 0, 0, 0, 0, 0, 0]

decode|19410.44|45527.36| op = [105, 107, 51, 54, 53, 49]| tp = [1, 1, 1, 1, 1, 1, ] | dp = [2, 2, 1, 1, 1, 1, ] | algo = [0, 0, 0, 0, 0, 0, ] | rc = [14, 6, 0, 0, 0, 0] | gpus = [2, 2, 1, 1, 1, 1] | micro_bs = 2 | time = [18053, 17854, 16037, 17120, 17300, 19410] | memory = [38677, 45527, 40224, 33664, 27120, 16884]
验证解
line465:max stage:5, min stage:2, max_value:19410.43989936162, min_value:16037.380477861521
fix|18533.15|45527.36| op = [105, 107, 52, 54, 53, 48]| tp = [1, 1, 1, 1, 1, 1, ] | dp = [2, 2, 1, 1, 1, 1, ] | algo = [0, 0, 0, 0, 0, 0, ] | rc = [14, 6, 0, 0, 0, 0] | gpus = [2, 2, 1, 1, 1, 1] | micro_bs = 2 | time = [18053, 17854, 16865, 17673, 16709, 18533] | memory = [38677, 45527, 42272, 37000, 24856, 16352]
cv:0.03648022684410015
line465:max stage:5, min stage:4, max_value:18533.15226827808, min_value:16709.247193597148
fix|18370.73|45527.36| op = [105, 107, 52, 54, 54, 47]| tp = [1, 1, 1, 1, 1, 1, ] | dp = [2, 2, 1, 1, 1, 1, ] | algo = [0, 0, 0, 0, 0, 0, ] | rc = [14, 6, 0, 0, 0, 0] | gpus = [2, 2, 1, 1, 1, 1] | micro_bs = 2 | time = [18053, 17854, 16865, 17673, 16871, 18370] | memory = [38677, 45527, 42272, 37000, 24996, 16232]
cv:0.03226276284442628
line465:max stage:5, min stage:2, max_value:18370.73449390048, min_value:16865.809639204883
fix|18296.57|45527.36| op = [105, 107, 53, 54, 54, 46]| tp = [1, 1, 1, 1, 1, 1, ] | dp = [2, 2, 1, 1, 1, 1, ] | algo = [0, 0, 0, 0, 0, 0, ] | rc = [14, 6, 0, 0, 0, 0] | gpus = [2, 2, 1, 1, 1, 1] | micro_bs = 2 | time = [18049, 17850, 17234, 17139, 16019, 18296] | memory = [38677, 45527, 42272, 37060, 23992, 16182]
cv:0.04332902948660469
line465:max stage:5, min stage:4, max_value:18296.57053781186, min_value:16019.594715932715
fix|18265.45|45527.36| op = [105, 107, 53, 54, 55, 45]| tp = [1, 1, 1, 1, 1, 1, ] | dp = [2, 2, 1, 1, 1, 1, ] | algo = [0, 0, 0, 0, 0, 0, ] | rc = [14, 6, 0, 0, 0, 0] | gpus = [2, 2, 1, 1, 1, 1] | micro_bs = 2 | time = [18049, 17850, 17234, 17139, 16091, 18265] | memory = [38677, 45527, 42272, 37060, 24032, 16182]
cv:0.041687380744134785
line465:max stage:5, min stage:4, max_value:18265.452487221624, min_value:16091.891915342474
fix|18049.95|45527.36| op = [105, 107, 53, 54, 56, 44]| tp = [1, 1, 1, 1, 1, 1, ] | dp = [2, 2, 1, 1, 1, 1, ] | algo = [0, 0, 0, 0, 0, 0, ] | rc = [14, 6, 0, 0, 0, 0] | gpus = [2, 2, 1, 1, 1, 1] | micro_bs = 2 | time = [18049, 17850, 17235, 17140, 16817, 17694] | memory = [38677, 45527, 42272, 37060, 24592, 15762]
cv:0.02475334003038378
line465:max stage:0, min stage:4, max_value:18049.947201343923, min_value:16817.408768696005
fix|18030.67|44372.38| op = [104, 107, 53, 54, 57, 44]| tp = [1, 1, 1, 1, 1, 1, ] | dp = [2, 2, 1, 1, 1, 1, ] | algo = [0, 0, 0, 0, 0, 0, ] | rc = [14, 6, 0, 0, 0, 0] | gpus = [2, 2, 1, 1, 1, 1] | micro_bs = 2 | time = [18030, 17476, 16745, 17671, 17696, 17696] | memory = [38587, 44372, 42432, 37000, 25656, 15762]
cv:0.022555135233964702
line465:max stage:0, min stage:2, max_value:18030.667497965656, min_value:16745.97021162792
fix|17696.70|44522.36| op = [103, 107, 54, 54, 57, 44]| tp = [1, 1, 1, 1, 1, 1, ] | dp = [2, 2, 1, 1, 1, 1, ] | algo = [0, 0, 0, 0, 0, 0, ] | rc = [12, 6, 0, 0, 0, 0] | gpus = [2, 2, 1, 1, 1, 1] | micro_bs = 2 | time = [17564, 17515, 17254, 17671, 17696, 17696] | memory = [41533, 44522, 42812, 37000, 25656, 15762]
best|17696.70|44522.36| op = [103, 107, 54, 54, 57, 44]| tp = [1, 1, 1, 1, 1, 1, ] | dp = [2, 2, 1, 1, 1, 1, ] | algo = [0, 0, 0, 0, 0, 0, ] | rc = [12, 6, 0, 0, 0, 0] | gpus = [2, 2, 1, 1, 1, 1] | micro_bs = 2 | time = [17564, 17515, 17254, 17671, 17696, 17696] | memory = [41533, 44522, 42812, 37000, 25656, 15762]
line146:config.memory_list:[41533.58399999998, 44522.359999999986, 42812.992, 37000.744, 25656.558, 15762.288]
line147:config.time_list:[17564.29707731196, 17515.599136969257, 17254.21638264597, 17671.90383984419, 17696.70033066212, 17696.545015343047]
求解成功
config has been saved to /home/liminglong.lml/sxz/SuperScaler/logs-large/aceso/configs/mbs/512/gpt_2_6B_6stages_2026-5-15-13-23-1.json

========== Best Result (num_stages = 6) ==========
|17696.70|44522.36| op = [103, 107, 54, 54, 57, 44]| tp = [1, 1, 1, 1, 1, 1, ] | dp = [2, 2, 1, 1, 1, 1, ] | algo = [0, 0, 0, 0, 0, 0, ] | rc = [12, 6, 0, 0, 0, 0] | gpus = [2, 2, 1, 1, 1, 1] | micro_bs = 2 | time = [17564, 17515, 17254, 17671, 17696, 17696] | memory = [41533, 44522, 42812, 37000, 25656, 15762]
start|22822.96|47974.14| op = [105, 105, 52, 52, 52, 53]| tp = [1, 1, 1, 1, 1, 1, ] | dp = [2, 2, 1, 1, 1, 1, ] | algo = [0, 0, 0, 0, 0, 0, ] | rc = [50, 36, 16, 14, 10, 10] | gpus = [2, 2, 1, 1, 1, 1] | micro_bs = 8 | time = [20938, 19795, 19271, 18975, 18385, 22822] | memory = [47974, 47253, 46660, 46563, 46466, 47937]
fix|22015.91|47974.14| op = [105, 105, 52, 52, 53, 52]| tp = [1, 1, 1, 1, 1, 1, ] | dp = [2, 2, 1, 1, 1, 1, ] | algo = [0, 0, 0, 0, 0, 0, ] | rc = [50, 36, 16, 14, 10, 8] | gpus = [2, 2, 1, 1, 1, 1] | micro_bs = 8 | time = [20935, 19792, 19268, 18972, 18994, 22015] | memory = [47974, 47253, 46660, 46563, 47246, 47877]
fix|22336.73|47974.14| op = [105, 105, 52, 53, 53, 51]| tp = [1, 1, 1, 1, 1, 1, ] | dp = [2, 2, 1, 1, 1, 1, ] | algo = [0, 0, 0, 0, 0, 0, ] | rc = [50, 36, 16, 14, 12, 9] | gpus = [2, 2, 1, 1, 1, 1] | micro_bs = 8 | time = [20959, 19816, 19291, 19608, 19615, 22336] | memory = [47974, 47253, 46660, 47583, 46786, 47717]
fix|21843.01|47974.14| op = [105, 105, 53, 53, 53, 50]| tp = [1, 1, 1, 1, 1, 1, ] | dp = [2, 2, 1, 1, 1, 1, ] | algo = [0, 0, 0, 0, 0, 0, ] | rc = [50, 36, 16, 16, 13, 8] | gpus = [2, 2, 1, 1, 1, 1] | micro_bs = 8 | time = [20980, 19837, 19925, 20227, 20297, 21843] | memory = [47974, 47253, 47920, 47043, 46466, 47717]
fix|22180.53|47974.14| op = [105, 106, 53, 53, 53, 49]| tp = [1, 1, 1, 1, 1, 1, ] | dp = [2, 2, 1, 1, 1, 1, ] | algo = [0, 0, 0, 0, 0, 0, ] | rc = [50, 38, 28, 17, 17, 6] | gpus = [2, 2, 1, 1, 1, 1] | micro_bs = 8 | time = [21032, 20334, 22180, 20939, 21083, 21122] | memory = [47974, 47353, 47732, 46563, 47490, 47717]
fix|23200.10|47993.27| op = [105, 107, 52, 53, 53, 49]| tp = [1, 1, 1, 1, 1, 1, ] | dp = [2, 2, 1, 1, 1, 1, ] | algo = [0, 0, 0, 0, 0, 0, ] | rc = [50, 50, 49, 17, 17, 6] | gpus = [2, 2, 1, 1, 1, 1] | micro_bs = 8 | time = [21068, 21666, 23200, 20975, 21119, 21159] | memory = [47974, 47993, 46440, 46563, 47490, 47717]
fix|21628.17|47993.27| op = [105, 107, 51, 54, 53, 49]| tp = [1, 1, 1, 1, 1, 1, ] | dp = [2, 2, 1, 1, 1, 1, ] | algo = [0, 0, 0, 0, 0, 0, ] | rc = [50, 50, 27, 16, 17, 6] | gpus = [2, 2, 1, 1, 1, 1] | micro_bs = 8 | time = [21030, 21628, 21023, 20640, 21081, 21120] | memory = [47974, 47993, 47251, 47043, 47490, 47717]
best|21628.17|47993.27| op = [105, 107, 51, 54, 53, 49]| tp = [1, 1, 1, 1, 1, 1, ] | dp = [2, 2, 1, 1, 1, 1, ] | algo = [0, 0, 0, 0, 0, 0, ] | rc = [50, 50, 27, 16, 17, 6] | gpus = [2, 2, 1, 1, 1, 1] | micro_bs = 8 | time = [21030, 21628, 21023, 20640, 21081, 21120] | memory = [47974, 47993, 47251, 47043, 47490, 47717]
decode|19410.44|45527.36| op = [105, 107, 51, 54, 53, 49]| tp = [1, 1, 1, 1, 1, 1, ] | dp = [2, 2, 1, 1, 1, 1, ] | algo = [0, 0, 0, 0, 0, 0, ] | rc = [14, 6, 0, 0, 0, 0] | gpus = [2, 2, 1, 1, 1, 1] | micro_bs = 2 | time = [18053, 17854, 16037, 17120, 17300, 19410] | memory = [38677, 45527, 40224, 33664, 27120, 16884]
fix|18533.15|45527.36| op = [105, 107, 52, 54, 53, 48]| tp = [1, 1, 1, 1, 1, 1, ] | dp = [2, 2, 1, 1, 1, 1, ] | algo = [0, 0, 0, 0, 0, 0, ] | rc = [14, 6, 0, 0, 0, 0] | gpus = [2, 2, 1, 1, 1, 1] | micro_bs = 2 | time = [18053, 17854, 16865, 17673, 16709, 18533] | memory = [38677, 45527, 42272, 37000, 24856, 16352]
fix|18370.73|45527.36| op = [105, 107, 52, 54, 54, 47]| tp = [1, 1, 1, 1, 1, 1, ] | dp = [2, 2, 1, 1, 1, 1, ] | algo = [0, 0, 0, 0, 0, 0, ] | rc = [14, 6, 0, 0, 0, 0] | gpus = [2, 2, 1, 1, 1, 1] | micro_bs = 2 | time = [18053, 17854, 16865, 17673, 16871, 18370] | memory = [38677, 45527, 42272, 37000, 24996, 16232]
fix|18296.57|45527.36| op = [105, 107, 53, 54, 54, 46]| tp = [1, 1, 1, 1, 1, 1, ] | dp = [2, 2, 1, 1, 1, 1, ] | algo = [0, 0, 0, 0, 0, 0, ] | rc = [14, 6, 0, 0, 0, 0] | gpus = [2, 2, 1, 1, 1, 1] | micro_bs = 2 | time = [18049, 17850, 17234, 17139, 16019, 18296] | memory = [38677, 45527, 42272, 37060, 23992, 16182]
fix|18265.45|45527.36| op = [105, 107, 53, 54, 55, 45]| tp = [1, 1, 1, 1, 1, 1, ] | dp = [2, 2, 1, 1, 1, 1, ] | algo = [0, 0, 0, 0, 0, 0, ] | rc = [14, 6, 0, 0, 0, 0] | gpus = [2, 2, 1, 1, 1, 1] | micro_bs = 2 | time = [18049, 17850, 17234, 17139, 16091, 18265] | memory = [38677, 45527, 42272, 37060, 24032, 16182]
fix|18049.95|45527.36| op = [105, 107, 53, 54, 56, 44]| tp = [1, 1, 1, 1, 1, 1, ] | dp = [2, 2, 1, 1, 1, 1, ] | algo = [0, 0, 0, 0, 0, 0, ] | rc = [14, 6, 0, 0, 0, 0] | gpus = [2, 2, 1, 1, 1, 1] | micro_bs = 2 | time = [18049, 17850, 17235, 17140, 16817, 17694] | memory = [38677, 45527, 42272, 37060, 24592, 15762]
fix|18030.67|44372.38| op = [104, 107, 53, 54, 57, 44]| tp = [1, 1, 1, 1, 1, 1, ] | dp = [2, 2, 1, 1, 1, 1, ] | algo = [0, 0, 0, 0, 0, 0, ] | rc = [14, 6, 0, 0, 0, 0] | gpus = [2, 2, 1, 1, 1, 1] | micro_bs = 2 | time = [18030, 17476, 16745, 17671, 17696, 17696] | memory = [38587, 44372, 42432, 37000, 25656, 15762]
fix|17696.70|44522.36| op = [103, 107, 54, 54, 57, 44]| tp = [1, 1, 1, 1, 1, 1, ] | dp = [2, 2, 1, 1, 1, 1, ] | algo = [0, 0, 0, 0, 0, 0, ] | rc = [12, 6, 0, 0, 0, 0] | gpus = [2, 2, 1, 1, 1, 1] | micro_bs = 2 | time = [17564, 17515, 17254, 17671, 17696, 17696] | memory = [41533, 44522, 42812, 37000, 25656, 15762]
best|17696.70|44522.36| op = [103, 107, 54, 54, 57, 44]| tp = [1, 1, 1, 1, 1, 1, ] | dp = [2, 2, 1, 1, 1, 1, ] | algo = [0, 0, 0, 0, 0, 0, ] | rc = [12, 6, 0, 0, 0, 0] | gpus = [2, 2, 1, 1, 1, 1] | micro_bs = 2 | time = [17564, 17515, 17254, 17671, 17696, 17696] | memory = [41533, 44522, 42812, 37000, 25656, 15762]

num_targets: []
num_hops: []
search time = 0.00 s.  [0] 
num_explored_cases = 0
time trend: [22822]

stage 6 search time: 0.34 s
working on num_stages = 7
start|23166.31|47937.33| op = [105, 52, 52, 52, 52, 52, 54]| tp = [1, 1, 1, 1, 1, 1, 1, ] | dp = [2, 1, 1, 1, 1, 1, 1, ] | algo = [0, 0, 0, 0, 0, 0, 0, ] | rc = [56, 27, 22, 16, 14, 10, 10] | gpus = [2, 1, 1, 1, 1, 1, 1] | micro_bs = 8 | time = [21914, 21311, 20375, 19553, 19258, 18668, 23166] | memory = [47555, 46902, 47701, 46340, 46323, 46306, 47937]
line465:max stage:6, min stage:5, max_value:23166.3109406895, min_value:18668.274488318886
fix|23142.34|47937.20| op = [105, 52, 52, 52, 52, 53, 53]| tp = [1, 1, 1, 1, 1, 1, 1, ] | dp = [2, 1, 1, 1, 1, 1, 1, ] | algo = [0, 0, 0, 0, 0, 0, 0, ] | rc = [56, 27, 22, 16, 14, 10, 10] | gpus = [2, 1, 1, 1, 1, 1, 1] | micro_bs = 8 | time = [21915, 21312, 20375, 19554, 19259, 18729, 23142] | memory = [47555, 46902, 47701, 46340, 46323, 46466, 47937]
cv:0.07134596168944297
line465:max stage:6, min stage:5, max_value:23142.342999750024, min_value:18729.655293379416
fix|22335.30|47877.20| op = [105, 52, 52, 52, 52, 54, 52]| tp = [1, 1, 1, 1, 1, 1, 1, ] | dp = [2, 1, 1, 1, 1, 1, 1, ] | algo = [0, 0, 0, 0, 0, 0, 0, ] | rc = [56, 27, 22, 16, 14, 10, 8] | gpus = [2, 1, 1, 1, 1, 1, 1] | micro_bs = 8 | time = [21912, 21309, 20372, 19551, 19256, 19338, 22335] | memory = [47555, 46902, 47701, 46340, 46323, 47246, 47877]
cv:0.05743515200505505
line465:max stage:6, min stage:4, max_value:22335.296485686118, min_value:19256.0591127034
fix|22655.39|47717.20| op = [105, 52, 52, 52, 53, 54, 51]| tp = [1, 1, 1, 1, 1, 1, 1, ] | dp = [2, 1, 1, 1, 1, 1, 1, ] | algo = [0, 0, 0, 0, 0, 0, 0, ] | rc = [56, 27, 22, 16, 14, 12, 9] | gpus = [2, 1, 1, 1, 1, 1, 1] | micro_bs = 8 | time = [21935, 21332, 20395, 19574, 19340, 20464, 22655] | memory = [47555, 46902, 47701, 46340, 46563, 47246, 47717]
cv:0.05424285347235988
line465:max stage:6, min stage:4, max_value:22655.3868311215, min_value:19340.046839515016
fix|22139.06|47717.20| op = [105, 52, 52, 52, 54, 54, 50]| tp = [1, 1, 1, 1, 1, 1, 1, ] | dp = [2, 1, 1, 1, 1, 1, 1, ] | algo = [0, 0, 0, 0, 0, 0, 0, ] | rc = [56, 27, 22, 16, 14, 12, 8] | gpus = [2, 1, 1, 1, 1, 1, 1] | micro_bs = 8 | time = [21934, 21331, 20394, 19573, 19951, 20296, 22139] | memory = [47555, 46902, 47701, 46340, 47583, 46786, 47717]
cv:0.04452213199972359
line465:max stage:6, min stage:3, max_value:22139.060497981078, min_value:19573.257067838997
fix|21964.93|47717.20| op = [105, 52, 52, 53, 54, 54, 49]| tp = [1, 1, 1, 1, 1, 1, 1, ] | dp = [2, 1, 1, 1, 1, 1, 1, ] | algo = [0, 0, 0, 0, 0, 0, 0, ] | rc = [56, 27, 22, 16, 16, 18, 6] | gpus = [2, 1, 1, 1, 1, 1, 1] | micro_bs = 8 | time = [21964, 21361, 20425, 19664, 21084, 21873, 21397] | memory = [47555, 46902, 47701, 46660, 47583, 47490, 47717]
cv:0.035890021016800375
line465:max stage:0, min stage:3, max_value:21964.929324720088, min_value:19664.824847650616
fix|21878.39|47975.16| op = [104, 52, 52, 54, 54, 54, 49]| tp = [1, 1, 1, 1, 1, 1, 1, ] | dp = [2, 1, 1, 1, 1, 1, 1, ] | algo = [0, 0, 0, 0, 0, 0, 0, ] | rc = [55, 27, 24, 16, 16, 18, 6] | gpus = [2, 1, 1, 1, 1, 1, 1] | micro_bs = 8 | time = [21847, 21402, 20740, 19731, 21089, 21878, 21402] | memory = [47975, 47382, 46501, 47460, 47583, 47490, 47717]
cv:0.03258561243573238
line465:max stage:5, min stage:3, max_value:21878.392658266916, min_value:19731.972056863266
fix|21850.68|47975.16| op = [104, 52, 52, 55, 54, 53, 49]| tp = [1, 1, 1, 1, 1, 1, 1, ] | dp = [2, 1, 1, 1, 1, 1, 1, ] | algo = [0, 0, 0, 0, 0, 0, 0, ] | rc = [55, 27, 24, 18, 16, 17, 6] | gpus = [2, 1, 1, 1, 1, 1, 1] | micro_bs = 8 | time = [21850, 21405, 20743, 20621, 20925, 21366, 21405] | memory = [47975, 47382, 46501, 47440, 47043, 47490, 47717]
cv:0.019160741733770532
line465:max stage:0, min stage:3, max_value:21850.684682534484, min_value:20621.12581179936
fix|21772.84|47840.50| op = [103, 52, 52, 56, 54, 53, 49]| tp = [1, 1, 1, 1, 1, 1, 1, ] | dp = [2, 1, 1, 1, 1, 1, 1, ] | algo = [0, 0, 0, 0, 0, 0, 0, ] | rc = [55, 28, 24, 20, 16, 17, 6] | gpus = [2, 1, 1, 1, 1, 1, 1] | micro_bs = 8 | time = [21581, 21772, 20889, 21590, 20943, 21384, 21423] | memory = [47295, 47382, 47701, 47840, 47043, 47490, 47717]
best|21772.84|47840.50| op = [103, 52, 52, 56, 54, 53, 49]| tp = [1, 1, 1, 1, 1, 1, 1, ] | dp = [2, 1, 1, 1, 1, 1, 1, ] | algo = [0, 0, 0, 0, 0, 0, 0, ] | rc = [55, 28, 24, 20, 16, 17, 6] | gpus = [2, 1, 1, 1, 1, 1, 1] | micro_bs = 8 | time = [21581, 21772, 20889, 21590, 20943, 21384, 21423] | memory = [47295, 47382, 47701, 47840, 47043, 47490, 47717]
line146:config.memory_list:[47295.16100000008, 47382.0, 47701.0, 47840.5, 47043.0, 47490.0, 47717.203]
line147:config.time_list:[21581.553314382785, 21772.843337408092, 20889.47875740809, 21590.230565847716, 20943.514552446697, 21384.515804606046, 21423.6951542052]
------------------------------------------------------------------------------------------------------
cegis_search for the 0th times
开始求解check...
line351:
tp_list[1, 1, 1, 1, 1, 1, 1, 1, 1, 1, 1, 1, 1, 1, 1, 1, 1, 1, 1, 1, 1, 1, 1, 1, 1, 1, 1, 1, 1, 1, 1, 1, 1, 1, 1, 1, 1, 1, 1, 1, 1, 1, 1, 1, 1, 1, 1, 1, 1, 1, 1, 1, 1, 1, 1, 1, 1, 1, 1, 1, 1, 1, 1, 1, 1, 1, 1, 1, 1, 1, 1, 1, 1, 1, 1, 1, 1, 1, 1, 1, 1, 1, 1, 1, 1, 1, 1, 1, 1, 1, 1, 1, 1, 1, 1, 1, 1, 1, 1, 1, 1, 1, 1, 1, 1, 1, 1, 1, 1, 1, 1, 1, 1, 1, 1, 1, 1, 1, 1, 1, 1, 1, 1, 1, 1, 1, 1, 1, 1, 1, 1, 1, 1, 1, 1, 1, 1, 1, 1, 1, 1, 1, 1, 1, 1, 1, 1, 1, 1, 1, 1, 1, 1, 1, 1, 1, 1, 1, 1, 1, 1, 1, 1, 1, 1, 1, 1, 1, 1, 1, 1, 1, 1, 1, 1, 1, 1, 1, 1, 1, 1, 1, 1, 1, 1, 1, 1, 1, 1, 1, 1, 1, 1, 1, 1, 1, 1, 1, 1, 1, 1, 1, 1, 1, 1, 1, 1, 1, 1, 1, 1, 1, 1, 1, 1, 1, 1, 1, 1, 1, 1, 1, 1, 1, 1, 1, 1, 1, 1, 1, 1, 1, 1, 1, 1, 1, 1, 1, 1, 1, 1, 1, 1, 1, 1, 1, 1, 1, 1, 1, 1, 1, 1, 1, 1, 1, 1, 1, 1, 1, 1, 1, 1, 1, 1, 1, 1, 1, 1, 1, 1, 1, 1, 1, 1, 1, 1, 1, 1, 1, 1, 1, 1, 1, 1, 1, 1, 1, 1, 1, 1, 1, 1, 1, 1, 1, 1, 1, 1, 1, 1, 1, 1, 1, 1, 1, 1, 1, 1, 1, 1, 1, 1, 1, 1, 1, 1, 1, 1, 1, 1, 1, 1, 1, 1, 1, 1, 1, 1, 1, 1, 1, 1, 1, 1, 1, 1, 1, 1, 1, 1, 1, 1, 1, 1, 1, 1, 1, 1, 1, 1, 1, 1, 1, 1, 1, 1, 1, 1, 1, 1, 1, 1, 1, 1, 1, 1, 1, 1, 1, 1, 1, 1, 1, 1, 1, 1, 1, 1, 1, 1, 1, 1, 1, 1, 1, 1, 1, 1, 1, 1, 1, 1, 1, 1, 1, 1, 1, 1, 1, 1, 1, 1, 1, 1, 1, 1, 1, 1, 1, 1, 1, 1, 1, 1, 1, 1, 1, 1]
dp_list[2, 2, 2, 2, 2, 2, 2, 2, 2, 2, 2, 2, 2, 2, 2, 2, 2, 2, 2, 2, 2, 2, 2, 2, 2, 2, 2, 2, 2, 2, 2, 2, 2, 2, 2, 2, 2, 2, 2, 2, 2, 2, 2, 2, 2, 2, 2, 2, 2, 2, 2, 2, 2, 2, 2, 2, 2, 2, 2, 2, 2, 2, 2, 2, 2, 2, 2, 2, 2, 2, 2, 2, 2, 2, 2, 2, 2, 2, 2, 2, 2, 2, 2, 2, 2, 2, 2, 2, 2, 2, 2, 2, 2, 2, 2, 2, 2, 2, 2, 2, 2, 2, 2, 1, 1, 1, 1, 1, 1, 1, 1, 1, 1, 1, 1, 1, 1, 1, 1, 1, 1, 1, 1, 1, 1, 1, 1, 1, 1, 1, 1, 1, 1, 1, 1, 1, 1, 1, 1, 1, 1, 1, 1, 1, 1, 1, 1, 1, 1, 1, 1, 1, 1, 1, 1, 1, 1, 1, 1, 1, 1, 1, 1, 1, 1, 1, 1, 1, 1, 1, 1, 1, 1, 1, 1, 1, 1, 1, 1, 1, 1, 1, 1, 1, 1, 1, 1, 1, 1, 1, 1, 1, 1, 1, 1, 1, 1, 1, 1, 1, 1, 1, 1, 1, 1, 1, 1, 1, 1, 1, 1, 1, 1, 1, 1, 1, 1, 1, 1, 1, 1, 1, 1, 1, 1, 1, 1, 1, 1, 1, 1, 1, 1, 1, 1, 1, 1, 1, 1, 1, 1, 1, 1, 1, 1, 1, 1, 1, 1, 1, 1, 1, 1, 1, 1, 1, 1, 1, 1, 1, 1, 1, 1, 1, 1, 1, 1, 1, 1, 1, 1, 1, 1, 1, 1, 1, 1, 1, 1, 1, 1, 1, 1, 1, 1, 1, 1, 1, 1, 1, 1, 1, 1, 1, 1, 1, 1, 1, 1, 1, 1, 1, 1, 1, 1, 1, 1, 1, 1, 1, 1, 1, 1, 1, 1, 1, 1, 1, 1, 1, 1, 1, 1, 1, 1, 1, 1, 1, 1, 1, 1, 1, 1, 1, 1, 1, 1, 1, 1, 1, 1, 1, 1, 1, 1, 1, 1, 1, 1, 1, 1, 1, 1, 1, 1, 1, 1, 1, 1, 1, 1, 1, 1, 1, 1, 1, 1, 1, 1, 1, 1, 1, 1, 1, 1, 1, 1, 1, 1, 1, 1, 1, 1, 1, 1, 1, 1, 1, 1, 1, 1, 1, 1, 1, 1, 1, 1, 1, 1, 1, 1, 1, 1, 1, 1, 1, 1, 1, 1, 1, 1, 1, 1, 1, 1, 1, 1, 1, 1]
algo_list[0, 0, 0, 0, 0, 0, 0, 0, 0, 0, 0, 0, 0, 0, 0, 0, 0, 0, 0, 0, 0, 0, 0, 0, 0, 0, 0, 0, 0, 0, 0, 0, 0, 0, 0, 0, 0, 0, 0, 0, 0, 0, 0, 0, 0, 0, 0, 0, 0, 0, 0, 0, 0, 0, 0, 0, 0, 0, 0, 0, 0, 0, 0, 0, 0, 0, 0, 0, 0, 0, 0, 0, 0, 0, 0, 0, 0, 0, 0, 0, 0, 0, 0, 0, 0, 0, 0, 0, 0, 0, 0, 0, 0, 0, 0, 0, 0, 0, 0, 0, 0, 0, 0, 0, 0, 0, 0, 0, 0, 0, 0, 0, 0, 0, 0, 0, 0, 0, 0, 0, 0, 0, 0, 0, 0, 0, 0, 0, 0, 0, 0, 0, 0, 0, 0, 0, 0, 0, 0, 0, 0, 0, 0, 0, 0, 0, 0, 0, 0, 0, 0, 0, 0, 0, 0, 0, 0, 0, 0, 0, 0, 0, 0, 0, 0, 0, 0, 0, 0, 0, 0, 0, 0, 0, 0, 0, 0, 0, 0, 0, 0, 0, 0, 0, 0, 0, 0, 0, 0, 0, 0, 0, 0, 0, 0, 0, 0, 0, 0, 0, 0, 0, 0, 0, 0, 0, 0, 0, 0, 0, 0, 0, 0, 0, 0, 0, 0, 0, 0, 0, 0, 0, 0, 0, 0, 0, 0, 0, 0, 0, 0, 0, 0, 0, 0, 0, 0, 0, 0, 0, 0, 0, 0, 0, 0, 0, 0, 0, 0, 0, 0, 0, 0, 0, 0, 0, 0, 0, 0, 0, 0, 0, 0, 0, 0, 0, 0, 0, 0, 0, 0, 0, 0, 0, 0, 0, 0, 0, 0, 0, 0, 0, 0, 0, 0, 0, 0, 0, 0, 0, 0, 0, 0, 0, 0, 0, 0, 0, 0, 0, 0, 0, 0, 0, 0, 0, 0, 0, 0, 0, 0, 0, 0, 0, 0, 0, 0, 0, 0, 0, 0, 0, 0, 0, 0, 0, 0, 0, 0, 0, 0, 0, 0, 0, 0, 0, 0, 0, 0, 0, 0, 0, 0, 0, 0, 0, 0, 0, 0, 0, 0, 0, 0, 0, 0, 0, 0, 0, 0, 0, 0, 0, 0, 0, 0, 0, 0, 0, 0, 0, 0, 0, 0, 0, 0, 0, 0, 0, 0, 0, 0, 0, 0, 0, 0, 0, 0, 0, 0, 0, 0, 0, 0, 0, 0, 0, 0, 0, 0, 0, 0, 0, 0, 0, 0, 0, 0, 0, 0, 0, 0, 0, 0, 0, 0, 0, 0, 0, 0]

decode|21772.84|47840.50| op = [103, 52, 52, 56, 54, 53, 49]| tp = [1, 1, 1, 1, 1, 1, 1, ] | dp = [2, 1, 1, 1, 1, 1, 1, ] | algo = [0, 0, 0, 0, 0, 0, 0, ] | rc = [55, 28, 24, 20, 16, 17, 6] | gpus = [2, 1, 1, 1, 1, 1, 1] | micro_bs = 8 | time = [21581, 21772, 20889, 21590, 20943, 21384, 21423] | memory = [47295, 47382, 47701, 47840, 47043, 47490, 47717]
验证解
line465:max stage:1, min stage:2, max_value:21772.843337408092, min_value:20889.47875740809
fix|21651.37|47840.50| op = [103, 51, 53, 56, 54, 53, 49]| tp = [1, 1, 1, 1, 1, 1, 1, ] | dp = [2, 1, 1, 1, 1, 1, 1, ] | algo = [0, 0, 0, 0, 0, 0, 0, ] | rc = [55, 27, 26, 20, 16, 17, 6] | gpus = [2, 1, 1, 1, 1, 1, 1] | micro_bs = 8 | time = [21583, 21651, 21163, 21592, 20945, 21386, 21426] | memory = [47295, 47382, 47701, 47840, 47043, 47490, 47717]
best|21651.37|47840.50| op = [103, 51, 53, 56, 54, 53, 49]| tp = [1, 1, 1, 1, 1, 1, 1, ] | dp = [2, 1, 1, 1, 1, 1, 1, ] | algo = [0, 0, 0, 0, 0, 0, 0, ] | rc = [55, 27, 26, 20, 16, 17, 6] | gpus = [2, 1, 1, 1, 1, 1, 1] | micro_bs = 8 | time = [21583, 21651, 21163, 21592, 20945, 21386, 21426] | memory = [47295, 47382, 47701, 47840, 47043, 47490, 47717]
line146:config.memory_list:[47295.16100000008, 47382.0, 47701.099999999984, 47840.5, 47043.0, 47490.0, 47717.203]
line147:config.time_list:[21583.905904989497, 21651.36661212619, 21163.873872126194, 21592.583156454428, 20945.86714305341, 21386.868395212758, 21426.047744811913]
求解成功
config has been saved to /home/liminglong.lml/sxz/SuperScaler/logs-large/aceso/configs/mbs/512/gpt_2_6B_7stages_2026-5-15-13-23-1.json

========== Best Result (num_stages = 7) ==========
|21651.37|47840.50| op = [103, 51, 53, 56, 54, 53, 49]| tp = [1, 1, 1, 1, 1, 1, 1, ] | dp = [2, 1, 1, 1, 1, 1, 1, ] | algo = [0, 0, 0, 0, 0, 0, 0, ] | rc = [55, 27, 26, 20, 16, 17, 6] | gpus = [2, 1, 1, 1, 1, 1, 1] | micro_bs = 8 | time = [21583, 21651, 21163, 21592, 20945, 21386, 21426] | memory = [47295, 47382, 47701, 47840, 47043, 47490, 47717]
start|23166.31|47937.33| op = [105, 52, 52, 52, 52, 52, 54]| tp = [1, 1, 1, 1, 1, 1, 1, ] | dp = [2, 1, 1, 1, 1, 1, 1, ] | algo = [0, 0, 0, 0, 0, 0, 0, ] | rc = [56, 27, 22, 16, 14, 10, 10] | gpus = [2, 1, 1, 1, 1, 1, 1] | micro_bs = 8 | time = [21914, 21311, 20375, 19553, 19258, 18668, 23166] | memory = [47555, 46902, 47701, 46340, 46323, 46306, 47937]
fix|23142.34|47937.20| op = [105, 52, 52, 52, 52, 53, 53]| tp = [1, 1, 1, 1, 1, 1, 1, ] | dp = [2, 1, 1, 1, 1, 1, 1, ] | algo = [0, 0, 0, 0, 0, 0, 0, ] | rc = [56, 27, 22, 16, 14, 10, 10] | gpus = [2, 1, 1, 1, 1, 1, 1] | micro_bs = 8 | time = [21915, 21312, 20375, 19554, 19259, 18729, 23142] | memory = [47555, 46902, 47701, 46340, 46323, 46466, 47937]
fix|22335.30|47877.20| op = [105, 52, 52, 52, 52, 54, 52]| tp = [1, 1, 1, 1, 1, 1, 1, ] | dp = [2, 1, 1, 1, 1, 1, 1, ] | algo = [0, 0, 0, 0, 0, 0, 0, ] | rc = [56, 27, 22, 16, 14, 10, 8] | gpus = [2, 1, 1, 1, 1, 1, 1] | micro_bs = 8 | time = [21912, 21309, 20372, 19551, 19256, 19338, 22335] | memory = [47555, 46902, 47701, 46340, 46323, 47246, 47877]
fix|22655.39|47717.20| op = [105, 52, 52, 52, 53, 54, 51]| tp = [1, 1, 1, 1, 1, 1, 1, ] | dp = [2, 1, 1, 1, 1, 1, 1, ] | algo = [0, 0, 0, 0, 0, 0, 0, ] | rc = [56, 27, 22, 16, 14, 12, 9] | gpus = [2, 1, 1, 1, 1, 1, 1] | micro_bs = 8 | time = [21935, 21332, 20395, 19574, 19340, 20464, 22655] | memory = [47555, 46902, 47701, 46340, 46563, 47246, 47717]
fix|22139.06|47717.20| op = [105, 52, 52, 52, 54, 54, 50]| tp = [1, 1, 1, 1, 1, 1, 1, ] | dp = [2, 1, 1, 1, 1, 1, 1, ] | algo = [0, 0, 0, 0, 0, 0, 0, ] | rc = [56, 27, 22, 16, 14, 12, 8] | gpus = [2, 1, 1, 1, 1, 1, 1] | micro_bs = 8 | time = [21934, 21331, 20394, 19573, 19951, 20296, 22139] | memory = [47555, 46902, 47701, 46340, 47583, 46786, 47717]
fix|21964.93|47717.20| op = [105, 52, 52, 53, 54, 54, 49]| tp = [1, 1, 1, 1, 1, 1, 1, ] | dp = [2, 1, 1, 1, 1, 1, 1, ] | algo = [0, 0, 0, 0, 0, 0, 0, ] | rc = [56, 27, 22, 16, 16, 18, 6] | gpus = [2, 1, 1, 1, 1, 1, 1] | micro_bs = 8 | time = [21964, 21361, 20425, 19664, 21084, 21873, 21397] | memory = [47555, 46902, 47701, 46660, 47583, 47490, 47717]
fix|21878.39|47975.16| op = [104, 52, 52, 54, 54, 54, 49]| tp = [1, 1, 1, 1, 1, 1, 1, ] | dp = [2, 1, 1, 1, 1, 1, 1, ] | algo = [0, 0, 0, 0, 0, 0, 0, ] | rc = [55, 27, 24, 16, 16, 18, 6] | gpus = [2, 1, 1, 1, 1, 1, 1] | micro_bs = 8 | time = [21847, 21402, 20740, 19731, 21089, 21878, 21402] | memory = [47975, 47382, 46501, 47460, 47583, 47490, 47717]
fix|21850.68|47975.16| op = [104, 52, 52, 55, 54, 53, 49]| tp = [1, 1, 1, 1, 1, 1, 1, ] | dp = [2, 1, 1, 1, 1, 1, 1, ] | algo = [0, 0, 0, 0, 0, 0, 0, ] | rc = [55, 27, 24, 18, 16, 17, 6] | gpus = [2, 1, 1, 1, 1, 1, 1] | micro_bs = 8 | time = [21850, 21405, 20743, 20621, 20925, 21366, 21405] | memory = [47975, 47382, 46501, 47440, 47043, 47490, 47717]
fix|21772.84|47840.50| op = [103, 52, 52, 56, 54, 53, 49]| tp = [1, 1, 1, 1, 1, 1, 1, ] | dp = [2, 1, 1, 1, 1, 1, 1, ] | algo = [0, 0, 0, 0, 0, 0, 0, ] | rc = [55, 28, 24, 20, 16, 17, 6] | gpus = [2, 1, 1, 1, 1, 1, 1] | micro_bs = 8 | time = [21581, 21772, 20889, 21590, 20943, 21384, 21423] | memory = [47295, 47382, 47701, 47840, 47043, 47490, 47717]
best|21772.84|47840.50| op = [103, 52, 52, 56, 54, 53, 49]| tp = [1, 1, 1, 1, 1, 1, 1, ] | dp = [2, 1, 1, 1, 1, 1, 1, ] | algo = [0, 0, 0, 0, 0, 0, 0, ] | rc = [55, 28, 24, 20, 16, 17, 6] | gpus = [2, 1, 1, 1, 1, 1, 1] | micro_bs = 8 | time = [21581, 21772, 20889, 21590, 20943, 21384, 21423] | memory = [47295, 47382, 47701, 47840, 47043, 47490, 47717]
decode|21772.84|47840.50| op = [103, 52, 52, 56, 54, 53, 49]| tp = [1, 1, 1, 1, 1, 1, 1, ] | dp = [2, 1, 1, 1, 1, 1, 1, ] | algo = [0, 0, 0, 0, 0, 0, 0, ] | rc = [55, 28, 24, 20, 16, 17, 6] | gpus = [2, 1, 1, 1, 1, 1, 1] | micro_bs = 8 | time = [21581, 21772, 20889, 21590, 20943, 21384, 21423] | memory = [47295, 47382, 47701, 47840, 47043, 47490, 47717]
fix|21651.37|47840.50| op = [103, 51, 53, 56, 54, 53, 49]| tp = [1, 1, 1, 1, 1, 1, 1, ] | dp = [2, 1, 1, 1, 1, 1, 1, ] | algo = [0, 0, 0, 0, 0, 0, 0, ] | rc = [55, 27, 26, 20, 16, 17, 6] | gpus = [2, 1, 1, 1, 1, 1, 1] | micro_bs = 8 | time = [21583, 21651, 21163, 21592, 20945, 21386, 21426] | memory = [47295, 47382, 47701, 47840, 47043, 47490, 47717]
best|21651.37|47840.50| op = [103, 51, 53, 56, 54, 53, 49]| tp = [1, 1, 1, 1, 1, 1, 1, ] | dp = [2, 1, 1, 1, 1, 1, 1, ] | algo = [0, 0, 0, 0, 0, 0, 0, ] | rc = [55, 27, 26, 20, 16, 17, 6] | gpus = [2, 1, 1, 1, 1, 1, 1] | micro_bs = 8 | time = [21583, 21651, 21163, 21592, 20945, 21386, 21426] | memory = [47295, 47382, 47701, 47840, 47043, 47490, 47717]

num_targets: []
num_hops: []
search time = 0.00 s.  [0] 
num_explored_cases = 0
time trend: [23166]

stage 7 search time: 0.26 s
working on num_stages = 8
start|23827.15|47817.33| op = [52, 52, 52, 52, 52, 52, 52, 55]| tp = [1, 1, 1, 1, 1, 1, 1, 1, ] | dp = [1, 1, 1, 1, 1, 1, 1, 1, ] | algo = [0, 0, 0, 0, 0, 0, 0, 0, ] | rc = [38, 36, 27, 24, 16, 14, 10, 12] | gpus = [1, 1, 1, 1, 1, 1, 1, 1] | micro_bs = 8 | time = [22218, 22051, 21672, 21009, 19914, 19619, 19028, 23827] | memory = [47779, 46939, 47382, 46501, 46660, 46563, 46466, 47817]
line465:max stage:7, min stage:6, max_value:23827.147633547494, min_value:19028.94091478057
fix|23485.79|47937.33| op = [52, 52, 52, 52, 52, 52, 53, 54]| tp = [1, 1, 1, 1, 1, 1, 1, 1, ] | dp = [1, 1, 1, 1, 1, 1, 1, 1, ] | algo = [0, 0, 0, 0, 0, 0, 0, 0, ] | rc = [38, 36, 27, 24, 16, 14, 10, 10] | gpus = [1, 1, 1, 1, 1, 1, 1, 1] | micro_bs = 8 | time = [22213, 22046, 21667, 21004, 19909, 19614, 19050, 23485] | memory = [47779, 46939, 47382, 46501, 46660, 46563, 46706, 47937]
cv:0.06690585904865776
line465:max stage:7, min stage:6, max_value:23485.790137750035, min_value:19050.34642798311
fix|23461.82|47937.20| op = [52, 52, 52, 52, 52, 52, 54, 53]| tp = [1, 1, 1, 1, 1, 1, 1, 1, ] | dp = [1, 1, 1, 1, 1, 1, 1, 1, ] | algo = [0, 0, 0, 0, 0, 0, 0, 0, ] | rc = [38, 36, 27, 24, 16, 14, 10, 10] | gpus = [1, 1, 1, 1, 1, 1, 1, 1] | micro_bs = 8 | time = [22213, 22047, 21667, 21005, 19909, 19614, 19111, 23461] | memory = [47779, 46939, 47382, 46501, 46660, 46563, 46866, 47937]
cv:0.06612351479205261
line465:max stage:7, min stage:6, max_value:23461.82219681056, min_value:19111.727233043635
fix|22654.78|47877.20| op = [52, 52, 52, 52, 52, 52, 55, 52]| tp = [1, 1, 1, 1, 1, 1, 1, 1, ] | dp = [1, 1, 1, 1, 1, 1, 1, 1, ] | algo = [0, 0, 0, 0, 0, 0, 0, 0, ] | rc = [38, 36, 27, 24, 16, 14, 10, 8] | gpus = [1, 1, 1, 1, 1, 1, 1, 1] | micro_bs = 8 | time = [22210, 22044, 21664, 21002, 19906, 19611, 19720, 22654] | memory = [47779, 46939, 47382, 46501, 46660, 46563, 47646, 47877]
cv:0.054061662144356835
line465:max stage:7, min stage:5, max_value:22654.775682746655, min_value:19611.803200971313
fix|22973.71|47779.62| op = [52, 52, 52, 52, 52, 53, 55, 51]| tp = [1, 1, 1, 1, 1, 1, 1, 1, ] | dp = [1, 1, 1, 1, 1, 1, 1, 1, ] | algo = [0, 0, 0, 0, 0, 0, 0, 0, ] | rc = [38, 36, 27, 24, 16, 14, 12, 9] | gpus = [1, 1, 1, 1, 1, 1, 1, 1] | micro_bs = 8 | time = [22232, 22066, 21686, 21024, 19928, 19660, 20807, 22973] | memory = [47779, 46939, 47382, 46501, 46660, 46923, 47246, 47717]
cv:0.05061281402007366
line465:max stage:7, min stage:5, max_value:22973.71481246333, min_value:19660.162340924944
fix|22456.66|47779.62| op = [52, 52, 52, 52, 52, 54, 55, 50]| tp = [1, 1, 1, 1, 1, 1, 1, 1, ] | dp = [1, 1, 1, 1, 1, 1, 1, 1, ] | algo = [0, 0, 0, 0, 0, 0, 0, 0, ] | rc = [38, 36, 27, 24, 16, 14, 12, 8] | gpus = [1, 1, 1, 1, 1, 1, 1, 1] | micro_bs = 8 | time = [22230, 22064, 21685, 21022, 19927, 19719, 21144, 22456] | memory = [47779, 46939, 47382, 46501, 46660, 47163, 47246, 47717]
cv:0.04525251809355645
line465:max stage:7, min stage:5, max_value:22456.663756988277, min_value:19719.13057098547
fix|22244.12|47810.00| op = [52, 52, 52, 52, 52, 55, 55, 49]| tp = [1, 1, 1, 1, 1, 1, 1, 1, ] | dp = [1, 1, 1, 1, 1, 1, 1, 1, ] | algo = [0, 0, 0, 0, 0, 0, 0, 0, ] | rc = [38, 36, 27, 24, 16, 16, 17, 6] | gpus = [1, 1, 1, 1, 1, 1, 1, 1] | micro_bs = 8 | time = [22244, 22077, 21698, 21035, 19940, 20618, 21876, 21697] | memory = [47779, 46939, 47382, 46501, 46660, 47223, 47810, 47717]
cv:0.03485895400691115
line465:max stage:0, min stage:4, max_value:22244.118291225383, min_value:19940.352280913146
fix|22301.63|47810.00| op = [51, 52, 52, 52, 53, 55, 55, 49]| tp = [1, 1, 1, 1, 1, 1, 1, 1, ] | dp = [1, 1, 1, 1, 1, 1, 1, 1, ] | algo = [0, 0, 0, 0, 0, 0, 0, 0, ] | rc = [36, 40, 28, 24, 18, 16, 17, 6] | gpus = [1, 1, 1, 1, 1, 1, 1, 1] | micro_bs = 8 | time = [21671, 22301, 22063, 21180, 20907, 20634, 21893, 21714] | memory = [47300, 46657, 47382, 47701, 47060, 47223, 47810, 47717]
cv:0.025288139475764748
line465:max stage:1, min stage:5, max_value:22301.63288518646, min_value:20634.88359505729
fix|22177.77|47810.00| op = [51, 51, 52, 52, 53, 56, 55, 49]| tp = [1, 1, 1, 1, 1, 1, 1, 1, ] | dp = [1, 1, 1, 1, 1, 1, 1, 1, ] | algo = [0, 0, 0, 0, 0, 0, 0, 0, ] | rc = [36, 39, 27, 24, 18, 18, 17, 6] | gpus = [1, 1, 1, 1, 1, 1, 1, 1] | micro_bs = 8 | time = [21671, 22177, 21808, 21088, 20425, 21585, 21893, 21714] | memory = [47300, 46657, 47142, 47701, 47620, 47623, 47810, 47717]
cv:0.023773564475559984
line465:max stage:1, min stage:4, max_value:22177.77431915191, min_value:20425.79692415191
fix|21887.86|47941.38| op = [51, 50, 52, 52, 54, 56, 55, 49]| tp = [1, 1, 1, 1, 1, 1, 1, 1, ] | dp = [1, 1, 1, 1, 1, 1, 1, 1, ] | algo = [0, 0, 0, 0, 0, 0, 0, 0, ] | rc = [36, 30, 27, 24, 20, 18, 17, 6] | gpus = [1, 1, 1, 1, 1, 1, 1, 1] | micro_bs = 8 | time = [21666, 21086, 21709, 21046, 21275, 21580, 21887, 21708] | memory = [47300, 47941, 47382, 46501, 47060, 47623, 47810, 47717]
best|21887.86|47941.38| op = [51, 50, 52, 52, 54, 56, 55, 49]| tp = [1, 1, 1, 1, 1, 1, 1, 1, ] | dp = [1, 1, 1, 1, 1, 1, 1, 1, ] | algo = [0, 0, 0, 0, 0, 0, 0, 0, ] | rc = [36, 30, 27, 24, 20, 18, 17, 6] | gpus = [1, 1, 1, 1, 1, 1, 1, 1] | micro_bs = 8 | time = [21666, 21086, 21709, 21046, 21275, 21580, 21887, 21708] | memory = [47300, 47941, 47382, 46501, 47060, 47623, 47810, 47717]
line146:config.memory_list:[47300.496000000014, 47941.375, 47382.0, 46501.0, 47060.0, 47623.375, 47810.0, 47717.203]
line147:config.time_list:[21666.15720985555, 21086.72423647522, 21709.107860838318, 21046.58442583832, 21275.418245475215, 21580.14461055174, 21887.863792150718, 21708.73691990922]
------------------------------------------------------------------------------------------------------
cegis_search for the 0th times
开始求解check...
line351:
tp_list[1, 1, 1, 1, 1, 1, 1, 1, 1, 1, 1, 1, 1, 1, 1, 1, 1, 1, 1, 1, 1, 1, 1, 1, 1, 1, 1, 1, 1, 1, 1, 1, 1, 1, 1, 1, 1, 1, 1, 1, 1, 1, 1, 1, 1, 1, 1, 1, 1, 1, 1, 1, 1, 1, 1, 1, 1, 1, 1, 1, 1, 1, 1, 1, 1, 1, 1, 1, 1, 1, 1, 1, 1, 1, 1, 1, 1, 1, 1, 1, 1, 1, 1, 1, 1, 1, 1, 1, 1, 1, 1, 1, 1, 1, 1, 1, 1, 1, 1, 1, 1, 1, 1, 1, 1, 1, 1, 1, 1, 1, 1, 1, 1, 1, 1, 1, 1, 1, 1, 1, 1, 1, 1, 1, 1, 1, 1, 1, 1, 1, 1, 1, 1, 1, 1, 1, 1, 1, 1, 1, 1, 1, 1, 1, 1, 1, 1, 1, 1, 1, 1, 1, 1, 1, 1, 1, 1, 1, 1, 1, 1, 1, 1, 1, 1, 1, 1, 1, 1, 1, 1, 1, 1, 1, 1, 1, 1, 1, 1, 1, 1, 1, 1, 1, 1, 1, 1, 1, 1, 1, 1, 1, 1, 1, 1, 1, 1, 1, 1, 1, 1, 1, 1, 1, 1, 1, 1, 1, 1, 1, 1, 1, 1, 1, 1, 1, 1, 1, 1, 1, 1, 1, 1, 1, 1, 1, 1, 1, 1, 1, 1, 1, 1, 1, 1, 1, 1, 1, 1, 1, 1, 1, 1, 1, 1, 1, 1, 1, 1, 1, 1, 1, 1, 1, 1, 1, 1, 1, 1, 1, 1, 1, 1, 1, 1, 1, 1, 1, 1, 1, 1, 1, 1, 1, 1, 1, 1, 1, 1, 1, 1, 1, 1, 1, 1, 1, 1, 1, 1, 1, 1, 1, 1, 1, 1, 1, 1, 1, 1, 1, 1, 1, 1, 1, 1, 1, 1, 1, 1, 1, 1, 1, 1, 1, 1, 1, 1, 1, 1, 1, 1, 1, 1, 1, 1, 1, 1, 1, 1, 1, 1, 1, 1, 1, 1, 1, 1, 1, 1, 1, 1, 1, 1, 1, 1, 1, 1, 1, 1, 1, 1, 1, 1, 1, 1, 1, 1, 1, 1, 1, 1, 1, 1, 1, 1, 1, 1, 1, 1, 1, 1, 1, 1, 1, 1, 1, 1, 1, 1, 1, 1, 1, 1, 1, 1, 1, 1, 1, 1, 1, 1, 1, 1, 1, 1, 1, 1, 1, 1, 1, 1, 1, 1, 1, 1, 1, 1, 1, 1, 1, 1, 1, 1, 1, 1, 1, 1, 1, 1]
dp_list[1, 1, 1, 1, 1, 1, 1, 1, 1, 1, 1, 1, 1, 1, 1, 1, 1, 1, 1, 1, 1, 1, 1, 1, 1, 1, 1, 1, 1, 1, 1, 1, 1, 1, 1, 1, 1, 1, 1, 1, 1, 1, 1, 1, 1, 1, 1, 1, 1, 1, 1, 1, 1, 1, 1, 1, 1, 1, 1, 1, 1, 1, 1, 1, 1, 1, 1, 1, 1, 1, 1, 1, 1, 1, 1, 1, 1, 1, 1, 1, 1, 1, 1, 1, 1, 1, 1, 1, 1, 1, 1, 1, 1, 1, 1, 1, 1, 1, 1, 1, 1, 1, 1, 1, 1, 1, 1, 1, 1, 1, 1, 1, 1, 1, 1, 1, 1, 1, 1, 1, 1, 1, 1, 1, 1, 1, 1, 1, 1, 1, 1, 1, 1, 1, 1, 1, 1, 1, 1, 1, 1, 1, 1, 1, 1, 1, 1, 1, 1, 1, 1, 1, 1, 1, 1, 1, 1, 1, 1, 1, 1, 1, 1, 1, 1, 1, 1, 1, 1, 1, 1, 1, 1, 1, 1, 1, 1, 1, 1, 1, 1, 1, 1, 1, 1, 1, 1, 1, 1, 1, 1, 1, 1, 1, 1, 1, 1, 1, 1, 1, 1, 1, 1, 1, 1, 1, 1, 1, 1, 1, 1, 1, 1, 1, 1, 1, 1, 1, 1, 1, 1, 1, 1, 1, 1, 1, 1, 1, 1, 1, 1, 1, 1, 1, 1, 1, 1, 1, 1, 1, 1, 1, 1, 1, 1, 1, 1, 1, 1, 1, 1, 1, 1, 1, 1, 1, 1, 1, 1, 1, 1, 1, 1, 1, 1, 1, 1, 1, 1, 1, 1, 1, 1, 1, 1, 1, 1, 1, 1, 1, 1, 1, 1, 1, 1, 1, 1, 1, 1, 1, 1, 1, 1, 1, 1, 1, 1, 1, 1, 1, 1, 1, 1, 1, 1, 1, 1, 1, 1, 1, 1, 1, 1, 1, 1, 1, 1, 1, 1, 1, 1, 1, 1, 1, 1, 1, 1, 1, 1, 1, 1, 1, 1, 1, 1, 1, 1, 1, 1, 1, 1, 1, 1, 1, 1, 1, 1, 1, 1, 1, 1, 1, 1, 1, 1, 1, 1, 1, 1, 1, 1, 1, 1, 1, 1, 1, 1, 1, 1, 1, 1, 1, 1, 1, 1, 1, 1, 1, 1, 1, 1, 1, 1, 1, 1, 1, 1, 1, 1, 1, 1, 1, 1, 1, 1, 1, 1, 1, 1, 1, 1, 1, 1, 1, 1, 1, 1, 1, 1, 1, 1, 1, 1, 1, 1, 1, 1, 1, 1]
algo_list[0, 0, 0, 0, 0, 0, 0, 0, 0, 0, 0, 0, 0, 0, 0, 0, 0, 0, 0, 0, 0, 0, 0, 0, 0, 0, 0, 0, 0, 0, 0, 0, 0, 0, 0, 0, 0, 0, 0, 0, 0, 0, 0, 0, 0, 0, 0, 0, 0, 0, 0, 0, 0, 0, 0, 0, 0, 0, 0, 0, 0, 0, 0, 0, 0, 0, 0, 0, 0, 0, 0, 0, 0, 0, 0, 0, 0, 0, 0, 0, 0, 0, 0, 0, 0, 0, 0, 0, 0, 0, 0, 0, 0, 0, 0, 0, 0, 0, 0, 0, 0, 0, 0, 0, 0, 0, 0, 0, 0, 0, 0, 0, 0, 0, 0, 0, 0, 0, 0, 0, 0, 0, 0, 0, 0, 0, 0, 0, 0, 0, 0, 0, 0, 0, 0, 0, 0, 0, 0, 0, 0, 0, 0, 0, 0, 0, 0, 0, 0, 0, 0, 0, 0, 0, 0, 0, 0, 0, 0, 0, 0, 0, 0, 0, 0, 0, 0, 0, 0, 0, 0, 0, 0, 0, 0, 0, 0, 0, 0, 0, 0, 0, 0, 0, 0, 0, 0, 0, 0, 0, 0, 0, 0, 0, 0, 0, 0, 0, 0, 0, 0, 0, 0, 0, 0, 0, 0, 0, 0, 0, 0, 0, 0, 0, 0, 0, 0, 0, 0, 0, 0, 0, 0, 0, 0, 0, 0, 0, 0, 0, 0, 0, 0, 0, 0, 0, 0, 0, 0, 0, 0, 0, 0, 0, 0, 0, 0, 0, 0, 0, 0, 0, 0, 0, 0, 0, 0, 0, 0, 0, 0, 0, 0, 0, 0, 0, 0, 0, 0, 0, 0, 0, 0, 0, 0, 0, 0, 0, 0, 0, 0, 0, 0, 0, 0, 0, 0, 0, 0, 0, 0, 0, 0, 0, 0, 0, 0, 0, 0, 0, 0, 0, 0, 0, 0, 0, 0, 0, 0, 0, 0, 0, 0, 0, 0, 0, 0, 0, 0, 0, 0, 0, 0, 0, 0, 0, 0, 0, 0, 0, 0, 0, 0, 0, 0, 0, 0, 0, 0, 0, 0, 0, 0, 0, 0, 0, 0, 0, 0, 0, 0, 0, 0, 0, 0, 0, 0, 0, 0, 0, 0, 0, 0, 0, 0, 0, 0, 0, 0, 0, 0, 0, 0, 0, 0, 0, 0, 0, 0, 0, 0, 0, 0, 0, 0, 0, 0, 0, 0, 0, 0, 0, 0, 0, 0, 0, 0, 0, 0, 0, 0, 0, 0, 0, 0, 0, 0, 0, 0, 0, 0, 0, 0, 0, 0, 0, 0, 0, 0]

decode|21887.86|47941.38| op = [51, 50, 52, 52, 54, 56, 55, 49]| tp = [1, 1, 1, 1, 1, 1, 1, 1, ] | dp = [1, 1, 1, 1, 1, 1, 1, 1, ] | algo = [0, 0, 0, 0, 0, 0, 0, 0, ] | rc = [36, 30, 27, 24, 20, 18, 17, 6] | gpus = [1, 1, 1, 1, 1, 1, 1, 1] | micro_bs = 8 | time = [21666, 21086, 21709, 21046, 21275, 21580, 21887, 21708] | memory = [47300, 47941, 47382, 46501, 47060, 47623, 47810, 47717]
验证解
line465:max stage:6, min stage:3, max_value:21887.863792150718, min_value:21046.58442583832
fix|22218.80|47941.38| op = [51, 50, 52, 53, 54, 56, 54, 49]| tp = [1, 1, 1, 1, 1, 1, 1, 1, ] | dp = [1, 1, 1, 1, 1, 1, 1, 1, ] | algo = [0, 0, 0, 0, 0, 0, 0, 0, ] | rc = [36, 30, 27, 26, 20, 18, 18, 6] | gpus = [1, 1, 1, 1, 1, 1, 1, 1] | micro_bs = 8 | time = [21691, 21111, 21733, 22218, 21245, 21781, 22209, 21733] | memory = [47300, 47941, 47382, 47541, 47060, 47223, 47490, 47717]
cv:0.01699117483850881
line465:max stage:3, min stage:1, max_value:22218.804606613234, min_value:21111.57152350185
fix|22210.70|47717.20| op = [51, 51, 52, 52, 54, 56, 54, 49]| tp = [1, 1, 1, 1, 1, 1, 1, 1, ] | dp = [1, 1, 1, 1, 1, 1, 1, 1, ] | algo = [0, 0, 0, 0, 0, 0, 0, 0, ] | rc = [36, 39, 27, 24, 20, 18, 18, 6] | gpus = [1, 1, 1, 1, 1, 1, 1, 1] | micro_bs = 8 | time = [21692, 22197, 21828, 21108, 21246, 21782, 22210, 21734] | memory = [47300, 46657, 47142, 47701, 47060, 47223, 47490, 47717]
cv:0.016944701719055877
line465:max stage:6, min stage:3, max_value:22210.69508095564, min_value:21108.59971098046
fix|22191.38|47717.20| op = [51, 51, 52, 53, 54, 56, 53, 49]| tp = [1, 1, 1, 1, 1, 1, 1, 1, ] | dp = [1, 1, 1, 1, 1, 1, 1, 1, ] | algo = [0, 0, 0, 0, 0, 0, 0, 0, ] | rc = [36, 39, 27, 26, 18, 16, 17, 6] | gpus = [1, 1, 1, 1, 1, 1, 1, 1] | micro_bs = 8 | time = [21685, 22191, 21822, 21465, 20947, 21802, 21688, 21728] | memory = [47300, 46657, 47142, 47701, 47540, 47583, 47490, 47717]
cv:0.01530394936685262
line465:max stage:1, min stage:4, max_value:22191.379971068593, min_value:20947.865154784722
fix|22211.47|47941.38| op = [51, 50, 52, 53, 55, 56, 53, 49]| tp = [1, 1, 1, 1, 1, 1, 1, 1, ] | dp = [1, 1, 1, 1, 1, 1, 1, 1, ] | algo = [0, 0, 0, 0, 0, 0, 0, 0, ] | rc = [36, 30, 27, 26, 20, 16, 17, 6] | gpus = [1, 1, 1, 1, 1, 1, 1, 1] | micro_bs = 8 | time = [21683, 21104, 21726, 22211, 21264, 21800, 21687, 21726] | memory = [47300, 47941, 47382, 47541, 47540, 47583, 47490, 47717]
best|21887.86|47941.38| op = [51, 50, 52, 52, 54, 56, 55, 49]| tp = [1, 1, 1, 1, 1, 1, 1, 1, ] | dp = [1, 1, 1, 1, 1, 1, 1, 1, ] | algo = [0, 0, 0, 0, 0, 0, 0, 0, ] | rc = [36, 30, 27, 24, 20, 18, 17, 6] | gpus = [1, 1, 1, 1, 1, 1, 1, 1] | micro_bs = 8 | time = [21666, 21086, 21709, 21046, 21275, 21580, 21887, 21708] | memory = [47300, 47941, 47382, 46501, 47060, 47623, 47810, 47717]
line146:config.memory_list:[47300.496000000014, 47941.375, 47382.0, 46501.0, 47060.0, 47623.375, 47810.0, 47717.203]
line147:config.time_list:[21666.15720985555, 21086.72423647522, 21709.107860838318, 21046.58442583832, 21275.418245475215, 21580.14461055174, 21887.863792150718, 21708.73691990922]
求解成功
config has been saved to /home/liminglong.lml/sxz/SuperScaler/logs-large/aceso/configs/mbs/512/gpt_2_6B_8stages_2026-5-15-13-23-1.json

========== Best Result (num_stages = 8) ==========
|21887.86|47941.38| op = [51, 50, 52, 52, 54, 56, 55, 49]| tp = [1, 1, 1, 1, 1, 1, 1, 1, ] | dp = [1, 1, 1, 1, 1, 1, 1, 1, ] | algo = [0, 0, 0, 0, 0, 0, 0, 0, ] | rc = [36, 30, 27, 24, 20, 18, 17, 6] | gpus = [1, 1, 1, 1, 1, 1, 1, 1] | micro_bs = 8 | time = [21666, 21086, 21709, 21046, 21275, 21580, 21887, 21708] | memory = [47300, 47941, 47382, 46501, 47060, 47623, 47810, 47717]
start|23827.15|47817.33| op = [52, 52, 52, 52, 52, 52, 52, 55]| tp = [1, 1, 1, 1, 1, 1, 1, 1, ] | dp = [1, 1, 1, 1, 1, 1, 1, 1, ] | algo = [0, 0, 0, 0, 0, 0, 0, 0, ] | rc = [38, 36, 27, 24, 16, 14, 10, 12] | gpus = [1, 1, 1, 1, 1, 1, 1, 1] | micro_bs = 8 | time = [22218, 22051, 21672, 21009, 19914, 19619, 19028, 23827] | memory = [47779, 46939, 47382, 46501, 46660, 46563, 46466, 47817]
fix|23485.79|47937.33| op = [52, 52, 52, 52, 52, 52, 53, 54]| tp = [1, 1, 1, 1, 1, 1, 1, 1, ] | dp = [1, 1, 1, 1, 1, 1, 1, 1, ] | algo = [0, 0, 0, 0, 0, 0, 0, 0, ] | rc = [38, 36, 27, 24, 16, 14, 10, 10] | gpus = [1, 1, 1, 1, 1, 1, 1, 1] | micro_bs = 8 | time = [22213, 22046, 21667, 21004, 19909, 19614, 19050, 23485] | memory = [47779, 46939, 47382, 46501, 46660, 46563, 46706, 47937]
fix|23461.82|47937.20| op = [52, 52, 52, 52, 52, 52, 54, 53]| tp = [1, 1, 1, 1, 1, 1, 1, 1, ] | dp = [1, 1, 1, 1, 1, 1, 1, 1, ] | algo = [0, 0, 0, 0, 0, 0, 0, 0, ] | rc = [38, 36, 27, 24, 16, 14, 10, 10] | gpus = [1, 1, 1, 1, 1, 1, 1, 1] | micro_bs = 8 | time = [22213, 22047, 21667, 21005, 19909, 19614, 19111, 23461] | memory = [47779, 46939, 47382, 46501, 46660, 46563, 46866, 47937]
fix|22654.78|47877.20| op = [52, 52, 52, 52, 52, 52, 55, 52]| tp = [1, 1, 1, 1, 1, 1, 1, 1, ] | dp = [1, 1, 1, 1, 1, 1, 1, 1, ] | algo = [0, 0, 0, 0, 0, 0, 0, 0, ] | rc = [38, 36, 27, 24, 16, 14, 10, 8] | gpus = [1, 1, 1, 1, 1, 1, 1, 1] | micro_bs = 8 | time = [22210, 22044, 21664, 21002, 19906, 19611, 19720, 22654] | memory = [47779, 46939, 47382, 46501, 46660, 46563, 47646, 47877]
fix|22973.71|47779.62| op = [52, 52, 52, 52, 52, 53, 55, 51]| tp = [1, 1, 1, 1, 1, 1, 1, 1, ] | dp = [1, 1, 1, 1, 1, 1, 1, 1, ] | algo = [0, 0, 0, 0, 0, 0, 0, 0, ] | rc = [38, 36, 27, 24, 16, 14, 12, 9] | gpus = [1, 1, 1, 1, 1, 1, 1, 1] | micro_bs = 8 | time = [22232, 22066, 21686, 21024, 19928, 19660, 20807, 22973] | memory = [47779, 46939, 47382, 46501, 46660, 46923, 47246, 47717]
fix|22456.66|47779.62| op = [52, 52, 52, 52, 52, 54, 55, 50]| tp = [1, 1, 1, 1, 1, 1, 1, 1, ] | dp = [1, 1, 1, 1, 1, 1, 1, 1, ] | algo = [0, 0, 0, 0, 0, 0, 0, 0, ] | rc = [38, 36, 27, 24, 16, 14, 12, 8] | gpus = [1, 1, 1, 1, 1, 1, 1, 1] | micro_bs = 8 | time = [22230, 22064, 21685, 21022, 19927, 19719, 21144, 22456] | memory = [47779, 46939, 47382, 46501, 46660, 47163, 47246, 47717]
fix|22244.12|47810.00| op = [52, 52, 52, 52, 52, 55, 55, 49]| tp = [1, 1, 1, 1, 1, 1, 1, 1, ] | dp = [1, 1, 1, 1, 1, 1, 1, 1, ] | algo = [0, 0, 0, 0, 0, 0, 0, 0, ] | rc = [38, 36, 27, 24, 16, 16, 17, 6] | gpus = [1, 1, 1, 1, 1, 1, 1, 1] | micro_bs = 8 | time = [22244, 22077, 21698, 21035, 19940, 20618, 21876, 21697] | memory = [47779, 46939, 47382, 46501, 46660, 47223, 47810, 47717]
fix|22301.63|47810.00| op = [51, 52, 52, 52, 53, 55, 55, 49]| tp = [1, 1, 1, 1, 1, 1, 1, 1, ] | dp = [1, 1, 1, 1, 1, 1, 1, 1, ] | algo = [0, 0, 0, 0, 0, 0, 0, 0, ] | rc = [36, 40, 28, 24, 18, 16, 17, 6] | gpus = [1, 1, 1, 1, 1, 1, 1, 1] | micro_bs = 8 | time = [21671, 22301, 22063, 21180, 20907, 20634, 21893, 21714] | memory = [47300, 46657, 47382, 47701, 47060, 47223, 47810, 47717]
fix|22177.77|47810.00| op = [51, 51, 52, 52, 53, 56, 55, 49]| tp = [1, 1, 1, 1, 1, 1, 1, 1, ] | dp = [1, 1, 1, 1, 1, 1, 1, 1, ] | algo = [0, 0, 0, 0, 0, 0, 0, 0, ] | rc = [36, 39, 27, 24, 18, 18, 17, 6] | gpus = [1, 1, 1, 1, 1, 1, 1, 1] | micro_bs = 8 | time = [21671, 22177, 21808, 21088, 20425, 21585, 21893, 21714] | memory = [47300, 46657, 47142, 47701, 47620, 47623, 47810, 47717]
fix|21887.86|47941.38| op = [51, 50, 52, 52, 54, 56, 55, 49]| tp = [1, 1, 1, 1, 1, 1, 1, 1, ] | dp = [1, 1, 1, 1, 1, 1, 1, 1, ] | algo = [0, 0, 0, 0, 0, 0, 0, 0, ] | rc = [36, 30, 27, 24, 20, 18, 17, 6] | gpus = [1, 1, 1, 1, 1, 1, 1, 1] | micro_bs = 8 | time = [21666, 21086, 21709, 21046, 21275, 21580, 21887, 21708] | memory = [47300, 47941, 47382, 46501, 47060, 47623, 47810, 47717]
best|21887.86|47941.38| op = [51, 50, 52, 52, 54, 56, 55, 49]| tp = [1, 1, 1, 1, 1, 1, 1, 1, ] | dp = [1, 1, 1, 1, 1, 1, 1, 1, ] | algo = [0, 0, 0, 0, 0, 0, 0, 0, ] | rc = [36, 30, 27, 24, 20, 18, 17, 6] | gpus = [1, 1, 1, 1, 1, 1, 1, 1] | micro_bs = 8 | time = [21666, 21086, 21709, 21046, 21275, 21580, 21887, 21708] | memory = [47300, 47941, 47382, 46501, 47060, 47623, 47810, 47717]
decode|21887.86|47941.38| op = [51, 50, 52, 52, 54, 56, 55, 49]| tp = [1, 1, 1, 1, 1, 1, 1, 1, ] | dp = [1, 1, 1, 1, 1, 1, 1, 1, ] | algo = [0, 0, 0, 0, 0, 0, 0, 0, ] | rc = [36, 30, 27, 24, 20, 18, 17, 6] | gpus = [1, 1, 1, 1, 1, 1, 1, 1] | micro_bs = 8 | time = [21666, 21086, 21709, 21046, 21275, 21580, 21887, 21708] | memory = [47300, 47941, 47382, 46501, 47060, 47623, 47810, 47717]
best|21887.86|47941.38| op = [51, 50, 52, 52, 54, 56, 55, 49]| tp = [1, 1, 1, 1, 1, 1, 1, 1, ] | dp = [1, 1, 1, 1, 1, 1, 1, 1, ] | algo = [0, 0, 0, 0, 0, 0, 0, 0, ] | rc = [36, 30, 27, 24, 20, 18, 17, 6] | gpus = [1, 1, 1, 1, 1, 1, 1, 1] | micro_bs = 8 | time = [21666, 21086, 21709, 21046, 21275, 21580, 21887, 21708] | memory = [47300, 47941, 47382, 46501, 47060, 47623, 47810, 47717]

num_targets: []
num_hops: []
search time = 0.00 s.  [0] 
num_explored_cases = 0
time trend: [23827]

stage 8 search time: 0.24 s
# of stages	est_iteration_time(s)	est_thpt(samples/s)	est_mem(MB)	# of explored cases
2          	17.98                	28.47              	47946      	0                  
3          	19.14                	26.76              	47649      	0                  
4          	19.42                	26.37              	47941      	0                  

overall search time: 2.81 s
stage 0 search time: 0.07 s
stage 1 search time: 0.17 s
stage 2 search time: 0.39 s
stage 3 search time: 0.50 s
stage 4 search time: 0.84 s
stage 5 search time: 0.34 s
stage 6 search time: 0.26 s
stage 7 search time: 0.24 s
