/usr/local/lib/python3.8/dist-packages/torch/distributed/launch.py:178: FutureWarning: The module torch.distributed.launch is deprecated
and will be removed in future. Use torchrun.
Note that --use_env is set by default in torchrun.
If your script expects `--local_rank` argument to be set, please
change it to read from `os.environ['LOCAL_RANK']` instead. See 
https://pytorch.org/docs/stable/distributed.html#launch-utility for 
further instructions

  warnings.warn(
WARNING:torch.distributed.run:
*****************************************
Setting OMP_NUM_THREADS environment variable for each process to be 1 in default, to avoid your system being overloaded, please further tune the variable for optimal performance in your application as needed. 
*****************************************
[W socket.cpp:401] [c10d] The server socket cannot be initialized on [::]:7000 (errno: 97 - Address family not supported by protocol).
[W socket.cpp:558] [c10d] The client socket cannot be initialized to connect to [::ffff:127.0.0.1]:7000 (errno: 97 - Address family not supported by protocol).
[W socket.cpp:558] [c10d] The client socket cannot be initialized to connect to [localhost]:7000 (errno: 97 - Address family not supported by protocol).
[FlexPipe] using world size: 8, data-parallel-size: [[2, 2, 2, 2, 2, 2, 2, 2, 2, 2, 2, 2, 2, 2, 2, 2, 2, 2, 2, 2, 2, 2, 2, 2, 2, 2, 2, 2, 2, 2, 2, 2, 2, 2, 2, 2, 2, 2, 2, 2, 2, 2, 2, 2, 2, 2, 2, 2, 2, 2, 2, 2, 2, 2, 2, 2, 2, 2, 2, 2, 2, 2, 2, 2, 2, 2, 2, 2, 2, 2, 2, 2, 2, 2, 2, 2, 2, 2, 2, 2, 2, 2, 2, 2, 2, 2, 2, 2, 2, 2, 2, 2, 2, 2, 2, 2, 2, 2, 2, 2, 2, 2, 2, 2, 2, 2, 2, 2, 2, 2, 2, 2, 2, 2, 2, 2, 2, 2, 2, 2, 2, 2, 2, 2, 2, 2, 2, 2, 2, 2, 2, 2, 2, 2, 2, 2, 2, 2, 2, 2, 2, 2, 2, 2, 2, 2, 2, 2, 2, 2, 2, 2, 2, 2, 2, 2, 2, 2, 2, 2, 2, 2, 2, 2, 2, 2, 2, 2, 2, 2, 2, 2, 2, 2, 2, 2, 2, 2, 2, 2, 2, 2, 2, 2, 2, 2, 2, 2, 2, 2, 2, 2, 2, 2, 2, 2, 2, 2, 2, 2, 2, 2, 2, 2, 2, 2, 2, 2, 2, 2, 2, 2, 2, 2, 2, 2, 2, 2, 2, 2, 2, 2, 2, 2, 2, 2, 2, 2, 2, 2, 2, 2, 2, 2, 2, 2, 2, 2, 2, 2, 2, 2, 2, 2, 2, 2, 2, 2, 2, 2, 2, 2, 2, 2, 2, 2, 2, 2, 2, 2, 2, 2, 2, 2, 2, 2, 2, 2, 2, 2, 2, 2, 2, 2, 2, 2, 2, 2, 2, 2, 2, 2, 2, 2, 2, 2, 2, 2, 2, 2, 2, 2, 2, 2, 2, 2, 2, 2, 2, 2, 2, 2, 2, 2, 2, 2, 2, 2, 2, 2, 2, 2, 2, 2, 2, 2, 2, 2, 2, 2, 2, 2, 2, 2, 2, 2, 2, 2, 2, 2, 2, 2, 2, 2, 2, 2, 2, 2, 2, 2, 2, 2, 2, 2, 2, 2, 2, 2, 2, 2, 2, 2, 2, 2, 2, 2, 2, 2, 2, 2, 2, 2, 2, 2, 2, 2, 2, 2, 2, 2, 2, 2, 2, 2, 2, 2, 2, 2, 2, 2, 2, 2, 2, 2, 2, 2, 2, 2, 2, 2, 2, 2, 2, 2, 2, 2, 2, 2, 2, 2, 2, 2, 2, 2, 2, 2, 2, 2, 2, 2, 2, 2, 2, 2, 2, 2, 2, 2, 2, 2, 2, 2, 2, 2, 2, 2, 2, 2, 2, 2, 2, 2, 2, 2, 2, 2, 2, 2, 2, 2, 2, 2, 2, 2, 2, 2, 2, 2, 2, 2, 2, 2, 2, 2, 2, 2, 2, 2, 2, 2, 2, 2, 2, 2, 2, 2, 2, 2, 2, 2, 2, 2, 2, 2, 2, 2, 2, 2, 2, 2, 2, 2, 2, 2, 2, 2, 2, 2, 2, 2, 2, 2, 2, 2, 2, 2, 2, 2, 2, 2, 2, 2, 2, 2, 2, 2, 2, 2, 2, 2, 2, 2, 2, 2, 2, 2, 2, 2, 2, 2, 2, 2, 2, 2, 2, 2, 2, 2, 2, 2, 2, 2, 2, 2, 2, 2, 2, 2, 2, 2, 2, 2, 2, 2, 2, 2, 2, 2, 2, 2, 2, 2, 2, 2, 2, 2, 2, 2, 2, 2, 2, 2, 2, 2, 2, 2, 2, 2, 2, 2, 2, 2, 2, 2, 2, 2, 2, 2, 2, 2, 2, 2, 2, 2, 2, 2, 2, 2, 2, 2, 2, 2, 2, 2, 2, 2, 2, 2, 2, 2, 2, 2, 2, 2, 2, 2, 2, 2, 2, 2, 2, 2, 2, 2, 2, 2, 2, 2, 2, 2, 2, 2, 2, 2, 2, 2, 2, 2, 2, 2, 2, 2, 2, 2, 2, 2, 2, 2, 2, 2, 2, 2, 2, 2, 2, 2, 2, 2, 2, 2, 2, 2, 2, 2, 2, 2, 2, 2, 2, 2, 2, 2, 2, 2, 2, 2, 2, 2, 2, 2, 2, 2, 2, 2, 2, 2, 2, 2, 2, 2, 2, 2, 2, 2, 2, 2, 2, 2, 2, 2, 2, 2, 2, 2, 2, 2, 2, 2, 2, 2, 2, 2, 2, 2, 2, 2, 2, 2, 2, 2, 2, 2, 2, 2, 2, 2, 2, 2, 2, 2, 2, 2, 2, 2, 2, 2, 2, 2, 2, 2, 2, 2, 2, 2, 2, 2, 2, 2, 2, 2, 2, 2, 2, 2, 2, 2, 2, 2, 2, 2, 2, 2, 2, 2, 2, 2, 2, 2, 2, 2, 2, 2, 2, 2, 2, 2, 2, 2, 2, 2, 2, 2, 2, 2, 2, 2, 2, 2, 2, 2, 2, 2, 2, 2, 2, 2, 2, 2, 2, 2, 2, 2, 2, 2, 2, 2, 2, 2, 2, 2, 2, 2, 2, 2, 2, 2, 2, 2, 2, 2, 2, 2, 2], [2, 2, 2, 2, 2, 2, 2, 2, 2, 2, 2, 2, 2, 2, 2, 2, 2, 2, 2, 2, 2, 2, 2, 2, 2, 2, 2, 2, 2, 2, 2, 2, 2, 2, 2, 2, 2, 2, 2, 2, 2, 2, 2, 2, 2, 2, 2, 2, 2, 2, 2, 2, 2, 2, 2, 2, 2, 2, 2, 2, 2, 2, 2, 2, 2, 2, 2, 2, 2, 2, 2, 2, 2, 2, 2, 2, 2, 2, 2, 2, 2, 2, 2, 2, 2, 2, 2, 2, 2, 2, 2, 2, 2, 2, 2, 2, 2, 2, 2, 2, 2, 2, 2, 2, 2, 2, 2, 2, 2, 2, 2, 2, 2, 2, 2, 2, 2, 2, 2, 2, 2, 2, 2, 2, 2, 2, 2, 2, 2, 2, 2, 2, 2, 2, 2, 2, 2, 2, 2, 2, 2, 2, 2, 2, 2, 2, 2, 2, 2, 2, 2, 2, 2, 2, 2, 2, 2, 2, 2, 2, 2, 2, 2, 2, 2, 2, 2, 2, 2, 2, 2, 2, 2, 2, 2, 2, 2, 2, 2, 2, 2, 2, 2, 2, 2, 2, 2, 2, 2, 2, 2, 2, 2, 2, 2, 2, 2, 2, 2, 2, 2, 2, 2, 2, 2, 2, 2, 2, 2, 2, 2, 2, 2, 2, 2, 2, 2, 2, 2, 2, 2, 2, 2, 2, 2, 2, 2, 2, 2, 2, 2, 2, 2, 2, 2, 2, 2, 2, 2, 2, 2, 2, 2, 2, 2, 2, 2, 2, 2, 2, 2, 2, 2, 2, 2, 2, 2, 2, 2, 2, 2, 2, 2, 2, 2, 2, 2, 2, 2, 2, 2, 2, 2, 2, 2, 2, 2, 2, 2, 2, 2, 2, 2, 2, 2, 2, 2, 2, 2, 2, 2, 2, 2, 2, 2, 2, 2, 2, 2, 2, 2, 2, 2, 2, 2, 2, 2, 2, 2, 2, 2, 2, 2, 2, 2, 2, 2, 2, 2, 2, 2, 2, 2, 2, 2, 2, 2, 2, 2, 2, 2, 2, 2, 2, 2, 2, 2, 2, 2, 2, 2, 2, 2, 2, 2, 2, 2, 2, 2, 2, 2, 2, 2, 2, 2, 2, 2, 2, 2, 2, 2, 2, 2, 2, 2, 2, 2, 2, 2, 2, 2, 2, 2, 2, 2, 2, 2, 2, 2, 2, 2, 2, 2, 2, 2, 2, 2, 2, 2, 2, 2, 2, 2, 2, 2, 2, 2, 2, 2, 2, 2, 2, 2, 2, 2, 2, 2, 2, 2, 2, 2, 2, 2, 2, 2, 2, 2, 2, 2, 2, 2, 2, 2, 2, 2, 2, 2, 2, 2, 2, 2, 2, 2, 2, 2, 2, 2, 2, 2, 2, 2, 2, 2, 2, 2, 2, 2, 2, 2, 2, 2, 2, 2, 2, 2, 2, 2, 2, 2, 2, 2, 2, 2, 2, 2, 2, 2, 2, 2, 2, 2, 2, 2, 2, 2, 2, 2, 2, 2, 2, 2, 2, 2, 2, 2, 2, 2, 2, 2, 2, 2, 2, 2, 2, 2, 2, 2, 2, 2, 2, 2, 2, 2, 2, 2, 2, 2, 2, 2, 2, 2, 2, 2, 2, 2, 2, 2, 2, 2, 2, 2, 2, 2, 2, 2, 2, 2, 2, 2, 2, 2, 2, 2, 2, 2, 2, 2, 2, 2, 2, 2, 2, 2, 2, 2, 2, 2, 2, 2, 2, 2, 2, 2, 2, 2, 2, 2, 2, 2, 2, 2, 2, 2, 2, 2, 2, 2, 2, 2, 2, 2, 2, 2, 2, 2, 2, 2, 2, 2, 2, 2, 2, 2, 2, 2, 2, 2, 2, 2, 2, 2, 2, 2, 2, 2, 2, 2, 2, 2, 2, 2, 2, 2, 2, 2, 2, 2, 2, 2, 2, 2, 2, 2, 2, 2, 2, 2, 2, 2, 2, 2, 2, 2, 2, 2, 2, 2, 2, 2, 2, 2, 2, 2, 2, 2, 2, 2, 2, 2, 2, 2, 2, 2, 2, 2, 2, 2, 2, 2, 2, 2, 2, 2, 2, 2, 2, 2, 2, 2, 2, 2, 2, 2, 2, 2, 2, 2, 2, 2, 2, 2, 2, 2, 2, 2, 2, 2, 2, 2, 2, 2, 2, 2, 2, 2, 2, 2, 2, 2, 2, 2, 2, 2, 2, 2, 2, 2, 2, 2, 2, 2, 2, 2, 2, 2, 2, 2, 2, 2, 2, 2, 2, 2, 2, 2, 2, 2, 2, 2, 2, 2, 2, 2, 2, 2, 2, 2, 2, 2, 2, 2, 2, 2, 2, 2, 2, 2, 2, 2, 2, 2, 2, 2, 2, 2, 2, 2, 2, 2, 2, 2, 2, 2, 2, 2, 2, 2, 2, 2, 2, 2, 2, 2, 2, 2, 2, 2, 2, 2, 2, 2, 2, 2, 2, 2, 2, 2, 2, 2, 2, 2, 2, 2, 2, 2, 2, 2, 2, 2, 2, 2, 2, 2, 2, 2, 2, 2, 2, 2, 2, 2, 2, 2, 2, 2, 2, 2, 2, 2, 2, 2, 2, 2, 2, 2, 2, 2, 2, 2, 2, 2, 2, 2, 2, 2, 2, 2, 2, 2, 2, 2, 2, 2], [2, 2, 2, 2, 2, 2, 2, 2, 2, 2, 2, 2, 2, 2, 2, 2, 2, 2, 2, 2, 2, 2, 2, 2, 2, 2, 2, 2, 2, 2, 2, 2, 2, 2, 2, 2, 2, 2, 2, 2, 2, 2, 2, 2, 2, 2, 2, 2, 2, 2, 2, 2, 2, 2, 2, 2, 2, 2, 2, 2, 2, 2, 2, 2, 2, 2, 2, 2, 2, 2, 2, 2, 2, 2, 2, 2, 2, 2, 2, 2, 2, 2, 2, 2, 2, 2, 2, 2, 2, 2, 2, 2, 2, 2, 2, 2, 2, 2, 2, 2, 2, 2, 2, 2, 2, 2, 2, 2, 2, 2, 2, 2, 2, 2, 2, 2, 2, 2, 2, 2, 2, 2, 2, 2, 2, 2, 2, 2, 2, 2, 2, 2, 2, 2, 2, 2, 2, 2, 2, 2, 2, 2, 2, 2, 2, 2, 2, 2, 2, 2, 2, 2, 2, 2, 2, 2, 2, 2, 2, 2, 2, 2, 2, 2, 2, 2, 2, 2, 2, 2, 2, 2, 2, 2, 2, 2, 2, 2, 2, 2, 2, 2, 2, 2, 2, 2, 2, 2, 2, 2, 2, 2, 2, 2, 2, 2, 2, 2, 2, 2, 2, 2, 2, 2, 2, 2, 2, 2, 2, 2, 2, 2, 2, 2, 2, 2, 2, 2, 2, 2, 2, 2, 2, 2, 2, 2, 2, 2, 2, 2, 2, 2, 2, 2, 2, 2, 2, 2, 2, 2, 2, 2, 2, 2, 2, 2, 2, 2, 2, 2, 2, 2, 2, 2, 2, 2, 2, 2, 2, 2, 2, 2, 2, 2, 2, 2, 2, 2, 2, 2, 2, 2, 2, 2, 2, 2, 2, 2, 2, 2, 2, 2, 2, 2, 2, 2, 2, 2, 2, 2, 2, 2, 2, 2, 2, 2, 2, 2, 2, 2, 2, 2, 2, 2, 2, 2, 2, 2, 2, 2, 2, 2, 2, 2, 2, 2, 2, 2, 2, 2, 2, 2, 2, 2, 2, 2, 2, 2, 2, 2, 2, 2, 2, 2, 2, 2, 2, 2, 2, 2, 2, 2, 2, 2, 2, 2, 2, 2, 2, 2, 2, 2, 2, 2, 2, 2, 2, 2, 2, 2, 2, 2, 2, 2, 2, 2, 2, 2, 2, 2, 2, 2, 2, 2, 2, 2, 2, 2, 2, 2, 2, 2, 2, 2, 2, 2, 2, 2, 2, 2, 2, 2, 2, 2, 2, 2, 2, 2, 2, 2, 2, 2, 2, 2, 2, 2, 2, 2, 2, 2, 2, 2, 2, 2, 2, 2, 2, 2, 2, 2, 2, 2, 2, 2, 2, 2, 2, 2, 2, 2, 2, 2, 2, 2, 2, 2, 2, 2, 2, 2, 2, 2, 2, 2, 2, 2, 2, 2, 2, 2, 2, 2, 2, 2, 2, 2, 2, 2, 2, 2, 2, 2, 2, 2, 2, 2, 2, 2, 2, 2, 2, 2, 2, 2, 2, 2, 2, 2, 2, 2, 2, 2, 2, 2, 2, 2, 2, 2, 2, 2, 2, 2, 2, 2, 2, 2, 2, 2, 2, 2, 2, 2, 2, 2, 2, 2, 2, 2, 2, 2, 2, 2, 2, 2, 2, 2, 2, 2, 2, 2, 2, 2, 2, 2, 2, 2, 2, 2, 2, 2, 2, 2, 2, 2, 2, 2, 2, 2, 2, 2, 2, 2, 2, 2, 2, 2, 2, 2, 2, 2, 2, 2, 2, 2, 2, 2, 2, 2, 2, 2, 2, 2, 2, 2, 2, 2, 2, 2, 2, 2, 2, 2, 2, 2, 2, 2, 2, 2, 2, 2, 2, 2, 2, 2, 2, 2, 2, 2, 2, 2, 2, 2, 2, 2, 2, 2, 2, 2, 2, 2, 2, 2, 2, 2, 2, 2, 2, 2, 2, 2, 2, 2, 2, 2, 2, 2, 2, 2, 2, 2, 2, 2, 2, 2, 2, 2, 2, 2, 2, 2, 2, 2, 2, 2, 2, 2, 2, 2, 2, 2, 2, 2, 2, 2, 2, 2, 2, 2, 2, 2, 2, 2, 2, 2, 2, 2, 2, 2, 2, 2, 2, 2, 2, 2, 2, 2, 2, 2, 2, 2, 2, 2, 2, 2, 2, 2, 2, 2, 2, 2, 2, 2, 2, 2, 2, 2, 2, 2, 2, 2, 2, 2, 2, 2, 2, 2, 2, 2, 2, 2, 2, 2, 2, 2, 2, 2, 2, 2, 2, 2, 2, 2, 2, 2, 2, 2, 2, 2, 2, 2, 2, 2, 2, 2, 2, 2, 2, 2, 2, 2, 2, 2, 2, 2, 2, 2, 2, 2, 2, 2, 2, 2, 2, 2, 2, 2, 2, 2, 2, 2, 2, 2, 2, 2, 2, 2, 2, 2, 2, 2, 2, 2, 2, 2, 2, 2, 2, 2, 2, 2, 2, 2, 2, 2, 2, 2, 2, 2, 2, 2, 2, 2, 2, 2, 2, 2, 2, 2, 2, 2, 2, 2, 2, 2, 2, 2, 2, 2, 2, 2, 2, 2, 2, 2, 2, 2, 2, 2, 2, 2, 2, 2, 2, 2, 2, 2, 2, 2, 2, 2, 2, 2, 2, 2, 2, 2, 2, 2, 2, 2, 2, 2, 2, 2, 2, 2, 2, 2, 2, 2, 2, 2], [2, 2, 2, 2, 2, 2, 2, 2, 2, 2, 2, 2, 2, 2, 2, 2, 2, 2, 2, 2, 2, 2, 2, 2, 2, 2, 2, 2, 2, 2, 2, 2, 2, 2, 2, 2, 2, 2, 2, 2, 2, 2, 2, 2, 2, 2, 2, 2, 2, 2, 2, 2, 2, 2, 2, 2, 2, 2, 2, 2, 2, 2, 2, 2, 2, 2, 2, 2, 2, 2, 2, 2, 2, 2, 2, 2, 2, 2, 2, 2, 2, 2, 2, 2, 2, 2, 2, 2, 2, 2, 2, 2, 2, 2, 2, 2, 2, 2, 2, 2, 2, 2, 2, 2, 2, 2, 2, 2, 2, 2, 2, 2, 2, 2, 2, 2, 2, 2, 2, 2, 2, 2, 2, 2, 2, 2, 2, 2, 2, 2, 2, 2, 2, 2, 2, 2, 2, 2, 2, 2, 2, 2, 2, 2, 2, 2, 2, 2, 2, 2, 2, 2, 2, 2, 2, 2, 2, 2, 2, 2, 2, 2, 2, 2, 2, 2, 2, 2, 2, 2, 2, 2, 2, 2, 2, 2, 2, 2, 2, 2, 2, 2, 2, 2, 2, 2, 2, 2, 2, 2, 2, 2, 2, 2, 2, 2, 2, 2, 2, 2, 2, 2, 2, 2, 2, 2, 2, 2, 2, 2, 2, 2, 2, 2, 2, 2, 2, 2, 2, 2, 2, 2, 2, 2, 2, 2, 2, 2, 2, 2, 2, 2, 2, 2, 2, 2, 2, 2, 2, 2, 2, 2, 2, 2, 2, 2, 2, 2, 2, 2, 2, 2, 2, 2, 2, 2, 2, 2, 2, 2, 2, 2, 2, 2, 2, 2, 2, 2, 2, 2, 2, 2, 2, 2, 2, 2, 2, 2, 2, 2, 2, 2, 2, 2, 2, 2, 2, 2, 2, 2, 2, 2, 2, 2, 2, 2, 2, 2, 2, 2, 2, 2, 2, 2, 2, 2, 2, 2, 2, 2, 2, 2, 2, 2, 2, 2, 2, 2, 2, 2, 2, 2, 2, 2, 2, 2, 2, 2, 2, 2, 2, 2, 2, 2, 2, 2, 2, 2, 2, 2, 2, 2, 2, 2, 2, 2, 2, 2, 2, 2, 2, 2, 2, 2, 2, 2, 2, 2, 2, 2, 2, 2, 2, 2, 2, 2, 2, 2, 2, 2, 2, 2, 2, 2, 2, 2, 2, 2, 2, 2, 2, 2, 2, 2, 2, 2, 2, 2, 2, 2, 2, 2, 2, 2, 2, 2, 2, 2, 2, 2, 2, 2, 2, 2, 2, 2, 2, 2, 2, 2, 2, 2, 2, 2, 2, 2, 2, 2, 2, 2, 2, 2, 2, 2, 2, 2, 2, 2, 2, 2, 2, 2, 2, 2, 2, 2, 2, 2, 2, 2, 2, 2, 2, 2, 2, 2, 2, 2, 2, 2, 2, 2, 2, 2, 2, 2, 2, 2, 2, 2, 2, 2, 2, 2, 2, 2, 2, 2, 2, 2, 2, 2, 2, 2, 2, 2, 2, 2, 2, 2, 2, 2, 2, 2, 2, 2, 2, 2, 2, 2, 2, 2, 2, 2, 2, 2, 2, 2, 2, 2, 2, 2, 2, 2, 2, 2, 2, 2, 2, 2, 2, 2, 2, 2, 2, 2, 2, 2, 2, 2, 2, 2, 2, 2, 2, 2, 2, 2, 2, 2, 2, 2, 2, 2, 2, 2, 2, 2, 2, 2, 2, 2, 2, 2, 2, 2, 2, 2, 2, 2, 2, 2, 2, 2, 2, 2, 2, 2, 2, 2, 2, 2, 2, 2, 2, 2, 2, 2, 2, 2, 2, 2, 2, 2, 2, 2, 2, 2, 2, 2, 2, 2, 2, 2, 2, 2, 2, 2, 2, 2, 2, 2, 2, 2, 2, 2, 2, 2, 2, 2, 2, 2, 2, 2, 2, 2, 2, 2, 2, 2, 2, 2, 2, 2, 2, 2, 2, 2, 2, 2, 2, 2, 2, 2, 2, 2, 2, 2, 2, 2, 2, 2, 2, 2, 2, 2, 2, 2, 2, 2, 2, 2, 2, 2, 2, 2, 2, 2, 2, 2, 2, 2, 2, 2, 2, 2, 2, 2, 2, 2, 2, 2, 2, 2, 2, 2, 2, 2, 2, 2, 2, 2, 2, 2, 2, 2, 2, 2, 2, 2, 2, 2, 2, 2, 2, 2, 2, 2, 2, 2, 2, 2, 2, 2, 2, 2, 2, 2, 2, 2, 2, 2, 2, 2, 2, 2, 2, 2, 2, 2, 2, 2, 2, 2, 2, 2, 2, 2, 2, 2, 2, 2, 2, 2, 2, 2, 2, 2, 2, 2, 2, 2, 2, 2, 2, 2, 2, 2, 2, 2, 2, 2, 2, 2, 2, 2, 2, 2, 2, 2, 2, 2, 2, 2, 2, 2, 2, 2, 2, 2, 2, 2, 2, 2, 2, 2, 2, 2, 2, 2, 2, 2, 2, 2, 2, 2, 2, 2, 2, 2, 2, 2, 2, 2, 2, 2, 2, 2, 2, 2, 2, 2, 2, 2, 2, 2, 2, 2, 2, 2, 2, 2, 2, 2, 2, 2, 2, 2, 2, 2, 2, 2, 2, 2, 2, 2, 2, 2, 2, 2, 2, 2, 2, 2, 2, 2, 2, 2, 2, 2, 2, 2, 2, 2, 2, 2, 2, 2, 2, 2, 2, 2, 2]], tensor-model-parallel size: [[1, 1, 1, 1, 1, 1, 1, 1, 1, 1, 1, 1, 1, 1, 1, 1, 1, 1, 1, 1, 1, 1, 1, 1, 1, 1, 1, 1, 1, 1, 1, 1, 1, 1, 1, 1, 1, 1, 1, 1, 1, 1, 1, 1, 1, 1, 1, 1, 1, 1, 1, 1, 1, 1, 1, 1, 1, 1, 1, 1, 1, 1, 1, 1, 1, 1, 1, 1, 1, 1, 1, 1, 1, 1, 1, 1, 1, 1, 1, 1, 1, 1, 1, 1, 1, 1, 1, 1, 1, 1, 1, 1, 1, 1, 1, 1, 1, 1, 1, 1, 1, 1, 1, 1, 1, 1, 1, 1, 1, 1, 1, 1, 1, 1, 1, 1, 1, 1, 1, 1, 1, 1, 1, 1, 1, 1, 1, 1, 1, 1, 1, 1, 1, 1, 1, 1, 1, 1, 1, 1, 1, 1, 1, 1, 1, 1, 1, 1, 1, 1, 1, 1, 1, 1, 1, 1, 1, 1, 1, 1, 1, 1, 1, 1, 1, 1, 1, 1, 1, 1, 1, 1, 1, 1, 1, 1, 1, 1, 1, 1, 1, 1, 1, 1, 1, 1, 1, 1, 1, 1, 1, 1, 1, 1, 1, 1, 1, 1, 1, 1, 1, 1, 1, 1, 1, 1, 1, 1, 1, 1, 1, 1, 1, 1, 1, 1, 1, 1, 1, 1, 1, 1, 1, 1, 1, 1, 1, 1, 1, 1, 1, 1, 1, 1, 1, 1, 1, 1, 1, 1, 1, 1, 1, 1, 1, 1, 1, 1, 1, 1, 1, 1, 1, 1, 1, 1, 1, 1, 1, 1, 1, 1, 1, 1, 1, 1, 1, 1, 1, 1, 1, 1, 1, 1, 1, 1, 1, 1, 1, 1, 1, 1, 1, 1, 1, 1, 1, 1, 1, 1, 1, 1, 1, 1, 1, 1, 1, 1, 1, 1, 1, 1, 1, 1, 1, 1, 1, 1, 1, 1, 1, 1, 1, 1, 1, 1, 1, 1, 1, 1, 1, 1, 1, 1, 1, 1, 1, 1, 1, 1, 1, 1, 1, 1, 1, 1, 1, 1, 1, 1, 1, 1, 1, 1, 1, 1, 1, 1, 1, 1, 1, 1, 1, 1, 1, 1, 1, 1, 1, 1, 1, 1, 1, 1, 1, 1, 1, 1, 1, 1, 1, 1, 1, 1, 1, 1, 1, 1, 1, 1, 1, 1, 1, 1, 1, 1, 1, 1, 1, 1, 1, 1, 1, 1, 1, 1, 1, 1, 1, 1, 1, 1, 1, 1, 1, 1, 1, 1, 1, 1, 1, 1, 1, 1, 1, 1, 1, 1, 1, 1, 1, 1, 1, 1, 1, 1, 1, 1, 1, 1, 1, 1, 1, 1, 1, 1, 1, 1, 1, 1, 1, 1, 1, 1, 1, 1, 1, 1, 1, 1, 1, 1, 1, 1, 1, 1, 1, 1, 1, 1, 1, 1, 1, 1, 1, 1, 1, 1, 1, 1, 1, 1, 1, 1, 1, 1, 1, 1, 1, 1, 1, 1, 1, 1, 1, 1, 1, 1, 1, 1, 1, 1, 1, 1, 1, 1, 1, 1, 1, 1, 1, 1, 1, 1, 1, 1, 1, 1, 1, 1, 1, 1, 1, 1, 1, 1, 1, 1, 1, 1, 1, 1, 1, 1, 1, 1, 1, 1, 1, 1, 1, 1, 1, 1, 1, 1, 1, 1, 1, 1, 1, 1, 1, 1, 1, 1, 1, 1, 1, 1, 1, 1, 1, 1, 1, 1, 1, 1, 1, 1, 1, 1, 1, 1, 1, 1, 1, 1, 1, 1, 1, 1, 1, 1, 1, 1, 1, 1, 1, 1, 1, 1, 1, 1, 1, 1, 1, 1, 1, 1, 1, 1, 1, 1, 1, 1, 1, 1, 1, 1, 1, 1, 1, 1, 1, 1, 1, 1, 1, 1, 1, 1, 1, 1, 1, 1, 1, 1, 1, 1, 1, 1, 1, 1, 1, 1, 1, 1, 1, 1, 1, 1, 1, 1, 1, 1, 1, 1, 1, 1, 1, 1, 1, 1, 1, 1, 1, 1, 1, 1, 1, 1, 1, 1, 1, 1, 1, 1, 1, 1, 1, 1, 1, 1, 1, 1, 1, 1, 1, 1, 1, 1, 1, 1, 1, 1, 1, 1, 1, 1, 1, 1, 1, 1, 1, 1, 1, 1, 1, 1, 1, 1, 1, 1, 1, 1, 1, 1, 1, 1, 1, 1, 1, 1, 1, 1, 1, 1, 1, 1, 1, 1, 1, 1, 1, 1, 1, 1, 1, 1, 1, 1, 1, 1, 1, 1, 1, 1, 1, 1, 1, 1, 1, 1, 1, 1, 1, 1, 1, 1, 1, 1, 1, 1, 1, 1, 1, 1, 1, 1, 1, 1, 1, 1, 1, 1, 1, 1, 1, 1, 1, 1, 1, 1, 1, 1, 1, 1, 1, 1, 1, 1, 1, 1, 1, 1, 1, 1, 1, 1, 1, 1, 1, 1, 1, 1, 1, 1, 1, 1, 1, 1, 1, 1, 1, 1, 1, 1, 1, 1, 1, 1, 1, 1, 1, 1, 1, 1, 1, 1, 1, 1, 1], [1, 1, 1, 1, 1, 1, 1, 1, 1, 1, 1, 1, 1, 1, 1, 1, 1, 1, 1, 1, 1, 1, 1, 1, 1, 1, 1, 1, 1, 1, 1, 1, 1, 1, 1, 1, 1, 1, 1, 1, 1, 1, 1, 1, 1, 1, 1, 1, 1, 1, 1, 1, 1, 1, 1, 1, 1, 1, 1, 1, 1, 1, 1, 1, 1, 1, 1, 1, 1, 1, 1, 1, 1, 1, 1, 1, 1, 1, 1, 1, 1, 1, 1, 1, 1, 1, 1, 1, 1, 1, 1, 1, 1, 1, 1, 1, 1, 1, 1, 1, 1, 1, 1, 1, 1, 1, 1, 1, 1, 1, 1, 1, 1, 1, 1, 1, 1, 1, 1, 1, 1, 1, 1, 1, 1, 1, 1, 1, 1, 1, 1, 1, 1, 1, 1, 1, 1, 1, 1, 1, 1, 1, 1, 1, 1, 1, 1, 1, 1, 1, 1, 1, 1, 1, 1, 1, 1, 1, 1, 1, 1, 1, 1, 1, 1, 1, 1, 1, 1, 1, 1, 1, 1, 1, 1, 1, 1, 1, 1, 1, 1, 1, 1, 1, 1, 1, 1, 1, 1, 1, 1, 1, 1, 1, 1, 1, 1, 1, 1, 1, 1, 1, 1, 1, 1, 1, 1, 1, 1, 1, 1, 1, 1, 1, 1, 1, 1, 1, 1, 1, 1, 1, 1, 1, 1, 1, 1, 1, 1, 1, 1, 1, 1, 1, 1, 1, 1, 1, 1, 1, 1, 1, 1, 1, 1, 1, 1, 1, 1, 1, 1, 1, 1, 1, 1, 1, 1, 1, 1, 1, 1, 1, 1, 1, 1, 1, 1, 1, 1, 1, 1, 1, 1, 1, 1, 1, 1, 1, 1, 1, 1, 1, 1, 1, 1, 1, 1, 1, 1, 1, 1, 1, 1, 1, 1, 1, 1, 1, 1, 1, 1, 1, 1, 1, 1, 1, 1, 1, 1, 1, 1, 1, 1, 1, 1, 1, 1, 1, 1, 1, 1, 1, 1, 1, 1, 1, 1, 1, 1, 1, 1, 1, 1, 1, 1, 1, 1, 1, 1, 1, 1, 1, 1, 1, 1, 1, 1, 1, 1, 1, 1, 1, 1, 1, 1, 1, 1, 1, 1, 1, 1, 1, 1, 1, 1, 1, 1, 1, 1, 1, 1, 1, 1, 1, 1, 1, 1, 1, 1, 1, 1, 1, 1, 1, 1, 1, 1, 1, 1, 1, 1, 1, 1, 1, 1, 1, 1, 1, 1, 1, 1, 1, 1, 1, 1, 1, 1, 1, 1, 1, 1, 1, 1, 1, 1, 1, 1, 1, 1, 1, 1, 1, 1, 1, 1, 1, 1, 1, 1, 1, 1, 1, 1, 1, 1, 1, 1, 1, 1, 1, 1, 1, 1, 1, 1, 1, 1, 1, 1, 1, 1, 1, 1, 1, 1, 1, 1, 1, 1, 1, 1, 1, 1, 1, 1, 1, 1, 1, 1, 1, 1, 1, 1, 1, 1, 1, 1, 1, 1, 1, 1, 1, 1, 1, 1, 1, 1, 1, 1, 1, 1, 1, 1, 1, 1, 1, 1, 1, 1, 1, 1, 1, 1, 1, 1, 1, 1, 1, 1, 1, 1, 1, 1, 1, 1, 1, 1, 1, 1, 1, 1, 1, 1, 1, 1, 1, 1, 1, 1, 1, 1, 1, 1, 1, 1, 1, 1, 1, 1, 1, 1, 1, 1, 1, 1, 1, 1, 1, 1, 1, 1, 1, 1, 1, 1, 1, 1, 1, 1, 1, 1, 1, 1, 1, 1, 1, 1, 1, 1, 1, 1, 1, 1, 1, 1, 1, 1, 1, 1, 1, 1, 1, 1, 1, 1, 1, 1, 1, 1, 1, 1, 1, 1, 1, 1, 1, 1, 1, 1, 1, 1, 1, 1, 1, 1, 1, 1, 1, 1, 1, 1, 1, 1, 1, 1, 1, 1, 1, 1, 1, 1, 1, 1, 1, 1, 1, 1, 1, 1, 1, 1, 1, 1, 1, 1, 1, 1, 1, 1, 1, 1, 1, 1, 1, 1, 1, 1, 1, 1, 1, 1, 1, 1, 1, 1, 1, 1, 1, 1, 1, 1, 1, 1, 1, 1, 1, 1, 1, 1, 1, 1, 1, 1, 1, 1, 1, 1, 1, 1, 1, 1, 1, 1, 1, 1, 1, 1, 1, 1, 1, 1, 1, 1, 1, 1, 1, 1, 1, 1, 1, 1, 1, 1, 1, 1, 1, 1, 1, 1, 1, 1, 1, 1, 1, 1, 1, 1, 1, 1, 1, 1, 1, 1, 1, 1, 1, 1, 1, 1, 1, 1, 1, 1, 1, 1, 1, 1, 1, 1, 1, 1, 1, 1, 1, 1, 1, 1, 1, 1, 1, 1, 1, 1, 1, 1, 1, 1, 1, 1, 1, 1, 1, 1, 1, 1, 1, 1, 1, 1, 1, 1, 1, 1, 1, 1, 1, 1, 1, 1, 1, 1, 1, 1, 1, 1, 1, 1, 1, 1, 1, 1, 1, 1, 1, 1, 1, 1, 1, 1, 1, 1, 1, 1, 1, 1, 1, 1, 1, 1, 1, 1, 1, 1, 1, 1, 1, 1, 1, 1, 1, 1, 1, 1, 1, 1, 1, 1, 1, 1, 1, 1, 1, 1], [1, 1, 1, 1, 1, 1, 1, 1, 1, 1, 1, 1, 1, 1, 1, 1, 1, 1, 1, 1, 1, 1, 1, 1, 1, 1, 1, 1, 1, 1, 1, 1, 1, 1, 1, 1, 1, 1, 1, 1, 1, 1, 1, 1, 1, 1, 1, 1, 1, 1, 1, 1, 1, 1, 1, 1, 1, 1, 1, 1, 1, 1, 1, 1, 1, 1, 1, 1, 1, 1, 1, 1, 1, 1, 1, 1, 1, 1, 1, 1, 1, 1, 1, 1, 1, 1, 1, 1, 1, 1, 1, 1, 1, 1, 1, 1, 1, 1, 1, 1, 1, 1, 1, 1, 1, 1, 1, 1, 1, 1, 1, 1, 1, 1, 1, 1, 1, 1, 1, 1, 1, 1, 1, 1, 1, 1, 1, 1, 1, 1, 1, 1, 1, 1, 1, 1, 1, 1, 1, 1, 1, 1, 1, 1, 1, 1, 1, 1, 1, 1, 1, 1, 1, 1, 1, 1, 1, 1, 1, 1, 1, 1, 1, 1, 1, 1, 1, 1, 1, 1, 1, 1, 1, 1, 1, 1, 1, 1, 1, 1, 1, 1, 1, 1, 1, 1, 1, 1, 1, 1, 1, 1, 1, 1, 1, 1, 1, 1, 1, 1, 1, 1, 1, 1, 1, 1, 1, 1, 1, 1, 1, 1, 1, 1, 1, 1, 1, 1, 1, 1, 1, 1, 1, 1, 1, 1, 1, 1, 1, 1, 1, 1, 1, 1, 1, 1, 1, 1, 1, 1, 1, 1, 1, 1, 1, 1, 1, 1, 1, 1, 1, 1, 1, 1, 1, 1, 1, 1, 1, 1, 1, 1, 1, 1, 1, 1, 1, 1, 1, 1, 1, 1, 1, 1, 1, 1, 1, 1, 1, 1, 1, 1, 1, 1, 1, 1, 1, 1, 1, 1, 1, 1, 1, 1, 1, 1, 1, 1, 1, 1, 1, 1, 1, 1, 1, 1, 1, 1, 1, 1, 1, 1, 1, 1, 1, 1, 1, 1, 1, 1, 1, 1, 1, 1, 1, 1, 1, 1, 1, 1, 1, 1, 1, 1, 1, 1, 1, 1, 1, 1, 1, 1, 1, 1, 1, 1, 1, 1, 1, 1, 1, 1, 1, 1, 1, 1, 1, 1, 1, 1, 1, 1, 1, 1, 1, 1, 1, 1, 1, 1, 1, 1, 1, 1, 1, 1, 1, 1, 1, 1, 1, 1, 1, 1, 1, 1, 1, 1, 1, 1, 1, 1, 1, 1, 1, 1, 1, 1, 1, 1, 1, 1, 1, 1, 1, 1, 1, 1, 1, 1, 1, 1, 1, 1, 1, 1, 1, 1, 1, 1, 1, 1, 1, 1, 1, 1, 1, 1, 1, 1, 1, 1, 1, 1, 1, 1, 1, 1, 1, 1, 1, 1, 1, 1, 1, 1, 1, 1, 1, 1, 1, 1, 1, 1, 1, 1, 1, 1, 1, 1, 1, 1, 1, 1, 1, 1, 1, 1, 1, 1, 1, 1, 1, 1, 1, 1, 1, 1, 1, 1, 1, 1, 1, 1, 1, 1, 1, 1, 1, 1, 1, 1, 1, 1, 1, 1, 1, 1, 1, 1, 1, 1, 1, 1, 1, 1, 1, 1, 1, 1, 1, 1, 1, 1, 1, 1, 1, 1, 1, 1, 1, 1, 1, 1, 1, 1, 1, 1, 1, 1, 1, 1, 1, 1, 1, 1, 1, 1, 1, 1, 1, 1, 1, 1, 1, 1, 1, 1, 1, 1, 1, 1, 1, 1, 1, 1, 1, 1, 1, 1, 1, 1, 1, 1, 1, 1, 1, 1, 1, 1, 1, 1, 1, 1, 1, 1, 1, 1, 1, 1, 1, 1, 1, 1, 1, 1, 1, 1, 1, 1, 1, 1, 1, 1, 1, 1, 1, 1, 1, 1, 1, 1, 1, 1, 1, 1, 1, 1, 1, 1, 1, 1, 1, 1, 1, 1, 1, 1, 1, 1, 1, 1, 1, 1, 1, 1, 1, 1, 1, 1, 1, 1, 1, 1, 1, 1, 1, 1, 1, 1, 1, 1, 1, 1, 1, 1, 1, 1, 1, 1, 1, 1, 1, 1, 1, 1, 1, 1, 1, 1, 1, 1, 1, 1, 1, 1, 1, 1, 1, 1, 1, 1, 1, 1, 1, 1, 1, 1, 1, 1, 1, 1, 1, 1, 1, 1, 1, 1, 1, 1, 1, 1, 1, 1, 1, 1, 1, 1, 1, 1, 1, 1, 1, 1, 1, 1, 1, 1, 1, 1, 1, 1, 1, 1, 1, 1, 1, 1, 1, 1, 1, 1, 1, 1, 1, 1, 1, 1, 1, 1, 1, 1, 1, 1, 1, 1, 1, 1, 1, 1, 1, 1, 1, 1, 1, 1, 1, 1, 1, 1, 1, 1, 1, 1, 1, 1, 1, 1, 1, 1, 1, 1, 1, 1, 1, 1, 1, 1, 1, 1, 1, 1, 1, 1, 1, 1, 1, 1, 1, 1, 1, 1, 1, 1, 1, 1, 1, 1, 1, 1, 1, 1, 1, 1, 1, 1, 1, 1, 1, 1, 1, 1, 1, 1, 1, 1, 1, 1, 1, 1, 1, 1, 1, 1, 1, 1, 1, 1, 1, 1, 1, 1, 1, 1, 1, 1, 1, 1, 1, 1, 1, 1, 1, 1, 1, 1, 1, 1, 1, 1, 1, 1], [1, 1, 1, 1, 1, 1, 1, 1, 1, 1, 1, 1, 1, 1, 1, 1, 1, 1, 1, 1, 1, 1, 1, 1, 1, 1, 1, 1, 1, 1, 1, 1, 1, 1, 1, 1, 1, 1, 1, 1, 1, 1, 1, 1, 1, 1, 1, 1, 1, 1, 1, 1, 1, 1, 1, 1, 1, 1, 1, 1, 1, 1, 1, 1, 1, 1, 1, 1, 1, 1, 1, 1, 1, 1, 1, 1, 1, 1, 1, 1, 1, 1, 1, 1, 1, 1, 1, 1, 1, 1, 1, 1, 1, 1, 1, 1, 1, 1, 1, 1, 1, 1, 1, 1, 1, 1, 1, 1, 1, 1, 1, 1, 1, 1, 1, 1, 1, 1, 1, 1, 1, 1, 1, 1, 1, 1, 1, 1, 1, 1, 1, 1, 1, 1, 1, 1, 1, 1, 1, 1, 1, 1, 1, 1, 1, 1, 1, 1, 1, 1, 1, 1, 1, 1, 1, 1, 1, 1, 1, 1, 1, 1, 1, 1, 1, 1, 1, 1, 1, 1, 1, 1, 1, 1, 1, 1, 1, 1, 1, 1, 1, 1, 1, 1, 1, 1, 1, 1, 1, 1, 1, 1, 1, 1, 1, 1, 1, 1, 1, 1, 1, 1, 1, 1, 1, 1, 1, 1, 1, 1, 1, 1, 1, 1, 1, 1, 1, 1, 1, 1, 1, 1, 1, 1, 1, 1, 1, 1, 1, 1, 1, 1, 1, 1, 1, 1, 1, 1, 1, 1, 1, 1, 1, 1, 1, 1, 1, 1, 1, 1, 1, 1, 1, 1, 1, 1, 1, 1, 1, 1, 1, 1, 1, 1, 1, 1, 1, 1, 1, 1, 1, 1, 1, 1, 1, 1, 1, 1, 1, 1, 1, 1, 1, 1, 1, 1, 1, 1, 1, 1, 1, 1, 1, 1, 1, 1, 1, 1, 1, 1, 1, 1, 1, 1, 1, 1, 1, 1, 1, 1, 1, 1, 1, 1, 1, 1, 1, 1, 1, 1, 1, 1, 1, 1, 1, 1, 1, 1, 1, 1, 1, 1, 1, 1, 1, 1, 1, 1, 1, 1, 1, 1, 1, 1, 1, 1, 1, 1, 1, 1, 1, 1, 1, 1, 1, 1, 1, 1, 1, 1, 1, 1, 1, 1, 1, 1, 1, 1, 1, 1, 1, 1, 1, 1, 1, 1, 1, 1, 1, 1, 1, 1, 1, 1, 1, 1, 1, 1, 1, 1, 1, 1, 1, 1, 1, 1, 1, 1, 1, 1, 1, 1, 1, 1, 1, 1, 1, 1, 1, 1, 1, 1, 1, 1, 1, 1, 1, 1, 1, 1, 1, 1, 1, 1, 1, 1, 1, 1, 1, 1, 1, 1, 1, 1, 1, 1, 1, 1, 1, 1, 1, 1, 1, 1, 1, 1, 1, 1, 1, 1, 1, 1, 1, 1, 1, 1, 1, 1, 1, 1, 1, 1, 1, 1, 1, 1, 1, 1, 1, 1, 1, 1, 1, 1, 1, 1, 1, 1, 1, 1, 1, 1, 1, 1, 1, 1, 1, 1, 1, 1, 1, 1, 1, 1, 1, 1, 1, 1, 1, 1, 1, 1, 1, 1, 1, 1, 1, 1, 1, 1, 1, 1, 1, 1, 1, 1, 1, 1, 1, 1, 1, 1, 1, 1, 1, 1, 1, 1, 1, 1, 1, 1, 1, 1, 1, 1, 1, 1, 1, 1, 1, 1, 1, 1, 1, 1, 1, 1, 1, 1, 1, 1, 1, 1, 1, 1, 1, 1, 1, 1, 1, 1, 1, 1, 1, 1, 1, 1, 1, 1, 1, 1, 1, 1, 1, 1, 1, 1, 1, 1, 1, 1, 1, 1, 1, 1, 1, 1, 1, 1, 1, 1, 1, 1, 1, 1, 1, 1, 1, 1, 1, 1, 1, 1, 1, 1, 1, 1, 1, 1, 1, 1, 1, 1, 1, 1, 1, 1, 1, 1, 1, 1, 1, 1, 1, 1, 1, 1, 1, 1, 1, 1, 1, 1, 1, 1, 1, 1, 1, 1, 1, 1, 1, 1, 1, 1, 1, 1, 1, 1, 1, 1, 1, 1, 1, 1, 1, 1, 1, 1, 1, 1, 1, 1, 1, 1, 1, 1, 1, 1, 1, 1, 1, 1, 1, 1, 1, 1, 1, 1, 1, 1, 1, 1, 1, 1, 1, 1, 1, 1, 1, 1, 1, 1, 1, 1, 1, 1, 1, 1, 1, 1, 1, 1, 1, 1, 1, 1, 1, 1, 1, 1, 1, 1, 1, 1, 1, 1, 1, 1, 1, 1, 1, 1, 1, 1, 1, 1, 1, 1, 1, 1, 1, 1, 1, 1, 1, 1, 1, 1, 1, 1, 1, 1, 1, 1, 1, 1, 1, 1, 1, 1, 1, 1, 1, 1, 1, 1, 1, 1, 1, 1, 1, 1, 1, 1, 1, 1, 1, 1, 1, 1, 1, 1, 1, 1, 1, 1, 1, 1, 1, 1, 1, 1, 1, 1, 1, 1, 1, 1, 1, 1, 1, 1, 1, 1, 1, 1, 1, 1, 1, 1, 1, 1, 1, 1, 1, 1, 1, 1, 1, 1, 1, 1, 1, 1, 1, 1, 1, 1, 1, 1, 1, 1, 1, 1, 1, 1, 1, 1, 1, 1, 1, 1, 1, 1, 1, 1, 1, 1, 1, 1, 1]], pipeline-model-parallel size: 1 interleave-factor: 1
using torch.float16 for parameters ...
------------------------ arguments ------------------------
  accumulate_allreduce_grads_in_fp32 .............. False
  adam_beta1 ...................................... 0.9
  adam_beta2 ...................................... 0.999
  adam_eps ........................................ 1e-08
  adlr_autoresume ................................. False
  adlr_autoresume_interval ........................ 1000
  algo_of_each_op ................................. [[0, 0, 0, 0, 0, 0, 0, 0, 0, 0, 0, 0, 0, 0, 0, 0, 0, 0, 0, 0, 0, 0, 0, 0, 0, 0, 0, 0, 0, 0, 0, 0, 0, 0, 0, 0, 0, 0, 0, 0, 0, 0, 0, 0, 0, 0, 0, 0, 0, 0, 0, 0, 0, 0, 0, 0, 0, 0, 0, 0, 0, 0, 0, 0, 0, 0, 0, 0, 0, 0, 0, 0, 0, 0, 0, 0, 0, 0, 0, 0, 0, 0, 0, 0, 0, 0, 0, 0, 0, 0, 0, 0, 0, 0, 0, 0, 0, 0, 0, 0, 0, 0, 0, 0, 0, 0, 0, 0, 0, 0, 0, 0, 0, 0, 0, 0, 0, 0, 0, 0, 0, 0, 0, 0, 0, 0, 0, 0, 0, 0, 0, 0, 0, 0, 0, 0, 0, 0, 0, 0, 0, 0, 0, 0, 0, 0, 0, 0, 0, 0, 0, 0, 0, 0, 0, 0, 0, 0, 0, 0, 0, 0, 0, 0, 0, 0, 0, 0, 0, 0, 0, 0, 0, 0, 0, 0, 0, 0, 0, 0, 0, 0, 0, 0, 0, 0, 0, 0, 0, 0, 0, 0, 0, 0, 0, 0, 0, 0, 0, 0, 0, 0, 0, 0, 0, 0, 0, 0, 0, 0, 0, 0, 0, 0, 0, 0, 0, 0, 0, 0, 0, 0, 0, 0, 0, 0, 0, 0, 0, 0, 0, 0, 0, 0, 0, 0, 0, 0, 0, 0, 0, 0, 0, 0, 0, 0, 0, 0, 0, 0, 0, 0, 0, 0, 0, 0, 0, 0, 0, 0, 0, 0, 0, 0, 0, 0, 0, 0, 0, 0, 0, 0, 0, 0, 0, 0, 0, 0, 0, 0, 0, 0, 0, 0, 0, 0, 0, 0, 0, 0, 0, 0, 0, 0, 0, 0, 0, 0, 0, 0, 0, 0, 0, 0, 0, 0, 0, 0, 0, 0, 0, 0, 0, 0, 0, 0, 0, 0, 0, 0, 0, 0, 0, 0, 0, 0, 0, 0, 0, 0, 0, 0, 0, 0, 0, 0, 0, 0, 0, 0, 0, 0, 0, 0, 0, 0, 0, 0, 0, 0, 0, 0, 0, 0, 0, 0, 0, 0, 0, 0, 0, 0, 0, 0, 0, 0, 0, 0, 0, 0, 0, 0, 0, 0, 0, 0, 0, 0, 0, 0, 0, 0, 0, 0, 0, 0, 0, 0, 0, 0, 0, 0, 0, 0, 0, 0, 0, 0, 0, 0, 0, 0, 0, 0, 0, 0, 0, 0, 0, 0, 0, 0, 0, 0, 0, 0, 0, 0, 0, 0, 0, 0, 0, 0, 0, 0, 0, 0, 0, 0, 0, 0, 0, 0, 0, 0, 0, 0, 0, 0, 0, 0, 0, 0, 0, 0, 0, 0, 0, 0, 0, 0, 0, 0, 0, 0, 0, 0, 0, 0, 0, 0, 0, 0, 0, 0, 0, 0, 0, 0, 0, 0, 0, 0, 0, 0, 0, 0, 0, 0, 0, 0, 0, 0, 0, 0, 0, 0, 0, 0, 0, 0, 0, 0, 0, 0, 0, 0, 0, 0, 0, 0, 0, 0, 0, 0, 0, 0, 0, 0, 0, 0, 0, 0, 0, 0, 0, 0, 0, 0, 0, 0, 0, 0, 0, 0, 0, 0, 0, 0, 0, 0, 0, 0, 0, 0, 0, 0, 0, 0, 0, 0, 0, 0, 0, 0, 0, 0, 0, 0, 0, 0, 0, 0, 0, 0, 0, 0, 0, 0, 0, 0, 0, 0, 0, 0, 0, 0, 0, 0, 0, 0, 0, 0, 0, 0, 0, 0, 0, 0, 0, 0, 0, 0, 0, 0, 0, 0, 0, 0, 0, 0, 0, 0, 0, 0, 0, 0, 0, 0, 0, 0, 0, 0, 0, 0, 0, 0, 0, 0, 0, 0, 0, 0, 0, 0, 0, 0, 0, 0, 0, 0, 0, 0, 0, 0, 0, 0, 0, 0, 0, 0, 0, 0, 0, 0, 0, 0, 0, 0, 0, 0, 0, 0, 0, 0, 0, 0, 0, 0, 0, 0, 0, 0, 0, 0, 0, 0, 0, 0, 0, 0, 0, 0, 0, 0, 0, 0, 0, 0, 0, 0, 0, 0, 0, 0, 0, 0, 0, 0, 0, 0, 0, 0, 0, 0, 0, 0, 0, 0, 0, 0, 0, 0, 0, 0, 0, 0, 0, 0, 0, 0, 0, 0, 0, 0, 0, 0, 0, 0, 0, 0, 0, 0, 0, 0, 0, 0, 0, 0, 0, 0, 0, 0, 0, 0, 0, 0, 0, 0, 0, 0, 0, 0, 0, 0, 0, 0, 0, 0, 0, 0, 0, 0, 0, 0, 0, 0, 0, 0, 0, 0, 0, 0, 0, 0, 0, 0, 0, 0, 0, 0, 0, 0, 0, 0, 0, 0, 0, 0, 0, 0, 0, 0, 0, 0, 0, 0, 0, 0, 0, 0, 0, 0, 0, 0, 0, 0, 0, 0, 0, 0, 0, 0, 0, 0, 0, 0, 0, 0, 0, 0, 0, 0, 0, 0, 0, 0, 0, 0, 0, 0, 0], [0, 0, 0, 0, 0, 0, 0, 0, 0, 0, 0, 0, 0, 0, 0, 0, 0, 0, 0, 0, 0, 0, 0, 0, 0, 0, 0, 0, 0, 0, 0, 0, 0, 0, 0, 0, 0, 0, 0, 0, 0, 0, 0, 0, 0, 0, 0, 0, 0, 0, 0, 0, 0, 0, 0, 0, 0, 0, 0, 0, 0, 0, 0, 0, 0, 0, 0, 0, 0, 0, 0, 0, 0, 0, 0, 0, 0, 0, 0, 0, 0, 0, 0, 0, 0, 0, 0, 0, 0, 0, 0, 0, 0, 0, 0, 0, 0, 0, 0, 0, 0, 0, 0, 0, 0, 0, 0, 0, 0, 0, 0, 0, 0, 0, 0, 0, 0, 0, 0, 0, 0, 0, 0, 0, 0, 0, 0, 0, 0, 0, 0, 0, 0, 0, 0, 0, 0, 0, 0, 0, 0, 0, 0, 0, 0, 0, 0, 0, 0, 0, 0, 0, 0, 0, 0, 0, 0, 0, 0, 0, 0, 0, 0, 0, 0, 0, 0, 0, 0, 0, 0, 0, 0, 0, 0, 0, 0, 0, 0, 0, 0, 0, 0, 0, 0, 0, 0, 0, 0, 0, 0, 0, 0, 0, 0, 0, 0, 0, 0, 0, 0, 0, 0, 0, 0, 0, 0, 0, 0, 0, 0, 0, 0, 0, 0, 0, 0, 0, 0, 0, 0, 0, 0, 0, 0, 0, 0, 0, 0, 0, 0, 0, 0, 0, 0, 0, 0, 0, 0, 0, 0, 0, 0, 0, 0, 0, 0, 0, 0, 0, 0, 0, 0, 0, 0, 0, 0, 0, 0, 0, 0, 0, 0, 0, 0, 0, 0, 0, 0, 0, 0, 0, 0, 0, 0, 0, 0, 0, 0, 0, 0, 0, 0, 0, 0, 0, 0, 0, 0, 0, 0, 0, 0, 0, 0, 0, 0, 0, 0, 0, 0, 0, 0, 0, 0, 0, 0, 0, 0, 0, 0, 0, 0, 0, 0, 0, 0, 0, 0, 0, 0, 0, 0, 0, 0, 0, 0, 0, 0, 0, 0, 0, 0, 0, 0, 0, 0, 0, 0, 0, 0, 0, 0, 0, 0, 0, 0, 0, 0, 0, 0, 0, 0, 0, 0, 0, 0, 0, 0, 0, 0, 0, 0, 0, 0, 0, 0, 0, 0, 0, 0, 0, 0, 0, 0, 0, 0, 0, 0, 0, 0, 0, 0, 0, 0, 0, 0, 0, 0, 0, 0, 0, 0, 0, 0, 0, 0, 0, 0, 0, 0, 0, 0, 0, 0, 0, 0, 0, 0, 0, 0, 0, 0, 0, 0, 0, 0, 0, 0, 0, 0, 0, 0, 0, 0, 0, 0, 0, 0, 0, 0, 0, 0, 0, 0, 0, 0, 0, 0, 0, 0, 0, 0, 0, 0, 0, 0, 0, 0, 0, 0, 0, 0, 0, 0, 0, 0, 0, 0, 0, 0, 0, 0, 0, 0, 0, 0, 0, 0, 0, 0, 0, 0, 0, 0, 0, 0, 0, 0, 0, 0, 0, 0, 0, 0, 0, 0, 0, 0, 0, 0, 0, 0, 0, 0, 0, 0, 0, 0, 0, 0, 0, 0, 0, 0, 0, 0, 0, 0, 0, 0, 0, 0, 0, 0, 0, 0, 0, 0, 0, 0, 0, 0, 0, 0, 0, 0, 0, 0, 0, 0, 0, 0, 0, 0, 0, 0, 0, 0, 0, 0, 0, 0, 0, 0, 0, 0, 0, 0, 0, 0, 0, 0, 0, 0, 0, 0, 0, 0, 0, 0, 0, 0, 0, 0, 0, 0, 0, 0, 0, 0, 0, 0, 0, 0, 0, 0, 0, 0, 0, 0, 0, 0, 0, 0, 0, 0, 0, 0, 0, 0, 0, 0, 0, 0, 0, 0, 0, 0, 0, 0, 0, 0, 0, 0, 0, 0, 0, 0, 0, 0, 0, 0, 0, 0, 0, 0, 0, 0, 0, 0, 0, 0, 0, 0, 0, 0, 0, 0, 0, 0, 0, 0, 0, 0, 0, 0, 0, 0, 0, 0, 0, 0, 0, 0, 0, 0, 0, 0, 0, 0, 0, 0, 0, 0, 0, 0, 0, 0, 0, 0, 0, 0, 0, 0, 0, 0, 0, 0, 0, 0, 0, 0, 0, 0, 0, 0, 0, 0, 0, 0, 0, 0, 0, 0, 0, 0, 0, 0, 0, 0, 0, 0, 0, 0, 0, 0, 0, 0, 0, 0, 0, 0, 0, 0, 0, 0, 0, 0, 0, 0, 0, 0, 0, 0, 0, 0, 0, 0, 0, 0, 0, 0, 0, 0, 0, 0, 0, 0, 0, 0, 0, 0, 0, 0, 0, 0, 0, 0, 0, 0, 0, 0, 0, 0, 0, 0, 0, 0, 0, 0, 0, 0, 0, 0, 0, 0, 0, 0, 0, 0, 0, 0, 0, 0, 0, 0, 0, 0, 0, 0, 0, 0, 0, 0, 0, 0, 0, 0, 0, 0, 0, 0, 0, 0, 0, 0, 0, 0, 0, 0, 0, 0, 0, 0, 0, 0, 0, 0, 0, 0, 0, 0, 0, 0, 0, 0, 0, 0, 0, 0, 0, 0, 0, 0, 0, 0, 0, 0, 0, 0, 0, 0, 0, 0, 0, 0, 0, 0, 0, 0, 0, 0], [0, 0, 0, 0, 0, 0, 0, 0, 0, 0, 0, 0, 0, 0, 0, 0, 0, 0, 0, 0, 0, 0, 0, 0, 0, 0, 0, 0, 0, 0, 0, 0, 0, 0, 0, 0, 0, 0, 0, 0, 0, 0, 0, 0, 0, 0, 0, 0, 0, 0, 0, 0, 0, 0, 0, 0, 0, 0, 0, 0, 0, 0, 0, 0, 0, 0, 0, 0, 0, 0, 0, 0, 0, 0, 0, 0, 0, 0, 0, 0, 0, 0, 0, 0, 0, 0, 0, 0, 0, 0, 0, 0, 0, 0, 0, 0, 0, 0, 0, 0, 0, 0, 0, 0, 0, 0, 0, 0, 0, 0, 0, 0, 0, 0, 0, 0, 0, 0, 0, 0, 0, 0, 0, 0, 0, 0, 0, 0, 0, 0, 0, 0, 0, 0, 0, 0, 0, 0, 0, 0, 0, 0, 0, 0, 0, 0, 0, 0, 0, 0, 0, 0, 0, 0, 0, 0, 0, 0, 0, 0, 0, 0, 0, 0, 0, 0, 0, 0, 0, 0, 0, 0, 0, 0, 0, 0, 0, 0, 0, 0, 0, 0, 0, 0, 0, 0, 0, 0, 0, 0, 0, 0, 0, 0, 0, 0, 0, 0, 0, 0, 0, 0, 0, 0, 0, 0, 0, 0, 0, 0, 0, 0, 0, 0, 0, 0, 0, 0, 0, 0, 0, 0, 0, 0, 0, 0, 0, 0, 0, 0, 0, 0, 0, 0, 0, 0, 0, 0, 0, 0, 0, 0, 0, 0, 0, 0, 0, 0, 0, 0, 0, 0, 0, 0, 0, 0, 0, 0, 0, 0, 0, 0, 0, 0, 0, 0, 0, 0, 0, 0, 0, 0, 0, 0, 0, 0, 0, 0, 0, 0, 0, 0, 0, 0, 0, 0, 0, 0, 0, 0, 0, 0, 0, 0, 0, 0, 0, 0, 0, 0, 0, 0, 0, 0, 0, 0, 0, 0, 0, 0, 0, 0, 0, 0, 0, 0, 0, 0, 0, 0, 0, 0, 0, 0, 0, 0, 0, 0, 0, 0, 0, 0, 0, 0, 0, 0, 0, 0, 0, 0, 0, 0, 0, 0, 0, 0, 0, 0, 0, 0, 0, 0, 0, 0, 0, 0, 0, 0, 0, 0, 0, 0, 0, 0, 0, 0, 0, 0, 0, 0, 0, 0, 0, 0, 0, 0, 0, 0, 0, 0, 0, 0, 0, 0, 0, 0, 0, 0, 0, 0, 0, 0, 0, 0, 0, 0, 0, 0, 0, 0, 0, 0, 0, 0, 0, 0, 0, 0, 0, 0, 0, 0, 0, 0, 0, 0, 0, 0, 0, 0, 0, 0, 0, 0, 0, 0, 0, 0, 0, 0, 0, 0, 0, 0, 0, 0, 0, 0, 0, 0, 0, 0, 0, 0, 0, 0, 0, 0, 0, 0, 0, 0, 0, 0, 0, 0, 0, 0, 0, 0, 0, 0, 0, 0, 0, 0, 0, 0, 0, 0, 0, 0, 0, 0, 0, 0, 0, 0, 0, 0, 0, 0, 0, 0, 0, 0, 0, 0, 0, 0, 0, 0, 0, 0, 0, 0, 0, 0, 0, 0, 0, 0, 0, 0, 0, 0, 0, 0, 0, 0, 0, 0, 0, 0, 0, 0, 0, 0, 0, 0, 0, 0, 0, 0, 0, 0, 0, 0, 0, 0, 0, 0, 0, 0, 0, 0, 0, 0, 0, 0, 0, 0, 0, 0, 0, 0, 0, 0, 0, 0, 0, 0, 0, 0, 0, 0, 0, 0, 0, 0, 0, 0, 0, 0, 0, 0, 0, 0, 0, 0, 0, 0, 0, 0, 0, 0, 0, 0, 0, 0, 0, 0, 0, 0, 0, 0, 0, 0, 0, 0, 0, 0, 0, 0, 0, 0, 0, 0, 0, 0, 0, 0, 0, 0, 0, 0, 0, 0, 0, 0, 0, 0, 0, 0, 0, 0, 0, 0, 0, 0, 0, 0, 0, 0, 0, 0, 0, 0, 0, 0, 0, 0, 0, 0, 0, 0, 0, 0, 0, 0, 0, 0, 0, 0, 0, 0, 0, 0, 0, 0, 0, 0, 0, 0, 0, 0, 0, 0, 0, 0, 0, 0, 0, 0, 0, 0, 0, 0, 0, 0, 0, 0, 0, 0, 0, 0, 0, 0, 0, 0, 0, 0, 0, 0, 0, 0, 0, 0, 0, 0, 0, 0, 0, 0, 0, 0, 0, 0, 0, 0, 0, 0, 0, 0, 0, 0, 0, 0, 0, 0, 0, 0, 0, 0, 0, 0, 0, 0, 0, 0, 0, 0, 0, 0, 0, 0, 0, 0, 0, 0, 0, 0, 0, 0, 0, 0, 0, 0, 0, 0, 0, 0, 0, 0, 0, 0, 0, 0, 0, 0, 0, 0, 0, 0, 0, 0, 0, 0, 0, 0, 0, 0, 0, 0, 0, 0, 0, 0, 0, 0, 0, 0, 0, 0, 0, 0, 0, 0, 0, 0, 0, 0, 0, 0, 0, 0, 0, 0, 0, 0, 0, 0, 0, 0, 0, 0, 0, 0, 0, 0, 0, 0, 0, 0, 0, 0, 0, 0, 0, 0, 0, 0, 0, 0, 0, 0, 0, 0, 0, 0, 0, 0, 0, 0, 0, 0, 0, 0, 0, 0, 0, 0, 0, 0, 0, 0, 0, 0, 0, 0, 0, 0], [0, 0, 0, 0, 0, 0, 0, 0, 0, 0, 0, 0, 0, 0, 0, 0, 0, 0, 0, 0, 0, 0, 0, 0, 0, 0, 0, 0, 0, 0, 0, 0, 0, 0, 0, 0, 0, 0, 0, 0, 0, 0, 0, 0, 0, 0, 0, 0, 0, 0, 0, 0, 0, 0, 0, 0, 0, 0, 0, 0, 0, 0, 0, 0, 0, 0, 0, 0, 0, 0, 0, 0, 0, 0, 0, 0, 0, 0, 0, 0, 0, 0, 0, 0, 0, 0, 0, 0, 0, 0, 0, 0, 0, 0, 0, 0, 0, 0, 0, 0, 0, 0, 0, 0, 0, 0, 0, 0, 0, 0, 0, 0, 0, 0, 0, 0, 0, 0, 0, 0, 0, 0, 0, 0, 0, 0, 0, 0, 0, 0, 0, 0, 0, 0, 0, 0, 0, 0, 0, 0, 0, 0, 0, 0, 0, 0, 0, 0, 0, 0, 0, 0, 0, 0, 0, 0, 0, 0, 0, 0, 0, 0, 0, 0, 0, 0, 0, 0, 0, 0, 0, 0, 0, 0, 0, 0, 0, 0, 0, 0, 0, 0, 0, 0, 0, 0, 0, 0, 0, 0, 0, 0, 0, 0, 0, 0, 0, 0, 0, 0, 0, 0, 0, 0, 0, 0, 0, 0, 0, 0, 0, 0, 0, 0, 0, 0, 0, 0, 0, 0, 0, 0, 0, 0, 0, 0, 0, 0, 0, 0, 0, 0, 0, 0, 0, 0, 0, 0, 0, 0, 0, 0, 0, 0, 0, 0, 0, 0, 0, 0, 0, 0, 0, 0, 0, 0, 0, 0, 0, 0, 0, 0, 0, 0, 0, 0, 0, 0, 0, 0, 0, 0, 0, 0, 0, 0, 0, 0, 0, 0, 0, 0, 0, 0, 0, 0, 0, 0, 0, 0, 0, 0, 0, 0, 0, 0, 0, 0, 0, 0, 0, 0, 0, 0, 0, 0, 0, 0, 0, 0, 0, 0, 0, 0, 0, 0, 0, 0, 0, 0, 0, 0, 0, 0, 0, 0, 0, 0, 0, 0, 0, 0, 0, 0, 0, 0, 0, 0, 0, 0, 0, 0, 0, 0, 0, 0, 0, 0, 0, 0, 0, 0, 0, 0, 0, 0, 0, 0, 0, 0, 0, 0, 0, 0, 0, 0, 0, 0, 0, 0, 0, 0, 0, 0, 0, 0, 0, 0, 0, 0, 0, 0, 0, 0, 0, 0, 0, 0, 0, 0, 0, 0, 0, 0, 0, 0, 0, 0, 0, 0, 0, 0, 0, 0, 0, 0, 0, 0, 0, 0, 0, 0, 0, 0, 0, 0, 0, 0, 0, 0, 0, 0, 0, 0, 0, 0, 0, 0, 0, 0, 0, 0, 0, 0, 0, 0, 0, 0, 0, 0, 0, 0, 0, 0, 0, 0, 0, 0, 0, 0, 0, 0, 0, 0, 0, 0, 0, 0, 0, 0, 0, 0, 0, 0, 0, 0, 0, 0, 0, 0, 0, 0, 0, 0, 0, 0, 0, 0, 0, 0, 0, 0, 0, 0, 0, 0, 0, 0, 0, 0, 0, 0, 0, 0, 0, 0, 0, 0, 0, 0, 0, 0, 0, 0, 0, 0, 0, 0, 0, 0, 0, 0, 0, 0, 0, 0, 0, 0, 0, 0, 0, 0, 0, 0, 0, 0, 0, 0, 0, 0, 0, 0, 0, 0, 0, 0, 0, 0, 0, 0, 0, 0, 0, 0, 0, 0, 0, 0, 0, 0, 0, 0, 0, 0, 0, 0, 0, 0, 0, 0, 0, 0, 0, 0, 0, 0, 0, 0, 0, 0, 0, 0, 0, 0, 0, 0, 0, 0, 0, 0, 0, 0, 0, 0, 0, 0, 0, 0, 0, 0, 0, 0, 0, 0, 0, 0, 0, 0, 0, 0, 0, 0, 0, 0, 0, 0, 0, 0, 0, 0, 0, 0, 0, 0, 0, 0, 0, 0, 0, 0, 0, 0, 0, 0, 0, 0, 0, 0, 0, 0, 0, 0, 0, 0, 0, 0, 0, 0, 0, 0, 0, 0, 0, 0, 0, 0, 0, 0, 0, 0, 0, 0, 0, 0, 0, 0, 0, 0, 0, 0, 0, 0, 0, 0, 0, 0, 0, 0, 0, 0, 0, 0, 0, 0, 0, 0, 0, 0, 0, 0, 0, 0, 0, 0, 0, 0, 0, 0, 0, 0, 0, 0, 0, 0, 0, 0, 0, 0, 0, 0, 0, 0, 0, 0, 0, 0, 0, 0, 0, 0, 0, 0, 0, 0, 0, 0, 0, 0, 0, 0, 0, 0, 0, 0, 0, 0, 0, 0, 0, 0, 0, 0, 0, 0, 0, 0, 0, 0, 0, 0, 0, 0, 0, 0, 0, 0, 0, 0, 0, 0, 0, 0, 0, 0, 0, 0, 0, 0, 0, 0, 0, 0, 0, 0, 0, 0, 0, 0, 0, 0, 0, 0, 0, 0, 0, 0, 0, 0, 0, 0, 0, 0, 0, 0, 0, 0, 0, 0, 0, 0, 0, 0, 0, 0, 0, 0, 0, 0, 0, 0, 0, 0, 0, 0, 0, 0, 0, 0, 0, 0, 0, 0, 0, 0, 0, 0, 0, 0, 0, 0, 0, 0, 0, 0, 0, 0, 0, 0, 0, 0, 0, 0, 0, 0, 0, 0, 0, 0, 0, 0, 0, 0, 0]]
  apply_query_key_layer_scaling ................... True
  apply_residual_connection_post_layernorm ........ False
  attention_dropout ............................... 0.1
  attention_softmax_in_fp32 ....................... False
  batch_size ...................................... None
  bert_binary_head ................................ True
  bert_load ....................................... None
  bf16 ............................................ False
  bias_dropout_fusion ............................. True
  bias_gelu_fusion ................................ True
  biencoder_projection_dim ........................ 0
  biencoder_shared_query_context_model ............ False
  block_data_path ................................. None
  checkpoint_activations .......................... [True, True, True, True]
  checkpoint_num_layers ........................... 1
  checkpoint_stages ............................... []
  clip_grad ....................................... 1.0
  consumed_train_samples .......................... 0
  consumed_valid_samples .......................... 0
  data_impl ....................................... mmap
  data_parallel_size_of_each_op ................... [[2, 2, 2, 2, 2, 2, 2, 2, 2, 2, 2, 2, 2, 2, 2, 2, 2, 2, 2, 2, 2, 2, 2, 2, 2, 2, 2, 2, 2, 2, 2, 2, 2, 2, 2, 2, 2, 2, 2, 2, 2, 2, 2, 2, 2, 2, 2, 2, 2, 2, 2, 2, 2, 2, 2, 2, 2, 2, 2, 2, 2, 2, 2, 2, 2, 2, 2, 2, 2, 2, 2, 2, 2, 2, 2, 2, 2, 2, 2, 2, 2, 2, 2, 2, 2, 2, 2, 2, 2, 2, 2, 2, 2, 2, 2, 2, 2, 2, 2, 2, 2, 2, 2, 2, 2, 2, 2, 2, 2, 2, 2, 2, 2, 2, 2, 2, 2, 2, 2, 2, 2, 2, 2, 2, 2, 2, 2, 2, 2, 2, 2, 2, 2, 2, 2, 2, 2, 2, 2, 2, 2, 2, 2, 2, 2, 2, 2, 2, 2, 2, 2, 2, 2, 2, 2, 2, 2, 2, 2, 2, 2, 2, 2, 2, 2, 2, 2, 2, 2, 2, 2, 2, 2, 2, 2, 2, 2, 2, 2, 2, 2, 2, 2, 2, 2, 2, 2, 2, 2, 2, 2, 2, 2, 2, 2, 2, 2, 2, 2, 2, 2, 2, 2, 2, 2, 2, 2, 2, 2, 2, 2, 2, 2, 2, 2, 2, 2, 2, 2, 2, 2, 2, 2, 2, 2, 2, 2, 2, 2, 2, 2, 2, 2, 2, 2, 2, 2, 2, 2, 2, 2, 2, 2, 2, 2, 2, 2, 2, 2, 2, 2, 2, 2, 2, 2, 2, 2, 2, 2, 2, 2, 2, 2, 2, 2, 2, 2, 2, 2, 2, 2, 2, 2, 2, 2, 2, 2, 2, 2, 2, 2, 2, 2, 2, 2, 2, 2, 2, 2, 2, 2, 2, 2, 2, 2, 2, 2, 2, 2, 2, 2, 2, 2, 2, 2, 2, 2, 2, 2, 2, 2, 2, 2, 2, 2, 2, 2, 2, 2, 2, 2, 2, 2, 2, 2, 2, 2, 2, 2, 2, 2, 2, 2, 2, 2, 2, 2, 2, 2, 2, 2, 2, 2, 2, 2, 2, 2, 2, 2, 2, 2, 2, 2, 2, 2, 2, 2, 2, 2, 2, 2, 2, 2, 2, 2, 2, 2, 2, 2, 2, 2, 2, 2, 2, 2, 2, 2, 2, 2, 2, 2, 2, 2, 2, 2, 2, 2, 2, 2, 2, 2, 2, 2, 2, 2, 2, 2, 2, 2, 2, 2, 2, 2, 2, 2, 2, 2, 2, 2, 2, 2, 2, 2, 2, 2, 2, 2, 2, 2, 2, 2, 2, 2, 2, 2, 2, 2, 2, 2, 2, 2, 2, 2, 2, 2, 2, 2, 2, 2, 2, 2, 2, 2, 2, 2, 2, 2, 2, 2, 2, 2, 2, 2, 2, 2, 2, 2, 2, 2, 2, 2, 2, 2, 2, 2, 2, 2, 2, 2, 2, 2, 2, 2, 2, 2, 2, 2, 2, 2, 2, 2, 2, 2, 2, 2, 2, 2, 2, 2, 2, 2, 2, 2, 2, 2, 2, 2, 2, 2, 2, 2, 2, 2, 2, 2, 2, 2, 2, 2, 2, 2, 2, 2, 2, 2, 2, 2, 2, 2, 2, 2, 2, 2, 2, 2, 2, 2, 2, 2, 2, 2, 2, 2, 2, 2, 2, 2, 2, 2, 2, 2, 2, 2, 2, 2, 2, 2, 2, 2, 2, 2, 2, 2, 2, 2, 2, 2, 2, 2, 2, 2, 2, 2, 2, 2, 2, 2, 2, 2, 2, 2, 2, 2, 2, 2, 2, 2, 2, 2, 2, 2, 2, 2, 2, 2, 2, 2, 2, 2, 2, 2, 2, 2, 2, 2, 2, 2, 2, 2, 2, 2, 2, 2, 2, 2, 2, 2, 2, 2, 2, 2, 2, 2, 2, 2, 2, 2, 2, 2, 2, 2, 2, 2, 2, 2, 2, 2, 2, 2, 2, 2, 2, 2, 2, 2, 2, 2, 2, 2, 2, 2, 2, 2, 2, 2, 2, 2, 2, 2, 2, 2, 2, 2, 2, 2, 2, 2, 2, 2, 2, 2, 2, 2, 2, 2, 2, 2, 2, 2, 2, 2, 2, 2, 2, 2, 2, 2, 2, 2, 2, 2, 2, 2, 2, 2, 2, 2, 2, 2, 2, 2, 2, 2, 2, 2, 2, 2, 2, 2, 2, 2, 2, 2, 2, 2, 2, 2, 2, 2, 2, 2, 2, 2, 2, 2, 2, 2, 2, 2, 2, 2, 2, 2, 2, 2, 2, 2, 2, 2, 2, 2, 2, 2, 2, 2, 2, 2, 2, 2, 2, 2, 2, 2, 2, 2, 2, 2, 2, 2, 2, 2, 2, 2, 2, 2, 2, 2, 2, 2, 2, 2, 2, 2, 2, 2, 2, 2, 2, 2, 2, 2, 2, 2, 2, 2, 2, 2, 2, 2, 2, 2, 2, 2, 2, 2, 2, 2, 2, 2, 2, 2, 2, 2, 2, 2, 2, 2, 2, 2, 2, 2, 2, 2, 2, 2, 2, 2, 2, 2, 2, 2, 2, 2], [2, 2, 2, 2, 2, 2, 2, 2, 2, 2, 2, 2, 2, 2, 2, 2, 2, 2, 2, 2, 2, 2, 2, 2, 2, 2, 2, 2, 2, 2, 2, 2, 2, 2, 2, 2, 2, 2, 2, 2, 2, 2, 2, 2, 2, 2, 2, 2, 2, 2, 2, 2, 2, 2, 2, 2, 2, 2, 2, 2, 2, 2, 2, 2, 2, 2, 2, 2, 2, 2, 2, 2, 2, 2, 2, 2, 2, 2, 2, 2, 2, 2, 2, 2, 2, 2, 2, 2, 2, 2, 2, 2, 2, 2, 2, 2, 2, 2, 2, 2, 2, 2, 2, 2, 2, 2, 2, 2, 2, 2, 2, 2, 2, 2, 2, 2, 2, 2, 2, 2, 2, 2, 2, 2, 2, 2, 2, 2, 2, 2, 2, 2, 2, 2, 2, 2, 2, 2, 2, 2, 2, 2, 2, 2, 2, 2, 2, 2, 2, 2, 2, 2, 2, 2, 2, 2, 2, 2, 2, 2, 2, 2, 2, 2, 2, 2, 2, 2, 2, 2, 2, 2, 2, 2, 2, 2, 2, 2, 2, 2, 2, 2, 2, 2, 2, 2, 2, 2, 2, 2, 2, 2, 2, 2, 2, 2, 2, 2, 2, 2, 2, 2, 2, 2, 2, 2, 2, 2, 2, 2, 2, 2, 2, 2, 2, 2, 2, 2, 2, 2, 2, 2, 2, 2, 2, 2, 2, 2, 2, 2, 2, 2, 2, 2, 2, 2, 2, 2, 2, 2, 2, 2, 2, 2, 2, 2, 2, 2, 2, 2, 2, 2, 2, 2, 2, 2, 2, 2, 2, 2, 2, 2, 2, 2, 2, 2, 2, 2, 2, 2, 2, 2, 2, 2, 2, 2, 2, 2, 2, 2, 2, 2, 2, 2, 2, 2, 2, 2, 2, 2, 2, 2, 2, 2, 2, 2, 2, 2, 2, 2, 2, 2, 2, 2, 2, 2, 2, 2, 2, 2, 2, 2, 2, 2, 2, 2, 2, 2, 2, 2, 2, 2, 2, 2, 2, 2, 2, 2, 2, 2, 2, 2, 2, 2, 2, 2, 2, 2, 2, 2, 2, 2, 2, 2, 2, 2, 2, 2, 2, 2, 2, 2, 2, 2, 2, 2, 2, 2, 2, 2, 2, 2, 2, 2, 2, 2, 2, 2, 2, 2, 2, 2, 2, 2, 2, 2, 2, 2, 2, 2, 2, 2, 2, 2, 2, 2, 2, 2, 2, 2, 2, 2, 2, 2, 2, 2, 2, 2, 2, 2, 2, 2, 2, 2, 2, 2, 2, 2, 2, 2, 2, 2, 2, 2, 2, 2, 2, 2, 2, 2, 2, 2, 2, 2, 2, 2, 2, 2, 2, 2, 2, 2, 2, 2, 2, 2, 2, 2, 2, 2, 2, 2, 2, 2, 2, 2, 2, 2, 2, 2, 2, 2, 2, 2, 2, 2, 2, 2, 2, 2, 2, 2, 2, 2, 2, 2, 2, 2, 2, 2, 2, 2, 2, 2, 2, 2, 2, 2, 2, 2, 2, 2, 2, 2, 2, 2, 2, 2, 2, 2, 2, 2, 2, 2, 2, 2, 2, 2, 2, 2, 2, 2, 2, 2, 2, 2, 2, 2, 2, 2, 2, 2, 2, 2, 2, 2, 2, 2, 2, 2, 2, 2, 2, 2, 2, 2, 2, 2, 2, 2, 2, 2, 2, 2, 2, 2, 2, 2, 2, 2, 2, 2, 2, 2, 2, 2, 2, 2, 2, 2, 2, 2, 2, 2, 2, 2, 2, 2, 2, 2, 2, 2, 2, 2, 2, 2, 2, 2, 2, 2, 2, 2, 2, 2, 2, 2, 2, 2, 2, 2, 2, 2, 2, 2, 2, 2, 2, 2, 2, 2, 2, 2, 2, 2, 2, 2, 2, 2, 2, 2, 2, 2, 2, 2, 2, 2, 2, 2, 2, 2, 2, 2, 2, 2, 2, 2, 2, 2, 2, 2, 2, 2, 2, 2, 2, 2, 2, 2, 2, 2, 2, 2, 2, 2, 2, 2, 2, 2, 2, 2, 2, 2, 2, 2, 2, 2, 2, 2, 2, 2, 2, 2, 2, 2, 2, 2, 2, 2, 2, 2, 2, 2, 2, 2, 2, 2, 2, 2, 2, 2, 2, 2, 2, 2, 2, 2, 2, 2, 2, 2, 2, 2, 2, 2, 2, 2, 2, 2, 2, 2, 2, 2, 2, 2, 2, 2, 2, 2, 2, 2, 2, 2, 2, 2, 2, 2, 2, 2, 2, 2, 2, 2, 2, 2, 2, 2, 2, 2, 2, 2, 2, 2, 2, 2, 2, 2, 2, 2, 2, 2, 2, 2, 2, 2, 2, 2, 2, 2, 2, 2, 2, 2, 2, 2, 2, 2, 2, 2, 2, 2, 2, 2, 2, 2, 2, 2, 2, 2, 2, 2, 2, 2, 2, 2, 2, 2, 2, 2, 2, 2, 2, 2, 2, 2, 2, 2, 2, 2, 2, 2, 2, 2, 2, 2, 2, 2, 2, 2, 2, 2, 2, 2, 2, 2, 2, 2, 2, 2, 2, 2, 2, 2, 2, 2, 2, 2, 2, 2, 2, 2, 2, 2, 2, 2, 2, 2, 2, 2, 2, 2, 2, 2, 2, 2, 2, 2, 2, 2, 2, 2, 2, 2, 2], [2, 2, 2, 2, 2, 2, 2, 2, 2, 2, 2, 2, 2, 2, 2, 2, 2, 2, 2, 2, 2, 2, 2, 2, 2, 2, 2, 2, 2, 2, 2, 2, 2, 2, 2, 2, 2, 2, 2, 2, 2, 2, 2, 2, 2, 2, 2, 2, 2, 2, 2, 2, 2, 2, 2, 2, 2, 2, 2, 2, 2, 2, 2, 2, 2, 2, 2, 2, 2, 2, 2, 2, 2, 2, 2, 2, 2, 2, 2, 2, 2, 2, 2, 2, 2, 2, 2, 2, 2, 2, 2, 2, 2, 2, 2, 2, 2, 2, 2, 2, 2, 2, 2, 2, 2, 2, 2, 2, 2, 2, 2, 2, 2, 2, 2, 2, 2, 2, 2, 2, 2, 2, 2, 2, 2, 2, 2, 2, 2, 2, 2, 2, 2, 2, 2, 2, 2, 2, 2, 2, 2, 2, 2, 2, 2, 2, 2, 2, 2, 2, 2, 2, 2, 2, 2, 2, 2, 2, 2, 2, 2, 2, 2, 2, 2, 2, 2, 2, 2, 2, 2, 2, 2, 2, 2, 2, 2, 2, 2, 2, 2, 2, 2, 2, 2, 2, 2, 2, 2, 2, 2, 2, 2, 2, 2, 2, 2, 2, 2, 2, 2, 2, 2, 2, 2, 2, 2, 2, 2, 2, 2, 2, 2, 2, 2, 2, 2, 2, 2, 2, 2, 2, 2, 2, 2, 2, 2, 2, 2, 2, 2, 2, 2, 2, 2, 2, 2, 2, 2, 2, 2, 2, 2, 2, 2, 2, 2, 2, 2, 2, 2, 2, 2, 2, 2, 2, 2, 2, 2, 2, 2, 2, 2, 2, 2, 2, 2, 2, 2, 2, 2, 2, 2, 2, 2, 2, 2, 2, 2, 2, 2, 2, 2, 2, 2, 2, 2, 2, 2, 2, 2, 2, 2, 2, 2, 2, 2, 2, 2, 2, 2, 2, 2, 2, 2, 2, 2, 2, 2, 2, 2, 2, 2, 2, 2, 2, 2, 2, 2, 2, 2, 2, 2, 2, 2, 2, 2, 2, 2, 2, 2, 2, 2, 2, 2, 2, 2, 2, 2, 2, 2, 2, 2, 2, 2, 2, 2, 2, 2, 2, 2, 2, 2, 2, 2, 2, 2, 2, 2, 2, 2, 2, 2, 2, 2, 2, 2, 2, 2, 2, 2, 2, 2, 2, 2, 2, 2, 2, 2, 2, 2, 2, 2, 2, 2, 2, 2, 2, 2, 2, 2, 2, 2, 2, 2, 2, 2, 2, 2, 2, 2, 2, 2, 2, 2, 2, 2, 2, 2, 2, 2, 2, 2, 2, 2, 2, 2, 2, 2, 2, 2, 2, 2, 2, 2, 2, 2, 2, 2, 2, 2, 2, 2, 2, 2, 2, 2, 2, 2, 2, 2, 2, 2, 2, 2, 2, 2, 2, 2, 2, 2, 2, 2, 2, 2, 2, 2, 2, 2, 2, 2, 2, 2, 2, 2, 2, 2, 2, 2, 2, 2, 2, 2, 2, 2, 2, 2, 2, 2, 2, 2, 2, 2, 2, 2, 2, 2, 2, 2, 2, 2, 2, 2, 2, 2, 2, 2, 2, 2, 2, 2, 2, 2, 2, 2, 2, 2, 2, 2, 2, 2, 2, 2, 2, 2, 2, 2, 2, 2, 2, 2, 2, 2, 2, 2, 2, 2, 2, 2, 2, 2, 2, 2, 2, 2, 2, 2, 2, 2, 2, 2, 2, 2, 2, 2, 2, 2, 2, 2, 2, 2, 2, 2, 2, 2, 2, 2, 2, 2, 2, 2, 2, 2, 2, 2, 2, 2, 2, 2, 2, 2, 2, 2, 2, 2, 2, 2, 2, 2, 2, 2, 2, 2, 2, 2, 2, 2, 2, 2, 2, 2, 2, 2, 2, 2, 2, 2, 2, 2, 2, 2, 2, 2, 2, 2, 2, 2, 2, 2, 2, 2, 2, 2, 2, 2, 2, 2, 2, 2, 2, 2, 2, 2, 2, 2, 2, 2, 2, 2, 2, 2, 2, 2, 2, 2, 2, 2, 2, 2, 2, 2, 2, 2, 2, 2, 2, 2, 2, 2, 2, 2, 2, 2, 2, 2, 2, 2, 2, 2, 2, 2, 2, 2, 2, 2, 2, 2, 2, 2, 2, 2, 2, 2, 2, 2, 2, 2, 2, 2, 2, 2, 2, 2, 2, 2, 2, 2, 2, 2, 2, 2, 2, 2, 2, 2, 2, 2, 2, 2, 2, 2, 2, 2, 2, 2, 2, 2, 2, 2, 2, 2, 2, 2, 2, 2, 2, 2, 2, 2, 2, 2, 2, 2, 2, 2, 2, 2, 2, 2, 2, 2, 2, 2, 2, 2, 2, 2, 2, 2, 2, 2, 2, 2, 2, 2, 2, 2, 2, 2, 2, 2, 2, 2, 2, 2, 2, 2, 2, 2, 2, 2, 2, 2, 2, 2, 2, 2, 2, 2, 2, 2, 2, 2, 2, 2, 2, 2, 2, 2, 2, 2, 2, 2, 2, 2, 2, 2, 2, 2, 2, 2, 2, 2, 2, 2, 2, 2, 2, 2, 2, 2, 2, 2, 2, 2, 2, 2, 2, 2, 2, 2, 2, 2, 2, 2, 2, 2, 2, 2, 2, 2, 2, 2, 2, 2, 2, 2, 2, 2, 2, 2, 2, 2, 2, 2, 2, 2, 2, 2, 2, 2, 2], [2, 2, 2, 2, 2, 2, 2, 2, 2, 2, 2, 2, 2, 2, 2, 2, 2, 2, 2, 2, 2, 2, 2, 2, 2, 2, 2, 2, 2, 2, 2, 2, 2, 2, 2, 2, 2, 2, 2, 2, 2, 2, 2, 2, 2, 2, 2, 2, 2, 2, 2, 2, 2, 2, 2, 2, 2, 2, 2, 2, 2, 2, 2, 2, 2, 2, 2, 2, 2, 2, 2, 2, 2, 2, 2, 2, 2, 2, 2, 2, 2, 2, 2, 2, 2, 2, 2, 2, 2, 2, 2, 2, 2, 2, 2, 2, 2, 2, 2, 2, 2, 2, 2, 2, 2, 2, 2, 2, 2, 2, 2, 2, 2, 2, 2, 2, 2, 2, 2, 2, 2, 2, 2, 2, 2, 2, 2, 2, 2, 2, 2, 2, 2, 2, 2, 2, 2, 2, 2, 2, 2, 2, 2, 2, 2, 2, 2, 2, 2, 2, 2, 2, 2, 2, 2, 2, 2, 2, 2, 2, 2, 2, 2, 2, 2, 2, 2, 2, 2, 2, 2, 2, 2, 2, 2, 2, 2, 2, 2, 2, 2, 2, 2, 2, 2, 2, 2, 2, 2, 2, 2, 2, 2, 2, 2, 2, 2, 2, 2, 2, 2, 2, 2, 2, 2, 2, 2, 2, 2, 2, 2, 2, 2, 2, 2, 2, 2, 2, 2, 2, 2, 2, 2, 2, 2, 2, 2, 2, 2, 2, 2, 2, 2, 2, 2, 2, 2, 2, 2, 2, 2, 2, 2, 2, 2, 2, 2, 2, 2, 2, 2, 2, 2, 2, 2, 2, 2, 2, 2, 2, 2, 2, 2, 2, 2, 2, 2, 2, 2, 2, 2, 2, 2, 2, 2, 2, 2, 2, 2, 2, 2, 2, 2, 2, 2, 2, 2, 2, 2, 2, 2, 2, 2, 2, 2, 2, 2, 2, 2, 2, 2, 2, 2, 2, 2, 2, 2, 2, 2, 2, 2, 2, 2, 2, 2, 2, 2, 2, 2, 2, 2, 2, 2, 2, 2, 2, 2, 2, 2, 2, 2, 2, 2, 2, 2, 2, 2, 2, 2, 2, 2, 2, 2, 2, 2, 2, 2, 2, 2, 2, 2, 2, 2, 2, 2, 2, 2, 2, 2, 2, 2, 2, 2, 2, 2, 2, 2, 2, 2, 2, 2, 2, 2, 2, 2, 2, 2, 2, 2, 2, 2, 2, 2, 2, 2, 2, 2, 2, 2, 2, 2, 2, 2, 2, 2, 2, 2, 2, 2, 2, 2, 2, 2, 2, 2, 2, 2, 2, 2, 2, 2, 2, 2, 2, 2, 2, 2, 2, 2, 2, 2, 2, 2, 2, 2, 2, 2, 2, 2, 2, 2, 2, 2, 2, 2, 2, 2, 2, 2, 2, 2, 2, 2, 2, 2, 2, 2, 2, 2, 2, 2, 2, 2, 2, 2, 2, 2, 2, 2, 2, 2, 2, 2, 2, 2, 2, 2, 2, 2, 2, 2, 2, 2, 2, 2, 2, 2, 2, 2, 2, 2, 2, 2, 2, 2, 2, 2, 2, 2, 2, 2, 2, 2, 2, 2, 2, 2, 2, 2, 2, 2, 2, 2, 2, 2, 2, 2, 2, 2, 2, 2, 2, 2, 2, 2, 2, 2, 2, 2, 2, 2, 2, 2, 2, 2, 2, 2, 2, 2, 2, 2, 2, 2, 2, 2, 2, 2, 2, 2, 2, 2, 2, 2, 2, 2, 2, 2, 2, 2, 2, 2, 2, 2, 2, 2, 2, 2, 2, 2, 2, 2, 2, 2, 2, 2, 2, 2, 2, 2, 2, 2, 2, 2, 2, 2, 2, 2, 2, 2, 2, 2, 2, 2, 2, 2, 2, 2, 2, 2, 2, 2, 2, 2, 2, 2, 2, 2, 2, 2, 2, 2, 2, 2, 2, 2, 2, 2, 2, 2, 2, 2, 2, 2, 2, 2, 2, 2, 2, 2, 2, 2, 2, 2, 2, 2, 2, 2, 2, 2, 2, 2, 2, 2, 2, 2, 2, 2, 2, 2, 2, 2, 2, 2, 2, 2, 2, 2, 2, 2, 2, 2, 2, 2, 2, 2, 2, 2, 2, 2, 2, 2, 2, 2, 2, 2, 2, 2, 2, 2, 2, 2, 2, 2, 2, 2, 2, 2, 2, 2, 2, 2, 2, 2, 2, 2, 2, 2, 2, 2, 2, 2, 2, 2, 2, 2, 2, 2, 2, 2, 2, 2, 2, 2, 2, 2, 2, 2, 2, 2, 2, 2, 2, 2, 2, 2, 2, 2, 2, 2, 2, 2, 2, 2, 2, 2, 2, 2, 2, 2, 2, 2, 2, 2, 2, 2, 2, 2, 2, 2, 2, 2, 2, 2, 2, 2, 2, 2, 2, 2, 2, 2, 2, 2, 2, 2, 2, 2, 2, 2, 2, 2, 2, 2, 2, 2, 2, 2, 2, 2, 2, 2, 2, 2, 2, 2, 2, 2, 2, 2, 2, 2, 2, 2, 2, 2, 2, 2, 2, 2, 2, 2, 2, 2, 2, 2, 2, 2, 2, 2, 2, 2, 2, 2, 2, 2, 2, 2, 2, 2, 2, 2, 2, 2, 2, 2, 2, 2, 2, 2, 2, 2, 2, 2, 2, 2, 2, 2, 2, 2, 2, 2, 2, 2, 2, 2, 2, 2, 2, 2, 2, 2, 2, 2]]
  data_path ....................................... None
  dataloader_type ................................. single
  DDP_impl ........................................ local
  decoder_seq_length .............................. None
  distribute_checkpointed_activations ............. False
  distributed_backend ............................. nccl
  embedding_path .................................. None
  empty_unused_memory_level ....................... 0
  encoder_seq_length .............................. 2048
  eod_mask_loss ................................... False
  eval_interval ................................... 1000
  eval_iters ...................................... 0
  evidence_data_path .............................. None
  exit_duration_in_mins ........................... None
  exit_interval ................................... None
  ffn_hidden_size ................................. 2048
  finetune ........................................ False
  flexpipe_config ................................. /home/liminglong.lml/sxz/SuperScaler/logs-large/aceso/configs/scale-layer/256layers/top_configs/scale-layer_256layers_4stages_2026-5-15-12-58-8.json
  fp16 ............................................ True
  fp16_lm_cross_entropy ........................... False
  fp32_residual_connection ........................ False
  global_batch_size ............................... 1024
  hidden_dropout .................................. 0.1
  hidden_size ..................................... 512
  hysteresis ...................................... 2
  ict_head_size ................................... None
  ict_load ........................................ None
  img_dim ......................................... 224
  indexer_batch_size .............................. 128
  indexer_log_interval ............................ 1000
  init_method_std ................................. 0.02
  init_method_xavier_uniform ...................... False
  initial_loss_scale .............................. 4294967296
  interleave_factor ............................... 1
  kv_channels ..................................... 64
  layernorm_epsilon ............................... 1e-05
  lazy_mpu_init ................................... None
  load ............................................ None
  local_rank ...................................... 0
  log_batch_size_to_tensorboard ................... False
  log_interval .................................... 1
  log_learning_rate_to_tensorboard ................ True
  log_loss_scale_to_tensorboard ................... True
  log_name ........................................ scale-layer_256layers_4stages_2026-5-15-12-58-8
  log_num_zeros_in_grad ........................... False
  log_params_norm ................................. False
  log_path ........................................ /home/liminglong.lml/sxz/SuperScaler/logs-large/aceso/runtime/scale-layer/256layers/
  log_timers_to_tensorboard ....................... False
  log_validation_ppl_to_tensorboard ............... False
  loss_scale ...................................... None
  loss_scale_window ............................... 1000
  lr .............................................. 0.00015
  lr_decay_iters .................................. 320000
  lr_decay_samples ................................ None
  lr_decay_style .................................. cosine
  lr_warmup_fraction .............................. 0.01
  lr_warmup_iters ................................. 0
  lr_warmup_samples ............................... 0
  make_vocab_size_divisible_by .................... 128
  mask_prob ....................................... 0.15
  masked_softmax_fusion ........................... True
  max_position_embeddings ......................... 2048
  merge_file ...................................... vocabs/gpt2-merges.txt
  micro_batch_size ................................ 8
  min_loss_scale .................................. 1.0
  min_lr .......................................... 1e-05
  mmap_warmup ..................................... False
  model_name ...................................... gpt
  model_parallel_size ............................. None
  model_parallel_size_of_each_op .................. [[1, 1, 1, 1, 1, 1, 1, 1, 1, 1, 1, 1, 1, 1, 1, 1, 1, 1, 1, 1, 1, 1, 1, 1, 1, 1, 1, 1, 1, 1, 1, 1, 1, 1, 1, 1, 1, 1, 1, 1, 1, 1, 1, 1, 1, 1, 1, 1, 1, 1, 1, 1, 1, 1, 1, 1, 1, 1, 1, 1, 1, 1, 1, 1, 1, 1, 1, 1, 1, 1, 1, 1, 1, 1, 1, 1, 1, 1, 1, 1, 1, 1, 1, 1, 1, 1, 1, 1, 1, 1, 1, 1, 1, 1, 1, 1, 1, 1, 1, 1, 1, 1, 1, 1, 1, 1, 1, 1, 1, 1, 1, 1, 1, 1, 1, 1, 1, 1, 1, 1, 1, 1, 1, 1, 1, 1, 1, 1, 1, 1, 1, 1, 1, 1, 1, 1, 1, 1, 1, 1, 1, 1, 1, 1, 1, 1, 1, 1, 1, 1, 1, 1, 1, 1, 1, 1, 1, 1, 1, 1, 1, 1, 1, 1, 1, 1, 1, 1, 1, 1, 1, 1, 1, 1, 1, 1, 1, 1, 1, 1, 1, 1, 1, 1, 1, 1, 1, 1, 1, 1, 1, 1, 1, 1, 1, 1, 1, 1, 1, 1, 1, 1, 1, 1, 1, 1, 1, 1, 1, 1, 1, 1, 1, 1, 1, 1, 1, 1, 1, 1, 1, 1, 1, 1, 1, 1, 1, 1, 1, 1, 1, 1, 1, 1, 1, 1, 1, 1, 1, 1, 1, 1, 1, 1, 1, 1, 1, 1, 1, 1, 1, 1, 1, 1, 1, 1, 1, 1, 1, 1, 1, 1, 1, 1, 1, 1, 1, 1, 1, 1, 1, 1, 1, 1, 1, 1, 1, 1, 1, 1, 1, 1, 1, 1, 1, 1, 1, 1, 1, 1, 1, 1, 1, 1, 1, 1, 1, 1, 1, 1, 1, 1, 1, 1, 1, 1, 1, 1, 1, 1, 1, 1, 1, 1, 1, 1, 1, 1, 1, 1, 1, 1, 1, 1, 1, 1, 1, 1, 1, 1, 1, 1, 1, 1, 1, 1, 1, 1, 1, 1, 1, 1, 1, 1, 1, 1, 1, 1, 1, 1, 1, 1, 1, 1, 1, 1, 1, 1, 1, 1, 1, 1, 1, 1, 1, 1, 1, 1, 1, 1, 1, 1, 1, 1, 1, 1, 1, 1, 1, 1, 1, 1, 1, 1, 1, 1, 1, 1, 1, 1, 1, 1, 1, 1, 1, 1, 1, 1, 1, 1, 1, 1, 1, 1, 1, 1, 1, 1, 1, 1, 1, 1, 1, 1, 1, 1, 1, 1, 1, 1, 1, 1, 1, 1, 1, 1, 1, 1, 1, 1, 1, 1, 1, 1, 1, 1, 1, 1, 1, 1, 1, 1, 1, 1, 1, 1, 1, 1, 1, 1, 1, 1, 1, 1, 1, 1, 1, 1, 1, 1, 1, 1, 1, 1, 1, 1, 1, 1, 1, 1, 1, 1, 1, 1, 1, 1, 1, 1, 1, 1, 1, 1, 1, 1, 1, 1, 1, 1, 1, 1, 1, 1, 1, 1, 1, 1, 1, 1, 1, 1, 1, 1, 1, 1, 1, 1, 1, 1, 1, 1, 1, 1, 1, 1, 1, 1, 1, 1, 1, 1, 1, 1, 1, 1, 1, 1, 1, 1, 1, 1, 1, 1, 1, 1, 1, 1, 1, 1, 1, 1, 1, 1, 1, 1, 1, 1, 1, 1, 1, 1, 1, 1, 1, 1, 1, 1, 1, 1, 1, 1, 1, 1, 1, 1, 1, 1, 1, 1, 1, 1, 1, 1, 1, 1, 1, 1, 1, 1, 1, 1, 1, 1, 1, 1, 1, 1, 1, 1, 1, 1, 1, 1, 1, 1, 1, 1, 1, 1, 1, 1, 1, 1, 1, 1, 1, 1, 1, 1, 1, 1, 1, 1, 1, 1, 1, 1, 1, 1, 1, 1, 1, 1, 1, 1, 1, 1, 1, 1, 1, 1, 1, 1, 1, 1, 1, 1, 1, 1, 1, 1, 1, 1, 1, 1, 1, 1, 1, 1, 1, 1, 1, 1, 1, 1, 1, 1, 1, 1, 1, 1, 1, 1, 1, 1, 1, 1, 1, 1, 1, 1, 1, 1, 1, 1, 1, 1, 1, 1, 1, 1, 1, 1, 1, 1, 1, 1, 1, 1, 1, 1, 1, 1, 1, 1, 1, 1, 1, 1, 1, 1, 1, 1, 1, 1, 1, 1, 1, 1, 1, 1, 1, 1, 1, 1, 1, 1, 1, 1, 1, 1, 1, 1, 1, 1, 1, 1, 1, 1, 1, 1, 1, 1, 1, 1, 1, 1, 1, 1, 1, 1, 1, 1, 1, 1, 1, 1, 1, 1, 1, 1, 1, 1, 1, 1, 1, 1, 1, 1, 1, 1, 1, 1, 1, 1, 1, 1, 1, 1, 1, 1, 1, 1, 1, 1, 1, 1, 1, 1, 1, 1, 1, 1, 1, 1, 1, 1, 1, 1, 1, 1, 1, 1, 1, 1, 1, 1, 1, 1, 1, 1, 1, 1, 1, 1, 1, 1, 1, 1, 1, 1, 1, 1, 1], [1, 1, 1, 1, 1, 1, 1, 1, 1, 1, 1, 1, 1, 1, 1, 1, 1, 1, 1, 1, 1, 1, 1, 1, 1, 1, 1, 1, 1, 1, 1, 1, 1, 1, 1, 1, 1, 1, 1, 1, 1, 1, 1, 1, 1, 1, 1, 1, 1, 1, 1, 1, 1, 1, 1, 1, 1, 1, 1, 1, 1, 1, 1, 1, 1, 1, 1, 1, 1, 1, 1, 1, 1, 1, 1, 1, 1, 1, 1, 1, 1, 1, 1, 1, 1, 1, 1, 1, 1, 1, 1, 1, 1, 1, 1, 1, 1, 1, 1, 1, 1, 1, 1, 1, 1, 1, 1, 1, 1, 1, 1, 1, 1, 1, 1, 1, 1, 1, 1, 1, 1, 1, 1, 1, 1, 1, 1, 1, 1, 1, 1, 1, 1, 1, 1, 1, 1, 1, 1, 1, 1, 1, 1, 1, 1, 1, 1, 1, 1, 1, 1, 1, 1, 1, 1, 1, 1, 1, 1, 1, 1, 1, 1, 1, 1, 1, 1, 1, 1, 1, 1, 1, 1, 1, 1, 1, 1, 1, 1, 1, 1, 1, 1, 1, 1, 1, 1, 1, 1, 1, 1, 1, 1, 1, 1, 1, 1, 1, 1, 1, 1, 1, 1, 1, 1, 1, 1, 1, 1, 1, 1, 1, 1, 1, 1, 1, 1, 1, 1, 1, 1, 1, 1, 1, 1, 1, 1, 1, 1, 1, 1, 1, 1, 1, 1, 1, 1, 1, 1, 1, 1, 1, 1, 1, 1, 1, 1, 1, 1, 1, 1, 1, 1, 1, 1, 1, 1, 1, 1, 1, 1, 1, 1, 1, 1, 1, 1, 1, 1, 1, 1, 1, 1, 1, 1, 1, 1, 1, 1, 1, 1, 1, 1, 1, 1, 1, 1, 1, 1, 1, 1, 1, 1, 1, 1, 1, 1, 1, 1, 1, 1, 1, 1, 1, 1, 1, 1, 1, 1, 1, 1, 1, 1, 1, 1, 1, 1, 1, 1, 1, 1, 1, 1, 1, 1, 1, 1, 1, 1, 1, 1, 1, 1, 1, 1, 1, 1, 1, 1, 1, 1, 1, 1, 1, 1, 1, 1, 1, 1, 1, 1, 1, 1, 1, 1, 1, 1, 1, 1, 1, 1, 1, 1, 1, 1, 1, 1, 1, 1, 1, 1, 1, 1, 1, 1, 1, 1, 1, 1, 1, 1, 1, 1, 1, 1, 1, 1, 1, 1, 1, 1, 1, 1, 1, 1, 1, 1, 1, 1, 1, 1, 1, 1, 1, 1, 1, 1, 1, 1, 1, 1, 1, 1, 1, 1, 1, 1, 1, 1, 1, 1, 1, 1, 1, 1, 1, 1, 1, 1, 1, 1, 1, 1, 1, 1, 1, 1, 1, 1, 1, 1, 1, 1, 1, 1, 1, 1, 1, 1, 1, 1, 1, 1, 1, 1, 1, 1, 1, 1, 1, 1, 1, 1, 1, 1, 1, 1, 1, 1, 1, 1, 1, 1, 1, 1, 1, 1, 1, 1, 1, 1, 1, 1, 1, 1, 1, 1, 1, 1, 1, 1, 1, 1, 1, 1, 1, 1, 1, 1, 1, 1, 1, 1, 1, 1, 1, 1, 1, 1, 1, 1, 1, 1, 1, 1, 1, 1, 1, 1, 1, 1, 1, 1, 1, 1, 1, 1, 1, 1, 1, 1, 1, 1, 1, 1, 1, 1, 1, 1, 1, 1, 1, 1, 1, 1, 1, 1, 1, 1, 1, 1, 1, 1, 1, 1, 1, 1, 1, 1, 1, 1, 1, 1, 1, 1, 1, 1, 1, 1, 1, 1, 1, 1, 1, 1, 1, 1, 1, 1, 1, 1, 1, 1, 1, 1, 1, 1, 1, 1, 1, 1, 1, 1, 1, 1, 1, 1, 1, 1, 1, 1, 1, 1, 1, 1, 1, 1, 1, 1, 1, 1, 1, 1, 1, 1, 1, 1, 1, 1, 1, 1, 1, 1, 1, 1, 1, 1, 1, 1, 1, 1, 1, 1, 1, 1, 1, 1, 1, 1, 1, 1, 1, 1, 1, 1, 1, 1, 1, 1, 1, 1, 1, 1, 1, 1, 1, 1, 1, 1, 1, 1, 1, 1, 1, 1, 1, 1, 1, 1, 1, 1, 1, 1, 1, 1, 1, 1, 1, 1, 1, 1, 1, 1, 1, 1, 1, 1, 1, 1, 1, 1, 1, 1, 1, 1, 1, 1, 1, 1, 1, 1, 1, 1, 1, 1, 1, 1, 1, 1, 1, 1, 1, 1, 1, 1, 1, 1, 1, 1, 1, 1, 1, 1, 1, 1, 1, 1, 1, 1, 1, 1, 1, 1, 1, 1, 1, 1, 1, 1, 1, 1, 1, 1, 1, 1, 1, 1, 1, 1, 1, 1, 1, 1, 1, 1, 1, 1, 1, 1, 1, 1, 1, 1, 1, 1, 1, 1, 1, 1, 1, 1, 1, 1, 1, 1, 1, 1, 1, 1, 1, 1, 1, 1, 1, 1, 1, 1, 1, 1, 1, 1, 1, 1, 1, 1, 1, 1, 1, 1, 1, 1, 1, 1, 1, 1, 1, 1, 1, 1, 1, 1, 1, 1, 1, 1, 1, 1, 1, 1, 1, 1, 1, 1, 1, 1, 1, 1, 1, 1, 1, 1, 1, 1], [1, 1, 1, 1, 1, 1, 1, 1, 1, 1, 1, 1, 1, 1, 1, 1, 1, 1, 1, 1, 1, 1, 1, 1, 1, 1, 1, 1, 1, 1, 1, 1, 1, 1, 1, 1, 1, 1, 1, 1, 1, 1, 1, 1, 1, 1, 1, 1, 1, 1, 1, 1, 1, 1, 1, 1, 1, 1, 1, 1, 1, 1, 1, 1, 1, 1, 1, 1, 1, 1, 1, 1, 1, 1, 1, 1, 1, 1, 1, 1, 1, 1, 1, 1, 1, 1, 1, 1, 1, 1, 1, 1, 1, 1, 1, 1, 1, 1, 1, 1, 1, 1, 1, 1, 1, 1, 1, 1, 1, 1, 1, 1, 1, 1, 1, 1, 1, 1, 1, 1, 1, 1, 1, 1, 1, 1, 1, 1, 1, 1, 1, 1, 1, 1, 1, 1, 1, 1, 1, 1, 1, 1, 1, 1, 1, 1, 1, 1, 1, 1, 1, 1, 1, 1, 1, 1, 1, 1, 1, 1, 1, 1, 1, 1, 1, 1, 1, 1, 1, 1, 1, 1, 1, 1, 1, 1, 1, 1, 1, 1, 1, 1, 1, 1, 1, 1, 1, 1, 1, 1, 1, 1, 1, 1, 1, 1, 1, 1, 1, 1, 1, 1, 1, 1, 1, 1, 1, 1, 1, 1, 1, 1, 1, 1, 1, 1, 1, 1, 1, 1, 1, 1, 1, 1, 1, 1, 1, 1, 1, 1, 1, 1, 1, 1, 1, 1, 1, 1, 1, 1, 1, 1, 1, 1, 1, 1, 1, 1, 1, 1, 1, 1, 1, 1, 1, 1, 1, 1, 1, 1, 1, 1, 1, 1, 1, 1, 1, 1, 1, 1, 1, 1, 1, 1, 1, 1, 1, 1, 1, 1, 1, 1, 1, 1, 1, 1, 1, 1, 1, 1, 1, 1, 1, 1, 1, 1, 1, 1, 1, 1, 1, 1, 1, 1, 1, 1, 1, 1, 1, 1, 1, 1, 1, 1, 1, 1, 1, 1, 1, 1, 1, 1, 1, 1, 1, 1, 1, 1, 1, 1, 1, 1, 1, 1, 1, 1, 1, 1, 1, 1, 1, 1, 1, 1, 1, 1, 1, 1, 1, 1, 1, 1, 1, 1, 1, 1, 1, 1, 1, 1, 1, 1, 1, 1, 1, 1, 1, 1, 1, 1, 1, 1, 1, 1, 1, 1, 1, 1, 1, 1, 1, 1, 1, 1, 1, 1, 1, 1, 1, 1, 1, 1, 1, 1, 1, 1, 1, 1, 1, 1, 1, 1, 1, 1, 1, 1, 1, 1, 1, 1, 1, 1, 1, 1, 1, 1, 1, 1, 1, 1, 1, 1, 1, 1, 1, 1, 1, 1, 1, 1, 1, 1, 1, 1, 1, 1, 1, 1, 1, 1, 1, 1, 1, 1, 1, 1, 1, 1, 1, 1, 1, 1, 1, 1, 1, 1, 1, 1, 1, 1, 1, 1, 1, 1, 1, 1, 1, 1, 1, 1, 1, 1, 1, 1, 1, 1, 1, 1, 1, 1, 1, 1, 1, 1, 1, 1, 1, 1, 1, 1, 1, 1, 1, 1, 1, 1, 1, 1, 1, 1, 1, 1, 1, 1, 1, 1, 1, 1, 1, 1, 1, 1, 1, 1, 1, 1, 1, 1, 1, 1, 1, 1, 1, 1, 1, 1, 1, 1, 1, 1, 1, 1, 1, 1, 1, 1, 1, 1, 1, 1, 1, 1, 1, 1, 1, 1, 1, 1, 1, 1, 1, 1, 1, 1, 1, 1, 1, 1, 1, 1, 1, 1, 1, 1, 1, 1, 1, 1, 1, 1, 1, 1, 1, 1, 1, 1, 1, 1, 1, 1, 1, 1, 1, 1, 1, 1, 1, 1, 1, 1, 1, 1, 1, 1, 1, 1, 1, 1, 1, 1, 1, 1, 1, 1, 1, 1, 1, 1, 1, 1, 1, 1, 1, 1, 1, 1, 1, 1, 1, 1, 1, 1, 1, 1, 1, 1, 1, 1, 1, 1, 1, 1, 1, 1, 1, 1, 1, 1, 1, 1, 1, 1, 1, 1, 1, 1, 1, 1, 1, 1, 1, 1, 1, 1, 1, 1, 1, 1, 1, 1, 1, 1, 1, 1, 1, 1, 1, 1, 1, 1, 1, 1, 1, 1, 1, 1, 1, 1, 1, 1, 1, 1, 1, 1, 1, 1, 1, 1, 1, 1, 1, 1, 1, 1, 1, 1, 1, 1, 1, 1, 1, 1, 1, 1, 1, 1, 1, 1, 1, 1, 1, 1, 1, 1, 1, 1, 1, 1, 1, 1, 1, 1, 1, 1, 1, 1, 1, 1, 1, 1, 1, 1, 1, 1, 1, 1, 1, 1, 1, 1, 1, 1, 1, 1, 1, 1, 1, 1, 1, 1, 1, 1, 1, 1, 1, 1, 1, 1, 1, 1, 1, 1, 1, 1, 1, 1, 1, 1, 1, 1, 1, 1, 1, 1, 1, 1, 1, 1, 1, 1, 1, 1, 1, 1, 1, 1, 1, 1, 1, 1, 1, 1, 1, 1, 1, 1, 1, 1, 1, 1, 1, 1, 1, 1, 1, 1, 1, 1, 1, 1, 1, 1, 1, 1, 1, 1, 1, 1, 1, 1, 1, 1, 1, 1, 1, 1, 1, 1, 1, 1, 1, 1, 1, 1, 1, 1, 1, 1, 1, 1, 1, 1], [1, 1, 1, 1, 1, 1, 1, 1, 1, 1, 1, 1, 1, 1, 1, 1, 1, 1, 1, 1, 1, 1, 1, 1, 1, 1, 1, 1, 1, 1, 1, 1, 1, 1, 1, 1, 1, 1, 1, 1, 1, 1, 1, 1, 1, 1, 1, 1, 1, 1, 1, 1, 1, 1, 1, 1, 1, 1, 1, 1, 1, 1, 1, 1, 1, 1, 1, 1, 1, 1, 1, 1, 1, 1, 1, 1, 1, 1, 1, 1, 1, 1, 1, 1, 1, 1, 1, 1, 1, 1, 1, 1, 1, 1, 1, 1, 1, 1, 1, 1, 1, 1, 1, 1, 1, 1, 1, 1, 1, 1, 1, 1, 1, 1, 1, 1, 1, 1, 1, 1, 1, 1, 1, 1, 1, 1, 1, 1, 1, 1, 1, 1, 1, 1, 1, 1, 1, 1, 1, 1, 1, 1, 1, 1, 1, 1, 1, 1, 1, 1, 1, 1, 1, 1, 1, 1, 1, 1, 1, 1, 1, 1, 1, 1, 1, 1, 1, 1, 1, 1, 1, 1, 1, 1, 1, 1, 1, 1, 1, 1, 1, 1, 1, 1, 1, 1, 1, 1, 1, 1, 1, 1, 1, 1, 1, 1, 1, 1, 1, 1, 1, 1, 1, 1, 1, 1, 1, 1, 1, 1, 1, 1, 1, 1, 1, 1, 1, 1, 1, 1, 1, 1, 1, 1, 1, 1, 1, 1, 1, 1, 1, 1, 1, 1, 1, 1, 1, 1, 1, 1, 1, 1, 1, 1, 1, 1, 1, 1, 1, 1, 1, 1, 1, 1, 1, 1, 1, 1, 1, 1, 1, 1, 1, 1, 1, 1, 1, 1, 1, 1, 1, 1, 1, 1, 1, 1, 1, 1, 1, 1, 1, 1, 1, 1, 1, 1, 1, 1, 1, 1, 1, 1, 1, 1, 1, 1, 1, 1, 1, 1, 1, 1, 1, 1, 1, 1, 1, 1, 1, 1, 1, 1, 1, 1, 1, 1, 1, 1, 1, 1, 1, 1, 1, 1, 1, 1, 1, 1, 1, 1, 1, 1, 1, 1, 1, 1, 1, 1, 1, 1, 1, 1, 1, 1, 1, 1, 1, 1, 1, 1, 1, 1, 1, 1, 1, 1, 1, 1, 1, 1, 1, 1, 1, 1, 1, 1, 1, 1, 1, 1, 1, 1, 1, 1, 1, 1, 1, 1, 1, 1, 1, 1, 1, 1, 1, 1, 1, 1, 1, 1, 1, 1, 1, 1, 1, 1, 1, 1, 1, 1, 1, 1, 1, 1, 1, 1, 1, 1, 1, 1, 1, 1, 1, 1, 1, 1, 1, 1, 1, 1, 1, 1, 1, 1, 1, 1, 1, 1, 1, 1, 1, 1, 1, 1, 1, 1, 1, 1, 1, 1, 1, 1, 1, 1, 1, 1, 1, 1, 1, 1, 1, 1, 1, 1, 1, 1, 1, 1, 1, 1, 1, 1, 1, 1, 1, 1, 1, 1, 1, 1, 1, 1, 1, 1, 1, 1, 1, 1, 1, 1, 1, 1, 1, 1, 1, 1, 1, 1, 1, 1, 1, 1, 1, 1, 1, 1, 1, 1, 1, 1, 1, 1, 1, 1, 1, 1, 1, 1, 1, 1, 1, 1, 1, 1, 1, 1, 1, 1, 1, 1, 1, 1, 1, 1, 1, 1, 1, 1, 1, 1, 1, 1, 1, 1, 1, 1, 1, 1, 1, 1, 1, 1, 1, 1, 1, 1, 1, 1, 1, 1, 1, 1, 1, 1, 1, 1, 1, 1, 1, 1, 1, 1, 1, 1, 1, 1, 1, 1, 1, 1, 1, 1, 1, 1, 1, 1, 1, 1, 1, 1, 1, 1, 1, 1, 1, 1, 1, 1, 1, 1, 1, 1, 1, 1, 1, 1, 1, 1, 1, 1, 1, 1, 1, 1, 1, 1, 1, 1, 1, 1, 1, 1, 1, 1, 1, 1, 1, 1, 1, 1, 1, 1, 1, 1, 1, 1, 1, 1, 1, 1, 1, 1, 1, 1, 1, 1, 1, 1, 1, 1, 1, 1, 1, 1, 1, 1, 1, 1, 1, 1, 1, 1, 1, 1, 1, 1, 1, 1, 1, 1, 1, 1, 1, 1, 1, 1, 1, 1, 1, 1, 1, 1, 1, 1, 1, 1, 1, 1, 1, 1, 1, 1, 1, 1, 1, 1, 1, 1, 1, 1, 1, 1, 1, 1, 1, 1, 1, 1, 1, 1, 1, 1, 1, 1, 1, 1, 1, 1, 1, 1, 1, 1, 1, 1, 1, 1, 1, 1, 1, 1, 1, 1, 1, 1, 1, 1, 1, 1, 1, 1, 1, 1, 1, 1, 1, 1, 1, 1, 1, 1, 1, 1, 1, 1, 1, 1, 1, 1, 1, 1, 1, 1, 1, 1, 1, 1, 1, 1, 1, 1, 1, 1, 1, 1, 1, 1, 1, 1, 1, 1, 1, 1, 1, 1, 1, 1, 1, 1, 1, 1, 1, 1, 1, 1, 1, 1, 1, 1, 1, 1, 1, 1, 1, 1, 1, 1, 1, 1, 1, 1, 1, 1, 1, 1, 1, 1, 1, 1, 1, 1, 1, 1, 1, 1, 1, 1, 1, 1, 1, 1, 1, 1, 1, 1, 1, 1, 1, 1, 1, 1, 1, 1, 1, 1, 1, 1, 1, 1, 1, 1, 1, 1, 1]]
  no_load_optim ................................... None
  no_load_rng ..................................... None
  no_save_optim ................................... None
  no_save_rng ..................................... None
  num_attention_heads ............................. 8
  num_channels .................................... 3
  num_classes ..................................... 1000
  num_gpus ........................................ [2, 2, 2, 2]
  num_layers ...................................... 256
  num_layers_per_virtual_pipeline_stage ........... None
  num_ops_in_each_stage ........................... [813, 833, 842, 843]
  num_stages ...................................... 4
  num_workers ..................................... 2
  onnx_safe ....................................... None
  openai_gelu ..................................... False
  optimizer ....................................... adam
  override_lr_scheduler ........................... False
  params_dtype .................................... torch.float16
  patch_dim ....................................... 16
  pipeline_model_parallel_size .................... 1
  prof_cache_file ................................. None
  prof_mbs_list ................................... None
  prof_memory_only ................................ False
  prof_model_name ................................. all
  prof_model_size ................................. all
  prof_node_rank .................................. None
  prof_num_nodes .................................. None
  prof_path ....................................... None
  prof_ref_data ................................... None
  prof_repeat_threshold ........................... None
  prof_repeat_times ............................... [50]
  prof_skip_running ............................... False
  prof_time_only .................................. False
  prof_tp_size .................................... None
  prof_warmup_threshold ........................... None
  prof_warmup_times ............................... 20
  query_in_block_prob ............................. 0.1
  rampup_batch_size ............................... None
  rank ............................................ 0
  recompute_ops ................................... [[0, 0, 0, 1, 1, 1, 1, 0, 0, 0, 0, 0, 0, 0, 0, 0, 1, 1, 1, 1, 0, 0, 0, 0, 0, 0, 0, 0, 0, 1, 1, 1, 1, 0, 0, 0, 0, 0, 0, 0, 0, 0, 1, 1, 1, 1, 0, 0, 0, 0, 0, 0, 0, 0, 0, 1, 1, 1, 1, 0, 0, 0, 0, 0, 0, 0, 0, 0, 1, 1, 1, 1, 0, 0, 0, 0, 0, 0, 0, 0, 0, 1, 1, 1, 1, 0, 0, 0, 0, 0, 0, 0, 0, 0, 1, 1, 1, 1, 0, 0, 0, 0, 0, 0, 0, 0, 0, 1, 1, 1, 1, 0, 0, 0, 0, 0, 0, 0, 0, 0, 1, 1, 1, 1, 0, 0, 0, 0, 0, 0, 0, 0, 0, 1, 1, 1, 1, 0, 0, 0, 0, 0, 0, 0, 0, 0, 1, 1, 1, 1, 0, 0, 0, 0, 0, 0, 0, 0, 0, 1, 1, 1, 1, 0, 0, 0, 0, 0, 0, 0, 0, 0, 1, 1, 1, 1, 0, 0, 0, 0, 0, 0, 0, 0, 0, 1, 1, 1, 1, 0, 0, 0, 0, 0, 0, 0, 0, 0, 1, 1, 1, 1, 0, 0, 0, 0, 0, 0, 0, 0, 0, 1, 1, 1, 1, 0, 0, 0, 0, 0, 0, 0, 0, 0, 1, 1, 1, 1, 0, 0, 0, 0, 0, 0, 0, 0, 0, 1, 1, 1, 1, 0, 0, 0, 0, 0, 0, 0, 0, 0, 1, 1, 1, 1, 0, 0, 0, 0, 0, 0, 0, 0, 0, 1, 1, 1, 1, 0, 0, 0, 0, 0, 0, 0, 0, 0, 1, 1, 1, 1, 0, 0, 0, 0, 0, 0, 0, 0, 0, 1, 1, 1, 1, 0, 0, 0, 0, 0, 0, 0, 0, 0, 1, 1, 1, 1, 0, 0, 0, 0, 0, 0, 0, 0, 0, 1, 1, 1, 1, 0, 0, 0, 0, 0, 0, 0, 0, 0, 1, 1, 1, 1, 0, 0, 0, 0, 0, 0, 0, 0, 0, 1, 1, 1, 1, 0, 0, 0, 0, 0, 0, 0, 0, 0, 1, 1, 1, 1, 0, 0, 0, 0, 0, 0, 0, 0, 0, 1, 1, 1, 1, 0, 0, 0, 0, 0, 0, 0, 0, 0, 1, 1, 1, 1, 0, 0, 0, 0, 0, 0, 0, 0, 0, 1, 1, 1, 1, 0, 0, 0, 0, 0, 0, 0, 0, 0, 1, 1, 1, 1, 0, 0, 0, 0, 0, 0, 0, 0, 0, 1, 1, 1, 1, 0, 0, 0, 0, 0, 0, 0, 0, 0, 1, 1, 1, 1, 0, 0, 0, 0, 0, 0, 0, 0, 0, 1, 1, 1, 1, 0, 0, 0, 0, 0, 0, 0, 0, 0, 1, 1, 1, 1, 0, 0, 0, 0, 0, 0, 0, 0, 0, 1, 1, 1, 1, 0, 0, 0, 0, 0, 0, 0, 0, 0, 1, 1, 1, 1, 0, 0, 0, 0, 0, 0, 0, 0, 0, 1, 1, 1, 1, 0, 0, 0, 0, 0, 0, 0, 0, 0, 1, 1, 1, 1, 0, 0, 0, 0, 0, 0, 0, 0, 0, 1, 1, 1, 1, 0, 0, 0, 0, 0, 0, 0, 0, 0, 1, 1, 1, 1, 0, 0, 0, 0, 0, 0, 0, 0, 0, 1, 1, 1, 1, 0, 0, 0, 0, 0, 0, 0, 0, 0, 1, 1, 1, 1, 0, 0, 0, 0, 0, 0, 0, 0, 0, 1, 1, 1, 1, 0, 0, 0, 0, 0, 0, 0, 0, 0, 1, 1, 1, 1, 0, 0, 0, 0, 0, 0, 0, 0, 0, 1, 1, 1, 1, 0, 0, 0, 0, 0, 0, 0, 0, 0, 1, 1, 1, 1, 0, 0, 0, 0, 0, 0, 0, 0, 0, 1, 1, 1, 1, 0, 0, 0, 0, 0, 0, 0, 0, 0, 1, 1, 1, 1, 0, 0, 0, 0, 0, 0, 0, 0, 0, 1, 1, 1, 1, 0, 0, 0, 0, 0, 0, 0, 0, 0, 1, 1, 1, 1, 0, 0, 0, 0, 0, 0, 0, 0, 0, 1, 1, 1, 1, 0, 0, 0, 0, 0, 0, 0, 0, 0, 1, 1, 1, 1, 0, 0, 0, 0, 0, 0, 0, 0, 0, 1, 1, 1, 1, 0, 0, 0, 0, 0, 0, 0, 0, 0, 1, 1, 1, 1, 0, 0, 0, 0, 0, 0, 0, 0, 0, 1, 1, 1, 1, 0, 0, 0, 0, 0, 0, 0, 0, 0, 1, 1, 1, 1, 0, 0, 0, 0, 0, 0, 0, 0, 0, 1, 1, 1, 1, 0, 0, 0, 0, 0, 0, 0, 0, 0, 1, 1, 1, 1, 0, 0, 0, 0, 0, 0, 0, 0, 0, 0, 0, 1, 1, 0, 0, 0, 0, 0, 0, 0, 0, 0, 0, 0, 1, 1, 0, 0, 0, 0, 0, 0, 0, 0, 0, 0, 0, 1, 1], [0, 0, 0, 0, 0, 0, 0, 0, 0, 1, 1, 1, 1, 0, 0, 0, 0, 0, 0, 0, 0, 0, 1, 1, 1, 1, 0, 0, 0, 0, 0, 0, 0, 0, 0, 1, 1, 1, 1, 0, 0, 0, 0, 0, 0, 0, 0, 0, 1, 1, 1, 1, 0, 0, 0, 0, 0, 0, 0, 0, 0, 1, 1, 1, 1, 0, 0, 0, 0, 0, 0, 0, 0, 0, 1, 1, 1, 1, 0, 0, 0, 0, 0, 0, 0, 0, 0, 1, 1, 1, 1, 0, 0, 0, 0, 0, 0, 0, 0, 0, 1, 1, 1, 1, 0, 0, 0, 0, 0, 0, 0, 0, 0, 1, 1, 1, 1, 0, 0, 0, 0, 0, 0, 0, 0, 0, 1, 1, 1, 1, 0, 0, 0, 0, 0, 0, 0, 0, 0, 1, 1, 1, 1, 0, 0, 0, 0, 0, 0, 0, 0, 0, 1, 1, 1, 1, 0, 0, 0, 0, 0, 0, 0, 0, 0, 1, 1, 1, 1, 0, 0, 0, 0, 0, 0, 0, 0, 0, 1, 1, 1, 1, 0, 0, 0, 0, 0, 0, 0, 0, 0, 1, 1, 1, 1, 0, 0, 0, 0, 0, 0, 0, 0, 0, 1, 1, 1, 1, 0, 0, 0, 0, 0, 0, 0, 0, 0, 1, 1, 1, 1, 0, 0, 0, 0, 0, 0, 0, 0, 0, 1, 1, 1, 1, 0, 0, 0, 0, 0, 0, 0, 0, 0, 1, 1, 1, 1, 0, 0, 0, 0, 0, 0, 0, 0, 0, 1, 1, 1, 1, 0, 0, 0, 0, 0, 0, 0, 0, 0, 1, 1, 1, 1, 0, 0, 0, 0, 0, 0, 0, 0, 0, 1, 1, 1, 1, 0, 0, 0, 0, 0, 0, 0, 0, 0, 1, 1, 1, 1, 0, 0, 0, 0, 0, 0, 0, 0, 0, 1, 1, 1, 1, 0, 0, 0, 0, 0, 0, 0, 0, 0, 1, 1, 1, 1, 0, 0, 0, 0, 0, 0, 0, 0, 0, 1, 1, 1, 1, 0, 0, 0, 0, 0, 0, 0, 0, 0, 1, 1, 1, 1, 0, 0, 0, 0, 0, 0, 0, 0, 0, 1, 1, 1, 1, 0, 0, 0, 0, 0, 0, 0, 0, 0, 1, 1, 1, 1, 0, 0, 0, 0, 0, 0, 0, 0, 0, 1, 1, 1, 1, 0, 0, 0, 0, 0, 0, 0, 0, 0, 1, 1, 1, 1, 0, 0, 0, 0, 0, 0, 0, 0, 0, 1, 1, 1, 1, 0, 0, 0, 0, 0, 0, 0, 0, 0, 1, 1, 1, 1, 0, 0, 0, 0, 0, 0, 0, 0, 0, 1, 1, 1, 1, 0, 0, 0, 0, 0, 0, 0, 0, 0, 1, 1, 1, 1, 0, 0, 0, 0, 0, 0, 0, 0, 0, 1, 1, 1, 1, 0, 0, 0, 0, 0, 0, 0, 0, 0, 1, 1, 1, 1, 0, 0, 0, 0, 0, 0, 0, 0, 0, 1, 1, 1, 1, 0, 0, 0, 0, 0, 0, 0, 0, 0, 1, 1, 1, 1, 0, 0, 0, 0, 0, 0, 0, 0, 0, 1, 1, 1, 1, 0, 0, 0, 0, 0, 0, 0, 0, 0, 1, 1, 1, 1, 0, 0, 0, 0, 0, 0, 0, 0, 0, 1, 1, 1, 1, 0, 0, 0, 0, 0, 0, 0, 0, 0, 1, 1, 1, 1, 0, 0, 0, 0, 0, 0, 0, 0, 0, 1, 1, 1, 1, 0, 0, 0, 0, 0, 0, 0, 0, 0, 1, 1, 1, 1, 0, 0, 0, 0, 0, 0, 0, 0, 0, 1, 1, 1, 1, 0, 0, 0, 0, 0, 0, 0, 0, 0, 1, 1, 1, 1, 0, 0, 0, 0, 0, 0, 0, 0, 0, 1, 1, 1, 1, 0, 0, 0, 0, 0, 0, 0, 0, 0, 0, 0, 1, 1, 0, 0, 0, 0, 0, 0, 0, 0, 0, 0, 0, 1, 1, 0, 0, 0, 0, 0, 0, 0, 0, 0, 0, 0, 1, 1, 0, 0, 0, 0, 0, 0, 0, 0, 0, 0, 0, 1, 1, 0, 0, 0, 0, 0, 0, 0, 0, 0, 0, 0, 1, 1, 0, 0, 0, 0, 0, 0, 0, 0, 0, 0, 0, 1, 1, 0, 0, 0, 0, 0, 0, 0, 0, 0, 0, 0, 1, 1, 0, 0, 0, 0, 0, 0, 0, 0, 0, 0, 0, 1, 1, 0, 0, 0, 0, 0, 0, 0, 0, 0, 0, 0, 1, 1, 0, 0, 0, 0, 0, 0, 0, 0, 0, 0, 0, 1, 1, 0, 0, 0, 0, 0, 0, 0, 0, 0, 0, 0, 1, 1, 0, 0, 0, 0, 0, 0, 0, 0, 0, 0, 0, 1, 1, 0, 0, 0, 0, 0, 0, 0, 0, 0, 0, 0, 1, 1, 0, 0, 0, 0, 0, 0, 0, 0, 0, 0, 0, 1, 1, 0, 0, 0, 0, 0, 0, 0, 0, 0, 0, 0, 1, 1, 0, 0, 0, 0, 0, 0, 0, 0, 0, 0, 0, 1, 1, 0], [0, 0, 1, 1, 0, 0, 0, 0, 1, 1, 1, 1, 0, 0, 0, 0, 0, 0, 0, 0, 0, 1, 1, 1, 1, 0, 0, 0, 0, 0, 0, 0, 0, 0, 1, 1, 1, 1, 0, 0, 0, 0, 0, 0, 0, 0, 0, 1, 1, 1, 1, 0, 0, 0, 0, 0, 0, 0, 0, 0, 1, 1, 1, 1, 0, 0, 0, 0, 0, 0, 0, 0, 0, 1, 1, 1, 1, 0, 0, 0, 0, 0, 0, 0, 0, 0, 1, 1, 1, 1, 0, 0, 0, 0, 0, 0, 0, 0, 0, 1, 1, 1, 1, 0, 0, 0, 0, 0, 0, 0, 0, 0, 1, 1, 1, 1, 0, 0, 0, 0, 0, 0, 0, 0, 0, 1, 1, 1, 1, 0, 0, 0, 0, 0, 0, 0, 0, 0, 1, 1, 1, 1, 0, 0, 0, 0, 0, 0, 0, 0, 0, 1, 1, 1, 1, 0, 0, 0, 0, 0, 0, 0, 0, 0, 1, 1, 1, 1, 0, 0, 0, 0, 0, 0, 0, 0, 0, 1, 1, 1, 1, 0, 0, 0, 0, 0, 0, 0, 0, 0, 1, 1, 1, 1, 0, 0, 0, 0, 0, 0, 0, 0, 0, 1, 1, 1, 1, 0, 0, 0, 0, 0, 0, 0, 0, 0, 1, 1, 1, 1, 0, 0, 0, 0, 0, 0, 0, 0, 0, 1, 1, 1, 1, 0, 0, 0, 0, 0, 0, 0, 0, 0, 1, 1, 1, 1, 0, 0, 0, 0, 0, 0, 0, 0, 0, 1, 1, 1, 1, 0, 0, 0, 0, 0, 0, 0, 0, 0, 1, 1, 1, 1, 0, 0, 0, 0, 0, 0, 0, 0, 0, 1, 1, 1, 1, 0, 0, 0, 0, 0, 0, 0, 0, 0, 0, 0, 1, 1, 0, 0, 0, 0, 0, 0, 0, 0, 0, 0, 0, 1, 1, 0, 0, 0, 0, 0, 0, 0, 0, 0, 0, 0, 1, 1, 0, 0, 0, 0, 0, 0, 0, 0, 0, 0, 0, 1, 1, 0, 0, 0, 0, 0, 0, 0, 0, 0, 0, 0, 1, 1, 0, 0, 0, 0, 0, 0, 0, 0, 0, 0, 0, 1, 1, 0, 0, 0, 0, 0, 0, 0, 0, 0, 0, 0, 1, 1, 0, 0, 0, 0, 0, 0, 0, 0, 0, 0, 0, 1, 1, 0, 0, 0, 0, 0, 0, 0, 0, 0, 0, 0, 1, 1, 0, 0, 0, 0, 0, 0, 0, 0, 0, 0, 0, 1, 1, 0, 0, 0, 0, 0, 0, 0, 0, 0, 0, 0, 1, 1, 0, 0, 0, 0, 0, 0, 0, 0, 0, 0, 0, 1, 1, 0, 0, 0, 0, 0, 0, 0, 0, 0, 0, 0, 1, 1, 0, 0, 0, 0, 0, 0, 0, 0, 0, 0, 0, 1, 1, 0, 0, 0, 0, 0, 0, 0, 0, 0, 0, 0, 1, 1, 0, 0, 0, 0, 0, 0, 0, 0, 0, 0, 0, 1, 1, 0, 0, 0, 0, 0, 0, 0, 0, 0, 0, 0, 1, 1, 0, 0, 0, 0, 0, 0, 0, 0, 0, 0, 0, 1, 1, 0, 0, 0, 0, 0, 0, 0, 0, 0, 0, 0, 1, 1, 0, 0, 0, 0, 0, 0, 0, 0, 0, 0, 0, 1, 1, 0, 0, 0, 0, 0, 0, 0, 0, 0, 0, 0, 1, 1, 0, 0, 0, 0, 0, 0, 0, 0, 0, 0, 0, 1, 1, 0, 0, 0, 0, 0, 0, 0, 0, 0, 0, 0, 1, 1, 0, 0, 0, 0, 0, 0, 0, 0, 0, 0, 0, 1, 1, 0, 0, 0, 0, 0, 0, 0, 0, 0, 0, 0, 1, 1, 0, 0, 0, 0, 0, 0, 0, 0, 0, 0, 0, 1, 1, 0, 0, 0, 0, 0, 0, 0, 0, 0, 0, 0, 1, 1, 0, 0, 0, 0, 0, 0, 0, 0, 0, 0, 0, 1, 1, 0, 0, 0, 0, 0, 0, 0, 0, 0, 0, 0, 1, 1, 0, 0, 0, 0, 0, 0, 0, 0, 0, 0, 0, 1, 1, 0, 0, 0, 0, 0, 0, 0, 0, 0, 0, 0, 1, 1, 0, 0, 0, 0, 0, 0, 0, 0, 0, 0, 0, 1, 1, 0, 0, 0, 0, 0, 0, 0, 0, 0, 0, 0, 1, 1, 0, 0, 0, 0, 0, 0, 0, 0, 0, 0, 0, 1, 1, 0, 0, 0, 0, 0, 0, 0, 0, 0, 0, 0, 1, 1, 0, 0, 0, 0, 0, 0, 0, 0, 0, 0, 0, 1, 1, 0, 0, 0, 0, 0, 0, 0, 0, 0, 0, 0, 1, 1, 0, 0, 0, 0, 0, 0, 0, 0, 0, 0, 0, 1, 1, 0, 0, 0, 0, 0, 0, 0, 0, 0, 0, 0, 1, 1, 0, 0, 0, 0, 0, 0, 0, 0, 0, 0, 0, 1, 1, 0, 0, 0, 0, 0, 0, 0, 0, 0, 0, 0, 1, 1, 0, 0, 0, 0, 0, 0, 0, 0, 0, 0, 0, 1, 1, 0, 0, 0, 0, 0, 0, 0, 0, 0, 0, 0], [1, 1, 0, 0, 0, 0, 0, 0, 0, 0, 0, 0, 0, 1, 1, 0, 0, 0, 0, 0, 0, 0, 0, 0, 0, 0, 1, 1, 0, 0, 0, 0, 0, 0, 0, 0, 0, 0, 0, 1, 1, 0, 0, 0, 0, 0, 0, 0, 0, 0, 0, 0, 1, 1, 0, 0, 0, 0, 0, 0, 0, 0, 0, 0, 0, 1, 1, 0, 0, 0, 0, 0, 0, 0, 0, 0, 0, 0, 1, 1, 0, 0, 0, 0, 0, 0, 0, 0, 0, 0, 0, 1, 1, 0, 0, 0, 0, 0, 0, 0, 0, 0, 0, 0, 1, 1, 0, 0, 0, 0, 0, 0, 0, 0, 0, 0, 0, 1, 1, 0, 0, 0, 0, 0, 0, 0, 0, 0, 0, 0, 1, 1, 0, 0, 0, 0, 0, 0, 0, 0, 0, 0, 0, 1, 1, 0, 0, 0, 0, 0, 0, 0, 0, 0, 0, 0, 1, 1, 0, 0, 0, 0, 0, 0, 0, 0, 0, 0, 0, 1, 1, 0, 0, 0, 0, 0, 0, 0, 0, 0, 0, 0, 1, 1, 0, 0, 0, 0, 0, 0, 0, 0, 0, 0, 0, 1, 1, 0, 0, 0, 0, 0, 0, 0, 0, 0, 0, 0, 1, 1, 0, 0, 0, 0, 0, 0, 0, 0, 0, 0, 0, 1, 1, 0, 0, 0, 0, 0, 0, 0, 0, 0, 0, 0, 1, 1, 0, 0, 0, 0, 0, 0, 0, 0, 0, 0, 0, 1, 1, 0, 0, 0, 0, 0, 0, 0, 0, 0, 0, 0, 1, 1, 0, 0, 0, 0, 0, 0, 0, 0, 0, 0, 0, 1, 1, 0, 0, 0, 0, 0, 0, 0, 0, 0, 0, 0, 1, 1, 0, 0, 0, 0, 0, 0, 0, 0, 0, 0, 0, 1, 1, 0, 0, 0, 0, 0, 0, 0, 0, 0, 0, 0, 1, 1, 0, 0, 0, 0, 0, 0, 0, 0, 0, 0, 0, 1, 1, 0, 0, 0, 0, 0, 0, 0, 0, 0, 0, 0, 1, 1, 0, 0, 0, 0, 0, 0, 0, 0, 0, 0, 0, 1, 1, 0, 0, 0, 0, 0, 0, 0, 0, 0, 0, 0, 1, 1, 0, 0, 0, 0, 0, 0, 0, 0, 0, 0, 0, 1, 1, 0, 0, 0, 0, 0, 0, 0, 0, 0, 0, 0, 1, 1, 0, 0, 0, 0, 0, 0, 0, 0, 0, 0, 0, 1, 1, 0, 0, 0, 0, 0, 0, 0, 0, 0, 0, 0, 1, 1, 0, 0, 0, 0, 0, 0, 0, 0, 0, 0, 0, 1, 1, 0, 0, 0, 0, 0, 0, 0, 0, 0, 0, 0, 1, 1, 0, 0, 0, 0, 0, 0, 0, 0, 0, 0, 0, 1, 1, 0, 0, 0, 0, 0, 0, 0, 0, 0, 0, 0, 1, 1, 0, 0, 0, 0, 0, 0, 0, 0, 0, 0, 0, 1, 1, 0, 0, 0, 0, 0, 0, 0, 0, 0, 0, 0, 1, 1, 0, 0, 0, 0, 0, 0, 0, 0, 0, 0, 0, 1, 1, 0, 0, 0, 0, 0, 0, 0, 0, 0, 0, 0, 1, 1, 0, 0, 0, 0, 0, 0, 0, 0, 0, 0, 0, 1, 1, 0, 0, 0, 0, 0, 0, 0, 0, 0, 0, 0, 1, 1, 0, 0, 0, 0, 0, 0, 0, 0, 0, 0, 0, 1, 1, 0, 0, 0, 0, 0, 0, 0, 0, 0, 0, 0, 1, 1, 0, 0, 0, 0, 0, 0, 0, 0, 0, 0, 0, 1, 1, 0, 0, 0, 0, 0, 0, 0, 0, 0, 0, 0, 1, 1, 0, 0, 0, 0, 0, 0, 0, 0, 0, 0, 0, 1, 1, 0, 0, 0, 0, 0, 0, 0, 0, 0, 0, 0, 1, 1, 0, 0, 0, 0, 0, 0, 0, 0, 0, 0, 0, 1, 1, 0, 0, 0, 0, 0, 0, 0, 0, 0, 0, 0, 1, 1, 0, 0, 0, 0, 0, 0, 0, 0, 0, 0, 0, 1, 1, 0, 0, 0, 0, 0, 0, 0, 0, 0, 0, 0, 1, 1, 0, 0, 0, 0, 0, 0, 0, 0, 0, 0, 0, 1, 1, 0, 0, 0, 0, 0, 0, 0, 0, 0, 0, 0, 1, 1, 0, 0, 0, 0, 0, 0, 0, 0, 0, 0, 0, 1, 1, 0, 0, 0, 0, 0, 0, 0, 0, 0, 0, 0, 1, 1, 0, 0, 0, 0, 0, 0, 0, 0, 0, 0, 0, 1, 1, 0, 0, 0, 0, 0, 0, 0, 0, 0, 0, 0, 1, 1, 0, 0, 0, 0, 0, 0, 0, 0, 0, 0, 0, 1, 1, 0, 0, 0, 0, 0, 0, 0, 0, 0, 0, 0, 1, 1, 0, 0, 0, 0, 0, 0, 0, 0, 0, 0, 0, 0, 0, 0, 0, 0, 0, 0, 0, 0, 0, 0, 0, 0, 0, 0, 0, 0, 0, 0, 0, 0, 0, 0, 0, 0, 0, 0, 0, 0, 0, 0, 0, 0, 0, 0, 0, 0, 0, 0, 0, 0, 0, 0, 0, 0, 0, 0, 0, 0, 0]]
  reset_attention_mask ............................ False
  reset_position_ids .............................. False
  resharding_stages ............................... [False, False, False, False]
  retriever_report_topk_accuracies ................ []
  retriever_score_scaling ......................... False
  retriever_seq_length ............................ 256
  sample_rate ..................................... 1.0
  save ............................................ None
  save_interval ................................... None
  scatter_gather_tensors_in_pipeline .............. True
  seed ............................................ 1234
  seq_length ...................................... 2048
  sgd_momentum .................................... 0.9
  short_seq_prob .................................. 0.1
  split ........................................... 949,50,1
  tensor_model_parallel_size ...................... 1
  tensorboard_dir ................................. None
  tensorboard_log_interval ........................ 1
  tensorboard_queue_size .......................... 1000
  titles_data_path ................................ None
  tokenizer_type .................................. GPT2BPETokenizer
  train_iters ..................................... 3
  train_samples ................................... None
  use_checkpoint_lr_scheduler ..................... False
  use_contiguous_buffers_in_ddp ................... False
  use_cpu_initialization .......................... None
  use_one_sent_docs ............................... False
  virtual_pipeline_model_parallel_size ............ 1
  vocab_extra_ids ................................. 0
  vocab_file ...................................... vocabs/gpt2-vocab.json
  warmup .......................................... None
  weight_decay .................................... 0.01
  world_size ...................................... 8
-------------------- end of arguments ---------------------
setting number of micro-batches to constant 128
> building GPT2BPETokenizer tokenizer ...
[W socket.cpp:558] [c10d] The client socket cannot be initialized to connect to [localhost]:7000 (errno: 97 - Address family not supported by protocol).
[W socket.cpp:558] [c10d] The client socket cannot be initialized to connect to [::ffff:127.0.0.1]:7000 (errno: 97 - Address family not supported by protocol).
 > padded vocab (size: 50257) with 47 dummy tokens (new size: 50304)
> initializing torch distributed ...
[W socket.cpp:558] [c10d] The client socket cannot be initialized to connect to [::ffff:127.0.0.1]:7000 (errno: 97 - Address family not supported by protocol).
[W socket.cpp:558] [c10d] The client socket cannot be initialized to connect to [::ffff:127.0.0.1]:7000 (errno: 97 - Address family not supported by protocol).
[W socket.cpp:558] [c10d] The client socket cannot be initialized to connect to [localhost]:7000 (errno: 97 - Address family not supported by protocol).
[W socket.cpp:558] [c10d] The client socket cannot be initialized to connect to [::ffff:127.0.0.1]:7000 (errno: 97 - Address family not supported by protocol).
[W socket.cpp:558] [c10d] The client socket cannot be initialized to connect to [::ffff:127.0.0.1]:7000 (errno: 97 - Address family not supported by protocol).
[W socket.cpp:558] [c10d] The client socket cannot be initialized to connect to [::ffff:127.0.0.1]:7000 (errno: 97 - Address family not supported by protocol).
[W socket.cpp:558] [c10d] The client socket cannot be initialized to connect to [localhost]:7000 (errno: 97 - Address family not supported by protocol).
[W socket.cpp:558] [c10d] The client socket cannot be initialized to connect to [localhost]:7000 (errno: 97 - Address family not supported by protocol).
[W socket.cpp:558] [c10d] The client socket cannot be initialized to connect to [localhost]:7000 (errno: 97 - Address family not supported by protocol).
[W socket.cpp:558] [c10d] The client socket cannot be initialized to connect to [::ffff:127.0.0.1]:7000 (errno: 97 - Address family not supported by protocol).
[W socket.cpp:558] [c10d] The client socket cannot be initialized to connect to [localhost]:7000 (errno: 97 - Address family not supported by protocol).
[W socket.cpp:558] [c10d] The client socket cannot be initialized to connect to [::ffff:127.0.0.1]:7000 (errno: 97 - Address family not supported by protocol).
[W socket.cpp:558] [c10d] The client socket cannot be initialized to connect to [localhost]:7000 (errno: 97 - Address family not supported by protocol).
[W socket.cpp:558] [c10d] The client socket cannot be initialized to connect to [::ffff:127.0.0.1]:7000 (errno: 97 - Address family not supported by protocol).
> initializing FlexPipe...
[DEBUG]|rank 3|     pipeline_rank= 1 |     tp_size= 1 |     tp_rank=0 |     tp_src_rank=3 |     dp_size= 2 |     parent ranks=[1] |     child ranks = [5] |     args.micro_batch_size = 8

[DEBUG]|rank 1|     pipeline_rank= 0 |     tp_size= 1 |     tp_rank=0 |     tp_src_rank=1 |     dp_size= 2 |     parent ranks=[7] |     child ranks = [3] |     args.micro_batch_size = 8

[DEBUG]|rank 2|     pipeline_rank= 1 |     tp_size= 1 |     tp_rank=0 |     tp_src_rank=2 |     dp_size= 2 |     parent ranks=[0] |     child ranks = [4] |     args.micro_batch_size = 8

[DEBUG]|rank 0|     pipeline_rank= 0 |     tp_size= 1 |     tp_rank=0 |     tp_src_rank=0 |     dp_size= 2 |     parent ranks=[6] |     child ranks = [2] |     args.micro_batch_size = 8

> setting random seeds to 1234 ...
> initializing model parallel cuda seeds on global rank 0, model parallel rank 0, and data parallel rank 0 with model parallel seed: 3952 and data parallel seed: 1234
> compiling dataset index builder ...
[DEBUG]|rank 4|     pipeline_rank= 2 |     tp_size= 1 |     tp_rank=0 |     tp_src_rank=4 |     dp_size= 2 |     parent ranks=[2] |     child ranks = [6] |     args.micro_batch_size = 8

[DEBUG]|rank 7|     pipeline_rank= 3 |     tp_size= 1 |     tp_rank=0 |     tp_src_rank=7 |     dp_size= 2 |     parent ranks=[5] |     child ranks = [1] |     args.micro_batch_size = 8

[DEBUG]|rank 5|     pipeline_rank= 2 |     tp_size= 1 |     tp_rank=0 |     tp_src_rank=5 |     dp_size= 2 |     parent ranks=[3] |     child ranks = [7] |     args.micro_batch_size = 8

[DEBUG]|rank 6|     pipeline_rank= 3 |     tp_size= 1 |     tp_rank=0 |     tp_src_rank=6 |     dp_size= 2 |     parent ranks=[4] |     child ranks = [0] |     args.micro_batch_size = 8

make: Entering directory '/home/liminglong.lml/sxz/SuperScaler/runtime/megatron/data'
make: Nothing to be done for 'default'.
make: Leaving directory '/home/liminglong.lml/sxz/SuperScaler/runtime/megatron/data'
>>> done with dataset index builder. Compilation time: 0.057 seconds
> compiling and loading fused kernels ...
Detected CUDA files, patching ldflags
Emitting ninja build file /home/liminglong.lml/sxz/SuperScaler/runtime/megatron/fused_kernels/build/build.ninja...
Building extension module scaled_upper_triang_masked_softmax_cuda...
Allowing ninja to set a default number of workers... (overridable by setting the environment variable MAX_JOBS=N)
ninja: no work to do.
Loading extension module scaled_upper_triang_masked_softmax_cuda...
Detected CUDA files, patching ldflags
Emitting ninja build file /home/liminglong.lml/sxz/SuperScaler/runtime/megatron/fused_kernels/build/build.ninja...
Building extension module scaled_masked_softmax_cuda...
Allowing ninja to set a default number of workers... (overridable by setting the environment variable MAX_JOBS=N)
ninja: no work to do.
Loading extension module scaled_masked_softmax_cuda...
Detected CUDA files, patching ldflags
Emitting ninja build file /home/liminglong.lml/sxz/SuperScaler/runtime/megatron/fused_kernels/build/build.ninja...
Building extension module scaled_softmax_cuda...
Allowing ninja to set a default number of workers... (overridable by setting the environment variable MAX_JOBS=N)
ninja: no work to do.
Loading extension module scaled_softmax_cuda...
Detected CUDA files, patching ldflags
Emitting ninja build file /home/liminglong.lml/sxz/SuperScaler/runtime/megatron/fused_kernels/build/build.ninja...
Building extension module fused_mix_prec_layer_norm_cuda...
Allowing ninja to set a default number of workers... (overridable by setting the environment variable MAX_JOBS=N)
ninja: no work to do.
Loading extension module fused_mix_prec_layer_norm_cuda...
>>> done with compiling and loading fused kernels. Compilation time: 10.841 seconds
[TIME] time to initialize megatron (seconds): 11.333
building GPT model ...
[rank 2 all ops] "enc-attention-dense","enc-post-attention-dropout","enc-2nd-layernorm","enc-MLP-GEMM-1","enc-MLP-gelu","enc-MLP-GEMM-2","enc-post-MLP-dropout","enc-1st-layernorm","enc-attention-qkv","enc-attention-score","enc-attention-softmax","enc-attention-dropout","enc-attention-context","enc-attention-dense","enc-post-attention-dropout","enc-2nd-layernorm","enc-MLP-GEMM-1","enc-MLP-gelu","enc-MLP-GEMM-2","enc-post-MLP-dropout","enc-1st-layernorm","enc-attention-qkv","enc-attention-score","enc-attention-softmax","enc-attention-dropout","enc-attention-context","enc-attention-dense","enc-post-attention-dropout","enc-2nd-layernorm","enc-MLP-GEMM-1","enc-MLP-gelu","enc-MLP-GEMM-2","enc-post-MLP-dropout","enc-1st-layernorm","enc-attention-qkv","enc-attention-score","enc-attention-softmax","enc-attention-dropout","enc-attention-context","enc-attention-dense","enc-post-attention-dropout","enc-2nd-layernorm","enc-MLP-GEMM-1","enc-MLP-gelu","enc-MLP-GEMM-2","enc-post-MLP-dropout","enc-1st-layernorm","enc-attention-qkv","enc-attention-score","enc-attention-softmax","enc-attention-dropout","enc-attention-context","enc-attention-dense","enc-post-attention-dropout","enc-2nd-layernorm","enc-MLP-GEMM-1","enc-MLP-gelu","enc-MLP-GEMM-2","enc-post-MLP-dropout","enc-1st-layernorm","enc-attention-qkv","enc-attention-score","enc-attention-softmax","enc-attention-dropout","enc-attention-context","enc-attention-dense","enc-post-attention-dropout","enc-2nd-layernorm","enc-MLP-GEMM-1","enc-MLP-gelu","enc-MLP-GEMM-2","enc-post-MLP-dropout","enc-1st-layernorm","enc-attention-qkv","enc-attention-score","enc-attention-softmax","enc-attention-dropout","enc-attention-context","enc-attention-dense","enc-post-attention-dropout","enc-2nd-layernorm","enc-MLP-GEMM-1","enc-MLP-gelu","enc-MLP-GEMM-2","enc-post-MLP-dropout","enc-1st-layernorm","enc-attention-qkv","enc-attention-score","enc-attention-softmax","enc-attention-dropout","enc-attention-context","enc-attention-dense","enc-post-attention-dropout","enc-2nd-layernorm","enc-MLP-GEMM-1","enc-MLP-gelu","enc-MLP-GEMM-2","enc-post-MLP-dropout","enc-1st-layernorm","enc-attention-qkv","enc-attention-score","enc-attention-softmax","enc-attention-dropout","enc-attention-context","enc-attention-dense","enc-post-attention-dropout","enc-2nd-layernorm","enc-MLP-GEMM-1","enc-MLP-gelu","enc-MLP-GEMM-2","enc-post-MLP-dropout","enc-1st-layernorm","enc-attention-qkv","enc-attention-score","enc-attention-softmax","enc-attention-dropout","enc-attention-context","enc-attention-dense","enc-post-attention-dropout","enc-2nd-layernorm","enc-MLP-GEMM-1","enc-MLP-gelu","enc-MLP-GEMM-2","enc-post-MLP-dropout","enc-1st-layernorm","enc-attention-qkv","enc-attention-score","enc-attention-softmax","enc-attention-dropout","enc-attention-context","enc-attention-dense","enc-post-attention-dropout","enc-2nd-layernorm","enc-MLP-GEMM-1","enc-MLP-gelu","enc-MLP-GEMM-2","enc-post-MLP-dropout","enc-1st-layernorm","enc-attention-qkv","enc-attention-score","enc-attention-softmax","enc-attention-dropout","enc-attention-context","enc-attention-dense","enc-post-attention-dropout","enc-2nd-layernorm","enc-MLP-GEMM-1","enc-MLP-gelu","enc-MLP-GEMM-2","enc-post-MLP-dropout","enc-1st-layernorm","enc-attention-qkv","enc-attention-score","enc-attention-softmax","enc-attention-dropout","enc-attention-context","enc-attention-dense","enc-post-attention-dropout","enc-2nd-layernorm","enc-MLP-GEMM-1","enc-MLP-gelu","enc-MLP-GEMM-2","enc-post-MLP-dropout","enc-1st-layernorm","enc-attention-qkv","enc-attention-score","enc-attention-softmax","enc-attention-dropout","enc-attention-context","enc-attention-dense","enc-post-attention-dropout","enc-2nd-layernorm","enc-MLP-GEMM-1","enc-MLP-gelu","enc-MLP-GEMM-2","enc-post-MLP-dropout","enc-1st-layernorm","enc-attention-qkv","enc-attention-score","enc-attention-softmax","enc-attention-dropout","enc-attention-context","enc-attention-dense","enc-post-attention-dropout","enc-2nd-layernorm","enc-MLP-GEMM-1","enc-MLP-gelu","enc-MLP-GEMM-2","enc-post-MLP-dropout","enc-1st-layernorm","enc-attention-qkv","enc-attention-score","enc-attention-softmax","enc-attention-dropout","enc-attention-context","enc-attention-dense","enc-post-attention-dropout","enc-2nd-layernorm","enc-MLP-GEMM-1","enc-MLP-gelu","enc-MLP-GEMM-2","enc-post-MLP-dropout","enc-1st-layernorm","enc-attention-qkv","enc-attention-score","enc-attention-softmax","enc-attention-dropout","enc-attention-context","enc-attention-dense","enc-post-attention-dropout","enc-2nd-layernorm","enc-MLP-GEMM-1","enc-MLP-gelu","enc-MLP-GEMM-2","enc-post-MLP-dropout","enc-1st-layernorm","enc-attention-qkv","enc-attention-score","enc-attention-softmax","enc-attention-dropout","enc-attention-context","enc-attention-dense","enc-post-attention-dropout","enc-2nd-layernorm","enc-MLP-GEMM-1","enc-MLP-gelu","enc-MLP-GEMM-2","enc-post-MLP-dropout","enc-1st-layernorm","enc-attention-qkv","enc-attention-score","enc-attention-softmax","enc-attention-dropout","enc-attention-context","enc-attention-dense","enc-post-attention-dropout","enc-2nd-layernorm","enc-MLP-GEMM-1","enc-MLP-gelu","enc-MLP-GEMM-2","enc-post-MLP-dropout","enc-1st-layernorm","enc-attention-qkv","enc-attention-score","enc-attention-softmax","enc-attention-dropout","enc-attention-context","enc-attention-dense","enc-post-attention-dropout","enc-2nd-layernorm","enc-MLP-GEMM-1","enc-MLP-gelu","enc-MLP-GEMM-2","enc-post-MLP-dropout","enc-1st-layernorm","enc-attention-qkv","enc-attention-score","enc-attention-softmax","enc-attention-dropout","enc-attention-context","enc-attention-dense","enc-post-attention-dropout","enc-2nd-layernorm","enc-MLP-GEMM-1","enc-MLP-gelu","enc-MLP-GEMM-2","enc-post-MLP-dropout","enc-1st-layernorm","enc-attention-qkv","enc-attention-score","enc-attention-softmax","enc-attention-dropout","enc-attention-context","enc-attention-dense","enc-post-attention-dropout","enc-2nd-layernorm","enc-MLP-GEMM-1","enc-MLP-gelu","enc-MLP-GEMM-2","enc-post-MLP-dropout","enc-1st-layernorm","enc-attention-qkv","enc-attention-score","enc-attention-softmax","enc-attention-dropout","enc-attention-context","enc-attention-dense","enc-post-attention-dropout","enc-2nd-layernorm","enc-MLP-GEMM-1","enc-MLP-gelu","enc-MLP-GEMM-2","enc-post-MLP-dropout","enc-1st-layernorm","enc-attention-qkv","enc-attention-score","enc-attention-softmax","enc-attention-dropout","enc-attention-context","enc-attention-dense","enc-post-attention-dropout","enc-2nd-layernorm","enc-MLP-GEMM-1","enc-MLP-gelu","enc-MLP-GEMM-2","enc-post-MLP-dropout","enc-1st-layernorm","enc-attention-qkv","enc-attention-score","enc-attention-softmax","enc-attention-dropout","enc-attention-context","enc-attention-dense","enc-post-attention-dropout","enc-2nd-layernorm","enc-MLP-GEMM-1","enc-MLP-gelu","enc-MLP-GEMM-2","enc-post-MLP-dropout","enc-1st-layernorm","enc-attention-qkv","enc-attention-score","enc-attention-softmax","enc-attention-dropout","enc-attention-context","enc-attention-dense","enc-post-attention-dropout","enc-2nd-layernorm","enc-MLP-GEMM-1","enc-MLP-gelu","enc-MLP-GEMM-2","enc-post-MLP-dropout","enc-1st-layernorm","enc-attention-qkv","enc-attention-score","enc-attention-softmax","enc-attention-dropout","enc-attention-context","enc-attention-dense","enc-post-attention-dropout","enc-2nd-layernorm","enc-MLP-GEMM-1","enc-MLP-gelu","enc-MLP-GEMM-2","enc-post-MLP-dropout","enc-1st-layernorm","enc-attention-qkv","enc-attention-score","enc-attention-softmax","enc-attention-dropout","enc-attention-context","enc-attention-dense","enc-post-attention-dropout","enc-2nd-layernorm","enc-MLP-GEMM-1","enc-MLP-gelu","enc-MLP-GEMM-2","enc-post-MLP-dropout","enc-1st-layernorm","enc-attention-qkv","enc-attention-score","enc-attention-softmax","enc-attention-dropout","enc-attention-context","enc-attention-dense","enc-post-attention-dropout","enc-2nd-layernorm","enc-MLP-GEMM-1","enc-MLP-gelu","enc-MLP-GEMM-2","enc-post-MLP-dropout","enc-1st-layernorm","enc-attention-qkv","enc-attention-score","enc-attention-softmax","enc-attention-dropout","enc-attention-context","enc-attention-dense","enc-post-attention-dropout","enc-2nd-layernorm","enc-MLP-GEMM-1","enc-MLP-gelu","enc-MLP-GEMM-2","enc-post-MLP-dropout","enc-1st-layernorm","enc-attention-qkv","enc-attention-score","enc-attention-softmax","enc-attention-dropout","enc-attention-context","enc-attention-dense","enc-post-attention-dropout","enc-2nd-layernorm","enc-MLP-GEMM-1","enc-MLP-gelu","enc-MLP-GEMM-2","enc-post-MLP-dropout","enc-1st-layernorm","enc-attention-qkv","enc-attention-score","enc-attention-softmax","enc-attention-dropout","enc-attention-context","enc-attention-dense","enc-post-attention-dropout","enc-2nd-layernorm","enc-MLP-GEMM-1","enc-MLP-gelu","enc-MLP-GEMM-2","enc-post-MLP-dropout","enc-1st-layernorm","enc-attention-qkv","enc-attention-score","enc-attention-softmax","enc-attention-dropout","enc-attention-context","enc-attention-dense","enc-post-attention-dropout","enc-2nd-layernorm","enc-MLP-GEMM-1","enc-MLP-gelu","enc-MLP-GEMM-2","enc-post-MLP-dropout","enc-1st-layernorm","enc-attention-qkv","enc-attention-score","enc-attention-softmax","enc-attention-dropout","enc-attention-context","enc-attention-dense","enc-post-attention-dropout","enc-2nd-layernorm","enc-MLP-GEMM-1","enc-MLP-gelu","enc-MLP-GEMM-2","enc-post-MLP-dropout","enc-1st-layernorm","enc-attention-qkv","enc-attention-score","enc-attention-softmax","enc-attention-dropout","enc-attention-context","enc-attention-dense","enc-post-attention-dropout","enc-2nd-layernorm","enc-MLP-GEMM-1","enc-MLP-gelu","enc-MLP-GEMM-2","enc-post-MLP-dropout","enc-1st-layernorm","enc-attention-qkv","enc-attention-score","enc-attention-softmax","enc-attention-dropout","enc-attention-context","enc-attention-dense","enc-post-attention-dropout","enc-2nd-layernorm","enc-MLP-GEMM-1","enc-MLP-gelu","enc-MLP-GEMM-2","enc-post-MLP-dropout","enc-1st-layernorm","enc-attention-qkv","enc-attention-score","enc-attention-softmax","enc-attention-dropout","enc-attention-context","enc-attention-dense","enc-post-attention-dropout","enc-2nd-layernorm","enc-MLP-GEMM-1","enc-MLP-gelu","enc-MLP-GEMM-2","enc-post-MLP-dropout","enc-1st-layernorm","enc-attention-qkv","enc-attention-score","enc-attention-softmax","enc-attention-dropout","enc-attention-context","enc-attention-dense","enc-post-attention-dropout","enc-2nd-layernorm","enc-MLP-GEMM-1","enc-MLP-gelu","enc-MLP-GEMM-2","enc-post-MLP-dropout","enc-1st-layernorm","enc-attention-qkv","enc-attention-score","enc-attention-softmax","enc-attention-dropout","enc-attention-context","enc-attention-dense","enc-post-attention-dropout","enc-2nd-layernorm","enc-MLP-GEMM-1","enc-MLP-gelu","enc-MLP-GEMM-2","enc-post-MLP-dropout","enc-1st-layernorm","enc-attention-qkv","enc-attention-score","enc-attention-softmax","enc-attention-dropout","enc-attention-context","enc-attention-dense","enc-post-attention-dropout","enc-2nd-layernorm","enc-MLP-GEMM-1","enc-MLP-gelu","enc-MLP-GEMM-2","enc-post-MLP-dropout","enc-1st-layernorm","enc-attention-qkv","enc-attention-score","enc-attention-softmax","enc-attention-dropout","enc-attention-context","enc-attention-dense","enc-post-attention-dropout","enc-2nd-layernorm","enc-MLP-GEMM-1","enc-MLP-gelu","enc-MLP-GEMM-2","enc-post-MLP-dropout","enc-1st-layernorm","enc-attention-qkv","enc-attention-score","enc-attention-softmax","enc-attention-dropout","enc-attention-context","enc-attention-dense","enc-post-attention-dropout","enc-2nd-layernorm","enc-MLP-GEMM-1","enc-MLP-gelu","enc-MLP-GEMM-2","enc-post-MLP-dropout","enc-1st-layernorm","enc-attention-qkv","enc-attention-score","enc-attention-softmax","enc-attention-dropout","enc-attention-context","enc-attention-dense","enc-post-attention-dropout","enc-2nd-layernorm","enc-MLP-GEMM-1","enc-MLP-gelu","enc-MLP-GEMM-2","enc-post-MLP-dropout","enc-1st-layernorm","enc-attention-qkv","enc-attention-score","enc-attention-softmax","enc-attention-dropout","enc-attention-context","enc-attention-dense","enc-post-attention-dropout","enc-2nd-layernorm","enc-MLP-GEMM-1","enc-MLP-gelu","enc-MLP-GEMM-2","enc-post-MLP-dropout","enc-1st-layernorm","enc-attention-qkv","enc-attention-score","enc-attention-softmax","enc-attention-dropout","enc-attention-context","enc-attention-dense","enc-post-attention-dropout","enc-2nd-layernorm","enc-MLP-GEMM-1","enc-MLP-gelu","enc-MLP-GEMM-2","enc-post-MLP-dropout","enc-1st-layernorm","enc-attention-qkv","enc-attention-score","enc-attention-softmax","enc-attention-dropout","enc-attention-context","enc-attention-dense","enc-post-attention-dropout","enc-2nd-layernorm","enc-MLP-GEMM-1","enc-MLP-gelu","enc-MLP-GEMM-2","enc-post-MLP-dropout","enc-1st-layernorm","enc-attention-qkv","enc-attention-score","enc-attention-softmax","enc-attention-dropout","enc-attention-context","enc-attention-dense","enc-post-attention-dropout","enc-2nd-layernorm","enc-MLP-GEMM-1","enc-MLP-gelu","enc-MLP-GEMM-2","enc-post-MLP-dropout","enc-1st-layernorm","enc-attention-qkv","enc-attention-score","enc-attention-softmax","enc-attention-dropout","enc-attention-context","enc-attention-dense","enc-post-attention-dropout","enc-2nd-layernorm","enc-MLP-GEMM-1","enc-MLP-gelu","enc-MLP-GEMM-2","enc-post-MLP-dropout","enc-1st-layernorm","enc-attention-qkv","enc-attention-score","enc-attention-softmax","enc-attention-dropout","enc-attention-context","enc-attention-dense","enc-post-attention-dropout","enc-2nd-layernorm","enc-MLP-GEMM-1","enc-MLP-gelu","enc-MLP-GEMM-2","enc-post-MLP-dropout","enc-1st-layernorm","enc-attention-qkv","enc-attention-score","enc-attention-softmax","enc-attention-dropout","enc-attention-context","enc-attention-dense","enc-post-attention-dropout","enc-2nd-layernorm","enc-MLP-GEMM-1","enc-MLP-gelu","enc-MLP-GEMM-2","enc-post-MLP-dropout","enc-1st-layernorm","enc-attention-qkv","enc-attention-score","enc-attention-softmax","enc-attention-dropout","enc-attention-context","enc-attention-dense","enc-post-attention-dropout","enc-2nd-layernorm","enc-MLP-GEMM-1","enc-MLP-gelu","enc-MLP-GEMM-2","enc-post-MLP-dropout","enc-1st-layernorm","enc-attention-qkv","enc-attention-score","enc-attention-softmax","enc-attention-dropout","enc-attention-context","enc-attention-dense","enc-post-attention-dropout","enc-2nd-layernorm","enc-MLP-GEMM-1","enc-MLP-gelu","enc-MLP-GEMM-2","enc-post-MLP-dropout","enc-1st-layernorm","enc-attention-qkv","enc-attention-score","enc-attention-softmax","enc-attention-dropout","enc-attention-context","enc-attention-dense","enc-post-attention-dropout","enc-2nd-layernorm","enc-MLP-GEMM-1","enc-MLP-gelu","enc-MLP-GEMM-2","enc-post-MLP-dropout","enc-1st-layernorm","enc-attention-qkv","enc-attention-score","enc-attention-softmax","enc-attention-dropout","enc-attention-context","enc-attention-dense","enc-post-attention-dropout","enc-2nd-layernorm","enc-MLP-GEMM-1","enc-MLP-gelu","enc-MLP-GEMM-2","enc-post-MLP-dropout","enc-1st-layernorm","enc-attention-qkv","enc-attention-score","enc-attention-softmax","enc-attention-dropout","enc-attention-context","enc-attention-dense","enc-post-attention-dropout","enc-2nd-layernorm","enc-MLP-GEMM-1","enc-MLP-gelu","enc-MLP-GEMM-2","enc-post-MLP-dropout","enc-1st-layernorm","enc-attention-qkv","enc-attention-score","enc-attention-softmax","enc-attention-dropout","enc-attention-context","enc-attention-dense","enc-post-attention-dropout","enc-2nd-layernorm","enc-MLP-GEMM-1","enc-MLP-gelu","enc-MLP-GEMM-2","enc-post-MLP-dropout","enc-1st-layernorm","enc-attention-qkv","enc-attention-score","enc-attention-softmax","enc-attention-dropout","enc-attention-context","enc-attention-dense","enc-post-attention-dropout","enc-2nd-layernorm","enc-MLP-GEMM-1","enc-MLP-gelu","enc-MLP-GEMM-2","enc-post-MLP-dropout","enc-1st-layernorm","enc-attention-qkv","enc-attention-score","enc-attention-softmax","enc-attention-dropout","enc-attention-context","enc-attention-dense","enc-post-attention-dropout","enc-2nd-layernorm","enc-MLP-GEMM-1","enc-MLP-gelu","enc-MLP-GEMM-2","enc-post-MLP-dropout","enc-1st-layernorm","enc-attention-qkv","enc-attention-score","enc-attention-softmax","enc-attention-dropout","enc-attention-context","enc-attention-dense","enc-post-attention-dropout","enc-2nd-layernorm","enc-MLP-GEMM-1","enc-MLP-gelu","enc-MLP-GEMM-2","enc-post-MLP-dropout","enc-1st-layernorm","enc-attention-qkv","enc-attention-score","enc-attention-softmax","enc-attention-dropout","enc-attention-context","enc-attention-dense","enc-post-attention-dropout","enc-2nd-layernorm","enc-MLP-GEMM-1","enc-MLP-gelu","enc-MLP-GEMM-2","enc-post-MLP-dropout","enc-1st-layernorm","enc-attention-qkv","enc-attention-score","enc-attention-softmax","enc-attention-dropout","enc-attention-context","enc-attention-dense","enc-post-attention-dropout","enc-2nd-layernorm","enc-MLP-GEMM-1","enc-MLP-gelu","enc-MLP-GEMM-2","enc-post-MLP-dropout","enc-1st-layernorm","enc-attention-qkv","enc-attention-score","enc-attention-softmax","enc-attention-dropout","enc-attention-context","enc-attention-dense","enc-post-attention-dropout","enc-2nd-layernorm","enc-MLP-GEMM-1","enc-MLP-gelu","enc-MLP-GEMM-2","enc-post-MLP-dropout","enc-1st-layernorm","enc-attention-qkv","enc-attention-score","enc-attention-softmax","enc-attention-dropout","enc-attention-context","enc-attention-dense","enc-post-attention-dropout","enc-2nd-layernorm","enc-MLP-GEMM-1","enc-MLP-gelu","enc-MLP-GEMM-2","enc-post-MLP-dropout","enc-1st-layernorm","enc-attention-qkv","enc-attention-score","enc-attention-softmax","enc-attention-dropout","enc-attention-context","enc-attention-dense","enc-post-attention-dropout","enc-2nd-layernorm","enc-MLP-GEMM-1","enc-MLP-gelu","enc-MLP-GEMM-2","enc-post-MLP-dropout","enc-1st-layernorm","enc-attention-qkv","enc-attention-score","enc-attention-softmax","enc-attention-dropout","enc-attention-context","enc-attention-dense",
[rank 2 recompute ops] enc-attention-score enc-attention-softmax enc-attention-dropout enc-attention-context enc-attention-score enc-attention-softmax enc-attention-dropout enc-attention-context enc-attention-score enc-attention-softmax enc-attention-dropout enc-attention-context enc-attention-score enc-attention-softmax enc-attention-dropout enc-attention-context enc-attention-score enc-attention-softmax enc-attention-dropout enc-attention-context enc-attention-score enc-attention-softmax enc-attention-dropout enc-attention-context enc-attention-score enc-attention-softmax enc-attention-dropout enc-attention-context enc-attention-score enc-attention-softmax enc-attention-dropout enc-attention-context enc-attention-score enc-attention-softmax enc-attention-dropout enc-attention-context enc-attention-score enc-attention-softmax enc-attention-dropout enc-attention-context enc-attention-score enc-attention-softmax enc-attention-dropout enc-attention-context enc-attention-score enc-attention-softmax enc-attention-dropout enc-attention-context enc-attention-score enc-attention-softmax enc-attention-dropout enc-attention-context enc-attention-score enc-attention-softmax enc-attention-dropout enc-attention-context enc-attention-score enc-attention-softmax enc-attention-dropout enc-attention-context enc-attention-score enc-attention-softmax enc-attention-dropout enc-attention-context enc-attention-score enc-attention-softmax enc-attention-dropout enc-attention-context enc-attention-score enc-attention-softmax enc-attention-dropout enc-attention-context enc-attention-score enc-attention-softmax enc-attention-dropout enc-attention-context enc-attention-score enc-attention-softmax enc-attention-dropout enc-attention-context enc-attention-score enc-attention-softmax enc-attention-dropout enc-attention-context enc-attention-score enc-attention-softmax enc-attention-dropout enc-attention-context enc-attention-score enc-attention-softmax enc-attention-dropout enc-attention-context enc-attention-score enc-attention-softmax enc-attention-dropout enc-attention-context enc-attention-score enc-attention-softmax enc-attention-dropout enc-attention-context enc-attention-score enc-attention-softmax enc-attention-dropout enc-attention-context enc-attention-score enc-attention-softmax enc-attention-dropout enc-attention-context enc-attention-score enc-attention-softmax enc-attention-dropout enc-attention-context enc-attention-score enc-attention-softmax enc-attention-dropout enc-attention-context enc-attention-score enc-attention-softmax enc-attention-dropout enc-attention-context enc-attention-score enc-attention-softmax enc-attention-dropout enc-attention-context enc-attention-score enc-attention-softmax enc-attention-dropout enc-attention-context enc-attention-score enc-attention-softmax enc-attention-dropout enc-attention-context enc-attention-score enc-attention-softmax enc-attention-dropout enc-attention-context enc-attention-score enc-attention-softmax enc-attention-dropout enc-attention-context enc-attention-score enc-attention-softmax enc-attention-dropout enc-attention-context enc-attention-score enc-attention-softmax enc-attention-dropout enc-attention-context enc-attention-score enc-attention-softmax enc-attention-dropout enc-attention-context enc-attention-score enc-attention-softmax enc-attention-dropout enc-attention-context enc-attention-score enc-attention-softmax enc-attention-dropout enc-attention-context enc-attention-score enc-attention-softmax enc-attention-dropout enc-attention-context enc-attention-score enc-attention-softmax enc-attention-dropout enc-attention-context enc-attention-score enc-attention-softmax enc-attention-dropout enc-attention-context enc-attention-score enc-attention-softmax enc-attention-dropout enc-attention-context enc-attention-score enc-attention-softmax enc-attention-dropout enc-attention-context enc-attention-score enc-attention-softmax enc-attention-dropout enc-attention-context enc-attention-score enc-attention-softmax enc-attention-dropout enc-attention-context enc-attention-score enc-attention-softmax enc-attention-dropout enc-attention-context enc-attention-dropout enc-attention-context enc-attention-dropout enc-attention-context enc-attention-dropout enc-attention-context enc-attention-dropout enc-attention-context enc-attention-dropout enc-attention-context enc-attention-dropout enc-attention-context enc-attention-dropout enc-attention-context enc-attention-dropout enc-attention-context enc-attention-dropout enc-attention-context enc-attention-dropout enc-attention-context enc-attention-dropout enc-attention-context enc-attention-dropout enc-attention-context enc-attention-dropout enc-attention-context enc-attention-dropout enc-attention-context enc-attention-dropout enc-attention-context enc-attention-dropout enc-attention-context 
 > number of parameters on (tensor, pipeline) model parallel rank (0, 1): 202015232
[rank 3 all ops] "enc-attention-dense","enc-post-attention-dropout","enc-2nd-layernorm","enc-MLP-GEMM-1","enc-MLP-gelu","enc-MLP-GEMM-2","enc-post-MLP-dropout","enc-1st-layernorm","enc-attention-qkv","enc-attention-score","enc-attention-softmax","enc-attention-dropout","enc-attention-context","enc-attention-dense","enc-post-attention-dropout","enc-2nd-layernorm","enc-MLP-GEMM-1","enc-MLP-gelu","enc-MLP-GEMM-2","enc-post-MLP-dropout","enc-1st-layernorm","enc-attention-qkv","enc-attention-score","enc-attention-softmax","enc-attention-dropout","enc-attention-context","enc-attention-dense","enc-post-attention-dropout","enc-2nd-layernorm","enc-MLP-GEMM-1","enc-MLP-gelu","enc-MLP-GEMM-2","enc-post-MLP-dropout","enc-1st-layernorm","enc-attention-qkv","enc-attention-score","enc-attention-softmax","enc-attention-dropout","enc-attention-context","enc-attention-dense","enc-post-attention-dropout","enc-2nd-layernorm","enc-MLP-GEMM-1","enc-MLP-gelu","enc-MLP-GEMM-2","enc-post-MLP-dropout","enc-1st-layernorm","enc-attention-qkv","enc-attention-score","enc-attention-softmax","enc-attention-dropout","enc-attention-context","enc-attention-dense","enc-post-attention-dropout","enc-2nd-layernorm","enc-MLP-GEMM-1","enc-MLP-gelu","enc-MLP-GEMM-2","enc-post-MLP-dropout","enc-1st-layernorm","enc-attention-qkv","enc-attention-score","enc-attention-softmax","enc-attention-dropout","enc-attention-context","enc-attention-dense","enc-post-attention-dropout","enc-2nd-layernorm","enc-MLP-GEMM-1","enc-MLP-gelu","enc-MLP-GEMM-2","enc-post-MLP-dropout","enc-1st-layernorm","enc-attention-qkv","enc-attention-score","enc-attention-softmax","enc-attention-dropout","enc-attention-context","enc-attention-dense","enc-post-attention-dropout","enc-2nd-layernorm","enc-MLP-GEMM-1","enc-MLP-gelu","enc-MLP-GEMM-2","enc-post-MLP-dropout","enc-1st-layernorm","enc-attention-qkv","enc-attention-score","enc-attention-softmax","enc-attention-dropout","enc-attention-context","enc-attention-dense","enc-post-attention-dropout","enc-2nd-layernorm","enc-MLP-GEMM-1","enc-MLP-gelu","enc-MLP-GEMM-2","enc-post-MLP-dropout","enc-1st-layernorm","enc-attention-qkv","enc-attention-score","enc-attention-softmax","enc-attention-dropout","enc-attention-context","enc-attention-dense","enc-post-attention-dropout","enc-2nd-layernorm","enc-MLP-GEMM-1","enc-MLP-gelu","enc-MLP-GEMM-2","enc-post-MLP-dropout","enc-1st-layernorm","enc-attention-qkv","enc-attention-score","enc-attention-softmax","enc-attention-dropout","enc-attention-context","enc-attention-dense","enc-post-attention-dropout","enc-2nd-layernorm","enc-MLP-GEMM-1","enc-MLP-gelu","enc-MLP-GEMM-2","enc-post-MLP-dropout","enc-1st-layernorm","enc-attention-qkv","enc-attention-score","enc-attention-softmax","enc-attention-dropout","enc-attention-context","enc-attention-dense","enc-post-attention-dropout","enc-2nd-layernorm","enc-MLP-GEMM-1","enc-MLP-gelu","enc-MLP-GEMM-2","enc-post-MLP-dropout","enc-1st-layernorm","enc-attention-qkv","enc-attention-score","enc-attention-softmax","enc-attention-dropout","enc-attention-context","enc-attention-dense","enc-post-attention-dropout","enc-2nd-layernorm","enc-MLP-GEMM-1","enc-MLP-gelu","enc-MLP-GEMM-2","enc-post-MLP-dropout","enc-1st-layernorm","enc-attention-qkv","enc-attention-score","enc-attention-softmax","enc-attention-dropout","enc-attention-context","enc-attention-dense","enc-post-attention-dropout","enc-2nd-layernorm","enc-MLP-GEMM-1","enc-MLP-gelu","enc-MLP-GEMM-2","enc-post-MLP-dropout","enc-1st-layernorm","enc-attention-qkv","enc-attention-score","enc-attention-softmax","enc-attention-dropout","enc-attention-context","enc-attention-dense","enc-post-attention-dropout","enc-2nd-layernorm","enc-MLP-GEMM-1","enc-MLP-gelu","enc-MLP-GEMM-2","enc-post-MLP-dropout","enc-1st-layernorm","enc-attention-qkv","enc-attention-score","enc-attention-softmax","enc-attention-dropout","enc-attention-context","enc-attention-dense","enc-post-attention-dropout","enc-2nd-layernorm","enc-MLP-GEMM-1","enc-MLP-gelu","enc-MLP-GEMM-2","enc-post-MLP-dropout","enc-1st-layernorm","enc-attention-qkv","enc-attention-score","enc-attention-softmax","enc-attention-dropout","enc-attention-context","enc-attention-dense","enc-post-attention-dropout","enc-2nd-layernorm","enc-MLP-GEMM-1","enc-MLP-gelu","enc-MLP-GEMM-2","enc-post-MLP-dropout","enc-1st-layernorm","enc-attention-qkv","enc-attention-score","enc-attention-softmax","enc-attention-dropout","enc-attention-context","enc-attention-dense","enc-post-attention-dropout","enc-2nd-layernorm","enc-MLP-GEMM-1","enc-MLP-gelu","enc-MLP-GEMM-2","enc-post-MLP-dropout","enc-1st-layernorm","enc-attention-qkv","enc-attention-score","enc-attention-softmax","enc-attention-dropout","enc-attention-context","enc-attention-dense","enc-post-attention-dropout","enc-2nd-layernorm","enc-MLP-GEMM-1","enc-MLP-gelu","enc-MLP-GEMM-2","enc-post-MLP-dropout","enc-1st-layernorm","enc-attention-qkv","enc-attention-score","enc-attention-softmax","enc-attention-dropout","enc-attention-context","enc-attention-dense","enc-post-attention-dropout","enc-2nd-layernorm","enc-MLP-GEMM-1","enc-MLP-gelu","enc-MLP-GEMM-2","enc-post-MLP-dropout","enc-1st-layernorm","enc-attention-qkv","enc-attention-score","enc-attention-softmax","enc-attention-dropout","enc-attention-context","enc-attention-dense","enc-post-attention-dropout","enc-2nd-layernorm","enc-MLP-GEMM-1","enc-MLP-gelu","enc-MLP-GEMM-2","enc-post-MLP-dropout","enc-1st-layernorm","enc-attention-qkv","enc-attention-score","enc-attention-softmax","enc-attention-dropout","enc-attention-context","enc-attention-dense","enc-post-attention-dropout","enc-2nd-layernorm","enc-MLP-GEMM-1","enc-MLP-gelu","enc-MLP-GEMM-2","enc-post-MLP-dropout","enc-1st-layernorm","enc-attention-qkv","enc-attention-score","enc-attention-softmax","enc-attention-dropout","enc-attention-context","enc-attention-dense","enc-post-attention-dropout","enc-2nd-layernorm","enc-MLP-GEMM-1","enc-MLP-gelu","enc-MLP-GEMM-2","enc-post-MLP-dropout","enc-1st-layernorm","enc-attention-qkv","enc-attention-score","enc-attention-softmax","enc-attention-dropout","enc-attention-context","enc-attention-dense","enc-post-attention-dropout","enc-2nd-layernorm","enc-MLP-GEMM-1","enc-MLP-gelu","enc-MLP-GEMM-2","enc-post-MLP-dropout","enc-1st-layernorm","enc-attention-qkv","enc-attention-score","enc-attention-softmax","enc-attention-dropout","enc-attention-context","enc-attention-dense","enc-post-attention-dropout","enc-2nd-layernorm","enc-MLP-GEMM-1","enc-MLP-gelu","enc-MLP-GEMM-2","enc-post-MLP-dropout","enc-1st-layernorm","enc-attention-qkv","enc-attention-score","enc-attention-softmax","enc-attention-dropout","enc-attention-context","enc-attention-dense","enc-post-attention-dropout","enc-2nd-layernorm","enc-MLP-GEMM-1","enc-MLP-gelu","enc-MLP-GEMM-2","enc-post-MLP-dropout","enc-1st-layernorm","enc-attention-qkv","enc-attention-score","enc-attention-softmax","enc-attention-dropout","enc-attention-context","enc-attention-dense","enc-post-attention-dropout","enc-2nd-layernorm","enc-MLP-GEMM-1","enc-MLP-gelu","enc-MLP-GEMM-2","enc-post-MLP-dropout","enc-1st-layernorm","enc-attention-qkv","enc-attention-score","enc-attention-softmax","enc-attention-dropout","enc-attention-context","enc-attention-dense","enc-post-attention-dropout","enc-2nd-layernorm","enc-MLP-GEMM-1","enc-MLP-gelu","enc-MLP-GEMM-2","enc-post-MLP-dropout","enc-1st-layernorm","enc-attention-qkv","enc-attention-score","enc-attention-softmax","enc-attention-dropout","enc-attention-context","enc-attention-dense","enc-post-attention-dropout","enc-2nd-layernorm","enc-MLP-GEMM-1","enc-MLP-gelu","enc-MLP-GEMM-2","enc-post-MLP-dropout","enc-1st-layernorm","enc-attention-qkv","enc-attention-score","enc-attention-softmax","enc-attention-dropout","enc-attention-context","enc-attention-dense","enc-post-attention-dropout","enc-2nd-layernorm","enc-MLP-GEMM-1","enc-MLP-gelu","enc-MLP-GEMM-2","enc-post-MLP-dropout","enc-1st-layernorm","enc-attention-qkv","enc-attention-score","enc-attention-softmax","enc-attention-dropout","enc-attention-context","enc-attention-dense","enc-post-attention-dropout","enc-2nd-layernorm","enc-MLP-GEMM-1","enc-MLP-gelu","enc-MLP-GEMM-2","enc-post-MLP-dropout","enc-1st-layernorm","enc-attention-qkv","enc-attention-score","enc-attention-softmax","enc-attention-dropout","enc-attention-context","enc-attention-dense","enc-post-attention-dropout","enc-2nd-layernorm","enc-MLP-GEMM-1","enc-MLP-gelu","enc-MLP-GEMM-2","enc-post-MLP-dropout","enc-1st-layernorm","enc-attention-qkv","enc-attention-score","enc-attention-softmax","enc-attention-dropout","enc-attention-context","enc-attention-dense","enc-post-attention-dropout","enc-2nd-layernorm","enc-MLP-GEMM-1","enc-MLP-gelu","enc-MLP-GEMM-2","enc-post-MLP-dropout","enc-1st-layernorm","enc-attention-qkv","enc-attention-score","enc-attention-softmax","enc-attention-dropout","enc-attention-context","enc-attention-dense","enc-post-attention-dropout","enc-2nd-layernorm","enc-MLP-GEMM-1","enc-MLP-gelu","enc-MLP-GEMM-2","enc-post-MLP-dropout","enc-1st-layernorm","enc-attention-qkv","enc-attention-score","enc-attention-softmax","enc-attention-dropout","enc-attention-context","enc-attention-dense","enc-post-attention-dropout","enc-2nd-layernorm","enc-MLP-GEMM-1","enc-MLP-gelu","enc-MLP-GEMM-2","enc-post-MLP-dropout","enc-1st-layernorm","enc-attention-qkv","enc-attention-score","enc-attention-softmax","enc-attention-dropout","enc-attention-context","enc-attention-dense","enc-post-attention-dropout","enc-2nd-layernorm","enc-MLP-GEMM-1","enc-MLP-gelu","enc-MLP-GEMM-2","enc-post-MLP-dropout","enc-1st-layernorm","enc-attention-qkv","enc-attention-score","enc-attention-softmax","enc-attention-dropout","enc-attention-context","enc-attention-dense","enc-post-attention-dropout","enc-2nd-layernorm","enc-MLP-GEMM-1","enc-MLP-gelu","enc-MLP-GEMM-2","enc-post-MLP-dropout","enc-1st-layernorm","enc-attention-qkv","enc-attention-score","enc-attention-softmax","enc-attention-dropout","enc-attention-context","enc-attention-dense","enc-post-attention-dropout","enc-2nd-layernorm","enc-MLP-GEMM-1","enc-MLP-gelu","enc-MLP-GEMM-2","enc-post-MLP-dropout","enc-1st-layernorm","enc-attention-qkv","enc-attention-score","enc-attention-softmax","enc-attention-dropout","enc-attention-context","enc-attention-dense","enc-post-attention-dropout","enc-2nd-layernorm","enc-MLP-GEMM-1","enc-MLP-gelu","enc-MLP-GEMM-2","enc-post-MLP-dropout","enc-1st-layernorm","enc-attention-qkv","enc-attention-score","enc-attention-softmax","enc-attention-dropout","enc-attention-context","enc-attention-dense","enc-post-attention-dropout","enc-2nd-layernorm","enc-MLP-GEMM-1","enc-MLP-gelu","enc-MLP-GEMM-2","enc-post-MLP-dropout","enc-1st-layernorm","enc-attention-qkv","enc-attention-score","enc-attention-softmax","enc-attention-dropout","enc-attention-context","enc-attention-dense","enc-post-attention-dropout","enc-2nd-layernorm","enc-MLP-GEMM-1","enc-MLP-gelu","enc-MLP-GEMM-2","enc-post-MLP-dropout","enc-1st-layernorm","enc-attention-qkv","enc-attention-score","enc-attention-softmax","enc-attention-dropout","enc-attention-context","enc-attention-dense","enc-post-attention-dropout","enc-2nd-layernorm","enc-MLP-GEMM-1","enc-MLP-gelu","enc-MLP-GEMM-2","enc-post-MLP-dropout","enc-1st-layernorm","enc-attention-qkv","enc-attention-score","enc-attention-softmax","enc-attention-dropout","enc-attention-context","enc-attention-dense","enc-post-attention-dropout","enc-2nd-layernorm","enc-MLP-GEMM-1","enc-MLP-gelu","enc-MLP-GEMM-2","enc-post-MLP-dropout","enc-1st-layernorm","enc-attention-qkv","enc-attention-score","enc-attention-softmax","enc-attention-dropout","enc-attention-context","enc-attention-dense","enc-post-attention-dropout","enc-2nd-layernorm","enc-MLP-GEMM-1","enc-MLP-gelu","enc-MLP-GEMM-2","enc-post-MLP-dropout","enc-1st-layernorm","enc-attention-qkv","enc-attention-score","enc-attention-softmax","enc-attention-dropout","enc-attention-context","enc-attention-dense","enc-post-attention-dropout","enc-2nd-layernorm","enc-MLP-GEMM-1","enc-MLP-gelu","enc-MLP-GEMM-2","enc-post-MLP-dropout","enc-1st-layernorm","enc-attention-qkv","enc-attention-score","enc-attention-softmax","enc-attention-dropout","enc-attention-context","enc-attention-dense","enc-post-attention-dropout","enc-2nd-layernorm","enc-MLP-GEMM-1","enc-MLP-gelu","enc-MLP-GEMM-2","enc-post-MLP-dropout","enc-1st-layernorm","enc-attention-qkv","enc-attention-score","enc-attention-softmax","enc-attention-dropout","enc-attention-context","enc-attention-dense","enc-post-attention-dropout","enc-2nd-layernorm","enc-MLP-GEMM-1","enc-MLP-gelu","enc-MLP-GEMM-2","enc-post-MLP-dropout","enc-1st-layernorm","enc-attention-qkv","enc-attention-score","enc-attention-softmax","enc-attention-dropout","enc-attention-context","enc-attention-dense","enc-post-attention-dropout","enc-2nd-layernorm","enc-MLP-GEMM-1","enc-MLP-gelu","enc-MLP-GEMM-2","enc-post-MLP-dropout","enc-1st-layernorm","enc-attention-qkv","enc-attention-score","enc-attention-softmax","enc-attention-dropout","enc-attention-context","enc-attention-dense","enc-post-attention-dropout","enc-2nd-layernorm","enc-MLP-GEMM-1","enc-MLP-gelu","enc-MLP-GEMM-2","enc-post-MLP-dropout","enc-1st-layernorm","enc-attention-qkv","enc-attention-score","enc-attention-softmax","enc-attention-dropout","enc-attention-context","enc-attention-dense","enc-post-attention-dropout","enc-2nd-layernorm","enc-MLP-GEMM-1","enc-MLP-gelu","enc-MLP-GEMM-2","enc-post-MLP-dropout","enc-1st-layernorm","enc-attention-qkv","enc-attention-score","enc-attention-softmax","enc-attention-dropout","enc-attention-context","enc-attention-dense","enc-post-attention-dropout","enc-2nd-layernorm","enc-MLP-GEMM-1","enc-MLP-gelu","enc-MLP-GEMM-2","enc-post-MLP-dropout","enc-1st-layernorm","enc-attention-qkv","enc-attention-score","enc-attention-softmax","enc-attention-dropout","enc-attention-context","enc-attention-dense","enc-post-attention-dropout","enc-2nd-layernorm","enc-MLP-GEMM-1","enc-MLP-gelu","enc-MLP-GEMM-2","enc-post-MLP-dropout","enc-1st-layernorm","enc-attention-qkv","enc-attention-score","enc-attention-softmax","enc-attention-dropout","enc-attention-context","enc-attention-dense","enc-post-attention-dropout","enc-2nd-layernorm","enc-MLP-GEMM-1","enc-MLP-gelu","enc-MLP-GEMM-2","enc-post-MLP-dropout","enc-1st-layernorm","enc-attention-qkv","enc-attention-score","enc-attention-softmax","enc-attention-dropout","enc-attention-context","enc-attention-dense","enc-post-attention-dropout","enc-2nd-layernorm","enc-MLP-GEMM-1","enc-MLP-gelu","enc-MLP-GEMM-2","enc-post-MLP-dropout","enc-1st-layernorm","enc-attention-qkv","enc-attention-score","enc-attention-softmax","enc-attention-dropout","enc-attention-context","enc-attention-dense","enc-post-attention-dropout","enc-2nd-layernorm","enc-MLP-GEMM-1","enc-MLP-gelu","enc-MLP-GEMM-2","enc-post-MLP-dropout","enc-1st-layernorm","enc-attention-qkv","enc-attention-score","enc-attention-softmax","enc-attention-dropout","enc-attention-context","enc-attention-dense","enc-post-attention-dropout","enc-2nd-layernorm","enc-MLP-GEMM-1","enc-MLP-gelu","enc-MLP-GEMM-2","enc-post-MLP-dropout","enc-1st-layernorm","enc-attention-qkv","enc-attention-score","enc-attention-softmax","enc-attention-dropout","enc-attention-context","enc-attention-dense","enc-post-attention-dropout","enc-2nd-layernorm","enc-MLP-GEMM-1","enc-MLP-gelu","enc-MLP-GEMM-2","enc-post-MLP-dropout","enc-1st-layernorm","enc-attention-qkv","enc-attention-score","enc-attention-softmax","enc-attention-dropout","enc-attention-context","enc-attention-dense","enc-post-attention-dropout","enc-2nd-layernorm","enc-MLP-GEMM-1","enc-MLP-gelu","enc-MLP-GEMM-2","enc-post-MLP-dropout","enc-1st-layernorm","enc-attention-qkv","enc-attention-score","enc-attention-softmax","enc-attention-dropout","enc-attention-context","enc-attention-dense","enc-post-attention-dropout","enc-2nd-layernorm","enc-MLP-GEMM-1","enc-MLP-gelu","enc-MLP-GEMM-2","enc-post-MLP-dropout","enc-1st-layernorm","enc-attention-qkv","enc-attention-score","enc-attention-softmax","enc-attention-dropout","enc-attention-context","enc-attention-dense","enc-post-attention-dropout","enc-2nd-layernorm","enc-MLP-GEMM-1","enc-MLP-gelu","enc-MLP-GEMM-2","enc-post-MLP-dropout","enc-1st-layernorm","enc-attention-qkv","enc-attention-score","enc-attention-softmax","enc-attention-dropout","enc-attention-context","enc-attention-dense","enc-post-attention-dropout","enc-2nd-layernorm","enc-MLP-GEMM-1","enc-MLP-gelu","enc-MLP-GEMM-2","enc-post-MLP-dropout","enc-1st-layernorm","enc-attention-qkv","enc-attention-score","enc-attention-softmax","enc-attention-dropout","enc-attention-context","enc-attention-dense","enc-post-attention-dropout","enc-2nd-layernorm","enc-MLP-GEMM-1","enc-MLP-gelu","enc-MLP-GEMM-2","enc-post-MLP-dropout","enc-1st-layernorm","enc-attention-qkv","enc-attention-score","enc-attention-softmax","enc-attention-dropout","enc-attention-context","enc-attention-dense","enc-post-attention-dropout","enc-2nd-layernorm","enc-MLP-GEMM-1","enc-MLP-gelu","enc-MLP-GEMM-2","enc-post-MLP-dropout","enc-1st-layernorm","enc-attention-qkv","enc-attention-score","enc-attention-softmax","enc-attention-dropout","enc-attention-context","enc-attention-dense","enc-post-attention-dropout","enc-2nd-layernorm","enc-MLP-GEMM-1","enc-MLP-gelu","enc-MLP-GEMM-2","enc-post-MLP-dropout","enc-1st-layernorm","enc-attention-qkv","enc-attention-score","enc-attention-softmax","enc-attention-dropout","enc-attention-context","enc-attention-dense","enc-post-attention-dropout","enc-2nd-layernorm","enc-MLP-GEMM-1","enc-MLP-gelu","enc-MLP-GEMM-2","enc-post-MLP-dropout","enc-1st-layernorm","enc-attention-qkv","enc-attention-score","enc-attention-softmax","enc-attention-dropout","enc-attention-context","enc-attention-dense",
[rank 3 recompute ops] enc-attention-score enc-attention-softmax enc-attention-dropout enc-attention-context enc-attention-score enc-attention-softmax enc-attention-dropout enc-attention-context enc-attention-score enc-attention-softmax enc-attention-dropout enc-attention-context enc-attention-score enc-attention-softmax enc-attention-dropout enc-attention-context enc-attention-score enc-attention-softmax enc-attention-dropout enc-attention-context enc-attention-score enc-attention-softmax enc-attention-dropout enc-attention-context enc-attention-score enc-attention-softmax enc-attention-dropout enc-attention-context enc-attention-score enc-attention-softmax enc-attention-dropout enc-attention-context enc-attention-score enc-attention-softmax enc-attention-dropout enc-attention-context enc-attention-score enc-attention-softmax enc-attention-dropout enc-attention-context enc-attention-score enc-attention-softmax enc-attention-dropout enc-attention-context enc-attention-score enc-attention-softmax enc-attention-dropout enc-attention-context enc-attention-score enc-attention-softmax enc-attention-dropout enc-attention-context enc-attention-score enc-attention-softmax enc-attention-dropout enc-attention-context enc-attention-score enc-attention-softmax enc-attention-dropout enc-attention-context enc-attention-score enc-attention-softmax enc-attention-dropout enc-attention-context enc-attention-score enc-attention-softmax enc-attention-dropout enc-attention-context enc-attention-score enc-attention-softmax enc-attention-dropout enc-attention-context enc-attention-score enc-attention-softmax enc-attention-dropout enc-attention-context enc-attention-score enc-attention-softmax enc-attention-dropout enc-attention-context enc-attention-score enc-attention-softmax enc-attention-dropout enc-attention-context enc-attention-score enc-attention-softmax enc-attention-dropout enc-attention-context enc-attention-score enc-attention-softmax enc-attention-dropout enc-attention-context enc-attention-score enc-attention-softmax enc-attention-dropout enc-attention-context enc-attention-score enc-attention-softmax enc-attention-dropout enc-attention-context enc-attention-score enc-attention-softmax enc-attention-dropout enc-attention-context enc-attention-score enc-attention-softmax enc-attention-dropout enc-attention-context enc-attention-score enc-attention-softmax enc-attention-dropout enc-attention-context enc-attention-score enc-attention-softmax enc-attention-dropout enc-attention-context enc-attention-score enc-attention-softmax enc-attention-dropout enc-attention-context enc-attention-score enc-attention-softmax enc-attention-dropout enc-attention-context enc-attention-score enc-attention-softmax enc-attention-dropout enc-attention-context enc-attention-score enc-attention-softmax enc-attention-dropout enc-attention-context enc-attention-score enc-attention-softmax enc-attention-dropout enc-attention-context enc-attention-score enc-attention-softmax enc-attention-dropout enc-attention-context enc-attention-score enc-attention-softmax enc-attention-dropout enc-attention-context enc-attention-score enc-attention-softmax enc-attention-dropout enc-attention-context enc-attention-score enc-attention-softmax enc-attention-dropout enc-attention-context enc-attention-score enc-attention-softmax enc-attention-dropout enc-attention-context enc-attention-score enc-attention-softmax enc-attention-dropout enc-attention-context enc-attention-score enc-attention-softmax enc-attention-dropout enc-attention-context enc-attention-score enc-attention-softmax enc-attention-dropout enc-attention-context enc-attention-score enc-attention-softmax enc-attention-dropout enc-attention-context enc-attention-score enc-attention-softmax enc-attention-dropout enc-attention-context enc-attention-score enc-attention-softmax enc-attention-dropout enc-attention-context enc-attention-score enc-attention-softmax enc-attention-dropout enc-attention-context enc-attention-score enc-attention-softmax enc-attention-dropout enc-attention-context enc-attention-score enc-attention-softmax enc-attention-dropout enc-attention-context enc-attention-dropout enc-attention-context enc-attention-dropout enc-attention-context enc-attention-dropout enc-attention-context enc-attention-dropout enc-attention-context enc-attention-dropout enc-attention-context enc-attention-dropout enc-attention-context enc-attention-dropout enc-attention-context enc-attention-dropout enc-attention-context enc-attention-dropout enc-attention-context enc-attention-dropout enc-attention-context enc-attention-dropout enc-attention-context enc-attention-dropout enc-attention-context enc-attention-dropout enc-attention-context enc-attention-dropout enc-attention-context enc-attention-dropout enc-attention-context enc-attention-dropout enc-attention-context 
[rank 0 all ops] "encoder-embedding","enc-1st-layernorm","enc-attention-qkv","enc-attention-score","enc-attention-softmax","enc-attention-dropout","enc-attention-context","enc-attention-dense","enc-post-attention-dropout","enc-2nd-layernorm","enc-MLP-GEMM-1","enc-MLP-gelu","enc-MLP-GEMM-2","enc-post-MLP-dropout","enc-1st-layernorm","enc-attention-qkv","enc-attention-score","enc-attention-softmax","enc-attention-dropout","enc-attention-context","enc-attention-dense","enc-post-attention-dropout","enc-2nd-layernorm","enc-MLP-GEMM-1","enc-MLP-gelu","enc-MLP-GEMM-2","enc-post-MLP-dropout","enc-1st-layernorm","enc-attention-qkv","enc-attention-score","enc-attention-softmax","enc-attention-dropout","enc-attention-context","enc-attention-dense","enc-post-attention-dropout","enc-2nd-layernorm","enc-MLP-GEMM-1","enc-MLP-gelu","enc-MLP-GEMM-2","enc-post-MLP-dropout","enc-1st-layernorm","enc-attention-qkv","enc-attention-score","enc-attention-softmax","enc-attention-dropout","enc-attention-context","enc-attention-dense","enc-post-attention-dropout","enc-2nd-layernorm","enc-MLP-GEMM-1","enc-MLP-gelu","enc-MLP-GEMM-2","enc-post-MLP-dropout","enc-1st-layernorm","enc-attention-qkv","enc-attention-score","enc-attention-softmax","enc-attention-dropout","enc-attention-context","enc-attention-dense","enc-post-attention-dropout","enc-2nd-layernorm","enc-MLP-GEMM-1","enc-MLP-gelu","enc-MLP-GEMM-2","enc-post-MLP-dropout","enc-1st-layernorm","enc-attention-qkv","enc-attention-score","enc-attention-softmax","enc-attention-dropout","enc-attention-context","enc-attention-dense","enc-post-attention-dropout","enc-2nd-layernorm","enc-MLP-GEMM-1","enc-MLP-gelu","enc-MLP-GEMM-2","enc-post-MLP-dropout","enc-1st-layernorm","enc-attention-qkv","enc-attention-score","enc-attention-softmax","enc-attention-dropout","enc-attention-context","enc-attention-dense","enc-post-attention-dropout","enc-2nd-layernorm","enc-MLP-GEMM-1","enc-MLP-gelu","enc-MLP-GEMM-2","enc-post-MLP-dropout","enc-1st-layernorm","enc-attention-qkv","enc-attention-score","enc-attention-softmax","enc-attention-dropout","enc-attention-context","enc-attention-dense","enc-post-attention-dropout","enc-2nd-layernorm","enc-MLP-GEMM-1","enc-MLP-gelu","enc-MLP-GEMM-2","enc-post-MLP-dropout","enc-1st-layernorm","enc-attention-qkv","enc-attention-score","enc-attention-softmax","enc-attention-dropout","enc-attention-context","enc-attention-dense","enc-post-attention-dropout","enc-2nd-layernorm","enc-MLP-GEMM-1","enc-MLP-gelu","enc-MLP-GEMM-2","enc-post-MLP-dropout","enc-1st-layernorm","enc-attention-qkv","enc-attention-score","enc-attention-softmax","enc-attention-dropout","enc-attention-context","enc-attention-dense","enc-post-attention-dropout","enc-2nd-layernorm","enc-MLP-GEMM-1","enc-MLP-gelu","enc-MLP-GEMM-2","enc-post-MLP-dropout","enc-1st-layernorm","enc-attention-qkv","enc-attention-score","enc-attention-softmax","enc-attention-dropout","enc-attention-context","enc-attention-dense","enc-post-attention-dropout","enc-2nd-layernorm","enc-MLP-GEMM-1","enc-MLP-gelu","enc-MLP-GEMM-2","enc-post-MLP-dropout","enc-1st-layernorm","enc-attention-qkv","enc-attention-score","enc-attention-softmax","enc-attention-dropout","enc-attention-context","enc-attention-dense","enc-post-attention-dropout","enc-2nd-layernorm","enc-MLP-GEMM-1","enc-MLP-gelu","enc-MLP-GEMM-2","enc-post-MLP-dropout","enc-1st-layernorm","enc-attention-qkv","enc-attention-score","enc-attention-softmax","enc-attention-dropout","enc-attention-context","enc-attention-dense","enc-post-attention-dropout","enc-2nd-layernorm","enc-MLP-GEMM-1","enc-MLP-gelu","enc-MLP-GEMM-2","enc-post-MLP-dropout","enc-1st-layernorm","enc-attention-qkv","enc-attention-score","enc-attention-softmax","enc-attention-dropout","enc-attention-context","enc-attention-dense","enc-post-attention-dropout","enc-2nd-layernorm","enc-MLP-GEMM-1","enc-MLP-gelu","enc-MLP-GEMM-2","enc-post-MLP-dropout","enc-1st-layernorm","enc-attention-qkv","enc-attention-score","enc-attention-softmax","enc-attention-dropout","enc-attention-context","enc-attention-dense","enc-post-attention-dropout","enc-2nd-layernorm","enc-MLP-GEMM-1","enc-MLP-gelu","enc-MLP-GEMM-2","enc-post-MLP-dropout","enc-1st-layernorm","enc-attention-qkv","enc-attention-score","enc-attention-softmax","enc-attention-dropout","enc-attention-context","enc-attention-dense","enc-post-attention-dropout","enc-2nd-layernorm","enc-MLP-GEMM-1","enc-MLP-gelu","enc-MLP-GEMM-2","enc-post-MLP-dropout","enc-1st-layernorm","enc-attention-qkv","enc-attention-score","enc-attention-softmax","enc-attention-dropout","enc-attention-context","enc-attention-dense","enc-post-attention-dropout","enc-2nd-layernorm","enc-MLP-GEMM-1","enc-MLP-gelu","enc-MLP-GEMM-2","enc-post-MLP-dropout","enc-1st-layernorm","enc-attention-qkv","enc-attention-score","enc-attention-softmax","enc-attention-dropout","enc-attention-context","enc-attention-dense","enc-post-attention-dropout","enc-2nd-layernorm","enc-MLP-GEMM-1","enc-MLP-gelu","enc-MLP-GEMM-2","enc-post-MLP-dropout","enc-1st-layernorm","enc-attention-qkv","enc-attention-score","enc-attention-softmax","enc-attention-dropout","enc-attention-context","enc-attention-dense","enc-post-attention-dropout","enc-2nd-layernorm","enc-MLP-GEMM-1","enc-MLP-gelu","enc-MLP-GEMM-2","enc-post-MLP-dropout","enc-1st-layernorm","enc-attention-qkv","enc-attention-score","enc-attention-softmax","enc-attention-dropout","enc-attention-context","enc-attention-dense","enc-post-attention-dropout","enc-2nd-layernorm","enc-MLP-GEMM-1","enc-MLP-gelu","enc-MLP-GEMM-2","enc-post-MLP-dropout","enc-1st-layernorm","enc-attention-qkv","enc-attention-score","enc-attention-softmax","enc-attention-dropout","enc-attention-context","enc-attention-dense","enc-post-attention-dropout","enc-2nd-layernorm","enc-MLP-GEMM-1","enc-MLP-gelu","enc-MLP-GEMM-2","enc-post-MLP-dropout","enc-1st-layernorm","enc-attention-qkv","enc-attention-score","enc-attention-softmax","enc-attention-dropout","enc-attention-context","enc-attention-dense","enc-post-attention-dropout","enc-2nd-layernorm","enc-MLP-GEMM-1","enc-MLP-gelu","enc-MLP-GEMM-2","enc-post-MLP-dropout","enc-1st-layernorm","enc-attention-qkv","enc-attention-score","enc-attention-softmax","enc-attention-dropout","enc-attention-context","enc-attention-dense","enc-post-attention-dropout","enc-2nd-layernorm","enc-MLP-GEMM-1","enc-MLP-gelu","enc-MLP-GEMM-2","enc-post-MLP-dropout","enc-1st-layernorm","enc-attention-qkv","enc-attention-score","enc-attention-softmax","enc-attention-dropout","enc-attention-context","enc-attention-dense","enc-post-attention-dropout","enc-2nd-layernorm","enc-MLP-GEMM-1","enc-MLP-gelu","enc-MLP-GEMM-2","enc-post-MLP-dropout","enc-1st-layernorm","enc-attention-qkv","enc-attention-score","enc-attention-softmax","enc-attention-dropout","enc-attention-context","enc-attention-dense","enc-post-attention-dropout","enc-2nd-layernorm","enc-MLP-GEMM-1","enc-MLP-gelu","enc-MLP-GEMM-2","enc-post-MLP-dropout","enc-1st-layernorm","enc-attention-qkv","enc-attention-score","enc-attention-softmax","enc-attention-dropout","enc-attention-context","enc-attention-dense","enc-post-attention-dropout","enc-2nd-layernorm","enc-MLP-GEMM-1","enc-MLP-gelu","enc-MLP-GEMM-2","enc-post-MLP-dropout","enc-1st-layernorm","enc-attention-qkv","enc-attention-score","enc-attention-softmax","enc-attention-dropout","enc-attention-context","enc-attention-dense","enc-post-attention-dropout","enc-2nd-layernorm","enc-MLP-GEMM-1","enc-MLP-gelu","enc-MLP-GEMM-2","enc-post-MLP-dropout","enc-1st-layernorm","enc-attention-qkv","enc-attention-score","enc-attention-softmax","enc-attention-dropout","enc-attention-context","enc-attention-dense","enc-post-attention-dropout","enc-2nd-layernorm","enc-MLP-GEMM-1","enc-MLP-gelu","enc-MLP-GEMM-2","enc-post-MLP-dropout","enc-1st-layernorm","enc-attention-qkv","enc-attention-score","enc-attention-softmax","enc-attention-dropout","enc-attention-context","enc-attention-dense","enc-post-attention-dropout","enc-2nd-layernorm","enc-MLP-GEMM-1","enc-MLP-gelu","enc-MLP-GEMM-2","enc-post-MLP-dropout","enc-1st-layernorm","enc-attention-qkv","enc-attention-score","enc-attention-softmax","enc-attention-dropout","enc-attention-context","enc-attention-dense","enc-post-attention-dropout","enc-2nd-layernorm","enc-MLP-GEMM-1","enc-MLP-gelu","enc-MLP-GEMM-2","enc-post-MLP-dropout","enc-1st-layernorm","enc-attention-qkv","enc-attention-score","enc-attention-softmax","enc-attention-dropout","enc-attention-context","enc-attention-dense","enc-post-attention-dropout","enc-2nd-layernorm","enc-MLP-GEMM-1","enc-MLP-gelu","enc-MLP-GEMM-2","enc-post-MLP-dropout","enc-1st-layernorm","enc-attention-qkv","enc-attention-score","enc-attention-softmax","enc-attention-dropout","enc-attention-context","enc-attention-dense","enc-post-attention-dropout","enc-2nd-layernorm","enc-MLP-GEMM-1","enc-MLP-gelu","enc-MLP-GEMM-2","enc-post-MLP-dropout","enc-1st-layernorm","enc-attention-qkv","enc-attention-score","enc-attention-softmax","enc-attention-dropout","enc-attention-context","enc-attention-dense","enc-post-attention-dropout","enc-2nd-layernorm","enc-MLP-GEMM-1","enc-MLP-gelu","enc-MLP-GEMM-2","enc-post-MLP-dropout","enc-1st-layernorm","enc-attention-qkv","enc-attention-score","enc-attention-softmax","enc-attention-dropout","enc-attention-context","enc-attention-dense","enc-post-attention-dropout","enc-2nd-layernorm","enc-MLP-GEMM-1","enc-MLP-gelu","enc-MLP-GEMM-2","enc-post-MLP-dropout","enc-1st-layernorm","enc-attention-qkv","enc-attention-score","enc-attention-softmax","enc-attention-dropout","enc-attention-context","enc-attention-dense","enc-post-attention-dropout","enc-2nd-layernorm","enc-MLP-GEMM-1","enc-MLP-gelu","enc-MLP-GEMM-2","enc-post-MLP-dropout","enc-1st-layernorm","enc-attention-qkv","enc-attention-score","enc-attention-softmax","enc-attention-dropout","enc-attention-context","enc-attention-dense","enc-post-attention-dropout","enc-2nd-layernorm","enc-MLP-GEMM-1","enc-MLP-gelu","enc-MLP-GEMM-2","enc-post-MLP-dropout","enc-1st-layernorm","enc-attention-qkv","enc-attention-score","enc-attention-softmax","enc-attention-dropout","enc-attention-context","enc-attention-dense","enc-post-attention-dropout","enc-2nd-layernorm","enc-MLP-GEMM-1","enc-MLP-gelu","enc-MLP-GEMM-2","enc-post-MLP-dropout","enc-1st-layernorm","enc-attention-qkv","enc-attention-score","enc-attention-softmax","enc-attention-dropout","enc-attention-context","enc-attention-dense","enc-post-attention-dropout","enc-2nd-layernorm","enc-MLP-GEMM-1","enc-MLP-gelu","enc-MLP-GEMM-2","enc-post-MLP-dropout","enc-1st-layernorm","enc-attention-qkv","enc-attention-score","enc-attention-softmax","enc-attention-dropout","enc-attention-context","enc-attention-dense","enc-post-attention-dropout","enc-2nd-layernorm","enc-MLP-GEMM-1","enc-MLP-gelu","enc-MLP-GEMM-2","enc-post-MLP-dropout","enc-1st-layernorm","enc-attention-qkv","enc-attention-score","enc-attention-softmax","enc-attention-dropout","enc-attention-context","enc-attention-dense","enc-post-attention-dropout","enc-2nd-layernorm","enc-MLP-GEMM-1","enc-MLP-gelu","enc-MLP-GEMM-2","enc-post-MLP-dropout","enc-1st-layernorm","enc-attention-qkv","enc-attention-score","enc-attention-softmax","enc-attention-dropout","enc-attention-context","enc-attention-dense","enc-post-attention-dropout","enc-2nd-layernorm","enc-MLP-GEMM-1","enc-MLP-gelu","enc-MLP-GEMM-2","enc-post-MLP-dropout","enc-1st-layernorm","enc-attention-qkv","enc-attention-score","enc-attention-softmax","enc-attention-dropout","enc-attention-context","enc-attention-dense","enc-post-attention-dropout","enc-2nd-layernorm","enc-MLP-GEMM-1","enc-MLP-gelu","enc-MLP-GEMM-2","enc-post-MLP-dropout","enc-1st-layernorm","enc-attention-qkv","enc-attention-score","enc-attention-softmax","enc-attention-dropout","enc-attention-context","enc-attention-dense","enc-post-attention-dropout","enc-2nd-layernorm","enc-MLP-GEMM-1","enc-MLP-gelu","enc-MLP-GEMM-2","enc-post-MLP-dropout","enc-1st-layernorm","enc-attention-qkv","enc-attention-score","enc-attention-softmax","enc-attention-dropout","enc-attention-context","enc-attention-dense","enc-post-attention-dropout","enc-2nd-layernorm","enc-MLP-GEMM-1","enc-MLP-gelu","enc-MLP-GEMM-2","enc-post-MLP-dropout","enc-1st-layernorm","enc-attention-qkv","enc-attention-score","enc-attention-softmax","enc-attention-dropout","enc-attention-context","enc-attention-dense","enc-post-attention-dropout","enc-2nd-layernorm","enc-MLP-GEMM-1","enc-MLP-gelu","enc-MLP-GEMM-2","enc-post-MLP-dropout","enc-1st-layernorm","enc-attention-qkv","enc-attention-score","enc-attention-softmax","enc-attention-dropout","enc-attention-context","enc-attention-dense","enc-post-attention-dropout","enc-2nd-layernorm","enc-MLP-GEMM-1","enc-MLP-gelu","enc-MLP-GEMM-2","enc-post-MLP-dropout","enc-1st-layernorm","enc-attention-qkv","enc-attention-score","enc-attention-softmax","enc-attention-dropout","enc-attention-context","enc-attention-dense","enc-post-attention-dropout","enc-2nd-layernorm","enc-MLP-GEMM-1","enc-MLP-gelu","enc-MLP-GEMM-2","enc-post-MLP-dropout","enc-1st-layernorm","enc-attention-qkv","enc-attention-score","enc-attention-softmax","enc-attention-dropout","enc-attention-context","enc-attention-dense","enc-post-attention-dropout","enc-2nd-layernorm","enc-MLP-GEMM-1","enc-MLP-gelu","enc-MLP-GEMM-2","enc-post-MLP-dropout","enc-1st-layernorm","enc-attention-qkv","enc-attention-score","enc-attention-softmax","enc-attention-dropout","enc-attention-context","enc-attention-dense","enc-post-attention-dropout","enc-2nd-layernorm","enc-MLP-GEMM-1","enc-MLP-gelu","enc-MLP-GEMM-2","enc-post-MLP-dropout","enc-1st-layernorm","enc-attention-qkv","enc-attention-score","enc-attention-softmax","enc-attention-dropout","enc-attention-context","enc-attention-dense","enc-post-attention-dropout","enc-2nd-layernorm","enc-MLP-GEMM-1","enc-MLP-gelu","enc-MLP-GEMM-2","enc-post-MLP-dropout","enc-1st-layernorm","enc-attention-qkv","enc-attention-score","enc-attention-softmax","enc-attention-dropout","enc-attention-context","enc-attention-dense","enc-post-attention-dropout","enc-2nd-layernorm","enc-MLP-GEMM-1","enc-MLP-gelu","enc-MLP-GEMM-2","enc-post-MLP-dropout","enc-1st-layernorm","enc-attention-qkv","enc-attention-score","enc-attention-softmax","enc-attention-dropout","enc-attention-context","enc-attention-dense","enc-post-attention-dropout","enc-2nd-layernorm","enc-MLP-GEMM-1","enc-MLP-gelu","enc-MLP-GEMM-2","enc-post-MLP-dropout","enc-1st-layernorm","enc-attention-qkv","enc-attention-score","enc-attention-softmax","enc-attention-dropout","enc-attention-context","enc-attention-dense","enc-post-attention-dropout","enc-2nd-layernorm","enc-MLP-GEMM-1","enc-MLP-gelu","enc-MLP-GEMM-2","enc-post-MLP-dropout","enc-1st-layernorm","enc-attention-qkv","enc-attention-score","enc-attention-softmax","enc-attention-dropout","enc-attention-context","enc-attention-dense","enc-post-attention-dropout","enc-2nd-layernorm","enc-MLP-GEMM-1","enc-MLP-gelu","enc-MLP-GEMM-2","enc-post-MLP-dropout","enc-1st-layernorm","enc-attention-qkv","enc-attention-score","enc-attention-softmax","enc-attention-dropout","enc-attention-context","enc-attention-dense","enc-post-attention-dropout","enc-2nd-layernorm","enc-MLP-GEMM-1","enc-MLP-gelu","enc-MLP-GEMM-2","enc-post-MLP-dropout","enc-1st-layernorm","enc-attention-qkv","enc-attention-score","enc-attention-softmax","enc-attention-dropout","enc-attention-context","enc-attention-dense","enc-post-attention-dropout","enc-2nd-layernorm","enc-MLP-GEMM-1","enc-MLP-gelu","enc-MLP-GEMM-2","enc-post-MLP-dropout","enc-1st-layernorm","enc-attention-qkv","enc-attention-score","enc-attention-softmax","enc-attention-dropout","enc-attention-context","enc-attention-dense","enc-post-attention-dropout","enc-2nd-layernorm","enc-MLP-GEMM-1","enc-MLP-gelu","enc-MLP-GEMM-2","enc-post-MLP-dropout","enc-1st-layernorm","enc-attention-qkv","enc-attention-score","enc-attention-softmax","enc-attention-dropout","enc-attention-context","enc-attention-dense","enc-post-attention-dropout","enc-2nd-layernorm","enc-MLP-GEMM-1","enc-MLP-gelu","enc-MLP-GEMM-2","enc-post-MLP-dropout","enc-1st-layernorm","enc-attention-qkv","enc-attention-score","enc-attention-softmax","enc-attention-dropout","enc-attention-context","enc-attention-dense","enc-post-attention-dropout","enc-2nd-layernorm","enc-MLP-GEMM-1","enc-MLP-gelu","enc-MLP-GEMM-2","enc-post-MLP-dropout","enc-1st-layernorm","enc-attention-qkv","enc-attention-score","enc-attention-softmax","enc-attention-dropout","enc-attention-context","enc-attention-dense","enc-post-attention-dropout","enc-2nd-layernorm","enc-MLP-GEMM-1","enc-MLP-gelu","enc-MLP-GEMM-2","enc-post-MLP-dropout","enc-1st-layernorm","enc-attention-qkv","enc-attention-score","enc-attention-softmax","enc-attention-dropout","enc-attention-context","enc-attention-dense","enc-post-attention-dropout","enc-2nd-layernorm","enc-MLP-GEMM-1","enc-MLP-gelu","enc-MLP-GEMM-2","enc-post-MLP-dropout","enc-1st-layernorm","enc-attention-qkv","enc-attention-score","enc-attention-softmax","enc-attention-dropout","enc-attention-context","enc-attention-dense","enc-post-attention-dropout","enc-2nd-layernorm","enc-MLP-GEMM-1","enc-MLP-gelu","enc-MLP-GEMM-2","enc-post-MLP-dropout","enc-1st-layernorm","enc-attention-qkv","enc-attention-score","enc-attention-softmax","enc-attention-dropout","enc-attention-context",
[rank 0 recompute ops] enc-attention-score enc-attention-softmax enc-attention-dropout enc-attention-context enc-attention-score enc-attention-softmax enc-attention-dropout enc-attention-context enc-attention-score enc-attention-softmax enc-attention-dropout enc-attention-context enc-attention-score enc-attention-softmax enc-attention-dropout enc-attention-context enc-attention-score enc-attention-softmax enc-attention-dropout enc-attention-context enc-attention-score enc-attention-softmax enc-attention-dropout enc-attention-context enc-attention-score enc-attention-softmax enc-attention-dropout enc-attention-context enc-attention-score enc-attention-softmax enc-attention-dropout enc-attention-context enc-attention-score enc-attention-softmax enc-attention-dropout enc-attention-context enc-attention-score enc-attention-softmax enc-attention-dropout enc-attention-context enc-attention-score enc-attention-softmax enc-attention-dropout enc-attention-context enc-attention-score enc-attention-softmax enc-attention-dropout enc-attention-context enc-attention-score enc-attention-softmax enc-attention-dropout enc-attention-context enc-attention-score enc-attention-softmax enc-attention-dropout enc-attention-context enc-attention-score enc-attention-softmax enc-attention-dropout enc-attention-context enc-attention-score enc-attention-softmax enc-attention-dropout enc-attention-context enc-attention-score enc-attention-softmax enc-attention-dropout enc-attention-context enc-attention-score enc-attention-softmax enc-attention-dropout enc-attention-context enc-attention-score enc-attention-softmax enc-attention-dropout enc-attention-context enc-attention-score enc-attention-softmax enc-attention-dropout enc-attention-context enc-attention-score enc-attention-softmax enc-attention-dropout enc-attention-context enc-attention-score enc-attention-softmax enc-attention-dropout enc-attention-context enc-attention-score enc-attention-softmax enc-attention-dropout enc-attention-context enc-attention-score enc-attention-softmax enc-attention-dropout enc-attention-context enc-attention-score enc-attention-softmax enc-attention-dropout enc-attention-context enc-attention-score enc-attention-softmax enc-attention-dropout enc-attention-context enc-attention-score enc-attention-softmax enc-attention-dropout enc-attention-context enc-attention-score enc-attention-softmax enc-attention-dropout enc-attention-context enc-attention-score enc-attention-softmax enc-attention-dropout enc-attention-context enc-attention-score enc-attention-softmax enc-attention-dropout enc-attention-context enc-attention-score enc-attention-softmax enc-attention-dropout enc-attention-context enc-attention-score enc-attention-softmax enc-attention-dropout enc-attention-context enc-attention-score enc-attention-softmax enc-attention-dropout enc-attention-context enc-attention-score enc-attention-softmax enc-attention-dropout enc-attention-context enc-attention-score enc-attention-softmax enc-attention-dropout enc-attention-context enc-attention-score enc-attention-softmax enc-attention-dropout enc-attention-context enc-attention-score enc-attention-softmax enc-attention-dropout enc-attention-context enc-attention-score enc-attention-softmax enc-attention-dropout enc-attention-context enc-attention-score enc-attention-softmax enc-attention-dropout enc-attention-context enc-attention-score enc-attention-softmax enc-attention-dropout enc-attention-context enc-attention-score enc-attention-softmax enc-attention-dropout enc-attention-context enc-attention-score enc-attention-softmax enc-attention-dropout enc-attention-context enc-attention-score enc-attention-softmax enc-attention-dropout enc-attention-context enc-attention-score enc-attention-softmax enc-attention-dropout enc-attention-context enc-attention-score enc-attention-softmax enc-attention-dropout enc-attention-context enc-attention-score enc-attention-softmax enc-attention-dropout enc-attention-context enc-attention-score enc-attention-softmax enc-attention-dropout enc-attention-context enc-attention-score enc-attention-softmax enc-attention-dropout enc-attention-context enc-attention-score enc-attention-softmax enc-attention-dropout enc-attention-context enc-attention-score enc-attention-softmax enc-attention-dropout enc-attention-context enc-attention-score enc-attention-softmax enc-attention-dropout enc-attention-context enc-attention-score enc-attention-softmax enc-attention-dropout enc-attention-context enc-attention-score enc-attention-softmax enc-attention-dropout enc-attention-context enc-attention-score enc-attention-softmax enc-attention-dropout enc-attention-context enc-attention-score enc-attention-softmax enc-attention-dropout enc-attention-context enc-attention-score enc-attention-softmax enc-attention-dropout enc-attention-context enc-attention-score enc-attention-softmax enc-attention-dropout enc-attention-context enc-attention-score enc-attention-softmax enc-attention-dropout enc-attention-context enc-attention-score enc-attention-softmax enc-attention-dropout enc-attention-context enc-attention-score enc-attention-softmax enc-attention-dropout enc-attention-context enc-attention-dropout enc-attention-context enc-attention-dropout enc-attention-context enc-attention-dropout enc-attention-context 
 > number of parameters on (tensor, pipeline) model parallel rank (0, 0): 223041024
[rank 1 all ops] "encoder-embedding","enc-1st-layernorm","enc-attention-qkv","enc-attention-score","enc-attention-softmax","enc-attention-dropout","enc-attention-context","enc-attention-dense","enc-post-attention-dropout","enc-2nd-layernorm","enc-MLP-GEMM-1","enc-MLP-gelu","enc-MLP-GEMM-2","enc-post-MLP-dropout","enc-1st-layernorm","enc-attention-qkv","enc-attention-score","enc-attention-softmax","enc-attention-dropout","enc-attention-context","enc-attention-dense","enc-post-attention-dropout","enc-2nd-layernorm","enc-MLP-GEMM-1","enc-MLP-gelu","enc-MLP-GEMM-2","enc-post-MLP-dropout","enc-1st-layernorm","enc-attention-qkv","enc-attention-score","enc-attention-softmax","enc-attention-dropout","enc-attention-context","enc-attention-dense","enc-post-attention-dropout","enc-2nd-layernorm","enc-MLP-GEMM-1","enc-MLP-gelu","enc-MLP-GEMM-2","enc-post-MLP-dropout","enc-1st-layernorm","enc-attention-qkv","enc-attention-score","enc-attention-softmax","enc-attention-dropout","enc-attention-context","enc-attention-dense","enc-post-attention-dropout","enc-2nd-layernorm","enc-MLP-GEMM-1","enc-MLP-gelu","enc-MLP-GEMM-2","enc-post-MLP-dropout","enc-1st-layernorm","enc-attention-qkv","enc-attention-score","enc-attention-softmax","enc-attention-dropout","enc-attention-context","enc-attention-dense","enc-post-attention-dropout","enc-2nd-layernorm","enc-MLP-GEMM-1","enc-MLP-gelu","enc-MLP-GEMM-2","enc-post-MLP-dropout","enc-1st-layernorm","enc-attention-qkv","enc-attention-score","enc-attention-softmax","enc-attention-dropout","enc-attention-context","enc-attention-dense","enc-post-attention-dropout","enc-2nd-layernorm","enc-MLP-GEMM-1","enc-MLP-gelu","enc-MLP-GEMM-2","enc-post-MLP-dropout","enc-1st-layernorm","enc-attention-qkv","enc-attention-score","enc-attention-softmax","enc-attention-dropout","enc-attention-context","enc-attention-dense","enc-post-attention-dropout","enc-2nd-layernorm","enc-MLP-GEMM-1","enc-MLP-gelu","enc-MLP-GEMM-2","enc-post-MLP-dropout","enc-1st-layernorm","enc-attention-qkv","enc-attention-score","enc-attention-softmax","enc-attention-dropout","enc-attention-context","enc-attention-dense","enc-post-attention-dropout","enc-2nd-layernorm","enc-MLP-GEMM-1","enc-MLP-gelu","enc-MLP-GEMM-2","enc-post-MLP-dropout","enc-1st-layernorm","enc-attention-qkv","enc-attention-score","enc-attention-softmax","enc-attention-dropout","enc-attention-context","enc-attention-dense","enc-post-attention-dropout","enc-2nd-layernorm","enc-MLP-GEMM-1","enc-MLP-gelu","enc-MLP-GEMM-2","enc-post-MLP-dropout","enc-1st-layernorm","enc-attention-qkv","enc-attention-score","enc-attention-softmax","enc-attention-dropout","enc-attention-context","enc-attention-dense","enc-post-attention-dropout","enc-2nd-layernorm","enc-MLP-GEMM-1","enc-MLP-gelu","enc-MLP-GEMM-2","enc-post-MLP-dropout","enc-1st-layernorm","enc-attention-qkv","enc-attention-score","enc-attention-softmax","enc-attention-dropout","enc-attention-context","enc-attention-dense","enc-post-attention-dropout","enc-2nd-layernorm","enc-MLP-GEMM-1","enc-MLP-gelu","enc-MLP-GEMM-2","enc-post-MLP-dropout","enc-1st-layernorm","enc-attention-qkv","enc-attention-score","enc-attention-softmax","enc-attention-dropout","enc-attention-context","enc-attention-dense","enc-post-attention-dropout","enc-2nd-layernorm","enc-MLP-GEMM-1","enc-MLP-gelu","enc-MLP-GEMM-2","enc-post-MLP-dropout","enc-1st-layernorm","enc-attention-qkv","enc-attention-score","enc-attention-softmax","enc-attention-dropout","enc-attention-context","enc-attention-dense","enc-post-attention-dropout","enc-2nd-layernorm","enc-MLP-GEMM-1","enc-MLP-gelu","enc-MLP-GEMM-2","enc-post-MLP-dropout","enc-1st-layernorm","enc-attention-qkv","enc-attention-score","enc-attention-softmax","enc-attention-dropout","enc-attention-context","enc-attention-dense","enc-post-attention-dropout","enc-2nd-layernorm","enc-MLP-GEMM-1","enc-MLP-gelu","enc-MLP-GEMM-2","enc-post-MLP-dropout","enc-1st-layernorm","enc-attention-qkv","enc-attention-score","enc-attention-softmax","enc-attention-dropout","enc-attention-context","enc-attention-dense","enc-post-attention-dropout","enc-2nd-layernorm","enc-MLP-GEMM-1","enc-MLP-gelu","enc-MLP-GEMM-2","enc-post-MLP-dropout","enc-1st-layernorm","enc-attention-qkv","enc-attention-score","enc-attention-softmax","enc-attention-dropout","enc-attention-context","enc-attention-dense","enc-post-attention-dropout","enc-2nd-layernorm","enc-MLP-GEMM-1","enc-MLP-gelu","enc-MLP-GEMM-2","enc-post-MLP-dropout","enc-1st-layernorm","enc-attention-qkv","enc-attention-score","enc-attention-softmax","enc-attention-dropout","enc-attention-context","enc-attention-dense","enc-post-attention-dropout","enc-2nd-layernorm","enc-MLP-GEMM-1","enc-MLP-gelu","enc-MLP-GEMM-2","enc-post-MLP-dropout","enc-1st-layernorm","enc-attention-qkv","enc-attention-score","enc-attention-softmax","enc-attention-dropout","enc-attention-context","enc-attention-dense","enc-post-attention-dropout","enc-2nd-layernorm","enc-MLP-GEMM-1","enc-MLP-gelu","enc-MLP-GEMM-2","enc-post-MLP-dropout","enc-1st-layernorm","enc-attention-qkv","enc-attention-score","enc-attention-softmax","enc-attention-dropout","enc-attention-context","enc-attention-dense","enc-post-attention-dropout","enc-2nd-layernorm","enc-MLP-GEMM-1","enc-MLP-gelu","enc-MLP-GEMM-2","enc-post-MLP-dropout","enc-1st-layernorm","enc-attention-qkv","enc-attention-score","enc-attention-softmax","enc-attention-dropout","enc-attention-context","enc-attention-dense","enc-post-attention-dropout","enc-2nd-layernorm","enc-MLP-GEMM-1","enc-MLP-gelu","enc-MLP-GEMM-2","enc-post-MLP-dropout","enc-1st-layernorm","enc-attention-qkv","enc-attention-score","enc-attention-softmax","enc-attention-dropout","enc-attention-context","enc-attention-dense","enc-post-attention-dropout","enc-2nd-layernorm","enc-MLP-GEMM-1","enc-MLP-gelu","enc-MLP-GEMM-2","enc-post-MLP-dropout","enc-1st-layernorm","enc-attention-qkv","enc-attention-score","enc-attention-softmax","enc-attention-dropout","enc-attention-context","enc-attention-dense","enc-post-attention-dropout","enc-2nd-layernorm","enc-MLP-GEMM-1","enc-MLP-gelu","enc-MLP-GEMM-2","enc-post-MLP-dropout","enc-1st-layernorm","enc-attention-qkv","enc-attention-score","enc-attention-softmax","enc-attention-dropout","enc-attention-context","enc-attention-dense","enc-post-attention-dropout","enc-2nd-layernorm","enc-MLP-GEMM-1","enc-MLP-gelu","enc-MLP-GEMM-2","enc-post-MLP-dropout","enc-1st-layernorm","enc-attention-qkv","enc-attention-score","enc-attention-softmax","enc-attention-dropout","enc-attention-context","enc-attention-dense","enc-post-attention-dropout","enc-2nd-layernorm","enc-MLP-GEMM-1","enc-MLP-gelu","enc-MLP-GEMM-2","enc-post-MLP-dropout","enc-1st-layernorm","enc-attention-qkv","enc-attention-score","enc-attention-softmax","enc-attention-dropout","enc-attention-context","enc-attention-dense","enc-post-attention-dropout","enc-2nd-layernorm","enc-MLP-GEMM-1","enc-MLP-gelu","enc-MLP-GEMM-2","enc-post-MLP-dropout","enc-1st-layernorm","enc-attention-qkv","enc-attention-score","enc-attention-softmax","enc-attention-dropout","enc-attention-context","enc-attention-dense","enc-post-attention-dropout","enc-2nd-layernorm","enc-MLP-GEMM-1","enc-MLP-gelu","enc-MLP-GEMM-2","enc-post-MLP-dropout","enc-1st-layernorm","enc-attention-qkv","enc-attention-score","enc-attention-softmax","enc-attention-dropout","enc-attention-context","enc-attention-dense","enc-post-attention-dropout","enc-2nd-layernorm","enc-MLP-GEMM-1","enc-MLP-gelu","enc-MLP-GEMM-2","enc-post-MLP-dropout","enc-1st-layernorm","enc-attention-qkv","enc-attention-score","enc-attention-softmax","enc-attention-dropout","enc-attention-context","enc-attention-dense","enc-post-attention-dropout","enc-2nd-layernorm","enc-MLP-GEMM-1","enc-MLP-gelu","enc-MLP-GEMM-2","enc-post-MLP-dropout","enc-1st-layernorm","enc-attention-qkv","enc-attention-score","enc-attention-softmax","enc-attention-dropout","enc-attention-context","enc-attention-dense","enc-post-attention-dropout","enc-2nd-layernorm","enc-MLP-GEMM-1","enc-MLP-gelu","enc-MLP-GEMM-2","enc-post-MLP-dropout","enc-1st-layernorm","enc-attention-qkv","enc-attention-score","enc-attention-softmax","enc-attention-dropout","enc-attention-context","enc-attention-dense","enc-post-attention-dropout","enc-2nd-layernorm","enc-MLP-GEMM-1","enc-MLP-gelu","enc-MLP-GEMM-2","enc-post-MLP-dropout","enc-1st-layernorm","enc-attention-qkv","enc-attention-score","enc-attention-softmax","enc-attention-dropout","enc-attention-context","enc-attention-dense","enc-post-attention-dropout","enc-2nd-layernorm","enc-MLP-GEMM-1","enc-MLP-gelu","enc-MLP-GEMM-2","enc-post-MLP-dropout","enc-1st-layernorm","enc-attention-qkv","enc-attention-score","enc-attention-softmax","enc-attention-dropout","enc-attention-context","enc-attention-dense","enc-post-attention-dropout","enc-2nd-layernorm","enc-MLP-GEMM-1","enc-MLP-gelu","enc-MLP-GEMM-2","enc-post-MLP-dropout","enc-1st-layernorm","enc-attention-qkv","enc-attention-score","enc-attention-softmax","enc-attention-dropout","enc-attention-context","enc-attention-dense","enc-post-attention-dropout","enc-2nd-layernorm","enc-MLP-GEMM-1","enc-MLP-gelu","enc-MLP-GEMM-2","enc-post-MLP-dropout","enc-1st-layernorm","enc-attention-qkv","enc-attention-score","enc-attention-softmax","enc-attention-dropout","enc-attention-context","enc-attention-dense","enc-post-attention-dropout","enc-2nd-layernorm","enc-MLP-GEMM-1","enc-MLP-gelu","enc-MLP-GEMM-2","enc-post-MLP-dropout","enc-1st-layernorm","enc-attention-qkv","enc-attention-score","enc-attention-softmax","enc-attention-dropout","enc-attention-context","enc-attention-dense","enc-post-attention-dropout","enc-2nd-layernorm","enc-MLP-GEMM-1","enc-MLP-gelu","enc-MLP-GEMM-2","enc-post-MLP-dropout","enc-1st-layernorm","enc-attention-qkv","enc-attention-score","enc-attention-softmax","enc-attention-dropout","enc-attention-context","enc-attention-dense","enc-post-attention-dropout","enc-2nd-layernorm","enc-MLP-GEMM-1","enc-MLP-gelu","enc-MLP-GEMM-2","enc-post-MLP-dropout","enc-1st-layernorm","enc-attention-qkv","enc-attention-score","enc-attention-softmax","enc-attention-dropout","enc-attention-context","enc-attention-dense","enc-post-attention-dropout","enc-2nd-layernorm","enc-MLP-GEMM-1","enc-MLP-gelu","enc-MLP-GEMM-2","enc-post-MLP-dropout","enc-1st-layernorm","enc-attention-qkv","enc-attention-score","enc-attention-softmax","enc-attention-dropout","enc-attention-context","enc-attention-dense","enc-post-attention-dropout","enc-2nd-layernorm","enc-MLP-GEMM-1","enc-MLP-gelu","enc-MLP-GEMM-2","enc-post-MLP-dropout","enc-1st-layernorm","enc-attention-qkv","enc-attention-score","enc-attention-softmax","enc-attention-dropout","enc-attention-context","enc-attention-dense","enc-post-attention-dropout","enc-2nd-layernorm","enc-MLP-GEMM-1","enc-MLP-gelu","enc-MLP-GEMM-2","enc-post-MLP-dropout","enc-1st-layernorm","enc-attention-qkv","enc-attention-score","enc-attention-softmax","enc-attention-dropout","enc-attention-context","enc-attention-dense","enc-post-attention-dropout","enc-2nd-layernorm","enc-MLP-GEMM-1","enc-MLP-gelu","enc-MLP-GEMM-2","enc-post-MLP-dropout","enc-1st-layernorm","enc-attention-qkv","enc-attention-score","enc-attention-softmax","enc-attention-dropout","enc-attention-context","enc-attention-dense","enc-post-attention-dropout","enc-2nd-layernorm","enc-MLP-GEMM-1","enc-MLP-gelu","enc-MLP-GEMM-2","enc-post-MLP-dropout","enc-1st-layernorm","enc-attention-qkv","enc-attention-score","enc-attention-softmax","enc-attention-dropout","enc-attention-context","enc-attention-dense","enc-post-attention-dropout","enc-2nd-layernorm","enc-MLP-GEMM-1","enc-MLP-gelu","enc-MLP-GEMM-2","enc-post-MLP-dropout","enc-1st-layernorm","enc-attention-qkv","enc-attention-score","enc-attention-softmax","enc-attention-dropout","enc-attention-context","enc-attention-dense","enc-post-attention-dropout","enc-2nd-layernorm","enc-MLP-GEMM-1","enc-MLP-gelu","enc-MLP-GEMM-2","enc-post-MLP-dropout","enc-1st-layernorm","enc-attention-qkv","enc-attention-score","enc-attention-softmax","enc-attention-dropout","enc-attention-context","enc-attention-dense","enc-post-attention-dropout","enc-2nd-layernorm","enc-MLP-GEMM-1","enc-MLP-gelu","enc-MLP-GEMM-2","enc-post-MLP-dropout","enc-1st-layernorm","enc-attention-qkv","enc-attention-score","enc-attention-softmax","enc-attention-dropout","enc-attention-context","enc-attention-dense","enc-post-attention-dropout","enc-2nd-layernorm","enc-MLP-GEMM-1","enc-MLP-gelu","enc-MLP-GEMM-2","enc-post-MLP-dropout","enc-1st-layernorm","enc-attention-qkv","enc-attention-score","enc-attention-softmax","enc-attention-dropout","enc-attention-context","enc-attention-dense","enc-post-attention-dropout","enc-2nd-layernorm","enc-MLP-GEMM-1","enc-MLP-gelu","enc-MLP-GEMM-2","enc-post-MLP-dropout","enc-1st-layernorm","enc-attention-qkv","enc-attention-score","enc-attention-softmax","enc-attention-dropout","enc-attention-context","enc-attention-dense","enc-post-attention-dropout","enc-2nd-layernorm","enc-MLP-GEMM-1","enc-MLP-gelu","enc-MLP-GEMM-2","enc-post-MLP-dropout","enc-1st-layernorm","enc-attention-qkv","enc-attention-score","enc-attention-softmax","enc-attention-dropout","enc-attention-context","enc-attention-dense","enc-post-attention-dropout","enc-2nd-layernorm","enc-MLP-GEMM-1","enc-MLP-gelu","enc-MLP-GEMM-2","enc-post-MLP-dropout","enc-1st-layernorm","enc-attention-qkv","enc-attention-score","enc-attention-softmax","enc-attention-dropout","enc-attention-context","enc-attention-dense","enc-post-attention-dropout","enc-2nd-layernorm","enc-MLP-GEMM-1","enc-MLP-gelu","enc-MLP-GEMM-2","enc-post-MLP-dropout","enc-1st-layernorm","enc-attention-qkv","enc-attention-score","enc-attention-softmax","enc-attention-dropout","enc-attention-context","enc-attention-dense","enc-post-attention-dropout","enc-2nd-layernorm","enc-MLP-GEMM-1","enc-MLP-gelu","enc-MLP-GEMM-2","enc-post-MLP-dropout","enc-1st-layernorm","enc-attention-qkv","enc-attention-score","enc-attention-softmax","enc-attention-dropout","enc-attention-context","enc-attention-dense","enc-post-attention-dropout","enc-2nd-layernorm","enc-MLP-GEMM-1","enc-MLP-gelu","enc-MLP-GEMM-2","enc-post-MLP-dropout","enc-1st-layernorm","enc-attention-qkv","enc-attention-score","enc-attention-softmax","enc-attention-dropout","enc-attention-context","enc-attention-dense","enc-post-attention-dropout","enc-2nd-layernorm","enc-MLP-GEMM-1","enc-MLP-gelu","enc-MLP-GEMM-2","enc-post-MLP-dropout","enc-1st-layernorm","enc-attention-qkv","enc-attention-score","enc-attention-softmax","enc-attention-dropout","enc-attention-context","enc-attention-dense","enc-post-attention-dropout","enc-2nd-layernorm","enc-MLP-GEMM-1","enc-MLP-gelu","enc-MLP-GEMM-2","enc-post-MLP-dropout","enc-1st-layernorm","enc-attention-qkv","enc-attention-score","enc-attention-softmax","enc-attention-dropout","enc-attention-context","enc-attention-dense","enc-post-attention-dropout","enc-2nd-layernorm","enc-MLP-GEMM-1","enc-MLP-gelu","enc-MLP-GEMM-2","enc-post-MLP-dropout","enc-1st-layernorm","enc-attention-qkv","enc-attention-score","enc-attention-softmax","enc-attention-dropout","enc-attention-context","enc-attention-dense","enc-post-attention-dropout","enc-2nd-layernorm","enc-MLP-GEMM-1","enc-MLP-gelu","enc-MLP-GEMM-2","enc-post-MLP-dropout","enc-1st-layernorm","enc-attention-qkv","enc-attention-score","enc-attention-softmax","enc-attention-dropout","enc-attention-context","enc-attention-dense","enc-post-attention-dropout","enc-2nd-layernorm","enc-MLP-GEMM-1","enc-MLP-gelu","enc-MLP-GEMM-2","enc-post-MLP-dropout","enc-1st-layernorm","enc-attention-qkv","enc-attention-score","enc-attention-softmax","enc-attention-dropout","enc-attention-context","enc-attention-dense","enc-post-attention-dropout","enc-2nd-layernorm","enc-MLP-GEMM-1","enc-MLP-gelu","enc-MLP-GEMM-2","enc-post-MLP-dropout","enc-1st-layernorm","enc-attention-qkv","enc-attention-score","enc-attention-softmax","enc-attention-dropout","enc-attention-context","enc-attention-dense","enc-post-attention-dropout","enc-2nd-layernorm","enc-MLP-GEMM-1","enc-MLP-gelu","enc-MLP-GEMM-2","enc-post-MLP-dropout","enc-1st-layernorm","enc-attention-qkv","enc-attention-score","enc-attention-softmax","enc-attention-dropout","enc-attention-context","enc-attention-dense","enc-post-attention-dropout","enc-2nd-layernorm","enc-MLP-GEMM-1","enc-MLP-gelu","enc-MLP-GEMM-2","enc-post-MLP-dropout","enc-1st-layernorm","enc-attention-qkv","enc-attention-score","enc-attention-softmax","enc-attention-dropout","enc-attention-context","enc-attention-dense","enc-post-attention-dropout","enc-2nd-layernorm","enc-MLP-GEMM-1","enc-MLP-gelu","enc-MLP-GEMM-2","enc-post-MLP-dropout","enc-1st-layernorm","enc-attention-qkv","enc-attention-score","enc-attention-softmax","enc-attention-dropout","enc-attention-context","enc-attention-dense","enc-post-attention-dropout","enc-2nd-layernorm","enc-MLP-GEMM-1","enc-MLP-gelu","enc-MLP-GEMM-2","enc-post-MLP-dropout","enc-1st-layernorm","enc-attention-qkv","enc-attention-score","enc-attention-softmax","enc-attention-dropout","enc-attention-context","enc-attention-dense","enc-post-attention-dropout","enc-2nd-layernorm","enc-MLP-GEMM-1","enc-MLP-gelu","enc-MLP-GEMM-2","enc-post-MLP-dropout","enc-1st-layernorm","enc-attention-qkv","enc-attention-score","enc-attention-softmax","enc-attention-dropout","enc-attention-context",
[rank 1 recompute ops] enc-attention-score enc-attention-softmax enc-attention-dropout enc-attention-context enc-attention-score enc-attention-softmax enc-attention-dropout enc-attention-context enc-attention-score enc-attention-softmax enc-attention-dropout enc-attention-context enc-attention-score enc-attention-softmax enc-attention-dropout enc-attention-context enc-attention-score enc-attention-softmax enc-attention-dropout enc-attention-context enc-attention-score enc-attention-softmax enc-attention-dropout enc-attention-context enc-attention-score enc-attention-softmax enc-attention-dropout enc-attention-context enc-attention-score enc-attention-softmax enc-attention-dropout enc-attention-context enc-attention-score enc-attention-softmax enc-attention-dropout enc-attention-context enc-attention-score enc-attention-softmax enc-attention-dropout enc-attention-context enc-attention-score enc-attention-softmax enc-attention-dropout enc-attention-context enc-attention-score enc-attention-softmax enc-attention-dropout enc-attention-context enc-attention-score enc-attention-softmax enc-attention-dropout enc-attention-context enc-attention-score enc-attention-softmax enc-attention-dropout enc-attention-context enc-attention-score enc-attention-softmax enc-attention-dropout enc-attention-context enc-attention-score enc-attention-softmax enc-attention-dropout enc-attention-context enc-attention-score enc-attention-softmax enc-attention-dropout enc-attention-context enc-attention-score enc-attention-softmax enc-attention-dropout enc-attention-context enc-attention-score enc-attention-softmax enc-attention-dropout enc-attention-context enc-attention-score enc-attention-softmax enc-attention-dropout enc-attention-context enc-attention-score enc-attention-softmax enc-attention-dropout enc-attention-context enc-attention-score enc-attention-softmax enc-attention-dropout enc-attention-context enc-attention-score enc-attention-softmax enc-attention-dropout enc-attention-context enc-attention-score enc-attention-softmax enc-attention-dropout enc-attention-context enc-attention-score enc-attention-softmax enc-attention-dropout enc-attention-context enc-attention-score enc-attention-softmax enc-attention-dropout enc-attention-context enc-attention-score enc-attention-softmax enc-attention-dropout enc-attention-context enc-attention-score enc-attention-softmax enc-attention-dropout enc-attention-context enc-attention-score enc-attention-softmax enc-attention-dropout enc-attention-context enc-attention-score enc-attention-softmax enc-attention-dropout enc-attention-context enc-attention-score enc-attention-softmax enc-attention-dropout enc-attention-context enc-attention-score enc-attention-softmax enc-attention-dropout enc-attention-context enc-attention-score enc-attention-softmax enc-attention-dropout enc-attention-context enc-attention-score enc-attention-softmax enc-attention-dropout enc-attention-context enc-attention-score enc-attention-softmax enc-attention-dropout enc-attention-context enc-attention-score enc-attention-softmax enc-attention-dropout enc-attention-context enc-attention-score enc-attention-softmax enc-attention-dropout enc-attention-context enc-attention-score enc-attention-softmax enc-attention-dropout enc-attention-context enc-attention-score enc-attention-softmax enc-attention-dropout enc-attention-context enc-attention-score enc-attention-softmax enc-attention-dropout enc-attention-context enc-attention-score enc-attention-softmax enc-attention-dropout enc-attention-context enc-attention-score enc-attention-softmax enc-attention-dropout enc-attention-context enc-attention-score enc-attention-softmax enc-attention-dropout enc-attention-context enc-attention-score enc-attention-softmax enc-attention-dropout enc-attention-context enc-attention-score enc-attention-softmax enc-attention-dropout enc-attention-context enc-attention-score enc-attention-softmax enc-attention-dropout enc-attention-context enc-attention-score enc-attention-softmax enc-attention-dropout enc-attention-context enc-attention-score enc-attention-softmax enc-attention-dropout enc-attention-context enc-attention-score enc-attention-softmax enc-attention-dropout enc-attention-context enc-attention-score enc-attention-softmax enc-attention-dropout enc-attention-context enc-attention-score enc-attention-softmax enc-attention-dropout enc-attention-context enc-attention-score enc-attention-softmax enc-attention-dropout enc-attention-context enc-attention-score enc-attention-softmax enc-attention-dropout enc-attention-context enc-attention-score enc-attention-softmax enc-attention-dropout enc-attention-context enc-attention-score enc-attention-softmax enc-attention-dropout enc-attention-context enc-attention-score enc-attention-softmax enc-attention-dropout enc-attention-context enc-attention-score enc-attention-softmax enc-attention-dropout enc-attention-context enc-attention-score enc-attention-softmax enc-attention-dropout enc-attention-context enc-attention-score enc-attention-softmax enc-attention-dropout enc-attention-context enc-attention-score enc-attention-softmax enc-attention-dropout enc-attention-context enc-attention-dropout enc-attention-context enc-attention-dropout enc-attention-context enc-attention-dropout enc-attention-context 
[rank 5 all ops] "enc-post-attention-dropout","enc-2nd-layernorm","enc-MLP-GEMM-1","enc-MLP-gelu","enc-MLP-GEMM-2","enc-post-MLP-dropout","enc-1st-layernorm","enc-attention-qkv","enc-attention-score","enc-attention-softmax","enc-attention-dropout","enc-attention-context","enc-attention-dense","enc-post-attention-dropout","enc-2nd-layernorm","enc-MLP-GEMM-1","enc-MLP-gelu","enc-MLP-GEMM-2","enc-post-MLP-dropout","enc-1st-layernorm","enc-attention-qkv","enc-attention-score","enc-attention-softmax","enc-attention-dropout","enc-attention-context","enc-attention-dense","enc-post-attention-dropout","enc-2nd-layernorm","enc-MLP-GEMM-1","enc-MLP-gelu","enc-MLP-GEMM-2","enc-post-MLP-dropout","enc-1st-layernorm","enc-attention-qkv","enc-attention-score","enc-attention-softmax","enc-attention-dropout","enc-attention-context","enc-attention-dense","enc-post-attention-dropout","enc-2nd-layernorm","enc-MLP-GEMM-1","enc-MLP-gelu","enc-MLP-GEMM-2","enc-post-MLP-dropout","enc-1st-layernorm","enc-attention-qkv","enc-attention-score","enc-attention-softmax","enc-attention-dropout","enc-attention-context","enc-attention-dense","enc-post-attention-dropout","enc-2nd-layernorm","enc-MLP-GEMM-1","enc-MLP-gelu","enc-MLP-GEMM-2","enc-post-MLP-dropout","enc-1st-layernorm","enc-attention-qkv","enc-attention-score","enc-attention-softmax","enc-attention-dropout","enc-attention-context","enc-attention-dense","enc-post-attention-dropout","enc-2nd-layernorm","enc-MLP-GEMM-1","enc-MLP-gelu","enc-MLP-GEMM-2","enc-post-MLP-dropout","enc-1st-layernorm","enc-attention-qkv","enc-attention-score","enc-attention-softmax","enc-attention-dropout","enc-attention-context","enc-attention-dense","enc-post-attention-dropout","enc-2nd-layernorm","enc-MLP-GEMM-1","enc-MLP-gelu","enc-MLP-GEMM-2","enc-post-MLP-dropout","enc-1st-layernorm","enc-attention-qkv","enc-attention-score","enc-attention-softmax","enc-attention-dropout","enc-attention-context","enc-attention-dense","enc-post-attention-dropout","enc-2nd-layernorm","enc-MLP-GEMM-1","enc-MLP-gelu","enc-MLP-GEMM-2","enc-post-MLP-dropout","enc-1st-layernorm","enc-attention-qkv","enc-attention-score","enc-attention-softmax","enc-attention-dropout","enc-attention-context","enc-attention-dense","enc-post-attention-dropout","enc-2nd-layernorm","enc-MLP-GEMM-1","enc-MLP-gelu","enc-MLP-GEMM-2","enc-post-MLP-dropout","enc-1st-layernorm","enc-attention-qkv","enc-attention-score","enc-attention-softmax","enc-attention-dropout","enc-attention-context","enc-attention-dense","enc-post-attention-dropout","enc-2nd-layernorm","enc-MLP-GEMM-1","enc-MLP-gelu","enc-MLP-GEMM-2","enc-post-MLP-dropout","enc-1st-layernorm","enc-attention-qkv","enc-attention-score","enc-attention-softmax","enc-attention-dropout","enc-attention-context","enc-attention-dense","enc-post-attention-dropout","enc-2nd-layernorm","enc-MLP-GEMM-1","enc-MLP-gelu","enc-MLP-GEMM-2","enc-post-MLP-dropout","enc-1st-layernorm","enc-attention-qkv","enc-attention-score","enc-attention-softmax","enc-attention-dropout","enc-attention-context","enc-attention-dense","enc-post-attention-dropout","enc-2nd-layernorm","enc-MLP-GEMM-1","enc-MLP-gelu","enc-MLP-GEMM-2","enc-post-MLP-dropout","enc-1st-layernorm","enc-attention-qkv","enc-attention-score","enc-attention-softmax","enc-attention-dropout","enc-attention-context","enc-attention-dense","enc-post-attention-dropout","enc-2nd-layernorm","enc-MLP-GEMM-1","enc-MLP-gelu","enc-MLP-GEMM-2","enc-post-MLP-dropout","enc-1st-layernorm","enc-attention-qkv","enc-attention-score","enc-attention-softmax","enc-attention-dropout","enc-attention-context","enc-attention-dense","enc-post-attention-dropout","enc-2nd-layernorm","enc-MLP-GEMM-1","enc-MLP-gelu","enc-MLP-GEMM-2","enc-post-MLP-dropout","enc-1st-layernorm","enc-attention-qkv","enc-attention-score","enc-attention-softmax","enc-attention-dropout","enc-attention-context","enc-attention-dense","enc-post-attention-dropout","enc-2nd-layernorm","enc-MLP-GEMM-1","enc-MLP-gelu","enc-MLP-GEMM-2","enc-post-MLP-dropout","enc-1st-layernorm","enc-attention-qkv","enc-attention-score","enc-attention-softmax","enc-attention-dropout","enc-attention-context","enc-attention-dense","enc-post-attention-dropout","enc-2nd-layernorm","enc-MLP-GEMM-1","enc-MLP-gelu","enc-MLP-GEMM-2","enc-post-MLP-dropout","enc-1st-layernorm","enc-attention-qkv","enc-attention-score","enc-attention-softmax","enc-attention-dropout","enc-attention-context","enc-attention-dense","enc-post-attention-dropout","enc-2nd-layernorm","enc-MLP-GEMM-1","enc-MLP-gelu","enc-MLP-GEMM-2","enc-post-MLP-dropout","enc-1st-layernorm","enc-attention-qkv","enc-attention-score","enc-attention-softmax","enc-attention-dropout","enc-attention-context","enc-attention-dense","enc-post-attention-dropout","enc-2nd-layernorm","enc-MLP-GEMM-1","enc-MLP-gelu","enc-MLP-GEMM-2","enc-post-MLP-dropout","enc-1st-layernorm","enc-attention-qkv","enc-attention-score","enc-attention-softmax","enc-attention-dropout","enc-attention-context","enc-attention-dense","enc-post-attention-dropout","enc-2nd-layernorm","enc-MLP-GEMM-1","enc-MLP-gelu","enc-MLP-GEMM-2","enc-post-MLP-dropout","enc-1st-layernorm","enc-attention-qkv","enc-attention-score","enc-attention-softmax","enc-attention-dropout","enc-attention-context","enc-attention-dense","enc-post-attention-dropout","enc-2nd-layernorm","enc-MLP-GEMM-1","enc-MLP-gelu","enc-MLP-GEMM-2","enc-post-MLP-dropout","enc-1st-layernorm","enc-attention-qkv","enc-attention-score","enc-attention-softmax","enc-attention-dropout","enc-attention-context","enc-attention-dense","enc-post-attention-dropout","enc-2nd-layernorm","enc-MLP-GEMM-1","enc-MLP-gelu","enc-MLP-GEMM-2","enc-post-MLP-dropout","enc-1st-layernorm","enc-attention-qkv","enc-attention-score","enc-attention-softmax","enc-attention-dropout","enc-attention-context","enc-attention-dense","enc-post-attention-dropout","enc-2nd-layernorm","enc-MLP-GEMM-1","enc-MLP-gelu","enc-MLP-GEMM-2","enc-post-MLP-dropout","enc-1st-layernorm","enc-attention-qkv","enc-attention-score","enc-attention-softmax","enc-attention-dropout","enc-attention-context","enc-attention-dense","enc-post-attention-dropout","enc-2nd-layernorm","enc-MLP-GEMM-1","enc-MLP-gelu","enc-MLP-GEMM-2","enc-post-MLP-dropout","enc-1st-layernorm","enc-attention-qkv","enc-attention-score","enc-attention-softmax","enc-attention-dropout","enc-attention-context","enc-attention-dense","enc-post-attention-dropout","enc-2nd-layernorm","enc-MLP-GEMM-1","enc-MLP-gelu","enc-MLP-GEMM-2","enc-post-MLP-dropout","enc-1st-layernorm","enc-attention-qkv","enc-attention-score","enc-attention-softmax","enc-attention-dropout","enc-attention-context","enc-attention-dense","enc-post-attention-dropout","enc-2nd-layernorm","enc-MLP-GEMM-1","enc-MLP-gelu","enc-MLP-GEMM-2","enc-post-MLP-dropout","enc-1st-layernorm","enc-attention-qkv","enc-attention-score","enc-attention-softmax","enc-attention-dropout","enc-attention-context","enc-attention-dense","enc-post-attention-dropout","enc-2nd-layernorm","enc-MLP-GEMM-1","enc-MLP-gelu","enc-MLP-GEMM-2","enc-post-MLP-dropout","enc-1st-layernorm","enc-attention-qkv","enc-attention-score","enc-attention-softmax","enc-attention-dropout","enc-attention-context","enc-attention-dense","enc-post-attention-dropout","enc-2nd-layernorm","enc-MLP-GEMM-1","enc-MLP-gelu","enc-MLP-GEMM-2","enc-post-MLP-dropout","enc-1st-layernorm","enc-attention-qkv","enc-attention-score","enc-attention-softmax","enc-attention-dropout","enc-attention-context","enc-attention-dense","enc-post-attention-dropout","enc-2nd-layernorm","enc-MLP-GEMM-1","enc-MLP-gelu","enc-MLP-GEMM-2","enc-post-MLP-dropout","enc-1st-layernorm","enc-attention-qkv","enc-attention-score","enc-attention-softmax","enc-attention-dropout","enc-attention-context","enc-attention-dense","enc-post-attention-dropout","enc-2nd-layernorm","enc-MLP-GEMM-1","enc-MLP-gelu","enc-MLP-GEMM-2","enc-post-MLP-dropout","enc-1st-layernorm","enc-attention-qkv","enc-attention-score","enc-attention-softmax","enc-attention-dropout","enc-attention-context","enc-attention-dense","enc-post-attention-dropout","enc-2nd-layernorm","enc-MLP-GEMM-1","enc-MLP-gelu","enc-MLP-GEMM-2","enc-post-MLP-dropout","enc-1st-layernorm","enc-attention-qkv","enc-attention-score","enc-attention-softmax","enc-attention-dropout","enc-attention-context","enc-attention-dense","enc-post-attention-dropout","enc-2nd-layernorm","enc-MLP-GEMM-1","enc-MLP-gelu","enc-MLP-GEMM-2","enc-post-MLP-dropout","enc-1st-layernorm","enc-attention-qkv","enc-attention-score","enc-attention-softmax","enc-attention-dropout","enc-attention-context","enc-attention-dense","enc-post-attention-dropout","enc-2nd-layernorm","enc-MLP-GEMM-1","enc-MLP-gelu","enc-MLP-GEMM-2","enc-post-MLP-dropout","enc-1st-layernorm","enc-attention-qkv","enc-attention-score","enc-attention-softmax","enc-attention-dropout","enc-attention-context","enc-attention-dense","enc-post-attention-dropout","enc-2nd-layernorm","enc-MLP-GEMM-1","enc-MLP-gelu","enc-MLP-GEMM-2","enc-post-MLP-dropout","enc-1st-layernorm","enc-attention-qkv","enc-attention-score","enc-attention-softmax","enc-attention-dropout","enc-attention-context","enc-attention-dense","enc-post-attention-dropout","enc-2nd-layernorm","enc-MLP-GEMM-1","enc-MLP-gelu","enc-MLP-GEMM-2","enc-post-MLP-dropout","enc-1st-layernorm","enc-attention-qkv","enc-attention-score","enc-attention-softmax","enc-attention-dropout","enc-attention-context","enc-attention-dense","enc-post-attention-dropout","enc-2nd-layernorm","enc-MLP-GEMM-1","enc-MLP-gelu","enc-MLP-GEMM-2","enc-post-MLP-dropout","enc-1st-layernorm","enc-attention-qkv","enc-attention-score","enc-attention-softmax","enc-attention-dropout","enc-attention-context","enc-attention-dense","enc-post-attention-dropout","enc-2nd-layernorm","enc-MLP-GEMM-1","enc-MLP-gelu","enc-MLP-GEMM-2","enc-post-MLP-dropout","enc-1st-layernorm","enc-attention-qkv","enc-attention-score","enc-attention-softmax","enc-attention-dropout","enc-attention-context","enc-attention-dense","enc-post-attention-dropout","enc-2nd-layernorm","enc-MLP-GEMM-1","enc-MLP-gelu","enc-MLP-GEMM-2","enc-post-MLP-dropout","enc-1st-layernorm","enc-attention-qkv","enc-attention-score","enc-attention-softmax","enc-attention-dropout","enc-attention-context","enc-attention-dense","enc-post-attention-dropout","enc-2nd-layernorm","enc-MLP-GEMM-1","enc-MLP-gelu","enc-MLP-GEMM-2","enc-post-MLP-dropout","enc-1st-layernorm","enc-attention-qkv","enc-attention-score","enc-attention-softmax","enc-attention-dropout","enc-attention-context","enc-attention-dense","enc-post-attention-dropout","enc-2nd-layernorm","enc-MLP-GEMM-1","enc-MLP-gelu","enc-MLP-GEMM-2","enc-post-MLP-dropout","enc-1st-layernorm","enc-attention-qkv","enc-attention-score","enc-attention-softmax","enc-attention-dropout","enc-attention-context","enc-attention-dense","enc-post-attention-dropout","enc-2nd-layernorm","enc-MLP-GEMM-1","enc-MLP-gelu","enc-MLP-GEMM-2","enc-post-MLP-dropout","enc-1st-layernorm","enc-attention-qkv","enc-attention-score","enc-attention-softmax","enc-attention-dropout","enc-attention-context","enc-attention-dense","enc-post-attention-dropout","enc-2nd-layernorm","enc-MLP-GEMM-1","enc-MLP-gelu","enc-MLP-GEMM-2","enc-post-MLP-dropout","enc-1st-layernorm","enc-attention-qkv","enc-attention-score","enc-attention-softmax","enc-attention-dropout","enc-attention-context","enc-attention-dense","enc-post-attention-dropout","enc-2nd-layernorm","enc-MLP-GEMM-1","enc-MLP-gelu","enc-MLP-GEMM-2","enc-post-MLP-dropout","enc-1st-layernorm","enc-attention-qkv","enc-attention-score","enc-attention-softmax","enc-attention-dropout","enc-attention-context","enc-attention-dense","enc-post-attention-dropout","enc-2nd-layernorm","enc-MLP-GEMM-1","enc-MLP-gelu","enc-MLP-GEMM-2","enc-post-MLP-dropout","enc-1st-layernorm","enc-attention-qkv","enc-attention-score","enc-attention-softmax","enc-attention-dropout","enc-attention-context","enc-attention-dense","enc-post-attention-dropout","enc-2nd-layernorm","enc-MLP-GEMM-1","enc-MLP-gelu","enc-MLP-GEMM-2","enc-post-MLP-dropout","enc-1st-layernorm","enc-attention-qkv","enc-attention-score","enc-attention-softmax","enc-attention-dropout","enc-attention-context","enc-attention-dense","enc-post-attention-dropout","enc-2nd-layernorm","enc-MLP-GEMM-1","enc-MLP-gelu","enc-MLP-GEMM-2","enc-post-MLP-dropout","enc-1st-layernorm","enc-attention-qkv","enc-attention-score","enc-attention-softmax","enc-attention-dropout","enc-attention-context","enc-attention-dense","enc-post-attention-dropout","enc-2nd-layernorm","enc-MLP-GEMM-1","enc-MLP-gelu","enc-MLP-GEMM-2","enc-post-MLP-dropout","enc-1st-layernorm","enc-attention-qkv","enc-attention-score","enc-attention-softmax","enc-attention-dropout","enc-attention-context","enc-attention-dense","enc-post-attention-dropout","enc-2nd-layernorm","enc-MLP-GEMM-1","enc-MLP-gelu","enc-MLP-GEMM-2","enc-post-MLP-dropout","enc-1st-layernorm","enc-attention-qkv","enc-attention-score","enc-attention-softmax","enc-attention-dropout","enc-attention-context","enc-attention-dense","enc-post-attention-dropout","enc-2nd-layernorm","enc-MLP-GEMM-1","enc-MLP-gelu","enc-MLP-GEMM-2","enc-post-MLP-dropout","enc-1st-layernorm","enc-attention-qkv","enc-attention-score","enc-attention-softmax","enc-attention-dropout","enc-attention-context","enc-attention-dense","enc-post-attention-dropout","enc-2nd-layernorm","enc-MLP-GEMM-1","enc-MLP-gelu","enc-MLP-GEMM-2","enc-post-MLP-dropout","enc-1st-layernorm","enc-attention-qkv","enc-attention-score","enc-attention-softmax","enc-attention-dropout","enc-attention-context","enc-attention-dense","enc-post-attention-dropout","enc-2nd-layernorm","enc-MLP-GEMM-1","enc-MLP-gelu","enc-MLP-GEMM-2","enc-post-MLP-dropout","enc-1st-layernorm","enc-attention-qkv","enc-attention-score","enc-attention-softmax","enc-attention-dropout","enc-attention-context","enc-attention-dense","enc-post-attention-dropout","enc-2nd-layernorm","enc-MLP-GEMM-1","enc-MLP-gelu","enc-MLP-GEMM-2","enc-post-MLP-dropout","enc-1st-layernorm","enc-attention-qkv","enc-attention-score","enc-attention-softmax","enc-attention-dropout","enc-attention-context","enc-attention-dense","enc-post-attention-dropout","enc-2nd-layernorm","enc-MLP-GEMM-1","enc-MLP-gelu","enc-MLP-GEMM-2","enc-post-MLP-dropout","enc-1st-layernorm","enc-attention-qkv","enc-attention-score","enc-attention-softmax","enc-attention-dropout","enc-attention-context","enc-attention-dense","enc-post-attention-dropout","enc-2nd-layernorm","enc-MLP-GEMM-1","enc-MLP-gelu","enc-MLP-GEMM-2","enc-post-MLP-dropout","enc-1st-layernorm","enc-attention-qkv","enc-attention-score","enc-attention-softmax","enc-attention-dropout","enc-attention-context","enc-attention-dense","enc-post-attention-dropout","enc-2nd-layernorm","enc-MLP-GEMM-1","enc-MLP-gelu","enc-MLP-GEMM-2","enc-post-MLP-dropout","enc-1st-layernorm","enc-attention-qkv","enc-attention-score","enc-attention-softmax","enc-attention-dropout","enc-attention-context","enc-attention-dense","enc-post-attention-dropout","enc-2nd-layernorm","enc-MLP-GEMM-1","enc-MLP-gelu","enc-MLP-GEMM-2","enc-post-MLP-dropout","enc-1st-layernorm","enc-attention-qkv","enc-attention-score","enc-attention-softmax","enc-attention-dropout","enc-attention-context","enc-attention-dense","enc-post-attention-dropout","enc-2nd-layernorm","enc-MLP-GEMM-1","enc-MLP-gelu","enc-MLP-GEMM-2","enc-post-MLP-dropout","enc-1st-layernorm","enc-attention-qkv","enc-attention-score","enc-attention-softmax","enc-attention-dropout","enc-attention-context","enc-attention-dense","enc-post-attention-dropout","enc-2nd-layernorm","enc-MLP-GEMM-1","enc-MLP-gelu","enc-MLP-GEMM-2","enc-post-MLP-dropout","enc-1st-layernorm","enc-attention-qkv","enc-attention-score","enc-attention-softmax","enc-attention-dropout","enc-attention-context","enc-attention-dense","enc-post-attention-dropout","enc-2nd-layernorm","enc-MLP-GEMM-1","enc-MLP-gelu","enc-MLP-GEMM-2","enc-post-MLP-dropout","enc-1st-layernorm","enc-attention-qkv","enc-attention-score","enc-attention-softmax","enc-attention-dropout","enc-attention-context","enc-attention-dense","enc-post-attention-dropout","enc-2nd-layernorm","enc-MLP-GEMM-1","enc-MLP-gelu","enc-MLP-GEMM-2","enc-post-MLP-dropout","enc-1st-layernorm","enc-attention-qkv","enc-attention-score","enc-attention-softmax","enc-attention-dropout","enc-attention-context","enc-attention-dense","enc-post-attention-dropout","enc-2nd-layernorm","enc-MLP-GEMM-1","enc-MLP-gelu","enc-MLP-GEMM-2","enc-post-MLP-dropout","enc-1st-layernorm","enc-attention-qkv","enc-attention-score","enc-attention-softmax","enc-attention-dropout","enc-attention-context","enc-attention-dense","enc-post-attention-dropout","enc-2nd-layernorm","enc-MLP-GEMM-1","enc-MLP-gelu","enc-MLP-GEMM-2","enc-post-MLP-dropout","enc-1st-layernorm","enc-attention-qkv","enc-attention-score","enc-attention-softmax","enc-attention-dropout","enc-attention-context","enc-attention-dense","enc-post-attention-dropout","enc-2nd-layernorm","enc-MLP-GEMM-1","enc-MLP-gelu","enc-MLP-GEMM-2","enc-post-MLP-dropout","enc-1st-layernorm","enc-attention-qkv","enc-attention-score","enc-attention-softmax","enc-attention-dropout","enc-attention-context","enc-attention-dense","enc-post-attention-dropout","enc-2nd-layernorm","enc-MLP-GEMM-1","enc-MLP-gelu","enc-MLP-GEMM-2","enc-post-MLP-dropout","enc-1st-layernorm","enc-attention-qkv","enc-attention-score","enc-attention-softmax","enc-attention-dropout","enc-attention-context","enc-attention-dense","enc-post-attention-dropout","enc-2nd-layernorm","enc-MLP-GEMM-1","enc-MLP-gelu","enc-MLP-GEMM-2","enc-post-MLP-dropout","enc-1st-layernorm","enc-attention-qkv","enc-attention-score","enc-attention-softmax","enc-attention-dropout","enc-attention-context","enc-attention-dense","enc-post-attention-dropout","enc-2nd-layernorm","enc-MLP-GEMM-1","enc-MLP-gelu","enc-MLP-GEMM-2","enc-post-MLP-dropout","enc-1st-layernorm","enc-attention-qkv","enc-attention-score","enc-attention-softmax",
[rank 5 recompute ops] enc-MLP-GEMM-1 enc-MLP-gelu enc-attention-score enc-attention-softmax enc-attention-dropout enc-attention-context enc-attention-score enc-attention-softmax enc-attention-dropout enc-attention-context enc-attention-score enc-attention-softmax enc-attention-dropout enc-attention-context enc-attention-score enc-attention-softmax enc-attention-dropout enc-attention-context enc-attention-score enc-attention-softmax enc-attention-dropout enc-attention-context enc-attention-score enc-attention-softmax enc-attention-dropout enc-attention-context enc-attention-score enc-attention-softmax enc-attention-dropout enc-attention-context enc-attention-score enc-attention-softmax enc-attention-dropout enc-attention-context enc-attention-score enc-attention-softmax enc-attention-dropout enc-attention-context enc-attention-score enc-attention-softmax enc-attention-dropout enc-attention-context enc-attention-score enc-attention-softmax enc-attention-dropout enc-attention-context enc-attention-score enc-attention-softmax enc-attention-dropout enc-attention-context enc-attention-score enc-attention-softmax enc-attention-dropout enc-attention-context enc-attention-score enc-attention-softmax enc-attention-dropout enc-attention-context enc-attention-score enc-attention-softmax enc-attention-dropout enc-attention-context enc-attention-score enc-attention-softmax enc-attention-dropout enc-attention-context enc-attention-score enc-attention-softmax enc-attention-dropout enc-attention-context enc-attention-score enc-attention-softmax enc-attention-dropout enc-attention-context enc-attention-score enc-attention-softmax enc-attention-dropout enc-attention-context enc-attention-score enc-attention-softmax enc-attention-dropout enc-attention-context enc-attention-score enc-attention-softmax enc-attention-dropout enc-attention-context enc-attention-score enc-attention-softmax enc-attention-dropout enc-attention-context enc-attention-dropout enc-attention-context enc-attention-dropout enc-attention-context enc-attention-dropout enc-attention-context enc-attention-dropout enc-attention-context enc-attention-dropout enc-attention-context enc-attention-dropout enc-attention-context enc-attention-dropout enc-attention-context enc-attention-dropout enc-attention-context enc-attention-dropout enc-attention-context enc-attention-dropout enc-attention-context enc-attention-dropout enc-attention-context enc-attention-dropout enc-attention-context enc-attention-dropout enc-attention-context enc-attention-dropout enc-attention-context enc-attention-dropout enc-attention-context enc-attention-dropout enc-attention-context enc-attention-dropout enc-attention-context enc-attention-dropout enc-attention-context enc-attention-dropout enc-attention-context enc-attention-dropout enc-attention-context enc-attention-dropout enc-attention-context enc-attention-dropout enc-attention-context enc-attention-dropout enc-attention-context enc-attention-dropout enc-attention-context enc-attention-dropout enc-attention-context enc-attention-dropout enc-attention-context enc-attention-dropout enc-attention-context enc-attention-dropout enc-attention-context enc-attention-dropout enc-attention-context enc-attention-dropout enc-attention-context enc-attention-dropout enc-attention-context enc-attention-dropout enc-attention-context enc-attention-dropout enc-attention-context enc-attention-dropout enc-attention-context enc-attention-dropout enc-attention-context enc-attention-dropout enc-attention-context enc-attention-dropout enc-attention-context enc-attention-dropout enc-attention-context enc-attention-dropout enc-attention-context enc-attention-dropout enc-attention-context enc-attention-dropout enc-attention-context enc-attention-dropout enc-attention-context 
[rank 4 all ops] "enc-post-attention-dropout","enc-2nd-layernorm","enc-MLP-GEMM-1","enc-MLP-gelu","enc-MLP-GEMM-2","enc-post-MLP-dropout","enc-1st-layernorm","enc-attention-qkv","enc-attention-score","enc-attention-softmax","enc-attention-dropout","enc-attention-context","enc-attention-dense","enc-post-attention-dropout","enc-2nd-layernorm","enc-MLP-GEMM-1","enc-MLP-gelu","enc-MLP-GEMM-2","enc-post-MLP-dropout","enc-1st-layernorm","enc-attention-qkv","enc-attention-score","enc-attention-softmax","enc-attention-dropout","enc-attention-context","enc-attention-dense","enc-post-attention-dropout","enc-2nd-layernorm","enc-MLP-GEMM-1","enc-MLP-gelu","enc-MLP-GEMM-2","enc-post-MLP-dropout","enc-1st-layernorm","enc-attention-qkv","enc-attention-score","enc-attention-softmax","enc-attention-dropout","enc-attention-context","enc-attention-dense","enc-post-attention-dropout","enc-2nd-layernorm","enc-MLP-GEMM-1","enc-MLP-gelu","enc-MLP-GEMM-2","enc-post-MLP-dropout","enc-1st-layernorm","enc-attention-qkv","enc-attention-score","enc-attention-softmax","enc-attention-dropout","enc-attention-context","enc-attention-dense","enc-post-attention-dropout","enc-2nd-layernorm","enc-MLP-GEMM-1","enc-MLP-gelu","enc-MLP-GEMM-2","enc-post-MLP-dropout","enc-1st-layernorm","enc-attention-qkv","enc-attention-score","enc-attention-softmax","enc-attention-dropout","enc-attention-context","enc-attention-dense","enc-post-attention-dropout","enc-2nd-layernorm","enc-MLP-GEMM-1","enc-MLP-gelu","enc-MLP-GEMM-2","enc-post-MLP-dropout","enc-1st-layernorm","enc-attention-qkv","enc-attention-score","enc-attention-softmax","enc-attention-dropout","enc-attention-context","enc-attention-dense","enc-post-attention-dropout","enc-2nd-layernorm","enc-MLP-GEMM-1","enc-MLP-gelu","enc-MLP-GEMM-2","enc-post-MLP-dropout","enc-1st-layernorm","enc-attention-qkv","enc-attention-score","enc-attention-softmax","enc-attention-dropout","enc-attention-context","enc-attention-dense","enc-post-attention-dropout","enc-2nd-layernorm","enc-MLP-GEMM-1","enc-MLP-gelu","enc-MLP-GEMM-2","enc-post-MLP-dropout","enc-1st-layernorm","enc-attention-qkv","enc-attention-score","enc-attention-softmax","enc-attention-dropout","enc-attention-context","enc-attention-dense","enc-post-attention-dropout","enc-2nd-layernorm","enc-MLP-GEMM-1","enc-MLP-gelu","enc-MLP-GEMM-2","enc-post-MLP-dropout","enc-1st-layernorm","enc-attention-qkv","enc-attention-score","enc-attention-softmax","enc-attention-dropout","enc-attention-context","enc-attention-dense","enc-post-attention-dropout","enc-2nd-layernorm","enc-MLP-GEMM-1","enc-MLP-gelu","enc-MLP-GEMM-2","enc-post-MLP-dropout","enc-1st-layernorm","enc-attention-qkv","enc-attention-score","enc-attention-softmax","enc-attention-dropout","enc-attention-context","enc-attention-dense","enc-post-attention-dropout","enc-2nd-layernorm","enc-MLP-GEMM-1","enc-MLP-gelu","enc-MLP-GEMM-2","enc-post-MLP-dropout","enc-1st-layernorm","enc-attention-qkv","enc-attention-score","enc-attention-softmax","enc-attention-dropout","enc-attention-context","enc-attention-dense","enc-post-attention-dropout","enc-2nd-layernorm","enc-MLP-GEMM-1","enc-MLP-gelu","enc-MLP-GEMM-2","enc-post-MLP-dropout","enc-1st-layernorm","enc-attention-qkv","enc-attention-score","enc-attention-softmax","enc-attention-dropout","enc-attention-context","enc-attention-dense","enc-post-attention-dropout","enc-2nd-layernorm","enc-MLP-GEMM-1","enc-MLP-gelu","enc-MLP-GEMM-2","enc-post-MLP-dropout","enc-1st-layernorm","enc-attention-qkv","enc-attention-score","enc-attention-softmax","enc-attention-dropout","enc-attention-context","enc-attention-dense","enc-post-attention-dropout","enc-2nd-layernorm","enc-MLP-GEMM-1","enc-MLP-gelu","enc-MLP-GEMM-2","enc-post-MLP-dropout","enc-1st-layernorm","enc-attention-qkv","enc-attention-score","enc-attention-softmax","enc-attention-dropout","enc-attention-context","enc-attention-dense","enc-post-attention-dropout","enc-2nd-layernorm","enc-MLP-GEMM-1","enc-MLP-gelu","enc-MLP-GEMM-2","enc-post-MLP-dropout","enc-1st-layernorm","enc-attention-qkv","enc-attention-score","enc-attention-softmax","enc-attention-dropout","enc-attention-context","enc-attention-dense","enc-post-attention-dropout","enc-2nd-layernorm","enc-MLP-GEMM-1","enc-MLP-gelu","enc-MLP-GEMM-2","enc-post-MLP-dropout","enc-1st-layernorm","enc-attention-qkv","enc-attention-score","enc-attention-softmax","enc-attention-dropout","enc-attention-context","enc-attention-dense","enc-post-attention-dropout","enc-2nd-layernorm","enc-MLP-GEMM-1","enc-MLP-gelu","enc-MLP-GEMM-2","enc-post-MLP-dropout","enc-1st-layernorm","enc-attention-qkv","enc-attention-score","enc-attention-softmax","enc-attention-dropout","enc-attention-context","enc-attention-dense","enc-post-attention-dropout","enc-2nd-layernorm","enc-MLP-GEMM-1","enc-MLP-gelu","enc-MLP-GEMM-2","enc-post-MLP-dropout","enc-1st-layernorm","enc-attention-qkv","enc-attention-score","enc-attention-softmax","enc-attention-dropout","enc-attention-context","enc-attention-dense","enc-post-attention-dropout","enc-2nd-layernorm","enc-MLP-GEMM-1","enc-MLP-gelu","enc-MLP-GEMM-2","enc-post-MLP-dropout","enc-1st-layernorm","enc-attention-qkv","enc-attention-score","enc-attention-softmax","enc-attention-dropout","enc-attention-context","enc-attention-dense","enc-post-attention-dropout","enc-2nd-layernorm","enc-MLP-GEMM-1","enc-MLP-gelu","enc-MLP-GEMM-2","enc-post-MLP-dropout","enc-1st-layernorm","enc-attention-qkv","enc-attention-score","enc-attention-softmax","enc-attention-dropout","enc-attention-context","enc-attention-dense","enc-post-attention-dropout","enc-2nd-layernorm","enc-MLP-GEMM-1","enc-MLP-gelu","enc-MLP-GEMM-2","enc-post-MLP-dropout","enc-1st-layernorm","enc-attention-qkv","enc-attention-score","enc-attention-softmax","enc-attention-dropout","enc-attention-context","enc-attention-dense","enc-post-attention-dropout","enc-2nd-layernorm","enc-MLP-GEMM-1","enc-MLP-gelu","enc-MLP-GEMM-2","enc-post-MLP-dropout","enc-1st-layernorm","enc-attention-qkv","enc-attention-score","enc-attention-softmax","enc-attention-dropout","enc-attention-context","enc-attention-dense","enc-post-attention-dropout","enc-2nd-layernorm","enc-MLP-GEMM-1","enc-MLP-gelu","enc-MLP-GEMM-2","enc-post-MLP-dropout","enc-1st-layernorm","enc-attention-qkv","enc-attention-score","enc-attention-softmax","enc-attention-dropout","enc-attention-context","enc-attention-dense","enc-post-attention-dropout","enc-2nd-layernorm","enc-MLP-GEMM-1","enc-MLP-gelu","enc-MLP-GEMM-2","enc-post-MLP-dropout","enc-1st-layernorm","enc-attention-qkv","enc-attention-score","enc-attention-softmax","enc-attention-dropout","enc-attention-context","enc-attention-dense","enc-post-attention-dropout","enc-2nd-layernorm","enc-MLP-GEMM-1","enc-MLP-gelu","enc-MLP-GEMM-2","enc-post-MLP-dropout","enc-1st-layernorm","enc-attention-qkv","enc-attention-score","enc-attention-softmax","enc-attention-dropout","enc-attention-context","enc-attention-dense","enc-post-attention-dropout","enc-2nd-layernorm","enc-MLP-GEMM-1","enc-MLP-gelu","enc-MLP-GEMM-2","enc-post-MLP-dropout","enc-1st-layernorm","enc-attention-qkv","enc-attention-score","enc-attention-softmax","enc-attention-dropout","enc-attention-context","enc-attention-dense","enc-post-attention-dropout","enc-2nd-layernorm","enc-MLP-GEMM-1","enc-MLP-gelu","enc-MLP-GEMM-2","enc-post-MLP-dropout","enc-1st-layernorm","enc-attention-qkv","enc-attention-score","enc-attention-softmax","enc-attention-dropout","enc-attention-context","enc-attention-dense","enc-post-attention-dropout","enc-2nd-layernorm","enc-MLP-GEMM-1","enc-MLP-gelu","enc-MLP-GEMM-2","enc-post-MLP-dropout","enc-1st-layernorm","enc-attention-qkv","enc-attention-score","enc-attention-softmax","enc-attention-dropout","enc-attention-context","enc-attention-dense","enc-post-attention-dropout","enc-2nd-layernorm","enc-MLP-GEMM-1","enc-MLP-gelu","enc-MLP-GEMM-2","enc-post-MLP-dropout","enc-1st-layernorm","enc-attention-qkv","enc-attention-score","enc-attention-softmax","enc-attention-dropout","enc-attention-context","enc-attention-dense","enc-post-attention-dropout","enc-2nd-layernorm","enc-MLP-GEMM-1","enc-MLP-gelu","enc-MLP-GEMM-2","enc-post-MLP-dropout","enc-1st-layernorm","enc-attention-qkv","enc-attention-score","enc-attention-softmax","enc-attention-dropout","enc-attention-context","enc-attention-dense","enc-post-attention-dropout","enc-2nd-layernorm","enc-MLP-GEMM-1","enc-MLP-gelu","enc-MLP-GEMM-2","enc-post-MLP-dropout","enc-1st-layernorm","enc-attention-qkv","enc-attention-score","enc-attention-softmax","enc-attention-dropout","enc-attention-context","enc-attention-dense","enc-post-attention-dropout","enc-2nd-layernorm","enc-MLP-GEMM-1","enc-MLP-gelu","enc-MLP-GEMM-2","enc-post-MLP-dropout","enc-1st-layernorm","enc-attention-qkv","enc-attention-score","enc-attention-softmax","enc-attention-dropout","enc-attention-context","enc-attention-dense","enc-post-attention-dropout","enc-2nd-layernorm","enc-MLP-GEMM-1","enc-MLP-gelu","enc-MLP-GEMM-2","enc-post-MLP-dropout","enc-1st-layernorm","enc-attention-qkv","enc-attention-score","enc-attention-softmax","enc-attention-dropout","enc-attention-context","enc-attention-dense","enc-post-attention-dropout","enc-2nd-layernorm","enc-MLP-GEMM-1","enc-MLP-gelu","enc-MLP-GEMM-2","enc-post-MLP-dropout","enc-1st-layernorm","enc-attention-qkv","enc-attention-score","enc-attention-softmax","enc-attention-dropout","enc-attention-context","enc-attention-dense","enc-post-attention-dropout","enc-2nd-layernorm","enc-MLP-GEMM-1","enc-MLP-gelu","enc-MLP-GEMM-2","enc-post-MLP-dropout","enc-1st-layernorm","enc-attention-qkv","enc-attention-score","enc-attention-softmax","enc-attention-dropout","enc-attention-context","enc-attention-dense","enc-post-attention-dropout","enc-2nd-layernorm","enc-MLP-GEMM-1","enc-MLP-gelu","enc-MLP-GEMM-2","enc-post-MLP-dropout","enc-1st-layernorm","enc-attention-qkv","enc-attention-score","enc-attention-softmax","enc-attention-dropout","enc-attention-context","enc-attention-dense","enc-post-attention-dropout","enc-2nd-layernorm","enc-MLP-GEMM-1","enc-MLP-gelu","enc-MLP-GEMM-2","enc-post-MLP-dropout","enc-1st-layernorm","enc-attention-qkv","enc-attention-score","enc-attention-softmax","enc-attention-dropout","enc-attention-context","enc-attention-dense","enc-post-attention-dropout","enc-2nd-layernorm","enc-MLP-GEMM-1","enc-MLP-gelu","enc-MLP-GEMM-2","enc-post-MLP-dropout","enc-1st-layernorm","enc-attention-qkv","enc-attention-score","enc-attention-softmax","enc-attention-dropout","enc-attention-context","enc-attention-dense","enc-post-attention-dropout","enc-2nd-layernorm","enc-MLP-GEMM-1","enc-MLP-gelu","enc-MLP-GEMM-2","enc-post-MLP-dropout","enc-1st-layernorm","enc-attention-qkv","enc-attention-score","enc-attention-softmax","enc-attention-dropout","enc-attention-context","enc-attention-dense","enc-post-attention-dropout","enc-2nd-layernorm","enc-MLP-GEMM-1","enc-MLP-gelu","enc-MLP-GEMM-2","enc-post-MLP-dropout","enc-1st-layernorm","enc-attention-qkv","enc-attention-score","enc-attention-softmax","enc-attention-dropout","enc-attention-context","enc-attention-dense","enc-post-attention-dropout","enc-2nd-layernorm","enc-MLP-GEMM-1","enc-MLP-gelu","enc-MLP-GEMM-2","enc-post-MLP-dropout","enc-1st-layernorm","enc-attention-qkv","enc-attention-score","enc-attention-softmax","enc-attention-dropout","enc-attention-context","enc-attention-dense","enc-post-attention-dropout","enc-2nd-layernorm","enc-MLP-GEMM-1","enc-MLP-gelu","enc-MLP-GEMM-2","enc-post-MLP-dropout","enc-1st-layernorm","enc-attention-qkv","enc-attention-score","enc-attention-softmax","enc-attention-dropout","enc-attention-context","enc-attention-dense","enc-post-attention-dropout","enc-2nd-layernorm","enc-MLP-GEMM-1","enc-MLP-gelu","enc-MLP-GEMM-2","enc-post-MLP-dropout","enc-1st-layernorm","enc-attention-qkv","enc-attention-score","enc-attention-softmax","enc-attention-dropout","enc-attention-context","enc-attention-dense","enc-post-attention-dropout","enc-2nd-layernorm","enc-MLP-GEMM-1","enc-MLP-gelu","enc-MLP-GEMM-2","enc-post-MLP-dropout","enc-1st-layernorm","enc-attention-qkv","enc-attention-score","enc-attention-softmax","enc-attention-dropout","enc-attention-context","enc-attention-dense","enc-post-attention-dropout","enc-2nd-layernorm","enc-MLP-GEMM-1","enc-MLP-gelu","enc-MLP-GEMM-2","enc-post-MLP-dropout","enc-1st-layernorm","enc-attention-qkv","enc-attention-score","enc-attention-softmax","enc-attention-dropout","enc-attention-context","enc-attention-dense","enc-post-attention-dropout","enc-2nd-layernorm","enc-MLP-GEMM-1","enc-MLP-gelu","enc-MLP-GEMM-2","enc-post-MLP-dropout","enc-1st-layernorm","enc-attention-qkv","enc-attention-score","enc-attention-softmax","enc-attention-dropout","enc-attention-context","enc-attention-dense","enc-post-attention-dropout","enc-2nd-layernorm","enc-MLP-GEMM-1","enc-MLP-gelu","enc-MLP-GEMM-2","enc-post-MLP-dropout","enc-1st-layernorm","enc-attention-qkv","enc-attention-score","enc-attention-softmax","enc-attention-dropout","enc-attention-context","enc-attention-dense","enc-post-attention-dropout","enc-2nd-layernorm","enc-MLP-GEMM-1","enc-MLP-gelu","enc-MLP-GEMM-2","enc-post-MLP-dropout","enc-1st-layernorm","enc-attention-qkv","enc-attention-score","enc-attention-softmax","enc-attention-dropout","enc-attention-context","enc-attention-dense","enc-post-attention-dropout","enc-2nd-layernorm","enc-MLP-GEMM-1","enc-MLP-gelu","enc-MLP-GEMM-2","enc-post-MLP-dropout","enc-1st-layernorm","enc-attention-qkv","enc-attention-score","enc-attention-softmax","enc-attention-dropout","enc-attention-context","enc-attention-dense","enc-post-attention-dropout","enc-2nd-layernorm","enc-MLP-GEMM-1","enc-MLP-gelu","enc-MLP-GEMM-2","enc-post-MLP-dropout","enc-1st-layernorm","enc-attention-qkv","enc-attention-score","enc-attention-softmax","enc-attention-dropout","enc-attention-context","enc-attention-dense","enc-post-attention-dropout","enc-2nd-layernorm","enc-MLP-GEMM-1","enc-MLP-gelu","enc-MLP-GEMM-2","enc-post-MLP-dropout","enc-1st-layernorm","enc-attention-qkv","enc-attention-score","enc-attention-softmax","enc-attention-dropout","enc-attention-context","enc-attention-dense","enc-post-attention-dropout","enc-2nd-layernorm","enc-MLP-GEMM-1","enc-MLP-gelu","enc-MLP-GEMM-2","enc-post-MLP-dropout","enc-1st-layernorm","enc-attention-qkv","enc-attention-score","enc-attention-softmax","enc-attention-dropout","enc-attention-context","enc-attention-dense","enc-post-attention-dropout","enc-2nd-layernorm","enc-MLP-GEMM-1","enc-MLP-gelu","enc-MLP-GEMM-2","enc-post-MLP-dropout","enc-1st-layernorm","enc-attention-qkv","enc-attention-score","enc-attention-softmax","enc-attention-dropout","enc-attention-context","enc-attention-dense","enc-post-attention-dropout","enc-2nd-layernorm","enc-MLP-GEMM-1","enc-MLP-gelu","enc-MLP-GEMM-2","enc-post-MLP-dropout","enc-1st-layernorm","enc-attention-qkv","enc-attention-score","enc-attention-softmax","enc-attention-dropout","enc-attention-context","enc-attention-dense","enc-post-attention-dropout","enc-2nd-layernorm","enc-MLP-GEMM-1","enc-MLP-gelu","enc-MLP-GEMM-2","enc-post-MLP-dropout","enc-1st-layernorm","enc-attention-qkv","enc-attention-score","enc-attention-softmax","enc-attention-dropout","enc-attention-context","enc-attention-dense","enc-post-attention-dropout","enc-2nd-layernorm","enc-MLP-GEMM-1","enc-MLP-gelu","enc-MLP-GEMM-2","enc-post-MLP-dropout","enc-1st-layernorm","enc-attention-qkv","enc-attention-score","enc-attention-softmax","enc-attention-dropout","enc-attention-context","enc-attention-dense","enc-post-attention-dropout","enc-2nd-layernorm","enc-MLP-GEMM-1","enc-MLP-gelu","enc-MLP-GEMM-2","enc-post-MLP-dropout","enc-1st-layernorm","enc-attention-qkv","enc-attention-score","enc-attention-softmax","enc-attention-dropout","enc-attention-context","enc-attention-dense","enc-post-attention-dropout","enc-2nd-layernorm","enc-MLP-GEMM-1","enc-MLP-gelu","enc-MLP-GEMM-2","enc-post-MLP-dropout","enc-1st-layernorm","enc-attention-qkv","enc-attention-score","enc-attention-softmax","enc-attention-dropout","enc-attention-context","enc-attention-dense","enc-post-attention-dropout","enc-2nd-layernorm","enc-MLP-GEMM-1","enc-MLP-gelu","enc-MLP-GEMM-2","enc-post-MLP-dropout","enc-1st-layernorm","enc-attention-qkv","enc-attention-score","enc-attention-softmax","enc-attention-dropout","enc-attention-context","enc-attention-dense","enc-post-attention-dropout","enc-2nd-layernorm","enc-MLP-GEMM-1","enc-MLP-gelu","enc-MLP-GEMM-2","enc-post-MLP-dropout","enc-1st-layernorm","enc-attention-qkv","enc-attention-score","enc-attention-softmax","enc-attention-dropout","enc-attention-context","enc-attention-dense","enc-post-attention-dropout","enc-2nd-layernorm","enc-MLP-GEMM-1","enc-MLP-gelu","enc-MLP-GEMM-2","enc-post-MLP-dropout","enc-1st-layernorm","enc-attention-qkv","enc-attention-score","enc-attention-softmax","enc-attention-dropout","enc-attention-context","enc-attention-dense","enc-post-attention-dropout","enc-2nd-layernorm","enc-MLP-GEMM-1","enc-MLP-gelu","enc-MLP-GEMM-2","enc-post-MLP-dropout","enc-1st-layernorm","enc-attention-qkv","enc-attention-score","enc-attention-softmax","enc-attention-dropout","enc-attention-context","enc-attention-dense","enc-post-attention-dropout","enc-2nd-layernorm","enc-MLP-GEMM-1","enc-MLP-gelu","enc-MLP-GEMM-2","enc-post-MLP-dropout","enc-1st-layernorm","enc-attention-qkv","enc-attention-score","enc-attention-softmax","enc-attention-dropout","enc-attention-context","enc-attention-dense","enc-post-attention-dropout","enc-2nd-layernorm","enc-MLP-GEMM-1","enc-MLP-gelu","enc-MLP-GEMM-2","enc-post-MLP-dropout","enc-1st-layernorm","enc-attention-qkv","enc-attention-score","enc-attention-softmax","enc-attention-dropout","enc-attention-context","enc-attention-dense","enc-post-attention-dropout","enc-2nd-layernorm","enc-MLP-GEMM-1","enc-MLP-gelu","enc-MLP-GEMM-2","enc-post-MLP-dropout","enc-1st-layernorm","enc-attention-qkv","enc-attention-score","enc-attention-softmax",
[rank 4 recompute ops] enc-MLP-GEMM-1 enc-MLP-gelu enc-attention-score enc-attention-softmax enc-attention-dropout enc-attention-context enc-attention-score enc-attention-softmax enc-attention-dropout enc-attention-context enc-attention-score enc-attention-softmax enc-attention-dropout enc-attention-context enc-attention-score enc-attention-softmax enc-attention-dropout enc-attention-context enc-attention-score enc-attention-softmax enc-attention-dropout enc-attention-context enc-attention-score enc-attention-softmax enc-attention-dropout enc-attention-context enc-attention-score enc-attention-softmax enc-attention-dropout enc-attention-context enc-attention-score enc-attention-softmax enc-attention-dropout enc-attention-context enc-attention-score enc-attention-softmax enc-attention-dropout enc-attention-context enc-attention-score enc-attention-softmax enc-attention-dropout enc-attention-context enc-attention-score enc-attention-softmax enc-attention-dropout enc-attention-context enc-attention-score enc-attention-softmax enc-attention-dropout enc-attention-context enc-attention-score enc-attention-softmax enc-attention-dropout enc-attention-context enc-attention-score enc-attention-softmax enc-attention-dropout enc-attention-context enc-attention-score enc-attention-softmax enc-attention-dropout enc-attention-context enc-attention-score enc-attention-softmax enc-attention-dropout enc-attention-context enc-attention-score enc-attention-softmax enc-attention-dropout enc-attention-context enc-attention-score enc-attention-softmax enc-attention-dropout enc-attention-context enc-attention-score enc-attention-softmax enc-attention-dropout enc-attention-context enc-attention-score enc-attention-softmax enc-attention-dropout enc-attention-context enc-attention-score enc-attention-softmax enc-attention-dropout enc-attention-context enc-attention-score enc-attention-softmax enc-attention-dropout enc-attention-context enc-attention-dropout enc-attention-context enc-attention-dropout enc-attention-context enc-attention-dropout enc-attention-context enc-attention-dropout enc-attention-context enc-attention-dropout enc-attention-context enc-attention-dropout enc-attention-context enc-attention-dropout enc-attention-context enc-attention-dropout enc-attention-context enc-attention-dropout enc-attention-context enc-attention-dropout enc-attention-context enc-attention-dropout enc-attention-context enc-attention-dropout enc-attention-context enc-attention-dropout enc-attention-context enc-attention-dropout enc-attention-context enc-attention-dropout enc-attention-context enc-attention-dropout enc-attention-context enc-attention-dropout enc-attention-context enc-attention-dropout enc-attention-context enc-attention-dropout enc-attention-context enc-attention-dropout enc-attention-context enc-attention-dropout enc-attention-context enc-attention-dropout enc-attention-context enc-attention-dropout enc-attention-context enc-attention-dropout enc-attention-context enc-attention-dropout enc-attention-context enc-attention-dropout enc-attention-context enc-attention-dropout enc-attention-context enc-attention-dropout enc-attention-context enc-attention-dropout enc-attention-context enc-attention-dropout enc-attention-context enc-attention-dropout enc-attention-context enc-attention-dropout enc-attention-context enc-attention-dropout enc-attention-context enc-attention-dropout enc-attention-context enc-attention-dropout enc-attention-context enc-attention-dropout enc-attention-context enc-attention-dropout enc-attention-context enc-attention-dropout enc-attention-context enc-attention-dropout enc-attention-context enc-attention-dropout enc-attention-context enc-attention-dropout enc-attention-context enc-attention-dropout enc-attention-context 
 > number of parameters on (tensor, pipeline) model parallel rank (0, 2): 204642304
[rank 7 all ops] "enc-attention-dropout","enc-attention-context","enc-attention-dense","enc-post-attention-dropout","enc-2nd-layernorm","enc-MLP-GEMM-1","enc-MLP-gelu","enc-MLP-GEMM-2","enc-post-MLP-dropout","enc-1st-layernorm","enc-attention-qkv","enc-attention-score","enc-attention-softmax","enc-attention-dropout","enc-attention-context","enc-attention-dense","enc-post-attention-dropout","enc-2nd-layernorm","enc-MLP-GEMM-1","enc-MLP-gelu","enc-MLP-GEMM-2","enc-post-MLP-dropout","enc-1st-layernorm","enc-attention-qkv","enc-attention-score","enc-attention-softmax","enc-attention-dropout","enc-attention-context","enc-attention-dense","enc-post-attention-dropout","enc-2nd-layernorm","enc-MLP-GEMM-1","enc-MLP-gelu","enc-MLP-GEMM-2","enc-post-MLP-dropout","enc-1st-layernorm","enc-attention-qkv","enc-attention-score","enc-attention-softmax","enc-attention-dropout","enc-attention-context","enc-attention-dense","enc-post-attention-dropout","enc-2nd-layernorm","enc-MLP-GEMM-1","enc-MLP-gelu","enc-MLP-GEMM-2","enc-post-MLP-dropout","enc-1st-layernorm","enc-attention-qkv","enc-attention-score","enc-attention-softmax","enc-attention-dropout","enc-attention-context","enc-attention-dense","enc-post-attention-dropout","enc-2nd-layernorm","enc-MLP-GEMM-1","enc-MLP-gelu","enc-MLP-GEMM-2","enc-post-MLP-dropout","enc-1st-layernorm","enc-attention-qkv","enc-attention-score","enc-attention-softmax","enc-attention-dropout","enc-attention-context","enc-attention-dense","enc-post-attention-dropout","enc-2nd-layernorm","enc-MLP-GEMM-1","enc-MLP-gelu","enc-MLP-GEMM-2","enc-post-MLP-dropout","enc-1st-layernorm","enc-attention-qkv","enc-attention-score","enc-attention-softmax","enc-attention-dropout","enc-attention-context","enc-attention-dense","enc-post-attention-dropout","enc-2nd-layernorm","enc-MLP-GEMM-1","enc-MLP-gelu","enc-MLP-GEMM-2","enc-post-MLP-dropout","enc-1st-layernorm","enc-attention-qkv","enc-attention-score","enc-attention-softmax","enc-attention-dropout","enc-attention-context","enc-attention-dense","enc-post-attention-dropout","enc-2nd-layernorm","enc-MLP-GEMM-1","enc-MLP-gelu","enc-MLP-GEMM-2","enc-post-MLP-dropout","enc-1st-layernorm","enc-attention-qkv","enc-attention-score","enc-attention-softmax","enc-attention-dropout","enc-attention-context","enc-attention-dense","enc-post-attention-dropout","enc-2nd-layernorm","enc-MLP-GEMM-1","enc-MLP-gelu","enc-MLP-GEMM-2","enc-post-MLP-dropout","enc-1st-layernorm","enc-attention-qkv","enc-attention-score","enc-attention-softmax","enc-attention-dropout","enc-attention-context","enc-attention-dense","enc-post-attention-dropout","enc-2nd-layernorm","enc-MLP-GEMM-1","enc-MLP-gelu","enc-MLP-GEMM-2","enc-post-MLP-dropout","enc-1st-layernorm","enc-attention-qkv","enc-attention-score","enc-attention-softmax","enc-attention-dropout","enc-attention-context","enc-attention-dense","enc-post-attention-dropout","enc-2nd-layernorm","enc-MLP-GEMM-1","enc-MLP-gelu","enc-MLP-GEMM-2","enc-post-MLP-dropout","enc-1st-layernorm","enc-attention-qkv","enc-attention-score","enc-attention-softmax","enc-attention-dropout","enc-attention-context","enc-attention-dense","enc-post-attention-dropout","enc-2nd-layernorm","enc-MLP-GEMM-1","enc-MLP-gelu","enc-MLP-GEMM-2","enc-post-MLP-dropout","enc-1st-layernorm","enc-attention-qkv","enc-attention-score","enc-attention-softmax","enc-attention-dropout","enc-attention-context","enc-attention-dense","enc-post-attention-dropout","enc-2nd-layernorm","enc-MLP-GEMM-1","enc-MLP-gelu","enc-MLP-GEMM-2","enc-post-MLP-dropout","enc-1st-layernorm","enc-attention-qkv","enc-attention-score","enc-attention-softmax","enc-attention-dropout","enc-attention-context","enc-attention-dense","enc-post-attention-dropout","enc-2nd-layernorm","enc-MLP-GEMM-1","enc-MLP-gelu","enc-MLP-GEMM-2","enc-post-MLP-dropout","enc-1st-layernorm","enc-attention-qkv","enc-attention-score","enc-attention-softmax","enc-attention-dropout","enc-attention-context","enc-attention-dense","enc-post-attention-dropout","enc-2nd-layernorm","enc-MLP-GEMM-1","enc-MLP-gelu","enc-MLP-GEMM-2","enc-post-MLP-dropout","enc-1st-layernorm","enc-attention-qkv","enc-attention-score","enc-attention-softmax","enc-attention-dropout","enc-attention-context","enc-attention-dense","enc-post-attention-dropout","enc-2nd-layernorm","enc-MLP-GEMM-1","enc-MLP-gelu","enc-MLP-GEMM-2","enc-post-MLP-dropout","enc-1st-layernorm","enc-attention-qkv","enc-attention-score","enc-attention-softmax","enc-attention-dropout","enc-attention-context","enc-attention-dense","enc-post-attention-dropout","enc-2nd-layernorm","enc-MLP-GEMM-1","enc-MLP-gelu","enc-MLP-GEMM-2","enc-post-MLP-dropout","enc-1st-layernorm","enc-attention-qkv","enc-attention-score","enc-attention-softmax","enc-attention-dropout","enc-attention-context","enc-attention-dense","enc-post-attention-dropout","enc-2nd-layernorm","enc-MLP-GEMM-1","enc-MLP-gelu","enc-MLP-GEMM-2","enc-post-MLP-dropout","enc-1st-layernorm","enc-attention-qkv","enc-attention-score","enc-attention-softmax","enc-attention-dropout","enc-attention-context","enc-attention-dense","enc-post-attention-dropout","enc-2nd-layernorm","enc-MLP-GEMM-1","enc-MLP-gelu","enc-MLP-GEMM-2","enc-post-MLP-dropout","enc-1st-layernorm","enc-attention-qkv","enc-attention-score","enc-attention-softmax","enc-attention-dropout","enc-attention-context","enc-attention-dense","enc-post-attention-dropout","enc-2nd-layernorm","enc-MLP-GEMM-1","enc-MLP-gelu","enc-MLP-GEMM-2","enc-post-MLP-dropout","enc-1st-layernorm","enc-attention-qkv","enc-attention-score","enc-attention-softmax","enc-attention-dropout","enc-attention-context","enc-attention-dense","enc-post-attention-dropout","enc-2nd-layernorm","enc-MLP-GEMM-1","enc-MLP-gelu","enc-MLP-GEMM-2","enc-post-MLP-dropout","enc-1st-layernorm","enc-attention-qkv","enc-attention-score","enc-attention-softmax","enc-attention-dropout","enc-attention-context","enc-attention-dense","enc-post-attention-dropout","enc-2nd-layernorm","enc-MLP-GEMM-1","enc-MLP-gelu","enc-MLP-GEMM-2","enc-post-MLP-dropout","enc-1st-layernorm","enc-attention-qkv","enc-attention-score","enc-attention-softmax","enc-attention-dropout","enc-attention-context","enc-attention-dense","enc-post-attention-dropout","enc-2nd-layernorm","enc-MLP-GEMM-1","enc-MLP-gelu","enc-MLP-GEMM-2","enc-post-MLP-dropout","enc-1st-layernorm","enc-attention-qkv","enc-attention-score","enc-attention-softmax","enc-attention-dropout","enc-attention-context","enc-attention-dense","enc-post-attention-dropout","enc-2nd-layernorm","enc-MLP-GEMM-1","enc-MLP-gelu","enc-MLP-GEMM-2","enc-post-MLP-dropout","enc-1st-layernorm","enc-attention-qkv","enc-attention-score","enc-attention-softmax","enc-attention-dropout","enc-attention-context","enc-attention-dense","enc-post-attention-dropout","enc-2nd-layernorm","enc-MLP-GEMM-1","enc-MLP-gelu","enc-MLP-GEMM-2","enc-post-MLP-dropout","enc-1st-layernorm","enc-attention-qkv","enc-attention-score","enc-attention-softmax","enc-attention-dropout","enc-attention-context","enc-attention-dense","enc-post-attention-dropout","enc-2nd-layernorm","enc-MLP-GEMM-1","enc-MLP-gelu","enc-MLP-GEMM-2","enc-post-MLP-dropout","enc-1st-layernorm","enc-attention-qkv","enc-attention-score","enc-attention-softmax","enc-attention-dropout","enc-attention-context","enc-attention-dense","enc-post-attention-dropout","enc-2nd-layernorm","enc-MLP-GEMM-1","enc-MLP-gelu","enc-MLP-GEMM-2","enc-post-MLP-dropout","enc-1st-layernorm","enc-attention-qkv","enc-attention-score","enc-attention-softmax","enc-attention-dropout","enc-attention-context","enc-attention-dense","enc-post-attention-dropout","enc-2nd-layernorm","enc-MLP-GEMM-1","enc-MLP-gelu","enc-MLP-GEMM-2","enc-post-MLP-dropout","enc-1st-layernorm","enc-attention-qkv","enc-attention-score","enc-attention-softmax","enc-attention-dropout","enc-attention-context","enc-attention-dense","enc-post-attention-dropout","enc-2nd-layernorm","enc-MLP-GEMM-1","enc-MLP-gelu","enc-MLP-GEMM-2","enc-post-MLP-dropout","enc-1st-layernorm","enc-attention-qkv","enc-attention-score","enc-attention-softmax","enc-attention-dropout","enc-attention-context","enc-attention-dense","enc-post-attention-dropout","enc-2nd-layernorm","enc-MLP-GEMM-1","enc-MLP-gelu","enc-MLP-GEMM-2","enc-post-MLP-dropout","enc-1st-layernorm","enc-attention-qkv","enc-attention-score","enc-attention-softmax","enc-attention-dropout","enc-attention-context","enc-attention-dense","enc-post-attention-dropout","enc-2nd-layernorm","enc-MLP-GEMM-1","enc-MLP-gelu","enc-MLP-GEMM-2","enc-post-MLP-dropout","enc-1st-layernorm","enc-attention-qkv","enc-attention-score","enc-attention-softmax","enc-attention-dropout","enc-attention-context","enc-attention-dense","enc-post-attention-dropout","enc-2nd-layernorm","enc-MLP-GEMM-1","enc-MLP-gelu","enc-MLP-GEMM-2","enc-post-MLP-dropout","enc-1st-layernorm","enc-attention-qkv","enc-attention-score","enc-attention-softmax","enc-attention-dropout","enc-attention-context","enc-attention-dense","enc-post-attention-dropout","enc-2nd-layernorm","enc-MLP-GEMM-1","enc-MLP-gelu","enc-MLP-GEMM-2","enc-post-MLP-dropout","enc-1st-layernorm","enc-attention-qkv","enc-attention-score","enc-attention-softmax","enc-attention-dropout","enc-attention-context","enc-attention-dense","enc-post-attention-dropout","enc-2nd-layernorm","enc-MLP-GEMM-1","enc-MLP-gelu","enc-MLP-GEMM-2","enc-post-MLP-dropout","enc-1st-layernorm","enc-attention-qkv","enc-attention-score","enc-attention-softmax","enc-attention-dropout","enc-attention-context","enc-attention-dense","enc-post-attention-dropout","enc-2nd-layernorm","enc-MLP-GEMM-1","enc-MLP-gelu","enc-MLP-GEMM-2","enc-post-MLP-dropout","enc-1st-layernorm","enc-attention-qkv","enc-attention-score","enc-attention-softmax","enc-attention-dropout","enc-attention-context","enc-attention-dense","enc-post-attention-dropout","enc-2nd-layernorm","enc-MLP-GEMM-1","enc-MLP-gelu","enc-MLP-GEMM-2","enc-post-MLP-dropout","enc-1st-layernorm","enc-attention-qkv","enc-attention-score","enc-attention-softmax","enc-attention-dropout","enc-attention-context","enc-attention-dense","enc-post-attention-dropout","enc-2nd-layernorm","enc-MLP-GEMM-1","enc-MLP-gelu","enc-MLP-GEMM-2","enc-post-MLP-dropout","enc-1st-layernorm","enc-attention-qkv","enc-attention-score","enc-attention-softmax","enc-attention-dropout","enc-attention-context","enc-attention-dense","enc-post-attention-dropout","enc-2nd-layernorm","enc-MLP-GEMM-1","enc-MLP-gelu","enc-MLP-GEMM-2","enc-post-MLP-dropout","enc-1st-layernorm","enc-attention-qkv","enc-attention-score","enc-attention-softmax","enc-attention-dropout","enc-attention-context","enc-attention-dense","enc-post-attention-dropout","enc-2nd-layernorm","enc-MLP-GEMM-1","enc-MLP-gelu","enc-MLP-GEMM-2","enc-post-MLP-dropout","enc-1st-layernorm","enc-attention-qkv","enc-attention-score","enc-attention-softmax","enc-attention-dropout","enc-attention-context","enc-attention-dense","enc-post-attention-dropout","enc-2nd-layernorm","enc-MLP-GEMM-1","enc-MLP-gelu","enc-MLP-GEMM-2","enc-post-MLP-dropout","enc-1st-layernorm","enc-attention-qkv","enc-attention-score","enc-attention-softmax","enc-attention-dropout","enc-attention-context","enc-attention-dense","enc-post-attention-dropout","enc-2nd-layernorm","enc-MLP-GEMM-1","enc-MLP-gelu","enc-MLP-GEMM-2","enc-post-MLP-dropout","enc-1st-layernorm","enc-attention-qkv","enc-attention-score","enc-attention-softmax","enc-attention-dropout","enc-attention-context","enc-attention-dense","enc-post-attention-dropout","enc-2nd-layernorm","enc-MLP-GEMM-1","enc-MLP-gelu","enc-MLP-GEMM-2","enc-post-MLP-dropout","enc-1st-layernorm","enc-attention-qkv","enc-attention-score","enc-attention-softmax","enc-attention-dropout","enc-attention-context","enc-attention-dense","enc-post-attention-dropout","enc-2nd-layernorm","enc-MLP-GEMM-1","enc-MLP-gelu","enc-MLP-GEMM-2","enc-post-MLP-dropout","enc-1st-layernorm","enc-attention-qkv","enc-attention-score","enc-attention-softmax","enc-attention-dropout","enc-attention-context","enc-attention-dense","enc-post-attention-dropout","enc-2nd-layernorm","enc-MLP-GEMM-1","enc-MLP-gelu","enc-MLP-GEMM-2","enc-post-MLP-dropout","enc-1st-layernorm","enc-attention-qkv","enc-attention-score","enc-attention-softmax","enc-attention-dropout","enc-attention-context","enc-attention-dense","enc-post-attention-dropout","enc-2nd-layernorm","enc-MLP-GEMM-1","enc-MLP-gelu","enc-MLP-GEMM-2","enc-post-MLP-dropout","enc-1st-layernorm","enc-attention-qkv","enc-attention-score","enc-attention-softmax","enc-attention-dropout","enc-attention-context","enc-attention-dense","enc-post-attention-dropout","enc-2nd-layernorm","enc-MLP-GEMM-1","enc-MLP-gelu","enc-MLP-GEMM-2","enc-post-MLP-dropout","enc-1st-layernorm","enc-attention-qkv","enc-attention-score","enc-attention-softmax","enc-attention-dropout","enc-attention-context","enc-attention-dense","enc-post-attention-dropout","enc-2nd-layernorm","enc-MLP-GEMM-1","enc-MLP-gelu","enc-MLP-GEMM-2","enc-post-MLP-dropout","enc-1st-layernorm","enc-attention-qkv","enc-attention-score","enc-attention-softmax","enc-attention-dropout","enc-attention-context","enc-attention-dense","enc-post-attention-dropout","enc-2nd-layernorm","enc-MLP-GEMM-1","enc-MLP-gelu","enc-MLP-GEMM-2","enc-post-MLP-dropout","enc-1st-layernorm","enc-attention-qkv","enc-attention-score","enc-attention-softmax","enc-attention-dropout","enc-attention-context","enc-attention-dense","enc-post-attention-dropout","enc-2nd-layernorm","enc-MLP-GEMM-1","enc-MLP-gelu","enc-MLP-GEMM-2","enc-post-MLP-dropout","enc-1st-layernorm","enc-attention-qkv","enc-attention-score","enc-attention-softmax","enc-attention-dropout","enc-attention-context","enc-attention-dense","enc-post-attention-dropout","enc-2nd-layernorm","enc-MLP-GEMM-1","enc-MLP-gelu","enc-MLP-GEMM-2","enc-post-MLP-dropout","enc-1st-layernorm","enc-attention-qkv","enc-attention-score","enc-attention-softmax","enc-attention-dropout","enc-attention-context","enc-attention-dense","enc-post-attention-dropout","enc-2nd-layernorm","enc-MLP-GEMM-1","enc-MLP-gelu","enc-MLP-GEMM-2","enc-post-MLP-dropout","enc-1st-layernorm","enc-attention-qkv","enc-attention-score","enc-attention-softmax","enc-attention-dropout","enc-attention-context","enc-attention-dense","enc-post-attention-dropout","enc-2nd-layernorm","enc-MLP-GEMM-1","enc-MLP-gelu","enc-MLP-GEMM-2","enc-post-MLP-dropout","enc-1st-layernorm","enc-attention-qkv","enc-attention-score","enc-attention-softmax","enc-attention-dropout","enc-attention-context","enc-attention-dense","enc-post-attention-dropout","enc-2nd-layernorm","enc-MLP-GEMM-1","enc-MLP-gelu","enc-MLP-GEMM-2","enc-post-MLP-dropout","enc-1st-layernorm","enc-attention-qkv","enc-attention-score","enc-attention-softmax","enc-attention-dropout","enc-attention-context","enc-attention-dense","enc-post-attention-dropout","enc-2nd-layernorm","enc-MLP-GEMM-1","enc-MLP-gelu","enc-MLP-GEMM-2","enc-post-MLP-dropout","enc-1st-layernorm","enc-attention-qkv","enc-attention-score","enc-attention-softmax","enc-attention-dropout","enc-attention-context","enc-attention-dense","enc-post-attention-dropout","enc-2nd-layernorm","enc-MLP-GEMM-1","enc-MLP-gelu","enc-MLP-GEMM-2","enc-post-MLP-dropout","enc-1st-layernorm","enc-attention-qkv","enc-attention-score","enc-attention-softmax","enc-attention-dropout","enc-attention-context","enc-attention-dense","enc-post-attention-dropout","enc-2nd-layernorm","enc-MLP-GEMM-1","enc-MLP-gelu","enc-MLP-GEMM-2","enc-post-MLP-dropout","enc-1st-layernorm","enc-attention-qkv","enc-attention-score","enc-attention-softmax","enc-attention-dropout","enc-attention-context","enc-attention-dense","enc-post-attention-dropout","enc-2nd-layernorm","enc-MLP-GEMM-1","enc-MLP-gelu","enc-MLP-GEMM-2","enc-post-MLP-dropout","enc-1st-layernorm","enc-attention-qkv","enc-attention-score","enc-attention-softmax","enc-attention-dropout","enc-attention-context","enc-attention-dense","enc-post-attention-dropout","enc-2nd-layernorm","enc-MLP-GEMM-1","enc-MLP-gelu","enc-MLP-GEMM-2","enc-post-MLP-dropout","enc-1st-layernorm","enc-attention-qkv","enc-attention-score","enc-attention-softmax","enc-attention-dropout","enc-attention-context","enc-attention-dense","enc-post-attention-dropout","enc-2nd-layernorm","enc-MLP-GEMM-1","enc-MLP-gelu","enc-MLP-GEMM-2","enc-post-MLP-dropout","enc-1st-layernorm","enc-attention-qkv","enc-attention-score","enc-attention-softmax","enc-attention-dropout","enc-attention-context","enc-attention-dense","enc-post-attention-dropout","enc-2nd-layernorm","enc-MLP-GEMM-1","enc-MLP-gelu","enc-MLP-GEMM-2","enc-post-MLP-dropout","enc-1st-layernorm","enc-attention-qkv","enc-attention-score","enc-attention-softmax","enc-attention-dropout","enc-attention-context","enc-attention-dense","enc-post-attention-dropout","enc-2nd-layernorm","enc-MLP-GEMM-1","enc-MLP-gelu","enc-MLP-GEMM-2","enc-post-MLP-dropout","enc-1st-layernorm","enc-attention-qkv","enc-attention-score","enc-attention-softmax","enc-attention-dropout","enc-attention-context","enc-attention-dense","enc-post-attention-dropout","enc-2nd-layernorm","enc-MLP-GEMM-1","enc-MLP-gelu","enc-MLP-GEMM-2","enc-post-MLP-dropout","enc-1st-layernorm","enc-attention-qkv","enc-attention-score","enc-attention-softmax","enc-attention-dropout","enc-attention-context","enc-attention-dense","enc-post-attention-dropout","enc-2nd-layernorm","enc-MLP-GEMM-1","enc-MLP-gelu","enc-MLP-GEMM-2","enc-post-MLP-dropout","enc-1st-layernorm","enc-attention-qkv","enc-attention-score","enc-attention-softmax","enc-attention-dropout","enc-attention-context","enc-attention-dense","enc-post-attention-dropout","enc-2nd-layernorm","enc-MLP-GEMM-1","enc-MLP-gelu","enc-MLP-GEMM-2","enc-post-MLP-dropout","enc-1st-layernorm","enc-attention-qkv","enc-attention-score","enc-attention-softmax","enc-attention-dropout","enc-attention-context","enc-attention-dense","enc-post-attention-dropout","enc-2nd-layernorm","enc-MLP-GEMM-1","enc-MLP-gelu","enc-MLP-GEMM-2","enc-post-MLP-dropout","final-layernorm","gpt-post-process",
[rank 7 recompute ops] enc-attention-dropout enc-attention-context enc-attention-dropout enc-attention-context enc-attention-dropout enc-attention-context enc-attention-dropout enc-attention-context enc-attention-dropout enc-attention-context enc-attention-dropout enc-attention-context enc-attention-dropout enc-attention-context enc-attention-dropout enc-attention-context enc-attention-dropout enc-attention-context enc-attention-dropout enc-attention-context enc-attention-dropout enc-attention-context enc-attention-dropout enc-attention-context enc-attention-dropout enc-attention-context enc-attention-dropout enc-attention-context enc-attention-dropout enc-attention-context enc-attention-dropout enc-attention-context enc-attention-dropout enc-attention-context enc-attention-dropout enc-attention-context enc-attention-dropout enc-attention-context enc-attention-dropout enc-attention-context enc-attention-dropout enc-attention-context enc-attention-dropout enc-attention-context enc-attention-dropout enc-attention-context enc-attention-dropout enc-attention-context enc-attention-dropout enc-attention-context enc-attention-dropout enc-attention-context enc-attention-dropout enc-attention-context enc-attention-dropout enc-attention-context enc-attention-dropout enc-attention-context enc-attention-dropout enc-attention-context enc-attention-dropout enc-attention-context enc-attention-dropout enc-attention-context enc-attention-dropout enc-attention-context enc-attention-dropout enc-attention-context enc-attention-dropout enc-attention-context enc-attention-dropout enc-attention-context enc-attention-dropout enc-attention-context enc-attention-dropout enc-attention-context enc-attention-dropout enc-attention-context enc-attention-dropout enc-attention-context enc-attention-dropout enc-attention-context enc-attention-dropout enc-attention-context enc-attention-dropout enc-attention-context enc-attention-dropout enc-attention-context enc-attention-dropout enc-attention-context enc-attention-dropout enc-attention-context enc-attention-dropout enc-attention-context enc-attention-dropout enc-attention-context enc-attention-dropout enc-attention-context enc-attention-dropout enc-attention-context enc-attention-dropout enc-attention-context enc-attention-dropout enc-attention-context enc-attention-dropout enc-attention-context enc-attention-dropout enc-attention-context enc-attention-dropout enc-attention-context enc-attention-dropout enc-attention-context enc-attention-dropout enc-attention-context enc-attention-dropout enc-attention-context enc-attention-dropout enc-attention-context enc-attention-dropout enc-attention-context enc-attention-dropout enc-attention-context 
[rank 6 all ops] "enc-attention-dropout","enc-attention-context","enc-attention-dense","enc-post-attention-dropout","enc-2nd-layernorm","enc-MLP-GEMM-1","enc-MLP-gelu","enc-MLP-GEMM-2","enc-post-MLP-dropout","enc-1st-layernorm","enc-attention-qkv","enc-attention-score","enc-attention-softmax","enc-attention-dropout","enc-attention-context","enc-attention-dense","enc-post-attention-dropout","enc-2nd-layernorm","enc-MLP-GEMM-1","enc-MLP-gelu","enc-MLP-GEMM-2","enc-post-MLP-dropout","enc-1st-layernorm","enc-attention-qkv","enc-attention-score","enc-attention-softmax","enc-attention-dropout","enc-attention-context","enc-attention-dense","enc-post-attention-dropout","enc-2nd-layernorm","enc-MLP-GEMM-1","enc-MLP-gelu","enc-MLP-GEMM-2","enc-post-MLP-dropout","enc-1st-layernorm","enc-attention-qkv","enc-attention-score","enc-attention-softmax","enc-attention-dropout","enc-attention-context","enc-attention-dense","enc-post-attention-dropout","enc-2nd-layernorm","enc-MLP-GEMM-1","enc-MLP-gelu","enc-MLP-GEMM-2","enc-post-MLP-dropout","enc-1st-layernorm","enc-attention-qkv","enc-attention-score","enc-attention-softmax","enc-attention-dropout","enc-attention-context","enc-attention-dense","enc-post-attention-dropout","enc-2nd-layernorm","enc-MLP-GEMM-1","enc-MLP-gelu","enc-MLP-GEMM-2","enc-post-MLP-dropout","enc-1st-layernorm","enc-attention-qkv","enc-attention-score","enc-attention-softmax","enc-attention-dropout","enc-attention-context","enc-attention-dense","enc-post-attention-dropout","enc-2nd-layernorm","enc-MLP-GEMM-1","enc-MLP-gelu","enc-MLP-GEMM-2","enc-post-MLP-dropout","enc-1st-layernorm","enc-attention-qkv","enc-attention-score","enc-attention-softmax","enc-attention-dropout","enc-attention-context","enc-attention-dense","enc-post-attention-dropout","enc-2nd-layernorm","enc-MLP-GEMM-1","enc-MLP-gelu","enc-MLP-GEMM-2","enc-post-MLP-dropout","enc-1st-layernorm","enc-attention-qkv","enc-attention-score","enc-attention-softmax","enc-attention-dropout","enc-attention-context","enc-attention-dense","enc-post-attention-dropout","enc-2nd-layernorm","enc-MLP-GEMM-1","enc-MLP-gelu","enc-MLP-GEMM-2","enc-post-MLP-dropout","enc-1st-layernorm","enc-attention-qkv","enc-attention-score","enc-attention-softmax","enc-attention-dropout","enc-attention-context","enc-attention-dense","enc-post-attention-dropout","enc-2nd-layernorm","enc-MLP-GEMM-1","enc-MLP-gelu","enc-MLP-GEMM-2","enc-post-MLP-dropout","enc-1st-layernorm","enc-attention-qkv","enc-attention-score","enc-attention-softmax","enc-attention-dropout","enc-attention-context","enc-attention-dense","enc-post-attention-dropout","enc-2nd-layernorm","enc-MLP-GEMM-1","enc-MLP-gelu","enc-MLP-GEMM-2","enc-post-MLP-dropout","enc-1st-layernorm","enc-attention-qkv","enc-attention-score","enc-attention-softmax","enc-attention-dropout","enc-attention-context","enc-attention-dense","enc-post-attention-dropout","enc-2nd-layernorm","enc-MLP-GEMM-1","enc-MLP-gelu","enc-MLP-GEMM-2","enc-post-MLP-dropout","enc-1st-layernorm","enc-attention-qkv","enc-attention-score","enc-attention-softmax","enc-attention-dropout","enc-attention-context","enc-attention-dense","enc-post-attention-dropout","enc-2nd-layernorm","enc-MLP-GEMM-1","enc-MLP-gelu","enc-MLP-GEMM-2","enc-post-MLP-dropout","enc-1st-layernorm","enc-attention-qkv","enc-attention-score","enc-attention-softmax","enc-attention-dropout","enc-attention-context","enc-attention-dense","enc-post-attention-dropout","enc-2nd-layernorm","enc-MLP-GEMM-1","enc-MLP-gelu","enc-MLP-GEMM-2","enc-post-MLP-dropout","enc-1st-layernorm","enc-attention-qkv","enc-attention-score","enc-attention-softmax","enc-attention-dropout","enc-attention-context","enc-attention-dense","enc-post-attention-dropout","enc-2nd-layernorm","enc-MLP-GEMM-1","enc-MLP-gelu","enc-MLP-GEMM-2","enc-post-MLP-dropout","enc-1st-layernorm","enc-attention-qkv","enc-attention-score","enc-attention-softmax","enc-attention-dropout","enc-attention-context","enc-attention-dense","enc-post-attention-dropout","enc-2nd-layernorm","enc-MLP-GEMM-1","enc-MLP-gelu","enc-MLP-GEMM-2","enc-post-MLP-dropout","enc-1st-layernorm","enc-attention-qkv","enc-attention-score","enc-attention-softmax","enc-attention-dropout","enc-attention-context","enc-attention-dense","enc-post-attention-dropout","enc-2nd-layernorm","enc-MLP-GEMM-1","enc-MLP-gelu","enc-MLP-GEMM-2","enc-post-MLP-dropout","enc-1st-layernorm","enc-attention-qkv","enc-attention-score","enc-attention-softmax","enc-attention-dropout","enc-attention-context","enc-attention-dense","enc-post-attention-dropout","enc-2nd-layernorm","enc-MLP-GEMM-1","enc-MLP-gelu","enc-MLP-GEMM-2","enc-post-MLP-dropout","enc-1st-layernorm","enc-attention-qkv","enc-attention-score","enc-attention-softmax","enc-attention-dropout","enc-attention-context","enc-attention-dense","enc-post-attention-dropout","enc-2nd-layernorm","enc-MLP-GEMM-1","enc-MLP-gelu","enc-MLP-GEMM-2","enc-post-MLP-dropout","enc-1st-layernorm","enc-attention-qkv","enc-attention-score","enc-attention-softmax","enc-attention-dropout","enc-attention-context","enc-attention-dense","enc-post-attention-dropout","enc-2nd-layernorm","enc-MLP-GEMM-1","enc-MLP-gelu","enc-MLP-GEMM-2","enc-post-MLP-dropout","enc-1st-layernorm","enc-attention-qkv","enc-attention-score","enc-attention-softmax","enc-attention-dropout","enc-attention-context","enc-attention-dense","enc-post-attention-dropout","enc-2nd-layernorm","enc-MLP-GEMM-1","enc-MLP-gelu","enc-MLP-GEMM-2","enc-post-MLP-dropout","enc-1st-layernorm","enc-attention-qkv","enc-attention-score","enc-attention-softmax","enc-attention-dropout","enc-attention-context","enc-attention-dense","enc-post-attention-dropout","enc-2nd-layernorm","enc-MLP-GEMM-1","enc-MLP-gelu","enc-MLP-GEMM-2","enc-post-MLP-dropout","enc-1st-layernorm","enc-attention-qkv","enc-attention-score","enc-attention-softmax","enc-attention-dropout","enc-attention-context","enc-attention-dense","enc-post-attention-dropout","enc-2nd-layernorm","enc-MLP-GEMM-1","enc-MLP-gelu","enc-MLP-GEMM-2","enc-post-MLP-dropout","enc-1st-layernorm","enc-attention-qkv","enc-attention-score","enc-attention-softmax","enc-attention-dropout","enc-attention-context","enc-attention-dense","enc-post-attention-dropout","enc-2nd-layernorm","enc-MLP-GEMM-1","enc-MLP-gelu","enc-MLP-GEMM-2","enc-post-MLP-dropout","enc-1st-layernorm","enc-attention-qkv","enc-attention-score","enc-attention-softmax","enc-attention-dropout","enc-attention-context","enc-attention-dense","enc-post-attention-dropout","enc-2nd-layernorm","enc-MLP-GEMM-1","enc-MLP-gelu","enc-MLP-GEMM-2","enc-post-MLP-dropout","enc-1st-layernorm","enc-attention-qkv","enc-attention-score","enc-attention-softmax","enc-attention-dropout","enc-attention-context","enc-attention-dense","enc-post-attention-dropout","enc-2nd-layernorm","enc-MLP-GEMM-1","enc-MLP-gelu","enc-MLP-GEMM-2","enc-post-MLP-dropout","enc-1st-layernorm","enc-attention-qkv","enc-attention-score","enc-attention-softmax","enc-attention-dropout","enc-attention-context","enc-attention-dense","enc-post-attention-dropout","enc-2nd-layernorm","enc-MLP-GEMM-1","enc-MLP-gelu","enc-MLP-GEMM-2","enc-post-MLP-dropout","enc-1st-layernorm","enc-attention-qkv","enc-attention-score","enc-attention-softmax","enc-attention-dropout","enc-attention-context","enc-attention-dense","enc-post-attention-dropout","enc-2nd-layernorm","enc-MLP-GEMM-1","enc-MLP-gelu","enc-MLP-GEMM-2","enc-post-MLP-dropout","enc-1st-layernorm","enc-attention-qkv","enc-attention-score","enc-attention-softmax","enc-attention-dropout","enc-attention-context","enc-attention-dense","enc-post-attention-dropout","enc-2nd-layernorm","enc-MLP-GEMM-1","enc-MLP-gelu","enc-MLP-GEMM-2","enc-post-MLP-dropout","enc-1st-layernorm","enc-attention-qkv","enc-attention-score","enc-attention-softmax","enc-attention-dropout","enc-attention-context","enc-attention-dense","enc-post-attention-dropout","enc-2nd-layernorm","enc-MLP-GEMM-1","enc-MLP-gelu","enc-MLP-GEMM-2","enc-post-MLP-dropout","enc-1st-layernorm","enc-attention-qkv","enc-attention-score","enc-attention-softmax","enc-attention-dropout","enc-attention-context","enc-attention-dense","enc-post-attention-dropout","enc-2nd-layernorm","enc-MLP-GEMM-1","enc-MLP-gelu","enc-MLP-GEMM-2","enc-post-MLP-dropout","enc-1st-layernorm","enc-attention-qkv","enc-attention-score","enc-attention-softmax","enc-attention-dropout","enc-attention-context","enc-attention-dense","enc-post-attention-dropout","enc-2nd-layernorm","enc-MLP-GEMM-1","enc-MLP-gelu","enc-MLP-GEMM-2","enc-post-MLP-dropout","enc-1st-layernorm","enc-attention-qkv","enc-attention-score","enc-attention-softmax","enc-attention-dropout","enc-attention-context","enc-attention-dense","enc-post-attention-dropout","enc-2nd-layernorm","enc-MLP-GEMM-1","enc-MLP-gelu","enc-MLP-GEMM-2","enc-post-MLP-dropout","enc-1st-layernorm","enc-attention-qkv","enc-attention-score","enc-attention-softmax","enc-attention-dropout","enc-attention-context","enc-attention-dense","enc-post-attention-dropout","enc-2nd-layernorm","enc-MLP-GEMM-1","enc-MLP-gelu","enc-MLP-GEMM-2","enc-post-MLP-dropout","enc-1st-layernorm","enc-attention-qkv","enc-attention-score","enc-attention-softmax","enc-attention-dropout","enc-attention-context","enc-attention-dense","enc-post-attention-dropout","enc-2nd-layernorm","enc-MLP-GEMM-1","enc-MLP-gelu","enc-MLP-GEMM-2","enc-post-MLP-dropout","enc-1st-layernorm","enc-attention-qkv","enc-attention-score","enc-attention-softmax","enc-attention-dropout","enc-attention-context","enc-attention-dense","enc-post-attention-dropout","enc-2nd-layernorm","enc-MLP-GEMM-1","enc-MLP-gelu","enc-MLP-GEMM-2","enc-post-MLP-dropout","enc-1st-layernorm","enc-attention-qkv","enc-attention-score","enc-attention-softmax","enc-attention-dropout","enc-attention-context","enc-attention-dense","enc-post-attention-dropout","enc-2nd-layernorm","enc-MLP-GEMM-1","enc-MLP-gelu","enc-MLP-GEMM-2","enc-post-MLP-dropout","enc-1st-layernorm","enc-attention-qkv","enc-attention-score","enc-attention-softmax","enc-attention-dropout","enc-attention-context","enc-attention-dense","enc-post-attention-dropout","enc-2nd-layernorm","enc-MLP-GEMM-1","enc-MLP-gelu","enc-MLP-GEMM-2","enc-post-MLP-dropout","enc-1st-layernorm","enc-attention-qkv","enc-attention-score","enc-attention-softmax","enc-attention-dropout","enc-attention-context","enc-attention-dense","enc-post-attention-dropout","enc-2nd-layernorm","enc-MLP-GEMM-1","enc-MLP-gelu","enc-MLP-GEMM-2","enc-post-MLP-dropout","enc-1st-layernorm","enc-attention-qkv","enc-attention-score","enc-attention-softmax","enc-attention-dropout","enc-attention-context","enc-attention-dense","enc-post-attention-dropout","enc-2nd-layernorm","enc-MLP-GEMM-1","enc-MLP-gelu","enc-MLP-GEMM-2","enc-post-MLP-dropout","enc-1st-layernorm","enc-attention-qkv","enc-attention-score","enc-attention-softmax","enc-attention-dropout","enc-attention-context","enc-attention-dense","enc-post-attention-dropout","enc-2nd-layernorm","enc-MLP-GEMM-1","enc-MLP-gelu","enc-MLP-GEMM-2","enc-post-MLP-dropout","enc-1st-layernorm","enc-attention-qkv","enc-attention-score","enc-attention-softmax","enc-attention-dropout","enc-attention-context","enc-attention-dense","enc-post-attention-dropout","enc-2nd-layernorm","enc-MLP-GEMM-1","enc-MLP-gelu","enc-MLP-GEMM-2","enc-post-MLP-dropout","enc-1st-layernorm","enc-attention-qkv","enc-attention-score","enc-attention-softmax","enc-attention-dropout","enc-attention-context","enc-attention-dense","enc-post-attention-dropout","enc-2nd-layernorm","enc-MLP-GEMM-1","enc-MLP-gelu","enc-MLP-GEMM-2","enc-post-MLP-dropout","enc-1st-layernorm","enc-attention-qkv","enc-attention-score","enc-attention-softmax","enc-attention-dropout","enc-attention-context","enc-attention-dense","enc-post-attention-dropout","enc-2nd-layernorm","enc-MLP-GEMM-1","enc-MLP-gelu","enc-MLP-GEMM-2","enc-post-MLP-dropout","enc-1st-layernorm","enc-attention-qkv","enc-attention-score","enc-attention-softmax","enc-attention-dropout","enc-attention-context","enc-attention-dense","enc-post-attention-dropout","enc-2nd-layernorm","enc-MLP-GEMM-1","enc-MLP-gelu","enc-MLP-GEMM-2","enc-post-MLP-dropout","enc-1st-layernorm","enc-attention-qkv","enc-attention-score","enc-attention-softmax","enc-attention-dropout","enc-attention-context","enc-attention-dense","enc-post-attention-dropout","enc-2nd-layernorm","enc-MLP-GEMM-1","enc-MLP-gelu","enc-MLP-GEMM-2","enc-post-MLP-dropout","enc-1st-layernorm","enc-attention-qkv","enc-attention-score","enc-attention-softmax","enc-attention-dropout","enc-attention-context","enc-attention-dense","enc-post-attention-dropout","enc-2nd-layernorm","enc-MLP-GEMM-1","enc-MLP-gelu","enc-MLP-GEMM-2","enc-post-MLP-dropout","enc-1st-layernorm","enc-attention-qkv","enc-attention-score","enc-attention-softmax","enc-attention-dropout","enc-attention-context","enc-attention-dense","enc-post-attention-dropout","enc-2nd-layernorm","enc-MLP-GEMM-1","enc-MLP-gelu","enc-MLP-GEMM-2","enc-post-MLP-dropout","enc-1st-layernorm","enc-attention-qkv","enc-attention-score","enc-attention-softmax","enc-attention-dropout","enc-attention-context","enc-attention-dense","enc-post-attention-dropout","enc-2nd-layernorm","enc-MLP-GEMM-1","enc-MLP-gelu","enc-MLP-GEMM-2","enc-post-MLP-dropout","enc-1st-layernorm","enc-attention-qkv","enc-attention-score","enc-attention-softmax","enc-attention-dropout","enc-attention-context","enc-attention-dense","enc-post-attention-dropout","enc-2nd-layernorm","enc-MLP-GEMM-1","enc-MLP-gelu","enc-MLP-GEMM-2","enc-post-MLP-dropout","enc-1st-layernorm","enc-attention-qkv","enc-attention-score","enc-attention-softmax","enc-attention-dropout","enc-attention-context","enc-attention-dense","enc-post-attention-dropout","enc-2nd-layernorm","enc-MLP-GEMM-1","enc-MLP-gelu","enc-MLP-GEMM-2","enc-post-MLP-dropout","enc-1st-layernorm","enc-attention-qkv","enc-attention-score","enc-attention-softmax","enc-attention-dropout","enc-attention-context","enc-attention-dense","enc-post-attention-dropout","enc-2nd-layernorm","enc-MLP-GEMM-1","enc-MLP-gelu","enc-MLP-GEMM-2","enc-post-MLP-dropout","enc-1st-layernorm","enc-attention-qkv","enc-attention-score","enc-attention-softmax","enc-attention-dropout","enc-attention-context","enc-attention-dense","enc-post-attention-dropout","enc-2nd-layernorm","enc-MLP-GEMM-1","enc-MLP-gelu","enc-MLP-GEMM-2","enc-post-MLP-dropout","enc-1st-layernorm","enc-attention-qkv","enc-attention-score","enc-attention-softmax","enc-attention-dropout","enc-attention-context","enc-attention-dense","enc-post-attention-dropout","enc-2nd-layernorm","enc-MLP-GEMM-1","enc-MLP-gelu","enc-MLP-GEMM-2","enc-post-MLP-dropout","enc-1st-layernorm","enc-attention-qkv","enc-attention-score","enc-attention-softmax","enc-attention-dropout","enc-attention-context","enc-attention-dense","enc-post-attention-dropout","enc-2nd-layernorm","enc-MLP-GEMM-1","enc-MLP-gelu","enc-MLP-GEMM-2","enc-post-MLP-dropout","enc-1st-layernorm","enc-attention-qkv","enc-attention-score","enc-attention-softmax","enc-attention-dropout","enc-attention-context","enc-attention-dense","enc-post-attention-dropout","enc-2nd-layernorm","enc-MLP-GEMM-1","enc-MLP-gelu","enc-MLP-GEMM-2","enc-post-MLP-dropout","enc-1st-layernorm","enc-attention-qkv","enc-attention-score","enc-attention-softmax","enc-attention-dropout","enc-attention-context","enc-attention-dense","enc-post-attention-dropout","enc-2nd-layernorm","enc-MLP-GEMM-1","enc-MLP-gelu","enc-MLP-GEMM-2","enc-post-MLP-dropout","enc-1st-layernorm","enc-attention-qkv","enc-attention-score","enc-attention-softmax","enc-attention-dropout","enc-attention-context","enc-attention-dense","enc-post-attention-dropout","enc-2nd-layernorm","enc-MLP-GEMM-1","enc-MLP-gelu","enc-MLP-GEMM-2","enc-post-MLP-dropout","enc-1st-layernorm","enc-attention-qkv","enc-attention-score","enc-attention-softmax","enc-attention-dropout","enc-attention-context","enc-attention-dense","enc-post-attention-dropout","enc-2nd-layernorm","enc-MLP-GEMM-1","enc-MLP-gelu","enc-MLP-GEMM-2","enc-post-MLP-dropout","enc-1st-layernorm","enc-attention-qkv","enc-attention-score","enc-attention-softmax","enc-attention-dropout","enc-attention-context","enc-attention-dense","enc-post-attention-dropout","enc-2nd-layernorm","enc-MLP-GEMM-1","enc-MLP-gelu","enc-MLP-GEMM-2","enc-post-MLP-dropout","enc-1st-layernorm","enc-attention-qkv","enc-attention-score","enc-attention-softmax","enc-attention-dropout","enc-attention-context","enc-attention-dense","enc-post-attention-dropout","enc-2nd-layernorm","enc-MLP-GEMM-1","enc-MLP-gelu","enc-MLP-GEMM-2","enc-post-MLP-dropout","enc-1st-layernorm","enc-attention-qkv","enc-attention-score","enc-attention-softmax","enc-attention-dropout","enc-attention-context","enc-attention-dense","enc-post-attention-dropout","enc-2nd-layernorm","enc-MLP-GEMM-1","enc-MLP-gelu","enc-MLP-GEMM-2","enc-post-MLP-dropout","enc-1st-layernorm","enc-attention-qkv","enc-attention-score","enc-attention-softmax","enc-attention-dropout","enc-attention-context","enc-attention-dense","enc-post-attention-dropout","enc-2nd-layernorm","enc-MLP-GEMM-1","enc-MLP-gelu","enc-MLP-GEMM-2","enc-post-MLP-dropout","enc-1st-layernorm","enc-attention-qkv","enc-attention-score","enc-attention-softmax","enc-attention-dropout","enc-attention-context","enc-attention-dense","enc-post-attention-dropout","enc-2nd-layernorm","enc-MLP-GEMM-1","enc-MLP-gelu","enc-MLP-GEMM-2","enc-post-MLP-dropout","enc-1st-layernorm","enc-attention-qkv","enc-attention-score","enc-attention-softmax","enc-attention-dropout","enc-attention-context","enc-attention-dense","enc-post-attention-dropout","enc-2nd-layernorm","enc-MLP-GEMM-1","enc-MLP-gelu","enc-MLP-GEMM-2","enc-post-MLP-dropout","enc-1st-layernorm","enc-attention-qkv","enc-attention-score","enc-attention-softmax","enc-attention-dropout","enc-attention-context","enc-attention-dense","enc-post-attention-dropout","enc-2nd-layernorm","enc-MLP-GEMM-1","enc-MLP-gelu","enc-MLP-GEMM-2","enc-post-MLP-dropout","final-layernorm","gpt-post-process",
[rank 6 recompute ops] enc-attention-dropout enc-attention-context enc-attention-dropout enc-attention-context enc-attention-dropout enc-attention-context enc-attention-dropout enc-attention-context enc-attention-dropout enc-attention-context enc-attention-dropout enc-attention-context enc-attention-dropout enc-attention-context enc-attention-dropout enc-attention-context enc-attention-dropout enc-attention-context enc-attention-dropout enc-attention-context enc-attention-dropout enc-attention-context enc-attention-dropout enc-attention-context enc-attention-dropout enc-attention-context enc-attention-dropout enc-attention-context enc-attention-dropout enc-attention-context enc-attention-dropout enc-attention-context enc-attention-dropout enc-attention-context enc-attention-dropout enc-attention-context enc-attention-dropout enc-attention-context enc-attention-dropout enc-attention-context enc-attention-dropout enc-attention-context enc-attention-dropout enc-attention-context enc-attention-dropout enc-attention-context enc-attention-dropout enc-attention-context enc-attention-dropout enc-attention-context enc-attention-dropout enc-attention-context enc-attention-dropout enc-attention-context enc-attention-dropout enc-attention-context enc-attention-dropout enc-attention-context enc-attention-dropout enc-attention-context enc-attention-dropout enc-attention-context enc-attention-dropout enc-attention-context enc-attention-dropout enc-attention-context enc-attention-dropout enc-attention-context enc-attention-dropout enc-attention-context enc-attention-dropout enc-attention-context enc-attention-dropout enc-attention-context enc-attention-dropout enc-attention-context enc-attention-dropout enc-attention-context enc-attention-dropout enc-attention-context enc-attention-dropout enc-attention-context enc-attention-dropout enc-attention-context enc-attention-dropout enc-attention-context enc-attention-dropout enc-attention-context enc-attention-dropout enc-attention-context enc-attention-dropout enc-attention-context enc-attention-dropout enc-attention-context enc-attention-dropout enc-attention-context enc-attention-dropout enc-attention-context enc-attention-dropout enc-attention-context enc-attention-dropout enc-attention-context enc-attention-dropout enc-attention-context enc-attention-dropout enc-attention-context enc-attention-dropout enc-attention-context enc-attention-dropout enc-attention-context enc-attention-dropout enc-attention-context enc-attention-dropout enc-attention-context enc-attention-dropout enc-attention-context enc-attention-dropout enc-attention-context enc-attention-dropout enc-attention-context enc-attention-dropout enc-attention-context 
 > number of parameters on (tensor, pipeline) model parallel rank (0, 3): 229872640

==> Time (ms) | [stage 1, virtual 0, rank 2] | model-and-optimizer-setup: 267.91 | train/valid/test-data-iterators-setup: 192.91

==> Memory | [stage 1, virtual 0, rank 2] memory (MB) | allocated: 1171.4443359375 | max allocated: 1171.4453125 | reserved: 1242.0 | max reserved: 1242.0

==> Time (ms) | [stage 1, virtual 0, rank 3] | model-and-optimizer-setup: 289.20 | train/valid/test-data-iterators-setup: 180.61

==> Memory | [stage 1, virtual 0, rank 3] memory (MB) | allocated: 1171.4443359375 | max allocated: 1171.4453125 | reserved: 1242.0 | max reserved: 1242.0

==> Time (ms) | [stage 2, virtual 0, rank 5] | model-and-optimizer-setup: 273.48 | train/valid/test-data-iterators-setup: 197.79

==> Memory | [stage 2, virtual 0, rank 5] memory (MB) | allocated: 1187.9765625 | max allocated: 1187.9794921875 | reserved: 1260.0 | max reserved: 1260.0

==> Time (ms) | [stage 2, virtual 0, rank 4] | model-and-optimizer-setup: 310.49 | train/valid/test-data-iterators-setup: 191.41

==> Memory | [stage 2, virtual 0, rank 4] memory (MB) | allocated: 1187.9765625 | max allocated: 1187.9794921875 | reserved: 1260.0 | max reserved: 1260.0
> learning rate decay style: cosine
[TIME] after model, optimizer, and learning rate scheduler are built (seconds): 11.875
> building train, validation, and test datasets ...
 > datasets target sizes (minimum size):
    train:      3072
    validation: 0
    test:       0

==> Time (ms) | [stage 3, virtual 0, rank 7] | model-and-optimizer-setup: 442.78 | train/valid/test-data-iterators-setup: 202.14

==> Memory | [stage 3, virtual 0, rank 7] memory (MB) | allocated: 1331.220703125 | max allocated: 1379.576171875 | reserved: 1442.0 | max reserved: 1442.0

==> Time (ms) | [stage 0, virtual 0, rank 1] | model-and-optimizer-setup: 473.24 | train/valid/test-data-iterators-setup: 183.54

==> Memory | [stage 0, virtual 0, rank 1] memory (MB) | allocated: 1293.1298828125 | max allocated: 1293.1328125 | reserved: 1356.0 | max reserved: 1356.0

==> Time (ms) | [stage 3, virtual 0, rank 6] | model-and-optimizer-setup: 490.99 | train/valid/test-data-iterators-setup: 176.35

==> Memory | [stage 3, virtual 0, rank 6] memory (MB) | allocated: 1331.220703125 | max allocated: 1379.576171875 | reserved: 1442.0 | max reserved: 1442.0
[TIME] after dataloaders are built (seconds): 12.023
done with setup ...

==> Time (ms) | [stage 0, virtual 0, rank 0] | model-and-optimizer-setup: 541.65 | train/valid/test-data-iterators-setup: 147.56

==> Memory | [stage 0, virtual 0, rank 0] memory (MB) | allocated: 1293.1298828125 | max allocated: 1293.1328125 | reserved: 1356.0 | max reserved: 1356.0
training ...

==> Time (ms) | [stage 2, virtual 0, rank 4] | forward-compute: 16264.23 | forward-recv: 2825.15 | forward-send: 15.41 | forward-send-backward-recv: 2635.50 | backward-compute: 30297.53 | backward-recv: 125.84 | backward-send: 1.13 | backward-send-forward-recv: 2216.52 | backward-params-all-reduce: 169.33 | backward-embedding-all-reduce: 0.45 | optimizer: 715.69 | batch-generator: 48.73

==> Memory | [stage 2, virtual 0, rank 4] memory (MB) | allocated: 3556.921875 | max allocated: 42679.2109375 | reserved: 43524.0 | max reserved: 43524.0

==> Time (ms) | [stage 0, virtual 0, rank 1] | forward-compute: 16046.73 | forward-send: 2520.42 | forward-send-backward-recv: 3012.65 | backward-compute: 32849.05 | backward-recv: 337.37 | backward-params-all-reduce: 166.96 | backward-embedding-all-reduce: 24.61 | optimizer: 183.53 | batch-generator: 54.86

==> Memory | [stage 0, virtual 0, rank 1] memory (MB) | allocated: 3856.6318359375 | max allocated: 39829.578125 | reserved: 40790.0 | max reserved: 40790.0

==> Time (ms) | [stage 0, virtual 0, rank 0] | forward-compute: 16005.24 | forward-send: 2364.16 | forward-send-backward-recv: 3078.75 | backward-compute: 32961.38 | backward-recv: 321.25 | backward-params-all-reduce: 166.25 | backward-embedding-all-reduce: 24.92 | optimizer: 184.36 | batch-generator: 53.59

==> Memory | [stage 0, virtual 0, rank 0] memory (MB) | allocated: 3856.6318359375 | max allocated: 39829.578125 | reserved: 40790.0 | max reserved: 40790.0

==> Time (ms) | [stage 1, virtual 0, rank 3] | forward-compute: 16297.20 | forward-recv: 1613.15 | forward-send: 1271.32 | forward-send-backward-recv: 2503.75 | backward-compute: 32282.80 | backward-recv: 230.44 | backward-send: 1.76 | backward-send-forward-recv: 473.56 | backward-params-all-reduce: 176.32 | backward-embedding-all-reduce: 0.43 | optimizer: 456.61 | batch-generator: 50.22

==> Memory | [stage 1, virtual 0, rank 3] memory (MB) | allocated: 3514.8251953125 | max allocated: 41131.9140625 | reserved: 42222.0 | max reserved: 42222.0

==> Time (ms) | [stage 2, virtual 0, rank 5] | forward-compute: 16374.53 | forward-recv: 2953.39 | forward-send: 24.89 | forward-send-backward-recv: 2577.03 | backward-compute: 30349.07 | backward-recv: 133.44 | backward-send: 1.24 | backward-send-forward-recv: 1910.61 | backward-params-all-reduce: 168.07 | backward-embedding-all-reduce: 0.53 | optimizer: 718.88 | batch-generator: 52.13

==> Memory | [stage 2, virtual 0, rank 5] memory (MB) | allocated: 3556.921875 | max allocated: 42679.2109375 | reserved: 43524.0 | max reserved: 43524.0

==> Time (ms) | [stage 1, virtual 0, rank 2] | forward-compute: 16153.47 | forward-recv: 1584.05 | forward-send: 1199.13 | forward-send-backward-recv: 2625.21 | backward-compute: 32258.58 | backward-recv: 212.89 | backward-send: 1.85 | backward-send-forward-recv: 634.34 | backward-params-all-reduce: 176.40 | backward-embedding-all-reduce: 0.51 | optimizer: 459.01 | batch-generator: 48.76

==> Memory | [stage 1, virtual 0, rank 2] memory (MB) | allocated: 3514.8251953125 | max allocated: 41131.9140625 | reserved: 42222.0 | max reserved: 42222.0
 iteration        1/       3 | consumed samples:         1024 | elapsed time per iteration (ms): 55409.3 | learning rate: 4.687E-08 | global batch size:  1024 | lm loss: 9.938761E+00 | loss scale: 4294967296.0 | grad norm: nan | number of skipped iterations:   0 | number of nan iterations:   0 |

==> Time (ms) | [stage 3, virtual 0, rank 6] | forward-compute: 18572.06 | forward-recv: 3955.53 | backward-compute: 29599.08 | backward-send: 1.72 | backward-send-forward-recv: 1836.21 | backward-params-all-reduce: 14.03 | backward-embedding-all-reduce: 924.98 | optimizer: 187.66 | batch-generator: 48.38

==> Memory | [stage 3, virtual 0, rank 6] memory (MB) | allocated: 4490.7802734375 | max allocated: 32254.11328125 | reserved: 32620.0 | max reserved: 32620.0

==> Time (ms) | [stage 3, virtual 0, rank 7] | forward-compute: 18534.86 | forward-recv: 4144.98 | backward-compute: 29545.62 | backward-send: 1.75 | backward-send-forward-recv: 1767.47 | backward-params-all-reduce: 14.40 | backward-embedding-all-reduce: 925.31 | optimizer: 187.95 | batch-generator: 48.37

==> Memory | [stage 3, virtual 0, rank 7] memory (MB) | allocated: 4490.7802734375 | max allocated: 32254.11328125 | reserved: 32620.0 | max reserved: 32620.0

==> Time (ms) | [stage 1, virtual 0, rank 2] | forward-compute: 14904.11 | forward-recv: 112.56 | forward-send: 24.94 | forward-send-backward-recv: 668.86 | backward-compute: 32080.18 | backward-recv: 216.01 | backward-send: 1.63 | backward-send-forward-recv: 466.64 | backward-params-all-reduce: 13.89 | backward-embedding-all-reduce: 0.44 | optimizer: 286.93 | batch-generator: 46.36

==> Memory | [stage 1, virtual 0, rank 2] memory (MB) | allocated: 3515.3251953125 | max allocated: 42669.16796875 | reserved: 43252.0 | max reserved: 43252.0

==> Time (ms) | [stage 1, virtual 0, rank 3] | forward-compute: 14935.27 | forward-recv: 114.47 | forward-send: 36.44 | forward-send-backward-recv: 712.85 | backward-compute: 32105.41 | backward-recv: 227.54 | backward-send: 1.69 | backward-send-forward-recv: 350.79 | backward-params-all-reduce: 13.96 | backward-embedding-all-reduce: 0.41 | optimizer: 286.31 | batch-generator: 47.42
==> Time (ms) | [stage 0, virtual 0, rank 1] | forward-compute: 14688.42 | forward-send: 43.63 | forward-send-backward-recv: 992.62 | backward-compute: 32697.64 | backward-recv: 352.82 | backward-params-all-reduce: 14.12 | backward-embedding-all-reduce: 1.78 | optimizer: 28.86 | batch-generator: 50.15
==> Time (ms) | [stage 0, virtual 0, rank 0] | forward-compute: 14702.83 | forward-send: 31.47 | forward-send-backward-recv: 927.06 | backward-compute: 32770.84 | backward-recv: 341.77 | backward-params-all-reduce: 13.32 | backward-embedding-all-reduce: 1.65 | optimizer: 28.91 | batch-generator: 50.23



==> Memory | [stage 0, virtual 0, rank 1] memory (MB) | allocated: 3863.6318359375 | max allocated: 41543.24609375 | reserved: 42082.0 | max reserved: 42082.0
==> Memory | [stage 0, virtual 0, rank 0] memory (MB) | allocated: 3863.6318359375 | max allocated: 41543.24609375 | reserved: 42082.0 | max reserved: 42082.0
==> Memory | [stage 1, virtual 0, rank 3] memory (MB) | allocated: 3515.3251953125 | max allocated: 42669.16796875 | reserved: 43252.0 | max reserved: 43252.0



==> Time (ms) | [stage 2, virtual 0, rank 4] | forward-compute: 15057.62 | forward-recv: 233.36 | forward-send: 1.72 | forward-send-backward-recv: 793.54 | backward-compute: 30137.09 | backward-recv: 125.80 | backward-send: 1.13 | backward-send-forward-recv: 1881.43 | backward-params-all-reduce: 13.96 | backward-embedding-all-reduce: 0.42 | optimizer: 539.75 | batch-generator: 46.95

==> Memory | [stage 2, virtual 0, rank 4] memory (MB) | allocated: 3559.421875 | max allocated: 44245.5078125 | reserved: 44810.0 | max reserved: 44810.0

==> Time (ms) | [stage 2, virtual 0, rank 5] | forward-compute: 15110.53 | forward-recv: 229.11 | forward-send: 1.74 | forward-send-backward-recv: 906.84 | backward-compute: 30140.30 | backward-recv: 137.17 | backward-send: 1.21 | backward-send-forward-recv: 1667.96 | backward-params-all-reduce: 14.22 | backward-embedding-all-reduce: 0.45 | optimizer: 539.96 | batch-generator: 49.36

==> Memory | [stage 2, virtual 0, rank 5] memory (MB) | allocated: 3559.421875 | max allocated: 44245.5078125 | reserved: 44810.0 | max reserved: 44810.0
 iteration        2/       3 | consumed samples:         2048 | elapsed time per iteration (ms): 49066.4 | learning rate: 9.375E-08 | global batch size:  1024 | loss scale: 2147483648.0 | grad norm: nan | number of skipped iterations:   0 | number of nan iterations:   0 |

==> Time (ms) | [stage 3, virtual 0, rank 6] | forward-compute: 16893.89 | forward-recv: 366.72 | backward-compute: 29422.50 | backward-send: 1.72 | backward-send-forward-recv: 1294.97 | backward-params-all-reduce: 13.93 | backward-embedding-all-reduce: 748.30 | optimizer: 29.62 | batch-generator: 45.91

==> Memory | [stage 3, virtual 0, rank 6] memory (MB) | allocated: 4494.2802734375 | max allocated: 34009.9033203125 | reserved: 34192.0 | max reserved: 34192.0

==> Time (ms) | [stage 3, virtual 0, rank 7] | forward-compute: 17008.41 | forward-recv: 377.36 | backward-compute: 29363.18 | backward-send: 1.74 | backward-send-forward-recv: 1221.35 | backward-params-all-reduce: 14.50 | backward-embedding-all-reduce: 748.08 | optimizer: 29.42 | batch-generator: 46.90

==> Memory | [stage 3, virtual 0, rank 7] memory (MB) | allocated: 4494.2802734375 | max allocated: 34009.9033203125 | reserved: 34192.0 | max reserved: 34192.0

==> Time (ms) | [stage 1, virtual 0, rank 2] | forward-compute: 14888.07 | forward-recv: 115.97 | forward-send: 4.08 | forward-send-backward-recv: 689.18 | backward-compute: 32070.65 | backward-recv: 215.81 | backward-send: 1.65 | backward-send-forward-recv: 400.21 | backward-params-all-reduce: 17.36 | backward-embedding-all-reduce: 0.43 | optimizer: 281.68 | batch-generator: 46.33

==> Memory | [stage 1, virtual 0, rank 2] memory (MB) | allocated: 3515.3251953125 | max allocated: 42669.16796875 | reserved: 43252.0 | max reserved: 43252.0

==> Time (ms) | [stage 1, virtual 0, rank 3] | forward-compute: 14929.97 | forward-recv: 115.60 | forward-send: 4.05 | forward-send-backward-recv: 659.09 | backward-compute: 32103.81 | backward-recv: 239.23 | backward-send: 1.72 | backward-send-forward-recv: 349.19 | backward-params-all-reduce: 16.40 | backward-embedding-all-reduce: 0.40 | optimizer: 282.87 | batch-generator: 46.88

==> Memory | [stage 1, virtual 0, rank 3] memory (MB) | allocated: 3515.3251953125 | max allocated: 42669.16796875 | reserved: 43252.0 | max reserved: 43252.0

==> Time (ms) | [stage 0, virtual 0, rank 1] | forward-compute: 14668.95 | forward-send: 11.56 | forward-send-backward-recv: 930.76 | backward-compute: 32669.33 | backward-recv: 366.23 | backward-params-all-reduce: 13.69 | backward-embedding-all-reduce: 1.84 | optimizer: 27.57 | batch-generator: 52.10

==> Memory | [stage 0, virtual 0, rank 1] memory (MB) | allocated: 3863.6318359375 | max allocated: 41543.24609375 | reserved: 42082.0 | max reserved: 42082.0

==> Time (ms) | [stage 2, virtual 0, rank 4] | forward-compute: 15031.40 | forward-recv: 232.13 | forward-send: 1.67 | forward-send-backward-recv: 853.58 | backward-compute: 30131.85 | backward-recv: 125.79 | backward-send: 1.12 | backward-send-forward-recv: 1760.54 | backward-params-all-reduce: 14.00 | backward-embedding-all-reduce: 0.43 | optimizer: 537.75 | batch-generator: 47.01

==> Memory | [stage 2, virtual 0, rank 4] memory (MB) | allocated: 3557.421875 | max allocated: 44245.5078125 | reserved: 44810.0 | max reserved: 44810.0

==> Time (ms) | [stage 0, virtual 0, rank 0] | forward-compute: 14670.84 | forward-send: 10.73 | forward-send-backward-recv: 925.65 | backward-compute: 32745.49 | backward-recv: 327.74 | backward-params-all-reduce: 13.21 | backward-embedding-all-reduce: 1.74 | optimizer: 27.68 | batch-generator: 50.51

==> Memory | [stage 0, virtual 0, rank 0] memory (MB) | allocated: 3863.6318359375 | max allocated: 41543.24609375 | reserved: 42082.0 | max reserved: 42082.0
[TIME] after training is done (seconds): 165.429

==> Time (ms) | [stage 2, virtual 0, rank 5] | forward-compute: 15024.97 | forward-recv: 231.72 | forward-send: 1.73 | forward-send-backward-recv: 1209.57 | backward-compute: 30116.04 | backward-recv: 149.77 | backward-send: 1.41 | backward-send-forward-recv: 1392.59 | backward-params-all-reduce: 14.49 | backward-embedding-all-reduce: 0.45 | optimizer: 538.15 | batch-generator: 47.64

==> Memory | [stage 2, virtual 0, rank 5] memory (MB) | allocated: 3557.421875 | max allocated: 44245.5078125 | reserved: 44810.0 | max reserved: 44810.0
 iteration        3/       3 | consumed samples:         3072 | elapsed time per iteration (ms): 48971.4 | learning rate: 1.406E-07 | global batch size:  1024 | loss scale: 1073741824.0 | grad norm: nan | number of skipped iterations:   0 | number of nan iterations:   0 |

==> Time (ms) | [stage 3, virtual 0, rank 7] | forward-compute: 17288.03 | forward-recv: 348.77 | backward-compute: 29360.80 | backward-send: 1.76 | backward-send-forward-recv: 889.86 | backward-params-all-reduce: 14.23 | backward-embedding-all-reduce: 747.45 | optimizer: 28.18 | batch-generator: 46.44

==> Memory | [stage 3, virtual 0, rank 7] memory (MB) | allocated: 4494.2802734375 | max allocated: 34009.9033203125 | reserved: 34192.0 | max reserved: 34192.0

==> Time (ms) | [stage 3, virtual 0, rank 6] | forward-compute: 16788.87 | forward-recv: 348.23 | backward-compute: 29417.06 | backward-send: 1.70 | backward-send-forward-recv: 1336.92 | backward-params-all-reduce: 13.86 | backward-embedding-all-reduce: 747.62 | optimizer: 28.35 | batch-generator: 45.72

==> Memory | [stage 3, virtual 0, rank 6] memory (MB) | allocated: 4494.2802734375 | max allocated: 34009.9033203125 | reserved: 34192.0 | max reserved: 34192.0
