------------------------ arguments ------------------------
  adaptive_hyper_parameters ....................... 5
  add_action_finetune_algo ........................ False
  add_action_finetune_dim ......................... False
  add_action_tp_dp_exchange ....................... False
  add_action_tune_tp_dp ........................... False
  check_recompute_with_group ...................... False
  config_save_path ................................ /home/liminglong.lml/sxz/SuperScaler/logs-large/aceso/configs/scale-layer/64layers/
  config_suffix ................................... 2026-5-15-12-57-57
  consider_collective_memory ...................... False
  consider_reserved_space ......................... True
  consider_shared_space ........................... True
  continue_when_fail .............................. True
  decoder_seq_len ................................. 512
  end_num_stages .................................. 8
  finetune_after_trial ............................ 0
  finetune_tp_dp_after_trial ...................... False
  flex_recompute .................................. True
  forbid_turn_back ................................ False
  global_batch_size ............................... 1024
  high_memory_rate ................................ 0.9
  init_dim ........................................ tp
  initial_point ................................... balance
  log_path ........................................ /home/liminglong.lml/sxz/SuperScaler/logs-large/aceso/search/scale-layer/64layers/
  max_num_hops .................................... 7
  max_num_trials .................................. 100
  max_op_move_steps ............................... 5
  max_tp .......................................... 8
  memory_limit .................................... 48000
  memory_main_params .............................. 2
  memory_optimizer ................................ 4
  memory_pred_type ................................ MAX
  micro_batch_size ................................ [1, 2, 4, 8]
  min_mbs ......................................... 1
  model_name ...................................... scale-layer
  model_size ...................................... 64layers
  multi_process ................................... True
  num_algos ....................................... 2
  num_gpus ........................................ 8
  num_gpus_per_node ............................... 8
  num_layers ...................................... 64
  num_nodes ....................................... 1
  num_of_saved_configs ............................ 1
  num_partners_in_op_mig .......................... 1
  only_top_1_target ............................... False
  op_group_size ................................... 1
  peak_mem_in_backward ............................ 1000
  predict_delta_time .............................. True
  print_debug_info ................................ False
  print_gpu_mig_details ........................... False
  print_move_op_details ........................... False
  print_recomp_debug_info ......................... False
  print_recompute_ops ............................. False
  profiled_time_path .............................. /home/liminglong.lml/sxz/SuperScaler/profiler/profiled-time-eurosys/
  random_order_actions ............................ False
  resharding ...................................... True
  save_to_csv ..................................... None
  seq_len ......................................... 2048
  simple_prim_mbs ................................. False
  simple_prim_mig ................................. False
  sort_metric ..................................... max_stage_time
  start_num_stages ................................ 1
  support_comm_predict ............................ False
  time_budget_per_trial ........................... 200
  time_budget_total ............................... 200
-------------------- end of arguments ---------------------
Starting CEGIS search with 1 to 8 stages...
working on num_stages = 1
start|17549.14|20525.10| op = [835]| tp = [1, ] | dp = [8, ] | algo = [0, ] | rc = [0] | gpus = [8] | micro_bs = 8 | time = [17549] | memory = [20525]
line146:config.memory_list:[20525.096999999965]
line147:config.time_list:[17549.140005247897]
------------------------------------------------------------------------------------------------------
cegis_search for the 0th times
开始求解check...
line351:
tp_list[1, 1, 1, 1, 1, 1, 1, 1, 1, 1, 1, 1, 1, 1, 1, 1, 1, 1, 1, 1, 1, 1, 1, 1, 1, 1, 1, 1, 1, 1, 1, 1, 1, 1, 1, 1, 1, 1, 1, 1, 1, 1, 1, 1, 1, 1, 1, 1, 1, 1, 1, 1, 1, 1, 1, 1, 1, 1, 1, 1, 1, 1, 1, 1, 1, 1, 1, 1, 1, 1, 1, 1, 1, 1, 1, 1, 1, 1, 1, 1, 1, 1, 1, 1, 1, 1, 1, 1, 1, 1, 1, 1, 1, 1, 1, 1, 1, 1, 1, 1, 1, 1, 1, 1, 1, 1, 1, 1, 1, 1, 1, 1, 1, 1, 1, 1, 1, 1, 1, 1, 1, 1, 1, 1, 1, 1, 1, 1, 1, 1, 1, 1, 1, 1, 1, 1, 1, 1, 1, 1, 1, 1, 1, 1, 1, 1, 1, 1, 1, 1, 1, 1, 1, 1, 1, 1, 1, 1, 1, 1, 1, 1, 1, 1, 1, 1, 1, 1, 1, 1, 1, 1, 1, 1, 1, 1, 1, 1, 1, 1, 1, 1, 1, 1, 1, 1, 1, 1, 1, 1, 1, 1, 1, 1, 1, 1, 1, 1, 1, 1, 1, 1, 1, 1, 1, 1, 1, 1, 1, 1, 1, 1, 1, 1, 1, 1, 1, 1, 1, 1, 1, 1, 1, 1, 1, 1, 1, 1, 1, 1, 1, 1, 1, 1, 1, 1, 1, 1, 1, 1, 1, 1, 1, 1, 1, 1, 1, 1, 1, 1, 1, 1, 1, 1, 1, 1, 1, 1, 1, 1, 1, 1, 1, 1, 1, 1, 1, 1, 1, 1, 1, 1, 1, 1, 1, 1, 1, 1, 1, 1, 1, 1, 1, 1, 1, 1, 1, 1, 1, 1, 1, 1, 1, 1, 1, 1, 1, 1, 1, 1, 1, 1, 1, 1, 1, 1, 1, 1, 1, 1, 1, 1, 1, 1, 1, 1, 1, 1, 1, 1, 1, 1, 1, 1, 1, 1, 1, 1, 1, 1, 1, 1, 1, 1, 1, 1, 1, 1, 1, 1, 1, 1, 1, 1, 1, 1, 1, 1, 1, 1, 1, 1, 1, 1, 1, 1, 1, 1, 1, 1, 1, 1, 1, 1, 1, 1, 1, 1, 1, 1, 1, 1, 1, 1, 1, 1, 1, 1, 1, 1, 1, 1, 1, 1, 1, 1, 1, 1, 1, 1, 1, 1, 1, 1, 1, 1, 1, 1, 1, 1, 1, 1, 1, 1, 1, 1, 1, 1, 1, 1, 1, 1, 1, 1, 1, 1, 1, 1, 1, 1, 1, 1, 1, 1, 1, 1, 1, 1, 1, 1, 1, 1, 1, 1, 1, 1, 1, 1, 1, 1, 1, 1, 1, 1, 1, 1, 1, 1, 1, 1, 1, 1, 1, 1, 1, 1, 1, 1, 1, 1, 1, 1, 1, 1, 1, 1, 1, 1, 1, 1, 1, 1, 1, 1, 1, 1, 1, 1, 1, 1, 1, 1, 1, 1, 1, 1, 1, 1, 1, 1, 1, 1, 1, 1, 1, 1, 1, 1, 1, 1, 1, 1, 1, 1, 1, 1, 1, 1, 1, 1, 1, 1, 1, 1, 1, 1, 1, 1, 1, 1, 1, 1, 1, 1, 1, 1, 1, 1, 1, 1, 1, 1, 1, 1, 1, 1, 1, 1, 1, 1, 1, 1, 1, 1, 1, 1, 1, 1, 1, 1, 1, 1, 1, 1, 1, 1, 1, 1, 1, 1, 1, 1, 1, 1, 1, 1, 1, 1, 1, 1, 1, 1, 1, 1, 1, 1, 1, 1, 1, 1, 1, 1, 1, 1, 1, 1, 1, 1, 1, 1, 1, 1, 1, 1, 1, 1, 1, 1, 1, 1, 1, 1, 1, 1, 1, 1, 1, 1, 1, 1, 1, 1, 1, 1, 1, 1, 1, 1, 1, 1, 1, 1, 1, 1, 1, 1, 1, 1, 1, 1, 1, 1, 1, 1, 1, 1, 1, 1, 1, 1, 1, 1, 1, 1, 1, 1, 1, 1, 1, 1, 1, 1, 1, 1, 1, 1, 1, 1, 1, 1, 1, 1, 1, 1, 1, 1, 1, 1, 1, 1, 1, 1, 1, 1, 1, 1, 1, 1, 1, 1, 1, 1, 1, 1, 1, 1, 1, 1, 1, 1, 1, 1, 1, 1, 1, 1, 1, 1, 1, 1, 1, 1, 1, 1, 1, 1, 1, 1, 1, 1, 1, 1, 1, 1, 1, 1, 1, 1, 1, 1, 1, 1, 1, 1, 1, 1, 1, 1, 1, 1, 1, 1, 1, 1, 1, 1, 1, 1, 1, 1, 1, 1, 1, 1, 1, 1, 1, 1, 1, 1, 1, 1, 1, 1, 1, 1, 1, 1, 1, 1, 1, 1, 1, 1, 1, 1, 1, 1, 1, 1, 1, 1, 1, 1, 1, 1, 1, 1, 1, 1, 1, 1, 1, 1, 1, 1, 1, 1, 1, 1, 1, 1, 1, 1, 1, 1, 1, 1, 1, 1, 1, 1, 1, 1, 1, 1, 1, 1, 1, 1, 1, 1, 1, 1, 1, 1, 1, 1, 1, 1, 1, 1, 1, 1, 1, 1, 1, 1, 1, 1, 1, 1, 1, 1, 1]
dp_list[8, 8, 8, 8, 8, 8, 8, 8, 8, 8, 8, 8, 8, 8, 8, 8, 8, 8, 8, 8, 8, 8, 8, 8, 8, 8, 8, 8, 8, 8, 8, 8, 8, 8, 8, 8, 8, 8, 8, 8, 8, 8, 8, 8, 8, 8, 8, 8, 8, 8, 8, 8, 8, 8, 8, 8, 8, 8, 8, 8, 8, 8, 8, 8, 8, 8, 8, 8, 8, 8, 8, 8, 8, 8, 8, 8, 8, 8, 8, 8, 8, 8, 8, 8, 8, 8, 8, 8, 8, 8, 8, 8, 8, 8, 8, 8, 8, 8, 8, 8, 8, 8, 8, 8, 8, 8, 8, 8, 8, 8, 8, 8, 8, 8, 8, 8, 8, 8, 8, 8, 8, 8, 8, 8, 8, 8, 8, 8, 8, 8, 8, 8, 8, 8, 8, 8, 8, 8, 8, 8, 8, 8, 8, 8, 8, 8, 8, 8, 8, 8, 8, 8, 8, 8, 8, 8, 8, 8, 8, 8, 8, 8, 8, 8, 8, 8, 8, 8, 8, 8, 8, 8, 8, 8, 8, 8, 8, 8, 8, 8, 8, 8, 8, 8, 8, 8, 8, 8, 8, 8, 8, 8, 8, 8, 8, 8, 8, 8, 8, 8, 8, 8, 8, 8, 8, 8, 8, 8, 8, 8, 8, 8, 8, 8, 8, 8, 8, 8, 8, 8, 8, 8, 8, 8, 8, 8, 8, 8, 8, 8, 8, 8, 8, 8, 8, 8, 8, 8, 8, 8, 8, 8, 8, 8, 8, 8, 8, 8, 8, 8, 8, 8, 8, 8, 8, 8, 8, 8, 8, 8, 8, 8, 8, 8, 8, 8, 8, 8, 8, 8, 8, 8, 8, 8, 8, 8, 8, 8, 8, 8, 8, 8, 8, 8, 8, 8, 8, 8, 8, 8, 8, 8, 8, 8, 8, 8, 8, 8, 8, 8, 8, 8, 8, 8, 8, 8, 8, 8, 8, 8, 8, 8, 8, 8, 8, 8, 8, 8, 8, 8, 8, 8, 8, 8, 8, 8, 8, 8, 8, 8, 8, 8, 8, 8, 8, 8, 8, 8, 8, 8, 8, 8, 8, 8, 8, 8, 8, 8, 8, 8, 8, 8, 8, 8, 8, 8, 8, 8, 8, 8, 8, 8, 8, 8, 8, 8, 8, 8, 8, 8, 8, 8, 8, 8, 8, 8, 8, 8, 8, 8, 8, 8, 8, 8, 8, 8, 8, 8, 8, 8, 8, 8, 8, 8, 8, 8, 8, 8, 8, 8, 8, 8, 8, 8, 8, 8, 8, 8, 8, 8, 8, 8, 8, 8, 8, 8, 8, 8, 8, 8, 8, 8, 8, 8, 8, 8, 8, 8, 8, 8, 8, 8, 8, 8, 8, 8, 8, 8, 8, 8, 8, 8, 8, 8, 8, 8, 8, 8, 8, 8, 8, 8, 8, 8, 8, 8, 8, 8, 8, 8, 8, 8, 8, 8, 8, 8, 8, 8, 8, 8, 8, 8, 8, 8, 8, 8, 8, 8, 8, 8, 8, 8, 8, 8, 8, 8, 8, 8, 8, 8, 8, 8, 8, 8, 8, 8, 8, 8, 8, 8, 8, 8, 8, 8, 8, 8, 8, 8, 8, 8, 8, 8, 8, 8, 8, 8, 8, 8, 8, 8, 8, 8, 8, 8, 8, 8, 8, 8, 8, 8, 8, 8, 8, 8, 8, 8, 8, 8, 8, 8, 8, 8, 8, 8, 8, 8, 8, 8, 8, 8, 8, 8, 8, 8, 8, 8, 8, 8, 8, 8, 8, 8, 8, 8, 8, 8, 8, 8, 8, 8, 8, 8, 8, 8, 8, 8, 8, 8, 8, 8, 8, 8, 8, 8, 8, 8, 8, 8, 8, 8, 8, 8, 8, 8, 8, 8, 8, 8, 8, 8, 8, 8, 8, 8, 8, 8, 8, 8, 8, 8, 8, 8, 8, 8, 8, 8, 8, 8, 8, 8, 8, 8, 8, 8, 8, 8, 8, 8, 8, 8, 8, 8, 8, 8, 8, 8, 8, 8, 8, 8, 8, 8, 8, 8, 8, 8, 8, 8, 8, 8, 8, 8, 8, 8, 8, 8, 8, 8, 8, 8, 8, 8, 8, 8, 8, 8, 8, 8, 8, 8, 8, 8, 8, 8, 8, 8, 8, 8, 8, 8, 8, 8, 8, 8, 8, 8, 8, 8, 8, 8, 8, 8, 8, 8, 8, 8, 8, 8, 8, 8, 8, 8, 8, 8, 8, 8, 8, 8, 8, 8, 8, 8, 8, 8, 8, 8, 8, 8, 8, 8, 8, 8, 8, 8, 8, 8, 8, 8, 8, 8, 8, 8, 8, 8, 8, 8, 8, 8, 8, 8, 8, 8, 8, 8, 8, 8, 8, 8, 8, 8, 8, 8, 8, 8, 8, 8, 8, 8, 8, 8, 8, 8, 8, 8, 8, 8, 8, 8, 8, 8, 8, 8, 8, 8, 8, 8, 8, 8, 8, 8, 8, 8, 8, 8, 8, 8, 8, 8, 8, 8, 8, 8, 8, 8, 8, 8, 8, 8, 8, 8, 8, 8, 8, 8, 8, 8, 8, 8, 8, 8, 8, 8, 8, 8, 8, 8, 8, 8, 8, 8, 8, 8, 8, 8, 8, 8, 8, 8, 8, 8, 8, 8, 8, 8, 8]
algo_list[0, 0, 0, 0, 0, 0, 0, 0, 0, 0, 0, 0, 0, 0, 0, 0, 0, 0, 0, 0, 0, 0, 0, 0, 0, 0, 0, 0, 0, 0, 0, 0, 0, 0, 0, 0, 0, 0, 0, 0, 0, 0, 0, 0, 0, 0, 0, 0, 0, 0, 0, 0, 0, 0, 0, 0, 0, 0, 0, 0, 0, 0, 0, 0, 0, 0, 0, 0, 0, 0, 0, 0, 0, 0, 0, 0, 0, 0, 0, 0, 0, 0, 0, 0, 0, 0, 0, 0, 0, 0, 0, 0, 0, 0, 0, 0, 0, 0, 0, 0, 0, 0, 0, 0, 0, 0, 0, 0, 0, 0, 0, 0, 0, 0, 0, 0, 0, 0, 0, 0, 0, 0, 0, 0, 0, 0, 0, 0, 0, 0, 0, 0, 0, 0, 0, 0, 0, 0, 0, 0, 0, 0, 0, 0, 0, 0, 0, 0, 0, 0, 0, 0, 0, 0, 0, 0, 0, 0, 0, 0, 0, 0, 0, 0, 0, 0, 0, 0, 0, 0, 0, 0, 0, 0, 0, 0, 0, 0, 0, 0, 0, 0, 0, 0, 0, 0, 0, 0, 0, 0, 0, 0, 0, 0, 0, 0, 0, 0, 0, 0, 0, 0, 0, 0, 0, 0, 0, 0, 0, 0, 0, 0, 0, 0, 0, 0, 0, 0, 0, 0, 0, 0, 0, 0, 0, 0, 0, 0, 0, 0, 0, 0, 0, 0, 0, 0, 0, 0, 0, 0, 0, 0, 0, 0, 0, 0, 0, 0, 0, 0, 0, 0, 0, 0, 0, 0, 0, 0, 0, 0, 0, 0, 0, 0, 0, 0, 0, 0, 0, 0, 0, 0, 0, 0, 0, 0, 0, 0, 0, 0, 0, 0, 0, 0, 0, 0, 0, 0, 0, 0, 0, 0, 0, 0, 0, 0, 0, 0, 0, 0, 0, 0, 0, 0, 0, 0, 0, 0, 0, 0, 0, 0, 0, 0, 0, 0, 0, 0, 0, 0, 0, 0, 0, 0, 0, 0, 0, 0, 0, 0, 0, 0, 0, 0, 0, 0, 0, 0, 0, 0, 0, 0, 0, 0, 0, 0, 0, 0, 0, 0, 0, 0, 0, 0, 0, 0, 0, 0, 0, 0, 0, 0, 0, 0, 0, 0, 0, 0, 0, 0, 0, 0, 0, 0, 0, 0, 0, 0, 0, 0, 0, 0, 0, 0, 0, 0, 0, 0, 0, 0, 0, 0, 0, 0, 0, 0, 0, 0, 0, 0, 0, 0, 0, 0, 0, 0, 0, 0, 0, 0, 0, 0, 0, 0, 0, 0, 0, 0, 0, 0, 0, 0, 0, 0, 0, 0, 0, 0, 0, 0, 0, 0, 0, 0, 0, 0, 0, 0, 0, 0, 0, 0, 0, 0, 0, 0, 0, 0, 0, 0, 0, 0, 0, 0, 0, 0, 0, 0, 0, 0, 0, 0, 0, 0, 0, 0, 0, 0, 0, 0, 0, 0, 0, 0, 0, 0, 0, 0, 0, 0, 0, 0, 0, 0, 0, 0, 0, 0, 0, 0, 0, 0, 0, 0, 0, 0, 0, 0, 0, 0, 0, 0, 0, 0, 0, 0, 0, 0, 0, 0, 0, 0, 0, 0, 0, 0, 0, 0, 0, 0, 0, 0, 0, 0, 0, 0, 0, 0, 0, 0, 0, 0, 0, 0, 0, 0, 0, 0, 0, 0, 0, 0, 0, 0, 0, 0, 0, 0, 0, 0, 0, 0, 0, 0, 0, 0, 0, 0, 0, 0, 0, 0, 0, 0, 0, 0, 0, 0, 0, 0, 0, 0, 0, 0, 0, 0, 0, 0, 0, 0, 0, 0, 0, 0, 0, 0, 0, 0, 0, 0, 0, 0, 0, 0, 0, 0, 0, 0, 0, 0, 0, 0, 0, 0, 0, 0, 0, 0, 0, 0, 0, 0, 0, 0, 0, 0, 0, 0, 0, 0, 0, 0, 0, 0, 0, 0, 0, 0, 0, 0, 0, 0, 0, 0, 0, 0, 0, 0, 0, 0, 0, 0, 0, 0, 0, 0, 0, 0, 0, 0, 0, 0, 0, 0, 0, 0, 0, 0, 0, 0, 0, 0, 0, 0, 0, 0, 0, 0, 0, 0, 0, 0, 0, 0, 0, 0, 0, 0, 0, 0, 0, 0, 0, 0, 0, 0, 0, 0, 0, 0, 0, 0, 0, 0, 0, 0, 0, 0, 0, 0, 0, 0, 0, 0, 0, 0, 0, 0, 0, 0, 0, 0, 0, 0, 0, 0, 0, 0, 0, 0, 0, 0, 0, 0, 0, 0, 0, 0, 0, 0, 0, 0, 0, 0, 0, 0, 0, 0, 0, 0, 0, 0, 0, 0, 0, 0, 0, 0, 0, 0, 0, 0, 0, 0, 0, 0, 0, 0, 0, 0, 0, 0, 0, 0, 0, 0, 0, 0, 0, 0, 0, 0, 0, 0, 0, 0, 0, 0, 0, 0, 0, 0, 0, 0, 0, 0, 0, 0, 0, 0, 0, 0, 0, 0, 0, 0, 0, 0, 0, 0, 0, 0, 0, 0, 0, 0, 0, 0, 0, 0, 0, 0, 0, 0, 0, 0, 0, 0, 0, 0, 0, 0, 0, 0, 0, 0, 0, 0, 0, 0, 0, 0, 0, 0, 0]

decode|17549.14|20525.10| op = [835]| tp = [1, ] | dp = [8, ] | algo = [0, ] | rc = [0] | gpus = [8] | micro_bs = 8 | time = [17549] | memory = [20525]
验证解
line146:config.memory_list:[20525.096999999965]
line147:config.time_list:[17549.140005247897]
求解成功
config has been saved to /home/liminglong.lml/sxz/SuperScaler/logs-large/aceso/configs/scale-layer/64layers/scale-layer_64layers_1stages_2026-5-15-12-57-57.json

========== Best Result (num_stages = 1) ==========
|17549.14|20525.10| op = [835]| tp = [1, ] | dp = [8, ] | algo = [0, ] | rc = [0] | gpus = [8] | micro_bs = 8 | time = [17549] | memory = [20525]
start|17549.14|20525.10| op = [835]| tp = [1, ] | dp = [8, ] | algo = [0, ] | rc = [0] | gpus = [8] | micro_bs = 8 | time = [17549] | memory = [20525]
decode|17549.14|20525.10| op = [835]| tp = [1, ] | dp = [8, ] | algo = [0, ] | rc = [0] | gpus = [8] | micro_bs = 8 | time = [17549] | memory = [20525]

num_targets: []
num_hops: []
search time = 0.00 s.  [0] 
num_explored_cases = 0
time trend: [17549]

stage 1 search time: 0.14 s
working on num_stages = 2
start|13762.35|34104.06| op = [418, 417]| tp = [1, 1, ] | dp = [4, 4, ] | algo = [0, 0, ] | rc = [0, 0] | gpus = [4, 4] | micro_bs = 8 | time = [12562, 13762] | memory = [34104, 19134]
line146:config.memory_list:[34104.06200000005, 19134.035000000025]
line147:config.time_list:[12562.153957292707, 13762.348525386747]
------------------------------------------------------------------------------------------------------
cegis_search for the 0th times
开始求解check...
line351:
tp_list[1, 1, 1, 1, 1, 1, 1, 1, 1, 1, 1, 1, 1, 1, 1, 1, 1, 1, 1, 1, 1, 1, 1, 1, 1, 1, 1, 1, 1, 1, 1, 1, 1, 1, 1, 1, 1, 1, 1, 1, 1, 1, 1, 1, 1, 1, 1, 1, 1, 1, 1, 1, 1, 1, 1, 1, 1, 1, 1, 1, 1, 1, 1, 1, 1, 1, 1, 1, 1, 1, 1, 1, 1, 1, 1, 1, 1, 1, 1, 1, 1, 1, 1, 1, 1, 1, 1, 1, 1, 1, 1, 1, 1, 1, 1, 1, 1, 1, 1, 1, 1, 1, 1, 1, 1, 1, 1, 1, 1, 1, 1, 1, 1, 1, 1, 1, 1, 1, 1, 1, 1, 1, 1, 1, 1, 1, 1, 1, 1, 1, 1, 1, 1, 1, 1, 1, 1, 1, 1, 1, 1, 1, 1, 1, 1, 1, 1, 1, 1, 1, 1, 1, 1, 1, 1, 1, 1, 1, 1, 1, 1, 1, 1, 1, 1, 1, 1, 1, 1, 1, 1, 1, 1, 1, 1, 1, 1, 1, 1, 1, 1, 1, 1, 1, 1, 1, 1, 1, 1, 1, 1, 1, 1, 1, 1, 1, 1, 1, 1, 1, 1, 1, 1, 1, 1, 1, 1, 1, 1, 1, 1, 1, 1, 1, 1, 1, 1, 1, 1, 1, 1, 1, 1, 1, 1, 1, 1, 1, 1, 1, 1, 1, 1, 1, 1, 1, 1, 1, 1, 1, 1, 1, 1, 1, 1, 1, 1, 1, 1, 1, 1, 1, 1, 1, 1, 1, 1, 1, 1, 1, 1, 1, 1, 1, 1, 1, 1, 1, 1, 1, 1, 1, 1, 1, 1, 1, 1, 1, 1, 1, 1, 1, 1, 1, 1, 1, 1, 1, 1, 1, 1, 1, 1, 1, 1, 1, 1, 1, 1, 1, 1, 1, 1, 1, 1, 1, 1, 1, 1, 1, 1, 1, 1, 1, 1, 1, 1, 1, 1, 1, 1, 1, 1, 1, 1, 1, 1, 1, 1, 1, 1, 1, 1, 1, 1, 1, 1, 1, 1, 1, 1, 1, 1, 1, 1, 1, 1, 1, 1, 1, 1, 1, 1, 1, 1, 1, 1, 1, 1, 1, 1, 1, 1, 1, 1, 1, 1, 1, 1, 1, 1, 1, 1, 1, 1, 1, 1, 1, 1, 1, 1, 1, 1, 1, 1, 1, 1, 1, 1, 1, 1, 1, 1, 1, 1, 1, 1, 1, 1, 1, 1, 1, 1, 1, 1, 1, 1, 1, 1, 1, 1, 1, 1, 1, 1, 1, 1, 1, 1, 1, 1, 1, 1, 1, 1, 1, 1, 1, 1, 1, 1, 1, 1, 1, 1, 1, 1, 1, 1, 1, 1, 1, 1, 1, 1, 1, 1, 1, 1, 1, 1, 1, 1, 1, 1, 1, 1, 1, 1, 1, 1, 1, 1, 1, 1, 1, 1, 1, 1, 1, 1, 1, 1, 1, 1, 1, 1, 1, 1, 1, 1, 1, 1, 1, 1, 1, 1, 1, 1, 1, 1, 1, 1, 1, 1, 1, 1, 1, 1, 1, 1, 1, 1, 1, 1, 1, 1, 1, 1, 1, 1, 1, 1, 1, 1, 1, 1, 1, 1, 1, 1, 1, 1, 1, 1, 1, 1, 1, 1, 1, 1, 1, 1, 1, 1, 1, 1, 1, 1, 1, 1, 1, 1, 1, 1, 1, 1, 1, 1, 1, 1, 1, 1, 1, 1, 1, 1, 1, 1, 1, 1, 1, 1, 1, 1, 1, 1, 1, 1, 1, 1, 1, 1, 1, 1, 1, 1, 1, 1, 1, 1, 1, 1, 1, 1, 1, 1, 1, 1, 1, 1, 1, 1, 1, 1, 1, 1, 1, 1, 1, 1, 1, 1, 1, 1, 1, 1, 1, 1, 1, 1, 1, 1, 1, 1, 1, 1, 1, 1, 1, 1, 1, 1, 1, 1, 1, 1, 1, 1, 1, 1, 1, 1, 1, 1, 1, 1, 1, 1, 1, 1, 1, 1, 1, 1, 1, 1, 1, 1, 1, 1, 1, 1, 1, 1, 1, 1, 1, 1, 1, 1, 1, 1, 1, 1, 1, 1, 1, 1, 1, 1, 1, 1, 1, 1, 1, 1, 1, 1, 1, 1, 1, 1, 1, 1, 1, 1, 1, 1, 1, 1, 1, 1, 1, 1, 1, 1, 1, 1, 1, 1, 1, 1, 1, 1, 1, 1, 1, 1, 1, 1, 1, 1, 1, 1, 1, 1, 1, 1, 1, 1, 1, 1, 1, 1, 1, 1, 1, 1, 1, 1, 1, 1, 1, 1, 1, 1, 1, 1, 1, 1, 1, 1, 1, 1, 1, 1, 1, 1, 1, 1, 1, 1, 1, 1, 1, 1, 1, 1, 1, 1, 1, 1, 1, 1, 1, 1, 1, 1, 1, 1, 1, 1, 1, 1, 1, 1, 1, 1, 1, 1, 1, 1, 1, 1, 1, 1, 1, 1, 1, 1, 1, 1, 1, 1, 1, 1, 1, 1, 1, 1, 1, 1, 1, 1, 1, 1, 1, 1, 1, 1, 1, 1, 1, 1, 1, 1, 1, 1, 1, 1, 1, 1, 1, 1, 1, 1, 1, 1, 1, 1, 1, 1, 1, 1]
dp_list[4, 4, 4, 4, 4, 4, 4, 4, 4, 4, 4, 4, 4, 4, 4, 4, 4, 4, 4, 4, 4, 4, 4, 4, 4, 4, 4, 4, 4, 4, 4, 4, 4, 4, 4, 4, 4, 4, 4, 4, 4, 4, 4, 4, 4, 4, 4, 4, 4, 4, 4, 4, 4, 4, 4, 4, 4, 4, 4, 4, 4, 4, 4, 4, 4, 4, 4, 4, 4, 4, 4, 4, 4, 4, 4, 4, 4, 4, 4, 4, 4, 4, 4, 4, 4, 4, 4, 4, 4, 4, 4, 4, 4, 4, 4, 4, 4, 4, 4, 4, 4, 4, 4, 4, 4, 4, 4, 4, 4, 4, 4, 4, 4, 4, 4, 4, 4, 4, 4, 4, 4, 4, 4, 4, 4, 4, 4, 4, 4, 4, 4, 4, 4, 4, 4, 4, 4, 4, 4, 4, 4, 4, 4, 4, 4, 4, 4, 4, 4, 4, 4, 4, 4, 4, 4, 4, 4, 4, 4, 4, 4, 4, 4, 4, 4, 4, 4, 4, 4, 4, 4, 4, 4, 4, 4, 4, 4, 4, 4, 4, 4, 4, 4, 4, 4, 4, 4, 4, 4, 4, 4, 4, 4, 4, 4, 4, 4, 4, 4, 4, 4, 4, 4, 4, 4, 4, 4, 4, 4, 4, 4, 4, 4, 4, 4, 4, 4, 4, 4, 4, 4, 4, 4, 4, 4, 4, 4, 4, 4, 4, 4, 4, 4, 4, 4, 4, 4, 4, 4, 4, 4, 4, 4, 4, 4, 4, 4, 4, 4, 4, 4, 4, 4, 4, 4, 4, 4, 4, 4, 4, 4, 4, 4, 4, 4, 4, 4, 4, 4, 4, 4, 4, 4, 4, 4, 4, 4, 4, 4, 4, 4, 4, 4, 4, 4, 4, 4, 4, 4, 4, 4, 4, 4, 4, 4, 4, 4, 4, 4, 4, 4, 4, 4, 4, 4, 4, 4, 4, 4, 4, 4, 4, 4, 4, 4, 4, 4, 4, 4, 4, 4, 4, 4, 4, 4, 4, 4, 4, 4, 4, 4, 4, 4, 4, 4, 4, 4, 4, 4, 4, 4, 4, 4, 4, 4, 4, 4, 4, 4, 4, 4, 4, 4, 4, 4, 4, 4, 4, 4, 4, 4, 4, 4, 4, 4, 4, 4, 4, 4, 4, 4, 4, 4, 4, 4, 4, 4, 4, 4, 4, 4, 4, 4, 4, 4, 4, 4, 4, 4, 4, 4, 4, 4, 4, 4, 4, 4, 4, 4, 4, 4, 4, 4, 4, 4, 4, 4, 4, 4, 4, 4, 4, 4, 4, 4, 4, 4, 4, 4, 4, 4, 4, 4, 4, 4, 4, 4, 4, 4, 4, 4, 4, 4, 4, 4, 4, 4, 4, 4, 4, 4, 4, 4, 4, 4, 4, 4, 4, 4, 4, 4, 4, 4, 4, 4, 4, 4, 4, 4, 4, 4, 4, 4, 4, 4, 4, 4, 4, 4, 4, 4, 4, 4, 4, 4, 4, 4, 4, 4, 4, 4, 4, 4, 4, 4, 4, 4, 4, 4, 4, 4, 4, 4, 4, 4, 4, 4, 4, 4, 4, 4, 4, 4, 4, 4, 4, 4, 4, 4, 4, 4, 4, 4, 4, 4, 4, 4, 4, 4, 4, 4, 4, 4, 4, 4, 4, 4, 4, 4, 4, 4, 4, 4, 4, 4, 4, 4, 4, 4, 4, 4, 4, 4, 4, 4, 4, 4, 4, 4, 4, 4, 4, 4, 4, 4, 4, 4, 4, 4, 4, 4, 4, 4, 4, 4, 4, 4, 4, 4, 4, 4, 4, 4, 4, 4, 4, 4, 4, 4, 4, 4, 4, 4, 4, 4, 4, 4, 4, 4, 4, 4, 4, 4, 4, 4, 4, 4, 4, 4, 4, 4, 4, 4, 4, 4, 4, 4, 4, 4, 4, 4, 4, 4, 4, 4, 4, 4, 4, 4, 4, 4, 4, 4, 4, 4, 4, 4, 4, 4, 4, 4, 4, 4, 4, 4, 4, 4, 4, 4, 4, 4, 4, 4, 4, 4, 4, 4, 4, 4, 4, 4, 4, 4, 4, 4, 4, 4, 4, 4, 4, 4, 4, 4, 4, 4, 4, 4, 4, 4, 4, 4, 4, 4, 4, 4, 4, 4, 4, 4, 4, 4, 4, 4, 4, 4, 4, 4, 4, 4, 4, 4, 4, 4, 4, 4, 4, 4, 4, 4, 4, 4, 4, 4, 4, 4, 4, 4, 4, 4, 4, 4, 4, 4, 4, 4, 4, 4, 4, 4, 4, 4, 4, 4, 4, 4, 4, 4, 4, 4, 4, 4, 4, 4, 4, 4, 4, 4, 4, 4, 4, 4, 4, 4, 4, 4, 4, 4, 4, 4, 4, 4, 4, 4, 4, 4, 4, 4, 4, 4, 4, 4, 4, 4, 4, 4, 4, 4, 4, 4, 4, 4, 4, 4, 4, 4, 4, 4, 4, 4, 4, 4, 4, 4, 4, 4, 4, 4, 4, 4, 4, 4, 4, 4, 4, 4, 4, 4, 4, 4, 4, 4, 4, 4, 4, 4, 4, 4, 4, 4, 4, 4, 4, 4, 4, 4, 4, 4, 4, 4, 4, 4, 4, 4, 4, 4, 4, 4, 4, 4, 4, 4, 4, 4, 4, 4]
algo_list[0, 0, 0, 0, 0, 0, 0, 0, 0, 0, 0, 0, 0, 0, 0, 0, 0, 0, 0, 0, 0, 0, 0, 0, 0, 0, 0, 0, 0, 0, 0, 0, 0, 0, 0, 0, 0, 0, 0, 0, 0, 0, 0, 0, 0, 0, 0, 0, 0, 0, 0, 0, 0, 0, 0, 0, 0, 0, 0, 0, 0, 0, 0, 0, 0, 0, 0, 0, 0, 0, 0, 0, 0, 0, 0, 0, 0, 0, 0, 0, 0, 0, 0, 0, 0, 0, 0, 0, 0, 0, 0, 0, 0, 0, 0, 0, 0, 0, 0, 0, 0, 0, 0, 0, 0, 0, 0, 0, 0, 0, 0, 0, 0, 0, 0, 0, 0, 0, 0, 0, 0, 0, 0, 0, 0, 0, 0, 0, 0, 0, 0, 0, 0, 0, 0, 0, 0, 0, 0, 0, 0, 0, 0, 0, 0, 0, 0, 0, 0, 0, 0, 0, 0, 0, 0, 0, 0, 0, 0, 0, 0, 0, 0, 0, 0, 0, 0, 0, 0, 0, 0, 0, 0, 0, 0, 0, 0, 0, 0, 0, 0, 0, 0, 0, 0, 0, 0, 0, 0, 0, 0, 0, 0, 0, 0, 0, 0, 0, 0, 0, 0, 0, 0, 0, 0, 0, 0, 0, 0, 0, 0, 0, 0, 0, 0, 0, 0, 0, 0, 0, 0, 0, 0, 0, 0, 0, 0, 0, 0, 0, 0, 0, 0, 0, 0, 0, 0, 0, 0, 0, 0, 0, 0, 0, 0, 0, 0, 0, 0, 0, 0, 0, 0, 0, 0, 0, 0, 0, 0, 0, 0, 0, 0, 0, 0, 0, 0, 0, 0, 0, 0, 0, 0, 0, 0, 0, 0, 0, 0, 0, 0, 0, 0, 0, 0, 0, 0, 0, 0, 0, 0, 0, 0, 0, 0, 0, 0, 0, 0, 0, 0, 0, 0, 0, 0, 0, 0, 0, 0, 0, 0, 0, 0, 0, 0, 0, 0, 0, 0, 0, 0, 0, 0, 0, 0, 0, 0, 0, 0, 0, 0, 0, 0, 0, 0, 0, 0, 0, 0, 0, 0, 0, 0, 0, 0, 0, 0, 0, 0, 0, 0, 0, 0, 0, 0, 0, 0, 0, 0, 0, 0, 0, 0, 0, 0, 0, 0, 0, 0, 0, 0, 0, 0, 0, 0, 0, 0, 0, 0, 0, 0, 0, 0, 0, 0, 0, 0, 0, 0, 0, 0, 0, 0, 0, 0, 0, 0, 0, 0, 0, 0, 0, 0, 0, 0, 0, 0, 0, 0, 0, 0, 0, 0, 0, 0, 0, 0, 0, 0, 0, 0, 0, 0, 0, 0, 0, 0, 0, 0, 0, 0, 0, 0, 0, 0, 0, 0, 0, 0, 0, 0, 0, 0, 0, 0, 0, 0, 0, 0, 0, 0, 0, 0, 0, 0, 0, 0, 0, 0, 0, 0, 0, 0, 0, 0, 0, 0, 0, 0, 0, 0, 0, 0, 0, 0, 0, 0, 0, 0, 0, 0, 0, 0, 0, 0, 0, 0, 0, 0, 0, 0, 0, 0, 0, 0, 0, 0, 0, 0, 0, 0, 0, 0, 0, 0, 0, 0, 0, 0, 0, 0, 0, 0, 0, 0, 0, 0, 0, 0, 0, 0, 0, 0, 0, 0, 0, 0, 0, 0, 0, 0, 0, 0, 0, 0, 0, 0, 0, 0, 0, 0, 0, 0, 0, 0, 0, 0, 0, 0, 0, 0, 0, 0, 0, 0, 0, 0, 0, 0, 0, 0, 0, 0, 0, 0, 0, 0, 0, 0, 0, 0, 0, 0, 0, 0, 0, 0, 0, 0, 0, 0, 0, 0, 0, 0, 0, 0, 0, 0, 0, 0, 0, 0, 0, 0, 0, 0, 0, 0, 0, 0, 0, 0, 0, 0, 0, 0, 0, 0, 0, 0, 0, 0, 0, 0, 0, 0, 0, 0, 0, 0, 0, 0, 0, 0, 0, 0, 0, 0, 0, 0, 0, 0, 0, 0, 0, 0, 0, 0, 0, 0, 0, 0, 0, 0, 0, 0, 0, 0, 0, 0, 0, 0, 0, 0, 0, 0, 0, 0, 0, 0, 0, 0, 0, 0, 0, 0, 0, 0, 0, 0, 0, 0, 0, 0, 0, 0, 0, 0, 0, 0, 0, 0, 0, 0, 0, 0, 0, 0, 0, 0, 0, 0, 0, 0, 0, 0, 0, 0, 0, 0, 0, 0, 0, 0, 0, 0, 0, 0, 0, 0, 0, 0, 0, 0, 0, 0, 0, 0, 0, 0, 0, 0, 0, 0, 0, 0, 0, 0, 0, 0, 0, 0, 0, 0, 0, 0, 0, 0, 0, 0, 0, 0, 0, 0, 0, 0, 0, 0, 0, 0, 0, 0, 0, 0, 0, 0, 0, 0, 0, 0, 0, 0, 0, 0, 0, 0, 0, 0, 0, 0, 0, 0, 0, 0, 0, 0, 0, 0, 0, 0, 0, 0, 0, 0, 0, 0, 0, 0, 0, 0, 0, 0, 0, 0, 0, 0, 0, 0, 0, 0, 0, 0, 0, 0, 0, 0, 0, 0, 0, 0, 0, 0, 0, 0, 0, 0, 0, 0, 0, 0, 0, 0, 0, 0, 0, 0, 0, 0, 0, 0, 0, 0, 0, 0]

decode|13762.35|34104.06| op = [418, 417]| tp = [1, 1, ] | dp = [4, 4, ] | algo = [0, 0, ] | rc = [0, 0] | gpus = [4, 4] | micro_bs = 8 | time = [12562, 13762] | memory = [34104, 19134]
验证解
line146:config.memory_list:[34104.06200000005, 19134.035000000025]
line147:config.time_list:[12562.153957292707, 13762.348525386747]
求解成功
config has been saved to /home/liminglong.lml/sxz/SuperScaler/logs-large/aceso/configs/scale-layer/64layers/scale-layer_64layers_2stages_2026-5-15-12-57-57.json

========== Best Result (num_stages = 2) ==========
|13762.35|34104.06| op = [418, 417]| tp = [1, 1, ] | dp = [4, 4, ] | algo = [0, 0, ] | rc = [0, 0] | gpus = [4, 4] | micro_bs = 8 | time = [12562, 13762] | memory = [34104, 19134]
start|13762.35|34104.06| op = [418, 417]| tp = [1, 1, ] | dp = [4, 4, ] | algo = [0, 0, ] | rc = [0, 0] | gpus = [4, 4] | micro_bs = 8 | time = [12562, 13762] | memory = [34104, 19134]
decode|13762.35|34104.06| op = [418, 417]| tp = [1, 1, ] | dp = [4, 4, ] | algo = [0, 0, ] | rc = [0, 0] | gpus = [4, 4] | micro_bs = 8 | time = [12562, 13762] | memory = [34104, 19134]

num_targets: []
num_hops: []
search time = 0.00 s.  [0] 
num_explored_cases = 0
time trend: [13762]

stage 2 search time: 0.26 s
working on num_stages = 3
start|12857.11|45828.09| op = [418, 209, 208]| tp = [1, 1, 1, ] | dp = [4, 2, 2, ] | algo = [0, 0, 0, ] | rc = [10, 0, 0] | gpus = [4, 2, 2] | micro_bs = 8 | time = [12857, 9804, 12200] | memory = [45828, 33631, 19798]
line465:max stage:0, min stage:1, max_value:12857.109674731617, min_value:9804.895932539606
fix|12844.23|45816.00| op = [417, 210, 208]| tp = [1, 1, 1, ] | dp = [4, 2, 2, ] | algo = [0, 0, 0, ] | rc = [10, 0, 0] | gpus = [4, 2, 2] | micro_bs = 8 | time = [12844, 9817, 12199] | memory = [45816, 33632, 19798]
cv:0.11202766977111245
line465:max stage:0, min stage:1, max_value:12844.23195233605, min_value:9817.472752274647
fix|12829.87|45798.00| op = [416, 211, 208]| tp = [1, 1, 1, ] | dp = [4, 2, 2, ] | algo = [0, 0, 0, ] | rc = [10, 0, 0] | gpus = [4, 2, 2] | micro_bs = 8 | time = [12829, 9834, 12200] | memory = [45798, 33672, 19798]
cv:0.11095283728021949
line465:max stage:0, min stage:1, max_value:12829.869856796953, min_value:9834.575015441256
fix|12819.30|45770.00| op = [415, 212, 208]| tp = [1, 1, 1, ] | dp = [4, 2, 2, ] | algo = [0, 0, 0, ] | rc = [10, 0, 0] | gpus = [4, 2, 2] | micro_bs = 8 | time = [12819, 9884, 12200] | memory = [45770, 33752, 19798]
cv:0.10856307619832237
line465:max stage:0, min stage:1, max_value:12819.301359828914, min_value:9884.539569542307
fix|12807.42|45722.00| op = [414, 213, 208]| tp = [1, 1, 1, ] | dp = [4, 2, 2, ] | algo = [0, 0, 0, ] | rc = [10, 0, 0] | gpus = [4, 2, 2] | micro_bs = 8 | time = [12807, 9906, 12200] | memory = [45722, 33816, 19798]
cv:0.10732709383634964
line465:max stage:0, min stage:1, max_value:12807.422084380903, min_value:9906.849793813959
fix|12778.39|45658.00| op = [413, 214, 208]| tp = [1, 1, 1, ] | dp = [4, 2, 2, ] | algo = [0, 0, 0, ] | rc = [10, 0, 0] | gpus = [4, 2, 2] | micro_bs = 8 | time = [12778, 9921, 12200] | memory = [45658, 33848, 19798]
cv:0.10600025060205476
line465:max stage:0, min stage:1, max_value:12778.394345731616, min_value:9921.787908539609
fix|12765.48|45645.91| op = [412, 215, 208]| tp = [1, 1, 1, ] | dp = [4, 2, 2, ] | algo = [0, 0, 0, ] | rc = [10, 0, 0] | gpus = [4, 2, 2] | micro_bs = 8 | time = [12765, 9934, 12200] | memory = [45645, 33848, 19798]
cv:0.10515242913767738
line465:max stage:0, min stage:1, max_value:12765.481022336047, min_value:9934.49333827465
fix|12751.28|45627.91| op = [411, 216, 208]| tp = [1, 1, 1, ] | dp = [4, 2, 2, ] | algo = [0, 0, 0, ] | rc = [10, 0, 0] | gpus = [4, 2, 2] | micro_bs = 8 | time = [12751, 9951, 12200] | memory = [45627, 33888, 19798]
cv:0.10409723069252842
line465:max stage:0, min stage:1, max_value:12751.276578796951, min_value:9951.361839441257
fix|12733.35|45611.91| op = [410, 217, 208]| tp = [1, 1, 1, ] | dp = [4, 2, 2, ] | algo = [0, 0, 0, ] | rc = [10, 0, 0] | gpus = [4, 2, 2] | micro_bs = 8 | time = [12733, 9966, 12200] | memory = [45611, 33908, 19798]
cv:0.10301439520049464
line465:max stage:0, min stage:1, max_value:12733.350587731615, min_value:9966.860175539607
fix|12737.46|45599.91| op = [409, 218, 208]| tp = [1, 1, 1, ] | dp = [4, 2, 2, ] | algo = [0, 0, 0, ] | rc = [10, 0, 0] | gpus = [4, 2, 2] | micro_bs = 8 | time = [12737, 10188, 12202] | memory = [45599, 34436, 19798]
cv:0.0937341859141887
line465:max stage:0, min stage:1, max_value:12737.4639242085, min_value:10188.131575125697
fix|12635.51|45599.91| op = [408, 219, 208]| tp = [1, 1, 1, ] | dp = [4, 2, 2, ] | algo = [0, 0, 0, ] | rc = [8, 0, 0] | gpus = [4, 2, 2] | micro_bs = 8 | time = [12635, 10298, 12202] | memory = [45599, 35588, 19798]
cv:0.08668178271345559
line465:max stage:0, min stage:1, max_value:12635.510889208499, min_value:10298.181037125696
fix|12587.02|45599.91| op = [407, 220, 208]| tp = [1, 1, 1, ] | dp = [4, 2, 2, ] | algo = [0, 0, 0, ] | rc = [8, 0, 0] | gpus = [4, 2, 2] | micro_bs = 8 | time = [12587, 10392, 12202] | memory = [45599, 35588, 19798]
cv:0.08157084402286774
line465:max stage:0, min stage:1, max_value:12587.0204242085, min_value:10392.958637125697
fix|12419.14|46079.91| op = [406, 221, 208]| tp = [1, 1, 1, ] | dp = [4, 2, 2, ] | algo = [0, 0, 0, ] | rc = [6, 0, 0] | gpus = [4, 2, 2] | micro_bs = 8 | time = [12419, 10357, 12200] | memory = [46079, 35620, 19798]
cv:0.0793024838066597
line465:max stage:0, min stage:1, max_value:12419.143507034816, min_value:10357.755126829888
fix|12383.42|46031.91| op = [405, 222, 208]| tp = [1, 1, 1, ] | dp = [4, 2, 2, ] | algo = [0, 0, 0, ] | rc = [6, 0, 0] | gpus = [4, 2, 2] | micro_bs = 8 | time = [12383, 10395, 12200] | memory = [46031, 35648, 19798]
cv:0.07696688768835991
line465:max stage:0, min stage:1, max_value:12383.416702731618, min_value:10395.024175539607
fix|12370.54|46019.81| op = [404, 223, 208]| tp = [1, 1, 1, ] | dp = [4, 2, 2, ] | algo = [0, 0, 0, ] | rc = [6, 0, 0] | gpus = [4, 2, 2] | micro_bs = 8 | time = [12370, 10407, 12200] | memory = [46019, 35648, 19798]
cv:0.0761648975661525
line465:max stage:0, min stage:1, max_value:12370.53898033605, min_value:10407.600995274648
fix|12356.18|46001.81| op = [403, 224, 208]| tp = [1, 1, 1, ] | dp = [4, 2, 2, ] | algo = [0, 0, 0, ] | rc = [6, 0, 0] | gpus = [4, 2, 2] | micro_bs = 8 | time = [12356, 10424, 12200] | memory = [46001, 35688, 19798]
cv:0.07514253279719371
line465:max stage:0, min stage:1, max_value:12356.176884796952, min_value:10424.703258441257
fix|12345.61|45973.81| op = [402, 225, 208]| tp = [1, 1, 1, ] | dp = [4, 2, 2, ] | algo = [0, 0, 0, ] | rc = [6, 0, 0] | gpus = [4, 2, 2] | micro_bs = 8 | time = [12345, 10474, 12201] | memory = [45973, 35768, 19798]
cv:0.07281114514657404
line465:max stage:0, min stage:1, max_value:12345.608387828916, min_value:10474.667812542306
fix|12333.73|45925.81| op = [401, 226, 208]| tp = [1, 1, 1, ] | dp = [4, 2, 2, ] | algo = [0, 0, 0, ] | rc = [6, 0, 0] | gpus = [4, 2, 2] | micro_bs = 8 | time = [12333, 10496, 12201] | memory = [45925, 35832, 19798]
cv:0.07162504949664275
line465:max stage:0, min stage:1, max_value:12333.729112380905, min_value:10496.97803681396
fix|12304.70|45861.81| op = [400, 227, 208]| tp = [1, 1, 1, ] | dp = [4, 2, 2, ] | algo = [0, 0, 0, ] | rc = [6, 0, 0] | gpus = [4, 2, 2] | micro_bs = 8 | time = [12304, 10511, 12201] | memory = [45861, 35864, 19798]
cv:0.07040574275416202
line465:max stage:0, min stage:1, max_value:12304.701373731616, min_value:10511.916151539608
fix|12291.79|45849.72| op = [399, 228, 208]| tp = [1, 1, 1, ] | dp = [4, 2, 2, ] | algo = [0, 0, 0, ] | rc = [6, 0, 0] | gpus = [4, 2, 2] | micro_bs = 8 | time = [12291, 10524, 12201] | memory = [45849, 35864, 19798]
cv:0.06961127473233053
line465:max stage:0, min stage:1, max_value:12291.788050336048, min_value:10524.62158127465
fix|12231.05|46695.72| op = [398, 229, 208]| tp = [1, 1, 1, ] | dp = [4, 2, 2, ] | algo = [0, 0, 0, ] | rc = [4, 0, 0] | gpus = [4, 2, 2] | micro_bs = 8 | time = [12231, 10541, 12200] | memory = [46695, 35904, 19798]
cv:0.06773362360429325
line465:max stage:0, min stage:1, max_value:12231.04959079695, min_value:10541.126535441259
fix|12213.12|46679.72| op = [397, 230, 208]| tp = [1, 1, 1, ] | dp = [4, 2, 2, ] | algo = [0, 0, 0, ] | rc = [4, 0, 0] | gpus = [4, 2, 2] | micro_bs = 8 | time = [12213, 10556, 12200] | memory = [46679, 35924, 19798]
cv:0.06674189580420616
line465:max stage:0, min stage:1, max_value:12213.123599731614, min_value:10556.624871539609
fix|12217.24|46667.72| op = [396, 231, 208]| tp = [1, 1, 1, ] | dp = [4, 2, 2, ] | algo = [0, 0, 0, ] | rc = [4, 0, 0] | gpus = [4, 2, 2] | micro_bs = 8 | time = [12217, 10777, 12202] | memory = [46667, 36452, 19798]
cv:0.05753933236345134
line465:max stage:0, min stage:1, max_value:12217.2369362085, min_value:10777.896271125697
fix|12202.65|46667.72| op = [395, 232, 208]| tp = [1, 1, 1, ] | dp = [4, 2, 2, ] | algo = [0, 0, 0, ] | rc = [2, 0, 0] | gpus = [4, 2, 2] | micro_bs = 8 | time = [12115, 10887, 12202] | memory = [46667, 37604, 19798]
cv:0.05114698938588224
line465:max stage:2, min stage:1, max_value:12202.646350681734, min_value:10887.945733125696
fix|12238.19|46667.72| op = [395, 233, 207]| tp = [1, 1, 1, ] | dp = [4, 2, 2, ] | algo = [0, 0, 0, ] | rc = [2, 0, 0] | gpus = [4, 2, 2] | micro_bs = 8 | time = [12117, 11099, 12238] | memory = [46667, 38116, 19782]
cv:0.04319822589067329
line465:max stage:2, min stage:1, max_value:12238.193224482442, min_value:11099.773178926405
fix|12143.77|46667.72| op = [395, 234, 206]| tp = [1, 1, 1, ] | dp = [4, 2, 2, ] | algo = [0, 0, 0, ] | rc = [2, 0, 0] | gpus = [4, 2, 2] | micro_bs = 8 | time = [12117, 11194, 12143] | memory = [46667, 38116, 19782]
cv:0.03735766896699014
line465:max stage:2, min stage:1, max_value:12143.774439482439, min_value:11194.191963926405
fix|12117.20|46667.72| op = [395, 235, 205]| tp = [1, 1, 1, ] | dp = [4, 2, 2, ] | algo = [0, 0, 0, ] | rc = [2, 0, 0] | gpus = [4, 2, 2] | micro_bs = 8 | time = [12117, 11304, 12033] | memory = [46667, 39268, 19206]
cv:0.03090040499982697
line465:max stage:0, min stage:1, max_value:12117.201531593008, min_value:11304.178662926406
fix|12068.71|46667.72| op = [394, 236, 205]| tp = [1, 1, 1, ] | dp = [4, 2, 2, ] | algo = [0, 0, 0, ] | rc = [2, 0, 0] | gpus = [4, 2, 2] | micro_bs = 8 | time = [12068, 11398, 12034] | memory = [46667, 39268, 19206]
cv:0.026018559966873134
line465:max stage:0, min stage:1, max_value:12068.711066593007, min_value:11398.956262926407
fix|12032.57|46859.72| op = [393, 237, 205]| tp = [1, 1, 1, ] | dp = [4, 2, 2, ] | algo = [0, 0, 0, ] | rc = [0, 0, 0] | gpus = [4, 2, 2] | micro_bs = 8 | time = [11900, 11363, 12032] | memory = [46859, 39300, 19206]
cv:0.024586430967543912
line465:max stage:2, min stage:1, max_value:12032.57228860283, min_value:11363.752752630598
fix|11898.79|46859.72| op = [393, 238, 204]| tp = [1, 1, 1, ] | dp = [4, 2, 2, ] | algo = [0, 0, 0, ] | rc = [0, 0, 0] | gpus = [4, 2, 2] | micro_bs = 8 | time = [11898, 11321, 11811] | memory = [46859, 39316, 18942]
cv:0.02175433775641886
line465:max stage:0, min stage:1, max_value:11898.788334913976, min_value:11321.412727035777
fix|11863.06|46811.72| op = [392, 239, 204]| tp = [1, 1, 1, ] | dp = [4, 2, 2, ] | algo = [0, 0, 0, ] | rc = [0, 0, 0] | gpus = [4, 2, 2] | micro_bs = 8 | time = [11863, 11358, 11811] | memory = [46811, 39344, 18942]
cv:0.019395969166101663
line465:max stage:0, min stage:1, max_value:11863.061530610777, min_value:11358.681775745496
fix|11850.18|46799.63| op = [391, 240, 204]| tp = [1, 1, 1, ] | dp = [4, 2, 2, ] | algo = [0, 0, 0, ] | rc = [0, 0, 0] | gpus = [4, 2, 2] | micro_bs = 8 | time = [11850, 11371, 11811] | memory = [46799, 39344, 18942]
cv:0.018593415116108066
line465:max stage:0, min stage:1, max_value:11850.18380821521, min_value:11371.258595480536
fix|11835.82|46781.63| op = [390, 241, 204]| tp = [1, 1, 1, ] | dp = [4, 2, 2, ] | algo = [0, 0, 0, ] | rc = [0, 0, 0] | gpus = [4, 2, 2] | micro_bs = 8 | time = [11835, 11388, 11811] | memory = [46781, 39384, 18942]
cv:0.017583039594211484
line465:max stage:0, min stage:1, max_value:11835.821712676114, min_value:11388.360858647146
fix|11825.25|46753.63| op = [389, 242, 204]| tp = [1, 1, 1, ] | dp = [4, 2, 2, ] | algo = [0, 0, 0, ] | rc = [0, 0, 0] | gpus = [4, 2, 2] | micro_bs = 8 | time = [11825, 11438, 11811] | memory = [46753, 39464, 18942]
cv:0.015328034166847162
line465:max stage:0, min stage:1, max_value:11825.253215708075, min_value:11438.325412748192
fix|11813.37|46705.63| op = [388, 243, 204]| tp = [1, 1, 1, ] | dp = [4, 2, 2, ] | algo = [0, 0, 0, ] | rc = [0, 0, 0] | gpus = [4, 2, 2] | micro_bs = 8 | time = [11813, 11460, 11811] | memory = [46705, 39528, 18942]
best|11813.37|46705.63| op = [388, 243, 204]| tp = [1, 1, 1, ] | dp = [4, 2, 2, ] | algo = [0, 0, 0, ] | rc = [0, 0, 0] | gpus = [4, 2, 2] | micro_bs = 8 | time = [11813, 11460, 11811] | memory = [46705, 39528, 18942]
line146:config.memory_list:[46705.62800000006, 39528.596000000005, 18942.085999999996]
line147:config.time_list:[11813.373940260064, 11460.635637019846, 11811.419363281884]
------------------------------------------------------------------------------------------------------
cegis_search for the 0th times
开始求解check...
line351:
tp_list[1, 1, 1, 1, 1, 1, 1, 1, 1, 1, 1, 1, 1, 1, 1, 1, 1, 1, 1, 1, 1, 1, 1, 1, 1, 1, 1, 1, 1, 1, 1, 1, 1, 1, 1, 1, 1, 1, 1, 1, 1, 1, 1, 1, 1, 1, 1, 1, 1, 1, 1, 1, 1, 1, 1, 1, 1, 1, 1, 1, 1, 1, 1, 1, 1, 1, 1, 1, 1, 1, 1, 1, 1, 1, 1, 1, 1, 1, 1, 1, 1, 1, 1, 1, 1, 1, 1, 1, 1, 1, 1, 1, 1, 1, 1, 1, 1, 1, 1, 1, 1, 1, 1, 1, 1, 1, 1, 1, 1, 1, 1, 1, 1, 1, 1, 1, 1, 1, 1, 1, 1, 1, 1, 1, 1, 1, 1, 1, 1, 1, 1, 1, 1, 1, 1, 1, 1, 1, 1, 1, 1, 1, 1, 1, 1, 1, 1, 1, 1, 1, 1, 1, 1, 1, 1, 1, 1, 1, 1, 1, 1, 1, 1, 1, 1, 1, 1, 1, 1, 1, 1, 1, 1, 1, 1, 1, 1, 1, 1, 1, 1, 1, 1, 1, 1, 1, 1, 1, 1, 1, 1, 1, 1, 1, 1, 1, 1, 1, 1, 1, 1, 1, 1, 1, 1, 1, 1, 1, 1, 1, 1, 1, 1, 1, 1, 1, 1, 1, 1, 1, 1, 1, 1, 1, 1, 1, 1, 1, 1, 1, 1, 1, 1, 1, 1, 1, 1, 1, 1, 1, 1, 1, 1, 1, 1, 1, 1, 1, 1, 1, 1, 1, 1, 1, 1, 1, 1, 1, 1, 1, 1, 1, 1, 1, 1, 1, 1, 1, 1, 1, 1, 1, 1, 1, 1, 1, 1, 1, 1, 1, 1, 1, 1, 1, 1, 1, 1, 1, 1, 1, 1, 1, 1, 1, 1, 1, 1, 1, 1, 1, 1, 1, 1, 1, 1, 1, 1, 1, 1, 1, 1, 1, 1, 1, 1, 1, 1, 1, 1, 1, 1, 1, 1, 1, 1, 1, 1, 1, 1, 1, 1, 1, 1, 1, 1, 1, 1, 1, 1, 1, 1, 1, 1, 1, 1, 1, 1, 1, 1, 1, 1, 1, 1, 1, 1, 1, 1, 1, 1, 1, 1, 1, 1, 1, 1, 1, 1, 1, 1, 1, 1, 1, 1, 1, 1, 1, 1, 1, 1, 1, 1, 1, 1, 1, 1, 1, 1, 1, 1, 1, 1, 1, 1, 1, 1, 1, 1, 1, 1, 1, 1, 1, 1, 1, 1, 1, 1, 1, 1, 1, 1, 1, 1, 1, 1, 1, 1, 1, 1, 1, 1, 1, 1, 1, 1, 1, 1, 1, 1, 1, 1, 1, 1, 1, 1, 1, 1, 1, 1, 1, 1, 1, 1, 1, 1, 1, 1, 1, 1, 1, 1, 1, 1, 1, 1, 1, 1, 1, 1, 1, 1, 1, 1, 1, 1, 1, 1, 1, 1, 1, 1, 1, 1, 1, 1, 1, 1, 1, 1, 1, 1, 1, 1, 1, 1, 1, 1, 1, 1, 1, 1, 1, 1, 1, 1, 1, 1, 1, 1, 1, 1, 1, 1, 1, 1, 1, 1, 1, 1, 1, 1, 1, 1, 1, 1, 1, 1, 1, 1, 1, 1, 1, 1, 1, 1, 1, 1, 1, 1, 1, 1, 1, 1, 1, 1, 1, 1, 1, 1, 1, 1, 1, 1, 1, 1, 1, 1, 1, 1, 1, 1, 1, 1, 1, 1, 1, 1, 1, 1, 1, 1, 1, 1, 1, 1, 1, 1, 1, 1, 1, 1, 1, 1, 1, 1, 1, 1, 1, 1, 1, 1, 1, 1, 1, 1, 1, 1, 1, 1, 1, 1, 1, 1, 1, 1, 1, 1, 1, 1, 1, 1, 1, 1, 1, 1, 1, 1, 1, 1, 1, 1, 1, 1, 1, 1, 1, 1, 1, 1, 1, 1, 1, 1, 1, 1, 1, 1, 1, 1, 1, 1, 1, 1, 1, 1, 1, 1, 1, 1, 1, 1, 1, 1, 1, 1, 1, 1, 1, 1, 1, 1, 1, 1, 1, 1, 1, 1, 1, 1, 1, 1, 1, 1, 1, 1, 1, 1, 1, 1, 1, 1, 1, 1, 1, 1, 1, 1, 1, 1, 1, 1, 1, 1, 1, 1, 1, 1, 1, 1, 1, 1, 1, 1, 1, 1, 1, 1, 1, 1, 1, 1, 1, 1, 1, 1, 1, 1, 1, 1, 1, 1, 1, 1, 1, 1, 1, 1, 1, 1, 1, 1, 1, 1, 1, 1, 1, 1, 1, 1, 1, 1, 1, 1, 1, 1, 1, 1, 1, 1, 1, 1, 1, 1, 1, 1, 1, 1, 1, 1, 1, 1, 1, 1, 1, 1, 1, 1, 1, 1, 1, 1, 1, 1, 1, 1, 1, 1, 1, 1, 1, 1, 1, 1, 1, 1, 1, 1, 1, 1, 1, 1, 1, 1, 1, 1, 1, 1, 1, 1, 1, 1, 1, 1, 1, 1, 1, 1, 1, 1, 1, 1, 1, 1, 1, 1, 1, 1, 1, 1, 1, 1, 1, 1, 1, 1, 1, 1, 1, 1, 1, 1, 1, 1, 1, 1, 1, 1, 1, 1, 1, 1, 1, 1, 1, 1]
dp_list[4, 4, 4, 4, 4, 4, 4, 4, 4, 4, 4, 4, 4, 4, 4, 4, 4, 4, 4, 4, 4, 4, 4, 4, 4, 4, 4, 4, 4, 4, 4, 4, 4, 4, 4, 4, 4, 4, 4, 4, 4, 4, 4, 4, 4, 4, 4, 4, 4, 4, 4, 4, 4, 4, 4, 4, 4, 4, 4, 4, 4, 4, 4, 4, 4, 4, 4, 4, 4, 4, 4, 4, 4, 4, 4, 4, 4, 4, 4, 4, 4, 4, 4, 4, 4, 4, 4, 4, 4, 4, 4, 4, 4, 4, 4, 4, 4, 4, 4, 4, 4, 4, 4, 4, 4, 4, 4, 4, 4, 4, 4, 4, 4, 4, 4, 4, 4, 4, 4, 4, 4, 4, 4, 4, 4, 4, 4, 4, 4, 4, 4, 4, 4, 4, 4, 4, 4, 4, 4, 4, 4, 4, 4, 4, 4, 4, 4, 4, 4, 4, 4, 4, 4, 4, 4, 4, 4, 4, 4, 4, 4, 4, 4, 4, 4, 4, 4, 4, 4, 4, 4, 4, 4, 4, 4, 4, 4, 4, 4, 4, 4, 4, 4, 4, 4, 4, 4, 4, 4, 4, 4, 4, 4, 4, 4, 4, 4, 4, 4, 4, 4, 4, 4, 4, 4, 4, 4, 4, 4, 4, 4, 4, 4, 4, 4, 4, 4, 4, 4, 4, 4, 4, 4, 4, 4, 4, 4, 4, 4, 4, 4, 4, 4, 4, 4, 4, 4, 4, 4, 4, 4, 4, 4, 4, 4, 4, 4, 4, 4, 4, 4, 4, 4, 4, 4, 4, 4, 4, 4, 4, 4, 4, 4, 4, 4, 4, 4, 4, 4, 4, 4, 4, 4, 4, 4, 4, 4, 4, 4, 4, 4, 4, 4, 4, 4, 4, 4, 4, 4, 4, 4, 4, 4, 4, 4, 4, 4, 4, 4, 4, 4, 4, 4, 4, 4, 4, 4, 4, 4, 4, 4, 4, 4, 4, 4, 4, 4, 4, 4, 4, 4, 4, 4, 4, 4, 4, 4, 4, 4, 4, 4, 4, 4, 4, 4, 4, 4, 4, 4, 4, 4, 4, 4, 4, 4, 4, 4, 4, 4, 4, 4, 4, 4, 4, 4, 4, 4, 4, 4, 4, 4, 4, 4, 4, 4, 4, 4, 4, 4, 4, 4, 4, 4, 4, 4, 4, 4, 4, 4, 4, 4, 4, 4, 4, 4, 4, 4, 4, 2, 2, 2, 2, 2, 2, 2, 2, 2, 2, 2, 2, 2, 2, 2, 2, 2, 2, 2, 2, 2, 2, 2, 2, 2, 2, 2, 2, 2, 2, 2, 2, 2, 2, 2, 2, 2, 2, 2, 2, 2, 2, 2, 2, 2, 2, 2, 2, 2, 2, 2, 2, 2, 2, 2, 2, 2, 2, 2, 2, 2, 2, 2, 2, 2, 2, 2, 2, 2, 2, 2, 2, 2, 2, 2, 2, 2, 2, 2, 2, 2, 2, 2, 2, 2, 2, 2, 2, 2, 2, 2, 2, 2, 2, 2, 2, 2, 2, 2, 2, 2, 2, 2, 2, 2, 2, 2, 2, 2, 2, 2, 2, 2, 2, 2, 2, 2, 2, 2, 2, 2, 2, 2, 2, 2, 2, 2, 2, 2, 2, 2, 2, 2, 2, 2, 2, 2, 2, 2, 2, 2, 2, 2, 2, 2, 2, 2, 2, 2, 2, 2, 2, 2, 2, 2, 2, 2, 2, 2, 2, 2, 2, 2, 2, 2, 2, 2, 2, 2, 2, 2, 2, 2, 2, 2, 2, 2, 2, 2, 2, 2, 2, 2, 2, 2, 2, 2, 2, 2, 2, 2, 2, 2, 2, 2, 2, 2, 2, 2, 2, 2, 2, 2, 2, 2, 2, 2, 2, 2, 2, 2, 2, 2, 2, 2, 2, 2, 2, 2, 2, 2, 2, 2, 2, 2, 2, 2, 2, 2, 2, 2, 2, 2, 2, 2, 2, 2, 2, 2, 2, 2, 2, 2, 2, 2, 2, 2, 2, 2, 2, 2, 2, 2, 2, 2, 2, 2, 2, 2, 2, 2, 2, 2, 2, 2, 2, 2, 2, 2, 2, 2, 2, 2, 2, 2, 2, 2, 2, 2, 2, 2, 2, 2, 2, 2, 2, 2, 2, 2, 2, 2, 2, 2, 2, 2, 2, 2, 2, 2, 2, 2, 2, 2, 2, 2, 2, 2, 2, 2, 2, 2, 2, 2, 2, 2, 2, 2, 2, 2, 2, 2, 2, 2, 2, 2, 2, 2, 2, 2, 2, 2, 2, 2, 2, 2, 2, 2, 2, 2, 2, 2, 2, 2, 2, 2, 2, 2, 2, 2, 2, 2, 2, 2, 2, 2, 2, 2, 2, 2, 2, 2, 2, 2, 2, 2, 2, 2, 2, 2, 2, 2, 2, 2, 2, 2, 2, 2, 2, 2, 2, 2, 2, 2, 2, 2, 2, 2, 2, 2, 2, 2, 2, 2, 2, 2, 2, 2, 2, 2, 2, 2, 2, 2, 2, 2, 2, 2, 2, 2, 2, 2, 2, 2, 2, 2, 2, 2, 2, 2, 2, 2, 2, 2, 2, 2, 2, 2, 2, 2, 2, 2, 2, 2, 2, 2, 2, 2, 2, 2, 2, 2, 2, 2, 2, 2, 2, 2]
algo_list[0, 0, 0, 0, 0, 0, 0, 0, 0, 0, 0, 0, 0, 0, 0, 0, 0, 0, 0, 0, 0, 0, 0, 0, 0, 0, 0, 0, 0, 0, 0, 0, 0, 0, 0, 0, 0, 0, 0, 0, 0, 0, 0, 0, 0, 0, 0, 0, 0, 0, 0, 0, 0, 0, 0, 0, 0, 0, 0, 0, 0, 0, 0, 0, 0, 0, 0, 0, 0, 0, 0, 0, 0, 0, 0, 0, 0, 0, 0, 0, 0, 0, 0, 0, 0, 0, 0, 0, 0, 0, 0, 0, 0, 0, 0, 0, 0, 0, 0, 0, 0, 0, 0, 0, 0, 0, 0, 0, 0, 0, 0, 0, 0, 0, 0, 0, 0, 0, 0, 0, 0, 0, 0, 0, 0, 0, 0, 0, 0, 0, 0, 0, 0, 0, 0, 0, 0, 0, 0, 0, 0, 0, 0, 0, 0, 0, 0, 0, 0, 0, 0, 0, 0, 0, 0, 0, 0, 0, 0, 0, 0, 0, 0, 0, 0, 0, 0, 0, 0, 0, 0, 0, 0, 0, 0, 0, 0, 0, 0, 0, 0, 0, 0, 0, 0, 0, 0, 0, 0, 0, 0, 0, 0, 0, 0, 0, 0, 0, 0, 0, 0, 0, 0, 0, 0, 0, 0, 0, 0, 0, 0, 0, 0, 0, 0, 0, 0, 0, 0, 0, 0, 0, 0, 0, 0, 0, 0, 0, 0, 0, 0, 0, 0, 0, 0, 0, 0, 0, 0, 0, 0, 0, 0, 0, 0, 0, 0, 0, 0, 0, 0, 0, 0, 0, 0, 0, 0, 0, 0, 0, 0, 0, 0, 0, 0, 0, 0, 0, 0, 0, 0, 0, 0, 0, 0, 0, 0, 0, 0, 0, 0, 0, 0, 0, 0, 0, 0, 0, 0, 0, 0, 0, 0, 0, 0, 0, 0, 0, 0, 0, 0, 0, 0, 0, 0, 0, 0, 0, 0, 0, 0, 0, 0, 0, 0, 0, 0, 0, 0, 0, 0, 0, 0, 0, 0, 0, 0, 0, 0, 0, 0, 0, 0, 0, 0, 0, 0, 0, 0, 0, 0, 0, 0, 0, 0, 0, 0, 0, 0, 0, 0, 0, 0, 0, 0, 0, 0, 0, 0, 0, 0, 0, 0, 0, 0, 0, 0, 0, 0, 0, 0, 0, 0, 0, 0, 0, 0, 0, 0, 0, 0, 0, 0, 0, 0, 0, 0, 0, 0, 0, 0, 0, 0, 0, 0, 0, 0, 0, 0, 0, 0, 0, 0, 0, 0, 0, 0, 0, 0, 0, 0, 0, 0, 0, 0, 0, 0, 0, 0, 0, 0, 0, 0, 0, 0, 0, 0, 0, 0, 0, 0, 0, 0, 0, 0, 0, 0, 0, 0, 0, 0, 0, 0, 0, 0, 0, 0, 0, 0, 0, 0, 0, 0, 0, 0, 0, 0, 0, 0, 0, 0, 0, 0, 0, 0, 0, 0, 0, 0, 0, 0, 0, 0, 0, 0, 0, 0, 0, 0, 0, 0, 0, 0, 0, 0, 0, 0, 0, 0, 0, 0, 0, 0, 0, 0, 0, 0, 0, 0, 0, 0, 0, 0, 0, 0, 0, 0, 0, 0, 0, 0, 0, 0, 0, 0, 0, 0, 0, 0, 0, 0, 0, 0, 0, 0, 0, 0, 0, 0, 0, 0, 0, 0, 0, 0, 0, 0, 0, 0, 0, 0, 0, 0, 0, 0, 0, 0, 0, 0, 0, 0, 0, 0, 0, 0, 0, 0, 0, 0, 0, 0, 0, 0, 0, 0, 0, 0, 0, 0, 0, 0, 0, 0, 0, 0, 0, 0, 0, 0, 0, 0, 0, 0, 0, 0, 0, 0, 0, 0, 0, 0, 0, 0, 0, 0, 0, 0, 0, 0, 0, 0, 0, 0, 0, 0, 0, 0, 0, 0, 0, 0, 0, 0, 0, 0, 0, 0, 0, 0, 0, 0, 0, 0, 0, 0, 0, 0, 0, 0, 0, 0, 0, 0, 0, 0, 0, 0, 0, 0, 0, 0, 0, 0, 0, 0, 0, 0, 0, 0, 0, 0, 0, 0, 0, 0, 0, 0, 0, 0, 0, 0, 0, 0, 0, 0, 0, 0, 0, 0, 0, 0, 0, 0, 0, 0, 0, 0, 0, 0, 0, 0, 0, 0, 0, 0, 0, 0, 0, 0, 0, 0, 0, 0, 0, 0, 0, 0, 0, 0, 0, 0, 0, 0, 0, 0, 0, 0, 0, 0, 0, 0, 0, 0, 0, 0, 0, 0, 0, 0, 0, 0, 0, 0, 0, 0, 0, 0, 0, 0, 0, 0, 0, 0, 0, 0, 0, 0, 0, 0, 0, 0, 0, 0, 0, 0, 0, 0, 0, 0, 0, 0, 0, 0, 0, 0, 0, 0, 0, 0, 0, 0, 0, 0, 0, 0, 0, 0, 0, 0, 0, 0, 0, 0, 0, 0, 0, 0, 0, 0, 0, 0, 0, 0, 0, 0, 0, 0, 0, 0, 0, 0, 0, 0, 0, 0, 0, 0, 0, 0, 0, 0, 0, 0, 0, 0, 0, 0, 0, 0, 0, 0, 0, 0, 0, 0, 0, 0, 0, 0, 0, 0, 0, 0, 0, 0, 0, 0, 0, 0, 0, 0, 0, 0, 0, 0]

decode|11813.37|46705.63| op = [388, 243, 204]| tp = [1, 1, 1, ] | dp = [4, 2, 2, ] | algo = [0, 0, 0, ] | rc = [0, 0, 0] | gpus = [4, 2, 2] | micro_bs = 8 | time = [11813, 11460, 11811] | memory = [46705, 39528, 18942]
验证解
line465:max stage:0, min stage:1, max_value:11813.373940260064, min_value:11460.635637019846
fix|11811.31|46641.63| op = [387, 244, 204]| tp = [1, 1, 1, ] | dp = [4, 2, 2, ] | algo = [0, 0, 0, ] | rc = [0, 0, 0] | gpus = [4, 2, 2] | micro_bs = 8 | time = [11784, 11475, 11811] | memory = [46641, 39560, 18942]
best|11811.31|46641.63| op = [387, 244, 204]| tp = [1, 1, 1, ] | dp = [4, 2, 2, ] | algo = [0, 0, 0, ] | rc = [0, 0, 0] | gpus = [4, 2, 2] | micro_bs = 8 | time = [11784, 11475, 11811] | memory = [46641, 39560, 18942]
line146:config.memory_list:[46641.62800000006, 39560.588, 18942.085999999996]
line147:config.time_list:[11784.346201610777, 11475.573751745496, 11811.310141391004]
求解成功
config has been saved to /home/liminglong.lml/sxz/SuperScaler/logs-large/aceso/configs/scale-layer/64layers/scale-layer_64layers_3stages_2026-5-15-12-57-57.json

========== Best Result (num_stages = 3) ==========
|11811.31|46641.63| op = [387, 244, 204]| tp = [1, 1, 1, ] | dp = [4, 2, 2, ] | algo = [0, 0, 0, ] | rc = [0, 0, 0] | gpus = [4, 2, 2] | micro_bs = 8 | time = [11784, 11475, 11811] | memory = [46641, 39560, 18942]
start|12857.11|45828.09| op = [418, 209, 208]| tp = [1, 1, 1, ] | dp = [4, 2, 2, ] | algo = [0, 0, 0, ] | rc = [10, 0, 0] | gpus = [4, 2, 2] | micro_bs = 8 | time = [12857, 9804, 12200] | memory = [45828, 33631, 19798]
fix|12844.23|45816.00| op = [417, 210, 208]| tp = [1, 1, 1, ] | dp = [4, 2, 2, ] | algo = [0, 0, 0, ] | rc = [10, 0, 0] | gpus = [4, 2, 2] | micro_bs = 8 | time = [12844, 9817, 12199] | memory = [45816, 33632, 19798]
fix|12829.87|45798.00| op = [416, 211, 208]| tp = [1, 1, 1, ] | dp = [4, 2, 2, ] | algo = [0, 0, 0, ] | rc = [10, 0, 0] | gpus = [4, 2, 2] | micro_bs = 8 | time = [12829, 9834, 12200] | memory = [45798, 33672, 19798]
fix|12819.30|45770.00| op = [415, 212, 208]| tp = [1, 1, 1, ] | dp = [4, 2, 2, ] | algo = [0, 0, 0, ] | rc = [10, 0, 0] | gpus = [4, 2, 2] | micro_bs = 8 | time = [12819, 9884, 12200] | memory = [45770, 33752, 19798]
fix|12807.42|45722.00| op = [414, 213, 208]| tp = [1, 1, 1, ] | dp = [4, 2, 2, ] | algo = [0, 0, 0, ] | rc = [10, 0, 0] | gpus = [4, 2, 2] | micro_bs = 8 | time = [12807, 9906, 12200] | memory = [45722, 33816, 19798]
fix|12778.39|45658.00| op = [413, 214, 208]| tp = [1, 1, 1, ] | dp = [4, 2, 2, ] | algo = [0, 0, 0, ] | rc = [10, 0, 0] | gpus = [4, 2, 2] | micro_bs = 8 | time = [12778, 9921, 12200] | memory = [45658, 33848, 19798]
fix|12765.48|45645.91| op = [412, 215, 208]| tp = [1, 1, 1, ] | dp = [4, 2, 2, ] | algo = [0, 0, 0, ] | rc = [10, 0, 0] | gpus = [4, 2, 2] | micro_bs = 8 | time = [12765, 9934, 12200] | memory = [45645, 33848, 19798]
fix|12751.28|45627.91| op = [411, 216, 208]| tp = [1, 1, 1, ] | dp = [4, 2, 2, ] | algo = [0, 0, 0, ] | rc = [10, 0, 0] | gpus = [4, 2, 2] | micro_bs = 8 | time = [12751, 9951, 12200] | memory = [45627, 33888, 19798]
fix|12733.35|45611.91| op = [410, 217, 208]| tp = [1, 1, 1, ] | dp = [4, 2, 2, ] | algo = [0, 0, 0, ] | rc = [10, 0, 0] | gpus = [4, 2, 2] | micro_bs = 8 | time = [12733, 9966, 12200] | memory = [45611, 33908, 19798]
fix|12737.46|45599.91| op = [409, 218, 208]| tp = [1, 1, 1, ] | dp = [4, 2, 2, ] | algo = [0, 0, 0, ] | rc = [10, 0, 0] | gpus = [4, 2, 2] | micro_bs = 8 | time = [12737, 10188, 12202] | memory = [45599, 34436, 19798]
fix|12635.51|45599.91| op = [408, 219, 208]| tp = [1, 1, 1, ] | dp = [4, 2, 2, ] | algo = [0, 0, 0, ] | rc = [8, 0, 0] | gpus = [4, 2, 2] | micro_bs = 8 | time = [12635, 10298, 12202] | memory = [45599, 35588, 19798]
fix|12587.02|45599.91| op = [407, 220, 208]| tp = [1, 1, 1, ] | dp = [4, 2, 2, ] | algo = [0, 0, 0, ] | rc = [8, 0, 0] | gpus = [4, 2, 2] | micro_bs = 8 | time = [12587, 10392, 12202] | memory = [45599, 35588, 19798]
fix|12419.14|46079.91| op = [406, 221, 208]| tp = [1, 1, 1, ] | dp = [4, 2, 2, ] | algo = [0, 0, 0, ] | rc = [6, 0, 0] | gpus = [4, 2, 2] | micro_bs = 8 | time = [12419, 10357, 12200] | memory = [46079, 35620, 19798]
fix|12383.42|46031.91| op = [405, 222, 208]| tp = [1, 1, 1, ] | dp = [4, 2, 2, ] | algo = [0, 0, 0, ] | rc = [6, 0, 0] | gpus = [4, 2, 2] | micro_bs = 8 | time = [12383, 10395, 12200] | memory = [46031, 35648, 19798]
fix|12370.54|46019.81| op = [404, 223, 208]| tp = [1, 1, 1, ] | dp = [4, 2, 2, ] | algo = [0, 0, 0, ] | rc = [6, 0, 0] | gpus = [4, 2, 2] | micro_bs = 8 | time = [12370, 10407, 12200] | memory = [46019, 35648, 19798]
fix|12356.18|46001.81| op = [403, 224, 208]| tp = [1, 1, 1, ] | dp = [4, 2, 2, ] | algo = [0, 0, 0, ] | rc = [6, 0, 0] | gpus = [4, 2, 2] | micro_bs = 8 | time = [12356, 10424, 12200] | memory = [46001, 35688, 19798]
fix|12345.61|45973.81| op = [402, 225, 208]| tp = [1, 1, 1, ] | dp = [4, 2, 2, ] | algo = [0, 0, 0, ] | rc = [6, 0, 0] | gpus = [4, 2, 2] | micro_bs = 8 | time = [12345, 10474, 12201] | memory = [45973, 35768, 19798]
fix|12333.73|45925.81| op = [401, 226, 208]| tp = [1, 1, 1, ] | dp = [4, 2, 2, ] | algo = [0, 0, 0, ] | rc = [6, 0, 0] | gpus = [4, 2, 2] | micro_bs = 8 | time = [12333, 10496, 12201] | memory = [45925, 35832, 19798]
fix|12304.70|45861.81| op = [400, 227, 208]| tp = [1, 1, 1, ] | dp = [4, 2, 2, ] | algo = [0, 0, 0, ] | rc = [6, 0, 0] | gpus = [4, 2, 2] | micro_bs = 8 | time = [12304, 10511, 12201] | memory = [45861, 35864, 19798]
fix|12291.79|45849.72| op = [399, 228, 208]| tp = [1, 1, 1, ] | dp = [4, 2, 2, ] | algo = [0, 0, 0, ] | rc = [6, 0, 0] | gpus = [4, 2, 2] | micro_bs = 8 | time = [12291, 10524, 12201] | memory = [45849, 35864, 19798]
fix|12231.05|46695.72| op = [398, 229, 208]| tp = [1, 1, 1, ] | dp = [4, 2, 2, ] | algo = [0, 0, 0, ] | rc = [4, 0, 0] | gpus = [4, 2, 2] | micro_bs = 8 | time = [12231, 10541, 12200] | memory = [46695, 35904, 19798]
fix|12213.12|46679.72| op = [397, 230, 208]| tp = [1, 1, 1, ] | dp = [4, 2, 2, ] | algo = [0, 0, 0, ] | rc = [4, 0, 0] | gpus = [4, 2, 2] | micro_bs = 8 | time = [12213, 10556, 12200] | memory = [46679, 35924, 19798]
fix|12217.24|46667.72| op = [396, 231, 208]| tp = [1, 1, 1, ] | dp = [4, 2, 2, ] | algo = [0, 0, 0, ] | rc = [4, 0, 0] | gpus = [4, 2, 2] | micro_bs = 8 | time = [12217, 10777, 12202] | memory = [46667, 36452, 19798]
fix|12202.65|46667.72| op = [395, 232, 208]| tp = [1, 1, 1, ] | dp = [4, 2, 2, ] | algo = [0, 0, 0, ] | rc = [2, 0, 0] | gpus = [4, 2, 2] | micro_bs = 8 | time = [12115, 10887, 12202] | memory = [46667, 37604, 19798]
fix|12238.19|46667.72| op = [395, 233, 207]| tp = [1, 1, 1, ] | dp = [4, 2, 2, ] | algo = [0, 0, 0, ] | rc = [2, 0, 0] | gpus = [4, 2, 2] | micro_bs = 8 | time = [12117, 11099, 12238] | memory = [46667, 38116, 19782]
fix|12143.77|46667.72| op = [395, 234, 206]| tp = [1, 1, 1, ] | dp = [4, 2, 2, ] | algo = [0, 0, 0, ] | rc = [2, 0, 0] | gpus = [4, 2, 2] | micro_bs = 8 | time = [12117, 11194, 12143] | memory = [46667, 38116, 19782]
fix|12117.20|46667.72| op = [395, 235, 205]| tp = [1, 1, 1, ] | dp = [4, 2, 2, ] | algo = [0, 0, 0, ] | rc = [2, 0, 0] | gpus = [4, 2, 2] | micro_bs = 8 | time = [12117, 11304, 12033] | memory = [46667, 39268, 19206]
fix|12068.71|46667.72| op = [394, 236, 205]| tp = [1, 1, 1, ] | dp = [4, 2, 2, ] | algo = [0, 0, 0, ] | rc = [2, 0, 0] | gpus = [4, 2, 2] | micro_bs = 8 | time = [12068, 11398, 12034] | memory = [46667, 39268, 19206]
fix|12032.57|46859.72| op = [393, 237, 205]| tp = [1, 1, 1, ] | dp = [4, 2, 2, ] | algo = [0, 0, 0, ] | rc = [0, 0, 0] | gpus = [4, 2, 2] | micro_bs = 8 | time = [11900, 11363, 12032] | memory = [46859, 39300, 19206]
fix|11898.79|46859.72| op = [393, 238, 204]| tp = [1, 1, 1, ] | dp = [4, 2, 2, ] | algo = [0, 0, 0, ] | rc = [0, 0, 0] | gpus = [4, 2, 2] | micro_bs = 8 | time = [11898, 11321, 11811] | memory = [46859, 39316, 18942]
fix|11863.06|46811.72| op = [392, 239, 204]| tp = [1, 1, 1, ] | dp = [4, 2, 2, ] | algo = [0, 0, 0, ] | rc = [0, 0, 0] | gpus = [4, 2, 2] | micro_bs = 8 | time = [11863, 11358, 11811] | memory = [46811, 39344, 18942]
fix|11850.18|46799.63| op = [391, 240, 204]| tp = [1, 1, 1, ] | dp = [4, 2, 2, ] | algo = [0, 0, 0, ] | rc = [0, 0, 0] | gpus = [4, 2, 2] | micro_bs = 8 | time = [11850, 11371, 11811] | memory = [46799, 39344, 18942]
fix|11835.82|46781.63| op = [390, 241, 204]| tp = [1, 1, 1, ] | dp = [4, 2, 2, ] | algo = [0, 0, 0, ] | rc = [0, 0, 0] | gpus = [4, 2, 2] | micro_bs = 8 | time = [11835, 11388, 11811] | memory = [46781, 39384, 18942]
fix|11825.25|46753.63| op = [389, 242, 204]| tp = [1, 1, 1, ] | dp = [4, 2, 2, ] | algo = [0, 0, 0, ] | rc = [0, 0, 0] | gpus = [4, 2, 2] | micro_bs = 8 | time = [11825, 11438, 11811] | memory = [46753, 39464, 18942]
fix|11813.37|46705.63| op = [388, 243, 204]| tp = [1, 1, 1, ] | dp = [4, 2, 2, ] | algo = [0, 0, 0, ] | rc = [0, 0, 0] | gpus = [4, 2, 2] | micro_bs = 8 | time = [11813, 11460, 11811] | memory = [46705, 39528, 18942]
best|11813.37|46705.63| op = [388, 243, 204]| tp = [1, 1, 1, ] | dp = [4, 2, 2, ] | algo = [0, 0, 0, ] | rc = [0, 0, 0] | gpus = [4, 2, 2] | micro_bs = 8 | time = [11813, 11460, 11811] | memory = [46705, 39528, 18942]
decode|11813.37|46705.63| op = [388, 243, 204]| tp = [1, 1, 1, ] | dp = [4, 2, 2, ] | algo = [0, 0, 0, ] | rc = [0, 0, 0] | gpus = [4, 2, 2] | micro_bs = 8 | time = [11813, 11460, 11811] | memory = [46705, 39528, 18942]
fix|11811.31|46641.63| op = [387, 244, 204]| tp = [1, 1, 1, ] | dp = [4, 2, 2, ] | algo = [0, 0, 0, ] | rc = [0, 0, 0] | gpus = [4, 2, 2] | micro_bs = 8 | time = [11784, 11475, 11811] | memory = [46641, 39560, 18942]
best|11811.31|46641.63| op = [387, 244, 204]| tp = [1, 1, 1, ] | dp = [4, 2, 2, ] | algo = [0, 0, 0, ] | rc = [0, 0, 0] | gpus = [4, 2, 2] | micro_bs = 8 | time = [11784, 11475, 11811] | memory = [46641, 39560, 18942]

num_targets: []
num_hops: []
search time = 0.00 s.  [0] 
num_explored_cases = 0
time trend: [12857]

stage 3 search time: 0.64 s
working on num_stages = 4
start|12261.97|44726.14| op = [209, 209, 209, 208]| tp = [1, 1, 1, 1, ] | dp = [2, 2, 2, 2, ] | algo = [0, 0, 0, 0, ] | rc = [26, 6, 0, 0] | gpus = [2, 2, 2, 2] | micro_bs = 8 | time = [11029, 10089, 9866, 12261] | memory = [36120, 44726, 33631, 19798]
line465:max stage:3, min stage:2, max_value:12261.97302839327, min_value:9866.867757747754
fix|12297.52|44726.14| op = [209, 209, 210, 207]| tp = [1, 1, 1, 1, ] | dp = [2, 2, 2, 2, ] | algo = [0, 0, 0, 0, ] | rc = [26, 6, 0, 0] | gpus = [2, 2, 2, 2] | micro_bs = 8 | time = [11031, 10091, 10078, 12297] | memory = [36120, 44726, 34143, 19782]
cv:0.08346648005025571
line465:max stage:3, min stage:2, max_value:12297.519902193977, min_value:10078.695203548463
fix|12203.10|44726.14| op = [209, 209, 211, 206]| tp = [1, 1, 1, 1, ] | dp = [2, 2, 2, 2, ] | algo = [0, 0, 0, 0, ] | rc = [26, 6, 0, 0] | gpus = [2, 2, 2, 2] | micro_bs = 8 | time = [11031, 10091, 10173, 12203] | memory = [36120, 44726, 34143, 19782]
cv:0.07822160109290585
line465:max stage:3, min stage:1, max_value:12203.101117193974, min_value:10091.799341772788
fix|12093.24|44810.14| op = [209, 210, 211, 205]| tp = [1, 1, 1, 1, ] | dp = [2, 2, 2, 2, ] | algo = [0, 0, 0, 0, ] | rc = [26, 6, 0, 0] | gpus = [2, 2, 2, 2] | micro_bs = 8 | time = [11031, 10145, 10245, 12093] | memory = [36120, 44810, 35267, 19206]
cv:0.07174018947900011
line465:max stage:3, min stage:1, max_value:12093.242602314813, min_value:10145.464002566903
fix|11873.59|45578.14| op = [209, 211, 211, 204]| tp = [1, 1, 1, 1, ] | dp = [2, 2, 2, 2, ] | algo = [0, 0, 0, 0, ] | rc = [26, 6, 0, 0] | gpus = [2, 2, 2, 2] | micro_bs = 8 | time = [11031, 10355, 10239, 11873] | memory = [36120, 45578, 35251, 18942]
cv:0.05987909228215505
line465:max stage:3, min stage:2, max_value:11873.590187104497, min_value:10239.178626548462
fix|11858.07|45578.14| op = [209, 211, 212, 203]| tp = [1, 1, 1, 1, ] | dp = [2, 2, 2, 2, ] | algo = [0, 0, 0, 0, ] | rc = [26, 6, 0, 0] | gpus = [2, 2, 2, 2] | micro_bs = 8 | time = [11031, 10355, 10254, 11858] | memory = [36120, 45578, 35271, 18930]
cv:0.058985508567113994
line465:max stage:3, min stage:2, max_value:11858.073059327691, min_value:10254.699282771655
fix|11841.18|45578.14| op = [209, 211, 213, 202]| tp = [1, 1, 1, 1, ] | dp = [2, 2, 2, 2, ] | algo = [0, 0, 0, 0, ] | rc = [26, 6, 0, 0] | gpus = [2, 2, 2, 2] | micro_bs = 8 | time = [11031, 10355, 10265, 11841] | memory = [36120, 45578, 35295, 18910]
cv:0.05816241513037117
line465:max stage:3, min stage:2, max_value:11841.177219305133, min_value:10265.404352749098
fix|11828.52|45578.14| op = [209, 211, 214, 201]| tp = [1, 1, 1, 1, ] | dp = [2, 2, 2, 2, ] | algo = [0, 0, 0, 0, ] | rc = [26, 6, 0, 0] | gpus = [2, 2, 2, 2] | micro_bs = 8 | time = [11031, 10355, 10284, 11828] | memory = [36120, 45578, 35312, 18910]
cv:0.057294379907314404
line465:max stage:3, min stage:2, max_value:11828.5181411045, min_value:10284.250672548464
fix|11813.74|45578.14| op = [209, 211, 215, 200]| tp = [1, 1, 1, 1, ] | dp = [2, 2, 2, 2, ] | algo = [0, 0, 0, 0, ] | rc = [26, 6, 0, 0] | gpus = [2, 2, 2, 2] | micro_bs = 8 | time = [11031, 10355, 10333, 11813] | memory = [36120, 45578, 35392, 18886]
cv:0.05566708776545085
line465:max stage:3, min stage:2, max_value:11813.740514557, min_value:10333.820898000964
fix|11791.51|45578.14| op = [209, 211, 216, 199]| tp = [1, 1, 1, 1, ] | dp = [2, 2, 2, 2, ] | algo = [0, 0, 0, 0, ] | rc = [26, 6, 0, 0] | gpus = [2, 2, 2, 2] | micro_bs = 8 | time = [11031, 10355, 10356, 11791] | memory = [36120, 45578, 35456, 18854]
cv:0.054424916933917496
line465:max stage:3, min stage:1, max_value:11791.511079626136, min_value:10355.515273203688
fix|11741.58|45578.14| op = [209, 212, 216, 198]| tp = [1, 1, 1, 1, ] | dp = [2, 2, 2, 2, ] | algo = [0, 0, 0, 0, ] | rc = [26, 6, 0, 0] | gpus = [2, 2, 2, 2] | micro_bs = 8 | time = [11031, 10449, 10276, 11741] | memory = [36120, 45578, 35488, 18806]
cv:0.05270978755230812
line465:max stage:3, min stage:2, max_value:11741.582309327692, min_value:10276.771247771654
fix|11724.45|45578.14| op = [209, 212, 217, 197]| tp = [1, 1, 1, 1, ] | dp = [2, 2, 2, 2, ] | algo = [0, 0, 0, 0, ] | rc = [26, 6, 0, 0] | gpus = [2, 2, 2, 2] | micro_bs = 8 | time = [11031, 10449, 10287, 11724] | memory = [36120, 45578, 35512, 18786]
cv:0.0518611811071335
line465:max stage:3, min stage:2, max_value:11724.453297305134, min_value:10287.709489749097
fix|11711.92|45578.14| op = [209, 212, 218, 196]| tp = [1, 1, 1, 1, ] | dp = [2, 2, 2, 2, ] | algo = [0, 0, 0, 0, ] | rc = [26, 6, 0, 0] | gpus = [2, 2, 2, 2] | micro_bs = 8 | time = [11031, 10449, 10306, 11711] | memory = [36120, 45578, 35528, 18785]
cv:0.050974161985639505
line465:max stage:3, min stage:2, max_value:11711.922108104498, min_value:10306.427920548462
fix|11674.79|45578.14| op = [209, 212, 219, 195]| tp = [1, 1, 1, 1, ] | dp = [2, 2, 2, 2, ] | algo = [0, 0, 0, 0, ] | rc = [26, 6, 0, 0] | gpus = [2, 2, 2, 2] | micro_bs = 8 | time = [11031, 10449, 10360, 11674] | memory = [36120, 45578, 35588, 18765]
cv:0.04842407642457119
line465:max stage:3, min stage:2, max_value:11674.793198898613, min_value:10360.092581342577
fix|11710.34|45578.14| op = [209, 212, 220, 194]| tp = [1, 1, 1, 1, ] | dp = [2, 2, 2, 2, ] | algo = [0, 0, 0, 0, ] | rc = [26, 6, 0, 0] | gpus = [2, 2, 2, 2] | micro_bs = 8 | time = [11033, 10451, 10571, 11710] | memory = [36120, 45578, 36100, 18749]
cv:0.04514651298544215
line465:max stage:3, min stage:1, max_value:11710.34007269932, min_value:10451.710233367612
fix|11617.31|43850.14| op = [209, 213, 220, 193]| tp = [1, 1, 1, 1, ] | dp = [2, 2, 2, 2, ] | algo = [0, 0, 0, 0, ] | rc = [26, 10, 0, 0] | gpus = [2, 2, 2, 2] | micro_bs = 8 | time = [11035, 10739, 10557, 11617] | memory = [36120, 43850, 34948, 18749]
cv:0.036557210913138787
line465:max stage:3, min stage:2, max_value:11617.306963699317, min_value:10557.737789143284
fix|11507.32|43850.14| op = [209, 213, 221, 192]| tp = [1, 1, 1, 1, ] | dp = [2, 2, 2, 2, ] | algo = [0, 0, 0, 0, ] | rc = [26, 10, 0, 0] | gpus = [2, 2, 2, 2] | micro_bs = 8 | time = [11035, 10739, 10667, 11507] | memory = [36120, 43850, 36100, 18173]
cv:0.030064191002507366
line465:max stage:3, min stage:2, max_value:11507.320264699318, min_value:10667.724488143283
fix|11285.75|43850.14| op = [209, 213, 222, 191]| tp = [1, 1, 1, 1, ] | dp = [2, 2, 2, 2, ] | algo = [0, 0, 0, 0, ] | rc = [26, 10, 0, 0] | gpus = [2, 2, 2, 2] | micro_bs = 8 | time = [11033, 10737, 10625, 11285] | memory = [36120, 43850, 36116, 17909]
cv:0.02365150548373532
line465:max stage:3, min stage:2, max_value:11285.750219104495, min_value:10625.38446254846
fix|11270.23|43850.14| op = [209, 213, 223, 190]| tp = [1, 1, 1, 1, ] | dp = [2, 2, 2, 2, ] | algo = [0, 0, 0, 0, ] | rc = [26, 10, 0, 0] | gpus = [2, 2, 2, 2] | micro_bs = 8 | time = [11033, 10737, 10640, 11270] | memory = [36120, 43850, 36136, 17897]
cv:0.022747216269909918
line465:max stage:3, min stage:2, max_value:11270.23309132769, min_value:10640.905118771656
fix|11253.34|43850.14| op = [209, 213, 224, 189]| tp = [1, 1, 1, 1, ] | dp = [2, 2, 2, 2, ] | algo = [0, 0, 0, 0, ] | rc = [26, 10, 0, 0] | gpus = [2, 2, 2, 2] | micro_bs = 8 | time = [11033, 10736, 10651, 11253] | memory = [36120, 43850, 36160, 17877]
cv:0.021933466897279163
line465:max stage:3, min stage:2, max_value:11253.33725130513, min_value:10651.610188749097
fix|11240.68|43850.14| op = [209, 213, 225, 188]| tp = [1, 1, 1, 1, ] | dp = [2, 2, 2, 2, ] | algo = [0, 0, 0, 0, ] | rc = [26, 10, 0, 0] | gpus = [2, 2, 2, 2] | micro_bs = 8 | time = [11033, 10737, 10670, 11240] | memory = [36120, 43850, 36176, 17877]
cv:0.021050360259702427
line465:max stage:3, min stage:2, max_value:11240.678173104498, min_value:10670.456508548463
fix|11225.90|43850.14| op = [209, 213, 226, 187]| tp = [1, 1, 1, 1, ] | dp = [2, 2, 2, 2, ] | algo = [0, 0, 0, 0, ] | rc = [26, 10, 0, 0] | gpus = [2, 2, 2, 2] | micro_bs = 8 | time = [11033, 10737, 10720, 11225] | memory = [36120, 43850, 36256, 17853]
cv:0.01938059799032638
line465:max stage:3, min stage:2, max_value:11225.900546556999, min_value:10720.026734000961
fix|11203.67|43850.14| op = [209, 213, 227, 186]| tp = [1, 1, 1, 1, ] | dp = [2, 2, 2, 2, ] | algo = [0, 0, 0, 0, ] | rc = [26, 10, 0, 0] | gpus = [2, 2, 2, 2] | micro_bs = 8 | time = [11033, 10737, 10742, 11203] | memory = [36120, 43850, 36320, 17821]
cv:0.018182703574139234
line465:max stage:3, min stage:1, max_value:11203.671111626134, min_value:10737.287285203687
fix|11151.70|43874.14| op = [209, 214, 227, 185]| tp = [1, 1, 1, 1, ] | dp = [2, 2, 2, 2, ] | algo = [0, 0, 0, 0, ] | rc = [26, 10, 0, 0] | gpus = [2, 2, 2, 2] | micro_bs = 8 | time = [11031, 10694, 10535, 11151] | memory = [36120, 43874, 35824, 17773]
cv:0.02287616805847435
line465:max stage:3, min stage:2, max_value:11151.696526822345, min_value:10535.825823176834
fix|11134.57|43874.14| op = [209, 214, 228, 184]| tp = [1, 1, 1, 1, ] | dp = [2, 2, 2, 2, ] | algo = [0, 0, 0, 0, ] | rc = [26, 10, 0, 0] | gpus = [2, 2, 2, 2] | micro_bs = 8 | time = [11030, 10694, 10546, 11134] | memory = [36120, 43874, 35848, 17753]
cv:0.02208792656026495
line465:max stage:3, min stage:2, max_value:11134.567514799788, min_value:10546.764065154275
fix|11122.04|43874.14| op = [209, 214, 229, 183]| tp = [1, 1, 1, 1, ] | dp = [2, 2, 2, 2, ] | algo = [0, 0, 0, 0, ] | rc = [26, 10, 0, 0] | gpus = [2, 2, 2, 2] | micro_bs = 8 | time = [11031, 10694, 10565, 11122] | memory = [36120, 43874, 35864, 17753]
cv:0.02120189864324918
line465:max stage:3, min stage:2, max_value:11122.03632559915, min_value:10565.482495953638
fix|11084.91|43874.14| op = [209, 214, 230, 182]| tp = [1, 1, 1, 1, ] | dp = [2, 2, 2, 2, ] | algo = [0, 0, 0, 0, ] | rc = [26, 10, 0, 0] | gpus = [2, 2, 2, 2] | micro_bs = 8 | time = [11031, 10694, 10619, 11084] | memory = [36120, 43874, 35924, 17733]
cv:0.018714513406732584
line465:max stage:3, min stage:2, max_value:11084.907416393266, min_value:10619.147156747757
fix|11120.45|43874.14| op = [209, 214, 231, 181]| tp = [1, 1, 1, 1, ] | dp = [2, 2, 2, 2, ] | algo = [0, 0, 0, 0, ] | rc = [26, 10, 0, 0] | gpus = [2, 2, 2, 2] | micro_bs = 8 | time = [11033, 10696, 10830, 11120] | memory = [36120, 43874, 36436, 17717]
cv:0.015236815752004494
line465:max stage:3, min stage:1, max_value:11120.454290193973, min_value:10696.72343477279
fix|11033.07|43902.14| op = [209, 215, 231, 180]| tp = [1, 1, 1, 1, ] | dp = [2, 2, 2, 2, ] | algo = [0, 0, 0, 0, ] | rc = [26, 10, 0, 0] | gpus = [2, 2, 2, 2] | micro_bs = 8 | time = [11033, 10712, 10909, 11026] | memory = [36120, 43902, 36416, 17717]
best|11033.07|43902.14| op = [209, 215, 231, 180]| tp = [1, 1, 1, 1, ] | dp = [2, 2, 2, 2, ] | algo = [0, 0, 0, 0, ] | rc = [26, 10, 0, 0] | gpus = [2, 2, 2, 2] | micro_bs = 8 | time = [11033, 10712, 10909, 11026] | memory = [36120, 43902, 36416, 17717]
line146:config.memory_list:[36120.05999999999, 43902.137999999984, 36416.466, 17717.837999999996]
line147:config.time_list:[11033.066032088396, 10712.244090995984, 10909.876259771658, 11026.035532546268]
------------------------------------------------------------------------------------------------------
cegis_search for the 0th times
开始求解check...
line351:
tp_list[1, 1, 1, 1, 1, 1, 1, 1, 1, 1, 1, 1, 1, 1, 1, 1, 1, 1, 1, 1, 1, 1, 1, 1, 1, 1, 1, 1, 1, 1, 1, 1, 1, 1, 1, 1, 1, 1, 1, 1, 1, 1, 1, 1, 1, 1, 1, 1, 1, 1, 1, 1, 1, 1, 1, 1, 1, 1, 1, 1, 1, 1, 1, 1, 1, 1, 1, 1, 1, 1, 1, 1, 1, 1, 1, 1, 1, 1, 1, 1, 1, 1, 1, 1, 1, 1, 1, 1, 1, 1, 1, 1, 1, 1, 1, 1, 1, 1, 1, 1, 1, 1, 1, 1, 1, 1, 1, 1, 1, 1, 1, 1, 1, 1, 1, 1, 1, 1, 1, 1, 1, 1, 1, 1, 1, 1, 1, 1, 1, 1, 1, 1, 1, 1, 1, 1, 1, 1, 1, 1, 1, 1, 1, 1, 1, 1, 1, 1, 1, 1, 1, 1, 1, 1, 1, 1, 1, 1, 1, 1, 1, 1, 1, 1, 1, 1, 1, 1, 1, 1, 1, 1, 1, 1, 1, 1, 1, 1, 1, 1, 1, 1, 1, 1, 1, 1, 1, 1, 1, 1, 1, 1, 1, 1, 1, 1, 1, 1, 1, 1, 1, 1, 1, 1, 1, 1, 1, 1, 1, 1, 1, 1, 1, 1, 1, 1, 1, 1, 1, 1, 1, 1, 1, 1, 1, 1, 1, 1, 1, 1, 1, 1, 1, 1, 1, 1, 1, 1, 1, 1, 1, 1, 1, 1, 1, 1, 1, 1, 1, 1, 1, 1, 1, 1, 1, 1, 1, 1, 1, 1, 1, 1, 1, 1, 1, 1, 1, 1, 1, 1, 1, 1, 1, 1, 1, 1, 1, 1, 1, 1, 1, 1, 1, 1, 1, 1, 1, 1, 1, 1, 1, 1, 1, 1, 1, 1, 1, 1, 1, 1, 1, 1, 1, 1, 1, 1, 1, 1, 1, 1, 1, 1, 1, 1, 1, 1, 1, 1, 1, 1, 1, 1, 1, 1, 1, 1, 1, 1, 1, 1, 1, 1, 1, 1, 1, 1, 1, 1, 1, 1, 1, 1, 1, 1, 1, 1, 1, 1, 1, 1, 1, 1, 1, 1, 1, 1, 1, 1, 1, 1, 1, 1, 1, 1, 1, 1, 1, 1, 1, 1, 1, 1, 1, 1, 1, 1, 1, 1, 1, 1, 1, 1, 1, 1, 1, 1, 1, 1, 1, 1, 1, 1, 1, 1, 1, 1, 1, 1, 1, 1, 1, 1, 1, 1, 1, 1, 1, 1, 1, 1, 1, 1, 1, 1, 1, 1, 1, 1, 1, 1, 1, 1, 1, 1, 1, 1, 1, 1, 1, 1, 1, 1, 1, 1, 1, 1, 1, 1, 1, 1, 1, 1, 1, 1, 1, 1, 1, 1, 1, 1, 1, 1, 1, 1, 1, 1, 1, 1, 1, 1, 1, 1, 1, 1, 1, 1, 1, 1, 1, 1, 1, 1, 1, 1, 1, 1, 1, 1, 1, 1, 1, 1, 1, 1, 1, 1, 1, 1, 1, 1, 1, 1, 1, 1, 1, 1, 1, 1, 1, 1, 1, 1, 1, 1, 1, 1, 1, 1, 1, 1, 1, 1, 1, 1, 1, 1, 1, 1, 1, 1, 1, 1, 1, 1, 1, 1, 1, 1, 1, 1, 1, 1, 1, 1, 1, 1, 1, 1, 1, 1, 1, 1, 1, 1, 1, 1, 1, 1, 1, 1, 1, 1, 1, 1, 1, 1, 1, 1, 1, 1, 1, 1, 1, 1, 1, 1, 1, 1, 1, 1, 1, 1, 1, 1, 1, 1, 1, 1, 1, 1, 1, 1, 1, 1, 1, 1, 1, 1, 1, 1, 1, 1, 1, 1, 1, 1, 1, 1, 1, 1, 1, 1, 1, 1, 1, 1, 1, 1, 1, 1, 1, 1, 1, 1, 1, 1, 1, 1, 1, 1, 1, 1, 1, 1, 1, 1, 1, 1, 1, 1, 1, 1, 1, 1, 1, 1, 1, 1, 1, 1, 1, 1, 1, 1, 1, 1, 1, 1, 1, 1, 1, 1, 1, 1, 1, 1, 1, 1, 1, 1, 1, 1, 1, 1, 1, 1, 1, 1, 1, 1, 1, 1, 1, 1, 1, 1, 1, 1, 1, 1, 1, 1, 1, 1, 1, 1, 1, 1, 1, 1, 1, 1, 1, 1, 1, 1, 1, 1, 1, 1, 1, 1, 1, 1, 1, 1, 1, 1, 1, 1, 1, 1, 1, 1, 1, 1, 1, 1, 1, 1, 1, 1, 1, 1, 1, 1, 1, 1, 1, 1, 1, 1, 1, 1, 1, 1, 1, 1, 1, 1, 1, 1, 1, 1, 1, 1, 1, 1, 1, 1, 1, 1, 1, 1, 1, 1, 1, 1, 1, 1, 1, 1, 1, 1, 1, 1, 1, 1, 1, 1, 1, 1, 1, 1, 1, 1, 1, 1, 1, 1, 1, 1, 1, 1, 1, 1, 1, 1, 1, 1, 1, 1, 1, 1, 1, 1, 1, 1, 1, 1, 1, 1, 1, 1, 1, 1, 1, 1, 1, 1, 1, 1, 1, 1, 1, 1, 1, 1, 1, 1, 1, 1, 1, 1, 1, 1, 1, 1, 1, 1, 1, 1, 1, 1, 1]
dp_list[2, 2, 2, 2, 2, 2, 2, 2, 2, 2, 2, 2, 2, 2, 2, 2, 2, 2, 2, 2, 2, 2, 2, 2, 2, 2, 2, 2, 2, 2, 2, 2, 2, 2, 2, 2, 2, 2, 2, 2, 2, 2, 2, 2, 2, 2, 2, 2, 2, 2, 2, 2, 2, 2, 2, 2, 2, 2, 2, 2, 2, 2, 2, 2, 2, 2, 2, 2, 2, 2, 2, 2, 2, 2, 2, 2, 2, 2, 2, 2, 2, 2, 2, 2, 2, 2, 2, 2, 2, 2, 2, 2, 2, 2, 2, 2, 2, 2, 2, 2, 2, 2, 2, 2, 2, 2, 2, 2, 2, 2, 2, 2, 2, 2, 2, 2, 2, 2, 2, 2, 2, 2, 2, 2, 2, 2, 2, 2, 2, 2, 2, 2, 2, 2, 2, 2, 2, 2, 2, 2, 2, 2, 2, 2, 2, 2, 2, 2, 2, 2, 2, 2, 2, 2, 2, 2, 2, 2, 2, 2, 2, 2, 2, 2, 2, 2, 2, 2, 2, 2, 2, 2, 2, 2, 2, 2, 2, 2, 2, 2, 2, 2, 2, 2, 2, 2, 2, 2, 2, 2, 2, 2, 2, 2, 2, 2, 2, 2, 2, 2, 2, 2, 2, 2, 2, 2, 2, 2, 2, 2, 2, 2, 2, 2, 2, 2, 2, 2, 2, 2, 2, 2, 2, 2, 2, 2, 2, 2, 2, 2, 2, 2, 2, 2, 2, 2, 2, 2, 2, 2, 2, 2, 2, 2, 2, 2, 2, 2, 2, 2, 2, 2, 2, 2, 2, 2, 2, 2, 2, 2, 2, 2, 2, 2, 2, 2, 2, 2, 2, 2, 2, 2, 2, 2, 2, 2, 2, 2, 2, 2, 2, 2, 2, 2, 2, 2, 2, 2, 2, 2, 2, 2, 2, 2, 2, 2, 2, 2, 2, 2, 2, 2, 2, 2, 2, 2, 2, 2, 2, 2, 2, 2, 2, 2, 2, 2, 2, 2, 2, 2, 2, 2, 2, 2, 2, 2, 2, 2, 2, 2, 2, 2, 2, 2, 2, 2, 2, 2, 2, 2, 2, 2, 2, 2, 2, 2, 2, 2, 2, 2, 2, 2, 2, 2, 2, 2, 2, 2, 2, 2, 2, 2, 2, 2, 2, 2, 2, 2, 2, 2, 2, 2, 2, 2, 2, 2, 2, 2, 2, 2, 2, 2, 2, 2, 2, 2, 2, 2, 2, 2, 2, 2, 2, 2, 2, 2, 2, 2, 2, 2, 2, 2, 2, 2, 2, 2, 2, 2, 2, 2, 2, 2, 2, 2, 2, 2, 2, 2, 2, 2, 2, 2, 2, 2, 2, 2, 2, 2, 2, 2, 2, 2, 2, 2, 2, 2, 2, 2, 2, 2, 2, 2, 2, 2, 2, 2, 2, 2, 2, 2, 2, 2, 2, 2, 2, 2, 2, 2, 2, 2, 2, 2, 2, 2, 2, 2, 2, 2, 2, 2, 2, 2, 2, 2, 2, 2, 2, 2, 2, 2, 2, 2, 2, 2, 2, 2, 2, 2, 2, 2, 2, 2, 2, 2, 2, 2, 2, 2, 2, 2, 2, 2, 2, 2, 2, 2, 2, 2, 2, 2, 2, 2, 2, 2, 2, 2, 2, 2, 2, 2, 2, 2, 2, 2, 2, 2, 2, 2, 2, 2, 2, 2, 2, 2, 2, 2, 2, 2, 2, 2, 2, 2, 2, 2, 2, 2, 2, 2, 2, 2, 2, 2, 2, 2, 2, 2, 2, 2, 2, 2, 2, 2, 2, 2, 2, 2, 2, 2, 2, 2, 2, 2, 2, 2, 2, 2, 2, 2, 2, 2, 2, 2, 2, 2, 2, 2, 2, 2, 2, 2, 2, 2, 2, 2, 2, 2, 2, 2, 2, 2, 2, 2, 2, 2, 2, 2, 2, 2, 2, 2, 2, 2, 2, 2, 2, 2, 2, 2, 2, 2, 2, 2, 2, 2, 2, 2, 2, 2, 2, 2, 2, 2, 2, 2, 2, 2, 2, 2, 2, 2, 2, 2, 2, 2, 2, 2, 2, 2, 2, 2, 2, 2, 2, 2, 2, 2, 2, 2, 2, 2, 2, 2, 2, 2, 2, 2, 2, 2, 2, 2, 2, 2, 2, 2, 2, 2, 2, 2, 2, 2, 2, 2, 2, 2, 2, 2, 2, 2, 2, 2, 2, 2, 2, 2, 2, 2, 2, 2, 2, 2, 2, 2, 2, 2, 2, 2, 2, 2, 2, 2, 2, 2, 2, 2, 2, 2, 2, 2, 2, 2, 2, 2, 2, 2, 2, 2, 2, 2, 2, 2, 2, 2, 2, 2, 2, 2, 2, 2, 2, 2, 2, 2, 2, 2, 2, 2, 2, 2, 2, 2, 2, 2, 2, 2, 2, 2, 2, 2, 2, 2, 2, 2, 2, 2, 2, 2, 2, 2, 2, 2, 2, 2, 2, 2, 2, 2, 2, 2, 2, 2, 2, 2, 2, 2, 2, 2, 2, 2, 2, 2, 2, 2, 2, 2, 2, 2, 2, 2, 2, 2, 2, 2, 2, 2, 2, 2, 2, 2, 2, 2, 2, 2, 2, 2, 2, 2, 2, 2, 2, 2, 2, 2, 2, 2, 2, 2, 2, 2, 2, 2, 2, 2, 2, 2, 2]
algo_list[0, 0, 0, 0, 0, 0, 0, 0, 0, 0, 0, 0, 0, 0, 0, 0, 0, 0, 0, 0, 0, 0, 0, 0, 0, 0, 0, 0, 0, 0, 0, 0, 0, 0, 0, 0, 0, 0, 0, 0, 0, 0, 0, 0, 0, 0, 0, 0, 0, 0, 0, 0, 0, 0, 0, 0, 0, 0, 0, 0, 0, 0, 0, 0, 0, 0, 0, 0, 0, 0, 0, 0, 0, 0, 0, 0, 0, 0, 0, 0, 0, 0, 0, 0, 0, 0, 0, 0, 0, 0, 0, 0, 0, 0, 0, 0, 0, 0, 0, 0, 0, 0, 0, 0, 0, 0, 0, 0, 0, 0, 0, 0, 0, 0, 0, 0, 0, 0, 0, 0, 0, 0, 0, 0, 0, 0, 0, 0, 0, 0, 0, 0, 0, 0, 0, 0, 0, 0, 0, 0, 0, 0, 0, 0, 0, 0, 0, 0, 0, 0, 0, 0, 0, 0, 0, 0, 0, 0, 0, 0, 0, 0, 0, 0, 0, 0, 0, 0, 0, 0, 0, 0, 0, 0, 0, 0, 0, 0, 0, 0, 0, 0, 0, 0, 0, 0, 0, 0, 0, 0, 0, 0, 0, 0, 0, 0, 0, 0, 0, 0, 0, 0, 0, 0, 0, 0, 0, 0, 0, 0, 0, 0, 0, 0, 0, 0, 0, 0, 0, 0, 0, 0, 0, 0, 0, 0, 0, 0, 0, 0, 0, 0, 0, 0, 0, 0, 0, 0, 0, 0, 0, 0, 0, 0, 0, 0, 0, 0, 0, 0, 0, 0, 0, 0, 0, 0, 0, 0, 0, 0, 0, 0, 0, 0, 0, 0, 0, 0, 0, 0, 0, 0, 0, 0, 0, 0, 0, 0, 0, 0, 0, 0, 0, 0, 0, 0, 0, 0, 0, 0, 0, 0, 0, 0, 0, 0, 0, 0, 0, 0, 0, 0, 0, 0, 0, 0, 0, 0, 0, 0, 0, 0, 0, 0, 0, 0, 0, 0, 0, 0, 0, 0, 0, 0, 0, 0, 0, 0, 0, 0, 0, 0, 0, 0, 0, 0, 0, 0, 0, 0, 0, 0, 0, 0, 0, 0, 0, 0, 0, 0, 0, 0, 0, 0, 0, 0, 0, 0, 0, 0, 0, 0, 0, 0, 0, 0, 0, 0, 0, 0, 0, 0, 0, 0, 0, 0, 0, 0, 0, 0, 0, 0, 0, 0, 0, 0, 0, 0, 0, 0, 0, 0, 0, 0, 0, 0, 0, 0, 0, 0, 0, 0, 0, 0, 0, 0, 0, 0, 0, 0, 0, 0, 0, 0, 0, 0, 0, 0, 0, 0, 0, 0, 0, 0, 0, 0, 0, 0, 0, 0, 0, 0, 0, 0, 0, 0, 0, 0, 0, 0, 0, 0, 0, 0, 0, 0, 0, 0, 0, 0, 0, 0, 0, 0, 0, 0, 0, 0, 0, 0, 0, 0, 0, 0, 0, 0, 0, 0, 0, 0, 0, 0, 0, 0, 0, 0, 0, 0, 0, 0, 0, 0, 0, 0, 0, 0, 0, 0, 0, 0, 0, 0, 0, 0, 0, 0, 0, 0, 0, 0, 0, 0, 0, 0, 0, 0, 0, 0, 0, 0, 0, 0, 0, 0, 0, 0, 0, 0, 0, 0, 0, 0, 0, 0, 0, 0, 0, 0, 0, 0, 0, 0, 0, 0, 0, 0, 0, 0, 0, 0, 0, 0, 0, 0, 0, 0, 0, 0, 0, 0, 0, 0, 0, 0, 0, 0, 0, 0, 0, 0, 0, 0, 0, 0, 0, 0, 0, 0, 0, 0, 0, 0, 0, 0, 0, 0, 0, 0, 0, 0, 0, 0, 0, 0, 0, 0, 0, 0, 0, 0, 0, 0, 0, 0, 0, 0, 0, 0, 0, 0, 0, 0, 0, 0, 0, 0, 0, 0, 0, 0, 0, 0, 0, 0, 0, 0, 0, 0, 0, 0, 0, 0, 0, 0, 0, 0, 0, 0, 0, 0, 0, 0, 0, 0, 0, 0, 0, 0, 0, 0, 0, 0, 0, 0, 0, 0, 0, 0, 0, 0, 0, 0, 0, 0, 0, 0, 0, 0, 0, 0, 0, 0, 0, 0, 0, 0, 0, 0, 0, 0, 0, 0, 0, 0, 0, 0, 0, 0, 0, 0, 0, 0, 0, 0, 0, 0, 0, 0, 0, 0, 0, 0, 0, 0, 0, 0, 0, 0, 0, 0, 0, 0, 0, 0, 0, 0, 0, 0, 0, 0, 0, 0, 0, 0, 0, 0, 0, 0, 0, 0, 0, 0, 0, 0, 0, 0, 0, 0, 0, 0, 0, 0, 0, 0, 0, 0, 0, 0, 0, 0, 0, 0, 0, 0, 0, 0, 0, 0, 0, 0, 0, 0, 0, 0, 0, 0, 0, 0, 0, 0, 0, 0, 0, 0, 0, 0, 0, 0, 0, 0, 0, 0, 0, 0, 0, 0, 0, 0, 0, 0, 0, 0, 0, 0, 0, 0, 0, 0, 0, 0, 0, 0, 0, 0, 0, 0, 0, 0, 0, 0, 0, 0, 0, 0, 0, 0, 0, 0, 0, 0, 0, 0, 0, 0, 0, 0, 0, 0, 0, 0, 0, 0, 0, 0, 0, 0, 0, 0, 0, 0, 0, 0, 0, 0, 0]

decode|18982.14|17262.08| op = [209, 215, 231, 180]| tp = [1, 1, 1, 1, ] | dp = [2, 2, 2, 2, ] | algo = [0, 0, 0, 0, ] | rc = [0, 0, 0, 0] | gpus = [2, 2, 2, 2] | micro_bs = 2 | time = [17288, 17762, 18982, 17390] | memory = [17262, 13579, 9749, 5222]
验证解
line465:max stage:2, min stage:0, max_value:18982.144386274424, min_value:17288.035174737142
fix|18901.76|17270.14| op = [210, 215, 230, 180]| tp = [1, 1, 1, 1, ] | dp = [2, 2, 2, 2, ] | algo = [0, 0, 0, 0, ] | rc = [0, 0, 0, 0] | gpus = [2, 2, 2, 2] | micro_bs = 2 | time = [17367, 17764, 18901, 17390] | memory = [17270, 13588, 9739, 5222]
cv:0.0349524686616294
line465:max stage:2, min stage:0, max_value:18901.75580597137, min_value:17367.204052990688
fix|18873.56|17306.14| op = [211, 215, 229, 180]| tp = [1, 1, 1, 1, ] | dp = [2, 2, 2, 2, ] | algo = [0, 0, 0, 0, ] | rc = [0, 0, 0, 0] | gpus = [2, 2, 2, 2] | micro_bs = 2 | time = [17477, 17729, 18873, 17390] | memory = [17306, 13576, 9739, 5222]
cv:0.03324610304342584
line465:max stage:2, min stage:3, max_value:18873.557693289997, min_value:17390.214219478115
fix|18769.14|17306.14| op = [211, 215, 228, 181]| tp = [1, 1, 1, 1, ] | dp = [2, 2, 2, 2, ] | algo = [0, 0, 0, 0, ] | rc = [0, 0, 0, 0] | gpus = [2, 2, 2, 2] | micro_bs = 2 | time = [17477, 17729, 18769, 17494] | memory = [17306, 13576, 9739, 5222]
cv:0.029661571449464335
line465:max stage:2, min stage:0, max_value:18769.144552289996, min_value:17477.002265379622
fix|18731.40|17562.14| op = [212, 215, 227, 181]| tp = [1, 1, 1, 1, ] | dp = [2, 2, 2, 2, ] | algo = [0, 0, 0, 0, ] | rc = [0, 0, 0, 0] | gpus = [2, 2, 2, 2] | micro_bs = 2 | time = [17733, 17814, 18731, 17495] | memory = [17562, 13604, 9719, 5222]
cv:0.026177827599087787
line465:max stage:2, min stage:3, max_value:18731.40171635368, min_value:17495.217881113058
fix|18475.19|17562.14| op = [212, 215, 226, 182]| tp = [1, 1, 1, 1, ] | dp = [2, 2, 2, 2, ] | algo = [0, 0, 0, 0, ] | rc = [0, 0, 0, 0] | gpus = [2, 2, 2, 2] | micro_bs = 2 | time = [17732, 17814, 18475, 17495] | memory = [17562, 13604, 9591, 5226]
cv:0.020325442501928484
line465:max stage:2, min stage:3, max_value:18475.18594721281, min_value:17495.306425972183
fix|18365.49|17562.14| op = [212, 215, 225, 183]| tp = [1, 1, 1, 1, ] | dp = [2, 2, 2, 2, ] | algo = [0, 0, 0, 0, ] | rc = [0, 0, 0, 0] | gpus = [2, 2, 2, 2] | micro_bs = 2 | time = [17732, 17814, 18365, 17608] | memory = [17562, 13604, 9567, 5240]
cv:0.01619858526241232
line465:max stage:2, min stage:3, max_value:18365.48571183469, min_value:17608.27239659407
fix|18286.22|17562.14| op = [212, 215, 224, 184]| tp = [1, 1, 1, 1, ] | dp = [2, 2, 2, 2, ] | algo = [0, 0, 0, 0, ] | rc = [0, 0, 0, 0] | gpus = [2, 2, 2, 2] | micro_bs = 2 | time = [17732, 17813, 18286, 17637] | memory = [17562, 13604, 9563, 5240]
best|18286.22|17562.14| op = [212, 215, 224, 184]| tp = [1, 1, 1, 1, ] | dp = [2, 2, 2, 2, ] | algo = [0, 0, 0, 0, ] | rc = [0, 0, 0, 0] | gpus = [2, 2, 2, 2] | micro_bs = 2 | time = [17732, 17813, 18286, 17637] | memory = [17562, 13604, 9563, 5240]
line146:config.memory_list:[17562.144000000004, 13604.584000000006, 9563.096000000003, 5240.489000000001]
line147:config.time_list:[17732.718397416902, 17813.916377956823, 18286.21875756043, 17637.277144319807]
求解成功
config has been saved to /home/liminglong.lml/sxz/SuperScaler/logs-large/aceso/configs/scale-layer/64layers/scale-layer_64layers_4stages_2026-5-15-12-57-57.json

========== Best Result (num_stages = 4) ==========
|18286.22|17562.14| op = [212, 215, 224, 184]| tp = [1, 1, 1, 1, ] | dp = [2, 2, 2, 2, ] | algo = [0, 0, 0, 0, ] | rc = [0, 0, 0, 0] | gpus = [2, 2, 2, 2] | micro_bs = 2 | time = [17732, 17813, 18286, 17637] | memory = [17562, 13604, 9563, 5240]
start|12261.97|44726.14| op = [209, 209, 209, 208]| tp = [1, 1, 1, 1, ] | dp = [2, 2, 2, 2, ] | algo = [0, 0, 0, 0, ] | rc = [26, 6, 0, 0] | gpus = [2, 2, 2, 2] | micro_bs = 8 | time = [11029, 10089, 9866, 12261] | memory = [36120, 44726, 33631, 19798]
fix|12297.52|44726.14| op = [209, 209, 210, 207]| tp = [1, 1, 1, 1, ] | dp = [2, 2, 2, 2, ] | algo = [0, 0, 0, 0, ] | rc = [26, 6, 0, 0] | gpus = [2, 2, 2, 2] | micro_bs = 8 | time = [11031, 10091, 10078, 12297] | memory = [36120, 44726, 34143, 19782]
fix|12203.10|44726.14| op = [209, 209, 211, 206]| tp = [1, 1, 1, 1, ] | dp = [2, 2, 2, 2, ] | algo = [0, 0, 0, 0, ] | rc = [26, 6, 0, 0] | gpus = [2, 2, 2, 2] | micro_bs = 8 | time = [11031, 10091, 10173, 12203] | memory = [36120, 44726, 34143, 19782]
fix|12093.24|44810.14| op = [209, 210, 211, 205]| tp = [1, 1, 1, 1, ] | dp = [2, 2, 2, 2, ] | algo = [0, 0, 0, 0, ] | rc = [26, 6, 0, 0] | gpus = [2, 2, 2, 2] | micro_bs = 8 | time = [11031, 10145, 10245, 12093] | memory = [36120, 44810, 35267, 19206]
fix|11873.59|45578.14| op = [209, 211, 211, 204]| tp = [1, 1, 1, 1, ] | dp = [2, 2, 2, 2, ] | algo = [0, 0, 0, 0, ] | rc = [26, 6, 0, 0] | gpus = [2, 2, 2, 2] | micro_bs = 8 | time = [11031, 10355, 10239, 11873] | memory = [36120, 45578, 35251, 18942]
fix|11858.07|45578.14| op = [209, 211, 212, 203]| tp = [1, 1, 1, 1, ] | dp = [2, 2, 2, 2, ] | algo = [0, 0, 0, 0, ] | rc = [26, 6, 0, 0] | gpus = [2, 2, 2, 2] | micro_bs = 8 | time = [11031, 10355, 10254, 11858] | memory = [36120, 45578, 35271, 18930]
fix|11841.18|45578.14| op = [209, 211, 213, 202]| tp = [1, 1, 1, 1, ] | dp = [2, 2, 2, 2, ] | algo = [0, 0, 0, 0, ] | rc = [26, 6, 0, 0] | gpus = [2, 2, 2, 2] | micro_bs = 8 | time = [11031, 10355, 10265, 11841] | memory = [36120, 45578, 35295, 18910]
fix|11828.52|45578.14| op = [209, 211, 214, 201]| tp = [1, 1, 1, 1, ] | dp = [2, 2, 2, 2, ] | algo = [0, 0, 0, 0, ] | rc = [26, 6, 0, 0] | gpus = [2, 2, 2, 2] | micro_bs = 8 | time = [11031, 10355, 10284, 11828] | memory = [36120, 45578, 35312, 18910]
fix|11813.74|45578.14| op = [209, 211, 215, 200]| tp = [1, 1, 1, 1, ] | dp = [2, 2, 2, 2, ] | algo = [0, 0, 0, 0, ] | rc = [26, 6, 0, 0] | gpus = [2, 2, 2, 2] | micro_bs = 8 | time = [11031, 10355, 10333, 11813] | memory = [36120, 45578, 35392, 18886]
fix|11791.51|45578.14| op = [209, 211, 216, 199]| tp = [1, 1, 1, 1, ] | dp = [2, 2, 2, 2, ] | algo = [0, 0, 0, 0, ] | rc = [26, 6, 0, 0] | gpus = [2, 2, 2, 2] | micro_bs = 8 | time = [11031, 10355, 10356, 11791] | memory = [36120, 45578, 35456, 18854]
fix|11741.58|45578.14| op = [209, 212, 216, 198]| tp = [1, 1, 1, 1, ] | dp = [2, 2, 2, 2, ] | algo = [0, 0, 0, 0, ] | rc = [26, 6, 0, 0] | gpus = [2, 2, 2, 2] | micro_bs = 8 | time = [11031, 10449, 10276, 11741] | memory = [36120, 45578, 35488, 18806]
fix|11724.45|45578.14| op = [209, 212, 217, 197]| tp = [1, 1, 1, 1, ] | dp = [2, 2, 2, 2, ] | algo = [0, 0, 0, 0, ] | rc = [26, 6, 0, 0] | gpus = [2, 2, 2, 2] | micro_bs = 8 | time = [11031, 10449, 10287, 11724] | memory = [36120, 45578, 35512, 18786]
fix|11711.92|45578.14| op = [209, 212, 218, 196]| tp = [1, 1, 1, 1, ] | dp = [2, 2, 2, 2, ] | algo = [0, 0, 0, 0, ] | rc = [26, 6, 0, 0] | gpus = [2, 2, 2, 2] | micro_bs = 8 | time = [11031, 10449, 10306, 11711] | memory = [36120, 45578, 35528, 18785]
fix|11674.79|45578.14| op = [209, 212, 219, 195]| tp = [1, 1, 1, 1, ] | dp = [2, 2, 2, 2, ] | algo = [0, 0, 0, 0, ] | rc = [26, 6, 0, 0] | gpus = [2, 2, 2, 2] | micro_bs = 8 | time = [11031, 10449, 10360, 11674] | memory = [36120, 45578, 35588, 18765]
fix|11710.34|45578.14| op = [209, 212, 220, 194]| tp = [1, 1, 1, 1, ] | dp = [2, 2, 2, 2, ] | algo = [0, 0, 0, 0, ] | rc = [26, 6, 0, 0] | gpus = [2, 2, 2, 2] | micro_bs = 8 | time = [11033, 10451, 10571, 11710] | memory = [36120, 45578, 36100, 18749]
fix|11617.31|43850.14| op = [209, 213, 220, 193]| tp = [1, 1, 1, 1, ] | dp = [2, 2, 2, 2, ] | algo = [0, 0, 0, 0, ] | rc = [26, 10, 0, 0] | gpus = [2, 2, 2, 2] | micro_bs = 8 | time = [11035, 10739, 10557, 11617] | memory = [36120, 43850, 34948, 18749]
fix|11507.32|43850.14| op = [209, 213, 221, 192]| tp = [1, 1, 1, 1, ] | dp = [2, 2, 2, 2, ] | algo = [0, 0, 0, 0, ] | rc = [26, 10, 0, 0] | gpus = [2, 2, 2, 2] | micro_bs = 8 | time = [11035, 10739, 10667, 11507] | memory = [36120, 43850, 36100, 18173]
fix|11285.75|43850.14| op = [209, 213, 222, 191]| tp = [1, 1, 1, 1, ] | dp = [2, 2, 2, 2, ] | algo = [0, 0, 0, 0, ] | rc = [26, 10, 0, 0] | gpus = [2, 2, 2, 2] | micro_bs = 8 | time = [11033, 10737, 10625, 11285] | memory = [36120, 43850, 36116, 17909]
fix|11270.23|43850.14| op = [209, 213, 223, 190]| tp = [1, 1, 1, 1, ] | dp = [2, 2, 2, 2, ] | algo = [0, 0, 0, 0, ] | rc = [26, 10, 0, 0] | gpus = [2, 2, 2, 2] | micro_bs = 8 | time = [11033, 10737, 10640, 11270] | memory = [36120, 43850, 36136, 17897]
fix|11253.34|43850.14| op = [209, 213, 224, 189]| tp = [1, 1, 1, 1, ] | dp = [2, 2, 2, 2, ] | algo = [0, 0, 0, 0, ] | rc = [26, 10, 0, 0] | gpus = [2, 2, 2, 2] | micro_bs = 8 | time = [11033, 10736, 10651, 11253] | memory = [36120, 43850, 36160, 17877]
fix|11240.68|43850.14| op = [209, 213, 225, 188]| tp = [1, 1, 1, 1, ] | dp = [2, 2, 2, 2, ] | algo = [0, 0, 0, 0, ] | rc = [26, 10, 0, 0] | gpus = [2, 2, 2, 2] | micro_bs = 8 | time = [11033, 10737, 10670, 11240] | memory = [36120, 43850, 36176, 17877]
fix|11225.90|43850.14| op = [209, 213, 226, 187]| tp = [1, 1, 1, 1, ] | dp = [2, 2, 2, 2, ] | algo = [0, 0, 0, 0, ] | rc = [26, 10, 0, 0] | gpus = [2, 2, 2, 2] | micro_bs = 8 | time = [11033, 10737, 10720, 11225] | memory = [36120, 43850, 36256, 17853]
fix|11203.67|43850.14| op = [209, 213, 227, 186]| tp = [1, 1, 1, 1, ] | dp = [2, 2, 2, 2, ] | algo = [0, 0, 0, 0, ] | rc = [26, 10, 0, 0] | gpus = [2, 2, 2, 2] | micro_bs = 8 | time = [11033, 10737, 10742, 11203] | memory = [36120, 43850, 36320, 17821]
fix|11151.70|43874.14| op = [209, 214, 227, 185]| tp = [1, 1, 1, 1, ] | dp = [2, 2, 2, 2, ] | algo = [0, 0, 0, 0, ] | rc = [26, 10, 0, 0] | gpus = [2, 2, 2, 2] | micro_bs = 8 | time = [11031, 10694, 10535, 11151] | memory = [36120, 43874, 35824, 17773]
fix|11134.57|43874.14| op = [209, 214, 228, 184]| tp = [1, 1, 1, 1, ] | dp = [2, 2, 2, 2, ] | algo = [0, 0, 0, 0, ] | rc = [26, 10, 0, 0] | gpus = [2, 2, 2, 2] | micro_bs = 8 | time = [11030, 10694, 10546, 11134] | memory = [36120, 43874, 35848, 17753]
fix|11122.04|43874.14| op = [209, 214, 229, 183]| tp = [1, 1, 1, 1, ] | dp = [2, 2, 2, 2, ] | algo = [0, 0, 0, 0, ] | rc = [26, 10, 0, 0] | gpus = [2, 2, 2, 2] | micro_bs = 8 | time = [11031, 10694, 10565, 11122] | memory = [36120, 43874, 35864, 17753]
fix|11084.91|43874.14| op = [209, 214, 230, 182]| tp = [1, 1, 1, 1, ] | dp = [2, 2, 2, 2, ] | algo = [0, 0, 0, 0, ] | rc = [26, 10, 0, 0] | gpus = [2, 2, 2, 2] | micro_bs = 8 | time = [11031, 10694, 10619, 11084] | memory = [36120, 43874, 35924, 17733]
fix|11120.45|43874.14| op = [209, 214, 231, 181]| tp = [1, 1, 1, 1, ] | dp = [2, 2, 2, 2, ] | algo = [0, 0, 0, 0, ] | rc = [26, 10, 0, 0] | gpus = [2, 2, 2, 2] | micro_bs = 8 | time = [11033, 10696, 10830, 11120] | memory = [36120, 43874, 36436, 17717]
fix|11033.07|43902.14| op = [209, 215, 231, 180]| tp = [1, 1, 1, 1, ] | dp = [2, 2, 2, 2, ] | algo = [0, 0, 0, 0, ] | rc = [26, 10, 0, 0] | gpus = [2, 2, 2, 2] | micro_bs = 8 | time = [11033, 10712, 10909, 11026] | memory = [36120, 43902, 36416, 17717]
best|11033.07|43902.14| op = [209, 215, 231, 180]| tp = [1, 1, 1, 1, ] | dp = [2, 2, 2, 2, ] | algo = [0, 0, 0, 0, ] | rc = [26, 10, 0, 0] | gpus = [2, 2, 2, 2] | micro_bs = 8 | time = [11033, 10712, 10909, 11026] | memory = [36120, 43902, 36416, 17717]
decode|18982.14|17262.08| op = [209, 215, 231, 180]| tp = [1, 1, 1, 1, ] | dp = [2, 2, 2, 2, ] | algo = [0, 0, 0, 0, ] | rc = [0, 0, 0, 0] | gpus = [2, 2, 2, 2] | micro_bs = 2 | time = [17288, 17762, 18982, 17390] | memory = [17262, 13579, 9749, 5222]
fix|18901.76|17270.14| op = [210, 215, 230, 180]| tp = [1, 1, 1, 1, ] | dp = [2, 2, 2, 2, ] | algo = [0, 0, 0, 0, ] | rc = [0, 0, 0, 0] | gpus = [2, 2, 2, 2] | micro_bs = 2 | time = [17367, 17764, 18901, 17390] | memory = [17270, 13588, 9739, 5222]
fix|18873.56|17306.14| op = [211, 215, 229, 180]| tp = [1, 1, 1, 1, ] | dp = [2, 2, 2, 2, ] | algo = [0, 0, 0, 0, ] | rc = [0, 0, 0, 0] | gpus = [2, 2, 2, 2] | micro_bs = 2 | time = [17477, 17729, 18873, 17390] | memory = [17306, 13576, 9739, 5222]
fix|18769.14|17306.14| op = [211, 215, 228, 181]| tp = [1, 1, 1, 1, ] | dp = [2, 2, 2, 2, ] | algo = [0, 0, 0, 0, ] | rc = [0, 0, 0, 0] | gpus = [2, 2, 2, 2] | micro_bs = 2 | time = [17477, 17729, 18769, 17494] | memory = [17306, 13576, 9739, 5222]
fix|18731.40|17562.14| op = [212, 215, 227, 181]| tp = [1, 1, 1, 1, ] | dp = [2, 2, 2, 2, ] | algo = [0, 0, 0, 0, ] | rc = [0, 0, 0, 0] | gpus = [2, 2, 2, 2] | micro_bs = 2 | time = [17733, 17814, 18731, 17495] | memory = [17562, 13604, 9719, 5222]
fix|18475.19|17562.14| op = [212, 215, 226, 182]| tp = [1, 1, 1, 1, ] | dp = [2, 2, 2, 2, ] | algo = [0, 0, 0, 0, ] | rc = [0, 0, 0, 0] | gpus = [2, 2, 2, 2] | micro_bs = 2 | time = [17732, 17814, 18475, 17495] | memory = [17562, 13604, 9591, 5226]
fix|18365.49|17562.14| op = [212, 215, 225, 183]| tp = [1, 1, 1, 1, ] | dp = [2, 2, 2, 2, ] | algo = [0, 0, 0, 0, ] | rc = [0, 0, 0, 0] | gpus = [2, 2, 2, 2] | micro_bs = 2 | time = [17732, 17814, 18365, 17608] | memory = [17562, 13604, 9567, 5240]
fix|18286.22|17562.14| op = [212, 215, 224, 184]| tp = [1, 1, 1, 1, ] | dp = [2, 2, 2, 2, ] | algo = [0, 0, 0, 0, ] | rc = [0, 0, 0, 0] | gpus = [2, 2, 2, 2] | micro_bs = 2 | time = [17732, 17813, 18286, 17637] | memory = [17562, 13604, 9563, 5240]
best|18286.22|17562.14| op = [212, 215, 224, 184]| tp = [1, 1, 1, 1, ] | dp = [2, 2, 2, 2, ] | algo = [0, 0, 0, 0, ] | rc = [0, 0, 0, 0] | gpus = [2, 2, 2, 2] | micro_bs = 2 | time = [17732, 17813, 18286, 17637] | memory = [17562, 13604, 9563, 5240]

num_targets: []
num_hops: []
search time = 0.00 s.  [0] 
num_explored_cases = 0
time trend: [12261]

stage 4 search time: 0.48 s
working on num_stages = 5
start|14154.31|44809.95| op = [209, 209, 209, 104, 104]| tp = [1, 1, 1, 1, 1, ] | dp = [2, 2, 2, 1, 1, ] | algo = [0, 0, 0, 0, 0, ] | rc = [32, 24, 6, 0, 0] | gpus = [2, 2, 2, 1, 1] | micro_bs = 8 | time = [11388, 10976, 10225, 9369, 14154] | memory = [35750, 38024, 44809, 34564, 22310]
line465:max stage:4, min stage:3, max_value:14154.312477312535, min_value:9369.432282714848
fix|14232.11|44809.95| op = [209, 209, 209, 105, 103]| tp = [1, 1, 1, 1, 1, ] | dp = [2, 2, 2, 1, 1, ] | algo = [0, 0, 0, 0, 0, ] | rc = [32, 24, 6, 0, 0] | gpus = [2, 2, 2, 1, 1] | micro_bs = 8 | time = [11392, 10980, 10229, 9788, 14232] | memory = [35750, 38024, 44809, 35588, 22278]
cv:0.1375579079054815
line465:max stage:4, min stage:3, max_value:14232.111628919287, min_value:9788.878706321602
fix|14046.62|44809.95| op = [209, 209, 209, 106, 102]| tp = [1, 1, 1, 1, 1, ] | dp = [2, 2, 2, 1, 1, ] | algo = [0, 0, 0, 0, 0, ] | rc = [32, 24, 6, 0, 0] | gpus = [2, 2, 2, 1, 1] | micro_bs = 8 | time = [11392, 10980, 10229, 9974, 14046] | memory = [35750, 38024, 44809, 35588, 22278]
cv:0.1282925078952594
line465:max stage:4, min stage:3, max_value:14046.621524919286, min_value:9974.3688103216
fix|13830.26|44809.95| op = [209, 209, 209, 107, 101]| tp = [1, 1, 1, 1, 1, ] | dp = [2, 2, 2, 1, 1, ] | algo = [0, 0, 0, 0, 0, ] | rc = [32, 24, 6, 0, 0] | gpus = [2, 2, 2, 1, 1] | micro_bs = 8 | time = [11392, 10980, 10229, 10190, 13830] | memory = [35750, 38024, 44809, 37892, 21126]
cv:0.1177154856946093
line465:max stage:4, min stage:3, max_value:13830.256577919285, min_value:10190.733757321601
fix|13390.88|44809.95| op = [209, 209, 209, 108, 100]| tp = [1, 1, 1, 1, 1, ] | dp = [2, 2, 2, 1, 1, ] | algo = [0, 0, 0, 0, 0, ] | rc = [32, 24, 6, 0, 0] | gpus = [2, 2, 2, 1, 1] | micro_bs = 8 | time = [11388, 10976, 10225, 10097, 13390] | memory = [35750, 38024, 44809, 37924, 20598]
cv:0.10585816605391625
line465:max stage:4, min stage:3, max_value:13390.87888682972, min_value:10097.928144232035
fix|13366.80|44809.95| op = [209, 209, 209, 109, 99]| tp = [1, 1, 1, 1, 1, ] | dp = [2, 2, 2, 1, 1, ] | algo = [0, 0, 0, 0, 0, ] | rc = [32, 24, 6, 0, 0] | gpus = [2, 2, 2, 1, 1] | micro_bs = 8 | time = [11388, 10976, 10225, 10122, 13366] | memory = [35750, 38024, 44809, 37960, 20578]
cv:0.10466920056224543
line465:max stage:4, min stage:3, max_value:13366.798160312435, min_value:10122.01115171475
fix|13338.72|44809.95| op = [209, 209, 209, 110, 98]| tp = [1, 1, 1, 1, 1, ] | dp = [2, 2, 2, 1, 1, ] | algo = [0, 0, 0, 0, 0, ] | rc = [32, 24, 6, 0, 0] | gpus = [2, 2, 2, 1, 1] | micro_bs = 8 | time = [11388, 10976, 10225, 10133, 13338] | memory = [35750, 38024, 44809, 38008, 20538]
cv:0.10359400176241708
line465:max stage:4, min stage:3, max_value:13338.717398035606, min_value:10133.553881437922
fix|13319.43|44809.95| op = [209, 209, 209, 111, 97]| tp = [1, 1, 1, 1, 1, ] | dp = [2, 2, 2, 1, 1, ] | algo = [0, 0, 0, 0, 0, ] | rc = [32, 24, 6, 0, 0] | gpus = [2, 2, 2, 1, 1] | micro_bs = 8 | time = [11388, 10976, 10225, 10169, 13319] | memory = [35750, 38024, 44809, 38040, 20538]
cv:0.1023430385606573
line465:max stage:4, min stage:3, max_value:13319.43414782972, min_value:10169.372883232036
fix|13289.27|44809.95| op = [209, 209, 209, 112, 96]| tp = [1, 1, 1, 1, 1, ] | dp = [2, 2, 2, 1, 1, ] | algo = [0, 0, 0, 0, 0, ] | rc = [32, 24, 6, 0, 0] | gpus = [2, 2, 2, 1, 1] | micro_bs = 8 | time = [11388, 10976, 10226, 10261, 13289] | memory = [35750, 38024, 44809, 38184, 20506]
cv:0.09977694205615723
line465:max stage:4, min stage:2, max_value:13289.271473930221, min_value:10226.021019581118
fix|13250.52|45577.95| op = [209, 209, 210, 112, 95]| tp = [1, 1, 1, 1, 1, ] | dp = [2, 2, 2, 1, 1, ] | algo = [0, 0, 0, 0, 0, ] | rc = [32, 24, 6, 0, 0] | gpus = [2, 2, 2, 1, 1] | micro_bs = 8 | time = [11391, 10979, 10438, 10378, 13250] | memory = [35750, 38024, 45577, 38248, 20442]
cv:0.0929737417632356
line465:max stage:4, min stage:3, max_value:13250.521036784074, min_value:10378.620560931024
fix|13162.76|45577.95| op = [209, 209, 210, 113, 94]| tp = [1, 1, 1, 1, 1, ] | dp = [2, 2, 2, 1, 1, ] | algo = [0, 0, 0, 0, 0, ] | rc = [32, 24, 6, 0, 0] | gpus = [2, 2, 2, 1, 1] | micro_bs = 8 | time = [11390, 10978, 10437, 10404, 13162] | memory = [35750, 38024, 45577, 38296, 20362]
cv:0.08978359195086144
line465:max stage:4, min stage:3, max_value:13162.76237393575, min_value:10404.4616200827
fix|13134.76|45577.95| op = [209, 209, 210, 114, 93]| tp = [1, 1, 1, 1, 1, ] | dp = [2, 2, 2, 1, 1, ] | algo = [0, 0, 0, 0, 0, ] | rc = [32, 24, 6, 0, 0] | gpus = [2, 2, 2, 1, 1] | micro_bs = 8 | time = [11390, 10978, 10437, 10415, 13134] | memory = [35750, 38024, 45577, 38344, 20322]
cv:0.08871214737400152
line465:max stage:4, min stage:3, max_value:13134.761240658921, min_value:10415.92472080587
fix|13115.73|45577.95| op = [209, 209, 210, 115, 92]| tp = [1, 1, 1, 1, 1, ] | dp = [2, 2, 2, 1, 1, ] | algo = [0, 0, 0, 0, 0, ] | rc = [32, 24, 6, 0, 0] | gpus = [2, 2, 2, 1, 1] | micro_bs = 8 | time = [11390, 10978, 10437, 10451, 13115] | memory = [35750, 38024, 45577, 38376, 20321]
cv:0.08752065261755135
line465:max stage:4, min stage:2, max_value:13115.730847453033, min_value:10437.685857223723
fix|13051.07|45577.95| op = [209, 209, 211, 115, 91]| tp = [1, 1, 1, 1, 1, ] | dp = [2, 2, 2, 1, 1, ] | algo = [0, 0, 0, 0, 0, ] | rc = [32, 24, 6, 0, 0] | gpus = [2, 2, 2, 1, 1] | micro_bs = 8 | time = [11390, 10978, 10531, 10364, 13051] | memory = [35750, 38024, 45577, 38484, 20293]
cv:0.08550404889602699
line465:max stage:4, min stage:3, max_value:13051.072566935843, min_value:10364.162577082796
fix|13128.87|45577.95| op = [209, 209, 211, 116, 90]| tp = [1, 1, 1, 1, 1, ] | dp = [2, 2, 2, 1, 1, ] | algo = [0, 0, 0, 0, 0, ] | rc = [32, 24, 6, 0, 0] | gpus = [2, 2, 2, 1, 1] | micro_bs = 8 | time = [11394, 10982, 10535, 10783, 13128] | memory = [35750, 38024, 45577, 39508, 20261]
cv:0.08145420472171802
line465:max stage:4, min stage:2, max_value:13128.871718542601, min_value:10535.512997194106
fix|12943.93|43849.95| op = [209, 209, 212, 116, 89]| tp = [1, 1, 1, 1, 1, ] | dp = [2, 2, 2, 1, 1, ] | algo = [0, 0, 0, 0, 0, ] | rc = [32, 24, 10, 0, 0] | gpus = [2, 2, 2, 1, 1] | micro_bs = 8 | time = [11394, 10982, 10822, 10753, 12943] | memory = [35750, 38024, 43849, 37204, 20261]
cv:0.07148009323863569
line465:max stage:4, min stage:3, max_value:12943.9296665426, min_value:10753.28220968955
fix|12727.56|43849.95| op = [209, 209, 212, 117, 88]| tp = [1, 1, 1, 1, 1, ] | dp = [2, 2, 2, 1, 1, ] | algo = [0, 0, 0, 0, 0, ] | rc = [32, 24, 10, 0, 0] | gpus = [2, 2, 2, 1, 1] | micro_bs = 8 | time = [11394, 10982, 10822, 10969, 12727] | memory = [35750, 38024, 43849, 39508, 19109]
cv:0.06156182789511156
line465:max stage:4, min stage:2, max_value:12727.5647195426, min_value:10822.028600194106
fix|12284.44|43873.95| op = [209, 209, 213, 117, 87]| tp = [1, 1, 1, 1, 1, ] | dp = [2, 2, 2, 1, 1, ] | algo = [0, 0, 0, 0, 0, ] | rc = [32, 24, 10, 0, 0] | gpus = [2, 2, 2, 1, 1] | micro_bs = 8 | time = [11386, 10974, 10773, 10437, 12284] | memory = [35750, 38024, 43873, 38484, 18581]
cv:0.056895775456997456
line465:max stage:4, min stage:3, max_value:12284.442568215169, min_value:10437.844844242934
fix|12260.36|43873.95| op = [209, 209, 213, 118, 86]| tp = [1, 1, 1, 1, 1, ] | dp = [2, 2, 2, 1, 1, ] | algo = [0, 0, 0, 0, 0, ] | rc = [32, 24, 10, 0, 0] | gpus = [2, 2, 2, 1, 1] | micro_bs = 8 | time = [11386, 10974, 10773, 10461, 12260] | memory = [35750, 38024, 43873, 38520, 18561]
cv:0.05564586682750916
line465:max stage:4, min stage:3, max_value:12260.361841697884, min_value:10461.92785172565
fix|12232.28|43873.95| op = [209, 209, 213, 119, 85]| tp = [1, 1, 1, 1, 1, ] | dp = [2, 2, 2, 1, 1, ] | algo = [0, 0, 0, 0, 0, ] | rc = [32, 24, 10, 0, 0] | gpus = [2, 2, 2, 1, 1] | micro_bs = 8 | time = [11386, 10974, 10773, 10473, 12232] | memory = [35750, 38024, 43873, 38568, 18521]
cv:0.05454870106311947
line465:max stage:4, min stage:3, max_value:12232.281079421055, min_value:10473.470581448819
fix|12213.00|43873.95| op = [209, 209, 213, 120, 84]| tp = [1, 1, 1, 1, 1, ] | dp = [2, 2, 2, 1, 1, ] | algo = [0, 0, 0, 0, 0, ] | rc = [32, 24, 10, 0, 0] | gpus = [2, 2, 2, 1, 1] | micro_bs = 8 | time = [11386, 10974, 10773, 10509, 12212] | memory = [35750, 38024, 43873, 38600, 18521]
cv:0.053203843529558724
line465:max stage:4, min stage:3, max_value:12212.99782921517, min_value:10509.289583242933
fix|12182.84|43873.95| op = [209, 209, 213, 121, 83]| tp = [1, 1, 1, 1, 1, ] | dp = [2, 2, 2, 1, 1, ] | algo = [0, 0, 0, 0, 0, ] | rc = [32, 24, 10, 0, 0] | gpus = [2, 2, 2, 1, 1] | micro_bs = 8 | time = [11387, 10975, 10774, 10601, 12182] | memory = [35750, 38024, 43873, 38744, 18489]
cv:0.05041738317613666
line465:max stage:4, min stage:3, max_value:12182.835155315672, min_value:10601.378887343435
fix|12141.85|43873.95| op = [209, 209, 213, 122, 82]| tp = [1, 1, 1, 1, 1, ] | dp = [2, 2, 2, 1, 1, ] | algo = [0, 0, 0, 0, 0, ] | rc = [32, 24, 10, 0, 0] | gpus = [2, 2, 2, 1, 1] | micro_bs = 8 | time = [11387, 10975, 10774, 10642, 12141] | memory = [35750, 38024, 43873, 38872, 18425]
cv:0.04837382194407341
line465:max stage:4, min stage:3, max_value:12141.849644546208, min_value:10642.357652573974
fix|12054.09|43873.95| op = [209, 209, 213, 123, 81]| tp = [1, 1, 1, 1, 1, ] | dp = [2, 2, 2, 1, 1, ] | algo = [0, 0, 0, 0, 0, ] | rc = [32, 24, 10, 0, 0] | gpus = [2, 2, 2, 1, 1] | micro_bs = 8 | time = [11386, 10974, 10773, 10668, 12054] | memory = [35750, 38024, 43873, 38920, 18345]
cv:0.04520921811076044
line465:max stage:4, min stage:3, max_value:12054.090981697886, min_value:10668.19871172565
fix|12026.09|43873.95| op = [209, 209, 213, 124, 80]| tp = [1, 1, 1, 1, 1, ] | dp = [2, 2, 2, 1, 1, ] | algo = [0, 0, 0, 0, 0, ] | rc = [32, 24, 10, 0, 0] | gpus = [2, 2, 2, 1, 1] | micro_bs = 8 | time = [11386, 10974, 10773, 10679, 12026] | memory = [35750, 38024, 43873, 38968, 18305]
cv:0.044146219049820454
line465:max stage:4, min stage:3, max_value:12026.089848421056, min_value:10679.66181244882
fix|12007.06|43873.95| op = [209, 209, 213, 125, 79]| tp = [1, 1, 1, 1, 1, ] | dp = [2, 2, 2, 1, 1, ] | algo = [0, 0, 0, 0, 0, ] | rc = [32, 24, 10, 0, 0] | gpus = [2, 2, 2, 1, 1] | micro_bs = 8 | time = [11386, 10974, 10773, 10715, 12007] | memory = [35750, 38024, 43873, 39001, 18305]
cv:0.04291922458802654
line465:max stage:4, min stage:3, max_value:12007.05945521517, min_value:10715.227957242934
fix|11943.12|43873.95| op = [209, 209, 213, 126, 78]| tp = [1, 1, 1, 1, 1, ] | dp = [2, 2, 2, 1, 1, ] | algo = [0, 0, 0, 0, 0, ] | rc = [32, 24, 10, 0, 0] | gpus = [2, 2, 2, 1, 1] | micro_bs = 8 | time = [11387, 10975, 10774, 10814, 11943] | memory = [35750, 38024, 43873, 39109, 18277]
cv:0.03931570506718006
line465:max stage:4, min stage:2, max_value:11943.118271697982, min_value:10774.135312004646
fix|12020.85|43901.95| op = [209, 209, 214, 126, 77]| tp = [1, 1, 1, 1, 1, ] | dp = [2, 2, 2, 1, 1, ] | algo = [0, 0, 0, 0, 0, ] | rc = [32, 24, 10, 0, 0] | gpus = [2, 2, 2, 1, 1] | micro_bs = 8 | time = [11390, 10978, 10793, 11209, 12020] | memory = [35750, 38024, 43901, 40097, 18245]
cv:0.03748093896429819
line465:max stage:4, min stage:2, max_value:12020.850020821836, min_value:10793.443155254763
fix|11835.22|43937.95| op = [209, 209, 215, 126, 76]| tp = [1, 1, 1, 1, 1, ] | dp = [2, 2, 2, 1, 1, ] | algo = [0, 0, 0, 0, 0, ] | rc = [32, 24, 10, 0, 0] | gpus = [2, 2, 2, 1, 1] | micro_bs = 8 | time = [11390, 10978, 10804, 11366, 11835] | memory = [35750, 38024, 43937, 40017, 18245]
cv:0.03186005980450028
line465:max stage:4, min stage:2, max_value:11835.224487687734, min_value:10804.060786563568
fix|11618.85|43962.14| op = [209, 209, 216, 126, 75]| tp = [1, 1, 1, 1, 1, ] | dp = [2, 2, 2, 1, 1, ] | algo = [0, 0, 0, 0, 0, ] | rc = [32, 24, 10, 0, 0] | gpus = [2, 2, 2, 1, 1] | micro_bs = 8 | time = [11390, 10978, 10822, 11563, 11618] | memory = [35750, 38024, 43962, 42320, 17093]
cv:0.028248208025295044
line465:max stage:4, min stage:2, max_value:11618.854713304738, min_value:10822.854315866767
fix|11440.45|44074.14| op = [209, 209, 217, 126, 74]| tp = [1, 1, 1, 1, 1, ] | dp = [2, 2, 2, 1, 1, ] | algo = [0, 0, 0, 0, 0, ] | rc = [32, 24, 10, 0, 0] | gpus = [2, 2, 2, 1, 1] | micro_bs = 8 | time = [11386, 10974, 10868, 11440, 11179] | memory = [35750, 38024, 44074, 42304, 16565]
cv:0.01999508585400112
line465:max stage:3, min stage:2, max_value:11440.454519679499, min_value:10868.176291012824
fix|11399.32|44170.14| op = [209, 209, 218, 125, 74]| tp = [1, 1, 1, 1, 1, ] | dp = [2, 2, 2, 1, 1, ] | algo = [0, 0, 0, 0, 0, ] | rc = [32, 24, 10, 0, 0] | gpus = [2, 2, 2, 1, 1] | micro_bs = 8 | time = [11386, 10974, 10890, 11399, 11179] | memory = [35750, 38024, 44170, 42176, 16565]
cv:0.018611146776242996
line465:max stage:3, min stage:2, max_value:11399.321304691728, min_value:10890.248916300265
fix|11385.98|44210.14| op = [209, 209, 219, 124, 74]| tp = [1, 1, 1, 1, 1, ] | dp = [2, 2, 2, 1, 1, ] | algo = [0, 0, 0, 0, 0, ] | rc = [32, 24, 10, 0, 0] | gpus = [2, 2, 2, 1, 1] | micro_bs = 8 | time = [11385, 10974, 10905, 11311, 11178] | memory = [35750, 38024, 44210, 42032, 16565]
cv:0.01670636631219976
line465:max stage:0, min stage:2, max_value:11385.983144690601, min_value:10905.101523284382
fix|11375.00|44210.32| op = [208, 209, 220, 124, 74]| tp = [1, 1, 1, 1, 1, ] | dp = [2, 2, 2, 1, 1, ] | algo = [0, 0, 0, 0, 0, ] | rc = [32, 24, 10, 0, 0] | gpus = [2, 2, 2, 1, 1] | micro_bs = 8 | time = [11374, 10972, 10917, 11311, 11178] | memory = [35690, 38071, 44210, 42032, 16565]
cv:0.016192759991962992
line465:max stage:0, min stage:2, max_value:11374.996939599989, min_value:10917.680702950483
fix|11359.90|44270.33| op = [207, 209, 221, 124, 74]| tp = [1, 1, 1, 1, 1, ] | dp = [2, 2, 2, 1, 1, ] | algo = [0, 0, 0, 0, 0, ] | rc = [32, 24, 10, 0, 0] | gpus = [2, 2, 2, 1, 1] | micro_bs = 8 | time = [11359, 11011, 10935, 11311, 11179] | memory = [35634, 38167, 44270, 42032, 16565]
best|11359.90|44270.33| op = [207, 209, 221, 124, 74]| tp = [1, 1, 1, 1, 1, ] | dp = [2, 2, 2, 1, 1, ] | algo = [0, 0, 0, 0, 0, ] | rc = [32, 24, 10, 0, 0] | gpus = [2, 2, 2, 1, 1] | micro_bs = 8 | time = [11359, 11011, 10935, 11311, 11179] | memory = [35634, 38167, 44270, 42032, 16565]
line146:config.memory_list:[35634.07499999999, 38167.93599999999, 44270.32699999999, 42032.752, 16565.703]
line147:config.time_list:[11359.896106363896, 11011.445823271486, 10935.079326962168, 11311.794424367736, 11179.227978539157]
------------------------------------------------------------------------------------------------------
cegis_search for the 0th times
开始求解check...
line351:
tp_list[1, 1, 1, 1, 1, 1, 1, 1, 1, 1, 1, 1, 1, 1, 1, 1, 1, 1, 1, 1, 1, 1, 1, 1, 1, 1, 1, 1, 1, 1, 1, 1, 1, 1, 1, 1, 1, 1, 1, 1, 1, 1, 1, 1, 1, 1, 1, 1, 1, 1, 1, 1, 1, 1, 1, 1, 1, 1, 1, 1, 1, 1, 1, 1, 1, 1, 1, 1, 1, 1, 1, 1, 1, 1, 1, 1, 1, 1, 1, 1, 1, 1, 1, 1, 1, 1, 1, 1, 1, 1, 1, 1, 1, 1, 1, 1, 1, 1, 1, 1, 1, 1, 1, 1, 1, 1, 1, 1, 1, 1, 1, 1, 1, 1, 1, 1, 1, 1, 1, 1, 1, 1, 1, 1, 1, 1, 1, 1, 1, 1, 1, 1, 1, 1, 1, 1, 1, 1, 1, 1, 1, 1, 1, 1, 1, 1, 1, 1, 1, 1, 1, 1, 1, 1, 1, 1, 1, 1, 1, 1, 1, 1, 1, 1, 1, 1, 1, 1, 1, 1, 1, 1, 1, 1, 1, 1, 1, 1, 1, 1, 1, 1, 1, 1, 1, 1, 1, 1, 1, 1, 1, 1, 1, 1, 1, 1, 1, 1, 1, 1, 1, 1, 1, 1, 1, 1, 1, 1, 1, 1, 1, 1, 1, 1, 1, 1, 1, 1, 1, 1, 1, 1, 1, 1, 1, 1, 1, 1, 1, 1, 1, 1, 1, 1, 1, 1, 1, 1, 1, 1, 1, 1, 1, 1, 1, 1, 1, 1, 1, 1, 1, 1, 1, 1, 1, 1, 1, 1, 1, 1, 1, 1, 1, 1, 1, 1, 1, 1, 1, 1, 1, 1, 1, 1, 1, 1, 1, 1, 1, 1, 1, 1, 1, 1, 1, 1, 1, 1, 1, 1, 1, 1, 1, 1, 1, 1, 1, 1, 1, 1, 1, 1, 1, 1, 1, 1, 1, 1, 1, 1, 1, 1, 1, 1, 1, 1, 1, 1, 1, 1, 1, 1, 1, 1, 1, 1, 1, 1, 1, 1, 1, 1, 1, 1, 1, 1, 1, 1, 1, 1, 1, 1, 1, 1, 1, 1, 1, 1, 1, 1, 1, 1, 1, 1, 1, 1, 1, 1, 1, 1, 1, 1, 1, 1, 1, 1, 1, 1, 1, 1, 1, 1, 1, 1, 1, 1, 1, 1, 1, 1, 1, 1, 1, 1, 1, 1, 1, 1, 1, 1, 1, 1, 1, 1, 1, 1, 1, 1, 1, 1, 1, 1, 1, 1, 1, 1, 1, 1, 1, 1, 1, 1, 1, 1, 1, 1, 1, 1, 1, 1, 1, 1, 1, 1, 1, 1, 1, 1, 1, 1, 1, 1, 1, 1, 1, 1, 1, 1, 1, 1, 1, 1, 1, 1, 1, 1, 1, 1, 1, 1, 1, 1, 1, 1, 1, 1, 1, 1, 1, 1, 1, 1, 1, 1, 1, 1, 1, 1, 1, 1, 1, 1, 1, 1, 1, 1, 1, 1, 1, 1, 1, 1, 1, 1, 1, 1, 1, 1, 1, 1, 1, 1, 1, 1, 1, 1, 1, 1, 1, 1, 1, 1, 1, 1, 1, 1, 1, 1, 1, 1, 1, 1, 1, 1, 1, 1, 1, 1, 1, 1, 1, 1, 1, 1, 1, 1, 1, 1, 1, 1, 1, 1, 1, 1, 1, 1, 1, 1, 1, 1, 1, 1, 1, 1, 1, 1, 1, 1, 1, 1, 1, 1, 1, 1, 1, 1, 1, 1, 1, 1, 1, 1, 1, 1, 1, 1, 1, 1, 1, 1, 1, 1, 1, 1, 1, 1, 1, 1, 1, 1, 1, 1, 1, 1, 1, 1, 1, 1, 1, 1, 1, 1, 1, 1, 1, 1, 1, 1, 1, 1, 1, 1, 1, 1, 1, 1, 1, 1, 1, 1, 1, 1, 1, 1, 1, 1, 1, 1, 1, 1, 1, 1, 1, 1, 1, 1, 1, 1, 1, 1, 1, 1, 1, 1, 1, 1, 1, 1, 1, 1, 1, 1, 1, 1, 1, 1, 1, 1, 1, 1, 1, 1, 1, 1, 1, 1, 1, 1, 1, 1, 1, 1, 1, 1, 1, 1, 1, 1, 1, 1, 1, 1, 1, 1, 1, 1, 1, 1, 1, 1, 1, 1, 1, 1, 1, 1, 1, 1, 1, 1, 1, 1, 1, 1, 1, 1, 1, 1, 1, 1, 1, 1, 1, 1, 1, 1, 1, 1, 1, 1, 1, 1, 1, 1, 1, 1, 1, 1, 1, 1, 1, 1, 1, 1, 1, 1, 1, 1, 1, 1, 1, 1, 1, 1, 1, 1, 1, 1, 1, 1, 1, 1, 1, 1, 1, 1, 1, 1, 1, 1, 1, 1, 1, 1, 1, 1, 1, 1, 1, 1, 1, 1, 1, 1, 1, 1, 1, 1, 1, 1, 1, 1, 1, 1, 1, 1, 1, 1, 1, 1, 1, 1, 1, 1, 1, 1, 1, 1, 1, 1, 1, 1, 1, 1, 1, 1, 1, 1, 1, 1, 1, 1, 1, 1, 1, 1, 1, 1, 1, 1, 1, 1, 1, 1, 1, 1, 1, 1, 1, 1, 1, 1, 1, 1, 1, 1, 1, 1, 1, 1, 1, 1, 1, 1, 1]
dp_list[2, 2, 2, 2, 2, 2, 2, 2, 2, 2, 2, 2, 2, 2, 2, 2, 2, 2, 2, 2, 2, 2, 2, 2, 2, 2, 2, 2, 2, 2, 2, 2, 2, 2, 2, 2, 2, 2, 2, 2, 2, 2, 2, 2, 2, 2, 2, 2, 2, 2, 2, 2, 2, 2, 2, 2, 2, 2, 2, 2, 2, 2, 2, 2, 2, 2, 2, 2, 2, 2, 2, 2, 2, 2, 2, 2, 2, 2, 2, 2, 2, 2, 2, 2, 2, 2, 2, 2, 2, 2, 2, 2, 2, 2, 2, 2, 2, 2, 2, 2, 2, 2, 2, 2, 2, 2, 2, 2, 2, 2, 2, 2, 2, 2, 2, 2, 2, 2, 2, 2, 2, 2, 2, 2, 2, 2, 2, 2, 2, 2, 2, 2, 2, 2, 2, 2, 2, 2, 2, 2, 2, 2, 2, 2, 2, 2, 2, 2, 2, 2, 2, 2, 2, 2, 2, 2, 2, 2, 2, 2, 2, 2, 2, 2, 2, 2, 2, 2, 2, 2, 2, 2, 2, 2, 2, 2, 2, 2, 2, 2, 2, 2, 2, 2, 2, 2, 2, 2, 2, 2, 2, 2, 2, 2, 2, 2, 2, 2, 2, 2, 2, 2, 2, 2, 2, 2, 2, 2, 2, 2, 2, 2, 2, 2, 2, 2, 2, 2, 2, 2, 2, 2, 2, 2, 2, 2, 2, 2, 2, 2, 2, 2, 2, 2, 2, 2, 2, 2, 2, 2, 2, 2, 2, 2, 2, 2, 2, 2, 2, 2, 2, 2, 2, 2, 2, 2, 2, 2, 2, 2, 2, 2, 2, 2, 2, 2, 2, 2, 2, 2, 2, 2, 2, 2, 2, 2, 2, 2, 2, 2, 2, 2, 2, 2, 2, 2, 2, 2, 2, 2, 2, 2, 2, 2, 2, 2, 2, 2, 2, 2, 2, 2, 2, 2, 2, 2, 2, 2, 2, 2, 2, 2, 2, 2, 2, 2, 2, 2, 2, 2, 2, 2, 2, 2, 2, 2, 2, 2, 2, 2, 2, 2, 2, 2, 2, 2, 2, 2, 2, 2, 2, 2, 2, 2, 2, 2, 2, 2, 2, 2, 2, 2, 2, 2, 2, 2, 2, 2, 2, 2, 2, 2, 2, 2, 2, 2, 2, 2, 2, 2, 2, 2, 2, 2, 2, 2, 2, 2, 2, 2, 2, 2, 2, 2, 2, 2, 2, 2, 2, 2, 2, 2, 2, 2, 2, 2, 2, 2, 2, 2, 2, 2, 2, 2, 2, 2, 2, 2, 2, 2, 2, 2, 2, 2, 2, 2, 2, 2, 2, 2, 2, 2, 2, 2, 2, 2, 2, 2, 2, 2, 2, 2, 2, 2, 2, 2, 2, 2, 2, 2, 2, 2, 2, 2, 2, 2, 2, 2, 2, 2, 2, 2, 2, 2, 2, 2, 2, 2, 2, 2, 2, 2, 2, 2, 2, 2, 2, 2, 2, 2, 2, 2, 2, 2, 2, 2, 2, 2, 2, 2, 2, 2, 2, 2, 2, 2, 2, 2, 2, 2, 2, 2, 2, 2, 2, 2, 2, 2, 2, 2, 2, 2, 2, 2, 2, 2, 2, 2, 2, 2, 2, 2, 2, 2, 2, 2, 2, 2, 2, 2, 2, 2, 2, 2, 2, 2, 2, 2, 2, 2, 2, 2, 2, 2, 2, 2, 2, 2, 2, 2, 2, 2, 2, 2, 2, 2, 2, 2, 2, 2, 2, 2, 2, 2, 2, 2, 2, 2, 2, 2, 2, 2, 2, 2, 2, 2, 2, 2, 2, 2, 2, 2, 2, 2, 2, 2, 2, 2, 2, 2, 2, 2, 2, 2, 2, 2, 2, 2, 2, 2, 2, 2, 2, 2, 2, 2, 2, 2, 2, 2, 2, 2, 2, 2, 2, 2, 2, 2, 2, 2, 2, 2, 2, 2, 2, 2, 2, 2, 2, 2, 2, 2, 2, 2, 2, 2, 2, 2, 2, 2, 2, 2, 2, 2, 2, 2, 2, 1, 1, 1, 1, 1, 1, 1, 1, 1, 1, 1, 1, 1, 1, 1, 1, 1, 1, 1, 1, 1, 1, 1, 1, 1, 1, 1, 1, 1, 1, 1, 1, 1, 1, 1, 1, 1, 1, 1, 1, 1, 1, 1, 1, 1, 1, 1, 1, 1, 1, 1, 1, 1, 1, 1, 1, 1, 1, 1, 1, 1, 1, 1, 1, 1, 1, 1, 1, 1, 1, 1, 1, 1, 1, 1, 1, 1, 1, 1, 1, 1, 1, 1, 1, 1, 1, 1, 1, 1, 1, 1, 1, 1, 1, 1, 1, 1, 1, 1, 1, 1, 1, 1, 1, 1, 1, 1, 1, 1, 1, 1, 1, 1, 1, 1, 1, 1, 1, 1, 1, 1, 1, 1, 1, 1, 1, 1, 1, 1, 1, 1, 1, 1, 1, 1, 1, 1, 1, 1, 1, 1, 1, 1, 1, 1, 1, 1, 1, 1, 1, 1, 1, 1, 1, 1, 1, 1, 1, 1, 1, 1, 1, 1, 1, 1, 1, 1, 1, 1, 1, 1, 1, 1, 1, 1, 1, 1, 1, 1, 1, 1, 1, 1, 1, 1, 1, 1, 1, 1, 1, 1, 1, 1, 1, 1, 1, 1, 1]
algo_list[0, 0, 0, 0, 0, 0, 0, 0, 0, 0, 0, 0, 0, 0, 0, 0, 0, 0, 0, 0, 0, 0, 0, 0, 0, 0, 0, 0, 0, 0, 0, 0, 0, 0, 0, 0, 0, 0, 0, 0, 0, 0, 0, 0, 0, 0, 0, 0, 0, 0, 0, 0, 0, 0, 0, 0, 0, 0, 0, 0, 0, 0, 0, 0, 0, 0, 0, 0, 0, 0, 0, 0, 0, 0, 0, 0, 0, 0, 0, 0, 0, 0, 0, 0, 0, 0, 0, 0, 0, 0, 0, 0, 0, 0, 0, 0, 0, 0, 0, 0, 0, 0, 0, 0, 0, 0, 0, 0, 0, 0, 0, 0, 0, 0, 0, 0, 0, 0, 0, 0, 0, 0, 0, 0, 0, 0, 0, 0, 0, 0, 0, 0, 0, 0, 0, 0, 0, 0, 0, 0, 0, 0, 0, 0, 0, 0, 0, 0, 0, 0, 0, 0, 0, 0, 0, 0, 0, 0, 0, 0, 0, 0, 0, 0, 0, 0, 0, 0, 0, 0, 0, 0, 0, 0, 0, 0, 0, 0, 0, 0, 0, 0, 0, 0, 0, 0, 0, 0, 0, 0, 0, 0, 0, 0, 0, 0, 0, 0, 0, 0, 0, 0, 0, 0, 0, 0, 0, 0, 0, 0, 0, 0, 0, 0, 0, 0, 0, 0, 0, 0, 0, 0, 0, 0, 0, 0, 0, 0, 0, 0, 0, 0, 0, 0, 0, 0, 0, 0, 0, 0, 0, 0, 0, 0, 0, 0, 0, 0, 0, 0, 0, 0, 0, 0, 0, 0, 0, 0, 0, 0, 0, 0, 0, 0, 0, 0, 0, 0, 0, 0, 0, 0, 0, 0, 0, 0, 0, 0, 0, 0, 0, 0, 0, 0, 0, 0, 0, 0, 0, 0, 0, 0, 0, 0, 0, 0, 0, 0, 0, 0, 0, 0, 0, 0, 0, 0, 0, 0, 0, 0, 0, 0, 0, 0, 0, 0, 0, 0, 0, 0, 0, 0, 0, 0, 0, 0, 0, 0, 0, 0, 0, 0, 0, 0, 0, 0, 0, 0, 0, 0, 0, 0, 0, 0, 0, 0, 0, 0, 0, 0, 0, 0, 0, 0, 0, 0, 0, 0, 0, 0, 0, 0, 0, 0, 0, 0, 0, 0, 0, 0, 0, 0, 0, 0, 0, 0, 0, 0, 0, 0, 0, 0, 0, 0, 0, 0, 0, 0, 0, 0, 0, 0, 0, 0, 0, 0, 0, 0, 0, 0, 0, 0, 0, 0, 0, 0, 0, 0, 0, 0, 0, 0, 0, 0, 0, 0, 0, 0, 0, 0, 0, 0, 0, 0, 0, 0, 0, 0, 0, 0, 0, 0, 0, 0, 0, 0, 0, 0, 0, 0, 0, 0, 0, 0, 0, 0, 0, 0, 0, 0, 0, 0, 0, 0, 0, 0, 0, 0, 0, 0, 0, 0, 0, 0, 0, 0, 0, 0, 0, 0, 0, 0, 0, 0, 0, 0, 0, 0, 0, 0, 0, 0, 0, 0, 0, 0, 0, 0, 0, 0, 0, 0, 0, 0, 0, 0, 0, 0, 0, 0, 0, 0, 0, 0, 0, 0, 0, 0, 0, 0, 0, 0, 0, 0, 0, 0, 0, 0, 0, 0, 0, 0, 0, 0, 0, 0, 0, 0, 0, 0, 0, 0, 0, 0, 0, 0, 0, 0, 0, 0, 0, 0, 0, 0, 0, 0, 0, 0, 0, 0, 0, 0, 0, 0, 0, 0, 0, 0, 0, 0, 0, 0, 0, 0, 0, 0, 0, 0, 0, 0, 0, 0, 0, 0, 0, 0, 0, 0, 0, 0, 0, 0, 0, 0, 0, 0, 0, 0, 0, 0, 0, 0, 0, 0, 0, 0, 0, 0, 0, 0, 0, 0, 0, 0, 0, 0, 0, 0, 0, 0, 0, 0, 0, 0, 0, 0, 0, 0, 0, 0, 0, 0, 0, 0, 0, 0, 0, 0, 0, 0, 0, 0, 0, 0, 0, 0, 0, 0, 0, 0, 0, 0, 0, 0, 0, 0, 0, 0, 0, 0, 0, 0, 0, 0, 0, 0, 0, 0, 0, 0, 0, 0, 0, 0, 0, 0, 0, 0, 0, 0, 0, 0, 0, 0, 0, 0, 0, 0, 0, 0, 0, 0, 0, 0, 0, 0, 0, 0, 0, 0, 0, 0, 0, 0, 0, 0, 0, 0, 0, 0, 0, 0, 0, 0, 0, 0, 0, 0, 0, 0, 0, 0, 0, 0, 0, 0, 0, 0, 0, 0, 0, 0, 0, 0, 0, 0, 0, 0, 0, 0, 0, 0, 0, 0, 0, 0, 0, 0, 0, 0, 0, 0, 0, 0, 0, 0, 0, 0, 0, 0, 0, 0, 0, 0, 0, 0, 0, 0, 0, 0, 0, 0, 0, 0, 0, 0, 0, 0, 0, 0, 0, 0, 0, 0, 0, 0, 0, 0, 0, 0, 0, 0, 0, 0, 0, 0, 0, 0, 0, 0, 0, 0, 0, 0, 0, 0, 0, 0, 0, 0, 0, 0, 0, 0, 0, 0, 0, 0, 0, 0, 0, 0, 0, 0, 0, 0, 0, 0, 0, 0, 0, 0, 0, 0, 0, 0, 0, 0, 0, 0, 0, 0, 0, 0, 0]

decode|11359.90|44270.33| op = [207, 209, 221, 124, 74]| tp = [1, 1, 1, 1, 1, ] | dp = [2, 2, 2, 1, 1, ] | algo = [0, 0, 0, 0, 0, ] | rc = [32, 24, 10, 0, 0] | gpus = [2, 2, 2, 1, 1] | micro_bs = 8 | time = [11359, 11011, 10935, 11311, 11179] | memory = [35634, 38167, 44270, 42032, 16565]
验证解
line465:max stage:0, min stage:2, max_value:11359.896106363896, min_value:10935.079326962168
fix|11337.95|44382.32| op = [206, 209, 222, 124, 74]| tp = [1, 1, 1, 1, 1, ] | dp = [2, 2, 2, 1, 1, ] | algo = [0, 0, 0, 0, 0, ] | rc = [32, 24, 10, 0, 0] | gpus = [2, 2, 2, 1, 1] | micro_bs = 8 | time = [11337, 11018, 10985, 11312, 11179] | memory = [35474, 38247, 44382, 42032, 16565]
best|11337.95|44382.32| op = [206, 209, 222, 124, 74]| tp = [1, 1, 1, 1, 1, ] | dp = [2, 2, 2, 1, 1, ] | algo = [0, 0, 0, 0, 0, ] | rc = [32, 24, 10, 0, 0] | gpus = [2, 2, 2, 1, 1] | micro_bs = 8 | time = [11337, 11018, 10985, 11312, 11179] | memory = [35474, 38247, 44382, 42032, 16565]
line146:config.memory_list:[35474.07499999999, 38247.95199999999, 44382.32399999999, 42032.752, 16565.703]
line147:config.time_list:[11337.945407283883, 11018.526434500793, 10985.00816798822, 11312.064107084469, 11179.49766125589]
求解成功
config has been saved to /home/liminglong.lml/sxz/SuperScaler/logs-large/aceso/configs/scale-layer/64layers/scale-layer_64layers_5stages_2026-5-15-12-57-57.json

========== Best Result (num_stages = 5) ==========
|11337.95|44382.32| op = [206, 209, 222, 124, 74]| tp = [1, 1, 1, 1, 1, ] | dp = [2, 2, 2, 1, 1, ] | algo = [0, 0, 0, 0, 0, ] | rc = [32, 24, 10, 0, 0] | gpus = [2, 2, 2, 1, 1] | micro_bs = 8 | time = [11337, 11018, 10985, 11312, 11179] | memory = [35474, 38247, 44382, 42032, 16565]
start|14154.31|44809.95| op = [209, 209, 209, 104, 104]| tp = [1, 1, 1, 1, 1, ] | dp = [2, 2, 2, 1, 1, ] | algo = [0, 0, 0, 0, 0, ] | rc = [32, 24, 6, 0, 0] | gpus = [2, 2, 2, 1, 1] | micro_bs = 8 | time = [11388, 10976, 10225, 9369, 14154] | memory = [35750, 38024, 44809, 34564, 22310]
fix|14232.11|44809.95| op = [209, 209, 209, 105, 103]| tp = [1, 1, 1, 1, 1, ] | dp = [2, 2, 2, 1, 1, ] | algo = [0, 0, 0, 0, 0, ] | rc = [32, 24, 6, 0, 0] | gpus = [2, 2, 2, 1, 1] | micro_bs = 8 | time = [11392, 10980, 10229, 9788, 14232] | memory = [35750, 38024, 44809, 35588, 22278]
fix|14046.62|44809.95| op = [209, 209, 209, 106, 102]| tp = [1, 1, 1, 1, 1, ] | dp = [2, 2, 2, 1, 1, ] | algo = [0, 0, 0, 0, 0, ] | rc = [32, 24, 6, 0, 0] | gpus = [2, 2, 2, 1, 1] | micro_bs = 8 | time = [11392, 10980, 10229, 9974, 14046] | memory = [35750, 38024, 44809, 35588, 22278]
fix|13830.26|44809.95| op = [209, 209, 209, 107, 101]| tp = [1, 1, 1, 1, 1, ] | dp = [2, 2, 2, 1, 1, ] | algo = [0, 0, 0, 0, 0, ] | rc = [32, 24, 6, 0, 0] | gpus = [2, 2, 2, 1, 1] | micro_bs = 8 | time = [11392, 10980, 10229, 10190, 13830] | memory = [35750, 38024, 44809, 37892, 21126]
fix|13390.88|44809.95| op = [209, 209, 209, 108, 100]| tp = [1, 1, 1, 1, 1, ] | dp = [2, 2, 2, 1, 1, ] | algo = [0, 0, 0, 0, 0, ] | rc = [32, 24, 6, 0, 0] | gpus = [2, 2, 2, 1, 1] | micro_bs = 8 | time = [11388, 10976, 10225, 10097, 13390] | memory = [35750, 38024, 44809, 37924, 20598]
fix|13366.80|44809.95| op = [209, 209, 209, 109, 99]| tp = [1, 1, 1, 1, 1, ] | dp = [2, 2, 2, 1, 1, ] | algo = [0, 0, 0, 0, 0, ] | rc = [32, 24, 6, 0, 0] | gpus = [2, 2, 2, 1, 1] | micro_bs = 8 | time = [11388, 10976, 10225, 10122, 13366] | memory = [35750, 38024, 44809, 37960, 20578]
fix|13338.72|44809.95| op = [209, 209, 209, 110, 98]| tp = [1, 1, 1, 1, 1, ] | dp = [2, 2, 2, 1, 1, ] | algo = [0, 0, 0, 0, 0, ] | rc = [32, 24, 6, 0, 0] | gpus = [2, 2, 2, 1, 1] | micro_bs = 8 | time = [11388, 10976, 10225, 10133, 13338] | memory = [35750, 38024, 44809, 38008, 20538]
fix|13319.43|44809.95| op = [209, 209, 209, 111, 97]| tp = [1, 1, 1, 1, 1, ] | dp = [2, 2, 2, 1, 1, ] | algo = [0, 0, 0, 0, 0, ] | rc = [32, 24, 6, 0, 0] | gpus = [2, 2, 2, 1, 1] | micro_bs = 8 | time = [11388, 10976, 10225, 10169, 13319] | memory = [35750, 38024, 44809, 38040, 20538]
fix|13289.27|44809.95| op = [209, 209, 209, 112, 96]| tp = [1, 1, 1, 1, 1, ] | dp = [2, 2, 2, 1, 1, ] | algo = [0, 0, 0, 0, 0, ] | rc = [32, 24, 6, 0, 0] | gpus = [2, 2, 2, 1, 1] | micro_bs = 8 | time = [11388, 10976, 10226, 10261, 13289] | memory = [35750, 38024, 44809, 38184, 20506]
fix|13250.52|45577.95| op = [209, 209, 210, 112, 95]| tp = [1, 1, 1, 1, 1, ] | dp = [2, 2, 2, 1, 1, ] | algo = [0, 0, 0, 0, 0, ] | rc = [32, 24, 6, 0, 0] | gpus = [2, 2, 2, 1, 1] | micro_bs = 8 | time = [11391, 10979, 10438, 10378, 13250] | memory = [35750, 38024, 45577, 38248, 20442]
fix|13162.76|45577.95| op = [209, 209, 210, 113, 94]| tp = [1, 1, 1, 1, 1, ] | dp = [2, 2, 2, 1, 1, ] | algo = [0, 0, 0, 0, 0, ] | rc = [32, 24, 6, 0, 0] | gpus = [2, 2, 2, 1, 1] | micro_bs = 8 | time = [11390, 10978, 10437, 10404, 13162] | memory = [35750, 38024, 45577, 38296, 20362]
fix|13134.76|45577.95| op = [209, 209, 210, 114, 93]| tp = [1, 1, 1, 1, 1, ] | dp = [2, 2, 2, 1, 1, ] | algo = [0, 0, 0, 0, 0, ] | rc = [32, 24, 6, 0, 0] | gpus = [2, 2, 2, 1, 1] | micro_bs = 8 | time = [11390, 10978, 10437, 10415, 13134] | memory = [35750, 38024, 45577, 38344, 20322]
fix|13115.73|45577.95| op = [209, 209, 210, 115, 92]| tp = [1, 1, 1, 1, 1, ] | dp = [2, 2, 2, 1, 1, ] | algo = [0, 0, 0, 0, 0, ] | rc = [32, 24, 6, 0, 0] | gpus = [2, 2, 2, 1, 1] | micro_bs = 8 | time = [11390, 10978, 10437, 10451, 13115] | memory = [35750, 38024, 45577, 38376, 20321]
fix|13051.07|45577.95| op = [209, 209, 211, 115, 91]| tp = [1, 1, 1, 1, 1, ] | dp = [2, 2, 2, 1, 1, ] | algo = [0, 0, 0, 0, 0, ] | rc = [32, 24, 6, 0, 0] | gpus = [2, 2, 2, 1, 1] | micro_bs = 8 | time = [11390, 10978, 10531, 10364, 13051] | memory = [35750, 38024, 45577, 38484, 20293]
fix|13128.87|45577.95| op = [209, 209, 211, 116, 90]| tp = [1, 1, 1, 1, 1, ] | dp = [2, 2, 2, 1, 1, ] | algo = [0, 0, 0, 0, 0, ] | rc = [32, 24, 6, 0, 0] | gpus = [2, 2, 2, 1, 1] | micro_bs = 8 | time = [11394, 10982, 10535, 10783, 13128] | memory = [35750, 38024, 45577, 39508, 20261]
fix|12943.93|43849.95| op = [209, 209, 212, 116, 89]| tp = [1, 1, 1, 1, 1, ] | dp = [2, 2, 2, 1, 1, ] | algo = [0, 0, 0, 0, 0, ] | rc = [32, 24, 10, 0, 0] | gpus = [2, 2, 2, 1, 1] | micro_bs = 8 | time = [11394, 10982, 10822, 10753, 12943] | memory = [35750, 38024, 43849, 37204, 20261]
fix|12727.56|43849.95| op = [209, 209, 212, 117, 88]| tp = [1, 1, 1, 1, 1, ] | dp = [2, 2, 2, 1, 1, ] | algo = [0, 0, 0, 0, 0, ] | rc = [32, 24, 10, 0, 0] | gpus = [2, 2, 2, 1, 1] | micro_bs = 8 | time = [11394, 10982, 10822, 10969, 12727] | memory = [35750, 38024, 43849, 39508, 19109]
fix|12284.44|43873.95| op = [209, 209, 213, 117, 87]| tp = [1, 1, 1, 1, 1, ] | dp = [2, 2, 2, 1, 1, ] | algo = [0, 0, 0, 0, 0, ] | rc = [32, 24, 10, 0, 0] | gpus = [2, 2, 2, 1, 1] | micro_bs = 8 | time = [11386, 10974, 10773, 10437, 12284] | memory = [35750, 38024, 43873, 38484, 18581]
fix|12260.36|43873.95| op = [209, 209, 213, 118, 86]| tp = [1, 1, 1, 1, 1, ] | dp = [2, 2, 2, 1, 1, ] | algo = [0, 0, 0, 0, 0, ] | rc = [32, 24, 10, 0, 0] | gpus = [2, 2, 2, 1, 1] | micro_bs = 8 | time = [11386, 10974, 10773, 10461, 12260] | memory = [35750, 38024, 43873, 38520, 18561]
fix|12232.28|43873.95| op = [209, 209, 213, 119, 85]| tp = [1, 1, 1, 1, 1, ] | dp = [2, 2, 2, 1, 1, ] | algo = [0, 0, 0, 0, 0, ] | rc = [32, 24, 10, 0, 0] | gpus = [2, 2, 2, 1, 1] | micro_bs = 8 | time = [11386, 10974, 10773, 10473, 12232] | memory = [35750, 38024, 43873, 38568, 18521]
fix|12213.00|43873.95| op = [209, 209, 213, 120, 84]| tp = [1, 1, 1, 1, 1, ] | dp = [2, 2, 2, 1, 1, ] | algo = [0, 0, 0, 0, 0, ] | rc = [32, 24, 10, 0, 0] | gpus = [2, 2, 2, 1, 1] | micro_bs = 8 | time = [11386, 10974, 10773, 10509, 12212] | memory = [35750, 38024, 43873, 38600, 18521]
fix|12182.84|43873.95| op = [209, 209, 213, 121, 83]| tp = [1, 1, 1, 1, 1, ] | dp = [2, 2, 2, 1, 1, ] | algo = [0, 0, 0, 0, 0, ] | rc = [32, 24, 10, 0, 0] | gpus = [2, 2, 2, 1, 1] | micro_bs = 8 | time = [11387, 10975, 10774, 10601, 12182] | memory = [35750, 38024, 43873, 38744, 18489]
fix|12141.85|43873.95| op = [209, 209, 213, 122, 82]| tp = [1, 1, 1, 1, 1, ] | dp = [2, 2, 2, 1, 1, ] | algo = [0, 0, 0, 0, 0, ] | rc = [32, 24, 10, 0, 0] | gpus = [2, 2, 2, 1, 1] | micro_bs = 8 | time = [11387, 10975, 10774, 10642, 12141] | memory = [35750, 38024, 43873, 38872, 18425]
fix|12054.09|43873.95| op = [209, 209, 213, 123, 81]| tp = [1, 1, 1, 1, 1, ] | dp = [2, 2, 2, 1, 1, ] | algo = [0, 0, 0, 0, 0, ] | rc = [32, 24, 10, 0, 0] | gpus = [2, 2, 2, 1, 1] | micro_bs = 8 | time = [11386, 10974, 10773, 10668, 12054] | memory = [35750, 38024, 43873, 38920, 18345]
fix|12026.09|43873.95| op = [209, 209, 213, 124, 80]| tp = [1, 1, 1, 1, 1, ] | dp = [2, 2, 2, 1, 1, ] | algo = [0, 0, 0, 0, 0, ] | rc = [32, 24, 10, 0, 0] | gpus = [2, 2, 2, 1, 1] | micro_bs = 8 | time = [11386, 10974, 10773, 10679, 12026] | memory = [35750, 38024, 43873, 38968, 18305]
fix|12007.06|43873.95| op = [209, 209, 213, 125, 79]| tp = [1, 1, 1, 1, 1, ] | dp = [2, 2, 2, 1, 1, ] | algo = [0, 0, 0, 0, 0, ] | rc = [32, 24, 10, 0, 0] | gpus = [2, 2, 2, 1, 1] | micro_bs = 8 | time = [11386, 10974, 10773, 10715, 12007] | memory = [35750, 38024, 43873, 39001, 18305]
fix|11943.12|43873.95| op = [209, 209, 213, 126, 78]| tp = [1, 1, 1, 1, 1, ] | dp = [2, 2, 2, 1, 1, ] | algo = [0, 0, 0, 0, 0, ] | rc = [32, 24, 10, 0, 0] | gpus = [2, 2, 2, 1, 1] | micro_bs = 8 | time = [11387, 10975, 10774, 10814, 11943] | memory = [35750, 38024, 43873, 39109, 18277]
fix|12020.85|43901.95| op = [209, 209, 214, 126, 77]| tp = [1, 1, 1, 1, 1, ] | dp = [2, 2, 2, 1, 1, ] | algo = [0, 0, 0, 0, 0, ] | rc = [32, 24, 10, 0, 0] | gpus = [2, 2, 2, 1, 1] | micro_bs = 8 | time = [11390, 10978, 10793, 11209, 12020] | memory = [35750, 38024, 43901, 40097, 18245]
fix|11835.22|43937.95| op = [209, 209, 215, 126, 76]| tp = [1, 1, 1, 1, 1, ] | dp = [2, 2, 2, 1, 1, ] | algo = [0, 0, 0, 0, 0, ] | rc = [32, 24, 10, 0, 0] | gpus = [2, 2, 2, 1, 1] | micro_bs = 8 | time = [11390, 10978, 10804, 11366, 11835] | memory = [35750, 38024, 43937, 40017, 18245]
fix|11618.85|43962.14| op = [209, 209, 216, 126, 75]| tp = [1, 1, 1, 1, 1, ] | dp = [2, 2, 2, 1, 1, ] | algo = [0, 0, 0, 0, 0, ] | rc = [32, 24, 10, 0, 0] | gpus = [2, 2, 2, 1, 1] | micro_bs = 8 | time = [11390, 10978, 10822, 11563, 11618] | memory = [35750, 38024, 43962, 42320, 17093]
fix|11440.45|44074.14| op = [209, 209, 217, 126, 74]| tp = [1, 1, 1, 1, 1, ] | dp = [2, 2, 2, 1, 1, ] | algo = [0, 0, 0, 0, 0, ] | rc = [32, 24, 10, 0, 0] | gpus = [2, 2, 2, 1, 1] | micro_bs = 8 | time = [11386, 10974, 10868, 11440, 11179] | memory = [35750, 38024, 44074, 42304, 16565]
fix|11399.32|44170.14| op = [209, 209, 218, 125, 74]| tp = [1, 1, 1, 1, 1, ] | dp = [2, 2, 2, 1, 1, ] | algo = [0, 0, 0, 0, 0, ] | rc = [32, 24, 10, 0, 0] | gpus = [2, 2, 2, 1, 1] | micro_bs = 8 | time = [11386, 10974, 10890, 11399, 11179] | memory = [35750, 38024, 44170, 42176, 16565]
fix|11385.98|44210.14| op = [209, 209, 219, 124, 74]| tp = [1, 1, 1, 1, 1, ] | dp = [2, 2, 2, 1, 1, ] | algo = [0, 0, 0, 0, 0, ] | rc = [32, 24, 10, 0, 0] | gpus = [2, 2, 2, 1, 1] | micro_bs = 8 | time = [11385, 10974, 10905, 11311, 11178] | memory = [35750, 38024, 44210, 42032, 16565]
fix|11375.00|44210.32| op = [208, 209, 220, 124, 74]| tp = [1, 1, 1, 1, 1, ] | dp = [2, 2, 2, 1, 1, ] | algo = [0, 0, 0, 0, 0, ] | rc = [32, 24, 10, 0, 0] | gpus = [2, 2, 2, 1, 1] | micro_bs = 8 | time = [11374, 10972, 10917, 11311, 11178] | memory = [35690, 38071, 44210, 42032, 16565]
fix|11359.90|44270.33| op = [207, 209, 221, 124, 74]| tp = [1, 1, 1, 1, 1, ] | dp = [2, 2, 2, 1, 1, ] | algo = [0, 0, 0, 0, 0, ] | rc = [32, 24, 10, 0, 0] | gpus = [2, 2, 2, 1, 1] | micro_bs = 8 | time = [11359, 11011, 10935, 11311, 11179] | memory = [35634, 38167, 44270, 42032, 16565]
best|11359.90|44270.33| op = [207, 209, 221, 124, 74]| tp = [1, 1, 1, 1, 1, ] | dp = [2, 2, 2, 1, 1, ] | algo = [0, 0, 0, 0, 0, ] | rc = [32, 24, 10, 0, 0] | gpus = [2, 2, 2, 1, 1] | micro_bs = 8 | time = [11359, 11011, 10935, 11311, 11179] | memory = [35634, 38167, 44270, 42032, 16565]
decode|11359.90|44270.33| op = [207, 209, 221, 124, 74]| tp = [1, 1, 1, 1, 1, ] | dp = [2, 2, 2, 1, 1, ] | algo = [0, 0, 0, 0, 0, ] | rc = [32, 24, 10, 0, 0] | gpus = [2, 2, 2, 1, 1] | micro_bs = 8 | time = [11359, 11011, 10935, 11311, 11179] | memory = [35634, 38167, 44270, 42032, 16565]
fix|11337.95|44382.32| op = [206, 209, 222, 124, 74]| tp = [1, 1, 1, 1, 1, ] | dp = [2, 2, 2, 1, 1, ] | algo = [0, 0, 0, 0, 0, ] | rc = [32, 24, 10, 0, 0] | gpus = [2, 2, 2, 1, 1] | micro_bs = 8 | time = [11337, 11018, 10985, 11312, 11179] | memory = [35474, 38247, 44382, 42032, 16565]
best|11337.95|44382.32| op = [206, 209, 222, 124, 74]| tp = [1, 1, 1, 1, 1, ] | dp = [2, 2, 2, 1, 1, ] | algo = [0, 0, 0, 0, 0, ] | rc = [32, 24, 10, 0, 0] | gpus = [2, 2, 2, 1, 1] | micro_bs = 8 | time = [11337, 11018, 10985, 11312, 11179] | memory = [35474, 38247, 44382, 42032, 16565]

num_targets: []
num_hops: []
search time = 0.00 s.  [0] 
num_explored_cases = 0
time trend: [14154]

stage 5 search time: 0.61 s
working on num_stages = 6
start|14296.79|44518.00| op = [209, 209, 104, 104, 104, 105]| tp = [1, 1, 1, 1, 1, 1, ] | dp = [2, 2, 1, 1, 1, 1, ] | algo = [0, 0, 0, 0, 0, 0, ] | rc = [32, 32, 14, 4, 0, 0] | gpus = [2, 2, 1, 1, 1, 1] | micro_bs = 8 | time = [11466, 11407, 10610, 9755, 9413, 14296] | memory = [42292, 35354, 34952, 44518, 34500, 22338]
line465:max stage:5, min stage:4, max_value:14296.794725218338, min_value:9413.306453246101
fix|14232.85|44518.00| op = [209, 209, 104, 104, 105, 104]| tp = [1, 1, 1, 1, 1, 1, ] | dp = [2, 2, 1, 1, 1, 1, ] | algo = [0, 0, 0, 0, 0, 0, ] | rc = [32, 32, 14, 4, 0, 0] | gpus = [2, 2, 1, 1, 1, 1] | micro_bs = 8 | time = [11467, 11407, 10610, 9755, 9512, 14232] | memory = [42292, 35354, 34952, 44518, 34608, 22310]
cv:0.13965981349682235
line465:max stage:5, min stage:4, max_value:14232.85354170115, min_value:9512.185365728912
fix|14310.65|44518.00| op = [209, 209, 104, 104, 106, 103]| tp = [1, 1, 1, 1, 1, 1, ] | dp = [2, 2, 1, 1, 1, 1, ] | algo = [0, 0, 0, 0, 0, 0, ] | rc = [32, 32, 14, 4, 0, 0] | gpus = [2, 2, 1, 1, 1, 1] | micro_bs = 8 | time = [11471, 11411, 10614, 9759, 9931, 14310] | memory = [42292, 35354, 34952, 44518, 35632, 22278]
cv:0.13483660388977434
line465:max stage:5, min stage:3, max_value:14310.652693307904, min_value:9759.519613216482
fix|14125.43|44674.00| op = [209, 209, 104, 105, 106, 102]| tp = [1, 1, 1, 1, 1, 1, ] | dp = [2, 2, 1, 1, 1, 1, ] | algo = [0, 0, 0, 0, 0, 0, ] | rc = [32, 32, 14, 4, 0, 0] | gpus = [2, 2, 1, 1, 1, 1] | micro_bs = 8 | time = [11471, 11411, 10615, 9858, 10053, 14125] | memory = [42292, 35354, 34952, 44674, 35588, 22278]
cv:0.12624431082366297
line465:max stage:5, min stage:3, max_value:14125.433424416164, min_value:9858.398525699295
fix|13914.27|42754.00| op = [209, 209, 104, 106, 106, 101]| tp = [1, 1, 1, 1, 1, 1, ] | dp = [2, 2, 1, 1, 1, 1, ] | algo = [0, 0, 0, 0, 0, 0, ] | rc = [32, 32, 14, 6, 0, 0] | gpus = [2, 2, 1, 1, 1, 1] | micro_bs = 8 | time = [11476, 11416, 10620, 10450, 10348, 13914] | memory = [42292, 35354, 34952, 42754, 37828, 21126]
cv:0.10733551986596115
line465:max stage:5, min stage:4, max_value:13914.269896278282, min_value:10348.691610425234
fix|13474.89|42754.00| op = [209, 209, 104, 106, 107, 100]| tp = [1, 1, 1, 1, 1, 1, ] | dp = [2, 2, 1, 1, 1, 1, ] | algo = [0, 0, 0, 0, 0, 0, ] | rc = [32, 32, 14, 6, 0, 0] | gpus = [2, 2, 1, 1, 1, 1] | micro_bs = 8 | time = [11472, 11412, 10616, 10446, 10255, 13474] | memory = [42292, 35354, 34952, 42754, 37860, 20598]
cv:0.09614837208378545
line465:max stage:5, min stage:4, max_value:13474.892205188717, min_value:10255.885997335665
fix|13450.81|42754.00| op = [209, 209, 104, 106, 108, 99]| tp = [1, 1, 1, 1, 1, 1, ] | dp = [2, 2, 1, 1, 1, 1, ] | algo = [0, 0, 0, 0, 0, 0, ] | rc = [32, 32, 14, 6, 0, 0] | gpus = [2, 2, 1, 1, 1, 1] | micro_bs = 8 | time = [11472, 11412, 10616, 10446, 10279, 13450] | memory = [42292, 35354, 34952, 42754, 37896, 20578]
cv:0.09509435589200352
line465:max stage:5, min stage:4, max_value:13450.811478671432, min_value:10279.969004818382
fix|13422.73|42754.00| op = [209, 209, 104, 106, 109, 98]| tp = [1, 1, 1, 1, 1, 1, ] | dp = [2, 2, 1, 1, 1, 1, ] | algo = [0, 0, 0, 0, 0, 0, ] | rc = [32, 32, 14, 6, 0, 0] | gpus = [2, 2, 1, 1, 1, 1] | micro_bs = 8 | time = [11472, 11412, 10615, 10445, 10291, 13422] | memory = [42292, 35354, 34952, 42754, 37944, 20538]
cv:0.09412212962571168
line465:max stage:5, min stage:4, max_value:13422.730716394602, min_value:10291.511734541553
fix|13403.45|42754.00| op = [209, 209, 104, 106, 110, 97]| tp = [1, 1, 1, 1, 1, 1, ] | dp = [2, 2, 1, 1, 1, 1, ] | algo = [0, 0, 0, 0, 0, 0, ] | rc = [32, 32, 14, 6, 0, 0] | gpus = [2, 2, 1, 1, 1, 1] | micro_bs = 8 | time = [11472, 11412, 10616, 10446, 10327, 13403] | memory = [42292, 35354, 34952, 42754, 37976, 20538]
cv:0.09303413953910776
line465:max stage:5, min stage:4, max_value:13403.447466188718, min_value:10327.330736335669
fix|13373.28|42754.00| op = [209, 209, 104, 106, 111, 96]| tp = [1, 1, 1, 1, 1, 1, ] | dp = [2, 2, 1, 1, 1, 1, ] | algo = [0, 0, 0, 0, 0, 0, ] | rc = [32, 32, 14, 6, 0, 0] | gpus = [2, 2, 1, 1, 1, 1] | micro_bs = 8 | time = [11472, 11412, 10616, 10446, 10419, 13373] | memory = [42292, 35354, 34952, 42754, 38120, 20506]
cv:0.09084117810613603
line465:max stage:5, min stage:4, max_value:13373.284792289218, min_value:10419.420040436169
fix|13332.30|42754.00| op = [209, 209, 104, 106, 112, 95]| tp = [1, 1, 1, 1, 1, 1, ] | dp = [2, 2, 1, 1, 1, 1, ] | algo = [0, 0, 0, 0, 0, 0, ] | rc = [32, 32, 14, 6, 0, 0] | gpus = [2, 2, 1, 1, 1, 1] | micro_bs = 8 | time = [11472, 11412, 10616, 10446, 10460, 13332] | memory = [42292, 35354, 34952, 42754, 38248, 20442]
cv:0.08910636552300963
line465:max stage:5, min stage:3, max_value:13332.299281519756, min_value:10446.590152441575
fix|13244.54|42754.00| op = [209, 209, 104, 107, 112, 94]| tp = [1, 1, 1, 1, 1, 1, ] | dp = [2, 2, 1, 1, 1, 1, ] | algo = [0, 0, 0, 0, 0, 0, ] | rc = [32, 32, 14, 6, 0, 0] | gpus = [2, 2, 1, 1, 1, 1] | micro_bs = 8 | time = [11472, 11412, 10616, 10631, 10300, 13244] | memory = [42292, 35354, 34952, 42754, 38296, 20362]
cv:0.086668826661968
line465:max stage:5, min stage:4, max_value:13244.540618671432, min_value:10300.749760818382
fix|13216.54|42754.00| op = [209, 209, 104, 107, 113, 93]| tp = [1, 1, 1, 1, 1, 1, ] | dp = [2, 2, 1, 1, 1, 1, ] | algo = [0, 0, 0, 0, 0, 0, ] | rc = [32, 32, 14, 6, 0, 0] | gpus = [2, 2, 1, 1, 1, 1] | micro_bs = 8 | time = [11472, 11412, 10615, 10631, 10312, 13216] | memory = [42292, 35354, 34952, 42754, 38344, 20322]
cv:0.08569193525386419
line465:max stage:5, min stage:4, max_value:13216.539485394604, min_value:10312.212861541551
fix|13197.51|42754.00| op = [209, 209, 104, 107, 114, 92]| tp = [1, 1, 1, 1, 1, 1, ] | dp = [2, 2, 1, 1, 1, 1, ] | algo = [0, 0, 0, 0, 0, 0, ] | rc = [32, 32, 14, 6, 0, 0] | gpus = [2, 2, 1, 1, 1, 1] | micro_bs = 8 | time = [11472, 11412, 10616, 10631, 10347, 13197] | memory = [42292, 35354, 34952, 42754, 38376, 20321]
cv:0.08458461284020824
line465:max stage:5, min stage:4, max_value:13197.509092188715, min_value:10347.779006335666
fix|13133.57|42754.00| op = [209, 209, 104, 107, 115, 91]| tp = [1, 1, 1, 1, 1, 1, ] | dp = [2, 2, 1, 1, 1, 1, ] | algo = [0, 0, 0, 0, 0, 0, ] | rc = [32, 32, 14, 6, 0, 0] | gpus = [2, 2, 1, 1, 1, 1] | micro_bs = 8 | time = [11472, 11412, 10616, 10631, 10446, 13133] | memory = [42292, 35354, 34952, 42754, 38484, 20293]
cv:0.08125282494319759
line465:max stage:5, min stage:4, max_value:13133.567908671528, min_value:10446.657918818479
fix|13211.37|42754.00| op = [209, 209, 104, 107, 116, 90]| tp = [1, 1, 1, 1, 1, 1, ] | dp = [2, 2, 1, 1, 1, 1, ] | algo = [0, 0, 0, 0, 0, 0, ] | rc = [32, 32, 14, 6, 0, 0] | gpus = [2, 2, 1, 1, 1, 1] | micro_bs = 8 | time = [11476, 11416, 10620, 10635, 10866, 13211] | memory = [42292, 35354, 34952, 42754, 39508, 20261]
cv:0.07832465307125683
line465:max stage:5, min stage:2, max_value:13211.367060278284, min_value:10620.211137186863
fix|13027.49|42694.00| op = [209, 209, 105, 107, 116, 89]| tp = [1, 1, 1, 1, 1, 1, ] | dp = [2, 2, 1, 1, 1, 1, ] | algo = [0, 0, 0, 0, 0, 0, ] | rc = [32, 32, 14, 8, 0, 0] | gpus = [2, 2, 1, 1, 1, 1] | micro_bs = 8 | time = [11478, 11418, 10720, 10960, 10836, 13027] | memory = [42292, 35354, 35156, 42694, 37204, 20261]
cv:0.06815950704885912
line465:max stage:5, min stage:2, max_value:13027.494593386544, min_value:10720.436851669674
fix|12810.86|42646.00| op = [209, 209, 106, 107, 116, 88]| tp = [1, 1, 1, 1, 1, 1, ] | dp = [2, 2, 1, 1, 1, 1, ] | algo = [0, 0, 0, 0, 0, 0, ] | rc = [32, 32, 14, 8, 0, 0] | gpus = [2, 2, 1, 1, 1, 1] | micro_bs = 8 | time = [11477, 11417, 11135, 10945, 10617, 12810] | memory = [42292, 35354, 37204, 42646, 38452, 19109]
cv:0.06082437527440565
line465:max stage:5, min stage:4, max_value:12810.858811278284, min_value:10617.689009306048
fix|12371.48|42646.00| op = [209, 209, 106, 107, 117, 87]| tp = [1, 1, 1, 1, 1, 1, ] | dp = [2, 2, 1, 1, 1, 1, ] | algo = [0, 0, 0, 0, 0, 0, ] | rc = [32, 32, 14, 8, 0, 0] | gpus = [2, 2, 1, 1, 1, 1] | micro_bs = 8 | time = [11473, 11413, 11131, 10941, 10524, 12371] | memory = [42292, 35354, 37204, 42646, 38484, 18581]
cv:0.05038756654664381
line465:max stage:5, min stage:4, max_value:12371.481120188715, min_value:10524.88339621648
fix|12347.40|42646.00| op = [209, 209, 106, 107, 118, 86]| tp = [1, 1, 1, 1, 1, 1, ] | dp = [2, 2, 1, 1, 1, 1, ] | algo = [0, 0, 0, 0, 0, 0, ] | rc = [32, 32, 14, 8, 0, 0] | gpus = [2, 2, 1, 1, 1, 1] | micro_bs = 8 | time = [11473, 11413, 11131, 10941, 10548, 12347] | memory = [42292, 35354, 37204, 42646, 38520, 18561]
cv:0.049239483166797916
line465:max stage:5, min stage:4, max_value:12347.40039367143, min_value:10548.966403699196
fix|12319.32|42646.00| op = [209, 209, 106, 107, 119, 85]| tp = [1, 1, 1, 1, 1, 1, ] | dp = [2, 2, 1, 1, 1, 1, ] | algo = [0, 0, 0, 0, 0, 0, ] | rc = [32, 32, 14, 8, 0, 0] | gpus = [2, 2, 1, 1, 1, 1] | micro_bs = 8 | time = [11473, 11413, 11131, 10941, 10560, 12319] | memory = [42292, 35354, 37204, 42646, 38568, 18521]
cv:0.04825033084896114
line465:max stage:5, min stage:4, max_value:12319.319631394601, min_value:10560.509133422365
fix|12300.04|42646.00| op = [209, 209, 106, 107, 120, 84]| tp = [1, 1, 1, 1, 1, 1, ] | dp = [2, 2, 1, 1, 1, 1, ] | algo = [0, 0, 0, 0, 0, 0, ] | rc = [32, 32, 14, 8, 0, 0] | gpus = [2, 2, 1, 1, 1, 1] | micro_bs = 8 | time = [11473, 11413, 11131, 10941, 10596, 12300] | memory = [42292, 35354, 37204, 42646, 38600, 18521]
cv:0.04699347704379055
line465:max stage:5, min stage:4, max_value:12300.036381188716, min_value:10596.32813521648
fix|12269.87|42646.00| op = [209, 209, 106, 107, 121, 83]| tp = [1, 1, 1, 1, 1, 1, ] | dp = [2, 2, 1, 1, 1, 1, ] | algo = [0, 0, 0, 0, 0, 0, ] | rc = [32, 32, 14, 8, 0, 0] | gpus = [2, 2, 1, 1, 1, 1] | micro_bs = 8 | time = [11474, 11414, 11132, 10941, 10688, 12269] | memory = [42292, 35354, 37204, 42646, 38744, 18489]
cv:0.04434713370778021
line465:max stage:5, min stage:4, max_value:12269.873707289218, min_value:10688.417439316981
fix|12228.89|42646.00| op = [209, 209, 106, 107, 122, 82]| tp = [1, 1, 1, 1, 1, 1, ] | dp = [2, 2, 1, 1, 1, 1, ] | algo = [0, 0, 0, 0, 0, 0, ] | rc = [32, 32, 14, 8, 0, 0] | gpus = [2, 2, 1, 1, 1, 1] | micro_bs = 8 | time = [11474, 11414, 11132, 10941, 10729, 12228] | memory = [42292, 35354, 37204, 42646, 38872, 18425]
cv:0.042455232097311855
line465:max stage:5, min stage:4, max_value:12228.888196519754, min_value:10729.39620454752
fix|12141.13|42646.00| op = [209, 209, 106, 107, 123, 81]| tp = [1, 1, 1, 1, 1, 1, ] | dp = [2, 2, 1, 1, 1, 1, ] | algo = [0, 0, 0, 0, 0, 0, ] | rc = [32, 32, 14, 8, 0, 0] | gpus = [2, 2, 1, 1, 1, 1] | micro_bs = 8 | time = [11473, 11413, 11131, 10941, 10755, 12141] | memory = [42292, 35354, 37204, 42646, 38920, 18345]
cv:0.03960604007243012
line465:max stage:5, min stage:4, max_value:12141.129533671432, min_value:10755.237263699197
fix|12113.13|42646.00| op = [209, 209, 106, 107, 124, 80]| tp = [1, 1, 1, 1, 1, 1, ] | dp = [2, 2, 1, 1, 1, 1, ] | algo = [0, 0, 0, 0, 0, 0, ] | rc = [32, 32, 14, 8, 0, 0] | gpus = [2, 2, 1, 1, 1, 1] | micro_bs = 8 | time = [11473, 11413, 11131, 10941, 10766, 12113] | memory = [42292, 35354, 37204, 42646, 38968, 18305]
cv:0.0386440968329668
line465:max stage:5, min stage:4, max_value:12113.128400394602, min_value:10766.700364422366
fix|12094.10|42646.00| op = [209, 209, 106, 107, 125, 79]| tp = [1, 1, 1, 1, 1, 1, ] | dp = [2, 2, 1, 1, 1, 1, ] | algo = [0, 0, 0, 0, 0, 0, ] | rc = [32, 32, 14, 8, 0, 0] | gpus = [2, 2, 1, 1, 1, 1] | micro_bs = 8 | time = [11473, 11413, 11131, 10941, 10802, 12094] | memory = [42292, 35354, 37204, 42646, 39001, 18305]
cv:0.03747717551447772
line465:max stage:5, min stage:4, max_value:12094.098007188717, min_value:10802.26650921648
fix|12030.16|42646.00| op = [209, 209, 106, 107, 126, 78]| tp = [1, 1, 1, 1, 1, 1, ] | dp = [2, 2, 1, 1, 1, 1, ] | algo = [0, 0, 0, 0, 0, 0, ] | rc = [32, 32, 14, 8, 0, 0] | gpus = [2, 2, 1, 1, 1, 1] | micro_bs = 8 | time = [11474, 11414, 11131, 10941, 10901, 12030] | memory = [42292, 35354, 37204, 42646, 39109, 18277]
cv:0.03405063493804182
line465:max stage:5, min stage:4, max_value:12030.156823671528, min_value:10901.145421699295
fix|12107.96|42646.00| op = [209, 209, 106, 107, 127, 77]| tp = [1, 1, 1, 1, 1, 1, ] | dp = [2, 2, 1, 1, 1, 1, ] | algo = [0, 0, 0, 0, 0, 0, ] | rc = [32, 32, 14, 8, 0, 0] | gpus = [2, 2, 1, 1, 1, 1] | micro_bs = 8 | time = [11477, 11417, 11135, 10945, 11320, 12107] | memory = [42292, 35354, 37204, 42646, 40133, 18245]
cv:0.03183230516704212
line465:max stage:5, min stage:3, max_value:12107.955975278282, min_value:10945.533667306046
fix|11922.47|42698.00| op = [209, 209, 106, 108, 127, 76]| tp = [1, 1, 1, 1, 1, 1, ] | dp = [2, 2, 1, 1, 1, 1, ] | algo = [0, 0, 0, 0, 0, 0, ] | rc = [32, 32, 14, 8, 0, 0] | gpus = [2, 2, 1, 1, 1, 1] | micro_bs = 8 | time = [11477, 11417, 11135, 10969, 11482, 11922] | memory = [42292, 35354, 37204, 42698, 40097, 18245]
cv:0.026341278409710733
line465:max stage:5, min stage:3, max_value:11922.465888960187, min_value:10969.616674788764
fix|11705.97|42770.00| op = [209, 209, 106, 109, 127, 75]| tp = [1, 1, 1, 1, 1, 1, ] | dp = [2, 2, 1, 1, 1, 1, ] | algo = [0, 0, 0, 0, 0, 0, ] | rc = [32, 32, 14, 8, 0, 0] | gpus = [2, 2, 1, 1, 1, 1] | micro_bs = 8 | time = [11477, 11417, 11135, 10981, 11670, 11705] | memory = [42292, 35354, 37204, 42770, 42321, 17093]
cv:0.023166289077254484
line465:max stage:5, min stage:3, max_value:11705.972740157446, min_value:10981.159404511935
fix|11558.20|42818.38| op = [209, 209, 106, 110, 127, 74]| tp = [1, 1, 1, 1, 1, 1, ] | dp = [2, 2, 1, 1, 1, 1, ] | algo = [0, 0, 0, 0, 0, 0, ] | rc = [32, 32, 14, 8, 0, 0] | gpus = [2, 2, 1, 1, 1, 1] | micro_bs = 8 | time = [11473, 11413, 11131, 11012, 11558, 11266] | memory = [42292, 35354, 37204, 42818, 42352, 16565]
cv:0.01697717544481781
line465:max stage:4, min stage:3, max_value:11558.196544216484, min_value:11012.85295433567
fix|11528.03|43026.38| op = [209, 209, 106, 111, 126, 74]| tp = [1, 1, 1, 1, 1, 1, ] | dp = [2, 2, 1, 1, 1, 1, ] | algo = [0, 0, 0, 0, 0, 0, ] | rc = [32, 32, 14, 8, 0, 0] | gpus = [2, 2, 1, 1, 1, 1] | micro_bs = 8 | time = [11474, 11414, 11132, 11104, 11528, 11267] | memory = [42292, 35354, 37204, 43026, 42304, 16565]
best|11528.03|43026.38| op = [209, 209, 106, 111, 126, 74]| tp = [1, 1, 1, 1, 1, 1, ] | dp = [2, 2, 1, 1, 1, 1, ] | algo = [0, 0, 0, 0, 0, 0, ] | rc = [32, 32, 14, 8, 0, 0] | gpus = [2, 2, 1, 1, 1, 1] | micro_bs = 8 | time = [11474, 11414, 11132, 11104, 11528, 11267] | memory = [42292, 35354, 37204, 43026, 42304, 16565]
line146:config.memory_list:[42292.08999999999, 35354.22999999998, 37204.0, 43026.375, 42304.758, 16565.703]
line147:config.time_list:[11474.276080543954, 11414.299353580642, 11132.112422732574, 11104.94225843617, 11528.033870316984, 11267.203284585623]
------------------------------------------------------------------------------------------------------
cegis_search for the 0th times
开始求解check...
line351:
tp_list[1, 1, 1, 1, 1, 1, 1, 1, 1, 1, 1, 1, 1, 1, 1, 1, 1, 1, 1, 1, 1, 1, 1, 1, 1, 1, 1, 1, 1, 1, 1, 1, 1, 1, 1, 1, 1, 1, 1, 1, 1, 1, 1, 1, 1, 1, 1, 1, 1, 1, 1, 1, 1, 1, 1, 1, 1, 1, 1, 1, 1, 1, 1, 1, 1, 1, 1, 1, 1, 1, 1, 1, 1, 1, 1, 1, 1, 1, 1, 1, 1, 1, 1, 1, 1, 1, 1, 1, 1, 1, 1, 1, 1, 1, 1, 1, 1, 1, 1, 1, 1, 1, 1, 1, 1, 1, 1, 1, 1, 1, 1, 1, 1, 1, 1, 1, 1, 1, 1, 1, 1, 1, 1, 1, 1, 1, 1, 1, 1, 1, 1, 1, 1, 1, 1, 1, 1, 1, 1, 1, 1, 1, 1, 1, 1, 1, 1, 1, 1, 1, 1, 1, 1, 1, 1, 1, 1, 1, 1, 1, 1, 1, 1, 1, 1, 1, 1, 1, 1, 1, 1, 1, 1, 1, 1, 1, 1, 1, 1, 1, 1, 1, 1, 1, 1, 1, 1, 1, 1, 1, 1, 1, 1, 1, 1, 1, 1, 1, 1, 1, 1, 1, 1, 1, 1, 1, 1, 1, 1, 1, 1, 1, 1, 1, 1, 1, 1, 1, 1, 1, 1, 1, 1, 1, 1, 1, 1, 1, 1, 1, 1, 1, 1, 1, 1, 1, 1, 1, 1, 1, 1, 1, 1, 1, 1, 1, 1, 1, 1, 1, 1, 1, 1, 1, 1, 1, 1, 1, 1, 1, 1, 1, 1, 1, 1, 1, 1, 1, 1, 1, 1, 1, 1, 1, 1, 1, 1, 1, 1, 1, 1, 1, 1, 1, 1, 1, 1, 1, 1, 1, 1, 1, 1, 1, 1, 1, 1, 1, 1, 1, 1, 1, 1, 1, 1, 1, 1, 1, 1, 1, 1, 1, 1, 1, 1, 1, 1, 1, 1, 1, 1, 1, 1, 1, 1, 1, 1, 1, 1, 1, 1, 1, 1, 1, 1, 1, 1, 1, 1, 1, 1, 1, 1, 1, 1, 1, 1, 1, 1, 1, 1, 1, 1, 1, 1, 1, 1, 1, 1, 1, 1, 1, 1, 1, 1, 1, 1, 1, 1, 1, 1, 1, 1, 1, 1, 1, 1, 1, 1, 1, 1, 1, 1, 1, 1, 1, 1, 1, 1, 1, 1, 1, 1, 1, 1, 1, 1, 1, 1, 1, 1, 1, 1, 1, 1, 1, 1, 1, 1, 1, 1, 1, 1, 1, 1, 1, 1, 1, 1, 1, 1, 1, 1, 1, 1, 1, 1, 1, 1, 1, 1, 1, 1, 1, 1, 1, 1, 1, 1, 1, 1, 1, 1, 1, 1, 1, 1, 1, 1, 1, 1, 1, 1, 1, 1, 1, 1, 1, 1, 1, 1, 1, 1, 1, 1, 1, 1, 1, 1, 1, 1, 1, 1, 1, 1, 1, 1, 1, 1, 1, 1, 1, 1, 1, 1, 1, 1, 1, 1, 1, 1, 1, 1, 1, 1, 1, 1, 1, 1, 1, 1, 1, 1, 1, 1, 1, 1, 1, 1, 1, 1, 1, 1, 1, 1, 1, 1, 1, 1, 1, 1, 1, 1, 1, 1, 1, 1, 1, 1, 1, 1, 1, 1, 1, 1, 1, 1, 1, 1, 1, 1, 1, 1, 1, 1, 1, 1, 1, 1, 1, 1, 1, 1, 1, 1, 1, 1, 1, 1, 1, 1, 1, 1, 1, 1, 1, 1, 1, 1, 1, 1, 1, 1, 1, 1, 1, 1, 1, 1, 1, 1, 1, 1, 1, 1, 1, 1, 1, 1, 1, 1, 1, 1, 1, 1, 1, 1, 1, 1, 1, 1, 1, 1, 1, 1, 1, 1, 1, 1, 1, 1, 1, 1, 1, 1, 1, 1, 1, 1, 1, 1, 1, 1, 1, 1, 1, 1, 1, 1, 1, 1, 1, 1, 1, 1, 1, 1, 1, 1, 1, 1, 1, 1, 1, 1, 1, 1, 1, 1, 1, 1, 1, 1, 1, 1, 1, 1, 1, 1, 1, 1, 1, 1, 1, 1, 1, 1, 1, 1, 1, 1, 1, 1, 1, 1, 1, 1, 1, 1, 1, 1, 1, 1, 1, 1, 1, 1, 1, 1, 1, 1, 1, 1, 1, 1, 1, 1, 1, 1, 1, 1, 1, 1, 1, 1, 1, 1, 1, 1, 1, 1, 1, 1, 1, 1, 1, 1, 1, 1, 1, 1, 1, 1, 1, 1, 1, 1, 1, 1, 1, 1, 1, 1, 1, 1, 1, 1, 1, 1, 1, 1, 1, 1, 1, 1, 1, 1, 1, 1, 1, 1, 1, 1, 1, 1, 1, 1, 1, 1, 1, 1, 1, 1, 1, 1, 1, 1, 1, 1, 1, 1, 1, 1, 1, 1, 1, 1, 1, 1, 1, 1, 1, 1, 1, 1, 1, 1, 1, 1, 1, 1, 1, 1, 1, 1, 1, 1, 1, 1, 1, 1, 1, 1, 1, 1, 1, 1, 1, 1, 1, 1, 1, 1, 1, 1, 1, 1, 1, 1, 1, 1, 1, 1, 1, 1, 1, 1, 1, 1, 1, 1, 1, 1, 1, 1]
dp_list[2, 2, 2, 2, 2, 2, 2, 2, 2, 2, 2, 2, 2, 2, 2, 2, 2, 2, 2, 2, 2, 2, 2, 2, 2, 2, 2, 2, 2, 2, 2, 2, 2, 2, 2, 2, 2, 2, 2, 2, 2, 2, 2, 2, 2, 2, 2, 2, 2, 2, 2, 2, 2, 2, 2, 2, 2, 2, 2, 2, 2, 2, 2, 2, 2, 2, 2, 2, 2, 2, 2, 2, 2, 2, 2, 2, 2, 2, 2, 2, 2, 2, 2, 2, 2, 2, 2, 2, 2, 2, 2, 2, 2, 2, 2, 2, 2, 2, 2, 2, 2, 2, 2, 2, 2, 2, 2, 2, 2, 2, 2, 2, 2, 2, 2, 2, 2, 2, 2, 2, 2, 2, 2, 2, 2, 2, 2, 2, 2, 2, 2, 2, 2, 2, 2, 2, 2, 2, 2, 2, 2, 2, 2, 2, 2, 2, 2, 2, 2, 2, 2, 2, 2, 2, 2, 2, 2, 2, 2, 2, 2, 2, 2, 2, 2, 2, 2, 2, 2, 2, 2, 2, 2, 2, 2, 2, 2, 2, 2, 2, 2, 2, 2, 2, 2, 2, 2, 2, 2, 2, 2, 2, 2, 2, 2, 2, 2, 2, 2, 2, 2, 2, 2, 2, 2, 2, 2, 2, 2, 2, 2, 2, 2, 2, 2, 2, 2, 2, 2, 2, 2, 2, 2, 2, 2, 2, 2, 2, 2, 2, 2, 2, 2, 2, 2, 2, 2, 2, 2, 2, 2, 2, 2, 2, 2, 2, 2, 2, 2, 2, 2, 2, 2, 2, 2, 2, 2, 2, 2, 2, 2, 2, 2, 2, 2, 2, 2, 2, 2, 2, 2, 2, 2, 2, 2, 2, 2, 2, 2, 2, 2, 2, 2, 2, 2, 2, 2, 2, 2, 2, 2, 2, 2, 2, 2, 2, 2, 2, 2, 2, 2, 2, 2, 2, 2, 2, 2, 2, 2, 2, 2, 2, 2, 2, 2, 2, 2, 2, 2, 2, 2, 2, 2, 2, 2, 2, 2, 2, 2, 2, 2, 2, 2, 2, 2, 2, 2, 2, 2, 2, 2, 2, 2, 2, 2, 2, 2, 2, 2, 2, 2, 2, 2, 2, 2, 2, 2, 2, 2, 2, 2, 2, 2, 2, 2, 2, 2, 2, 2, 2, 2, 2, 2, 2, 2, 2, 2, 2, 2, 2, 2, 2, 2, 2, 2, 2, 2, 2, 2, 2, 2, 2, 2, 2, 2, 2, 2, 2, 2, 2, 2, 2, 2, 2, 2, 2, 2, 2, 2, 2, 2, 2, 2, 2, 2, 2, 2, 2, 1, 1, 1, 1, 1, 1, 1, 1, 1, 1, 1, 1, 1, 1, 1, 1, 1, 1, 1, 1, 1, 1, 1, 1, 1, 1, 1, 1, 1, 1, 1, 1, 1, 1, 1, 1, 1, 1, 1, 1, 1, 1, 1, 1, 1, 1, 1, 1, 1, 1, 1, 1, 1, 1, 1, 1, 1, 1, 1, 1, 1, 1, 1, 1, 1, 1, 1, 1, 1, 1, 1, 1, 1, 1, 1, 1, 1, 1, 1, 1, 1, 1, 1, 1, 1, 1, 1, 1, 1, 1, 1, 1, 1, 1, 1, 1, 1, 1, 1, 1, 1, 1, 1, 1, 1, 1, 1, 1, 1, 1, 1, 1, 1, 1, 1, 1, 1, 1, 1, 1, 1, 1, 1, 1, 1, 1, 1, 1, 1, 1, 1, 1, 1, 1, 1, 1, 1, 1, 1, 1, 1, 1, 1, 1, 1, 1, 1, 1, 1, 1, 1, 1, 1, 1, 1, 1, 1, 1, 1, 1, 1, 1, 1, 1, 1, 1, 1, 1, 1, 1, 1, 1, 1, 1, 1, 1, 1, 1, 1, 1, 1, 1, 1, 1, 1, 1, 1, 1, 1, 1, 1, 1, 1, 1, 1, 1, 1, 1, 1, 1, 1, 1, 1, 1, 1, 1, 1, 1, 1, 1, 1, 1, 1, 1, 1, 1, 1, 1, 1, 1, 1, 1, 1, 1, 1, 1, 1, 1, 1, 1, 1, 1, 1, 1, 1, 1, 1, 1, 1, 1, 1, 1, 1, 1, 1, 1, 1, 1, 1, 1, 1, 1, 1, 1, 1, 1, 1, 1, 1, 1, 1, 1, 1, 1, 1, 1, 1, 1, 1, 1, 1, 1, 1, 1, 1, 1, 1, 1, 1, 1, 1, 1, 1, 1, 1, 1, 1, 1, 1, 1, 1, 1, 1, 1, 1, 1, 1, 1, 1, 1, 1, 1, 1, 1, 1, 1, 1, 1, 1, 1, 1, 1, 1, 1, 1, 1, 1, 1, 1, 1, 1, 1, 1, 1, 1, 1, 1, 1, 1, 1, 1, 1, 1, 1, 1, 1, 1, 1, 1, 1, 1, 1, 1, 1, 1, 1, 1, 1, 1, 1, 1, 1, 1, 1, 1, 1, 1, 1, 1, 1, 1, 1, 1, 1, 1, 1, 1, 1, 1, 1, 1, 1, 1, 1, 1, 1, 1, 1, 1, 1, 1, 1, 1, 1, 1, 1, 1, 1, 1, 1, 1, 1, 1, 1, 1, 1, 1, 1, 1, 1, 1, 1, 1, 1, 1, 1, 1, 1, 1, 1, 1, 1, 1, 1, 1, 1, 1]
algo_list[0, 0, 0, 0, 0, 0, 0, 0, 0, 0, 0, 0, 0, 0, 0, 0, 0, 0, 0, 0, 0, 0, 0, 0, 0, 0, 0, 0, 0, 0, 0, 0, 0, 0, 0, 0, 0, 0, 0, 0, 0, 0, 0, 0, 0, 0, 0, 0, 0, 0, 0, 0, 0, 0, 0, 0, 0, 0, 0, 0, 0, 0, 0, 0, 0, 0, 0, 0, 0, 0, 0, 0, 0, 0, 0, 0, 0, 0, 0, 0, 0, 0, 0, 0, 0, 0, 0, 0, 0, 0, 0, 0, 0, 0, 0, 0, 0, 0, 0, 0, 0, 0, 0, 0, 0, 0, 0, 0, 0, 0, 0, 0, 0, 0, 0, 0, 0, 0, 0, 0, 0, 0, 0, 0, 0, 0, 0, 0, 0, 0, 0, 0, 0, 0, 0, 0, 0, 0, 0, 0, 0, 0, 0, 0, 0, 0, 0, 0, 0, 0, 0, 0, 0, 0, 0, 0, 0, 0, 0, 0, 0, 0, 0, 0, 0, 0, 0, 0, 0, 0, 0, 0, 0, 0, 0, 0, 0, 0, 0, 0, 0, 0, 0, 0, 0, 0, 0, 0, 0, 0, 0, 0, 0, 0, 0, 0, 0, 0, 0, 0, 0, 0, 0, 0, 0, 0, 0, 0, 0, 0, 0, 0, 0, 0, 0, 0, 0, 0, 0, 0, 0, 0, 0, 0, 0, 0, 0, 0, 0, 0, 0, 0, 0, 0, 0, 0, 0, 0, 0, 0, 0, 0, 0, 0, 0, 0, 0, 0, 0, 0, 0, 0, 0, 0, 0, 0, 0, 0, 0, 0, 0, 0, 0, 0, 0, 0, 0, 0, 0, 0, 0, 0, 0, 0, 0, 0, 0, 0, 0, 0, 0, 0, 0, 0, 0, 0, 0, 0, 0, 0, 0, 0, 0, 0, 0, 0, 0, 0, 0, 0, 0, 0, 0, 0, 0, 0, 0, 0, 0, 0, 0, 0, 0, 0, 0, 0, 0, 0, 0, 0, 0, 0, 0, 0, 0, 0, 0, 0, 0, 0, 0, 0, 0, 0, 0, 0, 0, 0, 0, 0, 0, 0, 0, 0, 0, 0, 0, 0, 0, 0, 0, 0, 0, 0, 0, 0, 0, 0, 0, 0, 0, 0, 0, 0, 0, 0, 0, 0, 0, 0, 0, 0, 0, 0, 0, 0, 0, 0, 0, 0, 0, 0, 0, 0, 0, 0, 0, 0, 0, 0, 0, 0, 0, 0, 0, 0, 0, 0, 0, 0, 0, 0, 0, 0, 0, 0, 0, 0, 0, 0, 0, 0, 0, 0, 0, 0, 0, 0, 0, 0, 0, 0, 0, 0, 0, 0, 0, 0, 0, 0, 0, 0, 0, 0, 0, 0, 0, 0, 0, 0, 0, 0, 0, 0, 0, 0, 0, 0, 0, 0, 0, 0, 0, 0, 0, 0, 0, 0, 0, 0, 0, 0, 0, 0, 0, 0, 0, 0, 0, 0, 0, 0, 0, 0, 0, 0, 0, 0, 0, 0, 0, 0, 0, 0, 0, 0, 0, 0, 0, 0, 0, 0, 0, 0, 0, 0, 0, 0, 0, 0, 0, 0, 0, 0, 0, 0, 0, 0, 0, 0, 0, 0, 0, 0, 0, 0, 0, 0, 0, 0, 0, 0, 0, 0, 0, 0, 0, 0, 0, 0, 0, 0, 0, 0, 0, 0, 0, 0, 0, 0, 0, 0, 0, 0, 0, 0, 0, 0, 0, 0, 0, 0, 0, 0, 0, 0, 0, 0, 0, 0, 0, 0, 0, 0, 0, 0, 0, 0, 0, 0, 0, 0, 0, 0, 0, 0, 0, 0, 0, 0, 0, 0, 0, 0, 0, 0, 0, 0, 0, 0, 0, 0, 0, 0, 0, 0, 0, 0, 0, 0, 0, 0, 0, 0, 0, 0, 0, 0, 0, 0, 0, 0, 0, 0, 0, 0, 0, 0, 0, 0, 0, 0, 0, 0, 0, 0, 0, 0, 0, 0, 0, 0, 0, 0, 0, 0, 0, 0, 0, 0, 0, 0, 0, 0, 0, 0, 0, 0, 0, 0, 0, 0, 0, 0, 0, 0, 0, 0, 0, 0, 0, 0, 0, 0, 0, 0, 0, 0, 0, 0, 0, 0, 0, 0, 0, 0, 0, 0, 0, 0, 0, 0, 0, 0, 0, 0, 0, 0, 0, 0, 0, 0, 0, 0, 0, 0, 0, 0, 0, 0, 0, 0, 0, 0, 0, 0, 0, 0, 0, 0, 0, 0, 0, 0, 0, 0, 0, 0, 0, 0, 0, 0, 0, 0, 0, 0, 0, 0, 0, 0, 0, 0, 0, 0, 0, 0, 0, 0, 0, 0, 0, 0, 0, 0, 0, 0, 0, 0, 0, 0, 0, 0, 0, 0, 0, 0, 0, 0, 0, 0, 0, 0, 0, 0, 0, 0, 0, 0, 0, 0, 0, 0, 0, 0, 0, 0, 0, 0, 0, 0, 0, 0, 0, 0, 0, 0, 0, 0, 0, 0, 0, 0, 0, 0, 0, 0, 0, 0, 0, 0, 0, 0, 0, 0, 0, 0, 0, 0, 0, 0, 0, 0, 0, 0, 0, 0, 0, 0, 0, 0, 0, 0, 0, 0, 0, 0, 0, 0, 0, 0, 0, 0, 0, 0, 0]

decode|12963.27|45930.05| op = [209, 209, 106, 111, 126, 74]| tp = [1, 1, 1, 1, 1, 1, ] | dp = [2, 2, 1, 1, 1, 1, ] | algo = [0, 0, 0, 0, 0, 0, ] | rc = [4, 0, 0, 0, 0, 0] | gpus = [2, 2, 1, 1, 1, 1] | micro_bs = 4 | time = [12963, 12677, 10375, 10887, 12092, 11613] | memory = [45930, 40813, 34351, 28051, 21382, 8620]
验证解
line465:max stage:0, min stage:2, max_value:12963.271658124833, min_value:10375.828514348887
fix|12934.38|45894.05| op = [208, 209, 107, 111, 126, 74]| tp = [1, 1, 1, 1, 1, 1, ] | dp = [2, 2, 1, 1, 1, 1, ] | algo = [0, 0, 0, 0, 0, 0, ] | rc = [4, 0, 0, 0, 0, 0] | gpus = [2, 2, 1, 1, 1, 1] | micro_bs = 4 | time = [12934, 12679, 10401, 10887, 12092, 11613] | memory = [45894, 40842, 34352, 28051, 21382, 8620]
cv:0.07728687505908276
line465:max stage:0, min stage:2, max_value:12934.383079379197, min_value:10401.077217594711
fix|12912.73|45854.05| op = [207, 209, 108, 111, 126, 74]| tp = [1, 1, 1, 1, 1, 1, ] | dp = [2, 2, 1, 1, 1, 1, ] | algo = [0, 0, 0, 0, 0, 0, ] | rc = [4, 0, 0, 0, 0, 0] | gpus = [2, 2, 1, 1, 1, 1] | micro_bs = 4 | time = [12912, 12712, 10435, 10887, 12092, 11613] | memory = [45854, 40908, 34432, 28051, 21382, 8620]
cv:0.07659497548017162
line465:max stage:0, min stage:2, max_value:12912.728237860678, min_value:10435.55232214548
fix|12889.02|45758.05| op = [206, 209, 109, 111, 126, 74]| tp = [1, 1, 1, 1, 1, 1, ] | dp = [2, 2, 1, 1, 1, 1, ] | algo = [0, 0, 0, 0, 0, 0, ] | rc = [4, 0, 0, 0, 0, 0] | gpus = [2, 2, 1, 1, 1, 1] | micro_bs = 4 | time = [12889, 12714, 10535, 10888, 12092, 11614] | memory = [45758, 40952, 34576, 28051, 21382, 8620]
cv:0.07405371875030396
line465:max stage:0, min stage:2, max_value:12889.019297733372, min_value:10535.567160959597
fix|12830.88|45646.05| op = [205, 209, 110, 111, 126, 74]| tp = [1, 1, 1, 1, 1, 1, ] | dp = [2, 2, 1, 1, 1, 1, ] | algo = [0, 0, 0, 0, 0, 0, ] | rc = [4, 0, 0, 0, 0, 0] | gpus = [2, 2, 1, 1, 1, 1] | micro_bs = 4 | time = [12830, 12708, 10580, 10887, 12092, 11613] | memory = [45646, 40908, 34704, 28051, 21382, 8620]
cv:0.07205802668990424
line465:max stage:0, min stage:2, max_value:12830.877937715863, min_value:10580.124302085576
fix|12804.85|45621.86| op = [204, 209, 111, 111, 126, 74]| tp = [1, 1, 1, 1, 1, 1, ] | dp = [2, 2, 1, 1, 1, 1, ] | algo = [0, 0, 0, 0, 0, 0, ] | rc = [4, 0, 0, 0, 0, 0] | gpus = [2, 2, 1, 1, 1, 1] | micro_bs = 4 | time = [12804, 12678, 10610, 10887, 12092, 11613] | memory = [45621, 40813, 34752, 28051, 21382, 8620]
cv:0.07056200885209646
line465:max stage:0, min stage:2, max_value:12804.849991124831, min_value:10610.234602348884
fix|12776.28|45585.86| op = [203, 209, 112, 111, 126, 74]| tp = [1, 1, 1, 1, 1, 1, ] | dp = [2, 2, 1, 1, 1, 1, ] | algo = [0, 0, 0, 0, 0, 0, ] | rc = [4, 0, 0, 0, 0, 0] | gpus = [2, 2, 1, 1, 1, 1] | micro_bs = 4 | time = [12776, 12679, 10635, 10887, 12092, 11613] | memory = [45585, 40842, 34752, 28051, 21382, 8620]
cv:0.06957935315252414
line465:max stage:0, min stage:2, max_value:12776.279863379194, min_value:10635.74081159471
fix|12740.35|45557.86| op = [202, 209, 113, 111, 126, 74]| tp = [1, 1, 1, 1, 1, 1, ] | dp = [2, 2, 1, 1, 1, 1, ] | algo = [0, 0, 0, 0, 0, 0, ] | rc = [4, 0, 0, 0, 0, 0] | gpus = [2, 2, 1, 1, 1, 1] | micro_bs = 4 | time = [12740, 12686, 10669, 10887, 12092, 11613] | memory = [45557, 40836, 34832, 28051, 21382, 8620]
cv:0.06841408357618939
line465:max stage:0, min stage:2, max_value:12740.34512085573, min_value:10669.589773841939
fix|12898.81|45533.86| op = [201, 209, 114, 111, 126, 74]| tp = [1, 1, 1, 1, 1, 1, ] | dp = [2, 2, 1, 1, 1, 1, ] | algo = [0, 0, 0, 0, 0, 0, ] | rc = [4, 0, 0, 0, 0, 0] | gpus = [2, 2, 1, 1, 1, 1] | micro_bs = 4 | time = [12746, 12898, 10701, 10888, 12093, 11614] | memory = [45533, 41472, 34868, 28051, 21382, 8620]
cv:0.07122916759538392
line465:max stage:1, min stage:2, max_value:12898.809959796039, min_value:10701.715965881123
fix|12905.31|45533.86| op = [201, 208, 115, 111, 126, 74]| tp = [1, 1, 1, 1, 1, 1, ] | dp = [2, 2, 1, 1, 1, 1, ] | algo = [0, 0, 0, 0, 0, 0, ] | rc = [4, 0, 0, 0, 0, 0] | gpus = [2, 2, 1, 1, 1, 1] | micro_bs = 4 | time = [12747, 12905, 11144, 10890, 12095, 11616] | memory = [45533, 41452, 35924, 28051, 21382, 8620]
cv:0.06361110533386412
line465:max stage:1, min stage:3, max_value:12905.308095497132, min_value:10890.572708179188
fix|12791.69|45533.86| op = [201, 207, 115, 112, 126, 74]| tp = [1, 1, 1, 1, 1, 1, ] | dp = [2, 2, 1, 1, 1, 1, ] | algo = [0, 0, 0, 0, 0, 0, ] | rc = [4, 0, 0, 0, 0, 0] | gpus = [2, 2, 1, 1, 1, 1] | micro_bs = 4 | time = [12746, 12791, 10942, 10821, 12093, 11615] | memory = [45533, 40012, 37204, 28099, 21382, 8620]
cv:0.06622105600461779
line465:max stage:1, min stage:3, max_value:12791.686390112625, min_value:10821.558103770023
fix|12746.55|45533.86| op = [201, 206, 115, 113, 126, 74]| tp = [1, 1, 1, 1, 1, 1, ] | dp = [2, 2, 1, 1, 1, 1, ] | algo = [0, 0, 0, 0, 0, 0, ] | rc = [4, 0, 0, 0, 0, 0] | gpus = [2, 2, 1, 1, 1, 1] | micro_bs = 4 | time = [12746, 12693, 11024, 10896, 12094, 11615] | memory = [45533, 40012, 37096, 28135, 21382, 8620]
cv:0.06185480521145162
line465:max stage:0, min stage:3, max_value:12746.552266508605, min_value:10896.596284242216
fix|12562.77|46973.86| op = [200, 206, 115, 114, 126, 74]| tp = [1, 1, 1, 1, 1, 1, ] | dp = [2, 2, 1, 1, 1, 1, ] | algo = [0, 0, 0, 0, 0, 0, ] | rc = [0, 0, 0, 0, 0, 0] | gpus = [2, 2, 1, 1, 1, 1] | micro_bs = 4 | time = [12447, 12562, 10917, 10919, 12092, 11613] | memory = [46973, 40812, 37128, 28135, 21382, 8620]
cv:0.05666668743142165
line465:max stage:1, min stage:2, max_value:12562.768143723504, min_value:10917.435931925978
fix|12491.02|46973.86| op = [200, 205, 116, 114, 126, 74]| tp = [1, 1, 1, 1, 1, 1, ] | dp = [2, 2, 1, 1, 1, 1, ] | algo = [0, 0, 0, 0, 0, 0, ] | rc = [0, 0, 0, 0, 0, 0] | gpus = [2, 2, 1, 1, 1, 1] | micro_bs = 4 | time = [12447, 12491, 10992, 10919, 12092, 11613] | memory = [46973, 40740, 37172, 28135, 21382, 8620]
cv:0.054157070636563706
line465:max stage:1, min stage:3, max_value:12491.021172177523, min_value:10919.879815703456
fix|12465.21|46973.86| op = [200, 204, 116, 115, 126, 74]| tp = [1, 1, 1, 1, 1, 1, ] | dp = [2, 2, 1, 1, 1, 1, ] | algo = [0, 0, 0, 0, 0, 0, ] | rc = [0, 0, 0, 0, 0, 0] | gpus = [2, 2, 1, 1, 1, 1] | micro_bs = 4 | time = [12447, 12465, 10995, 10954, 12092, 11613] | memory = [46973, 40720, 37124, 28195, 21382, 8620]
cv:0.053040885140573965
line465:max stage:1, min stage:3, max_value:12465.214669408437, min_value:10954.222012937078
fix|12447.38|46973.86| op = [200, 203, 116, 116, 126, 74]| tp = [1, 1, 1, 1, 1, 1, ] | dp = [2, 2, 1, 1, 1, 1, ] | algo = [0, 0, 0, 0, 0, 0, ] | rc = [0, 0, 0, 0, 0, 0] | gpus = [2, 2, 1, 1, 1, 1] | micro_bs = 4 | time = [12447, 12436, 10999, 11054, 12092, 11613] | memory = [46973, 40690, 37156, 28307, 21382, 8620]
cv:0.05070140710634697
line465:max stage:0, min stage:2, max_value:12447.375601384168, min_value:10999.128593765407
fix|12513.18|46973.86| op = [199, 203, 117, 116, 126, 74]| tp = [1, 1, 1, 1, 1, 1, ] | dp = [2, 2, 1, 1, 1, 1, ] | algo = [0, 0, 0, 0, 0, 0, ] | rc = [0, 0, 0, 0, 0, 0] | gpus = [2, 2, 1, 1, 1, 1] | micro_bs = 4 | time = [12349, 12513, 11099, 11054, 12092, 11614] | memory = [46973, 40654, 37300, 28307, 21382, 8620]
cv:0.048697876778592844
line465:max stage:1, min stage:3, max_value:12513.180783155996, min_value:11054.527595940644
fix|12489.25|46973.86| op = [199, 202, 117, 117, 126, 74]| tp = [1, 1, 1, 1, 1, 1, ] | dp = [2, 2, 1, 1, 1, 1, ] | algo = [0, 0, 0, 0, 0, 0, ] | rc = [0, 0, 0, 0, 0, 0] | gpus = [2, 2, 1, 1, 1, 1] | micro_bs = 4 | time = [12349, 12489, 11099, 11099, 12092, 11614] | memory = [46973, 40574, 37300, 28403, 21382, 8620]
cv:0.04746388275787259
line465:max stage:1, min stage:2, max_value:12489.247268623783, min_value:11099.242289506965
fix|12431.07|46973.86| op = [199, 201, 118, 117, 126, 74]| tp = [1, 1, 1, 1, 1, 1, ] | dp = [2, 2, 1, 1, 1, 1, ] | algo = [0, 0, 0, 0, 0, 0, ] | rc = [0, 0, 0, 0, 0, 0] | gpus = [2, 2, 1, 1, 1, 1] | micro_bs = 4 | time = [12349, 12431, 11129, 11099, 12092, 11613] | memory = [46973, 40478, 37348, 28403, 21382, 8620]
cv:0.04595824450352399
line465:max stage:1, min stage:3, max_value:12431.073308359722, min_value:11099.133067616085
fix|12404.88|46973.86| op = [199, 200, 118, 118, 126, 74]| tp = [1, 1, 1, 1, 1, 1, ] | dp = [2, 2, 1, 1, 1, 1, ] | algo = [0, 0, 0, 0, 0, 0, ] | rc = [0, 0, 0, 0, 0, 0] | gpus = [2, 2, 1, 1, 1, 1] | micro_bs = 4 | time = [12349, 12404, 11055, 11129, 12092, 11613] | memory = [46973, 40458, 37204, 28443, 21382, 8620]
cv:0.04636517013546205
line465:max stage:1, min stage:2, max_value:12404.87689605614, min_value:11055.59981643641
fix|12376.34|46973.86| op = [199, 199, 119, 118, 126, 74]| tp = [1, 1, 1, 1, 1, 1, ] | dp = [2, 2, 1, 1, 1, 1, ] | algo = [0, 0, 0, 0, 0, 0, ] | rc = [0, 0, 0, 0, 0, 0] | gpus = [2, 2, 1, 1, 1, 1] | micro_bs = 4 | time = [12349, 12376, 11089, 11129, 12092, 11613] | memory = [46973, 40428, 37284, 28443, 21382, 8620]
cv:0.04527697487337585
line465:max stage:1, min stage:2, max_value:12376.335348745217, min_value:11089.448827392844
fix|12349.30|46973.86| op = [199, 198, 120, 118, 126, 74]| tp = [1, 1, 1, 1, 1, 1, ] | dp = [2, 2, 1, 1, 1, 1, ] | algo = [0, 0, 0, 0, 0, 0, ] | rc = [0, 0, 0, 0, 0, 0] | gpus = [2, 2, 1, 1, 1, 1] | micro_bs = 4 | time = [12349, 12340, 11120, 11129, 12092, 11613] | memory = [46973, 40404, 37320, 28443, 21382, 8620]
cv:0.044154989156975
line465:max stage:0, min stage:2, max_value:12349.300017011994, min_value:11120.58650094415
fix|12347.29|46205.86| op = [198, 198, 121, 118, 126, 74]| tp = [1, 1, 1, 1, 1, 1, ] | dp = [2, 2, 1, 1, 1, 1, ] | algo = [0, 0, 0, 0, 0, 0, ] | rc = [0, 0, 0, 0, 0, 0] | gpus = [2, 2, 1, 1, 1, 1] | micro_bs = 4 | time = [12108, 12347, 11562, 11129, 12093, 11614] | memory = [46205, 40424, 38376, 28443, 21382, 8620]
cv:0.03492167732287655
line465:max stage:1, min stage:3, max_value:12347.287429341573, min_value:11129.883347867504
fix|12235.54|46205.86| op = [198, 197, 121, 119, 126, 74]| tp = [1, 1, 1, 1, 1, 1, ] | dp = [2, 2, 1, 1, 1, 1, ] | algo = [0, 0, 0, 0, 0, 0, ] | rc = [0, 0, 0, 0, 0, 0] | gpus = [2, 2, 1, 1, 1, 1] | micro_bs = 4 | time = [12109, 12235, 11745, 11155, 12093, 11614] | memory = [46205, 38984, 40648, 28443, 21382, 8620]
cv:0.03125754244483395
line465:max stage:1, min stage:3, max_value:12235.535391228404, min_value:11155.775832825359
fix|12137.86|46205.86| op = [198, 196, 121, 120, 126, 74]| tp = [1, 1, 1, 1, 1, 1, ] | dp = [2, 2, 1, 1, 1, 1, ] | algo = [0, 0, 0, 0, 0, 0, ] | rc = [0, 0, 0, 0, 0, 0] | gpus = [2, 2, 1, 1, 1, 1] | micro_bs = 4 | time = [12109, 12137, 11914, 11190, 12094, 11615] | memory = [46205, 38984, 40600, 28503, 21382, 8620]
cv:0.02892997420595175
line465:max stage:1, min stage:3, max_value:12137.858996693869, min_value:11190.010997637744
fix|12108.47|46205.86| op = [198, 195, 121, 121, 126, 74]| tp = [1, 1, 1, 1, 1, 1, ] | dp = [2, 2, 1, 1, 1, 1, ] | algo = [0, 0, 0, 0, 0, 0, ] | rc = [0, 0, 0, 0, 0, 0] | gpus = [2, 2, 1, 1, 1, 1] | micro_bs = 4 | time = [12108, 11895, 11814, 11219, 12092, 11614] | memory = [46205, 38344, 40628, 28531, 21382, 8620]
cv:0.02592731614839492
line465:max stage:0, min stage:3, max_value:12108.470749978784, min_value:11219.956742987893
fix|12094.86|46121.86| op = [197, 195, 121, 122, 126, 74]| tp = [1, 1, 1, 1, 1, 1, ] | dp = [2, 2, 1, 1, 1, 1, ] | algo = [0, 0, 0, 0, 0, 0, ] | rc = [0, 0, 0, 0, 0, 0] | gpus = [2, 2, 1, 1, 1, 1] | micro_bs = 4 | time = [12038, 11885, 11971, 11662, 12094, 11616] | memory = [46121, 38304, 40640, 29323, 21382, 8620]
cv:0.015241194382821935
line465:max stage:4, min stage:5, max_value:12094.85704976307, min_value:11616.095718871904
fix|12177.81|46121.86| op = [197, 195, 121, 122, 125, 75]| tp = [1, 1, 1, 1, 1, 1, ] | dp = [2, 2, 1, 1, 1, 1, ] | algo = [0, 0, 0, 0, 0, 0, ] | rc = [0, 0, 0, 0, 0, 0] | gpus = [2, 2, 1, 1, 1, 1] | micro_bs = 4 | time = [12040, 11887, 11973, 11664, 12177, 12058] | memory = [46121, 38304, 40640, 29323, 21366, 8884]
best|12094.86|46121.86| op = [197, 195, 121, 122, 126, 74]| tp = [1, 1, 1, 1, 1, 1, ] | dp = [2, 2, 1, 1, 1, 1, ] | algo = [0, 0, 0, 0, 0, 0, ] | rc = [0, 0, 0, 0, 0, 0] | gpus = [2, 2, 1, 1, 1, 1] | micro_bs = 4 | time = [12038, 11885, 11971, 11662, 12094, 11616] | memory = [46121, 38304, 40640, 29323, 21382, 8620]
line146:config.memory_list:[46121.86199999999, 38304.649999999994, 40640.46399999999, 29323.533999999992, 21382.363999999998, 8620.845999999998]
line147:config.time_list:[12038.721629824982, 11885.21717710368, 11971.865760393246, 11662.743549194694, 12094.85704976307, 11616.095718871904]
求解成功
config has been saved to /home/liminglong.lml/sxz/SuperScaler/logs-large/aceso/configs/scale-layer/64layers/scale-layer_64layers_6stages_2026-5-15-12-57-57.json

========== Best Result (num_stages = 6) ==========
|12094.86|46121.86| op = [197, 195, 121, 122, 126, 74]| tp = [1, 1, 1, 1, 1, 1, ] | dp = [2, 2, 1, 1, 1, 1, ] | algo = [0, 0, 0, 0, 0, 0, ] | rc = [0, 0, 0, 0, 0, 0] | gpus = [2, 2, 1, 1, 1, 1] | micro_bs = 4 | time = [12038, 11885, 11971, 11662, 12094, 11616] | memory = [46121, 38304, 40640, 29323, 21382, 8620]
start|14296.79|44518.00| op = [209, 209, 104, 104, 104, 105]| tp = [1, 1, 1, 1, 1, 1, ] | dp = [2, 2, 1, 1, 1, 1, ] | algo = [0, 0, 0, 0, 0, 0, ] | rc = [32, 32, 14, 4, 0, 0] | gpus = [2, 2, 1, 1, 1, 1] | micro_bs = 8 | time = [11466, 11407, 10610, 9755, 9413, 14296] | memory = [42292, 35354, 34952, 44518, 34500, 22338]
fix|14232.85|44518.00| op = [209, 209, 104, 104, 105, 104]| tp = [1, 1, 1, 1, 1, 1, ] | dp = [2, 2, 1, 1, 1, 1, ] | algo = [0, 0, 0, 0, 0, 0, ] | rc = [32, 32, 14, 4, 0, 0] | gpus = [2, 2, 1, 1, 1, 1] | micro_bs = 8 | time = [11467, 11407, 10610, 9755, 9512, 14232] | memory = [42292, 35354, 34952, 44518, 34608, 22310]
fix|14310.65|44518.00| op = [209, 209, 104, 104, 106, 103]| tp = [1, 1, 1, 1, 1, 1, ] | dp = [2, 2, 1, 1, 1, 1, ] | algo = [0, 0, 0, 0, 0, 0, ] | rc = [32, 32, 14, 4, 0, 0] | gpus = [2, 2, 1, 1, 1, 1] | micro_bs = 8 | time = [11471, 11411, 10614, 9759, 9931, 14310] | memory = [42292, 35354, 34952, 44518, 35632, 22278]
fix|14125.43|44674.00| op = [209, 209, 104, 105, 106, 102]| tp = [1, 1, 1, 1, 1, 1, ] | dp = [2, 2, 1, 1, 1, 1, ] | algo = [0, 0, 0, 0, 0, 0, ] | rc = [32, 32, 14, 4, 0, 0] | gpus = [2, 2, 1, 1, 1, 1] | micro_bs = 8 | time = [11471, 11411, 10615, 9858, 10053, 14125] | memory = [42292, 35354, 34952, 44674, 35588, 22278]
fix|13914.27|42754.00| op = [209, 209, 104, 106, 106, 101]| tp = [1, 1, 1, 1, 1, 1, ] | dp = [2, 2, 1, 1, 1, 1, ] | algo = [0, 0, 0, 0, 0, 0, ] | rc = [32, 32, 14, 6, 0, 0] | gpus = [2, 2, 1, 1, 1, 1] | micro_bs = 8 | time = [11476, 11416, 10620, 10450, 10348, 13914] | memory = [42292, 35354, 34952, 42754, 37828, 21126]
fix|13474.89|42754.00| op = [209, 209, 104, 106, 107, 100]| tp = [1, 1, 1, 1, 1, 1, ] | dp = [2, 2, 1, 1, 1, 1, ] | algo = [0, 0, 0, 0, 0, 0, ] | rc = [32, 32, 14, 6, 0, 0] | gpus = [2, 2, 1, 1, 1, 1] | micro_bs = 8 | time = [11472, 11412, 10616, 10446, 10255, 13474] | memory = [42292, 35354, 34952, 42754, 37860, 20598]
fix|13450.81|42754.00| op = [209, 209, 104, 106, 108, 99]| tp = [1, 1, 1, 1, 1, 1, ] | dp = [2, 2, 1, 1, 1, 1, ] | algo = [0, 0, 0, 0, 0, 0, ] | rc = [32, 32, 14, 6, 0, 0] | gpus = [2, 2, 1, 1, 1, 1] | micro_bs = 8 | time = [11472, 11412, 10616, 10446, 10279, 13450] | memory = [42292, 35354, 34952, 42754, 37896, 20578]
fix|13422.73|42754.00| op = [209, 209, 104, 106, 109, 98]| tp = [1, 1, 1, 1, 1, 1, ] | dp = [2, 2, 1, 1, 1, 1, ] | algo = [0, 0, 0, 0, 0, 0, ] | rc = [32, 32, 14, 6, 0, 0] | gpus = [2, 2, 1, 1, 1, 1] | micro_bs = 8 | time = [11472, 11412, 10615, 10445, 10291, 13422] | memory = [42292, 35354, 34952, 42754, 37944, 20538]
fix|13403.45|42754.00| op = [209, 209, 104, 106, 110, 97]| tp = [1, 1, 1, 1, 1, 1, ] | dp = [2, 2, 1, 1, 1, 1, ] | algo = [0, 0, 0, 0, 0, 0, ] | rc = [32, 32, 14, 6, 0, 0] | gpus = [2, 2, 1, 1, 1, 1] | micro_bs = 8 | time = [11472, 11412, 10616, 10446, 10327, 13403] | memory = [42292, 35354, 34952, 42754, 37976, 20538]
fix|13373.28|42754.00| op = [209, 209, 104, 106, 111, 96]| tp = [1, 1, 1, 1, 1, 1, ] | dp = [2, 2, 1, 1, 1, 1, ] | algo = [0, 0, 0, 0, 0, 0, ] | rc = [32, 32, 14, 6, 0, 0] | gpus = [2, 2, 1, 1, 1, 1] | micro_bs = 8 | time = [11472, 11412, 10616, 10446, 10419, 13373] | memory = [42292, 35354, 34952, 42754, 38120, 20506]
fix|13332.30|42754.00| op = [209, 209, 104, 106, 112, 95]| tp = [1, 1, 1, 1, 1, 1, ] | dp = [2, 2, 1, 1, 1, 1, ] | algo = [0, 0, 0, 0, 0, 0, ] | rc = [32, 32, 14, 6, 0, 0] | gpus = [2, 2, 1, 1, 1, 1] | micro_bs = 8 | time = [11472, 11412, 10616, 10446, 10460, 13332] | memory = [42292, 35354, 34952, 42754, 38248, 20442]
fix|13244.54|42754.00| op = [209, 209, 104, 107, 112, 94]| tp = [1, 1, 1, 1, 1, 1, ] | dp = [2, 2, 1, 1, 1, 1, ] | algo = [0, 0, 0, 0, 0, 0, ] | rc = [32, 32, 14, 6, 0, 0] | gpus = [2, 2, 1, 1, 1, 1] | micro_bs = 8 | time = [11472, 11412, 10616, 10631, 10300, 13244] | memory = [42292, 35354, 34952, 42754, 38296, 20362]
fix|13216.54|42754.00| op = [209, 209, 104, 107, 113, 93]| tp = [1, 1, 1, 1, 1, 1, ] | dp = [2, 2, 1, 1, 1, 1, ] | algo = [0, 0, 0, 0, 0, 0, ] | rc = [32, 32, 14, 6, 0, 0] | gpus = [2, 2, 1, 1, 1, 1] | micro_bs = 8 | time = [11472, 11412, 10615, 10631, 10312, 13216] | memory = [42292, 35354, 34952, 42754, 38344, 20322]
fix|13197.51|42754.00| op = [209, 209, 104, 107, 114, 92]| tp = [1, 1, 1, 1, 1, 1, ] | dp = [2, 2, 1, 1, 1, 1, ] | algo = [0, 0, 0, 0, 0, 0, ] | rc = [32, 32, 14, 6, 0, 0] | gpus = [2, 2, 1, 1, 1, 1] | micro_bs = 8 | time = [11472, 11412, 10616, 10631, 10347, 13197] | memory = [42292, 35354, 34952, 42754, 38376, 20321]
fix|13133.57|42754.00| op = [209, 209, 104, 107, 115, 91]| tp = [1, 1, 1, 1, 1, 1, ] | dp = [2, 2, 1, 1, 1, 1, ] | algo = [0, 0, 0, 0, 0, 0, ] | rc = [32, 32, 14, 6, 0, 0] | gpus = [2, 2, 1, 1, 1, 1] | micro_bs = 8 | time = [11472, 11412, 10616, 10631, 10446, 13133] | memory = [42292, 35354, 34952, 42754, 38484, 20293]
fix|13211.37|42754.00| op = [209, 209, 104, 107, 116, 90]| tp = [1, 1, 1, 1, 1, 1, ] | dp = [2, 2, 1, 1, 1, 1, ] | algo = [0, 0, 0, 0, 0, 0, ] | rc = [32, 32, 14, 6, 0, 0] | gpus = [2, 2, 1, 1, 1, 1] | micro_bs = 8 | time = [11476, 11416, 10620, 10635, 10866, 13211] | memory = [42292, 35354, 34952, 42754, 39508, 20261]
fix|13027.49|42694.00| op = [209, 209, 105, 107, 116, 89]| tp = [1, 1, 1, 1, 1, 1, ] | dp = [2, 2, 1, 1, 1, 1, ] | algo = [0, 0, 0, 0, 0, 0, ] | rc = [32, 32, 14, 8, 0, 0] | gpus = [2, 2, 1, 1, 1, 1] | micro_bs = 8 | time = [11478, 11418, 10720, 10960, 10836, 13027] | memory = [42292, 35354, 35156, 42694, 37204, 20261]
fix|12810.86|42646.00| op = [209, 209, 106, 107, 116, 88]| tp = [1, 1, 1, 1, 1, 1, ] | dp = [2, 2, 1, 1, 1, 1, ] | algo = [0, 0, 0, 0, 0, 0, ] | rc = [32, 32, 14, 8, 0, 0] | gpus = [2, 2, 1, 1, 1, 1] | micro_bs = 8 | time = [11477, 11417, 11135, 10945, 10617, 12810] | memory = [42292, 35354, 37204, 42646, 38452, 19109]
fix|12371.48|42646.00| op = [209, 209, 106, 107, 117, 87]| tp = [1, 1, 1, 1, 1, 1, ] | dp = [2, 2, 1, 1, 1, 1, ] | algo = [0, 0, 0, 0, 0, 0, ] | rc = [32, 32, 14, 8, 0, 0] | gpus = [2, 2, 1, 1, 1, 1] | micro_bs = 8 | time = [11473, 11413, 11131, 10941, 10524, 12371] | memory = [42292, 35354, 37204, 42646, 38484, 18581]
fix|12347.40|42646.00| op = [209, 209, 106, 107, 118, 86]| tp = [1, 1, 1, 1, 1, 1, ] | dp = [2, 2, 1, 1, 1, 1, ] | algo = [0, 0, 0, 0, 0, 0, ] | rc = [32, 32, 14, 8, 0, 0] | gpus = [2, 2, 1, 1, 1, 1] | micro_bs = 8 | time = [11473, 11413, 11131, 10941, 10548, 12347] | memory = [42292, 35354, 37204, 42646, 38520, 18561]
fix|12319.32|42646.00| op = [209, 209, 106, 107, 119, 85]| tp = [1, 1, 1, 1, 1, 1, ] | dp = [2, 2, 1, 1, 1, 1, ] | algo = [0, 0, 0, 0, 0, 0, ] | rc = [32, 32, 14, 8, 0, 0] | gpus = [2, 2, 1, 1, 1, 1] | micro_bs = 8 | time = [11473, 11413, 11131, 10941, 10560, 12319] | memory = [42292, 35354, 37204, 42646, 38568, 18521]
fix|12300.04|42646.00| op = [209, 209, 106, 107, 120, 84]| tp = [1, 1, 1, 1, 1, 1, ] | dp = [2, 2, 1, 1, 1, 1, ] | algo = [0, 0, 0, 0, 0, 0, ] | rc = [32, 32, 14, 8, 0, 0] | gpus = [2, 2, 1, 1, 1, 1] | micro_bs = 8 | time = [11473, 11413, 11131, 10941, 10596, 12300] | memory = [42292, 35354, 37204, 42646, 38600, 18521]
fix|12269.87|42646.00| op = [209, 209, 106, 107, 121, 83]| tp = [1, 1, 1, 1, 1, 1, ] | dp = [2, 2, 1, 1, 1, 1, ] | algo = [0, 0, 0, 0, 0, 0, ] | rc = [32, 32, 14, 8, 0, 0] | gpus = [2, 2, 1, 1, 1, 1] | micro_bs = 8 | time = [11474, 11414, 11132, 10941, 10688, 12269] | memory = [42292, 35354, 37204, 42646, 38744, 18489]
fix|12228.89|42646.00| op = [209, 209, 106, 107, 122, 82]| tp = [1, 1, 1, 1, 1, 1, ] | dp = [2, 2, 1, 1, 1, 1, ] | algo = [0, 0, 0, 0, 0, 0, ] | rc = [32, 32, 14, 8, 0, 0] | gpus = [2, 2, 1, 1, 1, 1] | micro_bs = 8 | time = [11474, 11414, 11132, 10941, 10729, 12228] | memory = [42292, 35354, 37204, 42646, 38872, 18425]
fix|12141.13|42646.00| op = [209, 209, 106, 107, 123, 81]| tp = [1, 1, 1, 1, 1, 1, ] | dp = [2, 2, 1, 1, 1, 1, ] | algo = [0, 0, 0, 0, 0, 0, ] | rc = [32, 32, 14, 8, 0, 0] | gpus = [2, 2, 1, 1, 1, 1] | micro_bs = 8 | time = [11473, 11413, 11131, 10941, 10755, 12141] | memory = [42292, 35354, 37204, 42646, 38920, 18345]
fix|12113.13|42646.00| op = [209, 209, 106, 107, 124, 80]| tp = [1, 1, 1, 1, 1, 1, ] | dp = [2, 2, 1, 1, 1, 1, ] | algo = [0, 0, 0, 0, 0, 0, ] | rc = [32, 32, 14, 8, 0, 0] | gpus = [2, 2, 1, 1, 1, 1] | micro_bs = 8 | time = [11473, 11413, 11131, 10941, 10766, 12113] | memory = [42292, 35354, 37204, 42646, 38968, 18305]
fix|12094.10|42646.00| op = [209, 209, 106, 107, 125, 79]| tp = [1, 1, 1, 1, 1, 1, ] | dp = [2, 2, 1, 1, 1, 1, ] | algo = [0, 0, 0, 0, 0, 0, ] | rc = [32, 32, 14, 8, 0, 0] | gpus = [2, 2, 1, 1, 1, 1] | micro_bs = 8 | time = [11473, 11413, 11131, 10941, 10802, 12094] | memory = [42292, 35354, 37204, 42646, 39001, 18305]
fix|12030.16|42646.00| op = [209, 209, 106, 107, 126, 78]| tp = [1, 1, 1, 1, 1, 1, ] | dp = [2, 2, 1, 1, 1, 1, ] | algo = [0, 0, 0, 0, 0, 0, ] | rc = [32, 32, 14, 8, 0, 0] | gpus = [2, 2, 1, 1, 1, 1] | micro_bs = 8 | time = [11474, 11414, 11131, 10941, 10901, 12030] | memory = [42292, 35354, 37204, 42646, 39109, 18277]
fix|12107.96|42646.00| op = [209, 209, 106, 107, 127, 77]| tp = [1, 1, 1, 1, 1, 1, ] | dp = [2, 2, 1, 1, 1, 1, ] | algo = [0, 0, 0, 0, 0, 0, ] | rc = [32, 32, 14, 8, 0, 0] | gpus = [2, 2, 1, 1, 1, 1] | micro_bs = 8 | time = [11477, 11417, 11135, 10945, 11320, 12107] | memory = [42292, 35354, 37204, 42646, 40133, 18245]
fix|11922.47|42698.00| op = [209, 209, 106, 108, 127, 76]| tp = [1, 1, 1, 1, 1, 1, ] | dp = [2, 2, 1, 1, 1, 1, ] | algo = [0, 0, 0, 0, 0, 0, ] | rc = [32, 32, 14, 8, 0, 0] | gpus = [2, 2, 1, 1, 1, 1] | micro_bs = 8 | time = [11477, 11417, 11135, 10969, 11482, 11922] | memory = [42292, 35354, 37204, 42698, 40097, 18245]
fix|11705.97|42770.00| op = [209, 209, 106, 109, 127, 75]| tp = [1, 1, 1, 1, 1, 1, ] | dp = [2, 2, 1, 1, 1, 1, ] | algo = [0, 0, 0, 0, 0, 0, ] | rc = [32, 32, 14, 8, 0, 0] | gpus = [2, 2, 1, 1, 1, 1] | micro_bs = 8 | time = [11477, 11417, 11135, 10981, 11670, 11705] | memory = [42292, 35354, 37204, 42770, 42321, 17093]
fix|11558.20|42818.38| op = [209, 209, 106, 110, 127, 74]| tp = [1, 1, 1, 1, 1, 1, ] | dp = [2, 2, 1, 1, 1, 1, ] | algo = [0, 0, 0, 0, 0, 0, ] | rc = [32, 32, 14, 8, 0, 0] | gpus = [2, 2, 1, 1, 1, 1] | micro_bs = 8 | time = [11473, 11413, 11131, 11012, 11558, 11266] | memory = [42292, 35354, 37204, 42818, 42352, 16565]
fix|11528.03|43026.38| op = [209, 209, 106, 111, 126, 74]| tp = [1, 1, 1, 1, 1, 1, ] | dp = [2, 2, 1, 1, 1, 1, ] | algo = [0, 0, 0, 0, 0, 0, ] | rc = [32, 32, 14, 8, 0, 0] | gpus = [2, 2, 1, 1, 1, 1] | micro_bs = 8 | time = [11474, 11414, 11132, 11104, 11528, 11267] | memory = [42292, 35354, 37204, 43026, 42304, 16565]
best|11528.03|43026.38| op = [209, 209, 106, 111, 126, 74]| tp = [1, 1, 1, 1, 1, 1, ] | dp = [2, 2, 1, 1, 1, 1, ] | algo = [0, 0, 0, 0, 0, 0, ] | rc = [32, 32, 14, 8, 0, 0] | gpus = [2, 2, 1, 1, 1, 1] | micro_bs = 8 | time = [11474, 11414, 11132, 11104, 11528, 11267] | memory = [42292, 35354, 37204, 43026, 42304, 16565]
decode|12963.27|45930.05| op = [209, 209, 106, 111, 126, 74]| tp = [1, 1, 1, 1, 1, 1, ] | dp = [2, 2, 1, 1, 1, 1, ] | algo = [0, 0, 0, 0, 0, 0, ] | rc = [4, 0, 0, 0, 0, 0] | gpus = [2, 2, 1, 1, 1, 1] | micro_bs = 4 | time = [12963, 12677, 10375, 10887, 12092, 11613] | memory = [45930, 40813, 34351, 28051, 21382, 8620]
fix|12934.38|45894.05| op = [208, 209, 107, 111, 126, 74]| tp = [1, 1, 1, 1, 1, 1, ] | dp = [2, 2, 1, 1, 1, 1, ] | algo = [0, 0, 0, 0, 0, 0, ] | rc = [4, 0, 0, 0, 0, 0] | gpus = [2, 2, 1, 1, 1, 1] | micro_bs = 4 | time = [12934, 12679, 10401, 10887, 12092, 11613] | memory = [45894, 40842, 34352, 28051, 21382, 8620]
fix|12912.73|45854.05| op = [207, 209, 108, 111, 126, 74]| tp = [1, 1, 1, 1, 1, 1, ] | dp = [2, 2, 1, 1, 1, 1, ] | algo = [0, 0, 0, 0, 0, 0, ] | rc = [4, 0, 0, 0, 0, 0] | gpus = [2, 2, 1, 1, 1, 1] | micro_bs = 4 | time = [12912, 12712, 10435, 10887, 12092, 11613] | memory = [45854, 40908, 34432, 28051, 21382, 8620]
fix|12889.02|45758.05| op = [206, 209, 109, 111, 126, 74]| tp = [1, 1, 1, 1, 1, 1, ] | dp = [2, 2, 1, 1, 1, 1, ] | algo = [0, 0, 0, 0, 0, 0, ] | rc = [4, 0, 0, 0, 0, 0] | gpus = [2, 2, 1, 1, 1, 1] | micro_bs = 4 | time = [12889, 12714, 10535, 10888, 12092, 11614] | memory = [45758, 40952, 34576, 28051, 21382, 8620]
fix|12830.88|45646.05| op = [205, 209, 110, 111, 126, 74]| tp = [1, 1, 1, 1, 1, 1, ] | dp = [2, 2, 1, 1, 1, 1, ] | algo = [0, 0, 0, 0, 0, 0, ] | rc = [4, 0, 0, 0, 0, 0] | gpus = [2, 2, 1, 1, 1, 1] | micro_bs = 4 | time = [12830, 12708, 10580, 10887, 12092, 11613] | memory = [45646, 40908, 34704, 28051, 21382, 8620]
fix|12804.85|45621.86| op = [204, 209, 111, 111, 126, 74]| tp = [1, 1, 1, 1, 1, 1, ] | dp = [2, 2, 1, 1, 1, 1, ] | algo = [0, 0, 0, 0, 0, 0, ] | rc = [4, 0, 0, 0, 0, 0] | gpus = [2, 2, 1, 1, 1, 1] | micro_bs = 4 | time = [12804, 12678, 10610, 10887, 12092, 11613] | memory = [45621, 40813, 34752, 28051, 21382, 8620]
fix|12776.28|45585.86| op = [203, 209, 112, 111, 126, 74]| tp = [1, 1, 1, 1, 1, 1, ] | dp = [2, 2, 1, 1, 1, 1, ] | algo = [0, 0, 0, 0, 0, 0, ] | rc = [4, 0, 0, 0, 0, 0] | gpus = [2, 2, 1, 1, 1, 1] | micro_bs = 4 | time = [12776, 12679, 10635, 10887, 12092, 11613] | memory = [45585, 40842, 34752, 28051, 21382, 8620]
fix|12740.35|45557.86| op = [202, 209, 113, 111, 126, 74]| tp = [1, 1, 1, 1, 1, 1, ] | dp = [2, 2, 1, 1, 1, 1, ] | algo = [0, 0, 0, 0, 0, 0, ] | rc = [4, 0, 0, 0, 0, 0] | gpus = [2, 2, 1, 1, 1, 1] | micro_bs = 4 | time = [12740, 12686, 10669, 10887, 12092, 11613] | memory = [45557, 40836, 34832, 28051, 21382, 8620]
fix|12898.81|45533.86| op = [201, 209, 114, 111, 126, 74]| tp = [1, 1, 1, 1, 1, 1, ] | dp = [2, 2, 1, 1, 1, 1, ] | algo = [0, 0, 0, 0, 0, 0, ] | rc = [4, 0, 0, 0, 0, 0] | gpus = [2, 2, 1, 1, 1, 1] | micro_bs = 4 | time = [12746, 12898, 10701, 10888, 12093, 11614] | memory = [45533, 41472, 34868, 28051, 21382, 8620]
fix|12905.31|45533.86| op = [201, 208, 115, 111, 126, 74]| tp = [1, 1, 1, 1, 1, 1, ] | dp = [2, 2, 1, 1, 1, 1, ] | algo = [0, 0, 0, 0, 0, 0, ] | rc = [4, 0, 0, 0, 0, 0] | gpus = [2, 2, 1, 1, 1, 1] | micro_bs = 4 | time = [12747, 12905, 11144, 10890, 12095, 11616] | memory = [45533, 41452, 35924, 28051, 21382, 8620]
fix|12791.69|45533.86| op = [201, 207, 115, 112, 126, 74]| tp = [1, 1, 1, 1, 1, 1, ] | dp = [2, 2, 1, 1, 1, 1, ] | algo = [0, 0, 0, 0, 0, 0, ] | rc = [4, 0, 0, 0, 0, 0] | gpus = [2, 2, 1, 1, 1, 1] | micro_bs = 4 | time = [12746, 12791, 10942, 10821, 12093, 11615] | memory = [45533, 40012, 37204, 28099, 21382, 8620]
fix|12746.55|45533.86| op = [201, 206, 115, 113, 126, 74]| tp = [1, 1, 1, 1, 1, 1, ] | dp = [2, 2, 1, 1, 1, 1, ] | algo = [0, 0, 0, 0, 0, 0, ] | rc = [4, 0, 0, 0, 0, 0] | gpus = [2, 2, 1, 1, 1, 1] | micro_bs = 4 | time = [12746, 12693, 11024, 10896, 12094, 11615] | memory = [45533, 40012, 37096, 28135, 21382, 8620]
fix|12562.77|46973.86| op = [200, 206, 115, 114, 126, 74]| tp = [1, 1, 1, 1, 1, 1, ] | dp = [2, 2, 1, 1, 1, 1, ] | algo = [0, 0, 0, 0, 0, 0, ] | rc = [0, 0, 0, 0, 0, 0] | gpus = [2, 2, 1, 1, 1, 1] | micro_bs = 4 | time = [12447, 12562, 10917, 10919, 12092, 11613] | memory = [46973, 40812, 37128, 28135, 21382, 8620]
fix|12491.02|46973.86| op = [200, 205, 116, 114, 126, 74]| tp = [1, 1, 1, 1, 1, 1, ] | dp = [2, 2, 1, 1, 1, 1, ] | algo = [0, 0, 0, 0, 0, 0, ] | rc = [0, 0, 0, 0, 0, 0] | gpus = [2, 2, 1, 1, 1, 1] | micro_bs = 4 | time = [12447, 12491, 10992, 10919, 12092, 11613] | memory = [46973, 40740, 37172, 28135, 21382, 8620]
fix|12465.21|46973.86| op = [200, 204, 116, 115, 126, 74]| tp = [1, 1, 1, 1, 1, 1, ] | dp = [2, 2, 1, 1, 1, 1, ] | algo = [0, 0, 0, 0, 0, 0, ] | rc = [0, 0, 0, 0, 0, 0] | gpus = [2, 2, 1, 1, 1, 1] | micro_bs = 4 | time = [12447, 12465, 10995, 10954, 12092, 11613] | memory = [46973, 40720, 37124, 28195, 21382, 8620]
fix|12447.38|46973.86| op = [200, 203, 116, 116, 126, 74]| tp = [1, 1, 1, 1, 1, 1, ] | dp = [2, 2, 1, 1, 1, 1, ] | algo = [0, 0, 0, 0, 0, 0, ] | rc = [0, 0, 0, 0, 0, 0] | gpus = [2, 2, 1, 1, 1, 1] | micro_bs = 4 | time = [12447, 12436, 10999, 11054, 12092, 11613] | memory = [46973, 40690, 37156, 28307, 21382, 8620]
fix|12513.18|46973.86| op = [199, 203, 117, 116, 126, 74]| tp = [1, 1, 1, 1, 1, 1, ] | dp = [2, 2, 1, 1, 1, 1, ] | algo = [0, 0, 0, 0, 0, 0, ] | rc = [0, 0, 0, 0, 0, 0] | gpus = [2, 2, 1, 1, 1, 1] | micro_bs = 4 | time = [12349, 12513, 11099, 11054, 12092, 11614] | memory = [46973, 40654, 37300, 28307, 21382, 8620]
fix|12489.25|46973.86| op = [199, 202, 117, 117, 126, 74]| tp = [1, 1, 1, 1, 1, 1, ] | dp = [2, 2, 1, 1, 1, 1, ] | algo = [0, 0, 0, 0, 0, 0, ] | rc = [0, 0, 0, 0, 0, 0] | gpus = [2, 2, 1, 1, 1, 1] | micro_bs = 4 | time = [12349, 12489, 11099, 11099, 12092, 11614] | memory = [46973, 40574, 37300, 28403, 21382, 8620]
fix|12431.07|46973.86| op = [199, 201, 118, 117, 126, 74]| tp = [1, 1, 1, 1, 1, 1, ] | dp = [2, 2, 1, 1, 1, 1, ] | algo = [0, 0, 0, 0, 0, 0, ] | rc = [0, 0, 0, 0, 0, 0] | gpus = [2, 2, 1, 1, 1, 1] | micro_bs = 4 | time = [12349, 12431, 11129, 11099, 12092, 11613] | memory = [46973, 40478, 37348, 28403, 21382, 8620]
fix|12404.88|46973.86| op = [199, 200, 118, 118, 126, 74]| tp = [1, 1, 1, 1, 1, 1, ] | dp = [2, 2, 1, 1, 1, 1, ] | algo = [0, 0, 0, 0, 0, 0, ] | rc = [0, 0, 0, 0, 0, 0] | gpus = [2, 2, 1, 1, 1, 1] | micro_bs = 4 | time = [12349, 12404, 11055, 11129, 12092, 11613] | memory = [46973, 40458, 37204, 28443, 21382, 8620]
fix|12376.34|46973.86| op = [199, 199, 119, 118, 126, 74]| tp = [1, 1, 1, 1, 1, 1, ] | dp = [2, 2, 1, 1, 1, 1, ] | algo = [0, 0, 0, 0, 0, 0, ] | rc = [0, 0, 0, 0, 0, 0] | gpus = [2, 2, 1, 1, 1, 1] | micro_bs = 4 | time = [12349, 12376, 11089, 11129, 12092, 11613] | memory = [46973, 40428, 37284, 28443, 21382, 8620]
fix|12349.30|46973.86| op = [199, 198, 120, 118, 126, 74]| tp = [1, 1, 1, 1, 1, 1, ] | dp = [2, 2, 1, 1, 1, 1, ] | algo = [0, 0, 0, 0, 0, 0, ] | rc = [0, 0, 0, 0, 0, 0] | gpus = [2, 2, 1, 1, 1, 1] | micro_bs = 4 | time = [12349, 12340, 11120, 11129, 12092, 11613] | memory = [46973, 40404, 37320, 28443, 21382, 8620]
fix|12347.29|46205.86| op = [198, 198, 121, 118, 126, 74]| tp = [1, 1, 1, 1, 1, 1, ] | dp = [2, 2, 1, 1, 1, 1, ] | algo = [0, 0, 0, 0, 0, 0, ] | rc = [0, 0, 0, 0, 0, 0] | gpus = [2, 2, 1, 1, 1, 1] | micro_bs = 4 | time = [12108, 12347, 11562, 11129, 12093, 11614] | memory = [46205, 40424, 38376, 28443, 21382, 8620]
fix|12235.54|46205.86| op = [198, 197, 121, 119, 126, 74]| tp = [1, 1, 1, 1, 1, 1, ] | dp = [2, 2, 1, 1, 1, 1, ] | algo = [0, 0, 0, 0, 0, 0, ] | rc = [0, 0, 0, 0, 0, 0] | gpus = [2, 2, 1, 1, 1, 1] | micro_bs = 4 | time = [12109, 12235, 11745, 11155, 12093, 11614] | memory = [46205, 38984, 40648, 28443, 21382, 8620]
fix|12137.86|46205.86| op = [198, 196, 121, 120, 126, 74]| tp = [1, 1, 1, 1, 1, 1, ] | dp = [2, 2, 1, 1, 1, 1, ] | algo = [0, 0, 0, 0, 0, 0, ] | rc = [0, 0, 0, 0, 0, 0] | gpus = [2, 2, 1, 1, 1, 1] | micro_bs = 4 | time = [12109, 12137, 11914, 11190, 12094, 11615] | memory = [46205, 38984, 40600, 28503, 21382, 8620]
fix|12108.47|46205.86| op = [198, 195, 121, 121, 126, 74]| tp = [1, 1, 1, 1, 1, 1, ] | dp = [2, 2, 1, 1, 1, 1, ] | algo = [0, 0, 0, 0, 0, 0, ] | rc = [0, 0, 0, 0, 0, 0] | gpus = [2, 2, 1, 1, 1, 1] | micro_bs = 4 | time = [12108, 11895, 11814, 11219, 12092, 11614] | memory = [46205, 38344, 40628, 28531, 21382, 8620]
fix|12094.86|46121.86| op = [197, 195, 121, 122, 126, 74]| tp = [1, 1, 1, 1, 1, 1, ] | dp = [2, 2, 1, 1, 1, 1, ] | algo = [0, 0, 0, 0, 0, 0, ] | rc = [0, 0, 0, 0, 0, 0] | gpus = [2, 2, 1, 1, 1, 1] | micro_bs = 4 | time = [12038, 11885, 11971, 11662, 12094, 11616] | memory = [46121, 38304, 40640, 29323, 21382, 8620]
best|12094.86|46121.86| op = [197, 195, 121, 122, 126, 74]| tp = [1, 1, 1, 1, 1, 1, ] | dp = [2, 2, 1, 1, 1, 1, ] | algo = [0, 0, 0, 0, 0, 0, ] | rc = [0, 0, 0, 0, 0, 0] | gpus = [2, 2, 1, 1, 1, 1] | micro_bs = 4 | time = [12038, 11885, 11971, 11662, 12094, 11616] | memory = [46121, 38304, 40640, 29323, 21382, 8620]

num_targets: []
num_hops: []
search time = 0.00 s.  [0] 
num_explored_cases = 0
time trend: [14296]

stage 6 search time: 0.72 s
working on num_stages = 7
start|14392.69|45506.10| op = [209, 104, 104, 104, 104, 104, 106]| tp = [1, 1, 1, 1, 1, 1, 1, ] | dp = [2, 1, 1, 1, 1, 1, 1, ] | algo = [0, 0, 0, 0, 0, 0, 0, ] | rc = [36, 16, 16, 14, 4, 0, 0] | gpus = [2, 1, 1, 1, 1, 1, 1] | micro_bs = 8 | time = [11698, 10842, 10842, 10671, 9815, 9473, 14392] | memory = [45506, 43372, 36826, 34888, 44470, 34468, 22338]
line465:max stage:6, min stage:5, max_value:14392.692957440198, min_value:9473.766724794685
fix|14373.66|45506.10| op = [209, 104, 104, 104, 104, 105, 105]| tp = [1, 1, 1, 1, 1, 1, 1, ] | dp = [2, 1, 1, 1, 1, 1, 1, ] | algo = [0, 0, 0, 0, 0, 0, 0, ] | rc = [36, 16, 16, 14, 4, 0, 0] | gpus = [2, 1, 1, 1, 1, 1, 1] | micro_bs = 8 | time = [11699, 10842, 10842, 10671, 9815, 9509, 14373] | memory = [45506, 43372, 36826, 34888, 44470, 34500, 22338]
cv:0.13427224095732737
line465:max stage:6, min stage:5, max_value:14373.662564234313, min_value:9509.3328695888
fix|14309.72|45506.10| op = [209, 104, 104, 104, 104, 106, 104]| tp = [1, 1, 1, 1, 1, 1, 1, ] | dp = [2, 1, 1, 1, 1, 1, 1, ] | algo = [0, 0, 0, 0, 0, 0, 0, ] | rc = [36, 16, 16, 14, 4, 0, 0] | gpus = [2, 1, 1, 1, 1, 1, 1] | micro_bs = 8 | time = [11699, 10842, 10842, 10671, 9816, 9608, 14309] | memory = [45506, 43372, 36826, 34888, 44470, 34608, 22310]
cv:0.13106567405832487
line465:max stage:6, min stage:5, max_value:14309.721380717125, min_value:9608.211782071612
fix|14387.52|45506.10| op = [209, 104, 104, 104, 104, 107, 103]| tp = [1, 1, 1, 1, 1, 1, 1, ] | dp = [2, 1, 1, 1, 1, 1, 1, ] | algo = [0, 0, 0, 0, 0, 0, 0, ] | rc = [36, 16, 16, 14, 4, 0, 0] | gpus = [2, 1, 1, 1, 1, 1, 1] | micro_bs = 8 | time = [11703, 10846, 10846, 10675, 9820, 10027, 14387] | memory = [45506, 43372, 36826, 34888, 44470, 35632, 22278]
cv:0.12739185468638212
line465:max stage:6, min stage:4, max_value:14387.520532323877, min_value:9820.108068885904
fix|14202.16|45506.10| op = [209, 104, 104, 104, 105, 107, 102]| tp = [1, 1, 1, 1, 1, 1, 1, ] | dp = [2, 1, 1, 1, 1, 1, 1, ] | algo = [0, 0, 0, 0, 0, 0, 0, ] | rc = [36, 16, 16, 14, 4, 0, 0] | gpus = [2, 1, 1, 1, 1, 1, 1] | micro_bs = 8 | time = [11703, 10846, 10846, 10675, 9855, 10194, 14202] | memory = [45506, 43372, 36826, 34888, 44518, 35632, 22278]
cv:0.11995146848201525
line465:max stage:6, min stage:4, max_value:14202.158612444717, min_value:9855.67421368002
fix|13986.06|45506.10| op = [209, 104, 104, 104, 106, 107, 101]| tp = [1, 1, 1, 1, 1, 1, 1, ] | dp = [2, 1, 1, 1, 1, 1, 1, ] | algo = [0, 0, 0, 0, 0, 0, 0, ] | rc = [36, 16, 16, 14, 4, 0, 0] | gpus = [2, 1, 1, 1, 1, 1, 1] | micro_bs = 8 | time = [11703, 10846, 10846, 10675, 9954, 10346, 13986] | memory = [45506, 43372, 36826, 34888, 44674, 37892, 21126]
cv:0.11106001677389309
line465:max stage:6, min stage:4, max_value:13986.064500552975, min_value:9954.553126162831
fix|13551.89|45506.10| op = [209, 104, 104, 104, 107, 107, 100]| tp = [1, 1, 1, 1, 1, 1, 1, ] | dp = [2, 1, 1, 1, 1, 1, 1, ] | algo = [0, 0, 0, 0, 0, 0, 0, ] | rc = [36, 16, 16, 14, 6, 0, 0] | gpus = [2, 1, 1, 1, 1, 1, 1] | micro_bs = 8 | time = [11704, 10847, 10847, 10676, 10542, 10332, 13551] | memory = [45506, 43372, 36826, 34888, 42754, 37860, 20598]
cv:0.09224022380613146
line465:max stage:6, min stage:5, max_value:13551.888228325532, min_value:10332.88202047248
fix|13527.81|45506.10| op = [209, 104, 104, 104, 107, 108, 99]| tp = [1, 1, 1, 1, 1, 1, 1, ] | dp = [2, 1, 1, 1, 1, 1, 1, ] | algo = [0, 0, 0, 0, 0, 0, 0, ] | rc = [36, 16, 16, 14, 6, 0, 0] | gpus = [2, 1, 1, 1, 1, 1, 1] | micro_bs = 8 | time = [11704, 10847, 10847, 10676, 10542, 10356, 13527] | memory = [45506, 43372, 36826, 34888, 42754, 37896, 20578]
cv:0.09128790543860156
line465:max stage:6, min stage:5, max_value:13527.807501808245, min_value:10356.965027955197
fix|13499.73|45506.10| op = [209, 104, 104, 104, 107, 109, 98]| tp = [1, 1, 1, 1, 1, 1, 1, ] | dp = [2, 1, 1, 1, 1, 1, 1, ] | algo = [0, 0, 0, 0, 0, 0, 0, ] | rc = [36, 16, 16, 14, 6, 0, 0] | gpus = [2, 1, 1, 1, 1, 1, 1] | micro_bs = 8 | time = [11704, 10847, 10847, 10676, 10542, 10368, 13499] | memory = [45506, 43372, 36826, 34888, 42754, 37944, 20538]
cv:0.0903794390156874
line465:max stage:6, min stage:5, max_value:13499.726739531416, min_value:10368.507757678366
fix|13480.44|45506.10| op = [209, 104, 104, 104, 107, 110, 97]| tp = [1, 1, 1, 1, 1, 1, 1, ] | dp = [2, 1, 1, 1, 1, 1, 1, ] | algo = [0, 0, 0, 0, 0, 0, 0, ] | rc = [36, 16, 16, 14, 6, 0, 0] | gpus = [2, 1, 1, 1, 1, 1, 1] | micro_bs = 8 | time = [11704, 10847, 10847, 10676, 10542, 10404, 13480] | memory = [45506, 43372, 36826, 34888, 42754, 37976, 20538]
cv:0.0894282784497193
line465:max stage:6, min stage:5, max_value:13480.443489325531, min_value:10404.326759472484
fix|13450.28|45506.10| op = [209, 104, 104, 104, 107, 111, 96]| tp = [1, 1, 1, 1, 1, 1, 1, ] | dp = [2, 1, 1, 1, 1, 1, 1, ] | algo = [0, 0, 0, 0, 0, 0, 0, ] | rc = [36, 16, 16, 14, 6, 0, 0] | gpus = [2, 1, 1, 1, 1, 1, 1] | micro_bs = 8 | time = [11705, 10848, 10848, 10677, 10542, 10496, 13450] | memory = [45506, 43372, 36826, 34888, 42754, 38120, 20506]
cv:0.08756971072606576
line465:max stage:6, min stage:5, max_value:13450.280815426031, min_value:10496.416063572982
fix|13409.30|45506.10| op = [209, 104, 104, 104, 107, 112, 95]| tp = [1, 1, 1, 1, 1, 1, 1, ] | dp = [2, 1, 1, 1, 1, 1, 1, ] | algo = [0, 0, 0, 0, 0, 0, 0, ] | rc = [36, 16, 16, 14, 6, 0, 0] | gpus = [2, 1, 1, 1, 1, 1, 1] | micro_bs = 8 | time = [11705, 10848, 10848, 10677, 10542, 10537, 13409] | memory = [45506, 43372, 36826, 34888, 42754, 38248, 20442]
cv:0.0860099233037078
line465:max stage:6, min stage:5, max_value:13409.29530465657, min_value:10537.39482880352
fix|13321.54|45506.10| op = [209, 104, 104, 104, 107, 113, 94]| tp = [1, 1, 1, 1, 1, 1, 1, ] | dp = [2, 1, 1, 1, 1, 1, 1, ] | algo = [0, 0, 0, 0, 0, 0, 0, ] | rc = [36, 16, 16, 14, 6, 0, 0] | gpus = [2, 1, 1, 1, 1, 1, 1] | micro_bs = 8 | time = [11704, 10847, 10847, 10676, 10542, 10563, 13321] | memory = [45506, 43372, 36826, 34888, 42754, 38296, 20362]
cv:0.08333279695363814
line465:max stage:6, min stage:4, max_value:13321.536641808245, min_value:10542.26477148111
fix|13293.54|45506.10| op = [209, 104, 104, 104, 108, 113, 93]| tp = [1, 1, 1, 1, 1, 1, 1, ] | dp = [2, 1, 1, 1, 1, 1, 1, ] | algo = [0, 0, 0, 0, 0, 0, 0, ] | rc = [36, 16, 16, 14, 6, 0, 0] | gpus = [2, 1, 1, 1, 1, 1, 1] | micro_bs = 8 | time = [11704, 10847, 10847, 10676, 10727, 10389, 13293] | memory = [45506, 43372, 36826, 34888, 42754, 38344, 20322]
cv:0.08283865145382606
line465:max stage:6, min stage:5, max_value:13293.535508531417, min_value:10389.208884678364
fix|13274.51|45506.10| op = [209, 104, 104, 104, 108, 114, 92]| tp = [1, 1, 1, 1, 1, 1, 1, ] | dp = [2, 1, 1, 1, 1, 1, 1, ] | algo = [0, 0, 0, 0, 0, 0, 0, ] | rc = [36, 16, 16, 14, 6, 0, 0] | gpus = [2, 1, 1, 1, 1, 1, 1] | micro_bs = 8 | time = [11704, 10847, 10847, 10676, 10727, 10424, 13274] | memory = [45506, 43372, 36826, 34888, 42754, 38376, 20321]
cv:0.08187914905562947
line465:max stage:6, min stage:5, max_value:13274.50511532553, min_value:10424.775029472481
fix|13210.56|45506.10| op = [209, 104, 104, 104, 108, 115, 91]| tp = [1, 1, 1, 1, 1, 1, 1, ] | dp = [2, 1, 1, 1, 1, 1, 1, ] | algo = [0, 0, 0, 0, 0, 0, 0, ] | rc = [36, 16, 16, 14, 6, 0, 0] | gpus = [2, 1, 1, 1, 1, 1, 1] | micro_bs = 8 | time = [11704, 10848, 10848, 10677, 10728, 10523, 13210] | memory = [45506, 43372, 36826, 34888, 42754, 38484, 20293]
cv:0.0789717921460658
line465:max stage:6, min stage:5, max_value:13210.563931808341, min_value:10523.653941955292
fix|13288.36|45506.10| op = [209, 104, 104, 104, 108, 116, 90]| tp = [1, 1, 1, 1, 1, 1, 1, ] | dp = [2, 1, 1, 1, 1, 1, 1, ] | algo = [0, 0, 0, 0, 0, 0, 0, ] | rc = [36, 16, 16, 14, 6, 0, 0] | gpus = [2, 1, 1, 1, 1, 1, 1] | micro_bs = 8 | time = [11708, 10851, 10851, 10680, 10731, 10943, 13288] | memory = [45506, 43372, 36826, 34888, 42754, 39508, 20261]
cv:0.07744625811916851
line465:max stage:6, min stage:3, max_value:13288.363083415097, min_value:10680.927776977123
fix|13104.35|45506.10| op = [209, 104, 104, 105, 108, 116, 89]| tp = [1, 1, 1, 1, 1, 1, 1, ] | dp = [2, 1, 1, 1, 1, 1, 1, ] | algo = [0, 0, 0, 0, 0, 0, 0, ] | rc = [36, 16, 16, 14, 8, 0, 0] | gpus = [2, 1, 1, 1, 1, 1, 1] | micro_bs = 8 | time = [11710, 10853, 10853, 10717, 11101, 10913, 13104] | memory = [45506, 43372, 36826, 34952, 42754, 37204, 20261]
cv:0.06960082114710281
line465:max stage:6, min stage:3, max_value:13104.347965535937, min_value:10717.84072377124
fix|12884.13|45506.10| op = [209, 104, 104, 106, 108, 116, 88]| tp = [1, 1, 1, 1, 1, 1, 1, ] | dp = [2, 1, 1, 1, 1, 1, 1, ] | algo = [0, 0, 0, 0, 0, 0, 0, ] | rc = [36, 16, 16, 14, 8, 0, 0] | gpus = [2, 1, 1, 1, 1, 1, 1] | micro_bs = 8 | time = [11706, 10849, 10849, 10812, 10944, 10690, 12884] | memory = [45506, 43372, 36826, 35156, 42742, 38452, 19109]
cv:0.06547029101887619
line465:max stage:6, min stage:5, max_value:12884.128401673815, min_value:10690.95859970158
fix|12444.75|45506.10| op = [209, 104, 104, 106, 108, 117, 87]| tp = [1, 1, 1, 1, 1, 1, 1, ] | dp = [2, 1, 1, 1, 1, 1, 1, ] | algo = [0, 0, 0, 0, 0, 0, 0, ] | rc = [36, 16, 16, 14, 8, 0, 0] | gpus = [2, 1, 1, 1, 1, 1, 1] | micro_bs = 8 | time = [11702, 10845, 10845, 10808, 10940, 10598, 12444] | memory = [45506, 43372, 36826, 35156, 42742, 38484, 18581]
cv:0.05487070046344913
line465:max stage:6, min stage:5, max_value:12444.750710584249, min_value:10598.152986612015
fix|12420.67|45506.10| op = [209, 104, 104, 106, 108, 118, 86]| tp = [1, 1, 1, 1, 1, 1, 1, ] | dp = [2, 1, 1, 1, 1, 1, 1, ] | algo = [0, 0, 0, 0, 0, 0, 0, ] | rc = [36, 16, 16, 14, 8, 0, 0] | gpus = [2, 1, 1, 1, 1, 1, 1] | micro_bs = 8 | time = [11702, 10845, 10845, 10808, 10940, 10622, 12420] | memory = [45506, 43372, 36826, 35156, 42742, 38520, 18561]
cv:0.0539469978934233
line465:max stage:6, min stage:5, max_value:12420.669984066964, min_value:10622.23599409473
fix|12392.59|45506.10| op = [209, 104, 104, 106, 108, 119, 85]| tp = [1, 1, 1, 1, 1, 1, 1, ] | dp = [2, 1, 1, 1, 1, 1, 1, ] | algo = [0, 0, 0, 0, 0, 0, 0, ] | rc = [36, 16, 16, 14, 8, 0, 0] | gpus = [2, 1, 1, 1, 1, 1, 1] | micro_bs = 8 | time = [11702, 10845, 10845, 10808, 10940, 10633, 12392] | memory = [45506, 43372, 36826, 35156, 42742, 38568, 18521]
cv:0.053082890870590045
line465:max stage:6, min stage:5, max_value:12392.589221790133, min_value:10633.778723817897
fix|12373.31|45506.10| op = [209, 104, 104, 106, 108, 120, 84]| tp = [1, 1, 1, 1, 1, 1, 1, ] | dp = [2, 1, 1, 1, 1, 1, 1, ] | algo = [0, 0, 0, 0, 0, 0, 0, ] | rc = [36, 16, 16, 14, 8, 0, 0] | gpus = [2, 1, 1, 1, 1, 1, 1] | micro_bs = 8 | time = [11702, 10845, 10845, 10808, 10940, 10669, 12373] | memory = [45506, 43372, 36826, 35156, 42742, 38600, 18521]
cv:0.052156838317364375
line465:max stage:6, min stage:5, max_value:12373.30597158425, min_value:10669.597725612013
fix|12343.14|45506.10| op = [209, 104, 104, 106, 108, 121, 83]| tp = [1, 1, 1, 1, 1, 1, 1, ] | dp = [2, 1, 1, 1, 1, 1, 1, ] | algo = [0, 0, 0, 0, 0, 0, 0, ] | rc = [36, 16, 16, 14, 8, 0, 0] | gpus = [2, 1, 1, 1, 1, 1, 1] | micro_bs = 8 | time = [11702, 10845, 10845, 10808, 10941, 10761, 12343] | memory = [45506, 43372, 36826, 35156, 42742, 38744, 18489]
cv:0.05036761087318842
line465:max stage:6, min stage:5, max_value:12343.14329768475, min_value:10761.687029712513
fix|12302.16|45506.10| op = [209, 104, 104, 106, 108, 122, 82]| tp = [1, 1, 1, 1, 1, 1, 1, ] | dp = [2, 1, 1, 1, 1, 1, 1, ] | algo = [0, 0, 0, 0, 0, 0, 0, ] | rc = [36, 16, 16, 14, 8, 0, 0] | gpus = [2, 1, 1, 1, 1, 1, 1] | micro_bs = 8 | time = [11702, 10845, 10845, 10808, 10941, 10802, 12302] | memory = [45506, 43372, 36826, 35156, 42742, 38872, 18425]
cv:0.04891362365918528
line465:max stage:6, min stage:5, max_value:12302.157786915288, min_value:10802.665794943054
fix|12214.40|45506.10| op = [209, 104, 104, 106, 108, 123, 81]| tp = [1, 1, 1, 1, 1, 1, 1, ] | dp = [2, 1, 1, 1, 1, 1, 1, ] | algo = [0, 0, 0, 0, 0, 0, 0, ] | rc = [36, 16, 16, 14, 8, 0, 0] | gpus = [2, 1, 1, 1, 1, 1, 1] | micro_bs = 8 | time = [11702, 10845, 10845, 10808, 10940, 10828, 12214] | memory = [45506, 43372, 36826, 35156, 42742, 38920, 18345]
cv:0.046455695408277216
line465:max stage:6, min stage:3, max_value:12214.399124066966, min_value:10808.468749995192
fix|12190.25|45506.10| op = [209, 104, 104, 107, 108, 123, 80]| tp = [1, 1, 1, 1, 1, 1, 1, ] | dp = [2, 1, 1, 1, 1, 1, 1, ] | algo = [0, 0, 0, 0, 0, 0, 0, ] | rc = [36, 16, 16, 14, 8, 0, 0] | gpus = [2, 1, 1, 1, 1, 1, 1] | micro_bs = 8 | time = [11706, 10849, 10849, 11227, 11042, 10819, 12190] | memory = [45506, 43372, 36826, 37204, 42698, 38932, 18305]
cv:0.043079071773383396
line465:max stage:6, min stage:5, max_value:12190.252625334157, min_value:10819.743845162735
fix|12171.22|45506.10| op = [209, 104, 104, 107, 108, 124, 79]| tp = [1, 1, 1, 1, 1, 1, 1, ] | dp = [2, 1, 1, 1, 1, 1, 1, ] | algo = [0, 0, 0, 0, 0, 0, 0, ] | rc = [36, 16, 16, 14, 8, 0, 0] | gpus = [2, 1, 1, 1, 1, 1, 1] | micro_bs = 8 | time = [11706, 10849, 10849, 11227, 11042, 10855, 12171] | memory = [45506, 43372, 36826, 37204, 42698, 38965, 18305]
cv:0.04221317244322391
line465:max stage:6, min stage:1, max_value:12171.222232128273, min_value:10849.321182809485
fix|12107.41|45506.10| op = [209, 105, 104, 107, 108, 124, 78]| tp = [1, 1, 1, 1, 1, 1, 1, ] | dp = [2, 1, 1, 1, 1, 1, 1, ] | algo = [0, 0, 0, 0, 0, 0, 0, ] | rc = [36, 16, 16, 14, 8, 0, 0] | gpus = [2, 1, 1, 1, 1, 1, 1] | micro_bs = 8 | time = [11706, 10885, 10865, 11394, 10869, 10926, 12107] | memory = [45506, 43468, 36906, 37204, 42770, 38993, 18277]
cv:0.041073904206835155
line465:max stage:6, min stage:2, max_value:12107.40921505002, min_value:10865.999567703235
fix|12186.54|45506.10| op = [209, 105, 105, 107, 108, 124, 77]| tp = [1, 1, 1, 1, 1, 1, 1, ] | dp = [2, 1, 1, 1, 1, 1, 1, ] | algo = [0, 0, 0, 0, 0, 0, 0, ] | rc = [36, 16, 16, 17, 6, 0, 0] | gpus = [2, 1, 1, 1, 1, 1, 1] | micro_bs = 8 | time = [11711, 10890, 10969, 11841, 10522, 11327, 12186] | memory = [45506, 43468, 37158, 37128, 42818, 40016, 18245]
cv:0.04840240316667294
line465:max stage:6, min stage:4, max_value:12186.536764885874, min_value:10522.66029091364
fix|12001.53|45506.10| op = [209, 105, 105, 107, 109, 124, 76]| tp = [1, 1, 1, 1, 1, 1, 1, ] | dp = [2, 1, 1, 1, 1, 1, 1, ] | algo = [0, 0, 0, 0, 0, 0, 0, ] | rc = [36, 16, 16, 17, 6, 0, 0] | gpus = [2, 1, 1, 1, 1, 1, 1] | micro_bs = 8 | time = [11712, 10890, 10970, 11841, 10614, 11483, 12001] | memory = [45506, 43468, 37158, 37128, 43026, 39968, 18245]
cv:0.043511992073946903
line465:max stage:6, min stage:4, max_value:12001.526712282783, min_value:10614.74959501414
fix|11841.54|45506.10| op = [209, 105, 105, 107, 110, 124, 75]| tp = [1, 1, 1, 1, 1, 1, 1, ] | dp = [2, 1, 1, 1, 1, 1, 1, ] | algo = [0, 0, 0, 0, 0, 0, 0, ] | rc = [36, 16, 16, 17, 6, 0, 0] | gpus = [2, 1, 1, 1, 1, 1, 1] | micro_bs = 8 | time = [11712, 10890, 10970, 11841, 10655, 11658, 11785] | memory = [45506, 43468, 37158, 37128, 43218, 42144, 17093]
cv:0.04066750338560408
line465:max stage:3, min stage:4, max_value:11841.536631394098, min_value:10655.728360244677
fix|11784.23|45506.10| op = [209, 105, 105, 106, 111, 124, 75]| tp = [1, 1, 1, 1, 1, 1, 1, ] | dp = [2, 1, 1, 1, 1, 1, 1, ] | algo = [0, 0, 0, 0, 0, 0, 0, ] | rc = [36, 16, 16, 14, 8, 0, 0] | gpus = [2, 1, 1, 1, 1, 1, 1] | micro_bs = 8 | time = [11711, 10889, 10969, 11335, 11042, 11657, 11784] | memory = [45506, 43468, 37158, 37128, 43218, 42144, 17093]
cv:0.030989544239206548
line465:max stage:6, min stage:1, max_value:11784.232333991782, min_value:10889.891780227084
fix|11915.00|45506.10| op = [209, 106, 105, 106, 111, 124, 74]| tp = [1, 1, 1, 1, 1, 1, 1, ] | dp = [2, 1, 1, 1, 1, 1, 1, ] | algo = [0, 0, 0, 0, 0, 0, 0, ] | rc = [36, 16, 16, 17, 6, 0, 0] | gpus = [2, 1, 1, 1, 1, 1, 1] | micro_bs = 8 | time = [11711, 10988, 11321, 11915, 10681, 11481, 11349] | memory = [45506, 43768, 39626, 37000, 43282, 42032, 16565]
cv:0.034050034592491334
line465:max stage:3, min stage:4, max_value:11915.001184714729, min_value:10681.569419396355
fix|11710.82|45506.10| op = [209, 106, 105, 105, 112, 124, 74]| tp = [1, 1, 1, 1, 1, 1, 1, ] | dp = [2, 1, 1, 1, 1, 1, 1, ] | algo = [0, 0, 0, 0, 0, 0, 0, ] | rc = [36, 16, 16, 14, 8, 0, 0] | gpus = [2, 1, 1, 1, 1, 1, 1] | micro_bs = 8 | time = [11710, 10988, 11320, 11408, 11068, 11481, 11348] | memory = [45506, 43768, 39626, 37000, 43282, 42032, 16565]
cv:0.020011864073520617
line465:max stage:0, min stage:1, max_value:11710.81720140692, min_value:10988.01987617763
fix|11640.28|46990.10| op = [208, 107, 105, 105, 112, 124, 74]| tp = [1, 1, 1, 1, 1, 1, 1, ] | dp = [2, 1, 1, 1, 1, 1, 1, ] | algo = [0, 0, 0, 0, 0, 0, 0, ] | rc = [36, 16, 16, 14, 8, 0, 0] | gpus = [2, 1, 1, 1, 1, 1, 1] | micro_bs = 8 | time = [11640, 11015, 11319, 11408, 11067, 11480, 11348] | memory = [46990, 44008, 39626, 37000, 43282, 42032, 16565]
cv:0.018067229846075852
line465:max stage:0, min stage:1, max_value:11640.284575098116, min_value:11015.559528785825
fix|11625.43|46918.10| op = [207, 108, 105, 105, 112, 124, 74]| tp = [1, 1, 1, 1, 1, 1, 1, ] | dp = [2, 1, 1, 1, 1, 1, 1, ] | algo = [0, 0, 0, 0, 0, 0, 0, ] | rc = [36, 16, 16, 14, 8, 0, 0] | gpus = [2, 1, 1, 1, 1, 1, 1] | micro_bs = 8 | time = [11625, 11103, 11320, 11408, 11068, 11481, 11348] | memory = [46918, 44408, 39626, 37000, 43282, 42032, 16565]
cv:0.016209119493978415
line465:max stage:0, min stage:4, max_value:11625.431968113997, min_value:11068.281391237022
fix|11580.68|46918.10| op = [206, 108, 105, 105, 113, 124, 74]| tp = [1, 1, 1, 1, 1, 1, 1, ] | dp = [2, 1, 1, 1, 1, 1, 1, ] | algo = [0, 0, 0, 0, 0, 0, 0, ] | rc = [34, 16, 16, 14, 8, 0, 0] | gpus = [2, 1, 1, 1, 1, 1, 1] | micro_bs = 8 | time = [11580, 11041, 10964, 11145, 11249, 11477, 11344] | memory = [46918, 44492, 37158, 37128, 43282, 42032, 16565]
cv:0.01854478201221161
line465:max stage:0, min stage:2, max_value:11580.679906856178, min_value:10964.971200230499
fix|11531.10|46678.10| op = [205, 108, 106, 105, 113, 124, 74]| tp = [1, 1, 1, 1, 1, 1, 1, ] | dp = [2, 1, 1, 1, 1, 1, 1, ] | algo = [0, 0, 0, 0, 0, 0, 0, ] | rc = [34, 16, 16, 14, 8, 0, 0] | gpus = [2, 1, 1, 1, 1, 1, 1] | micro_bs = 8 | time = [11531, 11036, 10983, 11145, 11249, 11476, 11344] | memory = [46678, 44508, 37158, 37128, 43282, 42032, 16565]
cv:0.017348492921427833
line465:max stage:0, min stage:2, max_value:11531.1042956189, min_value:10983.854681703415
fix|11512.44|46621.67| op = [204, 108, 107, 105, 113, 124, 74]| tp = [1, 1, 1, 1, 1, 1, 1, ] | dp = [2, 1, 1, 1, 1, 1, 1, ] | algo = [0, 0, 0, 0, 0, 0, 0, ] | rc = [34, 16, 16, 14, 8, 0, 0] | gpus = [2, 1, 1, 1, 1, 1, 1] | micro_bs = 8 | time = [11512, 11044, 11011, 11145, 11249, 11477, 11344] | memory = [46621, 44364, 37358, 37128, 43282, 42032, 16565]
cv:0.01642021420889768
line465:max stage:0, min stage:2, max_value:11512.438968118442, min_value:11011.860642363243
fix|11502.30|46537.67| op = [203, 108, 108, 105, 113, 124, 74]| tp = [1, 1, 1, 1, 1, 1, 1, ] | dp = [2, 1, 1, 1, 1, 1, 1, ] | algo = [0, 0, 0, 0, 0, 0, 0, ] | rc = [34, 16, 16, 14, 8, 0, 0] | gpus = [2, 1, 1, 1, 1, 1, 1] | micro_bs = 8 | time = [11502, 11046, 11099, 11145, 11250, 11477, 11345] | memory = [46537, 44492, 37694, 37128, 43282, 42032, 16565]
best|11502.30|46537.67| op = [203, 108, 108, 105, 113, 124, 74]| tp = [1, 1, 1, 1, 1, 1, 1, ] | dp = [2, 1, 1, 1, 1, 1, 1, ] | algo = [0, 0, 0, 0, 0, 0, 0, ] | rc = [34, 16, 16, 14, 8, 0, 0] | gpus = [2, 1, 1, 1, 1, 1, 1] | micro_bs = 8 | time = [11502, 11046, 11099, 11145, 11250, 11477, 11345] | memory = [46537, 44492, 37694, 37128, 43282, 42032, 16565]
line146:config.memory_list:[46537.67099999999, 44492.75600000001, 37694.625, 37128.0, 43282.375, 42032.752, 16565.703]
line147:config.time_list:[11502.301318233644, 11046.78853177193, 11099.754734345668, 11145.780478239725, 11250.122190665985, 11477.6498045468, 11345.08335871822]
------------------------------------------------------------------------------------------------------
cegis_search for the 0th times
开始求解check...
line351:
tp_list[1, 1, 1, 1, 1, 1, 1, 1, 1, 1, 1, 1, 1, 1, 1, 1, 1, 1, 1, 1, 1, 1, 1, 1, 1, 1, 1, 1, 1, 1, 1, 1, 1, 1, 1, 1, 1, 1, 1, 1, 1, 1, 1, 1, 1, 1, 1, 1, 1, 1, 1, 1, 1, 1, 1, 1, 1, 1, 1, 1, 1, 1, 1, 1, 1, 1, 1, 1, 1, 1, 1, 1, 1, 1, 1, 1, 1, 1, 1, 1, 1, 1, 1, 1, 1, 1, 1, 1, 1, 1, 1, 1, 1, 1, 1, 1, 1, 1, 1, 1, 1, 1, 1, 1, 1, 1, 1, 1, 1, 1, 1, 1, 1, 1, 1, 1, 1, 1, 1, 1, 1, 1, 1, 1, 1, 1, 1, 1, 1, 1, 1, 1, 1, 1, 1, 1, 1, 1, 1, 1, 1, 1, 1, 1, 1, 1, 1, 1, 1, 1, 1, 1, 1, 1, 1, 1, 1, 1, 1, 1, 1, 1, 1, 1, 1, 1, 1, 1, 1, 1, 1, 1, 1, 1, 1, 1, 1, 1, 1, 1, 1, 1, 1, 1, 1, 1, 1, 1, 1, 1, 1, 1, 1, 1, 1, 1, 1, 1, 1, 1, 1, 1, 1, 1, 1, 1, 1, 1, 1, 1, 1, 1, 1, 1, 1, 1, 1, 1, 1, 1, 1, 1, 1, 1, 1, 1, 1, 1, 1, 1, 1, 1, 1, 1, 1, 1, 1, 1, 1, 1, 1, 1, 1, 1, 1, 1, 1, 1, 1, 1, 1, 1, 1, 1, 1, 1, 1, 1, 1, 1, 1, 1, 1, 1, 1, 1, 1, 1, 1, 1, 1, 1, 1, 1, 1, 1, 1, 1, 1, 1, 1, 1, 1, 1, 1, 1, 1, 1, 1, 1, 1, 1, 1, 1, 1, 1, 1, 1, 1, 1, 1, 1, 1, 1, 1, 1, 1, 1, 1, 1, 1, 1, 1, 1, 1, 1, 1, 1, 1, 1, 1, 1, 1, 1, 1, 1, 1, 1, 1, 1, 1, 1, 1, 1, 1, 1, 1, 1, 1, 1, 1, 1, 1, 1, 1, 1, 1, 1, 1, 1, 1, 1, 1, 1, 1, 1, 1, 1, 1, 1, 1, 1, 1, 1, 1, 1, 1, 1, 1, 1, 1, 1, 1, 1, 1, 1, 1, 1, 1, 1, 1, 1, 1, 1, 1, 1, 1, 1, 1, 1, 1, 1, 1, 1, 1, 1, 1, 1, 1, 1, 1, 1, 1, 1, 1, 1, 1, 1, 1, 1, 1, 1, 1, 1, 1, 1, 1, 1, 1, 1, 1, 1, 1, 1, 1, 1, 1, 1, 1, 1, 1, 1, 1, 1, 1, 1, 1, 1, 1, 1, 1, 1, 1, 1, 1, 1, 1, 1, 1, 1, 1, 1, 1, 1, 1, 1, 1, 1, 1, 1, 1, 1, 1, 1, 1, 1, 1, 1, 1, 1, 1, 1, 1, 1, 1, 1, 1, 1, 1, 1, 1, 1, 1, 1, 1, 1, 1, 1, 1, 1, 1, 1, 1, 1, 1, 1, 1, 1, 1, 1, 1, 1, 1, 1, 1, 1, 1, 1, 1, 1, 1, 1, 1, 1, 1, 1, 1, 1, 1, 1, 1, 1, 1, 1, 1, 1, 1, 1, 1, 1, 1, 1, 1, 1, 1, 1, 1, 1, 1, 1, 1, 1, 1, 1, 1, 1, 1, 1, 1, 1, 1, 1, 1, 1, 1, 1, 1, 1, 1, 1, 1, 1, 1, 1, 1, 1, 1, 1, 1, 1, 1, 1, 1, 1, 1, 1, 1, 1, 1, 1, 1, 1, 1, 1, 1, 1, 1, 1, 1, 1, 1, 1, 1, 1, 1, 1, 1, 1, 1, 1, 1, 1, 1, 1, 1, 1, 1, 1, 1, 1, 1, 1, 1, 1, 1, 1, 1, 1, 1, 1, 1, 1, 1, 1, 1, 1, 1, 1, 1, 1, 1, 1, 1, 1, 1, 1, 1, 1, 1, 1, 1, 1, 1, 1, 1, 1, 1, 1, 1, 1, 1, 1, 1, 1, 1, 1, 1, 1, 1, 1, 1, 1, 1, 1, 1, 1, 1, 1, 1, 1, 1, 1, 1, 1, 1, 1, 1, 1, 1, 1, 1, 1, 1, 1, 1, 1, 1, 1, 1, 1, 1, 1, 1, 1, 1, 1, 1, 1, 1, 1, 1, 1, 1, 1, 1, 1, 1, 1, 1, 1, 1, 1, 1, 1, 1, 1, 1, 1, 1, 1, 1, 1, 1, 1, 1, 1, 1, 1, 1, 1, 1, 1, 1, 1, 1, 1, 1, 1, 1, 1, 1, 1, 1, 1, 1, 1, 1, 1, 1, 1, 1, 1, 1, 1, 1, 1, 1, 1, 1, 1, 1, 1, 1, 1, 1, 1, 1, 1, 1, 1, 1, 1, 1, 1, 1, 1, 1, 1, 1, 1, 1, 1, 1, 1, 1, 1, 1, 1, 1, 1, 1, 1, 1, 1, 1, 1, 1, 1, 1, 1, 1, 1, 1, 1, 1, 1, 1, 1, 1, 1, 1, 1, 1, 1, 1, 1, 1, 1, 1, 1, 1, 1, 1, 1, 1, 1, 1, 1, 1, 1, 1, 1, 1, 1, 1]
dp_list[2, 2, 2, 2, 2, 2, 2, 2, 2, 2, 2, 2, 2, 2, 2, 2, 2, 2, 2, 2, 2, 2, 2, 2, 2, 2, 2, 2, 2, 2, 2, 2, 2, 2, 2, 2, 2, 2, 2, 2, 2, 2, 2, 2, 2, 2, 2, 2, 2, 2, 2, 2, 2, 2, 2, 2, 2, 2, 2, 2, 2, 2, 2, 2, 2, 2, 2, 2, 2, 2, 2, 2, 2, 2, 2, 2, 2, 2, 2, 2, 2, 2, 2, 2, 2, 2, 2, 2, 2, 2, 2, 2, 2, 2, 2, 2, 2, 2, 2, 2, 2, 2, 2, 2, 2, 2, 2, 2, 2, 2, 2, 2, 2, 2, 2, 2, 2, 2, 2, 2, 2, 2, 2, 2, 2, 2, 2, 2, 2, 2, 2, 2, 2, 2, 2, 2, 2, 2, 2, 2, 2, 2, 2, 2, 2, 2, 2, 2, 2, 2, 2, 2, 2, 2, 2, 2, 2, 2, 2, 2, 2, 2, 2, 2, 2, 2, 2, 2, 2, 2, 2, 2, 2, 2, 2, 2, 2, 2, 2, 2, 2, 2, 2, 2, 2, 2, 2, 2, 2, 2, 2, 2, 2, 2, 2, 2, 2, 2, 2, 2, 2, 2, 2, 1, 1, 1, 1, 1, 1, 1, 1, 1, 1, 1, 1, 1, 1, 1, 1, 1, 1, 1, 1, 1, 1, 1, 1, 1, 1, 1, 1, 1, 1, 1, 1, 1, 1, 1, 1, 1, 1, 1, 1, 1, 1, 1, 1, 1, 1, 1, 1, 1, 1, 1, 1, 1, 1, 1, 1, 1, 1, 1, 1, 1, 1, 1, 1, 1, 1, 1, 1, 1, 1, 1, 1, 1, 1, 1, 1, 1, 1, 1, 1, 1, 1, 1, 1, 1, 1, 1, 1, 1, 1, 1, 1, 1, 1, 1, 1, 1, 1, 1, 1, 1, 1, 1, 1, 1, 1, 1, 1, 1, 1, 1, 1, 1, 1, 1, 1, 1, 1, 1, 1, 1, 1, 1, 1, 1, 1, 1, 1, 1, 1, 1, 1, 1, 1, 1, 1, 1, 1, 1, 1, 1, 1, 1, 1, 1, 1, 1, 1, 1, 1, 1, 1, 1, 1, 1, 1, 1, 1, 1, 1, 1, 1, 1, 1, 1, 1, 1, 1, 1, 1, 1, 1, 1, 1, 1, 1, 1, 1, 1, 1, 1, 1, 1, 1, 1, 1, 1, 1, 1, 1, 1, 1, 1, 1, 1, 1, 1, 1, 1, 1, 1, 1, 1, 1, 1, 1, 1, 1, 1, 1, 1, 1, 1, 1, 1, 1, 1, 1, 1, 1, 1, 1, 1, 1, 1, 1, 1, 1, 1, 1, 1, 1, 1, 1, 1, 1, 1, 1, 1, 1, 1, 1, 1, 1, 1, 1, 1, 1, 1, 1, 1, 1, 1, 1, 1, 1, 1, 1, 1, 1, 1, 1, 1, 1, 1, 1, 1, 1, 1, 1, 1, 1, 1, 1, 1, 1, 1, 1, 1, 1, 1, 1, 1, 1, 1, 1, 1, 1, 1, 1, 1, 1, 1, 1, 1, 1, 1, 1, 1, 1, 1, 1, 1, 1, 1, 1, 1, 1, 1, 1, 1, 1, 1, 1, 1, 1, 1, 1, 1, 1, 1, 1, 1, 1, 1, 1, 1, 1, 1, 1, 1, 1, 1, 1, 1, 1, 1, 1, 1, 1, 1, 1, 1, 1, 1, 1, 1, 1, 1, 1, 1, 1, 1, 1, 1, 1, 1, 1, 1, 1, 1, 1, 1, 1, 1, 1, 1, 1, 1, 1, 1, 1, 1, 1, 1, 1, 1, 1, 1, 1, 1, 1, 1, 1, 1, 1, 1, 1, 1, 1, 1, 1, 1, 1, 1, 1, 1, 1, 1, 1, 1, 1, 1, 1, 1, 1, 1, 1, 1, 1, 1, 1, 1, 1, 1, 1, 1, 1, 1, 1, 1, 1, 1, 1, 1, 1, 1, 1, 1, 1, 1, 1, 1, 1, 1, 1, 1, 1, 1, 1, 1, 1, 1, 1, 1, 1, 1, 1, 1, 1, 1, 1, 1, 1, 1, 1, 1, 1, 1, 1, 1, 1, 1, 1, 1, 1, 1, 1, 1, 1, 1, 1, 1, 1, 1, 1, 1, 1, 1, 1, 1, 1, 1, 1, 1, 1, 1, 1, 1, 1, 1, 1, 1, 1, 1, 1, 1, 1, 1, 1, 1, 1, 1, 1, 1, 1, 1, 1, 1, 1, 1, 1, 1, 1, 1, 1, 1, 1, 1, 1, 1, 1, 1, 1, 1, 1, 1, 1, 1, 1, 1, 1, 1, 1, 1, 1, 1, 1, 1, 1, 1, 1, 1, 1, 1, 1, 1, 1, 1, 1, 1, 1, 1, 1, 1, 1, 1, 1, 1, 1, 1, 1, 1, 1, 1, 1, 1, 1, 1, 1, 1, 1, 1, 1, 1, 1, 1, 1, 1, 1, 1, 1, 1, 1, 1, 1, 1, 1, 1, 1, 1, 1, 1, 1, 1, 1, 1, 1, 1, 1, 1, 1, 1, 1, 1, 1, 1, 1, 1, 1, 1, 1, 1, 1, 1, 1, 1, 1, 1, 1, 1, 1, 1, 1, 1, 1, 1, 1, 1, 1, 1, 1]
algo_list[0, 0, 0, 0, 0, 0, 0, 0, 0, 0, 0, 0, 0, 0, 0, 0, 0, 0, 0, 0, 0, 0, 0, 0, 0, 0, 0, 0, 0, 0, 0, 0, 0, 0, 0, 0, 0, 0, 0, 0, 0, 0, 0, 0, 0, 0, 0, 0, 0, 0, 0, 0, 0, 0, 0, 0, 0, 0, 0, 0, 0, 0, 0, 0, 0, 0, 0, 0, 0, 0, 0, 0, 0, 0, 0, 0, 0, 0, 0, 0, 0, 0, 0, 0, 0, 0, 0, 0, 0, 0, 0, 0, 0, 0, 0, 0, 0, 0, 0, 0, 0, 0, 0, 0, 0, 0, 0, 0, 0, 0, 0, 0, 0, 0, 0, 0, 0, 0, 0, 0, 0, 0, 0, 0, 0, 0, 0, 0, 0, 0, 0, 0, 0, 0, 0, 0, 0, 0, 0, 0, 0, 0, 0, 0, 0, 0, 0, 0, 0, 0, 0, 0, 0, 0, 0, 0, 0, 0, 0, 0, 0, 0, 0, 0, 0, 0, 0, 0, 0, 0, 0, 0, 0, 0, 0, 0, 0, 0, 0, 0, 0, 0, 0, 0, 0, 0, 0, 0, 0, 0, 0, 0, 0, 0, 0, 0, 0, 0, 0, 0, 0, 0, 0, 0, 0, 0, 0, 0, 0, 0, 0, 0, 0, 0, 0, 0, 0, 0, 0, 0, 0, 0, 0, 0, 0, 0, 0, 0, 0, 0, 0, 0, 0, 0, 0, 0, 0, 0, 0, 0, 0, 0, 0, 0, 0, 0, 0, 0, 0, 0, 0, 0, 0, 0, 0, 0, 0, 0, 0, 0, 0, 0, 0, 0, 0, 0, 0, 0, 0, 0, 0, 0, 0, 0, 0, 0, 0, 0, 0, 0, 0, 0, 0, 0, 0, 0, 0, 0, 0, 0, 0, 0, 0, 0, 0, 0, 0, 0, 0, 0, 0, 0, 0, 0, 0, 0, 0, 0, 0, 0, 0, 0, 0, 0, 0, 0, 0, 0, 0, 0, 0, 0, 0, 0, 0, 0, 0, 0, 0, 0, 0, 0, 0, 0, 0, 0, 0, 0, 0, 0, 0, 0, 0, 0, 0, 0, 0, 0, 0, 0, 0, 0, 0, 0, 0, 0, 0, 0, 0, 0, 0, 0, 0, 0, 0, 0, 0, 0, 0, 0, 0, 0, 0, 0, 0, 0, 0, 0, 0, 0, 0, 0, 0, 0, 0, 0, 0, 0, 0, 0, 0, 0, 0, 0, 0, 0, 0, 0, 0, 0, 0, 0, 0, 0, 0, 0, 0, 0, 0, 0, 0, 0, 0, 0, 0, 0, 0, 0, 0, 0, 0, 0, 0, 0, 0, 0, 0, 0, 0, 0, 0, 0, 0, 0, 0, 0, 0, 0, 0, 0, 0, 0, 0, 0, 0, 0, 0, 0, 0, 0, 0, 0, 0, 0, 0, 0, 0, 0, 0, 0, 0, 0, 0, 0, 0, 0, 0, 0, 0, 0, 0, 0, 0, 0, 0, 0, 0, 0, 0, 0, 0, 0, 0, 0, 0, 0, 0, 0, 0, 0, 0, 0, 0, 0, 0, 0, 0, 0, 0, 0, 0, 0, 0, 0, 0, 0, 0, 0, 0, 0, 0, 0, 0, 0, 0, 0, 0, 0, 0, 0, 0, 0, 0, 0, 0, 0, 0, 0, 0, 0, 0, 0, 0, 0, 0, 0, 0, 0, 0, 0, 0, 0, 0, 0, 0, 0, 0, 0, 0, 0, 0, 0, 0, 0, 0, 0, 0, 0, 0, 0, 0, 0, 0, 0, 0, 0, 0, 0, 0, 0, 0, 0, 0, 0, 0, 0, 0, 0, 0, 0, 0, 0, 0, 0, 0, 0, 0, 0, 0, 0, 0, 0, 0, 0, 0, 0, 0, 0, 0, 0, 0, 0, 0, 0, 0, 0, 0, 0, 0, 0, 0, 0, 0, 0, 0, 0, 0, 0, 0, 0, 0, 0, 0, 0, 0, 0, 0, 0, 0, 0, 0, 0, 0, 0, 0, 0, 0, 0, 0, 0, 0, 0, 0, 0, 0, 0, 0, 0, 0, 0, 0, 0, 0, 0, 0, 0, 0, 0, 0, 0, 0, 0, 0, 0, 0, 0, 0, 0, 0, 0, 0, 0, 0, 0, 0, 0, 0, 0, 0, 0, 0, 0, 0, 0, 0, 0, 0, 0, 0, 0, 0, 0, 0, 0, 0, 0, 0, 0, 0, 0, 0, 0, 0, 0, 0, 0, 0, 0, 0, 0, 0, 0, 0, 0, 0, 0, 0, 0, 0, 0, 0, 0, 0, 0, 0, 0, 0, 0, 0, 0, 0, 0, 0, 0, 0, 0, 0, 0, 0, 0, 0, 0, 0, 0, 0, 0, 0, 0, 0, 0, 0, 0, 0, 0, 0, 0, 0, 0, 0, 0, 0, 0, 0, 0, 0, 0, 0, 0, 0, 0, 0, 0, 0, 0, 0, 0, 0, 0, 0, 0, 0, 0, 0, 0, 0, 0, 0, 0, 0, 0, 0, 0, 0, 0, 0, 0, 0, 0, 0, 0, 0, 0, 0, 0, 0, 0, 0, 0, 0, 0, 0, 0, 0, 0, 0, 0, 0, 0, 0, 0, 0, 0, 0, 0, 0, 0, 0, 0, 0, 0, 0, 0, 0, 0, 0]

decode|11502.30|46537.67| op = [203, 108, 108, 105, 113, 124, 74]| tp = [1, 1, 1, 1, 1, 1, 1, ] | dp = [2, 1, 1, 1, 1, 1, 1, ] | algo = [0, 0, 0, 0, 0, 0, 0, ] | rc = [34, 16, 16, 14, 8, 0, 0] | gpus = [2, 1, 1, 1, 1, 1, 1] | micro_bs = 8 | time = [11502, 11046, 11099, 11145, 11250, 11477, 11345] | memory = [46537, 44492, 37694, 37128, 43282, 42032, 16565]
验证解
line465:max stage:0, min stage:1, max_value:11502.301318233644, min_value:11046.78853177193
fix|11486.85|46477.67| op = [202, 109, 108, 105, 113, 124, 74]| tp = [1, 1, 1, 1, 1, 1, 1, ] | dp = [2, 1, 1, 1, 1, 1, 1, ] | algo = [0, 0, 0, 0, 0, 0, 0, ] | rc = [34, 16, 16, 14, 8, 0, 0] | gpus = [2, 1, 1, 1, 1, 1, 1] | micro_bs = 8 | time = [11486, 11070, 11099, 11145, 11250, 11477, 11345] | memory = [46477, 44592, 37694, 37128, 43282, 42032, 16565]
best|11486.85|46477.67| op = [202, 109, 108, 105, 113, 124, 74]| tp = [1, 1, 1, 1, 1, 1, 1, ] | dp = [2, 1, 1, 1, 1, 1, 1, ] | algo = [0, 0, 0, 0, 0, 0, 0, ] | rc = [34, 16, 16, 14, 8, 0, 0] | gpus = [2, 1, 1, 1, 1, 1, 1] | micro_bs = 8 | time = [11486, 11070, 11099, 11145, 11250, 11477, 11345] | memory = [46477, 44592, 37694, 37128, 43282, 42032, 16565]
line146:config.memory_list:[46477.67099999999, 44592.75, 37694.625, 37128.0, 43282.375, 42032.752, 16565.703]
line147:config.time_list:[11486.848091845646, 11070.936678454016, 11099.822136828567, 11145.847880722624, 11250.189593148885, 11477.7172070297, 11345.150761201121]
求解成功
config has been saved to /home/liminglong.lml/sxz/SuperScaler/logs-large/aceso/configs/scale-layer/64layers/scale-layer_64layers_7stages_2026-5-15-12-57-57.json

========== Best Result (num_stages = 7) ==========
|11486.85|46477.67| op = [202, 109, 108, 105, 113, 124, 74]| tp = [1, 1, 1, 1, 1, 1, 1, ] | dp = [2, 1, 1, 1, 1, 1, 1, ] | algo = [0, 0, 0, 0, 0, 0, 0, ] | rc = [34, 16, 16, 14, 8, 0, 0] | gpus = [2, 1, 1, 1, 1, 1, 1] | micro_bs = 8 | time = [11486, 11070, 11099, 11145, 11250, 11477, 11345] | memory = [46477, 44592, 37694, 37128, 43282, 42032, 16565]
start|14392.69|45506.10| op = [209, 104, 104, 104, 104, 104, 106]| tp = [1, 1, 1, 1, 1, 1, 1, ] | dp = [2, 1, 1, 1, 1, 1, 1, ] | algo = [0, 0, 0, 0, 0, 0, 0, ] | rc = [36, 16, 16, 14, 4, 0, 0] | gpus = [2, 1, 1, 1, 1, 1, 1] | micro_bs = 8 | time = [11698, 10842, 10842, 10671, 9815, 9473, 14392] | memory = [45506, 43372, 36826, 34888, 44470, 34468, 22338]
fix|14373.66|45506.10| op = [209, 104, 104, 104, 104, 105, 105]| tp = [1, 1, 1, 1, 1, 1, 1, ] | dp = [2, 1, 1, 1, 1, 1, 1, ] | algo = [0, 0, 0, 0, 0, 0, 0, ] | rc = [36, 16, 16, 14, 4, 0, 0] | gpus = [2, 1, 1, 1, 1, 1, 1] | micro_bs = 8 | time = [11699, 10842, 10842, 10671, 9815, 9509, 14373] | memory = [45506, 43372, 36826, 34888, 44470, 34500, 22338]
fix|14309.72|45506.10| op = [209, 104, 104, 104, 104, 106, 104]| tp = [1, 1, 1, 1, 1, 1, 1, ] | dp = [2, 1, 1, 1, 1, 1, 1, ] | algo = [0, 0, 0, 0, 0, 0, 0, ] | rc = [36, 16, 16, 14, 4, 0, 0] | gpus = [2, 1, 1, 1, 1, 1, 1] | micro_bs = 8 | time = [11699, 10842, 10842, 10671, 9816, 9608, 14309] | memory = [45506, 43372, 36826, 34888, 44470, 34608, 22310]
fix|14387.52|45506.10| op = [209, 104, 104, 104, 104, 107, 103]| tp = [1, 1, 1, 1, 1, 1, 1, ] | dp = [2, 1, 1, 1, 1, 1, 1, ] | algo = [0, 0, 0, 0, 0, 0, 0, ] | rc = [36, 16, 16, 14, 4, 0, 0] | gpus = [2, 1, 1, 1, 1, 1, 1] | micro_bs = 8 | time = [11703, 10846, 10846, 10675, 9820, 10027, 14387] | memory = [45506, 43372, 36826, 34888, 44470, 35632, 22278]
fix|14202.16|45506.10| op = [209, 104, 104, 104, 105, 107, 102]| tp = [1, 1, 1, 1, 1, 1, 1, ] | dp = [2, 1, 1, 1, 1, 1, 1, ] | algo = [0, 0, 0, 0, 0, 0, 0, ] | rc = [36, 16, 16, 14, 4, 0, 0] | gpus = [2, 1, 1, 1, 1, 1, 1] | micro_bs = 8 | time = [11703, 10846, 10846, 10675, 9855, 10194, 14202] | memory = [45506, 43372, 36826, 34888, 44518, 35632, 22278]
fix|13986.06|45506.10| op = [209, 104, 104, 104, 106, 107, 101]| tp = [1, 1, 1, 1, 1, 1, 1, ] | dp = [2, 1, 1, 1, 1, 1, 1, ] | algo = [0, 0, 0, 0, 0, 0, 0, ] | rc = [36, 16, 16, 14, 4, 0, 0] | gpus = [2, 1, 1, 1, 1, 1, 1] | micro_bs = 8 | time = [11703, 10846, 10846, 10675, 9954, 10346, 13986] | memory = [45506, 43372, 36826, 34888, 44674, 37892, 21126]
fix|13551.89|45506.10| op = [209, 104, 104, 104, 107, 107, 100]| tp = [1, 1, 1, 1, 1, 1, 1, ] | dp = [2, 1, 1, 1, 1, 1, 1, ] | algo = [0, 0, 0, 0, 0, 0, 0, ] | rc = [36, 16, 16, 14, 6, 0, 0] | gpus = [2, 1, 1, 1, 1, 1, 1] | micro_bs = 8 | time = [11704, 10847, 10847, 10676, 10542, 10332, 13551] | memory = [45506, 43372, 36826, 34888, 42754, 37860, 20598]
fix|13527.81|45506.10| op = [209, 104, 104, 104, 107, 108, 99]| tp = [1, 1, 1, 1, 1, 1, 1, ] | dp = [2, 1, 1, 1, 1, 1, 1, ] | algo = [0, 0, 0, 0, 0, 0, 0, ] | rc = [36, 16, 16, 14, 6, 0, 0] | gpus = [2, 1, 1, 1, 1, 1, 1] | micro_bs = 8 | time = [11704, 10847, 10847, 10676, 10542, 10356, 13527] | memory = [45506, 43372, 36826, 34888, 42754, 37896, 20578]
fix|13499.73|45506.10| op = [209, 104, 104, 104, 107, 109, 98]| tp = [1, 1, 1, 1, 1, 1, 1, ] | dp = [2, 1, 1, 1, 1, 1, 1, ] | algo = [0, 0, 0, 0, 0, 0, 0, ] | rc = [36, 16, 16, 14, 6, 0, 0] | gpus = [2, 1, 1, 1, 1, 1, 1] | micro_bs = 8 | time = [11704, 10847, 10847, 10676, 10542, 10368, 13499] | memory = [45506, 43372, 36826, 34888, 42754, 37944, 20538]
fix|13480.44|45506.10| op = [209, 104, 104, 104, 107, 110, 97]| tp = [1, 1, 1, 1, 1, 1, 1, ] | dp = [2, 1, 1, 1, 1, 1, 1, ] | algo = [0, 0, 0, 0, 0, 0, 0, ] | rc = [36, 16, 16, 14, 6, 0, 0] | gpus = [2, 1, 1, 1, 1, 1, 1] | micro_bs = 8 | time = [11704, 10847, 10847, 10676, 10542, 10404, 13480] | memory = [45506, 43372, 36826, 34888, 42754, 37976, 20538]
fix|13450.28|45506.10| op = [209, 104, 104, 104, 107, 111, 96]| tp = [1, 1, 1, 1, 1, 1, 1, ] | dp = [2, 1, 1, 1, 1, 1, 1, ] | algo = [0, 0, 0, 0, 0, 0, 0, ] | rc = [36, 16, 16, 14, 6, 0, 0] | gpus = [2, 1, 1, 1, 1, 1, 1] | micro_bs = 8 | time = [11705, 10848, 10848, 10677, 10542, 10496, 13450] | memory = [45506, 43372, 36826, 34888, 42754, 38120, 20506]
fix|13409.30|45506.10| op = [209, 104, 104, 104, 107, 112, 95]| tp = [1, 1, 1, 1, 1, 1, 1, ] | dp = [2, 1, 1, 1, 1, 1, 1, ] | algo = [0, 0, 0, 0, 0, 0, 0, ] | rc = [36, 16, 16, 14, 6, 0, 0] | gpus = [2, 1, 1, 1, 1, 1, 1] | micro_bs = 8 | time = [11705, 10848, 10848, 10677, 10542, 10537, 13409] | memory = [45506, 43372, 36826, 34888, 42754, 38248, 20442]
fix|13321.54|45506.10| op = [209, 104, 104, 104, 107, 113, 94]| tp = [1, 1, 1, 1, 1, 1, 1, ] | dp = [2, 1, 1, 1, 1, 1, 1, ] | algo = [0, 0, 0, 0, 0, 0, 0, ] | rc = [36, 16, 16, 14, 6, 0, 0] | gpus = [2, 1, 1, 1, 1, 1, 1] | micro_bs = 8 | time = [11704, 10847, 10847, 10676, 10542, 10563, 13321] | memory = [45506, 43372, 36826, 34888, 42754, 38296, 20362]
fix|13293.54|45506.10| op = [209, 104, 104, 104, 108, 113, 93]| tp = [1, 1, 1, 1, 1, 1, 1, ] | dp = [2, 1, 1, 1, 1, 1, 1, ] | algo = [0, 0, 0, 0, 0, 0, 0, ] | rc = [36, 16, 16, 14, 6, 0, 0] | gpus = [2, 1, 1, 1, 1, 1, 1] | micro_bs = 8 | time = [11704, 10847, 10847, 10676, 10727, 10389, 13293] | memory = [45506, 43372, 36826, 34888, 42754, 38344, 20322]
fix|13274.51|45506.10| op = [209, 104, 104, 104, 108, 114, 92]| tp = [1, 1, 1, 1, 1, 1, 1, ] | dp = [2, 1, 1, 1, 1, 1, 1, ] | algo = [0, 0, 0, 0, 0, 0, 0, ] | rc = [36, 16, 16, 14, 6, 0, 0] | gpus = [2, 1, 1, 1, 1, 1, 1] | micro_bs = 8 | time = [11704, 10847, 10847, 10676, 10727, 10424, 13274] | memory = [45506, 43372, 36826, 34888, 42754, 38376, 20321]
fix|13210.56|45506.10| op = [209, 104, 104, 104, 108, 115, 91]| tp = [1, 1, 1, 1, 1, 1, 1, ] | dp = [2, 1, 1, 1, 1, 1, 1, ] | algo = [0, 0, 0, 0, 0, 0, 0, ] | rc = [36, 16, 16, 14, 6, 0, 0] | gpus = [2, 1, 1, 1, 1, 1, 1] | micro_bs = 8 | time = [11704, 10848, 10848, 10677, 10728, 10523, 13210] | memory = [45506, 43372, 36826, 34888, 42754, 38484, 20293]
fix|13288.36|45506.10| op = [209, 104, 104, 104, 108, 116, 90]| tp = [1, 1, 1, 1, 1, 1, 1, ] | dp = [2, 1, 1, 1, 1, 1, 1, ] | algo = [0, 0, 0, 0, 0, 0, 0, ] | rc = [36, 16, 16, 14, 6, 0, 0] | gpus = [2, 1, 1, 1, 1, 1, 1] | micro_bs = 8 | time = [11708, 10851, 10851, 10680, 10731, 10943, 13288] | memory = [45506, 43372, 36826, 34888, 42754, 39508, 20261]
fix|13104.35|45506.10| op = [209, 104, 104, 105, 108, 116, 89]| tp = [1, 1, 1, 1, 1, 1, 1, ] | dp = [2, 1, 1, 1, 1, 1, 1, ] | algo = [0, 0, 0, 0, 0, 0, 0, ] | rc = [36, 16, 16, 14, 8, 0, 0] | gpus = [2, 1, 1, 1, 1, 1, 1] | micro_bs = 8 | time = [11710, 10853, 10853, 10717, 11101, 10913, 13104] | memory = [45506, 43372, 36826, 34952, 42754, 37204, 20261]
fix|12884.13|45506.10| op = [209, 104, 104, 106, 108, 116, 88]| tp = [1, 1, 1, 1, 1, 1, 1, ] | dp = [2, 1, 1, 1, 1, 1, 1, ] | algo = [0, 0, 0, 0, 0, 0, 0, ] | rc = [36, 16, 16, 14, 8, 0, 0] | gpus = [2, 1, 1, 1, 1, 1, 1] | micro_bs = 8 | time = [11706, 10849, 10849, 10812, 10944, 10690, 12884] | memory = [45506, 43372, 36826, 35156, 42742, 38452, 19109]
fix|12444.75|45506.10| op = [209, 104, 104, 106, 108, 117, 87]| tp = [1, 1, 1, 1, 1, 1, 1, ] | dp = [2, 1, 1, 1, 1, 1, 1, ] | algo = [0, 0, 0, 0, 0, 0, 0, ] | rc = [36, 16, 16, 14, 8, 0, 0] | gpus = [2, 1, 1, 1, 1, 1, 1] | micro_bs = 8 | time = [11702, 10845, 10845, 10808, 10940, 10598, 12444] | memory = [45506, 43372, 36826, 35156, 42742, 38484, 18581]
fix|12420.67|45506.10| op = [209, 104, 104, 106, 108, 118, 86]| tp = [1, 1, 1, 1, 1, 1, 1, ] | dp = [2, 1, 1, 1, 1, 1, 1, ] | algo = [0, 0, 0, 0, 0, 0, 0, ] | rc = [36, 16, 16, 14, 8, 0, 0] | gpus = [2, 1, 1, 1, 1, 1, 1] | micro_bs = 8 | time = [11702, 10845, 10845, 10808, 10940, 10622, 12420] | memory = [45506, 43372, 36826, 35156, 42742, 38520, 18561]
fix|12392.59|45506.10| op = [209, 104, 104, 106, 108, 119, 85]| tp = [1, 1, 1, 1, 1, 1, 1, ] | dp = [2, 1, 1, 1, 1, 1, 1, ] | algo = [0, 0, 0, 0, 0, 0, 0, ] | rc = [36, 16, 16, 14, 8, 0, 0] | gpus = [2, 1, 1, 1, 1, 1, 1] | micro_bs = 8 | time = [11702, 10845, 10845, 10808, 10940, 10633, 12392] | memory = [45506, 43372, 36826, 35156, 42742, 38568, 18521]
fix|12373.31|45506.10| op = [209, 104, 104, 106, 108, 120, 84]| tp = [1, 1, 1, 1, 1, 1, 1, ] | dp = [2, 1, 1, 1, 1, 1, 1, ] | algo = [0, 0, 0, 0, 0, 0, 0, ] | rc = [36, 16, 16, 14, 8, 0, 0] | gpus = [2, 1, 1, 1, 1, 1, 1] | micro_bs = 8 | time = [11702, 10845, 10845, 10808, 10940, 10669, 12373] | memory = [45506, 43372, 36826, 35156, 42742, 38600, 18521]
fix|12343.14|45506.10| op = [209, 104, 104, 106, 108, 121, 83]| tp = [1, 1, 1, 1, 1, 1, 1, ] | dp = [2, 1, 1, 1, 1, 1, 1, ] | algo = [0, 0, 0, 0, 0, 0, 0, ] | rc = [36, 16, 16, 14, 8, 0, 0] | gpus = [2, 1, 1, 1, 1, 1, 1] | micro_bs = 8 | time = [11702, 10845, 10845, 10808, 10941, 10761, 12343] | memory = [45506, 43372, 36826, 35156, 42742, 38744, 18489]
fix|12302.16|45506.10| op = [209, 104, 104, 106, 108, 122, 82]| tp = [1, 1, 1, 1, 1, 1, 1, ] | dp = [2, 1, 1, 1, 1, 1, 1, ] | algo = [0, 0, 0, 0, 0, 0, 0, ] | rc = [36, 16, 16, 14, 8, 0, 0] | gpus = [2, 1, 1, 1, 1, 1, 1] | micro_bs = 8 | time = [11702, 10845, 10845, 10808, 10941, 10802, 12302] | memory = [45506, 43372, 36826, 35156, 42742, 38872, 18425]
fix|12214.40|45506.10| op = [209, 104, 104, 106, 108, 123, 81]| tp = [1, 1, 1, 1, 1, 1, 1, ] | dp = [2, 1, 1, 1, 1, 1, 1, ] | algo = [0, 0, 0, 0, 0, 0, 0, ] | rc = [36, 16, 16, 14, 8, 0, 0] | gpus = [2, 1, 1, 1, 1, 1, 1] | micro_bs = 8 | time = [11702, 10845, 10845, 10808, 10940, 10828, 12214] | memory = [45506, 43372, 36826, 35156, 42742, 38920, 18345]
fix|12190.25|45506.10| op = [209, 104, 104, 107, 108, 123, 80]| tp = [1, 1, 1, 1, 1, 1, 1, ] | dp = [2, 1, 1, 1, 1, 1, 1, ] | algo = [0, 0, 0, 0, 0, 0, 0, ] | rc = [36, 16, 16, 14, 8, 0, 0] | gpus = [2, 1, 1, 1, 1, 1, 1] | micro_bs = 8 | time = [11706, 10849, 10849, 11227, 11042, 10819, 12190] | memory = [45506, 43372, 36826, 37204, 42698, 38932, 18305]
fix|12171.22|45506.10| op = [209, 104, 104, 107, 108, 124, 79]| tp = [1, 1, 1, 1, 1, 1, 1, ] | dp = [2, 1, 1, 1, 1, 1, 1, ] | algo = [0, 0, 0, 0, 0, 0, 0, ] | rc = [36, 16, 16, 14, 8, 0, 0] | gpus = [2, 1, 1, 1, 1, 1, 1] | micro_bs = 8 | time = [11706, 10849, 10849, 11227, 11042, 10855, 12171] | memory = [45506, 43372, 36826, 37204, 42698, 38965, 18305]
fix|12107.41|45506.10| op = [209, 105, 104, 107, 108, 124, 78]| tp = [1, 1, 1, 1, 1, 1, 1, ] | dp = [2, 1, 1, 1, 1, 1, 1, ] | algo = [0, 0, 0, 0, 0, 0, 0, ] | rc = [36, 16, 16, 14, 8, 0, 0] | gpus = [2, 1, 1, 1, 1, 1, 1] | micro_bs = 8 | time = [11706, 10885, 10865, 11394, 10869, 10926, 12107] | memory = [45506, 43468, 36906, 37204, 42770, 38993, 18277]
fix|12186.54|45506.10| op = [209, 105, 105, 107, 108, 124, 77]| tp = [1, 1, 1, 1, 1, 1, 1, ] | dp = [2, 1, 1, 1, 1, 1, 1, ] | algo = [0, 0, 0, 0, 0, 0, 0, ] | rc = [36, 16, 16, 17, 6, 0, 0] | gpus = [2, 1, 1, 1, 1, 1, 1] | micro_bs = 8 | time = [11711, 10890, 10969, 11841, 10522, 11327, 12186] | memory = [45506, 43468, 37158, 37128, 42818, 40016, 18245]
fix|12001.53|45506.10| op = [209, 105, 105, 107, 109, 124, 76]| tp = [1, 1, 1, 1, 1, 1, 1, ] | dp = [2, 1, 1, 1, 1, 1, 1, ] | algo = [0, 0, 0, 0, 0, 0, 0, ] | rc = [36, 16, 16, 17, 6, 0, 0] | gpus = [2, 1, 1, 1, 1, 1, 1] | micro_bs = 8 | time = [11712, 10890, 10970, 11841, 10614, 11483, 12001] | memory = [45506, 43468, 37158, 37128, 43026, 39968, 18245]
fix|11841.54|45506.10| op = [209, 105, 105, 107, 110, 124, 75]| tp = [1, 1, 1, 1, 1, 1, 1, ] | dp = [2, 1, 1, 1, 1, 1, 1, ] | algo = [0, 0, 0, 0, 0, 0, 0, ] | rc = [36, 16, 16, 17, 6, 0, 0] | gpus = [2, 1, 1, 1, 1, 1, 1] | micro_bs = 8 | time = [11712, 10890, 10970, 11841, 10655, 11658, 11785] | memory = [45506, 43468, 37158, 37128, 43218, 42144, 17093]
fix|11784.23|45506.10| op = [209, 105, 105, 106, 111, 124, 75]| tp = [1, 1, 1, 1, 1, 1, 1, ] | dp = [2, 1, 1, 1, 1, 1, 1, ] | algo = [0, 0, 0, 0, 0, 0, 0, ] | rc = [36, 16, 16, 14, 8, 0, 0] | gpus = [2, 1, 1, 1, 1, 1, 1] | micro_bs = 8 | time = [11711, 10889, 10969, 11335, 11042, 11657, 11784] | memory = [45506, 43468, 37158, 37128, 43218, 42144, 17093]
fix|11915.00|45506.10| op = [209, 106, 105, 106, 111, 124, 74]| tp = [1, 1, 1, 1, 1, 1, 1, ] | dp = [2, 1, 1, 1, 1, 1, 1, ] | algo = [0, 0, 0, 0, 0, 0, 0, ] | rc = [36, 16, 16, 17, 6, 0, 0] | gpus = [2, 1, 1, 1, 1, 1, 1] | micro_bs = 8 | time = [11711, 10988, 11321, 11915, 10681, 11481, 11349] | memory = [45506, 43768, 39626, 37000, 43282, 42032, 16565]
fix|11710.82|45506.10| op = [209, 106, 105, 105, 112, 124, 74]| tp = [1, 1, 1, 1, 1, 1, 1, ] | dp = [2, 1, 1, 1, 1, 1, 1, ] | algo = [0, 0, 0, 0, 0, 0, 0, ] | rc = [36, 16, 16, 14, 8, 0, 0] | gpus = [2, 1, 1, 1, 1, 1, 1] | micro_bs = 8 | time = [11710, 10988, 11320, 11408, 11068, 11481, 11348] | memory = [45506, 43768, 39626, 37000, 43282, 42032, 16565]
fix|11640.28|46990.10| op = [208, 107, 105, 105, 112, 124, 74]| tp = [1, 1, 1, 1, 1, 1, 1, ] | dp = [2, 1, 1, 1, 1, 1, 1, ] | algo = [0, 0, 0, 0, 0, 0, 0, ] | rc = [36, 16, 16, 14, 8, 0, 0] | gpus = [2, 1, 1, 1, 1, 1, 1] | micro_bs = 8 | time = [11640, 11015, 11319, 11408, 11067, 11480, 11348] | memory = [46990, 44008, 39626, 37000, 43282, 42032, 16565]
fix|11625.43|46918.10| op = [207, 108, 105, 105, 112, 124, 74]| tp = [1, 1, 1, 1, 1, 1, 1, ] | dp = [2, 1, 1, 1, 1, 1, 1, ] | algo = [0, 0, 0, 0, 0, 0, 0, ] | rc = [36, 16, 16, 14, 8, 0, 0] | gpus = [2, 1, 1, 1, 1, 1, 1] | micro_bs = 8 | time = [11625, 11103, 11320, 11408, 11068, 11481, 11348] | memory = [46918, 44408, 39626, 37000, 43282, 42032, 16565]
fix|11580.68|46918.10| op = [206, 108, 105, 105, 113, 124, 74]| tp = [1, 1, 1, 1, 1, 1, 1, ] | dp = [2, 1, 1, 1, 1, 1, 1, ] | algo = [0, 0, 0, 0, 0, 0, 0, ] | rc = [34, 16, 16, 14, 8, 0, 0] | gpus = [2, 1, 1, 1, 1, 1, 1] | micro_bs = 8 | time = [11580, 11041, 10964, 11145, 11249, 11477, 11344] | memory = [46918, 44492, 37158, 37128, 43282, 42032, 16565]
fix|11531.10|46678.10| op = [205, 108, 106, 105, 113, 124, 74]| tp = [1, 1, 1, 1, 1, 1, 1, ] | dp = [2, 1, 1, 1, 1, 1, 1, ] | algo = [0, 0, 0, 0, 0, 0, 0, ] | rc = [34, 16, 16, 14, 8, 0, 0] | gpus = [2, 1, 1, 1, 1, 1, 1] | micro_bs = 8 | time = [11531, 11036, 10983, 11145, 11249, 11476, 11344] | memory = [46678, 44508, 37158, 37128, 43282, 42032, 16565]
fix|11512.44|46621.67| op = [204, 108, 107, 105, 113, 124, 74]| tp = [1, 1, 1, 1, 1, 1, 1, ] | dp = [2, 1, 1, 1, 1, 1, 1, ] | algo = [0, 0, 0, 0, 0, 0, 0, ] | rc = [34, 16, 16, 14, 8, 0, 0] | gpus = [2, 1, 1, 1, 1, 1, 1] | micro_bs = 8 | time = [11512, 11044, 11011, 11145, 11249, 11477, 11344] | memory = [46621, 44364, 37358, 37128, 43282, 42032, 16565]
fix|11502.30|46537.67| op = [203, 108, 108, 105, 113, 124, 74]| tp = [1, 1, 1, 1, 1, 1, 1, ] | dp = [2, 1, 1, 1, 1, 1, 1, ] | algo = [0, 0, 0, 0, 0, 0, 0, ] | rc = [34, 16, 16, 14, 8, 0, 0] | gpus = [2, 1, 1, 1, 1, 1, 1] | micro_bs = 8 | time = [11502, 11046, 11099, 11145, 11250, 11477, 11345] | memory = [46537, 44492, 37694, 37128, 43282, 42032, 16565]
best|11502.30|46537.67| op = [203, 108, 108, 105, 113, 124, 74]| tp = [1, 1, 1, 1, 1, 1, 1, ] | dp = [2, 1, 1, 1, 1, 1, 1, ] | algo = [0, 0, 0, 0, 0, 0, 0, ] | rc = [34, 16, 16, 14, 8, 0, 0] | gpus = [2, 1, 1, 1, 1, 1, 1] | micro_bs = 8 | time = [11502, 11046, 11099, 11145, 11250, 11477, 11345] | memory = [46537, 44492, 37694, 37128, 43282, 42032, 16565]
decode|11502.30|46537.67| op = [203, 108, 108, 105, 113, 124, 74]| tp = [1, 1, 1, 1, 1, 1, 1, ] | dp = [2, 1, 1, 1, 1, 1, 1, ] | algo = [0, 0, 0, 0, 0, 0, 0, ] | rc = [34, 16, 16, 14, 8, 0, 0] | gpus = [2, 1, 1, 1, 1, 1, 1] | micro_bs = 8 | time = [11502, 11046, 11099, 11145, 11250, 11477, 11345] | memory = [46537, 44492, 37694, 37128, 43282, 42032, 16565]
fix|11486.85|46477.67| op = [202, 109, 108, 105, 113, 124, 74]| tp = [1, 1, 1, 1, 1, 1, 1, ] | dp = [2, 1, 1, 1, 1, 1, 1, ] | algo = [0, 0, 0, 0, 0, 0, 0, ] | rc = [34, 16, 16, 14, 8, 0, 0] | gpus = [2, 1, 1, 1, 1, 1, 1] | micro_bs = 8 | time = [11486, 11070, 11099, 11145, 11250, 11477, 11345] | memory = [46477, 44592, 37694, 37128, 43282, 42032, 16565]
best|11486.85|46477.67| op = [202, 109, 108, 105, 113, 124, 74]| tp = [1, 1, 1, 1, 1, 1, 1, ] | dp = [2, 1, 1, 1, 1, 1, 1, ] | algo = [0, 0, 0, 0, 0, 0, 0, ] | rc = [34, 16, 16, 14, 8, 0, 0] | gpus = [2, 1, 1, 1, 1, 1, 1] | micro_bs = 8 | time = [11486, 11070, 11099, 11145, 11250, 11477, 11345] | memory = [46477, 44592, 37694, 37128, 43282, 42032, 16565]

num_targets: []
num_hops: []
search time = 0.00 s.  [0] 
num_explored_cases = 0
time trend: [14392]

stage 7 search time: 0.58 s
working on num_stages = 8
start|14501.27|46958.01| op = [104, 104, 104, 104, 104, 104, 104, 107]| tp = [1, 1, 1, 1, 1, 1, 1, 1, ] | dp = [1, 1, 1, 1, 1, 1, 1, 1, ] | algo = [0, 0, 0, 0, 0, 0, 0, 0, ] | rc = [22, 18, 16, 16, 14, 4, 0, 0] | gpus = [1, 1, 1, 1, 1, 1, 1, 1] | micro_bs = 8 | time = [11488, 11091, 10939, 10939, 10768, 9912, 9570, 14501] | memory = [44976, 46958, 43468, 36906, 34952, 44518, 34500, 22378]
line465:max stage:7, min stage:6, max_value:14501.267713818583, min_value:9570.750178647158
fix|14473.27|46958.01| op = [104, 104, 104, 104, 104, 104, 105, 106]| tp = [1, 1, 1, 1, 1, 1, 1, 1, ] | dp = [1, 1, 1, 1, 1, 1, 1, 1, ] | algo = [0, 0, 0, 0, 0, 0, 0, 0, ] | rc = [22, 18, 16, 16, 14, 4, 0, 0] | gpus = [1, 1, 1, 1, 1, 1, 1, 1] | micro_bs = 8 | time = [11488, 11091, 10938, 10938, 10767, 9912, 9582, 14473] | memory = [44976, 46958, 43468, 36906, 34952, 44518, 34548, 22338]
cv:0.12438619360429973
line465:max stage:7, min stage:6, max_value:14473.266580541753, min_value:9582.213279370326
fix|14454.24|46958.01| op = [104, 104, 104, 104, 104, 104, 106, 105]| tp = [1, 1, 1, 1, 1, 1, 1, 1, ] | dp = [1, 1, 1, 1, 1, 1, 1, 1, ] | algo = [0, 0, 0, 0, 0, 0, 0, 0, ] | rc = [22, 18, 16, 16, 14, 4, 0, 0] | gpus = [1, 1, 1, 1, 1, 1, 1, 1] | micro_bs = 8 | time = [11488, 11091, 10939, 10939, 10768, 9912, 9617, 14454] | memory = [44976, 46958, 43468, 36906, 34952, 44518, 34580, 22338]
cv:0.12340117900837949
line465:max stage:7, min stage:6, max_value:14454.236187335868, min_value:9617.779424164442
fix|14390.30|46958.01| op = [104, 104, 104, 104, 104, 104, 107, 104]| tp = [1, 1, 1, 1, 1, 1, 1, 1, ] | dp = [1, 1, 1, 1, 1, 1, 1, 1, ] | algo = [0, 0, 0, 0, 0, 0, 0, 0, ] | rc = [22, 18, 16, 16, 14, 4, 0, 0] | gpus = [1, 1, 1, 1, 1, 1, 1, 1] | micro_bs = 8 | time = [11488, 11091, 10939, 10939, 10768, 9913, 9716, 14390] | memory = [44976, 46958, 43468, 36906, 34952, 44518, 34688, 22310]
cv:0.12041320907296568
line465:max stage:7, min stage:6, max_value:14390.29500381868, min_value:9716.658336647255
fix|14468.09|46958.01| op = [104, 104, 104, 104, 104, 104, 108, 103]| tp = [1, 1, 1, 1, 1, 1, 1, 1, ] | dp = [1, 1, 1, 1, 1, 1, 1, 1, ] | algo = [0, 0, 0, 0, 0, 0, 0, 0, ] | rc = [22, 18, 16, 16, 14, 4, 0, 0] | gpus = [1, 1, 1, 1, 1, 1, 1, 1] | micro_bs = 8 | time = [11492, 11095, 10943, 10943, 10772, 9916, 10136, 14468] | memory = [44976, 46958, 43468, 36906, 34952, 44518, 35712, 22278]
cv:0.11732877222644154
line465:max stage:7, min stage:5, max_value:14468.094155425433, min_value:9916.963320935638
fix|14282.48|46958.01| op = [104, 104, 104, 104, 104, 105, 108, 102]| tp = [1, 1, 1, 1, 1, 1, 1, 1, ] | dp = [1, 1, 1, 1, 1, 1, 1, 1, ] | algo = [0, 0, 0, 0, 0, 0, 0, 0, ] | rc = [22, 18, 16, 16, 14, 4, 0, 0] | gpus = [1, 1, 1, 1, 1, 1, 1, 1] | micro_bs = 8 | time = [11492, 11095, 10943, 10943, 10772, 9928, 10293, 14282] | memory = [44976, 46958, 43468, 36906, 34952, 44590, 35632, 22278]
cv:0.11074419891311571
line465:max stage:7, min stage:5, max_value:14282.475849622691, min_value:9928.426421658805
fix|14066.24|46958.01| op = [104, 104, 104, 104, 104, 106, 108, 101]| tp = [1, 1, 1, 1, 1, 1, 1, 1, ] | dp = [1, 1, 1, 1, 1, 1, 1, 1, ] | algo = [0, 0, 0, 0, 0, 0, 0, 0, ] | rc = [22, 18, 16, 16, 14, 4, 0, 0] | gpus = [1, 1, 1, 1, 1, 1, 1, 1] | micro_bs = 8 | time = [11492, 11095, 10943, 10943, 10772, 9963, 10490, 14066] | memory = [44976, 46958, 43468, 36906, 34952, 44638, 37936, 21126]
cv:0.10284278053999735
line465:max stage:7, min stage:5, max_value:14066.239086743528, min_value:9963.992566452922
fix|13627.13|46958.01| op = [104, 104, 104, 104, 104, 107, 108, 100]| tp = [1, 1, 1, 1, 1, 1, 1, 1, ] | dp = [1, 1, 1, 1, 1, 1, 1, 1, ] | algo = [0, 0, 0, 0, 0, 0, 0, 0, ] | rc = [22, 18, 16, 16, 14, 4, 0, 0] | gpus = [1, 1, 1, 1, 1, 1, 1, 1] | micro_bs = 8 | time = [11488, 11091, 10939, 10939, 10768, 10058, 10334, 13627] | memory = [44976, 46958, 43468, 36906, 34952, 44794, 37924, 20598]
cv:0.09155017058518182
line465:max stage:7, min stage:5, max_value:13627.132230762225, min_value:10058.746026965355
fix|13608.25|46958.01| op = [104, 104, 104, 104, 104, 108, 108, 99]| tp = [1, 1, 1, 1, 1, 1, 1, 1, ] | dp = [1, 1, 1, 1, 1, 1, 1, 1, ] | algo = [0, 0, 0, 0, 0, 0, 0, 0, ] | rc = [22, 18, 16, 16, 14, 6, 0, 0] | gpus = [1, 1, 1, 1, 1, 1, 1, 1] | micro_bs = 8 | time = [11494, 11097, 10944, 10944, 10773, 10650, 10437, 13608] | memory = [44976, 46958, 43468, 36906, 34952, 42874, 37896, 20578]
cv:0.08365178325813599
line465:max stage:7, min stage:6, max_value:13608.25292310706, min_value:10437.41044925401
fix|13580.17|46958.01| op = [104, 104, 104, 104, 104, 108, 109, 98]| tp = [1, 1, 1, 1, 1, 1, 1, 1, ] | dp = [1, 1, 1, 1, 1, 1, 1, 1, ] | algo = [0, 0, 0, 0, 0, 0, 0, 0, ] | rc = [22, 18, 16, 16, 14, 6, 0, 0] | gpus = [1, 1, 1, 1, 1, 1, 1, 1] | micro_bs = 8 | time = [11494, 11096, 10944, 10944, 10773, 10650, 10448, 13580] | memory = [44976, 46958, 43468, 36906, 34952, 42874, 37944, 20538]
cv:0.08277573584061859
line465:max stage:7, min stage:6, max_value:13580.17216083023, min_value:10448.95317897718
fix|13560.89|46958.01| op = [104, 104, 104, 104, 104, 108, 110, 97]| tp = [1, 1, 1, 1, 1, 1, 1, 1, ] | dp = [1, 1, 1, 1, 1, 1, 1, 1, ] | algo = [0, 0, 0, 0, 0, 0, 0, 0, ] | rc = [22, 18, 16, 16, 14, 6, 0, 0] | gpus = [1, 1, 1, 1, 1, 1, 1, 1] | micro_bs = 8 | time = [11494, 11097, 10944, 10944, 10773, 10650, 10484, 13560] | memory = [44976, 46958, 43468, 36906, 34952, 42874, 37976, 20538]
cv:0.08188450984269023
line465:max stage:7, min stage:6, max_value:13560.888910624344, min_value:10484.772180771297
fix|13530.73|46958.01| op = [104, 104, 104, 104, 104, 108, 111, 96]| tp = [1, 1, 1, 1, 1, 1, 1, 1, ] | dp = [1, 1, 1, 1, 1, 1, 1, 1, ] | algo = [0, 0, 0, 0, 0, 0, 0, 0, ] | rc = [22, 18, 16, 16, 14, 6, 0, 0] | gpus = [1, 1, 1, 1, 1, 1, 1, 1] | micro_bs = 8 | time = [11494, 11097, 10945, 10945, 10774, 10651, 10576, 13530] | memory = [44976, 46958, 43468, 36906, 34952, 42874, 38120, 20506]
cv:0.08016651236698306
line465:max stage:7, min stage:6, max_value:13530.726236724846, min_value:10576.861484871797
fix|13489.74|46958.01| op = [104, 104, 104, 104, 104, 108, 112, 95]| tp = [1, 1, 1, 1, 1, 1, 1, 1, ] | dp = [1, 1, 1, 1, 1, 1, 1, 1, ] | algo = [0, 0, 0, 0, 0, 0, 0, 0, ] | rc = [22, 18, 16, 16, 14, 6, 0, 0] | gpus = [1, 1, 1, 1, 1, 1, 1, 1] | micro_bs = 8 | time = [11494, 11097, 10945, 10945, 10774, 10651, 10617, 13489] | memory = [44976, 46958, 43468, 36906, 34952, 42874, 38248, 20442]
cv:0.07868248878618775
line465:max stage:7, min stage:6, max_value:13489.740725955384, min_value:10617.840250102334
fix|13401.98|46958.01| op = [104, 104, 104, 104, 104, 108, 113, 94]| tp = [1, 1, 1, 1, 1, 1, 1, 1, ] | dp = [1, 1, 1, 1, 1, 1, 1, 1, ] | algo = [0, 0, 0, 0, 0, 0, 0, 0, ] | rc = [22, 18, 16, 16, 14, 6, 0, 0] | gpus = [1, 1, 1, 1, 1, 1, 1, 1] | micro_bs = 8 | time = [11494, 11097, 10944, 10944, 10773, 10650, 10643, 13401] | memory = [44976, 46958, 43468, 36906, 34952, 42874, 38296, 20362]
cv:0.07608135478017829
line465:max stage:7, min stage:6, max_value:13401.98206310706, min_value:10643.68130925401
fix|13373.98|46958.01| op = [104, 104, 104, 104, 104, 108, 114, 93]| tp = [1, 1, 1, 1, 1, 1, 1, 1, ] | dp = [1, 1, 1, 1, 1, 1, 1, 1, ] | algo = [0, 0, 0, 0, 0, 0, 0, 0, ] | rc = [22, 18, 16, 16, 14, 6, 0, 0] | gpus = [1, 1, 1, 1, 1, 1, 1, 1] | micro_bs = 8 | time = [11494, 11096, 10944, 10944, 10773, 10650, 10655, 13373] | memory = [44976, 46958, 43468, 36906, 34952, 42874, 38344, 20322]
cv:0.07522436829848708
line465:max stage:7, min stage:5, max_value:13373.980929830232, min_value:10650.454922451268
fix|13354.95|46958.01| op = [104, 104, 104, 104, 104, 109, 114, 92]| tp = [1, 1, 1, 1, 1, 1, 1, 1, ] | dp = [1, 1, 1, 1, 1, 1, 1, 1, ] | algo = [0, 0, 0, 0, 0, 0, 0, 0, ] | rc = [22, 18, 16, 16, 14, 6, 0, 0] | gpus = [1, 1, 1, 1, 1, 1, 1, 1] | micro_bs = 8 | time = [11494, 11097, 10944, 10944, 10773, 10836, 10505, 13354] | memory = [44976, 46958, 43468, 36906, 34952, 42874, 38376, 20321]
cv:0.07476319010761767
line465:max stage:7, min stage:6, max_value:13354.950536624343, min_value:10505.220450771294
fix|13291.01|46958.01| op = [104, 104, 104, 104, 104, 109, 115, 91]| tp = [1, 1, 1, 1, 1, 1, 1, 1, ] | dp = [1, 1, 1, 1, 1, 1, 1, 1, ] | algo = [0, 0, 0, 0, 0, 0, 0, 0, ] | rc = [22, 18, 16, 16, 14, 6, 0, 0] | gpus = [1, 1, 1, 1, 1, 1, 1, 1] | micro_bs = 8 | time = [11494, 11097, 10944, 10944, 10773, 10836, 10604, 13291] | memory = [44976, 46958, 43468, 36906, 34952, 42874, 38484, 20293]
cv:0.07201923899352036
line465:max stage:7, min stage:6, max_value:13291.009353107154, min_value:10604.099363254105
fix|13368.81|46958.01| op = [104, 104, 104, 104, 104, 109, 116, 90]| tp = [1, 1, 1, 1, 1, 1, 1, 1, ] | dp = [1, 1, 1, 1, 1, 1, 1, 1, ] | algo = [0, 0, 0, 0, 0, 0, 0, 0, ] | rc = [22, 18, 16, 16, 14, 6, 0, 0] | gpus = [1, 1, 1, 1, 1, 1, 1, 1] | micro_bs = 8 | time = [11498, 11101, 10948, 10948, 10777, 10840, 11023, 13368] | memory = [44976, 46958, 43468, 36906, 34952, 42874, 39508, 20261]
cv:0.07102196839727629
line465:max stage:7, min stage:4, max_value:13368.80850471391, min_value:10777.654827224116
fix|13184.54|46958.01| op = [104, 104, 104, 104, 105, 109, 116, 89]| tp = [1, 1, 1, 1, 1, 1, 1, 1, ] | dp = [1, 1, 1, 1, 1, 1, 1, 1, ] | algo = [0, 0, 0, 0, 0, 0, 0, 0, ] | rc = [22, 18, 16, 16, 14, 8, 0, 0] | gpus = [1, 1, 1, 1, 1, 1, 1, 1] | micro_bs = 8 | time = [11499, 11102, 10949, 10949, 10790, 11200, 10993, 13184] | memory = [44976, 46958, 43468, 36906, 35048, 42754, 37204, 20261]
cv:0.06415205653796356
line465:max stage:7, min stage:4, max_value:13184.537000911168, min_value:10790.464729947282
fix|12964.17|46958.01| op = [104, 104, 104, 104, 106, 109, 116, 88]| tp = [1, 1, 1, 1, 1, 1, 1, 1, ] | dp = [1, 1, 1, 1, 1, 1, 1, 1, ] | algo = [0, 0, 0, 0, 0, 0, 0, 0, ] | rc = [22, 18, 16, 16, 14, 8, 0, 0] | gpus = [1, 1, 1, 1, 1, 1, 1, 1] | micro_bs = 8 | time = [11495, 11098, 10945, 10945, 10821, 11089, 10771, 12964] | memory = [44976, 46958, 43468, 36906, 35112, 42802, 38452, 19109]
cv:0.05989558374513748
line465:max stage:7, min stage:6, max_value:12964.174786061627, min_value:10771.004984089392
fix|12524.80|46958.01| op = [104, 104, 104, 104, 106, 109, 117, 87]| tp = [1, 1, 1, 1, 1, 1, 1, 1, ] | dp = [1, 1, 1, 1, 1, 1, 1, 1, ] | algo = [0, 0, 0, 0, 0, 0, 0, 0, ] | rc = [22, 18, 16, 16, 14, 8, 0, 0] | gpus = [1, 1, 1, 1, 1, 1, 1, 1] | micro_bs = 8 | time = [11491, 11094, 10941, 10941, 10817, 11084, 10678, 12524] | memory = [44976, 46958, 43468, 36906, 35112, 42802, 38484, 18581]
cv:0.049080539538878934
line465:max stage:7, min stage:6, max_value:12524.79709497206, min_value:10678.199370999826
fix|12500.72|46958.01| op = [104, 104, 104, 104, 106, 109, 118, 86]| tp = [1, 1, 1, 1, 1, 1, 1, 1, ] | dp = [1, 1, 1, 1, 1, 1, 1, 1, ] | algo = [0, 0, 0, 0, 0, 0, 0, 0, ] | rc = [22, 18, 16, 16, 14, 8, 0, 0] | gpus = [1, 1, 1, 1, 1, 1, 1, 1] | micro_bs = 8 | time = [11491, 11094, 10941, 10941, 10817, 11084, 10702, 12500] | memory = [44976, 46958, 43468, 36906, 35112, 42802, 38520, 18561]
cv:0.048180713047996745
line465:max stage:7, min stage:6, max_value:12500.716368454774, min_value:10702.28237848254
fix|12472.64|46958.01| op = [104, 104, 104, 104, 106, 109, 119, 85]| tp = [1, 1, 1, 1, 1, 1, 1, 1, ] | dp = [1, 1, 1, 1, 1, 1, 1, 1, ] | algo = [0, 0, 0, 0, 0, 0, 0, 0, ] | rc = [22, 18, 16, 16, 14, 8, 0, 0] | gpus = [1, 1, 1, 1, 1, 1, 1, 1] | micro_bs = 8 | time = [11491, 11094, 10941, 10941, 10817, 11084, 10713, 12472] | memory = [44976, 46958, 43468, 36906, 35112, 42802, 38568, 18521]
cv:0.04731745570495696
line465:max stage:7, min stage:6, max_value:12472.635606177944, min_value:10713.825108205709
fix|12453.35|46958.01| op = [104, 104, 104, 104, 106, 109, 120, 84]| tp = [1, 1, 1, 1, 1, 1, 1, 1, ] | dp = [1, 1, 1, 1, 1, 1, 1, 1, ] | algo = [0, 0, 0, 0, 0, 0, 0, 0, ] | rc = [22, 18, 16, 16, 14, 8, 0, 0] | gpus = [1, 1, 1, 1, 1, 1, 1, 1] | micro_bs = 8 | time = [11491, 11094, 10941, 10941, 10817, 11084, 10749, 12453] | memory = [44976, 46958, 43468, 36906, 35112, 42802, 38600, 18521]
cv:0.046432722928952654
line465:max stage:7, min stage:6, max_value:12453.352355972062, min_value:10749.644109999825
fix|12423.19|46958.01| op = [104, 104, 104, 104, 106, 109, 121, 83]| tp = [1, 1, 1, 1, 1, 1, 1, 1, ] | dp = [1, 1, 1, 1, 1, 1, 1, 1, ] | algo = [0, 0, 0, 0, 0, 0, 0, 0, ] | rc = [22, 18, 16, 16, 14, 8, 0, 0] | gpus = [1, 1, 1, 1, 1, 1, 1, 1] | micro_bs = 8 | time = [11491, 11094, 10942, 10942, 10818, 11085, 10841, 12423] | memory = [44976, 46958, 43468, 36906, 35112, 42802, 38744, 18489]
cv:0.0447600439465025
line465:max stage:7, min stage:4, max_value:12423.189682072561, min_value:10818.260022197544
fix|12382.48|46958.01| op = [104, 104, 104, 104, 107, 109, 121, 82]| tp = [1, 1, 1, 1, 1, 1, 1, 1, ] | dp = [1, 1, 1, 1, 1, 1, 1, 1, ] | algo = [0, 0, 0, 0, 0, 0, 0, 0, ] | rc = [22, 18, 16, 16, 14, 8, 0, 0] | gpus = [1, 1, 1, 1, 1, 1, 1, 1] | micro_bs = 8 | time = [11492, 11095, 10942, 10942, 10917, 11045, 10858, 12382] | memory = [44976, 46958, 43468, 36906, 35316, 42794, 38836, 18425]
cv:0.04286060811848494
line465:max stage:7, min stage:6, max_value:12382.47502409326, min_value:10858.90228792184
fix|12294.72|46958.01| op = [104, 104, 104, 104, 107, 109, 122, 81]| tp = [1, 1, 1, 1, 1, 1, 1, 1, ] | dp = [1, 1, 1, 1, 1, 1, 1, 1, ] | algo = [0, 0, 0, 0, 0, 0, 0, 0, ] | rc = [22, 18, 16, 16, 14, 8, 0, 0] | gpus = [1, 1, 1, 1, 1, 1, 1, 1] | micro_bs = 8 | time = [11491, 11094, 10942, 10942, 10916, 11045, 10884, 12294] | memory = [44976, 46958, 43468, 36906, 35316, 42794, 38884, 18345]
cv:0.040313095433954435
line465:max stage:7, min stage:6, max_value:12294.716361244939, min_value:10884.743347073518
fix|12266.72|46958.01| op = [104, 104, 104, 104, 107, 109, 123, 80]| tp = [1, 1, 1, 1, 1, 1, 1, 1, ] | dp = [1, 1, 1, 1, 1, 1, 1, 1, ] | algo = [0, 0, 0, 0, 0, 0, 0, 0, ] | rc = [22, 18, 16, 16, 14, 8, 0, 0] | gpus = [1, 1, 1, 1, 1, 1, 1, 1] | micro_bs = 8 | time = [11491, 11094, 10941, 10941, 10916, 11045, 10896, 12266] | memory = [44976, 46958, 43468, 36906, 35316, 42794, 38932, 18305]
cv:0.039479016275220255
line465:max stage:7, min stage:6, max_value:12266.715227968109, min_value:10896.206447796685
fix|12247.68|46958.01| op = [104, 104, 104, 104, 107, 109, 124, 79]| tp = [1, 1, 1, 1, 1, 1, 1, 1, ] | dp = [1, 1, 1, 1, 1, 1, 1, 1, ] | algo = [0, 0, 0, 0, 0, 0, 0, 0, ] | rc = [22, 18, 16, 16, 14, 8, 0, 0] | gpus = [1, 1, 1, 1, 1, 1, 1, 1] | micro_bs = 8 | time = [11491, 11094, 10942, 10942, 10916, 11045, 10931, 12247] | memory = [44976, 46958, 43468, 36906, 35316, 42794, 38965, 18305]
cv:0.038696607938881335
line465:max stage:7, min stage:4, max_value:12247.684834762225, min_value:10916.658900965354
fix|12187.47|46958.01| op = [104, 104, 104, 104, 108, 109, 124, 78]| tp = [1, 1, 1, 1, 1, 1, 1, 1, ] | dp = [1, 1, 1, 1, 1, 1, 1, 1, ] | algo = [0, 0, 0, 0, 0, 0, 0, 0, ] | rc = [22, 18, 16, 16, 14, 8, 0, 0] | gpus = [1, 1, 1, 1, 1, 1, 1, 1] | micro_bs = 8 | time = [11495, 11098, 10946, 10946, 11336, 11134, 11006, 12187] | memory = [44976, 46958, 43468, 36906, 37364, 42770, 38993, 18277]
cv:0.0347118880100932
line465:max stage:7, min stage:2, max_value:12187.470066304413, min_value:10946.062664559253
fix|12265.14|46958.01| op = [104, 104, 105, 104, 108, 109, 124, 77]| tp = [1, 1, 1, 1, 1, 1, 1, 1, ] | dp = [1, 1, 1, 1, 1, 1, 1, 1, ] | algo = [0, 0, 0, 0, 0, 0, 0, 0, ] | rc = [22, 18, 16, 16, 14, 8, 0, 0] | gpus = [1, 1, 1, 1, 1, 1, 1, 1] | micro_bs = 8 | time = [11499, 11102, 10961, 10933, 11497, 10988, 11406, 12265] | memory = [44976, 46958, 43612, 36826, 37204, 42818, 40016, 18245]
cv:0.03689681715188099
line465:max stage:7, min stage:3, max_value:12265.140998426525, min_value:10933.507432988552
fix|12081.19|46958.01| op = [104, 104, 105, 105, 108, 109, 124, 76]| tp = [1, 1, 1, 1, 1, 1, 1, 1, ] | dp = [1, 1, 1, 1, 1, 1, 1, 1, ] | algo = [0, 0, 0, 0, 0, 0, 0, 0, ] | rc = [22, 18, 16, 16, 17, 6, 0, 0] | gpus = [1, 1, 1, 1, 1, 1, 1, 1] | micro_bs = 8 | time = [11500, 11103, 10962, 10970, 11985, 10694, 11562, 12081] | memory = [44976, 46958, 43612, 36906, 37204, 43026, 39968, 18245]
cv:0.04164976811650426
line465:max stage:7, min stage:5, max_value:12081.188508944271, min_value:10694.411391675629
fix|11985.41|46958.01| op = [104, 104, 105, 105, 108, 110, 124, 75]| tp = [1, 1, 1, 1, 1, 1, 1, 1, ] | dp = [1, 1, 1, 1, 1, 1, 1, 1, ] | algo = [0, 0, 0, 0, 0, 0, 0, 0, ] | rc = [22, 18, 16, 16, 17, 6, 0, 0] | gpus = [1, 1, 1, 1, 1, 1, 1, 1] | micro_bs = 8 | time = [11500, 11103, 10962, 10970, 11985, 10735, 11738, 11864] | memory = [44976, 46958, 43612, 36906, 37204, 43218, 42144, 17093]
cv:0.03905294741792136
line465:max stage:4, min stage:5, max_value:11985.410446681035, min_value:10735.390156906165
fix|11863.89|46958.01| op = [104, 104, 105, 105, 107, 111, 124, 75]| tp = [1, 1, 1, 1, 1, 1, 1, 1, ] | dp = [1, 1, 1, 1, 1, 1, 1, 1, ] | algo = [0, 0, 0, 0, 0, 0, 0, 0, ] | rc = [22, 18, 16, 16, 14, 8, 0, 0] | gpus = [1, 1, 1, 1, 1, 1, 1, 1] | micro_bs = 8 | time = [11500, 11102, 10961, 10969, 11479, 11121, 11737, 11863] | memory = [44976, 46958, 43612, 36906, 37204, 43218, 42144, 17093]
cv:0.02892479636363689
line465:max stage:7, min stage:2, max_value:11863.894130653272, min_value:10961.988547689385
fix|11916.99|46958.01| op = [104, 104, 106, 105, 107, 111, 124, 74]| tp = [1, 1, 1, 1, 1, 1, 1, 1, ] | dp = [1, 1, 1, 1, 1, 1, 1, 1, ] | algo = [0, 0, 0, 0, 0, 0, 0, 0, ] | rc = [22, 18, 16, 16, 17, 6, 0, 0] | gpus = [1, 1, 1, 1, 1, 1, 1, 1] | micro_bs = 8 | time = [11496, 11099, 10994, 11045, 11916, 10757, 11557, 11425] | memory = [44976, 46958, 43708, 37158, 37128, 43282, 42032, 16565]
cv:0.031212763490322648
line465:max stage:4, min stage:5, max_value:11916.9920138903, min_value:10757.504783316563
fix|11557.00|46958.01| op = [104, 104, 106, 105, 106, 112, 124, 74]| tp = [1, 1, 1, 1, 1, 1, 1, 1, ] | dp = [1, 1, 1, 1, 1, 1, 1, 1, ] | algo = [0, 0, 0, 0, 0, 0, 0, 0, ] | rc = [22, 18, 16, 16, 14, 8, 0, 0] | gpus = [1, 1, 1, 1, 1, 1, 1, 1] | micro_bs = 8 | time = [11495, 11098, 10993, 11044, 11410, 11143, 11557, 11424] | memory = [44976, 46958, 43708, 37158, 37128, 43282, 42032, 16565]
cv:0.018544908176302576
line465:max stage:6, min stage:2, max_value:11557.001923197378, min_value:10993.220094197377
fix|11994.93|46958.01| op = [104, 104, 107, 105, 106, 112, 123, 74]| tp = [1, 1, 1, 1, 1, 1, 1, 1, ] | dp = [1, 1, 1, 1, 1, 1, 1, 1, ] | algo = [0, 0, 0, 0, 0, 0, 0, 0, ] | rc = [22, 18, 16, 16, 17, 6, 0, 0] | gpus = [1, 1, 1, 1, 1, 1, 1, 1] | micro_bs = 8 | time = [11500, 11103, 11096, 11401, 11994, 10773, 11534, 11429] | memory = [44976, 46958, 44008, 39626, 37000, 43354, 41952, 16565]
cv:0.030173115101666835
line465:max stage:4, min stage:5, max_value:11994.933798802576, min_value:10773.093336010113
fix|11533.13|46958.01| op = [104, 104, 107, 105, 105, 113, 123, 74]| tp = [1, 1, 1, 1, 1, 1, 1, 1, ] | dp = [1, 1, 1, 1, 1, 1, 1, 1, ] | algo = [0, 0, 0, 0, 0, 0, 0, 0, ] | rc = [22, 18, 16, 16, 14, 8, 0, 0] | gpus = [1, 1, 1, 1, 1, 1, 1, 1] | micro_bs = 8 | time = [11499, 11102, 11095, 11400, 11488, 11159, 11533, 11428] | memory = [44976, 46958, 44008, 39626, 37000, 43354, 41952, 16565]
cv:0.015428207532189368
line465:max stage:6, min stage:2, max_value:11533.126241890928, min_value:11095.825421739568
fix|11814.63|46958.01| op = [104, 104, 108, 105, 105, 113, 122, 74]| tp = [1, 1, 1, 1, 1, 1, 1, 1, ] | dp = [1, 1, 1, 1, 1, 1, 1, 1, ] | algo = [0, 0, 0, 0, 0, 0, 0, 0, ] | rc = [22, 18, 18, 16, 17, 6, 0, 0] | gpus = [1, 1, 1, 1, 1, 1, 1, 1] | micro_bs = 8 | time = [11505, 11108, 11670, 11665, 11814, 10813, 11520, 11434] | memory = [44976, 46958, 44520, 39466, 37000, 43402, 41952, 16565]
cv:0.026883338125517915
line465:max stage:4, min stage:5, max_value:11814.627445785532, min_value:10813.715047666348
fix|11669.12|46958.01| op = [104, 104, 108, 105, 104, 114, 122, 74]| tp = [1, 1, 1, 1, 1, 1, 1, 1, ] | dp = [1, 1, 1, 1, 1, 1, 1, 1, ] | algo = [0, 0, 0, 0, 0, 0, 0, 0, ] | rc = [22, 18, 18, 16, 14, 8, 0, 0] | gpus = [1, 1, 1, 1, 1, 1, 1, 1] | micro_bs = 8 | time = [11504, 11107, 11669, 11664, 11308, 11200, 11519, 11433] | memory = [44976, 46958, 44520, 39466, 37000, 43402, 41952, 16565]
cv:0.016867354513809385
line465:max stage:2, min stage:1, max_value:11669.121629467161, min_value:11107.892482148789
fix|11663.74|46840.75| op = [104, 105, 107, 105, 104, 114, 122, 74]| tp = [1, 1, 1, 1, 1, 1, 1, 1, ] | dp = [1, 1, 1, 1, 1, 1, 1, 1, ] | algo = [0, 0, 0, 0, 0, 0, 0, 0, ] | rc = [22, 20, 16, 16, 14, 8, 0, 0] | gpus = [1, 1, 1, 1, 1, 1, 1, 1] | micro_bs = 8 | time = [11503, 11153, 11487, 11663, 11307, 11199, 11518, 11432] | memory = [44976, 46678, 46840, 39466, 37000, 43402, 41952, 16565]
best|11533.13|46958.01| op = [104, 104, 107, 105, 105, 113, 123, 74]| tp = [1, 1, 1, 1, 1, 1, 1, 1, ] | dp = [1, 1, 1, 1, 1, 1, 1, 1, ] | algo = [0, 0, 0, 0, 0, 0, 0, 0, ] | rc = [22, 18, 16, 16, 14, 8, 0, 0] | gpus = [1, 1, 1, 1, 1, 1, 1, 1] | micro_bs = 8 | time = [11499, 11102, 11095, 11400, 11488, 11159, 11533, 11428] | memory = [44976, 46958, 44008, 39626, 37000, 43354, 41952, 16565]
line146:config.memory_list:[44976.496, 46958.007, 44008.75600000001, 39626.0, 37000.0, 43354.375, 41952.75, 16565.703]
line147:config.time_list:[11499.804426468274, 11102.708731165829, 11095.825421739568, 11400.17370105794, 11488.564485802573, 11159.57275801011, 11533.126241890928, 11428.432727536438]
------------------------------------------------------------------------------------------------------
cegis_search for the 0th times
开始求解check...
line351:
tp_list[1, 1, 1, 1, 1, 1, 1, 1, 1, 1, 1, 1, 1, 1, 1, 1, 1, 1, 1, 1, 1, 1, 1, 1, 1, 1, 1, 1, 1, 1, 1, 1, 1, 1, 1, 1, 1, 1, 1, 1, 1, 1, 1, 1, 1, 1, 1, 1, 1, 1, 1, 1, 1, 1, 1, 1, 1, 1, 1, 1, 1, 1, 1, 1, 1, 1, 1, 1, 1, 1, 1, 1, 1, 1, 1, 1, 1, 1, 1, 1, 1, 1, 1, 1, 1, 1, 1, 1, 1, 1, 1, 1, 1, 1, 1, 1, 1, 1, 1, 1, 1, 1, 1, 1, 1, 1, 1, 1, 1, 1, 1, 1, 1, 1, 1, 1, 1, 1, 1, 1, 1, 1, 1, 1, 1, 1, 1, 1, 1, 1, 1, 1, 1, 1, 1, 1, 1, 1, 1, 1, 1, 1, 1, 1, 1, 1, 1, 1, 1, 1, 1, 1, 1, 1, 1, 1, 1, 1, 1, 1, 1, 1, 1, 1, 1, 1, 1, 1, 1, 1, 1, 1, 1, 1, 1, 1, 1, 1, 1, 1, 1, 1, 1, 1, 1, 1, 1, 1, 1, 1, 1, 1, 1, 1, 1, 1, 1, 1, 1, 1, 1, 1, 1, 1, 1, 1, 1, 1, 1, 1, 1, 1, 1, 1, 1, 1, 1, 1, 1, 1, 1, 1, 1, 1, 1, 1, 1, 1, 1, 1, 1, 1, 1, 1, 1, 1, 1, 1, 1, 1, 1, 1, 1, 1, 1, 1, 1, 1, 1, 1, 1, 1, 1, 1, 1, 1, 1, 1, 1, 1, 1, 1, 1, 1, 1, 1, 1, 1, 1, 1, 1, 1, 1, 1, 1, 1, 1, 1, 1, 1, 1, 1, 1, 1, 1, 1, 1, 1, 1, 1, 1, 1, 1, 1, 1, 1, 1, 1, 1, 1, 1, 1, 1, 1, 1, 1, 1, 1, 1, 1, 1, 1, 1, 1, 1, 1, 1, 1, 1, 1, 1, 1, 1, 1, 1, 1, 1, 1, 1, 1, 1, 1, 1, 1, 1, 1, 1, 1, 1, 1, 1, 1, 1, 1, 1, 1, 1, 1, 1, 1, 1, 1, 1, 1, 1, 1, 1, 1, 1, 1, 1, 1, 1, 1, 1, 1, 1, 1, 1, 1, 1, 1, 1, 1, 1, 1, 1, 1, 1, 1, 1, 1, 1, 1, 1, 1, 1, 1, 1, 1, 1, 1, 1, 1, 1, 1, 1, 1, 1, 1, 1, 1, 1, 1, 1, 1, 1, 1, 1, 1, 1, 1, 1, 1, 1, 1, 1, 1, 1, 1, 1, 1, 1, 1, 1, 1, 1, 1, 1, 1, 1, 1, 1, 1, 1, 1, 1, 1, 1, 1, 1, 1, 1, 1, 1, 1, 1, 1, 1, 1, 1, 1, 1, 1, 1, 1, 1, 1, 1, 1, 1, 1, 1, 1, 1, 1, 1, 1, 1, 1, 1, 1, 1, 1, 1, 1, 1, 1, 1, 1, 1, 1, 1, 1, 1, 1, 1, 1, 1, 1, 1, 1, 1, 1, 1, 1, 1, 1, 1, 1, 1, 1, 1, 1, 1, 1, 1, 1, 1, 1, 1, 1, 1, 1, 1, 1, 1, 1, 1, 1, 1, 1, 1, 1, 1, 1, 1, 1, 1, 1, 1, 1, 1, 1, 1, 1, 1, 1, 1, 1, 1, 1, 1, 1, 1, 1, 1, 1, 1, 1, 1, 1, 1, 1, 1, 1, 1, 1, 1, 1, 1, 1, 1, 1, 1, 1, 1, 1, 1, 1, 1, 1, 1, 1, 1, 1, 1, 1, 1, 1, 1, 1, 1, 1, 1, 1, 1, 1, 1, 1, 1, 1, 1, 1, 1, 1, 1, 1, 1, 1, 1, 1, 1, 1, 1, 1, 1, 1, 1, 1, 1, 1, 1, 1, 1, 1, 1, 1, 1, 1, 1, 1, 1, 1, 1, 1, 1, 1, 1, 1, 1, 1, 1, 1, 1, 1, 1, 1, 1, 1, 1, 1, 1, 1, 1, 1, 1, 1, 1, 1, 1, 1, 1, 1, 1, 1, 1, 1, 1, 1, 1, 1, 1, 1, 1, 1, 1, 1, 1, 1, 1, 1, 1, 1, 1, 1, 1, 1, 1, 1, 1, 1, 1, 1, 1, 1, 1, 1, 1, 1, 1, 1, 1, 1, 1, 1, 1, 1, 1, 1, 1, 1, 1, 1, 1, 1, 1, 1, 1, 1, 1, 1, 1, 1, 1, 1, 1, 1, 1, 1, 1, 1, 1, 1, 1, 1, 1, 1, 1, 1, 1, 1, 1, 1, 1, 1, 1, 1, 1, 1, 1, 1, 1, 1, 1, 1, 1, 1, 1, 1, 1, 1, 1, 1, 1, 1, 1, 1, 1, 1, 1, 1, 1, 1, 1, 1, 1, 1, 1, 1, 1, 1, 1, 1, 1, 1, 1, 1, 1, 1, 1, 1, 1, 1, 1, 1, 1, 1, 1, 1, 1, 1, 1, 1, 1, 1, 1, 1, 1, 1, 1, 1, 1, 1, 1, 1, 1, 1, 1, 1, 1, 1, 1, 1, 1, 1, 1, 1, 1, 1, 1, 1, 1, 1, 1, 1, 1, 1, 1, 1, 1, 1, 1, 1, 1]
dp_list[1, 1, 1, 1, 1, 1, 1, 1, 1, 1, 1, 1, 1, 1, 1, 1, 1, 1, 1, 1, 1, 1, 1, 1, 1, 1, 1, 1, 1, 1, 1, 1, 1, 1, 1, 1, 1, 1, 1, 1, 1, 1, 1, 1, 1, 1, 1, 1, 1, 1, 1, 1, 1, 1, 1, 1, 1, 1, 1, 1, 1, 1, 1, 1, 1, 1, 1, 1, 1, 1, 1, 1, 1, 1, 1, 1, 1, 1, 1, 1, 1, 1, 1, 1, 1, 1, 1, 1, 1, 1, 1, 1, 1, 1, 1, 1, 1, 1, 1, 1, 1, 1, 1, 1, 1, 1, 1, 1, 1, 1, 1, 1, 1, 1, 1, 1, 1, 1, 1, 1, 1, 1, 1, 1, 1, 1, 1, 1, 1, 1, 1, 1, 1, 1, 1, 1, 1, 1, 1, 1, 1, 1, 1, 1, 1, 1, 1, 1, 1, 1, 1, 1, 1, 1, 1, 1, 1, 1, 1, 1, 1, 1, 1, 1, 1, 1, 1, 1, 1, 1, 1, 1, 1, 1, 1, 1, 1, 1, 1, 1, 1, 1, 1, 1, 1, 1, 1, 1, 1, 1, 1, 1, 1, 1, 1, 1, 1, 1, 1, 1, 1, 1, 1, 1, 1, 1, 1, 1, 1, 1, 1, 1, 1, 1, 1, 1, 1, 1, 1, 1, 1, 1, 1, 1, 1, 1, 1, 1, 1, 1, 1, 1, 1, 1, 1, 1, 1, 1, 1, 1, 1, 1, 1, 1, 1, 1, 1, 1, 1, 1, 1, 1, 1, 1, 1, 1, 1, 1, 1, 1, 1, 1, 1, 1, 1, 1, 1, 1, 1, 1, 1, 1, 1, 1, 1, 1, 1, 1, 1, 1, 1, 1, 1, 1, 1, 1, 1, 1, 1, 1, 1, 1, 1, 1, 1, 1, 1, 1, 1, 1, 1, 1, 1, 1, 1, 1, 1, 1, 1, 1, 1, 1, 1, 1, 1, 1, 1, 1, 1, 1, 1, 1, 1, 1, 1, 1, 1, 1, 1, 1, 1, 1, 1, 1, 1, 1, 1, 1, 1, 1, 1, 1, 1, 1, 1, 1, 1, 1, 1, 1, 1, 1, 1, 1, 1, 1, 1, 1, 1, 1, 1, 1, 1, 1, 1, 1, 1, 1, 1, 1, 1, 1, 1, 1, 1, 1, 1, 1, 1, 1, 1, 1, 1, 1, 1, 1, 1, 1, 1, 1, 1, 1, 1, 1, 1, 1, 1, 1, 1, 1, 1, 1, 1, 1, 1, 1, 1, 1, 1, 1, 1, 1, 1, 1, 1, 1, 1, 1, 1, 1, 1, 1, 1, 1, 1, 1, 1, 1, 1, 1, 1, 1, 1, 1, 1, 1, 1, 1, 1, 1, 1, 1, 1, 1, 1, 1, 1, 1, 1, 1, 1, 1, 1, 1, 1, 1, 1, 1, 1, 1, 1, 1, 1, 1, 1, 1, 1, 1, 1, 1, 1, 1, 1, 1, 1, 1, 1, 1, 1, 1, 1, 1, 1, 1, 1, 1, 1, 1, 1, 1, 1, 1, 1, 1, 1, 1, 1, 1, 1, 1, 1, 1, 1, 1, 1, 1, 1, 1, 1, 1, 1, 1, 1, 1, 1, 1, 1, 1, 1, 1, 1, 1, 1, 1, 1, 1, 1, 1, 1, 1, 1, 1, 1, 1, 1, 1, 1, 1, 1, 1, 1, 1, 1, 1, 1, 1, 1, 1, 1, 1, 1, 1, 1, 1, 1, 1, 1, 1, 1, 1, 1, 1, 1, 1, 1, 1, 1, 1, 1, 1, 1, 1, 1, 1, 1, 1, 1, 1, 1, 1, 1, 1, 1, 1, 1, 1, 1, 1, 1, 1, 1, 1, 1, 1, 1, 1, 1, 1, 1, 1, 1, 1, 1, 1, 1, 1, 1, 1, 1, 1, 1, 1, 1, 1, 1, 1, 1, 1, 1, 1, 1, 1, 1, 1, 1, 1, 1, 1, 1, 1, 1, 1, 1, 1, 1, 1, 1, 1, 1, 1, 1, 1, 1, 1, 1, 1, 1, 1, 1, 1, 1, 1, 1, 1, 1, 1, 1, 1, 1, 1, 1, 1, 1, 1, 1, 1, 1, 1, 1, 1, 1, 1, 1, 1, 1, 1, 1, 1, 1, 1, 1, 1, 1, 1, 1, 1, 1, 1, 1, 1, 1, 1, 1, 1, 1, 1, 1, 1, 1, 1, 1, 1, 1, 1, 1, 1, 1, 1, 1, 1, 1, 1, 1, 1, 1, 1, 1, 1, 1, 1, 1, 1, 1, 1, 1, 1, 1, 1, 1, 1, 1, 1, 1, 1, 1, 1, 1, 1, 1, 1, 1, 1, 1, 1, 1, 1, 1, 1, 1, 1, 1, 1, 1, 1, 1, 1, 1, 1, 1, 1, 1, 1, 1, 1, 1, 1, 1, 1, 1, 1, 1, 1, 1, 1, 1, 1, 1, 1, 1, 1, 1, 1, 1, 1, 1, 1, 1, 1, 1, 1, 1, 1, 1, 1, 1, 1, 1, 1, 1, 1, 1, 1, 1, 1, 1, 1, 1, 1, 1, 1, 1, 1, 1, 1, 1, 1, 1, 1, 1, 1, 1, 1, 1, 1, 1, 1, 1, 1, 1, 1, 1, 1, 1, 1, 1]
algo_list[0, 0, 0, 0, 0, 0, 0, 0, 0, 0, 0, 0, 0, 0, 0, 0, 0, 0, 0, 0, 0, 0, 0, 0, 0, 0, 0, 0, 0, 0, 0, 0, 0, 0, 0, 0, 0, 0, 0, 0, 0, 0, 0, 0, 0, 0, 0, 0, 0, 0, 0, 0, 0, 0, 0, 0, 0, 0, 0, 0, 0, 0, 0, 0, 0, 0, 0, 0, 0, 0, 0, 0, 0, 0, 0, 0, 0, 0, 0, 0, 0, 0, 0, 0, 0, 0, 0, 0, 0, 0, 0, 0, 0, 0, 0, 0, 0, 0, 0, 0, 0, 0, 0, 0, 0, 0, 0, 0, 0, 0, 0, 0, 0, 0, 0, 0, 0, 0, 0, 0, 0, 0, 0, 0, 0, 0, 0, 0, 0, 0, 0, 0, 0, 0, 0, 0, 0, 0, 0, 0, 0, 0, 0, 0, 0, 0, 0, 0, 0, 0, 0, 0, 0, 0, 0, 0, 0, 0, 0, 0, 0, 0, 0, 0, 0, 0, 0, 0, 0, 0, 0, 0, 0, 0, 0, 0, 0, 0, 0, 0, 0, 0, 0, 0, 0, 0, 0, 0, 0, 0, 0, 0, 0, 0, 0, 0, 0, 0, 0, 0, 0, 0, 0, 0, 0, 0, 0, 0, 0, 0, 0, 0, 0, 0, 0, 0, 0, 0, 0, 0, 0, 0, 0, 0, 0, 0, 0, 0, 0, 0, 0, 0, 0, 0, 0, 0, 0, 0, 0, 0, 0, 0, 0, 0, 0, 0, 0, 0, 0, 0, 0, 0, 0, 0, 0, 0, 0, 0, 0, 0, 0, 0, 0, 0, 0, 0, 0, 0, 0, 0, 0, 0, 0, 0, 0, 0, 0, 0, 0, 0, 0, 0, 0, 0, 0, 0, 0, 0, 0, 0, 0, 0, 0, 0, 0, 0, 0, 0, 0, 0, 0, 0, 0, 0, 0, 0, 0, 0, 0, 0, 0, 0, 0, 0, 0, 0, 0, 0, 0, 0, 0, 0, 0, 0, 0, 0, 0, 0, 0, 0, 0, 0, 0, 0, 0, 0, 0, 0, 0, 0, 0, 0, 0, 0, 0, 0, 0, 0, 0, 0, 0, 0, 0, 0, 0, 0, 0, 0, 0, 0, 0, 0, 0, 0, 0, 0, 0, 0, 0, 0, 0, 0, 0, 0, 0, 0, 0, 0, 0, 0, 0, 0, 0, 0, 0, 0, 0, 0, 0, 0, 0, 0, 0, 0, 0, 0, 0, 0, 0, 0, 0, 0, 0, 0, 0, 0, 0, 0, 0, 0, 0, 0, 0, 0, 0, 0, 0, 0, 0, 0, 0, 0, 0, 0, 0, 0, 0, 0, 0, 0, 0, 0, 0, 0, 0, 0, 0, 0, 0, 0, 0, 0, 0, 0, 0, 0, 0, 0, 0, 0, 0, 0, 0, 0, 0, 0, 0, 0, 0, 0, 0, 0, 0, 0, 0, 0, 0, 0, 0, 0, 0, 0, 0, 0, 0, 0, 0, 0, 0, 0, 0, 0, 0, 0, 0, 0, 0, 0, 0, 0, 0, 0, 0, 0, 0, 0, 0, 0, 0, 0, 0, 0, 0, 0, 0, 0, 0, 0, 0, 0, 0, 0, 0, 0, 0, 0, 0, 0, 0, 0, 0, 0, 0, 0, 0, 0, 0, 0, 0, 0, 0, 0, 0, 0, 0, 0, 0, 0, 0, 0, 0, 0, 0, 0, 0, 0, 0, 0, 0, 0, 0, 0, 0, 0, 0, 0, 0, 0, 0, 0, 0, 0, 0, 0, 0, 0, 0, 0, 0, 0, 0, 0, 0, 0, 0, 0, 0, 0, 0, 0, 0, 0, 0, 0, 0, 0, 0, 0, 0, 0, 0, 0, 0, 0, 0, 0, 0, 0, 0, 0, 0, 0, 0, 0, 0, 0, 0, 0, 0, 0, 0, 0, 0, 0, 0, 0, 0, 0, 0, 0, 0, 0, 0, 0, 0, 0, 0, 0, 0, 0, 0, 0, 0, 0, 0, 0, 0, 0, 0, 0, 0, 0, 0, 0, 0, 0, 0, 0, 0, 0, 0, 0, 0, 0, 0, 0, 0, 0, 0, 0, 0, 0, 0, 0, 0, 0, 0, 0, 0, 0, 0, 0, 0, 0, 0, 0, 0, 0, 0, 0, 0, 0, 0, 0, 0, 0, 0, 0, 0, 0, 0, 0, 0, 0, 0, 0, 0, 0, 0, 0, 0, 0, 0, 0, 0, 0, 0, 0, 0, 0, 0, 0, 0, 0, 0, 0, 0, 0, 0, 0, 0, 0, 0, 0, 0, 0, 0, 0, 0, 0, 0, 0, 0, 0, 0, 0, 0, 0, 0, 0, 0, 0, 0, 0, 0, 0, 0, 0, 0, 0, 0, 0, 0, 0, 0, 0, 0, 0, 0, 0, 0, 0, 0, 0, 0, 0, 0, 0, 0, 0, 0, 0, 0, 0, 0, 0, 0, 0, 0, 0, 0, 0, 0, 0, 0, 0, 0, 0, 0, 0, 0, 0, 0, 0, 0, 0, 0, 0, 0, 0, 0, 0, 0, 0, 0, 0, 0, 0, 0, 0, 0, 0, 0, 0, 0, 0, 0, 0, 0, 0, 0, 0, 0, 0, 0, 0, 0, 0, 0, 0, 0, 0, 0, 0, 0]

decode|11814.63|46958.01| op = [104, 104, 108, 105, 105, 113, 122, 74]| tp = [1, 1, 1, 1, 1, 1, 1, 1, ] | dp = [1, 1, 1, 1, 1, 1, 1, 1, ] | algo = [0, 0, 0, 0, 0, 0, 0, 0, ] | rc = [22, 18, 18, 16, 17, 6, 0, 0] | gpus = [1, 1, 1, 1, 1, 1, 1, 1] | micro_bs = 8 | time = [11505, 11108, 11670, 11665, 11814, 10813, 11520, 11434] | memory = [44976, 46958, 44520, 39466, 37000, 43402, 41952, 16565]
验证解
line465:max stage:4, min stage:5, max_value:11814.627445785532, min_value:10813.715047666348
fix|11669.12|46958.01| op = [104, 104, 108, 105, 104, 114, 122, 74]| tp = [1, 1, 1, 1, 1, 1, 1, 1, ] | dp = [1, 1, 1, 1, 1, 1, 1, 1, ] | algo = [0, 0, 0, 0, 0, 0, 0, 0, ] | rc = [22, 18, 18, 16, 14, 8, 0, 0] | gpus = [1, 1, 1, 1, 1, 1, 1, 1] | micro_bs = 8 | time = [11504, 11107, 11669, 11664, 11308, 11200, 11519, 11433] | memory = [44976, 46958, 44520, 39466, 37000, 43402, 41952, 16565]
cv:0.016867354513809385
line465:max stage:2, min stage:1, max_value:11669.121629467161, min_value:11107.892482148789
fix|11663.74|46840.75| op = [104, 105, 107, 105, 104, 114, 122, 74]| tp = [1, 1, 1, 1, 1, 1, 1, 1, ] | dp = [1, 1, 1, 1, 1, 1, 1, 1, ] | algo = [0, 0, 0, 0, 0, 0, 0, 0, ] | rc = [22, 20, 16, 16, 14, 8, 0, 0] | gpus = [1, 1, 1, 1, 1, 1, 1, 1] | micro_bs = 8 | time = [11503, 11153, 11487, 11663, 11307, 11199, 11518, 11432] | memory = [44976, 46678, 46840, 39466, 37000, 43402, 41952, 16565]
best|11663.74|46840.75| op = [104, 105, 107, 105, 104, 114, 122, 74]| tp = [1, 1, 1, 1, 1, 1, 1, 1, ] | dp = [1, 1, 1, 1, 1, 1, 1, 1, ] | algo = [0, 0, 0, 0, 0, 0, 0, 0, ] | rc = [22, 20, 16, 16, 14, 8, 0, 0] | gpus = [1, 1, 1, 1, 1, 1, 1, 1] | micro_bs = 8 | time = [11503, 11153, 11487, 11663, 11307, 11199, 11518, 11432] | memory = [44976, 46678, 46840, 39466, 37000, 43402, 41952, 16565]
line146:config.memory_list:[44976.496, 46678.007, 46840.75, 39466.0, 37000.0, 43402.75, 41952.5, 16565.703]
line147:config.time_list:[11503.933725648492, 11153.316232871957, 11487.67359619033, 11663.737638982791, 11307.203680982791, 11199.140017863607, 11518.096963744423, 11432.562026716656]
求解成功
config has been saved to /home/liminglong.lml/sxz/SuperScaler/logs-large/aceso/configs/scale-layer/64layers/scale-layer_64layers_8stages_2026-5-15-12-57-57.json

========== Best Result (num_stages = 8) ==========
|11663.74|46840.75| op = [104, 105, 107, 105, 104, 114, 122, 74]| tp = [1, 1, 1, 1, 1, 1, 1, 1, ] | dp = [1, 1, 1, 1, 1, 1, 1, 1, ] | algo = [0, 0, 0, 0, 0, 0, 0, 0, ] | rc = [22, 20, 16, 16, 14, 8, 0, 0] | gpus = [1, 1, 1, 1, 1, 1, 1, 1] | micro_bs = 8 | time = [11503, 11153, 11487, 11663, 11307, 11199, 11518, 11432] | memory = [44976, 46678, 46840, 39466, 37000, 43402, 41952, 16565]
start|14501.27|46958.01| op = [104, 104, 104, 104, 104, 104, 104, 107]| tp = [1, 1, 1, 1, 1, 1, 1, 1, ] | dp = [1, 1, 1, 1, 1, 1, 1, 1, ] | algo = [0, 0, 0, 0, 0, 0, 0, 0, ] | rc = [22, 18, 16, 16, 14, 4, 0, 0] | gpus = [1, 1, 1, 1, 1, 1, 1, 1] | micro_bs = 8 | time = [11488, 11091, 10939, 10939, 10768, 9912, 9570, 14501] | memory = [44976, 46958, 43468, 36906, 34952, 44518, 34500, 22378]
fix|14473.27|46958.01| op = [104, 104, 104, 104, 104, 104, 105, 106]| tp = [1, 1, 1, 1, 1, 1, 1, 1, ] | dp = [1, 1, 1, 1, 1, 1, 1, 1, ] | algo = [0, 0, 0, 0, 0, 0, 0, 0, ] | rc = [22, 18, 16, 16, 14, 4, 0, 0] | gpus = [1, 1, 1, 1, 1, 1, 1, 1] | micro_bs = 8 | time = [11488, 11091, 10938, 10938, 10767, 9912, 9582, 14473] | memory = [44976, 46958, 43468, 36906, 34952, 44518, 34548, 22338]
fix|14454.24|46958.01| op = [104, 104, 104, 104, 104, 104, 106, 105]| tp = [1, 1, 1, 1, 1, 1, 1, 1, ] | dp = [1, 1, 1, 1, 1, 1, 1, 1, ] | algo = [0, 0, 0, 0, 0, 0, 0, 0, ] | rc = [22, 18, 16, 16, 14, 4, 0, 0] | gpus = [1, 1, 1, 1, 1, 1, 1, 1] | micro_bs = 8 | time = [11488, 11091, 10939, 10939, 10768, 9912, 9617, 14454] | memory = [44976, 46958, 43468, 36906, 34952, 44518, 34580, 22338]
fix|14390.30|46958.01| op = [104, 104, 104, 104, 104, 104, 107, 104]| tp = [1, 1, 1, 1, 1, 1, 1, 1, ] | dp = [1, 1, 1, 1, 1, 1, 1, 1, ] | algo = [0, 0, 0, 0, 0, 0, 0, 0, ] | rc = [22, 18, 16, 16, 14, 4, 0, 0] | gpus = [1, 1, 1, 1, 1, 1, 1, 1] | micro_bs = 8 | time = [11488, 11091, 10939, 10939, 10768, 9913, 9716, 14390] | memory = [44976, 46958, 43468, 36906, 34952, 44518, 34688, 22310]
fix|14468.09|46958.01| op = [104, 104, 104, 104, 104, 104, 108, 103]| tp = [1, 1, 1, 1, 1, 1, 1, 1, ] | dp = [1, 1, 1, 1, 1, 1, 1, 1, ] | algo = [0, 0, 0, 0, 0, 0, 0, 0, ] | rc = [22, 18, 16, 16, 14, 4, 0, 0] | gpus = [1, 1, 1, 1, 1, 1, 1, 1] | micro_bs = 8 | time = [11492, 11095, 10943, 10943, 10772, 9916, 10136, 14468] | memory = [44976, 46958, 43468, 36906, 34952, 44518, 35712, 22278]
fix|14282.48|46958.01| op = [104, 104, 104, 104, 104, 105, 108, 102]| tp = [1, 1, 1, 1, 1, 1, 1, 1, ] | dp = [1, 1, 1, 1, 1, 1, 1, 1, ] | algo = [0, 0, 0, 0, 0, 0, 0, 0, ] | rc = [22, 18, 16, 16, 14, 4, 0, 0] | gpus = [1, 1, 1, 1, 1, 1, 1, 1] | micro_bs = 8 | time = [11492, 11095, 10943, 10943, 10772, 9928, 10293, 14282] | memory = [44976, 46958, 43468, 36906, 34952, 44590, 35632, 22278]
fix|14066.24|46958.01| op = [104, 104, 104, 104, 104, 106, 108, 101]| tp = [1, 1, 1, 1, 1, 1, 1, 1, ] | dp = [1, 1, 1, 1, 1, 1, 1, 1, ] | algo = [0, 0, 0, 0, 0, 0, 0, 0, ] | rc = [22, 18, 16, 16, 14, 4, 0, 0] | gpus = [1, 1, 1, 1, 1, 1, 1, 1] | micro_bs = 8 | time = [11492, 11095, 10943, 10943, 10772, 9963, 10490, 14066] | memory = [44976, 46958, 43468, 36906, 34952, 44638, 37936, 21126]
fix|13627.13|46958.01| op = [104, 104, 104, 104, 104, 107, 108, 100]| tp = [1, 1, 1, 1, 1, 1, 1, 1, ] | dp = [1, 1, 1, 1, 1, 1, 1, 1, ] | algo = [0, 0, 0, 0, 0, 0, 0, 0, ] | rc = [22, 18, 16, 16, 14, 4, 0, 0] | gpus = [1, 1, 1, 1, 1, 1, 1, 1] | micro_bs = 8 | time = [11488, 11091, 10939, 10939, 10768, 10058, 10334, 13627] | memory = [44976, 46958, 43468, 36906, 34952, 44794, 37924, 20598]
fix|13608.25|46958.01| op = [104, 104, 104, 104, 104, 108, 108, 99]| tp = [1, 1, 1, 1, 1, 1, 1, 1, ] | dp = [1, 1, 1, 1, 1, 1, 1, 1, ] | algo = [0, 0, 0, 0, 0, 0, 0, 0, ] | rc = [22, 18, 16, 16, 14, 6, 0, 0] | gpus = [1, 1, 1, 1, 1, 1, 1, 1] | micro_bs = 8 | time = [11494, 11097, 10944, 10944, 10773, 10650, 10437, 13608] | memory = [44976, 46958, 43468, 36906, 34952, 42874, 37896, 20578]
fix|13580.17|46958.01| op = [104, 104, 104, 104, 104, 108, 109, 98]| tp = [1, 1, 1, 1, 1, 1, 1, 1, ] | dp = [1, 1, 1, 1, 1, 1, 1, 1, ] | algo = [0, 0, 0, 0, 0, 0, 0, 0, ] | rc = [22, 18, 16, 16, 14, 6, 0, 0] | gpus = [1, 1, 1, 1, 1, 1, 1, 1] | micro_bs = 8 | time = [11494, 11096, 10944, 10944, 10773, 10650, 10448, 13580] | memory = [44976, 46958, 43468, 36906, 34952, 42874, 37944, 20538]
fix|13560.89|46958.01| op = [104, 104, 104, 104, 104, 108, 110, 97]| tp = [1, 1, 1, 1, 1, 1, 1, 1, ] | dp = [1, 1, 1, 1, 1, 1, 1, 1, ] | algo = [0, 0, 0, 0, 0, 0, 0, 0, ] | rc = [22, 18, 16, 16, 14, 6, 0, 0] | gpus = [1, 1, 1, 1, 1, 1, 1, 1] | micro_bs = 8 | time = [11494, 11097, 10944, 10944, 10773, 10650, 10484, 13560] | memory = [44976, 46958, 43468, 36906, 34952, 42874, 37976, 20538]
fix|13530.73|46958.01| op = [104, 104, 104, 104, 104, 108, 111, 96]| tp = [1, 1, 1, 1, 1, 1, 1, 1, ] | dp = [1, 1, 1, 1, 1, 1, 1, 1, ] | algo = [0, 0, 0, 0, 0, 0, 0, 0, ] | rc = [22, 18, 16, 16, 14, 6, 0, 0] | gpus = [1, 1, 1, 1, 1, 1, 1, 1] | micro_bs = 8 | time = [11494, 11097, 10945, 10945, 10774, 10651, 10576, 13530] | memory = [44976, 46958, 43468, 36906, 34952, 42874, 38120, 20506]
fix|13489.74|46958.01| op = [104, 104, 104, 104, 104, 108, 112, 95]| tp = [1, 1, 1, 1, 1, 1, 1, 1, ] | dp = [1, 1, 1, 1, 1, 1, 1, 1, ] | algo = [0, 0, 0, 0, 0, 0, 0, 0, ] | rc = [22, 18, 16, 16, 14, 6, 0, 0] | gpus = [1, 1, 1, 1, 1, 1, 1, 1] | micro_bs = 8 | time = [11494, 11097, 10945, 10945, 10774, 10651, 10617, 13489] | memory = [44976, 46958, 43468, 36906, 34952, 42874, 38248, 20442]
fix|13401.98|46958.01| op = [104, 104, 104, 104, 104, 108, 113, 94]| tp = [1, 1, 1, 1, 1, 1, 1, 1, ] | dp = [1, 1, 1, 1, 1, 1, 1, 1, ] | algo = [0, 0, 0, 0, 0, 0, 0, 0, ] | rc = [22, 18, 16, 16, 14, 6, 0, 0] | gpus = [1, 1, 1, 1, 1, 1, 1, 1] | micro_bs = 8 | time = [11494, 11097, 10944, 10944, 10773, 10650, 10643, 13401] | memory = [44976, 46958, 43468, 36906, 34952, 42874, 38296, 20362]
fix|13373.98|46958.01| op = [104, 104, 104, 104, 104, 108, 114, 93]| tp = [1, 1, 1, 1, 1, 1, 1, 1, ] | dp = [1, 1, 1, 1, 1, 1, 1, 1, ] | algo = [0, 0, 0, 0, 0, 0, 0, 0, ] | rc = [22, 18, 16, 16, 14, 6, 0, 0] | gpus = [1, 1, 1, 1, 1, 1, 1, 1] | micro_bs = 8 | time = [11494, 11096, 10944, 10944, 10773, 10650, 10655, 13373] | memory = [44976, 46958, 43468, 36906, 34952, 42874, 38344, 20322]
fix|13354.95|46958.01| op = [104, 104, 104, 104, 104, 109, 114, 92]| tp = [1, 1, 1, 1, 1, 1, 1, 1, ] | dp = [1, 1, 1, 1, 1, 1, 1, 1, ] | algo = [0, 0, 0, 0, 0, 0, 0, 0, ] | rc = [22, 18, 16, 16, 14, 6, 0, 0] | gpus = [1, 1, 1, 1, 1, 1, 1, 1] | micro_bs = 8 | time = [11494, 11097, 10944, 10944, 10773, 10836, 10505, 13354] | memory = [44976, 46958, 43468, 36906, 34952, 42874, 38376, 20321]
fix|13291.01|46958.01| op = [104, 104, 104, 104, 104, 109, 115, 91]| tp = [1, 1, 1, 1, 1, 1, 1, 1, ] | dp = [1, 1, 1, 1, 1, 1, 1, 1, ] | algo = [0, 0, 0, 0, 0, 0, 0, 0, ] | rc = [22, 18, 16, 16, 14, 6, 0, 0] | gpus = [1, 1, 1, 1, 1, 1, 1, 1] | micro_bs = 8 | time = [11494, 11097, 10944, 10944, 10773, 10836, 10604, 13291] | memory = [44976, 46958, 43468, 36906, 34952, 42874, 38484, 20293]
fix|13368.81|46958.01| op = [104, 104, 104, 104, 104, 109, 116, 90]| tp = [1, 1, 1, 1, 1, 1, 1, 1, ] | dp = [1, 1, 1, 1, 1, 1, 1, 1, ] | algo = [0, 0, 0, 0, 0, 0, 0, 0, ] | rc = [22, 18, 16, 16, 14, 6, 0, 0] | gpus = [1, 1, 1, 1, 1, 1, 1, 1] | micro_bs = 8 | time = [11498, 11101, 10948, 10948, 10777, 10840, 11023, 13368] | memory = [44976, 46958, 43468, 36906, 34952, 42874, 39508, 20261]
fix|13184.54|46958.01| op = [104, 104, 104, 104, 105, 109, 116, 89]| tp = [1, 1, 1, 1, 1, 1, 1, 1, ] | dp = [1, 1, 1, 1, 1, 1, 1, 1, ] | algo = [0, 0, 0, 0, 0, 0, 0, 0, ] | rc = [22, 18, 16, 16, 14, 8, 0, 0] | gpus = [1, 1, 1, 1, 1, 1, 1, 1] | micro_bs = 8 | time = [11499, 11102, 10949, 10949, 10790, 11200, 10993, 13184] | memory = [44976, 46958, 43468, 36906, 35048, 42754, 37204, 20261]
fix|12964.17|46958.01| op = [104, 104, 104, 104, 106, 109, 116, 88]| tp = [1, 1, 1, 1, 1, 1, 1, 1, ] | dp = [1, 1, 1, 1, 1, 1, 1, 1, ] | algo = [0, 0, 0, 0, 0, 0, 0, 0, ] | rc = [22, 18, 16, 16, 14, 8, 0, 0] | gpus = [1, 1, 1, 1, 1, 1, 1, 1] | micro_bs = 8 | time = [11495, 11098, 10945, 10945, 10821, 11089, 10771, 12964] | memory = [44976, 46958, 43468, 36906, 35112, 42802, 38452, 19109]
fix|12524.80|46958.01| op = [104, 104, 104, 104, 106, 109, 117, 87]| tp = [1, 1, 1, 1, 1, 1, 1, 1, ] | dp = [1, 1, 1, 1, 1, 1, 1, 1, ] | algo = [0, 0, 0, 0, 0, 0, 0, 0, ] | rc = [22, 18, 16, 16, 14, 8, 0, 0] | gpus = [1, 1, 1, 1, 1, 1, 1, 1] | micro_bs = 8 | time = [11491, 11094, 10941, 10941, 10817, 11084, 10678, 12524] | memory = [44976, 46958, 43468, 36906, 35112, 42802, 38484, 18581]
fix|12500.72|46958.01| op = [104, 104, 104, 104, 106, 109, 118, 86]| tp = [1, 1, 1, 1, 1, 1, 1, 1, ] | dp = [1, 1, 1, 1, 1, 1, 1, 1, ] | algo = [0, 0, 0, 0, 0, 0, 0, 0, ] | rc = [22, 18, 16, 16, 14, 8, 0, 0] | gpus = [1, 1, 1, 1, 1, 1, 1, 1] | micro_bs = 8 | time = [11491, 11094, 10941, 10941, 10817, 11084, 10702, 12500] | memory = [44976, 46958, 43468, 36906, 35112, 42802, 38520, 18561]
fix|12472.64|46958.01| op = [104, 104, 104, 104, 106, 109, 119, 85]| tp = [1, 1, 1, 1, 1, 1, 1, 1, ] | dp = [1, 1, 1, 1, 1, 1, 1, 1, ] | algo = [0, 0, 0, 0, 0, 0, 0, 0, ] | rc = [22, 18, 16, 16, 14, 8, 0, 0] | gpus = [1, 1, 1, 1, 1, 1, 1, 1] | micro_bs = 8 | time = [11491, 11094, 10941, 10941, 10817, 11084, 10713, 12472] | memory = [44976, 46958, 43468, 36906, 35112, 42802, 38568, 18521]
fix|12453.35|46958.01| op = [104, 104, 104, 104, 106, 109, 120, 84]| tp = [1, 1, 1, 1, 1, 1, 1, 1, ] | dp = [1, 1, 1, 1, 1, 1, 1, 1, ] | algo = [0, 0, 0, 0, 0, 0, 0, 0, ] | rc = [22, 18, 16, 16, 14, 8, 0, 0] | gpus = [1, 1, 1, 1, 1, 1, 1, 1] | micro_bs = 8 | time = [11491, 11094, 10941, 10941, 10817, 11084, 10749, 12453] | memory = [44976, 46958, 43468, 36906, 35112, 42802, 38600, 18521]
fix|12423.19|46958.01| op = [104, 104, 104, 104, 106, 109, 121, 83]| tp = [1, 1, 1, 1, 1, 1, 1, 1, ] | dp = [1, 1, 1, 1, 1, 1, 1, 1, ] | algo = [0, 0, 0, 0, 0, 0, 0, 0, ] | rc = [22, 18, 16, 16, 14, 8, 0, 0] | gpus = [1, 1, 1, 1, 1, 1, 1, 1] | micro_bs = 8 | time = [11491, 11094, 10942, 10942, 10818, 11085, 10841, 12423] | memory = [44976, 46958, 43468, 36906, 35112, 42802, 38744, 18489]
fix|12382.48|46958.01| op = [104, 104, 104, 104, 107, 109, 121, 82]| tp = [1, 1, 1, 1, 1, 1, 1, 1, ] | dp = [1, 1, 1, 1, 1, 1, 1, 1, ] | algo = [0, 0, 0, 0, 0, 0, 0, 0, ] | rc = [22, 18, 16, 16, 14, 8, 0, 0] | gpus = [1, 1, 1, 1, 1, 1, 1, 1] | micro_bs = 8 | time = [11492, 11095, 10942, 10942, 10917, 11045, 10858, 12382] | memory = [44976, 46958, 43468, 36906, 35316, 42794, 38836, 18425]
fix|12294.72|46958.01| op = [104, 104, 104, 104, 107, 109, 122, 81]| tp = [1, 1, 1, 1, 1, 1, 1, 1, ] | dp = [1, 1, 1, 1, 1, 1, 1, 1, ] | algo = [0, 0, 0, 0, 0, 0, 0, 0, ] | rc = [22, 18, 16, 16, 14, 8, 0, 0] | gpus = [1, 1, 1, 1, 1, 1, 1, 1] | micro_bs = 8 | time = [11491, 11094, 10942, 10942, 10916, 11045, 10884, 12294] | memory = [44976, 46958, 43468, 36906, 35316, 42794, 38884, 18345]
fix|12266.72|46958.01| op = [104, 104, 104, 104, 107, 109, 123, 80]| tp = [1, 1, 1, 1, 1, 1, 1, 1, ] | dp = [1, 1, 1, 1, 1, 1, 1, 1, ] | algo = [0, 0, 0, 0, 0, 0, 0, 0, ] | rc = [22, 18, 16, 16, 14, 8, 0, 0] | gpus = [1, 1, 1, 1, 1, 1, 1, 1] | micro_bs = 8 | time = [11491, 11094, 10941, 10941, 10916, 11045, 10896, 12266] | memory = [44976, 46958, 43468, 36906, 35316, 42794, 38932, 18305]
fix|12247.68|46958.01| op = [104, 104, 104, 104, 107, 109, 124, 79]| tp = [1, 1, 1, 1, 1, 1, 1, 1, ] | dp = [1, 1, 1, 1, 1, 1, 1, 1, ] | algo = [0, 0, 0, 0, 0, 0, 0, 0, ] | rc = [22, 18, 16, 16, 14, 8, 0, 0] | gpus = [1, 1, 1, 1, 1, 1, 1, 1] | micro_bs = 8 | time = [11491, 11094, 10942, 10942, 10916, 11045, 10931, 12247] | memory = [44976, 46958, 43468, 36906, 35316, 42794, 38965, 18305]
fix|12187.47|46958.01| op = [104, 104, 104, 104, 108, 109, 124, 78]| tp = [1, 1, 1, 1, 1, 1, 1, 1, ] | dp = [1, 1, 1, 1, 1, 1, 1, 1, ] | algo = [0, 0, 0, 0, 0, 0, 0, 0, ] | rc = [22, 18, 16, 16, 14, 8, 0, 0] | gpus = [1, 1, 1, 1, 1, 1, 1, 1] | micro_bs = 8 | time = [11495, 11098, 10946, 10946, 11336, 11134, 11006, 12187] | memory = [44976, 46958, 43468, 36906, 37364, 42770, 38993, 18277]
fix|12265.14|46958.01| op = [104, 104, 105, 104, 108, 109, 124, 77]| tp = [1, 1, 1, 1, 1, 1, 1, 1, ] | dp = [1, 1, 1, 1, 1, 1, 1, 1, ] | algo = [0, 0, 0, 0, 0, 0, 0, 0, ] | rc = [22, 18, 16, 16, 14, 8, 0, 0] | gpus = [1, 1, 1, 1, 1, 1, 1, 1] | micro_bs = 8 | time = [11499, 11102, 10961, 10933, 11497, 10988, 11406, 12265] | memory = [44976, 46958, 43612, 36826, 37204, 42818, 40016, 18245]
fix|12081.19|46958.01| op = [104, 104, 105, 105, 108, 109, 124, 76]| tp = [1, 1, 1, 1, 1, 1, 1, 1, ] | dp = [1, 1, 1, 1, 1, 1, 1, 1, ] | algo = [0, 0, 0, 0, 0, 0, 0, 0, ] | rc = [22, 18, 16, 16, 17, 6, 0, 0] | gpus = [1, 1, 1, 1, 1, 1, 1, 1] | micro_bs = 8 | time = [11500, 11103, 10962, 10970, 11985, 10694, 11562, 12081] | memory = [44976, 46958, 43612, 36906, 37204, 43026, 39968, 18245]
fix|11985.41|46958.01| op = [104, 104, 105, 105, 108, 110, 124, 75]| tp = [1, 1, 1, 1, 1, 1, 1, 1, ] | dp = [1, 1, 1, 1, 1, 1, 1, 1, ] | algo = [0, 0, 0, 0, 0, 0, 0, 0, ] | rc = [22, 18, 16, 16, 17, 6, 0, 0] | gpus = [1, 1, 1, 1, 1, 1, 1, 1] | micro_bs = 8 | time = [11500, 11103, 10962, 10970, 11985, 10735, 11738, 11864] | memory = [44976, 46958, 43612, 36906, 37204, 43218, 42144, 17093]
fix|11863.89|46958.01| op = [104, 104, 105, 105, 107, 111, 124, 75]| tp = [1, 1, 1, 1, 1, 1, 1, 1, ] | dp = [1, 1, 1, 1, 1, 1, 1, 1, ] | algo = [0, 0, 0, 0, 0, 0, 0, 0, ] | rc = [22, 18, 16, 16, 14, 8, 0, 0] | gpus = [1, 1, 1, 1, 1, 1, 1, 1] | micro_bs = 8 | time = [11500, 11102, 10961, 10969, 11479, 11121, 11737, 11863] | memory = [44976, 46958, 43612, 36906, 37204, 43218, 42144, 17093]
fix|11916.99|46958.01| op = [104, 104, 106, 105, 107, 111, 124, 74]| tp = [1, 1, 1, 1, 1, 1, 1, 1, ] | dp = [1, 1, 1, 1, 1, 1, 1, 1, ] | algo = [0, 0, 0, 0, 0, 0, 0, 0, ] | rc = [22, 18, 16, 16, 17, 6, 0, 0] | gpus = [1, 1, 1, 1, 1, 1, 1, 1] | micro_bs = 8 | time = [11496, 11099, 10994, 11045, 11916, 10757, 11557, 11425] | memory = [44976, 46958, 43708, 37158, 37128, 43282, 42032, 16565]
fix|11557.00|46958.01| op = [104, 104, 106, 105, 106, 112, 124, 74]| tp = [1, 1, 1, 1, 1, 1, 1, 1, ] | dp = [1, 1, 1, 1, 1, 1, 1, 1, ] | algo = [0, 0, 0, 0, 0, 0, 0, 0, ] | rc = [22, 18, 16, 16, 14, 8, 0, 0] | gpus = [1, 1, 1, 1, 1, 1, 1, 1] | micro_bs = 8 | time = [11495, 11098, 10993, 11044, 11410, 11143, 11557, 11424] | memory = [44976, 46958, 43708, 37158, 37128, 43282, 42032, 16565]
fix|11994.93|46958.01| op = [104, 104, 107, 105, 106, 112, 123, 74]| tp = [1, 1, 1, 1, 1, 1, 1, 1, ] | dp = [1, 1, 1, 1, 1, 1, 1, 1, ] | algo = [0, 0, 0, 0, 0, 0, 0, 0, ] | rc = [22, 18, 16, 16, 17, 6, 0, 0] | gpus = [1, 1, 1, 1, 1, 1, 1, 1] | micro_bs = 8 | time = [11500, 11103, 11096, 11401, 11994, 10773, 11534, 11429] | memory = [44976, 46958, 44008, 39626, 37000, 43354, 41952, 16565]
fix|11533.13|46958.01| op = [104, 104, 107, 105, 105, 113, 123, 74]| tp = [1, 1, 1, 1, 1, 1, 1, 1, ] | dp = [1, 1, 1, 1, 1, 1, 1, 1, ] | algo = [0, 0, 0, 0, 0, 0, 0, 0, ] | rc = [22, 18, 16, 16, 14, 8, 0, 0] | gpus = [1, 1, 1, 1, 1, 1, 1, 1] | micro_bs = 8 | time = [11499, 11102, 11095, 11400, 11488, 11159, 11533, 11428] | memory = [44976, 46958, 44008, 39626, 37000, 43354, 41952, 16565]
best|11533.13|46958.01| op = [104, 104, 107, 105, 105, 113, 123, 74]| tp = [1, 1, 1, 1, 1, 1, 1, 1, ] | dp = [1, 1, 1, 1, 1, 1, 1, 1, ] | algo = [0, 0, 0, 0, 0, 0, 0, 0, ] | rc = [22, 18, 16, 16, 14, 8, 0, 0] | gpus = [1, 1, 1, 1, 1, 1, 1, 1] | micro_bs = 8 | time = [11499, 11102, 11095, 11400, 11488, 11159, 11533, 11428] | memory = [44976, 46958, 44008, 39626, 37000, 43354, 41952, 16565]
decode|11814.63|46958.01| op = [104, 104, 108, 105, 105, 113, 122, 74]| tp = [1, 1, 1, 1, 1, 1, 1, 1, ] | dp = [1, 1, 1, 1, 1, 1, 1, 1, ] | algo = [0, 0, 0, 0, 0, 0, 0, 0, ] | rc = [22, 18, 18, 16, 17, 6, 0, 0] | gpus = [1, 1, 1, 1, 1, 1, 1, 1] | micro_bs = 8 | time = [11505, 11108, 11670, 11665, 11814, 10813, 11520, 11434] | memory = [44976, 46958, 44520, 39466, 37000, 43402, 41952, 16565]
fix|11669.12|46958.01| op = [104, 104, 108, 105, 104, 114, 122, 74]| tp = [1, 1, 1, 1, 1, 1, 1, 1, ] | dp = [1, 1, 1, 1, 1, 1, 1, 1, ] | algo = [0, 0, 0, 0, 0, 0, 0, 0, ] | rc = [22, 18, 18, 16, 14, 8, 0, 0] | gpus = [1, 1, 1, 1, 1, 1, 1, 1] | micro_bs = 8 | time = [11504, 11107, 11669, 11664, 11308, 11200, 11519, 11433] | memory = [44976, 46958, 44520, 39466, 37000, 43402, 41952, 16565]
fix|11663.74|46840.75| op = [104, 105, 107, 105, 104, 114, 122, 74]| tp = [1, 1, 1, 1, 1, 1, 1, 1, ] | dp = [1, 1, 1, 1, 1, 1, 1, 1, ] | algo = [0, 0, 0, 0, 0, 0, 0, 0, ] | rc = [22, 20, 16, 16, 14, 8, 0, 0] | gpus = [1, 1, 1, 1, 1, 1, 1, 1] | micro_bs = 8 | time = [11503, 11153, 11487, 11663, 11307, 11199, 11518, 11432] | memory = [44976, 46678, 46840, 39466, 37000, 43402, 41952, 16565]
best|11663.74|46840.75| op = [104, 105, 107, 105, 104, 114, 122, 74]| tp = [1, 1, 1, 1, 1, 1, 1, 1, ] | dp = [1, 1, 1, 1, 1, 1, 1, 1, ] | algo = [0, 0, 0, 0, 0, 0, 0, 0, ] | rc = [22, 20, 16, 16, 14, 8, 0, 0] | gpus = [1, 1, 1, 1, 1, 1, 1, 1] | micro_bs = 8 | time = [11503, 11153, 11487, 11663, 11307, 11199, 11518, 11432] | memory = [44976, 46678, 46840, 39466, 37000, 43402, 41952, 16565]

num_targets: []
num_hops: []
search time = 0.00 s.  [0] 
num_explored_cases = 0
time trend: [14501]

stage 8 search time: 0.55 s
# of stages	est_iteration_time(s)	est_thpt(samples/s)	est_mem(MB)	# of explored cases
4          	12.26                	83.51              	17562      	0                  

overall search time: 3.98 s
stage 0 search time: 0.14 s
stage 1 search time: 0.26 s
stage 2 search time: 0.64 s
stage 3 search time: 0.48 s
stage 4 search time: 0.61 s
stage 5 search time: 0.72 s
stage 6 search time: 0.58 s
stage 7 search time: 0.55 s
