------------------------ arguments ------------------------
  adaptive_hyper_parameters ....................... 5
  add_action_finetune_algo ........................ False
  add_action_finetune_dim ......................... False
  add_action_tp_dp_exchange ....................... False
  add_action_tune_tp_dp ........................... False
  check_recompute_with_group ...................... False
  config_save_path ................................ /home/liminglong.lml/sxz/SuperScaler/logs-large/aceso/configs/scale-layer/64layers/
  config_suffix ................................... 2026-5-16-3-12-39
  consider_collective_memory ...................... False
  consider_reserved_space ......................... True
  consider_shared_space ........................... True
  continue_when_fail .............................. True
  decoder_seq_len ................................. 512
  end_num_stages .................................. 8
  finetune_after_trial ............................ 0
  finetune_tp_dp_after_trial ...................... False
  flex_recompute .................................. True
  forbid_turn_back ................................ False
  global_batch_size ............................... 1024
  high_memory_rate ................................ 0.9
  init_dim ........................................ tp
  initial_point ................................... balance
  log_path ........................................ /home/liminglong.lml/sxz/SuperScaler/logs-large/aceso/search/scale-layer/64layers/
  max_num_hops .................................... 7
  max_num_trials .................................. 100
  max_op_move_steps ............................... 5
  max_tp .......................................... 8
  memory_limit .................................... 28000
  memory_main_params .............................. 2
  memory_optimizer ................................ 4
  memory_pred_type ................................ MAX
  micro_batch_size ................................ [1, 2, 4, 8]
  min_mbs ......................................... 1
  model_name ...................................... scale-layer
  model_size ...................................... 64layers
  multi_process ................................... True
  num_algos ....................................... 2
  num_gpus ........................................ 8
  num_gpus_per_node ............................... 8
  num_layers ...................................... 64
  num_nodes ....................................... 1
  num_of_saved_configs ............................ 1
  num_partners_in_op_mig .......................... 1
  only_top_1_target ............................... False
  op_group_size ................................... 1
  peak_mem_in_backward ............................ 1000
  predict_delta_time .............................. True
  print_debug_info ................................ False
  print_gpu_mig_details ........................... False
  print_move_op_details ........................... False
  print_recomp_debug_info ......................... False
  print_recompute_ops ............................. False
  profiled_time_path .............................. /home/liminglong.lml/sxz/SuperScaler/profiler/profiled-time-eurosys/
  random_order_actions ............................ False
  resharding ...................................... True
  save_to_csv ..................................... None
  seq_len ......................................... 2048
  simple_prim_mbs ................................. False
  simple_prim_mig ................................. False
  sort_metric ..................................... max_stage_time
  start_num_stages ................................ 1
  support_comm_predict ............................ False
  time_budget_per_trial ........................... 200
  time_budget_total ............................... 200
-------------------- end of arguments ---------------------
working on num_stages = 1
config has been saved to /home/liminglong.lml/sxz/SuperScaler/logs-large/aceso/configs/scale-layer/64layers/scale-layer_64layers_1stages_2026-5-16-3-12-39.json

========== Best Result (num_stages = 1) ==========
|17549.14|20525.10| op = [835]| tp = [1, ] | dp = [8, ] | algo = [0, ] | rc = [0] | gpus = [8] | micro_bs = 8 | time = [17549] | memory = [20525]
start|304380.94|3395.12| op = [835]| tp = [8, ] | dp = [1, ] | algo = [0, ] | rc = [0] | gpus = [8] | micro_bs = 1 | time = [304380] | memory = [3395]

[ Trial 0 ] |304380.94|3395.12| op = [835]| tp = [8, ] | dp = [1, ] | algo = [0, ] | rc = [0] | gpus = [8] | micro_bs = 1 | time = [304380] | memory = [3395]
>>>> [CONFIG: target(0), prim(inc_mbs)]
|140798.16|5843.11| op = [835]| tp = [4, ] | dp = [2, ] | algo = [0, ] | rc = [0] | gpus = [8] | micro_bs = 2 | time = [140798] | memory = [5843]

[ Trial 1 ] |140798.16|5843.11| op = [835]| tp = [4, ] | dp = [2, ] | algo = [0, ] | rc = [0] | gpus = [8] | micro_bs = 2 | time = [140798] | memory = [5843]
>>>> [CONFIG: target(0), prim(inc_mbs)]
|56298.17|10723.11| op = [835]| tp = [2, ] | dp = [4, ] | algo = [0, ] | rc = [0] | gpus = [8] | micro_bs = 4 | time = [56298] | memory = [10723]

[ Trial 2 ] |56298.17|10723.11| op = [835]| tp = [2, ] | dp = [4, ] | algo = [0, ] | rc = [0] | gpus = [8] | micro_bs = 4 | time = [56298] | memory = [10723]
>>>> [CONFIG: target(0), prim(inc_mbs)]
|17549.14|20525.10| op = [835]| tp = [1, ] | dp = [8, ] | algo = [0, ] | rc = [0] | gpus = [8] | micro_bs = 8 | time = [17549] | memory = [20525]

num_targets: [1, 1, 1]
num_hops: [1, 1, 1]
search time = 0.45 s.  [0, 1, 2, 3, 4, 5, 6, 7, 8, 9, 10, 11, 12, 13, 14, 15, 16, 17, 18, 19, 20, 21, 22, 23, 24] 
num_explored_cases = 45
time trend: [304380, 140798, 56298, 17549, 17549, 17549, 17549, 17549, 17549, 17549, 56298, 56298, 56298, 56298, 56298, 140798, 140798, 140798, 140798, 140798, 304380, 304380, 304380, 304380, 304380]

working on num_stages = 2
config has been saved to /home/liminglong.lml/sxz/SuperScaler/logs-large/aceso/configs/scale-layer/64layers/scale-layer_64layers_2stages_2026-5-16-3-12-39.json

========== Best Result (num_stages = 2) ==========
|13739.66|23484.06| op = [419, 416]| tp = [1, 1, ] | dp = [4, 4, ] | algo = [0, 0, ] | rc = [38, 0] | gpus = [4, 4] | micro_bs = 8 | time = [13482, 13739] | memory = [23484, 19118]
start|141957.74|5260.10| op = [417, 418]| tp = [4, 4, ] | dp = [1, 1, ] | algo = [0, 0, ] | rc = [0, 0] | gpus = [4, 4] | micro_bs = 1 | time = [140219, 141957] | memory = [5260, 3037]

[ Trial 0 ] |141957.74|5260.10| op = [417, 418]| tp = [4, 4, ] | dp = [1, 1, ] | algo = [0, 0, ] | rc = [0, 0] | gpus = [4, 4] | micro_bs = 1 | time = [140219, 141957] | memory = [5260, 3037]
>>>> [CONFIG: target(1), prim(inc_mbs)]
|57161.88|9472.10| op = [417, 418]| tp = [2, 2, ] | dp = [2, 2, ] | algo = [0, 0, ] | rc = [0, 0] | gpus = [4, 4] | micro_bs = 2 | time = [55807, 57161] | memory = [9472, 5493]

[ Trial 1 ] |57161.88|9472.10| op = [417, 418]| tp = [2, 2, ] | dp = [2, 2, ] | algo = [0, 0, ] | rc = [0, 0] | gpus = [4, 4] | micro_bs = 2 | time = [55807, 57161] | memory = [9472, 5493]
>>>> [CONFIG: target(1), prim(inc_mbs)]
|18265.08|18024.06| op = [417, 418]| tp = [1, 1, ] | dp = [4, 4, ] | algo = [0, 0, ] | rc = [0, 0] | gpus = [4, 4] | micro_bs = 4 | time = [17046, 18265] | memory = [18024, 10533]

[ Trial 2 ] |18265.08|18024.06| op = [417, 418]| tp = [1, 1, ] | dp = [4, 4, ] | algo = [0, 0, ] | rc = [0, 0] | gpus = [4, 4] | micro_bs = 4 | time = [17046, 18265] | memory = [18024, 10533]
>>>> [CONFIG: target(1), prim(dec_op)]
|17743.11|18564.13| op = [430, 405]| tp = [1, 1, ] | dp = [4, 4, ] | algo = [0, 0, ] | rc = [0, 0] | gpus = [4, 4] | micro_bs = 4 | time = [17568, 17743] | memory = [18564, 10239]

[ Trial 4 ] |17743.11|18564.13| op = [430, 405]| tp = [1, 1, ] | dp = [4, 4, ] | algo = [0, 0, ] | rc = [0, 0] | gpus = [4, 4] | micro_bs = 4 | time = [17568, 17743] | memory = [18564, 10239]
>>>> [CONFIG: target(1), prim(dec_op)]
|17728.68|18568.16| op = [431, 404]| tp = [1, 1, ] | dp = [4, 4, ] | algo = [0, 0, ] | rc = [0, 0] | gpus = [4, 4] | micro_bs = 4 | time = [17608, 17728] | memory = [18568, 10239]
>>>> [CONFIG: target(1), prim(dec_mbs)]
|57606.94|9760.20| op = [431, 404]| tp = [2, 2, ] | dp = [2, 2, ] | algo = [0, 0, ] | rc = [0, 0] | gpus = [4, 4] | micro_bs = 2 | time = [57606, 55412] | memory = [9760, 5339]
>>>> [CONFIG: target(0), prim(dec_op)]
|56532.95|9698.13| op = [423, 412]| tp = [2, 2, ] | dp = [2, 2, ] | algo = [0, 0, ] | rc = [0, 0] | gpus = [4, 4] | micro_bs = 2 | time = [56532, 56512] | memory = [9698, 5378]
>>>> [CONFIG: target(0), prim(dec_mbs)]
|142255.46|5375.13| op = [423, 412]| tp = [4, 4, ] | dp = [1, 1, ] | algo = [0, 0, ] | rc = [0, 0] | gpus = [4, 4] | micro_bs = 1 | time = [142255, 139997] | memory = [5375, 2978]
>>>> [CONFIG: target(0), prim(dec_op)]
|141291.50|5270.13| op = [419, 416]| tp = [4, 4, ] | dp = [1, 1, ] | algo = [0, 0, ] | rc = [0, 0] | gpus = [4, 4] | micro_bs = 1 | time = [141291, 141114] | memory = [5270, 3032]
>>>> [CONFIG: target(0), prim(inc_mbs)]
|56827.44|9488.13| op = [419, 416]| tp = [2, 2, ] | dp = [2, 2, ] | algo = [0, 0, ] | rc = [0, 0] | gpus = [4, 4] | micro_bs = 2 | time = [56242, 56827] | memory = [9488, 5485]

[ Trial 92 ] |56827.44|9488.13| op = [419, 416]| tp = [2, 2, ] | dp = [2, 2, ] | algo = [0, 0, ] | rc = [0, 0] | gpus = [4, 4] | micro_bs = 2 | time = [56242, 56827] | memory = [9488, 5485]
>>>> [CONFIG: target(1), prim(inc_mbs)]
|18194.28|18052.10| op = [419, 416]| tp = [1, 1, ] | dp = [4, 4, ] | algo = [0, 0, ] | rc = [0, 0] | gpus = [4, 4] | micro_bs = 4 | time = [17141, 18194] | memory = [18052, 10519]
>>>> [CONFIG: target(1), prim(inc_mbs)]
|13739.66|23484.06| op = [419, 416]| tp = [1, 1, ] | dp = [4, 4, ] | algo = [0, 0, ] | rc = [38, 0] | gpus = [4, 4] | micro_bs = 8 | time = [13482, 13739] | memory = [23484, 19118]

num_targets: [1, 1, 1, 1, 1]
num_hops: [1, 1, 1, 7, 2]
search time = 6.83 s.  [0, 1, 2, 3, 4, 6, 7, 8, 9, 10, 11, 12, 13, 14, 15, 16, 17, 18, 19, 20, 21, 22, 23, 24, 25, 26, 27, 28, 29, 30, 31, 32, 33, 34, 35, 36, 37, 38, 39, 40, 41, 42, 43, 44, 45, 46, 47, 48, 49, 50, 51, 52, 53, 54, 55, 56, 57, 58, 59, 60, 61, 62, 63, 64, 65, 66, 67, 68, 69, 70, 71, 72, 73, 74, 75, 76, 77, 78, 79, 80, 81, 82, 83, 84, 85, 86, 87, 88, 89, 90, 91, 92, 93, 94, 95, 96, 97, 98, 99, 100, 101] 
num_explored_cases = 1051
time trend: [141957, 57161, 18265, 13782, 13782, 13740, 13740, 56532, 13740, 13740, 13740, 13740, 13740, 13782, 13782, 13782, 13782, 13782, 13797, 13797, 13797, 13797, 13797, 13955, 13955, 13955, 13955, 13955, 13968, 13968, 13968, 13968, 13968, 14003, 14003, 14003, 14003, 14003, 17672, 17672, 17672, 17672, 17672, 17728, 17728, 17728, 17728, 17728, 17743, 17743, 17743, 17743, 17743, 17956, 17956, 17956, 17956, 17956, 13940, 13940, 13940, 13940, 13940, 13940, 17783, 17783, 17783, 17783, 17783, 18194, 18194, 18194, 18194, 18265, 18265, 18265, 18265, 18265, 56532, 56532, 56532, 56532, 56532, 56532, 56532, 56532, 56532, 56532, 56774, 56774, 56774, 56774, 56774, 13739, 13739, 13739, 13739, 13739, 13739, 18194, 18194]

working on num_stages = 3
config has been saved to /home/liminglong.lml/sxz/SuperScaler/logs-large/aceso/configs/scale-layer/64layers/scale-layer_64layers_3stages_2026-5-16-3-12-39.json

========== Best Result (num_stages = 3) ==========
|12460.22|24838.60| op = [228, 235, 372]| tp = [1, 1, 1, ] | dp = [2, 2, 4, ] | algo = [0, 0, 0, ] | rc = [36, 28, 0] | gpus = [2, 2, 4] | micro_bs = 8 | time = [12460, 12194, 12420] | memory = [24838, 22072, 17061]
start|94275.15|6357.38| op = [278, 278, 279]| tp = [4, 2, 2, ] | dp = [1, 1, 1, ] | algo = [0, 0, 0, ] | rc = [0, 0, 0] | gpus = [4, 2, 2] | micro_bs = 1 | time = [94275, 74196, 77677] | memory = [5120, 6357, 3829]

[ Trial 0 ] |94275.15|6357.38| op = [278, 278, 279]| tp = [4, 2, 2, ] | dp = [1, 1, 1, ] | algo = [0, 0, 0, ] | rc = [0, 0, 0] | gpus = [4, 2, 2] | micro_bs = 1 | time = [94275, 74196, 77677] | memory = [5120, 6357, 3829]
>>>> [CONFIG: target(0), prim(dec_tp)]
|92979.60|9198.14| op = [278, 278, 279]| tp = [2, 4, 2, ] | dp = [1, 1, 1, ] | algo = [0, 0, 0, ] | rc = [0, 0, 0] | gpus = [2, 4, 2] | micro_bs = 1 | time = [74855, 92979, 77677] | memory = [9198, 3546, 3829]

[ Trial 1 ] |92979.60|9198.14| op = [278, 278, 279]| tp = [2, 4, 2, ] | dp = [1, 1, 1, ] | algo = [0, 0, 0, ] | rc = [0, 0, 0] | gpus = [2, 4, 2] | micro_bs = 1 | time = [74855, 92979, 77677] | memory = [9198, 3546, 3829]
>>>> [CONFIG: target(1), prim(inc_mbs)]
|37108.45|17481.09| op = [278, 278, 279]| tp = [1, 2, 1, ] | dp = [2, 2, 2, ] | algo = [0, 0, 0, ] | rc = [0, 0, 0] | gpus = [2, 4, 2] | micro_bs = 2 | time = [23094, 37108, 25238] | memory = [17481, 6357, 7353]

[ Trial 2 ] |37108.45|17481.09| op = [278, 278, 279]| tp = [1, 2, 1, ] | dp = [2, 2, 2, ] | algo = [0, 0, 0, ] | rc = [0, 0, 0] | gpus = [2, 4, 2] | micro_bs = 2 | time = [23094, 37108, 25238] | memory = [17481, 6357, 7353]
>>>> [CONFIG: target(1), prim(dec_tp)]
|37438.22|12107.38| op = [278, 278, 279]| tp = [2, 1, 1, ] | dp = [2, 2, 2, ] | algo = [0, 0, 0, ] | rc = [0, 0, 0] | gpus = [4, 2, 2] | micro_bs = 2 | time = [37438, 22882, 25238] | memory = [9198, 12107, 7353]
>>>> [CONFIG: target(0), prim(dec_dp)]
|54166.49|17670.15| op = [278, 278, 279]| tp = [2, 2, 1, ] | dp = [1, 2, 2, ] | algo = [0, 0, 0, ] | rc = [0, 0, 0] | gpus = [2, 4, 2] | micro_bs = 2 | time = [54166, 37169, 25298] | memory = [17670, 6357, 7353]
>>>> [CONFIG: target(0), prim(inc_mbs)]
|19128.16|23446.05| op = [278, 278, 279]| tp = [1, 1, 1, ] | dp = [2, 4, 2, ] | algo = [0, 0, 0, ] | rc = [24, 0, 0] | gpus = [2, 4, 2] | micro_bs = 4 | time = [18083, 11524, 19128] | memory = [23446, 12107, 13271]

[ Trial 3 ] |19128.16|23446.05| op = [278, 278, 279]| tp = [1, 1, 1, ] | dp = [2, 4, 2, ] | algo = [0, 0, 0, ] | rc = [24, 0, 0] | gpus = [2, 4, 2] | micro_bs = 4 | time = [18083, 11524, 19128] | memory = [23446, 12107, 13271]
>>>> [CONFIG: target(2), prim(inc_mbs)]
|15357.37|26992.09| op = [278, 278, 279]| tp = [1, 1, 1, ] | dp = [2, 4, 2, ] | algo = [0, 0, 0, ] | rc = [52, 0, 0] | gpus = [2, 4, 2] | micro_bs = 8 | time = [15357, 8603, 15334] | memory = [26992, 23202, 25102]

[ Trial 4 ] |15357.37|26992.09| op = [278, 278, 279]| tp = [1, 1, 1, ] | dp = [2, 4, 2, ] | algo = [0, 0, 0, ] | rc = [52, 0, 0] | gpus = [2, 4, 2] | micro_bs = 8 | time = [15357, 8603, 15334] | memory = [26992, 23202, 25102]
>>>> [CONFIG: target(0), prim(dec_op)]
|13008.21|24814.60| op = [226, 379, 230]| tp = [1, 1, 1, ] | dp = [2, 4, 2, ] | algo = [0, 0, 0, ] | rc = [34, 24, 0] | gpus = [2, 4, 2] | micro_bs = 8 | time = [12305, 12156, 13008] | memory = [24814, 24803, 21006]

[ Trial 5 ] |13008.21|24814.60| op = [226, 379, 230]| tp = [1, 1, 1, ] | dp = [2, 4, 2, ] | algo = [0, 0, 0, ] | rc = [34, 24, 0] | gpus = [2, 4, 2] | micro_bs = 8 | time = [12305, 12156, 13008] | memory = [24814, 24803, 21006]
>>>> [CONFIG: target(2), prim(inc_dp)]
|20580.37|26967.19| op = [226, 379, 230]| tp = [1, 1, 1, ] | dp = [2, 2, 4, ] | algo = [0, 0, 0, ] | rc = [34, 70, 0] | gpus = [2, 2, 4] | micro_bs = 8 | time = [12334, 20580, 8265] | memory = [24814, 26967, 11129]
>>>> [CONFIG: target(1), prim(dec_op)]
|12668.95|24814.60| op = [226, 233, 376]| tp = [1, 1, 1, ] | dp = [2, 2, 4, ] | algo = [0, 0, 0, ] | rc = [34, 30, 0] | gpus = [2, 2, 4] | micro_bs = 8 | time = [12305, 12434, 12668] | memory = [24814, 21412, 17489]

[ Trial 6 ] |12668.95|24814.60| op = [226, 233, 376]| tp = [1, 1, 1, ] | dp = [2, 2, 4, ] | algo = [0, 0, 0, ] | rc = [34, 30, 0] | gpus = [2, 2, 4] | micro_bs = 8 | time = [12305, 12434, 12668] | memory = [24814, 21412, 17489]
>>>> [CONFIG: target(2), prim(dec_dp)]
|21437.32|26853.30| op = [226, 233, 376]| tp = [1, 1, 1, ] | dp = [4, 2, 2, ] | algo = [0, 0, 0, ] | rc = [2, 30, 34] | gpus = [4, 2, 2] | micro_bs = 8 | time = [7191, 12462, 21437] | memory = [26853, 21412, 23983]
>>>> [CONFIG: target(2), prim(dec_op)]
|12813.53|21236.71| op = [371, 243, 221]| tp = [1, 1, 1, ] | dp = [4, 2, 2, ] | algo = [0, 0, 0, ] | rc = [58, 30, 0] | gpus = [4, 2, 2] | micro_bs = 8 | time = [12718, 12489, 12813] | memory = [20303, 21236, 20830]
>>>> [CONFIG: target(2), prim(inc_dp)]
|21188.07|26802.70| op = [371, 243, 221]| tp = [1, 1, 1, ] | dp = [2, 2, 4, ] | algo = [0, 0, 0, ] | rc = [90, 30, 0] | gpus = [2, 2, 4] | micro_bs = 8 | time = [21188, 12518, 8116] | memory = [26802, 21236, 11017]
>>>> [CONFIG: target(0), prim(dec_op)]
|12592.73|25174.79| op = [234, 237, 364]| tp = [1, 1, 1, ] | dp = [2, 2, 4, ] | algo = [0, 0, 0, ] | rc = [36, 28, 0] | gpus = [2, 2, 4] | micro_bs = 8 | time = [12592, 12262, 12285] | memory = [25174, 22152, 16957]

[ Trial 7 ] |12592.73|25174.79| op = [234, 237, 364]| tp = [1, 1, 1, ] | dp = [2, 2, 4, ] | algo = [0, 0, 0, ] | rc = [36, 28, 0] | gpus = [2, 2, 4] | micro_bs = 8 | time = [12592, 12262, 12285] | memory = [25174, 22152, 16957]
>>>> [CONFIG: target(0), prim(dec_op)]
|12461.21|24838.60| op = [228, 240, 367]| tp = [1, 1, 1, ] | dp = [2, 2, 4, ] | algo = [0, 0, 0, ] | rc = [36, 30, 0] | gpus = [2, 2, 4] | micro_bs = 8 | time = [12461, 12399, 12342] | memory = [24838, 21136, 16983]

[ Trial 8 ] |12461.21|24838.60| op = [228, 240, 367]| tp = [1, 1, 1, ] | dp = [2, 2, 4, ] | algo = [0, 0, 0, ] | rc = [36, 30, 0] | gpus = [2, 2, 4] | micro_bs = 8 | time = [12461, 12399, 12342] | memory = [24838, 21136, 16983]
>>>> [CONFIG: target(0), prim(inc_dp)]
|20611.84|26001.30| op = [228, 240, 367]| tp = [1, 1, 1, ] | dp = [4, 2, 2, ] | algo = [0, 0, 0, ] | rc = [6, 30, 28] | gpus = [4, 2, 2] | micro_bs = 8 | time = [7331, 12424, 20611] | memory = [26001, 21136, 24735]
>>>> [CONFIG: target(2), prim(inc_tp)]
|30402.56|24838.60| op = [228, 240, 367]| tp = [1, 1, 2, ] | dp = [2, 2, 2, ] | algo = [0, 0, 0, ] | rc = [36, 30, 0] | gpus = [2, 2, 4] | micro_bs = 8 | time = [12602, 12540, 30402] | memory = [24838, 21136, 16919]
>>>> [CONFIG: target(2), prim(dec_op)]
|17399.12|26881.02| op = [311, 324, 200]| tp = [1, 1, 2, ] | dp = [2, 2, 2, ] | algo = [0, 0, 0, ] | rc = [64, 50, 0] | gpus = [2, 2, 4] | micro_bs = 8 | time = [17377, 17399, 17368] | memory = [26881, 23478, 9886]
>>>> [CONFIG: target(1), prim(inc_dp)]
|17275.67|26881.02| op = [311, 324, 200]| tp = [1, 1, 1, ] | dp = [2, 4, 2, ] | algo = [0, 0, 0, ] | rc = [64, 0, 0] | gpus = [2, 4, 2] | micro_bs = 8 | time = [17275, 9913, 11781] | memory = [26881, 26451, 18886]
>>>> [CONFIG: target(0), prim(inc_tp)]
|25885.47|23478.20| op = [311, 324, 200]| tp = [2, 1, 1, ] | dp = [2, 2, 2, ] | algo = [0, 0, 0, ] | rc = [42, 50, 0] | gpus = [4, 2, 2] | micro_bs = 8 | time = [25885, 17422, 11906] | memory = [20993, 23478, 18886]
>>>> [CONFIG: target(0), prim(dec_tp)]
|17321.66|26881.02| op = [311, 324, 200]| tp = [1, 1, 1, ] | dp = [2, 2, 4, ] | algo = [0, 0, 0, ] | rc = [64, 50, 0] | gpus = [2, 2, 4] | micro_bs = 8 | time = [17299, 17321, 7453] | memory = [26881, 23478, 10011]
>>>> [CONFIG: target(1), prim(dec_op)]
|12476.94|24866.60| op = [229, 242, 364]| tp = [1, 1, 1, ] | dp = [2, 2, 4, ] | algo = [0, 0, 0, ] | rc = [36, 30, 0] | gpus = [2, 2, 4] | micro_bs = 8 | time = [12476, 12467, 12286] | memory = [24866, 21216, 16957]

[ Trial 11 ] |12476.94|24866.60| op = [229, 242, 364]| tp = [1, 1, 1, ] | dp = [2, 2, 4, ] | algo = [0, 0, 0, ] | rc = [36, 30, 0] | gpus = [2, 2, 4] | micro_bs = 8 | time = [12476, 12467, 12286] | memory = [24866, 21216, 16957]
>>>> [CONFIG: target(0), prim(inc_dp)]
|20545.07|26017.30| op = [229, 242, 364]| tp = [1, 1, 1, ] | dp = [4, 2, 2, ] | algo = [0, 0, 0, ] | rc = [6, 30, 28] | gpus = [4, 2, 2] | micro_bs = 8 | time = [7349, 12491, 20545] | memory = [26017, 21216, 24695]
>>>> [CONFIG: target(2), prim(dec_op)]
|13236.55|21270.33| op = [358, 246, 231]| tp = [1, 1, 1, ] | dp = [4, 2, 2, ] | algo = [0, 0, 0, ] | rc = [56, 34, 0] | gpus = [4, 2, 2] | micro_bs = 8 | time = [12294, 13084, 13236] | memory = [19643, 20596, 21270]
>>>> [CONFIG: target(2), prim(inc_dp)]
|20374.44|26970.32| op = [358, 246, 231]| tp = [1, 1, 1, ] | dp = [2, 2, 4, ] | algo = [0, 0, 0, ] | rc = [86, 34, 0] | gpus = [2, 2, 4] | micro_bs = 8 | time = [20374, 13109, 8393] | memory = [26970, 20596, 11261]
>>>> [CONFIG: target(0), prim(inc_tp)]
|29883.88|21270.33| op = [358, 246, 231]| tp = [2, 1, 1, ] | dp = [2, 2, 2, ] | algo = [0, 0, 0, ] | rc = [56, 34, 0] | gpus = [4, 2, 2] | micro_bs = 8 | time = [29883, 13221, 13373] | memory = [21092, 20596, 21270]
>>>> [CONFIG: target(0), prim(dec_tp)]
|20369.68|26970.32| op = [358, 246, 231]| tp = [1, 1, 1, ] | dp = [2, 4, 2, ] | algo = [0, 0, 0, ] | rc = [86, 0, 0] | gpus = [2, 4, 2] | micro_bs = 8 | time = [20369, 7632, 13256] | memory = [26970, 20258, 21270]
>>>> [CONFIG: target(0), prim(dec_op)]
|12488.17|24902.60| op = [230, 392, 213]| tp = [1, 1, 1, ] | dp = [2, 4, 2, ] | algo = [0, 0, 0, ] | rc = [36, 26, 0] | gpus = [2, 4, 2] | micro_bs = 8 | time = [12488, 12446, 12357] | memory = [24902, 24467, 19918]
>>>> [CONFIG: target(0), prim(dec_op)]
|12488.06|24902.60| op = [230, 391, 214]| tp = [1, 1, 1, ] | dp = [2, 4, 2, ] | algo = [0, 0, 0, ] | rc = [36, 26, 0] | gpus = [2, 4, 2] | micro_bs = 8 | time = [12488, 12417, 12372] | memory = [24902, 24419, 19942]

[ Trial 16 ] |12488.06|24902.60| op = [230, 391, 214]| tp = [1, 1, 1, ] | dp = [2, 4, 2, ] | algo = [0, 0, 0, ] | rc = [36, 26, 0] | gpus = [2, 4, 2] | micro_bs = 8 | time = [12488, 12417, 12372] | memory = [24902, 24419, 19942]
>>>> [CONFIG: target(2), prim(inc_dp)]
|20875.60|26983.56| op = [230, 391, 214]| tp = [1, 1, 1, ] | dp = [2, 2, 4, ] | algo = [0, 0, 0, ] | rc = [36, 66, 0] | gpus = [2, 2, 4] | micro_bs = 8 | time = [12518, 20875, 7838] | memory = [24902, 26983, 10571]
>>>> [CONFIG: target(1), prim(dec_mbs)]
|24547.53|26035.30| op = [230, 391, 214]| tp = [1, 1, 1, ] | dp = [2, 2, 4, ] | algo = [0, 0, 0, ] | rc = [6, 26, 0] | gpus = [2, 2, 4] | micro_bs = 4 | time = [14351, 24547, 10091] | memory = [26035, 24419, 5883]
>>>> [CONFIG: target(1), prim(dec_op)]
|17420.33|26035.30| op = [230, 293, 312]| tp = [1, 1, 1, ] | dp = [2, 2, 4, ] | algo = [0, 0, 0, ] | rc = [6, 0, 0] | gpus = [2, 2, 4] | micro_bs = 4 | time = [14339, 17420, 14058] | memory = [26035, 23522, 8166]
>>>> [CONFIG: target(1), prim(inc_mbs)]
|15434.88|24902.60| op = [230, 293, 312]| tp = [1, 1, 1, ] | dp = [2, 2, 4, ] | algo = [0, 0, 0, ] | rc = [36, 44, 0] | gpus = [2, 2, 4] | micro_bs = 8 | time = [12499, 15434, 10768] | memory = [24902, 21177, 14797]
>>>> [CONFIG: target(1), prim(inc_dp)]
|17206.45|26903.08| op = [230, 293, 312]| tp = [1, 1, 1, ] | dp = [2, 4, 2, ] | algo = [0, 0, 0, ] | rc = [36, 0, 6] | gpus = [2, 4, 2] | micro_bs = 8 | time = [12498, 8884, 17206] | memory = [24902, 23522, 26903]
>>>> [CONFIG: target(2), prim(dec_op)]
|12638.42|24955.72| op = [230, 387, 218]| tp = [1, 1, 1, ] | dp = [2, 4, 2, ] | algo = [0, 0, 0, ] | rc = [36, 24, 0] | gpus = [2, 4, 2] | micro_bs = 8 | time = [12489, 12330, 12638] | memory = [24902, 24955, 20238]
>>>> [CONFIG: target(2), prim(dec_op)]
|12487.69|24963.72| op = [230, 388, 217]| tp = [1, 1, 1, ] | dp = [2, 4, 2, ] | algo = [0, 0, 0, ] | rc = [36, 24, 0] | gpus = [2, 4, 2] | micro_bs = 8 | time = [12487, 12326, 12417] | memory = [24902, 24963, 19974]

[ Trial 17 ] |12487.69|24963.72| op = [230, 388, 217]| tp = [1, 1, 1, ] | dp = [2, 4, 2, ] | algo = [0, 0, 0, ] | rc = [36, 24, 0] | gpus = [2, 4, 2] | micro_bs = 8 | time = [12487, 12326, 12417] | memory = [24902, 24963, 19974]
>>>> [CONFIG: target(0), prim(inc_dp)]
|20807.37|26987.44| op = [230, 388, 217]| tp = [1, 1, 1, ] | dp = [4, 2, 2, ] | algo = [0, 0, 0, ] | rc = [6, 64, 0] | gpus = [4, 2, 2] | micro_bs = 8 | time = [7365, 20807, 12443] | memory = [26035, 26987, 19974]
>>>> [CONFIG: target(1), prim(inc_tp)]
|31486.06|24902.60| op = [230, 388, 217]| tp = [1, 2, 1, ] | dp = [2, 2, 2, ] | algo = [0, 0, 0, ] | rc = [36, 30, 0] | gpus = [2, 4, 2] | micro_bs = 8 | time = [12637, 31486, 12566] | memory = [24902, 24189, 19974]
>>>> [CONFIG: target(1), prim(dec_op)]
|17524.52|26923.14| op = [302, 219, 314]| tp = [1, 2, 1, ] | dp = [2, 2, 2, ] | algo = [0, 0, 0, ] | rc = [60, 0, 6] | gpus = [2, 4, 2] | micro_bs = 8 | time = [16716, 17524, 17356] | memory = [26560, 18726, 26923]
>>>> [CONFIG: target(1), prim(dec_tp)]
|17256.48|26923.14| op = [302, 219, 314]| tp = [1, 1, 1, ] | dp = [4, 2, 2, ] | algo = [0, 0, 0, ] | rc = [32, 24, 6] | gpus = [4, 2, 2] | micro_bs = 8 | time = [9989, 11369, 17256] | memory = [22654, 22296, 26923]
>>>> [CONFIG: target(2), prim(inc_dp)]
|16618.14|26560.84| op = [302, 219, 314]| tp = [1, 1, 1, ] | dp = [2, 2, 4, ] | algo = [0, 0, 0, ] | rc = [60, 24, 0] | gpus = [2, 2, 4] | micro_bs = 8 | time = [16618, 11370, 10812] | memory = [26560, 22296, 14813]
>>>> [CONFIG: target(0), prim(dec_op)]
|12460.22|24838.60| op = [228, 235, 372]| tp = [1, 1, 1, ] | dp = [2, 2, 4, ] | algo = [0, 0, 0, ] | rc = [36, 28, 0] | gpus = [2, 2, 4] | micro_bs = 8 | time = [12460, 12194, 12420] | memory = [24838, 22072, 17061]

num_targets: [1, 1, 1, 1, 1, 1, 1, 1, 1, 1]
num_hops: [1, 1, 3, 1, 1, 2, 4, 1, 6, 6]
search time = 200.00 s.  [0, 1, 2, 3, 4, 5, 6, 7, 8, 48, 85, 93, 107, 120, 141, 157, 170, 192, 197, 207, 212, 213, 214, 215, 216, 217, 218, 219, 220, 221, 222, 223, 224, 225, 226] 
num_explored_cases = 19213
time trend: [94275, 92979, 37108, 19128, 15357, 13008, 12668, 12592, 12461, 12461, 12461, 12476, 12460, 12460, 12476, 12476, 12476, 12487, 12460, 12460, 12506, 12506, 12506, 12604, 12622, 12622, 12622, 12622, 12623, 12623, 12662, 12665, 12676, 12676, 12676]

working on num_stages = 4
config has been saved to /home/liminglong.lml/sxz/SuperScaler/logs-large/aceso/configs/scale-layer/64layers/scale-layer_64layers_4stages_2026-5-16-3-12-39.json

========== Best Result (num_stages = 4) ==========
|11694.11|26936.06| op = [206, 213, 221, 195]| tp = [1, 1, 1, 1, ] | dp = [2, 2, 2, 2, ] | algo = [0, 0, 0, 0, ] | rc = [40, 32, 24, 0] | gpus = [2, 2, 2, 2] | micro_bs = 8 | time = [11458, 11397, 11496, 11694] | memory = [26936, 22614, 22372, 18765]
start|59241.66|9082.15| op = [208, 208, 208, 211]| tp = [2, 2, 2, 2, ] | dp = [1, 1, 1, 1, ] | algo = [0, 0, 0, 0, ] | rc = [0, 0, 0, 0] | gpus = [2, 2, 2, 2] | micro_bs = 1 | time = [56309, 55760, 55760, 59241] | memory = [9082, 6797, 4713, 3033]

[ Trial 0 ] |59241.66|9082.15| op = [208, 208, 208, 211]| tp = [2, 2, 2, 2, ] | dp = [1, 1, 1, 1, ] | algo = [0, 0, 0, 0, ] | rc = [0, 0, 0, 0] | gpus = [2, 2, 2, 2] | micro_bs = 1 | time = [56309, 55760, 55760, 59241] | memory = [9082, 6797, 4713, 3033]
>>>> [CONFIG: target(3), prim(inc_mbs)]
|19809.85|17250.08| op = [208, 208, 208, 211]| tp = [1, 1, 1, 1, ] | dp = [2, 2, 2, 2, ] | algo = [0, 0, 0, 0, ] | rc = [0, 0, 0, 0] | gpus = [2, 2, 2, 2] | micro_bs = 2 | time = [17256, 17076, 17076, 19809] | memory = [17250, 12909, 8969, 5833]

[ Trial 1 ] |19809.85|17250.08| op = [208, 208, 208, 211]| tp = [1, 1, 1, 1, ] | dp = [2, 2, 2, 2, ] | algo = [0, 0, 0, 0, ] | rc = [0, 0, 0, 0] | gpus = [2, 2, 2, 2] | micro_bs = 2 | time = [17256, 17076, 17076, 19809] | memory = [17250, 12909, 8969, 5833]
>>>> [CONFIG: target(3), prim(inc_mbs)]
|15205.88|25050.98| op = [208, 208, 208, 211]| tp = [1, 1, 1, 1, ] | dp = [2, 2, 2, 2, ] | algo = [0, 0, 0, 0, ] | rc = [18, 0, 0, 0] | gpus = [2, 2, 2, 2] | micro_bs = 4 | time = [13520, 12587, 12587, 15205] | memory = [23236, 25050, 17169, 10503]

[ Trial 2 ] |15205.88|25050.98| op = [208, 208, 208, 211]| tp = [1, 1, 1, 1, ] | dp = [2, 2, 2, 2, ] | algo = [0, 0, 0, 0, ] | rc = [18, 0, 0, 0] | gpus = [2, 2, 2, 2] | micro_bs = 4 | time = [13520, 12587, 12587, 15205] | memory = [23236, 25050, 17169, 10503]
>>>> [CONFIG: target(3), prim(inc_mbs)]
|12347.96|26344.06| op = [208, 208, 208, 211]| tp = [1, 1, 1, 1, ] | dp = [2, 2, 2, 2, ] | algo = [0, 0, 0, 0, ] | rc = [38, 32, 18, 0] | gpus = [2, 2, 2, 2] | micro_bs = 8 | time = [11534, 11240, 10624, 12347] | memory = [26344, 22261, 23779, 19838]

[ Trial 3 ] |12347.96|26344.06| op = [208, 208, 208, 211]| tp = [1, 1, 1, 1, ] | dp = [2, 2, 2, 2, ] | algo = [0, 0, 0, 0, ] | rc = [38, 32, 18, 0] | gpus = [2, 2, 2, 2] | micro_bs = 8 | time = [11534, 11240, 10624, 12347] | memory = [26344, 22261, 23779, 19838]
>>>> [CONFIG: target(3), prim(inc_dp)]
|22720.51|26988.00| op = [208, 208, 208, 211]| tp = [1, 1, 1, 1, ] | dp = [2, 1, 1, 4, ] | algo = [0, 0, 0, 0, ] | rc = [38, 58, 42, 0] | gpus = [2, 1, 1, 4] | micro_bs = 8 | time = [11673, 22720, 21617, 7957] | memory = [26344, 26988, 26952, 10503]
>>>> [CONFIG: target(1), prim(dec_op)]
|12965.57|26790.75| op = [214, 116, 124, 381]| tp = [1, 1, 1, 1, ] | dp = [2, 1, 1, 4, ] | algo = [0, 0, 0, 0, ] | rc = [45, 18, 20, 0] | gpus = [2, 1, 1, 4] | micro_bs = 8 | time = [12360, 12227, 12965, 12854] | memory = [26788, 26790, 20344, 17555]
>>>> [CONFIG: target(2), prim(dec_op)]
|12850.27|26954.75| op = [217, 114, 123, 381]| tp = [1, 1, 1, 1, ] | dp = [2, 1, 1, 4, ] | algo = [0, 0, 0, 0, ] | rc = [42, 21, 18, 0] | gpus = [2, 1, 1, 4] | micro_bs = 8 | time = [12215, 12223, 12573, 12850] | memory = [26648, 26954, 20344, 17555]
>>>> [CONFIG: target(3), prim(dec_dp)]
|21552.81|26648.31| op = [217, 114, 123, 381]| tp = [1, 1, 1, 1, ] | dp = [2, 2, 2, 2, ] | algo = [0, 0, 0, 0, ] | rc = [42, 4, 0, 34] | gpus = [2, 2, 2, 2] | micro_bs = 8 | time = [12183, 5891, 6043, 21552] | memory = [26648, 25339, 20190, 24087]
>>>> [CONFIG: target(3), prim(dec_mbs)]
|25247.46|22756.16| op = [217, 114, 123, 381]| tp = [1, 1, 1, 1, ] | dp = [2, 2, 2, 2, ] | algo = [0, 0, 0, 0, ] | rc = [22, 0, 0, 0] | gpus = [2, 2, 2, 2] | micro_bs = 4 | time = [14345, 7158, 7636, 25247] | memory = [22756, 14323, 10321, 17555]
>>>> [CONFIG: target(3), prim(dec_op)]
|13707.49|26983.16| op = [211, 222, 222, 180]| tp = [1, 1, 1, 1, ] | dp = [2, 2, 2, 2, ] | algo = [0, 0, 0, 0, ] | rc = [18, 0, 0, 0] | gpus = [2, 2, 2, 2] | micro_bs = 4 | time = [13649, 13610, 13707, 13459] | memory = [23336, 26983, 18458, 9388]
>>>> [CONFIG: target(2), prim(inc_mbs)]
|12150.65|26532.31| op = [211, 222, 222, 180]| tp = [1, 1, 1, 1, ] | dp = [2, 2, 2, 2, ] | algo = [0, 0, 0, 0, ] | rc = [38, 34, 24, 0] | gpus = [2, 2, 2, 2] | micro_bs = 8 | time = [11624, 12150, 11838, 11048] | memory = [26532, 24350, 22852, 17717]

[ Trial 4 ] |12150.65|26532.31| op = [211, 222, 222, 180]| tp = [1, 1, 1, 1, ] | dp = [2, 2, 2, 2, ] | algo = [0, 0, 0, 0, ] | rc = [38, 34, 24, 0] | gpus = [2, 2, 2, 2] | micro_bs = 8 | time = [11624, 12150, 11838, 11048] | memory = [26532, 24350, 22852, 17717]
>>>> [CONFIG: target(1), prim(dec_op)]
|12148.73|26532.31| op = [211, 222, 220, 182]| tp = [1, 1, 1, 1, ] | dp = [2, 2, 2, 2, ] | algo = [0, 0, 0, 0, ] | rc = [38, 34, 24, 0] | gpus = [2, 2, 2, 2] | micro_bs = 8 | time = [11622, 12148, 11532, 11107] | memory = [26532, 24350, 22340, 17733]

[ Trial 5 ] |12148.73|26532.31| op = [211, 222, 220, 182]| tp = [1, 1, 1, 1, ] | dp = [2, 2, 2, 2, ] | algo = [0, 0, 0, 0, ] | rc = [38, 34, 24, 0] | gpus = [2, 2, 2, 2] | micro_bs = 8 | time = [11622, 12148, 11532, 11107] | memory = [26532, 24350, 22340, 17733]
>>>> [CONFIG: target(1), prim(dec_op)]
|11766.47|26532.31| op = [211, 215, 225, 184]| tp = [1, 1, 1, 1, ] | dp = [2, 2, 2, 2, ] | algo = [0, 0, 0, 0, ] | rc = [38, 34, 24, 0] | gpus = [2, 2, 2, 2] | micro_bs = 8 | time = [11620, 11766, 11578, 11155] | memory = [26532, 23190, 22540, 17753]

[ Trial 6 ] |11766.47|26532.31| op = [211, 215, 225, 184]| tp = [1, 1, 1, 1, ] | dp = [2, 2, 2, 2, ] | algo = [0, 0, 0, 0, ] | rc = [38, 34, 24, 0] | gpus = [2, 2, 2, 2] | micro_bs = 8 | time = [11620, 11766, 11578, 11155] | memory = [26532, 23190, 22540, 17753]
>>>> [CONFIG: target(1), prim(dec_mbs)]
|13647.45|26381.07| op = [211, 215, 225, 184]| tp = [1, 1, 1, 1, ] | dp = [2, 2, 2, 2, ] | algo = [0, 0, 0, 0, ] | rc = [18, 0, 0, 0] | gpus = [2, 2, 2, 2] | micro_bs = 4 | time = [13647, 13137, 13488, 13643] | memory = [23336, 26381, 18318, 9412]
>>>> [CONFIG: target(0), prim(dec_op)]
|13643.21|26575.16| op = [205, 221, 225, 184]| tp = [1, 1, 1, 1, ] | dp = [2, 2, 2, 2, ] | algo = [0, 0, 0, 0, ] | rc = [16, 0, 0, 0] | gpus = [2, 2, 2, 2] | micro_bs = 4 | time = [13323, 13354, 13487, 13643] | memory = [24212, 26575, 18318, 9412]
>>>> [CONFIG: target(3), prim(inc_mbs)]
|11919.73|26920.06| op = [205, 221, 225, 184]| tp = [1, 1, 1, 1, ] | dp = [2, 2, 2, 2, ] | algo = [0, 0, 0, 0, ] | rc = [38, 34, 24, 0] | gpus = [2, 2, 2, 2] | micro_bs = 8 | time = [11390, 11919, 11577, 11154] | memory = [26920, 23534, 22540, 17753]
>>>> [CONFIG: target(1), prim(inc_dp)]
|23198.80|26575.16| op = [205, 221, 225, 184]| tp = [1, 1, 1, 1, ] | dp = [1, 4, 2, 1, ] | algo = [0, 0, 0, 0, ] | rc = [62, 0, 24, 20] | gpus = [1, 4, 2, 1] | micro_bs = 8 | time = [23198, 7040, 11719, 22644] | memory = [26320, 26575, 22540, 24067]
>>>> [CONFIG: target(0), prim(dec_op)]
|13369.75|26629.75| op = [121, 379, 241, 94]| tp = [1, 1, 1, 1, ] | dp = [1, 4, 2, 1, ] | algo = [0, 0, 0, 0, ] | rc = [28, 59, 30, 0] | gpus = [1, 4, 2, 1] | micro_bs = 8 | time = [13369, 13134, 12732, 13135] | memory = [26629, 21345, 21664, 20362]
>>>> [CONFIG: target(0), prim(inc_dp)]
|22105.25|26962.79| op = [121, 379, 241, 94]| tp = [1, 1, 1, 1, ] | dp = [2, 2, 2, 2, ] | algo = [0, 0, 0, 0, ] | rc = [16, 98, 30, 0] | gpus = [2, 2, 2, 2] | micro_bs = 8 | time = [6788, 22105, 12704, 7067] | memory = [20912, 26962, 21664, 10549]
>>>> [CONFIG: target(1), prim(dec_op)]
|11746.42|26899.81| op = [201, 217, 220, 197]| tp = [1, 1, 1, 1, ] | dp = [2, 2, 2, 2, ] | algo = [0, 0, 0, 0, ] | rc = [43, 32, 24, 0] | gpus = [2, 2, 2, 2] | micro_bs = 8 | time = [11534, 11626, 11463, 11746] | memory = [26899, 23450, 22324, 18786]

[ Trial 7 ] |11746.42|26899.81| op = [201, 217, 220, 197]| tp = [1, 1, 1, 1, ] | dp = [2, 2, 2, 2, ] | algo = [0, 0, 0, 0, ] | rc = [43, 32, 24, 0] | gpus = [2, 2, 2, 2] | micro_bs = 8 | time = [11534, 11626, 11463, 11746] | memory = [26899, 23450, 22324, 18786]
>>>> [CONFIG: target(3), prim(dec_dp)]
|24273.40|26899.81| op = [201, 217, 220, 197]| tp = [1, 1, 1, 1, ] | dp = [2, 4, 1, 1, ] | algo = [0, 0, 0, 0, ] | rc = [43, 0, 46, 26] | gpus = [2, 4, 1, 1] | micro_bs = 8 | time = [11684, 6916, 23144, 24273] | memory = [26899, 25663, 26680, 22628]
>>>> [CONFIG: target(3), prim(dec_op)]
|14330.61|26899.81| op = [201, 391, 135, 108]| tp = [1, 1, 1, 1, ] | dp = [2, 4, 1, 1, ] | algo = [0, 0, 0, 0, ] | rc = [43, 60, 20, 0] | gpus = [2, 4, 1, 1] | micro_bs = 8 | time = [11583, 13428, 13436, 14330] | memory = [26899, 21153, 20969, 22458]
>>>> [CONFIG: target(3), prim(inc_dp)]
|22433.70|26899.81| op = [201, 391, 135, 108]| tp = [1, 1, 1, 1, ] | dp = [2, 2, 2, 2, ] | algo = [0, 0, 0, 0, ] | rc = [43, 98, 0, 0] | gpus = [2, 2, 2, 2] | micro_bs = 8 | time = [11547, 22433, 6431, 7701] | memory = [26899, 26531, 21678, 11629]
>>>> [CONFIG: target(1), prim(dec_op)]
|11732.43|26899.81| op = [201, 218, 222, 194]| tp = [1, 1, 1, 1, ] | dp = [2, 2, 2, 2, ] | algo = [0, 0, 0, 0, ] | rc = [43, 32, 24, 0] | gpus = [2, 2, 2, 2] | micro_bs = 8 | time = [11536, 11681, 11710, 11732] | memory = [26899, 23534, 22884, 18749]

[ Trial 8 ] |11732.43|26899.81| op = [201, 218, 222, 194]| tp = [1, 1, 1, 1, ] | dp = [2, 2, 2, 2, ] | algo = [0, 0, 0, 0, ] | rc = [43, 32, 24, 0] | gpus = [2, 2, 2, 2] | micro_bs = 8 | time = [11536, 11681, 11710, 11732] | memory = [26899, 23534, 22884, 18749]
>>>> [CONFIG: target(3), prim(inc_dp)]
|23787.57|26795.75| op = [201, 218, 222, 194]| tp = [1, 1, 1, 1, ] | dp = [1, 2, 1, 4, ] | algo = [0, 0, 0, 0, ] | rc = [77, 32, 48, 0] | gpus = [1, 2, 1, 4] | micro_bs = 8 | time = [23576, 11835, 23787, 7539] | memory = [26795, 23534, 26776, 9928]
>>>> [CONFIG: target(2), prim(dec_op)]
|12567.91|25929.25| op = [115, 230, 126, 364]| tp = [1, 1, 1, 1, ] | dp = [1, 2, 1, 4, ] | algo = [0, 0, 0, 0, ] | rc = [26, 36, 16, 0] | gpus = [1, 2, 1, 4] | micro_bs = 8 | time = [12567, 12564, 12138, 12378] | memory = [25929, 24678, 21829, 16957]
>>>> [CONFIG: target(0), prim(inc_dp)]
|20580.80|24695.57| op = [115, 230, 126, 364]| tp = [1, 1, 1, 1, ] | dp = [2, 2, 2, 2, ] | algo = [0, 0, 0, 0, ] | rc = [14, 36, 0, 28] | gpus = [2, 2, 2, 2] | micro_bs = 8 | time = [6344, 12531, 5920, 20580] | memory = [21828, 24678, 19794, 24695]
>>>> [CONFIG: target(3), prim(dec_op)]
|14244.70|24678.52| op = [115, 230, 234, 256]| tp = [1, 1, 1, 1, ] | dp = [2, 2, 2, 2, ] | algo = [0, 0, 0, 0, ] | rc = [14, 36, 28, 0] | gpus = [2, 2, 2, 2] | micro_bs = 8 | time = [6344, 12531, 12239, 14244] | memory = [21828, 24678, 22052, 23070]
>>>> [CONFIG: target(3), prim(dec_op)]
|12115.83|26899.81| op = [200, 210, 220, 205]| tp = [1, 1, 1, 1, ] | dp = [2, 2, 2, 2, ] | algo = [0, 0, 0, 0, ] | rc = [34, 34, 24, 0] | gpus = [2, 2, 2, 2] | micro_bs = 8 | time = [11172, 11663, 11523, 12115] | memory = [26899, 23053, 22324, 19206]
>>>> [CONFIG: target(3), prim(dec_op)]
|11730.82|26931.81| op = [202, 213, 224, 196]| tp = [1, 1, 1, 1, ] | dp = [2, 2, 2, 2, ] | algo = [0, 0, 0, 0, ] | rc = [36, 32, 24, 0] | gpus = [2, 2, 2, 2] | micro_bs = 8 | time = [11326, 11358, 11558, 11730] | memory = [26931, 22558, 22460, 18785]

[ Trial 9 ] |11730.82|26931.81| op = [202, 213, 224, 196]| tp = [1, 1, 1, 1, ] | dp = [2, 2, 2, 2, ] | algo = [0, 0, 0, 0, ] | rc = [36, 32, 24, 0] | gpus = [2, 2, 2, 2] | micro_bs = 8 | time = [11326, 11358, 11558, 11730] | memory = [26931, 22558, 22460, 18785]
>>>> [CONFIG: target(3), prim(dec_dp)]
|24252.99|26091.75| op = [202, 213, 224, 196]| tp = [1, 1, 1, 1, ] | dp = [1, 4, 2, 1, ] | algo = [0, 0, 0, 0, ] | rc = [62, 0, 24, 26] | gpus = [1, 4, 2, 1] | micro_bs = 8 | time = [23136, 6754, 11710, 24252] | memory = [26091, 25209, 22460, 22627]
>>>> [CONFIG: target(3), prim(inc_tp)]
|30738.61|26931.81| op = [202, 213, 224, 196]| tp = [1, 1, 1, 2, ] | dp = [2, 2, 2, 1, ] | algo = [0, 0, 0, 0, ] | rc = [36, 32, 24, 0] | gpus = [2, 2, 2, 2] | micro_bs = 8 | time = [11475, 11507, 11707, 30738] | memory = [26931, 22558, 22460, 19091]
>>>> [CONFIG: target(3), prim(dec_op)]
|14057.94|26839.44| op = [239, 258, 260, 78]| tp = [1, 1, 1, 2, ] | dp = [2, 2, 2, 1, ] | algo = [0, 0, 0, 0, ] | rc = [50, 42, 40, 0] | gpus = [2, 2, 2, 2] | micro_bs = 8 | time = [13662, 14057, 14041, 13902] | memory = [26821, 26839, 19204, 9491]
>>>> [CONFIG: target(1), prim(inc_dp)]
|27385.49|26750.75| op = [239, 258, 260, 78]| tp = [1, 1, 1, 1, ] | dp = [1, 4, 2, 1, ] | algo = [0, 0, 0, 0, ] | rc = [82, 16, 40, 0] | gpus = [1, 4, 2, 1] | micro_bs = 8 | time = [27385, 8493, 14089, 11992] | memory = [26750, 24523, 19204, 18277]
>>>> [CONFIG: target(0), prim(inc_dp)]
|13999.37|26839.44| op = [239, 258, 260, 78]| tp = [1, 1, 1, 1, ] | dp = [2, 2, 2, 2, ] | algo = [0, 0, 0, 0, ] | rc = [50, 42, 40, 0] | gpus = [2, 2, 2, 2] | micro_bs = 8 | time = [13604, 13999, 13982, 6405] | memory = [26821, 26839, 19204, 9476]
>>>> [CONFIG: target(1), prim(dec_op)]
|11721.44|26532.31| op = [211, 212, 224, 188]| tp = [1, 1, 1, 1, ] | dp = [2, 2, 2, 2, ] | algo = [0, 0, 0, 0, ] | rc = [38, 34, 24, 0] | gpus = [2, 2, 2, 2] | micro_bs = 8 | time = [11620, 11721, 11525, 11259] | memory = [26532, 23101, 22400, 17877]

[ Trial 10 ] |11721.44|26532.31| op = [211, 212, 224, 188]| tp = [1, 1, 1, 1, ] | dp = [2, 2, 2, 2, ] | algo = [0, 0, 0, 0, ] | rc = [38, 34, 24, 0] | gpus = [2, 2, 2, 2] | micro_bs = 8 | time = [11620, 11721, 11525, 11259] | memory = [26532, 23101, 22400, 17877]
>>>> [CONFIG: target(1), prim(inc_dp)]
|23241.14|26828.75| op = [211, 212, 224, 188]| tp = [1, 1, 1, 1, ] | dp = [2, 4, 1, 1, ] | algo = [0, 0, 0, 0, ] | rc = [38, 0, 46, 20] | gpus = [2, 4, 1, 1] | micro_bs = 8 | time = [11762, 6888, 23241, 22832] | memory = [26532, 26334, 26828, 24283]
>>>> [CONFIG: target(3), prim(dec_op)]
|14241.37|26532.31| op = [211, 381, 136, 107]| tp = [1, 1, 1, 1, ] | dp = [2, 4, 1, 1, ] | algo = [0, 0, 0, 0, ] | rc = [38, 60, 20, 0] | gpus = [2, 4, 1, 1] | micro_bs = 8 | time = [11669, 13149, 13461, 14241] | memory = [26532, 20517, 21017, 22378]
>>>> [CONFIG: target(3), prim(inc_dp)]
|21855.91|26842.79| op = [211, 381, 136, 107]| tp = [1, 1, 1, 1, ] | dp = [2, 2, 2, 2, ] | algo = [0, 0, 0, 0, ] | rc = [38, 94, 0, 0] | gpus = [2, 2, 2, 2] | micro_bs = 8 | time = [11631, 21855, 6443, 7648] | memory = [26532, 26842, 21710, 11581]
>>>> [CONFIG: target(1), prim(dec_op)]
|11696.20|26532.31| op = [211, 210, 219, 195]| tp = [1, 1, 1, 1, ] | dp = [2, 2, 2, 2, ] | algo = [0, 0, 0, 0, ] | rc = [38, 32, 24, 0] | gpus = [2, 2, 2, 2] | micro_bs = 8 | time = [11622, 11565, 11437, 11696] | memory = [26532, 23077, 22340, 18765]

[ Trial 11 ] |11696.20|26532.31| op = [211, 210, 219, 195]| tp = [1, 1, 1, 1, ] | dp = [2, 2, 2, 2, ] | algo = [0, 0, 0, 0, ] | rc = [38, 32, 24, 0] | gpus = [2, 2, 2, 2] | micro_bs = 8 | time = [11622, 11565, 11437, 11696] | memory = [26532, 23077, 22340, 18765]
>>>> [CONFIG: target(3), prim(dec_op)]
|11696.07|26424.31| op = [210, 210, 220, 195]| tp = [1, 1, 1, 1, ] | dp = [2, 2, 2, 2, ] | algo = [0, 0, 0, 0, ] | rc = [38, 32, 24, 0] | gpus = [2, 2, 2, 2] | micro_bs = 8 | time = [11568, 11507, 11531, 11696] | memory = [26424, 23113, 22340, 18765]

[ Trial 12 ] |11696.07|26424.31| op = [210, 210, 220, 195]| tp = [1, 1, 1, 1, ] | dp = [2, 2, 2, 2, ] | algo = [0, 0, 0, 0, ] | rc = [38, 32, 24, 0] | gpus = [2, 2, 2, 2] | micro_bs = 8 | time = [11568, 11507, 11531, 11696] | memory = [26424, 23113, 22340, 18765]
>>>> [CONFIG: target(3), prim(dec_op)]
|11696.07|26344.06| op = [208, 212, 220, 195]| tp = [1, 1, 1, 1, ] | dp = [2, 2, 2, 2, ] | algo = [0, 0, 0, 0, ] | rc = [38, 32, 24, 0] | gpus = [2, 2, 2, 2] | micro_bs = 8 | time = [11538, 11537, 11531, 11696] | memory = [26344, 23174, 22340, 18765]
>>>> [CONFIG: target(3), prim(dec_op)]
|11694.11|26936.06| op = [206, 213, 221, 195]| tp = [1, 1, 1, 1, ] | dp = [2, 2, 2, 2, ] | algo = [0, 0, 0, 0, ] | rc = [40, 32, 24, 0] | gpus = [2, 2, 2, 2] | micro_bs = 8 | time = [11458, 11397, 11496, 11694] | memory = [26936, 22614, 22372, 18765]

num_targets: [1, 1, 1, 1, 1, 1, 1, 1, 1, 1, 1, 1, 1]
num_hops: [1, 1, 1, 7, 1, 1, 7, 4, 6, 6, 4, 1, 2]
search time = 200.00 s.  [0, 1, 2, 3, 7, 8, 9, 10, 69, 70, 148, 182, 183, 184, 209, 210, 211, 212, 213, 214, 215, 216, 217, 218, 219, 220, 221, 222, 223, 224, 225, 226, 227, 228, 229, 230, 231, 232, 233, 234, 235, 236, 237, 238, 239, 240, 241, 242, 243, 244, 245, 246, 247, 248, 249, 250, 251] 
num_explored_cases = 13814
time trend: [59241, 19809, 15205, 12347, 12150, 12148, 11766, 11746, 11732, 11730, 11721, 11696, 11696, 11694, 11694, 11743, 11748, 11756, 11763, 11766, 11804, 11836, 11875, 11886, 11892, 11892, 11895, 11895, 11919, 11919, 11935, 11945, 11945, 11973, 12019, 12036, 12089, 12096, 12142, 12256, 12257, 12258, 12286, 12349, 12376, 12406, 12476, 12476, 12476, 12494, 12502, 12508, 12563, 12566, 12566, 12566, 12608]

working on num_stages = 8
config has been saved to /home/liminglong.lml/sxz/SuperScaler/logs-large/aceso/configs/scale-layer/64layers/scale-layer_64layers_8stages_2026-5-16-3-12-39.json

========== Best Result (num_stages = 8) ==========
|11946.68|26824.18| op = [105, 105, 99, 110, 108, 117, 120, 71]| tp = [1, 1, 1, 1, 1, 1, 1, 1, ] | dp = [1, 1, 1, 1, 1, 1, 1, 1, ] | algo = [0, 0, 0, 0, 0, 0, 0, 0, ] | rc = [20, 16, 16, 16, 14, 4, 0, 0] | gpus = [1, 1, 1, 1, 1, 1, 1, 1] | micro_bs = 4 | time = [11678, 11364, 11105, 11681, 11946, 11462, 11199, 11602] | memory = [26824, 25207, 21341, 19269, 21091, 25451, 19518, 8588]
start|22769.15|16866.11| op = [104, 104, 104, 104, 104, 104, 104, 107]| tp = [1, 1, 1, 1, 1, 1, 1, 1, ] | dp = [1, 1, 1, 1, 1, 1, 1, 1, ] | algo = [0, 0, 0, 0, 0, 0, 0, 0, ] | rc = [0, 0, 0, 0, 0, 0, 0, 0] | gpus = [1, 1, 1, 1, 1, 1, 1, 1] | micro_bs = 1 | time = [17657, 17297, 17297, 17297, 17297, 17297, 17297, 22769] | memory = [16866, 14509, 12537, 10565, 8593, 6620, 4648, 3481]

[ Trial 0 ] |22769.15|16866.11| op = [104, 104, 104, 104, 104, 104, 104, 107]| tp = [1, 1, 1, 1, 1, 1, 1, 1, ] | dp = [1, 1, 1, 1, 1, 1, 1, 1, ] | algo = [0, 0, 0, 0, 0, 0, 0, 0, ] | rc = [0, 0, 0, 0, 0, 0, 0, 0] | gpus = [1, 1, 1, 1, 1, 1, 1, 1] | micro_bs = 1 | time = [17657, 17297, 17297, 17297, 17297, 17297, 17297, 22769] | memory = [16866, 14509, 12537, 10565, 8593, 6620, 4648, 3481]
>>>> [CONFIG: target(7), prim(inc_mbs)]
|17958.54|24891.48| op = [104, 104, 104, 104, 104, 104, 104, 107]| tp = [1, 1, 1, 1, 1, 1, 1, 1, ] | dp = [1, 1, 1, 1, 1, 1, 1, 1, ] | algo = [0, 0, 0, 0, 0, 0, 0, 0, ] | rc = [8, 4, 0, 0, 0, 0, 0, 0] | gpus = [1, 1, 1, 1, 1, 1, 1, 1] | micro_bs = 2 | time = [13653, 13083, 12712, 12712, 12712, 12712, 12712, 17958] | memory = [24004, 24891, 24690, 20746, 16801, 12857, 8912, 6182]

[ Trial 1 ] |17958.54|24891.48| op = [104, 104, 104, 104, 104, 104, 104, 107]| tp = [1, 1, 1, 1, 1, 1, 1, 1, ] | dp = [1, 1, 1, 1, 1, 1, 1, 1, ] | algo = [0, 0, 0, 0, 0, 0, 0, 0, ] | rc = [8, 4, 0, 0, 0, 0, 0, 0] | gpus = [1, 1, 1, 1, 1, 1, 1, 1] | micro_bs = 2 | time = [13653, 13083, 12712, 12712, 12712, 12712, 12712, 17958] | memory = [24004, 24891, 24690, 20746, 16801, 12857, 8912, 6182]
>>>> [CONFIG: target(7), prim(dec_op)]
|14251.20|24891.48| op = [104, 104, 104, 107, 109, 117, 115, 75]| tp = [1, 1, 1, 1, 1, 1, 1, 1, ] | dp = [1, 1, 1, 1, 1, 1, 1, 1, ] | algo = [0, 0, 0, 0, 0, 0, 0, 0, ] | rc = [8, 4, 0, 0, 0, 0, 0, 0] | gpus = [1, 1, 1, 1, 1, 1, 1, 1] | micro_bs = 2 | time = [13654, 13084, 12713, 12966, 13704, 14251, 14188, 14230] | memory = [24004, 24891, 24690, 20868, 18533, 14381, 9925, 4780]

[ Trial 2 ] |14251.20|24891.48| op = [104, 104, 104, 107, 109, 117, 115, 75]| tp = [1, 1, 1, 1, 1, 1, 1, 1, ] | dp = [1, 1, 1, 1, 1, 1, 1, 1, ] | algo = [0, 0, 0, 0, 0, 0, 0, 0, ] | rc = [8, 4, 0, 0, 0, 0, 0, 0] | gpus = [1, 1, 1, 1, 1, 1, 1, 1] | micro_bs = 2 | time = [13654, 13084, 12713, 12966, 13704, 14251, 14188, 14230] | memory = [24004, 24891, 24690, 20868, 18533, 14381, 9925, 4780]
>>>> [CONFIG: target(5), prim(inc_mbs)]
|12135.73|26984.18| op = [104, 104, 104, 107, 109, 117, 115, 75]| tp = [1, 1, 1, 1, 1, 1, 1, 1, ] | dp = [1, 1, 1, 1, 1, 1, 1, 1, ] | algo = [0, 0, 0, 0, 0, 0, 0, 0, ] | rc = [18, 16, 16, 16, 14, 4, 0, 0] | gpus = [1, 1, 1, 1, 1, 1, 1, 1] | micro_bs = 4 | time = [11621, 11341, 11341, 11508, 11979, 11464, 11161, 12135] | memory = [26984, 25206, 21925, 18877, 21127, 25451, 19422, 8884]

[ Trial 3 ] |12135.73|26984.18| op = [104, 104, 104, 107, 109, 117, 115, 75]| tp = [1, 1, 1, 1, 1, 1, 1, 1, ] | dp = [1, 1, 1, 1, 1, 1, 1, 1, ] | algo = [0, 0, 0, 0, 0, 0, 0, 0, ] | rc = [18, 16, 16, 16, 14, 4, 0, 0] | gpus = [1, 1, 1, 1, 1, 1, 1, 1] | micro_bs = 4 | time = [11621, 11341, 11341, 11508, 11979, 11464, 11161, 12135] | memory = [26984, 25206, 21925, 18877, 21127, 25451, 19422, 8884]
>>>> [CONFIG: target(7), prim(dec_op)]
|11977.75|26984.18| op = [104, 104, 104, 107, 109, 117, 116, 74]| tp = [1, 1, 1, 1, 1, 1, 1, 1, ] | dp = [1, 1, 1, 1, 1, 1, 1, 1, ] | algo = [0, 0, 0, 0, 0, 0, 0, 0, ] | rc = [18, 16, 16, 16, 14, 4, 0, 0] | gpus = [1, 1, 1, 1, 1, 1, 1, 1] | micro_bs = 4 | time = [11619, 11339, 11339, 11506, 11977, 11462, 11078, 11692] | memory = [26984, 25206, 21925, 18877, 21127, 25451, 19438, 8620]

[ Trial 4 ] |11977.75|26984.18| op = [104, 104, 104, 107, 109, 117, 116, 74]| tp = [1, 1, 1, 1, 1, 1, 1, 1, ] | dp = [1, 1, 1, 1, 1, 1, 1, 1, ] | algo = [0, 0, 0, 0, 0, 0, 0, 0, ] | rc = [18, 16, 16, 16, 14, 4, 0, 0] | gpus = [1, 1, 1, 1, 1, 1, 1, 1] | micro_bs = 4 | time = [11619, 11339, 11339, 11506, 11977, 11462, 11078, 11692] | memory = [26984, 25206, 21925, 18877, 21127, 25451, 19438, 8620]
>>>> [CONFIG: target(4), prim(dec_mbs)]
|14250.22|24891.48| op = [104, 104, 104, 107, 109, 117, 116, 74]| tp = [1, 1, 1, 1, 1, 1, 1, 1, ] | dp = [1, 1, 1, 1, 1, 1, 1, 1, ] | algo = [0, 0, 0, 0, 0, 0, 0, 0, ] | rc = [8, 4, 0, 0, 0, 0, 0, 0] | gpus = [1, 1, 1, 1, 1, 1, 1, 1] | micro_bs = 2 | time = [13653, 13083, 12712, 12965, 13703, 14250, 14178, 13733] | memory = [24004, 24891, 24690, 20868, 18533, 14381, 9933, 4648]
>>>> [CONFIG: target(5), prim(dec_mbs)]
|19391.50|16866.11| op = [104, 104, 104, 107, 109, 117, 116, 74]| tp = [1, 1, 1, 1, 1, 1, 1, 1, ] | dp = [1, 1, 1, 1, 1, 1, 1, 1, ] | algo = [0, 0, 0, 0, 0, 0, 0, 0, ] | rc = [0, 0, 0, 0, 0, 0, 0, 0] | gpus = [1, 1, 1, 1, 1, 1, 1, 1] | micro_bs = 1 | time = [17657, 17297, 17297, 17737, 18386, 19391, 19256, 17180] | memory = [16866, 14509, 12537, 10632, 9461, 7406, 5180, 2660]
>>>> [CONFIG: target(5), prim(dec_op)]
|19391.49|16866.11| op = [104, 104, 104, 107, 109, 117, 112, 78]| tp = [1, 1, 1, 1, 1, 1, 1, 1, ] | dp = [1, 1, 1, 1, 1, 1, 1, 1, ] | algo = [0, 0, 0, 0, 0, 0, 0, 0, ] | rc = [0, 0, 0, 0, 0, 0, 0, 0] | gpus = [1, 1, 1, 1, 1, 1, 1, 1] | micro_bs = 1 | time = [17657, 17297, 17297, 17737, 18386, 19391, 18296, 18134] | memory = [16866, 14509, 12537, 10632, 9461, 7406, 4760, 2874]
>>>> [CONFIG: target(5), prim(inc_mbs)]
|14653.54|24891.48| op = [104, 104, 104, 107, 109, 117, 112, 78]| tp = [1, 1, 1, 1, 1, 1, 1, 1, ] | dp = [1, 1, 1, 1, 1, 1, 1, 1, ] | algo = [0, 0, 0, 0, 0, 0, 0, 0, ] | rc = [8, 4, 0, 0, 0, 0, 0, 0] | gpus = [1, 1, 1, 1, 1, 1, 1, 1] | micro_bs = 2 | time = [13653, 13083, 12712, 12965, 13703, 14250, 13283, 14653] | memory = [24004, 24891, 24690, 20868, 18533, 14381, 9093, 5076]
>>>> [CONFIG: target(7), prim(dec_op)]
|14653.70|24891.48| op = [104, 104, 104, 107, 112, 114, 112, 78]| tp = [1, 1, 1, 1, 1, 1, 1, 1, ] | dp = [1, 1, 1, 1, 1, 1, 1, 1, ] | algo = [0, 0, 0, 0, 0, 0, 0, 0, ] | rc = [8, 4, 0, 0, 0, 0, 0, 0] | gpus = [1, 1, 1, 1, 1, 1, 1, 1] | micro_bs = 2 | time = [13653, 13083, 12712, 12965, 13929, 14105, 13283, 14653] | memory = [24004, 24891, 24690, 20868, 18654, 14323, 9093, 5076]
>>>> [CONFIG: target(7), prim(inc_mbs)]
|12476.98|26984.18| op = [104, 104, 104, 107, 112, 114, 112, 78]| tp = [1, 1, 1, 1, 1, 1, 1, 1, ] | dp = [1, 1, 1, 1, 1, 1, 1, 1, ] | algo = [0, 0, 0, 0, 0, 0, 0, 0, ] | rc = [18, 16, 16, 16, 14, 4, 0, 0] | gpus = [1, 1, 1, 1, 1, 1, 1, 1] | micro_bs = 4 | time = [11619, 11339, 11339, 11507, 12136, 11373, 10327, 12476] | memory = [26984, 25206, 21925, 18877, 21352, 25351, 17758, 9476]
>>>> [CONFIG: target(7), prim(dec_op)]
|12136.61|26984.18| op = [104, 104, 104, 107, 112, 114, 120, 70]| tp = [1, 1, 1, 1, 1, 1, 1, 1, ] | dp = [1, 1, 1, 1, 1, 1, 1, 1, ] | algo = [0, 0, 0, 0, 0, 0, 0, 0, ] | rc = [18, 16, 16, 16, 14, 4, 0, 0] | gpus = [1, 1, 1, 1, 1, 1, 1, 1] | micro_bs = 4 | time = [11619, 11340, 11340, 11507, 12136, 11373, 11268, 11572] | memory = [26984, 25206, 21925, 18877, 21352, 25351, 19578, 8564]

[ Trial 6 ] |12136.61|26984.18| op = [104, 104, 104, 107, 112, 114, 120, 70]| tp = [1, 1, 1, 1, 1, 1, 1, 1, ] | dp = [1, 1, 1, 1, 1, 1, 1, 1, ] | algo = [0, 0, 0, 0, 0, 0, 0, 0, ] | rc = [18, 16, 16, 16, 14, 4, 0, 0] | gpus = [1, 1, 1, 1, 1, 1, 1, 1] | micro_bs = 4 | time = [11619, 11340, 11340, 11507, 12136, 11373, 11268, 11572] | memory = [26984, 25206, 21925, 18877, 21352, 25351, 19578, 8564]
>>>> [CONFIG: target(4), prim(dec_mbs)]
|14476.08|24891.48| op = [104, 104, 104, 107, 112, 114, 120, 70]| tp = [1, 1, 1, 1, 1, 1, 1, 1, ] | dp = [1, 1, 1, 1, 1, 1, 1, 1, ] | algo = [0, 0, 0, 0, 0, 0, 0, 0, ] | rc = [8, 4, 0, 0, 0, 0, 0, 0] | gpus = [1, 1, 1, 1, 1, 1, 1, 1] | micro_bs = 2 | time = [13653, 13084, 12712, 12965, 13929, 14105, 14476, 13517] | memory = [24004, 24891, 24690, 20868, 18654, 14323, 10013, 4610]
>>>> [CONFIG: target(6), prim(dec_mbs)]
|19779.24|16866.11| op = [104, 104, 104, 107, 112, 114, 120, 70]| tp = [1, 1, 1, 1, 1, 1, 1, 1, ] | dp = [1, 1, 1, 1, 1, 1, 1, 1, ] | algo = [0, 0, 0, 0, 0, 0, 0, 0, ] | rc = [0, 0, 0, 0, 0, 0, 0, 0] | gpus = [1, 1, 1, 1, 1, 1, 1, 1] | micro_bs = 1 | time = [17658, 17297, 17297, 17737, 18773, 19097, 19779, 16751] | memory = [16866, 14509, 12537, 10632, 9529, 7369, 5230, 2631]
>>>> [CONFIG: target(6), prim(dec_op)]
|19097.27|16866.11| op = [104, 104, 107, 108, 108, 114, 112, 78]| tp = [1, 1, 1, 1, 1, 1, 1, 1, ] | dp = [1, 1, 1, 1, 1, 1, 1, 1, ] | algo = [0, 0, 0, 0, 0, 0, 0, 0, ] | rc = [0, 0, 0, 0, 0, 0, 0, 0] | gpus = [1, 1, 1, 1, 1, 1, 1, 1] | micro_bs = 1 | time = [17657, 17297, 17737, 18251, 17819, 19097, 18296, 18134] | memory = [16866, 14509, 12615, 11635, 8673, 7369, 4760, 2874]
>>>> [CONFIG: target(5), prim(dec_op)]
|19002.17|16866.11| op = [104, 104, 107, 108, 109, 113, 112, 78]| tp = [1, 1, 1, 1, 1, 1, 1, 1, ] | dp = [1, 1, 1, 1, 1, 1, 1, 1, ] | algo = [0, 0, 0, 0, 0, 0, 0, 0, ] | rc = [0, 0, 0, 0, 0, 0, 0, 0] | gpus = [1, 1, 1, 1, 1, 1, 1, 1] | micro_bs = 1 | time = [17657, 17297, 17737, 18251, 17914, 19002, 18296, 18134] | memory = [16866, 14509, 12615, 11635, 8705, 7345, 4760, 2874]
>>>> [CONFIG: target(5), prim(inc_mbs)]
|14653.70|24891.48| op = [104, 104, 107, 108, 109, 113, 112, 78]| tp = [1, 1, 1, 1, 1, 1, 1, 1, ] | dp = [1, 1, 1, 1, 1, 1, 1, 1, ] | algo = [0, 0, 0, 0, 0, 0, 0, 0, ] | rc = [8, 4, 0, 0, 0, 0, 0, 0] | gpus = [1, 1, 1, 1, 1, 1, 1, 1] | micro_bs = 2 | time = [13653, 13083, 12965, 13631, 13058, 14057, 13283, 14653] | memory = [24004, 24891, 24835, 22886, 17006, 14275, 9093, 5076]
>>>> [CONFIG: target(7), prim(inc_mbs)]
|12475.59|26984.18| op = [104, 104, 107, 108, 109, 113, 112, 78]| tp = [1, 1, 1, 1, 1, 1, 1, 1, ] | dp = [1, 1, 1, 1, 1, 1, 1, 1, ] | algo = [0, 0, 0, 0, 0, 0, 0, 0, ] | rc = [18, 16, 16, 18, 10, 2, 0, 0] | gpus = [1, 1, 1, 1, 1, 1, 1, 1] | micro_bs = 4 | time = [11618, 11338, 11505, 12298, 11042, 11150, 10326, 12475] | memory = [26984, 25206, 22202, 20044, 22664, 26983, 17758, 9476]
>>>> [CONFIG: target(7), prim(dec_op)]
|12299.09|26984.18| op = [104, 104, 107, 108, 109, 113, 120, 70]| tp = [1, 1, 1, 1, 1, 1, 1, 1, ] | dp = [1, 1, 1, 1, 1, 1, 1, 1, ] | algo = [0, 0, 0, 0, 0, 0, 0, 0, ] | rc = [18, 16, 16, 18, 10, 2, 0, 0] | gpus = [1, 1, 1, 1, 1, 1, 1, 1] | micro_bs = 4 | time = [11618, 11338, 11505, 12299, 11042, 11150, 11266, 11571] | memory = [26984, 25206, 22202, 20044, 22664, 26983, 19578, 8564]

[ Trial 8 ] |12299.09|26984.18| op = [104, 104, 107, 108, 109, 113, 120, 70]| tp = [1, 1, 1, 1, 1, 1, 1, 1, ] | dp = [1, 1, 1, 1, 1, 1, 1, 1, ] | algo = [0, 0, 0, 0, 0, 0, 0, 0, ] | rc = [18, 16, 16, 18, 10, 2, 0, 0] | gpus = [1, 1, 1, 1, 1, 1, 1, 1] | micro_bs = 4 | time = [11618, 11338, 11505, 12299, 11042, 11150, 11266, 11571] | memory = [26984, 25206, 22202, 20044, 22664, 26983, 19578, 8564]
>>>> [CONFIG: target(3), prim(dec_mbs)]
|14476.08|24891.48| op = [104, 104, 107, 108, 109, 113, 120, 70]| tp = [1, 1, 1, 1, 1, 1, 1, 1, ] | dp = [1, 1, 1, 1, 1, 1, 1, 1, ] | algo = [0, 0, 0, 0, 0, 0, 0, 0, ] | rc = [8, 4, 0, 0, 0, 0, 0, 0] | gpus = [1, 1, 1, 1, 1, 1, 1, 1] | micro_bs = 2 | time = [13653, 13084, 12965, 13632, 13058, 14057, 14476, 13517] | memory = [24004, 24891, 24835, 22886, 17006, 14275, 10013, 4610]
>>>> [CONFIG: target(6), prim(dec_mbs)]
|19779.24|16866.11| op = [104, 104, 107, 108, 109, 113, 120, 70]| tp = [1, 1, 1, 1, 1, 1, 1, 1, ] | dp = [1, 1, 1, 1, 1, 1, 1, 1, ] | algo = [0, 0, 0, 0, 0, 0, 0, 0, ] | rc = [0, 0, 0, 0, 0, 0, 0, 0] | gpus = [1, 1, 1, 1, 1, 1, 1, 1] | micro_bs = 1 | time = [17658, 17297, 17737, 18251, 17914, 19002, 19779, 16751] | memory = [16866, 14509, 12615, 11635, 8705, 7345, 5230, 2631]
>>>> [CONFIG: target(6), prim(dec_op)]
|19002.67|16866.11| op = [104, 106, 107, 106, 109, 113, 112, 78]| tp = [1, 1, 1, 1, 1, 1, 1, 1, ] | dp = [1, 1, 1, 1, 1, 1, 1, 1, ] | algo = [0, 0, 0, 0, 0, 0, 0, 0, ] | rc = [0, 0, 0, 0, 0, 0, 0, 0] | gpus = [1, 1, 1, 1, 1, 1, 1, 1] | micro_bs = 1 | time = [17658, 17518, 18238, 18041, 17915, 19002, 18296, 18134] | memory = [16866, 14544, 12969, 11615, 8705, 7345, 4760, 2874]
>>>> [CONFIG: target(5), prim(inc_mbs)]
|14654.64|25542.98| op = [104, 106, 107, 106, 109, 113, 112, 78]| tp = [1, 1, 1, 1, 1, 1, 1, 1, ] | dp = [1, 1, 1, 1, 1, 1, 1, 1, ] | algo = [0, 0, 0, 0, 0, 0, 0, 0, ] | rc = [8, 4, 0, 0, 0, 0, 0, 0] | gpus = [1, 1, 1, 1, 1, 1, 1, 1] | micro_bs = 2 | time = [13654, 13194, 13537, 13433, 13059, 14058, 13284, 14654] | memory = [24004, 24961, 25542, 22846, 17006, 14275, 9093, 5076]
>>>> [CONFIG: target(7), prim(inc_mbs)]
|12477.51|26984.18| op = [104, 106, 107, 106, 109, 113, 112, 78]| tp = [1, 1, 1, 1, 1, 1, 1, 1, ] | dp = [1, 1, 1, 1, 1, 1, 1, 1, ] | algo = [0, 0, 0, 0, 0, 0, 0, 0, ] | rc = [18, 16, 16, 18, 10, 2, 0, 0] | gpus = [1, 1, 1, 1, 1, 1, 1, 1] | micro_bs = 4 | time = [11619, 11400, 12059, 12178, 11044, 11152, 10328, 12477] | memory = [26984, 25347, 23617, 19964, 22664, 26983, 17758, 9476]
>>>> [CONFIG: target(7), prim(inc_mbs)]
|12763.01|26938.00| op = [104, 106, 107, 106, 109, 113, 112, 78]| tp = [1, 1, 1, 1, 1, 1, 1, 1, ] | dp = [1, 1, 1, 1, 1, 1, 1, 1, ] | algo = [0, 0, 0, 0, 0, 0, 0, 0, ] | rc = [32, 30, 30, 30, 22, 18, 12, 0] | gpus = [1, 1, 1, 1, 1, 1, 1, 1] | micro_bs = 8 | time = [12307, 12110, 12763, 12615, 11657, 12152, 11005, 12237] | memory = [24496, 25734, 25848, 26938, 25468, 25902, 22416, 18277]
>>>> [CONFIG: target(2), prim(dec_op)]
|12313.12|26760.00| op = [104, 106, 105, 105, 105, 115, 117, 78]| tp = [1, 1, 1, 1, 1, 1, 1, 1, ] | dp = [1, 1, 1, 1, 1, 1, 1, 1, ] | algo = [0, 0, 0, 0, 0, 0, 0, 0, ] | rc = [32, 30, 28, 30, 23, 18, 16, 0] | gpus = [1, 1, 1, 1, 1, 1, 1, 1] | micro_bs = 8 | time = [12313, 12115, 12014, 12283, 12245, 12199, 12140, 12242] | memory = [24496, 25734, 25848, 26698, 26760, 26278, 21268, 18277]

[ Trial 9 ] |12313.12|26760.00| op = [104, 106, 105, 105, 105, 115, 117, 78]| tp = [1, 1, 1, 1, 1, 1, 1, 1, ] | dp = [1, 1, 1, 1, 1, 1, 1, 1, ] | algo = [0, 0, 0, 0, 0, 0, 0, 0, ] | rc = [32, 30, 28, 30, 23, 18, 16, 0] | gpus = [1, 1, 1, 1, 1, 1, 1, 1] | micro_bs = 8 | time = [12313, 12115, 12014, 12283, 12245, 12199, 12140, 12242] | memory = [24496, 25734, 25848, 26698, 26760, 26278, 21268, 18277]
>>>> [CONFIG: target(0), prim(dec_mbs)]
|12479.54|26984.18| op = [104, 106, 105, 105, 105, 115, 117, 78]| tp = [1, 1, 1, 1, 1, 1, 1, 1, ] | dp = [1, 1, 1, 1, 1, 1, 1, 1, ] | algo = [0, 0, 0, 0, 0, 0, 0, 0, ] | rc = [18, 16, 16, 16, 10, 4, 0, 0] | gpus = [1, 1, 1, 1, 1, 1, 1, 1] | micro_bs = 4 | time = [11622, 11402, 11450, 11796, 11523, 11376, 11144, 12479] | memory = [26984, 25347, 22081, 20004, 23299, 25451, 19490, 9476]
>>>> [CONFIG: target(7), prim(dec_mbs)]
|14655.57|24961.70| op = [104, 106, 105, 105, 105, 115, 117, 78]| tp = [1, 1, 1, 1, 1, 1, 1, 1, ] | dp = [1, 1, 1, 1, 1, 1, 1, 1, ] | algo = [0, 0, 0, 0, 0, 0, 0, 0, ] | rc = [8, 4, 0, 0, 0, 0, 0, 0] | gpus = [1, 1, 1, 1, 1, 1, 1, 1] | micro_bs = 2 | time = [13655, 13195, 12858, 13222, 13415, 14077, 14276, 14655] | memory = [24004, 24961, 24774, 21426, 17313, 14381, 9961, 5076]
>>>> [CONFIG: target(7), prim(dec_op)]
|14655.52|24961.70| op = [104, 106, 105, 105, 107, 115, 115, 78]| tp = [1, 1, 1, 1, 1, 1, 1, 1, ] | dp = [1, 1, 1, 1, 1, 1, 1, 1, ] | algo = [0, 0, 0, 0, 0, 0, 0, 0, ] | rc = [8, 4, 0, 0, 0, 0, 0, 0] | gpus = [1, 1, 1, 1, 1, 1, 1, 1] | micro_bs = 2 | time = [13655, 13195, 12857, 13222, 13631, 14037, 14077, 14655] | memory = [24004, 24961, 24774, 21426, 18481, 13505, 9945, 5076]
>>>> [CONFIG: target(7), prim(dec_mbs)]
|19175.66|16866.11| op = [104, 106, 105, 105, 107, 115, 115, 78]| tp = [1, 1, 1, 1, 1, 1, 1, 1, ] | dp = [1, 1, 1, 1, 1, 1, 1, 1, ] | algo = [0, 0, 0, 0, 0, 0, 0, 0, ] | rc = [0, 0, 0, 0, 0, 0, 0, 0] | gpus = [1, 1, 1, 1, 1, 1, 1, 1] | micro_bs = 1 | time = [17658, 17518, 17517, 17803, 18250, 19153, 19175, 18135] | memory = [16866, 14544, 12585, 10905, 9433, 6968, 5188, 2874]
>>>> [CONFIG: target(6), prim(dec_op)]
|18477.18|16866.11| op = [104, 106, 105, 108, 112, 109, 113, 78]| tp = [1, 1, 1, 1, 1, 1, 1, 1, ] | dp = [1, 1, 1, 1, 1, 1, 1, 1, ] | algo = [0, 0, 0, 0, 0, 0, 0, 0, ] | rc = [0, 0, 0, 0, 0, 0, 0, 0] | gpus = [1, 1, 1, 1, 1, 1, 1, 1] | micro_bs = 1 | time = [17657, 17517, 17516, 18251, 18211, 18477, 18431, 18134] | memory = [16866, 14544, 12585, 11635, 8749, 7280, 4768, 2874]
>>>> [CONFIG: target(5), prim(inc_mbs)]
|14653.54|24961.70| op = [104, 106, 105, 108, 112, 109, 113, 78]| tp = [1, 1, 1, 1, 1, 1, 1, 1, ] | dp = [1, 1, 1, 1, 1, 1, 1, 1, ] | algo = [0, 0, 0, 0, 0, 0, 0, 0, ] | rc = [8, 4, 0, 0, 0, 0, 0, 0] | gpus = [1, 1, 1, 1, 1, 1, 1, 1] | micro_bs = 2 | time = [13653, 13193, 12855, 13631, 13211, 13751, 13355, 14653] | memory = [24004, 24961, 24774, 22886, 17078, 14165, 9105, 5076]
>>>> [CONFIG: target(7), prim(inc_mbs)]
|12475.32|26984.18| op = [104, 106, 105, 108, 112, 109, 113, 78]| tp = [1, 1, 1, 1, 1, 1, 1, 1, ] | dp = [1, 1, 1, 1, 1, 1, 1, 1, ] | algo = [0, 0, 0, 0, 0, 0, 0, 0, ] | rc = [18, 16, 16, 18, 10, 2, 0, 0] | gpus = [1, 1, 1, 1, 1, 1, 1, 1] | micro_bs = 4 | time = [11617, 11397, 11445, 12298, 11132, 10960, 10357, 12475] | memory = [26984, 25347, 22081, 20044, 22792, 26782, 17778, 9476]

[ Trial 18 ] |12475.32|26984.18| op = [104, 106, 105, 108, 112, 109, 113, 78]| tp = [1, 1, 1, 1, 1, 1, 1, 1, ] | dp = [1, 1, 1, 1, 1, 1, 1, 1, ] | algo = [0, 0, 0, 0, 0, 0, 0, 0, ] | rc = [18, 16, 16, 18, 10, 2, 0, 0] | gpus = [1, 1, 1, 1, 1, 1, 1, 1] | micro_bs = 4 | time = [11617, 11397, 11445, 12298, 11132, 10960, 10357, 12475] | memory = [26984, 25347, 22081, 20044, 22792, 26782, 17778, 9476]
>>>> [CONFIG: target(0), prim(dec_op)]
|12475.15|26835.16| op = [102, 108, 105, 104, 104, 111, 123, 78]| tp = [1, 1, 1, 1, 1, 1, 1, 1, ] | dp = [1, 1, 1, 1, 1, 1, 1, 1, ] | algo = [0, 0, 0, 0, 0, 0, 0, 0, ] | rc = [18, 16, 16, 16, 10, 2, 0, 0] | gpus = [1, 1, 1, 1, 1, 1, 1, 1] | micro_bs = 4 | time = [11542, 11542, 11445, 11370, 10840, 10975, 11449, 12475] | memory = [26648, 25811, 22081, 18724, 22339, 26835, 19734, 9476]
>>>> [CONFIG: target(7), prim(dec_mbs)]
|14712.20|25201.72| op = [102, 108, 105, 104, 104, 111, 123, 78]| tp = [1, 1, 1, 1, 1, 1, 1, 1, ] | dp = [1, 1, 1, 1, 1, 1, 1, 1, ] | algo = [0, 0, 0, 0, 0, 0, 0, 0, ] | rc = [8, 4, 0, 0, 0, 0, 0, 0] | gpus = [1, 1, 1, 1, 1, 1, 1, 1] | micro_bs = 2 | time = [13561, 13366, 12856, 12736, 12736, 13813, 14712, 14653] | memory = [23828, 25201, 24774, 20786, 16833, 14187, 10105, 5076]
>>>> [CONFIG: target(6), prim(dec_mbs)]
|20172.86|16770.11| op = [102, 108, 105, 104, 104, 111, 123, 78]| tp = [1, 1, 1, 1, 1, 1, 1, 1, ] | dp = [1, 1, 1, 1, 1, 1, 1, 1, ] | algo = [0, 0, 0, 0, 0, 0, 0, 0, ] | rc = [0, 0, 0, 0, 0, 0, 0, 0] | gpus = [1, 1, 1, 1, 1, 1, 1, 1] | micro_bs = 1 | time = [17486, 17782, 17517, 17290, 17290, 18603, 20172, 18134] | memory = [16770, 14672, 12585, 10585, 8609, 7287, 5290, 2874]
>>>> [CONFIG: target(6), prim(dec_op)]
|18251.53|16770.11| op = [102, 109, 108, 112, 107, 108, 111, 78]| tp = [1, 1, 1, 1, 1, 1, 1, 1, ] | dp = [1, 1, 1, 1, 1, 1, 1, 1, ] | algo = [0, 0, 0, 0, 0, 0, 0, 0, ] | rc = [0, 0, 0, 0, 0, 0, 0, 0] | gpus = [1, 1, 1, 1, 1, 1, 1, 1] | micro_bs = 1 | time = [17487, 18002, 18251, 18212, 18238, 18236, 18135, 18134] | memory = [16770, 14726, 13821, 10751, 8885, 7269, 4750, 2874]
>>>> [CONFIG: target(2), prim(inc_mbs)]
|14655.06|25818.98| op = [102, 109, 108, 112, 107, 108, 111, 78]| tp = [1, 1, 1, 1, 1, 1, 1, 1, ] | dp = [1, 1, 1, 1, 1, 1, 1, 1, ] | algo = [0, 0, 0, 0, 0, 0, 0, 0, ] | rc = [8, 4, 2, 0, 0, 0, 0, 0] | gpus = [1, 1, 1, 1, 1, 1, 1, 1] | micro_bs = 2 | time = [13562, 13511, 13819, 13212, 13537, 13563, 13230, 14655] | memory = [23828, 25297, 25818, 21082, 17373, 14151, 9073, 5076]
>>>> [CONFIG: target(7), prim(dec_op)]
|13818.14|25818.98| op = [102, 109, 108, 113, 108, 113, 108, 74]| tp = [1, 1, 1, 1, 1, 1, 1, 1, ] | dp = [1, 1, 1, 1, 1, 1, 1, 1, ] | algo = [0, 0, 0, 0, 0, 0, 0, 0, ] | rc = [8, 4, 2, 0, 0, 0, 0, 0] | gpus = [1, 1, 1, 1, 1, 1, 1, 1] | micro_bs = 2 | time = [13561, 13510, 13818, 13355, 13632, 13355, 13632, 13734] | memory = [23828, 25297, 25818, 21154, 18513, 13121, 9768, 4648]
>>>> [CONFIG: target(2), prim(inc_mbs)]
|12299.77|26648.18| op = [102, 109, 108, 113, 108, 113, 108, 74]| tp = [1, 1, 1, 1, 1, 1, 1, 1, ] | dp = [1, 1, 1, 1, 1, 1, 1, 1, ] | algo = [0, 0, 0, 0, 0, 0, 0, 0, ] | rc = [18, 16, 18, 16, 14, 0, 0, 0] | gpus = [1, 1, 1, 1, 1, 1, 1, 1] | micro_bs = 4 | time = [11543, 11650, 12299, 11771, 11946, 10358, 10709, 11692] | memory = [26648, 25991, 23605, 19413, 21091, 25811, 19153, 8620]

[ Trial 19 ] |12299.77|26648.18| op = [102, 109, 108, 113, 108, 113, 108, 74]| tp = [1, 1, 1, 1, 1, 1, 1, 1, ] | dp = [1, 1, 1, 1, 1, 1, 1, 1, ] | algo = [0, 0, 0, 0, 0, 0, 0, 0, ] | rc = [18, 16, 18, 16, 14, 0, 0, 0] | gpus = [1, 1, 1, 1, 1, 1, 1, 1] | micro_bs = 4 | time = [11543, 11650, 12299, 11771, 11946, 10358, 10709, 11692] | memory = [26648, 25991, 23605, 19413, 21091, 25811, 19153, 8620]
>>>> [CONFIG: target(2), prim(dec_op)]
|12301.81|26648.18| op = [102, 109, 108, 113, 106, 115, 108, 74]| tp = [1, 1, 1, 1, 1, 1, 1, 1, ] | dp = [1, 1, 1, 1, 1, 1, 1, 1, ] | algo = [0, 0, 0, 0, 0, 0, 0, 0, ] | rc = [18, 16, 18, 16, 10, 4, 0, 0] | gpus = [1, 1, 1, 1, 1, 1, 1, 1] | micro_bs = 4 | time = [11545, 11652, 12301, 11773, 11455, 11375, 10711, 11694] | memory = [26648, 25991, 23605, 19413, 23363, 25451, 19153, 8620]
>>>> [CONFIG: target(2), prim(dec_mbs)]
|14077.01|25818.98| op = [102, 109, 108, 113, 106, 115, 108, 74]| tp = [1, 1, 1, 1, 1, 1, 1, 1, ] | dp = [1, 1, 1, 1, 1, 1, 1, 1, ] | algo = [0, 0, 0, 0, 0, 0, 0, 0, ] | rc = [8, 4, 2, 0, 0, 0, 0, 0] | gpus = [1, 1, 1, 1, 1, 1, 1, 1] | micro_bs = 2 | time = [13562, 13511, 13819, 13356, 13418, 14077, 13633, 13735] | memory = [23828, 25297, 25818, 21154, 17345, 14381, 9768, 4648]
>>>> [CONFIG: target(5), prim(dec_mbs)]
|19175.25|16770.11| op = [102, 109, 108, 113, 106, 115, 108, 74]| tp = [1, 1, 1, 1, 1, 1, 1, 1, ] | dp = [1, 1, 1, 1, 1, 1, 1, 1, ] | algo = [0, 0, 0, 0, 0, 0, 0, 0, ] | rc = [0, 0, 0, 0, 0, 0, 0, 0] | gpus = [1, 1, 1, 1, 1, 1, 1, 1] | micro_bs = 1 | time = [17487, 18002, 18251, 18431, 18012, 19175, 18251, 17181] | memory = [16770, 14726, 13821, 10793, 8865, 7406, 5076, 2660]
>>>> [CONFIG: target(5), prim(dec_op)]
|18297.21|16890.11| op = [105, 108, 107, 112, 108, 112, 106, 77]| tp = [1, 1, 1, 1, 1, 1, 1, 1, ] | dp = [1, 1, 1, 1, 1, 1, 1, 1, ] | algo = [0, 0, 0, 0, 0, 0, 0, 0, ] | rc = [0, 0, 0, 0, 0, 0, 0, 0] | gpus = [1, 1, 1, 1, 1, 1, 1, 1] | micro_bs = 1 | time = [17720, 18297, 18176, 18297, 18251, 18212, 18029, 18134] | memory = [16890, 15011, 13813, 10779, 9449, 6746, 4800, 2870]
>>>> [CONFIG: target(3), prim(inc_mbs)]
|14653.10|25883.69| op = [105, 108, 107, 112, 108, 112, 106, 77]| tp = [1, 1, 1, 1, 1, 1, 1, 1, ] | dp = [1, 1, 1, 1, 1, 1, 1, 1, ] | algo = [0, 0, 0, 0, 0, 0, 0, 0, ] | rc = [8, 4, 2, 0, 0, 0, 0, 0] | gpus = [1, 1, 1, 1, 1, 1, 1, 1] | micro_bs = 2 | time = [13713, 13964, 13692, 13285, 13634, 13213, 13341, 14653] | memory = [24052, 25883, 25798, 21130, 18513, 13073, 9204, 5068]
>>>> [CONFIG: target(7), prim(dec_op)]
|13963.82|25883.69| op = [105, 108, 107, 112, 108, 112, 109, 74]| tp = [1, 1, 1, 1, 1, 1, 1, 1, ] | dp = [1, 1, 1, 1, 1, 1, 1, 1, ] | algo = [0, 0, 0, 0, 0, 0, 0, 0, ] | rc = [8, 4, 2, 0, 0, 0, 0, 0] | gpus = [1, 1, 1, 1, 1, 1, 1, 1] | micro_bs = 2 | time = [13712, 13963, 13691, 13284, 13633, 13212, 13752, 13735] | memory = [24052, 25883, 25798, 21130, 18513, 13073, 9788, 4648]
>>>> [CONFIG: target(1), prim(inc_mbs)]
|12241.31|26824.18| op = [105, 108, 107, 112, 108, 112, 109, 74]| tp = [1, 1, 1, 1, 1, 1, 1, 1, ] | dp = [1, 1, 1, 1, 1, 1, 1, 1, ] | algo = [0, 0, 0, 0, 0, 0, 0, 0, ] | rc = [20, 18, 18, 16, 14, 0, 0, 0] | gpus = [1, 1, 1, 1, 1, 1, 1, 1] | micro_bs = 4 | time = [11680, 12241, 12211, 11742, 11948, 10252, 10786, 11694] | memory = [26824, 25643, 23561, 19369, 21091, 25727, 19181, 8620]

[ Trial 20 ] |12241.31|26824.18| op = [105, 108, 107, 112, 108, 112, 109, 74]| tp = [1, 1, 1, 1, 1, 1, 1, 1, ] | dp = [1, 1, 1, 1, 1, 1, 1, 1, ] | algo = [0, 0, 0, 0, 0, 0, 0, 0, ] | rc = [20, 18, 18, 16, 14, 0, 0, 0] | gpus = [1, 1, 1, 1, 1, 1, 1, 1] | micro_bs = 4 | time = [11680, 12241, 12211, 11742, 11948, 10252, 10786, 11694] | memory = [26824, 25643, 23561, 19369, 21091, 25727, 19181, 8620]
>>>> [CONFIG: target(4), prim(dec_op)]
|12241.39|26824.18| op = [105, 108, 107, 112, 104, 115, 110, 74]| tp = [1, 1, 1, 1, 1, 1, 1, 1, ] | dp = [1, 1, 1, 1, 1, 1, 1, 1, ] | algo = [0, 0, 0, 0, 0, 0, 0, 0, ] | rc = [20, 18, 18, 16, 10, 4, 0, 0] | gpus = [1, 1, 1, 1, 1, 1, 1, 1] | micro_bs = 4 | time = [11680, 12241, 12211, 11742, 10844, 11352, 10812, 11695] | memory = [26824, 25643, 23561, 19369, 22339, 25391, 19182, 8620]
>>>> [CONFIG: target(1), prim(dec_mbs)]
|14080.51|25883.69| op = [105, 108, 107, 112, 104, 115, 110, 74]| tp = [1, 1, 1, 1, 1, 1, 1, 1, ] | dp = [1, 1, 1, 1, 1, 1, 1, 1, ] | algo = [0, 0, 0, 0, 0, 0, 0, 0, ] | rc = [8, 4, 2, 0, 0, 0, 0, 0] | gpus = [1, 1, 1, 1, 1, 1, 1, 1] | micro_bs = 2 | time = [13712, 13963, 13691, 13284, 12738, 14080, 13807, 13735] | memory = [24052, 25883, 25798, 21130, 16833, 14345, 9789, 4648]
>>>> [CONFIG: target(5), prim(dec_mbs)]
|19007.05|16890.11| op = [105, 108, 107, 112, 104, 115, 110, 74]| tp = [1, 1, 1, 1, 1, 1, 1, 1, ] | dp = [1, 1, 1, 1, 1, 1, 1, 1, ] | algo = [0, 0, 0, 0, 0, 0, 0, 0, ] | rc = [0, 0, 0, 0, 0, 0, 0, 0] | gpus = [1, 1, 1, 1, 1, 1, 1, 1] | micro_bs = 1 | time = [17720, 18296, 18176, 18296, 17291, 19007, 18535, 17180] | memory = [16890, 15011, 13813, 10779, 8609, 7382, 5092, 2660]
>>>> [CONFIG: target(5), prim(dec_op)]
|19007.55|16890.11| op = [105, 108, 107, 112, 104, 115, 108, 76]| tp = [1, 1, 1, 1, 1, 1, 1, 1, ] | dp = [1, 1, 1, 1, 1, 1, 1, 1, ] | algo = [0, 0, 0, 0, 0, 0, 0, 0, ] | rc = [0, 0, 0, 0, 0, 0, 0, 0] | gpus = [1, 1, 1, 1, 1, 1, 1, 1] | micro_bs = 1 | time = [17720, 18296, 18176, 18297, 17291, 19007, 18296, 17924] | memory = [16890, 15011, 13813, 10779, 8609, 7382, 4800, 2870]
>>>> [CONFIG: target(5), prim(inc_mbs)]
|14456.60|25883.69| op = [105, 108, 107, 112, 104, 115, 108, 76]| tp = [1, 1, 1, 1, 1, 1, 1, 1, ] | dp = [1, 1, 1, 1, 1, 1, 1, 1, ] | algo = [0, 0, 0, 0, 0, 0, 0, 0, ] | rc = [8, 4, 2, 0, 0, 0, 0, 0] | gpus = [1, 1, 1, 1, 1, 1, 1, 1] | micro_bs = 2 | time = [13713, 13964, 13692, 13285, 12739, 14081, 13593, 14456] | memory = [24052, 25883, 25798, 21130, 16833, 14345, 9205, 5068]
>>>> [CONFIG: target(7), prim(inc_mbs)]
|12358.71|26824.18| op = [105, 108, 107, 112, 104, 115, 108, 76]| tp = [1, 1, 1, 1, 1, 1, 1, 1, ] | dp = [1, 1, 1, 1, 1, 1, 1, 1, ] | algo = [0, 0, 0, 0, 0, 0, 0, 0, ] | rc = [20, 18, 18, 16, 10, 4, 0, 0] | gpus = [1, 1, 1, 1, 1, 1, 1, 1] | micro_bs = 4 | time = [11682, 12243, 12213, 11744, 10846, 11354, 10674, 12358] | memory = [26824, 25643, 23561, 19369, 22339, 25391, 18014, 9460]
>>>> [CONFIG: target(7), prim(dec_op)]
|12241.34|26824.18| op = [105, 108, 107, 112, 104, 115, 112, 72]| tp = [1, 1, 1, 1, 1, 1, 1, 1, ] | dp = [1, 1, 1, 1, 1, 1, 1, 1, ] | algo = [0, 0, 0, 0, 0, 0, 0, 0, ] | rc = [20, 18, 18, 16, 10, 4, 0, 0] | gpus = [1, 1, 1, 1, 1, 1, 1, 1] | micro_bs = 4 | time = [11680, 12241, 12211, 11742, 10844, 11352, 10864, 11630] | memory = [26824, 25643, 23561, 19369, 22339, 25391, 19226, 8588]

[ Trial 26 ] |12241.34|26824.18| op = [105, 108, 107, 112, 104, 115, 112, 72]| tp = [1, 1, 1, 1, 1, 1, 1, 1, ] | dp = [1, 1, 1, 1, 1, 1, 1, 1, ] | algo = [0, 0, 0, 0, 0, 0, 0, 0, ] | rc = [20, 18, 18, 16, 10, 4, 0, 0] | gpus = [1, 1, 1, 1, 1, 1, 1, 1] | micro_bs = 4 | time = [11680, 12241, 12211, 11742, 10844, 11352, 10864, 11630] | memory = [26824, 25643, 23561, 19369, 22339, 25391, 19226, 8588]
>>>> [CONFIG: target(3), prim(dec_op)]
|12240.84|26947.16| op = [105, 108, 107, 106, 110, 112, 115, 72]| tp = [1, 1, 1, 1, 1, 1, 1, 1, ] | dp = [1, 1, 1, 1, 1, 1, 1, 1, ] | algo = [0, 0, 0, 0, 0, 0, 0, 0, ] | rc = [20, 18, 18, 16, 10, 2, 0, 0] | gpus = [1, 1, 1, 1, 1, 1, 1, 1] | micro_bs = 4 | time = [11679, 12240, 12210, 11400, 11152, 11077, 11042, 11629] | memory = [26824, 25643, 23561, 18745, 22784, 26947, 19410, 8588]
>>>> [CONFIG: target(1), prim(dec_mbs)]
|14163.88|25883.69| op = [105, 108, 107, 106, 110, 112, 115, 72]| tp = [1, 1, 1, 1, 1, 1, 1, 1, ] | dp = [1, 1, 1, 1, 1, 1, 1, 1, ] | algo = [0, 0, 0, 0, 0, 0, 0, 0, ] | rc = [8, 4, 2, 0, 0, 0, 0, 0] | gpus = [1, 1, 1, 1, 1, 1, 1, 1] | micro_bs = 2 | time = [13712, 13963, 13691, 12822, 13175, 13930, 14163, 13609] | memory = [24052, 25883, 25798, 20796, 17078, 14251, 9913, 4630]
>>>> [CONFIG: target(6), prim(dec_op)]
|14164.86|25883.69| op = [105, 108, 107, 112, 107, 109, 115, 72]| tp = [1, 1, 1, 1, 1, 1, 1, 1, ] | dp = [1, 1, 1, 1, 1, 1, 1, 1, ] | algo = [0, 0, 0, 0, 0, 0, 0, 0, ] | rc = [8, 4, 2, 0, 0, 0, 0, 0] | gpus = [1, 1, 1, 1, 1, 1, 1, 1] | micro_bs = 2 | time = [13713, 13964, 13692, 13285, 13643, 13507, 14164, 13610] | memory = [24052, 25883, 25798, 21130, 18497, 13363, 9913, 4630]
>>>> [CONFIG: target(6), prim(dec_op)]
|14116.69|25883.69| op = [105, 108, 107, 112, 107, 110, 114, 72]| tp = [1, 1, 1, 1, 1, 1, 1, 1, ] | dp = [1, 1, 1, 1, 1, 1, 1, 1, ] | algo = [0, 0, 0, 0, 0, 0, 0, 0, ] | rc = [8, 4, 2, 0, 0, 0, 0, 0] | gpus = [1, 1, 1, 1, 1, 1, 1, 1] | micro_bs = 2 | time = [13713, 13964, 13692, 13285, 13643, 13555, 14116, 13610] | memory = [24052, 25883, 25798, 21130, 18497, 13411, 9881, 4630]
>>>> [CONFIG: target(6), prim(inc_mbs)]
|12243.58|26824.18| op = [105, 108, 107, 112, 107, 110, 114, 72]| tp = [1, 1, 1, 1, 1, 1, 1, 1, ] | dp = [1, 1, 1, 1, 1, 1, 1, 1, ] | algo = [0, 0, 0, 0, 0, 0, 0, 0, ] | rc = [20, 18, 18, 16, 14, 0, 0, 0] | gpus = [1, 1, 1, 1, 1, 1, 1, 1] | micro_bs = 4 | time = [11682, 12243, 12213, 11744, 12031, 10605, 11001, 11632] | memory = [26824, 25643, 23561, 19369, 21059, 26419, 19346, 8588]
>>>> [CONFIG: target(1), prim(inc_mbs)]
|12944.71|26888.00| op = [105, 108, 107, 112, 107, 110, 114, 72]| tp = [1, 1, 1, 1, 1, 1, 1, 1, ] | dp = [1, 1, 1, 1, 1, 1, 1, 1, ] | algo = [0, 0, 0, 0, 0, 0, 0, 0, ] | rc = [32, 32, 32, 26, 31, 16, 16, 0] | gpus = [1, 1, 1, 1, 1, 1, 1, 1] | micro_bs = 8 | time = [12329, 12944, 12920, 12120, 12807, 11644, 12003, 11431] | memory = [24688, 25802, 25744, 26023, 26888, 25938, 20996, 16505]
>>>> [CONFIG: target(1), prim(dec_op)]
|12313.59|26858.00| op = [105, 105, 99, 104, 110, 117, 117, 78]| tp = [1, 1, 1, 1, 1, 1, 1, 1, ] | dp = [1, 1, 1, 1, 1, 1, 1, 1, ] | algo = [0, 0, 0, 0, 0, 0, 0, 0, ] | rc = [32, 30, 30, 26, 22, 18, 16, 0] | gpus = [1, 1, 1, 1, 1, 1, 1, 1] | micro_bs = 8 | time = [12313, 12076, 11616, 11634, 11751, 12299, 12128, 12231] | memory = [24688, 25454, 26715, 26858, 25684, 26374, 21268, 18277]

[ Trial 67 ] |12313.59|26858.00| op = [105, 105, 99, 104, 110, 117, 117, 78]| tp = [1, 1, 1, 1, 1, 1, 1, 1, ] | dp = [1, 1, 1, 1, 1, 1, 1, 1, ] | algo = [0, 0, 0, 0, 0, 0, 0, 0, ] | rc = [32, 30, 30, 26, 22, 18, 16, 0] | gpus = [1, 1, 1, 1, 1, 1, 1, 1] | micro_bs = 8 | time = [12313, 12076, 11616, 11634, 11751, 12299, 12128, 12231] | memory = [24688, 25454, 26715, 26858, 25684, 26374, 21268, 18277]
>>>> [CONFIG: target(5), prim(dec_mbs)]
|12475.55|26824.18| op = [105, 105, 99, 104, 110, 117, 117, 78]| tp = [1, 1, 1, 1, 1, 1, 1, 1, ] | dp = [1, 1, 1, 1, 1, 1, 1, 1, ] | algo = [0, 0, 0, 0, 0, 0, 0, 0, ] | rc = [20, 16, 16, 16, 10, 4, 0, 0] | gpus = [1, 1, 1, 1, 1, 1, 1, 1] | micro_bs = 4 | time = [11677, 11363, 11104, 11338, 11150, 11494, 11140, 12475] | memory = [26824, 25207, 21341, 18644, 22784, 25499, 19490, 9476]
>>>> [CONFIG: target(7), prim(dec_mbs)]
|14653.60|24891.69| op = [105, 105, 99, 104, 110, 117, 117, 78]| tp = [1, 1, 1, 1, 1, 1, 1, 1, ] | dp = [1, 1, 1, 1, 1, 1, 1, 1, ] | algo = [0, 0, 0, 0, 0, 0, 0, 0, ] | rc = [8, 4, 0, 0, 0, 0, 0, 0] | gpus = [1, 1, 1, 1, 1, 1, 1, 1] | micro_bs = 2 | time = [13711, 13138, 12394, 12712, 13173, 14274, 14274, 14653] | memory = [24052, 24891, 24382, 20746, 17078, 14405, 9961, 5076]
>>>> [CONFIG: target(7), prim(dec_op)]
|14654.65|24891.69| op = [105, 105, 99, 109, 113, 112, 114, 78]| tp = [1, 1, 1, 1, 1, 1, 1, 1, ] | dp = [1, 1, 1, 1, 1, 1, 1, 1, ] | algo = [0, 0, 0, 0, 0, 0, 0, 0, ] | rc = [8, 4, 0, 0, 0, 0, 0, 0] | gpus = [1, 1, 1, 1, 1, 1, 1, 1] | micro_bs = 2 | time = [13712, 13139, 12395, 13031, 14049, 14043, 13851, 14654] | memory = [24052, 24891, 24382, 21008, 18682, 14295, 9369, 5076]
>>>> [CONFIG: target(7), prim(inc_mbs)]
|12478.99|26824.18| op = [105, 105, 99, 109, 113, 112, 114, 78]| tp = [1, 1, 1, 1, 1, 1, 1, 1, ] | dp = [1, 1, 1, 1, 1, 1, 1, 1, ] | algo = [0, 0, 0, 0, 0, 0, 0, 0, ] | rc = [20, 16, 16, 16, 14, 4, 0, 0] | gpus = [1, 1, 1, 1, 1, 1, 1, 1] | micro_bs = 4 | time = [11680, 11367, 11107, 11576, 12213, 11425, 10801, 12478] | memory = [26824, 25207, 21341, 19137, 21396, 25299, 18306, 9476]
>>>> [CONFIG: target(7), prim(dec_op)]
|12213.17|26824.18| op = [105, 105, 99, 109, 113, 112, 119, 73]| tp = [1, 1, 1, 1, 1, 1, 1, 1, ] | dp = [1, 1, 1, 1, 1, 1, 1, 1, ] | algo = [0, 0, 0, 0, 0, 0, 0, 0, ] | rc = [20, 16, 16, 16, 14, 4, 0, 0] | gpus = [1, 1, 1, 1, 1, 1, 1, 1] | micro_bs = 4 | time = [11680, 11367, 11107, 11575, 12213, 11425, 11583, 11664] | memory = [26824, 25207, 21341, 19137, 21396, 25299, 20006, 8608]
>>>> [CONFIG: target(4), prim(inc_mbs)]
|12771.93|26890.39| op = [105, 105, 99, 109, 113, 112, 119, 73]| tp = [1, 1, 1, 1, 1, 1, 1, 1, ] | dp = [1, 1, 1, 1, 1, 1, 1, 1, ] | algo = [0, 0, 0, 0, 0, 0, 0, 0, ] | rc = [32, 30, 30, 26, 26, 21, 18, 0] | gpus = [1, 1, 1, 1, 1, 1, 1, 1] | micro_bs = 8 | time = [12324, 12087, 11626, 11968, 12771, 12514, 12735, 11454] | memory = [24688, 25454, 26715, 25570, 25480, 26890, 19992, 16545]
>>>> [CONFIG: target(4), prim(dec_op)]
|12318.37|26964.00| op = [105, 105, 99, 109, 107, 115, 117, 78]| tp = [1, 1, 1, 1, 1, 1, 1, 1, ] | dp = [1, 1, 1, 1, 1, 1, 1, 1, ] | algo = [0, 0, 0, 0, 0, 0, 0, 0, ] | rc = [32, 30, 30, 26, 22, 18, 16, 0] | gpus = [1, 1, 1, 1, 1, 1, 1, 1] | micro_bs = 8 | time = [12318, 12081, 11620, 11963, 12151, 12193, 12133, 12235] | memory = [24688, 25454, 26715, 25570, 26964, 26278, 21268, 18277]

[ Trial 68 ] |12318.37|26964.00| op = [105, 105, 99, 109, 107, 115, 117, 78]| tp = [1, 1, 1, 1, 1, 1, 1, 1, ] | dp = [1, 1, 1, 1, 1, 1, 1, 1, ] | algo = [0, 0, 0, 0, 0, 0, 0, 0, ] | rc = [32, 30, 30, 26, 22, 18, 16, 0] | gpus = [1, 1, 1, 1, 1, 1, 1, 1] | micro_bs = 8 | time = [12318, 12081, 11620, 11963, 12151, 12193, 12133, 12235] | memory = [24688, 25454, 26715, 25570, 26964, 26278, 21268, 18277]
>>>> [CONFIG: target(0), prim(dec_mbs)]
|12477.46|26824.18| op = [105, 105, 99, 109, 107, 115, 117, 78]| tp = [1, 1, 1, 1, 1, 1, 1, 1, ] | dp = [1, 1, 1, 1, 1, 1, 1, 1, ] | algo = [0, 0, 0, 0, 0, 0, 0, 0, ] | rc = [20, 16, 16, 16, 10, 4, 0, 0] | gpus = [1, 1, 1, 1, 1, 1, 1, 1] | micro_bs = 4 | time = [11678, 11365, 11106, 11574, 11528, 11374, 11142, 12477] | memory = [26824, 25207, 21341, 19137, 23407, 25451, 19490, 9476]
>>>> [CONFIG: target(7), prim(dec_mbs)]
|14654.54|24891.69| op = [105, 105, 99, 109, 107, 115, 117, 78]| tp = [1, 1, 1, 1, 1, 1, 1, 1, ] | dp = [1, 1, 1, 1, 1, 1, 1, 1, ] | algo = [0, 0, 0, 0, 0, 0, 0, 0, ] | rc = [8, 4, 0, 0, 0, 0, 0, 0] | gpus = [1, 1, 1, 1, 1, 1, 1, 1] | micro_bs = 2 | time = [13712, 13139, 12395, 13031, 13536, 14076, 14275, 14654] | memory = [24052, 24891, 24382, 21008, 17373, 14381, 9961, 5076]
>>>> [CONFIG: target(7), prim(dec_mbs)]
|19385.27|16890.11| op = [105, 105, 99, 109, 107, 115, 117, 78]| tp = [1, 1, 1, 1, 1, 1, 1, 1, ] | dp = [1, 1, 1, 1, 1, 1, 1, 1, ] | algo = [0, 0, 0, 0, 0, 0, 0, 0, ] | rc = [0, 0, 0, 0, 0, 0, 0, 0] | gpus = [1, 1, 1, 1, 1, 1, 1, 1] | micro_bs = 1 | time = [17720, 17356, 16735, 17859, 18238, 19175, 19385, 18134] | memory = [16890, 14509, 12367, 10712, 8885, 7406, 5196, 2874]
>>>> [CONFIG: target(6), prim(dec_op)]
|19384.77|16890.11| op = [105, 105, 99, 110, 108, 113, 117, 78]| tp = [1, 1, 1, 1, 1, 1, 1, 1, ] | dp = [1, 1, 1, 1, 1, 1, 1, 1, ] | algo = [0, 0, 0, 0, 0, 0, 0, 0, ] | rc = [0, 0, 0, 0, 0, 0, 0, 0] | gpus = [1, 1, 1, 1, 1, 1, 1, 1] | micro_bs = 1 | time = [17719, 17355, 16735, 18078, 18250, 18431, 19384, 18134] | memory = [16890, 14509, 12367, 10754, 9449, 6776, 5196, 2874]
>>>> [CONFIG: target(6), prim(inc_mbs)]
|14653.60|24891.69| op = [105, 105, 99, 110, 108, 113, 117, 78]| tp = [1, 1, 1, 1, 1, 1, 1, 1, ] | dp = [1, 1, 1, 1, 1, 1, 1, 1, ] | algo = [0, 0, 0, 0, 0, 0, 0, 0, ] | rc = [8, 4, 0, 0, 0, 0, 0, 0] | gpus = [1, 1, 1, 1, 1, 1, 1, 1] | micro_bs = 2 | time = [13711, 13138, 12394, 13173, 13631, 13355, 14274, 14653] | memory = [24052, 24891, 24382, 21080, 18513, 13121, 9961, 5076]
>>>> [CONFIG: target(7), prim(inc_mbs)]
|12475.55|26824.18| op = [105, 105, 99, 110, 108, 113, 117, 78]| tp = [1, 1, 1, 1, 1, 1, 1, 1, ] | dp = [1, 1, 1, 1, 1, 1, 1, 1, ] | algo = [0, 0, 0, 0, 0, 0, 0, 0, ] | rc = [20, 16, 16, 16, 14, 0, 0, 0] | gpus = [1, 1, 1, 1, 1, 1, 1, 1] | micro_bs = 4 | time = [11677, 11363, 11104, 11680, 11945, 10357, 11140, 12475] | memory = [26824, 25207, 21341, 19269, 21091, 25811, 19490, 9476]
>>>> [CONFIG: target(7), prim(dec_op)]
|11946.68|26824.18| op = [105, 105, 99, 110, 108, 117, 120, 71]| tp = [1, 1, 1, 1, 1, 1, 1, 1, ] | dp = [1, 1, 1, 1, 1, 1, 1, 1, ] | algo = [0, 0, 0, 0, 0, 0, 0, 0, ] | rc = [20, 16, 16, 16, 14, 4, 0, 0] | gpus = [1, 1, 1, 1, 1, 1, 1, 1] | micro_bs = 4 | time = [11678, 11364, 11105, 11681, 11946, 11462, 11199, 11602] | memory = [26824, 25207, 21341, 19269, 21091, 25451, 19518, 8588]

num_targets: [1, 1, 1, 1, 2, 1]
num_hops: [1, 1, 1, 1, 1, 7]
search time = 199.99 s.  [0, 1, 2, 3, 4, 8, 12, 17, 19, 24, 26, 30, 31, 32, 33, 34, 38, 39, 43, 47, 53, 59, 62, 66, 70, 77, 78, 83, 86, 89, 92, 95, 97, 101, 105, 108, 111, 112, 114, 118, 120, 124, 127, 132, 133, 136, 140, 144, 148, 149, 151, 155, 157, 159, 160, 164, 171, 176, 180, 187, 194, 199, 201, 206, 209, 211, 214, 217, 219, 220, 224, 228, 232, 235, 236, 238, 239, 240, 241, 242, 243, 244, 245, 246, 247, 248, 249, 250, 251, 252, 253, 254, 255, 256, 257, 258, 259, 260, 261, 262, 263] 
num_explored_cases = 17076
time trend: [22769, 17958, 14251, 12135, 11977, 11977, 11977, 12118, 12211, 12178, 12016, 11985, 12068, 12386, 12386, 12443, 12445, 12447, 12373, 12298, 12241, 12236, 12241, 12241, 12241, 12240, 12241, 12240, 12240, 12241, 12240, 12240, 12241, 12242, 12138, 12121, 12121, 12178, 12241, 12240, 12240, 12055, 12242, 12240, 12242, 12181, 11986, 11986, 11986, 11986, 11986, 11985, 12091, 12179, 12207, 12298, 12299, 12299, 12299, 12299, 12298, 12298, 12299, 12231, 12231, 12231, 12179, 12313, 12213, 11946, 11946, 12060, 12060, 12060, 12318, 12318, 12318, 12318, 12319, 12324, 12329, 12330, 12332, 12354, 12360, 12360, 12360, 12360, 12382, 12386, 12387, 12392, 12426, 12461, 12462, 12463, 12475, 12475, 12475, 12475, 12475]

working on num_stages = 6
config has been saved to /home/liminglong.lml/sxz/SuperScaler/logs-large/aceso/configs/scale-layer/64layers/scale-layer_64layers_6stages_2026-5-16-3-12-39.json

========== Best Result (num_stages = 6) ==========
|11741.06|26964.00| op = [102, 108, 105, 108, 224, 188]| tp = [1, 1, 1, 1, 1, 1, ] | dp = [1, 1, 1, 1, 2, 2, ] | algo = [0, 0, 0, 0, 0, 0, ] | rc = [28, 26, 20, 18, 24, 0] | gpus = [1, 1, 1, 1, 2, 2] | micro_bs = 8 | time = [11741, 11739, 11204, 11735, 11696, 11430] | memory = [25276, 25474, 26964, 25462, 22400, 17877]
start|37682.54|11645.34| op = [139, 139, 139, 139, 139, 140]| tp = [2, 2, 1, 1, 1, 1, ] | dp = [1, 1, 1, 1, 1, 1, ] | algo = [0, 0, 0, 0, 0, 0, ] | rc = [0, 0, 0, 0, 0, 0] | gpus = [2, 2, 1, 1, 1, 1] | micro_bs = 1 | time = [37682, 37574, 23012, 23104, 23248, 28190] | memory = [9134, 7193, 11645, 8878, 6246, 4196]

[ Trial 0 ] |37682.54|11645.34| op = [139, 139, 139, 139, 139, 140]| tp = [2, 2, 1, 1, 1, 1, ] | dp = [1, 1, 1, 1, 1, 1, ] | algo = [0, 0, 0, 0, 0, 0, ] | rc = [0, 0, 0, 0, 0, 0] | gpus = [2, 2, 1, 1, 1, 1] | micro_bs = 1 | time = [37682, 37574, 23012, 23104, 23248, 28190] | memory = [9134, 7193, 11645, 8878, 6246, 4196]
>>>> [CONFIG: target(0), prim(dec_tp)]
|37574.54|17350.06| op = [139, 139, 139, 139, 139, 140]| tp = [1, 2, 1, 2, 1, 1, ] | dp = [1, 1, 1, 1, 1, 1, ] | algo = [0, 0, 0, 0, 0, 0, ] | rc = [0, 0, 0, 0, 0, 0] | gpus = [1, 2, 1, 2, 1, 1] | micro_bs = 1 | time = [23469, 37574, 23012, 37129, 23248, 28189] | memory = [17350, 7193, 11645, 4666, 6246, 4196]

[ Trial 1 ] |37574.54|17350.06| op = [139, 139, 139, 139, 139, 140]| tp = [1, 2, 1, 2, 1, 1, ] | dp = [1, 1, 1, 1, 1, 1, ] | algo = [0, 0, 0, 0, 0, 0, ] | rc = [0, 0, 0, 0, 0, 0] | gpus = [1, 2, 1, 2, 1, 1] | micro_bs = 1 | time = [23469, 37574, 23012, 37129, 23248, 28189] | memory = [17350, 7193, 11645, 4666, 6246, 4196]
>>>> [CONFIG: target(1), prim(dec_tp)]
|37467.25|17350.06| op = [139, 139, 139, 139, 139, 140]| tp = [1, 1, 2, 2, 1, 1, ] | dp = [1, 1, 1, 1, 1, 1, ] | algo = [0, 0, 0, 0, 0, 0, ] | rc = [0, 0, 0, 0, 0, 0] | gpus = [1, 1, 2, 2, 1, 1] | micro_bs = 1 | time = [23469, 23072, 37467, 37129, 23248, 28189] | memory = [17350, 13630, 6131, 4666, 6246, 4196]

[ Trial 2 ] |37467.25|17350.06| op = [139, 139, 139, 139, 139, 140]| tp = [1, 1, 2, 2, 1, 1, ] | dp = [1, 1, 1, 1, 1, 1, ] | algo = [0, 0, 0, 0, 0, 0, ] | rc = [0, 0, 0, 0, 0, 0] | gpus = [1, 1, 2, 2, 1, 1] | micro_bs = 1 | time = [23469, 23072, 37467, 37129, 23248, 28189] | memory = [17350, 13630, 6131, 4666, 6246, 4196]
>>>> [CONFIG: target(2), prim(inc_mbs)]
|21899.90|26737.41| op = [139, 139, 139, 139, 139, 140]| tp = [1, 1, 1, 1, 1, 1, ] | dp = [1, 1, 2, 2, 1, 1, ] | algo = [0, 0, 0, 0, 0, 0, ] | rc = [12, 0, 0, 0, 0, 0] | gpus = [1, 1, 2, 2, 1, 1] | micro_bs = 2 | time = [18358, 16965, 11600, 11645, 17134, 21899] | memory = [23708, 26737, 11645, 8878, 11969, 7480]

[ Trial 3 ] |21899.90|26737.41| op = [139, 139, 139, 139, 139, 140]| tp = [1, 1, 1, 1, 1, 1, ] | dp = [1, 1, 2, 2, 1, 1, ] | algo = [0, 0, 0, 0, 0, 0, ] | rc = [12, 0, 0, 0, 0, 0] | gpus = [1, 1, 2, 2, 1, 1] | micro_bs = 2 | time = [18358, 16965, 11600, 11645, 17134, 21899] | memory = [23708, 26737, 11645, 8878, 11969, 7480]
>>>> [CONFIG: target(5), prim(dec_op)]
|16280.43|26483.44| op = [115, 121, 183, 192, 132, 92]| tp = [1, 1, 1, 1, 1, 1, ] | dp = [1, 1, 2, 2, 1, 1, ] | algo = [0, 0, 0, 0, 0, 0, ] | rc = [2, 0, 0, 0, 0, 0] | gpus = [1, 1, 2, 2, 1, 1] | micro_bs = 2 | time = [14511, 14501, 15134, 15847, 15867, 16280] | memory = [26483, 23480, 14821, 12090, 10997, 5632]

[ Trial 4 ] |16280.43|26483.44| op = [115, 121, 183, 192, 132, 92]| tp = [1, 1, 1, 1, 1, 1, ] | dp = [1, 1, 2, 2, 1, 1, ] | algo = [0, 0, 0, 0, 0, 0, ] | rc = [2, 0, 0, 0, 0, 0] | gpus = [1, 1, 2, 2, 1, 1] | micro_bs = 2 | time = [14511, 14501, 15134, 15847, 15867, 16280] | memory = [26483, 23480, 14821, 12090, 10997, 5632]
>>>> [CONFIG: target(5), prim(inc_mbs)]
|13671.00|25791.47| op = [115, 121, 183, 192, 132, 92]| tp = [1, 1, 1, 1, 1, 1, ] | dp = [1, 1, 2, 2, 1, 1, ] | algo = [0, 0, 0, 0, 0, 0, ] | rc = [18, 18, 6, 0, 0, 0] | gpus = [1, 1, 2, 2, 1, 1] | micro_bs = 4 | time = [12683, 12839, 11480, 11784, 12288, 13670] | memory = [24486, 21169, 25791, 23472, 21514, 10528]

[ Trial 5 ] |13671.00|25791.47| op = [115, 121, 183, 192, 132, 92]| tp = [1, 1, 1, 1, 1, 1, ] | dp = [1, 1, 2, 2, 1, 1, ] | algo = [0, 0, 0, 0, 0, 0, ] | rc = [18, 18, 6, 0, 0, 0] | gpus = [1, 1, 2, 2, 1, 1] | micro_bs = 4 | time = [12683, 12839, 11480, 11784, 12288, 13670] | memory = [24486, 21169, 25791, 23472, 21514, 10528]
>>>> [CONFIG: target(5), prim(dec_op)]
|12840.16|25791.47| op = [115, 121, 183, 198, 131, 87]| tp = [1, 1, 1, 1, 1, 1, ] | dp = [1, 1, 2, 2, 1, 1, ] | algo = [0, 0, 0, 0, 0, 0, ] | rc = [18, 18, 6, 0, 0, 0] | gpus = [1, 1, 2, 2, 1, 1] | micro_bs = 4 | time = [12684, 12840, 11481, 12362, 12670, 12812] | memory = [24486, 21169, 25791, 24798, 22002, 9652]

[ Trial 6 ] |12840.16|25791.47| op = [115, 121, 183, 198, 131, 87]| tp = [1, 1, 1, 1, 1, 1, ] | dp = [1, 1, 2, 2, 1, 1, ] | algo = [0, 0, 0, 0, 0, 0, ] | rc = [18, 18, 6, 0, 0, 0] | gpus = [1, 1, 2, 2, 1, 1] | micro_bs = 4 | time = [12684, 12840, 11481, 12362, 12670, 12812] | memory = [24486, 21169, 25791, 24798, 22002, 9652]
>>>> [CONFIG: target(1), prim(dec_op)]
|12838.41|25791.47| op = [115, 121, 183, 199, 130, 87]| tp = [1, 1, 1, 1, 1, 1, ] | dp = [1, 1, 2, 2, 1, 1, ] | algo = [0, 0, 0, 0, 0, 0, ] | rc = [18, 18, 6, 0, 0, 0] | gpus = [1, 1, 2, 2, 1, 1] | micro_bs = 4 | time = [12682, 12838, 11479, 12356, 12227, 12811] | memory = [24486, 21169, 25791, 24810, 21474, 9652]

[ Trial 7 ] |12838.41|25791.47| op = [115, 121, 183, 199, 130, 87]| tp = [1, 1, 1, 1, 1, 1, ] | dp = [1, 1, 2, 2, 1, 1, ] | algo = [0, 0, 0, 0, 0, 0, ] | rc = [18, 18, 6, 0, 0, 0] | gpus = [1, 1, 2, 2, 1, 1] | micro_bs = 4 | time = [12682, 12838, 11479, 12356, 12227, 12811] | memory = [24486, 21169, 25791, 24810, 21474, 9652]
>>>> [CONFIG: target(1), prim(inc_dp)]
|19551.25|25554.94| op = [115, 121, 183, 199, 130, 87]| tp = [1, 1, 1, 1, 1, 1, ] | dp = [1, 2, 1, 2, 1, 1, ] | algo = [0, 0, 0, 0, 0, 0, ] | rc = [18, 0, 28, 0, 0, 0] | gpus = [1, 2, 1, 2, 1, 1] | micro_bs = 4 | time = [12692, 7443, 19551, 12366, 12237, 12821] | memory = [24486, 23480, 25554, 24810, 21474, 9652]
>>>> [CONFIG: target(2), prim(dec_op)]
|13123.58|26334.98| op = [115, 173, 118, 212, 130, 87]| tp = [1, 1, 1, 1, 1, 1, ] | dp = [1, 2, 1, 2, 1, 1, ] | algo = [0, 0, 0, 0, 0, 0, ] | rc = [18, 14, 14, 0, 0, 0] | gpus = [1, 2, 1, 2, 1, 1] | micro_bs = 4 | time = [12682, 11151, 12388, 13123, 12227, 12811] | memory = [24486, 23722, 21760, 26334, 21474, 9652]
>>>> [CONFIG: target(3), prim(dec_dp)]
|23132.65|24486.88| op = [115, 173, 118, 212, 130, 87]| tp = [1, 1, 1, 1, 1, 1, ] | dp = [1, 2, 2, 1, 1, 1, ] | algo = [0, 0, 0, 0, 0, 0, ] | rc = [18, 14, 0, 34, 0, 0] | gpus = [1, 2, 2, 1, 1, 1] | micro_bs = 4 | time = [12701, 11171, 7383, 23132, 12246, 12830] | memory = [24486, 23722, 18878, 23101, 21474, 9652]
>>>> [CONFIG: target(3), prim(dec_op)]
|14198.81|25515.35| op = [115, 173, 177, 136, 147, 87]| tp = [1, 1, 1, 1, 1, 1, ] | dp = [1, 2, 2, 1, 1, 1, ] | algo = [0, 0, 0, 0, 0, 0, ] | rc = [18, 14, 6, 10, 0, 0] | gpus = [1, 2, 2, 1, 1, 1] | micro_bs = 4 | time = [12687, 11156, 11253, 13457, 14198, 12815] | memory = [24486, 23722, 25515, 23659, 25202, 9652]
>>>> [CONFIG: target(4), prim(inc_mbs)]
|15603.62|26955.88| op = [115, 173, 177, 136, 147, 87]| tp = [1, 1, 1, 1, 1, 1, ] | dp = [1, 2, 2, 1, 1, 1, ] | algo = [0, 0, 0, 0, 0, 0, ] | rc = [34, 34, 28, 24, 24, 0] | gpus = [1, 2, 2, 1, 1, 1] | micro_bs = 8 | time = [13245, 9716, 9983, 14003, 15603, 12425] | memory = [26765, 26900, 25046, 26955, 23381, 18581]
>>>> [CONFIG: target(4), prim(dec_op)]
|13231.37|26989.30| op = [96, 192, 213, 122, 125, 87]| tp = [1, 1, 1, 1, 1, 1, ] | dp = [1, 2, 2, 1, 1, 1, ] | algo = [0, 0, 0, 0, 0, 0, ] | rc = [28, 40, 44, 18, 20, 0] | gpus = [1, 2, 2, 1, 1, 1] | micro_bs = 8 | time = [11218, 11048, 12220, 12302, 13231, 12405] | memory = [26743, 26989, 26899, 26851, 20288, 18581]
>>>> [CONFIG: target(4), prim(dec_op)]
|12358.33|26743.62| op = [96, 201, 217, 117, 119, 85]| tp = [1, 1, 1, 1, 1, 1, ] | dp = [1, 2, 2, 1, 1, 1, ] | algo = [0, 0, 0, 0, 0, 0, ] | rc = [28, 46, 42, 18, 16, 0] | gpus = [1, 2, 2, 1, 1, 1] | micro_bs = 8 | time = [11213, 11808, 12358, 12093, 11958, 12348] | memory = [26743, 26201, 26484, 26278, 21288, 18521]

[ Trial 8 ] |12358.33|26743.62| op = [96, 201, 217, 117, 119, 85]| tp = [1, 1, 1, 1, 1, 1, ] | dp = [1, 2, 2, 1, 1, 1, ] | algo = [0, 0, 0, 0, 0, 0, ] | rc = [28, 46, 42, 18, 16, 0] | gpus = [1, 2, 2, 1, 1, 1] | micro_bs = 8 | time = [11213, 11808, 12358, 12093, 11958, 12348] | memory = [26743, 26201, 26484, 26278, 21288, 18521]
>>>> [CONFIG: target(2), prim(dec_dp)]
|24846.12|26278.75| op = [96, 201, 217, 117, 119, 85]| tp = [1, 1, 1, 1, 1, 1, ] | dp = [2, 2, 1, 1, 1, 1, ] | algo = [0, 0, 0, 0, 0, 0, ] | rc = [14, 46, 68, 18, 16, 0] | gpus = [2, 2, 1, 1, 1, 1] | micro_bs = 8 | time = [5840, 11863, 24846, 12148, 12013, 12404] | memory = [21561, 26201, 25548, 26278, 21288, 18521]
>>>> [CONFIG: target(2), prim(dec_op)]
|12644.19|26932.50| op = [187, 216, 111, 117, 119, 85]| tp = [1, 1, 1, 1, 1, 1, ] | dp = [2, 2, 1, 1, 1, 1, ] | algo = [0, 0, 0, 0, 0, 0, ] | rc = [46, 54, 26, 18, 16, 0] | gpus = [2, 2, 1, 1, 1, 1] | micro_bs = 8 | time = [11170, 12644, 12362, 12099, 11964, 12355] | memory = [26814, 26906, 26932, 26278, 21288, 18521]
>>>> [CONFIG: target(1), prim(dec_dp)]
|25292.78|26932.50| op = [187, 216, 111, 117, 119, 85]| tp = [1, 1, 1, 1, 1, 1, ] | dp = [2, 1, 1, 1, 2, 1, ] | algo = [0, 0, 0, 0, 0, 0, ] | rc = [46, 104, 26, 18, 0, 0] | gpus = [2, 1, 1, 1, 2, 1] | micro_bs = 8 | time = [11222, 25292, 12413, 12151, 5982, 12406] | memory = [26814, 26816, 26932, 26278, 19502, 18521]
>>>> [CONFIG: target(1), prim(dec_op)]
|13697.53|26814.97| op = [187, 117, 114, 118, 214, 85]| tp = [1, 1, 1, 1, 1, 1, ] | dp = [2, 1, 1, 1, 2, 1, ] | algo = [0, 0, 0, 0, 0, 0, ] | rc = [46, 32, 26, 18, 22, 0] | gpus = [2, 1, 1, 1, 2, 1] | micro_bs = 8 | time = [11176, 13697, 12540, 12204, 11419, 12361] | memory = [26814, 26187, 25773, 26434, 23231, 18521]
>>>> [CONFIG: target(1), prim(dec_op)]
|12352.23|26964.50| op = [202, 111, 108, 105, 224, 85]| tp = [1, 1, 1, 1, 1, 1, ] | dp = [2, 1, 1, 1, 2, 1, ] | algo = [0, 0, 0, 0, 0, 0, ] | rc = [52, 26, 22, 21, 24, 0] | gpus = [2, 1, 1, 1, 2, 1] | micro_bs = 8 | time = [12139, 11825, 11997, 11984, 11917, 12352] | memory = [26479, 25774, 26964, 26214, 22912, 18521]

[ Trial 9 ] |12352.23|26964.50| op = [202, 111, 108, 105, 224, 85]| tp = [1, 1, 1, 1, 1, 1, ] | dp = [2, 1, 1, 1, 2, 1, ] | algo = [0, 0, 0, 0, 0, 0, ] | rc = [52, 26, 22, 21, 24, 0] | gpus = [2, 1, 1, 1, 2, 1] | micro_bs = 8 | time = [12139, 11825, 11997, 11984, 11917, 12352] | memory = [26479, 25774, 26964, 26214, 22912, 18521]
>>>> [CONFIG: target(5), prim(inc_dp)]
|23891.91|26964.50| op = [202, 111, 108, 105, 224, 85]| tp = [1, 1, 1, 1, 1, 1, ] | dp = [2, 1, 1, 1, 1, 2, ] | algo = [0, 0, 0, 0, 0, 0, ] | rc = [52, 26, 22, 21, 48, 0] | gpus = [2, 1, 1, 1, 1, 2] | micro_bs = 8 | time = [12189, 11875, 12047, 12034, 23891, 6798] | memory = [26479, 25774, 26964, 26214, 26828, 9620]
>>>> [CONFIG: target(4), prim(dec_op)]
|12131.19|26964.50| op = [202, 111, 108, 105, 114, 195]| tp = [1, 1, 1, 1, 1, 1, ] | dp = [2, 1, 1, 1, 1, 2, ] | algo = [0, 0, 0, 0, 0, 0, ] | rc = [52, 26, 22, 21, 12, 0] | gpus = [2, 1, 1, 1, 1, 2] | micro_bs = 8 | time = [12131, 11817, 11989, 11976, 11281, 11876] | memory = [26479, 25774, 26964, 26214, 23508, 18765]

[ Trial 10 ] |12131.19|26964.50| op = [202, 111, 108, 105, 114, 195]| tp = [1, 1, 1, 1, 1, 1, ] | dp = [2, 1, 1, 1, 1, 2, ] | algo = [0, 0, 0, 0, 0, 0, ] | rc = [52, 26, 22, 21, 12, 0] | gpus = [2, 1, 1, 1, 1, 2] | micro_bs = 8 | time = [12131, 11817, 11989, 11976, 11281, 11876] | memory = [26479, 25774, 26964, 26214, 23508, 18765]
>>>> [CONFIG: target(0), prim(dec_dp)]
|23986.83|26964.50| op = [202, 111, 108, 105, 114, 195]| tp = [1, 1, 1, 1, 1, 1, ] | dp = [1, 1, 1, 1, 2, 2, ] | algo = [0, 0, 0, 0, 0, 0, ] | rc = [97, 26, 22, 21, 0, 0] | gpus = [1, 1, 1, 1, 2, 2] | micro_bs = 8 | time = [23986, 11866, 12038, 12025, 5787, 11926] | memory = [26803, 25774, 26964, 26214, 18306, 18765]
>>>> [CONFIG: target(0), prim(dec_op)]
|13539.75|26133.38| op = [120, 98, 109, 106, 207, 195]| tp = [1, 1, 1, 1, 1, 1, ] | dp = [1, 1, 1, 1, 2, 2, ] | algo = [0, 0, 0, 0, 0, 0, ] | rc = [34, 24, 22, 16, 18, 0] | gpus = [1, 1, 1, 1, 2, 2] | micro_bs = 8 | time = [13539, 11146, 11469, 11320, 10852, 11870] | memory = [25114, 26133, 25480, 25474, 23779, 18765]
>>>> [CONFIG: target(0), prim(dec_op)]
|11866.43|26884.50| op = [101, 106, 108, 106, 219, 195]| tp = [1, 1, 1, 1, 1, 1, ] | dp = [1, 1, 1, 1, 2, 2, ] | algo = [0, 0, 0, 0, 0, 0, ] | rc = [28, 26, 24, 16, 24, 0] | gpus = [1, 1, 1, 1, 2, 2] | micro_bs = 8 | time = [11650, 11697, 11409, 11437, 11607, 11866] | memory = [24876, 25274, 26884, 25414, 22340, 18765]

[ Trial 11 ] |11866.43|26884.50| op = [101, 106, 108, 106, 219, 195]| tp = [1, 1, 1, 1, 1, 1, ] | dp = [1, 1, 1, 1, 2, 2, ] | algo = [0, 0, 0, 0, 0, 0, ] | rc = [28, 26, 24, 16, 24, 0] | gpus = [1, 1, 1, 1, 2, 2] | micro_bs = 8 | time = [11650, 11697, 11409, 11437, 11607, 11866] | memory = [24876, 25274, 26884, 25414, 22340, 18765]
>>>> [CONFIG: target(5), prim(dec_dp)]
|24261.24|26884.50| op = [101, 106, 108, 106, 219, 195]| tp = [1, 1, 1, 1, 1, 1, ] | dp = [1, 1, 1, 2, 2, 1, ] | algo = [0, 0, 0, 0, 0, 0, ] | rc = [28, 26, 24, 0, 24, 26] | gpus = [1, 1, 1, 2, 2, 1] | micro_bs = 8 | time = [11701, 11748, 11461, 5665, 11658, 24261] | memory = [24876, 25274, 26884, 26146, 22340, 22599]
>>>> [CONFIG: target(5), prim(inc_tp)]
|30572.20|26884.50| op = [101, 106, 108, 106, 219, 195]| tp = [1, 1, 1, 1, 1, 2, ] | dp = [1, 1, 1, 1, 2, 1, ] | algo = [0, 0, 0, 0, 0, 0, ] | rc = [28, 26, 24, 16, 24, 0] | gpus = [1, 1, 1, 1, 2, 2] | micro_bs = 8 | time = [11796, 11843, 11555, 11583, 11753, 30572] | memory = [24876, 25274, 26884, 25414, 22340, 19069]
>>>> [CONFIG: target(5), prim(dec_op)]
|16014.39|26599.50| op = [101, 106, 111, 130, 296, 91]| tp = [1, 1, 1, 1, 1, 2, ] | dp = [1, 1, 1, 1, 2, 1, ] | algo = [0, 0, 0, 0, 0, 0, ] | rc = [28, 26, 29, 29, 44, 0] | gpus = [1, 1, 1, 1, 2, 2] | micro_bs = 8 | time = [11751, 11798, 12987, 14688, 16014, 15928] | memory = [24876, 25274, 25860, 26599, 21765, 10555]
>>>> [CONFIG: target(4), prim(dec_mbs)]
|17838.68|24035.72| op = [101, 106, 111, 130, 296, 91]| tp = [1, 1, 1, 1, 1, 1, ] | dp = [1, 1, 1, 1, 2, 2, ] | algo = [0, 0, 0, 0, 0, 0, ] | rc = [16, 16, 14, 10, 0, 0] | gpus = [1, 1, 1, 1, 2, 2] | micro_bs = 4 | time = [11224, 11419, 12197, 13633, 17838, 8261] | memory = [21782, 18980, 21328, 24035, 23818, 5616]
>>>> [CONFIG: target(4), prim(inc_mbs)]
|15946.09|26599.50| op = [101, 106, 111, 130, 296, 91]| tp = [1, 1, 1, 1, 1, 1, ] | dp = [1, 1, 1, 1, 2, 2, ] | algo = [0, 0, 0, 0, 0, 0, ] | rc = [28, 26, 29, 29, 44, 0] | gpus = [1, 1, 1, 1, 2, 2] | micro_bs = 8 | time = [11683, 11730, 12918, 14620, 15946, 7185] | memory = [24876, 25274, 25860, 26599, 21765, 10508]
>>>> [CONFIG: target(4), prim(dec_op)]
|12013.49|26884.50| op = [101, 106, 108, 116, 215, 189]| tp = [1, 1, 1, 1, 1, 1, ] | dp = [1, 1, 1, 1, 2, 2, ] | algo = [0, 0, 0, 0, 0, 0, ] | rc = [28, 26, 24, 18, 22, 0] | gpus = [1, 1, 1, 1, 2, 2] | micro_bs = 8 | time = [11650, 11697, 11409, 12013, 11428, 11443] | memory = [24876, 25274, 26884, 26218, 23259, 17877]
>>>> [CONFIG: target(3), prim(dec_op)]
|11807.54|26884.50| op = [101, 106, 108, 111, 220, 189]| tp = [1, 1, 1, 1, 1, 1, ] | dp = [1, 1, 1, 1, 2, 2, ] | algo = [0, 0, 0, 0, 0, 0, ] | rc = [28, 26, 24, 18, 24, 0] | gpus = [1, 1, 1, 1, 2, 2] | micro_bs = 8 | time = [11650, 11697, 11409, 11807, 11633, 11443] | memory = [24876, 25274, 26884, 25634, 22324, 17877]

[ Trial 12 ] |11807.54|26884.50| op = [101, 106, 108, 111, 220, 189]| tp = [1, 1, 1, 1, 1, 1, ] | dp = [1, 1, 1, 1, 2, 2, ] | algo = [0, 0, 0, 0, 0, 0, ] | rc = [28, 26, 24, 18, 24, 0] | gpus = [1, 1, 1, 1, 2, 2] | micro_bs = 8 | time = [11650, 11697, 11409, 11807, 11633, 11443] | memory = [24876, 25274, 26884, 25634, 22324, 17877]
>>>> [CONFIG: target(3), prim(inc_dp)]
|22924.25|26884.50| op = [101, 106, 108, 111, 220, 189]| tp = [1, 1, 1, 1, 1, 1, ] | dp = [1, 1, 1, 2, 2, 1, ] | algo = [0, 0, 0, 0, 0, 0, ] | rc = [28, 26, 24, 2, 24, 20] | gpus = [1, 1, 1, 2, 2, 1] | micro_bs = 8 | time = [11693, 11739, 11452, 5859, 11676, 22924] | memory = [24876, 25274, 26884, 26835, 22324, 24283]
>>>> [CONFIG: target(5), prim(inc_tp)]
|29835.07|26884.50| op = [101, 106, 108, 111, 220, 189]| tp = [1, 1, 1, 1, 1, 2, ] | dp = [1, 1, 1, 1, 2, 1, ] | algo = [0, 0, 0, 0, 0, 0, ] | rc = [28, 26, 24, 18, 24, 0] | gpus = [1, 1, 1, 1, 2, 2] | micro_bs = 8 | time = [11793, 11840, 11553, 11951, 11776, 29835] | memory = [24876, 25274, 26884, 25634, 22324, 18163]
>>>> [CONFIG: target(5), prim(dec_op)]
|15928.52|26971.88| op = [101, 106, 123, 139, 275, 91]| tp = [1, 1, 1, 1, 1, 2, ] | dp = [1, 1, 1, 1, 2, 1, ] | algo = [0, 0, 0, 0, 0, 0, ] | rc = [28, 26, 28, 28, 42, 0] | gpus = [1, 1, 1, 1, 2, 2] | micro_bs = 8 | time = [11752, 11799, 13776, 14977, 14968, 15928] | memory = [24876, 25274, 26613, 26971, 20097, 10555]
>>>> [CONFIG: target(5), prim(dec_mbs)]
|16604.91|22703.91| op = [101, 106, 123, 139, 275, 91]| tp = [1, 1, 1, 1, 1, 1, ] | dp = [1, 1, 1, 1, 2, 2, ] | algo = [0, 0, 0, 0, 0, 0, ] | rc = [16, 16, 16, 14, 0, 0] | gpus = [1, 1, 1, 1, 2, 2] | micro_bs = 4 | time = [11227, 11421, 13339, 14416, 16604, 8264] | memory = [21782, 18980, 20704, 22703, 22366, 5616]
>>>> [CONFIG: target(4), prim(dec_op)]
|12895.60|24603.53| op = [109, 106, 115, 122, 214, 169]| tp = [1, 1, 1, 1, 1, 1, ] | dp = [1, 1, 1, 1, 2, 2, ] | algo = [0, 0, 0, 0, 0, 0, ] | rc = [16, 18, 12, 8, 0, 0] | gpus = [1, 1, 1, 1, 2, 2] | micro_bs = 4 | time = [12176, 12113, 11965, 12503, 12895, 12866] | memory = [24058, 19964, 21620, 24603, 17330, 8856]
>>>> [CONFIG: target(4), prim(inc_mbs)]
|13180.42|26938.00| op = [109, 106, 115, 122, 214, 169]| tp = [1, 1, 1, 1, 1, 1, ] | dp = [1, 1, 1, 1, 2, 2, ] | algo = [0, 0, 0, 0, 0, 0, ] | rc = [30, 30, 24, 24, 18, 0] | gpus = [1, 1, 1, 1, 2, 2] | micro_bs = 8 | time = [12729, 12443, 12410, 13180, 10990, 10708] | memory = [26313, 26938, 25913, 26819, 24056, 16701]
>>>> [CONFIG: target(3), prim(dec_op)]
|11768.07|26964.00| op = [102, 108, 105, 108, 226, 186]| tp = [1, 1, 1, 1, 1, 1, ] | dp = [1, 1, 1, 1, 2, 2, ] | algo = [0, 0, 0, 0, 0, 0, ] | rc = [28, 26, 20, 18, 24, 0] | gpus = [1, 1, 1, 1, 2, 2] | micro_bs = 8 | time = [11741, 11739, 11205, 11735, 11768, 11393] | memory = [25276, 25474, 26964, 25462, 22544, 17821]

[ Trial 13 ] |11768.07|26964.00| op = [102, 108, 105, 108, 226, 186]| tp = [1, 1, 1, 1, 1, 1, ] | dp = [1, 1, 1, 1, 2, 2, ] | algo = [0, 0, 0, 0, 0, 0, ] | rc = [28, 26, 20, 18, 24, 0] | gpus = [1, 1, 1, 1, 2, 2] | micro_bs = 8 | time = [11741, 11739, 11205, 11735, 11768, 11393] | memory = [25276, 25474, 26964, 25462, 22544, 17821]
>>>> [CONFIG: target(4), prim(dec_dp)]
|23482.63|26972.75| op = [102, 108, 105, 108, 226, 186]| tp = [1, 1, 1, 1, 1, 1, ] | dp = [1, 1, 1, 2, 1, 2, ] | algo = [0, 0, 0, 0, 0, 0, ] | rc = [28, 26, 20, 2, 48, 0] | gpus = [1, 1, 1, 2, 1, 2] | micro_bs = 8 | time = [11786, 11784, 11250, 5815, 23482, 11438] | memory = [25276, 25474, 26964, 26746, 26972, 17821]
>>>> [CONFIG: target(4), prim(inc_tp)]
|33742.97|26964.00| op = [102, 108, 105, 108, 226, 186]| tp = [1, 1, 1, 1, 2, 1, ] | dp = [1, 1, 1, 1, 1, 2, ] | algo = [0, 0, 0, 0, 0, 0, ] | rc = [28, 26, 20, 18, 28, 0] | gpus = [1, 1, 1, 1, 2, 2] | micro_bs = 8 | time = [11913, 11911, 11376, 11907, 33742, 11564] | memory = [25276, 25474, 26964, 25462, 21802, 17821]
>>>> [CONFIG: target(4), prim(dec_mbs)]
|13799.89|26746.98| op = [102, 108, 105, 108, 226, 186]| tp = [1, 1, 1, 1, 1, 1, ] | dp = [1, 1, 1, 1, 2, 2, ] | algo = [0, 0, 0, 0, 0, 0, ] | rc = [16, 16, 10, 2, 0, 0] | gpus = [1, 1, 1, 1, 2, 2] | micro_bs = 4 | time = [11312, 11468, 10842, 10811, 13594, 13799] | memory = [21990, 19081, 22383, 26746, 18314, 9454]
>>>> [CONFIG: target(5), prim(dec_op)]
|13804.88|24539.35| op = [102, 108, 105, 120, 214, 186]| tp = [1, 1, 1, 1, 1, 1, ] | dp = [1, 1, 1, 1, 2, 2, ] | algo = [0, 0, 0, 0, 0, 0, ] | rc = [16, 16, 10, 8, 0, 0] | gpus = [1, 1, 1, 1, 2, 2] | micro_bs = 4 | time = [11317, 11473, 10847, 12610, 13079, 13804] | memory = [21990, 19081, 22383, 24539, 17546, 9454]
>>>> [CONFIG: target(5), prim(inc_mbs)]
|13584.64|26964.00| op = [102, 108, 105, 120, 214, 186]| tp = [1, 1, 1, 1, 1, 1, ] | dp = [1, 1, 1, 1, 2, 2, ] | algo = [0, 0, 0, 0, 0, 0, ] | rc = [28, 26, 20, 29, 20, 0] | gpus = [1, 1, 1, 1, 2, 2] | micro_bs = 8 | time = [11751, 11749, 11215, 13584, 11232, 11403] | memory = [25276, 25474, 26964, 26886, 23360, 17821]
>>>> [CONFIG: target(3), prim(dec_op)]
|11741.06|26964.00| op = [102, 108, 105, 108, 224, 188]| tp = [1, 1, 1, 1, 1, 1, ] | dp = [1, 1, 1, 1, 2, 2, ] | algo = [0, 0, 0, 0, 0, 0, ] | rc = [28, 26, 20, 18, 24, 0] | gpus = [1, 1, 1, 1, 2, 2] | micro_bs = 8 | time = [11741, 11739, 11204, 11735, 11696, 11430] | memory = [25276, 25474, 26964, 25462, 22400, 17877]

num_targets: [1, 1, 1, 1, 1, 1, 1, 1, 1, 1, 1, 1, 1, 1]
num_hops: [1, 1, 1, 1, 1, 1, 1, 7, 5, 2, 3, 7, 7, 6]
search time = 200.00 s.  [0, 1, 2, 3, 4, 5, 6, 7, 9, 10, 11, 12, 25, 31, 52, 210, 211, 212, 213, 214, 215, 216, 217, 218, 219, 220, 221, 222, 223, 224, 225, 226, 227, 228, 229, 230, 231, 232, 233, 234, 235] 
num_explored_cases = 11368
time trend: [37682, 37574, 37467, 21899, 16280, 13670, 12840, 12838, 12358, 12352, 12131, 11866, 11807, 11768, 11741, 11741, 11771, 11806, 11806, 11810, 11813, 11865, 11865, 11866, 11871, 11875, 11894, 11899, 11906, 11908, 11911, 11948, 11953, 11955, 11969, 11985, 11987, 12006, 12051, 12054, 12055]

working on num_stages = 5
config has been saved to /home/liminglong.lml/sxz/SuperScaler/logs-large/aceso/configs/scale-layer/64layers/scale-layer_64layers_5stages_2026-5-16-3-12-39.json

========== Best Result (num_stages = 5) ==========
|11775.17|26682.31| op = [101, 102, 216, 221, 195]| tp = [1, 1, 1, 1, 1, ] | dp = [1, 1, 2, 2, 2, ] | algo = [0, 0, 0, 0, 0, ] | rc = [24, 20, 32, 24, 0] | gpus = [1, 1, 2, 2, 2] | micro_bs = 8 | time = [11254, 10968, 11523, 11577, 11775] | memory = [26682, 26599, 22714, 22372, 18765]
start|45398.37|9102.21| op = [167, 167, 167, 167, 167]| tp = [2, 2, 2, 1, 1, ] | dp = [1, 1, 1, 1, 1, ] | algo = [0, 0, 0, 0, 0, ] | rc = [0, 0, 0, 0, 0] | gpus = [2, 2, 2, 1, 1] | micro_bs = 1 | time = [45398, 44792, 44702, 27578, 32632] | memory = [9102, 7225, 5532, 7056, 4928]

[ Trial 0 ] |45398.37|9102.21| op = [167, 167, 167, 167, 167]| tp = [2, 2, 2, 1, 1, ] | dp = [1, 1, 1, 1, 1, ] | algo = [0, 0, 0, 0, 0, ] | rc = [0, 0, 0, 0, 0] | gpus = [2, 2, 2, 1, 1] | micro_bs = 1 | time = [45398, 44792, 44702, 27578, 32632] | memory = [9102, 7225, 5532, 7056, 4928]
>>>> [CONFIG: target(0), prim(dec_tp)]
|45230.10|17286.12| op = [167, 167, 167, 167, 167]| tp = [1, 2, 2, 2, 1, ] | dp = [1, 1, 1, 1, 1, ] | algo = [0, 0, 0, 0, 0, ] | rc = [0, 0, 0, 0, 0] | gpus = [1, 2, 2, 2, 1] | micro_bs = 1 | time = [28006, 44792, 44702, 45230, 32632] | memory = [17286, 7225, 5532, 3712, 4928]

[ Trial 1 ] |45230.10|17286.12| op = [167, 167, 167, 167, 167]| tp = [1, 2, 2, 2, 1, ] | dp = [1, 1, 1, 1, 1, ] | algo = [0, 0, 0, 0, 0, ] | rc = [0, 0, 0, 0, 0] | gpus = [1, 2, 2, 2, 1] | micro_bs = 1 | time = [28006, 44792, 44702, 45230, 32632] | memory = [17286, 7225, 5532, 3712, 4928]
>>>> [CONFIG: target(3), prim(inc_mbs)]
|25183.39|23756.11| op = [167, 167, 167, 167, 167]| tp = [1, 1, 1, 1, 1, ] | dp = [1, 2, 2, 2, 1, ] | algo = [0, 0, 0, 0, 0, ] | rc = [14, 0, 0, 0, 0] | gpus = [1, 2, 2, 2, 1] | micro_bs = 2 | time = [21771, 13855, 13824, 13852, 25183] | memory = [23756, 13721, 10526, 7056, 8848]

[ Trial 2 ] |25183.39|23756.11| op = [167, 167, 167, 167, 167]| tp = [1, 1, 1, 1, 1, ] | dp = [1, 2, 2, 2, 1, ] | algo = [0, 0, 0, 0, 0, ] | rc = [14, 0, 0, 0, 0] | gpus = [1, 2, 2, 2, 1] | micro_bs = 2 | time = [21771, 13855, 13824, 13852, 25183] | memory = [23756, 13721, 10526, 7056, 8848]
>>>> [CONFIG: target(4), prim(dec_op)]
|17570.94|25769.33| op = [137, 197, 188, 211, 102]| tp = [1, 1, 1, 1, 1, ] | dp = [1, 2, 2, 2, 1, ] | algo = [0, 0, 0, 0, 0, ] | rc = [4, 0, 0, 0, 0] | gpus = [1, 2, 2, 2, 1] | micro_bs = 2 | time = [17460, 16152, 15318, 17570, 17484] | memory = [25769, 15841, 11438, 9121, 6148]

[ Trial 3 ] |17570.94|25769.33| op = [137, 197, 188, 211, 102]| tp = [1, 1, 1, 1, 1, ] | dp = [1, 2, 2, 2, 1, ] | algo = [0, 0, 0, 0, 0, ] | rc = [4, 0, 0, 0, 0] | gpus = [1, 2, 2, 2, 1] | micro_bs = 2 | time = [17460, 16152, 15318, 17570, 17484] | memory = [25769, 15841, 11438, 9121, 6148]
>>>> [CONFIG: target(3), prim(dec_dp)]
|25798.05|25769.33| op = [137, 197, 188, 211, 102]| tp = [1, 1, 1, 1, 1, ] | dp = [1, 2, 2, 1, 2, ] | algo = [0, 0, 0, 0, 0, ] | rc = [4, 0, 0, 0, 0] | gpus = [1, 2, 2, 1, 2] | micro_bs = 2 | time = [17464, 16156, 15321, 25798, 11141] | memory = [25769, 15841, 11438, 17461, 3458]
>>>> [CONFIG: target(3), prim(dec_op)]
|16526.74|26189.33| op = [132, 197, 198, 139, 169]| tp = [1, 1, 1, 1, 1, ] | dp = [1, 2, 2, 1, 2, ] | algo = [0, 0, 0, 0, 0, ] | rc = [0, 0, 0, 0, 0] | gpus = [1, 2, 2, 1, 2] | micro_bs = 2 | time = [16045, 16416, 16526, 16381, 16469] | memory = [26189, 16109, 12753, 11169, 4932]

[ Trial 4 ] |16526.74|26189.33| op = [132, 197, 198, 139, 169]| tp = [1, 1, 1, 1, 1, ] | dp = [1, 2, 2, 1, 2, ] | algo = [0, 0, 0, 0, 0, ] | rc = [0, 0, 0, 0, 0] | gpus = [1, 2, 2, 1, 2] | micro_bs = 2 | time = [16045, 16416, 16526, 16381, 16469] | memory = [26189, 16109, 12753, 11169, 4932]
>>>> [CONFIG: target(2), prim(dec_dp)]
|24350.96|24786.79| op = [132, 197, 198, 139, 169]| tp = [1, 1, 1, 1, 1, ] | dp = [2, 2, 1, 1, 2, ] | algo = [0, 0, 0, 0, 0, ] | rc = [0, 0, 0, 0, 0] | gpus = [2, 2, 1, 1, 2] | micro_bs = 2 | time = [11116, 16422, 24350, 16386, 16474] | memory = [13542, 16109, 24786, 11169, 4932]
>>>> [CONFIG: target(2), prim(dec_op)]
|16631.59|19908.44| op = [195, 200, 132, 139, 169]| tp = [1, 1, 1, 1, 1, ] | dp = [2, 2, 1, 1, 2, ] | algo = [0, 0, 0, 0, 0, ] | rc = [0, 0, 0, 0, 0] | gpus = [2, 2, 1, 1, 2] | micro_bs = 2 | time = [16231, 16631, 16459, 16381, 16469] | memory = [19908, 16129, 17165, 11169, 4932]
>>>> [CONFIG: target(1), prim(dec_dp)]
|25484.16|24903.85| op = [195, 200, 132, 139, 169]| tp = [1, 1, 1, 1, 1, ] | dp = [2, 1, 2, 1, 2, ] | algo = [0, 0, 0, 0, 0, ] | rc = [0, 12, 0, 0, 0] | gpus = [2, 1, 2, 1, 2] | micro_bs = 2 | time = [16238, 25484, 11199, 16388, 16476] | memory = [19908, 24903, 8822, 11169, 4932]
>>>> [CONFIG: target(1), prim(dec_op)]
|16887.16|22614.61| op = [195, 137, 195, 139, 169]| tp = [1, 1, 1, 1, 1, ] | dp = [2, 1, 2, 1, 2, ] | algo = [0, 0, 0, 0, 0, ] | rc = [0, 0, 0, 0, 0] | gpus = [2, 1, 2, 1, 2] | micro_bs = 2 | time = [16231, 16887, 16051, 16381, 16469] | memory = [19908, 22614, 12123, 11169, 4932]
>>>> [CONFIG: target(1), prim(inc_mbs)]
|15056.06|23526.79| op = [195, 137, 195, 139, 169]| tp = [1, 1, 1, 1, 1, ] | dp = [2, 1, 2, 1, 2, ] | algo = [0, 0, 0, 0, 0, ] | rc = [26, 22, 0, 0, 0] | gpus = [2, 1, 2, 1, 2] | micro_bs = 4 | time = [13168, 15056, 11864, 12626, 12833] | memory = [20248, 19969, 23526, 21810, 8856]

[ Trial 5 ] |15056.06|23526.79| op = [195, 137, 195, 139, 169]| tp = [1, 1, 1, 1, 1, ] | dp = [2, 1, 2, 1, 2, ] | algo = [0, 0, 0, 0, 0, ] | rc = [26, 22, 0, 0, 0] | gpus = [2, 1, 2, 1, 2] | micro_bs = 4 | time = [13168, 15056, 11864, 12626, 12833] | memory = [20248, 19969, 23526, 21810, 8856]
>>>> [CONFIG: target(1), prim(dec_op)]
|13164.65|25458.98| op = [195, 120, 210, 136, 174]| tp = [1, 1, 1, 1, 1, ] | dp = [2, 1, 2, 1, 2, ] | algo = [0, 0, 0, 0, 0, ] | rc = [26, 14, 0, 0, 0] | gpus = [2, 1, 2, 1, 2] | micro_bs = 4 | time = [13164, 12411, 12979, 13042, 13029] | memory = [20248, 21840, 25458, 23294, 8930]

[ Trial 6 ] |13164.65|25458.98| op = [195, 120, 210, 136, 174]| tp = [1, 1, 1, 1, 1, ] | dp = [2, 1, 2, 1, 2, ] | algo = [0, 0, 0, 0, 0, ] | rc = [26, 14, 0, 0, 0] | gpus = [2, 1, 2, 1, 2] | micro_bs = 4 | time = [13164, 12411, 12979, 13042, 13029] | memory = [20248, 21840, 25458, 23294, 8930]
>>>> [CONFIG: target(0), prim(dec_mbs)]
|17453.58|19908.44| op = [195, 120, 210, 136, 174]| tp = [1, 1, 1, 1, 1, ] | dp = [2, 1, 2, 1, 2, ] | algo = [0, 0, 0, 0, 0, ] | rc = [0, 0, 0, 0, 0] | gpus = [2, 1, 2, 1, 2] | micro_bs = 2 | time = [16230, 14453, 17453, 16755, 16824] | memory = [19908, 18918, 13113, 11897, 4983]
>>>> [CONFIG: target(2), prim(dec_dp)]
|25678.04|25458.98| op = [195, 120, 210, 136, 174]| tp = [1, 1, 1, 1, 1, ] | dp = [2, 2, 1, 1, 2, ] | algo = [0, 0, 0, 0, 0, ] | rc = [0, 0, 0, 0, 0] | gpus = [2, 2, 1, 1, 2] | micro_bs = 2 | time = [16238, 10001, 25678, 16763, 16831] | memory = [19908, 9681, 25458, 11897, 4983]
>>>> [CONFIG: target(2), prim(dec_op)]
|16845.48|19908.44| op = [195, 193, 137, 136, 174]| tp = [1, 1, 1, 1, 1, ] | dp = [2, 2, 1, 1, 2, ] | algo = [0, 0, 0, 0, 0, ] | rc = [0, 0, 0, 0, 0] | gpus = [2, 2, 1, 1, 2] | micro_bs = 2 | time = [16232, 15966, 16845, 16757, 16825] | memory = [19908, 15761, 16479, 11897, 4983]
>>>> [CONFIG: target(2), prim(inc_mbs)]
|14000.35|25347.72| op = [195, 193, 137, 136, 174]| tp = [1, 1, 1, 1, 1, ] | dp = [2, 2, 1, 1, 2, ] | algo = [0, 0, 0, 0, 0, ] | rc = [26, 10, 10, 0, 0] | gpus = [2, 2, 1, 1, 2] | micro_bs = 4 | time = [13168, 12281, 14000, 13045, 13033] | memory = [20248, 25347, 24387, 23294, 8930]
>>>> [CONFIG: target(2), prim(dec_op)]
|13387.38|25347.72| op = [195, 193, 135, 138, 174]| tp = [1, 1, 1, 1, 1, ] | dp = [2, 2, 1, 1, 2, ] | algo = [0, 0, 0, 0, 0, ] | rc = [26, 10, 10, 0, 0] | gpus = [2, 2, 1, 1, 2] | micro_bs = 4 | time = [13166, 12279, 13387, 13165, 13031] | memory = [20248, 25347, 23619, 23326, 8930]
>>>> [CONFIG: target(2), prim(inc_mbs)]
|14388.21|26951.44| op = [195, 193, 135, 138, 174]| tp = [1, 1, 1, 1, 1, ] | dp = [2, 2, 1, 1, 2, ] | algo = [0, 0, 0, 0, 0, ] | rc = [42, 30, 24, 22, 0] | gpus = [2, 2, 1, 1, 2] | micro_bs = 8 | time = [11202, 10637, 13869, 14388, 10764] | memory = [26177, 26951, 26891, 21961, 16821]
>>>> [CONFIG: target(3), prim(dec_op)]
|12638.65|26547.69| op = [195, 200, 115, 119, 206]| tp = [1, 1, 1, 1, 1, ] | dp = [2, 2, 1, 1, 2, ] | algo = [0, 0, 0, 0, 0, ] | rc = [42, 34, 18, 18, 0] | gpus = [2, 2, 1, 1, 2] | micro_bs = 8 | time = [11190, 11205, 11926, 12638, 12320] | memory = [26177, 26547, 26278, 19988, 19782]

[ Trial 7 ] |12638.65|26547.69| op = [195, 200, 115, 119, 206]| tp = [1, 1, 1, 1, 1, ] | dp = [2, 2, 1, 1, 2, ] | algo = [0, 0, 0, 0, 0, ] | rc = [42, 34, 18, 18, 0] | gpus = [2, 2, 1, 1, 2] | micro_bs = 8 | time = [11190, 11205, 11926, 12638, 12320] | memory = [26177, 26547, 26278, 19988, 19782]
>>>> [CONFIG: target(3), prim(dec_op)]
|12311.31|26887.94| op = [195, 208, 111, 115, 206]| tp = [1, 1, 1, 1, 1, ] | dp = [2, 2, 1, 1, 2, ] | algo = [0, 0, 0, 0, 0, ] | rc = [42, 38, 18, 12, 0] | gpus = [2, 2, 1, 1, 2] | micro_bs = 8 | time = [11181, 11504, 11763, 11353, 12311] | memory = [26177, 26887, 25642, 23476, 19782]

[ Trial 8 ] |12311.31|26887.94| op = [195, 208, 111, 115, 206]| tp = [1, 1, 1, 1, 1, ] | dp = [2, 2, 1, 1, 2, ] | algo = [0, 0, 0, 0, 0, ] | rc = [42, 38, 18, 12, 0] | gpus = [2, 2, 1, 1, 2] | micro_bs = 8 | time = [11181, 11504, 11763, 11353, 12311] | memory = [26177, 26887, 25642, 23476, 19782]
>>>> [CONFIG: target(4), prim(dec_dp)]
|25520.90|26887.94| op = [195, 208, 111, 115, 206]| tp = [1, 1, 1, 1, 1, ] | dp = [2, 2, 1, 2, 1, ] | algo = [0, 0, 0, 0, 0, ] | rc = [42, 38, 18, 0, 30] | gpus = [2, 2, 1, 2, 1] | micro_bs = 8 | time = [11240, 11564, 11823, 5788, 25520] | memory = [26177, 26887, 25642, 18290, 22280]
>>>> [CONFIG: target(4), prim(dec_op)]
|11966.98|26449.76| op = [202, 214, 111, 230, 78]| tp = [1, 1, 1, 1, 1, ] | dp = [2, 2, 1, 2, 1, ] | algo = [0, 0, 0, 0, 0, ] | rc = [46, 38, 18, 24, 0] | gpus = [2, 2, 1, 2, 1] | micro_bs = 8 | time = [11811, 11703, 11771, 11790, 11966] | memory = [26449, 26428, 25642, 22676, 18277]

[ Trial 9 ] |11966.98|26449.76| op = [202, 214, 111, 230, 78]| tp = [1, 1, 1, 1, 1, ] | dp = [2, 2, 1, 2, 1, ] | algo = [0, 0, 0, 0, 0, ] | rc = [46, 38, 18, 24, 0] | gpus = [2, 2, 1, 2, 1] | micro_bs = 8 | time = [11811, 11703, 11771, 11790, 11966] | memory = [26449, 26428, 25642, 22676, 18277]
>>>> [CONFIG: target(4), prim(inc_dp)]
|23491.78|26791.69| op = [202, 214, 111, 230, 78]| tp = [1, 1, 1, 1, 1, ] | dp = [1, 2, 1, 2, 2, ] | algo = [0, 0, 0, 0, 0, ] | rc = [76, 38, 18, 24, 0] | gpus = [1, 2, 1, 2, 2] | micro_bs = 8 | time = [23491, 11751, 11819, 11839, 6535] | memory = [26791, 26428, 25642, 22676, 9476]
>>>> [CONFIG: target(0), prim(dec_op)]
|11781.13|26939.69| op = [107, 206, 108, 219, 195]| tp = [1, 1, 1, 1, 1, ] | dp = [1, 2, 1, 2, 2, ] | algo = [0, 0, 0, 0, 0, ] | rc = [26, 36, 16, 24, 0] | gpus = [1, 2, 1, 2, 2] | micro_bs = 8 | time = [11717, 11428, 11435, 11522, 11781] | memory = [25326, 26939, 25474, 22340, 18765]

[ Trial 10 ] |11781.13|26939.69| op = [107, 206, 108, 219, 195]| tp = [1, 1, 1, 1, 1, ] | dp = [1, 2, 1, 2, 2, ] | algo = [0, 0, 0, 0, 0, ] | rc = [26, 36, 16, 24, 0] | gpus = [1, 2, 1, 2, 2] | micro_bs = 8 | time = [11717, 11428, 11435, 11522, 11781] | memory = [25326, 26939, 25474, 22340, 18765]
>>>> [CONFIG: target(4), prim(dec_dp)]
|24175.67|26939.69| op = [107, 206, 108, 219, 195]| tp = [1, 1, 1, 1, 1, ] | dp = [1, 2, 2, 2, 1, ] | algo = [0, 0, 0, 0, 0, ] | rc = [26, 36, 0, 24, 26] | gpus = [1, 2, 2, 2, 1] | micro_bs = 8 | time = [11768, 11479, 5629, 11573, 24175] | memory = [25326, 26939, 26183, 22340, 22599]
>>>> [CONFIG: target(4), prim(dec_op)]
|12164.28|26939.69| op = [107, 206, 214, 226, 82]| tp = [1, 1, 1, 1, 1, ] | dp = [1, 2, 2, 2, 1, ] | algo = [0, 0, 0, 0, 0, ] | rc = [26, 36, 34, 24, 0] | gpus = [1, 2, 2, 2, 1] | micro_bs = 8 | time = [11724, 11436, 11865, 11690, 12164] | memory = [25326, 26939, 23138, 22544, 18425]
>>>> [CONFIG: target(4), prim(inc_dp)]
|23167.11|26499.50| op = [107, 206, 214, 226, 82]| tp = [1, 1, 1, 1, 1, ] | dp = [1, 1, 2, 2, 2, ] | algo = [0, 0, 0, 0, 0, ] | rc = [26, 62, 34, 24, 0] | gpus = [1, 1, 2, 2, 2] | micro_bs = 8 | time = [11772, 23167, 11913, 11739, 6650] | memory = [25326, 26499, 23138, 22544, 9564]
>>>> [CONFIG: target(1), prim(dec_op)]
|11779.88|26888.00| op = [107, 104, 210, 219, 195]| tp = [1, 1, 1, 1, 1, ] | dp = [1, 1, 2, 2, 2, ] | algo = [0, 0, 0, 0, 0, ] | rc = [26, 20, 32, 24, 0] | gpus = [1, 1, 2, 2, 2] | micro_bs = 8 | time = [11715, 11054, 11648, 11521, 11779] | memory = [25326, 26888, 23077, 22340, 18765]

[ Trial 11 ] |11779.88|26888.00| op = [107, 104, 210, 219, 195]| tp = [1, 1, 1, 1, 1, ] | dp = [1, 1, 2, 2, 2, ] | algo = [0, 0, 0, 0, 0, ] | rc = [26, 20, 32, 24, 0] | gpus = [1, 1, 2, 2, 2] | micro_bs = 8 | time = [11715, 11054, 11648, 11521, 11779] | memory = [25326, 26888, 23077, 22340, 18765]
>>>> [CONFIG: target(0), prim(inc_dp)]
|23081.84|26888.00| op = [107, 104, 210, 219, 195]| tp = [1, 1, 1, 1, 1, ] | dp = [2, 1, 2, 1, 2, ] | algo = [0, 0, 0, 0, 0, ] | rc = [16, 20, 32, 46, 0] | gpus = [2, 1, 2, 1, 2] | micro_bs = 8 | time = [6101, 11101, 11695, 23081, 11825] | memory = [19213, 26888, 23077, 26712, 18765]
>>>> [CONFIG: target(3), prim(dec_mbs)]
|22513.91|25458.98| op = [107, 104, 210, 219, 195]| tp = [1, 1, 1, 1, 1, ] | dp = [2, 1, 2, 1, 2, ] | algo = [0, 0, 0, 0, 0, ] | rc = [0, 10, 0, 24, 0] | gpus = [2, 1, 2, 1, 2] | micro_bs = 4 | time = [6723, 10751, 12990, 22513, 14375] | memory = [21244, 22339, 25458, 22340, 9936]
>>>> [CONFIG: target(3), prim(dec_op)]
|15395.17|25843.22| op = [107, 121, 247, 165, 195]| tp = [1, 1, 1, 1, 1, ] | dp = [2, 1, 2, 1, 2, ] | algo = [0, 0, 0, 0, 0, ] | rc = [0, 18, 10, 0, 0] | gpus = [2, 1, 2, 1, 2] | micro_bs = 4 | time = [6714, 13382, 15395, 14990, 14365] | memory = [21244, 20468, 25591, 25843, 9936]
>>>> [CONFIG: target(2), prim(dec_op)]
|14991.22|25843.22| op = [149, 117, 209, 165, 195]| tp = [1, 1, 1, 1, 1, ] | dp = [2, 1, 2, 1, 2, ] | algo = [0, 0, 0, 0, 0, ] | rc = [10, 16, 0, 0, 0] | gpus = [2, 1, 2, 1, 2] | micro_bs = 4 | time = [9932, 12944, 12877, 14991, 14366] | memory = [23937, 20372, 25446, 25843, 9936]
>>>> [CONFIG: target(3), prim(inc_mbs)]
|16227.24|26489.00| op = [149, 117, 209, 165, 195]| tp = [1, 1, 1, 1, 1, ] | dp = [2, 1, 2, 1, 2, ] | algo = [0, 0, 0, 0, 0, ] | rc = [29, 31, 32, 24, 0] | gpus = [2, 1, 2, 1, 2] | micro_bs = 8 | time = [8826, 13562, 11580, 16227, 11812] | memory = [26055, 26489, 23053, 24566, 18765]
>>>> [CONFIG: target(3), prim(inc_dp)]
|17722.16|26834.69| op = [149, 117, 209, 165, 195]| tp = [1, 1, 1, 1, 1, ] | dp = [1, 1, 2, 2, 2, ] | algo = [0, 0, 0, 0, 0, ] | rc = [55, 31, 32, 0, 0] | gpus = [1, 1, 2, 2, 2] | micro_bs = 8 | time = [17722, 13566, 11584, 7815, 11816] | memory = [26834, 26489, 23053, 25843, 18765]
>>>> [CONFIG: target(0), prim(dec_op)]
|11775.17|26682.31| op = [101, 102, 216, 221, 195]| tp = [1, 1, 1, 1, 1, ] | dp = [1, 1, 2, 2, 2, ] | algo = [0, 0, 0, 0, 0, ] | rc = [24, 20, 32, 24, 0] | gpus = [1, 1, 2, 2, 2] | micro_bs = 8 | time = [11254, 10968, 11523, 11577, 11775] | memory = [26682, 26599, 22714, 22372, 18765]

num_targets: [1, 1, 1, 1, 1, 1, 1, 1, 1, 1, 1, 2]
num_hops: [1, 1, 1, 2, 5, 1, 7, 1, 2, 2, 4, 7]
search time = 200.03 s.  [0, 1, 2, 3, 4, 5, 6, 8, 9, 10, 11, 12, 131, 209] 
num_explored_cases = 12130
time trend: [45398, 45230, 25183, 17570, 16526, 15056, 13164, 12638, 12311, 11966, 11781, 11779, 11775, 11775]

working on num_stages = 7
config has been saved to /home/liminglong.lml/sxz/SuperScaler/logs-large/aceso/configs/scale-layer/64layers/scale-layer_64layers_7stages_2026-5-16-3-12-39.json

========== Best Result (num_stages = 7) ==========
|11895.51|26884.50| op = [99, 106, 106, 108, 108, 115, 193]| tp = [1, 1, 1, 1, 1, 1, 1, ] | dp = [1, 1, 1, 1, 1, 1, 2, ] | algo = [0, 0, 0, 0, 0, 0, 0, ] | rc = [30, 28, 26, 24, 18, 12, 0] | gpus = [1, 1, 1, 1, 1, 1, 2] | micro_bs = 8 | time = [11845, 11854, 11787, 11499, 11826, 11526, 11895] | memory = [24325, 25788, 25274, 26884, 25462, 23476, 18749]
start|32336.60|14493.73| op = [119, 119, 119, 119, 119, 119, 121]| tp = [2, 1, 1, 1, 1, 1, 1, ] | dp = [1, 1, 1, 1, 1, 1, 1, ] | algo = [0, 0, 0, 0, 0, 0, 0, ] | rc = [0, 0, 0, 0, 0, 0, 0] | gpus = [2, 1, 1, 1, 1, 1, 1] | micro_bs = 1 | time = [32336, 20135, 20349, 20050, 19621, 19669, 25045] | memory = [8819, 14493, 12883, 9901, 7421, 5236, 3799]

[ Trial 0 ] |32336.60|14493.73| op = [119, 119, 119, 119, 119, 119, 121]| tp = [2, 1, 1, 1, 1, 1, 1, ] | dp = [1, 1, 1, 1, 1, 1, 1, ] | algo = [0, 0, 0, 0, 0, 0, 0, ] | rc = [0, 0, 0, 0, 0, 0, 0] | gpus = [2, 1, 1, 1, 1, 1, 1] | micro_bs = 1 | time = [32336, 20135, 20349, 20050, 19621, 19669, 25045] | memory = [8819, 14493, 12883, 9901, 7421, 5236, 3799]
>>>> [CONFIG: target(0), prim(dec_tp)]
|31787.54|16703.18| op = [119, 119, 119, 119, 119, 119, 121]| tp = [1, 1, 1, 1, 2, 1, 1, ] | dp = [1, 1, 1, 1, 1, 1, 1, ] | algo = [0, 0, 0, 0, 0, 0, 0, ] | rc = [0, 0, 0, 0, 0, 0, 0] | gpus = [1, 1, 1, 1, 2, 1, 1] | micro_bs = 1 | time = [19984, 20135, 20349, 20050, 31787, 19668, 25045] | memory = [16703, 14493, 12883, 9901, 3913, 5236, 3799]

[ Trial 1 ] |31787.54|16703.18| op = [119, 119, 119, 119, 119, 119, 121]| tp = [1, 1, 1, 1, 2, 1, 1, ] | dp = [1, 1, 1, 1, 1, 1, 1, ] | algo = [0, 0, 0, 0, 0, 0, 0, ] | rc = [0, 0, 0, 0, 0, 0, 0] | gpus = [1, 1, 1, 1, 2, 1, 1] | micro_bs = 1 | time = [19984, 20135, 20349, 20050, 31787, 19668, 25045] | memory = [16703, 14493, 12883, 9901, 3913, 5236, 3799]
>>>> [CONFIG: target(4), prim(dec_tp)]
|32056.21|16703.18| op = [119, 119, 119, 119, 119, 119, 121]| tp = [1, 1, 2, 1, 1, 1, 1, ] | dp = [1, 1, 1, 1, 1, 1, 1, ] | algo = [0, 0, 0, 0, 0, 0, 0, ] | rc = [0, 0, 0, 0, 0, 0, 0] | gpus = [1, 1, 2, 1, 1, 1, 1] | micro_bs = 1 | time = [19984, 20135, 32056, 20049, 19621, 19668, 25044] | memory = [16703, 14493, 6762, 9901, 7421, 5236, 3799]
>>>> [CONFIG: target(2), prim(inc_mbs)]
|19613.29|25375.35| op = [119, 119, 119, 119, 119, 119, 121]| tp = [1, 1, 1, 1, 1, 1, 1, ] | dp = [1, 1, 2, 1, 1, 1, 1, ] | algo = [0, 0, 0, 0, 0, 0, 0, ] | rc = [10, 4, 0, 0, 0, 0, 0] | gpus = [1, 1, 2, 1, 1, 1, 1] | micro_bs = 2 | time = [15479, 15241, 10289, 14810, 14351, 14407, 19613] | memory = [22766, 25375, 12883, 19366, 14411, 10025, 6754]

[ Trial 2 ] |19613.29|25375.35| op = [119, 119, 119, 119, 119, 119, 121]| tp = [1, 1, 1, 1, 1, 1, 1, ] | dp = [1, 1, 2, 1, 1, 1, 1, ] | algo = [0, 0, 0, 0, 0, 0, 0, ] | rc = [10, 4, 0, 0, 0, 0, 0] | gpus = [1, 1, 2, 1, 1, 1, 1] | micro_bs = 2 | time = [15479, 15241, 10289, 14810, 14351, 14407, 19613] | memory = [22766, 25375, 12883, 19366, 14411, 10025, 6754]
>>>> [CONFIG: target(6), prim(dec_op)]
|15473.76|26335.35| op = [119, 118, 169, 114, 114, 114, 87]| tp = [1, 1, 1, 1, 1, 1, 1, ] | dp = [1, 1, 2, 1, 1, 1, 1, ] | algo = [0, 0, 0, 0, 0, 0, 0, ] | rc = [10, 2, 0, 0, 0, 0, 0] | gpus = [1, 1, 2, 1, 1, 1, 1] | micro_bs = 2 | time = [15473, 14566, 13992, 14008, 14029, 14056, 15259] | memory = [22766, 26335, 16976, 18750, 14241, 9913, 5188]

[ Trial 3 ] |15473.76|26335.35| op = [119, 118, 169, 114, 114, 114, 87]| tp = [1, 1, 1, 1, 1, 1, 1, ] | dp = [1, 1, 2, 1, 1, 1, 1, ] | algo = [0, 0, 0, 0, 0, 0, 0, ] | rc = [10, 2, 0, 0, 0, 0, 0] | gpus = [1, 1, 2, 1, 1, 1, 1] | micro_bs = 2 | time = [15473, 14566, 13992, 14008, 14029, 14056, 15259] | memory = [22766, 26335, 16976, 18750, 14241, 9913, 5188]
>>>> [CONFIG: target(0), prim(dec_op)]
|15474.87|26335.35| op = [119, 118, 173, 117, 116, 116, 76]| tp = [1, 1, 1, 1, 1, 1, 1, ] | dp = [1, 1, 2, 1, 1, 1, 1, ] | algo = [0, 0, 0, 0, 0, 0, 0, ] | rc = [10, 2, 0, 0, 0, 0, 0] | gpus = [1, 1, 2, 1, 1, 1, 1] | micro_bs = 2 | time = [15474, 14567, 14473, 14238, 14247, 14518, 14442] | memory = [22766, 26335, 18026, 18818, 14369, 9625, 5068]
>>>> [CONFIG: target(0), prim(dec_op)]
|14828.46|26451.53| op = [111, 121, 178, 117, 116, 116, 76]| tp = [1, 1, 1, 1, 1, 1, 1, ] | dp = [1, 1, 2, 1, 1, 1, 1, ] | algo = [0, 0, 0, 0, 0, 0, 0, ] | rc = [8, 2, 0, 0, 0, 0, 0] | gpus = [1, 1, 2, 1, 1, 1, 1] | micro_bs = 2 | time = [14789, 14721, 14828, 14238, 14247, 14518, 14442] | memory = [24325, 26451, 18169, 18818, 14369, 9625, 5068]

[ Trial 4 ] |14828.46|26451.53| op = [111, 121, 178, 117, 116, 116, 76]| tp = [1, 1, 1, 1, 1, 1, 1, ] | dp = [1, 1, 2, 1, 1, 1, 1, ] | algo = [0, 0, 0, 0, 0, 0, 0, ] | rc = [8, 2, 0, 0, 0, 0, 0] | gpus = [1, 1, 2, 1, 1, 1, 1] | micro_bs = 2 | time = [14789, 14721, 14828, 14238, 14247, 14518, 14442] | memory = [24325, 26451, 18169, 18818, 14369, 9625, 5068]
>>>> [CONFIG: target(2), prim(dec_dp)]
|23575.51|26451.53| op = [111, 121, 178, 117, 116, 116, 76]| tp = [1, 1, 1, 1, 1, 1, 1, ] | dp = [1, 1, 1, 1, 1, 1, 2, ] | algo = [0, 0, 0, 0, 0, 0, 0, ] | rc = [8, 2, 20, 0, 0, 0, 0] | gpus = [1, 1, 1, 1, 1, 1, 2] | micro_bs = 2 | time = [14796, 14728, 23575, 14244, 14254, 14525, 9086] | memory = [24325, 26451, 21574, 18818, 14369, 9625, 2870]
>>>> [CONFIG: target(2), prim(dec_op)]
|14786.49|26279.35| op = [111, 118, 120, 120, 117, 111, 138]| tp = [1, 1, 1, 1, 1, 1, 1, ] | dp = [1, 1, 1, 1, 1, 1, 2, ] | algo = [0, 0, 0, 0, 0, 0, 0, ] | rc = [8, 2, 0, 0, 0, 0, 0] | gpus = [1, 1, 1, 1, 1, 1, 2] | micro_bs = 2 | time = [14786, 14492, 14460, 14465, 14238, 13862, 13868] | memory = [24325, 26279, 23400, 18986, 14369, 9801, 4124]

[ Trial 5 ] |14786.49|26279.35| op = [111, 118, 120, 120, 117, 111, 138]| tp = [1, 1, 1, 1, 1, 1, 1, ] | dp = [1, 1, 1, 1, 1, 1, 2, ] | algo = [0, 0, 0, 0, 0, 0, 0, ] | rc = [8, 2, 0, 0, 0, 0, 0] | gpus = [1, 1, 1, 1, 1, 1, 2] | micro_bs = 2 | time = [14786, 14492, 14460, 14465, 14238, 13862, 13868] | memory = [24325, 26279, 23400, 18986, 14369, 9801, 4124]
>>>> [CONFIG: target(0), prim(inc_dp)]
|21341.41|26279.35| op = [111, 118, 120, 120, 117, 111, 138]| tp = [1, 1, 1, 1, 1, 1, 1, ] | dp = [2, 1, 1, 1, 1, 1, 1, ] | algo = [0, 0, 0, 0, 0, 0, 0, ] | rc = [0, 2, 0, 0, 0, 0, 0] | gpus = [2, 1, 1, 1, 1, 1, 1] | micro_bs = 2 | time = [9647, 14497, 14465, 14469, 14242, 13867, 21341] | memory = [16456, 26279, 23400, 18986, 14369, 9801, 7340]
>>>> [CONFIG: target(6), prim(dec_op)]
|16617.94|26251.35| op = [137, 117, 124, 121, 118, 121, 97]| tp = [1, 1, 1, 1, 1, 1, 1, ] | dp = [2, 1, 1, 1, 1, 1, 1, ] | algo = [0, 0, 0, 0, 0, 0, 0, ] | rc = [0, 2, 0, 0, 0, 0, 0] | gpus = [2, 1, 1, 1, 1, 1, 1] | micro_bs = 2 | time = [11739, 14425, 14686, 15118, 14969, 14916, 16617] | memory = [19997, 26251, 23570, 19390, 15629, 10241, 5710]
>>>> [CONFIG: target(6), prim(inc_mbs)]
|13949.31|24491.35| op = [137, 117, 124, 121, 118, 121, 97]| tp = [1, 1, 1, 1, 1, 1, 1, ] | dp = [2, 1, 1, 1, 1, 1, 1, ] | algo = [0, 0, 0, 0, 0, 0, 0, ] | rc = [18, 18, 18, 16, 8, 0, 0] | gpus = [2, 1, 1, 1, 1, 1, 1] | micro_bs = 4 | time = [9611, 12680, 12967, 13247, 12539, 11621, 13949] | memory = [21230, 24422, 21329, 20480, 24491, 20046, 10653]

[ Trial 6 ] |13949.31|24491.35| op = [137, 117, 124, 121, 118, 121, 97]| tp = [1, 1, 1, 1, 1, 1, 1, ] | dp = [2, 1, 1, 1, 1, 1, 1, ] | algo = [0, 0, 0, 0, 0, 0, 0, ] | rc = [18, 18, 18, 16, 8, 0, 0] | gpus = [2, 1, 1, 1, 1, 1, 1] | micro_bs = 4 | time = [9611, 12680, 12967, 13247, 12539, 11621, 13949] | memory = [21230, 24422, 21329, 20480, 24491, 20046, 10653]
>>>> [CONFIG: target(6), prim(dec_op)]
|13024.11|24491.35| op = [163, 113, 106, 117, 118, 132, 86]| tp = [1, 1, 1, 1, 1, 1, 1, ] | dp = [2, 1, 1, 1, 1, 1, 1, ] | algo = [0, 0, 0, 0, 0, 0, 0, ] | rc = [26, 16, 16, 16, 8, 0, 0] | gpus = [2, 1, 1, 1, 1, 1, 1] | micro_bs = 4 | time = [11516, 11751, 11963, 13024, 12538, 12744, 12824] | memory = [20151, 22838, 20004, 20372, 24491, 22022, 9640]

[ Trial 7 ] |13024.11|24491.35| op = [163, 113, 106, 117, 118, 132, 86]| tp = [1, 1, 1, 1, 1, 1, 1, ] | dp = [2, 1, 1, 1, 1, 1, 1, ] | algo = [0, 0, 0, 0, 0, 0, 0, ] | rc = [26, 16, 16, 16, 8, 0, 0] | gpus = [2, 1, 1, 1, 1, 1, 1] | micro_bs = 4 | time = [11516, 11751, 11963, 13024, 12538, 12744, 12824] | memory = [20151, 22838, 20004, 20372, 24491, 22022, 9640]
>>>> [CONFIG: target(3), prim(dec_op)]
|12819.81|24515.35| op = [163, 113, 108, 115, 119, 131, 86]| tp = [1, 1, 1, 1, 1, 1, 1, ] | dp = [2, 1, 1, 1, 1, 1, 1, ] | algo = [0, 0, 0, 0, 0, 0, 0, ] | rc = [26, 16, 18, 12, 8, 0, 0] | gpus = [2, 1, 1, 1, 1, 1, 1] | micro_bs = 4 | time = [11511, 11746, 12274, 12004, 12452, 12298, 12819] | memory = [20151, 22838, 20044, 21620, 24515, 21494, 9640]

[ Trial 8 ] |12819.81|24515.35| op = [163, 113, 108, 115, 119, 131, 86]| tp = [1, 1, 1, 1, 1, 1, 1, ] | dp = [2, 1, 1, 1, 1, 1, 1, ] | algo = [0, 0, 0, 0, 0, 0, 0, ] | rc = [26, 16, 18, 12, 8, 0, 0] | gpus = [2, 1, 1, 1, 1, 1, 1] | micro_bs = 4 | time = [11511, 11746, 12274, 12004, 12452, 12298, 12819] | memory = [20151, 22838, 20044, 21620, 24515, 21494, 9640]
>>>> [CONFIG: target(6), prim(inc_mbs)]
|13500.30|26941.50| op = [163, 113, 108, 115, 119, 131, 86]| tp = [1, 1, 1, 1, 1, 1, 1, ] | dp = [2, 1, 1, 1, 1, 1, 1, ] | algo = [0, 0, 0, 0, 0, 0, 0, ] | rc = [42, 30, 32, 24, 22, 20, 0] | gpus = [2, 1, 1, 1, 1, 1, 1] | micro_bs = 8 | time = [9997, 12250, 12691, 12511, 13175, 13500, 12483] | memory = [26787, 26941, 26778, 25913, 26838, 20617, 18561]
>>>> [CONFIG: target(5), prim(dec_op)]
|13504.71|26723.93| op = [175, 104, 109, 113, 117, 131, 86]| tp = [1, 1, 1, 1, 1, 1, 1, ] | dp = [2, 1, 1, 1, 1, 1, 1, ] | algo = [0, 0, 0, 0, 0, 0, 0, ] | rc = [49, 45, 28, 26, 18, 20, 0] | gpus = [2, 1, 1, 1, 1, 1, 1] | micro_bs = 8 | time = [10983, 12864, 12442, 12712, 12204, 13504, 12487] | memory = [26723, 26700, 25318, 25668, 26278, 20617, 18561]
>>>> [CONFIG: target(5), prim(inc_dp)]
|21886.58|26973.31| op = [175, 104, 109, 113, 117, 131, 86]| tp = [1, 1, 1, 1, 1, 1, 1, ] | dp = [1, 1, 1, 1, 1, 2, 1, ] | algo = [0, 0, 0, 0, 0, 0, 0, ] | rc = [130, 45, 28, 26, 18, 0, 0] | gpus = [1, 1, 1, 1, 1, 2, 1] | micro_bs = 8 | time = [21886, 12895, 12473, 12744, 12236, 6645, 12519] | memory = [26973, 26700, 25318, 25668, 26278, 21494, 18561]
>>>> [CONFIG: target(0), prim(dec_op)]
|12465.68|26888.00| op = [107, 104, 104, 106, 105, 223, 86]| tp = [1, 1, 1, 1, 1, 1, 1, ] | dp = [1, 1, 1, 1, 1, 2, 1, ] | algo = [0, 0, 0, 0, 0, 0, 0, ] | rc = [30, 28, 28, 22, 21, 24, 0] | gpus = [1, 1, 1, 1, 1, 2, 1] | micro_bs = 8 | time = [12212, 11856, 11621, 11999, 12070, 11991, 12465] | memory = [26275, 25740, 26698, 26888, 26214, 22888, 18561]

[ Trial 9 ] |12465.68|26888.00| op = [107, 104, 104, 106, 105, 223, 86]| tp = [1, 1, 1, 1, 1, 1, 1, ] | dp = [1, 1, 1, 1, 1, 2, 1, ] | algo = [0, 0, 0, 0, 0, 0, 0, ] | rc = [30, 28, 28, 22, 21, 24, 0] | gpus = [1, 1, 1, 1, 1, 2, 1] | micro_bs = 8 | time = [12212, 11856, 11621, 11999, 12070, 11991, 12465] | memory = [26275, 25740, 26698, 26888, 26214, 22888, 18561]
>>>> [CONFIG: target(6), prim(inc_dp)]
|23965.64|26888.00| op = [107, 104, 104, 106, 105, 223, 86]| tp = [1, 1, 1, 1, 1, 1, 1, ] | dp = [1, 1, 1, 1, 1, 1, 2, ] | algo = [0, 0, 0, 0, 0, 0, 0, ] | rc = [30, 28, 28, 22, 21, 48, 0] | gpus = [1, 1, 1, 1, 1, 1, 2] | micro_bs = 8 | time = [12261, 11905, 11670, 12049, 12119, 23965, 6901] | memory = [26275, 25740, 26698, 26888, 26214, 26780, 9640]
>>>> [CONFIG: target(5), prim(dec_op)]
|12053.37|26884.50| op = [104, 102, 105, 108, 106, 115, 195]| tp = [1, 1, 1, 1, 1, 1, 1, ] | dp = [1, 1, 1, 1, 1, 1, 2, ] | algo = [0, 0, 0, 0, 0, 0, 0, ] | rc = [30, 28, 26, 24, 16, 16, 0] | gpus = [1, 1, 1, 1, 1, 1, 2] | micro_bs = 8 | time = [12053, 11741, 11758, 11501, 11529, 11921, 11958] | memory = [25646, 25052, 25178, 26884, 25414, 21204, 18765]

[ Trial 10 ] |12053.37|26884.50| op = [104, 102, 105, 108, 106, 115, 195]| tp = [1, 1, 1, 1, 1, 1, 1, ] | dp = [1, 1, 1, 1, 1, 1, 2, ] | algo = [0, 0, 0, 0, 0, 0, 0, ] | rc = [30, 28, 26, 24, 16, 16, 0] | gpus = [1, 1, 1, 1, 1, 1, 2] | micro_bs = 8 | time = [12053, 11741, 11758, 11501, 11529, 11921, 11958] | memory = [25646, 25052, 25178, 26884, 25414, 21204, 18765]
>>>> [CONFIG: target(0), prim(dec_mbs)]
|14425.24|26146.98| op = [104, 102, 105, 108, 106, 115, 195]| tp = [1, 1, 1, 1, 1, 1, 1, ] | dp = [1, 1, 1, 1, 1, 1, 2, ] | algo = [0, 0, 0, 0, 0, 0, 0, ] | rc = [16, 16, 16, 10, 0, 0, 0] | gpus = [1, 1, 1, 1, 1, 1, 2] | micro_bs = 4 | time = [11422, 11223, 11412, 11035, 10529, 10979, 14425] | memory = [25511, 21669, 18924, 22608, 26146, 19458, 9936]
>>>> [CONFIG: target(6), prim(dec_dp)]
|23099.24|26146.98| op = [104, 102, 105, 108, 106, 115, 195]| tp = [1, 1, 1, 1, 1, 1, 1, ] | dp = [1, 2, 1, 1, 1, 1, 1, ] | algo = [0, 0, 0, 0, 0, 0, 0, ] | rc = [16, 0, 16, 10, 0, 0, 0] | gpus = [1, 2, 1, 1, 1, 1, 1] | micro_bs = 4 | time = [11438, 6518, 11427, 11051, 10544, 10994, 23099] | memory = [25511, 24554, 18924, 22608, 26146, 19458, 18765]
>>>> [CONFIG: target(6), prim(dec_op)]
|16404.65|25511.16| op = [104, 102, 105, 111, 138, 149, 126]| tp = [1, 1, 1, 1, 1, 1, 1, ] | dp = [1, 2, 1, 1, 1, 1, 1, ] | algo = [0, 0, 0, 0, 0, 0, 0, ] | rc = [16, 0, 16, 14, 10, 0, 0] | gpus = [1, 2, 1, 1, 1, 1, 1] | micro_bs = 4 | time = [11442, 6522, 11432, 12240, 13883, 14338, 16404] | memory = [25511, 24554, 18924, 21328, 24431, 25230, 12749]
>>>> [CONFIG: target(6), prim(inc_dp)]
|14332.57|25511.16| op = [104, 102, 105, 111, 138, 149, 126]| tp = [1, 1, 1, 1, 1, 1, 1, ] | dp = [1, 1, 1, 1, 1, 1, 2, ] | algo = [0, 0, 0, 0, 0, 0, 0, ] | rc = [16, 16, 16, 14, 10, 0, 0] | gpus = [1, 1, 1, 1, 1, 1, 2] | micro_bs = 4 | time = [11436, 11237, 11426, 12234, 13877, 14332, 10142] | memory = [25511, 21669, 18924, 21328, 24431, 25230, 6808]
>>>> [CONFIG: target(5), prim(inc_mbs)]
|15778.08|26971.88| op = [104, 102, 105, 111, 138, 149, 126]| tp = [1, 1, 1, 1, 1, 1, 1, ] | dp = [1, 1, 1, 1, 1, 1, 2, ] | algo = [0, 0, 0, 0, 0, 0, 0, ] | rc = [30, 28, 26, 29, 26, 24, 0] | gpus = [1, 1, 1, 1, 1, 1, 2] | micro_bs = 8 | time = [12092, 11780, 11797, 13016, 14619, 15778, 8661] | memory = [25646, 25052, 25178, 25860, 26971, 23425, 12749]
>>>> [CONFIG: target(5), prim(dec_op)]
|12069.79|26884.50| op = [104, 102, 105, 108, 115, 113, 188]| tp = [1, 1, 1, 1, 1, 1, 1, ] | dp = [1, 1, 1, 1, 1, 1, 2, ] | algo = [0, 0, 0, 0, 0, 0, 0, ] | rc = [30, 28, 26, 24, 18, 16, 0] | gpus = [1, 1, 1, 1, 1, 1, 2] | micro_bs = 8 | time = [12053, 11741, 11758, 11501, 12069, 11811, 11522] | memory = [25646, 25052, 25178, 26884, 26170, 20804, 17877]
>>>> [CONFIG: target(4), prim(dec_op)]
|12052.15|26884.50| op = [104, 102, 105, 108, 111, 112, 193]| tp = [1, 1, 1, 1, 1, 1, 1, ] | dp = [1, 1, 1, 1, 1, 1, 2, ] | algo = [0, 0, 0, 0, 0, 0, 0, ] | rc = [30, 28, 26, 24, 18, 12, 0] | gpus = [1, 1, 1, 1, 1, 1, 2] | micro_bs = 8 | time = [12052, 11740, 11756, 11500, 11898, 11455, 11895] | memory = [25646, 25052, 25178, 26884, 25634, 23360, 18749]

[ Trial 11 ] |12052.15|26884.50| op = [104, 102, 105, 108, 111, 112, 193]| tp = [1, 1, 1, 1, 1, 1, 1, ] | dp = [1, 1, 1, 1, 1, 1, 2, ] | algo = [0, 0, 0, 0, 0, 0, 0, ] | rc = [30, 28, 26, 24, 18, 12, 0] | gpus = [1, 1, 1, 1, 1, 1, 2] | micro_bs = 8 | time = [12052, 11740, 11756, 11500, 11898, 11455, 11895] | memory = [25646, 25052, 25178, 26884, 25634, 23360, 18749]
>>>> [CONFIG: target(0), prim(dec_op)]
|11899.18|26884.50| op = [101, 105, 105, 108, 111, 112, 193]| tp = [1, 1, 1, 1, 1, 1, 1, ] | dp = [1, 1, 1, 1, 1, 1, 2, ] | algo = [0, 0, 0, 0, 0, 0, 0, ] | rc = [30, 28, 26, 24, 18, 12, 0] | gpus = [1, 1, 1, 1, 1, 1, 2] | micro_bs = 8 | time = [11893, 11899, 11756, 11500, 11898, 11455, 11895] | memory = [24606, 25948, 25178, 26884, 25634, 23360, 18749]

[ Trial 12 ] |11899.18|26884.50| op = [101, 105, 105, 108, 111, 112, 193]| tp = [1, 1, 1, 1, 1, 1, 1, ] | dp = [1, 1, 1, 1, 1, 1, 2, ] | algo = [0, 0, 0, 0, 0, 0, 0, ] | rc = [30, 28, 26, 24, 18, 12, 0] | gpus = [1, 1, 1, 1, 1, 1, 2] | micro_bs = 8 | time = [11893, 11899, 11756, 11500, 11898, 11455, 11895] | memory = [24606, 25948, 25178, 26884, 25634, 23360, 18749]
>>>> [CONFIG: target(0), prim(dec_op)]
|11895.51|26884.50| op = [99, 106, 106, 108, 109, 114, 193]| tp = [1, 1, 1, 1, 1, 1, 1, ] | dp = [1, 1, 1, 1, 1, 1, 2, ] | algo = [0, 0, 0, 0, 0, 0, 0, ] | rc = [30, 28, 26, 24, 18, 12, 0] | gpus = [1, 1, 1, 1, 1, 1, 2] | micro_bs = 8 | time = [11845, 11854, 11787, 11499, 11850, 11502, 11895] | memory = [24325, 25788, 25274, 26884, 25514, 23440, 18749]

[ Trial 13 ] |11895.51|26884.50| op = [99, 106, 106, 108, 109, 114, 193]| tp = [1, 1, 1, 1, 1, 1, 1, ] | dp = [1, 1, 1, 1, 1, 1, 2, ] | algo = [0, 0, 0, 0, 0, 0, 0, ] | rc = [30, 28, 26, 24, 18, 12, 0] | gpus = [1, 1, 1, 1, 1, 1, 2] | micro_bs = 8 | time = [11845, 11854, 11787, 11499, 11850, 11502, 11895] | memory = [24325, 25788, 25274, 26884, 25514, 23440, 18749]
>>>> [CONFIG: target(6), prim(dec_dp)]
|24237.98|26884.50| op = [99, 106, 106, 108, 109, 114, 193]| tp = [1, 1, 1, 1, 1, 1, 1, ] | dp = [1, 1, 1, 1, 2, 1, 1, ] | algo = [0, 0, 0, 0, 0, 0, 0, ] | rc = [30, 28, 26, 24, 2, 12, 26] | gpus = [1, 1, 1, 1, 2, 1, 1] | micro_bs = 8 | time = [11895, 11904, 11836, 11549, 5926, 11552, 24237] | memory = [24325, 25788, 25274, 26884, 26774, 23440, 22567]
>>>> [CONFIG: target(6), prim(dec_mbs)]
|22980.95|24834.73| op = [99, 106, 106, 108, 109, 114, 193]| tp = [1, 1, 1, 1, 1, 1, 1, ] | dp = [1, 1, 1, 1, 2, 1, 1, ] | algo = [0, 0, 0, 0, 0, 0, 0, ] | rc = [16, 16, 16, 10, 0, 0, 0] | gpus = [1, 1, 1, 1, 2, 1, 1] | micro_bs = 4 | time = [11207, 11377, 11461, 11054, 7062, 10916, 22980] | memory = [24834, 22046, 18980, 22608, 14157, 18270, 18749]
>>>> [CONFIG: target(6), prim(dec_op)]
|12841.13|24834.73| op = [99, 106, 106, 108, 199, 130, 87]| tp = [1, 1, 1, 1, 1, 1, 1, ] | dp = [1, 1, 1, 1, 2, 1, 1, ] | algo = [0, 0, 0, 0, 0, 0, 0, ] | rc = [16, 16, 16, 10, 0, 0, 0] | gpus = [1, 1, 1, 1, 2, 1, 1] | micro_bs = 4 | time = [11194, 11364, 11448, 11041, 12386, 12257, 12841] | memory = [24834, 22046, 18980, 22608, 24810, 21474, 9652]
>>>> [CONFIG: target(6), prim(inc_tp)]
|21835.73|24834.73| op = [99, 106, 106, 108, 199, 130, 87]| tp = [1, 1, 1, 1, 1, 1, 2, ] | dp = [1, 1, 1, 1, 1, 1, 1, ] | algo = [0, 0, 0, 0, 0, 0, 0, ] | rc = [16, 16, 16, 10, 32, 0, 0] | gpus = [1, 1, 1, 1, 1, 1, 2] | micro_bs = 4 | time = [11246, 11416, 11500, 11093, 21835, 12309, 16832] | memory = [24834, 22046, 18980, 22608, 21829, 21474, 5030]
>>>> [CONFIG: target(4), prim(dec_op)]
|17842.74|26711.10| op = [99, 106, 106, 108, 166, 163, 87]| tp = [1, 1, 1, 1, 1, 1, 2, ] | dp = [1, 1, 1, 1, 1, 1, 1, ] | algo = [0, 0, 0, 0, 0, 0, 0, ] | rc = [16, 16, 16, 10, 24, 2, 0] | gpus = [1, 1, 1, 1, 1, 1, 2] | micro_bs = 4 | time = [11244, 11414, 11498, 11091, 17842, 15768, 16830] | memory = [24834, 22046, 18980, 22608, 20076, 26711, 5030]
>>>> [CONFIG: target(4), prim(inc_mbs)]
|18198.09|26997.38| op = [99, 106, 106, 108, 166, 163, 87]| tp = [1, 1, 1, 1, 1, 1, 1, ] | dp = [1, 1, 1, 1, 1, 1, 2, ] | algo = [0, 0, 0, 0, 0, 0, 0, ] | rc = [30, 28, 26, 24, 42, 26, 0] | gpus = [1, 1, 1, 1, 1, 1, 2] | micro_bs = 8 | time = [11898, 11907, 11840, 11553, 18198, 17094, 6905] | memory = [24325, 25788, 25274, 26884, 26997, 25186, 9652]
>>>> [CONFIG: target(4), prim(dec_op)]
|11895.51|26884.50| op = [99, 106, 106, 108, 108, 115, 193]| tp = [1, 1, 1, 1, 1, 1, 1, ] | dp = [1, 1, 1, 1, 1, 1, 2, ] | algo = [0, 0, 0, 0, 0, 0, 0, ] | rc = [30, 28, 26, 24, 18, 12, 0] | gpus = [1, 1, 1, 1, 1, 1, 2] | micro_bs = 8 | time = [11845, 11854, 11787, 11499, 11826, 11526, 11895] | memory = [24325, 25788, 25274, 26884, 25462, 23476, 18749]

num_targets: [1, 1, 1, 1, 1, 1, 1, 1, 1, 1, 1, 1, 4, 1]
num_hops: [1, 2, 1, 2, 2, 3, 1, 1, 4, 2, 7, 1, 1, 7]
search time = 200.06 s.  [0, 1, 2, 3, 4, 5, 6, 7, 8, 9, 10, 13, 14, 96, 124, 209] 
num_explored_cases = 12294
time trend: [32336, 31787, 19613, 15473, 14828, 14786, 13949, 13024, 12819, 12465, 12053, 12052, 11899, 11895, 11895, 11895]

# of stages	est_iteration_time(s)	est_thpt(samples/s)	est_mem(MB)	# of explored cases
4          	11.69                	87.57              	26936      	13814              

overall search time: 200.15 s
