------------------------ arguments ------------------------
  adaptive_hyper_parameters ....................... 5
  add_action_finetune_algo ........................ False
  add_action_finetune_dim ......................... False
  add_action_tp_dp_exchange ....................... False
  add_action_tune_tp_dp ........................... False
  check_recompute_with_group ...................... False
  config_save_path ................................ /home/liminglong.lml/sxz/SuperScaler/logs-large/aceso/configs/gpt/2_6B/
  config_suffix ................................... 2026-5-14-5-58-20
  consider_collective_memory ...................... False
  consider_reserved_space ......................... True
  consider_shared_space ........................... True
  continue_when_fail .............................. True
  decoder_seq_len ................................. 512
  end_num_stages .................................. 8
  finetune_after_trial ............................ 0
  finetune_tp_dp_after_trial ...................... False
  flex_recompute .................................. True
  forbid_turn_back ................................ False
  global_batch_size ............................... 1024
  high_memory_rate ................................ 0.9
  init_dim ........................................ tp
  initial_point ................................... balance
  log_path ........................................ /home/liminglong.lml/sxz/SuperScaler/logs-large/aceso/search/gpt/2_6B/
  max_num_hops .................................... 7
  max_num_trials .................................. 100
  max_op_move_steps ............................... 5
  max_tp .......................................... 8
  memory_limit .................................... 28000
  memory_main_params .............................. 2
  memory_optimizer ................................ 4
  memory_pred_type ................................ MAX
  micro_batch_size ................................ [1, 2, 4, 8]
  min_mbs ......................................... 1
  model_name ...................................... gpt
  model_size ...................................... 2_6B
  multi_process ................................... True
  num_algos ....................................... 2
  num_gpus ........................................ 8
  num_gpus_per_node ............................... 8
  num_layers ...................................... 32
  num_nodes ....................................... 1
  num_of_saved_configs ............................ 3
  num_partners_in_op_mig .......................... 1
  only_top_1_target ............................... False
  op_group_size ................................... 1
  peak_mem_in_backward ............................ 0
  predict_delta_time .............................. False
  print_debug_info ................................ False
  print_gpu_mig_details ........................... False
  print_move_op_details ........................... False
  print_recomp_debug_info ......................... False
  print_recompute_ops ............................. False
  profiled_time_path .............................. /home/liminglong.lml/sxz/SuperScaler/profiler/profiled-time-eurosys/
  random_order_actions ............................ False
  resharding ...................................... True
  save_to_csv ..................................... None
  seq_len ......................................... 2048
  simple_prim_mbs ................................. False
  simple_prim_mig ................................. False
  sort_metric ..................................... max_stage_time
  start_num_stages ................................ 1
  support_comm_predict ............................ False
  time_budget_per_trial ........................... 200
  time_budget_total ............................... 200
-------------------- end of arguments ---------------------
working on num_stages = 1
config has been saved to /home/liminglong.lml/sxz/SuperScaler/logs-large/aceso/configs/gpt/2_6B/gpt_2_6B_1stages_2026-5-14-5-58-20.json

========== Best Result (num_stages = 1) ==========
|100287.13|27987.07| op = [419]| tp = [2, ] | dp = [4, ] | algo = [0, ] | rc = [201] | gpus = [8] | micro_bs = 4 | time = [100287] | memory = [27987]
start|342902.23|12186.57| op = [419]| tp = [8, ] | dp = [1, ] | algo = [0, ] | rc = [0] | gpus = [8] | micro_bs = 1 | time = [342902] | memory = [12186]

[ Trial 0 ] |342902.23|12186.57| op = [419]| tp = [8, ] | dp = [1, ] | algo = [0, ] | rc = [0] | gpus = [8] | micro_bs = 1 | time = [342902] | memory = [12186]
>>>> [CONFIG: target(0), prim(inc_mbs)]
|173578.33|21997.09| op = [419]| tp = [4, ] | dp = [2, ] | algo = [0, ] | rc = [0] | gpus = [8] | micro_bs = 2 | time = [173578] | memory = [21997]

[ Trial 1 ] |173578.33|21997.09| op = [419]| tp = [4, ] | dp = [2, ] | algo = [0, ] | rc = [0] | gpus = [8] | micro_bs = 2 | time = [173578] | memory = [21997]
>>>> [CONFIG: target(0), prim(inc_mbs)]
|100287.13|27987.07| op = [419]| tp = [2, ] | dp = [4, ] | algo = [0, ] | rc = [201] | gpus = [8] | micro_bs = 4 | time = [100287] | memory = [27987]

num_targets: [1, 1]
num_hops: [1, 1]
search time = 0.34 s.  [0, 1, 2, 3, 4, 5, 6, 7, 8, 9, 10, 11, 12, 13, 14, 15, 16, 17, 18, 19, 20, 21, 22, 23] 
num_explored_cases = 46
time trend: [342902, 173578, 100287, 100287, 100287, 100287, 100287, 100287, 100287, 112684, 112684, 112684, 112684, 112684, 173578, 173578, 173578, 173578, 173578, 342902, 342902, 342902, 342902, 342902]

working on num_stages = 2
config has been saved to /home/liminglong.lml/sxz/SuperScaler/logs-large/aceso/configs/gpt/2_6B/gpt_2_6B_2stages_2026-5-14-5-58-20.json

========== Best Result (num_stages = 2) ==========
|42228.35|27967.56| op = [208, 211]| tp = [1, 1, ] | dp = [4, 4, ] | algo = [0, 0, ] | rc = [144, 74] | gpus = [4, 4] | micro_bs = 4 | time = [42228, 40925] | memory = [27844, 27967]
start|175302.94|15939.58| op = [209, 210]| tp = [4, 4, ] | dp = [1, 1, ] | algo = [0, 0, ] | rc = [0, 0] | gpus = [4, 4] | micro_bs = 1 | time = [172692, 175302] | memory = [15939, 11011]

[ Trial 0 ] |175302.94|15939.58| op = [209, 210]| tp = [4, 4, ] | dp = [1, 1, ] | algo = [0, 0, ] | rc = [0, 0] | gpus = [4, 4] | micro_bs = 1 | time = [172692, 175302] | memory = [15939, 11011]
>>>> [CONFIG: target(1), prim(inc_mbs)]
|92123.63|27502.08| op = [209, 210]| tp = [2, 2, ] | dp = [2, 2, ] | algo = [0, 0, ] | rc = [8, 0] | gpus = [4, 4] | micro_bs = 2 | time = [90605, 92123] | memory = [27502, 20881]

[ Trial 1 ] |92123.63|27502.08| op = [209, 210]| tp = [2, 2, ] | dp = [2, 2, ] | algo = [0, 0, ] | rc = [8, 0] | gpus = [4, 4] | micro_bs = 2 | time = [90605, 92123] | memory = [27502, 20881]
>>>> [CONFIG: target(1), prim(inc_mbs)]
|42249.12|27982.55| op = [209, 210]| tp = [1, 1, ] | dp = [4, 4, ] | algo = [0, 0, ] | rc = [144, 72] | gpus = [4, 4] | micro_bs = 4 | time = [42249, 40766] | memory = [27874, 27982]

[ Trial 2 ] |42249.12|27982.55| op = [209, 210]| tp = [1, 1, ] | dp = [4, 4, ] | algo = [0, 0, ] | rc = [144, 72] | gpus = [4, 4] | micro_bs = 4 | time = [42249, 40766] | memory = [27874, 27982]
>>>> [CONFIG: target(0), prim(inc_mbs)]
|45301.63|27224.18| op = [209, 210]| tp = [1, 1, ] | dp = [4, 4, ] | algo = [0, 0, ] | rc = [207, 208] | gpus = [4, 4] | micro_bs = 8 | time = [43044, 45301] | memory = [27044, 27224]
>>>> [CONFIG: target(1), prim(dec_op)]
|44665.09|27398.64| op = [213, 206]| tp = [1, 1, ] | dp = [4, 4, ] | algo = [0, 0, ] | rc = [211, 205] | gpus = [4, 4] | micro_bs = 8 | time = [44230, 44665] | memory = [27381, 27398]
>>>> [CONFIG: target(1), prim(dec_mbs)]
|43876.29|27991.04| op = [213, 206]| tp = [1, 1, ] | dp = [4, 4, ] | algo = [0, 0, ] | rc = [168, 64] | gpus = [4, 4] | micro_bs = 4 | time = [43876, 39798] | memory = [27966, 27991]
>>>> [CONFIG: target(0), prim(dec_mbs)]
|92887.64|26824.86| op = [213, 206]| tp = [2, 2, ] | dp = [2, 2, ] | algo = [0, 0, ] | rc = [12, 0] | gpus = [4, 4] | micro_bs = 2 | time = [92887, 90720] | memory = [26824, 20692]
>>>> [CONFIG: target(0), prim(dec_op)]
|92000.36|27144.86| op = [211, 208]| tp = [2, 2, ] | dp = [2, 2, ] | algo = [0, 0, ] | rc = [10, 0] | gpus = [4, 4] | micro_bs = 2 | time = [92000, 91022] | memory = [27144, 20702]
>>>> [CONFIG: target(0), prim(inc_mbs)]
|43208.23|27971.04| op = [211, 208]| tp = [1, 1, ] | dp = [4, 4, ] | algo = [0, 0, ] | rc = [171, 66] | gpus = [4, 4] | micro_bs = 4 | time = [43208, 40058] | memory = [27946, 27971]
>>>> [CONFIG: target(0), prim(inc_mbs)]
|44937.61|27501.66| op = [211, 208]| tp = [1, 1, ] | dp = [4, 4, ] | algo = [0, 0, ] | rc = [209, 207] | gpus = [4, 4] | micro_bs = 8 | time = [43479, 44937] | memory = [27501, 26926]

[ Trial 3 ] |44937.61|27501.66| op = [211, 208]| tp = [1, 1, ] | dp = [4, 4, ] | algo = [0, 0, ] | rc = [209, 207] | gpus = [4, 4] | micro_bs = 8 | time = [43479, 44937] | memory = [27501, 26926]
>>>> [CONFIG: target(1), prim(dec_op)]
|44564.67|29685.66| op = [214, 205]| tp = [1, 1, ] | dp = [4, 4, ] | algo = [0, 0, ] | rc = [212, 203] | gpus = [4, 4] | micro_bs = 8 | time = [44564, 44271] | memory = [29685, 27418]
>>>> [CONFIG: target(0), prim(dec_mbs)]
|46589.67|27991.04| op = [214, 205]| tp = [1, 1, ] | dp = [4, 4, ] | algo = [0, 0, ] | rc = [212, 62] | gpus = [4, 4] | micro_bs = 4 | time = [46589, 39403] | memory = [26983, 27991]
>>>> [CONFIG: target(0), prim(inc_mbs)]
|91975.71|27418.64| op = [214, 205]| tp = [2, 1, ] | dp = [2, 4, ] | algo = [0, 0, ] | rc = [146, 203] | gpus = [4, 4] | micro_bs = 8 | time = [91975, 44641] | memory = [26780, 27418]
>>>> [CONFIG: target(0), prim(dec_op)]
|59670.35|33826.64| op = [146, 273]| tp = [2, 1, ] | dp = [2, 4, ] | algo = [0, 0, ] | rc = [36, 273] | gpus = [4, 4] | micro_bs = 8 | time = [59670, 59526] | memory = [27913, 33826]
>>>> [CONFIG: target(1), prim(dec_op)]
|88365.32|27968.17| op = [208, 211]| tp = [2, 1, ] | dp = [2, 4, ] | algo = [0, 0, ] | rc = [105, 210] | gpus = [4, 4] | micro_bs = 8 | time = [88365, 45713] | memory = [27968, 27254]
>>>> [CONFIG: target(0), prim(dec_mbs)]
|42228.35|27967.56| op = [208, 211]| tp = [1, 1, ] | dp = [4, 4, ] | algo = [0, 0, ] | rc = [144, 74] | gpus = [4, 4] | micro_bs = 4 | time = [42228, 40925] | memory = [27844, 27967]

num_targets: [1, 1, 1]
num_hops: [1, 1, 6]
search time = 11.96 s.  [0, 1, 2, 3, 4, 5, 6, 7, 8, 9, 10, 11, 12, 13, 14, 15, 16, 17, 18, 19, 20, 21, 22, 23, 24, 25, 26, 27, 28, 29, 30, 31, 32, 33, 34, 35, 36, 37, 38, 39, 40, 41, 42, 43, 44, 45, 46, 47, 48, 49, 50, 51, 52, 53, 54, 55, 56, 57, 58, 59, 60, 64, 65, 66, 67, 68, 69, 70, 71, 72, 73, 74, 75, 76, 77, 78, 79, 80, 81, 82, 83, 84, 85, 86, 87, 88, 89, 90, 91, 92, 93, 94, 95, 96, 97, 98, 99, 100, 101, 102, 103] 
num_explored_cases = 1264
time trend: [175302, 92123, 42249, 42249, 42228, 42228, 42228, 42228, 42228, 42228, 42228, 42249, 42249, 42249, 42249, 42249, 42287, 42287, 42287, 42287, 42287, 43208, 43208, 43208, 43208, 43208, 43876, 43876, 43876, 43876, 43876, 44665, 44665, 44665, 44665, 44665, 44937, 44937, 44937, 44937, 44937, 45286, 45286, 45286, 45286, 45286, 45301, 45301, 45301, 45301, 45301, 45359, 45359, 45359, 45359, 45359, 46589, 46589, 46589, 46589, 46589, 44622, 44239, 44239, 44239, 44239, 44239, 44239, 44542, 44542, 44542, 44542, 44542, 44622, 44622, 44622, 44622, 44622, 44508, 44508, 44508, 44508, 44508, 44508, 44649, 44649, 44649, 44649, 44649, 44722, 44722, 44722, 44722, 50099, 50099, 50099, 50099, 50099, 75391, 75391, 75391]

working on num_stages = 8
config has been saved to /home/liminglong.lml/sxz/SuperScaler/logs-large/aceso/configs/gpt/2_6B/gpt_2_6B_8stages_2026-5-14-5-58-20.json

========== Best Result (num_stages = 8) ==========
|36175.64|27995.82| op = [49, 50, 55, 57, 54, 55, 57, 42]| tp = [1, 1, 1, 1, 1, 1, 1, 1, ] | dp = [1, 1, 1, 1, 1, 1, 1, 1, ] | algo = [0, 0, 0, 0, 0, 0, 0, 0, ] | rc = [8, 6, 4, 0, 0, 0, 0, 0] | gpus = [1, 1, 1, 1, 1, 1, 1, 1] | micro_bs = 1 | time = [33901, 34879, 36082, 36175, 35498, 35925, 35961, 34962] | memory = [21497, 23141, 25182, 27995, 23616, 21060, 15326, 10391]
start|42980.60|26620.67| op = [52, 52, 52, 52, 52, 52, 52, 55]| tp = [1, 1, 1, 1, 1, 1, 1, 1, ] | dp = [1, 1, 1, 1, 1, 1, 1, 1, ] | algo = [0, 0, 0, 0, 0, 0, 0, 0, ] | rc = [8, 6, 4, 0, 0, 0, 0, 0] | gpus = [1, 1, 1, 1, 1, 1, 1, 1] | micro_bs = 1 | time = [36704, 35115, 34381, 32914, 32914, 32914, 32914, 42980] | memory = [23017, 23316, 24392, 26620, 22512, 18404, 14296, 12613]

[ Trial 0 ] |42980.60|26620.67| op = [52, 52, 52, 52, 52, 52, 52, 55]| tp = [1, 1, 1, 1, 1, 1, 1, 1, ] | dp = [1, 1, 1, 1, 1, 1, 1, 1, ] | algo = [0, 0, 0, 0, 0, 0, 0, 0, ] | rc = [8, 6, 4, 0, 0, 0, 0, 0] | gpus = [1, 1, 1, 1, 1, 1, 1, 1] | micro_bs = 1 | time = [36704, 35115, 34381, 32914, 32914, 32914, 32914, 42980] | memory = [23017, 23316, 24392, 26620, 22512, 18404, 14296, 12613]
>>>> [CONFIG: target(7), prim(inc_mbs)]
|41224.90|27601.52| op = [52, 52, 52, 52, 52, 52, 52, 55]| tp = [1, 1, 1, 1, 1, 1, 1, 1, ] | dp = [1, 1, 1, 1, 1, 1, 1, 1, ] | algo = [0, 0, 0, 0, 0, 0, 0, 0, ] | rc = [14, 12, 10, 8, 8, 4, 0, 0] | gpus = [1, 1, 1, 1, 1, 1, 1, 1] | micro_bs = 2 | time = [36651, 35511, 34909, 34307, 34307, 32882, 31457, 41224] | memory = [27362, 27113, 27601, 26553, 22945, 26248, 23792, 18446]

[ Trial 4 ] |41224.90|27601.52| op = [52, 52, 52, 52, 52, 52, 52, 55]| tp = [1, 1, 1, 1, 1, 1, 1, 1, ] | dp = [1, 1, 1, 1, 1, 1, 1, 1, ] | algo = [0, 0, 0, 0, 0, 0, 0, 0, ] | rc = [14, 12, 10, 8, 8, 4, 0, 0] | gpus = [1, 1, 1, 1, 1, 1, 1, 1] | micro_bs = 2 | time = [36651, 35511, 34909, 34307, 34307, 32882, 31457, 41224] | memory = [27362, 27113, 27601, 26553, 22945, 26248, 23792, 18446]
>>>> [CONFIG: target(7), prim(dec_op)]
|36345.49|27961.61| op = [51, 51, 52, 53, 52, 53, 62, 45]| tp = [1, 1, 1, 1, 1, 1, 1, 1, ] | dp = [1, 1, 1, 1, 1, 1, 1, 1, ] | algo = [0, 0, 0, 0, 0, 0, 0, 0, ] | rc = [14, 12, 10, 8, 8, 6, 0, 0] | gpus = [1, 1, 1, 1, 1, 1, 1, 1] | micro_bs = 2 | time = [35550, 35625, 35220, 34815, 34618, 35011, 36345, 36345] | memory = [26802, 26973, 27961, 27253, 23184, 23432, 27920, 16182]
>>>> [CONFIG: target(7), prim(inc_mbs)]
|42782.41|27971.10| op = [51, 51, 52, 53, 52, 53, 62, 45]| tp = [1, 1, 1, 1, 1, 1, 1, 1, ] | dp = [1, 1, 1, 1, 1, 1, 1, 1, ] | algo = [0, 0, 0, 0, 0, 0, 0, 0, ] | rc = [36, 29, 25, 22, 16, 14, 18, 0] | gpus = [1, 1, 1, 1, 1, 1, 1, 1] | micro_bs = 4 | time = [40841, 41400, 40020, 39212, 37534, 38103, 42782, 36773] | memory = [26890, 27971, 27891, 27850, 26209, 26561, 27921, 25964]
>>>> [CONFIG: target(6), prim(dec_op)]
|41342.80|27850.48| op = [51, 50, 49, 54, 55, 53, 57, 50]| tp = [1, 1, 1, 1, 1, 1, 1, 1, ] | dp = [1, 1, 1, 1, 1, 1, 1, 1, ] | algo = [0, 0, 0, 0, 0, 0, 0, 0, ] | rc = [36, 24, 24, 20, 16, 14, 14, 4] | gpus = [1, 1, 1, 1, 1, 1, 1, 1] | micro_bs = 4 | time = [40840, 38824, 39025, 38798, 38948, 38102, 40480, 41342] | memory = [26890, 27811, 27190, 27850, 27410, 26561, 27781, 27268]
>>>> [CONFIG: target(7), prim(dec_mbs)]
|39503.95|27081.30| op = [51, 50, 49, 54, 55, 53, 57, 50]| tp = [1, 1, 1, 1, 1, 1, 1, 1, ] | dp = [1, 1, 1, 1, 1, 1, 1, 1, ] | algo = [0, 0, 0, 0, 0, 0, 0, 0, ] | rc = [14, 12, 10, 8, 8, 6, 0, 0] | gpus = [1, 1, 1, 1, 1, 1, 1, 1] | micro_bs = 2 | time = [35552, 34174, 34387, 34697, 36026, 35013, 35262, 39503] | memory = [26802, 26013, 27081, 26903, 23985, 23432, 25336, 18036]
>>>> [CONFIG: target(7), prim(dec_mbs)]
|41015.91|26845.64| op = [51, 50, 49, 54, 55, 53, 57, 50]| tp = [1, 1, 1, 1, 1, 1, 1, 1, ] | dp = [1, 1, 1, 1, 1, 1, 1, 1, ] | algo = [0, 0, 0, 0, 0, 0, 0, 0, ] | rc = [8, 6, 4, 0, 0, 0, 0, 0] | gpus = [1, 1, 1, 1, 1, 1, 1, 1] | micro_bs = 1 | time = [35569, 33795, 33778, 33369, 34676, 34400, 36902, 41015] | memory = [22537, 22566, 24082, 26845, 23232, 18924, 15218, 12258]
>>>> [CONFIG: target(7), prim(dec_op)]
|38005.61|26845.64| op = [51, 50, 49, 54, 55, 53, 60, 47]| tp = [1, 1, 1, 1, 1, 1, 1, 1, ] | dp = [1, 1, 1, 1, 1, 1, 1, 1, ] | algo = [0, 0, 0, 0, 0, 0, 0, 0, ] | rc = [8, 6, 4, 0, 0, 0, 0, 0] | gpus = [1, 1, 1, 1, 1, 1, 1, 1] | micro_bs = 1 | time = [35567, 33793, 33776, 33367, 34674, 34398, 37890, 38005] | memory = [22537, 22566, 24082, 26845, 23232, 18924, 16510, 11306]
>>>> [CONFIG: target(7), prim(inc_mbs)]
|36546.39|27820.57| op = [51, 50, 49, 54, 55, 53, 60, 47]| tp = [1, 1, 1, 1, 1, 1, 1, 1, ] | dp = [1, 1, 1, 1, 1, 1, 1, 1, ] | algo = [0, 0, 0, 0, 0, 0, 0, 0, ] | rc = [14, 12, 10, 8, 8, 6, 0, 0] | gpus = [1, 1, 1, 1, 1, 1, 1, 1] | micro_bs = 2 | time = [35548, 34170, 34383, 34693, 36022, 35009, 36140, 36546] | memory = [26802, 26013, 27081, 26903, 23985, 23432, 27820, 16232]

[ Trial 6 ] |36546.39|27820.57| op = [51, 50, 49, 54, 55, 53, 60, 47]| tp = [1, 1, 1, 1, 1, 1, 1, 1, ] | dp = [1, 1, 1, 1, 1, 1, 1, 1, ] | algo = [0, 0, 0, 0, 0, 0, 0, 0, ] | rc = [14, 12, 10, 8, 8, 6, 0, 0] | gpus = [1, 1, 1, 1, 1, 1, 1, 1] | micro_bs = 2 | time = [35548, 34170, 34383, 34693, 36022, 35009, 36140, 36546] | memory = [26802, 26013, 27081, 26903, 23985, 23432, 27820, 16232]
>>>> [CONFIG: target(7), prim(dec_op)]
|36343.53|27920.63| op = [51, 50, 49, 54, 55, 53, 62, 45]| tp = [1, 1, 1, 1, 1, 1, 1, 1, ] | dp = [1, 1, 1, 1, 1, 1, 1, 1, ] | algo = [0, 0, 0, 0, 0, 0, 0, 0, ] | rc = [14, 12, 10, 8, 8, 6, 0, 0] | gpus = [1, 1, 1, 1, 1, 1, 1, 1] | micro_bs = 2 | time = [35548, 34170, 34383, 34693, 36022, 35009, 36343, 36343] | memory = [26802, 26013, 27081, 26903, 23985, 23432, 27920, 16182]
>>>> [CONFIG: target(7), prim(inc_mbs)]
|42772.34|27921.25| op = [51, 50, 49, 54, 55, 53, 62, 45]| tp = [1, 1, 1, 1, 1, 1, 1, 1, ] | dp = [1, 1, 1, 1, 1, 1, 1, 1, ] | algo = [0, 0, 0, 0, 0, 0, 0, 0, ] | rc = [36, 24, 24, 20, 16, 14, 18, 0] | gpus = [1, 1, 1, 1, 1, 1, 1, 1] | micro_bs = 4 | time = [40831, 38815, 39016, 38789, 38939, 38093, 42772, 36763] | memory = [26890, 27811, 27190, 27850, 27410, 26561, 27921, 25964]
>>>> [CONFIG: target(6), prim(dec_op)]
|41341.30|27971.04| op = [49, 49, 52, 54, 55, 53, 57, 50]| tp = [1, 1, 1, 1, 1, 1, 1, 1, ] | dp = [1, 1, 1, 1, 1, 1, 1, 1, ] | algo = [0, 0, 0, 0, 0, 0, 0, 0, ] | rc = [28, 26, 25, 20, 16, 14, 14, 4] | gpus = [1, 1, 1, 1, 1, 1, 1, 1] | micro_bs = 4 | time = [38404, 39910, 39987, 38796, 38947, 38100, 40479, 41341] | memory = [27611, 27971, 27530, 27850, 27410, 26561, 27781, 27268]
>>>> [CONFIG: target(7), prim(inc_mbs)]
|56255.81|30844.58| op = [49, 49, 52, 54, 55, 53, 57, 50]| tp = [1, 1, 1, 1, 1, 1, 1, 1, ] | dp = [1, 1, 1, 1, 1, 1, 1, 1, ] | algo = [0, 0, 0, 0, 0, 0, 0, 0, ] | rc = [47, 49, 52, 54, 53, 49, 54, 50] | gpus = [1, 1, 1, 1, 1, 1, 1, 1] | micro_bs = 8 | time = [41461, 44248, 44949, 45505, 47005, 46296, 49223, 56255] | memory = [29618, 28156, 27536, 27116, 28096, 27216, 26476, 30844]
>>>> [CONFIG: target(7), prim(dec_op)]
|49706.87|29618.75| op = [49, 49, 52, 58, 51, 53, 60, 47]| tp = [1, 1, 1, 1, 1, 1, 1, 1, ] | dp = [1, 1, 1, 1, 1, 1, 1, 1, ] | algo = [0, 0, 0, 0, 0, 0, 0, 0, ] | rc = [47, 49, 52, 58, 51, 49, 56, 43] | gpus = [1, 1, 1, 1, 1, 1, 1, 1] | micro_bs = 8 | time = [41399, 44186, 44886, 49249, 43342, 46233, 49706, 47487] | memory = [29618, 28156, 27536, 27716, 26656, 27216, 27976, 27976]
>>>> [CONFIG: target(0), prim(dec_mbs)]
|43850.58|27971.04| op = [49, 49, 52, 58, 51, 53, 60, 47]| tp = [1, 1, 1, 1, 1, 1, 1, 1, ] | dp = [1, 1, 1, 1, 1, 1, 1, 1, ] | algo = [0, 0, 0, 0, 0, 0, 0, 0, ] | rc = [28, 26, 25, 27, 16, 14, 18, 0] | gpus = [1, 1, 1, 1, 1, 1, 1, 1] | micro_bs = 4 | time = [38403, 39910, 39987, 43850, 36119, 38100, 42591, 36958] | memory = [27611, 27971, 27530, 27770, 25170, 26561, 27721, 26064]
>>>> [CONFIG: target(3), prim(dec_mbs)]
|38195.54|27820.57| op = [49, 49, 52, 58, 51, 53, 60, 47]| tp = [1, 1, 1, 1, 1, 1, 1, 1, ] | dp = [1, 1, 1, 1, 1, 1, 1, 1, ] | algo = [0, 0, 0, 0, 0, 0, 0, 0, ] | rc = [14, 12, 10, 10, 8, 6, 0, 0] | gpus = [1, 1, 1, 1, 1, 1, 1, 1] | micro_bs = 2 | time = [33899, 34986, 34912, 38195, 33205, 35009, 36141, 36547] | memory = [25122, 26523, 27601, 26655, 22465, 23432, 27820, 16232]

[ Trial 25 ] |38195.54|27820.57| op = [49, 49, 52, 58, 51, 53, 60, 47]| tp = [1, 1, 1, 1, 1, 1, 1, 1, ] | dp = [1, 1, 1, 1, 1, 1, 1, 1, ] | algo = [0, 0, 0, 0, 0, 0, 0, 0, ] | rc = [14, 12, 10, 10, 8, 6, 0, 0] | gpus = [1, 1, 1, 1, 1, 1, 1, 1] | micro_bs = 2 | time = [33899, 34986, 34912, 38195, 33205, 35009, 36141, 36547] | memory = [25122, 26523, 27601, 26655, 22465, 23432, 27820, 16232]
>>>> [CONFIG: target(3), prim(dec_mbs)]
|38006.05|25841.72| op = [49, 49, 52, 58, 51, 53, 60, 47]| tp = [1, 1, 1, 1, 1, 1, 1, 1, ] | dp = [1, 1, 1, 1, 1, 1, 1, 1, ] | algo = [0, 0, 0, 0, 0, 0, 0, 0, ] | rc = [8, 6, 4, 2, 0, 0, 0, 0] | gpus = [1, 1, 1, 1, 1, 1, 1, 1] | micro_bs = 1 | time = [33899, 34510, 34382, 37061, 31776, 34398, 37890, 38006] | memory = [21497, 22971, 24392, 25841, 22072, 18924, 16510, 11306]
>>>> [CONFIG: target(7), prim(dec_op)]
|36326.88|27695.72| op = [49, 49, 52, 57, 56, 56, 58, 42]| tp = [1, 1, 1, 1, 1, 1, 1, 1, ] | dp = [1, 1, 1, 1, 1, 1, 1, 1, ] | algo = [0, 0, 0, 0, 0, 0, 0, 0, ] | rc = [8, 6, 4, 0, 0, 0, 0, 0] | gpus = [1, 1, 1, 1, 1, 1, 1, 1] | micro_bs = 1 | time = [33899, 34509, 34382, 35188, 35965, 36119, 36326, 34960] | memory = [21497, 22971, 24392, 27695, 23592, 20990, 15446, 10391]
>>>> [CONFIG: target(6), prim(inc_mbs)]
|37449.97|27601.49| op = [49, 49, 52, 57, 56, 56, 58, 42]| tp = [1, 1, 1, 1, 1, 1, 1, 1, ] | dp = [1, 1, 1, 1, 1, 1, 1, 1, ] | algo = [0, 0, 0, 0, 0, 0, 0, 0, ] | rc = [14, 12, 10, 10, 8, 8, 0, 0] | gpus = [1, 1, 1, 1, 1, 1, 1, 1] | micro_bs = 2 | time = [33901, 34987, 34914, 37092, 37114, 37449, 34745, 33591] | memory = [25122, 26523, 27601, 26155, 24405, 24508, 25192, 15202]
>>>> [CONFIG: target(5), prim(dec_op)]
|36452.55|27803.40| op = [49, 49, 52, 56, 56, 54, 58, 45]| tp = [1, 1, 1, 1, 1, 1, 1, 1, ] | dp = [1, 1, 1, 1, 1, 1, 1, 1, ] | algo = [0, 0, 0, 0, 0, 0, 0, 0, ] | rc = [14, 12, 10, 8, 8, 6, 0, 0] | gpus = [1, 1, 1, 1, 1, 1, 1, 1] | micro_bs = 2 | time = [33902, 34988, 34915, 36294, 36122, 36452, 35366, 36347] | memory = [25122, 26523, 27601, 27803, 24185, 24808, 27400, 16182]
>>>> [CONFIG: target(5), prim(dec_mbs)]
|37768.40|27495.72| op = [49, 49, 52, 56, 56, 54, 58, 45]| tp = [1, 1, 1, 1, 1, 1, 1, 1, ] | dp = [1, 1, 1, 1, 1, 1, 1, 1, ] | algo = [0, 0, 0, 0, 0, 0, 0, 0, ] | rc = [8, 6, 4, 0, 0, 0, 0, 0] | gpus = [1, 1, 1, 1, 1, 1, 1, 1] | micro_bs = 1 | time = [33901, 34511, 34384, 34982, 34848, 35901, 36924, 37768] | memory = [21497, 22971, 24392, 27495, 23332, 19562, 16150, 11281]
>>>> [CONFIG: target(7), prim(dec_op)]
|36175.64|27995.82| op = [49, 50, 55, 57, 54, 55, 57, 42]| tp = [1, 1, 1, 1, 1, 1, 1, 1, ] | dp = [1, 1, 1, 1, 1, 1, 1, 1, ] | algo = [0, 0, 0, 0, 0, 0, 0, 0, ] | rc = [8, 6, 4, 0, 0, 0, 0, 0] | gpus = [1, 1, 1, 1, 1, 1, 1, 1] | micro_bs = 1 | time = [33901, 34879, 36082, 36175, 35498, 35925, 35961, 34962] | memory = [21497, 23141, 25182, 27995, 23616, 21060, 15326, 10391]

num_targets: [1, 1, 1, 1]
num_hops: [1, 2, 6, 6]
search time = 111.62 s.  [0, 1, 2, 4, 6, 17, 18, 21, 25, 26, 28, 30, 33, 37, 39, 42, 45, 47, 48, 53, 54, 55, 57, 60, 62, 64, 67, 69, 70, 73, 74, 75, 76, 81, 83, 85, 86, 87, 89, 90, 92, 93, 94, 96, 97, 99, 105, 107, 109, 110, 111, 112, 114, 115, 116, 118, 119, 120, 121, 123, 125, 127, 128, 130, 132, 134, 136, 139, 140, 142, 143, 144, 145, 146, 147, 148, 149, 150, 151, 152, 153, 154, 155, 156, 157, 158, 159, 160, 161, 162, 163, 164, 165, 166, 167, 168, 169, 170, 171, 172, 173] 
num_explored_cases = 9078
time trend: [42980, 36735, 36183, 36176, 36176, 36183, 36406, 36183, 36342, 36736, 36453, 36452, 36343, 36343, 36545, 36405, 36343, 36871, 37399, 36343, 36453, 37400, 36652, 36343, 36452, 36452, 36175, 36175, 37767, 36343, 36399, 37400, 38372, 36343, 36652, 36453, 37623, 38006, 36545, 40305, 36400, 40825, 40827, 36343, 36819, 36341, 36326, 36326, 37313, 37623, 37766, 36399, 36452, 36444, 36444, 36871, 41405, 36872, 37522, 42494, 42502, 42506, 42587, 36871, 36871, 36871, 36872, 36341, 36341, 36871, 41015, 36175, 36175, 36175, 36175, 36175, 36176, 36176, 36176, 36176, 36176, 36183, 36183, 36183, 36183, 36183, 36183, 36183, 36183, 36183, 36183, 36183, 36183, 36183, 36183, 36183, 36183, 36183, 36183, 36183, 36183]

working on num_stages = 5
config has been saved to /home/liminglong.lml/sxz/SuperScaler/logs-large/aceso/configs/gpt/2_6B/gpt_2_6B_5stages_2026-5-14-5-58-20.json

========== Best Result (num_stages = 5) ==========
|35447.48|27438.54| op = [54, 53, 104, 111, 97]| tp = [1, 1, 1, 1, 1, ] | dp = [1, 1, 2, 2, 2, ] | algo = [0, 0, 0, 0, 0, ] | rc = [10, 8, 14, 4, 0] | gpus = [1, 1, 2, 2, 2] | micro_bs = 2 | time = [35447, 35298, 35319, 35308, 35095] | memory = [26635, 23484, 24008, 27438, 20289]
start|73001.06|22828.38| op = [83, 83, 83, 83, 87]| tp = [2, 2, 2, 1, 1, ] | dp = [1, 1, 1, 1, 1, ] | algo = [0, 0, 0, 0, 0, ] | rc = [0, 0, 0, 0, 0] | gpus = [2, 2, 2, 1, 1] | micro_bs = 1 | time = [73001, 70551, 71824, 53373, 62483] | memory = [22691, 19278, 14753, 22828, 18082]

[ Trial 0 ] |73001.06|22828.38| op = [83, 83, 83, 83, 87]| tp = [2, 2, 2, 1, 1, ] | dp = [1, 1, 1, 1, 1, ] | algo = [0, 0, 0, 0, 0, ] | rc = [0, 0, 0, 0, 0] | gpus = [2, 2, 2, 1, 1] | micro_bs = 1 | time = [73001, 70551, 71824, 53373, 62483] | memory = [22691, 19278, 14753, 22828, 18082]
>>>> [CONFIG: target(0), prim(dec_tp)]
|67498.07|26929.62| op = [83, 83, 83, 83, 87]| tp = [1, 4, 1, 1, 1, ] | dp = [1, 1, 1, 1, 1, ] | algo = [0, 0, 0, 0, 0, ] | rc = [12, 0, 2, 0, 0] | gpus = [1, 4, 1, 1, 1] | micro_bs = 1 | time = [58212, 67498, 52748, 53337, 62447] | memory = [26377, 10569, 26929, 22828, 18082]

[ Trial 1 ] |67498.07|26929.62| op = [83, 83, 83, 83, 87]| tp = [1, 4, 1, 1, 1, ] | dp = [1, 1, 1, 1, 1, ] | algo = [0, 0, 0, 0, 0, ] | rc = [12, 0, 2, 0, 0] | gpus = [1, 4, 1, 1, 1] | micro_bs = 1 | time = [58212, 67498, 52748, 53337, 62447] | memory = [26377, 10569, 26929, 22828, 18082]
>>>> [CONFIG: target(1), prim(dec_tp)]
|71827.65|26377.08| op = [83, 83, 83, 83, 87]| tp = [1, 2, 2, 2, 1, ] | dp = [1, 1, 1, 1, 1, ] | algo = [0, 0, 0, 0, 0, ] | rc = [12, 0, 0, 0, 0] | gpus = [1, 2, 2, 2, 1] | micro_bs = 1 | time = [58251, 70554, 71827, 71360, 62486] | memory = [26377, 19278, 14753, 11854, 18082]
>>>> [CONFIG: target(2), prim(inc_mbs)]
|59632.41|27916.10| op = [83, 83, 83, 83, 87]| tp = [1, 1, 1, 1, 1, ] | dp = [1, 2, 2, 2, 1, ] | algo = [0, 0, 0, 0, 0, ] | rc = [26, 12, 2, 0, 0] | gpus = [1, 2, 2, 2, 1] | micro_bs = 2 | time = [59360, 28528, 26595, 26889, 59632] | memory = [27916, 23448, 26929, 22828, 26084]

[ Trial 2 ] |59632.41|27916.10| op = [83, 83, 83, 83, 87]| tp = [1, 1, 1, 1, 1, ] | dp = [1, 2, 2, 2, 1, ] | algo = [0, 0, 0, 0, 0, ] | rc = [26, 12, 2, 0, 0] | gpus = [1, 2, 2, 2, 1] | micro_bs = 2 | time = [59360, 28528, 26595, 26889, 59632] | memory = [27916, 23448, 26929, 22828, 26084]
>>>> [CONFIG: target(4), prim(dec_op)]
|36923.23|27054.08| op = [54, 104, 100, 113, 48]| tp = [1, 1, 1, 1, 1, ] | dp = [1, 2, 2, 2, 1, ] | algo = [0, 0, 0, 0, 0, ] | rc = [10, 16, 12, 6, 0] | gpus = [1, 2, 2, 2, 1] | micro_bs = 2 | time = [35451, 35608, 34083, 36923, 36673] | memory = [26635, 25809, 25051, 27054, 16352]

[ Trial 3 ] |36923.23|27054.08| op = [54, 104, 100, 113, 48]| tp = [1, 1, 1, 1, 1, ] | dp = [1, 2, 2, 2, 1, ] | algo = [0, 0, 0, 0, 0, ] | rc = [10, 16, 12, 6, 0] | gpus = [1, 2, 2, 2, 1] | micro_bs = 2 | time = [35451, 35608, 34083, 36923, 36673] | memory = [26635, 25809, 25051, 27054, 16352]
>>>> [CONFIG: target(3), prim(dec_dp)]
|76838.13|27953.09| op = [54, 104, 100, 113, 48]| tp = [1, 1, 1, 1, 1, ] | dp = [2, 2, 2, 1, 1, ] | algo = [0, 0, 0, 0, 0, ] | rc = [2, 16, 12, 28, 0] | gpus = [2, 2, 2, 1, 1] | micro_bs = 2 | time = [17608, 35651, 34126, 76838, 36716] | memory = [26426, 25809, 25051, 27953, 16352]
>>>> [CONFIG: target(3), prim(dec_op)]
|36460.49|27820.57| op = [99, 107, 106, 60, 47]| tp = [1, 1, 1, 1, 1, ] | dp = [2, 2, 2, 1, 1, ] | algo = [0, 0, 0, 0, 0, ] | rc = [20, 16, 16, 0, 0] | gpus = [2, 2, 2, 1, 1] | micro_bs = 2 | time = [35127, 36460, 36457, 35945, 36351] | memory = [27783, 26469, 22860, 27820, 16232]

[ Trial 4 ] |36460.49|27820.57| op = [99, 107, 106, 60, 47]| tp = [1, 1, 1, 1, 1, ] | dp = [2, 2, 2, 1, 1, ] | algo = [0, 0, 0, 0, 0, ] | rc = [20, 16, 16, 0, 0] | gpus = [2, 2, 2, 1, 1] | micro_bs = 2 | time = [35127, 36460, 36457, 35945, 36351] | memory = [27783, 26469, 22860, 27820, 16232]
>>>> [CONFIG: target(1), prim(dec_dp)]
|74030.43|27783.24| op = [99, 107, 106, 60, 47]| tp = [1, 1, 1, 1, 1, ] | dp = [2, 1, 2, 2, 1, ] | algo = [0, 0, 0, 0, 0, ] | rc = [20, 32, 16, 0, 0] | gpus = [2, 1, 2, 2, 1] | micro_bs = 2 | time = [35167, 74030, 36497, 19180, 36392] | memory = [27783, 27066, 22860, 16510, 16232]
>>>> [CONFIG: target(1), prim(dec_op)]
|36146.55|27783.24| op = [99, 56, 107, 112, 45]| tp = [1, 1, 1, 1, 1, ] | dp = [2, 1, 2, 2, 1, ] | algo = [0, 0, 0, 0, 0, ] | rc = [20, 8, 14, 4, 0] | gpus = [2, 1, 2, 2, 1] | micro_bs = 2 | time = [35124, 35965, 36104, 35895, 36146] | memory = [27783, 24185, 24543, 27758, 16182]

[ Trial 5 ] |36146.55|27783.24| op = [99, 56, 107, 112, 45]| tp = [1, 1, 1, 1, 1, ] | dp = [2, 1, 2, 2, 1, ] | algo = [0, 0, 0, 0, 0, ] | rc = [20, 8, 14, 4, 0] | gpus = [2, 1, 2, 2, 1] | micro_bs = 2 | time = [35124, 35965, 36104, 35895, 36146] | memory = [27783, 24185, 24543, 27758, 16182]
>>>> [CONFIG: target(4), prim(inc_mbs)]
|38597.73|27983.58| op = [99, 56, 107, 112, 45]| tp = [1, 1, 1, 1, 1, ] | dp = [2, 1, 2, 2, 1, ] | algo = [0, 0, 0, 0, 0, ] | rc = [38, 16, 30, 22, 0] | gpus = [2, 1, 2, 2, 1] | micro_bs = 4 | time = [36260, 38597, 37094, 37527, 36283] | memory = [27956, 27810, 27983, 27853, 25964]
>>>> [CONFIG: target(1), prim(dec_op)]
|37506.48|27956.41| op = [99, 54, 109, 109, 48]| tp = [1, 1, 1, 1, 1, ] | dp = [2, 1, 2, 2, 1, ] | algo = [0, 0, 0, 0, 0, ] | rc = [38, 16, 28, 22, 0] | gpus = [2, 1, 2, 2, 1] | micro_bs = 4 | time = [36257, 36979, 37506, 37259, 36800] | memory = [27956, 26130, 27627, 27612, 26204]
>>>> [CONFIG: target(2), prim(dec_mbs)]
|37130.66|27783.24| op = [99, 54, 109, 109, 48]| tp = [1, 1, 1, 1, 1, ] | dp = [2, 1, 2, 2, 1, ] | algo = [0, 0, 0, 0, 0, ] | rc = [20, 8, 16, 4, 0] | gpus = [2, 1, 2, 2, 1] | micro_bs = 2 | time = [35124, 34314, 37130, 35592, 36674] | memory = [27783, 23145, 23385, 27588, 16352]
>>>> [CONFIG: target(2), prim(dec_dp)]
|74120.26|27783.24| op = [99, 54, 109, 109, 48]| tp = [1, 1, 1, 1, 1, ] | dp = [2, 2, 1, 2, 1, ] | algo = [0, 0, 0, 0, 0, ] | rc = [20, 0, 28, 4, 0] | gpus = [2, 2, 1, 2, 1] | micro_bs = 2 | time = [35162, 16808, 74120, 35630, 36712] | memory = [27783, 22612, 27627, 27588, 16352]
>>>> [CONFIG: target(2), prim(dec_op)]
|36417.81|27783.24| op = [99, 105, 58, 110, 47]| tp = [1, 1, 1, 1, 1, ] | dp = [2, 2, 1, 2, 1, ] | algo = [0, 0, 0, 0, 0, ] | rc = [20, 16, 6, 4, 0] | gpus = [2, 2, 1, 2, 1] | micro_bs = 2 | time = [35125, 35652, 36417, 35776, 36349] | memory = [27783, 25869, 24282, 27708, 16232]
>>>> [CONFIG: target(2), prim(inc_dp)]
|71615.54|27956.41| op = [99, 105, 58, 110, 47]| tp = [1, 1, 1, 1, 1, ] | dp = [1, 2, 2, 2, 1, ] | algo = [0, 0, 0, 0, 0, ] | rc = [38, 16, 0, 4, 0] | gpus = [1, 2, 2, 2, 1] | micro_bs = 2 | time = [71615, 35688, 18255, 35812, 36385] | memory = [27956, 25869, 19549, 27708, 16232]
>>>> [CONFIG: target(0), prim(dec_op)]
|36144.81|27758.54| op = [54, 104, 104, 112, 45]| tp = [1, 1, 1, 1, 1, ] | dp = [1, 2, 2, 2, 1, ] | algo = [0, 0, 0, 0, 0, ] | rc = [10, 16, 14, 4, 0] | gpus = [1, 2, 2, 2, 1] | micro_bs = 2 | time = [35451, 35608, 35241, 35893, 36144] | memory = [26635, 25809, 23948, 27758, 16182]

[ Trial 6 ] |36144.81|27758.54| op = [54, 104, 104, 112, 45]| tp = [1, 1, 1, 1, 1, ] | dp = [1, 2, 2, 2, 1, ] | algo = [0, 0, 0, 0, 0, ] | rc = [10, 16, 14, 4, 0] | gpus = [1, 2, 2, 2, 1] | micro_bs = 2 | time = [35451, 35608, 35241, 35893, 36144] | memory = [26635, 25809, 23948, 27758, 16182]
>>>> [CONFIG: target(4), prim(inc_mbs)]
|39586.25|27873.98| op = [54, 104, 104, 112, 45]| tp = [1, 1, 1, 1, 1, ] | dp = [1, 2, 2, 2, 1, ] | algo = [0, 0, 0, 0, 0, ] | rc = [24, 32, 26, 22, 0] | gpus = [1, 2, 2, 2, 1] | micro_bs = 4 | time = [39586, 36613, 35735, 37527, 36283] | memory = [27830, 27873, 27673, 27853, 25964]
>>>> [CONFIG: target(0), prim(dec_op)]
|37260.46|27983.58| op = [50, 105, 107, 109, 48]| tp = [1, 1, 1, 1, 1, ] | dp = [1, 2, 2, 2, 1, ] | algo = [0, 0, 0, 0, 0, ] | rc = [20, 32, 30, 22, 0] | gpus = [1, 2, 2, 2, 1] | micro_bs = 4 | time = [36918, 36884, 37091, 37260, 36801] | memory = [27530, 26706, 27983, 27612, 26204]
>>>> [CONFIG: target(3), prim(inc_dp)]
|85586.82|27788.25| op = [50, 105, 107, 109, 48]| tp = [1, 1, 1, 1, 1, ] | dp = [1, 1, 1, 4, 1, ] | algo = [0, 0, 0, 0, 0, ] | rc = [20, 81, 90, 4, 0] | gpus = [1, 1, 1, 4, 1] | micro_bs = 4 | time = [37216, 85586, 84016, 18597, 37099] | memory = [27530, 27330, 27788, 27588, 26204]
>>>> [CONFIG: target(1), prim(inc_dp)]
|83824.09|27788.25| op = [50, 105, 107, 109, 48]| tp = [1, 1, 1, 1, 1, ] | dp = [2, 2, 1, 2, 1, ] | algo = [0, 0, 0, 0, 0, ] | rc = [8, 32, 90, 22, 0] | gpus = [2, 2, 1, 2, 1] | micro_bs = 4 | time = [17285, 36990, 83824, 37365, 36906] | memory = [27533, 26706, 27788, 27612, 26204]
>>>> [CONFIG: target(2), prim(dec_mbs)]
|73285.81|27983.58| op = [50, 105, 107, 109, 48]| tp = [1, 1, 1, 1, 1, ] | dp = [2, 2, 1, 2, 1, ] | algo = [0, 0, 0, 0, 0, ] | rc = [0, 16, 30, 4, 0] | gpus = [2, 2, 1, 2, 1] | micro_bs = 2 | time = [16443, 35922, 73285, 35629, 36711] | memory = [27955, 26089, 27983, 27588, 16352]
>>>> [CONFIG: target(2), prim(inc_dp)]
|36671.69|27588.51| op = [50, 105, 107, 109, 48]| tp = [1, 1, 1, 1, 1, ] | dp = [1, 2, 2, 2, 1, ] | algo = [0, 0, 0, 0, 0, ] | rc = [8, 16, 14, 4, 0] | gpus = [1, 2, 2, 2, 1] | micro_bs = 2 | time = [33345, 35883, 36100, 35589, 36671] | memory = [27533, 26089, 24543, 27588, 16352]
>>>> [CONFIG: target(4), prim(dec_op)]
|36142.92|27758.54| op = [50, 105, 107, 112, 45]| tp = [1, 1, 1, 1, 1, ] | dp = [1, 2, 2, 2, 1, ] | algo = [0, 0, 0, 0, 0, ] | rc = [8, 16, 14, 4, 0] | gpus = [1, 2, 2, 2, 1] | micro_bs = 2 | time = [33345, 35882, 36100, 35891, 36142] | memory = [27533, 26089, 24543, 27758, 16182]

[ Trial 7 ] |36142.92|27758.54| op = [50, 105, 107, 112, 45]| tp = [1, 1, 1, 1, 1, ] | dp = [1, 2, 2, 2, 1, ] | algo = [0, 0, 0, 0, 0, ] | rc = [8, 16, 14, 4, 0] | gpus = [1, 2, 2, 2, 1] | micro_bs = 2 | time = [33345, 35882, 36100, 35891, 36142] | memory = [27533, 26089, 24543, 27758, 16182]
>>>> [CONFIG: target(4), prim(inc_mbs)]
|37523.10|27983.58| op = [50, 105, 107, 112, 45]| tp = [1, 1, 1, 1, 1, ] | dp = [1, 2, 2, 2, 1, ] | algo = [0, 0, 0, 0, 0, ] | rc = [20, 32, 30, 22, 0] | gpus = [1, 2, 2, 2, 1] | micro_bs = 4 | time = [36917, 36883, 37090, 37523, 36279] | memory = [27530, 26706, 27983, 27853, 25964]
>>>> [CONFIG: target(3), prim(inc_dp)]
|85585.37|27788.25| op = [50, 105, 107, 112, 45]| tp = [1, 1, 1, 1, 1, ] | dp = [1, 1, 1, 4, 1, ] | algo = [0, 0, 0, 0, 0, ] | rc = [20, 81, 90, 4, 0] | gpus = [1, 1, 1, 4, 1] | micro_bs = 4 | time = [37214, 85585, 84015, 18747, 36577] | memory = [27530, 27330, 27788, 27758, 25964]
>>>> [CONFIG: target(1), prim(inc_mbs)]
|88355.86|34736.33| op = [50, 105, 107, 112, 45]| tp = [1, 1, 1, 1, 1, ] | dp = [1, 1, 1, 4, 1, ] | algo = [0, 0, 0, 0, 0, ] | rc = [48, 105, 107, 22, 41] | gpus = [1, 1, 1, 4, 1] | micro_bs = 8 | time = [42711, 86805, 88355, 20493, 46673] | memory = [29297, 34736, 33096, 27853, 27976]
>>>> [CONFIG: target(1), prim(inc_dp)]
|87995.79|33096.62| op = [50, 105, 107, 112, 45]| tp = [1, 1, 1, 1, 1, ] | dp = [1, 2, 1, 2, 2, ] | algo = [0, 0, 0, 0, 0, ] | rc = [48, 81, 107, 56, 0] | gpus = [1, 2, 1, 2, 2] | micro_bs = 8 | time = [42351, 43922, 87995, 43726, 19514] | memory = [29297, 27330, 33096, 27970, 25964]
>>>> [CONFIG: target(2), prim(dec_mbs)]
|83831.06|27853.05| op = [50, 105, 107, 112, 45]| tp = [1, 1, 1, 1, 1, ] | dp = [1, 2, 1, 2, 2, ] | algo = [0, 0, 0, 0, 0, ] | rc = [20, 32, 90, 22, 0] | gpus = [1, 2, 1, 2, 2] | micro_bs = 4 | time = [37030, 36997, 83831, 37636, 18688] | memory = [27530, 26706, 27788, 27853, 16182]
>>>> [CONFIG: target(2), prim(dec_mbs)]
|73285.11|27983.58| op = [50, 105, 107, 112, 45]| tp = [1, 1, 1, 1, 1, ] | dp = [1, 2, 1, 2, 2, ] | algo = [0, 0, 0, 0, 0, ] | rc = [8, 16, 30, 4, 0] | gpus = [1, 2, 1, 2, 2] | micro_bs = 2 | time = [33384, 35921, 73285, 35931, 19111] | memory = [27533, 26089, 27983, 27758, 11281]
>>>> [CONFIG: target(2), prim(dec_op)]
|35587.09|27588.51| op = [52, 103, 55, 109, 100]| tp = [1, 1, 1, 1, 1, ] | dp = [1, 2, 1, 2, 2, ] | algo = [0, 0, 0, 0, 0, ] | rc = [10, 16, 6, 4, 0] | gpus = [1, 2, 1, 2, 2] | micro_bs = 2 | time = [35247, 35035, 35006, 35587, 35398] | memory = [26385, 25369, 23582, 27588, 20436]

[ Trial 8 ] |35587.09|27588.51| op = [52, 103, 55, 109, 100]| tp = [1, 1, 1, 1, 1, ] | dp = [1, 2, 1, 2, 2, ] | algo = [0, 0, 0, 0, 0, ] | rc = [10, 16, 6, 4, 0] | gpus = [1, 2, 1, 2, 2] | micro_bs = 2 | time = [35247, 35035, 35006, 35587, 35398] | memory = [26385, 25369, 23582, 27588, 20436]
>>>> [CONFIG: target(3), prim(dec_dp)]
|73622.63|27612.99| op = [52, 103, 55, 109, 100]| tp = [1, 1, 1, 1, 1, ] | dp = [2, 2, 1, 1, 2, ] | algo = [0, 0, 0, 0, 0, ] | rc = [2, 16, 6, 22, 0] | gpus = [2, 2, 1, 1, 2] | micro_bs = 2 | time = [17480, 35075, 35045, 73622, 35437] | memory = [26301, 25369, 23582, 27612, 20436]
>>>> [CONFIG: target(3), prim(inc_tp)]
|85027.10|26385.32| op = [52, 103, 55, 109, 100]| tp = [1, 1, 1, 2, 1, ] | dp = [1, 2, 1, 1, 2, ] | algo = [0, 0, 0, 0, 0, ] | rc = [10, 16, 6, 0, 0] | gpus = [1, 2, 1, 2, 2] | micro_bs = 2 | time = [35343, 35132, 35102, 85027, 35494] | memory = [26385, 25369, 23582, 25526, 20436]
>>>> [CONFIG: target(3), prim(dec_op)]
|43289.76|27895.15| op = [55, 121, 65, 53, 125]| tp = [1, 1, 1, 2, 1, ] | dp = [1, 2, 1, 1, 2, ] | algo = [0, 0, 0, 0, 0, ] | rc = [10, 28, 10, 0, 0] | gpus = [1, 2, 1, 2, 2] | micro_bs = 2 | time = [36700, 43103, 42520, 42750, 43289] | memory = [27235, 27895, 23212, 12566, 25058]
>>>> [CONFIG: target(4), prim(dec_op)]
|42866.64|27973.72| op = [58, 122, 65, 52, 122]| tp = [1, 1, 1, 2, 1, ] | dp = [1, 2, 1, 1, 2, ] | algo = [0, 0, 0, 0, 0, ] | rc = [17, 24, 10, 0, 0] | gpus = [1, 2, 1, 2, 2] | micro_bs = 2 | time = [42265, 42866, 42833, 41232, 42620] | memory = [27875, 27973, 23392, 12536, 24573]
>>>> [CONFIG: target(1), prim(inc_tp)]
|87396.11|27875.47| op = [58, 122, 65, 52, 122]| tp = [1, 2, 1, 1, 1, ] | dp = [1, 2, 1, 1, 1, ] | algo = [0, 0, 0, 0, 0, ] | rc = [17, 0, 10, 0, 18] | gpus = [1, 4, 1, 1, 1] | micro_bs = 2 | time = [42354, 53064, 42922, 31720, 87396] | memory = [27875, 26825, 23392, 23912, 26010]
>>>> [CONFIG: target(4), prim(inc_dp)]
|42819.00|27973.72| op = [58, 122, 65, 52, 122]| tp = [1, 1, 1, 1, 1, ] | dp = [1, 2, 1, 2, 2, ] | algo = [0, 0, 0, 0, 0, ] | rc = [17, 24, 10, 0, 0] | gpus = [1, 2, 1, 2, 2] | micro_bs = 2 | time = [42217, 42818, 42786, 16840, 42572] | memory = [27875, 27973, 23392, 14356, 24573]
>>>> [CONFIG: target(1), prim(dec_op)]
|35525.14|27438.54| op = [54, 103, 54, 111, 97]| tp = [1, 1, 1, 1, 1, ] | dp = [1, 2, 1, 2, 2, ] | algo = [0, 0, 0, 0, 0, ] | rc = [10, 16, 4, 4, 0] | gpus = [1, 2, 1, 2, 2] | micro_bs = 2 | time = [35445, 35525, 33930, 35306, 35093] | memory = [26635, 25768, 26728, 27438, 20289]

[ Trial 9 ] |35525.14|27438.54| op = [54, 103, 54, 111, 97]| tp = [1, 1, 1, 1, 1, ] | dp = [1, 2, 1, 2, 2, ] | algo = [0, 0, 0, 0, 0, ] | rc = [10, 16, 4, 4, 0] | gpus = [1, 2, 1, 2, 2] | micro_bs = 2 | time = [35445, 35525, 33930, 35306, 35093] | memory = [26635, 25768, 26728, 27438, 20289]
>>>> [CONFIG: target(1), prim(dec_mbs)]
|93218.42|26426.76| op = [54, 103, 54, 111, 97]| tp = [1, 2, 1, 2, 2, ] | dp = [1, 1, 1, 1, 1, ] | algo = [0, 0, 0, 0, 0, ] | rc = [2, 0, 0, 0, 0] | gpus = [1, 2, 1, 2, 2] | micro_bs = 1 | time = [34802, 88943, 34393, 93218, 89514] | memory = [26426, 22952, 18794, 15188, 10417]
>>>> [CONFIG: target(3), prim(dec_tp)]
|89503.91|27438.54| op = [54, 103, 54, 111, 97]| tp = [2, 2, 1, 1, 2, ] | dp = [1, 1, 1, 1, 1, ] | algo = [0, 0, 0, 0, 0, ] | rc = [0, 0, 0, 4, 0] | gpus = [2, 2, 1, 1, 2] | micro_bs = 1 | time = [47305, 88933, 34383, 70323, 89503] | memory = [15165, 22952, 18794, 27438, 10417]
>>>> [CONFIG: target(4), prim(inc_tp)]
|84741.52|27438.54| op = [54, 103, 54, 111, 97]| tp = [1, 1, 1, 1, 4, ] | dp = [1, 1, 1, 1, 1, ] | algo = [0, 0, 0, 0, 0, ] | rc = [2, 16, 0, 4, 0] | gpus = [1, 1, 1, 1, 4] | micro_bs = 1 | time = [34757, 70726, 34349, 70289, 84741] | memory = [26426, 25768, 18794, 27438, 5481]
>>>> [CONFIG: target(4), prim(inc_mbs)]
|73256.47|27793.86| op = [54, 103, 54, 111, 97]| tp = [1, 1, 1, 1, 2, ] | dp = [1, 1, 1, 1, 2, ] | algo = [0, 0, 0, 0, 0, ] | rc = [10, 32, 4, 22, 0] | gpus = [1, 1, 1, 1, 4] | micro_bs = 2 | time = [35609, 72301, 34095, 73256, 45052] | memory = [26635, 27793, 26728, 27513, 10417]
>>>> [CONFIG: target(3), prim(inc_dp)]
|72175.73|27793.86| op = [54, 103, 54, 111, 97]| tp = [1, 1, 1, 1, 1, ] | dp = [1, 1, 2, 2, 2, ] | algo = [0, 0, 0, 0, 0, ] | rc = [10, 32, 0, 4, 0] | gpus = [1, 1, 2, 2, 2] | micro_bs = 2 | time = [35484, 72175, 17393, 35345, 35132] | memory = [26635, 27793, 18794, 27438, 20289]
>>>> [CONFIG: target(1), prim(dec_op)]
|35447.48|27438.54| op = [54, 53, 104, 111, 97]| tp = [1, 1, 1, 1, 1, ] | dp = [1, 1, 2, 2, 2, ] | algo = [0, 0, 0, 0, 0, ] | rc = [10, 8, 14, 4, 0] | gpus = [1, 1, 2, 2, 2] | micro_bs = 2 | time = [35447, 35298, 35319, 35308, 35095] | memory = [26635, 23484, 24008, 27438, 20289]

num_targets: [1, 1, 1, 1, 1, 1, 1, 1, 1, 1]
num_hops: [1, 2, 1, 2, 2, 7, 7, 7, 7, 6]
search time = 200.01 s.  [0, 1, 2, 3, 4, 5, 6, 11, 53, 73, 95, 207] 
num_explored_cases = 12896
time trend: [73001, 67498, 59632, 36923, 36460, 36146, 36144, 36142, 35587, 35525, 35447, 35447]

working on num_stages = 7
config has been saved to /home/liminglong.lml/sxz/SuperScaler/logs-large/aceso/configs/gpt/2_6B/gpt_2_6B_7stages_2026-5-14-5-58-20.json

========== Best Result (num_stages = 7) ==========
|35544.30|27961.61| op = [50, 52, 52, 52, 56, 57, 100]| tp = [1, 1, 1, 1, 1, 1, 1, ] | dp = [1, 1, 1, 1, 1, 1, 2, ] | algo = [0, 0, 0, 0, 0, 0, 0, ] | rc = [12, 10, 8, 8, 6, 0, 0] | gpus = [1, 1, 1, 1, 1, 1, 2] | micro_bs = 2 | time = [34679, 35147, 34545, 34545, 35335, 35544, 35530] | memory = [27813, 27961, 26853, 23185, 23822, 27580, 20436]
start|51587.29|26246.72| op = [59, 59, 59, 59, 59, 59, 65]| tp = [2, 1, 1, 1, 1, 1, 1, ] | dp = [1, 1, 1, 1, 1, 1, 1, ] | algo = [0, 0, 0, 0, 0, 0, 0, ] | rc = [0, 4, 4, 0, 0, 0, 0] | gpus = [2, 1, 1, 1, 1, 1, 1] | micro_bs = 1 | time = [51587, 37888, 39219, 36207, 37743, 37388, 49606] | memory = [22786, 26132, 26246, 23872, 21495, 15686, 14500]

[ Trial 0 ] |51587.29|26246.72| op = [59, 59, 59, 59, 59, 59, 65]| tp = [2, 1, 1, 1, 1, 1, 1, ] | dp = [1, 1, 1, 1, 1, 1, 1, ] | algo = [0, 0, 0, 0, 0, 0, 0, ] | rc = [0, 4, 4, 0, 0, 0, 0] | gpus = [2, 1, 1, 1, 1, 1, 1] | micro_bs = 1 | time = [51587, 37888, 39219, 36207, 37743, 37388, 49606] | memory = [22786, 26132, 26246, 23872, 21495, 15686, 14500]
>>>> [CONFIG: target(0), prim(dec_tp)]
|49971.24|26246.72| op = [59, 59, 59, 59, 59, 59, 65]| tp = [1, 1, 1, 2, 1, 1, 1, ] | dp = [1, 1, 1, 1, 1, 1, 1, ] | algo = [0, 0, 0, 0, 0, 0, 0, ] | rc = [10, 4, 4, 0, 0, 0, 0] | gpus = [1, 1, 1, 2, 1, 1, 1] | micro_bs = 1 | time = [42059, 37892, 39223, 49971, 37747, 37392, 49610] | memory = [23779, 26132, 26246, 12656, 21495, 15686, 14500]

[ Trial 1 ] |49971.24|26246.72| op = [59, 59, 59, 59, 59, 59, 65]| tp = [1, 1, 1, 2, 1, 1, 1, ] | dp = [1, 1, 1, 1, 1, 1, 1, ] | algo = [0, 0, 0, 0, 0, 0, 0, ] | rc = [10, 4, 4, 0, 0, 0, 0] | gpus = [1, 1, 1, 2, 1, 1, 1] | micro_bs = 1 | time = [42059, 37892, 39223, 49971, 37747, 37392, 49610] | memory = [23779, 26132, 26246, 12656, 21495, 15686, 14500]
>>>> [CONFIG: target(3), prim(dec_tp)]
|51032.53|26246.72| op = [59, 59, 59, 59, 59, 59, 65]| tp = [1, 1, 1, 1, 2, 1, 1, ] | dp = [1, 1, 1, 1, 1, 1, 1, ] | algo = [0, 0, 0, 0, 0, 0, 0, ] | rc = [10, 4, 4, 0, 0, 0, 0] | gpus = [1, 1, 1, 1, 2, 1, 1] | micro_bs = 1 | time = [42059, 37891, 39222, 36211, 51032, 37392, 49610] | memory = [23779, 26132, 26246, 23872, 11235, 15686, 14500]
>>>> [CONFIG: target(4), prim(dec_op)]
|42992.92|27800.66| op = [59, 61, 62, 65, 50, 67, 55]| tp = [1, 1, 1, 1, 2, 1, 1, ] | dp = [1, 1, 1, 1, 1, 1, 1, ] | algo = [0, 0, 0, 0, 0, 0, 0, ] | rc = [10, 6, 6, 0, 0, 0, 0] | gpus = [1, 1, 1, 1, 2, 1, 1] | micro_bs = 1 | time = [42059, 40107, 41744, 40947, 42772, 42638, 42992] | memory = [23779, 23216, 24391, 27800, 9362, 18100, 12613]

[ Trial 2 ] |42992.92|27800.66| op = [59, 61, 62, 65, 50, 67, 55]| tp = [1, 1, 1, 1, 2, 1, 1, ] | dp = [1, 1, 1, 1, 1, 1, 1, ] | algo = [0, 0, 0, 0, 0, 0, 0, ] | rc = [10, 6, 6, 0, 0, 0, 0] | gpus = [1, 1, 1, 1, 2, 1, 1] | micro_bs = 1 | time = [42059, 40107, 41744, 40947, 42772, 42638, 42992] | memory = [23779, 23216, 24391, 27800, 9362, 18100, 12613]
>>>> [CONFIG: target(6), prim(inc_mbs)]
|42632.35|27889.86| op = [59, 61, 62, 65, 50, 67, 55]| tp = [1, 1, 1, 1, 1, 1, 1, ] | dp = [1, 1, 1, 1, 2, 1, 1, ] | algo = [0, 0, 0, 0, 0, 0, 0, ] | rc = [18, 12, 14, 10, 0, 4, 0] | gpus = [1, 1, 1, 1, 2, 1, 1] | micro_bs = 2 | time = [42294, 40158, 42618, 42632, 16148, 42103, 41198] | memory = [26540, 27889, 26955, 27713, 17854, 26344, 18446]

[ Trial 3 ] |42632.35|27889.86| op = [59, 61, 62, 65, 50, 67, 55]| tp = [1, 1, 1, 1, 1, 1, 1, ] | dp = [1, 1, 1, 1, 2, 1, 1, ] | algo = [0, 0, 0, 0, 0, 0, 0, ] | rc = [18, 12, 14, 10, 0, 4, 0] | gpus = [1, 1, 1, 1, 2, 1, 1] | micro_bs = 2 | time = [42294, 40158, 42618, 42632, 16148, 42103, 41198] | memory = [26540, 27889, 26955, 27713, 17854, 26344, 18446]
>>>> [CONFIG: target(3), prim(dec_op)]
|38070.46|27813.85| op = [50, 51, 52, 52, 105, 61, 48]| tp = [1, 1, 1, 1, 1, 1, 1, ] | dp = [1, 1, 1, 1, 2, 1, 1, ] | algo = [0, 0, 0, 0, 0, 0, 0, ] | rc = [12, 10, 8, 8, 14, 2, 0] | gpus = [1, 1, 1, 1, 2, 1, 1] | micro_bs = 2 | time = [34683, 33699, 34244, 34244, 36103, 38070, 36805] | memory = [27813, 27081, 26553, 22944, 24468, 27248, 16352]

[ Trial 4 ] |38070.46|27813.85| op = [50, 51, 52, 52, 105, 61, 48]| tp = [1, 1, 1, 1, 1, 1, 1, ] | dp = [1, 1, 1, 1, 2, 1, 1, ] | algo = [0, 0, 0, 0, 0, 0, 0, ] | rc = [12, 10, 8, 8, 14, 2, 0] | gpus = [1, 1, 1, 1, 2, 1, 1] | micro_bs = 2 | time = [34683, 33699, 34244, 34244, 36103, 38070, 36805] | memory = [27813, 27081, 26553, 22944, 24468, 27248, 16352]
>>>> [CONFIG: target(5), prim(dec_op)]
|36278.29|27961.61| op = [50, 52, 53, 53, 104, 62, 45]| tp = [1, 1, 1, 1, 1, 1, 1, ] | dp = [1, 1, 1, 1, 2, 1, 1, ] | algo = [0, 0, 0, 0, 0, 0, 0, ] | rc = [12, 10, 8, 8, 14, 0, 0] | gpus = [1, 1, 1, 1, 2, 1, 1] | micro_bs = 2 | time = [34684, 35153, 34748, 35656, 35375, 36278, 36278] | memory = [27813, 27961, 27253, 23664, 23948, 27920, 16182]

[ Trial 5 ] |36278.29|27961.61| op = [50, 52, 53, 53, 104, 62, 45]| tp = [1, 1, 1, 1, 1, 1, 1, ] | dp = [1, 1, 1, 1, 2, 1, 1, ] | algo = [0, 0, 0, 0, 0, 0, 0, ] | rc = [12, 10, 8, 8, 14, 0, 0] | gpus = [1, 1, 1, 1, 2, 1, 1] | micro_bs = 2 | time = [34684, 35153, 34748, 35656, 35375, 36278, 36278] | memory = [27813, 27961, 27253, 23664, 23948, 27920, 16182]
>>>> [CONFIG: target(6), prim(inc_mbs)]
|42619.97|27921.25| op = [50, 52, 53, 53, 104, 62, 45]| tp = [1, 1, 1, 1, 1, 1, 1, ] | dp = [1, 1, 1, 1, 2, 1, 1, ] | algo = [0, 0, 0, 0, 0, 0, 0, ] | rc = [29, 25, 22, 16, 26, 18, 0] | gpus = [1, 1, 1, 1, 2, 1, 1] | micro_bs = 4 | time = [40169, 39858, 39050, 38535, 36062, 42619, 36610] | memory = [27511, 27891, 27850, 26769, 27673, 27921, 25964]
>>>> [CONFIG: target(5), prim(dec_op)]
|39227.77|27920.99| op = [49, 51, 53, 54, 108, 56, 48]| tp = [1, 1, 1, 1, 1, 1, 1, ] | dp = [1, 1, 1, 1, 2, 1, 1, ] | algo = [0, 0, 0, 0, 0, 0, 0, ] | rc = [24, 24, 20, 16, 28, 12, 0] | gpus = [1, 1, 1, 1, 2, 1, 1] | micro_bs = 4 | time = [37574, 39227, 38284, 38717, 37741, 39108, 37111] | memory = [27811, 27890, 27250, 27409, 27407, 27920, 26204]
>>>> [CONFIG: target(1), prim(dec_mbs)]
|37262.63|27481.30| op = [49, 51, 53, 54, 108, 56, 48]| tp = [1, 1, 1, 1, 1, 1, 1, ] | dp = [1, 1, 1, 1, 2, 1, 1, ] | algo = [0, 0, 0, 0, 0, 0, 0, ] | rc = [12, 10, 8, 8, 16, 0, 0] | gpus = [1, 1, 1, 1, 2, 1, 1] | micro_bs = 2 | time = [33229, 34699, 34304, 35891, 37262, 34529, 36803] | memory = [26853, 27481, 26553, 23984, 23213, 27240, 16352]
>>>> [CONFIG: target(4), prim(dec_dp)]
|74097.72|27481.30| op = [49, 51, 53, 54, 108, 56, 48]| tp = [1, 1, 1, 1, 1, 1, 1, ] | dp = [1, 1, 2, 1, 1, 1, 1, ] | algo = [0, 0, 0, 0, 0, 0, 0, ] | rc = [12, 10, 0, 8, 28, 0, 0] | gpus = [1, 1, 2, 1, 1, 1, 1] | micro_bs = 2 | time = [33266, 34736, 16865, 35929, 74097, 34566, 36841] | memory = [26853, 27481, 26620, 23984, 27407, 27240, 16352]
>>>> [CONFIG: target(4), prim(dec_op)]
|36531.40|27898.28| op = [49, 51, 102, 56, 57, 57, 47]| tp = [1, 1, 1, 1, 1, 1, 1, ] | dp = [1, 1, 2, 1, 1, 1, 1, ] | algo = [0, 0, 0, 0, 0, 0, 0, ] | rc = [12, 10, 20, 8, 6, 0, 0] | gpus = [1, 1, 2, 1, 1, 1, 1] | micro_bs = 2 | time = [33231, 34701, 36033, 36225, 36531, 34857, 36480] | memory = [26853, 27481, 27898, 24045, 24302, 27380, 16232]
>>>> [CONFIG: target(4), prim(inc_dp)]
|73146.41|27976.48| op = [49, 51, 102, 56, 57, 57, 47]| tp = [1, 1, 1, 1, 1, 1, 1, ] | dp = [1, 1, 1, 1, 2, 1, 1, ] | algo = [0, 0, 0, 0, 0, 0, 0, ] | rc = [12, 10, 36, 8, 0, 0, 0] | gpus = [1, 1, 1, 1, 2, 1, 1] | micro_bs = 2 | time = [33268, 34738, 73146, 36262, 18448, 34894, 36518] | memory = [26853, 27481, 27976, 24045, 19509, 27380, 16232]
>>>> [CONFIG: target(2), prim(dec_op)]
|36276.24|27753.40| op = [49, 51, 55, 55, 105, 59, 45]| tp = [1, 1, 1, 1, 1, 1, 1, ] | dp = [1, 1, 1, 1, 2, 1, 1, ] | algo = [0, 0, 0, 0, 0, 0, 0, ] | rc = [12, 10, 8, 8, 14, 0, 0] | gpus = [1, 1, 1, 1, 2, 1, 1] | micro_bs = 2 | time = [33229, 34699, 35954, 35854, 36036, 35058, 36276] | memory = [26853, 27481, 27753, 23865, 24338, 27480, 16182]

[ Trial 6 ] |36276.24|27753.40| op = [49, 51, 55, 55, 105, 59, 45]| tp = [1, 1, 1, 1, 1, 1, 1, ] | dp = [1, 1, 1, 1, 2, 1, 1, ] | algo = [0, 0, 0, 0, 0, 0, 0, ] | rc = [12, 10, 8, 8, 14, 0, 0] | gpus = [1, 1, 1, 1, 2, 1, 1] | micro_bs = 2 | time = [33229, 34699, 35954, 35854, 36036, 35058, 36276] | memory = [26853, 27481, 27753, 23865, 24338, 27480, 16182]
>>>> [CONFIG: target(6), prim(inc_mbs)]
|41039.62|27981.12| op = [49, 51, 55, 55, 105, 59, 45]| tp = [1, 1, 1, 1, 1, 1, 1, ] | dp = [1, 1, 1, 1, 2, 1, 1, ] | algo = [0, 0, 0, 0, 0, 0, 0, ] | rc = [24, 24, 24, 16, 28, 14, 0] | gpus = [1, 1, 1, 1, 2, 1, 1] | micro_bs = 4 | time = [37583, 39237, 41039, 38710, 36924, 40204, 36600] | memory = [27811, 27890, 27650, 27170, 27913, 27981, 25964]
>>>> [CONFIG: target(2), prim(inc_dp)]
|83622.31|27989.18| op = [49, 51, 55, 55, 105, 59, 45]| tp = [1, 1, 1, 1, 1, 1, 1, ] | dp = [1, 1, 2, 1, 1, 1, 1, ] | algo = [0, 0, 0, 0, 0, 0, 0, ] | rc = [24, 24, 8, 16, 77, 14, 0] | gpus = [1, 1, 2, 1, 1, 1, 1] | micro_bs = 4 | time = [37679, 39332, 18831, 38805, 83622, 40299, 36696] | memory = [27811, 27890, 27753, 27170, 27989, 27981, 25964]
>>>> [CONFIG: target(4), prim(dec_op)]
|40770.67|27980.99| op = [49, 51, 102, 52, 60, 57, 48]| tp = [1, 1, 1, 1, 1, 1, 1, ] | dp = [1, 1, 2, 1, 1, 1, 1, ] | algo = [0, 0, 0, 0, 0, 0, 0, ] | rc = [24, 24, 36, 16, 16, 14, 0] | gpus = [1, 1, 2, 1, 1, 1, 1] | micro_bs = 4 | time = [37581, 39234, 37273, 37109, 40564, 40770, 37118] | memory = [27811, 27890, 27976, 25729, 27901, 27980, 26204]
>>>> [CONFIG: target(5), prim(inc_dp)]
|85326.53|27901.86| op = [49, 51, 102, 52, 60, 57, 48]| tp = [1, 1, 1, 1, 1, 1, 1, ] | dp = [1, 1, 1, 1, 1, 2, 1, ] | algo = [0, 0, 0, 0, 0, 0, 0, ] | rc = [24, 24, 94, 16, 16, 0, 0] | gpus = [1, 1, 1, 1, 1, 2, 1] | micro_bs = 4 | time = [37682, 39335, 85326, 37210, 40665, 18631, 37219] | memory = [27811, 27890, 23908, 25729, 27901, 27580, 26204]
>>>> [CONFIG: target(2), prim(dec_op)]
|38839.73|27850.48| op = [49, 49, 54, 55, 55, 109, 48]| tp = [1, 1, 1, 1, 1, 1, 1, ] | dp = [1, 1, 1, 1, 1, 2, 1, ] | algo = [0, 0, 0, 0, 0, 0, 0, ] | rc = [24, 24, 20, 16, 14, 22, 0] | gpus = [1, 1, 1, 1, 1, 2, 1] | micro_bs = 4 | time = [37569, 38839, 38612, 38763, 38102, 37566, 37107] | memory = [27811, 27190, 27850, 27410, 26861, 27612, 26204]
>>>> [CONFIG: target(1), prim(dec_mbs)]
|36801.99|27588.51| op = [49, 49, 54, 55, 55, 109, 48]| tp = [1, 1, 1, 1, 1, 1, 1, ] | dp = [1, 1, 1, 1, 1, 2, 1, ] | algo = [0, 0, 0, 0, 0, 0, 0, ] | rc = [12, 10, 8, 8, 6, 4, 0] | gpus = [1, 1, 1, 1, 1, 2, 1] | micro_bs = 2 | time = [33227, 34313, 34623, 35952, 35139, 35719, 36801] | memory = [26853, 27081, 26903, 23985, 23582, 27588, 16352]
>>>> [CONFIG: target(6), prim(dec_op)]
|36273.22|27758.54| op = [49, 49, 54, 55, 55, 112, 45]| tp = [1, 1, 1, 1, 1, 1, 1, ] | dp = [1, 1, 1, 1, 1, 2, 1, ] | algo = [0, 0, 0, 0, 0, 0, 0, ] | rc = [12, 10, 8, 8, 6, 4, 0] | gpus = [1, 1, 1, 1, 1, 2, 1] | micro_bs = 2 | time = [33226, 34313, 34623, 35951, 35138, 36022, 36273] | memory = [26853, 27081, 26903, 23985, 23582, 27758, 16182]

[ Trial 7 ] |36273.22|27758.54| op = [49, 49, 54, 55, 55, 112, 45]| tp = [1, 1, 1, 1, 1, 1, 1, ] | dp = [1, 1, 1, 1, 1, 2, 1, ] | algo = [0, 0, 0, 0, 0, 0, 0, ] | rc = [12, 10, 8, 8, 6, 4, 0] | gpus = [1, 1, 1, 1, 1, 2, 1] | micro_bs = 2 | time = [33226, 34313, 34623, 35951, 35138, 36022, 36273] | memory = [26853, 27081, 26903, 23985, 23582, 27758, 16182]
>>>> [CONFIG: target(6), prim(inc_mbs)]
|38838.73|27853.05| op = [49, 49, 54, 55, 55, 112, 45]| tp = [1, 1, 1, 1, 1, 1, 1, ] | dp = [1, 1, 1, 1, 1, 2, 1, ] | algo = [0, 0, 0, 0, 0, 0, 0, ] | rc = [24, 24, 20, 16, 14, 22, 0] | gpus = [1, 1, 1, 1, 1, 2, 1] | micro_bs = 4 | time = [37568, 38838, 38611, 38762, 38101, 37829, 36585] | memory = [27811, 27190, 27850, 27410, 26861, 27853, 25964]
>>>> [CONFIG: target(1), prim(inc_dp)]
|85303.73|27970.11| op = [49, 49, 54, 55, 55, 112, 45]| tp = [1, 1, 1, 1, 1, 1, 1, ] | dp = [1, 2, 1, 1, 1, 1, 1, ] | algo = [0, 0, 0, 0, 0, 0, 0, ] | rc = [24, 10, 20, 16, 14, 56, 0] | gpus = [1, 2, 1, 1, 1, 1, 1] | micro_bs = 4 | time = [37672, 18006, 38715, 38865, 38205, 85303, 36689] | memory = [27811, 27081, 27850, 27410, 26861, 27970, 25964]
>>>> [CONFIG: target(5), prim(dec_mbs)]
|74285.19|27853.05| op = [49, 49, 54, 55, 55, 112, 45]| tp = [1, 1, 1, 1, 1, 1, 1, ] | dp = [1, 2, 1, 1, 1, 1, 1, ] | algo = [0, 0, 0, 0, 0, 0, 0, ] | rc = [12, 4, 8, 8, 6, 22, 0] | gpus = [1, 2, 1, 1, 1, 1, 1] | micro_bs = 2 | time = [33268, 17250, 34664, 35993, 35180, 74285, 36314] | memory = [26853, 24082, 26903, 23985, 23582, 27853, 16182]
>>>> [CONFIG: target(5), prim(inc_tp)]
|87009.25|27081.30| op = [49, 49, 54, 55, 55, 112, 45]| tp = [1, 1, 1, 1, 1, 2, 1, ] | dp = [1, 1, 1, 1, 1, 1, 1, ] | algo = [0, 0, 0, 0, 0, 0, 0, ] | rc = [12, 10, 8, 8, 6, 0, 0] | gpus = [1, 1, 1, 1, 1, 2, 1] | micro_bs = 2 | time = [33326, 34412, 34722, 36051, 35238, 87009, 36372] | memory = [26853, 27081, 26903, 23985, 23582, 25717, 16182]
>>>> [CONFIG: target(5), prim(dec_op)]
|44214.87|27957.24| op = [50, 62, 66, 62, 64, 55, 60]| tp = [1, 1, 1, 1, 1, 2, 1, ] | dp = [1, 1, 1, 1, 1, 1, 1, ] | algo = [0, 0, 0, 0, 0, 0, 0, ] | rc = [12, 16, 14, 15, 8, 0, 0] | gpus = [1, 1, 1, 1, 1, 2, 1] | micro_bs = 2 | time = [34779, 43147, 43953, 44060, 43178, 44191, 44214] | memory = [27813, 27189, 27755, 27957, 24748, 14250, 19476]
>>>> [CONFIG: target(6), prim(inc_dp)]
|44000.86|27957.24| op = [50, 62, 66, 62, 64, 55, 60]| tp = [1, 1, 1, 1, 1, 1, 1, ] | dp = [1, 1, 1, 1, 1, 1, 2, ] | algo = [0, 0, 0, 0, 0, 0, 0, ] | rc = [12, 16, 14, 15, 8, 0, 0] | gpus = [1, 1, 1, 1, 1, 1, 2] | micro_bs = 2 | time = [34720, 43088, 43893, 44000, 43118, 34383, 23368] | memory = [27813, 27189, 27755, 27957, 24748, 27300, 13528]
>>>> [CONFIG: target(3), prim(dec_op)]
|35855.40|27961.61| op = [50, 53, 55, 53, 53, 58, 97]| tp = [1, 1, 1, 1, 1, 1, 1, ] | dp = [1, 1, 1, 1, 1, 1, 2, ] | algo = [0, 0, 0, 0, 0, 0, 0, ] | rc = [12, 12, 8, 8, 6, 0, 0] | gpus = [1, 1, 1, 1, 1, 1, 2] | micro_bs = 2 | time = [34683, 35815, 35855, 35434, 35364, 35296, 35232] | memory = [27813, 27961, 27603, 23484, 24448, 27400, 20289]

[ Trial 8 ] |35855.40|27961.61| op = [50, 53, 55, 53, 53, 58, 97]| tp = [1, 1, 1, 1, 1, 1, 1, ] | dp = [1, 1, 1, 1, 1, 1, 2, ] | algo = [0, 0, 0, 0, 0, 0, 0, ] | rc = [12, 12, 8, 8, 6, 0, 0] | gpus = [1, 1, 1, 1, 1, 1, 2] | micro_bs = 2 | time = [34683, 35815, 35855, 35434, 35364, 35296, 35232] | memory = [27813, 27961, 27603, 23484, 24448, 27400, 20289]
>>>> [CONFIG: target(2), prim(inc_dp)]
|69445.07|27961.61| op = [50, 53, 55, 53, 53, 58, 97]| tp = [1, 1, 1, 1, 1, 1, 1, ] | dp = [1, 1, 2, 1, 1, 1, 1, ] | algo = [0, 0, 0, 0, 0, 0, 0, ] | rc = [12, 12, 0, 8, 6, 0, 8] | gpus = [1, 1, 2, 1, 1, 1, 1] | micro_bs = 2 | time = [34714, 35846, 17675, 35465, 35396, 35327, 69445] | memory = [27813, 27961, 27345, 23484, 24448, 27400, 27926]
>>>> [CONFIG: target(6), prim(dec_op)]
|36817.09|27961.61| op = [50, 53, 99, 52, 58, 59, 48]| tp = [1, 1, 1, 1, 1, 1, 1, ] | dp = [1, 1, 2, 1, 1, 1, 1, ] | algo = [0, 0, 0, 0, 0, 0, 0, ] | rc = [12, 12, 18, 8, 6, 0, 0] | gpus = [1, 1, 2, 1, 1, 1, 1] | micro_bs = 2 | time = [34686, 35818, 35084, 34246, 36817, 35751, 36808] | memory = [27813, 27961, 27448, 22944, 24442, 27680, 16352]
>>>> [CONFIG: target(4), prim(dec_op)]
|36280.46|27961.61| op = [50, 53, 102, 53, 54, 62, 45]| tp = [1, 1, 1, 1, 1, 1, 1, ] | dp = [1, 1, 2, 1, 1, 1, 1, ] | algo = [0, 0, 0, 0, 0, 0, 0, ] | rc = [12, 12, 18, 8, 6, 0, 0] | gpus = [1, 1, 2, 1, 1, 1, 1] | micro_bs = 2 | time = [34686, 35818, 35387, 35699, 35142, 36280, 36280] | memory = [27813, 27961, 27723, 23664, 23672, 27920, 16182]
>>>> [CONFIG: target(6), prim(inc_dp)]
|71716.41|27961.61| op = [50, 53, 102, 53, 54, 62, 45]| tp = [1, 1, 1, 1, 1, 1, 1, ] | dp = [1, 1, 1, 1, 1, 1, 2, ] | algo = [0, 0, 0, 0, 0, 0, 0, ] | rc = [12, 12, 34, 8, 6, 0, 0] | gpus = [1, 1, 1, 1, 1, 1, 2] | micro_bs = 2 | time = [34724, 35856, 71716, 35737, 35180, 36317, 19247] | memory = [27813, 27961, 27926, 23664, 23672, 27920, 11281]
>>>> [CONFIG: target(2), prim(inc_mbs)]
|83980.23|27921.25| op = [50, 53, 102, 53, 54, 62, 45]| tp = [1, 1, 1, 1, 1, 1, 1, ] | dp = [1, 1, 1, 1, 1, 1, 2, ] | algo = [0, 0, 0, 0, 0, 0, 0, ] | rc = [29, 27, 94, 16, 14, 18, 0] | gpus = [1, 1, 1, 1, 1, 1, 2] | micro_bs = 4 | time = [40286, 40727, 83980, 38668, 38244, 42737, 19023] | memory = [27511, 27891, 24608, 26769, 27041, 27921, 16182]
>>>> [CONFIG: target(2), prim(dec_op)]
|40602.93|27936.55| op = [50, 53, 52, 55, 53, 56, 100]| tp = [1, 1, 1, 1, 1, 1, 1, ] | dp = [1, 1, 1, 1, 1, 1, 2, ] | algo = [0, 0, 0, 0, 0, 0, 0, ] | rc = [29, 27, 20, 16, 14, 12, 12] | gpus = [1, 1, 1, 1, 1, 1, 2] | micro_bs = 4 | time = [40162, 40602, 38496, 38713, 37757, 39121, 36253] | memory = [27511, 27891, 27850, 27170, 26341, 27920, 27936]
>>>> [CONFIG: target(1), prim(dec_mbs)]
|35850.12|27961.61| op = [50, 53, 52, 55, 53, 56, 100]| tp = [1, 1, 1, 1, 1, 1, 1, ] | dp = [1, 1, 1, 1, 1, 1, 2, ] | algo = [0, 0, 0, 0, 0, 0, 0, ] | rc = [12, 12, 8, 8, 4, 0, 0] | gpus = [1, 1, 1, 1, 1, 1, 2] | micro_bs = 2 | time = [34678, 35810, 34544, 35850, 34004, 34525, 35529] | memory = [27813, 27961, 26853, 23865, 26728, 27240, 20436]

[ Trial 9 ] |35850.12|27961.61| op = [50, 53, 52, 55, 53, 56, 100]| tp = [1, 1, 1, 1, 1, 1, 1, ] | dp = [1, 1, 1, 1, 1, 1, 2, ] | algo = [0, 0, 0, 0, 0, 0, 0, ] | rc = [12, 12, 8, 8, 4, 0, 0] | gpus = [1, 1, 1, 1, 1, 1, 2] | micro_bs = 2 | time = [34678, 35810, 34544, 35850, 34004, 34525, 35529] | memory = [27813, 27961, 26853, 23865, 26728, 27240, 20436]
>>>> [CONFIG: target(3), prim(inc_dp)]
|71081.96|27961.61| op = [50, 53, 52, 55, 53, 56, 100]| tp = [1, 1, 1, 1, 1, 1, 1, ] | dp = [1, 1, 1, 2, 1, 1, 1, ] | algo = [0, 0, 0, 0, 0, 0, 0, ] | rc = [12, 12, 8, 0, 4, 0, 12] | gpus = [1, 1, 1, 2, 1, 1, 1] | micro_bs = 2 | time = [34712, 35843, 34578, 17672, 34037, 34559, 71081] | memory = [27813, 27961, 26853, 23172, 26728, 27240, 27936]
>>>> [CONFIG: target(6), prim(dec_op)]
|36807.37|27961.61| op = [50, 53, 52, 103, 54, 59, 48]| tp = [1, 1, 1, 1, 1, 1, 1, ] | dp = [1, 1, 1, 2, 1, 1, 1, ] | algo = [0, 0, 0, 0, 0, 0, 0, ] | rc = [12, 12, 8, 16, 6, 0, 0] | gpus = [1, 1, 1, 2, 1, 1, 1] | micro_bs = 2 | time = [34685, 35817, 34551, 35810, 35141, 35750, 36807] | memory = [27813, 27961, 26853, 25769, 23672, 27680, 16352]
>>>> [CONFIG: target(6), prim(dec_op)]
|36279.04|27961.61| op = [50, 53, 52, 103, 54, 62, 45]| tp = [1, 1, 1, 1, 1, 1, 1, ] | dp = [1, 1, 1, 2, 1, 1, 1, ] | algo = [0, 0, 0, 0, 0, 0, 0, ] | rc = [12, 12, 8, 16, 6, 0, 0] | gpus = [1, 1, 1, 2, 1, 1, 1] | micro_bs = 2 | time = [34685, 35817, 34551, 35810, 35141, 36278, 36279] | memory = [27813, 27961, 26853, 25769, 23672, 27920, 16182]
>>>> [CONFIG: target(6), prim(inc_dp)]
|72566.61|27961.61| op = [50, 53, 52, 103, 54, 62, 45]| tp = [1, 1, 1, 1, 1, 1, 1, ] | dp = [1, 1, 1, 1, 1, 1, 2, ] | algo = [0, 0, 0, 0, 0, 0, 0, ] | rc = [12, 12, 8, 32, 6, 0, 0] | gpus = [1, 1, 1, 1, 1, 1, 2] | micro_bs = 2 | time = [34723, 35855, 34590, 72566, 35180, 36317, 19246] | memory = [27813, 27961, 26853, 27793, 23672, 27920, 11281]
>>>> [CONFIG: target(3), prim(dec_op)]
|35811.89|27961.61| op = [50, 53, 52, 53, 55, 59, 97]| tp = [1, 1, 1, 1, 1, 1, 1, ] | dp = [1, 1, 1, 1, 1, 1, 2, ] | algo = [0, 0, 0, 0, 0, 0, 0, ] | rc = [12, 12, 8, 8, 6, 0, 0] | gpus = [1, 1, 1, 1, 1, 1, 2] | micro_bs = 2 | time = [34680, 35811, 34546, 35651, 34918, 35055, 35228] | memory = [27813, 27961, 26853, 23664, 23422, 27480, 20289]

[ Trial 10 ] |35811.89|27961.61| op = [50, 53, 52, 53, 55, 59, 97]| tp = [1, 1, 1, 1, 1, 1, 1, ] | dp = [1, 1, 1, 1, 1, 1, 2, ] | algo = [0, 0, 0, 0, 0, 0, 0, ] | rc = [12, 12, 8, 8, 6, 0, 0] | gpus = [1, 1, 1, 1, 1, 1, 2] | micro_bs = 2 | time = [34680, 35811, 34546, 35651, 34918, 35055, 35228] | memory = [27813, 27961, 26853, 23664, 23422, 27480, 20289]
>>>> [CONFIG: target(1), prim(inc_dp)]
|69441.99|27926.52| op = [50, 53, 52, 53, 55, 59, 97]| tp = [1, 1, 1, 1, 1, 1, 1, ] | dp = [1, 2, 1, 1, 1, 1, 1, ] | algo = [0, 0, 0, 0, 0, 0, 0, ] | rc = [12, 4, 8, 8, 6, 0, 8] | gpus = [1, 2, 1, 1, 1, 1, 1] | micro_bs = 2 | time = [34711, 17820, 34578, 35683, 34950, 35087, 69441] | memory = [27813, 24812, 26853, 23664, 23422, 27480, 27926]
>>>> [CONFIG: target(6), prim(inc_tp)]
|82338.47|27961.61| op = [50, 53, 52, 53, 55, 59, 97]| tp = [1, 1, 1, 1, 1, 1, 2, ] | dp = [1, 1, 1, 1, 1, 1, 1, ] | algo = [0, 0, 0, 0, 0, 0, 0, ] | rc = [12, 12, 8, 8, 6, 0, 0] | gpus = [1, 1, 1, 1, 1, 1, 2] | micro_bs = 2 | time = [34772, 35903, 34638, 35744, 35010, 35147, 82338] | memory = [27813, 27961, 26853, 23664, 23422, 27480, 15134]
>>>> [CONFIG: target(6), prim(dec_op)]
|43184.74|27713.24| op = [52, 63, 61, 65, 64, 67, 47]| tp = [1, 1, 1, 1, 1, 1, 2, ] | dp = [1, 1, 1, 1, 1, 1, 1, ] | algo = [0, 0, 0, 0, 0, 0, 0, ] | rc = [14, 16, 14, 10, 9, 4, 0] | gpus = [1, 1, 1, 1, 1, 1, 2] | micro_bs = 2 | time = [36673, 43184, 42210, 42681, 42756, 42626, 42255] | memory = [25329, 27009, 26655, 27713, 26608, 26828, 8416]
>>>> [CONFIG: target(1), prim(inc_dp)]
|42704.40|27713.24| op = [52, 63, 61, 65, 64, 67, 47]| tp = [1, 1, 1, 1, 1, 1, 1, ] | dp = [1, 2, 1, 1, 1, 1, 1, ] | algo = [0, 0, 0, 0, 0, 0, 0, ] | rc = [14, 10, 14, 10, 9, 4, 0] | gpus = [1, 2, 1, 1, 1, 1, 1] | micro_bs = 2 | time = [36621, 21983, 42158, 42628, 42704, 42573, 36513] | memory = [25329, 20656, 26655, 27713, 26608, 26828, 16232]
>>>> [CONFIG: target(4), prim(dec_op)]
|36280.49|27920.63| op = [51, 99, 55, 53, 54, 62, 45]| tp = [1, 1, 1, 1, 1, 1, 1, ] | dp = [1, 2, 1, 1, 1, 1, 1, ] | algo = [0, 0, 0, 0, 0, 0, 0, ] | rc = [14, 22, 8, 8, 6, 0, 0] | gpus = [1, 2, 1, 1, 1, 1, 1] | micro_bs = 2 | time = [35439, 35693, 34775, 35699, 35143, 36280, 36280] | memory = [27813, 27623, 27003, 23664, 23672, 27920, 16182]
>>>> [CONFIG: target(6), prim(inc_dp)]
|73970.00|27920.63| op = [51, 99, 55, 53, 54, 62, 45]| tp = [1, 1, 1, 1, 1, 1, 1, ] | dp = [1, 1, 1, 1, 1, 1, 2, ] | algo = [0, 0, 0, 0, 0, 0, 0, ] | rc = [14, 44, 8, 8, 6, 0, 0] | gpus = [1, 1, 1, 1, 1, 1, 2] | micro_bs = 2 | time = [35480, 73970, 34816, 35740, 35184, 36321, 19251] | memory = [27813, 27906, 27003, 23664, 23672, 27920, 11281]
>>>> [CONFIG: target(1), prim(dec_op)]
|35713.65|27961.49| op = [51, 52, 54, 54, 53, 58, 97]| tp = [1, 1, 1, 1, 1, 1, 1, ] | dp = [1, 1, 1, 1, 1, 1, 2, ] | algo = [0, 0, 0, 0, 0, 0, 0, ] | rc = [14, 10, 8, 8, 6, 0, 0] | gpus = [1, 1, 1, 1, 1, 1, 2] | micro_bs = 2 | time = [35436, 35152, 35713, 35494, 35364, 35296, 35232] | memory = [27813, 27961, 27503, 23485, 24448, 27400, 20289]

[ Trial 11 ] |35713.65|27961.49| op = [51, 52, 54, 54, 53, 58, 97]| tp = [1, 1, 1, 1, 1, 1, 1, ] | dp = [1, 1, 1, 1, 1, 1, 2, ] | algo = [0, 0, 0, 0, 0, 0, 0, ] | rc = [14, 10, 8, 8, 6, 0, 0] | gpus = [1, 1, 1, 1, 1, 1, 2] | micro_bs = 2 | time = [35436, 35152, 35713, 35494, 35364, 35296, 35232] | memory = [27813, 27961, 27503, 23485, 24448, 27400, 20289]
>>>> [CONFIG: target(2), prim(inc_dp)]
|69445.21|27961.49| op = [51, 52, 54, 54, 53, 58, 97]| tp = [1, 1, 1, 1, 1, 1, 1, ] | dp = [1, 1, 2, 1, 1, 1, 1, ] | algo = [0, 0, 0, 0, 0, 0, 0, ] | rc = [14, 10, 0, 8, 6, 0, 8] | gpus = [1, 1, 2, 1, 1, 1, 1] | micro_bs = 2 | time = [35467, 35183, 17598, 35525, 35396, 35328, 69445] | memory = [27813, 27961, 27295, 23485, 24448, 27400, 27926]
>>>> [CONFIG: target(6), prim(dec_mbs)]
|69860.89|24572.77| op = [51, 52, 54, 54, 53, 58, 97]| tp = [1, 1, 2, 1, 1, 1, 1, ] | dp = [1, 1, 1, 1, 1, 1, 1, ] | algo = [0, 0, 0, 0, 0, 0, 0, ] | rc = [8, 4, 0, 0, 0, 0, 0] | gpus = [1, 1, 2, 1, 1, 1, 1] | micro_bs = 1 | time = [35579, 34739, 47373, 34347, 34748, 36934, 69860] | memory = [20761, 24572, 14435, 22932, 19232, 16150, 20289]
>>>> [CONFIG: target(6), prim(dec_op)]
|46036.29|27800.66| op = [51, 57, 48, 65, 65, 73, 60]| tp = [1, 1, 2, 1, 1, 1, 1, ] | dp = [1, 1, 1, 1, 1, 1, 1, ] | algo = [0, 0, 0, 0, 0, 0, 0, ] | rc = [8, 6, 0, 0, 0, 0, 0] | gpus = [1, 1, 2, 1, 1, 1, 1] | micro_bs = 1 | time = [35577, 39834, 42381, 40945, 40945, 45921, 46036] | memory = [20761, 23742, 13685, 27800, 22670, 19754, 13528]
>>>> [CONFIG: target(6), prim(inc_mbs)]
|46602.89|27813.85| op = [51, 57, 48, 65, 65, 73, 60]| tp = [1, 1, 1, 1, 1, 1, 1, ] | dp = [1, 1, 2, 1, 1, 1, 1, ] | algo = [0, 0, 0, 0, 0, 0, 0, ] | rc = [14, 14, 0, 10, 10, 8, 0] | gpus = [1, 1, 2, 1, 1, 1, 1] | micro_bs = 2 | time = [35475, 40552, 16220, 42634, 42634, 46602, 44158] | memory = [27813, 26369, 26045, 27713, 23212, 25044, 19476]
>>>> [CONFIG: target(5), prim(inc_dp)]
|44146.26|27813.85| op = [51, 57, 48, 65, 65, 73, 60]| tp = [1, 1, 1, 1, 1, 1, 1, ] | dp = [1, 1, 1, 1, 1, 2, 1, ] | algo = [0, 0, 0, 0, 0, 0, 0, ] | rc = [14, 14, 8, 10, 10, 0, 0] | gpus = [1, 1, 1, 1, 1, 2, 1] | micro_bs = 2 | time = [35463, 40540, 33290, 42622, 42622, 23302, 44146] | memory = [27813, 26369, 25703, 27713, 23212, 19754, 19476]
>>>> [CONFIG: target(6), prim(inc_dp)]
|46595.64|27813.85| op = [51, 57, 48, 65, 65, 73, 60]| tp = [1, 1, 1, 1, 1, 1, 1, ] | dp = [1, 1, 1, 1, 1, 1, 2, ] | algo = [0, 0, 0, 0, 0, 0, 0, ] | rc = [14, 14, 8, 10, 10, 8, 0] | gpus = [1, 1, 1, 1, 1, 1, 2] | micro_bs = 2 | time = [35468, 40545, 33295, 42627, 42627, 46595, 23364] | memory = [27813, 26369, 25703, 27713, 23212, 25044, 13528]
>>>> [CONFIG: target(5), prim(dec_op)]
|35655.63|27961.49| op = [51, 52, 53, 55, 53, 58, 97]| tp = [1, 1, 1, 1, 1, 1, 1, ] | dp = [1, 1, 1, 1, 1, 1, 2, ] | algo = [0, 0, 0, 0, 0, 0, 0, ] | rc = [14, 10, 8, 8, 6, 0, 0] | gpus = [1, 1, 1, 1, 1, 1, 2] | micro_bs = 2 | time = [35436, 35152, 35655, 35634, 35365, 35296, 35232] | memory = [27813, 27961, 27353, 23685, 24448, 27400, 20289]

[ Trial 12 ] |35655.63|27961.49| op = [51, 52, 53, 55, 53, 58, 97]| tp = [1, 1, 1, 1, 1, 1, 1, ] | dp = [1, 1, 1, 1, 1, 1, 2, ] | algo = [0, 0, 0, 0, 0, 0, 0, ] | rc = [14, 10, 8, 8, 6, 0, 0] | gpus = [1, 1, 1, 1, 1, 1, 2] | micro_bs = 2 | time = [35436, 35152, 35655, 35634, 35365, 35296, 35232] | memory = [27813, 27961, 27353, 23685, 24448, 27400, 20289]
>>>> [CONFIG: target(3), prim(inc_dp)]
|69445.53|27961.49| op = [51, 52, 53, 55, 53, 58, 97]| tp = [1, 1, 1, 1, 1, 1, 1, ] | dp = [1, 1, 1, 2, 1, 1, 1, ] | algo = [0, 0, 0, 0, 0, 0, 0, ] | rc = [14, 10, 8, 0, 6, 0, 8] | gpus = [1, 1, 1, 2, 1, 1, 1] | micro_bs = 2 | time = [35467, 35183, 35687, 17597, 35396, 35328, 69445] | memory = [27813, 27961, 27353, 23032, 24448, 27400, 27926]
>>>> [CONFIG: target(6), prim(dec_op)]
|36817.98|27961.49| op = [51, 52, 53, 98, 58, 59, 48]| tp = [1, 1, 1, 1, 1, 1, 1, ] | dp = [1, 1, 1, 2, 1, 1, 1, ] | algo = [0, 0, 0, 0, 0, 0, 0, ] | rc = [14, 10, 8, 16, 6, 0, 0] | gpus = [1, 1, 1, 2, 1, 1, 1] | micro_bs = 2 | time = [35439, 35156, 35659, 34040, 36817, 35752, 36809] | memory = [27813, 27961, 27353, 24408, 24442, 27680, 16352]
>>>> [CONFIG: target(4), prim(inc_dp)]
|69124.03|27961.49| op = [51, 52, 53, 98, 58, 59, 48]| tp = [1, 1, 1, 1, 1, 1, 1, ] | dp = [1, 1, 1, 1, 2, 1, 1, ] | algo = [0, 0, 0, 0, 0, 0, 0, ] | rc = [14, 10, 8, 32, 0, 0, 0] | gpus = [1, 1, 1, 1, 2, 1, 1] | micro_bs = 2 | time = [35472, 35188, 35692, 69124, 18524, 35785, 36842] | memory = [27813, 27961, 27353, 27701, 19679, 27680, 16352]
>>>> [CONFIG: target(3), prim(dec_op)]
|36278.93|27961.49| op = [51, 52, 53, 54, 102, 62, 45]| tp = [1, 1, 1, 1, 1, 1, 1, ] | dp = [1, 1, 1, 1, 2, 1, 1, ] | algo = [0, 0, 0, 0, 0, 0, 0, ] | rc = [14, 10, 8, 8, 14, 0, 0] | gpus = [1, 1, 1, 1, 2, 1, 1] | micro_bs = 2 | time = [35437, 35153, 35657, 34445, 35255, 36278, 36278] | memory = [27813, 27961, 27353, 23145, 23873, 27920, 16182]
>>>> [CONFIG: target(6), prim(inc_dp)]
|70494.43|27961.49| op = [51, 52, 53, 54, 102, 62, 45]| tp = [1, 1, 1, 1, 1, 1, 1, ] | dp = [1, 1, 1, 1, 1, 1, 2, ] | algo = [0, 0, 0, 0, 0, 0, 0, ] | rc = [14, 10, 8, 8, 26, 0, 0] | gpus = [1, 1, 1, 1, 1, 1, 2] | micro_bs = 2 | time = [35473, 35189, 35692, 34480, 70494, 36314, 19243] | memory = [27813, 27961, 27353, 23145, 27523, 27920, 11281]
>>>> [CONFIG: target(4), prim(dec_op)]
|35650.18|27961.49| op = [51, 52, 53, 54, 53, 59, 97]| tp = [1, 1, 1, 1, 1, 1, 1, ] | dp = [1, 1, 1, 1, 1, 1, 2, ] | algo = [0, 0, 0, 0, 0, 0, 0, ] | rc = [14, 10, 8, 8, 4, 0, 0] | gpus = [1, 1, 1, 1, 1, 1, 2] | micro_bs = 2 | time = [35430, 35146, 35650, 34438, 34004, 35054, 35226] | memory = [27813, 27961, 27353, 23145, 26728, 27480, 20289]

[ Trial 13 ] |35650.18|27961.49| op = [51, 52, 53, 54, 53, 59, 97]| tp = [1, 1, 1, 1, 1, 1, 1, ] | dp = [1, 1, 1, 1, 1, 1, 2, ] | algo = [0, 0, 0, 0, 0, 0, 0, ] | rc = [14, 10, 8, 8, 4, 0, 0] | gpus = [1, 1, 1, 1, 1, 1, 2] | micro_bs = 2 | time = [35430, 35146, 35650, 34438, 34004, 35054, 35226] | memory = [27813, 27961, 27353, 23145, 26728, 27480, 20289]
>>>> [CONFIG: target(2), prim(inc_dp)]
|69439.95|27961.49| op = [51, 52, 53, 54, 53, 59, 97]| tp = [1, 1, 1, 1, 1, 1, 1, ] | dp = [1, 1, 2, 1, 1, 1, 1, ] | algo = [0, 0, 0, 0, 0, 0, 0, ] | rc = [14, 10, 0, 8, 4, 0, 8] | gpus = [1, 1, 2, 1, 1, 1, 1] | micro_bs = 2 | time = [35462, 35178, 17550, 34469, 34035, 35085, 69439] | memory = [27813, 27961, 27220, 23145, 26728, 27480, 27926]
>>>> [CONFIG: target(6), prim(inc_mbs)]
|76928.75|27981.12| op = [51, 52, 53, 54, 53, 59, 97]| tp = [1, 1, 1, 1, 1, 1, 1, ] | dp = [1, 1, 2, 1, 1, 1, 1, ] | algo = [0, 0, 0, 0, 0, 0, 0, ] | rc = [30, 26, 8, 16, 14, 14, 30] | gpus = [1, 1, 2, 1, 1, 1, 1] | micro_bs = 4 | time = [40497, 40595, 18669, 37381, 37838, 40287, 76928] | memory = [27511, 27530, 27353, 26130, 26341, 27981, 27853]
>>>> [CONFIG: target(6), prim(dec_op)]
|42920.57|27961.49| op = [51, 45, 102, 56, 51, 59, 55]| tp = [1, 1, 1, 1, 1, 1, 1, ] | dp = [1, 1, 2, 1, 1, 1, 1, ] | algo = [0, 0, 0, 0, 0, 0, 0, ] | rc = [30, 16, 50, 20, 21, 12, 4] | gpus = [1, 1, 2, 1, 1, 1, 1] | micro_bs = 4 | time = [40447, 34933, 39170, 41526, 38968, 41031, 42920] | memory = [27511, 27870, 27796, 26209, 27961, 27613, 27788]
>>>> [CONFIG: target(6), prim(inc_dp)]
|85935.13|27961.49| op = [51, 45, 102, 56, 51, 59, 55]| tp = [1, 1, 1, 1, 1, 1, 1, ] | dp = [1, 1, 1, 1, 1, 1, 2, ] | algo = [0, 0, 0, 0, 0, 0, 0, ] | rc = [30, 16, 102, 20, 21, 12, 0] | gpus = [1, 1, 1, 1, 1, 1, 2] | micro_bs = 4 | time = [40546, 35031, 85935, 41624, 39066, 41129, 21465] | memory = [27511, 27870, 27328, 26209, 27961, 27613, 18446]
>>>> [CONFIG: target(2), prim(dec_op)]
|43476.31|27940.99| op = [51, 45, 52, 50, 53, 56, 112]| tp = [1, 1, 1, 1, 1, 1, 1, ] | dp = [1, 1, 1, 1, 1, 1, 2, ] | algo = [0, 0, 0, 0, 0, 0, 0, ] | rc = [30, 16, 32, 20, 20, 13, 12] | gpus = [1, 1, 1, 1, 1, 1, 2] | micro_bs = 4 | time = [40440, 34926, 43476, 37947, 40076, 40082, 40215] | memory = [27511, 27870, 27489, 27905, 27553, 27940, 26692]
>>>> [CONFIG: target(2), prim(dec_mbs)]
|39357.95|27813.85| op = [51, 45, 52, 50, 53, 56, 112]| tp = [1, 1, 1, 1, 1, 1, 1, ] | dp = [1, 1, 1, 1, 1, 1, 2, ] | algo = [0, 0, 0, 0, 0, 0, 0, ] | rc = [14, 8, 10, 8, 6, 0, 0] | gpus = [1, 1, 1, 1, 1, 1, 2] | micro_bs = 2 | time = [35436, 31704, 36916, 33907, 35365, 35093, 39357] | memory = [27813, 25961, 27065, 22944, 24448, 27300, 22686]
>>>> [CONFIG: target(6), prim(dec_op)]
|35545.39|27813.85| op = [51, 51, 52, 52, 56, 57, 100]| tp = [1, 1, 1, 1, 1, 1, 1, ] | dp = [1, 1, 1, 1, 1, 1, 2, ] | algo = [0, 0, 0, 0, 0, 0, 0, ] | rc = [14, 10, 8, 8, 6, 0, 0] | gpus = [1, 1, 1, 1, 1, 1, 2] | micro_bs = 2 | time = [35432, 34951, 34546, 34546, 35336, 35545, 35531] | memory = [27813, 27481, 26853, 23185, 23822, 27580, 20436]

[ Trial 14 ] |35545.39|27813.85| op = [51, 51, 52, 52, 56, 57, 100]| tp = [1, 1, 1, 1, 1, 1, 1, ] | dp = [1, 1, 1, 1, 1, 1, 2, ] | algo = [0, 0, 0, 0, 0, 0, 0, ] | rc = [14, 10, 8, 8, 6, 0, 0] | gpus = [1, 1, 1, 1, 1, 1, 2] | micro_bs = 2 | time = [35432, 34951, 34546, 34546, 35336, 35545, 35531] | memory = [27813, 27481, 26853, 23185, 23822, 27580, 20436]
>>>> [CONFIG: target(5), prim(inc_mbs)]
|40778.70|27980.99| op = [51, 51, 52, 52, 56, 57, 100]| tp = [1, 1, 1, 1, 1, 1, 1, ] | dp = [1, 1, 1, 1, 1, 1, 2, ] | algo = [0, 0, 0, 0, 0, 0, 0, ] | rc = [30, 25, 20, 16, 14, 14, 12] | gpus = [1, 1, 1, 1, 1, 1, 2] | micro_bs = 4 | time = [40419, 40262, 38362, 37368, 38308, 40778, 36255] | memory = [27511, 27530, 27850, 26210, 27341, 27980, 27936]
>>>> [CONFIG: target(5), prim(inc_dp)]
|78012.88|27933.09| op = [51, 51, 52, 52, 56, 57, 100]| tp = [1, 1, 1, 1, 1, 1, 1, ] | dp = [1, 1, 1, 1, 1, 2, 1, ] | algo = [0, 0, 0, 0, 0, 0, 0, ] | rc = [30, 25, 20, 16, 14, 0, 32] | gpus = [1, 1, 1, 1, 1, 2, 1] | micro_bs = 4 | time = [40496, 40338, 38438, 37444, 38384, 18614, 78012] | memory = [27511, 27530, 27850, 26210, 27341, 27580, 27933]
>>>> [CONFIG: target(6), prim(dec_op)]
|38839.73|27850.48| op = [49, 49, 54, 54, 56, 109, 48]| tp = [1, 1, 1, 1, 1, 1, 1, ] | dp = [1, 1, 1, 1, 1, 2, 1, ] | algo = [0, 0, 0, 0, 0, 0, 0, ] | rc = [24, 24, 20, 16, 14, 22, 0] | gpus = [1, 1, 1, 1, 1, 2, 1] | micro_bs = 4 | time = [37569, 38839, 38612, 38577, 38288, 37566, 37107] | memory = [27811, 27190, 27850, 26770, 27341, 27612, 26204]
>>>> [CONFIG: target(1), prim(dec_mbs)]
|36801.99|27588.51| op = [49, 49, 54, 54, 56, 109, 48]| tp = [1, 1, 1, 1, 1, 1, 1, ] | dp = [1, 1, 1, 1, 1, 2, 1, ] | algo = [0, 0, 0, 0, 0, 0, 0, ] | rc = [12, 10, 8, 8, 6, 4, 0] | gpus = [1, 1, 1, 1, 1, 2, 1] | micro_bs = 2 | time = [33227, 34313, 34623, 35755, 35336, 35719, 36801] | memory = [26853, 27081, 26903, 23665, 23822, 27588, 16352]
>>>> [CONFIG: target(6), prim(dec_op)]
|36273.22|27758.54| op = [49, 49, 54, 54, 56, 112, 45]| tp = [1, 1, 1, 1, 1, 1, 1, ] | dp = [1, 1, 1, 1, 1, 2, 1, ] | algo = [0, 0, 0, 0, 0, 0, 0, ] | rc = [12, 10, 8, 8, 6, 4, 0] | gpus = [1, 1, 1, 1, 1, 2, 1] | micro_bs = 2 | time = [33226, 34313, 34623, 35754, 35335, 36022, 36273] | memory = [26853, 27081, 26903, 23665, 23822, 27758, 16182]
>>>> [CONFIG: target(6), prim(inc_dp)]
|74285.26|27853.05| op = [49, 49, 54, 54, 56, 112, 45]| tp = [1, 1, 1, 1, 1, 1, 1, ] | dp = [1, 1, 1, 1, 1, 1, 2, ] | algo = [0, 0, 0, 0, 0, 0, 0, ] | rc = [12, 10, 8, 8, 6, 22, 0] | gpus = [1, 1, 1, 1, 1, 1, 2] | micro_bs = 2 | time = [33268, 34354, 34664, 35796, 35377, 74285, 19243] | memory = [26853, 27081, 26903, 23665, 23822, 27853, 11281]
>>>> [CONFIG: target(5), prim(dec_op)]
|35544.30|27961.61| op = [50, 52, 52, 52, 56, 57, 100]| tp = [1, 1, 1, 1, 1, 1, 1, ] | dp = [1, 1, 1, 1, 1, 1, 2, ] | algo = [0, 0, 0, 0, 0, 0, 0, ] | rc = [12, 10, 8, 8, 6, 0, 0] | gpus = [1, 1, 1, 1, 1, 1, 2] | micro_bs = 2 | time = [34679, 35147, 34545, 34545, 35335, 35544, 35530] | memory = [27813, 27961, 26853, 23185, 23822, 27580, 20436]

num_targets: [1, 1, 1, 1, 1, 1, 1, 1, 1, 1, 1, 1, 2, 1, 1]
num_hops: [1, 2, 1, 1, 1, 7, 7, 7, 7, 5, 7, 7, 6, 7, 7]
search time = 200.04 s.  [0, 1, 2, 3, 4, 5, 6, 8, 18, 23, 27, 45, 80, 125, 155, 172, 209] 
num_explored_cases = 12924
time trend: [51587, 49971, 42992, 42632, 38070, 36278, 36276, 36273, 35855, 35850, 35811, 35713, 35655, 35650, 35545, 35544, 35544]

working on num_stages = 6
config has been saved to /home/liminglong.lml/sxz/SuperScaler/logs-large/aceso/configs/gpt/2_6B/gpt_2_6B_6stages_2026-5-14-5-58-20.json

========== Best Result (num_stages = 6) ==========
|35628.06|27723.28| op = [51, 102, 53, 55, 58, 100]| tp = [1, 1, 1, 1, 1, 1, ] | dp = [1, 2, 1, 1, 1, 2, ] | algo = [0, 0, 0, 0, 0, 0, ] | rc = [12, 18, 8, 6, 0, 0] | gpus = [1, 2, 1, 1, 1, 2] | micro_bs = 2 | time = [34812, 35315, 35628, 35129, 35540, 35466] | memory = [25849, 27723, 23664, 23762, 27580, 20436]
start|61558.88|26892.72| op = [69, 69, 69, 69, 69, 74]| tp = [2, 2, 1, 1, 1, 1, ] | dp = [1, 1, 1, 1, 1, 1, ] | algo = [0, 0, 0, 0, 0, 0, ] | rc = [0, 0, 2, 0, 0, 0] | gpus = [2, 2, 1, 1, 1, 1] | micro_bs = 1 | time = [61558, 59660, 43601, 44011, 44166, 54439] | memory = [22259, 19570, 26892, 23655, 19264, 15860]

[ Trial 0 ] |61558.88|26892.72| op = [69, 69, 69, 69, 69, 74]| tp = [2, 2, 1, 1, 1, 1, ] | dp = [1, 1, 1, 1, 1, 1, ] | algo = [0, 0, 0, 0, 0, 0, ] | rc = [0, 0, 2, 0, 0, 0] | gpus = [2, 2, 1, 1, 1, 1] | micro_bs = 1 | time = [61558, 59660, 43601, 44011, 44166, 54439] | memory = [22259, 19570, 26892, 23655, 19264, 15860]
>>>> [CONFIG: target(0), prim(dec_tp)]
|59661.75|26892.72| op = [69, 69, 69, 69, 69, 74]| tp = [1, 2, 1, 1, 2, 1, ] | dp = [1, 1, 1, 1, 1, 1, ] | algo = [0, 0, 0, 0, 0, 0, ] | rc = [10, 0, 2, 0, 0, 0] | gpus = [1, 2, 1, 1, 2, 1] | micro_bs = 1 | time = [48711, 59661, 43602, 44012, 58195, 54440] | memory = [25489, 19570, 26892, 23655, 9992, 15860]

[ Trial 1 ] |59661.75|26892.72| op = [69, 69, 69, 69, 69, 74]| tp = [1, 2, 1, 1, 2, 1, ] | dp = [1, 1, 1, 1, 1, 1, ] | algo = [0, 0, 0, 0, 0, 0, ] | rc = [10, 0, 2, 0, 0, 0] | gpus = [1, 2, 1, 1, 2, 1] | micro_bs = 1 | time = [48711, 59661, 43602, 44012, 58195, 54440] | memory = [25489, 19570, 26892, 23655, 9992, 15860]
>>>> [CONFIG: target(1), prim(dec_tp)]
|58715.94|25489.10| op = [69, 69, 69, 69, 69, 74]| tp = [1, 1, 2, 1, 2, 1, ] | dp = [1, 1, 1, 1, 1, 1, ] | algo = [0, 0, 0, 0, 0, 0, ] | rc = [10, 10, 0, 0, 0, 0] | gpus = [1, 1, 2, 1, 2, 1] | micro_bs = 1 | time = [48715, 48403, 58715, 44016, 58199, 54444] | memory = [25489, 23466, 15100, 23655, 9992, 15860]

[ Trial 2 ] |58715.94|25489.10| op = [69, 69, 69, 69, 69, 74]| tp = [1, 1, 2, 1, 2, 1, ] | dp = [1, 1, 1, 1, 1, 1, ] | algo = [0, 0, 0, 0, 0, 0, ] | rc = [10, 10, 0, 0, 0, 0] | gpus = [1, 1, 2, 1, 2, 1] | micro_bs = 1 | time = [48715, 48403, 58715, 44016, 58199, 54444] | memory = [25489, 23466, 15100, 23655, 9992, 15860]
>>>> [CONFIG: target(2), prim(inc_mbs)]
|52069.06|27905.55| op = [69, 69, 69, 69, 69, 74]| tp = [1, 1, 1, 1, 1, 1, ] | dp = [1, 1, 2, 1, 2, 1, ] | algo = [0, 0, 0, 0, 0, 0, ] | rc = [20, 19, 2, 10, 0, 0] | gpus = [1, 1, 2, 1, 2, 1] | micro_bs = 2 | time = [49180, 49112, 22094, 45383, 22376, 52069] | memory = [27738, 27905, 26892, 24483, 19264, 22840]

[ Trial 3 ] |52069.06|27905.55| op = [69, 69, 69, 69, 69, 74]| tp = [1, 1, 1, 1, 1, 1, ] | dp = [1, 1, 2, 1, 2, 1, ] | algo = [0, 0, 0, 0, 0, 0, ] | rc = [20, 19, 2, 10, 0, 0] | gpus = [1, 1, 2, 1, 2, 1] | micro_bs = 2 | time = [49180, 49112, 22094, 45383, 22376, 52069] | memory = [27738, 27905, 26892, 24483, 19264, 22840]
>>>> [CONFIG: target(5), prim(dec_op)]
|37368.34|27348.51| op = [55, 54, 102, 53, 108, 47]| tp = [1, 1, 1, 1, 1, 1, ] | dp = [1, 1, 2, 1, 2, 1, ] | algo = [0, 0, 0, 0, 0, 0, ] | rc = [12, 10, 16, 6, 4, 0] | gpus = [1, 1, 2, 1, 2, 1] | micro_bs = 2 | time = [37318, 37368, 35483, 35306, 35366, 36422] | memory = [27329, 27265, 25809, 24448, 27348, 16232]

[ Trial 4 ] |37368.34|27348.51| op = [55, 54, 102, 53, 108, 47]| tp = [1, 1, 1, 1, 1, 1, ] | dp = [1, 1, 2, 1, 2, 1, ] | algo = [0, 0, 0, 0, 0, 0, ] | rc = [12, 10, 16, 6, 4, 0] | gpus = [1, 1, 2, 1, 2, 1] | micro_bs = 2 | time = [37318, 37368, 35483, 35306, 35366, 36422] | memory = [27329, 27265, 25809, 24448, 27348, 16232]
>>>> [CONFIG: target(1), prim(dec_op)]
|36209.45|27438.54| op = [54, 53, 103, 53, 111, 45]| tp = [1, 1, 1, 1, 1, 1, ] | dp = [1, 1, 2, 1, 2, 1, ] | algo = [0, 0, 0, 0, 0, 0, ] | rc = [12, 8, 16, 4, 4, 0] | gpus = [1, 1, 2, 1, 2, 1] | micro_bs = 2 | time = [36117, 35366, 35091, 33941, 35377, 36209] | memory = [26669, 27153, 25469, 26728, 27438, 16182]

[ Trial 5 ] |36209.45|27438.54| op = [54, 53, 103, 53, 111, 45]| tp = [1, 1, 1, 1, 1, 1, ] | dp = [1, 1, 2, 1, 2, 1, ] | algo = [0, 0, 0, 0, 0, 0, ] | rc = [12, 8, 16, 4, 4, 0] | gpus = [1, 1, 2, 1, 2, 1] | micro_bs = 2 | time = [36117, 35366, 35091, 33941, 35377, 36209] | memory = [26669, 27153, 25469, 26728, 27438, 16182]
>>>> [CONFIG: target(5), prim(inc_mbs)]
|41521.82|27813.98| op = [54, 53, 103, 53, 111, 45]| tp = [1, 1, 1, 1, 1, 1, ] | dp = [1, 1, 2, 1, 2, 1, ] | algo = [0, 0, 0, 0, 0, 0, ] | rc = [28, 22, 30, 14, 22, 0] | gpus = [1, 1, 2, 1, 2, 1] | micro_bs = 4 | time = [41521, 39889, 35989, 37599, 37180, 36445] | memory = [27571, 27350, 27813, 26341, 27513, 25964]
>>>> [CONFIG: target(0), prim(dec_op)]
|37755.84|27851.16| op = [49, 51, 107, 53, 111, 48]| tp = [1, 1, 1, 1, 1, 1, ] | dp = [1, 1, 2, 1, 2, 1, ] | algo = [0, 0, 0, 0, 0, 0, ] | rc = [20, 18, 32, 14, 22, 0] | gpus = [1, 1, 2, 1, 2, 1] | micro_bs = 4 | time = [36277, 37365, 37632, 37755, 37505, 36945] | memory = [27851, 27850, 27186, 26561, 27713, 26204]
>>>> [CONFIG: target(3), prim(dec_mbs)]
|36734.70|27638.55| op = [49, 51, 107, 53, 111, 48]| tp = [1, 1, 1, 1, 1, 1, ] | dp = [1, 1, 2, 1, 2, 1, ] | algo = [0, 0, 0, 0, 0, 0, ] | rc = [10, 8, 16, 6, 4, 0] | gpus = [1, 1, 2, 1, 2, 1] | micro_bs = 2 | time = [32558, 34028, 36548, 34871, 35772, 36734] | memory = [27561, 26453, 26529, 23432, 27638, 16352]
>>>> [CONFIG: target(5), prim(dec_op)]
|36207.85|27758.58| op = [49, 53, 105, 54, 113, 45]| tp = [1, 1, 1, 1, 1, 1, ] | dp = [1, 1, 2, 1, 2, 1, ] | algo = [0, 0, 0, 0, 0, 0, ] | rc = [10, 8, 16, 6, 4, 0] | gpus = [1, 1, 2, 1, 2, 1] | micro_bs = 2 | time = [32559, 35626, 35947, 34931, 36003, 36207] | memory = [27561, 27353, 26089, 23522, 27758, 16182]

[ Trial 6 ] |36207.85|27758.58| op = [49, 53, 105, 54, 113, 45]| tp = [1, 1, 1, 1, 1, 1, ] | dp = [1, 1, 2, 1, 2, 1, ] | algo = [0, 0, 0, 0, 0, 0, ] | rc = [10, 8, 16, 6, 4, 0] | gpus = [1, 1, 2, 1, 2, 1] | micro_bs = 2 | time = [32559, 35626, 35947, 34931, 36003, 36207] | memory = [27561, 27353, 26089, 23522, 27758, 16182]
>>>> [CONFIG: target(5), prim(inc_mbs)]
|40069.12|27853.12| op = [49, 53, 105, 54, 113, 45]| tp = [1, 1, 1, 1, 1, 1, ] | dp = [1, 1, 2, 1, 2, 1, ] | algo = [0, 0, 0, 0, 0, 0, ] | rc = [20, 22, 32, 14, 22, 0] | gpus = [1, 1, 2, 1, 2, 1] | micro_bs = 4 | time = [36284, 40069, 37036, 37813, 37706, 36432] | memory = [27851, 27650, 26706, 26741, 27853, 25964]
>>>> [CONFIG: target(1), prim(inc_dp)]
|85196.70|27970.23| op = [49, 53, 105, 54, 113, 45]| tp = [1, 1, 1, 1, 1, 1, ] | dp = [1, 2, 2, 1, 1, 1, ] | algo = [0, 0, 0, 0, 0, 0, ] | rc = [20, 8, 32, 14, 56, 0] | gpus = [1, 2, 2, 1, 1, 1] | micro_bs = 4 | time = [36385, 18539, 37137, 37914, 85196, 36533] | memory = [27851, 27353, 26706, 26741, 27970, 25964]
>>>> [CONFIG: target(4), prim(dec_op)]
|41222.06|27851.16| op = [49, 102, 107, 52, 59, 50]| tp = [1, 1, 1, 1, 1, 1, ] | dp = [1, 2, 2, 1, 1, 1, ] | algo = [0, 0, 0, 0, 0, 0, ] | rc = [20, 38, 32, 14, 12, 4] | gpus = [1, 2, 2, 1, 1, 1] | micro_bs = 4 | time = [36303, 37535, 37630, 36619, 41222, 41022] | memory = [27851, 27776, 27066, 26041, 27413, 27268]
>>>> [CONFIG: target(4), prim(dec_op)]
|41015.95|27866.13| op = [49, 102, 109, 55, 54, 50]| tp = [1, 1, 1, 1, 1, 1, ] | dp = [1, 2, 2, 1, 1, 1, ] | algo = [0, 0, 0, 0, 0, 0, ] | rc = [20, 38, 32, 14, 10, 4] | gpus = [1, 2, 2, 1, 1, 1] | micro_bs = 4 | time = [36297, 37528, 38273, 37784, 37748, 41015] | memory = [27851, 27776, 27866, 26641, 27840, 27268]
>>>> [CONFIG: target(5), prim(inc_dp)]
|85460.66|27866.13| op = [49, 102, 109, 55, 54, 50]| tp = [1, 1, 1, 1, 1, 1, ] | dp = [1, 1, 2, 1, 1, 2, ] | algo = [0, 0, 0, 0, 0, 0, ] | rc = [20, 94, 32, 14, 10, 0] | gpus = [1, 1, 2, 1, 1, 2] | micro_bs = 4 | time = [36403, 85460, 38380, 37890, 37854, 20422] | memory = [27851, 24208, 27866, 26641, 27840, 18036]
>>>> [CONFIG: target(1), prim(dec_mbs)]
|73900.30|27776.33| op = [49, 102, 109, 55, 54, 50]| tp = [1, 1, 1, 1, 1, 1, ] | dp = [1, 1, 2, 1, 1, 2, ] | algo = [0, 0, 0, 0, 0, 0, ] | rc = [10, 38, 16, 6, 0, 0] | gpus = [1, 1, 2, 1, 1, 2] | micro_bs = 2 | time = [32602, 73900, 37235, 34895, 33947, 20801] | memory = [27561, 27776, 27089, 23422, 24896, 12258]
>>>> [CONFIG: target(1), prim(dec_op)]
|35822.17|27753.24| op = [49, 54, 103, 56, 58, 99]| tp = [1, 1, 1, 1, 1, 1, ] | dp = [1, 1, 2, 1, 1, 2, ] | algo = [0, 0, 0, 0, 0, 0, ] | rc = [10, 8, 16, 6, 0, 0] | gpus = [1, 1, 2, 1, 1, 2] | micro_bs = 2 | time = [32557, 35822, 35737, 35268, 35803, 35280] | memory = [27561, 27753, 25769, 23822, 27720, 20314]

[ Trial 7 ] |35822.17|27753.24| op = [49, 54, 103, 56, 58, 99]| tp = [1, 1, 1, 1, 1, 1, ] | dp = [1, 1, 2, 1, 1, 2, ] | algo = [0, 0, 0, 0, 0, 0, ] | rc = [10, 8, 16, 6, 0, 0] | gpus = [1, 1, 2, 1, 1, 2] | micro_bs = 2 | time = [32557, 35822, 35737, 35268, 35803, 35280] | memory = [27561, 27753, 25769, 23822, 27720, 20314]
>>>> [CONFIG: target(1), prim(dec_op)]
|35805.00|27961.58| op = [50, 53, 103, 56, 58, 99]| tp = [1, 1, 1, 1, 1, 1, ] | dp = [1, 1, 2, 1, 1, 2, ] | algo = [0, 0, 0, 0, 0, 0, ] | rc = [12, 8, 16, 6, 0, 0] | gpus = [1, 1, 2, 1, 1, 2] | micro_bs = 2 | time = [34567, 34677, 35739, 35270, 35804, 35282] | memory = [27961, 27253, 25769, 23822, 27720, 20314]

[ Trial 8 ] |35805.00|27961.58| op = [50, 53, 103, 56, 58, 99]| tp = [1, 1, 1, 1, 1, 1, ] | dp = [1, 1, 2, 1, 1, 2, ] | algo = [0, 0, 0, 0, 0, 0, ] | rc = [12, 8, 16, 6, 0, 0] | gpus = [1, 1, 2, 1, 1, 2] | micro_bs = 2 | time = [34567, 34677, 35739, 35270, 35804, 35282] | memory = [27961, 27253, 25769, 23822, 27720, 20314]
>>>> [CONFIG: target(4), prim(inc_mbs)]
|41519.88|27976.55| op = [50, 53, 103, 56, 58, 99]| tp = [1, 1, 1, 1, 1, 1, ] | dp = [1, 1, 2, 1, 1, 2, ] | algo = [0, 0, 0, 0, 0, 0, ] | rc = [25, 22, 32, 14, 16, 8] | gpus = [1, 1, 2, 1, 1, 2] | micro_bs = 4 | time = [39036, 38889, 36834, 38151, 41519, 35382] | memory = [27771, 27850, 27793, 27341, 27840, 27976]
>>>> [CONFIG: target(4), prim(dec_op)]
|38122.81|27851.16| op = [49, 51, 106, 56, 53, 104]| tp = [1, 1, 1, 1, 1, 1, ] | dp = [1, 1, 2, 1, 1, 2, ] | algo = [0, 0, 0, 0, 0, 0, ] | rc = [20, 18, 32, 14, 8, 8] | gpus = [1, 1, 2, 1, 1, 2] | micro_bs = 4 | time = [36272, 37360, 37529, 38122, 35793, 37215] | memory = [27851, 27850, 26866, 27341, 27196, 27596]
>>>> [CONFIG: target(3), prim(dec_mbs)]
|37059.56|27561.58| op = [49, 51, 106, 56, 53, 104]| tp = [1, 1, 1, 1, 1, 1, ] | dp = [1, 1, 2, 1, 1, 2, ] | algo = [0, 0, 0, 0, 0, 0, ] | rc = [10, 8, 16, 6, 0, 0] | gpus = [1, 1, 2, 1, 1, 2] | micro_bs = 2 | time = [32552, 34023, 36439, 35263, 32508, 37059] | memory = [27561, 26453, 26369, 23822, 24212, 21298]
>>>> [CONFIG: target(5), prim(dec_op)]
|36442.48|27580.50| op = [49, 51, 106, 56, 57, 100]| tp = [1, 1, 1, 1, 1, 1, ] | dp = [1, 1, 2, 1, 1, 2, ] | algo = [0, 0, 0, 0, 0, 0, ] | rc = [10, 8, 16, 6, 0, 0] | gpus = [1, 1, 2, 1, 1, 2] | micro_bs = 2 | time = [32555, 34025, 36442, 35266, 35475, 35461] | memory = [27561, 26453, 26369, 23822, 27580, 20436]
>>>> [CONFIG: target(2), prim(dec_dp)]
|73946.73|27580.50| op = [49, 51, 106, 56, 57, 100]| tp = [1, 1, 1, 1, 1, 1, ] | dp = [2, 1, 1, 1, 1, 2, ] | algo = [0, 0, 0, 0, 0, 0, ] | rc = [4, 8, 32, 6, 0, 0] | gpus = [2, 1, 1, 1, 1, 2] | micro_bs = 2 | time = [16510, 34067, 73946, 35308, 35517, 35503] | memory = [25018, 26453, 26866, 23822, 27580, 20436]
>>>> [CONFIG: target(2), prim(dec_op)]
|36787.82|27480.99| op = [98, 52, 52, 56, 59, 102]| tp = [1, 1, 1, 1, 1, 1, ] | dp = [2, 1, 1, 1, 1, 2, ] | algo = [0, 0, 0, 0, 0, 0, ] | rc = [24, 8, 8, 6, 0, 0] | gpus = [2, 1, 1, 1, 1, 2] | micro_bs = 2 | time = [35614, 34177, 34177, 35445, 36734, 36787] | memory = [27480, 26553, 22944, 23742, 26056, 21278]
>>>> [CONFIG: target(5), prim(dec_op)]
|35628.43|27580.56| op = [98, 55, 53, 55, 58, 100]| tp = [1, 1, 1, 1, 1, 1, ] | dp = [2, 1, 1, 1, 1, 2, ] | algo = [0, 0, 0, 0, 0, 0, ] | rc = [24, 8, 8, 6, 0, 0] | gpus = [2, 1, 1, 1, 1, 2] | micro_bs = 2 | time = [35613, 34704, 35628, 35130, 35540, 35466] | memory = [27480, 27003, 23664, 23762, 27580, 20436]

[ Trial 9 ] |35628.43|27580.56| op = [98, 55, 53, 55, 58, 100]| tp = [1, 1, 1, 1, 1, 1, ] | dp = [2, 1, 1, 1, 1, 2, ] | algo = [0, 0, 0, 0, 0, 0, ] | rc = [24, 8, 8, 6, 0, 0] | gpus = [2, 1, 1, 1, 1, 2] | micro_bs = 2 | time = [35613, 34704, 35628, 35130, 35540, 35466] | memory = [27480, 27003, 23664, 23762, 27580, 20436]
>>>> [CONFIG: target(2), prim(dec_mbs)]
|91593.78|26895.72| op = [98, 55, 53, 55, 58, 100]| tp = [2, 1, 1, 1, 1, 2, ] | dp = [1, 1, 1, 1, 1, 1, ] | algo = [0, 0, 0, 0, 0, 0, ] | rc = [8, 0, 0, 0, 0, 0] | gpus = [2, 1, 1, 1, 1, 2] | micro_bs = 1 | time = [86229, 33556, 34410, 34727, 37412, 91593] | memory = [25184, 26895, 23072, 19089, 16340, 10503]
>>>> [CONFIG: target(0), prim(dec_op)]
|52023.58|27026.64| op = [59, 76, 71, 78, 80, 55]| tp = [2, 1, 1, 1, 1, 2, ] | dp = [1, 1, 1, 1, 1, 1, ] | algo = [0, 0, 0, 0, 0, 0, ] | rc = [0, 10, 6, 0, 0, 0] | gpus = [2, 1, 1, 1, 1, 2] | micro_bs = 1 | time = [51600, 52023, 47865, 49322, 50669, 51848] | memory = [20141, 22486, 25632, 27026, 21344, 6469]
>>>> [CONFIG: target(1), prim(inc_tp)]
|66522.17|27026.64| op = [59, 76, 71, 78, 80, 55]| tp = [1, 2, 1, 1, 1, 2, ] | dp = [1, 1, 1, 1, 1, 1, ] | algo = [0, 0, 0, 0, 0, 0, ] | rc = [10, 0, 6, 0, 0, 0] | gpus = [1, 2, 1, 1, 1, 2] | micro_bs = 1 | time = [42074, 66522, 47870, 49327, 50674, 51852] | memory = [21672, 19230, 25632, 27026, 21344, 6469]
>>>> [CONFIG: target(1), prim(dec_op)]
|51847.36|27141.62| op = [69, 59, 74, 81, 81, 55]| tp = [1, 2, 1, 1, 1, 2, ] | dp = [1, 1, 1, 1, 1, 1, ] | algo = [0, 0, 0, 0, 0, 0, ] | rc = [10, 0, 6, 0, 0, 0] | gpus = [1, 2, 1, 1, 1, 2] | micro_bs = 1 | time = [48705, 51243, 49457, 49582, 51783, 51847] | memory = [25489, 16665, 26072, 27141, 21764, 6469]
>>>> [CONFIG: target(5), prim(inc_mbs)]
|52986.79|27738.14| op = [69, 59, 74, 81, 81, 55]| tp = [1, 1, 1, 1, 1, 1, ] | dp = [1, 2, 1, 1, 1, 2, ] | algo = [0, 0, 0, 0, 0, 0, ] | rc = [20, 4, 18, 12, 10, 0] | gpus = [1, 2, 1, 1, 1, 2] | micro_bs = 2 | time = [49192, 20246, 50940, 51473, 52986, 21810] | memory = [27738, 26521, 27717, 27399, 25160, 12613]
>>>> [CONFIG: target(4), prim(dec_op)]
|41598.60|27773.12| op = [59, 90, 53, 56, 58, 103]| tp = [1, 1, 1, 1, 1, 1, ] | dp = [1, 2, 1, 1, 1, 2, ] | algo = [0, 0, 0, 0, 0, 0, ] | rc = [16, 15, 8, 6, 0, 0] | gpus = [1, 2, 1, 1, 1, 2] | micro_bs = 2 | time = [41598, 31624, 35944, 35455, 35996, 37177] | memory = [27449, 27773, 25072, 23742, 26056, 21278]
>>>> [CONFIG: target(0), prim(dec_op)]
|35628.22|27723.28| op = [51, 102, 53, 56, 57, 100]| tp = [1, 1, 1, 1, 1, 1, ] | dp = [1, 2, 1, 1, 1, 2, ] | algo = [0, 0, 0, 0, 0, 0, ] | rc = [12, 18, 8, 6, 0, 0] | gpus = [1, 2, 1, 1, 1, 2] | micro_bs = 2 | time = [34812, 35316, 35628, 35271, 35480, 35466] | memory = [25849, 27723, 23664, 23822, 27580, 20436]

[ Trial 10 ] |35628.22|27723.28| op = [51, 102, 53, 56, 57, 100]| tp = [1, 1, 1, 1, 1, 1, ] | dp = [1, 2, 1, 1, 1, 2, ] | algo = [0, 0, 0, 0, 0, 0, ] | rc = [12, 18, 8, 6, 0, 0] | gpus = [1, 2, 1, 1, 1, 2] | micro_bs = 2 | time = [34812, 35316, 35628, 35271, 35480, 35466] | memory = [25849, 27723, 23664, 23822, 27580, 20436]
>>>> [CONFIG: target(2), prim(inc_dp)]
|71019.16|27936.55| op = [51, 102, 53, 56, 57, 100]| tp = [1, 1, 1, 1, 1, 1, ] | dp = [1, 2, 2, 1, 1, 1, ] | algo = [0, 0, 0, 0, 0, 0, ] | rc = [12, 18, 0, 6, 0, 12] | gpus = [1, 2, 2, 1, 1, 1] | micro_bs = 2 | time = [34846, 35349, 17477, 35305, 35514, 71019] | memory = [25849, 27723, 23072, 23822, 27580, 27936]
>>>> [CONFIG: target(5), prim(dec_mbs)]
|86856.40|27031.28| op = [51, 102, 53, 56, 57, 100]| tp = [1, 2, 2, 1, 1, 1, ] | dp = [1, 1, 1, 1, 1, 1, ] | algo = [0, 0, 0, 0, 0, 0, ] | rc = [4, 0, 0, 0, 0, 0] | gpus = [1, 2, 2, 1, 1, 1] | micro_bs = 1 | time = [34128, 86856, 47342, 34875, 37312, 70484] | memory = [25898, 27031, 12136, 19119, 16340, 20436]
>>>> [CONFIG: target(1), prim(dec_op)]
|54437.91|26546.58| op = [65, 62, 59, 76, 83, 74]| tp = [1, 2, 2, 1, 1, 1, ] | dp = [1, 1, 1, 1, 1, 1, ] | algo = [0, 0, 0, 0, 0, 0, ] | rc = [10, 0, 0, 0, 0, 0] | gpus = [1, 2, 2, 1, 1, 1] | micro_bs = 1 | time = [45483, 51432, 52998, 48013, 53348, 54437] | memory = [23323, 16740, 13278, 26546, 22828, 15860]
>>>> [CONFIG: target(5), prim(inc_tp)]
|69531.79|26546.58| op = [65, 62, 59, 76, 83, 74]| tp = [1, 2, 1, 1, 1, 2, ] | dp = [1, 1, 1, 1, 1, 1, ] | algo = [0, 0, 0, 0, 0, 0, ] | rc = [10, 0, 0, 0, 0, 0] | gpus = [1, 2, 1, 1, 1, 2] | micro_bs = 1 | time = [45484, 51433, 38970, 48014, 53349, 69531] | memory = [23323, 16740, 25216, 26546, 22828, 8145]
>>>> [CONFIG: target(5), prim(inc_mbs)]
|55798.16|27253.12| op = [65, 62, 59, 76, 83, 74]| tp = [1, 1, 1, 1, 1, 1, ] | dp = [1, 2, 1, 1, 1, 2, ] | algo = [0, 0, 0, 0, 0, 0, ] | rc = [18, 4, 8, 12, 14, 0] | gpus = [1, 2, 1, 1, 1, 2] | micro_bs = 2 | time = [45524, 20105, 40034, 50149, 55798, 27506] | memory = [26777, 26496, 27253, 26609, 23180, 15860]
>>>> [CONFIG: target(4), prim(dec_op)]
|38507.29|27388.56| op = [51, 92, 52, 54, 62, 108]| tp = [1, 1, 1, 1, 1, 1, ] | dp = [1, 2, 1, 1, 1, 2, ] | algo = [0, 0, 0, 0, 0, 0, ] | rc = [12, 14, 8, 4, 2, 0] | gpus = [1, 2, 1, 1, 1, 2] | micro_bs = 2 | time = [34810, 32038, 34173, 32948, 38368, 38507] | memory = [25849, 26567, 22945, 26398, 27388, 22161]
>>>> [CONFIG: target(5), prim(dec_op)]
|35628.06|27723.28| op = [51, 102, 53, 55, 58, 100]| tp = [1, 1, 1, 1, 1, 1, ] | dp = [1, 2, 1, 1, 1, 2, ] | algo = [0, 0, 0, 0, 0, 0, ] | rc = [12, 18, 8, 6, 0, 0] | gpus = [1, 2, 1, 1, 1, 2] | micro_bs = 2 | time = [34812, 35315, 35628, 35129, 35540, 35466] | memory = [25849, 27723, 23664, 23762, 27580, 20436]

num_targets: [1, 1, 1, 1, 1, 1, 1, 1, 1, 1, 1]
num_hops: [1, 1, 1, 1, 1, 4, 7, 1, 7, 7, 7]
search time = 200.11 s.  [0, 1, 2, 3, 4, 5, 6, 22, 23, 26, 86, 123, 209] 
num_explored_cases = 14084
time trend: [61558, 59661, 58715, 52069, 37368, 36209, 36207, 35822, 35804, 35628, 35628, 35628, 35628]

working on num_stages = 3
config has been saved to /home/liminglong.lml/sxz/SuperScaler/logs-large/aceso/configs/gpt/2_6B/gpt_2_6B_3stages_2026-5-14-5-58-20.json

========== Best Result (num_stages = 3) ==========
|37814.00|27985.49| op = [107, 205, 107]| tp = [1, 1, 1, ] | dp = [2, 4, 2, ] | algo = [0, 0, 0, ] | rc = [30, 68, 10] | gpus = [2, 4, 2] | micro_bs = 4 | time = [37020, 37813, 37763] | memory = [27191, 27985, 26814]
start|126126.50|18765.45| op = [139, 139, 141]| tp = [4, 2, 2, ] | dp = [1, 1, 1, ] | algo = [0, 0, 0, ] | rc = [0, 0, 0] | gpus = [4, 2, 2] | micro_bs = 1 | time = [114855, 119689, 126126] | memory = [14185, 18765, 14587]

[ Trial 0 ] |126126.50|18765.45| op = [139, 139, 141]| tp = [4, 2, 2, ] | dp = [1, 1, 1, ] | algo = [0, 0, 0, ] | rc = [0, 0, 0] | gpus = [4, 2, 2] | micro_bs = 1 | time = [114855, 119689, 126126] | memory = [14185, 18765, 14587]
>>>> [CONFIG: target(2), prim(inc_mbs)]
|59858.95|27818.88| op = [139, 139, 141]| tp = [2, 1, 1, ] | dp = [2, 2, 2, ] | algo = [0, 0, 0, ] | rc = [0, 20, 4] | gpus = [4, 2, 2] | micro_bs = 2 | time = [59858, 47752, 49433] | memory = [26029, 25076, 27818]

[ Trial 1 ] |59858.95|27818.88| op = [139, 139, 141]| tp = [2, 1, 1, ] | dp = [2, 2, 2, ] | algo = [0, 0, 0, ] | rc = [0, 20, 4] | gpus = [4, 2, 2] | micro_bs = 2 | time = [59858, 47752, 49433] | memory = [26029, 25076, 27818]
>>>> [CONFIG: target(0), prim(dec_tp)]
|59918.81|27818.88| op = [139, 139, 141]| tp = [1, 2, 1, ] | dp = [2, 2, 2, ] | algo = [0, 0, 0, ] | rc = [32, 0, 4] | gpus = [2, 4, 2] | micro_bs = 2 | time = [49160, 59918, 49436] | memory = [27704, 18765, 27818]
>>>> [CONFIG: target(1), prim(dec_dp)]
|110869.39|27818.88| op = [139, 139, 141]| tp = [2, 2, 1, ] | dp = [2, 1, 2, ] | algo = [0, 0, 0, ] | rc = [0, 8, 4] | gpus = [4, 2, 2] | micro_bs = 2 | time = [59982, 110869, 49556] | memory = [26029, 26591, 27818]
>>>> [CONFIG: target(1), prim(dec_op)]
|67098.59|27982.97| op = [154, 84, 181]| tp = [2, 2, 1, ] | dp = [2, 1, 2, ] | algo = [0, 0, 0, ] | rc = [4, 0, 33] | gpus = [4, 2, 2] | micro_bs = 2 | time = [67098, 66601, 67023] | memory = [27217, 19246, 27982]
>>>> [CONFIG: target(0), prim(dec_tp)]
|66942.33|27982.97| op = [154, 84, 181]| tp = [1, 2, 1, ] | dp = [2, 2, 2, ] | algo = [0, 0, 0, ] | rc = [42, 0, 33] | gpus = [2, 4, 2] | micro_bs = 2 | time = [55557, 36601, 66942] | memory = [27920, 11598, 27982]
>>>> [CONFIG: target(2), prim(dec_op)]
|52917.70|27870.63| op = [146, 124, 149]| tp = [1, 2, 1, ] | dp = [2, 2, 2, ] | algo = [0, 0, 0, ] | rc = [36, 0, 10] | gpus = [2, 4, 2] | micro_bs = 2 | time = [52027, 52211, 52917] | memory = [27870, 16921, 27473]

[ Trial 2 ] |52917.70|27870.63| op = [146, 124, 149]| tp = [1, 2, 1, ] | dp = [2, 2, 2, ] | algo = [0, 0, 0, ] | rc = [36, 0, 10] | gpus = [2, 4, 2] | micro_bs = 2 | time = [52027, 52211, 52917] | memory = [27870, 16921, 27473]
>>>> [CONFIG: target(2), prim(inc_tp)]
|66887.89|27870.63| op = [146, 124, 149]| tp = [1, 1, 2, ] | dp = [2, 2, 2, ] | algo = [0, 0, 0, ] | rc = [36, 12, 0] | gpus = [2, 2, 4] | micro_bs = 2 | time = [52032, 40750, 66887] | memory = [27870, 26157, 15301]
>>>> [CONFIG: target(2), prim(dec_dp)]
|122493.43|27870.63| op = [146, 124, 149]| tp = [1, 2, 2, ] | dp = [2, 2, 1, ] | algo = [0, 0, 0, ] | rc = [36, 0, 0] | gpus = [2, 4, 2] | micro_bs = 2 | time = [52163, 52347, 122493] | memory = [27870, 16921, 21902]
>>>> [CONFIG: target(2), prim(inc_mbs)]
|56270.31|27974.76| op = [146, 124, 149]| tp = [1, 1, 1, ] | dp = [2, 4, 2, ] | algo = [0, 0, 0, ] | rc = [82, 12, 36] | gpus = [2, 4, 2] | micro_bs = 4 | time = [56270, 20691, 54860] | memory = [27816, 26157, 27974]
>>>> [CONFIG: target(0), prim(dec_op)]
|37814.00|27985.49| op = [107, 205, 107]| tp = [1, 1, 1, ] | dp = [2, 4, 2, ] | algo = [0, 0, 0, ] | rc = [30, 68, 10] | gpus = [2, 4, 2] | micro_bs = 4 | time = [37020, 37813, 37763] | memory = [27191, 27985, 26814]

num_targets: [1, 1, 1]
num_hops: [1, 5, 4]
search time = 200.28 s.  [0, 1, 2, 3, 34, 61, 86, 102, 103, 104, 105, 106, 107, 136, 171, 206, 212] 
num_explored_cases = 15006
time trend: [126126, 59858, 52917, 37813, 37813, 38352, 38352, 38529, 38529, 38529, 38530, 38530, 38530, 37957, 37995, 37995, 38529]

working on num_stages = 4
config has been saved to /home/liminglong.lml/sxz/SuperScaler/logs-large/aceso/configs/gpt/2_6B/gpt_2_6B_4stages_2026-5-14-5-58-20.json

========== Best Result (num_stages = 4) ==========
|35913.14|27788.55| op = [103, 105, 113, 98]| tp = [1, 1, 1, 1, ] | dp = [2, 2, 2, 2, ] | algo = [0, 0, 0, 0, ] | rc = [16, 14, 4, 0] | gpus = [2, 2, 2, 2] | micro_bs = 2 | time = [35397, 35913, 35867, 35076] | memory = [27503, 24468, 27788, 20289]
start|96011.44|24088.13| op = [104, 104, 104, 107]| tp = [2, 2, 2, 2, ] | dp = [1, 1, 1, 1, ] | algo = [0, 0, 0, 0, ] | rc = [0, 0, 0, 0] | gpus = [2, 2, 2, 2] | micro_bs = 1 | time = [91205, 89120, 89120, 96011] | memory = [24088, 18604, 14216, 11138]

[ Trial 0 ] |96011.44|24088.13| op = [104, 104, 104, 107]| tp = [2, 2, 2, 2, ] | dp = [1, 1, 1, 1, ] | algo = [0, 0, 0, 0, ] | rc = [0, 0, 0, 0] | gpus = [2, 2, 2, 2] | micro_bs = 1 | time = [91205, 89120, 89120, 96011] | memory = [24088, 18604, 14216, 11138]
>>>> [CONFIG: target(3), prim(inc_mbs)]
|37633.13|27993.06| op = [104, 104, 104, 107]| tp = [1, 1, 1, 1, ] | dp = [2, 2, 2, 2, ] | algo = [0, 0, 0, 0, ] | rc = [16, 14, 0, 0] | gpus = [2, 2, 2, 2] | micro_bs = 2 | time = [35964, 35170, 32604, 37633] | memory = [27993, 23948, 27272, 21671]

[ Trial 1 ] |37633.13|27993.06| op = [104, 104, 104, 107]| tp = [1, 1, 1, 1, ] | dp = [2, 2, 2, 2, ] | algo = [0, 0, 0, 0, ] | rc = [16, 14, 0, 0] | gpus = [2, 2, 2, 2] | micro_bs = 2 | time = [35964, 35170, 32604, 37633] | memory = [27993, 23948, 27272, 21671]
>>>> [CONFIG: target(3), prim(dec_op)]
|35965.90|27993.06| op = [104, 106, 109, 100]| tp = [1, 1, 1, 1, ] | dp = [2, 2, 2, 2, ] | algo = [0, 0, 0, 0, ] | rc = [16, 14, 4, 0] | gpus = [2, 2, 2, 2] | micro_bs = 2 | time = [35965, 35291, 35521, 35332] | memory = [27993, 24023, 27588, 20436]

[ Trial 2 ] |35965.90|27993.06| op = [104, 106, 109, 100]| tp = [1, 1, 1, 1, ] | dp = [2, 2, 2, 2, ] | algo = [0, 0, 0, 0, ] | rc = [16, 14, 4, 0] | gpus = [2, 2, 2, 2] | micro_bs = 2 | time = [35965, 35291, 35521, 35332] | memory = [27993, 24023, 27588, 20436]
>>>> [CONFIG: target(0), prim(dec_mbs)]
|93442.20|24088.13| op = [104, 106, 109, 100]| tp = [2, 2, 2, 2, ] | dp = [1, 1, 1, 1, ] | algo = [0, 0, 0, 0, ] | rc = [0, 0, 0, 0] | gpus = [2, 2, 2, 2] | micro_bs = 1 | time = [91205, 89357, 93442, 91640] | memory = [24088, 18679, 15238, 10503]
>>>> [CONFIG: target(2), prim(inc_tp)]
|91162.59|24088.13| op = [104, 106, 109, 100]| tp = [2, 1, 4, 1, ] | dp = [1, 1, 1, 1, ] | algo = [0, 0, 0, 0, ] | rc = [0, 14, 0, 0] | gpus = [2, 1, 4, 1] | micro_bs = 1 | time = [91162, 70412, 89011, 70494] | memory = [24088, 24023, 8199, 20436]
>>>> [CONFIG: target(0), prim(dec_tp)]
|89313.15|27993.06| op = [104, 106, 109, 100]| tp = [1, 2, 4, 1, ] | dp = [1, 1, 1, 1, ] | algo = [0, 0, 0, 0, ] | rc = [16, 0, 0, 0] | gpus = [1, 2, 4, 1] | micro_bs = 1 | time = [71761, 89313, 89011, 70494] | memory = [27993, 18679, 8199, 20436]
>>>> [CONFIG: target(1), prim(dec_op)]
|80912.17|27975.12| op = [112, 94, 99, 114]| tp = [1, 2, 4, 1, ] | dp = [1, 1, 1, 1, ] | algo = [0, 0, 0, 0, ] | rc = [22, 0, 0, 0] | gpus = [1, 2, 4, 1] | micro_bs = 1 | time = [78689, 80663, 80912, 80268] | memory = [27975, 16701, 7468, 23074]
>>>> [CONFIG: target(2), prim(inc_mbs)]
|81724.78|27786.17| op = [112, 94, 99, 114]| tp = [1, 1, 2, 1, ] | dp = [1, 2, 2, 1, ] | algo = [0, 0, 0, 0, ] | rc = [44, 8, 0, 14] | gpus = [1, 2, 4, 1] | micro_bs = 2 | time = [81200, 31098, 42680, 81724] | memory = [27786, 25461, 13866, 26192]
>>>> [CONFIG: target(3), prim(inc_dp)]
|40215.45|27975.12| op = [112, 94, 99, 114]| tp = [1, 1, 1, 1, ] | dp = [2, 2, 2, 2, ] | algo = [0, 0, 0, 0, ] | rc = [22, 8, 0, 0] | gpus = [2, 2, 2, 2] | micro_bs = 2 | time = [39427, 30915, 31879, 40215] | memory = [27975, 25461, 26662, 23074]
>>>> [CONFIG: target(3), prim(dec_op)]
|35913.20|27638.55| op = [103, 105, 111, 100]| tp = [1, 1, 1, 1, ] | dp = [2, 2, 2, 2, ] | algo = [0, 0, 0, 0, ] | rc = [16, 14, 4, 0] | gpus = [2, 2, 2, 2] | micro_bs = 2 | time = [35397, 35913, 35641, 35332] | memory = [27503, 24468, 27638, 20436]

[ Trial 3 ] |35913.20|27638.55| op = [103, 105, 111, 100]| tp = [1, 1, 1, 1, ] | dp = [2, 2, 2, 2, ] | algo = [0, 0, 0, 0, ] | rc = [16, 14, 4, 0] | gpus = [2, 2, 2, 2] | micro_bs = 2 | time = [35397, 35913, 35641, 35332] | memory = [27503, 24468, 27638, 20436]
>>>> [CONFIG: target(1), prim(inc_tp)]
|71853.91|27936.55| op = [103, 105, 111, 100]| tp = [1, 2, 1, 1, ] | dp = [1, 2, 2, 1, ] | algo = [0, 0, 0, 0, ] | rc = [32, 0, 4, 12] | gpus = [1, 4, 2, 1] | micro_bs = 2 | time = [71853, 45944, 35801, 71011] | memory = [27586, 18864, 27638, 27936]
>>>> [CONFIG: target(0), prim(inc_tp)]
|84098.83|27638.55| op = [103, 105, 111, 100]| tp = [2, 1, 1, 1, ] | dp = [1, 2, 2, 2, ] | algo = [0, 0, 0, 0, ] | rc = [16, 14, 4, 0] | gpus = [2, 2, 2, 2] | micro_bs = 2 | time = [84098, 36008, 35736, 35428] | memory = [23970, 24468, 27638, 20436]
>>>> [CONFIG: target(0), prim(inc_dp)]
|73138.53|27936.55| op = [103, 105, 111, 100]| tp = [2, 1, 1, 1, ] | dp = [2, 1, 2, 1, ] | algo = [0, 0, 0, 0, ] | rc = [0, 30, 4, 12] | gpus = [4, 1, 2, 1] | micro_bs = 2 | time = [44786, 73138, 35801, 71011] | memory = [23823, 27833, 27638, 27936]
>>>> [CONFIG: target(1), prim(inc_tp)]
|85300.57|27638.55| op = [103, 105, 111, 100]| tp = [1, 2, 1, 1, ] | dp = [2, 1, 2, 2, ] | algo = [0, 0, 0, 0, ] | rc = [16, 10, 4, 0] | gpus = [2, 2, 2, 2] | micro_bs = 2 | time = [35494, 85300, 35738, 35429] | memory = [27503, 24665, 27638, 20436]
>>>> [CONFIG: target(1), prim(inc_mbs)]
|37212.76|27936.55| op = [103, 105, 111, 100]| tp = [1, 1, 1, 1, ] | dp = [2, 2, 2, 2, ] | algo = [0, 0, 0, 0, ] | rc = [32, 30, 22, 12] | gpus = [2, 2, 2, 2] | micro_bs = 4 | time = [36202, 36843, 37212, 35782] | memory = [27586, 27833, 27713, 27936]
>>>> [CONFIG: target(2), prim(dec_op)]
|36844.81|27833.49| op = [103, 105, 109, 102]| tp = [1, 1, 1, 1, ] | dp = [2, 2, 2, 2, ] | algo = [0, 0, 0, 0, ] | rc = [32, 30, 20, 8] | gpus = [2, 2, 2, 2] | micro_bs = 4 | time = [36203, 36844, 36580, 36673] | memory = [27586, 27833, 27673, 27556]
>>>> [CONFIG: target(1), prim(dec_mbs)]
|36653.49|27618.55| op = [103, 105, 109, 102]| tp = [1, 1, 1, 1, ] | dp = [2, 2, 2, 2, ] | algo = [0, 0, 0, 0, ] | rc = [16, 14, 2, 0] | gpus = [2, 2, 2, 2] | micro_bs = 2 | time = [35398, 35914, 34965, 36653] | memory = [27503, 24468, 27618, 21278]

[ Trial 8 ] |36653.49|27618.55| op = [103, 105, 109, 102]| tp = [1, 1, 1, 1, ] | dp = [2, 2, 2, 2, ] | algo = [0, 0, 0, 0, ] | rc = [16, 14, 2, 0] | gpus = [2, 2, 2, 2] | micro_bs = 2 | time = [35398, 35914, 34965, 36653] | memory = [27503, 24468, 27618, 21278]
>>>> [CONFIG: target(3), prim(inc_tp)]
|72613.32|27673.06| op = [103, 105, 109, 102]| tp = [1, 1, 1, 2, ] | dp = [1, 2, 1, 2, ] | algo = [0, 0, 0, 0, ] | rc = [32, 14, 20, 0] | gpus = [1, 2, 1, 4] | micro_bs = 2 | time = [71859, 36078, 72613, 46745] | memory = [27586, 24468, 27673, 10924]
>>>> [CONFIG: target(2), prim(dec_op)]
|52516.40|27969.55| op = [76, 145, 81, 117]| tp = [1, 1, 1, 2, ] | dp = [1, 2, 1, 2, ] | algo = [0, 0, 0, 0, ] | rc = [18, 32, 10, 0] | gpus = [1, 2, 1, 4] | micro_bs = 2 | time = [51911, 51104, 51547, 52516] | memory = [27969, 27959, 24520, 12155]
>>>> [CONFIG: target(3), prim(dec_dp)]
|95706.10|27959.12| op = [76, 145, 81, 117]| tp = [1, 1, 1, 2, ] | dp = [2, 2, 2, 1, ] | algo = [0, 0, 0, 0, ] | rc = [10, 32, 0, 0] | gpus = [2, 2, 2, 2] | micro_bs = 2 | time = [26290, 51087, 25486, 95706] | memory = [23548, 27959, 21194, 17798]
>>>> [CONFIG: target(3), prim(dec_op)]
|45001.31|27287.18| op = [117, 125, 127, 50]| tp = [1, 1, 1, 2, ] | dp = [2, 2, 2, 1, ] | algo = [0, 0, 0, 0, ] | rc = [26, 20, 14, 0] | gpus = [2, 2, 2, 2] | micro_bs = 2 | time = [41614, 42821, 42748, 45001] | memory = [27287, 26271, 25188, 9318]
>>>> [CONFIG: target(3), prim(dec_tp)]
|86315.14|27821.25| op = [117, 125, 127, 50]| tp = [2, 1, 1, 1, ] | dp = [2, 2, 1, 1, ] | algo = [0, 0, 0, 0, ] | rc = [0, 20, 30, 0] | gpus = [4, 2, 1, 1] | micro_bs = 2 | time = [51315, 42914, 86315, 39382] | memory = [26947, 26271, 27821, 18036]
>>>> [CONFIG: target(2), prim(inc_dp)]
|42774.13|27287.18| op = [117, 125, 127, 50]| tp = [1, 1, 1, 1, ] | dp = [2, 2, 2, 2, ] | algo = [0, 0, 0, 0, ] | rc = [26, 20, 14, 0] | gpus = [2, 2, 2, 2] | micro_bs = 2 | time = [41566, 42774, 42700, 20637] | memory = [27287, 26271, 25188, 12258]
>>>> [CONFIG: target(1), prim(dec_op)]
|35913.14|27788.55| op = [103, 105, 113, 98]| tp = [1, 1, 1, 1, ] | dp = [2, 2, 2, 2, ] | algo = [0, 0, 0, 0, ] | rc = [16, 14, 4, 0] | gpus = [2, 2, 2, 2] | micro_bs = 2 | time = [35397, 35913, 35867, 35076] | memory = [27503, 24468, 27788, 20289]

num_targets: [1, 1, 1, 1]
num_hops: [1, 1, 7, 7]
search time = 200.44 s.  [0, 1, 2, 15, 69, 81, 131, 132, 133, 137, 206] 
num_explored_cases = 14421
time trend: [96011, 37633, 35965, 35913, 35913, 35965, 35966, 36210, 36210, 35913, 35913]

# of stages	est_iteration_time(s)	est_thpt(samples/s)	est_mem(MB)	# of explored cases
5          	35.45                	28.89              	27439      	12896              
7          	35.54                	28.81              	27962      	12924              
6          	35.63                	28.74              	27723      	14084              

overall search time: 200.48 s
