------------------------ arguments ------------------------
  adaptive_hyper_parameters ....................... 5
  add_action_finetune_algo ........................ False
  add_action_finetune_dim ......................... False
  add_action_tp_dp_exchange ....................... False
  add_action_tune_tp_dp ........................... False
  check_recompute_with_group ...................... False
  config_save_path ................................ /home/liminglong.lml/sxz/SuperScaler/logs-large/aceso/configs/scale-layer/8layers/
  config_suffix ................................... 2026-5-16-3-2-38
  consider_collective_memory ...................... False
  consider_reserved_space ......................... True
  consider_shared_space ........................... True
  continue_when_fail .............................. True
  decoder_seq_len ................................. 512
  end_num_stages .................................. 8
  finetune_after_trial ............................ 0
  finetune_tp_dp_after_trial ...................... False
  flex_recompute .................................. True
  forbid_turn_back ................................ False
  global_batch_size ............................... 1024
  high_memory_rate ................................ 0.9
  init_dim ........................................ tp
  initial_point ................................... balance
  log_path ........................................ /home/liminglong.lml/sxz/SuperScaler/logs-large/aceso/search/scale-layer/8layers/
  max_num_hops .................................... 7
  max_num_trials .................................. 100
  max_op_move_steps ............................... 5
  max_tp .......................................... 8
  memory_limit .................................... 28000
  memory_main_params .............................. 2
  memory_optimizer ................................ 4
  memory_pred_type ................................ MAX
  micro_batch_size ................................ [1, 2, 4, 8]
  min_mbs ......................................... 1
  model_name ...................................... scale-layer
  model_size ...................................... 8layers
  multi_process ................................... True
  num_algos ....................................... 2
  num_gpus ........................................ 8
  num_gpus_per_node ............................... 8
  num_layers ...................................... 8
  num_nodes ....................................... 1
  num_of_saved_configs ............................ 1
  num_partners_in_op_mig .......................... 1
  only_top_1_target ............................... False
  op_group_size ................................... 1
  peak_mem_in_backward ............................ 1000
  predict_delta_time .............................. True
  print_debug_info ................................ False
  print_gpu_mig_details ........................... False
  print_move_op_details ........................... False
  print_recomp_debug_info ......................... False
  print_recompute_ops ............................. True
  profiled_time_path .............................. /home/liminglong.lml/sxz/SuperScaler/profiler/profiled-time-eurosys/
  random_order_actions ............................ False
  resharding ...................................... True
  save_to_csv ..................................... None
  seq_len ......................................... 2048
  simple_prim_mbs ................................. False
  simple_prim_mig ................................. False
  sort_metric ..................................... max_stage_time
  start_num_stages ................................ 1
  support_comm_predict ............................ False
  time_budget_per_trial ........................... 200
  time_budget_total ............................... 200
-------------------- end of arguments ---------------------
working on num_stages = 1
config has been saved to /home/liminglong.lml/sxz/SuperScaler/logs-large/aceso/configs/scale-layer/8layers/scale-layer_8layers_1stages_2026-5-16-3-2-38.json

========== Best Result (num_stages = 1) ==========
|2876.52|3893.31| op = [107]| tp = [1, ] | dp = [8, ] | algo = [0, ] | rc = [0] | gpus = [8] | micro_bs = 8 | time = [2876] | memory = [3893]
[stage 0 recompute_ops] 
stage 0: 
[stage 0 algo1] 
start|40773.38|649.32| op = [107]| tp = [8, ] | dp = [1, ] | algo = [0, ] | rc = [0] | gpus = [8] | micro_bs = 1 | time = [40773] | memory = [649]

[ Trial 0 ] |40773.38|649.32| op = [107]| tp = [8, ] | dp = [1, ] | algo = [0, ] | rc = [0] | gpus = [8] | micro_bs = 1 | time = [40773] | memory = [649]
>>>> [CONFIG: target(0), prim(inc_mbs)]
|19128.59|1137.32| op = [107]| tp = [4, ] | dp = [2, ] | algo = [0, ] | rc = [0] | gpus = [8] | micro_bs = 2 | time = [19128] | memory = [1137]

[ Trial 1 ] |19128.59|1137.32| op = [107]| tp = [4, ] | dp = [2, ] | algo = [0, ] | rc = [0] | gpus = [8] | micro_bs = 2 | time = [19128] | memory = [1137]
>>>> [CONFIG: target(0), prim(inc_mbs)]
|8008.41|2013.32| op = [107]| tp = [2, ] | dp = [4, ] | algo = [0, ] | rc = [0] | gpus = [8] | micro_bs = 4 | time = [8008] | memory = [2013]

[ Trial 2 ] |8008.41|2013.32| op = [107]| tp = [2, ] | dp = [4, ] | algo = [0, ] | rc = [0] | gpus = [8] | micro_bs = 4 | time = [8008] | memory = [2013]
>>>> [CONFIG: target(0), prim(inc_mbs)]
|2876.52|3893.31| op = [107]| tp = [1, ] | dp = [8, ] | algo = [0, ] | rc = [0] | gpus = [8] | micro_bs = 8 | time = [2876] | memory = [3893]

num_targets: [1, 1, 1]
num_hops: [1, 1, 1]
search time = 0.06 s.  [0, 1, 2, 3, 4, 5, 6, 7, 8, 9, 10, 11, 12, 13, 14, 15, 16, 17, 18, 19, 20, 21, 22, 23, 24] 
num_explored_cases = 45
time trend: [40773, 19128, 8008, 2876, 2876, 2876, 2876, 2876, 2876, 2876, 8008, 8008, 8008, 8008, 8008, 19128, 19128, 19128, 19128, 19128, 40773, 40773, 40773, 40773, 40773]

working on num_stages = 2
config has been saved to /home/liminglong.lml/sxz/SuperScaler/logs-large/aceso/configs/scale-layer/8layers/scale-layer_8layers_2stages_2026-5-16-3-2-38.json

========== Best Result (num_stages = 2) ==========
|2330.93|7112.71| op = [72, 35]| tp = [1, 1, ] | dp = [4, 4, ] | algo = [0, 0, ] | rc = [0, 0] | gpus = [4, 4] | micro_bs = 8 | time = [2330, 2250] | memory = [7112, 3028]
[stage 0 recompute_ops] 
stage 0: 
[stage 1 recompute_ops] 
stage 1: 
[stage 0 algo1] 
[stage 1 algo1] 
start|20169.34|890.31| op = [53, 54]| tp = [4, 4, ] | dp = [1, 1, ] | algo = [0, 0, ] | rc = [0, 0] | gpus = [4, 4] | micro_bs = 1 | time = [18430, 20169] | memory = [890, 684]

[ Trial 0 ] |20169.34|890.31| op = [53, 54]| tp = [4, 4, ] | dp = [1, 1, ] | algo = [0, 0, ] | rc = [0, 0] | gpus = [4, 4] | micro_bs = 1 | time = [18430, 20169] | memory = [890, 684]
>>>> [CONFIG: target(1), prim(inc_mbs)]
|8777.81|1518.31| op = [53, 54]| tp = [2, 2, ] | dp = [2, 2, ] | algo = [0, 0, ] | rc = [0, 0] | gpus = [4, 4] | micro_bs = 2 | time = [7423, 8777] | memory = [1518, 1180]

[ Trial 1 ] |8777.81|1518.31| op = [53, 54]| tp = [2, 2, ] | dp = [2, 2, ] | algo = [0, 0, ] | rc = [0, 0] | gpus = [4, 4] | micro_bs = 2 | time = [7423, 8777] | memory = [1518, 1180]
>>>> [CONFIG: target(1), prim(inc_mbs)]
|3535.15|2902.27| op = [53, 54]| tp = [1, 1, ] | dp = [4, 4, ] | algo = [0, 0, ] | rc = [0, 0] | gpus = [4, 4] | micro_bs = 4 | time = [2316, 3535] | memory = [2902, 2300]

[ Trial 2 ] |3535.15|2902.27| op = [53, 54]| tp = [1, 1, ] | dp = [4, 4, ] | algo = [0, 0, ] | rc = [0, 0] | gpus = [4, 4] | micro_bs = 4 | time = [2316, 3535] | memory = [2902, 2300]
>>>> [CONFIG: target(1), prim(dec_op)]
|3013.17|3442.34| op = [66, 41]| tp = [1, 1, ] | dp = [4, 4, ] | algo = [0, 0, ] | rc = [0, 0] | gpus = [4, 4] | micro_bs = 4 | time = [2838, 3013] | memory = [3442, 2006]

[ Trial 6 ] |3013.17|3442.34| op = [66, 41]| tp = [1, 1, ] | dp = [4, 4, ] | algo = [0, 0, ] | rc = [0, 0] | gpus = [4, 4] | micro_bs = 4 | time = [2838, 3013] | memory = [3442, 2006]
>>>> [CONFIG: target(1), prim(dec_op)]
|2998.75|3446.37| op = [67, 40]| tp = [1, 1, ] | dp = [4, 4, ] | algo = [0, 0, ] | rc = [0, 0] | gpus = [4, 4] | micro_bs = 4 | time = [2878, 2998] | memory = [3446, 2006]
>>>> [CONFIG: target(1), prim(dec_mbs)]
|9222.87|1806.40| op = [67, 40]| tp = [2, 2, ] | dp = [2, 2, ] | algo = [0, 0, ] | rc = [0, 0] | gpus = [4, 4] | micro_bs = 2 | time = [9222, 7028] | memory = [1806, 1026]
>>>> [CONFIG: target(0), prim(dec_op)]
|8148.88|1744.34| op = [59, 48]| tp = [2, 2, ] | dp = [2, 2, ] | algo = [0, 0, ] | rc = [0, 0] | gpus = [4, 4] | micro_bs = 2 | time = [8148, 8128] | memory = [1744, 1065]
>>>> [CONFIG: target(0), prim(inc_mbs)]
|3226.63|3350.30| op = [59, 48]| tp = [1, 1, ] | dp = [4, 4, ] | algo = [0, 0, ] | rc = [0, 0] | gpus = [4, 4] | micro_bs = 4 | time = [2650, 3226] | memory = [3350, 2072]
>>>> [CONFIG: target(1), prim(inc_mbs)]
|2632.47|6080.59| op = [59, 48]| tp = [1, 1, ] | dp = [4, 4, ] | algo = [0, 0, ] | rc = [0, 0] | gpus = [4, 4] | micro_bs = 8 | time = [1948, 2632] | memory = [6080, 3568]
>>>> [CONFIG: target(1), prim(dec_op)]
|2330.93|7112.71| op = [72, 35]| tp = [1, 1, ] | dp = [4, 4, ] | algo = [0, 0, ] | rc = [0, 0] | gpus = [4, 4] | micro_bs = 8 | time = [2330, 2250] | memory = [7112, 3028]

num_targets: [1, 1, 1, 1, 1]
num_hops: [1, 1, 1, 1, 6]
search time = 1.12 s.  [0, 1, 2, 3, 4, 5, 6, 7, 8, 9, 10, 11, 12, 13, 14, 15, 16, 17, 18, 19, 20, 21, 22, 23, 24, 25, 26, 27, 28, 29, 30, 31, 32, 33, 34, 35, 36, 37, 38, 39, 40, 41, 42, 43, 44, 45, 46, 47, 48, 49, 50, 51, 52, 53, 54, 55, 56, 57, 58, 59, 60, 61, 62, 63, 64, 65, 66, 67, 68, 69, 70, 71, 72, 73, 74, 75, 76, 77, 78, 79, 80, 81, 82, 83, 84, 85, 86, 87, 88, 89, 90, 91, 92, 93, 94, 95, 96, 97, 98, 99, 100] 
num_explored_cases = 1111
time trend: [20169, 8777, 3535, 2904, 2374, 2374, 2430, 2330, 2330, 8148, 2330, 2330, 2330, 2330, 2330, 2374, 2374, 2374, 2374, 2374, 2430, 2430, 2430, 2430, 2430, 2478, 2478, 2478, 2478, 2478, 2508, 2508, 2508, 2508, 2508, 2522, 2522, 2522, 2522, 2522, 2601, 2601, 2601, 2601, 2601, 2632, 2632, 2632, 2632, 2632, 2756, 2756, 2756, 2756, 2756, 2904, 2904, 2904, 2904, 2904, 2942, 2942, 2942, 2942, 2942, 2998, 2998, 2998, 2998, 2998, 3013, 3013, 3013, 3013, 3013, 3113, 3113, 3113, 3113, 3113, 3152, 3152, 3152, 3152, 3152, 3171, 3171, 3171, 3171, 3171, 3172, 3172, 3172, 3172, 3172, 3226, 3226, 3226, 3226, 3226, 2535]

working on num_stages = 8
config has been saved to /home/liminglong.lml/sxz/SuperScaler/logs-large/aceso/configs/scale-layer/8layers/scale-layer_8layers_8stages_2026-5-16-3-2-38.json

========== Best Result (num_stages = 8) ==========
|5032.85|18770.50| op = [13, 13, 13, 13, 13, 13, 28, 1]| tp = [1, 1, 1, 1, 1, 1, 1, 1, ] | dp = [1, 1, 1, 1, 1, 1, 1, 1, ] | algo = [0, 0, 0, 0, 0, 0, 0, 0, ] | rc = [0, 0, 0, 0, 0, 0, 0, 0] | gpus = [1, 1, 1, 1, 1, 1, 1, 1] | micro_bs = 8 | time = [1382, 1290, 1290, 1290, 1290, 1290, 2461, 5032] | memory = [18770, 16609, 14609, 12609, 10609, 8608, 10705, 3666]
[stage 0 recompute_ops] 
stage 0: 
[stage 1 recompute_ops] 
stage 1: 
[stage 2 recompute_ops] 
stage 2: 
[stage 3 recompute_ops] 
stage 3: 
[stage 4 recompute_ops] 
stage 4: 
[stage 5 recompute_ops] 
stage 5: 
[stage 6 recompute_ops] 
stage 6: 
[stage 7 recompute_ops] 
stage 7: 
[stage 0 algo1] 
[stage 1 algo1] 
[stage 2 algo1] 
[stage 3 algo1] 
[stage 4 algo1] 
[stage 5 algo1] 
[stage 6 algo1] 
[stage 7 algo1] 
start|7996.22|2752.32| op = [13, 13, 13, 13, 13, 13, 13, 16]| tp = [1, 1, 1, 1, 1, 1, 1, 1, ] | dp = [1, 1, 1, 1, 1, 1, 1, 1, ] | algo = [0, 0, 0, 0, 0, 0, 0, 0, ] | rc = [0, 0, 0, 0, 0, 0, 0, 0] | gpus = [1, 1, 1, 1, 1, 1, 1, 1] | micro_bs = 1 | time = [2884, 2524, 2524, 2524, 2524, 2524, 2524, 7996] | memory = [2752, 2118, 1868, 1618, 1368, 1118, 868, 1423]

[ Trial 0 ] |7996.22|2752.32| op = [13, 13, 13, 13, 13, 13, 13, 16]| tp = [1, 1, 1, 1, 1, 1, 1, 1, ] | dp = [1, 1, 1, 1, 1, 1, 1, 1, ] | algo = [0, 0, 0, 0, 0, 0, 0, 0, ] | rc = [0, 0, 0, 0, 0, 0, 0, 0] | gpus = [1, 1, 1, 1, 1, 1, 1, 1] | micro_bs = 1 | time = [2884, 2524, 2524, 2524, 2524, 2524, 2524, 7996] | memory = [2752, 2118, 1868, 1618, 1368, 1118, 868, 1423]
>>>> [CONFIG: target(7), prim(dec_op)]
|5471.99|2752.32| op = [13, 13, 13, 13, 13, 13, 28, 1]| tp = [1, 1, 1, 1, 1, 1, 1, 1, ] | dp = [1, 1, 1, 1, 1, 1, 1, 1, ] | algo = [0, 0, 0, 0, 0, 0, 0, 0, ] | rc = [0, 0, 0, 0, 0, 0, 0, 0] | gpus = [1, 1, 1, 1, 1, 1, 1, 1] | micro_bs = 1 | time = [2884, 2524, 2524, 2524, 2524, 2524, 4948, 5471] | memory = [2752, 2118, 1868, 1618, 1368, 1118, 1418, 852]

[ Trial 1 ] |5471.99|2752.32| op = [13, 13, 13, 13, 13, 13, 28, 1]| tp = [1, 1, 1, 1, 1, 1, 1, 1, ] | dp = [1, 1, 1, 1, 1, 1, 1, 1, ] | algo = [0, 0, 0, 0, 0, 0, 0, 0, ] | rc = [0, 0, 0, 0, 0, 0, 0, 0] | gpus = [1, 1, 1, 1, 1, 1, 1, 1] | micro_bs = 1 | time = [2884, 2524, 2524, 2524, 2524, 2524, 4948, 5471] | memory = [2752, 2118, 1868, 1618, 1368, 1118, 1418, 852]
>>>> [CONFIG: target(7), prim(inc_mbs)]
|5224.00|5040.62| op = [13, 13, 13, 13, 13, 13, 28, 1]| tp = [1, 1, 1, 1, 1, 1, 1, 1, ] | dp = [1, 1, 1, 1, 1, 1, 1, 1, ] | algo = [0, 0, 0, 0, 0, 0, 0, 0, ] | rc = [0, 0, 0, 0, 0, 0, 0, 0] | gpus = [1, 1, 1, 1, 1, 1, 1, 1] | micro_bs = 2 | time = [1972, 1775, 1775, 1775, 1775, 1775, 3575, 5223] | memory = [5040, 4188, 3688, 3188, 2688, 2188, 2748, 1254]

[ Trial 2 ] |5224.00|5040.62| op = [13, 13, 13, 13, 13, 13, 28, 1]| tp = [1, 1, 1, 1, 1, 1, 1, 1, ] | dp = [1, 1, 1, 1, 1, 1, 1, 1, ] | algo = [0, 0, 0, 0, 0, 0, 0, 0, ] | rc = [0, 0, 0, 0, 0, 0, 0, 0] | gpus = [1, 1, 1, 1, 1, 1, 1, 1] | micro_bs = 2 | time = [1972, 1775, 1775, 1775, 1775, 1775, 3575, 5223] | memory = [5040, 4188, 3688, 3188, 2688, 2188, 2748, 1254]
>>>> [CONFIG: target(7), prim(inc_mbs)]
|5086.90|9617.24| op = [13, 13, 13, 13, 13, 13, 28, 1]| tp = [1, 1, 1, 1, 1, 1, 1, 1, ] | dp = [1, 1, 1, 1, 1, 1, 1, 1, ] | algo = [0, 0, 0, 0, 0, 0, 0, 0, ] | rc = [0, 0, 0, 0, 0, 0, 0, 0] | gpus = [1, 1, 1, 1, 1, 1, 1, 1] | micro_bs = 4 | time = [1479, 1355, 1355, 1355, 1355, 1355, 2662, 5086] | memory = [9617, 8328, 7328, 6328, 5328, 4328, 5400, 2058]

[ Trial 3 ] |5086.90|9617.24| op = [13, 13, 13, 13, 13, 13, 28, 1]| tp = [1, 1, 1, 1, 1, 1, 1, 1, ] | dp = [1, 1, 1, 1, 1, 1, 1, 1, ] | algo = [0, 0, 0, 0, 0, 0, 0, 0, ] | rc = [0, 0, 0, 0, 0, 0, 0, 0] | gpus = [1, 1, 1, 1, 1, 1, 1, 1] | micro_bs = 4 | time = [1479, 1355, 1355, 1355, 1355, 1355, 2662, 5086] | memory = [9617, 8328, 7328, 6328, 5328, 4328, 5400, 2058]
>>>> [CONFIG: target(7), prim(inc_mbs)]
|5032.85|18770.50| op = [13, 13, 13, 13, 13, 13, 28, 1]| tp = [1, 1, 1, 1, 1, 1, 1, 1, ] | dp = [1, 1, 1, 1, 1, 1, 1, 1, ] | algo = [0, 0, 0, 0, 0, 0, 0, 0, ] | rc = [0, 0, 0, 0, 0, 0, 0, 0] | gpus = [1, 1, 1, 1, 1, 1, 1, 1] | micro_bs = 8 | time = [1382, 1290, 1290, 1290, 1290, 1290, 2461, 5032] | memory = [18770, 16609, 14609, 12609, 10609, 8608, 10705, 3666]

num_targets: [1, 1, 1, 1]
num_hops: [1, 1, 1, 1]
search time = 3.78 s.  [0, 1, 2, 3, 4, 5, 6, 7, 8, 9, 10, 11, 12, 13, 14, 15, 16, 17, 18, 19, 20, 21, 22, 23, 24, 25, 26, 27, 28, 29, 30, 31, 32, 33, 34, 35, 36, 37, 38, 39, 40, 41, 42, 43, 44, 45, 46, 47, 48, 49, 50, 51, 52, 53, 54, 55, 56, 57, 58, 59, 60, 61, 62, 63, 64, 65, 66, 67, 68, 69, 70, 71, 72, 73, 74, 75, 76, 77, 78, 79, 80, 81, 82, 83, 84, 85, 86, 87, 88, 89, 90, 91, 92, 93, 94, 95, 96, 97, 98, 99, 100] 
num_explored_cases = 4050
time trend: [7996, 5471, 5223, 5086, 5032, 5032, 6220, 5032, 5032, 5032, 5032, 5032, 5086, 5086, 5086, 5086, 5086, 5223, 5223, 5223, 5223, 5223, 5471, 5471, 5471, 5471, 5471, 5036, 5033, 5033, 5033, 5033, 5033, 5036, 5036, 5036, 5036, 5036, 5037, 5037, 5037, 5037, 5087, 5087, 5087, 5087, 5088, 5088, 5088, 5088, 5088, 5089, 5089, 5089, 5089, 5088, 5088, 5088, 5088, 5116, 5116, 5116, 5189, 5189, 5189, 5203, 5203, 5203, 5203, 5223, 5223, 5223, 5223, 5224, 5224, 5224, 5224, 5224, 5224, 5224, 5224, 5224, 5225, 5225, 5225, 5225, 5323, 5323, 5323, 5323, 5428, 5428, 5428, 5471, 5471, 5471, 5471, 5472, 5472, 5472, 5472]

working on num_stages = 7
config has been saved to /home/liminglong.lml/sxz/SuperScaler/logs-large/aceso/configs/scale-layer/8layers/scale-layer_8layers_7stages_2026-5-16-3-2-38.json

========== Best Result (num_stages = 7) ==========
|2597.60|25731.00| op = [14, 23, 15, 16, 19, 19, 1]| tp = [1, 1, 1, 1, 1, 1, 1, ] | dp = [1, 1, 1, 1, 1, 1, 2, ] | algo = [0, 0, 0, 0, 0, 0, 0, ] | rc = [0, 0, 0, 0, 0, 0, 0] | gpus = [1, 1, 1, 1, 1, 1, 2] | micro_bs = 8 | time = [1374, 2280, 1399, 1416, 2069, 1516, 2597] | memory = [16970, 25731, 13265, 10973, 13868, 7041, 2058]
[stage 0 recompute_ops] 
stage 0: 
[stage 1 recompute_ops] 
stage 1: 
[stage 2 recompute_ops] 
stage 2: 
[stage 3 recompute_ops] 
stage 3: 
[stage 4 recompute_ops] 
stage 4: 
[stage 5 recompute_ops] 
stage 5: 
[stage 6 recompute_ops] 
stage 6: 
[stage 0 algo1] 
[stage 1 algo1] 
[stage 2 algo1] 
[stage 3 algo1] 
[stage 4 algo1] 
[stage 5 algo1] 
[stage 6 algo1] 
start|8167.78|2658.16| op = [15, 15, 15, 15, 15, 15, 17]| tp = [2, 1, 1, 1, 1, 1, 1, ] | dp = [1, 1, 1, 1, 1, 1, 1, ] | algo = [0, 0, 0, 0, 0, 0, 0, ] | rc = [0, 0, 0, 0, 0, 0, 0] | gpus = [2, 1, 1, 1, 1, 1, 1] | micro_bs = 1 | time = [4644, 3258, 3472, 3172, 2744, 2791, 8167] | memory = [1345, 2300, 2658, 1644, 1133, 916, 1447]

[ Trial 0 ] |8167.78|2658.16| op = [15, 15, 15, 15, 15, 15, 17]| tp = [2, 1, 1, 1, 1, 1, 1, ] | dp = [1, 1, 1, 1, 1, 1, 1, ] | algo = [0, 0, 0, 0, 0, 0, 0, ] | rc = [0, 0, 0, 0, 0, 0, 0] | gpus = [2, 1, 1, 1, 1, 1, 1] | micro_bs = 1 | time = [4644, 3258, 3472, 3172, 2744, 2791, 8167] | memory = [1345, 2300, 2658, 1644, 1133, 916, 1447]
>>>> [CONFIG: target(6), prim(dec_op)]
|5474.08|2658.16| op = [15, 15, 15, 15, 15, 31, 1]| tp = [2, 1, 1, 1, 1, 1, 1, ] | dp = [1, 1, 1, 1, 1, 1, 1, ] | algo = [0, 0, 0, 0, 0, 0, 0, ] | rc = [0, 0, 0, 0, 0, 0, 0] | gpus = [2, 1, 1, 1, 1, 1, 1] | micro_bs = 1 | time = [4644, 3257, 3472, 3172, 2743, 5291, 5474] | memory = [1345, 2300, 2658, 1644, 1133, 1486, 852]

[ Trial 1 ] |5474.08|2658.16| op = [15, 15, 15, 15, 15, 31, 1]| tp = [2, 1, 1, 1, 1, 1, 1, ] | dp = [1, 1, 1, 1, 1, 1, 1, ] | algo = [0, 0, 0, 0, 0, 0, 0, ] | rc = [0, 0, 0, 0, 0, 0, 0] | gpus = [2, 1, 1, 1, 1, 1, 1] | micro_bs = 1 | time = [4644, 3257, 3472, 3172, 2743, 5291, 5474] | memory = [1345, 2300, 2658, 1644, 1133, 1486, 852]
>>>> [CONFIG: target(6), prim(inc_mbs)]
|5224.59|5268.31| op = [15, 15, 15, 15, 15, 31, 1]| tp = [1, 1, 1, 1, 1, 1, 1, ] | dp = [2, 1, 1, 1, 1, 1, 1, ] | algo = [0, 0, 0, 0, 0, 0, 0, ] | rc = [0, 0, 0, 0, 0, 0, 0] | gpus = [2, 1, 1, 1, 1, 1, 1] | micro_bs = 2 | time = [1577, 2402, 2702, 2343, 1884, 3784, 5224] | memory = [2541, 4540, 5268, 3236, 2218, 2852, 1254]

[ Trial 2 ] |5224.59|5268.31| op = [15, 15, 15, 15, 15, 31, 1]| tp = [1, 1, 1, 1, 1, 1, 1, ] | dp = [2, 1, 1, 1, 1, 1, 1, ] | algo = [0, 0, 0, 0, 0, 0, 0, ] | rc = [0, 0, 0, 0, 0, 0, 0] | gpus = [2, 1, 1, 1, 1, 1, 1] | micro_bs = 2 | time = [1577, 2402, 2702, 2343, 1884, 3784, 5224] | memory = [2541, 4540, 5268, 3236, 2218, 2852, 1254]
>>>> [CONFIG: target(6), prim(inc_dp)]
|3780.73|5268.31| op = [15, 15, 15, 15, 15, 31, 1]| tp = [1, 1, 1, 1, 1, 1, 1, ] | dp = [1, 1, 1, 1, 1, 1, 2, ] | algo = [0, 0, 0, 0, 0, 0, 0, ] | rc = [0, 0, 0, 0, 0, 0, 0] | gpus = [1, 1, 1, 1, 1, 1, 2] | micro_bs = 2 | time = [2079, 2398, 2698, 2339, 1881, 3780, 2755] | memory = [4618, 4540, 5268, 3236, 2218, 2852, 852]

[ Trial 3 ] |3780.73|5268.31| op = [15, 15, 15, 15, 15, 31, 1]| tp = [1, 1, 1, 1, 1, 1, 1, ] | dp = [1, 1, 1, 1, 1, 1, 2, ] | algo = [0, 0, 0, 0, 0, 0, 0, ] | rc = [0, 0, 0, 0, 0, 0, 0] | gpus = [1, 1, 1, 1, 1, 1, 2] | micro_bs = 2 | time = [2079, 2398, 2698, 2339, 1881, 3780, 2755] | memory = [4618, 4540, 5268, 3236, 2218, 2852, 852]
>>>> [CONFIG: target(5), prim(dec_op)]
|3309.67|5268.31| op = [15, 15, 15, 15, 15, 26, 6]| tp = [1, 1, 1, 1, 1, 1, 1, ] | dp = [1, 1, 1, 1, 1, 1, 2, ] | algo = [0, 0, 0, 0, 0, 0, 0, ] | rc = [0, 0, 0, 0, 0, 0, 0] | gpus = [1, 1, 1, 1, 1, 1, 2] | micro_bs = 2 | time = [2079, 2398, 2698, 2339, 1880, 3309, 3140] | memory = [4618, 4540, 5268, 3236, 2218, 2720, 927]

[ Trial 6 ] |3309.67|5268.31| op = [15, 15, 15, 15, 15, 26, 6]| tp = [1, 1, 1, 1, 1, 1, 1, ] | dp = [1, 1, 1, 1, 1, 1, 2, ] | algo = [0, 0, 0, 0, 0, 0, 0, ] | rc = [0, 0, 0, 0, 0, 0, 0] | gpus = [1, 1, 1, 1, 1, 1, 2] | micro_bs = 2 | time = [2079, 2398, 2698, 2339, 1880, 3309, 3140] | memory = [4618, 4540, 5268, 3236, 2218, 2720, 927]
>>>> [CONFIG: target(5), prim(dec_op)]
|2809.70|5288.31| op = [15, 15, 16, 21, 18, 21, 1]| tp = [1, 1, 1, 1, 1, 1, 1, ] | dp = [1, 1, 1, 1, 1, 1, 2, ] | algo = [0, 0, 0, 0, 0, 0, 0, ] | rc = [0, 0, 0, 0, 0, 0, 0] | gpus = [1, 1, 1, 1, 1, 1, 2] | micro_bs = 2 | time = [2078, 2397, 2687, 2269, 2809, 2422, 2754] | memory = [4618, 4540, 5288, 2964, 3496, 1852, 852]
>>>> [CONFIG: target(4), prim(dec_op)]
|2754.44|5288.31| op = [15, 16, 15, 22, 17, 21, 1]| tp = [1, 1, 1, 1, 1, 1, 1, ] | dp = [1, 1, 1, 1, 1, 1, 2, ] | algo = [0, 0, 0, 0, 0, 0, 0, ] | rc = [0, 0, 0, 0, 0, 0, 0] | gpus = [1, 1, 1, 1, 1, 1, 2] | micro_bs = 2 | time = [2078, 2594, 2491, 2413, 2690, 2422, 2754] | memory = [4618, 4540, 5288, 3024, 3472, 1852, 852]

[ Trial 8 ] |2754.44|5288.31| op = [15, 16, 15, 22, 17, 21, 1]| tp = [1, 1, 1, 1, 1, 1, 1, ] | dp = [1, 1, 1, 1, 1, 1, 2, ] | algo = [0, 0, 0, 0, 0, 0, 0, ] | rc = [0, 0, 0, 0, 0, 0, 0] | gpus = [1, 1, 1, 1, 1, 1, 2] | micro_bs = 2 | time = [2078, 2594, 2491, 2413, 2690, 2422, 2754] | memory = [4618, 4540, 5288, 3024, 3472, 1852, 852]
>>>> [CONFIG: target(5), prim(inc_dp)]
|5223.41|5288.31| op = [15, 16, 15, 22, 17, 21, 1]| tp = [1, 1, 1, 1, 1, 1, 1, ] | dp = [1, 1, 1, 1, 1, 2, 1, ] | algo = [0, 0, 0, 0, 0, 0, 0, ] | rc = [0, 0, 0, 0, 0, 0, 0] | gpus = [1, 1, 1, 1, 1, 2, 1] | micro_bs = 2 | time = [2082, 2598, 2494, 2417, 2694, 1796, 5223] | memory = [4618, 4540, 5288, 3024, 3472, 964, 1254]
>>>> [CONFIG: target(6), prim(dec_mbs)]
|6194.68|2668.16| op = [15, 16, 15, 22, 17, 21, 1]| tp = [1, 1, 1, 1, 1, 2, 1, ] | dp = [1, 1, 1, 1, 1, 1, 1, ] | algo = [0, 0, 0, 0, 0, 0, 0, ] | rc = [0, 0, 0, 0, 0, 0, 0] | gpus = [1, 1, 1, 1, 1, 2, 1] | micro_bs = 1 | time = [3107, 3467, 3270, 3660, 3480, 6194, 5474] | memory = [2541, 2300, 2668, 1560, 1760, 512, 852]
>>>> [CONFIG: target(5), prim(dec_op)]
|5473.96|2668.16| op = [15, 16, 15, 22, 21, 17, 1]| tp = [1, 1, 1, 1, 1, 2, 1, ] | dp = [1, 1, 1, 1, 1, 1, 1, ] | algo = [0, 0, 0, 0, 0, 0, 0, ] | rc = [0, 0, 0, 0, 0, 0, 0] | gpus = [1, 1, 1, 1, 1, 2, 1] | micro_bs = 1 | time = [3107, 3466, 3269, 3660, 4002, 4953, 5473] | memory = [2541, 2300, 2668, 1560, 1825, 486, 852]
>>>> [CONFIG: target(6), prim(inc_tp)]
|3998.80|2668.16| op = [15, 16, 15, 22, 21, 17, 1]| tp = [1, 1, 1, 1, 1, 1, 2, ] | dp = [1, 1, 1, 1, 1, 1, 1, ] | algo = [0, 0, 0, 0, 0, 0, 0, ] | rc = [0, 0, 0, 0, 0, 0, 0] | gpus = [1, 1, 1, 1, 1, 1, 2] | micro_bs = 1 | time = [3103, 3463, 3266, 3656, 3998, 3116, 3479] | memory = [2541, 2300, 2668, 1560, 1825, 926, 427]
>>>> [CONFIG: target(4), prim(inc_mbs)]
|2988.21|5288.31| op = [15, 16, 15, 22, 21, 17, 1]| tp = [1, 1, 1, 1, 1, 1, 1, ] | dp = [1, 1, 1, 1, 1, 1, 2, ] | algo = [0, 0, 0, 0, 0, 0, 0, ] | rc = [0, 0, 0, 0, 0, 0, 0] | gpus = [1, 1, 1, 1, 1, 1, 2] | micro_bs = 2 | time = [2078, 2594, 2491, 2413, 2988, 2206, 2754] | memory = [4618, 4540, 5288, 3024, 3582, 1796, 852]
>>>> [CONFIG: target(4), prim(dec_op)]
|2988.26|5288.31| op = [16, 15, 15, 22, 21, 17, 1]| tp = [1, 1, 1, 1, 1, 1, 1, ] | dp = [1, 1, 1, 1, 1, 1, 2, ] | algo = [0, 0, 0, 0, 0, 0, 0, ] | rc = [0, 0, 0, 0, 0, 0, 0] | gpus = [1, 1, 1, 1, 1, 1, 2] | micro_bs = 2 | time = [2222, 2475, 2491, 2414, 2988, 2206, 2754] | memory = [4714, 4504, 5288, 3024, 3582, 1796, 852]
>>>> [CONFIG: target(4), prim(inc_mbs)]
|2641.43|10528.62| op = [16, 15, 15, 22, 21, 17, 1]| tp = [1, 1, 1, 1, 1, 1, 1, ] | dp = [1, 1, 1, 1, 1, 1, 2, ] | algo = [0, 0, 0, 0, 0, 0, 0, ] | rc = [0, 0, 0, 0, 0, 0, 0] | gpus = [1, 1, 1, 1, 1, 1, 2] | micro_bs = 4 | time = [1638, 1991, 2009, 1780, 2321, 1616, 2641] | memory = [8953, 8960, 10528, 5952, 7096, 3528, 1254]

[ Trial 15 ] |2641.43|10528.62| op = [16, 15, 15, 22, 21, 17, 1]| tp = [1, 1, 1, 1, 1, 1, 1, ] | dp = [1, 1, 1, 1, 1, 1, 2, ] | algo = [0, 0, 0, 0, 0, 0, 0, ] | rc = [0, 0, 0, 0, 0, 0, 0] | gpus = [1, 1, 1, 1, 1, 1, 2] | micro_bs = 4 | time = [1638, 1991, 2009, 1780, 2321, 1616, 2641] | memory = [8953, 8960, 10528, 5952, 7096, 3528, 1254]
>>>> [CONFIG: target(6), prim(dec_dp)]
|5087.15|10528.62| op = [16, 15, 15, 22, 21, 17, 1]| tp = [1, 1, 1, 1, 1, 1, 1, ] | dp = [1, 1, 1, 1, 1, 2, 1, ] | algo = [0, 0, 0, 0, 0, 0, 0, ] | rc = [0, 0, 0, 0, 0, 0, 0] | gpus = [1, 1, 1, 1, 1, 2, 1] | micro_bs = 4 | time = [1646, 1999, 2017, 1787, 2328, 1145, 5087] | memory = [8953, 8960, 10528, 5952, 7096, 1796, 2058]
>>>> [CONFIG: target(6), prim(dec_mbs)]
|5223.62|5288.31| op = [16, 15, 15, 22, 21, 17, 1]| tp = [1, 1, 1, 1, 1, 1, 1, ] | dp = [1, 1, 1, 1, 1, 2, 1, ] | algo = [0, 0, 0, 0, 0, 0, 0, ] | rc = [0, 0, 0, 0, 0, 0, 0] | gpus = [1, 1, 1, 1, 1, 2, 1] | micro_bs = 2 | time = [2226, 2479, 2494, 2417, 2991, 1582, 5223] | memory = [4714, 4504, 5288, 3024, 3582, 926, 1254]
>>>> [CONFIG: target(6), prim(dec_mbs)]
|5473.95|2668.16| op = [16, 15, 15, 22, 21, 17, 1]| tp = [1, 1, 1, 1, 1, 2, 1, ] | dp = [1, 1, 1, 1, 1, 1, 1, ] | algo = [0, 0, 0, 0, 0, 0, 0, ] | rc = [0, 0, 0, 0, 0, 0, 0] | gpus = [1, 1, 1, 1, 1, 2, 1] | micro_bs = 1 | time = [3326, 3240, 3269, 3660, 4002, 4953, 5473] | memory = [2595, 2276, 2668, 1560, 1825, 486, 852]
>>>> [CONFIG: target(6), prim(inc_tp)]
|3998.79|2668.16| op = [16, 15, 15, 22, 21, 17, 1]| tp = [1, 1, 1, 1, 1, 1, 2, ] | dp = [1, 1, 1, 1, 1, 1, 1, ] | algo = [0, 0, 0, 0, 0, 0, 0, ] | rc = [0, 0, 0, 0, 0, 0, 0] | gpus = [1, 1, 1, 1, 1, 1, 2] | micro_bs = 1 | time = [3323, 3237, 3266, 3656, 3998, 3116, 3479] | memory = [2595, 2276, 2668, 1560, 1825, 926, 427]
>>>> [CONFIG: target(4), prim(dec_op)]
|3671.65|2668.16| op = [16, 15, 15, 22, 19, 19, 1]| tp = [1, 1, 1, 1, 1, 1, 2, ] | dp = [1, 1, 1, 1, 1, 1, 1, ] | algo = [0, 0, 0, 0, 0, 0, 0, ] | rc = [0, 0, 0, 0, 0, 0, 0] | gpus = [1, 1, 1, 1, 1, 1, 2] | micro_bs = 1 | time = [3322, 3236, 3265, 3656, 3671, 3250, 3479] | memory = [2595, 2276, 2668, 1560, 1779, 946, 427]
>>>> [CONFIG: target(4), prim(inc_mbs)]
|2819.80|5288.31| op = [16, 15, 15, 22, 19, 19, 1]| tp = [1, 1, 1, 1, 1, 1, 1, ] | dp = [1, 1, 1, 1, 1, 1, 2, ] | algo = [0, 0, 0, 0, 0, 0, 0, ] | rc = [0, 0, 0, 0, 0, 0, 0] | gpus = [1, 1, 1, 1, 1, 1, 2] | micro_bs = 2 | time = [2222, 2475, 2491, 2413, 2819, 2296, 2754] | memory = [4714, 4504, 5288, 3024, 3506, 1820, 852]
>>>> [CONFIG: target(4), prim(inc_mbs)]
|2641.11|10528.62| op = [16, 15, 15, 22, 19, 19, 1]| tp = [1, 1, 1, 1, 1, 1, 1, ] | dp = [1, 1, 1, 1, 1, 1, 2, ] | algo = [0, 0, 0, 0, 0, 0, 0, ] | rc = [0, 0, 0, 0, 0, 0, 0] | gpus = [1, 1, 1, 1, 1, 1, 2] | micro_bs = 4 | time = [1638, 1991, 2009, 1779, 2184, 1672, 2641] | memory = [8953, 8960, 10528, 5952, 6960, 3560, 1254]

[ Trial 16 ] |2641.11|10528.62| op = [16, 15, 15, 22, 19, 19, 1]| tp = [1, 1, 1, 1, 1, 1, 1, ] | dp = [1, 1, 1, 1, 1, 1, 2, ] | algo = [0, 0, 0, 0, 0, 0, 0, ] | rc = [0, 0, 0, 0, 0, 0, 0] | gpus = [1, 1, 1, 1, 1, 1, 2] | micro_bs = 4 | time = [1638, 1991, 2009, 1779, 2184, 1672, 2641] | memory = [8953, 8960, 10528, 5952, 6960, 3560, 1254]
>>>> [CONFIG: target(6), prim(dec_dp)]
|5086.78|10528.62| op = [16, 15, 15, 22, 19, 19, 1]| tp = [1, 1, 1, 1, 1, 1, 1, ] | dp = [2, 1, 1, 1, 1, 1, 1, ] | algo = [0, 0, 0, 0, 0, 0, 0, ] | rc = [0, 0, 0, 0, 0, 0, 0] | gpus = [2, 1, 1, 1, 1, 1, 1] | micro_bs = 4 | time = [1152, 1999, 2017, 1787, 2191, 1679, 5086] | memory = [4714, 8960, 10528, 5952, 6960, 3560, 2058]
>>>> [CONFIG: target(6), prim(inc_mbs)]
|5031.91|21009.25| op = [16, 15, 15, 22, 19, 19, 1]| tp = [1, 1, 1, 1, 1, 1, 1, ] | dp = [2, 1, 1, 1, 1, 1, 1, ] | algo = [0, 0, 0, 0, 0, 0, 0, ] | rc = [0, 0, 0, 0, 0, 0, 0] | gpus = [2, 1, 1, 1, 1, 1, 1] | micro_bs = 8 | time = [902, 1924, 1940, 1665, 2088, 1534, 5031] | memory = [8953, 17873, 21009, 11810, 13868, 7041, 3666]
>>>> [CONFIG: target(4), prim(dec_op)]
|5028.84|15249.25| op = [20, 12, 14, 22, 19, 19, 1]| tp = [1, 1, 1, 1, 1, 1, 1, ] | dp = [2, 1, 1, 1, 1, 1, 1, ] | algo = [0, 0, 0, 0, 0, 0, 0, ] | rc = [0, 0, 0, 0, 0, 0, 0] | gpus = [2, 1, 1, 1, 1, 1, 1] | micro_bs = 8 | time = [1273, 1374, 1721, 1662, 2085, 1531, 5028] | memory = [14833, 14001, 15249, 11810, 13868, 7041, 3666]
>>>> [CONFIG: target(6), prim(inc_dp)]
|2602.72|22279.06| op = [20, 12, 14, 22, 19, 19, 1]| tp = [1, 1, 1, 1, 1, 1, 1, ] | dp = [1, 1, 1, 1, 1, 1, 2, ] | algo = [0, 0, 0, 0, 0, 0, 0, ] | rc = [2, 0, 0, 0, 0, 0, 0] | gpus = [1, 1, 1, 1, 1, 1, 2] | micro_bs = 8 | time = [2413, 1364, 1711, 1652, 2075, 1521, 2602] | memory = [22279, 14001, 15249, 11810, 13868, 7041, 2058]
>>>> [CONFIG: target(6), prim(dec_dp)]
|5033.33|22279.06| op = [20, 12, 14, 22, 19, 19, 1]| tp = [1, 1, 1, 1, 1, 1, 1, ] | dp = [1, 2, 1, 1, 1, 1, 1, ] | algo = [0, 0, 0, 0, 0, 0, 0, ] | rc = [2, 0, 0, 0, 0, 0, 0] | gpus = [1, 2, 1, 1, 1, 1, 1] | micro_bs = 8 | time = [2428, 799, 1725, 1666, 2089, 1535, 5033] | memory = [22279, 7024, 15249, 11810, 13868, 7041, 3666]
>>>> [CONFIG: target(6), prim(inc_tp)]
|2932.60|22279.06| op = [20, 12, 14, 22, 19, 19, 1]| tp = [1, 1, 1, 1, 1, 1, 2, ] | dp = [1, 1, 1, 1, 1, 1, 1, ] | algo = [0, 0, 0, 0, 0, 0, 0, ] | rc = [2, 0, 0, 0, 0, 0, 0] | gpus = [1, 1, 1, 1, 1, 1, 2] | micro_bs = 8 | time = [2416, 1367, 1714, 1654, 2077, 1523, 2932] | memory = [22279, 14001, 15249, 11810, 13868, 7041, 1841]
>>>> [CONFIG: target(6), prim(dec_mbs)]
|2640.98|14833.52| op = [20, 12, 14, 22, 19, 19, 1]| tp = [1, 1, 1, 1, 1, 1, 1, ] | dp = [1, 1, 1, 1, 1, 1, 2, ] | algo = [0, 0, 0, 0, 0, 0, 0, ] | rc = [0, 0, 0, 0, 0, 0, 0] | gpus = [1, 1, 1, 1, 1, 1, 2] | micro_bs = 4 | time = [2389, 1428, 1788, 1779, 2184, 1672, 2640] | memory = [14833, 7024, 7648, 5952, 6960, 3560, 1254]

[ Trial 17 ] |2640.98|14833.52| op = [20, 12, 14, 22, 19, 19, 1]| tp = [1, 1, 1, 1, 1, 1, 1, ] | dp = [1, 1, 1, 1, 1, 1, 2, ] | algo = [0, 0, 0, 0, 0, 0, 0, ] | rc = [0, 0, 0, 0, 0, 0, 0] | gpus = [1, 1, 1, 1, 1, 1, 2] | micro_bs = 4 | time = [2389, 1428, 1788, 1779, 2184, 1672, 2640] | memory = [14833, 7024, 7648, 5952, 6960, 3560, 1254]
>>>> [CONFIG: target(0), prim(inc_tp)]
|5093.09|7692.01| op = [20, 12, 14, 22, 19, 19, 1]| tp = [2, 1, 1, 1, 1, 1, 1, ] | dp = [1, 1, 1, 1, 1, 1, 1, ] | algo = [0, 0, 0, 0, 0, 0, 0, ] | rc = [0, 0, 0, 0, 0, 0, 0] | gpus = [2, 1, 1, 1, 1, 1, 1] | micro_bs = 4 | time = [3552, 1442, 1802, 1793, 2198, 1686, 5093] | memory = [7692, 7024, 7648, 5952, 6960, 3560, 2058]
>>>> [CONFIG: target(6), prim(dec_mbs)]
|5222.78|4065.39| op = [20, 12, 14, 22, 19, 19, 1]| tp = [1, 1, 1, 1, 1, 1, 1, ] | dp = [2, 1, 1, 1, 1, 1, 1, ] | algo = [0, 0, 0, 0, 0, 0, 0, ] | rc = [0, 0, 0, 0, 0, 0, 0] | gpus = [2, 1, 1, 1, 1, 1, 1] | micro_bs = 2 | time = [2164, 1783, 2269, 2416, 2822, 2299, 5222] | memory = [4065, 3536, 3848, 3024, 3506, 1820, 1254]
>>>> [CONFIG: target(6), prim(dec_mbs)]
|5939.24|2107.52| op = [20, 12, 14, 22, 19, 19, 1]| tp = [2, 1, 1, 1, 1, 1, 1, ] | dp = [1, 1, 1, 1, 1, 1, 1, ] | algo = [0, 0, 0, 0, 0, 0, 0, ] | rc = [0, 0, 0, 0, 0, 0, 0] | gpus = [2, 1, 1, 1, 1, 1, 1] | micro_bs = 1 | time = [5939, 2519, 3037, 3659, 3675, 3253, 5473] | memory = [2107, 1792, 1948, 1560, 1779, 946, 852]
>>>> [CONFIG: target(0), prim(dec_op)]
|5473.21|3258.29| op = [12, 20, 14, 22, 19, 19, 1]| tp = [2, 1, 1, 1, 1, 1, 1, ] | dp = [1, 1, 1, 1, 1, 1, 1, ] | algo = [0, 0, 0, 0, 0, 0, 0, ] | rc = [0, 0, 0, 0, 0, 0, 0] | gpus = [2, 1, 1, 1, 1, 1, 1] | micro_bs = 1 | time = [3979, 4088, 3036, 3659, 3674, 3253, 5473] | memory = [1288, 3258, 1948, 1560, 1779, 946, 852]
>>>> [CONFIG: target(6), prim(inc_tp)]
|4085.37|3258.29| op = [12, 20, 14, 22, 19, 19, 1]| tp = [1, 1, 1, 1, 1, 1, 2, ] | dp = [1, 1, 1, 1, 1, 1, 1, ] | algo = [0, 0, 0, 0, 0, 0, 0, ] | rc = [0, 0, 0, 0, 0, 0, 0] | gpus = [1, 1, 1, 1, 1, 1, 2] | micro_bs = 1 | time = [2806, 4085, 3033, 3656, 3671, 3250, 3479] | memory = [2476, 3258, 1948, 1560, 1779, 946, 427]
>>>> [CONFIG: target(1), prim(inc_mbs)]
|3053.28|6440.56| op = [12, 20, 14, 22, 19, 19, 1]| tp = [1, 1, 1, 1, 1, 1, 1, ] | dp = [1, 1, 1, 1, 1, 1, 2, ] | algo = [0, 0, 0, 0, 0, 0, 0, ] | rc = [0, 0, 0, 0, 0, 0, 0] | gpus = [1, 1, 1, 1, 1, 1, 2] | micro_bs = 2 | time = [1925, 3053, 2266, 2413, 2819, 2297, 2754] | memory = [4504, 6440, 3848, 3024, 3506, 1820, 852]
>>>> [CONFIG: target(1), prim(inc_mbs)]
|2641.25|12805.12| op = [12, 20, 14, 22, 19, 19, 1]| tp = [1, 1, 1, 1, 1, 1, 1, ] | dp = [1, 1, 1, 1, 1, 1, 2, ] | algo = [0, 0, 0, 0, 0, 0, 0, ] | rc = [0, 0, 0, 0, 0, 0, 0] | gpus = [1, 1, 1, 1, 1, 1, 2] | micro_bs = 4 | time = [1440, 2446, 1788, 1780, 2184, 1672, 2641] | memory = [8561, 12805, 7648, 5952, 6960, 3560, 1254]

[ Trial 23 ] |2641.25|12805.12| op = [12, 20, 14, 22, 19, 19, 1]| tp = [1, 1, 1, 1, 1, 1, 1, ] | dp = [1, 1, 1, 1, 1, 1, 2, ] | algo = [0, 0, 0, 0, 0, 0, 0, ] | rc = [0, 0, 0, 0, 0, 0, 0] | gpus = [1, 1, 1, 1, 1, 1, 2] | micro_bs = 4 | time = [1440, 2446, 1788, 1780, 2184, 1672, 2641] | memory = [8561, 12805, 7648, 5952, 6960, 3560, 1254]
>>>> [CONFIG: target(3), prim(inc_dp)]
|5086.74|12805.12| op = [12, 20, 14, 22, 19, 19, 1]| tp = [1, 1, 1, 1, 1, 1, 1, ] | dp = [1, 1, 1, 2, 1, 1, 1, ] | algo = [0, 0, 0, 0, 0, 0, 0, ] | rc = [0, 0, 0, 0, 0, 0, 0] | gpus = [1, 1, 1, 2, 1, 1, 1] | micro_bs = 4 | time = [1448, 2454, 1796, 1248, 2191, 1679, 5086] | memory = [8561, 12805, 7648, 3024, 6960, 3560, 2058]
>>>> [CONFIG: target(6), prim(dec_mbs)]
|5223.70|6440.56| op = [12, 20, 14, 22, 19, 19, 1]| tp = [1, 1, 1, 1, 1, 1, 1, ] | dp = [1, 1, 1, 2, 1, 1, 1, ] | algo = [0, 0, 0, 0, 0, 0, 0, ] | rc = [0, 0, 0, 0, 0, 0, 0] | gpus = [1, 1, 1, 2, 1, 1, 1] | micro_bs = 2 | time = [1928, 3056, 2270, 1852, 2823, 2300, 5223] | memory = [4504, 6440, 3848, 1560, 3506, 1820, 1254]
>>>> [CONFIG: target(6), prim(dec_mbs)]
|6796.45|3258.29| op = [12, 20, 14, 22, 19, 19, 1]| tp = [1, 1, 1, 2, 1, 1, 1, ] | dp = [1, 1, 1, 1, 1, 1, 1, ] | algo = [0, 0, 0, 0, 0, 0, 0, ] | rc = [0, 0, 0, 0, 0, 0, 0] | gpus = [1, 1, 1, 2, 1, 1, 1] | micro_bs = 1 | time = [2811, 4090, 3038, 6796, 3676, 3255, 5475] | memory = [2476, 3258, 1948, 840, 1779, 946, 852]
>>>> [CONFIG: target(3), prim(dec_op)]
|5473.87|3258.29| op = [12, 20, 20, 16, 19, 19, 1]| tp = [1, 1, 1, 2, 1, 1, 1, ] | dp = [1, 1, 1, 1, 1, 1, 1, ] | algo = [0, 0, 0, 0, 0, 0, 0, ] | rc = [0, 0, 0, 0, 0, 0, 0] | gpus = [1, 1, 1, 2, 1, 1, 1] | micro_bs = 1 | time = [2810, 4089, 3731, 4809, 3675, 3253, 5473] | memory = [2476, 3258, 2109, 758, 1779, 946, 852]
>>>> [CONFIG: target(6), prim(inc_mbs)]
|5223.78|6440.56| op = [12, 20, 20, 16, 19, 19, 1]| tp = [1, 1, 1, 1, 1, 1, 1, ] | dp = [1, 1, 1, 2, 1, 1, 1, ] | algo = [0, 0, 0, 0, 0, 0, 0, ] | rc = [0, 0, 0, 0, 0, 0, 0] | gpus = [1, 1, 1, 2, 1, 1, 1] | micro_bs = 2 | time = [1928, 3057, 2659, 1505, 2823, 2300, 5223] | memory = [4504, 6440, 4134, 1424, 3506, 1820, 1254]
>>>> [CONFIG: target(6), prim(inc_tp)]
|3151.18|6440.56| op = [12, 20, 20, 16, 19, 19, 1]| tp = [1, 1, 1, 1, 1, 1, 2, ] | dp = [1, 1, 1, 1, 1, 1, 1, ] | algo = [0, 0, 0, 0, 0, 0, 0, ] | rc = [0, 0, 0, 0, 0, 0, 0] | gpus = [1, 1, 1, 1, 1, 1, 2] | micro_bs = 2 | time = [1925, 3054, 2656, 2025, 2820, 2297, 3151] | memory = [4504, 6440, 4134, 2788, 3506, 1820, 629]
>>>> [CONFIG: target(6), prim(inc_mbs)]
|2641.25|12805.12| op = [12, 20, 20, 16, 19, 19, 1]| tp = [1, 1, 1, 1, 1, 1, 1, ] | dp = [1, 1, 1, 1, 1, 1, 2, ] | algo = [0, 0, 0, 0, 0, 0, 0, ] | rc = [0, 0, 0, 0, 0, 0, 0] | gpus = [1, 1, 1, 1, 1, 1, 2] | micro_bs = 4 | time = [1440, 2446, 2053, 1514, 2184, 1672, 2641] | memory = [8561, 12805, 8184, 5516, 6960, 3560, 1254]

[ Trial 28 ] |2641.25|12805.12| op = [12, 20, 20, 16, 19, 19, 1]| tp = [1, 1, 1, 1, 1, 1, 1, ] | dp = [1, 1, 1, 1, 1, 1, 2, ] | algo = [0, 0, 0, 0, 0, 0, 0, ] | rc = [0, 0, 0, 0, 0, 0, 0] | gpus = [1, 1, 1, 1, 1, 1, 2] | micro_bs = 4 | time = [1440, 2446, 2053, 1514, 2184, 1672, 2641] | memory = [8561, 12805, 8184, 5516, 6960, 3560, 1254]
>>>> [CONFIG: target(2), prim(inc_dp)]
|5086.14|12805.12| op = [12, 20, 20, 16, 19, 19, 1]| tp = [1, 1, 1, 1, 1, 1, 1, ] | dp = [1, 1, 2, 1, 1, 1, 1, ] | algo = [0, 0, 0, 0, 0, 0, 0, ] | rc = [0, 0, 0, 0, 0, 0, 0] | gpus = [1, 1, 2, 1, 1, 1, 1] | micro_bs = 4 | time = [1447, 2453, 1368, 1521, 2191, 1679, 5086] | memory = [8561, 12805, 4134, 5516, 6960, 3560, 2058]
>>>> [CONFIG: target(6), prim(dec_mbs)]
|5223.29|6440.56| op = [12, 20, 20, 16, 19, 19, 1]| tp = [1, 1, 1, 1, 1, 1, 1, ] | dp = [1, 1, 2, 1, 1, 1, 1, ] | algo = [0, 0, 0, 0, 0, 0, 0, ] | rc = [0, 0, 0, 0, 0, 0, 0] | gpus = [1, 1, 2, 1, 1, 1, 1] | micro_bs = 2 | time = [1928, 3056, 1887, 2027, 2823, 2300, 5223] | memory = [4504, 6440, 2109, 2788, 3506, 1820, 1254]
>>>> [CONFIG: target(6), prim(dec_mbs)]
|6131.03|3258.29| op = [12, 20, 20, 16, 19, 19, 1]| tp = [1, 1, 2, 1, 1, 1, 1, ] | dp = [1, 1, 1, 1, 1, 1, 1, ] | algo = [0, 0, 0, 0, 0, 0, 0, ] | rc = [0, 0, 0, 0, 0, 0, 0] | gpus = [1, 1, 2, 1, 1, 1, 1] | micro_bs = 1 | time = [2810, 4089, 6131, 2966, 3676, 3254, 5474] | memory = [2476, 3258, 1117, 1424, 1779, 946, 852]
>>>> [CONFIG: target(2), prim(dec_op)]
|5473.27|3286.38| op = [14, 23, 15, 16, 19, 19, 1]| tp = [1, 1, 2, 1, 1, 1, 1, ] | dp = [1, 1, 1, 1, 1, 1, 1, ] | algo = [0, 0, 0, 0, 0, 0, 0, ] | rc = [0, 0, 0, 0, 0, 0, 0] | gpus = [1, 1, 2, 1, 1, 1, 1] | micro_bs = 1 | time = [2948, 4286, 4622, 2965, 3674, 3253, 5473] | memory = [2527, 3286, 902, 1424, 1779, 946, 852]
>>>> [CONFIG: target(6), prim(inc_tp)]
|4282.51|3286.38| op = [14, 23, 15, 16, 19, 19, 1]| tp = [1, 1, 1, 1, 1, 1, 2, ] | dp = [1, 1, 1, 1, 1, 1, 1, ] | algo = [0, 0, 0, 0, 0, 0, 0, ] | rc = [0, 0, 0, 0, 0, 0, 0] | gpus = [1, 1, 1, 1, 1, 1, 2] | micro_bs = 1 | time = [2944, 4282, 2786, 2962, 3671, 3249, 3478] | memory = [2527, 3286, 1714, 1424, 1779, 946, 427]
>>>> [CONFIG: target(1), prim(inc_mbs)]
|3161.58|6492.74| op = [14, 23, 15, 16, 19, 19, 1]| tp = [1, 1, 1, 1, 1, 1, 1, ] | dp = [1, 1, 1, 1, 1, 1, 2, ] | algo = [0, 0, 0, 0, 0, 0, 0, ] | rc = [0, 0, 0, 0, 0, 0, 0] | gpus = [1, 1, 1, 1, 1, 1, 2] | micro_bs = 2 | time = [2025, 3161, 1942, 2023, 2818, 2296, 2753] | memory = [4590, 6492, 3364, 2788, 3506, 1820, 852]
>>>> [CONFIG: target(1), prim(inc_mbs)]
|2639.16|12905.49| op = [14, 23, 15, 16, 19, 19, 1]| tp = [1, 1, 1, 1, 1, 1, 1, ] | dp = [1, 1, 1, 1, 1, 1, 2, ] | algo = [0, 0, 0, 0, 0, 0, 0, ] | rc = [0, 0, 0, 0, 0, 0, 0] | gpus = [1, 1, 1, 1, 1, 1, 2] | micro_bs = 4 | time = [1491, 2419, 1490, 1512, 2182, 1670, 2639] | memory = [8717, 12905, 6664, 5516, 6960, 3560, 1254]

[ Trial 29 ] |2639.16|12905.49| op = [14, 23, 15, 16, 19, 19, 1]| tp = [1, 1, 1, 1, 1, 1, 1, ] | dp = [1, 1, 1, 1, 1, 1, 2, ] | algo = [0, 0, 0, 0, 0, 0, 0, ] | rc = [0, 0, 0, 0, 0, 0, 0] | gpus = [1, 1, 1, 1, 1, 1, 2] | micro_bs = 4 | time = [1491, 2419, 1490, 1512, 2182, 1670, 2639] | memory = [8717, 12905, 6664, 5516, 6960, 3560, 1254]
>>>> [CONFIG: target(6), prim(inc_mbs)]
|2597.60|25731.00| op = [14, 23, 15, 16, 19, 19, 1]| tp = [1, 1, 1, 1, 1, 1, 1, ] | dp = [1, 1, 1, 1, 1, 1, 2, ] | algo = [0, 0, 0, 0, 0, 0, 0, ] | rc = [0, 0, 0, 0, 0, 0, 0] | gpus = [1, 1, 1, 1, 1, 1, 2] | micro_bs = 8 | time = [1374, 2280, 1399, 1416, 2069, 1516, 2597] | memory = [16970, 25731, 13265, 10973, 13868, 7041, 2058]

num_targets: [1, 1, 1, 1, 1, 1, 3, 4, 2, 1]
num_hops: [1, 1, 1, 1, 1, 5, 1, 4, 5, 1]
search time = 15.59 s.  [0, 1, 2, 3, 4, 5, 6, 7, 8, 9, 10, 11, 12, 13, 14, 15, 16, 17, 18, 19, 20, 21, 22, 23, 24, 25, 26, 27, 28, 29, 30, 31, 32, 33, 34, 35, 36, 37, 38, 39, 40, 41, 42, 43, 44, 45, 46, 47, 48, 49, 50, 51, 52, 53, 54, 55, 56, 57, 58, 59, 60, 61, 62, 63, 64, 65, 66, 67, 68, 69, 70, 71, 72, 73, 74, 75, 76, 77, 78, 79, 80, 81, 82, 83, 84, 85, 86, 87, 88, 89, 90, 91, 92, 93, 94, 95, 96, 97, 98, 99, 100] 
num_explored_cases = 15203
time trend: [8167, 5474, 5224, 3780, 2831, 2609, 2609, 2601, 2601, 2601, 2601, 2601, 2601, 2598, 2598, 2602, 2602, 2601, 2598, 2598, 2640, 2601, 2641, 2641, 2601, 2641, 2641, 2598, 2598, 2639, 2597, 2597, 2639, 2639, 2641, 2601, 2601, 2601, 2641, 2641, 2641, 2641, 2641, 2601, 2601, 2601, 2641, 2601, 2601, 2641, 2641, 2641, 2641, 2601, 2641, 2641, 2641, 2641, 2601, 2601, 2601, 2601, 2641, 2641, 2641, 2641, 2601, 2641, 2641, 2601, 2601, 2641, 2641, 2641, 2641, 2601, 2641, 2641, 2641, 2641, 2601, 2641, 2641, 2601, 2601, 2605, 2605, 2640, 2640, 2601, 2601, 2641, 2641, 2641, 2641, 2641, 2641, 2601, 2601, 2641, 2641]

working on num_stages = 3
config has been saved to /home/liminglong.lml/sxz/SuperScaler/logs-large/aceso/configs/scale-layer/8layers/scale-layer_8layers_3stages_2026-5-16-3-2-38.json

========== Best Result (num_stages = 3) ==========
|2107.03|10425.02| op = [35, 46, 26]| tp = [1, 1, 1, ] | dp = [2, 2, 4, ] | algo = [0, 0, 0, ] | rc = [0, 0, 0] | gpus = [2, 2, 4] | micro_bs = 8 | time = [1825, 2052, 2107] | memory = [10425, 7636, 2916]
[stage 0 recompute_ops] 
stage 0: 
[stage 1 recompute_ops] 
stage 1: 
[stage 2 recompute_ops] 
stage 2: 
[stage 0 algo1] 
[stage 1 algo1] 
[stage 2 algo1] 
start|13188.05|1016.12| op = [35, 35, 37]| tp = [4, 2, 2, ] | dp = [1, 1, 1, ] | algo = [0, 0, 0, ] | rc = [0, 0, 0] | gpus = [4, 2, 2] | micro_bs = 1 | time = [12489, 9874, 13188] | memory = [912, 858, 1016]

[ Trial 0 ] |13188.05|1016.12| op = [35, 35, 37]| tp = [4, 2, 2, ] | dp = [1, 1, 1, ] | algo = [0, 0, 0, ] | rc = [0, 0, 0] | gpus = [4, 2, 2] | micro_bs = 1 | time = [12489, 9874, 13188] | memory = [912, 858, 1016]
>>>> [CONFIG: target(2), prim(inc_mbs)]
|5772.44|1988.12| op = [35, 35, 37]| tp = [2, 1, 1, ] | dp = [2, 2, 2, ] | algo = [0, 0, 0, ] | rc = [0, 0, 0] | gpus = [4, 2, 2] | micro_bs = 2 | time = [4995, 3100, 5772] | memory = [1566, 1638, 1988]

[ Trial 1 ] |5772.44|1988.12| op = [35, 35, 37]| tp = [2, 1, 1, ] | dp = [2, 2, 2, ] | algo = [0, 0, 0, ] | rc = [0, 0, 0] | gpus = [4, 2, 2] | micro_bs = 2 | time = [4995, 3100, 5772] | memory = [1566, 1638, 1988]
>>>> [CONFIG: target(2), prim(inc_mbs)]
|4840.29|3448.24| op = [35, 35, 37]| tp = [1, 1, 1, ] | dp = [4, 2, 2, ] | algo = [0, 0, 0, ] | rc = [0, 0, 0] | gpus = [4, 2, 2] | micro_bs = 4 | time = [1666, 2265, 4840] | memory = [3002, 3136, 3448]

[ Trial 2 ] |4840.29|3448.24| op = [35, 35, 37]| tp = [1, 1, 1, ] | dp = [4, 2, 2, ] | algo = [0, 0, 0, ] | rc = [0, 0, 0] | gpus = [4, 2, 2] | micro_bs = 4 | time = [1666, 2265, 4840] | memory = [3002, 3136, 3448]
>>>> [CONFIG: target(2), prim(dec_op)]
|2748.60|4555.46| op = [59, 45, 3]| tp = [1, 1, 1, ] | dp = [4, 2, 2, ] | algo = [0, 0, 0, ] | rc = [0, 0, 0] | gpus = [4, 2, 2] | micro_bs = 4 | time = [2658, 2627, 2748] | memory = [4555, 3888, 1272]

[ Trial 3 ] |2748.60|4555.46| op = [59, 45, 3]| tp = [1, 1, 1, ] | dp = [4, 2, 2, ] | algo = [0, 0, 0, ] | rc = [0, 0, 0] | gpus = [4, 2, 2] | micro_bs = 4 | time = [2658, 2627, 2748] | memory = [4555, 3888, 1272]
>>>> [CONFIG: target(2), prim(inc_mbs)]
|2621.84|8490.88| op = [59, 45, 3]| tp = [1, 1, 1, ] | dp = [4, 2, 2, ] | algo = [0, 0, 0, ] | rc = [0, 0, 0] | gpus = [4, 2, 2] | micro_bs = 8 | time = [1963, 2005, 2621] | memory = [8490, 7596, 2120]

[ Trial 4 ] |2621.84|8490.88| op = [59, 45, 3]| tp = [1, 1, 1, ] | dp = [4, 2, 2, ] | algo = [0, 0, 0, ] | rc = [0, 0, 0] | gpus = [4, 2, 2] | micro_bs = 8 | time = [1963, 2005, 2621] | memory = [8490, 7596, 2120]
>>>> [CONFIG: target(2), prim(dec_op)]
|2553.82|8490.88| op = [59, 47, 1]| tp = [1, 1, 1, ] | dp = [4, 2, 2, ] | algo = [0, 0, 0, ] | rc = [0, 0, 0] | gpus = [4, 2, 2] | micro_bs = 8 | time = [1963, 2067, 2553] | memory = [8490, 7652, 2058]

[ Trial 5 ] |2553.82|8490.88| op = [59, 47, 1]| tp = [1, 1, 1, ] | dp = [4, 2, 2, ] | algo = [0, 0, 0, ] | rc = [0, 0, 0] | gpus = [4, 2, 2] | micro_bs = 8 | time = [1963, 2067, 2553] | memory = [8490, 7652, 2058]
>>>> [CONFIG: target(2), prim(inc_dp)]
|2980.38|16361.77| op = [59, 47, 1]| tp = [1, 1, 1, ] | dp = [2, 2, 4, ] | algo = [0, 0, 0, ] | rc = [0, 0, 0] | gpus = [2, 2, 4] | micro_bs = 8 | time = [2980, 2066, 1338] | memory = [16361, 7652, 1254]
>>>> [CONFIG: target(0), prim(dec_op)]
|2108.17|10841.39| op = [42, 40, 25]| tp = [1, 1, 1, ] | dp = [2, 2, 4, ] | algo = [0, 0, 0, ] | rc = [0, 0, 0] | gpus = [2, 2, 4] | micro_bs = 8 | time = [2015, 2097, 2108] | memory = [10841, 7904, 2908]

[ Trial 6 ] |2108.17|10841.39| op = [42, 40, 25]| tp = [1, 1, 1, ] | dp = [2, 2, 4, ] | algo = [0, 0, 0, ] | rc = [0, 0, 0] | gpus = [2, 2, 4] | micro_bs = 8 | time = [2015, 2097, 2108] | memory = [10841, 7904, 2908]
>>>> [CONFIG: target(2), prim(dec_dp)]
|3772.00|7904.74| op = [42, 40, 25]| tp = [1, 1, 1, ] | dp = [4, 2, 2, ] | algo = [0, 0, 0, ] | rc = [0, 0, 0] | gpus = [4, 2, 2] | micro_bs = 8 | time = [1364, 2105, 3772] | memory = [5706, 7904, 5332]
>>>> [CONFIG: target(2), prim(dec_op)]
|2576.34|9513.12| op = [51, 55, 1]| tp = [1, 1, 1, ] | dp = [4, 2, 2, ] | algo = [0, 0, 0, ] | rc = [0, 0, 0] | gpus = [4, 2, 2] | micro_bs = 8 | time = [1669, 2576, 2555] | memory = [7124, 9513, 2058]
>>>> [CONFIG: target(1), prim(inc_dp)]
|2555.42|13657.58| op = [51, 55, 1]| tp = [1, 1, 1, ] | dp = [2, 4, 2, ] | algo = [0, 0, 0, ] | rc = [0, 0, 0] | gpus = [2, 4, 2] | micro_bs = 8 | time = [2510, 1726, 2555] | memory = [13657, 4860, 2058]
>>>> [CONFIG: target(2), prim(inc_dp)]
|2573.41|13657.58| op = [51, 55, 1]| tp = [1, 1, 1, ] | dp = [2, 2, 4, ] | algo = [0, 0, 0, ] | rc = [0, 0, 0] | gpus = [2, 2, 4] | micro_bs = 8 | time = [2508, 2573, 1338] | memory = [13657, 9513, 1254]
>>>> [CONFIG: target(1), prim(dec_mbs)]
|3393.72|7124.79| op = [51, 55, 1]| tp = [1, 1, 1, ] | dp = [2, 2, 4, ] | algo = [0, 0, 0, ] | rc = [0, 0, 0] | gpus = [2, 2, 4] | micro_bs = 4 | time = [3277, 3393, 1388] | memory = [7124, 4860, 852]
>>>> [CONFIG: target(1), prim(dec_op)]
|2656.36|5706.70| op = [42, 39, 26]| tp = [1, 1, 1, ] | dp = [2, 2, 4, ] | algo = [0, 0, 0, ] | rc = [0, 0, 0] | gpus = [2, 2, 4] | micro_bs = 4 | time = [2656, 2443, 2426] | memory = [5706, 3768, 1698]
>>>> [CONFIG: target(0), prim(inc_mbs)]
|2107.21|10841.39| op = [42, 39, 26]| tp = [1, 1, 1, ] | dp = [2, 2, 4, ] | algo = [0, 0, 0, ] | rc = [0, 0, 0] | gpus = [2, 2, 4] | micro_bs = 8 | time = [2014, 1885, 2107] | memory = [10841, 7392, 2916]

[ Trial 7 ] |2107.21|10841.39| op = [42, 39, 26]| tp = [1, 1, 1, ] | dp = [2, 2, 4, ] | algo = [0, 0, 0, ] | rc = [0, 0, 0] | gpus = [2, 2, 4] | micro_bs = 8 | time = [2014, 1885, 2107] | memory = [10841, 7392, 2916]
>>>> [CONFIG: target(0), prim(inc_dp)]
|3736.46|7392.74| op = [42, 39, 26]| tp = [1, 1, 1, ] | dp = [4, 2, 2, ] | algo = [0, 0, 0, ] | rc = [0, 0, 0] | gpus = [4, 2, 2] | micro_bs = 8 | time = [1362, 1893, 3736] | memory = [5706, 7392, 5348]
>>>> [CONFIG: target(2), prim(dec_op)]
|2755.60|8478.88| op = [58, 40, 9]| tp = [1, 1, 1, ] | dp = [4, 2, 2, ] | algo = [0, 0, 0, ] | rc = [0, 0, 0] | gpus = [4, 2, 2] | micro_bs = 8 | time = [1967, 2095, 2755] | memory = [8478, 7888, 2424]
>>>> [CONFIG: target(2), prim(inc_dp)]
|3022.46|16337.77| op = [58, 40, 9]| tp = [1, 1, 1, ] | dp = [2, 2, 4, ] | algo = [0, 0, 0, ] | rc = [0, 0, 0] | gpus = [2, 2, 4] | micro_bs = 8 | time = [3022, 2093, 1501] | memory = [16337, 7888, 1436]
>>>> [CONFIG: target(0), prim(dec_op)]
|2436.47|13449.58| op = [49, 46, 12]| tp = [1, 1, 1, ] | dp = [2, 2, 4, ] | algo = [0, 0, 0, ] | rc = [0, 0, 0] | gpus = [2, 2, 4] | micro_bs = 8 | time = [2436, 2252, 1727] | memory = [13449, 8148, 2240]
>>>> [CONFIG: target(0), prim(dec_mbs)]
|3195.33|7012.79| op = [49, 46, 12]| tp = [1, 1, 1, ] | dp = [2, 2, 4, ] | algo = [0, 0, 0, ] | rc = [0, 0, 0] | gpus = [2, 2, 4] | micro_bs = 4 | time = [3195, 2904, 1906] | memory = [7012, 4168, 1336]
>>>> [CONFIG: target(0), prim(dec_op)]
|2584.55|5658.70| op = [41, 40, 26]| tp = [1, 1, 1, ] | dp = [2, 2, 4, ] | algo = [0, 0, 0, ] | rc = [0, 0, 0] | gpus = [2, 2, 4] | micro_bs = 4 | time = [2584, 2502, 2426] | memory = [5658, 3788, 1698]
>>>> [CONFIG: target(0), prim(inc_mbs)]
|2107.08|10757.39| op = [41, 40, 26]| tp = [1, 1, 1, ] | dp = [2, 2, 4, ] | algo = [0, 0, 0, ] | rc = [0, 0, 0] | gpus = [2, 2, 4] | micro_bs = 8 | time = [1960, 1922, 2107] | memory = [10757, 7420, 2916]

[ Trial 8 ] |2107.08|10757.39| op = [41, 40, 26]| tp = [1, 1, 1, ] | dp = [2, 2, 4, ] | algo = [0, 0, 0, ] | rc = [0, 0, 0] | gpus = [2, 2, 4] | micro_bs = 8 | time = [1960, 1922, 2107] | memory = [10757, 7420, 2916]
>>>> [CONFIG: target(0), prim(inc_tp)]
|3752.77|7420.74| op = [41, 40, 26]| tp = [2, 1, 1, ] | dp = [2, 2, 2, ] | algo = [0, 0, 0, ] | rc = [0, 0, 0] | gpus = [4, 2, 2] | micro_bs = 8 | time = [3413, 1946, 3752] | memory = [5669, 7420, 5348]
>>>> [CONFIG: target(2), prim(dec_op)]
|3066.75|11317.12| op = [36, 61, 10]| tp = [2, 1, 1, ] | dp = [2, 2, 2, ] | algo = [0, 0, 0, ] | rc = [0, 0, 0] | gpus = [4, 2, 2] | micro_bs = 8 | time = [3017, 3066, 2992] | memory = [5473, 11317, 2728]
>>>> [CONFIG: target(1), prim(dec_mbs)]
|3885.32|5776.56| op = [36, 61, 10]| tp = [1, 1, 1, ] | dp = [4, 2, 2, ] | algo = [0, 0, 0, ] | rc = [0, 0, 0] | gpus = [4, 2, 2] | micro_bs = 4 | time = [1705, 3885, 3193] | memory = [3008, 5776, 1588]
>>>> [CONFIG: target(1), prim(dec_op)]
|3192.43|4584.37| op = [57, 40, 10]| tp = [1, 1, 1, ] | dp = [4, 2, 2, ] | algo = [0, 0, 0, ] | rc = [0, 0, 0] | gpus = [4, 2, 2] | micro_bs = 4 | time = [2601, 2799, 3192] | memory = [4117, 4584, 1588]
>>>> [CONFIG: target(2), prim(inc_dp)]
|3766.41|7614.88| op = [57, 40, 10]| tp = [1, 1, 1, ] | dp = [2, 2, 4, ] | algo = [0, 0, 0, ] | rc = [0, 0, 0] | gpus = [2, 2, 4] | micro_bs = 4 | time = [3766, 2798, 1797] | memory = [7614, 4584, 1004]
>>>> [CONFIG: target(0), prim(dec_op)]
|2529.76|5628.61| op = [39, 41, 27]| tp = [1, 1, 1, ] | dp = [2, 2, 4, ] | algo = [0, 0, 0, ] | rc = [0, 0, 0] | gpus = [2, 2, 4] | micro_bs = 4 | time = [2529, 2485, 2482] | memory = [5628, 3772, 1712]
>>>> [CONFIG: target(0), prim(inc_mbs)]
|2136.54|10697.21| op = [39, 41, 27]| tp = [1, 1, 1, ] | dp = [2, 2, 4, ] | algo = [0, 0, 0, ] | rc = [0, 0, 0] | gpus = [2, 2, 4] | micro_bs = 8 | time = [1930, 1898, 2136] | memory = [10697, 7400, 2932]

[ Trial 13 ] |2136.54|10697.21| op = [39, 41, 27]| tp = [1, 1, 1, ] | dp = [2, 2, 4, ] | algo = [0, 0, 0, ] | rc = [0, 0, 0] | gpus = [2, 2, 4] | micro_bs = 8 | time = [1930, 1898, 2136] | memory = [10697, 7400, 2932]
>>>> [CONFIG: target(0), prim(inc_dp)]
|3773.62|7400.87| op = [39, 41, 27]| tp = [1, 1, 1, ] | dp = [4, 2, 2, ] | algo = [0, 0, 0, ] | rc = [0, 0, 0] | gpus = [4, 2, 2] | micro_bs = 8 | time = [1299, 1906, 3773] | memory = [5628, 7400, 5368]
>>>> [CONFIG: target(2), prim(dec_mbs)]
|4230.73|3772.44| op = [39, 41, 27]| tp = [1, 1, 1, ] | dp = [4, 2, 2, ] | algo = [0, 0, 0, ] | rc = [0, 0, 0] | gpus = [4, 2, 2] | micro_bs = 4 | time = [1789, 2489, 4230] | memory = [3094, 3772, 2932]
>>>> [CONFIG: target(2), prim(dec_mbs)]
|5667.87|1958.23| op = [39, 41, 27]| tp = [2, 1, 1, ] | dp = [2, 2, 2, ] | algo = [0, 0, 0, ] | rc = [0, 0, 0] | gpus = [4, 2, 2] | micro_bs = 2 | time = [5667, 3477, 4944] | memory = [1618, 1958, 1712]
>>>> [CONFIG: target(0), prim(dec_op)]
|4943.63|2044.26| op = [33, 47, 27]| tp = [2, 1, 1, ] | dp = [2, 2, 2, ] | algo = [0, 0, 0, ] | rc = [0, 0, 0] | gpus = [4, 2, 2] | micro_bs = 2 | time = [4700, 3823, 4943] | memory = [1549, 2044, 1712]
>>>> [CONFIG: target(2), prim(inc_mbs)]
|4230.82|3908.50| op = [33, 47, 27]| tp = [1, 1, 1, ] | dp = [4, 2, 2, ] | algo = [0, 0, 0, ] | rc = [0, 0, 0] | gpus = [4, 2, 2] | micro_bs = 4 | time = [1616, 2684, 4230] | memory = [2983, 3908, 2932]
>>>> [CONFIG: target(2), prim(inc_dp)]
|2680.08|5442.51| op = [33, 47, 27]| tp = [1, 1, 1, ] | dp = [2, 2, 4, ] | algo = [0, 0, 0, ] | rc = [0, 0, 0] | gpus = [2, 2, 4] | micro_bs = 4 | time = [2335, 2680, 2482] | memory = [5442, 3908, 1712]
>>>> [CONFIG: target(1), prim(inc_mbs)]
|2136.54|10361.02| op = [33, 47, 27]| tp = [1, 1, 1, ] | dp = [2, 2, 4, ] | algo = [0, 0, 0, ] | rc = [0, 0, 0] | gpus = [2, 2, 4] | micro_bs = 8 | time = [1798, 2030, 2136] | memory = [10361, 7636, 2932]

[ Trial 14 ] |2136.54|10361.02| op = [33, 47, 27]| tp = [1, 1, 1, ] | dp = [2, 2, 4, ] | algo = [0, 0, 0, ] | rc = [0, 0, 0] | gpus = [2, 2, 4] | micro_bs = 8 | time = [1798, 2030, 2136] | memory = [10361, 7636, 2932]
>>>> [CONFIG: target(2), prim(dec_op)]
|2136.49|10425.02| op = [35, 45, 27]| tp = [1, 1, 1, ] | dp = [2, 2, 4, ] | algo = [0, 0, 0, ] | rc = [0, 0, 0] | gpus = [2, 2, 4] | micro_bs = 8 | time = [1824, 1998, 2136] | memory = [10425, 7576, 2932]
>>>> [CONFIG: target(2), prim(dec_dp)]
|3773.89|7576.99| op = [35, 45, 27]| tp = [1, 1, 1, ] | dp = [4, 2, 2, ] | algo = [0, 0, 0, ] | rc = [0, 0, 0] | gpus = [4, 2, 2] | micro_bs = 8 | time = [1234, 2006, 3773] | memory = [5476, 7576, 5368]
>>>> [CONFIG: target(2), prim(inc_tp)]
|3583.27|10425.02| op = [35, 45, 27]| tp = [1, 1, 2, ] | dp = [2, 2, 2, ] | algo = [0, 0, 0, ] | rc = [0, 0, 0] | gpus = [2, 2, 4] | micro_bs = 8 | time = [1836, 2009, 3583] | memory = [10425, 7576, 2752]
>>>> [CONFIG: target(2), prim(dec_op)]
|2796.83|10425.02| op = [35, 54, 18]| tp = [1, 1, 2, ] | dp = [2, 2, 2, ] | algo = [0, 0, 0, ] | rc = [0, 0, 0] | gpus = [2, 2, 4] | micro_bs = 8 | time = [1834, 2529, 2796] | memory = [10425, 9457, 2268]
>>>> [CONFIG: target(2), prim(dec_mbs)]
|3285.17|5476.51| op = [35, 54, 18]| tp = [1, 1, 1, ] | dp = [2, 2, 4, ] | algo = [0, 0, 0, ] | rc = [0, 0, 0] | gpus = [2, 2, 4] | micro_bs = 4 | time = [2400, 3285, 2082] | memory = [5476, 4832, 1455]
>>>> [CONFIG: target(1), prim(dec_op)]
|2689.01|5476.51| op = [35, 46, 26]| tp = [1, 1, 1, ] | dp = [2, 2, 4, ] | algo = [0, 0, 0, ] | rc = [0, 0, 0] | gpus = [2, 2, 4] | micro_bs = 4 | time = [2399, 2689, 2426] | memory = [5476, 3912, 1698]
>>>> [CONFIG: target(1), prim(inc_mbs)]
|2107.03|10425.02| op = [35, 46, 26]| tp = [1, 1, 1, ] | dp = [2, 2, 4, ] | algo = [0, 0, 0, ] | rc = [0, 0, 0] | gpus = [2, 2, 4] | micro_bs = 8 | time = [1825, 2052, 2107] | memory = [10425, 7636, 2916]

num_targets: [1, 1, 1, 1, 1, 1, 1, 2, 1]
num_hops: [1, 1, 1, 1, 1, 2, 7, 7, 7]
search time = 61.46 s.  [0, 1, 2, 3, 4, 5, 6, 7, 9, 13, 16, 17, 18, 20, 22, 23, 25, 27, 29, 31, 32, 33, 34, 36, 38, 39, 40, 41, 42, 44, 46, 48, 50, 52, 54, 55, 56, 57, 58, 59, 60, 63, 64, 66, 67, 68, 69, 71, 73, 75, 76, 77, 78, 79, 80, 81, 82, 83, 84, 85, 86, 87, 88, 89, 90, 91, 92, 93, 95, 96, 97, 98, 99, 100, 101, 102, 103, 104, 105, 106, 107, 108, 110, 112, 113, 114, 116, 117, 118, 119, 121, 123, 124, 125, 126, 127, 128, 129, 130, 131, 132] 
num_explored_cases = 47379
time trend: [13188, 5772, 4840, 2748, 2621, 2553, 2108, 2107, 2107, 2107, 2107, 2107, 2107, 2107, 2107, 2107, 2107, 2107, 2107, 2107, 2136, 2150, 2163, 2146, 2146, 2192, 2214, 2214, 2226, 2263, 2215, 2215, 2215, 2215, 2215, 2215, 2215, 2215, 2215, 2215, 2215, 2163, 2163, 2163, 2236, 2245, 2245, 2258, 2308, 2206, 2206, 2206, 2206, 2206, 2206, 2242, 2242, 2242, 2244, 2244, 2244, 2260, 2260, 2260, 2260, 2294, 2294, 2294, 2228, 2228, 2228, 2228, 2230, 2230, 2230, 2322, 2326, 2331, 2334, 2336, 2336, 2341, 2343, 2321, 2345, 2345, 2358, 2358, 2362, 2364, 2372, 2389, 2389, 2389, 2389, 2389, 2391, 2393, 2397, 2404, 2405]

working on num_stages = 6
config has been saved to /home/liminglong.lml/sxz/SuperScaler/logs-large/aceso/configs/scale-layer/8layers/scale-layer_8layers_6stages_2026-5-16-3-2-38.json

========== Best Result (num_stages = 6) ==========
|2584.71|21169.25| op = [16, 17, 16, 36, 21, 1]| tp = [1, 1, 1, 1, 1, 1, ] | dp = [1, 1, 1, 2, 1, 2, ] | algo = [0, 0, 0, 0, 0, 0, ] | rc = [0, 0, 0, 0, 0, 0] | gpus = [1, 1, 1, 2, 1, 2] | micro_bs = 8 | time = [1495, 2021, 1329, 1859, 1555, 2584] | memory = [15374, 21169, 10837, 10240, 7157, 2058]
[stage 0 recompute_ops] 
stage 0: 
[stage 1 recompute_ops] 
stage 1: 
[stage 2 recompute_ops] 
stage 2: 
[stage 3 recompute_ops] 
stage 3: 
[stage 4 recompute_ops] 
stage 4: 
[stage 5 recompute_ops] 
stage 5: 
[stage 0 algo1] 
[stage 1 algo1] 
[stage 2 algo1] 
[stage 3 algo1] 
[stage 4 algo1] 
[stage 5 algo1] 
start|8692.72|1484.09| op = [17, 17, 17, 17, 17, 22]| tp = [2, 2, 1, 1, 1, 1, ] | dp = [1, 1, 1, 1, 1, 1, ] | algo = [0, 0, 0, 0, 0, 0, ] | rc = [0, 0, 0, 0, 0, 0] | gpus = [2, 2, 1, 1, 1, 1] | micro_bs = 1 | time = [5591, 4984, 3009, 3136, 3480, 8692] | memory = [1426, 1386, 1468, 1203, 1296, 1484]

[ Trial 0 ] |8692.72|1484.09| op = [17, 17, 17, 17, 17, 22]| tp = [2, 2, 1, 1, 1, 1, ] | dp = [1, 1, 1, 1, 1, 1, ] | algo = [0, 0, 0, 0, 0, 0, ] | rc = [0, 0, 0, 0, 0, 0] | gpus = [2, 2, 1, 1, 1, 1] | micro_bs = 1 | time = [5591, 4984, 3009, 3136, 3480, 8692] | memory = [1426, 1386, 1468, 1203, 1296, 1484]
>>>> [CONFIG: target(5), prim(dec_op)]
|5591.19|1843.14| op = [17, 16, 18, 22, 33, 1]| tp = [2, 2, 1, 1, 1, 1, ] | dp = [1, 1, 1, 1, 1, 1, ] | algo = [0, 0, 0, 0, 0, 0, ] | rc = [0, 0, 0, 0, 0, 0] | gpus = [2, 2, 1, 1, 1, 1] | micro_bs = 1 | time = [5591, 4455, 3144, 4231, 5509, 5474] | memory = [1426, 1374, 1480, 1843, 1496, 852]

[ Trial 1 ] |5591.19|1843.14| op = [17, 16, 18, 22, 33, 1]| tp = [2, 2, 1, 1, 1, 1, ] | dp = [1, 1, 1, 1, 1, 1, ] | algo = [0, 0, 0, 0, 0, 0, ] | rc = [0, 0, 0, 0, 0, 0] | gpus = [2, 2, 1, 1, 1, 1] | micro_bs = 1 | time = [5591, 4455, 3144, 4231, 5509, 5474] | memory = [1426, 1374, 1480, 1843, 1496, 852]
>>>> [CONFIG: target(0), prim(dec_tp)]
|5505.84|2722.34| op = [17, 16, 18, 22, 33, 1]| tp = [1, 2, 1, 1, 1, 2, ] | dp = [1, 1, 1, 1, 1, 1, ] | algo = [0, 0, 0, 0, 0, 0, ] | rc = [0, 0, 0, 0, 0, 0] | gpus = [1, 2, 1, 1, 1, 2] | micro_bs = 1 | time = [3835, 4451, 3140, 4227, 5505, 3479] | memory = [2722, 1374, 1480, 1843, 1496, 427]

[ Trial 2 ] |5505.84|2722.34| op = [17, 16, 18, 22, 33, 1]| tp = [1, 2, 1, 1, 1, 2, ] | dp = [1, 1, 1, 1, 1, 1, ] | algo = [0, 0, 0, 0, 0, 0, ] | rc = [0, 0, 0, 0, 0, 0] | gpus = [1, 2, 1, 1, 1, 2] | micro_bs = 1 | time = [3835, 4451, 3140, 4227, 5505, 3479] | memory = [2722, 1374, 1480, 1843, 1496, 427]
>>>> [CONFIG: target(4), prim(inc_mbs)]
|3886.90|4968.65| op = [17, 16, 18, 22, 33, 1]| tp = [1, 1, 1, 1, 1, 1, ] | dp = [1, 2, 1, 1, 1, 2, ] | algo = [0, 0, 0, 0, 0, 0, ] | rc = [0, 0, 0, 0, 0, 0] | gpus = [1, 2, 1, 1, 1, 2] | micro_bs = 2 | time = [2703, 1755, 2114, 3113, 3886, 2752] | memory = [4968, 2668, 2892, 3606, 2872, 852]

[ Trial 3 ] |3886.90|4968.65| op = [17, 16, 18, 22, 33, 1]| tp = [1, 1, 1, 1, 1, 1, ] | dp = [1, 2, 1, 1, 1, 2, ] | algo = [0, 0, 0, 0, 0, 0, ] | rc = [0, 0, 0, 0, 0, 0] | gpus = [1, 2, 1, 1, 1, 2] | micro_bs = 2 | time = [2703, 1755, 2114, 3113, 3886, 2752] | memory = [4968, 2668, 2892, 3606, 2872, 852]
>>>> [CONFIG: target(4), prim(inc_mbs)]
|2885.46|9461.30| op = [17, 16, 18, 22, 33, 1]| tp = [1, 1, 1, 1, 1, 1, ] | dp = [1, 2, 1, 1, 1, 2, ] | algo = [0, 0, 0, 0, 0, 0, ] | rc = [0, 0, 0, 0, 0, 0] | gpus = [1, 2, 1, 1, 1, 2] | micro_bs = 4 | time = [2056, 1373, 1578, 2393, 2885, 2637] | memory = [9461, 5288, 5716, 7132, 5616, 1254]

[ Trial 4 ] |2885.46|9461.30| op = [17, 16, 18, 22, 33, 1]| tp = [1, 1, 1, 1, 1, 1, ] | dp = [1, 2, 1, 1, 1, 2, ] | algo = [0, 0, 0, 0, 0, 0, ] | rc = [0, 0, 0, 0, 0, 0] | gpus = [1, 2, 1, 1, 1, 2] | micro_bs = 4 | time = [2056, 1373, 1578, 2393, 2885, 2637] | memory = [9461, 5288, 5716, 7132, 5616, 1254]
>>>> [CONFIG: target(4), prim(inc_dp)]
|2637.16|10528.62| op = [17, 16, 18, 22, 33, 1]| tp = [1, 1, 1, 1, 1, 1, ] | dp = [1, 1, 1, 1, 2, 2, ] | algo = [0, 0, 0, 0, 0, 0, ] | rc = [0, 0, 0, 0, 0, 0] | gpus = [1, 1, 1, 1, 2, 2] | micro_bs = 4 | time = [2055, 2195, 1577, 2392, 1973, 2637] | memory = [9461, 10528, 5716, 7132, 2872, 1254]

[ Trial 5 ] |2637.16|10528.62| op = [17, 16, 18, 22, 33, 1]| tp = [1, 1, 1, 1, 1, 1, ] | dp = [1, 1, 1, 1, 2, 2, ] | algo = [0, 0, 0, 0, 0, 0, ] | rc = [0, 0, 0, 0, 0, 0] | gpus = [1, 1, 1, 1, 2, 2] | micro_bs = 4 | time = [2055, 2195, 1577, 2392, 1973, 2637] | memory = [9461, 10528, 5716, 7132, 2872, 1254]
>>>> [CONFIG: target(5), prim(inc_mbs)]
|2592.16|21009.25| op = [17, 16, 18, 22, 33, 1]| tp = [1, 1, 1, 1, 1, 1, ] | dp = [1, 1, 1, 1, 2, 2, ] | algo = [0, 0, 0, 0, 0, 0, ] | rc = [0, 0, 0, 0, 0, 0] | gpus = [1, 1, 1, 1, 2, 2] | micro_bs = 8 | time = [1918, 2102, 1469, 2251, 1501, 2592] | memory = [18446, 21009, 11365, 14185, 5616, 2058]

[ Trial 6 ] |2592.16|21009.25| op = [17, 16, 18, 22, 33, 1]| tp = [1, 1, 1, 1, 1, 1, ] | dp = [1, 1, 1, 1, 2, 2, ] | algo = [0, 0, 0, 0, 0, 0, ] | rc = [0, 0, 0, 0, 0, 0] | gpus = [1, 1, 1, 1, 2, 2] | micro_bs = 8 | time = [1918, 2102, 1469, 2251, 1501, 2592] | memory = [18446, 21009, 11365, 14185, 5616, 2058]
>>>> [CONFIG: target(3), prim(inc_dp)]
|2644.58|21009.25| op = [17, 16, 18, 22, 33, 1]| tp = [1, 1, 1, 1, 1, 1, ] | dp = [1, 1, 1, 2, 1, 2, ] | algo = [0, 0, 0, 0, 0, 0, ] | rc = [0, 0, 0, 0, 0, 0] | gpus = [1, 1, 1, 2, 1, 2] | micro_bs = 8 | time = [1920, 2103, 1470, 1257, 2644, 2593] | memory = [18446, 21009, 11365, 7132, 11105, 2058]
>>>> [CONFIG: target(4), prim(inc_tp)]
|4635.31|21009.25| op = [17, 16, 18, 22, 33, 1]| tp = [1, 1, 1, 1, 2, 1, ] | dp = [1, 1, 1, 1, 1, 2, ] | algo = [0, 0, 0, 0, 0, 0, ] | rc = [0, 0, 0, 0, 0, 0] | gpus = [1, 1, 1, 1, 2, 2] | micro_bs = 8 | time = [1943, 2127, 1494, 2275, 4635, 2616] | memory = [18446, 21009, 11365, 14185, 5921, 2058]
>>>> [CONFIG: target(4), prim(dec_tp)]
|2647.54|21009.25| op = [17, 16, 18, 22, 33, 1]| tp = [1, 1, 1, 1, 1, 1, ] | dp = [1, 1, 2, 1, 1, 2, ] | algo = [0, 0, 0, 0, 0, 0, ] | rc = [0, 0, 0, 0, 0, 0] | gpus = [1, 1, 2, 1, 1, 2] | micro_bs = 8 | time = [1923, 2106, 854, 2255, 2647, 2596] | memory = [18446, 21009, 5716, 14185, 11105, 2058]
>>>> [CONFIG: target(4), prim(dec_op)]
|2646.98|21009.25| op = [17, 16, 19, 21, 33, 1]| tp = [1, 1, 1, 1, 1, 1, ] | dp = [1, 1, 2, 1, 1, 2, ] | algo = [0, 0, 0, 0, 0, 0, ] | rc = [0, 0, 0, 0, 0, 0] | gpus = [1, 1, 2, 1, 1, 2] | micro_bs = 8 | time = [1922, 2106, 869, 2167, 2646, 2595] | memory = [18446, 21009, 5764, 13977, 11105, 2058]
>>>> [CONFIG: target(4), prim(inc_dp)]
|2591.68|21009.25| op = [17, 16, 19, 21, 33, 1]| tp = [1, 1, 1, 1, 1, 1, ] | dp = [1, 1, 1, 1, 2, 2, ] | algo = [0, 0, 0, 0, 0, 0, ] | rc = [0, 0, 0, 0, 0, 0] | gpus = [1, 1, 1, 1, 2, 2] | micro_bs = 8 | time = [1918, 2102, 1495, 2163, 1500, 2591] | memory = [18446, 21009, 11445, 13977, 5616, 2058]

[ Trial 7 ] |2591.68|21009.25| op = [17, 16, 19, 21, 33, 1]| tp = [1, 1, 1, 1, 1, 1, ] | dp = [1, 1, 1, 1, 2, 2, ] | algo = [0, 0, 0, 0, 0, 0, ] | rc = [0, 0, 0, 0, 0, 0] | gpus = [1, 1, 1, 1, 2, 2] | micro_bs = 8 | time = [1918, 2102, 1495, 2163, 1500, 2591] | memory = [18446, 21009, 11445, 13977, 5616, 2058]
>>>> [CONFIG: target(3), prim(inc_tp)]
|3092.20|21009.25| op = [17, 16, 19, 21, 33, 1]| tp = [1, 1, 1, 2, 1, 1, ] | dp = [1, 1, 1, 1, 1, 2, ] | algo = [0, 0, 0, 0, 0, 0, ] | rc = [0, 0, 0, 0, 0, 0] | gpus = [1, 1, 1, 2, 1, 2] | micro_bs = 8 | time = [1934, 2118, 1511, 3092, 2659, 2607] | memory = [18446, 21009, 11445, 7289, 11105, 2058]
>>>> [CONFIG: target(3), prim(dec_op)]
|2659.97|21009.25| op = [17, 16, 26, 14, 33, 1]| tp = [1, 1, 1, 2, 1, 1, ] | dp = [1, 1, 1, 1, 1, 2, ] | algo = [0, 0, 0, 0, 0, 0, ] | rc = [0, 0, 0, 0, 0, 0] | gpus = [1, 1, 1, 2, 1, 2] | micro_bs = 8 | time = [1935, 2119, 2386, 2326, 2659, 2608] | memory = [18446, 21009, 18530, 4546, 11105, 2058]
>>>> [CONFIG: target(4), prim(inc_dp)]
|2591.68|21009.25| op = [17, 16, 26, 14, 33, 1]| tp = [1, 1, 1, 1, 1, 1, ] | dp = [1, 1, 1, 1, 2, 2, ] | algo = [0, 0, 0, 0, 0, 0, ] | rc = [0, 0, 0, 0, 0, 0] | gpus = [1, 1, 1, 1, 2, 2] | micro_bs = 8 | time = [1918, 2102, 2369, 1289, 1500, 2591] | memory = [18446, 21009, 18530, 8660, 5616, 2058]

[ Trial 8 ] |2591.68|21009.25| op = [17, 16, 26, 14, 33, 1]| tp = [1, 1, 1, 1, 1, 1, ] | dp = [1, 1, 1, 1, 2, 2, ] | algo = [0, 0, 0, 0, 0, 0, ] | rc = [0, 0, 0, 0, 0, 0] | gpus = [1, 1, 1, 1, 2, 2] | micro_bs = 8 | time = [1918, 2102, 2369, 1289, 1500, 2591] | memory = [18446, 21009, 18530, 8660, 5616, 2058]
>>>> [CONFIG: target(1), prim(inc_dp)]
|2644.50|18530.00| op = [17, 16, 26, 14, 33, 1]| tp = [1, 1, 1, 1, 1, 1, ] | dp = [1, 2, 1, 1, 1, 2, ] | algo = [0, 0, 0, 0, 0, 0, ] | rc = [0, 0, 0, 0, 0, 0] | gpus = [1, 2, 1, 1, 1, 2] | micro_bs = 8 | time = [1919, 1158, 2371, 1290, 2644, 2593] | memory = [18446, 10528, 18530, 8660, 11105, 2058]
>>>> [CONFIG: target(4), prim(dec_mbs)]
|2885.19|9461.30| op = [17, 16, 26, 14, 33, 1]| tp = [1, 1, 1, 1, 1, 1, ] | dp = [1, 2, 1, 1, 1, 2, ] | algo = [0, 0, 0, 0, 0, 0, ] | rc = [0, 0, 0, 0, 0, 0] | gpus = [1, 2, 1, 1, 1, 2] | micro_bs = 4 | time = [2056, 1373, 2527, 1375, 2885, 2637] | memory = [9461, 5288, 9312, 4356, 5616, 1254]
>>>> [CONFIG: target(4), prim(dec_op)]
|2635.74|9461.30| op = [17, 29, 22, 17, 21, 1]| tp = [1, 1, 1, 1, 1, 1, ] | dp = [1, 2, 1, 1, 1, 2, ] | algo = [0, 0, 0, 0, 0, 0, ] | rc = [0, 0, 0, 0, 0, 0] | gpus = [1, 2, 1, 1, 1, 2] | micro_bs = 4 | time = [2054, 2139, 1774, 2126, 1731, 2635] | memory = [9461, 7796, 5952, 6896, 3620, 1254]
>>>> [CONFIG: target(5), prim(inc_mbs)]
|2589.44|18446.62| op = [17, 29, 22, 17, 21, 1]| tp = [1, 1, 1, 1, 1, 1, ] | dp = [1, 2, 1, 1, 1, 2, ] | algo = [0, 0, 0, 0, 0, 0, ] | rc = [0, 0, 0, 0, 0, 0] | gpus = [1, 2, 1, 1, 1, 2] | micro_bs = 8 | time = [1916, 1744, 1638, 2026, 1560, 2589] | memory = [18446, 15497, 11810, 13744, 7157, 2058]

[ Trial 9 ] |2589.44|18446.62| op = [17, 29, 22, 17, 21, 1]| tp = [1, 1, 1, 1, 1, 1, ] | dp = [1, 2, 1, 1, 1, 2, ] | algo = [0, 0, 0, 0, 0, 0, ] | rc = [0, 0, 0, 0, 0, 0] | gpus = [1, 2, 1, 1, 1, 2] | micro_bs = 8 | time = [1916, 1744, 1638, 2026, 1560, 2589] | memory = [18446, 15497, 11810, 13744, 7157, 2058]
>>>> [CONFIG: target(0), prim(inc_dp)]
|3554.50|20530.50| op = [17, 29, 22, 17, 21, 1]| tp = [1, 1, 1, 1, 1, 1, ] | dp = [2, 1, 1, 1, 1, 2, ] | algo = [0, 0, 0, 0, 0, 0, ] | rc = [0, 4, 0, 0, 0, 0] | gpus = [2, 1, 1, 1, 1, 2] | micro_bs = 8 | time = [1093, 3554, 1646, 2033, 1567, 2597] | memory = [9461, 20530, 11810, 13744, 7157, 2058]
>>>> [CONFIG: target(1), prim(dec_op)]
|2589.10|22498.50| op = [20, 26, 22, 17, 21, 1]| tp = [1, 1, 1, 1, 1, 1, ] | dp = [2, 1, 1, 1, 1, 2, ] | algo = [0, 0, 0, 0, 0, 0, ] | rc = [0, 0, 0, 0, 0, 0] | gpus = [2, 1, 1, 1, 1, 2] | micro_bs = 8 | time = [1249, 2367, 1638, 2025, 1559, 2589] | memory = [12965, 22498, 11810, 13744, 7157, 2058]

[ Trial 10 ] |2589.10|22498.50| op = [20, 26, 22, 17, 21, 1]| tp = [1, 1, 1, 1, 1, 1, ] | dp = [2, 1, 1, 1, 1, 2, ] | algo = [0, 0, 0, 0, 0, 0, ] | rc = [0, 0, 0, 0, 0, 0] | gpus = [2, 1, 1, 1, 1, 2] | micro_bs = 8 | time = [1249, 2367, 1638, 2025, 1559, 2589] | memory = [12965, 22498, 11810, 13744, 7157, 2058]
>>>> [CONFIG: target(1), prim(inc_dp)]
|2588.57|25454.62| op = [20, 26, 22, 17, 21, 1]| tp = [1, 1, 1, 1, 1, 1, ] | dp = [1, 2, 1, 1, 1, 2, ] | algo = [0, 0, 0, 0, 0, 0, ] | rc = [0, 0, 0, 0, 0, 0] | gpus = [1, 2, 1, 1, 1, 2] | micro_bs = 8 | time = [2228, 1319, 1638, 2025, 1559, 2588] | memory = [25454, 11297, 11810, 13744, 7157, 2058]

[ Trial 11 ] |2588.57|25454.62| op = [20, 26, 22, 17, 21, 1]| tp = [1, 1, 1, 1, 1, 1, ] | dp = [1, 2, 1, 1, 1, 2, ] | algo = [0, 0, 0, 0, 0, 0, ] | rc = [0, 0, 0, 0, 0, 0] | gpus = [1, 2, 1, 1, 1, 2] | micro_bs = 8 | time = [2228, 1319, 1638, 2025, 1559, 2588] | memory = [25454, 11297, 11810, 13744, 7157, 2058]
>>>> [CONFIG: target(0), prim(dec_op)]
|2585.90|15577.24| op = [16, 30, 22, 17, 21, 1]| tp = [1, 1, 1, 1, 1, 1, ] | dp = [1, 2, 1, 1, 1, 2, ] | algo = [0, 0, 0, 0, 0, 0, ] | rc = [0, 0, 0, 0, 0, 0] | gpus = [1, 2, 1, 1, 1, 2] | micro_bs = 8 | time = [1497, 1707, 1635, 2022, 1556, 2585] | memory = [15374, 15577, 11810, 13744, 7157, 2058]

[ Trial 12 ] |2585.90|15577.24| op = [16, 30, 22, 17, 21, 1]| tp = [1, 1, 1, 1, 1, 1, ] | dp = [1, 2, 1, 1, 1, 2, ] | algo = [0, 0, 0, 0, 0, 0, ] | rc = [0, 0, 0, 0, 0, 0] | gpus = [1, 2, 1, 1, 1, 2] | micro_bs = 8 | time = [1497, 1707, 1635, 2022, 1556, 2585] | memory = [15374, 15577, 11810, 13744, 7157, 2058]
>>>> [CONFIG: target(2), prim(inc_dp)]
|3477.79|20690.50| op = [16, 30, 22, 17, 21, 1]| tp = [1, 1, 1, 1, 1, 1, ] | dp = [1, 1, 2, 1, 1, 2, ] | algo = [0, 0, 0, 0, 0, 0, ] | rc = [0, 4, 0, 0, 0, 0] | gpus = [1, 1, 2, 1, 1, 2] | micro_bs = 8 | time = [1505, 3477, 951, 2030, 1564, 2594] | memory = [15374, 20690, 5952, 13744, 7157, 2058]
>>>> [CONFIG: target(1), prim(dec_mbs)]
|3310.02|15577.24| op = [16, 30, 22, 17, 21, 1]| tp = [1, 1, 1, 1, 1, 1, ] | dp = [1, 1, 2, 1, 1, 2, ] | algo = [0, 0, 0, 0, 0, 0, ] | rc = [0, 0, 0, 0, 0, 0] | gpus = [1, 1, 2, 1, 1, 2] | micro_bs = 4 | time = [1633, 3310, 1236, 2126, 1732, 2636] | memory = [7925, 15577, 3024, 6896, 3620, 1254]
>>>> [CONFIG: target(1), prim(dec_op)]
|2635.23|11245.24| op = [16, 25, 27, 17, 21, 1]| tp = [1, 1, 1, 1, 1, 1, ] | dp = [1, 1, 2, 1, 1, 2, ] | algo = [0, 0, 0, 0, 0, 0, ] | rc = [0, 0, 0, 0, 0, 0] | gpus = [1, 1, 2, 1, 1, 2] | micro_bs = 4 | time = [1632, 2450, 1753, 2125, 1731, 2635] | memory = [7925, 11245, 4764, 6896, 3620, 1254]
>>>> [CONFIG: target(5), prim(dec_mbs)]
|3186.29|5664.62| op = [16, 25, 27, 17, 21, 1]| tp = [1, 1, 1, 1, 1, 1, ] | dp = [1, 1, 2, 1, 1, 2, ] | algo = [0, 0, 0, 0, 0, 0, ] | rc = [0, 0, 0, 0, 0, 0] | gpus = [1, 1, 2, 1, 1, 2] | micro_bs = 2 | time = [2218, 3186, 2434, 2687, 2419, 2751] | memory = [4200, 5664, 2436, 3472, 1852, 852]
>>>> [CONFIG: target(1), prim(dec_op)]
|3134.44|5644.47| op = [16, 24, 28, 17, 21, 1]| tp = [1, 1, 1, 1, 1, 1, ] | dp = [1, 1, 2, 1, 1, 2, ] | algo = [0, 0, 0, 0, 0, 0, ] | rc = [0, 0, 0, 0, 0, 0] | gpus = [1, 1, 2, 1, 1, 2] | micro_bs = 2 | time = [2218, 3134, 2463, 2687, 2419, 2751] | memory = [4200, 5644, 2436, 3472, 1852, 852]
>>>> [CONFIG: target(1), prim(inc_mbs)]
|2635.19|11204.93| op = [16, 24, 28, 17, 21, 1]| tp = [1, 1, 1, 1, 1, 1, ] | dp = [1, 1, 2, 1, 1, 2, ] | algo = [0, 0, 0, 0, 0, 0, ] | rc = [0, 0, 0, 0, 0, 0] | gpus = [1, 1, 2, 1, 1, 2] | micro_bs = 4 | time = [1632, 2412, 1780, 2125, 1731, 2635] | memory = [7925, 11204, 4764, 6896, 3620, 1254]
>>>> [CONFIG: target(5), prim(inc_mbs)]
|2588.30|22325.88| op = [16, 24, 28, 17, 21, 1]| tp = [1, 1, 1, 1, 1, 1, ] | dp = [1, 1, 2, 1, 1, 2, ] | algo = [0, 0, 0, 0, 0, 0, ] | rc = [0, 0, 0, 0, 0, 0] | gpus = [1, 1, 2, 1, 1, 2] | micro_bs = 8 | time = [1499, 2266, 1385, 2024, 1558, 2588] | memory = [15374, 22325, 9421, 13744, 7157, 2058]

[ Trial 13 ] |2588.30|22325.88| op = [16, 24, 28, 17, 21, 1]| tp = [1, 1, 1, 1, 1, 1, ] | dp = [1, 1, 2, 1, 1, 2, ] | algo = [0, 0, 0, 0, 0, 0, ] | rc = [0, 0, 0, 0, 0, 0] | gpus = [1, 1, 2, 1, 1, 2] | micro_bs = 8 | time = [1499, 2266, 1385, 2024, 1558, 2588] | memory = [15374, 22325, 9421, 13744, 7157, 2058]
>>>> [CONFIG: target(0), prim(inc_tp)]
|2791.03|22325.88| op = [16, 24, 28, 17, 21, 1]| tp = [2, 1, 1, 1, 1, 1, ] | dp = [1, 1, 1, 1, 1, 2, ] | algo = [0, 0, 0, 0, 0, 0, ] | rc = [0, 0, 0, 0, 0, 0] | gpus = [2, 1, 1, 1, 1, 2] | micro_bs = 8 | time = [2791, 2285, 2502, 2043, 1577, 2606] | memory = [8153, 22325, 18734, 13744, 7157, 2058]
>>>> [CONFIG: target(0), prim(dec_op)]
|2790.76|22325.88| op = [16, 24, 27, 18, 21, 1]| tp = [2, 1, 1, 1, 1, 1, ] | dp = [1, 1, 1, 1, 1, 2, ] | algo = [0, 0, 0, 0, 0, 0, ] | rc = [0, 0, 0, 0, 0, 0] | gpus = [2, 1, 1, 1, 1, 2] | micro_bs = 8 | time = [2790, 2285, 2404, 2107, 1577, 2606] | memory = [8153, 22325, 18530, 13804, 7157, 2058]
>>>> [CONFIG: target(0), prim(dec_mbs)]
|2636.57|11204.93| op = [16, 24, 27, 18, 21, 1]| tp = [1, 1, 1, 1, 1, 1, ] | dp = [2, 1, 1, 1, 1, 2, ] | algo = [0, 0, 0, 0, 0, 0, ] | rc = [0, 0, 0, 0, 0, 0] | gpus = [2, 1, 1, 1, 1, 2] | micro_bs = 4 | time = [1140, 2414, 2551, 2201, 1732, 2636] | memory = [4200, 11204, 9313, 6932, 3620, 1254]
>>>> [CONFIG: target(5), prim(dec_mbs)]
|3361.53|5644.47| op = [16, 24, 27, 18, 21, 1]| tp = [1, 1, 1, 1, 1, 1, ] | dp = [2, 1, 1, 1, 1, 2, ] | algo = [0, 0, 0, 0, 0, 0, ] | rc = [0, 0, 0, 0, 0, 0] | gpus = [2, 1, 1, 1, 1, 2] | micro_bs = 2 | time = [1679, 3135, 3361, 2807, 2420, 2752] | memory = [2338, 5644, 4704, 3496, 1852, 852]
>>>> [CONFIG: target(2), prim(inc_dp)]
|3134.46|5644.47| op = [16, 24, 27, 18, 21, 1]| tp = [1, 1, 1, 1, 1, 1, ] | dp = [1, 1, 2, 1, 1, 2, ] | algo = [0, 0, 0, 0, 0, 0, ] | rc = [0, 0, 0, 0, 0, 0] | gpus = [1, 1, 2, 1, 1, 2] | micro_bs = 2 | time = [2218, 3134, 2353, 2806, 2419, 2751] | memory = [4200, 5644, 2400, 3496, 1852, 852]
>>>> [CONFIG: target(1), prim(inc_mbs)]
|2635.20|11204.93| op = [16, 24, 27, 18, 21, 1]| tp = [1, 1, 1, 1, 1, 1, ] | dp = [1, 1, 2, 1, 1, 2, ] | algo = [0, 0, 0, 0, 0, 0, ] | rc = [0, 0, 0, 0, 0, 0] | gpus = [1, 1, 2, 1, 1, 2] | micro_bs = 4 | time = [1632, 2412, 1709, 2200, 1731, 2635] | memory = [7925, 11204, 4704, 6932, 3620, 1254]
>>>> [CONFIG: target(5), prim(inc_mbs)]
|2588.39|22325.88| op = [16, 24, 27, 18, 21, 1]| tp = [1, 1, 1, 1, 1, 1, ] | dp = [1, 1, 2, 1, 1, 2, ] | algo = [0, 0, 0, 0, 0, 0, ] | rc = [0, 0, 0, 0, 0, 0] | gpus = [1, 1, 2, 1, 1, 2] | micro_bs = 8 | time = [1499, 2266, 1331, 2089, 1558, 2588] | memory = [15374, 22325, 9313, 13804, 7157, 2058]

[ Trial 14 ] |2588.39|22325.88| op = [16, 24, 27, 18, 21, 1]| tp = [1, 1, 1, 1, 1, 1, ] | dp = [1, 1, 2, 1, 1, 2, ] | algo = [0, 0, 0, 0, 0, 0, ] | rc = [0, 0, 0, 0, 0, 0] | gpus = [1, 1, 2, 1, 1, 2] | micro_bs = 8 | time = [1499, 2266, 1331, 2089, 1558, 2588] | memory = [15374, 22325, 9313, 13804, 7157, 2058]
>>>> [CONFIG: target(4), prim(inc_tp)]
|3126.84|22325.88| op = [16, 24, 27, 18, 21, 1]| tp = [1, 1, 1, 1, 2, 1, ] | dp = [1, 1, 1, 1, 1, 2, ] | algo = [0, 0, 0, 0, 0, 0, ] | rc = [0, 0, 0, 0, 0, 0] | gpus = [1, 1, 1, 1, 2, 2] | micro_bs = 8 | time = [1520, 2287, 2406, 2109, 3126, 2608] | memory = [15374, 22325, 18530, 13804, 3835, 2058]
>>>> [CONFIG: target(4), prim(dec_op)]
|2604.75|22325.88| op = [16, 24, 27, 22, 17, 1]| tp = [1, 1, 1, 1, 2, 1, ] | dp = [1, 1, 1, 1, 1, 2, ] | algo = [0, 0, 0, 0, 0, 0, ] | rc = [0, 0, 0, 0, 0, 0] | gpus = [1, 1, 1, 1, 2, 2] | micro_bs = 8 | time = [1515, 2283, 2402, 2268, 2436, 2604] | memory = [15374, 22325, 18530, 14185, 3696, 2058]
>>>> [CONFIG: target(5), prim(dec_dp)]
|5035.01|22325.88| op = [16, 24, 27, 22, 17, 1]| tp = [1, 1, 1, 1, 2, 1, ] | dp = [2, 1, 1, 1, 1, 1, ] | algo = [0, 0, 0, 0, 0, 0, ] | rc = [0, 0, 0, 0, 0, 0] | gpus = [2, 1, 1, 1, 2, 1] | micro_bs = 8 | time = [905, 2297, 2416, 2282, 2450, 5035] | memory = [7925, 22325, 18530, 14185, 3696, 3666]
>>>> [CONFIG: target(5), prim(inc_tp)]
|2922.12|22325.88| op = [16, 24, 27, 22, 17, 1]| tp = [1, 1, 1, 1, 1, 2, ] | dp = [2, 1, 1, 1, 1, 1, ] | algo = [0, 0, 0, 0, 0, 0, ] | rc = [0, 0, 0, 0, 0, 0] | gpus = [2, 1, 1, 1, 1, 2] | micro_bs = 8 | time = [881, 2273, 2392, 2258, 1463, 2922] | memory = [7925, 22325, 18530, 14185, 6992, 1841]
>>>> [CONFIG: target(2), prim(inc_dp)]
|2918.74|22325.88| op = [16, 24, 27, 22, 17, 1]| tp = [1, 1, 1, 1, 1, 2, ] | dp = [1, 1, 2, 1, 1, 1, ] | algo = [0, 0, 0, 0, 0, 0, ] | rc = [0, 0, 0, 0, 0, 0] | gpus = [1, 1, 2, 1, 1, 2] | micro_bs = 8 | time = [1502, 2270, 1334, 2255, 1459, 2918] | memory = [15374, 22325, 9313, 14185, 6992, 1841]
>>>> [CONFIG: target(5), prim(dec_tp)]
|5019.37|22325.88| op = [16, 24, 27, 22, 17, 1]| tp = [1, 1, 1, 1, 1, 1, ] | dp = [1, 1, 2, 1, 2, 1, ] | algo = [0, 0, 0, 0, 0, 0, ] | rc = [0, 0, 0, 0, 0, 0] | gpus = [1, 1, 2, 1, 2, 1] | micro_bs = 8 | time = [1514, 2281, 1346, 2267, 878, 5019] | memory = [15374, 22325, 9313, 14185, 3528, 3666]
>>>> [CONFIG: target(5), prim(inc_dp)]
|2588.87|22325.88| op = [16, 24, 27, 22, 17, 1]| tp = [1, 1, 1, 1, 1, 1, ] | dp = [1, 1, 2, 1, 1, 2, ] | algo = [0, 0, 0, 0, 0, 0, ] | rc = [0, 0, 0, 0, 0, 0] | gpus = [1, 1, 2, 1, 1, 2] | micro_bs = 8 | time = [1500, 2267, 1332, 2252, 1457, 2588] | memory = [15374, 22325, 9313, 14185, 6992, 2058]

[ Trial 15 ] |2588.87|22325.88| op = [16, 24, 27, 22, 17, 1]| tp = [1, 1, 1, 1, 1, 1, ] | dp = [1, 1, 2, 1, 1, 2, ] | algo = [0, 0, 0, 0, 0, 0, ] | rc = [0, 0, 0, 0, 0, 0] | gpus = [1, 1, 2, 1, 1, 2] | micro_bs = 8 | time = [1500, 2267, 1332, 2252, 1457, 2588] | memory = [15374, 22325, 9313, 14185, 6992, 2058]
>>>> [CONFIG: target(1), prim(inc_tp)]
|3452.04|18530.50| op = [16, 24, 27, 22, 17, 1]| tp = [1, 2, 1, 1, 1, 1, ] | dp = [1, 1, 1, 1, 1, 2, ] | algo = [0, 0, 0, 0, 0, 0, ] | rc = [0, 0, 0, 0, 0, 0] | gpus = [1, 2, 1, 1, 1, 2] | micro_bs = 8 | time = [1517, 3452, 2403, 2270, 1474, 2606] | memory = [15374, 11723, 18530, 14185, 6992, 2058]
>>>> [CONFIG: target(1), prim(dec_op)]
|2600.54|19030.50| op = [16, 17, 30, 26, 17, 1]| tp = [1, 2, 1, 1, 1, 1, ] | dp = [1, 1, 1, 1, 1, 2, ] | algo = [0, 0, 0, 0, 0, 0, ] | rc = [0, 0, 0, 0, 0, 0] | gpus = [1, 2, 1, 1, 1, 2] | micro_bs = 8 | time = [1511, 2388, 2541, 2439, 1469, 2600] | memory = [15374, 10905, 19030, 14705, 6992, 2058]
>>>> [CONFIG: target(5), prim(dec_dp)]
|5031.04|19030.50| op = [16, 17, 30, 26, 17, 1]| tp = [1, 2, 1, 1, 1, 1, ] | dp = [1, 1, 1, 1, 2, 1, ] | algo = [0, 0, 0, 0, 0, 0, ] | rc = [0, 0, 0, 0, 0, 0] | gpus = [1, 2, 1, 1, 2, 1] | micro_bs = 8 | time = [1526, 2402, 2556, 2454, 890, 5031] | memory = [15374, 10905, 19030, 14705, 3528, 3666]
>>>> [CONFIG: target(5), prim(inc_tp)]
|2930.41|19030.50| op = [16, 17, 30, 26, 17, 1]| tp = [1, 2, 1, 1, 1, 2, ] | dp = [1, 1, 1, 1, 1, 1, ] | algo = [0, 0, 0, 0, 0, 0, ] | rc = [0, 0, 0, 0, 0, 0] | gpus = [1, 2, 1, 1, 1, 2] | micro_bs = 8 | time = [1514, 2390, 2544, 2442, 1471, 2930] | memory = [15374, 10905, 19030, 14705, 6992, 1841]
>>>> [CONFIG: target(5), prim(dec_mbs)]
|2715.41|9573.24| op = [16, 17, 30, 26, 17, 1]| tp = [1, 1, 1, 1, 1, 1, ] | dp = [1, 2, 1, 1, 1, 2, ] | algo = [0, 0, 0, 0, 0, 0, ] | rc = [0, 0, 0, 0, 0, 0] | gpus = [1, 2, 1, 1, 1, 2] | micro_bs = 4 | time = [1633, 1373, 2715, 2594, 1611, 2636] | memory = [7925, 5328, 9573, 7400, 3528, 1254]
>>>> [CONFIG: target(2), prim(inc_dp)]
|2635.62|10608.62| op = [16, 17, 30, 26, 17, 1]| tp = [1, 1, 1, 1, 1, 1, ] | dp = [1, 1, 2, 1, 1, 2, ] | algo = [0, 0, 0, 0, 0, 0, ] | rc = [0, 0, 0, 0, 0, 0] | gpus = [1, 1, 2, 1, 1, 2] | micro_bs = 4 | time = [1632, 2125, 1830, 2594, 1610, 2635] | memory = [7925, 10608, 4844, 7400, 3528, 1254]
>>>> [CONFIG: target(5), prim(inc_mbs)]
|2588.99|21169.25| op = [16, 17, 30, 26, 17, 1]| tp = [1, 1, 1, 1, 1, 1, ] | dp = [1, 1, 2, 1, 1, 2, ] | algo = [0, 0, 0, 0, 0, 0, ] | rc = [0, 0, 0, 0, 0, 0] | gpus = [1, 1, 2, 1, 1, 2] | micro_bs = 8 | time = [1500, 2025, 1414, 2428, 1457, 2588] | memory = [15374, 21169, 9573, 14705, 6992, 2058]

[ Trial 17 ] |2588.99|21169.25| op = [16, 17, 30, 26, 17, 1]| tp = [1, 1, 1, 1, 1, 1, ] | dp = [1, 1, 2, 1, 1, 2, ] | algo = [0, 0, 0, 0, 0, 0, ] | rc = [0, 0, 0, 0, 0, 0] | gpus = [1, 1, 2, 1, 1, 2] | micro_bs = 8 | time = [1500, 2025, 1414, 2428, 1457, 2588] | memory = [15374, 21169, 9573, 14705, 6992, 2058]
>>>> [CONFIG: target(5), prim(dec_dp)]
|5019.49|21169.25| op = [16, 17, 30, 26, 17, 1]| tp = [1, 1, 1, 1, 1, 1, ] | dp = [1, 1, 2, 1, 2, 1, ] | algo = [0, 0, 0, 0, 0, 0, ] | rc = [0, 0, 0, 0, 0, 0] | gpus = [1, 1, 2, 1, 2, 1] | micro_bs = 8 | time = [1514, 2039, 1428, 2442, 878, 5019] | memory = [15374, 21169, 9573, 14705, 3528, 3666]
>>>> [CONFIG: target(5), prim(dec_mbs)]
|5081.34|10608.62| op = [16, 17, 30, 26, 17, 1]| tp = [1, 1, 1, 1, 1, 1, ] | dp = [1, 1, 2, 1, 2, 1, ] | algo = [0, 0, 0, 0, 0, 0, ] | rc = [0, 0, 0, 0, 0, 0] | gpus = [1, 1, 2, 1, 2, 1] | micro_bs = 4 | time = [1640, 2133, 1838, 2601, 1139, 5081] | memory = [7925, 10608, 4844, 7400, 1796, 2058]
>>>> [CONFIG: target(5), prim(inc_tp)]
|2971.89|10608.62| op = [16, 17, 30, 26, 17, 1]| tp = [1, 1, 1, 1, 1, 2, ] | dp = [1, 1, 2, 1, 1, 1, ] | algo = [0, 0, 0, 0, 0, 0, ] | rc = [0, 0, 0, 0, 0, 0] | gpus = [1, 1, 2, 1, 1, 2] | micro_bs = 4 | time = [1634, 2127, 1831, 2595, 1612, 2971] | memory = [7925, 10608, 4844, 7400, 3528, 1033]
>>>> [CONFIG: target(5), prim(dec_mbs)]
|3386.32|5328.31| op = [16, 17, 30, 26, 17, 1]| tp = [1, 1, 1, 1, 1, 1, ] | dp = [1, 1, 2, 1, 1, 2, ] | algo = [0, 0, 0, 0, 0, 0, ] | rc = [0, 0, 0, 0, 0, 0] | gpus = [1, 1, 2, 1, 1, 2] | micro_bs = 2 | time = [2219, 2687, 2586, 3386, 2202, 2751] | memory = [4200, 5328, 2480, 3748, 1796, 852]
>>>> [CONFIG: target(3), prim(dec_op)]
|3160.61|5328.31| op = [16, 17, 30, 23, 20, 1]| tp = [1, 1, 1, 1, 1, 1, ] | dp = [1, 1, 2, 1, 1, 2, ] | algo = [0, 0, 0, 0, 0, 0, ] | rc = [0, 0, 0, 0, 0, 0] | gpus = [1, 1, 2, 1, 1, 2] | micro_bs = 2 | time = [2219, 2687, 2585, 3160, 2347, 2751] | memory = [4200, 5328, 2480, 3654, 1840, 852]
>>>> [CONFIG: target(3), prim(inc_mbs)]
|2635.35|10608.62| op = [16, 17, 30, 23, 20, 1]| tp = [1, 1, 1, 1, 1, 1, ] | dp = [1, 1, 2, 1, 1, 2, ] | algo = [0, 0, 0, 0, 0, 0, ] | rc = [0, 0, 0, 0, 0, 0] | gpus = [1, 1, 2, 1, 1, 2] | micro_bs = 4 | time = [1632, 2125, 1830, 2435, 1700, 2635] | memory = [7925, 10608, 4844, 7228, 3600, 1254]
>>>> [CONFIG: target(5), prim(inc_mbs)]
|2588.51|21169.25| op = [16, 17, 30, 23, 20, 1]| tp = [1, 1, 1, 1, 1, 1, ] | dp = [1, 1, 2, 1, 1, 2, ] | algo = [0, 0, 0, 0, 0, 0, ] | rc = [0, 0, 0, 0, 0, 0] | gpus = [1, 1, 2, 1, 1, 2] | micro_bs = 8 | time = [1499, 2025, 1413, 2288, 1535, 2588] | memory = [15374, 21169, 9573, 14377, 7121, 2058]

[ Trial 21 ] |2588.51|21169.25| op = [16, 17, 30, 23, 20, 1]| tp = [1, 1, 1, 1, 1, 1, ] | dp = [1, 1, 2, 1, 1, 2, ] | algo = [0, 0, 0, 0, 0, 0, ] | rc = [0, 0, 0, 0, 0, 0] | gpus = [1, 1, 2, 1, 1, 2] | micro_bs = 8 | time = [1499, 2025, 1413, 2288, 1535, 2588] | memory = [15374, 21169, 9573, 14377, 7121, 2058]
>>>> [CONFIG: target(5), prim(dec_dp)]
|5018.76|21169.25| op = [16, 17, 30, 23, 20, 1]| tp = [1, 1, 1, 1, 1, 1, ] | dp = [2, 1, 2, 1, 1, 1, ] | algo = [0, 0, 0, 0, 0, 0, ] | rc = [0, 0, 0, 0, 0, 0] | gpus = [2, 1, 2, 1, 1, 1] | micro_bs = 8 | time = [889, 2039, 1427, 2302, 1549, 5018] | memory = [7925, 21169, 9573, 14377, 7121, 3666]
>>>> [CONFIG: target(5), prim(dec_mbs)]
|5081.02|10608.62| op = [16, 17, 30, 23, 20, 1]| tp = [1, 1, 1, 1, 1, 1, ] | dp = [2, 1, 2, 1, 1, 1, ] | algo = [0, 0, 0, 0, 0, 0, ] | rc = [0, 0, 0, 0, 0, 0] | gpus = [2, 1, 2, 1, 1, 1] | micro_bs = 4 | time = [1147, 2133, 1837, 2443, 1707, 5081] | memory = [4200, 10608, 4844, 7228, 3600, 2058]
>>>> [CONFIG: target(5), prim(dec_mbs)]
|5220.37|5328.31| op = [16, 17, 30, 23, 20, 1]| tp = [1, 1, 1, 1, 1, 1, ] | dp = [2, 1, 2, 1, 1, 1, ] | algo = [0, 0, 0, 0, 0, 0, ] | rc = [0, 0, 0, 0, 0, 0] | gpus = [2, 1, 2, 1, 1, 1] | micro_bs = 2 | time = [1682, 2691, 2589, 3164, 2351, 5220] | memory = [2338, 5328, 2480, 3654, 1840, 1254]
>>>> [CONFIG: target(5), prim(inc_tp)]
|3161.39|5328.31| op = [16, 17, 30, 23, 20, 1]| tp = [1, 1, 1, 1, 1, 2, ] | dp = [1, 1, 2, 1, 1, 1, ] | algo = [0, 0, 0, 0, 0, 0, ] | rc = [0, 0, 0, 0, 0, 0] | gpus = [1, 1, 2, 1, 1, 2] | micro_bs = 2 | time = [2219, 2688, 2586, 3161, 2348, 3147] | memory = [4200, 5328, 2480, 3654, 1840, 629]
>>>> [CONFIG: target(3), prim(dec_op)]
|3147.80|5328.31| op = [16, 17, 31, 22, 20, 1]| tp = [1, 1, 1, 1, 1, 2, ] | dp = [1, 1, 2, 1, 1, 1, ] | algo = [0, 0, 0, 0, 0, 0, ] | rc = [0, 0, 0, 0, 0, 0] | gpus = [1, 1, 2, 1, 1, 2] | micro_bs = 2 | time = [2219, 2688, 2634, 3113, 2348, 3147] | memory = [4200, 5328, 2512, 3606, 1840, 629]
>>>> [CONFIG: target(5), prim(inc_mbs)]
|2635.27|10608.62| op = [16, 17, 31, 22, 20, 1]| tp = [1, 1, 1, 1, 1, 1, ] | dp = [1, 1, 2, 1, 1, 2, ] | algo = [0, 0, 0, 0, 0, 0, ] | rc = [0, 0, 0, 0, 0, 0] | gpus = [1, 1, 2, 1, 1, 2] | micro_bs = 4 | time = [1632, 2125, 1854, 2390, 1700, 2635] | memory = [7925, 10608, 4908, 7132, 3600, 1254]
>>>> [CONFIG: target(5), prim(inc_mbs)]
|2588.36|21169.25| op = [16, 17, 31, 22, 20, 1]| tp = [1, 1, 1, 1, 1, 1, ] | dp = [1, 1, 2, 1, 1, 2, ] | algo = [0, 0, 0, 0, 0, 0, ] | rc = [0, 0, 0, 0, 0, 0] | gpus = [1, 1, 2, 1, 1, 2] | micro_bs = 8 | time = [1499, 2024, 1435, 2247, 1534, 2588] | memory = [15374, 21169, 9701, 14185, 7121, 2058]

[ Trial 22 ] |2588.36|21169.25| op = [16, 17, 31, 22, 20, 1]| tp = [1, 1, 1, 1, 1, 1, ] | dp = [1, 1, 2, 1, 1, 2, ] | algo = [0, 0, 0, 0, 0, 0, ] | rc = [0, 0, 0, 0, 0, 0] | gpus = [1, 1, 2, 1, 1, 2] | micro_bs = 8 | time = [1499, 2024, 1435, 2247, 1534, 2588] | memory = [15374, 21169, 9701, 14185, 7121, 2058]
>>>> [CONFIG: target(3), prim(inc_tp)]
|3440.21|21169.25| op = [16, 17, 31, 22, 20, 1]| tp = [1, 1, 1, 2, 1, 1, ] | dp = [1, 1, 1, 1, 1, 2, ] | algo = [0, 0, 0, 0, 0, 0, ] | rc = [0, 0, 0, 0, 0, 0] | gpus = [1, 1, 1, 2, 1, 2] | micro_bs = 8 | time = [1517, 2043, 2588, 3440, 1553, 2606] | memory = [15374, 21169, 19286, 7393, 7121, 2058]
>>>> [CONFIG: target(3), prim(dec_op)]
|2605.03|21169.25| op = [16, 17, 31, 16, 26, 1]| tp = [1, 1, 1, 2, 1, 1, ] | dp = [1, 1, 1, 1, 1, 2, ] | algo = [0, 0, 0, 0, 0, 0, ] | rc = [0, 0, 0, 0, 0, 0] | gpus = [1, 1, 1, 2, 1, 2] | micro_bs = 8 | time = [1516, 2041, 2587, 2395, 2402, 2605] | memory = [15374, 21169, 19286, 4745, 10625, 2058]
>>>> [CONFIG: target(5), prim(dec_dp)]
|5035.29|21169.25| op = [16, 17, 31, 16, 26, 1]| tp = [1, 1, 1, 2, 1, 1, ] | dp = [2, 1, 1, 1, 1, 1, ] | algo = [0, 0, 0, 0, 0, 0, ] | rc = [0, 0, 0, 0, 0, 0] | gpus = [2, 1, 1, 2, 1, 1] | micro_bs = 8 | time = [905, 2055, 2601, 2409, 2417, 5035] | memory = [7925, 21169, 19286, 4745, 10625, 3666]
>>>> [CONFIG: target(5), prim(inc_dp)]
|2592.37|21169.25| op = [16, 17, 31, 16, 26, 1]| tp = [1, 1, 1, 1, 1, 1, ] | dp = [2, 1, 1, 1, 1, 2, ] | algo = [0, 0, 0, 0, 0, 0, ] | rc = [0, 0, 0, 0, 0, 0] | gpus = [2, 1, 1, 1, 1, 2] | micro_bs = 8 | time = [878, 2028, 2574, 1400, 2390, 2592] | memory = [7925, 21169, 19286, 8937, 10625, 2058]
>>>> [CONFIG: target(5), prim(dec_mbs)]
|2760.77|10608.62| op = [16, 17, 31, 16, 26, 1]| tp = [1, 1, 1, 1, 1, 1, ] | dp = [2, 1, 1, 1, 1, 2, ] | algo = [0, 0, 0, 0, 0, 0, ] | rc = [0, 0, 0, 0, 0, 0] | gpus = [2, 1, 1, 1, 1, 2] | micro_bs = 4 | time = [1141, 2127, 2760, 1502, 2591, 2636] | memory = [4200, 10608, 9701, 4500, 5360, 1254]
>>>> [CONFIG: target(2), prim(inc_dp)]
|2635.27|10608.62| op = [16, 17, 31, 16, 26, 1]| tp = [1, 1, 1, 1, 1, 1, ] | dp = [1, 1, 2, 1, 1, 2, ] | algo = [0, 0, 0, 0, 0, 0, ] | rc = [0, 0, 0, 0, 0, 0] | gpus = [1, 1, 2, 1, 1, 2] | micro_bs = 4 | time = [1632, 2125, 1854, 1501, 2589, 2635] | memory = [7925, 10608, 4908, 4500, 5360, 1254]
>>>> [CONFIG: target(5), prim(inc_mbs)]
|2588.36|21169.25| op = [16, 17, 31, 16, 26, 1]| tp = [1, 1, 1, 1, 1, 1, ] | dp = [1, 1, 2, 1, 1, 2, ] | algo = [0, 0, 0, 0, 0, 0, ] | rc = [0, 0, 0, 0, 0, 0] | gpus = [1, 1, 2, 1, 1, 2] | micro_bs = 8 | time = [1499, 2024, 1435, 1396, 2386, 2588] | memory = [15374, 21169, 9701, 8937, 10625, 2058]

[ Trial 23 ] |2588.36|21169.25| op = [16, 17, 31, 16, 26, 1]| tp = [1, 1, 1, 1, 1, 1, ] | dp = [1, 1, 2, 1, 1, 2, ] | algo = [0, 0, 0, 0, 0, 0, ] | rc = [0, 0, 0, 0, 0, 0] | gpus = [1, 1, 2, 1, 1, 2] | micro_bs = 8 | time = [1499, 2024, 1435, 1396, 2386, 2588] | memory = [15374, 21169, 9701, 8937, 10625, 2058]
>>>> [CONFIG: target(4), prim(inc_tp)]
|3845.89|21169.25| op = [16, 17, 31, 16, 26, 1]| tp = [1, 1, 1, 1, 2, 1, ] | dp = [1, 1, 1, 1, 1, 2, ] | algo = [0, 0, 0, 0, 0, 0, ] | rc = [0, 0, 0, 0, 0, 0] | gpus = [1, 1, 1, 1, 2, 2] | micro_bs = 8 | time = [1519, 2045, 2590, 1416, 3845, 2608] | memory = [15374, 21169, 19286, 8937, 5585, 2058]
>>>> [CONFIG: target(4), prim(dec_op)]
|2605.36|21169.25| op = [16, 17, 31, 25, 17, 1]| tp = [1, 1, 1, 1, 2, 1, ] | dp = [1, 1, 1, 1, 1, 2, ] | algo = [0, 0, 0, 0, 0, 0, ] | rc = [0, 0, 0, 0, 0, 0] | gpus = [1, 1, 1, 1, 2, 2] | micro_bs = 8 | time = [1516, 2041, 2587, 2403, 2437, 2605] | memory = [15374, 21169, 19286, 14513, 3696, 2058]
>>>> [CONFIG: target(5), prim(dec_mbs)]
|2761.10|10608.62| op = [16, 17, 31, 25, 17, 1]| tp = [1, 1, 1, 1, 1, 1, ] | dp = [1, 1, 1, 1, 2, 2, ] | algo = [0, 0, 0, 0, 0, 0, ] | rc = [0, 0, 0, 0, 0, 0] | gpus = [1, 1, 1, 1, 2, 2] | micro_bs = 4 | time = [1634, 2127, 2761, 2551, 1133, 2637] | memory = [7925, 10608, 9701, 7304, 1796, 1254]
>>>> [CONFIG: target(2), prim(dec_mbs)]
|3652.33|5328.31| op = [16, 17, 31, 25, 17, 1]| tp = [1, 1, 1, 1, 1, 1, ] | dp = [1, 1, 1, 1, 2, 2, ] | algo = [0, 0, 0, 0, 0, 0, ] | rc = [0, 0, 0, 0, 0, 0] | gpus = [1, 1, 1, 1, 2, 2] | micro_bs = 2 | time = [2219, 2688, 3652, 3338, 1576, 2752] | memory = [4200, 5328, 4908, 3700, 926, 852]
>>>> [CONFIG: target(2), prim(dec_op)]
|2768.43|5328.31| op = [16, 17, 22, 18, 33, 1]| tp = [1, 1, 1, 1, 1, 1, ] | dp = [1, 1, 1, 1, 2, 2, ] | algo = [0, 0, 0, 0, 0, 0, ] | rc = [0, 0, 0, 0, 0, 0] | gpus = [1, 1, 1, 1, 2, 2] | micro_bs = 2 | time = [2218, 2686, 2410, 2758, 2768, 2750] | memory = [4200, 5328, 3024, 3488, 1496, 852]
>>>> [CONFIG: target(4), prim(inc_mbs)]
|2635.10|10608.62| op = [16, 17, 22, 18, 33, 1]| tp = [1, 1, 1, 1, 1, 1, ] | dp = [1, 1, 1, 1, 2, 2, ] | algo = [0, 0, 0, 0, 0, 0, ] | rc = [0, 0, 0, 0, 0, 0] | gpus = [1, 1, 1, 1, 2, 2] | micro_bs = 4 | time = [1632, 2125, 1773, 2156, 1970, 2635] | memory = [7925, 10608, 5952, 6924, 2872, 1254]
>>>> [CONFIG: target(5), prim(inc_mbs)]
|2588.09|21169.25| op = [16, 17, 22, 18, 33, 1]| tp = [1, 1, 1, 1, 1, 1, ] | dp = [1, 1, 1, 1, 2, 2, ] | algo = [0, 0, 0, 0, 0, 0, ] | rc = [0, 0, 0, 0, 0, 0] | gpus = [1, 1, 1, 1, 2, 2] | micro_bs = 8 | time = [1499, 2024, 1637, 2048, 1497, 2588] | memory = [15374, 21169, 11810, 13796, 5616, 2058]

[ Trial 24 ] |2588.09|21169.25| op = [16, 17, 22, 18, 33, 1]| tp = [1, 1, 1, 1, 1, 1, ] | dp = [1, 1, 1, 1, 2, 2, ] | algo = [0, 0, 0, 0, 0, 0, ] | rc = [0, 0, 0, 0, 0, 0] | gpus = [1, 1, 1, 1, 2, 2] | micro_bs = 8 | time = [1499, 2024, 1637, 2048, 1497, 2588] | memory = [15374, 21169, 11810, 13796, 5616, 2058]
>>>> [CONFIG: target(3), prim(inc_dp)]
|2641.16|21169.25| op = [16, 17, 22, 18, 33, 1]| tp = [1, 1, 1, 1, 1, 1, ] | dp = [1, 1, 1, 2, 1, 2, ] | algo = [0, 0, 0, 0, 0, 0, ] | rc = [0, 0, 0, 0, 0, 0] | gpus = [1, 1, 1, 2, 1, 2] | micro_bs = 8 | time = [1501, 2026, 1639, 1137, 2641, 2589] | memory = [15374, 21169, 11810, 6924, 11105, 2058]
>>>> [CONFIG: target(4), prim(inc_tp)]
|4631.24|21169.25| op = [16, 17, 22, 18, 33, 1]| tp = [1, 1, 1, 1, 2, 1, ] | dp = [1, 1, 1, 1, 1, 2, ] | algo = [0, 0, 0, 0, 0, 0, ] | rc = [0, 0, 0, 0, 0, 0] | gpus = [1, 1, 1, 1, 2, 2] | micro_bs = 8 | time = [1523, 2049, 1662, 2073, 4631, 2612] | memory = [15374, 21169, 11810, 13796, 5921, 2058]
>>>> [CONFIG: target(4), prim(dec_op)]
|2672.87|21169.25| op = [16, 17, 26, 30, 15, 3]| tp = [1, 1, 1, 1, 2, 1, ] | dp = [1, 1, 1, 1, 1, 2, ] | algo = [0, 0, 0, 0, 0, 0, ] | rc = [0, 0, 0, 0, 0, 0] | gpus = [1, 1, 1, 1, 2, 2] | micro_bs = 8 | time = [1516, 2041, 2383, 2546, 2370, 2672] | memory = [15374, 21169, 18530, 14941, 3584, 2120]
>>>> [CONFIG: target(5), prim(dec_op)]
|2604.88|21169.25| op = [16, 17, 26, 30, 17, 1]| tp = [1, 1, 1, 1, 2, 1, ] | dp = [1, 1, 1, 1, 1, 2, ] | algo = [0, 0, 0, 0, 0, 0, ] | rc = [0, 0, 0, 0, 0, 0] | gpus = [1, 1, 1, 1, 2, 2] | micro_bs = 8 | time = [1516, 2041, 2383, 2546, 2436, 2604] | memory = [15374, 21169, 18530, 14941, 3696, 2058]
>>>> [CONFIG: target(5), prim(dec_mbs)]
|2716.21|10608.62| op = [16, 17, 26, 30, 17, 1]| tp = [1, 1, 1, 1, 1, 1, ] | dp = [1, 1, 1, 1, 2, 2, ] | algo = [0, 0, 0, 0, 0, 0, ] | rc = [0, 0, 0, 0, 0, 0] | gpus = [1, 1, 1, 1, 2, 2] | micro_bs = 4 | time = [1634, 2127, 2526, 2716, 1132, 2636] | memory = [7925, 10608, 9312, 7528, 1796, 1254]
>>>> [CONFIG: target(3), prim(inc_dp)]
|2635.35|10608.62| op = [16, 17, 26, 30, 17, 1]| tp = [1, 1, 1, 1, 1, 1, ] | dp = [1, 1, 1, 2, 1, 2, ] | algo = [0, 0, 0, 0, 0, 0, ] | rc = [0, 0, 0, 0, 0, 0] | gpus = [1, 1, 1, 2, 1, 2] | micro_bs = 4 | time = [1632, 2125, 2525, 1830, 1610, 2635] | memory = [7925, 10608, 9312, 3822, 3528, 1254]
>>>> [CONFIG: target(5), prim(inc_mbs)]
|2588.51|21169.25| op = [16, 17, 26, 30, 17, 1]| tp = [1, 1, 1, 1, 1, 1, ] | dp = [1, 1, 1, 2, 1, 2, ] | algo = [0, 0, 0, 0, 0, 0, ] | rc = [0, 0, 0, 0, 0, 0] | gpus = [1, 1, 1, 2, 1, 2] | micro_bs = 8 | time = [1499, 2025, 2366, 1413, 1457, 2588] | memory = [15374, 21169, 18530, 7528, 6992, 2058]

[ Trial 28 ] |2588.51|21169.25| op = [16, 17, 26, 30, 17, 1]| tp = [1, 1, 1, 1, 1, 1, ] | dp = [1, 1, 1, 2, 1, 2, ] | algo = [0, 0, 0, 0, 0, 0, ] | rc = [0, 0, 0, 0, 0, 0] | gpus = [1, 1, 1, 2, 1, 2] | micro_bs = 8 | time = [1499, 2025, 2366, 1413, 1457, 2588] | memory = [15374, 21169, 18530, 7528, 6992, 2058]
>>>> [CONFIG: target(2), prim(dec_op)]
|2585.84|21169.25| op = [16, 17, 22, 34, 17, 1]| tp = [1, 1, 1, 1, 1, 1, ] | dp = [1, 1, 1, 2, 1, 2, ] | algo = [0, 0, 0, 0, 0, 0, ] | rc = [0, 0, 0, 0, 0, 0] | gpus = [1, 1, 1, 2, 1, 2] | micro_bs = 8 | time = [1496, 2022, 1635, 1801, 1454, 2585] | memory = [15374, 21169, 11810, 10096, 6992, 2058]

[ Trial 29 ] |2585.84|21169.25| op = [16, 17, 22, 34, 17, 1]| tp = [1, 1, 1, 1, 1, 1, ] | dp = [1, 1, 1, 2, 1, 2, ] | algo = [0, 0, 0, 0, 0, 0, ] | rc = [0, 0, 0, 0, 0, 0] | gpus = [1, 1, 1, 2, 1, 2] | micro_bs = 8 | time = [1496, 2022, 1635, 1801, 1454, 2585] | memory = [15374, 21169, 11810, 10096, 6992, 2058]
>>>> [CONFIG: target(2), prim(inc_tp)]
|3465.89|21169.25| op = [16, 17, 22, 34, 17, 1]| tp = [1, 1, 2, 1, 1, 1, ] | dp = [1, 1, 1, 1, 1, 2, ] | algo = [0, 0, 0, 0, 0, 0, ] | rc = [0, 0, 0, 0, 0, 0] | gpus = [1, 1, 2, 1, 1, 2] | micro_bs = 8 | time = [1522, 2048, 3465, 3316, 1480, 2611] | memory = [15374, 21169, 6386, 20077, 6992, 2058]
>>>> [CONFIG: target(2), prim(dec_op)]
|2604.72|21169.25| op = [16, 17, 16, 30, 27, 1]| tp = [1, 1, 2, 1, 1, 1, ] | dp = [1, 1, 1, 1, 1, 2, ] | algo = [0, 0, 0, 0, 0, 0, ] | rc = [0, 0, 0, 0, 0, 0] | gpus = [1, 1, 2, 1, 1, 2] | micro_bs = 8 | time = [1515, 2041, 2369, 2553, 2421, 2604] | memory = [15374, 21169, 5787, 15097, 10625, 2058]
>>>> [CONFIG: target(5), prim(dec_dp)]
|5034.97|21169.25| op = [16, 17, 16, 30, 27, 1]| tp = [1, 1, 2, 1, 1, 1, ] | dp = [2, 1, 1, 1, 1, 1, ] | algo = [0, 0, 0, 0, 0, 0, ] | rc = [0, 0, 0, 0, 0, 0] | gpus = [2, 1, 2, 1, 1, 1] | micro_bs = 8 | time = [905, 2055, 2383, 2567, 2435, 5034] | memory = [7925, 21169, 5787, 15097, 10625, 3666]
>>>> [CONFIG: target(5), prim(inc_dp)]
|2591.77|21169.25| op = [16, 17, 16, 30, 27, 1]| tp = [1, 1, 1, 1, 1, 1, ] | dp = [2, 1, 1, 1, 1, 2, ] | algo = [0, 0, 0, 0, 0, 0, ] | rc = [0, 0, 0, 0, 0, 0] | gpus = [2, 1, 1, 1, 1, 2] | micro_bs = 8 | time = [878, 2028, 1336, 2540, 2408, 2591] | memory = [7925, 21169, 10837, 15097, 10625, 2058]
>>>> [CONFIG: target(5), prim(dec_mbs)]
|2722.97|10608.62| op = [16, 17, 16, 30, 27, 1]| tp = [1, 1, 1, 1, 1, 1, ] | dp = [2, 1, 1, 1, 1, 2, ] | algo = [0, 0, 0, 0, 0, 0, ] | rc = [0, 0, 0, 0, 0, 0] | gpus = [2, 1, 1, 1, 1, 2] | micro_bs = 4 | time = [1140, 2126, 1433, 2722, 2616, 2636] | memory = [4200, 10608, 5444, 7612, 5360, 1254]
>>>> [CONFIG: target(3), prim(inc_dp)]
|2634.94|10608.62| op = [16, 17, 16, 30, 27, 1]| tp = [1, 1, 1, 1, 1, 1, ] | dp = [1, 1, 1, 2, 1, 2, ] | algo = [0, 0, 0, 0, 0, 0, ] | rc = [0, 0, 0, 0, 0, 0] | gpus = [1, 1, 1, 2, 1, 2] | micro_bs = 4 | time = [1632, 2125, 1432, 1814, 2614, 2634] | memory = [7925, 10608, 5444, 3870, 5360, 1254]
>>>> [CONFIG: target(5), prim(inc_mbs)]
|2587.87|21169.25| op = [16, 17, 16, 30, 27, 1]| tp = [1, 1, 1, 1, 1, 1, ] | dp = [1, 1, 1, 2, 1, 2, ] | algo = [0, 0, 0, 0, 0, 0, ] | rc = [0, 0, 0, 0, 0, 0] | gpus = [1, 1, 1, 2, 1, 2] | micro_bs = 8 | time = [1499, 2024, 1332, 1416, 2404, 2587] | memory = [15374, 21169, 10837, 7612, 10625, 2058]

[ Trial 30 ] |2587.87|21169.25| op = [16, 17, 16, 30, 27, 1]| tp = [1, 1, 1, 1, 1, 1, ] | dp = [1, 1, 1, 2, 1, 2, ] | algo = [0, 0, 0, 0, 0, 0, ] | rc = [0, 0, 0, 0, 0, 0] | gpus = [1, 1, 1, 2, 1, 2] | micro_bs = 8 | time = [1499, 2024, 1332, 1416, 2404, 2587] | memory = [15374, 21169, 10837, 7612, 10625, 2058]
>>>> [CONFIG: target(3), prim(dec_op)]
|2584.71|21169.25| op = [16, 17, 16, 36, 21, 1]| tp = [1, 1, 1, 1, 1, 1, ] | dp = [1, 1, 1, 2, 1, 2, ] | algo = [0, 0, 0, 0, 0, 0, ] | rc = [0, 0, 0, 0, 0, 0] | gpus = [1, 1, 1, 2, 1, 2] | micro_bs = 8 | time = [1495, 2021, 1329, 1859, 1555, 2584] | memory = [15374, 21169, 10837, 10240, 7157, 2058]

num_targets: [1, 1, 1, 1, 1, 1, 2, 2, 3, 3, 2, 2, 2, 5]
num_hops: [1, 1, 1, 1, 1, 1, 5, 3, 4, 2, 1, 1, 1, 1]
search time = 91.59 s.  [0, 1, 2, 3, 4, 5, 6, 7, 9, 11, 13, 14, 15, 19, 21, 23, 24, 25, 27, 28, 29, 30, 32, 34, 35, 39, 40, 41, 42, 43, 48, 50, 55, 60, 61, 62, 64, 65, 66, 67, 68, 71, 72, 75, 77, 79, 82, 85, 87, 88, 89, 90, 92, 94, 95, 97, 98, 99, 100, 101, 102, 103, 104, 107, 109, 111, 113, 116, 118, 120, 121, 122, 123, 124, 125, 127, 129, 131, 132, 133, 135, 137, 139, 142, 143, 144, 145, 146, 147, 148, 149, 152, 153, 154, 155, 157, 158, 160, 161, 163, 164] 
num_explored_cases = 54425
time trend: [8692, 5591, 5505, 3886, 2885, 2637, 2592, 2591, 2591, 2589, 2589, 2588, 2585, 2585, 2588, 2587, 2588, 2588, 2588, 2588, 2588, 2588, 2588, 2588, 2588, 2587, 2588, 2588, 2588, 2585, 2585, 2584, 2584, 2587, 2587, 2587, 2587, 2587, 2587, 2587, 2587, 2587, 2587, 2587, 2585, 2588, 2587, 2587, 2587, 2588, 2588, 2588, 2585, 2585, 2587, 2587, 2587, 2587, 2587, 2588, 2588, 2588, 2588, 2588, 2588, 2588, 2587, 2585, 2588, 2588, 2588, 2588, 2588, 2588, 2588, 2588, 2588, 2588, 2588, 2588, 2588, 2587, 2587, 2587, 2587, 2587, 2587, 2587, 2587, 2587, 2587, 2587, 2587, 2587, 2587, 2587, 2587, 2585, 2588, 2587, 2588]

working on num_stages = 4
config has been saved to /home/liminglong.lml/sxz/SuperScaler/logs-large/aceso/configs/scale-layer/8layers/scale-layer_8layers_4stages_2026-5-16-3-2-38.json

========== Best Result (num_stages = 4) ==========
|2119.44|13928.75| op = [15, 20, 46, 26]| tp = [1, 1, 1, 1, ] | dp = [1, 1, 2, 4, ] | algo = [0, 0, 0, 0, ] | rc = [0, 0, 0, 0] | gpus = [1, 1, 2, 4] | micro_bs = 8 | time = [1374, 2098, 2064, 2119] | memory = [11057, 13928, 7636, 2916]
[stage 0 recompute_ops] 
stage 0: 
[stage 1 recompute_ops] 
stage 1: 
[stage 2 recompute_ops] 
stage 2: 
[stage 3 recompute_ops] 
stage 3: 
[stage 0 algo1] 
[stage 1 algo1] 
[stage 2 algo1] 
[stage 3 algo1] 
start|10810.44|1464.36| op = [26, 26, 26, 29]| tp = [2, 2, 2, 2, ] | dp = [1, 1, 1, 1, ] | algo = [0, 0, 0, 0, ] | rc = [0, 0, 0, 0] | gpus = [2, 2, 2, 2] | micro_bs = 1 | time = [7878, 7329, 7329, 10810] | memory = [1464, 1000, 736, 877]

[ Trial 0 ] |10810.44|1464.36| op = [26, 26, 26, 29]| tp = [2, 2, 2, 2, ] | dp = [1, 1, 1, 1, ] | algo = [0, 0, 0, 0, ] | rc = [0, 0, 0, 0] | gpus = [2, 2, 2, 2] | micro_bs = 1 | time = [7878, 7329, 7329, 10810] | memory = [1464, 1000, 736, 877]
>>>> [CONFIG: target(3), prim(inc_mbs)]
|5051.25|2800.29| op = [26, 26, 26, 29]| tp = [1, 1, 1, 1, ] | dp = [2, 2, 2, 2, ] | algo = [0, 0, 0, 0, ] | rc = [0, 0, 0, 0] | gpus = [2, 2, 2, 2] | micro_bs = 2 | time = [2498, 2318, 2318, 5051] | memory = [2800, 1904, 1408, 1717]

[ Trial 1 ] |5051.25|2800.29| op = [26, 26, 26, 29]| tp = [1, 1, 1, 1, ] | dp = [2, 2, 2, 2, ] | algo = [0, 0, 0, 0, ] | rc = [0, 0, 0, 0] | gpus = [2, 2, 2, 2] | micro_bs = 2 | time = [2498, 2318, 2318, 5051] | memory = [2800, 1904, 1408, 1717]
>>>> [CONFIG: target(3), prim(dec_op)]
|3894.99|2800.29| op = [26, 27, 40, 14]| tp = [1, 1, 1, 1, ] | dp = [2, 2, 2, 2, ] | algo = [0, 0, 0, 0, ] | rc = [0, 0, 0, 0] | gpus = [2, 2, 2, 2] | micro_bs = 2 | time = [2498, 2348, 3393, 3894] | memory = [2800, 1913, 1948, 1418]

[ Trial 2 ] |3894.99|2800.29| op = [26, 27, 40, 14]| tp = [1, 1, 1, 1, ] | dp = [2, 2, 2, 2, ] | algo = [0, 0, 0, 0, ] | rc = [0, 0, 0, 0] | gpus = [2, 2, 2, 2] | micro_bs = 2 | time = [2498, 2348, 3393, 3894] | memory = [2800, 1913, 1948, 1418]
>>>> [CONFIG: target(3), prim(inc_mbs)]
|3466.53|5088.56| op = [26, 27, 40, 14]| tp = [1, 1, 1, 1, ] | dp = [2, 2, 2, 2, ] | algo = [0, 0, 0, 0, ] | rc = [0, 0, 0, 0] | gpus = [2, 2, 2, 2] | micro_bs = 4 | time = [1769, 1699, 2465, 3466] | memory = [5088, 3730, 3752, 2392]

[ Trial 3 ] |3466.53|5088.56| op = [26, 27, 40, 14]| tp = [1, 1, 1, 1, ] | dp = [2, 2, 2, 2, ] | algo = [0, 0, 0, 0, ] | rc = [0, 0, 0, 0] | gpus = [2, 2, 2, 2] | micro_bs = 4 | time = [1769, 1699, 2465, 3466] | memory = [5088, 3730, 3752, 2392]
>>>> [CONFIG: target(3), prim(inc_dp)]
|2638.51|9665.12| op = [26, 27, 40, 14]| tp = [1, 1, 1, 1, ] | dp = [1, 1, 2, 4, ] | algo = [0, 0, 0, 0, ] | rc = [0, 0, 0, 0] | gpus = [1, 1, 2, 4] | micro_bs = 4 | time = [2638, 2536, 2466, 1969] | memory = [9665, 7364, 3752, 1418]

[ Trial 4 ] |2638.51|9665.12| op = [26, 27, 40, 14]| tp = [1, 1, 1, 1, ] | dp = [1, 1, 2, 4, ] | algo = [0, 0, 0, 0, ] | rc = [0, 0, 0, 0] | gpus = [1, 1, 2, 4] | micro_bs = 4 | time = [2638, 2536, 2466, 1969] | memory = [9665, 7364, 3752, 1418]
>>>> [CONFIG: target(0), prim(inc_mbs)]
|2438.08|18818.25| op = [26, 27, 40, 14]| tp = [1, 1, 1, 1, ] | dp = [1, 1, 2, 4, ] | algo = [0, 0, 0, 0, ] | rc = [0, 0, 0, 0] | gpus = [1, 1, 2, 4] | micro_bs = 8 | time = [2438, 2357, 1900, 1773] | memory = [18818, 14633, 7360, 2392]

[ Trial 5 ] |2438.08|18818.25| op = [26, 27, 40, 14]| tp = [1, 1, 1, 1, ] | dp = [1, 1, 2, 4, ] | algo = [0, 0, 0, 0, ] | rc = [0, 0, 0, 0] | gpus = [1, 1, 2, 4] | micro_bs = 8 | time = [2438, 2357, 1900, 1773] | memory = [18818, 14633, 7360, 2392]
>>>> [CONFIG: target(0), prim(dec_op)]
|2133.45|14357.12| op = [18, 22, 41, 26]| tp = [1, 1, 1, 1, ] | dp = [1, 1, 2, 4, ] | algo = [0, 0, 0, 0, ] | rc = [0, 0, 0, 0] | gpus = [1, 1, 2, 4] | micro_bs = 8 | time = [2078, 2133, 1952, 2124] | memory = [13309, 14357, 7420, 2916]

[ Trial 6 ] |2133.45|14357.12| op = [18, 22, 41, 26]| tp = [1, 1, 1, 1, ] | dp = [1, 1, 2, 4, ] | algo = [0, 0, 0, 0, ] | rc = [0, 0, 0, 0] | gpus = [1, 1, 2, 4] | micro_bs = 8 | time = [2078, 2133, 1952, 2124] | memory = [13309, 14357, 7420, 2916]
>>>> [CONFIG: target(1), prim(inc_dp)]
|3572.38|14685.75| op = [18, 22, 41, 26]| tp = [1, 1, 1, 1, ] | dp = [1, 2, 1, 4, ] | algo = [0, 0, 0, 0, ] | rc = [0, 0, 0, 0] | gpus = [1, 2, 1, 4] | micro_bs = 8 | time = [2083, 1185, 3572, 2129] | memory = [13309, 7220, 14685, 2916]
>>>> [CONFIG: target(2), prim(dec_op)]
|2505.42|13309.75| op = [18, 32, 19, 38]| tp = [1, 1, 1, 1, ] | dp = [1, 2, 1, 4, ] | algo = [0, 0, 0, 0, ] | rc = [0, 0, 0, 0] | gpus = [1, 2, 1, 4] | micro_bs = 8 | time = [2078, 1720, 1928, 2505] | memory = [13309, 10048, 8092, 3448]
>>>> [CONFIG: target(3), prim(dec_dp)]
|4369.05|10048.93| op = [18, 32, 19, 38]| tp = [1, 1, 1, 1, ] | dp = [2, 2, 2, 2, ] | algo = [0, 0, 0, 0, ] | rc = [0, 0, 0, 0] | gpus = [2, 2, 2, 2] | micro_bs = 8 | time = [1157, 1721, 1073, 4369] | memory = [6892, 10048, 4084, 6364]
>>>> [CONFIG: target(3), prim(dec_op)]
|2632.61|10048.93| op = [18, 32, 54, 3]| tp = [1, 1, 1, 1, ] | dp = [2, 2, 2, 2, ] | algo = [0, 0, 0, 0, ] | rc = [0, 0, 0, 0] | gpus = [2, 2, 2, 2] | micro_bs = 8 | time = [1155, 1719, 2545, 2632] | memory = [6892, 10048, 9520, 2120]
>>>> [CONFIG: target(3), prim(dec_op)]
|2562.53|10377.12| op = [29, 39, 38, 1]| tp = [1, 1, 1, 1, ] | dp = [2, 2, 2, 2, ] | algo = [0, 0, 0, 0, ] | rc = [0, 0, 0, 0] | gpus = [2, 2, 2, 2] | micro_bs = 8 | time = [1438, 1898, 1877, 2562] | memory = [9853, 10377, 7348, 2058]
>>>> [CONFIG: target(3), prim(inc_dp)]
|3412.46|19182.75| op = [29, 39, 38, 1]| tp = [1, 1, 1, 1, ] | dp = [1, 2, 1, 4, ] | algo = [0, 0, 0, 0, ] | rc = [0, 0, 0, 0] | gpus = [1, 2, 1, 4] | micro_bs = 8 | time = [2589, 1910, 3412, 1359] | memory = [19182, 10377, 14565, 1254]
>>>> [CONFIG: target(2), prim(dec_op)]
|2170.93|13309.75| op = [18, 39, 23, 27]| tp = [1, 1, 1, 1, ] | dp = [1, 2, 1, 4, ] | algo = [0, 0, 0, 0, ] | rc = [0, 0, 0, 0] | gpus = [1, 2, 1, 4] | micro_bs = 8 | time = [2080, 2148, 2170, 2155] | memory = [13309, 11097, 10485, 2932]

[ Trial 10 ] |2170.93|13309.75| op = [18, 39, 23, 27]| tp = [1, 1, 1, 1, ] | dp = [1, 2, 1, 4, ] | algo = [0, 0, 0, 0, ] | rc = [0, 0, 0, 0] | gpus = [1, 2, 1, 4] | micro_bs = 8 | time = [2080, 2148, 2170, 2155] | memory = [13309, 11097, 10485, 2932]
>>>> [CONFIG: target(0), prim(inc_tp)]
|3798.09|11097.12| op = [18, 39, 23, 27]| tp = [2, 1, 1, 1, ] | dp = [1, 2, 2, 2, ] | algo = [0, 0, 0, 0, ] | rc = [0, 0, 0, 0] | gpus = [2, 2, 2, 2] | micro_bs = 8 | time = [3065, 2161, 1214, 3798] | memory = [6968, 11097, 5284, 5368]
>>>> [CONFIG: target(3), prim(dec_op)]
|2576.89|11181.12| op = [15, 42, 49, 1]| tp = [2, 1, 1, 1, ] | dp = [1, 2, 2, 2, ] | algo = [0, 0, 0, 0, ] | rc = [0, 0, 0, 0] | gpus = [2, 2, 2, 2] | micro_bs = 8 | time = [2406, 2254, 2420, 2576] | memory = [5842, 11181, 9332, 2058]
>>>> [CONFIG: target(3), prim(inc_tp)]
|4158.29|22206.25| op = [15, 42, 49, 1]| tp = [1, 1, 1, 2, ] | dp = [1, 1, 2, 2, ] | algo = [0, 0, 0, 0, ] | rc = [0, 0, 0, 0] | gpus = [1, 1, 2, 4] | micro_bs = 8 | time = [1388, 4158, 2419, 1528] | memory = [11057, 22206, 9332, 1033]
>>>> [CONFIG: target(2), prim(inc_dp)]
|4160.17|22206.25| op = [15, 42, 49, 1]| tp = [1, 1, 1, 1, ] | dp = [1, 1, 4, 2, ] | algo = [0, 0, 0, 0, ] | rc = [0, 0, 0, 0] | gpus = [1, 1, 4, 2] | micro_bs = 8 | time = [1390, 4160, 1611, 2577] | memory = [11057, 22206, 4756, 2058]
>>>> [CONFIG: target(1), prim(dec_op)]
|2567.48|14717.50| op = [15, 27, 64, 1]| tp = [1, 1, 1, 1, ] | dp = [1, 1, 4, 2, ] | algo = [0, 0, 0, 0, ] | rc = [0, 0, 0, 0] | gpus = [1, 1, 4, 2] | micro_bs = 8 | time = [1380, 2444, 2033, 2567] | memory = [11057, 14717, 5804, 2058]
>>>> [CONFIG: target(3), prim(inc_dp)]
|3059.52|14717.50| op = [15, 27, 64, 1]| tp = [1, 1, 1, 1, ] | dp = [1, 1, 2, 4, ] | algo = [0, 0, 0, 0, ] | rc = [0, 0, 0, 0] | gpus = [1, 1, 2, 4] | micro_bs = 8 | time = [1378, 2442, 3059, 1351] | memory = [11057, 14717, 11381, 1254]
>>>> [CONFIG: target(2), prim(dec_op)]
|2119.44|13928.75| op = [15, 20, 46, 26]| tp = [1, 1, 1, 1, ] | dp = [1, 1, 2, 4, ] | algo = [0, 0, 0, 0, ] | rc = [0, 0, 0, 0] | gpus = [1, 1, 2, 4] | micro_bs = 8 | time = [1374, 2098, 2064, 2119] | memory = [11057, 13928, 7636, 2916]

num_targets: [1, 1, 1, 1, 1, 1, 1, 4, 4]
num_hops: [1, 1, 1, 1, 1, 1, 4, 6, 7]
search time = 199.97 s.  [0, 1, 2, 3, 4, 5, 6, 7, 12, 19, 27, 39, 45, 53, 54, 61, 69, 72, 83, 89, 95, 102, 108, 114, 117, 126, 133, 140, 143, 152, 156, 161, 166, 173, 181, 188, 190, 191, 192, 195, 200, 204, 210, 213, 214, 220, 221, 222, 225, 229, 230, 231, 232, 233, 234, 235, 236, 237, 238, 239, 240, 241, 242, 243, 244, 245, 246, 247, 248, 249, 250, 251, 252, 253, 254, 255, 256, 257, 258, 259, 260, 261, 262, 263, 264, 265, 266, 267, 268, 269, 270, 271, 272, 273, 274, 275, 276, 277, 278, 279, 280] 
num_explored_cases = 122762
time trend: [10810, 5051, 3894, 3466, 2638, 2438, 2133, 2124, 2120, 2120, 2124, 2119, 2119, 2145, 2145, 2145, 2123, 2123, 2153, 2153, 2167, 2153, 2153, 2181, 2193, 2164, 2149, 2204, 2205, 2205, 2205, 2205, 2123, 2122, 2169, 2169, 2202, 2202, 2205, 2205, 2206, 2181, 2180, 2180, 2206, 2206, 2206, 2206, 2206, 2202, 2206, 2206, 2206, 2206, 2207, 2217, 2217, 2217, 2217, 2217, 2217, 2217, 2217, 2218, 2218, 2219, 2219, 2223, 2223, 2223, 2226, 2228, 2228, 2229, 2229, 2229, 2230, 2230, 2231, 2231, 2231, 2231, 2231, 2232, 2232, 2232, 2232, 2233, 2233, 2233, 2233, 2238, 2241, 2241, 2241, 2242, 2242, 2242, 2242, 2242, 2242]

working on num_stages = 5
config has been saved to /home/liminglong.lml/sxz/SuperScaler/logs-large/aceso/configs/scale-layer/8layers/scale-layer_8layers_5stages_2026-5-16-3-2-38.json

========== Best Result (num_stages = 5) ==========
|2140.26|18165.50| op = [18, 21, 20, 23, 25]| tp = [1, 1, 1, 1, 1, ] | dp = [1, 1, 1, 1, 4, ] | algo = [0, 0, 0, 0, 0, ] | rc = [0, 0, 0, 0, 0] | gpus = [1, 1, 1, 1, 4] | micro_bs = 8 | time = [2095, 2138, 2130, 2048, 2140] | memory = [15878, 18165, 13925, 8257, 2908]
[stage 0 recompute_ops] 
stage 0: 
[stage 1 recompute_ops] 
stage 1: 
[stage 2 recompute_ops] 
stage 2: 
[stage 3 recompute_ops] 
stage 3: 
[stage 4 recompute_ops] 
stage 4: 
[stage 0 algo1] 
[stage 1 algo1] 
[stage 2 algo1] 
[stage 3 algo1] 
[stage 4 algo1] 
start|9206.91|1633.37| op = [21, 21, 21, 21, 23]| tp = [2, 2, 2, 1, 1, ] | dp = [1, 1, 1, 1, 1, ] | algo = [0, 0, 0, 0, 0, ] | rc = [0, 0, 0, 0, 0] | gpus = [2, 2, 2, 1, 1] | micro_bs = 1 | time = [6472, 6218, 5955, 4188, 9206] | memory = [1633, 834, 947, 1366, 1550]

[ Trial 0 ] |9206.91|1633.37| op = [21, 21, 21, 21, 23]| tp = [2, 2, 2, 1, 1, ] | dp = [1, 1, 1, 1, 1, ] | algo = [0, 0, 0, 0, 0, ] | rc = [0, 0, 0, 0, 0] | gpus = [2, 2, 2, 1, 1] | micro_bs = 1 | time = [6472, 6218, 5955, 4188, 9206] | memory = [1633, 834, 947, 1366, 1550]
>>>> [CONFIG: target(4), prim(dec_op)]
|6601.27|1894.16| op = [21, 21, 22, 34, 9]| tp = [2, 2, 2, 1, 1, ] | dp = [1, 1, 1, 1, 1, ] | algo = [0, 0, 0, 0, 0, ] | rc = [0, 0, 0, 0, 0] | gpus = [2, 2, 2, 1, 1] | micro_bs = 1 | time = [6472, 6217, 6050, 6193, 6601] | memory = [1633, 834, 959, 1894, 938]

[ Trial 1 ] |6601.27|1894.16| op = [21, 21, 22, 34, 9]| tp = [2, 2, 2, 1, 1, ] | dp = [1, 1, 1, 1, 1, ] | algo = [0, 0, 0, 0, 0, ] | rc = [0, 0, 0, 0, 0] | gpus = [2, 2, 2, 1, 1] | micro_bs = 1 | time = [6472, 6217, 6050, 6193, 6601] | memory = [1633, 834, 959, 1894, 938]
>>>> [CONFIG: target(4), prim(inc_mbs)]
|5867.03|3664.31| op = [21, 21, 22, 34, 9]| tp = [1, 1, 1, 1, 1, ] | dp = [2, 2, 2, 1, 1, ] | algo = [0, 0, 0, 0, 0, ] | rc = [0, 0, 0, 0, 0] | gpus = [2, 2, 2, 1, 1] | micro_bs = 2 | time = [2227, 1779, 2065, 4579, 5867] | memory = [3145, 1548, 1849, 3664, 1436]

[ Trial 2 ] |5867.03|3664.31| op = [21, 21, 22, 34, 9]| tp = [1, 1, 1, 1, 1, ] | dp = [2, 2, 2, 1, 1, ] | algo = [0, 0, 0, 0, 0, ] | rc = [0, 0, 0, 0, 0] | gpus = [2, 2, 2, 1, 1] | micro_bs = 2 | time = [2227, 1779, 2065, 4579, 5867] | memory = [3145, 1548, 1849, 3664, 1436]
>>>> [CONFIG: target(4), prim(inc_dp)]
|4576.08|3664.31| op = [21, 21, 22, 34, 9]| tp = [1, 1, 1, 1, 1, ] | dp = [2, 1, 2, 1, 2, ] | algo = [0, 0, 0, 0, 0, ] | rc = [0, 0, 0, 0, 0] | gpus = [2, 1, 2, 1, 2] | micro_bs = 2 | time = [2223, 2336, 2061, 4576, 3310] | memory = [3145, 3004, 1849, 3664, 938]

[ Trial 3 ] |4576.08|3664.31| op = [21, 21, 22, 34, 9]| tp = [1, 1, 1, 1, 1, ] | dp = [2, 1, 2, 1, 2, ] | algo = [0, 0, 0, 0, 0, ] | rc = [0, 0, 0, 0, 0] | gpus = [2, 1, 2, 1, 2] | micro_bs = 2 | time = [2223, 2336, 2061, 4576, 3310] | memory = [3145, 3004, 1849, 3664, 938]
>>>> [CONFIG: target(3), prim(inc_dp)]
|3309.22|3630.28| op = [21, 21, 22, 34, 9]| tp = [1, 1, 1, 1, 1, ] | dp = [2, 1, 1, 2, 2, ] | algo = [0, 0, 0, 0, 0, ] | rc = [0, 0, 0, 0, 0] | gpus = [2, 1, 1, 2, 2] | micro_bs = 2 | time = [2222, 2335, 3029, 3105, 3309] | memory = [3145, 3004, 3630, 1894, 938]

[ Trial 4 ] |3309.22|3630.28| op = [21, 21, 22, 34, 9]| tp = [1, 1, 1, 1, 1, ] | dp = [2, 1, 1, 2, 2, ] | algo = [0, 0, 0, 0, 0, ] | rc = [0, 0, 0, 0, 0] | gpus = [2, 1, 1, 2, 2] | micro_bs = 2 | time = [2222, 2335, 3029, 3105, 3309] | memory = [3145, 3004, 3630, 1894, 938]
>>>> [CONFIG: target(4), prim(inc_mbs)]
|2954.01|7192.56| op = [21, 21, 22, 34, 9]| tp = [1, 1, 1, 1, 1, ] | dp = [2, 1, 1, 2, 2, ] | algo = [0, 0, 0, 0, 0, ] | rc = [0, 0, 0, 0, 0] | gpus = [2, 1, 1, 2, 2] | micro_bs = 4 | time = [1616, 1737, 2354, 2311, 2954] | memory = [5810, 5916, 7192, 3664, 1436]

[ Trial 5 ] |2954.01|7192.56| op = [21, 21, 22, 34, 9]| tp = [1, 1, 1, 1, 1, ] | dp = [2, 1, 1, 2, 2, ] | algo = [0, 0, 0, 0, 0, ] | rc = [0, 0, 0, 0, 0] | gpus = [2, 1, 1, 2, 2] | micro_bs = 4 | time = [1616, 1737, 2354, 2311, 2954] | memory = [5810, 5916, 7192, 3664, 1436]
>>>> [CONFIG: target(4), prim(dec_op)]
|2630.09|7232.56| op = [21, 21, 23, 41, 1]| tp = [1, 1, 1, 1, 1, ] | dp = [2, 1, 1, 2, 2, ] | algo = [0, 0, 0, 0, 0, ] | rc = [0, 0, 0, 0, 0] | gpus = [2, 1, 1, 2, 2] | micro_bs = 4 | time = [1616, 1737, 2385, 2575, 2630] | memory = [5810, 5916, 7232, 3780, 1254]

[ Trial 6 ] |2630.09|7232.56| op = [21, 21, 23, 41, 1]| tp = [1, 1, 1, 1, 1, ] | dp = [2, 1, 1, 2, 2, ] | algo = [0, 0, 0, 0, 0, ] | rc = [0, 0, 0, 0, 0] | gpus = [2, 1, 1, 2, 2] | micro_bs = 4 | time = [1616, 1737, 2385, 2575, 2630] | memory = [5810, 5916, 7232, 3780, 1254]
>>>> [CONFIG: target(4), prim(inc_mbs)]
|2576.12|14381.12| op = [21, 21, 23, 41, 1]| tp = [1, 1, 1, 1, 1, ] | dp = [2, 1, 1, 2, 2, ] | algo = [0, 0, 0, 0, 0, ] | rc = [0, 0, 0, 0, 0] | gpus = [2, 1, 1, 2, 2] | micro_bs = 8 | time = [1252, 1601, 2243, 1958, 2576] | memory = [11141, 11742, 14381, 7416, 2058]

[ Trial 7 ] |2576.12|14381.12| op = [21, 21, 23, 41, 1]| tp = [1, 1, 1, 1, 1, ] | dp = [2, 1, 1, 2, 2, ] | algo = [0, 0, 0, 0, 0, ] | rc = [0, 0, 0, 0, 0] | gpus = [2, 1, 1, 2, 2] | micro_bs = 8 | time = [1252, 1601, 2243, 1958, 2576] | memory = [11141, 11742, 14381, 7416, 2058]
>>>> [CONFIG: target(4), prim(inc_dp)]
|3536.44|21802.18| op = [21, 21, 23, 41, 1]| tp = [1, 1, 1, 1, 1, ] | dp = [1, 1, 1, 1, 4, ] | algo = [0, 0, 0, 0, 0, ] | rc = [0, 0, 0, 0, 0] | gpus = [1, 1, 1, 1, 4] | micro_bs = 8 | time = [2250, 1612, 2253, 3536, 1372] | memory = [21802, 11742, 14381, 14689, 1254]
>>>> [CONFIG: target(3), prim(dec_op)]
|2247.30|21802.18| op = [21, 21, 23, 18, 24]| tp = [1, 1, 1, 1, 1, ] | dp = [1, 1, 1, 1, 4, ] | algo = [0, 0, 0, 0, 0, ] | rc = [0, 0, 0, 0, 0] | gpus = [1, 1, 1, 1, 4] | micro_bs = 8 | time = [2244, 1605, 2247, 2000, 2088] | memory = [21802, 11742, 14381, 7820, 2908]

[ Trial 8 ] |2247.30|21802.18| op = [21, 21, 23, 18, 24]| tp = [1, 1, 1, 1, 1, ] | dp = [1, 1, 1, 1, 4, ] | algo = [0, 0, 0, 0, 0, ] | rc = [0, 0, 0, 0, 0] | gpus = [1, 1, 1, 1, 4] | micro_bs = 8 | time = [2244, 1605, 2247, 2000, 2088] | memory = [21802, 11742, 14381, 7820, 2908]
>>>> [CONFIG: target(2), prim(inc_dp)]
|3698.45|21802.18| op = [21, 21, 23, 18, 24]| tp = [1, 1, 1, 1, 1, ] | dp = [1, 2, 2, 1, 2, ] | algo = [0, 0, 0, 0, 0, ] | rc = [0, 0, 0, 0, 0] | gpus = [1, 2, 2, 1, 2] | micro_bs = 8 | time = [2243, 921, 1243, 1999, 3698] | memory = [21802, 5916, 7232, 7820, 5332]
>>>> [CONFIG: target(4), prim(dec_dp)]
|7097.95|21802.18| op = [21, 21, 23, 18, 24]| tp = [1, 1, 1, 1, 1, ] | dp = [1, 4, 1, 1, 1, ] | algo = [0, 0, 0, 0, 0, ] | rc = [0, 0, 0, 0, 0] | gpus = [1, 4, 1, 1, 1] | micro_bs = 8 | time = [2276, 682, 2278, 2032, 7097] | memory = [21802, 3004, 14381, 7820, 10180]
>>>> [CONFIG: target(4), prim(dec_op)]
|5107.10|21802.18| op = [21, 21, 23, 39, 3]| tp = [1, 1, 1, 1, 1, ] | dp = [1, 4, 1, 1, 1, ] | algo = [0, 0, 0, 0, 0, ] | rc = [0, 0, 0, 0, 0] | gpus = [1, 4, 1, 1, 1] | micro_bs = 8 | time = [2271, 678, 2274, 3490, 5107] | memory = [21802, 3004, 14381, 14577, 3844]
>>>> [CONFIG: target(4), prim(inc_dp)]
|3465.95|21802.18| op = [21, 21, 23, 39, 3]| tp = [1, 1, 1, 1, 1, ] | dp = [1, 2, 2, 1, 2, ] | algo = [0, 0, 0, 0, 0, ] | rc = [0, 0, 0, 0, 0] | gpus = [1, 2, 2, 1, 2] | micro_bs = 8 | time = [2246, 924, 1246, 3465, 2650] | memory = [21802, 5916, 7232, 14577, 2120]
>>>> [CONFIG: target(3), prim(inc_dp)]
|2644.03|21802.18| op = [21, 21, 23, 39, 3]| tp = [1, 1, 1, 1, 1, ] | dp = [1, 1, 2, 2, 2, ] | algo = [0, 0, 0, 0, 0, ] | rc = [0, 0, 0, 0, 0] | gpus = [1, 1, 2, 2, 2] | micro_bs = 8 | time = [2240, 1601, 1240, 1896, 2644] | memory = [21802, 11742, 7232, 7360, 2120]
>>>> [CONFIG: target(4), prim(inc_dp)]
|3469.64|21802.18| op = [21, 21, 23, 39, 3]| tp = [1, 1, 1, 1, 1, ] | dp = [1, 1, 1, 1, 4, ] | algo = [0, 0, 0, 0, 0, ] | rc = [0, 0, 0, 0, 0] | gpus = [1, 1, 1, 1, 4] | micro_bs = 8 | time = [2250, 1612, 2253, 3469, 1436] | memory = [21802, 11742, 14381, 14577, 1272]
>>>> [CONFIG: target(3), prim(dec_op)]
|2243.26|21802.18| op = [21, 21, 20, 20, 25]| tp = [1, 1, 1, 1, 1, ] | dp = [1, 1, 1, 1, 4, ] | algo = [0, 0, 0, 0, 0, ] | rc = [0, 0, 0, 0, 0] | gpus = [1, 1, 1, 1, 4] | micro_bs = 8 | time = [2243, 1604, 2087, 1972, 2136] | memory = [21802, 11742, 13917, 8140, 2908]

[ Trial 9 ] |2243.26|21802.18| op = [21, 21, 20, 20, 25]| tp = [1, 1, 1, 1, 1, ] | dp = [1, 1, 1, 1, 4, ] | algo = [0, 0, 0, 0, 0, ] | rc = [0, 0, 0, 0, 0] | gpus = [1, 1, 1, 1, 4] | micro_bs = 8 | time = [2243, 1604, 2087, 1972, 2136] | memory = [21802, 11742, 13917, 8140, 2908]
>>>> [CONFIG: target(0), prim(inc_dp)]
|3792.27|13917.12| op = [21, 21, 20, 20, 25]| tp = [1, 1, 1, 1, 1, ] | dp = [2, 2, 1, 1, 2, ] | algo = [0, 0, 0, 0, 0, ] | rc = [0, 0, 0, 0, 0] | gpus = [2, 2, 1, 1, 2] | micro_bs = 8 | time = [1255, 920, 2087, 1972, 3792] | memory = [11141, 5916, 13917, 8140, 5332]
>>>> [CONFIG: target(4), prim(dec_dp)]
|7283.44|21802.18| op = [21, 21, 20, 20, 25]| tp = [1, 1, 1, 1, 1, ] | dp = [1, 4, 1, 1, 1, ] | algo = [0, 0, 0, 0, 0, ] | rc = [0, 0, 0, 0, 0] | gpus = [1, 4, 1, 1, 1] | micro_bs = 8 | time = [2276, 682, 2120, 2005, 7283] | memory = [21802, 3004, 13917, 8140, 10180]
>>>> [CONFIG: target(4), prim(dec_op)]
|5107.10|21802.18| op = [21, 21, 20, 42, 3]| tp = [1, 1, 1, 1, 1, ] | dp = [1, 4, 1, 1, 1, ] | algo = [0, 0, 0, 0, 0, ] | rc = [0, 0, 0, 0, 0] | gpus = [1, 4, 1, 1, 1] | micro_bs = 8 | time = [2271, 678, 2115, 3649, 5107] | memory = [21802, 3004, 13917, 14897, 3844]
>>>> [CONFIG: target(4), prim(inc_dp)]
|3625.42|21802.18| op = [21, 21, 20, 42, 3]| tp = [1, 1, 1, 1, 1, ] | dp = [1, 2, 2, 1, 2, ] | algo = [0, 0, 0, 0, 0, ] | rc = [0, 0, 0, 0, 0] | gpus = [1, 2, 2, 1, 2] | micro_bs = 8 | time = [2247, 924, 1160, 3625, 2651] | memory = [21802, 5916, 6984, 14897, 2120]
>>>> [CONFIG: target(3), prim(inc_dp)]
|2644.03|21802.18| op = [21, 21, 20, 42, 3]| tp = [1, 1, 1, 1, 1, ] | dp = [1, 1, 2, 2, 2, ] | algo = [0, 0, 0, 0, 0, ] | rc = [0, 0, 0, 0, 0] | gpus = [1, 1, 2, 2, 2] | micro_bs = 8 | time = [2240, 1601, 1153, 1983, 2644] | memory = [21802, 11742, 6984, 7536, 2120]
>>>> [CONFIG: target(4), prim(inc_dp)]
|3628.55|21802.18| op = [21, 21, 20, 42, 3]| tp = [1, 1, 1, 1, 1, ] | dp = [1, 1, 1, 1, 4, ] | algo = [0, 0, 0, 0, 0, ] | rc = [0, 0, 0, 0, 0] | gpus = [1, 1, 1, 1, 4] | micro_bs = 8 | time = [2250, 1612, 2094, 3628, 1436] | memory = [21802, 11742, 13917, 14897, 1272]
>>>> [CONFIG: target(3), prim(dec_op)]
|2186.64|18326.00| op = [18, 23, 21, 21, 24]| tp = [1, 1, 1, 1, 1, ] | dp = [1, 1, 1, 1, 4, ] | algo = [0, 0, 0, 0, 0, ] | rc = [0, 0, 0, 0, 0] | gpus = [1, 1, 1, 1, 4] | micro_bs = 8 | time = [2096, 2186, 2156, 2163, 2092] | memory = [15878, 18326, 13977, 8140, 2908]

[ Trial 10 ] |2186.64|18326.00| op = [18, 23, 21, 21, 24]| tp = [1, 1, 1, 1, 1, ] | dp = [1, 1, 1, 1, 4, ] | algo = [0, 0, 0, 0, 0, ] | rc = [0, 0, 0, 0, 0] | gpus = [1, 1, 1, 1, 4] | micro_bs = 8 | time = [2096, 2186, 2156, 2163, 2092] | memory = [15878, 18326, 13977, 8140, 2908]
>>>> [CONFIG: target(1), prim(inc_dp)]
|3700.70|13977.12| op = [18, 23, 21, 21, 24]| tp = [1, 1, 1, 1, 1, ] | dp = [2, 2, 1, 1, 2, ] | algo = [0, 0, 0, 0, 0, ] | rc = [0, 0, 0, 0, 0] | gpus = [2, 2, 1, 1, 2] | micro_bs = 8 | time = [1172, 1214, 2154, 2161, 3700] | memory = [8177, 9204, 13977, 8140, 5332]
>>>> [CONFIG: target(4), prim(dec_dp)]
|7099.07|18326.00| op = [18, 23, 21, 21, 24]| tp = [1, 1, 1, 1, 1, ] | dp = [4, 1, 1, 1, 1, ] | algo = [0, 0, 0, 0, 0, ] | rc = [0, 0, 0, 0, 0] | gpus = [4, 1, 1, 1, 1] | micro_bs = 8 | time = [822, 2215, 2185, 2192, 7099] | memory = [4326, 18326, 13977, 8140, 10180]
>>>> [CONFIG: target(4), prim(inc_dp)]
|3700.79|18326.00| op = [18, 23, 21, 21, 24]| tp = [1, 1, 1, 1, 1, ] | dp = [2, 1, 2, 1, 2, ] | algo = [0, 0, 0, 0, 0, ] | rc = [0, 0, 0, 0, 0] | gpus = [2, 1, 2, 1, 2] | micro_bs = 8 | time = [1172, 2184, 1196, 2161, 3700] | memory = [8177, 18326, 7020, 8140, 5332]
>>>> [CONFIG: target(4), prim(dec_op)]
|2576.48|17329.00| op = [31, 15, 39, 21, 1]| tp = [1, 1, 1, 1, 1, ] | dp = [2, 1, 2, 1, 2, ] | algo = [0, 0, 0, 0, 0, ] | rc = [0, 0, 0, 0, 0] | gpus = [2, 1, 2, 1, 2] | micro_bs = 8 | time = [1756, 1901, 1896, 1547, 2576] | memory = [13145, 17329, 10329, 7157, 2058]
>>>> [CONFIG: target(4), prim(inc_dp)]
|3473.51|25767.43| op = [31, 15, 39, 21, 1]| tp = [1, 1, 1, 1, 1, ] | dp = [1, 1, 1, 1, 4, ] | algo = [0, 0, 0, 0, 0, ] | rc = [0, 0, 0, 0, 0] | gpus = [1, 1, 1, 1, 4] | micro_bs = 8 | time = [3207, 1915, 3473, 1561, 1376] | memory = [25767, 17329, 20514, 7157, 1254]
>>>> [CONFIG: target(2), prim(dec_op)]
|2149.87|18261.50| op = [18, 22, 21, 21, 25]| tp = [1, 1, 1, 1, 1, ] | dp = [1, 1, 1, 1, 4, ] | algo = [0, 0, 0, 0, 0, ] | rc = [0, 0, 0, 0, 0] | gpus = [1, 1, 1, 1, 4] | micro_bs = 8 | time = [2095, 2149, 2138, 1995, 2140] | memory = [15878, 18261, 13929, 8141, 2908]

[ Trial 11 ] |2149.87|18261.50| op = [18, 22, 21, 21, 25]| tp = [1, 1, 1, 1, 1, ] | dp = [1, 1, 1, 1, 4, ] | algo = [0, 0, 0, 0, 0, ] | rc = [0, 0, 0, 0, 0] | gpus = [1, 1, 1, 1, 4] | micro_bs = 8 | time = [2095, 2149, 2138, 1995, 2140] | memory = [15878, 18261, 13929, 8141, 2908]
>>>> [CONFIG: target(3), prim(inc_tp)]
|3811.97|18261.50| op = [18, 22, 21, 21, 25]| tp = [1, 1, 1, 2, 1, ] | dp = [2, 1, 1, 1, 2, ] | algo = [0, 0, 0, 0, 0, ] | rc = [0, 0, 0, 0, 0] | gpus = [2, 1, 1, 2, 2] | micro_bs = 8 | time = [1189, 2165, 2154, 3306, 3811] | memory = [8177, 18261, 13929, 4271, 5332]
>>>> [CONFIG: target(4), prim(dec_op)]
|2592.27|18530.00| op = [33, 26, 30, 17, 1]| tp = [1, 1, 1, 2, 1, ] | dp = [2, 1, 1, 1, 2, ] | algo = [0, 0, 0, 0, 0, ] | rc = [0, 0, 0, 0, 0] | gpus = [2, 1, 1, 2, 2] | micro_bs = 8 | time = [1841, 2370, 2533, 2424, 2592] | memory = [16065, 18530, 14941, 3696, 2058]
>>>> [CONFIG: target(4), prim(inc_dp)]
|3676.35|21239.43| op = [33, 26, 30, 17, 1]| tp = [1, 1, 1, 1, 1, ] | dp = [1, 1, 1, 1, 4, ] | algo = [0, 0, 0, 0, 0, ] | rc = [4, 0, 0, 0, 0] | gpus = [1, 1, 1, 1, 4] | micro_bs = 8 | time = [3676, 2367, 2530, 1458, 1375] | memory = [21239, 18530, 14941, 6992, 1254]
>>>> [CONFIG: target(0), prim(dec_op)]
|2638.94|22338.81| op = [24, 31, 24, 23, 5]| tp = [1, 1, 1, 1, 1, ] | dp = [1, 1, 1, 1, 4, ] | algo = [0, 0, 0, 0, 0, ] | rc = [0, 0, 0, 0, 0] | gpus = [1, 1, 1, 1, 4] | micro_bs = 8 | time = [2389, 2638, 2265, 2269, 1479] | memory = [22338, 19422, 14453, 10337, 1398]
>>>> [CONFIG: target(1), prim(dec_op)]
|2140.26|18165.50| op = [18, 21, 20, 23, 25]| tp = [1, 1, 1, 1, 1, ] | dp = [1, 1, 1, 1, 4, ] | algo = [0, 0, 0, 0, 0, ] | rc = [0, 0, 0, 0, 0] | gpus = [1, 1, 1, 1, 4] | micro_bs = 8 | time = [2095, 2138, 2130, 2048, 2140] | memory = [15878, 18165, 13925, 8257, 2908]

num_targets: [1, 1, 1, 1, 1, 1, 1, 1, 1, 1, 1, 5]
num_hops: [1, 1, 1, 1, 1, 1, 1, 2, 7, 7, 6, 5]
search time = 199.99 s.  [0, 1, 2, 3, 4, 5, 6, 7, 8, 9, 10, 11, 21, 31, 41, 53, 64, 76, 89, 103, 111, 118, 127, 130, 131, 132, 133, 142, 153, 169, 179, 192, 201, 212, 222, 223, 224, 225, 226, 227, 228, 229, 230, 231, 232, 233, 234, 235, 236, 237, 238, 239, 240, 241, 242, 243, 244, 245, 246, 247, 248, 249, 250, 251, 252, 253, 254, 255, 256, 257, 258, 259, 260, 261, 262, 263, 264, 265, 266, 267, 268, 269, 270, 271, 272, 273, 274, 275, 276, 277, 278, 279, 280, 281, 282, 283, 284, 285, 286, 287, 288] 
num_explored_cases = 123341
time trend: [9206, 6601, 5867, 4576, 3309, 2954, 2630, 2576, 2247, 2243, 2186, 2149, 2140, 2140, 2233, 2185, 2181, 2230, 2219, 2218, 2218, 2186, 2186, 2219, 2219, 2219, 2219, 2219, 2234, 2181, 2182, 2182, 2185, 2220, 2185, 2185, 2234, 2234, 2234, 2234, 2235, 2246, 2246, 2246, 2246, 2247, 2247, 2247, 2247, 2247, 2248, 2248, 2248, 2248, 2250, 2250, 2252, 2252, 2252, 2252, 2257, 2258, 2258, 2258, 2258, 2258, 2258, 2258, 2259, 2259, 2259, 2260, 2260, 2280, 2281, 2285, 2285, 2285, 2285, 2286, 2286, 2286, 2286, 2289, 2289, 2289, 2289, 2289, 2293, 2293, 2293, 2293, 2293, 2294, 2294, 2294, 2294, 2294, 2294, 2294, 2294]

# of stages	est_iteration_time(s)	est_thpt(samples/s)	est_mem(MB)	# of explored cases
3          	2.11                 	485.99             	10425      	47379              

overall search time: 200.13 s
