------------------------ arguments ------------------------
  adaptive_hyper_parameters ....................... 5
  add_action_finetune_algo ........................ False
  add_action_finetune_dim ......................... False
  add_action_tp_dp_exchange ....................... False
  add_action_tune_tp_dp ........................... False
  check_recompute_with_group ...................... False
  config_save_path ................................ /home/liminglong.lml/sxz/SuperScaler/logs-large/aceso/configs/mbs/256/
  config_suffix ................................... 2026-5-15-13-23-15
  consider_collective_memory ...................... False
  consider_reserved_space ......................... True
  consider_shared_space ........................... True
  continue_when_fail .............................. True
  decoder_seq_len ................................. 512
  end_num_stages .................................. 8
  finetune_after_trial ............................ 0
  finetune_tp_dp_after_trial ...................... False
  flex_recompute .................................. True
  forbid_turn_back ................................ False
  global_batch_size ............................... 256
  high_memory_rate ................................ 0.9
  init_dim ........................................ tp
  initial_point ................................... balance
  log_path ........................................ /home/liminglong.lml/sxz/SuperScaler/logs-large/aceso/search/mbs/256/
  max_num_hops .................................... 7
  max_num_trials .................................. 100
  max_op_move_steps ............................... 5
  max_tp .......................................... 8
  memory_limit .................................... 48000
  memory_main_params .............................. 2
  memory_optimizer ................................ 4
  memory_pred_type ................................ MAX
  micro_batch_size ................................ [1, 2, 4, 8]
  min_mbs ......................................... 1
  model_name ...................................... gpt
  model_size ...................................... 2_6B
  multi_process ................................... True
  num_algos ....................................... 2
  num_gpus ........................................ 8
  num_gpus_per_node ............................... 8
  num_layers ...................................... 32
  num_nodes ....................................... 1
  num_of_saved_configs ............................ 3
  num_partners_in_op_mig .......................... 1
  only_top_1_target ............................... False
  op_group_size ................................... 1
  peak_mem_in_backward ............................ 0
  predict_delta_time .............................. False
  print_debug_info ................................ False
  print_gpu_mig_details ........................... False
  print_move_op_details ........................... False
  print_recomp_debug_info ......................... False
  print_recompute_ops ............................. False
  profiled_time_path .............................. /home/liminglong.lml/sxz/SuperScaler/profiler/profiled-time-eurosys/
  random_order_actions ............................ False
  resharding ...................................... True
  save_to_csv ..................................... None
  seq_len ......................................... 2048
  simple_prim_mbs ................................. False
  simple_prim_mig ................................. False
  sort_metric ..................................... max_stage_time
  start_num_stages ................................ 1
  support_comm_predict ............................ False
  time_budget_per_trial ........................... 200
  time_budget_total ............................... 200
-------------------- end of arguments ---------------------
Starting CEGIS search with 1 to 8 stages...
working on num_stages = 1
start|11629.73|49713.10| op = [419]| tp = [1, ] | dp = [8, ] | algo = [0, ] | rc = [417] | gpus = [8] | micro_bs = 8 | time = [11629] | memory = [49713]
line146:config.memory_list:[49713.097]
line147:config.time_list:[11629.72765731199]
------------------------------------------------------------------------------------------------------
cegis_search for the 0th times
开始求解check...
line351:
tp_list[2, 2, 2, 2, 2, 2, 2, 2, 2, 2, 2, 2, 2, 2, 2, 2, 2, 2, 2, 2, 2, 2, 2, 2, 2, 2, 2, 2, 2, 2, 2, 2, 2, 2, 2, 2, 2, 2, 2, 2, 2, 2, 2, 2, 2, 2, 2, 2, 2, 2, 2, 2, 2, 2, 2, 2, 2, 2, 2, 2, 2, 2, 2, 2, 2, 2, 2, 2, 2, 2, 2, 2, 2, 2, 2, 2, 2, 2, 2, 2, 2, 2, 2, 2, 2, 2, 2, 2, 2, 2, 2, 2, 2, 2, 2, 2, 2, 2, 2, 2, 2, 2, 2, 2, 2, 2, 2, 2, 2, 2, 2, 2, 2, 2, 2, 2, 2, 2, 2, 2, 2, 2, 2, 2, 2, 2, 2, 2, 2, 2, 2, 2, 2, 2, 2, 2, 2, 2, 2, 2, 2, 2, 2, 2, 2, 2, 2, 2, 2, 2, 2, 2, 2, 2, 2, 2, 2, 2, 2, 2, 2, 2, 2, 2, 2, 2, 2, 2, 2, 2, 2, 2, 2, 2, 2, 2, 2, 2, 2, 2, 2, 2, 2, 2, 2, 2, 2, 2, 2, 2, 2, 2, 2, 2, 2, 2, 2, 2, 2, 2, 2, 2, 2, 2, 2, 2, 2, 2, 2, 2, 2, 2, 2, 2, 2, 2, 2, 2, 2, 2, 2, 2, 2, 2, 2, 2, 2, 2, 2, 2, 2, 2, 2, 2, 2, 2, 2, 2, 2, 2, 2, 2, 2, 2, 2, 2, 2, 2, 2, 2, 2, 2, 2, 2, 2, 2, 2, 2, 2, 2, 2, 2, 2, 2, 2, 2, 2, 2, 2, 2, 2, 2, 2, 2, 2, 2, 2, 2, 2, 2, 2, 2, 2, 2, 2, 2, 2, 2, 2, 2, 2, 2, 2, 2, 2, 2, 2, 2, 2, 2, 2, 2, 2, 2, 2, 2, 2, 2, 2, 2, 2, 2, 2, 2, 2, 2, 2, 2, 2, 2, 2, 2, 2, 2, 2, 2, 2, 2, 2, 2, 2, 2, 2, 2, 2, 2, 2, 2, 2, 2, 2, 2, 2, 2, 2, 2, 2, 2, 2, 2, 2, 2, 2, 2, 2, 2, 2, 2, 2, 2, 2, 2, 2, 2, 2, 2, 2, 2, 2, 2, 2, 2, 2, 2, 2, 2, 2, 2, 2, 2, 2, 2, 2, 2, 2, 2, 2, 2, 2, 2, 2, 2, 2, 2, 2, 2, 2, 2, 2, 2, 2, 2, 2, 2, 2, 2, 2, 2, 2, 2, 2, 2, 2, 2, 2, 2, 2, 2, 2]
dp_list[4, 4, 4, 4, 4, 4, 4, 4, 4, 4, 4, 4, 4, 4, 4, 4, 4, 4, 4, 4, 4, 4, 4, 4, 4, 4, 4, 4, 4, 4, 4, 4, 4, 4, 4, 4, 4, 4, 4, 4, 4, 4, 4, 4, 4, 4, 4, 4, 4, 4, 4, 4, 4, 4, 4, 4, 4, 4, 4, 4, 4, 4, 4, 4, 4, 4, 4, 4, 4, 4, 4, 4, 4, 4, 4, 4, 4, 4, 4, 4, 4, 4, 4, 4, 4, 4, 4, 4, 4, 4, 4, 4, 4, 4, 4, 4, 4, 4, 4, 4, 4, 4, 4, 4, 4, 4, 4, 4, 4, 4, 4, 4, 4, 4, 4, 4, 4, 4, 4, 4, 4, 4, 4, 4, 4, 4, 4, 4, 4, 4, 4, 4, 4, 4, 4, 4, 4, 4, 4, 4, 4, 4, 4, 4, 4, 4, 4, 4, 4, 4, 4, 4, 4, 4, 4, 4, 4, 4, 4, 4, 4, 4, 4, 4, 4, 4, 4, 4, 4, 4, 4, 4, 4, 4, 4, 4, 4, 4, 4, 4, 4, 4, 4, 4, 4, 4, 4, 4, 4, 4, 4, 4, 4, 4, 4, 4, 4, 4, 4, 4, 4, 4, 4, 4, 4, 4, 4, 4, 4, 4, 4, 4, 4, 4, 4, 4, 4, 4, 4, 4, 4, 4, 4, 4, 4, 4, 4, 4, 4, 4, 4, 4, 4, 4, 4, 4, 4, 4, 4, 4, 4, 4, 4, 4, 4, 4, 4, 4, 4, 4, 4, 4, 4, 4, 4, 4, 4, 4, 4, 4, 4, 4, 4, 4, 4, 4, 4, 4, 4, 4, 4, 4, 4, 4, 4, 4, 4, 4, 4, 4, 4, 4, 4, 4, 4, 4, 4, 4, 4, 4, 4, 4, 4, 4, 4, 4, 4, 4, 4, 4, 4, 4, 4, 4, 4, 4, 4, 4, 4, 4, 4, 4, 4, 4, 4, 4, 4, 4, 4, 4, 4, 4, 4, 4, 4, 4, 4, 4, 4, 4, 4, 4, 4, 4, 4, 4, 4, 4, 4, 4, 4, 4, 4, 4, 4, 4, 4, 4, 4, 4, 4, 4, 4, 4, 4, 4, 4, 4, 4, 4, 4, 4, 4, 4, 4, 4, 4, 4, 4, 4, 4, 4, 4, 4, 4, 4, 4, 4, 4, 4, 4, 4, 4, 4, 4, 4, 4, 4, 4, 4, 4, 4, 4, 4, 4, 4, 4, 4, 4, 4, 4, 4, 4, 4, 4, 4, 4, 4, 4, 4, 4, 4, 4, 4, 4, 4, 4, 4, 4]
algo_list[0, 0, 0, 0, 0, 0, 0, 0, 0, 0, 0, 0, 0, 0, 0, 0, 0, 0, 0, 0, 0, 0, 0, 0, 0, 0, 0, 0, 0, 0, 0, 0, 0, 0, 0, 0, 0, 0, 0, 0, 0, 0, 0, 0, 0, 0, 0, 0, 0, 0, 0, 0, 0, 0, 0, 0, 0, 0, 0, 0, 0, 0, 0, 0, 0, 0, 0, 0, 0, 0, 0, 0, 0, 0, 0, 0, 0, 0, 0, 0, 0, 0, 0, 0, 0, 0, 0, 0, 0, 0, 0, 0, 0, 0, 0, 0, 0, 0, 0, 0, 0, 0, 0, 0, 0, 0, 0, 0, 0, 0, 0, 0, 0, 0, 0, 0, 0, 0, 0, 0, 0, 0, 0, 0, 0, 0, 0, 0, 0, 0, 0, 0, 0, 0, 0, 0, 0, 0, 0, 0, 0, 0, 0, 0, 0, 0, 0, 0, 0, 0, 0, 0, 0, 0, 0, 0, 0, 0, 0, 0, 0, 0, 0, 0, 0, 0, 0, 0, 0, 0, 0, 0, 0, 0, 0, 0, 0, 0, 0, 0, 0, 0, 0, 0, 0, 0, 0, 0, 0, 0, 0, 0, 0, 0, 0, 0, 0, 0, 0, 0, 0, 0, 0, 0, 0, 0, 0, 0, 0, 0, 0, 0, 0, 0, 0, 0, 0, 0, 0, 0, 0, 0, 0, 0, 0, 0, 0, 0, 0, 0, 0, 0, 0, 0, 0, 0, 0, 0, 0, 0, 0, 0, 0, 0, 0, 0, 0, 0, 0, 0, 0, 0, 0, 0, 0, 0, 0, 0, 0, 0, 0, 0, 0, 0, 0, 0, 0, 0, 0, 0, 0, 0, 0, 0, 0, 0, 0, 0, 0, 0, 0, 0, 0, 0, 0, 0, 0, 0, 0, 0, 0, 0, 0, 0, 0, 0, 0, 0, 0, 0, 0, 0, 0, 0, 0, 0, 0, 0, 0, 0, 0, 0, 0, 0, 0, 0, 0, 0, 0, 0, 0, 0, 0, 0, 0, 0, 0, 0, 0, 0, 0, 0, 0, 0, 0, 0, 0, 0, 0, 0, 0, 0, 0, 0, 0, 0, 0, 0, 0, 0, 0, 0, 0, 0, 0, 0, 0, 0, 0, 0, 0, 0, 0, 0, 0, 0, 0, 0, 0, 0, 0, 0, 0, 0, 0, 0, 0, 0, 0, 0, 0, 0, 0, 0, 0, 0, 0, 0, 0, 0, 0, 0, 0, 0, 0, 0, 0, 0, 0, 0, 0, 0, 0, 0, 0, 0, 0, 0, 0, 0, 0, 0, 0, 0, 0, 0, 0, 0, 0]

decode|22669.33|41638.09| op = [419]| tp = [2, ] | dp = [4, ] | algo = [0, ] | rc = [0] | gpus = [8] | micro_bs = 4 | time = [22669] | memory = [41638]
验证解
line146:config.memory_list:[41638.090999999986]
line147:config.time_list:[22669.331090623964]
求解成功
config has been saved to /home/liminglong.lml/sxz/SuperScaler/logs-large/aceso/configs/mbs/256/gpt_2_6B_1stages_2026-5-15-13-23-15.json

========== Best Result (num_stages = 1) ==========
|22669.33|41638.09| op = [419]| tp = [2, ] | dp = [4, ] | algo = [0, ] | rc = [0] | gpus = [8] | micro_bs = 4 | time = [22669] | memory = [41638]
start|11629.73|49713.10| op = [419]| tp = [1, ] | dp = [8, ] | algo = [0, ] | rc = [417] | gpus = [8] | micro_bs = 8 | time = [11629] | memory = [49713]
decode|22669.33|41638.09| op = [419]| tp = [2, ] | dp = [4, ] | algo = [0, ] | rc = [0] | gpus = [8] | micro_bs = 4 | time = [22669] | memory = [41638]

num_targets: []
num_hops: []
search time = 0.00 s.  [0] 
num_explored_cases = 0
time trend: [1073741824]

stage 1 search time: 0.07 s
working on num_stages = 2
start|9127.08|47946.08| op = [210, 209]| tp = [1, 1, ] | dp = [4, 4, ] | algo = [0, 0, ] | rc = [46, 26] | gpus = [4, 4] | micro_bs = 8 | time = [8973, 9127] | memory = [47946, 43591]
line146:config.memory_list:[47946.07799999998, 43591.04299999999]
line147:config.time_list:[8973.898855942016, 9127.07760376812]
------------------------------------------------------------------------------------------------------
cegis_search for the 0th times
开始求解check...
line351:
tp_list[1, 1, 1, 1, 1, 1, 1, 1, 1, 1, 1, 1, 1, 1, 1, 1, 1, 1, 1, 1, 1, 1, 1, 1, 1, 1, 1, 1, 1, 1, 1, 1, 1, 1, 1, 1, 1, 1, 1, 1, 1, 1, 1, 1, 1, 1, 1, 1, 1, 1, 1, 1, 1, 1, 1, 1, 1, 1, 1, 1, 1, 1, 1, 1, 1, 1, 1, 1, 1, 1, 1, 1, 1, 1, 1, 1, 1, 1, 1, 1, 1, 1, 1, 1, 1, 1, 1, 1, 1, 1, 1, 1, 1, 1, 1, 1, 1, 1, 1, 1, 1, 1, 1, 1, 1, 1, 1, 1, 1, 1, 1, 1, 1, 1, 1, 1, 1, 1, 1, 1, 1, 1, 1, 1, 1, 1, 1, 1, 1, 1, 1, 1, 1, 1, 1, 1, 1, 1, 1, 1, 1, 1, 1, 1, 1, 1, 1, 1, 1, 1, 1, 1, 1, 1, 1, 1, 1, 1, 1, 1, 1, 1, 1, 1, 1, 1, 1, 1, 1, 1, 1, 1, 1, 1, 1, 1, 1, 1, 1, 1, 1, 1, 1, 1, 1, 1, 1, 1, 1, 1, 1, 1, 1, 1, 1, 1, 1, 1, 1, 1, 1, 1, 1, 1, 1, 1, 1, 1, 1, 1, 1, 1, 1, 1, 1, 1, 1, 1, 1, 1, 1, 1, 1, 1, 1, 1, 1, 1, 1, 1, 1, 1, 1, 1, 1, 1, 1, 1, 1, 1, 1, 1, 1, 1, 1, 1, 1, 1, 1, 1, 1, 1, 1, 1, 1, 1, 1, 1, 1, 1, 1, 1, 1, 1, 1, 1, 1, 1, 1, 1, 1, 1, 1, 1, 1, 1, 1, 1, 1, 1, 1, 1, 1, 1, 1, 1, 1, 1, 1, 1, 1, 1, 1, 1, 1, 1, 1, 1, 1, 1, 1, 1, 1, 1, 1, 1, 1, 1, 1, 1, 1, 1, 1, 1, 1, 1, 1, 1, 1, 1, 1, 1, 1, 1, 1, 1, 1, 1, 1, 1, 1, 1, 1, 1, 1, 1, 1, 1, 1, 1, 1, 1, 1, 1, 1, 1, 1, 1, 1, 1, 1, 1, 1, 1, 1, 1, 1, 1, 1, 1, 1, 1, 1, 1, 1, 1, 1, 1, 1, 1, 1, 1, 1, 1, 1, 1, 1, 1, 1, 1, 1, 1, 1, 1, 1, 1, 1, 1, 1, 1, 1, 1, 1, 1, 1, 1, 1, 1, 1, 1, 1, 1, 1, 1, 1, 1, 1, 1, 1, 1, 1, 1, 1, 1, 1, 1, 1, 1, 1]
dp_list[4, 4, 4, 4, 4, 4, 4, 4, 4, 4, 4, 4, 4, 4, 4, 4, 4, 4, 4, 4, 4, 4, 4, 4, 4, 4, 4, 4, 4, 4, 4, 4, 4, 4, 4, 4, 4, 4, 4, 4, 4, 4, 4, 4, 4, 4, 4, 4, 4, 4, 4, 4, 4, 4, 4, 4, 4, 4, 4, 4, 4, 4, 4, 4, 4, 4, 4, 4, 4, 4, 4, 4, 4, 4, 4, 4, 4, 4, 4, 4, 4, 4, 4, 4, 4, 4, 4, 4, 4, 4, 4, 4, 4, 4, 4, 4, 4, 4, 4, 4, 4, 4, 4, 4, 4, 4, 4, 4, 4, 4, 4, 4, 4, 4, 4, 4, 4, 4, 4, 4, 4, 4, 4, 4, 4, 4, 4, 4, 4, 4, 4, 4, 4, 4, 4, 4, 4, 4, 4, 4, 4, 4, 4, 4, 4, 4, 4, 4, 4, 4, 4, 4, 4, 4, 4, 4, 4, 4, 4, 4, 4, 4, 4, 4, 4, 4, 4, 4, 4, 4, 4, 4, 4, 4, 4, 4, 4, 4, 4, 4, 4, 4, 4, 4, 4, 4, 4, 4, 4, 4, 4, 4, 4, 4, 4, 4, 4, 4, 4, 4, 4, 4, 4, 4, 4, 4, 4, 4, 4, 4, 4, 4, 4, 4, 4, 4, 4, 4, 4, 4, 4, 4, 4, 4, 4, 4, 4, 4, 4, 4, 4, 4, 4, 4, 4, 4, 4, 4, 4, 4, 4, 4, 4, 4, 4, 4, 4, 4, 4, 4, 4, 4, 4, 4, 4, 4, 4, 4, 4, 4, 4, 4, 4, 4, 4, 4, 4, 4, 4, 4, 4, 4, 4, 4, 4, 4, 4, 4, 4, 4, 4, 4, 4, 4, 4, 4, 4, 4, 4, 4, 4, 4, 4, 4, 4, 4, 4, 4, 4, 4, 4, 4, 4, 4, 4, 4, 4, 4, 4, 4, 4, 4, 4, 4, 4, 4, 4, 4, 4, 4, 4, 4, 4, 4, 4, 4, 4, 4, 4, 4, 4, 4, 4, 4, 4, 4, 4, 4, 4, 4, 4, 4, 4, 4, 4, 4, 4, 4, 4, 4, 4, 4, 4, 4, 4, 4, 4, 4, 4, 4, 4, 4, 4, 4, 4, 4, 4, 4, 4, 4, 4, 4, 4, 4, 4, 4, 4, 4, 4, 4, 4, 4, 4, 4, 4, 4, 4, 4, 4, 4, 4, 4, 4, 4, 4, 4, 4, 4, 4, 4, 4, 4, 4, 4, 4, 4, 4, 4, 4, 4, 4, 4, 4, 4, 4, 4, 4, 4, 4]
algo_list[0, 0, 0, 0, 0, 0, 0, 0, 0, 0, 0, 0, 0, 0, 0, 0, 0, 0, 0, 0, 0, 0, 0, 0, 0, 0, 0, 0, 0, 0, 0, 0, 0, 0, 0, 0, 0, 0, 0, 0, 0, 0, 0, 0, 0, 0, 0, 0, 0, 0, 0, 0, 0, 0, 0, 0, 0, 0, 0, 0, 0, 0, 0, 0, 0, 0, 0, 0, 0, 0, 0, 0, 0, 0, 0, 0, 0, 0, 0, 0, 0, 0, 0, 0, 0, 0, 0, 0, 0, 0, 0, 0, 0, 0, 0, 0, 0, 0, 0, 0, 0, 0, 0, 0, 0, 0, 0, 0, 0, 0, 0, 0, 0, 0, 0, 0, 0, 0, 0, 0, 0, 0, 0, 0, 0, 0, 0, 0, 0, 0, 0, 0, 0, 0, 0, 0, 0, 0, 0, 0, 0, 0, 0, 0, 0, 0, 0, 0, 0, 0, 0, 0, 0, 0, 0, 0, 0, 0, 0, 0, 0, 0, 0, 0, 0, 0, 0, 0, 0, 0, 0, 0, 0, 0, 0, 0, 0, 0, 0, 0, 0, 0, 0, 0, 0, 0, 0, 0, 0, 0, 0, 0, 0, 0, 0, 0, 0, 0, 0, 0, 0, 0, 0, 0, 0, 0, 0, 0, 0, 0, 0, 0, 0, 0, 0, 0, 0, 0, 0, 0, 0, 0, 0, 0, 0, 0, 0, 0, 0, 0, 0, 0, 0, 0, 0, 0, 0, 0, 0, 0, 0, 0, 0, 0, 0, 0, 0, 0, 0, 0, 0, 0, 0, 0, 0, 0, 0, 0, 0, 0, 0, 0, 0, 0, 0, 0, 0, 0, 0, 0, 0, 0, 0, 0, 0, 0, 0, 0, 0, 0, 0, 0, 0, 0, 0, 0, 0, 0, 0, 0, 0, 0, 0, 0, 0, 0, 0, 0, 0, 0, 0, 0, 0, 0, 0, 0, 0, 0, 0, 0, 0, 0, 0, 0, 0, 0, 0, 0, 0, 0, 0, 0, 0, 0, 0, 0, 0, 0, 0, 0, 0, 0, 0, 0, 0, 0, 0, 0, 0, 0, 0, 0, 0, 0, 0, 0, 0, 0, 0, 0, 0, 0, 0, 0, 0, 0, 0, 0, 0, 0, 0, 0, 0, 0, 0, 0, 0, 0, 0, 0, 0, 0, 0, 0, 0, 0, 0, 0, 0, 0, 0, 0, 0, 0, 0, 0, 0, 0, 0, 0, 0, 0, 0, 0, 0, 0, 0, 0, 0, 0, 0, 0, 0, 0, 0, 0, 0, 0, 0, 0, 0, 0, 0, 0, 0, 0, 0, 0, 0]

decode|9127.08|47946.08| op = [210, 209]| tp = [1, 1, ] | dp = [4, 4, ] | algo = [0, 0, ] | rc = [46, 26] | gpus = [4, 4] | micro_bs = 8 | time = [8973, 9127] | memory = [47946, 43591]
验证解
line146:config.memory_list:[47946.07799999998, 43591.04299999999]
line147:config.time_list:[8973.898855942016, 9127.07760376812]
求解成功
config has been saved to /home/liminglong.lml/sxz/SuperScaler/logs-large/aceso/configs/mbs/256/gpt_2_6B_2stages_2026-5-15-13-23-15.json

========== Best Result (num_stages = 2) ==========
|9127.08|47946.08| op = [210, 209]| tp = [1, 1, ] | dp = [4, 4, ] | algo = [0, 0, ] | rc = [46, 26] | gpus = [4, 4] | micro_bs = 8 | time = [8973, 9127] | memory = [47946, 43591]
start|9127.08|47946.08| op = [210, 209]| tp = [1, 1, ] | dp = [4, 4, ] | algo = [0, 0, ] | rc = [46, 26] | gpus = [4, 4] | micro_bs = 8 | time = [8973, 9127] | memory = [47946, 43591]
decode|9127.08|47946.08| op = [210, 209]| tp = [1, 1, ] | dp = [4, 4, ] | algo = [0, 0, ] | rc = [46, 26] | gpus = [4, 4] | micro_bs = 8 | time = [8973, 9127] | memory = [47946, 43591]

num_targets: []
num_hops: []
search time = 0.00 s.  [0] 
num_explored_cases = 0
time trend: [9127]

stage 2 search time: 0.20 s
working on num_stages = 3
start|9842.08|47861.09| op = [210, 105, 104]| tp = [1, 1, 1, ] | dp = [4, 2, 2, ] | algo = [0, 0, 0, ] | rc = [60, 16, 14] | gpus = [4, 2, 2] | micro_bs = 8 | time = [9522, 9151, 9842] | memory = [47069, 46269, 47861]
line465:max stage:2, min stage:1, max_value:9842.083845583064, min_value:9151.6351984007
fix|9856.05|47941.09| op = [210, 106, 103]| tp = [1, 1, 1, ] | dp = [4, 2, 2, ] | algo = [0, 0, 0, ] | rc = [60, 18, 13] | gpus = [4, 2, 2] | micro_bs = 8 | time = [9531, 9438, 9856] | memory = [47069, 47293, 47941]
cv:0.01863587889828102
line465:max stage:2, min stage:1, max_value:9856.049652647092, min_value:9438.204713464726
fix|9727.63|47941.09| op = [210, 107, 102]| tp = [1, 1, 1, ] | dp = [4, 2, 2, ] | algo = [0, 0, 0, ] | rc = [60, 18, 12] | gpus = [4, 2, 2] | micro_bs = 8 | time = [9530, 9526, 9727] | memory = [47069, 47293, 47941]
best|9727.63|47941.09| op = [210, 107, 102]| tp = [1, 1, 1, ] | dp = [4, 2, 2, ] | algo = [0, 0, 0, ] | rc = [60, 18, 12] | gpus = [4, 2, 2] | micro_bs = 8 | time = [9530, 9526, 9727] | memory = [47069, 47293, 47941]
line146:config.memory_list:[47069.11699999997, 47293.984000000026, 47941.09400000001]
line147:config.time_list:[9530.40100637143, 9526.641283464727, 9727.632790647092]
------------------------------------------------------------------------------------------------------
cegis_search for the 0th times
开始求解check...
line351:
tp_list[1, 1, 1, 1, 1, 1, 1, 1, 1, 1, 1, 1, 1, 1, 1, 1, 1, 1, 1, 1, 1, 1, 1, 1, 1, 1, 1, 1, 1, 1, 1, 1, 1, 1, 1, 1, 1, 1, 1, 1, 1, 1, 1, 1, 1, 1, 1, 1, 1, 1, 1, 1, 1, 1, 1, 1, 1, 1, 1, 1, 1, 1, 1, 1, 1, 1, 1, 1, 1, 1, 1, 1, 1, 1, 1, 1, 1, 1, 1, 1, 1, 1, 1, 1, 1, 1, 1, 1, 1, 1, 1, 1, 1, 1, 1, 1, 1, 1, 1, 1, 1, 1, 1, 1, 1, 1, 1, 1, 1, 1, 1, 1, 1, 1, 1, 1, 1, 1, 1, 1, 1, 1, 1, 1, 1, 1, 1, 1, 1, 1, 1, 1, 1, 1, 1, 1, 1, 1, 1, 1, 1, 1, 1, 1, 1, 1, 1, 1, 1, 1, 1, 1, 1, 1, 1, 1, 1, 1, 1, 1, 1, 1, 1, 1, 1, 1, 1, 1, 1, 1, 1, 1, 1, 1, 1, 1, 1, 1, 1, 1, 1, 1, 1, 1, 1, 1, 1, 1, 1, 1, 1, 1, 1, 1, 1, 1, 1, 1, 1, 1, 1, 1, 1, 1, 1, 1, 1, 1, 1, 1, 1, 1, 1, 1, 1, 1, 1, 1, 1, 1, 1, 1, 1, 1, 1, 1, 1, 1, 1, 1, 1, 1, 1, 1, 1, 1, 1, 1, 1, 1, 1, 1, 1, 1, 1, 1, 1, 1, 1, 1, 1, 1, 1, 1, 1, 1, 1, 1, 1, 1, 1, 1, 1, 1, 1, 1, 1, 1, 1, 1, 1, 1, 1, 1, 1, 1, 1, 1, 1, 1, 1, 1, 1, 1, 1, 1, 1, 1, 1, 1, 1, 1, 1, 1, 1, 1, 1, 1, 1, 1, 1, 1, 1, 1, 1, 1, 1, 1, 1, 1, 1, 1, 1, 1, 1, 1, 1, 1, 1, 1, 1, 1, 1, 1, 1, 1, 1, 1, 1, 1, 1, 1, 1, 1, 1, 1, 1, 1, 1, 1, 1, 1, 1, 1, 1, 1, 1, 1, 1, 1, 1, 1, 1, 1, 1, 1, 1, 1, 1, 1, 1, 1, 1, 1, 1, 1, 1, 1, 1, 1, 1, 1, 1, 1, 1, 1, 1, 1, 1, 1, 1, 1, 1, 1, 1, 1, 1, 1, 1, 1, 1, 1, 1, 1, 1, 1, 1, 1, 1, 1, 1, 1, 1, 1, 1, 1, 1, 1, 1, 1, 1, 1, 1, 1, 1, 1, 1, 1, 1]
dp_list[4, 4, 4, 4, 4, 4, 4, 4, 4, 4, 4, 4, 4, 4, 4, 4, 4, 4, 4, 4, 4, 4, 4, 4, 4, 4, 4, 4, 4, 4, 4, 4, 4, 4, 4, 4, 4, 4, 4, 4, 4, 4, 4, 4, 4, 4, 4, 4, 4, 4, 4, 4, 4, 4, 4, 4, 4, 4, 4, 4, 4, 4, 4, 4, 4, 4, 4, 4, 4, 4, 4, 4, 4, 4, 4, 4, 4, 4, 4, 4, 4, 4, 4, 4, 4, 4, 4, 4, 4, 4, 4, 4, 4, 4, 4, 4, 4, 4, 4, 4, 4, 4, 4, 4, 4, 4, 4, 4, 4, 4, 4, 4, 4, 4, 4, 4, 4, 4, 4, 4, 4, 4, 4, 4, 4, 4, 4, 4, 4, 4, 4, 4, 4, 4, 4, 4, 4, 4, 4, 4, 4, 4, 4, 4, 4, 4, 4, 4, 4, 4, 4, 4, 4, 4, 4, 4, 4, 4, 4, 4, 4, 4, 4, 4, 4, 4, 4, 4, 4, 4, 4, 4, 4, 4, 4, 4, 4, 4, 4, 4, 4, 4, 4, 4, 4, 4, 4, 4, 4, 4, 4, 4, 4, 4, 4, 4, 4, 4, 4, 4, 4, 4, 4, 4, 4, 4, 4, 4, 4, 4, 2, 2, 2, 2, 2, 2, 2, 2, 2, 2, 2, 2, 2, 2, 2, 2, 2, 2, 2, 2, 2, 2, 2, 2, 2, 2, 2, 2, 2, 2, 2, 2, 2, 2, 2, 2, 2, 2, 2, 2, 2, 2, 2, 2, 2, 2, 2, 2, 2, 2, 2, 2, 2, 2, 2, 2, 2, 2, 2, 2, 2, 2, 2, 2, 2, 2, 2, 2, 2, 2, 2, 2, 2, 2, 2, 2, 2, 2, 2, 2, 2, 2, 2, 2, 2, 2, 2, 2, 2, 2, 2, 2, 2, 2, 2, 2, 2, 2, 2, 2, 2, 2, 2, 2, 2, 2, 2, 2, 2, 2, 2, 2, 2, 2, 2, 2, 2, 2, 2, 2, 2, 2, 2, 2, 2, 2, 2, 2, 2, 2, 2, 2, 2, 2, 2, 2, 2, 2, 2, 2, 2, 2, 2, 2, 2, 2, 2, 2, 2, 2, 2, 2, 2, 2, 2, 2, 2, 2, 2, 2, 2, 2, 2, 2, 2, 2, 2, 2, 2, 2, 2, 2, 2, 2, 2, 2, 2, 2, 2, 2, 2, 2, 2, 2, 2, 2, 2, 2, 2, 2, 2, 2, 2, 2, 2, 2, 2, 2, 2, 2, 2, 2, 2, 2, 2, 2, 2, 2, 2]
algo_list[0, 0, 0, 0, 0, 0, 0, 0, 0, 0, 0, 0, 0, 0, 0, 0, 0, 0, 0, 0, 0, 0, 0, 0, 0, 0, 0, 0, 0, 0, 0, 0, 0, 0, 0, 0, 0, 0, 0, 0, 0, 0, 0, 0, 0, 0, 0, 0, 0, 0, 0, 0, 0, 0, 0, 0, 0, 0, 0, 0, 0, 0, 0, 0, 0, 0, 0, 0, 0, 0, 0, 0, 0, 0, 0, 0, 0, 0, 0, 0, 0, 0, 0, 0, 0, 0, 0, 0, 0, 0, 0, 0, 0, 0, 0, 0, 0, 0, 0, 0, 0, 0, 0, 0, 0, 0, 0, 0, 0, 0, 0, 0, 0, 0, 0, 0, 0, 0, 0, 0, 0, 0, 0, 0, 0, 0, 0, 0, 0, 0, 0, 0, 0, 0, 0, 0, 0, 0, 0, 0, 0, 0, 0, 0, 0, 0, 0, 0, 0, 0, 0, 0, 0, 0, 0, 0, 0, 0, 0, 0, 0, 0, 0, 0, 0, 0, 0, 0, 0, 0, 0, 0, 0, 0, 0, 0, 0, 0, 0, 0, 0, 0, 0, 0, 0, 0, 0, 0, 0, 0, 0, 0, 0, 0, 0, 0, 0, 0, 0, 0, 0, 0, 0, 0, 0, 0, 0, 0, 0, 0, 0, 0, 0, 0, 0, 0, 0, 0, 0, 0, 0, 0, 0, 0, 0, 0, 0, 0, 0, 0, 0, 0, 0, 0, 0, 0, 0, 0, 0, 0, 0, 0, 0, 0, 0, 0, 0, 0, 0, 0, 0, 0, 0, 0, 0, 0, 0, 0, 0, 0, 0, 0, 0, 0, 0, 0, 0, 0, 0, 0, 0, 0, 0, 0, 0, 0, 0, 0, 0, 0, 0, 0, 0, 0, 0, 0, 0, 0, 0, 0, 0, 0, 0, 0, 0, 0, 0, 0, 0, 0, 0, 0, 0, 0, 0, 0, 0, 0, 0, 0, 0, 0, 0, 0, 0, 0, 0, 0, 0, 0, 0, 0, 0, 0, 0, 0, 0, 0, 0, 0, 0, 0, 0, 0, 0, 0, 0, 0, 0, 0, 0, 0, 0, 0, 0, 0, 0, 0, 0, 0, 0, 0, 0, 0, 0, 0, 0, 0, 0, 0, 0, 0, 0, 0, 0, 0, 0, 0, 0, 0, 0, 0, 0, 0, 0, 0, 0, 0, 0, 0, 0, 0, 0, 0, 0, 0, 0, 0, 0, 0, 0, 0, 0, 0, 0, 0, 0, 0, 0, 0, 0, 0, 0, 0, 0, 0, 0, 0, 0, 0, 0, 0, 0, 0, 0, 0, 0, 0, 0]

decode|9727.63|47941.09| op = [210, 107, 102]| tp = [1, 1, 1, ] | dp = [4, 2, 2, ] | algo = [0, 0, 0, ] | rc = [60, 18, 12] | gpus = [4, 2, 2] | micro_bs = 8 | time = [9530, 9526, 9727] | memory = [47069, 47293, 47941]
验证解
line465:max stage:2, min stage:1, max_value:9727.632790647092, min_value:9526.641283464727
fix|9837.76|47941.09| op = [210, 108, 101]| tp = [1, 1, 1, ] | dp = [4, 2, 2, ] | algo = [0, 0, 0, ] | rc = [60, 23, 10] | gpus = [4, 2, 2] | micro_bs = 8 | time = [9534, 9837, 9540] | memory = [47069, 47805, 47941]
best|9727.63|47941.09| op = [210, 107, 102]| tp = [1, 1, 1, ] | dp = [4, 2, 2, ] | algo = [0, 0, 0, ] | rc = [60, 18, 12] | gpus = [4, 2, 2] | micro_bs = 8 | time = [9530, 9526, 9727] | memory = [47069, 47293, 47941]
line146:config.memory_list:[47069.11699999997, 47293.984000000026, 47941.09400000001]
line147:config.time_list:[9530.40100637143, 9526.641283464727, 9727.632790647092]
求解成功
config has been saved to /home/liminglong.lml/sxz/SuperScaler/logs-large/aceso/configs/mbs/256/gpt_2_6B_3stages_2026-5-15-13-23-15.json

========== Best Result (num_stages = 3) ==========
|9727.63|47941.09| op = [210, 107, 102]| tp = [1, 1, 1, ] | dp = [4, 2, 2, ] | algo = [0, 0, 0, ] | rc = [60, 18, 12] | gpus = [4, 2, 2] | micro_bs = 8 | time = [9530, 9526, 9727] | memory = [47069, 47293, 47941]
start|9842.08|47861.09| op = [210, 105, 104]| tp = [1, 1, 1, ] | dp = [4, 2, 2, ] | algo = [0, 0, 0, ] | rc = [60, 16, 14] | gpus = [4, 2, 2] | micro_bs = 8 | time = [9522, 9151, 9842] | memory = [47069, 46269, 47861]
fix|9856.05|47941.09| op = [210, 106, 103]| tp = [1, 1, 1, ] | dp = [4, 2, 2, ] | algo = [0, 0, 0, ] | rc = [60, 18, 13] | gpus = [4, 2, 2] | micro_bs = 8 | time = [9531, 9438, 9856] | memory = [47069, 47293, 47941]
fix|9727.63|47941.09| op = [210, 107, 102]| tp = [1, 1, 1, ] | dp = [4, 2, 2, ] | algo = [0, 0, 0, ] | rc = [60, 18, 12] | gpus = [4, 2, 2] | micro_bs = 8 | time = [9530, 9526, 9727] | memory = [47069, 47293, 47941]
best|9727.63|47941.09| op = [210, 107, 102]| tp = [1, 1, 1, ] | dp = [4, 2, 2, ] | algo = [0, 0, 0, ] | rc = [60, 18, 12] | gpus = [4, 2, 2] | micro_bs = 8 | time = [9530, 9526, 9727] | memory = [47069, 47293, 47941]
decode|9727.63|47941.09| op = [210, 107, 102]| tp = [1, 1, 1, ] | dp = [4, 2, 2, ] | algo = [0, 0, 0, ] | rc = [60, 18, 12] | gpus = [4, 2, 2] | micro_bs = 8 | time = [9530, 9526, 9727] | memory = [47069, 47293, 47941]
best|9727.63|47941.09| op = [210, 107, 102]| tp = [1, 1, 1, ] | dp = [4, 2, 2, ] | algo = [0, 0, 0, ] | rc = [60, 18, 12] | gpus = [4, 2, 2] | micro_bs = 8 | time = [9530, 9526, 9727] | memory = [47069, 47293, 47941]

num_targets: []
num_hops: []
search time = 0.00 s.  [0] 
num_explored_cases = 0
time trend: [9842]

stage 3 search time: 0.40 s
working on num_stages = 4
start|10124.80|47861.09| op = [105, 105, 105, 104]| tp = [1, 1, 1, 1, ] | dp = [2, 2, 2, 2, ] | algo = [0, 0, 0, 0, ] | rc = [34, 28, 16, 14] | gpus = [2, 2, 2, 2] | micro_bs = 8 | time = [9974, 9716, 9434, 10124] | memory = [47508, 47859, 46269, 47861]
line465:max stage:3, min stage:2, max_value:10124.804906631878, min_value:9434.356259449514
fix|10138.77|47941.09| op = [105, 105, 106, 103]| tp = [1, 1, 1, 1, ] | dp = [2, 2, 2, 2, ] | algo = [0, 0, 0, 0, ] | rc = [34, 28, 18, 13] | gpus = [2, 2, 2, 2] | micro_bs = 8 | time = [9983, 9725, 9720, 10138] | memory = [47508, 47859, 47293, 47941]
cv:0.017968944336806264
line465:max stage:3, min stage:2, max_value:10138.770713695905, min_value:9720.92577451354
fix|10010.35|47941.09| op = [105, 105, 107, 102]| tp = [1, 1, 1, 1, ] | dp = [2, 2, 2, 2, ] | algo = [0, 0, 0, 0, ] | rc = [34, 28, 18, 12] | gpus = [2, 2, 2, 2] | micro_bs = 8 | time = [9982, 9724, 9809, 10010] | memory = [47508, 47859, 47293, 47941]
best|10010.35|47941.09| op = [105, 105, 107, 102]| tp = [1, 1, 1, 1, ] | dp = [2, 2, 2, 2, ] | algo = [0, 0, 0, 0, ] | rc = [34, 28, 18, 12] | gpus = [2, 2, 2, 2] | micro_bs = 8 | time = [9982, 9724, 9809, 10010] | memory = [47508, 47859, 47293, 47941]
line146:config.memory_list:[47508.09200000005, 47859.162000000055, 47293.984000000026, 47941.09400000001]
line147:config.time_list:[9982.682736520768, 9724.12137506398, 9809.362344513542, 10010.353851695905]
------------------------------------------------------------------------------------------------------
cegis_search for the 0th times
开始求解check...
line351:
tp_list[1, 1, 1, 1, 1, 1, 1, 1, 1, 1, 1, 1, 1, 1, 1, 1, 1, 1, 1, 1, 1, 1, 1, 1, 1, 1, 1, 1, 1, 1, 1, 1, 1, 1, 1, 1, 1, 1, 1, 1, 1, 1, 1, 1, 1, 1, 1, 1, 1, 1, 1, 1, 1, 1, 1, 1, 1, 1, 1, 1, 1, 1, 1, 1, 1, 1, 1, 1, 1, 1, 1, 1, 1, 1, 1, 1, 1, 1, 1, 1, 1, 1, 1, 1, 1, 1, 1, 1, 1, 1, 1, 1, 1, 1, 1, 1, 1, 1, 1, 1, 1, 1, 1, 1, 1, 1, 1, 1, 1, 1, 1, 1, 1, 1, 1, 1, 1, 1, 1, 1, 1, 1, 1, 1, 1, 1, 1, 1, 1, 1, 1, 1, 1, 1, 1, 1, 1, 1, 1, 1, 1, 1, 1, 1, 1, 1, 1, 1, 1, 1, 1, 1, 1, 1, 1, 1, 1, 1, 1, 1, 1, 1, 1, 1, 1, 1, 1, 1, 1, 1, 1, 1, 1, 1, 1, 1, 1, 1, 1, 1, 1, 1, 1, 1, 1, 1, 1, 1, 1, 1, 1, 1, 1, 1, 1, 1, 1, 1, 1, 1, 1, 1, 1, 1, 1, 1, 1, 1, 1, 1, 1, 1, 1, 1, 1, 1, 1, 1, 1, 1, 1, 1, 1, 1, 1, 1, 1, 1, 1, 1, 1, 1, 1, 1, 1, 1, 1, 1, 1, 1, 1, 1, 1, 1, 1, 1, 1, 1, 1, 1, 1, 1, 1, 1, 1, 1, 1, 1, 1, 1, 1, 1, 1, 1, 1, 1, 1, 1, 1, 1, 1, 1, 1, 1, 1, 1, 1, 1, 1, 1, 1, 1, 1, 1, 1, 1, 1, 1, 1, 1, 1, 1, 1, 1, 1, 1, 1, 1, 1, 1, 1, 1, 1, 1, 1, 1, 1, 1, 1, 1, 1, 1, 1, 1, 1, 1, 1, 1, 1, 1, 1, 1, 1, 1, 1, 1, 1, 1, 1, 1, 1, 1, 1, 1, 1, 1, 1, 1, 1, 1, 1, 1, 1, 1, 1, 1, 1, 1, 1, 1, 1, 1, 1, 1, 1, 1, 1, 1, 1, 1, 1, 1, 1, 1, 1, 1, 1, 1, 1, 1, 1, 1, 1, 1, 1, 1, 1, 1, 1, 1, 1, 1, 1, 1, 1, 1, 1, 1, 1, 1, 1, 1, 1, 1, 1, 1, 1, 1, 1, 1, 1, 1, 1, 1, 1, 1, 1, 1, 1, 1, 1, 1, 1, 1, 1, 1, 1, 1, 1]
dp_list[2, 2, 2, 2, 2, 2, 2, 2, 2, 2, 2, 2, 2, 2, 2, 2, 2, 2, 2, 2, 2, 2, 2, 2, 2, 2, 2, 2, 2, 2, 2, 2, 2, 2, 2, 2, 2, 2, 2, 2, 2, 2, 2, 2, 2, 2, 2, 2, 2, 2, 2, 2, 2, 2, 2, 2, 2, 2, 2, 2, 2, 2, 2, 2, 2, 2, 2, 2, 2, 2, 2, 2, 2, 2, 2, 2, 2, 2, 2, 2, 2, 2, 2, 2, 2, 2, 2, 2, 2, 2, 2, 2, 2, 2, 2, 2, 2, 2, 2, 2, 2, 2, 2, 2, 2, 2, 2, 2, 2, 2, 2, 2, 2, 2, 2, 2, 2, 2, 2, 2, 2, 2, 2, 2, 2, 2, 2, 2, 2, 2, 2, 2, 2, 2, 2, 2, 2, 2, 2, 2, 2, 2, 2, 2, 2, 2, 2, 2, 2, 2, 2, 2, 2, 2, 2, 2, 2, 2, 2, 2, 2, 2, 2, 2, 2, 2, 2, 2, 2, 2, 2, 2, 2, 2, 2, 2, 2, 2, 2, 2, 2, 2, 2, 2, 2, 2, 2, 2, 2, 2, 2, 2, 2, 2, 2, 2, 2, 2, 2, 2, 2, 2, 2, 2, 2, 2, 2, 2, 2, 2, 2, 2, 2, 2, 2, 2, 2, 2, 2, 2, 2, 2, 2, 2, 2, 2, 2, 2, 2, 2, 2, 2, 2, 2, 2, 2, 2, 2, 2, 2, 2, 2, 2, 2, 2, 2, 2, 2, 2, 2, 2, 2, 2, 2, 2, 2, 2, 2, 2, 2, 2, 2, 2, 2, 2, 2, 2, 2, 2, 2, 2, 2, 2, 2, 2, 2, 2, 2, 2, 2, 2, 2, 2, 2, 2, 2, 2, 2, 2, 2, 2, 2, 2, 2, 2, 2, 2, 2, 2, 2, 2, 2, 2, 2, 2, 2, 2, 2, 2, 2, 2, 2, 2, 2, 2, 2, 2, 2, 2, 2, 2, 2, 2, 2, 2, 2, 2, 2, 2, 2, 2, 2, 2, 2, 2, 2, 2, 2, 2, 2, 2, 2, 2, 2, 2, 2, 2, 2, 2, 2, 2, 2, 2, 2, 2, 2, 2, 2, 2, 2, 2, 2, 2, 2, 2, 2, 2, 2, 2, 2, 2, 2, 2, 2, 2, 2, 2, 2, 2, 2, 2, 2, 2, 2, 2, 2, 2, 2, 2, 2, 2, 2, 2, 2, 2, 2, 2, 2, 2, 2, 2, 2, 2, 2, 2, 2, 2, 2, 2, 2, 2, 2, 2, 2, 2, 2, 2, 2, 2]
algo_list[0, 0, 0, 0, 0, 0, 0, 0, 0, 0, 0, 0, 0, 0, 0, 0, 0, 0, 0, 0, 0, 0, 0, 0, 0, 0, 0, 0, 0, 0, 0, 0, 0, 0, 0, 0, 0, 0, 0, 0, 0, 0, 0, 0, 0, 0, 0, 0, 0, 0, 0, 0, 0, 0, 0, 0, 0, 0, 0, 0, 0, 0, 0, 0, 0, 0, 0, 0, 0, 0, 0, 0, 0, 0, 0, 0, 0, 0, 0, 0, 0, 0, 0, 0, 0, 0, 0, 0, 0, 0, 0, 0, 0, 0, 0, 0, 0, 0, 0, 0, 0, 0, 0, 0, 0, 0, 0, 0, 0, 0, 0, 0, 0, 0, 0, 0, 0, 0, 0, 0, 0, 0, 0, 0, 0, 0, 0, 0, 0, 0, 0, 0, 0, 0, 0, 0, 0, 0, 0, 0, 0, 0, 0, 0, 0, 0, 0, 0, 0, 0, 0, 0, 0, 0, 0, 0, 0, 0, 0, 0, 0, 0, 0, 0, 0, 0, 0, 0, 0, 0, 0, 0, 0, 0, 0, 0, 0, 0, 0, 0, 0, 0, 0, 0, 0, 0, 0, 0, 0, 0, 0, 0, 0, 0, 0, 0, 0, 0, 0, 0, 0, 0, 0, 0, 0, 0, 0, 0, 0, 0, 0, 0, 0, 0, 0, 0, 0, 0, 0, 0, 0, 0, 0, 0, 0, 0, 0, 0, 0, 0, 0, 0, 0, 0, 0, 0, 0, 0, 0, 0, 0, 0, 0, 0, 0, 0, 0, 0, 0, 0, 0, 0, 0, 0, 0, 0, 0, 0, 0, 0, 0, 0, 0, 0, 0, 0, 0, 0, 0, 0, 0, 0, 0, 0, 0, 0, 0, 0, 0, 0, 0, 0, 0, 0, 0, 0, 0, 0, 0, 0, 0, 0, 0, 0, 0, 0, 0, 0, 0, 0, 0, 0, 0, 0, 0, 0, 0, 0, 0, 0, 0, 0, 0, 0, 0, 0, 0, 0, 0, 0, 0, 0, 0, 0, 0, 0, 0, 0, 0, 0, 0, 0, 0, 0, 0, 0, 0, 0, 0, 0, 0, 0, 0, 0, 0, 0, 0, 0, 0, 0, 0, 0, 0, 0, 0, 0, 0, 0, 0, 0, 0, 0, 0, 0, 0, 0, 0, 0, 0, 0, 0, 0, 0, 0, 0, 0, 0, 0, 0, 0, 0, 0, 0, 0, 0, 0, 0, 0, 0, 0, 0, 0, 0, 0, 0, 0, 0, 0, 0, 0, 0, 0, 0, 0, 0, 0, 0, 0, 0, 0, 0, 0, 0, 0, 0, 0, 0, 0, 0]

decode|10010.35|47941.09| op = [105, 105, 107, 102]| tp = [1, 1, 1, 1, ] | dp = [2, 2, 2, 2, ] | algo = [0, 0, 0, 0, ] | rc = [34, 28, 18, 12] | gpus = [2, 2, 2, 2] | micro_bs = 8 | time = [9982, 9724, 9809, 10010] | memory = [47508, 47859, 47293, 47941]
验证解
line465:max stage:3, min stage:1, max_value:10010.353851695905, min_value:9724.12137506398
fix|9986.50|47941.09| op = [105, 106, 107, 101]| tp = [1, 1, 1, 1, ] | dp = [2, 2, 2, 2, ] | algo = [0, 0, 0, 0, ] | rc = [34, 26, 23, 10] | gpus = [2, 2, 2, 2] | micro_bs = 8 | time = [9984, 9811, 9986, 9821] | memory = [47508, 46407, 47425, 47941]
best|9986.50|47941.09| op = [105, 106, 107, 101]| tp = [1, 1, 1, 1, ] | dp = [2, 2, 2, 2, ] | algo = [0, 0, 0, 0, ] | rc = [34, 26, 23, 10] | gpus = [2, 2, 2, 2] | micro_bs = 8 | time = [9984, 9811, 9986, 9821] | memory = [47508, 46407, 47425, 47941]
line146:config.memory_list:[47508.09200000005, 46407.162000000055, 47425.984000000026, 47941.09400000001]
line147:config.time_list:[9984.906654045706, 9811.321973725479, 9986.499461175039, 9821.629332220844]
求解成功
config has been saved to /home/liminglong.lml/sxz/SuperScaler/logs-large/aceso/configs/mbs/256/gpt_2_6B_4stages_2026-5-15-13-23-15.json

========== Best Result (num_stages = 4) ==========
|9986.50|47941.09| op = [105, 106, 107, 101]| tp = [1, 1, 1, 1, ] | dp = [2, 2, 2, 2, ] | algo = [0, 0, 0, 0, ] | rc = [34, 26, 23, 10] | gpus = [2, 2, 2, 2] | micro_bs = 8 | time = [9984, 9811, 9986, 9821] | memory = [47508, 46407, 47425, 47941]
start|10124.80|47861.09| op = [105, 105, 105, 104]| tp = [1, 1, 1, 1, ] | dp = [2, 2, 2, 2, ] | algo = [0, 0, 0, 0, ] | rc = [34, 28, 16, 14] | gpus = [2, 2, 2, 2] | micro_bs = 8 | time = [9974, 9716, 9434, 10124] | memory = [47508, 47859, 46269, 47861]
fix|10138.77|47941.09| op = [105, 105, 106, 103]| tp = [1, 1, 1, 1, ] | dp = [2, 2, 2, 2, ] | algo = [0, 0, 0, 0, ] | rc = [34, 28, 18, 13] | gpus = [2, 2, 2, 2] | micro_bs = 8 | time = [9983, 9725, 9720, 10138] | memory = [47508, 47859, 47293, 47941]
fix|10010.35|47941.09| op = [105, 105, 107, 102]| tp = [1, 1, 1, 1, ] | dp = [2, 2, 2, 2, ] | algo = [0, 0, 0, 0, ] | rc = [34, 28, 18, 12] | gpus = [2, 2, 2, 2] | micro_bs = 8 | time = [9982, 9724, 9809, 10010] | memory = [47508, 47859, 47293, 47941]
best|10010.35|47941.09| op = [105, 105, 107, 102]| tp = [1, 1, 1, 1, ] | dp = [2, 2, 2, 2, ] | algo = [0, 0, 0, 0, ] | rc = [34, 28, 18, 12] | gpus = [2, 2, 2, 2] | micro_bs = 8 | time = [9982, 9724, 9809, 10010] | memory = [47508, 47859, 47293, 47941]
decode|10010.35|47941.09| op = [105, 105, 107, 102]| tp = [1, 1, 1, 1, ] | dp = [2, 2, 2, 2, ] | algo = [0, 0, 0, 0, ] | rc = [34, 28, 18, 12] | gpus = [2, 2, 2, 2] | micro_bs = 8 | time = [9982, 9724, 9809, 10010] | memory = [47508, 47859, 47293, 47941]
fix|9986.50|47941.09| op = [105, 106, 107, 101]| tp = [1, 1, 1, 1, ] | dp = [2, 2, 2, 2, ] | algo = [0, 0, 0, 0, ] | rc = [34, 26, 23, 10] | gpus = [2, 2, 2, 2] | micro_bs = 8 | time = [9984, 9811, 9986, 9821] | memory = [47508, 46407, 47425, 47941]
best|9986.50|47941.09| op = [105, 106, 107, 101]| tp = [1, 1, 1, 1, ] | dp = [2, 2, 2, 2, ] | algo = [0, 0, 0, 0, ] | rc = [34, 26, 23, 10] | gpus = [2, 2, 2, 2] | micro_bs = 8 | time = [9984, 9811, 9986, 9821] | memory = [47508, 46407, 47425, 47941]

num_targets: []
num_hops: []
search time = 0.00 s.  [0] 
num_explored_cases = 0
time trend: [10124]

stage 4 search time: 0.54 s
working on num_stages = 5
start|11416.92|47877.20| op = [105, 105, 105, 52, 52]| tp = [1, 1, 1, 1, 1, ] | dp = [2, 2, 2, 1, 1, ] | algo = [0, 0, 0, 0, 0, ] | rc = [40, 30, 26, 10, 8] | gpus = [2, 2, 2, 1, 1] | micro_bs = 8 | time = [10502, 10113, 10113, 9669, 11416] | memory = [47633, 46788, 46406, 46786, 47877]
line465:max stage:4, min stage:3, max_value:11416.917444757779, min_value:9669.446505035341
fix|11585.62|47717.20| op = [105, 105, 105, 53, 51]| tp = [1, 1, 1, 1, 1, ] | dp = [2, 2, 2, 1, 1, ] | algo = [0, 0, 0, 0, 0, ] | rc = [40, 30, 26, 12, 9] | gpus = [2, 2, 2, 1, 1] | micro_bs = 8 | time = [10524, 10135, 10135, 10246, 11585] | memory = [47633, 46788, 46406, 46786, 47717]
cv:0.05212871655339595
line465:max stage:4, min stage:1, max_value:11585.621875650771, min_value:10135.765282644024
fix|11343.93|47717.20| op = [105, 106, 105, 53, 50]| tp = [1, 1, 1, 1, 1, ] | dp = [2, 2, 2, 1, 1, ] | algo = [0, 0, 0, 0, 0, ] | rc = [40, 30, 28, 13, 8] | gpus = [2, 2, 2, 1, 1] | micro_bs = 8 | time = [10536, 10297, 10292, 10583, 11343] | memory = [47633, 47568, 45986, 46466, 47717]
cv:0.036326068780788055
line465:max stage:4, min stage:2, max_value:11343.930074538048, min_value:10292.61037911742
fix|10966.34|47717.20| op = [105, 106, 106, 53, 49]| tp = [1, 1, 1, 1, 1, ] | dp = [2, 2, 2, 1, 1, ] | algo = [0, 0, 0, 0, 0, ] | rc = [40, 30, 28, 17, 6] | gpus = [2, 2, 2, 1, 1] | micro_bs = 8 | time = [10539, 10300, 10384, 10947, 10966] | memory = [47633, 47568, 45986, 47490, 47717]
cv:0.026310496608660694
line465:max stage:4, min stage:1, max_value:10966.341351538047, min_value:10300.175461667857
fix|10735.60|47633.12| op = [105, 107, 106, 53, 48]| tp = [1, 1, 1, 1, 1, ] | dp = [2, 2, 2, 1, 1, ] | algo = [0, 0, 0, 0, 0, ] | rc = [40, 32, 34, 12, 0] | gpus = [2, 2, 2, 1, 1] | micro_bs = 8 | time = [10509, 10547, 10735, 10212, 10054] | memory = [47633, 47568, 46514, 46626, 45909]
cv:0.02351886773146644
line465:max stage:2, min stage:4, max_value:10735.600535570786, min_value:10054.872768435689
fix|10979.77|47858.98| op = [105, 107, 105, 53, 49]| tp = [1, 1, 1, 1, 1, ] | dp = [2, 2, 2, 1, 1, ] | algo = [0, 0, 0, 0, 0, ] | rc = [40, 32, 31, 17, 6] | gpus = [2, 2, 2, 1, 1] | micro_bs = 8 | time = [10552, 10591, 10536, 10960, 10979] | memory = [47633, 47568, 47858, 47490, 47717]
cv:0.018808941556363968
line465:max stage:4, min stage:2, max_value:10979.773104511625, min_value:10536.906110181444
fix|23526.99|51344.25| op = [105, 107, 106, 53, 48]| tp = [1, 1, 1, 1, 2, ] | dp = [2, 2, 1, 1, 1, ] | algo = [0, 0, 0, 0, 0, ] | rc = [40, 32, 106, 12, 0] | gpus = [2, 2, 1, 1, 2] | micro_bs = 8 | time = [10953, 10991, 23526, 10656, 11920] | memory = [47633, 47568, 51344, 46626, 24155]
line465:max stage:2, min stage:4, max_value:51344.25, min_value:24155.203
fix|22052.81|47790.00| op = [105, 107, 105, 53, 49]| tp = [1, 1, 2, 1, 1, ] | dp = [2, 2, 1, 1, 1, ] | algo = [0, 0, 0, 0, 0, ] | rc = [40, 32, 29, 17, 6] | gpus = [2, 2, 2, 1, 1] | micro_bs = 8 | time = [10912, 10950, 22052, 11320, 11339] | memory = [47633, 47568, 47790, 47490, 47717]
cv:0.3283790414385002
line465:max stage:2, min stage:0, max_value:22052.80676906464, min_value:10912.377132551765
fix|21924.51|47833.43| op = [106, 107, 104, 53, 49]| tp = [1, 1, 2, 1, 1, ] | dp = [2, 2, 1, 1, 1, ] | algo = [0, 0, 0, 0, 0, ] | rc = [40, 32, 28, 17, 6] | gpus = [2, 2, 2, 1, 1] | micro_bs = 8 | time = [10927, 11033, 21924, 11319, 11338] | memory = [47833, 47567, 47790, 47490, 47717]
cv:0.3239006450689005
line465:max stage:2, min stage:0, max_value:21924.51363494996, min_value:10927.905799659638
fix|21753.87|47933.43| op = [107, 107, 103, 53, 49]| tp = [1, 1, 2, 1, 1, ] | dp = [2, 2, 1, 1, 1, ] | algo = [0, 0, 0, 0, 0, ] | rc = [42, 49, 26, 17, 6] | gpus = [2, 2, 2, 1, 1] | micro_bs = 8 | time = [11166, 11637, 21753, 11339, 11358] | memory = [47933, 47747, 47790, 47490, 47717]
cv:0.30882701515894867
line465:max stage:2, min stage:0, max_value:21753.866407474896, min_value:11166.70729332114
fix|21467.05|47773.43| op = [108, 107, 102, 53, 49]| tp = [1, 1, 2, 1, 1, ] | dp = [2, 2, 1, 1, 1, ] | algo = [0, 0, 0, 0, 0, ] | rc = [54, 35, 24, 17, 6] | gpus = [2, 2, 2, 1, 1] | micro_bs = 8 | time = [11880, 11140, 21467, 11337, 11356] | memory = [47773, 46947, 47670, 47490, 47717]
cv:0.29940416169957934
line465:max stage:2, min stage:1, max_value:21467.050922187234, min_value:11140.28686213187
fix|21068.75|47773.43| op = [108, 108, 101, 53, 49]| tp = [1, 1, 2, 1, 1, ] | dp = [2, 2, 1, 1, 1, ] | algo = [0, 0, 0, 0, 0, ] | rc = [54, 35, 24, 17, 6] | gpus = [2, 2, 2, 1, 1] | micro_bs = 8 | time = [11869, 11169, 21068, 11325, 11345] | memory = [47773, 47207, 47500, 47490, 47717]
cv:0.28929305886715173
line465:max stage:2, min stage:1, max_value:21068.749340063518, min_value:11169.509754551684
fix|21037.11|47773.43| op = [108, 109, 100, 53, 49]| tp = [1, 1, 2, 1, 1, ] | dp = [2, 2, 1, 1, 1, ] | algo = [0, 0, 0, 0, 0, ] | rc = [54, 35, 24, 17, 6] | gpus = [2, 2, 2, 1, 1] | micro_bs = 8 | time = [11868, 11174, 21037, 11325, 11344] | memory = [47773, 47447, 46900, 47490, 47717]
cv:0.288442108580906
line465:max stage:2, min stage:1, max_value:21037.113329338692, min_value:11174.9223079696
fix|21025.07|47773.43| op = [108, 110, 99, 53, 49]| tp = [1, 1, 2, 1, 1, ] | dp = [2, 2, 1, 1, 1, ] | algo = [0, 0, 0, 0, 0, ] | rc = [54, 35, 24, 17, 6] | gpus = [2, 2, 2, 1, 1] | micro_bs = 8 | time = [11868, 11191, 21025, 11325, 11344] | memory = [47773, 47608, 46899, 47490, 47717]
cv:0.28791467780551644
line465:max stage:2, min stage:1, max_value:21025.066986680384, min_value:11191.716433397281
fix|20530.18|47773.43| op = [108, 111, 98, 53, 49]| tp = [1, 1, 2, 1, 1, ] | dp = [2, 2, 1, 1, 1, ] | algo = [0, 0, 0, 0, 0, ] | rc = [54, 39, 24, 17, 6] | gpus = [2, 2, 2, 1, 1] | micro_bs = 8 | time = [11862, 11497, 20530, 11319, 11338] | memory = [47773, 47368, 46459, 47490, 47717]
cv:0.271642810978124
line465:max stage:2, min stage:3, max_value:20530.17730710256, min_value:11319.60122558533
fix|20445.65|47773.43| op = [108, 111, 97, 54, 49]| tp = [1, 1, 2, 1, 1, ] | dp = [2, 2, 1, 1, 1, ] | algo = [0, 0, 0, 0, 0, ] | rc = [54, 39, 24, 18, 6] | gpus = [2, 2, 2, 1, 1] | micro_bs = 8 | time = [11868, 11502, 20445, 11578, 11344] | memory = [47773, 47368, 46459, 47490, 47717]
cv:0.26618900780088417
line465:max stage:2, min stage:4, max_value:20445.650892102563, min_value:11344.160941165866
fix|20148.02|47773.43| op = [108, 111, 96, 54, 50]| tp = [1, 1, 2, 1, 1, ] | dp = [2, 2, 1, 1, 1, ] | algo = [0, 0, 0, 0, 0, ] | rc = [54, 39, 22, 12, 8] | gpus = [2, 2, 2, 1, 1] | micro_bs = 8 | time = [11846, 11481, 20148, 10796, 11702] | memory = [47773, 47368, 46459, 46786, 47717]
cv:0.2648822219394594
line465:max stage:2, min stage:3, max_value:20148.017201260882, min_value:10796.22866710019
fix|20820.43|47773.43| op = [108, 111, 95, 55, 50]| tp = [1, 1, 2, 1, 1, ] | dp = [2, 2, 1, 1, 1, ] | algo = [0, 0, 0, 0, 0, ] | rc = [54, 39, 26, 12, 8] | gpus = [2, 2, 2, 1, 1] | micro_bs = 8 | time = [11876, 11510, 20820, 11086, 11731] | memory = [47773, 47368, 47581, 47246, 47717]
cv:0.2773061100821252
line465:max stage:2, min stage:3, max_value:20820.427688778396, min_value:11086.26497003289
fix|20375.60|47821.28| op = [108, 111, 94, 56, 50]| tp = [1, 1, 2, 1, 1, ] | dp = [2, 2, 1, 1, 1, ] | algo = [0, 0, 0, 0, 0, ] | rc = [54, 39, 24, 12, 8] | gpus = [2, 2, 2, 1, 1] | micro_bs = 8 | time = [11862, 11496, 20375, 11084, 11718] | memory = [47773, 47368, 47821, 47246, 47717]
cv:0.26629211199123165
line465:max stage:2, min stage:3, max_value:20375.604844116897, min_value:11084.81863337139
fix|19949.43|47941.28| op = [108, 111, 93, 57, 50]| tp = [1, 1, 2, 1, 1, ] | dp = [2, 2, 1, 1, 1, ] | algo = [0, 0, 0, 0, 0, ] | rc = [54, 39, 22, 12, 8] | gpus = [2, 2, 2, 1, 1] | micro_bs = 8 | time = [11850, 11484, 19949, 11103, 11706] | memory = [47773, 47368, 47941, 47646, 47717]
cv:0.2553045233176092
line465:max stage:2, min stage:3, max_value:19949.43289481407, min_value:11103.26285106856
fix|19064.86|47981.28| op = [108, 111, 92, 58, 50]| tp = [1, 1, 2, 1, 1, ] | dp = [2, 2, 1, 1, 1, ] | algo = [0, 0, 0, 0, 0, ] | rc = [54, 39, 20, 16, 8] | gpus = [2, 2, 2, 1, 1] | micro_bs = 8 | time = [11841, 11475, 19064, 11697, 11697] | memory = [47773, 47368, 47981, 47406, 47717]
cv:0.2247848407620529
line465:max stage:2, min stage:1, max_value:19064.859006735165, min_value:11475.68890434366
fix|19044.48|47773.43| op = [108, 112, 91, 58, 50]| tp = [1, 1, 2, 1, 1, ] | dp = [2, 2, 1, 1, 1, ] | algo = [0, 0, 0, 0, 0, ] | rc = [54, 41, 20, 16, 8] | gpus = [2, 2, 2, 1, 1] | micro_bs = 8 | time = [11843, 11569, 19044, 11699, 11699] | memory = [47773, 47368, 47501, 47406, 47717]
cv:0.22305397860737933
line465:max stage:2, min stage:1, max_value:19044.475345994997, min_value:11569.274583869803
fix|18533.28|47928.22| op = [108, 113, 90, 58, 50]| tp = [1, 1, 2, 1, 1, ] | dp = [2, 2, 1, 1, 1, ] | algo = [0, 0, 0, 0, 0, ] | rc = [54, 41, 20, 16, 8] | gpus = [2, 2, 2, 1, 1] | micro_bs = 8 | time = [11832, 11699, 18533, 11687, 11687] | memory = [47773, 47928, 46821, 47406, 47717]
cv:0.20806603350029435
line465:max stage:2, min stage:3, max_value:18533.281008696125, min_value:11687.815754710211
fix|18514.64|47928.22| op = [108, 113, 89, 59, 50]| tp = [1, 1, 2, 1, 1, ] | dp = [2, 2, 1, 1, 1, ] | algo = [0, 0, 0, 0, 0, ] | rc = [54, 41, 20, 18, 8] | gpus = [2, 2, 2, 1, 1] | micro_bs = 8 | time = [11835, 11703, 18514, 11836, 11691] | memory = [47773, 47928, 46341, 47406, 47717]
cv:0.2058316946952638
line465:max stage:2, min stage:4, max_value:18514.635896401993, min_value:11691.925517335445
fix|18061.71|47966.25| op = [108, 113, 88, 59, 51]| tp = [1, 1, 2, 1, 1, ] | dp = [2, 2, 1, 1, 1, ] | algo = [0, 0, 0, 0, 0, ] | rc = [54, 41, 22, 18, 9] | gpus = [2, 2, 2, 1, 1] | micro_bs = 8 | time = [11833, 11700, 18061, 11964, 11943] | memory = [47773, 47928, 47773, 47966, 47717]
cv:0.18946737279073844
line465:max stage:2, min stage:1, max_value:18061.712637739354, min_value:11700.838775464514
fix|17962.70|47966.25| op = [108, 114, 87, 59, 51]| tp = [1, 1, 2, 1, 1, ] | dp = [2, 2, 1, 1, 1, ] | algo = [0, 0, 0, 0, 0, ] | rc = [54, 43, 20, 18, 9] | gpus = [2, 2, 2, 1, 1] | micro_bs = 8 | time = [11833, 11774, 17962, 11964, 11942] | memory = [47773, 47528, 47653, 47966, 47717]
cv:0.18591348178395004
line465:max stage:2, min stage:1, max_value:17962.69830901453, min_value:11774.966575882427
fix|17950.64|47966.25| op = [108, 115, 86, 59, 51]| tp = [1, 1, 2, 1, 1, ] | dp = [2, 2, 1, 1, 1, ] | algo = [0, 0, 0, 0, 0, ] | rc = [54, 43, 20, 18, 9] | gpus = [2, 2, 2, 1, 1] | micro_bs = 8 | time = [11833, 11791, 17950, 11964, 11942] | memory = [47773, 47688, 47652, 47966, 47717]
cv:0.18539191195741703
line465:max stage:2, min stage:1, max_value:17950.63689935622, min_value:11791.510778310108
fix|17396.53|47966.25| op = [108, 116, 85, 59, 51]| tp = [1, 1, 2, 1, 1, ] | dp = [2, 2, 1, 1, 1, ] | algo = [0, 0, 0, 0, 0, ] | rc = [54, 45, 18, 18, 9] | gpus = [2, 2, 2, 1, 1] | micro_bs = 8 | time = [11822, 12000, 17396, 11953, 11932] | memory = [47773, 47828, 47742, 47966, 47717]
cv:0.16807593037475674
line465:max stage:2, min stage:0, max_value:17396.52911467139, min_value:11822.701524343514
fix|17478.38|47966.25| op = [109, 116, 84, 59, 51]| tp = [1, 1, 2, 1, 1, ] | dp = [2, 2, 1, 1, 1, ] | algo = [0, 0, 0, 0, 0, ] | rc = [44, 58, 19, 18, 9] | gpus = [2, 2, 2, 1, 1] | micro_bs = 8 | time = [11483, 12569, 17478, 11962, 11941] | memory = [47933, 47644, 47502, 47966, 47717]
cv:0.16983717216642008
line465:max stage:2, min stage:0, max_value:17478.381273124312, min_value:11483.231893297996
fix|17360.61|47966.25| op = [110, 116, 83, 59, 51]| tp = [1, 1, 2, 1, 1, ] | dp = [2, 2, 1, 1, 1, ] | algo = [0, 0, 0, 0, 0, ] | rc = [76, 44, 18, 18, 9] | gpus = [2, 2, 2, 1, 1] | micro_bs = 8 | time = [12429, 12067, 17360, 11972, 11950] | memory = [47770, 47828, 47502, 47966, 47717]
cv:0.160315007099249
line465:max stage:2, min stage:4, max_value:17360.607384124316, min_value:11950.981191398394
fix|17307.41|47966.50| op = [110, 116, 82, 59, 52]| tp = [1, 1, 2, 1, 1, ] | dp = [2, 2, 1, 1, 1, ] | algo = [0, 0, 0, 0, 0, ] | rc = [76, 44, 18, 16, 8] | gpus = [2, 2, 2, 1, 1] | micro_bs = 8 | time = [12406, 12044, 17307, 11407, 11781] | memory = [47770, 47828, 47262, 47966, 47877]
cv:0.16809745816794353
line465:max stage:2, min stage:3, max_value:17307.408964711725, min_value:11407.316593798098
fix|17286.63|47877.20| op = [110, 116, 81, 60, 52]| tp = [1, 1, 2, 1, 1, ] | dp = [2, 2, 1, 1, 1, ] | algo = [0, 0, 0, 0, 0, ] | rc = [76, 44, 18, 12, 8] | gpus = [2, 2, 2, 1, 1] | micro_bs = 8 | time = [12398, 12036, 17286, 11171, 11773] | memory = [47770, 47828, 46902, 46190, 47877]
cv:0.17111291178461024
line465:max stage:2, min stage:3, max_value:17286.632973408894, min_value:11171.377011495268
fix|16887.92|47877.20| op = [110, 116, 80, 61, 52]| tp = [1, 1, 2, 1, 1, ] | dp = [2, 2, 1, 1, 1, ] | algo = [0, 0, 0, 0, 0, ] | rc = [76, 44, 18, 12, 8] | gpus = [2, 2, 2, 1, 1] | micro_bs = 8 | time = [12389, 12026, 16887, 11241, 11763] | memory = [47770, 47828, 46612, 46450, 47877]
cv:0.1591901042323907
line465:max stage:2, min stage:3, max_value:16887.922806880073, min_value:11241.461036194187
fix|17069.05|47877.20| op = [110, 116, 79, 62, 52]| tp = [1, 1, 2, 1, 1, ] | dp = [2, 2, 1, 1, 1, ] | algo = [0, 0, 0, 0, 0, ] | rc = [76, 44, 21, 14, 8] | gpus = [2, 2, 2, 1, 1] | micro_bs = 8 | time = [12412, 12050, 17069, 11841, 11787] | memory = [47770, 47828, 47260, 46610, 47877]
cv:0.15578293267827065
line465:max stage:2, min stage:4, max_value:17069.04663969739, min_value:11787.665256592572
fix|16780.27|47937.20| op = [110, 116, 78, 62, 53]| tp = [1, 1, 2, 1, 1, ] | dp = [2, 2, 1, 1, 1, ] | algo = [0, 0, 0, 0, 0, ] | rc = [76, 44, 16, 22, 10] | gpus = [2, 2, 2, 1, 1] | micro_bs = 8 | time = [12430, 12068, 16780, 12332, 12201] | memory = [47770, 47828, 46492, 47366, 47937]
cv:0.13772804777215267
line465:max stage:2, min stage:1, max_value:16780.269603837816, min_value:12068.717380544724
fix|16616.50|47937.20| op = [110, 117, 77, 62, 53]| tp = [1, 1, 2, 1, 1, ] | dp = [2, 2, 1, 1, 1, ] | algo = [0, 0, 0, 0, 0, ] | rc = [76, 80, 14, 22, 10] | gpus = [2, 2, 2, 1, 1] | micro_bs = 8 | time = [12457, 13111, 16616, 12359, 12228] | memory = [47770, 46682, 46492, 47366, 47937]
cv:0.12423980164407594
line465:max stage:2, min stage:4, max_value:16616.49680183782, min_value:12228.02387440963
fix|16527.05|47937.33| op = [110, 117, 76, 62, 54]| tp = [1, 1, 2, 1, 1, ] | dp = [2, 2, 1, 1, 1, ] | algo = [0, 0, 0, 0, 0, ] | rc = [76, 80, 14, 21, 10] | gpus = [2, 2, 2, 1, 1] | micro_bs = 8 | time = [12457, 13111, 16527, 12448, 12240] | memory = [47770, 46682, 46492, 47846, 47937]
cv:0.12067314581441052
line465:max stage:2, min stage:4, max_value:16527.04809931288, min_value:12240.459546748132
fix|16241.92|47926.25| op = [110, 117, 75, 62, 55]| tp = [1, 1, 2, 1, 1, ] | dp = [2, 2, 1, 1, 1, ] | algo = [0, 0, 0, 0, 0, ] | rc = [76, 80, 12, 20, 12] | gpus = [2, 2, 2, 1, 1] | micro_bs = 8 | time = [12449, 13103, 16241, 12280, 12397] | memory = [47770, 46682, 46492, 47926, 47817]
cv:0.11293767417778616
line465:max stage:2, min stage:3, max_value:16241.916799664963, min_value:12280.580983379627
fix|15737.88|47817.33| op = [110, 117, 74, 63, 55]| tp = [1, 1, 2, 1, 1, ] | dp = [2, 2, 1, 1, 1, ] | algo = [0, 0, 0, 0, 0, ] | rc = [76, 80, 12, 16, 12] | gpus = [2, 2, 2, 1, 1] | micro_bs = 8 | time = [12433, 13087, 15737, 12266, 12381] | memory = [47770, 46682, 45982, 46210, 47817]
cv:0.0993805911158131
line465:max stage:2, min stage:3, max_value:15737.87884318248, min_value:12266.736847312328
fix|15632.74|47817.33| op = [110, 117, 73, 64, 55]| tp = [1, 1, 2, 1, 1, ] | dp = [2, 2, 1, 1, 1, ] | algo = [0, 0, 0, 0, 0, ] | rc = [76, 80, 10, 16, 12] | gpus = [2, 2, 2, 1, 1] | micro_bs = 8 | time = [12430, 13084, 15632, 12275, 12378] | memory = [47770, 46682, 47790, 46210, 47817]
cv:0.09638066290956579
line465:max stage:2, min stage:3, max_value:15632.742750520982, min_value:12275.905721650828
fix|15620.77|47817.33| op = [110, 117, 72, 65, 55]| tp = [1, 1, 2, 1, 1, ] | dp = [2, 2, 1, 1, 1, ] | algo = [0, 0, 0, 0, 0, ] | rc = [76, 80, 10, 16, 12] | gpus = [2, 2, 2, 1, 1] | micro_bs = 8 | time = [12431, 13085, 15620, 12307, 12379] | memory = [47770, 46682, 47430, 46610, 47817]
cv:0.09565522043316783
line465:max stage:2, min stage:3, max_value:15620.77387321815, min_value:12307.293785347996
fix|15141.71|47817.33| op = [110, 117, 71, 66, 55]| tp = [1, 1, 2, 1, 1, ] | dp = [2, 2, 1, 1, 1, ] | algo = [0, 0, 0, 0, 0, ] | rc = [76, 80, 10, 16, 12] | gpus = [2, 2, 2, 1, 1] | micro_bs = 8 | time = [12426, 13080, 15141, 12635, 12374] | memory = [47770, 46682, 46990, 47650, 47817]
cv:0.07883549671596338
line465:max stage:2, min stage:4, max_value:15141.709647139249, min_value:12374.728500837806
fix|15132.21|47817.08| op = [110, 117, 70, 66, 56]| tp = [1, 1, 2, 1, 1, ] | dp = [2, 2, 1, 1, 1, ] | algo = [0, 0, 0, 0, 0, ] | rc = [76, 80, 10, 16, 23] | gpus = [2, 2, 2, 1, 1] | micro_bs = 8 | time = [12439, 13093, 15132, 12423, 13042] | memory = [47770, 46682, 46510, 47730, 47817]
cv:0.07521176760451864
line465:max stage:2, min stage:3, max_value:15132.21489187905, min_value:12423.104026620804
fix|14614.55|47817.08| op = [110, 117, 69, 67, 56]| tp = [1, 1, 2, 1, 1, ] | dp = [2, 2, 1, 1, 1, ] | algo = [0, 0, 0, 0, 0, ] | rc = [76, 80, 10, 18, 23] | gpus = [2, 2, 2, 1, 1] | micro_bs = 8 | time = [12436, 13090, 14614, 12829, 13039] | memory = [47770, 46682, 45830, 47650, 47817]
cv:0.05627269671807083
line465:max stage:2, min stage:0, max_value:14614.55416221641, min_value:12436.251479390092
fix|14325.83|47817.08| op = [111, 117, 68, 67, 56]| tp = [1, 1, 2, 1, 1, ] | dp = [2, 2, 1, 1, 1, ] | algo = [0, 0, 0, 0, 0, ] | rc = [48, 36, 10, 18, 23] | gpus = [2, 2, 2, 1, 1] | micro_bs = 8 | time = [11639, 11586, 14325, 12753, 12963] | memory = [47333, 46932, 42638, 47650, 47817]
cv:0.07958328281582858
line465:max stage:2, min stage:1, max_value:14325.825353456647, min_value:11586.016918411271
fix|13927.52|47817.08| op = [111, 118, 67, 67, 56]| tp = [1, 1, 2, 1, 1, ] | dp = [2, 2, 1, 1, 1, ] | algo = [0, 0, 0, 0, 0, ] | rc = [48, 36, 10, 18, 23] | gpus = [2, 2, 2, 1, 1] | micro_bs = 8 | time = [11628, 11615, 13927, 12741, 12951] | memory = [47333, 47192, 42468, 47650, 47817]
cv:0.06948993685616672
line465:max stage:2, min stage:1, max_value:13927.523771332933, min_value:11615.239810831083
fix|13895.89|47817.08| op = [111, 119, 66, 67, 56]| tp = [1, 1, 2, 1, 1, ] | dp = [2, 2, 1, 1, 1, ] | algo = [0, 0, 0, 0, 0, ] | rc = [48, 36, 10, 18, 23] | gpus = [2, 2, 2, 1, 1] | micro_bs = 8 | time = [11627, 11620, 13895, 12741, 12951] | memory = [47333, 47432, 41868, 47650, 47817]
cv:0.06865483248444877
line465:max stage:2, min stage:1, max_value:13895.887760608108, min_value:11620.652364248997
fix|13883.84|47817.08| op = [111, 120, 65, 67, 56]| tp = [1, 1, 2, 1, 1, ] | dp = [2, 2, 1, 1, 1, ] | algo = [0, 0, 0, 0, 0, ] | rc = [48, 36, 10, 18, 23] | gpus = [2, 2, 2, 1, 1] | micro_bs = 8 | time = [11627, 11637, 13883, 12741, 12951] | memory = [47333, 47592, 41867, 47650, 47817]
cv:0.0680611389930818
line465:max stage:2, min stage:0, max_value:13883.841417949801, min_value:11627.58040113347
fix|13386.73|47817.08| op = [112, 120, 64, 67, 56]| tp = [1, 1, 2, 1, 1, ] | dp = [2, 2, 1, 1, 1, ] | algo = [0, 0, 0, 0, 0, ] | rc = [48, 38, 10, 18, 23] | gpus = [2, 2, 2, 1, 1] | micro_bs = 8 | time = [11660, 11831, 13386, 12733, 12943] | memory = [47633, 47732, 41427, 47650, 47817]
cv:0.052887531235379225
line465:max stage:2, min stage:0, max_value:13386.734063735732, min_value:11660.028419846727
fix|13363.79|47972.71| op = [113, 120, 63, 67, 56]| tp = [1, 1, 2, 1, 1, ] | dp = [2, 2, 1, 1, 1, ] | algo = [0, 0, 0, 0, 0, ] | rc = [48, 38, 10, 18, 23] | gpus = [2, 2, 2, 1, 1] | micro_bs = 8 | time = [11665, 11837, 13363, 12733, 12942] | memory = [47933, 47972, 40947, 47650, 47817]
cv:0.052196933685353296
line465:max stage:2, min stage:0, max_value:13363.794053746486, min_value:11665.8975172305
fix|12936.13|47892.46| op = [114, 120, 62, 67, 56]| tp = [1, 1, 2, 1, 1, ] | dp = [2, 2, 1, 1, 1, ] | algo = [0, 0, 0, 0, 0, ] | rc = [50, 40, 10, 18, 23] | gpus = [2, 2, 2, 1, 1] | micro_bs = 8 | time = [11744, 12034, 12857, 12726, 12936] | memory = [47333, 47892, 40267, 47650, 47817]
cv:0.03846879308882893
line465:max stage:4, min stage:0, max_value:12936.131418404651, min_value:11744.513706149759
fix|13338.09|47817.33| op = [115, 120, 62, 67, 55]| tp = [1, 1, 2, 1, 1, ] | dp = [2, 2, 1, 1, 1, ] | algo = [0, 0, 0, 0, 0, ] | rc = [52, 40, 10, 18, 12] | gpus = [2, 2, 2, 1, 1] | micro_bs = 8 | time = [11983, 11877, 13338, 12707, 12278] | memory = [47733, 47572, 40347, 47650, 47817]
cv:0.0429822211484728
line465:max stage:2, min stage:1, max_value:13338.092052065367, min_value:11877.35234883795
fix|13326.03|47817.33| op = [115, 121, 61, 67, 55]| tp = [1, 1, 2, 1, 1, ] | dp = [2, 2, 1, 1, 1, ] | algo = [0, 0, 0, 0, 0, ] | rc = [52, 40, 10, 18, 12] | gpus = [2, 2, 2, 1, 1] | micro_bs = 8 | time = [11983, 11893, 13326, 12707, 12278] | memory = [47733, 47732, 40347, 47650, 47817]
cv:0.04237399775878043
line465:max stage:2, min stage:1, max_value:13326.03064240706, min_value:11893.896551265634
fix|12841.70|47872.79| op = [115, 122, 60, 67, 55]| tp = [1, 1, 2, 1, 1, ] | dp = [2, 2, 1, 1, 1, ] | algo = [0, 0, 0, 0, 0, ] | rc = [52, 42, 10, 18, 12] | gpus = [2, 2, 2, 1, 1] | micro_bs = 8 | time = [11975, 12096, 12841, 12698, 12269] | memory = [47733, 47872, 39957, 47650, 47817]
cv:0.02730974868415836
line465:max stage:2, min stage:0, max_value:12841.702516722222, min_value:11975.352115299038
fix|12901.99|47817.33| op = [116, 122, 59, 67, 55]| tp = [1, 1, 2, 1, 1, ] | dp = [2, 2, 1, 1, 1, ] | algo = [0, 0, 0, 0, 0, ] | rc = [54, 55, 10, 18, 12] | gpus = [2, 2, 2, 1, 1] | micro_bs = 8 | time = [12091, 12775, 12901, 12723, 12294] | memory = [47733, 47488, 39717, 47650, 47817]
cv:0.024667537743357996
line465:max stage:2, min stage:0, max_value:12901.989927499839, min_value:12091.916963110834
fix|12796.41|47853.74| op = [117, 122, 58, 67, 55]| tp = [1, 1, 2, 1, 1, ] | dp = [2, 2, 1, 1, 1, ] | algo = [0, 0, 0, 0, 0, ] | rc = [55, 40, 10, 18, 12] | gpus = [2, 2, 2, 1, 1] | micro_bs = 8 | time = [12271, 12165, 12796, 12708, 12279] | memory = [47853, 47472, 39717, 47650, 47817]
cv:0.02059502008478368
line465:max stage:2, min stage:1, max_value:12796.405355710354, min_value:12165.637345354577
fix|13340.73|47853.74| op = [117, 123, 57, 67, 55]| tp = [1, 1, 2, 1, 1, ] | dp = [2, 2, 1, 1, 1, ] | algo = [0, 0, 0, 0, 0, ] | rc = [55, 65, 8, 18, 12] | gpus = [2, 2, 2, 1, 1] | micro_bs = 8 | time = [12302, 13340, 12636, 12738, 12309] | memory = [47853, 47848, 39717, 47650, 47817]
cv:0.029972218719881722
line465:max stage:1, min stage:0, max_value:13340.725207354579, min_value:12302.164705584355
fix|13269.84|47928.71| op = [118, 122, 57, 67, 55]| tp = [1, 1, 2, 1, 1, ] | dp = [2, 2, 1, 1, 1, ] | algo = [0, 0, 0, 0, 0, ] | rc = [56, 64, 8, 18, 12] | gpus = [2, 2, 2, 1, 1] | micro_bs = 8 | time = [12361, 13269, 12636, 12738, 12309] | memory = [47553, 47928, 39717, 47650, 47817]
cv:0.027131563062529084
line465:max stage:1, min stage:4, max_value:13269.841459744837, min_value:12309.643640426148
fix|12938.20|47817.08| op = [118, 121, 57, 67, 56]| tp = [1, 1, 2, 1, 1, ] | dp = [2, 2, 1, 1, 1, ] | algo = [0, 0, 0, 0, 0, ] | rc = [56, 38, 10, 18, 23] | gpus = [2, 2, 2, 1, 1] | micro_bs = 8 | time = [12335, 12084, 12286, 12728, 12938] | memory = [47553, 47712, 39037, 47650, 47817]
cv:0.024997824987638164
line465:max stage:4, min stage:1, max_value:12938.201844034133, min_value:12084.48517732691
fix|26770.66|52908.75| op = [118, 122, 57, 67, 55]| tp = [1, 1, 2, 1, 2, ] | dp = [2, 1, 1, 1, 1, ] | algo = [0, 0, 0, 0, 0, ] | rc = [56, 121, 8, 18, 0] | gpus = [2, 1, 2, 1, 2] | micro_bs = 8 | time = [12795, 26770, 13069, 13172, 13112] | memory = [47553, 52908, 39717, 47650, 28033]
line465:max stage:1, min stage:4, max_value:52908.75, min_value:28033.333000000002
best|10735.60|47633.12| op = [105, 107, 106, 53, 48]| tp = [1, 1, 1, 1, 1, ] | dp = [2, 2, 2, 1, 1, ] | algo = [0, 0, 0, 0, 0, ] | rc = [40, 32, 34, 12, 0] | gpus = [2, 2, 2, 1, 1] | micro_bs = 8 | time = [10509, 10547, 10735, 10212, 10054] | memory = [47633, 47568, 46514, 46626, 45909]
line146:config.memory_list:[47633.11500000006, 47568.21600000007, 46514.97600000004, 46626.0, 45909.203]
line147:config.time_list:[10509.152840351002, 10547.717202121223, 10735.600535570786, 10212.718802855157, 10054.872768435689]
------------------------------------------------------------------------------------------------------
cegis_search for the 0th times
开始求解check...
line351:
tp_list[1, 1, 1, 1, 1, 1, 1, 1, 1, 1, 1, 1, 1, 1, 1, 1, 1, 1, 1, 1, 1, 1, 1, 1, 1, 1, 1, 1, 1, 1, 1, 1, 1, 1, 1, 1, 1, 1, 1, 1, 1, 1, 1, 1, 1, 1, 1, 1, 1, 1, 1, 1, 1, 1, 1, 1, 1, 1, 1, 1, 1, 1, 1, 1, 1, 1, 1, 1, 1, 1, 1, 1, 1, 1, 1, 1, 1, 1, 1, 1, 1, 1, 1, 1, 1, 1, 1, 1, 1, 1, 1, 1, 1, 1, 1, 1, 1, 1, 1, 1, 1, 1, 1, 1, 1, 1, 1, 1, 1, 1, 1, 1, 1, 1, 1, 1, 1, 1, 1, 1, 1, 1, 1, 1, 1, 1, 1, 1, 1, 1, 1, 1, 1, 1, 1, 1, 1, 1, 1, 1, 1, 1, 1, 1, 1, 1, 1, 1, 1, 1, 1, 1, 1, 1, 1, 1, 1, 1, 1, 1, 1, 1, 1, 1, 1, 1, 1, 1, 1, 1, 1, 1, 1, 1, 1, 1, 1, 1, 1, 1, 1, 1, 1, 1, 1, 1, 1, 1, 1, 1, 1, 1, 1, 1, 1, 1, 1, 1, 1, 1, 1, 1, 1, 1, 1, 1, 1, 1, 1, 1, 1, 1, 1, 1, 1, 1, 1, 1, 1, 1, 1, 1, 1, 1, 1, 1, 1, 1, 1, 1, 1, 1, 1, 1, 1, 1, 1, 1, 1, 1, 1, 1, 1, 1, 1, 1, 1, 1, 1, 1, 1, 1, 1, 1, 1, 1, 1, 1, 1, 1, 1, 1, 1, 1, 1, 1, 1, 1, 1, 1, 1, 1, 1, 1, 1, 1, 1, 1, 1, 1, 1, 1, 1, 1, 1, 1, 1, 1, 1, 1, 1, 1, 1, 1, 1, 1, 1, 1, 1, 1, 1, 1, 1, 1, 1, 1, 1, 1, 1, 1, 1, 1, 1, 1, 1, 1, 1, 1, 1, 1, 1, 1, 1, 1, 1, 1, 1, 1, 1, 1, 1, 1, 1, 1, 1, 1, 1, 1, 1, 1, 1, 1, 1, 1, 1, 1, 1, 1, 1, 1, 1, 1, 1, 1, 1, 1, 1, 1, 1, 1, 1, 1, 1, 1, 1, 1, 1, 1, 1, 1, 1, 1, 1, 1, 1, 1, 1, 1, 1, 1, 1, 1, 1, 1, 1, 1, 1, 1, 1, 1, 1, 1, 1, 1, 1, 1, 1, 1, 1, 1, 1, 1, 1, 1, 1, 1, 1, 1, 1, 1, 1, 1, 1, 1, 1, 1, 1, 1, 1]
dp_list[2, 2, 2, 2, 2, 2, 2, 2, 2, 2, 2, 2, 2, 2, 2, 2, 2, 2, 2, 2, 2, 2, 2, 2, 2, 2, 2, 2, 2, 2, 2, 2, 2, 2, 2, 2, 2, 2, 2, 2, 2, 2, 2, 2, 2, 2, 2, 2, 2, 2, 2, 2, 2, 2, 2, 2, 2, 2, 2, 2, 2, 2, 2, 2, 2, 2, 2, 2, 2, 2, 2, 2, 2, 2, 2, 2, 2, 2, 2, 2, 2, 2, 2, 2, 2, 2, 2, 2, 2, 2, 2, 2, 2, 2, 2, 2, 2, 2, 2, 2, 2, 2, 2, 2, 2, 2, 2, 2, 2, 2, 2, 2, 2, 2, 2, 2, 2, 2, 2, 2, 2, 2, 2, 2, 2, 2, 2, 2, 2, 2, 2, 2, 2, 2, 2, 2, 2, 2, 2, 2, 2, 2, 2, 2, 2, 2, 2, 2, 2, 2, 2, 2, 2, 2, 2, 2, 2, 2, 2, 2, 2, 2, 2, 2, 2, 2, 2, 2, 2, 2, 2, 2, 2, 2, 2, 2, 2, 2, 2, 2, 2, 2, 2, 2, 2, 2, 2, 2, 2, 2, 2, 2, 2, 2, 2, 2, 2, 2, 2, 2, 2, 2, 2, 2, 2, 2, 2, 2, 2, 2, 2, 2, 2, 2, 2, 2, 2, 2, 2, 2, 2, 2, 2, 2, 2, 2, 2, 2, 2, 2, 2, 2, 2, 2, 2, 2, 2, 2, 2, 2, 2, 2, 2, 2, 2, 2, 2, 2, 2, 2, 2, 2, 2, 2, 2, 2, 2, 2, 2, 2, 2, 2, 2, 2, 2, 2, 2, 2, 2, 2, 2, 2, 2, 2, 2, 2, 2, 2, 2, 2, 2, 2, 2, 2, 2, 2, 2, 2, 2, 2, 2, 2, 2, 2, 2, 2, 2, 2, 2, 2, 2, 2, 2, 2, 2, 2, 2, 2, 2, 2, 2, 2, 2, 2, 2, 2, 2, 1, 1, 1, 1, 1, 1, 1, 1, 1, 1, 1, 1, 1, 1, 1, 1, 1, 1, 1, 1, 1, 1, 1, 1, 1, 1, 1, 1, 1, 1, 1, 1, 1, 1, 1, 1, 1, 1, 1, 1, 1, 1, 1, 1, 1, 1, 1, 1, 1, 1, 1, 1, 1, 1, 1, 1, 1, 1, 1, 1, 1, 1, 1, 1, 1, 1, 1, 1, 1, 1, 1, 1, 1, 1, 1, 1, 1, 1, 1, 1, 1, 1, 1, 1, 1, 1, 1, 1, 1, 1, 1, 1, 1, 1, 1, 1, 1, 1, 1, 1, 1, 1]
algo_list[0, 0, 0, 0, 0, 0, 0, 0, 0, 0, 0, 0, 0, 0, 0, 0, 0, 0, 0, 0, 0, 0, 0, 0, 0, 0, 0, 0, 0, 0, 0, 0, 0, 0, 0, 0, 0, 0, 0, 0, 0, 0, 0, 0, 0, 0, 0, 0, 0, 0, 0, 0, 0, 0, 0, 0, 0, 0, 0, 0, 0, 0, 0, 0, 0, 0, 0, 0, 0, 0, 0, 0, 0, 0, 0, 0, 0, 0, 0, 0, 0, 0, 0, 0, 0, 0, 0, 0, 0, 0, 0, 0, 0, 0, 0, 0, 0, 0, 0, 0, 0, 0, 0, 0, 0, 0, 0, 0, 0, 0, 0, 0, 0, 0, 0, 0, 0, 0, 0, 0, 0, 0, 0, 0, 0, 0, 0, 0, 0, 0, 0, 0, 0, 0, 0, 0, 0, 0, 0, 0, 0, 0, 0, 0, 0, 0, 0, 0, 0, 0, 0, 0, 0, 0, 0, 0, 0, 0, 0, 0, 0, 0, 0, 0, 0, 0, 0, 0, 0, 0, 0, 0, 0, 0, 0, 0, 0, 0, 0, 0, 0, 0, 0, 0, 0, 0, 0, 0, 0, 0, 0, 0, 0, 0, 0, 0, 0, 0, 0, 0, 0, 0, 0, 0, 0, 0, 0, 0, 0, 0, 0, 0, 0, 0, 0, 0, 0, 0, 0, 0, 0, 0, 0, 0, 0, 0, 0, 0, 0, 0, 0, 0, 0, 0, 0, 0, 0, 0, 0, 0, 0, 0, 0, 0, 0, 0, 0, 0, 0, 0, 0, 0, 0, 0, 0, 0, 0, 0, 0, 0, 0, 0, 0, 0, 0, 0, 0, 0, 0, 0, 0, 0, 0, 0, 0, 0, 0, 0, 0, 0, 0, 0, 0, 0, 0, 0, 0, 0, 0, 0, 0, 0, 0, 0, 0, 0, 0, 0, 0, 0, 0, 0, 0, 0, 0, 0, 0, 0, 0, 0, 0, 0, 0, 0, 0, 0, 0, 0, 0, 0, 0, 0, 0, 0, 0, 0, 0, 0, 0, 0, 0, 0, 0, 0, 0, 0, 0, 0, 0, 0, 0, 0, 0, 0, 0, 0, 0, 0, 0, 0, 0, 0, 0, 0, 0, 0, 0, 0, 0, 0, 0, 0, 0, 0, 0, 0, 0, 0, 0, 0, 0, 0, 0, 0, 0, 0, 0, 0, 0, 0, 0, 0, 0, 0, 0, 0, 0, 0, 0, 0, 0, 0, 0, 0, 0, 0, 0, 0, 0, 0, 0, 0, 0, 0, 0, 0, 0, 0, 0, 0, 0, 0, 0, 0, 0, 0, 0, 0, 0]

decode|10979.77|47858.98| op = [105, 107, 105, 53, 49]| tp = [1, 1, 1, 1, 1, ] | dp = [2, 2, 2, 1, 1, ] | algo = [0, 0, 0, 0, 0, ] | rc = [40, 32, 31, 17, 6] | gpus = [2, 2, 2, 1, 1] | micro_bs = 8 | time = [10552, 10591, 10536, 10960, 10979] | memory = [47633, 47568, 47858, 47490, 47717]
验证解
line465:max stage:4, min stage:2, max_value:10979.773104511625, min_value:10536.906110181444
fix|10735.60|47633.12| op = [105, 107, 106, 53, 48]| tp = [1, 1, 1, 1, 1, ] | dp = [2, 2, 2, 1, 1, ] | algo = [0, 0, 0, 0, 0, ] | rc = [40, 32, 34, 12, 0] | gpus = [2, 2, 2, 1, 1] | micro_bs = 8 | time = [10509, 10547, 10735, 10212, 10054] | memory = [47633, 47568, 46514, 46626, 45909]
cv:0.02351886773146644
line465:max stage:2, min stage:4, max_value:10735.600535570786, min_value:10054.872768435689
fix|10979.77|47858.98| op = [105, 107, 105, 53, 49]| tp = [1, 1, 1, 1, 1, ] | dp = [2, 2, 2, 1, 1, ] | algo = [0, 0, 0, 0, 0, ] | rc = [40, 32, 31, 17, 6] | gpus = [2, 2, 2, 1, 1] | micro_bs = 8 | time = [10552, 10591, 10536, 10960, 10979] | memory = [47633, 47568, 47858, 47490, 47717]
cv:0.018808941556363968
line465:max stage:4, min stage:2, max_value:10979.773104511625, min_value:10536.906110181444
fix|23526.99|51344.25| op = [105, 107, 106, 53, 48]| tp = [1, 1, 1, 1, 2, ] | dp = [2, 2, 1, 1, 1, ] | algo = [0, 0, 0, 0, 0, ] | rc = [40, 32, 106, 12, 0] | gpus = [2, 2, 1, 1, 2] | micro_bs = 8 | time = [10953, 10991, 23526, 10656, 11920] | memory = [47633, 47568, 51344, 46626, 24155]
line465:max stage:2, min stage:4, max_value:51344.25, min_value:24155.203
fix|22052.81|47790.00| op = [105, 107, 105, 53, 49]| tp = [1, 1, 2, 1, 1, ] | dp = [2, 2, 1, 1, 1, ] | algo = [0, 0, 0, 0, 0, ] | rc = [40, 32, 29, 17, 6] | gpus = [2, 2, 2, 1, 1] | micro_bs = 8 | time = [10912, 10950, 22052, 11320, 11339] | memory = [47633, 47568, 47790, 47490, 47717]
cv:0.3283790414385002
line465:max stage:2, min stage:0, max_value:22052.80676906464, min_value:10912.377132551765
fix|21924.51|47833.43| op = [106, 107, 104, 53, 49]| tp = [1, 1, 2, 1, 1, ] | dp = [2, 2, 1, 1, 1, ] | algo = [0, 0, 0, 0, 0, ] | rc = [40, 32, 28, 17, 6] | gpus = [2, 2, 2, 1, 1] | micro_bs = 8 | time = [10927, 11033, 21924, 11319, 11338] | memory = [47833, 47567, 47790, 47490, 47717]
cv:0.3239006450689005
line465:max stage:2, min stage:0, max_value:21924.51363494996, min_value:10927.905799659638
fix|21753.87|47933.43| op = [107, 107, 103, 53, 49]| tp = [1, 1, 2, 1, 1, ] | dp = [2, 2, 1, 1, 1, ] | algo = [0, 0, 0, 0, 0, ] | rc = [42, 49, 26, 17, 6] | gpus = [2, 2, 2, 1, 1] | micro_bs = 8 | time = [11166, 11637, 21753, 11339, 11358] | memory = [47933, 47747, 47790, 47490, 47717]
cv:0.30882701515894867
line465:max stage:2, min stage:0, max_value:21753.866407474896, min_value:11166.70729332114
fix|21467.05|47773.43| op = [108, 107, 102, 53, 49]| tp = [1, 1, 2, 1, 1, ] | dp = [2, 2, 1, 1, 1, ] | algo = [0, 0, 0, 0, 0, ] | rc = [54, 35, 24, 17, 6] | gpus = [2, 2, 2, 1, 1] | micro_bs = 8 | time = [11880, 11140, 21467, 11337, 11356] | memory = [47773, 46947, 47670, 47490, 47717]
cv:0.29940416169957934
line465:max stage:2, min stage:1, max_value:21467.050922187234, min_value:11140.28686213187
fix|21068.75|47773.43| op = [108, 108, 101, 53, 49]| tp = [1, 1, 2, 1, 1, ] | dp = [2, 2, 1, 1, 1, ] | algo = [0, 0, 0, 0, 0, ] | rc = [54, 35, 24, 17, 6] | gpus = [2, 2, 2, 1, 1] | micro_bs = 8 | time = [11869, 11169, 21068, 11325, 11345] | memory = [47773, 47207, 47500, 47490, 47717]
cv:0.28929305886715173
line465:max stage:2, min stage:1, max_value:21068.749340063518, min_value:11169.509754551684
fix|21037.11|47773.43| op = [108, 109, 100, 53, 49]| tp = [1, 1, 2, 1, 1, ] | dp = [2, 2, 1, 1, 1, ] | algo = [0, 0, 0, 0, 0, ] | rc = [54, 35, 24, 17, 6] | gpus = [2, 2, 2, 1, 1] | micro_bs = 8 | time = [11868, 11174, 21037, 11325, 11344] | memory = [47773, 47447, 46900, 47490, 47717]
cv:0.288442108580906
line465:max stage:2, min stage:1, max_value:21037.113329338692, min_value:11174.9223079696
fix|21025.07|47773.43| op = [108, 110, 99, 53, 49]| tp = [1, 1, 2, 1, 1, ] | dp = [2, 2, 1, 1, 1, ] | algo = [0, 0, 0, 0, 0, ] | rc = [54, 35, 24, 17, 6] | gpus = [2, 2, 2, 1, 1] | micro_bs = 8 | time = [11868, 11191, 21025, 11325, 11344] | memory = [47773, 47608, 46899, 47490, 47717]
cv:0.28791467780551644
line465:max stage:2, min stage:1, max_value:21025.066986680384, min_value:11191.716433397281
fix|20530.18|47773.43| op = [108, 111, 98, 53, 49]| tp = [1, 1, 2, 1, 1, ] | dp = [2, 2, 1, 1, 1, ] | algo = [0, 0, 0, 0, 0, ] | rc = [54, 39, 24, 17, 6] | gpus = [2, 2, 2, 1, 1] | micro_bs = 8 | time = [11862, 11497, 20530, 11319, 11338] | memory = [47773, 47368, 46459, 47490, 47717]
cv:0.271642810978124
line465:max stage:2, min stage:3, max_value:20530.17730710256, min_value:11319.60122558533
fix|20445.65|47773.43| op = [108, 111, 97, 54, 49]| tp = [1, 1, 2, 1, 1, ] | dp = [2, 2, 1, 1, 1, ] | algo = [0, 0, 0, 0, 0, ] | rc = [54, 39, 24, 18, 6] | gpus = [2, 2, 2, 1, 1] | micro_bs = 8 | time = [11868, 11502, 20445, 11578, 11344] | memory = [47773, 47368, 46459, 47490, 47717]
cv:0.26618900780088417
line465:max stage:2, min stage:4, max_value:20445.650892102563, min_value:11344.160941165866
fix|20148.02|47773.43| op = [108, 111, 96, 54, 50]| tp = [1, 1, 2, 1, 1, ] | dp = [2, 2, 1, 1, 1, ] | algo = [0, 0, 0, 0, 0, ] | rc = [54, 39, 22, 12, 8] | gpus = [2, 2, 2, 1, 1] | micro_bs = 8 | time = [11846, 11481, 20148, 10796, 11702] | memory = [47773, 47368, 46459, 46786, 47717]
cv:0.2648822219394594
line465:max stage:2, min stage:3, max_value:20148.017201260882, min_value:10796.22866710019
fix|20820.43|47773.43| op = [108, 111, 95, 55, 50]| tp = [1, 1, 2, 1, 1, ] | dp = [2, 2, 1, 1, 1, ] | algo = [0, 0, 0, 0, 0, ] | rc = [54, 39, 26, 12, 8] | gpus = [2, 2, 2, 1, 1] | micro_bs = 8 | time = [11876, 11510, 20820, 11086, 11731] | memory = [47773, 47368, 47581, 47246, 47717]
cv:0.2773061100821252
line465:max stage:2, min stage:3, max_value:20820.427688778396, min_value:11086.26497003289
fix|20375.60|47821.28| op = [108, 111, 94, 56, 50]| tp = [1, 1, 2, 1, 1, ] | dp = [2, 2, 1, 1, 1, ] | algo = [0, 0, 0, 0, 0, ] | rc = [54, 39, 24, 12, 8] | gpus = [2, 2, 2, 1, 1] | micro_bs = 8 | time = [11862, 11496, 20375, 11084, 11718] | memory = [47773, 47368, 47821, 47246, 47717]
cv:0.26629211199123165
line465:max stage:2, min stage:3, max_value:20375.604844116897, min_value:11084.81863337139
fix|19949.43|47941.28| op = [108, 111, 93, 57, 50]| tp = [1, 1, 2, 1, 1, ] | dp = [2, 2, 1, 1, 1, ] | algo = [0, 0, 0, 0, 0, ] | rc = [54, 39, 22, 12, 8] | gpus = [2, 2, 2, 1, 1] | micro_bs = 8 | time = [11850, 11484, 19949, 11103, 11706] | memory = [47773, 47368, 47941, 47646, 47717]
cv:0.2553045233176092
line465:max stage:2, min stage:3, max_value:19949.43289481407, min_value:11103.26285106856
fix|19064.86|47981.28| op = [108, 111, 92, 58, 50]| tp = [1, 1, 2, 1, 1, ] | dp = [2, 2, 1, 1, 1, ] | algo = [0, 0, 0, 0, 0, ] | rc = [54, 39, 20, 16, 8] | gpus = [2, 2, 2, 1, 1] | micro_bs = 8 | time = [11841, 11475, 19064, 11697, 11697] | memory = [47773, 47368, 47981, 47406, 47717]
cv:0.2247848407620529
line465:max stage:2, min stage:1, max_value:19064.859006735165, min_value:11475.68890434366
fix|19044.48|47773.43| op = [108, 112, 91, 58, 50]| tp = [1, 1, 2, 1, 1, ] | dp = [2, 2, 1, 1, 1, ] | algo = [0, 0, 0, 0, 0, ] | rc = [54, 41, 20, 16, 8] | gpus = [2, 2, 2, 1, 1] | micro_bs = 8 | time = [11843, 11569, 19044, 11699, 11699] | memory = [47773, 47368, 47501, 47406, 47717]
cv:0.22305397860737933
line465:max stage:2, min stage:1, max_value:19044.475345994997, min_value:11569.274583869803
fix|18533.28|47928.22| op = [108, 113, 90, 58, 50]| tp = [1, 1, 2, 1, 1, ] | dp = [2, 2, 1, 1, 1, ] | algo = [0, 0, 0, 0, 0, ] | rc = [54, 41, 20, 16, 8] | gpus = [2, 2, 2, 1, 1] | micro_bs = 8 | time = [11832, 11699, 18533, 11687, 11687] | memory = [47773, 47928, 46821, 47406, 47717]
cv:0.20806603350029435
line465:max stage:2, min stage:3, max_value:18533.281008696125, min_value:11687.815754710211
fix|18514.64|47928.22| op = [108, 113, 89, 59, 50]| tp = [1, 1, 2, 1, 1, ] | dp = [2, 2, 1, 1, 1, ] | algo = [0, 0, 0, 0, 0, ] | rc = [54, 41, 20, 18, 8] | gpus = [2, 2, 2, 1, 1] | micro_bs = 8 | time = [11835, 11703, 18514, 11836, 11691] | memory = [47773, 47928, 46341, 47406, 47717]
cv:0.2058316946952638
line465:max stage:2, min stage:4, max_value:18514.635896401993, min_value:11691.925517335445
fix|18061.71|47966.25| op = [108, 113, 88, 59, 51]| tp = [1, 1, 2, 1, 1, ] | dp = [2, 2, 1, 1, 1, ] | algo = [0, 0, 0, 0, 0, ] | rc = [54, 41, 22, 18, 9] | gpus = [2, 2, 2, 1, 1] | micro_bs = 8 | time = [11833, 11700, 18061, 11964, 11943] | memory = [47773, 47928, 47773, 47966, 47717]
cv:0.18946737279073844
line465:max stage:2, min stage:1, max_value:18061.712637739354, min_value:11700.838775464514
fix|17962.70|47966.25| op = [108, 114, 87, 59, 51]| tp = [1, 1, 2, 1, 1, ] | dp = [2, 2, 1, 1, 1, ] | algo = [0, 0, 0, 0, 0, ] | rc = [54, 43, 20, 18, 9] | gpus = [2, 2, 2, 1, 1] | micro_bs = 8 | time = [11833, 11774, 17962, 11964, 11942] | memory = [47773, 47528, 47653, 47966, 47717]
cv:0.18591348178395004
line465:max stage:2, min stage:1, max_value:17962.69830901453, min_value:11774.966575882427
fix|17950.64|47966.25| op = [108, 115, 86, 59, 51]| tp = [1, 1, 2, 1, 1, ] | dp = [2, 2, 1, 1, 1, ] | algo = [0, 0, 0, 0, 0, ] | rc = [54, 43, 20, 18, 9] | gpus = [2, 2, 2, 1, 1] | micro_bs = 8 | time = [11833, 11791, 17950, 11964, 11942] | memory = [47773, 47688, 47652, 47966, 47717]
cv:0.18539191195741703
line465:max stage:2, min stage:1, max_value:17950.63689935622, min_value:11791.510778310108
fix|17396.53|47966.25| op = [108, 116, 85, 59, 51]| tp = [1, 1, 2, 1, 1, ] | dp = [2, 2, 1, 1, 1, ] | algo = [0, 0, 0, 0, 0, ] | rc = [54, 45, 18, 18, 9] | gpus = [2, 2, 2, 1, 1] | micro_bs = 8 | time = [11822, 12000, 17396, 11953, 11932] | memory = [47773, 47828, 47742, 47966, 47717]
cv:0.16807593037475674
line465:max stage:2, min stage:0, max_value:17396.52911467139, min_value:11822.701524343514
fix|17478.38|47966.25| op = [109, 116, 84, 59, 51]| tp = [1, 1, 2, 1, 1, ] | dp = [2, 2, 1, 1, 1, ] | algo = [0, 0, 0, 0, 0, ] | rc = [44, 58, 19, 18, 9] | gpus = [2, 2, 2, 1, 1] | micro_bs = 8 | time = [11483, 12569, 17478, 11962, 11941] | memory = [47933, 47644, 47502, 47966, 47717]
cv:0.16983717216642008
line465:max stage:2, min stage:0, max_value:17478.381273124312, min_value:11483.231893297996
fix|17360.61|47966.25| op = [110, 116, 83, 59, 51]| tp = [1, 1, 2, 1, 1, ] | dp = [2, 2, 1, 1, 1, ] | algo = [0, 0, 0, 0, 0, ] | rc = [76, 44, 18, 18, 9] | gpus = [2, 2, 2, 1, 1] | micro_bs = 8 | time = [12429, 12067, 17360, 11972, 11950] | memory = [47770, 47828, 47502, 47966, 47717]
cv:0.160315007099249
line465:max stage:2, min stage:4, max_value:17360.607384124316, min_value:11950.981191398394
fix|17307.41|47966.50| op = [110, 116, 82, 59, 52]| tp = [1, 1, 2, 1, 1, ] | dp = [2, 2, 1, 1, 1, ] | algo = [0, 0, 0, 0, 0, ] | rc = [76, 44, 18, 16, 8] | gpus = [2, 2, 2, 1, 1] | micro_bs = 8 | time = [12406, 12044, 17307, 11407, 11781] | memory = [47770, 47828, 47262, 47966, 47877]
cv:0.16809745816794353
line465:max stage:2, min stage:3, max_value:17307.408964711725, min_value:11407.316593798098
fix|17286.63|47877.20| op = [110, 116, 81, 60, 52]| tp = [1, 1, 2, 1, 1, ] | dp = [2, 2, 1, 1, 1, ] | algo = [0, 0, 0, 0, 0, ] | rc = [76, 44, 18, 12, 8] | gpus = [2, 2, 2, 1, 1] | micro_bs = 8 | time = [12398, 12036, 17286, 11171, 11773] | memory = [47770, 47828, 46902, 46190, 47877]
cv:0.17111291178461024
line465:max stage:2, min stage:3, max_value:17286.632973408894, min_value:11171.377011495268
fix|16887.92|47877.20| op = [110, 116, 80, 61, 52]| tp = [1, 1, 2, 1, 1, ] | dp = [2, 2, 1, 1, 1, ] | algo = [0, 0, 0, 0, 0, ] | rc = [76, 44, 18, 12, 8] | gpus = [2, 2, 2, 1, 1] | micro_bs = 8 | time = [12389, 12026, 16887, 11241, 11763] | memory = [47770, 47828, 46612, 46450, 47877]
cv:0.1591901042323907
line465:max stage:2, min stage:3, max_value:16887.922806880073, min_value:11241.461036194187
fix|17069.05|47877.20| op = [110, 116, 79, 62, 52]| tp = [1, 1, 2, 1, 1, ] | dp = [2, 2, 1, 1, 1, ] | algo = [0, 0, 0, 0, 0, ] | rc = [76, 44, 21, 14, 8] | gpus = [2, 2, 2, 1, 1] | micro_bs = 8 | time = [12412, 12050, 17069, 11841, 11787] | memory = [47770, 47828, 47260, 46610, 47877]
cv:0.15578293267827065
line465:max stage:2, min stage:4, max_value:17069.04663969739, min_value:11787.665256592572
fix|16780.27|47937.20| op = [110, 116, 78, 62, 53]| tp = [1, 1, 2, 1, 1, ] | dp = [2, 2, 1, 1, 1, ] | algo = [0, 0, 0, 0, 0, ] | rc = [76, 44, 16, 22, 10] | gpus = [2, 2, 2, 1, 1] | micro_bs = 8 | time = [12430, 12068, 16780, 12332, 12201] | memory = [47770, 47828, 46492, 47366, 47937]
cv:0.13772804777215267
line465:max stage:2, min stage:1, max_value:16780.269603837816, min_value:12068.717380544724
fix|16616.50|47937.20| op = [110, 117, 77, 62, 53]| tp = [1, 1, 2, 1, 1, ] | dp = [2, 2, 1, 1, 1, ] | algo = [0, 0, 0, 0, 0, ] | rc = [76, 80, 14, 22, 10] | gpus = [2, 2, 2, 1, 1] | micro_bs = 8 | time = [12457, 13111, 16616, 12359, 12228] | memory = [47770, 46682, 46492, 47366, 47937]
cv:0.12423980164407594
line465:max stage:2, min stage:4, max_value:16616.49680183782, min_value:12228.02387440963
fix|16527.05|47937.33| op = [110, 117, 76, 62, 54]| tp = [1, 1, 2, 1, 1, ] | dp = [2, 2, 1, 1, 1, ] | algo = [0, 0, 0, 0, 0, ] | rc = [76, 80, 14, 21, 10] | gpus = [2, 2, 2, 1, 1] | micro_bs = 8 | time = [12457, 13111, 16527, 12448, 12240] | memory = [47770, 46682, 46492, 47846, 47937]
cv:0.12067314581441052
line465:max stage:2, min stage:4, max_value:16527.04809931288, min_value:12240.459546748132
fix|16241.92|47926.25| op = [110, 117, 75, 62, 55]| tp = [1, 1, 2, 1, 1, ] | dp = [2, 2, 1, 1, 1, ] | algo = [0, 0, 0, 0, 0, ] | rc = [76, 80, 12, 20, 12] | gpus = [2, 2, 2, 1, 1] | micro_bs = 8 | time = [12449, 13103, 16241, 12280, 12397] | memory = [47770, 46682, 46492, 47926, 47817]
cv:0.11293767417778616
line465:max stage:2, min stage:3, max_value:16241.916799664963, min_value:12280.580983379627
fix|15737.88|47817.33| op = [110, 117, 74, 63, 55]| tp = [1, 1, 2, 1, 1, ] | dp = [2, 2, 1, 1, 1, ] | algo = [0, 0, 0, 0, 0, ] | rc = [76, 80, 12, 16, 12] | gpus = [2, 2, 2, 1, 1] | micro_bs = 8 | time = [12433, 13087, 15737, 12266, 12381] | memory = [47770, 46682, 45982, 46210, 47817]
cv:0.0993805911158131
line465:max stage:2, min stage:3, max_value:15737.87884318248, min_value:12266.736847312328
fix|15632.74|47817.33| op = [110, 117, 73, 64, 55]| tp = [1, 1, 2, 1, 1, ] | dp = [2, 2, 1, 1, 1, ] | algo = [0, 0, 0, 0, 0, ] | rc = [76, 80, 10, 16, 12] | gpus = [2, 2, 2, 1, 1] | micro_bs = 8 | time = [12430, 13084, 15632, 12275, 12378] | memory = [47770, 46682, 47790, 46210, 47817]
cv:0.09638066290956579
line465:max stage:2, min stage:3, max_value:15632.742750520982, min_value:12275.905721650828
fix|15620.77|47817.33| op = [110, 117, 72, 65, 55]| tp = [1, 1, 2, 1, 1, ] | dp = [2, 2, 1, 1, 1, ] | algo = [0, 0, 0, 0, 0, ] | rc = [76, 80, 10, 16, 12] | gpus = [2, 2, 2, 1, 1] | micro_bs = 8 | time = [12431, 13085, 15620, 12307, 12379] | memory = [47770, 46682, 47430, 46610, 47817]
cv:0.09565522043316783
line465:max stage:2, min stage:3, max_value:15620.77387321815, min_value:12307.293785347996
fix|15141.71|47817.33| op = [110, 117, 71, 66, 55]| tp = [1, 1, 2, 1, 1, ] | dp = [2, 2, 1, 1, 1, ] | algo = [0, 0, 0, 0, 0, ] | rc = [76, 80, 10, 16, 12] | gpus = [2, 2, 2, 1, 1] | micro_bs = 8 | time = [12426, 13080, 15141, 12635, 12374] | memory = [47770, 46682, 46990, 47650, 47817]
cv:0.07883549671596338
line465:max stage:2, min stage:4, max_value:15141.709647139249, min_value:12374.728500837806
fix|15132.21|47817.08| op = [110, 117, 70, 66, 56]| tp = [1, 1, 2, 1, 1, ] | dp = [2, 2, 1, 1, 1, ] | algo = [0, 0, 0, 0, 0, ] | rc = [76, 80, 10, 16, 23] | gpus = [2, 2, 2, 1, 1] | micro_bs = 8 | time = [12439, 13093, 15132, 12423, 13042] | memory = [47770, 46682, 46510, 47730, 47817]
cv:0.07521176760451864
line465:max stage:2, min stage:3, max_value:15132.21489187905, min_value:12423.104026620804
fix|14614.55|47817.08| op = [110, 117, 69, 67, 56]| tp = [1, 1, 2, 1, 1, ] | dp = [2, 2, 1, 1, 1, ] | algo = [0, 0, 0, 0, 0, ] | rc = [76, 80, 10, 18, 23] | gpus = [2, 2, 2, 1, 1] | micro_bs = 8 | time = [12436, 13090, 14614, 12829, 13039] | memory = [47770, 46682, 45830, 47650, 47817]
cv:0.05627269671807083
line465:max stage:2, min stage:0, max_value:14614.55416221641, min_value:12436.251479390092
fix|14325.83|47817.08| op = [111, 117, 68, 67, 56]| tp = [1, 1, 2, 1, 1, ] | dp = [2, 2, 1, 1, 1, ] | algo = [0, 0, 0, 0, 0, ] | rc = [48, 36, 10, 18, 23] | gpus = [2, 2, 2, 1, 1] | micro_bs = 8 | time = [11639, 11586, 14325, 12753, 12963] | memory = [47333, 46932, 42638, 47650, 47817]
cv:0.07958328281582858
line465:max stage:2, min stage:1, max_value:14325.825353456647, min_value:11586.016918411271
fix|13927.52|47817.08| op = [111, 118, 67, 67, 56]| tp = [1, 1, 2, 1, 1, ] | dp = [2, 2, 1, 1, 1, ] | algo = [0, 0, 0, 0, 0, ] | rc = [48, 36, 10, 18, 23] | gpus = [2, 2, 2, 1, 1] | micro_bs = 8 | time = [11628, 11615, 13927, 12741, 12951] | memory = [47333, 47192, 42468, 47650, 47817]
cv:0.06948993685616672
line465:max stage:2, min stage:1, max_value:13927.523771332933, min_value:11615.239810831083
fix|13895.89|47817.08| op = [111, 119, 66, 67, 56]| tp = [1, 1, 2, 1, 1, ] | dp = [2, 2, 1, 1, 1, ] | algo = [0, 0, 0, 0, 0, ] | rc = [48, 36, 10, 18, 23] | gpus = [2, 2, 2, 1, 1] | micro_bs = 8 | time = [11627, 11620, 13895, 12741, 12951] | memory = [47333, 47432, 41868, 47650, 47817]
cv:0.06865483248444877
line465:max stage:2, min stage:1, max_value:13895.887760608108, min_value:11620.652364248997
fix|13883.84|47817.08| op = [111, 120, 65, 67, 56]| tp = [1, 1, 2, 1, 1, ] | dp = [2, 2, 1, 1, 1, ] | algo = [0, 0, 0, 0, 0, ] | rc = [48, 36, 10, 18, 23] | gpus = [2, 2, 2, 1, 1] | micro_bs = 8 | time = [11627, 11637, 13883, 12741, 12951] | memory = [47333, 47592, 41867, 47650, 47817]
cv:0.0680611389930818
line465:max stage:2, min stage:0, max_value:13883.841417949801, min_value:11627.58040113347
fix|13386.73|47817.08| op = [112, 120, 64, 67, 56]| tp = [1, 1, 2, 1, 1, ] | dp = [2, 2, 1, 1, 1, ] | algo = [0, 0, 0, 0, 0, ] | rc = [48, 38, 10, 18, 23] | gpus = [2, 2, 2, 1, 1] | micro_bs = 8 | time = [11660, 11831, 13386, 12733, 12943] | memory = [47633, 47732, 41427, 47650, 47817]
cv:0.052887531235379225
line465:max stage:2, min stage:0, max_value:13386.734063735732, min_value:11660.028419846727
fix|13363.79|47972.71| op = [113, 120, 63, 67, 56]| tp = [1, 1, 2, 1, 1, ] | dp = [2, 2, 1, 1, 1, ] | algo = [0, 0, 0, 0, 0, ] | rc = [48, 38, 10, 18, 23] | gpus = [2, 2, 2, 1, 1] | micro_bs = 8 | time = [11665, 11837, 13363, 12733, 12942] | memory = [47933, 47972, 40947, 47650, 47817]
cv:0.052196933685353296
line465:max stage:2, min stage:0, max_value:13363.794053746486, min_value:11665.8975172305
fix|12936.13|47892.46| op = [114, 120, 62, 67, 56]| tp = [1, 1, 2, 1, 1, ] | dp = [2, 2, 1, 1, 1, ] | algo = [0, 0, 0, 0, 0, ] | rc = [50, 40, 10, 18, 23] | gpus = [2, 2, 2, 1, 1] | micro_bs = 8 | time = [11744, 12034, 12857, 12726, 12936] | memory = [47333, 47892, 40267, 47650, 47817]
cv:0.03846879308882893
line465:max stage:4, min stage:0, max_value:12936.131418404651, min_value:11744.513706149759
fix|13338.09|47817.33| op = [115, 120, 62, 67, 55]| tp = [1, 1, 2, 1, 1, ] | dp = [2, 2, 1, 1, 1, ] | algo = [0, 0, 0, 0, 0, ] | rc = [52, 40, 10, 18, 12] | gpus = [2, 2, 2, 1, 1] | micro_bs = 8 | time = [11983, 11877, 13338, 12707, 12278] | memory = [47733, 47572, 40347, 47650, 47817]
cv:0.0429822211484728
line465:max stage:2, min stage:1, max_value:13338.092052065367, min_value:11877.35234883795
fix|13326.03|47817.33| op = [115, 121, 61, 67, 55]| tp = [1, 1, 2, 1, 1, ] | dp = [2, 2, 1, 1, 1, ] | algo = [0, 0, 0, 0, 0, ] | rc = [52, 40, 10, 18, 12] | gpus = [2, 2, 2, 1, 1] | micro_bs = 8 | time = [11983, 11893, 13326, 12707, 12278] | memory = [47733, 47732, 40347, 47650, 47817]
cv:0.04237399775878043
line465:max stage:2, min stage:1, max_value:13326.03064240706, min_value:11893.896551265634
fix|12841.70|47872.79| op = [115, 122, 60, 67, 55]| tp = [1, 1, 2, 1, 1, ] | dp = [2, 2, 1, 1, 1, ] | algo = [0, 0, 0, 0, 0, ] | rc = [52, 42, 10, 18, 12] | gpus = [2, 2, 2, 1, 1] | micro_bs = 8 | time = [11975, 12096, 12841, 12698, 12269] | memory = [47733, 47872, 39957, 47650, 47817]
cv:0.02730974868415836
line465:max stage:2, min stage:0, max_value:12841.702516722222, min_value:11975.352115299038
fix|12901.99|47817.33| op = [116, 122, 59, 67, 55]| tp = [1, 1, 2, 1, 1, ] | dp = [2, 2, 1, 1, 1, ] | algo = [0, 0, 0, 0, 0, ] | rc = [54, 55, 10, 18, 12] | gpus = [2, 2, 2, 1, 1] | micro_bs = 8 | time = [12091, 12775, 12901, 12723, 12294] | memory = [47733, 47488, 39717, 47650, 47817]
cv:0.024667537743357996
line465:max stage:2, min stage:0, max_value:12901.989927499839, min_value:12091.916963110834
fix|12796.41|47853.74| op = [117, 122, 58, 67, 55]| tp = [1, 1, 2, 1, 1, ] | dp = [2, 2, 1, 1, 1, ] | algo = [0, 0, 0, 0, 0, ] | rc = [55, 40, 10, 18, 12] | gpus = [2, 2, 2, 1, 1] | micro_bs = 8 | time = [12271, 12165, 12796, 12708, 12279] | memory = [47853, 47472, 39717, 47650, 47817]
cv:0.02059502008478368
line465:max stage:2, min stage:1, max_value:12796.405355710354, min_value:12165.637345354577
fix|13340.73|47853.74| op = [117, 123, 57, 67, 55]| tp = [1, 1, 2, 1, 1, ] | dp = [2, 2, 1, 1, 1, ] | algo = [0, 0, 0, 0, 0, ] | rc = [55, 65, 8, 18, 12] | gpus = [2, 2, 2, 1, 1] | micro_bs = 8 | time = [12302, 13340, 12636, 12738, 12309] | memory = [47853, 47848, 39717, 47650, 47817]
cv:0.029972218719881722
line465:max stage:1, min stage:0, max_value:13340.725207354579, min_value:12302.164705584355
fix|13269.84|47928.71| op = [118, 122, 57, 67, 55]| tp = [1, 1, 2, 1, 1, ] | dp = [2, 2, 1, 1, 1, ] | algo = [0, 0, 0, 0, 0, ] | rc = [56, 64, 8, 18, 12] | gpus = [2, 2, 2, 1, 1] | micro_bs = 8 | time = [12361, 13269, 12636, 12738, 12309] | memory = [47553, 47928, 39717, 47650, 47817]
cv:0.027131563062529084
line465:max stage:1, min stage:4, max_value:13269.841459744837, min_value:12309.643640426148
fix|12938.20|47817.08| op = [118, 121, 57, 67, 56]| tp = [1, 1, 2, 1, 1, ] | dp = [2, 2, 1, 1, 1, ] | algo = [0, 0, 0, 0, 0, ] | rc = [56, 38, 10, 18, 23] | gpus = [2, 2, 2, 1, 1] | micro_bs = 8 | time = [12335, 12084, 12286, 12728, 12938] | memory = [47553, 47712, 39037, 47650, 47817]
cv:0.024997824987638164
line465:max stage:4, min stage:1, max_value:12938.201844034133, min_value:12084.48517732691
fix|26770.66|52908.75| op = [118, 122, 57, 67, 55]| tp = [1, 1, 2, 1, 2, ] | dp = [2, 1, 1, 1, 1, ] | algo = [0, 0, 0, 0, 0, ] | rc = [56, 121, 8, 18, 0] | gpus = [2, 1, 2, 1, 2] | micro_bs = 8 | time = [12795, 26770, 13069, 13172, 13112] | memory = [47553, 52908, 39717, 47650, 28033]
line465:max stage:1, min stage:4, max_value:52908.75, min_value:28033.333000000002
best|10735.60|47633.12| op = [105, 107, 106, 53, 48]| tp = [1, 1, 1, 1, 1, ] | dp = [2, 2, 2, 1, 1, ] | algo = [0, 0, 0, 0, 0, ] | rc = [40, 32, 34, 12, 0] | gpus = [2, 2, 2, 1, 1] | micro_bs = 8 | time = [10509, 10547, 10735, 10212, 10054] | memory = [47633, 47568, 46514, 46626, 45909]
line146:config.memory_list:[47633.11500000006, 47568.21600000007, 46514.97600000004, 46626.0, 45909.203]
line147:config.time_list:[10509.152840351002, 10547.717202121223, 10735.600535570786, 10212.718802855157, 10054.872768435689]
求解成功
config has been saved to /home/liminglong.lml/sxz/SuperScaler/logs-large/aceso/configs/mbs/256/gpt_2_6B_5stages_2026-5-15-13-23-15.json

========== Best Result (num_stages = 5) ==========
|10735.60|47633.12| op = [105, 107, 106, 53, 48]| tp = [1, 1, 1, 1, 1, ] | dp = [2, 2, 2, 1, 1, ] | algo = [0, 0, 0, 0, 0, ] | rc = [40, 32, 34, 12, 0] | gpus = [2, 2, 2, 1, 1] | micro_bs = 8 | time = [10509, 10547, 10735, 10212, 10054] | memory = [47633, 47568, 46514, 46626, 45909]
start|11416.92|47877.20| op = [105, 105, 105, 52, 52]| tp = [1, 1, 1, 1, 1, ] | dp = [2, 2, 2, 1, 1, ] | algo = [0, 0, 0, 0, 0, ] | rc = [40, 30, 26, 10, 8] | gpus = [2, 2, 2, 1, 1] | micro_bs = 8 | time = [10502, 10113, 10113, 9669, 11416] | memory = [47633, 46788, 46406, 46786, 47877]
fix|11585.62|47717.20| op = [105, 105, 105, 53, 51]| tp = [1, 1, 1, 1, 1, ] | dp = [2, 2, 2, 1, 1, ] | algo = [0, 0, 0, 0, 0, ] | rc = [40, 30, 26, 12, 9] | gpus = [2, 2, 2, 1, 1] | micro_bs = 8 | time = [10524, 10135, 10135, 10246, 11585] | memory = [47633, 46788, 46406, 46786, 47717]
fix|11343.93|47717.20| op = [105, 106, 105, 53, 50]| tp = [1, 1, 1, 1, 1, ] | dp = [2, 2, 2, 1, 1, ] | algo = [0, 0, 0, 0, 0, ] | rc = [40, 30, 28, 13, 8] | gpus = [2, 2, 2, 1, 1] | micro_bs = 8 | time = [10536, 10297, 10292, 10583, 11343] | memory = [47633, 47568, 45986, 46466, 47717]
fix|10966.34|47717.20| op = [105, 106, 106, 53, 49]| tp = [1, 1, 1, 1, 1, ] | dp = [2, 2, 2, 1, 1, ] | algo = [0, 0, 0, 0, 0, ] | rc = [40, 30, 28, 17, 6] | gpus = [2, 2, 2, 1, 1] | micro_bs = 8 | time = [10539, 10300, 10384, 10947, 10966] | memory = [47633, 47568, 45986, 47490, 47717]
fix|10735.60|47633.12| op = [105, 107, 106, 53, 48]| tp = [1, 1, 1, 1, 1, ] | dp = [2, 2, 2, 1, 1, ] | algo = [0, 0, 0, 0, 0, ] | rc = [40, 32, 34, 12, 0] | gpus = [2, 2, 2, 1, 1] | micro_bs = 8 | time = [10509, 10547, 10735, 10212, 10054] | memory = [47633, 47568, 46514, 46626, 45909]
best|10735.60|47633.12| op = [105, 107, 106, 53, 48]| tp = [1, 1, 1, 1, 1, ] | dp = [2, 2, 2, 1, 1, ] | algo = [0, 0, 0, 0, 0, ] | rc = [40, 32, 34, 12, 0] | gpus = [2, 2, 2, 1, 1] | micro_bs = 8 | time = [10509, 10547, 10735, 10212, 10054] | memory = [47633, 47568, 46514, 46626, 45909]
decode|10979.77|47858.98| op = [105, 107, 105, 53, 49]| tp = [1, 1, 1, 1, 1, ] | dp = [2, 2, 2, 1, 1, ] | algo = [0, 0, 0, 0, 0, ] | rc = [40, 32, 31, 17, 6] | gpus = [2, 2, 2, 1, 1] | micro_bs = 8 | time = [10552, 10591, 10536, 10960, 10979] | memory = [47633, 47568, 47858, 47490, 47717]
fix|10735.60|47633.12| op = [105, 107, 106, 53, 48]| tp = [1, 1, 1, 1, 1, ] | dp = [2, 2, 2, 1, 1, ] | algo = [0, 0, 0, 0, 0, ] | rc = [40, 32, 34, 12, 0] | gpus = [2, 2, 2, 1, 1] | micro_bs = 8 | time = [10509, 10547, 10735, 10212, 10054] | memory = [47633, 47568, 46514, 46626, 45909]
best|10735.60|47633.12| op = [105, 107, 106, 53, 48]| tp = [1, 1, 1, 1, 1, ] | dp = [2, 2, 2, 1, 1, ] | algo = [0, 0, 0, 0, 0, ] | rc = [40, 32, 34, 12, 0] | gpus = [2, 2, 2, 1, 1] | micro_bs = 8 | time = [10509, 10547, 10735, 10212, 10054] | memory = [47633, 47568, 46514, 46626, 45909]

num_targets: []
num_hops: []
search time = 0.00 s.  [0] 
num_explored_cases = 0
time trend: [11416]

stage 5 search time: 1.03 s
working on num_stages = 6
start|12115.11|47974.14| op = [105, 105, 52, 52, 52, 53]| tp = [1, 1, 1, 1, 1, 1, ] | dp = [2, 2, 1, 1, 1, 1, ] | algo = [0, 0, 0, 0, 0, 0, ] | rc = [50, 36, 16, 14, 10, 10] | gpus = [2, 2, 1, 1, 1, 1] | micro_bs = 8 | time = [11187, 10625, 10367, 10222, 9931, 12115] | memory = [47974, 47253, 46660, 46563, 46466, 47937]
line465:max stage:5, min stage:4, max_value:12115.108874920694, min_value:9931.709380874892
fix|11716.44|47974.14| op = [105, 105, 52, 52, 53, 52]| tp = [1, 1, 1, 1, 1, 1, ] | dp = [2, 2, 1, 1, 1, 1, ] | algo = [0, 0, 0, 0, 0, 0, ] | rc = [50, 36, 16, 14, 10, 8] | gpus = [2, 2, 1, 1, 1, 1] | micro_bs = 8 | time = [11184, 10622, 10364, 10219, 10229, 11716] | memory = [47974, 47253, 46660, 46563, 47246, 47877]
cv:0.05158824391592239
line465:max stage:5, min stage:3, max_value:11716.443371103636, min_value:10219.106134734464
fix|11886.45|47974.14| op = [105, 105, 52, 53, 53, 51]| tp = [1, 1, 1, 1, 1, 1, ] | dp = [2, 2, 1, 1, 1, 1, ] | algo = [0, 0, 0, 0, 0, 0, ] | rc = [50, 36, 16, 14, 12, 9] | gpus = [2, 2, 1, 1, 1, 1] | micro_bs = 8 | time = [11208, 10646, 10388, 10544, 10547, 11886] | memory = [47974, 47253, 46660, 47583, 46786, 47717]
cv:0.048096839277906304
line465:max stage:5, min stage:2, max_value:11886.448106856202, min_value:10388.234938345127
fix|11654.42|47974.14| op = [105, 105, 53, 53, 53, 50]| tp = [1, 1, 1, 1, 1, 1, ] | dp = [2, 2, 1, 1, 1, 1, ] | algo = [0, 0, 0, 0, 0, 0, ] | rc = [50, 36, 16, 16, 13, 8] | gpus = [2, 2, 1, 1, 1, 1] | micro_bs = 8 | time = [11230, 10667, 10710, 10859, 10893, 11654] | memory = [47974, 47253, 47920, 47043, 46466, 47717]
cv:0.031178637759599753
line465:max stage:5, min stage:1, max_value:11654.424727466867, min_value:10667.772583460115
fix|11846.88|47974.14| op = [105, 106, 53, 53, 53, 49]| tp = [1, 1, 1, 1, 1, 1, ] | dp = [2, 2, 1, 1, 1, 1, ] | algo = [0, 0, 0, 0, 0, 0, ] | rc = [50, 38, 28, 17, 17, 6] | gpus = [2, 2, 1, 1, 1, 1] | micro_bs = 8 | time = [11282, 10938, 11846, 11236, 11307, 11326] | memory = [47974, 47353, 47732, 46563, 47490, 47717]
cv:0.0236861038702544
line465:max stage:2, min stage:1, max_value:11846.876789187772, min_value:10938.728040040021
fix|12366.95|47993.27| op = [105, 107, 52, 53, 53, 49]| tp = [1, 1, 1, 1, 1, 1, ] | dp = [2, 2, 1, 1, 1, 1, ] | algo = [0, 0, 0, 0, 0, 0, ] | rc = [50, 50, 49, 17, 17, 6] | gpus = [2, 2, 1, 1, 1, 1] | micro_bs = 8 | time = [11318, 11612, 12366, 11272, 11343, 11362] | memory = [47974, 47993, 46440, 46563, 47490, 47717]
cv:0.03316496552801964
line465:max stage:2, min stage:3, max_value:12366.94516269201, min_value:11272.45197069201
fix|11573.83|47993.27| op = [105, 107, 51, 54, 53, 49]| tp = [1, 1, 1, 1, 1, 1, ] | dp = [2, 2, 1, 1, 1, 1, ] | algo = [0, 0, 0, 0, 0, 0, ] | rc = [50, 50, 27, 16, 17, 6] | gpus = [2, 2, 1, 1, 1, 1] | micro_bs = 8 | time = [11279, 11573, 11276, 11087, 11304, 11323] | memory = [47974, 47993, 47251, 47043, 47490, 47717]
best|11573.83|47993.27| op = [105, 107, 51, 54, 53, 49]| tp = [1, 1, 1, 1, 1, 1, ] | dp = [2, 2, 1, 1, 1, 1, ] | algo = [0, 0, 0, 0, 0, 0, ] | rc = [50, 50, 27, 16, 17, 6] | gpus = [2, 2, 1, 1, 1, 1] | micro_bs = 8 | time = [11279, 11573, 11276, 11087, 11304, 11323] | memory = [47974, 47993, 47251, 47043, 47490, 47717]
line146:config.memory_list:[47974.13800000008, 47993.27000000009, 47251.5, 47043.0, 47490.0, 47717.203]
line147:config.time_list:[11279.549072971493, 11573.826234741713, 11276.270423799015, 11087.705328799017, 11304.705944940919, 11323.984672521456]
------------------------------------------------------------------------------------------------------
cegis_search for the 0th times
开始求解check...
line351:
tp_list[1, 1, 1, 1, 1, 1, 1, 1, 1, 1, 1, 1, 1, 1, 1, 1, 1, 1, 1, 1, 1, 1, 1, 1, 1, 1, 1, 1, 1, 1, 1, 1, 1, 1, 1, 1, 1, 1, 1, 1, 1, 1, 1, 1, 1, 1, 1, 1, 1, 1, 1, 1, 1, 1, 1, 1, 1, 1, 1, 1, 1, 1, 1, 1, 1, 1, 1, 1, 1, 1, 1, 1, 1, 1, 1, 1, 1, 1, 1, 1, 1, 1, 1, 1, 1, 1, 1, 1, 1, 1, 1, 1, 1, 1, 1, 1, 1, 1, 1, 1, 1, 1, 1, 1, 1, 1, 1, 1, 1, 1, 1, 1, 1, 1, 1, 1, 1, 1, 1, 1, 1, 1, 1, 1, 1, 1, 1, 1, 1, 1, 1, 1, 1, 1, 1, 1, 1, 1, 1, 1, 1, 1, 1, 1, 1, 1, 1, 1, 1, 1, 1, 1, 1, 1, 1, 1, 1, 1, 1, 1, 1, 1, 1, 1, 1, 1, 1, 1, 1, 1, 1, 1, 1, 1, 1, 1, 1, 1, 1, 1, 1, 1, 1, 1, 1, 1, 1, 1, 1, 1, 1, 1, 1, 1, 1, 1, 1, 1, 1, 1, 1, 1, 1, 1, 1, 1, 1, 1, 1, 1, 1, 1, 1, 1, 1, 1, 1, 1, 1, 1, 1, 1, 1, 1, 1, 1, 1, 1, 1, 1, 1, 1, 1, 1, 1, 1, 1, 1, 1, 1, 1, 1, 1, 1, 1, 1, 1, 1, 1, 1, 1, 1, 1, 1, 1, 1, 1, 1, 1, 1, 1, 1, 1, 1, 1, 1, 1, 1, 1, 1, 1, 1, 1, 1, 1, 1, 1, 1, 1, 1, 1, 1, 1, 1, 1, 1, 1, 1, 1, 1, 1, 1, 1, 1, 1, 1, 1, 1, 1, 1, 1, 1, 1, 1, 1, 1, 1, 1, 1, 1, 1, 1, 1, 1, 1, 1, 1, 1, 1, 1, 1, 1, 1, 1, 1, 1, 1, 1, 1, 1, 1, 1, 1, 1, 1, 1, 1, 1, 1, 1, 1, 1, 1, 1, 1, 1, 1, 1, 1, 1, 1, 1, 1, 1, 1, 1, 1, 1, 1, 1, 1, 1, 1, 1, 1, 1, 1, 1, 1, 1, 1, 1, 1, 1, 1, 1, 1, 1, 1, 1, 1, 1, 1, 1, 1, 1, 1, 1, 1, 1, 1, 1, 1, 1, 1, 1, 1, 1, 1, 1, 1, 1, 1, 1, 1, 1, 1, 1, 1, 1, 1, 1, 1, 1, 1, 1, 1, 1, 1]
dp_list[2, 2, 2, 2, 2, 2, 2, 2, 2, 2, 2, 2, 2, 2, 2, 2, 2, 2, 2, 2, 2, 2, 2, 2, 2, 2, 2, 2, 2, 2, 2, 2, 2, 2, 2, 2, 2, 2, 2, 2, 2, 2, 2, 2, 2, 2, 2, 2, 2, 2, 2, 2, 2, 2, 2, 2, 2, 2, 2, 2, 2, 2, 2, 2, 2, 2, 2, 2, 2, 2, 2, 2, 2, 2, 2, 2, 2, 2, 2, 2, 2, 2, 2, 2, 2, 2, 2, 2, 2, 2, 2, 2, 2, 2, 2, 2, 2, 2, 2, 2, 2, 2, 2, 2, 2, 2, 2, 2, 2, 2, 2, 2, 2, 2, 2, 2, 2, 2, 2, 2, 2, 2, 2, 2, 2, 2, 2, 2, 2, 2, 2, 2, 2, 2, 2, 2, 2, 2, 2, 2, 2, 2, 2, 2, 2, 2, 2, 2, 2, 2, 2, 2, 2, 2, 2, 2, 2, 2, 2, 2, 2, 2, 2, 2, 2, 2, 2, 2, 2, 2, 2, 2, 2, 2, 2, 2, 2, 2, 2, 2, 2, 2, 2, 2, 2, 2, 2, 2, 2, 2, 2, 2, 2, 2, 2, 2, 2, 2, 2, 2, 2, 2, 2, 2, 2, 2, 2, 2, 2, 2, 2, 2, 1, 1, 1, 1, 1, 1, 1, 1, 1, 1, 1, 1, 1, 1, 1, 1, 1, 1, 1, 1, 1, 1, 1, 1, 1, 1, 1, 1, 1, 1, 1, 1, 1, 1, 1, 1, 1, 1, 1, 1, 1, 1, 1, 1, 1, 1, 1, 1, 1, 1, 1, 1, 1, 1, 1, 1, 1, 1, 1, 1, 1, 1, 1, 1, 1, 1, 1, 1, 1, 1, 1, 1, 1, 1, 1, 1, 1, 1, 1, 1, 1, 1, 1, 1, 1, 1, 1, 1, 1, 1, 1, 1, 1, 1, 1, 1, 1, 1, 1, 1, 1, 1, 1, 1, 1, 1, 1, 1, 1, 1, 1, 1, 1, 1, 1, 1, 1, 1, 1, 1, 1, 1, 1, 1, 1, 1, 1, 1, 1, 1, 1, 1, 1, 1, 1, 1, 1, 1, 1, 1, 1, 1, 1, 1, 1, 1, 1, 1, 1, 1, 1, 1, 1, 1, 1, 1, 1, 1, 1, 1, 1, 1, 1, 1, 1, 1, 1, 1, 1, 1, 1, 1, 1, 1, 1, 1, 1, 1, 1, 1, 1, 1, 1, 1, 1, 1, 1, 1, 1, 1, 1, 1, 1, 1, 1, 1, 1, 1, 1, 1, 1, 1, 1, 1, 1, 1, 1]
algo_list[0, 0, 0, 0, 0, 0, 0, 0, 0, 0, 0, 0, 0, 0, 0, 0, 0, 0, 0, 0, 0, 0, 0, 0, 0, 0, 0, 0, 0, 0, 0, 0, 0, 0, 0, 0, 0, 0, 0, 0, 0, 0, 0, 0, 0, 0, 0, 0, 0, 0, 0, 0, 0, 0, 0, 0, 0, 0, 0, 0, 0, 0, 0, 0, 0, 0, 0, 0, 0, 0, 0, 0, 0, 0, 0, 0, 0, 0, 0, 0, 0, 0, 0, 0, 0, 0, 0, 0, 0, 0, 0, 0, 0, 0, 0, 0, 0, 0, 0, 0, 0, 0, 0, 0, 0, 0, 0, 0, 0, 0, 0, 0, 0, 0, 0, 0, 0, 0, 0, 0, 0, 0, 0, 0, 0, 0, 0, 0, 0, 0, 0, 0, 0, 0, 0, 0, 0, 0, 0, 0, 0, 0, 0, 0, 0, 0, 0, 0, 0, 0, 0, 0, 0, 0, 0, 0, 0, 0, 0, 0, 0, 0, 0, 0, 0, 0, 0, 0, 0, 0, 0, 0, 0, 0, 0, 0, 0, 0, 0, 0, 0, 0, 0, 0, 0, 0, 0, 0, 0, 0, 0, 0, 0, 0, 0, 0, 0, 0, 0, 0, 0, 0, 0, 0, 0, 0, 0, 0, 0, 0, 0, 0, 0, 0, 0, 0, 0, 0, 0, 0, 0, 0, 0, 0, 0, 0, 0, 0, 0, 0, 0, 0, 0, 0, 0, 0, 0, 0, 0, 0, 0, 0, 0, 0, 0, 0, 0, 0, 0, 0, 0, 0, 0, 0, 0, 0, 0, 0, 0, 0, 0, 0, 0, 0, 0, 0, 0, 0, 0, 0, 0, 0, 0, 0, 0, 0, 0, 0, 0, 0, 0, 0, 0, 0, 0, 0, 0, 0, 0, 0, 0, 0, 0, 0, 0, 0, 0, 0, 0, 0, 0, 0, 0, 0, 0, 0, 0, 0, 0, 0, 0, 0, 0, 0, 0, 0, 0, 0, 0, 0, 0, 0, 0, 0, 0, 0, 0, 0, 0, 0, 0, 0, 0, 0, 0, 0, 0, 0, 0, 0, 0, 0, 0, 0, 0, 0, 0, 0, 0, 0, 0, 0, 0, 0, 0, 0, 0, 0, 0, 0, 0, 0, 0, 0, 0, 0, 0, 0, 0, 0, 0, 0, 0, 0, 0, 0, 0, 0, 0, 0, 0, 0, 0, 0, 0, 0, 0, 0, 0, 0, 0, 0, 0, 0, 0, 0, 0, 0, 0, 0, 0, 0, 0, 0, 0, 0, 0, 0, 0, 0, 0, 0, 0, 0, 0, 0, 0, 0, 0]

decode|11573.83|47993.27| op = [105, 107, 51, 54, 53, 49]| tp = [1, 1, 1, 1, 1, 1, ] | dp = [2, 2, 1, 1, 1, 1, ] | algo = [0, 0, 0, 0, 0, 0, ] | rc = [50, 50, 27, 16, 17, 6] | gpus = [2, 2, 1, 1, 1, 1] | micro_bs = 8 | time = [11279, 11573, 11276, 11087, 11304, 11323] | memory = [47974, 47993, 47251, 47043, 47490, 47717]
验证解
line465:max stage:1, min stage:3, max_value:11573.826234741713, min_value:11087.705328799017
fix|11301.65|47974.14| op = [105, 106, 51, 55, 53, 49]| tp = [1, 1, 1, 1, 1, 1, ] | dp = [2, 2, 1, 1, 1, 1, ] | algo = [0, 0, 0, 0, 0, 0, ] | rc = [50, 38, 16, 16, 17, 6] | gpus = [2, 2, 1, 1, 1, 1] | micro_bs = 8 | time = [11232, 10889, 10151, 11301, 11257, 11277] | memory = [47974, 47353, 46040, 47583, 47490, 47717]
cv:0.03739704564796336
line465:max stage:3, min stage:2, max_value:11301.651760253742, min_value:10151.376118111839
fix|11278.36|47974.14| op = [105, 106, 52, 54, 53, 49]| tp = [1, 1, 1, 1, 1, 1, ] | dp = [2, 2, 1, 1, 1, 1, ] | algo = [0, 0, 0, 0, 0, 0, ] | rc = [50, 38, 16, 16, 17, 6] | gpus = [2, 2, 1, 1, 1, 1] | micro_bs = 8 | time = [11233, 10890, 10453, 11042, 11259, 11278] | memory = [47974, 47353, 47300, 47043, 47490, 47717]
cv:0.026367735543840427
line465:max stage:5, min stage:2, max_value:11278.360160159122, min_value:10453.857122294778
fix|13242.31|47974.14| op = [105, 106, 53, 54, 53, 48]| tp = [1, 1, 1, 1, 1, 1, ] | dp = [2, 2, 1, 1, 1, 1, ] | algo = [0, 0, 0, 0, 0, 0, ] | rc = [50, 38, 28, 54, 12, 0] | gpus = [2, 2, 1, 1, 1, 1] | micro_bs = 8 | time = [11295, 10951, 11860, 13242, 10615, 10458] | memory = [47974, 47353, 47732, 45104, 46626, 45909]
cv:0.08256771653680561
line465:max stage:3, min stage:5, max_value:13242.306354719012, min_value:10458.036491834277
fix|11846.88|47974.14| op = [105, 106, 53, 53, 53, 49]| tp = [1, 1, 1, 1, 1, 1, ] | dp = [2, 2, 1, 1, 1, 1, ] | algo = [0, 0, 0, 0, 0, 0, ] | rc = [50, 38, 28, 17, 17, 6] | gpus = [2, 2, 1, 1, 1, 1] | micro_bs = 8 | time = [11282, 10938, 11846, 11236, 11307, 11326] | memory = [47974, 47353, 47732, 46563, 47490, 47717]
cv:0.0236861038702544
line465:max stage:2, min stage:1, max_value:11846.876789187772, min_value:10938.728040040021
fix|12366.95|47993.27| op = [105, 107, 52, 53, 53, 49]| tp = [1, 1, 1, 1, 1, 1, ] | dp = [2, 2, 1, 1, 1, 1, ] | algo = [0, 0, 0, 0, 0, 0, ] | rc = [50, 50, 49, 17, 17, 6] | gpus = [2, 2, 1, 1, 1, 1] | micro_bs = 8 | time = [11318, 11612, 12366, 11272, 11343, 11362] | memory = [47974, 47993, 46440, 46563, 47490, 47717]
cv:0.03316496552801964
line465:max stage:2, min stage:3, max_value:12366.94516269201, min_value:11272.45197069201
fix|11573.83|47993.27| op = [105, 107, 51, 54, 53, 49]| tp = [1, 1, 1, 1, 1, 1, ] | dp = [2, 2, 1, 1, 1, 1, ] | algo = [0, 0, 0, 0, 0, 0, ] | rc = [50, 50, 27, 16, 17, 6] | gpus = [2, 2, 1, 1, 1, 1] | micro_bs = 8 | time = [11279, 11573, 11276, 11087, 11304, 11323] | memory = [47974, 47993, 47251, 47043, 47490, 47717]
best|11278.36|47974.14| op = [105, 106, 52, 54, 53, 49]| tp = [1, 1, 1, 1, 1, 1, ] | dp = [2, 2, 1, 1, 1, 1, ] | algo = [0, 0, 0, 0, 0, 0, ] | rc = [50, 38, 16, 16, 17, 6] | gpus = [2, 2, 1, 1, 1, 1] | micro_bs = 8 | time = [11233, 10890, 10453, 11042, 11259, 11278] | memory = [47974, 47353, 47300, 47043, 47490, 47717]
line146:config.memory_list:[47974.13800000008, 47353.27000000009, 47300.0, 47043.0, 47490.0, 47717.203]
line147:config.time_list:[11233.924560609159, 10890.63062828893, 10453.857122294778, 11042.080816436683, 11259.081432578585, 11278.360160159122]
求解成功
config has been saved to /home/liminglong.lml/sxz/SuperScaler/logs-large/aceso/configs/mbs/256/gpt_2_6B_6stages_2026-5-15-13-23-15.json

========== Best Result (num_stages = 6) ==========
|11278.36|47974.14| op = [105, 106, 52, 54, 53, 49]| tp = [1, 1, 1, 1, 1, 1, ] | dp = [2, 2, 1, 1, 1, 1, ] | algo = [0, 0, 0, 0, 0, 0, ] | rc = [50, 38, 16, 16, 17, 6] | gpus = [2, 2, 1, 1, 1, 1] | micro_bs = 8 | time = [11233, 10890, 10453, 11042, 11259, 11278] | memory = [47974, 47353, 47300, 47043, 47490, 47717]
start|12115.11|47974.14| op = [105, 105, 52, 52, 52, 53]| tp = [1, 1, 1, 1, 1, 1, ] | dp = [2, 2, 1, 1, 1, 1, ] | algo = [0, 0, 0, 0, 0, 0, ] | rc = [50, 36, 16, 14, 10, 10] | gpus = [2, 2, 1, 1, 1, 1] | micro_bs = 8 | time = [11187, 10625, 10367, 10222, 9931, 12115] | memory = [47974, 47253, 46660, 46563, 46466, 47937]
fix|11716.44|47974.14| op = [105, 105, 52, 52, 53, 52]| tp = [1, 1, 1, 1, 1, 1, ] | dp = [2, 2, 1, 1, 1, 1, ] | algo = [0, 0, 0, 0, 0, 0, ] | rc = [50, 36, 16, 14, 10, 8] | gpus = [2, 2, 1, 1, 1, 1] | micro_bs = 8 | time = [11184, 10622, 10364, 10219, 10229, 11716] | memory = [47974, 47253, 46660, 46563, 47246, 47877]
fix|11886.45|47974.14| op = [105, 105, 52, 53, 53, 51]| tp = [1, 1, 1, 1, 1, 1, ] | dp = [2, 2, 1, 1, 1, 1, ] | algo = [0, 0, 0, 0, 0, 0, ] | rc = [50, 36, 16, 14, 12, 9] | gpus = [2, 2, 1, 1, 1, 1] | micro_bs = 8 | time = [11208, 10646, 10388, 10544, 10547, 11886] | memory = [47974, 47253, 46660, 47583, 46786, 47717]
fix|11654.42|47974.14| op = [105, 105, 53, 53, 53, 50]| tp = [1, 1, 1, 1, 1, 1, ] | dp = [2, 2, 1, 1, 1, 1, ] | algo = [0, 0, 0, 0, 0, 0, ] | rc = [50, 36, 16, 16, 13, 8] | gpus = [2, 2, 1, 1, 1, 1] | micro_bs = 8 | time = [11230, 10667, 10710, 10859, 10893, 11654] | memory = [47974, 47253, 47920, 47043, 46466, 47717]
fix|11846.88|47974.14| op = [105, 106, 53, 53, 53, 49]| tp = [1, 1, 1, 1, 1, 1, ] | dp = [2, 2, 1, 1, 1, 1, ] | algo = [0, 0, 0, 0, 0, 0, ] | rc = [50, 38, 28, 17, 17, 6] | gpus = [2, 2, 1, 1, 1, 1] | micro_bs = 8 | time = [11282, 10938, 11846, 11236, 11307, 11326] | memory = [47974, 47353, 47732, 46563, 47490, 47717]
fix|12366.95|47993.27| op = [105, 107, 52, 53, 53, 49]| tp = [1, 1, 1, 1, 1, 1, ] | dp = [2, 2, 1, 1, 1, 1, ] | algo = [0, 0, 0, 0, 0, 0, ] | rc = [50, 50, 49, 17, 17, 6] | gpus = [2, 2, 1, 1, 1, 1] | micro_bs = 8 | time = [11318, 11612, 12366, 11272, 11343, 11362] | memory = [47974, 47993, 46440, 46563, 47490, 47717]
fix|11573.83|47993.27| op = [105, 107, 51, 54, 53, 49]| tp = [1, 1, 1, 1, 1, 1, ] | dp = [2, 2, 1, 1, 1, 1, ] | algo = [0, 0, 0, 0, 0, 0, ] | rc = [50, 50, 27, 16, 17, 6] | gpus = [2, 2, 1, 1, 1, 1] | micro_bs = 8 | time = [11279, 11573, 11276, 11087, 11304, 11323] | memory = [47974, 47993, 47251, 47043, 47490, 47717]
best|11573.83|47993.27| op = [105, 107, 51, 54, 53, 49]| tp = [1, 1, 1, 1, 1, 1, ] | dp = [2, 2, 1, 1, 1, 1, ] | algo = [0, 0, 0, 0, 0, 0, ] | rc = [50, 50, 27, 16, 17, 6] | gpus = [2, 2, 1, 1, 1, 1] | micro_bs = 8 | time = [11279, 11573, 11276, 11087, 11304, 11323] | memory = [47974, 47993, 47251, 47043, 47490, 47717]
decode|11573.83|47993.27| op = [105, 107, 51, 54, 53, 49]| tp = [1, 1, 1, 1, 1, 1, ] | dp = [2, 2, 1, 1, 1, 1, ] | algo = [0, 0, 0, 0, 0, 0, ] | rc = [50, 50, 27, 16, 17, 6] | gpus = [2, 2, 1, 1, 1, 1] | micro_bs = 8 | time = [11279, 11573, 11276, 11087, 11304, 11323] | memory = [47974, 47993, 47251, 47043, 47490, 47717]
fix|11301.65|47974.14| op = [105, 106, 51, 55, 53, 49]| tp = [1, 1, 1, 1, 1, 1, ] | dp = [2, 2, 1, 1, 1, 1, ] | algo = [0, 0, 0, 0, 0, 0, ] | rc = [50, 38, 16, 16, 17, 6] | gpus = [2, 2, 1, 1, 1, 1] | micro_bs = 8 | time = [11232, 10889, 10151, 11301, 11257, 11277] | memory = [47974, 47353, 46040, 47583, 47490, 47717]
fix|11278.36|47974.14| op = [105, 106, 52, 54, 53, 49]| tp = [1, 1, 1, 1, 1, 1, ] | dp = [2, 2, 1, 1, 1, 1, ] | algo = [0, 0, 0, 0, 0, 0, ] | rc = [50, 38, 16, 16, 17, 6] | gpus = [2, 2, 1, 1, 1, 1] | micro_bs = 8 | time = [11233, 10890, 10453, 11042, 11259, 11278] | memory = [47974, 47353, 47300, 47043, 47490, 47717]
best|11278.36|47974.14| op = [105, 106, 52, 54, 53, 49]| tp = [1, 1, 1, 1, 1, 1, ] | dp = [2, 2, 1, 1, 1, 1, ] | algo = [0, 0, 0, 0, 0, 0, ] | rc = [50, 38, 16, 16, 17, 6] | gpus = [2, 2, 1, 1, 1, 1] | micro_bs = 8 | time = [11233, 10890, 10453, 11042, 11259, 11278] | memory = [47974, 47353, 47300, 47043, 47490, 47717]

num_targets: []
num_hops: []
search time = 0.00 s.  [0] 
num_explored_cases = 0
time trend: [12115]

stage 6 search time: 0.40 s
working on num_stages = 7
start|12445.99|47937.33| op = [105, 52, 52, 52, 52, 52, 54]| tp = [1, 1, 1, 1, 1, 1, 1, ] | dp = [2, 1, 1, 1, 1, 1, 1, ] | algo = [0, 0, 0, 0, 0, 0, 0, ] | rc = [56, 27, 22, 16, 14, 10, 10] | gpus = [2, 1, 1, 1, 1, 1, 1] | micro_bs = 8 | time = [11830, 11533, 11072, 10668, 10523, 10232, 12445] | memory = [47555, 46902, 47701, 46340, 46323, 46306, 47937]
line465:max stage:6, min stage:5, max_value:12445.993916877746, min_value:10232.674392695382
fix|12434.49|47937.20| op = [105, 52, 52, 52, 52, 53, 53]| tp = [1, 1, 1, 1, 1, 1, 1, ] | dp = [2, 1, 1, 1, 1, 1, 1, ] | algo = [0, 0, 0, 0, 0, 0, 0, ] | rc = [56, 27, 22, 16, 14, 10, 10] | gpus = [2, 1, 1, 1, 1, 1, 1] | micro_bs = 8 | time = [11830, 11533, 11073, 10668, 10523, 10263, 12434] | memory = [47555, 46902, 47701, 46340, 46323, 46466, 47937]
cv:0.06467031615124945
line465:max stage:6, min stage:5, max_value:12434.492527539243, min_value:10263.17000535688
fix|12035.83|47877.20| op = [105, 52, 52, 52, 52, 54, 52]| tp = [1, 1, 1, 1, 1, 1, 1, ] | dp = [2, 1, 1, 1, 1, 1, 1, ] | algo = [0, 0, 0, 0, 0, 0, 0, ] | rc = [56, 27, 22, 16, 14, 10, 8] | gpus = [2, 1, 1, 1, 1, 1, 1] | micro_bs = 8 | time = [11827, 11530, 11070, 10665, 10520, 10561, 12035] | memory = [47555, 46902, 47701, 46340, 46323, 47246, 47877]
cv:0.05206110269464054
line465:max stage:6, min stage:4, max_value:12035.827023722186, min_value:10520.646729079896
fix|12205.11|47717.20| op = [105, 52, 52, 52, 53, 54, 51]| tp = [1, 1, 1, 1, 1, 1, 1, ] | dp = [2, 1, 1, 1, 1, 1, 1, ] | algo = [0, 0, 0, 0, 0, 0, 0, ] | rc = [56, 27, 22, 16, 14, 12, 9] | gpus = [2, 1, 1, 1, 1, 1, 1] | micro_bs = 8 | time = [11850, 11554, 11093, 10689, 10573, 11127, 12205] | memory = [47555, 46902, 47701, 46340, 46563, 47246, 47717]
cv:0.049167498761495725
line465:max stage:6, min stage:4, max_value:12205.107037140118, min_value:10573.749263492486
fix|11950.48|47717.20| op = [105, 52, 52, 52, 54, 54, 50]| tp = [1, 1, 1, 1, 1, 1, 1, ] | dp = [2, 1, 1, 1, 1, 1, 1, ] | algo = [0, 0, 0, 0, 0, 0, 0, ] | rc = [56, 27, 22, 16, 14, 12, 8] | gpus = [2, 1, 1, 1, 1, 1, 1] | micro_bs = 8 | time = [11849, 11552, 11092, 10687, 10873, 11043, 11950] | memory = [47555, 46902, 47701, 46340, 47583, 46786, 47717]
cv:0.04035631847928159
line465:max stage:6, min stage:3, max_value:11950.476735999691, min_value:10687.938540215495
fix|11880.42|47717.20| op = [105, 52, 52, 53, 54, 54, 49]| tp = [1, 1, 1, 1, 1, 1, 1, ] | dp = [2, 1, 1, 1, 1, 1, 1, ] | algo = [0, 0, 0, 0, 0, 0, 0, ] | rc = [56, 27, 22, 16, 16, 18, 6] | gpus = [2, 1, 1, 1, 1, 1, 1] | micro_bs = 8 | time = [11880, 11583, 11122, 10748, 11447, 11835, 11601] | memory = [47555, 46902, 47701, 46660, 47583, 47490, 47717]
cv:0.032531890395345306
line465:max stage:0, min stage:3, max_value:11880.41856872576, min_value:10748.621127628085
fix|11840.15|47975.16| op = [104, 52, 52, 54, 54, 54, 49]| tp = [1, 1, 1, 1, 1, 1, 1, ] | dp = [2, 1, 1, 1, 1, 1, 1, ] | algo = [0, 0, 0, 0, 0, 0, 0, ] | rc = [55, 27, 24, 16, 16, 18, 6] | gpus = [2, 1, 1, 1, 1, 1, 1] | micro_bs = 8 | time = [11824, 11606, 11280, 10783, 11451, 11840, 11605] | memory = [47975, 47382, 46501, 47460, 47583, 47490, 47717]
cv:0.029536666242915337
line465:max stage:5, min stage:3, max_value:11840.150414304146, min_value:10783.975197740445
fix|11828.16|47975.16| op = [104, 52, 52, 55, 54, 53, 49]| tp = [1, 1, 1, 1, 1, 1, 1, ] | dp = [2, 1, 1, 1, 1, 1, 1, ] | algo = [0, 0, 0, 0, 0, 0, 0, ] | rc = [55, 27, 24, 18, 16, 17, 6] | gpus = [2, 1, 1, 1, 1, 1, 1] | micro_bs = 8 | time = [11828, 11609, 11283, 11223, 11372, 11589, 11609] | memory = [47975, 47382, 46501, 47440, 47043, 47490, 47717]
cv:0.017367923793768635
line465:max stage:0, min stage:3, max_value:11828.159218554954, min_value:11223.138186923385
fix|11799.05|47840.50| op = [103, 52, 52, 56, 54, 53, 49]| tp = [1, 1, 1, 1, 1, 1, 1, ] | dp = [2, 1, 1, 1, 1, 1, 1, ] | algo = [0, 0, 0, 0, 0, 0, 0, ] | rc = [55, 28, 24, 20, 16, 17, 6] | gpus = [2, 1, 1, 1, 1, 1, 1] | micro_bs = 8 | time = [11704, 11799, 11364, 11709, 11390, 11607, 11627] | memory = [47295, 47382, 47701, 47840, 47043, 47490, 47717]
best|11799.05|47840.50| op = [103, 52, 52, 56, 54, 53, 49]| tp = [1, 1, 1, 1, 1, 1, 1, ] | dp = [2, 1, 1, 1, 1, 1, 1, ] | algo = [0, 0, 0, 0, 0, 0, 0, ] | rc = [55, 28, 24, 20, 16, 17, 6] | gpus = [2, 1, 1, 1, 1, 1, 1] | micro_bs = 8 | time = [11704, 11799, 11364, 11709, 11390, 11607, 11627] | memory = [47295, 47382, 47701, 47840, 47043, 47490, 47717]
line146:config.memory_list:[47295.16100000008, 47382.0, 47701.0, 47840.5, 47043.0, 47490.0, 47717.203]
line147:config.time_list:[11704.92455777152, 11799.051394498256, 11364.379934498258, 11709.194316428864, 11390.968976501379, 11607.969592643283, 11627.248320223818]
------------------------------------------------------------------------------------------------------
cegis_search for the 0th times
开始求解check...
line351:
tp_list[1, 1, 1, 1, 1, 1, 1, 1, 1, 1, 1, 1, 1, 1, 1, 1, 1, 1, 1, 1, 1, 1, 1, 1, 1, 1, 1, 1, 1, 1, 1, 1, 1, 1, 1, 1, 1, 1, 1, 1, 1, 1, 1, 1, 1, 1, 1, 1, 1, 1, 1, 1, 1, 1, 1, 1, 1, 1, 1, 1, 1, 1, 1, 1, 1, 1, 1, 1, 1, 1, 1, 1, 1, 1, 1, 1, 1, 1, 1, 1, 1, 1, 1, 1, 1, 1, 1, 1, 1, 1, 1, 1, 1, 1, 1, 1, 1, 1, 1, 1, 1, 1, 1, 1, 1, 1, 1, 1, 1, 1, 1, 1, 1, 1, 1, 1, 1, 1, 1, 1, 1, 1, 1, 1, 1, 1, 1, 1, 1, 1, 1, 1, 1, 1, 1, 1, 1, 1, 1, 1, 1, 1, 1, 1, 1, 1, 1, 1, 1, 1, 1, 1, 1, 1, 1, 1, 1, 1, 1, 1, 1, 1, 1, 1, 1, 1, 1, 1, 1, 1, 1, 1, 1, 1, 1, 1, 1, 1, 1, 1, 1, 1, 1, 1, 1, 1, 1, 1, 1, 1, 1, 1, 1, 1, 1, 1, 1, 1, 1, 1, 1, 1, 1, 1, 1, 1, 1, 1, 1, 1, 1, 1, 1, 1, 1, 1, 1, 1, 1, 1, 1, 1, 1, 1, 1, 1, 1, 1, 1, 1, 1, 1, 1, 1, 1, 1, 1, 1, 1, 1, 1, 1, 1, 1, 1, 1, 1, 1, 1, 1, 1, 1, 1, 1, 1, 1, 1, 1, 1, 1, 1, 1, 1, 1, 1, 1, 1, 1, 1, 1, 1, 1, 1, 1, 1, 1, 1, 1, 1, 1, 1, 1, 1, 1, 1, 1, 1, 1, 1, 1, 1, 1, 1, 1, 1, 1, 1, 1, 1, 1, 1, 1, 1, 1, 1, 1, 1, 1, 1, 1, 1, 1, 1, 1, 1, 1, 1, 1, 1, 1, 1, 1, 1, 1, 1, 1, 1, 1, 1, 1, 1, 1, 1, 1, 1, 1, 1, 1, 1, 1, 1, 1, 1, 1, 1, 1, 1, 1, 1, 1, 1, 1, 1, 1, 1, 1, 1, 1, 1, 1, 1, 1, 1, 1, 1, 1, 1, 1, 1, 1, 1, 1, 1, 1, 1, 1, 1, 1, 1, 1, 1, 1, 1, 1, 1, 1, 1, 1, 1, 1, 1, 1, 1, 1, 1, 1, 1, 1, 1, 1, 1, 1, 1, 1, 1, 1, 1, 1, 1, 1, 1, 1, 1, 1, 1, 1, 1, 1, 1]
dp_list[2, 2, 2, 2, 2, 2, 2, 2, 2, 2, 2, 2, 2, 2, 2, 2, 2, 2, 2, 2, 2, 2, 2, 2, 2, 2, 2, 2, 2, 2, 2, 2, 2, 2, 2, 2, 2, 2, 2, 2, 2, 2, 2, 2, 2, 2, 2, 2, 2, 2, 2, 2, 2, 2, 2, 2, 2, 2, 2, 2, 2, 2, 2, 2, 2, 2, 2, 2, 2, 2, 2, 2, 2, 2, 2, 2, 2, 2, 2, 2, 2, 2, 2, 2, 2, 2, 2, 2, 2, 2, 2, 2, 2, 2, 2, 2, 2, 2, 2, 2, 2, 2, 2, 1, 1, 1, 1, 1, 1, 1, 1, 1, 1, 1, 1, 1, 1, 1, 1, 1, 1, 1, 1, 1, 1, 1, 1, 1, 1, 1, 1, 1, 1, 1, 1, 1, 1, 1, 1, 1, 1, 1, 1, 1, 1, 1, 1, 1, 1, 1, 1, 1, 1, 1, 1, 1, 1, 1, 1, 1, 1, 1, 1, 1, 1, 1, 1, 1, 1, 1, 1, 1, 1, 1, 1, 1, 1, 1, 1, 1, 1, 1, 1, 1, 1, 1, 1, 1, 1, 1, 1, 1, 1, 1, 1, 1, 1, 1, 1, 1, 1, 1, 1, 1, 1, 1, 1, 1, 1, 1, 1, 1, 1, 1, 1, 1, 1, 1, 1, 1, 1, 1, 1, 1, 1, 1, 1, 1, 1, 1, 1, 1, 1, 1, 1, 1, 1, 1, 1, 1, 1, 1, 1, 1, 1, 1, 1, 1, 1, 1, 1, 1, 1, 1, 1, 1, 1, 1, 1, 1, 1, 1, 1, 1, 1, 1, 1, 1, 1, 1, 1, 1, 1, 1, 1, 1, 1, 1, 1, 1, 1, 1, 1, 1, 1, 1, 1, 1, 1, 1, 1, 1, 1, 1, 1, 1, 1, 1, 1, 1, 1, 1, 1, 1, 1, 1, 1, 1, 1, 1, 1, 1, 1, 1, 1, 1, 1, 1, 1, 1, 1, 1, 1, 1, 1, 1, 1, 1, 1, 1, 1, 1, 1, 1, 1, 1, 1, 1, 1, 1, 1, 1, 1, 1, 1, 1, 1, 1, 1, 1, 1, 1, 1, 1, 1, 1, 1, 1, 1, 1, 1, 1, 1, 1, 1, 1, 1, 1, 1, 1, 1, 1, 1, 1, 1, 1, 1, 1, 1, 1, 1, 1, 1, 1, 1, 1, 1, 1, 1, 1, 1, 1, 1, 1, 1, 1, 1, 1, 1, 1, 1, 1, 1, 1, 1, 1, 1, 1, 1, 1, 1, 1, 1, 1, 1, 1, 1, 1, 1]
algo_list[0, 0, 0, 0, 0, 0, 0, 0, 0, 0, 0, 0, 0, 0, 0, 0, 0, 0, 0, 0, 0, 0, 0, 0, 0, 0, 0, 0, 0, 0, 0, 0, 0, 0, 0, 0, 0, 0, 0, 0, 0, 0, 0, 0, 0, 0, 0, 0, 0, 0, 0, 0, 0, 0, 0, 0, 0, 0, 0, 0, 0, 0, 0, 0, 0, 0, 0, 0, 0, 0, 0, 0, 0, 0, 0, 0, 0, 0, 0, 0, 0, 0, 0, 0, 0, 0, 0, 0, 0, 0, 0, 0, 0, 0, 0, 0, 0, 0, 0, 0, 0, 0, 0, 0, 0, 0, 0, 0, 0, 0, 0, 0, 0, 0, 0, 0, 0, 0, 0, 0, 0, 0, 0, 0, 0, 0, 0, 0, 0, 0, 0, 0, 0, 0, 0, 0, 0, 0, 0, 0, 0, 0, 0, 0, 0, 0, 0, 0, 0, 0, 0, 0, 0, 0, 0, 0, 0, 0, 0, 0, 0, 0, 0, 0, 0, 0, 0, 0, 0, 0, 0, 0, 0, 0, 0, 0, 0, 0, 0, 0, 0, 0, 0, 0, 0, 0, 0, 0, 0, 0, 0, 0, 0, 0, 0, 0, 0, 0, 0, 0, 0, 0, 0, 0, 0, 0, 0, 0, 0, 0, 0, 0, 0, 0, 0, 0, 0, 0, 0, 0, 0, 0, 0, 0, 0, 0, 0, 0, 0, 0, 0, 0, 0, 0, 0, 0, 0, 0, 0, 0, 0, 0, 0, 0, 0, 0, 0, 0, 0, 0, 0, 0, 0, 0, 0, 0, 0, 0, 0, 0, 0, 0, 0, 0, 0, 0, 0, 0, 0, 0, 0, 0, 0, 0, 0, 0, 0, 0, 0, 0, 0, 0, 0, 0, 0, 0, 0, 0, 0, 0, 0, 0, 0, 0, 0, 0, 0, 0, 0, 0, 0, 0, 0, 0, 0, 0, 0, 0, 0, 0, 0, 0, 0, 0, 0, 0, 0, 0, 0, 0, 0, 0, 0, 0, 0, 0, 0, 0, 0, 0, 0, 0, 0, 0, 0, 0, 0, 0, 0, 0, 0, 0, 0, 0, 0, 0, 0, 0, 0, 0, 0, 0, 0, 0, 0, 0, 0, 0, 0, 0, 0, 0, 0, 0, 0, 0, 0, 0, 0, 0, 0, 0, 0, 0, 0, 0, 0, 0, 0, 0, 0, 0, 0, 0, 0, 0, 0, 0, 0, 0, 0, 0, 0, 0, 0, 0, 0, 0, 0, 0, 0, 0, 0, 0, 0, 0, 0, 0, 0, 0, 0, 0, 0, 0, 0, 0, 0, 0, 0]

decode|11799.05|47840.50| op = [103, 52, 52, 56, 54, 53, 49]| tp = [1, 1, 1, 1, 1, 1, 1, ] | dp = [2, 1, 1, 1, 1, 1, 1, ] | algo = [0, 0, 0, 0, 0, 0, 0, ] | rc = [55, 28, 24, 20, 16, 17, 6] | gpus = [2, 1, 1, 1, 1, 1, 1] | micro_bs = 8 | time = [11704, 11799, 11364, 11709, 11390, 11607, 11627] | memory = [47295, 47382, 47701, 47840, 47043, 47490, 47717]
验证解
line465:max stage:1, min stage:2, max_value:11799.051394498256, min_value:11364.379934498258
fix|11740.47|47840.50| op = [103, 51, 53, 56, 54, 53, 49]| tp = [1, 1, 1, 1, 1, 1, 1, ] | dp = [2, 1, 1, 1, 1, 1, 1, ] | algo = [0, 0, 0, 0, 0, 0, 0, ] | rc = [55, 27, 26, 20, 16, 17, 6] | gpus = [2, 1, 1, 1, 1, 1, 1] | micro_bs = 8 | time = [11707, 11740, 11500, 11711, 11393, 11610, 11629] | memory = [47295, 47382, 47701, 47840, 47043, 47490, 47717]
best|11740.47|47840.50| op = [103, 51, 53, 56, 54, 53, 49]| tp = [1, 1, 1, 1, 1, 1, 1, ] | dp = [2, 1, 1, 1, 1, 1, 1, ] | algo = [0, 0, 0, 0, 0, 0, 0, ] | rc = [55, 27, 26, 20, 16, 17, 6] | gpus = [2, 1, 1, 1, 1, 1, 1] | micro_bs = 8 | time = [11707, 11740, 11500, 11711, 11393, 11610, 11629] | memory = [47295, 47382, 47701, 47840, 47043, 47490, 47717]
line146:config.memory_list:[47295.16100000008, 47382.0, 47701.099999999984, 47840.5, 47043.0, 47490.0, 47717.203]
line147:config.time_list:[11707.277148378229, 11740.472099508983, 11500.594719508985, 11711.546907035576, 11393.32156710809, 11610.322183249993, 11629.60091083053]
求解成功
config has been saved to /home/liminglong.lml/sxz/SuperScaler/logs-large/aceso/configs/mbs/256/gpt_2_6B_7stages_2026-5-15-13-23-15.json

========== Best Result (num_stages = 7) ==========
|11740.47|47840.50| op = [103, 51, 53, 56, 54, 53, 49]| tp = [1, 1, 1, 1, 1, 1, 1, ] | dp = [2, 1, 1, 1, 1, 1, 1, ] | algo = [0, 0, 0, 0, 0, 0, 0, ] | rc = [55, 27, 26, 20, 16, 17, 6] | gpus = [2, 1, 1, 1, 1, 1, 1] | micro_bs = 8 | time = [11707, 11740, 11500, 11711, 11393, 11610, 11629] | memory = [47295, 47382, 47701, 47840, 47043, 47490, 47717]
start|12445.99|47937.33| op = [105, 52, 52, 52, 52, 52, 54]| tp = [1, 1, 1, 1, 1, 1, 1, ] | dp = [2, 1, 1, 1, 1, 1, 1, ] | algo = [0, 0, 0, 0, 0, 0, 0, ] | rc = [56, 27, 22, 16, 14, 10, 10] | gpus = [2, 1, 1, 1, 1, 1, 1] | micro_bs = 8 | time = [11830, 11533, 11072, 10668, 10523, 10232, 12445] | memory = [47555, 46902, 47701, 46340, 46323, 46306, 47937]
fix|12434.49|47937.20| op = [105, 52, 52, 52, 52, 53, 53]| tp = [1, 1, 1, 1, 1, 1, 1, ] | dp = [2, 1, 1, 1, 1, 1, 1, ] | algo = [0, 0, 0, 0, 0, 0, 0, ] | rc = [56, 27, 22, 16, 14, 10, 10] | gpus = [2, 1, 1, 1, 1, 1, 1] | micro_bs = 8 | time = [11830, 11533, 11073, 10668, 10523, 10263, 12434] | memory = [47555, 46902, 47701, 46340, 46323, 46466, 47937]
fix|12035.83|47877.20| op = [105, 52, 52, 52, 52, 54, 52]| tp = [1, 1, 1, 1, 1, 1, 1, ] | dp = [2, 1, 1, 1, 1, 1, 1, ] | algo = [0, 0, 0, 0, 0, 0, 0, ] | rc = [56, 27, 22, 16, 14, 10, 8] | gpus = [2, 1, 1, 1, 1, 1, 1] | micro_bs = 8 | time = [11827, 11530, 11070, 10665, 10520, 10561, 12035] | memory = [47555, 46902, 47701, 46340, 46323, 47246, 47877]
fix|12205.11|47717.20| op = [105, 52, 52, 52, 53, 54, 51]| tp = [1, 1, 1, 1, 1, 1, 1, ] | dp = [2, 1, 1, 1, 1, 1, 1, ] | algo = [0, 0, 0, 0, 0, 0, 0, ] | rc = [56, 27, 22, 16, 14, 12, 9] | gpus = [2, 1, 1, 1, 1, 1, 1] | micro_bs = 8 | time = [11850, 11554, 11093, 10689, 10573, 11127, 12205] | memory = [47555, 46902, 47701, 46340, 46563, 47246, 47717]
fix|11950.48|47717.20| op = [105, 52, 52, 52, 54, 54, 50]| tp = [1, 1, 1, 1, 1, 1, 1, ] | dp = [2, 1, 1, 1, 1, 1, 1, ] | algo = [0, 0, 0, 0, 0, 0, 0, ] | rc = [56, 27, 22, 16, 14, 12, 8] | gpus = [2, 1, 1, 1, 1, 1, 1] | micro_bs = 8 | time = [11849, 11552, 11092, 10687, 10873, 11043, 11950] | memory = [47555, 46902, 47701, 46340, 47583, 46786, 47717]
fix|11880.42|47717.20| op = [105, 52, 52, 53, 54, 54, 49]| tp = [1, 1, 1, 1, 1, 1, 1, ] | dp = [2, 1, 1, 1, 1, 1, 1, ] | algo = [0, 0, 0, 0, 0, 0, 0, ] | rc = [56, 27, 22, 16, 16, 18, 6] | gpus = [2, 1, 1, 1, 1, 1, 1] | micro_bs = 8 | time = [11880, 11583, 11122, 10748, 11447, 11835, 11601] | memory = [47555, 46902, 47701, 46660, 47583, 47490, 47717]
fix|11840.15|47975.16| op = [104, 52, 52, 54, 54, 54, 49]| tp = [1, 1, 1, 1, 1, 1, 1, ] | dp = [2, 1, 1, 1, 1, 1, 1, ] | algo = [0, 0, 0, 0, 0, 0, 0, ] | rc = [55, 27, 24, 16, 16, 18, 6] | gpus = [2, 1, 1, 1, 1, 1, 1] | micro_bs = 8 | time = [11824, 11606, 11280, 10783, 11451, 11840, 11605] | memory = [47975, 47382, 46501, 47460, 47583, 47490, 47717]
fix|11828.16|47975.16| op = [104, 52, 52, 55, 54, 53, 49]| tp = [1, 1, 1, 1, 1, 1, 1, ] | dp = [2, 1, 1, 1, 1, 1, 1, ] | algo = [0, 0, 0, 0, 0, 0, 0, ] | rc = [55, 27, 24, 18, 16, 17, 6] | gpus = [2, 1, 1, 1, 1, 1, 1] | micro_bs = 8 | time = [11828, 11609, 11283, 11223, 11372, 11589, 11609] | memory = [47975, 47382, 46501, 47440, 47043, 47490, 47717]
fix|11799.05|47840.50| op = [103, 52, 52, 56, 54, 53, 49]| tp = [1, 1, 1, 1, 1, 1, 1, ] | dp = [2, 1, 1, 1, 1, 1, 1, ] | algo = [0, 0, 0, 0, 0, 0, 0, ] | rc = [55, 28, 24, 20, 16, 17, 6] | gpus = [2, 1, 1, 1, 1, 1, 1] | micro_bs = 8 | time = [11704, 11799, 11364, 11709, 11390, 11607, 11627] | memory = [47295, 47382, 47701, 47840, 47043, 47490, 47717]
best|11799.05|47840.50| op = [103, 52, 52, 56, 54, 53, 49]| tp = [1, 1, 1, 1, 1, 1, 1, ] | dp = [2, 1, 1, 1, 1, 1, 1, ] | algo = [0, 0, 0, 0, 0, 0, 0, ] | rc = [55, 28, 24, 20, 16, 17, 6] | gpus = [2, 1, 1, 1, 1, 1, 1] | micro_bs = 8 | time = [11704, 11799, 11364, 11709, 11390, 11607, 11627] | memory = [47295, 47382, 47701, 47840, 47043, 47490, 47717]
decode|11799.05|47840.50| op = [103, 52, 52, 56, 54, 53, 49]| tp = [1, 1, 1, 1, 1, 1, 1, ] | dp = [2, 1, 1, 1, 1, 1, 1, ] | algo = [0, 0, 0, 0, 0, 0, 0, ] | rc = [55, 28, 24, 20, 16, 17, 6] | gpus = [2, 1, 1, 1, 1, 1, 1] | micro_bs = 8 | time = [11704, 11799, 11364, 11709, 11390, 11607, 11627] | memory = [47295, 47382, 47701, 47840, 47043, 47490, 47717]
fix|11740.47|47840.50| op = [103, 51, 53, 56, 54, 53, 49]| tp = [1, 1, 1, 1, 1, 1, 1, ] | dp = [2, 1, 1, 1, 1, 1, 1, ] | algo = [0, 0, 0, 0, 0, 0, 0, ] | rc = [55, 27, 26, 20, 16, 17, 6] | gpus = [2, 1, 1, 1, 1, 1, 1] | micro_bs = 8 | time = [11707, 11740, 11500, 11711, 11393, 11610, 11629] | memory = [47295, 47382, 47701, 47840, 47043, 47490, 47717]
best|11740.47|47840.50| op = [103, 51, 53, 56, 54, 53, 49]| tp = [1, 1, 1, 1, 1, 1, 1, ] | dp = [2, 1, 1, 1, 1, 1, 1, ] | algo = [0, 0, 0, 0, 0, 0, 0, ] | rc = [55, 27, 26, 20, 16, 17, 6] | gpus = [2, 1, 1, 1, 1, 1, 1] | micro_bs = 8 | time = [11707, 11740, 11500, 11711, 11393, 11610, 11629] | memory = [47295, 47382, 47701, 47840, 47043, 47490, 47717]

num_targets: []
num_hops: []
search time = 0.00 s.  [0] 
num_explored_cases = 0
time trend: [12445]

stage 7 search time: 0.27 s
working on num_stages = 8
start|12935.94|47817.33| op = [52, 52, 52, 52, 52, 52, 52, 55]| tp = [1, 1, 1, 1, 1, 1, 1, 1, ] | dp = [1, 1, 1, 1, 1, 1, 1, 1, ] | algo = [0, 0, 0, 0, 0, 0, 0, 0, ] | rc = [38, 36, 27, 24, 16, 14, 10, 12] | gpus = [1, 1, 1, 1, 1, 1, 1, 1] | micro_bs = 8 | time = [12144, 12062, 11875, 11549, 11010, 10865, 10574, 12935] | memory = [47779, 46939, 47382, 46501, 46660, 46563, 46466, 47817]
line465:max stage:7, min stage:6, max_value:12935.942910635455, min_value:10574.920556956493
fix|12765.47|47937.33| op = [52, 52, 52, 52, 52, 52, 53, 54]| tp = [1, 1, 1, 1, 1, 1, 1, 1, ] | dp = [1, 1, 1, 1, 1, 1, 1, 1, ] | algo = [0, 0, 0, 0, 0, 0, 0, 0, ] | rc = [38, 36, 27, 24, 16, 14, 10, 10] | gpus = [1, 1, 1, 1, 1, 1, 1, 1] | micro_bs = 8 | time = [12139, 12057, 11870, 11544, 11005, 10860, 10582, 12765] | memory = [47779, 46939, 47382, 46501, 46660, 46563, 46706, 47937]
cv:0.05993479681159775
line465:max stage:7, min stage:6, max_value:12765.473113938284, min_value:10582.953193259322
fix|12753.97|47937.20| op = [52, 52, 52, 52, 52, 52, 54, 53]| tp = [1, 1, 1, 1, 1, 1, 1, 1, ] | dp = [1, 1, 1, 1, 1, 1, 1, 1, ] | algo = [0, 0, 0, 0, 0, 0, 0, 0, ] | rc = [38, 36, 27, 24, 16, 14, 10, 10] | gpus = [1, 1, 1, 1, 1, 1, 1, 1] | micro_bs = 8 | time = [12139, 12057, 11871, 11545, 11006, 10861, 10613, 12753] | memory = [47779, 46939, 47382, 46501, 46660, 46563, 46866, 47937]
cv:0.0592339666492909
line465:max stage:7, min stage:6, max_value:12753.971724599782, min_value:10613.44880592082
fix|12355.31|47877.20| op = [52, 52, 52, 52, 52, 52, 55, 52]| tp = [1, 1, 1, 1, 1, 1, 1, 1, ] | dp = [1, 1, 1, 1, 1, 1, 1, 1, ] | algo = [0, 0, 0, 0, 0, 0, 0, 0, ] | rc = [38, 36, 27, 24, 16, 14, 10, 8] | gpus = [1, 1, 1, 1, 1, 1, 1, 1] | micro_bs = 8 | time = [12136, 12054, 11868, 11542, 11003, 10857, 10911, 12355] | memory = [47779, 46939, 47382, 46501, 46660, 46563, 47646, 47877]
cv:0.04842886380941372
line465:max stage:7, min stage:5, max_value:12355.306220782724, min_value:10857.970555147236
fix|12523.44|47779.62| op = [52, 52, 52, 52, 52, 53, 55, 51]| tp = [1, 1, 1, 1, 1, 1, 1, 1, ] | dp = [1, 1, 1, 1, 1, 1, 1, 1, ] | algo = [0, 0, 0, 0, 0, 0, 0, 0, ] | rc = [38, 36, 27, 24, 16, 14, 12, 9] | gpus = [1, 1, 1, 1, 1, 1, 1, 1] | micro_bs = 8 | time = [12158, 12076, 11890, 11564, 11025, 10892, 11457, 12523] | memory = [47779, 46939, 47382, 46501, 46660, 46923, 47246, 47717]
cv:0.045339358428238496
line465:max stage:7, min stage:5, max_value:12523.435018481949, min_value:10892.956818201157
fix|12268.08|47779.62| op = [52, 52, 52, 52, 52, 54, 55, 50]| tp = [1, 1, 1, 1, 1, 1, 1, 1, ] | dp = [1, 1, 1, 1, 1, 1, 1, 1, ] | algo = [0, 0, 0, 0, 0, 0, 0, 0, ] | rc = [38, 36, 27, 24, 16, 14, 12, 8] | gpus = [1, 1, 1, 1, 1, 1, 1, 1] | micro_bs = 8 | time = [12156, 12075, 11888, 11562, 11023, 10921, 11622, 12268] | memory = [47779, 46939, 47382, 46501, 46660, 47163, 47246, 47717]
cv:0.040537563013397504
line465:max stage:7, min stage:5, max_value:12268.07999500689, min_value:10921.039855862655
fix|12170.21|47810.00| op = [52, 52, 52, 52, 52, 55, 55, 49]| tp = [1, 1, 1, 1, 1, 1, 1, 1, ] | dp = [1, 1, 1, 1, 1, 1, 1, 1, ] | algo = [0, 0, 0, 0, 0, 0, 0, 0, ] | rc = [38, 36, 27, 24, 16, 16, 17, 6] | gpus = [1, 1, 1, 1, 1, 1, 1, 1] | micro_bs = 8 | time = [12170, 12088, 11901, 11575, 11036, 11370, 11989, 11901] | memory = [47779, 46939, 47382, 46501, 46660, 47223, 47810, 47717]
cv:0.031226926238995298
line465:max stage:0, min stage:4, max_value:12170.212639020488, min_value:11036.61349108907
fix|12206.95|47810.00| op = [51, 52, 52, 52, 53, 55, 55, 49]| tp = [1, 1, 1, 1, 1, 1, 1, 1, ] | dp = [1, 1, 1, 1, 1, 1, 1, 1, ] | algo = [0, 0, 0, 0, 0, 0, 0, 0, ] | rc = [36, 40, 28, 24, 18, 16, 17, 6] | gpus = [1, 1, 1, 1, 1, 1, 1, 1] | micro_bs = 8 | time = [11897, 12206, 12089, 11655, 11521, 11386, 12006, 11918] | memory = [47300, 46657, 47382, 47701, 47060, 47223, 47810, 47717]
cv:0.022653315012681433
line465:max stage:1, min stage:5, max_value:12206.948590276621, min_value:11386.802114181315
fix|12145.99|47810.00| op = [51, 51, 52, 52, 53, 56, 55, 49]| tp = [1, 1, 1, 1, 1, 1, 1, 1, ] | dp = [1, 1, 1, 1, 1, 1, 1, 1, ] | algo = [0, 0, 0, 0, 0, 0, 0, 0, ] | rc = [36, 39, 27, 24, 18, 18, 17, 6] | gpus = [1, 1, 1, 1, 1, 1, 1, 1] | micro_bs = 8 | time = [11897, 12145, 11964, 11609, 11283, 11854, 12006, 11918] | memory = [47300, 46657, 47142, 47701, 47620, 47623, 47810, 47717]
cv:0.02129654676870476
line465:max stage:1, min stage:4, max_value:12145.987454534701, min_value:11283.9033395347
fix|12000.43|47941.38| op = [51, 50, 52, 52, 54, 56, 55, 49]| tp = [1, 1, 1, 1, 1, 1, 1, 1, ] | dp = [1, 1, 1, 1, 1, 1, 1, 1, ] | algo = [0, 0, 0, 0, 0, 0, 0, 0, ] | rc = [36, 30, 27, 24, 20, 18, 17, 6] | gpus = [1, 1, 1, 1, 1, 1, 1, 1] | micro_bs = 8 | time = [11891, 11606, 11912, 11586, 11699, 11849, 12000, 11912] | memory = [47300, 47941, 47382, 46501, 47060, 47623, 47810, 47717]
best|12000.43|47941.38| op = [51, 50, 52, 52, 54, 56, 55, 49]| tp = [1, 1, 1, 1, 1, 1, 1, 1, ] | dp = [1, 1, 1, 1, 1, 1, 1, 1, ] | algo = [0, 0, 0, 0, 0, 0, 0, 0, ] | rc = [36, 30, 27, 24, 20, 18, 17, 6] | gpus = [1, 1, 1, 1, 1, 1, 1, 1] | micro_bs = 8 | time = [11891, 11606, 11912, 11586, 11699, 11849, 12000, 11912] | memory = [47300, 47941, 47382, 46501, 47060, 47623, 47810, 47717]
line146:config.memory_list:[47300.496000000014, 47941.375, 47382.0, 46501.0, 47060.0, 47623.375, 47810.0, 47717.203]
line147:config.time_list:[11891.338165107776, 11606.220352809516, 11912.472612416757, 11586.469017416759, 11699.069785809515, 11849.014505132884, 12000.431880205397, 11912.290085927838]
------------------------------------------------------------------------------------------------------
cegis_search for the 0th times
开始求解check...
line351:
tp_list[1, 1, 1, 1, 1, 1, 1, 1, 1, 1, 1, 1, 1, 1, 1, 1, 1, 1, 1, 1, 1, 1, 1, 1, 1, 1, 1, 1, 1, 1, 1, 1, 1, 1, 1, 1, 1, 1, 1, 1, 1, 1, 1, 1, 1, 1, 1, 1, 1, 1, 1, 1, 1, 1, 1, 1, 1, 1, 1, 1, 1, 1, 1, 1, 1, 1, 1, 1, 1, 1, 1, 1, 1, 1, 1, 1, 1, 1, 1, 1, 1, 1, 1, 1, 1, 1, 1, 1, 1, 1, 1, 1, 1, 1, 1, 1, 1, 1, 1, 1, 1, 1, 1, 1, 1, 1, 1, 1, 1, 1, 1, 1, 1, 1, 1, 1, 1, 1, 1, 1, 1, 1, 1, 1, 1, 1, 1, 1, 1, 1, 1, 1, 1, 1, 1, 1, 1, 1, 1, 1, 1, 1, 1, 1, 1, 1, 1, 1, 1, 1, 1, 1, 1, 1, 1, 1, 1, 1, 1, 1, 1, 1, 1, 1, 1, 1, 1, 1, 1, 1, 1, 1, 1, 1, 1, 1, 1, 1, 1, 1, 1, 1, 1, 1, 1, 1, 1, 1, 1, 1, 1, 1, 1, 1, 1, 1, 1, 1, 1, 1, 1, 1, 1, 1, 1, 1, 1, 1, 1, 1, 1, 1, 1, 1, 1, 1, 1, 1, 1, 1, 1, 1, 1, 1, 1, 1, 1, 1, 1, 1, 1, 1, 1, 1, 1, 1, 1, 1, 1, 1, 1, 1, 1, 1, 1, 1, 1, 1, 1, 1, 1, 1, 1, 1, 1, 1, 1, 1, 1, 1, 1, 1, 1, 1, 1, 1, 1, 1, 1, 1, 1, 1, 1, 1, 1, 1, 1, 1, 1, 1, 1, 1, 1, 1, 1, 1, 1, 1, 1, 1, 1, 1, 1, 1, 1, 1, 1, 1, 1, 1, 1, 1, 1, 1, 1, 1, 1, 1, 1, 1, 1, 1, 1, 1, 1, 1, 1, 1, 1, 1, 1, 1, 1, 1, 1, 1, 1, 1, 1, 1, 1, 1, 1, 1, 1, 1, 1, 1, 1, 1, 1, 1, 1, 1, 1, 1, 1, 1, 1, 1, 1, 1, 1, 1, 1, 1, 1, 1, 1, 1, 1, 1, 1, 1, 1, 1, 1, 1, 1, 1, 1, 1, 1, 1, 1, 1, 1, 1, 1, 1, 1, 1, 1, 1, 1, 1, 1, 1, 1, 1, 1, 1, 1, 1, 1, 1, 1, 1, 1, 1, 1, 1, 1, 1, 1, 1, 1, 1, 1, 1, 1, 1, 1, 1, 1, 1, 1, 1, 1]
dp_list[1, 1, 1, 1, 1, 1, 1, 1, 1, 1, 1, 1, 1, 1, 1, 1, 1, 1, 1, 1, 1, 1, 1, 1, 1, 1, 1, 1, 1, 1, 1, 1, 1, 1, 1, 1, 1, 1, 1, 1, 1, 1, 1, 1, 1, 1, 1, 1, 1, 1, 1, 1, 1, 1, 1, 1, 1, 1, 1, 1, 1, 1, 1, 1, 1, 1, 1, 1, 1, 1, 1, 1, 1, 1, 1, 1, 1, 1, 1, 1, 1, 1, 1, 1, 1, 1, 1, 1, 1, 1, 1, 1, 1, 1, 1, 1, 1, 1, 1, 1, 1, 1, 1, 1, 1, 1, 1, 1, 1, 1, 1, 1, 1, 1, 1, 1, 1, 1, 1, 1, 1, 1, 1, 1, 1, 1, 1, 1, 1, 1, 1, 1, 1, 1, 1, 1, 1, 1, 1, 1, 1, 1, 1, 1, 1, 1, 1, 1, 1, 1, 1, 1, 1, 1, 1, 1, 1, 1, 1, 1, 1, 1, 1, 1, 1, 1, 1, 1, 1, 1, 1, 1, 1, 1, 1, 1, 1, 1, 1, 1, 1, 1, 1, 1, 1, 1, 1, 1, 1, 1, 1, 1, 1, 1, 1, 1, 1, 1, 1, 1, 1, 1, 1, 1, 1, 1, 1, 1, 1, 1, 1, 1, 1, 1, 1, 1, 1, 1, 1, 1, 1, 1, 1, 1, 1, 1, 1, 1, 1, 1, 1, 1, 1, 1, 1, 1, 1, 1, 1, 1, 1, 1, 1, 1, 1, 1, 1, 1, 1, 1, 1, 1, 1, 1, 1, 1, 1, 1, 1, 1, 1, 1, 1, 1, 1, 1, 1, 1, 1, 1, 1, 1, 1, 1, 1, 1, 1, 1, 1, 1, 1, 1, 1, 1, 1, 1, 1, 1, 1, 1, 1, 1, 1, 1, 1, 1, 1, 1, 1, 1, 1, 1, 1, 1, 1, 1, 1, 1, 1, 1, 1, 1, 1, 1, 1, 1, 1, 1, 1, 1, 1, 1, 1, 1, 1, 1, 1, 1, 1, 1, 1, 1, 1, 1, 1, 1, 1, 1, 1, 1, 1, 1, 1, 1, 1, 1, 1, 1, 1, 1, 1, 1, 1, 1, 1, 1, 1, 1, 1, 1, 1, 1, 1, 1, 1, 1, 1, 1, 1, 1, 1, 1, 1, 1, 1, 1, 1, 1, 1, 1, 1, 1, 1, 1, 1, 1, 1, 1, 1, 1, 1, 1, 1, 1, 1, 1, 1, 1, 1, 1, 1, 1, 1, 1, 1, 1, 1, 1, 1, 1, 1, 1, 1, 1, 1, 1, 1, 1, 1]
algo_list[0, 0, 0, 0, 0, 0, 0, 0, 0, 0, 0, 0, 0, 0, 0, 0, 0, 0, 0, 0, 0, 0, 0, 0, 0, 0, 0, 0, 0, 0, 0, 0, 0, 0, 0, 0, 0, 0, 0, 0, 0, 0, 0, 0, 0, 0, 0, 0, 0, 0, 0, 0, 0, 0, 0, 0, 0, 0, 0, 0, 0, 0, 0, 0, 0, 0, 0, 0, 0, 0, 0, 0, 0, 0, 0, 0, 0, 0, 0, 0, 0, 0, 0, 0, 0, 0, 0, 0, 0, 0, 0, 0, 0, 0, 0, 0, 0, 0, 0, 0, 0, 0, 0, 0, 0, 0, 0, 0, 0, 0, 0, 0, 0, 0, 0, 0, 0, 0, 0, 0, 0, 0, 0, 0, 0, 0, 0, 0, 0, 0, 0, 0, 0, 0, 0, 0, 0, 0, 0, 0, 0, 0, 0, 0, 0, 0, 0, 0, 0, 0, 0, 0, 0, 0, 0, 0, 0, 0, 0, 0, 0, 0, 0, 0, 0, 0, 0, 0, 0, 0, 0, 0, 0, 0, 0, 0, 0, 0, 0, 0, 0, 0, 0, 0, 0, 0, 0, 0, 0, 0, 0, 0, 0, 0, 0, 0, 0, 0, 0, 0, 0, 0, 0, 0, 0, 0, 0, 0, 0, 0, 0, 0, 0, 0, 0, 0, 0, 0, 0, 0, 0, 0, 0, 0, 0, 0, 0, 0, 0, 0, 0, 0, 0, 0, 0, 0, 0, 0, 0, 0, 0, 0, 0, 0, 0, 0, 0, 0, 0, 0, 0, 0, 0, 0, 0, 0, 0, 0, 0, 0, 0, 0, 0, 0, 0, 0, 0, 0, 0, 0, 0, 0, 0, 0, 0, 0, 0, 0, 0, 0, 0, 0, 0, 0, 0, 0, 0, 0, 0, 0, 0, 0, 0, 0, 0, 0, 0, 0, 0, 0, 0, 0, 0, 0, 0, 0, 0, 0, 0, 0, 0, 0, 0, 0, 0, 0, 0, 0, 0, 0, 0, 0, 0, 0, 0, 0, 0, 0, 0, 0, 0, 0, 0, 0, 0, 0, 0, 0, 0, 0, 0, 0, 0, 0, 0, 0, 0, 0, 0, 0, 0, 0, 0, 0, 0, 0, 0, 0, 0, 0, 0, 0, 0, 0, 0, 0, 0, 0, 0, 0, 0, 0, 0, 0, 0, 0, 0, 0, 0, 0, 0, 0, 0, 0, 0, 0, 0, 0, 0, 0, 0, 0, 0, 0, 0, 0, 0, 0, 0, 0, 0, 0, 0, 0, 0, 0, 0, 0, 0, 0, 0, 0, 0, 0, 0, 0, 0, 0, 0]

decode|12000.43|47941.38| op = [51, 50, 52, 52, 54, 56, 55, 49]| tp = [1, 1, 1, 1, 1, 1, 1, 1, ] | dp = [1, 1, 1, 1, 1, 1, 1, 1, ] | algo = [0, 0, 0, 0, 0, 0, 0, 0, ] | rc = [36, 30, 27, 24, 20, 18, 17, 6] | gpus = [1, 1, 1, 1, 1, 1, 1, 1] | micro_bs = 8 | time = [11891, 11606, 11912, 11586, 11699, 11849, 12000, 11912] | memory = [47300, 47941, 47382, 46501, 47060, 47623, 47810, 47717]
验证解
line465:max stage:6, min stage:3, max_value:12000.431880205397, min_value:11586.469017416759
fix|12175.90|47941.38| op = [51, 50, 52, 53, 54, 56, 54, 49]| tp = [1, 1, 1, 1, 1, 1, 1, 1, ] | dp = [1, 1, 1, 1, 1, 1, 1, 1, ] | algo = [0, 0, 0, 0, 0, 0, 0, 0, ] | rc = [36, 30, 27, 26, 20, 18, 18, 6] | gpus = [1, 1, 1, 1, 1, 1, 1, 1] | micro_bs = 8 | time = [11916, 11631, 11937, 12175, 11696, 11960, 12171, 11937] | memory = [47300, 47941, 47382, 47541, 47060, 47223, 47490, 47717]
cv:0.015220828579388647
line465:max stage:3, min stage:1, max_value:12175.896617240162, min_value:11631.067639836147
fix|12172.45|47717.20| op = [51, 51, 52, 52, 54, 56, 54, 49]| tp = [1, 1, 1, 1, 1, 1, 1, 1, ] | dp = [1, 1, 1, 1, 1, 1, 1, 1, ] | algo = [0, 0, 0, 0, 0, 0, 0, 0, ] | rc = [36, 39, 27, 24, 20, 18, 18, 6] | gpus = [1, 1, 1, 1, 1, 1, 1, 1] | micro_bs = 8 | time = [11917, 12166, 11984, 11630, 11697, 11961, 12172, 11938] | memory = [47300, 46657, 47142, 47701, 47060, 47223, 47490, 47717]
cv:0.0151791975920399
line465:max stage:6, min stage:3, max_value:12172.45283699287, min_value:11630.151940655876
fix|12159.59|47717.20| op = [51, 51, 52, 53, 54, 56, 53, 49]| tp = [1, 1, 1, 1, 1, 1, 1, 1, ] | dp = [1, 1, 1, 1, 1, 1, 1, 1, ] | algo = [0, 0, 0, 0, 0, 0, 0, 0, ] | rc = [36, 39, 27, 26, 18, 16, 17, 6] | gpus = [1, 1, 1, 1, 1, 1, 1, 1] | micro_bs = 8 | time = [11910, 12159, 11977, 11802, 11547, 11968, 11912, 11931] | memory = [47300, 46657, 47142, 47701, 47540, 47583, 47490, 47717]
best|12000.43|47941.38| op = [51, 50, 52, 52, 54, 56, 55, 49]| tp = [1, 1, 1, 1, 1, 1, 1, 1, ] | dp = [1, 1, 1, 1, 1, 1, 1, 1, ] | algo = [0, 0, 0, 0, 0, 0, 0, 0, ] | rc = [36, 30, 27, 24, 20, 18, 17, 6] | gpus = [1, 1, 1, 1, 1, 1, 1, 1] | micro_bs = 8 | time = [11891, 11606, 11912, 11586, 11699, 11849, 12000, 11912] | memory = [47300, 47941, 47382, 46501, 47060, 47623, 47810, 47717]
line146:config.memory_list:[47300.496000000014, 47941.375, 47382.0, 46501.0, 47060.0, 47623.375, 47810.0, 47717.203]
line147:config.time_list:[11891.338165107776, 11606.220352809516, 11912.472612416757, 11586.469017416759, 11699.069785809515, 11849.014505132884, 12000.431880205397, 11912.290085927838]
求解成功
config has been saved to /home/liminglong.lml/sxz/SuperScaler/logs-large/aceso/configs/mbs/256/gpt_2_6B_8stages_2026-5-15-13-23-15.json

========== Best Result (num_stages = 8) ==========
|12000.43|47941.38| op = [51, 50, 52, 52, 54, 56, 55, 49]| tp = [1, 1, 1, 1, 1, 1, 1, 1, ] | dp = [1, 1, 1, 1, 1, 1, 1, 1, ] | algo = [0, 0, 0, 0, 0, 0, 0, 0, ] | rc = [36, 30, 27, 24, 20, 18, 17, 6] | gpus = [1, 1, 1, 1, 1, 1, 1, 1] | micro_bs = 8 | time = [11891, 11606, 11912, 11586, 11699, 11849, 12000, 11912] | memory = [47300, 47941, 47382, 46501, 47060, 47623, 47810, 47717]
start|12935.94|47817.33| op = [52, 52, 52, 52, 52, 52, 52, 55]| tp = [1, 1, 1, 1, 1, 1, 1, 1, ] | dp = [1, 1, 1, 1, 1, 1, 1, 1, ] | algo = [0, 0, 0, 0, 0, 0, 0, 0, ] | rc = [38, 36, 27, 24, 16, 14, 10, 12] | gpus = [1, 1, 1, 1, 1, 1, 1, 1] | micro_bs = 8 | time = [12144, 12062, 11875, 11549, 11010, 10865, 10574, 12935] | memory = [47779, 46939, 47382, 46501, 46660, 46563, 46466, 47817]
fix|12765.47|47937.33| op = [52, 52, 52, 52, 52, 52, 53, 54]| tp = [1, 1, 1, 1, 1, 1, 1, 1, ] | dp = [1, 1, 1, 1, 1, 1, 1, 1, ] | algo = [0, 0, 0, 0, 0, 0, 0, 0, ] | rc = [38, 36, 27, 24, 16, 14, 10, 10] | gpus = [1, 1, 1, 1, 1, 1, 1, 1] | micro_bs = 8 | time = [12139, 12057, 11870, 11544, 11005, 10860, 10582, 12765] | memory = [47779, 46939, 47382, 46501, 46660, 46563, 46706, 47937]
fix|12753.97|47937.20| op = [52, 52, 52, 52, 52, 52, 54, 53]| tp = [1, 1, 1, 1, 1, 1, 1, 1, ] | dp = [1, 1, 1, 1, 1, 1, 1, 1, ] | algo = [0, 0, 0, 0, 0, 0, 0, 0, ] | rc = [38, 36, 27, 24, 16, 14, 10, 10] | gpus = [1, 1, 1, 1, 1, 1, 1, 1] | micro_bs = 8 | time = [12139, 12057, 11871, 11545, 11006, 10861, 10613, 12753] | memory = [47779, 46939, 47382, 46501, 46660, 46563, 46866, 47937]
fix|12355.31|47877.20| op = [52, 52, 52, 52, 52, 52, 55, 52]| tp = [1, 1, 1, 1, 1, 1, 1, 1, ] | dp = [1, 1, 1, 1, 1, 1, 1, 1, ] | algo = [0, 0, 0, 0, 0, 0, 0, 0, ] | rc = [38, 36, 27, 24, 16, 14, 10, 8] | gpus = [1, 1, 1, 1, 1, 1, 1, 1] | micro_bs = 8 | time = [12136, 12054, 11868, 11542, 11003, 10857, 10911, 12355] | memory = [47779, 46939, 47382, 46501, 46660, 46563, 47646, 47877]
fix|12523.44|47779.62| op = [52, 52, 52, 52, 52, 53, 55, 51]| tp = [1, 1, 1, 1, 1, 1, 1, 1, ] | dp = [1, 1, 1, 1, 1, 1, 1, 1, ] | algo = [0, 0, 0, 0, 0, 0, 0, 0, ] | rc = [38, 36, 27, 24, 16, 14, 12, 9] | gpus = [1, 1, 1, 1, 1, 1, 1, 1] | micro_bs = 8 | time = [12158, 12076, 11890, 11564, 11025, 10892, 11457, 12523] | memory = [47779, 46939, 47382, 46501, 46660, 46923, 47246, 47717]
fix|12268.08|47779.62| op = [52, 52, 52, 52, 52, 54, 55, 50]| tp = [1, 1, 1, 1, 1, 1, 1, 1, ] | dp = [1, 1, 1, 1, 1, 1, 1, 1, ] | algo = [0, 0, 0, 0, 0, 0, 0, 0, ] | rc = [38, 36, 27, 24, 16, 14, 12, 8] | gpus = [1, 1, 1, 1, 1, 1, 1, 1] | micro_bs = 8 | time = [12156, 12075, 11888, 11562, 11023, 10921, 11622, 12268] | memory = [47779, 46939, 47382, 46501, 46660, 47163, 47246, 47717]
fix|12170.21|47810.00| op = [52, 52, 52, 52, 52, 55, 55, 49]| tp = [1, 1, 1, 1, 1, 1, 1, 1, ] | dp = [1, 1, 1, 1, 1, 1, 1, 1, ] | algo = [0, 0, 0, 0, 0, 0, 0, 0, ] | rc = [38, 36, 27, 24, 16, 16, 17, 6] | gpus = [1, 1, 1, 1, 1, 1, 1, 1] | micro_bs = 8 | time = [12170, 12088, 11901, 11575, 11036, 11370, 11989, 11901] | memory = [47779, 46939, 47382, 46501, 46660, 47223, 47810, 47717]
fix|12206.95|47810.00| op = [51, 52, 52, 52, 53, 55, 55, 49]| tp = [1, 1, 1, 1, 1, 1, 1, 1, ] | dp = [1, 1, 1, 1, 1, 1, 1, 1, ] | algo = [0, 0, 0, 0, 0, 0, 0, 0, ] | rc = [36, 40, 28, 24, 18, 16, 17, 6] | gpus = [1, 1, 1, 1, 1, 1, 1, 1] | micro_bs = 8 | time = [11897, 12206, 12089, 11655, 11521, 11386, 12006, 11918] | memory = [47300, 46657, 47382, 47701, 47060, 47223, 47810, 47717]
fix|12145.99|47810.00| op = [51, 51, 52, 52, 53, 56, 55, 49]| tp = [1, 1, 1, 1, 1, 1, 1, 1, ] | dp = [1, 1, 1, 1, 1, 1, 1, 1, ] | algo = [0, 0, 0, 0, 0, 0, 0, 0, ] | rc = [36, 39, 27, 24, 18, 18, 17, 6] | gpus = [1, 1, 1, 1, 1, 1, 1, 1] | micro_bs = 8 | time = [11897, 12145, 11964, 11609, 11283, 11854, 12006, 11918] | memory = [47300, 46657, 47142, 47701, 47620, 47623, 47810, 47717]
fix|12000.43|47941.38| op = [51, 50, 52, 52, 54, 56, 55, 49]| tp = [1, 1, 1, 1, 1, 1, 1, 1, ] | dp = [1, 1, 1, 1, 1, 1, 1, 1, ] | algo = [0, 0, 0, 0, 0, 0, 0, 0, ] | rc = [36, 30, 27, 24, 20, 18, 17, 6] | gpus = [1, 1, 1, 1, 1, 1, 1, 1] | micro_bs = 8 | time = [11891, 11606, 11912, 11586, 11699, 11849, 12000, 11912] | memory = [47300, 47941, 47382, 46501, 47060, 47623, 47810, 47717]
best|12000.43|47941.38| op = [51, 50, 52, 52, 54, 56, 55, 49]| tp = [1, 1, 1, 1, 1, 1, 1, 1, ] | dp = [1, 1, 1, 1, 1, 1, 1, 1, ] | algo = [0, 0, 0, 0, 0, 0, 0, 0, ] | rc = [36, 30, 27, 24, 20, 18, 17, 6] | gpus = [1, 1, 1, 1, 1, 1, 1, 1] | micro_bs = 8 | time = [11891, 11606, 11912, 11586, 11699, 11849, 12000, 11912] | memory = [47300, 47941, 47382, 46501, 47060, 47623, 47810, 47717]
decode|12000.43|47941.38| op = [51, 50, 52, 52, 54, 56, 55, 49]| tp = [1, 1, 1, 1, 1, 1, 1, 1, ] | dp = [1, 1, 1, 1, 1, 1, 1, 1, ] | algo = [0, 0, 0, 0, 0, 0, 0, 0, ] | rc = [36, 30, 27, 24, 20, 18, 17, 6] | gpus = [1, 1, 1, 1, 1, 1, 1, 1] | micro_bs = 8 | time = [11891, 11606, 11912, 11586, 11699, 11849, 12000, 11912] | memory = [47300, 47941, 47382, 46501, 47060, 47623, 47810, 47717]
best|12000.43|47941.38| op = [51, 50, 52, 52, 54, 56, 55, 49]| tp = [1, 1, 1, 1, 1, 1, 1, 1, ] | dp = [1, 1, 1, 1, 1, 1, 1, 1, ] | algo = [0, 0, 0, 0, 0, 0, 0, 0, ] | rc = [36, 30, 27, 24, 20, 18, 17, 6] | gpus = [1, 1, 1, 1, 1, 1, 1, 1] | micro_bs = 8 | time = [11891, 11606, 11912, 11586, 11699, 11849, 12000, 11912] | memory = [47300, 47941, 47382, 46501, 47060, 47623, 47810, 47717]

num_targets: []
num_hops: []
search time = 0.00 s.  [0] 
num_explored_cases = 0
time trend: [12935]

stage 8 search time: 0.23 s
# of stages	est_iteration_time(s)	est_thpt(samples/s)	est_mem(MB)	# of explored cases
2          	9.13                 	28.05              	47946      	0                  
3          	9.84                 	26.01              	47941      	0                  
4          	10.12                	25.28              	47941      	0                  

overall search time: 3.13 s
stage 0 search time: 0.07 s
stage 1 search time: 0.20 s
stage 2 search time: 0.40 s
stage 3 search time: 0.54 s
stage 4 search time: 1.03 s
stage 5 search time: 0.40 s
stage 6 search time: 0.27 s
stage 7 search time: 0.23 s
