/usr/local/lib/python3.8/dist-packages/torch/distributed/launch.py:178: FutureWarning: The module torch.distributed.launch is deprecated
and will be removed in future. Use torchrun.
Note that --use_env is set by default in torchrun.
If your script expects `--local_rank` argument to be set, please
change it to read from `os.environ['LOCAL_RANK']` instead. See 
https://pytorch.org/docs/stable/distributed.html#launch-utility for 
further instructions

  warnings.warn(
WARNING:torch.distributed.run:
*****************************************
Setting OMP_NUM_THREADS environment variable for each process to be 1 in default, to avoid your system being overloaded, please further tune the variable for optimal performance in your application as needed. 
*****************************************
[W socket.cpp:401] [c10d] The server socket cannot be initialized on [::]:7000 (errno: 97 - Address family not supported by protocol).
[W socket.cpp:558] [c10d] The client socket cannot be initialized to connect to [localhost]:7000 (errno: 97 - Address family not supported by protocol).
[W socket.cpp:558] [c10d] The client socket cannot be initialized to connect to [localhost]:7000 (errno: 97 - Address family not supported by protocol).
[FlexPipe] using world size: 8, data-parallel-size: [[1, 1, 1, 1, 1, 1, 1, 1, 1, 1, 1, 1, 1, 1, 1, 1, 1, 1, 1, 1, 1, 1, 1, 1, 1, 1, 1, 1, 1, 1, 1, 1, 1, 1, 1, 1, 1, 1, 1, 1, 1, 1, 1, 1, 1, 1, 1, 1, 1, 1, 1, 1, 1, 1, 1, 1, 1, 1, 1, 1, 1, 1, 1, 1, 1, 1, 1, 1, 1, 1, 1, 1, 1, 1, 1, 1, 1, 1, 1, 1, 1, 1, 1, 1, 1, 1, 1, 1, 1, 1, 1, 1, 1, 1, 1, 1, 1, 1, 1, 1, 1, 1, 1, 1, 1, 1, 1, 1, 1, 1, 1, 1, 1, 1, 1, 1, 1, 1, 1, 1, 1, 1, 1, 1, 1, 1, 1, 1, 1, 1, 1, 1, 1, 1, 1, 1, 1, 1, 1, 1, 1, 1, 1, 1, 1, 1, 1, 1, 1, 1, 1, 1, 1, 1, 1, 1, 1, 1, 1, 1, 1, 1, 1, 1, 1, 1, 1, 1, 1, 1, 1, 1, 1, 1, 1, 1, 1, 1, 1, 1, 1, 1, 1, 1, 1, 1, 1, 1, 1, 1, 1, 1, 1, 1, 1, 1, 1, 1, 1, 1, 1, 1, 1, 1, 1, 1, 1, 1, 1, 1, 1, 1, 1, 1, 1, 1, 1, 1, 1, 1, 1, 1, 1, 1, 1, 1, 1, 1, 1, 1, 1, 1, 1, 1, 1, 1, 1, 1, 1, 1, 1, 1, 1, 1, 1, 1, 1, 1, 1, 1, 1, 1, 1, 1, 1, 1, 1, 1, 1, 1, 1, 1, 1, 1, 1, 1, 1, 1, 1, 1, 1, 1, 1, 1, 1, 1, 1, 1, 1, 1, 1, 1, 1, 1, 1, 1, 1, 1, 1, 1, 1, 1, 1, 1, 1, 1, 1, 1, 1, 1, 1, 1, 1, 1, 1, 1, 1, 1, 1, 1, 1, 1, 1, 1, 1, 1, 1, 1, 1, 1, 1, 1, 1, 1, 1, 1, 1, 1, 1, 1, 1, 1, 1, 1, 1, 1, 1, 1, 1, 1, 1, 1, 1, 1, 1, 1, 1, 1, 1, 1, 1, 1, 1, 1, 1, 1, 1, 1, 1, 1, 1, 1, 1, 1, 1, 1, 1, 1, 1, 1, 1, 1, 1, 1, 1, 1, 1, 1, 1, 1, 1, 1, 1, 1, 1, 1, 1, 1, 1, 1, 1, 1, 1, 1, 1, 1, 1, 1, 1, 1, 1, 1, 1, 1, 1, 1, 1, 1, 1, 1, 1, 1, 1, 1, 1, 1, 1, 1, 1, 1, 1, 1, 1, 1, 1, 1, 1, 1, 1, 1, 1, 1, 1, 1, 1, 1, 1, 1, 1, 1, 1, 1, 1, 1, 1, 1, 1, 1, 1, 1, 1, 1, 1, 1, 1, 1, 1, 1, 1, 1, 1, 1, 1, 1, 1, 1, 1, 1, 1, 1, 1, 1, 1, 1, 1, 1, 1, 1, 1, 1, 1, 1, 1, 1, 1, 1, 1, 1, 1, 1, 1, 1, 1, 1, 1, 1, 1, 1, 1, 1, 1, 1, 1, 1, 1, 1, 1, 1, 1, 1, 1, 1, 1, 1, 1, 1, 1, 1, 1, 1, 1, 1, 1, 1, 1, 1, 1, 1, 1, 1, 1, 1, 1, 1, 1, 1, 1, 1, 1, 1, 1, 1, 1, 1, 1, 1, 1, 1, 1, 1, 1, 1, 1, 1, 1, 1, 1, 1, 1, 1, 1, 1, 1, 1, 1, 1, 1, 1, 1, 1, 1, 1, 1, 1, 1, 1, 1, 1, 1, 1, 1, 1, 1, 1, 1, 1, 1, 1, 1, 1, 1, 1, 1, 1, 1, 1, 1, 1, 1, 1, 1, 1, 1, 1, 1, 1, 1, 1, 1, 1, 1, 1, 1, 1, 1, 1, 1, 1, 1, 1, 1, 1, 1, 1, 1, 1, 1, 1, 1, 1, 1, 1, 1, 1, 1, 1, 1, 1, 1, 1, 1, 1, 1, 1, 1, 1, 1, 1, 1, 1, 1, 1, 1, 1, 1, 1, 1, 1, 1, 1, 1, 1, 1, 1, 1, 1, 1, 1, 1, 1, 1, 1, 1, 1, 1, 1, 1, 1, 1, 1, 1, 1, 1, 1, 1, 1, 1, 1, 1, 1, 1, 1, 1, 1, 1, 1, 1, 1, 1, 1, 1, 1, 1, 1, 1, 1, 1, 1, 1, 1, 1, 1, 1, 1, 1, 1, 1, 1, 1, 1, 1, 1, 1, 1, 1, 1, 1, 1, 1, 1, 1, 1, 1, 1, 1, 1, 1, 1, 1, 1, 1, 1, 1, 1, 1, 1, 1, 1, 1, 1, 1, 1, 1, 1, 1, 1, 1, 1, 1, 1, 1, 1, 1, 1, 1, 1, 1, 1, 1, 1, 1, 1, 1, 1, 1, 1, 1, 1, 1, 1, 1, 1, 1, 1, 1, 1, 1, 1, 1, 1, 1, 1, 1, 1, 1, 1, 1, 1, 1, 1, 1, 1, 1, 1, 1, 1, 1, 1, 1, 1, 1, 1, 1, 1, 1, 1], [1, 1, 1, 1, 1, 1, 1, 1, 1, 1, 1, 1, 1, 1, 1, 1, 1, 1, 1, 1, 1, 1, 1, 1, 1, 1, 1, 1, 1, 1, 1, 1, 1, 1, 1, 1, 1, 1, 1, 1, 1, 1, 1, 1, 1, 1, 1, 1, 1, 1, 1, 1, 1, 1, 1, 1, 1, 1, 1, 1, 1, 1, 1, 1, 1, 1, 1, 1, 1, 1, 1, 1, 1, 1, 1, 1, 1, 1, 1, 1, 1, 1, 1, 1, 1, 1, 1, 1, 1, 1, 1, 1, 1, 1, 1, 1, 1, 1, 1, 1, 1, 1, 1, 1, 1, 1, 1, 1, 1, 1, 1, 1, 1, 1, 1, 1, 1, 1, 1, 1, 1, 1, 1, 1, 1, 1, 1, 1, 1, 1, 1, 1, 1, 1, 1, 1, 1, 1, 1, 1, 1, 1, 1, 1, 1, 1, 1, 1, 1, 1, 1, 1, 1, 1, 1, 1, 1, 1, 1, 1, 1, 1, 1, 1, 1, 1, 1, 1, 1, 1, 1, 1, 1, 1, 1, 1, 1, 1, 1, 1, 1, 1, 1, 1, 1, 1, 1, 1, 1, 1, 1, 1, 1, 1, 1, 1, 1, 1, 1, 1, 1, 1, 1, 1, 1, 1, 1, 1, 1, 1, 1, 1, 1, 1, 1, 1, 1, 1, 1, 1, 1, 1, 1, 1, 1, 1, 1, 1, 1, 1, 1, 1, 1, 1, 1, 1, 1, 1, 1, 1, 1, 1, 1, 1, 1, 1, 1, 1, 1, 1, 1, 1, 1, 1, 1, 1, 1, 1, 1, 1, 1, 1, 1, 1, 1, 1, 1, 1, 1, 1, 1, 1, 1, 1, 1, 1, 1, 1, 1, 1, 1, 1, 1, 1, 1, 1, 1, 1, 1, 1, 1, 1, 1, 1, 1, 1, 1, 1, 1, 1, 1, 1, 1, 1, 1, 1, 1, 1, 1, 1, 1, 1, 1, 1, 1, 1, 1, 1, 1, 1, 1, 1, 1, 1, 1, 1, 1, 1, 1, 1, 1, 1, 1, 1, 1, 1, 1, 1, 1, 1, 1, 1, 1, 1, 1, 1, 1, 1, 1, 1, 1, 1, 1, 1, 1, 1, 1, 1, 1, 1, 1, 1, 1, 1, 1, 1, 1, 1, 1, 1, 1, 1, 1, 1, 1, 1, 1, 1, 1, 1, 1, 1, 1, 1, 1, 1, 1, 1, 1, 1, 1, 1, 1, 1, 1, 1, 1, 1, 1, 1, 1, 1, 1, 1, 1, 1, 1, 1, 1, 1, 1, 1, 1, 1, 1, 1, 1, 1, 1, 1, 1, 1, 1, 1, 1, 1, 1, 1, 1, 1, 1, 1, 1, 1, 1, 1, 1, 1, 1, 1, 1, 1, 1, 1, 1, 1, 1, 1, 1, 1, 1, 1, 1, 1, 1, 1, 1, 1, 1, 1, 1, 1, 1, 1, 1, 1, 1, 1, 1, 1, 1, 1, 1, 1, 1, 1, 1, 1, 1, 1, 1, 1, 1, 1, 1, 1, 1, 1, 1, 1, 1, 1, 1, 1, 1, 1, 1, 1, 1, 1, 1, 1, 1, 1, 1, 1, 1, 1, 1, 1, 1, 1, 1, 1, 1, 1, 1, 1, 1, 1, 1, 1, 1, 1, 1, 1, 1, 1, 1, 1, 1, 1, 1, 1, 1, 1, 1, 1, 1, 1, 1, 1, 1, 1, 1, 1, 1, 1, 1, 1, 1, 1, 1, 1, 1, 1, 1, 1, 1, 1, 1, 1, 1, 1, 1, 1, 1, 1, 1, 1, 1, 1, 1, 1, 1, 1, 1, 1, 1, 1, 1, 1, 1, 1, 1, 1, 1, 1, 1, 1, 1, 1, 1, 1, 1, 1, 1, 1, 1, 1, 1, 1, 1, 1, 1, 1, 1, 1, 1, 1, 1, 1, 1, 1, 1, 1, 1, 1, 1, 1, 1, 1, 1, 1, 1, 1, 1, 1, 1, 1, 1, 1, 1, 1, 1, 1, 1, 1, 1, 1, 1, 1, 1, 1, 1, 1, 1, 1, 1, 1, 1, 1, 1, 1, 1, 1, 1, 1, 1, 1, 1, 1, 1, 1, 1, 1, 1, 1, 1, 1, 1, 1, 1, 1, 1, 1, 1, 1, 1, 1, 1, 1, 1, 1, 1, 1, 1, 1, 1, 1, 1, 1, 1, 1, 1, 1, 1, 1, 1, 1, 1, 1, 1, 1, 1, 1, 1, 1, 1, 1, 1, 1, 1, 1, 1, 1, 1, 1, 1, 1, 1, 1, 1, 1, 1, 1, 1, 1, 1, 1, 1, 1, 1, 1, 1, 1, 1, 1, 1, 1, 1, 1, 1, 1, 1, 1, 1, 1, 1, 1, 1, 1, 1, 1, 1, 1, 1, 1, 1, 1, 1, 1, 1, 1, 1, 1, 1, 1, 1, 1, 1, 1, 1, 1, 1, 1, 1, 1, 1, 1, 1, 1, 1, 1, 1, 1, 1, 1, 1, 1, 1, 1, 1, 1, 1, 1, 1, 1, 1, 1, 1, 1, 1, 1, 1, 1, 1, 1, 1, 1, 1, 1, 1, 1, 1, 1, 1, 1, 1], [1, 1, 1, 1, 1, 1, 1, 1, 1, 1, 1, 1, 1, 1, 1, 1, 1, 1, 1, 1, 1, 1, 1, 1, 1, 1, 1, 1, 1, 1, 1, 1, 1, 1, 1, 1, 1, 1, 1, 1, 1, 1, 1, 1, 1, 1, 1, 1, 1, 1, 1, 1, 1, 1, 1, 1, 1, 1, 1, 1, 1, 1, 1, 1, 1, 1, 1, 1, 1, 1, 1, 1, 1, 1, 1, 1, 1, 1, 1, 1, 1, 1, 1, 1, 1, 1, 1, 1, 1, 1, 1, 1, 1, 1, 1, 1, 1, 1, 1, 1, 1, 1, 1, 1, 1, 1, 1, 1, 1, 1, 1, 1, 1, 1, 1, 1, 1, 1, 1, 1, 1, 1, 1, 1, 1, 1, 1, 1, 1, 1, 1, 1, 1, 1, 1, 1, 1, 1, 1, 1, 1, 1, 1, 1, 1, 1, 1, 1, 1, 1, 1, 1, 1, 1, 1, 1, 1, 1, 1, 1, 1, 1, 1, 1, 1, 1, 1, 1, 1, 1, 1, 1, 1, 1, 1, 1, 1, 1, 1, 1, 1, 1, 1, 1, 1, 1, 1, 1, 1, 1, 1, 1, 1, 1, 1, 1, 1, 1, 1, 1, 1, 1, 1, 1, 1, 1, 1, 1, 1, 1, 1, 1, 1, 1, 1, 1, 1, 1, 1, 1, 1, 1, 1, 1, 1, 1, 1, 1, 1, 1, 1, 1, 1, 1, 1, 1, 1, 1, 1, 1, 1, 1, 1, 1, 1, 1, 1, 1, 1, 1, 1, 1, 1, 1, 1, 1, 1, 1, 1, 1, 1, 1, 1, 1, 1, 1, 1, 1, 1, 1, 1, 1, 1, 1, 1, 1, 1, 1, 1, 1, 1, 1, 1, 1, 1, 1, 1, 1, 1, 1, 1, 1, 1, 1, 1, 1, 1, 1, 1, 1, 1, 1, 1, 1, 1, 1, 1, 1, 1, 1, 1, 1, 1, 1, 1, 1, 1, 1, 1, 1, 1, 1, 1, 1, 1, 1, 1, 1, 1, 1, 1, 1, 1, 1, 1, 1, 1, 1, 1, 1, 1, 1, 1, 1, 1, 1, 1, 1, 1, 1, 1, 1, 1, 1, 1, 1, 1, 1, 1, 1, 1, 1, 1, 1, 1, 1, 1, 1, 1, 1, 1, 1, 1, 1, 1, 1, 1, 1, 1, 1, 1, 1, 1, 1, 1, 1, 1, 1, 1, 1, 1, 1, 1, 1, 1, 1, 1, 1, 1, 1, 1, 1, 1, 1, 1, 1, 1, 1, 1, 1, 1, 1, 1, 1, 1, 1, 1, 1, 1, 1, 1, 1, 1, 1, 1, 1, 1, 1, 1, 1, 1, 1, 1, 1, 1, 1, 1, 1, 1, 1, 1, 1, 1, 1, 1, 1, 1, 1, 1, 1, 1, 1, 1, 1, 1, 1, 1, 1, 1, 1, 1, 1, 1, 1, 1, 1, 1, 1, 1, 1, 1, 1, 1, 1, 1, 1, 1, 1, 1, 1, 1, 1, 1, 1, 1, 1, 1, 1, 1, 1, 1, 1, 1, 1, 1, 1, 1, 1, 1, 1, 1, 1, 1, 1, 1, 1, 1, 1, 1, 1, 1, 1, 1, 1, 1, 1, 1, 1, 1, 1, 1, 1, 1, 1, 1, 1, 1, 1, 1, 1, 1, 1, 1, 1, 1, 1, 1, 1, 1, 1, 1, 1, 1, 1, 1, 1, 1, 1, 1, 1, 1, 1, 1, 1, 1, 1, 1, 1, 1, 1, 1, 1, 1, 1, 1, 1, 1, 1, 1, 1, 1, 1, 1, 1, 1, 1, 1, 1, 1, 1, 1, 1, 1, 1, 1, 1, 1, 1, 1, 1, 1, 1, 1, 1, 1, 1, 1, 1, 1, 1, 1, 1, 1, 1, 1, 1, 1, 1, 1, 1, 1, 1, 1, 1, 1, 1, 1, 1, 1, 1, 1, 1, 1, 1, 1, 1, 1, 1, 1, 1, 1, 1, 1, 1, 1, 1, 1, 1, 1, 1, 1, 1, 1, 1, 1, 1, 1, 1, 1, 1, 1, 1, 1, 1, 1, 1, 1, 1, 1, 1, 1, 1, 1, 1, 1, 1, 1, 1, 1, 1, 1, 1, 1, 1, 1, 1, 1, 1, 1, 1, 1, 1, 1, 1, 1, 1, 1, 1, 1, 1, 1, 1, 1, 1, 1, 1, 1, 1, 1, 1, 1, 1, 1, 1, 1, 1, 1, 1, 1, 1, 1, 1, 1, 1, 1, 1, 1, 1, 1, 1, 1, 1, 1, 1, 1, 1, 1, 1, 1, 1, 1, 1, 1, 1, 1, 1, 1, 1, 1, 1, 1, 1, 1, 1, 1, 1, 1, 1, 1, 1, 1, 1, 1, 1, 1, 1, 1, 1, 1, 1, 1, 1, 1, 1, 1, 1, 1, 1, 1, 1, 1, 1, 1, 1, 1, 1, 1, 1, 1, 1, 1, 1, 1, 1, 1, 1, 1, 1, 1, 1, 1, 1, 1, 1, 1, 1, 1, 1, 1, 1, 1, 1, 1, 1, 1, 1, 1, 1, 1, 1, 1, 1, 1, 1, 1, 1, 1, 1, 1, 1, 1, 1, 1], [1, 1, 1, 1, 1, 1, 1, 1, 1, 1, 1, 1, 1, 1, 1, 1, 1, 1, 1, 1, 1, 1, 1, 1, 1, 1, 1, 1, 1, 1, 1, 1, 1, 1, 1, 1, 1, 1, 1, 1, 1, 1, 1, 1, 1, 1, 1, 1, 1, 1, 1, 1, 1, 1, 1, 1, 1, 1, 1, 1, 1, 1, 1, 1, 1, 1, 1, 1, 1, 1, 1, 1, 1, 1, 1, 1, 1, 1, 1, 1, 1, 1, 1, 1, 1, 1, 1, 1, 1, 1, 1, 1, 1, 1, 1, 1, 1, 1, 1, 1, 1, 1, 1, 1, 1, 1, 1, 1, 1, 1, 1, 1, 1, 1, 1, 1, 1, 1, 1, 1, 1, 1, 1, 1, 1, 1, 1, 1, 1, 1, 1, 1, 1, 1, 1, 1, 1, 1, 1, 1, 1, 1, 1, 1, 1, 1, 1, 1, 1, 1, 1, 1, 1, 1, 1, 1, 1, 1, 1, 1, 1, 1, 1, 1, 1, 1, 1, 1, 1, 1, 1, 1, 1, 1, 1, 1, 1, 1, 1, 1, 1, 1, 1, 1, 1, 1, 1, 1, 1, 1, 1, 1, 1, 1, 1, 1, 1, 1, 1, 1, 1, 1, 1, 1, 1, 1, 1, 1, 1, 1, 1, 1, 1, 1, 1, 1, 1, 1, 1, 1, 1, 1, 1, 1, 1, 1, 1, 1, 1, 1, 1, 1, 1, 1, 1, 1, 1, 1, 1, 1, 1, 1, 1, 1, 1, 1, 1, 1, 1, 1, 1, 1, 1, 1, 1, 1, 1, 1, 1, 1, 1, 1, 1, 1, 1, 1, 1, 1, 1, 1, 1, 1, 1, 1, 1, 1, 1, 1, 1, 1, 1, 1, 1, 1, 1, 1, 1, 1, 1, 1, 1, 1, 1, 1, 1, 1, 1, 1, 1, 1, 1, 1, 1, 1, 1, 1, 1, 1, 1, 1, 1, 1, 1, 1, 1, 1, 1, 1, 1, 1, 1, 1, 1, 1, 1, 1, 1, 1, 1, 1, 1, 1, 1, 1, 1, 1, 1, 1, 1, 1, 1, 1, 1, 1, 1, 1, 1, 1, 1, 1, 1, 1, 1, 1, 1, 1, 1, 1, 1, 1, 1, 1, 1, 1, 1, 1, 1, 1, 1, 1, 1, 1, 1, 1, 1, 1, 1, 1, 1, 1, 1, 1, 1, 1, 1, 1, 1, 1, 1, 1, 1, 1, 1, 1, 1, 1, 1, 1, 1, 1, 1, 1, 1, 1, 1, 1, 1, 1, 1, 1, 1, 1, 1, 1, 1, 1, 1, 1, 1, 1, 1, 1, 1, 1, 1, 1, 1, 1, 1, 1, 1, 1, 1, 1, 1, 1, 1, 1, 1, 1, 1, 1, 1, 1, 1, 1, 1, 1, 1, 1, 1, 1, 1, 1, 1, 1, 1, 1, 1, 1, 1, 1, 1, 1, 1, 1, 1, 1, 1, 1, 1, 1, 1, 1, 1, 1, 1, 1, 1, 1, 1, 1, 1, 1, 1, 1, 1, 1, 1, 1, 1, 1, 1, 1, 1, 1, 1, 1, 1, 1, 1, 1, 1, 1, 1, 1, 1, 1, 1, 1, 1, 1, 1, 1, 1, 1, 1, 1, 1, 1, 1, 1, 1, 1, 1, 1, 1, 1, 1, 1, 1, 1, 1, 1, 1, 1, 1, 1, 1, 1, 1, 1, 1, 1, 1, 1, 1, 1, 1, 1, 1, 1, 1, 1, 1, 1, 1, 1, 1, 1, 1, 1, 1, 1, 1, 1, 1, 1, 1, 1, 1, 1, 1, 1, 1, 1, 1, 1, 1, 1, 1, 1, 1, 1, 1, 1, 1, 1, 1, 1, 1, 1, 1, 1, 1, 1, 1, 1, 1, 1, 1, 1, 1, 1, 1, 1, 1, 1, 1, 1, 1, 1, 1, 1, 1, 1, 1, 1, 1, 1, 1, 1, 1, 1, 1, 1, 1, 1, 1, 1, 1, 1, 1, 1, 1, 1, 1, 1, 1, 1, 1, 1, 1, 1, 1, 1, 1, 1, 1, 1, 1, 1, 1, 1, 1, 1, 1, 1, 1, 1, 1, 1, 1, 1, 1, 1, 1, 1, 1, 1, 1, 1, 1, 1, 1, 1, 1, 1, 1, 1, 1, 1, 1, 1, 1, 1, 1, 1, 1, 1, 1, 1, 1, 1, 1, 1, 1, 1, 1, 1, 1, 1, 1, 1, 1, 1, 1, 1, 1, 1, 1, 1, 1, 1, 1, 1, 1, 1, 1, 1, 1, 1, 1, 1, 1, 1, 1, 1, 1, 1, 1, 1, 1, 1, 1, 1, 1, 1, 1, 1, 1, 1, 1, 1, 1, 1, 1, 1, 1, 1, 1, 1, 1, 1, 1, 1, 1, 1, 1, 1, 1, 1, 1, 1, 1, 1, 1, 1, 1, 1, 1, 1, 1, 1, 1, 1, 1, 1, 1, 1, 1, 1, 1, 1, 1, 1, 1, 1, 1, 1, 1, 1, 1, 1, 1, 1, 1, 1, 1, 1, 1, 1, 1, 1, 1, 1, 1, 1, 1, 1, 1, 1, 1, 1, 1, 1, 1, 1, 1, 1, 1, 1, 1, 1], [1, 1, 1, 1, 1, 1, 1, 1, 1, 1, 1, 1, 1, 1, 1, 1, 1, 1, 1, 1, 1, 1, 1, 1, 1, 1, 1, 1, 1, 1, 1, 1, 1, 1, 1, 1, 1, 1, 1, 1, 1, 1, 1, 1, 1, 1, 1, 1, 1, 1, 1, 1, 1, 1, 1, 1, 1, 1, 1, 1, 1, 1, 1, 1, 1, 1, 1, 1, 1, 1, 1, 1, 1, 1, 1, 1, 1, 1, 1, 1, 1, 1, 1, 1, 1, 1, 1, 1, 1, 1, 1, 1, 1, 1, 1, 1, 1, 1, 1, 1, 1, 1, 1, 1, 1, 1, 1, 1, 1, 1, 1, 1, 1, 1, 1, 1, 1, 1, 1, 1, 1, 1, 1, 1, 1, 1, 1, 1, 1, 1, 1, 1, 1, 1, 1, 1, 1, 1, 1, 1, 1, 1, 1, 1, 1, 1, 1, 1, 1, 1, 1, 1, 1, 1, 1, 1, 1, 1, 1, 1, 1, 1, 1, 1, 1, 1, 1, 1, 1, 1, 1, 1, 1, 1, 1, 1, 1, 1, 1, 1, 1, 1, 1, 1, 1, 1, 1, 1, 1, 1, 1, 1, 1, 1, 1, 1, 1, 1, 1, 1, 1, 1, 1, 1, 1, 1, 1, 1, 1, 1, 1, 1, 1, 1, 1, 1, 1, 1, 1, 1, 1, 1, 1, 1, 1, 1, 1, 1, 1, 1, 1, 1, 1, 1, 1, 1, 1, 1, 1, 1, 1, 1, 1, 1, 1, 1, 1, 1, 1, 1, 1, 1, 1, 1, 1, 1, 1, 1, 1, 1, 1, 1, 1, 1, 1, 1, 1, 1, 1, 1, 1, 1, 1, 1, 1, 1, 1, 1, 1, 1, 1, 1, 1, 1, 1, 1, 1, 1, 1, 1, 1, 1, 1, 1, 1, 1, 1, 1, 1, 1, 1, 1, 1, 1, 1, 1, 1, 1, 1, 1, 1, 1, 1, 1, 1, 1, 1, 1, 1, 1, 1, 1, 1, 1, 1, 1, 1, 1, 1, 1, 1, 1, 1, 1, 1, 1, 1, 1, 1, 1, 1, 1, 1, 1, 1, 1, 1, 1, 1, 1, 1, 1, 1, 1, 1, 1, 1, 1, 1, 1, 1, 1, 1, 1, 1, 1, 1, 1, 1, 1, 1, 1, 1, 1, 1, 1, 1, 1, 1, 1, 1, 1, 1, 1, 1, 1, 1, 1, 1, 1, 1, 1, 1, 1, 1, 1, 1, 1, 1, 1, 1, 1, 1, 1, 1, 1, 1, 1, 1, 1, 1, 1, 1, 1, 1, 1, 1, 1, 1, 1, 1, 1, 1, 1, 1, 1, 1, 1, 1, 1, 1, 1, 1, 1, 1, 1, 1, 1, 1, 1, 1, 1, 1, 1, 1, 1, 1, 1, 1, 1, 1, 1, 1, 1, 1, 1, 1, 1, 1, 1, 1, 1, 1, 1, 1, 1, 1, 1, 1, 1, 1, 1, 1, 1, 1, 1, 1, 1, 1, 1, 1, 1, 1, 1, 1, 1, 1, 1, 1, 1, 1, 1, 1, 1, 1, 1, 1, 1, 1, 1, 1, 1, 1, 1, 1, 1, 1, 1, 1, 1, 1, 1, 1, 1, 1, 1, 1, 1, 1, 1, 1, 1, 1, 1, 1, 1, 1, 1, 1, 1, 1, 1, 1, 1, 1, 1, 1, 1, 1, 1, 1, 1, 1, 1, 1, 1, 1, 1, 1, 1, 1, 1, 1, 1, 1, 1, 1, 1, 1, 1, 1, 1, 1, 1, 1, 1, 1, 1, 1, 1, 1, 1, 1, 1, 1, 1, 1, 1, 1, 1, 1, 1, 1, 1, 1, 1, 1, 1, 1, 1, 1, 1, 1, 1, 1, 1, 1, 1, 1, 1, 1, 1, 1, 1, 1, 1, 1, 1, 1, 1, 1, 1, 1, 1, 1, 1, 1, 1, 1, 1, 1, 1, 1, 1, 1, 1, 1, 1, 1, 1, 1, 1, 1, 1, 1, 1, 1, 1, 1, 1, 1, 1, 1, 1, 1, 1, 1, 1, 1, 1, 1, 1, 1, 1, 1, 1, 1, 1, 1, 1, 1, 1, 1, 1, 1, 1, 1, 1, 1, 1, 1, 1, 1, 1, 1, 1, 1, 1, 1, 1, 1, 1, 1, 1, 1, 1, 1, 1, 1, 1, 1, 1, 1, 1, 1, 1, 1, 1, 1, 1, 1, 1, 1, 1, 1, 1, 1, 1, 1, 1, 1, 1, 1, 1, 1, 1, 1, 1, 1, 1, 1, 1, 1, 1, 1, 1, 1, 1, 1, 1, 1, 1, 1, 1, 1, 1, 1, 1, 1, 1, 1, 1, 1, 1, 1, 1, 1, 1, 1, 1, 1, 1, 1, 1, 1, 1, 1, 1, 1, 1, 1, 1, 1, 1, 1, 1, 1, 1, 1, 1, 1, 1, 1, 1, 1, 1, 1, 1, 1, 1, 1, 1, 1, 1, 1, 1, 1, 1, 1, 1, 1, 1, 1, 1, 1, 1, 1, 1, 1, 1, 1, 1, 1, 1, 1, 1, 1, 1, 1, 1, 1, 1, 1, 1, 1, 1, 1, 1, 1, 1, 1, 1, 1, 1, 1, 1, 1, 1, 1, 1, 1], [1, 1, 1, 1, 1, 1, 1, 1, 1, 1, 1, 1, 1, 1, 1, 1, 1, 1, 1, 1, 1, 1, 1, 1, 1, 1, 1, 1, 1, 1, 1, 1, 1, 1, 1, 1, 1, 1, 1, 1, 1, 1, 1, 1, 1, 1, 1, 1, 1, 1, 1, 1, 1, 1, 1, 1, 1, 1, 1, 1, 1, 1, 1, 1, 1, 1, 1, 1, 1, 1, 1, 1, 1, 1, 1, 1, 1, 1, 1, 1, 1, 1, 1, 1, 1, 1, 1, 1, 1, 1, 1, 1, 1, 1, 1, 1, 1, 1, 1, 1, 1, 1, 1, 1, 1, 1, 1, 1, 1, 1, 1, 1, 1, 1, 1, 1, 1, 1, 1, 1, 1, 1, 1, 1, 1, 1, 1, 1, 1, 1, 1, 1, 1, 1, 1, 1, 1, 1, 1, 1, 1, 1, 1, 1, 1, 1, 1, 1, 1, 1, 1, 1, 1, 1, 1, 1, 1, 1, 1, 1, 1, 1, 1, 1, 1, 1, 1, 1, 1, 1, 1, 1, 1, 1, 1, 1, 1, 1, 1, 1, 1, 1, 1, 1, 1, 1, 1, 1, 1, 1, 1, 1, 1, 1, 1, 1, 1, 1, 1, 1, 1, 1, 1, 1, 1, 1, 1, 1, 1, 1, 1, 1, 1, 1, 1, 1, 1, 1, 1, 1, 1, 1, 1, 1, 1, 1, 1, 1, 1, 1, 1, 1, 1, 1, 1, 1, 1, 1, 1, 1, 1, 1, 1, 1, 1, 1, 1, 1, 1, 1, 1, 1, 1, 1, 1, 1, 1, 1, 1, 1, 1, 1, 1, 1, 1, 1, 1, 1, 1, 1, 1, 1, 1, 1, 1, 1, 1, 1, 1, 1, 1, 1, 1, 1, 1, 1, 1, 1, 1, 1, 1, 1, 1, 1, 1, 1, 1, 1, 1, 1, 1, 1, 1, 1, 1, 1, 1, 1, 1, 1, 1, 1, 1, 1, 1, 1, 1, 1, 1, 1, 1, 1, 1, 1, 1, 1, 1, 1, 1, 1, 1, 1, 1, 1, 1, 1, 1, 1, 1, 1, 1, 1, 1, 1, 1, 1, 1, 1, 1, 1, 1, 1, 1, 1, 1, 1, 1, 1, 1, 1, 1, 1, 1, 1, 1, 1, 1, 1, 1, 1, 1, 1, 1, 1, 1, 1, 1, 1, 1, 1, 1, 1, 1, 1, 1, 1, 1, 1, 1, 1, 1, 1, 1, 1, 1, 1, 1, 1, 1, 1, 1, 1, 1, 1, 1, 1, 1, 1, 1, 1, 1, 1, 1, 1, 1, 1, 1, 1, 1, 1, 1, 1, 1, 1, 1, 1, 1, 1, 1, 1, 1, 1, 1, 1, 1, 1, 1, 1, 1, 1, 1, 1, 1, 1, 1, 1, 1, 1, 1, 1, 1, 1, 1, 1, 1, 1, 1, 1, 1, 1, 1, 1, 1, 1, 1, 1, 1, 1, 1, 1, 1, 1, 1, 1, 1, 1, 1, 1, 1, 1, 1, 1, 1, 1, 1, 1, 1, 1, 1, 1, 1, 1, 1, 1, 1, 1, 1, 1, 1, 1, 1, 1, 1, 1, 1, 1, 1, 1, 1, 1, 1, 1, 1, 1, 1, 1, 1, 1, 1, 1, 1, 1, 1, 1, 1, 1, 1, 1, 1, 1, 1, 1, 1, 1, 1, 1, 1, 1, 1, 1, 1, 1, 1, 1, 1, 1, 1, 1, 1, 1, 1, 1, 1, 1, 1, 1, 1, 1, 1, 1, 1, 1, 1, 1, 1, 1, 1, 1, 1, 1, 1, 1, 1, 1, 1, 1, 1, 1, 1, 1, 1, 1, 1, 1, 1, 1, 1, 1, 1, 1, 1, 1, 1, 1, 1, 1, 1, 1, 1, 1, 1, 1, 1, 1, 1, 1, 1, 1, 1, 1, 1, 1, 1, 1, 1, 1, 1, 1, 1, 1, 1, 1, 1, 1, 1, 1, 1, 1, 1, 1, 1, 1, 1, 1, 1, 1, 1, 1, 1, 1, 1, 1, 1, 1, 1, 1, 1, 1, 1, 1, 1, 1, 1, 1, 1, 1, 1, 1, 1, 1, 1, 1, 1, 1, 1, 1, 1, 1, 1, 1, 1, 1, 1, 1, 1, 1, 1, 1, 1, 1, 1, 1, 1, 1, 1, 1, 1, 1, 1, 1, 1, 1, 1, 1, 1, 1, 1, 1, 1, 1, 1, 1, 1, 1, 1, 1, 1, 1, 1, 1, 1, 1, 1, 1, 1, 1, 1, 1, 1, 1, 1, 1, 1, 1, 1, 1, 1, 1, 1, 1, 1, 1, 1, 1, 1, 1, 1, 1, 1, 1, 1, 1, 1, 1, 1, 1, 1, 1, 1, 1, 1, 1, 1, 1, 1, 1, 1, 1, 1, 1, 1, 1, 1, 1, 1, 1, 1, 1, 1, 1, 1, 1, 1, 1, 1, 1, 1, 1, 1, 1, 1, 1, 1, 1, 1, 1, 1, 1, 1, 1, 1, 1, 1, 1, 1, 1, 1, 1, 1, 1, 1, 1, 1, 1, 1, 1, 1, 1, 1, 1, 1, 1, 1, 1, 1, 1, 1, 1, 1, 1, 1, 1, 1, 1, 1, 1, 1, 1, 1, 1, 1, 1], [1, 1, 1, 1, 1, 1, 1, 1, 1, 1, 1, 1, 1, 1, 1, 1, 1, 1, 1, 1, 1, 1, 1, 1, 1, 1, 1, 1, 1, 1, 1, 1, 1, 1, 1, 1, 1, 1, 1, 1, 1, 1, 1, 1, 1, 1, 1, 1, 1, 1, 1, 1, 1, 1, 1, 1, 1, 1, 1, 1, 1, 1, 1, 1, 1, 1, 1, 1, 1, 1, 1, 1, 1, 1, 1, 1, 1, 1, 1, 1, 1, 1, 1, 1, 1, 1, 1, 1, 1, 1, 1, 1, 1, 1, 1, 1, 1, 1, 1, 1, 1, 1, 1, 1, 1, 1, 1, 1, 1, 1, 1, 1, 1, 1, 1, 1, 1, 1, 1, 1, 1, 1, 1, 1, 1, 1, 1, 1, 1, 1, 1, 1, 1, 1, 1, 1, 1, 1, 1, 1, 1, 1, 1, 1, 1, 1, 1, 1, 1, 1, 1, 1, 1, 1, 1, 1, 1, 1, 1, 1, 1, 1, 1, 1, 1, 1, 1, 1, 1, 1, 1, 1, 1, 1, 1, 1, 1, 1, 1, 1, 1, 1, 1, 1, 1, 1, 1, 1, 1, 1, 1, 1, 1, 1, 1, 1, 1, 1, 1, 1, 1, 1, 1, 1, 1, 1, 1, 1, 1, 1, 1, 1, 1, 1, 1, 1, 1, 1, 1, 1, 1, 1, 1, 1, 1, 1, 1, 1, 1, 1, 1, 1, 1, 1, 1, 1, 1, 1, 1, 1, 1, 1, 1, 1, 1, 1, 1, 1, 1, 1, 1, 1, 1, 1, 1, 1, 1, 1, 1, 1, 1, 1, 1, 1, 1, 1, 1, 1, 1, 1, 1, 1, 1, 1, 1, 1, 1, 1, 1, 1, 1, 1, 1, 1, 1, 1, 1, 1, 1, 1, 1, 1, 1, 1, 1, 1, 1, 1, 1, 1, 1, 1, 1, 1, 1, 1, 1, 1, 1, 1, 1, 1, 1, 1, 1, 1, 1, 1, 1, 1, 1, 1, 1, 1, 1, 1, 1, 1, 1, 1, 1, 1, 1, 1, 1, 1, 1, 1, 1, 1, 1, 1, 1, 1, 1, 1, 1, 1, 1, 1, 1, 1, 1, 1, 1, 1, 1, 1, 1, 1, 1, 1, 1, 1, 1, 1, 1, 1, 1, 1, 1, 1, 1, 1, 1, 1, 1, 1, 1, 1, 1, 1, 1, 1, 1, 1, 1, 1, 1, 1, 1, 1, 1, 1, 1, 1, 1, 1, 1, 1, 1, 1, 1, 1, 1, 1, 1, 1, 1, 1, 1, 1, 1, 1, 1, 1, 1, 1, 1, 1, 1, 1, 1, 1, 1, 1, 1, 1, 1, 1, 1, 1, 1, 1, 1, 1, 1, 1, 1, 1, 1, 1, 1, 1, 1, 1, 1, 1, 1, 1, 1, 1, 1, 1, 1, 1, 1, 1, 1, 1, 1, 1, 1, 1, 1, 1, 1, 1, 1, 1, 1, 1, 1, 1, 1, 1, 1, 1, 1, 1, 1, 1, 1, 1, 1, 1, 1, 1, 1, 1, 1, 1, 1, 1, 1, 1, 1, 1, 1, 1, 1, 1, 1, 1, 1, 1, 1, 1, 1, 1, 1, 1, 1, 1, 1, 1, 1, 1, 1, 1, 1, 1, 1, 1, 1, 1, 1, 1, 1, 1, 1, 1, 1, 1, 1, 1, 1, 1, 1, 1, 1, 1, 1, 1, 1, 1, 1, 1, 1, 1, 1, 1, 1, 1, 1, 1, 1, 1, 1, 1, 1, 1, 1, 1, 1, 1, 1, 1, 1, 1, 1, 1, 1, 1, 1, 1, 1, 1, 1, 1, 1, 1, 1, 1, 1, 1, 1, 1, 1, 1, 1, 1, 1, 1, 1, 1, 1, 1, 1, 1, 1, 1, 1, 1, 1, 1, 1, 1, 1, 1, 1, 1, 1, 1, 1, 1, 1, 1, 1, 1, 1, 1, 1, 1, 1, 1, 1, 1, 1, 1, 1, 1, 1, 1, 1, 1, 1, 1, 1, 1, 1, 1, 1, 1, 1, 1, 1, 1, 1, 1, 1, 1, 1, 1, 1, 1, 1, 1, 1, 1, 1, 1, 1, 1, 1, 1, 1, 1, 1, 1, 1, 1, 1, 1, 1, 1, 1, 1, 1, 1, 1, 1, 1, 1, 1, 1, 1, 1, 1, 1, 1, 1, 1, 1, 1, 1, 1, 1, 1, 1, 1, 1, 1, 1, 1, 1, 1, 1, 1, 1, 1, 1, 1, 1, 1, 1, 1, 1, 1, 1, 1, 1, 1, 1, 1, 1, 1, 1, 1, 1, 1, 1, 1, 1, 1, 1, 1, 1, 1, 1, 1, 1, 1, 1, 1, 1, 1, 1, 1, 1, 1, 1, 1, 1, 1, 1, 1, 1, 1, 1, 1, 1, 1, 1, 1, 1, 1, 1, 1, 1, 1, 1, 1, 1, 1, 1, 1, 1, 1, 1, 1, 1, 1, 1, 1, 1, 1, 1, 1, 1, 1, 1, 1, 1, 1, 1, 1, 1, 1, 1, 1, 1, 1, 1, 1, 1, 1, 1, 1, 1, 1, 1, 1, 1, 1, 1, 1, 1, 1, 1, 1, 1, 1, 1, 1, 1, 1, 1, 1, 1, 1, 1, 1, 1, 1, 1, 1, 1, 1, 1, 1, 1, 1, 1, 1, 1, 1, 1, 1, 1, 1, 1, 1, 1, 1, 1, 1], [1, 1, 1, 1, 1, 1, 1, 1, 1, 1, 1, 1, 1, 1, 1, 1, 1, 1, 1, 1, 1, 1, 1, 1, 1, 1, 1, 1, 1, 1, 1, 1, 1, 1, 1, 1, 1, 1, 1, 1, 1, 1, 1, 1, 1, 1, 1, 1, 1, 1, 1, 1, 1, 1, 1, 1, 1, 1, 1, 1, 1, 1, 1, 1, 1, 1, 1, 1, 1, 1, 1, 1, 1, 1, 1, 1, 1, 1, 1, 1, 1, 1, 1, 1, 1, 1, 1, 1, 1, 1, 1, 1, 1, 1, 1, 1, 1, 1, 1, 1, 1, 1, 1, 1, 1, 1, 1, 1, 1, 1, 1, 1, 1, 1, 1, 1, 1, 1, 1, 1, 1, 1, 1, 1, 1, 1, 1, 1, 1, 1, 1, 1, 1, 1, 1, 1, 1, 1, 1, 1, 1, 1, 1, 1, 1, 1, 1, 1, 1, 1, 1, 1, 1, 1, 1, 1, 1, 1, 1, 1, 1, 1, 1, 1, 1, 1, 1, 1, 1, 1, 1, 1, 1, 1, 1, 1, 1, 1, 1, 1, 1, 1, 1, 1, 1, 1, 1, 1, 1, 1, 1, 1, 1, 1, 1, 1, 1, 1, 1, 1, 1, 1, 1, 1, 1, 1, 1, 1, 1, 1, 1, 1, 1, 1, 1, 1, 1, 1, 1, 1, 1, 1, 1, 1, 1, 1, 1, 1, 1, 1, 1, 1, 1, 1, 1, 1, 1, 1, 1, 1, 1, 1, 1, 1, 1, 1, 1, 1, 1, 1, 1, 1, 1, 1, 1, 1, 1, 1, 1, 1, 1, 1, 1, 1, 1, 1, 1, 1, 1, 1, 1, 1, 1, 1, 1, 1, 1, 1, 1, 1, 1, 1, 1, 1, 1, 1, 1, 1, 1, 1, 1, 1, 1, 1, 1, 1, 1, 1, 1, 1, 1, 1, 1, 1, 1, 1, 1, 1, 1, 1, 1, 1, 1, 1, 1, 1, 1, 1, 1, 1, 1, 1, 1, 1, 1, 1, 1, 1, 1, 1, 1, 1, 1, 1, 1, 1, 1, 1, 1, 1, 1, 1, 1, 1, 1, 1, 1, 1, 1, 1, 1, 1, 1, 1, 1, 1, 1, 1, 1, 1, 1, 1, 1, 1, 1, 1, 1, 1, 1, 1, 1, 1, 1, 1, 1, 1, 1, 1, 1, 1, 1, 1, 1, 1, 1, 1, 1, 1, 1, 1, 1, 1, 1, 1, 1, 1, 1, 1, 1, 1, 1, 1, 1, 1, 1, 1, 1, 1, 1, 1, 1, 1, 1, 1, 1, 1, 1, 1, 1, 1, 1, 1, 1, 1, 1, 1, 1, 1, 1, 1, 1, 1, 1, 1, 1, 1, 1, 1, 1, 1, 1, 1, 1, 1, 1, 1, 1, 1, 1, 1, 1, 1, 1, 1, 1, 1, 1, 1, 1, 1, 1, 1, 1, 1, 1, 1, 1, 1, 1, 1, 1, 1, 1, 1, 1, 1, 1, 1, 1, 1, 1, 1, 1, 1, 1, 1, 1, 1, 1, 1, 1, 1, 1, 1, 1, 1, 1, 1, 1, 1, 1, 1, 1, 1, 1, 1, 1, 1, 1, 1, 1, 1, 1, 1, 1, 1, 1, 1, 1, 1, 1, 1, 1, 1, 1, 1, 1, 1, 1, 1, 1, 1, 1, 1, 1, 1, 1, 1, 1, 1, 1, 1, 1, 1, 1, 1, 1, 1, 1, 1, 1, 1, 1, 1, 1, 1, 1, 1, 1, 1, 1, 1, 1, 1, 1, 1, 1, 1, 1, 1, 1, 1, 1, 1, 1, 1, 1, 1, 1, 1, 1, 1, 1, 1, 1, 1, 1, 1, 1, 1, 1, 1, 1, 1, 1, 1, 1, 1, 1, 1, 1, 1, 1, 1, 1, 1, 1, 1, 1, 1, 1, 1, 1, 1, 1, 1, 1, 1, 1, 1, 1, 1, 1, 1, 1, 1, 1, 1, 1, 1, 1, 1, 1, 1, 1, 1, 1, 1, 1, 1, 1, 1, 1, 1, 1, 1, 1, 1, 1, 1, 1, 1, 1, 1, 1, 1, 1, 1, 1, 1, 1, 1, 1, 1, 1, 1, 1, 1, 1, 1, 1, 1, 1, 1, 1, 1, 1, 1, 1, 1, 1, 1, 1, 1, 1, 1, 1, 1, 1, 1, 1, 1, 1, 1, 1, 1, 1, 1, 1, 1, 1, 1, 1, 1, 1, 1, 1, 1, 1, 1, 1, 1, 1, 1, 1, 1, 1, 1, 1, 1, 1, 1, 1, 1, 1, 1, 1, 1, 1, 1, 1, 1, 1, 1, 1, 1, 1, 1, 1, 1, 1, 1, 1, 1, 1, 1, 1, 1, 1, 1, 1, 1, 1, 1, 1, 1, 1, 1, 1, 1, 1, 1, 1, 1, 1, 1, 1, 1, 1, 1, 1, 1, 1, 1, 1, 1, 1, 1, 1, 1, 1, 1, 1, 1, 1, 1, 1, 1, 1, 1, 1, 1, 1, 1, 1, 1, 1, 1, 1, 1, 1, 1, 1, 1, 1, 1, 1, 1, 1, 1, 1, 1, 1, 1, 1, 1, 1, 1, 1, 1, 1, 1, 1, 1, 1, 1, 1, 1, 1, 1, 1, 1, 1, 1, 1, 1, 1, 1, 1, 1, 1, 1, 1, 1, 1, 1, 1, 1, 1, 1, 1, 1, 1, 1, 1, 1, 1]], tensor-model-parallel size: [[1, 1, 1, 1, 1, 1, 1, 1, 1, 1, 1, 1, 1, 1, 1, 1, 1, 1, 1, 1, 1, 1, 1, 1, 1, 1, 1, 1, 1, 1, 1, 1, 1, 1, 1, 1, 1, 1, 1, 1, 1, 1, 1, 1, 1, 1, 1, 1, 1, 1, 1, 1, 1, 1, 1, 1, 1, 1, 1, 1, 1, 1, 1, 1, 1, 1, 1, 1, 1, 1, 1, 1, 1, 1, 1, 1, 1, 1, 1, 1, 1, 1, 1, 1, 1, 1, 1, 1, 1, 1, 1, 1, 1, 1, 1, 1, 1, 1, 1, 1, 1, 1, 1, 1, 1, 1, 1, 1, 1, 1, 1, 1, 1, 1, 1, 1, 1, 1, 1, 1, 1, 1, 1, 1, 1, 1, 1, 1, 1, 1, 1, 1, 1, 1, 1, 1, 1, 1, 1, 1, 1, 1, 1, 1, 1, 1, 1, 1, 1, 1, 1, 1, 1, 1, 1, 1, 1, 1, 1, 1, 1, 1, 1, 1, 1, 1, 1, 1, 1, 1, 1, 1, 1, 1, 1, 1, 1, 1, 1, 1, 1, 1, 1, 1, 1, 1, 1, 1, 1, 1, 1, 1, 1, 1, 1, 1, 1, 1, 1, 1, 1, 1, 1, 1, 1, 1, 1, 1, 1, 1, 1, 1, 1, 1, 1, 1, 1, 1, 1, 1, 1, 1, 1, 1, 1, 1, 1, 1, 1, 1, 1, 1, 1, 1, 1, 1, 1, 1, 1, 1, 1, 1, 1, 1, 1, 1, 1, 1, 1, 1, 1, 1, 1, 1, 1, 1, 1, 1, 1, 1, 1, 1, 1, 1, 1, 1, 1, 1, 1, 1, 1, 1, 1, 1, 1, 1, 1, 1, 1, 1, 1, 1, 1, 1, 1, 1, 1, 1, 1, 1, 1, 1, 1, 1, 1, 1, 1, 1, 1, 1, 1, 1, 1, 1, 1, 1, 1, 1, 1, 1, 1, 1, 1, 1, 1, 1, 1, 1, 1, 1, 1, 1, 1, 1, 1, 1, 1, 1, 1, 1, 1, 1, 1, 1, 1, 1, 1, 1, 1, 1, 1, 1, 1, 1, 1, 1, 1, 1, 1, 1, 1, 1, 1, 1, 1, 1, 1, 1, 1, 1, 1, 1, 1, 1, 1, 1, 1, 1, 1, 1, 1, 1, 1, 1, 1, 1, 1, 1, 1, 1, 1, 1, 1, 1, 1, 1, 1, 1, 1, 1, 1, 1, 1, 1, 1, 1, 1, 1, 1, 1, 1, 1, 1, 1, 1, 1, 1, 1, 1, 1, 1, 1, 1, 1, 1, 1, 1, 1, 1, 1, 1, 1, 1, 1, 1, 1, 1, 1, 1, 1, 1, 1, 1, 1, 1, 1, 1, 1, 1, 1, 1, 1, 1, 1, 1, 1, 1, 1, 1, 1, 1, 1, 1, 1, 1, 1, 1, 1, 1, 1, 1, 1, 1, 1, 1, 1, 1, 1, 1, 1, 1, 1, 1, 1, 1, 1, 1, 1, 1, 1, 1, 1, 1, 1, 1, 1, 1, 1, 1, 1, 1, 1, 1, 1, 1, 1, 1, 1, 1, 1, 1, 1, 1, 1, 1, 1, 1, 1, 1, 1, 1, 1, 1, 1, 1, 1, 1, 1, 1, 1, 1, 1, 1, 1, 1, 1, 1, 1, 1, 1, 1, 1, 1, 1, 1, 1, 1, 1, 1, 1, 1, 1, 1, 1, 1, 1, 1, 1, 1, 1, 1, 1, 1, 1, 1, 1, 1, 1, 1, 1, 1, 1, 1, 1, 1, 1, 1, 1, 1, 1, 1, 1, 1, 1, 1, 1, 1, 1, 1, 1, 1, 1, 1, 1, 1, 1, 1, 1, 1, 1, 1, 1, 1, 1, 1, 1, 1, 1, 1, 1, 1, 1, 1, 1, 1, 1, 1, 1, 1, 1, 1, 1, 1, 1, 1, 1, 1, 1, 1, 1, 1, 1, 1, 1, 1, 1, 1, 1, 1, 1, 1, 1, 1, 1, 1, 1, 1, 1, 1, 1, 1, 1, 1, 1, 1, 1, 1, 1, 1, 1, 1, 1, 1, 1, 1, 1, 1, 1, 1, 1, 1, 1, 1, 1, 1, 1, 1, 1, 1, 1, 1, 1, 1, 1, 1, 1, 1, 1, 1, 1, 1, 1, 1, 1, 1, 1, 1, 1, 1, 1, 1, 1, 1, 1, 1, 1, 1, 1, 1, 1, 1, 1, 1, 1, 1, 1, 1, 1, 1, 1, 1, 1, 1, 1, 1, 1, 1, 1, 1, 1, 1, 1, 1, 1, 1, 1, 1, 1, 1, 1, 1, 1, 1, 1, 1, 1, 1, 1, 1, 1, 1, 1, 1, 1, 1, 1, 1, 1, 1, 1, 1, 1, 1, 1, 1, 1, 1, 1, 1, 1, 1, 1, 1, 1, 1, 1, 1, 1, 1, 1, 1, 1, 1, 1, 1, 1, 1, 1, 1, 1, 1, 1, 1, 1, 1, 1, 1, 1, 1, 1, 1, 1, 1, 1, 1, 1, 1, 1, 1, 1, 1, 1, 1, 1, 1, 1, 1, 1, 1, 1, 1, 1, 1, 1, 1, 1], [1, 1, 1, 1, 1, 1, 1, 1, 1, 1, 1, 1, 1, 1, 1, 1, 1, 1, 1, 1, 1, 1, 1, 1, 1, 1, 1, 1, 1, 1, 1, 1, 1, 1, 1, 1, 1, 1, 1, 1, 1, 1, 1, 1, 1, 1, 1, 1, 1, 1, 1, 1, 1, 1, 1, 1, 1, 1, 1, 1, 1, 1, 1, 1, 1, 1, 1, 1, 1, 1, 1, 1, 1, 1, 1, 1, 1, 1, 1, 1, 1, 1, 1, 1, 1, 1, 1, 1, 1, 1, 1, 1, 1, 1, 1, 1, 1, 1, 1, 1, 1, 1, 1, 1, 1, 1, 1, 1, 1, 1, 1, 1, 1, 1, 1, 1, 1, 1, 1, 1, 1, 1, 1, 1, 1, 1, 1, 1, 1, 1, 1, 1, 1, 1, 1, 1, 1, 1, 1, 1, 1, 1, 1, 1, 1, 1, 1, 1, 1, 1, 1, 1, 1, 1, 1, 1, 1, 1, 1, 1, 1, 1, 1, 1, 1, 1, 1, 1, 1, 1, 1, 1, 1, 1, 1, 1, 1, 1, 1, 1, 1, 1, 1, 1, 1, 1, 1, 1, 1, 1, 1, 1, 1, 1, 1, 1, 1, 1, 1, 1, 1, 1, 1, 1, 1, 1, 1, 1, 1, 1, 1, 1, 1, 1, 1, 1, 1, 1, 1, 1, 1, 1, 1, 1, 1, 1, 1, 1, 1, 1, 1, 1, 1, 1, 1, 1, 1, 1, 1, 1, 1, 1, 1, 1, 1, 1, 1, 1, 1, 1, 1, 1, 1, 1, 1, 1, 1, 1, 1, 1, 1, 1, 1, 1, 1, 1, 1, 1, 1, 1, 1, 1, 1, 1, 1, 1, 1, 1, 1, 1, 1, 1, 1, 1, 1, 1, 1, 1, 1, 1, 1, 1, 1, 1, 1, 1, 1, 1, 1, 1, 1, 1, 1, 1, 1, 1, 1, 1, 1, 1, 1, 1, 1, 1, 1, 1, 1, 1, 1, 1, 1, 1, 1, 1, 1, 1, 1, 1, 1, 1, 1, 1, 1, 1, 1, 1, 1, 1, 1, 1, 1, 1, 1, 1, 1, 1, 1, 1, 1, 1, 1, 1, 1, 1, 1, 1, 1, 1, 1, 1, 1, 1, 1, 1, 1, 1, 1, 1, 1, 1, 1, 1, 1, 1, 1, 1, 1, 1, 1, 1, 1, 1, 1, 1, 1, 1, 1, 1, 1, 1, 1, 1, 1, 1, 1, 1, 1, 1, 1, 1, 1, 1, 1, 1, 1, 1, 1, 1, 1, 1, 1, 1, 1, 1, 1, 1, 1, 1, 1, 1, 1, 1, 1, 1, 1, 1, 1, 1, 1, 1, 1, 1, 1, 1, 1, 1, 1, 1, 1, 1, 1, 1, 1, 1, 1, 1, 1, 1, 1, 1, 1, 1, 1, 1, 1, 1, 1, 1, 1, 1, 1, 1, 1, 1, 1, 1, 1, 1, 1, 1, 1, 1, 1, 1, 1, 1, 1, 1, 1, 1, 1, 1, 1, 1, 1, 1, 1, 1, 1, 1, 1, 1, 1, 1, 1, 1, 1, 1, 1, 1, 1, 1, 1, 1, 1, 1, 1, 1, 1, 1, 1, 1, 1, 1, 1, 1, 1, 1, 1, 1, 1, 1, 1, 1, 1, 1, 1, 1, 1, 1, 1, 1, 1, 1, 1, 1, 1, 1, 1, 1, 1, 1, 1, 1, 1, 1, 1, 1, 1, 1, 1, 1, 1, 1, 1, 1, 1, 1, 1, 1, 1, 1, 1, 1, 1, 1, 1, 1, 1, 1, 1, 1, 1, 1, 1, 1, 1, 1, 1, 1, 1, 1, 1, 1, 1, 1, 1, 1, 1, 1, 1, 1, 1, 1, 1, 1, 1, 1, 1, 1, 1, 1, 1, 1, 1, 1, 1, 1, 1, 1, 1, 1, 1, 1, 1, 1, 1, 1, 1, 1, 1, 1, 1, 1, 1, 1, 1, 1, 1, 1, 1, 1, 1, 1, 1, 1, 1, 1, 1, 1, 1, 1, 1, 1, 1, 1, 1, 1, 1, 1, 1, 1, 1, 1, 1, 1, 1, 1, 1, 1, 1, 1, 1, 1, 1, 1, 1, 1, 1, 1, 1, 1, 1, 1, 1, 1, 1, 1, 1, 1, 1, 1, 1, 1, 1, 1, 1, 1, 1, 1, 1, 1, 1, 1, 1, 1, 1, 1, 1, 1, 1, 1, 1, 1, 1, 1, 1, 1, 1, 1, 1, 1, 1, 1, 1, 1, 1, 1, 1, 1, 1, 1, 1, 1, 1, 1, 1, 1, 1, 1, 1, 1, 1, 1, 1, 1, 1, 1, 1, 1, 1, 1, 1, 1, 1, 1, 1, 1, 1, 1, 1, 1, 1, 1, 1, 1, 1, 1, 1, 1, 1, 1, 1, 1, 1, 1, 1, 1, 1, 1, 1, 1, 1, 1, 1, 1, 1, 1, 1, 1, 1, 1, 1, 1, 1, 1, 1, 1, 1, 1, 1, 1, 1, 1, 1, 1, 1, 1, 1, 1, 1, 1, 1, 1, 1, 1, 1, 1, 1, 1, 1, 1, 1, 1, 1, 1, 1, 1, 1], [1, 1, 1, 1, 1, 1, 1, 1, 1, 1, 1, 1, 1, 1, 1, 1, 1, 1, 1, 1, 1, 1, 1, 1, 1, 1, 1, 1, 1, 1, 1, 1, 1, 1, 1, 1, 1, 1, 1, 1, 1, 1, 1, 1, 1, 1, 1, 1, 1, 1, 1, 1, 1, 1, 1, 1, 1, 1, 1, 1, 1, 1, 1, 1, 1, 1, 1, 1, 1, 1, 1, 1, 1, 1, 1, 1, 1, 1, 1, 1, 1, 1, 1, 1, 1, 1, 1, 1, 1, 1, 1, 1, 1, 1, 1, 1, 1, 1, 1, 1, 1, 1, 1, 1, 1, 1, 1, 1, 1, 1, 1, 1, 1, 1, 1, 1, 1, 1, 1, 1, 1, 1, 1, 1, 1, 1, 1, 1, 1, 1, 1, 1, 1, 1, 1, 1, 1, 1, 1, 1, 1, 1, 1, 1, 1, 1, 1, 1, 1, 1, 1, 1, 1, 1, 1, 1, 1, 1, 1, 1, 1, 1, 1, 1, 1, 1, 1, 1, 1, 1, 1, 1, 1, 1, 1, 1, 1, 1, 1, 1, 1, 1, 1, 1, 1, 1, 1, 1, 1, 1, 1, 1, 1, 1, 1, 1, 1, 1, 1, 1, 1, 1, 1, 1, 1, 1, 1, 1, 1, 1, 1, 1, 1, 1, 1, 1, 1, 1, 1, 1, 1, 1, 1, 1, 1, 1, 1, 1, 1, 1, 1, 1, 1, 1, 1, 1, 1, 1, 1, 1, 1, 1, 1, 1, 1, 1, 1, 1, 1, 1, 1, 1, 1, 1, 1, 1, 1, 1, 1, 1, 1, 1, 1, 1, 1, 1, 1, 1, 1, 1, 1, 1, 1, 1, 1, 1, 1, 1, 1, 1, 1, 1, 1, 1, 1, 1, 1, 1, 1, 1, 1, 1, 1, 1, 1, 1, 1, 1, 1, 1, 1, 1, 1, 1, 1, 1, 1, 1, 1, 1, 1, 1, 1, 1, 1, 1, 1, 1, 1, 1, 1, 1, 1, 1, 1, 1, 1, 1, 1, 1, 1, 1, 1, 1, 1, 1, 1, 1, 1, 1, 1, 1, 1, 1, 1, 1, 1, 1, 1, 1, 1, 1, 1, 1, 1, 1, 1, 1, 1, 1, 1, 1, 1, 1, 1, 1, 1, 1, 1, 1, 1, 1, 1, 1, 1, 1, 1, 1, 1, 1, 1, 1, 1, 1, 1, 1, 1, 1, 1, 1, 1, 1, 1, 1, 1, 1, 1, 1, 1, 1, 1, 1, 1, 1, 1, 1, 1, 1, 1, 1, 1, 1, 1, 1, 1, 1, 1, 1, 1, 1, 1, 1, 1, 1, 1, 1, 1, 1, 1, 1, 1, 1, 1, 1, 1, 1, 1, 1, 1, 1, 1, 1, 1, 1, 1, 1, 1, 1, 1, 1, 1, 1, 1, 1, 1, 1, 1, 1, 1, 1, 1, 1, 1, 1, 1, 1, 1, 1, 1, 1, 1, 1, 1, 1, 1, 1, 1, 1, 1, 1, 1, 1, 1, 1, 1, 1, 1, 1, 1, 1, 1, 1, 1, 1, 1, 1, 1, 1, 1, 1, 1, 1, 1, 1, 1, 1, 1, 1, 1, 1, 1, 1, 1, 1, 1, 1, 1, 1, 1, 1, 1, 1, 1, 1, 1, 1, 1, 1, 1, 1, 1, 1, 1, 1, 1, 1, 1, 1, 1, 1, 1, 1, 1, 1, 1, 1, 1, 1, 1, 1, 1, 1, 1, 1, 1, 1, 1, 1, 1, 1, 1, 1, 1, 1, 1, 1, 1, 1, 1, 1, 1, 1, 1, 1, 1, 1, 1, 1, 1, 1, 1, 1, 1, 1, 1, 1, 1, 1, 1, 1, 1, 1, 1, 1, 1, 1, 1, 1, 1, 1, 1, 1, 1, 1, 1, 1, 1, 1, 1, 1, 1, 1, 1, 1, 1, 1, 1, 1, 1, 1, 1, 1, 1, 1, 1, 1, 1, 1, 1, 1, 1, 1, 1, 1, 1, 1, 1, 1, 1, 1, 1, 1, 1, 1, 1, 1, 1, 1, 1, 1, 1, 1, 1, 1, 1, 1, 1, 1, 1, 1, 1, 1, 1, 1, 1, 1, 1, 1, 1, 1, 1, 1, 1, 1, 1, 1, 1, 1, 1, 1, 1, 1, 1, 1, 1, 1, 1, 1, 1, 1, 1, 1, 1, 1, 1, 1, 1, 1, 1, 1, 1, 1, 1, 1, 1, 1, 1, 1, 1, 1, 1, 1, 1, 1, 1, 1, 1, 1, 1, 1, 1, 1, 1, 1, 1, 1, 1, 1, 1, 1, 1, 1, 1, 1, 1, 1, 1, 1, 1, 1, 1, 1, 1, 1, 1, 1, 1, 1, 1, 1, 1, 1, 1, 1, 1, 1, 1, 1, 1, 1, 1, 1, 1, 1, 1, 1, 1, 1, 1, 1, 1, 1, 1, 1, 1, 1, 1, 1, 1, 1, 1, 1, 1, 1, 1, 1, 1, 1, 1, 1, 1, 1, 1, 1, 1, 1, 1, 1, 1, 1, 1, 1, 1, 1, 1, 1, 1, 1, 1, 1, 1, 1, 1, 1, 1, 1, 1, 1, 1, 1, 1, 1, 1], [1, 1, 1, 1, 1, 1, 1, 1, 1, 1, 1, 1, 1, 1, 1, 1, 1, 1, 1, 1, 1, 1, 1, 1, 1, 1, 1, 1, 1, 1, 1, 1, 1, 1, 1, 1, 1, 1, 1, 1, 1, 1, 1, 1, 1, 1, 1, 1, 1, 1, 1, 1, 1, 1, 1, 1, 1, 1, 1, 1, 1, 1, 1, 1, 1, 1, 1, 1, 1, 1, 1, 1, 1, 1, 1, 1, 1, 1, 1, 1, 1, 1, 1, 1, 1, 1, 1, 1, 1, 1, 1, 1, 1, 1, 1, 1, 1, 1, 1, 1, 1, 1, 1, 1, 1, 1, 1, 1, 1, 1, 1, 1, 1, 1, 1, 1, 1, 1, 1, 1, 1, 1, 1, 1, 1, 1, 1, 1, 1, 1, 1, 1, 1, 1, 1, 1, 1, 1, 1, 1, 1, 1, 1, 1, 1, 1, 1, 1, 1, 1, 1, 1, 1, 1, 1, 1, 1, 1, 1, 1, 1, 1, 1, 1, 1, 1, 1, 1, 1, 1, 1, 1, 1, 1, 1, 1, 1, 1, 1, 1, 1, 1, 1, 1, 1, 1, 1, 1, 1, 1, 1, 1, 1, 1, 1, 1, 1, 1, 1, 1, 1, 1, 1, 1, 1, 1, 1, 1, 1, 1, 1, 1, 1, 1, 1, 1, 1, 1, 1, 1, 1, 1, 1, 1, 1, 1, 1, 1, 1, 1, 1, 1, 1, 1, 1, 1, 1, 1, 1, 1, 1, 1, 1, 1, 1, 1, 1, 1, 1, 1, 1, 1, 1, 1, 1, 1, 1, 1, 1, 1, 1, 1, 1, 1, 1, 1, 1, 1, 1, 1, 1, 1, 1, 1, 1, 1, 1, 1, 1, 1, 1, 1, 1, 1, 1, 1, 1, 1, 1, 1, 1, 1, 1, 1, 1, 1, 1, 1, 1, 1, 1, 1, 1, 1, 1, 1, 1, 1, 1, 1, 1, 1, 1, 1, 1, 1, 1, 1, 1, 1, 1, 1, 1, 1, 1, 1, 1, 1, 1, 1, 1, 1, 1, 1, 1, 1, 1, 1, 1, 1, 1, 1, 1, 1, 1, 1, 1, 1, 1, 1, 1, 1, 1, 1, 1, 1, 1, 1, 1, 1, 1, 1, 1, 1, 1, 1, 1, 1, 1, 1, 1, 1, 1, 1, 1, 1, 1, 1, 1, 1, 1, 1, 1, 1, 1, 1, 1, 1, 1, 1, 1, 1, 1, 1, 1, 1, 1, 1, 1, 1, 1, 1, 1, 1, 1, 1, 1, 1, 1, 1, 1, 1, 1, 1, 1, 1, 1, 1, 1, 1, 1, 1, 1, 1, 1, 1, 1, 1, 1, 1, 1, 1, 1, 1, 1, 1, 1, 1, 1, 1, 1, 1, 1, 1, 1, 1, 1, 1, 1, 1, 1, 1, 1, 1, 1, 1, 1, 1, 1, 1, 1, 1, 1, 1, 1, 1, 1, 1, 1, 1, 1, 1, 1, 1, 1, 1, 1, 1, 1, 1, 1, 1, 1, 1, 1, 1, 1, 1, 1, 1, 1, 1, 1, 1, 1, 1, 1, 1, 1, 1, 1, 1, 1, 1, 1, 1, 1, 1, 1, 1, 1, 1, 1, 1, 1, 1, 1, 1, 1, 1, 1, 1, 1, 1, 1, 1, 1, 1, 1, 1, 1, 1, 1, 1, 1, 1, 1, 1, 1, 1, 1, 1, 1, 1, 1, 1, 1, 1, 1, 1, 1, 1, 1, 1, 1, 1, 1, 1, 1, 1, 1, 1, 1, 1, 1, 1, 1, 1, 1, 1, 1, 1, 1, 1, 1, 1, 1, 1, 1, 1, 1, 1, 1, 1, 1, 1, 1, 1, 1, 1, 1, 1, 1, 1, 1, 1, 1, 1, 1, 1, 1, 1, 1, 1, 1, 1, 1, 1, 1, 1, 1, 1, 1, 1, 1, 1, 1, 1, 1, 1, 1, 1, 1, 1, 1, 1, 1, 1, 1, 1, 1, 1, 1, 1, 1, 1, 1, 1, 1, 1, 1, 1, 1, 1, 1, 1, 1, 1, 1, 1, 1, 1, 1, 1, 1, 1, 1, 1, 1, 1, 1, 1, 1, 1, 1, 1, 1, 1, 1, 1, 1, 1, 1, 1, 1, 1, 1, 1, 1, 1, 1, 1, 1, 1, 1, 1, 1, 1, 1, 1, 1, 1, 1, 1, 1, 1, 1, 1, 1, 1, 1, 1, 1, 1, 1, 1, 1, 1, 1, 1, 1, 1, 1, 1, 1, 1, 1, 1, 1, 1, 1, 1, 1, 1, 1, 1, 1, 1, 1, 1, 1, 1, 1, 1, 1, 1, 1, 1, 1, 1, 1, 1, 1, 1, 1, 1, 1, 1, 1, 1, 1, 1, 1, 1, 1, 1, 1, 1, 1, 1, 1, 1, 1, 1, 1, 1, 1, 1, 1, 1, 1, 1, 1, 1, 1, 1, 1, 1, 1, 1, 1, 1, 1, 1, 1, 1, 1, 1, 1, 1, 1, 1, 1, 1, 1, 1, 1, 1, 1, 1, 1, 1, 1, 1, 1, 1, 1, 1, 1, 1, 1, 1, 1, 1, 1, 1, 1, 1, 1, 1, 1, 1, 1, 1], [1, 1, 1, 1, 1, 1, 1, 1, 1, 1, 1, 1, 1, 1, 1, 1, 1, 1, 1, 1, 1, 1, 1, 1, 1, 1, 1, 1, 1, 1, 1, 1, 1, 1, 1, 1, 1, 1, 1, 1, 1, 1, 1, 1, 1, 1, 1, 1, 1, 1, 1, 1, 1, 1, 1, 1, 1, 1, 1, 1, 1, 1, 1, 1, 1, 1, 1, 1, 1, 1, 1, 1, 1, 1, 1, 1, 1, 1, 1, 1, 1, 1, 1, 1, 1, 1, 1, 1, 1, 1, 1, 1, 1, 1, 1, 1, 1, 1, 1, 1, 1, 1, 1, 1, 1, 1, 1, 1, 1, 1, 1, 1, 1, 1, 1, 1, 1, 1, 1, 1, 1, 1, 1, 1, 1, 1, 1, 1, 1, 1, 1, 1, 1, 1, 1, 1, 1, 1, 1, 1, 1, 1, 1, 1, 1, 1, 1, 1, 1, 1, 1, 1, 1, 1, 1, 1, 1, 1, 1, 1, 1, 1, 1, 1, 1, 1, 1, 1, 1, 1, 1, 1, 1, 1, 1, 1, 1, 1, 1, 1, 1, 1, 1, 1, 1, 1, 1, 1, 1, 1, 1, 1, 1, 1, 1, 1, 1, 1, 1, 1, 1, 1, 1, 1, 1, 1, 1, 1, 1, 1, 1, 1, 1, 1, 1, 1, 1, 1, 1, 1, 1, 1, 1, 1, 1, 1, 1, 1, 1, 1, 1, 1, 1, 1, 1, 1, 1, 1, 1, 1, 1, 1, 1, 1, 1, 1, 1, 1, 1, 1, 1, 1, 1, 1, 1, 1, 1, 1, 1, 1, 1, 1, 1, 1, 1, 1, 1, 1, 1, 1, 1, 1, 1, 1, 1, 1, 1, 1, 1, 1, 1, 1, 1, 1, 1, 1, 1, 1, 1, 1, 1, 1, 1, 1, 1, 1, 1, 1, 1, 1, 1, 1, 1, 1, 1, 1, 1, 1, 1, 1, 1, 1, 1, 1, 1, 1, 1, 1, 1, 1, 1, 1, 1, 1, 1, 1, 1, 1, 1, 1, 1, 1, 1, 1, 1, 1, 1, 1, 1, 1, 1, 1, 1, 1, 1, 1, 1, 1, 1, 1, 1, 1, 1, 1, 1, 1, 1, 1, 1, 1, 1, 1, 1, 1, 1, 1, 1, 1, 1, 1, 1, 1, 1, 1, 1, 1, 1, 1, 1, 1, 1, 1, 1, 1, 1, 1, 1, 1, 1, 1, 1, 1, 1, 1, 1, 1, 1, 1, 1, 1, 1, 1, 1, 1, 1, 1, 1, 1, 1, 1, 1, 1, 1, 1, 1, 1, 1, 1, 1, 1, 1, 1, 1, 1, 1, 1, 1, 1, 1, 1, 1, 1, 1, 1, 1, 1, 1, 1, 1, 1, 1, 1, 1, 1, 1, 1, 1, 1, 1, 1, 1, 1, 1, 1, 1, 1, 1, 1, 1, 1, 1, 1, 1, 1, 1, 1, 1, 1, 1, 1, 1, 1, 1, 1, 1, 1, 1, 1, 1, 1, 1, 1, 1, 1, 1, 1, 1, 1, 1, 1, 1, 1, 1, 1, 1, 1, 1, 1, 1, 1, 1, 1, 1, 1, 1, 1, 1, 1, 1, 1, 1, 1, 1, 1, 1, 1, 1, 1, 1, 1, 1, 1, 1, 1, 1, 1, 1, 1, 1, 1, 1, 1, 1, 1, 1, 1, 1, 1, 1, 1, 1, 1, 1, 1, 1, 1, 1, 1, 1, 1, 1, 1, 1, 1, 1, 1, 1, 1, 1, 1, 1, 1, 1, 1, 1, 1, 1, 1, 1, 1, 1, 1, 1, 1, 1, 1, 1, 1, 1, 1, 1, 1, 1, 1, 1, 1, 1, 1, 1, 1, 1, 1, 1, 1, 1, 1, 1, 1, 1, 1, 1, 1, 1, 1, 1, 1, 1, 1, 1, 1, 1, 1, 1, 1, 1, 1, 1, 1, 1, 1, 1, 1, 1, 1, 1, 1, 1, 1, 1, 1, 1, 1, 1, 1, 1, 1, 1, 1, 1, 1, 1, 1, 1, 1, 1, 1, 1, 1, 1, 1, 1, 1, 1, 1, 1, 1, 1, 1, 1, 1, 1, 1, 1, 1, 1, 1, 1, 1, 1, 1, 1, 1, 1, 1, 1, 1, 1, 1, 1, 1, 1, 1, 1, 1, 1, 1, 1, 1, 1, 1, 1, 1, 1, 1, 1, 1, 1, 1, 1, 1, 1, 1, 1, 1, 1, 1, 1, 1, 1, 1, 1, 1, 1, 1, 1, 1, 1, 1, 1, 1, 1, 1, 1, 1, 1, 1, 1, 1, 1, 1, 1, 1, 1, 1, 1, 1, 1, 1, 1, 1, 1, 1, 1, 1, 1, 1, 1, 1, 1, 1, 1, 1, 1, 1, 1, 1, 1, 1, 1, 1, 1, 1, 1, 1, 1, 1, 1, 1, 1, 1, 1, 1, 1, 1, 1, 1, 1, 1, 1, 1, 1, 1, 1, 1, 1, 1, 1, 1, 1, 1, 1, 1, 1, 1, 1, 1, 1, 1, 1, 1, 1, 1, 1, 1, 1, 1, 1, 1, 1, 1, 1, 1, 1, 1, 1, 1, 1, 1, 1, 1, 1, 1, 1, 1, 1, 1, 1, 1, 1, 1, 1], [1, 1, 1, 1, 1, 1, 1, 1, 1, 1, 1, 1, 1, 1, 1, 1, 1, 1, 1, 1, 1, 1, 1, 1, 1, 1, 1, 1, 1, 1, 1, 1, 1, 1, 1, 1, 1, 1, 1, 1, 1, 1, 1, 1, 1, 1, 1, 1, 1, 1, 1, 1, 1, 1, 1, 1, 1, 1, 1, 1, 1, 1, 1, 1, 1, 1, 1, 1, 1, 1, 1, 1, 1, 1, 1, 1, 1, 1, 1, 1, 1, 1, 1, 1, 1, 1, 1, 1, 1, 1, 1, 1, 1, 1, 1, 1, 1, 1, 1, 1, 1, 1, 1, 1, 1, 1, 1, 1, 1, 1, 1, 1, 1, 1, 1, 1, 1, 1, 1, 1, 1, 1, 1, 1, 1, 1, 1, 1, 1, 1, 1, 1, 1, 1, 1, 1, 1, 1, 1, 1, 1, 1, 1, 1, 1, 1, 1, 1, 1, 1, 1, 1, 1, 1, 1, 1, 1, 1, 1, 1, 1, 1, 1, 1, 1, 1, 1, 1, 1, 1, 1, 1, 1, 1, 1, 1, 1, 1, 1, 1, 1, 1, 1, 1, 1, 1, 1, 1, 1, 1, 1, 1, 1, 1, 1, 1, 1, 1, 1, 1, 1, 1, 1, 1, 1, 1, 1, 1, 1, 1, 1, 1, 1, 1, 1, 1, 1, 1, 1, 1, 1, 1, 1, 1, 1, 1, 1, 1, 1, 1, 1, 1, 1, 1, 1, 1, 1, 1, 1, 1, 1, 1, 1, 1, 1, 1, 1, 1, 1, 1, 1, 1, 1, 1, 1, 1, 1, 1, 1, 1, 1, 1, 1, 1, 1, 1, 1, 1, 1, 1, 1, 1, 1, 1, 1, 1, 1, 1, 1, 1, 1, 1, 1, 1, 1, 1, 1, 1, 1, 1, 1, 1, 1, 1, 1, 1, 1, 1, 1, 1, 1, 1, 1, 1, 1, 1, 1, 1, 1, 1, 1, 1, 1, 1, 1, 1, 1, 1, 1, 1, 1, 1, 1, 1, 1, 1, 1, 1, 1, 1, 1, 1, 1, 1, 1, 1, 1, 1, 1, 1, 1, 1, 1, 1, 1, 1, 1, 1, 1, 1, 1, 1, 1, 1, 1, 1, 1, 1, 1, 1, 1, 1, 1, 1, 1, 1, 1, 1, 1, 1, 1, 1, 1, 1, 1, 1, 1, 1, 1, 1, 1, 1, 1, 1, 1, 1, 1, 1, 1, 1, 1, 1, 1, 1, 1, 1, 1, 1, 1, 1, 1, 1, 1, 1, 1, 1, 1, 1, 1, 1, 1, 1, 1, 1, 1, 1, 1, 1, 1, 1, 1, 1, 1, 1, 1, 1, 1, 1, 1, 1, 1, 1, 1, 1, 1, 1, 1, 1, 1, 1, 1, 1, 1, 1, 1, 1, 1, 1, 1, 1, 1, 1, 1, 1, 1, 1, 1, 1, 1, 1, 1, 1, 1, 1, 1, 1, 1, 1, 1, 1, 1, 1, 1, 1, 1, 1, 1, 1, 1, 1, 1, 1, 1, 1, 1, 1, 1, 1, 1, 1, 1, 1, 1, 1, 1, 1, 1, 1, 1, 1, 1, 1, 1, 1, 1, 1, 1, 1, 1, 1, 1, 1, 1, 1, 1, 1, 1, 1, 1, 1, 1, 1, 1, 1, 1, 1, 1, 1, 1, 1, 1, 1, 1, 1, 1, 1, 1, 1, 1, 1, 1, 1, 1, 1, 1, 1, 1, 1, 1, 1, 1, 1, 1, 1, 1, 1, 1, 1, 1, 1, 1, 1, 1, 1, 1, 1, 1, 1, 1, 1, 1, 1, 1, 1, 1, 1, 1, 1, 1, 1, 1, 1, 1, 1, 1, 1, 1, 1, 1, 1, 1, 1, 1, 1, 1, 1, 1, 1, 1, 1, 1, 1, 1, 1, 1, 1, 1, 1, 1, 1, 1, 1, 1, 1, 1, 1, 1, 1, 1, 1, 1, 1, 1, 1, 1, 1, 1, 1, 1, 1, 1, 1, 1, 1, 1, 1, 1, 1, 1, 1, 1, 1, 1, 1, 1, 1, 1, 1, 1, 1, 1, 1, 1, 1, 1, 1, 1, 1, 1, 1, 1, 1, 1, 1, 1, 1, 1, 1, 1, 1, 1, 1, 1, 1, 1, 1, 1, 1, 1, 1, 1, 1, 1, 1, 1, 1, 1, 1, 1, 1, 1, 1, 1, 1, 1, 1, 1, 1, 1, 1, 1, 1, 1, 1, 1, 1, 1, 1, 1, 1, 1, 1, 1, 1, 1, 1, 1, 1, 1, 1, 1, 1, 1, 1, 1, 1, 1, 1, 1, 1, 1, 1, 1, 1, 1, 1, 1, 1, 1, 1, 1, 1, 1, 1, 1, 1, 1, 1, 1, 1, 1, 1, 1, 1, 1, 1, 1, 1, 1, 1, 1, 1, 1, 1, 1, 1, 1, 1, 1, 1, 1, 1, 1, 1, 1, 1, 1, 1, 1, 1, 1, 1, 1, 1, 1, 1, 1, 1, 1, 1, 1, 1, 1, 1, 1, 1, 1, 1, 1, 1, 1, 1, 1, 1, 1, 1, 1, 1, 1, 1, 1, 1, 1, 1, 1, 1, 1, 1, 1, 1, 1, 1, 1, 1, 1, 1, 1, 1, 1, 1, 1, 1], [1, 1, 1, 1, 1, 1, 1, 1, 1, 1, 1, 1, 1, 1, 1, 1, 1, 1, 1, 1, 1, 1, 1, 1, 1, 1, 1, 1, 1, 1, 1, 1, 1, 1, 1, 1, 1, 1, 1, 1, 1, 1, 1, 1, 1, 1, 1, 1, 1, 1, 1, 1, 1, 1, 1, 1, 1, 1, 1, 1, 1, 1, 1, 1, 1, 1, 1, 1, 1, 1, 1, 1, 1, 1, 1, 1, 1, 1, 1, 1, 1, 1, 1, 1, 1, 1, 1, 1, 1, 1, 1, 1, 1, 1, 1, 1, 1, 1, 1, 1, 1, 1, 1, 1, 1, 1, 1, 1, 1, 1, 1, 1, 1, 1, 1, 1, 1, 1, 1, 1, 1, 1, 1, 1, 1, 1, 1, 1, 1, 1, 1, 1, 1, 1, 1, 1, 1, 1, 1, 1, 1, 1, 1, 1, 1, 1, 1, 1, 1, 1, 1, 1, 1, 1, 1, 1, 1, 1, 1, 1, 1, 1, 1, 1, 1, 1, 1, 1, 1, 1, 1, 1, 1, 1, 1, 1, 1, 1, 1, 1, 1, 1, 1, 1, 1, 1, 1, 1, 1, 1, 1, 1, 1, 1, 1, 1, 1, 1, 1, 1, 1, 1, 1, 1, 1, 1, 1, 1, 1, 1, 1, 1, 1, 1, 1, 1, 1, 1, 1, 1, 1, 1, 1, 1, 1, 1, 1, 1, 1, 1, 1, 1, 1, 1, 1, 1, 1, 1, 1, 1, 1, 1, 1, 1, 1, 1, 1, 1, 1, 1, 1, 1, 1, 1, 1, 1, 1, 1, 1, 1, 1, 1, 1, 1, 1, 1, 1, 1, 1, 1, 1, 1, 1, 1, 1, 1, 1, 1, 1, 1, 1, 1, 1, 1, 1, 1, 1, 1, 1, 1, 1, 1, 1, 1, 1, 1, 1, 1, 1, 1, 1, 1, 1, 1, 1, 1, 1, 1, 1, 1, 1, 1, 1, 1, 1, 1, 1, 1, 1, 1, 1, 1, 1, 1, 1, 1, 1, 1, 1, 1, 1, 1, 1, 1, 1, 1, 1, 1, 1, 1, 1, 1, 1, 1, 1, 1, 1, 1, 1, 1, 1, 1, 1, 1, 1, 1, 1, 1, 1, 1, 1, 1, 1, 1, 1, 1, 1, 1, 1, 1, 1, 1, 1, 1, 1, 1, 1, 1, 1, 1, 1, 1, 1, 1, 1, 1, 1, 1, 1, 1, 1, 1, 1, 1, 1, 1, 1, 1, 1, 1, 1, 1, 1, 1, 1, 1, 1, 1, 1, 1, 1, 1, 1, 1, 1, 1, 1, 1, 1, 1, 1, 1, 1, 1, 1, 1, 1, 1, 1, 1, 1, 1, 1, 1, 1, 1, 1, 1, 1, 1, 1, 1, 1, 1, 1, 1, 1, 1, 1, 1, 1, 1, 1, 1, 1, 1, 1, 1, 1, 1, 1, 1, 1, 1, 1, 1, 1, 1, 1, 1, 1, 1, 1, 1, 1, 1, 1, 1, 1, 1, 1, 1, 1, 1, 1, 1, 1, 1, 1, 1, 1, 1, 1, 1, 1, 1, 1, 1, 1, 1, 1, 1, 1, 1, 1, 1, 1, 1, 1, 1, 1, 1, 1, 1, 1, 1, 1, 1, 1, 1, 1, 1, 1, 1, 1, 1, 1, 1, 1, 1, 1, 1, 1, 1, 1, 1, 1, 1, 1, 1, 1, 1, 1, 1, 1, 1, 1, 1, 1, 1, 1, 1, 1, 1, 1, 1, 1, 1, 1, 1, 1, 1, 1, 1, 1, 1, 1, 1, 1, 1, 1, 1, 1, 1, 1, 1, 1, 1, 1, 1, 1, 1, 1, 1, 1, 1, 1, 1, 1, 1, 1, 1, 1, 1, 1, 1, 1, 1, 1, 1, 1, 1, 1, 1, 1, 1, 1, 1, 1, 1, 1, 1, 1, 1, 1, 1, 1, 1, 1, 1, 1, 1, 1, 1, 1, 1, 1, 1, 1, 1, 1, 1, 1, 1, 1, 1, 1, 1, 1, 1, 1, 1, 1, 1, 1, 1, 1, 1, 1, 1, 1, 1, 1, 1, 1, 1, 1, 1, 1, 1, 1, 1, 1, 1, 1, 1, 1, 1, 1, 1, 1, 1, 1, 1, 1, 1, 1, 1, 1, 1, 1, 1, 1, 1, 1, 1, 1, 1, 1, 1, 1, 1, 1, 1, 1, 1, 1, 1, 1, 1, 1, 1, 1, 1, 1, 1, 1, 1, 1, 1, 1, 1, 1, 1, 1, 1, 1, 1, 1, 1, 1, 1, 1, 1, 1, 1, 1, 1, 1, 1, 1, 1, 1, 1, 1, 1, 1, 1, 1, 1, 1, 1, 1, 1, 1, 1, 1, 1, 1, 1, 1, 1, 1, 1, 1, 1, 1, 1, 1, 1, 1, 1, 1, 1, 1, 1, 1, 1, 1, 1, 1, 1, 1, 1, 1, 1, 1, 1, 1, 1, 1, 1, 1, 1, 1, 1, 1, 1, 1, 1, 1, 1, 1, 1, 1, 1, 1, 1, 1, 1, 1, 1, 1, 1, 1, 1, 1, 1, 1, 1, 1, 1, 1, 1, 1, 1, 1, 1, 1, 1, 1, 1, 1, 1, 1, 1, 1, 1, 1, 1, 1, 1, 1, 1, 1, 1, 1, 1, 1, 1, 1, 1, 1, 1, 1, 1, 1, 1, 1, 1, 1, 1, 1, 1, 1, 1, 1], [1, 1, 1, 1, 1, 1, 1, 1, 1, 1, 1, 1, 1, 1, 1, 1, 1, 1, 1, 1, 1, 1, 1, 1, 1, 1, 1, 1, 1, 1, 1, 1, 1, 1, 1, 1, 1, 1, 1, 1, 1, 1, 1, 1, 1, 1, 1, 1, 1, 1, 1, 1, 1, 1, 1, 1, 1, 1, 1, 1, 1, 1, 1, 1, 1, 1, 1, 1, 1, 1, 1, 1, 1, 1, 1, 1, 1, 1, 1, 1, 1, 1, 1, 1, 1, 1, 1, 1, 1, 1, 1, 1, 1, 1, 1, 1, 1, 1, 1, 1, 1, 1, 1, 1, 1, 1, 1, 1, 1, 1, 1, 1, 1, 1, 1, 1, 1, 1, 1, 1, 1, 1, 1, 1, 1, 1, 1, 1, 1, 1, 1, 1, 1, 1, 1, 1, 1, 1, 1, 1, 1, 1, 1, 1, 1, 1, 1, 1, 1, 1, 1, 1, 1, 1, 1, 1, 1, 1, 1, 1, 1, 1, 1, 1, 1, 1, 1, 1, 1, 1, 1, 1, 1, 1, 1, 1, 1, 1, 1, 1, 1, 1, 1, 1, 1, 1, 1, 1, 1, 1, 1, 1, 1, 1, 1, 1, 1, 1, 1, 1, 1, 1, 1, 1, 1, 1, 1, 1, 1, 1, 1, 1, 1, 1, 1, 1, 1, 1, 1, 1, 1, 1, 1, 1, 1, 1, 1, 1, 1, 1, 1, 1, 1, 1, 1, 1, 1, 1, 1, 1, 1, 1, 1, 1, 1, 1, 1, 1, 1, 1, 1, 1, 1, 1, 1, 1, 1, 1, 1, 1, 1, 1, 1, 1, 1, 1, 1, 1, 1, 1, 1, 1, 1, 1, 1, 1, 1, 1, 1, 1, 1, 1, 1, 1, 1, 1, 1, 1, 1, 1, 1, 1, 1, 1, 1, 1, 1, 1, 1, 1, 1, 1, 1, 1, 1, 1, 1, 1, 1, 1, 1, 1, 1, 1, 1, 1, 1, 1, 1, 1, 1, 1, 1, 1, 1, 1, 1, 1, 1, 1, 1, 1, 1, 1, 1, 1, 1, 1, 1, 1, 1, 1, 1, 1, 1, 1, 1, 1, 1, 1, 1, 1, 1, 1, 1, 1, 1, 1, 1, 1, 1, 1, 1, 1, 1, 1, 1, 1, 1, 1, 1, 1, 1, 1, 1, 1, 1, 1, 1, 1, 1, 1, 1, 1, 1, 1, 1, 1, 1, 1, 1, 1, 1, 1, 1, 1, 1, 1, 1, 1, 1, 1, 1, 1, 1, 1, 1, 1, 1, 1, 1, 1, 1, 1, 1, 1, 1, 1, 1, 1, 1, 1, 1, 1, 1, 1, 1, 1, 1, 1, 1, 1, 1, 1, 1, 1, 1, 1, 1, 1, 1, 1, 1, 1, 1, 1, 1, 1, 1, 1, 1, 1, 1, 1, 1, 1, 1, 1, 1, 1, 1, 1, 1, 1, 1, 1, 1, 1, 1, 1, 1, 1, 1, 1, 1, 1, 1, 1, 1, 1, 1, 1, 1, 1, 1, 1, 1, 1, 1, 1, 1, 1, 1, 1, 1, 1, 1, 1, 1, 1, 1, 1, 1, 1, 1, 1, 1, 1, 1, 1, 1, 1, 1, 1, 1, 1, 1, 1, 1, 1, 1, 1, 1, 1, 1, 1, 1, 1, 1, 1, 1, 1, 1, 1, 1, 1, 1, 1, 1, 1, 1, 1, 1, 1, 1, 1, 1, 1, 1, 1, 1, 1, 1, 1, 1, 1, 1, 1, 1, 1, 1, 1, 1, 1, 1, 1, 1, 1, 1, 1, 1, 1, 1, 1, 1, 1, 1, 1, 1, 1, 1, 1, 1, 1, 1, 1, 1, 1, 1, 1, 1, 1, 1, 1, 1, 1, 1, 1, 1, 1, 1, 1, 1, 1, 1, 1, 1, 1, 1, 1, 1, 1, 1, 1, 1, 1, 1, 1, 1, 1, 1, 1, 1, 1, 1, 1, 1, 1, 1, 1, 1, 1, 1, 1, 1, 1, 1, 1, 1, 1, 1, 1, 1, 1, 1, 1, 1, 1, 1, 1, 1, 1, 1, 1, 1, 1, 1, 1, 1, 1, 1, 1, 1, 1, 1, 1, 1, 1, 1, 1, 1, 1, 1, 1, 1, 1, 1, 1, 1, 1, 1, 1, 1, 1, 1, 1, 1, 1, 1, 1, 1, 1, 1, 1, 1, 1, 1, 1, 1, 1, 1, 1, 1, 1, 1, 1, 1, 1, 1, 1, 1, 1, 1, 1, 1, 1, 1, 1, 1, 1, 1, 1, 1, 1, 1, 1, 1, 1, 1, 1, 1, 1, 1, 1, 1, 1, 1, 1, 1, 1, 1, 1, 1, 1, 1, 1, 1, 1, 1, 1, 1, 1, 1, 1, 1, 1, 1, 1, 1, 1, 1, 1, 1, 1, 1, 1, 1, 1, 1, 1, 1, 1, 1, 1, 1, 1, 1, 1, 1, 1, 1, 1, 1, 1, 1, 1, 1, 1, 1, 1, 1, 1, 1, 1, 1, 1, 1, 1, 1, 1, 1, 1, 1, 1, 1, 1, 1, 1, 1, 1, 1, 1, 1, 1, 1, 1, 1, 1, 1, 1, 1, 1, 1, 1, 1, 1, 1, 1, 1, 1, 1, 1, 1, 1, 1, 1, 1, 1, 1, 1, 1, 1, 1, 1, 1, 1, 1, 1, 1, 1, 1, 1, 1, 1, 1, 1, 1]], pipeline-model-parallel size: 1 interleave-factor: 1
using torch.float16 for parameters ...
------------------------ arguments ------------------------
  accumulate_allreduce_grads_in_fp32 .............. False
  adam_beta1 ...................................... 0.9
  adam_beta2 ...................................... 0.999
  adam_eps ........................................ 1e-08
  adlr_autoresume ................................. False
  adlr_autoresume_interval ........................ 1000
  algo_of_each_op ................................. [[0, 0, 0, 0, 0, 0, 0, 0, 0, 0, 0, 0, 0, 0, 0, 0, 0, 0, 0, 0, 0, 0, 0, 0, 0, 0, 0, 0, 0, 0, 0, 0, 0, 0, 0, 0, 0, 0, 0, 0, 0, 0, 0, 0, 0, 0, 0, 0, 0, 0, 0, 0, 0, 0, 0, 0, 0, 0, 0, 0, 0, 0, 0, 0, 0, 0, 0, 0, 0, 0, 0, 0, 0, 0, 0, 0, 0, 0, 0, 0, 0, 0, 0, 0, 0, 0, 0, 0, 0, 0, 0, 0, 0, 0, 0, 0, 0, 0, 0, 0, 0, 0, 0, 0, 0, 0, 0, 0, 0, 0, 0, 0, 0, 0, 0, 0, 0, 0, 0, 0, 0, 0, 0, 0, 0, 0, 0, 0, 0, 0, 0, 0, 0, 0, 0, 0, 0, 0, 0, 0, 0, 0, 0, 0, 0, 0, 0, 0, 0, 0, 0, 0, 0, 0, 0, 0, 0, 0, 0, 0, 0, 0, 0, 0, 0, 0, 0, 0, 0, 0, 0, 0, 0, 0, 0, 0, 0, 0, 0, 0, 0, 0, 0, 0, 0, 0, 0, 0, 0, 0, 0, 0, 0, 0, 0, 0, 0, 0, 0, 0, 0, 0, 0, 0, 0, 0, 0, 0, 0, 0, 0, 0, 0, 0, 0, 0, 0, 0, 0, 0, 0, 0, 0, 0, 0, 0, 0, 0, 0, 0, 0, 0, 0, 0, 0, 0, 0, 0, 0, 0, 0, 0, 0, 0, 0, 0, 0, 0, 0, 0, 0, 0, 0, 0, 0, 0, 0, 0, 0, 0, 0, 0, 0, 0, 0, 0, 0, 0, 0, 0, 0, 0, 0, 0, 0, 0, 0, 0, 0, 0, 0, 0, 0, 0, 0, 0, 0, 0, 0, 0, 0, 0, 0, 0, 0, 0, 0, 0, 0, 0, 0, 0, 0, 0, 0, 0, 0, 0, 0, 0, 0, 0, 0, 0, 0, 0, 0, 0, 0, 0, 0, 0, 0, 0, 0, 0, 0, 0, 0, 0, 0, 0, 0, 0, 0, 0, 0, 0, 0, 0, 0, 0, 0, 0, 0, 0, 0, 0, 0, 0, 0, 0, 0, 0, 0, 0, 0, 0, 0, 0, 0, 0, 0, 0, 0, 0, 0, 0, 0, 0, 0, 0, 0, 0, 0, 0, 0, 0, 0, 0, 0, 0, 0, 0, 0, 0, 0, 0, 0, 0, 0, 0, 0, 0, 0, 0, 0, 0, 0, 0, 0, 0, 0, 0, 0, 0, 0, 0, 0, 0, 0, 0, 0, 0, 0, 0, 0, 0, 0, 0, 0, 0, 0, 0, 0, 0, 0, 0, 0, 0, 0, 0, 0, 0, 0, 0, 0, 0, 0, 0, 0, 0, 0, 0, 0, 0, 0, 0, 0, 0, 0, 0, 0, 0, 0, 0, 0, 0, 0, 0, 0, 0, 0, 0, 0, 0, 0, 0, 0, 0, 0, 0, 0, 0, 0, 0, 0, 0, 0, 0, 0, 0, 0, 0, 0, 0, 0, 0, 0, 0, 0, 0, 0, 0, 0, 0, 0, 0, 0, 0, 0, 0, 0, 0, 0, 0, 0, 0, 0, 0, 0, 0, 0, 0, 0, 0, 0, 0, 0, 0, 0, 0, 0, 0, 0, 0, 0, 0, 0, 0, 0, 0, 0, 0, 0, 0, 0, 0, 0, 0, 0, 0, 0, 0, 0, 0, 0, 0, 0, 0, 0, 0, 0, 0, 0, 0, 0, 0, 0, 0, 0, 0, 0, 0, 0, 0, 0, 0, 0, 0, 0, 0, 0, 0, 0, 0, 0, 0, 0, 0, 0, 0, 0, 0, 0, 0, 0, 0, 0, 0, 0, 0, 0, 0, 0, 0, 0, 0, 0, 0, 0, 0, 0, 0, 0, 0, 0, 0, 0, 0, 0, 0, 0, 0, 0, 0, 0, 0, 0, 0, 0, 0, 0, 0, 0, 0, 0, 0, 0, 0, 0, 0, 0, 0, 0, 0, 0, 0, 0, 0, 0, 0, 0, 0, 0, 0, 0, 0, 0, 0, 0, 0, 0, 0, 0, 0, 0, 0, 0, 0, 0, 0, 0, 0, 0, 0, 0, 0, 0, 0, 0, 0, 0, 0, 0, 0, 0, 0, 0, 0, 0, 0, 0, 0, 0, 0, 0, 0, 0, 0, 0, 0, 0, 0, 0, 0, 0, 0, 0, 0, 0, 0, 0, 0, 0, 0, 0, 0, 0, 0, 0, 0, 0, 0, 0, 0, 0, 0, 0, 0, 0, 0, 0, 0, 0, 0, 0, 0, 0, 0, 0, 0, 0, 0, 0, 0, 0, 0, 0, 0, 0, 0, 0, 0, 0, 0, 0, 0, 0, 0, 0, 0, 0, 0, 0, 0, 0, 0, 0, 0, 0, 0, 0, 0, 0, 0, 0, 0, 0, 0, 0, 0, 0, 0, 0, 0, 0, 0, 0, 0, 0, 0, 0, 0, 0, 0, 0, 0, 0, 0, 0, 0, 0, 0, 0, 0, 0, 0, 0, 0, 0, 0, 0, 0, 0, 0, 0, 0, 0, 0, 0, 0, 0, 0, 0, 0], [0, 0, 0, 0, 0, 0, 0, 0, 0, 0, 0, 0, 0, 0, 0, 0, 0, 0, 0, 0, 0, 0, 0, 0, 0, 0, 0, 0, 0, 0, 0, 0, 0, 0, 0, 0, 0, 0, 0, 0, 0, 0, 0, 0, 0, 0, 0, 0, 0, 0, 0, 0, 0, 0, 0, 0, 0, 0, 0, 0, 0, 0, 0, 0, 0, 0, 0, 0, 0, 0, 0, 0, 0, 0, 0, 0, 0, 0, 0, 0, 0, 0, 0, 0, 0, 0, 0, 0, 0, 0, 0, 0, 0, 0, 0, 0, 0, 0, 0, 0, 0, 0, 0, 0, 0, 0, 0, 0, 0, 0, 0, 0, 0, 0, 0, 0, 0, 0, 0, 0, 0, 0, 0, 0, 0, 0, 0, 0, 0, 0, 0, 0, 0, 0, 0, 0, 0, 0, 0, 0, 0, 0, 0, 0, 0, 0, 0, 0, 0, 0, 0, 0, 0, 0, 0, 0, 0, 0, 0, 0, 0, 0, 0, 0, 0, 0, 0, 0, 0, 0, 0, 0, 0, 0, 0, 0, 0, 0, 0, 0, 0, 0, 0, 0, 0, 0, 0, 0, 0, 0, 0, 0, 0, 0, 0, 0, 0, 0, 0, 0, 0, 0, 0, 0, 0, 0, 0, 0, 0, 0, 0, 0, 0, 0, 0, 0, 0, 0, 0, 0, 0, 0, 0, 0, 0, 0, 0, 0, 0, 0, 0, 0, 0, 0, 0, 0, 0, 0, 0, 0, 0, 0, 0, 0, 0, 0, 0, 0, 0, 0, 0, 0, 0, 0, 0, 0, 0, 0, 0, 0, 0, 0, 0, 0, 0, 0, 0, 0, 0, 0, 0, 0, 0, 0, 0, 0, 0, 0, 0, 0, 0, 0, 0, 0, 0, 0, 0, 0, 0, 0, 0, 0, 0, 0, 0, 0, 0, 0, 0, 0, 0, 0, 0, 0, 0, 0, 0, 0, 0, 0, 0, 0, 0, 0, 0, 0, 0, 0, 0, 0, 0, 0, 0, 0, 0, 0, 0, 0, 0, 0, 0, 0, 0, 0, 0, 0, 0, 0, 0, 0, 0, 0, 0, 0, 0, 0, 0, 0, 0, 0, 0, 0, 0, 0, 0, 0, 0, 0, 0, 0, 0, 0, 0, 0, 0, 0, 0, 0, 0, 0, 0, 0, 0, 0, 0, 0, 0, 0, 0, 0, 0, 0, 0, 0, 0, 0, 0, 0, 0, 0, 0, 0, 0, 0, 0, 0, 0, 0, 0, 0, 0, 0, 0, 0, 0, 0, 0, 0, 0, 0, 0, 0, 0, 0, 0, 0, 0, 0, 0, 0, 0, 0, 0, 0, 0, 0, 0, 0, 0, 0, 0, 0, 0, 0, 0, 0, 0, 0, 0, 0, 0, 0, 0, 0, 0, 0, 0, 0, 0, 0, 0, 0, 0, 0, 0, 0, 0, 0, 0, 0, 0, 0, 0, 0, 0, 0, 0, 0, 0, 0, 0, 0, 0, 0, 0, 0, 0, 0, 0, 0, 0, 0, 0, 0, 0, 0, 0, 0, 0, 0, 0, 0, 0, 0, 0, 0, 0, 0, 0, 0, 0, 0, 0, 0, 0, 0, 0, 0, 0, 0, 0, 0, 0, 0, 0, 0, 0, 0, 0, 0, 0, 0, 0, 0, 0, 0, 0, 0, 0, 0, 0, 0, 0, 0, 0, 0, 0, 0, 0, 0, 0, 0, 0, 0, 0, 0, 0, 0, 0, 0, 0, 0, 0, 0, 0, 0, 0, 0, 0, 0, 0, 0, 0, 0, 0, 0, 0, 0, 0, 0, 0, 0, 0, 0, 0, 0, 0, 0, 0, 0, 0, 0, 0, 0, 0, 0, 0, 0, 0, 0, 0, 0, 0, 0, 0, 0, 0, 0, 0, 0, 0, 0, 0, 0, 0, 0, 0, 0, 0, 0, 0, 0, 0, 0, 0, 0, 0, 0, 0, 0, 0, 0, 0, 0, 0, 0, 0, 0, 0, 0, 0, 0, 0, 0, 0, 0, 0, 0, 0, 0, 0, 0, 0, 0, 0, 0, 0, 0, 0, 0, 0, 0, 0, 0, 0, 0, 0, 0, 0, 0, 0, 0, 0, 0, 0, 0, 0, 0, 0, 0, 0, 0, 0, 0, 0, 0, 0, 0, 0, 0, 0, 0, 0, 0, 0, 0, 0, 0, 0, 0, 0, 0, 0, 0, 0, 0, 0, 0, 0, 0, 0, 0, 0, 0, 0, 0, 0, 0, 0, 0, 0, 0, 0, 0, 0, 0, 0, 0, 0, 0, 0, 0, 0, 0, 0, 0, 0, 0, 0, 0, 0, 0, 0, 0, 0, 0, 0, 0, 0, 0, 0, 0, 0, 0, 0, 0, 0, 0, 0, 0, 0, 0, 0, 0, 0, 0, 0, 0, 0, 0, 0, 0, 0, 0, 0, 0, 0, 0, 0, 0, 0, 0, 0, 0, 0, 0, 0, 0, 0, 0, 0, 0, 0, 0, 0, 0, 0, 0, 0, 0, 0, 0, 0, 0, 0, 0, 0, 0, 0, 0, 0, 0, 0, 0, 0, 0, 0, 0, 0, 0, 0, 0, 0, 0, 0, 0, 0, 0, 0], [0, 0, 0, 0, 0, 0, 0, 0, 0, 0, 0, 0, 0, 0, 0, 0, 0, 0, 0, 0, 0, 0, 0, 0, 0, 0, 0, 0, 0, 0, 0, 0, 0, 0, 0, 0, 0, 0, 0, 0, 0, 0, 0, 0, 0, 0, 0, 0, 0, 0, 0, 0, 0, 0, 0, 0, 0, 0, 0, 0, 0, 0, 0, 0, 0, 0, 0, 0, 0, 0, 0, 0, 0, 0, 0, 0, 0, 0, 0, 0, 0, 0, 0, 0, 0, 0, 0, 0, 0, 0, 0, 0, 0, 0, 0, 0, 0, 0, 0, 0, 0, 0, 0, 0, 0, 0, 0, 0, 0, 0, 0, 0, 0, 0, 0, 0, 0, 0, 0, 0, 0, 0, 0, 0, 0, 0, 0, 0, 0, 0, 0, 0, 0, 0, 0, 0, 0, 0, 0, 0, 0, 0, 0, 0, 0, 0, 0, 0, 0, 0, 0, 0, 0, 0, 0, 0, 0, 0, 0, 0, 0, 0, 0, 0, 0, 0, 0, 0, 0, 0, 0, 0, 0, 0, 0, 0, 0, 0, 0, 0, 0, 0, 0, 0, 0, 0, 0, 0, 0, 0, 0, 0, 0, 0, 0, 0, 0, 0, 0, 0, 0, 0, 0, 0, 0, 0, 0, 0, 0, 0, 0, 0, 0, 0, 0, 0, 0, 0, 0, 0, 0, 0, 0, 0, 0, 0, 0, 0, 0, 0, 0, 0, 0, 0, 0, 0, 0, 0, 0, 0, 0, 0, 0, 0, 0, 0, 0, 0, 0, 0, 0, 0, 0, 0, 0, 0, 0, 0, 0, 0, 0, 0, 0, 0, 0, 0, 0, 0, 0, 0, 0, 0, 0, 0, 0, 0, 0, 0, 0, 0, 0, 0, 0, 0, 0, 0, 0, 0, 0, 0, 0, 0, 0, 0, 0, 0, 0, 0, 0, 0, 0, 0, 0, 0, 0, 0, 0, 0, 0, 0, 0, 0, 0, 0, 0, 0, 0, 0, 0, 0, 0, 0, 0, 0, 0, 0, 0, 0, 0, 0, 0, 0, 0, 0, 0, 0, 0, 0, 0, 0, 0, 0, 0, 0, 0, 0, 0, 0, 0, 0, 0, 0, 0, 0, 0, 0, 0, 0, 0, 0, 0, 0, 0, 0, 0, 0, 0, 0, 0, 0, 0, 0, 0, 0, 0, 0, 0, 0, 0, 0, 0, 0, 0, 0, 0, 0, 0, 0, 0, 0, 0, 0, 0, 0, 0, 0, 0, 0, 0, 0, 0, 0, 0, 0, 0, 0, 0, 0, 0, 0, 0, 0, 0, 0, 0, 0, 0, 0, 0, 0, 0, 0, 0, 0, 0, 0, 0, 0, 0, 0, 0, 0, 0, 0, 0, 0, 0, 0, 0, 0, 0, 0, 0, 0, 0, 0, 0, 0, 0, 0, 0, 0, 0, 0, 0, 0, 0, 0, 0, 0, 0, 0, 0, 0, 0, 0, 0, 0, 0, 0, 0, 0, 0, 0, 0, 0, 0, 0, 0, 0, 0, 0, 0, 0, 0, 0, 0, 0, 0, 0, 0, 0, 0, 0, 0, 0, 0, 0, 0, 0, 0, 0, 0, 0, 0, 0, 0, 0, 0, 0, 0, 0, 0, 0, 0, 0, 0, 0, 0, 0, 0, 0, 0, 0, 0, 0, 0, 0, 0, 0, 0, 0, 0, 0, 0, 0, 0, 0, 0, 0, 0, 0, 0, 0, 0, 0, 0, 0, 0, 0, 0, 0, 0, 0, 0, 0, 0, 0, 0, 0, 0, 0, 0, 0, 0, 0, 0, 0, 0, 0, 0, 0, 0, 0, 0, 0, 0, 0, 0, 0, 0, 0, 0, 0, 0, 0, 0, 0, 0, 0, 0, 0, 0, 0, 0, 0, 0, 0, 0, 0, 0, 0, 0, 0, 0, 0, 0, 0, 0, 0, 0, 0, 0, 0, 0, 0, 0, 0, 0, 0, 0, 0, 0, 0, 0, 0, 0, 0, 0, 0, 0, 0, 0, 0, 0, 0, 0, 0, 0, 0, 0, 0, 0, 0, 0, 0, 0, 0, 0, 0, 0, 0, 0, 0, 0, 0, 0, 0, 0, 0, 0, 0, 0, 0, 0, 0, 0, 0, 0, 0, 0, 0, 0, 0, 0, 0, 0, 0, 0, 0, 0, 0, 0, 0, 0, 0, 0, 0, 0, 0, 0, 0, 0, 0, 0, 0, 0, 0, 0, 0, 0, 0, 0, 0, 0, 0, 0, 0, 0, 0, 0, 0, 0, 0, 0, 0, 0, 0, 0, 0, 0, 0, 0, 0, 0, 0, 0, 0, 0, 0, 0, 0, 0, 0, 0, 0, 0, 0, 0, 0, 0, 0, 0, 0, 0, 0, 0, 0, 0, 0, 0, 0, 0, 0, 0, 0, 0, 0, 0, 0, 0, 0, 0, 0, 0, 0, 0, 0, 0, 0, 0, 0, 0, 0, 0, 0, 0, 0, 0, 0, 0, 0, 0, 0, 0, 0, 0, 0, 0, 0, 0, 0, 0, 0, 0, 0, 0, 0, 0, 0, 0, 0, 0, 0, 0, 0, 0, 0, 0, 0, 0, 0, 0, 0, 0, 0, 0, 0, 0, 0, 0, 0, 0], [0, 0, 0, 0, 0, 0, 0, 0, 0, 0, 0, 0, 0, 0, 0, 0, 0, 0, 0, 0, 0, 0, 0, 0, 0, 0, 0, 0, 0, 0, 0, 0, 0, 0, 0, 0, 0, 0, 0, 0, 0, 0, 0, 0, 0, 0, 0, 0, 0, 0, 0, 0, 0, 0, 0, 0, 0, 0, 0, 0, 0, 0, 0, 0, 0, 0, 0, 0, 0, 0, 0, 0, 0, 0, 0, 0, 0, 0, 0, 0, 0, 0, 0, 0, 0, 0, 0, 0, 0, 0, 0, 0, 0, 0, 0, 0, 0, 0, 0, 0, 0, 0, 0, 0, 0, 0, 0, 0, 0, 0, 0, 0, 0, 0, 0, 0, 0, 0, 0, 0, 0, 0, 0, 0, 0, 0, 0, 0, 0, 0, 0, 0, 0, 0, 0, 0, 0, 0, 0, 0, 0, 0, 0, 0, 0, 0, 0, 0, 0, 0, 0, 0, 0, 0, 0, 0, 0, 0, 0, 0, 0, 0, 0, 0, 0, 0, 0, 0, 0, 0, 0, 0, 0, 0, 0, 0, 0, 0, 0, 0, 0, 0, 0, 0, 0, 0, 0, 0, 0, 0, 0, 0, 0, 0, 0, 0, 0, 0, 0, 0, 0, 0, 0, 0, 0, 0, 0, 0, 0, 0, 0, 0, 0, 0, 0, 0, 0, 0, 0, 0, 0, 0, 0, 0, 0, 0, 0, 0, 0, 0, 0, 0, 0, 0, 0, 0, 0, 0, 0, 0, 0, 0, 0, 0, 0, 0, 0, 0, 0, 0, 0, 0, 0, 0, 0, 0, 0, 0, 0, 0, 0, 0, 0, 0, 0, 0, 0, 0, 0, 0, 0, 0, 0, 0, 0, 0, 0, 0, 0, 0, 0, 0, 0, 0, 0, 0, 0, 0, 0, 0, 0, 0, 0, 0, 0, 0, 0, 0, 0, 0, 0, 0, 0, 0, 0, 0, 0, 0, 0, 0, 0, 0, 0, 0, 0, 0, 0, 0, 0, 0, 0, 0, 0, 0, 0, 0, 0, 0, 0, 0, 0, 0, 0, 0, 0, 0, 0, 0, 0, 0, 0, 0, 0, 0, 0, 0, 0, 0, 0, 0, 0, 0, 0, 0, 0, 0, 0, 0, 0, 0, 0, 0, 0, 0, 0, 0, 0, 0, 0, 0, 0, 0, 0, 0, 0, 0, 0, 0, 0, 0, 0, 0, 0, 0, 0, 0, 0, 0, 0, 0, 0, 0, 0, 0, 0, 0, 0, 0, 0, 0, 0, 0, 0, 0, 0, 0, 0, 0, 0, 0, 0, 0, 0, 0, 0, 0, 0, 0, 0, 0, 0, 0, 0, 0, 0, 0, 0, 0, 0, 0, 0, 0, 0, 0, 0, 0, 0, 0, 0, 0, 0, 0, 0, 0, 0, 0, 0, 0, 0, 0, 0, 0, 0, 0, 0, 0, 0, 0, 0, 0, 0, 0, 0, 0, 0, 0, 0, 0, 0, 0, 0, 0, 0, 0, 0, 0, 0, 0, 0, 0, 0, 0, 0, 0, 0, 0, 0, 0, 0, 0, 0, 0, 0, 0, 0, 0, 0, 0, 0, 0, 0, 0, 0, 0, 0, 0, 0, 0, 0, 0, 0, 0, 0, 0, 0, 0, 0, 0, 0, 0, 0, 0, 0, 0, 0, 0, 0, 0, 0, 0, 0, 0, 0, 0, 0, 0, 0, 0, 0, 0, 0, 0, 0, 0, 0, 0, 0, 0, 0, 0, 0, 0, 0, 0, 0, 0, 0, 0, 0, 0, 0, 0, 0, 0, 0, 0, 0, 0, 0, 0, 0, 0, 0, 0, 0, 0, 0, 0, 0, 0, 0, 0, 0, 0, 0, 0, 0, 0, 0, 0, 0, 0, 0, 0, 0, 0, 0, 0, 0, 0, 0, 0, 0, 0, 0, 0, 0, 0, 0, 0, 0, 0, 0, 0, 0, 0, 0, 0, 0, 0, 0, 0, 0, 0, 0, 0, 0, 0, 0, 0, 0, 0, 0, 0, 0, 0, 0, 0, 0, 0, 0, 0, 0, 0, 0, 0, 0, 0, 0, 0, 0, 0, 0, 0, 0, 0, 0, 0, 0, 0, 0, 0, 0, 0, 0, 0, 0, 0, 0, 0, 0, 0, 0, 0, 0, 0, 0, 0, 0, 0, 0, 0, 0, 0, 0, 0, 0, 0, 0, 0, 0, 0, 0, 0, 0, 0, 0, 0, 0, 0, 0, 0, 0, 0, 0, 0, 0, 0, 0, 0, 0, 0, 0, 0, 0, 0, 0, 0, 0, 0, 0, 0, 0, 0, 0, 0, 0, 0, 0, 0, 0, 0, 0, 0, 0, 0, 0, 0, 0, 0, 0, 0, 0, 0, 0, 0, 0, 0, 0, 0, 0, 0, 0, 0, 0, 0, 0, 0, 0, 0, 0, 0, 0, 0, 0, 0, 0, 0, 0, 0, 0, 0, 0, 0, 0, 0, 0, 0, 0, 0, 0, 0, 0, 0, 0, 0, 0, 0, 0, 0, 0, 0, 0, 0, 0, 0, 0, 0, 0, 0, 0, 0, 0, 0, 0, 0, 0, 0, 0, 0, 0, 0, 0, 0, 0, 0, 0, 0, 0, 0, 0, 0, 0, 0], [0, 0, 0, 0, 0, 0, 0, 0, 0, 0, 0, 0, 0, 0, 0, 0, 0, 0, 0, 0, 0, 0, 0, 0, 0, 0, 0, 0, 0, 0, 0, 0, 0, 0, 0, 0, 0, 0, 0, 0, 0, 0, 0, 0, 0, 0, 0, 0, 0, 0, 0, 0, 0, 0, 0, 0, 0, 0, 0, 0, 0, 0, 0, 0, 0, 0, 0, 0, 0, 0, 0, 0, 0, 0, 0, 0, 0, 0, 0, 0, 0, 0, 0, 0, 0, 0, 0, 0, 0, 0, 0, 0, 0, 0, 0, 0, 0, 0, 0, 0, 0, 0, 0, 0, 0, 0, 0, 0, 0, 0, 0, 0, 0, 0, 0, 0, 0, 0, 0, 0, 0, 0, 0, 0, 0, 0, 0, 0, 0, 0, 0, 0, 0, 0, 0, 0, 0, 0, 0, 0, 0, 0, 0, 0, 0, 0, 0, 0, 0, 0, 0, 0, 0, 0, 0, 0, 0, 0, 0, 0, 0, 0, 0, 0, 0, 0, 0, 0, 0, 0, 0, 0, 0, 0, 0, 0, 0, 0, 0, 0, 0, 0, 0, 0, 0, 0, 0, 0, 0, 0, 0, 0, 0, 0, 0, 0, 0, 0, 0, 0, 0, 0, 0, 0, 0, 0, 0, 0, 0, 0, 0, 0, 0, 0, 0, 0, 0, 0, 0, 0, 0, 0, 0, 0, 0, 0, 0, 0, 0, 0, 0, 0, 0, 0, 0, 0, 0, 0, 0, 0, 0, 0, 0, 0, 0, 0, 0, 0, 0, 0, 0, 0, 0, 0, 0, 0, 0, 0, 0, 0, 0, 0, 0, 0, 0, 0, 0, 0, 0, 0, 0, 0, 0, 0, 0, 0, 0, 0, 0, 0, 0, 0, 0, 0, 0, 0, 0, 0, 0, 0, 0, 0, 0, 0, 0, 0, 0, 0, 0, 0, 0, 0, 0, 0, 0, 0, 0, 0, 0, 0, 0, 0, 0, 0, 0, 0, 0, 0, 0, 0, 0, 0, 0, 0, 0, 0, 0, 0, 0, 0, 0, 0, 0, 0, 0, 0, 0, 0, 0, 0, 0, 0, 0, 0, 0, 0, 0, 0, 0, 0, 0, 0, 0, 0, 0, 0, 0, 0, 0, 0, 0, 0, 0, 0, 0, 0, 0, 0, 0, 0, 0, 0, 0, 0, 0, 0, 0, 0, 0, 0, 0, 0, 0, 0, 0, 0, 0, 0, 0, 0, 0, 0, 0, 0, 0, 0, 0, 0, 0, 0, 0, 0, 0, 0, 0, 0, 0, 0, 0, 0, 0, 0, 0, 0, 0, 0, 0, 0, 0, 0, 0, 0, 0, 0, 0, 0, 0, 0, 0, 0, 0, 0, 0, 0, 0, 0, 0, 0, 0, 0, 0, 0, 0, 0, 0, 0, 0, 0, 0, 0, 0, 0, 0, 0, 0, 0, 0, 0, 0, 0, 0, 0, 0, 0, 0, 0, 0, 0, 0, 0, 0, 0, 0, 0, 0, 0, 0, 0, 0, 0, 0, 0, 0, 0, 0, 0, 0, 0, 0, 0, 0, 0, 0, 0, 0, 0, 0, 0, 0, 0, 0, 0, 0, 0, 0, 0, 0, 0, 0, 0, 0, 0, 0, 0, 0, 0, 0, 0, 0, 0, 0, 0, 0, 0, 0, 0, 0, 0, 0, 0, 0, 0, 0, 0, 0, 0, 0, 0, 0, 0, 0, 0, 0, 0, 0, 0, 0, 0, 0, 0, 0, 0, 0, 0, 0, 0, 0, 0, 0, 0, 0, 0, 0, 0, 0, 0, 0, 0, 0, 0, 0, 0, 0, 0, 0, 0, 0, 0, 0, 0, 0, 0, 0, 0, 0, 0, 0, 0, 0, 0, 0, 0, 0, 0, 0, 0, 0, 0, 0, 0, 0, 0, 0, 0, 0, 0, 0, 0, 0, 0, 0, 0, 0, 0, 0, 0, 0, 0, 0, 0, 0, 0, 0, 0, 0, 0, 0, 0, 0, 0, 0, 0, 0, 0, 0, 0, 0, 0, 0, 0, 0, 0, 0, 0, 0, 0, 0, 0, 0, 0, 0, 0, 0, 0, 0, 0, 0, 0, 0, 0, 0, 0, 0, 0, 0, 0, 0, 0, 0, 0, 0, 0, 0, 0, 0, 0, 0, 0, 0, 0, 0, 0, 0, 0, 0, 0, 0, 0, 0, 0, 0, 0, 0, 0, 0, 0, 0, 0, 0, 0, 0, 0, 0, 0, 0, 0, 0, 0, 0, 0, 0, 0, 0, 0, 0, 0, 0, 0, 0, 0, 0, 0, 0, 0, 0, 0, 0, 0, 0, 0, 0, 0, 0, 0, 0, 0, 0, 0, 0, 0, 0, 0, 0, 0, 0, 0, 0, 0, 0, 0, 0, 0, 0, 0, 0, 0, 0, 0, 0, 0, 0, 0, 0, 0, 0, 0, 0, 0, 0, 0, 0, 0, 0, 0, 0, 0, 0, 0, 0, 0, 0, 0, 0, 0, 0, 0, 0, 0, 0, 0, 0, 0, 0, 0, 0, 0, 0, 0, 0, 0, 0, 0, 0, 0, 0, 0, 0, 0, 0, 0, 0, 0, 0, 0, 0, 0, 0, 0, 0, 0, 0, 0, 0, 0, 0, 0, 0, 0, 0, 0, 0], [0, 0, 0, 0, 0, 0, 0, 0, 0, 0, 0, 0, 0, 0, 0, 0, 0, 0, 0, 0, 0, 0, 0, 0, 0, 0, 0, 0, 0, 0, 0, 0, 0, 0, 0, 0, 0, 0, 0, 0, 0, 0, 0, 0, 0, 0, 0, 0, 0, 0, 0, 0, 0, 0, 0, 0, 0, 0, 0, 0, 0, 0, 0, 0, 0, 0, 0, 0, 0, 0, 0, 0, 0, 0, 0, 0, 0, 0, 0, 0, 0, 0, 0, 0, 0, 0, 0, 0, 0, 0, 0, 0, 0, 0, 0, 0, 0, 0, 0, 0, 0, 0, 0, 0, 0, 0, 0, 0, 0, 0, 0, 0, 0, 0, 0, 0, 0, 0, 0, 0, 0, 0, 0, 0, 0, 0, 0, 0, 0, 0, 0, 0, 0, 0, 0, 0, 0, 0, 0, 0, 0, 0, 0, 0, 0, 0, 0, 0, 0, 0, 0, 0, 0, 0, 0, 0, 0, 0, 0, 0, 0, 0, 0, 0, 0, 0, 0, 0, 0, 0, 0, 0, 0, 0, 0, 0, 0, 0, 0, 0, 0, 0, 0, 0, 0, 0, 0, 0, 0, 0, 0, 0, 0, 0, 0, 0, 0, 0, 0, 0, 0, 0, 0, 0, 0, 0, 0, 0, 0, 0, 0, 0, 0, 0, 0, 0, 0, 0, 0, 0, 0, 0, 0, 0, 0, 0, 0, 0, 0, 0, 0, 0, 0, 0, 0, 0, 0, 0, 0, 0, 0, 0, 0, 0, 0, 0, 0, 0, 0, 0, 0, 0, 0, 0, 0, 0, 0, 0, 0, 0, 0, 0, 0, 0, 0, 0, 0, 0, 0, 0, 0, 0, 0, 0, 0, 0, 0, 0, 0, 0, 0, 0, 0, 0, 0, 0, 0, 0, 0, 0, 0, 0, 0, 0, 0, 0, 0, 0, 0, 0, 0, 0, 0, 0, 0, 0, 0, 0, 0, 0, 0, 0, 0, 0, 0, 0, 0, 0, 0, 0, 0, 0, 0, 0, 0, 0, 0, 0, 0, 0, 0, 0, 0, 0, 0, 0, 0, 0, 0, 0, 0, 0, 0, 0, 0, 0, 0, 0, 0, 0, 0, 0, 0, 0, 0, 0, 0, 0, 0, 0, 0, 0, 0, 0, 0, 0, 0, 0, 0, 0, 0, 0, 0, 0, 0, 0, 0, 0, 0, 0, 0, 0, 0, 0, 0, 0, 0, 0, 0, 0, 0, 0, 0, 0, 0, 0, 0, 0, 0, 0, 0, 0, 0, 0, 0, 0, 0, 0, 0, 0, 0, 0, 0, 0, 0, 0, 0, 0, 0, 0, 0, 0, 0, 0, 0, 0, 0, 0, 0, 0, 0, 0, 0, 0, 0, 0, 0, 0, 0, 0, 0, 0, 0, 0, 0, 0, 0, 0, 0, 0, 0, 0, 0, 0, 0, 0, 0, 0, 0, 0, 0, 0, 0, 0, 0, 0, 0, 0, 0, 0, 0, 0, 0, 0, 0, 0, 0, 0, 0, 0, 0, 0, 0, 0, 0, 0, 0, 0, 0, 0, 0, 0, 0, 0, 0, 0, 0, 0, 0, 0, 0, 0, 0, 0, 0, 0, 0, 0, 0, 0, 0, 0, 0, 0, 0, 0, 0, 0, 0, 0, 0, 0, 0, 0, 0, 0, 0, 0, 0, 0, 0, 0, 0, 0, 0, 0, 0, 0, 0, 0, 0, 0, 0, 0, 0, 0, 0, 0, 0, 0, 0, 0, 0, 0, 0, 0, 0, 0, 0, 0, 0, 0, 0, 0, 0, 0, 0, 0, 0, 0, 0, 0, 0, 0, 0, 0, 0, 0, 0, 0, 0, 0, 0, 0, 0, 0, 0, 0, 0, 0, 0, 0, 0, 0, 0, 0, 0, 0, 0, 0, 0, 0, 0, 0, 0, 0, 0, 0, 0, 0, 0, 0, 0, 0, 0, 0, 0, 0, 0, 0, 0, 0, 0, 0, 0, 0, 0, 0, 0, 0, 0, 0, 0, 0, 0, 0, 0, 0, 0, 0, 0, 0, 0, 0, 0, 0, 0, 0, 0, 0, 0, 0, 0, 0, 0, 0, 0, 0, 0, 0, 0, 0, 0, 0, 0, 0, 0, 0, 0, 0, 0, 0, 0, 0, 0, 0, 0, 0, 0, 0, 0, 0, 0, 0, 0, 0, 0, 0, 0, 0, 0, 0, 0, 0, 0, 0, 0, 0, 0, 0, 0, 0, 0, 0, 0, 0, 0, 0, 0, 0, 0, 0, 0, 0, 0, 0, 0, 0, 0, 0, 0, 0, 0, 0, 0, 0, 0, 0, 0, 0, 0, 0, 0, 0, 0, 0, 0, 0, 0, 0, 0, 0, 0, 0, 0, 0, 0, 0, 0, 0, 0, 0, 0, 0, 0, 0, 0, 0, 0, 0, 0, 0, 0, 0, 0, 0, 0, 0, 0, 0, 0, 0, 0, 0, 0, 0, 0, 0, 0, 0, 0, 0, 0, 0, 0, 0, 0, 0, 0, 0, 0, 0, 0, 0, 0, 0, 0, 0, 0, 0, 0, 0, 0, 0, 0, 0, 0, 0, 0, 0, 0, 0, 0, 0, 0, 0, 0, 0, 0, 0, 0, 0, 0, 0, 0, 0, 0, 0, 0, 0, 0, 0], [0, 0, 0, 0, 0, 0, 0, 0, 0, 0, 0, 0, 0, 0, 0, 0, 0, 0, 0, 0, 0, 0, 0, 0, 0, 0, 0, 0, 0, 0, 0, 0, 0, 0, 0, 0, 0, 0, 0, 0, 0, 0, 0, 0, 0, 0, 0, 0, 0, 0, 0, 0, 0, 0, 0, 0, 0, 0, 0, 0, 0, 0, 0, 0, 0, 0, 0, 0, 0, 0, 0, 0, 0, 0, 0, 0, 0, 0, 0, 0, 0, 0, 0, 0, 0, 0, 0, 0, 0, 0, 0, 0, 0, 0, 0, 0, 0, 0, 0, 0, 0, 0, 0, 0, 0, 0, 0, 0, 0, 0, 0, 0, 0, 0, 0, 0, 0, 0, 0, 0, 0, 0, 0, 0, 0, 0, 0, 0, 0, 0, 0, 0, 0, 0, 0, 0, 0, 0, 0, 0, 0, 0, 0, 0, 0, 0, 0, 0, 0, 0, 0, 0, 0, 0, 0, 0, 0, 0, 0, 0, 0, 0, 0, 0, 0, 0, 0, 0, 0, 0, 0, 0, 0, 0, 0, 0, 0, 0, 0, 0, 0, 0, 0, 0, 0, 0, 0, 0, 0, 0, 0, 0, 0, 0, 0, 0, 0, 0, 0, 0, 0, 0, 0, 0, 0, 0, 0, 0, 0, 0, 0, 0, 0, 0, 0, 0, 0, 0, 0, 0, 0, 0, 0, 0, 0, 0, 0, 0, 0, 0, 0, 0, 0, 0, 0, 0, 0, 0, 0, 0, 0, 0, 0, 0, 0, 0, 0, 0, 0, 0, 0, 0, 0, 0, 0, 0, 0, 0, 0, 0, 0, 0, 0, 0, 0, 0, 0, 0, 0, 0, 0, 0, 0, 0, 0, 0, 0, 0, 0, 0, 0, 0, 0, 0, 0, 0, 0, 0, 0, 0, 0, 0, 0, 0, 0, 0, 0, 0, 0, 0, 0, 0, 0, 0, 0, 0, 0, 0, 0, 0, 0, 0, 0, 0, 0, 0, 0, 0, 0, 0, 0, 0, 0, 0, 0, 0, 0, 0, 0, 0, 0, 0, 0, 0, 0, 0, 0, 0, 0, 0, 0, 0, 0, 0, 0, 0, 0, 0, 0, 0, 0, 0, 0, 0, 0, 0, 0, 0, 0, 0, 0, 0, 0, 0, 0, 0, 0, 0, 0, 0, 0, 0, 0, 0, 0, 0, 0, 0, 0, 0, 0, 0, 0, 0, 0, 0, 0, 0, 0, 0, 0, 0, 0, 0, 0, 0, 0, 0, 0, 0, 0, 0, 0, 0, 0, 0, 0, 0, 0, 0, 0, 0, 0, 0, 0, 0, 0, 0, 0, 0, 0, 0, 0, 0, 0, 0, 0, 0, 0, 0, 0, 0, 0, 0, 0, 0, 0, 0, 0, 0, 0, 0, 0, 0, 0, 0, 0, 0, 0, 0, 0, 0, 0, 0, 0, 0, 0, 0, 0, 0, 0, 0, 0, 0, 0, 0, 0, 0, 0, 0, 0, 0, 0, 0, 0, 0, 0, 0, 0, 0, 0, 0, 0, 0, 0, 0, 0, 0, 0, 0, 0, 0, 0, 0, 0, 0, 0, 0, 0, 0, 0, 0, 0, 0, 0, 0, 0, 0, 0, 0, 0, 0, 0, 0, 0, 0, 0, 0, 0, 0, 0, 0, 0, 0, 0, 0, 0, 0, 0, 0, 0, 0, 0, 0, 0, 0, 0, 0, 0, 0, 0, 0, 0, 0, 0, 0, 0, 0, 0, 0, 0, 0, 0, 0, 0, 0, 0, 0, 0, 0, 0, 0, 0, 0, 0, 0, 0, 0, 0, 0, 0, 0, 0, 0, 0, 0, 0, 0, 0, 0, 0, 0, 0, 0, 0, 0, 0, 0, 0, 0, 0, 0, 0, 0, 0, 0, 0, 0, 0, 0, 0, 0, 0, 0, 0, 0, 0, 0, 0, 0, 0, 0, 0, 0, 0, 0, 0, 0, 0, 0, 0, 0, 0, 0, 0, 0, 0, 0, 0, 0, 0, 0, 0, 0, 0, 0, 0, 0, 0, 0, 0, 0, 0, 0, 0, 0, 0, 0, 0, 0, 0, 0, 0, 0, 0, 0, 0, 0, 0, 0, 0, 0, 0, 0, 0, 0, 0, 0, 0, 0, 0, 0, 0, 0, 0, 0, 0, 0, 0, 0, 0, 0, 0, 0, 0, 0, 0, 0, 0, 0, 0, 0, 0, 0, 0, 0, 0, 0, 0, 0, 0, 0, 0, 0, 0, 0, 0, 0, 0, 0, 0, 0, 0, 0, 0, 0, 0, 0, 0, 0, 0, 0, 0, 0, 0, 0, 0, 0, 0, 0, 0, 0, 0, 0, 0, 0, 0, 0, 0, 0, 0, 0, 0, 0, 0, 0, 0, 0, 0, 0, 0, 0, 0, 0, 0, 0, 0, 0, 0, 0, 0, 0, 0, 0, 0, 0, 0, 0, 0, 0, 0, 0, 0, 0, 0, 0, 0, 0, 0, 0, 0, 0, 0, 0, 0, 0, 0, 0, 0, 0, 0, 0, 0, 0, 0, 0, 0, 0, 0, 0, 0, 0, 0, 0, 0, 0, 0, 0, 0, 0, 0, 0, 0, 0, 0, 0, 0, 0, 0, 0, 0, 0, 0, 0, 0, 0, 0, 0, 0, 0, 0, 0, 0, 0, 0, 0, 0, 0, 0, 0, 0, 0, 0, 0, 0, 0, 0, 0, 0, 0, 0, 0, 0, 0, 0, 0, 0], [0, 0, 0, 0, 0, 0, 0, 0, 0, 0, 0, 0, 0, 0, 0, 0, 0, 0, 0, 0, 0, 0, 0, 0, 0, 0, 0, 0, 0, 0, 0, 0, 0, 0, 0, 0, 0, 0, 0, 0, 0, 0, 0, 0, 0, 0, 0, 0, 0, 0, 0, 0, 0, 0, 0, 0, 0, 0, 0, 0, 0, 0, 0, 0, 0, 0, 0, 0, 0, 0, 0, 0, 0, 0, 0, 0, 0, 0, 0, 0, 0, 0, 0, 0, 0, 0, 0, 0, 0, 0, 0, 0, 0, 0, 0, 0, 0, 0, 0, 0, 0, 0, 0, 0, 0, 0, 0, 0, 0, 0, 0, 0, 0, 0, 0, 0, 0, 0, 0, 0, 0, 0, 0, 0, 0, 0, 0, 0, 0, 0, 0, 0, 0, 0, 0, 0, 0, 0, 0, 0, 0, 0, 0, 0, 0, 0, 0, 0, 0, 0, 0, 0, 0, 0, 0, 0, 0, 0, 0, 0, 0, 0, 0, 0, 0, 0, 0, 0, 0, 0, 0, 0, 0, 0, 0, 0, 0, 0, 0, 0, 0, 0, 0, 0, 0, 0, 0, 0, 0, 0, 0, 0, 0, 0, 0, 0, 0, 0, 0, 0, 0, 0, 0, 0, 0, 0, 0, 0, 0, 0, 0, 0, 0, 0, 0, 0, 0, 0, 0, 0, 0, 0, 0, 0, 0, 0, 0, 0, 0, 0, 0, 0, 0, 0, 0, 0, 0, 0, 0, 0, 0, 0, 0, 0, 0, 0, 0, 0, 0, 0, 0, 0, 0, 0, 0, 0, 0, 0, 0, 0, 0, 0, 0, 0, 0, 0, 0, 0, 0, 0, 0, 0, 0, 0, 0, 0, 0, 0, 0, 0, 0, 0, 0, 0, 0, 0, 0, 0, 0, 0, 0, 0, 0, 0, 0, 0, 0, 0, 0, 0, 0, 0, 0, 0, 0, 0, 0, 0, 0, 0, 0, 0, 0, 0, 0, 0, 0, 0, 0, 0, 0, 0, 0, 0, 0, 0, 0, 0, 0, 0, 0, 0, 0, 0, 0, 0, 0, 0, 0, 0, 0, 0, 0, 0, 0, 0, 0, 0, 0, 0, 0, 0, 0, 0, 0, 0, 0, 0, 0, 0, 0, 0, 0, 0, 0, 0, 0, 0, 0, 0, 0, 0, 0, 0, 0, 0, 0, 0, 0, 0, 0, 0, 0, 0, 0, 0, 0, 0, 0, 0, 0, 0, 0, 0, 0, 0, 0, 0, 0, 0, 0, 0, 0, 0, 0, 0, 0, 0, 0, 0, 0, 0, 0, 0, 0, 0, 0, 0, 0, 0, 0, 0, 0, 0, 0, 0, 0, 0, 0, 0, 0, 0, 0, 0, 0, 0, 0, 0, 0, 0, 0, 0, 0, 0, 0, 0, 0, 0, 0, 0, 0, 0, 0, 0, 0, 0, 0, 0, 0, 0, 0, 0, 0, 0, 0, 0, 0, 0, 0, 0, 0, 0, 0, 0, 0, 0, 0, 0, 0, 0, 0, 0, 0, 0, 0, 0, 0, 0, 0, 0, 0, 0, 0, 0, 0, 0, 0, 0, 0, 0, 0, 0, 0, 0, 0, 0, 0, 0, 0, 0, 0, 0, 0, 0, 0, 0, 0, 0, 0, 0, 0, 0, 0, 0, 0, 0, 0, 0, 0, 0, 0, 0, 0, 0, 0, 0, 0, 0, 0, 0, 0, 0, 0, 0, 0, 0, 0, 0, 0, 0, 0, 0, 0, 0, 0, 0, 0, 0, 0, 0, 0, 0, 0, 0, 0, 0, 0, 0, 0, 0, 0, 0, 0, 0, 0, 0, 0, 0, 0, 0, 0, 0, 0, 0, 0, 0, 0, 0, 0, 0, 0, 0, 0, 0, 0, 0, 0, 0, 0, 0, 0, 0, 0, 0, 0, 0, 0, 0, 0, 0, 0, 0, 0, 0, 0, 0, 0, 0, 0, 0, 0, 0, 0, 0, 0, 0, 0, 0, 0, 0, 0, 0, 0, 0, 0, 0, 0, 0, 0, 0, 0, 0, 0, 0, 0, 0, 0, 0, 0, 0, 0, 0, 0, 0, 0, 0, 0, 0, 0, 0, 0, 0, 0, 0, 0, 0, 0, 0, 0, 0, 0, 0, 0, 0, 0, 0, 0, 0, 0, 0, 0, 0, 0, 0, 0, 0, 0, 0, 0, 0, 0, 0, 0, 0, 0, 0, 0, 0, 0, 0, 0, 0, 0, 0, 0, 0, 0, 0, 0, 0, 0, 0, 0, 0, 0, 0, 0, 0, 0, 0, 0, 0, 0, 0, 0, 0, 0, 0, 0, 0, 0, 0, 0, 0, 0, 0, 0, 0, 0, 0, 0, 0, 0, 0, 0, 0, 0, 0, 0, 0, 0, 0, 0, 0, 0, 0, 0, 0, 0, 0, 0, 0, 0, 0, 0, 0, 0, 0, 0, 0, 0, 0, 0, 0, 0, 0, 0, 0, 0, 0, 0, 0, 0, 0, 0, 0, 0, 0, 0, 0, 0, 0, 0, 0, 0, 0, 0, 0, 0, 0, 0, 0, 0, 0, 0, 0, 0, 0, 0, 0, 0, 0, 0, 0, 0, 0, 0, 0, 0, 0, 0, 0, 0, 0, 0, 0, 0, 0, 0, 0, 0, 0, 0, 0, 0, 0, 0, 0, 0, 0, 0, 0, 0, 0, 0, 0, 0, 0, 0, 0, 0, 0, 0, 0, 0, 0, 0]]
  apply_query_key_layer_scaling ................... True
  apply_residual_connection_post_layernorm ........ False
  attention_dropout ............................... 0.1
  attention_softmax_in_fp32 ....................... False
  batch_size ...................................... None
  bert_binary_head ................................ True
  bert_load ....................................... None
  bf16 ............................................ False
  bias_dropout_fusion ............................. True
  bias_gelu_fusion ................................ True
  biencoder_projection_dim ........................ 0
  biencoder_shared_query_context_model ............ False
  block_data_path ................................. None
  checkpoint_activations .......................... [True, True, True, True, True, True, True, True]
  checkpoint_num_layers ........................... 1
  checkpoint_stages ............................... []
  clip_grad ....................................... 1.0
  consumed_train_samples .......................... 0
  consumed_valid_samples .......................... 0
  data_impl ....................................... mmap
  data_parallel_size_of_each_op ................... [[1, 1, 1, 1, 1, 1, 1, 1, 1, 1, 1, 1, 1, 1, 1, 1, 1, 1, 1, 1, 1, 1, 1, 1, 1, 1, 1, 1, 1, 1, 1, 1, 1, 1, 1, 1, 1, 1, 1, 1, 1, 1, 1, 1, 1, 1, 1, 1, 1, 1, 1, 1, 1, 1, 1, 1, 1, 1, 1, 1, 1, 1, 1, 1, 1, 1, 1, 1, 1, 1, 1, 1, 1, 1, 1, 1, 1, 1, 1, 1, 1, 1, 1, 1, 1, 1, 1, 1, 1, 1, 1, 1, 1, 1, 1, 1, 1, 1, 1, 1, 1, 1, 1, 1, 1, 1, 1, 1, 1, 1, 1, 1, 1, 1, 1, 1, 1, 1, 1, 1, 1, 1, 1, 1, 1, 1, 1, 1, 1, 1, 1, 1, 1, 1, 1, 1, 1, 1, 1, 1, 1, 1, 1, 1, 1, 1, 1, 1, 1, 1, 1, 1, 1, 1, 1, 1, 1, 1, 1, 1, 1, 1, 1, 1, 1, 1, 1, 1, 1, 1, 1, 1, 1, 1, 1, 1, 1, 1, 1, 1, 1, 1, 1, 1, 1, 1, 1, 1, 1, 1, 1, 1, 1, 1, 1, 1, 1, 1, 1, 1, 1, 1, 1, 1, 1, 1, 1, 1, 1, 1, 1, 1, 1, 1, 1, 1, 1, 1, 1, 1, 1, 1, 1, 1, 1, 1, 1, 1, 1, 1, 1, 1, 1, 1, 1, 1, 1, 1, 1, 1, 1, 1, 1, 1, 1, 1, 1, 1, 1, 1, 1, 1, 1, 1, 1, 1, 1, 1, 1, 1, 1, 1, 1, 1, 1, 1, 1, 1, 1, 1, 1, 1, 1, 1, 1, 1, 1, 1, 1, 1, 1, 1, 1, 1, 1, 1, 1, 1, 1, 1, 1, 1, 1, 1, 1, 1, 1, 1, 1, 1, 1, 1, 1, 1, 1, 1, 1, 1, 1, 1, 1, 1, 1, 1, 1, 1, 1, 1, 1, 1, 1, 1, 1, 1, 1, 1, 1, 1, 1, 1, 1, 1, 1, 1, 1, 1, 1, 1, 1, 1, 1, 1, 1, 1, 1, 1, 1, 1, 1, 1, 1, 1, 1, 1, 1, 1, 1, 1, 1, 1, 1, 1, 1, 1, 1, 1, 1, 1, 1, 1, 1, 1, 1, 1, 1, 1, 1, 1, 1, 1, 1, 1, 1, 1, 1, 1, 1, 1, 1, 1, 1, 1, 1, 1, 1, 1, 1, 1, 1, 1, 1, 1, 1, 1, 1, 1, 1, 1, 1, 1, 1, 1, 1, 1, 1, 1, 1, 1, 1, 1, 1, 1, 1, 1, 1, 1, 1, 1, 1, 1, 1, 1, 1, 1, 1, 1, 1, 1, 1, 1, 1, 1, 1, 1, 1, 1, 1, 1, 1, 1, 1, 1, 1, 1, 1, 1, 1, 1, 1, 1, 1, 1, 1, 1, 1, 1, 1, 1, 1, 1, 1, 1, 1, 1, 1, 1, 1, 1, 1, 1, 1, 1, 1, 1, 1, 1, 1, 1, 1, 1, 1, 1, 1, 1, 1, 1, 1, 1, 1, 1, 1, 1, 1, 1, 1, 1, 1, 1, 1, 1, 1, 1, 1, 1, 1, 1, 1, 1, 1, 1, 1, 1, 1, 1, 1, 1, 1, 1, 1, 1, 1, 1, 1, 1, 1, 1, 1, 1, 1, 1, 1, 1, 1, 1, 1, 1, 1, 1, 1, 1, 1, 1, 1, 1, 1, 1, 1, 1, 1, 1, 1, 1, 1, 1, 1, 1, 1, 1, 1, 1, 1, 1, 1, 1, 1, 1, 1, 1, 1, 1, 1, 1, 1, 1, 1, 1, 1, 1, 1, 1, 1, 1, 1, 1, 1, 1, 1, 1, 1, 1, 1, 1, 1, 1, 1, 1, 1, 1, 1, 1, 1, 1, 1, 1, 1, 1, 1, 1, 1, 1, 1, 1, 1, 1, 1, 1, 1, 1, 1, 1, 1, 1, 1, 1, 1, 1, 1, 1, 1, 1, 1, 1, 1, 1, 1, 1, 1, 1, 1, 1, 1, 1, 1, 1, 1, 1, 1, 1, 1, 1, 1, 1, 1, 1, 1, 1, 1, 1, 1, 1, 1, 1, 1, 1, 1, 1, 1, 1, 1, 1, 1, 1, 1, 1, 1, 1, 1, 1, 1, 1, 1, 1, 1, 1, 1, 1, 1, 1, 1, 1, 1, 1, 1, 1, 1, 1, 1, 1, 1, 1, 1, 1, 1, 1, 1, 1, 1, 1, 1, 1, 1, 1, 1, 1, 1, 1, 1, 1, 1, 1, 1, 1, 1, 1, 1, 1, 1, 1, 1, 1, 1, 1, 1, 1, 1, 1, 1, 1, 1, 1, 1, 1, 1, 1, 1, 1, 1, 1, 1, 1, 1, 1, 1, 1, 1, 1, 1, 1, 1, 1, 1, 1, 1, 1, 1, 1, 1, 1, 1, 1, 1, 1, 1, 1, 1, 1, 1, 1, 1, 1, 1, 1, 1, 1, 1, 1, 1, 1, 1, 1, 1, 1, 1, 1, 1, 1, 1, 1, 1, 1, 1, 1, 1, 1, 1, 1], [1, 1, 1, 1, 1, 1, 1, 1, 1, 1, 1, 1, 1, 1, 1, 1, 1, 1, 1, 1, 1, 1, 1, 1, 1, 1, 1, 1, 1, 1, 1, 1, 1, 1, 1, 1, 1, 1, 1, 1, 1, 1, 1, 1, 1, 1, 1, 1, 1, 1, 1, 1, 1, 1, 1, 1, 1, 1, 1, 1, 1, 1, 1, 1, 1, 1, 1, 1, 1, 1, 1, 1, 1, 1, 1, 1, 1, 1, 1, 1, 1, 1, 1, 1, 1, 1, 1, 1, 1, 1, 1, 1, 1, 1, 1, 1, 1, 1, 1, 1, 1, 1, 1, 1, 1, 1, 1, 1, 1, 1, 1, 1, 1, 1, 1, 1, 1, 1, 1, 1, 1, 1, 1, 1, 1, 1, 1, 1, 1, 1, 1, 1, 1, 1, 1, 1, 1, 1, 1, 1, 1, 1, 1, 1, 1, 1, 1, 1, 1, 1, 1, 1, 1, 1, 1, 1, 1, 1, 1, 1, 1, 1, 1, 1, 1, 1, 1, 1, 1, 1, 1, 1, 1, 1, 1, 1, 1, 1, 1, 1, 1, 1, 1, 1, 1, 1, 1, 1, 1, 1, 1, 1, 1, 1, 1, 1, 1, 1, 1, 1, 1, 1, 1, 1, 1, 1, 1, 1, 1, 1, 1, 1, 1, 1, 1, 1, 1, 1, 1, 1, 1, 1, 1, 1, 1, 1, 1, 1, 1, 1, 1, 1, 1, 1, 1, 1, 1, 1, 1, 1, 1, 1, 1, 1, 1, 1, 1, 1, 1, 1, 1, 1, 1, 1, 1, 1, 1, 1, 1, 1, 1, 1, 1, 1, 1, 1, 1, 1, 1, 1, 1, 1, 1, 1, 1, 1, 1, 1, 1, 1, 1, 1, 1, 1, 1, 1, 1, 1, 1, 1, 1, 1, 1, 1, 1, 1, 1, 1, 1, 1, 1, 1, 1, 1, 1, 1, 1, 1, 1, 1, 1, 1, 1, 1, 1, 1, 1, 1, 1, 1, 1, 1, 1, 1, 1, 1, 1, 1, 1, 1, 1, 1, 1, 1, 1, 1, 1, 1, 1, 1, 1, 1, 1, 1, 1, 1, 1, 1, 1, 1, 1, 1, 1, 1, 1, 1, 1, 1, 1, 1, 1, 1, 1, 1, 1, 1, 1, 1, 1, 1, 1, 1, 1, 1, 1, 1, 1, 1, 1, 1, 1, 1, 1, 1, 1, 1, 1, 1, 1, 1, 1, 1, 1, 1, 1, 1, 1, 1, 1, 1, 1, 1, 1, 1, 1, 1, 1, 1, 1, 1, 1, 1, 1, 1, 1, 1, 1, 1, 1, 1, 1, 1, 1, 1, 1, 1, 1, 1, 1, 1, 1, 1, 1, 1, 1, 1, 1, 1, 1, 1, 1, 1, 1, 1, 1, 1, 1, 1, 1, 1, 1, 1, 1, 1, 1, 1, 1, 1, 1, 1, 1, 1, 1, 1, 1, 1, 1, 1, 1, 1, 1, 1, 1, 1, 1, 1, 1, 1, 1, 1, 1, 1, 1, 1, 1, 1, 1, 1, 1, 1, 1, 1, 1, 1, 1, 1, 1, 1, 1, 1, 1, 1, 1, 1, 1, 1, 1, 1, 1, 1, 1, 1, 1, 1, 1, 1, 1, 1, 1, 1, 1, 1, 1, 1, 1, 1, 1, 1, 1, 1, 1, 1, 1, 1, 1, 1, 1, 1, 1, 1, 1, 1, 1, 1, 1, 1, 1, 1, 1, 1, 1, 1, 1, 1, 1, 1, 1, 1, 1, 1, 1, 1, 1, 1, 1, 1, 1, 1, 1, 1, 1, 1, 1, 1, 1, 1, 1, 1, 1, 1, 1, 1, 1, 1, 1, 1, 1, 1, 1, 1, 1, 1, 1, 1, 1, 1, 1, 1, 1, 1, 1, 1, 1, 1, 1, 1, 1, 1, 1, 1, 1, 1, 1, 1, 1, 1, 1, 1, 1, 1, 1, 1, 1, 1, 1, 1, 1, 1, 1, 1, 1, 1, 1, 1, 1, 1, 1, 1, 1, 1, 1, 1, 1, 1, 1, 1, 1, 1, 1, 1, 1, 1, 1, 1, 1, 1, 1, 1, 1, 1, 1, 1, 1, 1, 1, 1, 1, 1, 1, 1, 1, 1, 1, 1, 1, 1, 1, 1, 1, 1, 1, 1, 1, 1, 1, 1, 1, 1, 1, 1, 1, 1, 1, 1, 1, 1, 1, 1, 1, 1, 1, 1, 1, 1, 1, 1, 1, 1, 1, 1, 1, 1, 1, 1, 1, 1, 1, 1, 1, 1, 1, 1, 1, 1, 1, 1, 1, 1, 1, 1, 1, 1, 1, 1, 1, 1, 1, 1, 1, 1, 1, 1, 1, 1, 1, 1, 1, 1, 1, 1, 1, 1, 1, 1, 1, 1, 1, 1, 1, 1, 1, 1, 1, 1, 1, 1, 1, 1, 1, 1, 1, 1, 1, 1, 1, 1, 1, 1, 1, 1, 1, 1, 1, 1, 1, 1, 1, 1, 1, 1, 1, 1, 1, 1, 1, 1, 1, 1, 1, 1, 1, 1, 1, 1, 1, 1, 1, 1, 1, 1, 1, 1, 1, 1, 1, 1, 1, 1, 1], [1, 1, 1, 1, 1, 1, 1, 1, 1, 1, 1, 1, 1, 1, 1, 1, 1, 1, 1, 1, 1, 1, 1, 1, 1, 1, 1, 1, 1, 1, 1, 1, 1, 1, 1, 1, 1, 1, 1, 1, 1, 1, 1, 1, 1, 1, 1, 1, 1, 1, 1, 1, 1, 1, 1, 1, 1, 1, 1, 1, 1, 1, 1, 1, 1, 1, 1, 1, 1, 1, 1, 1, 1, 1, 1, 1, 1, 1, 1, 1, 1, 1, 1, 1, 1, 1, 1, 1, 1, 1, 1, 1, 1, 1, 1, 1, 1, 1, 1, 1, 1, 1, 1, 1, 1, 1, 1, 1, 1, 1, 1, 1, 1, 1, 1, 1, 1, 1, 1, 1, 1, 1, 1, 1, 1, 1, 1, 1, 1, 1, 1, 1, 1, 1, 1, 1, 1, 1, 1, 1, 1, 1, 1, 1, 1, 1, 1, 1, 1, 1, 1, 1, 1, 1, 1, 1, 1, 1, 1, 1, 1, 1, 1, 1, 1, 1, 1, 1, 1, 1, 1, 1, 1, 1, 1, 1, 1, 1, 1, 1, 1, 1, 1, 1, 1, 1, 1, 1, 1, 1, 1, 1, 1, 1, 1, 1, 1, 1, 1, 1, 1, 1, 1, 1, 1, 1, 1, 1, 1, 1, 1, 1, 1, 1, 1, 1, 1, 1, 1, 1, 1, 1, 1, 1, 1, 1, 1, 1, 1, 1, 1, 1, 1, 1, 1, 1, 1, 1, 1, 1, 1, 1, 1, 1, 1, 1, 1, 1, 1, 1, 1, 1, 1, 1, 1, 1, 1, 1, 1, 1, 1, 1, 1, 1, 1, 1, 1, 1, 1, 1, 1, 1, 1, 1, 1, 1, 1, 1, 1, 1, 1, 1, 1, 1, 1, 1, 1, 1, 1, 1, 1, 1, 1, 1, 1, 1, 1, 1, 1, 1, 1, 1, 1, 1, 1, 1, 1, 1, 1, 1, 1, 1, 1, 1, 1, 1, 1, 1, 1, 1, 1, 1, 1, 1, 1, 1, 1, 1, 1, 1, 1, 1, 1, 1, 1, 1, 1, 1, 1, 1, 1, 1, 1, 1, 1, 1, 1, 1, 1, 1, 1, 1, 1, 1, 1, 1, 1, 1, 1, 1, 1, 1, 1, 1, 1, 1, 1, 1, 1, 1, 1, 1, 1, 1, 1, 1, 1, 1, 1, 1, 1, 1, 1, 1, 1, 1, 1, 1, 1, 1, 1, 1, 1, 1, 1, 1, 1, 1, 1, 1, 1, 1, 1, 1, 1, 1, 1, 1, 1, 1, 1, 1, 1, 1, 1, 1, 1, 1, 1, 1, 1, 1, 1, 1, 1, 1, 1, 1, 1, 1, 1, 1, 1, 1, 1, 1, 1, 1, 1, 1, 1, 1, 1, 1, 1, 1, 1, 1, 1, 1, 1, 1, 1, 1, 1, 1, 1, 1, 1, 1, 1, 1, 1, 1, 1, 1, 1, 1, 1, 1, 1, 1, 1, 1, 1, 1, 1, 1, 1, 1, 1, 1, 1, 1, 1, 1, 1, 1, 1, 1, 1, 1, 1, 1, 1, 1, 1, 1, 1, 1, 1, 1, 1, 1, 1, 1, 1, 1, 1, 1, 1, 1, 1, 1, 1, 1, 1, 1, 1, 1, 1, 1, 1, 1, 1, 1, 1, 1, 1, 1, 1, 1, 1, 1, 1, 1, 1, 1, 1, 1, 1, 1, 1, 1, 1, 1, 1, 1, 1, 1, 1, 1, 1, 1, 1, 1, 1, 1, 1, 1, 1, 1, 1, 1, 1, 1, 1, 1, 1, 1, 1, 1, 1, 1, 1, 1, 1, 1, 1, 1, 1, 1, 1, 1, 1, 1, 1, 1, 1, 1, 1, 1, 1, 1, 1, 1, 1, 1, 1, 1, 1, 1, 1, 1, 1, 1, 1, 1, 1, 1, 1, 1, 1, 1, 1, 1, 1, 1, 1, 1, 1, 1, 1, 1, 1, 1, 1, 1, 1, 1, 1, 1, 1, 1, 1, 1, 1, 1, 1, 1, 1, 1, 1, 1, 1, 1, 1, 1, 1, 1, 1, 1, 1, 1, 1, 1, 1, 1, 1, 1, 1, 1, 1, 1, 1, 1, 1, 1, 1, 1, 1, 1, 1, 1, 1, 1, 1, 1, 1, 1, 1, 1, 1, 1, 1, 1, 1, 1, 1, 1, 1, 1, 1, 1, 1, 1, 1, 1, 1, 1, 1, 1, 1, 1, 1, 1, 1, 1, 1, 1, 1, 1, 1, 1, 1, 1, 1, 1, 1, 1, 1, 1, 1, 1, 1, 1, 1, 1, 1, 1, 1, 1, 1, 1, 1, 1, 1, 1, 1, 1, 1, 1, 1, 1, 1, 1, 1, 1, 1, 1, 1, 1, 1, 1, 1, 1, 1, 1, 1, 1, 1, 1, 1, 1, 1, 1, 1, 1, 1, 1, 1, 1, 1, 1, 1, 1, 1, 1, 1, 1, 1, 1, 1, 1, 1, 1, 1, 1, 1, 1, 1, 1, 1, 1, 1, 1, 1, 1, 1, 1, 1, 1, 1, 1, 1, 1, 1, 1, 1, 1, 1, 1, 1, 1, 1, 1, 1, 1, 1, 1, 1, 1, 1], [1, 1, 1, 1, 1, 1, 1, 1, 1, 1, 1, 1, 1, 1, 1, 1, 1, 1, 1, 1, 1, 1, 1, 1, 1, 1, 1, 1, 1, 1, 1, 1, 1, 1, 1, 1, 1, 1, 1, 1, 1, 1, 1, 1, 1, 1, 1, 1, 1, 1, 1, 1, 1, 1, 1, 1, 1, 1, 1, 1, 1, 1, 1, 1, 1, 1, 1, 1, 1, 1, 1, 1, 1, 1, 1, 1, 1, 1, 1, 1, 1, 1, 1, 1, 1, 1, 1, 1, 1, 1, 1, 1, 1, 1, 1, 1, 1, 1, 1, 1, 1, 1, 1, 1, 1, 1, 1, 1, 1, 1, 1, 1, 1, 1, 1, 1, 1, 1, 1, 1, 1, 1, 1, 1, 1, 1, 1, 1, 1, 1, 1, 1, 1, 1, 1, 1, 1, 1, 1, 1, 1, 1, 1, 1, 1, 1, 1, 1, 1, 1, 1, 1, 1, 1, 1, 1, 1, 1, 1, 1, 1, 1, 1, 1, 1, 1, 1, 1, 1, 1, 1, 1, 1, 1, 1, 1, 1, 1, 1, 1, 1, 1, 1, 1, 1, 1, 1, 1, 1, 1, 1, 1, 1, 1, 1, 1, 1, 1, 1, 1, 1, 1, 1, 1, 1, 1, 1, 1, 1, 1, 1, 1, 1, 1, 1, 1, 1, 1, 1, 1, 1, 1, 1, 1, 1, 1, 1, 1, 1, 1, 1, 1, 1, 1, 1, 1, 1, 1, 1, 1, 1, 1, 1, 1, 1, 1, 1, 1, 1, 1, 1, 1, 1, 1, 1, 1, 1, 1, 1, 1, 1, 1, 1, 1, 1, 1, 1, 1, 1, 1, 1, 1, 1, 1, 1, 1, 1, 1, 1, 1, 1, 1, 1, 1, 1, 1, 1, 1, 1, 1, 1, 1, 1, 1, 1, 1, 1, 1, 1, 1, 1, 1, 1, 1, 1, 1, 1, 1, 1, 1, 1, 1, 1, 1, 1, 1, 1, 1, 1, 1, 1, 1, 1, 1, 1, 1, 1, 1, 1, 1, 1, 1, 1, 1, 1, 1, 1, 1, 1, 1, 1, 1, 1, 1, 1, 1, 1, 1, 1, 1, 1, 1, 1, 1, 1, 1, 1, 1, 1, 1, 1, 1, 1, 1, 1, 1, 1, 1, 1, 1, 1, 1, 1, 1, 1, 1, 1, 1, 1, 1, 1, 1, 1, 1, 1, 1, 1, 1, 1, 1, 1, 1, 1, 1, 1, 1, 1, 1, 1, 1, 1, 1, 1, 1, 1, 1, 1, 1, 1, 1, 1, 1, 1, 1, 1, 1, 1, 1, 1, 1, 1, 1, 1, 1, 1, 1, 1, 1, 1, 1, 1, 1, 1, 1, 1, 1, 1, 1, 1, 1, 1, 1, 1, 1, 1, 1, 1, 1, 1, 1, 1, 1, 1, 1, 1, 1, 1, 1, 1, 1, 1, 1, 1, 1, 1, 1, 1, 1, 1, 1, 1, 1, 1, 1, 1, 1, 1, 1, 1, 1, 1, 1, 1, 1, 1, 1, 1, 1, 1, 1, 1, 1, 1, 1, 1, 1, 1, 1, 1, 1, 1, 1, 1, 1, 1, 1, 1, 1, 1, 1, 1, 1, 1, 1, 1, 1, 1, 1, 1, 1, 1, 1, 1, 1, 1, 1, 1, 1, 1, 1, 1, 1, 1, 1, 1, 1, 1, 1, 1, 1, 1, 1, 1, 1, 1, 1, 1, 1, 1, 1, 1, 1, 1, 1, 1, 1, 1, 1, 1, 1, 1, 1, 1, 1, 1, 1, 1, 1, 1, 1, 1, 1, 1, 1, 1, 1, 1, 1, 1, 1, 1, 1, 1, 1, 1, 1, 1, 1, 1, 1, 1, 1, 1, 1, 1, 1, 1, 1, 1, 1, 1, 1, 1, 1, 1, 1, 1, 1, 1, 1, 1, 1, 1, 1, 1, 1, 1, 1, 1, 1, 1, 1, 1, 1, 1, 1, 1, 1, 1, 1, 1, 1, 1, 1, 1, 1, 1, 1, 1, 1, 1, 1, 1, 1, 1, 1, 1, 1, 1, 1, 1, 1, 1, 1, 1, 1, 1, 1, 1, 1, 1, 1, 1, 1, 1, 1, 1, 1, 1, 1, 1, 1, 1, 1, 1, 1, 1, 1, 1, 1, 1, 1, 1, 1, 1, 1, 1, 1, 1, 1, 1, 1, 1, 1, 1, 1, 1, 1, 1, 1, 1, 1, 1, 1, 1, 1, 1, 1, 1, 1, 1, 1, 1, 1, 1, 1, 1, 1, 1, 1, 1, 1, 1, 1, 1, 1, 1, 1, 1, 1, 1, 1, 1, 1, 1, 1, 1, 1, 1, 1, 1, 1, 1, 1, 1, 1, 1, 1, 1, 1, 1, 1, 1, 1, 1, 1, 1, 1, 1, 1, 1, 1, 1, 1, 1, 1, 1, 1, 1, 1, 1, 1, 1, 1, 1, 1, 1, 1, 1, 1, 1, 1, 1, 1, 1, 1, 1, 1, 1, 1, 1, 1, 1, 1, 1, 1, 1, 1, 1, 1, 1, 1, 1, 1, 1, 1, 1, 1, 1, 1, 1, 1, 1, 1, 1, 1, 1, 1, 1, 1, 1, 1, 1, 1], [1, 1, 1, 1, 1, 1, 1, 1, 1, 1, 1, 1, 1, 1, 1, 1, 1, 1, 1, 1, 1, 1, 1, 1, 1, 1, 1, 1, 1, 1, 1, 1, 1, 1, 1, 1, 1, 1, 1, 1, 1, 1, 1, 1, 1, 1, 1, 1, 1, 1, 1, 1, 1, 1, 1, 1, 1, 1, 1, 1, 1, 1, 1, 1, 1, 1, 1, 1, 1, 1, 1, 1, 1, 1, 1, 1, 1, 1, 1, 1, 1, 1, 1, 1, 1, 1, 1, 1, 1, 1, 1, 1, 1, 1, 1, 1, 1, 1, 1, 1, 1, 1, 1, 1, 1, 1, 1, 1, 1, 1, 1, 1, 1, 1, 1, 1, 1, 1, 1, 1, 1, 1, 1, 1, 1, 1, 1, 1, 1, 1, 1, 1, 1, 1, 1, 1, 1, 1, 1, 1, 1, 1, 1, 1, 1, 1, 1, 1, 1, 1, 1, 1, 1, 1, 1, 1, 1, 1, 1, 1, 1, 1, 1, 1, 1, 1, 1, 1, 1, 1, 1, 1, 1, 1, 1, 1, 1, 1, 1, 1, 1, 1, 1, 1, 1, 1, 1, 1, 1, 1, 1, 1, 1, 1, 1, 1, 1, 1, 1, 1, 1, 1, 1, 1, 1, 1, 1, 1, 1, 1, 1, 1, 1, 1, 1, 1, 1, 1, 1, 1, 1, 1, 1, 1, 1, 1, 1, 1, 1, 1, 1, 1, 1, 1, 1, 1, 1, 1, 1, 1, 1, 1, 1, 1, 1, 1, 1, 1, 1, 1, 1, 1, 1, 1, 1, 1, 1, 1, 1, 1, 1, 1, 1, 1, 1, 1, 1, 1, 1, 1, 1, 1, 1, 1, 1, 1, 1, 1, 1, 1, 1, 1, 1, 1, 1, 1, 1, 1, 1, 1, 1, 1, 1, 1, 1, 1, 1, 1, 1, 1, 1, 1, 1, 1, 1, 1, 1, 1, 1, 1, 1, 1, 1, 1, 1, 1, 1, 1, 1, 1, 1, 1, 1, 1, 1, 1, 1, 1, 1, 1, 1, 1, 1, 1, 1, 1, 1, 1, 1, 1, 1, 1, 1, 1, 1, 1, 1, 1, 1, 1, 1, 1, 1, 1, 1, 1, 1, 1, 1, 1, 1, 1, 1, 1, 1, 1, 1, 1, 1, 1, 1, 1, 1, 1, 1, 1, 1, 1, 1, 1, 1, 1, 1, 1, 1, 1, 1, 1, 1, 1, 1, 1, 1, 1, 1, 1, 1, 1, 1, 1, 1, 1, 1, 1, 1, 1, 1, 1, 1, 1, 1, 1, 1, 1, 1, 1, 1, 1, 1, 1, 1, 1, 1, 1, 1, 1, 1, 1, 1, 1, 1, 1, 1, 1, 1, 1, 1, 1, 1, 1, 1, 1, 1, 1, 1, 1, 1, 1, 1, 1, 1, 1, 1, 1, 1, 1, 1, 1, 1, 1, 1, 1, 1, 1, 1, 1, 1, 1, 1, 1, 1, 1, 1, 1, 1, 1, 1, 1, 1, 1, 1, 1, 1, 1, 1, 1, 1, 1, 1, 1, 1, 1, 1, 1, 1, 1, 1, 1, 1, 1, 1, 1, 1, 1, 1, 1, 1, 1, 1, 1, 1, 1, 1, 1, 1, 1, 1, 1, 1, 1, 1, 1, 1, 1, 1, 1, 1, 1, 1, 1, 1, 1, 1, 1, 1, 1, 1, 1, 1, 1, 1, 1, 1, 1, 1, 1, 1, 1, 1, 1, 1, 1, 1, 1, 1, 1, 1, 1, 1, 1, 1, 1, 1, 1, 1, 1, 1, 1, 1, 1, 1, 1, 1, 1, 1, 1, 1, 1, 1, 1, 1, 1, 1, 1, 1, 1, 1, 1, 1, 1, 1, 1, 1, 1, 1, 1, 1, 1, 1, 1, 1, 1, 1, 1, 1, 1, 1, 1, 1, 1, 1, 1, 1, 1, 1, 1, 1, 1, 1, 1, 1, 1, 1, 1, 1, 1, 1, 1, 1, 1, 1, 1, 1, 1, 1, 1, 1, 1, 1, 1, 1, 1, 1, 1, 1, 1, 1, 1, 1, 1, 1, 1, 1, 1, 1, 1, 1, 1, 1, 1, 1, 1, 1, 1, 1, 1, 1, 1, 1, 1, 1, 1, 1, 1, 1, 1, 1, 1, 1, 1, 1, 1, 1, 1, 1, 1, 1, 1, 1, 1, 1, 1, 1, 1, 1, 1, 1, 1, 1, 1, 1, 1, 1, 1, 1, 1, 1, 1, 1, 1, 1, 1, 1, 1, 1, 1, 1, 1, 1, 1, 1, 1, 1, 1, 1, 1, 1, 1, 1, 1, 1, 1, 1, 1, 1, 1, 1, 1, 1, 1, 1, 1, 1, 1, 1, 1, 1, 1, 1, 1, 1, 1, 1, 1, 1, 1, 1, 1, 1, 1, 1, 1, 1, 1, 1, 1, 1, 1, 1, 1, 1, 1, 1, 1, 1, 1, 1, 1, 1, 1, 1, 1, 1, 1, 1, 1, 1, 1, 1, 1, 1, 1, 1, 1, 1, 1, 1, 1, 1, 1, 1, 1, 1, 1, 1, 1, 1, 1, 1, 1, 1, 1, 1, 1, 1, 1, 1, 1, 1, 1, 1, 1, 1, 1, 1, 1, 1, 1, 1, 1, 1], [1, 1, 1, 1, 1, 1, 1, 1, 1, 1, 1, 1, 1, 1, 1, 1, 1, 1, 1, 1, 1, 1, 1, 1, 1, 1, 1, 1, 1, 1, 1, 1, 1, 1, 1, 1, 1, 1, 1, 1, 1, 1, 1, 1, 1, 1, 1, 1, 1, 1, 1, 1, 1, 1, 1, 1, 1, 1, 1, 1, 1, 1, 1, 1, 1, 1, 1, 1, 1, 1, 1, 1, 1, 1, 1, 1, 1, 1, 1, 1, 1, 1, 1, 1, 1, 1, 1, 1, 1, 1, 1, 1, 1, 1, 1, 1, 1, 1, 1, 1, 1, 1, 1, 1, 1, 1, 1, 1, 1, 1, 1, 1, 1, 1, 1, 1, 1, 1, 1, 1, 1, 1, 1, 1, 1, 1, 1, 1, 1, 1, 1, 1, 1, 1, 1, 1, 1, 1, 1, 1, 1, 1, 1, 1, 1, 1, 1, 1, 1, 1, 1, 1, 1, 1, 1, 1, 1, 1, 1, 1, 1, 1, 1, 1, 1, 1, 1, 1, 1, 1, 1, 1, 1, 1, 1, 1, 1, 1, 1, 1, 1, 1, 1, 1, 1, 1, 1, 1, 1, 1, 1, 1, 1, 1, 1, 1, 1, 1, 1, 1, 1, 1, 1, 1, 1, 1, 1, 1, 1, 1, 1, 1, 1, 1, 1, 1, 1, 1, 1, 1, 1, 1, 1, 1, 1, 1, 1, 1, 1, 1, 1, 1, 1, 1, 1, 1, 1, 1, 1, 1, 1, 1, 1, 1, 1, 1, 1, 1, 1, 1, 1, 1, 1, 1, 1, 1, 1, 1, 1, 1, 1, 1, 1, 1, 1, 1, 1, 1, 1, 1, 1, 1, 1, 1, 1, 1, 1, 1, 1, 1, 1, 1, 1, 1, 1, 1, 1, 1, 1, 1, 1, 1, 1, 1, 1, 1, 1, 1, 1, 1, 1, 1, 1, 1, 1, 1, 1, 1, 1, 1, 1, 1, 1, 1, 1, 1, 1, 1, 1, 1, 1, 1, 1, 1, 1, 1, 1, 1, 1, 1, 1, 1, 1, 1, 1, 1, 1, 1, 1, 1, 1, 1, 1, 1, 1, 1, 1, 1, 1, 1, 1, 1, 1, 1, 1, 1, 1, 1, 1, 1, 1, 1, 1, 1, 1, 1, 1, 1, 1, 1, 1, 1, 1, 1, 1, 1, 1, 1, 1, 1, 1, 1, 1, 1, 1, 1, 1, 1, 1, 1, 1, 1, 1, 1, 1, 1, 1, 1, 1, 1, 1, 1, 1, 1, 1, 1, 1, 1, 1, 1, 1, 1, 1, 1, 1, 1, 1, 1, 1, 1, 1, 1, 1, 1, 1, 1, 1, 1, 1, 1, 1, 1, 1, 1, 1, 1, 1, 1, 1, 1, 1, 1, 1, 1, 1, 1, 1, 1, 1, 1, 1, 1, 1, 1, 1, 1, 1, 1, 1, 1, 1, 1, 1, 1, 1, 1, 1, 1, 1, 1, 1, 1, 1, 1, 1, 1, 1, 1, 1, 1, 1, 1, 1, 1, 1, 1, 1, 1, 1, 1, 1, 1, 1, 1, 1, 1, 1, 1, 1, 1, 1, 1, 1, 1, 1, 1, 1, 1, 1, 1, 1, 1, 1, 1, 1, 1, 1, 1, 1, 1, 1, 1, 1, 1, 1, 1, 1, 1, 1, 1, 1, 1, 1, 1, 1, 1, 1, 1, 1, 1, 1, 1, 1, 1, 1, 1, 1, 1, 1, 1, 1, 1, 1, 1, 1, 1, 1, 1, 1, 1, 1, 1, 1, 1, 1, 1, 1, 1, 1, 1, 1, 1, 1, 1, 1, 1, 1, 1, 1, 1, 1, 1, 1, 1, 1, 1, 1, 1, 1, 1, 1, 1, 1, 1, 1, 1, 1, 1, 1, 1, 1, 1, 1, 1, 1, 1, 1, 1, 1, 1, 1, 1, 1, 1, 1, 1, 1, 1, 1, 1, 1, 1, 1, 1, 1, 1, 1, 1, 1, 1, 1, 1, 1, 1, 1, 1, 1, 1, 1, 1, 1, 1, 1, 1, 1, 1, 1, 1, 1, 1, 1, 1, 1, 1, 1, 1, 1, 1, 1, 1, 1, 1, 1, 1, 1, 1, 1, 1, 1, 1, 1, 1, 1, 1, 1, 1, 1, 1, 1, 1, 1, 1, 1, 1, 1, 1, 1, 1, 1, 1, 1, 1, 1, 1, 1, 1, 1, 1, 1, 1, 1, 1, 1, 1, 1, 1, 1, 1, 1, 1, 1, 1, 1, 1, 1, 1, 1, 1, 1, 1, 1, 1, 1, 1, 1, 1, 1, 1, 1, 1, 1, 1, 1, 1, 1, 1, 1, 1, 1, 1, 1, 1, 1, 1, 1, 1, 1, 1, 1, 1, 1, 1, 1, 1, 1, 1, 1, 1, 1, 1, 1, 1, 1, 1, 1, 1, 1, 1, 1, 1, 1, 1, 1, 1, 1, 1, 1, 1, 1, 1, 1, 1, 1, 1, 1, 1, 1, 1, 1, 1, 1, 1, 1, 1, 1, 1, 1, 1, 1, 1, 1, 1, 1, 1, 1, 1, 1, 1, 1, 1, 1, 1, 1, 1, 1, 1, 1, 1, 1, 1, 1, 1, 1, 1, 1, 1, 1, 1, 1, 1, 1, 1], [1, 1, 1, 1, 1, 1, 1, 1, 1, 1, 1, 1, 1, 1, 1, 1, 1, 1, 1, 1, 1, 1, 1, 1, 1, 1, 1, 1, 1, 1, 1, 1, 1, 1, 1, 1, 1, 1, 1, 1, 1, 1, 1, 1, 1, 1, 1, 1, 1, 1, 1, 1, 1, 1, 1, 1, 1, 1, 1, 1, 1, 1, 1, 1, 1, 1, 1, 1, 1, 1, 1, 1, 1, 1, 1, 1, 1, 1, 1, 1, 1, 1, 1, 1, 1, 1, 1, 1, 1, 1, 1, 1, 1, 1, 1, 1, 1, 1, 1, 1, 1, 1, 1, 1, 1, 1, 1, 1, 1, 1, 1, 1, 1, 1, 1, 1, 1, 1, 1, 1, 1, 1, 1, 1, 1, 1, 1, 1, 1, 1, 1, 1, 1, 1, 1, 1, 1, 1, 1, 1, 1, 1, 1, 1, 1, 1, 1, 1, 1, 1, 1, 1, 1, 1, 1, 1, 1, 1, 1, 1, 1, 1, 1, 1, 1, 1, 1, 1, 1, 1, 1, 1, 1, 1, 1, 1, 1, 1, 1, 1, 1, 1, 1, 1, 1, 1, 1, 1, 1, 1, 1, 1, 1, 1, 1, 1, 1, 1, 1, 1, 1, 1, 1, 1, 1, 1, 1, 1, 1, 1, 1, 1, 1, 1, 1, 1, 1, 1, 1, 1, 1, 1, 1, 1, 1, 1, 1, 1, 1, 1, 1, 1, 1, 1, 1, 1, 1, 1, 1, 1, 1, 1, 1, 1, 1, 1, 1, 1, 1, 1, 1, 1, 1, 1, 1, 1, 1, 1, 1, 1, 1, 1, 1, 1, 1, 1, 1, 1, 1, 1, 1, 1, 1, 1, 1, 1, 1, 1, 1, 1, 1, 1, 1, 1, 1, 1, 1, 1, 1, 1, 1, 1, 1, 1, 1, 1, 1, 1, 1, 1, 1, 1, 1, 1, 1, 1, 1, 1, 1, 1, 1, 1, 1, 1, 1, 1, 1, 1, 1, 1, 1, 1, 1, 1, 1, 1, 1, 1, 1, 1, 1, 1, 1, 1, 1, 1, 1, 1, 1, 1, 1, 1, 1, 1, 1, 1, 1, 1, 1, 1, 1, 1, 1, 1, 1, 1, 1, 1, 1, 1, 1, 1, 1, 1, 1, 1, 1, 1, 1, 1, 1, 1, 1, 1, 1, 1, 1, 1, 1, 1, 1, 1, 1, 1, 1, 1, 1, 1, 1, 1, 1, 1, 1, 1, 1, 1, 1, 1, 1, 1, 1, 1, 1, 1, 1, 1, 1, 1, 1, 1, 1, 1, 1, 1, 1, 1, 1, 1, 1, 1, 1, 1, 1, 1, 1, 1, 1, 1, 1, 1, 1, 1, 1, 1, 1, 1, 1, 1, 1, 1, 1, 1, 1, 1, 1, 1, 1, 1, 1, 1, 1, 1, 1, 1, 1, 1, 1, 1, 1, 1, 1, 1, 1, 1, 1, 1, 1, 1, 1, 1, 1, 1, 1, 1, 1, 1, 1, 1, 1, 1, 1, 1, 1, 1, 1, 1, 1, 1, 1, 1, 1, 1, 1, 1, 1, 1, 1, 1, 1, 1, 1, 1, 1, 1, 1, 1, 1, 1, 1, 1, 1, 1, 1, 1, 1, 1, 1, 1, 1, 1, 1, 1, 1, 1, 1, 1, 1, 1, 1, 1, 1, 1, 1, 1, 1, 1, 1, 1, 1, 1, 1, 1, 1, 1, 1, 1, 1, 1, 1, 1, 1, 1, 1, 1, 1, 1, 1, 1, 1, 1, 1, 1, 1, 1, 1, 1, 1, 1, 1, 1, 1, 1, 1, 1, 1, 1, 1, 1, 1, 1, 1, 1, 1, 1, 1, 1, 1, 1, 1, 1, 1, 1, 1, 1, 1, 1, 1, 1, 1, 1, 1, 1, 1, 1, 1, 1, 1, 1, 1, 1, 1, 1, 1, 1, 1, 1, 1, 1, 1, 1, 1, 1, 1, 1, 1, 1, 1, 1, 1, 1, 1, 1, 1, 1, 1, 1, 1, 1, 1, 1, 1, 1, 1, 1, 1, 1, 1, 1, 1, 1, 1, 1, 1, 1, 1, 1, 1, 1, 1, 1, 1, 1, 1, 1, 1, 1, 1, 1, 1, 1, 1, 1, 1, 1, 1, 1, 1, 1, 1, 1, 1, 1, 1, 1, 1, 1, 1, 1, 1, 1, 1, 1, 1, 1, 1, 1, 1, 1, 1, 1, 1, 1, 1, 1, 1, 1, 1, 1, 1, 1, 1, 1, 1, 1, 1, 1, 1, 1, 1, 1, 1, 1, 1, 1, 1, 1, 1, 1, 1, 1, 1, 1, 1, 1, 1, 1, 1, 1, 1, 1, 1, 1, 1, 1, 1, 1, 1, 1, 1, 1, 1, 1, 1, 1, 1, 1, 1, 1, 1, 1, 1, 1, 1, 1, 1, 1, 1, 1, 1, 1, 1, 1, 1, 1, 1, 1, 1, 1, 1, 1, 1, 1, 1, 1, 1, 1, 1, 1, 1, 1, 1, 1, 1, 1, 1, 1, 1, 1, 1, 1, 1, 1, 1, 1, 1, 1, 1, 1, 1, 1, 1, 1, 1, 1, 1, 1, 1, 1, 1, 1, 1, 1, 1, 1, 1, 1, 1, 1, 1, 1, 1, 1, 1, 1, 1, 1, 1, 1, 1, 1, 1, 1, 1, 1, 1, 1, 1, 1, 1, 1, 1, 1, 1, 1, 1, 1, 1], [1, 1, 1, 1, 1, 1, 1, 1, 1, 1, 1, 1, 1, 1, 1, 1, 1, 1, 1, 1, 1, 1, 1, 1, 1, 1, 1, 1, 1, 1, 1, 1, 1, 1, 1, 1, 1, 1, 1, 1, 1, 1, 1, 1, 1, 1, 1, 1, 1, 1, 1, 1, 1, 1, 1, 1, 1, 1, 1, 1, 1, 1, 1, 1, 1, 1, 1, 1, 1, 1, 1, 1, 1, 1, 1, 1, 1, 1, 1, 1, 1, 1, 1, 1, 1, 1, 1, 1, 1, 1, 1, 1, 1, 1, 1, 1, 1, 1, 1, 1, 1, 1, 1, 1, 1, 1, 1, 1, 1, 1, 1, 1, 1, 1, 1, 1, 1, 1, 1, 1, 1, 1, 1, 1, 1, 1, 1, 1, 1, 1, 1, 1, 1, 1, 1, 1, 1, 1, 1, 1, 1, 1, 1, 1, 1, 1, 1, 1, 1, 1, 1, 1, 1, 1, 1, 1, 1, 1, 1, 1, 1, 1, 1, 1, 1, 1, 1, 1, 1, 1, 1, 1, 1, 1, 1, 1, 1, 1, 1, 1, 1, 1, 1, 1, 1, 1, 1, 1, 1, 1, 1, 1, 1, 1, 1, 1, 1, 1, 1, 1, 1, 1, 1, 1, 1, 1, 1, 1, 1, 1, 1, 1, 1, 1, 1, 1, 1, 1, 1, 1, 1, 1, 1, 1, 1, 1, 1, 1, 1, 1, 1, 1, 1, 1, 1, 1, 1, 1, 1, 1, 1, 1, 1, 1, 1, 1, 1, 1, 1, 1, 1, 1, 1, 1, 1, 1, 1, 1, 1, 1, 1, 1, 1, 1, 1, 1, 1, 1, 1, 1, 1, 1, 1, 1, 1, 1, 1, 1, 1, 1, 1, 1, 1, 1, 1, 1, 1, 1, 1, 1, 1, 1, 1, 1, 1, 1, 1, 1, 1, 1, 1, 1, 1, 1, 1, 1, 1, 1, 1, 1, 1, 1, 1, 1, 1, 1, 1, 1, 1, 1, 1, 1, 1, 1, 1, 1, 1, 1, 1, 1, 1, 1, 1, 1, 1, 1, 1, 1, 1, 1, 1, 1, 1, 1, 1, 1, 1, 1, 1, 1, 1, 1, 1, 1, 1, 1, 1, 1, 1, 1, 1, 1, 1, 1, 1, 1, 1, 1, 1, 1, 1, 1, 1, 1, 1, 1, 1, 1, 1, 1, 1, 1, 1, 1, 1, 1, 1, 1, 1, 1, 1, 1, 1, 1, 1, 1, 1, 1, 1, 1, 1, 1, 1, 1, 1, 1, 1, 1, 1, 1, 1, 1, 1, 1, 1, 1, 1, 1, 1, 1, 1, 1, 1, 1, 1, 1, 1, 1, 1, 1, 1, 1, 1, 1, 1, 1, 1, 1, 1, 1, 1, 1, 1, 1, 1, 1, 1, 1, 1, 1, 1, 1, 1, 1, 1, 1, 1, 1, 1, 1, 1, 1, 1, 1, 1, 1, 1, 1, 1, 1, 1, 1, 1, 1, 1, 1, 1, 1, 1, 1, 1, 1, 1, 1, 1, 1, 1, 1, 1, 1, 1, 1, 1, 1, 1, 1, 1, 1, 1, 1, 1, 1, 1, 1, 1, 1, 1, 1, 1, 1, 1, 1, 1, 1, 1, 1, 1, 1, 1, 1, 1, 1, 1, 1, 1, 1, 1, 1, 1, 1, 1, 1, 1, 1, 1, 1, 1, 1, 1, 1, 1, 1, 1, 1, 1, 1, 1, 1, 1, 1, 1, 1, 1, 1, 1, 1, 1, 1, 1, 1, 1, 1, 1, 1, 1, 1, 1, 1, 1, 1, 1, 1, 1, 1, 1, 1, 1, 1, 1, 1, 1, 1, 1, 1, 1, 1, 1, 1, 1, 1, 1, 1, 1, 1, 1, 1, 1, 1, 1, 1, 1, 1, 1, 1, 1, 1, 1, 1, 1, 1, 1, 1, 1, 1, 1, 1, 1, 1, 1, 1, 1, 1, 1, 1, 1, 1, 1, 1, 1, 1, 1, 1, 1, 1, 1, 1, 1, 1, 1, 1, 1, 1, 1, 1, 1, 1, 1, 1, 1, 1, 1, 1, 1, 1, 1, 1, 1, 1, 1, 1, 1, 1, 1, 1, 1, 1, 1, 1, 1, 1, 1, 1, 1, 1, 1, 1, 1, 1, 1, 1, 1, 1, 1, 1, 1, 1, 1, 1, 1, 1, 1, 1, 1, 1, 1, 1, 1, 1, 1, 1, 1, 1, 1, 1, 1, 1, 1, 1, 1, 1, 1, 1, 1, 1, 1, 1, 1, 1, 1, 1, 1, 1, 1, 1, 1, 1, 1, 1, 1, 1, 1, 1, 1, 1, 1, 1, 1, 1, 1, 1, 1, 1, 1, 1, 1, 1, 1, 1, 1, 1, 1, 1, 1, 1, 1, 1, 1, 1, 1, 1, 1, 1, 1, 1, 1, 1, 1, 1, 1, 1, 1, 1, 1, 1, 1, 1, 1, 1, 1, 1, 1, 1, 1, 1, 1, 1, 1, 1, 1, 1, 1, 1, 1, 1, 1, 1, 1, 1, 1, 1, 1, 1, 1, 1, 1, 1, 1, 1, 1, 1, 1, 1, 1, 1, 1, 1, 1, 1, 1, 1, 1, 1, 1, 1, 1, 1, 1, 1, 1, 1, 1, 1, 1, 1, 1, 1, 1, 1, 1, 1, 1, 1, 1, 1, 1, 1, 1, 1, 1, 1, 1, 1, 1, 1, 1, 1, 1]]
  data_path ....................................... None
  dataloader_type ................................. single
  DDP_impl ........................................ local
  decoder_seq_length .............................. None
  distribute_checkpointed_activations ............. False
  distributed_backend ............................. nccl
  embedding_path .................................. None
  empty_unused_memory_level ....................... 0
  encoder_seq_length .............................. 2048
  eod_mask_loss ................................... False
  eval_interval ................................... 1000
  eval_iters ...................................... 0
  evidence_data_path .............................. None
  exit_duration_in_mins ........................... None
  exit_interval ................................... None
  ffn_hidden_size ................................. 2048
  finetune ........................................ False
  flexpipe_config ................................. /home/liminglong.lml/sxz/SuperScaler/logs-large/aceso/configs/scale-layer/512layers/top_configs/scale-layer_512layers_8stages_2026-5-15-12-58-27.json
  fp16 ............................................ True
  fp16_lm_cross_entropy ........................... False
  fp32_residual_connection ........................ False
  global_batch_size ............................... 1024
  hidden_dropout .................................. 0.1
  hidden_size ..................................... 512
  hysteresis ...................................... 2
  ict_head_size ................................... None
  ict_load ........................................ None
  img_dim ......................................... 224
  indexer_batch_size .............................. 128
  indexer_log_interval ............................ 1000
  init_method_std ................................. 0.02
  init_method_xavier_uniform ...................... False
  initial_loss_scale .............................. 4294967296
  interleave_factor ............................... 1
  kv_channels ..................................... 64
  layernorm_epsilon ............................... 1e-05
  lazy_mpu_init ................................... None
  load ............................................ None
  local_rank ...................................... 0
  log_batch_size_to_tensorboard ................... False
  log_interval .................................... 1
  log_learning_rate_to_tensorboard ................ True
  log_loss_scale_to_tensorboard ................... True
  log_name ........................................ scale-layer_512layers_8stages_2026-5-15-12-58-27
  log_num_zeros_in_grad ........................... False
  log_params_norm ................................. False
  log_path ........................................ /home/liminglong.lml/sxz/SuperScaler/logs-large/aceso/runtime/scale-layer/512layers/
  log_timers_to_tensorboard ....................... False
  log_validation_ppl_to_tensorboard ............... False
  loss_scale ...................................... None
  loss_scale_window ............................... 1000
  lr .............................................. 0.00015
  lr_decay_iters .................................. 320000
  lr_decay_samples ................................ None
  lr_decay_style .................................. cosine
  lr_warmup_fraction .............................. 0.01
  lr_warmup_iters ................................. 0
  lr_warmup_samples ............................... 0
  make_vocab_size_divisible_by .................... 128
  mask_prob ....................................... 0.15
  masked_softmax_fusion ........................... True
  max_position_embeddings ......................... 2048
  merge_file ...................................... vocabs/gpt2-merges.txt
  micro_batch_size ................................ 8
  min_loss_scale .................................. 1.0
  min_lr .......................................... 1e-05
  mmap_warmup ..................................... False
  model_name ...................................... gpt
  model_parallel_size ............................. None
  model_parallel_size_of_each_op .................. [[1, 1, 1, 1, 1, 1, 1, 1, 1, 1, 1, 1, 1, 1, 1, 1, 1, 1, 1, 1, 1, 1, 1, 1, 1, 1, 1, 1, 1, 1, 1, 1, 1, 1, 1, 1, 1, 1, 1, 1, 1, 1, 1, 1, 1, 1, 1, 1, 1, 1, 1, 1, 1, 1, 1, 1, 1, 1, 1, 1, 1, 1, 1, 1, 1, 1, 1, 1, 1, 1, 1, 1, 1, 1, 1, 1, 1, 1, 1, 1, 1, 1, 1, 1, 1, 1, 1, 1, 1, 1, 1, 1, 1, 1, 1, 1, 1, 1, 1, 1, 1, 1, 1, 1, 1, 1, 1, 1, 1, 1, 1, 1, 1, 1, 1, 1, 1, 1, 1, 1, 1, 1, 1, 1, 1, 1, 1, 1, 1, 1, 1, 1, 1, 1, 1, 1, 1, 1, 1, 1, 1, 1, 1, 1, 1, 1, 1, 1, 1, 1, 1, 1, 1, 1, 1, 1, 1, 1, 1, 1, 1, 1, 1, 1, 1, 1, 1, 1, 1, 1, 1, 1, 1, 1, 1, 1, 1, 1, 1, 1, 1, 1, 1, 1, 1, 1, 1, 1, 1, 1, 1, 1, 1, 1, 1, 1, 1, 1, 1, 1, 1, 1, 1, 1, 1, 1, 1, 1, 1, 1, 1, 1, 1, 1, 1, 1, 1, 1, 1, 1, 1, 1, 1, 1, 1, 1, 1, 1, 1, 1, 1, 1, 1, 1, 1, 1, 1, 1, 1, 1, 1, 1, 1, 1, 1, 1, 1, 1, 1, 1, 1, 1, 1, 1, 1, 1, 1, 1, 1, 1, 1, 1, 1, 1, 1, 1, 1, 1, 1, 1, 1, 1, 1, 1, 1, 1, 1, 1, 1, 1, 1, 1, 1, 1, 1, 1, 1, 1, 1, 1, 1, 1, 1, 1, 1, 1, 1, 1, 1, 1, 1, 1, 1, 1, 1, 1, 1, 1, 1, 1, 1, 1, 1, 1, 1, 1, 1, 1, 1, 1, 1, 1, 1, 1, 1, 1, 1, 1, 1, 1, 1, 1, 1, 1, 1, 1, 1, 1, 1, 1, 1, 1, 1, 1, 1, 1, 1, 1, 1, 1, 1, 1, 1, 1, 1, 1, 1, 1, 1, 1, 1, 1, 1, 1, 1, 1, 1, 1, 1, 1, 1, 1, 1, 1, 1, 1, 1, 1, 1, 1, 1, 1, 1, 1, 1, 1, 1, 1, 1, 1, 1, 1, 1, 1, 1, 1, 1, 1, 1, 1, 1, 1, 1, 1, 1, 1, 1, 1, 1, 1, 1, 1, 1, 1, 1, 1, 1, 1, 1, 1, 1, 1, 1, 1, 1, 1, 1, 1, 1, 1, 1, 1, 1, 1, 1, 1, 1, 1, 1, 1, 1, 1, 1, 1, 1, 1, 1, 1, 1, 1, 1, 1, 1, 1, 1, 1, 1, 1, 1, 1, 1, 1, 1, 1, 1, 1, 1, 1, 1, 1, 1, 1, 1, 1, 1, 1, 1, 1, 1, 1, 1, 1, 1, 1, 1, 1, 1, 1, 1, 1, 1, 1, 1, 1, 1, 1, 1, 1, 1, 1, 1, 1, 1, 1, 1, 1, 1, 1, 1, 1, 1, 1, 1, 1, 1, 1, 1, 1, 1, 1, 1, 1, 1, 1, 1, 1, 1, 1, 1, 1, 1, 1, 1, 1, 1, 1, 1, 1, 1, 1, 1, 1, 1, 1, 1, 1, 1, 1, 1, 1, 1, 1, 1, 1, 1, 1, 1, 1, 1, 1, 1, 1, 1, 1, 1, 1, 1, 1, 1, 1, 1, 1, 1, 1, 1, 1, 1, 1, 1, 1, 1, 1, 1, 1, 1, 1, 1, 1, 1, 1, 1, 1, 1, 1, 1, 1, 1, 1, 1, 1, 1, 1, 1, 1, 1, 1, 1, 1, 1, 1, 1, 1, 1, 1, 1, 1, 1, 1, 1, 1, 1, 1, 1, 1, 1, 1, 1, 1, 1, 1, 1, 1, 1, 1, 1, 1, 1, 1, 1, 1, 1, 1, 1, 1, 1, 1, 1, 1, 1, 1, 1, 1, 1, 1, 1, 1, 1, 1, 1, 1, 1, 1, 1, 1, 1, 1, 1, 1, 1, 1, 1, 1, 1, 1, 1, 1, 1, 1, 1, 1, 1, 1, 1, 1, 1, 1, 1, 1, 1, 1, 1, 1, 1, 1, 1, 1, 1, 1, 1, 1, 1, 1, 1, 1, 1, 1, 1, 1, 1, 1, 1, 1, 1, 1, 1, 1, 1, 1, 1, 1, 1, 1, 1, 1, 1, 1, 1, 1, 1, 1, 1, 1, 1, 1, 1, 1, 1, 1, 1, 1, 1, 1, 1, 1, 1, 1, 1, 1, 1, 1, 1, 1, 1, 1, 1, 1, 1, 1, 1, 1, 1, 1, 1, 1, 1, 1, 1, 1, 1, 1, 1, 1, 1, 1, 1, 1, 1, 1, 1, 1, 1, 1, 1, 1, 1, 1, 1, 1, 1, 1, 1, 1, 1, 1, 1, 1, 1, 1, 1, 1, 1, 1, 1, 1, 1, 1, 1, 1, 1, 1, 1, 1, 1, 1, 1, 1], [1, 1, 1, 1, 1, 1, 1, 1, 1, 1, 1, 1, 1, 1, 1, 1, 1, 1, 1, 1, 1, 1, 1, 1, 1, 1, 1, 1, 1, 1, 1, 1, 1, 1, 1, 1, 1, 1, 1, 1, 1, 1, 1, 1, 1, 1, 1, 1, 1, 1, 1, 1, 1, 1, 1, 1, 1, 1, 1, 1, 1, 1, 1, 1, 1, 1, 1, 1, 1, 1, 1, 1, 1, 1, 1, 1, 1, 1, 1, 1, 1, 1, 1, 1, 1, 1, 1, 1, 1, 1, 1, 1, 1, 1, 1, 1, 1, 1, 1, 1, 1, 1, 1, 1, 1, 1, 1, 1, 1, 1, 1, 1, 1, 1, 1, 1, 1, 1, 1, 1, 1, 1, 1, 1, 1, 1, 1, 1, 1, 1, 1, 1, 1, 1, 1, 1, 1, 1, 1, 1, 1, 1, 1, 1, 1, 1, 1, 1, 1, 1, 1, 1, 1, 1, 1, 1, 1, 1, 1, 1, 1, 1, 1, 1, 1, 1, 1, 1, 1, 1, 1, 1, 1, 1, 1, 1, 1, 1, 1, 1, 1, 1, 1, 1, 1, 1, 1, 1, 1, 1, 1, 1, 1, 1, 1, 1, 1, 1, 1, 1, 1, 1, 1, 1, 1, 1, 1, 1, 1, 1, 1, 1, 1, 1, 1, 1, 1, 1, 1, 1, 1, 1, 1, 1, 1, 1, 1, 1, 1, 1, 1, 1, 1, 1, 1, 1, 1, 1, 1, 1, 1, 1, 1, 1, 1, 1, 1, 1, 1, 1, 1, 1, 1, 1, 1, 1, 1, 1, 1, 1, 1, 1, 1, 1, 1, 1, 1, 1, 1, 1, 1, 1, 1, 1, 1, 1, 1, 1, 1, 1, 1, 1, 1, 1, 1, 1, 1, 1, 1, 1, 1, 1, 1, 1, 1, 1, 1, 1, 1, 1, 1, 1, 1, 1, 1, 1, 1, 1, 1, 1, 1, 1, 1, 1, 1, 1, 1, 1, 1, 1, 1, 1, 1, 1, 1, 1, 1, 1, 1, 1, 1, 1, 1, 1, 1, 1, 1, 1, 1, 1, 1, 1, 1, 1, 1, 1, 1, 1, 1, 1, 1, 1, 1, 1, 1, 1, 1, 1, 1, 1, 1, 1, 1, 1, 1, 1, 1, 1, 1, 1, 1, 1, 1, 1, 1, 1, 1, 1, 1, 1, 1, 1, 1, 1, 1, 1, 1, 1, 1, 1, 1, 1, 1, 1, 1, 1, 1, 1, 1, 1, 1, 1, 1, 1, 1, 1, 1, 1, 1, 1, 1, 1, 1, 1, 1, 1, 1, 1, 1, 1, 1, 1, 1, 1, 1, 1, 1, 1, 1, 1, 1, 1, 1, 1, 1, 1, 1, 1, 1, 1, 1, 1, 1, 1, 1, 1, 1, 1, 1, 1, 1, 1, 1, 1, 1, 1, 1, 1, 1, 1, 1, 1, 1, 1, 1, 1, 1, 1, 1, 1, 1, 1, 1, 1, 1, 1, 1, 1, 1, 1, 1, 1, 1, 1, 1, 1, 1, 1, 1, 1, 1, 1, 1, 1, 1, 1, 1, 1, 1, 1, 1, 1, 1, 1, 1, 1, 1, 1, 1, 1, 1, 1, 1, 1, 1, 1, 1, 1, 1, 1, 1, 1, 1, 1, 1, 1, 1, 1, 1, 1, 1, 1, 1, 1, 1, 1, 1, 1, 1, 1, 1, 1, 1, 1, 1, 1, 1, 1, 1, 1, 1, 1, 1, 1, 1, 1, 1, 1, 1, 1, 1, 1, 1, 1, 1, 1, 1, 1, 1, 1, 1, 1, 1, 1, 1, 1, 1, 1, 1, 1, 1, 1, 1, 1, 1, 1, 1, 1, 1, 1, 1, 1, 1, 1, 1, 1, 1, 1, 1, 1, 1, 1, 1, 1, 1, 1, 1, 1, 1, 1, 1, 1, 1, 1, 1, 1, 1, 1, 1, 1, 1, 1, 1, 1, 1, 1, 1, 1, 1, 1, 1, 1, 1, 1, 1, 1, 1, 1, 1, 1, 1, 1, 1, 1, 1, 1, 1, 1, 1, 1, 1, 1, 1, 1, 1, 1, 1, 1, 1, 1, 1, 1, 1, 1, 1, 1, 1, 1, 1, 1, 1, 1, 1, 1, 1, 1, 1, 1, 1, 1, 1, 1, 1, 1, 1, 1, 1, 1, 1, 1, 1, 1, 1, 1, 1, 1, 1, 1, 1, 1, 1, 1, 1, 1, 1, 1, 1, 1, 1, 1, 1, 1, 1, 1, 1, 1, 1, 1, 1, 1, 1, 1, 1, 1, 1, 1, 1, 1, 1, 1, 1, 1, 1, 1, 1, 1, 1, 1, 1, 1, 1, 1, 1, 1, 1, 1, 1, 1, 1, 1, 1, 1, 1, 1, 1, 1, 1, 1, 1, 1, 1, 1, 1, 1, 1, 1, 1, 1, 1, 1, 1, 1, 1, 1, 1, 1, 1, 1, 1, 1, 1, 1, 1, 1, 1, 1, 1, 1, 1, 1, 1, 1, 1, 1, 1, 1, 1, 1, 1, 1, 1, 1, 1, 1, 1, 1, 1, 1, 1, 1, 1, 1, 1, 1, 1, 1, 1, 1, 1], [1, 1, 1, 1, 1, 1, 1, 1, 1, 1, 1, 1, 1, 1, 1, 1, 1, 1, 1, 1, 1, 1, 1, 1, 1, 1, 1, 1, 1, 1, 1, 1, 1, 1, 1, 1, 1, 1, 1, 1, 1, 1, 1, 1, 1, 1, 1, 1, 1, 1, 1, 1, 1, 1, 1, 1, 1, 1, 1, 1, 1, 1, 1, 1, 1, 1, 1, 1, 1, 1, 1, 1, 1, 1, 1, 1, 1, 1, 1, 1, 1, 1, 1, 1, 1, 1, 1, 1, 1, 1, 1, 1, 1, 1, 1, 1, 1, 1, 1, 1, 1, 1, 1, 1, 1, 1, 1, 1, 1, 1, 1, 1, 1, 1, 1, 1, 1, 1, 1, 1, 1, 1, 1, 1, 1, 1, 1, 1, 1, 1, 1, 1, 1, 1, 1, 1, 1, 1, 1, 1, 1, 1, 1, 1, 1, 1, 1, 1, 1, 1, 1, 1, 1, 1, 1, 1, 1, 1, 1, 1, 1, 1, 1, 1, 1, 1, 1, 1, 1, 1, 1, 1, 1, 1, 1, 1, 1, 1, 1, 1, 1, 1, 1, 1, 1, 1, 1, 1, 1, 1, 1, 1, 1, 1, 1, 1, 1, 1, 1, 1, 1, 1, 1, 1, 1, 1, 1, 1, 1, 1, 1, 1, 1, 1, 1, 1, 1, 1, 1, 1, 1, 1, 1, 1, 1, 1, 1, 1, 1, 1, 1, 1, 1, 1, 1, 1, 1, 1, 1, 1, 1, 1, 1, 1, 1, 1, 1, 1, 1, 1, 1, 1, 1, 1, 1, 1, 1, 1, 1, 1, 1, 1, 1, 1, 1, 1, 1, 1, 1, 1, 1, 1, 1, 1, 1, 1, 1, 1, 1, 1, 1, 1, 1, 1, 1, 1, 1, 1, 1, 1, 1, 1, 1, 1, 1, 1, 1, 1, 1, 1, 1, 1, 1, 1, 1, 1, 1, 1, 1, 1, 1, 1, 1, 1, 1, 1, 1, 1, 1, 1, 1, 1, 1, 1, 1, 1, 1, 1, 1, 1, 1, 1, 1, 1, 1, 1, 1, 1, 1, 1, 1, 1, 1, 1, 1, 1, 1, 1, 1, 1, 1, 1, 1, 1, 1, 1, 1, 1, 1, 1, 1, 1, 1, 1, 1, 1, 1, 1, 1, 1, 1, 1, 1, 1, 1, 1, 1, 1, 1, 1, 1, 1, 1, 1, 1, 1, 1, 1, 1, 1, 1, 1, 1, 1, 1, 1, 1, 1, 1, 1, 1, 1, 1, 1, 1, 1, 1, 1, 1, 1, 1, 1, 1, 1, 1, 1, 1, 1, 1, 1, 1, 1, 1, 1, 1, 1, 1, 1, 1, 1, 1, 1, 1, 1, 1, 1, 1, 1, 1, 1, 1, 1, 1, 1, 1, 1, 1, 1, 1, 1, 1, 1, 1, 1, 1, 1, 1, 1, 1, 1, 1, 1, 1, 1, 1, 1, 1, 1, 1, 1, 1, 1, 1, 1, 1, 1, 1, 1, 1, 1, 1, 1, 1, 1, 1, 1, 1, 1, 1, 1, 1, 1, 1, 1, 1, 1, 1, 1, 1, 1, 1, 1, 1, 1, 1, 1, 1, 1, 1, 1, 1, 1, 1, 1, 1, 1, 1, 1, 1, 1, 1, 1, 1, 1, 1, 1, 1, 1, 1, 1, 1, 1, 1, 1, 1, 1, 1, 1, 1, 1, 1, 1, 1, 1, 1, 1, 1, 1, 1, 1, 1, 1, 1, 1, 1, 1, 1, 1, 1, 1, 1, 1, 1, 1, 1, 1, 1, 1, 1, 1, 1, 1, 1, 1, 1, 1, 1, 1, 1, 1, 1, 1, 1, 1, 1, 1, 1, 1, 1, 1, 1, 1, 1, 1, 1, 1, 1, 1, 1, 1, 1, 1, 1, 1, 1, 1, 1, 1, 1, 1, 1, 1, 1, 1, 1, 1, 1, 1, 1, 1, 1, 1, 1, 1, 1, 1, 1, 1, 1, 1, 1, 1, 1, 1, 1, 1, 1, 1, 1, 1, 1, 1, 1, 1, 1, 1, 1, 1, 1, 1, 1, 1, 1, 1, 1, 1, 1, 1, 1, 1, 1, 1, 1, 1, 1, 1, 1, 1, 1, 1, 1, 1, 1, 1, 1, 1, 1, 1, 1, 1, 1, 1, 1, 1, 1, 1, 1, 1, 1, 1, 1, 1, 1, 1, 1, 1, 1, 1, 1, 1, 1, 1, 1, 1, 1, 1, 1, 1, 1, 1, 1, 1, 1, 1, 1, 1, 1, 1, 1, 1, 1, 1, 1, 1, 1, 1, 1, 1, 1, 1, 1, 1, 1, 1, 1, 1, 1, 1, 1, 1, 1, 1, 1, 1, 1, 1, 1, 1, 1, 1, 1, 1, 1, 1, 1, 1, 1, 1, 1, 1, 1, 1, 1, 1, 1, 1, 1, 1, 1, 1, 1, 1, 1, 1, 1, 1, 1, 1, 1, 1, 1, 1, 1, 1, 1, 1, 1, 1, 1, 1, 1, 1, 1, 1, 1, 1, 1, 1, 1, 1, 1, 1, 1, 1, 1, 1, 1, 1, 1, 1, 1, 1, 1, 1, 1, 1, 1, 1, 1, 1, 1, 1, 1], [1, 1, 1, 1, 1, 1, 1, 1, 1, 1, 1, 1, 1, 1, 1, 1, 1, 1, 1, 1, 1, 1, 1, 1, 1, 1, 1, 1, 1, 1, 1, 1, 1, 1, 1, 1, 1, 1, 1, 1, 1, 1, 1, 1, 1, 1, 1, 1, 1, 1, 1, 1, 1, 1, 1, 1, 1, 1, 1, 1, 1, 1, 1, 1, 1, 1, 1, 1, 1, 1, 1, 1, 1, 1, 1, 1, 1, 1, 1, 1, 1, 1, 1, 1, 1, 1, 1, 1, 1, 1, 1, 1, 1, 1, 1, 1, 1, 1, 1, 1, 1, 1, 1, 1, 1, 1, 1, 1, 1, 1, 1, 1, 1, 1, 1, 1, 1, 1, 1, 1, 1, 1, 1, 1, 1, 1, 1, 1, 1, 1, 1, 1, 1, 1, 1, 1, 1, 1, 1, 1, 1, 1, 1, 1, 1, 1, 1, 1, 1, 1, 1, 1, 1, 1, 1, 1, 1, 1, 1, 1, 1, 1, 1, 1, 1, 1, 1, 1, 1, 1, 1, 1, 1, 1, 1, 1, 1, 1, 1, 1, 1, 1, 1, 1, 1, 1, 1, 1, 1, 1, 1, 1, 1, 1, 1, 1, 1, 1, 1, 1, 1, 1, 1, 1, 1, 1, 1, 1, 1, 1, 1, 1, 1, 1, 1, 1, 1, 1, 1, 1, 1, 1, 1, 1, 1, 1, 1, 1, 1, 1, 1, 1, 1, 1, 1, 1, 1, 1, 1, 1, 1, 1, 1, 1, 1, 1, 1, 1, 1, 1, 1, 1, 1, 1, 1, 1, 1, 1, 1, 1, 1, 1, 1, 1, 1, 1, 1, 1, 1, 1, 1, 1, 1, 1, 1, 1, 1, 1, 1, 1, 1, 1, 1, 1, 1, 1, 1, 1, 1, 1, 1, 1, 1, 1, 1, 1, 1, 1, 1, 1, 1, 1, 1, 1, 1, 1, 1, 1, 1, 1, 1, 1, 1, 1, 1, 1, 1, 1, 1, 1, 1, 1, 1, 1, 1, 1, 1, 1, 1, 1, 1, 1, 1, 1, 1, 1, 1, 1, 1, 1, 1, 1, 1, 1, 1, 1, 1, 1, 1, 1, 1, 1, 1, 1, 1, 1, 1, 1, 1, 1, 1, 1, 1, 1, 1, 1, 1, 1, 1, 1, 1, 1, 1, 1, 1, 1, 1, 1, 1, 1, 1, 1, 1, 1, 1, 1, 1, 1, 1, 1, 1, 1, 1, 1, 1, 1, 1, 1, 1, 1, 1, 1, 1, 1, 1, 1, 1, 1, 1, 1, 1, 1, 1, 1, 1, 1, 1, 1, 1, 1, 1, 1, 1, 1, 1, 1, 1, 1, 1, 1, 1, 1, 1, 1, 1, 1, 1, 1, 1, 1, 1, 1, 1, 1, 1, 1, 1, 1, 1, 1, 1, 1, 1, 1, 1, 1, 1, 1, 1, 1, 1, 1, 1, 1, 1, 1, 1, 1, 1, 1, 1, 1, 1, 1, 1, 1, 1, 1, 1, 1, 1, 1, 1, 1, 1, 1, 1, 1, 1, 1, 1, 1, 1, 1, 1, 1, 1, 1, 1, 1, 1, 1, 1, 1, 1, 1, 1, 1, 1, 1, 1, 1, 1, 1, 1, 1, 1, 1, 1, 1, 1, 1, 1, 1, 1, 1, 1, 1, 1, 1, 1, 1, 1, 1, 1, 1, 1, 1, 1, 1, 1, 1, 1, 1, 1, 1, 1, 1, 1, 1, 1, 1, 1, 1, 1, 1, 1, 1, 1, 1, 1, 1, 1, 1, 1, 1, 1, 1, 1, 1, 1, 1, 1, 1, 1, 1, 1, 1, 1, 1, 1, 1, 1, 1, 1, 1, 1, 1, 1, 1, 1, 1, 1, 1, 1, 1, 1, 1, 1, 1, 1, 1, 1, 1, 1, 1, 1, 1, 1, 1, 1, 1, 1, 1, 1, 1, 1, 1, 1, 1, 1, 1, 1, 1, 1, 1, 1, 1, 1, 1, 1, 1, 1, 1, 1, 1, 1, 1, 1, 1, 1, 1, 1, 1, 1, 1, 1, 1, 1, 1, 1, 1, 1, 1, 1, 1, 1, 1, 1, 1, 1, 1, 1, 1, 1, 1, 1, 1, 1, 1, 1, 1, 1, 1, 1, 1, 1, 1, 1, 1, 1, 1, 1, 1, 1, 1, 1, 1, 1, 1, 1, 1, 1, 1, 1, 1, 1, 1, 1, 1, 1, 1, 1, 1, 1, 1, 1, 1, 1, 1, 1, 1, 1, 1, 1, 1, 1, 1, 1, 1, 1, 1, 1, 1, 1, 1, 1, 1, 1, 1, 1, 1, 1, 1, 1, 1, 1, 1, 1, 1, 1, 1, 1, 1, 1, 1, 1, 1, 1, 1, 1, 1, 1, 1, 1, 1, 1, 1, 1, 1, 1, 1, 1, 1, 1, 1, 1, 1, 1, 1, 1, 1, 1, 1, 1, 1, 1, 1, 1, 1, 1, 1, 1, 1, 1, 1, 1, 1, 1, 1, 1, 1, 1, 1, 1, 1, 1, 1, 1, 1, 1, 1, 1, 1, 1, 1, 1, 1, 1, 1, 1, 1, 1, 1, 1, 1, 1, 1, 1, 1, 1, 1, 1, 1], [1, 1, 1, 1, 1, 1, 1, 1, 1, 1, 1, 1, 1, 1, 1, 1, 1, 1, 1, 1, 1, 1, 1, 1, 1, 1, 1, 1, 1, 1, 1, 1, 1, 1, 1, 1, 1, 1, 1, 1, 1, 1, 1, 1, 1, 1, 1, 1, 1, 1, 1, 1, 1, 1, 1, 1, 1, 1, 1, 1, 1, 1, 1, 1, 1, 1, 1, 1, 1, 1, 1, 1, 1, 1, 1, 1, 1, 1, 1, 1, 1, 1, 1, 1, 1, 1, 1, 1, 1, 1, 1, 1, 1, 1, 1, 1, 1, 1, 1, 1, 1, 1, 1, 1, 1, 1, 1, 1, 1, 1, 1, 1, 1, 1, 1, 1, 1, 1, 1, 1, 1, 1, 1, 1, 1, 1, 1, 1, 1, 1, 1, 1, 1, 1, 1, 1, 1, 1, 1, 1, 1, 1, 1, 1, 1, 1, 1, 1, 1, 1, 1, 1, 1, 1, 1, 1, 1, 1, 1, 1, 1, 1, 1, 1, 1, 1, 1, 1, 1, 1, 1, 1, 1, 1, 1, 1, 1, 1, 1, 1, 1, 1, 1, 1, 1, 1, 1, 1, 1, 1, 1, 1, 1, 1, 1, 1, 1, 1, 1, 1, 1, 1, 1, 1, 1, 1, 1, 1, 1, 1, 1, 1, 1, 1, 1, 1, 1, 1, 1, 1, 1, 1, 1, 1, 1, 1, 1, 1, 1, 1, 1, 1, 1, 1, 1, 1, 1, 1, 1, 1, 1, 1, 1, 1, 1, 1, 1, 1, 1, 1, 1, 1, 1, 1, 1, 1, 1, 1, 1, 1, 1, 1, 1, 1, 1, 1, 1, 1, 1, 1, 1, 1, 1, 1, 1, 1, 1, 1, 1, 1, 1, 1, 1, 1, 1, 1, 1, 1, 1, 1, 1, 1, 1, 1, 1, 1, 1, 1, 1, 1, 1, 1, 1, 1, 1, 1, 1, 1, 1, 1, 1, 1, 1, 1, 1, 1, 1, 1, 1, 1, 1, 1, 1, 1, 1, 1, 1, 1, 1, 1, 1, 1, 1, 1, 1, 1, 1, 1, 1, 1, 1, 1, 1, 1, 1, 1, 1, 1, 1, 1, 1, 1, 1, 1, 1, 1, 1, 1, 1, 1, 1, 1, 1, 1, 1, 1, 1, 1, 1, 1, 1, 1, 1, 1, 1, 1, 1, 1, 1, 1, 1, 1, 1, 1, 1, 1, 1, 1, 1, 1, 1, 1, 1, 1, 1, 1, 1, 1, 1, 1, 1, 1, 1, 1, 1, 1, 1, 1, 1, 1, 1, 1, 1, 1, 1, 1, 1, 1, 1, 1, 1, 1, 1, 1, 1, 1, 1, 1, 1, 1, 1, 1, 1, 1, 1, 1, 1, 1, 1, 1, 1, 1, 1, 1, 1, 1, 1, 1, 1, 1, 1, 1, 1, 1, 1, 1, 1, 1, 1, 1, 1, 1, 1, 1, 1, 1, 1, 1, 1, 1, 1, 1, 1, 1, 1, 1, 1, 1, 1, 1, 1, 1, 1, 1, 1, 1, 1, 1, 1, 1, 1, 1, 1, 1, 1, 1, 1, 1, 1, 1, 1, 1, 1, 1, 1, 1, 1, 1, 1, 1, 1, 1, 1, 1, 1, 1, 1, 1, 1, 1, 1, 1, 1, 1, 1, 1, 1, 1, 1, 1, 1, 1, 1, 1, 1, 1, 1, 1, 1, 1, 1, 1, 1, 1, 1, 1, 1, 1, 1, 1, 1, 1, 1, 1, 1, 1, 1, 1, 1, 1, 1, 1, 1, 1, 1, 1, 1, 1, 1, 1, 1, 1, 1, 1, 1, 1, 1, 1, 1, 1, 1, 1, 1, 1, 1, 1, 1, 1, 1, 1, 1, 1, 1, 1, 1, 1, 1, 1, 1, 1, 1, 1, 1, 1, 1, 1, 1, 1, 1, 1, 1, 1, 1, 1, 1, 1, 1, 1, 1, 1, 1, 1, 1, 1, 1, 1, 1, 1, 1, 1, 1, 1, 1, 1, 1, 1, 1, 1, 1, 1, 1, 1, 1, 1, 1, 1, 1, 1, 1, 1, 1, 1, 1, 1, 1, 1, 1, 1, 1, 1, 1, 1, 1, 1, 1, 1, 1, 1, 1, 1, 1, 1, 1, 1, 1, 1, 1, 1, 1, 1, 1, 1, 1, 1, 1, 1, 1, 1, 1, 1, 1, 1, 1, 1, 1, 1, 1, 1, 1, 1, 1, 1, 1, 1, 1, 1, 1, 1, 1, 1, 1, 1, 1, 1, 1, 1, 1, 1, 1, 1, 1, 1, 1, 1, 1, 1, 1, 1, 1, 1, 1, 1, 1, 1, 1, 1, 1, 1, 1, 1, 1, 1, 1, 1, 1, 1, 1, 1, 1, 1, 1, 1, 1, 1, 1, 1, 1, 1, 1, 1, 1, 1, 1, 1, 1, 1, 1, 1, 1, 1, 1, 1, 1, 1, 1, 1, 1, 1, 1, 1, 1, 1, 1, 1, 1, 1, 1, 1, 1, 1, 1, 1, 1, 1, 1, 1, 1, 1, 1, 1, 1, 1, 1, 1, 1, 1, 1, 1, 1, 1, 1, 1, 1, 1, 1, 1, 1, 1, 1, 1, 1, 1, 1, 1, 1, 1, 1, 1, 1, 1, 1], [1, 1, 1, 1, 1, 1, 1, 1, 1, 1, 1, 1, 1, 1, 1, 1, 1, 1, 1, 1, 1, 1, 1, 1, 1, 1, 1, 1, 1, 1, 1, 1, 1, 1, 1, 1, 1, 1, 1, 1, 1, 1, 1, 1, 1, 1, 1, 1, 1, 1, 1, 1, 1, 1, 1, 1, 1, 1, 1, 1, 1, 1, 1, 1, 1, 1, 1, 1, 1, 1, 1, 1, 1, 1, 1, 1, 1, 1, 1, 1, 1, 1, 1, 1, 1, 1, 1, 1, 1, 1, 1, 1, 1, 1, 1, 1, 1, 1, 1, 1, 1, 1, 1, 1, 1, 1, 1, 1, 1, 1, 1, 1, 1, 1, 1, 1, 1, 1, 1, 1, 1, 1, 1, 1, 1, 1, 1, 1, 1, 1, 1, 1, 1, 1, 1, 1, 1, 1, 1, 1, 1, 1, 1, 1, 1, 1, 1, 1, 1, 1, 1, 1, 1, 1, 1, 1, 1, 1, 1, 1, 1, 1, 1, 1, 1, 1, 1, 1, 1, 1, 1, 1, 1, 1, 1, 1, 1, 1, 1, 1, 1, 1, 1, 1, 1, 1, 1, 1, 1, 1, 1, 1, 1, 1, 1, 1, 1, 1, 1, 1, 1, 1, 1, 1, 1, 1, 1, 1, 1, 1, 1, 1, 1, 1, 1, 1, 1, 1, 1, 1, 1, 1, 1, 1, 1, 1, 1, 1, 1, 1, 1, 1, 1, 1, 1, 1, 1, 1, 1, 1, 1, 1, 1, 1, 1, 1, 1, 1, 1, 1, 1, 1, 1, 1, 1, 1, 1, 1, 1, 1, 1, 1, 1, 1, 1, 1, 1, 1, 1, 1, 1, 1, 1, 1, 1, 1, 1, 1, 1, 1, 1, 1, 1, 1, 1, 1, 1, 1, 1, 1, 1, 1, 1, 1, 1, 1, 1, 1, 1, 1, 1, 1, 1, 1, 1, 1, 1, 1, 1, 1, 1, 1, 1, 1, 1, 1, 1, 1, 1, 1, 1, 1, 1, 1, 1, 1, 1, 1, 1, 1, 1, 1, 1, 1, 1, 1, 1, 1, 1, 1, 1, 1, 1, 1, 1, 1, 1, 1, 1, 1, 1, 1, 1, 1, 1, 1, 1, 1, 1, 1, 1, 1, 1, 1, 1, 1, 1, 1, 1, 1, 1, 1, 1, 1, 1, 1, 1, 1, 1, 1, 1, 1, 1, 1, 1, 1, 1, 1, 1, 1, 1, 1, 1, 1, 1, 1, 1, 1, 1, 1, 1, 1, 1, 1, 1, 1, 1, 1, 1, 1, 1, 1, 1, 1, 1, 1, 1, 1, 1, 1, 1, 1, 1, 1, 1, 1, 1, 1, 1, 1, 1, 1, 1, 1, 1, 1, 1, 1, 1, 1, 1, 1, 1, 1, 1, 1, 1, 1, 1, 1, 1, 1, 1, 1, 1, 1, 1, 1, 1, 1, 1, 1, 1, 1, 1, 1, 1, 1, 1, 1, 1, 1, 1, 1, 1, 1, 1, 1, 1, 1, 1, 1, 1, 1, 1, 1, 1, 1, 1, 1, 1, 1, 1, 1, 1, 1, 1, 1, 1, 1, 1, 1, 1, 1, 1, 1, 1, 1, 1, 1, 1, 1, 1, 1, 1, 1, 1, 1, 1, 1, 1, 1, 1, 1, 1, 1, 1, 1, 1, 1, 1, 1, 1, 1, 1, 1, 1, 1, 1, 1, 1, 1, 1, 1, 1, 1, 1, 1, 1, 1, 1, 1, 1, 1, 1, 1, 1, 1, 1, 1, 1, 1, 1, 1, 1, 1, 1, 1, 1, 1, 1, 1, 1, 1, 1, 1, 1, 1, 1, 1, 1, 1, 1, 1, 1, 1, 1, 1, 1, 1, 1, 1, 1, 1, 1, 1, 1, 1, 1, 1, 1, 1, 1, 1, 1, 1, 1, 1, 1, 1, 1, 1, 1, 1, 1, 1, 1, 1, 1, 1, 1, 1, 1, 1, 1, 1, 1, 1, 1, 1, 1, 1, 1, 1, 1, 1, 1, 1, 1, 1, 1, 1, 1, 1, 1, 1, 1, 1, 1, 1, 1, 1, 1, 1, 1, 1, 1, 1, 1, 1, 1, 1, 1, 1, 1, 1, 1, 1, 1, 1, 1, 1, 1, 1, 1, 1, 1, 1, 1, 1, 1, 1, 1, 1, 1, 1, 1, 1, 1, 1, 1, 1, 1, 1, 1, 1, 1, 1, 1, 1, 1, 1, 1, 1, 1, 1, 1, 1, 1, 1, 1, 1, 1, 1, 1, 1, 1, 1, 1, 1, 1, 1, 1, 1, 1, 1, 1, 1, 1, 1, 1, 1, 1, 1, 1, 1, 1, 1, 1, 1, 1, 1, 1, 1, 1, 1, 1, 1, 1, 1, 1, 1, 1, 1, 1, 1, 1, 1, 1, 1, 1, 1, 1, 1, 1, 1, 1, 1, 1, 1, 1, 1, 1, 1, 1, 1, 1, 1, 1, 1, 1, 1, 1, 1, 1, 1, 1, 1, 1, 1, 1, 1, 1, 1, 1, 1, 1, 1, 1, 1, 1, 1, 1, 1, 1, 1, 1, 1, 1, 1, 1, 1, 1, 1, 1, 1, 1, 1, 1, 1, 1, 1, 1, 1, 1, 1, 1, 1, 1, 1, 1, 1], [1, 1, 1, 1, 1, 1, 1, 1, 1, 1, 1, 1, 1, 1, 1, 1, 1, 1, 1, 1, 1, 1, 1, 1, 1, 1, 1, 1, 1, 1, 1, 1, 1, 1, 1, 1, 1, 1, 1, 1, 1, 1, 1, 1, 1, 1, 1, 1, 1, 1, 1, 1, 1, 1, 1, 1, 1, 1, 1, 1, 1, 1, 1, 1, 1, 1, 1, 1, 1, 1, 1, 1, 1, 1, 1, 1, 1, 1, 1, 1, 1, 1, 1, 1, 1, 1, 1, 1, 1, 1, 1, 1, 1, 1, 1, 1, 1, 1, 1, 1, 1, 1, 1, 1, 1, 1, 1, 1, 1, 1, 1, 1, 1, 1, 1, 1, 1, 1, 1, 1, 1, 1, 1, 1, 1, 1, 1, 1, 1, 1, 1, 1, 1, 1, 1, 1, 1, 1, 1, 1, 1, 1, 1, 1, 1, 1, 1, 1, 1, 1, 1, 1, 1, 1, 1, 1, 1, 1, 1, 1, 1, 1, 1, 1, 1, 1, 1, 1, 1, 1, 1, 1, 1, 1, 1, 1, 1, 1, 1, 1, 1, 1, 1, 1, 1, 1, 1, 1, 1, 1, 1, 1, 1, 1, 1, 1, 1, 1, 1, 1, 1, 1, 1, 1, 1, 1, 1, 1, 1, 1, 1, 1, 1, 1, 1, 1, 1, 1, 1, 1, 1, 1, 1, 1, 1, 1, 1, 1, 1, 1, 1, 1, 1, 1, 1, 1, 1, 1, 1, 1, 1, 1, 1, 1, 1, 1, 1, 1, 1, 1, 1, 1, 1, 1, 1, 1, 1, 1, 1, 1, 1, 1, 1, 1, 1, 1, 1, 1, 1, 1, 1, 1, 1, 1, 1, 1, 1, 1, 1, 1, 1, 1, 1, 1, 1, 1, 1, 1, 1, 1, 1, 1, 1, 1, 1, 1, 1, 1, 1, 1, 1, 1, 1, 1, 1, 1, 1, 1, 1, 1, 1, 1, 1, 1, 1, 1, 1, 1, 1, 1, 1, 1, 1, 1, 1, 1, 1, 1, 1, 1, 1, 1, 1, 1, 1, 1, 1, 1, 1, 1, 1, 1, 1, 1, 1, 1, 1, 1, 1, 1, 1, 1, 1, 1, 1, 1, 1, 1, 1, 1, 1, 1, 1, 1, 1, 1, 1, 1, 1, 1, 1, 1, 1, 1, 1, 1, 1, 1, 1, 1, 1, 1, 1, 1, 1, 1, 1, 1, 1, 1, 1, 1, 1, 1, 1, 1, 1, 1, 1, 1, 1, 1, 1, 1, 1, 1, 1, 1, 1, 1, 1, 1, 1, 1, 1, 1, 1, 1, 1, 1, 1, 1, 1, 1, 1, 1, 1, 1, 1, 1, 1, 1, 1, 1, 1, 1, 1, 1, 1, 1, 1, 1, 1, 1, 1, 1, 1, 1, 1, 1, 1, 1, 1, 1, 1, 1, 1, 1, 1, 1, 1, 1, 1, 1, 1, 1, 1, 1, 1, 1, 1, 1, 1, 1, 1, 1, 1, 1, 1, 1, 1, 1, 1, 1, 1, 1, 1, 1, 1, 1, 1, 1, 1, 1, 1, 1, 1, 1, 1, 1, 1, 1, 1, 1, 1, 1, 1, 1, 1, 1, 1, 1, 1, 1, 1, 1, 1, 1, 1, 1, 1, 1, 1, 1, 1, 1, 1, 1, 1, 1, 1, 1, 1, 1, 1, 1, 1, 1, 1, 1, 1, 1, 1, 1, 1, 1, 1, 1, 1, 1, 1, 1, 1, 1, 1, 1, 1, 1, 1, 1, 1, 1, 1, 1, 1, 1, 1, 1, 1, 1, 1, 1, 1, 1, 1, 1, 1, 1, 1, 1, 1, 1, 1, 1, 1, 1, 1, 1, 1, 1, 1, 1, 1, 1, 1, 1, 1, 1, 1, 1, 1, 1, 1, 1, 1, 1, 1, 1, 1, 1, 1, 1, 1, 1, 1, 1, 1, 1, 1, 1, 1, 1, 1, 1, 1, 1, 1, 1, 1, 1, 1, 1, 1, 1, 1, 1, 1, 1, 1, 1, 1, 1, 1, 1, 1, 1, 1, 1, 1, 1, 1, 1, 1, 1, 1, 1, 1, 1, 1, 1, 1, 1, 1, 1, 1, 1, 1, 1, 1, 1, 1, 1, 1, 1, 1, 1, 1, 1, 1, 1, 1, 1, 1, 1, 1, 1, 1, 1, 1, 1, 1, 1, 1, 1, 1, 1, 1, 1, 1, 1, 1, 1, 1, 1, 1, 1, 1, 1, 1, 1, 1, 1, 1, 1, 1, 1, 1, 1, 1, 1, 1, 1, 1, 1, 1, 1, 1, 1, 1, 1, 1, 1, 1, 1, 1, 1, 1, 1, 1, 1, 1, 1, 1, 1, 1, 1, 1, 1, 1, 1, 1, 1, 1, 1, 1, 1, 1, 1, 1, 1, 1, 1, 1, 1, 1, 1, 1, 1, 1, 1, 1, 1, 1, 1, 1, 1, 1, 1, 1, 1, 1, 1, 1, 1, 1, 1, 1, 1, 1, 1, 1, 1, 1, 1, 1, 1, 1, 1, 1, 1, 1, 1, 1, 1, 1, 1, 1, 1, 1, 1, 1, 1, 1, 1, 1, 1, 1, 1, 1, 1, 1, 1, 1, 1, 1, 1, 1, 1, 1, 1, 1, 1, 1, 1, 1, 1, 1, 1, 1, 1, 1, 1, 1, 1, 1, 1, 1, 1, 1, 1, 1, 1, 1, 1, 1, 1, 1], [1, 1, 1, 1, 1, 1, 1, 1, 1, 1, 1, 1, 1, 1, 1, 1, 1, 1, 1, 1, 1, 1, 1, 1, 1, 1, 1, 1, 1, 1, 1, 1, 1, 1, 1, 1, 1, 1, 1, 1, 1, 1, 1, 1, 1, 1, 1, 1, 1, 1, 1, 1, 1, 1, 1, 1, 1, 1, 1, 1, 1, 1, 1, 1, 1, 1, 1, 1, 1, 1, 1, 1, 1, 1, 1, 1, 1, 1, 1, 1, 1, 1, 1, 1, 1, 1, 1, 1, 1, 1, 1, 1, 1, 1, 1, 1, 1, 1, 1, 1, 1, 1, 1, 1, 1, 1, 1, 1, 1, 1, 1, 1, 1, 1, 1, 1, 1, 1, 1, 1, 1, 1, 1, 1, 1, 1, 1, 1, 1, 1, 1, 1, 1, 1, 1, 1, 1, 1, 1, 1, 1, 1, 1, 1, 1, 1, 1, 1, 1, 1, 1, 1, 1, 1, 1, 1, 1, 1, 1, 1, 1, 1, 1, 1, 1, 1, 1, 1, 1, 1, 1, 1, 1, 1, 1, 1, 1, 1, 1, 1, 1, 1, 1, 1, 1, 1, 1, 1, 1, 1, 1, 1, 1, 1, 1, 1, 1, 1, 1, 1, 1, 1, 1, 1, 1, 1, 1, 1, 1, 1, 1, 1, 1, 1, 1, 1, 1, 1, 1, 1, 1, 1, 1, 1, 1, 1, 1, 1, 1, 1, 1, 1, 1, 1, 1, 1, 1, 1, 1, 1, 1, 1, 1, 1, 1, 1, 1, 1, 1, 1, 1, 1, 1, 1, 1, 1, 1, 1, 1, 1, 1, 1, 1, 1, 1, 1, 1, 1, 1, 1, 1, 1, 1, 1, 1, 1, 1, 1, 1, 1, 1, 1, 1, 1, 1, 1, 1, 1, 1, 1, 1, 1, 1, 1, 1, 1, 1, 1, 1, 1, 1, 1, 1, 1, 1, 1, 1, 1, 1, 1, 1, 1, 1, 1, 1, 1, 1, 1, 1, 1, 1, 1, 1, 1, 1, 1, 1, 1, 1, 1, 1, 1, 1, 1, 1, 1, 1, 1, 1, 1, 1, 1, 1, 1, 1, 1, 1, 1, 1, 1, 1, 1, 1, 1, 1, 1, 1, 1, 1, 1, 1, 1, 1, 1, 1, 1, 1, 1, 1, 1, 1, 1, 1, 1, 1, 1, 1, 1, 1, 1, 1, 1, 1, 1, 1, 1, 1, 1, 1, 1, 1, 1, 1, 1, 1, 1, 1, 1, 1, 1, 1, 1, 1, 1, 1, 1, 1, 1, 1, 1, 1, 1, 1, 1, 1, 1, 1, 1, 1, 1, 1, 1, 1, 1, 1, 1, 1, 1, 1, 1, 1, 1, 1, 1, 1, 1, 1, 1, 1, 1, 1, 1, 1, 1, 1, 1, 1, 1, 1, 1, 1, 1, 1, 1, 1, 1, 1, 1, 1, 1, 1, 1, 1, 1, 1, 1, 1, 1, 1, 1, 1, 1, 1, 1, 1, 1, 1, 1, 1, 1, 1, 1, 1, 1, 1, 1, 1, 1, 1, 1, 1, 1, 1, 1, 1, 1, 1, 1, 1, 1, 1, 1, 1, 1, 1, 1, 1, 1, 1, 1, 1, 1, 1, 1, 1, 1, 1, 1, 1, 1, 1, 1, 1, 1, 1, 1, 1, 1, 1, 1, 1, 1, 1, 1, 1, 1, 1, 1, 1, 1, 1, 1, 1, 1, 1, 1, 1, 1, 1, 1, 1, 1, 1, 1, 1, 1, 1, 1, 1, 1, 1, 1, 1, 1, 1, 1, 1, 1, 1, 1, 1, 1, 1, 1, 1, 1, 1, 1, 1, 1, 1, 1, 1, 1, 1, 1, 1, 1, 1, 1, 1, 1, 1, 1, 1, 1, 1, 1, 1, 1, 1, 1, 1, 1, 1, 1, 1, 1, 1, 1, 1, 1, 1, 1, 1, 1, 1, 1, 1, 1, 1, 1, 1, 1, 1, 1, 1, 1, 1, 1, 1, 1, 1, 1, 1, 1, 1, 1, 1, 1, 1, 1, 1, 1, 1, 1, 1, 1, 1, 1, 1, 1, 1, 1, 1, 1, 1, 1, 1, 1, 1, 1, 1, 1, 1, 1, 1, 1, 1, 1, 1, 1, 1, 1, 1, 1, 1, 1, 1, 1, 1, 1, 1, 1, 1, 1, 1, 1, 1, 1, 1, 1, 1, 1, 1, 1, 1, 1, 1, 1, 1, 1, 1, 1, 1, 1, 1, 1, 1, 1, 1, 1, 1, 1, 1, 1, 1, 1, 1, 1, 1, 1, 1, 1, 1, 1, 1, 1, 1, 1, 1, 1, 1, 1, 1, 1, 1, 1, 1, 1, 1, 1, 1, 1, 1, 1, 1, 1, 1, 1, 1, 1, 1, 1, 1, 1, 1, 1, 1, 1, 1, 1, 1, 1, 1, 1, 1, 1, 1, 1, 1, 1, 1, 1, 1, 1, 1, 1, 1, 1, 1, 1, 1, 1, 1, 1, 1, 1, 1, 1, 1, 1, 1, 1, 1, 1, 1, 1, 1, 1, 1, 1, 1, 1, 1, 1, 1, 1, 1, 1, 1, 1, 1, 1, 1, 1, 1, 1, 1, 1, 1, 1, 1, 1, 1, 1, 1, 1, 1, 1, 1, 1, 1, 1, 1, 1, 1, 1, 1, 1, 1, 1, 1, 1, 1, 1, 1, 1, 1, 1, 1, 1, 1, 1, 1, 1, 1]]
  no_load_optim ................................... None
  no_load_rng ..................................... None
  no_save_optim ................................... None
  no_save_rng ..................................... None
  num_attention_heads ............................. 8
  num_channels .................................... 3
  num_classes ..................................... 1000
  num_gpus ........................................ [1, 1, 1, 1, 1, 1, 1, 1]
  num_layers ...................................... 512
  num_layers_per_virtual_pipeline_stage ........... None
  num_ops_in_each_stage ........................... [816, 819, 823, 824, 831, 832, 857, 857]
  num_stages ...................................... 8
  num_workers ..................................... 2
  onnx_safe ....................................... None
  openai_gelu ..................................... False
  optimizer ....................................... adam
  override_lr_scheduler ........................... False
  params_dtype .................................... torch.float16
  patch_dim ....................................... 16
  pipeline_model_parallel_size .................... 1
  prof_cache_file ................................. None
  prof_mbs_list ................................... None
  prof_memory_only ................................ False
  prof_model_name ................................. all
  prof_model_size ................................. all
  prof_node_rank .................................. None
  prof_num_nodes .................................. None
  prof_path ....................................... None
  prof_ref_data ................................... None
  prof_repeat_threshold ........................... None
  prof_repeat_times ............................... [50]
  prof_skip_running ............................... False
  prof_time_only .................................. False
  prof_tp_size .................................... None
  prof_warmup_threshold ........................... None
  prof_warmup_times ............................... 20
  query_in_block_prob ............................. 0.1
  rampup_batch_size ............................... None
  rank ............................................ 0
  recompute_ops ................................... [[0, 0, 1, 1, 1, 1, 1, 1, 1, 1, 1, 1, 1, 1, 1, 1, 1, 1, 1, 1, 1, 1, 1, 1, 1, 1, 1, 1, 1, 1, 1, 1, 1, 1, 1, 1, 1, 1, 1, 1, 1, 1, 1, 1, 1, 1, 1, 1, 1, 1, 1, 1, 1, 1, 1, 1, 1, 1, 1, 1, 1, 1, 1, 1, 1, 1, 1, 1, 1, 1, 1, 1, 1, 1, 1, 1, 1, 1, 1, 1, 1, 1, 1, 1, 1, 1, 1, 1, 1, 1, 1, 1, 1, 1, 1, 1, 1, 1, 1, 1, 1, 1, 1, 1, 1, 1, 1, 1, 1, 1, 1, 1, 1, 1, 1, 1, 1, 1, 1, 1, 1, 1, 1, 1, 1, 1, 1, 1, 1, 1, 1, 1, 1, 1, 1, 1, 1, 1, 1, 1, 1, 1, 1, 1, 1, 1, 1, 1, 1, 1, 1, 1, 1, 1, 1, 1, 1, 1, 1, 1, 1, 1, 1, 1, 1, 1, 1, 1, 1, 1, 1, 1, 1, 1, 1, 1, 1, 1, 1, 1, 1, 1, 1, 1, 1, 1, 1, 1, 1, 1, 1, 1, 1, 1, 1, 1, 1, 1, 1, 1, 1, 1, 1, 1, 1, 1, 1, 1, 1, 1, 1, 1, 1, 1, 1, 1, 1, 1, 1, 1, 1, 1, 1, 1, 1, 1, 1, 1, 1, 1, 1, 1, 1, 1, 1, 1, 1, 1, 1, 1, 1, 1, 1, 1, 1, 1, 1, 1, 1, 1, 1, 1, 1, 1, 1, 1, 1, 1, 1, 1, 1, 1, 1, 1, 1, 1, 1, 1, 1, 1, 1, 1, 1, 1, 1, 1, 1, 1, 1, 1, 1, 1, 1, 1, 1, 1, 1, 1, 1, 1, 1, 1, 1, 1, 1, 1, 1, 1, 1, 1, 1, 1, 1, 1, 1, 1, 1, 1, 1, 1, 1, 1, 1, 1, 1, 1, 1, 1, 1, 1, 1, 1, 1, 1, 1, 1, 1, 1, 1, 1, 1, 1, 1, 1, 1, 1, 1, 1, 1, 1, 1, 1, 1, 1, 1, 1, 1, 1, 1, 1, 1, 1, 1, 1, 1, 1, 1, 1, 1, 1, 1, 1, 1, 1, 1, 1, 1, 1, 1, 1, 1, 1, 1, 1, 1, 1, 1, 1, 1, 1, 1, 1, 1, 1, 1, 1, 1, 1, 1, 1, 1, 1, 1, 1, 1, 1, 1, 1, 1, 1, 1, 1, 1, 1, 1, 1, 1, 1, 1, 1, 1, 1, 1, 1, 1, 1, 1, 1, 1, 1, 1, 1, 1, 1, 1, 1, 1, 1, 1, 1, 1, 1, 1, 1, 1, 1, 1, 1, 1, 1, 1, 1, 1, 1, 1, 1, 1, 1, 1, 1, 1, 1, 1, 1, 1, 1, 1, 1, 1, 1, 1, 1, 1, 1, 1, 1, 1, 1, 1, 1, 1, 1, 1, 1, 1, 1, 1, 1, 1, 1, 1, 1, 1, 1, 1, 1, 1, 1, 1, 1, 1, 1, 1, 1, 1, 1, 1, 1, 1, 1, 1, 1, 1, 1, 1, 1, 1, 1, 1, 1, 1, 1, 1, 1, 1, 1, 1, 1, 1, 1, 1, 1, 1, 1, 1, 1, 1, 1, 1, 1, 1, 1, 1, 1, 1, 1, 1, 1, 1, 1, 1, 1, 1, 1, 1, 1, 1, 1, 1, 1, 1, 1, 1, 1, 1, 1, 1, 1, 1, 1, 1, 1, 1, 1, 1, 1, 1, 1, 1, 1, 1, 1, 1, 1, 1, 1, 1, 1, 1, 1, 1, 1, 1, 1, 1, 1, 1, 1, 1, 1, 1, 1, 1, 1, 1, 1, 1, 1, 1, 1, 1, 1, 1, 1, 1, 1, 1, 1, 1, 1, 1, 1, 1, 1, 1, 1, 1, 1, 1, 1, 1, 1, 1, 1, 1, 1, 1, 1, 1, 1, 1, 1, 1, 1, 1, 1, 1, 1, 1, 1, 1, 1, 1, 1, 1, 1, 1, 1, 1, 1, 1, 1, 1, 1, 1, 1, 1, 1, 1, 1, 1, 1, 1, 1, 1, 1, 1, 1, 1, 1, 1, 1, 1, 1, 1, 1, 1, 1, 1, 1, 1, 1, 1, 1, 1, 1, 1, 1, 1, 1, 1, 1, 1, 1, 1, 1, 1, 1, 1, 1, 1, 1, 1, 1, 1, 1, 1, 1, 1, 1, 1, 1, 1, 1, 1, 1, 1, 1, 1, 1, 1, 1, 1, 1, 1, 1, 1, 1, 1, 1, 1, 1, 1, 1, 1, 1, 1, 1, 1, 1, 1, 1, 1, 1, 1, 1, 1, 1, 1, 1, 1, 1, 1, 1, 1, 1, 1, 1, 1, 1, 1, 1, 1, 1, 1, 1, 1, 1, 1, 1, 1, 1, 1, 1, 1, 1, 1, 1, 1, 1, 1, 1, 1, 1, 1, 1, 1, 1, 1, 1, 1, 1, 1, 1, 1, 1, 1, 1, 1, 1, 1, 1, 1, 1, 1, 1, 1, 1, 1, 1, 1, 1, 1, 1, 1, 1], [1, 1, 1, 1, 1, 1, 1, 1, 1, 1, 0, 1, 1, 1, 1, 1, 1, 1, 1, 1, 1, 1, 1, 0, 1, 1, 1, 1, 1, 1, 1, 1, 1, 1, 1, 1, 0, 1, 1, 1, 1, 1, 1, 1, 1, 1, 1, 1, 1, 0, 1, 1, 1, 1, 1, 1, 1, 1, 1, 1, 1, 1, 0, 1, 1, 1, 1, 1, 1, 1, 1, 1, 1, 1, 1, 0, 1, 1, 1, 1, 1, 1, 1, 1, 1, 1, 1, 1, 0, 1, 1, 1, 1, 1, 1, 1, 1, 1, 1, 1, 1, 0, 1, 1, 1, 1, 1, 1, 1, 1, 1, 1, 1, 1, 0, 1, 1, 1, 1, 1, 1, 1, 1, 1, 1, 1, 1, 0, 1, 1, 1, 1, 1, 1, 1, 1, 1, 1, 1, 1, 0, 1, 1, 1, 1, 1, 1, 1, 1, 1, 1, 1, 1, 0, 1, 1, 1, 1, 1, 1, 1, 1, 1, 1, 1, 1, 0, 1, 1, 1, 1, 1, 1, 1, 1, 1, 1, 1, 1, 0, 1, 1, 1, 1, 1, 1, 1, 1, 1, 1, 1, 1, 0, 1, 1, 1, 1, 1, 1, 1, 1, 1, 1, 1, 1, 0, 1, 1, 1, 1, 1, 1, 1, 1, 1, 1, 1, 1, 0, 1, 1, 1, 1, 1, 1, 1, 1, 1, 1, 1, 1, 0, 1, 1, 1, 1, 1, 1, 1, 1, 1, 1, 1, 1, 0, 1, 1, 1, 1, 1, 1, 1, 1, 1, 1, 1, 1, 0, 1, 1, 1, 1, 1, 1, 1, 1, 1, 1, 1, 1, 0, 1, 1, 1, 1, 1, 1, 1, 1, 1, 1, 1, 1, 0, 1, 1, 1, 1, 1, 1, 1, 1, 1, 1, 1, 1, 0, 1, 1, 1, 1, 1, 1, 1, 1, 1, 1, 1, 1, 0, 1, 1, 1, 1, 1, 1, 1, 1, 1, 1, 1, 1, 0, 1, 1, 1, 1, 1, 1, 1, 1, 1, 1, 1, 1, 0, 1, 1, 1, 1, 1, 1, 1, 1, 1, 1, 1, 1, 0, 1, 1, 1, 1, 1, 1, 1, 1, 1, 1, 1, 1, 0, 1, 1, 1, 1, 1, 1, 1, 1, 1, 1, 1, 1, 0, 1, 1, 1, 1, 1, 1, 1, 1, 1, 1, 1, 1, 0, 1, 1, 1, 1, 1, 1, 1, 1, 1, 1, 1, 1, 0, 1, 1, 1, 1, 1, 1, 1, 1, 1, 1, 1, 1, 0, 1, 1, 1, 1, 1, 1, 1, 1, 1, 1, 1, 1, 0, 1, 1, 1, 1, 1, 1, 1, 1, 1, 1, 1, 1, 0, 1, 1, 1, 1, 1, 1, 1, 1, 1, 1, 1, 1, 0, 1, 1, 1, 1, 1, 1, 1, 1, 1, 1, 1, 1, 0, 1, 1, 1, 1, 1, 1, 1, 1, 1, 1, 1, 1, 0, 1, 1, 1, 1, 1, 1, 1, 1, 1, 1, 1, 1, 0, 1, 1, 1, 1, 1, 1, 1, 1, 1, 1, 1, 1, 0, 1, 1, 1, 1, 1, 1, 1, 1, 1, 1, 1, 1, 0, 1, 1, 1, 1, 1, 1, 1, 1, 1, 1, 1, 1, 0, 1, 1, 1, 1, 1, 1, 1, 1, 1, 1, 1, 1, 0, 1, 1, 1, 1, 1, 1, 1, 1, 1, 1, 1, 1, 0, 1, 1, 1, 1, 1, 1, 1, 1, 1, 1, 1, 1, 0, 1, 1, 1, 1, 1, 1, 1, 1, 1, 1, 1, 1, 0, 1, 1, 1, 1, 1, 1, 1, 1, 1, 1, 1, 1, 0, 1, 1, 1, 1, 1, 1, 1, 1, 1, 1, 1, 1, 0, 1, 1, 1, 1, 1, 1, 1, 1, 1, 1, 1, 1, 0, 1, 1, 1, 1, 1, 1, 1, 1, 1, 1, 1, 1, 0, 1, 1, 1, 1, 1, 1, 1, 1, 1, 1, 1, 1, 0, 1, 1, 1, 1, 1, 1, 1, 1, 1, 1, 1, 1, 0, 1, 1, 1, 1, 1, 1, 1, 1, 1, 1, 1, 1, 0, 1, 1, 1, 1, 1, 1, 1, 1, 1, 1, 1, 1, 0, 1, 1, 1, 1, 1, 1, 1, 1, 1, 1, 1, 1, 0, 1, 1, 1, 1, 1, 1, 1, 1, 1, 1, 1, 1, 0, 1, 1, 1, 1, 1, 1, 1, 1, 1, 1, 1, 1, 0, 1, 1, 1, 1, 1, 1, 1, 1, 1, 1, 1, 1, 0, 1, 1, 1, 1, 1, 1, 1, 1, 1, 1, 1, 1, 0, 1, 1, 1, 1, 1, 1, 1, 1, 1, 1, 1, 1, 0, 1, 1, 1, 1, 1, 1, 1, 1, 1, 1, 1, 1, 0, 1, 1, 1, 1, 1, 1, 1, 1, 1, 1, 1, 1, 0, 1, 1, 1, 1, 1, 1, 1, 1, 1, 1, 1, 1, 0, 1, 1, 1, 1, 1, 1, 1, 1, 1, 1, 1, 1, 0, 1, 1], [1, 1, 1, 1, 1, 1, 1, 1, 1, 1, 0, 1, 1, 1, 1, 1, 1, 1, 1, 1, 1, 1, 1, 0, 1, 1, 1, 1, 1, 1, 1, 1, 1, 1, 1, 1, 0, 1, 1, 1, 1, 1, 1, 1, 1, 1, 1, 1, 1, 0, 1, 1, 1, 1, 1, 1, 1, 1, 1, 1, 1, 1, 0, 1, 1, 1, 1, 1, 1, 1, 1, 1, 1, 1, 1, 0, 1, 1, 1, 1, 1, 1, 1, 1, 1, 1, 1, 1, 0, 1, 1, 1, 1, 1, 1, 1, 1, 1, 1, 1, 1, 0, 1, 1, 1, 1, 1, 1, 1, 1, 1, 1, 1, 1, 0, 1, 1, 1, 1, 1, 1, 1, 1, 1, 1, 1, 1, 0, 1, 1, 1, 1, 1, 1, 1, 1, 1, 1, 1, 1, 0, 1, 1, 1, 1, 1, 1, 1, 1, 1, 1, 1, 1, 0, 1, 1, 1, 1, 1, 1, 1, 1, 1, 1, 1, 1, 0, 1, 1, 1, 1, 1, 1, 1, 1, 1, 1, 1, 1, 0, 1, 1, 1, 1, 1, 1, 1, 1, 1, 1, 1, 1, 0, 1, 1, 1, 1, 1, 1, 1, 1, 1, 1, 1, 1, 0, 1, 1, 1, 1, 1, 1, 1, 1, 1, 1, 1, 1, 0, 1, 1, 1, 1, 1, 1, 1, 1, 1, 1, 1, 1, 0, 1, 1, 1, 1, 1, 1, 1, 1, 1, 1, 1, 1, 0, 1, 1, 1, 1, 1, 1, 1, 1, 1, 1, 1, 1, 0, 1, 1, 1, 1, 1, 1, 1, 1, 1, 1, 1, 1, 0, 1, 1, 1, 1, 1, 1, 1, 1, 1, 1, 1, 1, 0, 1, 1, 1, 1, 1, 1, 1, 1, 1, 1, 1, 1, 0, 1, 1, 1, 1, 1, 1, 1, 1, 1, 1, 1, 1, 0, 1, 1, 1, 1, 1, 1, 1, 1, 1, 1, 1, 1, 0, 1, 1, 1, 1, 1, 1, 1, 1, 1, 1, 1, 1, 0, 1, 1, 1, 1, 1, 1, 1, 1, 1, 1, 1, 1, 0, 1, 1, 1, 1, 1, 1, 1, 1, 1, 1, 1, 1, 0, 1, 1, 1, 1, 1, 1, 1, 1, 1, 1, 1, 1, 0, 1, 1, 1, 1, 1, 1, 1, 1, 1, 1, 1, 1, 0, 1, 1, 1, 1, 1, 1, 1, 1, 1, 1, 1, 1, 0, 1, 1, 1, 1, 1, 1, 1, 1, 1, 1, 1, 1, 0, 1, 1, 1, 1, 1, 1, 1, 1, 1, 1, 1, 1, 0, 1, 1, 1, 1, 1, 1, 1, 1, 1, 1, 1, 1, 0, 1, 1, 1, 1, 1, 1, 1, 1, 1, 1, 1, 1, 0, 1, 1, 1, 1, 1, 1, 1, 1, 1, 1, 1, 1, 0, 1, 1, 1, 1, 1, 1, 1, 1, 1, 1, 1, 1, 0, 1, 1, 1, 1, 1, 1, 1, 1, 1, 1, 1, 1, 0, 1, 1, 1, 1, 1, 1, 1, 1, 1, 1, 1, 1, 0, 1, 1, 1, 1, 1, 1, 1, 1, 1, 1, 1, 1, 0, 1, 1, 1, 1, 1, 1, 1, 1, 1, 1, 1, 1, 0, 1, 1, 1, 1, 1, 1, 1, 1, 1, 1, 1, 1, 0, 1, 1, 1, 1, 1, 1, 1, 1, 1, 1, 1, 1, 0, 1, 1, 1, 1, 1, 1, 1, 1, 1, 1, 1, 1, 0, 1, 1, 1, 1, 1, 1, 1, 1, 1, 1, 1, 1, 0, 1, 1, 1, 1, 1, 1, 1, 1, 1, 1, 1, 1, 0, 1, 1, 1, 1, 1, 1, 1, 1, 1, 1, 1, 1, 0, 1, 1, 1, 1, 1, 1, 1, 1, 1, 1, 1, 1, 0, 1, 1, 1, 1, 1, 1, 1, 1, 1, 1, 1, 1, 0, 1, 1, 1, 1, 1, 1, 1, 1, 1, 1, 1, 1, 0, 1, 1, 1, 1, 1, 1, 1, 1, 1, 1, 1, 1, 0, 1, 1, 1, 1, 1, 1, 1, 1, 1, 1, 1, 1, 0, 1, 1, 1, 1, 1, 1, 1, 1, 1, 1, 1, 1, 0, 1, 1, 1, 1, 1, 1, 1, 1, 1, 1, 1, 1, 0, 1, 1, 1, 1, 1, 1, 1, 1, 1, 1, 1, 1, 0, 1, 1, 1, 1, 1, 1, 1, 1, 1, 1, 1, 1, 0, 1, 1, 1, 1, 1, 1, 1, 1, 1, 1, 1, 1, 0, 1, 1, 1, 1, 1, 1, 1, 1, 1, 1, 1, 1, 0, 1, 1, 1, 1, 1, 1, 1, 1, 1, 1, 1, 1, 0, 1, 1, 1, 1, 1, 1, 1, 1, 1, 1, 1, 1, 0, 1, 1, 1, 1, 1, 1, 1, 1, 1, 1, 1, 1, 0, 1, 1, 1, 1, 1, 1, 1, 1, 1, 1, 1, 1, 0, 1, 1, 1, 1, 1, 1, 1, 1, 1, 1, 1, 1, 0, 1, 1, 1, 1, 1, 1], [0, 1, 1, 1, 1, 1, 1, 1, 1, 1, 1, 0, 1, 1, 1, 1, 1, 1, 1, 1, 1, 1, 1, 1, 0, 1, 1, 1, 1, 1, 1, 1, 1, 1, 1, 1, 1, 0, 1, 1, 1, 1, 1, 1, 1, 1, 1, 1, 1, 1, 0, 1, 1, 1, 1, 1, 1, 1, 1, 1, 1, 1, 1, 0, 1, 1, 1, 1, 1, 1, 1, 1, 1, 1, 1, 1, 0, 1, 1, 1, 1, 1, 1, 1, 1, 1, 1, 1, 1, 0, 1, 1, 1, 1, 1, 1, 1, 1, 1, 1, 1, 1, 0, 1, 1, 1, 1, 1, 1, 1, 1, 1, 1, 1, 1, 0, 1, 1, 1, 1, 1, 1, 1, 1, 1, 1, 1, 1, 0, 1, 1, 1, 1, 1, 1, 1, 1, 1, 1, 1, 1, 0, 1, 1, 1, 1, 1, 1, 1, 1, 1, 1, 1, 1, 0, 1, 1, 1, 1, 1, 1, 1, 1, 1, 1, 1, 1, 0, 1, 1, 1, 1, 1, 1, 1, 1, 1, 1, 1, 1, 0, 1, 1, 1, 1, 1, 1, 1, 1, 1, 1, 1, 1, 0, 1, 1, 1, 1, 1, 1, 1, 1, 1, 1, 1, 1, 0, 1, 1, 1, 1, 1, 1, 1, 1, 1, 1, 1, 1, 0, 1, 1, 1, 1, 1, 1, 1, 1, 1, 1, 1, 1, 0, 1, 1, 1, 1, 1, 1, 1, 1, 1, 1, 1, 1, 0, 1, 1, 1, 1, 1, 1, 1, 1, 1, 1, 1, 1, 0, 1, 1, 1, 1, 1, 1, 1, 1, 1, 1, 1, 1, 0, 1, 1, 1, 1, 1, 1, 1, 1, 1, 1, 1, 1, 0, 1, 1, 1, 1, 1, 1, 1, 1, 1, 1, 1, 1, 0, 1, 1, 1, 1, 1, 1, 1, 1, 1, 1, 1, 1, 0, 1, 1, 1, 1, 1, 1, 1, 1, 1, 1, 1, 1, 0, 1, 1, 1, 1, 1, 1, 1, 1, 1, 1, 1, 1, 0, 1, 1, 1, 1, 1, 1, 1, 1, 1, 1, 1, 1, 0, 1, 1, 1, 1, 1, 1, 1, 1, 1, 1, 1, 1, 0, 1, 1, 1, 1, 1, 1, 1, 1, 1, 1, 1, 1, 0, 1, 1, 1, 1, 1, 1, 1, 1, 1, 1, 1, 1, 0, 1, 1, 1, 1, 1, 1, 1, 1, 1, 1, 1, 1, 0, 1, 1, 1, 1, 1, 1, 1, 1, 1, 1, 1, 1, 0, 1, 1, 1, 1, 1, 1, 1, 1, 1, 1, 1, 1, 0, 1, 1, 1, 1, 1, 1, 1, 1, 1, 1, 1, 1, 0, 1, 1, 1, 1, 1, 1, 1, 1, 1, 1, 1, 1, 0, 1, 1, 1, 1, 1, 1, 1, 1, 1, 1, 1, 1, 0, 1, 1, 1, 1, 1, 1, 1, 1, 1, 1, 1, 1, 0, 1, 1, 1, 1, 1, 1, 1, 1, 1, 1, 1, 1, 0, 1, 1, 1, 1, 1, 1, 1, 1, 1, 1, 1, 1, 0, 1, 1, 1, 1, 1, 1, 1, 1, 1, 1, 1, 1, 0, 1, 1, 1, 1, 1, 1, 1, 1, 1, 1, 1, 1, 0, 1, 1, 1, 1, 1, 1, 1, 1, 1, 1, 1, 1, 0, 1, 1, 1, 1, 1, 1, 1, 1, 1, 1, 1, 1, 0, 1, 1, 1, 1, 1, 1, 1, 1, 1, 1, 1, 1, 0, 1, 1, 1, 1, 1, 1, 1, 1, 1, 1, 1, 1, 0, 1, 1, 1, 1, 1, 1, 1, 1, 1, 1, 1, 1, 0, 1, 1, 1, 1, 1, 1, 1, 1, 1, 1, 1, 1, 0, 1, 1, 1, 1, 1, 1, 1, 1, 1, 1, 1, 1, 0, 1, 1, 1, 1, 1, 1, 1, 1, 1, 1, 1, 1, 0, 1, 1, 1, 1, 1, 1, 1, 1, 1, 1, 1, 1, 0, 1, 1, 1, 1, 1, 1, 1, 1, 1, 1, 1, 1, 0, 1, 1, 1, 1, 1, 1, 1, 1, 1, 1, 1, 1, 0, 1, 1, 1, 1, 1, 1, 1, 1, 1, 1, 1, 1, 0, 1, 1, 1, 1, 1, 1, 1, 1, 1, 1, 1, 1, 0, 1, 1, 1, 1, 1, 1, 1, 1, 1, 1, 1, 1, 0, 1, 1, 1, 1, 1, 1, 1, 1, 1, 1, 1, 1, 0, 1, 1, 1, 1, 1, 1, 1, 1, 1, 1, 1, 1, 0, 1, 1, 1, 1, 1, 1, 1, 1, 1, 1, 1, 1, 0, 1, 1, 1, 1, 1, 1, 1, 1, 1, 1, 1, 1, 0, 1, 1, 1, 1, 1, 1, 1, 1, 1, 1, 1, 1, 0, 1, 1, 1, 1, 1, 1, 1, 1, 1, 1, 1, 1, 0, 1, 1, 1, 1, 1, 1, 1, 1, 1, 1, 1, 1, 0, 1, 1, 1, 1, 1, 1, 1, 1, 1, 1, 1, 1, 0, 1, 1, 1, 1, 1, 1], [0, 1, 1, 1, 1, 1, 0, 1, 1, 1, 1, 1, 1, 1, 1, 1, 1, 1, 1, 0, 1, 1, 1, 1, 1, 1, 1, 1, 1, 1, 1, 1, 0, 1, 1, 1, 1, 1, 1, 1, 1, 1, 1, 1, 1, 0, 1, 1, 1, 1, 1, 1, 1, 1, 1, 1, 1, 1, 0, 1, 1, 1, 1, 1, 1, 1, 1, 1, 1, 1, 1, 0, 1, 1, 1, 1, 1, 1, 1, 1, 1, 1, 1, 1, 0, 1, 1, 1, 1, 1, 1, 1, 1, 1, 1, 1, 1, 0, 1, 1, 1, 1, 1, 1, 1, 0, 1, 1, 1, 1, 0, 1, 1, 1, 1, 1, 1, 1, 0, 1, 1, 1, 1, 0, 1, 1, 1, 1, 1, 1, 1, 0, 1, 1, 1, 1, 0, 1, 1, 1, 1, 1, 1, 1, 0, 1, 1, 1, 1, 0, 1, 1, 1, 1, 1, 1, 1, 0, 1, 1, 1, 1, 0, 1, 1, 1, 1, 1, 1, 1, 0, 1, 1, 1, 1, 0, 1, 1, 1, 1, 1, 1, 1, 0, 1, 1, 1, 1, 0, 1, 1, 1, 1, 1, 1, 1, 0, 1, 1, 1, 1, 0, 1, 1, 1, 1, 1, 1, 1, 0, 1, 1, 1, 1, 0, 0, 0, 1, 1, 1, 1, 1, 0, 1, 1, 1, 1, 0, 0, 0, 1, 1, 1, 1, 1, 0, 1, 1, 1, 1, 0, 0, 0, 1, 1, 1, 1, 1, 0, 1, 1, 1, 1, 0, 0, 0, 1, 1, 1, 1, 1, 0, 1, 1, 1, 1, 0, 0, 0, 1, 1, 1, 1, 1, 0, 1, 1, 1, 1, 0, 0, 0, 1, 1, 1, 1, 1, 0, 1, 1, 1, 1, 0, 0, 0, 1, 1, 1, 1, 1, 0, 1, 1, 1, 1, 0, 0, 0, 1, 1, 1, 1, 1, 0, 1, 1, 1, 1, 0, 0, 0, 1, 1, 1, 1, 1, 0, 1, 1, 1, 1, 0, 0, 0, 1, 1, 1, 1, 1, 0, 1, 1, 1, 1, 0, 0, 0, 1, 1, 1, 1, 1, 0, 1, 1, 1, 1, 0, 0, 0, 1, 1, 1, 1, 1, 0, 1, 1, 1, 1, 0, 0, 0, 1, 1, 1, 1, 1, 0, 1, 1, 1, 1, 0, 0, 0, 1, 1, 1, 1, 1, 0, 1, 1, 1, 1, 0, 0, 0, 1, 1, 1, 1, 1, 0, 1, 1, 1, 1, 0, 0, 0, 1, 1, 1, 1, 1, 0, 1, 1, 1, 1, 0, 0, 0, 1, 1, 1, 1, 1, 0, 1, 1, 1, 1, 0, 0, 0, 1, 1, 1, 1, 1, 0, 1, 1, 1, 1, 0, 0, 0, 1, 1, 1, 1, 1, 0, 1, 1, 1, 1, 0, 0, 0, 1, 1, 1, 1, 1, 0, 1, 1, 1, 1, 0, 0, 0, 1, 1, 1, 1, 1, 0, 1, 1, 1, 1, 0, 0, 0, 1, 1, 1, 1, 1, 0, 1, 1, 1, 1, 0, 0, 0, 1, 1, 1, 1, 1, 0, 1, 1, 1, 1, 0, 0, 0, 1, 1, 1, 1, 1, 0, 1, 1, 1, 1, 0, 0, 0, 1, 1, 1, 1, 1, 0, 1, 1, 1, 1, 0, 0, 0, 1, 1, 1, 1, 1, 0, 1, 1, 1, 1, 0, 0, 0, 1, 1, 1, 1, 1, 0, 1, 1, 1, 1, 0, 0, 0, 1, 1, 1, 1, 1, 0, 1, 1, 1, 1, 0, 0, 0, 1, 1, 1, 1, 1, 0, 1, 1, 1, 1, 0, 0, 0, 1, 1, 1, 1, 1, 0, 1, 1, 1, 1, 0, 0, 0, 1, 1, 1, 1, 1, 0, 1, 1, 1, 1, 0, 0, 0, 1, 1, 1, 1, 1, 0, 1, 1, 1, 1, 0, 0, 0, 1, 1, 1, 1, 1, 0, 1, 1, 1, 1, 0, 0, 0, 1, 1, 1, 1, 1, 0, 1, 1, 1, 1, 0, 0, 0, 1, 1, 1, 1, 1, 0, 1, 1, 1, 1, 0, 0, 0, 1, 1, 1, 1, 1, 0, 1, 1, 1, 1, 0, 0, 0, 1, 1, 1, 1, 1, 0, 1, 1, 1, 1, 0, 0, 0, 1, 1, 1, 1, 1, 0, 1, 1, 1, 1, 0, 0, 0, 1, 1, 1, 1, 1, 0, 1, 1, 1, 1, 0, 0, 0, 1, 1, 1, 1, 1, 0, 1, 1, 1, 1, 0, 0, 0, 1, 1, 1, 1, 1, 0, 1, 1, 1, 1, 0, 0, 0, 1, 1, 1, 1, 1, 0, 1, 1, 1, 1, 0, 0, 0, 1, 1, 1, 1, 1, 0, 1, 1, 1, 1, 0, 0, 0, 1, 1, 1, 1, 1, 0, 1, 1, 1, 1, 0, 0, 0, 1, 1, 1, 1, 1, 0, 1, 1, 1, 1, 0, 0, 0, 1, 1, 1, 1, 1, 0, 1, 1, 1, 1, 0, 0, 0, 1, 1, 1, 1, 1, 0, 1, 1, 1, 1, 0, 0, 0, 1, 1, 1], [1, 1, 0, 1, 1, 1, 1, 0, 0, 0, 1, 1, 1, 1, 1, 0, 0, 0, 1, 1, 0, 0, 0, 1, 1, 1, 1, 1, 0, 0, 0, 1, 1, 0, 0, 0, 1, 1, 1, 1, 1, 0, 0, 0, 1, 1, 0, 0, 0, 1, 1, 1, 1, 1, 0, 0, 0, 1, 1, 0, 0, 0, 1, 1, 1, 1, 1, 0, 0, 0, 1, 1, 0, 0, 0, 1, 1, 1, 1, 1, 0, 0, 0, 1, 1, 0, 0, 0, 1, 1, 1, 1, 1, 0, 0, 0, 1, 1, 0, 0, 0, 1, 1, 1, 1, 1, 0, 0, 0, 1, 1, 0, 0, 0, 1, 1, 1, 1, 1, 0, 0, 0, 1, 1, 0, 0, 0, 1, 1, 1, 1, 1, 0, 0, 0, 1, 1, 0, 0, 0, 1, 1, 1, 1, 1, 0, 0, 0, 1, 1, 0, 0, 0, 1, 1, 1, 1, 1, 0, 0, 0, 1, 1, 0, 0, 0, 1, 1, 1, 1, 1, 0, 0, 0, 1, 1, 0, 0, 0, 1, 1, 1, 1, 1, 0, 0, 0, 1, 1, 0, 0, 0, 1, 1, 1, 1, 1, 0, 0, 0, 1, 1, 0, 0, 0, 1, 1, 1, 1, 1, 0, 0, 0, 1, 1, 0, 0, 0, 1, 1, 1, 1, 1, 0, 0, 0, 1, 1, 0, 0, 0, 1, 1, 1, 1, 1, 0, 0, 0, 1, 1, 0, 0, 0, 1, 1, 1, 1, 1, 0, 0, 0, 1, 1, 0, 0, 0, 1, 1, 1, 1, 1, 0, 0, 0, 1, 1, 0, 0, 0, 1, 1, 1, 1, 1, 0, 0, 0, 1, 1, 0, 0, 0, 1, 1, 1, 1, 1, 0, 0, 0, 1, 1, 0, 0, 0, 1, 1, 1, 1, 1, 0, 0, 0, 1, 1, 0, 0, 0, 1, 1, 1, 1, 1, 0, 0, 0, 1, 1, 0, 0, 0, 1, 1, 1, 1, 1, 0, 0, 0, 1, 1, 0, 0, 0, 1, 1, 1, 1, 1, 0, 0, 0, 1, 1, 0, 0, 0, 1, 1, 1, 1, 1, 0, 0, 0, 1, 1, 0, 0, 0, 1, 1, 1, 1, 1, 0, 0, 0, 1, 1, 0, 0, 0, 1, 1, 1, 1, 1, 0, 0, 0, 1, 1, 0, 0, 0, 1, 1, 1, 1, 1, 0, 0, 0, 1, 1, 0, 0, 0, 1, 1, 1, 1, 1, 0, 0, 0, 1, 1, 0, 0, 0, 1, 1, 1, 1, 1, 0, 0, 0, 1, 1, 0, 0, 0, 1, 1, 1, 1, 1, 0, 0, 0, 1, 1, 0, 0, 0, 1, 1, 1, 1, 1, 0, 0, 0, 1, 1, 0, 0, 0, 1, 1, 1, 1, 1, 0, 0, 0, 1, 1, 0, 0, 0, 1, 1, 1, 1, 1, 0, 0, 0, 1, 1, 0, 0, 0, 1, 1, 1, 1, 1, 0, 0, 0, 1, 1, 0, 0, 0, 1, 1, 1, 1, 1, 0, 0, 0, 1, 1, 0, 0, 0, 1, 1, 1, 1, 1, 0, 0, 0, 1, 1, 0, 0, 0, 1, 1, 1, 1, 1, 0, 0, 0, 1, 1, 0, 0, 0, 1, 1, 1, 1, 1, 0, 0, 0, 1, 1, 0, 0, 0, 1, 1, 1, 1, 1, 0, 0, 0, 1, 1, 0, 0, 0, 1, 1, 1, 1, 1, 0, 0, 0, 1, 1, 0, 0, 0, 1, 1, 1, 1, 1, 0, 0, 0, 1, 1, 0, 0, 0, 1, 1, 1, 1, 1, 0, 0, 0, 1, 1, 0, 0, 0, 1, 1, 1, 1, 1, 0, 0, 0, 1, 1, 0, 0, 0, 1, 1, 1, 1, 1, 0, 0, 0, 1, 1, 0, 0, 0, 1, 1, 1, 1, 1, 0, 0, 0, 1, 1, 0, 0, 0, 1, 1, 1, 1, 1, 0, 0, 0, 1, 1, 0, 0, 0, 1, 1, 1, 1, 1, 0, 0, 0, 1, 1, 0, 0, 0, 1, 1, 1, 1, 1, 0, 0, 0, 1, 1, 0, 0, 0, 1, 1, 1, 1, 1, 0, 0, 0, 1, 1, 0, 0, 0, 1, 1, 1, 1, 1, 0, 0, 0, 1, 1, 0, 0, 0, 1, 1, 1, 1, 1, 0, 0, 0, 1, 1, 0, 0, 0, 1, 1, 1, 1, 1, 0, 0, 0, 1, 1, 0, 0, 0, 1, 1, 1, 1, 1, 0, 0, 0, 1, 1, 0, 0, 0, 0, 1, 1, 1, 1, 0, 0, 0, 1, 1, 0, 0, 0, 0, 1, 1, 1, 1, 0, 0, 0, 1, 1, 0, 0, 0, 0, 1, 1, 1, 1, 0, 0, 0, 1, 1, 0, 0, 0, 0, 1, 1, 1, 1, 0, 0, 0, 1, 1, 0, 0, 0, 0, 1, 1, 1, 1, 0, 0, 0, 1, 1, 0, 0, 0, 0, 1, 1, 1, 1, 0, 0, 0, 1, 1, 0, 0, 0, 0, 1, 1, 1, 1, 0, 0, 0, 1, 1, 0, 0, 0, 0, 1, 1], [1, 1, 0, 0, 0, 1, 1, 0, 0, 0, 0, 1, 1, 1, 1, 0, 0, 0, 1, 1, 0, 0, 0, 0, 1, 1, 1, 1, 0, 0, 0, 1, 1, 0, 0, 0, 0, 1, 1, 1, 1, 0, 0, 0, 1, 1, 0, 0, 0, 0, 1, 1, 1, 1, 0, 0, 0, 1, 1, 0, 0, 0, 0, 1, 1, 1, 1, 0, 0, 0, 1, 1, 0, 0, 0, 0, 1, 1, 1, 1, 0, 0, 0, 1, 1, 0, 0, 0, 0, 1, 1, 1, 1, 0, 0, 0, 1, 1, 0, 0, 0, 0, 1, 1, 1, 1, 0, 0, 0, 1, 1, 0, 0, 0, 0, 1, 1, 1, 1, 0, 0, 0, 1, 1, 0, 0, 0, 0, 1, 1, 1, 1, 0, 0, 0, 1, 1, 0, 0, 0, 0, 1, 1, 1, 1, 0, 0, 0, 1, 1, 0, 0, 0, 0, 1, 1, 1, 1, 0, 0, 0, 1, 1, 0, 0, 0, 0, 1, 1, 1, 1, 0, 0, 0, 1, 1, 0, 0, 0, 0, 1, 1, 1, 1, 0, 0, 0, 1, 1, 0, 0, 0, 0, 1, 1, 1, 1, 0, 0, 0, 1, 1, 0, 0, 0, 0, 1, 1, 1, 1, 0, 0, 0, 1, 1, 0, 0, 0, 0, 1, 1, 1, 1, 0, 0, 0, 1, 1, 0, 0, 0, 0, 1, 1, 1, 1, 0, 0, 0, 1, 1, 0, 0, 0, 0, 1, 1, 1, 1, 0, 0, 0, 1, 1, 0, 0, 0, 0, 1, 1, 1, 1, 0, 0, 0, 1, 1, 0, 0, 0, 0, 1, 1, 1, 1, 0, 0, 0, 0, 0, 0, 0, 0, 0, 1, 1, 1, 1, 0, 0, 0, 0, 0, 0, 0, 0, 0, 1, 1, 1, 1, 0, 0, 0, 0, 0, 0, 0, 0, 0, 1, 1, 1, 1, 0, 0, 0, 0, 0, 0, 0, 0, 0, 1, 1, 1, 1, 0, 0, 0, 0, 0, 0, 0, 0, 0, 1, 1, 1, 1, 0, 0, 0, 0, 0, 0, 0, 0, 0, 1, 1, 1, 1, 0, 0, 0, 0, 0, 0, 0, 0, 0, 1, 1, 1, 1, 0, 0, 0, 0, 0, 0, 0, 0, 0, 1, 1, 1, 1, 0, 0, 0, 0, 0, 0, 0, 0, 0, 1, 1, 1, 1, 0, 0, 0, 0, 0, 0, 0, 0, 0, 1, 1, 1, 1, 0, 0, 0, 0, 0, 0, 0, 0, 0, 1, 1, 1, 1, 0, 0, 0, 0, 0, 0, 0, 0, 0, 1, 1, 1, 1, 0, 0, 0, 0, 0, 0, 0, 0, 0, 1, 1, 1, 1, 0, 0, 0, 0, 0, 0, 0, 0, 0, 1, 1, 1, 1, 0, 0, 0, 0, 0, 0, 0, 0, 0, 1, 1, 1, 1, 0, 0, 0, 0, 0, 0, 0, 0, 0, 1, 1, 1, 1, 0, 0, 0, 0, 0, 0, 0, 0, 0, 1, 1, 1, 1, 0, 0, 0, 0, 0, 0, 0, 0, 0, 1, 1, 1, 1, 0, 0, 0, 0, 0, 0, 0, 0, 0, 1, 1, 1, 1, 0, 0, 0, 0, 0, 0, 0, 0, 0, 1, 1, 1, 1, 0, 0, 0, 0, 0, 0, 0, 0, 0, 1, 1, 1, 1, 0, 0, 0, 0, 0, 0, 0, 0, 0, 1, 1, 1, 1, 0, 0, 0, 0, 0, 0, 0, 0, 0, 1, 1, 1, 1, 0, 0, 0, 0, 0, 0, 0, 0, 0, 1, 1, 1, 1, 0, 0, 0, 0, 0, 0, 0, 0, 0, 1, 1, 1, 1, 0, 0, 0, 0, 0, 0, 0, 0, 0, 1, 1, 1, 1, 0, 0, 0, 0, 0, 0, 0, 0, 0, 1, 1, 1, 1, 0, 0, 0, 0, 0, 0, 0, 0, 0, 1, 1, 1, 1, 0, 0, 0, 0, 0, 0, 0, 0, 0, 1, 1, 1, 1, 0, 0, 0, 0, 0, 0, 0, 0, 0, 1, 1, 1, 1, 0, 0, 0, 0, 0, 0, 0, 0, 0, 1, 1, 1, 1, 0, 0, 0, 0, 0, 0, 0, 0, 0, 1, 1, 1, 1, 0, 0, 0, 0, 0, 0, 0, 0, 0, 1, 1, 1, 1, 0, 0, 0, 0, 0, 0, 0, 0, 0, 1, 1, 1, 1, 0, 0, 0, 0, 0, 0, 0, 0, 0, 1, 1, 1, 1, 0, 0, 0, 0, 0, 0, 0, 0, 0, 1, 1, 1, 1, 0, 0, 0, 0, 0, 0, 0, 0, 0, 1, 1, 1, 1, 0, 0, 0, 0, 0, 0, 0, 0, 0, 1, 1, 1, 1, 0, 0, 0, 0, 0, 0, 0, 0, 0, 1, 1, 1, 1, 0, 0, 0, 0, 0, 0, 0, 0, 0, 1, 1, 1, 1, 0, 0, 0, 0, 0, 0, 0, 0, 0, 1, 1, 1, 1, 0, 0, 0, 0, 0, 0, 0, 0, 0, 1, 1, 1, 1, 0, 0, 0, 0, 0, 0, 0, 0, 0, 1, 1, 1, 1, 0, 0, 0, 0, 0, 0, 0, 0, 0, 1, 1, 1, 1, 0, 0, 0, 0, 0, 0, 0, 0, 0, 1], [1, 1, 1, 0, 0, 0, 1, 1, 0, 0, 0, 0, 1, 1, 1, 1, 0, 0, 0, 1, 1, 0, 0, 0, 0, 1, 1, 1, 1, 0, 0, 0, 1, 1, 0, 0, 0, 0, 1, 1, 1, 1, 0, 0, 0, 1, 1, 0, 0, 0, 0, 1, 1, 1, 1, 0, 0, 0, 1, 1, 0, 0, 0, 0, 1, 1, 1, 1, 0, 0, 0, 1, 1, 0, 0, 0, 0, 1, 1, 1, 1, 0, 0, 0, 1, 1, 0, 0, 0, 0, 1, 1, 1, 1, 0, 0, 0, 0, 0, 0, 0, 0, 0, 1, 1, 1, 1, 0, 0, 0, 0, 0, 0, 0, 0, 0, 1, 1, 1, 1, 0, 0, 0, 0, 0, 0, 0, 0, 0, 1, 1, 1, 1, 0, 0, 0, 0, 0, 0, 0, 0, 0, 1, 1, 1, 1, 0, 0, 0, 0, 0, 0, 0, 0, 0, 1, 1, 1, 1, 0, 0, 0, 0, 0, 0, 0, 0, 0, 1, 1, 1, 1, 0, 0, 0, 0, 0, 0, 0, 0, 0, 1, 1, 1, 1, 0, 0, 0, 0, 0, 0, 0, 0, 0, 1, 1, 1, 1, 0, 0, 0, 0, 0, 0, 0, 0, 0, 1, 1, 1, 1, 0, 0, 0, 0, 0, 0, 0, 0, 0, 1, 1, 1, 1, 0, 0, 0, 0, 0, 0, 0, 0, 0, 1, 1, 1, 1, 0, 0, 0, 0, 0, 0, 0, 0, 0, 1, 1, 1, 1, 0, 0, 0, 0, 0, 0, 0, 0, 0, 1, 1, 1, 1, 0, 0, 0, 0, 0, 0, 0, 0, 0, 1, 1, 1, 1, 0, 0, 0, 0, 0, 0, 0, 0, 0, 1, 1, 1, 1, 0, 0, 0, 0, 0, 0, 0, 0, 0, 1, 1, 1, 1, 0, 0, 0, 0, 0, 0, 0, 0, 0, 1, 1, 1, 1, 0, 0, 0, 0, 0, 0, 0, 0, 0, 1, 1, 1, 1, 0, 0, 0, 0, 0, 0, 0, 0, 0, 1, 1, 1, 1, 0, 0, 0, 0, 0, 0, 0, 0, 0, 1, 1, 1, 1, 0, 0, 0, 0, 0, 0, 0, 0, 0, 1, 1, 1, 1, 0, 0, 0, 0, 0, 0, 0, 0, 0, 1, 1, 1, 1, 0, 0, 0, 0, 0, 0, 0, 0, 0, 1, 1, 1, 1, 0, 0, 0, 0, 0, 0, 0, 0, 0, 1, 1, 1, 1, 0, 0, 0, 0, 0, 0, 0, 0, 0, 1, 1, 1, 1, 0, 0, 0, 0, 0, 0, 0, 0, 0, 1, 1, 1, 1, 0, 0, 0, 0, 0, 0, 0, 0, 0, 1, 1, 1, 1, 0, 0, 0, 0, 0, 0, 0, 0, 0, 0, 0, 1, 1, 0, 0, 0, 0, 0, 0, 0, 0, 0, 0, 0, 1, 1, 0, 0, 0, 0, 0, 0, 0, 0, 0, 0, 0, 1, 1, 0, 0, 0, 0, 0, 0, 0, 0, 0, 0, 0, 1, 1, 0, 0, 0, 0, 0, 0, 0, 0, 0, 0, 0, 1, 1, 0, 0, 0, 0, 0, 0, 0, 0, 0, 0, 0, 1, 1, 0, 0, 0, 0, 0, 0, 0, 0, 0, 0, 0, 1, 1, 0, 0, 0, 0, 0, 0, 0, 0, 0, 0, 0, 1, 1, 0, 0, 0, 0, 0, 0, 0, 0, 0, 0, 0, 1, 1, 0, 0, 0, 0, 0, 0, 0, 0, 0, 0, 0, 1, 1, 0, 0, 0, 0, 0, 0, 0, 0, 0, 0, 0, 1, 1, 0, 0, 0, 0, 0, 0, 0, 0, 0, 0, 0, 1, 1, 0, 0, 0, 0, 0, 0, 0, 0, 0, 0, 0, 1, 1, 0, 0, 0, 0, 0, 0, 0, 0, 0, 0, 0, 1, 1, 0, 0, 0, 0, 0, 0, 0, 0, 0, 0, 0, 1, 1, 0, 0, 0, 0, 0, 0, 0, 0, 0, 0, 0, 1, 1, 0, 0, 0, 0, 0, 0, 0, 0, 0, 0, 0, 1, 1, 0, 0, 0, 0, 0, 0, 0, 0, 0, 0, 0, 1, 1, 0, 0, 0, 0, 0, 0, 0, 0, 0, 0, 0, 1, 1, 0, 0, 0, 0, 0, 0, 0, 0, 0, 0, 0, 1, 1, 0, 0, 0, 0, 0, 0, 0, 0, 0, 0, 0, 1, 1, 0, 0, 0, 0, 0, 0, 0, 0, 0, 0, 0, 1, 1, 0, 0, 0, 0, 0, 0, 0, 0, 0, 0, 0, 1, 1, 0, 0, 0, 0, 0, 0, 0, 0, 0, 0, 0, 1, 1, 0, 0, 0, 0, 0, 0, 0, 0, 0, 0, 0, 1, 1, 0, 0, 0, 0, 0, 0, 0, 0, 0, 0, 0, 1, 1, 0, 0, 0, 0, 0, 0, 0, 0, 0, 0, 0, 1, 1, 0, 0, 0, 0, 0, 0, 0, 0, 0, 0, 0, 1, 1, 0, 0, 0, 0, 0, 0, 0, 0, 0, 0, 0, 1, 1, 0, 0, 0, 0, 0, 0, 0, 0, 0, 0, 0, 1, 1, 0, 0, 0, 0, 0, 0, 0, 0, 0, 0, 0, 1, 1, 0, 0, 0, 0, 0, 0, 0, 0, 0]]
  reset_attention_mask ............................ False
  reset_position_ids .............................. False
  resharding_stages ............................... [False, False, False, False, False, False, False, False]
  retriever_report_topk_accuracies ................ []
  retriever_score_scaling ......................... False
  retriever_seq_length ............................ 256
  sample_rate ..................................... 1.0
  save ............................................ None
  save_interval ................................... None
  scatter_gather_tensors_in_pipeline .............. True
  seed ............................................ 1234
  seq_length ...................................... 2048
  sgd_momentum .................................... 0.9
  short_seq_prob .................................. 0.1
  split ........................................... 949,50,1
  tensor_model_parallel_size ...................... 1
  tensorboard_dir ................................. None
  tensorboard_log_interval ........................ 1
  tensorboard_queue_size .......................... 1000
  titles_data_path ................................ None
  tokenizer_type .................................. GPT2BPETokenizer
  train_iters ..................................... 3
  train_samples ................................... None
  use_checkpoint_lr_scheduler ..................... False
  use_contiguous_buffers_in_ddp ................... False
  use_cpu_initialization .......................... None
  use_one_sent_docs ............................... False
  virtual_pipeline_model_parallel_size ............ 1
  vocab_extra_ids ................................. 0
  vocab_file ...................................... vocabs/gpt2-vocab.json
  warmup .......................................... None
  weight_decay .................................... 0.01
  world_size ...................................... 8
-------------------- end of arguments ---------------------
setting number of micro-batches to constant 128
> building GPT2BPETokenizer tokenizer ...
 > padded vocab (size: 50257) with 47 dummy tokens (new size: 50304)
> initializing torch distributed ...
[W socket.cpp:558] [c10d] The client socket cannot be initialized to connect to [localhost]:7000 (errno: 97 - Address family not supported by protocol).
[W socket.cpp:558] [c10d] The client socket cannot be initialized to connect to [localhost]:7000 (errno: 97 - Address family not supported by protocol).
[W socket.cpp:558] [c10d] The client socket cannot be initialized to connect to [localhost]:7000 (errno: 97 - Address family not supported by protocol).
[W socket.cpp:558] [c10d] The client socket cannot be initialized to connect to [localhost]:7000 (errno: 97 - Address family not supported by protocol).
[W socket.cpp:558] [c10d] The client socket cannot be initialized to connect to [localhost]:7000 (errno: 97 - Address family not supported by protocol).
[W socket.cpp:558] [c10d] The client socket cannot be initialized to connect to [localhost]:7000 (errno: 97 - Address family not supported by protocol).
[W socket.cpp:558] [c10d] The client socket cannot be initialized to connect to [::ffff:127.0.0.1]:7000 (errno: 97 - Address family not supported by protocol).
[W socket.cpp:558] [c10d] The client socket cannot be initialized to connect to [localhost]:7000 (errno: 97 - Address family not supported by protocol).
[W socket.cpp:558] [c10d] The client socket cannot be initialized to connect to [localhost]:7000 (errno: 97 - Address family not supported by protocol).
[W socket.cpp:558] [c10d] The client socket cannot be initialized to connect to [localhost]:7000 (errno: 97 - Address family not supported by protocol).
[W socket.cpp:558] [c10d] The client socket cannot be initialized to connect to [localhost]:7000 (errno: 97 - Address family not supported by protocol).
[W socket.cpp:558] [c10d] The client socket cannot be initialized to connect to [localhost]:7000 (errno: 97 - Address family not supported by protocol).
[W socket.cpp:558] [c10d] The client socket cannot be initialized to connect to [localhost]:7000 (errno: 97 - Address family not supported by protocol).
[W socket.cpp:558] [c10d] The client socket cannot be initialized to connect to [localhost]:7000 (errno: 97 - Address family not supported by protocol).
[W socket.cpp:558] [c10d] The client socket cannot be initialized to connect to [localhost]:7000 (errno: 97 - Address family not supported by protocol).
[W socket.cpp:558] [c10d] The client socket cannot be initialized to connect to [localhost]:7000 (errno: 97 - Address family not supported by protocol).
> initializing FlexPipe...
[DEBUG]|rank 0|     pipeline_rank= 0 |     tp_size= 1 |     tp_rank=0 |     tp_src_rank=0 |     dp_size= 1 |     parent ranks=[7] |     child ranks = [1] |     args.micro_batch_size = 8

> setting random seeds to 1234 ...
[DEBUG]|rank 1|     pipeline_rank= 1 |     tp_size= 1 |     tp_rank=0 |     tp_src_rank=1 |     dp_size= 1 |     parent ranks=[0] |     child ranks = [2] |     args.micro_batch_size = 8

> initializing model parallel cuda seeds on global rank 0, model parallel rank 0, and data parallel rank 0 with model parallel seed: 3952 and data parallel seed: 1234
> compiling dataset index builder ...
[DEBUG]|rank 4|     pipeline_rank= 4 |     tp_size= 1 |     tp_rank=0 |     tp_src_rank=4 |     dp_size= 1 |     parent ranks=[3] |     child ranks = [5] |     args.micro_batch_size = 8

[DEBUG]|rank 6|     pipeline_rank= 6 |     tp_size= 1 |     tp_rank=0 |     tp_src_rank=6 |     dp_size= 1 |     parent ranks=[5] |     child ranks = [7] |     args.micro_batch_size = 8

[DEBUG]|rank 5|     pipeline_rank= 5 |     tp_size= 1 |     tp_rank=0 |     tp_src_rank=5 |     dp_size= 1 |     parent ranks=[4] |     child ranks = [6] |     args.micro_batch_size = 8

[DEBUG]|rank 3|     pipeline_rank= 3 |     tp_size= 1 |     tp_rank=0 |     tp_src_rank=3 |     dp_size= 1 |     parent ranks=[2] |     child ranks = [4] |     args.micro_batch_size = 8

make: Entering directory '/home/liminglong.lml/sxz/SuperScaler/runtime/megatron/data'
[DEBUG]|rank 2|     pipeline_rank= 2 |     tp_size= 1 |     tp_rank=0 |     tp_src_rank=2 |     dp_size= 1 |     parent ranks=[1] |     child ranks = [3] |     args.micro_batch_size = 8

[DEBUG]|rank 7|     pipeline_rank= 7 |     tp_size= 1 |     tp_rank=0 |     tp_src_rank=7 |     dp_size= 1 |     parent ranks=[6] |     child ranks = [0] |     args.micro_batch_size = 8

make: Nothing to be done for 'default'.
make: Leaving directory '/home/liminglong.lml/sxz/SuperScaler/runtime/megatron/data'
>>> done with dataset index builder. Compilation time: 0.057 seconds
> compiling and loading fused kernels ...
Detected CUDA files, patching ldflags
Emitting ninja build file /home/liminglong.lml/sxz/SuperScaler/runtime/megatron/fused_kernels/build/build.ninja...
Building extension module scaled_upper_triang_masked_softmax_cuda...
Allowing ninja to set a default number of workers... (overridable by setting the environment variable MAX_JOBS=N)
ninja: no work to do.
Loading extension module scaled_upper_triang_masked_softmax_cuda...
Detected CUDA files, patching ldflags
Emitting ninja build file /home/liminglong.lml/sxz/SuperScaler/runtime/megatron/fused_kernels/build/build.ninja...
Building extension module scaled_masked_softmax_cuda...
Allowing ninja to set a default number of workers... (overridable by setting the environment variable MAX_JOBS=N)
ninja: no work to do.
Loading extension module scaled_masked_softmax_cuda...
Detected CUDA files, patching ldflags
Emitting ninja build file /home/liminglong.lml/sxz/SuperScaler/runtime/megatron/fused_kernels/build/build.ninja...
Building extension module scaled_softmax_cuda...
Allowing ninja to set a default number of workers... (overridable by setting the environment variable MAX_JOBS=N)
ninja: no work to do.
Loading extension module scaled_softmax_cuda...
Detected CUDA files, patching ldflags
Emitting ninja build file /home/liminglong.lml/sxz/SuperScaler/runtime/megatron/fused_kernels/build/build.ninja...
Building extension module fused_mix_prec_layer_norm_cuda...
Allowing ninja to set a default number of workers... (overridable by setting the environment variable MAX_JOBS=N)
ninja: no work to do.
Loading extension module fused_mix_prec_layer_norm_cuda...
>>> done with compiling and loading fused kernels. Compilation time: 8.579 seconds
[TIME] time to initialize megatron (seconds): 9.044
building GPT model ...
[rank 3 all ops] "enc-1st-layernorm","enc-attention-qkv","enc-attention-score","enc-attention-softmax","enc-attention-dropout","enc-attention-context","enc-attention-dense","enc-post-attention-dropout","enc-2nd-layernorm","enc-MLP-GEMM-1","enc-MLP-gelu","enc-MLP-GEMM-2","enc-post-MLP-dropout","enc-1st-layernorm","enc-attention-qkv","enc-attention-score","enc-attention-softmax","enc-attention-dropout","enc-attention-context","enc-attention-dense","enc-post-attention-dropout","enc-2nd-layernorm","enc-MLP-GEMM-1","enc-MLP-gelu","enc-MLP-GEMM-2","enc-post-MLP-dropout","enc-1st-layernorm","enc-attention-qkv","enc-attention-score","enc-attention-softmax","enc-attention-dropout","enc-attention-context","enc-attention-dense","enc-post-attention-dropout","enc-2nd-layernorm","enc-MLP-GEMM-1","enc-MLP-gelu","enc-MLP-GEMM-2","enc-post-MLP-dropout","enc-1st-layernorm","enc-attention-qkv","enc-attention-score","enc-attention-softmax","enc-attention-dropout","enc-attention-context","enc-attention-dense","enc-post-attention-dropout","enc-2nd-layernorm","enc-MLP-GEMM-1","enc-MLP-gelu","enc-MLP-GEMM-2","enc-post-MLP-dropout","enc-1st-layernorm","enc-attention-qkv","enc-attention-score","enc-attention-softmax","enc-attention-dropout","enc-attention-context","enc-attention-dense","enc-post-attention-dropout","enc-2nd-layernorm","enc-MLP-GEMM-1","enc-MLP-gelu","enc-MLP-GEMM-2","enc-post-MLP-dropout","enc-1st-layernorm","enc-attention-qkv","enc-attention-score","enc-attention-softmax","enc-attention-dropout","enc-attention-context","enc-attention-dense","enc-post-attention-dropout","enc-2nd-layernorm","enc-MLP-GEMM-1","enc-MLP-gelu","enc-MLP-GEMM-2","enc-post-MLP-dropout","enc-1st-layernorm","enc-attention-qkv","enc-attention-score","enc-attention-softmax","enc-attention-dropout","enc-attention-context","enc-attention-dense","enc-post-attention-dropout","enc-2nd-layernorm","enc-MLP-GEMM-1","enc-MLP-gelu","enc-MLP-GEMM-2","enc-post-MLP-dropout","enc-1st-layernorm","enc-attention-qkv","enc-attention-score","enc-attention-softmax","enc-attention-dropout","enc-attention-context","enc-attention-dense","enc-post-attention-dropout","enc-2nd-layernorm","enc-MLP-GEMM-1","enc-MLP-gelu","enc-MLP-GEMM-2","enc-post-MLP-dropout","enc-1st-layernorm","enc-attention-qkv","enc-attention-score","enc-attention-softmax","enc-attention-dropout","enc-attention-context","enc-attention-dense","enc-post-attention-dropout","enc-2nd-layernorm","enc-MLP-GEMM-1","enc-MLP-gelu","enc-MLP-GEMM-2","enc-post-MLP-dropout","enc-1st-layernorm","enc-attention-qkv","enc-attention-score","enc-attention-softmax","enc-attention-dropout","enc-attention-context","enc-attention-dense","enc-post-attention-dropout","enc-2nd-layernorm","enc-MLP-GEMM-1","enc-MLP-gelu","enc-MLP-GEMM-2","enc-post-MLP-dropout","enc-1st-layernorm","enc-attention-qkv","enc-attention-score","enc-attention-softmax","enc-attention-dropout","enc-attention-context","enc-attention-dense","enc-post-attention-dropout","enc-2nd-layernorm","enc-MLP-GEMM-1","enc-MLP-gelu","enc-MLP-GEMM-2","enc-post-MLP-dropout","enc-1st-layernorm","enc-attention-qkv","enc-attention-score","enc-attention-softmax","enc-attention-dropout","enc-attention-context","enc-attention-dense","enc-post-attention-dropout","enc-2nd-layernorm","enc-MLP-GEMM-1","enc-MLP-gelu","enc-MLP-GEMM-2","enc-post-MLP-dropout","enc-1st-layernorm","enc-attention-qkv","enc-attention-score","enc-attention-softmax","enc-attention-dropout","enc-attention-context","enc-attention-dense","enc-post-attention-dropout","enc-2nd-layernorm","enc-MLP-GEMM-1","enc-MLP-gelu","enc-MLP-GEMM-2","enc-post-MLP-dropout","enc-1st-layernorm","enc-attention-qkv","enc-attention-score","enc-attention-softmax","enc-attention-dropout","enc-attention-context","enc-attention-dense","enc-post-attention-dropout","enc-2nd-layernorm","enc-MLP-GEMM-1","enc-MLP-gelu","enc-MLP-GEMM-2","enc-post-MLP-dropout","enc-1st-layernorm","enc-attention-qkv","enc-attention-score","enc-attention-softmax","enc-attention-dropout","enc-attention-context","enc-attention-dense","enc-post-attention-dropout","enc-2nd-layernorm","enc-MLP-GEMM-1","enc-MLP-gelu","enc-MLP-GEMM-2","enc-post-MLP-dropout","enc-1st-layernorm","enc-attention-qkv","enc-attention-score","enc-attention-softmax","enc-attention-dropout","enc-attention-context","enc-attention-dense","enc-post-attention-dropout","enc-2nd-layernorm","enc-MLP-GEMM-1","enc-MLP-gelu","enc-MLP-GEMM-2","enc-post-MLP-dropout","enc-1st-layernorm","enc-attention-qkv","enc-attention-score","enc-attention-softmax","enc-attention-dropout","enc-attention-context","enc-attention-dense","enc-post-attention-dropout","enc-2nd-layernorm","enc-MLP-GEMM-1","enc-MLP-gelu","enc-MLP-GEMM-2","enc-post-MLP-dropout","enc-1st-layernorm","enc-attention-qkv","enc-attention-score","enc-attention-softmax","enc-attention-dropout","enc-attention-context","enc-attention-dense","enc-post-attention-dropout","enc-2nd-layernorm","enc-MLP-GEMM-1","enc-MLP-gelu","enc-MLP-GEMM-2","enc-post-MLP-dropout","enc-1st-layernorm","enc-attention-qkv","enc-attention-score","enc-attention-softmax","enc-attention-dropout","enc-attention-context","enc-attention-dense","enc-post-attention-dropout","enc-2nd-layernorm","enc-MLP-GEMM-1","enc-MLP-gelu","enc-MLP-GEMM-2","enc-post-MLP-dropout","enc-1st-layernorm","enc-attention-qkv","enc-attention-score","enc-attention-softmax","enc-attention-dropout","enc-attention-context","enc-attention-dense","enc-post-attention-dropout","enc-2nd-layernorm","enc-MLP-GEMM-1","enc-MLP-gelu","enc-MLP-GEMM-2","enc-post-MLP-dropout","enc-1st-layernorm","enc-attention-qkv","enc-attention-score","enc-attention-softmax","enc-attention-dropout","enc-attention-context","enc-attention-dense","enc-post-attention-dropout","enc-2nd-layernorm","enc-MLP-GEMM-1","enc-MLP-gelu","enc-MLP-GEMM-2","enc-post-MLP-dropout","enc-1st-layernorm","enc-attention-qkv","enc-attention-score","enc-attention-softmax","enc-attention-dropout","enc-attention-context","enc-attention-dense","enc-post-attention-dropout","enc-2nd-layernorm","enc-MLP-GEMM-1","enc-MLP-gelu","enc-MLP-GEMM-2","enc-post-MLP-dropout","enc-1st-layernorm","enc-attention-qkv","enc-attention-score","enc-attention-softmax","enc-attention-dropout","enc-attention-context","enc-attention-dense","enc-post-attention-dropout","enc-2nd-layernorm","enc-MLP-GEMM-1","enc-MLP-gelu","enc-MLP-GEMM-2","enc-post-MLP-dropout","enc-1st-layernorm","enc-attention-qkv","enc-attention-score","enc-attention-softmax","enc-attention-dropout","enc-attention-context","enc-attention-dense","enc-post-attention-dropout","enc-2nd-layernorm","enc-MLP-GEMM-1","enc-MLP-gelu","enc-MLP-GEMM-2","enc-post-MLP-dropout","enc-1st-layernorm","enc-attention-qkv","enc-attention-score","enc-attention-softmax","enc-attention-dropout","enc-attention-context","enc-attention-dense","enc-post-attention-dropout","enc-2nd-layernorm","enc-MLP-GEMM-1","enc-MLP-gelu","enc-MLP-GEMM-2","enc-post-MLP-dropout","enc-1st-layernorm","enc-attention-qkv","enc-attention-score","enc-attention-softmax","enc-attention-dropout","enc-attention-context","enc-attention-dense","enc-post-attention-dropout","enc-2nd-layernorm","enc-MLP-GEMM-1","enc-MLP-gelu","enc-MLP-GEMM-2","enc-post-MLP-dropout","enc-1st-layernorm","enc-attention-qkv","enc-attention-score","enc-attention-softmax","enc-attention-dropout","enc-attention-context","enc-attention-dense","enc-post-attention-dropout","enc-2nd-layernorm","enc-MLP-GEMM-1","enc-MLP-gelu","enc-MLP-GEMM-2","enc-post-MLP-dropout","enc-1st-layernorm","enc-attention-qkv","enc-attention-score","enc-attention-softmax","enc-attention-dropout","enc-attention-context","enc-attention-dense","enc-post-attention-dropout","enc-2nd-layernorm","enc-MLP-GEMM-1","enc-MLP-gelu","enc-MLP-GEMM-2","enc-post-MLP-dropout","enc-1st-layernorm","enc-attention-qkv","enc-attention-score","enc-attention-softmax","enc-attention-dropout","enc-attention-context","enc-attention-dense","enc-post-attention-dropout","enc-2nd-layernorm","enc-MLP-GEMM-1","enc-MLP-gelu","enc-MLP-GEMM-2","enc-post-MLP-dropout","enc-1st-layernorm","enc-attention-qkv","enc-attention-score","enc-attention-softmax","enc-attention-dropout","enc-attention-context","enc-attention-dense","enc-post-attention-dropout","enc-2nd-layernorm","enc-MLP-GEMM-1","enc-MLP-gelu","enc-MLP-GEMM-2","enc-post-MLP-dropout","enc-1st-layernorm","enc-attention-qkv","enc-attention-score","enc-attention-softmax","enc-attention-dropout","enc-attention-context","enc-attention-dense","enc-post-attention-dropout","enc-2nd-layernorm","enc-MLP-GEMM-1","enc-MLP-gelu","enc-MLP-GEMM-2","enc-post-MLP-dropout","enc-1st-layernorm","enc-attention-qkv","enc-attention-score","enc-attention-softmax","enc-attention-dropout","enc-attention-context","enc-attention-dense","enc-post-attention-dropout","enc-2nd-layernorm","enc-MLP-GEMM-1","enc-MLP-gelu","enc-MLP-GEMM-2","enc-post-MLP-dropout","enc-1st-layernorm","enc-attention-qkv","enc-attention-score","enc-attention-softmax","enc-attention-dropout","enc-attention-context","enc-attention-dense","enc-post-attention-dropout","enc-2nd-layernorm","enc-MLP-GEMM-1","enc-MLP-gelu","enc-MLP-GEMM-2","enc-post-MLP-dropout","enc-1st-layernorm","enc-attention-qkv","enc-attention-score","enc-attention-softmax","enc-attention-dropout","enc-attention-context","enc-attention-dense","enc-post-attention-dropout","enc-2nd-layernorm","enc-MLP-GEMM-1","enc-MLP-gelu","enc-MLP-GEMM-2","enc-post-MLP-dropout","enc-1st-layernorm","enc-attention-qkv","enc-attention-score","enc-attention-softmax","enc-attention-dropout","enc-attention-context","enc-attention-dense","enc-post-attention-dropout","enc-2nd-layernorm","enc-MLP-GEMM-1","enc-MLP-gelu","enc-MLP-GEMM-2","enc-post-MLP-dropout","enc-1st-layernorm","enc-attention-qkv","enc-attention-score","enc-attention-softmax","enc-attention-dropout","enc-attention-context","enc-attention-dense","enc-post-attention-dropout","enc-2nd-layernorm","enc-MLP-GEMM-1","enc-MLP-gelu","enc-MLP-GEMM-2","enc-post-MLP-dropout","enc-1st-layernorm","enc-attention-qkv","enc-attention-score","enc-attention-softmax","enc-attention-dropout","enc-attention-context","enc-attention-dense","enc-post-attention-dropout","enc-2nd-layernorm","enc-MLP-GEMM-1","enc-MLP-gelu","enc-MLP-GEMM-2","enc-post-MLP-dropout","enc-1st-layernorm","enc-attention-qkv","enc-attention-score","enc-attention-softmax","enc-attention-dropout","enc-attention-context","enc-attention-dense","enc-post-attention-dropout","enc-2nd-layernorm","enc-MLP-GEMM-1","enc-MLP-gelu","enc-MLP-GEMM-2","enc-post-MLP-dropout","enc-1st-layernorm","enc-attention-qkv","enc-attention-score","enc-attention-softmax","enc-attention-dropout","enc-attention-context","enc-attention-dense","enc-post-attention-dropout","enc-2nd-layernorm","enc-MLP-GEMM-1","enc-MLP-gelu","enc-MLP-GEMM-2","enc-post-MLP-dropout","enc-1st-layernorm","enc-attention-qkv","enc-attention-score","enc-attention-softmax","enc-attention-dropout","enc-attention-context","enc-attention-dense","enc-post-attention-dropout","enc-2nd-layernorm","enc-MLP-GEMM-1","enc-MLP-gelu","enc-MLP-GEMM-2","enc-post-MLP-dropout","enc-1st-layernorm","enc-attention-qkv","enc-attention-score","enc-attention-softmax","enc-attention-dropout","enc-attention-context","enc-attention-dense","enc-post-attention-dropout","enc-2nd-layernorm","enc-MLP-GEMM-1","enc-MLP-gelu","enc-MLP-GEMM-2","enc-post-MLP-dropout","enc-1st-layernorm","enc-attention-qkv","enc-attention-score","enc-attention-softmax","enc-attention-dropout","enc-attention-context","enc-attention-dense","enc-post-attention-dropout","enc-2nd-layernorm","enc-MLP-GEMM-1","enc-MLP-gelu","enc-MLP-GEMM-2","enc-post-MLP-dropout","enc-1st-layernorm","enc-attention-qkv","enc-attention-score","enc-attention-softmax","enc-attention-dropout","enc-attention-context","enc-attention-dense","enc-post-attention-dropout","enc-2nd-layernorm","enc-MLP-GEMM-1","enc-MLP-gelu","enc-MLP-GEMM-2","enc-post-MLP-dropout","enc-1st-layernorm","enc-attention-qkv","enc-attention-score","enc-attention-softmax","enc-attention-dropout","enc-attention-context","enc-attention-dense","enc-post-attention-dropout","enc-2nd-layernorm","enc-MLP-GEMM-1","enc-MLP-gelu","enc-MLP-GEMM-2","enc-post-MLP-dropout","enc-1st-layernorm","enc-attention-qkv","enc-attention-score","enc-attention-softmax","enc-attention-dropout","enc-attention-context","enc-attention-dense","enc-post-attention-dropout","enc-2nd-layernorm","enc-MLP-GEMM-1","enc-MLP-gelu","enc-MLP-GEMM-2","enc-post-MLP-dropout","enc-1st-layernorm","enc-attention-qkv","enc-attention-score","enc-attention-softmax","enc-attention-dropout","enc-attention-context","enc-attention-dense","enc-post-attention-dropout","enc-2nd-layernorm","enc-MLP-GEMM-1","enc-MLP-gelu","enc-MLP-GEMM-2","enc-post-MLP-dropout","enc-1st-layernorm","enc-attention-qkv","enc-attention-score","enc-attention-softmax","enc-attention-dropout","enc-attention-context","enc-attention-dense","enc-post-attention-dropout","enc-2nd-layernorm","enc-MLP-GEMM-1","enc-MLP-gelu","enc-MLP-GEMM-2","enc-post-MLP-dropout","enc-1st-layernorm","enc-attention-qkv","enc-attention-score","enc-attention-softmax","enc-attention-dropout","enc-attention-context","enc-attention-dense","enc-post-attention-dropout","enc-2nd-layernorm","enc-MLP-GEMM-1","enc-MLP-gelu","enc-MLP-GEMM-2","enc-post-MLP-dropout","enc-1st-layernorm","enc-attention-qkv","enc-attention-score","enc-attention-softmax","enc-attention-dropout","enc-attention-context","enc-attention-dense","enc-post-attention-dropout","enc-2nd-layernorm","enc-MLP-GEMM-1","enc-MLP-gelu","enc-MLP-GEMM-2","enc-post-MLP-dropout","enc-1st-layernorm","enc-attention-qkv","enc-attention-score","enc-attention-softmax","enc-attention-dropout","enc-attention-context","enc-attention-dense","enc-post-attention-dropout","enc-2nd-layernorm","enc-MLP-GEMM-1","enc-MLP-gelu","enc-MLP-GEMM-2","enc-post-MLP-dropout","enc-1st-layernorm","enc-attention-qkv","enc-attention-score","enc-attention-softmax","enc-attention-dropout","enc-attention-context","enc-attention-dense","enc-post-attention-dropout","enc-2nd-layernorm","enc-MLP-GEMM-1","enc-MLP-gelu","enc-MLP-GEMM-2","enc-post-MLP-dropout","enc-1st-layernorm","enc-attention-qkv","enc-attention-score","enc-attention-softmax","enc-attention-dropout","enc-attention-context","enc-attention-dense","enc-post-attention-dropout","enc-2nd-layernorm","enc-MLP-GEMM-1","enc-MLP-gelu","enc-MLP-GEMM-2","enc-post-MLP-dropout","enc-1st-layernorm","enc-attention-qkv","enc-attention-score","enc-attention-softmax","enc-attention-dropout","enc-attention-context","enc-attention-dense","enc-post-attention-dropout","enc-2nd-layernorm","enc-MLP-GEMM-1","enc-MLP-gelu","enc-MLP-GEMM-2","enc-post-MLP-dropout","enc-1st-layernorm","enc-attention-qkv","enc-attention-score","enc-attention-softmax","enc-attention-dropout","enc-attention-context","enc-attention-dense","enc-post-attention-dropout","enc-2nd-layernorm","enc-MLP-GEMM-1","enc-MLP-gelu","enc-MLP-GEMM-2","enc-post-MLP-dropout","enc-1st-layernorm","enc-attention-qkv","enc-attention-score","enc-attention-softmax","enc-attention-dropout","enc-attention-context","enc-attention-dense","enc-post-attention-dropout","enc-2nd-layernorm","enc-MLP-GEMM-1","enc-MLP-gelu","enc-MLP-GEMM-2","enc-post-MLP-dropout","enc-1st-layernorm","enc-attention-qkv","enc-attention-score","enc-attention-softmax","enc-attention-dropout","enc-attention-context","enc-attention-dense","enc-post-attention-dropout","enc-2nd-layernorm","enc-MLP-GEMM-1","enc-MLP-gelu","enc-MLP-GEMM-2","enc-post-MLP-dropout","enc-1st-layernorm","enc-attention-qkv","enc-attention-score","enc-attention-softmax","enc-attention-dropout","enc-attention-context","enc-attention-dense","enc-post-attention-dropout","enc-2nd-layernorm","enc-MLP-GEMM-1","enc-MLP-gelu","enc-MLP-GEMM-2","enc-post-MLP-dropout","enc-1st-layernorm","enc-attention-qkv","enc-attention-score","enc-attention-softmax","enc-attention-dropout","enc-attention-context","enc-attention-dense","enc-post-attention-dropout","enc-2nd-layernorm","enc-MLP-GEMM-1","enc-MLP-gelu","enc-MLP-GEMM-2","enc-post-MLP-dropout","enc-1st-layernorm","enc-attention-qkv","enc-attention-score","enc-attention-softmax","enc-attention-dropout","enc-attention-context","enc-attention-dense","enc-post-attention-dropout","enc-2nd-layernorm","enc-MLP-GEMM-1","enc-MLP-gelu","enc-MLP-GEMM-2","enc-post-MLP-dropout","enc-1st-layernorm","enc-attention-qkv","enc-attention-score","enc-attention-softmax","enc-attention-dropout","enc-attention-context","enc-attention-dense","enc-post-attention-dropout","enc-2nd-layernorm","enc-MLP-GEMM-1","enc-MLP-gelu","enc-MLP-GEMM-2","enc-post-MLP-dropout","enc-1st-layernorm","enc-attention-qkv","enc-attention-score","enc-attention-softmax","enc-attention-dropout","enc-attention-context","enc-attention-dense","enc-post-attention-dropout","enc-2nd-layernorm","enc-MLP-GEMM-1","enc-MLP-gelu","enc-MLP-GEMM-2","enc-post-MLP-dropout","enc-1st-layernorm","enc-attention-qkv","enc-attention-score","enc-attention-softmax","enc-attention-dropout","enc-attention-context","enc-attention-dense","enc-post-attention-dropout","enc-2nd-layernorm","enc-MLP-GEMM-1","enc-MLP-gelu","enc-MLP-GEMM-2","enc-post-MLP-dropout","enc-1st-layernorm","enc-attention-qkv","enc-attention-score","enc-attention-softmax","enc-attention-dropout","enc-attention-context","enc-attention-dense","enc-post-attention-dropout","enc-2nd-layernorm","enc-MLP-GEMM-1","enc-MLP-gelu","enc-MLP-GEMM-2","enc-post-MLP-dropout","enc-1st-layernorm","enc-attention-qkv","enc-attention-score","enc-attention-softmax","enc-attention-dropout",
[rank 3 recompute ops] enc-attention-qkv enc-attention-score enc-attention-softmax enc-attention-dropout enc-attention-context enc-attention-dense enc-post-attention-dropout enc-2nd-layernorm enc-MLP-GEMM-1 enc-MLP-gelu enc-post-MLP-dropout enc-1st-layernorm enc-attention-qkv enc-attention-score enc-attention-softmax enc-attention-dropout enc-attention-context enc-attention-dense enc-post-attention-dropout enc-2nd-layernorm enc-MLP-GEMM-1 enc-MLP-gelu enc-post-MLP-dropout enc-1st-layernorm enc-attention-qkv enc-attention-score enc-attention-softmax enc-attention-dropout enc-attention-context enc-attention-dense enc-post-attention-dropout enc-2nd-layernorm enc-MLP-GEMM-1 enc-MLP-gelu enc-post-MLP-dropout enc-1st-layernorm enc-attention-qkv enc-attention-score enc-attention-softmax enc-attention-dropout enc-attention-context enc-attention-dense enc-post-attention-dropout enc-2nd-layernorm enc-MLP-GEMM-1 enc-MLP-gelu enc-post-MLP-dropout enc-1st-layernorm enc-attention-qkv enc-attention-score enc-attention-softmax enc-attention-dropout enc-attention-context enc-attention-dense enc-post-attention-dropout enc-2nd-layernorm enc-MLP-GEMM-1 enc-MLP-gelu enc-post-MLP-dropout enc-1st-layernorm enc-attention-qkv enc-attention-score enc-attention-softmax enc-attention-dropout enc-attention-context enc-attention-dense enc-post-attention-dropout enc-2nd-layernorm enc-MLP-GEMM-1 enc-MLP-gelu enc-post-MLP-dropout enc-1st-layernorm enc-attention-qkv enc-attention-score enc-attention-softmax enc-attention-dropout enc-attention-context enc-attention-dense enc-post-attention-dropout enc-2nd-layernorm enc-MLP-GEMM-1 enc-MLP-gelu enc-post-MLP-dropout enc-1st-layernorm enc-attention-qkv enc-attention-score enc-attention-softmax enc-attention-dropout enc-attention-context enc-attention-dense enc-post-attention-dropout enc-2nd-layernorm enc-MLP-GEMM-1 enc-MLP-gelu enc-post-MLP-dropout enc-1st-layernorm enc-attention-qkv enc-attention-score enc-attention-softmax enc-attention-dropout enc-attention-context enc-attention-dense enc-post-attention-dropout enc-2nd-layernorm enc-MLP-GEMM-1 enc-MLP-gelu enc-post-MLP-dropout enc-1st-layernorm enc-attention-qkv enc-attention-score enc-attention-softmax enc-attention-dropout enc-attention-context enc-attention-dense enc-post-attention-dropout enc-2nd-layernorm enc-MLP-GEMM-1 enc-MLP-gelu enc-post-MLP-dropout enc-1st-layernorm enc-attention-qkv enc-attention-score enc-attention-softmax enc-attention-dropout enc-attention-context enc-attention-dense enc-post-attention-dropout enc-2nd-layernorm enc-MLP-GEMM-1 enc-MLP-gelu enc-post-MLP-dropout enc-1st-layernorm enc-attention-qkv enc-attention-score enc-attention-softmax enc-attention-dropout enc-attention-context enc-attention-dense enc-post-attention-dropout enc-2nd-layernorm enc-MLP-GEMM-1 enc-MLP-gelu enc-post-MLP-dropout enc-1st-layernorm enc-attention-qkv enc-attention-score enc-attention-softmax enc-attention-dropout enc-attention-context enc-attention-dense enc-post-attention-dropout enc-2nd-layernorm enc-MLP-GEMM-1 enc-MLP-gelu enc-post-MLP-dropout enc-1st-layernorm enc-attention-qkv enc-attention-score enc-attention-softmax enc-attention-dropout enc-attention-context enc-attention-dense enc-post-attention-dropout enc-2nd-layernorm enc-MLP-GEMM-1 enc-MLP-gelu enc-post-MLP-dropout enc-1st-layernorm enc-attention-qkv enc-attention-score enc-attention-softmax enc-attention-dropout enc-attention-context enc-attention-dense enc-post-attention-dropout enc-2nd-layernorm enc-MLP-GEMM-1 enc-MLP-gelu enc-post-MLP-dropout enc-1st-layernorm enc-attention-qkv enc-attention-score enc-attention-softmax enc-attention-dropout enc-attention-context enc-attention-dense enc-post-attention-dropout enc-2nd-layernorm enc-MLP-GEMM-1 enc-MLP-gelu enc-post-MLP-dropout enc-1st-layernorm enc-attention-qkv enc-attention-score enc-attention-softmax enc-attention-dropout enc-attention-context enc-attention-dense enc-post-attention-dropout enc-2nd-layernorm enc-MLP-GEMM-1 enc-MLP-gelu enc-post-MLP-dropout enc-1st-layernorm enc-attention-qkv enc-attention-score enc-attention-softmax enc-attention-dropout enc-attention-context enc-attention-dense enc-post-attention-dropout enc-2nd-layernorm enc-MLP-GEMM-1 enc-MLP-gelu enc-post-MLP-dropout enc-1st-layernorm enc-attention-qkv enc-attention-score enc-attention-softmax enc-attention-dropout enc-attention-context enc-attention-dense enc-post-attention-dropout enc-2nd-layernorm enc-MLP-GEMM-1 enc-MLP-gelu enc-post-MLP-dropout enc-1st-layernorm enc-attention-qkv enc-attention-score enc-attention-softmax enc-attention-dropout enc-attention-context enc-attention-dense enc-post-attention-dropout enc-2nd-layernorm enc-MLP-GEMM-1 enc-MLP-gelu enc-post-MLP-dropout enc-1st-layernorm enc-attention-qkv enc-attention-score enc-attention-softmax enc-attention-dropout enc-attention-context enc-attention-dense enc-post-attention-dropout enc-2nd-layernorm enc-MLP-GEMM-1 enc-MLP-gelu enc-post-MLP-dropout enc-1st-layernorm enc-attention-qkv enc-attention-score enc-attention-softmax enc-attention-dropout enc-attention-context enc-attention-dense enc-post-attention-dropout enc-2nd-layernorm enc-MLP-GEMM-1 enc-MLP-gelu enc-post-MLP-dropout enc-1st-layernorm enc-attention-qkv enc-attention-score enc-attention-softmax enc-attention-dropout enc-attention-context enc-attention-dense enc-post-attention-dropout enc-2nd-layernorm enc-MLP-GEMM-1 enc-MLP-gelu enc-post-MLP-dropout enc-1st-layernorm enc-attention-qkv enc-attention-score enc-attention-softmax enc-attention-dropout enc-attention-context enc-attention-dense enc-post-attention-dropout enc-2nd-layernorm enc-MLP-GEMM-1 enc-MLP-gelu enc-post-MLP-dropout enc-1st-layernorm enc-attention-qkv enc-attention-score enc-attention-softmax enc-attention-dropout enc-attention-context enc-attention-dense enc-post-attention-dropout enc-2nd-layernorm enc-MLP-GEMM-1 enc-MLP-gelu enc-post-MLP-dropout enc-1st-layernorm enc-attention-qkv enc-attention-score enc-attention-softmax enc-attention-dropout enc-attention-context enc-attention-dense enc-post-attention-dropout enc-2nd-layernorm enc-MLP-GEMM-1 enc-MLP-gelu enc-post-MLP-dropout enc-1st-layernorm enc-attention-qkv enc-attention-score enc-attention-softmax enc-attention-dropout enc-attention-context enc-attention-dense enc-post-attention-dropout enc-2nd-layernorm enc-MLP-GEMM-1 enc-MLP-gelu enc-post-MLP-dropout enc-1st-layernorm enc-attention-qkv enc-attention-score enc-attention-softmax enc-attention-dropout enc-attention-context enc-attention-dense enc-post-attention-dropout enc-2nd-layernorm enc-MLP-GEMM-1 enc-MLP-gelu enc-post-MLP-dropout enc-1st-layernorm enc-attention-qkv enc-attention-score enc-attention-softmax enc-attention-dropout enc-attention-context enc-attention-dense enc-post-attention-dropout enc-2nd-layernorm enc-MLP-GEMM-1 enc-MLP-gelu enc-post-MLP-dropout enc-1st-layernorm enc-attention-qkv enc-attention-score enc-attention-softmax enc-attention-dropout enc-attention-context enc-attention-dense enc-post-attention-dropout enc-2nd-layernorm enc-MLP-GEMM-1 enc-MLP-gelu enc-post-MLP-dropout enc-1st-layernorm enc-attention-qkv enc-attention-score enc-attention-softmax enc-attention-dropout enc-attention-context enc-attention-dense enc-post-attention-dropout enc-2nd-layernorm enc-MLP-GEMM-1 enc-MLP-gelu enc-post-MLP-dropout enc-1st-layernorm enc-attention-qkv enc-attention-score enc-attention-softmax enc-attention-dropout enc-attention-context enc-attention-dense enc-post-attention-dropout enc-2nd-layernorm enc-MLP-GEMM-1 enc-MLP-gelu enc-post-MLP-dropout enc-1st-layernorm enc-attention-qkv enc-attention-score enc-attention-softmax enc-attention-dropout enc-attention-context enc-attention-dense enc-post-attention-dropout enc-2nd-layernorm enc-MLP-GEMM-1 enc-MLP-gelu enc-post-MLP-dropout enc-1st-layernorm enc-attention-qkv enc-attention-score enc-attention-softmax enc-attention-dropout enc-attention-context enc-attention-dense enc-post-attention-dropout enc-2nd-layernorm enc-MLP-GEMM-1 enc-MLP-gelu enc-post-MLP-dropout enc-1st-layernorm enc-attention-qkv enc-attention-score enc-attention-softmax enc-attention-dropout enc-attention-context enc-attention-dense enc-post-attention-dropout enc-2nd-layernorm enc-MLP-GEMM-1 enc-MLP-gelu enc-post-MLP-dropout enc-1st-layernorm enc-attention-qkv enc-attention-score enc-attention-softmax enc-attention-dropout enc-attention-context enc-attention-dense enc-post-attention-dropout enc-2nd-layernorm enc-MLP-GEMM-1 enc-MLP-gelu enc-post-MLP-dropout enc-1st-layernorm enc-attention-qkv enc-attention-score enc-attention-softmax enc-attention-dropout enc-attention-context enc-attention-dense enc-post-attention-dropout enc-2nd-layernorm enc-MLP-GEMM-1 enc-MLP-gelu enc-post-MLP-dropout enc-1st-layernorm enc-attention-qkv enc-attention-score enc-attention-softmax enc-attention-dropout enc-attention-context enc-attention-dense enc-post-attention-dropout enc-2nd-layernorm enc-MLP-GEMM-1 enc-MLP-gelu enc-post-MLP-dropout enc-1st-layernorm enc-attention-qkv enc-attention-score enc-attention-softmax enc-attention-dropout enc-attention-context enc-attention-dense enc-post-attention-dropout enc-2nd-layernorm enc-MLP-GEMM-1 enc-MLP-gelu enc-post-MLP-dropout enc-1st-layernorm enc-attention-qkv enc-attention-score enc-attention-softmax enc-attention-dropout enc-attention-context enc-attention-dense enc-post-attention-dropout enc-2nd-layernorm enc-MLP-GEMM-1 enc-MLP-gelu enc-post-MLP-dropout enc-1st-layernorm enc-attention-qkv enc-attention-score enc-attention-softmax enc-attention-dropout enc-attention-context enc-attention-dense enc-post-attention-dropout enc-2nd-layernorm enc-MLP-GEMM-1 enc-MLP-gelu enc-post-MLP-dropout enc-1st-layernorm enc-attention-qkv enc-attention-score enc-attention-softmax enc-attention-dropout enc-attention-context enc-attention-dense enc-post-attention-dropout enc-2nd-layernorm enc-MLP-GEMM-1 enc-MLP-gelu enc-post-MLP-dropout enc-1st-layernorm enc-attention-qkv enc-attention-score enc-attention-softmax enc-attention-dropout enc-attention-context enc-attention-dense enc-post-attention-dropout enc-2nd-layernorm enc-MLP-GEMM-1 enc-MLP-gelu enc-post-MLP-dropout enc-1st-layernorm enc-attention-qkv enc-attention-score enc-attention-softmax enc-attention-dropout enc-attention-context enc-attention-dense enc-post-attention-dropout enc-2nd-layernorm enc-MLP-GEMM-1 enc-MLP-gelu enc-post-MLP-dropout enc-1st-layernorm enc-attention-qkv enc-attention-score enc-attention-softmax enc-attention-dropout enc-attention-context enc-attention-dense enc-post-attention-dropout enc-2nd-layernorm enc-MLP-GEMM-1 enc-MLP-gelu enc-post-MLP-dropout enc-1st-layernorm enc-attention-qkv enc-attention-score enc-attention-softmax enc-attention-dropout enc-attention-context enc-attention-dense enc-post-attention-dropout enc-2nd-layernorm enc-MLP-GEMM-1 enc-MLP-gelu enc-post-MLP-dropout enc-1st-layernorm enc-attention-qkv enc-attention-score enc-attention-softmax enc-attention-dropout enc-attention-context enc-attention-dense enc-post-attention-dropout enc-2nd-layernorm enc-MLP-GEMM-1 enc-MLP-gelu enc-post-MLP-dropout enc-1st-layernorm enc-attention-qkv enc-attention-score enc-attention-softmax enc-attention-dropout enc-attention-context enc-attention-dense enc-post-attention-dropout enc-2nd-layernorm enc-MLP-GEMM-1 enc-MLP-gelu enc-post-MLP-dropout enc-1st-layernorm enc-attention-qkv enc-attention-score enc-attention-softmax enc-attention-dropout enc-attention-context enc-attention-dense enc-post-attention-dropout enc-2nd-layernorm enc-MLP-GEMM-1 enc-MLP-gelu enc-post-MLP-dropout enc-1st-layernorm enc-attention-qkv enc-attention-score enc-attention-softmax enc-attention-dropout enc-attention-context enc-attention-dense enc-post-attention-dropout enc-2nd-layernorm enc-MLP-GEMM-1 enc-MLP-gelu enc-post-MLP-dropout enc-1st-layernorm enc-attention-qkv enc-attention-score enc-attention-softmax enc-attention-dropout enc-attention-context enc-attention-dense enc-post-attention-dropout enc-2nd-layernorm enc-MLP-GEMM-1 enc-MLP-gelu enc-post-MLP-dropout enc-1st-layernorm enc-attention-qkv enc-attention-score enc-attention-softmax enc-attention-dropout enc-attention-context enc-attention-dense enc-post-attention-dropout enc-2nd-layernorm enc-MLP-GEMM-1 enc-MLP-gelu enc-post-MLP-dropout enc-1st-layernorm enc-attention-qkv enc-attention-score enc-attention-softmax enc-attention-dropout enc-attention-context enc-attention-dense enc-post-attention-dropout enc-2nd-layernorm enc-MLP-GEMM-1 enc-MLP-gelu enc-post-MLP-dropout enc-1st-layernorm enc-attention-qkv enc-attention-score enc-attention-softmax enc-attention-dropout enc-attention-context enc-attention-dense enc-post-attention-dropout enc-2nd-layernorm enc-MLP-GEMM-1 enc-MLP-gelu enc-post-MLP-dropout enc-1st-layernorm enc-attention-qkv enc-attention-score enc-attention-softmax enc-attention-dropout enc-attention-context enc-attention-dense enc-post-attention-dropout enc-2nd-layernorm enc-MLP-GEMM-1 enc-MLP-gelu enc-post-MLP-dropout enc-1st-layernorm enc-attention-qkv enc-attention-score enc-attention-softmax enc-attention-dropout enc-attention-context enc-attention-dense enc-post-attention-dropout enc-2nd-layernorm enc-MLP-GEMM-1 enc-MLP-gelu enc-post-MLP-dropout enc-1st-layernorm enc-attention-qkv enc-attention-score enc-attention-softmax enc-attention-dropout enc-attention-context enc-attention-dense enc-post-attention-dropout enc-2nd-layernorm enc-MLP-GEMM-1 enc-MLP-gelu enc-post-MLP-dropout enc-1st-layernorm enc-attention-qkv enc-attention-score enc-attention-softmax enc-attention-dropout enc-attention-context enc-attention-dense enc-post-attention-dropout enc-2nd-layernorm enc-MLP-GEMM-1 enc-MLP-gelu enc-post-MLP-dropout enc-1st-layernorm enc-attention-qkv enc-attention-score enc-attention-softmax enc-attention-dropout enc-attention-context enc-attention-dense enc-post-attention-dropout enc-2nd-layernorm enc-MLP-GEMM-1 enc-MLP-gelu enc-post-MLP-dropout enc-1st-layernorm enc-attention-qkv enc-attention-score enc-attention-softmax enc-attention-dropout enc-attention-context enc-attention-dense enc-post-attention-dropout enc-2nd-layernorm enc-MLP-GEMM-1 enc-MLP-gelu enc-post-MLP-dropout enc-1st-layernorm enc-attention-qkv enc-attention-score enc-attention-softmax enc-attention-dropout enc-attention-context enc-attention-dense enc-post-attention-dropout enc-2nd-layernorm enc-MLP-GEMM-1 enc-MLP-gelu enc-post-MLP-dropout enc-1st-layernorm enc-attention-qkv enc-attention-score enc-attention-softmax enc-attention-dropout enc-attention-context enc-attention-dense enc-post-attention-dropout enc-2nd-layernorm enc-MLP-GEMM-1 enc-MLP-gelu enc-post-MLP-dropout enc-1st-layernorm enc-attention-qkv enc-attention-score enc-attention-softmax enc-attention-dropout enc-attention-context enc-attention-dense enc-post-attention-dropout enc-2nd-layernorm enc-MLP-GEMM-1 enc-MLP-gelu enc-post-MLP-dropout enc-1st-layernorm enc-attention-qkv enc-attention-score enc-attention-softmax enc-attention-dropout 
[rank 1 all ops] "enc-MLP-GEMM-1","enc-MLP-gelu","enc-MLP-GEMM-2","enc-post-MLP-dropout","enc-1st-layernorm","enc-attention-qkv","enc-attention-score","enc-attention-softmax","enc-attention-dropout","enc-attention-context","enc-attention-dense","enc-post-attention-dropout","enc-2nd-layernorm","enc-MLP-GEMM-1","enc-MLP-gelu","enc-MLP-GEMM-2","enc-post-MLP-dropout","enc-1st-layernorm","enc-attention-qkv","enc-attention-score","enc-attention-softmax","enc-attention-dropout","enc-attention-context","enc-attention-dense","enc-post-attention-dropout","enc-2nd-layernorm","enc-MLP-GEMM-1","enc-MLP-gelu","enc-MLP-GEMM-2","enc-post-MLP-dropout","enc-1st-layernorm","enc-attention-qkv","enc-attention-score","enc-attention-softmax","enc-attention-dropout","enc-attention-context","enc-attention-dense","enc-post-attention-dropout","enc-2nd-layernorm","enc-MLP-GEMM-1","enc-MLP-gelu","enc-MLP-GEMM-2","enc-post-MLP-dropout","enc-1st-layernorm","enc-attention-qkv","enc-attention-score","enc-attention-softmax","enc-attention-dropout","enc-attention-context","enc-attention-dense","enc-post-attention-dropout","enc-2nd-layernorm","enc-MLP-GEMM-1","enc-MLP-gelu","enc-MLP-GEMM-2","enc-post-MLP-dropout","enc-1st-layernorm","enc-attention-qkv","enc-attention-score","enc-attention-softmax","enc-attention-dropout","enc-attention-context","enc-attention-dense","enc-post-attention-dropout","enc-2nd-layernorm","enc-MLP-GEMM-1","enc-MLP-gelu","enc-MLP-GEMM-2","enc-post-MLP-dropout","enc-1st-layernorm","enc-attention-qkv","enc-attention-score","enc-attention-softmax","enc-attention-dropout","enc-attention-context","enc-attention-dense","enc-post-attention-dropout","enc-2nd-layernorm","enc-MLP-GEMM-1","enc-MLP-gelu","enc-MLP-GEMM-2","enc-post-MLP-dropout","enc-1st-layernorm","enc-attention-qkv","enc-attention-score","enc-attention-softmax","enc-attention-dropout","enc-attention-context","enc-attention-dense","enc-post-attention-dropout","enc-2nd-layernorm","enc-MLP-GEMM-1","enc-MLP-gelu","enc-MLP-GEMM-2","enc-post-MLP-dropout","enc-1st-layernorm","enc-attention-qkv","enc-attention-score","enc-attention-softmax","enc-attention-dropout","enc-attention-context","enc-attention-dense","enc-post-attention-dropout","enc-2nd-layernorm","enc-MLP-GEMM-1","enc-MLP-gelu","enc-MLP-GEMM-2","enc-post-MLP-dropout","enc-1st-layernorm","enc-attention-qkv","enc-attention-score","enc-attention-softmax","enc-attention-dropout","enc-attention-context","enc-attention-dense","enc-post-attention-dropout","enc-2nd-layernorm","enc-MLP-GEMM-1","enc-MLP-gelu","enc-MLP-GEMM-2","enc-post-MLP-dropout","enc-1st-layernorm","enc-attention-qkv","enc-attention-score","enc-attention-softmax","enc-attention-dropout","enc-attention-context","enc-attention-dense","enc-post-attention-dropout","enc-2nd-layernorm","enc-MLP-GEMM-1","enc-MLP-gelu","enc-MLP-GEMM-2","enc-post-MLP-dropout","enc-1st-layernorm","enc-attention-qkv","enc-attention-score","enc-attention-softmax","enc-attention-dropout","enc-attention-context","enc-attention-dense","enc-post-attention-dropout","enc-2nd-layernorm","enc-MLP-GEMM-1","enc-MLP-gelu","enc-MLP-GEMM-2","enc-post-MLP-dropout","enc-1st-layernorm","enc-attention-qkv","enc-attention-score","enc-attention-softmax","enc-attention-dropout","enc-attention-context","enc-attention-dense","enc-post-attention-dropout","enc-2nd-layernorm","enc-MLP-GEMM-1","enc-MLP-gelu","enc-MLP-GEMM-2","enc-post-MLP-dropout","enc-1st-layernorm","enc-attention-qkv","enc-attention-score","enc-attention-softmax","enc-attention-dropout","enc-attention-context","enc-attention-dense","enc-post-attention-dropout","enc-2nd-layernorm","enc-MLP-GEMM-1","enc-MLP-gelu","enc-MLP-GEMM-2","enc-post-MLP-dropout","enc-1st-layernorm","enc-attention-qkv","enc-attention-score","enc-attention-softmax","enc-attention-dropout","enc-attention-context","enc-attention-dense","enc-post-attention-dropout","enc-2nd-layernorm","enc-MLP-GEMM-1","enc-MLP-gelu","enc-MLP-GEMM-2","enc-post-MLP-dropout","enc-1st-layernorm","enc-attention-qkv","enc-attention-score","enc-attention-softmax","enc-attention-dropout","enc-attention-context","enc-attention-dense","enc-post-attention-dropout","enc-2nd-layernorm","enc-MLP-GEMM-1","enc-MLP-gelu","enc-MLP-GEMM-2","enc-post-MLP-dropout","enc-1st-layernorm","enc-attention-qkv","enc-attention-score","enc-attention-softmax","enc-attention-dropout","enc-attention-context","enc-attention-dense","enc-post-attention-dropout","enc-2nd-layernorm","enc-MLP-GEMM-1","enc-MLP-gelu","enc-MLP-GEMM-2","enc-post-MLP-dropout","enc-1st-layernorm","enc-attention-qkv","enc-attention-score","enc-attention-softmax","enc-attention-dropout","enc-attention-context","enc-attention-dense","enc-post-attention-dropout","enc-2nd-layernorm","enc-MLP-GEMM-1","enc-MLP-gelu","enc-MLP-GEMM-2","enc-post-MLP-dropout","enc-1st-layernorm","enc-attention-qkv","enc-attention-score","enc-attention-softmax","enc-attention-dropout","enc-attention-context","enc-attention-dense","enc-post-attention-dropout","enc-2nd-layernorm","enc-MLP-GEMM-1","enc-MLP-gelu","enc-MLP-GEMM-2","enc-post-MLP-dropout","enc-1st-layernorm","enc-attention-qkv","enc-attention-score","enc-attention-softmax","enc-attention-dropout","enc-attention-context","enc-attention-dense","enc-post-attention-dropout","enc-2nd-layernorm","enc-MLP-GEMM-1","enc-MLP-gelu","enc-MLP-GEMM-2","enc-post-MLP-dropout","enc-1st-layernorm","enc-attention-qkv","enc-attention-score","enc-attention-softmax","enc-attention-dropout","enc-attention-context","enc-attention-dense","enc-post-attention-dropout","enc-2nd-layernorm","enc-MLP-GEMM-1","enc-MLP-gelu","enc-MLP-GEMM-2","enc-post-MLP-dropout","enc-1st-layernorm","enc-attention-qkv","enc-attention-score","enc-attention-softmax","enc-attention-dropout","enc-attention-context","enc-attention-dense","enc-post-attention-dropout","enc-2nd-layernorm","enc-MLP-GEMM-1","enc-MLP-gelu","enc-MLP-GEMM-2","enc-post-MLP-dropout","enc-1st-layernorm","enc-attention-qkv","enc-attention-score","enc-attention-softmax","enc-attention-dropout","enc-attention-context","enc-attention-dense","enc-post-attention-dropout","enc-2nd-layernorm","enc-MLP-GEMM-1","enc-MLP-gelu","enc-MLP-GEMM-2","enc-post-MLP-dropout","enc-1st-layernorm","enc-attention-qkv","enc-attention-score","enc-attention-softmax","enc-attention-dropout","enc-attention-context","enc-attention-dense","enc-post-attention-dropout","enc-2nd-layernorm","enc-MLP-GEMM-1","enc-MLP-gelu","enc-MLP-GEMM-2","enc-post-MLP-dropout","enc-1st-layernorm","enc-attention-qkv","enc-attention-score","enc-attention-softmax","enc-attention-dropout","enc-attention-context","enc-attention-dense","enc-post-attention-dropout","enc-2nd-layernorm","enc-MLP-GEMM-1","enc-MLP-gelu","enc-MLP-GEMM-2","enc-post-MLP-dropout","enc-1st-layernorm","enc-attention-qkv","enc-attention-score","enc-attention-softmax","enc-attention-dropout","enc-attention-context","enc-attention-dense","enc-post-attention-dropout","enc-2nd-layernorm","enc-MLP-GEMM-1","enc-MLP-gelu","enc-MLP-GEMM-2","enc-post-MLP-dropout","enc-1st-layernorm","enc-attention-qkv","enc-attention-score","enc-attention-softmax","enc-attention-dropout","enc-attention-context","enc-attention-dense","enc-post-attention-dropout","enc-2nd-layernorm","enc-MLP-GEMM-1","enc-MLP-gelu","enc-MLP-GEMM-2","enc-post-MLP-dropout","enc-1st-layernorm","enc-attention-qkv","enc-attention-score","enc-attention-softmax","enc-attention-dropout","enc-attention-context","enc-attention-dense","enc-post-attention-dropout","enc-2nd-layernorm","enc-MLP-GEMM-1","enc-MLP-gelu","enc-MLP-GEMM-2","enc-post-MLP-dropout","enc-1st-layernorm","enc-attention-qkv","enc-attention-score","enc-attention-softmax","enc-attention-dropout","enc-attention-context","enc-attention-dense","enc-post-attention-dropout","enc-2nd-layernorm","enc-MLP-GEMM-1","enc-MLP-gelu","enc-MLP-GEMM-2","enc-post-MLP-dropout","enc-1st-layernorm","enc-attention-qkv","enc-attention-score","enc-attention-softmax","enc-attention-dropout","enc-attention-context","enc-attention-dense","enc-post-attention-dropout","enc-2nd-layernorm","enc-MLP-GEMM-1","enc-MLP-gelu","enc-MLP-GEMM-2","enc-post-MLP-dropout","enc-1st-layernorm","enc-attention-qkv","enc-attention-score","enc-attention-softmax","enc-attention-dropout","enc-attention-context","enc-attention-dense","enc-post-attention-dropout","enc-2nd-layernorm","enc-MLP-GEMM-1","enc-MLP-gelu","enc-MLP-GEMM-2","enc-post-MLP-dropout","enc-1st-layernorm","enc-attention-qkv","enc-attention-score","enc-attention-softmax","enc-attention-dropout","enc-attention-context","enc-attention-dense","enc-post-attention-dropout","enc-2nd-layernorm","enc-MLP-GEMM-1","enc-MLP-gelu","enc-MLP-GEMM-2","enc-post-MLP-dropout","enc-1st-layernorm","enc-attention-qkv","enc-attention-score","enc-attention-softmax","enc-attention-dropout","enc-attention-context","enc-attention-dense","enc-post-attention-dropout","enc-2nd-layernorm","enc-MLP-GEMM-1","enc-MLP-gelu","enc-MLP-GEMM-2","enc-post-MLP-dropout","enc-1st-layernorm","enc-attention-qkv","enc-attention-score","enc-attention-softmax","enc-attention-dropout","enc-attention-context","enc-attention-dense","enc-post-attention-dropout","enc-2nd-layernorm","enc-MLP-GEMM-1","enc-MLP-gelu","enc-MLP-GEMM-2","enc-post-MLP-dropout","enc-1st-layernorm","enc-attention-qkv","enc-attention-score","enc-attention-softmax","enc-attention-dropout","enc-attention-context","enc-attention-dense","enc-post-attention-dropout","enc-2nd-layernorm","enc-MLP-GEMM-1","enc-MLP-gelu","enc-MLP-GEMM-2","enc-post-MLP-dropout","enc-1st-layernorm","enc-attention-qkv","enc-attention-score","enc-attention-softmax","enc-attention-dropout","enc-attention-context","enc-attention-dense","enc-post-attention-dropout","enc-2nd-layernorm","enc-MLP-GEMM-1","enc-MLP-gelu","enc-MLP-GEMM-2","enc-post-MLP-dropout","enc-1st-layernorm","enc-attention-qkv","enc-attention-score","enc-attention-softmax","enc-attention-dropout","enc-attention-context","enc-attention-dense","enc-post-attention-dropout","enc-2nd-layernorm","enc-MLP-GEMM-1","enc-MLP-gelu","enc-MLP-GEMM-2","enc-post-MLP-dropout","enc-1st-layernorm","enc-attention-qkv","enc-attention-score","enc-attention-softmax","enc-attention-dropout","enc-attention-context","enc-attention-dense","enc-post-attention-dropout","enc-2nd-layernorm","enc-MLP-GEMM-1","enc-MLP-gelu","enc-MLP-GEMM-2","enc-post-MLP-dropout","enc-1st-layernorm","enc-attention-qkv","enc-attention-score","enc-attention-softmax","enc-attention-dropout","enc-attention-context","enc-attention-dense","enc-post-attention-dropout","enc-2nd-layernorm","enc-MLP-GEMM-1","enc-MLP-gelu","enc-MLP-GEMM-2","enc-post-MLP-dropout","enc-1st-layernorm","enc-attention-qkv","enc-attention-score","enc-attention-softmax","enc-attention-dropout","enc-attention-context","enc-attention-dense","enc-post-attention-dropout","enc-2nd-layernorm","enc-MLP-GEMM-1","enc-MLP-gelu","enc-MLP-GEMM-2","enc-post-MLP-dropout","enc-1st-layernorm","enc-attention-qkv","enc-attention-score","enc-attention-softmax","enc-attention-dropout","enc-attention-context","enc-attention-dense","enc-post-attention-dropout","enc-2nd-layernorm","enc-MLP-GEMM-1","enc-MLP-gelu","enc-MLP-GEMM-2","enc-post-MLP-dropout","enc-1st-layernorm","enc-attention-qkv","enc-attention-score","enc-attention-softmax","enc-attention-dropout","enc-attention-context","enc-attention-dense","enc-post-attention-dropout","enc-2nd-layernorm","enc-MLP-GEMM-1","enc-MLP-gelu","enc-MLP-GEMM-2","enc-post-MLP-dropout","enc-1st-layernorm","enc-attention-qkv","enc-attention-score","enc-attention-softmax","enc-attention-dropout","enc-attention-context","enc-attention-dense","enc-post-attention-dropout","enc-2nd-layernorm","enc-MLP-GEMM-1","enc-MLP-gelu","enc-MLP-GEMM-2","enc-post-MLP-dropout","enc-1st-layernorm","enc-attention-qkv","enc-attention-score","enc-attention-softmax","enc-attention-dropout","enc-attention-context","enc-attention-dense","enc-post-attention-dropout","enc-2nd-layernorm","enc-MLP-GEMM-1","enc-MLP-gelu","enc-MLP-GEMM-2","enc-post-MLP-dropout","enc-1st-layernorm","enc-attention-qkv","enc-attention-score","enc-attention-softmax","enc-attention-dropout","enc-attention-context","enc-attention-dense","enc-post-attention-dropout","enc-2nd-layernorm","enc-MLP-GEMM-1","enc-MLP-gelu","enc-MLP-GEMM-2","enc-post-MLP-dropout","enc-1st-layernorm","enc-attention-qkv","enc-attention-score","enc-attention-softmax","enc-attention-dropout","enc-attention-context","enc-attention-dense","enc-post-attention-dropout","enc-2nd-layernorm","enc-MLP-GEMM-1","enc-MLP-gelu","enc-MLP-GEMM-2","enc-post-MLP-dropout","enc-1st-layernorm","enc-attention-qkv","enc-attention-score","enc-attention-softmax","enc-attention-dropout","enc-attention-context","enc-attention-dense","enc-post-attention-dropout","enc-2nd-layernorm","enc-MLP-GEMM-1","enc-MLP-gelu","enc-MLP-GEMM-2","enc-post-MLP-dropout","enc-1st-layernorm","enc-attention-qkv","enc-attention-score","enc-attention-softmax","enc-attention-dropout","enc-attention-context","enc-attention-dense","enc-post-attention-dropout","enc-2nd-layernorm","enc-MLP-GEMM-1","enc-MLP-gelu","enc-MLP-GEMM-2","enc-post-MLP-dropout","enc-1st-layernorm","enc-attention-qkv","enc-attention-score","enc-attention-softmax","enc-attention-dropout","enc-attention-context","enc-attention-dense","enc-post-attention-dropout","enc-2nd-layernorm","enc-MLP-GEMM-1","enc-MLP-gelu","enc-MLP-GEMM-2","enc-post-MLP-dropout","enc-1st-layernorm","enc-attention-qkv","enc-attention-score","enc-attention-softmax","enc-attention-dropout","enc-attention-context","enc-attention-dense","enc-post-attention-dropout","enc-2nd-layernorm","enc-MLP-GEMM-1","enc-MLP-gelu","enc-MLP-GEMM-2","enc-post-MLP-dropout","enc-1st-layernorm","enc-attention-qkv","enc-attention-score","enc-attention-softmax","enc-attention-dropout","enc-attention-context","enc-attention-dense","enc-post-attention-dropout","enc-2nd-layernorm","enc-MLP-GEMM-1","enc-MLP-gelu","enc-MLP-GEMM-2","enc-post-MLP-dropout","enc-1st-layernorm","enc-attention-qkv","enc-attention-score","enc-attention-softmax","enc-attention-dropout","enc-attention-context","enc-attention-dense","enc-post-attention-dropout","enc-2nd-layernorm","enc-MLP-GEMM-1","enc-MLP-gelu","enc-MLP-GEMM-2","enc-post-MLP-dropout","enc-1st-layernorm","enc-attention-qkv","enc-attention-score","enc-attention-softmax","enc-attention-dropout","enc-attention-context","enc-attention-dense","enc-post-attention-dropout","enc-2nd-layernorm","enc-MLP-GEMM-1","enc-MLP-gelu","enc-MLP-GEMM-2","enc-post-MLP-dropout","enc-1st-layernorm","enc-attention-qkv","enc-attention-score","enc-attention-softmax","enc-attention-dropout","enc-attention-context","enc-attention-dense","enc-post-attention-dropout","enc-2nd-layernorm","enc-MLP-GEMM-1","enc-MLP-gelu","enc-MLP-GEMM-2","enc-post-MLP-dropout","enc-1st-layernorm","enc-attention-qkv","enc-attention-score","enc-attention-softmax","enc-attention-dropout","enc-attention-context","enc-attention-dense","enc-post-attention-dropout","enc-2nd-layernorm","enc-MLP-GEMM-1","enc-MLP-gelu","enc-MLP-GEMM-2","enc-post-MLP-dropout","enc-1st-layernorm","enc-attention-qkv","enc-attention-score","enc-attention-softmax","enc-attention-dropout","enc-attention-context","enc-attention-dense","enc-post-attention-dropout","enc-2nd-layernorm","enc-MLP-GEMM-1","enc-MLP-gelu","enc-MLP-GEMM-2","enc-post-MLP-dropout","enc-1st-layernorm","enc-attention-qkv","enc-attention-score","enc-attention-softmax","enc-attention-dropout","enc-attention-context","enc-attention-dense","enc-post-attention-dropout","enc-2nd-layernorm","enc-MLP-GEMM-1","enc-MLP-gelu","enc-MLP-GEMM-2","enc-post-MLP-dropout","enc-1st-layernorm","enc-attention-qkv","enc-attention-score","enc-attention-softmax","enc-attention-dropout","enc-attention-context","enc-attention-dense","enc-post-attention-dropout","enc-2nd-layernorm","enc-MLP-GEMM-1","enc-MLP-gelu","enc-MLP-GEMM-2","enc-post-MLP-dropout","enc-1st-layernorm","enc-attention-qkv","enc-attention-score","enc-attention-softmax","enc-attention-dropout","enc-attention-context","enc-attention-dense","enc-post-attention-dropout","enc-2nd-layernorm","enc-MLP-GEMM-1","enc-MLP-gelu","enc-MLP-GEMM-2","enc-post-MLP-dropout","enc-1st-layernorm","enc-attention-qkv","enc-attention-score","enc-attention-softmax","enc-attention-dropout","enc-attention-context","enc-attention-dense","enc-post-attention-dropout","enc-2nd-layernorm","enc-MLP-GEMM-1","enc-MLP-gelu","enc-MLP-GEMM-2","enc-post-MLP-dropout","enc-1st-layernorm","enc-attention-qkv","enc-attention-score","enc-attention-softmax","enc-attention-dropout","enc-attention-context","enc-attention-dense","enc-post-attention-dropout","enc-2nd-layernorm","enc-MLP-GEMM-1","enc-MLP-gelu","enc-MLP-GEMM-2","enc-post-MLP-dropout","enc-1st-layernorm","enc-attention-qkv","enc-attention-score","enc-attention-softmax","enc-attention-dropout","enc-attention-context","enc-attention-dense","enc-post-attention-dropout","enc-2nd-layernorm","enc-MLP-GEMM-1","enc-MLP-gelu","enc-MLP-GEMM-2","enc-post-MLP-dropout","enc-1st-layernorm","enc-attention-qkv","enc-attention-score","enc-attention-softmax","enc-attention-dropout","enc-attention-context","enc-attention-dense","enc-post-attention-dropout","enc-2nd-layernorm","enc-MLP-GEMM-1","enc-MLP-gelu","enc-MLP-GEMM-2","enc-post-MLP-dropout","enc-1st-layernorm","enc-attention-qkv","enc-attention-score","enc-attention-softmax","enc-attention-dropout","enc-attention-context","enc-attention-dense","enc-post-attention-dropout","enc-2nd-layernorm",
[rank 1 recompute ops] enc-MLP-GEMM-1 enc-MLP-gelu enc-MLP-GEMM-2 enc-post-MLP-dropout enc-1st-layernorm enc-attention-qkv enc-attention-score enc-attention-softmax enc-attention-dropout enc-attention-context enc-post-attention-dropout enc-2nd-layernorm enc-MLP-GEMM-1 enc-MLP-gelu enc-MLP-GEMM-2 enc-post-MLP-dropout enc-1st-layernorm enc-attention-qkv enc-attention-score enc-attention-softmax enc-attention-dropout enc-attention-context enc-post-attention-dropout enc-2nd-layernorm enc-MLP-GEMM-1 enc-MLP-gelu enc-MLP-GEMM-2 enc-post-MLP-dropout enc-1st-layernorm enc-attention-qkv enc-attention-score enc-attention-softmax enc-attention-dropout enc-attention-context enc-post-attention-dropout enc-2nd-layernorm enc-MLP-GEMM-1 enc-MLP-gelu enc-MLP-GEMM-2 enc-post-MLP-dropout enc-1st-layernorm enc-attention-qkv enc-attention-score enc-attention-softmax enc-attention-dropout enc-attention-context enc-post-attention-dropout enc-2nd-layernorm enc-MLP-GEMM-1 enc-MLP-gelu enc-MLP-GEMM-2 enc-post-MLP-dropout enc-1st-layernorm enc-attention-qkv enc-attention-score enc-attention-softmax enc-attention-dropout enc-attention-context enc-post-attention-dropout enc-2nd-layernorm enc-MLP-GEMM-1 enc-MLP-gelu enc-MLP-GEMM-2 enc-post-MLP-dropout enc-1st-layernorm enc-attention-qkv enc-attention-score enc-attention-softmax enc-attention-dropout enc-attention-context enc-post-attention-dropout enc-2nd-layernorm enc-MLP-GEMM-1 enc-MLP-gelu enc-MLP-GEMM-2 enc-post-MLP-dropout enc-1st-layernorm enc-attention-qkv enc-attention-score enc-attention-softmax enc-attention-dropout enc-attention-context enc-post-attention-dropout enc-2nd-layernorm enc-MLP-GEMM-1 enc-MLP-gelu enc-MLP-GEMM-2 enc-post-MLP-dropout enc-1st-layernorm enc-attention-qkv enc-attention-score enc-attention-softmax enc-attention-dropout enc-attention-context enc-post-attention-dropout enc-2nd-layernorm enc-MLP-GEMM-1 enc-MLP-gelu enc-MLP-GEMM-2 enc-post-MLP-dropout enc-1st-layernorm enc-attention-qkv enc-attention-score enc-attention-softmax enc-attention-dropout enc-attention-context enc-post-attention-dropout enc-2nd-layernorm enc-MLP-GEMM-1 enc-MLP-gelu enc-MLP-GEMM-2 enc-post-MLP-dropout enc-1st-layernorm enc-attention-qkv enc-attention-score enc-attention-softmax enc-attention-dropout enc-attention-context enc-post-attention-dropout enc-2nd-layernorm enc-MLP-GEMM-1 enc-MLP-gelu enc-MLP-GEMM-2 enc-post-MLP-dropout enc-1st-layernorm enc-attention-qkv enc-attention-score enc-attention-softmax enc-attention-dropout enc-attention-context enc-post-attention-dropout enc-2nd-layernorm enc-MLP-GEMM-1 enc-MLP-gelu enc-MLP-GEMM-2 enc-post-MLP-dropout enc-1st-layernorm enc-attention-qkv enc-attention-score enc-attention-softmax enc-attention-dropout enc-attention-context enc-post-attention-dropout enc-2nd-layernorm enc-MLP-GEMM-1 enc-MLP-gelu enc-MLP-GEMM-2 enc-post-MLP-dropout enc-1st-layernorm enc-attention-qkv enc-attention-score enc-attention-softmax enc-attention-dropout enc-attention-context enc-post-attention-dropout enc-2nd-layernorm enc-MLP-GEMM-1 enc-MLP-gelu enc-MLP-GEMM-2 enc-post-MLP-dropout enc-1st-layernorm enc-attention-qkv enc-attention-score enc-attention-softmax enc-attention-dropout enc-attention-context enc-post-attention-dropout enc-2nd-layernorm enc-MLP-GEMM-1 enc-MLP-gelu enc-MLP-GEMM-2 enc-post-MLP-dropout enc-1st-layernorm enc-attention-qkv enc-attention-score enc-attention-softmax enc-attention-dropout enc-attention-context enc-post-attention-dropout enc-2nd-layernorm enc-MLP-GEMM-1 enc-MLP-gelu enc-MLP-GEMM-2 enc-post-MLP-dropout enc-1st-layernorm enc-attention-qkv enc-attention-score enc-attention-softmax enc-attention-dropout enc-attention-context enc-post-attention-dropout enc-2nd-layernorm enc-MLP-GEMM-1 enc-MLP-gelu enc-MLP-GEMM-2 enc-post-MLP-dropout enc-1st-layernorm enc-attention-qkv enc-attention-score enc-attention-softmax enc-attention-dropout enc-attention-context enc-post-attention-dropout enc-2nd-layernorm enc-MLP-GEMM-1 enc-MLP-gelu enc-MLP-GEMM-2 enc-post-MLP-dropout enc-1st-layernorm enc-attention-qkv enc-attention-score enc-attention-softmax enc-attention-dropout enc-attention-context enc-post-attention-dropout enc-2nd-layernorm enc-MLP-GEMM-1 enc-MLP-gelu enc-MLP-GEMM-2 enc-post-MLP-dropout enc-1st-layernorm enc-attention-qkv enc-attention-score enc-attention-softmax enc-attention-dropout enc-attention-context enc-post-attention-dropout enc-2nd-layernorm enc-MLP-GEMM-1 enc-MLP-gelu enc-MLP-GEMM-2 enc-post-MLP-dropout enc-1st-layernorm enc-attention-qkv enc-attention-score enc-attention-softmax enc-attention-dropout enc-attention-context enc-post-attention-dropout enc-2nd-layernorm enc-MLP-GEMM-1 enc-MLP-gelu enc-MLP-GEMM-2 enc-post-MLP-dropout enc-1st-layernorm enc-attention-qkv enc-attention-score enc-attention-softmax enc-attention-dropout enc-attention-context enc-post-attention-dropout enc-2nd-layernorm enc-MLP-GEMM-1 enc-MLP-gelu enc-MLP-GEMM-2 enc-post-MLP-dropout enc-1st-layernorm enc-attention-qkv enc-attention-score enc-attention-softmax enc-attention-dropout enc-attention-context enc-post-attention-dropout enc-2nd-layernorm enc-MLP-GEMM-1 enc-MLP-gelu enc-MLP-GEMM-2 enc-post-MLP-dropout enc-1st-layernorm enc-attention-qkv enc-attention-score enc-attention-softmax enc-attention-dropout enc-attention-context enc-post-attention-dropout enc-2nd-layernorm enc-MLP-GEMM-1 enc-MLP-gelu enc-MLP-GEMM-2 enc-post-MLP-dropout enc-1st-layernorm enc-attention-qkv enc-attention-score enc-attention-softmax enc-attention-dropout enc-attention-context enc-post-attention-dropout enc-2nd-layernorm enc-MLP-GEMM-1 enc-MLP-gelu enc-MLP-GEMM-2 enc-post-MLP-dropout enc-1st-layernorm enc-attention-qkv enc-attention-score enc-attention-softmax enc-attention-dropout enc-attention-context enc-post-attention-dropout enc-2nd-layernorm enc-MLP-GEMM-1 enc-MLP-gelu enc-MLP-GEMM-2 enc-post-MLP-dropout enc-1st-layernorm enc-attention-qkv enc-attention-score enc-attention-softmax enc-attention-dropout enc-attention-context enc-post-attention-dropout enc-2nd-layernorm enc-MLP-GEMM-1 enc-MLP-gelu enc-MLP-GEMM-2 enc-post-MLP-dropout enc-1st-layernorm enc-attention-qkv enc-attention-score enc-attention-softmax enc-attention-dropout enc-attention-context enc-post-attention-dropout enc-2nd-layernorm enc-MLP-GEMM-1 enc-MLP-gelu enc-MLP-GEMM-2 enc-post-MLP-dropout enc-1st-layernorm enc-attention-qkv enc-attention-score enc-attention-softmax enc-attention-dropout enc-attention-context enc-post-attention-dropout enc-2nd-layernorm enc-MLP-GEMM-1 enc-MLP-gelu enc-MLP-GEMM-2 enc-post-MLP-dropout enc-1st-layernorm enc-attention-qkv enc-attention-score enc-attention-softmax enc-attention-dropout enc-attention-context enc-post-attention-dropout enc-2nd-layernorm enc-MLP-GEMM-1 enc-MLP-gelu enc-MLP-GEMM-2 enc-post-MLP-dropout enc-1st-layernorm enc-attention-qkv enc-attention-score enc-attention-softmax enc-attention-dropout enc-attention-context enc-post-attention-dropout enc-2nd-layernorm enc-MLP-GEMM-1 enc-MLP-gelu enc-MLP-GEMM-2 enc-post-MLP-dropout enc-1st-layernorm enc-attention-qkv enc-attention-score enc-attention-softmax enc-attention-dropout enc-attention-context enc-post-attention-dropout enc-2nd-layernorm enc-MLP-GEMM-1 enc-MLP-gelu enc-MLP-GEMM-2 enc-post-MLP-dropout enc-1st-layernorm enc-attention-qkv enc-attention-score enc-attention-softmax enc-attention-dropout enc-attention-context enc-post-attention-dropout enc-2nd-layernorm enc-MLP-GEMM-1 enc-MLP-gelu enc-MLP-GEMM-2 enc-post-MLP-dropout enc-1st-layernorm enc-attention-qkv enc-attention-score enc-attention-softmax enc-attention-dropout enc-attention-context enc-post-attention-dropout enc-2nd-layernorm enc-MLP-GEMM-1 enc-MLP-gelu enc-MLP-GEMM-2 enc-post-MLP-dropout enc-1st-layernorm enc-attention-qkv enc-attention-score enc-attention-softmax enc-attention-dropout enc-attention-context enc-post-attention-dropout enc-2nd-layernorm enc-MLP-GEMM-1 enc-MLP-gelu enc-MLP-GEMM-2 enc-post-MLP-dropout enc-1st-layernorm enc-attention-qkv enc-attention-score enc-attention-softmax enc-attention-dropout enc-attention-context enc-post-attention-dropout enc-2nd-layernorm enc-MLP-GEMM-1 enc-MLP-gelu enc-MLP-GEMM-2 enc-post-MLP-dropout enc-1st-layernorm enc-attention-qkv enc-attention-score enc-attention-softmax enc-attention-dropout enc-attention-context enc-post-attention-dropout enc-2nd-layernorm enc-MLP-GEMM-1 enc-MLP-gelu enc-MLP-GEMM-2 enc-post-MLP-dropout enc-1st-layernorm enc-attention-qkv enc-attention-score enc-attention-softmax enc-attention-dropout enc-attention-context enc-post-attention-dropout enc-2nd-layernorm enc-MLP-GEMM-1 enc-MLP-gelu enc-MLP-GEMM-2 enc-post-MLP-dropout enc-1st-layernorm enc-attention-qkv enc-attention-score enc-attention-softmax enc-attention-dropout enc-attention-context enc-post-attention-dropout enc-2nd-layernorm enc-MLP-GEMM-1 enc-MLP-gelu enc-MLP-GEMM-2 enc-post-MLP-dropout enc-1st-layernorm enc-attention-qkv enc-attention-score enc-attention-softmax enc-attention-dropout enc-attention-context enc-post-attention-dropout enc-2nd-layernorm enc-MLP-GEMM-1 enc-MLP-gelu enc-MLP-GEMM-2 enc-post-MLP-dropout enc-1st-layernorm enc-attention-qkv enc-attention-score enc-attention-softmax enc-attention-dropout enc-attention-context enc-post-attention-dropout enc-2nd-layernorm enc-MLP-GEMM-1 enc-MLP-gelu enc-MLP-GEMM-2 enc-post-MLP-dropout enc-1st-layernorm enc-attention-qkv enc-attention-score enc-attention-softmax enc-attention-dropout enc-attention-context enc-post-attention-dropout enc-2nd-layernorm enc-MLP-GEMM-1 enc-MLP-gelu enc-MLP-GEMM-2 enc-post-MLP-dropout enc-1st-layernorm enc-attention-qkv enc-attention-score enc-attention-softmax enc-attention-dropout enc-attention-context enc-post-attention-dropout enc-2nd-layernorm enc-MLP-GEMM-1 enc-MLP-gelu enc-MLP-GEMM-2 enc-post-MLP-dropout enc-1st-layernorm enc-attention-qkv enc-attention-score enc-attention-softmax enc-attention-dropout enc-attention-context enc-post-attention-dropout enc-2nd-layernorm enc-MLP-GEMM-1 enc-MLP-gelu enc-MLP-GEMM-2 enc-post-MLP-dropout enc-1st-layernorm enc-attention-qkv enc-attention-score enc-attention-softmax enc-attention-dropout enc-attention-context enc-post-attention-dropout enc-2nd-layernorm enc-MLP-GEMM-1 enc-MLP-gelu enc-MLP-GEMM-2 enc-post-MLP-dropout enc-1st-layernorm enc-attention-qkv enc-attention-score enc-attention-softmax enc-attention-dropout enc-attention-context enc-post-attention-dropout enc-2nd-layernorm enc-MLP-GEMM-1 enc-MLP-gelu enc-MLP-GEMM-2 enc-post-MLP-dropout enc-1st-layernorm enc-attention-qkv enc-attention-score enc-attention-softmax enc-attention-dropout enc-attention-context enc-post-attention-dropout enc-2nd-layernorm enc-MLP-GEMM-1 enc-MLP-gelu enc-MLP-GEMM-2 enc-post-MLP-dropout enc-1st-layernorm enc-attention-qkv enc-attention-score enc-attention-softmax enc-attention-dropout enc-attention-context enc-post-attention-dropout enc-2nd-layernorm enc-MLP-GEMM-1 enc-MLP-gelu enc-MLP-GEMM-2 enc-post-MLP-dropout enc-1st-layernorm enc-attention-qkv enc-attention-score enc-attention-softmax enc-attention-dropout enc-attention-context enc-post-attention-dropout enc-2nd-layernorm enc-MLP-GEMM-1 enc-MLP-gelu enc-MLP-GEMM-2 enc-post-MLP-dropout enc-1st-layernorm enc-attention-qkv enc-attention-score enc-attention-softmax enc-attention-dropout enc-attention-context enc-post-attention-dropout enc-2nd-layernorm enc-MLP-GEMM-1 enc-MLP-gelu enc-MLP-GEMM-2 enc-post-MLP-dropout enc-1st-layernorm enc-attention-qkv enc-attention-score enc-attention-softmax enc-attention-dropout enc-attention-context enc-post-attention-dropout enc-2nd-layernorm enc-MLP-GEMM-1 enc-MLP-gelu enc-MLP-GEMM-2 enc-post-MLP-dropout enc-1st-layernorm enc-attention-qkv enc-attention-score enc-attention-softmax enc-attention-dropout enc-attention-context enc-post-attention-dropout enc-2nd-layernorm enc-MLP-GEMM-1 enc-MLP-gelu enc-MLP-GEMM-2 enc-post-MLP-dropout enc-1st-layernorm enc-attention-qkv enc-attention-score enc-attention-softmax enc-attention-dropout enc-attention-context enc-post-attention-dropout enc-2nd-layernorm enc-MLP-GEMM-1 enc-MLP-gelu enc-MLP-GEMM-2 enc-post-MLP-dropout enc-1st-layernorm enc-attention-qkv enc-attention-score enc-attention-softmax enc-attention-dropout enc-attention-context enc-post-attention-dropout enc-2nd-layernorm enc-MLP-GEMM-1 enc-MLP-gelu enc-MLP-GEMM-2 enc-post-MLP-dropout enc-1st-layernorm enc-attention-qkv enc-attention-score enc-attention-softmax enc-attention-dropout enc-attention-context enc-post-attention-dropout enc-2nd-layernorm enc-MLP-GEMM-1 enc-MLP-gelu enc-MLP-GEMM-2 enc-post-MLP-dropout enc-1st-layernorm enc-attention-qkv enc-attention-score enc-attention-softmax enc-attention-dropout enc-attention-context enc-post-attention-dropout enc-2nd-layernorm enc-MLP-GEMM-1 enc-MLP-gelu enc-MLP-GEMM-2 enc-post-MLP-dropout enc-1st-layernorm enc-attention-qkv enc-attention-score enc-attention-softmax enc-attention-dropout enc-attention-context enc-post-attention-dropout enc-2nd-layernorm enc-MLP-GEMM-1 enc-MLP-gelu enc-MLP-GEMM-2 enc-post-MLP-dropout enc-1st-layernorm enc-attention-qkv enc-attention-score enc-attention-softmax enc-attention-dropout enc-attention-context enc-post-attention-dropout enc-2nd-layernorm enc-MLP-GEMM-1 enc-MLP-gelu enc-MLP-GEMM-2 enc-post-MLP-dropout enc-1st-layernorm enc-attention-qkv enc-attention-score enc-attention-softmax enc-attention-dropout enc-attention-context enc-post-attention-dropout enc-2nd-layernorm enc-MLP-GEMM-1 enc-MLP-gelu enc-MLP-GEMM-2 enc-post-MLP-dropout enc-1st-layernorm enc-attention-qkv enc-attention-score enc-attention-softmax enc-attention-dropout enc-attention-context enc-post-attention-dropout enc-2nd-layernorm enc-MLP-GEMM-1 enc-MLP-gelu enc-MLP-GEMM-2 enc-post-MLP-dropout enc-1st-layernorm enc-attention-qkv enc-attention-score enc-attention-softmax enc-attention-dropout enc-attention-context enc-post-attention-dropout enc-2nd-layernorm enc-MLP-GEMM-1 enc-MLP-gelu enc-MLP-GEMM-2 enc-post-MLP-dropout enc-1st-layernorm enc-attention-qkv enc-attention-score enc-attention-softmax enc-attention-dropout enc-attention-context enc-post-attention-dropout enc-2nd-layernorm enc-MLP-GEMM-1 enc-MLP-gelu enc-MLP-GEMM-2 enc-post-MLP-dropout enc-1st-layernorm enc-attention-qkv enc-attention-score enc-attention-softmax enc-attention-dropout enc-attention-context enc-post-attention-dropout enc-2nd-layernorm enc-MLP-GEMM-1 enc-MLP-gelu enc-MLP-GEMM-2 enc-post-MLP-dropout enc-1st-layernorm enc-attention-qkv enc-attention-score enc-attention-softmax enc-attention-dropout enc-attention-context enc-post-attention-dropout enc-2nd-layernorm 
[rank 5 all ops] "enc-attention-dropout","enc-attention-context","enc-attention-dense","enc-post-attention-dropout","enc-2nd-layernorm","enc-MLP-GEMM-1","enc-MLP-gelu","enc-MLP-GEMM-2","enc-post-MLP-dropout","enc-1st-layernorm","enc-attention-qkv","enc-attention-score","enc-attention-softmax","enc-attention-dropout","enc-attention-context","enc-attention-dense","enc-post-attention-dropout","enc-2nd-layernorm","enc-MLP-GEMM-1","enc-MLP-gelu","enc-MLP-GEMM-2","enc-post-MLP-dropout","enc-1st-layernorm","enc-attention-qkv","enc-attention-score","enc-attention-softmax","enc-attention-dropout","enc-attention-context","enc-attention-dense","enc-post-attention-dropout","enc-2nd-layernorm","enc-MLP-GEMM-1","enc-MLP-gelu","enc-MLP-GEMM-2","enc-post-MLP-dropout","enc-1st-layernorm","enc-attention-qkv","enc-attention-score","enc-attention-softmax","enc-attention-dropout","enc-attention-context","enc-attention-dense","enc-post-attention-dropout","enc-2nd-layernorm","enc-MLP-GEMM-1","enc-MLP-gelu","enc-MLP-GEMM-2","enc-post-MLP-dropout","enc-1st-layernorm","enc-attention-qkv","enc-attention-score","enc-attention-softmax","enc-attention-dropout","enc-attention-context","enc-attention-dense","enc-post-attention-dropout","enc-2nd-layernorm","enc-MLP-GEMM-1","enc-MLP-gelu","enc-MLP-GEMM-2","enc-post-MLP-dropout","enc-1st-layernorm","enc-attention-qkv","enc-attention-score","enc-attention-softmax","enc-attention-dropout","enc-attention-context","enc-attention-dense","enc-post-attention-dropout","enc-2nd-layernorm","enc-MLP-GEMM-1","enc-MLP-gelu","enc-MLP-GEMM-2","enc-post-MLP-dropout","enc-1st-layernorm","enc-attention-qkv","enc-attention-score","enc-attention-softmax","enc-attention-dropout","enc-attention-context","enc-attention-dense","enc-post-attention-dropout","enc-2nd-layernorm","enc-MLP-GEMM-1","enc-MLP-gelu","enc-MLP-GEMM-2","enc-post-MLP-dropout","enc-1st-layernorm","enc-attention-qkv","enc-attention-score","enc-attention-softmax","enc-attention-dropout","enc-attention-context","enc-attention-dense","enc-post-attention-dropout","enc-2nd-layernorm","enc-MLP-GEMM-1","enc-MLP-gelu","enc-MLP-GEMM-2","enc-post-MLP-dropout","enc-1st-layernorm","enc-attention-qkv","enc-attention-score","enc-attention-softmax","enc-attention-dropout","enc-attention-context","enc-attention-dense","enc-post-attention-dropout","enc-2nd-layernorm","enc-MLP-GEMM-1","enc-MLP-gelu","enc-MLP-GEMM-2","enc-post-MLP-dropout","enc-1st-layernorm","enc-attention-qkv","enc-attention-score","enc-attention-softmax","enc-attention-dropout","enc-attention-context","enc-attention-dense","enc-post-attention-dropout","enc-2nd-layernorm","enc-MLP-GEMM-1","enc-MLP-gelu","enc-MLP-GEMM-2","enc-post-MLP-dropout","enc-1st-layernorm","enc-attention-qkv","enc-attention-score","enc-attention-softmax","enc-attention-dropout","enc-attention-context","enc-attention-dense","enc-post-attention-dropout","enc-2nd-layernorm","enc-MLP-GEMM-1","enc-MLP-gelu","enc-MLP-GEMM-2","enc-post-MLP-dropout","enc-1st-layernorm","enc-attention-qkv","enc-attention-score","enc-attention-softmax","enc-attention-dropout","enc-attention-context","enc-attention-dense","enc-post-attention-dropout","enc-2nd-layernorm","enc-MLP-GEMM-1","enc-MLP-gelu","enc-MLP-GEMM-2","enc-post-MLP-dropout","enc-1st-layernorm","enc-attention-qkv","enc-attention-score","enc-attention-softmax","enc-attention-dropout","enc-attention-context","enc-attention-dense","enc-post-attention-dropout","enc-2nd-layernorm","enc-MLP-GEMM-1","enc-MLP-gelu","enc-MLP-GEMM-2","enc-post-MLP-dropout","enc-1st-layernorm","enc-attention-qkv","enc-attention-score","enc-attention-softmax","enc-attention-dropout","enc-attention-context","enc-attention-dense","enc-post-attention-dropout","enc-2nd-layernorm","enc-MLP-GEMM-1","enc-MLP-gelu","enc-MLP-GEMM-2","enc-post-MLP-dropout","enc-1st-layernorm","enc-attention-qkv","enc-attention-score","enc-attention-softmax","enc-attention-dropout","enc-attention-context","enc-attention-dense","enc-post-attention-dropout","enc-2nd-layernorm","enc-MLP-GEMM-1","enc-MLP-gelu","enc-MLP-GEMM-2","enc-post-MLP-dropout","enc-1st-layernorm","enc-attention-qkv","enc-attention-score","enc-attention-softmax","enc-attention-dropout","enc-attention-context","enc-attention-dense","enc-post-attention-dropout","enc-2nd-layernorm","enc-MLP-GEMM-1","enc-MLP-gelu","enc-MLP-GEMM-2","enc-post-MLP-dropout","enc-1st-layernorm","enc-attention-qkv","enc-attention-score","enc-attention-softmax","enc-attention-dropout","enc-attention-context","enc-attention-dense","enc-post-attention-dropout","enc-2nd-layernorm","enc-MLP-GEMM-1","enc-MLP-gelu","enc-MLP-GEMM-2","enc-post-MLP-dropout","enc-1st-layernorm","enc-attention-qkv","enc-attention-score","enc-attention-softmax","enc-attention-dropout","enc-attention-context","enc-attention-dense","enc-post-attention-dropout","enc-2nd-layernorm","enc-MLP-GEMM-1","enc-MLP-gelu","enc-MLP-GEMM-2","enc-post-MLP-dropout","enc-1st-layernorm","enc-attention-qkv","enc-attention-score","enc-attention-softmax","enc-attention-dropout","enc-attention-context","enc-attention-dense","enc-post-attention-dropout","enc-2nd-layernorm","enc-MLP-GEMM-1","enc-MLP-gelu","enc-MLP-GEMM-2","enc-post-MLP-dropout","enc-1st-layernorm","enc-attention-qkv","enc-attention-score","enc-attention-softmax","enc-attention-dropout","enc-attention-context","enc-attention-dense","enc-post-attention-dropout","enc-2nd-layernorm","enc-MLP-GEMM-1","enc-MLP-gelu","enc-MLP-GEMM-2","enc-post-MLP-dropout","enc-1st-layernorm","enc-attention-qkv","enc-attention-score","enc-attention-softmax","enc-attention-dropout","enc-attention-context","enc-attention-dense","enc-post-attention-dropout","enc-2nd-layernorm","enc-MLP-GEMM-1","enc-MLP-gelu","enc-MLP-GEMM-2","enc-post-MLP-dropout","enc-1st-layernorm","enc-attention-qkv","enc-attention-score","enc-attention-softmax","enc-attention-dropout","enc-attention-context","enc-attention-dense","enc-post-attention-dropout","enc-2nd-layernorm","enc-MLP-GEMM-1","enc-MLP-gelu","enc-MLP-GEMM-2","enc-post-MLP-dropout","enc-1st-layernorm","enc-attention-qkv","enc-attention-score","enc-attention-softmax","enc-attention-dropout","enc-attention-context","enc-attention-dense","enc-post-attention-dropout","enc-2nd-layernorm","enc-MLP-GEMM-1","enc-MLP-gelu","enc-MLP-GEMM-2","enc-post-MLP-dropout","enc-1st-layernorm","enc-attention-qkv","enc-attention-score","enc-attention-softmax","enc-attention-dropout","enc-attention-context","enc-attention-dense","enc-post-attention-dropout","enc-2nd-layernorm","enc-MLP-GEMM-1","enc-MLP-gelu","enc-MLP-GEMM-2","enc-post-MLP-dropout","enc-1st-layernorm","enc-attention-qkv","enc-attention-score","enc-attention-softmax","enc-attention-dropout","enc-attention-context","enc-attention-dense","enc-post-attention-dropout","enc-2nd-layernorm","enc-MLP-GEMM-1","enc-MLP-gelu","enc-MLP-GEMM-2","enc-post-MLP-dropout","enc-1st-layernorm","enc-attention-qkv","enc-attention-score","enc-attention-softmax","enc-attention-dropout","enc-attention-context","enc-attention-dense","enc-post-attention-dropout","enc-2nd-layernorm","enc-MLP-GEMM-1","enc-MLP-gelu","enc-MLP-GEMM-2","enc-post-MLP-dropout","enc-1st-layernorm","enc-attention-qkv","enc-attention-score","enc-attention-softmax","enc-attention-dropout","enc-attention-context","enc-attention-dense","enc-post-attention-dropout","enc-2nd-layernorm","enc-MLP-GEMM-1","enc-MLP-gelu","enc-MLP-GEMM-2","enc-post-MLP-dropout","enc-1st-layernorm","enc-attention-qkv","enc-attention-score","enc-attention-softmax","enc-attention-dropout","enc-attention-context","enc-attention-dense","enc-post-attention-dropout","enc-2nd-layernorm","enc-MLP-GEMM-1","enc-MLP-gelu","enc-MLP-GEMM-2","enc-post-MLP-dropout","enc-1st-layernorm","enc-attention-qkv","enc-attention-score","enc-attention-softmax","enc-attention-dropout","enc-attention-context","enc-attention-dense","enc-post-attention-dropout","enc-2nd-layernorm","enc-MLP-GEMM-1","enc-MLP-gelu","enc-MLP-GEMM-2","enc-post-MLP-dropout","enc-1st-layernorm","enc-attention-qkv","enc-attention-score","enc-attention-softmax","enc-attention-dropout","enc-attention-context","enc-attention-dense","enc-post-attention-dropout","enc-2nd-layernorm","enc-MLP-GEMM-1","enc-MLP-gelu","enc-MLP-GEMM-2","enc-post-MLP-dropout","enc-1st-layernorm","enc-attention-qkv","enc-attention-score","enc-attention-softmax","enc-attention-dropout","enc-attention-context","enc-attention-dense","enc-post-attention-dropout","enc-2nd-layernorm","enc-MLP-GEMM-1","enc-MLP-gelu","enc-MLP-GEMM-2","enc-post-MLP-dropout","enc-1st-layernorm","enc-attention-qkv","enc-attention-score","enc-attention-softmax","enc-attention-dropout","enc-attention-context","enc-attention-dense","enc-post-attention-dropout","enc-2nd-layernorm","enc-MLP-GEMM-1","enc-MLP-gelu","enc-MLP-GEMM-2","enc-post-MLP-dropout","enc-1st-layernorm","enc-attention-qkv","enc-attention-score","enc-attention-softmax","enc-attention-dropout","enc-attention-context","enc-attention-dense","enc-post-attention-dropout","enc-2nd-layernorm","enc-MLP-GEMM-1","enc-MLP-gelu","enc-MLP-GEMM-2","enc-post-MLP-dropout","enc-1st-layernorm","enc-attention-qkv","enc-attention-score","enc-attention-softmax","enc-attention-dropout","enc-attention-context","enc-attention-dense","enc-post-attention-dropout","enc-2nd-layernorm","enc-MLP-GEMM-1","enc-MLP-gelu","enc-MLP-GEMM-2","enc-post-MLP-dropout","enc-1st-layernorm","enc-attention-qkv","enc-attention-score","enc-attention-softmax","enc-attention-dropout","enc-attention-context","enc-attention-dense","enc-post-attention-dropout","enc-2nd-layernorm","enc-MLP-GEMM-1","enc-MLP-gelu","enc-MLP-GEMM-2","enc-post-MLP-dropout","enc-1st-layernorm","enc-attention-qkv","enc-attention-score","enc-attention-softmax","enc-attention-dropout","enc-attention-context","enc-attention-dense","enc-post-attention-dropout","enc-2nd-layernorm","enc-MLP-GEMM-1","enc-MLP-gelu","enc-MLP-GEMM-2","enc-post-MLP-dropout","enc-1st-layernorm","enc-attention-qkv","enc-attention-score","enc-attention-softmax","enc-attention-dropout","enc-attention-context","enc-attention-dense","enc-post-attention-dropout","enc-2nd-layernorm","enc-MLP-GEMM-1","enc-MLP-gelu","enc-MLP-GEMM-2","enc-post-MLP-dropout","enc-1st-layernorm","enc-attention-qkv","enc-attention-score","enc-attention-softmax","enc-attention-dropout","enc-attention-context","enc-attention-dense","enc-post-attention-dropout","enc-2nd-layernorm","enc-MLP-GEMM-1","enc-MLP-gelu","enc-MLP-GEMM-2","enc-post-MLP-dropout","enc-1st-layernorm","enc-attention-qkv","enc-attention-score","enc-attention-softmax","enc-attention-dropout","enc-attention-context","enc-attention-dense","enc-post-attention-dropout","enc-2nd-layernorm","enc-MLP-GEMM-1","enc-MLP-gelu","enc-MLP-GEMM-2","enc-post-MLP-dropout","enc-1st-layernorm","enc-attention-qkv","enc-attention-score","enc-attention-softmax","enc-attention-dropout","enc-attention-context","enc-attention-dense","enc-post-attention-dropout","enc-2nd-layernorm","enc-MLP-GEMM-1","enc-MLP-gelu","enc-MLP-GEMM-2","enc-post-MLP-dropout","enc-1st-layernorm","enc-attention-qkv","enc-attention-score","enc-attention-softmax","enc-attention-dropout","enc-attention-context","enc-attention-dense","enc-post-attention-dropout","enc-2nd-layernorm","enc-MLP-GEMM-1","enc-MLP-gelu","enc-MLP-GEMM-2","enc-post-MLP-dropout","enc-1st-layernorm","enc-attention-qkv","enc-attention-score","enc-attention-softmax","enc-attention-dropout","enc-attention-context","enc-attention-dense","enc-post-attention-dropout","enc-2nd-layernorm","enc-MLP-GEMM-1","enc-MLP-gelu","enc-MLP-GEMM-2","enc-post-MLP-dropout","enc-1st-layernorm","enc-attention-qkv","enc-attention-score","enc-attention-softmax","enc-attention-dropout","enc-attention-context","enc-attention-dense","enc-post-attention-dropout","enc-2nd-layernorm","enc-MLP-GEMM-1","enc-MLP-gelu","enc-MLP-GEMM-2","enc-post-MLP-dropout","enc-1st-layernorm","enc-attention-qkv","enc-attention-score","enc-attention-softmax","enc-attention-dropout","enc-attention-context","enc-attention-dense","enc-post-attention-dropout","enc-2nd-layernorm","enc-MLP-GEMM-1","enc-MLP-gelu","enc-MLP-GEMM-2","enc-post-MLP-dropout","enc-1st-layernorm","enc-attention-qkv","enc-attention-score","enc-attention-softmax","enc-attention-dropout","enc-attention-context","enc-attention-dense","enc-post-attention-dropout","enc-2nd-layernorm","enc-MLP-GEMM-1","enc-MLP-gelu","enc-MLP-GEMM-2","enc-post-MLP-dropout","enc-1st-layernorm","enc-attention-qkv","enc-attention-score","enc-attention-softmax","enc-attention-dropout","enc-attention-context","enc-attention-dense","enc-post-attention-dropout","enc-2nd-layernorm","enc-MLP-GEMM-1","enc-MLP-gelu","enc-MLP-GEMM-2","enc-post-MLP-dropout","enc-1st-layernorm","enc-attention-qkv","enc-attention-score","enc-attention-softmax","enc-attention-dropout","enc-attention-context","enc-attention-dense","enc-post-attention-dropout","enc-2nd-layernorm","enc-MLP-GEMM-1","enc-MLP-gelu","enc-MLP-GEMM-2","enc-post-MLP-dropout","enc-1st-layernorm","enc-attention-qkv","enc-attention-score","enc-attention-softmax","enc-attention-dropout","enc-attention-context","enc-attention-dense","enc-post-attention-dropout","enc-2nd-layernorm","enc-MLP-GEMM-1","enc-MLP-gelu","enc-MLP-GEMM-2","enc-post-MLP-dropout","enc-1st-layernorm","enc-attention-qkv","enc-attention-score","enc-attention-softmax","enc-attention-dropout","enc-attention-context","enc-attention-dense","enc-post-attention-dropout","enc-2nd-layernorm","enc-MLP-GEMM-1","enc-MLP-gelu","enc-MLP-GEMM-2","enc-post-MLP-dropout","enc-1st-layernorm","enc-attention-qkv","enc-attention-score","enc-attention-softmax","enc-attention-dropout","enc-attention-context","enc-attention-dense","enc-post-attention-dropout","enc-2nd-layernorm","enc-MLP-GEMM-1","enc-MLP-gelu","enc-MLP-GEMM-2","enc-post-MLP-dropout","enc-1st-layernorm","enc-attention-qkv","enc-attention-score","enc-attention-softmax","enc-attention-dropout","enc-attention-context","enc-attention-dense","enc-post-attention-dropout","enc-2nd-layernorm","enc-MLP-GEMM-1","enc-MLP-gelu","enc-MLP-GEMM-2","enc-post-MLP-dropout","enc-1st-layernorm","enc-attention-qkv","enc-attention-score","enc-attention-softmax","enc-attention-dropout","enc-attention-context","enc-attention-dense","enc-post-attention-dropout","enc-2nd-layernorm","enc-MLP-GEMM-1","enc-MLP-gelu","enc-MLP-GEMM-2","enc-post-MLP-dropout","enc-1st-layernorm","enc-attention-qkv","enc-attention-score","enc-attention-softmax","enc-attention-dropout","enc-attention-context","enc-attention-dense","enc-post-attention-dropout","enc-2nd-layernorm","enc-MLP-GEMM-1","enc-MLP-gelu","enc-MLP-GEMM-2","enc-post-MLP-dropout","enc-1st-layernorm","enc-attention-qkv","enc-attention-score","enc-attention-softmax","enc-attention-dropout","enc-attention-context","enc-attention-dense","enc-post-attention-dropout","enc-2nd-layernorm","enc-MLP-GEMM-1","enc-MLP-gelu","enc-MLP-GEMM-2","enc-post-MLP-dropout","enc-1st-layernorm","enc-attention-qkv","enc-attention-score","enc-attention-softmax","enc-attention-dropout","enc-attention-context","enc-attention-dense","enc-post-attention-dropout","enc-2nd-layernorm","enc-MLP-GEMM-1","enc-MLP-gelu","enc-MLP-GEMM-2","enc-post-MLP-dropout","enc-1st-layernorm","enc-attention-qkv","enc-attention-score","enc-attention-softmax","enc-attention-dropout","enc-attention-context","enc-attention-dense","enc-post-attention-dropout","enc-2nd-layernorm","enc-MLP-GEMM-1","enc-MLP-gelu","enc-MLP-GEMM-2","enc-post-MLP-dropout","enc-1st-layernorm","enc-attention-qkv","enc-attention-score","enc-attention-softmax","enc-attention-dropout","enc-attention-context","enc-attention-dense","enc-post-attention-dropout","enc-2nd-layernorm","enc-MLP-GEMM-1","enc-MLP-gelu","enc-MLP-GEMM-2","enc-post-MLP-dropout","enc-1st-layernorm","enc-attention-qkv","enc-attention-score","enc-attention-softmax","enc-attention-dropout","enc-attention-context","enc-attention-dense","enc-post-attention-dropout","enc-2nd-layernorm","enc-MLP-GEMM-1","enc-MLP-gelu","enc-MLP-GEMM-2","enc-post-MLP-dropout","enc-1st-layernorm","enc-attention-qkv","enc-attention-score","enc-attention-softmax","enc-attention-dropout","enc-attention-context","enc-attention-dense","enc-post-attention-dropout","enc-2nd-layernorm","enc-MLP-GEMM-1","enc-MLP-gelu","enc-MLP-GEMM-2","enc-post-MLP-dropout","enc-1st-layernorm","enc-attention-qkv","enc-attention-score","enc-attention-softmax","enc-attention-dropout","enc-attention-context","enc-attention-dense","enc-post-attention-dropout","enc-2nd-layernorm","enc-MLP-GEMM-1","enc-MLP-gelu","enc-MLP-GEMM-2","enc-post-MLP-dropout","enc-1st-layernorm","enc-attention-qkv","enc-attention-score","enc-attention-softmax","enc-attention-dropout","enc-attention-context","enc-attention-dense","enc-post-attention-dropout","enc-2nd-layernorm","enc-MLP-GEMM-1","enc-MLP-gelu","enc-MLP-GEMM-2","enc-post-MLP-dropout","enc-1st-layernorm","enc-attention-qkv","enc-attention-score","enc-attention-softmax","enc-attention-dropout","enc-attention-context","enc-attention-dense","enc-post-attention-dropout","enc-2nd-layernorm","enc-MLP-GEMM-1","enc-MLP-gelu","enc-MLP-GEMM-2","enc-post-MLP-dropout","enc-1st-layernorm","enc-attention-qkv","enc-attention-score","enc-attention-softmax","enc-attention-dropout","enc-attention-context","enc-attention-dense","enc-post-attention-dropout","enc-2nd-layernorm","enc-MLP-GEMM-1","enc-MLP-gelu","enc-MLP-GEMM-2","enc-post-MLP-dropout","enc-1st-layernorm","enc-attention-qkv","enc-attention-score","enc-attention-softmax","enc-attention-dropout","enc-attention-context","enc-attention-dense","enc-post-attention-dropout","enc-2nd-layernorm","enc-MLP-GEMM-1","enc-MLP-gelu","enc-MLP-GEMM-2","enc-post-MLP-dropout","enc-1st-layernorm","enc-attention-qkv","enc-attention-score","enc-attention-softmax",
[rank 5 recompute ops] enc-attention-dropout enc-attention-context enc-post-attention-dropout enc-2nd-layernorm enc-MLP-GEMM-1 enc-MLP-gelu enc-attention-qkv enc-attention-score enc-attention-softmax enc-attention-dropout enc-attention-context enc-MLP-GEMM-1 enc-MLP-gelu enc-attention-qkv enc-attention-score enc-attention-softmax enc-attention-dropout enc-attention-context enc-MLP-GEMM-1 enc-MLP-gelu enc-attention-qkv enc-attention-score enc-attention-softmax enc-attention-dropout enc-attention-context enc-MLP-GEMM-1 enc-MLP-gelu enc-attention-qkv enc-attention-score enc-attention-softmax enc-attention-dropout enc-attention-context enc-MLP-GEMM-1 enc-MLP-gelu enc-attention-qkv enc-attention-score enc-attention-softmax enc-attention-dropout enc-attention-context enc-MLP-GEMM-1 enc-MLP-gelu enc-attention-qkv enc-attention-score enc-attention-softmax enc-attention-dropout enc-attention-context enc-MLP-GEMM-1 enc-MLP-gelu enc-attention-qkv enc-attention-score enc-attention-softmax enc-attention-dropout enc-attention-context enc-MLP-GEMM-1 enc-MLP-gelu enc-attention-qkv enc-attention-score enc-attention-softmax enc-attention-dropout enc-attention-context enc-MLP-GEMM-1 enc-MLP-gelu enc-attention-qkv enc-attention-score enc-attention-softmax enc-attention-dropout enc-attention-context enc-MLP-GEMM-1 enc-MLP-gelu enc-attention-qkv enc-attention-score enc-attention-softmax enc-attention-dropout enc-attention-context enc-MLP-GEMM-1 enc-MLP-gelu enc-attention-qkv enc-attention-score enc-attention-softmax enc-attention-dropout enc-attention-context enc-MLP-GEMM-1 enc-MLP-gelu enc-attention-qkv enc-attention-score enc-attention-softmax enc-attention-dropout enc-attention-context enc-MLP-GEMM-1 enc-MLP-gelu enc-attention-qkv enc-attention-score enc-attention-softmax enc-attention-dropout enc-attention-context enc-MLP-GEMM-1 enc-MLP-gelu enc-attention-qkv enc-attention-score enc-attention-softmax enc-attention-dropout enc-attention-context enc-MLP-GEMM-1 enc-MLP-gelu enc-attention-qkv enc-attention-score enc-attention-softmax enc-attention-dropout enc-attention-context enc-MLP-GEMM-1 enc-MLP-gelu enc-attention-qkv enc-attention-score enc-attention-softmax enc-attention-dropout enc-attention-context enc-MLP-GEMM-1 enc-MLP-gelu enc-attention-qkv enc-attention-score enc-attention-softmax enc-attention-dropout enc-attention-context enc-MLP-GEMM-1 enc-MLP-gelu enc-attention-qkv enc-attention-score enc-attention-softmax enc-attention-dropout enc-attention-context enc-MLP-GEMM-1 enc-MLP-gelu enc-attention-qkv enc-attention-score enc-attention-softmax enc-attention-dropout enc-attention-context enc-MLP-GEMM-1 enc-MLP-gelu enc-attention-qkv enc-attention-score enc-attention-softmax enc-attention-dropout enc-attention-context enc-MLP-GEMM-1 enc-MLP-gelu enc-attention-qkv enc-attention-score enc-attention-softmax enc-attention-dropout enc-attention-context enc-MLP-GEMM-1 enc-MLP-gelu enc-attention-qkv enc-attention-score enc-attention-softmax enc-attention-dropout enc-attention-context enc-MLP-GEMM-1 enc-MLP-gelu enc-attention-qkv enc-attention-score enc-attention-softmax enc-attention-dropout enc-attention-context enc-MLP-GEMM-1 enc-MLP-gelu enc-attention-qkv enc-attention-score enc-attention-softmax enc-attention-dropout enc-attention-context enc-MLP-GEMM-1 enc-MLP-gelu enc-attention-qkv enc-attention-score enc-attention-softmax enc-attention-dropout enc-attention-context enc-MLP-GEMM-1 enc-MLP-gelu enc-attention-qkv enc-attention-score enc-attention-softmax enc-attention-dropout enc-attention-context enc-MLP-GEMM-1 enc-MLP-gelu enc-attention-qkv enc-attention-score enc-attention-softmax enc-attention-dropout enc-attention-context enc-MLP-GEMM-1 enc-MLP-gelu enc-attention-qkv enc-attention-score enc-attention-softmax enc-attention-dropout enc-attention-context enc-MLP-GEMM-1 enc-MLP-gelu enc-attention-qkv enc-attention-score enc-attention-softmax enc-attention-dropout enc-attention-context enc-MLP-GEMM-1 enc-MLP-gelu enc-attention-qkv enc-attention-score enc-attention-softmax enc-attention-dropout enc-attention-context enc-MLP-GEMM-1 enc-MLP-gelu enc-attention-qkv enc-attention-score enc-attention-softmax enc-attention-dropout enc-attention-context enc-MLP-GEMM-1 enc-MLP-gelu enc-attention-qkv enc-attention-score enc-attention-softmax enc-attention-dropout enc-attention-context enc-MLP-GEMM-1 enc-MLP-gelu enc-attention-qkv enc-attention-score enc-attention-softmax enc-attention-dropout enc-attention-context enc-MLP-GEMM-1 enc-MLP-gelu enc-attention-qkv enc-attention-score enc-attention-softmax enc-attention-dropout enc-attention-context enc-MLP-GEMM-1 enc-MLP-gelu enc-attention-qkv enc-attention-score enc-attention-softmax enc-attention-dropout enc-attention-context enc-MLP-GEMM-1 enc-MLP-gelu enc-attention-qkv enc-attention-score enc-attention-softmax enc-attention-dropout enc-attention-context enc-MLP-GEMM-1 enc-MLP-gelu enc-attention-qkv enc-attention-score enc-attention-softmax enc-attention-dropout enc-attention-context enc-MLP-GEMM-1 enc-MLP-gelu enc-attention-qkv enc-attention-score enc-attention-softmax enc-attention-dropout enc-attention-context enc-MLP-GEMM-1 enc-MLP-gelu enc-attention-qkv enc-attention-score enc-attention-softmax enc-attention-dropout enc-attention-context enc-MLP-GEMM-1 enc-MLP-gelu enc-attention-qkv enc-attention-score enc-attention-softmax enc-attention-dropout enc-attention-context enc-MLP-GEMM-1 enc-MLP-gelu enc-attention-qkv enc-attention-score enc-attention-softmax enc-attention-dropout enc-attention-context enc-MLP-GEMM-1 enc-MLP-gelu enc-attention-qkv enc-attention-score enc-attention-softmax enc-attention-dropout enc-attention-context enc-MLP-GEMM-1 enc-MLP-gelu enc-attention-qkv enc-attention-score enc-attention-softmax enc-attention-dropout enc-attention-context enc-MLP-GEMM-1 enc-MLP-gelu enc-attention-qkv enc-attention-score enc-attention-softmax enc-attention-dropout enc-attention-context enc-MLP-GEMM-1 enc-MLP-gelu enc-attention-qkv enc-attention-score enc-attention-softmax enc-attention-dropout enc-attention-context enc-MLP-GEMM-1 enc-MLP-gelu enc-attention-qkv enc-attention-score enc-attention-softmax enc-attention-dropout enc-attention-context enc-MLP-GEMM-1 enc-MLP-gelu enc-attention-qkv enc-attention-score enc-attention-softmax enc-attention-dropout enc-attention-context enc-MLP-GEMM-1 enc-MLP-gelu enc-attention-qkv enc-attention-score enc-attention-softmax enc-attention-dropout enc-attention-context enc-MLP-GEMM-1 enc-MLP-gelu enc-attention-qkv enc-attention-score enc-attention-softmax enc-attention-dropout enc-attention-context enc-MLP-GEMM-1 enc-MLP-gelu enc-attention-qkv enc-attention-score enc-attention-softmax enc-attention-dropout enc-attention-context enc-MLP-GEMM-1 enc-MLP-gelu enc-attention-qkv enc-attention-score enc-attention-softmax enc-attention-dropout enc-attention-context enc-MLP-GEMM-1 enc-MLP-gelu enc-attention-qkv enc-attention-score enc-attention-softmax enc-attention-dropout enc-attention-context enc-MLP-GEMM-1 enc-MLP-gelu enc-attention-qkv enc-attention-score enc-attention-softmax enc-attention-dropout enc-attention-context enc-MLP-GEMM-1 enc-MLP-gelu enc-attention-qkv enc-attention-score enc-attention-softmax enc-attention-dropout enc-attention-context enc-MLP-GEMM-1 enc-MLP-gelu enc-attention-qkv enc-attention-score enc-attention-softmax enc-attention-dropout enc-attention-context enc-MLP-GEMM-1 enc-MLP-gelu enc-attention-qkv enc-attention-score enc-attention-softmax enc-attention-dropout enc-attention-context enc-MLP-GEMM-1 enc-MLP-gelu enc-attention-score enc-attention-softmax enc-attention-dropout enc-attention-context enc-MLP-GEMM-1 enc-MLP-gelu enc-attention-score enc-attention-softmax enc-attention-dropout enc-attention-context enc-MLP-GEMM-1 enc-MLP-gelu enc-attention-score enc-attention-softmax enc-attention-dropout enc-attention-context enc-MLP-GEMM-1 enc-MLP-gelu enc-attention-score enc-attention-softmax enc-attention-dropout enc-attention-context enc-MLP-GEMM-1 enc-MLP-gelu enc-attention-score enc-attention-softmax enc-attention-dropout enc-attention-context enc-MLP-GEMM-1 enc-MLP-gelu enc-attention-score enc-attention-softmax enc-attention-dropout enc-attention-context enc-MLP-GEMM-1 enc-MLP-gelu enc-attention-score enc-attention-softmax enc-attention-dropout enc-attention-context enc-MLP-GEMM-1 enc-MLP-gelu enc-attention-score enc-attention-softmax 
[rank 4 all ops] "enc-attention-context","enc-attention-dense","enc-post-attention-dropout","enc-2nd-layernorm","enc-MLP-GEMM-1","enc-MLP-gelu","enc-MLP-GEMM-2","enc-post-MLP-dropout","enc-1st-layernorm","enc-attention-qkv","enc-attention-score","enc-attention-softmax","enc-attention-dropout","enc-attention-context","enc-attention-dense","enc-post-attention-dropout","enc-2nd-layernorm","enc-MLP-GEMM-1","enc-MLP-gelu","enc-MLP-GEMM-2","enc-post-MLP-dropout","enc-1st-layernorm","enc-attention-qkv","enc-attention-score","enc-attention-softmax","enc-attention-dropout","enc-attention-context","enc-attention-dense","enc-post-attention-dropout","enc-2nd-layernorm","enc-MLP-GEMM-1","enc-MLP-gelu","enc-MLP-GEMM-2","enc-post-MLP-dropout","enc-1st-layernorm","enc-attention-qkv","enc-attention-score","enc-attention-softmax","enc-attention-dropout","enc-attention-context","enc-attention-dense","enc-post-attention-dropout","enc-2nd-layernorm","enc-MLP-GEMM-1","enc-MLP-gelu","enc-MLP-GEMM-2","enc-post-MLP-dropout","enc-1st-layernorm","enc-attention-qkv","enc-attention-score","enc-attention-softmax","enc-attention-dropout","enc-attention-context","enc-attention-dense","enc-post-attention-dropout","enc-2nd-layernorm","enc-MLP-GEMM-1","enc-MLP-gelu","enc-MLP-GEMM-2","enc-post-MLP-dropout","enc-1st-layernorm","enc-attention-qkv","enc-attention-score","enc-attention-softmax","enc-attention-dropout","enc-attention-context","enc-attention-dense","enc-post-attention-dropout","enc-2nd-layernorm","enc-MLP-GEMM-1","enc-MLP-gelu","enc-MLP-GEMM-2","enc-post-MLP-dropout","enc-1st-layernorm","enc-attention-qkv","enc-attention-score","enc-attention-softmax","enc-attention-dropout","enc-attention-context","enc-attention-dense","enc-post-attention-dropout","enc-2nd-layernorm","enc-MLP-GEMM-1","enc-MLP-gelu","enc-MLP-GEMM-2","enc-post-MLP-dropout","enc-1st-layernorm","enc-attention-qkv","enc-attention-score","enc-attention-softmax","enc-attention-dropout","enc-attention-context","enc-attention-dense","enc-post-attention-dropout","enc-2nd-layernorm","enc-MLP-GEMM-1","enc-MLP-gelu","enc-MLP-GEMM-2","enc-post-MLP-dropout","enc-1st-layernorm","enc-attention-qkv","enc-attention-score","enc-attention-softmax","enc-attention-dropout","enc-attention-context","enc-attention-dense","enc-post-attention-dropout","enc-2nd-layernorm","enc-MLP-GEMM-1","enc-MLP-gelu","enc-MLP-GEMM-2","enc-post-MLP-dropout","enc-1st-layernorm","enc-attention-qkv","enc-attention-score","enc-attention-softmax","enc-attention-dropout","enc-attention-context","enc-attention-dense","enc-post-attention-dropout","enc-2nd-layernorm","enc-MLP-GEMM-1","enc-MLP-gelu","enc-MLP-GEMM-2","enc-post-MLP-dropout","enc-1st-layernorm","enc-attention-qkv","enc-attention-score","enc-attention-softmax","enc-attention-dropout","enc-attention-context","enc-attention-dense","enc-post-attention-dropout","enc-2nd-layernorm","enc-MLP-GEMM-1","enc-MLP-gelu","enc-MLP-GEMM-2","enc-post-MLP-dropout","enc-1st-layernorm","enc-attention-qkv","enc-attention-score","enc-attention-softmax","enc-attention-dropout","enc-attention-context","enc-attention-dense","enc-post-attention-dropout","enc-2nd-layernorm","enc-MLP-GEMM-1","enc-MLP-gelu","enc-MLP-GEMM-2","enc-post-MLP-dropout","enc-1st-layernorm","enc-attention-qkv","enc-attention-score","enc-attention-softmax","enc-attention-dropout","enc-attention-context","enc-attention-dense","enc-post-attention-dropout","enc-2nd-layernorm","enc-MLP-GEMM-1","enc-MLP-gelu","enc-MLP-GEMM-2","enc-post-MLP-dropout","enc-1st-layernorm","enc-attention-qkv","enc-attention-score","enc-attention-softmax","enc-attention-dropout","enc-attention-context","enc-attention-dense","enc-post-attention-dropout","enc-2nd-layernorm","enc-MLP-GEMM-1","enc-MLP-gelu","enc-MLP-GEMM-2","enc-post-MLP-dropout","enc-1st-layernorm","enc-attention-qkv","enc-attention-score","enc-attention-softmax","enc-attention-dropout","enc-attention-context","enc-attention-dense","enc-post-attention-dropout","enc-2nd-layernorm","enc-MLP-GEMM-1","enc-MLP-gelu","enc-MLP-GEMM-2","enc-post-MLP-dropout","enc-1st-layernorm","enc-attention-qkv","enc-attention-score","enc-attention-softmax","enc-attention-dropout","enc-attention-context","enc-attention-dense","enc-post-attention-dropout","enc-2nd-layernorm","enc-MLP-GEMM-1","enc-MLP-gelu","enc-MLP-GEMM-2","enc-post-MLP-dropout","enc-1st-layernorm","enc-attention-qkv","enc-attention-score","enc-attention-softmax","enc-attention-dropout","enc-attention-context","enc-attention-dense","enc-post-attention-dropout","enc-2nd-layernorm","enc-MLP-GEMM-1","enc-MLP-gelu","enc-MLP-GEMM-2","enc-post-MLP-dropout","enc-1st-layernorm","enc-attention-qkv","enc-attention-score","enc-attention-softmax","enc-attention-dropout","enc-attention-context","enc-attention-dense","enc-post-attention-dropout","enc-2nd-layernorm","enc-MLP-GEMM-1","enc-MLP-gelu","enc-MLP-GEMM-2","enc-post-MLP-dropout","enc-1st-layernorm","enc-attention-qkv","enc-attention-score","enc-attention-softmax","enc-attention-dropout","enc-attention-context","enc-attention-dense","enc-post-attention-dropout","enc-2nd-layernorm","enc-MLP-GEMM-1","enc-MLP-gelu","enc-MLP-GEMM-2","enc-post-MLP-dropout","enc-1st-layernorm","enc-attention-qkv","enc-attention-score","enc-attention-softmax","enc-attention-dropout","enc-attention-context","enc-attention-dense","enc-post-attention-dropout","enc-2nd-layernorm","enc-MLP-GEMM-1","enc-MLP-gelu","enc-MLP-GEMM-2","enc-post-MLP-dropout","enc-1st-layernorm","enc-attention-qkv","enc-attention-score","enc-attention-softmax","enc-attention-dropout","enc-attention-context","enc-attention-dense","enc-post-attention-dropout","enc-2nd-layernorm","enc-MLP-GEMM-1","enc-MLP-gelu","enc-MLP-GEMM-2","enc-post-MLP-dropout","enc-1st-layernorm","enc-attention-qkv","enc-attention-score","enc-attention-softmax","enc-attention-dropout","enc-attention-context","enc-attention-dense","enc-post-attention-dropout","enc-2nd-layernorm","enc-MLP-GEMM-1","enc-MLP-gelu","enc-MLP-GEMM-2","enc-post-MLP-dropout","enc-1st-layernorm","enc-attention-qkv","enc-attention-score","enc-attention-softmax","enc-attention-dropout","enc-attention-context","enc-attention-dense","enc-post-attention-dropout","enc-2nd-layernorm","enc-MLP-GEMM-1","enc-MLP-gelu","enc-MLP-GEMM-2","enc-post-MLP-dropout","enc-1st-layernorm","enc-attention-qkv","enc-attention-score","enc-attention-softmax","enc-attention-dropout","enc-attention-context","enc-attention-dense","enc-post-attention-dropout","enc-2nd-layernorm","enc-MLP-GEMM-1","enc-MLP-gelu","enc-MLP-GEMM-2","enc-post-MLP-dropout","enc-1st-layernorm","enc-attention-qkv","enc-attention-score","enc-attention-softmax","enc-attention-dropout","enc-attention-context","enc-attention-dense","enc-post-attention-dropout","enc-2nd-layernorm","enc-MLP-GEMM-1","enc-MLP-gelu","enc-MLP-GEMM-2","enc-post-MLP-dropout","enc-1st-layernorm","enc-attention-qkv","enc-attention-score","enc-attention-softmax","enc-attention-dropout","enc-attention-context","enc-attention-dense","enc-post-attention-dropout","enc-2nd-layernorm","enc-MLP-GEMM-1","enc-MLP-gelu","enc-MLP-GEMM-2","enc-post-MLP-dropout","enc-1st-layernorm","enc-attention-qkv","enc-attention-score","enc-attention-softmax","enc-attention-dropout","enc-attention-context","enc-attention-dense","enc-post-attention-dropout","enc-2nd-layernorm","enc-MLP-GEMM-1","enc-MLP-gelu","enc-MLP-GEMM-2","enc-post-MLP-dropout","enc-1st-layernorm","enc-attention-qkv","enc-attention-score","enc-attention-softmax","enc-attention-dropout","enc-attention-context","enc-attention-dense","enc-post-attention-dropout","enc-2nd-layernorm","enc-MLP-GEMM-1","enc-MLP-gelu","enc-MLP-GEMM-2","enc-post-MLP-dropout","enc-1st-layernorm","enc-attention-qkv","enc-attention-score","enc-attention-softmax","enc-attention-dropout","enc-attention-context","enc-attention-dense","enc-post-attention-dropout","enc-2nd-layernorm","enc-MLP-GEMM-1","enc-MLP-gelu","enc-MLP-GEMM-2","enc-post-MLP-dropout","enc-1st-layernorm","enc-attention-qkv","enc-attention-score","enc-attention-softmax","enc-attention-dropout","enc-attention-context","enc-attention-dense","enc-post-attention-dropout","enc-2nd-layernorm","enc-MLP-GEMM-1","enc-MLP-gelu","enc-MLP-GEMM-2","enc-post-MLP-dropout","enc-1st-layernorm","enc-attention-qkv","enc-attention-score","enc-attention-softmax","enc-attention-dropout","enc-attention-context","enc-attention-dense","enc-post-attention-dropout","enc-2nd-layernorm","enc-MLP-GEMM-1","enc-MLP-gelu","enc-MLP-GEMM-2","enc-post-MLP-dropout","enc-1st-layernorm","enc-attention-qkv","enc-attention-score","enc-attention-softmax","enc-attention-dropout","enc-attention-context","enc-attention-dense","enc-post-attention-dropout","enc-2nd-layernorm","enc-MLP-GEMM-1","enc-MLP-gelu","enc-MLP-GEMM-2","enc-post-MLP-dropout","enc-1st-layernorm","enc-attention-qkv","enc-attention-score","enc-attention-softmax","enc-attention-dropout","enc-attention-context","enc-attention-dense","enc-post-attention-dropout","enc-2nd-layernorm","enc-MLP-GEMM-1","enc-MLP-gelu","enc-MLP-GEMM-2","enc-post-MLP-dropout","enc-1st-layernorm","enc-attention-qkv","enc-attention-score","enc-attention-softmax","enc-attention-dropout","enc-attention-context","enc-attention-dense","enc-post-attention-dropout","enc-2nd-layernorm","enc-MLP-GEMM-1","enc-MLP-gelu","enc-MLP-GEMM-2","enc-post-MLP-dropout","enc-1st-layernorm","enc-attention-qkv","enc-attention-score","enc-attention-softmax","enc-attention-dropout","enc-attention-context","enc-attention-dense","enc-post-attention-dropout","enc-2nd-layernorm","enc-MLP-GEMM-1","enc-MLP-gelu","enc-MLP-GEMM-2","enc-post-MLP-dropout","enc-1st-layernorm","enc-attention-qkv","enc-attention-score","enc-attention-softmax","enc-attention-dropout","enc-attention-context","enc-attention-dense","enc-post-attention-dropout","enc-2nd-layernorm","enc-MLP-GEMM-1","enc-MLP-gelu","enc-MLP-GEMM-2","enc-post-MLP-dropout","enc-1st-layernorm","enc-attention-qkv","enc-attention-score","enc-attention-softmax","enc-attention-dropout","enc-attention-context","enc-attention-dense","enc-post-attention-dropout","enc-2nd-layernorm","enc-MLP-GEMM-1","enc-MLP-gelu","enc-MLP-GEMM-2","enc-post-MLP-dropout","enc-1st-layernorm","enc-attention-qkv","enc-attention-score","enc-attention-softmax","enc-attention-dropout","enc-attention-context","enc-attention-dense","enc-post-attention-dropout","enc-2nd-layernorm","enc-MLP-GEMM-1","enc-MLP-gelu","enc-MLP-GEMM-2","enc-post-MLP-dropout","enc-1st-layernorm","enc-attention-qkv","enc-attention-score","enc-attention-softmax","enc-attention-dropout","enc-attention-context","enc-attention-dense","enc-post-attention-dropout","enc-2nd-layernorm","enc-MLP-GEMM-1","enc-MLP-gelu","enc-MLP-GEMM-2","enc-post-MLP-dropout","enc-1st-layernorm","enc-attention-qkv","enc-attention-score","enc-attention-softmax","enc-attention-dropout","enc-attention-context","enc-attention-dense","enc-post-attention-dropout","enc-2nd-layernorm","enc-MLP-GEMM-1","enc-MLP-gelu","enc-MLP-GEMM-2","enc-post-MLP-dropout","enc-1st-layernorm","enc-attention-qkv","enc-attention-score","enc-attention-softmax","enc-attention-dropout","enc-attention-context","enc-attention-dense","enc-post-attention-dropout","enc-2nd-layernorm","enc-MLP-GEMM-1","enc-MLP-gelu","enc-MLP-GEMM-2","enc-post-MLP-dropout","enc-1st-layernorm","enc-attention-qkv","enc-attention-score","enc-attention-softmax","enc-attention-dropout","enc-attention-context","enc-attention-dense","enc-post-attention-dropout","enc-2nd-layernorm","enc-MLP-GEMM-1","enc-MLP-gelu","enc-MLP-GEMM-2","enc-post-MLP-dropout","enc-1st-layernorm","enc-attention-qkv","enc-attention-score","enc-attention-softmax","enc-attention-dropout","enc-attention-context","enc-attention-dense","enc-post-attention-dropout","enc-2nd-layernorm","enc-MLP-GEMM-1","enc-MLP-gelu","enc-MLP-GEMM-2","enc-post-MLP-dropout","enc-1st-layernorm","enc-attention-qkv","enc-attention-score","enc-attention-softmax","enc-attention-dropout","enc-attention-context","enc-attention-dense","enc-post-attention-dropout","enc-2nd-layernorm","enc-MLP-GEMM-1","enc-MLP-gelu","enc-MLP-GEMM-2","enc-post-MLP-dropout","enc-1st-layernorm","enc-attention-qkv","enc-attention-score","enc-attention-softmax","enc-attention-dropout","enc-attention-context","enc-attention-dense","enc-post-attention-dropout","enc-2nd-layernorm","enc-MLP-GEMM-1","enc-MLP-gelu","enc-MLP-GEMM-2","enc-post-MLP-dropout","enc-1st-layernorm","enc-attention-qkv","enc-attention-score","enc-attention-softmax","enc-attention-dropout","enc-attention-context","enc-attention-dense","enc-post-attention-dropout","enc-2nd-layernorm","enc-MLP-GEMM-1","enc-MLP-gelu","enc-MLP-GEMM-2","enc-post-MLP-dropout","enc-1st-layernorm","enc-attention-qkv","enc-attention-score","enc-attention-softmax","enc-attention-dropout","enc-attention-context","enc-attention-dense","enc-post-attention-dropout","enc-2nd-layernorm","enc-MLP-GEMM-1","enc-MLP-gelu","enc-MLP-GEMM-2","enc-post-MLP-dropout","enc-1st-layernorm","enc-attention-qkv","enc-attention-score","enc-attention-softmax","enc-attention-dropout","enc-attention-context","enc-attention-dense","enc-post-attention-dropout","enc-2nd-layernorm","enc-MLP-GEMM-1","enc-MLP-gelu","enc-MLP-GEMM-2","enc-post-MLP-dropout","enc-1st-layernorm","enc-attention-qkv","enc-attention-score","enc-attention-softmax","enc-attention-dropout","enc-attention-context","enc-attention-dense","enc-post-attention-dropout","enc-2nd-layernorm","enc-MLP-GEMM-1","enc-MLP-gelu","enc-MLP-GEMM-2","enc-post-MLP-dropout","enc-1st-layernorm","enc-attention-qkv","enc-attention-score","enc-attention-softmax","enc-attention-dropout","enc-attention-context","enc-attention-dense","enc-post-attention-dropout","enc-2nd-layernorm","enc-MLP-GEMM-1","enc-MLP-gelu","enc-MLP-GEMM-2","enc-post-MLP-dropout","enc-1st-layernorm","enc-attention-qkv","enc-attention-score","enc-attention-softmax","enc-attention-dropout","enc-attention-context","enc-attention-dense","enc-post-attention-dropout","enc-2nd-layernorm","enc-MLP-GEMM-1","enc-MLP-gelu","enc-MLP-GEMM-2","enc-post-MLP-dropout","enc-1st-layernorm","enc-attention-qkv","enc-attention-score","enc-attention-softmax","enc-attention-dropout","enc-attention-context","enc-attention-dense","enc-post-attention-dropout","enc-2nd-layernorm","enc-MLP-GEMM-1","enc-MLP-gelu","enc-MLP-GEMM-2","enc-post-MLP-dropout","enc-1st-layernorm","enc-attention-qkv","enc-attention-score","enc-attention-softmax","enc-attention-dropout","enc-attention-context","enc-attention-dense","enc-post-attention-dropout","enc-2nd-layernorm","enc-MLP-GEMM-1","enc-MLP-gelu","enc-MLP-GEMM-2","enc-post-MLP-dropout","enc-1st-layernorm","enc-attention-qkv","enc-attention-score","enc-attention-softmax","enc-attention-dropout","enc-attention-context","enc-attention-dense","enc-post-attention-dropout","enc-2nd-layernorm","enc-MLP-GEMM-1","enc-MLP-gelu","enc-MLP-GEMM-2","enc-post-MLP-dropout","enc-1st-layernorm","enc-attention-qkv","enc-attention-score","enc-attention-softmax","enc-attention-dropout","enc-attention-context","enc-attention-dense","enc-post-attention-dropout","enc-2nd-layernorm","enc-MLP-GEMM-1","enc-MLP-gelu","enc-MLP-GEMM-2","enc-post-MLP-dropout","enc-1st-layernorm","enc-attention-qkv","enc-attention-score","enc-attention-softmax","enc-attention-dropout","enc-attention-context","enc-attention-dense","enc-post-attention-dropout","enc-2nd-layernorm","enc-MLP-GEMM-1","enc-MLP-gelu","enc-MLP-GEMM-2","enc-post-MLP-dropout","enc-1st-layernorm","enc-attention-qkv","enc-attention-score","enc-attention-softmax","enc-attention-dropout","enc-attention-context","enc-attention-dense","enc-post-attention-dropout","enc-2nd-layernorm","enc-MLP-GEMM-1","enc-MLP-gelu","enc-MLP-GEMM-2","enc-post-MLP-dropout","enc-1st-layernorm","enc-attention-qkv","enc-attention-score","enc-attention-softmax","enc-attention-dropout","enc-attention-context","enc-attention-dense","enc-post-attention-dropout","enc-2nd-layernorm","enc-MLP-GEMM-1","enc-MLP-gelu","enc-MLP-GEMM-2","enc-post-MLP-dropout","enc-1st-layernorm","enc-attention-qkv","enc-attention-score","enc-attention-softmax","enc-attention-dropout","enc-attention-context","enc-attention-dense","enc-post-attention-dropout","enc-2nd-layernorm","enc-MLP-GEMM-1","enc-MLP-gelu","enc-MLP-GEMM-2","enc-post-MLP-dropout","enc-1st-layernorm","enc-attention-qkv","enc-attention-score","enc-attention-softmax","enc-attention-dropout","enc-attention-context","enc-attention-dense","enc-post-attention-dropout","enc-2nd-layernorm","enc-MLP-GEMM-1","enc-MLP-gelu","enc-MLP-GEMM-2","enc-post-MLP-dropout","enc-1st-layernorm","enc-attention-qkv","enc-attention-score","enc-attention-softmax","enc-attention-dropout","enc-attention-context","enc-attention-dense","enc-post-attention-dropout","enc-2nd-layernorm","enc-MLP-GEMM-1","enc-MLP-gelu","enc-MLP-GEMM-2","enc-post-MLP-dropout","enc-1st-layernorm","enc-attention-qkv","enc-attention-score","enc-attention-softmax","enc-attention-dropout","enc-attention-context","enc-attention-dense","enc-post-attention-dropout","enc-2nd-layernorm","enc-MLP-GEMM-1","enc-MLP-gelu","enc-MLP-GEMM-2","enc-post-MLP-dropout","enc-1st-layernorm","enc-attention-qkv","enc-attention-score","enc-attention-softmax","enc-attention-dropout","enc-attention-context","enc-attention-dense","enc-post-attention-dropout","enc-2nd-layernorm","enc-MLP-GEMM-1","enc-MLP-gelu","enc-MLP-GEMM-2","enc-post-MLP-dropout","enc-1st-layernorm","enc-attention-qkv","enc-attention-score","enc-attention-softmax","enc-attention-dropout","enc-attention-context","enc-attention-dense","enc-post-attention-dropout","enc-2nd-layernorm","enc-MLP-GEMM-1","enc-MLP-gelu","enc-MLP-GEMM-2","enc-post-MLP-dropout","enc-1st-layernorm","enc-attention-qkv","enc-attention-score","enc-attention-softmax",
[rank 4 recompute ops] enc-attention-dense enc-post-attention-dropout enc-2nd-layernorm enc-MLP-GEMM-1 enc-MLP-gelu enc-post-MLP-dropout enc-1st-layernorm enc-attention-qkv enc-attention-score enc-attention-softmax enc-attention-dropout enc-attention-context enc-attention-dense enc-post-attention-dropout enc-2nd-layernorm enc-MLP-GEMM-1 enc-MLP-gelu enc-post-MLP-dropout enc-1st-layernorm enc-attention-qkv enc-attention-score enc-attention-softmax enc-attention-dropout enc-attention-context enc-attention-dense enc-post-attention-dropout enc-2nd-layernorm enc-MLP-GEMM-1 enc-MLP-gelu enc-post-MLP-dropout enc-1st-layernorm enc-attention-qkv enc-attention-score enc-attention-softmax enc-attention-dropout enc-attention-context enc-attention-dense enc-post-attention-dropout enc-2nd-layernorm enc-MLP-GEMM-1 enc-MLP-gelu enc-post-MLP-dropout enc-1st-layernorm enc-attention-qkv enc-attention-score enc-attention-softmax enc-attention-dropout enc-attention-context enc-attention-dense enc-post-attention-dropout enc-2nd-layernorm enc-MLP-GEMM-1 enc-MLP-gelu enc-post-MLP-dropout enc-1st-layernorm enc-attention-qkv enc-attention-score enc-attention-softmax enc-attention-dropout enc-attention-context enc-attention-dense enc-post-attention-dropout enc-2nd-layernorm enc-MLP-GEMM-1 enc-MLP-gelu enc-post-MLP-dropout enc-1st-layernorm enc-attention-qkv enc-attention-score enc-attention-softmax enc-attention-dropout enc-attention-context enc-attention-dense enc-post-attention-dropout enc-2nd-layernorm enc-MLP-GEMM-1 enc-MLP-gelu enc-post-MLP-dropout enc-1st-layernorm enc-attention-qkv enc-attention-score enc-attention-softmax enc-attention-dropout enc-attention-context enc-attention-dense enc-post-attention-dropout enc-2nd-layernorm enc-MLP-GEMM-1 enc-MLP-gelu enc-post-MLP-dropout enc-1st-layernorm enc-attention-qkv enc-attention-score enc-attention-softmax enc-attention-dropout enc-attention-context enc-post-attention-dropout enc-2nd-layernorm enc-MLP-GEMM-1 enc-MLP-gelu enc-post-MLP-dropout enc-1st-layernorm enc-attention-qkv enc-attention-score enc-attention-softmax enc-attention-dropout enc-attention-context enc-post-attention-dropout enc-2nd-layernorm enc-MLP-GEMM-1 enc-MLP-gelu enc-post-MLP-dropout enc-1st-layernorm enc-attention-qkv enc-attention-score enc-attention-softmax enc-attention-dropout enc-attention-context enc-post-attention-dropout enc-2nd-layernorm enc-MLP-GEMM-1 enc-MLP-gelu enc-post-MLP-dropout enc-1st-layernorm enc-attention-qkv enc-attention-score enc-attention-softmax enc-attention-dropout enc-attention-context enc-post-attention-dropout enc-2nd-layernorm enc-MLP-GEMM-1 enc-MLP-gelu enc-post-MLP-dropout enc-1st-layernorm enc-attention-qkv enc-attention-score enc-attention-softmax enc-attention-dropout enc-attention-context enc-post-attention-dropout enc-2nd-layernorm enc-MLP-GEMM-1 enc-MLP-gelu enc-post-MLP-dropout enc-1st-layernorm enc-attention-qkv enc-attention-score enc-attention-softmax enc-attention-dropout enc-attention-context enc-post-attention-dropout enc-2nd-layernorm enc-MLP-GEMM-1 enc-MLP-gelu enc-post-MLP-dropout enc-1st-layernorm enc-attention-qkv enc-attention-score enc-attention-softmax enc-attention-dropout enc-attention-context enc-post-attention-dropout enc-2nd-layernorm enc-MLP-GEMM-1 enc-MLP-gelu enc-post-MLP-dropout enc-1st-layernorm enc-attention-qkv enc-attention-score enc-attention-softmax enc-attention-dropout enc-attention-context enc-post-attention-dropout enc-2nd-layernorm enc-MLP-GEMM-1 enc-MLP-gelu enc-post-MLP-dropout enc-1st-layernorm enc-attention-qkv enc-attention-score enc-attention-softmax enc-attention-dropout enc-attention-context enc-post-attention-dropout enc-2nd-layernorm enc-MLP-GEMM-1 enc-MLP-gelu enc-attention-qkv enc-attention-score enc-attention-softmax enc-attention-dropout enc-attention-context enc-post-attention-dropout enc-2nd-layernorm enc-MLP-GEMM-1 enc-MLP-gelu enc-attention-qkv enc-attention-score enc-attention-softmax enc-attention-dropout enc-attention-context enc-post-attention-dropout enc-2nd-layernorm enc-MLP-GEMM-1 enc-MLP-gelu enc-attention-qkv enc-attention-score enc-attention-softmax enc-attention-dropout enc-attention-context enc-post-attention-dropout enc-2nd-layernorm enc-MLP-GEMM-1 enc-MLP-gelu enc-attention-qkv enc-attention-score enc-attention-softmax enc-attention-dropout enc-attention-context enc-post-attention-dropout enc-2nd-layernorm enc-MLP-GEMM-1 enc-MLP-gelu enc-attention-qkv enc-attention-score enc-attention-softmax enc-attention-dropout enc-attention-context enc-post-attention-dropout enc-2nd-layernorm enc-MLP-GEMM-1 enc-MLP-gelu enc-attention-qkv enc-attention-score enc-attention-softmax enc-attention-dropout enc-attention-context enc-post-attention-dropout enc-2nd-layernorm enc-MLP-GEMM-1 enc-MLP-gelu enc-attention-qkv enc-attention-score enc-attention-softmax enc-attention-dropout enc-attention-context enc-post-attention-dropout enc-2nd-layernorm enc-MLP-GEMM-1 enc-MLP-gelu enc-attention-qkv enc-attention-score enc-attention-softmax enc-attention-dropout enc-attention-context enc-post-attention-dropout enc-2nd-layernorm enc-MLP-GEMM-1 enc-MLP-gelu enc-attention-qkv enc-attention-score enc-attention-softmax enc-attention-dropout enc-attention-context enc-post-attention-dropout enc-2nd-layernorm enc-MLP-GEMM-1 enc-MLP-gelu enc-attention-qkv enc-attention-score enc-attention-softmax enc-attention-dropout enc-attention-context enc-post-attention-dropout enc-2nd-layernorm enc-MLP-GEMM-1 enc-MLP-gelu enc-attention-qkv enc-attention-score enc-attention-softmax enc-attention-dropout enc-attention-context enc-post-attention-dropout enc-2nd-layernorm enc-MLP-GEMM-1 enc-MLP-gelu enc-attention-qkv enc-attention-score enc-attention-softmax enc-attention-dropout enc-attention-context enc-post-attention-dropout enc-2nd-layernorm enc-MLP-GEMM-1 enc-MLP-gelu enc-attention-qkv enc-attention-score enc-attention-softmax enc-attention-dropout enc-attention-context enc-post-attention-dropout enc-2nd-layernorm enc-MLP-GEMM-1 enc-MLP-gelu enc-attention-qkv enc-attention-score enc-attention-softmax enc-attention-dropout enc-attention-context enc-post-attention-dropout enc-2nd-layernorm enc-MLP-GEMM-1 enc-MLP-gelu enc-attention-qkv enc-attention-score enc-attention-softmax enc-attention-dropout enc-attention-context enc-post-attention-dropout enc-2nd-layernorm enc-MLP-GEMM-1 enc-MLP-gelu enc-attention-qkv enc-attention-score enc-attention-softmax enc-attention-dropout enc-attention-context enc-post-attention-dropout enc-2nd-layernorm enc-MLP-GEMM-1 enc-MLP-gelu enc-attention-qkv enc-attention-score enc-attention-softmax enc-attention-dropout enc-attention-context enc-post-attention-dropout enc-2nd-layernorm enc-MLP-GEMM-1 enc-MLP-gelu enc-attention-qkv enc-attention-score enc-attention-softmax enc-attention-dropout enc-attention-context enc-post-attention-dropout enc-2nd-layernorm enc-MLP-GEMM-1 enc-MLP-gelu enc-attention-qkv enc-attention-score enc-attention-softmax enc-attention-dropout enc-attention-context enc-post-attention-dropout enc-2nd-layernorm enc-MLP-GEMM-1 enc-MLP-gelu enc-attention-qkv enc-attention-score enc-attention-softmax enc-attention-dropout enc-attention-context enc-post-attention-dropout enc-2nd-layernorm enc-MLP-GEMM-1 enc-MLP-gelu enc-attention-qkv enc-attention-score enc-attention-softmax enc-attention-dropout enc-attention-context enc-post-attention-dropout enc-2nd-layernorm enc-MLP-GEMM-1 enc-MLP-gelu enc-attention-qkv enc-attention-score enc-attention-softmax enc-attention-dropout enc-attention-context enc-post-attention-dropout enc-2nd-layernorm enc-MLP-GEMM-1 enc-MLP-gelu enc-attention-qkv enc-attention-score enc-attention-softmax enc-attention-dropout enc-attention-context enc-post-attention-dropout enc-2nd-layernorm enc-MLP-GEMM-1 enc-MLP-gelu enc-attention-qkv enc-attention-score enc-attention-softmax enc-attention-dropout enc-attention-context enc-post-attention-dropout enc-2nd-layernorm enc-MLP-GEMM-1 enc-MLP-gelu enc-attention-qkv enc-attention-score enc-attention-softmax enc-attention-dropout enc-attention-context enc-post-attention-dropout enc-2nd-layernorm enc-MLP-GEMM-1 enc-MLP-gelu enc-attention-qkv enc-attention-score enc-attention-softmax enc-attention-dropout enc-attention-context enc-post-attention-dropout enc-2nd-layernorm enc-MLP-GEMM-1 enc-MLP-gelu enc-attention-qkv enc-attention-score enc-attention-softmax enc-attention-dropout enc-attention-context enc-post-attention-dropout enc-2nd-layernorm enc-MLP-GEMM-1 enc-MLP-gelu enc-attention-qkv enc-attention-score enc-attention-softmax enc-attention-dropout enc-attention-context enc-post-attention-dropout enc-2nd-layernorm enc-MLP-GEMM-1 enc-MLP-gelu enc-attention-qkv enc-attention-score enc-attention-softmax enc-attention-dropout enc-attention-context enc-post-attention-dropout enc-2nd-layernorm enc-MLP-GEMM-1 enc-MLP-gelu enc-attention-qkv enc-attention-score enc-attention-softmax enc-attention-dropout enc-attention-context enc-post-attention-dropout enc-2nd-layernorm enc-MLP-GEMM-1 enc-MLP-gelu enc-attention-qkv enc-attention-score enc-attention-softmax enc-attention-dropout enc-attention-context enc-post-attention-dropout enc-2nd-layernorm enc-MLP-GEMM-1 enc-MLP-gelu enc-attention-qkv enc-attention-score enc-attention-softmax enc-attention-dropout enc-attention-context enc-post-attention-dropout enc-2nd-layernorm enc-MLP-GEMM-1 enc-MLP-gelu enc-attention-qkv enc-attention-score enc-attention-softmax enc-attention-dropout enc-attention-context enc-post-attention-dropout enc-2nd-layernorm enc-MLP-GEMM-1 enc-MLP-gelu enc-attention-qkv enc-attention-score enc-attention-softmax enc-attention-dropout enc-attention-context enc-post-attention-dropout enc-2nd-layernorm enc-MLP-GEMM-1 enc-MLP-gelu enc-attention-qkv enc-attention-score enc-attention-softmax enc-attention-dropout enc-attention-context enc-post-attention-dropout enc-2nd-layernorm enc-MLP-GEMM-1 enc-MLP-gelu enc-attention-qkv enc-attention-score enc-attention-softmax enc-attention-dropout enc-attention-context enc-post-attention-dropout enc-2nd-layernorm enc-MLP-GEMM-1 enc-MLP-gelu enc-attention-qkv enc-attention-score enc-attention-softmax enc-attention-dropout enc-attention-context enc-post-attention-dropout enc-2nd-layernorm enc-MLP-GEMM-1 enc-MLP-gelu enc-attention-qkv enc-attention-score enc-attention-softmax enc-attention-dropout enc-attention-context enc-post-attention-dropout enc-2nd-layernorm enc-MLP-GEMM-1 enc-MLP-gelu enc-attention-qkv enc-attention-score enc-attention-softmax enc-attention-dropout enc-attention-context enc-post-attention-dropout enc-2nd-layernorm enc-MLP-GEMM-1 enc-MLP-gelu enc-attention-qkv enc-attention-score enc-attention-softmax enc-attention-dropout enc-attention-context enc-post-attention-dropout enc-2nd-layernorm enc-MLP-GEMM-1 enc-MLP-gelu enc-attention-qkv enc-attention-score enc-attention-softmax enc-attention-dropout enc-attention-context enc-post-attention-dropout enc-2nd-layernorm enc-MLP-GEMM-1 enc-MLP-gelu enc-attention-qkv enc-attention-score enc-attention-softmax enc-attention-dropout enc-attention-context enc-post-attention-dropout enc-2nd-layernorm enc-MLP-GEMM-1 enc-MLP-gelu enc-attention-qkv enc-attention-score enc-attention-softmax enc-attention-dropout enc-attention-context enc-post-attention-dropout enc-2nd-layernorm enc-MLP-GEMM-1 enc-MLP-gelu enc-attention-qkv enc-attention-score enc-attention-softmax enc-attention-dropout enc-attention-context enc-post-attention-dropout enc-2nd-layernorm enc-MLP-GEMM-1 enc-MLP-gelu enc-attention-qkv enc-attention-score enc-attention-softmax enc-attention-dropout enc-attention-context enc-post-attention-dropout enc-2nd-layernorm enc-MLP-GEMM-1 enc-MLP-gelu enc-attention-qkv enc-attention-score enc-attention-softmax enc-attention-dropout enc-attention-context enc-post-attention-dropout enc-2nd-layernorm enc-MLP-GEMM-1 enc-MLP-gelu enc-attention-qkv enc-attention-score enc-attention-softmax enc-attention-dropout enc-attention-context enc-post-attention-dropout enc-2nd-layernorm enc-MLP-GEMM-1 enc-MLP-gelu enc-attention-qkv enc-attention-score enc-attention-softmax 
[rank 2 all ops] "enc-MLP-GEMM-1","enc-MLP-gelu","enc-MLP-GEMM-2","enc-post-MLP-dropout","enc-1st-layernorm","enc-attention-qkv","enc-attention-score","enc-attention-softmax","enc-attention-dropout","enc-attention-context","enc-attention-dense","enc-post-attention-dropout","enc-2nd-layernorm","enc-MLP-GEMM-1","enc-MLP-gelu","enc-MLP-GEMM-2","enc-post-MLP-dropout","enc-1st-layernorm","enc-attention-qkv","enc-attention-score","enc-attention-softmax","enc-attention-dropout","enc-attention-context","enc-attention-dense","enc-post-attention-dropout","enc-2nd-layernorm","enc-MLP-GEMM-1","enc-MLP-gelu","enc-MLP-GEMM-2","enc-post-MLP-dropout","enc-1st-layernorm","enc-attention-qkv","enc-attention-score","enc-attention-softmax","enc-attention-dropout","enc-attention-context","enc-attention-dense","enc-post-attention-dropout","enc-2nd-layernorm","enc-MLP-GEMM-1","enc-MLP-gelu","enc-MLP-GEMM-2","enc-post-MLP-dropout","enc-1st-layernorm","enc-attention-qkv","enc-attention-score","enc-attention-softmax","enc-attention-dropout","enc-attention-context","enc-attention-dense","enc-post-attention-dropout","enc-2nd-layernorm","enc-MLP-GEMM-1","enc-MLP-gelu","enc-MLP-GEMM-2","enc-post-MLP-dropout","enc-1st-layernorm","enc-attention-qkv","enc-attention-score","enc-attention-softmax","enc-attention-dropout","enc-attention-context","enc-attention-dense","enc-post-attention-dropout","enc-2nd-layernorm","enc-MLP-GEMM-1","enc-MLP-gelu","enc-MLP-GEMM-2","enc-post-MLP-dropout","enc-1st-layernorm","enc-attention-qkv","enc-attention-score","enc-attention-softmax","enc-attention-dropout","enc-attention-context","enc-attention-dense","enc-post-attention-dropout","enc-2nd-layernorm","enc-MLP-GEMM-1","enc-MLP-gelu","enc-MLP-GEMM-2","enc-post-MLP-dropout","enc-1st-layernorm","enc-attention-qkv","enc-attention-score","enc-attention-softmax","enc-attention-dropout","enc-attention-context","enc-attention-dense","enc-post-attention-dropout","enc-2nd-layernorm","enc-MLP-GEMM-1","enc-MLP-gelu","enc-MLP-GEMM-2","enc-post-MLP-dropout","enc-1st-layernorm","enc-attention-qkv","enc-attention-score","enc-attention-softmax","enc-attention-dropout","enc-attention-context","enc-attention-dense","enc-post-attention-dropout","enc-2nd-layernorm","enc-MLP-GEMM-1","enc-MLP-gelu","enc-MLP-GEMM-2","enc-post-MLP-dropout","enc-1st-layernorm","enc-attention-qkv","enc-attention-score","enc-attention-softmax","enc-attention-dropout","enc-attention-context","enc-attention-dense","enc-post-attention-dropout","enc-2nd-layernorm","enc-MLP-GEMM-1","enc-MLP-gelu","enc-MLP-GEMM-2","enc-post-MLP-dropout","enc-1st-layernorm","enc-attention-qkv","enc-attention-score","enc-attention-softmax","enc-attention-dropout","enc-attention-context","enc-attention-dense","enc-post-attention-dropout","enc-2nd-layernorm","enc-MLP-GEMM-1","enc-MLP-gelu","enc-MLP-GEMM-2","enc-post-MLP-dropout","enc-1st-layernorm","enc-attention-qkv","enc-attention-score","enc-attention-softmax","enc-attention-dropout","enc-attention-context","enc-attention-dense","enc-post-attention-dropout","enc-2nd-layernorm","enc-MLP-GEMM-1","enc-MLP-gelu","enc-MLP-GEMM-2","enc-post-MLP-dropout","enc-1st-layernorm","enc-attention-qkv","enc-attention-score","enc-attention-softmax","enc-attention-dropout","enc-attention-context","enc-attention-dense","enc-post-attention-dropout","enc-2nd-layernorm","enc-MLP-GEMM-1","enc-MLP-gelu","enc-MLP-GEMM-2","enc-post-MLP-dropout","enc-1st-layernorm","enc-attention-qkv","enc-attention-score","enc-attention-softmax","enc-attention-dropout","enc-attention-context","enc-attention-dense","enc-post-attention-dropout","enc-2nd-layernorm","enc-MLP-GEMM-1","enc-MLP-gelu","enc-MLP-GEMM-2","enc-post-MLP-dropout","enc-1st-layernorm","enc-attention-qkv","enc-attention-score","enc-attention-softmax","enc-attention-dropout","enc-attention-context","enc-attention-dense","enc-post-attention-dropout","enc-2nd-layernorm","enc-MLP-GEMM-1","enc-MLP-gelu","enc-MLP-GEMM-2","enc-post-MLP-dropout","enc-1st-layernorm","enc-attention-qkv","enc-attention-score","enc-attention-softmax","enc-attention-dropout","enc-attention-context","enc-attention-dense","enc-post-attention-dropout","enc-2nd-layernorm","enc-MLP-GEMM-1","enc-MLP-gelu","enc-MLP-GEMM-2","enc-post-MLP-dropout","enc-1st-layernorm","enc-attention-qkv","enc-attention-score","enc-attention-softmax","enc-attention-dropout","enc-attention-context","enc-attention-dense","enc-post-attention-dropout","enc-2nd-layernorm","enc-MLP-GEMM-1","enc-MLP-gelu","enc-MLP-GEMM-2","enc-post-MLP-dropout","enc-1st-layernorm","enc-attention-qkv","enc-attention-score","enc-attention-softmax","enc-attention-dropout","enc-attention-context","enc-attention-dense","enc-post-attention-dropout","enc-2nd-layernorm","enc-MLP-GEMM-1","enc-MLP-gelu","enc-MLP-GEMM-2","enc-post-MLP-dropout","enc-1st-layernorm","enc-attention-qkv","enc-attention-score","enc-attention-softmax","enc-attention-dropout","enc-attention-context","enc-attention-dense","enc-post-attention-dropout","enc-2nd-layernorm","enc-MLP-GEMM-1","enc-MLP-gelu","enc-MLP-GEMM-2","enc-post-MLP-dropout","enc-1st-layernorm","enc-attention-qkv","enc-attention-score","enc-attention-softmax","enc-attention-dropout","enc-attention-context","enc-attention-dense","enc-post-attention-dropout","enc-2nd-layernorm","enc-MLP-GEMM-1","enc-MLP-gelu","enc-MLP-GEMM-2","enc-post-MLP-dropout","enc-1st-layernorm","enc-attention-qkv","enc-attention-score","enc-attention-softmax","enc-attention-dropout","enc-attention-context","enc-attention-dense","enc-post-attention-dropout","enc-2nd-layernorm","enc-MLP-GEMM-1","enc-MLP-gelu","enc-MLP-GEMM-2","enc-post-MLP-dropout","enc-1st-layernorm","enc-attention-qkv","enc-attention-score","enc-attention-softmax","enc-attention-dropout","enc-attention-context","enc-attention-dense","enc-post-attention-dropout","enc-2nd-layernorm","enc-MLP-GEMM-1","enc-MLP-gelu","enc-MLP-GEMM-2","enc-post-MLP-dropout","enc-1st-layernorm","enc-attention-qkv","enc-attention-score","enc-attention-softmax","enc-attention-dropout","enc-attention-context","enc-attention-dense","enc-post-attention-dropout","enc-2nd-layernorm","enc-MLP-GEMM-1","enc-MLP-gelu","enc-MLP-GEMM-2","enc-post-MLP-dropout","enc-1st-layernorm","enc-attention-qkv","enc-attention-score","enc-attention-softmax","enc-attention-dropout","enc-attention-context","enc-attention-dense","enc-post-attention-dropout","enc-2nd-layernorm","enc-MLP-GEMM-1","enc-MLP-gelu","enc-MLP-GEMM-2","enc-post-MLP-dropout","enc-1st-layernorm","enc-attention-qkv","enc-attention-score","enc-attention-softmax","enc-attention-dropout","enc-attention-context","enc-attention-dense","enc-post-attention-dropout","enc-2nd-layernorm","enc-MLP-GEMM-1","enc-MLP-gelu","enc-MLP-GEMM-2","enc-post-MLP-dropout","enc-1st-layernorm","enc-attention-qkv","enc-attention-score","enc-attention-softmax","enc-attention-dropout","enc-attention-context","enc-attention-dense","enc-post-attention-dropout","enc-2nd-layernorm","enc-MLP-GEMM-1","enc-MLP-gelu","enc-MLP-GEMM-2","enc-post-MLP-dropout","enc-1st-layernorm","enc-attention-qkv","enc-attention-score","enc-attention-softmax","enc-attention-dropout","enc-attention-context","enc-attention-dense","enc-post-attention-dropout","enc-2nd-layernorm","enc-MLP-GEMM-1","enc-MLP-gelu","enc-MLP-GEMM-2","enc-post-MLP-dropout","enc-1st-layernorm","enc-attention-qkv","enc-attention-score","enc-attention-softmax","enc-attention-dropout","enc-attention-context","enc-attention-dense","enc-post-attention-dropout","enc-2nd-layernorm","enc-MLP-GEMM-1","enc-MLP-gelu","enc-MLP-GEMM-2","enc-post-MLP-dropout","enc-1st-layernorm","enc-attention-qkv","enc-attention-score","enc-attention-softmax","enc-attention-dropout","enc-attention-context","enc-attention-dense","enc-post-attention-dropout","enc-2nd-layernorm","enc-MLP-GEMM-1","enc-MLP-gelu","enc-MLP-GEMM-2","enc-post-MLP-dropout","enc-1st-layernorm","enc-attention-qkv","enc-attention-score","enc-attention-softmax","enc-attention-dropout","enc-attention-context","enc-attention-dense","enc-post-attention-dropout","enc-2nd-layernorm","enc-MLP-GEMM-1","enc-MLP-gelu","enc-MLP-GEMM-2","enc-post-MLP-dropout","enc-1st-layernorm","enc-attention-qkv","enc-attention-score","enc-attention-softmax","enc-attention-dropout","enc-attention-context","enc-attention-dense","enc-post-attention-dropout","enc-2nd-layernorm","enc-MLP-GEMM-1","enc-MLP-gelu","enc-MLP-GEMM-2","enc-post-MLP-dropout","enc-1st-layernorm","enc-attention-qkv","enc-attention-score","enc-attention-softmax","enc-attention-dropout","enc-attention-context","enc-attention-dense","enc-post-attention-dropout","enc-2nd-layernorm","enc-MLP-GEMM-1","enc-MLP-gelu","enc-MLP-GEMM-2","enc-post-MLP-dropout","enc-1st-layernorm","enc-attention-qkv","enc-attention-score","enc-attention-softmax","enc-attention-dropout","enc-attention-context","enc-attention-dense","enc-post-attention-dropout","enc-2nd-layernorm","enc-MLP-GEMM-1","enc-MLP-gelu","enc-MLP-GEMM-2","enc-post-MLP-dropout","enc-1st-layernorm","enc-attention-qkv","enc-attention-score","enc-attention-softmax","enc-attention-dropout","enc-attention-context","enc-attention-dense","enc-post-attention-dropout","enc-2nd-layernorm","enc-MLP-GEMM-1","enc-MLP-gelu","enc-MLP-GEMM-2","enc-post-MLP-dropout","enc-1st-layernorm","enc-attention-qkv","enc-attention-score","enc-attention-softmax","enc-attention-dropout","enc-attention-context","enc-attention-dense","enc-post-attention-dropout","enc-2nd-layernorm","enc-MLP-GEMM-1","enc-MLP-gelu","enc-MLP-GEMM-2","enc-post-MLP-dropout","enc-1st-layernorm","enc-attention-qkv","enc-attention-score","enc-attention-softmax","enc-attention-dropout","enc-attention-context","enc-attention-dense","enc-post-attention-dropout","enc-2nd-layernorm","enc-MLP-GEMM-1","enc-MLP-gelu","enc-MLP-GEMM-2","enc-post-MLP-dropout","enc-1st-layernorm","enc-attention-qkv","enc-attention-score","enc-attention-softmax","enc-attention-dropout","enc-attention-context","enc-attention-dense","enc-post-attention-dropout","enc-2nd-layernorm","enc-MLP-GEMM-1","enc-MLP-gelu","enc-MLP-GEMM-2","enc-post-MLP-dropout","enc-1st-layernorm","enc-attention-qkv","enc-attention-score","enc-attention-softmax","enc-attention-dropout","enc-attention-context","enc-attention-dense","enc-post-attention-dropout","enc-2nd-layernorm","enc-MLP-GEMM-1","enc-MLP-gelu","enc-MLP-GEMM-2","enc-post-MLP-dropout","enc-1st-layernorm","enc-attention-qkv","enc-attention-score","enc-attention-softmax","enc-attention-dropout","enc-attention-context","enc-attention-dense","enc-post-attention-dropout","enc-2nd-layernorm","enc-MLP-GEMM-1","enc-MLP-gelu","enc-MLP-GEMM-2","enc-post-MLP-dropout","enc-1st-layernorm","enc-attention-qkv","enc-attention-score","enc-attention-softmax","enc-attention-dropout","enc-attention-context","enc-attention-dense","enc-post-attention-dropout","enc-2nd-layernorm","enc-MLP-GEMM-1","enc-MLP-gelu","enc-MLP-GEMM-2","enc-post-MLP-dropout","enc-1st-layernorm","enc-attention-qkv","enc-attention-score","enc-attention-softmax","enc-attention-dropout","enc-attention-context","enc-attention-dense","enc-post-attention-dropout","enc-2nd-layernorm","enc-MLP-GEMM-1","enc-MLP-gelu","enc-MLP-GEMM-2","enc-post-MLP-dropout","enc-1st-layernorm","enc-attention-qkv","enc-attention-score","enc-attention-softmax","enc-attention-dropout","enc-attention-context","enc-attention-dense","enc-post-attention-dropout","enc-2nd-layernorm","enc-MLP-GEMM-1","enc-MLP-gelu","enc-MLP-GEMM-2","enc-post-MLP-dropout","enc-1st-layernorm","enc-attention-qkv","enc-attention-score","enc-attention-softmax","enc-attention-dropout","enc-attention-context","enc-attention-dense","enc-post-attention-dropout","enc-2nd-layernorm","enc-MLP-GEMM-1","enc-MLP-gelu","enc-MLP-GEMM-2","enc-post-MLP-dropout","enc-1st-layernorm","enc-attention-qkv","enc-attention-score","enc-attention-softmax","enc-attention-dropout","enc-attention-context","enc-attention-dense","enc-post-attention-dropout","enc-2nd-layernorm","enc-MLP-GEMM-1","enc-MLP-gelu","enc-MLP-GEMM-2","enc-post-MLP-dropout","enc-1st-layernorm","enc-attention-qkv","enc-attention-score","enc-attention-softmax","enc-attention-dropout","enc-attention-context","enc-attention-dense","enc-post-attention-dropout","enc-2nd-layernorm","enc-MLP-GEMM-1","enc-MLP-gelu","enc-MLP-GEMM-2","enc-post-MLP-dropout","enc-1st-layernorm","enc-attention-qkv","enc-attention-score","enc-attention-softmax","enc-attention-dropout","enc-attention-context","enc-attention-dense","enc-post-attention-dropout","enc-2nd-layernorm","enc-MLP-GEMM-1","enc-MLP-gelu","enc-MLP-GEMM-2","enc-post-MLP-dropout","enc-1st-layernorm","enc-attention-qkv","enc-attention-score","enc-attention-softmax","enc-attention-dropout","enc-attention-context","enc-attention-dense","enc-post-attention-dropout","enc-2nd-layernorm","enc-MLP-GEMM-1","enc-MLP-gelu","enc-MLP-GEMM-2","enc-post-MLP-dropout","enc-1st-layernorm","enc-attention-qkv","enc-attention-score","enc-attention-softmax","enc-attention-dropout","enc-attention-context","enc-attention-dense","enc-post-attention-dropout","enc-2nd-layernorm","enc-MLP-GEMM-1","enc-MLP-gelu","enc-MLP-GEMM-2","enc-post-MLP-dropout","enc-1st-layernorm","enc-attention-qkv","enc-attention-score","enc-attention-softmax","enc-attention-dropout","enc-attention-context","enc-attention-dense","enc-post-attention-dropout","enc-2nd-layernorm","enc-MLP-GEMM-1","enc-MLP-gelu","enc-MLP-GEMM-2","enc-post-MLP-dropout","enc-1st-layernorm","enc-attention-qkv","enc-attention-score","enc-attention-softmax","enc-attention-dropout","enc-attention-context","enc-attention-dense","enc-post-attention-dropout","enc-2nd-layernorm","enc-MLP-GEMM-1","enc-MLP-gelu","enc-MLP-GEMM-2","enc-post-MLP-dropout","enc-1st-layernorm","enc-attention-qkv","enc-attention-score","enc-attention-softmax","enc-attention-dropout","enc-attention-context","enc-attention-dense","enc-post-attention-dropout","enc-2nd-layernorm","enc-MLP-GEMM-1","enc-MLP-gelu","enc-MLP-GEMM-2","enc-post-MLP-dropout","enc-1st-layernorm","enc-attention-qkv","enc-attention-score","enc-attention-softmax","enc-attention-dropout","enc-attention-context","enc-attention-dense","enc-post-attention-dropout","enc-2nd-layernorm","enc-MLP-GEMM-1","enc-MLP-gelu","enc-MLP-GEMM-2","enc-post-MLP-dropout","enc-1st-layernorm","enc-attention-qkv","enc-attention-score","enc-attention-softmax","enc-attention-dropout","enc-attention-context","enc-attention-dense","enc-post-attention-dropout","enc-2nd-layernorm","enc-MLP-GEMM-1","enc-MLP-gelu","enc-MLP-GEMM-2","enc-post-MLP-dropout","enc-1st-layernorm","enc-attention-qkv","enc-attention-score","enc-attention-softmax","enc-attention-dropout","enc-attention-context","enc-attention-dense","enc-post-attention-dropout","enc-2nd-layernorm","enc-MLP-GEMM-1","enc-MLP-gelu","enc-MLP-GEMM-2","enc-post-MLP-dropout","enc-1st-layernorm","enc-attention-qkv","enc-attention-score","enc-attention-softmax","enc-attention-dropout","enc-attention-context","enc-attention-dense","enc-post-attention-dropout","enc-2nd-layernorm","enc-MLP-GEMM-1","enc-MLP-gelu","enc-MLP-GEMM-2","enc-post-MLP-dropout","enc-1st-layernorm","enc-attention-qkv","enc-attention-score","enc-attention-softmax","enc-attention-dropout","enc-attention-context","enc-attention-dense","enc-post-attention-dropout","enc-2nd-layernorm","enc-MLP-GEMM-1","enc-MLP-gelu","enc-MLP-GEMM-2","enc-post-MLP-dropout","enc-1st-layernorm","enc-attention-qkv","enc-attention-score","enc-attention-softmax","enc-attention-dropout","enc-attention-context","enc-attention-dense","enc-post-attention-dropout","enc-2nd-layernorm","enc-MLP-GEMM-1","enc-MLP-gelu","enc-MLP-GEMM-2","enc-post-MLP-dropout","enc-1st-layernorm","enc-attention-qkv","enc-attention-score","enc-attention-softmax","enc-attention-dropout","enc-attention-context","enc-attention-dense","enc-post-attention-dropout","enc-2nd-layernorm","enc-MLP-GEMM-1","enc-MLP-gelu","enc-MLP-GEMM-2","enc-post-MLP-dropout","enc-1st-layernorm","enc-attention-qkv","enc-attention-score","enc-attention-softmax","enc-attention-dropout","enc-attention-context","enc-attention-dense","enc-post-attention-dropout","enc-2nd-layernorm","enc-MLP-GEMM-1","enc-MLP-gelu","enc-MLP-GEMM-2","enc-post-MLP-dropout","enc-1st-layernorm","enc-attention-qkv","enc-attention-score","enc-attention-softmax","enc-attention-dropout","enc-attention-context","enc-attention-dense","enc-post-attention-dropout","enc-2nd-layernorm","enc-MLP-GEMM-1","enc-MLP-gelu","enc-MLP-GEMM-2","enc-post-MLP-dropout","enc-1st-layernorm","enc-attention-qkv","enc-attention-score","enc-attention-softmax","enc-attention-dropout","enc-attention-context","enc-attention-dense","enc-post-attention-dropout","enc-2nd-layernorm","enc-MLP-GEMM-1","enc-MLP-gelu","enc-MLP-GEMM-2","enc-post-MLP-dropout","enc-1st-layernorm","enc-attention-qkv","enc-attention-score","enc-attention-softmax","enc-attention-dropout","enc-attention-context","enc-attention-dense","enc-post-attention-dropout","enc-2nd-layernorm","enc-MLP-GEMM-1","enc-MLP-gelu","enc-MLP-GEMM-2","enc-post-MLP-dropout","enc-1st-layernorm","enc-attention-qkv","enc-attention-score","enc-attention-softmax","enc-attention-dropout","enc-attention-context","enc-attention-dense","enc-post-attention-dropout","enc-2nd-layernorm","enc-MLP-GEMM-1","enc-MLP-gelu","enc-MLP-GEMM-2","enc-post-MLP-dropout","enc-1st-layernorm","enc-attention-qkv","enc-attention-score","enc-attention-softmax","enc-attention-dropout","enc-attention-context","enc-attention-dense","enc-post-attention-dropout","enc-2nd-layernorm","enc-MLP-GEMM-1","enc-MLP-gelu","enc-MLP-GEMM-2","enc-post-MLP-dropout",
[rank 2 recompute ops] enc-MLP-GEMM-1 enc-MLP-gelu enc-MLP-GEMM-2 enc-post-MLP-dropout enc-1st-layernorm enc-attention-qkv enc-attention-score enc-attention-softmax enc-attention-dropout enc-attention-context enc-post-attention-dropout enc-2nd-layernorm enc-MLP-GEMM-1 enc-MLP-gelu enc-MLP-GEMM-2 enc-post-MLP-dropout enc-1st-layernorm enc-attention-qkv enc-attention-score enc-attention-softmax enc-attention-dropout enc-attention-context enc-post-attention-dropout enc-2nd-layernorm enc-MLP-GEMM-1 enc-MLP-gelu enc-MLP-GEMM-2 enc-post-MLP-dropout enc-1st-layernorm enc-attention-qkv enc-attention-score enc-attention-softmax enc-attention-dropout enc-attention-context enc-post-attention-dropout enc-2nd-layernorm enc-MLP-GEMM-1 enc-MLP-gelu enc-MLP-GEMM-2 enc-post-MLP-dropout enc-1st-layernorm enc-attention-qkv enc-attention-score enc-attention-softmax enc-attention-dropout enc-attention-context enc-post-attention-dropout enc-2nd-layernorm enc-MLP-GEMM-1 enc-MLP-gelu enc-MLP-GEMM-2 enc-post-MLP-dropout enc-1st-layernorm enc-attention-qkv enc-attention-score enc-attention-softmax enc-attention-dropout enc-attention-context enc-post-attention-dropout enc-2nd-layernorm enc-MLP-GEMM-1 enc-MLP-gelu enc-MLP-GEMM-2 enc-post-MLP-dropout enc-1st-layernorm enc-attention-qkv enc-attention-score enc-attention-softmax enc-attention-dropout enc-attention-context enc-post-attention-dropout enc-2nd-layernorm enc-MLP-GEMM-1 enc-MLP-gelu enc-MLP-GEMM-2 enc-post-MLP-dropout enc-1st-layernorm enc-attention-qkv enc-attention-score enc-attention-softmax enc-attention-dropout enc-attention-context enc-post-attention-dropout enc-2nd-layernorm enc-MLP-GEMM-1 enc-MLP-gelu enc-MLP-GEMM-2 enc-post-MLP-dropout enc-1st-layernorm enc-attention-qkv enc-attention-score enc-attention-softmax enc-attention-dropout enc-attention-context enc-post-attention-dropout enc-2nd-layernorm enc-MLP-GEMM-1 enc-MLP-gelu enc-MLP-GEMM-2 enc-post-MLP-dropout enc-1st-layernorm enc-attention-qkv enc-attention-score enc-attention-softmax enc-attention-dropout enc-attention-context enc-post-attention-dropout enc-2nd-layernorm enc-MLP-GEMM-1 enc-MLP-gelu enc-MLP-GEMM-2 enc-post-MLP-dropout enc-1st-layernorm enc-attention-qkv enc-attention-score enc-attention-softmax enc-attention-dropout enc-attention-context enc-post-attention-dropout enc-2nd-layernorm enc-MLP-GEMM-1 enc-MLP-gelu enc-MLP-GEMM-2 enc-post-MLP-dropout enc-1st-layernorm enc-attention-qkv enc-attention-score enc-attention-softmax enc-attention-dropout enc-attention-context enc-post-attention-dropout enc-2nd-layernorm enc-MLP-GEMM-1 enc-MLP-gelu enc-MLP-GEMM-2 enc-post-MLP-dropout enc-1st-layernorm enc-attention-qkv enc-attention-score enc-attention-softmax enc-attention-dropout enc-attention-context enc-post-attention-dropout enc-2nd-layernorm enc-MLP-GEMM-1 enc-MLP-gelu enc-MLP-GEMM-2 enc-post-MLP-dropout enc-1st-layernorm enc-attention-qkv enc-attention-score enc-attention-softmax enc-attention-dropout enc-attention-context enc-post-attention-dropout enc-2nd-layernorm enc-MLP-GEMM-1 enc-MLP-gelu enc-MLP-GEMM-2 enc-post-MLP-dropout enc-1st-layernorm enc-attention-qkv enc-attention-score enc-attention-softmax enc-attention-dropout enc-attention-context enc-post-attention-dropout enc-2nd-layernorm enc-MLP-GEMM-1 enc-MLP-gelu enc-MLP-GEMM-2 enc-post-MLP-dropout enc-1st-layernorm enc-attention-qkv enc-attention-score enc-attention-softmax enc-attention-dropout enc-attention-context enc-post-attention-dropout enc-2nd-layernorm enc-MLP-GEMM-1 enc-MLP-gelu enc-MLP-GEMM-2 enc-post-MLP-dropout enc-1st-layernorm enc-attention-qkv enc-attention-score enc-attention-softmax enc-attention-dropout enc-attention-context enc-post-attention-dropout enc-2nd-layernorm enc-MLP-GEMM-1 enc-MLP-gelu enc-MLP-GEMM-2 enc-post-MLP-dropout enc-1st-layernorm enc-attention-qkv enc-attention-score enc-attention-softmax enc-attention-dropout enc-attention-context enc-post-attention-dropout enc-2nd-layernorm enc-MLP-GEMM-1 enc-MLP-gelu enc-MLP-GEMM-2 enc-post-MLP-dropout enc-1st-layernorm enc-attention-qkv enc-attention-score enc-attention-softmax enc-attention-dropout enc-attention-context enc-post-attention-dropout enc-2nd-layernorm enc-MLP-GEMM-1 enc-MLP-gelu enc-MLP-GEMM-2 enc-post-MLP-dropout enc-1st-layernorm enc-attention-qkv enc-attention-score enc-attention-softmax enc-attention-dropout enc-attention-context enc-post-attention-dropout enc-2nd-layernorm enc-MLP-GEMM-1 enc-MLP-gelu enc-MLP-GEMM-2 enc-post-MLP-dropout enc-1st-layernorm enc-attention-qkv enc-attention-score enc-attention-softmax enc-attention-dropout enc-attention-context enc-post-attention-dropout enc-2nd-layernorm enc-MLP-GEMM-1 enc-MLP-gelu enc-MLP-GEMM-2 enc-post-MLP-dropout enc-1st-layernorm enc-attention-qkv enc-attention-score enc-attention-softmax enc-attention-dropout enc-attention-context enc-post-attention-dropout enc-2nd-layernorm enc-MLP-GEMM-1 enc-MLP-gelu enc-MLP-GEMM-2 enc-post-MLP-dropout enc-1st-layernorm enc-attention-qkv enc-attention-score enc-attention-softmax enc-attention-dropout enc-attention-context enc-post-attention-dropout enc-2nd-layernorm enc-MLP-GEMM-1 enc-MLP-gelu enc-MLP-GEMM-2 enc-post-MLP-dropout enc-1st-layernorm enc-attention-qkv enc-attention-score enc-attention-softmax enc-attention-dropout enc-attention-context enc-post-attention-dropout enc-2nd-layernorm enc-MLP-GEMM-1 enc-MLP-gelu enc-MLP-GEMM-2 enc-post-MLP-dropout enc-1st-layernorm enc-attention-qkv enc-attention-score enc-attention-softmax enc-attention-dropout enc-attention-context enc-post-attention-dropout enc-2nd-layernorm enc-MLP-GEMM-1 enc-MLP-gelu enc-MLP-GEMM-2 enc-post-MLP-dropout enc-1st-layernorm enc-attention-qkv enc-attention-score enc-attention-softmax enc-attention-dropout enc-attention-context enc-post-attention-dropout enc-2nd-layernorm enc-MLP-GEMM-1 enc-MLP-gelu enc-MLP-GEMM-2 enc-post-MLP-dropout enc-1st-layernorm enc-attention-qkv enc-attention-score enc-attention-softmax enc-attention-dropout enc-attention-context enc-post-attention-dropout enc-2nd-layernorm enc-MLP-GEMM-1 enc-MLP-gelu enc-MLP-GEMM-2 enc-post-MLP-dropout enc-1st-layernorm enc-attention-qkv enc-attention-score enc-attention-softmax enc-attention-dropout enc-attention-context enc-post-attention-dropout enc-2nd-layernorm enc-MLP-GEMM-1 enc-MLP-gelu enc-MLP-GEMM-2 enc-post-MLP-dropout enc-1st-layernorm enc-attention-qkv enc-attention-score enc-attention-softmax enc-attention-dropout enc-attention-context enc-post-attention-dropout enc-2nd-layernorm enc-MLP-GEMM-1 enc-MLP-gelu enc-MLP-GEMM-2 enc-post-MLP-dropout enc-1st-layernorm enc-attention-qkv enc-attention-score enc-attention-softmax enc-attention-dropout enc-attention-context enc-post-attention-dropout enc-2nd-layernorm enc-MLP-GEMM-1 enc-MLP-gelu enc-MLP-GEMM-2 enc-post-MLP-dropout enc-1st-layernorm enc-attention-qkv enc-attention-score enc-attention-softmax enc-attention-dropout enc-attention-context enc-post-attention-dropout enc-2nd-layernorm enc-MLP-GEMM-1 enc-MLP-gelu enc-MLP-GEMM-2 enc-post-MLP-dropout enc-1st-layernorm enc-attention-qkv enc-attention-score enc-attention-softmax enc-attention-dropout enc-attention-context enc-post-attention-dropout enc-2nd-layernorm enc-MLP-GEMM-1 enc-MLP-gelu enc-MLP-GEMM-2 enc-post-MLP-dropout enc-1st-layernorm enc-attention-qkv enc-attention-score enc-attention-softmax enc-attention-dropout enc-attention-context enc-post-attention-dropout enc-2nd-layernorm enc-MLP-GEMM-1 enc-MLP-gelu enc-MLP-GEMM-2 enc-post-MLP-dropout enc-1st-layernorm enc-attention-qkv enc-attention-score enc-attention-softmax enc-attention-dropout enc-attention-context enc-post-attention-dropout enc-2nd-layernorm enc-MLP-GEMM-1 enc-MLP-gelu enc-MLP-GEMM-2 enc-post-MLP-dropout enc-1st-layernorm enc-attention-qkv enc-attention-score enc-attention-softmax enc-attention-dropout enc-attention-context enc-post-attention-dropout enc-2nd-layernorm enc-MLP-GEMM-1 enc-MLP-gelu enc-MLP-GEMM-2 enc-post-MLP-dropout enc-1st-layernorm enc-attention-qkv enc-attention-score enc-attention-softmax enc-attention-dropout enc-attention-context enc-post-attention-dropout enc-2nd-layernorm enc-MLP-GEMM-1 enc-MLP-gelu enc-MLP-GEMM-2 enc-post-MLP-dropout enc-1st-layernorm enc-attention-qkv enc-attention-score enc-attention-softmax enc-attention-dropout enc-attention-context enc-post-attention-dropout enc-2nd-layernorm enc-MLP-GEMM-1 enc-MLP-gelu enc-MLP-GEMM-2 enc-post-MLP-dropout enc-1st-layernorm enc-attention-qkv enc-attention-score enc-attention-softmax enc-attention-dropout enc-attention-context enc-post-attention-dropout enc-2nd-layernorm enc-MLP-GEMM-1 enc-MLP-gelu enc-MLP-GEMM-2 enc-post-MLP-dropout enc-1st-layernorm enc-attention-qkv enc-attention-score enc-attention-softmax enc-attention-dropout enc-attention-context enc-post-attention-dropout enc-2nd-layernorm enc-MLP-GEMM-1 enc-MLP-gelu enc-MLP-GEMM-2 enc-post-MLP-dropout enc-1st-layernorm enc-attention-qkv enc-attention-score enc-attention-softmax enc-attention-dropout enc-attention-context enc-post-attention-dropout enc-2nd-layernorm enc-MLP-GEMM-1 enc-MLP-gelu enc-MLP-GEMM-2 enc-post-MLP-dropout enc-1st-layernorm enc-attention-qkv enc-attention-score enc-attention-softmax enc-attention-dropout enc-attention-context enc-post-attention-dropout enc-2nd-layernorm enc-MLP-GEMM-1 enc-MLP-gelu enc-MLP-GEMM-2 enc-post-MLP-dropout enc-1st-layernorm enc-attention-qkv enc-attention-score enc-attention-softmax enc-attention-dropout enc-attention-context enc-post-attention-dropout enc-2nd-layernorm enc-MLP-GEMM-1 enc-MLP-gelu enc-MLP-GEMM-2 enc-post-MLP-dropout enc-1st-layernorm enc-attention-qkv enc-attention-score enc-attention-softmax enc-attention-dropout enc-attention-context enc-post-attention-dropout enc-2nd-layernorm enc-MLP-GEMM-1 enc-MLP-gelu enc-MLP-GEMM-2 enc-post-MLP-dropout enc-1st-layernorm enc-attention-qkv enc-attention-score enc-attention-softmax enc-attention-dropout enc-attention-context enc-post-attention-dropout enc-2nd-layernorm enc-MLP-GEMM-1 enc-MLP-gelu enc-MLP-GEMM-2 enc-post-MLP-dropout enc-1st-layernorm enc-attention-qkv enc-attention-score enc-attention-softmax enc-attention-dropout enc-attention-context enc-post-attention-dropout enc-2nd-layernorm enc-MLP-GEMM-1 enc-MLP-gelu enc-MLP-GEMM-2 enc-post-MLP-dropout enc-1st-layernorm enc-attention-qkv enc-attention-score enc-attention-softmax enc-attention-dropout enc-attention-context enc-post-attention-dropout enc-2nd-layernorm enc-MLP-GEMM-1 enc-MLP-gelu enc-MLP-GEMM-2 enc-post-MLP-dropout enc-1st-layernorm enc-attention-qkv enc-attention-score enc-attention-softmax enc-attention-dropout enc-attention-context enc-post-attention-dropout enc-2nd-layernorm enc-MLP-GEMM-1 enc-MLP-gelu enc-MLP-GEMM-2 enc-post-MLP-dropout enc-1st-layernorm enc-attention-qkv enc-attention-score enc-attention-softmax enc-attention-dropout enc-attention-context enc-post-attention-dropout enc-2nd-layernorm enc-MLP-GEMM-1 enc-MLP-gelu enc-MLP-GEMM-2 enc-post-MLP-dropout enc-1st-layernorm enc-attention-qkv enc-attention-score enc-attention-softmax enc-attention-dropout enc-attention-context enc-post-attention-dropout enc-2nd-layernorm enc-MLP-GEMM-1 enc-MLP-gelu enc-MLP-GEMM-2 enc-post-MLP-dropout enc-1st-layernorm enc-attention-qkv enc-attention-score enc-attention-softmax enc-attention-dropout enc-attention-context enc-post-attention-dropout enc-2nd-layernorm enc-MLP-GEMM-1 enc-MLP-gelu enc-MLP-GEMM-2 enc-post-MLP-dropout enc-1st-layernorm enc-attention-qkv enc-attention-score enc-attention-softmax enc-attention-dropout enc-attention-context enc-post-attention-dropout enc-2nd-layernorm enc-MLP-GEMM-1 enc-MLP-gelu enc-MLP-GEMM-2 enc-post-MLP-dropout enc-1st-layernorm enc-attention-qkv enc-attention-score enc-attention-softmax enc-attention-dropout enc-attention-context enc-post-attention-dropout enc-2nd-layernorm enc-MLP-GEMM-1 enc-MLP-gelu enc-MLP-GEMM-2 enc-post-MLP-dropout enc-1st-layernorm enc-attention-qkv enc-attention-score enc-attention-softmax enc-attention-dropout enc-attention-context enc-post-attention-dropout enc-2nd-layernorm enc-MLP-GEMM-1 enc-MLP-gelu enc-MLP-GEMM-2 enc-post-MLP-dropout enc-1st-layernorm enc-attention-qkv enc-attention-score enc-attention-softmax enc-attention-dropout enc-attention-context enc-post-attention-dropout enc-2nd-layernorm enc-MLP-GEMM-1 enc-MLP-gelu enc-MLP-GEMM-2 enc-post-MLP-dropout enc-1st-layernorm enc-attention-qkv enc-attention-score enc-attention-softmax enc-attention-dropout enc-attention-context enc-post-attention-dropout enc-2nd-layernorm enc-MLP-GEMM-1 enc-MLP-gelu enc-MLP-GEMM-2 enc-post-MLP-dropout enc-1st-layernorm enc-attention-qkv enc-attention-score enc-attention-softmax enc-attention-dropout enc-attention-context enc-post-attention-dropout enc-2nd-layernorm enc-MLP-GEMM-1 enc-MLP-gelu enc-MLP-GEMM-2 enc-post-MLP-dropout enc-1st-layernorm enc-attention-qkv enc-attention-score enc-attention-softmax enc-attention-dropout enc-attention-context enc-post-attention-dropout enc-2nd-layernorm enc-MLP-GEMM-1 enc-MLP-gelu enc-MLP-GEMM-2 enc-post-MLP-dropout enc-1st-layernorm enc-attention-qkv enc-attention-score enc-attention-softmax enc-attention-dropout enc-attention-context enc-post-attention-dropout enc-2nd-layernorm enc-MLP-GEMM-1 enc-MLP-gelu enc-MLP-GEMM-2 enc-post-MLP-dropout enc-1st-layernorm enc-attention-qkv enc-attention-score enc-attention-softmax enc-attention-dropout enc-attention-context enc-post-attention-dropout enc-2nd-layernorm enc-MLP-GEMM-1 enc-MLP-gelu enc-MLP-GEMM-2 enc-post-MLP-dropout enc-1st-layernorm enc-attention-qkv enc-attention-score enc-attention-softmax enc-attention-dropout enc-attention-context enc-post-attention-dropout enc-2nd-layernorm enc-MLP-GEMM-1 enc-MLP-gelu enc-MLP-GEMM-2 enc-post-MLP-dropout enc-1st-layernorm enc-attention-qkv enc-attention-score enc-attention-softmax enc-attention-dropout enc-attention-context enc-post-attention-dropout enc-2nd-layernorm enc-MLP-GEMM-1 enc-MLP-gelu enc-MLP-GEMM-2 enc-post-MLP-dropout enc-1st-layernorm enc-attention-qkv enc-attention-score enc-attention-softmax enc-attention-dropout enc-attention-context enc-post-attention-dropout enc-2nd-layernorm enc-MLP-GEMM-1 enc-MLP-gelu enc-MLP-GEMM-2 enc-post-MLP-dropout enc-1st-layernorm enc-attention-qkv enc-attention-score enc-attention-softmax enc-attention-dropout enc-attention-context enc-post-attention-dropout enc-2nd-layernorm enc-MLP-GEMM-1 enc-MLP-gelu enc-MLP-GEMM-2 enc-post-MLP-dropout enc-1st-layernorm enc-attention-qkv enc-attention-score enc-attention-softmax enc-attention-dropout enc-attention-context enc-post-attention-dropout enc-2nd-layernorm enc-MLP-GEMM-1 enc-MLP-gelu enc-MLP-GEMM-2 enc-post-MLP-dropout 
[rank 0 all ops] "encoder-embedding","enc-1st-layernorm","enc-attention-qkv","enc-attention-score","enc-attention-softmax","enc-attention-dropout","enc-attention-context","enc-attention-dense","enc-post-attention-dropout","enc-2nd-layernorm","enc-MLP-GEMM-1","enc-MLP-gelu","enc-MLP-GEMM-2","enc-post-MLP-dropout","enc-1st-layernorm","enc-attention-qkv","enc-attention-score","enc-attention-softmax","enc-attention-dropout","enc-attention-context","enc-attention-dense","enc-post-attention-dropout","enc-2nd-layernorm","enc-MLP-GEMM-1","enc-MLP-gelu","enc-MLP-GEMM-2","enc-post-MLP-dropout","enc-1st-layernorm","enc-attention-qkv","enc-attention-score","enc-attention-softmax","enc-attention-dropout","enc-attention-context","enc-attention-dense","enc-post-attention-dropout","enc-2nd-layernorm","enc-MLP-GEMM-1","enc-MLP-gelu","enc-MLP-GEMM-2","enc-post-MLP-dropout","enc-1st-layernorm","enc-attention-qkv","enc-attention-score","enc-attention-softmax","enc-attention-dropout","enc-attention-context","enc-attention-dense","enc-post-attention-dropout","enc-2nd-layernorm","enc-MLP-GEMM-1","enc-MLP-gelu","enc-MLP-GEMM-2","enc-post-MLP-dropout","enc-1st-layernorm","enc-attention-qkv","enc-attention-score","enc-attention-softmax","enc-attention-dropout","enc-attention-context","enc-attention-dense","enc-post-attention-dropout","enc-2nd-layernorm","enc-MLP-GEMM-1","enc-MLP-gelu","enc-MLP-GEMM-2","enc-post-MLP-dropout","enc-1st-layernorm","enc-attention-qkv","enc-attention-score","enc-attention-softmax","enc-attention-dropout","enc-attention-context","enc-attention-dense","enc-post-attention-dropout","enc-2nd-layernorm","enc-MLP-GEMM-1","enc-MLP-gelu","enc-MLP-GEMM-2","enc-post-MLP-dropout","enc-1st-layernorm","enc-attention-qkv","enc-attention-score","enc-attention-softmax","enc-attention-dropout","enc-attention-context","enc-attention-dense","enc-post-attention-dropout","enc-2nd-layernorm","enc-MLP-GEMM-1","enc-MLP-gelu","enc-MLP-GEMM-2","enc-post-MLP-dropout","enc-1st-layernorm","enc-attention-qkv","enc-attention-score","enc-attention-softmax","enc-attention-dropout","enc-attention-context","enc-attention-dense","enc-post-attention-dropout","enc-2nd-layernorm","enc-MLP-GEMM-1","enc-MLP-gelu","enc-MLP-GEMM-2","enc-post-MLP-dropout","enc-1st-layernorm","enc-attention-qkv","enc-attention-score","enc-attention-softmax","enc-attention-dropout","enc-attention-context","enc-attention-dense","enc-post-attention-dropout","enc-2nd-layernorm","enc-MLP-GEMM-1","enc-MLP-gelu","enc-MLP-GEMM-2","enc-post-MLP-dropout","enc-1st-layernorm","enc-attention-qkv","enc-attention-score","enc-attention-softmax","enc-attention-dropout","enc-attention-context","enc-attention-dense","enc-post-attention-dropout","enc-2nd-layernorm","enc-MLP-GEMM-1","enc-MLP-gelu","enc-MLP-GEMM-2","enc-post-MLP-dropout","enc-1st-layernorm","enc-attention-qkv","enc-attention-score","enc-attention-softmax","enc-attention-dropout","enc-attention-context","enc-attention-dense","enc-post-attention-dropout","enc-2nd-layernorm","enc-MLP-GEMM-1","enc-MLP-gelu","enc-MLP-GEMM-2","enc-post-MLP-dropout","enc-1st-layernorm","enc-attention-qkv","enc-attention-score","enc-attention-softmax","enc-attention-dropout","enc-attention-context","enc-attention-dense","enc-post-attention-dropout","enc-2nd-layernorm","enc-MLP-GEMM-1","enc-MLP-gelu","enc-MLP-GEMM-2","enc-post-MLP-dropout","enc-1st-layernorm","enc-attention-qkv","enc-attention-score","enc-attention-softmax","enc-attention-dropout","enc-attention-context","enc-attention-dense","enc-post-attention-dropout","enc-2nd-layernorm","enc-MLP-GEMM-1","enc-MLP-gelu","enc-MLP-GEMM-2","enc-post-MLP-dropout","enc-1st-layernorm","enc-attention-qkv","enc-attention-score","enc-attention-softmax","enc-attention-dropout","enc-attention-context","enc-attention-dense","enc-post-attention-dropout","enc-2nd-layernorm","enc-MLP-GEMM-1","enc-MLP-gelu","enc-MLP-GEMM-2","enc-post-MLP-dropout","enc-1st-layernorm","enc-attention-qkv","enc-attention-score","enc-attention-softmax","enc-attention-dropout","enc-attention-context","enc-attention-dense","enc-post-attention-dropout","enc-2nd-layernorm","enc-MLP-GEMM-1","enc-MLP-gelu","enc-MLP-GEMM-2","enc-post-MLP-dropout","enc-1st-layernorm","enc-attention-qkv","enc-attention-score","enc-attention-softmax","enc-attention-dropout","enc-attention-context","enc-attention-dense","enc-post-attention-dropout","enc-2nd-layernorm","enc-MLP-GEMM-1","enc-MLP-gelu","enc-MLP-GEMM-2","enc-post-MLP-dropout","enc-1st-layernorm","enc-attention-qkv","enc-attention-score","enc-attention-softmax","enc-attention-dropout","enc-attention-context","enc-attention-dense","enc-post-attention-dropout","enc-2nd-layernorm","enc-MLP-GEMM-1","enc-MLP-gelu","enc-MLP-GEMM-2","enc-post-MLP-dropout","enc-1st-layernorm","enc-attention-qkv","enc-attention-score","enc-attention-softmax","enc-attention-dropout","enc-attention-context","enc-attention-dense","enc-post-attention-dropout","enc-2nd-layernorm","enc-MLP-GEMM-1","enc-MLP-gelu","enc-MLP-GEMM-2","enc-post-MLP-dropout","enc-1st-layernorm","enc-attention-qkv","enc-attention-score","enc-attention-softmax","enc-attention-dropout","enc-attention-context","enc-attention-dense","enc-post-attention-dropout","enc-2nd-layernorm","enc-MLP-GEMM-1","enc-MLP-gelu","enc-MLP-GEMM-2","enc-post-MLP-dropout","enc-1st-layernorm","enc-attention-qkv","enc-attention-score","enc-attention-softmax","enc-attention-dropout","enc-attention-context","enc-attention-dense","enc-post-attention-dropout","enc-2nd-layernorm","enc-MLP-GEMM-1","enc-MLP-gelu","enc-MLP-GEMM-2","enc-post-MLP-dropout","enc-1st-layernorm","enc-attention-qkv","enc-attention-score","enc-attention-softmax","enc-attention-dropout","enc-attention-context","enc-attention-dense","enc-post-attention-dropout","enc-2nd-layernorm","enc-MLP-GEMM-1","enc-MLP-gelu","enc-MLP-GEMM-2","enc-post-MLP-dropout","enc-1st-layernorm","enc-attention-qkv","enc-attention-score","enc-attention-softmax","enc-attention-dropout","enc-attention-context","enc-attention-dense","enc-post-attention-dropout","enc-2nd-layernorm","enc-MLP-GEMM-1","enc-MLP-gelu","enc-MLP-GEMM-2","enc-post-MLP-dropout","enc-1st-layernorm","enc-attention-qkv","enc-attention-score","enc-attention-softmax","enc-attention-dropout","enc-attention-context","enc-attention-dense","enc-post-attention-dropout","enc-2nd-layernorm","enc-MLP-GEMM-1","enc-MLP-gelu","enc-MLP-GEMM-2","enc-post-MLP-dropout","enc-1st-layernorm","enc-attention-qkv","enc-attention-score","enc-attention-softmax","enc-attention-dropout","enc-attention-context","enc-attention-dense","enc-post-attention-dropout","enc-2nd-layernorm","enc-MLP-GEMM-1","enc-MLP-gelu","enc-MLP-GEMM-2","enc-post-MLP-dropout","enc-1st-layernorm","enc-attention-qkv","enc-attention-score","enc-attention-softmax","enc-attention-dropout","enc-attention-context","enc-attention-dense","enc-post-attention-dropout","enc-2nd-layernorm","enc-MLP-GEMM-1","enc-MLP-gelu","enc-MLP-GEMM-2","enc-post-MLP-dropout","enc-1st-layernorm","enc-attention-qkv","enc-attention-score","enc-attention-softmax","enc-attention-dropout","enc-attention-context","enc-attention-dense","enc-post-attention-dropout","enc-2nd-layernorm","enc-MLP-GEMM-1","enc-MLP-gelu","enc-MLP-GEMM-2","enc-post-MLP-dropout","enc-1st-layernorm","enc-attention-qkv","enc-attention-score","enc-attention-softmax","enc-attention-dropout","enc-attention-context","enc-attention-dense","enc-post-attention-dropout","enc-2nd-layernorm","enc-MLP-GEMM-1","enc-MLP-gelu","enc-MLP-GEMM-2","enc-post-MLP-dropout","enc-1st-layernorm","enc-attention-qkv","enc-attention-score","enc-attention-softmax","enc-attention-dropout","enc-attention-context","enc-attention-dense","enc-post-attention-dropout","enc-2nd-layernorm","enc-MLP-GEMM-1","enc-MLP-gelu","enc-MLP-GEMM-2","enc-post-MLP-dropout","enc-1st-layernorm","enc-attention-qkv","enc-attention-score","enc-attention-softmax","enc-attention-dropout","enc-attention-context","enc-attention-dense","enc-post-attention-dropout","enc-2nd-layernorm","enc-MLP-GEMM-1","enc-MLP-gelu","enc-MLP-GEMM-2","enc-post-MLP-dropout","enc-1st-layernorm","enc-attention-qkv","enc-attention-score","enc-attention-softmax","enc-attention-dropout","enc-attention-context","enc-attention-dense","enc-post-attention-dropout","enc-2nd-layernorm","enc-MLP-GEMM-1","enc-MLP-gelu","enc-MLP-GEMM-2","enc-post-MLP-dropout","enc-1st-layernorm","enc-attention-qkv","enc-attention-score","enc-attention-softmax","enc-attention-dropout","enc-attention-context","enc-attention-dense","enc-post-attention-dropout","enc-2nd-layernorm","enc-MLP-GEMM-1","enc-MLP-gelu","enc-MLP-GEMM-2","enc-post-MLP-dropout","enc-1st-layernorm","enc-attention-qkv","enc-attention-score","enc-attention-softmax","enc-attention-dropout","enc-attention-context","enc-attention-dense","enc-post-attention-dropout","enc-2nd-layernorm","enc-MLP-GEMM-1","enc-MLP-gelu","enc-MLP-GEMM-2","enc-post-MLP-dropout","enc-1st-layernorm","enc-attention-qkv","enc-attention-score","enc-attention-softmax","enc-attention-dropout","enc-attention-context","enc-attention-dense","enc-post-attention-dropout","enc-2nd-layernorm","enc-MLP-GEMM-1","enc-MLP-gelu","enc-MLP-GEMM-2","enc-post-MLP-dropout","enc-1st-layernorm","enc-attention-qkv","enc-attention-score","enc-attention-softmax","enc-attention-dropout","enc-attention-context","enc-attention-dense","enc-post-attention-dropout","enc-2nd-layernorm","enc-MLP-GEMM-1","enc-MLP-gelu","enc-MLP-GEMM-2","enc-post-MLP-dropout","enc-1st-layernorm","enc-attention-qkv","enc-attention-score","enc-attention-softmax","enc-attention-dropout","enc-attention-context","enc-attention-dense","enc-post-attention-dropout","enc-2nd-layernorm","enc-MLP-GEMM-1","enc-MLP-gelu","enc-MLP-GEMM-2","enc-post-MLP-dropout","enc-1st-layernorm","enc-attention-qkv","enc-attention-score","enc-attention-softmax","enc-attention-dropout","enc-attention-context","enc-attention-dense","enc-post-attention-dropout","enc-2nd-layernorm","enc-MLP-GEMM-1","enc-MLP-gelu","enc-MLP-GEMM-2","enc-post-MLP-dropout","enc-1st-layernorm","enc-attention-qkv","enc-attention-score","enc-attention-softmax","enc-attention-dropout","enc-attention-context","enc-attention-dense","enc-post-attention-dropout","enc-2nd-layernorm","enc-MLP-GEMM-1","enc-MLP-gelu","enc-MLP-GEMM-2","enc-post-MLP-dropout","enc-1st-layernorm","enc-attention-qkv","enc-attention-score","enc-attention-softmax","enc-attention-dropout","enc-attention-context","enc-attention-dense","enc-post-attention-dropout","enc-2nd-layernorm","enc-MLP-GEMM-1","enc-MLP-gelu","enc-MLP-GEMM-2","enc-post-MLP-dropout","enc-1st-layernorm","enc-attention-qkv","enc-attention-score","enc-attention-softmax","enc-attention-dropout","enc-attention-context","enc-attention-dense","enc-post-attention-dropout","enc-2nd-layernorm","enc-MLP-GEMM-1","enc-MLP-gelu","enc-MLP-GEMM-2","enc-post-MLP-dropout","enc-1st-layernorm","enc-attention-qkv","enc-attention-score","enc-attention-softmax","enc-attention-dropout","enc-attention-context","enc-attention-dense","enc-post-attention-dropout","enc-2nd-layernorm","enc-MLP-GEMM-1","enc-MLP-gelu","enc-MLP-GEMM-2","enc-post-MLP-dropout","enc-1st-layernorm","enc-attention-qkv","enc-attention-score","enc-attention-softmax","enc-attention-dropout","enc-attention-context","enc-attention-dense","enc-post-attention-dropout","enc-2nd-layernorm","enc-MLP-GEMM-1","enc-MLP-gelu","enc-MLP-GEMM-2","enc-post-MLP-dropout","enc-1st-layernorm","enc-attention-qkv","enc-attention-score","enc-attention-softmax","enc-attention-dropout","enc-attention-context","enc-attention-dense","enc-post-attention-dropout","enc-2nd-layernorm","enc-MLP-GEMM-1","enc-MLP-gelu","enc-MLP-GEMM-2","enc-post-MLP-dropout","enc-1st-layernorm","enc-attention-qkv","enc-attention-score","enc-attention-softmax","enc-attention-dropout","enc-attention-context","enc-attention-dense","enc-post-attention-dropout","enc-2nd-layernorm","enc-MLP-GEMM-1","enc-MLP-gelu","enc-MLP-GEMM-2","enc-post-MLP-dropout","enc-1st-layernorm","enc-attention-qkv","enc-attention-score","enc-attention-softmax","enc-attention-dropout","enc-attention-context","enc-attention-dense","enc-post-attention-dropout","enc-2nd-layernorm","enc-MLP-GEMM-1","enc-MLP-gelu","enc-MLP-GEMM-2","enc-post-MLP-dropout","enc-1st-layernorm","enc-attention-qkv","enc-attention-score","enc-attention-softmax","enc-attention-dropout","enc-attention-context","enc-attention-dense","enc-post-attention-dropout","enc-2nd-layernorm","enc-MLP-GEMM-1","enc-MLP-gelu","enc-MLP-GEMM-2","enc-post-MLP-dropout","enc-1st-layernorm","enc-attention-qkv","enc-attention-score","enc-attention-softmax","enc-attention-dropout","enc-attention-context","enc-attention-dense","enc-post-attention-dropout","enc-2nd-layernorm","enc-MLP-GEMM-1","enc-MLP-gelu","enc-MLP-GEMM-2","enc-post-MLP-dropout","enc-1st-layernorm","enc-attention-qkv","enc-attention-score","enc-attention-softmax","enc-attention-dropout","enc-attention-context","enc-attention-dense","enc-post-attention-dropout","enc-2nd-layernorm","enc-MLP-GEMM-1","enc-MLP-gelu","enc-MLP-GEMM-2","enc-post-MLP-dropout","enc-1st-layernorm","enc-attention-qkv","enc-attention-score","enc-attention-softmax","enc-attention-dropout","enc-attention-context","enc-attention-dense","enc-post-attention-dropout","enc-2nd-layernorm","enc-MLP-GEMM-1","enc-MLP-gelu","enc-MLP-GEMM-2","enc-post-MLP-dropout","enc-1st-layernorm","enc-attention-qkv","enc-attention-score","enc-attention-softmax","enc-attention-dropout","enc-attention-context","enc-attention-dense","enc-post-attention-dropout","enc-2nd-layernorm","enc-MLP-GEMM-1","enc-MLP-gelu","enc-MLP-GEMM-2","enc-post-MLP-dropout","enc-1st-layernorm","enc-attention-qkv","enc-attention-score","enc-attention-softmax","enc-attention-dropout","enc-attention-context","enc-attention-dense","enc-post-attention-dropout","enc-2nd-layernorm","enc-MLP-GEMM-1","enc-MLP-gelu","enc-MLP-GEMM-2","enc-post-MLP-dropout","enc-1st-layernorm","enc-attention-qkv","enc-attention-score","enc-attention-softmax","enc-attention-dropout","enc-attention-context","enc-attention-dense","enc-post-attention-dropout","enc-2nd-layernorm","enc-MLP-GEMM-1","enc-MLP-gelu","enc-MLP-GEMM-2","enc-post-MLP-dropout","enc-1st-layernorm","enc-attention-qkv","enc-attention-score","enc-attention-softmax","enc-attention-dropout","enc-attention-context","enc-attention-dense","enc-post-attention-dropout","enc-2nd-layernorm","enc-MLP-GEMM-1","enc-MLP-gelu","enc-MLP-GEMM-2","enc-post-MLP-dropout","enc-1st-layernorm","enc-attention-qkv","enc-attention-score","enc-attention-softmax","enc-attention-dropout","enc-attention-context","enc-attention-dense","enc-post-attention-dropout","enc-2nd-layernorm","enc-MLP-GEMM-1","enc-MLP-gelu","enc-MLP-GEMM-2","enc-post-MLP-dropout","enc-1st-layernorm","enc-attention-qkv","enc-attention-score","enc-attention-softmax","enc-attention-dropout","enc-attention-context","enc-attention-dense","enc-post-attention-dropout","enc-2nd-layernorm","enc-MLP-GEMM-1","enc-MLP-gelu","enc-MLP-GEMM-2","enc-post-MLP-dropout","enc-1st-layernorm","enc-attention-qkv","enc-attention-score","enc-attention-softmax","enc-attention-dropout","enc-attention-context","enc-attention-dense","enc-post-attention-dropout","enc-2nd-layernorm","enc-MLP-GEMM-1","enc-MLP-gelu","enc-MLP-GEMM-2","enc-post-MLP-dropout","enc-1st-layernorm","enc-attention-qkv","enc-attention-score","enc-attention-softmax","enc-attention-dropout","enc-attention-context","enc-attention-dense","enc-post-attention-dropout","enc-2nd-layernorm","enc-MLP-GEMM-1","enc-MLP-gelu","enc-MLP-GEMM-2","enc-post-MLP-dropout","enc-1st-layernorm","enc-attention-qkv","enc-attention-score","enc-attention-softmax","enc-attention-dropout","enc-attention-context","enc-attention-dense","enc-post-attention-dropout","enc-2nd-layernorm","enc-MLP-GEMM-1","enc-MLP-gelu","enc-MLP-GEMM-2","enc-post-MLP-dropout","enc-1st-layernorm","enc-attention-qkv","enc-attention-score","enc-attention-softmax","enc-attention-dropout","enc-attention-context","enc-attention-dense","enc-post-attention-dropout","enc-2nd-layernorm","enc-MLP-GEMM-1","enc-MLP-gelu","enc-MLP-GEMM-2","enc-post-MLP-dropout","enc-1st-layernorm","enc-attention-qkv","enc-attention-score","enc-attention-softmax","enc-attention-dropout","enc-attention-context","enc-attention-dense","enc-post-attention-dropout","enc-2nd-layernorm","enc-MLP-GEMM-1","enc-MLP-gelu","enc-MLP-GEMM-2","enc-post-MLP-dropout","enc-1st-layernorm","enc-attention-qkv","enc-attention-score","enc-attention-softmax","enc-attention-dropout","enc-attention-context","enc-attention-dense","enc-post-attention-dropout","enc-2nd-layernorm","enc-MLP-GEMM-1","enc-MLP-gelu","enc-MLP-GEMM-2","enc-post-MLP-dropout","enc-1st-layernorm","enc-attention-qkv","enc-attention-score","enc-attention-softmax","enc-attention-dropout","enc-attention-context","enc-attention-dense","enc-post-attention-dropout","enc-2nd-layernorm","enc-MLP-GEMM-1","enc-MLP-gelu","enc-MLP-GEMM-2","enc-post-MLP-dropout","enc-1st-layernorm","enc-attention-qkv","enc-attention-score","enc-attention-softmax","enc-attention-dropout","enc-attention-context","enc-attention-dense","enc-post-attention-dropout","enc-2nd-layernorm","enc-MLP-GEMM-1","enc-MLP-gelu","enc-MLP-GEMM-2","enc-post-MLP-dropout","enc-1st-layernorm","enc-attention-qkv","enc-attention-score","enc-attention-softmax","enc-attention-dropout","enc-attention-context","enc-attention-dense","enc-post-attention-dropout","enc-2nd-layernorm",
[rank 0 recompute ops] enc-attention-qkv enc-attention-score enc-attention-softmax enc-attention-dropout enc-attention-context enc-attention-dense enc-post-attention-dropout enc-2nd-layernorm enc-MLP-GEMM-1 enc-MLP-gelu enc-MLP-GEMM-2 enc-post-MLP-dropout enc-1st-layernorm enc-attention-qkv enc-attention-score enc-attention-softmax enc-attention-dropout enc-attention-context enc-attention-dense enc-post-attention-dropout enc-2nd-layernorm enc-MLP-GEMM-1 enc-MLP-gelu enc-MLP-GEMM-2 enc-post-MLP-dropout enc-1st-layernorm enc-attention-qkv enc-attention-score enc-attention-softmax enc-attention-dropout enc-attention-context enc-attention-dense enc-post-attention-dropout enc-2nd-layernorm enc-MLP-GEMM-1 enc-MLP-gelu enc-MLP-GEMM-2 enc-post-MLP-dropout enc-1st-layernorm enc-attention-qkv enc-attention-score enc-attention-softmax enc-attention-dropout enc-attention-context enc-attention-dense enc-post-attention-dropout enc-2nd-layernorm enc-MLP-GEMM-1 enc-MLP-gelu enc-MLP-GEMM-2 enc-post-MLP-dropout enc-1st-layernorm enc-attention-qkv enc-attention-score enc-attention-softmax enc-attention-dropout enc-attention-context enc-attention-dense enc-post-attention-dropout enc-2nd-layernorm enc-MLP-GEMM-1 enc-MLP-gelu enc-MLP-GEMM-2 enc-post-MLP-dropout enc-1st-layernorm enc-attention-qkv enc-attention-score enc-attention-softmax enc-attention-dropout enc-attention-context enc-attention-dense enc-post-attention-dropout enc-2nd-layernorm enc-MLP-GEMM-1 enc-MLP-gelu enc-MLP-GEMM-2 enc-post-MLP-dropout enc-1st-layernorm enc-attention-qkv enc-attention-score enc-attention-softmax enc-attention-dropout enc-attention-context enc-attention-dense enc-post-attention-dropout enc-2nd-layernorm enc-MLP-GEMM-1 enc-MLP-gelu enc-MLP-GEMM-2 enc-post-MLP-dropout enc-1st-layernorm enc-attention-qkv enc-attention-score enc-attention-softmax enc-attention-dropout enc-attention-context enc-attention-dense enc-post-attention-dropout enc-2nd-layernorm enc-MLP-GEMM-1 enc-MLP-gelu enc-MLP-GEMM-2 enc-post-MLP-dropout enc-1st-layernorm enc-attention-qkv enc-attention-score enc-attention-softmax enc-attention-dropout enc-attention-context enc-attention-dense enc-post-attention-dropout enc-2nd-layernorm enc-MLP-GEMM-1 enc-MLP-gelu enc-MLP-GEMM-2 enc-post-MLP-dropout enc-1st-layernorm enc-attention-qkv enc-attention-score enc-attention-softmax enc-attention-dropout enc-attention-context enc-attention-dense enc-post-attention-dropout enc-2nd-layernorm enc-MLP-GEMM-1 enc-MLP-gelu enc-MLP-GEMM-2 enc-post-MLP-dropout enc-1st-layernorm enc-attention-qkv enc-attention-score enc-attention-softmax enc-attention-dropout enc-attention-context enc-attention-dense enc-post-attention-dropout enc-2nd-layernorm enc-MLP-GEMM-1 enc-MLP-gelu enc-MLP-GEMM-2 enc-post-MLP-dropout enc-1st-layernorm enc-attention-qkv enc-attention-score enc-attention-softmax enc-attention-dropout enc-attention-context enc-attention-dense enc-post-attention-dropout enc-2nd-layernorm enc-MLP-GEMM-1 enc-MLP-gelu enc-MLP-GEMM-2 enc-post-MLP-dropout enc-1st-layernorm enc-attention-qkv enc-attention-score enc-attention-softmax enc-attention-dropout enc-attention-context enc-attention-dense enc-post-attention-dropout enc-2nd-layernorm enc-MLP-GEMM-1 enc-MLP-gelu enc-MLP-GEMM-2 enc-post-MLP-dropout enc-1st-layernorm enc-attention-qkv enc-attention-score enc-attention-softmax enc-attention-dropout enc-attention-context enc-attention-dense enc-post-attention-dropout enc-2nd-layernorm enc-MLP-GEMM-1 enc-MLP-gelu enc-MLP-GEMM-2 enc-post-MLP-dropout enc-1st-layernorm enc-attention-qkv enc-attention-score enc-attention-softmax enc-attention-dropout enc-attention-context enc-attention-dense enc-post-attention-dropout enc-2nd-layernorm enc-MLP-GEMM-1 enc-MLP-gelu enc-MLP-GEMM-2 enc-post-MLP-dropout enc-1st-layernorm enc-attention-qkv enc-attention-score enc-attention-softmax enc-attention-dropout enc-attention-context enc-attention-dense enc-post-attention-dropout enc-2nd-layernorm enc-MLP-GEMM-1 enc-MLP-gelu enc-MLP-GEMM-2 enc-post-MLP-dropout enc-1st-layernorm enc-attention-qkv enc-attention-score enc-attention-softmax enc-attention-dropout enc-attention-context enc-attention-dense enc-post-attention-dropout enc-2nd-layernorm enc-MLP-GEMM-1 enc-MLP-gelu enc-MLP-GEMM-2 enc-post-MLP-dropout enc-1st-layernorm enc-attention-qkv enc-attention-score enc-attention-softmax enc-attention-dropout enc-attention-context enc-attention-dense enc-post-attention-dropout enc-2nd-layernorm enc-MLP-GEMM-1 enc-MLP-gelu enc-MLP-GEMM-2 enc-post-MLP-dropout enc-1st-layernorm enc-attention-qkv enc-attention-score enc-attention-softmax enc-attention-dropout enc-attention-context enc-attention-dense enc-post-attention-dropout enc-2nd-layernorm enc-MLP-GEMM-1 enc-MLP-gelu enc-MLP-GEMM-2 enc-post-MLP-dropout enc-1st-layernorm enc-attention-qkv enc-attention-score enc-attention-softmax enc-attention-dropout enc-attention-context enc-attention-dense enc-post-attention-dropout enc-2nd-layernorm enc-MLP-GEMM-1 enc-MLP-gelu enc-MLP-GEMM-2 enc-post-MLP-dropout enc-1st-layernorm enc-attention-qkv enc-attention-score enc-attention-softmax enc-attention-dropout enc-attention-context enc-attention-dense enc-post-attention-dropout enc-2nd-layernorm enc-MLP-GEMM-1 enc-MLP-gelu enc-MLP-GEMM-2 enc-post-MLP-dropout enc-1st-layernorm enc-attention-qkv enc-attention-score enc-attention-softmax enc-attention-dropout enc-attention-context enc-attention-dense enc-post-attention-dropout enc-2nd-layernorm enc-MLP-GEMM-1 enc-MLP-gelu enc-MLP-GEMM-2 enc-post-MLP-dropout enc-1st-layernorm enc-attention-qkv enc-attention-score enc-attention-softmax enc-attention-dropout enc-attention-context enc-attention-dense enc-post-attention-dropout enc-2nd-layernorm enc-MLP-GEMM-1 enc-MLP-gelu enc-MLP-GEMM-2 enc-post-MLP-dropout enc-1st-layernorm enc-attention-qkv enc-attention-score enc-attention-softmax enc-attention-dropout enc-attention-context enc-attention-dense enc-post-attention-dropout enc-2nd-layernorm enc-MLP-GEMM-1 enc-MLP-gelu enc-MLP-GEMM-2 enc-post-MLP-dropout enc-1st-layernorm enc-attention-qkv enc-attention-score enc-attention-softmax enc-attention-dropout enc-attention-context enc-attention-dense enc-post-attention-dropout enc-2nd-layernorm enc-MLP-GEMM-1 enc-MLP-gelu enc-MLP-GEMM-2 enc-post-MLP-dropout enc-1st-layernorm enc-attention-qkv enc-attention-score enc-attention-softmax enc-attention-dropout enc-attention-context enc-attention-dense enc-post-attention-dropout enc-2nd-layernorm enc-MLP-GEMM-1 enc-MLP-gelu enc-MLP-GEMM-2 enc-post-MLP-dropout enc-1st-layernorm enc-attention-qkv enc-attention-score enc-attention-softmax enc-attention-dropout enc-attention-context enc-attention-dense enc-post-attention-dropout enc-2nd-layernorm enc-MLP-GEMM-1 enc-MLP-gelu enc-MLP-GEMM-2 enc-post-MLP-dropout enc-1st-layernorm enc-attention-qkv enc-attention-score enc-attention-softmax enc-attention-dropout enc-attention-context enc-attention-dense enc-post-attention-dropout enc-2nd-layernorm enc-MLP-GEMM-1 enc-MLP-gelu enc-MLP-GEMM-2 enc-post-MLP-dropout enc-1st-layernorm enc-attention-qkv enc-attention-score enc-attention-softmax enc-attention-dropout enc-attention-context enc-attention-dense enc-post-attention-dropout enc-2nd-layernorm enc-MLP-GEMM-1 enc-MLP-gelu enc-MLP-GEMM-2 enc-post-MLP-dropout enc-1st-layernorm enc-attention-qkv enc-attention-score enc-attention-softmax enc-attention-dropout enc-attention-context enc-attention-dense enc-post-attention-dropout enc-2nd-layernorm enc-MLP-GEMM-1 enc-MLP-gelu enc-MLP-GEMM-2 enc-post-MLP-dropout enc-1st-layernorm enc-attention-qkv enc-attention-score enc-attention-softmax enc-attention-dropout enc-attention-context enc-attention-dense enc-post-attention-dropout enc-2nd-layernorm enc-MLP-GEMM-1 enc-MLP-gelu enc-MLP-GEMM-2 enc-post-MLP-dropout enc-1st-layernorm enc-attention-qkv enc-attention-score enc-attention-softmax enc-attention-dropout enc-attention-context enc-attention-dense enc-post-attention-dropout enc-2nd-layernorm enc-MLP-GEMM-1 enc-MLP-gelu enc-MLP-GEMM-2 enc-post-MLP-dropout enc-1st-layernorm enc-attention-qkv enc-attention-score enc-attention-softmax enc-attention-dropout enc-attention-context enc-attention-dense enc-post-attention-dropout enc-2nd-layernorm enc-MLP-GEMM-1 enc-MLP-gelu enc-MLP-GEMM-2 enc-post-MLP-dropout enc-1st-layernorm enc-attention-qkv enc-attention-score enc-attention-softmax enc-attention-dropout enc-attention-context enc-attention-dense enc-post-attention-dropout enc-2nd-layernorm enc-MLP-GEMM-1 enc-MLP-gelu enc-MLP-GEMM-2 enc-post-MLP-dropout enc-1st-layernorm enc-attention-qkv enc-attention-score enc-attention-softmax enc-attention-dropout enc-attention-context enc-attention-dense enc-post-attention-dropout enc-2nd-layernorm enc-MLP-GEMM-1 enc-MLP-gelu enc-MLP-GEMM-2 enc-post-MLP-dropout enc-1st-layernorm enc-attention-qkv enc-attention-score enc-attention-softmax enc-attention-dropout enc-attention-context enc-attention-dense enc-post-attention-dropout enc-2nd-layernorm enc-MLP-GEMM-1 enc-MLP-gelu enc-MLP-GEMM-2 enc-post-MLP-dropout enc-1st-layernorm enc-attention-qkv enc-attention-score enc-attention-softmax enc-attention-dropout enc-attention-context enc-attention-dense enc-post-attention-dropout enc-2nd-layernorm enc-MLP-GEMM-1 enc-MLP-gelu enc-MLP-GEMM-2 enc-post-MLP-dropout enc-1st-layernorm enc-attention-qkv enc-attention-score enc-attention-softmax enc-attention-dropout enc-attention-context enc-attention-dense enc-post-attention-dropout enc-2nd-layernorm enc-MLP-GEMM-1 enc-MLP-gelu enc-MLP-GEMM-2 enc-post-MLP-dropout enc-1st-layernorm enc-attention-qkv enc-attention-score enc-attention-softmax enc-attention-dropout enc-attention-context enc-attention-dense enc-post-attention-dropout enc-2nd-layernorm enc-MLP-GEMM-1 enc-MLP-gelu enc-MLP-GEMM-2 enc-post-MLP-dropout enc-1st-layernorm enc-attention-qkv enc-attention-score enc-attention-softmax enc-attention-dropout enc-attention-context enc-attention-dense enc-post-attention-dropout enc-2nd-layernorm enc-MLP-GEMM-1 enc-MLP-gelu enc-MLP-GEMM-2 enc-post-MLP-dropout enc-1st-layernorm enc-attention-qkv enc-attention-score enc-attention-softmax enc-attention-dropout enc-attention-context enc-attention-dense enc-post-attention-dropout enc-2nd-layernorm enc-MLP-GEMM-1 enc-MLP-gelu enc-MLP-GEMM-2 enc-post-MLP-dropout enc-1st-layernorm enc-attention-qkv enc-attention-score enc-attention-softmax enc-attention-dropout enc-attention-context enc-attention-dense enc-post-attention-dropout enc-2nd-layernorm enc-MLP-GEMM-1 enc-MLP-gelu enc-MLP-GEMM-2 enc-post-MLP-dropout enc-1st-layernorm enc-attention-qkv enc-attention-score enc-attention-softmax enc-attention-dropout enc-attention-context enc-attention-dense enc-post-attention-dropout enc-2nd-layernorm enc-MLP-GEMM-1 enc-MLP-gelu enc-MLP-GEMM-2 enc-post-MLP-dropout enc-1st-layernorm enc-attention-qkv enc-attention-score enc-attention-softmax enc-attention-dropout enc-attention-context enc-attention-dense enc-post-attention-dropout enc-2nd-layernorm enc-MLP-GEMM-1 enc-MLP-gelu enc-MLP-GEMM-2 enc-post-MLP-dropout enc-1st-layernorm enc-attention-qkv enc-attention-score enc-attention-softmax enc-attention-dropout enc-attention-context enc-attention-dense enc-post-attention-dropout enc-2nd-layernorm enc-MLP-GEMM-1 enc-MLP-gelu enc-MLP-GEMM-2 enc-post-MLP-dropout enc-1st-layernorm enc-attention-qkv enc-attention-score enc-attention-softmax enc-attention-dropout enc-attention-context enc-attention-dense enc-post-attention-dropout enc-2nd-layernorm enc-MLP-GEMM-1 enc-MLP-gelu enc-MLP-GEMM-2 enc-post-MLP-dropout enc-1st-layernorm enc-attention-qkv enc-attention-score enc-attention-softmax enc-attention-dropout enc-attention-context enc-attention-dense enc-post-attention-dropout enc-2nd-layernorm enc-MLP-GEMM-1 enc-MLP-gelu enc-MLP-GEMM-2 enc-post-MLP-dropout enc-1st-layernorm enc-attention-qkv enc-attention-score enc-attention-softmax enc-attention-dropout enc-attention-context enc-attention-dense enc-post-attention-dropout enc-2nd-layernorm enc-MLP-GEMM-1 enc-MLP-gelu enc-MLP-GEMM-2 enc-post-MLP-dropout enc-1st-layernorm enc-attention-qkv enc-attention-score enc-attention-softmax enc-attention-dropout enc-attention-context enc-attention-dense enc-post-attention-dropout enc-2nd-layernorm enc-MLP-GEMM-1 enc-MLP-gelu enc-MLP-GEMM-2 enc-post-MLP-dropout enc-1st-layernorm enc-attention-qkv enc-attention-score enc-attention-softmax enc-attention-dropout enc-attention-context enc-attention-dense enc-post-attention-dropout enc-2nd-layernorm enc-MLP-GEMM-1 enc-MLP-gelu enc-MLP-GEMM-2 enc-post-MLP-dropout enc-1st-layernorm enc-attention-qkv enc-attention-score enc-attention-softmax enc-attention-dropout enc-attention-context enc-attention-dense enc-post-attention-dropout enc-2nd-layernorm enc-MLP-GEMM-1 enc-MLP-gelu enc-MLP-GEMM-2 enc-post-MLP-dropout enc-1st-layernorm enc-attention-qkv enc-attention-score enc-attention-softmax enc-attention-dropout enc-attention-context enc-attention-dense enc-post-attention-dropout enc-2nd-layernorm enc-MLP-GEMM-1 enc-MLP-gelu enc-MLP-GEMM-2 enc-post-MLP-dropout enc-1st-layernorm enc-attention-qkv enc-attention-score enc-attention-softmax enc-attention-dropout enc-attention-context enc-attention-dense enc-post-attention-dropout enc-2nd-layernorm enc-MLP-GEMM-1 enc-MLP-gelu enc-MLP-GEMM-2 enc-post-MLP-dropout enc-1st-layernorm enc-attention-qkv enc-attention-score enc-attention-softmax enc-attention-dropout enc-attention-context enc-attention-dense enc-post-attention-dropout enc-2nd-layernorm enc-MLP-GEMM-1 enc-MLP-gelu enc-MLP-GEMM-2 enc-post-MLP-dropout enc-1st-layernorm enc-attention-qkv enc-attention-score enc-attention-softmax enc-attention-dropout enc-attention-context enc-attention-dense enc-post-attention-dropout enc-2nd-layernorm enc-MLP-GEMM-1 enc-MLP-gelu enc-MLP-GEMM-2 enc-post-MLP-dropout enc-1st-layernorm enc-attention-qkv enc-attention-score enc-attention-softmax enc-attention-dropout enc-attention-context enc-attention-dense enc-post-attention-dropout enc-2nd-layernorm enc-MLP-GEMM-1 enc-MLP-gelu enc-MLP-GEMM-2 enc-post-MLP-dropout enc-1st-layernorm enc-attention-qkv enc-attention-score enc-attention-softmax enc-attention-dropout enc-attention-context enc-attention-dense enc-post-attention-dropout enc-2nd-layernorm enc-MLP-GEMM-1 enc-MLP-gelu enc-MLP-GEMM-2 enc-post-MLP-dropout enc-1st-layernorm enc-attention-qkv enc-attention-score enc-attention-softmax enc-attention-dropout enc-attention-context enc-attention-dense enc-post-attention-dropout enc-2nd-layernorm enc-MLP-GEMM-1 enc-MLP-gelu enc-MLP-GEMM-2 enc-post-MLP-dropout enc-1st-layernorm enc-attention-qkv enc-attention-score enc-attention-softmax enc-attention-dropout enc-attention-context enc-attention-dense enc-post-attention-dropout enc-2nd-layernorm enc-MLP-GEMM-1 enc-MLP-gelu enc-MLP-GEMM-2 enc-post-MLP-dropout enc-1st-layernorm enc-attention-qkv enc-attention-score enc-attention-softmax enc-attention-dropout enc-attention-context enc-attention-dense enc-post-attention-dropout enc-2nd-layernorm enc-MLP-GEMM-1 enc-MLP-gelu enc-MLP-GEMM-2 enc-post-MLP-dropout enc-1st-layernorm enc-attention-qkv enc-attention-score enc-attention-softmax enc-attention-dropout enc-attention-context enc-attention-dense enc-post-attention-dropout enc-2nd-layernorm enc-MLP-GEMM-1 enc-MLP-gelu enc-MLP-GEMM-2 enc-post-MLP-dropout enc-1st-layernorm enc-attention-qkv enc-attention-score enc-attention-softmax enc-attention-dropout enc-attention-context enc-attention-dense enc-post-attention-dropout enc-2nd-layernorm enc-MLP-GEMM-1 enc-MLP-gelu enc-MLP-GEMM-2 enc-post-MLP-dropout enc-1st-layernorm enc-attention-qkv enc-attention-score enc-attention-softmax enc-attention-dropout enc-attention-context enc-attention-dense enc-post-attention-dropout enc-2nd-layernorm 
 > number of parameters on (tensor, pipeline) model parallel rank (0, 3): 199389184
 > number of parameters on (tensor, pipeline) model parallel rank (0, 1): 198600192
 > number of parameters on (tensor, pipeline) model parallel rank (0, 5): 201752576
 > number of parameters on (tensor, pipeline) model parallel rank (0, 4): 201752576
[rank 6 all ops] "enc-attention-dropout","enc-attention-context","enc-attention-dense","enc-post-attention-dropout","enc-2nd-layernorm","enc-MLP-GEMM-1","enc-MLP-gelu","enc-MLP-GEMM-2","enc-post-MLP-dropout","enc-1st-layernorm","enc-attention-qkv","enc-attention-score","enc-attention-softmax","enc-attention-dropout","enc-attention-context","enc-attention-dense","enc-post-attention-dropout","enc-2nd-layernorm","enc-MLP-GEMM-1","enc-MLP-gelu","enc-MLP-GEMM-2","enc-post-MLP-dropout","enc-1st-layernorm","enc-attention-qkv","enc-attention-score","enc-attention-softmax","enc-attention-dropout","enc-attention-context","enc-attention-dense","enc-post-attention-dropout","enc-2nd-layernorm","enc-MLP-GEMM-1","enc-MLP-gelu","enc-MLP-GEMM-2","enc-post-MLP-dropout","enc-1st-layernorm","enc-attention-qkv","enc-attention-score","enc-attention-softmax","enc-attention-dropout","enc-attention-context","enc-attention-dense","enc-post-attention-dropout","enc-2nd-layernorm","enc-MLP-GEMM-1","enc-MLP-gelu","enc-MLP-GEMM-2","enc-post-MLP-dropout","enc-1st-layernorm","enc-attention-qkv","enc-attention-score","enc-attention-softmax","enc-attention-dropout","enc-attention-context","enc-attention-dense","enc-post-attention-dropout","enc-2nd-layernorm","enc-MLP-GEMM-1","enc-MLP-gelu","enc-MLP-GEMM-2","enc-post-MLP-dropout","enc-1st-layernorm","enc-attention-qkv","enc-attention-score","enc-attention-softmax","enc-attention-dropout","enc-attention-context","enc-attention-dense","enc-post-attention-dropout","enc-2nd-layernorm","enc-MLP-GEMM-1","enc-MLP-gelu","enc-MLP-GEMM-2","enc-post-MLP-dropout","enc-1st-layernorm","enc-attention-qkv","enc-attention-score","enc-attention-softmax","enc-attention-dropout","enc-attention-context","enc-attention-dense","enc-post-attention-dropout","enc-2nd-layernorm","enc-MLP-GEMM-1","enc-MLP-gelu","enc-MLP-GEMM-2","enc-post-MLP-dropout","enc-1st-layernorm","enc-attention-qkv","enc-attention-score","enc-attention-softmax","enc-attention-dropout","enc-attention-context","enc-attention-dense","enc-post-attention-dropout","enc-2nd-layernorm","enc-MLP-GEMM-1","enc-MLP-gelu","enc-MLP-GEMM-2","enc-post-MLP-dropout","enc-1st-layernorm","enc-attention-qkv","enc-attention-score","enc-attention-softmax","enc-attention-dropout","enc-attention-context","enc-attention-dense","enc-post-attention-dropout","enc-2nd-layernorm","enc-MLP-GEMM-1","enc-MLP-gelu","enc-MLP-GEMM-2","enc-post-MLP-dropout","enc-1st-layernorm","enc-attention-qkv","enc-attention-score","enc-attention-softmax","enc-attention-dropout","enc-attention-context","enc-attention-dense","enc-post-attention-dropout","enc-2nd-layernorm","enc-MLP-GEMM-1","enc-MLP-gelu","enc-MLP-GEMM-2","enc-post-MLP-dropout","enc-1st-layernorm","enc-attention-qkv","enc-attention-score","enc-attention-softmax","enc-attention-dropout","enc-attention-context","enc-attention-dense","enc-post-attention-dropout","enc-2nd-layernorm","enc-MLP-GEMM-1","enc-MLP-gelu","enc-MLP-GEMM-2","enc-post-MLP-dropout","enc-1st-layernorm","enc-attention-qkv","enc-attention-score","enc-attention-softmax","enc-attention-dropout","enc-attention-context","enc-attention-dense","enc-post-attention-dropout","enc-2nd-layernorm","enc-MLP-GEMM-1","enc-MLP-gelu","enc-MLP-GEMM-2","enc-post-MLP-dropout","enc-1st-layernorm","enc-attention-qkv","enc-attention-score","enc-attention-softmax","enc-attention-dropout","enc-attention-context","enc-attention-dense","enc-post-attention-dropout","enc-2nd-layernorm","enc-MLP-GEMM-1","enc-MLP-gelu","enc-MLP-GEMM-2","enc-post-MLP-dropout","enc-1st-layernorm","enc-attention-qkv","enc-attention-score","enc-attention-softmax","enc-attention-dropout","enc-attention-context","enc-attention-dense","enc-post-attention-dropout","enc-2nd-layernorm","enc-MLP-GEMM-1","enc-MLP-gelu","enc-MLP-GEMM-2","enc-post-MLP-dropout","enc-1st-layernorm","enc-attention-qkv","enc-attention-score","enc-attention-softmax","enc-attention-dropout","enc-attention-context","enc-attention-dense","enc-post-attention-dropout","enc-2nd-layernorm","enc-MLP-GEMM-1","enc-MLP-gelu","enc-MLP-GEMM-2","enc-post-MLP-dropout","enc-1st-layernorm","enc-attention-qkv","enc-attention-score","enc-attention-softmax","enc-attention-dropout","enc-attention-context","enc-attention-dense","enc-post-attention-dropout","enc-2nd-layernorm","enc-MLP-GEMM-1","enc-MLP-gelu","enc-MLP-GEMM-2","enc-post-MLP-dropout","enc-1st-layernorm","enc-attention-qkv","enc-attention-score","enc-attention-softmax","enc-attention-dropout","enc-attention-context","enc-attention-dense","enc-post-attention-dropout","enc-2nd-layernorm","enc-MLP-GEMM-1","enc-MLP-gelu","enc-MLP-GEMM-2","enc-post-MLP-dropout","enc-1st-layernorm","enc-attention-qkv","enc-attention-score","enc-attention-softmax","enc-attention-dropout","enc-attention-context","enc-attention-dense","enc-post-attention-dropout","enc-2nd-layernorm","enc-MLP-GEMM-1","enc-MLP-gelu","enc-MLP-GEMM-2","enc-post-MLP-dropout","enc-1st-layernorm","enc-attention-qkv","enc-attention-score","enc-attention-softmax","enc-attention-dropout","enc-attention-context","enc-attention-dense","enc-post-attention-dropout","enc-2nd-layernorm","enc-MLP-GEMM-1","enc-MLP-gelu","enc-MLP-GEMM-2","enc-post-MLP-dropout","enc-1st-layernorm","enc-attention-qkv","enc-attention-score","enc-attention-softmax","enc-attention-dropout","enc-attention-context","enc-attention-dense","enc-post-attention-dropout","enc-2nd-layernorm","enc-MLP-GEMM-1","enc-MLP-gelu","enc-MLP-GEMM-2","enc-post-MLP-dropout","enc-1st-layernorm","enc-attention-qkv","enc-attention-score","enc-attention-softmax","enc-attention-dropout","enc-attention-context","enc-attention-dense","enc-post-attention-dropout","enc-2nd-layernorm","enc-MLP-GEMM-1","enc-MLP-gelu","enc-MLP-GEMM-2","enc-post-MLP-dropout","enc-1st-layernorm","enc-attention-qkv","enc-attention-score","enc-attention-softmax","enc-attention-dropout","enc-attention-context","enc-attention-dense","enc-post-attention-dropout","enc-2nd-layernorm","enc-MLP-GEMM-1","enc-MLP-gelu","enc-MLP-GEMM-2","enc-post-MLP-dropout","enc-1st-layernorm","enc-attention-qkv","enc-attention-score","enc-attention-softmax","enc-attention-dropout","enc-attention-context","enc-attention-dense","enc-post-attention-dropout","enc-2nd-layernorm","enc-MLP-GEMM-1","enc-MLP-gelu","enc-MLP-GEMM-2","enc-post-MLP-dropout","enc-1st-layernorm","enc-attention-qkv","enc-attention-score","enc-attention-softmax","enc-attention-dropout","enc-attention-context","enc-attention-dense","enc-post-attention-dropout","enc-2nd-layernorm","enc-MLP-GEMM-1","enc-MLP-gelu","enc-MLP-GEMM-2","enc-post-MLP-dropout","enc-1st-layernorm","enc-attention-qkv","enc-attention-score","enc-attention-softmax","enc-attention-dropout","enc-attention-context","enc-attention-dense","enc-post-attention-dropout","enc-2nd-layernorm","enc-MLP-GEMM-1","enc-MLP-gelu","enc-MLP-GEMM-2","enc-post-MLP-dropout","enc-1st-layernorm","enc-attention-qkv","enc-attention-score","enc-attention-softmax","enc-attention-dropout","enc-attention-context","enc-attention-dense","enc-post-attention-dropout","enc-2nd-layernorm","enc-MLP-GEMM-1","enc-MLP-gelu","enc-MLP-GEMM-2","enc-post-MLP-dropout","enc-1st-layernorm","enc-attention-qkv","enc-attention-score","enc-attention-softmax","enc-attention-dropout","enc-attention-context","enc-attention-dense","enc-post-attention-dropout","enc-2nd-layernorm","enc-MLP-GEMM-1","enc-MLP-gelu","enc-MLP-GEMM-2","enc-post-MLP-dropout","enc-1st-layernorm","enc-attention-qkv","enc-attention-score","enc-attention-softmax","enc-attention-dropout","enc-attention-context","enc-attention-dense","enc-post-attention-dropout","enc-2nd-layernorm","enc-MLP-GEMM-1","enc-MLP-gelu","enc-MLP-GEMM-2","enc-post-MLP-dropout","enc-1st-layernorm","enc-attention-qkv","enc-attention-score","enc-attention-softmax","enc-attention-dropout","enc-attention-context","enc-attention-dense","enc-post-attention-dropout","enc-2nd-layernorm","enc-MLP-GEMM-1","enc-MLP-gelu","enc-MLP-GEMM-2","enc-post-MLP-dropout","enc-1st-layernorm","enc-attention-qkv","enc-attention-score","enc-attention-softmax","enc-attention-dropout","enc-attention-context","enc-attention-dense","enc-post-attention-dropout","enc-2nd-layernorm","enc-MLP-GEMM-1","enc-MLP-gelu","enc-MLP-GEMM-2","enc-post-MLP-dropout","enc-1st-layernorm","enc-attention-qkv","enc-attention-score","enc-attention-softmax","enc-attention-dropout","enc-attention-context","enc-attention-dense","enc-post-attention-dropout","enc-2nd-layernorm","enc-MLP-GEMM-1","enc-MLP-gelu","enc-MLP-GEMM-2","enc-post-MLP-dropout","enc-1st-layernorm","enc-attention-qkv","enc-attention-score","enc-attention-softmax","enc-attention-dropout","enc-attention-context","enc-attention-dense","enc-post-attention-dropout","enc-2nd-layernorm","enc-MLP-GEMM-1","enc-MLP-gelu","enc-MLP-GEMM-2","enc-post-MLP-dropout","enc-1st-layernorm","enc-attention-qkv","enc-attention-score","enc-attention-softmax","enc-attention-dropout","enc-attention-context","enc-attention-dense","enc-post-attention-dropout","enc-2nd-layernorm","enc-MLP-GEMM-1","enc-MLP-gelu","enc-MLP-GEMM-2","enc-post-MLP-dropout","enc-1st-layernorm","enc-attention-qkv","enc-attention-score","enc-attention-softmax","enc-attention-dropout","enc-attention-context","enc-attention-dense","enc-post-attention-dropout","enc-2nd-layernorm","enc-MLP-GEMM-1","enc-MLP-gelu","enc-MLP-GEMM-2","enc-post-MLP-dropout","enc-1st-layernorm","enc-attention-qkv","enc-attention-score","enc-attention-softmax","enc-attention-dropout","enc-attention-context","enc-attention-dense","enc-post-attention-dropout","enc-2nd-layernorm","enc-MLP-GEMM-1","enc-MLP-gelu","enc-MLP-GEMM-2","enc-post-MLP-dropout","enc-1st-layernorm","enc-attention-qkv","enc-attention-score","enc-attention-softmax","enc-attention-dropout","enc-attention-context","enc-attention-dense","enc-post-attention-dropout","enc-2nd-layernorm","enc-MLP-GEMM-1","enc-MLP-gelu","enc-MLP-GEMM-2","enc-post-MLP-dropout","enc-1st-layernorm","enc-attention-qkv","enc-attention-score","enc-attention-softmax","enc-attention-dropout","enc-attention-context","enc-attention-dense","enc-post-attention-dropout","enc-2nd-layernorm","enc-MLP-GEMM-1","enc-MLP-gelu","enc-MLP-GEMM-2","enc-post-MLP-dropout","enc-1st-layernorm","enc-attention-qkv","enc-attention-score","enc-attention-softmax","enc-attention-dropout","enc-attention-context","enc-attention-dense","enc-post-attention-dropout","enc-2nd-layernorm","enc-MLP-GEMM-1","enc-MLP-gelu","enc-MLP-GEMM-2","enc-post-MLP-dropout","enc-1st-layernorm","enc-attention-qkv","enc-attention-score","enc-attention-softmax","enc-attention-dropout","enc-attention-context","enc-attention-dense","enc-post-attention-dropout","enc-2nd-layernorm","enc-MLP-GEMM-1","enc-MLP-gelu","enc-MLP-GEMM-2","enc-post-MLP-dropout","enc-1st-layernorm","enc-attention-qkv","enc-attention-score","enc-attention-softmax","enc-attention-dropout","enc-attention-context","enc-attention-dense","enc-post-attention-dropout","enc-2nd-layernorm","enc-MLP-GEMM-1","enc-MLP-gelu","enc-MLP-GEMM-2","enc-post-MLP-dropout","enc-1st-layernorm","enc-attention-qkv","enc-attention-score","enc-attention-softmax","enc-attention-dropout","enc-attention-context","enc-attention-dense","enc-post-attention-dropout","enc-2nd-layernorm","enc-MLP-GEMM-1","enc-MLP-gelu","enc-MLP-GEMM-2","enc-post-MLP-dropout","enc-1st-layernorm","enc-attention-qkv","enc-attention-score","enc-attention-softmax","enc-attention-dropout","enc-attention-context","enc-attention-dense","enc-post-attention-dropout","enc-2nd-layernorm","enc-MLP-GEMM-1","enc-MLP-gelu","enc-MLP-GEMM-2","enc-post-MLP-dropout","enc-1st-layernorm","enc-attention-qkv","enc-attention-score","enc-attention-softmax","enc-attention-dropout","enc-attention-context","enc-attention-dense","enc-post-attention-dropout","enc-2nd-layernorm","enc-MLP-GEMM-1","enc-MLP-gelu","enc-MLP-GEMM-2","enc-post-MLP-dropout","enc-1st-layernorm","enc-attention-qkv","enc-attention-score","enc-attention-softmax","enc-attention-dropout","enc-attention-context","enc-attention-dense","enc-post-attention-dropout","enc-2nd-layernorm","enc-MLP-GEMM-1","enc-MLP-gelu","enc-MLP-GEMM-2","enc-post-MLP-dropout","enc-1st-layernorm","enc-attention-qkv","enc-attention-score","enc-attention-softmax","enc-attention-dropout","enc-attention-context","enc-attention-dense","enc-post-attention-dropout","enc-2nd-layernorm","enc-MLP-GEMM-1","enc-MLP-gelu","enc-MLP-GEMM-2","enc-post-MLP-dropout","enc-1st-layernorm","enc-attention-qkv","enc-attention-score","enc-attention-softmax","enc-attention-dropout","enc-attention-context","enc-attention-dense","enc-post-attention-dropout","enc-2nd-layernorm","enc-MLP-GEMM-1","enc-MLP-gelu","enc-MLP-GEMM-2","enc-post-MLP-dropout","enc-1st-layernorm","enc-attention-qkv","enc-attention-score","enc-attention-softmax","enc-attention-dropout","enc-attention-context","enc-attention-dense","enc-post-attention-dropout","enc-2nd-layernorm","enc-MLP-GEMM-1","enc-MLP-gelu","enc-MLP-GEMM-2","enc-post-MLP-dropout","enc-1st-layernorm","enc-attention-qkv","enc-attention-score","enc-attention-softmax","enc-attention-dropout","enc-attention-context","enc-attention-dense","enc-post-attention-dropout","enc-2nd-layernorm","enc-MLP-GEMM-1","enc-MLP-gelu","enc-MLP-GEMM-2","enc-post-MLP-dropout","enc-1st-layernorm","enc-attention-qkv","enc-attention-score","enc-attention-softmax","enc-attention-dropout","enc-attention-context","enc-attention-dense","enc-post-attention-dropout","enc-2nd-layernorm","enc-MLP-GEMM-1","enc-MLP-gelu","enc-MLP-GEMM-2","enc-post-MLP-dropout","enc-1st-layernorm","enc-attention-qkv","enc-attention-score","enc-attention-softmax","enc-attention-dropout","enc-attention-context","enc-attention-dense","enc-post-attention-dropout","enc-2nd-layernorm","enc-MLP-GEMM-1","enc-MLP-gelu","enc-MLP-GEMM-2","enc-post-MLP-dropout","enc-1st-layernorm","enc-attention-qkv","enc-attention-score","enc-attention-softmax","enc-attention-dropout","enc-attention-context","enc-attention-dense","enc-post-attention-dropout","enc-2nd-layernorm","enc-MLP-GEMM-1","enc-MLP-gelu","enc-MLP-GEMM-2","enc-post-MLP-dropout","enc-1st-layernorm","enc-attention-qkv","enc-attention-score","enc-attention-softmax","enc-attention-dropout","enc-attention-context","enc-attention-dense","enc-post-attention-dropout","enc-2nd-layernorm","enc-MLP-GEMM-1","enc-MLP-gelu","enc-MLP-GEMM-2","enc-post-MLP-dropout","enc-1st-layernorm","enc-attention-qkv","enc-attention-score","enc-attention-softmax","enc-attention-dropout","enc-attention-context","enc-attention-dense","enc-post-attention-dropout","enc-2nd-layernorm","enc-MLP-GEMM-1","enc-MLP-gelu","enc-MLP-GEMM-2","enc-post-MLP-dropout","enc-1st-layernorm","enc-attention-qkv","enc-attention-score","enc-attention-softmax","enc-attention-dropout","enc-attention-context","enc-attention-dense","enc-post-attention-dropout","enc-2nd-layernorm","enc-MLP-GEMM-1","enc-MLP-gelu","enc-MLP-GEMM-2","enc-post-MLP-dropout","enc-1st-layernorm","enc-attention-qkv","enc-attention-score","enc-attention-softmax","enc-attention-dropout","enc-attention-context","enc-attention-dense","enc-post-attention-dropout","enc-2nd-layernorm","enc-MLP-GEMM-1","enc-MLP-gelu","enc-MLP-GEMM-2","enc-post-MLP-dropout","enc-1st-layernorm","enc-attention-qkv","enc-attention-score","enc-attention-softmax","enc-attention-dropout","enc-attention-context","enc-attention-dense","enc-post-attention-dropout","enc-2nd-layernorm","enc-MLP-GEMM-1","enc-MLP-gelu","enc-MLP-GEMM-2","enc-post-MLP-dropout","enc-1st-layernorm","enc-attention-qkv","enc-attention-score","enc-attention-softmax","enc-attention-dropout","enc-attention-context","enc-attention-dense","enc-post-attention-dropout","enc-2nd-layernorm","enc-MLP-GEMM-1","enc-MLP-gelu","enc-MLP-GEMM-2","enc-post-MLP-dropout","enc-1st-layernorm","enc-attention-qkv","enc-attention-score","enc-attention-softmax","enc-attention-dropout","enc-attention-context","enc-attention-dense","enc-post-attention-dropout","enc-2nd-layernorm","enc-MLP-GEMM-1","enc-MLP-gelu","enc-MLP-GEMM-2","enc-post-MLP-dropout","enc-1st-layernorm","enc-attention-qkv","enc-attention-score","enc-attention-softmax","enc-attention-dropout","enc-attention-context","enc-attention-dense","enc-post-attention-dropout","enc-2nd-layernorm","enc-MLP-GEMM-1","enc-MLP-gelu","enc-MLP-GEMM-2","enc-post-MLP-dropout","enc-1st-layernorm","enc-attention-qkv","enc-attention-score","enc-attention-softmax","enc-attention-dropout","enc-attention-context","enc-attention-dense","enc-post-attention-dropout","enc-2nd-layernorm","enc-MLP-GEMM-1","enc-MLP-gelu","enc-MLP-GEMM-2","enc-post-MLP-dropout","enc-1st-layernorm","enc-attention-qkv","enc-attention-score","enc-attention-softmax","enc-attention-dropout","enc-attention-context","enc-attention-dense","enc-post-attention-dropout","enc-2nd-layernorm","enc-MLP-GEMM-1","enc-MLP-gelu","enc-MLP-GEMM-2","enc-post-MLP-dropout","enc-1st-layernorm","enc-attention-qkv","enc-attention-score","enc-attention-softmax","enc-attention-dropout","enc-attention-context","enc-attention-dense","enc-post-attention-dropout","enc-2nd-layernorm","enc-MLP-GEMM-1","enc-MLP-gelu","enc-MLP-GEMM-2","enc-post-MLP-dropout","enc-1st-layernorm","enc-attention-qkv","enc-attention-score","enc-attention-softmax","enc-attention-dropout","enc-attention-context","enc-attention-dense","enc-post-attention-dropout","enc-2nd-layernorm","enc-MLP-GEMM-1","enc-MLP-gelu","enc-MLP-GEMM-2","enc-post-MLP-dropout","enc-1st-layernorm","enc-attention-qkv","enc-attention-score","enc-attention-softmax","enc-attention-dropout","enc-attention-context","enc-attention-dense","enc-post-attention-dropout","enc-2nd-layernorm","enc-MLP-GEMM-1","enc-MLP-gelu","enc-MLP-GEMM-2","enc-post-MLP-dropout","enc-1st-layernorm","enc-attention-qkv","enc-attention-score","enc-attention-softmax","enc-attention-dropout","enc-attention-context","enc-attention-dense","enc-post-attention-dropout","enc-2nd-layernorm","enc-MLP-GEMM-1","enc-MLP-gelu","enc-MLP-GEMM-2","enc-post-MLP-dropout","enc-1st-layernorm","enc-attention-qkv","enc-attention-score","enc-attention-softmax","enc-attention-dropout","enc-attention-context","enc-attention-dense","enc-post-attention-dropout","enc-2nd-layernorm","enc-MLP-GEMM-1","enc-MLP-gelu","enc-MLP-GEMM-2","enc-post-MLP-dropout","enc-1st-layernorm","enc-attention-qkv","enc-attention-score",
[rank 6 recompute ops] enc-attention-dropout enc-attention-context enc-MLP-GEMM-1 enc-MLP-gelu enc-attention-score enc-attention-softmax enc-attention-dropout enc-attention-context enc-MLP-GEMM-1 enc-MLP-gelu enc-attention-score enc-attention-softmax enc-attention-dropout enc-attention-context enc-MLP-GEMM-1 enc-MLP-gelu enc-attention-score enc-attention-softmax enc-attention-dropout enc-attention-context enc-MLP-GEMM-1 enc-MLP-gelu enc-attention-score enc-attention-softmax enc-attention-dropout enc-attention-context enc-MLP-GEMM-1 enc-MLP-gelu enc-attention-score enc-attention-softmax enc-attention-dropout enc-attention-context enc-MLP-GEMM-1 enc-MLP-gelu enc-attention-score enc-attention-softmax enc-attention-dropout enc-attention-context enc-MLP-GEMM-1 enc-MLP-gelu enc-attention-score enc-attention-softmax enc-attention-dropout enc-attention-context enc-MLP-GEMM-1 enc-MLP-gelu enc-attention-score enc-attention-softmax enc-attention-dropout enc-attention-context enc-MLP-GEMM-1 enc-MLP-gelu enc-attention-score enc-attention-softmax enc-attention-dropout enc-attention-context enc-MLP-GEMM-1 enc-MLP-gelu enc-attention-score enc-attention-softmax enc-attention-dropout enc-attention-context enc-MLP-GEMM-1 enc-MLP-gelu enc-attention-score enc-attention-softmax enc-attention-dropout enc-attention-context enc-MLP-GEMM-1 enc-MLP-gelu enc-attention-score enc-attention-softmax enc-attention-dropout enc-attention-context enc-MLP-GEMM-1 enc-MLP-gelu enc-attention-score enc-attention-softmax enc-attention-dropout enc-attention-context enc-MLP-GEMM-1 enc-MLP-gelu enc-attention-score enc-attention-softmax enc-attention-dropout enc-attention-context enc-MLP-GEMM-1 enc-MLP-gelu enc-attention-score enc-attention-softmax enc-attention-dropout enc-attention-context enc-MLP-GEMM-1 enc-MLP-gelu enc-attention-score enc-attention-softmax enc-attention-dropout enc-attention-context enc-MLP-GEMM-1 enc-MLP-gelu enc-attention-score enc-attention-softmax enc-attention-dropout enc-attention-context enc-MLP-GEMM-1 enc-MLP-gelu enc-attention-score enc-attention-softmax enc-attention-dropout enc-attention-context enc-MLP-GEMM-1 enc-MLP-gelu enc-attention-score enc-attention-softmax enc-attention-dropout enc-attention-context enc-MLP-GEMM-1 enc-MLP-gelu enc-attention-score enc-attention-softmax enc-attention-dropout enc-attention-context enc-MLP-GEMM-1 enc-MLP-gelu enc-attention-score enc-attention-softmax enc-attention-dropout enc-attention-context enc-attention-score enc-attention-softmax enc-attention-dropout enc-attention-context enc-attention-score enc-attention-softmax enc-attention-dropout enc-attention-context enc-attention-score enc-attention-softmax enc-attention-dropout enc-attention-context enc-attention-score enc-attention-softmax enc-attention-dropout enc-attention-context enc-attention-score enc-attention-softmax enc-attention-dropout enc-attention-context enc-attention-score enc-attention-softmax enc-attention-dropout enc-attention-context enc-attention-score enc-attention-softmax enc-attention-dropout enc-attention-context enc-attention-score enc-attention-softmax enc-attention-dropout enc-attention-context enc-attention-score enc-attention-softmax enc-attention-dropout enc-attention-context enc-attention-score enc-attention-softmax enc-attention-dropout enc-attention-context enc-attention-score enc-attention-softmax enc-attention-dropout enc-attention-context enc-attention-score enc-attention-softmax enc-attention-dropout enc-attention-context enc-attention-score enc-attention-softmax enc-attention-dropout enc-attention-context enc-attention-score enc-attention-softmax enc-attention-dropout enc-attention-context enc-attention-score enc-attention-softmax enc-attention-dropout enc-attention-context enc-attention-score enc-attention-softmax enc-attention-dropout enc-attention-context enc-attention-score enc-attention-softmax enc-attention-dropout enc-attention-context enc-attention-score enc-attention-softmax enc-attention-dropout enc-attention-context enc-attention-score enc-attention-softmax enc-attention-dropout enc-attention-context enc-attention-score enc-attention-softmax enc-attention-dropout enc-attention-context enc-attention-score enc-attention-softmax enc-attention-dropout enc-attention-context enc-attention-score enc-attention-softmax enc-attention-dropout enc-attention-context enc-attention-score enc-attention-softmax enc-attention-dropout enc-attention-context enc-attention-score enc-attention-softmax enc-attention-dropout enc-attention-context enc-attention-score enc-attention-softmax enc-attention-dropout enc-attention-context enc-attention-score enc-attention-softmax enc-attention-dropout enc-attention-context enc-attention-score enc-attention-softmax enc-attention-dropout enc-attention-context enc-attention-score enc-attention-softmax enc-attention-dropout enc-attention-context enc-attention-score enc-attention-softmax enc-attention-dropout enc-attention-context enc-attention-score enc-attention-softmax enc-attention-dropout enc-attention-context enc-attention-score enc-attention-softmax enc-attention-dropout enc-attention-context enc-attention-score enc-attention-softmax enc-attention-dropout enc-attention-context enc-attention-score enc-attention-softmax enc-attention-dropout enc-attention-context enc-attention-score enc-attention-softmax enc-attention-dropout enc-attention-context enc-attention-score enc-attention-softmax enc-attention-dropout enc-attention-context enc-attention-score enc-attention-softmax enc-attention-dropout enc-attention-context enc-attention-score enc-attention-softmax enc-attention-dropout enc-attention-context enc-attention-score enc-attention-softmax enc-attention-dropout enc-attention-context enc-attention-score enc-attention-softmax enc-attention-dropout enc-attention-context enc-attention-score enc-attention-softmax enc-attention-dropout enc-attention-context enc-attention-score enc-attention-softmax enc-attention-dropout enc-attention-context enc-attention-score enc-attention-softmax enc-attention-dropout enc-attention-context enc-attention-score enc-attention-softmax enc-attention-dropout enc-attention-context enc-attention-score enc-attention-softmax enc-attention-dropout enc-attention-context enc-attention-score 
 > number of parameters on (tensor, pipeline) model parallel rank (0, 2): 200699904
 > number of parameters on (tensor, pipeline) model parallel rank (0, 0): 223304704
[rank 7 all ops] "enc-attention-softmax","enc-attention-dropout","enc-attention-context","enc-attention-dense","enc-post-attention-dropout","enc-2nd-layernorm","enc-MLP-GEMM-1","enc-MLP-gelu","enc-MLP-GEMM-2","enc-post-MLP-dropout","enc-1st-layernorm","enc-attention-qkv","enc-attention-score","enc-attention-softmax","enc-attention-dropout","enc-attention-context","enc-attention-dense","enc-post-attention-dropout","enc-2nd-layernorm","enc-MLP-GEMM-1","enc-MLP-gelu","enc-MLP-GEMM-2","enc-post-MLP-dropout","enc-1st-layernorm","enc-attention-qkv","enc-attention-score","enc-attention-softmax","enc-attention-dropout","enc-attention-context","enc-attention-dense","enc-post-attention-dropout","enc-2nd-layernorm","enc-MLP-GEMM-1","enc-MLP-gelu","enc-MLP-GEMM-2","enc-post-MLP-dropout","enc-1st-layernorm","enc-attention-qkv","enc-attention-score","enc-attention-softmax","enc-attention-dropout","enc-attention-context","enc-attention-dense","enc-post-attention-dropout","enc-2nd-layernorm","enc-MLP-GEMM-1","enc-MLP-gelu","enc-MLP-GEMM-2","enc-post-MLP-dropout","enc-1st-layernorm","enc-attention-qkv","enc-attention-score","enc-attention-softmax","enc-attention-dropout","enc-attention-context","enc-attention-dense","enc-post-attention-dropout","enc-2nd-layernorm","enc-MLP-GEMM-1","enc-MLP-gelu","enc-MLP-GEMM-2","enc-post-MLP-dropout","enc-1st-layernorm","enc-attention-qkv","enc-attention-score","enc-attention-softmax","enc-attention-dropout","enc-attention-context","enc-attention-dense","enc-post-attention-dropout","enc-2nd-layernorm","enc-MLP-GEMM-1","enc-MLP-gelu","enc-MLP-GEMM-2","enc-post-MLP-dropout","enc-1st-layernorm","enc-attention-qkv","enc-attention-score","enc-attention-softmax","enc-attention-dropout","enc-attention-context","enc-attention-dense","enc-post-attention-dropout","enc-2nd-layernorm","enc-MLP-GEMM-1","enc-MLP-gelu","enc-MLP-GEMM-2","enc-post-MLP-dropout","enc-1st-layernorm","enc-attention-qkv","enc-attention-score","enc-attention-softmax","enc-attention-dropout","enc-attention-context","enc-attention-dense","enc-post-attention-dropout","enc-2nd-layernorm","enc-MLP-GEMM-1","enc-MLP-gelu","enc-MLP-GEMM-2","enc-post-MLP-dropout","enc-1st-layernorm","enc-attention-qkv","enc-attention-score","enc-attention-softmax","enc-attention-dropout","enc-attention-context","enc-attention-dense","enc-post-attention-dropout","enc-2nd-layernorm","enc-MLP-GEMM-1","enc-MLP-gelu","enc-MLP-GEMM-2","enc-post-MLP-dropout","enc-1st-layernorm","enc-attention-qkv","enc-attention-score","enc-attention-softmax","enc-attention-dropout","enc-attention-context","enc-attention-dense","enc-post-attention-dropout","enc-2nd-layernorm","enc-MLP-GEMM-1","enc-MLP-gelu","enc-MLP-GEMM-2","enc-post-MLP-dropout","enc-1st-layernorm","enc-attention-qkv","enc-attention-score","enc-attention-softmax","enc-attention-dropout","enc-attention-context","enc-attention-dense","enc-post-attention-dropout","enc-2nd-layernorm","enc-MLP-GEMM-1","enc-MLP-gelu","enc-MLP-GEMM-2","enc-post-MLP-dropout","enc-1st-layernorm","enc-attention-qkv","enc-attention-score","enc-attention-softmax","enc-attention-dropout","enc-attention-context","enc-attention-dense","enc-post-attention-dropout","enc-2nd-layernorm","enc-MLP-GEMM-1","enc-MLP-gelu","enc-MLP-GEMM-2","enc-post-MLP-dropout","enc-1st-layernorm","enc-attention-qkv","enc-attention-score","enc-attention-softmax","enc-attention-dropout","enc-attention-context","enc-attention-dense","enc-post-attention-dropout","enc-2nd-layernorm","enc-MLP-GEMM-1","enc-MLP-gelu","enc-MLP-GEMM-2","enc-post-MLP-dropout","enc-1st-layernorm","enc-attention-qkv","enc-attention-score","enc-attention-softmax","enc-attention-dropout","enc-attention-context","enc-attention-dense","enc-post-attention-dropout","enc-2nd-layernorm","enc-MLP-GEMM-1","enc-MLP-gelu","enc-MLP-GEMM-2","enc-post-MLP-dropout","enc-1st-layernorm","enc-attention-qkv","enc-attention-score","enc-attention-softmax","enc-attention-dropout","enc-attention-context","enc-attention-dense","enc-post-attention-dropout","enc-2nd-layernorm","enc-MLP-GEMM-1","enc-MLP-gelu","enc-MLP-GEMM-2","enc-post-MLP-dropout","enc-1st-layernorm","enc-attention-qkv","enc-attention-score","enc-attention-softmax","enc-attention-dropout","enc-attention-context","enc-attention-dense","enc-post-attention-dropout","enc-2nd-layernorm","enc-MLP-GEMM-1","enc-MLP-gelu","enc-MLP-GEMM-2","enc-post-MLP-dropout","enc-1st-layernorm","enc-attention-qkv","enc-attention-score","enc-attention-softmax","enc-attention-dropout","enc-attention-context","enc-attention-dense","enc-post-attention-dropout","enc-2nd-layernorm","enc-MLP-GEMM-1","enc-MLP-gelu","enc-MLP-GEMM-2","enc-post-MLP-dropout","enc-1st-layernorm","enc-attention-qkv","enc-attention-score","enc-attention-softmax","enc-attention-dropout","enc-attention-context","enc-attention-dense","enc-post-attention-dropout","enc-2nd-layernorm","enc-MLP-GEMM-1","enc-MLP-gelu","enc-MLP-GEMM-2","enc-post-MLP-dropout","enc-1st-layernorm","enc-attention-qkv","enc-attention-score","enc-attention-softmax","enc-attention-dropout","enc-attention-context","enc-attention-dense","enc-post-attention-dropout","enc-2nd-layernorm","enc-MLP-GEMM-1","enc-MLP-gelu","enc-MLP-GEMM-2","enc-post-MLP-dropout","enc-1st-layernorm","enc-attention-qkv","enc-attention-score","enc-attention-softmax","enc-attention-dropout","enc-attention-context","enc-attention-dense","enc-post-attention-dropout","enc-2nd-layernorm","enc-MLP-GEMM-1","enc-MLP-gelu","enc-MLP-GEMM-2","enc-post-MLP-dropout","enc-1st-layernorm","enc-attention-qkv","enc-attention-score","enc-attention-softmax","enc-attention-dropout","enc-attention-context","enc-attention-dense","enc-post-attention-dropout","enc-2nd-layernorm","enc-MLP-GEMM-1","enc-MLP-gelu","enc-MLP-GEMM-2","enc-post-MLP-dropout","enc-1st-layernorm","enc-attention-qkv","enc-attention-score","enc-attention-softmax","enc-attention-dropout","enc-attention-context","enc-attention-dense","enc-post-attention-dropout","enc-2nd-layernorm","enc-MLP-GEMM-1","enc-MLP-gelu","enc-MLP-GEMM-2","enc-post-MLP-dropout","enc-1st-layernorm","enc-attention-qkv","enc-attention-score","enc-attention-softmax","enc-attention-dropout","enc-attention-context","enc-attention-dense","enc-post-attention-dropout","enc-2nd-layernorm","enc-MLP-GEMM-1","enc-MLP-gelu","enc-MLP-GEMM-2","enc-post-MLP-dropout","enc-1st-layernorm","enc-attention-qkv","enc-attention-score","enc-attention-softmax","enc-attention-dropout","enc-attention-context","enc-attention-dense","enc-post-attention-dropout","enc-2nd-layernorm","enc-MLP-GEMM-1","enc-MLP-gelu","enc-MLP-GEMM-2","enc-post-MLP-dropout","enc-1st-layernorm","enc-attention-qkv","enc-attention-score","enc-attention-softmax","enc-attention-dropout","enc-attention-context","enc-attention-dense","enc-post-attention-dropout","enc-2nd-layernorm","enc-MLP-GEMM-1","enc-MLP-gelu","enc-MLP-GEMM-2","enc-post-MLP-dropout","enc-1st-layernorm","enc-attention-qkv","enc-attention-score","enc-attention-softmax","enc-attention-dropout","enc-attention-context","enc-attention-dense","enc-post-attention-dropout","enc-2nd-layernorm","enc-MLP-GEMM-1","enc-MLP-gelu","enc-MLP-GEMM-2","enc-post-MLP-dropout","enc-1st-layernorm","enc-attention-qkv","enc-attention-score","enc-attention-softmax","enc-attention-dropout","enc-attention-context","enc-attention-dense","enc-post-attention-dropout","enc-2nd-layernorm","enc-MLP-GEMM-1","enc-MLP-gelu","enc-MLP-GEMM-2","enc-post-MLP-dropout","enc-1st-layernorm","enc-attention-qkv","enc-attention-score","enc-attention-softmax","enc-attention-dropout","enc-attention-context","enc-attention-dense","enc-post-attention-dropout","enc-2nd-layernorm","enc-MLP-GEMM-1","enc-MLP-gelu","enc-MLP-GEMM-2","enc-post-MLP-dropout","enc-1st-layernorm","enc-attention-qkv","enc-attention-score","enc-attention-softmax","enc-attention-dropout","enc-attention-context","enc-attention-dense","enc-post-attention-dropout","enc-2nd-layernorm","enc-MLP-GEMM-1","enc-MLP-gelu","enc-MLP-GEMM-2","enc-post-MLP-dropout","enc-1st-layernorm","enc-attention-qkv","enc-attention-score","enc-attention-softmax","enc-attention-dropout","enc-attention-context","enc-attention-dense","enc-post-attention-dropout","enc-2nd-layernorm","enc-MLP-GEMM-1","enc-MLP-gelu","enc-MLP-GEMM-2","enc-post-MLP-dropout","enc-1st-layernorm","enc-attention-qkv","enc-attention-score","enc-attention-softmax","enc-attention-dropout","enc-attention-context","enc-attention-dense","enc-post-attention-dropout","enc-2nd-layernorm","enc-MLP-GEMM-1","enc-MLP-gelu","enc-MLP-GEMM-2","enc-post-MLP-dropout","enc-1st-layernorm","enc-attention-qkv","enc-attention-score","enc-attention-softmax","enc-attention-dropout","enc-attention-context","enc-attention-dense","enc-post-attention-dropout","enc-2nd-layernorm","enc-MLP-GEMM-1","enc-MLP-gelu","enc-MLP-GEMM-2","enc-post-MLP-dropout","enc-1st-layernorm","enc-attention-qkv","enc-attention-score","enc-attention-softmax","enc-attention-dropout","enc-attention-context","enc-attention-dense","enc-post-attention-dropout","enc-2nd-layernorm","enc-MLP-GEMM-1","enc-MLP-gelu","enc-MLP-GEMM-2","enc-post-MLP-dropout","enc-1st-layernorm","enc-attention-qkv","enc-attention-score","enc-attention-softmax","enc-attention-dropout","enc-attention-context","enc-attention-dense","enc-post-attention-dropout","enc-2nd-layernorm","enc-MLP-GEMM-1","enc-MLP-gelu","enc-MLP-GEMM-2","enc-post-MLP-dropout","enc-1st-layernorm","enc-attention-qkv","enc-attention-score","enc-attention-softmax","enc-attention-dropout","enc-attention-context","enc-attention-dense","enc-post-attention-dropout","enc-2nd-layernorm","enc-MLP-GEMM-1","enc-MLP-gelu","enc-MLP-GEMM-2","enc-post-MLP-dropout","enc-1st-layernorm","enc-attention-qkv","enc-attention-score","enc-attention-softmax","enc-attention-dropout","enc-attention-context","enc-attention-dense","enc-post-attention-dropout","enc-2nd-layernorm","enc-MLP-GEMM-1","enc-MLP-gelu","enc-MLP-GEMM-2","enc-post-MLP-dropout","enc-1st-layernorm","enc-attention-qkv","enc-attention-score","enc-attention-softmax","enc-attention-dropout","enc-attention-context","enc-attention-dense","enc-post-attention-dropout","enc-2nd-layernorm","enc-MLP-GEMM-1","enc-MLP-gelu","enc-MLP-GEMM-2","enc-post-MLP-dropout","enc-1st-layernorm","enc-attention-qkv","enc-attention-score","enc-attention-softmax","enc-attention-dropout","enc-attention-context","enc-attention-dense","enc-post-attention-dropout","enc-2nd-layernorm","enc-MLP-GEMM-1","enc-MLP-gelu","enc-MLP-GEMM-2","enc-post-MLP-dropout","enc-1st-layernorm","enc-attention-qkv","enc-attention-score","enc-attention-softmax","enc-attention-dropout","enc-attention-context","enc-attention-dense","enc-post-attention-dropout","enc-2nd-layernorm","enc-MLP-GEMM-1","enc-MLP-gelu","enc-MLP-GEMM-2","enc-post-MLP-dropout","enc-1st-layernorm","enc-attention-qkv","enc-attention-score","enc-attention-softmax","enc-attention-dropout","enc-attention-context","enc-attention-dense","enc-post-attention-dropout","enc-2nd-layernorm","enc-MLP-GEMM-1","enc-MLP-gelu","enc-MLP-GEMM-2","enc-post-MLP-dropout","enc-1st-layernorm","enc-attention-qkv","enc-attention-score","enc-attention-softmax","enc-attention-dropout","enc-attention-context","enc-attention-dense","enc-post-attention-dropout","enc-2nd-layernorm","enc-MLP-GEMM-1","enc-MLP-gelu","enc-MLP-GEMM-2","enc-post-MLP-dropout","enc-1st-layernorm","enc-attention-qkv","enc-attention-score","enc-attention-softmax","enc-attention-dropout","enc-attention-context","enc-attention-dense","enc-post-attention-dropout","enc-2nd-layernorm","enc-MLP-GEMM-1","enc-MLP-gelu","enc-MLP-GEMM-2","enc-post-MLP-dropout","enc-1st-layernorm","enc-attention-qkv","enc-attention-score","enc-attention-softmax","enc-attention-dropout","enc-attention-context","enc-attention-dense","enc-post-attention-dropout","enc-2nd-layernorm","enc-MLP-GEMM-1","enc-MLP-gelu","enc-MLP-GEMM-2","enc-post-MLP-dropout","enc-1st-layernorm","enc-attention-qkv","enc-attention-score","enc-attention-softmax","enc-attention-dropout","enc-attention-context","enc-attention-dense","enc-post-attention-dropout","enc-2nd-layernorm","enc-MLP-GEMM-1","enc-MLP-gelu","enc-MLP-GEMM-2","enc-post-MLP-dropout","enc-1st-layernorm","enc-attention-qkv","enc-attention-score","enc-attention-softmax","enc-attention-dropout","enc-attention-context","enc-attention-dense","enc-post-attention-dropout","enc-2nd-layernorm","enc-MLP-GEMM-1","enc-MLP-gelu","enc-MLP-GEMM-2","enc-post-MLP-dropout","enc-1st-layernorm","enc-attention-qkv","enc-attention-score","enc-attention-softmax","enc-attention-dropout","enc-attention-context","enc-attention-dense","enc-post-attention-dropout","enc-2nd-layernorm","enc-MLP-GEMM-1","enc-MLP-gelu","enc-MLP-GEMM-2","enc-post-MLP-dropout","enc-1st-layernorm","enc-attention-qkv","enc-attention-score","enc-attention-softmax","enc-attention-dropout","enc-attention-context","enc-attention-dense","enc-post-attention-dropout","enc-2nd-layernorm","enc-MLP-GEMM-1","enc-MLP-gelu","enc-MLP-GEMM-2","enc-post-MLP-dropout","enc-1st-layernorm","enc-attention-qkv","enc-attention-score","enc-attention-softmax","enc-attention-dropout","enc-attention-context","enc-attention-dense","enc-post-attention-dropout","enc-2nd-layernorm","enc-MLP-GEMM-1","enc-MLP-gelu","enc-MLP-GEMM-2","enc-post-MLP-dropout","enc-1st-layernorm","enc-attention-qkv","enc-attention-score","enc-attention-softmax","enc-attention-dropout","enc-attention-context","enc-attention-dense","enc-post-attention-dropout","enc-2nd-layernorm","enc-MLP-GEMM-1","enc-MLP-gelu","enc-MLP-GEMM-2","enc-post-MLP-dropout","enc-1st-layernorm","enc-attention-qkv","enc-attention-score","enc-attention-softmax","enc-attention-dropout","enc-attention-context","enc-attention-dense","enc-post-attention-dropout","enc-2nd-layernorm","enc-MLP-GEMM-1","enc-MLP-gelu","enc-MLP-GEMM-2","enc-post-MLP-dropout","enc-1st-layernorm","enc-attention-qkv","enc-attention-score","enc-attention-softmax","enc-attention-dropout","enc-attention-context","enc-attention-dense","enc-post-attention-dropout","enc-2nd-layernorm","enc-MLP-GEMM-1","enc-MLP-gelu","enc-MLP-GEMM-2","enc-post-MLP-dropout","enc-1st-layernorm","enc-attention-qkv","enc-attention-score","enc-attention-softmax","enc-attention-dropout","enc-attention-context","enc-attention-dense","enc-post-attention-dropout","enc-2nd-layernorm","enc-MLP-GEMM-1","enc-MLP-gelu","enc-MLP-GEMM-2","enc-post-MLP-dropout","enc-1st-layernorm","enc-attention-qkv","enc-attention-score","enc-attention-softmax","enc-attention-dropout","enc-attention-context","enc-attention-dense","enc-post-attention-dropout","enc-2nd-layernorm","enc-MLP-GEMM-1","enc-MLP-gelu","enc-MLP-GEMM-2","enc-post-MLP-dropout","enc-1st-layernorm","enc-attention-qkv","enc-attention-score","enc-attention-softmax","enc-attention-dropout","enc-attention-context","enc-attention-dense","enc-post-attention-dropout","enc-2nd-layernorm","enc-MLP-GEMM-1","enc-MLP-gelu","enc-MLP-GEMM-2","enc-post-MLP-dropout","enc-1st-layernorm","enc-attention-qkv","enc-attention-score","enc-attention-softmax","enc-attention-dropout","enc-attention-context","enc-attention-dense","enc-post-attention-dropout","enc-2nd-layernorm","enc-MLP-GEMM-1","enc-MLP-gelu","enc-MLP-GEMM-2","enc-post-MLP-dropout","enc-1st-layernorm","enc-attention-qkv","enc-attention-score","enc-attention-softmax","enc-attention-dropout","enc-attention-context","enc-attention-dense","enc-post-attention-dropout","enc-2nd-layernorm","enc-MLP-GEMM-1","enc-MLP-gelu","enc-MLP-GEMM-2","enc-post-MLP-dropout","enc-1st-layernorm","enc-attention-qkv","enc-attention-score","enc-attention-softmax","enc-attention-dropout","enc-attention-context","enc-attention-dense","enc-post-attention-dropout","enc-2nd-layernorm","enc-MLP-GEMM-1","enc-MLP-gelu","enc-MLP-GEMM-2","enc-post-MLP-dropout","enc-1st-layernorm","enc-attention-qkv","enc-attention-score","enc-attention-softmax","enc-attention-dropout","enc-attention-context","enc-attention-dense","enc-post-attention-dropout","enc-2nd-layernorm","enc-MLP-GEMM-1","enc-MLP-gelu","enc-MLP-GEMM-2","enc-post-MLP-dropout","enc-1st-layernorm","enc-attention-qkv","enc-attention-score","enc-attention-softmax","enc-attention-dropout","enc-attention-context","enc-attention-dense","enc-post-attention-dropout","enc-2nd-layernorm","enc-MLP-GEMM-1","enc-MLP-gelu","enc-MLP-GEMM-2","enc-post-MLP-dropout","enc-1st-layernorm","enc-attention-qkv","enc-attention-score","enc-attention-softmax","enc-attention-dropout","enc-attention-context","enc-attention-dense","enc-post-attention-dropout","enc-2nd-layernorm","enc-MLP-GEMM-1","enc-MLP-gelu","enc-MLP-GEMM-2","enc-post-MLP-dropout","enc-1st-layernorm","enc-attention-qkv","enc-attention-score","enc-attention-softmax","enc-attention-dropout","enc-attention-context","enc-attention-dense","enc-post-attention-dropout","enc-2nd-layernorm","enc-MLP-GEMM-1","enc-MLP-gelu","enc-MLP-GEMM-2","enc-post-MLP-dropout","enc-1st-layernorm","enc-attention-qkv","enc-attention-score","enc-attention-softmax","enc-attention-dropout","enc-attention-context","enc-attention-dense","enc-post-attention-dropout","enc-2nd-layernorm","enc-MLP-GEMM-1","enc-MLP-gelu","enc-MLP-GEMM-2","enc-post-MLP-dropout","enc-1st-layernorm","enc-attention-qkv","enc-attention-score","enc-attention-softmax","enc-attention-dropout","enc-attention-context","enc-attention-dense","enc-post-attention-dropout","enc-2nd-layernorm","enc-MLP-GEMM-1","enc-MLP-gelu","enc-MLP-GEMM-2","enc-post-MLP-dropout","enc-1st-layernorm","enc-attention-qkv","enc-attention-score","enc-attention-softmax","enc-attention-dropout","enc-attention-context","enc-attention-dense","enc-post-attention-dropout","enc-2nd-layernorm","enc-MLP-GEMM-1","enc-MLP-gelu","enc-MLP-GEMM-2","enc-post-MLP-dropout","enc-1st-layernorm","enc-attention-qkv","enc-attention-score","enc-attention-softmax","enc-attention-dropout","enc-attention-context","enc-attention-dense","enc-post-attention-dropout","enc-2nd-layernorm","enc-MLP-GEMM-1","enc-MLP-gelu","enc-MLP-GEMM-2","enc-post-MLP-dropout","enc-1st-layernorm","enc-attention-qkv","enc-attention-score","enc-attention-softmax","enc-attention-dropout","enc-attention-context","enc-attention-dense","enc-post-attention-dropout","enc-2nd-layernorm","enc-MLP-GEMM-1","enc-MLP-gelu","enc-MLP-GEMM-2","enc-post-MLP-dropout","final-layernorm","gpt-post-process",
[rank 7 recompute ops] enc-attention-softmax enc-attention-dropout enc-attention-context enc-MLP-GEMM-1 enc-MLP-gelu enc-attention-score enc-attention-softmax enc-attention-dropout enc-attention-context enc-MLP-GEMM-1 enc-MLP-gelu enc-attention-score enc-attention-softmax enc-attention-dropout enc-attention-context enc-MLP-GEMM-1 enc-MLP-gelu enc-attention-score enc-attention-softmax enc-attention-dropout enc-attention-context enc-MLP-GEMM-1 enc-MLP-gelu enc-attention-score enc-attention-softmax enc-attention-dropout enc-attention-context enc-MLP-GEMM-1 enc-MLP-gelu enc-attention-score enc-attention-softmax enc-attention-dropout enc-attention-context enc-MLP-GEMM-1 enc-MLP-gelu enc-attention-score enc-attention-softmax enc-attention-dropout enc-attention-context enc-MLP-GEMM-1 enc-MLP-gelu enc-attention-score enc-attention-softmax enc-attention-dropout enc-attention-context enc-attention-score enc-attention-softmax enc-attention-dropout enc-attention-context enc-attention-score enc-attention-softmax enc-attention-dropout enc-attention-context enc-attention-score enc-attention-softmax enc-attention-dropout enc-attention-context enc-attention-score enc-attention-softmax enc-attention-dropout enc-attention-context enc-attention-score enc-attention-softmax enc-attention-dropout enc-attention-context enc-attention-score enc-attention-softmax enc-attention-dropout enc-attention-context enc-attention-score enc-attention-softmax enc-attention-dropout enc-attention-context enc-attention-score enc-attention-softmax enc-attention-dropout enc-attention-context enc-attention-score enc-attention-softmax enc-attention-dropout enc-attention-context enc-attention-score enc-attention-softmax enc-attention-dropout enc-attention-context enc-attention-score enc-attention-softmax enc-attention-dropout enc-attention-context enc-attention-score enc-attention-softmax enc-attention-dropout enc-attention-context enc-attention-score enc-attention-softmax enc-attention-dropout enc-attention-context enc-attention-score enc-attention-softmax enc-attention-dropout enc-attention-context enc-attention-score enc-attention-softmax enc-attention-dropout enc-attention-context enc-attention-score enc-attention-softmax enc-attention-dropout enc-attention-context enc-attention-score enc-attention-softmax enc-attention-dropout enc-attention-context enc-attention-score enc-attention-softmax enc-attention-dropout enc-attention-context enc-attention-score enc-attention-softmax enc-attention-dropout enc-attention-context enc-attention-score enc-attention-softmax enc-attention-dropout enc-attention-context enc-attention-score enc-attention-softmax enc-attention-dropout enc-attention-context enc-attention-score enc-attention-softmax enc-attention-dropout enc-attention-context enc-attention-score enc-attention-softmax enc-attention-dropout enc-attention-context enc-attention-score enc-attention-softmax enc-attention-dropout enc-attention-context enc-attention-score enc-attention-softmax enc-attention-dropout enc-attention-context enc-attention-score enc-attention-softmax enc-attention-dropout enc-attention-context enc-attention-score enc-attention-softmax enc-attention-dropout enc-attention-context enc-attention-dropout enc-attention-context enc-attention-dropout enc-attention-context enc-attention-dropout enc-attention-context enc-attention-dropout enc-attention-context enc-attention-dropout enc-attention-context enc-attention-dropout enc-attention-context enc-attention-dropout enc-attention-context enc-attention-dropout enc-attention-context enc-attention-dropout enc-attention-context enc-attention-dropout enc-attention-context enc-attention-dropout enc-attention-context enc-attention-dropout enc-attention-context enc-attention-dropout enc-attention-context enc-attention-dropout enc-attention-context enc-attention-dropout enc-attention-context enc-attention-dropout enc-attention-context enc-attention-dropout enc-attention-context enc-attention-dropout enc-attention-context enc-attention-dropout enc-attention-context enc-attention-dropout enc-attention-context enc-attention-dropout enc-attention-context enc-attention-dropout enc-attention-context enc-attention-dropout enc-attention-context enc-attention-dropout enc-attention-context enc-attention-dropout enc-attention-context enc-attention-dropout enc-attention-context enc-attention-dropout enc-attention-context enc-attention-dropout enc-attention-context enc-attention-dropout enc-attention-context enc-attention-dropout enc-attention-context enc-attention-dropout enc-attention-context 
 > number of parameters on (tensor, pipeline) model parallel rank (0, 6): 208057344
 > number of parameters on (tensor, pipeline) model parallel rank (0, 7): 233025024

==> Time (ms) | [stage 2, virtual 0, rank 2] | model-and-optimizer-setup: 341.67 | train/valid/test-data-iterators-setup: 411.36

==> Memory | [stage 2, virtual 0, rank 2] memory (MB) | allocated: 1164.91796875 | max allocated: 1165.30859375 | reserved: 1218.0 | max reserved: 1218.0

==> Time (ms) | [stage 3, virtual 0, rank 3] | model-and-optimizer-setup: 340.33 | train/valid/test-data-iterators-setup: 413.93

==> Memory | [stage 3, virtual 0, rank 3] memory (MB) | allocated: 1155.91796875 | max allocated: 1155.9208984375 | reserved: 1218.0 | max reserved: 1218.0

==> Time (ms) | [stage 6, virtual 0, rank 6] | model-and-optimizer-setup: 356.88 | train/valid/test-data-iterators-setup: 397.60

==> Memory | [stage 6, virtual 0, rank 6] memory (MB) | allocated: 1207.517578125 | max allocated: 1207.841796875 | reserved: 1262.0 | max reserved: 1262.0
> learning rate decay style: cosine
[TIME] after model, optimizer, and learning rate scheduler are built (seconds): 9.802
> building train, validation, and test datasets ...
 > datasets target sizes (minimum size):
    train:      3072
    validation: 0
    test:       0

==> Time (ms) | [stage 1, virtual 0, rank 1] | model-and-optimizer-setup: 345.94 | train/valid/test-data-iterators-setup: 412.39

==> Memory | [stage 1, virtual 0, rank 1] memory (MB) | allocated: 1151.9033203125 | max allocated: 1151.904296875 | reserved: 1218.0 | max reserved: 1218.0

==> Time (ms) | [stage 5, virtual 0, rank 5] | model-and-optimizer-setup: 349.99 | train/valid/test-data-iterators-setup: 415.26

==> Memory | [stage 5, virtual 0, rank 5] memory (MB) | allocated: 1169.94140625 | max allocated: 1169.9443359375 | reserved: 1240.0 | max reserved: 1240.0

==> Time (ms) | [stage 4, virtual 0, rank 4] | model-and-optimizer-setup: 395.86 | train/valid/test-data-iterators-setup: 371.56

==> Memory | [stage 4, virtual 0, rank 4] memory (MB) | allocated: 1169.94140625 | max allocated: 1169.9443359375 | reserved: 1240.0 | max reserved: 1240.0

==> Time (ms) | [stage 7, virtual 0, rank 7] | model-and-optimizer-setup: 759.11 | train/valid/test-data-iterators-setup: 86.71

==> Memory | [stage 7, virtual 0, rank 7] memory (MB) | allocated: 1349.2587890625 | max allocated: 1397.5888671875 | reserved: 1462.0 | max reserved: 1462.0
[TIME] after dataloaders are built (seconds): 9.897
done with setup ...

==> Time (ms) | [stage 0, virtual 0, rank 0] | model-and-optimizer-setup: 756.94 | train/valid/test-data-iterators-setup: 95.53

==> Memory | [stage 0, virtual 0, rank 0] memory (MB) | allocated: 1294.638671875 | max allocated: 1294.6396484375 | reserved: 1358.0 | max reserved: 1358.0
training ...

==> Time (ms) | [stage 5, virtual 0, rank 5] | forward-compute: 29969.15 | forward-recv: 7030.67 | forward-send: 1186.04 | forward-send-backward-recv: 3347.73 | backward-compute: 67433.10 | backward-recv: 459.66 | backward-send: 8.42 | backward-send-forward-recv: 4201.62 | backward-params-all-reduce: 58.37 | backward-embedding-all-reduce: 0.30 | optimizer: 2877.55 | batch-generator: 50.62

==> Memory | [stage 5, virtual 0, rank 5] memory (MB) | allocated: 4518.81640625 | max allocated: 41689.9423828125 | reserved: 42240.0 | max reserved: 42240.0

==> Time (ms) | [stage 2, virtual 0, rank 2] | forward-compute: 29575.43 | forward-recv: 2747.22 | forward-send: 4835.87 | forward-send-backward-recv: 6398.74 | backward-compute: 70267.63 | backward-recv: 1096.23 | backward-send: 3.67 | backward-send-forward-recv: 445.68 | backward-params-all-reduce: 16.82 | backward-embedding-all-reduce: 0.42 | optimizer: 1271.59 | batch-generator: 49.09

==> Memory | [stage 2, virtual 0, rank 2] memory (MB) | allocated: 3519.74609375 | max allocated: 23595.03515625 | reserved: 24692.0 | max reserved: 24692.0

==> Time (ms) | [stage 1, virtual 0, rank 1] | forward-compute: 29419.34 | forward-recv: 1396.58 | forward-send: 6080.86 | forward-send-backward-recv: 7290.02 | backward-compute: 70093.92 | backward-recv: 1339.81 | backward-send: 4.34 | backward-send-forward-recv: 285.79 | backward-params-all-reduce: 12.65 | backward-embedding-all-reduce: 0.39 | optimizer: 728.38 | batch-generator: 49.33

==> Memory | [stage 1, virtual 0, rank 1] memory (MB) | allocated: 3485.7021484375 | max allocated: 26891.5166015625 | reserved: 27764.0 | max reserved: 27764.0

==> Time (ms) | [stage 0, virtual 0, rank 0] | forward-compute: 29283.35 | forward-send: 7208.44 | forward-send-backward-recv: 8046.89 | backward-compute: 70358.29 | backward-recv: 1570.94 | backward-params-all-reduce: 12.80 | backward-embedding-all-reduce: 7.74 | optimizer: 172.39 | batch-generator: 52.15

==> Memory | [stage 0, virtual 0, rank 0] memory (MB) | allocated: 3879.158203125 | max allocated: 12541.43359375 | reserved: 12976.0 | max reserved: 12976.0

==> Time (ms) | [stage 4, virtual 0, rank 4] | forward-compute: 29794.34 | forward-recv: 5597.04 | forward-send: 2438.07 | forward-send-backward-recv: 4027.79 | backward-compute: 69773.91 | backward-recv: 634.79 | backward-send: 11.24 | backward-send-forward-recv: 1851.93 | backward-params-all-reduce: 13.72 | backward-embedding-all-reduce: 0.44 | optimizer: 2378.51 | batch-generator: 49.73

==> Memory | [stage 4, virtual 0, rank 4] memory (MB) | allocated: 4512.31640625 | max allocated: 53499.49609375 | reserved: 53968.0 | max reserved: 53968.0

==> Time (ms) | [stage 6, virtual 0, rank 6] | forward-compute: 30706.39 | forward-recv: 8516.03 | forward-send: 6.88 | forward-send-backward-recv: 2658.59 | backward-compute: 66976.92 | backward-recv: 229.66 | backward-send: 5.63 | backward-send-forward-recv: 3984.87 | backward-params-all-reduce: 13.80 | backward-embedding-all-reduce: 0.42 | optimizer: 3458.47 | batch-generator: 50.85

==> Memory | [stage 6, virtual 0, rank 6] memory (MB) | allocated: 4623.544921875 | max allocated: 41428.66796875 | reserved: 42174.0 | max reserved: 42174.0
 iteration        1/       3 | consumed samples:         1024 | elapsed time per iteration (ms): 116730.7 | learning rate: 4.687E-08 | global batch size:  1024 | lm loss: 1.020407E+01 | loss scale: 4294967296.0 | grad norm: nan | number of skipped iterations:   0 | number of nan iterations:   0 |

==> Time (ms) | [stage 7, virtual 0, rank 7] | forward-compute: 33926.10 | forward-recv: 9820.12 | backward-compute: 63756.95 | backward-send: 2.83 | backward-send-forward-recv: 4949.13 | backward-params-all-reduce: 14.36 | backward-embedding-all-reduce: 3808.88 | optimizer: 176.43 | batch-generator: 49.16

==> Memory | [stage 7, virtual 0, rank 7] memory (MB) | allocated: 5059.51953125 | max allocated: 42824.046875 | reserved: 44268.0 | max reserved: 44268.0

==> Time (ms) | [stage 3, virtual 0, rank 3] | forward-compute: 29799.92 | forward-recv: 4209.17 | forward-send: 3657.54 | forward-send-backward-recv: 4771.39 | backward-compute: 70864.00 | backward-recv: 838.87 | backward-send: 2.20 | backward-send-forward-recv: 525.59 | backward-params-all-reduce: 13.12 | backward-embedding-all-reduce: 0.40 | optimizer: 1866.79 | batch-generator: 48.23

==> Memory | [stage 3, virtual 0, rank 3] memory (MB) | allocated: 3482.74609375 | max allocated: 47285.66015625 | reserved: 48212.0 | max reserved: 48212.0

==> Time (ms) | [stage 2, virtual 0, rank 2] | forward-compute: 28144.32 | forward-recv: 444.96 | forward-send: 35.19 | forward-send-backward-recv: 4234.64 | backward-compute: 69879.23 | backward-recv: 1090.84 | backward-send: 3.63 | backward-send-forward-recv: 132.68 | backward-params-all-reduce: 12.51 | backward-embedding-all-reduce: 0.42 | optimizer: 1125.11 | batch-generator: 47.20

==> Memory | [stage 2, virtual 0, rank 2] memory (MB) | allocated: 3520.74609375 | max allocated: 25130.75390625 | reserved: 26228.0 | max reserved: 26228.0

==> Time (ms) | [stage 1, virtual 0, rank 1] | forward-compute: 28044.93 | forward-recv: 225.20 | forward-send: 40.14 | forward-send-backward-recv: 5101.90 | backward-compute: 69634.15 | backward-recv: 1336.36 | backward-send: 4.37 | backward-send-forward-recv: 127.00 | backward-params-all-reduce: 12.88 | backward-embedding-all-reduce: 0.41 | optimizer: 578.95 | batch-generator: 46.71

==> Memory | [stage 1, virtual 0, rank 1] memory (MB) | allocated: 3485.7021484375 | max allocated: 28410.7158203125 | reserved: 29300.0 | max reserved: 29300.0

==> Time (ms) | [stage 4, virtual 0, rank 4] | forward-compute: 28404.59 | forward-recv: 893.26 | forward-send: 18.14 | forward-send-backward-recv: 2209.28 | backward-compute: 69450.43 | backward-recv: 630.72 | backward-send: 11.14 | backward-send-forward-recv: 1116.37 | backward-params-all-reduce: 13.58 | backward-embedding-all-reduce: 0.42 | optimizer: 2222.24 | batch-generator: 48.29

==> Memory | [stage 4, virtual 0, rank 4] memory (MB) | allocated: 4532.81640625 | max allocated: 55038.74609375 | reserved: 55506.0 | max reserved: 55506.0

==> Time (ms) | [stage 5, virtual 0, rank 5] | forward-compute: 28558.44 | forward-recv: 1121.19 | forward-send: 12.55 | forward-send-backward-recv: 1697.28 | backward-compute: 67098.77 | backward-recv: 457.79 | backward-send: 8.46 | backward-send-forward-recv: 3295.78 | backward-params-all-reduce: 57.45 | backward-embedding-all-reduce: 0.30 | optimizer: 2725.55 | batch-generator: 47.45

==> Memory | [stage 5, virtual 0, rank 5] memory (MB) | allocated: 4519.81640625 | max allocated: 43230.6923828125 | reserved: 43788.0 | max reserved: 43788.0

==> Time (ms) | [stage 6, virtual 0, rank 6] | forward-compute: 29376.70 | forward-recv: 1337.55 | forward-send: 2.81 | forward-send-backward-recv: 1167.41 | backward-compute: 66735.86 | backward-recv: 227.89 | backward-send: 5.66 | backward-send-forward-recv: 2828.51 | backward-params-all-reduce: 13.53 | backward-embedding-all-reduce: 0.41 | optimizer: 3297.02 | batch-generator: 46.74

==> Memory | [stage 6, virtual 0, rank 6] memory (MB) | allocated: 4625.044921875 | max allocated: 43027.51953125 | reserved: 43712.0 | max reserved: 43712.0

==> Time (ms) | [stage 3, virtual 0, rank 3] | forward-compute: 28387.09 | forward-recv: 620.77 | forward-send: 27.56 | forward-send-backward-recv: 2751.77 | backward-compute: 70519.87 | backward-recv: 832.54 | backward-send: 2.28 | backward-send-forward-recv: 88.97 | backward-params-all-reduce: 12.81 | backward-embedding-all-reduce: 0.40 | optimizer: 1671.11 | batch-generator: 46.13

==> Time (ms) | [stage 0, virtual 0, rank 0] | forward-compute: 28028.22 | forward-send: 45.73 | forward-send-backward-recv: 5538.43 | backward-compute: 69981.67 | backward-recv: 1563.39 | backward-params-all-reduce: 12.81 | backward-embedding-all-reduce: 2.97 | optimizer: 29.41 | batch-generator: 50.91
==> Memory | [stage 3, virtual 0, rank 3] memory (MB) | allocated: 3487.24609375 | max allocated: 48808.87890625 | reserved: 49748.0 | max reserved: 49748.0


==> Memory | [stage 0, virtual 0, rank 0] memory (MB) | allocated: 3881.658203125 | max allocated: 14246.11328125 | reserved: 14576.0 | max reserved: 14576.0
 iteration        2/       3 | consumed samples:         2048 | elapsed time per iteration (ms): 105262.9 | learning rate: 9.375E-08 | global batch size:  1024 | loss scale: 2147483648.0 | grad norm: nan | number of skipped iterations:   0 | number of nan iterations:   0 |

==> Time (ms) | [stage 7, virtual 0, rank 7] | forward-compute: 32424.31 | forward-recv: 1564.43 | backward-compute: 63489.41 | backward-send: 2.82 | backward-send-forward-recv: 3669.19 | backward-params-all-reduce: 14.28 | backward-embedding-all-reduce: 3792.88 | optimizer: 30.17 | batch-generator: 47.83

==> Memory | [stage 7, virtual 0, rank 7] memory (MB) | allocated: 5053.51953125 | max allocated: 44594.8876953125 | reserved: 47414.0 | max reserved: 47414.0

==> Time (ms) | [stage 1, virtual 0, rank 1] | forward-compute: 28084.42 | forward-recv: 224.65 | forward-send: 47.71 | forward-send-backward-recv: 5120.50 | backward-compute: 69685.05 | backward-recv: 1336.84 | backward-send: 4.29 | backward-send-forward-recv: 126.08 | backward-params-all-reduce: 12.76 | backward-embedding-all-reduce: 0.39 | optimizer: 575.08 | batch-generator: 46.69

==> Memory | [stage 1, virtual 0, rank 1] memory (MB) | allocated: 3486.2021484375 | max allocated: 28410.7158203125 | reserved: 29300.0 | max reserved: 29300.0

==> Time (ms) | [stage 2, virtual 0, rank 2] | forward-compute: 28147.79 | forward-recv: 444.42 | forward-send: 19.99 | forward-send-backward-recv: 4375.70 | backward-compute: 69868.43 | backward-recv: 1092.62 | backward-send: 3.57 | backward-send-forward-recv: 129.38 | backward-params-all-reduce: 12.57 | backward-embedding-all-reduce: 0.41 | optimizer: 1120.72 | batch-generator: 46.99

==> Memory | [stage 2, virtual 0, rank 2] memory (MB) | allocated: 3524.24609375 | max allocated: 25130.75390625 | reserved: 26228.0 | max reserved: 26228.0

==> Time (ms) | [stage 5, virtual 0, rank 5] | forward-compute: 28559.05 | forward-recv: 1131.42 | forward-send: 5.64 | forward-send-backward-recv: 1695.57 | backward-compute: 67112.80 | backward-recv: 457.16 | backward-send: 8.42 | backward-send-forward-recv: 3384.54 | backward-params-all-reduce: 57.80 | backward-embedding-all-reduce: 0.29 | optimizer: 2721.45 | batch-generator: 46.87

==> Memory | [stage 5, virtual 0, rank 5] memory (MB) | allocated: 4519.81640625 | max allocated: 43230.6923828125 | reserved: 43788.0 | max reserved: 43788.0

==> Time (ms) | [stage 3, virtual 0, rank 3] | forward-compute: 28437.77 | forward-recv: 681.45 | forward-send: 16.26 | forward-send-backward-recv: 2769.02 | backward-compute: 70554.61 | backward-recv: 832.50 | backward-send: 2.24 | backward-send-forward-recv: 88.60 | backward-params-all-reduce: 12.82 | backward-embedding-all-reduce: 0.39 | optimizer: 1666.75 | batch-generator: 46.33
==> Time (ms) | [stage 4, virtual 0, rank 4] | forward-compute: 28415.66 | forward-recv: 909.66 | forward-send: 9.30 | forward-send-backward-recv: 2206.66 | backward-compute: 69461.97 | backward-recv: 630.88 | backward-send: 11.12 | backward-send-forward-recv: 1203.56 | backward-params-all-reduce: 14.01 | backward-embedding-all-reduce: 0.40 | optimizer: 2218.56 | batch-generator: 48.36


==> Memory | [stage 4, virtual 0, rank 4] memory (MB) | allocated: 4532.81640625 | max allocated: 55038.74609375 | reserved: 55506.0 | max reserved: 55506.0

==> Memory | [stage 3, virtual 0, rank 3] memory (MB) | allocated: 3487.24609375 | max allocated: 48808.87890625 | reserved: 49748.0 | max reserved: 49748.0

==> Time (ms) | [stage 6, virtual 0, rank 6] | forward-compute: 29370.44 | forward-recv: 1342.71 | forward-send: 2.85 | forward-send-backward-recv: 1165.81 | backward-compute: 66743.39 | backward-recv: 228.66 | backward-send: 5.65 | backward-send-forward-recv: 2935.60 | backward-params-all-reduce: 13.59 | backward-embedding-all-reduce: 0.42 | optimizer: 3293.75 | batch-generator: 46.69

==> Memory | [stage 6, virtual 0, rank 6] memory (MB) | allocated: 4625.044921875 | max allocated: 43027.51953125 | reserved: 43712.0 | max reserved: 43712.0

==> Time (ms) | [stage 0, virtual 0, rank 0] | forward-compute: 28030.29 | forward-send: 52.36 | forward-send-backward-recv: 5636.41 | backward-compute: 69986.17 | backward-recv: 1563.68 | backward-params-all-reduce: 12.80 | backward-embedding-all-reduce: 1.87 | optimizer: 26.60 | batch-generator: 49.65

==> Memory | [stage 0, virtual 0, rank 0] memory (MB) | allocated: 3881.158203125 | max allocated: 14250.61328125 | reserved: 14578.0 | max reserved: 14578.0
[TIME] after training is done (seconds): 337.262
 iteration        3/       3 | consumed samples:         3072 | elapsed time per iteration (ms): 105371.6 | learning rate: 1.406E-07 | global batch size:  1024 | loss scale: 1073741824.0 | grad norm: nan | number of skipped iterations:   0 | number of nan iterations:   0 |

==> Time (ms) | [stage 7, virtual 0, rank 7] | forward-compute: 32423.11 | forward-recv: 1572.54 | backward-compute: 63489.44 | backward-send: 2.93 | backward-send-forward-recv: 3778.96 | backward-params-all-reduce: 14.26 | backward-embedding-all-reduce: 3791.90 | optimizer: 27.22 | batch-generator: 47.44

==> Memory | [stage 7, virtual 0, rank 7] memory (MB) | allocated: 5053.51953125 | max allocated: 44594.8876953125 | reserved: 47414.0 | max reserved: 47414.0
