/usr/local/lib/python3.8/dist-packages/torch/distributed/launch.py:178: FutureWarning: The module torch.distributed.launch is deprecated
and will be removed in future. Use torchrun.
Note that --use_env is set by default in torchrun.
If your script expects `--local_rank` argument to be set, please
change it to read from `os.environ['LOCAL_RANK']` instead. See 
https://pytorch.org/docs/stable/distributed.html#launch-utility for 
further instructions

  warnings.warn(
WARNING:torch.distributed.run:
*****************************************
Setting OMP_NUM_THREADS environment variable for each process to be 1 in default, to avoid your system being overloaded, please further tune the variable for optimal performance in your application as needed. 
*****************************************
[W socket.cpp:401] [c10d] The server socket cannot be initialized on [::]:7000 (errno: 97 - Address family not supported by protocol).
[W socket.cpp:558] [c10d] The client socket cannot be initialized to connect to [localhost]:7000 (errno: 97 - Address family not supported by protocol).
[W socket.cpp:558] [c10d] The client socket cannot be initialized to connect to [::ffff:127.0.0.1]:7000 (errno: 97 - Address family not supported by protocol).
[FlexPipe] using world size: 8, data-parallel-size: [[1, 1, 1, 1, 1, 1, 1, 1, 1, 1, 1, 1, 1, 1, 1, 1, 1, 1, 1, 1, 1, 1, 1, 1, 1, 1, 1, 1, 1, 1, 1, 1, 1, 1, 1, 1, 1, 1, 1, 1, 1, 1, 1, 1, 1, 1, 1, 1, 1, 1, 1, 1, 1, 1, 1, 1, 1, 1, 1, 1, 1, 1, 1, 1, 1, 1, 1, 1, 1, 1, 1, 1, 1, 1, 1, 1, 1, 1, 1, 1, 1, 1, 1, 1, 1, 1, 1, 1, 1, 1, 1, 1, 1, 1, 1, 1, 1, 1, 1, 1, 1, 1, 1, 1, 1, 1, 1, 1, 1, 1, 1, 1, 1, 1, 1, 1, 1, 1, 1, 1, 1, 1, 1, 1, 1, 1, 1, 1, 1, 1, 1, 1, 1, 1, 1, 1, 1, 1, 1, 1, 1, 1, 1, 1, 1, 1, 1, 1, 1, 1, 1, 1, 1, 1, 1, 1, 1, 1, 1, 1, 1, 1, 1, 1, 1, 1, 1, 1, 1, 1, 1, 1, 1, 1, 1, 1, 1, 1, 1, 1, 1, 1, 1, 1, 1, 1, 1, 1, 1, 1, 1, 1, 1, 1, 1, 1, 1, 1, 1, 1, 1, 1, 1, 1, 1, 1, 1, 1, 1, 1, 1, 1, 1, 1, 1, 1, 1, 1, 1, 1, 1, 1, 1, 1, 1, 1, 1, 1, 1, 1, 1, 1, 1, 1, 1, 1, 1, 1, 1, 1, 1, 1, 1, 1, 1, 1, 1, 1, 1, 1, 1, 1, 1, 1, 1, 1, 1, 1, 1, 1, 1, 1, 1, 1, 1, 1, 1, 1, 1, 1, 1, 1, 1, 1, 1, 1, 1, 1, 1, 1, 1, 1, 1, 1, 1, 1, 1, 1, 1, 1, 1, 1, 1, 1, 1, 1, 1, 1, 1, 1, 1, 1, 1, 1, 1, 1, 1, 1, 1, 1, 1, 1, 1, 1, 1, 1, 1, 1, 1, 1, 1, 1, 1, 1, 1, 1, 1, 1, 1, 1, 1, 1, 1, 1, 1, 1, 1, 1, 1, 1, 1, 1, 1, 1, 1, 1, 1, 1, 1, 1, 1, 1, 1, 1, 1, 1, 1, 1, 1, 1, 1, 1, 1, 1, 1, 1, 1, 1, 1, 1, 1, 1, 1, 1, 1, 1, 1, 1, 1, 1, 1, 1, 1, 1, 1, 1, 1, 1, 1, 1, 1, 1, 1, 1, 1, 1, 1, 1, 1, 1, 1, 1, 1, 1, 1, 1, 1, 1, 1, 1, 1, 1, 1, 1, 1, 1, 1, 1, 1, 1, 1, 1, 1, 1, 1, 1, 1, 1, 1, 1, 1, 1, 1, 1, 1, 1, 1, 1, 1, 1, 1, 1, 1, 1, 1, 1, 1, 1, 1, 1, 1, 1, 1, 1, 1, 1, 1, 1, 1, 1, 1, 1, 1, 1, 1, 1, 1, 1, 1, 1, 1, 1, 1, 1, 1, 1, 1, 1, 1, 1, 1, 1, 1, 1, 1, 1, 1, 1, 1, 1, 1, 1, 1, 1, 1, 1, 1, 1, 1, 1, 1, 1, 1, 1, 1, 1, 1, 1, 1, 1, 1, 1, 1, 1, 1, 1, 1, 1, 1, 1, 1, 1, 1, 1, 1, 1, 1, 1, 1, 1, 1, 1, 1, 1, 1, 1, 1, 1, 1, 1, 1, 1, 1, 1, 1, 1, 1, 1, 1, 1, 1, 1, 1, 1, 1, 1, 1, 1, 1, 1, 1, 1, 1, 1, 1, 1, 1, 1, 1, 1, 1, 1, 1, 1, 1, 1, 1, 1, 1, 1, 1, 1, 1, 1, 1, 1, 1, 1, 1, 1, 1, 1, 1, 1, 1, 1, 1, 1, 1, 1, 1, 1, 1, 1, 1, 1, 1, 1, 1, 1, 1, 1, 1, 1, 1, 1, 1, 1, 1, 1, 1, 1, 1, 1, 1, 1, 1, 1, 1, 1, 1, 1, 1, 1, 1, 1, 1, 1, 1, 1, 1, 1, 1, 1, 1, 1, 1, 1, 1, 1, 1, 1, 1, 1, 1, 1, 1, 1, 1, 1, 1, 1, 1, 1, 1, 1, 1, 1, 1, 1, 1, 1, 1, 1, 1, 1, 1, 1, 1, 1, 1, 1, 1, 1, 1, 1, 1, 1, 1, 1, 1, 1, 1, 1, 1, 1, 1, 1, 1, 1, 1, 1, 1, 1, 1, 1, 1, 1, 1, 1, 1, 1, 1, 1, 1, 1, 1, 1, 1, 1, 1, 1, 1, 1, 1, 1, 1, 1, 1, 1, 1, 1, 1, 1, 1, 1, 1, 1, 1, 1, 1, 1, 1, 1, 1, 1, 1, 1, 1, 1, 1, 1, 1, 1, 1, 1, 1, 1, 1, 1, 1, 1, 1, 1, 1, 1, 1, 1, 1, 1, 1, 1, 1, 1, 1, 1, 1, 1, 1, 1, 1, 1, 1, 1, 1, 1, 1, 1, 1, 1, 1, 1, 1, 1, 1, 1, 1, 1, 1, 1, 1, 1, 1, 1, 1, 1, 1, 1, 1, 1, 1, 1, 1, 1, 1, 1, 1, 1, 1, 1, 1, 1, 1, 1, 1, 1, 1, 1, 1, 1], [1, 1, 1, 1, 1, 1, 1, 1, 1, 1, 1, 1, 1, 1, 1, 1, 1, 1, 1, 1, 1, 1, 1, 1, 1, 1, 1, 1, 1, 1, 1, 1, 1, 1, 1, 1, 1, 1, 1, 1, 1, 1, 1, 1, 1, 1, 1, 1, 1, 1, 1, 1, 1, 1, 1, 1, 1, 1, 1, 1, 1, 1, 1, 1, 1, 1, 1, 1, 1, 1, 1, 1, 1, 1, 1, 1, 1, 1, 1, 1, 1, 1, 1, 1, 1, 1, 1, 1, 1, 1, 1, 1, 1, 1, 1, 1, 1, 1, 1, 1, 1, 1, 1, 1, 1, 1, 1, 1, 1, 1, 1, 1, 1, 1, 1, 1, 1, 1, 1, 1, 1, 1, 1, 1, 1, 1, 1, 1, 1, 1, 1, 1, 1, 1, 1, 1, 1, 1, 1, 1, 1, 1, 1, 1, 1, 1, 1, 1, 1, 1, 1, 1, 1, 1, 1, 1, 1, 1, 1, 1, 1, 1, 1, 1, 1, 1, 1, 1, 1, 1, 1, 1, 1, 1, 1, 1, 1, 1, 1, 1, 1, 1, 1, 1, 1, 1, 1, 1, 1, 1, 1, 1, 1, 1, 1, 1, 1, 1, 1, 1, 1, 1, 1, 1, 1, 1, 1, 1, 1, 1, 1, 1, 1, 1, 1, 1, 1, 1, 1, 1, 1, 1, 1, 1, 1, 1, 1, 1, 1, 1, 1, 1, 1, 1, 1, 1, 1, 1, 1, 1, 1, 1, 1, 1, 1, 1, 1, 1, 1, 1, 1, 1, 1, 1, 1, 1, 1, 1, 1, 1, 1, 1, 1, 1, 1, 1, 1, 1, 1, 1, 1, 1, 1, 1, 1, 1, 1, 1, 1, 1, 1, 1, 1, 1, 1, 1, 1, 1, 1, 1, 1, 1, 1, 1, 1, 1, 1, 1, 1, 1, 1, 1, 1, 1, 1, 1, 1, 1, 1, 1, 1, 1, 1, 1, 1, 1, 1, 1, 1, 1, 1, 1, 1, 1, 1, 1, 1, 1, 1, 1, 1, 1, 1, 1, 1, 1, 1, 1, 1, 1, 1, 1, 1, 1, 1, 1, 1, 1, 1, 1, 1, 1, 1, 1, 1, 1, 1, 1, 1, 1, 1, 1, 1, 1, 1, 1, 1, 1, 1, 1, 1, 1, 1, 1, 1, 1, 1, 1, 1, 1, 1, 1, 1, 1, 1, 1, 1, 1, 1, 1, 1, 1, 1, 1, 1, 1, 1, 1, 1, 1, 1, 1, 1, 1, 1, 1, 1, 1, 1, 1, 1, 1, 1, 1, 1, 1, 1, 1, 1, 1, 1, 1, 1, 1, 1, 1, 1, 1, 1, 1, 1, 1, 1, 1, 1, 1, 1, 1, 1, 1, 1, 1, 1, 1, 1, 1, 1, 1, 1, 1, 1, 1, 1, 1, 1, 1, 1, 1, 1, 1, 1, 1, 1, 1, 1, 1, 1, 1, 1, 1, 1, 1, 1, 1, 1, 1, 1, 1, 1, 1, 1, 1, 1, 1, 1, 1, 1, 1, 1, 1, 1, 1, 1, 1, 1, 1, 1, 1, 1, 1, 1, 1, 1, 1, 1, 1, 1, 1, 1, 1, 1, 1, 1, 1, 1, 1, 1, 1, 1, 1, 1, 1, 1, 1, 1, 1, 1, 1, 1, 1, 1, 1, 1, 1, 1, 1, 1, 1, 1, 1, 1, 1, 1, 1, 1, 1, 1, 1, 1, 1, 1, 1, 1, 1, 1, 1, 1, 1, 1, 1, 1, 1, 1, 1, 1, 1, 1, 1, 1, 1, 1, 1, 1, 1, 1, 1, 1, 1, 1, 1, 1, 1, 1, 1, 1, 1, 1, 1, 1, 1, 1, 1, 1, 1, 1, 1, 1, 1, 1, 1, 1, 1, 1, 1, 1, 1, 1, 1, 1, 1, 1, 1, 1, 1, 1, 1, 1, 1, 1, 1, 1, 1, 1, 1, 1, 1, 1, 1, 1, 1, 1, 1, 1, 1, 1, 1, 1, 1, 1, 1, 1, 1, 1, 1, 1, 1, 1, 1, 1, 1, 1, 1, 1, 1, 1, 1, 1, 1, 1, 1, 1, 1, 1, 1, 1, 1, 1, 1, 1, 1, 1, 1, 1, 1, 1, 1, 1, 1, 1, 1, 1, 1, 1, 1, 1, 1, 1, 1, 1, 1, 1, 1, 1, 1, 1, 1, 1, 1, 1, 1, 1, 1, 1, 1, 1, 1, 1, 1, 1, 1, 1, 1, 1, 1, 1, 1, 1, 1, 1, 1, 1, 1, 1, 1, 1, 1, 1, 1, 1, 1, 1, 1, 1, 1, 1, 1, 1, 1, 1, 1, 1, 1, 1, 1, 1, 1, 1, 1, 1, 1, 1, 1, 1, 1, 1, 1, 1, 1, 1, 1, 1, 1, 1, 1, 1, 1, 1, 1, 1, 1, 1, 1, 1, 1, 1, 1, 1, 1, 1, 1, 1, 1, 1, 1, 1, 1, 1, 1, 1, 1, 1, 1, 1, 1, 1, 1, 1, 1, 1, 1, 1, 1, 1, 1, 1, 1, 1, 1, 1, 1, 1, 1, 1, 1, 1, 1, 1, 1, 1, 1, 1, 1, 1, 1, 1, 1, 1, 1, 1, 1, 1], [1, 1, 1, 1, 1, 1, 1, 1, 1, 1, 1, 1, 1, 1, 1, 1, 1, 1, 1, 1, 1, 1, 1, 1, 1, 1, 1, 1, 1, 1, 1, 1, 1, 1, 1, 1, 1, 1, 1, 1, 1, 1, 1, 1, 1, 1, 1, 1, 1, 1, 1, 1, 1, 1, 1, 1, 1, 1, 1, 1, 1, 1, 1, 1, 1, 1, 1, 1, 1, 1, 1, 1, 1, 1, 1, 1, 1, 1, 1, 1, 1, 1, 1, 1, 1, 1, 1, 1, 1, 1, 1, 1, 1, 1, 1, 1, 1, 1, 1, 1, 1, 1, 1, 1, 1, 1, 1, 1, 1, 1, 1, 1, 1, 1, 1, 1, 1, 1, 1, 1, 1, 1, 1, 1, 1, 1, 1, 1, 1, 1, 1, 1, 1, 1, 1, 1, 1, 1, 1, 1, 1, 1, 1, 1, 1, 1, 1, 1, 1, 1, 1, 1, 1, 1, 1, 1, 1, 1, 1, 1, 1, 1, 1, 1, 1, 1, 1, 1, 1, 1, 1, 1, 1, 1, 1, 1, 1, 1, 1, 1, 1, 1, 1, 1, 1, 1, 1, 1, 1, 1, 1, 1, 1, 1, 1, 1, 1, 1, 1, 1, 1, 1, 1, 1, 1, 1, 1, 1, 1, 1, 1, 1, 1, 1, 1, 1, 1, 1, 1, 1, 1, 1, 1, 1, 1, 1, 1, 1, 1, 1, 1, 1, 1, 1, 1, 1, 1, 1, 1, 1, 1, 1, 1, 1, 1, 1, 1, 1, 1, 1, 1, 1, 1, 1, 1, 1, 1, 1, 1, 1, 1, 1, 1, 1, 1, 1, 1, 1, 1, 1, 1, 1, 1, 1, 1, 1, 1, 1, 1, 1, 1, 1, 1, 1, 1, 1, 1, 1, 1, 1, 1, 1, 1, 1, 1, 1, 1, 1, 1, 1, 1, 1, 1, 1, 1, 1, 1, 1, 1, 1, 1, 1, 1, 1, 1, 1, 1, 1, 1, 1, 1, 1, 1, 1, 1, 1, 1, 1, 1, 1, 1, 1, 1, 1, 1, 1, 1, 1, 1, 1, 1, 1, 1, 1, 1, 1, 1, 1, 1, 1, 1, 1, 1, 1, 1, 1, 1, 1, 1, 1, 1, 1, 1, 1, 1, 1, 1, 1, 1, 1, 1, 1, 1, 1, 1, 1, 1, 1, 1, 1, 1, 1, 1, 1, 1, 1, 1, 1, 1, 1, 1, 1, 1, 1, 1, 1, 1, 1, 1, 1, 1, 1, 1, 1, 1, 1, 1, 1, 1, 1, 1, 1, 1, 1, 1, 1, 1, 1, 1, 1, 1, 1, 1, 1, 1, 1, 1, 1, 1, 1, 1, 1, 1, 1, 1, 1, 1, 1, 1, 1, 1, 1, 1, 1, 1, 1, 1, 1, 1, 1, 1, 1, 1, 1, 1, 1, 1, 1, 1, 1, 1, 1, 1, 1, 1, 1, 1, 1, 1, 1, 1, 1, 1, 1, 1, 1, 1, 1, 1, 1, 1, 1, 1, 1, 1, 1, 1, 1, 1, 1, 1, 1, 1, 1, 1, 1, 1, 1, 1, 1, 1, 1, 1, 1, 1, 1, 1, 1, 1, 1, 1, 1, 1, 1, 1, 1, 1, 1, 1, 1, 1, 1, 1, 1, 1, 1, 1, 1, 1, 1, 1, 1, 1, 1, 1, 1, 1, 1, 1, 1, 1, 1, 1, 1, 1, 1, 1, 1, 1, 1, 1, 1, 1, 1, 1, 1, 1, 1, 1, 1, 1, 1, 1, 1, 1, 1, 1, 1, 1, 1, 1, 1, 1, 1, 1, 1, 1, 1, 1, 1, 1, 1, 1, 1, 1, 1, 1, 1, 1, 1, 1, 1, 1, 1, 1, 1, 1, 1, 1, 1, 1, 1, 1, 1, 1, 1, 1, 1, 1, 1, 1, 1, 1, 1, 1, 1, 1, 1, 1, 1, 1, 1, 1, 1, 1, 1, 1, 1, 1, 1, 1, 1, 1, 1, 1, 1, 1, 1, 1, 1, 1, 1, 1, 1, 1, 1, 1, 1, 1, 1, 1, 1, 1, 1, 1, 1, 1, 1, 1, 1, 1, 1, 1, 1, 1, 1, 1, 1, 1, 1, 1, 1, 1, 1, 1, 1, 1, 1, 1, 1, 1, 1, 1, 1, 1, 1, 1, 1, 1, 1, 1, 1, 1, 1, 1, 1, 1, 1, 1, 1, 1, 1, 1, 1, 1, 1, 1, 1, 1, 1, 1, 1, 1, 1, 1, 1, 1, 1, 1, 1, 1, 1, 1, 1, 1, 1, 1, 1, 1, 1, 1, 1, 1, 1, 1, 1, 1, 1, 1, 1, 1, 1, 1, 1, 1, 1, 1, 1, 1, 1, 1, 1, 1, 1, 1, 1, 1, 1, 1, 1, 1, 1, 1, 1, 1, 1, 1, 1, 1, 1, 1, 1, 1, 1, 1, 1, 1, 1, 1, 1, 1, 1, 1, 1, 1, 1, 1, 1, 1, 1, 1, 1, 1, 1, 1, 1, 1, 1, 1, 1, 1, 1, 1, 1, 1, 1, 1, 1, 1, 1, 1, 1, 1, 1, 1, 1, 1, 1, 1, 1, 1, 1, 1, 1, 1, 1, 1, 1, 1, 1, 1, 1, 1], [1, 1, 1, 1, 1, 1, 1, 1, 1, 1, 1, 1, 1, 1, 1, 1, 1, 1, 1, 1, 1, 1, 1, 1, 1, 1, 1, 1, 1, 1, 1, 1, 1, 1, 1, 1, 1, 1, 1, 1, 1, 1, 1, 1, 1, 1, 1, 1, 1, 1, 1, 1, 1, 1, 1, 1, 1, 1, 1, 1, 1, 1, 1, 1, 1, 1, 1, 1, 1, 1, 1, 1, 1, 1, 1, 1, 1, 1, 1, 1, 1, 1, 1, 1, 1, 1, 1, 1, 1, 1, 1, 1, 1, 1, 1, 1, 1, 1, 1, 1, 1, 1, 1, 1, 1, 1, 1, 1, 1, 1, 1, 1, 1, 1, 1, 1, 1, 1, 1, 1, 1, 1, 1, 1, 1, 1, 1, 1, 1, 1, 1, 1, 1, 1, 1, 1, 1, 1, 1, 1, 1, 1, 1, 1, 1, 1, 1, 1, 1, 1, 1, 1, 1, 1, 1, 1, 1, 1, 1, 1, 1, 1, 1, 1, 1, 1, 1, 1, 1, 1, 1, 1, 1, 1, 1, 1, 1, 1, 1, 1, 1, 1, 1, 1, 1, 1, 1, 1, 1, 1, 1, 1, 1, 1, 1, 1, 1, 1, 1, 1, 1, 1, 1, 1, 1, 1, 1, 1, 1, 1, 1, 1, 1, 1, 1, 1, 1, 1, 1, 1, 1, 1, 1, 1, 1, 1, 1, 1, 1, 1, 1, 1, 1, 1, 1, 1, 1, 1, 1, 1, 1, 1, 1, 1, 1, 1, 1, 1, 1, 1, 1, 1, 1, 1, 1, 1, 1, 1, 1, 1, 1, 1, 1, 1, 1, 1, 1, 1, 1, 1, 1, 1, 1, 1, 1, 1, 1, 1, 1, 1, 1, 1, 1, 1, 1, 1, 1, 1, 1, 1, 1, 1, 1, 1, 1, 1, 1, 1, 1, 1, 1, 1, 1, 1, 1, 1, 1, 1, 1, 1, 1, 1, 1, 1, 1, 1, 1, 1, 1, 1, 1, 1, 1, 1, 1, 1, 1, 1, 1, 1, 1, 1, 1, 1, 1, 1, 1, 1, 1, 1, 1, 1, 1, 1, 1, 1, 1, 1, 1, 1, 1, 1, 1, 1, 1, 1, 1, 1, 1, 1, 1, 1, 1, 1, 1, 1, 1, 1, 1, 1, 1, 1, 1, 1, 1, 1, 1, 1, 1, 1, 1, 1, 1, 1, 1, 1, 1, 1, 1, 1, 1, 1, 1, 1, 1, 1, 1, 1, 1, 1, 1, 1, 1, 1, 1, 1, 1, 1, 1, 1, 1, 1, 1, 1, 1, 1, 1, 1, 1, 1, 1, 1, 1, 1, 1, 1, 1, 1, 1, 1, 1, 1, 1, 1, 1, 1, 1, 1, 1, 1, 1, 1, 1, 1, 1, 1, 1, 1, 1, 1, 1, 1, 1, 1, 1, 1, 1, 1, 1, 1, 1, 1, 1, 1, 1, 1, 1, 1, 1, 1, 1, 1, 1, 1, 1, 1, 1, 1, 1, 1, 1, 1, 1, 1, 1, 1, 1, 1, 1, 1, 1, 1, 1, 1, 1, 1, 1, 1, 1, 1, 1, 1, 1, 1, 1, 1, 1, 1, 1, 1, 1, 1, 1, 1, 1, 1, 1, 1, 1, 1, 1, 1, 1, 1, 1, 1, 1, 1, 1, 1, 1, 1, 1, 1, 1, 1, 1, 1, 1, 1, 1, 1, 1, 1, 1, 1, 1, 1, 1, 1, 1, 1, 1, 1, 1, 1, 1, 1, 1, 1, 1, 1, 1, 1, 1, 1, 1, 1, 1, 1, 1, 1, 1, 1, 1, 1, 1, 1, 1, 1, 1, 1, 1, 1, 1, 1, 1, 1, 1, 1, 1, 1, 1, 1, 1, 1, 1, 1, 1, 1, 1, 1, 1, 1, 1, 1, 1, 1, 1, 1, 1, 1, 1, 1, 1, 1, 1, 1, 1, 1, 1, 1, 1, 1, 1, 1, 1, 1, 1, 1, 1, 1, 1, 1, 1, 1, 1, 1, 1, 1, 1, 1, 1, 1, 1, 1, 1, 1, 1, 1, 1, 1, 1, 1, 1, 1, 1, 1, 1, 1, 1, 1, 1, 1, 1, 1, 1, 1, 1, 1, 1, 1, 1, 1, 1, 1, 1, 1, 1, 1, 1, 1, 1, 1, 1, 1, 1, 1, 1, 1, 1, 1, 1, 1, 1, 1, 1, 1, 1, 1, 1, 1, 1, 1, 1, 1, 1, 1, 1, 1, 1, 1, 1, 1, 1, 1, 1, 1, 1, 1, 1, 1, 1, 1, 1, 1, 1, 1, 1, 1, 1, 1, 1, 1, 1, 1, 1, 1, 1, 1, 1, 1, 1, 1, 1, 1, 1, 1, 1, 1, 1, 1, 1, 1, 1, 1, 1, 1, 1, 1, 1, 1, 1, 1, 1, 1, 1, 1, 1, 1, 1, 1, 1, 1, 1, 1, 1, 1, 1, 1, 1, 1, 1, 1, 1, 1, 1, 1, 1, 1, 1, 1, 1, 1, 1, 1, 1, 1, 1, 1, 1, 1, 1, 1, 1, 1, 1, 1, 1, 1, 1, 1, 1, 1, 1, 1, 1, 1, 1, 1, 1, 1, 1, 1, 1, 1, 1, 1, 1, 1, 1, 1, 1, 1, 1], [1, 1, 1, 1, 1, 1, 1, 1, 1, 1, 1, 1, 1, 1, 1, 1, 1, 1, 1, 1, 1, 1, 1, 1, 1, 1, 1, 1, 1, 1, 1, 1, 1, 1, 1, 1, 1, 1, 1, 1, 1, 1, 1, 1, 1, 1, 1, 1, 1, 1, 1, 1, 1, 1, 1, 1, 1, 1, 1, 1, 1, 1, 1, 1, 1, 1, 1, 1, 1, 1, 1, 1, 1, 1, 1, 1, 1, 1, 1, 1, 1, 1, 1, 1, 1, 1, 1, 1, 1, 1, 1, 1, 1, 1, 1, 1, 1, 1, 1, 1, 1, 1, 1, 1, 1, 1, 1, 1, 1, 1, 1, 1, 1, 1, 1, 1, 1, 1, 1, 1, 1, 1, 1, 1, 1, 1, 1, 1, 1, 1, 1, 1, 1, 1, 1, 1, 1, 1, 1, 1, 1, 1, 1, 1, 1, 1, 1, 1, 1, 1, 1, 1, 1, 1, 1, 1, 1, 1, 1, 1, 1, 1, 1, 1, 1, 1, 1, 1, 1, 1, 1, 1, 1, 1, 1, 1, 1, 1, 1, 1, 1, 1, 1, 1, 1, 1, 1, 1, 1, 1, 1, 1, 1, 1, 1, 1, 1, 1, 1, 1, 1, 1, 1, 1, 1, 1, 1, 1, 1, 1, 1, 1, 1, 1, 1, 1, 1, 1, 1, 1, 1, 1, 1, 1, 1, 1, 1, 1, 1, 1, 1, 1, 1, 1, 1, 1, 1, 1, 1, 1, 1, 1, 1, 1, 1, 1, 1, 1, 1, 1, 1, 1, 1, 1, 1, 1, 1, 1, 1, 1, 1, 1, 1, 1, 1, 1, 1, 1, 1, 1, 1, 1, 1, 1, 1, 1, 1, 1, 1, 1, 1, 1, 1, 1, 1, 1, 1, 1, 1, 1, 1, 1, 1, 1, 1, 1, 1, 1, 1, 1, 1, 1, 1, 1, 1, 1, 1, 1, 1, 1, 1, 1, 1, 1, 1, 1, 1, 1, 1, 1, 1, 1, 1, 1, 1, 1, 1, 1, 1, 1, 1, 1, 1, 1, 1, 1, 1, 1, 1, 1, 1, 1, 1, 1, 1, 1, 1, 1, 1, 1, 1, 1, 1, 1, 1, 1, 1, 1, 1, 1, 1, 1, 1, 1, 1, 1, 1, 1, 1, 1, 1, 1, 1, 1, 1, 1, 1, 1, 1, 1, 1, 1, 1, 1, 1, 1, 1, 1, 1, 1, 1, 1, 1, 1, 1, 1, 1, 1, 1, 1, 1, 1, 1, 1, 1, 1, 1, 1, 1, 1, 1, 1, 1, 1, 1, 1, 1, 1, 1, 1, 1, 1, 1, 1, 1, 1, 1, 1, 1, 1, 1, 1, 1, 1, 1, 1, 1, 1, 1, 1, 1, 1, 1, 1, 1, 1, 1, 1, 1, 1, 1, 1, 1, 1, 1, 1, 1, 1, 1, 1, 1, 1, 1, 1, 1, 1, 1, 1, 1, 1, 1, 1, 1, 1, 1, 1, 1, 1, 1, 1, 1, 1, 1, 1, 1, 1, 1, 1, 1, 1, 1, 1, 1, 1, 1, 1, 1, 1, 1, 1, 1, 1, 1, 1, 1, 1, 1, 1, 1, 1, 1, 1, 1, 1, 1, 1, 1, 1, 1, 1, 1, 1, 1, 1, 1, 1, 1, 1, 1, 1, 1, 1, 1, 1, 1, 1, 1, 1, 1, 1, 1, 1, 1, 1, 1, 1, 1, 1, 1, 1, 1, 1, 1, 1, 1, 1, 1, 1, 1, 1, 1, 1, 1, 1, 1, 1, 1, 1, 1, 1, 1, 1, 1, 1, 1, 1, 1, 1, 1, 1, 1, 1, 1, 1, 1, 1, 1, 1, 1, 1, 1, 1, 1, 1, 1, 1, 1, 1, 1, 1, 1, 1, 1, 1, 1, 1, 1, 1, 1, 1, 1, 1, 1, 1, 1, 1, 1, 1, 1, 1, 1, 1, 1, 1, 1, 1, 1, 1, 1, 1, 1, 1, 1, 1, 1, 1, 1, 1, 1, 1, 1, 1, 1, 1, 1, 1, 1, 1, 1, 1, 1, 1, 1, 1, 1, 1, 1, 1, 1, 1, 1, 1, 1, 1, 1, 1, 1, 1, 1, 1, 1, 1, 1, 1, 1, 1, 1, 1, 1, 1, 1, 1, 1, 1, 1, 1, 1, 1, 1, 1, 1, 1, 1, 1, 1, 1, 1, 1, 1, 1, 1, 1, 1, 1, 1, 1, 1, 1, 1, 1, 1, 1, 1, 1, 1, 1, 1, 1, 1, 1, 1, 1, 1, 1, 1, 1, 1, 1, 1, 1, 1, 1, 1, 1, 1, 1, 1, 1, 1, 1, 1, 1, 1, 1, 1, 1, 1, 1, 1, 1, 1, 1, 1, 1, 1, 1, 1, 1, 1, 1, 1, 1, 1, 1, 1, 1, 1, 1, 1, 1, 1, 1, 1, 1, 1, 1, 1, 1, 1, 1, 1, 1, 1, 1, 1, 1, 1, 1, 1, 1, 1, 1, 1, 1, 1, 1, 1, 1, 1, 1, 1, 1, 1, 1, 1, 1, 1, 1, 1, 1, 1, 1, 1, 1, 1, 1, 1, 1, 1, 1, 1, 1, 1, 1, 1, 1, 1, 1, 1, 1, 1, 1, 1, 1], [1, 1, 1, 1, 1, 1, 1, 1, 1, 1, 1, 1, 1, 1, 1, 1, 1, 1, 1, 1, 1, 1, 1, 1, 1, 1, 1, 1, 1, 1, 1, 1, 1, 1, 1, 1, 1, 1, 1, 1, 1, 1, 1, 1, 1, 1, 1, 1, 1, 1, 1, 1, 1, 1, 1, 1, 1, 1, 1, 1, 1, 1, 1, 1, 1, 1, 1, 1, 1, 1, 1, 1, 1, 1, 1, 1, 1, 1, 1, 1, 1, 1, 1, 1, 1, 1, 1, 1, 1, 1, 1, 1, 1, 1, 1, 1, 1, 1, 1, 1, 1, 1, 1, 1, 1, 1, 1, 1, 1, 1, 1, 1, 1, 1, 1, 1, 1, 1, 1, 1, 1, 1, 1, 1, 1, 1, 1, 1, 1, 1, 1, 1, 1, 1, 1, 1, 1, 1, 1, 1, 1, 1, 1, 1, 1, 1, 1, 1, 1, 1, 1, 1, 1, 1, 1, 1, 1, 1, 1, 1, 1, 1, 1, 1, 1, 1, 1, 1, 1, 1, 1, 1, 1, 1, 1, 1, 1, 1, 1, 1, 1, 1, 1, 1, 1, 1, 1, 1, 1, 1, 1, 1, 1, 1, 1, 1, 1, 1, 1, 1, 1, 1, 1, 1, 1, 1, 1, 1, 1, 1, 1, 1, 1, 1, 1, 1, 1, 1, 1, 1, 1, 1, 1, 1, 1, 1, 1, 1, 1, 1, 1, 1, 1, 1, 1, 1, 1, 1, 1, 1, 1, 1, 1, 1, 1, 1, 1, 1, 1, 1, 1, 1, 1, 1, 1, 1, 1, 1, 1, 1, 1, 1, 1, 1, 1, 1, 1, 1, 1, 1, 1, 1, 1, 1, 1, 1, 1, 1, 1, 1, 1, 1, 1, 1, 1, 1, 1, 1, 1, 1, 1, 1, 1, 1, 1, 1, 1, 1, 1, 1, 1, 1, 1, 1, 1, 1, 1, 1, 1, 1, 1, 1, 1, 1, 1, 1, 1, 1, 1, 1, 1, 1, 1, 1, 1, 1, 1, 1, 1, 1, 1, 1, 1, 1, 1, 1, 1, 1, 1, 1, 1, 1, 1, 1, 1, 1, 1, 1, 1, 1, 1, 1, 1, 1, 1, 1, 1, 1, 1, 1, 1, 1, 1, 1, 1, 1, 1, 1, 1, 1, 1, 1, 1, 1, 1, 1, 1, 1, 1, 1, 1, 1, 1, 1, 1, 1, 1, 1, 1, 1, 1, 1, 1, 1, 1, 1, 1, 1, 1, 1, 1, 1, 1, 1, 1, 1, 1, 1, 1, 1, 1, 1, 1, 1, 1, 1, 1, 1, 1, 1, 1, 1, 1, 1, 1, 1, 1, 1, 1, 1, 1, 1, 1, 1, 1, 1, 1, 1, 1, 1, 1, 1, 1, 1, 1, 1, 1, 1, 1, 1, 1, 1, 1, 1, 1, 1, 1, 1, 1, 1, 1, 1, 1, 1, 1, 1, 1, 1, 1, 1, 1, 1, 1, 1, 1, 1, 1, 1, 1, 1, 1, 1, 1, 1, 1, 1, 1, 1, 1, 1, 1, 1, 1, 1, 1, 1, 1, 1, 1, 1, 1, 1, 1, 1, 1, 1, 1, 1, 1, 1, 1, 1, 1, 1, 1, 1, 1, 1, 1, 1, 1, 1, 1, 1, 1, 1, 1, 1, 1, 1, 1, 1, 1, 1, 1, 1, 1, 1, 1, 1, 1, 1, 1, 1, 1, 1, 1, 1, 1, 1, 1, 1, 1, 1, 1, 1, 1, 1, 1, 1, 1, 1, 1, 1, 1, 1, 1, 1, 1, 1, 1, 1, 1, 1, 1, 1, 1, 1, 1, 1, 1, 1, 1, 1, 1, 1, 1, 1, 1, 1, 1, 1, 1, 1, 1, 1, 1, 1, 1, 1, 1, 1, 1, 1, 1, 1, 1, 1, 1, 1, 1, 1, 1, 1, 1, 1, 1, 1, 1, 1, 1, 1, 1, 1, 1, 1, 1, 1, 1, 1, 1, 1, 1, 1, 1, 1, 1, 1, 1, 1, 1, 1, 1, 1, 1, 1, 1, 1, 1, 1, 1, 1, 1, 1, 1, 1, 1, 1, 1, 1, 1, 1, 1, 1, 1, 1, 1, 1, 1, 1, 1, 1, 1, 1, 1, 1, 1, 1, 1, 1, 1, 1, 1, 1, 1, 1, 1, 1, 1, 1, 1, 1, 1, 1, 1, 1, 1, 1, 1, 1, 1, 1, 1, 1, 1, 1, 1, 1, 1, 1, 1, 1, 1, 1, 1, 1, 1, 1, 1, 1, 1, 1, 1, 1, 1, 1, 1, 1, 1, 1, 1, 1, 1, 1, 1, 1, 1, 1, 1, 1, 1, 1, 1, 1, 1, 1, 1, 1, 1, 1, 1, 1, 1, 1, 1, 1, 1, 1, 1, 1, 1, 1, 1, 1, 1, 1, 1, 1, 1, 1, 1, 1, 1, 1, 1, 1, 1, 1, 1, 1, 1, 1, 1, 1, 1, 1, 1, 1, 1, 1, 1, 1, 1, 1, 1, 1, 1, 1, 1, 1, 1, 1, 1, 1, 1, 1, 1, 1, 1, 1, 1, 1, 1, 1, 1, 1, 1, 1, 1, 1, 1, 1, 1, 1, 1, 1, 1, 1, 1, 1, 1, 1, 1, 1, 1, 1, 1, 1, 1, 1, 1, 1, 1, 1, 1, 1, 1], [2, 2, 2, 2, 2, 2, 2, 2, 2, 2, 2, 2, 2, 2, 2, 2, 2, 2, 2, 2, 2, 2, 2, 2, 2, 2, 2, 2, 2, 2, 2, 2, 2, 2, 2, 2, 2, 2, 2, 2, 2, 2, 2, 2, 2, 2, 2, 2, 2, 2, 2, 2, 2, 2, 2, 2, 2, 2, 2, 2, 2, 2, 2, 2, 2, 2, 2, 2, 2, 2, 2, 2, 2, 2, 2, 2, 2, 2, 2, 2, 2, 2, 2, 2, 2, 2, 2, 2, 2, 2, 2, 2, 2, 2, 2, 2, 2, 2, 2, 2, 2, 2, 2, 2, 2, 2, 2, 2, 2, 2, 2, 2, 2, 2, 2, 2, 2, 2, 2, 2, 2, 2, 2, 2, 2, 2, 2, 2, 2, 2, 2, 2, 2, 2, 2, 2, 2, 2, 2, 2, 2, 2, 2, 2, 2, 2, 2, 2, 2, 2, 2, 2, 2, 2, 2, 2, 2, 2, 2, 2, 2, 2, 2, 2, 2, 2, 2, 2, 2, 2, 2, 2, 2, 2, 2, 2, 2, 2, 2, 2, 2, 2, 2, 2, 2, 2, 2, 2, 2, 2, 2, 2, 2, 2, 2, 2, 2, 2, 2, 2, 2, 2, 2, 2, 2, 2, 2, 2, 2, 2, 2, 2, 2, 2, 2, 2, 2, 2, 2, 2, 2, 2, 2, 2, 2, 2, 2, 2, 2, 2, 2, 2, 2, 2, 2, 2, 2, 2, 2, 2, 2, 2, 2, 2, 2, 2, 2, 2, 2, 2, 2, 2, 2, 2, 2, 2, 2, 2, 2, 2, 2, 2, 2, 2, 2, 2, 2, 2, 2, 2, 2, 2, 2, 2, 2, 2, 2, 2, 2, 2, 2, 2, 2, 2, 2, 2, 2, 2, 2, 2, 2, 2, 2, 2, 2, 2, 2, 2, 2, 2, 2, 2, 2, 2, 2, 2, 2, 2, 2, 2, 2, 2, 2, 2, 2, 2, 2, 2, 2, 2, 2, 2, 2, 2, 2, 2, 2, 2, 2, 2, 2, 2, 2, 2, 2, 2, 2, 2, 2, 2, 2, 2, 2, 2, 2, 2, 2, 2, 2, 2, 2, 2, 2, 2, 2, 2, 2, 2, 2, 2, 2, 2, 2, 2, 2, 2, 2, 2, 2, 2, 2, 2, 2, 2, 2, 2, 2, 2, 2, 2, 2, 2, 2, 2, 2, 2, 2, 2, 2, 2, 2, 2, 2, 2, 2, 2, 2, 2, 2, 2, 2, 2, 2, 2, 2, 2, 2, 2, 2, 2, 2, 2, 2, 2, 2, 2, 2, 2, 2, 2, 2, 2, 2, 2, 2, 2, 2, 2, 2, 2, 2, 2, 2, 2, 2, 2, 2, 2, 2, 2, 2, 2, 2, 2, 2, 2, 2, 2, 2, 2, 2, 2, 2, 2, 2, 2, 2, 2, 2, 2, 2, 2, 2, 2, 2, 2, 2, 2, 2, 2, 2, 2, 2, 2, 2, 2, 2, 2, 2, 2, 2, 2, 2, 2, 2, 2, 2, 2, 2, 2, 2, 2, 2, 2, 2, 2, 2, 2, 2, 2, 2, 2, 2, 2, 2, 2, 2, 2, 2, 2, 2, 2, 2, 2, 2, 2, 2, 2, 2, 2, 2, 2, 2, 2, 2, 2, 2, 2, 2, 2, 2, 2, 2, 2, 2, 2, 2, 2, 2, 2, 2, 2, 2, 2, 2, 2, 2, 2, 2, 2, 2, 2, 2, 2, 2, 2, 2, 2, 2, 2, 2, 2, 2, 2, 2, 2, 2, 2, 2, 2, 2, 2, 2, 2, 2, 2, 2, 2, 2, 2, 2, 2, 2, 2, 2, 2, 2, 2, 2, 2, 2, 2, 2, 2, 2, 2, 2, 2, 2, 2, 2, 2, 2, 2, 2, 2, 2, 2, 2, 2, 2, 2, 2, 2, 2, 2, 2, 2, 2, 2, 2, 2, 2, 2, 2, 2, 2, 2, 2, 2, 2, 2, 2, 2, 2, 2, 2, 2, 2, 2, 2, 2, 2, 2, 2, 2, 2, 2, 2, 2, 2, 2, 2, 2, 2, 2, 2, 2, 2, 2, 2, 2, 2, 2, 2, 2, 2, 2, 2, 2, 2, 2, 2, 2, 2, 2, 2, 2, 2, 2, 2, 2, 2, 2, 2, 2, 2, 2, 2, 2, 2, 2, 2, 2, 2, 2, 2, 2, 2, 2, 2, 2, 2, 2, 2, 2, 2, 2, 2, 2, 2, 2, 2, 2, 2, 2, 2, 2, 2, 2, 2, 2, 2, 2, 2, 2, 2, 2, 2, 2, 2, 2, 2, 2, 2, 2, 2, 2, 2, 2, 2, 2, 2, 2, 2, 2, 2, 2, 2, 2, 2, 2, 2, 2, 2, 2, 2, 2, 2, 2, 2, 2, 2, 2, 2, 2, 2, 2, 2, 2, 2, 2, 2, 2, 2, 2, 2, 2, 2, 2, 2, 2, 2, 2, 2, 2, 2, 2, 2, 2, 2, 2, 2, 2, 2, 2, 2, 2, 2, 2, 2, 2, 2, 2, 2, 2, 2, 2, 2, 2, 2, 2, 2, 2, 2, 2, 2, 2, 2, 2, 2, 2, 2, 2, 2, 2, 2, 2, 2, 2, 2, 2, 2, 2, 2, 2, 2, 2, 2, 2, 2, 2, 2, 2, 2, 2, 2, 2, 2, 2, 2, 2, 2, 2, 2, 2, 2, 2, 2, 2, 2, 2, 2, 2, 2, 2, 2, 2, 2, 2, 2, 2, 2, 2, 2, 2, 2, 2, 2, 2, 2, 2, 2, 2, 2, 2, 2, 2, 2, 2, 2, 2, 2, 2, 2, 2, 2, 2, 2, 2, 2, 2, 2, 2, 2, 2, 2, 2, 2, 2, 2, 2, 2, 2, 2, 2, 2, 2, 2, 2, 2, 2, 2, 2, 2, 2, 2, 2, 2, 2, 2, 2, 2, 2, 2, 2, 2, 2, 2, 2, 2, 2, 2, 2, 2, 2, 2, 2, 2, 2, 2, 2, 2, 2, 2, 2, 2, 2, 2, 2, 2, 2, 2, 2, 2, 2, 2, 2, 2, 2, 2, 2, 2, 2, 2, 2, 2, 2, 2, 2, 2, 2, 2, 2, 2, 2, 2, 2, 2, 2, 2, 2, 2, 2, 2, 2, 2, 2, 2, 2, 2, 2, 2, 2, 2, 2, 2, 2, 2, 2, 2, 2, 2, 2, 2, 2, 2, 2, 2, 2, 2, 2, 2, 2, 2, 2, 2, 2, 2, 2, 2, 2, 2, 2, 2, 2, 2, 2, 2, 2, 2, 2, 2, 2, 2, 2, 2, 2, 2, 2, 2, 2, 2, 2, 2, 2, 2, 2, 2, 2, 2, 2, 2, 2, 2, 2, 2, 2, 2, 2, 2, 2, 2, 2, 2, 2, 2, 2, 2, 2, 2, 2, 2, 2, 2, 2, 2, 2, 2, 2, 2, 2, 2, 2, 2, 2, 2, 2, 2, 2, 2, 2, 2, 2, 2, 2, 2, 2, 2, 2, 2, 2, 2, 2, 2, 2, 2, 2, 2, 2, 2, 2, 2, 2, 2, 2, 2, 2, 2, 2, 2, 2, 2, 2, 2, 2, 2, 2, 2, 2, 2, 2, 2, 2, 2, 2, 2, 2, 2, 2, 2, 2, 2, 2, 2, 2, 2, 2, 2, 2, 2, 2, 2, 2, 2, 2, 2, 2, 2, 2, 2, 2, 2, 2, 2, 2, 2, 2, 2, 2, 2, 2, 2, 2, 2, 2, 2, 2, 2, 2, 2, 2, 2, 2, 2, 2, 2, 2, 2, 2, 2, 2, 2, 2, 2, 2, 2, 2, 2, 2, 2, 2, 2, 2, 2, 2, 2, 2, 2, 2, 2, 2, 2, 2, 2, 2, 2, 2, 2, 2, 2, 2, 2, 2, 2, 2, 2, 2, 2, 2, 2, 2, 2, 2, 2, 2, 2, 2, 2, 2, 2, 2, 2, 2, 2, 2, 2, 2, 2, 2, 2, 2, 2, 2, 2, 2, 2, 2, 2, 2, 2, 2, 2, 2, 2, 2, 2, 2, 2, 2, 2, 2, 2, 2, 2, 2, 2, 2, 2, 2, 2, 2, 2, 2, 2, 2, 2, 2, 2, 2, 2, 2, 2, 2, 2, 2, 2, 2, 2, 2, 2, 2, 2, 2, 2, 2, 2, 2, 2, 2, 2, 2, 2, 2, 2, 2, 2, 2, 2, 2, 2, 2, 2, 2, 2, 2, 2, 2, 2, 2, 2, 2, 2, 2, 2, 2, 2, 2, 2, 2, 2, 2, 2, 2, 2, 2, 2, 2, 2, 2, 2, 2, 2, 2, 2, 2, 2, 2, 2, 2, 2, 2, 2, 2, 2, 2, 2, 2, 2, 2, 2, 2, 2, 2, 2, 2, 2, 2, 2, 2, 2, 2, 2, 2, 2, 2, 2, 2, 2, 2, 2, 2, 2, 2, 2, 2, 2, 2, 2, 2, 2, 2, 2, 2, 2, 2, 2, 2, 2, 2, 2, 2, 2, 2, 2, 2, 2, 2, 2, 2, 2, 2, 2, 2, 2, 2, 2, 2, 2, 2, 2, 2, 2, 2, 2, 2, 2, 2, 2, 2, 2, 2, 2, 2, 2, 2, 2, 2, 2, 2, 2, 2, 2, 2, 2, 2, 2, 2, 2, 2, 2, 2, 2, 2, 2, 2, 2, 2, 2, 2, 2, 2, 2, 2, 2, 2, 2, 2, 2, 2, 2, 2, 2, 2, 2, 2, 2, 2, 2, 2, 2, 2, 2, 2, 2, 2, 2, 2, 2, 2, 2, 2, 2, 2, 2, 2, 2, 2, 2, 2, 2, 2, 2, 2, 2, 2, 2, 2, 2, 2, 2, 2, 2, 2, 2, 2, 2, 2, 2, 2, 2, 2, 2, 2, 2, 2, 2, 2, 2, 2, 2, 2, 2, 2, 2, 2, 2, 2, 2, 2, 2, 2, 2, 2, 2, 2, 2, 2, 2, 2, 2, 2, 2, 2, 2, 2, 2, 2, 2, 2, 2, 2, 2, 2, 2, 2, 2, 2, 2, 2, 2, 2, 2, 2, 2, 2, 2, 2, 2, 2, 2, 2, 2, 2, 2, 2, 2, 2, 2, 2, 2, 2, 2, 2, 2, 2, 2, 2, 2, 2, 2, 2, 2, 2, 2, 2, 2, 2, 2, 2, 2, 2, 2, 2, 2, 2, 2, 2, 2, 2, 2, 2, 2, 2, 2, 2, 2, 2, 2]], tensor-model-parallel size: [[1, 1, 1, 1, 1, 1, 1, 1, 1, 1, 1, 1, 1, 1, 1, 1, 1, 1, 1, 1, 1, 1, 1, 1, 1, 1, 1, 1, 1, 1, 1, 1, 1, 1, 1, 1, 1, 1, 1, 1, 1, 1, 1, 1, 1, 1, 1, 1, 1, 1, 1, 1, 1, 1, 1, 1, 1, 1, 1, 1, 1, 1, 1, 1, 1, 1, 1, 1, 1, 1, 1, 1, 1, 1, 1, 1, 1, 1, 1, 1, 1, 1, 1, 1, 1, 1, 1, 1, 1, 1, 1, 1, 1, 1, 1, 1, 1, 1, 1, 1, 1, 1, 1, 1, 1, 1, 1, 1, 1, 1, 1, 1, 1, 1, 1, 1, 1, 1, 1, 1, 1, 1, 1, 1, 1, 1, 1, 1, 1, 1, 1, 1, 1, 1, 1, 1, 1, 1, 1, 1, 1, 1, 1, 1, 1, 1, 1, 1, 1, 1, 1, 1, 1, 1, 1, 1, 1, 1, 1, 1, 1, 1, 1, 1, 1, 1, 1, 1, 1, 1, 1, 1, 1, 1, 1, 1, 1, 1, 1, 1, 1, 1, 1, 1, 1, 1, 1, 1, 1, 1, 1, 1, 1, 1, 1, 1, 1, 1, 1, 1, 1, 1, 1, 1, 1, 1, 1, 1, 1, 1, 1, 1, 1, 1, 1, 1, 1, 1, 1, 1, 1, 1, 1, 1, 1, 1, 1, 1, 1, 1, 1, 1, 1, 1, 1, 1, 1, 1, 1, 1, 1, 1, 1, 1, 1, 1, 1, 1, 1, 1, 1, 1, 1, 1, 1, 1, 1, 1, 1, 1, 1, 1, 1, 1, 1, 1, 1, 1, 1, 1, 1, 1, 1, 1, 1, 1, 1, 1, 1, 1, 1, 1, 1, 1, 1, 1, 1, 1, 1, 1, 1, 1, 1, 1, 1, 1, 1, 1, 1, 1, 1, 1, 1, 1, 1, 1, 1, 1, 1, 1, 1, 1, 1, 1, 1, 1, 1, 1, 1, 1, 1, 1, 1, 1, 1, 1, 1, 1, 1, 1, 1, 1, 1, 1, 1, 1, 1, 1, 1, 1, 1, 1, 1, 1, 1, 1, 1, 1, 1, 1, 1, 1, 1, 1, 1, 1, 1, 1, 1, 1, 1, 1, 1, 1, 1, 1, 1, 1, 1, 1, 1, 1, 1, 1, 1, 1, 1, 1, 1, 1, 1, 1, 1, 1, 1, 1, 1, 1, 1, 1, 1, 1, 1, 1, 1, 1, 1, 1, 1, 1, 1, 1, 1, 1, 1, 1, 1, 1, 1, 1, 1, 1, 1, 1, 1, 1, 1, 1, 1, 1, 1, 1, 1, 1, 1, 1, 1, 1, 1, 1, 1, 1, 1, 1, 1, 1, 1, 1, 1, 1, 1, 1, 1, 1, 1, 1, 1, 1, 1, 1, 1, 1, 1, 1, 1, 1, 1, 1, 1, 1, 1, 1, 1, 1, 1, 1, 1, 1, 1, 1, 1, 1, 1, 1, 1, 1, 1, 1, 1, 1, 1, 1, 1, 1, 1, 1, 1, 1, 1, 1, 1, 1, 1, 1, 1, 1, 1, 1, 1, 1, 1, 1, 1, 1, 1, 1, 1, 1, 1, 1, 1, 1, 1, 1, 1, 1, 1, 1, 1, 1, 1, 1, 1, 1, 1, 1, 1, 1, 1, 1, 1, 1, 1, 1, 1, 1, 1, 1, 1, 1, 1, 1, 1, 1, 1, 1, 1, 1, 1, 1, 1, 1, 1, 1, 1, 1, 1, 1, 1, 1, 1, 1, 1, 1, 1, 1, 1, 1, 1, 1, 1, 1, 1, 1, 1, 1, 1, 1, 1, 1, 1, 1, 1, 1, 1, 1, 1, 1, 1, 1, 1, 1, 1, 1, 1, 1, 1, 1, 1, 1, 1, 1, 1, 1, 1, 1, 1, 1, 1, 1, 1, 1, 1, 1, 1, 1, 1, 1, 1, 1, 1, 1, 1, 1, 1, 1, 1, 1, 1, 1, 1, 1, 1, 1, 1, 1, 1, 1, 1, 1, 1, 1, 1, 1, 1, 1, 1, 1, 1, 1, 1, 1, 1, 1, 1, 1, 1, 1, 1, 1, 1, 1, 1, 1, 1, 1, 1, 1, 1, 1, 1, 1, 1, 1, 1, 1, 1, 1, 1, 1, 1, 1, 1, 1, 1, 1, 1, 1, 1, 1, 1, 1, 1, 1, 1, 1, 1, 1, 1, 1, 1, 1, 1, 1, 1, 1, 1, 1, 1, 1, 1, 1, 1, 1, 1, 1, 1, 1, 1, 1, 1, 1, 1, 1, 1, 1, 1, 1, 1, 1, 1, 1, 1, 1, 1, 1, 1, 1, 1, 1, 1, 1, 1, 1, 1, 1, 1, 1, 1, 1, 1, 1, 1, 1, 1, 1, 1, 1, 1, 1, 1, 1, 1, 1, 1, 1, 1, 1, 1, 1, 1, 1, 1, 1, 1, 1, 1, 1, 1, 1, 1, 1, 1, 1, 1, 1, 1, 1, 1, 1, 1, 1, 1, 1, 1, 1, 1, 1, 1, 1, 1, 1, 1, 1, 1, 1, 1, 1, 1, 1, 1, 1, 1, 1, 1, 1, 1, 1, 1, 1, 1, 1, 1, 1, 1, 1, 1, 1, 1, 1], [1, 1, 1, 1, 1, 1, 1, 1, 1, 1, 1, 1, 1, 1, 1, 1, 1, 1, 1, 1, 1, 1, 1, 1, 1, 1, 1, 1, 1, 1, 1, 1, 1, 1, 1, 1, 1, 1, 1, 1, 1, 1, 1, 1, 1, 1, 1, 1, 1, 1, 1, 1, 1, 1, 1, 1, 1, 1, 1, 1, 1, 1, 1, 1, 1, 1, 1, 1, 1, 1, 1, 1, 1, 1, 1, 1, 1, 1, 1, 1, 1, 1, 1, 1, 1, 1, 1, 1, 1, 1, 1, 1, 1, 1, 1, 1, 1, 1, 1, 1, 1, 1, 1, 1, 1, 1, 1, 1, 1, 1, 1, 1, 1, 1, 1, 1, 1, 1, 1, 1, 1, 1, 1, 1, 1, 1, 1, 1, 1, 1, 1, 1, 1, 1, 1, 1, 1, 1, 1, 1, 1, 1, 1, 1, 1, 1, 1, 1, 1, 1, 1, 1, 1, 1, 1, 1, 1, 1, 1, 1, 1, 1, 1, 1, 1, 1, 1, 1, 1, 1, 1, 1, 1, 1, 1, 1, 1, 1, 1, 1, 1, 1, 1, 1, 1, 1, 1, 1, 1, 1, 1, 1, 1, 1, 1, 1, 1, 1, 1, 1, 1, 1, 1, 1, 1, 1, 1, 1, 1, 1, 1, 1, 1, 1, 1, 1, 1, 1, 1, 1, 1, 1, 1, 1, 1, 1, 1, 1, 1, 1, 1, 1, 1, 1, 1, 1, 1, 1, 1, 1, 1, 1, 1, 1, 1, 1, 1, 1, 1, 1, 1, 1, 1, 1, 1, 1, 1, 1, 1, 1, 1, 1, 1, 1, 1, 1, 1, 1, 1, 1, 1, 1, 1, 1, 1, 1, 1, 1, 1, 1, 1, 1, 1, 1, 1, 1, 1, 1, 1, 1, 1, 1, 1, 1, 1, 1, 1, 1, 1, 1, 1, 1, 1, 1, 1, 1, 1, 1, 1, 1, 1, 1, 1, 1, 1, 1, 1, 1, 1, 1, 1, 1, 1, 1, 1, 1, 1, 1, 1, 1, 1, 1, 1, 1, 1, 1, 1, 1, 1, 1, 1, 1, 1, 1, 1, 1, 1, 1, 1, 1, 1, 1, 1, 1, 1, 1, 1, 1, 1, 1, 1, 1, 1, 1, 1, 1, 1, 1, 1, 1, 1, 1, 1, 1, 1, 1, 1, 1, 1, 1, 1, 1, 1, 1, 1, 1, 1, 1, 1, 1, 1, 1, 1, 1, 1, 1, 1, 1, 1, 1, 1, 1, 1, 1, 1, 1, 1, 1, 1, 1, 1, 1, 1, 1, 1, 1, 1, 1, 1, 1, 1, 1, 1, 1, 1, 1, 1, 1, 1, 1, 1, 1, 1, 1, 1, 1, 1, 1, 1, 1, 1, 1, 1, 1, 1, 1, 1, 1, 1, 1, 1, 1, 1, 1, 1, 1, 1, 1, 1, 1, 1, 1, 1, 1, 1, 1, 1, 1, 1, 1, 1, 1, 1, 1, 1, 1, 1, 1, 1, 1, 1, 1, 1, 1, 1, 1, 1, 1, 1, 1, 1, 1, 1, 1, 1, 1, 1, 1, 1, 1, 1, 1, 1, 1, 1, 1, 1, 1, 1, 1, 1, 1, 1, 1, 1, 1, 1, 1, 1, 1, 1, 1, 1, 1, 1, 1, 1, 1, 1, 1, 1, 1, 1, 1, 1, 1, 1, 1, 1, 1, 1, 1, 1, 1, 1, 1, 1, 1, 1, 1, 1, 1, 1, 1, 1, 1, 1, 1, 1, 1, 1, 1, 1, 1, 1, 1, 1, 1, 1, 1, 1, 1, 1, 1, 1, 1, 1, 1, 1, 1, 1, 1, 1, 1, 1, 1, 1, 1, 1, 1, 1, 1, 1, 1, 1, 1, 1, 1, 1, 1, 1, 1, 1, 1, 1, 1, 1, 1, 1, 1, 1, 1, 1, 1, 1, 1, 1, 1, 1, 1, 1, 1, 1, 1, 1, 1, 1, 1, 1, 1, 1, 1, 1, 1, 1, 1, 1, 1, 1, 1, 1, 1, 1, 1, 1, 1, 1, 1, 1, 1, 1, 1, 1, 1, 1, 1, 1, 1, 1, 1, 1, 1, 1, 1, 1, 1, 1, 1, 1, 1, 1, 1, 1, 1, 1, 1, 1, 1, 1, 1, 1, 1, 1, 1, 1, 1, 1, 1, 1, 1, 1, 1, 1, 1, 1, 1, 1, 1, 1, 1, 1, 1, 1, 1, 1, 1, 1, 1, 1, 1, 1, 1, 1, 1, 1, 1, 1, 1, 1, 1, 1, 1, 1, 1, 1, 1, 1, 1, 1, 1, 1, 1, 1, 1, 1, 1, 1, 1, 1, 1, 1, 1, 1, 1, 1, 1, 1, 1, 1, 1, 1, 1, 1, 1, 1, 1, 1, 1, 1, 1, 1, 1, 1, 1, 1, 1, 1, 1, 1, 1, 1, 1, 1, 1, 1, 1, 1, 1, 1, 1, 1, 1, 1, 1, 1, 1, 1, 1, 1, 1, 1, 1, 1, 1, 1, 1, 1, 1, 1, 1, 1, 1, 1, 1, 1, 1, 1, 1, 1, 1, 1, 1, 1, 1, 1, 1, 1, 1, 1, 1, 1, 1, 1, 1, 1, 1, 1, 1, 1, 1, 1], [1, 1, 1, 1, 1, 1, 1, 1, 1, 1, 1, 1, 1, 1, 1, 1, 1, 1, 1, 1, 1, 1, 1, 1, 1, 1, 1, 1, 1, 1, 1, 1, 1, 1, 1, 1, 1, 1, 1, 1, 1, 1, 1, 1, 1, 1, 1, 1, 1, 1, 1, 1, 1, 1, 1, 1, 1, 1, 1, 1, 1, 1, 1, 1, 1, 1, 1, 1, 1, 1, 1, 1, 1, 1, 1, 1, 1, 1, 1, 1, 1, 1, 1, 1, 1, 1, 1, 1, 1, 1, 1, 1, 1, 1, 1, 1, 1, 1, 1, 1, 1, 1, 1, 1, 1, 1, 1, 1, 1, 1, 1, 1, 1, 1, 1, 1, 1, 1, 1, 1, 1, 1, 1, 1, 1, 1, 1, 1, 1, 1, 1, 1, 1, 1, 1, 1, 1, 1, 1, 1, 1, 1, 1, 1, 1, 1, 1, 1, 1, 1, 1, 1, 1, 1, 1, 1, 1, 1, 1, 1, 1, 1, 1, 1, 1, 1, 1, 1, 1, 1, 1, 1, 1, 1, 1, 1, 1, 1, 1, 1, 1, 1, 1, 1, 1, 1, 1, 1, 1, 1, 1, 1, 1, 1, 1, 1, 1, 1, 1, 1, 1, 1, 1, 1, 1, 1, 1, 1, 1, 1, 1, 1, 1, 1, 1, 1, 1, 1, 1, 1, 1, 1, 1, 1, 1, 1, 1, 1, 1, 1, 1, 1, 1, 1, 1, 1, 1, 1, 1, 1, 1, 1, 1, 1, 1, 1, 1, 1, 1, 1, 1, 1, 1, 1, 1, 1, 1, 1, 1, 1, 1, 1, 1, 1, 1, 1, 1, 1, 1, 1, 1, 1, 1, 1, 1, 1, 1, 1, 1, 1, 1, 1, 1, 1, 1, 1, 1, 1, 1, 1, 1, 1, 1, 1, 1, 1, 1, 1, 1, 1, 1, 1, 1, 1, 1, 1, 1, 1, 1, 1, 1, 1, 1, 1, 1, 1, 1, 1, 1, 1, 1, 1, 1, 1, 1, 1, 1, 1, 1, 1, 1, 1, 1, 1, 1, 1, 1, 1, 1, 1, 1, 1, 1, 1, 1, 1, 1, 1, 1, 1, 1, 1, 1, 1, 1, 1, 1, 1, 1, 1, 1, 1, 1, 1, 1, 1, 1, 1, 1, 1, 1, 1, 1, 1, 1, 1, 1, 1, 1, 1, 1, 1, 1, 1, 1, 1, 1, 1, 1, 1, 1, 1, 1, 1, 1, 1, 1, 1, 1, 1, 1, 1, 1, 1, 1, 1, 1, 1, 1, 1, 1, 1, 1, 1, 1, 1, 1, 1, 1, 1, 1, 1, 1, 1, 1, 1, 1, 1, 1, 1, 1, 1, 1, 1, 1, 1, 1, 1, 1, 1, 1, 1, 1, 1, 1, 1, 1, 1, 1, 1, 1, 1, 1, 1, 1, 1, 1, 1, 1, 1, 1, 1, 1, 1, 1, 1, 1, 1, 1, 1, 1, 1, 1, 1, 1, 1, 1, 1, 1, 1, 1, 1, 1, 1, 1, 1, 1, 1, 1, 1, 1, 1, 1, 1, 1, 1, 1, 1, 1, 1, 1, 1, 1, 1, 1, 1, 1, 1, 1, 1, 1, 1, 1, 1, 1, 1, 1, 1, 1, 1, 1, 1, 1, 1, 1, 1, 1, 1, 1, 1, 1, 1, 1, 1, 1, 1, 1, 1, 1, 1, 1, 1, 1, 1, 1, 1, 1, 1, 1, 1, 1, 1, 1, 1, 1, 1, 1, 1, 1, 1, 1, 1, 1, 1, 1, 1, 1, 1, 1, 1, 1, 1, 1, 1, 1, 1, 1, 1, 1, 1, 1, 1, 1, 1, 1, 1, 1, 1, 1, 1, 1, 1, 1, 1, 1, 1, 1, 1, 1, 1, 1, 1, 1, 1, 1, 1, 1, 1, 1, 1, 1, 1, 1, 1, 1, 1, 1, 1, 1, 1, 1, 1, 1, 1, 1, 1, 1, 1, 1, 1, 1, 1, 1, 1, 1, 1, 1, 1, 1, 1, 1, 1, 1, 1, 1, 1, 1, 1, 1, 1, 1, 1, 1, 1, 1, 1, 1, 1, 1, 1, 1, 1, 1, 1, 1, 1, 1, 1, 1, 1, 1, 1, 1, 1, 1, 1, 1, 1, 1, 1, 1, 1, 1, 1, 1, 1, 1, 1, 1, 1, 1, 1, 1, 1, 1, 1, 1, 1, 1, 1, 1, 1, 1, 1, 1, 1, 1, 1, 1, 1, 1, 1, 1, 1, 1, 1, 1, 1, 1, 1, 1, 1, 1, 1, 1, 1, 1, 1, 1, 1, 1, 1, 1, 1, 1, 1, 1, 1, 1, 1, 1, 1, 1, 1, 1, 1, 1, 1, 1, 1, 1, 1, 1, 1, 1, 1, 1, 1, 1, 1, 1, 1, 1, 1, 1, 1, 1, 1, 1, 1, 1, 1, 1, 1, 1, 1, 1, 1, 1, 1, 1, 1, 1, 1, 1, 1, 1, 1, 1, 1, 1, 1, 1, 1, 1, 1, 1, 1, 1, 1, 1, 1, 1, 1, 1, 1, 1, 1, 1, 1, 1, 1, 1, 1, 1, 1, 1, 1, 1, 1, 1, 1, 1, 1, 1, 1, 1, 1, 1, 1, 1, 1, 1], [1, 1, 1, 1, 1, 1, 1, 1, 1, 1, 1, 1, 1, 1, 1, 1, 1, 1, 1, 1, 1, 1, 1, 1, 1, 1, 1, 1, 1, 1, 1, 1, 1, 1, 1, 1, 1, 1, 1, 1, 1, 1, 1, 1, 1, 1, 1, 1, 1, 1, 1, 1, 1, 1, 1, 1, 1, 1, 1, 1, 1, 1, 1, 1, 1, 1, 1, 1, 1, 1, 1, 1, 1, 1, 1, 1, 1, 1, 1, 1, 1, 1, 1, 1, 1, 1, 1, 1, 1, 1, 1, 1, 1, 1, 1, 1, 1, 1, 1, 1, 1, 1, 1, 1, 1, 1, 1, 1, 1, 1, 1, 1, 1, 1, 1, 1, 1, 1, 1, 1, 1, 1, 1, 1, 1, 1, 1, 1, 1, 1, 1, 1, 1, 1, 1, 1, 1, 1, 1, 1, 1, 1, 1, 1, 1, 1, 1, 1, 1, 1, 1, 1, 1, 1, 1, 1, 1, 1, 1, 1, 1, 1, 1, 1, 1, 1, 1, 1, 1, 1, 1, 1, 1, 1, 1, 1, 1, 1, 1, 1, 1, 1, 1, 1, 1, 1, 1, 1, 1, 1, 1, 1, 1, 1, 1, 1, 1, 1, 1, 1, 1, 1, 1, 1, 1, 1, 1, 1, 1, 1, 1, 1, 1, 1, 1, 1, 1, 1, 1, 1, 1, 1, 1, 1, 1, 1, 1, 1, 1, 1, 1, 1, 1, 1, 1, 1, 1, 1, 1, 1, 1, 1, 1, 1, 1, 1, 1, 1, 1, 1, 1, 1, 1, 1, 1, 1, 1, 1, 1, 1, 1, 1, 1, 1, 1, 1, 1, 1, 1, 1, 1, 1, 1, 1, 1, 1, 1, 1, 1, 1, 1, 1, 1, 1, 1, 1, 1, 1, 1, 1, 1, 1, 1, 1, 1, 1, 1, 1, 1, 1, 1, 1, 1, 1, 1, 1, 1, 1, 1, 1, 1, 1, 1, 1, 1, 1, 1, 1, 1, 1, 1, 1, 1, 1, 1, 1, 1, 1, 1, 1, 1, 1, 1, 1, 1, 1, 1, 1, 1, 1, 1, 1, 1, 1, 1, 1, 1, 1, 1, 1, 1, 1, 1, 1, 1, 1, 1, 1, 1, 1, 1, 1, 1, 1, 1, 1, 1, 1, 1, 1, 1, 1, 1, 1, 1, 1, 1, 1, 1, 1, 1, 1, 1, 1, 1, 1, 1, 1, 1, 1, 1, 1, 1, 1, 1, 1, 1, 1, 1, 1, 1, 1, 1, 1, 1, 1, 1, 1, 1, 1, 1, 1, 1, 1, 1, 1, 1, 1, 1, 1, 1, 1, 1, 1, 1, 1, 1, 1, 1, 1, 1, 1, 1, 1, 1, 1, 1, 1, 1, 1, 1, 1, 1, 1, 1, 1, 1, 1, 1, 1, 1, 1, 1, 1, 1, 1, 1, 1, 1, 1, 1, 1, 1, 1, 1, 1, 1, 1, 1, 1, 1, 1, 1, 1, 1, 1, 1, 1, 1, 1, 1, 1, 1, 1, 1, 1, 1, 1, 1, 1, 1, 1, 1, 1, 1, 1, 1, 1, 1, 1, 1, 1, 1, 1, 1, 1, 1, 1, 1, 1, 1, 1, 1, 1, 1, 1, 1, 1, 1, 1, 1, 1, 1, 1, 1, 1, 1, 1, 1, 1, 1, 1, 1, 1, 1, 1, 1, 1, 1, 1, 1, 1, 1, 1, 1, 1, 1, 1, 1, 1, 1, 1, 1, 1, 1, 1, 1, 1, 1, 1, 1, 1, 1, 1, 1, 1, 1, 1, 1, 1, 1, 1, 1, 1, 1, 1, 1, 1, 1, 1, 1, 1, 1, 1, 1, 1, 1, 1, 1, 1, 1, 1, 1, 1, 1, 1, 1, 1, 1, 1, 1, 1, 1, 1, 1, 1, 1, 1, 1, 1, 1, 1, 1, 1, 1, 1, 1, 1, 1, 1, 1, 1, 1, 1, 1, 1, 1, 1, 1, 1, 1, 1, 1, 1, 1, 1, 1, 1, 1, 1, 1, 1, 1, 1, 1, 1, 1, 1, 1, 1, 1, 1, 1, 1, 1, 1, 1, 1, 1, 1, 1, 1, 1, 1, 1, 1, 1, 1, 1, 1, 1, 1, 1, 1, 1, 1, 1, 1, 1, 1, 1, 1, 1, 1, 1, 1, 1, 1, 1, 1, 1, 1, 1, 1, 1, 1, 1, 1, 1, 1, 1, 1, 1, 1, 1, 1, 1, 1, 1, 1, 1, 1, 1, 1, 1, 1, 1, 1, 1, 1, 1, 1, 1, 1, 1, 1, 1, 1, 1, 1, 1, 1, 1, 1, 1, 1, 1, 1, 1, 1, 1, 1, 1, 1, 1, 1, 1, 1, 1, 1, 1, 1, 1, 1, 1, 1, 1, 1, 1, 1, 1, 1, 1, 1, 1, 1, 1, 1, 1, 1, 1, 1, 1, 1, 1, 1, 1, 1, 1, 1, 1, 1, 1, 1, 1, 1, 1, 1, 1, 1, 1, 1, 1, 1, 1, 1, 1, 1, 1, 1, 1, 1, 1, 1, 1, 1, 1, 1, 1, 1, 1, 1, 1, 1, 1, 1, 1, 1, 1, 1, 1, 1, 1, 1, 1, 1, 1, 1, 1, 1, 1, 1, 1, 1, 1], [1, 1, 1, 1, 1, 1, 1, 1, 1, 1, 1, 1, 1, 1, 1, 1, 1, 1, 1, 1, 1, 1, 1, 1, 1, 1, 1, 1, 1, 1, 1, 1, 1, 1, 1, 1, 1, 1, 1, 1, 1, 1, 1, 1, 1, 1, 1, 1, 1, 1, 1, 1, 1, 1, 1, 1, 1, 1, 1, 1, 1, 1, 1, 1, 1, 1, 1, 1, 1, 1, 1, 1, 1, 1, 1, 1, 1, 1, 1, 1, 1, 1, 1, 1, 1, 1, 1, 1, 1, 1, 1, 1, 1, 1, 1, 1, 1, 1, 1, 1, 1, 1, 1, 1, 1, 1, 1, 1, 1, 1, 1, 1, 1, 1, 1, 1, 1, 1, 1, 1, 1, 1, 1, 1, 1, 1, 1, 1, 1, 1, 1, 1, 1, 1, 1, 1, 1, 1, 1, 1, 1, 1, 1, 1, 1, 1, 1, 1, 1, 1, 1, 1, 1, 1, 1, 1, 1, 1, 1, 1, 1, 1, 1, 1, 1, 1, 1, 1, 1, 1, 1, 1, 1, 1, 1, 1, 1, 1, 1, 1, 1, 1, 1, 1, 1, 1, 1, 1, 1, 1, 1, 1, 1, 1, 1, 1, 1, 1, 1, 1, 1, 1, 1, 1, 1, 1, 1, 1, 1, 1, 1, 1, 1, 1, 1, 1, 1, 1, 1, 1, 1, 1, 1, 1, 1, 1, 1, 1, 1, 1, 1, 1, 1, 1, 1, 1, 1, 1, 1, 1, 1, 1, 1, 1, 1, 1, 1, 1, 1, 1, 1, 1, 1, 1, 1, 1, 1, 1, 1, 1, 1, 1, 1, 1, 1, 1, 1, 1, 1, 1, 1, 1, 1, 1, 1, 1, 1, 1, 1, 1, 1, 1, 1, 1, 1, 1, 1, 1, 1, 1, 1, 1, 1, 1, 1, 1, 1, 1, 1, 1, 1, 1, 1, 1, 1, 1, 1, 1, 1, 1, 1, 1, 1, 1, 1, 1, 1, 1, 1, 1, 1, 1, 1, 1, 1, 1, 1, 1, 1, 1, 1, 1, 1, 1, 1, 1, 1, 1, 1, 1, 1, 1, 1, 1, 1, 1, 1, 1, 1, 1, 1, 1, 1, 1, 1, 1, 1, 1, 1, 1, 1, 1, 1, 1, 1, 1, 1, 1, 1, 1, 1, 1, 1, 1, 1, 1, 1, 1, 1, 1, 1, 1, 1, 1, 1, 1, 1, 1, 1, 1, 1, 1, 1, 1, 1, 1, 1, 1, 1, 1, 1, 1, 1, 1, 1, 1, 1, 1, 1, 1, 1, 1, 1, 1, 1, 1, 1, 1, 1, 1, 1, 1, 1, 1, 1, 1, 1, 1, 1, 1, 1, 1, 1, 1, 1, 1, 1, 1, 1, 1, 1, 1, 1, 1, 1, 1, 1, 1, 1, 1, 1, 1, 1, 1, 1, 1, 1, 1, 1, 1, 1, 1, 1, 1, 1, 1, 1, 1, 1, 1, 1, 1, 1, 1, 1, 1, 1, 1, 1, 1, 1, 1, 1, 1, 1, 1, 1, 1, 1, 1, 1, 1, 1, 1, 1, 1, 1, 1, 1, 1, 1, 1, 1, 1, 1, 1, 1, 1, 1, 1, 1, 1, 1, 1, 1, 1, 1, 1, 1, 1, 1, 1, 1, 1, 1, 1, 1, 1, 1, 1, 1, 1, 1, 1, 1, 1, 1, 1, 1, 1, 1, 1, 1, 1, 1, 1, 1, 1, 1, 1, 1, 1, 1, 1, 1, 1, 1, 1, 1, 1, 1, 1, 1, 1, 1, 1, 1, 1, 1, 1, 1, 1, 1, 1, 1, 1, 1, 1, 1, 1, 1, 1, 1, 1, 1, 1, 1, 1, 1, 1, 1, 1, 1, 1, 1, 1, 1, 1, 1, 1, 1, 1, 1, 1, 1, 1, 1, 1, 1, 1, 1, 1, 1, 1, 1, 1, 1, 1, 1, 1, 1, 1, 1, 1, 1, 1, 1, 1, 1, 1, 1, 1, 1, 1, 1, 1, 1, 1, 1, 1, 1, 1, 1, 1, 1, 1, 1, 1, 1, 1, 1, 1, 1, 1, 1, 1, 1, 1, 1, 1, 1, 1, 1, 1, 1, 1, 1, 1, 1, 1, 1, 1, 1, 1, 1, 1, 1, 1, 1, 1, 1, 1, 1, 1, 1, 1, 1, 1, 1, 1, 1, 1, 1, 1, 1, 1, 1, 1, 1, 1, 1, 1, 1, 1, 1, 1, 1, 1, 1, 1, 1, 1, 1, 1, 1, 1, 1, 1, 1, 1, 1, 1, 1, 1, 1, 1, 1, 1, 1, 1, 1, 1, 1, 1, 1, 1, 1, 1, 1, 1, 1, 1, 1, 1, 1, 1, 1, 1, 1, 1, 1, 1, 1, 1, 1, 1, 1, 1, 1, 1, 1, 1, 1, 1, 1, 1, 1, 1, 1, 1, 1, 1, 1, 1, 1, 1, 1, 1, 1, 1, 1, 1, 1, 1, 1, 1, 1, 1, 1, 1, 1, 1, 1, 1, 1, 1, 1, 1, 1, 1, 1, 1, 1, 1, 1, 1, 1, 1, 1, 1, 1, 1, 1, 1, 1, 1, 1, 1, 1, 1, 1, 1, 1, 1, 1, 1, 1, 1, 1, 1, 1, 1, 1, 1], [1, 1, 1, 1, 1, 1, 1, 1, 1, 1, 1, 1, 1, 1, 1, 1, 1, 1, 1, 1, 1, 1, 1, 1, 1, 1, 1, 1, 1, 1, 1, 1, 1, 1, 1, 1, 1, 1, 1, 1, 1, 1, 1, 1, 1, 1, 1, 1, 1, 1, 1, 1, 1, 1, 1, 1, 1, 1, 1, 1, 1, 1, 1, 1, 1, 1, 1, 1, 1, 1, 1, 1, 1, 1, 1, 1, 1, 1, 1, 1, 1, 1, 1, 1, 1, 1, 1, 1, 1, 1, 1, 1, 1, 1, 1, 1, 1, 1, 1, 1, 1, 1, 1, 1, 1, 1, 1, 1, 1, 1, 1, 1, 1, 1, 1, 1, 1, 1, 1, 1, 1, 1, 1, 1, 1, 1, 1, 1, 1, 1, 1, 1, 1, 1, 1, 1, 1, 1, 1, 1, 1, 1, 1, 1, 1, 1, 1, 1, 1, 1, 1, 1, 1, 1, 1, 1, 1, 1, 1, 1, 1, 1, 1, 1, 1, 1, 1, 1, 1, 1, 1, 1, 1, 1, 1, 1, 1, 1, 1, 1, 1, 1, 1, 1, 1, 1, 1, 1, 1, 1, 1, 1, 1, 1, 1, 1, 1, 1, 1, 1, 1, 1, 1, 1, 1, 1, 1, 1, 1, 1, 1, 1, 1, 1, 1, 1, 1, 1, 1, 1, 1, 1, 1, 1, 1, 1, 1, 1, 1, 1, 1, 1, 1, 1, 1, 1, 1, 1, 1, 1, 1, 1, 1, 1, 1, 1, 1, 1, 1, 1, 1, 1, 1, 1, 1, 1, 1, 1, 1, 1, 1, 1, 1, 1, 1, 1, 1, 1, 1, 1, 1, 1, 1, 1, 1, 1, 1, 1, 1, 1, 1, 1, 1, 1, 1, 1, 1, 1, 1, 1, 1, 1, 1, 1, 1, 1, 1, 1, 1, 1, 1, 1, 1, 1, 1, 1, 1, 1, 1, 1, 1, 1, 1, 1, 1, 1, 1, 1, 1, 1, 1, 1, 1, 1, 1, 1, 1, 1, 1, 1, 1, 1, 1, 1, 1, 1, 1, 1, 1, 1, 1, 1, 1, 1, 1, 1, 1, 1, 1, 1, 1, 1, 1, 1, 1, 1, 1, 1, 1, 1, 1, 1, 1, 1, 1, 1, 1, 1, 1, 1, 1, 1, 1, 1, 1, 1, 1, 1, 1, 1, 1, 1, 1, 1, 1, 1, 1, 1, 1, 1, 1, 1, 1, 1, 1, 1, 1, 1, 1, 1, 1, 1, 1, 1, 1, 1, 1, 1, 1, 1, 1, 1, 1, 1, 1, 1, 1, 1, 1, 1, 1, 1, 1, 1, 1, 1, 1, 1, 1, 1, 1, 1, 1, 1, 1, 1, 1, 1, 1, 1, 1, 1, 1, 1, 1, 1, 1, 1, 1, 1, 1, 1, 1, 1, 1, 1, 1, 1, 1, 1, 1, 1, 1, 1, 1, 1, 1, 1, 1, 1, 1, 1, 1, 1, 1, 1, 1, 1, 1, 1, 1, 1, 1, 1, 1, 1, 1, 1, 1, 1, 1, 1, 1, 1, 1, 1, 1, 1, 1, 1, 1, 1, 1, 1, 1, 1, 1, 1, 1, 1, 1, 1, 1, 1, 1, 1, 1, 1, 1, 1, 1, 1, 1, 1, 1, 1, 1, 1, 1, 1, 1, 1, 1, 1, 1, 1, 1, 1, 1, 1, 1, 1, 1, 1, 1, 1, 1, 1, 1, 1, 1, 1, 1, 1, 1, 1, 1, 1, 1, 1, 1, 1, 1, 1, 1, 1, 1, 1, 1, 1, 1, 1, 1, 1, 1, 1, 1, 1, 1, 1, 1, 1, 1, 1, 1, 1, 1, 1, 1, 1, 1, 1, 1, 1, 1, 1, 1, 1, 1, 1, 1, 1, 1, 1, 1, 1, 1, 1, 1, 1, 1, 1, 1, 1, 1, 1, 1, 1, 1, 1, 1, 1, 1, 1, 1, 1, 1, 1, 1, 1, 1, 1, 1, 1, 1, 1, 1, 1, 1, 1, 1, 1, 1, 1, 1, 1, 1, 1, 1, 1, 1, 1, 1, 1, 1, 1, 1, 1, 1, 1, 1, 1, 1, 1, 1, 1, 1, 1, 1, 1, 1, 1, 1, 1, 1, 1, 1, 1, 1, 1, 1, 1, 1, 1, 1, 1, 1, 1, 1, 1, 1, 1, 1, 1, 1, 1, 1, 1, 1, 1, 1, 1, 1, 1, 1, 1, 1, 1, 1, 1, 1, 1, 1, 1, 1, 1, 1, 1, 1, 1, 1, 1, 1, 1, 1, 1, 1, 1, 1, 1, 1, 1, 1, 1, 1, 1, 1, 1, 1, 1, 1, 1, 1, 1, 1, 1, 1, 1, 1, 1, 1, 1, 1, 1, 1, 1, 1, 1, 1, 1, 1, 1, 1, 1, 1, 1, 1, 1, 1, 1, 1, 1, 1, 1, 1, 1, 1, 1, 1, 1, 1, 1, 1, 1, 1, 1, 1, 1, 1, 1, 1, 1, 1, 1, 1, 1, 1, 1, 1, 1, 1, 1, 1, 1, 1, 1, 1, 1, 1, 1, 1, 1, 1, 1, 1, 1, 1, 1, 1, 1, 1, 1, 1, 1, 1, 1, 1, 1, 1, 1, 1, 1, 1, 1, 1, 1, 1, 1, 1, 1, 1, 1, 1, 1, 1, 1, 1], [1, 1, 1, 1, 1, 1, 1, 1, 1, 1, 1, 1, 1, 1, 1, 1, 1, 1, 1, 1, 1, 1, 1, 1, 1, 1, 1, 1, 1, 1, 1, 1, 1, 1, 1, 1, 1, 1, 1, 1, 1, 1, 1, 1, 1, 1, 1, 1, 1, 1, 1, 1, 1, 1, 1, 1, 1, 1, 1, 1, 1, 1, 1, 1, 1, 1, 1, 1, 1, 1, 1, 1, 1, 1, 1, 1, 1, 1, 1, 1, 1, 1, 1, 1, 1, 1, 1, 1, 1, 1, 1, 1, 1, 1, 1, 1, 1, 1, 1, 1, 1, 1, 1, 1, 1, 1, 1, 1, 1, 1, 1, 1, 1, 1, 1, 1, 1, 1, 1, 1, 1, 1, 1, 1, 1, 1, 1, 1, 1, 1, 1, 1, 1, 1, 1, 1, 1, 1, 1, 1, 1, 1, 1, 1, 1, 1, 1, 1, 1, 1, 1, 1, 1, 1, 1, 1, 1, 1, 1, 1, 1, 1, 1, 1, 1, 1, 1, 1, 1, 1, 1, 1, 1, 1, 1, 1, 1, 1, 1, 1, 1, 1, 1, 1, 1, 1, 1, 1, 1, 1, 1, 1, 1, 1, 1, 1, 1, 1, 1, 1, 1, 1, 1, 1, 1, 1, 1, 1, 1, 1, 1, 1, 1, 1, 1, 1, 1, 1, 1, 1, 1, 1, 1, 1, 1, 1, 1, 1, 1, 1, 1, 1, 1, 1, 1, 1, 1, 1, 1, 1, 1, 1, 1, 1, 1, 1, 1, 1, 1, 1, 1, 1, 1, 1, 1, 1, 1, 1, 1, 1, 1, 1, 1, 1, 1, 1, 1, 1, 1, 1, 1, 1, 1, 1, 1, 1, 1, 1, 1, 1, 1, 1, 1, 1, 1, 1, 1, 1, 1, 1, 1, 1, 1, 1, 1, 1, 1, 1, 1, 1, 1, 1, 1, 1, 1, 1, 1, 1, 1, 1, 1, 1, 1, 1, 1, 1, 1, 1, 1, 1, 1, 1, 1, 1, 1, 1, 1, 1, 1, 1, 1, 1, 1, 1, 1, 1, 1, 1, 1, 1, 1, 1, 1, 1, 1, 1, 1, 1, 1, 1, 1, 1, 1, 1, 1, 1, 1, 1, 1, 1, 1, 1, 1, 1, 1, 1, 1, 1, 1, 1, 1, 1, 1, 1, 1, 1, 1, 1, 1, 1, 1, 1, 1, 1, 1, 1, 1, 1, 1, 1, 1, 1, 1, 1, 1, 1, 1, 1, 1, 1, 1, 1, 1, 1, 1, 1, 1, 1, 1, 1, 1, 1, 1, 1, 1, 1, 1, 1, 1, 1, 1, 1, 1, 1, 1, 1, 1, 1, 1, 1, 1, 1, 1, 1, 1, 1, 1, 1, 1, 1, 1, 1, 1, 1, 1, 1, 1, 1, 1, 1, 1, 1, 1, 1, 1, 1, 1, 1, 1, 1, 1, 1, 1, 1, 1, 1, 1, 1, 1, 1, 1, 1, 1, 1, 1, 1, 1, 1, 1, 1, 1, 1, 1, 1, 1, 1, 1, 1, 1, 1, 1, 1, 1, 1, 1, 1, 1, 1, 1, 1, 1, 1, 1, 1, 1, 1, 1, 1, 1, 1, 1, 1, 1, 1, 1, 1, 1, 1, 1, 1, 1, 1, 1, 1, 1, 1, 1, 1, 1, 1, 1, 1, 1, 1, 1, 1, 1, 1, 1, 1, 1, 1, 1, 1, 1, 1, 1, 1, 1, 1, 1, 1, 1, 1, 1, 1, 1, 1, 1, 1, 1, 1, 1, 1, 1, 1, 1, 1, 1, 1, 1, 1, 1, 1, 1, 1, 1, 1, 1, 1, 1, 1, 1, 1, 1, 1, 1, 1, 1, 1, 1, 1, 1, 1, 1, 1, 1, 1, 1, 1, 1, 1, 1, 1, 1, 1, 1, 1, 1, 1, 1, 1, 1, 1, 1, 1, 1, 1, 1, 1, 1, 1, 1, 1, 1, 1, 1, 1, 1, 1, 1, 1, 1, 1, 1, 1, 1, 1, 1, 1, 1, 1, 1, 1, 1, 1, 1, 1, 1, 1, 1, 1, 1, 1, 1, 1, 1, 1, 1, 1, 1, 1, 1, 1, 1, 1, 1, 1, 1, 1, 1, 1, 1, 1, 1, 1, 1, 1, 1, 1, 1, 1, 1, 1, 1, 1, 1, 1, 1, 1, 1, 1, 1, 1, 1, 1, 1, 1, 1, 1, 1, 1, 1, 1, 1, 1, 1, 1, 1, 1, 1, 1, 1, 1, 1, 1, 1, 1, 1, 1, 1, 1, 1, 1, 1, 1, 1, 1, 1, 1, 1, 1, 1, 1, 1, 1, 1, 1, 1, 1, 1, 1, 1, 1, 1, 1, 1, 1, 1, 1, 1, 1, 1, 1, 1, 1, 1, 1, 1, 1, 1, 1, 1, 1, 1, 1, 1, 1, 1, 1, 1, 1, 1, 1, 1, 1, 1, 1, 1, 1, 1, 1, 1, 1, 1, 1, 1, 1, 1, 1, 1, 1, 1, 1, 1, 1, 1, 1, 1, 1, 1, 1, 1, 1, 1, 1, 1, 1, 1, 1, 1, 1, 1, 1, 1, 1, 1, 1, 1, 1, 1, 1, 1, 1, 1, 1, 1, 1, 1, 1, 1, 1, 1, 1, 1, 1, 1, 1, 1, 1, 1, 1, 1, 1, 1, 1, 1, 1, 1, 1, 1, 1, 1, 1, 1, 1, 1, 1, 1, 1, 1, 1, 1, 1, 1, 1, 1, 1, 1, 1, 1, 1, 1, 1, 1, 1, 1, 1, 1, 1, 1, 1, 1, 1, 1, 1, 1, 1, 1, 1, 1, 1, 1, 1, 1, 1, 1, 1, 1, 1, 1, 1, 1, 1, 1, 1, 1, 1, 1, 1, 1, 1, 1, 1, 1, 1, 1, 1, 1, 1, 1, 1, 1, 1, 1, 1, 1, 1, 1, 1, 1, 1, 1, 1, 1, 1, 1, 1, 1, 1, 1, 1, 1, 1, 1, 1, 1, 1, 1, 1, 1, 1, 1, 1, 1, 1, 1, 1, 1, 1, 1, 1, 1, 1, 1, 1, 1, 1, 1, 1, 1, 1, 1, 1, 1, 1, 1, 1, 1, 1, 1, 1, 1, 1, 1, 1, 1, 1, 1, 1, 1, 1, 1, 1, 1, 1, 1, 1, 1, 1, 1, 1, 1, 1, 1, 1, 1, 1, 1, 1, 1, 1, 1, 1, 1, 1, 1, 1, 1, 1, 1, 1, 1, 1, 1, 1, 1, 1, 1, 1, 1, 1, 1, 1, 1, 1, 1, 1, 1, 1, 1, 1, 1, 1, 1, 1, 1, 1, 1, 1, 1, 1, 1, 1, 1, 1, 1, 1, 1, 1, 1, 1, 1, 1, 1, 1, 1, 1, 1, 1, 1, 1, 1, 1, 1, 1, 1, 1, 1, 1, 1, 1, 1, 1, 1, 1, 1, 1, 1, 1, 1, 1, 1, 1, 1, 1, 1, 1, 1, 1, 1, 1, 1, 1, 1, 1, 1, 1, 1, 1, 1, 1, 1, 1, 1, 1, 1, 1, 1, 1, 1, 1, 1, 1, 1, 1, 1, 1, 1, 1, 1, 1, 1, 1, 1, 1, 1, 1, 1, 1, 1, 1, 1, 1, 1, 1, 1, 1, 1, 1, 1, 1, 1, 1, 1, 1, 1, 1, 1, 1, 1, 1, 1, 1, 1, 1, 1, 1, 1, 1, 1, 1, 1, 1, 1, 1, 1, 1, 1, 1, 1, 1, 1, 1, 1, 1, 1, 1, 1, 1, 1, 1, 1, 1, 1, 1, 1, 1, 1, 1, 1, 1, 1, 1, 1, 1, 1, 1, 1, 1, 1, 1, 1, 1, 1, 1, 1, 1, 1, 1, 1, 1, 1, 1, 1, 1, 1, 1, 1, 1, 1, 1, 1, 1, 1, 1, 1, 1, 1, 1, 1, 1, 1, 1, 1, 1, 1, 1, 1, 1, 1, 1, 1, 1, 1, 1, 1, 1, 1, 1, 1, 1, 1, 1, 1, 1, 1, 1, 1, 1, 1, 1, 1, 1, 1, 1, 1, 1, 1, 1, 1, 1, 1, 1, 1, 1, 1, 1, 1, 1, 1, 1, 1, 1, 1, 1, 1, 1, 1, 1, 1, 1, 1, 1, 1, 1, 1, 1, 1, 1, 1, 1, 1, 1, 1, 1, 1, 1, 1, 1, 1, 1, 1, 1, 1, 1, 1, 1, 1, 1, 1, 1, 1, 1, 1, 1, 1, 1, 1, 1, 1, 1, 1, 1, 1, 1, 1, 1, 1, 1, 1, 1, 1, 1, 1, 1, 1, 1, 1, 1, 1, 1, 1, 1, 1, 1, 1, 1, 1, 1, 1, 1, 1, 1, 1, 1, 1, 1, 1, 1, 1, 1, 1, 1, 1, 1, 1, 1, 1, 1, 1, 1, 1, 1, 1, 1, 1, 1, 1, 1, 1, 1, 1, 1, 1, 1, 1, 1, 1, 1, 1, 1, 1, 1, 1, 1, 1, 1, 1, 1, 1, 1, 1, 1, 1, 1, 1, 1, 1, 1, 1, 1, 1, 1, 1, 1, 1, 1, 1, 1, 1, 1, 1, 1, 1, 1, 1, 1, 1, 1, 1, 1, 1, 1, 1, 1, 1, 1, 1, 1, 1, 1, 1, 1, 1, 1, 1, 1, 1, 1, 1, 1, 1, 1, 1, 1, 1, 1, 1, 1, 1, 1, 1, 1, 1, 1, 1, 1, 1, 1, 1, 1, 1, 1, 1, 1, 1, 1, 1, 1, 1, 1, 1, 1, 1, 1, 1, 1, 1, 1, 1, 1, 1, 1, 1, 1, 1, 1, 1, 1, 1, 1, 1, 1, 1, 1, 1, 1, 1, 1, 1, 1, 1, 1, 1, 1, 1, 1, 1, 1, 1, 1, 1, 1, 1, 1, 1, 1, 1, 1, 1, 1, 1, 1, 1, 1, 1, 1, 1, 1, 1, 1, 1, 1, 1, 1, 1, 1, 1, 1, 1, 1, 1, 1, 1, 1, 1, 1, 1, 1, 1, 1, 1, 1, 1, 1, 1, 1, 1, 1, 1, 1, 1, 1, 1, 1, 1, 1, 1, 1, 1, 1, 1, 1, 1, 1, 1, 1, 1, 1, 1, 1, 1, 1, 1, 1, 1, 1, 1, 1, 1, 1, 1, 1, 1, 1, 1, 1, 1, 1, 1, 1, 1, 1, 1, 1, 1, 1, 1, 1, 1, 1, 1, 1, 1, 1, 1, 1, 1]], pipeline-model-parallel size: 1 interleave-factor: 1
using torch.float16 for parameters ...
------------------------ arguments ------------------------
  accumulate_allreduce_grads_in_fp32 .............. False
  adam_beta1 ...................................... 0.9
  adam_beta2 ...................................... 0.999
  adam_eps ........................................ 1e-08
  adlr_autoresume ................................. False
  adlr_autoresume_interval ........................ 1000
  algo_of_each_op ................................. [[0, 0, 0, 0, 0, 0, 0, 0, 0, 0, 0, 0, 0, 0, 0, 0, 0, 0, 0, 0, 0, 0, 0, 0, 0, 0, 0, 0, 0, 0, 0, 0, 0, 0, 0, 0, 0, 0, 0, 0, 0, 0, 0, 0, 0, 0, 0, 0, 0, 0, 0, 0, 0, 0, 0, 0, 0, 0, 0, 0, 0, 0, 0, 0, 0, 0, 0, 0, 0, 0, 0, 0, 0, 0, 0, 0, 0, 0, 0, 0, 0, 0, 0, 0, 0, 0, 0, 0, 0, 0, 0, 0, 0, 0, 0, 0, 0, 0, 0, 0, 0, 0, 0, 0, 0, 0, 0, 0, 0, 0, 0, 0, 0, 0, 0, 0, 0, 0, 0, 0, 0, 0, 0, 0, 0, 0, 0, 0, 0, 0, 0, 0, 0, 0, 0, 0, 0, 0, 0, 0, 0, 0, 0, 0, 0, 0, 0, 0, 0, 0, 0, 0, 0, 0, 0, 0, 0, 0, 0, 0, 0, 0, 0, 0, 0, 0, 0, 0, 0, 0, 0, 0, 0, 0, 0, 0, 0, 0, 0, 0, 0, 0, 0, 0, 0, 0, 0, 0, 0, 0, 0, 0, 0, 0, 0, 0, 0, 0, 0, 0, 0, 0, 0, 0, 0, 0, 0, 0, 0, 0, 0, 0, 0, 0, 0, 0, 0, 0, 0, 0, 0, 0, 0, 0, 0, 0, 0, 0, 0, 0, 0, 0, 0, 0, 0, 0, 0, 0, 0, 0, 0, 0, 0, 0, 0, 0, 0, 0, 0, 0, 0, 0, 0, 0, 0, 0, 0, 0, 0, 0, 0, 0, 0, 0, 0, 0, 0, 0, 0, 0, 0, 0, 0, 0, 0, 0, 0, 0, 0, 0, 0, 0, 0, 0, 0, 0, 0, 0, 0, 0, 0, 0, 0, 0, 0, 0, 0, 0, 0, 0, 0, 0, 0, 0, 0, 0, 0, 0, 0, 0, 0, 0, 0, 0, 0, 0, 0, 0, 0, 0, 0, 0, 0, 0, 0, 0, 0, 0, 0, 0, 0, 0, 0, 0, 0, 0, 0, 0, 0, 0, 0, 0, 0, 0, 0, 0, 0, 0, 0, 0, 0, 0, 0, 0, 0, 0, 0, 0, 0, 0, 0, 0, 0, 0, 0, 0, 0, 0, 0, 0, 0, 0, 0, 0, 0, 0, 0, 0, 0, 0, 0, 0, 0, 0, 0, 0, 0, 0, 0, 0, 0, 0, 0, 0, 0, 0, 0, 0, 0, 0, 0, 0, 0, 0, 0, 0, 0, 0, 0, 0, 0, 0, 0, 0, 0, 0, 0, 0, 0, 0, 0, 0, 0, 0, 0, 0, 0, 0, 0, 0, 0, 0, 0, 0, 0, 0, 0, 0, 0, 0, 0, 0, 0, 0, 0, 0, 0, 0, 0, 0, 0, 0, 0, 0, 0, 0, 0, 0, 0, 0, 0, 0, 0, 0, 0, 0, 0, 0, 0, 0, 0, 0, 0, 0, 0, 0, 0, 0, 0, 0, 0, 0, 0, 0, 0, 0, 0, 0, 0, 0, 0, 0, 0, 0, 0, 0, 0, 0, 0, 0, 0, 0, 0, 0, 0, 0, 0, 0, 0, 0, 0, 0, 0, 0, 0, 0, 0, 0, 0, 0, 0, 0, 0, 0, 0, 0, 0, 0, 0, 0, 0, 0, 0, 0, 0, 0, 0, 0, 0, 0, 0, 0, 0, 0, 0, 0, 0, 0, 0, 0, 0, 0, 0, 0, 0, 0, 0, 0, 0, 0, 0, 0, 0, 0, 0, 0, 0, 0, 0, 0, 0, 0, 0, 0, 0, 0, 0, 0, 0, 0, 0, 0, 0, 0, 0, 0, 0, 0, 0, 0, 0, 0, 0, 0, 0, 0, 0, 0, 0, 0, 0, 0, 0, 0, 0, 0, 0, 0, 0, 0, 0, 0, 0, 0, 0, 0, 0, 0, 0, 0, 0, 0, 0, 0, 0, 0, 0, 0, 0, 0, 0, 0, 0, 0, 0, 0, 0, 0, 0, 0, 0, 0, 0, 0, 0, 0, 0, 0, 0, 0, 0, 0, 0, 0, 0, 0, 0, 0, 0, 0, 0, 0, 0, 0, 0, 0, 0, 0, 0, 0, 0, 0, 0, 0, 0, 0, 0, 0, 0, 0, 0, 0, 0, 0, 0, 0, 0, 0, 0, 0, 0, 0, 0, 0, 0, 0, 0, 0, 0, 0, 0, 0, 0, 0, 0, 0, 0, 0, 0, 0, 0, 0, 0, 0, 0, 0, 0, 0, 0, 0, 0, 0, 0, 0, 0, 0, 0, 0, 0, 0, 0, 0, 0, 0, 0, 0, 0, 0, 0, 0, 0, 0, 0, 0, 0, 0, 0, 0, 0, 0, 0, 0, 0, 0, 0, 0, 0, 0, 0, 0, 0, 0, 0, 0, 0, 0, 0, 0, 0, 0, 0, 0, 0, 0, 0, 0, 0, 0, 0, 0, 0, 0, 0, 0, 0, 0, 0, 0, 0, 0, 0, 0, 0, 0, 0, 0, 0, 0, 0, 0, 0, 0, 0, 0, 0, 0, 0, 0, 0, 0, 0, 0, 0, 0, 0, 0, 0, 0, 0, 0, 0, 0, 0, 0, 0, 0, 0, 0, 0, 0], [0, 0, 0, 0, 0, 0, 0, 0, 0, 0, 0, 0, 0, 0, 0, 0, 0, 0, 0, 0, 0, 0, 0, 0, 0, 0, 0, 0, 0, 0, 0, 0, 0, 0, 0, 0, 0, 0, 0, 0, 0, 0, 0, 0, 0, 0, 0, 0, 0, 0, 0, 0, 0, 0, 0, 0, 0, 0, 0, 0, 0, 0, 0, 0, 0, 0, 0, 0, 0, 0, 0, 0, 0, 0, 0, 0, 0, 0, 0, 0, 0, 0, 0, 0, 0, 0, 0, 0, 0, 0, 0, 0, 0, 0, 0, 0, 0, 0, 0, 0, 0, 0, 0, 0, 0, 0, 0, 0, 0, 0, 0, 0, 0, 0, 0, 0, 0, 0, 0, 0, 0, 0, 0, 0, 0, 0, 0, 0, 0, 0, 0, 0, 0, 0, 0, 0, 0, 0, 0, 0, 0, 0, 0, 0, 0, 0, 0, 0, 0, 0, 0, 0, 0, 0, 0, 0, 0, 0, 0, 0, 0, 0, 0, 0, 0, 0, 0, 0, 0, 0, 0, 0, 0, 0, 0, 0, 0, 0, 0, 0, 0, 0, 0, 0, 0, 0, 0, 0, 0, 0, 0, 0, 0, 0, 0, 0, 0, 0, 0, 0, 0, 0, 0, 0, 0, 0, 0, 0, 0, 0, 0, 0, 0, 0, 0, 0, 0, 0, 0, 0, 0, 0, 0, 0, 0, 0, 0, 0, 0, 0, 0, 0, 0, 0, 0, 0, 0, 0, 0, 0, 0, 0, 0, 0, 0, 0, 0, 0, 0, 0, 0, 0, 0, 0, 0, 0, 0, 0, 0, 0, 0, 0, 0, 0, 0, 0, 0, 0, 0, 0, 0, 0, 0, 0, 0, 0, 0, 0, 0, 0, 0, 0, 0, 0, 0, 0, 0, 0, 0, 0, 0, 0, 0, 0, 0, 0, 0, 0, 0, 0, 0, 0, 0, 0, 0, 0, 0, 0, 0, 0, 0, 0, 0, 0, 0, 0, 0, 0, 0, 0, 0, 0, 0, 0, 0, 0, 0, 0, 0, 0, 0, 0, 0, 0, 0, 0, 0, 0, 0, 0, 0, 0, 0, 0, 0, 0, 0, 0, 0, 0, 0, 0, 0, 0, 0, 0, 0, 0, 0, 0, 0, 0, 0, 0, 0, 0, 0, 0, 0, 0, 0, 0, 0, 0, 0, 0, 0, 0, 0, 0, 0, 0, 0, 0, 0, 0, 0, 0, 0, 0, 0, 0, 0, 0, 0, 0, 0, 0, 0, 0, 0, 0, 0, 0, 0, 0, 0, 0, 0, 0, 0, 0, 0, 0, 0, 0, 0, 0, 0, 0, 0, 0, 0, 0, 0, 0, 0, 0, 0, 0, 0, 0, 0, 0, 0, 0, 0, 0, 0, 0, 0, 0, 0, 0, 0, 0, 0, 0, 0, 0, 0, 0, 0, 0, 0, 0, 0, 0, 0, 0, 0, 0, 0, 0, 0, 0, 0, 0, 0, 0, 0, 0, 0, 0, 0, 0, 0, 0, 0, 0, 0, 0, 0, 0, 0, 0, 0, 0, 0, 0, 0, 0, 0, 0, 0, 0, 0, 0, 0, 0, 0, 0, 0, 0, 0, 0, 0, 0, 0, 0, 0, 0, 0, 0, 0, 0, 0, 0, 0, 0, 0, 0, 0, 0, 0, 0, 0, 0, 0, 0, 0, 0, 0, 0, 0, 0, 0, 0, 0, 0, 0, 0, 0, 0, 0, 0, 0, 0, 0, 0, 0, 0, 0, 0, 0, 0, 0, 0, 0, 0, 0, 0, 0, 0, 0, 0, 0, 0, 0, 0, 0, 0, 0, 0, 0, 0, 0, 0, 0, 0, 0, 0, 0, 0, 0, 0, 0, 0, 0, 0, 0, 0, 0, 0, 0, 0, 0, 0, 0, 0, 0, 0, 0, 0, 0, 0, 0, 0, 0, 0, 0, 0, 0, 0, 0, 0, 0, 0, 0, 0, 0, 0, 0, 0, 0, 0, 0, 0, 0, 0, 0, 0, 0, 0, 0, 0, 0, 0, 0, 0, 0, 0, 0, 0, 0, 0, 0, 0, 0, 0, 0, 0, 0, 0, 0, 0, 0, 0, 0, 0, 0, 0, 0, 0, 0, 0, 0, 0, 0, 0, 0, 0, 0, 0, 0, 0, 0, 0, 0, 0, 0, 0, 0, 0, 0, 0, 0, 0, 0, 0, 0, 0, 0, 0, 0, 0, 0, 0, 0, 0, 0, 0, 0, 0, 0, 0, 0, 0, 0, 0, 0, 0, 0, 0, 0, 0, 0, 0, 0, 0, 0, 0, 0, 0, 0, 0, 0, 0, 0, 0, 0, 0, 0, 0, 0, 0, 0, 0, 0, 0, 0, 0, 0, 0, 0, 0, 0, 0, 0, 0, 0, 0, 0, 0, 0, 0, 0, 0, 0, 0, 0, 0, 0, 0, 0, 0, 0, 0, 0, 0, 0, 0, 0, 0, 0, 0, 0, 0, 0, 0, 0, 0, 0, 0, 0, 0, 0, 0, 0, 0, 0, 0, 0, 0, 0, 0, 0, 0, 0, 0, 0, 0, 0, 0, 0, 0, 0, 0, 0, 0, 0, 0, 0, 0, 0, 0, 0, 0, 0, 0, 0, 0, 0, 0, 0, 0, 0, 0, 0, 0, 0], [0, 0, 0, 0, 0, 0, 0, 0, 0, 0, 0, 0, 0, 0, 0, 0, 0, 0, 0, 0, 0, 0, 0, 0, 0, 0, 0, 0, 0, 0, 0, 0, 0, 0, 0, 0, 0, 0, 0, 0, 0, 0, 0, 0, 0, 0, 0, 0, 0, 0, 0, 0, 0, 0, 0, 0, 0, 0, 0, 0, 0, 0, 0, 0, 0, 0, 0, 0, 0, 0, 0, 0, 0, 0, 0, 0, 0, 0, 0, 0, 0, 0, 0, 0, 0, 0, 0, 0, 0, 0, 0, 0, 0, 0, 0, 0, 0, 0, 0, 0, 0, 0, 0, 0, 0, 0, 0, 0, 0, 0, 0, 0, 0, 0, 0, 0, 0, 0, 0, 0, 0, 0, 0, 0, 0, 0, 0, 0, 0, 0, 0, 0, 0, 0, 0, 0, 0, 0, 0, 0, 0, 0, 0, 0, 0, 0, 0, 0, 0, 0, 0, 0, 0, 0, 0, 0, 0, 0, 0, 0, 0, 0, 0, 0, 0, 0, 0, 0, 0, 0, 0, 0, 0, 0, 0, 0, 0, 0, 0, 0, 0, 0, 0, 0, 0, 0, 0, 0, 0, 0, 0, 0, 0, 0, 0, 0, 0, 0, 0, 0, 0, 0, 0, 0, 0, 0, 0, 0, 0, 0, 0, 0, 0, 0, 0, 0, 0, 0, 0, 0, 0, 0, 0, 0, 0, 0, 0, 0, 0, 0, 0, 0, 0, 0, 0, 0, 0, 0, 0, 0, 0, 0, 0, 0, 0, 0, 0, 0, 0, 0, 0, 0, 0, 0, 0, 0, 0, 0, 0, 0, 0, 0, 0, 0, 0, 0, 0, 0, 0, 0, 0, 0, 0, 0, 0, 0, 0, 0, 0, 0, 0, 0, 0, 0, 0, 0, 0, 0, 0, 0, 0, 0, 0, 0, 0, 0, 0, 0, 0, 0, 0, 0, 0, 0, 0, 0, 0, 0, 0, 0, 0, 0, 0, 0, 0, 0, 0, 0, 0, 0, 0, 0, 0, 0, 0, 0, 0, 0, 0, 0, 0, 0, 0, 0, 0, 0, 0, 0, 0, 0, 0, 0, 0, 0, 0, 0, 0, 0, 0, 0, 0, 0, 0, 0, 0, 0, 0, 0, 0, 0, 0, 0, 0, 0, 0, 0, 0, 0, 0, 0, 0, 0, 0, 0, 0, 0, 0, 0, 0, 0, 0, 0, 0, 0, 0, 0, 0, 0, 0, 0, 0, 0, 0, 0, 0, 0, 0, 0, 0, 0, 0, 0, 0, 0, 0, 0, 0, 0, 0, 0, 0, 0, 0, 0, 0, 0, 0, 0, 0, 0, 0, 0, 0, 0, 0, 0, 0, 0, 0, 0, 0, 0, 0, 0, 0, 0, 0, 0, 0, 0, 0, 0, 0, 0, 0, 0, 0, 0, 0, 0, 0, 0, 0, 0, 0, 0, 0, 0, 0, 0, 0, 0, 0, 0, 0, 0, 0, 0, 0, 0, 0, 0, 0, 0, 0, 0, 0, 0, 0, 0, 0, 0, 0, 0, 0, 0, 0, 0, 0, 0, 0, 0, 0, 0, 0, 0, 0, 0, 0, 0, 0, 0, 0, 0, 0, 0, 0, 0, 0, 0, 0, 0, 0, 0, 0, 0, 0, 0, 0, 0, 0, 0, 0, 0, 0, 0, 0, 0, 0, 0, 0, 0, 0, 0, 0, 0, 0, 0, 0, 0, 0, 0, 0, 0, 0, 0, 0, 0, 0, 0, 0, 0, 0, 0, 0, 0, 0, 0, 0, 0, 0, 0, 0, 0, 0, 0, 0, 0, 0, 0, 0, 0, 0, 0, 0, 0, 0, 0, 0, 0, 0, 0, 0, 0, 0, 0, 0, 0, 0, 0, 0, 0, 0, 0, 0, 0, 0, 0, 0, 0, 0, 0, 0, 0, 0, 0, 0, 0, 0, 0, 0, 0, 0, 0, 0, 0, 0, 0, 0, 0, 0, 0, 0, 0, 0, 0, 0, 0, 0, 0, 0, 0, 0, 0, 0, 0, 0, 0, 0, 0, 0, 0, 0, 0, 0, 0, 0, 0, 0, 0, 0, 0, 0, 0, 0, 0, 0, 0, 0, 0, 0, 0, 0, 0, 0, 0, 0, 0, 0, 0, 0, 0, 0, 0, 0, 0, 0, 0, 0, 0, 0, 0, 0, 0, 0, 0, 0, 0, 0, 0, 0, 0, 0, 0, 0, 0, 0, 0, 0, 0, 0, 0, 0, 0, 0, 0, 0, 0, 0, 0, 0, 0, 0, 0, 0, 0, 0, 0, 0, 0, 0, 0, 0, 0, 0, 0, 0, 0, 0, 0, 0, 0, 0, 0, 0, 0, 0, 0, 0, 0, 0, 0, 0, 0, 0, 0, 0, 0, 0, 0, 0, 0, 0, 0, 0, 0, 0, 0, 0, 0, 0, 0, 0, 0, 0, 0, 0, 0, 0, 0, 0, 0, 0, 0, 0, 0, 0, 0, 0, 0, 0, 0, 0, 0, 0, 0, 0, 0, 0, 0, 0, 0, 0, 0, 0, 0, 0, 0, 0, 0, 0, 0, 0, 0, 0, 0, 0, 0, 0, 0, 0, 0, 0, 0, 0, 0, 0, 0, 0, 0, 0, 0, 0, 0, 0, 0, 0, 0, 0, 0, 0, 0, 0], [0, 0, 0, 0, 0, 0, 0, 0, 0, 0, 0, 0, 0, 0, 0, 0, 0, 0, 0, 0, 0, 0, 0, 0, 0, 0, 0, 0, 0, 0, 0, 0, 0, 0, 0, 0, 0, 0, 0, 0, 0, 0, 0, 0, 0, 0, 0, 0, 0, 0, 0, 0, 0, 0, 0, 0, 0, 0, 0, 0, 0, 0, 0, 0, 0, 0, 0, 0, 0, 0, 0, 0, 0, 0, 0, 0, 0, 0, 0, 0, 0, 0, 0, 0, 0, 0, 0, 0, 0, 0, 0, 0, 0, 0, 0, 0, 0, 0, 0, 0, 0, 0, 0, 0, 0, 0, 0, 0, 0, 0, 0, 0, 0, 0, 0, 0, 0, 0, 0, 0, 0, 0, 0, 0, 0, 0, 0, 0, 0, 0, 0, 0, 0, 0, 0, 0, 0, 0, 0, 0, 0, 0, 0, 0, 0, 0, 0, 0, 0, 0, 0, 0, 0, 0, 0, 0, 0, 0, 0, 0, 0, 0, 0, 0, 0, 0, 0, 0, 0, 0, 0, 0, 0, 0, 0, 0, 0, 0, 0, 0, 0, 0, 0, 0, 0, 0, 0, 0, 0, 0, 0, 0, 0, 0, 0, 0, 0, 0, 0, 0, 0, 0, 0, 0, 0, 0, 0, 0, 0, 0, 0, 0, 0, 0, 0, 0, 0, 0, 0, 0, 0, 0, 0, 0, 0, 0, 0, 0, 0, 0, 0, 0, 0, 0, 0, 0, 0, 0, 0, 0, 0, 0, 0, 0, 0, 0, 0, 0, 0, 0, 0, 0, 0, 0, 0, 0, 0, 0, 0, 0, 0, 0, 0, 0, 0, 0, 0, 0, 0, 0, 0, 0, 0, 0, 0, 0, 0, 0, 0, 0, 0, 0, 0, 0, 0, 0, 0, 0, 0, 0, 0, 0, 0, 0, 0, 0, 0, 0, 0, 0, 0, 0, 0, 0, 0, 0, 0, 0, 0, 0, 0, 0, 0, 0, 0, 0, 0, 0, 0, 0, 0, 0, 0, 0, 0, 0, 0, 0, 0, 0, 0, 0, 0, 0, 0, 0, 0, 0, 0, 0, 0, 0, 0, 0, 0, 0, 0, 0, 0, 0, 0, 0, 0, 0, 0, 0, 0, 0, 0, 0, 0, 0, 0, 0, 0, 0, 0, 0, 0, 0, 0, 0, 0, 0, 0, 0, 0, 0, 0, 0, 0, 0, 0, 0, 0, 0, 0, 0, 0, 0, 0, 0, 0, 0, 0, 0, 0, 0, 0, 0, 0, 0, 0, 0, 0, 0, 0, 0, 0, 0, 0, 0, 0, 0, 0, 0, 0, 0, 0, 0, 0, 0, 0, 0, 0, 0, 0, 0, 0, 0, 0, 0, 0, 0, 0, 0, 0, 0, 0, 0, 0, 0, 0, 0, 0, 0, 0, 0, 0, 0, 0, 0, 0, 0, 0, 0, 0, 0, 0, 0, 0, 0, 0, 0, 0, 0, 0, 0, 0, 0, 0, 0, 0, 0, 0, 0, 0, 0, 0, 0, 0, 0, 0, 0, 0, 0, 0, 0, 0, 0, 0, 0, 0, 0, 0, 0, 0, 0, 0, 0, 0, 0, 0, 0, 0, 0, 0, 0, 0, 0, 0, 0, 0, 0, 0, 0, 0, 0, 0, 0, 0, 0, 0, 0, 0, 0, 0, 0, 0, 0, 0, 0, 0, 0, 0, 0, 0, 0, 0, 0, 0, 0, 0, 0, 0, 0, 0, 0, 0, 0, 0, 0, 0, 0, 0, 0, 0, 0, 0, 0, 0, 0, 0, 0, 0, 0, 0, 0, 0, 0, 0, 0, 0, 0, 0, 0, 0, 0, 0, 0, 0, 0, 0, 0, 0, 0, 0, 0, 0, 0, 0, 0, 0, 0, 0, 0, 0, 0, 0, 0, 0, 0, 0, 0, 0, 0, 0, 0, 0, 0, 0, 0, 0, 0, 0, 0, 0, 0, 0, 0, 0, 0, 0, 0, 0, 0, 0, 0, 0, 0, 0, 0, 0, 0, 0, 0, 0, 0, 0, 0, 0, 0, 0, 0, 0, 0, 0, 0, 0, 0, 0, 0, 0, 0, 0, 0, 0, 0, 0, 0, 0, 0, 0, 0, 0, 0, 0, 0, 0, 0, 0, 0, 0, 0, 0, 0, 0, 0, 0, 0, 0, 0, 0, 0, 0, 0, 0, 0, 0, 0, 0, 0, 0, 0, 0, 0, 0, 0, 0, 0, 0, 0, 0, 0, 0, 0, 0, 0, 0, 0, 0, 0, 0, 0, 0, 0, 0, 0, 0, 0, 0, 0, 0, 0, 0, 0, 0, 0, 0, 0, 0, 0, 0, 0, 0, 0, 0, 0, 0, 0, 0, 0, 0, 0, 0, 0, 0, 0, 0, 0, 0, 0, 0, 0, 0, 0, 0, 0, 0, 0, 0, 0, 0, 0, 0, 0, 0, 0, 0, 0, 0, 0, 0, 0, 0, 0, 0, 0, 0, 0, 0, 0, 0, 0, 0, 0, 0, 0, 0, 0, 0, 0, 0, 0, 0, 0, 0, 0, 0, 0, 0, 0, 0, 0, 0, 0, 0, 0, 0, 0, 0, 0, 0, 0, 0, 0, 0, 0, 0, 0, 0, 0, 0, 0, 0, 0, 0, 0, 0, 0, 0, 0, 0, 0, 0], [0, 0, 0, 0, 0, 0, 0, 0, 0, 0, 0, 0, 0, 0, 0, 0, 0, 0, 0, 0, 0, 0, 0, 0, 0, 0, 0, 0, 0, 0, 0, 0, 0, 0, 0, 0, 0, 0, 0, 0, 0, 0, 0, 0, 0, 0, 0, 0, 0, 0, 0, 0, 0, 0, 0, 0, 0, 0, 0, 0, 0, 0, 0, 0, 0, 0, 0, 0, 0, 0, 0, 0, 0, 0, 0, 0, 0, 0, 0, 0, 0, 0, 0, 0, 0, 0, 0, 0, 0, 0, 0, 0, 0, 0, 0, 0, 0, 0, 0, 0, 0, 0, 0, 0, 0, 0, 0, 0, 0, 0, 0, 0, 0, 0, 0, 0, 0, 0, 0, 0, 0, 0, 0, 0, 0, 0, 0, 0, 0, 0, 0, 0, 0, 0, 0, 0, 0, 0, 0, 0, 0, 0, 0, 0, 0, 0, 0, 0, 0, 0, 0, 0, 0, 0, 0, 0, 0, 0, 0, 0, 0, 0, 0, 0, 0, 0, 0, 0, 0, 0, 0, 0, 0, 0, 0, 0, 0, 0, 0, 0, 0, 0, 0, 0, 0, 0, 0, 0, 0, 0, 0, 0, 0, 0, 0, 0, 0, 0, 0, 0, 0, 0, 0, 0, 0, 0, 0, 0, 0, 0, 0, 0, 0, 0, 0, 0, 0, 0, 0, 0, 0, 0, 0, 0, 0, 0, 0, 0, 0, 0, 0, 0, 0, 0, 0, 0, 0, 0, 0, 0, 0, 0, 0, 0, 0, 0, 0, 0, 0, 0, 0, 0, 0, 0, 0, 0, 0, 0, 0, 0, 0, 0, 0, 0, 0, 0, 0, 0, 0, 0, 0, 0, 0, 0, 0, 0, 0, 0, 0, 0, 0, 0, 0, 0, 0, 0, 0, 0, 0, 0, 0, 0, 0, 0, 0, 0, 0, 0, 0, 0, 0, 0, 0, 0, 0, 0, 0, 0, 0, 0, 0, 0, 0, 0, 0, 0, 0, 0, 0, 0, 0, 0, 0, 0, 0, 0, 0, 0, 0, 0, 0, 0, 0, 0, 0, 0, 0, 0, 0, 0, 0, 0, 0, 0, 0, 0, 0, 0, 0, 0, 0, 0, 0, 0, 0, 0, 0, 0, 0, 0, 0, 0, 0, 0, 0, 0, 0, 0, 0, 0, 0, 0, 0, 0, 0, 0, 0, 0, 0, 0, 0, 0, 0, 0, 0, 0, 0, 0, 0, 0, 0, 0, 0, 0, 0, 0, 0, 0, 0, 0, 0, 0, 0, 0, 0, 0, 0, 0, 0, 0, 0, 0, 0, 0, 0, 0, 0, 0, 0, 0, 0, 0, 0, 0, 0, 0, 0, 0, 0, 0, 0, 0, 0, 0, 0, 0, 0, 0, 0, 0, 0, 0, 0, 0, 0, 0, 0, 0, 0, 0, 0, 0, 0, 0, 0, 0, 0, 0, 0, 0, 0, 0, 0, 0, 0, 0, 0, 0, 0, 0, 0, 0, 0, 0, 0, 0, 0, 0, 0, 0, 0, 0, 0, 0, 0, 0, 0, 0, 0, 0, 0, 0, 0, 0, 0, 0, 0, 0, 0, 0, 0, 0, 0, 0, 0, 0, 0, 0, 0, 0, 0, 0, 0, 0, 0, 0, 0, 0, 0, 0, 0, 0, 0, 0, 0, 0, 0, 0, 0, 0, 0, 0, 0, 0, 0, 0, 0, 0, 0, 0, 0, 0, 0, 0, 0, 0, 0, 0, 0, 0, 0, 0, 0, 0, 0, 0, 0, 0, 0, 0, 0, 0, 0, 0, 0, 0, 0, 0, 0, 0, 0, 0, 0, 0, 0, 0, 0, 0, 0, 0, 0, 0, 0, 0, 0, 0, 0, 0, 0, 0, 0, 0, 0, 0, 0, 0, 0, 0, 0, 0, 0, 0, 0, 0, 0, 0, 0, 0, 0, 0, 0, 0, 0, 0, 0, 0, 0, 0, 0, 0, 0, 0, 0, 0, 0, 0, 0, 0, 0, 0, 0, 0, 0, 0, 0, 0, 0, 0, 0, 0, 0, 0, 0, 0, 0, 0, 0, 0, 0, 0, 0, 0, 0, 0, 0, 0, 0, 0, 0, 0, 0, 0, 0, 0, 0, 0, 0, 0, 0, 0, 0, 0, 0, 0, 0, 0, 0, 0, 0, 0, 0, 0, 0, 0, 0, 0, 0, 0, 0, 0, 0, 0, 0, 0, 0, 0, 0, 0, 0, 0, 0, 0, 0, 0, 0, 0, 0, 0, 0, 0, 0, 0, 0, 0, 0, 0, 0, 0, 0, 0, 0, 0, 0, 0, 0, 0, 0, 0, 0, 0, 0, 0, 0, 0, 0, 0, 0, 0, 0, 0, 0, 0, 0, 0, 0, 0, 0, 0, 0, 0, 0, 0, 0, 0, 0, 0, 0, 0, 0, 0, 0, 0, 0, 0, 0, 0, 0, 0, 0, 0, 0, 0, 0, 0, 0, 0, 0, 0, 0, 0, 0, 0, 0, 0, 0, 0, 0, 0, 0, 0, 0, 0, 0, 0, 0, 0, 0, 0, 0, 0, 0, 0, 0, 0, 0, 0, 0, 0, 0, 0, 0, 0, 0, 0, 0, 0, 0, 0, 0, 0, 0, 0, 0, 0, 0, 0, 0, 0, 0, 0, 0, 0, 0, 0], [0, 0, 0, 0, 0, 0, 0, 0, 0, 0, 0, 0, 0, 0, 0, 0, 0, 0, 0, 0, 0, 0, 0, 0, 0, 0, 0, 0, 0, 0, 0, 0, 0, 0, 0, 0, 0, 0, 0, 0, 0, 0, 0, 0, 0, 0, 0, 0, 0, 0, 0, 0, 0, 0, 0, 0, 0, 0, 0, 0, 0, 0, 0, 0, 0, 0, 0, 0, 0, 0, 0, 0, 0, 0, 0, 0, 0, 0, 0, 0, 0, 0, 0, 0, 0, 0, 0, 0, 0, 0, 0, 0, 0, 0, 0, 0, 0, 0, 0, 0, 0, 0, 0, 0, 0, 0, 0, 0, 0, 0, 0, 0, 0, 0, 0, 0, 0, 0, 0, 0, 0, 0, 0, 0, 0, 0, 0, 0, 0, 0, 0, 0, 0, 0, 0, 0, 0, 0, 0, 0, 0, 0, 0, 0, 0, 0, 0, 0, 0, 0, 0, 0, 0, 0, 0, 0, 0, 0, 0, 0, 0, 0, 0, 0, 0, 0, 0, 0, 0, 0, 0, 0, 0, 0, 0, 0, 0, 0, 0, 0, 0, 0, 0, 0, 0, 0, 0, 0, 0, 0, 0, 0, 0, 0, 0, 0, 0, 0, 0, 0, 0, 0, 0, 0, 0, 0, 0, 0, 0, 0, 0, 0, 0, 0, 0, 0, 0, 0, 0, 0, 0, 0, 0, 0, 0, 0, 0, 0, 0, 0, 0, 0, 0, 0, 0, 0, 0, 0, 0, 0, 0, 0, 0, 0, 0, 0, 0, 0, 0, 0, 0, 0, 0, 0, 0, 0, 0, 0, 0, 0, 0, 0, 0, 0, 0, 0, 0, 0, 0, 0, 0, 0, 0, 0, 0, 0, 0, 0, 0, 0, 0, 0, 0, 0, 0, 0, 0, 0, 0, 0, 0, 0, 0, 0, 0, 0, 0, 0, 0, 0, 0, 0, 0, 0, 0, 0, 0, 0, 0, 0, 0, 0, 0, 0, 0, 0, 0, 0, 0, 0, 0, 0, 0, 0, 0, 0, 0, 0, 0, 0, 0, 0, 0, 0, 0, 0, 0, 0, 0, 0, 0, 0, 0, 0, 0, 0, 0, 0, 0, 0, 0, 0, 0, 0, 0, 0, 0, 0, 0, 0, 0, 0, 0, 0, 0, 0, 0, 0, 0, 0, 0, 0, 0, 0, 0, 0, 0, 0, 0, 0, 0, 0, 0, 0, 0, 0, 0, 0, 0, 0, 0, 0, 0, 0, 0, 0, 0, 0, 0, 0, 0, 0, 0, 0, 0, 0, 0, 0, 0, 0, 0, 0, 0, 0, 0, 0, 0, 0, 0, 0, 0, 0, 0, 0, 0, 0, 0, 0, 0, 0, 0, 0, 0, 0, 0, 0, 0, 0, 0, 0, 0, 0, 0, 0, 0, 0, 0, 0, 0, 0, 0, 0, 0, 0, 0, 0, 0, 0, 0, 0, 0, 0, 0, 0, 0, 0, 0, 0, 0, 0, 0, 0, 0, 0, 0, 0, 0, 0, 0, 0, 0, 0, 0, 0, 0, 0, 0, 0, 0, 0, 0, 0, 0, 0, 0, 0, 0, 0, 0, 0, 0, 0, 0, 0, 0, 0, 0, 0, 0, 0, 0, 0, 0, 0, 0, 0, 0, 0, 0, 0, 0, 0, 0, 0, 0, 0, 0, 0, 0, 0, 0, 0, 0, 0, 0, 0, 0, 0, 0, 0, 0, 0, 0, 0, 0, 0, 0, 0, 0, 0, 0, 0, 0, 0, 0, 0, 0, 0, 0, 0, 0, 0, 0, 0, 0, 0, 0, 0, 0, 0, 0, 0, 0, 0, 0, 0, 0, 0, 0, 0, 0, 0, 0, 0, 0, 0, 0, 0, 0, 0, 0, 0, 0, 0, 0, 0, 0, 0, 0, 0, 0, 0, 0, 0, 0, 0, 0, 0, 0, 0, 0, 0, 0, 0, 0, 0, 0, 0, 0, 0, 0, 0, 0, 0, 0, 0, 0, 0, 0, 0, 0, 0, 0, 0, 0, 0, 0, 0, 0, 0, 0, 0, 0, 0, 0, 0, 0, 0, 0, 0, 0, 0, 0, 0, 0, 0, 0, 0, 0, 0, 0, 0, 0, 0, 0, 0, 0, 0, 0, 0, 0, 0, 0, 0, 0, 0, 0, 0, 0, 0, 0, 0, 0, 0, 0, 0, 0, 0, 0, 0, 0, 0, 0, 0, 0, 0, 0, 0, 0, 0, 0, 0, 0, 0, 0, 0, 0, 0, 0, 0, 0, 0, 0, 0, 0, 0, 0, 0, 0, 0, 0, 0, 0, 0, 0, 0, 0, 0, 0, 0, 0, 0, 0, 0, 0, 0, 0, 0, 0, 0, 0, 0, 0, 0, 0, 0, 0, 0, 0, 0, 0, 0, 0, 0, 0, 0, 0, 0, 0, 0, 0, 0, 0, 0, 0, 0, 0, 0, 0, 0, 0, 0, 0, 0, 0, 0, 0, 0, 0, 0, 0, 0, 0, 0, 0, 0, 0, 0, 0, 0, 0, 0, 0, 0, 0, 0, 0, 0, 0, 0, 0, 0, 0, 0, 0, 0, 0, 0, 0, 0, 0, 0, 0, 0, 0, 0, 0, 0, 0, 0, 0, 0, 0, 0, 0, 0, 0, 0, 0, 0, 0, 0, 0, 0, 0, 0, 0, 0, 0, 0, 0, 0, 0, 0, 0, 0, 0], [0, 0, 0, 0, 0, 0, 0, 0, 0, 0, 0, 0, 0, 0, 0, 0, 0, 0, 0, 0, 0, 0, 0, 0, 0, 0, 0, 0, 0, 0, 0, 0, 0, 0, 0, 0, 0, 0, 0, 0, 0, 0, 0, 0, 0, 0, 0, 0, 0, 0, 0, 0, 0, 0, 0, 0, 0, 0, 0, 0, 0, 0, 0, 0, 0, 0, 0, 0, 0, 0, 0, 0, 0, 0, 0, 0, 0, 0, 0, 0, 0, 0, 0, 0, 0, 0, 0, 0, 0, 0, 0, 0, 0, 0, 0, 0, 0, 0, 0, 0, 0, 0, 0, 0, 0, 0, 0, 0, 0, 0, 0, 0, 0, 0, 0, 0, 0, 0, 0, 0, 0, 0, 0, 0, 0, 0, 0, 0, 0, 0, 0, 0, 0, 0, 0, 0, 0, 0, 0, 0, 0, 0, 0, 0, 0, 0, 0, 0, 0, 0, 0, 0, 0, 0, 0, 0, 0, 0, 0, 0, 0, 0, 0, 0, 0, 0, 0, 0, 0, 0, 0, 0, 0, 0, 0, 0, 0, 0, 0, 0, 0, 0, 0, 0, 0, 0, 0, 0, 0, 0, 0, 0, 0, 0, 0, 0, 0, 0, 0, 0, 0, 0, 0, 0, 0, 0, 0, 0, 0, 0, 0, 0, 0, 0, 0, 0, 0, 0, 0, 0, 0, 0, 0, 0, 0, 0, 0, 0, 0, 0, 0, 0, 0, 0, 0, 0, 0, 0, 0, 0, 0, 0, 0, 0, 0, 0, 0, 0, 0, 0, 0, 0, 0, 0, 0, 0, 0, 0, 0, 0, 0, 0, 0, 0, 0, 0, 0, 0, 0, 0, 0, 0, 0, 0, 0, 0, 0, 0, 0, 0, 0, 0, 0, 0, 0, 0, 0, 0, 0, 0, 0, 0, 0, 0, 0, 0, 0, 0, 0, 0, 0, 0, 0, 0, 0, 0, 0, 0, 0, 0, 0, 0, 0, 0, 0, 0, 0, 0, 0, 0, 0, 0, 0, 0, 0, 0, 0, 0, 0, 0, 0, 0, 0, 0, 0, 0, 0, 0, 0, 0, 0, 0, 0, 0, 0, 0, 0, 0, 0, 0, 0, 0, 0, 0, 0, 0, 0, 0, 0, 0, 0, 0, 0, 0, 0, 0, 0, 0, 0, 0, 0, 0, 0, 0, 0, 0, 0, 0, 0, 0, 0, 0, 0, 0, 0, 0, 0, 0, 0, 0, 0, 0, 0, 0, 0, 0, 0, 0, 0, 0, 0, 0, 0, 0, 0, 0, 0, 0, 0, 0, 0, 0, 0, 0, 0, 0, 0, 0, 0, 0, 0, 0, 0, 0, 0, 0, 0, 0, 0, 0, 0, 0, 0, 0, 0, 0, 0, 0, 0, 0, 0, 0, 0, 0, 0, 0, 0, 0, 0, 0, 0, 0, 0, 0, 0, 0, 0, 0, 0, 0, 0, 0, 0, 0, 0, 0, 0, 0, 0, 0, 0, 0, 0, 0, 0, 0, 0, 0, 0, 0, 0, 0, 0, 0, 0, 0, 0, 0, 0, 0, 0, 0, 0, 0, 0, 0, 0, 0, 0, 0, 0, 0, 0, 0, 0, 0, 0, 0, 0, 0, 0, 0, 0, 0, 0, 0, 0, 0, 0, 0, 0, 0, 0, 0, 0, 0, 0, 0, 0, 0, 0, 0, 0, 0, 0, 0, 0, 0, 0, 0, 0, 0, 0, 0, 0, 0, 0, 0, 0, 0, 0, 0, 0, 0, 0, 0, 0, 0, 0, 0, 0, 0, 0, 0, 0, 0, 0, 0, 0, 0, 0, 0, 0, 0, 0, 0, 0, 0, 0, 0, 0, 0, 0, 0, 0, 0, 0, 0, 0, 0, 0, 0, 0, 0, 0, 0, 0, 0, 0, 0, 0, 0, 0, 0, 0, 0, 0, 0, 0, 0, 0, 0, 0, 0, 0, 0, 0, 0, 0, 0, 0, 0, 0, 0, 0, 0, 0, 0, 0, 0, 0, 0, 0, 0, 0, 0, 0, 0, 0, 0, 0, 0, 0, 0, 0, 0, 0, 0, 0, 0, 0, 0, 0, 0, 0, 0, 0, 0, 0, 0, 0, 0, 0, 0, 0, 0, 0, 0, 0, 0, 0, 0, 0, 0, 0, 0, 0, 0, 0, 0, 0, 0, 0, 0, 0, 0, 0, 0, 0, 0, 0, 0, 0, 0, 0, 0, 0, 0, 0, 0, 0, 0, 0, 0, 0, 0, 0, 0, 0, 0, 0, 0, 0, 0, 0, 0, 0, 0, 0, 0, 0, 0, 0, 0, 0, 0, 0, 0, 0, 0, 0, 0, 0, 0, 0, 0, 0, 0, 0, 0, 0, 0, 0, 0, 0, 0, 0, 0, 0, 0, 0, 0, 0, 0, 0, 0, 0, 0, 0, 0, 0, 0, 0, 0, 0, 0, 0, 0, 0, 0, 0, 0, 0, 0, 0, 0, 0, 0, 0, 0, 0, 0, 0, 0, 0, 0, 0, 0, 0, 0, 0, 0, 0, 0, 0, 0, 0, 0, 0, 0, 0, 0, 0, 0, 0, 0, 0, 0, 0, 0, 0, 0, 0, 0, 0, 0, 0, 0, 0, 0, 0, 0, 0, 0, 0, 0, 0, 0, 0, 0, 0, 0, 0, 0, 0, 0, 0, 0, 0, 0, 0, 0, 0, 0, 0, 0, 0, 0, 0, 0, 0, 0, 0, 0, 0, 0, 0, 0, 0, 0, 0, 0, 0, 0, 0, 0, 0, 0, 0, 0, 0, 0, 0, 0, 0, 0, 0, 0, 0, 0, 0, 0, 0, 0, 0, 0, 0, 0, 0, 0, 0, 0, 0, 0, 0, 0, 0, 0, 0, 0, 0, 0, 0, 0, 0, 0, 0, 0, 0, 0, 0, 0, 0, 0, 0, 0, 0, 0, 0, 0, 0, 0, 0, 0, 0, 0, 0, 0, 0, 0, 0, 0, 0, 0, 0, 0, 0, 0, 0, 0, 0, 0, 0, 0, 0, 0, 0, 0, 0, 0, 0, 0, 0, 0, 0, 0, 0, 0, 0, 0, 0, 0, 0, 0, 0, 0, 0, 0, 0, 0, 0, 0, 0, 0, 0, 0, 0, 0, 0, 0, 0, 0, 0, 0, 0, 0, 0, 0, 0, 0, 0, 0, 0, 0, 0, 0, 0, 0, 0, 0, 0, 0, 0, 0, 0, 0, 0, 0, 0, 0, 0, 0, 0, 0, 0, 0, 0, 0, 0, 0, 0, 0, 0, 0, 0, 0, 0, 0, 0, 0, 0, 0, 0, 0, 0, 0, 0, 0, 0, 0, 0, 0, 0, 0, 0, 0, 0, 0, 0, 0, 0, 0, 0, 0, 0, 0, 0, 0, 0, 0, 0, 0, 0, 0, 0, 0, 0, 0, 0, 0, 0, 0, 0, 0, 0, 0, 0, 0, 0, 0, 0, 0, 0, 0, 0, 0, 0, 0, 0, 0, 0, 0, 0, 0, 0, 0, 0, 0, 0, 0, 0, 0, 0, 0, 0, 0, 0, 0, 0, 0, 0, 0, 0, 0, 0, 0, 0, 0, 0, 0, 0, 0, 0, 0, 0, 0, 0, 0, 0, 0, 0, 0, 0, 0, 0, 0, 0, 0, 0, 0, 0, 0, 0, 0, 0, 0, 0, 0, 0, 0, 0, 0, 0, 0, 0, 0, 0, 0, 0, 0, 0, 0, 0, 0, 0, 0, 0, 0, 0, 0, 0, 0, 0, 0, 0, 0, 0, 0, 0, 0, 0, 0, 0, 0, 0, 0, 0, 0, 0, 0, 0, 0, 0, 0, 0, 0, 0, 0, 0, 0, 0, 0, 0, 0, 0, 0, 0, 0, 0, 0, 0, 0, 0, 0, 0, 0, 0, 0, 0, 0, 0, 0, 0, 0, 0, 0, 0, 0, 0, 0, 0, 0, 0, 0, 0, 0, 0, 0, 0, 0, 0, 0, 0, 0, 0, 0, 0, 0, 0, 0, 0, 0, 0, 0, 0, 0, 0, 0, 0, 0, 0, 0, 0, 0, 0, 0, 0, 0, 0, 0, 0, 0, 0, 0, 0, 0, 0, 0, 0, 0, 0, 0, 0, 0, 0, 0, 0, 0, 0, 0, 0, 0, 0, 0, 0, 0, 0, 0, 0, 0, 0, 0, 0, 0, 0, 0, 0, 0, 0, 0, 0, 0, 0, 0, 0, 0, 0, 0, 0, 0, 0, 0, 0, 0, 0, 0, 0, 0, 0, 0, 0, 0, 0, 0, 0, 0, 0, 0, 0, 0, 0, 0, 0, 0, 0, 0, 0, 0, 0, 0, 0, 0, 0, 0, 0, 0, 0, 0, 0, 0, 0, 0, 0, 0, 0, 0, 0, 0, 0, 0, 0, 0, 0, 0, 0, 0, 0, 0, 0, 0, 0, 0, 0, 0, 0, 0, 0, 0, 0, 0, 0, 0, 0, 0, 0, 0, 0, 0, 0, 0, 0, 0, 0, 0, 0, 0, 0, 0, 0, 0, 0, 0, 0, 0, 0, 0, 0, 0, 0, 0, 0, 0, 0, 0, 0, 0, 0, 0, 0, 0, 0, 0, 0, 0, 0, 0, 0, 0, 0, 0, 0, 0, 0, 0, 0, 0, 0, 0, 0, 0, 0, 0, 0, 0, 0, 0, 0, 0, 0, 0, 0, 0, 0, 0, 0, 0, 0, 0, 0, 0, 0, 0, 0, 0, 0, 0, 0, 0, 0, 0, 0, 0, 0, 0, 0, 0, 0, 0, 0, 0, 0, 0, 0, 0, 0, 0, 0, 0, 0, 0, 0, 0, 0, 0, 0, 0, 0, 0, 0, 0, 0, 0, 0, 0, 0, 0, 0, 0, 0, 0, 0, 0, 0, 0, 0, 0, 0, 0, 0, 0, 0, 0, 0, 0, 0, 0, 0, 0, 0, 0, 0, 0, 0, 0, 0, 0, 0, 0, 0, 0, 0, 0, 0, 0, 0, 0, 0, 0, 0, 0, 0, 0, 0, 0, 0, 0, 0, 0, 0, 0, 0, 0, 0, 0, 0, 0, 0, 0, 0, 0, 0, 0, 0, 0, 0, 0, 0, 0, 0, 0, 0, 0, 0, 0, 0, 0, 0, 0, 0, 0, 0, 0, 0, 0, 0, 0, 0, 0, 0, 0, 0, 0, 0, 0, 0, 0, 0, 0, 0, 0, 0, 0, 0, 0, 0, 0, 0, 0, 0, 0, 0, 0, 0, 0, 0, 0, 0, 0, 0, 0, 0, 0, 0, 0, 0, 0, 0, 0, 0]]
  apply_query_key_layer_scaling ................... True
  apply_residual_connection_post_layernorm ........ False
  attention_dropout ............................... 0.1
  attention_softmax_in_fp32 ....................... False
  batch_size ...................................... None
  bert_binary_head ................................ True
  bert_load ....................................... None
  bf16 ............................................ False
  bias_dropout_fusion ............................. True
  bias_gelu_fusion ................................ True
  biencoder_projection_dim ........................ 0
  biencoder_shared_query_context_model ............ False
  block_data_path ................................. None
  checkpoint_activations .......................... [True, True, True, True, True, True, True]
  checkpoint_num_layers ........................... 1
  checkpoint_stages ............................... []
  clip_grad ....................................... 1.0
  consumed_train_samples .......................... 0
  consumed_valid_samples .......................... 0
  data_impl ....................................... mmap
  data_parallel_size_of_each_op ................... [[1, 1, 1, 1, 1, 1, 1, 1, 1, 1, 1, 1, 1, 1, 1, 1, 1, 1, 1, 1, 1, 1, 1, 1, 1, 1, 1, 1, 1, 1, 1, 1, 1, 1, 1, 1, 1, 1, 1, 1, 1, 1, 1, 1, 1, 1, 1, 1, 1, 1, 1, 1, 1, 1, 1, 1, 1, 1, 1, 1, 1, 1, 1, 1, 1, 1, 1, 1, 1, 1, 1, 1, 1, 1, 1, 1, 1, 1, 1, 1, 1, 1, 1, 1, 1, 1, 1, 1, 1, 1, 1, 1, 1, 1, 1, 1, 1, 1, 1, 1, 1, 1, 1, 1, 1, 1, 1, 1, 1, 1, 1, 1, 1, 1, 1, 1, 1, 1, 1, 1, 1, 1, 1, 1, 1, 1, 1, 1, 1, 1, 1, 1, 1, 1, 1, 1, 1, 1, 1, 1, 1, 1, 1, 1, 1, 1, 1, 1, 1, 1, 1, 1, 1, 1, 1, 1, 1, 1, 1, 1, 1, 1, 1, 1, 1, 1, 1, 1, 1, 1, 1, 1, 1, 1, 1, 1, 1, 1, 1, 1, 1, 1, 1, 1, 1, 1, 1, 1, 1, 1, 1, 1, 1, 1, 1, 1, 1, 1, 1, 1, 1, 1, 1, 1, 1, 1, 1, 1, 1, 1, 1, 1, 1, 1, 1, 1, 1, 1, 1, 1, 1, 1, 1, 1, 1, 1, 1, 1, 1, 1, 1, 1, 1, 1, 1, 1, 1, 1, 1, 1, 1, 1, 1, 1, 1, 1, 1, 1, 1, 1, 1, 1, 1, 1, 1, 1, 1, 1, 1, 1, 1, 1, 1, 1, 1, 1, 1, 1, 1, 1, 1, 1, 1, 1, 1, 1, 1, 1, 1, 1, 1, 1, 1, 1, 1, 1, 1, 1, 1, 1, 1, 1, 1, 1, 1, 1, 1, 1, 1, 1, 1, 1, 1, 1, 1, 1, 1, 1, 1, 1, 1, 1, 1, 1, 1, 1, 1, 1, 1, 1, 1, 1, 1, 1, 1, 1, 1, 1, 1, 1, 1, 1, 1, 1, 1, 1, 1, 1, 1, 1, 1, 1, 1, 1, 1, 1, 1, 1, 1, 1, 1, 1, 1, 1, 1, 1, 1, 1, 1, 1, 1, 1, 1, 1, 1, 1, 1, 1, 1, 1, 1, 1, 1, 1, 1, 1, 1, 1, 1, 1, 1, 1, 1, 1, 1, 1, 1, 1, 1, 1, 1, 1, 1, 1, 1, 1, 1, 1, 1, 1, 1, 1, 1, 1, 1, 1, 1, 1, 1, 1, 1, 1, 1, 1, 1, 1, 1, 1, 1, 1, 1, 1, 1, 1, 1, 1, 1, 1, 1, 1, 1, 1, 1, 1, 1, 1, 1, 1, 1, 1, 1, 1, 1, 1, 1, 1, 1, 1, 1, 1, 1, 1, 1, 1, 1, 1, 1, 1, 1, 1, 1, 1, 1, 1, 1, 1, 1, 1, 1, 1, 1, 1, 1, 1, 1, 1, 1, 1, 1, 1, 1, 1, 1, 1, 1, 1, 1, 1, 1, 1, 1, 1, 1, 1, 1, 1, 1, 1, 1, 1, 1, 1, 1, 1, 1, 1, 1, 1, 1, 1, 1, 1, 1, 1, 1, 1, 1, 1, 1, 1, 1, 1, 1, 1, 1, 1, 1, 1, 1, 1, 1, 1, 1, 1, 1, 1, 1, 1, 1, 1, 1, 1, 1, 1, 1, 1, 1, 1, 1, 1, 1, 1, 1, 1, 1, 1, 1, 1, 1, 1, 1, 1, 1, 1, 1, 1, 1, 1, 1, 1, 1, 1, 1, 1, 1, 1, 1, 1, 1, 1, 1, 1, 1, 1, 1, 1, 1, 1, 1, 1, 1, 1, 1, 1, 1, 1, 1, 1, 1, 1, 1, 1, 1, 1, 1, 1, 1, 1, 1, 1, 1, 1, 1, 1, 1, 1, 1, 1, 1, 1, 1, 1, 1, 1, 1, 1, 1, 1, 1, 1, 1, 1, 1, 1, 1, 1, 1, 1, 1, 1, 1, 1, 1, 1, 1, 1, 1, 1, 1, 1, 1, 1, 1, 1, 1, 1, 1, 1, 1, 1, 1, 1, 1, 1, 1, 1, 1, 1, 1, 1, 1, 1, 1, 1, 1, 1, 1, 1, 1, 1, 1, 1, 1, 1, 1, 1, 1, 1, 1, 1, 1, 1, 1, 1, 1, 1, 1, 1, 1, 1, 1, 1, 1, 1, 1, 1, 1, 1, 1, 1, 1, 1, 1, 1, 1, 1, 1, 1, 1, 1, 1, 1, 1, 1, 1, 1, 1, 1, 1, 1, 1, 1, 1, 1, 1, 1, 1, 1, 1, 1, 1, 1, 1, 1, 1, 1, 1, 1, 1, 1, 1, 1, 1, 1, 1, 1, 1, 1, 1, 1, 1, 1, 1, 1, 1, 1, 1, 1, 1, 1, 1, 1, 1, 1, 1, 1, 1, 1, 1, 1, 1, 1, 1, 1, 1, 1, 1, 1, 1, 1, 1, 1, 1, 1, 1, 1, 1, 1, 1, 1, 1, 1, 1, 1, 1, 1, 1, 1, 1, 1, 1, 1, 1, 1, 1, 1, 1, 1, 1, 1, 1, 1, 1, 1, 1, 1, 1, 1, 1, 1], [1, 1, 1, 1, 1, 1, 1, 1, 1, 1, 1, 1, 1, 1, 1, 1, 1, 1, 1, 1, 1, 1, 1, 1, 1, 1, 1, 1, 1, 1, 1, 1, 1, 1, 1, 1, 1, 1, 1, 1, 1, 1, 1, 1, 1, 1, 1, 1, 1, 1, 1, 1, 1, 1, 1, 1, 1, 1, 1, 1, 1, 1, 1, 1, 1, 1, 1, 1, 1, 1, 1, 1, 1, 1, 1, 1, 1, 1, 1, 1, 1, 1, 1, 1, 1, 1, 1, 1, 1, 1, 1, 1, 1, 1, 1, 1, 1, 1, 1, 1, 1, 1, 1, 1, 1, 1, 1, 1, 1, 1, 1, 1, 1, 1, 1, 1, 1, 1, 1, 1, 1, 1, 1, 1, 1, 1, 1, 1, 1, 1, 1, 1, 1, 1, 1, 1, 1, 1, 1, 1, 1, 1, 1, 1, 1, 1, 1, 1, 1, 1, 1, 1, 1, 1, 1, 1, 1, 1, 1, 1, 1, 1, 1, 1, 1, 1, 1, 1, 1, 1, 1, 1, 1, 1, 1, 1, 1, 1, 1, 1, 1, 1, 1, 1, 1, 1, 1, 1, 1, 1, 1, 1, 1, 1, 1, 1, 1, 1, 1, 1, 1, 1, 1, 1, 1, 1, 1, 1, 1, 1, 1, 1, 1, 1, 1, 1, 1, 1, 1, 1, 1, 1, 1, 1, 1, 1, 1, 1, 1, 1, 1, 1, 1, 1, 1, 1, 1, 1, 1, 1, 1, 1, 1, 1, 1, 1, 1, 1, 1, 1, 1, 1, 1, 1, 1, 1, 1, 1, 1, 1, 1, 1, 1, 1, 1, 1, 1, 1, 1, 1, 1, 1, 1, 1, 1, 1, 1, 1, 1, 1, 1, 1, 1, 1, 1, 1, 1, 1, 1, 1, 1, 1, 1, 1, 1, 1, 1, 1, 1, 1, 1, 1, 1, 1, 1, 1, 1, 1, 1, 1, 1, 1, 1, 1, 1, 1, 1, 1, 1, 1, 1, 1, 1, 1, 1, 1, 1, 1, 1, 1, 1, 1, 1, 1, 1, 1, 1, 1, 1, 1, 1, 1, 1, 1, 1, 1, 1, 1, 1, 1, 1, 1, 1, 1, 1, 1, 1, 1, 1, 1, 1, 1, 1, 1, 1, 1, 1, 1, 1, 1, 1, 1, 1, 1, 1, 1, 1, 1, 1, 1, 1, 1, 1, 1, 1, 1, 1, 1, 1, 1, 1, 1, 1, 1, 1, 1, 1, 1, 1, 1, 1, 1, 1, 1, 1, 1, 1, 1, 1, 1, 1, 1, 1, 1, 1, 1, 1, 1, 1, 1, 1, 1, 1, 1, 1, 1, 1, 1, 1, 1, 1, 1, 1, 1, 1, 1, 1, 1, 1, 1, 1, 1, 1, 1, 1, 1, 1, 1, 1, 1, 1, 1, 1, 1, 1, 1, 1, 1, 1, 1, 1, 1, 1, 1, 1, 1, 1, 1, 1, 1, 1, 1, 1, 1, 1, 1, 1, 1, 1, 1, 1, 1, 1, 1, 1, 1, 1, 1, 1, 1, 1, 1, 1, 1, 1, 1, 1, 1, 1, 1, 1, 1, 1, 1, 1, 1, 1, 1, 1, 1, 1, 1, 1, 1, 1, 1, 1, 1, 1, 1, 1, 1, 1, 1, 1, 1, 1, 1, 1, 1, 1, 1, 1, 1, 1, 1, 1, 1, 1, 1, 1, 1, 1, 1, 1, 1, 1, 1, 1, 1, 1, 1, 1, 1, 1, 1, 1, 1, 1, 1, 1, 1, 1, 1, 1, 1, 1, 1, 1, 1, 1, 1, 1, 1, 1, 1, 1, 1, 1, 1, 1, 1, 1, 1, 1, 1, 1, 1, 1, 1, 1, 1, 1, 1, 1, 1, 1, 1, 1, 1, 1, 1, 1, 1, 1, 1, 1, 1, 1, 1, 1, 1, 1, 1, 1, 1, 1, 1, 1, 1, 1, 1, 1, 1, 1, 1, 1, 1, 1, 1, 1, 1, 1, 1, 1, 1, 1, 1, 1, 1, 1, 1, 1, 1, 1, 1, 1, 1, 1, 1, 1, 1, 1, 1, 1, 1, 1, 1, 1, 1, 1, 1, 1, 1, 1, 1, 1, 1, 1, 1, 1, 1, 1, 1, 1, 1, 1, 1, 1, 1, 1, 1, 1, 1, 1, 1, 1, 1, 1, 1, 1, 1, 1, 1, 1, 1, 1, 1, 1, 1, 1, 1, 1, 1, 1, 1, 1, 1, 1, 1, 1, 1, 1, 1, 1, 1, 1, 1, 1, 1, 1, 1, 1, 1, 1, 1, 1, 1, 1, 1, 1, 1, 1, 1, 1, 1, 1, 1, 1, 1, 1, 1, 1, 1, 1, 1, 1, 1, 1, 1, 1, 1, 1, 1, 1, 1, 1, 1, 1, 1, 1, 1, 1, 1, 1, 1, 1, 1, 1, 1, 1, 1, 1, 1, 1, 1, 1, 1, 1, 1, 1, 1, 1, 1, 1, 1, 1, 1, 1, 1, 1, 1, 1, 1, 1, 1, 1, 1, 1, 1, 1, 1, 1, 1, 1, 1, 1, 1, 1, 1, 1, 1, 1, 1, 1, 1, 1, 1, 1, 1, 1, 1, 1, 1, 1, 1, 1, 1, 1, 1, 1], [1, 1, 1, 1, 1, 1, 1, 1, 1, 1, 1, 1, 1, 1, 1, 1, 1, 1, 1, 1, 1, 1, 1, 1, 1, 1, 1, 1, 1, 1, 1, 1, 1, 1, 1, 1, 1, 1, 1, 1, 1, 1, 1, 1, 1, 1, 1, 1, 1, 1, 1, 1, 1, 1, 1, 1, 1, 1, 1, 1, 1, 1, 1, 1, 1, 1, 1, 1, 1, 1, 1, 1, 1, 1, 1, 1, 1, 1, 1, 1, 1, 1, 1, 1, 1, 1, 1, 1, 1, 1, 1, 1, 1, 1, 1, 1, 1, 1, 1, 1, 1, 1, 1, 1, 1, 1, 1, 1, 1, 1, 1, 1, 1, 1, 1, 1, 1, 1, 1, 1, 1, 1, 1, 1, 1, 1, 1, 1, 1, 1, 1, 1, 1, 1, 1, 1, 1, 1, 1, 1, 1, 1, 1, 1, 1, 1, 1, 1, 1, 1, 1, 1, 1, 1, 1, 1, 1, 1, 1, 1, 1, 1, 1, 1, 1, 1, 1, 1, 1, 1, 1, 1, 1, 1, 1, 1, 1, 1, 1, 1, 1, 1, 1, 1, 1, 1, 1, 1, 1, 1, 1, 1, 1, 1, 1, 1, 1, 1, 1, 1, 1, 1, 1, 1, 1, 1, 1, 1, 1, 1, 1, 1, 1, 1, 1, 1, 1, 1, 1, 1, 1, 1, 1, 1, 1, 1, 1, 1, 1, 1, 1, 1, 1, 1, 1, 1, 1, 1, 1, 1, 1, 1, 1, 1, 1, 1, 1, 1, 1, 1, 1, 1, 1, 1, 1, 1, 1, 1, 1, 1, 1, 1, 1, 1, 1, 1, 1, 1, 1, 1, 1, 1, 1, 1, 1, 1, 1, 1, 1, 1, 1, 1, 1, 1, 1, 1, 1, 1, 1, 1, 1, 1, 1, 1, 1, 1, 1, 1, 1, 1, 1, 1, 1, 1, 1, 1, 1, 1, 1, 1, 1, 1, 1, 1, 1, 1, 1, 1, 1, 1, 1, 1, 1, 1, 1, 1, 1, 1, 1, 1, 1, 1, 1, 1, 1, 1, 1, 1, 1, 1, 1, 1, 1, 1, 1, 1, 1, 1, 1, 1, 1, 1, 1, 1, 1, 1, 1, 1, 1, 1, 1, 1, 1, 1, 1, 1, 1, 1, 1, 1, 1, 1, 1, 1, 1, 1, 1, 1, 1, 1, 1, 1, 1, 1, 1, 1, 1, 1, 1, 1, 1, 1, 1, 1, 1, 1, 1, 1, 1, 1, 1, 1, 1, 1, 1, 1, 1, 1, 1, 1, 1, 1, 1, 1, 1, 1, 1, 1, 1, 1, 1, 1, 1, 1, 1, 1, 1, 1, 1, 1, 1, 1, 1, 1, 1, 1, 1, 1, 1, 1, 1, 1, 1, 1, 1, 1, 1, 1, 1, 1, 1, 1, 1, 1, 1, 1, 1, 1, 1, 1, 1, 1, 1, 1, 1, 1, 1, 1, 1, 1, 1, 1, 1, 1, 1, 1, 1, 1, 1, 1, 1, 1, 1, 1, 1, 1, 1, 1, 1, 1, 1, 1, 1, 1, 1, 1, 1, 1, 1, 1, 1, 1, 1, 1, 1, 1, 1, 1, 1, 1, 1, 1, 1, 1, 1, 1, 1, 1, 1, 1, 1, 1, 1, 1, 1, 1, 1, 1, 1, 1, 1, 1, 1, 1, 1, 1, 1, 1, 1, 1, 1, 1, 1, 1, 1, 1, 1, 1, 1, 1, 1, 1, 1, 1, 1, 1, 1, 1, 1, 1, 1, 1, 1, 1, 1, 1, 1, 1, 1, 1, 1, 1, 1, 1, 1, 1, 1, 1, 1, 1, 1, 1, 1, 1, 1, 1, 1, 1, 1, 1, 1, 1, 1, 1, 1, 1, 1, 1, 1, 1, 1, 1, 1, 1, 1, 1, 1, 1, 1, 1, 1, 1, 1, 1, 1, 1, 1, 1, 1, 1, 1, 1, 1, 1, 1, 1, 1, 1, 1, 1, 1, 1, 1, 1, 1, 1, 1, 1, 1, 1, 1, 1, 1, 1, 1, 1, 1, 1, 1, 1, 1, 1, 1, 1, 1, 1, 1, 1, 1, 1, 1, 1, 1, 1, 1, 1, 1, 1, 1, 1, 1, 1, 1, 1, 1, 1, 1, 1, 1, 1, 1, 1, 1, 1, 1, 1, 1, 1, 1, 1, 1, 1, 1, 1, 1, 1, 1, 1, 1, 1, 1, 1, 1, 1, 1, 1, 1, 1, 1, 1, 1, 1, 1, 1, 1, 1, 1, 1, 1, 1, 1, 1, 1, 1, 1, 1, 1, 1, 1, 1, 1, 1, 1, 1, 1, 1, 1, 1, 1, 1, 1, 1, 1, 1, 1, 1, 1, 1, 1, 1, 1, 1, 1, 1, 1, 1, 1, 1, 1, 1, 1, 1, 1, 1, 1, 1, 1, 1, 1, 1, 1, 1, 1, 1, 1, 1, 1, 1, 1, 1, 1, 1, 1, 1, 1, 1, 1, 1, 1, 1, 1, 1, 1, 1, 1, 1, 1, 1, 1, 1, 1, 1, 1, 1, 1, 1, 1, 1, 1, 1, 1, 1, 1, 1, 1, 1, 1, 1, 1, 1, 1, 1, 1, 1, 1, 1, 1, 1, 1, 1, 1, 1, 1], [1, 1, 1, 1, 1, 1, 1, 1, 1, 1, 1, 1, 1, 1, 1, 1, 1, 1, 1, 1, 1, 1, 1, 1, 1, 1, 1, 1, 1, 1, 1, 1, 1, 1, 1, 1, 1, 1, 1, 1, 1, 1, 1, 1, 1, 1, 1, 1, 1, 1, 1, 1, 1, 1, 1, 1, 1, 1, 1, 1, 1, 1, 1, 1, 1, 1, 1, 1, 1, 1, 1, 1, 1, 1, 1, 1, 1, 1, 1, 1, 1, 1, 1, 1, 1, 1, 1, 1, 1, 1, 1, 1, 1, 1, 1, 1, 1, 1, 1, 1, 1, 1, 1, 1, 1, 1, 1, 1, 1, 1, 1, 1, 1, 1, 1, 1, 1, 1, 1, 1, 1, 1, 1, 1, 1, 1, 1, 1, 1, 1, 1, 1, 1, 1, 1, 1, 1, 1, 1, 1, 1, 1, 1, 1, 1, 1, 1, 1, 1, 1, 1, 1, 1, 1, 1, 1, 1, 1, 1, 1, 1, 1, 1, 1, 1, 1, 1, 1, 1, 1, 1, 1, 1, 1, 1, 1, 1, 1, 1, 1, 1, 1, 1, 1, 1, 1, 1, 1, 1, 1, 1, 1, 1, 1, 1, 1, 1, 1, 1, 1, 1, 1, 1, 1, 1, 1, 1, 1, 1, 1, 1, 1, 1, 1, 1, 1, 1, 1, 1, 1, 1, 1, 1, 1, 1, 1, 1, 1, 1, 1, 1, 1, 1, 1, 1, 1, 1, 1, 1, 1, 1, 1, 1, 1, 1, 1, 1, 1, 1, 1, 1, 1, 1, 1, 1, 1, 1, 1, 1, 1, 1, 1, 1, 1, 1, 1, 1, 1, 1, 1, 1, 1, 1, 1, 1, 1, 1, 1, 1, 1, 1, 1, 1, 1, 1, 1, 1, 1, 1, 1, 1, 1, 1, 1, 1, 1, 1, 1, 1, 1, 1, 1, 1, 1, 1, 1, 1, 1, 1, 1, 1, 1, 1, 1, 1, 1, 1, 1, 1, 1, 1, 1, 1, 1, 1, 1, 1, 1, 1, 1, 1, 1, 1, 1, 1, 1, 1, 1, 1, 1, 1, 1, 1, 1, 1, 1, 1, 1, 1, 1, 1, 1, 1, 1, 1, 1, 1, 1, 1, 1, 1, 1, 1, 1, 1, 1, 1, 1, 1, 1, 1, 1, 1, 1, 1, 1, 1, 1, 1, 1, 1, 1, 1, 1, 1, 1, 1, 1, 1, 1, 1, 1, 1, 1, 1, 1, 1, 1, 1, 1, 1, 1, 1, 1, 1, 1, 1, 1, 1, 1, 1, 1, 1, 1, 1, 1, 1, 1, 1, 1, 1, 1, 1, 1, 1, 1, 1, 1, 1, 1, 1, 1, 1, 1, 1, 1, 1, 1, 1, 1, 1, 1, 1, 1, 1, 1, 1, 1, 1, 1, 1, 1, 1, 1, 1, 1, 1, 1, 1, 1, 1, 1, 1, 1, 1, 1, 1, 1, 1, 1, 1, 1, 1, 1, 1, 1, 1, 1, 1, 1, 1, 1, 1, 1, 1, 1, 1, 1, 1, 1, 1, 1, 1, 1, 1, 1, 1, 1, 1, 1, 1, 1, 1, 1, 1, 1, 1, 1, 1, 1, 1, 1, 1, 1, 1, 1, 1, 1, 1, 1, 1, 1, 1, 1, 1, 1, 1, 1, 1, 1, 1, 1, 1, 1, 1, 1, 1, 1, 1, 1, 1, 1, 1, 1, 1, 1, 1, 1, 1, 1, 1, 1, 1, 1, 1, 1, 1, 1, 1, 1, 1, 1, 1, 1, 1, 1, 1, 1, 1, 1, 1, 1, 1, 1, 1, 1, 1, 1, 1, 1, 1, 1, 1, 1, 1, 1, 1, 1, 1, 1, 1, 1, 1, 1, 1, 1, 1, 1, 1, 1, 1, 1, 1, 1, 1, 1, 1, 1, 1, 1, 1, 1, 1, 1, 1, 1, 1, 1, 1, 1, 1, 1, 1, 1, 1, 1, 1, 1, 1, 1, 1, 1, 1, 1, 1, 1, 1, 1, 1, 1, 1, 1, 1, 1, 1, 1, 1, 1, 1, 1, 1, 1, 1, 1, 1, 1, 1, 1, 1, 1, 1, 1, 1, 1, 1, 1, 1, 1, 1, 1, 1, 1, 1, 1, 1, 1, 1, 1, 1, 1, 1, 1, 1, 1, 1, 1, 1, 1, 1, 1, 1, 1, 1, 1, 1, 1, 1, 1, 1, 1, 1, 1, 1, 1, 1, 1, 1, 1, 1, 1, 1, 1, 1, 1, 1, 1, 1, 1, 1, 1, 1, 1, 1, 1, 1, 1, 1, 1, 1, 1, 1, 1, 1, 1, 1, 1, 1, 1, 1, 1, 1, 1, 1, 1, 1, 1, 1, 1, 1, 1, 1, 1, 1, 1, 1, 1, 1, 1, 1, 1, 1, 1, 1, 1, 1, 1, 1, 1, 1, 1, 1, 1, 1, 1, 1, 1, 1, 1, 1, 1, 1, 1, 1, 1, 1, 1, 1, 1, 1, 1, 1, 1, 1, 1, 1, 1, 1, 1, 1, 1, 1, 1, 1, 1, 1, 1, 1, 1, 1, 1, 1, 1, 1, 1, 1, 1, 1, 1, 1, 1, 1, 1, 1, 1, 1, 1, 1, 1, 1, 1, 1, 1, 1, 1, 1], [1, 1, 1, 1, 1, 1, 1, 1, 1, 1, 1, 1, 1, 1, 1, 1, 1, 1, 1, 1, 1, 1, 1, 1, 1, 1, 1, 1, 1, 1, 1, 1, 1, 1, 1, 1, 1, 1, 1, 1, 1, 1, 1, 1, 1, 1, 1, 1, 1, 1, 1, 1, 1, 1, 1, 1, 1, 1, 1, 1, 1, 1, 1, 1, 1, 1, 1, 1, 1, 1, 1, 1, 1, 1, 1, 1, 1, 1, 1, 1, 1, 1, 1, 1, 1, 1, 1, 1, 1, 1, 1, 1, 1, 1, 1, 1, 1, 1, 1, 1, 1, 1, 1, 1, 1, 1, 1, 1, 1, 1, 1, 1, 1, 1, 1, 1, 1, 1, 1, 1, 1, 1, 1, 1, 1, 1, 1, 1, 1, 1, 1, 1, 1, 1, 1, 1, 1, 1, 1, 1, 1, 1, 1, 1, 1, 1, 1, 1, 1, 1, 1, 1, 1, 1, 1, 1, 1, 1, 1, 1, 1, 1, 1, 1, 1, 1, 1, 1, 1, 1, 1, 1, 1, 1, 1, 1, 1, 1, 1, 1, 1, 1, 1, 1, 1, 1, 1, 1, 1, 1, 1, 1, 1, 1, 1, 1, 1, 1, 1, 1, 1, 1, 1, 1, 1, 1, 1, 1, 1, 1, 1, 1, 1, 1, 1, 1, 1, 1, 1, 1, 1, 1, 1, 1, 1, 1, 1, 1, 1, 1, 1, 1, 1, 1, 1, 1, 1, 1, 1, 1, 1, 1, 1, 1, 1, 1, 1, 1, 1, 1, 1, 1, 1, 1, 1, 1, 1, 1, 1, 1, 1, 1, 1, 1, 1, 1, 1, 1, 1, 1, 1, 1, 1, 1, 1, 1, 1, 1, 1, 1, 1, 1, 1, 1, 1, 1, 1, 1, 1, 1, 1, 1, 1, 1, 1, 1, 1, 1, 1, 1, 1, 1, 1, 1, 1, 1, 1, 1, 1, 1, 1, 1, 1, 1, 1, 1, 1, 1, 1, 1, 1, 1, 1, 1, 1, 1, 1, 1, 1, 1, 1, 1, 1, 1, 1, 1, 1, 1, 1, 1, 1, 1, 1, 1, 1, 1, 1, 1, 1, 1, 1, 1, 1, 1, 1, 1, 1, 1, 1, 1, 1, 1, 1, 1, 1, 1, 1, 1, 1, 1, 1, 1, 1, 1, 1, 1, 1, 1, 1, 1, 1, 1, 1, 1, 1, 1, 1, 1, 1, 1, 1, 1, 1, 1, 1, 1, 1, 1, 1, 1, 1, 1, 1, 1, 1, 1, 1, 1, 1, 1, 1, 1, 1, 1, 1, 1, 1, 1, 1, 1, 1, 1, 1, 1, 1, 1, 1, 1, 1, 1, 1, 1, 1, 1, 1, 1, 1, 1, 1, 1, 1, 1, 1, 1, 1, 1, 1, 1, 1, 1, 1, 1, 1, 1, 1, 1, 1, 1, 1, 1, 1, 1, 1, 1, 1, 1, 1, 1, 1, 1, 1, 1, 1, 1, 1, 1, 1, 1, 1, 1, 1, 1, 1, 1, 1, 1, 1, 1, 1, 1, 1, 1, 1, 1, 1, 1, 1, 1, 1, 1, 1, 1, 1, 1, 1, 1, 1, 1, 1, 1, 1, 1, 1, 1, 1, 1, 1, 1, 1, 1, 1, 1, 1, 1, 1, 1, 1, 1, 1, 1, 1, 1, 1, 1, 1, 1, 1, 1, 1, 1, 1, 1, 1, 1, 1, 1, 1, 1, 1, 1, 1, 1, 1, 1, 1, 1, 1, 1, 1, 1, 1, 1, 1, 1, 1, 1, 1, 1, 1, 1, 1, 1, 1, 1, 1, 1, 1, 1, 1, 1, 1, 1, 1, 1, 1, 1, 1, 1, 1, 1, 1, 1, 1, 1, 1, 1, 1, 1, 1, 1, 1, 1, 1, 1, 1, 1, 1, 1, 1, 1, 1, 1, 1, 1, 1, 1, 1, 1, 1, 1, 1, 1, 1, 1, 1, 1, 1, 1, 1, 1, 1, 1, 1, 1, 1, 1, 1, 1, 1, 1, 1, 1, 1, 1, 1, 1, 1, 1, 1, 1, 1, 1, 1, 1, 1, 1, 1, 1, 1, 1, 1, 1, 1, 1, 1, 1, 1, 1, 1, 1, 1, 1, 1, 1, 1, 1, 1, 1, 1, 1, 1, 1, 1, 1, 1, 1, 1, 1, 1, 1, 1, 1, 1, 1, 1, 1, 1, 1, 1, 1, 1, 1, 1, 1, 1, 1, 1, 1, 1, 1, 1, 1, 1, 1, 1, 1, 1, 1, 1, 1, 1, 1, 1, 1, 1, 1, 1, 1, 1, 1, 1, 1, 1, 1, 1, 1, 1, 1, 1, 1, 1, 1, 1, 1, 1, 1, 1, 1, 1, 1, 1, 1, 1, 1, 1, 1, 1, 1, 1, 1, 1, 1, 1, 1, 1, 1, 1, 1, 1, 1, 1, 1, 1, 1, 1, 1, 1, 1, 1, 1, 1, 1, 1, 1, 1, 1, 1, 1, 1, 1, 1, 1, 1, 1, 1, 1, 1, 1, 1, 1, 1, 1, 1, 1, 1, 1, 1, 1, 1, 1, 1, 1, 1, 1, 1, 1, 1, 1, 1, 1, 1, 1, 1, 1, 1, 1, 1, 1, 1, 1, 1, 1, 1, 1], [1, 1, 1, 1, 1, 1, 1, 1, 1, 1, 1, 1, 1, 1, 1, 1, 1, 1, 1, 1, 1, 1, 1, 1, 1, 1, 1, 1, 1, 1, 1, 1, 1, 1, 1, 1, 1, 1, 1, 1, 1, 1, 1, 1, 1, 1, 1, 1, 1, 1, 1, 1, 1, 1, 1, 1, 1, 1, 1, 1, 1, 1, 1, 1, 1, 1, 1, 1, 1, 1, 1, 1, 1, 1, 1, 1, 1, 1, 1, 1, 1, 1, 1, 1, 1, 1, 1, 1, 1, 1, 1, 1, 1, 1, 1, 1, 1, 1, 1, 1, 1, 1, 1, 1, 1, 1, 1, 1, 1, 1, 1, 1, 1, 1, 1, 1, 1, 1, 1, 1, 1, 1, 1, 1, 1, 1, 1, 1, 1, 1, 1, 1, 1, 1, 1, 1, 1, 1, 1, 1, 1, 1, 1, 1, 1, 1, 1, 1, 1, 1, 1, 1, 1, 1, 1, 1, 1, 1, 1, 1, 1, 1, 1, 1, 1, 1, 1, 1, 1, 1, 1, 1, 1, 1, 1, 1, 1, 1, 1, 1, 1, 1, 1, 1, 1, 1, 1, 1, 1, 1, 1, 1, 1, 1, 1, 1, 1, 1, 1, 1, 1, 1, 1, 1, 1, 1, 1, 1, 1, 1, 1, 1, 1, 1, 1, 1, 1, 1, 1, 1, 1, 1, 1, 1, 1, 1, 1, 1, 1, 1, 1, 1, 1, 1, 1, 1, 1, 1, 1, 1, 1, 1, 1, 1, 1, 1, 1, 1, 1, 1, 1, 1, 1, 1, 1, 1, 1, 1, 1, 1, 1, 1, 1, 1, 1, 1, 1, 1, 1, 1, 1, 1, 1, 1, 1, 1, 1, 1, 1, 1, 1, 1, 1, 1, 1, 1, 1, 1, 1, 1, 1, 1, 1, 1, 1, 1, 1, 1, 1, 1, 1, 1, 1, 1, 1, 1, 1, 1, 1, 1, 1, 1, 1, 1, 1, 1, 1, 1, 1, 1, 1, 1, 1, 1, 1, 1, 1, 1, 1, 1, 1, 1, 1, 1, 1, 1, 1, 1, 1, 1, 1, 1, 1, 1, 1, 1, 1, 1, 1, 1, 1, 1, 1, 1, 1, 1, 1, 1, 1, 1, 1, 1, 1, 1, 1, 1, 1, 1, 1, 1, 1, 1, 1, 1, 1, 1, 1, 1, 1, 1, 1, 1, 1, 1, 1, 1, 1, 1, 1, 1, 1, 1, 1, 1, 1, 1, 1, 1, 1, 1, 1, 1, 1, 1, 1, 1, 1, 1, 1, 1, 1, 1, 1, 1, 1, 1, 1, 1, 1, 1, 1, 1, 1, 1, 1, 1, 1, 1, 1, 1, 1, 1, 1, 1, 1, 1, 1, 1, 1, 1, 1, 1, 1, 1, 1, 1, 1, 1, 1, 1, 1, 1, 1, 1, 1, 1, 1, 1, 1, 1, 1, 1, 1, 1, 1, 1, 1, 1, 1, 1, 1, 1, 1, 1, 1, 1, 1, 1, 1, 1, 1, 1, 1, 1, 1, 1, 1, 1, 1, 1, 1, 1, 1, 1, 1, 1, 1, 1, 1, 1, 1, 1, 1, 1, 1, 1, 1, 1, 1, 1, 1, 1, 1, 1, 1, 1, 1, 1, 1, 1, 1, 1, 1, 1, 1, 1, 1, 1, 1, 1, 1, 1, 1, 1, 1, 1, 1, 1, 1, 1, 1, 1, 1, 1, 1, 1, 1, 1, 1, 1, 1, 1, 1, 1, 1, 1, 1, 1, 1, 1, 1, 1, 1, 1, 1, 1, 1, 1, 1, 1, 1, 1, 1, 1, 1, 1, 1, 1, 1, 1, 1, 1, 1, 1, 1, 1, 1, 1, 1, 1, 1, 1, 1, 1, 1, 1, 1, 1, 1, 1, 1, 1, 1, 1, 1, 1, 1, 1, 1, 1, 1, 1, 1, 1, 1, 1, 1, 1, 1, 1, 1, 1, 1, 1, 1, 1, 1, 1, 1, 1, 1, 1, 1, 1, 1, 1, 1, 1, 1, 1, 1, 1, 1, 1, 1, 1, 1, 1, 1, 1, 1, 1, 1, 1, 1, 1, 1, 1, 1, 1, 1, 1, 1, 1, 1, 1, 1, 1, 1, 1, 1, 1, 1, 1, 1, 1, 1, 1, 1, 1, 1, 1, 1, 1, 1, 1, 1, 1, 1, 1, 1, 1, 1, 1, 1, 1, 1, 1, 1, 1, 1, 1, 1, 1, 1, 1, 1, 1, 1, 1, 1, 1, 1, 1, 1, 1, 1, 1, 1, 1, 1, 1, 1, 1, 1, 1, 1, 1, 1, 1, 1, 1, 1, 1, 1, 1, 1, 1, 1, 1, 1, 1, 1, 1, 1, 1, 1, 1, 1, 1, 1, 1, 1, 1, 1, 1, 1, 1, 1, 1, 1, 1, 1, 1, 1, 1, 1, 1, 1, 1, 1, 1, 1, 1, 1, 1, 1, 1, 1, 1, 1, 1, 1, 1, 1, 1, 1, 1, 1, 1, 1, 1, 1, 1, 1, 1, 1, 1, 1, 1, 1, 1, 1, 1, 1, 1, 1, 1, 1, 1, 1, 1, 1, 1, 1, 1, 1, 1, 1, 1, 1, 1, 1, 1, 1, 1, 1, 1, 1, 1, 1, 1, 1, 1, 1, 1, 1, 1, 1, 1, 1, 1, 1, 1, 1, 1, 1], [2, 2, 2, 2, 2, 2, 2, 2, 2, 2, 2, 2, 2, 2, 2, 2, 2, 2, 2, 2, 2, 2, 2, 2, 2, 2, 2, 2, 2, 2, 2, 2, 2, 2, 2, 2, 2, 2, 2, 2, 2, 2, 2, 2, 2, 2, 2, 2, 2, 2, 2, 2, 2, 2, 2, 2, 2, 2, 2, 2, 2, 2, 2, 2, 2, 2, 2, 2, 2, 2, 2, 2, 2, 2, 2, 2, 2, 2, 2, 2, 2, 2, 2, 2, 2, 2, 2, 2, 2, 2, 2, 2, 2, 2, 2, 2, 2, 2, 2, 2, 2, 2, 2, 2, 2, 2, 2, 2, 2, 2, 2, 2, 2, 2, 2, 2, 2, 2, 2, 2, 2, 2, 2, 2, 2, 2, 2, 2, 2, 2, 2, 2, 2, 2, 2, 2, 2, 2, 2, 2, 2, 2, 2, 2, 2, 2, 2, 2, 2, 2, 2, 2, 2, 2, 2, 2, 2, 2, 2, 2, 2, 2, 2, 2, 2, 2, 2, 2, 2, 2, 2, 2, 2, 2, 2, 2, 2, 2, 2, 2, 2, 2, 2, 2, 2, 2, 2, 2, 2, 2, 2, 2, 2, 2, 2, 2, 2, 2, 2, 2, 2, 2, 2, 2, 2, 2, 2, 2, 2, 2, 2, 2, 2, 2, 2, 2, 2, 2, 2, 2, 2, 2, 2, 2, 2, 2, 2, 2, 2, 2, 2, 2, 2, 2, 2, 2, 2, 2, 2, 2, 2, 2, 2, 2, 2, 2, 2, 2, 2, 2, 2, 2, 2, 2, 2, 2, 2, 2, 2, 2, 2, 2, 2, 2, 2, 2, 2, 2, 2, 2, 2, 2, 2, 2, 2, 2, 2, 2, 2, 2, 2, 2, 2, 2, 2, 2, 2, 2, 2, 2, 2, 2, 2, 2, 2, 2, 2, 2, 2, 2, 2, 2, 2, 2, 2, 2, 2, 2, 2, 2, 2, 2, 2, 2, 2, 2, 2, 2, 2, 2, 2, 2, 2, 2, 2, 2, 2, 2, 2, 2, 2, 2, 2, 2, 2, 2, 2, 2, 2, 2, 2, 2, 2, 2, 2, 2, 2, 2, 2, 2, 2, 2, 2, 2, 2, 2, 2, 2, 2, 2, 2, 2, 2, 2, 2, 2, 2, 2, 2, 2, 2, 2, 2, 2, 2, 2, 2, 2, 2, 2, 2, 2, 2, 2, 2, 2, 2, 2, 2, 2, 2, 2, 2, 2, 2, 2, 2, 2, 2, 2, 2, 2, 2, 2, 2, 2, 2, 2, 2, 2, 2, 2, 2, 2, 2, 2, 2, 2, 2, 2, 2, 2, 2, 2, 2, 2, 2, 2, 2, 2, 2, 2, 2, 2, 2, 2, 2, 2, 2, 2, 2, 2, 2, 2, 2, 2, 2, 2, 2, 2, 2, 2, 2, 2, 2, 2, 2, 2, 2, 2, 2, 2, 2, 2, 2, 2, 2, 2, 2, 2, 2, 2, 2, 2, 2, 2, 2, 2, 2, 2, 2, 2, 2, 2, 2, 2, 2, 2, 2, 2, 2, 2, 2, 2, 2, 2, 2, 2, 2, 2, 2, 2, 2, 2, 2, 2, 2, 2, 2, 2, 2, 2, 2, 2, 2, 2, 2, 2, 2, 2, 2, 2, 2, 2, 2, 2, 2, 2, 2, 2, 2, 2, 2, 2, 2, 2, 2, 2, 2, 2, 2, 2, 2, 2, 2, 2, 2, 2, 2, 2, 2, 2, 2, 2, 2, 2, 2, 2, 2, 2, 2, 2, 2, 2, 2, 2, 2, 2, 2, 2, 2, 2, 2, 2, 2, 2, 2, 2, 2, 2, 2, 2, 2, 2, 2, 2, 2, 2, 2, 2, 2, 2, 2, 2, 2, 2, 2, 2, 2, 2, 2, 2, 2, 2, 2, 2, 2, 2, 2, 2, 2, 2, 2, 2, 2, 2, 2, 2, 2, 2, 2, 2, 2, 2, 2, 2, 2, 2, 2, 2, 2, 2, 2, 2, 2, 2, 2, 2, 2, 2, 2, 2, 2, 2, 2, 2, 2, 2, 2, 2, 2, 2, 2, 2, 2, 2, 2, 2, 2, 2, 2, 2, 2, 2, 2, 2, 2, 2, 2, 2, 2, 2, 2, 2, 2, 2, 2, 2, 2, 2, 2, 2, 2, 2, 2, 2, 2, 2, 2, 2, 2, 2, 2, 2, 2, 2, 2, 2, 2, 2, 2, 2, 2, 2, 2, 2, 2, 2, 2, 2, 2, 2, 2, 2, 2, 2, 2, 2, 2, 2, 2, 2, 2, 2, 2, 2, 2, 2, 2, 2, 2, 2, 2, 2, 2, 2, 2, 2, 2, 2, 2, 2, 2, 2, 2, 2, 2, 2, 2, 2, 2, 2, 2, 2, 2, 2, 2, 2, 2, 2, 2, 2, 2, 2, 2, 2, 2, 2, 2, 2, 2, 2, 2, 2, 2, 2, 2, 2, 2, 2, 2, 2, 2, 2, 2, 2, 2, 2, 2, 2, 2, 2, 2, 2, 2, 2, 2, 2, 2, 2, 2, 2, 2, 2, 2, 2, 2, 2, 2, 2, 2, 2, 2, 2, 2, 2, 2, 2, 2, 2, 2, 2, 2, 2, 2, 2, 2, 2, 2, 2, 2, 2, 2, 2, 2, 2, 2, 2, 2, 2, 2, 2, 2, 2, 2, 2, 2, 2, 2, 2, 2, 2, 2, 2, 2, 2, 2, 2, 2, 2, 2, 2, 2, 2, 2, 2, 2, 2, 2, 2, 2, 2, 2, 2, 2, 2, 2, 2, 2, 2, 2, 2, 2, 2, 2, 2, 2, 2, 2, 2, 2, 2, 2, 2, 2, 2, 2, 2, 2, 2, 2, 2, 2, 2, 2, 2, 2, 2, 2, 2, 2, 2, 2, 2, 2, 2, 2, 2, 2, 2, 2, 2, 2, 2, 2, 2, 2, 2, 2, 2, 2, 2, 2, 2, 2, 2, 2, 2, 2, 2, 2, 2, 2, 2, 2, 2, 2, 2, 2, 2, 2, 2, 2, 2, 2, 2, 2, 2, 2, 2, 2, 2, 2, 2, 2, 2, 2, 2, 2, 2, 2, 2, 2, 2, 2, 2, 2, 2, 2, 2, 2, 2, 2, 2, 2, 2, 2, 2, 2, 2, 2, 2, 2, 2, 2, 2, 2, 2, 2, 2, 2, 2, 2, 2, 2, 2, 2, 2, 2, 2, 2, 2, 2, 2, 2, 2, 2, 2, 2, 2, 2, 2, 2, 2, 2, 2, 2, 2, 2, 2, 2, 2, 2, 2, 2, 2, 2, 2, 2, 2, 2, 2, 2, 2, 2, 2, 2, 2, 2, 2, 2, 2, 2, 2, 2, 2, 2, 2, 2, 2, 2, 2, 2, 2, 2, 2, 2, 2, 2, 2, 2, 2, 2, 2, 2, 2, 2, 2, 2, 2, 2, 2, 2, 2, 2, 2, 2, 2, 2, 2, 2, 2, 2, 2, 2, 2, 2, 2, 2, 2, 2, 2, 2, 2, 2, 2, 2, 2, 2, 2, 2, 2, 2, 2, 2, 2, 2, 2, 2, 2, 2, 2, 2, 2, 2, 2, 2, 2, 2, 2, 2, 2, 2, 2, 2, 2, 2, 2, 2, 2, 2, 2, 2, 2, 2, 2, 2, 2, 2, 2, 2, 2, 2, 2, 2, 2, 2, 2, 2, 2, 2, 2, 2, 2, 2, 2, 2, 2, 2, 2, 2, 2, 2, 2, 2, 2, 2, 2, 2, 2, 2, 2, 2, 2, 2, 2, 2, 2, 2, 2, 2, 2, 2, 2, 2, 2, 2, 2, 2, 2, 2, 2, 2, 2, 2, 2, 2, 2, 2, 2, 2, 2, 2, 2, 2, 2, 2, 2, 2, 2, 2, 2, 2, 2, 2, 2, 2, 2, 2, 2, 2, 2, 2, 2, 2, 2, 2, 2, 2, 2, 2, 2, 2, 2, 2, 2, 2, 2, 2, 2, 2, 2, 2, 2, 2, 2, 2, 2, 2, 2, 2, 2, 2, 2, 2, 2, 2, 2, 2, 2, 2, 2, 2, 2, 2, 2, 2, 2, 2, 2, 2, 2, 2, 2, 2, 2, 2, 2, 2, 2, 2, 2, 2, 2, 2, 2, 2, 2, 2, 2, 2, 2, 2, 2, 2, 2, 2, 2, 2, 2, 2, 2, 2, 2, 2, 2, 2, 2, 2, 2, 2, 2, 2, 2, 2, 2, 2, 2, 2, 2, 2, 2, 2, 2, 2, 2, 2, 2, 2, 2, 2, 2, 2, 2, 2, 2, 2, 2, 2, 2, 2, 2, 2, 2, 2, 2, 2, 2, 2, 2, 2, 2, 2, 2, 2, 2, 2, 2, 2, 2, 2, 2, 2, 2, 2, 2, 2, 2, 2, 2, 2, 2, 2, 2, 2, 2, 2, 2, 2, 2, 2, 2, 2, 2, 2, 2, 2, 2, 2, 2, 2, 2, 2, 2, 2, 2, 2, 2, 2, 2, 2, 2, 2, 2, 2, 2, 2, 2, 2, 2, 2, 2, 2, 2, 2, 2, 2, 2, 2, 2, 2, 2, 2, 2, 2, 2, 2, 2, 2, 2, 2, 2, 2, 2, 2, 2, 2, 2, 2, 2, 2, 2, 2, 2, 2, 2, 2, 2, 2, 2, 2, 2, 2, 2, 2, 2, 2, 2, 2, 2, 2, 2, 2, 2, 2, 2, 2, 2, 2, 2, 2, 2, 2, 2, 2, 2, 2, 2, 2, 2, 2, 2, 2, 2, 2, 2, 2, 2, 2, 2, 2, 2, 2, 2, 2, 2, 2, 2, 2, 2, 2, 2, 2, 2, 2, 2, 2, 2, 2, 2, 2, 2, 2, 2, 2, 2, 2, 2, 2, 2, 2, 2, 2, 2, 2, 2, 2, 2, 2, 2, 2, 2, 2, 2, 2, 2, 2, 2, 2, 2, 2, 2, 2, 2, 2, 2, 2, 2, 2, 2, 2, 2, 2, 2, 2, 2, 2, 2, 2, 2, 2, 2, 2, 2, 2, 2, 2, 2, 2, 2, 2, 2, 2, 2, 2, 2, 2, 2, 2, 2, 2, 2, 2, 2, 2, 2, 2, 2, 2, 2, 2, 2, 2, 2, 2, 2, 2, 2, 2, 2, 2, 2, 2, 2, 2, 2, 2, 2, 2, 2, 2, 2, 2, 2, 2, 2, 2, 2, 2, 2, 2, 2, 2, 2, 2, 2, 2, 2, 2, 2, 2, 2, 2, 2, 2, 2, 2, 2, 2]]
  data_path ....................................... None
  dataloader_type ................................. single
  DDP_impl ........................................ local
  decoder_seq_length .............................. None
  distribute_checkpointed_activations ............. False
  distributed_backend ............................. nccl
  embedding_path .................................. None
  empty_unused_memory_level ....................... 0
  encoder_seq_length .............................. 2048
  eod_mask_loss ................................... False
  eval_interval ................................... 1000
  eval_iters ...................................... 0
  evidence_data_path .............................. None
  exit_duration_in_mins ........................... None
  exit_interval ................................... None
  ffn_hidden_size ................................. 2048
  finetune ........................................ False
  flexpipe_config ................................. /home/liminglong.lml/sxz/SuperScaler/logs-large/aceso/configs/scale-layer/512layers/top_configs/scale-layer_512layers_7stages_2026-5-16-3-22-42.json
  fp16 ............................................ True
  fp16_lm_cross_entropy ........................... False
  fp32_residual_connection ........................ False
  global_batch_size ............................... 1024
  hidden_dropout .................................. 0.1
  hidden_size ..................................... 512
  hysteresis ...................................... 2
  ict_head_size ................................... None
  ict_load ........................................ None
  img_dim ......................................... 224
  indexer_batch_size .............................. 128
  indexer_log_interval ............................ 1000
  init_method_std ................................. 0.02
  init_method_xavier_uniform ...................... False
  initial_loss_scale .............................. 4294967296
  interleave_factor ............................... 1
  kv_channels ..................................... 64
  layernorm_epsilon ............................... 1e-05
  lazy_mpu_init ................................... None
  load ............................................ None
  local_rank ...................................... 0
  log_batch_size_to_tensorboard ................... False
  log_interval .................................... 1
  log_learning_rate_to_tensorboard ................ True
  log_loss_scale_to_tensorboard ................... True
  log_name ........................................ scale-layer_512layers_7stages_2026-5-16-3-22-42
  log_num_zeros_in_grad ........................... False
  log_params_norm ................................. False
  log_path ........................................ /home/liminglong.lml/sxz/SuperScaler/logs-large/aceso/runtime/scale-layer/512layers/
  log_timers_to_tensorboard ....................... False
  log_validation_ppl_to_tensorboard ............... False
  loss_scale ...................................... None
  loss_scale_window ............................... 1000
  lr .............................................. 0.00015
  lr_decay_iters .................................. 320000
  lr_decay_samples ................................ None
  lr_decay_style .................................. cosine
  lr_warmup_fraction .............................. 0.01
  lr_warmup_iters ................................. 0
  lr_warmup_samples ............................... 0
  make_vocab_size_divisible_by .................... 128
  mask_prob ....................................... 0.15
  masked_softmax_fusion ........................... True
  max_position_embeddings ......................... 2048
  merge_file ...................................... vocabs/gpt2-merges.txt
  micro_batch_size ................................ 8
  min_loss_scale .................................. 1.0
  min_lr .......................................... 1e-05
  mmap_warmup ..................................... False
  model_name ...................................... gpt
  model_parallel_size ............................. None
  model_parallel_size_of_each_op .................. [[1, 1, 1, 1, 1, 1, 1, 1, 1, 1, 1, 1, 1, 1, 1, 1, 1, 1, 1, 1, 1, 1, 1, 1, 1, 1, 1, 1, 1, 1, 1, 1, 1, 1, 1, 1, 1, 1, 1, 1, 1, 1, 1, 1, 1, 1, 1, 1, 1, 1, 1, 1, 1, 1, 1, 1, 1, 1, 1, 1, 1, 1, 1, 1, 1, 1, 1, 1, 1, 1, 1, 1, 1, 1, 1, 1, 1, 1, 1, 1, 1, 1, 1, 1, 1, 1, 1, 1, 1, 1, 1, 1, 1, 1, 1, 1, 1, 1, 1, 1, 1, 1, 1, 1, 1, 1, 1, 1, 1, 1, 1, 1, 1, 1, 1, 1, 1, 1, 1, 1, 1, 1, 1, 1, 1, 1, 1, 1, 1, 1, 1, 1, 1, 1, 1, 1, 1, 1, 1, 1, 1, 1, 1, 1, 1, 1, 1, 1, 1, 1, 1, 1, 1, 1, 1, 1, 1, 1, 1, 1, 1, 1, 1, 1, 1, 1, 1, 1, 1, 1, 1, 1, 1, 1, 1, 1, 1, 1, 1, 1, 1, 1, 1, 1, 1, 1, 1, 1, 1, 1, 1, 1, 1, 1, 1, 1, 1, 1, 1, 1, 1, 1, 1, 1, 1, 1, 1, 1, 1, 1, 1, 1, 1, 1, 1, 1, 1, 1, 1, 1, 1, 1, 1, 1, 1, 1, 1, 1, 1, 1, 1, 1, 1, 1, 1, 1, 1, 1, 1, 1, 1, 1, 1, 1, 1, 1, 1, 1, 1, 1, 1, 1, 1, 1, 1, 1, 1, 1, 1, 1, 1, 1, 1, 1, 1, 1, 1, 1, 1, 1, 1, 1, 1, 1, 1, 1, 1, 1, 1, 1, 1, 1, 1, 1, 1, 1, 1, 1, 1, 1, 1, 1, 1, 1, 1, 1, 1, 1, 1, 1, 1, 1, 1, 1, 1, 1, 1, 1, 1, 1, 1, 1, 1, 1, 1, 1, 1, 1, 1, 1, 1, 1, 1, 1, 1, 1, 1, 1, 1, 1, 1, 1, 1, 1, 1, 1, 1, 1, 1, 1, 1, 1, 1, 1, 1, 1, 1, 1, 1, 1, 1, 1, 1, 1, 1, 1, 1, 1, 1, 1, 1, 1, 1, 1, 1, 1, 1, 1, 1, 1, 1, 1, 1, 1, 1, 1, 1, 1, 1, 1, 1, 1, 1, 1, 1, 1, 1, 1, 1, 1, 1, 1, 1, 1, 1, 1, 1, 1, 1, 1, 1, 1, 1, 1, 1, 1, 1, 1, 1, 1, 1, 1, 1, 1, 1, 1, 1, 1, 1, 1, 1, 1, 1, 1, 1, 1, 1, 1, 1, 1, 1, 1, 1, 1, 1, 1, 1, 1, 1, 1, 1, 1, 1, 1, 1, 1, 1, 1, 1, 1, 1, 1, 1, 1, 1, 1, 1, 1, 1, 1, 1, 1, 1, 1, 1, 1, 1, 1, 1, 1, 1, 1, 1, 1, 1, 1, 1, 1, 1, 1, 1, 1, 1, 1, 1, 1, 1, 1, 1, 1, 1, 1, 1, 1, 1, 1, 1, 1, 1, 1, 1, 1, 1, 1, 1, 1, 1, 1, 1, 1, 1, 1, 1, 1, 1, 1, 1, 1, 1, 1, 1, 1, 1, 1, 1, 1, 1, 1, 1, 1, 1, 1, 1, 1, 1, 1, 1, 1, 1, 1, 1, 1, 1, 1, 1, 1, 1, 1, 1, 1, 1, 1, 1, 1, 1, 1, 1, 1, 1, 1, 1, 1, 1, 1, 1, 1, 1, 1, 1, 1, 1, 1, 1, 1, 1, 1, 1, 1, 1, 1, 1, 1, 1, 1, 1, 1, 1, 1, 1, 1, 1, 1, 1, 1, 1, 1, 1, 1, 1, 1, 1, 1, 1, 1, 1, 1, 1, 1, 1, 1, 1, 1, 1, 1, 1, 1, 1, 1, 1, 1, 1, 1, 1, 1, 1, 1, 1, 1, 1, 1, 1, 1, 1, 1, 1, 1, 1, 1, 1, 1, 1, 1, 1, 1, 1, 1, 1, 1, 1, 1, 1, 1, 1, 1, 1, 1, 1, 1, 1, 1, 1, 1, 1, 1, 1, 1, 1, 1, 1, 1, 1, 1, 1, 1, 1, 1, 1, 1, 1, 1, 1, 1, 1, 1, 1, 1, 1, 1, 1, 1, 1, 1, 1, 1, 1, 1, 1, 1, 1, 1, 1, 1, 1, 1, 1, 1, 1, 1, 1, 1, 1, 1, 1, 1, 1, 1, 1, 1, 1, 1, 1, 1, 1, 1, 1, 1, 1, 1, 1, 1, 1, 1, 1, 1, 1, 1, 1, 1, 1, 1, 1, 1, 1, 1, 1, 1, 1, 1, 1, 1, 1, 1, 1, 1, 1, 1, 1, 1, 1, 1, 1, 1, 1, 1, 1, 1, 1, 1, 1, 1, 1, 1, 1, 1, 1, 1, 1, 1, 1, 1, 1, 1, 1, 1, 1, 1, 1, 1, 1, 1, 1, 1, 1, 1, 1, 1, 1, 1, 1, 1, 1, 1, 1, 1, 1, 1, 1, 1, 1, 1, 1, 1, 1, 1, 1, 1, 1, 1, 1, 1, 1, 1, 1, 1, 1, 1, 1, 1, 1, 1], [1, 1, 1, 1, 1, 1, 1, 1, 1, 1, 1, 1, 1, 1, 1, 1, 1, 1, 1, 1, 1, 1, 1, 1, 1, 1, 1, 1, 1, 1, 1, 1, 1, 1, 1, 1, 1, 1, 1, 1, 1, 1, 1, 1, 1, 1, 1, 1, 1, 1, 1, 1, 1, 1, 1, 1, 1, 1, 1, 1, 1, 1, 1, 1, 1, 1, 1, 1, 1, 1, 1, 1, 1, 1, 1, 1, 1, 1, 1, 1, 1, 1, 1, 1, 1, 1, 1, 1, 1, 1, 1, 1, 1, 1, 1, 1, 1, 1, 1, 1, 1, 1, 1, 1, 1, 1, 1, 1, 1, 1, 1, 1, 1, 1, 1, 1, 1, 1, 1, 1, 1, 1, 1, 1, 1, 1, 1, 1, 1, 1, 1, 1, 1, 1, 1, 1, 1, 1, 1, 1, 1, 1, 1, 1, 1, 1, 1, 1, 1, 1, 1, 1, 1, 1, 1, 1, 1, 1, 1, 1, 1, 1, 1, 1, 1, 1, 1, 1, 1, 1, 1, 1, 1, 1, 1, 1, 1, 1, 1, 1, 1, 1, 1, 1, 1, 1, 1, 1, 1, 1, 1, 1, 1, 1, 1, 1, 1, 1, 1, 1, 1, 1, 1, 1, 1, 1, 1, 1, 1, 1, 1, 1, 1, 1, 1, 1, 1, 1, 1, 1, 1, 1, 1, 1, 1, 1, 1, 1, 1, 1, 1, 1, 1, 1, 1, 1, 1, 1, 1, 1, 1, 1, 1, 1, 1, 1, 1, 1, 1, 1, 1, 1, 1, 1, 1, 1, 1, 1, 1, 1, 1, 1, 1, 1, 1, 1, 1, 1, 1, 1, 1, 1, 1, 1, 1, 1, 1, 1, 1, 1, 1, 1, 1, 1, 1, 1, 1, 1, 1, 1, 1, 1, 1, 1, 1, 1, 1, 1, 1, 1, 1, 1, 1, 1, 1, 1, 1, 1, 1, 1, 1, 1, 1, 1, 1, 1, 1, 1, 1, 1, 1, 1, 1, 1, 1, 1, 1, 1, 1, 1, 1, 1, 1, 1, 1, 1, 1, 1, 1, 1, 1, 1, 1, 1, 1, 1, 1, 1, 1, 1, 1, 1, 1, 1, 1, 1, 1, 1, 1, 1, 1, 1, 1, 1, 1, 1, 1, 1, 1, 1, 1, 1, 1, 1, 1, 1, 1, 1, 1, 1, 1, 1, 1, 1, 1, 1, 1, 1, 1, 1, 1, 1, 1, 1, 1, 1, 1, 1, 1, 1, 1, 1, 1, 1, 1, 1, 1, 1, 1, 1, 1, 1, 1, 1, 1, 1, 1, 1, 1, 1, 1, 1, 1, 1, 1, 1, 1, 1, 1, 1, 1, 1, 1, 1, 1, 1, 1, 1, 1, 1, 1, 1, 1, 1, 1, 1, 1, 1, 1, 1, 1, 1, 1, 1, 1, 1, 1, 1, 1, 1, 1, 1, 1, 1, 1, 1, 1, 1, 1, 1, 1, 1, 1, 1, 1, 1, 1, 1, 1, 1, 1, 1, 1, 1, 1, 1, 1, 1, 1, 1, 1, 1, 1, 1, 1, 1, 1, 1, 1, 1, 1, 1, 1, 1, 1, 1, 1, 1, 1, 1, 1, 1, 1, 1, 1, 1, 1, 1, 1, 1, 1, 1, 1, 1, 1, 1, 1, 1, 1, 1, 1, 1, 1, 1, 1, 1, 1, 1, 1, 1, 1, 1, 1, 1, 1, 1, 1, 1, 1, 1, 1, 1, 1, 1, 1, 1, 1, 1, 1, 1, 1, 1, 1, 1, 1, 1, 1, 1, 1, 1, 1, 1, 1, 1, 1, 1, 1, 1, 1, 1, 1, 1, 1, 1, 1, 1, 1, 1, 1, 1, 1, 1, 1, 1, 1, 1, 1, 1, 1, 1, 1, 1, 1, 1, 1, 1, 1, 1, 1, 1, 1, 1, 1, 1, 1, 1, 1, 1, 1, 1, 1, 1, 1, 1, 1, 1, 1, 1, 1, 1, 1, 1, 1, 1, 1, 1, 1, 1, 1, 1, 1, 1, 1, 1, 1, 1, 1, 1, 1, 1, 1, 1, 1, 1, 1, 1, 1, 1, 1, 1, 1, 1, 1, 1, 1, 1, 1, 1, 1, 1, 1, 1, 1, 1, 1, 1, 1, 1, 1, 1, 1, 1, 1, 1, 1, 1, 1, 1, 1, 1, 1, 1, 1, 1, 1, 1, 1, 1, 1, 1, 1, 1, 1, 1, 1, 1, 1, 1, 1, 1, 1, 1, 1, 1, 1, 1, 1, 1, 1, 1, 1, 1, 1, 1, 1, 1, 1, 1, 1, 1, 1, 1, 1, 1, 1, 1, 1, 1, 1, 1, 1, 1, 1, 1, 1, 1, 1, 1, 1, 1, 1, 1, 1, 1, 1, 1, 1, 1, 1, 1, 1, 1, 1, 1, 1, 1, 1, 1, 1, 1, 1, 1, 1, 1, 1, 1, 1, 1, 1, 1, 1, 1, 1, 1, 1, 1, 1, 1, 1, 1, 1, 1, 1, 1, 1, 1, 1, 1, 1, 1, 1, 1, 1, 1, 1, 1, 1, 1, 1, 1, 1, 1, 1, 1, 1, 1, 1, 1, 1, 1, 1, 1, 1, 1, 1, 1, 1, 1, 1, 1, 1], [1, 1, 1, 1, 1, 1, 1, 1, 1, 1, 1, 1, 1, 1, 1, 1, 1, 1, 1, 1, 1, 1, 1, 1, 1, 1, 1, 1, 1, 1, 1, 1, 1, 1, 1, 1, 1, 1, 1, 1, 1, 1, 1, 1, 1, 1, 1, 1, 1, 1, 1, 1, 1, 1, 1, 1, 1, 1, 1, 1, 1, 1, 1, 1, 1, 1, 1, 1, 1, 1, 1, 1, 1, 1, 1, 1, 1, 1, 1, 1, 1, 1, 1, 1, 1, 1, 1, 1, 1, 1, 1, 1, 1, 1, 1, 1, 1, 1, 1, 1, 1, 1, 1, 1, 1, 1, 1, 1, 1, 1, 1, 1, 1, 1, 1, 1, 1, 1, 1, 1, 1, 1, 1, 1, 1, 1, 1, 1, 1, 1, 1, 1, 1, 1, 1, 1, 1, 1, 1, 1, 1, 1, 1, 1, 1, 1, 1, 1, 1, 1, 1, 1, 1, 1, 1, 1, 1, 1, 1, 1, 1, 1, 1, 1, 1, 1, 1, 1, 1, 1, 1, 1, 1, 1, 1, 1, 1, 1, 1, 1, 1, 1, 1, 1, 1, 1, 1, 1, 1, 1, 1, 1, 1, 1, 1, 1, 1, 1, 1, 1, 1, 1, 1, 1, 1, 1, 1, 1, 1, 1, 1, 1, 1, 1, 1, 1, 1, 1, 1, 1, 1, 1, 1, 1, 1, 1, 1, 1, 1, 1, 1, 1, 1, 1, 1, 1, 1, 1, 1, 1, 1, 1, 1, 1, 1, 1, 1, 1, 1, 1, 1, 1, 1, 1, 1, 1, 1, 1, 1, 1, 1, 1, 1, 1, 1, 1, 1, 1, 1, 1, 1, 1, 1, 1, 1, 1, 1, 1, 1, 1, 1, 1, 1, 1, 1, 1, 1, 1, 1, 1, 1, 1, 1, 1, 1, 1, 1, 1, 1, 1, 1, 1, 1, 1, 1, 1, 1, 1, 1, 1, 1, 1, 1, 1, 1, 1, 1, 1, 1, 1, 1, 1, 1, 1, 1, 1, 1, 1, 1, 1, 1, 1, 1, 1, 1, 1, 1, 1, 1, 1, 1, 1, 1, 1, 1, 1, 1, 1, 1, 1, 1, 1, 1, 1, 1, 1, 1, 1, 1, 1, 1, 1, 1, 1, 1, 1, 1, 1, 1, 1, 1, 1, 1, 1, 1, 1, 1, 1, 1, 1, 1, 1, 1, 1, 1, 1, 1, 1, 1, 1, 1, 1, 1, 1, 1, 1, 1, 1, 1, 1, 1, 1, 1, 1, 1, 1, 1, 1, 1, 1, 1, 1, 1, 1, 1, 1, 1, 1, 1, 1, 1, 1, 1, 1, 1, 1, 1, 1, 1, 1, 1, 1, 1, 1, 1, 1, 1, 1, 1, 1, 1, 1, 1, 1, 1, 1, 1, 1, 1, 1, 1, 1, 1, 1, 1, 1, 1, 1, 1, 1, 1, 1, 1, 1, 1, 1, 1, 1, 1, 1, 1, 1, 1, 1, 1, 1, 1, 1, 1, 1, 1, 1, 1, 1, 1, 1, 1, 1, 1, 1, 1, 1, 1, 1, 1, 1, 1, 1, 1, 1, 1, 1, 1, 1, 1, 1, 1, 1, 1, 1, 1, 1, 1, 1, 1, 1, 1, 1, 1, 1, 1, 1, 1, 1, 1, 1, 1, 1, 1, 1, 1, 1, 1, 1, 1, 1, 1, 1, 1, 1, 1, 1, 1, 1, 1, 1, 1, 1, 1, 1, 1, 1, 1, 1, 1, 1, 1, 1, 1, 1, 1, 1, 1, 1, 1, 1, 1, 1, 1, 1, 1, 1, 1, 1, 1, 1, 1, 1, 1, 1, 1, 1, 1, 1, 1, 1, 1, 1, 1, 1, 1, 1, 1, 1, 1, 1, 1, 1, 1, 1, 1, 1, 1, 1, 1, 1, 1, 1, 1, 1, 1, 1, 1, 1, 1, 1, 1, 1, 1, 1, 1, 1, 1, 1, 1, 1, 1, 1, 1, 1, 1, 1, 1, 1, 1, 1, 1, 1, 1, 1, 1, 1, 1, 1, 1, 1, 1, 1, 1, 1, 1, 1, 1, 1, 1, 1, 1, 1, 1, 1, 1, 1, 1, 1, 1, 1, 1, 1, 1, 1, 1, 1, 1, 1, 1, 1, 1, 1, 1, 1, 1, 1, 1, 1, 1, 1, 1, 1, 1, 1, 1, 1, 1, 1, 1, 1, 1, 1, 1, 1, 1, 1, 1, 1, 1, 1, 1, 1, 1, 1, 1, 1, 1, 1, 1, 1, 1, 1, 1, 1, 1, 1, 1, 1, 1, 1, 1, 1, 1, 1, 1, 1, 1, 1, 1, 1, 1, 1, 1, 1, 1, 1, 1, 1, 1, 1, 1, 1, 1, 1, 1, 1, 1, 1, 1, 1, 1, 1, 1, 1, 1, 1, 1, 1, 1, 1, 1, 1, 1, 1, 1, 1, 1, 1, 1, 1, 1, 1, 1, 1, 1, 1, 1, 1, 1, 1, 1, 1, 1, 1, 1, 1, 1, 1, 1, 1, 1, 1, 1, 1, 1, 1, 1, 1, 1, 1, 1, 1, 1, 1, 1, 1, 1, 1, 1, 1, 1, 1, 1, 1, 1, 1, 1, 1, 1, 1, 1, 1, 1, 1, 1, 1, 1], [1, 1, 1, 1, 1, 1, 1, 1, 1, 1, 1, 1, 1, 1, 1, 1, 1, 1, 1, 1, 1, 1, 1, 1, 1, 1, 1, 1, 1, 1, 1, 1, 1, 1, 1, 1, 1, 1, 1, 1, 1, 1, 1, 1, 1, 1, 1, 1, 1, 1, 1, 1, 1, 1, 1, 1, 1, 1, 1, 1, 1, 1, 1, 1, 1, 1, 1, 1, 1, 1, 1, 1, 1, 1, 1, 1, 1, 1, 1, 1, 1, 1, 1, 1, 1, 1, 1, 1, 1, 1, 1, 1, 1, 1, 1, 1, 1, 1, 1, 1, 1, 1, 1, 1, 1, 1, 1, 1, 1, 1, 1, 1, 1, 1, 1, 1, 1, 1, 1, 1, 1, 1, 1, 1, 1, 1, 1, 1, 1, 1, 1, 1, 1, 1, 1, 1, 1, 1, 1, 1, 1, 1, 1, 1, 1, 1, 1, 1, 1, 1, 1, 1, 1, 1, 1, 1, 1, 1, 1, 1, 1, 1, 1, 1, 1, 1, 1, 1, 1, 1, 1, 1, 1, 1, 1, 1, 1, 1, 1, 1, 1, 1, 1, 1, 1, 1, 1, 1, 1, 1, 1, 1, 1, 1, 1, 1, 1, 1, 1, 1, 1, 1, 1, 1, 1, 1, 1, 1, 1, 1, 1, 1, 1, 1, 1, 1, 1, 1, 1, 1, 1, 1, 1, 1, 1, 1, 1, 1, 1, 1, 1, 1, 1, 1, 1, 1, 1, 1, 1, 1, 1, 1, 1, 1, 1, 1, 1, 1, 1, 1, 1, 1, 1, 1, 1, 1, 1, 1, 1, 1, 1, 1, 1, 1, 1, 1, 1, 1, 1, 1, 1, 1, 1, 1, 1, 1, 1, 1, 1, 1, 1, 1, 1, 1, 1, 1, 1, 1, 1, 1, 1, 1, 1, 1, 1, 1, 1, 1, 1, 1, 1, 1, 1, 1, 1, 1, 1, 1, 1, 1, 1, 1, 1, 1, 1, 1, 1, 1, 1, 1, 1, 1, 1, 1, 1, 1, 1, 1, 1, 1, 1, 1, 1, 1, 1, 1, 1, 1, 1, 1, 1, 1, 1, 1, 1, 1, 1, 1, 1, 1, 1, 1, 1, 1, 1, 1, 1, 1, 1, 1, 1, 1, 1, 1, 1, 1, 1, 1, 1, 1, 1, 1, 1, 1, 1, 1, 1, 1, 1, 1, 1, 1, 1, 1, 1, 1, 1, 1, 1, 1, 1, 1, 1, 1, 1, 1, 1, 1, 1, 1, 1, 1, 1, 1, 1, 1, 1, 1, 1, 1, 1, 1, 1, 1, 1, 1, 1, 1, 1, 1, 1, 1, 1, 1, 1, 1, 1, 1, 1, 1, 1, 1, 1, 1, 1, 1, 1, 1, 1, 1, 1, 1, 1, 1, 1, 1, 1, 1, 1, 1, 1, 1, 1, 1, 1, 1, 1, 1, 1, 1, 1, 1, 1, 1, 1, 1, 1, 1, 1, 1, 1, 1, 1, 1, 1, 1, 1, 1, 1, 1, 1, 1, 1, 1, 1, 1, 1, 1, 1, 1, 1, 1, 1, 1, 1, 1, 1, 1, 1, 1, 1, 1, 1, 1, 1, 1, 1, 1, 1, 1, 1, 1, 1, 1, 1, 1, 1, 1, 1, 1, 1, 1, 1, 1, 1, 1, 1, 1, 1, 1, 1, 1, 1, 1, 1, 1, 1, 1, 1, 1, 1, 1, 1, 1, 1, 1, 1, 1, 1, 1, 1, 1, 1, 1, 1, 1, 1, 1, 1, 1, 1, 1, 1, 1, 1, 1, 1, 1, 1, 1, 1, 1, 1, 1, 1, 1, 1, 1, 1, 1, 1, 1, 1, 1, 1, 1, 1, 1, 1, 1, 1, 1, 1, 1, 1, 1, 1, 1, 1, 1, 1, 1, 1, 1, 1, 1, 1, 1, 1, 1, 1, 1, 1, 1, 1, 1, 1, 1, 1, 1, 1, 1, 1, 1, 1, 1, 1, 1, 1, 1, 1, 1, 1, 1, 1, 1, 1, 1, 1, 1, 1, 1, 1, 1, 1, 1, 1, 1, 1, 1, 1, 1, 1, 1, 1, 1, 1, 1, 1, 1, 1, 1, 1, 1, 1, 1, 1, 1, 1, 1, 1, 1, 1, 1, 1, 1, 1, 1, 1, 1, 1, 1, 1, 1, 1, 1, 1, 1, 1, 1, 1, 1, 1, 1, 1, 1, 1, 1, 1, 1, 1, 1, 1, 1, 1, 1, 1, 1, 1, 1, 1, 1, 1, 1, 1, 1, 1, 1, 1, 1, 1, 1, 1, 1, 1, 1, 1, 1, 1, 1, 1, 1, 1, 1, 1, 1, 1, 1, 1, 1, 1, 1, 1, 1, 1, 1, 1, 1, 1, 1, 1, 1, 1, 1, 1, 1, 1, 1, 1, 1, 1, 1, 1, 1, 1, 1, 1, 1, 1, 1, 1, 1, 1, 1, 1, 1, 1, 1, 1, 1, 1, 1, 1, 1, 1, 1, 1, 1, 1, 1, 1, 1, 1, 1, 1, 1, 1, 1, 1, 1, 1, 1, 1, 1, 1, 1, 1, 1, 1, 1, 1, 1, 1, 1, 1, 1, 1, 1, 1, 1, 1, 1, 1, 1, 1, 1, 1, 1, 1, 1, 1, 1, 1, 1, 1], [1, 1, 1, 1, 1, 1, 1, 1, 1, 1, 1, 1, 1, 1, 1, 1, 1, 1, 1, 1, 1, 1, 1, 1, 1, 1, 1, 1, 1, 1, 1, 1, 1, 1, 1, 1, 1, 1, 1, 1, 1, 1, 1, 1, 1, 1, 1, 1, 1, 1, 1, 1, 1, 1, 1, 1, 1, 1, 1, 1, 1, 1, 1, 1, 1, 1, 1, 1, 1, 1, 1, 1, 1, 1, 1, 1, 1, 1, 1, 1, 1, 1, 1, 1, 1, 1, 1, 1, 1, 1, 1, 1, 1, 1, 1, 1, 1, 1, 1, 1, 1, 1, 1, 1, 1, 1, 1, 1, 1, 1, 1, 1, 1, 1, 1, 1, 1, 1, 1, 1, 1, 1, 1, 1, 1, 1, 1, 1, 1, 1, 1, 1, 1, 1, 1, 1, 1, 1, 1, 1, 1, 1, 1, 1, 1, 1, 1, 1, 1, 1, 1, 1, 1, 1, 1, 1, 1, 1, 1, 1, 1, 1, 1, 1, 1, 1, 1, 1, 1, 1, 1, 1, 1, 1, 1, 1, 1, 1, 1, 1, 1, 1, 1, 1, 1, 1, 1, 1, 1, 1, 1, 1, 1, 1, 1, 1, 1, 1, 1, 1, 1, 1, 1, 1, 1, 1, 1, 1, 1, 1, 1, 1, 1, 1, 1, 1, 1, 1, 1, 1, 1, 1, 1, 1, 1, 1, 1, 1, 1, 1, 1, 1, 1, 1, 1, 1, 1, 1, 1, 1, 1, 1, 1, 1, 1, 1, 1, 1, 1, 1, 1, 1, 1, 1, 1, 1, 1, 1, 1, 1, 1, 1, 1, 1, 1, 1, 1, 1, 1, 1, 1, 1, 1, 1, 1, 1, 1, 1, 1, 1, 1, 1, 1, 1, 1, 1, 1, 1, 1, 1, 1, 1, 1, 1, 1, 1, 1, 1, 1, 1, 1, 1, 1, 1, 1, 1, 1, 1, 1, 1, 1, 1, 1, 1, 1, 1, 1, 1, 1, 1, 1, 1, 1, 1, 1, 1, 1, 1, 1, 1, 1, 1, 1, 1, 1, 1, 1, 1, 1, 1, 1, 1, 1, 1, 1, 1, 1, 1, 1, 1, 1, 1, 1, 1, 1, 1, 1, 1, 1, 1, 1, 1, 1, 1, 1, 1, 1, 1, 1, 1, 1, 1, 1, 1, 1, 1, 1, 1, 1, 1, 1, 1, 1, 1, 1, 1, 1, 1, 1, 1, 1, 1, 1, 1, 1, 1, 1, 1, 1, 1, 1, 1, 1, 1, 1, 1, 1, 1, 1, 1, 1, 1, 1, 1, 1, 1, 1, 1, 1, 1, 1, 1, 1, 1, 1, 1, 1, 1, 1, 1, 1, 1, 1, 1, 1, 1, 1, 1, 1, 1, 1, 1, 1, 1, 1, 1, 1, 1, 1, 1, 1, 1, 1, 1, 1, 1, 1, 1, 1, 1, 1, 1, 1, 1, 1, 1, 1, 1, 1, 1, 1, 1, 1, 1, 1, 1, 1, 1, 1, 1, 1, 1, 1, 1, 1, 1, 1, 1, 1, 1, 1, 1, 1, 1, 1, 1, 1, 1, 1, 1, 1, 1, 1, 1, 1, 1, 1, 1, 1, 1, 1, 1, 1, 1, 1, 1, 1, 1, 1, 1, 1, 1, 1, 1, 1, 1, 1, 1, 1, 1, 1, 1, 1, 1, 1, 1, 1, 1, 1, 1, 1, 1, 1, 1, 1, 1, 1, 1, 1, 1, 1, 1, 1, 1, 1, 1, 1, 1, 1, 1, 1, 1, 1, 1, 1, 1, 1, 1, 1, 1, 1, 1, 1, 1, 1, 1, 1, 1, 1, 1, 1, 1, 1, 1, 1, 1, 1, 1, 1, 1, 1, 1, 1, 1, 1, 1, 1, 1, 1, 1, 1, 1, 1, 1, 1, 1, 1, 1, 1, 1, 1, 1, 1, 1, 1, 1, 1, 1, 1, 1, 1, 1, 1, 1, 1, 1, 1, 1, 1, 1, 1, 1, 1, 1, 1, 1, 1, 1, 1, 1, 1, 1, 1, 1, 1, 1, 1, 1, 1, 1, 1, 1, 1, 1, 1, 1, 1, 1, 1, 1, 1, 1, 1, 1, 1, 1, 1, 1, 1, 1, 1, 1, 1, 1, 1, 1, 1, 1, 1, 1, 1, 1, 1, 1, 1, 1, 1, 1, 1, 1, 1, 1, 1, 1, 1, 1, 1, 1, 1, 1, 1, 1, 1, 1, 1, 1, 1, 1, 1, 1, 1, 1, 1, 1, 1, 1, 1, 1, 1, 1, 1, 1, 1, 1, 1, 1, 1, 1, 1, 1, 1, 1, 1, 1, 1, 1, 1, 1, 1, 1, 1, 1, 1, 1, 1, 1, 1, 1, 1, 1, 1, 1, 1, 1, 1, 1, 1, 1, 1, 1, 1, 1, 1, 1, 1, 1, 1, 1, 1, 1, 1, 1, 1, 1, 1, 1, 1, 1, 1, 1, 1, 1, 1, 1, 1, 1, 1, 1, 1, 1, 1, 1, 1, 1, 1, 1, 1, 1, 1, 1, 1, 1, 1, 1, 1, 1, 1, 1, 1, 1, 1, 1, 1, 1, 1, 1, 1, 1, 1, 1, 1, 1, 1, 1, 1, 1, 1, 1, 1, 1, 1, 1, 1, 1], [1, 1, 1, 1, 1, 1, 1, 1, 1, 1, 1, 1, 1, 1, 1, 1, 1, 1, 1, 1, 1, 1, 1, 1, 1, 1, 1, 1, 1, 1, 1, 1, 1, 1, 1, 1, 1, 1, 1, 1, 1, 1, 1, 1, 1, 1, 1, 1, 1, 1, 1, 1, 1, 1, 1, 1, 1, 1, 1, 1, 1, 1, 1, 1, 1, 1, 1, 1, 1, 1, 1, 1, 1, 1, 1, 1, 1, 1, 1, 1, 1, 1, 1, 1, 1, 1, 1, 1, 1, 1, 1, 1, 1, 1, 1, 1, 1, 1, 1, 1, 1, 1, 1, 1, 1, 1, 1, 1, 1, 1, 1, 1, 1, 1, 1, 1, 1, 1, 1, 1, 1, 1, 1, 1, 1, 1, 1, 1, 1, 1, 1, 1, 1, 1, 1, 1, 1, 1, 1, 1, 1, 1, 1, 1, 1, 1, 1, 1, 1, 1, 1, 1, 1, 1, 1, 1, 1, 1, 1, 1, 1, 1, 1, 1, 1, 1, 1, 1, 1, 1, 1, 1, 1, 1, 1, 1, 1, 1, 1, 1, 1, 1, 1, 1, 1, 1, 1, 1, 1, 1, 1, 1, 1, 1, 1, 1, 1, 1, 1, 1, 1, 1, 1, 1, 1, 1, 1, 1, 1, 1, 1, 1, 1, 1, 1, 1, 1, 1, 1, 1, 1, 1, 1, 1, 1, 1, 1, 1, 1, 1, 1, 1, 1, 1, 1, 1, 1, 1, 1, 1, 1, 1, 1, 1, 1, 1, 1, 1, 1, 1, 1, 1, 1, 1, 1, 1, 1, 1, 1, 1, 1, 1, 1, 1, 1, 1, 1, 1, 1, 1, 1, 1, 1, 1, 1, 1, 1, 1, 1, 1, 1, 1, 1, 1, 1, 1, 1, 1, 1, 1, 1, 1, 1, 1, 1, 1, 1, 1, 1, 1, 1, 1, 1, 1, 1, 1, 1, 1, 1, 1, 1, 1, 1, 1, 1, 1, 1, 1, 1, 1, 1, 1, 1, 1, 1, 1, 1, 1, 1, 1, 1, 1, 1, 1, 1, 1, 1, 1, 1, 1, 1, 1, 1, 1, 1, 1, 1, 1, 1, 1, 1, 1, 1, 1, 1, 1, 1, 1, 1, 1, 1, 1, 1, 1, 1, 1, 1, 1, 1, 1, 1, 1, 1, 1, 1, 1, 1, 1, 1, 1, 1, 1, 1, 1, 1, 1, 1, 1, 1, 1, 1, 1, 1, 1, 1, 1, 1, 1, 1, 1, 1, 1, 1, 1, 1, 1, 1, 1, 1, 1, 1, 1, 1, 1, 1, 1, 1, 1, 1, 1, 1, 1, 1, 1, 1, 1, 1, 1, 1, 1, 1, 1, 1, 1, 1, 1, 1, 1, 1, 1, 1, 1, 1, 1, 1, 1, 1, 1, 1, 1, 1, 1, 1, 1, 1, 1, 1, 1, 1, 1, 1, 1, 1, 1, 1, 1, 1, 1, 1, 1, 1, 1, 1, 1, 1, 1, 1, 1, 1, 1, 1, 1, 1, 1, 1, 1, 1, 1, 1, 1, 1, 1, 1, 1, 1, 1, 1, 1, 1, 1, 1, 1, 1, 1, 1, 1, 1, 1, 1, 1, 1, 1, 1, 1, 1, 1, 1, 1, 1, 1, 1, 1, 1, 1, 1, 1, 1, 1, 1, 1, 1, 1, 1, 1, 1, 1, 1, 1, 1, 1, 1, 1, 1, 1, 1, 1, 1, 1, 1, 1, 1, 1, 1, 1, 1, 1, 1, 1, 1, 1, 1, 1, 1, 1, 1, 1, 1, 1, 1, 1, 1, 1, 1, 1, 1, 1, 1, 1, 1, 1, 1, 1, 1, 1, 1, 1, 1, 1, 1, 1, 1, 1, 1, 1, 1, 1, 1, 1, 1, 1, 1, 1, 1, 1, 1, 1, 1, 1, 1, 1, 1, 1, 1, 1, 1, 1, 1, 1, 1, 1, 1, 1, 1, 1, 1, 1, 1, 1, 1, 1, 1, 1, 1, 1, 1, 1, 1, 1, 1, 1, 1, 1, 1, 1, 1, 1, 1, 1, 1, 1, 1, 1, 1, 1, 1, 1, 1, 1, 1, 1, 1, 1, 1, 1, 1, 1, 1, 1, 1, 1, 1, 1, 1, 1, 1, 1, 1, 1, 1, 1, 1, 1, 1, 1, 1, 1, 1, 1, 1, 1, 1, 1, 1, 1, 1, 1, 1, 1, 1, 1, 1, 1, 1, 1, 1, 1, 1, 1, 1, 1, 1, 1, 1, 1, 1, 1, 1, 1, 1, 1, 1, 1, 1, 1, 1, 1, 1, 1, 1, 1, 1, 1, 1, 1, 1, 1, 1, 1, 1, 1, 1, 1, 1, 1, 1, 1, 1, 1, 1, 1, 1, 1, 1, 1, 1, 1, 1, 1, 1, 1, 1, 1, 1, 1, 1, 1, 1, 1, 1, 1, 1, 1, 1, 1, 1, 1, 1, 1, 1, 1, 1, 1, 1, 1, 1, 1, 1, 1, 1, 1, 1, 1, 1, 1, 1, 1, 1, 1, 1, 1, 1, 1, 1, 1, 1, 1, 1, 1, 1, 1, 1, 1, 1, 1, 1, 1, 1, 1, 1, 1, 1, 1, 1, 1, 1, 1, 1, 1, 1, 1, 1, 1, 1, 1, 1, 1, 1, 1, 1, 1, 1, 1, 1, 1, 1, 1, 1], [1, 1, 1, 1, 1, 1, 1, 1, 1, 1, 1, 1, 1, 1, 1, 1, 1, 1, 1, 1, 1, 1, 1, 1, 1, 1, 1, 1, 1, 1, 1, 1, 1, 1, 1, 1, 1, 1, 1, 1, 1, 1, 1, 1, 1, 1, 1, 1, 1, 1, 1, 1, 1, 1, 1, 1, 1, 1, 1, 1, 1, 1, 1, 1, 1, 1, 1, 1, 1, 1, 1, 1, 1, 1, 1, 1, 1, 1, 1, 1, 1, 1, 1, 1, 1, 1, 1, 1, 1, 1, 1, 1, 1, 1, 1, 1, 1, 1, 1, 1, 1, 1, 1, 1, 1, 1, 1, 1, 1, 1, 1, 1, 1, 1, 1, 1, 1, 1, 1, 1, 1, 1, 1, 1, 1, 1, 1, 1, 1, 1, 1, 1, 1, 1, 1, 1, 1, 1, 1, 1, 1, 1, 1, 1, 1, 1, 1, 1, 1, 1, 1, 1, 1, 1, 1, 1, 1, 1, 1, 1, 1, 1, 1, 1, 1, 1, 1, 1, 1, 1, 1, 1, 1, 1, 1, 1, 1, 1, 1, 1, 1, 1, 1, 1, 1, 1, 1, 1, 1, 1, 1, 1, 1, 1, 1, 1, 1, 1, 1, 1, 1, 1, 1, 1, 1, 1, 1, 1, 1, 1, 1, 1, 1, 1, 1, 1, 1, 1, 1, 1, 1, 1, 1, 1, 1, 1, 1, 1, 1, 1, 1, 1, 1, 1, 1, 1, 1, 1, 1, 1, 1, 1, 1, 1, 1, 1, 1, 1, 1, 1, 1, 1, 1, 1, 1, 1, 1, 1, 1, 1, 1, 1, 1, 1, 1, 1, 1, 1, 1, 1, 1, 1, 1, 1, 1, 1, 1, 1, 1, 1, 1, 1, 1, 1, 1, 1, 1, 1, 1, 1, 1, 1, 1, 1, 1, 1, 1, 1, 1, 1, 1, 1, 1, 1, 1, 1, 1, 1, 1, 1, 1, 1, 1, 1, 1, 1, 1, 1, 1, 1, 1, 1, 1, 1, 1, 1, 1, 1, 1, 1, 1, 1, 1, 1, 1, 1, 1, 1, 1, 1, 1, 1, 1, 1, 1, 1, 1, 1, 1, 1, 1, 1, 1, 1, 1, 1, 1, 1, 1, 1, 1, 1, 1, 1, 1, 1, 1, 1, 1, 1, 1, 1, 1, 1, 1, 1, 1, 1, 1, 1, 1, 1, 1, 1, 1, 1, 1, 1, 1, 1, 1, 1, 1, 1, 1, 1, 1, 1, 1, 1, 1, 1, 1, 1, 1, 1, 1, 1, 1, 1, 1, 1, 1, 1, 1, 1, 1, 1, 1, 1, 1, 1, 1, 1, 1, 1, 1, 1, 1, 1, 1, 1, 1, 1, 1, 1, 1, 1, 1, 1, 1, 1, 1, 1, 1, 1, 1, 1, 1, 1, 1, 1, 1, 1, 1, 1, 1, 1, 1, 1, 1, 1, 1, 1, 1, 1, 1, 1, 1, 1, 1, 1, 1, 1, 1, 1, 1, 1, 1, 1, 1, 1, 1, 1, 1, 1, 1, 1, 1, 1, 1, 1, 1, 1, 1, 1, 1, 1, 1, 1, 1, 1, 1, 1, 1, 1, 1, 1, 1, 1, 1, 1, 1, 1, 1, 1, 1, 1, 1, 1, 1, 1, 1, 1, 1, 1, 1, 1, 1, 1, 1, 1, 1, 1, 1, 1, 1, 1, 1, 1, 1, 1, 1, 1, 1, 1, 1, 1, 1, 1, 1, 1, 1, 1, 1, 1, 1, 1, 1, 1, 1, 1, 1, 1, 1, 1, 1, 1, 1, 1, 1, 1, 1, 1, 1, 1, 1, 1, 1, 1, 1, 1, 1, 1, 1, 1, 1, 1, 1, 1, 1, 1, 1, 1, 1, 1, 1, 1, 1, 1, 1, 1, 1, 1, 1, 1, 1, 1, 1, 1, 1, 1, 1, 1, 1, 1, 1, 1, 1, 1, 1, 1, 1, 1, 1, 1, 1, 1, 1, 1, 1, 1, 1, 1, 1, 1, 1, 1, 1, 1, 1, 1, 1, 1, 1, 1, 1, 1, 1, 1, 1, 1, 1, 1, 1, 1, 1, 1, 1, 1, 1, 1, 1, 1, 1, 1, 1, 1, 1, 1, 1, 1, 1, 1, 1, 1, 1, 1, 1, 1, 1, 1, 1, 1, 1, 1, 1, 1, 1, 1, 1, 1, 1, 1, 1, 1, 1, 1, 1, 1, 1, 1, 1, 1, 1, 1, 1, 1, 1, 1, 1, 1, 1, 1, 1, 1, 1, 1, 1, 1, 1, 1, 1, 1, 1, 1, 1, 1, 1, 1, 1, 1, 1, 1, 1, 1, 1, 1, 1, 1, 1, 1, 1, 1, 1, 1, 1, 1, 1, 1, 1, 1, 1, 1, 1, 1, 1, 1, 1, 1, 1, 1, 1, 1, 1, 1, 1, 1, 1, 1, 1, 1, 1, 1, 1, 1, 1, 1, 1, 1, 1, 1, 1, 1, 1, 1, 1, 1, 1, 1, 1, 1, 1, 1, 1, 1, 1, 1, 1, 1, 1, 1, 1, 1, 1, 1, 1, 1, 1, 1, 1, 1, 1, 1, 1, 1, 1, 1, 1, 1, 1, 1, 1, 1, 1, 1, 1, 1, 1, 1, 1, 1, 1, 1, 1, 1, 1, 1, 1, 1, 1, 1, 1, 1, 1, 1, 1, 1, 1, 1, 1, 1, 1, 1, 1, 1, 1, 1, 1, 1, 1, 1, 1, 1, 1, 1, 1, 1, 1, 1, 1, 1, 1, 1, 1, 1, 1, 1, 1, 1, 1, 1, 1, 1, 1, 1, 1, 1, 1, 1, 1, 1, 1, 1, 1, 1, 1, 1, 1, 1, 1, 1, 1, 1, 1, 1, 1, 1, 1, 1, 1, 1, 1, 1, 1, 1, 1, 1, 1, 1, 1, 1, 1, 1, 1, 1, 1, 1, 1, 1, 1, 1, 1, 1, 1, 1, 1, 1, 1, 1, 1, 1, 1, 1, 1, 1, 1, 1, 1, 1, 1, 1, 1, 1, 1, 1, 1, 1, 1, 1, 1, 1, 1, 1, 1, 1, 1, 1, 1, 1, 1, 1, 1, 1, 1, 1, 1, 1, 1, 1, 1, 1, 1, 1, 1, 1, 1, 1, 1, 1, 1, 1, 1, 1, 1, 1, 1, 1, 1, 1, 1, 1, 1, 1, 1, 1, 1, 1, 1, 1, 1, 1, 1, 1, 1, 1, 1, 1, 1, 1, 1, 1, 1, 1, 1, 1, 1, 1, 1, 1, 1, 1, 1, 1, 1, 1, 1, 1, 1, 1, 1, 1, 1, 1, 1, 1, 1, 1, 1, 1, 1, 1, 1, 1, 1, 1, 1, 1, 1, 1, 1, 1, 1, 1, 1, 1, 1, 1, 1, 1, 1, 1, 1, 1, 1, 1, 1, 1, 1, 1, 1, 1, 1, 1, 1, 1, 1, 1, 1, 1, 1, 1, 1, 1, 1, 1, 1, 1, 1, 1, 1, 1, 1, 1, 1, 1, 1, 1, 1, 1, 1, 1, 1, 1, 1, 1, 1, 1, 1, 1, 1, 1, 1, 1, 1, 1, 1, 1, 1, 1, 1, 1, 1, 1, 1, 1, 1, 1, 1, 1, 1, 1, 1, 1, 1, 1, 1, 1, 1, 1, 1, 1, 1, 1, 1, 1, 1, 1, 1, 1, 1, 1, 1, 1, 1, 1, 1, 1, 1, 1, 1, 1, 1, 1, 1, 1, 1, 1, 1, 1, 1, 1, 1, 1, 1, 1, 1, 1, 1, 1, 1, 1, 1, 1, 1, 1, 1, 1, 1, 1, 1, 1, 1, 1, 1, 1, 1, 1, 1, 1, 1, 1, 1, 1, 1, 1, 1, 1, 1, 1, 1, 1, 1, 1, 1, 1, 1, 1, 1, 1, 1, 1, 1, 1, 1, 1, 1, 1, 1, 1, 1, 1, 1, 1, 1, 1, 1, 1, 1, 1, 1, 1, 1, 1, 1, 1, 1, 1, 1, 1, 1, 1, 1, 1, 1, 1, 1, 1, 1, 1, 1, 1, 1, 1, 1, 1, 1, 1, 1, 1, 1, 1, 1, 1, 1, 1, 1, 1, 1, 1, 1, 1, 1, 1, 1, 1, 1, 1, 1, 1, 1, 1, 1, 1, 1, 1, 1, 1, 1, 1, 1, 1, 1, 1, 1, 1, 1, 1, 1, 1, 1, 1, 1, 1, 1, 1, 1, 1, 1, 1, 1, 1, 1, 1, 1, 1, 1, 1, 1, 1, 1, 1, 1, 1, 1, 1, 1, 1, 1, 1, 1, 1, 1, 1, 1, 1, 1, 1, 1, 1, 1, 1, 1, 1, 1, 1, 1, 1, 1, 1, 1, 1, 1, 1, 1, 1, 1, 1, 1, 1, 1, 1, 1, 1, 1, 1, 1, 1, 1, 1, 1, 1, 1, 1, 1, 1, 1, 1, 1, 1, 1, 1, 1, 1, 1, 1, 1, 1, 1, 1, 1, 1, 1, 1, 1, 1, 1, 1, 1, 1, 1, 1, 1, 1, 1, 1, 1, 1, 1, 1, 1, 1, 1, 1, 1, 1, 1, 1, 1, 1, 1, 1, 1, 1, 1, 1, 1, 1, 1, 1, 1, 1, 1, 1, 1, 1, 1, 1, 1, 1, 1, 1, 1, 1, 1, 1, 1, 1, 1, 1, 1, 1, 1, 1, 1, 1, 1, 1, 1, 1, 1, 1, 1, 1, 1, 1, 1, 1, 1, 1, 1, 1, 1, 1, 1, 1, 1, 1, 1, 1, 1, 1, 1, 1, 1, 1, 1, 1, 1, 1, 1, 1, 1, 1, 1, 1, 1, 1, 1, 1, 1, 1, 1, 1, 1, 1, 1, 1, 1, 1, 1, 1, 1, 1, 1, 1, 1, 1, 1, 1, 1, 1, 1, 1, 1, 1, 1, 1, 1, 1, 1, 1, 1, 1, 1, 1, 1, 1, 1, 1, 1, 1, 1, 1, 1, 1, 1, 1, 1, 1, 1, 1, 1, 1, 1, 1, 1, 1, 1, 1, 1, 1, 1, 1, 1, 1, 1, 1, 1, 1, 1, 1, 1, 1, 1, 1, 1, 1, 1, 1, 1, 1, 1, 1, 1, 1, 1, 1, 1, 1, 1, 1, 1, 1, 1, 1, 1, 1, 1, 1, 1, 1, 1, 1, 1, 1, 1, 1, 1, 1, 1, 1, 1, 1, 1, 1, 1, 1, 1, 1, 1, 1, 1, 1, 1, 1, 1, 1, 1]]
  no_load_optim ................................... None
  no_load_rng ..................................... None
  no_save_optim ................................... None
  no_save_rng ..................................... None
  num_attention_heads ............................. 8
  num_channels .................................... 3
  num_classes ..................................... 1000
  num_gpus ........................................ [1, 1, 1, 1, 1, 1, 2]
  num_layers ...................................... 512
  num_layers_per_virtual_pipeline_stage ........... None
  num_ops_in_each_stage ........................... [830, 831, 833, 835, 834, 847, 1649]
  num_stages ...................................... 7
  num_workers ..................................... 2
  onnx_safe ....................................... None
  openai_gelu ..................................... False
  optimizer ....................................... adam
  override_lr_scheduler ........................... False
  params_dtype .................................... torch.float16
  patch_dim ....................................... 16
  pipeline_model_parallel_size .................... 1
  prof_cache_file ................................. None
  prof_mbs_list ................................... None
  prof_memory_only ................................ False
  prof_model_name ................................. all
  prof_model_size ................................. all
  prof_node_rank .................................. None
  prof_num_nodes .................................. None
  prof_path ....................................... None
  prof_ref_data ................................... None
  prof_repeat_threshold ........................... None
  prof_repeat_times ............................... [50]
  prof_skip_running ............................... False
  prof_time_only .................................. False
  prof_tp_size .................................... None
  prof_warmup_threshold ........................... None
  prof_warmup_times ............................... 20
  query_in_block_prob ............................. 0.1
  rampup_batch_size ............................... None
  rank ............................................ 0
  recompute_ops ................................... [[0, 0, 1, 1, 1, 1, 1, 1, 1, 1, 1, 1, 1, 1, 1, 1, 1, 1, 1, 1, 1, 1, 1, 1, 1, 1, 1, 1, 1, 1, 1, 1, 1, 1, 1, 1, 1, 1, 1, 1, 1, 1, 1, 1, 1, 1, 1, 1, 1, 1, 1, 1, 1, 1, 1, 1, 1, 1, 1, 1, 1, 1, 1, 1, 1, 1, 1, 1, 1, 1, 1, 1, 1, 1, 1, 1, 1, 1, 1, 1, 1, 1, 1, 1, 1, 1, 1, 1, 1, 1, 1, 1, 1, 1, 1, 1, 1, 1, 1, 1, 1, 1, 1, 1, 1, 1, 1, 1, 1, 1, 1, 1, 1, 1, 1, 1, 1, 1, 1, 1, 1, 1, 1, 1, 1, 1, 1, 1, 1, 1, 1, 1, 1, 1, 1, 1, 1, 1, 1, 1, 1, 1, 1, 1, 1, 1, 1, 1, 1, 1, 1, 1, 1, 1, 1, 1, 1, 1, 1, 1, 1, 1, 1, 1, 1, 1, 1, 1, 1, 1, 1, 1, 1, 1, 1, 1, 1, 1, 1, 1, 1, 1, 1, 1, 1, 1, 1, 1, 1, 1, 1, 1, 1, 1, 1, 1, 1, 1, 1, 1, 1, 1, 1, 1, 1, 1, 1, 1, 1, 1, 1, 1, 1, 1, 1, 1, 1, 1, 1, 1, 1, 1, 1, 1, 1, 1, 1, 1, 1, 1, 1, 1, 1, 1, 1, 1, 1, 1, 1, 1, 1, 1, 1, 1, 1, 1, 1, 1, 1, 1, 1, 1, 1, 1, 1, 1, 1, 1, 1, 1, 1, 1, 1, 1, 1, 1, 1, 1, 1, 1, 1, 1, 1, 1, 1, 1, 1, 1, 1, 1, 1, 1, 1, 1, 1, 1, 1, 1, 1, 1, 1, 1, 1, 1, 1, 1, 1, 1, 1, 1, 1, 1, 1, 1, 1, 1, 1, 1, 1, 1, 1, 1, 1, 1, 1, 1, 1, 1, 1, 1, 1, 1, 1, 1, 1, 1, 1, 1, 1, 1, 1, 1, 1, 1, 1, 1, 1, 1, 1, 1, 1, 1, 1, 1, 1, 1, 1, 1, 1, 1, 1, 1, 1, 1, 1, 1, 1, 1, 1, 1, 1, 1, 1, 1, 1, 1, 1, 1, 1, 1, 1, 1, 1, 1, 1, 1, 1, 1, 1, 1, 1, 1, 1, 1, 1, 1, 1, 1, 1, 1, 1, 1, 1, 1, 1, 1, 1, 1, 1, 1, 1, 1, 1, 1, 1, 1, 1, 1, 1, 1, 1, 1, 1, 1, 1, 1, 1, 1, 1, 1, 1, 1, 1, 1, 1, 1, 1, 1, 1, 1, 1, 1, 1, 1, 1, 1, 1, 1, 1, 1, 1, 1, 1, 1, 1, 1, 1, 1, 1, 1, 1, 1, 1, 1, 1, 1, 1, 1, 1, 1, 1, 1, 1, 1, 1, 1, 1, 1, 1, 1, 1, 1, 1, 1, 1, 1, 1, 1, 1, 1, 1, 1, 1, 1, 1, 1, 1, 1, 1, 1, 1, 1, 1, 1, 1, 1, 1, 1, 1, 1, 1, 1, 1, 1, 1, 1, 1, 1, 1, 1, 1, 1, 1, 1, 1, 1, 1, 1, 1, 1, 1, 1, 1, 1, 1, 1, 1, 1, 1, 1, 1, 1, 1, 1, 1, 1, 1, 1, 1, 1, 1, 1, 1, 1, 1, 1, 1, 1, 1, 1, 1, 1, 1, 1, 1, 1, 1, 1, 1, 1, 1, 1, 1, 1, 1, 1, 1, 1, 1, 1, 1, 1, 1, 1, 1, 1, 1, 1, 1, 1, 1, 1, 1, 1, 1, 1, 1, 1, 1, 1, 1, 1, 1, 1, 1, 1, 1, 1, 1, 1, 1, 1, 1, 1, 1, 1, 1, 1, 1, 1, 1, 1, 1, 1, 1, 1, 1, 1, 1, 1, 1, 1, 1, 1, 1, 1, 1, 1, 1, 1, 1, 1, 1, 1, 1, 1, 1, 1, 1, 1, 1, 1, 1, 1, 1, 1, 1, 1, 1, 1, 1, 1, 1, 1, 1, 1, 1, 1, 1, 1, 1, 1, 1, 1, 1, 1, 1, 1, 1, 1, 1, 1, 1, 1, 1, 1, 1, 1, 1, 1, 1, 1, 1, 1, 1, 1, 1, 1, 1, 1, 1, 1, 1, 1, 1, 1, 1, 1, 1, 1, 1, 1, 1, 1, 1, 1, 1, 1, 1, 1, 1, 1, 1, 1, 1, 1, 1, 1, 1, 1, 1, 1, 1, 1, 1, 1, 1, 1, 1, 1, 1, 1, 1, 1, 1, 1, 1, 1, 1, 1, 1, 1, 1, 1, 1, 1, 1, 1, 1, 1, 1, 1, 1, 1, 1, 1, 1, 1, 1, 1, 1, 1, 1, 1, 1, 1, 1, 1, 1, 1, 1, 1, 1, 1, 1, 1, 1, 1, 1, 1, 1, 1, 1, 1, 1, 1, 1, 1, 1, 1, 1, 1, 1, 1, 1, 1, 1, 1, 1, 1, 1, 1, 1, 1, 1, 1, 1, 1, 1, 1, 1, 1, 1, 1, 1, 1, 1, 1, 1, 1, 1, 1, 1, 1, 1, 1, 1, 1, 1, 1], [1, 1, 1, 1, 1, 1, 1, 1, 1, 1, 1, 1, 1, 1, 1, 1, 1, 1, 1, 1, 1, 1, 1, 1, 1, 1, 1, 1, 1, 1, 1, 1, 1, 1, 1, 1, 1, 1, 1, 1, 1, 1, 1, 1, 1, 1, 1, 1, 1, 1, 1, 1, 1, 1, 1, 1, 1, 1, 1, 1, 1, 1, 1, 1, 1, 1, 1, 1, 1, 1, 1, 1, 1, 1, 1, 1, 1, 1, 1, 1, 1, 1, 1, 1, 1, 1, 1, 1, 1, 1, 1, 1, 1, 1, 1, 1, 1, 1, 1, 1, 1, 1, 1, 1, 1, 1, 1, 1, 1, 1, 1, 1, 1, 1, 1, 1, 1, 1, 1, 1, 1, 1, 1, 1, 1, 1, 1, 1, 1, 1, 1, 1, 1, 1, 1, 1, 1, 1, 1, 1, 1, 1, 1, 1, 1, 1, 1, 1, 1, 1, 1, 1, 1, 1, 1, 1, 1, 1, 1, 1, 1, 1, 1, 1, 1, 1, 1, 1, 1, 1, 1, 1, 1, 1, 1, 1, 1, 1, 1, 1, 1, 1, 1, 1, 1, 1, 1, 1, 1, 1, 1, 1, 1, 1, 1, 1, 1, 1, 1, 1, 1, 1, 1, 1, 1, 1, 1, 1, 1, 1, 1, 1, 1, 1, 1, 1, 1, 1, 1, 1, 1, 1, 1, 1, 1, 1, 1, 1, 1, 1, 1, 1, 1, 1, 1, 1, 1, 1, 1, 1, 1, 1, 1, 1, 1, 1, 1, 1, 1, 1, 1, 1, 1, 1, 1, 1, 1, 1, 1, 1, 1, 1, 1, 1, 1, 1, 1, 1, 1, 1, 1, 1, 1, 1, 1, 1, 1, 1, 1, 1, 1, 1, 1, 1, 1, 1, 1, 1, 1, 1, 1, 1, 1, 1, 1, 1, 1, 1, 1, 1, 1, 1, 1, 1, 1, 1, 1, 1, 1, 1, 1, 1, 1, 1, 1, 1, 1, 1, 1, 1, 1, 1, 1, 1, 1, 1, 1, 1, 1, 1, 1, 1, 1, 1, 1, 1, 1, 1, 1, 1, 1, 1, 1, 1, 1, 1, 1, 0, 1, 1, 1, 1, 1, 1, 1, 1, 1, 1, 1, 1, 0, 1, 1, 1, 1, 1, 1, 1, 1, 1, 1, 1, 1, 0, 1, 1, 1, 1, 1, 1, 1, 1, 1, 1, 1, 1, 0, 1, 1, 1, 1, 1, 1, 1, 1, 1, 1, 1, 1, 0, 1, 1, 1, 1, 1, 1, 1, 1, 1, 1, 1, 1, 0, 1, 1, 1, 1, 1, 1, 1, 1, 1, 1, 1, 1, 0, 1, 1, 1, 1, 1, 1, 1, 1, 1, 1, 1, 1, 0, 1, 1, 1, 1, 1, 1, 1, 1, 1, 1, 1, 1, 0, 1, 1, 1, 1, 1, 1, 1, 1, 1, 1, 1, 1, 0, 1, 1, 1, 1, 1, 1, 1, 1, 1, 1, 1, 1, 0, 1, 1, 1, 1, 1, 1, 1, 1, 1, 1, 1, 1, 0, 1, 1, 1, 1, 1, 1, 1, 1, 1, 1, 1, 1, 0, 1, 1, 1, 1, 1, 1, 1, 1, 1, 1, 1, 1, 0, 1, 1, 1, 1, 1, 1, 1, 1, 1, 1, 1, 1, 0, 1, 1, 1, 1, 1, 1, 1, 1, 1, 1, 1, 1, 0, 1, 1, 1, 1, 1, 1, 1, 1, 1, 1, 1, 1, 0, 1, 1, 1, 1, 1, 1, 1, 1, 1, 1, 1, 1, 0, 1, 1, 1, 1, 1, 1, 1, 1, 1, 1, 1, 1, 0, 1, 1, 1, 1, 1, 1, 1, 1, 1, 1, 1, 1, 0, 1, 1, 1, 1, 1, 1, 1, 1, 1, 1, 1, 1, 0, 1, 1, 1, 1, 1, 1, 1, 1, 1, 1, 1, 1, 0, 1, 1, 1, 1, 1, 1, 1, 1, 1, 1, 1, 1, 0, 1, 1, 1, 1, 1, 1, 1, 1, 1, 1, 1, 1, 0, 1, 1, 1, 1, 1, 1, 1, 1, 1, 1, 1, 1, 0, 1, 1, 1, 1, 1, 1, 1, 1, 1, 1, 1, 1, 0, 1, 1, 1, 1, 1, 1, 1, 1, 1, 1, 1, 1, 0, 1, 1, 1, 1, 1, 1, 1, 1, 1, 1, 1, 1, 0, 1, 1, 1, 1, 1, 1, 1, 1, 1, 1, 1, 1, 0, 1, 1, 1, 1, 1, 1, 1, 1, 1, 1, 1, 1, 0, 1, 1, 1, 1, 1, 1, 1, 1, 1, 1, 1, 1, 0, 1, 1, 1, 1, 1, 1, 1, 1, 1, 1, 1, 1, 0, 1, 1, 1, 1, 1, 1, 1, 1, 1, 1, 1, 1, 0, 1, 1, 1, 1, 1, 1, 1, 1, 1, 1, 1, 1, 0, 1, 1, 1, 1, 1, 1, 1, 1, 1, 1, 1, 1, 0, 1, 1, 1, 1, 1, 1, 1, 1, 1, 1, 1, 1, 0, 1, 1, 1, 1, 1, 1, 1, 1, 1, 1, 1, 1, 0, 1, 1, 1, 1, 1, 1, 1, 1, 1, 1, 1, 1, 0, 1, 1], [1, 1, 1, 1, 1, 1, 1, 1, 1, 1, 0, 1, 1, 1, 1, 1, 1, 1, 1, 1, 1, 1, 1, 0, 1, 1, 1, 1, 1, 1, 1, 1, 1, 1, 1, 1, 0, 1, 1, 1, 1, 1, 1, 1, 1, 1, 1, 1, 1, 0, 1, 1, 1, 1, 1, 1, 1, 1, 1, 1, 1, 1, 0, 1, 1, 1, 1, 1, 1, 1, 1, 1, 1, 1, 1, 0, 1, 1, 1, 1, 1, 1, 1, 1, 1, 1, 1, 1, 0, 1, 1, 1, 1, 1, 1, 1, 1, 1, 1, 1, 1, 0, 1, 1, 1, 1, 1, 1, 1, 1, 1, 1, 1, 1, 0, 1, 1, 1, 1, 1, 1, 1, 1, 1, 1, 1, 1, 0, 1, 1, 1, 1, 1, 1, 1, 1, 1, 1, 1, 1, 0, 1, 1, 1, 1, 1, 1, 1, 1, 1, 1, 1, 1, 0, 1, 1, 1, 1, 1, 1, 1, 1, 1, 1, 1, 1, 0, 1, 1, 1, 1, 1, 1, 1, 1, 1, 1, 1, 1, 0, 1, 1, 1, 1, 1, 1, 1, 1, 1, 1, 1, 1, 0, 1, 1, 1, 1, 1, 1, 1, 1, 1, 1, 1, 1, 0, 1, 1, 1, 1, 1, 1, 1, 1, 1, 1, 1, 1, 0, 1, 1, 1, 1, 1, 1, 1, 1, 1, 1, 1, 1, 0, 1, 1, 1, 1, 1, 1, 1, 1, 1, 1, 1, 1, 0, 1, 1, 1, 1, 1, 1, 1, 1, 1, 1, 1, 1, 0, 1, 1, 1, 1, 1, 1, 1, 1, 1, 1, 1, 1, 0, 1, 1, 1, 1, 1, 1, 1, 1, 1, 1, 1, 1, 0, 1, 1, 1, 1, 1, 1, 1, 1, 1, 1, 1, 1, 0, 1, 1, 1, 1, 1, 1, 1, 1, 1, 1, 1, 1, 0, 1, 1, 1, 1, 1, 1, 1, 1, 1, 1, 1, 1, 0, 1, 1, 1, 1, 1, 1, 1, 1, 1, 1, 1, 1, 0, 1, 1, 1, 1, 1, 1, 1, 1, 1, 1, 1, 1, 0, 1, 1, 1, 1, 1, 1, 1, 1, 1, 1, 1, 1, 0, 1, 1, 1, 1, 1, 1, 1, 1, 1, 1, 1, 1, 0, 1, 1, 1, 1, 1, 1, 1, 1, 1, 1, 1, 1, 0, 1, 1, 1, 1, 1, 1, 1, 1, 1, 1, 1, 1, 0, 1, 1, 1, 1, 1, 1, 1, 1, 1, 1, 1, 1, 0, 1, 1, 1, 1, 1, 1, 1, 1, 1, 1, 1, 1, 0, 1, 1, 1, 1, 1, 1, 1, 1, 1, 1, 1, 1, 0, 1, 1, 1, 1, 1, 1, 1, 1, 1, 1, 1, 1, 0, 1, 1, 1, 1, 1, 1, 1, 1, 1, 1, 1, 1, 0, 1, 1, 1, 1, 1, 1, 1, 1, 1, 1, 1, 1, 0, 1, 1, 1, 1, 1, 1, 1, 1, 1, 1, 1, 1, 0, 1, 1, 1, 1, 1, 1, 1, 1, 1, 1, 1, 1, 0, 1, 1, 1, 1, 1, 1, 1, 1, 1, 1, 1, 1, 0, 1, 1, 1, 1, 1, 1, 1, 1, 1, 1, 1, 1, 0, 1, 1, 1, 1, 1, 1, 1, 1, 1, 1, 1, 1, 0, 1, 1, 1, 1, 1, 1, 1, 1, 1, 1, 1, 1, 0, 1, 1, 1, 1, 1, 1, 1, 1, 1, 1, 1, 1, 0, 1, 1, 1, 1, 1, 1, 1, 1, 1, 1, 1, 1, 0, 1, 1, 1, 1, 1, 1, 1, 1, 1, 1, 1, 1, 0, 1, 1, 1, 1, 1, 1, 1, 1, 1, 1, 1, 1, 0, 1, 1, 1, 1, 1, 1, 1, 1, 1, 1, 1, 1, 0, 1, 1, 1, 1, 1, 1, 1, 1, 1, 1, 1, 1, 0, 1, 1, 1, 1, 1, 1, 1, 1, 1, 1, 1, 1, 0, 1, 1, 1, 1, 1, 1, 1, 1, 1, 1, 1, 1, 0, 1, 1, 1, 1, 1, 1, 1, 1, 1, 1, 1, 1, 0, 1, 1, 1, 1, 1, 1, 1, 1, 1, 1, 1, 1, 0, 1, 1, 1, 1, 1, 1, 1, 1, 1, 1, 1, 1, 0, 1, 1, 1, 1, 1, 1, 1, 1, 1, 1, 1, 1, 0, 1, 1, 1, 1, 1, 1, 1, 1, 1, 1, 1, 1, 0, 1, 1, 1, 1, 1, 1, 1, 1, 1, 1, 1, 1, 0, 1, 1, 1, 1, 1, 1, 1, 1, 1, 1, 1, 1, 0, 1, 1, 1, 1, 1, 1, 1, 1, 1, 1, 1, 1, 0, 1, 1, 1, 1, 1, 1, 1, 1, 1, 1, 1, 1, 0, 1, 1, 1, 1, 1, 1, 1, 1, 1, 1, 1, 1, 0, 1, 1, 1, 1, 1, 1, 1, 1, 1, 1, 1, 1, 0, 1, 1, 1, 1, 1, 1, 1, 1, 1, 1, 1, 1, 0, 1, 1, 1, 1, 1, 1, 1, 1, 1, 1, 1, 1, 0, 1, 1, 1], [1, 1, 1, 1, 1, 1, 1, 1, 1, 0, 1, 1, 1, 1, 1, 1, 1, 1, 1, 1, 1, 1, 0, 1, 1, 1, 1, 1, 1, 1, 1, 1, 1, 1, 1, 0, 1, 1, 1, 1, 1, 1, 1, 1, 1, 1, 1, 1, 0, 1, 1, 1, 1, 1, 1, 1, 1, 1, 1, 1, 1, 0, 1, 1, 1, 1, 1, 1, 1, 1, 1, 1, 1, 1, 0, 1, 1, 1, 1, 1, 1, 1, 1, 1, 1, 1, 1, 0, 1, 1, 1, 1, 1, 1, 1, 1, 1, 1, 1, 1, 0, 1, 1, 1, 1, 1, 1, 1, 1, 1, 1, 1, 1, 0, 1, 1, 1, 1, 1, 1, 1, 1, 1, 1, 1, 1, 0, 1, 1, 1, 1, 1, 1, 1, 1, 1, 1, 1, 1, 0, 1, 1, 1, 1, 1, 1, 1, 1, 1, 1, 1, 1, 0, 1, 1, 1, 1, 1, 1, 1, 1, 1, 1, 1, 1, 0, 1, 1, 1, 1, 1, 1, 1, 1, 1, 1, 1, 1, 0, 1, 1, 1, 1, 1, 1, 1, 1, 1, 1, 1, 1, 0, 1, 1, 1, 1, 1, 1, 1, 1, 1, 1, 1, 1, 0, 1, 1, 1, 1, 1, 1, 1, 1, 1, 1, 1, 1, 0, 1, 1, 1, 1, 1, 1, 1, 1, 1, 1, 1, 1, 0, 1, 1, 1, 1, 1, 1, 1, 1, 1, 1, 1, 1, 0, 1, 1, 1, 1, 1, 1, 1, 1, 1, 1, 1, 1, 0, 1, 1, 1, 1, 1, 1, 1, 1, 1, 1, 1, 1, 0, 1, 1, 1, 1, 1, 1, 1, 1, 1, 1, 1, 1, 0, 1, 1, 1, 1, 1, 1, 1, 1, 1, 1, 1, 1, 0, 1, 1, 1, 1, 1, 1, 1, 1, 1, 1, 1, 1, 0, 1, 1, 1, 1, 1, 1, 1, 1, 1, 1, 1, 1, 0, 1, 1, 1, 1, 1, 1, 1, 1, 1, 1, 1, 1, 0, 1, 1, 1, 1, 1, 1, 1, 1, 1, 1, 1, 1, 0, 1, 1, 1, 1, 1, 1, 1, 1, 1, 1, 1, 1, 0, 1, 1, 1, 1, 1, 1, 1, 1, 1, 1, 1, 1, 0, 1, 1, 1, 1, 1, 1, 1, 1, 1, 1, 1, 1, 0, 1, 1, 1, 1, 1, 1, 1, 1, 1, 1, 1, 1, 0, 1, 1, 1, 1, 1, 1, 1, 1, 1, 1, 1, 1, 0, 1, 1, 1, 1, 1, 1, 1, 1, 1, 1, 1, 1, 0, 1, 1, 1, 1, 1, 1, 1, 1, 1, 1, 1, 1, 0, 1, 1, 1, 1, 1, 1, 1, 1, 1, 1, 1, 1, 0, 1, 1, 1, 1, 1, 1, 1, 1, 1, 1, 1, 1, 0, 1, 1, 1, 1, 1, 1, 1, 1, 1, 1, 1, 1, 0, 1, 1, 1, 1, 1, 1, 1, 1, 1, 1, 1, 1, 0, 1, 1, 1, 1, 1, 1, 1, 1, 1, 1, 1, 1, 0, 1, 1, 1, 1, 1, 1, 1, 1, 1, 1, 1, 1, 0, 1, 1, 1, 1, 1, 1, 1, 1, 1, 1, 1, 1, 0, 1, 1, 1, 1, 1, 1, 1, 1, 1, 1, 1, 1, 0, 1, 1, 1, 1, 1, 1, 1, 1, 1, 1, 1, 1, 0, 1, 1, 1, 1, 1, 1, 1, 1, 1, 1, 1, 1, 0, 1, 1, 1, 1, 1, 1, 1, 1, 1, 1, 1, 1, 0, 1, 1, 1, 1, 1, 1, 1, 1, 1, 1, 1, 1, 0, 1, 1, 1, 1, 1, 1, 1, 1, 1, 1, 1, 1, 0, 1, 1, 1, 1, 1, 1, 1, 1, 1, 1, 1, 1, 0, 1, 1, 1, 1, 1, 1, 1, 1, 1, 1, 1, 1, 0, 1, 1, 1, 1, 1, 1, 1, 1, 1, 1, 1, 1, 0, 1, 1, 1, 1, 1, 1, 1, 1, 1, 1, 1, 1, 0, 1, 1, 1, 1, 1, 1, 1, 1, 1, 1, 1, 1, 0, 1, 1, 1, 1, 1, 1, 1, 1, 1, 1, 1, 1, 0, 1, 1, 1, 1, 1, 1, 1, 1, 1, 1, 1, 1, 0, 1, 1, 1, 1, 1, 1, 1, 1, 1, 1, 1, 1, 0, 1, 1, 1, 1, 1, 1, 1, 1, 1, 1, 1, 1, 0, 1, 1, 1, 1, 1, 1, 1, 1, 1, 1, 1, 1, 0, 1, 1, 1, 1, 1, 1, 1, 1, 1, 1, 1, 1, 0, 0, 0, 1, 1, 1, 1, 1, 1, 1, 1, 1, 1, 0, 0, 0, 1, 1, 1, 1, 1, 1, 1, 1, 1, 1, 0, 0, 0, 1, 1, 1, 1, 1, 1, 1, 1, 1, 1, 0, 0, 0, 1, 1, 1, 1, 1, 1, 1, 1, 1, 1, 0, 0, 0, 1, 1, 1, 1, 1, 1, 1, 1, 1, 1, 0, 0, 0, 1, 1, 1, 1, 1, 1, 1, 1, 1, 1, 0, 0, 0, 1, 1, 1, 1], [0, 1, 1, 1, 1, 1, 1, 1, 1, 1, 1, 1, 1, 1, 1, 1, 1, 1, 1, 1, 1, 1, 1, 1, 1, 1, 1, 1, 1, 1, 1, 1, 1, 1, 1, 1, 1, 1, 1, 1, 1, 1, 1, 1, 1, 1, 1, 1, 1, 1, 1, 1, 1, 1, 1, 1, 1, 1, 1, 1, 1, 1, 1, 1, 1, 1, 1, 1, 1, 1, 1, 1, 1, 1, 1, 1, 1, 1, 1, 1, 1, 1, 1, 1, 1, 1, 1, 1, 1, 1, 1, 1, 1, 1, 1, 1, 1, 1, 1, 1, 1, 1, 1, 1, 1, 1, 1, 1, 1, 1, 1, 1, 1, 1, 1, 1, 1, 1, 1, 1, 1, 1, 1, 1, 1, 1, 1, 1, 1, 1, 1, 1, 1, 1, 1, 1, 1, 1, 1, 1, 1, 1, 1, 1, 1, 1, 1, 1, 1, 1, 1, 1, 1, 1, 1, 1, 1, 1, 1, 1, 1, 1, 1, 1, 1, 1, 1, 1, 1, 1, 1, 1, 1, 1, 1, 1, 1, 1, 1, 1, 1, 1, 1, 1, 1, 1, 1, 1, 1, 1, 1, 1, 1, 1, 1, 1, 1, 1, 1, 1, 1, 1, 1, 1, 1, 1, 0, 1, 1, 1, 1, 1, 1, 1, 1, 1, 1, 1, 1, 0, 1, 1, 1, 1, 1, 1, 1, 1, 1, 1, 1, 1, 0, 1, 1, 1, 1, 1, 1, 1, 1, 1, 1, 1, 1, 0, 1, 1, 1, 1, 1, 1, 1, 1, 1, 1, 1, 1, 0, 1, 1, 1, 1, 1, 1, 1, 1, 1, 1, 1, 1, 0, 1, 1, 1, 1, 1, 1, 1, 1, 1, 1, 1, 1, 0, 1, 1, 1, 1, 1, 1, 1, 1, 1, 1, 1, 1, 0, 1, 1, 1, 1, 1, 1, 1, 1, 1, 1, 1, 1, 0, 1, 1, 1, 1, 1, 1, 1, 1, 1, 1, 1, 1, 0, 1, 1, 1, 1, 1, 1, 1, 1, 1, 1, 1, 1, 0, 1, 1, 1, 1, 1, 1, 1, 1, 1, 1, 1, 1, 0, 1, 1, 1, 1, 1, 1, 1, 1, 1, 1, 1, 1, 0, 1, 1, 1, 1, 1, 1, 1, 1, 1, 1, 1, 1, 0, 1, 1, 1, 1, 1, 1, 1, 1, 1, 1, 1, 1, 0, 1, 1, 1, 1, 1, 1, 1, 1, 1, 1, 1, 1, 0, 1, 1, 1, 1, 1, 1, 1, 1, 1, 1, 1, 1, 0, 1, 1, 1, 1, 1, 1, 1, 1, 1, 1, 1, 1, 0, 1, 1, 1, 1, 1, 1, 1, 1, 1, 1, 1, 1, 0, 1, 1, 1, 1, 1, 1, 1, 1, 1, 1, 1, 1, 0, 1, 1, 1, 1, 1, 1, 1, 1, 1, 1, 1, 1, 0, 1, 1, 1, 1, 1, 1, 1, 1, 1, 1, 1, 1, 0, 1, 1, 1, 1, 1, 1, 1, 1, 1, 1, 1, 1, 0, 1, 1, 1, 1, 1, 1, 1, 1, 1, 1, 1, 1, 0, 1, 1, 1, 1, 1, 1, 1, 1, 1, 1, 1, 1, 0, 1, 1, 1, 1, 1, 1, 1, 1, 1, 1, 1, 1, 0, 1, 1, 1, 1, 1, 1, 1, 1, 1, 1, 1, 1, 0, 1, 1, 1, 1, 1, 1, 1, 1, 1, 1, 1, 1, 0, 1, 1, 1, 1, 1, 1, 1, 1, 1, 1, 1, 1, 0, 1, 1, 1, 1, 1, 1, 1, 1, 1, 1, 1, 1, 0, 1, 1, 1, 1, 1, 1, 1, 1, 1, 1, 1, 1, 0, 1, 1, 1, 1, 1, 1, 1, 1, 1, 1, 1, 1, 0, 1, 1, 1, 1, 1, 1, 1, 1, 1, 1, 1, 1, 0, 1, 1, 1, 1, 1, 1, 1, 1, 1, 1, 1, 1, 0, 1, 1, 1, 1, 1, 1, 1, 1, 1, 1, 1, 1, 0, 1, 1, 1, 1, 1, 1, 1, 1, 1, 1, 1, 1, 0, 1, 1, 1, 1, 1, 1, 1, 1, 1, 1, 1, 1, 0, 1, 1, 1, 1, 1, 1, 1, 1, 1, 1, 1, 1, 0, 1, 1, 1, 1, 1, 1, 1, 1, 1, 1, 1, 1, 0, 1, 1, 1, 1, 1, 1, 1, 1, 1, 1, 1, 1, 0, 1, 1, 1, 1, 1, 1, 1, 1, 1, 1, 1, 1, 0, 1, 1, 1, 1, 1, 1, 1, 1, 1, 1, 1, 1, 0, 1, 1, 1, 1, 1, 1, 1, 1, 1, 1, 1, 1, 0, 1, 1, 1, 1, 1, 1, 1, 1, 1, 1, 1, 1, 0, 1, 1, 1, 1, 1, 1, 1, 1, 1, 1, 1, 1, 0, 1, 1, 1, 1, 1, 1, 1, 1, 1, 1, 1, 1, 0, 1, 1, 1, 1, 1, 1, 1, 1, 1, 1, 1, 1, 0, 1, 1, 1, 1, 1, 1, 1, 1, 1, 1, 1, 1, 0, 1, 1, 1, 1, 1, 1, 1, 1, 1, 1, 1, 1, 0, 1, 1, 1], [1, 1, 1, 1, 1, 1, 1, 1, 1, 1, 1, 1, 1, 1, 1, 1, 1, 1, 1, 1, 1, 1, 0, 1, 1, 1, 1, 1, 1, 1, 1, 1, 1, 1, 1, 0, 1, 1, 1, 1, 1, 1, 1, 0, 1, 1, 1, 1, 0, 1, 1, 1, 1, 1, 1, 1, 0, 1, 1, 1, 1, 0, 1, 1, 1, 1, 1, 1, 1, 0, 1, 1, 1, 1, 0, 1, 1, 1, 1, 1, 1, 1, 0, 1, 1, 1, 1, 0, 1, 1, 1, 1, 1, 1, 1, 0, 1, 1, 1, 1, 0, 0, 0, 1, 1, 1, 1, 1, 0, 1, 1, 1, 1, 0, 0, 0, 1, 1, 1, 1, 1, 0, 1, 1, 1, 1, 0, 0, 0, 1, 1, 1, 1, 1, 0, 1, 1, 1, 1, 0, 0, 0, 1, 1, 1, 1, 1, 0, 1, 1, 1, 1, 0, 0, 0, 1, 1, 1, 1, 1, 0, 1, 1, 1, 1, 0, 0, 0, 1, 1, 1, 1, 1, 0, 1, 1, 1, 1, 0, 0, 0, 1, 1, 1, 1, 1, 0, 1, 1, 1, 1, 0, 0, 0, 1, 1, 1, 1, 1, 0, 1, 1, 1, 1, 0, 0, 0, 1, 1, 1, 1, 1, 0, 1, 1, 1, 1, 0, 0, 0, 1, 1, 1, 1, 1, 0, 1, 1, 1, 1, 0, 0, 0, 1, 1, 1, 1, 1, 0, 1, 1, 1, 1, 0, 0, 0, 1, 1, 1, 1, 1, 0, 1, 1, 1, 1, 0, 0, 0, 1, 1, 1, 1, 1, 0, 1, 1, 1, 1, 0, 0, 0, 1, 1, 1, 1, 1, 0, 1, 1, 1, 1, 0, 0, 0, 1, 1, 1, 1, 1, 0, 1, 1, 1, 1, 0, 0, 0, 1, 1, 1, 1, 1, 0, 1, 1, 1, 1, 0, 0, 0, 1, 1, 1, 1, 1, 0, 1, 1, 1, 1, 0, 0, 0, 1, 1, 1, 1, 1, 0, 1, 1, 1, 1, 0, 0, 0, 1, 1, 1, 1, 1, 0, 1, 1, 1, 1, 0, 0, 0, 1, 1, 1, 1, 1, 0, 1, 1, 1, 1, 0, 0, 0, 1, 1, 1, 1, 1, 0, 1, 1, 1, 1, 0, 0, 0, 1, 1, 1, 1, 1, 0, 1, 1, 1, 1, 0, 0, 0, 1, 1, 1, 1, 1, 0, 1, 1, 1, 1, 0, 0, 0, 1, 1, 1, 1, 1, 0, 1, 1, 1, 1, 0, 0, 0, 1, 1, 1, 1, 1, 0, 1, 1, 1, 1, 0, 0, 0, 1, 1, 1, 1, 1, 0, 1, 1, 1, 1, 0, 0, 0, 1, 1, 1, 1, 1, 0, 1, 1, 1, 1, 0, 0, 0, 1, 1, 1, 1, 1, 0, 1, 1, 1, 1, 0, 0, 0, 1, 1, 1, 1, 1, 0, 1, 1, 1, 1, 0, 0, 0, 1, 1, 1, 1, 1, 0, 1, 1, 1, 1, 0, 0, 0, 1, 1, 1, 1, 1, 0, 1, 1, 1, 1, 0, 0, 0, 1, 1, 1, 1, 1, 0, 1, 1, 1, 1, 0, 0, 0, 1, 1, 1, 1, 1, 0, 1, 1, 1, 1, 0, 0, 0, 1, 1, 1, 1, 1, 0, 1, 1, 1, 1, 0, 0, 0, 1, 1, 1, 1, 1, 0, 1, 1, 1, 1, 0, 0, 0, 1, 1, 1, 1, 1, 0, 1, 1, 1, 1, 0, 0, 0, 1, 1, 1, 1, 1, 0, 1, 1, 1, 1, 0, 0, 0, 1, 1, 1, 1, 1, 0, 1, 1, 1, 1, 0, 0, 0, 1, 1, 1, 1, 1, 0, 1, 1, 1, 1, 0, 0, 0, 1, 1, 1, 1, 1, 0, 1, 1, 1, 1, 0, 0, 0, 1, 1, 1, 1, 1, 0, 1, 1, 1, 1, 0, 0, 0, 1, 1, 1, 1, 1, 0, 1, 1, 1, 1, 0, 0, 0, 1, 1, 1, 1, 1, 0, 1, 1, 1, 1, 0, 0, 0, 1, 1, 1, 1, 1, 0, 1, 1, 1, 1, 0, 0, 0, 1, 1, 1, 1, 1, 0, 1, 1, 1, 1, 0, 0, 0, 1, 1, 1, 1, 1, 0, 1, 1, 1, 1, 0, 0, 0, 1, 1, 1, 1, 1, 0, 1, 1, 1, 1, 0, 0, 0, 1, 1, 1, 1, 1, 0, 1, 1, 1, 1, 0, 0, 0, 1, 1, 1, 1, 1, 0, 1, 1, 1, 1, 0, 0, 0, 1, 1, 1, 1, 1, 0, 1, 1, 1, 1, 0, 0, 0, 1, 1, 1, 1, 1, 0, 1, 1, 1, 1, 0, 0, 0, 1, 1, 1, 1, 1, 0, 1, 1, 1, 1, 0, 0, 0, 1, 1, 1, 1, 1, 0, 1, 1, 1, 1, 0, 0, 0, 1, 1, 1, 1, 1, 0, 1, 1, 1, 1, 0, 0, 0, 1, 1, 1, 1, 1, 0, 1, 1, 1, 1, 0, 0, 0, 1, 1, 1, 1, 1, 0, 1, 1, 1, 1, 0, 0, 0, 1, 1, 1, 1, 1, 0, 1, 1, 1, 1, 0, 0, 0, 1, 1, 1], [1, 1, 0, 0, 0, 1, 1, 0, 0, 0, 0, 1, 1, 1, 1, 0, 0, 0, 1, 1, 0, 0, 0, 0, 1, 1, 1, 1, 0, 0, 0, 1, 1, 0, 0, 0, 0, 1, 1, 1, 1, 0, 0, 0, 1, 1, 0, 0, 0, 0, 1, 1, 1, 1, 0, 0, 0, 1, 1, 0, 0, 0, 0, 1, 1, 1, 1, 0, 0, 0, 1, 1, 0, 0, 0, 0, 1, 1, 1, 1, 0, 0, 0, 1, 1, 0, 0, 0, 0, 1, 1, 1, 1, 0, 0, 0, 1, 1, 0, 0, 0, 0, 1, 1, 1, 1, 0, 0, 0, 1, 1, 0, 0, 0, 0, 1, 1, 1, 1, 0, 0, 0, 1, 1, 0, 0, 0, 0, 1, 1, 1, 1, 0, 0, 0, 1, 1, 0, 0, 0, 0, 1, 1, 1, 1, 0, 0, 0, 1, 1, 0, 0, 0, 0, 1, 1, 1, 1, 0, 0, 0, 1, 1, 0, 0, 0, 0, 1, 1, 1, 1, 0, 0, 0, 1, 1, 0, 0, 0, 0, 1, 1, 1, 1, 0, 0, 0, 1, 1, 0, 0, 0, 0, 1, 1, 1, 1, 0, 0, 0, 1, 1, 0, 0, 0, 0, 1, 1, 1, 1, 0, 0, 0, 1, 1, 0, 0, 0, 0, 1, 1, 1, 1, 0, 0, 0, 1, 1, 0, 0, 0, 0, 1, 1, 1, 1, 0, 0, 0, 1, 1, 0, 0, 0, 0, 1, 1, 1, 1, 0, 0, 0, 1, 1, 0, 0, 0, 0, 1, 1, 1, 1, 0, 0, 0, 1, 1, 0, 0, 0, 0, 1, 1, 1, 1, 0, 0, 0, 1, 1, 0, 0, 0, 0, 1, 1, 1, 1, 0, 0, 0, 1, 1, 0, 0, 0, 0, 1, 1, 1, 1, 0, 0, 0, 1, 1, 0, 0, 0, 0, 1, 1, 1, 1, 0, 0, 0, 1, 1, 0, 0, 0, 0, 1, 1, 1, 1, 0, 0, 0, 1, 1, 0, 0, 0, 0, 1, 1, 1, 1, 0, 0, 0, 1, 1, 0, 0, 0, 0, 1, 1, 1, 1, 0, 0, 0, 1, 1, 0, 0, 0, 0, 1, 1, 1, 1, 0, 0, 0, 1, 1, 0, 0, 0, 0, 1, 1, 1, 1, 0, 0, 0, 1, 1, 0, 0, 0, 0, 1, 1, 1, 1, 0, 0, 0, 1, 1, 0, 0, 0, 0, 1, 1, 1, 1, 0, 0, 0, 1, 1, 0, 0, 0, 0, 1, 1, 1, 1, 0, 0, 0, 1, 1, 0, 0, 0, 0, 1, 1, 1, 1, 0, 0, 0, 1, 1, 0, 0, 0, 0, 1, 1, 1, 1, 0, 0, 0, 1, 1, 0, 0, 0, 0, 1, 1, 1, 1, 0, 0, 0, 1, 1, 0, 0, 0, 0, 1, 1, 1, 1, 0, 0, 0, 1, 1, 0, 0, 0, 0, 1, 1, 1, 1, 0, 0, 0, 1, 1, 0, 0, 0, 0, 1, 1, 1, 1, 0, 0, 0, 1, 1, 0, 0, 0, 0, 1, 1, 1, 1, 0, 0, 0, 1, 1, 0, 0, 0, 0, 1, 1, 1, 1, 0, 0, 0, 1, 1, 0, 0, 0, 0, 1, 1, 1, 1, 0, 0, 0, 1, 1, 0, 0, 0, 0, 1, 1, 1, 1, 0, 0, 0, 1, 1, 0, 0, 0, 0, 1, 1, 1, 1, 0, 0, 0, 1, 1, 0, 0, 0, 0, 1, 1, 1, 1, 0, 0, 0, 1, 1, 0, 0, 0, 0, 1, 1, 1, 1, 0, 0, 0, 1, 1, 0, 0, 0, 0, 1, 1, 1, 1, 0, 0, 0, 1, 1, 0, 0, 0, 0, 1, 1, 1, 1, 0, 0, 0, 1, 1, 0, 0, 0, 0, 1, 1, 1, 1, 0, 0, 0, 1, 1, 0, 0, 0, 0, 1, 1, 1, 1, 0, 0, 0, 1, 1, 0, 0, 0, 0, 1, 1, 1, 1, 0, 0, 0, 1, 1, 0, 0, 0, 0, 1, 1, 1, 1, 0, 0, 0, 1, 1, 0, 0, 0, 0, 1, 1, 1, 1, 0, 0, 0, 1, 1, 0, 0, 0, 0, 1, 1, 1, 1, 0, 0, 0, 1, 1, 0, 0, 0, 0, 1, 1, 1, 1, 0, 0, 0, 1, 1, 0, 0, 0, 0, 1, 1, 1, 1, 0, 0, 0, 1, 1, 0, 0, 0, 0, 1, 1, 1, 1, 0, 0, 0, 1, 1, 0, 0, 0, 0, 1, 1, 1, 1, 0, 0, 0, 1, 1, 0, 0, 0, 0, 1, 1, 1, 1, 0, 0, 0, 1, 1, 0, 0, 0, 0, 1, 1, 1, 1, 0, 0, 0, 1, 1, 0, 0, 0, 0, 1, 1, 1, 1, 0, 0, 0, 1, 1, 0, 0, 0, 0, 1, 1, 1, 1, 0, 0, 0, 1, 1, 0, 0, 0, 0, 1, 1, 1, 1, 0, 0, 0, 1, 1, 0, 0, 0, 0, 1, 1, 1, 1, 0, 0, 0, 1, 1, 0, 0, 0, 0, 1, 1, 1, 1, 0, 0, 0, 1, 1, 0, 0, 0, 0, 1, 1, 1, 1, 0, 0, 0, 1, 1, 0, 0, 0, 0, 1, 1, 1, 1, 0, 0, 0, 1, 1, 0, 0, 0, 0, 1, 1, 1, 1, 0, 0, 0, 1, 1, 0, 0, 0, 0, 1, 1, 1, 1, 0, 0, 0, 1, 1, 0, 0, 0, 0, 1, 1, 1, 1, 0, 0, 0, 1, 1, 0, 0, 0, 0, 1, 1, 1, 1, 0, 0, 0, 1, 1, 0, 0, 0, 0, 1, 1, 1, 1, 0, 0, 0, 1, 1, 0, 0, 0, 0, 1, 1, 1, 1, 0, 0, 0, 1, 1, 0, 0, 0, 0, 1, 1, 1, 1, 0, 0, 0, 1, 1, 0, 0, 0, 0, 1, 1, 1, 1, 0, 0, 0, 1, 1, 0, 0, 0, 0, 1, 1, 1, 1, 0, 0, 0, 1, 1, 0, 0, 0, 0, 1, 1, 1, 1, 0, 0, 0, 1, 1, 0, 0, 0, 0, 1, 1, 1, 1, 0, 0, 0, 1, 1, 0, 0, 0, 0, 1, 1, 1, 1, 0, 0, 0, 1, 1, 0, 0, 0, 0, 1, 1, 1, 1, 0, 0, 0, 1, 1, 0, 0, 0, 0, 1, 1, 1, 1, 0, 0, 0, 1, 1, 0, 0, 0, 0, 1, 1, 1, 1, 0, 0, 0, 1, 1, 0, 0, 0, 0, 1, 1, 1, 1, 0, 0, 0, 1, 1, 0, 0, 0, 0, 1, 1, 1, 1, 0, 0, 0, 1, 1, 0, 0, 0, 0, 1, 1, 1, 1, 0, 0, 0, 1, 1, 0, 0, 0, 0, 1, 1, 1, 1, 0, 0, 0, 1, 1, 0, 0, 0, 0, 1, 1, 1, 1, 0, 0, 0, 1, 1, 0, 0, 0, 0, 1, 1, 1, 1, 0, 0, 0, 0, 0, 0, 0, 0, 0, 1, 1, 1, 1, 0, 0, 0, 0, 0, 0, 0, 0, 0, 1, 1, 1, 1, 0, 0, 0, 0, 0, 0, 0, 0, 0, 1, 1, 1, 1, 0, 0, 0, 0, 0, 0, 0, 0, 0, 1, 1, 1, 1, 0, 0, 0, 0, 0, 0, 0, 0, 0, 1, 1, 1, 1, 0, 0, 0, 0, 0, 0, 0, 0, 0, 1, 1, 1, 1, 0, 0, 0, 0, 0, 0, 0, 0, 0, 1, 1, 1, 1, 0, 0, 0, 0, 0, 0, 0, 0, 0, 1, 1, 1, 1, 0, 0, 0, 0, 0, 0, 0, 0, 0, 1, 1, 1, 1, 0, 0, 0, 0, 0, 0, 0, 0, 0, 1, 1, 1, 1, 0, 0, 0, 0, 0, 0, 0, 0, 0, 1, 1, 1, 1, 0, 0, 0, 0, 0, 0, 0, 0, 0, 1, 1, 1, 1, 0, 0, 0, 0, 0, 0, 0, 0, 0, 1, 1, 1, 1, 0, 0, 0, 0, 0, 0, 0, 0, 0, 1, 1, 1, 1, 0, 0, 0, 0, 0, 0, 0, 0, 0, 1, 1, 1, 1, 0, 0, 0, 0, 0, 0, 0, 0, 0, 1, 1, 1, 1, 0, 0, 0, 0, 0, 0, 0, 0, 0, 1, 1, 1, 1, 0, 0, 0, 0, 0, 0, 0, 0, 0, 1, 1, 1, 1, 0, 0, 0, 0, 0, 0, 0, 0, 0, 1, 1, 1, 1, 0, 0, 0, 0, 0, 0, 0, 0, 0, 1, 1, 1, 1, 0, 0, 0, 0, 0, 0, 0, 0, 0, 1, 1, 1, 1, 0, 0, 0, 0, 0, 0, 0, 0, 0, 1, 1, 1, 1, 0, 0, 0, 0, 0, 0, 0, 0, 0, 1, 1, 1, 1, 0, 0, 0, 0, 0, 0, 0, 0, 0, 1, 1, 1, 1, 0, 0, 0, 0, 0, 0, 0, 0, 0, 1, 1, 1, 1, 0, 0, 0, 0, 0, 0, 0, 0, 0, 1, 1, 1, 1, 0, 0, 0, 0, 0, 0, 0, 0, 0, 1, 1, 1, 1, 0, 0, 0, 0, 0, 0, 0, 0, 0, 1, 1, 1, 1, 0, 0, 0, 0, 0, 0, 0, 0, 0, 1, 1, 1, 1, 0, 0, 0, 0, 0, 0, 0, 0, 0, 1, 1, 1, 1, 0, 0, 0, 0, 0, 0, 0, 0, 0, 1, 1, 1, 1, 0, 0, 0, 0, 0, 0, 0, 0, 0, 1, 1, 1, 1, 0, 0, 0, 0, 0, 0, 0, 0, 0, 1, 1, 1, 1, 0, 0, 0, 0, 0, 0, 0, 0, 0, 1, 1, 1, 1, 0, 0, 0, 0, 0, 0, 0, 0, 0, 1, 1, 1, 1, 0, 0, 0, 0, 0, 0, 0, 0, 0, 1, 1, 1, 1, 0, 0, 0, 0, 0, 0, 0, 0, 0, 1, 1, 1, 1, 0, 0, 0, 0, 0, 0, 0, 0, 0, 1, 1, 1, 1, 0, 0, 0, 0, 0, 0, 0, 0, 0, 1, 1, 1, 1, 0, 0, 0, 0, 0, 0, 0, 0, 0]]
  reset_attention_mask ............................ False
  reset_position_ids .............................. False
  resharding_stages ............................... [False, False, False, False, False, False, False]
  retriever_report_topk_accuracies ................ []
  retriever_score_scaling ......................... False
  retriever_seq_length ............................ 256
  sample_rate ..................................... 1.0
  save ............................................ None
  save_interval ................................... None
  scatter_gather_tensors_in_pipeline .............. True
  seed ............................................ 1234
  seq_length ...................................... 2048
  sgd_momentum .................................... 0.9
  short_seq_prob .................................. 0.1
  split ........................................... 949,50,1
  tensor_model_parallel_size ...................... 1
  tensorboard_dir ................................. None
  tensorboard_log_interval ........................ 1
  tensorboard_queue_size .......................... 1000
  titles_data_path ................................ None
  tokenizer_type .................................. GPT2BPETokenizer
  train_iters ..................................... 3
  train_samples ................................... None
  use_checkpoint_lr_scheduler ..................... False
  use_contiguous_buffers_in_ddp ................... False
  use_cpu_initialization .......................... None
  use_one_sent_docs ............................... False
  virtual_pipeline_model_parallel_size ............ 1
  vocab_extra_ids ................................. 0
  vocab_file ...................................... vocabs/gpt2-vocab.json
  warmup .......................................... None
  weight_decay .................................... 0.01
  world_size ...................................... 8
-------------------- end of arguments ---------------------
setting number of micro-batches to constant 128
> building GPT2BPETokenizer tokenizer ...
[W socket.cpp:558] [c10d] The client socket cannot be initialized to connect to [::ffff:127.0.0.1]:7000 (errno: 97 - Address family not supported by protocol).
[W socket.cpp:558] [c10d] The client socket cannot be initialized to connect to [localhost]:7000 (errno: 97 - Address family not supported by protocol).
[W socket.cpp:558] [c10d] The client socket cannot be initialized to connect to [localhost]:7000 (errno: 97 - Address family not supported by protocol).
[W socket.cpp:558] [c10d] The client socket cannot be initialized to connect to [localhost]:7000 (errno: 97 - Address family not supported by protocol).
[W socket.cpp:558] [c10d] The client socket cannot be initialized to connect to [localhost]:7000 (errno: 97 - Address family not supported by protocol).
[W socket.cpp:558] [c10d] The client socket cannot be initialized to connect to [::ffff:127.0.0.1]:7000 (errno: 97 - Address family not supported by protocol).
 > padded vocab (size: 50257) with 47 dummy tokens (new size: 50304)
> initializing torch distributed ...
[W socket.cpp:558] [c10d] The client socket cannot be initialized to connect to [::ffff:127.0.0.1]:7000 (errno: 97 - Address family not supported by protocol).
[W socket.cpp:558] [c10d] The client socket cannot be initialized to connect to [localhost]:7000 (errno: 97 - Address family not supported by protocol).
[W socket.cpp:558] [c10d] The client socket cannot be initialized to connect to [localhost]:7000 (errno: 97 - Address family not supported by protocol).
[W socket.cpp:558] [c10d] The client socket cannot be initialized to connect to [localhost]:7000 (errno: 97 - Address family not supported by protocol).
[W socket.cpp:558] [c10d] The client socket cannot be initialized to connect to [localhost]:7000 (errno: 97 - Address family not supported by protocol).
[W socket.cpp:558] [c10d] The client socket cannot be initialized to connect to [::ffff:127.0.0.1]:7000 (errno: 97 - Address family not supported by protocol).
[W socket.cpp:558] [c10d] The client socket cannot be initialized to connect to [::ffff:127.0.0.1]:7000 (errno: 97 - Address family not supported by protocol).
[W socket.cpp:558] [c10d] The client socket cannot be initialized to connect to [localhost]:7000 (errno: 97 - Address family not supported by protocol).
[W socket.cpp:558] [c10d] The client socket cannot be initialized to connect to [::ffff:127.0.0.1]:7000 (errno: 97 - Address family not supported by protocol).
[W socket.cpp:558] [c10d] The client socket cannot be initialized to connect to [::ffff:127.0.0.1]:7000 (errno: 97 - Address family not supported by protocol).
> initializing FlexPipe...
[DEBUG]|rank 1|     pipeline_rank= 1 |     tp_size= 1 |     tp_rank=0 |     tp_src_rank=1 |     dp_size= 1 |     parent ranks=[0] |     child ranks = [2] |     args.micro_batch_size = 8

[DEBUG]|rank 7|     pipeline_rank= 6 |     tp_size= 1 |     tp_rank=0 |     tp_src_rank=7 |     dp_size= 2 |     parent ranks=[5] |     child ranks = [0] |     args.micro_batch_size = 8

[DEBUG]|rank 2|     pipeline_rank= 2 |     tp_size= 1 |     tp_rank=0 |     tp_src_rank=2 |     dp_size= 1 |     parent ranks=[1] |     child ranks = [3] |     args.micro_batch_size = 8

[DEBUG]|rank 0|     pipeline_rank= 0 |     tp_size= 1 |     tp_rank=0 |     tp_src_rank=0 |     dp_size= 1 |     parent ranks=[6, 7] |     child ranks = [1] |     args.micro_batch_size = 8

> setting random seeds to 1234 ...
> initializing model parallel cuda seeds on global rank 0, model parallel rank 0, and data parallel rank 0 with model parallel seed: 3952 and data parallel seed: 1234
[DEBUG]|rank 4|     pipeline_rank= 4 |     tp_size= 1 |     tp_rank=0 |     tp_src_rank=4 |     dp_size= 1 |     parent ranks=[3] |     child ranks = [5] |     args.micro_batch_size = 8

> compiling dataset index builder ...
[DEBUG]|rank 3|     pipeline_rank= 3 |     tp_size= 1 |     tp_rank=0 |     tp_src_rank=3 |     dp_size= 1 |     parent ranks=[2] |     child ranks = [4] |     args.micro_batch_size = 8

[DEBUG]|rank 5|     pipeline_rank= 5 |     tp_size= 1 |     tp_rank=0 |     tp_src_rank=5 |     dp_size= 1 |     parent ranks=[4] |     child ranks = [6, 7] |     args.micro_batch_size = 8

[DEBUG]|rank 6|     pipeline_rank= 6 |     tp_size= 1 |     tp_rank=0 |     tp_src_rank=6 |     dp_size= 2 |     parent ranks=[5] |     child ranks = [0] |     args.micro_batch_size = 8

make: Entering directory '/home/liminglong.lml/sxz/SuperScaler/runtime/megatron/data'
make: Nothing to be done for 'default'.
make: Leaving directory '/home/liminglong.lml/sxz/SuperScaler/runtime/megatron/data'
>>> done with dataset index builder. Compilation time: 0.057 seconds
> compiling and loading fused kernels ...
Detected CUDA files, patching ldflags
Emitting ninja build file /home/liminglong.lml/sxz/SuperScaler/runtime/megatron/fused_kernels/build/build.ninja...
Building extension module scaled_upper_triang_masked_softmax_cuda...
Allowing ninja to set a default number of workers... (overridable by setting the environment variable MAX_JOBS=N)
ninja: no work to do.
Loading extension module scaled_upper_triang_masked_softmax_cuda...
Detected CUDA files, patching ldflags
Emitting ninja build file /home/liminglong.lml/sxz/SuperScaler/runtime/megatron/fused_kernels/build/build.ninja...
Building extension module scaled_masked_softmax_cuda...
Allowing ninja to set a default number of workers... (overridable by setting the environment variable MAX_JOBS=N)
ninja: no work to do.
Loading extension module scaled_masked_softmax_cuda...
Detected CUDA files, patching ldflags
Emitting ninja build file /home/liminglong.lml/sxz/SuperScaler/runtime/megatron/fused_kernels/build/build.ninja...
Building extension module scaled_softmax_cuda...
Allowing ninja to set a default number of workers... (overridable by setting the environment variable MAX_JOBS=N)
ninja: no work to do.
Loading extension module scaled_softmax_cuda...
Detected CUDA files, patching ldflags
Emitting ninja build file /home/liminglong.lml/sxz/SuperScaler/runtime/megatron/fused_kernels/build/build.ninja...
Building extension module fused_mix_prec_layer_norm_cuda...
Allowing ninja to set a default number of workers... (overridable by setting the environment variable MAX_JOBS=N)
ninja: no work to do.
Loading extension module fused_mix_prec_layer_norm_cuda...
>>> done with compiling and loading fused kernels. Compilation time: 8.590 seconds
[TIME] time to initialize megatron (seconds): 9.124
building GPT model ...
[rank 2 all ops] "enc-MLP-GEMM-1","enc-MLP-gelu","enc-MLP-GEMM-2","enc-post-MLP-dropout","enc-1st-layernorm","enc-attention-qkv","enc-attention-score","enc-attention-softmax","enc-attention-dropout","enc-attention-context","enc-attention-dense","enc-post-attention-dropout","enc-2nd-layernorm","enc-MLP-GEMM-1","enc-MLP-gelu","enc-MLP-GEMM-2","enc-post-MLP-dropout","enc-1st-layernorm","enc-attention-qkv","enc-attention-score","enc-attention-softmax","enc-attention-dropout","enc-attention-context","enc-attention-dense","enc-post-attention-dropout","enc-2nd-layernorm","enc-MLP-GEMM-1","enc-MLP-gelu","enc-MLP-GEMM-2","enc-post-MLP-dropout","enc-1st-layernorm","enc-attention-qkv","enc-attention-score","enc-attention-softmax","enc-attention-dropout","enc-attention-context","enc-attention-dense","enc-post-attention-dropout","enc-2nd-layernorm","enc-MLP-GEMM-1","enc-MLP-gelu","enc-MLP-GEMM-2","enc-post-MLP-dropout","enc-1st-layernorm","enc-attention-qkv","enc-attention-score","enc-attention-softmax","enc-attention-dropout","enc-attention-context","enc-attention-dense","enc-post-attention-dropout","enc-2nd-layernorm","enc-MLP-GEMM-1","enc-MLP-gelu","enc-MLP-GEMM-2","enc-post-MLP-dropout","enc-1st-layernorm","enc-attention-qkv","enc-attention-score","enc-attention-softmax","enc-attention-dropout","enc-attention-context","enc-attention-dense","enc-post-attention-dropout","enc-2nd-layernorm","enc-MLP-GEMM-1","enc-MLP-gelu","enc-MLP-GEMM-2","enc-post-MLP-dropout","enc-1st-layernorm","enc-attention-qkv","enc-attention-score","enc-attention-softmax","enc-attention-dropout","enc-attention-context","enc-attention-dense","enc-post-attention-dropout","enc-2nd-layernorm","enc-MLP-GEMM-1","enc-MLP-gelu","enc-MLP-GEMM-2","enc-post-MLP-dropout","enc-1st-layernorm","enc-attention-qkv","enc-attention-score","enc-attention-softmax","enc-attention-dropout","enc-attention-context","enc-attention-dense","enc-post-attention-dropout","enc-2nd-layernorm","enc-MLP-GEMM-1","enc-MLP-gelu","enc-MLP-GEMM-2","enc-post-MLP-dropout","enc-1st-layernorm","enc-attention-qkv","enc-attention-score","enc-attention-softmax","enc-attention-dropout","enc-attention-context","enc-attention-dense","enc-post-attention-dropout","enc-2nd-layernorm","enc-MLP-GEMM-1","enc-MLP-gelu","enc-MLP-GEMM-2","enc-post-MLP-dropout","enc-1st-layernorm","enc-attention-qkv","enc-attention-score","enc-attention-softmax","enc-attention-dropout","enc-attention-context","enc-attention-dense","enc-post-attention-dropout","enc-2nd-layernorm","enc-MLP-GEMM-1","enc-MLP-gelu","enc-MLP-GEMM-2","enc-post-MLP-dropout","enc-1st-layernorm","enc-attention-qkv","enc-attention-score","enc-attention-softmax","enc-attention-dropout","enc-attention-context","enc-attention-dense","enc-post-attention-dropout","enc-2nd-layernorm","enc-MLP-GEMM-1","enc-MLP-gelu","enc-MLP-GEMM-2","enc-post-MLP-dropout","enc-1st-layernorm","enc-attention-qkv","enc-attention-score","enc-attention-softmax","enc-attention-dropout","enc-attention-context","enc-attention-dense","enc-post-attention-dropout","enc-2nd-layernorm","enc-MLP-GEMM-1","enc-MLP-gelu","enc-MLP-GEMM-2","enc-post-MLP-dropout","enc-1st-layernorm","enc-attention-qkv","enc-attention-score","enc-attention-softmax","enc-attention-dropout","enc-attention-context","enc-attention-dense","enc-post-attention-dropout","enc-2nd-layernorm","enc-MLP-GEMM-1","enc-MLP-gelu","enc-MLP-GEMM-2","enc-post-MLP-dropout","enc-1st-layernorm","enc-attention-qkv","enc-attention-score","enc-attention-softmax","enc-attention-dropout","enc-attention-context","enc-attention-dense","enc-post-attention-dropout","enc-2nd-layernorm","enc-MLP-GEMM-1","enc-MLP-gelu","enc-MLP-GEMM-2","enc-post-MLP-dropout","enc-1st-layernorm","enc-attention-qkv","enc-attention-score","enc-attention-softmax","enc-attention-dropout","enc-attention-context","enc-attention-dense","enc-post-attention-dropout","enc-2nd-layernorm","enc-MLP-GEMM-1","enc-MLP-gelu","enc-MLP-GEMM-2","enc-post-MLP-dropout","enc-1st-layernorm","enc-attention-qkv","enc-attention-score","enc-attention-softmax","enc-attention-dropout","enc-attention-context","enc-attention-dense","enc-post-attention-dropout","enc-2nd-layernorm","enc-MLP-GEMM-1","enc-MLP-gelu","enc-MLP-GEMM-2","enc-post-MLP-dropout","enc-1st-layernorm","enc-attention-qkv","enc-attention-score","enc-attention-softmax","enc-attention-dropout","enc-attention-context","enc-attention-dense","enc-post-attention-dropout","enc-2nd-layernorm","enc-MLP-GEMM-1","enc-MLP-gelu","enc-MLP-GEMM-2","enc-post-MLP-dropout","enc-1st-layernorm","enc-attention-qkv","enc-attention-score","enc-attention-softmax","enc-attention-dropout","enc-attention-context","enc-attention-dense","enc-post-attention-dropout","enc-2nd-layernorm","enc-MLP-GEMM-1","enc-MLP-gelu","enc-MLP-GEMM-2","enc-post-MLP-dropout","enc-1st-layernorm","enc-attention-qkv","enc-attention-score","enc-attention-softmax","enc-attention-dropout","enc-attention-context","enc-attention-dense","enc-post-attention-dropout","enc-2nd-layernorm","enc-MLP-GEMM-1","enc-MLP-gelu","enc-MLP-GEMM-2","enc-post-MLP-dropout","enc-1st-layernorm","enc-attention-qkv","enc-attention-score","enc-attention-softmax","enc-attention-dropout","enc-attention-context","enc-attention-dense","enc-post-attention-dropout","enc-2nd-layernorm","enc-MLP-GEMM-1","enc-MLP-gelu","enc-MLP-GEMM-2","enc-post-MLP-dropout","enc-1st-layernorm","enc-attention-qkv","enc-attention-score","enc-attention-softmax","enc-attention-dropout","enc-attention-context","enc-attention-dense","enc-post-attention-dropout","enc-2nd-layernorm","enc-MLP-GEMM-1","enc-MLP-gelu","enc-MLP-GEMM-2","enc-post-MLP-dropout","enc-1st-layernorm","enc-attention-qkv","enc-attention-score","enc-attention-softmax","enc-attention-dropout","enc-attention-context","enc-attention-dense","enc-post-attention-dropout","enc-2nd-layernorm","enc-MLP-GEMM-1","enc-MLP-gelu","enc-MLP-GEMM-2","enc-post-MLP-dropout","enc-1st-layernorm","enc-attention-qkv","enc-attention-score","enc-attention-softmax","enc-attention-dropout","enc-attention-context","enc-attention-dense","enc-post-attention-dropout","enc-2nd-layernorm","enc-MLP-GEMM-1","enc-MLP-gelu","enc-MLP-GEMM-2","enc-post-MLP-dropout","enc-1st-layernorm","enc-attention-qkv","enc-attention-score","enc-attention-softmax","enc-attention-dropout","enc-attention-context","enc-attention-dense","enc-post-attention-dropout","enc-2nd-layernorm","enc-MLP-GEMM-1","enc-MLP-gelu","enc-MLP-GEMM-2","enc-post-MLP-dropout","enc-1st-layernorm","enc-attention-qkv","enc-attention-score","enc-attention-softmax","enc-attention-dropout","enc-attention-context","enc-attention-dense","enc-post-attention-dropout","enc-2nd-layernorm","enc-MLP-GEMM-1","enc-MLP-gelu","enc-MLP-GEMM-2","enc-post-MLP-dropout","enc-1st-layernorm","enc-attention-qkv","enc-attention-score","enc-attention-softmax","enc-attention-dropout","enc-attention-context","enc-attention-dense","enc-post-attention-dropout","enc-2nd-layernorm","enc-MLP-GEMM-1","enc-MLP-gelu","enc-MLP-GEMM-2","enc-post-MLP-dropout","enc-1st-layernorm","enc-attention-qkv","enc-attention-score","enc-attention-softmax","enc-attention-dropout","enc-attention-context","enc-attention-dense","enc-post-attention-dropout","enc-2nd-layernorm","enc-MLP-GEMM-1","enc-MLP-gelu","enc-MLP-GEMM-2","enc-post-MLP-dropout","enc-1st-layernorm","enc-attention-qkv","enc-attention-score","enc-attention-softmax","enc-attention-dropout","enc-attention-context","enc-attention-dense","enc-post-attention-dropout","enc-2nd-layernorm","enc-MLP-GEMM-1","enc-MLP-gelu","enc-MLP-GEMM-2","enc-post-MLP-dropout","enc-1st-layernorm","enc-attention-qkv","enc-attention-score","enc-attention-softmax","enc-attention-dropout","enc-attention-context","enc-attention-dense","enc-post-attention-dropout","enc-2nd-layernorm","enc-MLP-GEMM-1","enc-MLP-gelu","enc-MLP-GEMM-2","enc-post-MLP-dropout","enc-1st-layernorm","enc-attention-qkv","enc-attention-score","enc-attention-softmax","enc-attention-dropout","enc-attention-context","enc-attention-dense","enc-post-attention-dropout","enc-2nd-layernorm","enc-MLP-GEMM-1","enc-MLP-gelu","enc-MLP-GEMM-2","enc-post-MLP-dropout","enc-1st-layernorm","enc-attention-qkv","enc-attention-score","enc-attention-softmax","enc-attention-dropout","enc-attention-context","enc-attention-dense","enc-post-attention-dropout","enc-2nd-layernorm","enc-MLP-GEMM-1","enc-MLP-gelu","enc-MLP-GEMM-2","enc-post-MLP-dropout","enc-1st-layernorm","enc-attention-qkv","enc-attention-score","enc-attention-softmax","enc-attention-dropout","enc-attention-context","enc-attention-dense","enc-post-attention-dropout","enc-2nd-layernorm","enc-MLP-GEMM-1","enc-MLP-gelu","enc-MLP-GEMM-2","enc-post-MLP-dropout","enc-1st-layernorm","enc-attention-qkv","enc-attention-score","enc-attention-softmax","enc-attention-dropout","enc-attention-context","enc-attention-dense","enc-post-attention-dropout","enc-2nd-layernorm","enc-MLP-GEMM-1","enc-MLP-gelu","enc-MLP-GEMM-2","enc-post-MLP-dropout","enc-1st-layernorm","enc-attention-qkv","enc-attention-score","enc-attention-softmax","enc-attention-dropout","enc-attention-context","enc-attention-dense","enc-post-attention-dropout","enc-2nd-layernorm","enc-MLP-GEMM-1","enc-MLP-gelu","enc-MLP-GEMM-2","enc-post-MLP-dropout","enc-1st-layernorm","enc-attention-qkv","enc-attention-score","enc-attention-softmax","enc-attention-dropout","enc-attention-context","enc-attention-dense","enc-post-attention-dropout","enc-2nd-layernorm","enc-MLP-GEMM-1","enc-MLP-gelu","enc-MLP-GEMM-2","enc-post-MLP-dropout","enc-1st-layernorm","enc-attention-qkv","enc-attention-score","enc-attention-softmax","enc-attention-dropout","enc-attention-context","enc-attention-dense","enc-post-attention-dropout","enc-2nd-layernorm","enc-MLP-GEMM-1","enc-MLP-gelu","enc-MLP-GEMM-2","enc-post-MLP-dropout","enc-1st-layernorm","enc-attention-qkv","enc-attention-score","enc-attention-softmax","enc-attention-dropout","enc-attention-context","enc-attention-dense","enc-post-attention-dropout","enc-2nd-layernorm","enc-MLP-GEMM-1","enc-MLP-gelu","enc-MLP-GEMM-2","enc-post-MLP-dropout","enc-1st-layernorm","enc-attention-qkv","enc-attention-score","enc-attention-softmax","enc-attention-dropout","enc-attention-context","enc-attention-dense","enc-post-attention-dropout","enc-2nd-layernorm","enc-MLP-GEMM-1","enc-MLP-gelu","enc-MLP-GEMM-2","enc-post-MLP-dropout","enc-1st-layernorm","enc-attention-qkv","enc-attention-score","enc-attention-softmax","enc-attention-dropout","enc-attention-context","enc-attention-dense","enc-post-attention-dropout","enc-2nd-layernorm","enc-MLP-GEMM-1","enc-MLP-gelu","enc-MLP-GEMM-2","enc-post-MLP-dropout","enc-1st-layernorm","enc-attention-qkv","enc-attention-score","enc-attention-softmax","enc-attention-dropout","enc-attention-context","enc-attention-dense","enc-post-attention-dropout","enc-2nd-layernorm","enc-MLP-GEMM-1","enc-MLP-gelu","enc-MLP-GEMM-2","enc-post-MLP-dropout","enc-1st-layernorm","enc-attention-qkv","enc-attention-score","enc-attention-softmax","enc-attention-dropout","enc-attention-context","enc-attention-dense","enc-post-attention-dropout","enc-2nd-layernorm","enc-MLP-GEMM-1","enc-MLP-gelu","enc-MLP-GEMM-2","enc-post-MLP-dropout","enc-1st-layernorm","enc-attention-qkv","enc-attention-score","enc-attention-softmax","enc-attention-dropout","enc-attention-context","enc-attention-dense","enc-post-attention-dropout","enc-2nd-layernorm","enc-MLP-GEMM-1","enc-MLP-gelu","enc-MLP-GEMM-2","enc-post-MLP-dropout","enc-1st-layernorm","enc-attention-qkv","enc-attention-score","enc-attention-softmax","enc-attention-dropout","enc-attention-context","enc-attention-dense","enc-post-attention-dropout","enc-2nd-layernorm","enc-MLP-GEMM-1","enc-MLP-gelu","enc-MLP-GEMM-2","enc-post-MLP-dropout","enc-1st-layernorm","enc-attention-qkv","enc-attention-score","enc-attention-softmax","enc-attention-dropout","enc-attention-context","enc-attention-dense","enc-post-attention-dropout","enc-2nd-layernorm","enc-MLP-GEMM-1","enc-MLP-gelu","enc-MLP-GEMM-2","enc-post-MLP-dropout","enc-1st-layernorm","enc-attention-qkv","enc-attention-score","enc-attention-softmax","enc-attention-dropout","enc-attention-context","enc-attention-dense","enc-post-attention-dropout","enc-2nd-layernorm","enc-MLP-GEMM-1","enc-MLP-gelu","enc-MLP-GEMM-2","enc-post-MLP-dropout","enc-1st-layernorm","enc-attention-qkv","enc-attention-score","enc-attention-softmax","enc-attention-dropout","enc-attention-context","enc-attention-dense","enc-post-attention-dropout","enc-2nd-layernorm","enc-MLP-GEMM-1","enc-MLP-gelu","enc-MLP-GEMM-2","enc-post-MLP-dropout","enc-1st-layernorm","enc-attention-qkv","enc-attention-score","enc-attention-softmax","enc-attention-dropout","enc-attention-context","enc-attention-dense","enc-post-attention-dropout","enc-2nd-layernorm","enc-MLP-GEMM-1","enc-MLP-gelu","enc-MLP-GEMM-2","enc-post-MLP-dropout","enc-1st-layernorm","enc-attention-qkv","enc-attention-score","enc-attention-softmax","enc-attention-dropout","enc-attention-context","enc-attention-dense","enc-post-attention-dropout","enc-2nd-layernorm","enc-MLP-GEMM-1","enc-MLP-gelu","enc-MLP-GEMM-2","enc-post-MLP-dropout","enc-1st-layernorm","enc-attention-qkv","enc-attention-score","enc-attention-softmax","enc-attention-dropout","enc-attention-context","enc-attention-dense","enc-post-attention-dropout","enc-2nd-layernorm","enc-MLP-GEMM-1","enc-MLP-gelu","enc-MLP-GEMM-2","enc-post-MLP-dropout","enc-1st-layernorm","enc-attention-qkv","enc-attention-score","enc-attention-softmax","enc-attention-dropout","enc-attention-context","enc-attention-dense","enc-post-attention-dropout","enc-2nd-layernorm","enc-MLP-GEMM-1","enc-MLP-gelu","enc-MLP-GEMM-2","enc-post-MLP-dropout","enc-1st-layernorm","enc-attention-qkv","enc-attention-score","enc-attention-softmax","enc-attention-dropout","enc-attention-context","enc-attention-dense","enc-post-attention-dropout","enc-2nd-layernorm","enc-MLP-GEMM-1","enc-MLP-gelu","enc-MLP-GEMM-2","enc-post-MLP-dropout","enc-1st-layernorm","enc-attention-qkv","enc-attention-score","enc-attention-softmax","enc-attention-dropout","enc-attention-context","enc-attention-dense","enc-post-attention-dropout","enc-2nd-layernorm","enc-MLP-GEMM-1","enc-MLP-gelu","enc-MLP-GEMM-2","enc-post-MLP-dropout","enc-1st-layernorm","enc-attention-qkv","enc-attention-score","enc-attention-softmax","enc-attention-dropout","enc-attention-context","enc-attention-dense","enc-post-attention-dropout","enc-2nd-layernorm","enc-MLP-GEMM-1","enc-MLP-gelu","enc-MLP-GEMM-2","enc-post-MLP-dropout","enc-1st-layernorm","enc-attention-qkv","enc-attention-score","enc-attention-softmax","enc-attention-dropout","enc-attention-context","enc-attention-dense","enc-post-attention-dropout","enc-2nd-layernorm","enc-MLP-GEMM-1","enc-MLP-gelu","enc-MLP-GEMM-2","enc-post-MLP-dropout","enc-1st-layernorm","enc-attention-qkv","enc-attention-score","enc-attention-softmax","enc-attention-dropout","enc-attention-context","enc-attention-dense","enc-post-attention-dropout","enc-2nd-layernorm","enc-MLP-GEMM-1","enc-MLP-gelu","enc-MLP-GEMM-2","enc-post-MLP-dropout","enc-1st-layernorm","enc-attention-qkv","enc-attention-score","enc-attention-softmax","enc-attention-dropout","enc-attention-context","enc-attention-dense","enc-post-attention-dropout","enc-2nd-layernorm","enc-MLP-GEMM-1","enc-MLP-gelu","enc-MLP-GEMM-2","enc-post-MLP-dropout","enc-1st-layernorm","enc-attention-qkv","enc-attention-score","enc-attention-softmax","enc-attention-dropout","enc-attention-context","enc-attention-dense","enc-post-attention-dropout","enc-2nd-layernorm","enc-MLP-GEMM-1","enc-MLP-gelu","enc-MLP-GEMM-2","enc-post-MLP-dropout","enc-1st-layernorm","enc-attention-qkv","enc-attention-score","enc-attention-softmax","enc-attention-dropout","enc-attention-context","enc-attention-dense","enc-post-attention-dropout","enc-2nd-layernorm","enc-MLP-GEMM-1","enc-MLP-gelu","enc-MLP-GEMM-2","enc-post-MLP-dropout","enc-1st-layernorm","enc-attention-qkv","enc-attention-score","enc-attention-softmax","enc-attention-dropout","enc-attention-context","enc-attention-dense","enc-post-attention-dropout","enc-2nd-layernorm","enc-MLP-GEMM-1","enc-MLP-gelu","enc-MLP-GEMM-2","enc-post-MLP-dropout","enc-1st-layernorm","enc-attention-qkv","enc-attention-score","enc-attention-softmax","enc-attention-dropout","enc-attention-context","enc-attention-dense","enc-post-attention-dropout","enc-2nd-layernorm","enc-MLP-GEMM-1","enc-MLP-gelu","enc-MLP-GEMM-2","enc-post-MLP-dropout","enc-1st-layernorm","enc-attention-qkv","enc-attention-score","enc-attention-softmax","enc-attention-dropout","enc-attention-context","enc-attention-dense","enc-post-attention-dropout","enc-2nd-layernorm","enc-MLP-GEMM-1","enc-MLP-gelu","enc-MLP-GEMM-2","enc-post-MLP-dropout","enc-1st-layernorm","enc-attention-qkv","enc-attention-score","enc-attention-softmax","enc-attention-dropout","enc-attention-context","enc-attention-dense","enc-post-attention-dropout","enc-2nd-layernorm","enc-MLP-GEMM-1","enc-MLP-gelu","enc-MLP-GEMM-2","enc-post-MLP-dropout","enc-1st-layernorm","enc-attention-qkv","enc-attention-score","enc-attention-softmax","enc-attention-dropout","enc-attention-context","enc-attention-dense","enc-post-attention-dropout","enc-2nd-layernorm","enc-MLP-GEMM-1","enc-MLP-gelu","enc-MLP-GEMM-2","enc-post-MLP-dropout","enc-1st-layernorm","enc-attention-qkv","enc-attention-score","enc-attention-softmax","enc-attention-dropout","enc-attention-context","enc-attention-dense","enc-post-attention-dropout","enc-2nd-layernorm","enc-MLP-GEMM-1","enc-MLP-gelu","enc-MLP-GEMM-2","enc-post-MLP-dropout","enc-1st-layernorm","enc-attention-qkv","enc-attention-score","enc-attention-softmax","enc-attention-dropout","enc-attention-context","enc-attention-dense","enc-post-attention-dropout","enc-2nd-layernorm","enc-MLP-GEMM-1",
[rank 2 recompute ops] enc-MLP-GEMM-1 enc-MLP-gelu enc-MLP-GEMM-2 enc-post-MLP-dropout enc-1st-layernorm enc-attention-qkv enc-attention-score enc-attention-softmax enc-attention-dropout enc-attention-context enc-post-attention-dropout enc-2nd-layernorm enc-MLP-GEMM-1 enc-MLP-gelu enc-MLP-GEMM-2 enc-post-MLP-dropout enc-1st-layernorm enc-attention-qkv enc-attention-score enc-attention-softmax enc-attention-dropout enc-attention-context enc-post-attention-dropout enc-2nd-layernorm enc-MLP-GEMM-1 enc-MLP-gelu enc-MLP-GEMM-2 enc-post-MLP-dropout enc-1st-layernorm enc-attention-qkv enc-attention-score enc-attention-softmax enc-attention-dropout enc-attention-context enc-post-attention-dropout enc-2nd-layernorm enc-MLP-GEMM-1 enc-MLP-gelu enc-MLP-GEMM-2 enc-post-MLP-dropout enc-1st-layernorm enc-attention-qkv enc-attention-score enc-attention-softmax enc-attention-dropout enc-attention-context enc-post-attention-dropout enc-2nd-layernorm enc-MLP-GEMM-1 enc-MLP-gelu enc-MLP-GEMM-2 enc-post-MLP-dropout enc-1st-layernorm enc-attention-qkv enc-attention-score enc-attention-softmax enc-attention-dropout enc-attention-context enc-post-attention-dropout enc-2nd-layernorm enc-MLP-GEMM-1 enc-MLP-gelu enc-MLP-GEMM-2 enc-post-MLP-dropout enc-1st-layernorm enc-attention-qkv enc-attention-score enc-attention-softmax enc-attention-dropout enc-attention-context enc-post-attention-dropout enc-2nd-layernorm enc-MLP-GEMM-1 enc-MLP-gelu enc-MLP-GEMM-2 enc-post-MLP-dropout enc-1st-layernorm enc-attention-qkv enc-attention-score enc-attention-softmax enc-attention-dropout enc-attention-context enc-post-attention-dropout enc-2nd-layernorm enc-MLP-GEMM-1 enc-MLP-gelu enc-MLP-GEMM-2 enc-post-MLP-dropout enc-1st-layernorm enc-attention-qkv enc-attention-score enc-attention-softmax enc-attention-dropout enc-attention-context enc-post-attention-dropout enc-2nd-layernorm enc-MLP-GEMM-1 enc-MLP-gelu enc-MLP-GEMM-2 enc-post-MLP-dropout enc-1st-layernorm enc-attention-qkv enc-attention-score enc-attention-softmax enc-attention-dropout enc-attention-context enc-post-attention-dropout enc-2nd-layernorm enc-MLP-GEMM-1 enc-MLP-gelu enc-MLP-GEMM-2 enc-post-MLP-dropout enc-1st-layernorm enc-attention-qkv enc-attention-score enc-attention-softmax enc-attention-dropout enc-attention-context enc-post-attention-dropout enc-2nd-layernorm enc-MLP-GEMM-1 enc-MLP-gelu enc-MLP-GEMM-2 enc-post-MLP-dropout enc-1st-layernorm enc-attention-qkv enc-attention-score enc-attention-softmax enc-attention-dropout enc-attention-context enc-post-attention-dropout enc-2nd-layernorm enc-MLP-GEMM-1 enc-MLP-gelu enc-MLP-GEMM-2 enc-post-MLP-dropout enc-1st-layernorm enc-attention-qkv enc-attention-score enc-attention-softmax enc-attention-dropout enc-attention-context enc-post-attention-dropout enc-2nd-layernorm enc-MLP-GEMM-1 enc-MLP-gelu enc-MLP-GEMM-2 enc-post-MLP-dropout enc-1st-layernorm enc-attention-qkv enc-attention-score enc-attention-softmax enc-attention-dropout enc-attention-context enc-post-attention-dropout enc-2nd-layernorm enc-MLP-GEMM-1 enc-MLP-gelu enc-MLP-GEMM-2 enc-post-MLP-dropout enc-1st-layernorm enc-attention-qkv enc-attention-score enc-attention-softmax enc-attention-dropout enc-attention-context enc-post-attention-dropout enc-2nd-layernorm enc-MLP-GEMM-1 enc-MLP-gelu enc-MLP-GEMM-2 enc-post-MLP-dropout enc-1st-layernorm enc-attention-qkv enc-attention-score enc-attention-softmax enc-attention-dropout enc-attention-context enc-post-attention-dropout enc-2nd-layernorm enc-MLP-GEMM-1 enc-MLP-gelu enc-MLP-GEMM-2 enc-post-MLP-dropout enc-1st-layernorm enc-attention-qkv enc-attention-score enc-attention-softmax enc-attention-dropout enc-attention-context enc-post-attention-dropout enc-2nd-layernorm enc-MLP-GEMM-1 enc-MLP-gelu enc-MLP-GEMM-2 enc-post-MLP-dropout enc-1st-layernorm enc-attention-qkv enc-attention-score enc-attention-softmax enc-attention-dropout enc-attention-context enc-post-attention-dropout enc-2nd-layernorm enc-MLP-GEMM-1 enc-MLP-gelu enc-MLP-GEMM-2 enc-post-MLP-dropout enc-1st-layernorm enc-attention-qkv enc-attention-score enc-attention-softmax enc-attention-dropout enc-attention-context enc-post-attention-dropout enc-2nd-layernorm enc-MLP-GEMM-1 enc-MLP-gelu enc-MLP-GEMM-2 enc-post-MLP-dropout enc-1st-layernorm enc-attention-qkv enc-attention-score enc-attention-softmax enc-attention-dropout enc-attention-context enc-post-attention-dropout enc-2nd-layernorm enc-MLP-GEMM-1 enc-MLP-gelu enc-MLP-GEMM-2 enc-post-MLP-dropout enc-1st-layernorm enc-attention-qkv enc-attention-score enc-attention-softmax enc-attention-dropout enc-attention-context enc-post-attention-dropout enc-2nd-layernorm enc-MLP-GEMM-1 enc-MLP-gelu enc-MLP-GEMM-2 enc-post-MLP-dropout enc-1st-layernorm enc-attention-qkv enc-attention-score enc-attention-softmax enc-attention-dropout enc-attention-context enc-post-attention-dropout enc-2nd-layernorm enc-MLP-GEMM-1 enc-MLP-gelu enc-MLP-GEMM-2 enc-post-MLP-dropout enc-1st-layernorm enc-attention-qkv enc-attention-score enc-attention-softmax enc-attention-dropout enc-attention-context enc-post-attention-dropout enc-2nd-layernorm enc-MLP-GEMM-1 enc-MLP-gelu enc-MLP-GEMM-2 enc-post-MLP-dropout enc-1st-layernorm enc-attention-qkv enc-attention-score enc-attention-softmax enc-attention-dropout enc-attention-context enc-post-attention-dropout enc-2nd-layernorm enc-MLP-GEMM-1 enc-MLP-gelu enc-MLP-GEMM-2 enc-post-MLP-dropout enc-1st-layernorm enc-attention-qkv enc-attention-score enc-attention-softmax enc-attention-dropout enc-attention-context enc-post-attention-dropout enc-2nd-layernorm enc-MLP-GEMM-1 enc-MLP-gelu enc-MLP-GEMM-2 enc-post-MLP-dropout enc-1st-layernorm enc-attention-qkv enc-attention-score enc-attention-softmax enc-attention-dropout enc-attention-context enc-post-attention-dropout enc-2nd-layernorm enc-MLP-GEMM-1 enc-MLP-gelu enc-MLP-GEMM-2 enc-post-MLP-dropout enc-1st-layernorm enc-attention-qkv enc-attention-score enc-attention-softmax enc-attention-dropout enc-attention-context enc-post-attention-dropout enc-2nd-layernorm enc-MLP-GEMM-1 enc-MLP-gelu enc-MLP-GEMM-2 enc-post-MLP-dropout enc-1st-layernorm enc-attention-qkv enc-attention-score enc-attention-softmax enc-attention-dropout enc-attention-context enc-post-attention-dropout enc-2nd-layernorm enc-MLP-GEMM-1 enc-MLP-gelu enc-MLP-GEMM-2 enc-post-MLP-dropout enc-1st-layernorm enc-attention-qkv enc-attention-score enc-attention-softmax enc-attention-dropout enc-attention-context enc-post-attention-dropout enc-2nd-layernorm enc-MLP-GEMM-1 enc-MLP-gelu enc-MLP-GEMM-2 enc-post-MLP-dropout enc-1st-layernorm enc-attention-qkv enc-attention-score enc-attention-softmax enc-attention-dropout enc-attention-context enc-post-attention-dropout enc-2nd-layernorm enc-MLP-GEMM-1 enc-MLP-gelu enc-MLP-GEMM-2 enc-post-MLP-dropout enc-1st-layernorm enc-attention-qkv enc-attention-score enc-attention-softmax enc-attention-dropout enc-attention-context enc-post-attention-dropout enc-2nd-layernorm enc-MLP-GEMM-1 enc-MLP-gelu enc-MLP-GEMM-2 enc-post-MLP-dropout enc-1st-layernorm enc-attention-qkv enc-attention-score enc-attention-softmax enc-attention-dropout enc-attention-context enc-post-attention-dropout enc-2nd-layernorm enc-MLP-GEMM-1 enc-MLP-gelu enc-MLP-GEMM-2 enc-post-MLP-dropout enc-1st-layernorm enc-attention-qkv enc-attention-score enc-attention-softmax enc-attention-dropout enc-attention-context enc-post-attention-dropout enc-2nd-layernorm enc-MLP-GEMM-1 enc-MLP-gelu enc-MLP-GEMM-2 enc-post-MLP-dropout enc-1st-layernorm enc-attention-qkv enc-attention-score enc-attention-softmax enc-attention-dropout enc-attention-context enc-post-attention-dropout enc-2nd-layernorm enc-MLP-GEMM-1 enc-MLP-gelu enc-MLP-GEMM-2 enc-post-MLP-dropout enc-1st-layernorm enc-attention-qkv enc-attention-score enc-attention-softmax enc-attention-dropout enc-attention-context enc-post-attention-dropout enc-2nd-layernorm enc-MLP-GEMM-1 enc-MLP-gelu enc-MLP-GEMM-2 enc-post-MLP-dropout enc-1st-layernorm enc-attention-qkv enc-attention-score enc-attention-softmax enc-attention-dropout enc-attention-context enc-post-attention-dropout enc-2nd-layernorm enc-MLP-GEMM-1 enc-MLP-gelu enc-MLP-GEMM-2 enc-post-MLP-dropout enc-1st-layernorm enc-attention-qkv enc-attention-score enc-attention-softmax enc-attention-dropout enc-attention-context enc-post-attention-dropout enc-2nd-layernorm enc-MLP-GEMM-1 enc-MLP-gelu enc-MLP-GEMM-2 enc-post-MLP-dropout enc-1st-layernorm enc-attention-qkv enc-attention-score enc-attention-softmax enc-attention-dropout enc-attention-context enc-post-attention-dropout enc-2nd-layernorm enc-MLP-GEMM-1 enc-MLP-gelu enc-MLP-GEMM-2 enc-post-MLP-dropout enc-1st-layernorm enc-attention-qkv enc-attention-score enc-attention-softmax enc-attention-dropout enc-attention-context enc-post-attention-dropout enc-2nd-layernorm enc-MLP-GEMM-1 enc-MLP-gelu enc-MLP-GEMM-2 enc-post-MLP-dropout enc-1st-layernorm enc-attention-qkv enc-attention-score enc-attention-softmax enc-attention-dropout enc-attention-context enc-post-attention-dropout enc-2nd-layernorm enc-MLP-GEMM-1 enc-MLP-gelu enc-MLP-GEMM-2 enc-post-MLP-dropout enc-1st-layernorm enc-attention-qkv enc-attention-score enc-attention-softmax enc-attention-dropout enc-attention-context enc-post-attention-dropout enc-2nd-layernorm enc-MLP-GEMM-1 enc-MLP-gelu enc-MLP-GEMM-2 enc-post-MLP-dropout enc-1st-layernorm enc-attention-qkv enc-attention-score enc-attention-softmax enc-attention-dropout enc-attention-context enc-post-attention-dropout enc-2nd-layernorm enc-MLP-GEMM-1 enc-MLP-gelu enc-MLP-GEMM-2 enc-post-MLP-dropout enc-1st-layernorm enc-attention-qkv enc-attention-score enc-attention-softmax enc-attention-dropout enc-attention-context enc-post-attention-dropout enc-2nd-layernorm enc-MLP-GEMM-1 enc-MLP-gelu enc-MLP-GEMM-2 enc-post-MLP-dropout enc-1st-layernorm enc-attention-qkv enc-attention-score enc-attention-softmax enc-attention-dropout enc-attention-context enc-post-attention-dropout enc-2nd-layernorm enc-MLP-GEMM-1 enc-MLP-gelu enc-MLP-GEMM-2 enc-post-MLP-dropout enc-1st-layernorm enc-attention-qkv enc-attention-score enc-attention-softmax enc-attention-dropout enc-attention-context enc-post-attention-dropout enc-2nd-layernorm enc-MLP-GEMM-1 enc-MLP-gelu enc-MLP-GEMM-2 enc-post-MLP-dropout enc-1st-layernorm enc-attention-qkv enc-attention-score enc-attention-softmax enc-attention-dropout enc-attention-context enc-post-attention-dropout enc-2nd-layernorm enc-MLP-GEMM-1 enc-MLP-gelu enc-MLP-GEMM-2 enc-post-MLP-dropout enc-1st-layernorm enc-attention-qkv enc-attention-score enc-attention-softmax enc-attention-dropout enc-attention-context enc-post-attention-dropout enc-2nd-layernorm enc-MLP-GEMM-1 enc-MLP-gelu enc-MLP-GEMM-2 enc-post-MLP-dropout enc-1st-layernorm enc-attention-qkv enc-attention-score enc-attention-softmax enc-attention-dropout enc-attention-context enc-post-attention-dropout enc-2nd-layernorm enc-MLP-GEMM-1 enc-MLP-gelu enc-MLP-GEMM-2 enc-post-MLP-dropout enc-1st-layernorm enc-attention-qkv enc-attention-score enc-attention-softmax enc-attention-dropout enc-attention-context enc-post-attention-dropout enc-2nd-layernorm enc-MLP-GEMM-1 enc-MLP-gelu enc-MLP-GEMM-2 enc-post-MLP-dropout enc-1st-layernorm enc-attention-qkv enc-attention-score enc-attention-softmax enc-attention-dropout enc-attention-context enc-post-attention-dropout enc-2nd-layernorm enc-MLP-GEMM-1 enc-MLP-gelu enc-MLP-GEMM-2 enc-post-MLP-dropout enc-1st-layernorm enc-attention-qkv enc-attention-score enc-attention-softmax enc-attention-dropout enc-attention-context enc-post-attention-dropout enc-2nd-layernorm enc-MLP-GEMM-1 enc-MLP-gelu enc-MLP-GEMM-2 enc-post-MLP-dropout enc-1st-layernorm enc-attention-qkv enc-attention-score enc-attention-softmax enc-attention-dropout enc-attention-context enc-post-attention-dropout enc-2nd-layernorm enc-MLP-GEMM-1 enc-MLP-gelu enc-MLP-GEMM-2 enc-post-MLP-dropout enc-1st-layernorm enc-attention-qkv enc-attention-score enc-attention-softmax enc-attention-dropout enc-attention-context enc-post-attention-dropout enc-2nd-layernorm enc-MLP-GEMM-1 enc-MLP-gelu enc-MLP-GEMM-2 enc-post-MLP-dropout enc-1st-layernorm enc-attention-qkv enc-attention-score enc-attention-softmax enc-attention-dropout enc-attention-context enc-post-attention-dropout enc-2nd-layernorm enc-MLP-GEMM-1 enc-MLP-gelu enc-MLP-GEMM-2 enc-post-MLP-dropout enc-1st-layernorm enc-attention-qkv enc-attention-score enc-attention-softmax enc-attention-dropout enc-attention-context enc-post-attention-dropout enc-2nd-layernorm enc-MLP-GEMM-1 enc-MLP-gelu enc-MLP-GEMM-2 enc-post-MLP-dropout enc-1st-layernorm enc-attention-qkv enc-attention-score enc-attention-softmax enc-attention-dropout enc-attention-context enc-post-attention-dropout enc-2nd-layernorm enc-MLP-GEMM-1 enc-MLP-gelu enc-MLP-GEMM-2 enc-post-MLP-dropout enc-1st-layernorm enc-attention-qkv enc-attention-score enc-attention-softmax enc-attention-dropout enc-attention-context enc-post-attention-dropout enc-2nd-layernorm enc-MLP-GEMM-1 enc-MLP-gelu enc-MLP-GEMM-2 enc-post-MLP-dropout enc-1st-layernorm enc-attention-qkv enc-attention-score enc-attention-softmax enc-attention-dropout enc-attention-context enc-post-attention-dropout enc-2nd-layernorm enc-MLP-GEMM-1 enc-MLP-gelu enc-MLP-GEMM-2 enc-post-MLP-dropout enc-1st-layernorm enc-attention-qkv enc-attention-score enc-attention-softmax enc-attention-dropout enc-attention-context enc-post-attention-dropout enc-2nd-layernorm enc-MLP-GEMM-1 enc-MLP-gelu enc-MLP-GEMM-2 enc-post-MLP-dropout enc-1st-layernorm enc-attention-qkv enc-attention-score enc-attention-softmax enc-attention-dropout enc-attention-context enc-post-attention-dropout enc-2nd-layernorm enc-MLP-GEMM-1 enc-MLP-gelu enc-MLP-GEMM-2 enc-post-MLP-dropout enc-1st-layernorm enc-attention-qkv enc-attention-score enc-attention-softmax enc-attention-dropout enc-attention-context enc-post-attention-dropout enc-2nd-layernorm enc-MLP-GEMM-1 enc-MLP-gelu enc-MLP-GEMM-2 enc-post-MLP-dropout enc-1st-layernorm enc-attention-qkv enc-attention-score enc-attention-softmax enc-attention-dropout enc-attention-context enc-post-attention-dropout enc-2nd-layernorm enc-MLP-GEMM-1 enc-MLP-gelu enc-MLP-GEMM-2 enc-post-MLP-dropout enc-1st-layernorm enc-attention-qkv enc-attention-score enc-attention-softmax enc-attention-dropout enc-attention-context enc-post-attention-dropout enc-2nd-layernorm enc-MLP-GEMM-1 enc-MLP-gelu enc-MLP-GEMM-2 enc-post-MLP-dropout enc-1st-layernorm enc-attention-qkv enc-attention-score enc-attention-softmax enc-attention-dropout enc-attention-context enc-post-attention-dropout enc-2nd-layernorm enc-MLP-GEMM-1 enc-MLP-gelu enc-MLP-GEMM-2 enc-post-MLP-dropout enc-1st-layernorm enc-attention-qkv enc-attention-score enc-attention-softmax enc-attention-dropout enc-attention-context enc-post-attention-dropout enc-2nd-layernorm enc-MLP-GEMM-1 
[rank 3 all ops] "enc-MLP-gelu","enc-MLP-GEMM-2","enc-post-MLP-dropout","enc-1st-layernorm","enc-attention-qkv","enc-attention-score","enc-attention-softmax","enc-attention-dropout","enc-attention-context","enc-attention-dense","enc-post-attention-dropout","enc-2nd-layernorm","enc-MLP-GEMM-1","enc-MLP-gelu","enc-MLP-GEMM-2","enc-post-MLP-dropout","enc-1st-layernorm","enc-attention-qkv","enc-attention-score","enc-attention-softmax","enc-attention-dropout","enc-attention-context","enc-attention-dense","enc-post-attention-dropout","enc-2nd-layernorm","enc-MLP-GEMM-1","enc-MLP-gelu","enc-MLP-GEMM-2","enc-post-MLP-dropout","enc-1st-layernorm","enc-attention-qkv","enc-attention-score","enc-attention-softmax","enc-attention-dropout","enc-attention-context","enc-attention-dense","enc-post-attention-dropout","enc-2nd-layernorm","enc-MLP-GEMM-1","enc-MLP-gelu","enc-MLP-GEMM-2","enc-post-MLP-dropout","enc-1st-layernorm","enc-attention-qkv","enc-attention-score","enc-attention-softmax","enc-attention-dropout","enc-attention-context","enc-attention-dense","enc-post-attention-dropout","enc-2nd-layernorm","enc-MLP-GEMM-1","enc-MLP-gelu","enc-MLP-GEMM-2","enc-post-MLP-dropout","enc-1st-layernorm","enc-attention-qkv","enc-attention-score","enc-attention-softmax","enc-attention-dropout","enc-attention-context","enc-attention-dense","enc-post-attention-dropout","enc-2nd-layernorm","enc-MLP-GEMM-1","enc-MLP-gelu","enc-MLP-GEMM-2","enc-post-MLP-dropout","enc-1st-layernorm","enc-attention-qkv","enc-attention-score","enc-attention-softmax","enc-attention-dropout","enc-attention-context","enc-attention-dense","enc-post-attention-dropout","enc-2nd-layernorm","enc-MLP-GEMM-1","enc-MLP-gelu","enc-MLP-GEMM-2","enc-post-MLP-dropout","enc-1st-layernorm","enc-attention-qkv","enc-attention-score","enc-attention-softmax","enc-attention-dropout","enc-attention-context","enc-attention-dense","enc-post-attention-dropout","enc-2nd-layernorm","enc-MLP-GEMM-1","enc-MLP-gelu","enc-MLP-GEMM-2","enc-post-MLP-dropout","enc-1st-layernorm","enc-attention-qkv","enc-attention-score","enc-attention-softmax","enc-attention-dropout","enc-attention-context","enc-attention-dense","enc-post-attention-dropout","enc-2nd-layernorm","enc-MLP-GEMM-1","enc-MLP-gelu","enc-MLP-GEMM-2","enc-post-MLP-dropout","enc-1st-layernorm","enc-attention-qkv","enc-attention-score","enc-attention-softmax","enc-attention-dropout","enc-attention-context","enc-attention-dense","enc-post-attention-dropout","enc-2nd-layernorm","enc-MLP-GEMM-1","enc-MLP-gelu","enc-MLP-GEMM-2","enc-post-MLP-dropout","enc-1st-layernorm","enc-attention-qkv","enc-attention-score","enc-attention-softmax","enc-attention-dropout","enc-attention-context","enc-attention-dense","enc-post-attention-dropout","enc-2nd-layernorm","enc-MLP-GEMM-1","enc-MLP-gelu","enc-MLP-GEMM-2","enc-post-MLP-dropout","enc-1st-layernorm","enc-attention-qkv","enc-attention-score","enc-attention-softmax","enc-attention-dropout","enc-attention-context","enc-attention-dense","enc-post-attention-dropout","enc-2nd-layernorm","enc-MLP-GEMM-1","enc-MLP-gelu","enc-MLP-GEMM-2","enc-post-MLP-dropout","enc-1st-layernorm","enc-attention-qkv","enc-attention-score","enc-attention-softmax","enc-attention-dropout","enc-attention-context","enc-attention-dense","enc-post-attention-dropout","enc-2nd-layernorm","enc-MLP-GEMM-1","enc-MLP-gelu","enc-MLP-GEMM-2","enc-post-MLP-dropout","enc-1st-layernorm","enc-attention-qkv","enc-attention-score","enc-attention-softmax","enc-attention-dropout","enc-attention-context","enc-attention-dense","enc-post-attention-dropout","enc-2nd-layernorm","enc-MLP-GEMM-1","enc-MLP-gelu","enc-MLP-GEMM-2","enc-post-MLP-dropout","enc-1st-layernorm","enc-attention-qkv","enc-attention-score","enc-attention-softmax","enc-attention-dropout","enc-attention-context","enc-attention-dense","enc-post-attention-dropout","enc-2nd-layernorm","enc-MLP-GEMM-1","enc-MLP-gelu","enc-MLP-GEMM-2","enc-post-MLP-dropout","enc-1st-layernorm","enc-attention-qkv","enc-attention-score","enc-attention-softmax","enc-attention-dropout","enc-attention-context","enc-attention-dense","enc-post-attention-dropout","enc-2nd-layernorm","enc-MLP-GEMM-1","enc-MLP-gelu","enc-MLP-GEMM-2","enc-post-MLP-dropout","enc-1st-layernorm","enc-attention-qkv","enc-attention-score","enc-attention-softmax","enc-attention-dropout","enc-attention-context","enc-attention-dense","enc-post-attention-dropout","enc-2nd-layernorm","enc-MLP-GEMM-1","enc-MLP-gelu","enc-MLP-GEMM-2","enc-post-MLP-dropout","enc-1st-layernorm","enc-attention-qkv","enc-attention-score","enc-attention-softmax","enc-attention-dropout","enc-attention-context","enc-attention-dense","enc-post-attention-dropout","enc-2nd-layernorm","enc-MLP-GEMM-1","enc-MLP-gelu","enc-MLP-GEMM-2","enc-post-MLP-dropout","enc-1st-layernorm","enc-attention-qkv","enc-attention-score","enc-attention-softmax","enc-attention-dropout","enc-attention-context","enc-attention-dense","enc-post-attention-dropout","enc-2nd-layernorm","enc-MLP-GEMM-1","enc-MLP-gelu","enc-MLP-GEMM-2","enc-post-MLP-dropout","enc-1st-layernorm","enc-attention-qkv","enc-attention-score","enc-attention-softmax","enc-attention-dropout","enc-attention-context","enc-attention-dense","enc-post-attention-dropout","enc-2nd-layernorm","enc-MLP-GEMM-1","enc-MLP-gelu","enc-MLP-GEMM-2","enc-post-MLP-dropout","enc-1st-layernorm","enc-attention-qkv","enc-attention-score","enc-attention-softmax","enc-attention-dropout","enc-attention-context","enc-attention-dense","enc-post-attention-dropout","enc-2nd-layernorm","enc-MLP-GEMM-1","enc-MLP-gelu","enc-MLP-GEMM-2","enc-post-MLP-dropout","enc-1st-layernorm","enc-attention-qkv","enc-attention-score","enc-attention-softmax","enc-attention-dropout","enc-attention-context","enc-attention-dense","enc-post-attention-dropout","enc-2nd-layernorm","enc-MLP-GEMM-1","enc-MLP-gelu","enc-MLP-GEMM-2","enc-post-MLP-dropout","enc-1st-layernorm","enc-attention-qkv","enc-attention-score","enc-attention-softmax","enc-attention-dropout","enc-attention-context","enc-attention-dense","enc-post-attention-dropout","enc-2nd-layernorm","enc-MLP-GEMM-1","enc-MLP-gelu","enc-MLP-GEMM-2","enc-post-MLP-dropout","enc-1st-layernorm","enc-attention-qkv","enc-attention-score","enc-attention-softmax","enc-attention-dropout","enc-attention-context","enc-attention-dense","enc-post-attention-dropout","enc-2nd-layernorm","enc-MLP-GEMM-1","enc-MLP-gelu","enc-MLP-GEMM-2","enc-post-MLP-dropout","enc-1st-layernorm","enc-attention-qkv","enc-attention-score","enc-attention-softmax","enc-attention-dropout","enc-attention-context","enc-attention-dense","enc-post-attention-dropout","enc-2nd-layernorm","enc-MLP-GEMM-1","enc-MLP-gelu","enc-MLP-GEMM-2","enc-post-MLP-dropout","enc-1st-layernorm","enc-attention-qkv","enc-attention-score","enc-attention-softmax","enc-attention-dropout","enc-attention-context","enc-attention-dense","enc-post-attention-dropout","enc-2nd-layernorm","enc-MLP-GEMM-1","enc-MLP-gelu","enc-MLP-GEMM-2","enc-post-MLP-dropout","enc-1st-layernorm","enc-attention-qkv","enc-attention-score","enc-attention-softmax","enc-attention-dropout","enc-attention-context","enc-attention-dense","enc-post-attention-dropout","enc-2nd-layernorm","enc-MLP-GEMM-1","enc-MLP-gelu","enc-MLP-GEMM-2","enc-post-MLP-dropout","enc-1st-layernorm","enc-attention-qkv","enc-attention-score","enc-attention-softmax","enc-attention-dropout","enc-attention-context","enc-attention-dense","enc-post-attention-dropout","enc-2nd-layernorm","enc-MLP-GEMM-1","enc-MLP-gelu","enc-MLP-GEMM-2","enc-post-MLP-dropout","enc-1st-layernorm","enc-attention-qkv","enc-attention-score","enc-attention-softmax","enc-attention-dropout","enc-attention-context","enc-attention-dense","enc-post-attention-dropout","enc-2nd-layernorm","enc-MLP-GEMM-1","enc-MLP-gelu","enc-MLP-GEMM-2","enc-post-MLP-dropout","enc-1st-layernorm","enc-attention-qkv","enc-attention-score","enc-attention-softmax","enc-attention-dropout","enc-attention-context","enc-attention-dense","enc-post-attention-dropout","enc-2nd-layernorm","enc-MLP-GEMM-1","enc-MLP-gelu","enc-MLP-GEMM-2","enc-post-MLP-dropout","enc-1st-layernorm","enc-attention-qkv","enc-attention-score","enc-attention-softmax","enc-attention-dropout","enc-attention-context","enc-attention-dense","enc-post-attention-dropout","enc-2nd-layernorm","enc-MLP-GEMM-1","enc-MLP-gelu","enc-MLP-GEMM-2","enc-post-MLP-dropout","enc-1st-layernorm","enc-attention-qkv","enc-attention-score","enc-attention-softmax","enc-attention-dropout","enc-attention-context","enc-attention-dense","enc-post-attention-dropout","enc-2nd-layernorm","enc-MLP-GEMM-1","enc-MLP-gelu","enc-MLP-GEMM-2","enc-post-MLP-dropout","enc-1st-layernorm","enc-attention-qkv","enc-attention-score","enc-attention-softmax","enc-attention-dropout","enc-attention-context","enc-attention-dense","enc-post-attention-dropout","enc-2nd-layernorm","enc-MLP-GEMM-1","enc-MLP-gelu","enc-MLP-GEMM-2","enc-post-MLP-dropout","enc-1st-layernorm","enc-attention-qkv","enc-attention-score","enc-attention-softmax","enc-attention-dropout","enc-attention-context","enc-attention-dense","enc-post-attention-dropout","enc-2nd-layernorm","enc-MLP-GEMM-1","enc-MLP-gelu","enc-MLP-GEMM-2","enc-post-MLP-dropout","enc-1st-layernorm","enc-attention-qkv","enc-attention-score","enc-attention-softmax","enc-attention-dropout","enc-attention-context","enc-attention-dense","enc-post-attention-dropout","enc-2nd-layernorm","enc-MLP-GEMM-1","enc-MLP-gelu","enc-MLP-GEMM-2","enc-post-MLP-dropout","enc-1st-layernorm","enc-attention-qkv","enc-attention-score","enc-attention-softmax","enc-attention-dropout","enc-attention-context","enc-attention-dense","enc-post-attention-dropout","enc-2nd-layernorm","enc-MLP-GEMM-1","enc-MLP-gelu","enc-MLP-GEMM-2","enc-post-MLP-dropout","enc-1st-layernorm","enc-attention-qkv","enc-attention-score","enc-attention-softmax","enc-attention-dropout","enc-attention-context","enc-attention-dense","enc-post-attention-dropout","enc-2nd-layernorm","enc-MLP-GEMM-1","enc-MLP-gelu","enc-MLP-GEMM-2","enc-post-MLP-dropout","enc-1st-layernorm","enc-attention-qkv","enc-attention-score","enc-attention-softmax","enc-attention-dropout","enc-attention-context","enc-attention-dense","enc-post-attention-dropout","enc-2nd-layernorm","enc-MLP-GEMM-1","enc-MLP-gelu","enc-MLP-GEMM-2","enc-post-MLP-dropout","enc-1st-layernorm","enc-attention-qkv","enc-attention-score","enc-attention-softmax","enc-attention-dropout","enc-attention-context","enc-attention-dense","enc-post-attention-dropout","enc-2nd-layernorm","enc-MLP-GEMM-1","enc-MLP-gelu","enc-MLP-GEMM-2","enc-post-MLP-dropout","enc-1st-layernorm","enc-attention-qkv","enc-attention-score","enc-attention-softmax","enc-attention-dropout","enc-attention-context","enc-attention-dense","enc-post-attention-dropout","enc-2nd-layernorm","enc-MLP-GEMM-1","enc-MLP-gelu","enc-MLP-GEMM-2","enc-post-MLP-dropout","enc-1st-layernorm","enc-attention-qkv","enc-attention-score","enc-attention-softmax","enc-attention-dropout","enc-attention-context","enc-attention-dense","enc-post-attention-dropout","enc-2nd-layernorm","enc-MLP-GEMM-1","enc-MLP-gelu","enc-MLP-GEMM-2","enc-post-MLP-dropout","enc-1st-layernorm","enc-attention-qkv","enc-attention-score","enc-attention-softmax","enc-attention-dropout","enc-attention-context","enc-attention-dense","enc-post-attention-dropout","enc-2nd-layernorm","enc-MLP-GEMM-1","enc-MLP-gelu","enc-MLP-GEMM-2","enc-post-MLP-dropout","enc-1st-layernorm","enc-attention-qkv","enc-attention-score","enc-attention-softmax","enc-attention-dropout","enc-attention-context","enc-attention-dense","enc-post-attention-dropout","enc-2nd-layernorm","enc-MLP-GEMM-1","enc-MLP-gelu","enc-MLP-GEMM-2","enc-post-MLP-dropout","enc-1st-layernorm","enc-attention-qkv","enc-attention-score","enc-attention-softmax","enc-attention-dropout","enc-attention-context","enc-attention-dense","enc-post-attention-dropout","enc-2nd-layernorm","enc-MLP-GEMM-1","enc-MLP-gelu","enc-MLP-GEMM-2","enc-post-MLP-dropout","enc-1st-layernorm","enc-attention-qkv","enc-attention-score","enc-attention-softmax","enc-attention-dropout","enc-attention-context","enc-attention-dense","enc-post-attention-dropout","enc-2nd-layernorm","enc-MLP-GEMM-1","enc-MLP-gelu","enc-MLP-GEMM-2","enc-post-MLP-dropout","enc-1st-layernorm","enc-attention-qkv","enc-attention-score","enc-attention-softmax","enc-attention-dropout","enc-attention-context","enc-attention-dense","enc-post-attention-dropout","enc-2nd-layernorm","enc-MLP-GEMM-1","enc-MLP-gelu","enc-MLP-GEMM-2","enc-post-MLP-dropout","enc-1st-layernorm","enc-attention-qkv","enc-attention-score","enc-attention-softmax","enc-attention-dropout","enc-attention-context","enc-attention-dense","enc-post-attention-dropout","enc-2nd-layernorm","enc-MLP-GEMM-1","enc-MLP-gelu","enc-MLP-GEMM-2","enc-post-MLP-dropout","enc-1st-layernorm","enc-attention-qkv","enc-attention-score","enc-attention-softmax","enc-attention-dropout","enc-attention-context","enc-attention-dense","enc-post-attention-dropout","enc-2nd-layernorm","enc-MLP-GEMM-1","enc-MLP-gelu","enc-MLP-GEMM-2","enc-post-MLP-dropout","enc-1st-layernorm","enc-attention-qkv","enc-attention-score","enc-attention-softmax","enc-attention-dropout","enc-attention-context","enc-attention-dense","enc-post-attention-dropout","enc-2nd-layernorm","enc-MLP-GEMM-1","enc-MLP-gelu","enc-MLP-GEMM-2","enc-post-MLP-dropout","enc-1st-layernorm","enc-attention-qkv","enc-attention-score","enc-attention-softmax","enc-attention-dropout","enc-attention-context","enc-attention-dense","enc-post-attention-dropout","enc-2nd-layernorm","enc-MLP-GEMM-1","enc-MLP-gelu","enc-MLP-GEMM-2","enc-post-MLP-dropout","enc-1st-layernorm","enc-attention-qkv","enc-attention-score","enc-attention-softmax","enc-attention-dropout","enc-attention-context","enc-attention-dense","enc-post-attention-dropout","enc-2nd-layernorm","enc-MLP-GEMM-1","enc-MLP-gelu","enc-MLP-GEMM-2","enc-post-MLP-dropout","enc-1st-layernorm","enc-attention-qkv","enc-attention-score","enc-attention-softmax","enc-attention-dropout","enc-attention-context","enc-attention-dense","enc-post-attention-dropout","enc-2nd-layernorm","enc-MLP-GEMM-1","enc-MLP-gelu","enc-MLP-GEMM-2","enc-post-MLP-dropout","enc-1st-layernorm","enc-attention-qkv","enc-attention-score","enc-attention-softmax","enc-attention-dropout","enc-attention-context","enc-attention-dense","enc-post-attention-dropout","enc-2nd-layernorm","enc-MLP-GEMM-1","enc-MLP-gelu","enc-MLP-GEMM-2","enc-post-MLP-dropout","enc-1st-layernorm","enc-attention-qkv","enc-attention-score","enc-attention-softmax","enc-attention-dropout","enc-attention-context","enc-attention-dense","enc-post-attention-dropout","enc-2nd-layernorm","enc-MLP-GEMM-1","enc-MLP-gelu","enc-MLP-GEMM-2","enc-post-MLP-dropout","enc-1st-layernorm","enc-attention-qkv","enc-attention-score","enc-attention-softmax","enc-attention-dropout","enc-attention-context","enc-attention-dense","enc-post-attention-dropout","enc-2nd-layernorm","enc-MLP-GEMM-1","enc-MLP-gelu","enc-MLP-GEMM-2","enc-post-MLP-dropout","enc-1st-layernorm","enc-attention-qkv","enc-attention-score","enc-attention-softmax","enc-attention-dropout","enc-attention-context","enc-attention-dense","enc-post-attention-dropout","enc-2nd-layernorm","enc-MLP-GEMM-1","enc-MLP-gelu","enc-MLP-GEMM-2","enc-post-MLP-dropout","enc-1st-layernorm","enc-attention-qkv","enc-attention-score","enc-attention-softmax","enc-attention-dropout","enc-attention-context","enc-attention-dense","enc-post-attention-dropout","enc-2nd-layernorm","enc-MLP-GEMM-1","enc-MLP-gelu","enc-MLP-GEMM-2","enc-post-MLP-dropout","enc-1st-layernorm","enc-attention-qkv","enc-attention-score","enc-attention-softmax","enc-attention-dropout","enc-attention-context","enc-attention-dense","enc-post-attention-dropout","enc-2nd-layernorm","enc-MLP-GEMM-1","enc-MLP-gelu","enc-MLP-GEMM-2","enc-post-MLP-dropout","enc-1st-layernorm","enc-attention-qkv","enc-attention-score","enc-attention-softmax","enc-attention-dropout","enc-attention-context","enc-attention-dense","enc-post-attention-dropout","enc-2nd-layernorm","enc-MLP-GEMM-1","enc-MLP-gelu","enc-MLP-GEMM-2","enc-post-MLP-dropout","enc-1st-layernorm","enc-attention-qkv","enc-attention-score","enc-attention-softmax","enc-attention-dropout","enc-attention-context","enc-attention-dense","enc-post-attention-dropout","enc-2nd-layernorm","enc-MLP-GEMM-1","enc-MLP-gelu","enc-MLP-GEMM-2","enc-post-MLP-dropout","enc-1st-layernorm","enc-attention-qkv","enc-attention-score","enc-attention-softmax","enc-attention-dropout","enc-attention-context","enc-attention-dense","enc-post-attention-dropout","enc-2nd-layernorm","enc-MLP-GEMM-1","enc-MLP-gelu","enc-MLP-GEMM-2","enc-post-MLP-dropout","enc-1st-layernorm","enc-attention-qkv","enc-attention-score","enc-attention-softmax","enc-attention-dropout","enc-attention-context","enc-attention-dense","enc-post-attention-dropout","enc-2nd-layernorm","enc-MLP-GEMM-1","enc-MLP-gelu","enc-MLP-GEMM-2","enc-post-MLP-dropout","enc-1st-layernorm","enc-attention-qkv","enc-attention-score","enc-attention-softmax","enc-attention-dropout","enc-attention-context","enc-attention-dense","enc-post-attention-dropout","enc-2nd-layernorm","enc-MLP-GEMM-1","enc-MLP-gelu","enc-MLP-GEMM-2","enc-post-MLP-dropout","enc-1st-layernorm","enc-attention-qkv","enc-attention-score","enc-attention-softmax","enc-attention-dropout","enc-attention-context","enc-attention-dense","enc-post-attention-dropout","enc-2nd-layernorm","enc-MLP-GEMM-1","enc-MLP-gelu","enc-MLP-GEMM-2","enc-post-MLP-dropout","enc-1st-layernorm","enc-attention-qkv","enc-attention-score","enc-attention-softmax","enc-attention-dropout","enc-attention-context","enc-attention-dense","enc-post-attention-dropout","enc-2nd-layernorm","enc-MLP-GEMM-1","enc-MLP-gelu","enc-MLP-GEMM-2","enc-post-MLP-dropout",
[rank 3 recompute ops] enc-MLP-gelu enc-MLP-GEMM-2 enc-post-MLP-dropout enc-1st-layernorm enc-attention-qkv enc-attention-score enc-attention-softmax enc-attention-dropout enc-attention-context enc-post-attention-dropout enc-2nd-layernorm enc-MLP-GEMM-1 enc-MLP-gelu enc-MLP-GEMM-2 enc-post-MLP-dropout enc-1st-layernorm enc-attention-qkv enc-attention-score enc-attention-softmax enc-attention-dropout enc-attention-context enc-post-attention-dropout enc-2nd-layernorm enc-MLP-GEMM-1 enc-MLP-gelu enc-MLP-GEMM-2 enc-post-MLP-dropout enc-1st-layernorm enc-attention-qkv enc-attention-score enc-attention-softmax enc-attention-dropout enc-attention-context enc-post-attention-dropout enc-2nd-layernorm enc-MLP-GEMM-1 enc-MLP-gelu enc-MLP-GEMM-2 enc-post-MLP-dropout enc-1st-layernorm enc-attention-qkv enc-attention-score enc-attention-softmax enc-attention-dropout enc-attention-context enc-post-attention-dropout enc-2nd-layernorm enc-MLP-GEMM-1 enc-MLP-gelu enc-MLP-GEMM-2 enc-post-MLP-dropout enc-1st-layernorm enc-attention-qkv enc-attention-score enc-attention-softmax enc-attention-dropout enc-attention-context enc-post-attention-dropout enc-2nd-layernorm enc-MLP-GEMM-1 enc-MLP-gelu enc-MLP-GEMM-2 enc-post-MLP-dropout enc-1st-layernorm enc-attention-qkv enc-attention-score enc-attention-softmax enc-attention-dropout enc-attention-context enc-post-attention-dropout enc-2nd-layernorm enc-MLP-GEMM-1 enc-MLP-gelu enc-MLP-GEMM-2 enc-post-MLP-dropout enc-1st-layernorm enc-attention-qkv enc-attention-score enc-attention-softmax enc-attention-dropout enc-attention-context enc-post-attention-dropout enc-2nd-layernorm enc-MLP-GEMM-1 enc-MLP-gelu enc-MLP-GEMM-2 enc-post-MLP-dropout enc-1st-layernorm enc-attention-qkv enc-attention-score enc-attention-softmax enc-attention-dropout enc-attention-context enc-post-attention-dropout enc-2nd-layernorm enc-MLP-GEMM-1 enc-MLP-gelu enc-MLP-GEMM-2 enc-post-MLP-dropout enc-1st-layernorm enc-attention-qkv enc-attention-score enc-attention-softmax enc-attention-dropout enc-attention-context enc-post-attention-dropout enc-2nd-layernorm enc-MLP-GEMM-1 enc-MLP-gelu enc-MLP-GEMM-2 enc-post-MLP-dropout enc-1st-layernorm enc-attention-qkv enc-attention-score enc-attention-softmax enc-attention-dropout enc-attention-context enc-post-attention-dropout enc-2nd-layernorm enc-MLP-GEMM-1 enc-MLP-gelu enc-MLP-GEMM-2 enc-post-MLP-dropout enc-1st-layernorm enc-attention-qkv enc-attention-score enc-attention-softmax enc-attention-dropout enc-attention-context enc-post-attention-dropout enc-2nd-layernorm enc-MLP-GEMM-1 enc-MLP-gelu enc-MLP-GEMM-2 enc-post-MLP-dropout enc-1st-layernorm enc-attention-qkv enc-attention-score enc-attention-softmax enc-attention-dropout enc-attention-context enc-post-attention-dropout enc-2nd-layernorm enc-MLP-GEMM-1 enc-MLP-gelu enc-MLP-GEMM-2 enc-post-MLP-dropout enc-1st-layernorm enc-attention-qkv enc-attention-score enc-attention-softmax enc-attention-dropout enc-attention-context enc-post-attention-dropout enc-2nd-layernorm enc-MLP-GEMM-1 enc-MLP-gelu enc-MLP-GEMM-2 enc-post-MLP-dropout enc-1st-layernorm enc-attention-qkv enc-attention-score enc-attention-softmax enc-attention-dropout enc-attention-context enc-post-attention-dropout enc-2nd-layernorm enc-MLP-GEMM-1 enc-MLP-gelu enc-MLP-GEMM-2 enc-post-MLP-dropout enc-1st-layernorm enc-attention-qkv enc-attention-score enc-attention-softmax enc-attention-dropout enc-attention-context enc-post-attention-dropout enc-2nd-layernorm enc-MLP-GEMM-1 enc-MLP-gelu enc-MLP-GEMM-2 enc-post-MLP-dropout enc-1st-layernorm enc-attention-qkv enc-attention-score enc-attention-softmax enc-attention-dropout enc-attention-context enc-post-attention-dropout enc-2nd-layernorm enc-MLP-GEMM-1 enc-MLP-gelu enc-MLP-GEMM-2 enc-post-MLP-dropout enc-1st-layernorm enc-attention-qkv enc-attention-score enc-attention-softmax enc-attention-dropout enc-attention-context enc-post-attention-dropout enc-2nd-layernorm enc-MLP-GEMM-1 enc-MLP-gelu enc-MLP-GEMM-2 enc-post-MLP-dropout enc-1st-layernorm enc-attention-qkv enc-attention-score enc-attention-softmax enc-attention-dropout enc-attention-context enc-post-attention-dropout enc-2nd-layernorm enc-MLP-GEMM-1 enc-MLP-gelu enc-MLP-GEMM-2 enc-post-MLP-dropout enc-1st-layernorm enc-attention-qkv enc-attention-score enc-attention-softmax enc-attention-dropout enc-attention-context enc-post-attention-dropout enc-2nd-layernorm enc-MLP-GEMM-1 enc-MLP-gelu enc-MLP-GEMM-2 enc-post-MLP-dropout enc-1st-layernorm enc-attention-qkv enc-attention-score enc-attention-softmax enc-attention-dropout enc-attention-context enc-post-attention-dropout enc-2nd-layernorm enc-MLP-GEMM-1 enc-MLP-gelu enc-MLP-GEMM-2 enc-post-MLP-dropout enc-1st-layernorm enc-attention-qkv enc-attention-score enc-attention-softmax enc-attention-dropout enc-attention-context enc-post-attention-dropout enc-2nd-layernorm enc-MLP-GEMM-1 enc-MLP-gelu enc-MLP-GEMM-2 enc-post-MLP-dropout enc-1st-layernorm enc-attention-qkv enc-attention-score enc-attention-softmax enc-attention-dropout enc-attention-context enc-post-attention-dropout enc-2nd-layernorm enc-MLP-GEMM-1 enc-MLP-gelu enc-MLP-GEMM-2 enc-post-MLP-dropout enc-1st-layernorm enc-attention-qkv enc-attention-score enc-attention-softmax enc-attention-dropout enc-attention-context enc-post-attention-dropout enc-2nd-layernorm enc-MLP-GEMM-1 enc-MLP-gelu enc-MLP-GEMM-2 enc-post-MLP-dropout enc-1st-layernorm enc-attention-qkv enc-attention-score enc-attention-softmax enc-attention-dropout enc-attention-context enc-post-attention-dropout enc-2nd-layernorm enc-MLP-GEMM-1 enc-MLP-gelu enc-MLP-GEMM-2 enc-post-MLP-dropout enc-1st-layernorm enc-attention-qkv enc-attention-score enc-attention-softmax enc-attention-dropout enc-attention-context enc-post-attention-dropout enc-2nd-layernorm enc-MLP-GEMM-1 enc-MLP-gelu enc-MLP-GEMM-2 enc-post-MLP-dropout enc-1st-layernorm enc-attention-qkv enc-attention-score enc-attention-softmax enc-attention-dropout enc-attention-context enc-post-attention-dropout enc-2nd-layernorm enc-MLP-GEMM-1 enc-MLP-gelu enc-MLP-GEMM-2 enc-post-MLP-dropout enc-1st-layernorm enc-attention-qkv enc-attention-score enc-attention-softmax enc-attention-dropout enc-attention-context enc-post-attention-dropout enc-2nd-layernorm enc-MLP-GEMM-1 enc-MLP-gelu enc-MLP-GEMM-2 enc-post-MLP-dropout enc-1st-layernorm enc-attention-qkv enc-attention-score enc-attention-softmax enc-attention-dropout enc-attention-context enc-post-attention-dropout enc-2nd-layernorm enc-MLP-GEMM-1 enc-MLP-gelu enc-MLP-GEMM-2 enc-post-MLP-dropout enc-1st-layernorm enc-attention-qkv enc-attention-score enc-attention-softmax enc-attention-dropout enc-attention-context enc-post-attention-dropout enc-2nd-layernorm enc-MLP-GEMM-1 enc-MLP-gelu enc-MLP-GEMM-2 enc-post-MLP-dropout enc-1st-layernorm enc-attention-qkv enc-attention-score enc-attention-softmax enc-attention-dropout enc-attention-context enc-post-attention-dropout enc-2nd-layernorm enc-MLP-GEMM-1 enc-MLP-gelu enc-MLP-GEMM-2 enc-post-MLP-dropout enc-1st-layernorm enc-attention-qkv enc-attention-score enc-attention-softmax enc-attention-dropout enc-attention-context enc-post-attention-dropout enc-2nd-layernorm enc-MLP-GEMM-1 enc-MLP-gelu enc-MLP-GEMM-2 enc-post-MLP-dropout enc-1st-layernorm enc-attention-qkv enc-attention-score enc-attention-softmax enc-attention-dropout enc-attention-context enc-post-attention-dropout enc-2nd-layernorm enc-MLP-GEMM-1 enc-MLP-gelu enc-MLP-GEMM-2 enc-post-MLP-dropout enc-1st-layernorm enc-attention-qkv enc-attention-score enc-attention-softmax enc-attention-dropout enc-attention-context enc-post-attention-dropout enc-2nd-layernorm enc-MLP-GEMM-1 enc-MLP-gelu enc-MLP-GEMM-2 enc-post-MLP-dropout enc-1st-layernorm enc-attention-qkv enc-attention-score enc-attention-softmax enc-attention-dropout enc-attention-context enc-post-attention-dropout enc-2nd-layernorm enc-MLP-GEMM-1 enc-MLP-gelu enc-MLP-GEMM-2 enc-post-MLP-dropout enc-1st-layernorm enc-attention-qkv enc-attention-score enc-attention-softmax enc-attention-dropout enc-attention-context enc-post-attention-dropout enc-2nd-layernorm enc-MLP-GEMM-1 enc-MLP-gelu enc-MLP-GEMM-2 enc-post-MLP-dropout enc-1st-layernorm enc-attention-qkv enc-attention-score enc-attention-softmax enc-attention-dropout enc-attention-context enc-post-attention-dropout enc-2nd-layernorm enc-MLP-GEMM-1 enc-MLP-gelu enc-MLP-GEMM-2 enc-post-MLP-dropout enc-1st-layernorm enc-attention-qkv enc-attention-score enc-attention-softmax enc-attention-dropout enc-attention-context enc-post-attention-dropout enc-2nd-layernorm enc-MLP-GEMM-1 enc-MLP-gelu enc-MLP-GEMM-2 enc-post-MLP-dropout enc-1st-layernorm enc-attention-qkv enc-attention-score enc-attention-softmax enc-attention-dropout enc-attention-context enc-post-attention-dropout enc-2nd-layernorm enc-MLP-GEMM-1 enc-MLP-gelu enc-MLP-GEMM-2 enc-post-MLP-dropout enc-1st-layernorm enc-attention-qkv enc-attention-score enc-attention-softmax enc-attention-dropout enc-attention-context enc-post-attention-dropout enc-2nd-layernorm enc-MLP-GEMM-1 enc-MLP-gelu enc-MLP-GEMM-2 enc-post-MLP-dropout enc-1st-layernorm enc-attention-qkv enc-attention-score enc-attention-softmax enc-attention-dropout enc-attention-context enc-post-attention-dropout enc-2nd-layernorm enc-MLP-GEMM-1 enc-MLP-gelu enc-MLP-GEMM-2 enc-post-MLP-dropout enc-1st-layernorm enc-attention-qkv enc-attention-score enc-attention-softmax enc-attention-dropout enc-attention-context enc-post-attention-dropout enc-2nd-layernorm enc-MLP-GEMM-1 enc-MLP-gelu enc-MLP-GEMM-2 enc-post-MLP-dropout enc-1st-layernorm enc-attention-qkv enc-attention-score enc-attention-softmax enc-attention-dropout enc-attention-context enc-post-attention-dropout enc-2nd-layernorm enc-MLP-GEMM-1 enc-MLP-gelu enc-MLP-GEMM-2 enc-post-MLP-dropout enc-1st-layernorm enc-attention-qkv enc-attention-score enc-attention-softmax enc-attention-dropout enc-attention-context enc-post-attention-dropout enc-2nd-layernorm enc-MLP-GEMM-1 enc-MLP-gelu enc-MLP-GEMM-2 enc-post-MLP-dropout enc-1st-layernorm enc-attention-qkv enc-attention-score enc-attention-softmax enc-attention-dropout enc-attention-context enc-post-attention-dropout enc-2nd-layernorm enc-MLP-GEMM-1 enc-MLP-gelu enc-MLP-GEMM-2 enc-post-MLP-dropout enc-1st-layernorm enc-attention-qkv enc-attention-score enc-attention-softmax enc-attention-dropout enc-attention-context enc-post-attention-dropout enc-2nd-layernorm enc-MLP-GEMM-1 enc-MLP-gelu enc-MLP-GEMM-2 enc-post-MLP-dropout enc-1st-layernorm enc-attention-qkv enc-attention-score enc-attention-softmax enc-attention-dropout enc-attention-context enc-post-attention-dropout enc-2nd-layernorm enc-MLP-GEMM-1 enc-MLP-gelu enc-MLP-GEMM-2 enc-post-MLP-dropout enc-1st-layernorm enc-attention-qkv enc-attention-score enc-attention-softmax enc-attention-dropout enc-attention-context enc-post-attention-dropout enc-2nd-layernorm enc-MLP-GEMM-1 enc-MLP-gelu enc-MLP-GEMM-2 enc-post-MLP-dropout enc-1st-layernorm enc-attention-qkv enc-attention-score enc-attention-softmax enc-attention-dropout enc-attention-context enc-post-attention-dropout enc-2nd-layernorm enc-MLP-GEMM-1 enc-MLP-gelu enc-MLP-GEMM-2 enc-post-MLP-dropout enc-1st-layernorm enc-attention-qkv enc-attention-score enc-attention-softmax enc-attention-dropout enc-attention-context enc-post-attention-dropout enc-2nd-layernorm enc-MLP-GEMM-1 enc-MLP-gelu enc-MLP-GEMM-2 enc-post-MLP-dropout enc-1st-layernorm enc-attention-qkv enc-attention-score enc-attention-softmax enc-attention-dropout enc-attention-context enc-post-attention-dropout enc-2nd-layernorm enc-MLP-GEMM-1 enc-MLP-gelu enc-MLP-GEMM-2 enc-post-MLP-dropout enc-1st-layernorm enc-attention-qkv enc-attention-score enc-attention-softmax enc-attention-dropout enc-attention-context enc-post-attention-dropout enc-2nd-layernorm enc-MLP-GEMM-1 enc-MLP-gelu enc-MLP-GEMM-2 enc-post-MLP-dropout enc-1st-layernorm enc-attention-qkv enc-attention-score enc-attention-softmax enc-attention-dropout enc-attention-context enc-post-attention-dropout enc-2nd-layernorm enc-MLP-GEMM-1 enc-MLP-gelu enc-MLP-GEMM-2 enc-post-MLP-dropout enc-1st-layernorm enc-attention-qkv enc-attention-score enc-attention-softmax enc-attention-dropout enc-attention-context enc-post-attention-dropout enc-2nd-layernorm enc-MLP-GEMM-1 enc-MLP-gelu enc-MLP-GEMM-2 enc-post-MLP-dropout enc-1st-layernorm enc-attention-qkv enc-attention-score enc-attention-softmax enc-attention-dropout enc-attention-context enc-post-attention-dropout enc-2nd-layernorm enc-MLP-GEMM-1 enc-MLP-gelu enc-MLP-GEMM-2 enc-post-MLP-dropout enc-1st-layernorm enc-attention-qkv enc-attention-score enc-attention-softmax enc-attention-dropout enc-attention-context enc-post-attention-dropout enc-2nd-layernorm enc-MLP-GEMM-1 enc-MLP-gelu enc-MLP-GEMM-2 enc-post-MLP-dropout enc-1st-layernorm enc-attention-qkv enc-attention-score enc-attention-softmax enc-attention-dropout enc-attention-context enc-post-attention-dropout enc-2nd-layernorm enc-MLP-GEMM-1 enc-MLP-gelu enc-MLP-GEMM-2 enc-post-MLP-dropout enc-1st-layernorm enc-attention-qkv enc-attention-score enc-attention-softmax enc-attention-dropout enc-attention-context enc-post-attention-dropout enc-2nd-layernorm enc-MLP-GEMM-1 enc-MLP-gelu enc-MLP-GEMM-2 enc-post-MLP-dropout enc-1st-layernorm enc-attention-qkv enc-attention-score enc-attention-softmax enc-attention-dropout enc-attention-context enc-MLP-GEMM-1 enc-MLP-gelu enc-MLP-GEMM-2 enc-post-MLP-dropout enc-1st-layernorm enc-attention-qkv enc-attention-score enc-attention-softmax enc-attention-dropout enc-attention-context enc-MLP-GEMM-1 enc-MLP-gelu enc-MLP-GEMM-2 enc-post-MLP-dropout enc-1st-layernorm enc-attention-qkv enc-attention-score enc-attention-softmax enc-attention-dropout enc-attention-context enc-MLP-GEMM-1 enc-MLP-gelu enc-MLP-GEMM-2 enc-post-MLP-dropout enc-1st-layernorm enc-attention-qkv enc-attention-score enc-attention-softmax enc-attention-dropout enc-attention-context enc-MLP-GEMM-1 enc-MLP-gelu enc-MLP-GEMM-2 enc-post-MLP-dropout enc-1st-layernorm enc-attention-qkv enc-attention-score enc-attention-softmax enc-attention-dropout enc-attention-context enc-MLP-GEMM-1 enc-MLP-gelu enc-MLP-GEMM-2 enc-post-MLP-dropout enc-1st-layernorm enc-attention-qkv enc-attention-score enc-attention-softmax enc-attention-dropout enc-attention-context enc-MLP-GEMM-1 enc-MLP-gelu enc-MLP-GEMM-2 enc-post-MLP-dropout enc-1st-layernorm enc-attention-qkv enc-attention-score enc-attention-softmax enc-attention-dropout enc-attention-context enc-MLP-GEMM-1 enc-MLP-gelu enc-MLP-GEMM-2 enc-post-MLP-dropout 
 > number of parameters on (tensor, pipeline) model parallel rank (0, 2): 202803200
[rank 1 all ops] "enc-MLP-gelu","enc-MLP-GEMM-2","enc-post-MLP-dropout","enc-1st-layernorm","enc-attention-qkv","enc-attention-score","enc-attention-softmax","enc-attention-dropout","enc-attention-context","enc-attention-dense","enc-post-attention-dropout","enc-2nd-layernorm","enc-MLP-GEMM-1","enc-MLP-gelu","enc-MLP-GEMM-2","enc-post-MLP-dropout","enc-1st-layernorm","enc-attention-qkv","enc-attention-score","enc-attention-softmax","enc-attention-dropout","enc-attention-context","enc-attention-dense","enc-post-attention-dropout","enc-2nd-layernorm","enc-MLP-GEMM-1","enc-MLP-gelu","enc-MLP-GEMM-2","enc-post-MLP-dropout","enc-1st-layernorm","enc-attention-qkv","enc-attention-score","enc-attention-softmax","enc-attention-dropout","enc-attention-context","enc-attention-dense","enc-post-attention-dropout","enc-2nd-layernorm","enc-MLP-GEMM-1","enc-MLP-gelu","enc-MLP-GEMM-2","enc-post-MLP-dropout","enc-1st-layernorm","enc-attention-qkv","enc-attention-score","enc-attention-softmax","enc-attention-dropout","enc-attention-context","enc-attention-dense","enc-post-attention-dropout","enc-2nd-layernorm","enc-MLP-GEMM-1","enc-MLP-gelu","enc-MLP-GEMM-2","enc-post-MLP-dropout","enc-1st-layernorm","enc-attention-qkv","enc-attention-score","enc-attention-softmax","enc-attention-dropout","enc-attention-context","enc-attention-dense","enc-post-attention-dropout","enc-2nd-layernorm","enc-MLP-GEMM-1","enc-MLP-gelu","enc-MLP-GEMM-2","enc-post-MLP-dropout","enc-1st-layernorm","enc-attention-qkv","enc-attention-score","enc-attention-softmax","enc-attention-dropout","enc-attention-context","enc-attention-dense","enc-post-attention-dropout","enc-2nd-layernorm","enc-MLP-GEMM-1","enc-MLP-gelu","enc-MLP-GEMM-2","enc-post-MLP-dropout","enc-1st-layernorm","enc-attention-qkv","enc-attention-score","enc-attention-softmax","enc-attention-dropout","enc-attention-context","enc-attention-dense","enc-post-attention-dropout","enc-2nd-layernorm","enc-MLP-GEMM-1","enc-MLP-gelu","enc-MLP-GEMM-2","enc-post-MLP-dropout","enc-1st-layernorm","enc-attention-qkv","enc-attention-score","enc-attention-softmax","enc-attention-dropout","enc-attention-context","enc-attention-dense","enc-post-attention-dropout","enc-2nd-layernorm","enc-MLP-GEMM-1","enc-MLP-gelu","enc-MLP-GEMM-2","enc-post-MLP-dropout","enc-1st-layernorm","enc-attention-qkv","enc-attention-score","enc-attention-softmax","enc-attention-dropout","enc-attention-context","enc-attention-dense","enc-post-attention-dropout","enc-2nd-layernorm","enc-MLP-GEMM-1","enc-MLP-gelu","enc-MLP-GEMM-2","enc-post-MLP-dropout","enc-1st-layernorm","enc-attention-qkv","enc-attention-score","enc-attention-softmax","enc-attention-dropout","enc-attention-context","enc-attention-dense","enc-post-attention-dropout","enc-2nd-layernorm","enc-MLP-GEMM-1","enc-MLP-gelu","enc-MLP-GEMM-2","enc-post-MLP-dropout","enc-1st-layernorm","enc-attention-qkv","enc-attention-score","enc-attention-softmax","enc-attention-dropout","enc-attention-context","enc-attention-dense","enc-post-attention-dropout","enc-2nd-layernorm","enc-MLP-GEMM-1","enc-MLP-gelu","enc-MLP-GEMM-2","enc-post-MLP-dropout","enc-1st-layernorm","enc-attention-qkv","enc-attention-score","enc-attention-softmax","enc-attention-dropout","enc-attention-context","enc-attention-dense","enc-post-attention-dropout","enc-2nd-layernorm","enc-MLP-GEMM-1","enc-MLP-gelu","enc-MLP-GEMM-2","enc-post-MLP-dropout","enc-1st-layernorm","enc-attention-qkv","enc-attention-score","enc-attention-softmax","enc-attention-dropout","enc-attention-context","enc-attention-dense","enc-post-attention-dropout","enc-2nd-layernorm","enc-MLP-GEMM-1","enc-MLP-gelu","enc-MLP-GEMM-2","enc-post-MLP-dropout","enc-1st-layernorm","enc-attention-qkv","enc-attention-score","enc-attention-softmax","enc-attention-dropout","enc-attention-context","enc-attention-dense","enc-post-attention-dropout","enc-2nd-layernorm","enc-MLP-GEMM-1","enc-MLP-gelu","enc-MLP-GEMM-2","enc-post-MLP-dropout","enc-1st-layernorm","enc-attention-qkv","enc-attention-score","enc-attention-softmax","enc-attention-dropout","enc-attention-context","enc-attention-dense","enc-post-attention-dropout","enc-2nd-layernorm","enc-MLP-GEMM-1","enc-MLP-gelu","enc-MLP-GEMM-2","enc-post-MLP-dropout","enc-1st-layernorm","enc-attention-qkv","enc-attention-score","enc-attention-softmax","enc-attention-dropout","enc-attention-context","enc-attention-dense","enc-post-attention-dropout","enc-2nd-layernorm","enc-MLP-GEMM-1","enc-MLP-gelu","enc-MLP-GEMM-2","enc-post-MLP-dropout","enc-1st-layernorm","enc-attention-qkv","enc-attention-score","enc-attention-softmax","enc-attention-dropout","enc-attention-context","enc-attention-dense","enc-post-attention-dropout","enc-2nd-layernorm","enc-MLP-GEMM-1","enc-MLP-gelu","enc-MLP-GEMM-2","enc-post-MLP-dropout","enc-1st-layernorm","enc-attention-qkv","enc-attention-score","enc-attention-softmax","enc-attention-dropout","enc-attention-context","enc-attention-dense","enc-post-attention-dropout","enc-2nd-layernorm","enc-MLP-GEMM-1","enc-MLP-gelu","enc-MLP-GEMM-2","enc-post-MLP-dropout","enc-1st-layernorm","enc-attention-qkv","enc-attention-score","enc-attention-softmax","enc-attention-dropout","enc-attention-context","enc-attention-dense","enc-post-attention-dropout","enc-2nd-layernorm","enc-MLP-GEMM-1","enc-MLP-gelu","enc-MLP-GEMM-2","enc-post-MLP-dropout","enc-1st-layernorm","enc-attention-qkv","enc-attention-score","enc-attention-softmax","enc-attention-dropout","enc-attention-context","enc-attention-dense","enc-post-attention-dropout","enc-2nd-layernorm","enc-MLP-GEMM-1","enc-MLP-gelu","enc-MLP-GEMM-2","enc-post-MLP-dropout","enc-1st-layernorm","enc-attention-qkv","enc-attention-score","enc-attention-softmax","enc-attention-dropout","enc-attention-context","enc-attention-dense","enc-post-attention-dropout","enc-2nd-layernorm","enc-MLP-GEMM-1","enc-MLP-gelu","enc-MLP-GEMM-2","enc-post-MLP-dropout","enc-1st-layernorm","enc-attention-qkv","enc-attention-score","enc-attention-softmax","enc-attention-dropout","enc-attention-context","enc-attention-dense","enc-post-attention-dropout","enc-2nd-layernorm","enc-MLP-GEMM-1","enc-MLP-gelu","enc-MLP-GEMM-2","enc-post-MLP-dropout","enc-1st-layernorm","enc-attention-qkv","enc-attention-score","enc-attention-softmax","enc-attention-dropout","enc-attention-context","enc-attention-dense","enc-post-attention-dropout","enc-2nd-layernorm","enc-MLP-GEMM-1","enc-MLP-gelu","enc-MLP-GEMM-2","enc-post-MLP-dropout","enc-1st-layernorm","enc-attention-qkv","enc-attention-score","enc-attention-softmax","enc-attention-dropout","enc-attention-context","enc-attention-dense","enc-post-attention-dropout","enc-2nd-layernorm","enc-MLP-GEMM-1","enc-MLP-gelu","enc-MLP-GEMM-2","enc-post-MLP-dropout","enc-1st-layernorm","enc-attention-qkv","enc-attention-score","enc-attention-softmax","enc-attention-dropout","enc-attention-context","enc-attention-dense","enc-post-attention-dropout","enc-2nd-layernorm","enc-MLP-GEMM-1","enc-MLP-gelu","enc-MLP-GEMM-2","enc-post-MLP-dropout","enc-1st-layernorm","enc-attention-qkv","enc-attention-score","enc-attention-softmax","enc-attention-dropout","enc-attention-context","enc-attention-dense","enc-post-attention-dropout","enc-2nd-layernorm","enc-MLP-GEMM-1","enc-MLP-gelu","enc-MLP-GEMM-2","enc-post-MLP-dropout","enc-1st-layernorm","enc-attention-qkv","enc-attention-score","enc-attention-softmax","enc-attention-dropout","enc-attention-context","enc-attention-dense","enc-post-attention-dropout","enc-2nd-layernorm","enc-MLP-GEMM-1","enc-MLP-gelu","enc-MLP-GEMM-2","enc-post-MLP-dropout","enc-1st-layernorm","enc-attention-qkv","enc-attention-score","enc-attention-softmax","enc-attention-dropout","enc-attention-context","enc-attention-dense","enc-post-attention-dropout","enc-2nd-layernorm","enc-MLP-GEMM-1","enc-MLP-gelu","enc-MLP-GEMM-2","enc-post-MLP-dropout","enc-1st-layernorm","enc-attention-qkv","enc-attention-score","enc-attention-softmax","enc-attention-dropout","enc-attention-context","enc-attention-dense","enc-post-attention-dropout","enc-2nd-layernorm","enc-MLP-GEMM-1","enc-MLP-gelu","enc-MLP-GEMM-2","enc-post-MLP-dropout","enc-1st-layernorm","enc-attention-qkv","enc-attention-score","enc-attention-softmax","enc-attention-dropout","enc-attention-context","enc-attention-dense","enc-post-attention-dropout","enc-2nd-layernorm","enc-MLP-GEMM-1","enc-MLP-gelu","enc-MLP-GEMM-2","enc-post-MLP-dropout","enc-1st-layernorm","enc-attention-qkv","enc-attention-score","enc-attention-softmax","enc-attention-dropout","enc-attention-context","enc-attention-dense","enc-post-attention-dropout","enc-2nd-layernorm","enc-MLP-GEMM-1","enc-MLP-gelu","enc-MLP-GEMM-2","enc-post-MLP-dropout","enc-1st-layernorm","enc-attention-qkv","enc-attention-score","enc-attention-softmax","enc-attention-dropout","enc-attention-context","enc-attention-dense","enc-post-attention-dropout","enc-2nd-layernorm","enc-MLP-GEMM-1","enc-MLP-gelu","enc-MLP-GEMM-2","enc-post-MLP-dropout","enc-1st-layernorm","enc-attention-qkv","enc-attention-score","enc-attention-softmax","enc-attention-dropout","enc-attention-context","enc-attention-dense","enc-post-attention-dropout","enc-2nd-layernorm","enc-MLP-GEMM-1","enc-MLP-gelu","enc-MLP-GEMM-2","enc-post-MLP-dropout","enc-1st-layernorm","enc-attention-qkv","enc-attention-score","enc-attention-softmax","enc-attention-dropout","enc-attention-context","enc-attention-dense","enc-post-attention-dropout","enc-2nd-layernorm","enc-MLP-GEMM-1","enc-MLP-gelu","enc-MLP-GEMM-2","enc-post-MLP-dropout","enc-1st-layernorm","enc-attention-qkv","enc-attention-score","enc-attention-softmax","enc-attention-dropout","enc-attention-context","enc-attention-dense","enc-post-attention-dropout","enc-2nd-layernorm","enc-MLP-GEMM-1","enc-MLP-gelu","enc-MLP-GEMM-2","enc-post-MLP-dropout","enc-1st-layernorm","enc-attention-qkv","enc-attention-score","enc-attention-softmax","enc-attention-dropout","enc-attention-context","enc-attention-dense","enc-post-attention-dropout","enc-2nd-layernorm","enc-MLP-GEMM-1","enc-MLP-gelu","enc-MLP-GEMM-2","enc-post-MLP-dropout","enc-1st-layernorm","enc-attention-qkv","enc-attention-score","enc-attention-softmax","enc-attention-dropout","enc-attention-context","enc-attention-dense","enc-post-attention-dropout","enc-2nd-layernorm","enc-MLP-GEMM-1","enc-MLP-gelu","enc-MLP-GEMM-2","enc-post-MLP-dropout","enc-1st-layernorm","enc-attention-qkv","enc-attention-score","enc-attention-softmax","enc-attention-dropout","enc-attention-context","enc-attention-dense","enc-post-attention-dropout","enc-2nd-layernorm","enc-MLP-GEMM-1","enc-MLP-gelu","enc-MLP-GEMM-2","enc-post-MLP-dropout","enc-1st-layernorm","enc-attention-qkv","enc-attention-score","enc-attention-softmax","enc-attention-dropout","enc-attention-context","enc-attention-dense","enc-post-attention-dropout","enc-2nd-layernorm","enc-MLP-GEMM-1","enc-MLP-gelu","enc-MLP-GEMM-2","enc-post-MLP-dropout","enc-1st-layernorm","enc-attention-qkv","enc-attention-score","enc-attention-softmax","enc-attention-dropout","enc-attention-context","enc-attention-dense","enc-post-attention-dropout","enc-2nd-layernorm","enc-MLP-GEMM-1","enc-MLP-gelu","enc-MLP-GEMM-2","enc-post-MLP-dropout","enc-1st-layernorm","enc-attention-qkv","enc-attention-score","enc-attention-softmax","enc-attention-dropout","enc-attention-context","enc-attention-dense","enc-post-attention-dropout","enc-2nd-layernorm","enc-MLP-GEMM-1","enc-MLP-gelu","enc-MLP-GEMM-2","enc-post-MLP-dropout","enc-1st-layernorm","enc-attention-qkv","enc-attention-score","enc-attention-softmax","enc-attention-dropout","enc-attention-context","enc-attention-dense","enc-post-attention-dropout","enc-2nd-layernorm","enc-MLP-GEMM-1","enc-MLP-gelu","enc-MLP-GEMM-2","enc-post-MLP-dropout","enc-1st-layernorm","enc-attention-qkv","enc-attention-score","enc-attention-softmax","enc-attention-dropout","enc-attention-context","enc-attention-dense","enc-post-attention-dropout","enc-2nd-layernorm","enc-MLP-GEMM-1","enc-MLP-gelu","enc-MLP-GEMM-2","enc-post-MLP-dropout","enc-1st-layernorm","enc-attention-qkv","enc-attention-score","enc-attention-softmax","enc-attention-dropout","enc-attention-context","enc-attention-dense","enc-post-attention-dropout","enc-2nd-layernorm","enc-MLP-GEMM-1","enc-MLP-gelu","enc-MLP-GEMM-2","enc-post-MLP-dropout","enc-1st-layernorm","enc-attention-qkv","enc-attention-score","enc-attention-softmax","enc-attention-dropout","enc-attention-context","enc-attention-dense","enc-post-attention-dropout","enc-2nd-layernorm","enc-MLP-GEMM-1","enc-MLP-gelu","enc-MLP-GEMM-2","enc-post-MLP-dropout","enc-1st-layernorm","enc-attention-qkv","enc-attention-score","enc-attention-softmax","enc-attention-dropout","enc-attention-context","enc-attention-dense","enc-post-attention-dropout","enc-2nd-layernorm","enc-MLP-GEMM-1","enc-MLP-gelu","enc-MLP-GEMM-2","enc-post-MLP-dropout","enc-1st-layernorm","enc-attention-qkv","enc-attention-score","enc-attention-softmax","enc-attention-dropout","enc-attention-context","enc-attention-dense","enc-post-attention-dropout","enc-2nd-layernorm","enc-MLP-GEMM-1","enc-MLP-gelu","enc-MLP-GEMM-2","enc-post-MLP-dropout","enc-1st-layernorm","enc-attention-qkv","enc-attention-score","enc-attention-softmax","enc-attention-dropout","enc-attention-context","enc-attention-dense","enc-post-attention-dropout","enc-2nd-layernorm","enc-MLP-GEMM-1","enc-MLP-gelu","enc-MLP-GEMM-2","enc-post-MLP-dropout","enc-1st-layernorm","enc-attention-qkv","enc-attention-score","enc-attention-softmax","enc-attention-dropout","enc-attention-context","enc-attention-dense","enc-post-attention-dropout","enc-2nd-layernorm","enc-MLP-GEMM-1","enc-MLP-gelu","enc-MLP-GEMM-2","enc-post-MLP-dropout","enc-1st-layernorm","enc-attention-qkv","enc-attention-score","enc-attention-softmax","enc-attention-dropout","enc-attention-context","enc-attention-dense","enc-post-attention-dropout","enc-2nd-layernorm","enc-MLP-GEMM-1","enc-MLP-gelu","enc-MLP-GEMM-2","enc-post-MLP-dropout","enc-1st-layernorm","enc-attention-qkv","enc-attention-score","enc-attention-softmax","enc-attention-dropout","enc-attention-context","enc-attention-dense","enc-post-attention-dropout","enc-2nd-layernorm","enc-MLP-GEMM-1","enc-MLP-gelu","enc-MLP-GEMM-2","enc-post-MLP-dropout","enc-1st-layernorm","enc-attention-qkv","enc-attention-score","enc-attention-softmax","enc-attention-dropout","enc-attention-context","enc-attention-dense","enc-post-attention-dropout","enc-2nd-layernorm","enc-MLP-GEMM-1","enc-MLP-gelu","enc-MLP-GEMM-2","enc-post-MLP-dropout","enc-1st-layernorm","enc-attention-qkv","enc-attention-score","enc-attention-softmax","enc-attention-dropout","enc-attention-context","enc-attention-dense","enc-post-attention-dropout","enc-2nd-layernorm","enc-MLP-GEMM-1","enc-MLP-gelu","enc-MLP-GEMM-2","enc-post-MLP-dropout","enc-1st-layernorm","enc-attention-qkv","enc-attention-score","enc-attention-softmax","enc-attention-dropout","enc-attention-context","enc-attention-dense","enc-post-attention-dropout","enc-2nd-layernorm","enc-MLP-GEMM-1","enc-MLP-gelu","enc-MLP-GEMM-2","enc-post-MLP-dropout","enc-1st-layernorm","enc-attention-qkv","enc-attention-score","enc-attention-softmax","enc-attention-dropout","enc-attention-context","enc-attention-dense","enc-post-attention-dropout","enc-2nd-layernorm","enc-MLP-GEMM-1","enc-MLP-gelu","enc-MLP-GEMM-2","enc-post-MLP-dropout","enc-1st-layernorm","enc-attention-qkv","enc-attention-score","enc-attention-softmax","enc-attention-dropout","enc-attention-context","enc-attention-dense","enc-post-attention-dropout","enc-2nd-layernorm","enc-MLP-GEMM-1","enc-MLP-gelu","enc-MLP-GEMM-2","enc-post-MLP-dropout","enc-1st-layernorm","enc-attention-qkv","enc-attention-score","enc-attention-softmax","enc-attention-dropout","enc-attention-context","enc-attention-dense","enc-post-attention-dropout","enc-2nd-layernorm","enc-MLP-GEMM-1","enc-MLP-gelu","enc-MLP-GEMM-2","enc-post-MLP-dropout","enc-1st-layernorm","enc-attention-qkv","enc-attention-score","enc-attention-softmax","enc-attention-dropout","enc-attention-context","enc-attention-dense","enc-post-attention-dropout","enc-2nd-layernorm","enc-MLP-GEMM-1","enc-MLP-gelu","enc-MLP-GEMM-2","enc-post-MLP-dropout","enc-1st-layernorm","enc-attention-qkv","enc-attention-score","enc-attention-softmax","enc-attention-dropout","enc-attention-context","enc-attention-dense","enc-post-attention-dropout","enc-2nd-layernorm","enc-MLP-GEMM-1","enc-MLP-gelu","enc-MLP-GEMM-2","enc-post-MLP-dropout","enc-1st-layernorm","enc-attention-qkv","enc-attention-score","enc-attention-softmax","enc-attention-dropout","enc-attention-context","enc-attention-dense","enc-post-attention-dropout","enc-2nd-layernorm","enc-MLP-GEMM-1","enc-MLP-gelu","enc-MLP-GEMM-2","enc-post-MLP-dropout","enc-1st-layernorm","enc-attention-qkv","enc-attention-score","enc-attention-softmax","enc-attention-dropout","enc-attention-context","enc-attention-dense","enc-post-attention-dropout","enc-2nd-layernorm","enc-MLP-GEMM-1","enc-MLP-gelu","enc-MLP-GEMM-2","enc-post-MLP-dropout","enc-1st-layernorm","enc-attention-qkv","enc-attention-score","enc-attention-softmax","enc-attention-dropout","enc-attention-context","enc-attention-dense","enc-post-attention-dropout","enc-2nd-layernorm","enc-MLP-GEMM-1","enc-MLP-gelu","enc-MLP-GEMM-2","enc-post-MLP-dropout","enc-1st-layernorm","enc-attention-qkv","enc-attention-score","enc-attention-softmax","enc-attention-dropout","enc-attention-context","enc-attention-dense","enc-post-attention-dropout","enc-2nd-layernorm","enc-MLP-GEMM-1","enc-MLP-gelu","enc-MLP-GEMM-2","enc-post-MLP-dropout","enc-1st-layernorm","enc-attention-qkv","enc-attention-score","enc-attention-softmax","enc-attention-dropout","enc-attention-context","enc-attention-dense","enc-post-attention-dropout","enc-2nd-layernorm",
[rank 1 recompute ops] enc-MLP-gelu enc-MLP-GEMM-2 enc-post-MLP-dropout enc-1st-layernorm enc-attention-qkv enc-attention-score enc-attention-softmax enc-attention-dropout enc-attention-context enc-attention-dense enc-post-attention-dropout enc-2nd-layernorm enc-MLP-GEMM-1 enc-MLP-gelu enc-MLP-GEMM-2 enc-post-MLP-dropout enc-1st-layernorm enc-attention-qkv enc-attention-score enc-attention-softmax enc-attention-dropout enc-attention-context enc-attention-dense enc-post-attention-dropout enc-2nd-layernorm enc-MLP-GEMM-1 enc-MLP-gelu enc-MLP-GEMM-2 enc-post-MLP-dropout enc-1st-layernorm enc-attention-qkv enc-attention-score enc-attention-softmax enc-attention-dropout enc-attention-context enc-attention-dense enc-post-attention-dropout enc-2nd-layernorm enc-MLP-GEMM-1 enc-MLP-gelu enc-MLP-GEMM-2 enc-post-MLP-dropout enc-1st-layernorm enc-attention-qkv enc-attention-score enc-attention-softmax enc-attention-dropout enc-attention-context enc-attention-dense enc-post-attention-dropout enc-2nd-layernorm enc-MLP-GEMM-1 enc-MLP-gelu enc-MLP-GEMM-2 enc-post-MLP-dropout enc-1st-layernorm enc-attention-qkv enc-attention-score enc-attention-softmax enc-attention-dropout enc-attention-context enc-attention-dense enc-post-attention-dropout enc-2nd-layernorm enc-MLP-GEMM-1 enc-MLP-gelu enc-MLP-GEMM-2 enc-post-MLP-dropout enc-1st-layernorm enc-attention-qkv enc-attention-score enc-attention-softmax enc-attention-dropout enc-attention-context enc-attention-dense enc-post-attention-dropout enc-2nd-layernorm enc-MLP-GEMM-1 enc-MLP-gelu enc-MLP-GEMM-2 enc-post-MLP-dropout enc-1st-layernorm enc-attention-qkv enc-attention-score enc-attention-softmax enc-attention-dropout enc-attention-context enc-attention-dense enc-post-attention-dropout enc-2nd-layernorm enc-MLP-GEMM-1 enc-MLP-gelu enc-MLP-GEMM-2 enc-post-MLP-dropout enc-1st-layernorm enc-attention-qkv enc-attention-score enc-attention-softmax enc-attention-dropout enc-attention-context enc-attention-dense enc-post-attention-dropout enc-2nd-layernorm enc-MLP-GEMM-1 enc-MLP-gelu enc-MLP-GEMM-2 enc-post-MLP-dropout enc-1st-layernorm enc-attention-qkv enc-attention-score enc-attention-softmax enc-attention-dropout enc-attention-context enc-attention-dense enc-post-attention-dropout enc-2nd-layernorm enc-MLP-GEMM-1 enc-MLP-gelu enc-MLP-GEMM-2 enc-post-MLP-dropout enc-1st-layernorm enc-attention-qkv enc-attention-score enc-attention-softmax enc-attention-dropout enc-attention-context enc-attention-dense enc-post-attention-dropout enc-2nd-layernorm enc-MLP-GEMM-1 enc-MLP-gelu enc-MLP-GEMM-2 enc-post-MLP-dropout enc-1st-layernorm enc-attention-qkv enc-attention-score enc-attention-softmax enc-attention-dropout enc-attention-context enc-attention-dense enc-post-attention-dropout enc-2nd-layernorm enc-MLP-GEMM-1 enc-MLP-gelu enc-MLP-GEMM-2 enc-post-MLP-dropout enc-1st-layernorm enc-attention-qkv enc-attention-score enc-attention-softmax enc-attention-dropout enc-attention-context enc-attention-dense enc-post-attention-dropout enc-2nd-layernorm enc-MLP-GEMM-1 enc-MLP-gelu enc-MLP-GEMM-2 enc-post-MLP-dropout enc-1st-layernorm enc-attention-qkv enc-attention-score enc-attention-softmax enc-attention-dropout enc-attention-context enc-attention-dense enc-post-attention-dropout enc-2nd-layernorm enc-MLP-GEMM-1 enc-MLP-gelu enc-MLP-GEMM-2 enc-post-MLP-dropout enc-1st-layernorm enc-attention-qkv enc-attention-score enc-attention-softmax enc-attention-dropout enc-attention-context enc-attention-dense enc-post-attention-dropout enc-2nd-layernorm enc-MLP-GEMM-1 enc-MLP-gelu enc-MLP-GEMM-2 enc-post-MLP-dropout enc-1st-layernorm enc-attention-qkv enc-attention-score enc-attention-softmax enc-attention-dropout enc-attention-context enc-attention-dense enc-post-attention-dropout enc-2nd-layernorm enc-MLP-GEMM-1 enc-MLP-gelu enc-MLP-GEMM-2 enc-post-MLP-dropout enc-1st-layernorm enc-attention-qkv enc-attention-score enc-attention-softmax enc-attention-dropout enc-attention-context enc-attention-dense enc-post-attention-dropout enc-2nd-layernorm enc-MLP-GEMM-1 enc-MLP-gelu enc-MLP-GEMM-2 enc-post-MLP-dropout enc-1st-layernorm enc-attention-qkv enc-attention-score enc-attention-softmax enc-attention-dropout enc-attention-context enc-attention-dense enc-post-attention-dropout enc-2nd-layernorm enc-MLP-GEMM-1 enc-MLP-gelu enc-MLP-GEMM-2 enc-post-MLP-dropout enc-1st-layernorm enc-attention-qkv enc-attention-score enc-attention-softmax enc-attention-dropout enc-attention-context enc-attention-dense enc-post-attention-dropout enc-2nd-layernorm enc-MLP-GEMM-1 enc-MLP-gelu enc-MLP-GEMM-2 enc-post-MLP-dropout enc-1st-layernorm enc-attention-qkv enc-attention-score enc-attention-softmax enc-attention-dropout enc-attention-context enc-attention-dense enc-post-attention-dropout enc-2nd-layernorm enc-MLP-GEMM-1 enc-MLP-gelu enc-MLP-GEMM-2 enc-post-MLP-dropout enc-1st-layernorm enc-attention-qkv enc-attention-score enc-attention-softmax enc-attention-dropout enc-attention-context enc-attention-dense enc-post-attention-dropout enc-2nd-layernorm enc-MLP-GEMM-1 enc-MLP-gelu enc-MLP-GEMM-2 enc-post-MLP-dropout enc-1st-layernorm enc-attention-qkv enc-attention-score enc-attention-softmax enc-attention-dropout enc-attention-context enc-attention-dense enc-post-attention-dropout enc-2nd-layernorm enc-MLP-GEMM-1 enc-MLP-gelu enc-MLP-GEMM-2 enc-post-MLP-dropout enc-1st-layernorm enc-attention-qkv enc-attention-score enc-attention-softmax enc-attention-dropout enc-attention-context enc-attention-dense enc-post-attention-dropout enc-2nd-layernorm enc-MLP-GEMM-1 enc-MLP-gelu enc-MLP-GEMM-2 enc-post-MLP-dropout enc-1st-layernorm enc-attention-qkv enc-attention-score enc-attention-softmax enc-attention-dropout enc-attention-context enc-attention-dense enc-post-attention-dropout enc-2nd-layernorm enc-MLP-GEMM-1 enc-MLP-gelu enc-MLP-GEMM-2 enc-post-MLP-dropout enc-1st-layernorm enc-attention-qkv enc-attention-score enc-attention-softmax enc-attention-dropout enc-attention-context enc-attention-dense enc-post-attention-dropout enc-2nd-layernorm enc-MLP-GEMM-1 enc-MLP-gelu enc-MLP-GEMM-2 enc-post-MLP-dropout enc-1st-layernorm enc-attention-qkv enc-attention-score enc-attention-softmax enc-attention-dropout enc-attention-context enc-attention-dense enc-post-attention-dropout enc-2nd-layernorm enc-MLP-GEMM-1 enc-MLP-gelu enc-MLP-GEMM-2 enc-post-MLP-dropout enc-1st-layernorm enc-attention-qkv enc-attention-score enc-attention-softmax enc-attention-dropout enc-attention-context enc-attention-dense enc-post-attention-dropout enc-2nd-layernorm enc-MLP-GEMM-1 enc-MLP-gelu enc-MLP-GEMM-2 enc-post-MLP-dropout enc-1st-layernorm enc-attention-qkv enc-attention-score enc-attention-softmax enc-attention-dropout enc-attention-context enc-post-attention-dropout enc-2nd-layernorm enc-MLP-GEMM-1 enc-MLP-gelu enc-MLP-GEMM-2 enc-post-MLP-dropout enc-1st-layernorm enc-attention-qkv enc-attention-score enc-attention-softmax enc-attention-dropout enc-attention-context enc-post-attention-dropout enc-2nd-layernorm enc-MLP-GEMM-1 enc-MLP-gelu enc-MLP-GEMM-2 enc-post-MLP-dropout enc-1st-layernorm enc-attention-qkv enc-attention-score enc-attention-softmax enc-attention-dropout enc-attention-context enc-post-attention-dropout enc-2nd-layernorm enc-MLP-GEMM-1 enc-MLP-gelu enc-MLP-GEMM-2 enc-post-MLP-dropout enc-1st-layernorm enc-attention-qkv enc-attention-score enc-attention-softmax enc-attention-dropout enc-attention-context enc-post-attention-dropout enc-2nd-layernorm enc-MLP-GEMM-1 enc-MLP-gelu enc-MLP-GEMM-2 enc-post-MLP-dropout enc-1st-layernorm enc-attention-qkv enc-attention-score enc-attention-softmax enc-attention-dropout enc-attention-context enc-post-attention-dropout enc-2nd-layernorm enc-MLP-GEMM-1 enc-MLP-gelu enc-MLP-GEMM-2 enc-post-MLP-dropout enc-1st-layernorm enc-attention-qkv enc-attention-score enc-attention-softmax enc-attention-dropout enc-attention-context enc-post-attention-dropout enc-2nd-layernorm enc-MLP-GEMM-1 enc-MLP-gelu enc-MLP-GEMM-2 enc-post-MLP-dropout enc-1st-layernorm enc-attention-qkv enc-attention-score enc-attention-softmax enc-attention-dropout enc-attention-context enc-post-attention-dropout enc-2nd-layernorm enc-MLP-GEMM-1 enc-MLP-gelu enc-MLP-GEMM-2 enc-post-MLP-dropout enc-1st-layernorm enc-attention-qkv enc-attention-score enc-attention-softmax enc-attention-dropout enc-attention-context enc-post-attention-dropout enc-2nd-layernorm enc-MLP-GEMM-1 enc-MLP-gelu enc-MLP-GEMM-2 enc-post-MLP-dropout enc-1st-layernorm enc-attention-qkv enc-attention-score enc-attention-softmax enc-attention-dropout enc-attention-context enc-post-attention-dropout enc-2nd-layernorm enc-MLP-GEMM-1 enc-MLP-gelu enc-MLP-GEMM-2 enc-post-MLP-dropout enc-1st-layernorm enc-attention-qkv enc-attention-score enc-attention-softmax enc-attention-dropout enc-attention-context enc-post-attention-dropout enc-2nd-layernorm enc-MLP-GEMM-1 enc-MLP-gelu enc-MLP-GEMM-2 enc-post-MLP-dropout enc-1st-layernorm enc-attention-qkv enc-attention-score enc-attention-softmax enc-attention-dropout enc-attention-context enc-post-attention-dropout enc-2nd-layernorm enc-MLP-GEMM-1 enc-MLP-gelu enc-MLP-GEMM-2 enc-post-MLP-dropout enc-1st-layernorm enc-attention-qkv enc-attention-score enc-attention-softmax enc-attention-dropout enc-attention-context enc-post-attention-dropout enc-2nd-layernorm enc-MLP-GEMM-1 enc-MLP-gelu enc-MLP-GEMM-2 enc-post-MLP-dropout enc-1st-layernorm enc-attention-qkv enc-attention-score enc-attention-softmax enc-attention-dropout enc-attention-context enc-post-attention-dropout enc-2nd-layernorm enc-MLP-GEMM-1 enc-MLP-gelu enc-MLP-GEMM-2 enc-post-MLP-dropout enc-1st-layernorm enc-attention-qkv enc-attention-score enc-attention-softmax enc-attention-dropout enc-attention-context enc-post-attention-dropout enc-2nd-layernorm enc-MLP-GEMM-1 enc-MLP-gelu enc-MLP-GEMM-2 enc-post-MLP-dropout enc-1st-layernorm enc-attention-qkv enc-attention-score enc-attention-softmax enc-attention-dropout enc-attention-context enc-post-attention-dropout enc-2nd-layernorm enc-MLP-GEMM-1 enc-MLP-gelu enc-MLP-GEMM-2 enc-post-MLP-dropout enc-1st-layernorm enc-attention-qkv enc-attention-score enc-attention-softmax enc-attention-dropout enc-attention-context enc-post-attention-dropout enc-2nd-layernorm enc-MLP-GEMM-1 enc-MLP-gelu enc-MLP-GEMM-2 enc-post-MLP-dropout enc-1st-layernorm enc-attention-qkv enc-attention-score enc-attention-softmax enc-attention-dropout enc-attention-context enc-post-attention-dropout enc-2nd-layernorm enc-MLP-GEMM-1 enc-MLP-gelu enc-MLP-GEMM-2 enc-post-MLP-dropout enc-1st-layernorm enc-attention-qkv enc-attention-score enc-attention-softmax enc-attention-dropout enc-attention-context enc-post-attention-dropout enc-2nd-layernorm enc-MLP-GEMM-1 enc-MLP-gelu enc-MLP-GEMM-2 enc-post-MLP-dropout enc-1st-layernorm enc-attention-qkv enc-attention-score enc-attention-softmax enc-attention-dropout enc-attention-context enc-post-attention-dropout enc-2nd-layernorm enc-MLP-GEMM-1 enc-MLP-gelu enc-MLP-GEMM-2 enc-post-MLP-dropout enc-1st-layernorm enc-attention-qkv enc-attention-score enc-attention-softmax enc-attention-dropout enc-attention-context enc-post-attention-dropout enc-2nd-layernorm enc-MLP-GEMM-1 enc-MLP-gelu enc-MLP-GEMM-2 enc-post-MLP-dropout enc-1st-layernorm enc-attention-qkv enc-attention-score enc-attention-softmax enc-attention-dropout enc-attention-context enc-post-attention-dropout enc-2nd-layernorm enc-MLP-GEMM-1 enc-MLP-gelu enc-MLP-GEMM-2 enc-post-MLP-dropout enc-1st-layernorm enc-attention-qkv enc-attention-score enc-attention-softmax enc-attention-dropout enc-attention-context enc-post-attention-dropout enc-2nd-layernorm enc-MLP-GEMM-1 enc-MLP-gelu enc-MLP-GEMM-2 enc-post-MLP-dropout enc-1st-layernorm enc-attention-qkv enc-attention-score enc-attention-softmax enc-attention-dropout enc-attention-context enc-post-attention-dropout enc-2nd-layernorm enc-MLP-GEMM-1 enc-MLP-gelu enc-MLP-GEMM-2 enc-post-MLP-dropout enc-1st-layernorm enc-attention-qkv enc-attention-score enc-attention-softmax enc-attention-dropout enc-attention-context enc-post-attention-dropout enc-2nd-layernorm enc-MLP-GEMM-1 enc-MLP-gelu enc-MLP-GEMM-2 enc-post-MLP-dropout enc-1st-layernorm enc-attention-qkv enc-attention-score enc-attention-softmax enc-attention-dropout enc-attention-context enc-post-attention-dropout enc-2nd-layernorm enc-MLP-GEMM-1 enc-MLP-gelu enc-MLP-GEMM-2 enc-post-MLP-dropout enc-1st-layernorm enc-attention-qkv enc-attention-score enc-attention-softmax enc-attention-dropout enc-attention-context enc-post-attention-dropout enc-2nd-layernorm enc-MLP-GEMM-1 enc-MLP-gelu enc-MLP-GEMM-2 enc-post-MLP-dropout enc-1st-layernorm enc-attention-qkv enc-attention-score enc-attention-softmax enc-attention-dropout enc-attention-context enc-post-attention-dropout enc-2nd-layernorm enc-MLP-GEMM-1 enc-MLP-gelu enc-MLP-GEMM-2 enc-post-MLP-dropout enc-1st-layernorm enc-attention-qkv enc-attention-score enc-attention-softmax enc-attention-dropout enc-attention-context enc-post-attention-dropout enc-2nd-layernorm enc-MLP-GEMM-1 enc-MLP-gelu enc-MLP-GEMM-2 enc-post-MLP-dropout enc-1st-layernorm enc-attention-qkv enc-attention-score enc-attention-softmax enc-attention-dropout enc-attention-context enc-post-attention-dropout enc-2nd-layernorm enc-MLP-GEMM-1 enc-MLP-gelu enc-MLP-GEMM-2 enc-post-MLP-dropout enc-1st-layernorm enc-attention-qkv enc-attention-score enc-attention-softmax enc-attention-dropout enc-attention-context enc-post-attention-dropout enc-2nd-layernorm enc-MLP-GEMM-1 enc-MLP-gelu enc-MLP-GEMM-2 enc-post-MLP-dropout enc-1st-layernorm enc-attention-qkv enc-attention-score enc-attention-softmax enc-attention-dropout enc-attention-context enc-post-attention-dropout enc-2nd-layernorm enc-MLP-GEMM-1 enc-MLP-gelu enc-MLP-GEMM-2 enc-post-MLP-dropout enc-1st-layernorm enc-attention-qkv enc-attention-score enc-attention-softmax enc-attention-dropout enc-attention-context enc-post-attention-dropout enc-2nd-layernorm enc-MLP-GEMM-1 enc-MLP-gelu enc-MLP-GEMM-2 enc-post-MLP-dropout enc-1st-layernorm enc-attention-qkv enc-attention-score enc-attention-softmax enc-attention-dropout enc-attention-context enc-post-attention-dropout enc-2nd-layernorm enc-MLP-GEMM-1 enc-MLP-gelu enc-MLP-GEMM-2 enc-post-MLP-dropout enc-1st-layernorm enc-attention-qkv enc-attention-score enc-attention-softmax enc-attention-dropout enc-attention-context enc-post-attention-dropout enc-2nd-layernorm enc-MLP-GEMM-1 enc-MLP-gelu enc-MLP-GEMM-2 enc-post-MLP-dropout enc-1st-layernorm enc-attention-qkv enc-attention-score enc-attention-softmax enc-attention-dropout enc-attention-context enc-post-attention-dropout enc-2nd-layernorm enc-MLP-GEMM-1 enc-MLP-gelu enc-MLP-GEMM-2 enc-post-MLP-dropout enc-1st-layernorm enc-attention-qkv enc-attention-score enc-attention-softmax enc-attention-dropout enc-attention-context enc-post-attention-dropout enc-2nd-layernorm enc-MLP-GEMM-1 enc-MLP-gelu enc-MLP-GEMM-2 enc-post-MLP-dropout enc-1st-layernorm enc-attention-qkv enc-attention-score enc-attention-softmax enc-attention-dropout enc-attention-context enc-post-attention-dropout enc-2nd-layernorm enc-MLP-GEMM-1 enc-MLP-gelu enc-MLP-GEMM-2 enc-post-MLP-dropout enc-1st-layernorm enc-attention-qkv enc-attention-score enc-attention-softmax enc-attention-dropout enc-attention-context enc-post-attention-dropout enc-2nd-layernorm 
 > number of parameters on (tensor, pipeline) model parallel rank (0, 3): 202801664
 > number of parameters on (tensor, pipeline) model parallel rank (0, 1): 200701952
[rank 4 all ops] "enc-1st-layernorm","enc-attention-qkv","enc-attention-score","enc-attention-softmax","enc-attention-dropout","enc-attention-context","enc-attention-dense","enc-post-attention-dropout","enc-2nd-layernorm","enc-MLP-GEMM-1","enc-MLP-gelu","enc-MLP-GEMM-2","enc-post-MLP-dropout","enc-1st-layernorm","enc-attention-qkv","enc-attention-score","enc-attention-softmax","enc-attention-dropout","enc-attention-context","enc-attention-dense","enc-post-attention-dropout","enc-2nd-layernorm","enc-MLP-GEMM-1","enc-MLP-gelu","enc-MLP-GEMM-2","enc-post-MLP-dropout","enc-1st-layernorm","enc-attention-qkv","enc-attention-score","enc-attention-softmax","enc-attention-dropout","enc-attention-context","enc-attention-dense","enc-post-attention-dropout","enc-2nd-layernorm","enc-MLP-GEMM-1","enc-MLP-gelu","enc-MLP-GEMM-2","enc-post-MLP-dropout","enc-1st-layernorm","enc-attention-qkv","enc-attention-score","enc-attention-softmax","enc-attention-dropout","enc-attention-context","enc-attention-dense","enc-post-attention-dropout","enc-2nd-layernorm","enc-MLP-GEMM-1","enc-MLP-gelu","enc-MLP-GEMM-2","enc-post-MLP-dropout","enc-1st-layernorm","enc-attention-qkv","enc-attention-score","enc-attention-softmax","enc-attention-dropout","enc-attention-context","enc-attention-dense","enc-post-attention-dropout","enc-2nd-layernorm","enc-MLP-GEMM-1","enc-MLP-gelu","enc-MLP-GEMM-2","enc-post-MLP-dropout","enc-1st-layernorm","enc-attention-qkv","enc-attention-score","enc-attention-softmax","enc-attention-dropout","enc-attention-context","enc-attention-dense","enc-post-attention-dropout","enc-2nd-layernorm","enc-MLP-GEMM-1","enc-MLP-gelu","enc-MLP-GEMM-2","enc-post-MLP-dropout","enc-1st-layernorm","enc-attention-qkv","enc-attention-score","enc-attention-softmax","enc-attention-dropout","enc-attention-context","enc-attention-dense","enc-post-attention-dropout","enc-2nd-layernorm","enc-MLP-GEMM-1","enc-MLP-gelu","enc-MLP-GEMM-2","enc-post-MLP-dropout","enc-1st-layernorm","enc-attention-qkv","enc-attention-score","enc-attention-softmax","enc-attention-dropout","enc-attention-context","enc-attention-dense","enc-post-attention-dropout","enc-2nd-layernorm","enc-MLP-GEMM-1","enc-MLP-gelu","enc-MLP-GEMM-2","enc-post-MLP-dropout","enc-1st-layernorm","enc-attention-qkv","enc-attention-score","enc-attention-softmax","enc-attention-dropout","enc-attention-context","enc-attention-dense","enc-post-attention-dropout","enc-2nd-layernorm","enc-MLP-GEMM-1","enc-MLP-gelu","enc-MLP-GEMM-2","enc-post-MLP-dropout","enc-1st-layernorm","enc-attention-qkv","enc-attention-score","enc-attention-softmax","enc-attention-dropout","enc-attention-context","enc-attention-dense","enc-post-attention-dropout","enc-2nd-layernorm","enc-MLP-GEMM-1","enc-MLP-gelu","enc-MLP-GEMM-2","enc-post-MLP-dropout","enc-1st-layernorm","enc-attention-qkv","enc-attention-score","enc-attention-softmax","enc-attention-dropout","enc-attention-context","enc-attention-dense","enc-post-attention-dropout","enc-2nd-layernorm","enc-MLP-GEMM-1","enc-MLP-gelu","enc-MLP-GEMM-2","enc-post-MLP-dropout","enc-1st-layernorm","enc-attention-qkv","enc-attention-score","enc-attention-softmax","enc-attention-dropout","enc-attention-context","enc-attention-dense","enc-post-attention-dropout","enc-2nd-layernorm","enc-MLP-GEMM-1","enc-MLP-gelu","enc-MLP-GEMM-2","enc-post-MLP-dropout","enc-1st-layernorm","enc-attention-qkv","enc-attention-score","enc-attention-softmax","enc-attention-dropout","enc-attention-context","enc-attention-dense","enc-post-attention-dropout","enc-2nd-layernorm","enc-MLP-GEMM-1","enc-MLP-gelu","enc-MLP-GEMM-2","enc-post-MLP-dropout","enc-1st-layernorm","enc-attention-qkv","enc-attention-score","enc-attention-softmax","enc-attention-dropout","enc-attention-context","enc-attention-dense","enc-post-attention-dropout","enc-2nd-layernorm","enc-MLP-GEMM-1","enc-MLP-gelu","enc-MLP-GEMM-2","enc-post-MLP-dropout","enc-1st-layernorm","enc-attention-qkv","enc-attention-score","enc-attention-softmax","enc-attention-dropout","enc-attention-context","enc-attention-dense","enc-post-attention-dropout","enc-2nd-layernorm","enc-MLP-GEMM-1","enc-MLP-gelu","enc-MLP-GEMM-2","enc-post-MLP-dropout","enc-1st-layernorm","enc-attention-qkv","enc-attention-score","enc-attention-softmax","enc-attention-dropout","enc-attention-context","enc-attention-dense","enc-post-attention-dropout","enc-2nd-layernorm","enc-MLP-GEMM-1","enc-MLP-gelu","enc-MLP-GEMM-2","enc-post-MLP-dropout","enc-1st-layernorm","enc-attention-qkv","enc-attention-score","enc-attention-softmax","enc-attention-dropout","enc-attention-context","enc-attention-dense","enc-post-attention-dropout","enc-2nd-layernorm","enc-MLP-GEMM-1","enc-MLP-gelu","enc-MLP-GEMM-2","enc-post-MLP-dropout","enc-1st-layernorm","enc-attention-qkv","enc-attention-score","enc-attention-softmax","enc-attention-dropout","enc-attention-context","enc-attention-dense","enc-post-attention-dropout","enc-2nd-layernorm","enc-MLP-GEMM-1","enc-MLP-gelu","enc-MLP-GEMM-2","enc-post-MLP-dropout","enc-1st-layernorm","enc-attention-qkv","enc-attention-score","enc-attention-softmax","enc-attention-dropout","enc-attention-context","enc-attention-dense","enc-post-attention-dropout","enc-2nd-layernorm","enc-MLP-GEMM-1","enc-MLP-gelu","enc-MLP-GEMM-2","enc-post-MLP-dropout","enc-1st-layernorm","enc-attention-qkv","enc-attention-score","enc-attention-softmax","enc-attention-dropout","enc-attention-context","enc-attention-dense","enc-post-attention-dropout","enc-2nd-layernorm","enc-MLP-GEMM-1","enc-MLP-gelu","enc-MLP-GEMM-2","enc-post-MLP-dropout","enc-1st-layernorm","enc-attention-qkv","enc-attention-score","enc-attention-softmax","enc-attention-dropout","enc-attention-context","enc-attention-dense","enc-post-attention-dropout","enc-2nd-layernorm","enc-MLP-GEMM-1","enc-MLP-gelu","enc-MLP-GEMM-2","enc-post-MLP-dropout","enc-1st-layernorm","enc-attention-qkv","enc-attention-score","enc-attention-softmax","enc-attention-dropout","enc-attention-context","enc-attention-dense","enc-post-attention-dropout","enc-2nd-layernorm","enc-MLP-GEMM-1","enc-MLP-gelu","enc-MLP-GEMM-2","enc-post-MLP-dropout","enc-1st-layernorm","enc-attention-qkv","enc-attention-score","enc-attention-softmax","enc-attention-dropout","enc-attention-context","enc-attention-dense","enc-post-attention-dropout","enc-2nd-layernorm","enc-MLP-GEMM-1","enc-MLP-gelu","enc-MLP-GEMM-2","enc-post-MLP-dropout","enc-1st-layernorm","enc-attention-qkv","enc-attention-score","enc-attention-softmax","enc-attention-dropout","enc-attention-context","enc-attention-dense","enc-post-attention-dropout","enc-2nd-layernorm","enc-MLP-GEMM-1","enc-MLP-gelu","enc-MLP-GEMM-2","enc-post-MLP-dropout","enc-1st-layernorm","enc-attention-qkv","enc-attention-score","enc-attention-softmax","enc-attention-dropout","enc-attention-context","enc-attention-dense","enc-post-attention-dropout","enc-2nd-layernorm","enc-MLP-GEMM-1","enc-MLP-gelu","enc-MLP-GEMM-2","enc-post-MLP-dropout","enc-1st-layernorm","enc-attention-qkv","enc-attention-score","enc-attention-softmax","enc-attention-dropout","enc-attention-context","enc-attention-dense","enc-post-attention-dropout","enc-2nd-layernorm","enc-MLP-GEMM-1","enc-MLP-gelu","enc-MLP-GEMM-2","enc-post-MLP-dropout","enc-1st-layernorm","enc-attention-qkv","enc-attention-score","enc-attention-softmax","enc-attention-dropout","enc-attention-context","enc-attention-dense","enc-post-attention-dropout","enc-2nd-layernorm","enc-MLP-GEMM-1","enc-MLP-gelu","enc-MLP-GEMM-2","enc-post-MLP-dropout","enc-1st-layernorm","enc-attention-qkv","enc-attention-score","enc-attention-softmax","enc-attention-dropout","enc-attention-context","enc-attention-dense","enc-post-attention-dropout","enc-2nd-layernorm","enc-MLP-GEMM-1","enc-MLP-gelu","enc-MLP-GEMM-2","enc-post-MLP-dropout","enc-1st-layernorm","enc-attention-qkv","enc-attention-score","enc-attention-softmax","enc-attention-dropout","enc-attention-context","enc-attention-dense","enc-post-attention-dropout","enc-2nd-layernorm","enc-MLP-GEMM-1","enc-MLP-gelu","enc-MLP-GEMM-2","enc-post-MLP-dropout","enc-1st-layernorm","enc-attention-qkv","enc-attention-score","enc-attention-softmax","enc-attention-dropout","enc-attention-context","enc-attention-dense","enc-post-attention-dropout","enc-2nd-layernorm","enc-MLP-GEMM-1","enc-MLP-gelu","enc-MLP-GEMM-2","enc-post-MLP-dropout","enc-1st-layernorm","enc-attention-qkv","enc-attention-score","enc-attention-softmax","enc-attention-dropout","enc-attention-context","enc-attention-dense","enc-post-attention-dropout","enc-2nd-layernorm","enc-MLP-GEMM-1","enc-MLP-gelu","enc-MLP-GEMM-2","enc-post-MLP-dropout","enc-1st-layernorm","enc-attention-qkv","enc-attention-score","enc-attention-softmax","enc-attention-dropout","enc-attention-context","enc-attention-dense","enc-post-attention-dropout","enc-2nd-layernorm","enc-MLP-GEMM-1","enc-MLP-gelu","enc-MLP-GEMM-2","enc-post-MLP-dropout","enc-1st-layernorm","enc-attention-qkv","enc-attention-score","enc-attention-softmax","enc-attention-dropout","enc-attention-context","enc-attention-dense","enc-post-attention-dropout","enc-2nd-layernorm","enc-MLP-GEMM-1","enc-MLP-gelu","enc-MLP-GEMM-2","enc-post-MLP-dropout","enc-1st-layernorm","enc-attention-qkv","enc-attention-score","enc-attention-softmax","enc-attention-dropout","enc-attention-context","enc-attention-dense","enc-post-attention-dropout","enc-2nd-layernorm","enc-MLP-GEMM-1","enc-MLP-gelu","enc-MLP-GEMM-2","enc-post-MLP-dropout","enc-1st-layernorm","enc-attention-qkv","enc-attention-score","enc-attention-softmax","enc-attention-dropout","enc-attention-context","enc-attention-dense","enc-post-attention-dropout","enc-2nd-layernorm","enc-MLP-GEMM-1","enc-MLP-gelu","enc-MLP-GEMM-2","enc-post-MLP-dropout","enc-1st-layernorm","enc-attention-qkv","enc-attention-score","enc-attention-softmax","enc-attention-dropout","enc-attention-context","enc-attention-dense","enc-post-attention-dropout","enc-2nd-layernorm","enc-MLP-GEMM-1","enc-MLP-gelu","enc-MLP-GEMM-2","enc-post-MLP-dropout","enc-1st-layernorm","enc-attention-qkv","enc-attention-score","enc-attention-softmax","enc-attention-dropout","enc-attention-context","enc-attention-dense","enc-post-attention-dropout","enc-2nd-layernorm","enc-MLP-GEMM-1","enc-MLP-gelu","enc-MLP-GEMM-2","enc-post-MLP-dropout","enc-1st-layernorm","enc-attention-qkv","enc-attention-score","enc-attention-softmax","enc-attention-dropout","enc-attention-context","enc-attention-dense","enc-post-attention-dropout","enc-2nd-layernorm","enc-MLP-GEMM-1","enc-MLP-gelu","enc-MLP-GEMM-2","enc-post-MLP-dropout","enc-1st-layernorm","enc-attention-qkv","enc-attention-score","enc-attention-softmax","enc-attention-dropout","enc-attention-context","enc-attention-dense","enc-post-attention-dropout","enc-2nd-layernorm","enc-MLP-GEMM-1","enc-MLP-gelu","enc-MLP-GEMM-2","enc-post-MLP-dropout","enc-1st-layernorm","enc-attention-qkv","enc-attention-score","enc-attention-softmax","enc-attention-dropout","enc-attention-context","enc-attention-dense","enc-post-attention-dropout","enc-2nd-layernorm","enc-MLP-GEMM-1","enc-MLP-gelu","enc-MLP-GEMM-2","enc-post-MLP-dropout","enc-1st-layernorm","enc-attention-qkv","enc-attention-score","enc-attention-softmax","enc-attention-dropout","enc-attention-context","enc-attention-dense","enc-post-attention-dropout","enc-2nd-layernorm","enc-MLP-GEMM-1","enc-MLP-gelu","enc-MLP-GEMM-2","enc-post-MLP-dropout","enc-1st-layernorm","enc-attention-qkv","enc-attention-score","enc-attention-softmax","enc-attention-dropout","enc-attention-context","enc-attention-dense","enc-post-attention-dropout","enc-2nd-layernorm","enc-MLP-GEMM-1","enc-MLP-gelu","enc-MLP-GEMM-2","enc-post-MLP-dropout","enc-1st-layernorm","enc-attention-qkv","enc-attention-score","enc-attention-softmax","enc-attention-dropout","enc-attention-context","enc-attention-dense","enc-post-attention-dropout","enc-2nd-layernorm","enc-MLP-GEMM-1","enc-MLP-gelu","enc-MLP-GEMM-2","enc-post-MLP-dropout","enc-1st-layernorm","enc-attention-qkv","enc-attention-score","enc-attention-softmax","enc-attention-dropout","enc-attention-context","enc-attention-dense","enc-post-attention-dropout","enc-2nd-layernorm","enc-MLP-GEMM-1","enc-MLP-gelu","enc-MLP-GEMM-2","enc-post-MLP-dropout","enc-1st-layernorm","enc-attention-qkv","enc-attention-score","enc-attention-softmax","enc-attention-dropout","enc-attention-context","enc-attention-dense","enc-post-attention-dropout","enc-2nd-layernorm","enc-MLP-GEMM-1","enc-MLP-gelu","enc-MLP-GEMM-2","enc-post-MLP-dropout","enc-1st-layernorm","enc-attention-qkv","enc-attention-score","enc-attention-softmax","enc-attention-dropout","enc-attention-context","enc-attention-dense","enc-post-attention-dropout","enc-2nd-layernorm","enc-MLP-GEMM-1","enc-MLP-gelu","enc-MLP-GEMM-2","enc-post-MLP-dropout","enc-1st-layernorm","enc-attention-qkv","enc-attention-score","enc-attention-softmax","enc-attention-dropout","enc-attention-context","enc-attention-dense","enc-post-attention-dropout","enc-2nd-layernorm","enc-MLP-GEMM-1","enc-MLP-gelu","enc-MLP-GEMM-2","enc-post-MLP-dropout","enc-1st-layernorm","enc-attention-qkv","enc-attention-score","enc-attention-softmax","enc-attention-dropout","enc-attention-context","enc-attention-dense","enc-post-attention-dropout","enc-2nd-layernorm","enc-MLP-GEMM-1","enc-MLP-gelu","enc-MLP-GEMM-2","enc-post-MLP-dropout","enc-1st-layernorm","enc-attention-qkv","enc-attention-score","enc-attention-softmax","enc-attention-dropout","enc-attention-context","enc-attention-dense","enc-post-attention-dropout","enc-2nd-layernorm","enc-MLP-GEMM-1","enc-MLP-gelu","enc-MLP-GEMM-2","enc-post-MLP-dropout","enc-1st-layernorm","enc-attention-qkv","enc-attention-score","enc-attention-softmax","enc-attention-dropout","enc-attention-context","enc-attention-dense","enc-post-attention-dropout","enc-2nd-layernorm","enc-MLP-GEMM-1","enc-MLP-gelu","enc-MLP-GEMM-2","enc-post-MLP-dropout","enc-1st-layernorm","enc-attention-qkv","enc-attention-score","enc-attention-softmax","enc-attention-dropout","enc-attention-context","enc-attention-dense","enc-post-attention-dropout","enc-2nd-layernorm","enc-MLP-GEMM-1","enc-MLP-gelu","enc-MLP-GEMM-2","enc-post-MLP-dropout","enc-1st-layernorm","enc-attention-qkv","enc-attention-score","enc-attention-softmax","enc-attention-dropout","enc-attention-context","enc-attention-dense","enc-post-attention-dropout","enc-2nd-layernorm","enc-MLP-GEMM-1","enc-MLP-gelu","enc-MLP-GEMM-2","enc-post-MLP-dropout","enc-1st-layernorm","enc-attention-qkv","enc-attention-score","enc-attention-softmax","enc-attention-dropout","enc-attention-context","enc-attention-dense","enc-post-attention-dropout","enc-2nd-layernorm","enc-MLP-GEMM-1","enc-MLP-gelu","enc-MLP-GEMM-2","enc-post-MLP-dropout","enc-1st-layernorm","enc-attention-qkv","enc-attention-score","enc-attention-softmax","enc-attention-dropout","enc-attention-context","enc-attention-dense","enc-post-attention-dropout","enc-2nd-layernorm","enc-MLP-GEMM-1","enc-MLP-gelu","enc-MLP-GEMM-2","enc-post-MLP-dropout","enc-1st-layernorm","enc-attention-qkv","enc-attention-score","enc-attention-softmax","enc-attention-dropout","enc-attention-context","enc-attention-dense","enc-post-attention-dropout","enc-2nd-layernorm","enc-MLP-GEMM-1","enc-MLP-gelu","enc-MLP-GEMM-2","enc-post-MLP-dropout","enc-1st-layernorm","enc-attention-qkv","enc-attention-score","enc-attention-softmax","enc-attention-dropout","enc-attention-context","enc-attention-dense","enc-post-attention-dropout","enc-2nd-layernorm","enc-MLP-GEMM-1","enc-MLP-gelu","enc-MLP-GEMM-2","enc-post-MLP-dropout","enc-1st-layernorm","enc-attention-qkv","enc-attention-score","enc-attention-softmax","enc-attention-dropout","enc-attention-context","enc-attention-dense","enc-post-attention-dropout","enc-2nd-layernorm","enc-MLP-GEMM-1","enc-MLP-gelu","enc-MLP-GEMM-2","enc-post-MLP-dropout","enc-1st-layernorm","enc-attention-qkv","enc-attention-score","enc-attention-softmax","enc-attention-dropout","enc-attention-context","enc-attention-dense","enc-post-attention-dropout","enc-2nd-layernorm","enc-MLP-GEMM-1","enc-MLP-gelu","enc-MLP-GEMM-2","enc-post-MLP-dropout","enc-1st-layernorm","enc-attention-qkv","enc-attention-score","enc-attention-softmax","enc-attention-dropout","enc-attention-context","enc-attention-dense","enc-post-attention-dropout","enc-2nd-layernorm","enc-MLP-GEMM-1","enc-MLP-gelu","enc-MLP-GEMM-2","enc-post-MLP-dropout","enc-1st-layernorm","enc-attention-qkv","enc-attention-score","enc-attention-softmax","enc-attention-dropout","enc-attention-context","enc-attention-dense","enc-post-attention-dropout","enc-2nd-layernorm","enc-MLP-GEMM-1","enc-MLP-gelu","enc-MLP-GEMM-2","enc-post-MLP-dropout","enc-1st-layernorm","enc-attention-qkv","enc-attention-score","enc-attention-softmax","enc-attention-dropout","enc-attention-context","enc-attention-dense","enc-post-attention-dropout","enc-2nd-layernorm","enc-MLP-GEMM-1","enc-MLP-gelu","enc-MLP-GEMM-2","enc-post-MLP-dropout","enc-1st-layernorm","enc-attention-qkv","enc-attention-score","enc-attention-softmax","enc-attention-dropout","enc-attention-context","enc-attention-dense","enc-post-attention-dropout","enc-2nd-layernorm","enc-MLP-GEMM-1","enc-MLP-gelu","enc-MLP-GEMM-2","enc-post-MLP-dropout","enc-1st-layernorm","enc-attention-qkv","enc-attention-score","enc-attention-softmax","enc-attention-dropout","enc-attention-context","enc-attention-dense","enc-post-attention-dropout","enc-2nd-layernorm","enc-MLP-GEMM-1","enc-MLP-gelu","enc-MLP-GEMM-2","enc-post-MLP-dropout","enc-1st-layernorm","enc-attention-qkv","enc-attention-score","enc-attention-softmax","enc-attention-dropout","enc-attention-context","enc-attention-dense","enc-post-attention-dropout","enc-2nd-layernorm","enc-MLP-GEMM-1","enc-MLP-gelu","enc-MLP-GEMM-2","enc-post-MLP-dropout","enc-1st-layernorm","enc-attention-qkv",
[rank 4 recompute ops] enc-attention-qkv enc-attention-score enc-attention-softmax enc-attention-dropout enc-attention-context enc-attention-dense enc-post-attention-dropout enc-2nd-layernorm enc-MLP-GEMM-1 enc-MLP-gelu enc-MLP-GEMM-2 enc-post-MLP-dropout enc-1st-layernorm enc-attention-qkv enc-attention-score enc-attention-softmax enc-attention-dropout enc-attention-context enc-attention-dense enc-post-attention-dropout enc-2nd-layernorm enc-MLP-GEMM-1 enc-MLP-gelu enc-MLP-GEMM-2 enc-post-MLP-dropout enc-1st-layernorm enc-attention-qkv enc-attention-score enc-attention-softmax enc-attention-dropout enc-attention-context enc-attention-dense enc-post-attention-dropout enc-2nd-layernorm enc-MLP-GEMM-1 enc-MLP-gelu enc-MLP-GEMM-2 enc-post-MLP-dropout enc-1st-layernorm enc-attention-qkv enc-attention-score enc-attention-softmax enc-attention-dropout enc-attention-context enc-attention-dense enc-post-attention-dropout enc-2nd-layernorm enc-MLP-GEMM-1 enc-MLP-gelu enc-MLP-GEMM-2 enc-post-MLP-dropout enc-1st-layernorm enc-attention-qkv enc-attention-score enc-attention-softmax enc-attention-dropout enc-attention-context enc-attention-dense enc-post-attention-dropout enc-2nd-layernorm enc-MLP-GEMM-1 enc-MLP-gelu enc-MLP-GEMM-2 enc-post-MLP-dropout enc-1st-layernorm enc-attention-qkv enc-attention-score enc-attention-softmax enc-attention-dropout enc-attention-context enc-attention-dense enc-post-attention-dropout enc-2nd-layernorm enc-MLP-GEMM-1 enc-MLP-gelu enc-MLP-GEMM-2 enc-post-MLP-dropout enc-1st-layernorm enc-attention-qkv enc-attention-score enc-attention-softmax enc-attention-dropout enc-attention-context enc-attention-dense enc-post-attention-dropout enc-2nd-layernorm enc-MLP-GEMM-1 enc-MLP-gelu enc-MLP-GEMM-2 enc-post-MLP-dropout enc-1st-layernorm enc-attention-qkv enc-attention-score enc-attention-softmax enc-attention-dropout enc-attention-context enc-attention-dense enc-post-attention-dropout enc-2nd-layernorm enc-MLP-GEMM-1 enc-MLP-gelu enc-MLP-GEMM-2 enc-post-MLP-dropout enc-1st-layernorm enc-attention-qkv enc-attention-score enc-attention-softmax enc-attention-dropout enc-attention-context enc-attention-dense enc-post-attention-dropout enc-2nd-layernorm enc-MLP-GEMM-1 enc-MLP-gelu enc-MLP-GEMM-2 enc-post-MLP-dropout enc-1st-layernorm enc-attention-qkv enc-attention-score enc-attention-softmax enc-attention-dropout enc-attention-context enc-attention-dense enc-post-attention-dropout enc-2nd-layernorm enc-MLP-GEMM-1 enc-MLP-gelu enc-MLP-GEMM-2 enc-post-MLP-dropout enc-1st-layernorm enc-attention-qkv enc-attention-score enc-attention-softmax enc-attention-dropout enc-attention-context enc-attention-dense enc-post-attention-dropout enc-2nd-layernorm enc-MLP-GEMM-1 enc-MLP-gelu enc-MLP-GEMM-2 enc-post-MLP-dropout enc-1st-layernorm enc-attention-qkv enc-attention-score enc-attention-softmax enc-attention-dropout enc-attention-context enc-attention-dense enc-post-attention-dropout enc-2nd-layernorm enc-MLP-GEMM-1 enc-MLP-gelu enc-MLP-GEMM-2 enc-post-MLP-dropout enc-1st-layernorm enc-attention-qkv enc-attention-score enc-attention-softmax enc-attention-dropout enc-attention-context enc-attention-dense enc-post-attention-dropout enc-2nd-layernorm enc-MLP-GEMM-1 enc-MLP-gelu enc-MLP-GEMM-2 enc-post-MLP-dropout enc-1st-layernorm enc-attention-qkv enc-attention-score enc-attention-softmax enc-attention-dropout enc-attention-context enc-attention-dense enc-post-attention-dropout enc-2nd-layernorm enc-MLP-GEMM-1 enc-MLP-gelu enc-MLP-GEMM-2 enc-post-MLP-dropout enc-1st-layernorm enc-attention-qkv enc-attention-score enc-attention-softmax enc-attention-dropout enc-attention-context enc-attention-dense enc-post-attention-dropout enc-2nd-layernorm enc-MLP-GEMM-1 enc-MLP-gelu enc-MLP-GEMM-2 enc-post-MLP-dropout enc-1st-layernorm enc-attention-qkv enc-attention-score enc-attention-softmax enc-attention-dropout enc-attention-context enc-attention-dense enc-post-attention-dropout enc-2nd-layernorm enc-MLP-GEMM-1 enc-MLP-gelu enc-post-MLP-dropout enc-1st-layernorm enc-attention-qkv enc-attention-score enc-attention-softmax enc-attention-dropout enc-attention-context enc-attention-dense enc-post-attention-dropout enc-2nd-layernorm enc-MLP-GEMM-1 enc-MLP-gelu enc-post-MLP-dropout enc-1st-layernorm enc-attention-qkv enc-attention-score enc-attention-softmax enc-attention-dropout enc-attention-context enc-attention-dense enc-post-attention-dropout enc-2nd-layernorm enc-MLP-GEMM-1 enc-MLP-gelu enc-post-MLP-dropout enc-1st-layernorm enc-attention-qkv enc-attention-score enc-attention-softmax enc-attention-dropout enc-attention-context enc-attention-dense enc-post-attention-dropout enc-2nd-layernorm enc-MLP-GEMM-1 enc-MLP-gelu enc-post-MLP-dropout enc-1st-layernorm enc-attention-qkv enc-attention-score enc-attention-softmax enc-attention-dropout enc-attention-context enc-attention-dense enc-post-attention-dropout enc-2nd-layernorm enc-MLP-GEMM-1 enc-MLP-gelu enc-post-MLP-dropout enc-1st-layernorm enc-attention-qkv enc-attention-score enc-attention-softmax enc-attention-dropout enc-attention-context enc-attention-dense enc-post-attention-dropout enc-2nd-layernorm enc-MLP-GEMM-1 enc-MLP-gelu enc-post-MLP-dropout enc-1st-layernorm enc-attention-qkv enc-attention-score enc-attention-softmax enc-attention-dropout enc-attention-context enc-attention-dense enc-post-attention-dropout enc-2nd-layernorm enc-MLP-GEMM-1 enc-MLP-gelu enc-post-MLP-dropout enc-1st-layernorm enc-attention-qkv enc-attention-score enc-attention-softmax enc-attention-dropout enc-attention-context enc-attention-dense enc-post-attention-dropout enc-2nd-layernorm enc-MLP-GEMM-1 enc-MLP-gelu enc-post-MLP-dropout enc-1st-layernorm enc-attention-qkv enc-attention-score enc-attention-softmax enc-attention-dropout enc-attention-context enc-attention-dense enc-post-attention-dropout enc-2nd-layernorm enc-MLP-GEMM-1 enc-MLP-gelu enc-post-MLP-dropout enc-1st-layernorm enc-attention-qkv enc-attention-score enc-attention-softmax enc-attention-dropout enc-attention-context enc-attention-dense enc-post-attention-dropout enc-2nd-layernorm enc-MLP-GEMM-1 enc-MLP-gelu enc-post-MLP-dropout enc-1st-layernorm enc-attention-qkv enc-attention-score enc-attention-softmax enc-attention-dropout enc-attention-context enc-attention-dense enc-post-attention-dropout enc-2nd-layernorm enc-MLP-GEMM-1 enc-MLP-gelu enc-post-MLP-dropout enc-1st-layernorm enc-attention-qkv enc-attention-score enc-attention-softmax enc-attention-dropout enc-attention-context enc-attention-dense enc-post-attention-dropout enc-2nd-layernorm enc-MLP-GEMM-1 enc-MLP-gelu enc-post-MLP-dropout enc-1st-layernorm enc-attention-qkv enc-attention-score enc-attention-softmax enc-attention-dropout enc-attention-context enc-attention-dense enc-post-attention-dropout enc-2nd-layernorm enc-MLP-GEMM-1 enc-MLP-gelu enc-post-MLP-dropout enc-1st-layernorm enc-attention-qkv enc-attention-score enc-attention-softmax enc-attention-dropout enc-attention-context enc-attention-dense enc-post-attention-dropout enc-2nd-layernorm enc-MLP-GEMM-1 enc-MLP-gelu enc-post-MLP-dropout enc-1st-layernorm enc-attention-qkv enc-attention-score enc-attention-softmax enc-attention-dropout enc-attention-context enc-attention-dense enc-post-attention-dropout enc-2nd-layernorm enc-MLP-GEMM-1 enc-MLP-gelu enc-post-MLP-dropout enc-1st-layernorm enc-attention-qkv enc-attention-score enc-attention-softmax enc-attention-dropout enc-attention-context enc-attention-dense enc-post-attention-dropout enc-2nd-layernorm enc-MLP-GEMM-1 enc-MLP-gelu enc-post-MLP-dropout enc-1st-layernorm enc-attention-qkv enc-attention-score enc-attention-softmax enc-attention-dropout enc-attention-context enc-attention-dense enc-post-attention-dropout enc-2nd-layernorm enc-MLP-GEMM-1 enc-MLP-gelu enc-post-MLP-dropout enc-1st-layernorm enc-attention-qkv enc-attention-score enc-attention-softmax enc-attention-dropout enc-attention-context enc-attention-dense enc-post-attention-dropout enc-2nd-layernorm enc-MLP-GEMM-1 enc-MLP-gelu enc-post-MLP-dropout enc-1st-layernorm enc-attention-qkv enc-attention-score enc-attention-softmax enc-attention-dropout enc-attention-context enc-attention-dense enc-post-attention-dropout enc-2nd-layernorm enc-MLP-GEMM-1 enc-MLP-gelu enc-post-MLP-dropout enc-1st-layernorm enc-attention-qkv enc-attention-score enc-attention-softmax enc-attention-dropout enc-attention-context enc-attention-dense enc-post-attention-dropout enc-2nd-layernorm enc-MLP-GEMM-1 enc-MLP-gelu enc-post-MLP-dropout enc-1st-layernorm enc-attention-qkv enc-attention-score enc-attention-softmax enc-attention-dropout enc-attention-context enc-attention-dense enc-post-attention-dropout enc-2nd-layernorm enc-MLP-GEMM-1 enc-MLP-gelu enc-post-MLP-dropout enc-1st-layernorm enc-attention-qkv enc-attention-score enc-attention-softmax enc-attention-dropout enc-attention-context enc-attention-dense enc-post-attention-dropout enc-2nd-layernorm enc-MLP-GEMM-1 enc-MLP-gelu enc-post-MLP-dropout enc-1st-layernorm enc-attention-qkv enc-attention-score enc-attention-softmax enc-attention-dropout enc-attention-context enc-attention-dense enc-post-attention-dropout enc-2nd-layernorm enc-MLP-GEMM-1 enc-MLP-gelu enc-post-MLP-dropout enc-1st-layernorm enc-attention-qkv enc-attention-score enc-attention-softmax enc-attention-dropout enc-attention-context enc-attention-dense enc-post-attention-dropout enc-2nd-layernorm enc-MLP-GEMM-1 enc-MLP-gelu enc-post-MLP-dropout enc-1st-layernorm enc-attention-qkv enc-attention-score enc-attention-softmax enc-attention-dropout enc-attention-context enc-attention-dense enc-post-attention-dropout enc-2nd-layernorm enc-MLP-GEMM-1 enc-MLP-gelu enc-post-MLP-dropout enc-1st-layernorm enc-attention-qkv enc-attention-score enc-attention-softmax enc-attention-dropout enc-attention-context enc-attention-dense enc-post-attention-dropout enc-2nd-layernorm enc-MLP-GEMM-1 enc-MLP-gelu enc-post-MLP-dropout enc-1st-layernorm enc-attention-qkv enc-attention-score enc-attention-softmax enc-attention-dropout enc-attention-context enc-attention-dense enc-post-attention-dropout enc-2nd-layernorm enc-MLP-GEMM-1 enc-MLP-gelu enc-post-MLP-dropout enc-1st-layernorm enc-attention-qkv enc-attention-score enc-attention-softmax enc-attention-dropout enc-attention-context enc-attention-dense enc-post-attention-dropout enc-2nd-layernorm enc-MLP-GEMM-1 enc-MLP-gelu enc-post-MLP-dropout enc-1st-layernorm enc-attention-qkv enc-attention-score enc-attention-softmax enc-attention-dropout enc-attention-context enc-attention-dense enc-post-attention-dropout enc-2nd-layernorm enc-MLP-GEMM-1 enc-MLP-gelu enc-post-MLP-dropout enc-1st-layernorm enc-attention-qkv enc-attention-score enc-attention-softmax enc-attention-dropout enc-attention-context enc-attention-dense enc-post-attention-dropout enc-2nd-layernorm enc-MLP-GEMM-1 enc-MLP-gelu enc-post-MLP-dropout enc-1st-layernorm enc-attention-qkv enc-attention-score enc-attention-softmax enc-attention-dropout enc-attention-context enc-attention-dense enc-post-attention-dropout enc-2nd-layernorm enc-MLP-GEMM-1 enc-MLP-gelu enc-post-MLP-dropout enc-1st-layernorm enc-attention-qkv enc-attention-score enc-attention-softmax enc-attention-dropout enc-attention-context enc-attention-dense enc-post-attention-dropout enc-2nd-layernorm enc-MLP-GEMM-1 enc-MLP-gelu enc-post-MLP-dropout enc-1st-layernorm enc-attention-qkv enc-attention-score enc-attention-softmax enc-attention-dropout enc-attention-context enc-attention-dense enc-post-attention-dropout enc-2nd-layernorm enc-MLP-GEMM-1 enc-MLP-gelu enc-post-MLP-dropout enc-1st-layernorm enc-attention-qkv enc-attention-score enc-attention-softmax enc-attention-dropout enc-attention-context enc-attention-dense enc-post-attention-dropout enc-2nd-layernorm enc-MLP-GEMM-1 enc-MLP-gelu enc-post-MLP-dropout enc-1st-layernorm enc-attention-qkv enc-attention-score enc-attention-softmax enc-attention-dropout enc-attention-context enc-attention-dense enc-post-attention-dropout enc-2nd-layernorm enc-MLP-GEMM-1 enc-MLP-gelu enc-post-MLP-dropout enc-1st-layernorm enc-attention-qkv enc-attention-score enc-attention-softmax enc-attention-dropout enc-attention-context enc-attention-dense enc-post-attention-dropout enc-2nd-layernorm enc-MLP-GEMM-1 enc-MLP-gelu enc-post-MLP-dropout enc-1st-layernorm enc-attention-qkv enc-attention-score enc-attention-softmax enc-attention-dropout enc-attention-context enc-attention-dense enc-post-attention-dropout enc-2nd-layernorm enc-MLP-GEMM-1 enc-MLP-gelu enc-post-MLP-dropout enc-1st-layernorm enc-attention-qkv enc-attention-score enc-attention-softmax enc-attention-dropout enc-attention-context enc-attention-dense enc-post-attention-dropout enc-2nd-layernorm enc-MLP-GEMM-1 enc-MLP-gelu enc-post-MLP-dropout enc-1st-layernorm enc-attention-qkv enc-attention-score enc-attention-softmax enc-attention-dropout enc-attention-context enc-attention-dense enc-post-attention-dropout enc-2nd-layernorm enc-MLP-GEMM-1 enc-MLP-gelu enc-post-MLP-dropout enc-1st-layernorm enc-attention-qkv enc-attention-score enc-attention-softmax enc-attention-dropout enc-attention-context enc-attention-dense enc-post-attention-dropout enc-2nd-layernorm enc-MLP-GEMM-1 enc-MLP-gelu enc-post-MLP-dropout enc-1st-layernorm enc-attention-qkv enc-attention-score enc-attention-softmax enc-attention-dropout enc-attention-context enc-attention-dense enc-post-attention-dropout enc-2nd-layernorm enc-MLP-GEMM-1 enc-MLP-gelu enc-post-MLP-dropout enc-1st-layernorm enc-attention-qkv enc-attention-score enc-attention-softmax enc-attention-dropout enc-attention-context enc-attention-dense enc-post-attention-dropout enc-2nd-layernorm enc-MLP-GEMM-1 enc-MLP-gelu enc-post-MLP-dropout enc-1st-layernorm enc-attention-qkv enc-attention-score enc-attention-softmax enc-attention-dropout enc-attention-context enc-attention-dense enc-post-attention-dropout enc-2nd-layernorm enc-MLP-GEMM-1 enc-MLP-gelu enc-post-MLP-dropout enc-1st-layernorm enc-attention-qkv enc-attention-score enc-attention-softmax enc-attention-dropout enc-attention-context enc-attention-dense enc-post-attention-dropout enc-2nd-layernorm enc-MLP-GEMM-1 enc-MLP-gelu enc-post-MLP-dropout enc-1st-layernorm enc-attention-qkv enc-attention-score enc-attention-softmax enc-attention-dropout enc-attention-context enc-attention-dense enc-post-attention-dropout enc-2nd-layernorm enc-MLP-GEMM-1 enc-MLP-gelu enc-post-MLP-dropout enc-1st-layernorm enc-attention-qkv enc-attention-score enc-attention-softmax enc-attention-dropout enc-attention-context enc-attention-dense enc-post-attention-dropout enc-2nd-layernorm enc-MLP-GEMM-1 enc-MLP-gelu enc-post-MLP-dropout enc-1st-layernorm enc-attention-qkv enc-attention-score enc-attention-softmax enc-attention-dropout enc-attention-context enc-attention-dense enc-post-attention-dropout enc-2nd-layernorm enc-MLP-GEMM-1 enc-MLP-gelu enc-post-MLP-dropout enc-1st-layernorm enc-attention-qkv enc-attention-score enc-attention-softmax enc-attention-dropout enc-attention-context enc-attention-dense enc-post-attention-dropout enc-2nd-layernorm enc-MLP-GEMM-1 enc-MLP-gelu enc-post-MLP-dropout enc-1st-layernorm enc-attention-qkv enc-attention-score enc-attention-softmax enc-attention-dropout enc-attention-context enc-attention-dense enc-post-attention-dropout enc-2nd-layernorm enc-MLP-GEMM-1 enc-MLP-gelu enc-post-MLP-dropout enc-1st-layernorm enc-attention-qkv 
[rank 0 all ops] "encoder-embedding","enc-1st-layernorm","enc-attention-qkv","enc-attention-score","enc-attention-softmax","enc-attention-dropout","enc-attention-context","enc-attention-dense","enc-post-attention-dropout","enc-2nd-layernorm","enc-MLP-GEMM-1","enc-MLP-gelu","enc-MLP-GEMM-2","enc-post-MLP-dropout","enc-1st-layernorm","enc-attention-qkv","enc-attention-score","enc-attention-softmax","enc-attention-dropout","enc-attention-context","enc-attention-dense","enc-post-attention-dropout","enc-2nd-layernorm","enc-MLP-GEMM-1","enc-MLP-gelu","enc-MLP-GEMM-2","enc-post-MLP-dropout","enc-1st-layernorm","enc-attention-qkv","enc-attention-score","enc-attention-softmax","enc-attention-dropout","enc-attention-context","enc-attention-dense","enc-post-attention-dropout","enc-2nd-layernorm","enc-MLP-GEMM-1","enc-MLP-gelu","enc-MLP-GEMM-2","enc-post-MLP-dropout","enc-1st-layernorm","enc-attention-qkv","enc-attention-score","enc-attention-softmax","enc-attention-dropout","enc-attention-context","enc-attention-dense","enc-post-attention-dropout","enc-2nd-layernorm","enc-MLP-GEMM-1","enc-MLP-gelu","enc-MLP-GEMM-2","enc-post-MLP-dropout","enc-1st-layernorm","enc-attention-qkv","enc-attention-score","enc-attention-softmax","enc-attention-dropout","enc-attention-context","enc-attention-dense","enc-post-attention-dropout","enc-2nd-layernorm","enc-MLP-GEMM-1","enc-MLP-gelu","enc-MLP-GEMM-2","enc-post-MLP-dropout","enc-1st-layernorm","enc-attention-qkv","enc-attention-score","enc-attention-softmax","enc-attention-dropout","enc-attention-context","enc-attention-dense","enc-post-attention-dropout","enc-2nd-layernorm","enc-MLP-GEMM-1","enc-MLP-gelu","enc-MLP-GEMM-2","enc-post-MLP-dropout","enc-1st-layernorm","enc-attention-qkv","enc-attention-score","enc-attention-softmax","enc-attention-dropout","enc-attention-context","enc-attention-dense","enc-post-attention-dropout","enc-2nd-layernorm","enc-MLP-GEMM-1","enc-MLP-gelu","enc-MLP-GEMM-2","enc-post-MLP-dropout","enc-1st-layernorm","enc-attention-qkv","enc-attention-score","enc-attention-softmax","enc-attention-dropout","enc-attention-context","enc-attention-dense","enc-post-attention-dropout","enc-2nd-layernorm","enc-MLP-GEMM-1","enc-MLP-gelu","enc-MLP-GEMM-2","enc-post-MLP-dropout","enc-1st-layernorm","enc-attention-qkv","enc-attention-score","enc-attention-softmax","enc-attention-dropout","enc-attention-context","enc-attention-dense","enc-post-attention-dropout","enc-2nd-layernorm","enc-MLP-GEMM-1","enc-MLP-gelu","enc-MLP-GEMM-2","enc-post-MLP-dropout","enc-1st-layernorm","enc-attention-qkv","enc-attention-score","enc-attention-softmax","enc-attention-dropout","enc-attention-context","enc-attention-dense","enc-post-attention-dropout","enc-2nd-layernorm","enc-MLP-GEMM-1","enc-MLP-gelu","enc-MLP-GEMM-2","enc-post-MLP-dropout","enc-1st-layernorm","enc-attention-qkv","enc-attention-score","enc-attention-softmax","enc-attention-dropout","enc-attention-context","enc-attention-dense","enc-post-attention-dropout","enc-2nd-layernorm","enc-MLP-GEMM-1","enc-MLP-gelu","enc-MLP-GEMM-2","enc-post-MLP-dropout","enc-1st-layernorm","enc-attention-qkv","enc-attention-score","enc-attention-softmax","enc-attention-dropout","enc-attention-context","enc-attention-dense","enc-post-attention-dropout","enc-2nd-layernorm","enc-MLP-GEMM-1","enc-MLP-gelu","enc-MLP-GEMM-2","enc-post-MLP-dropout","enc-1st-layernorm","enc-attention-qkv","enc-attention-score","enc-attention-softmax","enc-attention-dropout","enc-attention-context","enc-attention-dense","enc-post-attention-dropout","enc-2nd-layernorm","enc-MLP-GEMM-1","enc-MLP-gelu","enc-MLP-GEMM-2","enc-post-MLP-dropout","enc-1st-layernorm","enc-attention-qkv","enc-attention-score","enc-attention-softmax","enc-attention-dropout","enc-attention-context","enc-attention-dense","enc-post-attention-dropout","enc-2nd-layernorm","enc-MLP-GEMM-1","enc-MLP-gelu","enc-MLP-GEMM-2","enc-post-MLP-dropout","enc-1st-layernorm","enc-attention-qkv","enc-attention-score","enc-attention-softmax","enc-attention-dropout","enc-attention-context","enc-attention-dense","enc-post-attention-dropout","enc-2nd-layernorm","enc-MLP-GEMM-1","enc-MLP-gelu","enc-MLP-GEMM-2","enc-post-MLP-dropout","enc-1st-layernorm","enc-attention-qkv","enc-attention-score","enc-attention-softmax","enc-attention-dropout","enc-attention-context","enc-attention-dense","enc-post-attention-dropout","enc-2nd-layernorm","enc-MLP-GEMM-1","enc-MLP-gelu","enc-MLP-GEMM-2","enc-post-MLP-dropout","enc-1st-layernorm","enc-attention-qkv","enc-attention-score","enc-attention-softmax","enc-attention-dropout","enc-attention-context","enc-attention-dense","enc-post-attention-dropout","enc-2nd-layernorm","enc-MLP-GEMM-1","enc-MLP-gelu","enc-MLP-GEMM-2","enc-post-MLP-dropout","enc-1st-layernorm","enc-attention-qkv","enc-attention-score","enc-attention-softmax","enc-attention-dropout","enc-attention-context","enc-attention-dense","enc-post-attention-dropout","enc-2nd-layernorm","enc-MLP-GEMM-1","enc-MLP-gelu","enc-MLP-GEMM-2","enc-post-MLP-dropout","enc-1st-layernorm","enc-attention-qkv","enc-attention-score","enc-attention-softmax","enc-attention-dropout","enc-attention-context","enc-attention-dense","enc-post-attention-dropout","enc-2nd-layernorm","enc-MLP-GEMM-1","enc-MLP-gelu","enc-MLP-GEMM-2","enc-post-MLP-dropout","enc-1st-layernorm","enc-attention-qkv","enc-attention-score","enc-attention-softmax","enc-attention-dropout","enc-attention-context","enc-attention-dense","enc-post-attention-dropout","enc-2nd-layernorm","enc-MLP-GEMM-1","enc-MLP-gelu","enc-MLP-GEMM-2","enc-post-MLP-dropout","enc-1st-layernorm","enc-attention-qkv","enc-attention-score","enc-attention-softmax","enc-attention-dropout","enc-attention-context","enc-attention-dense","enc-post-attention-dropout","enc-2nd-layernorm","enc-MLP-GEMM-1","enc-MLP-gelu","enc-MLP-GEMM-2","enc-post-MLP-dropout","enc-1st-layernorm","enc-attention-qkv","enc-attention-score","enc-attention-softmax","enc-attention-dropout","enc-attention-context","enc-attention-dense","enc-post-attention-dropout","enc-2nd-layernorm","enc-MLP-GEMM-1","enc-MLP-gelu","enc-MLP-GEMM-2","enc-post-MLP-dropout","enc-1st-layernorm","enc-attention-qkv","enc-attention-score","enc-attention-softmax","enc-attention-dropout","enc-attention-context","enc-attention-dense","enc-post-attention-dropout","enc-2nd-layernorm","enc-MLP-GEMM-1","enc-MLP-gelu","enc-MLP-GEMM-2","enc-post-MLP-dropout","enc-1st-layernorm","enc-attention-qkv","enc-attention-score","enc-attention-softmax","enc-attention-dropout","enc-attention-context","enc-attention-dense","enc-post-attention-dropout","enc-2nd-layernorm","enc-MLP-GEMM-1","enc-MLP-gelu","enc-MLP-GEMM-2","enc-post-MLP-dropout","enc-1st-layernorm","enc-attention-qkv","enc-attention-score","enc-attention-softmax","enc-attention-dropout","enc-attention-context","enc-attention-dense","enc-post-attention-dropout","enc-2nd-layernorm","enc-MLP-GEMM-1","enc-MLP-gelu","enc-MLP-GEMM-2","enc-post-MLP-dropout","enc-1st-layernorm","enc-attention-qkv","enc-attention-score","enc-attention-softmax","enc-attention-dropout","enc-attention-context","enc-attention-dense","enc-post-attention-dropout","enc-2nd-layernorm","enc-MLP-GEMM-1","enc-MLP-gelu","enc-MLP-GEMM-2","enc-post-MLP-dropout","enc-1st-layernorm","enc-attention-qkv","enc-attention-score","enc-attention-softmax","enc-attention-dropout","enc-attention-context","enc-attention-dense","enc-post-attention-dropout","enc-2nd-layernorm","enc-MLP-GEMM-1","enc-MLP-gelu","enc-MLP-GEMM-2","enc-post-MLP-dropout","enc-1st-layernorm","enc-attention-qkv","enc-attention-score","enc-attention-softmax","enc-attention-dropout","enc-attention-context","enc-attention-dense","enc-post-attention-dropout","enc-2nd-layernorm","enc-MLP-GEMM-1","enc-MLP-gelu","enc-MLP-GEMM-2","enc-post-MLP-dropout","enc-1st-layernorm","enc-attention-qkv","enc-attention-score","enc-attention-softmax","enc-attention-dropout","enc-attention-context","enc-attention-dense","enc-post-attention-dropout","enc-2nd-layernorm","enc-MLP-GEMM-1","enc-MLP-gelu","enc-MLP-GEMM-2","enc-post-MLP-dropout","enc-1st-layernorm","enc-attention-qkv","enc-attention-score","enc-attention-softmax","enc-attention-dropout","enc-attention-context","enc-attention-dense","enc-post-attention-dropout","enc-2nd-layernorm","enc-MLP-GEMM-1","enc-MLP-gelu","enc-MLP-GEMM-2","enc-post-MLP-dropout","enc-1st-layernorm","enc-attention-qkv","enc-attention-score","enc-attention-softmax","enc-attention-dropout","enc-attention-context","enc-attention-dense","enc-post-attention-dropout","enc-2nd-layernorm","enc-MLP-GEMM-1","enc-MLP-gelu","enc-MLP-GEMM-2","enc-post-MLP-dropout","enc-1st-layernorm","enc-attention-qkv","enc-attention-score","enc-attention-softmax","enc-attention-dropout","enc-attention-context","enc-attention-dense","enc-post-attention-dropout","enc-2nd-layernorm","enc-MLP-GEMM-1","enc-MLP-gelu","enc-MLP-GEMM-2","enc-post-MLP-dropout","enc-1st-layernorm","enc-attention-qkv","enc-attention-score","enc-attention-softmax","enc-attention-dropout","enc-attention-context","enc-attention-dense","enc-post-attention-dropout","enc-2nd-layernorm","enc-MLP-GEMM-1","enc-MLP-gelu","enc-MLP-GEMM-2","enc-post-MLP-dropout","enc-1st-layernorm","enc-attention-qkv","enc-attention-score","enc-attention-softmax","enc-attention-dropout","enc-attention-context","enc-attention-dense","enc-post-attention-dropout","enc-2nd-layernorm","enc-MLP-GEMM-1","enc-MLP-gelu","enc-MLP-GEMM-2","enc-post-MLP-dropout","enc-1st-layernorm","enc-attention-qkv","enc-attention-score","enc-attention-softmax","enc-attention-dropout","enc-attention-context","enc-attention-dense","enc-post-attention-dropout","enc-2nd-layernorm","enc-MLP-GEMM-1","enc-MLP-gelu","enc-MLP-GEMM-2","enc-post-MLP-dropout","enc-1st-layernorm","enc-attention-qkv","enc-attention-score","enc-attention-softmax","enc-attention-dropout","enc-attention-context","enc-attention-dense","enc-post-attention-dropout","enc-2nd-layernorm","enc-MLP-GEMM-1","enc-MLP-gelu","enc-MLP-GEMM-2","enc-post-MLP-dropout","enc-1st-layernorm","enc-attention-qkv","enc-attention-score","enc-attention-softmax","enc-attention-dropout","enc-attention-context","enc-attention-dense","enc-post-attention-dropout","enc-2nd-layernorm","enc-MLP-GEMM-1","enc-MLP-gelu","enc-MLP-GEMM-2","enc-post-MLP-dropout","enc-1st-layernorm","enc-attention-qkv","enc-attention-score","enc-attention-softmax","enc-attention-dropout","enc-attention-context","enc-attention-dense","enc-post-attention-dropout","enc-2nd-layernorm","enc-MLP-GEMM-1","enc-MLP-gelu","enc-MLP-GEMM-2","enc-post-MLP-dropout","enc-1st-layernorm","enc-attention-qkv","enc-attention-score","enc-attention-softmax","enc-attention-dropout","enc-attention-context","enc-attention-dense","enc-post-attention-dropout","enc-2nd-layernorm","enc-MLP-GEMM-1","enc-MLP-gelu","enc-MLP-GEMM-2","enc-post-MLP-dropout","enc-1st-layernorm","enc-attention-qkv","enc-attention-score","enc-attention-softmax","enc-attention-dropout","enc-attention-context","enc-attention-dense","enc-post-attention-dropout","enc-2nd-layernorm","enc-MLP-GEMM-1","enc-MLP-gelu","enc-MLP-GEMM-2","enc-post-MLP-dropout","enc-1st-layernorm","enc-attention-qkv","enc-attention-score","enc-attention-softmax","enc-attention-dropout","enc-attention-context","enc-attention-dense","enc-post-attention-dropout","enc-2nd-layernorm","enc-MLP-GEMM-1","enc-MLP-gelu","enc-MLP-GEMM-2","enc-post-MLP-dropout","enc-1st-layernorm","enc-attention-qkv","enc-attention-score","enc-attention-softmax","enc-attention-dropout","enc-attention-context","enc-attention-dense","enc-post-attention-dropout","enc-2nd-layernorm","enc-MLP-GEMM-1","enc-MLP-gelu","enc-MLP-GEMM-2","enc-post-MLP-dropout","enc-1st-layernorm","enc-attention-qkv","enc-attention-score","enc-attention-softmax","enc-attention-dropout","enc-attention-context","enc-attention-dense","enc-post-attention-dropout","enc-2nd-layernorm","enc-MLP-GEMM-1","enc-MLP-gelu","enc-MLP-GEMM-2","enc-post-MLP-dropout","enc-1st-layernorm","enc-attention-qkv","enc-attention-score","enc-attention-softmax","enc-attention-dropout","enc-attention-context","enc-attention-dense","enc-post-attention-dropout","enc-2nd-layernorm","enc-MLP-GEMM-1","enc-MLP-gelu","enc-MLP-GEMM-2","enc-post-MLP-dropout","enc-1st-layernorm","enc-attention-qkv","enc-attention-score","enc-attention-softmax","enc-attention-dropout","enc-attention-context","enc-attention-dense","enc-post-attention-dropout","enc-2nd-layernorm","enc-MLP-GEMM-1","enc-MLP-gelu","enc-MLP-GEMM-2","enc-post-MLP-dropout","enc-1st-layernorm","enc-attention-qkv","enc-attention-score","enc-attention-softmax","enc-attention-dropout","enc-attention-context","enc-attention-dense","enc-post-attention-dropout","enc-2nd-layernorm","enc-MLP-GEMM-1","enc-MLP-gelu","enc-MLP-GEMM-2","enc-post-MLP-dropout","enc-1st-layernorm","enc-attention-qkv","enc-attention-score","enc-attention-softmax","enc-attention-dropout","enc-attention-context","enc-attention-dense","enc-post-attention-dropout","enc-2nd-layernorm","enc-MLP-GEMM-1","enc-MLP-gelu","enc-MLP-GEMM-2","enc-post-MLP-dropout","enc-1st-layernorm","enc-attention-qkv","enc-attention-score","enc-attention-softmax","enc-attention-dropout","enc-attention-context","enc-attention-dense","enc-post-attention-dropout","enc-2nd-layernorm","enc-MLP-GEMM-1","enc-MLP-gelu","enc-MLP-GEMM-2","enc-post-MLP-dropout","enc-1st-layernorm","enc-attention-qkv","enc-attention-score","enc-attention-softmax","enc-attention-dropout","enc-attention-context","enc-attention-dense","enc-post-attention-dropout","enc-2nd-layernorm","enc-MLP-GEMM-1","enc-MLP-gelu","enc-MLP-GEMM-2","enc-post-MLP-dropout","enc-1st-layernorm","enc-attention-qkv","enc-attention-score","enc-attention-softmax","enc-attention-dropout","enc-attention-context","enc-attention-dense","enc-post-attention-dropout","enc-2nd-layernorm","enc-MLP-GEMM-1","enc-MLP-gelu","enc-MLP-GEMM-2","enc-post-MLP-dropout","enc-1st-layernorm","enc-attention-qkv","enc-attention-score","enc-attention-softmax","enc-attention-dropout","enc-attention-context","enc-attention-dense","enc-post-attention-dropout","enc-2nd-layernorm","enc-MLP-GEMM-1","enc-MLP-gelu","enc-MLP-GEMM-2","enc-post-MLP-dropout","enc-1st-layernorm","enc-attention-qkv","enc-attention-score","enc-attention-softmax","enc-attention-dropout","enc-attention-context","enc-attention-dense","enc-post-attention-dropout","enc-2nd-layernorm","enc-MLP-GEMM-1","enc-MLP-gelu","enc-MLP-GEMM-2","enc-post-MLP-dropout","enc-1st-layernorm","enc-attention-qkv","enc-attention-score","enc-attention-softmax","enc-attention-dropout","enc-attention-context","enc-attention-dense","enc-post-attention-dropout","enc-2nd-layernorm","enc-MLP-GEMM-1","enc-MLP-gelu","enc-MLP-GEMM-2","enc-post-MLP-dropout","enc-1st-layernorm","enc-attention-qkv","enc-attention-score","enc-attention-softmax","enc-attention-dropout","enc-attention-context","enc-attention-dense","enc-post-attention-dropout","enc-2nd-layernorm","enc-MLP-GEMM-1","enc-MLP-gelu","enc-MLP-GEMM-2","enc-post-MLP-dropout","enc-1st-layernorm","enc-attention-qkv","enc-attention-score","enc-attention-softmax","enc-attention-dropout","enc-attention-context","enc-attention-dense","enc-post-attention-dropout","enc-2nd-layernorm","enc-MLP-GEMM-1","enc-MLP-gelu","enc-MLP-GEMM-2","enc-post-MLP-dropout","enc-1st-layernorm","enc-attention-qkv","enc-attention-score","enc-attention-softmax","enc-attention-dropout","enc-attention-context","enc-attention-dense","enc-post-attention-dropout","enc-2nd-layernorm","enc-MLP-GEMM-1","enc-MLP-gelu","enc-MLP-GEMM-2","enc-post-MLP-dropout","enc-1st-layernorm","enc-attention-qkv","enc-attention-score","enc-attention-softmax","enc-attention-dropout","enc-attention-context","enc-attention-dense","enc-post-attention-dropout","enc-2nd-layernorm","enc-MLP-GEMM-1","enc-MLP-gelu","enc-MLP-GEMM-2","enc-post-MLP-dropout","enc-1st-layernorm","enc-attention-qkv","enc-attention-score","enc-attention-softmax","enc-attention-dropout","enc-attention-context","enc-attention-dense","enc-post-attention-dropout","enc-2nd-layernorm","enc-MLP-GEMM-1","enc-MLP-gelu","enc-MLP-GEMM-2","enc-post-MLP-dropout","enc-1st-layernorm","enc-attention-qkv","enc-attention-score","enc-attention-softmax","enc-attention-dropout","enc-attention-context","enc-attention-dense","enc-post-attention-dropout","enc-2nd-layernorm","enc-MLP-GEMM-1","enc-MLP-gelu","enc-MLP-GEMM-2","enc-post-MLP-dropout","enc-1st-layernorm","enc-attention-qkv","enc-attention-score","enc-attention-softmax","enc-attention-dropout","enc-attention-context","enc-attention-dense","enc-post-attention-dropout","enc-2nd-layernorm","enc-MLP-GEMM-1","enc-MLP-gelu","enc-MLP-GEMM-2","enc-post-MLP-dropout","enc-1st-layernorm","enc-attention-qkv","enc-attention-score","enc-attention-softmax","enc-attention-dropout","enc-attention-context","enc-attention-dense","enc-post-attention-dropout","enc-2nd-layernorm","enc-MLP-GEMM-1","enc-MLP-gelu","enc-MLP-GEMM-2","enc-post-MLP-dropout","enc-1st-layernorm","enc-attention-qkv","enc-attention-score","enc-attention-softmax","enc-attention-dropout","enc-attention-context","enc-attention-dense","enc-post-attention-dropout","enc-2nd-layernorm","enc-MLP-GEMM-1","enc-MLP-gelu","enc-MLP-GEMM-2","enc-post-MLP-dropout","enc-1st-layernorm","enc-attention-qkv","enc-attention-score","enc-attention-softmax","enc-attention-dropout","enc-attention-context","enc-attention-dense","enc-post-attention-dropout","enc-2nd-layernorm","enc-MLP-GEMM-1","enc-MLP-gelu","enc-MLP-GEMM-2","enc-post-MLP-dropout","enc-1st-layernorm","enc-attention-qkv","enc-attention-score","enc-attention-softmax","enc-attention-dropout","enc-attention-context","enc-attention-dense","enc-post-attention-dropout","enc-2nd-layernorm","enc-MLP-GEMM-1",
[rank 0 recompute ops] enc-attention-qkv enc-attention-score enc-attention-softmax enc-attention-dropout enc-attention-context enc-attention-dense enc-post-attention-dropout enc-2nd-layernorm enc-MLP-GEMM-1 enc-MLP-gelu enc-MLP-GEMM-2 enc-post-MLP-dropout enc-1st-layernorm enc-attention-qkv enc-attention-score enc-attention-softmax enc-attention-dropout enc-attention-context enc-attention-dense enc-post-attention-dropout enc-2nd-layernorm enc-MLP-GEMM-1 enc-MLP-gelu enc-MLP-GEMM-2 enc-post-MLP-dropout enc-1st-layernorm enc-attention-qkv enc-attention-score enc-attention-softmax enc-attention-dropout enc-attention-context enc-attention-dense enc-post-attention-dropout enc-2nd-layernorm enc-MLP-GEMM-1 enc-MLP-gelu enc-MLP-GEMM-2 enc-post-MLP-dropout enc-1st-layernorm enc-attention-qkv enc-attention-score enc-attention-softmax enc-attention-dropout enc-attention-context enc-attention-dense enc-post-attention-dropout enc-2nd-layernorm enc-MLP-GEMM-1 enc-MLP-gelu enc-MLP-GEMM-2 enc-post-MLP-dropout enc-1st-layernorm enc-attention-qkv enc-attention-score enc-attention-softmax enc-attention-dropout enc-attention-context enc-attention-dense enc-post-attention-dropout enc-2nd-layernorm enc-MLP-GEMM-1 enc-MLP-gelu enc-MLP-GEMM-2 enc-post-MLP-dropout enc-1st-layernorm enc-attention-qkv enc-attention-score enc-attention-softmax enc-attention-dropout enc-attention-context enc-attention-dense enc-post-attention-dropout enc-2nd-layernorm enc-MLP-GEMM-1 enc-MLP-gelu enc-MLP-GEMM-2 enc-post-MLP-dropout enc-1st-layernorm enc-attention-qkv enc-attention-score enc-attention-softmax enc-attention-dropout enc-attention-context enc-attention-dense enc-post-attention-dropout enc-2nd-layernorm enc-MLP-GEMM-1 enc-MLP-gelu enc-MLP-GEMM-2 enc-post-MLP-dropout enc-1st-layernorm enc-attention-qkv enc-attention-score enc-attention-softmax enc-attention-dropout enc-attention-context enc-attention-dense enc-post-attention-dropout enc-2nd-layernorm enc-MLP-GEMM-1 enc-MLP-gelu enc-MLP-GEMM-2 enc-post-MLP-dropout enc-1st-layernorm enc-attention-qkv enc-attention-score enc-attention-softmax enc-attention-dropout enc-attention-context enc-attention-dense enc-post-attention-dropout enc-2nd-layernorm enc-MLP-GEMM-1 enc-MLP-gelu enc-MLP-GEMM-2 enc-post-MLP-dropout enc-1st-layernorm enc-attention-qkv enc-attention-score enc-attention-softmax enc-attention-dropout enc-attention-context enc-attention-dense enc-post-attention-dropout enc-2nd-layernorm enc-MLP-GEMM-1 enc-MLP-gelu enc-MLP-GEMM-2 enc-post-MLP-dropout enc-1st-layernorm enc-attention-qkv enc-attention-score enc-attention-softmax enc-attention-dropout enc-attention-context enc-attention-dense enc-post-attention-dropout enc-2nd-layernorm enc-MLP-GEMM-1 enc-MLP-gelu enc-MLP-GEMM-2 enc-post-MLP-dropout enc-1st-layernorm enc-attention-qkv enc-attention-score enc-attention-softmax enc-attention-dropout enc-attention-context enc-attention-dense enc-post-attention-dropout enc-2nd-layernorm enc-MLP-GEMM-1 enc-MLP-gelu enc-MLP-GEMM-2 enc-post-MLP-dropout enc-1st-layernorm enc-attention-qkv enc-attention-score enc-attention-softmax enc-attention-dropout enc-attention-context enc-attention-dense enc-post-attention-dropout enc-2nd-layernorm enc-MLP-GEMM-1 enc-MLP-gelu enc-MLP-GEMM-2 enc-post-MLP-dropout enc-1st-layernorm enc-attention-qkv enc-attention-score enc-attention-softmax enc-attention-dropout enc-attention-context enc-attention-dense enc-post-attention-dropout enc-2nd-layernorm enc-MLP-GEMM-1 enc-MLP-gelu enc-MLP-GEMM-2 enc-post-MLP-dropout enc-1st-layernorm enc-attention-qkv enc-attention-score enc-attention-softmax enc-attention-dropout enc-attention-context enc-attention-dense enc-post-attention-dropout enc-2nd-layernorm enc-MLP-GEMM-1 enc-MLP-gelu enc-MLP-GEMM-2 enc-post-MLP-dropout enc-1st-layernorm enc-attention-qkv enc-attention-score enc-attention-softmax enc-attention-dropout enc-attention-context enc-attention-dense enc-post-attention-dropout enc-2nd-layernorm enc-MLP-GEMM-1 enc-MLP-gelu enc-MLP-GEMM-2 enc-post-MLP-dropout enc-1st-layernorm enc-attention-qkv enc-attention-score enc-attention-softmax enc-attention-dropout enc-attention-context enc-attention-dense enc-post-attention-dropout enc-2nd-layernorm enc-MLP-GEMM-1 enc-MLP-gelu enc-MLP-GEMM-2 enc-post-MLP-dropout enc-1st-layernorm enc-attention-qkv enc-attention-score enc-attention-softmax enc-attention-dropout enc-attention-context enc-attention-dense enc-post-attention-dropout enc-2nd-layernorm enc-MLP-GEMM-1 enc-MLP-gelu enc-MLP-GEMM-2 enc-post-MLP-dropout enc-1st-layernorm enc-attention-qkv enc-attention-score enc-attention-softmax enc-attention-dropout enc-attention-context enc-attention-dense enc-post-attention-dropout enc-2nd-layernorm enc-MLP-GEMM-1 enc-MLP-gelu enc-MLP-GEMM-2 enc-post-MLP-dropout enc-1st-layernorm enc-attention-qkv enc-attention-score enc-attention-softmax enc-attention-dropout enc-attention-context enc-attention-dense enc-post-attention-dropout enc-2nd-layernorm enc-MLP-GEMM-1 enc-MLP-gelu enc-MLP-GEMM-2 enc-post-MLP-dropout enc-1st-layernorm enc-attention-qkv enc-attention-score enc-attention-softmax enc-attention-dropout enc-attention-context enc-attention-dense enc-post-attention-dropout enc-2nd-layernorm enc-MLP-GEMM-1 enc-MLP-gelu enc-MLP-GEMM-2 enc-post-MLP-dropout enc-1st-layernorm enc-attention-qkv enc-attention-score enc-attention-softmax enc-attention-dropout enc-attention-context enc-attention-dense enc-post-attention-dropout enc-2nd-layernorm enc-MLP-GEMM-1 enc-MLP-gelu enc-MLP-GEMM-2 enc-post-MLP-dropout enc-1st-layernorm enc-attention-qkv enc-attention-score enc-attention-softmax enc-attention-dropout enc-attention-context enc-attention-dense enc-post-attention-dropout enc-2nd-layernorm enc-MLP-GEMM-1 enc-MLP-gelu enc-MLP-GEMM-2 enc-post-MLP-dropout enc-1st-layernorm enc-attention-qkv enc-attention-score enc-attention-softmax enc-attention-dropout enc-attention-context enc-attention-dense enc-post-attention-dropout enc-2nd-layernorm enc-MLP-GEMM-1 enc-MLP-gelu enc-MLP-GEMM-2 enc-post-MLP-dropout enc-1st-layernorm enc-attention-qkv enc-attention-score enc-attention-softmax enc-attention-dropout enc-attention-context enc-attention-dense enc-post-attention-dropout enc-2nd-layernorm enc-MLP-GEMM-1 enc-MLP-gelu enc-MLP-GEMM-2 enc-post-MLP-dropout enc-1st-layernorm enc-attention-qkv enc-attention-score enc-attention-softmax enc-attention-dropout enc-attention-context enc-attention-dense enc-post-attention-dropout enc-2nd-layernorm enc-MLP-GEMM-1 enc-MLP-gelu enc-MLP-GEMM-2 enc-post-MLP-dropout enc-1st-layernorm enc-attention-qkv enc-attention-score enc-attention-softmax enc-attention-dropout enc-attention-context enc-attention-dense enc-post-attention-dropout enc-2nd-layernorm enc-MLP-GEMM-1 enc-MLP-gelu enc-MLP-GEMM-2 enc-post-MLP-dropout enc-1st-layernorm enc-attention-qkv enc-attention-score enc-attention-softmax enc-attention-dropout enc-attention-context enc-attention-dense enc-post-attention-dropout enc-2nd-layernorm enc-MLP-GEMM-1 enc-MLP-gelu enc-MLP-GEMM-2 enc-post-MLP-dropout enc-1st-layernorm enc-attention-qkv enc-attention-score enc-attention-softmax enc-attention-dropout enc-attention-context enc-attention-dense enc-post-attention-dropout enc-2nd-layernorm enc-MLP-GEMM-1 enc-MLP-gelu enc-MLP-GEMM-2 enc-post-MLP-dropout enc-1st-layernorm enc-attention-qkv enc-attention-score enc-attention-softmax enc-attention-dropout enc-attention-context enc-attention-dense enc-post-attention-dropout enc-2nd-layernorm enc-MLP-GEMM-1 enc-MLP-gelu enc-MLP-GEMM-2 enc-post-MLP-dropout enc-1st-layernorm enc-attention-qkv enc-attention-score enc-attention-softmax enc-attention-dropout enc-attention-context enc-attention-dense enc-post-attention-dropout enc-2nd-layernorm enc-MLP-GEMM-1 enc-MLP-gelu enc-MLP-GEMM-2 enc-post-MLP-dropout enc-1st-layernorm enc-attention-qkv enc-attention-score enc-attention-softmax enc-attention-dropout enc-attention-context enc-attention-dense enc-post-attention-dropout enc-2nd-layernorm enc-MLP-GEMM-1 enc-MLP-gelu enc-MLP-GEMM-2 enc-post-MLP-dropout enc-1st-layernorm enc-attention-qkv enc-attention-score enc-attention-softmax enc-attention-dropout enc-attention-context enc-attention-dense enc-post-attention-dropout enc-2nd-layernorm enc-MLP-GEMM-1 enc-MLP-gelu enc-MLP-GEMM-2 enc-post-MLP-dropout enc-1st-layernorm enc-attention-qkv enc-attention-score enc-attention-softmax enc-attention-dropout enc-attention-context enc-attention-dense enc-post-attention-dropout enc-2nd-layernorm enc-MLP-GEMM-1 enc-MLP-gelu enc-MLP-GEMM-2 enc-post-MLP-dropout enc-1st-layernorm enc-attention-qkv enc-attention-score enc-attention-softmax enc-attention-dropout enc-attention-context enc-attention-dense enc-post-attention-dropout enc-2nd-layernorm enc-MLP-GEMM-1 enc-MLP-gelu enc-MLP-GEMM-2 enc-post-MLP-dropout enc-1st-layernorm enc-attention-qkv enc-attention-score enc-attention-softmax enc-attention-dropout enc-attention-context enc-attention-dense enc-post-attention-dropout enc-2nd-layernorm enc-MLP-GEMM-1 enc-MLP-gelu enc-MLP-GEMM-2 enc-post-MLP-dropout enc-1st-layernorm enc-attention-qkv enc-attention-score enc-attention-softmax enc-attention-dropout enc-attention-context enc-attention-dense enc-post-attention-dropout enc-2nd-layernorm enc-MLP-GEMM-1 enc-MLP-gelu enc-MLP-GEMM-2 enc-post-MLP-dropout enc-1st-layernorm enc-attention-qkv enc-attention-score enc-attention-softmax enc-attention-dropout enc-attention-context enc-attention-dense enc-post-attention-dropout enc-2nd-layernorm enc-MLP-GEMM-1 enc-MLP-gelu enc-MLP-GEMM-2 enc-post-MLP-dropout enc-1st-layernorm enc-attention-qkv enc-attention-score enc-attention-softmax enc-attention-dropout enc-attention-context enc-attention-dense enc-post-attention-dropout enc-2nd-layernorm enc-MLP-GEMM-1 enc-MLP-gelu enc-MLP-GEMM-2 enc-post-MLP-dropout enc-1st-layernorm enc-attention-qkv enc-attention-score enc-attention-softmax enc-attention-dropout enc-attention-context enc-attention-dense enc-post-attention-dropout enc-2nd-layernorm enc-MLP-GEMM-1 enc-MLP-gelu enc-MLP-GEMM-2 enc-post-MLP-dropout enc-1st-layernorm enc-attention-qkv enc-attention-score enc-attention-softmax enc-attention-dropout enc-attention-context enc-attention-dense enc-post-attention-dropout enc-2nd-layernorm enc-MLP-GEMM-1 enc-MLP-gelu enc-MLP-GEMM-2 enc-post-MLP-dropout enc-1st-layernorm enc-attention-qkv enc-attention-score enc-attention-softmax enc-attention-dropout enc-attention-context enc-attention-dense enc-post-attention-dropout enc-2nd-layernorm enc-MLP-GEMM-1 enc-MLP-gelu enc-MLP-GEMM-2 enc-post-MLP-dropout enc-1st-layernorm enc-attention-qkv enc-attention-score enc-attention-softmax enc-attention-dropout enc-attention-context enc-attention-dense enc-post-attention-dropout enc-2nd-layernorm enc-MLP-GEMM-1 enc-MLP-gelu enc-MLP-GEMM-2 enc-post-MLP-dropout enc-1st-layernorm enc-attention-qkv enc-attention-score enc-attention-softmax enc-attention-dropout enc-attention-context enc-attention-dense enc-post-attention-dropout enc-2nd-layernorm enc-MLP-GEMM-1 enc-MLP-gelu enc-MLP-GEMM-2 enc-post-MLP-dropout enc-1st-layernorm enc-attention-qkv enc-attention-score enc-attention-softmax enc-attention-dropout enc-attention-context enc-attention-dense enc-post-attention-dropout enc-2nd-layernorm enc-MLP-GEMM-1 enc-MLP-gelu enc-MLP-GEMM-2 enc-post-MLP-dropout enc-1st-layernorm enc-attention-qkv enc-attention-score enc-attention-softmax enc-attention-dropout enc-attention-context enc-attention-dense enc-post-attention-dropout enc-2nd-layernorm enc-MLP-GEMM-1 enc-MLP-gelu enc-MLP-GEMM-2 enc-post-MLP-dropout enc-1st-layernorm enc-attention-qkv enc-attention-score enc-attention-softmax enc-attention-dropout enc-attention-context enc-attention-dense enc-post-attention-dropout enc-2nd-layernorm enc-MLP-GEMM-1 enc-MLP-gelu enc-MLP-GEMM-2 enc-post-MLP-dropout enc-1st-layernorm enc-attention-qkv enc-attention-score enc-attention-softmax enc-attention-dropout enc-attention-context enc-attention-dense enc-post-attention-dropout enc-2nd-layernorm enc-MLP-GEMM-1 enc-MLP-gelu enc-MLP-GEMM-2 enc-post-MLP-dropout enc-1st-layernorm enc-attention-qkv enc-attention-score enc-attention-softmax enc-attention-dropout enc-attention-context enc-attention-dense enc-post-attention-dropout enc-2nd-layernorm enc-MLP-GEMM-1 enc-MLP-gelu enc-MLP-GEMM-2 enc-post-MLP-dropout enc-1st-layernorm enc-attention-qkv enc-attention-score enc-attention-softmax enc-attention-dropout enc-attention-context enc-attention-dense enc-post-attention-dropout enc-2nd-layernorm enc-MLP-GEMM-1 enc-MLP-gelu enc-MLP-GEMM-2 enc-post-MLP-dropout enc-1st-layernorm enc-attention-qkv enc-attention-score enc-attention-softmax enc-attention-dropout enc-attention-context enc-attention-dense enc-post-attention-dropout enc-2nd-layernorm enc-MLP-GEMM-1 enc-MLP-gelu enc-MLP-GEMM-2 enc-post-MLP-dropout enc-1st-layernorm enc-attention-qkv enc-attention-score enc-attention-softmax enc-attention-dropout enc-attention-context enc-attention-dense enc-post-attention-dropout enc-2nd-layernorm enc-MLP-GEMM-1 enc-MLP-gelu enc-MLP-GEMM-2 enc-post-MLP-dropout enc-1st-layernorm enc-attention-qkv enc-attention-score enc-attention-softmax enc-attention-dropout enc-attention-context enc-attention-dense enc-post-attention-dropout enc-2nd-layernorm enc-MLP-GEMM-1 enc-MLP-gelu enc-MLP-GEMM-2 enc-post-MLP-dropout enc-1st-layernorm enc-attention-qkv enc-attention-score enc-attention-softmax enc-attention-dropout enc-attention-context enc-attention-dense enc-post-attention-dropout enc-2nd-layernorm enc-MLP-GEMM-1 enc-MLP-gelu enc-MLP-GEMM-2 enc-post-MLP-dropout enc-1st-layernorm enc-attention-qkv enc-attention-score enc-attention-softmax enc-attention-dropout enc-attention-context enc-attention-dense enc-post-attention-dropout enc-2nd-layernorm enc-MLP-GEMM-1 enc-MLP-gelu enc-MLP-GEMM-2 enc-post-MLP-dropout enc-1st-layernorm enc-attention-qkv enc-attention-score enc-attention-softmax enc-attention-dropout enc-attention-context enc-attention-dense enc-post-attention-dropout enc-2nd-layernorm enc-MLP-GEMM-1 enc-MLP-gelu enc-MLP-GEMM-2 enc-post-MLP-dropout enc-1st-layernorm enc-attention-qkv enc-attention-score enc-attention-softmax enc-attention-dropout enc-attention-context enc-attention-dense enc-post-attention-dropout enc-2nd-layernorm enc-MLP-GEMM-1 enc-MLP-gelu enc-MLP-GEMM-2 enc-post-MLP-dropout enc-1st-layernorm enc-attention-qkv enc-attention-score enc-attention-softmax enc-attention-dropout enc-attention-context enc-attention-dense enc-post-attention-dropout enc-2nd-layernorm enc-MLP-GEMM-1 enc-MLP-gelu enc-MLP-GEMM-2 enc-post-MLP-dropout enc-1st-layernorm enc-attention-qkv enc-attention-score enc-attention-softmax enc-attention-dropout enc-attention-context enc-attention-dense enc-post-attention-dropout enc-2nd-layernorm enc-MLP-GEMM-1 enc-MLP-gelu enc-MLP-GEMM-2 enc-post-MLP-dropout enc-1st-layernorm enc-attention-qkv enc-attention-score enc-attention-softmax enc-attention-dropout enc-attention-context enc-attention-dense enc-post-attention-dropout enc-2nd-layernorm enc-MLP-GEMM-1 enc-MLP-gelu enc-MLP-GEMM-2 enc-post-MLP-dropout enc-1st-layernorm enc-attention-qkv enc-attention-score enc-attention-softmax enc-attention-dropout enc-attention-context enc-attention-dense enc-post-attention-dropout enc-2nd-layernorm enc-MLP-GEMM-1 enc-MLP-gelu enc-MLP-GEMM-2 enc-post-MLP-dropout enc-1st-layernorm enc-attention-qkv enc-attention-score enc-attention-softmax enc-attention-dropout enc-attention-context enc-attention-dense enc-post-attention-dropout enc-2nd-layernorm enc-MLP-GEMM-1 enc-MLP-gelu enc-MLP-GEMM-2 enc-post-MLP-dropout enc-1st-layernorm enc-attention-qkv enc-attention-score enc-attention-softmax enc-attention-dropout enc-attention-context enc-attention-dense enc-post-attention-dropout enc-2nd-layernorm enc-MLP-GEMM-1 enc-MLP-gelu enc-MLP-GEMM-2 enc-post-MLP-dropout enc-1st-layernorm enc-attention-qkv enc-attention-score enc-attention-softmax enc-attention-dropout enc-attention-context enc-attention-dense enc-post-attention-dropout enc-2nd-layernorm enc-MLP-GEMM-1 
 > number of parameters on (tensor, pipeline) model parallel rank (0, 4): 202541568
 > number of parameters on (tensor, pipeline) model parallel rank (0, 0): 227507712
[rank 5 all ops] "enc-attention-score","enc-attention-softmax","enc-attention-dropout","enc-attention-context","enc-attention-dense","enc-post-attention-dropout","enc-2nd-layernorm","enc-MLP-GEMM-1","enc-MLP-gelu","enc-MLP-GEMM-2","enc-post-MLP-dropout","enc-1st-layernorm","enc-attention-qkv","enc-attention-score","enc-attention-softmax","enc-attention-dropout","enc-attention-context","enc-attention-dense","enc-post-attention-dropout","enc-2nd-layernorm","enc-MLP-GEMM-1","enc-MLP-gelu","enc-MLP-GEMM-2","enc-post-MLP-dropout","enc-1st-layernorm","enc-attention-qkv","enc-attention-score","enc-attention-softmax","enc-attention-dropout","enc-attention-context","enc-attention-dense","enc-post-attention-dropout","enc-2nd-layernorm","enc-MLP-GEMM-1","enc-MLP-gelu","enc-MLP-GEMM-2","enc-post-MLP-dropout","enc-1st-layernorm","enc-attention-qkv","enc-attention-score","enc-attention-softmax","enc-attention-dropout","enc-attention-context","enc-attention-dense","enc-post-attention-dropout","enc-2nd-layernorm","enc-MLP-GEMM-1","enc-MLP-gelu","enc-MLP-GEMM-2","enc-post-MLP-dropout","enc-1st-layernorm","enc-attention-qkv","enc-attention-score","enc-attention-softmax","enc-attention-dropout","enc-attention-context","enc-attention-dense","enc-post-attention-dropout","enc-2nd-layernorm","enc-MLP-GEMM-1","enc-MLP-gelu","enc-MLP-GEMM-2","enc-post-MLP-dropout","enc-1st-layernorm","enc-attention-qkv","enc-attention-score","enc-attention-softmax","enc-attention-dropout","enc-attention-context","enc-attention-dense","enc-post-attention-dropout","enc-2nd-layernorm","enc-MLP-GEMM-1","enc-MLP-gelu","enc-MLP-GEMM-2","enc-post-MLP-dropout","enc-1st-layernorm","enc-attention-qkv","enc-attention-score","enc-attention-softmax","enc-attention-dropout","enc-attention-context","enc-attention-dense","enc-post-attention-dropout","enc-2nd-layernorm","enc-MLP-GEMM-1","enc-MLP-gelu","enc-MLP-GEMM-2","enc-post-MLP-dropout","enc-1st-layernorm","enc-attention-qkv","enc-attention-score","enc-attention-softmax","enc-attention-dropout","enc-attention-context","enc-attention-dense","enc-post-attention-dropout","enc-2nd-layernorm","enc-MLP-GEMM-1","enc-MLP-gelu","enc-MLP-GEMM-2","enc-post-MLP-dropout","enc-1st-layernorm","enc-attention-qkv","enc-attention-score","enc-attention-softmax","enc-attention-dropout","enc-attention-context","enc-attention-dense","enc-post-attention-dropout","enc-2nd-layernorm","enc-MLP-GEMM-1","enc-MLP-gelu","enc-MLP-GEMM-2","enc-post-MLP-dropout","enc-1st-layernorm","enc-attention-qkv","enc-attention-score","enc-attention-softmax","enc-attention-dropout","enc-attention-context","enc-attention-dense","enc-post-attention-dropout","enc-2nd-layernorm","enc-MLP-GEMM-1","enc-MLP-gelu","enc-MLP-GEMM-2","enc-post-MLP-dropout","enc-1st-layernorm","enc-attention-qkv","enc-attention-score","enc-attention-softmax","enc-attention-dropout","enc-attention-context","enc-attention-dense","enc-post-attention-dropout","enc-2nd-layernorm","enc-MLP-GEMM-1","enc-MLP-gelu","enc-MLP-GEMM-2","enc-post-MLP-dropout","enc-1st-layernorm","enc-attention-qkv","enc-attention-score","enc-attention-softmax","enc-attention-dropout","enc-attention-context","enc-attention-dense","enc-post-attention-dropout","enc-2nd-layernorm","enc-MLP-GEMM-1","enc-MLP-gelu","enc-MLP-GEMM-2","enc-post-MLP-dropout","enc-1st-layernorm","enc-attention-qkv","enc-attention-score","enc-attention-softmax","enc-attention-dropout","enc-attention-context","enc-attention-dense","enc-post-attention-dropout","enc-2nd-layernorm","enc-MLP-GEMM-1","enc-MLP-gelu","enc-MLP-GEMM-2","enc-post-MLP-dropout","enc-1st-layernorm","enc-attention-qkv","enc-attention-score","enc-attention-softmax","enc-attention-dropout","enc-attention-context","enc-attention-dense","enc-post-attention-dropout","enc-2nd-layernorm","enc-MLP-GEMM-1","enc-MLP-gelu","enc-MLP-GEMM-2","enc-post-MLP-dropout","enc-1st-layernorm","enc-attention-qkv","enc-attention-score","enc-attention-softmax","enc-attention-dropout","enc-attention-context","enc-attention-dense","enc-post-attention-dropout","enc-2nd-layernorm","enc-MLP-GEMM-1","enc-MLP-gelu","enc-MLP-GEMM-2","enc-post-MLP-dropout","enc-1st-layernorm","enc-attention-qkv","enc-attention-score","enc-attention-softmax","enc-attention-dropout","enc-attention-context","enc-attention-dense","enc-post-attention-dropout","enc-2nd-layernorm","enc-MLP-GEMM-1","enc-MLP-gelu","enc-MLP-GEMM-2","enc-post-MLP-dropout","enc-1st-layernorm","enc-attention-qkv","enc-attention-score","enc-attention-softmax","enc-attention-dropout","enc-attention-context","enc-attention-dense","enc-post-attention-dropout","enc-2nd-layernorm","enc-MLP-GEMM-1","enc-MLP-gelu","enc-MLP-GEMM-2","enc-post-MLP-dropout","enc-1st-layernorm","enc-attention-qkv","enc-attention-score","enc-attention-softmax","enc-attention-dropout","enc-attention-context","enc-attention-dense","enc-post-attention-dropout","enc-2nd-layernorm","enc-MLP-GEMM-1","enc-MLP-gelu","enc-MLP-GEMM-2","enc-post-MLP-dropout","enc-1st-layernorm","enc-attention-qkv","enc-attention-score","enc-attention-softmax","enc-attention-dropout","enc-attention-context","enc-attention-dense","enc-post-attention-dropout","enc-2nd-layernorm","enc-MLP-GEMM-1","enc-MLP-gelu","enc-MLP-GEMM-2","enc-post-MLP-dropout","enc-1st-layernorm","enc-attention-qkv","enc-attention-score","enc-attention-softmax","enc-attention-dropout","enc-attention-context","enc-attention-dense","enc-post-attention-dropout","enc-2nd-layernorm","enc-MLP-GEMM-1","enc-MLP-gelu","enc-MLP-GEMM-2","enc-post-MLP-dropout","enc-1st-layernorm","enc-attention-qkv","enc-attention-score","enc-attention-softmax","enc-attention-dropout","enc-attention-context","enc-attention-dense","enc-post-attention-dropout","enc-2nd-layernorm","enc-MLP-GEMM-1","enc-MLP-gelu","enc-MLP-GEMM-2","enc-post-MLP-dropout","enc-1st-layernorm","enc-attention-qkv","enc-attention-score","enc-attention-softmax","enc-attention-dropout","enc-attention-context","enc-attention-dense","enc-post-attention-dropout","enc-2nd-layernorm","enc-MLP-GEMM-1","enc-MLP-gelu","enc-MLP-GEMM-2","enc-post-MLP-dropout","enc-1st-layernorm","enc-attention-qkv","enc-attention-score","enc-attention-softmax","enc-attention-dropout","enc-attention-context","enc-attention-dense","enc-post-attention-dropout","enc-2nd-layernorm","enc-MLP-GEMM-1","enc-MLP-gelu","enc-MLP-GEMM-2","enc-post-MLP-dropout","enc-1st-layernorm","enc-attention-qkv","enc-attention-score","enc-attention-softmax","enc-attention-dropout","enc-attention-context","enc-attention-dense","enc-post-attention-dropout","enc-2nd-layernorm","enc-MLP-GEMM-1","enc-MLP-gelu","enc-MLP-GEMM-2","enc-post-MLP-dropout","enc-1st-layernorm","enc-attention-qkv","enc-attention-score","enc-attention-softmax","enc-attention-dropout","enc-attention-context","enc-attention-dense","enc-post-attention-dropout","enc-2nd-layernorm","enc-MLP-GEMM-1","enc-MLP-gelu","enc-MLP-GEMM-2","enc-post-MLP-dropout","enc-1st-layernorm","enc-attention-qkv","enc-attention-score","enc-attention-softmax","enc-attention-dropout","enc-attention-context","enc-attention-dense","enc-post-attention-dropout","enc-2nd-layernorm","enc-MLP-GEMM-1","enc-MLP-gelu","enc-MLP-GEMM-2","enc-post-MLP-dropout","enc-1st-layernorm","enc-attention-qkv","enc-attention-score","enc-attention-softmax","enc-attention-dropout","enc-attention-context","enc-attention-dense","enc-post-attention-dropout","enc-2nd-layernorm","enc-MLP-GEMM-1","enc-MLP-gelu","enc-MLP-GEMM-2","enc-post-MLP-dropout","enc-1st-layernorm","enc-attention-qkv","enc-attention-score","enc-attention-softmax","enc-attention-dropout","enc-attention-context","enc-attention-dense","enc-post-attention-dropout","enc-2nd-layernorm","enc-MLP-GEMM-1","enc-MLP-gelu","enc-MLP-GEMM-2","enc-post-MLP-dropout","enc-1st-layernorm","enc-attention-qkv","enc-attention-score","enc-attention-softmax","enc-attention-dropout","enc-attention-context","enc-attention-dense","enc-post-attention-dropout","enc-2nd-layernorm","enc-MLP-GEMM-1","enc-MLP-gelu","enc-MLP-GEMM-2","enc-post-MLP-dropout","enc-1st-layernorm","enc-attention-qkv","enc-attention-score","enc-attention-softmax","enc-attention-dropout","enc-attention-context","enc-attention-dense","enc-post-attention-dropout","enc-2nd-layernorm","enc-MLP-GEMM-1","enc-MLP-gelu","enc-MLP-GEMM-2","enc-post-MLP-dropout","enc-1st-layernorm","enc-attention-qkv","enc-attention-score","enc-attention-softmax","enc-attention-dropout","enc-attention-context","enc-attention-dense","enc-post-attention-dropout","enc-2nd-layernorm","enc-MLP-GEMM-1","enc-MLP-gelu","enc-MLP-GEMM-2","enc-post-MLP-dropout","enc-1st-layernorm","enc-attention-qkv","enc-attention-score","enc-attention-softmax","enc-attention-dropout","enc-attention-context","enc-attention-dense","enc-post-attention-dropout","enc-2nd-layernorm","enc-MLP-GEMM-1","enc-MLP-gelu","enc-MLP-GEMM-2","enc-post-MLP-dropout","enc-1st-layernorm","enc-attention-qkv","enc-attention-score","enc-attention-softmax","enc-attention-dropout","enc-attention-context","enc-attention-dense","enc-post-attention-dropout","enc-2nd-layernorm","enc-MLP-GEMM-1","enc-MLP-gelu","enc-MLP-GEMM-2","enc-post-MLP-dropout","enc-1st-layernorm","enc-attention-qkv","enc-attention-score","enc-attention-softmax","enc-attention-dropout","enc-attention-context","enc-attention-dense","enc-post-attention-dropout","enc-2nd-layernorm","enc-MLP-GEMM-1","enc-MLP-gelu","enc-MLP-GEMM-2","enc-post-MLP-dropout","enc-1st-layernorm","enc-attention-qkv","enc-attention-score","enc-attention-softmax","enc-attention-dropout","enc-attention-context","enc-attention-dense","enc-post-attention-dropout","enc-2nd-layernorm","enc-MLP-GEMM-1","enc-MLP-gelu","enc-MLP-GEMM-2","enc-post-MLP-dropout","enc-1st-layernorm","enc-attention-qkv","enc-attention-score","enc-attention-softmax","enc-attention-dropout","enc-attention-context","enc-attention-dense","enc-post-attention-dropout","enc-2nd-layernorm","enc-MLP-GEMM-1","enc-MLP-gelu","enc-MLP-GEMM-2","enc-post-MLP-dropout","enc-1st-layernorm","enc-attention-qkv","enc-attention-score","enc-attention-softmax","enc-attention-dropout","enc-attention-context","enc-attention-dense","enc-post-attention-dropout","enc-2nd-layernorm","enc-MLP-GEMM-1","enc-MLP-gelu","enc-MLP-GEMM-2","enc-post-MLP-dropout","enc-1st-layernorm","enc-attention-qkv","enc-attention-score","enc-attention-softmax","enc-attention-dropout","enc-attention-context","enc-attention-dense","enc-post-attention-dropout","enc-2nd-layernorm","enc-MLP-GEMM-1","enc-MLP-gelu","enc-MLP-GEMM-2","enc-post-MLP-dropout","enc-1st-layernorm","enc-attention-qkv","enc-attention-score","enc-attention-softmax","enc-attention-dropout","enc-attention-context","enc-attention-dense","enc-post-attention-dropout","enc-2nd-layernorm","enc-MLP-GEMM-1","enc-MLP-gelu","enc-MLP-GEMM-2","enc-post-MLP-dropout","enc-1st-layernorm","enc-attention-qkv","enc-attention-score","enc-attention-softmax","enc-attention-dropout","enc-attention-context","enc-attention-dense","enc-post-attention-dropout","enc-2nd-layernorm","enc-MLP-GEMM-1","enc-MLP-gelu","enc-MLP-GEMM-2","enc-post-MLP-dropout","enc-1st-layernorm","enc-attention-qkv","enc-attention-score","enc-attention-softmax","enc-attention-dropout","enc-attention-context","enc-attention-dense","enc-post-attention-dropout","enc-2nd-layernorm","enc-MLP-GEMM-1","enc-MLP-gelu","enc-MLP-GEMM-2","enc-post-MLP-dropout","enc-1st-layernorm","enc-attention-qkv","enc-attention-score","enc-attention-softmax","enc-attention-dropout","enc-attention-context","enc-attention-dense","enc-post-attention-dropout","enc-2nd-layernorm","enc-MLP-GEMM-1","enc-MLP-gelu","enc-MLP-GEMM-2","enc-post-MLP-dropout","enc-1st-layernorm","enc-attention-qkv","enc-attention-score","enc-attention-softmax","enc-attention-dropout","enc-attention-context","enc-attention-dense","enc-post-attention-dropout","enc-2nd-layernorm","enc-MLP-GEMM-1","enc-MLP-gelu","enc-MLP-GEMM-2","enc-post-MLP-dropout","enc-1st-layernorm","enc-attention-qkv","enc-attention-score","enc-attention-softmax","enc-attention-dropout","enc-attention-context","enc-attention-dense","enc-post-attention-dropout","enc-2nd-layernorm","enc-MLP-GEMM-1","enc-MLP-gelu","enc-MLP-GEMM-2","enc-post-MLP-dropout","enc-1st-layernorm","enc-attention-qkv","enc-attention-score","enc-attention-softmax","enc-attention-dropout","enc-attention-context","enc-attention-dense","enc-post-attention-dropout","enc-2nd-layernorm","enc-MLP-GEMM-1","enc-MLP-gelu","enc-MLP-GEMM-2","enc-post-MLP-dropout","enc-1st-layernorm","enc-attention-qkv","enc-attention-score","enc-attention-softmax","enc-attention-dropout","enc-attention-context","enc-attention-dense","enc-post-attention-dropout","enc-2nd-layernorm","enc-MLP-GEMM-1","enc-MLP-gelu","enc-MLP-GEMM-2","enc-post-MLP-dropout","enc-1st-layernorm","enc-attention-qkv","enc-attention-score","enc-attention-softmax","enc-attention-dropout","enc-attention-context","enc-attention-dense","enc-post-attention-dropout","enc-2nd-layernorm","enc-MLP-GEMM-1","enc-MLP-gelu","enc-MLP-GEMM-2","enc-post-MLP-dropout","enc-1st-layernorm","enc-attention-qkv","enc-attention-score","enc-attention-softmax","enc-attention-dropout","enc-attention-context","enc-attention-dense","enc-post-attention-dropout","enc-2nd-layernorm","enc-MLP-GEMM-1","enc-MLP-gelu","enc-MLP-GEMM-2","enc-post-MLP-dropout","enc-1st-layernorm","enc-attention-qkv","enc-attention-score","enc-attention-softmax","enc-attention-dropout","enc-attention-context","enc-attention-dense","enc-post-attention-dropout","enc-2nd-layernorm","enc-MLP-GEMM-1","enc-MLP-gelu","enc-MLP-GEMM-2","enc-post-MLP-dropout","enc-1st-layernorm","enc-attention-qkv","enc-attention-score","enc-attention-softmax","enc-attention-dropout","enc-attention-context","enc-attention-dense","enc-post-attention-dropout","enc-2nd-layernorm","enc-MLP-GEMM-1","enc-MLP-gelu","enc-MLP-GEMM-2","enc-post-MLP-dropout","enc-1st-layernorm","enc-attention-qkv","enc-attention-score","enc-attention-softmax","enc-attention-dropout","enc-attention-context","enc-attention-dense","enc-post-attention-dropout","enc-2nd-layernorm","enc-MLP-GEMM-1","enc-MLP-gelu","enc-MLP-GEMM-2","enc-post-MLP-dropout","enc-1st-layernorm","enc-attention-qkv","enc-attention-score","enc-attention-softmax","enc-attention-dropout","enc-attention-context","enc-attention-dense","enc-post-attention-dropout","enc-2nd-layernorm","enc-MLP-GEMM-1","enc-MLP-gelu","enc-MLP-GEMM-2","enc-post-MLP-dropout","enc-1st-layernorm","enc-attention-qkv","enc-attention-score","enc-attention-softmax","enc-attention-dropout","enc-attention-context","enc-attention-dense","enc-post-attention-dropout","enc-2nd-layernorm","enc-MLP-GEMM-1","enc-MLP-gelu","enc-MLP-GEMM-2","enc-post-MLP-dropout","enc-1st-layernorm","enc-attention-qkv","enc-attention-score","enc-attention-softmax","enc-attention-dropout","enc-attention-context","enc-attention-dense","enc-post-attention-dropout","enc-2nd-layernorm","enc-MLP-GEMM-1","enc-MLP-gelu","enc-MLP-GEMM-2","enc-post-MLP-dropout","enc-1st-layernorm","enc-attention-qkv","enc-attention-score","enc-attention-softmax","enc-attention-dropout","enc-attention-context","enc-attention-dense","enc-post-attention-dropout","enc-2nd-layernorm","enc-MLP-GEMM-1","enc-MLP-gelu","enc-MLP-GEMM-2","enc-post-MLP-dropout","enc-1st-layernorm","enc-attention-qkv","enc-attention-score","enc-attention-softmax","enc-attention-dropout","enc-attention-context","enc-attention-dense","enc-post-attention-dropout","enc-2nd-layernorm","enc-MLP-GEMM-1","enc-MLP-gelu","enc-MLP-GEMM-2","enc-post-MLP-dropout","enc-1st-layernorm","enc-attention-qkv","enc-attention-score","enc-attention-softmax","enc-attention-dropout","enc-attention-context","enc-attention-dense","enc-post-attention-dropout","enc-2nd-layernorm","enc-MLP-GEMM-1","enc-MLP-gelu","enc-MLP-GEMM-2","enc-post-MLP-dropout","enc-1st-layernorm","enc-attention-qkv","enc-attention-score","enc-attention-softmax","enc-attention-dropout","enc-attention-context","enc-attention-dense","enc-post-attention-dropout","enc-2nd-layernorm","enc-MLP-GEMM-1","enc-MLP-gelu","enc-MLP-GEMM-2","enc-post-MLP-dropout","enc-1st-layernorm","enc-attention-qkv","enc-attention-score","enc-attention-softmax","enc-attention-dropout","enc-attention-context","enc-attention-dense","enc-post-attention-dropout","enc-2nd-layernorm","enc-MLP-GEMM-1","enc-MLP-gelu","enc-MLP-GEMM-2","enc-post-MLP-dropout","enc-1st-layernorm","enc-attention-qkv","enc-attention-score","enc-attention-softmax","enc-attention-dropout","enc-attention-context","enc-attention-dense","enc-post-attention-dropout","enc-2nd-layernorm","enc-MLP-GEMM-1","enc-MLP-gelu","enc-MLP-GEMM-2","enc-post-MLP-dropout","enc-1st-layernorm","enc-attention-qkv","enc-attention-score","enc-attention-softmax","enc-attention-dropout","enc-attention-context","enc-attention-dense","enc-post-attention-dropout","enc-2nd-layernorm","enc-MLP-GEMM-1","enc-MLP-gelu","enc-MLP-GEMM-2","enc-post-MLP-dropout","enc-1st-layernorm","enc-attention-qkv","enc-attention-score","enc-attention-softmax","enc-attention-dropout","enc-attention-context","enc-attention-dense","enc-post-attention-dropout","enc-2nd-layernorm","enc-MLP-GEMM-1","enc-MLP-gelu","enc-MLP-GEMM-2","enc-post-MLP-dropout","enc-1st-layernorm","enc-attention-qkv","enc-attention-score","enc-attention-softmax","enc-attention-dropout","enc-attention-context","enc-attention-dense","enc-post-attention-dropout","enc-2nd-layernorm","enc-MLP-GEMM-1","enc-MLP-gelu","enc-MLP-GEMM-2","enc-post-MLP-dropout","enc-1st-layernorm","enc-attention-qkv","enc-attention-score","enc-attention-softmax","enc-attention-dropout","enc-attention-context","enc-attention-dense","enc-post-attention-dropout","enc-2nd-layernorm","enc-MLP-GEMM-1","enc-MLP-gelu","enc-MLP-GEMM-2","enc-post-MLP-dropout","enc-1st-layernorm","enc-attention-qkv","enc-attention-score","enc-attention-softmax","enc-attention-dropout","enc-attention-context","enc-attention-dense","enc-post-attention-dropout","enc-2nd-layernorm","enc-MLP-GEMM-1","enc-MLP-gelu","enc-MLP-GEMM-2","enc-post-MLP-dropout","enc-1st-layernorm","enc-attention-qkv","enc-attention-score","enc-attention-softmax",
[rank 5 recompute ops] enc-attention-score enc-attention-softmax enc-attention-dropout enc-attention-context enc-attention-dense enc-post-attention-dropout enc-2nd-layernorm enc-MLP-GEMM-1 enc-MLP-gelu enc-MLP-GEMM-2 enc-post-MLP-dropout enc-1st-layernorm enc-attention-qkv enc-attention-score enc-attention-softmax enc-attention-dropout enc-attention-context enc-attention-dense enc-post-attention-dropout enc-2nd-layernorm enc-MLP-GEMM-1 enc-MLP-gelu enc-post-MLP-dropout enc-1st-layernorm enc-attention-qkv enc-attention-score enc-attention-softmax enc-attention-dropout enc-attention-context enc-attention-dense enc-post-attention-dropout enc-2nd-layernorm enc-MLP-GEMM-1 enc-MLP-gelu enc-post-MLP-dropout enc-1st-layernorm enc-attention-qkv enc-attention-score enc-attention-softmax enc-attention-dropout enc-attention-context enc-post-attention-dropout enc-2nd-layernorm enc-MLP-GEMM-1 enc-MLP-gelu enc-post-MLP-dropout enc-1st-layernorm enc-attention-qkv enc-attention-score enc-attention-softmax enc-attention-dropout enc-attention-context enc-post-attention-dropout enc-2nd-layernorm enc-MLP-GEMM-1 enc-MLP-gelu enc-post-MLP-dropout enc-1st-layernorm enc-attention-qkv enc-attention-score enc-attention-softmax enc-attention-dropout enc-attention-context enc-post-attention-dropout enc-2nd-layernorm enc-MLP-GEMM-1 enc-MLP-gelu enc-post-MLP-dropout enc-1st-layernorm enc-attention-qkv enc-attention-score enc-attention-softmax enc-attention-dropout enc-attention-context enc-post-attention-dropout enc-2nd-layernorm enc-MLP-GEMM-1 enc-MLP-gelu enc-post-MLP-dropout enc-1st-layernorm enc-attention-qkv enc-attention-score enc-attention-softmax enc-attention-dropout enc-attention-context enc-post-attention-dropout enc-2nd-layernorm enc-MLP-GEMM-1 enc-MLP-gelu enc-attention-qkv enc-attention-score enc-attention-softmax enc-attention-dropout enc-attention-context enc-post-attention-dropout enc-2nd-layernorm enc-MLP-GEMM-1 enc-MLP-gelu enc-attention-qkv enc-attention-score enc-attention-softmax enc-attention-dropout enc-attention-context enc-post-attention-dropout enc-2nd-layernorm enc-MLP-GEMM-1 enc-MLP-gelu enc-attention-qkv enc-attention-score enc-attention-softmax enc-attention-dropout enc-attention-context enc-post-attention-dropout enc-2nd-layernorm enc-MLP-GEMM-1 enc-MLP-gelu enc-attention-qkv enc-attention-score enc-attention-softmax enc-attention-dropout enc-attention-context enc-post-attention-dropout enc-2nd-layernorm enc-MLP-GEMM-1 enc-MLP-gelu enc-attention-qkv enc-attention-score enc-attention-softmax enc-attention-dropout enc-attention-context enc-post-attention-dropout enc-2nd-layernorm enc-MLP-GEMM-1 enc-MLP-gelu enc-attention-qkv enc-attention-score enc-attention-softmax enc-attention-dropout enc-attention-context enc-post-attention-dropout enc-2nd-layernorm enc-MLP-GEMM-1 enc-MLP-gelu enc-attention-qkv enc-attention-score enc-attention-softmax enc-attention-dropout enc-attention-context enc-post-attention-dropout enc-2nd-layernorm enc-MLP-GEMM-1 enc-MLP-gelu enc-attention-qkv enc-attention-score enc-attention-softmax enc-attention-dropout enc-attention-context enc-post-attention-dropout enc-2nd-layernorm enc-MLP-GEMM-1 enc-MLP-gelu enc-attention-qkv enc-attention-score enc-attention-softmax enc-attention-dropout enc-attention-context enc-post-attention-dropout enc-2nd-layernorm enc-MLP-GEMM-1 enc-MLP-gelu enc-attention-qkv enc-attention-score enc-attention-softmax enc-attention-dropout enc-attention-context enc-post-attention-dropout enc-2nd-layernorm enc-MLP-GEMM-1 enc-MLP-gelu enc-attention-qkv enc-attention-score enc-attention-softmax enc-attention-dropout enc-attention-context enc-post-attention-dropout enc-2nd-layernorm enc-MLP-GEMM-1 enc-MLP-gelu enc-attention-qkv enc-attention-score enc-attention-softmax enc-attention-dropout enc-attention-context enc-post-attention-dropout enc-2nd-layernorm enc-MLP-GEMM-1 enc-MLP-gelu enc-attention-qkv enc-attention-score enc-attention-softmax enc-attention-dropout enc-attention-context enc-post-attention-dropout enc-2nd-layernorm enc-MLP-GEMM-1 enc-MLP-gelu enc-attention-qkv enc-attention-score enc-attention-softmax enc-attention-dropout enc-attention-context enc-post-attention-dropout enc-2nd-layernorm enc-MLP-GEMM-1 enc-MLP-gelu enc-attention-qkv enc-attention-score enc-attention-softmax enc-attention-dropout enc-attention-context enc-post-attention-dropout enc-2nd-layernorm enc-MLP-GEMM-1 enc-MLP-gelu enc-attention-qkv enc-attention-score enc-attention-softmax enc-attention-dropout enc-attention-context enc-post-attention-dropout enc-2nd-layernorm enc-MLP-GEMM-1 enc-MLP-gelu enc-attention-qkv enc-attention-score enc-attention-softmax enc-attention-dropout enc-attention-context enc-post-attention-dropout enc-2nd-layernorm enc-MLP-GEMM-1 enc-MLP-gelu enc-attention-qkv enc-attention-score enc-attention-softmax enc-attention-dropout enc-attention-context enc-post-attention-dropout enc-2nd-layernorm enc-MLP-GEMM-1 enc-MLP-gelu enc-attention-qkv enc-attention-score enc-attention-softmax enc-attention-dropout enc-attention-context enc-post-attention-dropout enc-2nd-layernorm enc-MLP-GEMM-1 enc-MLP-gelu enc-attention-qkv enc-attention-score enc-attention-softmax enc-attention-dropout enc-attention-context enc-post-attention-dropout enc-2nd-layernorm enc-MLP-GEMM-1 enc-MLP-gelu enc-attention-qkv enc-attention-score enc-attention-softmax enc-attention-dropout enc-attention-context enc-post-attention-dropout enc-2nd-layernorm enc-MLP-GEMM-1 enc-MLP-gelu enc-attention-qkv enc-attention-score enc-attention-softmax enc-attention-dropout enc-attention-context enc-post-attention-dropout enc-2nd-layernorm enc-MLP-GEMM-1 enc-MLP-gelu enc-attention-qkv enc-attention-score enc-attention-softmax enc-attention-dropout enc-attention-context enc-post-attention-dropout enc-2nd-layernorm enc-MLP-GEMM-1 enc-MLP-gelu enc-attention-qkv enc-attention-score enc-attention-softmax enc-attention-dropout enc-attention-context enc-post-attention-dropout enc-2nd-layernorm enc-MLP-GEMM-1 enc-MLP-gelu enc-attention-qkv enc-attention-score enc-attention-softmax enc-attention-dropout enc-attention-context enc-post-attention-dropout enc-2nd-layernorm enc-MLP-GEMM-1 enc-MLP-gelu enc-attention-qkv enc-attention-score enc-attention-softmax enc-attention-dropout enc-attention-context enc-post-attention-dropout enc-2nd-layernorm enc-MLP-GEMM-1 enc-MLP-gelu enc-attention-qkv enc-attention-score enc-attention-softmax enc-attention-dropout enc-attention-context enc-post-attention-dropout enc-2nd-layernorm enc-MLP-GEMM-1 enc-MLP-gelu enc-attention-qkv enc-attention-score enc-attention-softmax enc-attention-dropout enc-attention-context enc-post-attention-dropout enc-2nd-layernorm enc-MLP-GEMM-1 enc-MLP-gelu enc-attention-qkv enc-attention-score enc-attention-softmax enc-attention-dropout enc-attention-context enc-post-attention-dropout enc-2nd-layernorm enc-MLP-GEMM-1 enc-MLP-gelu enc-attention-qkv enc-attention-score enc-attention-softmax enc-attention-dropout enc-attention-context enc-post-attention-dropout enc-2nd-layernorm enc-MLP-GEMM-1 enc-MLP-gelu enc-attention-qkv enc-attention-score enc-attention-softmax enc-attention-dropout enc-attention-context enc-post-attention-dropout enc-2nd-layernorm enc-MLP-GEMM-1 enc-MLP-gelu enc-attention-qkv enc-attention-score enc-attention-softmax enc-attention-dropout enc-attention-context enc-post-attention-dropout enc-2nd-layernorm enc-MLP-GEMM-1 enc-MLP-gelu enc-attention-qkv enc-attention-score enc-attention-softmax enc-attention-dropout enc-attention-context enc-post-attention-dropout enc-2nd-layernorm enc-MLP-GEMM-1 enc-MLP-gelu enc-attention-qkv enc-attention-score enc-attention-softmax enc-attention-dropout enc-attention-context enc-post-attention-dropout enc-2nd-layernorm enc-MLP-GEMM-1 enc-MLP-gelu enc-attention-qkv enc-attention-score enc-attention-softmax enc-attention-dropout enc-attention-context enc-post-attention-dropout enc-2nd-layernorm enc-MLP-GEMM-1 enc-MLP-gelu enc-attention-qkv enc-attention-score enc-attention-softmax enc-attention-dropout enc-attention-context enc-post-attention-dropout enc-2nd-layernorm enc-MLP-GEMM-1 enc-MLP-gelu enc-attention-qkv enc-attention-score enc-attention-softmax enc-attention-dropout enc-attention-context enc-post-attention-dropout enc-2nd-layernorm enc-MLP-GEMM-1 enc-MLP-gelu enc-attention-qkv enc-attention-score enc-attention-softmax enc-attention-dropout enc-attention-context enc-post-attention-dropout enc-2nd-layernorm enc-MLP-GEMM-1 enc-MLP-gelu enc-attention-qkv enc-attention-score enc-attention-softmax enc-attention-dropout enc-attention-context enc-post-attention-dropout enc-2nd-layernorm enc-MLP-GEMM-1 enc-MLP-gelu enc-attention-qkv enc-attention-score enc-attention-softmax enc-attention-dropout enc-attention-context enc-post-attention-dropout enc-2nd-layernorm enc-MLP-GEMM-1 enc-MLP-gelu enc-attention-qkv enc-attention-score enc-attention-softmax enc-attention-dropout enc-attention-context enc-post-attention-dropout enc-2nd-layernorm enc-MLP-GEMM-1 enc-MLP-gelu enc-attention-qkv enc-attention-score enc-attention-softmax enc-attention-dropout enc-attention-context enc-post-attention-dropout enc-2nd-layernorm enc-MLP-GEMM-1 enc-MLP-gelu enc-attention-qkv enc-attention-score enc-attention-softmax enc-attention-dropout enc-attention-context enc-post-attention-dropout enc-2nd-layernorm enc-MLP-GEMM-1 enc-MLP-gelu enc-attention-qkv enc-attention-score enc-attention-softmax enc-attention-dropout enc-attention-context enc-post-attention-dropout enc-2nd-layernorm enc-MLP-GEMM-1 enc-MLP-gelu enc-attention-qkv enc-attention-score enc-attention-softmax enc-attention-dropout enc-attention-context enc-post-attention-dropout enc-2nd-layernorm enc-MLP-GEMM-1 enc-MLP-gelu enc-attention-qkv enc-attention-score enc-attention-softmax enc-attention-dropout enc-attention-context enc-post-attention-dropout enc-2nd-layernorm enc-MLP-GEMM-1 enc-MLP-gelu enc-attention-qkv enc-attention-score enc-attention-softmax enc-attention-dropout enc-attention-context enc-post-attention-dropout enc-2nd-layernorm enc-MLP-GEMM-1 enc-MLP-gelu enc-attention-qkv enc-attention-score enc-attention-softmax enc-attention-dropout enc-attention-context enc-post-attention-dropout enc-2nd-layernorm enc-MLP-GEMM-1 enc-MLP-gelu enc-attention-qkv enc-attention-score enc-attention-softmax enc-attention-dropout enc-attention-context enc-post-attention-dropout enc-2nd-layernorm enc-MLP-GEMM-1 enc-MLP-gelu enc-attention-qkv enc-attention-score enc-attention-softmax enc-attention-dropout enc-attention-context enc-post-attention-dropout enc-2nd-layernorm enc-MLP-GEMM-1 enc-MLP-gelu enc-attention-qkv enc-attention-score enc-attention-softmax enc-attention-dropout enc-attention-context enc-post-attention-dropout enc-2nd-layernorm enc-MLP-GEMM-1 enc-MLP-gelu enc-attention-qkv enc-attention-score enc-attention-softmax enc-attention-dropout enc-attention-context enc-post-attention-dropout enc-2nd-layernorm enc-MLP-GEMM-1 enc-MLP-gelu enc-attention-qkv enc-attention-score enc-attention-softmax enc-attention-dropout enc-attention-context enc-post-attention-dropout enc-2nd-layernorm enc-MLP-GEMM-1 enc-MLP-gelu enc-attention-qkv enc-attention-score enc-attention-softmax enc-attention-dropout enc-attention-context enc-post-attention-dropout enc-2nd-layernorm enc-MLP-GEMM-1 enc-MLP-gelu enc-attention-qkv enc-attention-score enc-attention-softmax enc-attention-dropout enc-attention-context enc-post-attention-dropout enc-2nd-layernorm enc-MLP-GEMM-1 enc-MLP-gelu enc-attention-qkv enc-attention-score enc-attention-softmax enc-attention-dropout enc-attention-context enc-post-attention-dropout enc-2nd-layernorm enc-MLP-GEMM-1 enc-MLP-gelu enc-attention-qkv enc-attention-score enc-attention-softmax enc-attention-dropout enc-attention-context enc-post-attention-dropout enc-2nd-layernorm enc-MLP-GEMM-1 enc-MLP-gelu enc-attention-qkv enc-attention-score enc-attention-softmax 
 > number of parameters on (tensor, pipeline) model parallel rank (0, 5): 204904960
[rank 7 all ops] "enc-attention-dropout","enc-attention-context","enc-attention-dense","enc-post-attention-dropout","enc-2nd-layernorm","enc-MLP-GEMM-1","enc-MLP-gelu","enc-MLP-GEMM-2","enc-post-MLP-dropout","enc-1st-layernorm","enc-attention-qkv","enc-attention-score","enc-attention-softmax","enc-attention-dropout","enc-attention-context","enc-attention-dense","enc-post-attention-dropout","enc-2nd-layernorm","enc-MLP-GEMM-1","enc-MLP-gelu","enc-MLP-GEMM-2","enc-post-MLP-dropout","enc-1st-layernorm","enc-attention-qkv","enc-attention-score","enc-attention-softmax","enc-attention-dropout","enc-attention-context","enc-attention-dense","enc-post-attention-dropout","enc-2nd-layernorm","enc-MLP-GEMM-1","enc-MLP-gelu","enc-MLP-GEMM-2","enc-post-MLP-dropout","enc-1st-layernorm","enc-attention-qkv","enc-attention-score","enc-attention-softmax","enc-attention-dropout","enc-attention-context","enc-attention-dense","enc-post-attention-dropout","enc-2nd-layernorm","enc-MLP-GEMM-1","enc-MLP-gelu","enc-MLP-GEMM-2","enc-post-MLP-dropout","enc-1st-layernorm","enc-attention-qkv","enc-attention-score","enc-attention-softmax","enc-attention-dropout","enc-attention-context","enc-attention-dense","enc-post-attention-dropout","enc-2nd-layernorm","enc-MLP-GEMM-1","enc-MLP-gelu","enc-MLP-GEMM-2","enc-post-MLP-dropout","enc-1st-layernorm","enc-attention-qkv","enc-attention-score","enc-attention-softmax","enc-attention-dropout","enc-attention-context","enc-attention-dense","enc-post-attention-dropout","enc-2nd-layernorm","enc-MLP-GEMM-1","enc-MLP-gelu","enc-MLP-GEMM-2","enc-post-MLP-dropout","enc-1st-layernorm","enc-attention-qkv","enc-attention-score","enc-attention-softmax","enc-attention-dropout","enc-attention-context","enc-attention-dense","enc-post-attention-dropout","enc-2nd-layernorm","enc-MLP-GEMM-1","enc-MLP-gelu","enc-MLP-GEMM-2","enc-post-MLP-dropout","enc-1st-layernorm","enc-attention-qkv","enc-attention-score","enc-attention-softmax","enc-attention-dropout","enc-attention-context","enc-attention-dense","enc-post-attention-dropout","enc-2nd-layernorm","enc-MLP-GEMM-1","enc-MLP-gelu","enc-MLP-GEMM-2","enc-post-MLP-dropout","enc-1st-layernorm","enc-attention-qkv","enc-attention-score","enc-attention-softmax","enc-attention-dropout","enc-attention-context","enc-attention-dense","enc-post-attention-dropout","enc-2nd-layernorm","enc-MLP-GEMM-1","enc-MLP-gelu","enc-MLP-GEMM-2","enc-post-MLP-dropout","enc-1st-layernorm","enc-attention-qkv","enc-attention-score","enc-attention-softmax","enc-attention-dropout","enc-attention-context","enc-attention-dense","enc-post-attention-dropout","enc-2nd-layernorm","enc-MLP-GEMM-1","enc-MLP-gelu","enc-MLP-GEMM-2","enc-post-MLP-dropout","enc-1st-layernorm","enc-attention-qkv","enc-attention-score","enc-attention-softmax","enc-attention-dropout","enc-attention-context","enc-attention-dense","enc-post-attention-dropout","enc-2nd-layernorm","enc-MLP-GEMM-1","enc-MLP-gelu","enc-MLP-GEMM-2","enc-post-MLP-dropout","enc-1st-layernorm","enc-attention-qkv","enc-attention-score","enc-attention-softmax","enc-attention-dropout","enc-attention-context","enc-attention-dense","enc-post-attention-dropout","enc-2nd-layernorm","enc-MLP-GEMM-1","enc-MLP-gelu","enc-MLP-GEMM-2","enc-post-MLP-dropout","enc-1st-layernorm","enc-attention-qkv","enc-attention-score","enc-attention-softmax","enc-attention-dropout","enc-attention-context","enc-attention-dense","enc-post-attention-dropout","enc-2nd-layernorm","enc-MLP-GEMM-1","enc-MLP-gelu","enc-MLP-GEMM-2","enc-post-MLP-dropout","enc-1st-layernorm","enc-attention-qkv","enc-attention-score","enc-attention-softmax","enc-attention-dropout","enc-attention-context","enc-attention-dense","enc-post-attention-dropout","enc-2nd-layernorm","enc-MLP-GEMM-1","enc-MLP-gelu","enc-MLP-GEMM-2","enc-post-MLP-dropout","enc-1st-layernorm","enc-attention-qkv","enc-attention-score","enc-attention-softmax","enc-attention-dropout","enc-attention-context","enc-attention-dense","enc-post-attention-dropout","enc-2nd-layernorm","enc-MLP-GEMM-1","enc-MLP-gelu","enc-MLP-GEMM-2","enc-post-MLP-dropout","enc-1st-layernorm","enc-attention-qkv","enc-attention-score","enc-attention-softmax","enc-attention-dropout","enc-attention-context","enc-attention-dense","enc-post-attention-dropout","enc-2nd-layernorm","enc-MLP-GEMM-1","enc-MLP-gelu","enc-MLP-GEMM-2","enc-post-MLP-dropout","enc-1st-layernorm","enc-attention-qkv","enc-attention-score","enc-attention-softmax","enc-attention-dropout","enc-attention-context","enc-attention-dense","enc-post-attention-dropout","enc-2nd-layernorm","enc-MLP-GEMM-1","enc-MLP-gelu","enc-MLP-GEMM-2","enc-post-MLP-dropout","enc-1st-layernorm","enc-attention-qkv","enc-attention-score","enc-attention-softmax","enc-attention-dropout","enc-attention-context","enc-attention-dense","enc-post-attention-dropout","enc-2nd-layernorm","enc-MLP-GEMM-1","enc-MLP-gelu","enc-MLP-GEMM-2","enc-post-MLP-dropout","enc-1st-layernorm","enc-attention-qkv","enc-attention-score","enc-attention-softmax","enc-attention-dropout","enc-attention-context","enc-attention-dense","enc-post-attention-dropout","enc-2nd-layernorm","enc-MLP-GEMM-1","enc-MLP-gelu","enc-MLP-GEMM-2","enc-post-MLP-dropout","enc-1st-layernorm","enc-attention-qkv","enc-attention-score","enc-attention-softmax","enc-attention-dropout","enc-attention-context","enc-attention-dense","enc-post-attention-dropout","enc-2nd-layernorm","enc-MLP-GEMM-1","enc-MLP-gelu","enc-MLP-GEMM-2","enc-post-MLP-dropout","enc-1st-layernorm","enc-attention-qkv","enc-attention-score","enc-attention-softmax","enc-attention-dropout","enc-attention-context","enc-attention-dense","enc-post-attention-dropout","enc-2nd-layernorm","enc-MLP-GEMM-1","enc-MLP-gelu","enc-MLP-GEMM-2","enc-post-MLP-dropout","enc-1st-layernorm","enc-attention-qkv","enc-attention-score","enc-attention-softmax","enc-attention-dropout","enc-attention-context","enc-attention-dense","enc-post-attention-dropout","enc-2nd-layernorm","enc-MLP-GEMM-1","enc-MLP-gelu","enc-MLP-GEMM-2","enc-post-MLP-dropout","enc-1st-layernorm","enc-attention-qkv","enc-attention-score","enc-attention-softmax","enc-attention-dropout","enc-attention-context","enc-attention-dense","enc-post-attention-dropout","enc-2nd-layernorm","enc-MLP-GEMM-1","enc-MLP-gelu","enc-MLP-GEMM-2","enc-post-MLP-dropout","enc-1st-layernorm","enc-attention-qkv","enc-attention-score","enc-attention-softmax","enc-attention-dropout","enc-attention-context","enc-attention-dense","enc-post-attention-dropout","enc-2nd-layernorm","enc-MLP-GEMM-1","enc-MLP-gelu","enc-MLP-GEMM-2","enc-post-MLP-dropout","enc-1st-layernorm","enc-attention-qkv","enc-attention-score","enc-attention-softmax","enc-attention-dropout","enc-attention-context","enc-attention-dense","enc-post-attention-dropout","enc-2nd-layernorm","enc-MLP-GEMM-1","enc-MLP-gelu","enc-MLP-GEMM-2","enc-post-MLP-dropout","enc-1st-layernorm","enc-attention-qkv","enc-attention-score","enc-attention-softmax","enc-attention-dropout","enc-attention-context","enc-attention-dense","enc-post-attention-dropout","enc-2nd-layernorm","enc-MLP-GEMM-1","enc-MLP-gelu","enc-MLP-GEMM-2","enc-post-MLP-dropout","enc-1st-layernorm","enc-attention-qkv","enc-attention-score","enc-attention-softmax","enc-attention-dropout","enc-attention-context","enc-attention-dense","enc-post-attention-dropout","enc-2nd-layernorm","enc-MLP-GEMM-1","enc-MLP-gelu","enc-MLP-GEMM-2","enc-post-MLP-dropout","enc-1st-layernorm","enc-attention-qkv","enc-attention-score","enc-attention-softmax","enc-attention-dropout","enc-attention-context","enc-attention-dense","enc-post-attention-dropout","enc-2nd-layernorm","enc-MLP-GEMM-1","enc-MLP-gelu","enc-MLP-GEMM-2","enc-post-MLP-dropout","enc-1st-layernorm","enc-attention-qkv","enc-attention-score","enc-attention-softmax","enc-attention-dropout","enc-attention-context","enc-attention-dense","enc-post-attention-dropout","enc-2nd-layernorm","enc-MLP-GEMM-1","enc-MLP-gelu","enc-MLP-GEMM-2","enc-post-MLP-dropout","enc-1st-layernorm","enc-attention-qkv","enc-attention-score","enc-attention-softmax","enc-attention-dropout","enc-attention-context","enc-attention-dense","enc-post-attention-dropout","enc-2nd-layernorm","enc-MLP-GEMM-1","enc-MLP-gelu","enc-MLP-GEMM-2","enc-post-MLP-dropout","enc-1st-layernorm","enc-attention-qkv","enc-attention-score","enc-attention-softmax","enc-attention-dropout","enc-attention-context","enc-attention-dense","enc-post-attention-dropout","enc-2nd-layernorm","enc-MLP-GEMM-1","enc-MLP-gelu","enc-MLP-GEMM-2","enc-post-MLP-dropout","enc-1st-layernorm","enc-attention-qkv","enc-attention-score","enc-attention-softmax","enc-attention-dropout","enc-attention-context","enc-attention-dense","enc-post-attention-dropout","enc-2nd-layernorm","enc-MLP-GEMM-1","enc-MLP-gelu","enc-MLP-GEMM-2","enc-post-MLP-dropout","enc-1st-layernorm","enc-attention-qkv","enc-attention-score","enc-attention-softmax","enc-attention-dropout","enc-attention-context","enc-attention-dense","enc-post-attention-dropout","enc-2nd-layernorm","enc-MLP-GEMM-1","enc-MLP-gelu","enc-MLP-GEMM-2","enc-post-MLP-dropout","enc-1st-layernorm","enc-attention-qkv","enc-attention-score","enc-attention-softmax","enc-attention-dropout","enc-attention-context","enc-attention-dense","enc-post-attention-dropout","enc-2nd-layernorm","enc-MLP-GEMM-1","enc-MLP-gelu","enc-MLP-GEMM-2","enc-post-MLP-dropout","enc-1st-layernorm","enc-attention-qkv","enc-attention-score","enc-attention-softmax","enc-attention-dropout","enc-attention-context","enc-attention-dense","enc-post-attention-dropout","enc-2nd-layernorm","enc-MLP-GEMM-1","enc-MLP-gelu","enc-MLP-GEMM-2","enc-post-MLP-dropout","enc-1st-layernorm","enc-attention-qkv","enc-attention-score","enc-attention-softmax","enc-attention-dropout","enc-attention-context","enc-attention-dense","enc-post-attention-dropout","enc-2nd-layernorm","enc-MLP-GEMM-1","enc-MLP-gelu","enc-MLP-GEMM-2","enc-post-MLP-dropout","enc-1st-layernorm","enc-attention-qkv","enc-attention-score","enc-attention-softmax","enc-attention-dropout","enc-attention-context","enc-attention-dense","enc-post-attention-dropout","enc-2nd-layernorm","enc-MLP-GEMM-1","enc-MLP-gelu","enc-MLP-GEMM-2","enc-post-MLP-dropout","enc-1st-layernorm","enc-attention-qkv","enc-attention-score","enc-attention-softmax","enc-attention-dropout","enc-attention-context","enc-attention-dense","enc-post-attention-dropout","enc-2nd-layernorm","enc-MLP-GEMM-1","enc-MLP-gelu","enc-MLP-GEMM-2","enc-post-MLP-dropout","enc-1st-layernorm","enc-attention-qkv","enc-attention-score","enc-attention-softmax","enc-attention-dropout","enc-attention-context","enc-attention-dense","enc-post-attention-dropout","enc-2nd-layernorm","enc-MLP-GEMM-1","enc-MLP-gelu","enc-MLP-GEMM-2","enc-post-MLP-dropout","enc-1st-layernorm","enc-attention-qkv","enc-attention-score","enc-attention-softmax","enc-attention-dropout","enc-attention-context","enc-attention-dense","enc-post-attention-dropout","enc-2nd-layernorm","enc-MLP-GEMM-1","enc-MLP-gelu","enc-MLP-GEMM-2","enc-post-MLP-dropout","enc-1st-layernorm","enc-attention-qkv","enc-attention-score","enc-attention-softmax","enc-attention-dropout","enc-attention-context","enc-attention-dense","enc-post-attention-dropout","enc-2nd-layernorm","enc-MLP-GEMM-1","enc-MLP-gelu","enc-MLP-GEMM-2","enc-post-MLP-dropout","enc-1st-layernorm","enc-attention-qkv","enc-attention-score","enc-attention-softmax","enc-attention-dropout","enc-attention-context","enc-attention-dense","enc-post-attention-dropout","enc-2nd-layernorm","enc-MLP-GEMM-1","enc-MLP-gelu","enc-MLP-GEMM-2","enc-post-MLP-dropout","enc-1st-layernorm","enc-attention-qkv","enc-attention-score","enc-attention-softmax","enc-attention-dropout","enc-attention-context","enc-attention-dense","enc-post-attention-dropout","enc-2nd-layernorm","enc-MLP-GEMM-1","enc-MLP-gelu","enc-MLP-GEMM-2","enc-post-MLP-dropout","enc-1st-layernorm","enc-attention-qkv","enc-attention-score","enc-attention-softmax","enc-attention-dropout","enc-attention-context","enc-attention-dense","enc-post-attention-dropout","enc-2nd-layernorm","enc-MLP-GEMM-1","enc-MLP-gelu","enc-MLP-GEMM-2","enc-post-MLP-dropout","enc-1st-layernorm","enc-attention-qkv","enc-attention-score","enc-attention-softmax","enc-attention-dropout","enc-attention-context","enc-attention-dense","enc-post-attention-dropout","enc-2nd-layernorm","enc-MLP-GEMM-1","enc-MLP-gelu","enc-MLP-GEMM-2","enc-post-MLP-dropout","enc-1st-layernorm","enc-attention-qkv","enc-attention-score","enc-attention-softmax","enc-attention-dropout","enc-attention-context","enc-attention-dense","enc-post-attention-dropout","enc-2nd-layernorm","enc-MLP-GEMM-1","enc-MLP-gelu","enc-MLP-GEMM-2","enc-post-MLP-dropout","enc-1st-layernorm","enc-attention-qkv","enc-attention-score","enc-attention-softmax","enc-attention-dropout","enc-attention-context","enc-attention-dense","enc-post-attention-dropout","enc-2nd-layernorm","enc-MLP-GEMM-1","enc-MLP-gelu","enc-MLP-GEMM-2","enc-post-MLP-dropout","enc-1st-layernorm","enc-attention-qkv","enc-attention-score","enc-attention-softmax","enc-attention-dropout","enc-attention-context","enc-attention-dense","enc-post-attention-dropout","enc-2nd-layernorm","enc-MLP-GEMM-1","enc-MLP-gelu","enc-MLP-GEMM-2","enc-post-MLP-dropout","enc-1st-layernorm","enc-attention-qkv","enc-attention-score","enc-attention-softmax","enc-attention-dropout","enc-attention-context","enc-attention-dense","enc-post-attention-dropout","enc-2nd-layernorm","enc-MLP-GEMM-1","enc-MLP-gelu","enc-MLP-GEMM-2","enc-post-MLP-dropout","enc-1st-layernorm","enc-attention-qkv","enc-attention-score","enc-attention-softmax","enc-attention-dropout","enc-attention-context","enc-attention-dense","enc-post-attention-dropout","enc-2nd-layernorm","enc-MLP-GEMM-1","enc-MLP-gelu","enc-MLP-GEMM-2","enc-post-MLP-dropout","enc-1st-layernorm","enc-attention-qkv","enc-attention-score","enc-attention-softmax","enc-attention-dropout","enc-attention-context","enc-attention-dense","enc-post-attention-dropout","enc-2nd-layernorm","enc-MLP-GEMM-1","enc-MLP-gelu","enc-MLP-GEMM-2","enc-post-MLP-dropout","enc-1st-layernorm","enc-attention-qkv","enc-attention-score","enc-attention-softmax","enc-attention-dropout","enc-attention-context","enc-attention-dense","enc-post-attention-dropout","enc-2nd-layernorm","enc-MLP-GEMM-1","enc-MLP-gelu","enc-MLP-GEMM-2","enc-post-MLP-dropout","enc-1st-layernorm","enc-attention-qkv","enc-attention-score","enc-attention-softmax","enc-attention-dropout","enc-attention-context","enc-attention-dense","enc-post-attention-dropout","enc-2nd-layernorm","enc-MLP-GEMM-1","enc-MLP-gelu","enc-MLP-GEMM-2","enc-post-MLP-dropout","enc-1st-layernorm","enc-attention-qkv","enc-attention-score","enc-attention-softmax","enc-attention-dropout","enc-attention-context","enc-attention-dense","enc-post-attention-dropout","enc-2nd-layernorm","enc-MLP-GEMM-1","enc-MLP-gelu","enc-MLP-GEMM-2","enc-post-MLP-dropout","enc-1st-layernorm","enc-attention-qkv","enc-attention-score","enc-attention-softmax","enc-attention-dropout","enc-attention-context","enc-attention-dense","enc-post-attention-dropout","enc-2nd-layernorm","enc-MLP-GEMM-1","enc-MLP-gelu","enc-MLP-GEMM-2","enc-post-MLP-dropout","enc-1st-layernorm","enc-attention-qkv","enc-attention-score","enc-attention-softmax","enc-attention-dropout","enc-attention-context","enc-attention-dense","enc-post-attention-dropout","enc-2nd-layernorm","enc-MLP-GEMM-1","enc-MLP-gelu","enc-MLP-GEMM-2","enc-post-MLP-dropout","enc-1st-layernorm","enc-attention-qkv","enc-attention-score","enc-attention-softmax","enc-attention-dropout","enc-attention-context","enc-attention-dense","enc-post-attention-dropout","enc-2nd-layernorm","enc-MLP-GEMM-1","enc-MLP-gelu","enc-MLP-GEMM-2","enc-post-MLP-dropout","enc-1st-layernorm","enc-attention-qkv","enc-attention-score","enc-attention-softmax","enc-attention-dropout","enc-attention-context","enc-attention-dense","enc-post-attention-dropout","enc-2nd-layernorm","enc-MLP-GEMM-1","enc-MLP-gelu","enc-MLP-GEMM-2","enc-post-MLP-dropout","enc-1st-layernorm","enc-attention-qkv","enc-attention-score","enc-attention-softmax","enc-attention-dropout","enc-attention-context","enc-attention-dense","enc-post-attention-dropout","enc-2nd-layernorm","enc-MLP-GEMM-1","enc-MLP-gelu","enc-MLP-GEMM-2","enc-post-MLP-dropout","enc-1st-layernorm","enc-attention-qkv","enc-attention-score","enc-attention-softmax","enc-attention-dropout","enc-attention-context","enc-attention-dense","enc-post-attention-dropout","enc-2nd-layernorm","enc-MLP-GEMM-1","enc-MLP-gelu","enc-MLP-GEMM-2","enc-post-MLP-dropout","enc-1st-layernorm","enc-attention-qkv","enc-attention-score","enc-attention-softmax","enc-attention-dropout","enc-attention-context","enc-attention-dense","enc-post-attention-dropout","enc-2nd-layernorm","enc-MLP-GEMM-1","enc-MLP-gelu","enc-MLP-GEMM-2","enc-post-MLP-dropout","enc-1st-layernorm","enc-attention-qkv","enc-attention-score","enc-attention-softmax","enc-attention-dropout","enc-attention-context","enc-attention-dense","enc-post-attention-dropout","enc-2nd-layernorm","enc-MLP-GEMM-1","enc-MLP-gelu","enc-MLP-GEMM-2","enc-post-MLP-dropout","enc-1st-layernorm","enc-attention-qkv","enc-attention-score","enc-attention-softmax","enc-attention-dropout","enc-attention-context","enc-attention-dense","enc-post-attention-dropout","enc-2nd-layernorm","enc-MLP-GEMM-1","enc-MLP-gelu","enc-MLP-GEMM-2","enc-post-MLP-dropout","enc-1st-layernorm","enc-attention-qkv","enc-attention-score","enc-attention-softmax","enc-attention-dropout","enc-attention-context","enc-attention-dense","enc-post-attention-dropout","enc-2nd-layernorm","enc-MLP-GEMM-1","enc-MLP-gelu","enc-MLP-GEMM-2","enc-post-MLP-dropout","enc-1st-layernorm","enc-attention-qkv","enc-attention-score","enc-attention-softmax","enc-attention-dropout","enc-attention-context","enc-attention-dense","enc-post-attention-dropout","enc-2nd-layernorm","enc-MLP-GEMM-1","enc-MLP-gelu","enc-MLP-GEMM-2","enc-post-MLP-dropout","enc-1st-layernorm","enc-attention-qkv","enc-attention-score","enc-attention-softmax","enc-attention-dropout","enc-attention-context","enc-attention-dense","enc-post-attention-dropout","enc-2nd-layernorm","enc-MLP-GEMM-1","enc-MLP-gelu","enc-MLP-GEMM-2","enc-post-MLP-dropout","enc-1st-layernorm","enc-attention-qkv","enc-attention-score","enc-attention-softmax","enc-attention-dropout","enc-attention-context","enc-attention-dense","enc-post-attention-dropout","enc-2nd-layernorm","enc-MLP-GEMM-1","enc-MLP-gelu","enc-MLP-GEMM-2","enc-post-MLP-dropout","enc-1st-layernorm","enc-attention-qkv","enc-attention-score","enc-attention-softmax","enc-attention-dropout","enc-attention-context","enc-attention-dense","enc-post-attention-dropout","enc-2nd-layernorm","enc-MLP-GEMM-1","enc-MLP-gelu","enc-MLP-GEMM-2","enc-post-MLP-dropout","enc-1st-layernorm","enc-attention-qkv","enc-attention-score","enc-attention-softmax","enc-attention-dropout","enc-attention-context","enc-attention-dense","enc-post-attention-dropout","enc-2nd-layernorm","enc-MLP-GEMM-1","enc-MLP-gelu","enc-MLP-GEMM-2","enc-post-MLP-dropout","enc-1st-layernorm","enc-attention-qkv","enc-attention-score","enc-attention-softmax","enc-attention-dropout","enc-attention-context","enc-attention-dense","enc-post-attention-dropout","enc-2nd-layernorm","enc-MLP-GEMM-1","enc-MLP-gelu","enc-MLP-GEMM-2","enc-post-MLP-dropout","enc-1st-layernorm","enc-attention-qkv","enc-attention-score","enc-attention-softmax","enc-attention-dropout","enc-attention-context","enc-attention-dense","enc-post-attention-dropout","enc-2nd-layernorm","enc-MLP-GEMM-1","enc-MLP-gelu","enc-MLP-GEMM-2","enc-post-MLP-dropout","enc-1st-layernorm","enc-attention-qkv","enc-attention-score","enc-attention-softmax","enc-attention-dropout","enc-attention-context","enc-attention-dense","enc-post-attention-dropout","enc-2nd-layernorm","enc-MLP-GEMM-1","enc-MLP-gelu","enc-MLP-GEMM-2","enc-post-MLP-dropout","enc-1st-layernorm","enc-attention-qkv","enc-attention-score","enc-attention-softmax","enc-attention-dropout","enc-attention-context","enc-attention-dense","enc-post-attention-dropout","enc-2nd-layernorm","enc-MLP-GEMM-1","enc-MLP-gelu","enc-MLP-GEMM-2","enc-post-MLP-dropout","enc-1st-layernorm","enc-attention-qkv","enc-attention-score","enc-attention-softmax","enc-attention-dropout","enc-attention-context","enc-attention-dense","enc-post-attention-dropout","enc-2nd-layernorm","enc-MLP-GEMM-1","enc-MLP-gelu","enc-MLP-GEMM-2","enc-post-MLP-dropout","enc-1st-layernorm","enc-attention-qkv","enc-attention-score","enc-attention-softmax","enc-attention-dropout","enc-attention-context","enc-attention-dense","enc-post-attention-dropout","enc-2nd-layernorm","enc-MLP-GEMM-1","enc-MLP-gelu","enc-MLP-GEMM-2","enc-post-MLP-dropout","enc-1st-layernorm","enc-attention-qkv","enc-attention-score","enc-attention-softmax","enc-attention-dropout","enc-attention-context","enc-attention-dense","enc-post-attention-dropout","enc-2nd-layernorm","enc-MLP-GEMM-1","enc-MLP-gelu","enc-MLP-GEMM-2","enc-post-MLP-dropout","enc-1st-layernorm","enc-attention-qkv","enc-attention-score","enc-attention-softmax","enc-attention-dropout","enc-attention-context","enc-attention-dense","enc-post-attention-dropout","enc-2nd-layernorm","enc-MLP-GEMM-1","enc-MLP-gelu","enc-MLP-GEMM-2","enc-post-MLP-dropout","enc-1st-layernorm","enc-attention-qkv","enc-attention-score","enc-attention-softmax","enc-attention-dropout","enc-attention-context","enc-attention-dense","enc-post-attention-dropout","enc-2nd-layernorm","enc-MLP-GEMM-1","enc-MLP-gelu","enc-MLP-GEMM-2","enc-post-MLP-dropout","enc-1st-layernorm","enc-attention-qkv","enc-attention-score","enc-attention-softmax","enc-attention-dropout","enc-attention-context","enc-attention-dense","enc-post-attention-dropout","enc-2nd-layernorm","enc-MLP-GEMM-1","enc-MLP-gelu","enc-MLP-GEMM-2","enc-post-MLP-dropout","enc-1st-layernorm","enc-attention-qkv","enc-attention-score","enc-attention-softmax","enc-attention-dropout","enc-attention-context","enc-attention-dense","enc-post-attention-dropout","enc-2nd-layernorm","enc-MLP-GEMM-1","enc-MLP-gelu","enc-MLP-GEMM-2","enc-post-MLP-dropout","enc-1st-layernorm","enc-attention-qkv","enc-attention-score","enc-attention-softmax","enc-attention-dropout","enc-attention-context","enc-attention-dense","enc-post-attention-dropout","enc-2nd-layernorm","enc-MLP-GEMM-1","enc-MLP-gelu","enc-MLP-GEMM-2","enc-post-MLP-dropout","enc-1st-layernorm","enc-attention-qkv","enc-attention-score","enc-attention-softmax","enc-attention-dropout","enc-attention-context","enc-attention-dense","enc-post-attention-dropout","enc-2nd-layernorm","enc-MLP-GEMM-1","enc-MLP-gelu","enc-MLP-GEMM-2","enc-post-MLP-dropout","enc-1st-layernorm","enc-attention-qkv","enc-attention-score","enc-attention-softmax","enc-attention-dropout","enc-attention-context","enc-attention-dense","enc-post-attention-dropout","enc-2nd-layernorm","enc-MLP-GEMM-1","enc-MLP-gelu","enc-MLP-GEMM-2","enc-post-MLP-dropout","enc-1st-layernorm","enc-attention-qkv","enc-attention-score","enc-attention-softmax","enc-attention-dropout","enc-attention-context","enc-attention-dense","enc-post-attention-dropout","enc-2nd-layernorm","enc-MLP-GEMM-1","enc-MLP-gelu","enc-MLP-GEMM-2","enc-post-MLP-dropout","enc-1st-layernorm","enc-attention-qkv","enc-attention-score","enc-attention-softmax","enc-attention-dropout","enc-attention-context","enc-attention-dense","enc-post-attention-dropout","enc-2nd-layernorm","enc-MLP-GEMM-1","enc-MLP-gelu","enc-MLP-GEMM-2","enc-post-MLP-dropout","enc-1st-layernorm","enc-attention-qkv","enc-attention-score","enc-attention-softmax","enc-attention-dropout","enc-attention-context","enc-attention-dense","enc-post-attention-dropout","enc-2nd-layernorm","enc-MLP-GEMM-1","enc-MLP-gelu","enc-MLP-GEMM-2","enc-post-MLP-dropout","enc-1st-layernorm","enc-attention-qkv","enc-attention-score","enc-attention-softmax","enc-attention-dropout","enc-attention-context","enc-attention-dense","enc-post-attention-dropout","enc-2nd-layernorm","enc-MLP-GEMM-1","enc-MLP-gelu","enc-MLP-GEMM-2","enc-post-MLP-dropout","enc-1st-layernorm","enc-attention-qkv","enc-attention-score","enc-attention-softmax","enc-attention-dropout","enc-attention-context","enc-attention-dense","enc-post-attention-dropout","enc-2nd-layernorm","enc-MLP-GEMM-1","enc-MLP-gelu","enc-MLP-GEMM-2","enc-post-MLP-dropout","enc-1st-layernorm","enc-attention-qkv","enc-attention-score","enc-attention-softmax","enc-attention-dropout","enc-attention-context","enc-attention-dense","enc-post-attention-dropout","enc-2nd-layernorm","enc-MLP-GEMM-1","enc-MLP-gelu","enc-MLP-GEMM-2","enc-post-MLP-dropout","enc-1st-layernorm","enc-attention-qkv","enc-attention-score","enc-attention-softmax","enc-attention-dropout","enc-attention-context","enc-attention-dense","enc-post-attention-dropout","enc-2nd-layernorm","enc-MLP-GEMM-1","enc-MLP-gelu","enc-MLP-GEMM-2","enc-post-MLP-dropout","enc-1st-layernorm","enc-attention-qkv","enc-attention-score","enc-attention-softmax","enc-attention-dropout","enc-attention-context","enc-attention-dense","enc-post-attention-dropout","enc-2nd-layernorm","enc-MLP-GEMM-1","enc-MLP-gelu","enc-MLP-GEMM-2","enc-post-MLP-dropout","enc-1st-layernorm","enc-attention-qkv","enc-attention-score","enc-attention-softmax","enc-attention-dropout","enc-attention-context","enc-attention-dense","enc-post-attention-dropout","enc-2nd-layernorm","enc-MLP-GEMM-1","enc-MLP-gelu","enc-MLP-GEMM-2","enc-post-MLP-dropout","enc-1st-layernorm","enc-attention-qkv","enc-attention-score","enc-attention-softmax","enc-attention-dropout","enc-attention-context","enc-attention-dense","enc-post-attention-dropout","enc-2nd-layernorm","enc-MLP-GEMM-1","enc-MLP-gelu","enc-MLP-GEMM-2","enc-post-MLP-dropout","enc-1st-layernorm","enc-attention-qkv","enc-attention-score","enc-attention-softmax","enc-attention-dropout","enc-attention-context","enc-attention-dense","enc-post-attention-dropout","enc-2nd-layernorm","enc-MLP-GEMM-1","enc-MLP-gelu","enc-MLP-GEMM-2","enc-post-MLP-dropout","enc-1st-layernorm","enc-attention-qkv","enc-attention-score","enc-attention-softmax","enc-attention-dropout","enc-attention-context","enc-attention-dense","enc-post-attention-dropout","enc-2nd-layernorm","enc-MLP-GEMM-1","enc-MLP-gelu","enc-MLP-GEMM-2","enc-post-MLP-dropout","enc-1st-layernorm","enc-attention-qkv","enc-attention-score","enc-attention-softmax","enc-attention-dropout","enc-attention-context","enc-attention-dense","enc-post-attention-dropout","enc-2nd-layernorm","enc-MLP-GEMM-1","enc-MLP-gelu","enc-MLP-GEMM-2","enc-post-MLP-dropout","enc-1st-layernorm","enc-attention-qkv","enc-attention-score","enc-attention-softmax","enc-attention-dropout","enc-attention-context","enc-attention-dense","enc-post-attention-dropout","enc-2nd-layernorm","enc-MLP-GEMM-1","enc-MLP-gelu","enc-MLP-GEMM-2","enc-post-MLP-dropout","enc-1st-layernorm","enc-attention-qkv","enc-attention-score","enc-attention-softmax","enc-attention-dropout","enc-attention-context","enc-attention-dense","enc-post-attention-dropout","enc-2nd-layernorm","enc-MLP-GEMM-1","enc-MLP-gelu","enc-MLP-GEMM-2","enc-post-MLP-dropout","enc-1st-layernorm","enc-attention-qkv","enc-attention-score","enc-attention-softmax","enc-attention-dropout","enc-attention-context","enc-attention-dense","enc-post-attention-dropout","enc-2nd-layernorm","enc-MLP-GEMM-1","enc-MLP-gelu","enc-MLP-GEMM-2","enc-post-MLP-dropout","enc-1st-layernorm","enc-attention-qkv","enc-attention-score","enc-attention-softmax","enc-attention-dropout","enc-attention-context","enc-attention-dense","enc-post-attention-dropout","enc-2nd-layernorm","enc-MLP-GEMM-1","enc-MLP-gelu","enc-MLP-GEMM-2","enc-post-MLP-dropout","enc-1st-layernorm","enc-attention-qkv","enc-attention-score","enc-attention-softmax","enc-attention-dropout","enc-attention-context","enc-attention-dense","enc-post-attention-dropout","enc-2nd-layernorm","enc-MLP-GEMM-1","enc-MLP-gelu","enc-MLP-GEMM-2","enc-post-MLP-dropout","enc-1st-layernorm","enc-attention-qkv","enc-attention-score","enc-attention-softmax","enc-attention-dropout","enc-attention-context","enc-attention-dense","enc-post-attention-dropout","enc-2nd-layernorm","enc-MLP-GEMM-1","enc-MLP-gelu","enc-MLP-GEMM-2","enc-post-MLP-dropout","enc-1st-layernorm","enc-attention-qkv","enc-attention-score","enc-attention-softmax","enc-attention-dropout","enc-attention-context","enc-attention-dense","enc-post-attention-dropout","enc-2nd-layernorm","enc-MLP-GEMM-1","enc-MLP-gelu","enc-MLP-GEMM-2","enc-post-MLP-dropout","enc-1st-layernorm","enc-attention-qkv","enc-attention-score","enc-attention-softmax","enc-attention-dropout","enc-attention-context","enc-attention-dense","enc-post-attention-dropout","enc-2nd-layernorm","enc-MLP-GEMM-1","enc-MLP-gelu","enc-MLP-GEMM-2","enc-post-MLP-dropout","enc-1st-layernorm","enc-attention-qkv","enc-attention-score","enc-attention-softmax","enc-attention-dropout","enc-attention-context","enc-attention-dense","enc-post-attention-dropout","enc-2nd-layernorm","enc-MLP-GEMM-1","enc-MLP-gelu","enc-MLP-GEMM-2","enc-post-MLP-dropout","enc-1st-layernorm","enc-attention-qkv","enc-attention-score","enc-attention-softmax","enc-attention-dropout","enc-attention-context","enc-attention-dense","enc-post-attention-dropout","enc-2nd-layernorm","enc-MLP-GEMM-1","enc-MLP-gelu","enc-MLP-GEMM-2","enc-post-MLP-dropout","enc-1st-layernorm","enc-attention-qkv","enc-attention-score","enc-attention-softmax","enc-attention-dropout","enc-attention-context","enc-attention-dense","enc-post-attention-dropout","enc-2nd-layernorm","enc-MLP-GEMM-1","enc-MLP-gelu","enc-MLP-GEMM-2","enc-post-MLP-dropout","enc-1st-layernorm","enc-attention-qkv","enc-attention-score","enc-attention-softmax","enc-attention-dropout","enc-attention-context","enc-attention-dense","enc-post-attention-dropout","enc-2nd-layernorm","enc-MLP-GEMM-1","enc-MLP-gelu","enc-MLP-GEMM-2","enc-post-MLP-dropout","enc-1st-layernorm","enc-attention-qkv","enc-attention-score","enc-attention-softmax","enc-attention-dropout","enc-attention-context","enc-attention-dense","enc-post-attention-dropout","enc-2nd-layernorm","enc-MLP-GEMM-1","enc-MLP-gelu","enc-MLP-GEMM-2","enc-post-MLP-dropout","enc-1st-layernorm","enc-attention-qkv","enc-attention-score","enc-attention-softmax","enc-attention-dropout","enc-attention-context","enc-attention-dense","enc-post-attention-dropout","enc-2nd-layernorm","enc-MLP-GEMM-1","enc-MLP-gelu","enc-MLP-GEMM-2","enc-post-MLP-dropout","enc-1st-layernorm","enc-attention-qkv","enc-attention-score","enc-attention-softmax","enc-attention-dropout","enc-attention-context","enc-attention-dense","enc-post-attention-dropout","enc-2nd-layernorm","enc-MLP-GEMM-1","enc-MLP-gelu","enc-MLP-GEMM-2","enc-post-MLP-dropout","enc-1st-layernorm","enc-attention-qkv","enc-attention-score","enc-attention-softmax","enc-attention-dropout","enc-attention-context","enc-attention-dense","enc-post-attention-dropout","enc-2nd-layernorm","enc-MLP-GEMM-1","enc-MLP-gelu","enc-MLP-GEMM-2","enc-post-MLP-dropout","enc-1st-layernorm","enc-attention-qkv","enc-attention-score","enc-attention-softmax","enc-attention-dropout","enc-attention-context","enc-attention-dense","enc-post-attention-dropout","enc-2nd-layernorm","enc-MLP-GEMM-1","enc-MLP-gelu","enc-MLP-GEMM-2","enc-post-MLP-dropout","enc-1st-layernorm","enc-attention-qkv","enc-attention-score","enc-attention-softmax","enc-attention-dropout","enc-attention-context","enc-attention-dense","enc-post-attention-dropout","enc-2nd-layernorm","enc-MLP-GEMM-1","enc-MLP-gelu","enc-MLP-GEMM-2","enc-post-MLP-dropout","enc-1st-layernorm","enc-attention-qkv","enc-attention-score","enc-attention-softmax","enc-attention-dropout","enc-attention-context","enc-attention-dense","enc-post-attention-dropout","enc-2nd-layernorm","enc-MLP-GEMM-1","enc-MLP-gelu","enc-MLP-GEMM-2","enc-post-MLP-dropout","enc-1st-layernorm","enc-attention-qkv","enc-attention-score","enc-attention-softmax","enc-attention-dropout","enc-attention-context","enc-attention-dense","enc-post-attention-dropout","enc-2nd-layernorm","enc-MLP-GEMM-1","enc-MLP-gelu","enc-MLP-GEMM-2","enc-post-MLP-dropout","enc-1st-layernorm","enc-attention-qkv","enc-attention-score","enc-attention-softmax","enc-attention-dropout","enc-attention-context","enc-attention-dense","enc-post-attention-dropout","enc-2nd-layernorm","enc-MLP-GEMM-1","enc-MLP-gelu","enc-MLP-GEMM-2","enc-post-MLP-dropout","enc-1st-layernorm","enc-attention-qkv","enc-attention-score","enc-attention-softmax","enc-attention-dropout","enc-attention-context","enc-attention-dense","enc-post-attention-dropout","enc-2nd-layernorm","enc-MLP-GEMM-1","enc-MLP-gelu","enc-MLP-GEMM-2","enc-post-MLP-dropout","enc-1st-layernorm","enc-attention-qkv","enc-attention-score","enc-attention-softmax","enc-attention-dropout","enc-attention-context","enc-attention-dense","enc-post-attention-dropout","enc-2nd-layernorm","enc-MLP-GEMM-1","enc-MLP-gelu","enc-MLP-GEMM-2","enc-post-MLP-dropout","enc-1st-layernorm","enc-attention-qkv","enc-attention-score","enc-attention-softmax","enc-attention-dropout","enc-attention-context","enc-attention-dense","enc-post-attention-dropout","enc-2nd-layernorm","enc-MLP-GEMM-1","enc-MLP-gelu","enc-MLP-GEMM-2","enc-post-MLP-dropout","enc-1st-layernorm","enc-attention-qkv","enc-attention-score","enc-attention-softmax","enc-attention-dropout","enc-attention-context","enc-attention-dense","enc-post-attention-dropout","enc-2nd-layernorm","enc-MLP-GEMM-1","enc-MLP-gelu","enc-MLP-GEMM-2","enc-post-MLP-dropout","enc-1st-layernorm","enc-attention-qkv","enc-attention-score","enc-attention-softmax","enc-attention-dropout","enc-attention-context","enc-attention-dense","enc-post-attention-dropout","enc-2nd-layernorm","enc-MLP-GEMM-1","enc-MLP-gelu","enc-MLP-GEMM-2","enc-post-MLP-dropout","enc-1st-layernorm","enc-attention-qkv","enc-attention-score","enc-attention-softmax","enc-attention-dropout","enc-attention-context","enc-attention-dense","enc-post-attention-dropout","enc-2nd-layernorm","enc-MLP-GEMM-1","enc-MLP-gelu","enc-MLP-GEMM-2","enc-post-MLP-dropout","enc-1st-layernorm","enc-attention-qkv","enc-attention-score","enc-attention-softmax","enc-attention-dropout","enc-attention-context","enc-attention-dense","enc-post-attention-dropout","enc-2nd-layernorm","enc-MLP-GEMM-1","enc-MLP-gelu","enc-MLP-GEMM-2","enc-post-MLP-dropout","enc-1st-layernorm","enc-attention-qkv","enc-attention-score","enc-attention-softmax","enc-attention-dropout","enc-attention-context","enc-attention-dense","enc-post-attention-dropout","enc-2nd-layernorm","enc-MLP-GEMM-1","enc-MLP-gelu","enc-MLP-GEMM-2","enc-post-MLP-dropout","enc-1st-layernorm","enc-attention-qkv","enc-attention-score","enc-attention-softmax","enc-attention-dropout","enc-attention-context","enc-attention-dense","enc-post-attention-dropout","enc-2nd-layernorm","enc-MLP-GEMM-1","enc-MLP-gelu","enc-MLP-GEMM-2","enc-post-MLP-dropout","enc-1st-layernorm","enc-attention-qkv","enc-attention-score","enc-attention-softmax","enc-attention-dropout","enc-attention-context","enc-attention-dense","enc-post-attention-dropout","enc-2nd-layernorm","enc-MLP-GEMM-1","enc-MLP-gelu","enc-MLP-GEMM-2","enc-post-MLP-dropout","final-layernorm","gpt-post-process",
[rank 7 recompute ops] enc-attention-dropout enc-attention-context enc-MLP-GEMM-1 enc-MLP-gelu enc-attention-score enc-attention-softmax enc-attention-dropout enc-attention-context enc-MLP-GEMM-1 enc-MLP-gelu enc-attention-score enc-attention-softmax enc-attention-dropout enc-attention-context enc-MLP-GEMM-1 enc-MLP-gelu enc-attention-score enc-attention-softmax enc-attention-dropout enc-attention-context enc-MLP-GEMM-1 enc-MLP-gelu enc-attention-score enc-attention-softmax enc-attention-dropout enc-attention-context enc-MLP-GEMM-1 enc-MLP-gelu enc-attention-score enc-attention-softmax enc-attention-dropout enc-attention-context enc-MLP-GEMM-1 enc-MLP-gelu enc-attention-score enc-attention-softmax enc-attention-dropout enc-attention-context enc-MLP-GEMM-1 enc-MLP-gelu enc-attention-score enc-attention-softmax enc-attention-dropout enc-attention-context enc-MLP-GEMM-1 enc-MLP-gelu enc-attention-score enc-attention-softmax enc-attention-dropout enc-attention-context enc-MLP-GEMM-1 enc-MLP-gelu enc-attention-score enc-attention-softmax enc-attention-dropout enc-attention-context enc-MLP-GEMM-1 enc-MLP-gelu enc-attention-score enc-attention-softmax enc-attention-dropout enc-attention-context enc-MLP-GEMM-1 enc-MLP-gelu enc-attention-score enc-attention-softmax enc-attention-dropout enc-attention-context enc-MLP-GEMM-1 enc-MLP-gelu enc-attention-score enc-attention-softmax enc-attention-dropout enc-attention-context enc-MLP-GEMM-1 enc-MLP-gelu enc-attention-score enc-attention-softmax enc-attention-dropout enc-attention-context enc-MLP-GEMM-1 enc-MLP-gelu enc-attention-score enc-attention-softmax enc-attention-dropout enc-attention-context enc-MLP-GEMM-1 enc-MLP-gelu enc-attention-score enc-attention-softmax enc-attention-dropout enc-attention-context enc-MLP-GEMM-1 enc-MLP-gelu enc-attention-score enc-attention-softmax enc-attention-dropout enc-attention-context enc-MLP-GEMM-1 enc-MLP-gelu enc-attention-score enc-attention-softmax enc-attention-dropout enc-attention-context enc-MLP-GEMM-1 enc-MLP-gelu enc-attention-score enc-attention-softmax enc-attention-dropout enc-attention-context enc-MLP-GEMM-1 enc-MLP-gelu enc-attention-score enc-attention-softmax enc-attention-dropout enc-attention-context enc-MLP-GEMM-1 enc-MLP-gelu enc-attention-score enc-attention-softmax enc-attention-dropout enc-attention-context enc-MLP-GEMM-1 enc-MLP-gelu enc-attention-score enc-attention-softmax enc-attention-dropout enc-attention-context enc-MLP-GEMM-1 enc-MLP-gelu enc-attention-score enc-attention-softmax enc-attention-dropout enc-attention-context enc-MLP-GEMM-1 enc-MLP-gelu enc-attention-score enc-attention-softmax enc-attention-dropout enc-attention-context enc-MLP-GEMM-1 enc-MLP-gelu enc-attention-score enc-attention-softmax enc-attention-dropout enc-attention-context enc-MLP-GEMM-1 enc-MLP-gelu enc-attention-score enc-attention-softmax enc-attention-dropout enc-attention-context enc-MLP-GEMM-1 enc-MLP-gelu enc-attention-score enc-attention-softmax enc-attention-dropout enc-attention-context enc-MLP-GEMM-1 enc-MLP-gelu enc-attention-score enc-attention-softmax enc-attention-dropout enc-attention-context enc-MLP-GEMM-1 enc-MLP-gelu enc-attention-score enc-attention-softmax enc-attention-dropout enc-attention-context enc-MLP-GEMM-1 enc-MLP-gelu enc-attention-score enc-attention-softmax enc-attention-dropout enc-attention-context enc-MLP-GEMM-1 enc-MLP-gelu enc-attention-score enc-attention-softmax enc-attention-dropout enc-attention-context enc-MLP-GEMM-1 enc-MLP-gelu enc-attention-score enc-attention-softmax enc-attention-dropout enc-attention-context enc-MLP-GEMM-1 enc-MLP-gelu enc-attention-score enc-attention-softmax enc-attention-dropout enc-attention-context enc-MLP-GEMM-1 enc-MLP-gelu enc-attention-score enc-attention-softmax enc-attention-dropout enc-attention-context enc-MLP-GEMM-1 enc-MLP-gelu enc-attention-score enc-attention-softmax enc-attention-dropout enc-attention-context enc-MLP-GEMM-1 enc-MLP-gelu enc-attention-score enc-attention-softmax enc-attention-dropout enc-attention-context enc-MLP-GEMM-1 enc-MLP-gelu enc-attention-score enc-attention-softmax enc-attention-dropout enc-attention-context enc-MLP-GEMM-1 enc-MLP-gelu enc-attention-score enc-attention-softmax enc-attention-dropout enc-attention-context enc-MLP-GEMM-1 enc-MLP-gelu enc-attention-score enc-attention-softmax enc-attention-dropout enc-attention-context enc-MLP-GEMM-1 enc-MLP-gelu enc-attention-score enc-attention-softmax enc-attention-dropout enc-attention-context enc-MLP-GEMM-1 enc-MLP-gelu enc-attention-score enc-attention-softmax enc-attention-dropout enc-attention-context enc-MLP-GEMM-1 enc-MLP-gelu enc-attention-score enc-attention-softmax enc-attention-dropout enc-attention-context enc-MLP-GEMM-1 enc-MLP-gelu enc-attention-score enc-attention-softmax enc-attention-dropout enc-attention-context enc-MLP-GEMM-1 enc-MLP-gelu enc-attention-score enc-attention-softmax enc-attention-dropout enc-attention-context enc-MLP-GEMM-1 enc-MLP-gelu enc-attention-score enc-attention-softmax enc-attention-dropout enc-attention-context enc-MLP-GEMM-1 enc-MLP-gelu enc-attention-score enc-attention-softmax enc-attention-dropout enc-attention-context enc-MLP-GEMM-1 enc-MLP-gelu enc-attention-score enc-attention-softmax enc-attention-dropout enc-attention-context enc-MLP-GEMM-1 enc-MLP-gelu enc-attention-score enc-attention-softmax enc-attention-dropout enc-attention-context enc-MLP-GEMM-1 enc-MLP-gelu enc-attention-score enc-attention-softmax enc-attention-dropout enc-attention-context enc-MLP-GEMM-1 enc-MLP-gelu enc-attention-score enc-attention-softmax enc-attention-dropout enc-attention-context enc-MLP-GEMM-1 enc-MLP-gelu enc-attention-score enc-attention-softmax enc-attention-dropout enc-attention-context enc-MLP-GEMM-1 enc-MLP-gelu enc-attention-score enc-attention-softmax enc-attention-dropout enc-attention-context enc-MLP-GEMM-1 enc-MLP-gelu enc-attention-score enc-attention-softmax enc-attention-dropout enc-attention-context enc-MLP-GEMM-1 enc-MLP-gelu enc-attention-score enc-attention-softmax enc-attention-dropout enc-attention-context enc-MLP-GEMM-1 enc-MLP-gelu enc-attention-score enc-attention-softmax enc-attention-dropout enc-attention-context enc-MLP-GEMM-1 enc-MLP-gelu enc-attention-score enc-attention-softmax enc-attention-dropout enc-attention-context enc-MLP-GEMM-1 enc-MLP-gelu enc-attention-score enc-attention-softmax enc-attention-dropout enc-attention-context enc-MLP-GEMM-1 enc-MLP-gelu enc-attention-score enc-attention-softmax enc-attention-dropout enc-attention-context enc-MLP-GEMM-1 enc-MLP-gelu enc-attention-score enc-attention-softmax enc-attention-dropout enc-attention-context enc-MLP-GEMM-1 enc-MLP-gelu enc-attention-score enc-attention-softmax enc-attention-dropout enc-attention-context enc-MLP-GEMM-1 enc-MLP-gelu enc-attention-score enc-attention-softmax enc-attention-dropout enc-attention-context enc-MLP-GEMM-1 enc-MLP-gelu enc-attention-score enc-attention-softmax enc-attention-dropout enc-attention-context enc-MLP-GEMM-1 enc-MLP-gelu enc-attention-score enc-attention-softmax enc-attention-dropout enc-attention-context enc-MLP-GEMM-1 enc-MLP-gelu enc-attention-score enc-attention-softmax enc-attention-dropout enc-attention-context enc-MLP-GEMM-1 enc-MLP-gelu enc-attention-score enc-attention-softmax enc-attention-dropout enc-attention-context enc-MLP-GEMM-1 enc-MLP-gelu enc-attention-score enc-attention-softmax enc-attention-dropout enc-attention-context enc-MLP-GEMM-1 enc-MLP-gelu enc-attention-score enc-attention-softmax enc-attention-dropout enc-attention-context enc-MLP-GEMM-1 enc-MLP-gelu enc-attention-score enc-attention-softmax enc-attention-dropout enc-attention-context enc-MLP-GEMM-1 enc-MLP-gelu enc-attention-score enc-attention-softmax enc-attention-dropout enc-attention-context enc-MLP-GEMM-1 enc-MLP-gelu enc-attention-score enc-attention-softmax enc-attention-dropout enc-attention-context enc-MLP-GEMM-1 enc-MLP-gelu enc-attention-score enc-attention-softmax enc-attention-dropout enc-attention-context enc-MLP-GEMM-1 enc-MLP-gelu enc-attention-score enc-attention-softmax enc-attention-dropout enc-attention-context enc-MLP-GEMM-1 enc-MLP-gelu enc-attention-score enc-attention-softmax enc-attention-dropout enc-attention-context enc-MLP-GEMM-1 enc-MLP-gelu enc-attention-score enc-attention-softmax enc-attention-dropout enc-attention-context enc-MLP-GEMM-1 enc-MLP-gelu enc-attention-score enc-attention-softmax enc-attention-dropout enc-attention-context enc-MLP-GEMM-1 enc-MLP-gelu enc-attention-score enc-attention-softmax enc-attention-dropout enc-attention-context enc-MLP-GEMM-1 enc-MLP-gelu enc-attention-score enc-attention-softmax enc-attention-dropout enc-attention-context enc-MLP-GEMM-1 enc-MLP-gelu enc-attention-score enc-attention-softmax enc-attention-dropout enc-attention-context enc-MLP-GEMM-1 enc-MLP-gelu enc-attention-score enc-attention-softmax enc-attention-dropout enc-attention-context enc-MLP-GEMM-1 enc-MLP-gelu enc-attention-score enc-attention-softmax enc-attention-dropout enc-attention-context enc-MLP-GEMM-1 enc-MLP-gelu enc-attention-score enc-attention-softmax enc-attention-dropout enc-attention-context enc-MLP-GEMM-1 enc-MLP-gelu enc-attention-score enc-attention-softmax enc-attention-dropout enc-attention-context enc-MLP-GEMM-1 enc-MLP-gelu enc-attention-score enc-attention-softmax enc-attention-dropout enc-attention-context enc-MLP-GEMM-1 enc-MLP-gelu enc-attention-score enc-attention-softmax enc-attention-dropout enc-attention-context enc-MLP-GEMM-1 enc-MLP-gelu enc-attention-score enc-attention-softmax enc-attention-dropout enc-attention-context enc-MLP-GEMM-1 enc-MLP-gelu enc-attention-score enc-attention-softmax enc-attention-dropout enc-attention-context enc-MLP-GEMM-1 enc-MLP-gelu enc-attention-score enc-attention-softmax enc-attention-dropout enc-attention-context enc-MLP-GEMM-1 enc-MLP-gelu enc-attention-score enc-attention-softmax enc-attention-dropout enc-attention-context enc-attention-score enc-attention-softmax enc-attention-dropout enc-attention-context enc-attention-score enc-attention-softmax enc-attention-dropout enc-attention-context enc-attention-score enc-attention-softmax enc-attention-dropout enc-attention-context enc-attention-score enc-attention-softmax enc-attention-dropout enc-attention-context enc-attention-score enc-attention-softmax enc-attention-dropout enc-attention-context enc-attention-score enc-attention-softmax enc-attention-dropout enc-attention-context enc-attention-score enc-attention-softmax enc-attention-dropout enc-attention-context enc-attention-score enc-attention-softmax enc-attention-dropout enc-attention-context enc-attention-score enc-attention-softmax enc-attention-dropout enc-attention-context enc-attention-score enc-attention-softmax enc-attention-dropout enc-attention-context enc-attention-score enc-attention-softmax enc-attention-dropout enc-attention-context enc-attention-score enc-attention-softmax enc-attention-dropout enc-attention-context enc-attention-score enc-attention-softmax enc-attention-dropout enc-attention-context enc-attention-score enc-attention-softmax enc-attention-dropout enc-attention-context enc-attention-score enc-attention-softmax enc-attention-dropout enc-attention-context enc-attention-score enc-attention-softmax enc-attention-dropout enc-attention-context enc-attention-score enc-attention-softmax enc-attention-dropout enc-attention-context enc-attention-score enc-attention-softmax enc-attention-dropout enc-attention-context enc-attention-score enc-attention-softmax enc-attention-dropout enc-attention-context enc-attention-score enc-attention-softmax enc-attention-dropout enc-attention-context enc-attention-score enc-attention-softmax enc-attention-dropout enc-attention-context enc-attention-score enc-attention-softmax enc-attention-dropout enc-attention-context enc-attention-score enc-attention-softmax enc-attention-dropout enc-attention-context enc-attention-score enc-attention-softmax enc-attention-dropout enc-attention-context enc-attention-score enc-attention-softmax enc-attention-dropout enc-attention-context enc-attention-score enc-attention-softmax enc-attention-dropout enc-attention-context enc-attention-score enc-attention-softmax enc-attention-dropout enc-attention-context enc-attention-score enc-attention-softmax enc-attention-dropout enc-attention-context enc-attention-score enc-attention-softmax enc-attention-dropout enc-attention-context enc-attention-score enc-attention-softmax enc-attention-dropout enc-attention-context enc-attention-score enc-attention-softmax enc-attention-dropout enc-attention-context enc-attention-score enc-attention-softmax enc-attention-dropout enc-attention-context enc-attention-score enc-attention-softmax enc-attention-dropout enc-attention-context enc-attention-score enc-attention-softmax enc-attention-dropout enc-attention-context enc-attention-score enc-attention-softmax enc-attention-dropout enc-attention-context enc-attention-score enc-attention-softmax enc-attention-dropout enc-attention-context enc-attention-score enc-attention-softmax enc-attention-dropout enc-attention-context enc-attention-score enc-attention-softmax enc-attention-dropout enc-attention-context enc-attention-score enc-attention-softmax enc-attention-dropout enc-attention-context 
[rank 6 all ops] "enc-attention-dropout","enc-attention-context","enc-attention-dense","enc-post-attention-dropout","enc-2nd-layernorm","enc-MLP-GEMM-1","enc-MLP-gelu","enc-MLP-GEMM-2","enc-post-MLP-dropout","enc-1st-layernorm","enc-attention-qkv","enc-attention-score","enc-attention-softmax","enc-attention-dropout","enc-attention-context","enc-attention-dense","enc-post-attention-dropout","enc-2nd-layernorm","enc-MLP-GEMM-1","enc-MLP-gelu","enc-MLP-GEMM-2","enc-post-MLP-dropout","enc-1st-layernorm","enc-attention-qkv","enc-attention-score","enc-attention-softmax","enc-attention-dropout","enc-attention-context","enc-attention-dense","enc-post-attention-dropout","enc-2nd-layernorm","enc-MLP-GEMM-1","enc-MLP-gelu","enc-MLP-GEMM-2","enc-post-MLP-dropout","enc-1st-layernorm","enc-attention-qkv","enc-attention-score","enc-attention-softmax","enc-attention-dropout","enc-attention-context","enc-attention-dense","enc-post-attention-dropout","enc-2nd-layernorm","enc-MLP-GEMM-1","enc-MLP-gelu","enc-MLP-GEMM-2","enc-post-MLP-dropout","enc-1st-layernorm","enc-attention-qkv","enc-attention-score","enc-attention-softmax","enc-attention-dropout","enc-attention-context","enc-attention-dense","enc-post-attention-dropout","enc-2nd-layernorm","enc-MLP-GEMM-1","enc-MLP-gelu","enc-MLP-GEMM-2","enc-post-MLP-dropout","enc-1st-layernorm","enc-attention-qkv","enc-attention-score","enc-attention-softmax","enc-attention-dropout","enc-attention-context","enc-attention-dense","enc-post-attention-dropout","enc-2nd-layernorm","enc-MLP-GEMM-1","enc-MLP-gelu","enc-MLP-GEMM-2","enc-post-MLP-dropout","enc-1st-layernorm","enc-attention-qkv","enc-attention-score","enc-attention-softmax","enc-attention-dropout","enc-attention-context","enc-attention-dense","enc-post-attention-dropout","enc-2nd-layernorm","enc-MLP-GEMM-1","enc-MLP-gelu","enc-MLP-GEMM-2","enc-post-MLP-dropout","enc-1st-layernorm","enc-attention-qkv","enc-attention-score","enc-attention-softmax","enc-attention-dropout","enc-attention-context","enc-attention-dense","enc-post-attention-dropout","enc-2nd-layernorm","enc-MLP-GEMM-1","enc-MLP-gelu","enc-MLP-GEMM-2","enc-post-MLP-dropout","enc-1st-layernorm","enc-attention-qkv","enc-attention-score","enc-attention-softmax","enc-attention-dropout","enc-attention-context","enc-attention-dense","enc-post-attention-dropout","enc-2nd-layernorm","enc-MLP-GEMM-1","enc-MLP-gelu","enc-MLP-GEMM-2","enc-post-MLP-dropout","enc-1st-layernorm","enc-attention-qkv","enc-attention-score","enc-attention-softmax","enc-attention-dropout","enc-attention-context","enc-attention-dense","enc-post-attention-dropout","enc-2nd-layernorm","enc-MLP-GEMM-1","enc-MLP-gelu","enc-MLP-GEMM-2","enc-post-MLP-dropout","enc-1st-layernorm","enc-attention-qkv","enc-attention-score","enc-attention-softmax","enc-attention-dropout","enc-attention-context","enc-attention-dense","enc-post-attention-dropout","enc-2nd-layernorm","enc-MLP-GEMM-1","enc-MLP-gelu","enc-MLP-GEMM-2","enc-post-MLP-dropout","enc-1st-layernorm","enc-attention-qkv","enc-attention-score","enc-attention-softmax","enc-attention-dropout","enc-attention-context","enc-attention-dense","enc-post-attention-dropout","enc-2nd-layernorm","enc-MLP-GEMM-1","enc-MLP-gelu","enc-MLP-GEMM-2","enc-post-MLP-dropout","enc-1st-layernorm","enc-attention-qkv","enc-attention-score","enc-attention-softmax","enc-attention-dropout","enc-attention-context","enc-attention-dense","enc-post-attention-dropout","enc-2nd-layernorm","enc-MLP-GEMM-1","enc-MLP-gelu","enc-MLP-GEMM-2","enc-post-MLP-dropout","enc-1st-layernorm","enc-attention-qkv","enc-attention-score","enc-attention-softmax","enc-attention-dropout","enc-attention-context","enc-attention-dense","enc-post-attention-dropout","enc-2nd-layernorm","enc-MLP-GEMM-1","enc-MLP-gelu","enc-MLP-GEMM-2","enc-post-MLP-dropout","enc-1st-layernorm","enc-attention-qkv","enc-attention-score","enc-attention-softmax","enc-attention-dropout","enc-attention-context","enc-attention-dense","enc-post-attention-dropout","enc-2nd-layernorm","enc-MLP-GEMM-1","enc-MLP-gelu","enc-MLP-GEMM-2","enc-post-MLP-dropout","enc-1st-layernorm","enc-attention-qkv","enc-attention-score","enc-attention-softmax","enc-attention-dropout","enc-attention-context","enc-attention-dense","enc-post-attention-dropout","enc-2nd-layernorm","enc-MLP-GEMM-1","enc-MLP-gelu","enc-MLP-GEMM-2","enc-post-MLP-dropout","enc-1st-layernorm","enc-attention-qkv","enc-attention-score","enc-attention-softmax","enc-attention-dropout","enc-attention-context","enc-attention-dense","enc-post-attention-dropout","enc-2nd-layernorm","enc-MLP-GEMM-1","enc-MLP-gelu","enc-MLP-GEMM-2","enc-post-MLP-dropout","enc-1st-layernorm","enc-attention-qkv","enc-attention-score","enc-attention-softmax","enc-attention-dropout","enc-attention-context","enc-attention-dense","enc-post-attention-dropout","enc-2nd-layernorm","enc-MLP-GEMM-1","enc-MLP-gelu","enc-MLP-GEMM-2","enc-post-MLP-dropout","enc-1st-layernorm","enc-attention-qkv","enc-attention-score","enc-attention-softmax","enc-attention-dropout","enc-attention-context","enc-attention-dense","enc-post-attention-dropout","enc-2nd-layernorm","enc-MLP-GEMM-1","enc-MLP-gelu","enc-MLP-GEMM-2","enc-post-MLP-dropout","enc-1st-layernorm","enc-attention-qkv","enc-attention-score","enc-attention-softmax","enc-attention-dropout","enc-attention-context","enc-attention-dense","enc-post-attention-dropout","enc-2nd-layernorm","enc-MLP-GEMM-1","enc-MLP-gelu","enc-MLP-GEMM-2","enc-post-MLP-dropout","enc-1st-layernorm","enc-attention-qkv","enc-attention-score","enc-attention-softmax","enc-attention-dropout","enc-attention-context","enc-attention-dense","enc-post-attention-dropout","enc-2nd-layernorm","enc-MLP-GEMM-1","enc-MLP-gelu","enc-MLP-GEMM-2","enc-post-MLP-dropout","enc-1st-layernorm","enc-attention-qkv","enc-attention-score","enc-attention-softmax","enc-attention-dropout","enc-attention-context","enc-attention-dense","enc-post-attention-dropout","enc-2nd-layernorm","enc-MLP-GEMM-1","enc-MLP-gelu","enc-MLP-GEMM-2","enc-post-MLP-dropout","enc-1st-layernorm","enc-attention-qkv","enc-attention-score","enc-attention-softmax","enc-attention-dropout","enc-attention-context","enc-attention-dense","enc-post-attention-dropout","enc-2nd-layernorm","enc-MLP-GEMM-1","enc-MLP-gelu","enc-MLP-GEMM-2","enc-post-MLP-dropout","enc-1st-layernorm","enc-attention-qkv","enc-attention-score","enc-attention-softmax","enc-attention-dropout","enc-attention-context","enc-attention-dense","enc-post-attention-dropout","enc-2nd-layernorm","enc-MLP-GEMM-1","enc-MLP-gelu","enc-MLP-GEMM-2","enc-post-MLP-dropout","enc-1st-layernorm","enc-attention-qkv","enc-attention-score","enc-attention-softmax","enc-attention-dropout","enc-attention-context","enc-attention-dense","enc-post-attention-dropout","enc-2nd-layernorm","enc-MLP-GEMM-1","enc-MLP-gelu","enc-MLP-GEMM-2","enc-post-MLP-dropout","enc-1st-layernorm","enc-attention-qkv","enc-attention-score","enc-attention-softmax","enc-attention-dropout","enc-attention-context","enc-attention-dense","enc-post-attention-dropout","enc-2nd-layernorm","enc-MLP-GEMM-1","enc-MLP-gelu","enc-MLP-GEMM-2","enc-post-MLP-dropout","enc-1st-layernorm","enc-attention-qkv","enc-attention-score","enc-attention-softmax","enc-attention-dropout","enc-attention-context","enc-attention-dense","enc-post-attention-dropout","enc-2nd-layernorm","enc-MLP-GEMM-1","enc-MLP-gelu","enc-MLP-GEMM-2","enc-post-MLP-dropout","enc-1st-layernorm","enc-attention-qkv","enc-attention-score","enc-attention-softmax","enc-attention-dropout","enc-attention-context","enc-attention-dense","enc-post-attention-dropout","enc-2nd-layernorm","enc-MLP-GEMM-1","enc-MLP-gelu","enc-MLP-GEMM-2","enc-post-MLP-dropout","enc-1st-layernorm","enc-attention-qkv","enc-attention-score","enc-attention-softmax","enc-attention-dropout","enc-attention-context","enc-attention-dense","enc-post-attention-dropout","enc-2nd-layernorm","enc-MLP-GEMM-1","enc-MLP-gelu","enc-MLP-GEMM-2","enc-post-MLP-dropout","enc-1st-layernorm","enc-attention-qkv","enc-attention-score","enc-attention-softmax","enc-attention-dropout","enc-attention-context","enc-attention-dense","enc-post-attention-dropout","enc-2nd-layernorm","enc-MLP-GEMM-1","enc-MLP-gelu","enc-MLP-GEMM-2","enc-post-MLP-dropout","enc-1st-layernorm","enc-attention-qkv","enc-attention-score","enc-attention-softmax","enc-attention-dropout","enc-attention-context","enc-attention-dense","enc-post-attention-dropout","enc-2nd-layernorm","enc-MLP-GEMM-1","enc-MLP-gelu","enc-MLP-GEMM-2","enc-post-MLP-dropout","enc-1st-layernorm","enc-attention-qkv","enc-attention-score","enc-attention-softmax","enc-attention-dropout","enc-attention-context","enc-attention-dense","enc-post-attention-dropout","enc-2nd-layernorm","enc-MLP-GEMM-1","enc-MLP-gelu","enc-MLP-GEMM-2","enc-post-MLP-dropout","enc-1st-layernorm","enc-attention-qkv","enc-attention-score","enc-attention-softmax","enc-attention-dropout","enc-attention-context","enc-attention-dense","enc-post-attention-dropout","enc-2nd-layernorm","enc-MLP-GEMM-1","enc-MLP-gelu","enc-MLP-GEMM-2","enc-post-MLP-dropout","enc-1st-layernorm","enc-attention-qkv","enc-attention-score","enc-attention-softmax","enc-attention-dropout","enc-attention-context","enc-attention-dense","enc-post-attention-dropout","enc-2nd-layernorm","enc-MLP-GEMM-1","enc-MLP-gelu","enc-MLP-GEMM-2","enc-post-MLP-dropout","enc-1st-layernorm","enc-attention-qkv","enc-attention-score","enc-attention-softmax","enc-attention-dropout","enc-attention-context","enc-attention-dense","enc-post-attention-dropout","enc-2nd-layernorm","enc-MLP-GEMM-1","enc-MLP-gelu","enc-MLP-GEMM-2","enc-post-MLP-dropout","enc-1st-layernorm","enc-attention-qkv","enc-attention-score","enc-attention-softmax","enc-attention-dropout","enc-attention-context","enc-attention-dense","enc-post-attention-dropout","enc-2nd-layernorm","enc-MLP-GEMM-1","enc-MLP-gelu","enc-MLP-GEMM-2","enc-post-MLP-dropout","enc-1st-layernorm","enc-attention-qkv","enc-attention-score","enc-attention-softmax","enc-attention-dropout","enc-attention-context","enc-attention-dense","enc-post-attention-dropout","enc-2nd-layernorm","enc-MLP-GEMM-1","enc-MLP-gelu","enc-MLP-GEMM-2","enc-post-MLP-dropout","enc-1st-layernorm","enc-attention-qkv","enc-attention-score","enc-attention-softmax","enc-attention-dropout","enc-attention-context","enc-attention-dense","enc-post-attention-dropout","enc-2nd-layernorm","enc-MLP-GEMM-1","enc-MLP-gelu","enc-MLP-GEMM-2","enc-post-MLP-dropout","enc-1st-layernorm","enc-attention-qkv","enc-attention-score","enc-attention-softmax","enc-attention-dropout","enc-attention-context","enc-attention-dense","enc-post-attention-dropout","enc-2nd-layernorm","enc-MLP-GEMM-1","enc-MLP-gelu","enc-MLP-GEMM-2","enc-post-MLP-dropout","enc-1st-layernorm","enc-attention-qkv","enc-attention-score","enc-attention-softmax","enc-attention-dropout","enc-attention-context","enc-attention-dense","enc-post-attention-dropout","enc-2nd-layernorm","enc-MLP-GEMM-1","enc-MLP-gelu","enc-MLP-GEMM-2","enc-post-MLP-dropout","enc-1st-layernorm","enc-attention-qkv","enc-attention-score","enc-attention-softmax","enc-attention-dropout","enc-attention-context","enc-attention-dense","enc-post-attention-dropout","enc-2nd-layernorm","enc-MLP-GEMM-1","enc-MLP-gelu","enc-MLP-GEMM-2","enc-post-MLP-dropout","enc-1st-layernorm","enc-attention-qkv","enc-attention-score","enc-attention-softmax","enc-attention-dropout","enc-attention-context","enc-attention-dense","enc-post-attention-dropout","enc-2nd-layernorm","enc-MLP-GEMM-1","enc-MLP-gelu","enc-MLP-GEMM-2","enc-post-MLP-dropout","enc-1st-layernorm","enc-attention-qkv","enc-attention-score","enc-attention-softmax","enc-attention-dropout","enc-attention-context","enc-attention-dense","enc-post-attention-dropout","enc-2nd-layernorm","enc-MLP-GEMM-1","enc-MLP-gelu","enc-MLP-GEMM-2","enc-post-MLP-dropout","enc-1st-layernorm","enc-attention-qkv","enc-attention-score","enc-attention-softmax","enc-attention-dropout","enc-attention-context","enc-attention-dense","enc-post-attention-dropout","enc-2nd-layernorm","enc-MLP-GEMM-1","enc-MLP-gelu","enc-MLP-GEMM-2","enc-post-MLP-dropout","enc-1st-layernorm","enc-attention-qkv","enc-attention-score","enc-attention-softmax","enc-attention-dropout","enc-attention-context","enc-attention-dense","enc-post-attention-dropout","enc-2nd-layernorm","enc-MLP-GEMM-1","enc-MLP-gelu","enc-MLP-GEMM-2","enc-post-MLP-dropout","enc-1st-layernorm","enc-attention-qkv","enc-attention-score","enc-attention-softmax","enc-attention-dropout","enc-attention-context","enc-attention-dense","enc-post-attention-dropout","enc-2nd-layernorm","enc-MLP-GEMM-1","enc-MLP-gelu","enc-MLP-GEMM-2","enc-post-MLP-dropout","enc-1st-layernorm","enc-attention-qkv","enc-attention-score","enc-attention-softmax","enc-attention-dropout","enc-attention-context","enc-attention-dense","enc-post-attention-dropout","enc-2nd-layernorm","enc-MLP-GEMM-1","enc-MLP-gelu","enc-MLP-GEMM-2","enc-post-MLP-dropout","enc-1st-layernorm","enc-attention-qkv","enc-attention-score","enc-attention-softmax","enc-attention-dropout","enc-attention-context","enc-attention-dense","enc-post-attention-dropout","enc-2nd-layernorm","enc-MLP-GEMM-1","enc-MLP-gelu","enc-MLP-GEMM-2","enc-post-MLP-dropout","enc-1st-layernorm","enc-attention-qkv","enc-attention-score","enc-attention-softmax","enc-attention-dropout","enc-attention-context","enc-attention-dense","enc-post-attention-dropout","enc-2nd-layernorm","enc-MLP-GEMM-1","enc-MLP-gelu","enc-MLP-GEMM-2","enc-post-MLP-dropout","enc-1st-layernorm","enc-attention-qkv","enc-attention-score","enc-attention-softmax","enc-attention-dropout","enc-attention-context","enc-attention-dense","enc-post-attention-dropout","enc-2nd-layernorm","enc-MLP-GEMM-1","enc-MLP-gelu","enc-MLP-GEMM-2","enc-post-MLP-dropout","enc-1st-layernorm","enc-attention-qkv","enc-attention-score","enc-attention-softmax","enc-attention-dropout","enc-attention-context","enc-attention-dense","enc-post-attention-dropout","enc-2nd-layernorm","enc-MLP-GEMM-1","enc-MLP-gelu","enc-MLP-GEMM-2","enc-post-MLP-dropout","enc-1st-layernorm","enc-attention-qkv","enc-attention-score","enc-attention-softmax","enc-attention-dropout","enc-attention-context","enc-attention-dense","enc-post-attention-dropout","enc-2nd-layernorm","enc-MLP-GEMM-1","enc-MLP-gelu","enc-MLP-GEMM-2","enc-post-MLP-dropout","enc-1st-layernorm","enc-attention-qkv","enc-attention-score","enc-attention-softmax","enc-attention-dropout","enc-attention-context","enc-attention-dense","enc-post-attention-dropout","enc-2nd-layernorm","enc-MLP-GEMM-1","enc-MLP-gelu","enc-MLP-GEMM-2","enc-post-MLP-dropout","enc-1st-layernorm","enc-attention-qkv","enc-attention-score","enc-attention-softmax","enc-attention-dropout","enc-attention-context","enc-attention-dense","enc-post-attention-dropout","enc-2nd-layernorm","enc-MLP-GEMM-1","enc-MLP-gelu","enc-MLP-GEMM-2","enc-post-MLP-dropout","enc-1st-layernorm","enc-attention-qkv","enc-attention-score","enc-attention-softmax","enc-attention-dropout","enc-attention-context","enc-attention-dense","enc-post-attention-dropout","enc-2nd-layernorm","enc-MLP-GEMM-1","enc-MLP-gelu","enc-MLP-GEMM-2","enc-post-MLP-dropout","enc-1st-layernorm","enc-attention-qkv","enc-attention-score","enc-attention-softmax","enc-attention-dropout","enc-attention-context","enc-attention-dense","enc-post-attention-dropout","enc-2nd-layernorm","enc-MLP-GEMM-1","enc-MLP-gelu","enc-MLP-GEMM-2","enc-post-MLP-dropout","enc-1st-layernorm","enc-attention-qkv","enc-attention-score","enc-attention-softmax","enc-attention-dropout","enc-attention-context","enc-attention-dense","enc-post-attention-dropout","enc-2nd-layernorm","enc-MLP-GEMM-1","enc-MLP-gelu","enc-MLP-GEMM-2","enc-post-MLP-dropout","enc-1st-layernorm","enc-attention-qkv","enc-attention-score","enc-attention-softmax","enc-attention-dropout","enc-attention-context","enc-attention-dense","enc-post-attention-dropout","enc-2nd-layernorm","enc-MLP-GEMM-1","enc-MLP-gelu","enc-MLP-GEMM-2","enc-post-MLP-dropout","enc-1st-layernorm","enc-attention-qkv","enc-attention-score","enc-attention-softmax","enc-attention-dropout","enc-attention-context","enc-attention-dense","enc-post-attention-dropout","enc-2nd-layernorm","enc-MLP-GEMM-1","enc-MLP-gelu","enc-MLP-GEMM-2","enc-post-MLP-dropout","enc-1st-layernorm","enc-attention-qkv","enc-attention-score","enc-attention-softmax","enc-attention-dropout","enc-attention-context","enc-attention-dense","enc-post-attention-dropout","enc-2nd-layernorm","enc-MLP-GEMM-1","enc-MLP-gelu","enc-MLP-GEMM-2","enc-post-MLP-dropout","enc-1st-layernorm","enc-attention-qkv","enc-attention-score","enc-attention-softmax","enc-attention-dropout","enc-attention-context","enc-attention-dense","enc-post-attention-dropout","enc-2nd-layernorm","enc-MLP-GEMM-1","enc-MLP-gelu","enc-MLP-GEMM-2","enc-post-MLP-dropout","enc-1st-layernorm","enc-attention-qkv","enc-attention-score","enc-attention-softmax","enc-attention-dropout","enc-attention-context","enc-attention-dense","enc-post-attention-dropout","enc-2nd-layernorm","enc-MLP-GEMM-1","enc-MLP-gelu","enc-MLP-GEMM-2","enc-post-MLP-dropout","enc-1st-layernorm","enc-attention-qkv","enc-attention-score","enc-attention-softmax","enc-attention-dropout","enc-attention-context","enc-attention-dense","enc-post-attention-dropout","enc-2nd-layernorm","enc-MLP-GEMM-1","enc-MLP-gelu","enc-MLP-GEMM-2","enc-post-MLP-dropout","enc-1st-layernorm","enc-attention-qkv","enc-attention-score","enc-attention-softmax","enc-attention-dropout","enc-attention-context","enc-attention-dense","enc-post-attention-dropout","enc-2nd-layernorm","enc-MLP-GEMM-1","enc-MLP-gelu","enc-MLP-GEMM-2","enc-post-MLP-dropout","enc-1st-layernorm","enc-attention-qkv","enc-attention-score","enc-attention-softmax","enc-attention-dropout","enc-attention-context","enc-attention-dense","enc-post-attention-dropout","enc-2nd-layernorm","enc-MLP-GEMM-1","enc-MLP-gelu","enc-MLP-GEMM-2","enc-post-MLP-dropout","enc-1st-layernorm","enc-attention-qkv","enc-attention-score","enc-attention-softmax","enc-attention-dropout","enc-attention-context","enc-attention-dense","enc-post-attention-dropout","enc-2nd-layernorm","enc-MLP-GEMM-1","enc-MLP-gelu","enc-MLP-GEMM-2","enc-post-MLP-dropout","enc-1st-layernorm","enc-attention-qkv","enc-attention-score","enc-attention-softmax","enc-attention-dropout","enc-attention-context","enc-attention-dense","enc-post-attention-dropout","enc-2nd-layernorm","enc-MLP-GEMM-1","enc-MLP-gelu","enc-MLP-GEMM-2","enc-post-MLP-dropout","enc-1st-layernorm","enc-attention-qkv","enc-attention-score","enc-attention-softmax","enc-attention-dropout","enc-attention-context","enc-attention-dense","enc-post-attention-dropout","enc-2nd-layernorm","enc-MLP-GEMM-1","enc-MLP-gelu","enc-MLP-GEMM-2","enc-post-MLP-dropout","enc-1st-layernorm","enc-attention-qkv","enc-attention-score","enc-attention-softmax","enc-attention-dropout","enc-attention-context","enc-attention-dense","enc-post-attention-dropout","enc-2nd-layernorm","enc-MLP-GEMM-1","enc-MLP-gelu","enc-MLP-GEMM-2","enc-post-MLP-dropout","enc-1st-layernorm","enc-attention-qkv","enc-attention-score","enc-attention-softmax","enc-attention-dropout","enc-attention-context","enc-attention-dense","enc-post-attention-dropout","enc-2nd-layernorm","enc-MLP-GEMM-1","enc-MLP-gelu","enc-MLP-GEMM-2","enc-post-MLP-dropout","enc-1st-layernorm","enc-attention-qkv","enc-attention-score","enc-attention-softmax","enc-attention-dropout","enc-attention-context","enc-attention-dense","enc-post-attention-dropout","enc-2nd-layernorm","enc-MLP-GEMM-1","enc-MLP-gelu","enc-MLP-GEMM-2","enc-post-MLP-dropout","enc-1st-layernorm","enc-attention-qkv","enc-attention-score","enc-attention-softmax","enc-attention-dropout","enc-attention-context","enc-attention-dense","enc-post-attention-dropout","enc-2nd-layernorm","enc-MLP-GEMM-1","enc-MLP-gelu","enc-MLP-GEMM-2","enc-post-MLP-dropout","enc-1st-layernorm","enc-attention-qkv","enc-attention-score","enc-attention-softmax","enc-attention-dropout","enc-attention-context","enc-attention-dense","enc-post-attention-dropout","enc-2nd-layernorm","enc-MLP-GEMM-1","enc-MLP-gelu","enc-MLP-GEMM-2","enc-post-MLP-dropout","enc-1st-layernorm","enc-attention-qkv","enc-attention-score","enc-attention-softmax","enc-attention-dropout","enc-attention-context","enc-attention-dense","enc-post-attention-dropout","enc-2nd-layernorm","enc-MLP-GEMM-1","enc-MLP-gelu","enc-MLP-GEMM-2","enc-post-MLP-dropout","enc-1st-layernorm","enc-attention-qkv","enc-attention-score","enc-attention-softmax","enc-attention-dropout","enc-attention-context","enc-attention-dense","enc-post-attention-dropout","enc-2nd-layernorm","enc-MLP-GEMM-1","enc-MLP-gelu","enc-MLP-GEMM-2","enc-post-MLP-dropout","enc-1st-layernorm","enc-attention-qkv","enc-attention-score","enc-attention-softmax","enc-attention-dropout","enc-attention-context","enc-attention-dense","enc-post-attention-dropout","enc-2nd-layernorm","enc-MLP-GEMM-1","enc-MLP-gelu","enc-MLP-GEMM-2","enc-post-MLP-dropout","enc-1st-layernorm","enc-attention-qkv","enc-attention-score","enc-attention-softmax","enc-attention-dropout","enc-attention-context","enc-attention-dense","enc-post-attention-dropout","enc-2nd-layernorm","enc-MLP-GEMM-1","enc-MLP-gelu","enc-MLP-GEMM-2","enc-post-MLP-dropout","enc-1st-layernorm","enc-attention-qkv","enc-attention-score","enc-attention-softmax","enc-attention-dropout","enc-attention-context","enc-attention-dense","enc-post-attention-dropout","enc-2nd-layernorm","enc-MLP-GEMM-1","enc-MLP-gelu","enc-MLP-GEMM-2","enc-post-MLP-dropout","enc-1st-layernorm","enc-attention-qkv","enc-attention-score","enc-attention-softmax","enc-attention-dropout","enc-attention-context","enc-attention-dense","enc-post-attention-dropout","enc-2nd-layernorm","enc-MLP-GEMM-1","enc-MLP-gelu","enc-MLP-GEMM-2","enc-post-MLP-dropout","enc-1st-layernorm","enc-attention-qkv","enc-attention-score","enc-attention-softmax","enc-attention-dropout","enc-attention-context","enc-attention-dense","enc-post-attention-dropout","enc-2nd-layernorm","enc-MLP-GEMM-1","enc-MLP-gelu","enc-MLP-GEMM-2","enc-post-MLP-dropout","enc-1st-layernorm","enc-attention-qkv","enc-attention-score","enc-attention-softmax","enc-attention-dropout","enc-attention-context","enc-attention-dense","enc-post-attention-dropout","enc-2nd-layernorm","enc-MLP-GEMM-1","enc-MLP-gelu","enc-MLP-GEMM-2","enc-post-MLP-dropout","enc-1st-layernorm","enc-attention-qkv","enc-attention-score","enc-attention-softmax","enc-attention-dropout","enc-attention-context","enc-attention-dense","enc-post-attention-dropout","enc-2nd-layernorm","enc-MLP-GEMM-1","enc-MLP-gelu","enc-MLP-GEMM-2","enc-post-MLP-dropout","enc-1st-layernorm","enc-attention-qkv","enc-attention-score","enc-attention-softmax","enc-attention-dropout","enc-attention-context","enc-attention-dense","enc-post-attention-dropout","enc-2nd-layernorm","enc-MLP-GEMM-1","enc-MLP-gelu","enc-MLP-GEMM-2","enc-post-MLP-dropout","enc-1st-layernorm","enc-attention-qkv","enc-attention-score","enc-attention-softmax","enc-attention-dropout","enc-attention-context","enc-attention-dense","enc-post-attention-dropout","enc-2nd-layernorm","enc-MLP-GEMM-1","enc-MLP-gelu","enc-MLP-GEMM-2","enc-post-MLP-dropout","enc-1st-layernorm","enc-attention-qkv","enc-attention-score","enc-attention-softmax","enc-attention-dropout","enc-attention-context","enc-attention-dense","enc-post-attention-dropout","enc-2nd-layernorm","enc-MLP-GEMM-1","enc-MLP-gelu","enc-MLP-GEMM-2","enc-post-MLP-dropout","enc-1st-layernorm","enc-attention-qkv","enc-attention-score","enc-attention-softmax","enc-attention-dropout","enc-attention-context","enc-attention-dense","enc-post-attention-dropout","enc-2nd-layernorm","enc-MLP-GEMM-1","enc-MLP-gelu","enc-MLP-GEMM-2","enc-post-MLP-dropout","enc-1st-layernorm","enc-attention-qkv","enc-attention-score","enc-attention-softmax","enc-attention-dropout","enc-attention-context","enc-attention-dense","enc-post-attention-dropout","enc-2nd-layernorm","enc-MLP-GEMM-1","enc-MLP-gelu","enc-MLP-GEMM-2","enc-post-MLP-dropout","enc-1st-layernorm","enc-attention-qkv","enc-attention-score","enc-attention-softmax","enc-attention-dropout","enc-attention-context","enc-attention-dense","enc-post-attention-dropout","enc-2nd-layernorm","enc-MLP-GEMM-1","enc-MLP-gelu","enc-MLP-GEMM-2","enc-post-MLP-dropout","enc-1st-layernorm","enc-attention-qkv","enc-attention-score","enc-attention-softmax","enc-attention-dropout","enc-attention-context","enc-attention-dense","enc-post-attention-dropout","enc-2nd-layernorm","enc-MLP-GEMM-1","enc-MLP-gelu","enc-MLP-GEMM-2","enc-post-MLP-dropout","enc-1st-layernorm","enc-attention-qkv","enc-attention-score","enc-attention-softmax","enc-attention-dropout","enc-attention-context","enc-attention-dense","enc-post-attention-dropout","enc-2nd-layernorm","enc-MLP-GEMM-1","enc-MLP-gelu","enc-MLP-GEMM-2","enc-post-MLP-dropout","enc-1st-layernorm","enc-attention-qkv","enc-attention-score","enc-attention-softmax","enc-attention-dropout","enc-attention-context","enc-attention-dense","enc-post-attention-dropout","enc-2nd-layernorm","enc-MLP-GEMM-1","enc-MLP-gelu","enc-MLP-GEMM-2","enc-post-MLP-dropout","enc-1st-layernorm","enc-attention-qkv","enc-attention-score","enc-attention-softmax","enc-attention-dropout","enc-attention-context","enc-attention-dense","enc-post-attention-dropout","enc-2nd-layernorm","enc-MLP-GEMM-1","enc-MLP-gelu","enc-MLP-GEMM-2","enc-post-MLP-dropout","enc-1st-layernorm","enc-attention-qkv","enc-attention-score","enc-attention-softmax","enc-attention-dropout","enc-attention-context","enc-attention-dense","enc-post-attention-dropout","enc-2nd-layernorm","enc-MLP-GEMM-1","enc-MLP-gelu","enc-MLP-GEMM-2","enc-post-MLP-dropout","enc-1st-layernorm","enc-attention-qkv","enc-attention-score","enc-attention-softmax","enc-attention-dropout","enc-attention-context","enc-attention-dense","enc-post-attention-dropout","enc-2nd-layernorm","enc-MLP-GEMM-1","enc-MLP-gelu","enc-MLP-GEMM-2","enc-post-MLP-dropout","enc-1st-layernorm","enc-attention-qkv","enc-attention-score","enc-attention-softmax","enc-attention-dropout","enc-attention-context","enc-attention-dense","enc-post-attention-dropout","enc-2nd-layernorm","enc-MLP-GEMM-1","enc-MLP-gelu","enc-MLP-GEMM-2","enc-post-MLP-dropout","enc-1st-layernorm","enc-attention-qkv","enc-attention-score","enc-attention-softmax","enc-attention-dropout","enc-attention-context","enc-attention-dense","enc-post-attention-dropout","enc-2nd-layernorm","enc-MLP-GEMM-1","enc-MLP-gelu","enc-MLP-GEMM-2","enc-post-MLP-dropout","enc-1st-layernorm","enc-attention-qkv","enc-attention-score","enc-attention-softmax","enc-attention-dropout","enc-attention-context","enc-attention-dense","enc-post-attention-dropout","enc-2nd-layernorm","enc-MLP-GEMM-1","enc-MLP-gelu","enc-MLP-GEMM-2","enc-post-MLP-dropout","enc-1st-layernorm","enc-attention-qkv","enc-attention-score","enc-attention-softmax","enc-attention-dropout","enc-attention-context","enc-attention-dense","enc-post-attention-dropout","enc-2nd-layernorm","enc-MLP-GEMM-1","enc-MLP-gelu","enc-MLP-GEMM-2","enc-post-MLP-dropout","enc-1st-layernorm","enc-attention-qkv","enc-attention-score","enc-attention-softmax","enc-attention-dropout","enc-attention-context","enc-attention-dense","enc-post-attention-dropout","enc-2nd-layernorm","enc-MLP-GEMM-1","enc-MLP-gelu","enc-MLP-GEMM-2","enc-post-MLP-dropout","enc-1st-layernorm","enc-attention-qkv","enc-attention-score","enc-attention-softmax","enc-attention-dropout","enc-attention-context","enc-attention-dense","enc-post-attention-dropout","enc-2nd-layernorm","enc-MLP-GEMM-1","enc-MLP-gelu","enc-MLP-GEMM-2","enc-post-MLP-dropout","enc-1st-layernorm","enc-attention-qkv","enc-attention-score","enc-attention-softmax","enc-attention-dropout","enc-attention-context","enc-attention-dense","enc-post-attention-dropout","enc-2nd-layernorm","enc-MLP-GEMM-1","enc-MLP-gelu","enc-MLP-GEMM-2","enc-post-MLP-dropout","enc-1st-layernorm","enc-attention-qkv","enc-attention-score","enc-attention-softmax","enc-attention-dropout","enc-attention-context","enc-attention-dense","enc-post-attention-dropout","enc-2nd-layernorm","enc-MLP-GEMM-1","enc-MLP-gelu","enc-MLP-GEMM-2","enc-post-MLP-dropout","enc-1st-layernorm","enc-attention-qkv","enc-attention-score","enc-attention-softmax","enc-attention-dropout","enc-attention-context","enc-attention-dense","enc-post-attention-dropout","enc-2nd-layernorm","enc-MLP-GEMM-1","enc-MLP-gelu","enc-MLP-GEMM-2","enc-post-MLP-dropout","enc-1st-layernorm","enc-attention-qkv","enc-attention-score","enc-attention-softmax","enc-attention-dropout","enc-attention-context","enc-attention-dense","enc-post-attention-dropout","enc-2nd-layernorm","enc-MLP-GEMM-1","enc-MLP-gelu","enc-MLP-GEMM-2","enc-post-MLP-dropout","enc-1st-layernorm","enc-attention-qkv","enc-attention-score","enc-attention-softmax","enc-attention-dropout","enc-attention-context","enc-attention-dense","enc-post-attention-dropout","enc-2nd-layernorm","enc-MLP-GEMM-1","enc-MLP-gelu","enc-MLP-GEMM-2","enc-post-MLP-dropout","enc-1st-layernorm","enc-attention-qkv","enc-attention-score","enc-attention-softmax","enc-attention-dropout","enc-attention-context","enc-attention-dense","enc-post-attention-dropout","enc-2nd-layernorm","enc-MLP-GEMM-1","enc-MLP-gelu","enc-MLP-GEMM-2","enc-post-MLP-dropout","enc-1st-layernorm","enc-attention-qkv","enc-attention-score","enc-attention-softmax","enc-attention-dropout","enc-attention-context","enc-attention-dense","enc-post-attention-dropout","enc-2nd-layernorm","enc-MLP-GEMM-1","enc-MLP-gelu","enc-MLP-GEMM-2","enc-post-MLP-dropout","enc-1st-layernorm","enc-attention-qkv","enc-attention-score","enc-attention-softmax","enc-attention-dropout","enc-attention-context","enc-attention-dense","enc-post-attention-dropout","enc-2nd-layernorm","enc-MLP-GEMM-1","enc-MLP-gelu","enc-MLP-GEMM-2","enc-post-MLP-dropout","enc-1st-layernorm","enc-attention-qkv","enc-attention-score","enc-attention-softmax","enc-attention-dropout","enc-attention-context","enc-attention-dense","enc-post-attention-dropout","enc-2nd-layernorm","enc-MLP-GEMM-1","enc-MLP-gelu","enc-MLP-GEMM-2","enc-post-MLP-dropout","enc-1st-layernorm","enc-attention-qkv","enc-attention-score","enc-attention-softmax","enc-attention-dropout","enc-attention-context","enc-attention-dense","enc-post-attention-dropout","enc-2nd-layernorm","enc-MLP-GEMM-1","enc-MLP-gelu","enc-MLP-GEMM-2","enc-post-MLP-dropout","enc-1st-layernorm","enc-attention-qkv","enc-attention-score","enc-attention-softmax","enc-attention-dropout","enc-attention-context","enc-attention-dense","enc-post-attention-dropout","enc-2nd-layernorm","enc-MLP-GEMM-1","enc-MLP-gelu","enc-MLP-GEMM-2","enc-post-MLP-dropout","enc-1st-layernorm","enc-attention-qkv","enc-attention-score","enc-attention-softmax","enc-attention-dropout","enc-attention-context","enc-attention-dense","enc-post-attention-dropout","enc-2nd-layernorm","enc-MLP-GEMM-1","enc-MLP-gelu","enc-MLP-GEMM-2","enc-post-MLP-dropout","enc-1st-layernorm","enc-attention-qkv","enc-attention-score","enc-attention-softmax","enc-attention-dropout","enc-attention-context","enc-attention-dense","enc-post-attention-dropout","enc-2nd-layernorm","enc-MLP-GEMM-1","enc-MLP-gelu","enc-MLP-GEMM-2","enc-post-MLP-dropout","enc-1st-layernorm","enc-attention-qkv","enc-attention-score","enc-attention-softmax","enc-attention-dropout","enc-attention-context","enc-attention-dense","enc-post-attention-dropout","enc-2nd-layernorm","enc-MLP-GEMM-1","enc-MLP-gelu","enc-MLP-GEMM-2","enc-post-MLP-dropout","enc-1st-layernorm","enc-attention-qkv","enc-attention-score","enc-attention-softmax","enc-attention-dropout","enc-attention-context","enc-attention-dense","enc-post-attention-dropout","enc-2nd-layernorm","enc-MLP-GEMM-1","enc-MLP-gelu","enc-MLP-GEMM-2","enc-post-MLP-dropout","enc-1st-layernorm","enc-attention-qkv","enc-attention-score","enc-attention-softmax","enc-attention-dropout","enc-attention-context","enc-attention-dense","enc-post-attention-dropout","enc-2nd-layernorm","enc-MLP-GEMM-1","enc-MLP-gelu","enc-MLP-GEMM-2","enc-post-MLP-dropout","enc-1st-layernorm","enc-attention-qkv","enc-attention-score","enc-attention-softmax","enc-attention-dropout","enc-attention-context","enc-attention-dense","enc-post-attention-dropout","enc-2nd-layernorm","enc-MLP-GEMM-1","enc-MLP-gelu","enc-MLP-GEMM-2","enc-post-MLP-dropout","enc-1st-layernorm","enc-attention-qkv","enc-attention-score","enc-attention-softmax","enc-attention-dropout","enc-attention-context","enc-attention-dense","enc-post-attention-dropout","enc-2nd-layernorm","enc-MLP-GEMM-1","enc-MLP-gelu","enc-MLP-GEMM-2","enc-post-MLP-dropout","enc-1st-layernorm","enc-attention-qkv","enc-attention-score","enc-attention-softmax","enc-attention-dropout","enc-attention-context","enc-attention-dense","enc-post-attention-dropout","enc-2nd-layernorm","enc-MLP-GEMM-1","enc-MLP-gelu","enc-MLP-GEMM-2","enc-post-MLP-dropout","enc-1st-layernorm","enc-attention-qkv","enc-attention-score","enc-attention-softmax","enc-attention-dropout","enc-attention-context","enc-attention-dense","enc-post-attention-dropout","enc-2nd-layernorm","enc-MLP-GEMM-1","enc-MLP-gelu","enc-MLP-GEMM-2","enc-post-MLP-dropout","enc-1st-layernorm","enc-attention-qkv","enc-attention-score","enc-attention-softmax","enc-attention-dropout","enc-attention-context","enc-attention-dense","enc-post-attention-dropout","enc-2nd-layernorm","enc-MLP-GEMM-1","enc-MLP-gelu","enc-MLP-GEMM-2","enc-post-MLP-dropout","enc-1st-layernorm","enc-attention-qkv","enc-attention-score","enc-attention-softmax","enc-attention-dropout","enc-attention-context","enc-attention-dense","enc-post-attention-dropout","enc-2nd-layernorm","enc-MLP-GEMM-1","enc-MLP-gelu","enc-MLP-GEMM-2","enc-post-MLP-dropout","enc-1st-layernorm","enc-attention-qkv","enc-attention-score","enc-attention-softmax","enc-attention-dropout","enc-attention-context","enc-attention-dense","enc-post-attention-dropout","enc-2nd-layernorm","enc-MLP-GEMM-1","enc-MLP-gelu","enc-MLP-GEMM-2","enc-post-MLP-dropout","enc-1st-layernorm","enc-attention-qkv","enc-attention-score","enc-attention-softmax","enc-attention-dropout","enc-attention-context","enc-attention-dense","enc-post-attention-dropout","enc-2nd-layernorm","enc-MLP-GEMM-1","enc-MLP-gelu","enc-MLP-GEMM-2","enc-post-MLP-dropout","enc-1st-layernorm","enc-attention-qkv","enc-attention-score","enc-attention-softmax","enc-attention-dropout","enc-attention-context","enc-attention-dense","enc-post-attention-dropout","enc-2nd-layernorm","enc-MLP-GEMM-1","enc-MLP-gelu","enc-MLP-GEMM-2","enc-post-MLP-dropout","enc-1st-layernorm","enc-attention-qkv","enc-attention-score","enc-attention-softmax","enc-attention-dropout","enc-attention-context","enc-attention-dense","enc-post-attention-dropout","enc-2nd-layernorm","enc-MLP-GEMM-1","enc-MLP-gelu","enc-MLP-GEMM-2","enc-post-MLP-dropout","enc-1st-layernorm","enc-attention-qkv","enc-attention-score","enc-attention-softmax","enc-attention-dropout","enc-attention-context","enc-attention-dense","enc-post-attention-dropout","enc-2nd-layernorm","enc-MLP-GEMM-1","enc-MLP-gelu","enc-MLP-GEMM-2","enc-post-MLP-dropout","final-layernorm","gpt-post-process",
[rank 6 recompute ops] enc-attention-dropout enc-attention-context enc-MLP-GEMM-1 enc-MLP-gelu enc-attention-score enc-attention-softmax enc-attention-dropout enc-attention-context enc-MLP-GEMM-1 enc-MLP-gelu enc-attention-score enc-attention-softmax enc-attention-dropout enc-attention-context enc-MLP-GEMM-1 enc-MLP-gelu enc-attention-score enc-attention-softmax enc-attention-dropout enc-attention-context enc-MLP-GEMM-1 enc-MLP-gelu enc-attention-score enc-attention-softmax enc-attention-dropout enc-attention-context enc-MLP-GEMM-1 enc-MLP-gelu enc-attention-score enc-attention-softmax enc-attention-dropout enc-attention-context enc-MLP-GEMM-1 enc-MLP-gelu enc-attention-score enc-attention-softmax enc-attention-dropout enc-attention-context enc-MLP-GEMM-1 enc-MLP-gelu enc-attention-score enc-attention-softmax enc-attention-dropout enc-attention-context enc-MLP-GEMM-1 enc-MLP-gelu enc-attention-score enc-attention-softmax enc-attention-dropout enc-attention-context enc-MLP-GEMM-1 enc-MLP-gelu enc-attention-score enc-attention-softmax enc-attention-dropout enc-attention-context enc-MLP-GEMM-1 enc-MLP-gelu enc-attention-score enc-attention-softmax enc-attention-dropout enc-attention-context enc-MLP-GEMM-1 enc-MLP-gelu enc-attention-score enc-attention-softmax enc-attention-dropout enc-attention-context enc-MLP-GEMM-1 enc-MLP-gelu enc-attention-score enc-attention-softmax enc-attention-dropout enc-attention-context enc-MLP-GEMM-1 enc-MLP-gelu enc-attention-score enc-attention-softmax enc-attention-dropout enc-attention-context enc-MLP-GEMM-1 enc-MLP-gelu enc-attention-score enc-attention-softmax enc-attention-dropout enc-attention-context enc-MLP-GEMM-1 enc-MLP-gelu enc-attention-score enc-attention-softmax enc-attention-dropout enc-attention-context enc-MLP-GEMM-1 enc-MLP-gelu enc-attention-score enc-attention-softmax enc-attention-dropout enc-attention-context enc-MLP-GEMM-1 enc-MLP-gelu enc-attention-score enc-attention-softmax enc-attention-dropout enc-attention-context enc-MLP-GEMM-1 enc-MLP-gelu enc-attention-score enc-attention-softmax enc-attention-dropout enc-attention-context enc-MLP-GEMM-1 enc-MLP-gelu enc-attention-score enc-attention-softmax enc-attention-dropout enc-attention-context enc-MLP-GEMM-1 enc-MLP-gelu enc-attention-score enc-attention-softmax enc-attention-dropout enc-attention-context enc-MLP-GEMM-1 enc-MLP-gelu enc-attention-score enc-attention-softmax enc-attention-dropout enc-attention-context enc-MLP-GEMM-1 enc-MLP-gelu enc-attention-score enc-attention-softmax enc-attention-dropout enc-attention-context enc-MLP-GEMM-1 enc-MLP-gelu enc-attention-score enc-attention-softmax enc-attention-dropout enc-attention-context enc-MLP-GEMM-1 enc-MLP-gelu enc-attention-score enc-attention-softmax enc-attention-dropout enc-attention-context enc-MLP-GEMM-1 enc-MLP-gelu enc-attention-score enc-attention-softmax enc-attention-dropout enc-attention-context enc-MLP-GEMM-1 enc-MLP-gelu enc-attention-score enc-attention-softmax enc-attention-dropout enc-attention-context enc-MLP-GEMM-1 enc-MLP-gelu enc-attention-score enc-attention-softmax enc-attention-dropout enc-attention-context enc-MLP-GEMM-1 enc-MLP-gelu enc-attention-score enc-attention-softmax enc-attention-dropout enc-attention-context enc-MLP-GEMM-1 enc-MLP-gelu enc-attention-score enc-attention-softmax enc-attention-dropout enc-attention-context enc-MLP-GEMM-1 enc-MLP-gelu enc-attention-score enc-attention-softmax enc-attention-dropout enc-attention-context enc-MLP-GEMM-1 enc-MLP-gelu enc-attention-score enc-attention-softmax enc-attention-dropout enc-attention-context enc-MLP-GEMM-1 enc-MLP-gelu enc-attention-score enc-attention-softmax enc-attention-dropout enc-attention-context enc-MLP-GEMM-1 enc-MLP-gelu enc-attention-score enc-attention-softmax enc-attention-dropout enc-attention-context enc-MLP-GEMM-1 enc-MLP-gelu enc-attention-score enc-attention-softmax enc-attention-dropout enc-attention-context enc-MLP-GEMM-1 enc-MLP-gelu enc-attention-score enc-attention-softmax enc-attention-dropout enc-attention-context enc-MLP-GEMM-1 enc-MLP-gelu enc-attention-score enc-attention-softmax enc-attention-dropout enc-attention-context enc-MLP-GEMM-1 enc-MLP-gelu enc-attention-score enc-attention-softmax enc-attention-dropout enc-attention-context enc-MLP-GEMM-1 enc-MLP-gelu enc-attention-score enc-attention-softmax enc-attention-dropout enc-attention-context enc-MLP-GEMM-1 enc-MLP-gelu enc-attention-score enc-attention-softmax enc-attention-dropout enc-attention-context enc-MLP-GEMM-1 enc-MLP-gelu enc-attention-score enc-attention-softmax enc-attention-dropout enc-attention-context enc-MLP-GEMM-1 enc-MLP-gelu enc-attention-score enc-attention-softmax enc-attention-dropout enc-attention-context enc-MLP-GEMM-1 enc-MLP-gelu enc-attention-score enc-attention-softmax enc-attention-dropout enc-attention-context enc-MLP-GEMM-1 enc-MLP-gelu enc-attention-score enc-attention-softmax enc-attention-dropout enc-attention-context enc-MLP-GEMM-1 enc-MLP-gelu enc-attention-score enc-attention-softmax enc-attention-dropout enc-attention-context enc-MLP-GEMM-1 enc-MLP-gelu enc-attention-score enc-attention-softmax enc-attention-dropout enc-attention-context enc-MLP-GEMM-1 enc-MLP-gelu enc-attention-score enc-attention-softmax enc-attention-dropout enc-attention-context enc-MLP-GEMM-1 enc-MLP-gelu enc-attention-score enc-attention-softmax enc-attention-dropout enc-attention-context enc-MLP-GEMM-1 enc-MLP-gelu enc-attention-score enc-attention-softmax enc-attention-dropout enc-attention-context enc-MLP-GEMM-1 enc-MLP-gelu enc-attention-score enc-attention-softmax enc-attention-dropout enc-attention-context enc-MLP-GEMM-1 enc-MLP-gelu enc-attention-score enc-attention-softmax enc-attention-dropout enc-attention-context enc-MLP-GEMM-1 enc-MLP-gelu enc-attention-score enc-attention-softmax enc-attention-dropout enc-attention-context enc-MLP-GEMM-1 enc-MLP-gelu enc-attention-score enc-attention-softmax enc-attention-dropout enc-attention-context enc-MLP-GEMM-1 enc-MLP-gelu enc-attention-score enc-attention-softmax enc-attention-dropout enc-attention-context enc-MLP-GEMM-1 enc-MLP-gelu enc-attention-score enc-attention-softmax enc-attention-dropout enc-attention-context enc-MLP-GEMM-1 enc-MLP-gelu enc-attention-score enc-attention-softmax enc-attention-dropout enc-attention-context enc-MLP-GEMM-1 enc-MLP-gelu enc-attention-score enc-attention-softmax enc-attention-dropout enc-attention-context enc-MLP-GEMM-1 enc-MLP-gelu enc-attention-score enc-attention-softmax enc-attention-dropout enc-attention-context enc-MLP-GEMM-1 enc-MLP-gelu enc-attention-score enc-attention-softmax enc-attention-dropout enc-attention-context enc-MLP-GEMM-1 enc-MLP-gelu enc-attention-score enc-attention-softmax enc-attention-dropout enc-attention-context enc-MLP-GEMM-1 enc-MLP-gelu enc-attention-score enc-attention-softmax enc-attention-dropout enc-attention-context enc-MLP-GEMM-1 enc-MLP-gelu enc-attention-score enc-attention-softmax enc-attention-dropout enc-attention-context enc-MLP-GEMM-1 enc-MLP-gelu enc-attention-score enc-attention-softmax enc-attention-dropout enc-attention-context enc-MLP-GEMM-1 enc-MLP-gelu enc-attention-score enc-attention-softmax enc-attention-dropout enc-attention-context enc-MLP-GEMM-1 enc-MLP-gelu enc-attention-score enc-attention-softmax enc-attention-dropout enc-attention-context enc-MLP-GEMM-1 enc-MLP-gelu enc-attention-score enc-attention-softmax enc-attention-dropout enc-attention-context enc-MLP-GEMM-1 enc-MLP-gelu enc-attention-score enc-attention-softmax enc-attention-dropout enc-attention-context enc-MLP-GEMM-1 enc-MLP-gelu enc-attention-score enc-attention-softmax enc-attention-dropout enc-attention-context enc-MLP-GEMM-1 enc-MLP-gelu enc-attention-score enc-attention-softmax enc-attention-dropout enc-attention-context enc-MLP-GEMM-1 enc-MLP-gelu enc-attention-score enc-attention-softmax enc-attention-dropout enc-attention-context enc-MLP-GEMM-1 enc-MLP-gelu enc-attention-score enc-attention-softmax enc-attention-dropout enc-attention-context enc-MLP-GEMM-1 enc-MLP-gelu enc-attention-score enc-attention-softmax enc-attention-dropout enc-attention-context enc-MLP-GEMM-1 enc-MLP-gelu enc-attention-score enc-attention-softmax enc-attention-dropout enc-attention-context enc-MLP-GEMM-1 enc-MLP-gelu enc-attention-score enc-attention-softmax enc-attention-dropout enc-attention-context enc-MLP-GEMM-1 enc-MLP-gelu enc-attention-score enc-attention-softmax enc-attention-dropout enc-attention-context enc-MLP-GEMM-1 enc-MLP-gelu enc-attention-score enc-attention-softmax enc-attention-dropout enc-attention-context enc-MLP-GEMM-1 enc-MLP-gelu enc-attention-score enc-attention-softmax enc-attention-dropout enc-attention-context enc-MLP-GEMM-1 enc-MLP-gelu enc-attention-score enc-attention-softmax enc-attention-dropout enc-attention-context enc-MLP-GEMM-1 enc-MLP-gelu enc-attention-score enc-attention-softmax enc-attention-dropout enc-attention-context enc-MLP-GEMM-1 enc-MLP-gelu enc-attention-score enc-attention-softmax enc-attention-dropout enc-attention-context enc-MLP-GEMM-1 enc-MLP-gelu enc-attention-score enc-attention-softmax enc-attention-dropout enc-attention-context enc-MLP-GEMM-1 enc-MLP-gelu enc-attention-score enc-attention-softmax enc-attention-dropout enc-attention-context enc-MLP-GEMM-1 enc-MLP-gelu enc-attention-score enc-attention-softmax enc-attention-dropout enc-attention-context enc-MLP-GEMM-1 enc-MLP-gelu enc-attention-score enc-attention-softmax enc-attention-dropout enc-attention-context enc-MLP-GEMM-1 enc-MLP-gelu enc-attention-score enc-attention-softmax enc-attention-dropout enc-attention-context enc-MLP-GEMM-1 enc-MLP-gelu enc-attention-score enc-attention-softmax enc-attention-dropout enc-attention-context enc-MLP-GEMM-1 enc-MLP-gelu enc-attention-score enc-attention-softmax enc-attention-dropout enc-attention-context enc-MLP-GEMM-1 enc-MLP-gelu enc-attention-score enc-attention-softmax enc-attention-dropout enc-attention-context enc-attention-score enc-attention-softmax enc-attention-dropout enc-attention-context enc-attention-score enc-attention-softmax enc-attention-dropout enc-attention-context enc-attention-score enc-attention-softmax enc-attention-dropout enc-attention-context enc-attention-score enc-attention-softmax enc-attention-dropout enc-attention-context enc-attention-score enc-attention-softmax enc-attention-dropout enc-attention-context enc-attention-score enc-attention-softmax enc-attention-dropout enc-attention-context enc-attention-score enc-attention-softmax enc-attention-dropout enc-attention-context enc-attention-score enc-attention-softmax enc-attention-dropout enc-attention-context enc-attention-score enc-attention-softmax enc-attention-dropout enc-attention-context enc-attention-score enc-attention-softmax enc-attention-dropout enc-attention-context enc-attention-score enc-attention-softmax enc-attention-dropout enc-attention-context enc-attention-score enc-attention-softmax enc-attention-dropout enc-attention-context enc-attention-score enc-attention-softmax enc-attention-dropout enc-attention-context enc-attention-score enc-attention-softmax enc-attention-dropout enc-attention-context enc-attention-score enc-attention-softmax enc-attention-dropout enc-attention-context enc-attention-score enc-attention-softmax enc-attention-dropout enc-attention-context enc-attention-score enc-attention-softmax enc-attention-dropout enc-attention-context enc-attention-score enc-attention-softmax enc-attention-dropout enc-attention-context enc-attention-score enc-attention-softmax enc-attention-dropout enc-attention-context enc-attention-score enc-attention-softmax enc-attention-dropout enc-attention-context enc-attention-score enc-attention-softmax enc-attention-dropout enc-attention-context enc-attention-score enc-attention-softmax enc-attention-dropout enc-attention-context enc-attention-score enc-attention-softmax enc-attention-dropout enc-attention-context enc-attention-score enc-attention-softmax enc-attention-dropout enc-attention-context enc-attention-score enc-attention-softmax enc-attention-dropout enc-attention-context enc-attention-score enc-attention-softmax enc-attention-dropout enc-attention-context enc-attention-score enc-attention-softmax enc-attention-dropout enc-attention-context enc-attention-score enc-attention-softmax enc-attention-dropout enc-attention-context enc-attention-score enc-attention-softmax enc-attention-dropout enc-attention-context enc-attention-score enc-attention-softmax enc-attention-dropout enc-attention-context enc-attention-score enc-attention-softmax enc-attention-dropout enc-attention-context enc-attention-score enc-attention-softmax enc-attention-dropout enc-attention-context enc-attention-score enc-attention-softmax enc-attention-dropout enc-attention-context enc-attention-score enc-attention-softmax enc-attention-dropout enc-attention-context enc-attention-score enc-attention-softmax enc-attention-dropout enc-attention-context enc-attention-score enc-attention-softmax enc-attention-dropout enc-attention-context enc-attention-score enc-attention-softmax enc-attention-dropout enc-attention-context enc-attention-score enc-attention-softmax enc-attention-dropout enc-attention-context enc-attention-score enc-attention-softmax enc-attention-dropout enc-attention-context 
 > number of parameters on (tensor, pipeline) model parallel rank (0, 6): 425320448

==> Time (ms) | [stage 3, virtual 0, rank 3] | model-and-optimizer-setup: 294.50 | train/valid/test-data-iterators-setup: 192.68

==> Memory | [stage 3, virtual 0, rank 3] memory (MB) | allocated: 1176.4443359375 | max allocated: 1176.8173828125 | reserved: 1240.0 | max reserved: 1240.0

==> Time (ms) | [stage 1, virtual 0, rank 1] | model-and-optimizer-setup: 296.70 | train/valid/test-data-iterators-setup: 193.28

==> Memory | [stage 1, virtual 0, rank 1] memory (MB) | allocated: 1164.4296875 | max allocated: 1164.4306640625 | reserved: 1220.0 | max reserved: 1220.0

==> Time (ms) | [stage 2, virtual 0, rank 2] | model-and-optimizer-setup: 295.58 | train/valid/test-data-iterators-setup: 195.64

==> Memory | [stage 2, virtual 0, rank 2] memory (MB) | allocated: 1177.453125 | max allocated: 1177.8203125 | reserved: 1240.0 | max reserved: 1240.0

==> Time (ms) | [stage 4, virtual 0, rank 4] | model-and-optimizer-setup: 307.45 | train/valid/test-data-iterators-setup: 188.43

==> Memory | [stage 4, virtual 0, rank 4] memory (MB) | allocated: 1175.4560546875 | max allocated: 1175.8212890625 | reserved: 1240.0 | max reserved: 1240.0

==> Time (ms) | [stage 5, virtual 0, rank 5] | model-and-optimizer-setup: 326.14 | train/valid/test-data-iterators-setup: 176.18

==> Memory | [stage 5, virtual 0, rank 5] memory (MB) | allocated: 1189.4794921875 | max allocated: 1189.482421875 | reserved: 1262.0 | max reserved: 1262.0
> learning rate decay style: cosine
[TIME] after model, optimizer, and learning rate scheduler are built (seconds): 9.726
> building train, validation, and test datasets ...
 > datasets target sizes (minimum size):
    train:      3072
    validation: 0
    test:       0
[TIME] after dataloaders are built (seconds): 9.805
done with setup ...

==> Time (ms) | [stage 0, virtual 0, rank 0] | model-and-optimizer-setup: 601.78 | train/valid/test-data-iterators-setup: 79.42

==> Memory | [stage 0, virtual 0, rank 0] memory (MB) | allocated: 1319.6884765625 | max allocated: 1320.0654296875 | reserved: 1380.0 | max reserved: 1380.0
training ...

==> Time (ms) | [stage 6, virtual 0, rank 6] | model-and-optimizer-setup: 703.37 | train/valid/test-data-iterators-setup: 81.44

==> Memory | [stage 6, virtual 0, rank 6] memory (MB) | allocated: 2466.58203125 | max allocated: 2513.36328125 | reserved: 2616.0 | max reserved: 2616.0

==> Time (ms) | [stage 6, virtual 0, rank 7] | model-and-optimizer-setup: 704.38 | train/valid/test-data-iterators-setup: 94.77

==> Memory | [stage 6, virtual 0, rank 7] memory (MB) | allocated: 2466.58203125 | max allocated: 2513.36328125 | reserved: 2616.0 | max reserved: 2616.0

==> Time (ms) | [stage 1, virtual 0, rank 1] | forward-compute: 29821.77 | forward-recv: 1592.49 | forward-send: 4837.50 | forward-send-backward-recv: 6500.80 | backward-compute: 71334.56 | backward-recv: 1217.50 | backward-send: 4.67 | backward-send-forward-recv: 321.90 | backward-params-all-reduce: 12.87 | backward-embedding-all-reduce: 0.42 | optimizer: 736.02 | batch-generator: 48.04

==> Memory | [stage 1, virtual 0, rank 1] memory (MB) | allocated: 3622.78125 | max allocated: 18657.0517578125 | reserved: 19608.0 | max reserved: 19608.0

==> Time (ms) | [stage 5, virtual 0, rank 5] | forward-compute: 30609.55 | forward-recv: 7096.11 | forward-send: 19.19 | forward-send-backward-recv: 3030.04 | backward-compute: 71312.69 | backward-recv: 230.86 | backward-send: 1.87 | backward-send-forward-recv: 925.46 | backward-params-all-reduce: 13.65 | backward-embedding-all-reduce: 0.43 | optimizer: 2964.28 | batch-generator: 48.75

==> Memory | [stage 5, virtual 0, rank 5] memory (MB) | allocated: 3614.9306640625 | max allocated: 30233.521484375 | reserved: 31404.0 | max reserved: 31404.0

==> Time (ms) | [stage 4, virtual 0, rank 4] | forward-compute: 29971.02 | forward-recv: 5676.43 | forward-send: 1300.93 | forward-send-backward-recv: 4226.61 | backward-compute: 71450.32 | backward-recv: 476.36 | backward-send: 1.30 | backward-send-forward-recv: 721.31 | backward-params-all-reduce: 13.28 | backward-embedding-all-reduce: 0.41 | optimizer: 2408.31 | batch-generator: 49.66

==> Memory | [stage 4, virtual 0, rank 4] memory (MB) | allocated: 3543.8603515625 | max allocated: 23961.9296875 | reserved: 25196.0 | max reserved: 25196.0

==> Time (ms) | [stage 0, virtual 0, rank 0] | forward-compute: 29889.93 | forward-send: 5927.64 | forward-send-backward-recv: 7243.52 | backward-compute: 71538.84 | backward-recv: 1449.94 | backward-params-all-reduce: 14.55 | backward-embedding-all-reduce: 20.58 | optimizer: 157.08 | batch-generator: 57.71

==> Memory | [stage 0, virtual 0, rank 0] memory (MB) | allocated: 3946.6826171875 | max allocated: 11996.125 | reserved: 12488.0 | max reserved: 12488.0

==> Time (ms) | [stage 3, virtual 0, rank 3] | forward-compute: 29876.65 | forward-recv: 4328.84 | forward-send: 2501.73 | forward-send-backward-recv: 5163.59 | backward-compute: 71246.01 | backward-recv: 711.92 | backward-send: 3.23 | backward-send-forward-recv: 643.13 | backward-params-all-reduce: 13.70 | backward-embedding-all-reduce: 0.42 | optimizer: 1894.09 | batch-generator: 49.73

==> Memory | [stage 3, virtual 0, rank 3] memory (MB) | allocated: 3645.3251953125 | max allocated: 18662.4375 | reserved: 19628.0 | max reserved: 19628.0

==> Time (ms) | [stage 2, virtual 0, rank 2] | forward-compute: 29917.27 | forward-recv: 2896.90 | forward-send: 3631.42 | forward-send-backward-recv: 5893.66 | backward-compute: 71263.44 | backward-recv: 980.67 | backward-send: 3.03 | backward-send-forward-recv: 446.07 | backward-params-all-reduce: 12.62 | backward-embedding-all-reduce: 0.40 | optimizer: 1339.73 | batch-generator: 49.00

==> Memory | [stage 2, virtual 0, rank 2] memory (MB) | allocated: 3559.8515625 | max allocated: 21229.0517578125 | reserved: 22156.0 | max reserved: 22156.0

==> Time (ms) | [stage 6, virtual 0, rank 6] | forward-compute: 32552.29 | forward-recv: 8324.53 | backward-compute: 69506.26 | backward-send: 2.75 | backward-send-forward-recv: 1787.87 | backward-params-all-reduce: 28.29 | backward-embedding-all-reduce: 3350.15 | optimizer: 203.87 | batch-generator: 48.78

==> Memory | [stage 6, virtual 0, rank 6] memory (MB) | allocated: 7883.4892578125 | max allocated: 23447.63671875 | reserved: 24536.0 | max reserved: 24536.0
 iteration        1/       3 | consumed samples:         1024 | elapsed time per iteration (ms): 116246.6 | learning rate: 4.687E-08 | global batch size:  1024 | lm loss: 9.815782E+00 | loss scale: 4294967296.0 | grad norm: nan | number of skipped iterations:   0 | number of nan iterations:   0 |

==> Time (ms) | [stage 6, virtual 0, rank 7] | forward-compute: 32549.71 | forward-recv: 8309.89 | backward-compute: 69499.62 | backward-send: 2.31 | backward-send-forward-recv: 1637.11 | backward-params-all-reduce: 27.87 | backward-embedding-all-reduce: 3349.79 | optimizer: 208.39 | batch-generator: 52.05

==> Memory | [stage 6, virtual 0, rank 7] memory (MB) | allocated: 7883.4892578125 | max allocated: 23447.63671875 | reserved: 24530.0 | max reserved: 24530.0

==> Time (ms) | [stage 1, virtual 0, rank 1] | forward-compute: 28504.04 | forward-recv: 229.93 | forward-send: 12.49 | forward-send-backward-recv: 4627.57 | backward-compute: 70876.88 | backward-recv: 1200.15 | backward-send: 4.55 | backward-send-forward-recv: 161.81 | backward-params-all-reduce: 56.50 | backward-embedding-all-reduce: 0.29 | optimizer: 576.70 | batch-generator: 46.06

==> Memory | [stage 1, virtual 0, rank 1] memory (MB) | allocated: 3617.78125 | max allocated: 20192.7861328125 | reserved: 21144.0 | max reserved: 21144.0

==> Time (ms) | [stage 2, virtual 0, rank 2] | forward-compute: 28538.77 | forward-recv: 406.88 | forward-send: 10.61 | forward-send-backward-recv: 4047.39 | backward-compute: 70877.58 | backward-recv: 960.94 | backward-send: 3.16 | backward-send-forward-recv: 131.84 | backward-params-all-reduce: 13.08 | backward-embedding-all-reduce: 0.41 | optimizer: 1175.05 | batch-generator: 46.91

==> Memory | [stage 2, virtual 0, rank 2] memory (MB) | allocated: 3561.3515625 | max allocated: 22782.8173828125 | reserved: 23692.0 | max reserved: 23692.0

==> Time (ms) | [stage 3, virtual 0, rank 3] | forward-compute: 28559.66 | forward-recv: 632.61 | forward-send: 8.51 | forward-send-backward-recv: 3494.12 | backward-compute: 70828.52 | backward-recv: 726.91 | backward-send: 3.17 | backward-send-forward-recv: 169.88 | backward-params-all-reduce: 14.00 | backward-embedding-all-reduce: 0.41 | optimizer: 1729.47 | batch-generator: 47.65

==> Time (ms) | [stage 5, virtual 0, rank 5] | forward-compute: 29163.73 | forward-recv: 1122.49 | forward-send: 2.68 | forward-send-backward-recv: 1552.47 | backward-compute: 70979.50 | backward-recv: 233.00 | backward-send: 1.98 | backward-send-forward-recv: 171.54 | backward-params-all-reduce: 13.41 | backward-embedding-all-reduce: 0.42 | optimizer: 2840.58 | batch-generator: 46.93

==> Memory | [stage 3, virtual 0, rank 3] memory (MB) | allocated: 3651.3251953125 | max allocated: 20209.69140625 | reserved: 21168.0 | max reserved: 21168.0

==> Memory | [stage 5, virtual 0, rank 5] memory (MB) | allocated: 3610.9306640625 | max allocated: 31801.322265625 | reserved: 32684.0 | max reserved: 32684.0

==> Time (ms) | [stage 0, virtual 0, rank 0] | forward-compute: 28496.77 | forward-send: 18.17 | forward-send-backward-recv: 5165.52 | backward-compute: 71116.60 | backward-recv: 1432.49 | backward-params-all-reduce: 14.32 | backward-embedding-all-reduce: 7.82 | optimizer: 56.12 | batch-generator: 52.75

==> Memory | [stage 0, virtual 0, rank 0] memory (MB) | allocated: 3952.5576171875 | max allocated: 13737.87109375 | reserved: 14026.0 | max reserved: 14026.0

==> Time (ms) | [stage 4, virtual 0, rank 4] | forward-compute: 28604.26 | forward-recv: 897.73 | forward-send: 8.84 | forward-send-backward-recv: 2610.90 | backward-compute: 71134.83 | backward-recv: 466.57 | backward-send: 1.36 | backward-send-forward-recv: 91.25 | backward-params-all-reduce: 13.23 | backward-embedding-all-reduce: 0.41 | optimizer: 2285.20 | batch-generator: 46.69

==> Memory | [stage 4, virtual 0, rank 4] memory (MB) | allocated: 3544.3603515625 | max allocated: 25510.19921875 | reserved: 26734.0 | max reserved: 26734.0

==> Time (ms) | [stage 6, virtual 0, rank 6] | forward-compute: 31107.32 | forward-recv: 1302.20 | backward-compute: 69227.72 | backward-send: 3.82 | backward-send-forward-recv: 765.76 | backward-params-all-reduce: 29.70 | backward-embedding-all-reduce: 3318.30 | optimizer: 71.29 | batch-generator: 47.44

==> Memory | [stage 6, virtual 0, rank 6] memory (MB) | allocated: 7885.9892578125 | max allocated: 26695.9501953125 | reserved: 27662.0 | max reserved: 27662.0
 iteration        2/       3 | consumed samples:         2048 | elapsed time per iteration (ms): 106334.4 | learning rate: 9.375E-08 | global batch size:  1024 | loss scale: 2147483648.0 | grad norm: nan | number of skipped iterations:   0 | number of nan iterations:   0 |

==> Time (ms) | [stage 6, virtual 0, rank 7] | forward-compute: 31102.98 | forward-recv: 1297.97 | backward-compute: 69278.37 | backward-send: 1.74 | backward-send-forward-recv: 538.84 | backward-params-all-reduce: 28.45 | backward-embedding-all-reduce: 3323.73 | optimizer: 66.33 | batch-generator: 50.19

==> Memory | [stage 6, virtual 0, rank 7] memory (MB) | allocated: 7885.9892578125 | max allocated: 26695.9501953125 | reserved: 27664.0 | max reserved: 27664.0

==> Time (ms) | [stage 2, virtual 0, rank 2] | forward-compute: 28548.23 | forward-recv: 451.18 | forward-send: 11.17 | forward-send-backward-recv: 3748.30 | backward-compute: 70890.12 | backward-recv: 935.46 | backward-send: 2.97 | backward-send-forward-recv: 129.49 | backward-params-all-reduce: 12.87 | backward-embedding-all-reduce: 0.38 | optimizer: 1157.84 | batch-generator: 46.76

==> Memory | [stage 2, virtual 0, rank 2] memory (MB) | allocated: 3556.3515625 | max allocated: 22782.8173828125 | reserved: 23692.0 | max reserved: 23692.0

==> Time (ms) | [stage 3, virtual 0, rank 3] | forward-compute: 28519.55 | forward-recv: 674.99 | forward-send: 8.99 | forward-send-backward-recv: 3306.29 | backward-compute: 70780.76 | backward-recv: 702.56 | backward-send: 3.17 | backward-send-forward-recv: 167.42 | backward-params-all-reduce: 13.55 | backward-embedding-all-reduce: 0.42 | optimizer: 1712.39 | batch-generator: 47.68

==> Memory | [stage 3, virtual 0, rank 3] memory (MB) | allocated: 3652.3251953125 | max allocated: 20209.69140625 | reserved: 21168.0 | max reserved: 21168.0

==> Time (ms) | [stage 5, virtual 0, rank 5] | forward-compute: 29132.85 | forward-recv: 1122.02 | forward-send: 2.65 | forward-send-backward-recv: 1336.74 | backward-compute: 70932.38 | backward-recv: 230.17 | backward-send: 1.83 | backward-send-forward-recv: 169.93 | backward-params-all-reduce: 13.74 | backward-embedding-all-reduce: 0.41 | optimizer: 2823.51 | batch-generator: 46.45

==> Memory | [stage 5, virtual 0, rank 5] memory (MB) | allocated: 3607.4306640625 | max allocated: 31801.322265625 | reserved: 32684.0 | max reserved: 32684.0

==> Time (ms) | [stage 0, virtual 0, rank 0] | forward-compute: 28507.93 | forward-send: 18.72 | forward-send-backward-recv: 4864.89 | backward-compute: 71131.80 | backward-recv: 1403.23 | backward-params-all-reduce: 13.71 | backward-embedding-all-reduce: 4.04 | optimizer: 42.83 | batch-generator: 52.59

==> Memory | [stage 0, virtual 0, rank 0] memory (MB) | allocated: 3949.0576171875 | max allocated: 13737.87109375 | reserved: 14026.0 | max reserved: 14026.0
[TIME] after training is done (seconds): 338.553

==> Time (ms) | [stage 4, virtual 0, rank 4] | forward-compute: 28610.59 | forward-recv: 896.73 | forward-send: 9.08 | forward-send-backward-recv: 2304.11 | backward-compute: 71138.45 | backward-recv: 462.74 | backward-send: 1.30 | backward-send-forward-recv: 90.03 | backward-params-all-reduce: 13.23 | backward-embedding-all-reduce: 0.41 | optimizer: 2267.84 | batch-generator: 46.74

==> Memory | [stage 4, virtual 0, rank 4] memory (MB) | allocated: 3540.8603515625 | max allocated: 25510.19921875 | reserved: 26734.0 | max reserved: 26734.0
 iteration        3/       3 | consumed samples:         3072 | elapsed time per iteration (ms): 106051.6 | learning rate: 1.406E-07 | global batch size:  1024 | loss scale: 1073741824.0 | grad norm: nan | number of skipped iterations:   0 | number of nan iterations:   0 |

==> Time (ms) | [stage 6, virtual 0, rank 6] | forward-compute: 30917.34 | forward-recv: 1338.66 | backward-compute: 69228.52 | backward-send: 1.74 | backward-send-forward-recv: 652.36 | backward-params-all-reduce: 72.94 | backward-embedding-all-reduce: 3274.33 | optimizer: 54.40 | batch-generator: 47.11

==> Memory | [stage 6, virtual 0, rank 6] memory (MB) | allocated: 7883.9892578125 | max allocated: 26695.9501953125 | reserved: 27662.0 | max reserved: 27662.0

==> Time (ms) | [stage 6, virtual 0, rank 7] | forward-compute: 30916.00 | forward-recv: 1335.93 | backward-compute: 69166.52 | backward-send: 2.81 | backward-send-forward-recv: 713.56 | backward-params-all-reduce: 72.76 | backward-embedding-all-reduce: 3276.46 | optimizer: 52.54 | batch-generator: 48.22

==> Memory | [stage 6, virtual 0, rank 7] memory (MB) | allocated: 7883.9892578125 | max allocated: 26695.9501953125 | reserved: 27664.0 | max reserved: 27664.0

==> Time (ms) | [stage 1, virtual 0, rank 1] | forward-compute: 28495.90 | forward-recv: 228.53 | forward-send: 13.50 | forward-send-backward-recv: 4365.42 | backward-compute: 70875.94 | backward-recv: 1172.40 | backward-send: 4.54 | backward-send-forward-recv: 159.02 | backward-params-all-reduce: 12.92 | backward-embedding-all-reduce: 0.41 | optimizer: 652.77 | batch-generator: 45.84

==> Memory | [stage 1, virtual 0, rank 1] memory (MB) | allocated: 3617.28125 | max allocated: 20192.7861328125 | reserved: 21144.0 | max reserved: 21144.0
