------------------------ arguments ------------------------
  adaptive_hyper_parameters ....................... 5
  add_action_finetune_algo ........................ False
  add_action_finetune_dim ......................... False
  add_action_tp_dp_exchange ....................... False
  add_action_tune_tp_dp ........................... False
  check_recompute_with_group ...................... False
  config_save_path ................................ /home/liminglong.lml/sxz/SuperScaler/logs-large/aceso/configs/mbs/4096/
  config_suffix ................................... 2026-5-16-7-23-16
  consider_collective_memory ...................... False
  consider_reserved_space ......................... True
  consider_shared_space ........................... True
  continue_when_fail .............................. True
  decoder_seq_len ................................. 512
  end_num_stages .................................. 8
  finetune_after_trial ............................ 0
  finetune_tp_dp_after_trial ...................... False
  flex_recompute .................................. True
  forbid_turn_back ................................ False
  global_batch_size ............................... 4096
  high_memory_rate ................................ 0.9
  init_dim ........................................ tp
  initial_point ................................... balance
  log_path ........................................ /home/liminglong.lml/sxz/SuperScaler/logs-large/aceso/search/mbs/4096/
  max_num_hops .................................... 7
  max_num_trials .................................. 100
  max_op_move_steps ............................... 5
  max_tp .......................................... 8
  memory_limit .................................... 28000
  memory_main_params .............................. 2
  memory_optimizer ................................ 4
  memory_pred_type ................................ MAX
  micro_batch_size ................................ [1, 2, 4, 8]
  min_mbs ......................................... 1
  model_name ...................................... gpt
  model_size ...................................... 2_6B
  multi_process ................................... True
  num_algos ....................................... 2
  num_gpus ........................................ 8
  num_gpus_per_node ............................... 8
  num_layers ...................................... 32
  num_nodes ....................................... 1
  num_of_saved_configs ............................ 3
  num_partners_in_op_mig .......................... 1
  only_top_1_target ............................... False
  op_group_size ................................... 1
  peak_mem_in_backward ............................ 0
  predict_delta_time .............................. False
  print_debug_info ................................ False
  print_gpu_mig_details ........................... False
  print_move_op_details ........................... False
  print_recomp_debug_info ......................... False
  print_recompute_ops ............................. False
  profiled_time_path .............................. /home/liminglong.lml/sxz/SuperScaler/profiler/profiled-time-eurosys/
  random_order_actions ............................ False
  resharding ...................................... True
  save_to_csv ..................................... None
  seq_len ......................................... 2048
  simple_prim_mbs ................................. False
  simple_prim_mig ................................. False
  sort_metric ..................................... max_stage_time
  start_num_stages ................................ 1
  support_comm_predict ............................ False
  time_budget_per_trial ........................... 200
  time_budget_total ............................... 200
-------------------- end of arguments ---------------------
working on num_stages = 1
config has been saved to /home/liminglong.lml/sxz/SuperScaler/logs-large/aceso/configs/mbs/4096/gpt_2_6B_1stages_2026-5-16-7-23-16.json

========== Best Result (num_stages = 1) ==========
|401148.53|27987.07| op = [419]| tp = [2, ] | dp = [4, ] | algo = [0, ] | rc = [201] | gpus = [8] | micro_bs = 4 | time = [401148] | memory = [27987]
start|1371608.91|12186.57| op = [419]| tp = [8, ] | dp = [1, ] | algo = [0, ] | rc = [0] | gpus = [8] | micro_bs = 1 | time = [1371608] | memory = [12186]

[ Trial 0 ] |1371608.91|12186.57| op = [419]| tp = [8, ] | dp = [1, ] | algo = [0, ] | rc = [0] | gpus = [8] | micro_bs = 1 | time = [1371608] | memory = [12186]
>>>> [CONFIG: target(0), prim(inc_mbs)]
|694313.33|21997.09| op = [419]| tp = [4, ] | dp = [2, ] | algo = [0, ] | rc = [0] | gpus = [8] | micro_bs = 2 | time = [694313] | memory = [21997]

[ Trial 1 ] |694313.33|21997.09| op = [419]| tp = [4, ] | dp = [2, ] | algo = [0, ] | rc = [0] | gpus = [8] | micro_bs = 2 | time = [694313] | memory = [21997]
>>>> [CONFIG: target(0), prim(inc_mbs)]
|401148.53|27987.07| op = [419]| tp = [2, ] | dp = [4, ] | algo = [0, ] | rc = [201] | gpus = [8] | micro_bs = 4 | time = [401148] | memory = [27987]

num_targets: [1, 1]
num_hops: [1, 1]
search time = 0.34 s.  [0, 1, 2, 3, 4, 5, 6, 7, 8, 9, 10, 11, 12, 13, 14, 15, 16, 17, 18, 19, 20, 21, 22, 23] 
num_explored_cases = 46
time trend: [1371608, 694313, 401148, 401148, 401148, 401148, 401148, 401148, 401148, 450736, 450736, 450736, 450736, 450736, 694313, 694313, 694313, 694313, 694313, 1371608, 1371608, 1371608, 1371608, 1371608]

working on num_stages = 2
config has been saved to /home/liminglong.lml/sxz/SuperScaler/logs-large/aceso/configs/mbs/4096/gpt_2_6B_2stages_2026-5-16-7-23-16.json

========== Best Result (num_stages = 2) ==========
|168435.75|27967.56| op = [208, 211]| tp = [1, 1, ] | dp = [4, 4, ] | algo = [0, 0, ] | rc = [144, 74] | gpus = [4, 4] | micro_bs = 4 | time = [168435, 163208] | memory = [27844, 27967]
start|700706.34|15939.58| op = [209, 210]| tp = [4, 4, ] | dp = [1, 1, ] | algo = [0, 0, ] | rc = [0, 0] | gpus = [4, 4] | micro_bs = 1 | time = [690254, 700706] | memory = [15939, 11011]

[ Trial 0 ] |700706.34|15939.58| op = [209, 210]| tp = [4, 4, ] | dp = [1, 1, ] | algo = [0, 0, ] | rc = [0, 0] | gpus = [4, 4] | micro_bs = 1 | time = [690254, 700706] | memory = [15939, 11011]
>>>> [CONFIG: target(1), prim(inc_mbs)]
|367964.67|27502.08| op = [209, 210]| tp = [2, 2, ] | dp = [2, 2, ] | algo = [0, 0, ] | rc = [8, 0] | gpus = [4, 4] | micro_bs = 2 | time = [361885, 367964] | memory = [27502, 20881]

[ Trial 1 ] |367964.67|27502.08| op = [209, 210]| tp = [2, 2, ] | dp = [2, 2, ] | algo = [0, 0, ] | rc = [8, 0] | gpus = [4, 4] | micro_bs = 2 | time = [361885, 367964] | memory = [27502, 20881]
>>>> [CONFIG: target(1), prim(inc_mbs)]
|168520.69|27982.55| op = [209, 210]| tp = [1, 1, ] | dp = [4, 4, ] | algo = [0, 0, ] | rc = [144, 72] | gpus = [4, 4] | micro_bs = 4 | time = [168520, 162572] | memory = [27874, 27982]

[ Trial 2 ] |168520.69|27982.55| op = [209, 210]| tp = [1, 1, ] | dp = [4, 4, ] | algo = [0, 0, ] | rc = [144, 72] | gpus = [4, 4] | micro_bs = 4 | time = [168520, 162572] | memory = [27874, 27982]
>>>> [CONFIG: target(0), prim(inc_mbs)]
|180205.91|27224.18| op = [209, 210]| tp = [1, 1, ] | dp = [4, 4, ] | algo = [0, 0, ] | rc = [207, 208] | gpus = [4, 4] | micro_bs = 8 | time = [171123, 180205] | memory = [27044, 27224]
>>>> [CONFIG: target(1), prim(dec_op)]
|177631.82|27398.64| op = [213, 206]| tp = [1, 1, ] | dp = [4, 4, ] | algo = [0, 0, ] | rc = [211, 205] | gpus = [4, 4] | micro_bs = 8 | time = [175884, 177631] | memory = [27381, 27398]
>>>> [CONFIG: target(1), prim(dec_mbs)]
|175040.78|27991.04| op = [213, 206]| tp = [1, 1, ] | dp = [4, 4, ] | algo = [0, 0, ] | rc = [168, 64] | gpus = [4, 4] | micro_bs = 4 | time = [175040, 158680] | memory = [27966, 27991]
>>>> [CONFIG: target(0), prim(dec_mbs)]
|371020.04|26824.86| op = [213, 206]| tp = [2, 2, ] | dp = [2, 2, ] | algo = [0, 0, ] | rc = [12, 0] | gpus = [4, 4] | micro_bs = 2 | time = [371020, 362340] | memory = [26824, 20692]
>>>> [CONFIG: target(0), prim(dec_op)]
|367469.13|27144.86| op = [211, 208]| tp = [2, 2, ] | dp = [2, 2, ] | algo = [0, 0, ] | rc = [10, 0] | gpus = [4, 4] | micro_bs = 2 | time = [367469, 363553] | memory = [27144, 20702]
>>>> [CONFIG: target(0), prim(inc_mbs)]
|172365.47|27971.04| op = [211, 208]| tp = [1, 1, ] | dp = [4, 4, ] | algo = [0, 0, ] | rc = [171, 66] | gpus = [4, 4] | micro_bs = 4 | time = [172365, 159731] | memory = [27946, 27971]
>>>> [CONFIG: target(0), prim(inc_mbs)]
|178739.59|27501.66| op = [211, 208]| tp = [1, 1, ] | dp = [4, 4, ] | algo = [0, 0, ] | rc = [209, 207] | gpus = [4, 4] | micro_bs = 8 | time = [172870, 178739] | memory = [27501, 26926]

[ Trial 3 ] |178739.59|27501.66| op = [211, 208]| tp = [1, 1, ] | dp = [4, 4, ] | algo = [0, 0, ] | rc = [209, 207] | gpus = [4, 4] | micro_bs = 8 | time = [172870, 178739] | memory = [27501, 26926]
>>>> [CONFIG: target(1), prim(dec_op)]
|177229.15|29685.66| op = [214, 205]| tp = [1, 1, ] | dp = [4, 4, ] | algo = [0, 0, ] | rc = [212, 203] | gpus = [4, 4] | micro_bs = 8 | time = [177229, 176048] | memory = [29685, 27418]
>>>> [CONFIG: target(0), prim(dec_mbs)]
|185899.04|27991.04| op = [214, 205]| tp = [1, 1, ] | dp = [4, 4, ] | algo = [0, 0, ] | rc = [212, 62] | gpus = [4, 4] | micro_bs = 4 | time = [185899, 157068] | memory = [26983, 27991]
>>>> [CONFIG: target(0), prim(inc_mbs)]
|366873.34|27418.64| op = [214, 205]| tp = [2, 1, ] | dp = [2, 4, ] | algo = [0, 0, ] | rc = [146, 203] | gpus = [4, 4] | micro_bs = 8 | time = [366873, 176418] | memory = [26780, 27418]
>>>> [CONFIG: target(0), prim(dec_op)]
|237297.11|33826.64| op = [146, 273]| tp = [2, 1, ] | dp = [2, 4, ] | algo = [0, 0, ] | rc = [36, 273] | gpus = [4, 4] | micro_bs = 8 | time = [237297, 236716] | memory = [27913, 33826]
>>>> [CONFIG: target(1), prim(dec_op)]
|352405.98|27968.17| op = [208, 211]| tp = [2, 1, ] | dp = [2, 4, ] | algo = [0, 0, ] | rc = [105, 210] | gpus = [4, 4] | micro_bs = 8 | time = [352405, 180792] | memory = [27968, 27254]
>>>> [CONFIG: target(0), prim(dec_mbs)]
|168435.75|27967.56| op = [208, 211]| tp = [1, 1, ] | dp = [4, 4, ] | algo = [0, 0, ] | rc = [144, 74] | gpus = [4, 4] | micro_bs = 4 | time = [168435, 163208] | memory = [27844, 27967]

num_targets: [1, 1, 1]
num_hops: [1, 1, 6]
search time = 12.14 s.  [0, 1, 2, 3, 4, 5, 6, 7, 8, 9, 10, 11, 12, 13, 14, 15, 16, 17, 18, 19, 20, 21, 22, 23, 24, 25, 26, 27, 28, 29, 30, 31, 32, 33, 34, 35, 36, 37, 38, 39, 40, 41, 42, 43, 44, 45, 46, 47, 48, 49, 50, 51, 52, 53, 54, 55, 56, 57, 58, 59, 60, 64, 65, 66, 67, 68, 69, 70, 71, 72, 73, 74, 75, 76, 77, 78, 79, 80, 81, 82, 83, 84, 85, 86, 87, 88, 89, 90, 91, 92, 93, 94, 95, 96, 97, 98, 99, 100, 101, 102, 103] 
num_explored_cases = 1264
time trend: [700706, 367964, 168520, 168520, 168435, 168435, 168435, 168435, 168435, 168435, 168435, 168520, 168520, 168520, 168520, 168520, 168675, 168675, 168675, 168675, 168675, 172365, 172365, 172365, 172365, 172365, 175040, 175040, 175040, 175040, 175040, 177631, 177631, 177631, 177631, 177631, 178739, 178739, 178739, 178739, 178739, 180146, 180146, 180146, 180146, 180146, 180205, 180205, 180205, 180205, 180205, 180437, 180437, 180437, 180437, 180437, 185899, 185899, 185899, 185899, 185899, 177884, 176503, 176503, 176503, 176503, 176503, 176503, 177149, 177149, 177149, 177149, 177149, 177579, 177579, 177579, 177579, 177579, 177579, 177589, 177589, 177589, 177589, 177589, 177884, 177884, 177884, 177884, 178036, 178036, 178036, 178036, 178036, 199991, 199991, 199991, 199991, 199991, 300981, 300981, 300981]

working on num_stages = 8
config has been saved to /home/liminglong.lml/sxz/SuperScaler/logs-large/aceso/configs/mbs/4096/gpt_2_6B_8stages_2026-5-16-7-23-16.json

========== Best Result (num_stages = 8) ==========
|143293.59|27961.61| op = [51, 51, 52, 55, 54, 54, 58, 44]| tp = [1, 1, 1, 1, 1, 1, 1, 1, ] | dp = [1, 1, 1, 1, 1, 1, 1, 1, ] | algo = [0, 0, 0, 0, 0, 0, 0, 0, ] | rc = [14, 12, 10, 8, 8, 6, 0, 0] | gpus = [1, 1, 1, 1, 1, 1, 1, 1] | micro_bs = 2 | time = [140772, 141072, 139450, 142487, 140820, 143293, 142855, 139366] | memory = [26802, 26973, 27961, 27903, 23485, 24448, 27960, 15762]
start|171230.44|26620.67| op = [52, 52, 52, 52, 52, 52, 52, 55]| tp = [1, 1, 1, 1, 1, 1, 1, 1, ] | dp = [1, 1, 1, 1, 1, 1, 1, 1, ] | algo = [0, 0, 0, 0, 0, 0, 0, 0, ] | rc = [8, 6, 4, 0, 0, 0, 0, 0] | gpus = [1, 1, 1, 1, 1, 1, 1, 1] | micro_bs = 1 | time = [146109, 139747, 136810, 130935, 130935, 130935, 130935, 171230] | memory = [23017, 23316, 24392, 26620, 22512, 18404, 14296, 12613]

[ Trial 0 ] |171230.44|26620.67| op = [52, 52, 52, 52, 52, 52, 52, 55]| tp = [1, 1, 1, 1, 1, 1, 1, 1, ] | dp = [1, 1, 1, 1, 1, 1, 1, 1, ] | algo = [0, 0, 0, 0, 0, 0, 0, 0, ] | rc = [8, 6, 4, 0, 0, 0, 0, 0] | gpus = [1, 1, 1, 1, 1, 1, 1, 1] | micro_bs = 1 | time = [146109, 139747, 136810, 130935, 130935, 130935, 130935, 171230] | memory = [23017, 23316, 24392, 26620, 22512, 18404, 14296, 12613]
>>>> [CONFIG: target(7), prim(dec_op)]
|146225.69|26620.67| op = [52, 52, 52, 52, 55, 55, 57, 44]| tp = [1, 1, 1, 1, 1, 1, 1, 1, ] | dp = [1, 1, 1, 1, 1, 1, 1, 1, ] | algo = [0, 0, 0, 0, 0, 0, 0, 0, ] | rc = [8, 6, 4, 0, 0, 0, 0, 0] | gpus = [1, 1, 1, 1, 1, 1, 1, 1] | micro_bs = 1 | time = [146111, 139749, 136812, 130938, 137212, 144826, 146225, 145898] | memory = [23017, 23316, 24392, 26620, 23032, 20960, 15478, 10871]

[ Trial 1 ] |146225.69|26620.67| op = [52, 52, 52, 52, 55, 55, 57, 44]| tp = [1, 1, 1, 1, 1, 1, 1, 1, ] | dp = [1, 1, 1, 1, 1, 1, 1, 1, ] | algo = [0, 0, 0, 0, 0, 0, 0, 0, ] | rc = [8, 6, 4, 0, 0, 0, 0, 0] | gpus = [1, 1, 1, 1, 1, 1, 1, 1] | micro_bs = 1 | time = [146111, 139749, 136812, 130938, 137212, 144826, 146225, 145898] | memory = [23017, 23316, 24392, 26620, 23032, 20960, 15478, 10871]
>>>> [CONFIG: target(6), prim(inc_mbs)]
|149635.76|27601.52| op = [52, 52, 52, 52, 55, 55, 57, 44]| tp = [1, 1, 1, 1, 1, 1, 1, 1, ] | dp = [1, 1, 1, 1, 1, 1, 1, 1, ] | algo = [0, 0, 0, 0, 0, 0, 0, 0, ] | rc = [14, 12, 10, 8, 8, 8, 0, 0] | gpus = [1, 1, 1, 1, 1, 1, 1, 1] | micro_bs = 2 | time = [145198, 140632, 138221, 135810, 141381, 149635, 139367, 139366] | memory = [27362, 27113, 27601, 26553, 23685, 24448, 25656, 15762]
>>>> [CONFIG: target(5), prim(dec_op)]
|143293.75|27961.49| op = [51, 52, 52, 53, 55, 54, 58, 44]| tp = [1, 1, 1, 1, 1, 1, 1, 1, ] | dp = [1, 1, 1, 1, 1, 1, 1, 1, ] | algo = [0, 0, 0, 0, 0, 0, 0, 0, ] | rc = [14, 12, 10, 8, 8, 6, 0, 0] | gpus = [1, 1, 1, 1, 1, 1, 1, 1] | micro_bs = 2 | time = [140772, 141860, 139449, 141465, 141382, 143293, 142855, 139366] | memory = [26802, 27533, 27961, 27353, 23685, 24448, 27960, 15762]

[ Trial 2 ] |143293.75|27961.49| op = [51, 52, 52, 53, 55, 54, 58, 44]| tp = [1, 1, 1, 1, 1, 1, 1, 1, ] | dp = [1, 1, 1, 1, 1, 1, 1, 1, ] | algo = [0, 0, 0, 0, 0, 0, 0, 0, ] | rc = [14, 12, 10, 8, 8, 6, 0, 0] | gpus = [1, 1, 1, 1, 1, 1, 1, 1] | micro_bs = 2 | time = [140772, 141860, 139449, 141465, 141382, 143293, 142855, 139366] | memory = [26802, 27533, 27961, 27353, 23685, 24448, 27960, 15762]
>>>> [CONFIG: target(5), prim(inc_mbs)]
|166872.47|27971.10| op = [51, 52, 52, 53, 55, 54, 58, 44]| tp = [1, 1, 1, 1, 1, 1, 1, 1, ] | dp = [1, 1, 1, 1, 1, 1, 1, 1, ] | algo = [0, 0, 0, 0, 0, 0, 0, 0, ] | rc = [36, 30, 26, 22, 16, 20, 18, 0] | gpus = [1, 1, 1, 1, 1, 1, 1, 1] | micro_bs = 4 | time = [160238, 163504, 159606, 158443, 151672, 160714, 166872, 139190] | memory = [26890, 27971, 27530, 27650, 26910, 27553, 27901, 25524]
>>>> [CONFIG: target(6), prim(dec_op)]
|156790.20|27971.04| op = [49, 49, 52, 55, 54, 56, 56, 48]| tp = [1, 1, 1, 1, 1, 1, 1, 1, ] | dp = [1, 1, 1, 1, 1, 1, 1, 1, ] | algo = [0, 0, 0, 0, 0, 0, 0, 0, ] | rc = [28, 26, 25, 22, 16, 14, 12, 0] | gpus = [1, 1, 1, 1, 1, 1, 1, 1] | micro_bs = 4 | time = [150437, 156481, 156790, 154829, 152413, 154924, 153982, 145972] | memory = [27611, 27971, 27530, 27250, 27409, 27521, 27920, 26204]
>>>> [CONFIG: target(2), prim(dec_mbs)]
|146067.59|27601.49| op = [49, 49, 52, 55, 54, 56, 56, 48]| tp = [1, 1, 1, 1, 1, 1, 1, 1, ] | dp = [1, 1, 1, 1, 1, 1, 1, 1, ] | algo = [0, 0, 0, 0, 0, 0, 0, 0, ] | rc = [14, 12, 10, 8, 8, 6, 0, 0] | gpus = [1, 1, 1, 1, 1, 1, 1, 1] | micro_bs = 2 | time = [134158, 138510, 138215, 137921, 142412, 144176, 136955, 146067] | memory = [25122, 26523, 27601, 27003, 23984, 24062, 27240, 16352]
>>>> [CONFIG: target(7), prim(dec_op)]
|143952.98|27961.61| op = [51, 51, 52, 53, 53, 55, 59, 45]| tp = [1, 1, 1, 1, 1, 1, 1, 1, ] | dp = [1, 1, 1, 1, 1, 1, 1, 1, ] | algo = [0, 0, 0, 0, 0, 0, 0, 0, ] | rc = [14, 12, 10, 8, 8, 6, 0, 0] | gpus = [1, 1, 1, 1, 1, 1, 1, 1] | micro_bs = 2 | time = [140768, 141068, 139446, 137823, 141461, 138523, 139073, 143952] | memory = [26802, 26973, 27961, 27253, 23664, 23422, 27480, 16182]
>>>> [CONFIG: target(7), prim(dec_mbs)]
|150358.65|26970.74| op = [51, 51, 52, 53, 53, 55, 59, 45]| tp = [1, 1, 1, 1, 1, 1, 1, 1, ] | dp = [1, 1, 1, 1, 1, 1, 1, 1, ] | algo = [0, 0, 0, 0, 0, 0, 0, 0, ] | rc = [8, 6, 4, 0, 0, 0, 0, 0] | gpus = [1, 1, 1, 1, 1, 1, 1, 1] | micro_bs = 1 | time = [141553, 140295, 138192, 133151, 136874, 137211, 146191, 150358] | memory = [22537, 23246, 24572, 26970, 23072, 18869, 16190, 11281]
>>>> [CONFIG: target(7), prim(dec_op)]
|143983.91|27995.82| op = [51, 51, 52, 57, 54, 55, 57, 42]| tp = [1, 1, 1, 1, 1, 1, 1, 1, ] | dp = [1, 1, 1, 1, 1, 1, 1, 1, ] | algo = [0, 0, 0, 0, 0, 0, 0, 0, ] | rc = [8, 6, 4, 0, 0, 0, 0, 0] | gpus = [1, 1, 1, 1, 1, 1, 1, 1] | micro_bs = 1 | time = [141555, 140297, 138194, 143983, 141274, 142981, 143127, 139127] | memory = [22537, 23246, 24572, 27995, 23616, 21060, 15326, 10391]
>>>> [CONFIG: target(3), prim(inc_mbs)]
|150499.90|27961.61| op = [51, 51, 52, 57, 54, 55, 57, 42]| tp = [1, 1, 1, 1, 1, 1, 1, 1, ] | dp = [1, 1, 1, 1, 1, 1, 1, 1, ] | algo = [0, 0, 0, 0, 0, 0, 0, 0, ] | rc = [14, 12, 10, 10, 8, 10, 0, 0] | gpus = [1, 1, 1, 1, 1, 1, 1, 1] | micro_bs = 2 | time = [140775, 141075, 139453, 150240, 146151, 150499, 136243, 132925] | memory = [26802, 26973, 27961, 26555, 25152, 21092, 25052, 15202]

[ Trial 3 ] |150499.90|27961.61| op = [51, 51, 52, 57, 54, 55, 57, 42]| tp = [1, 1, 1, 1, 1, 1, 1, 1, ] | dp = [1, 1, 1, 1, 1, 1, 1, 1, ] | algo = [0, 0, 0, 0, 0, 0, 0, 0, ] | rc = [14, 12, 10, 10, 8, 10, 0, 0] | gpus = [1, 1, 1, 1, 1, 1, 1, 1] | micro_bs = 2 | time = [140775, 141075, 139453, 150240, 146151, 150499, 136243, 132925] | memory = [26802, 26973, 27961, 26555, 25152, 21092, 25052, 15202]
>>>> [CONFIG: target(5), prim(dec_op)]
|143293.59|27961.61| op = [51, 51, 52, 55, 54, 54, 58, 44]| tp = [1, 1, 1, 1, 1, 1, 1, 1, ] | dp = [1, 1, 1, 1, 1, 1, 1, 1, ] | algo = [0, 0, 0, 0, 0, 0, 0, 0, ] | rc = [14, 12, 10, 8, 8, 6, 0, 0] | gpus = [1, 1, 1, 1, 1, 1, 1, 1] | micro_bs = 2 | time = [140772, 141072, 139450, 142487, 140820, 143293, 142855, 139366] | memory = [26802, 26973, 27961, 27903, 23485, 24448, 27960, 15762]

num_targets: [1, 1, 1]
num_hops: [1, 2, 1]
search time = 112.81 s.  [0, 1, 2, 5, 6, 7, 18, 19, 22, 26, 29, 32, 33, 35, 37, 39, 42, 45, 47, 48, 53, 55, 57, 60, 62, 63, 65, 70, 72, 74, 76, 77, 78, 79, 82, 83, 85, 87, 88, 91, 92, 93, 99, 101, 103, 104, 105, 106, 108, 109, 110, 112, 113, 114, 115, 117, 119, 120, 122, 124, 126, 128, 130, 132, 134, 137, 138, 141, 142, 143, 144, 145, 146, 147, 148, 149, 150, 151, 152, 153, 154, 155, 156, 157, 158, 159, 160, 161, 162, 163, 164, 165, 166, 167, 168, 169, 170, 171, 172, 173, 174] 
num_explored_cases = 8903
time trend: [171230, 146225, 143293, 143293, 143293, 143293, 143293, 144202, 143293, 143950, 143950, 143951, 146226, 144378, 144376, 144763, 144201, 143951, 146067, 148170, 143951, 144377, 145846, 143951, 144376, 148171, 144376, 143949, 143950, 144377, 143950, 152783, 148170, 158121, 144177, 160203, 143951, 145846, 149779, 143949, 144763, 151313, 143950, 144594, 147825, 149779, 150357, 144176, 144377, 145062, 145062, 146067, 162468, 146067, 149382, 145896, 146842, 146842, 166855, 166861, 166865, 146067, 146067, 146067, 146067, 143949, 143949, 146067, 163358, 143293, 143293, 143293, 143293, 143293, 143293, 143293, 143293, 143293, 143293, 143293, 143293, 143293, 143293, 143293, 143293, 143293, 143293, 143293, 143293, 143949, 143949, 143949, 143949, 143949, 143949, 143949, 143949, 143949, 143949, 143949, 143949]

working on num_stages = 3
config has been saved to /home/liminglong.lml/sxz/SuperScaler/logs-large/aceso/configs/mbs/4096/gpt_2_6B_3stages_2026-5-16-7-23-16.json

========== Best Result (num_stages = 3) ==========
|150386.46|27985.49| op = [107, 205, 107]| tp = [1, 1, 1, ] | dp = [2, 4, 2, ] | algo = [0, 0, 0, ] | rc = [30, 68, 10] | gpus = [2, 4, 2] | micro_bs = 4 | time = [147203, 150386, 150182] | memory = [27191, 27985, 26814]
start|503820.27|18765.45| op = [139, 139, 141]| tp = [4, 2, 2, ] | dp = [1, 1, 1, ] | algo = [0, 0, 0, ] | rc = [0, 0, 0] | gpus = [4, 2, 2] | micro_bs = 1 | time = [458703, 478051, 503820] | memory = [14185, 18765, 14587]

[ Trial 0 ] |503820.27|18765.45| op = [139, 139, 141]| tp = [4, 2, 2, ] | dp = [1, 1, 1, ] | algo = [0, 0, 0, ] | rc = [0, 0, 0] | gpus = [4, 2, 2] | micro_bs = 1 | time = [458703, 478051, 503820] | memory = [14185, 18765, 14587]
>>>> [CONFIG: target(2), prim(inc_mbs)]
|238868.84|27818.88| op = [139, 139, 141]| tp = [2, 1, 1, ] | dp = [2, 2, 2, ] | algo = [0, 0, 0, ] | rc = [0, 20, 4] | gpus = [4, 2, 2] | micro_bs = 2 | time = [238868, 190371, 197106] | memory = [26029, 25076, 27818]

[ Trial 1 ] |238868.84|27818.88| op = [139, 139, 141]| tp = [2, 1, 1, ] | dp = [2, 2, 2, ] | algo = [0, 0, 0, ] | rc = [0, 20, 4] | gpus = [4, 2, 2] | micro_bs = 2 | time = [238868, 190371, 197106] | memory = [26029, 25076, 27818]
>>>> [CONFIG: target(0), prim(dec_tp)]
|239100.03|27818.88| op = [139, 139, 141]| tp = [1, 2, 1, ] | dp = [2, 2, 2, ] | algo = [0, 0, 0, ] | rc = [32, 0, 4] | gpus = [2, 4, 2] | micro_bs = 2 | time = [196002, 239100, 197109] | memory = [27704, 18765, 27818]
>>>> [CONFIG: target(1), prim(dec_dp)]
|442839.52|27818.88| op = [139, 139, 141]| tp = [2, 2, 1, ] | dp = [2, 1, 2, ] | algo = [0, 0, 0, ] | rc = [0, 8, 4] | gpus = [4, 2, 2] | micro_bs = 2 | time = [238992, 442839, 197229] | memory = [26029, 26591, 27818]
>>>> [CONFIG: target(1), prim(dec_op)]
|267614.44|27982.97| op = [154, 84, 181]| tp = [2, 2, 1, ] | dp = [2, 1, 2, ] | algo = [0, 0, 0, ] | rc = [4, 0, 33] | gpus = [4, 2, 2] | micro_bs = 2 | time = [267614, 265621, 267312] | memory = [27217, 19246, 27982]
>>>> [CONFIG: target(0), prim(dec_tp)]
|267231.91|27982.97| op = [154, 84, 181]| tp = [1, 2, 1, ] | dp = [2, 2, 2, ] | algo = [0, 0, 0, ] | rc = [42, 0, 33] | gpus = [2, 4, 2] | micro_bs = 2 | time = [221625, 145689, 267231] | memory = [27920, 11598, 27982]
>>>> [CONFIG: target(2), prim(dec_op)]
|211062.40|27870.63| op = [146, 124, 149]| tp = [1, 2, 1, ] | dp = [2, 2, 2, ] | algo = [0, 0, 0, ] | rc = [36, 0, 10] | gpus = [2, 4, 2] | micro_bs = 2 | time = [207496, 208232, 211062] | memory = [27870, 16921, 27473]

[ Trial 2 ] |211062.40|27870.63| op = [146, 124, 149]| tp = [1, 2, 1, ] | dp = [2, 2, 2, ] | algo = [0, 0, 0, ] | rc = [36, 0, 10] | gpus = [2, 4, 2] | micro_bs = 2 | time = [207496, 208232, 211062] | memory = [27870, 16921, 27473]
>>>> [CONFIG: target(2), prim(inc_tp)]
|267010.51|27870.63| op = [146, 124, 149]| tp = [1, 1, 2, ] | dp = [2, 2, 2, ] | algo = [0, 0, 0, ] | rc = [36, 12, 0] | gpus = [2, 2, 4] | micro_bs = 2 | time = [207501, 162305, 267010] | memory = [27870, 26157, 15301]
>>>> [CONFIG: target(2), prim(dec_dp)]
|489365.34|27870.63| op = [146, 124, 149]| tp = [1, 2, 2, ] | dp = [2, 2, 1, ] | algo = [0, 0, 0, ] | rc = [36, 0, 0] | gpus = [2, 4, 2] | micro_bs = 2 | time = [207632, 208368, 489365] | memory = [27870, 16921, 21902]
>>>> [CONFIG: target(2), prim(inc_mbs)]
|224204.42|27974.76| op = [146, 124, 149]| tp = [1, 1, 1, ] | dp = [2, 4, 2, ] | algo = [0, 0, 0, ] | rc = [82, 12, 36] | gpus = [2, 4, 2] | micro_bs = 4 | time = [224204, 81468, 218548] | memory = [27816, 26157, 27974]
>>>> [CONFIG: target(0), prim(dec_op)]
|150386.46|27985.49| op = [107, 205, 107]| tp = [1, 1, 1, ] | dp = [2, 4, 2, ] | algo = [0, 0, 0, ] | rc = [30, 68, 10] | gpus = [2, 4, 2] | micro_bs = 4 | time = [147203, 150386, 150182] | memory = [27191, 27985, 26814]

num_targets: [1, 1, 1]
num_hops: [1, 5, 4]
search time = 200.00 s.  [0, 1, 2, 3, 35, 62, 87, 103, 104, 105, 106, 107, 108, 137, 172, 208, 211] 
num_explored_cases = 14834
time trend: [503820, 238868, 211062, 150386, 150386, 152523, 152523, 153235, 153235, 153235, 153236, 153236, 153236, 150960, 151115, 151115, 153235]

working on num_stages = 7
config has been saved to /home/liminglong.lml/sxz/SuperScaler/logs-large/aceso/configs/mbs/4096/gpt_2_6B_7stages_2026-5-16-7-23-16.json

========== Best Result (num_stages = 7) ==========
|140962.27|27961.61| op = [50, 52, 52, 52, 56, 57, 100]| tp = [1, 1, 1, 1, 1, 1, 1, ] | dp = [1, 1, 1, 1, 1, 1, 2, ] | algo = [0, 0, 0, 0, 0, 0, 0, ] | rc = [12, 10, 8, 8, 6, 0, 0] | gpus = [1, 1, 1, 1, 1, 1, 2] | micro_bs = 2 | time = [137496, 139373, 136962, 136962, 140124, 140962, 140905] | memory = [27813, 27961, 26853, 23185, 23822, 27580, 20436]
start|205655.99|26246.72| op = [59, 59, 59, 59, 59, 59, 65]| tp = [2, 1, 1, 1, 1, 1, 1, ] | dp = [1, 1, 1, 1, 1, 1, 1, ] | algo = [0, 0, 0, 0, 0, 0, 0, ] | rc = [0, 4, 4, 0, 0, 0, 0] | gpus = [2, 1, 1, 1, 1, 1, 1] | micro_bs = 1 | time = [205655, 150819, 156147, 144093, 150241, 148820, 197726] | memory = [22786, 26132, 26246, 23872, 21495, 15686, 14500]

[ Trial 0 ] |205655.99|26246.72| op = [59, 59, 59, 59, 59, 59, 65]| tp = [2, 1, 1, 1, 1, 1, 1, ] | dp = [1, 1, 1, 1, 1, 1, 1, ] | algo = [0, 0, 0, 0, 0, 0, 0, ] | rc = [0, 4, 4, 0, 0, 0, 0] | gpus = [2, 1, 1, 1, 1, 1, 1] | micro_bs = 1 | time = [205655, 150819, 156147, 144093, 150241, 148820, 197726] | memory = [22786, 26132, 26246, 23872, 21495, 15686, 14500]
>>>> [CONFIG: target(0), prim(dec_tp)]
|199174.64|26246.72| op = [59, 59, 59, 59, 59, 59, 65]| tp = [1, 1, 1, 2, 1, 1, 1, ] | dp = [1, 1, 1, 1, 1, 1, 1, ] | algo = [0, 0, 0, 0, 0, 0, 0, ] | rc = [10, 4, 4, 0, 0, 0, 0] | gpus = [1, 1, 1, 2, 1, 1, 1] | micro_bs = 1 | time = [167506, 150823, 156151, 199174, 150245, 148824, 197730] | memory = [23779, 26132, 26246, 12656, 21495, 15686, 14500]

[ Trial 1 ] |199174.64|26246.72| op = [59, 59, 59, 59, 59, 59, 65]| tp = [1, 1, 1, 2, 1, 1, 1, ] | dp = [1, 1, 1, 1, 1, 1, 1, ] | algo = [0, 0, 0, 0, 0, 0, 0, ] | rc = [10, 4, 4, 0, 0, 0, 0] | gpus = [1, 1, 1, 2, 1, 1, 1] | micro_bs = 1 | time = [167506, 150823, 156151, 199174, 150245, 148824, 197730] | memory = [23779, 26132, 26246, 12656, 21495, 15686, 14500]
>>>> [CONFIG: target(3), prim(dec_tp)]
|203424.30|26246.72| op = [59, 59, 59, 59, 59, 59, 65]| tp = [1, 1, 1, 1, 2, 1, 1, ] | dp = [1, 1, 1, 1, 1, 1, 1, ] | algo = [0, 0, 0, 0, 0, 0, 0, ] | rc = [10, 4, 4, 0, 0, 0, 0] | gpus = [1, 1, 1, 1, 2, 1, 1] | micro_bs = 1 | time = [167505, 150823, 156151, 144097, 203424, 148824, 197730] | memory = [23779, 26132, 26246, 23872, 11235, 15686, 14500]
>>>> [CONFIG: target(4), prim(dec_op)]
|171242.77|27800.66| op = [59, 61, 62, 65, 50, 67, 55]| tp = [1, 1, 1, 1, 2, 1, 1, ] | dp = [1, 1, 1, 1, 1, 1, 1, ] | algo = [0, 0, 0, 0, 0, 0, 0, ] | rc = [10, 6, 6, 0, 0, 0, 0] | gpus = [1, 1, 1, 1, 2, 1, 1] | micro_bs = 1 | time = [167505, 159691, 166247, 163053, 170360, 169824, 171242] | memory = [23779, 23216, 24391, 27800, 9362, 18100, 12613]

[ Trial 2 ] |171242.77|27800.66| op = [59, 61, 62, 65, 50, 67, 55]| tp = [1, 1, 1, 1, 2, 1, 1, ] | dp = [1, 1, 1, 1, 1, 1, 1, ] | algo = [0, 0, 0, 0, 0, 0, 0, ] | rc = [10, 6, 6, 0, 0, 0, 0] | gpus = [1, 1, 1, 1, 2, 1, 1] | micro_bs = 1 | time = [167505, 159691, 166247, 163053, 170360, 169824, 171242] | memory = [23779, 23216, 24391, 27800, 9362, 18100, 12613]
>>>> [CONFIG: target(6), prim(inc_mbs)]
|169229.45|27889.86| op = [59, 61, 62, 65, 50, 67, 55]| tp = [1, 1, 1, 1, 1, 1, 1, ] | dp = [1, 1, 1, 1, 2, 1, 1, ] | algo = [0, 0, 0, 0, 0, 0, 0, ] | rc = [18, 12, 14, 10, 0, 4, 0] | gpus = [1, 1, 1, 1, 2, 1, 1] | micro_bs = 2 | time = [167877, 159321, 169173, 169229, 63137, 167110, 163486] | memory = [26540, 27889, 26955, 27713, 17854, 26344, 18446]

[ Trial 3 ] |169229.45|27889.86| op = [59, 61, 62, 65, 50, 67, 55]| tp = [1, 1, 1, 1, 1, 1, 1, ] | dp = [1, 1, 1, 1, 2, 1, 1, ] | algo = [0, 0, 0, 0, 0, 0, 0, ] | rc = [18, 12, 14, 10, 0, 4, 0] | gpus = [1, 1, 1, 1, 2, 1, 1] | micro_bs = 2 | time = [167877, 159321, 169173, 169229, 63137, 167110, 163486] | memory = [26540, 27889, 26955, 27713, 17854, 26344, 18446]
>>>> [CONFIG: target(3), prim(dec_op)]
|151067.08|27813.85| op = [50, 51, 52, 52, 105, 61, 48]| tp = [1, 1, 1, 1, 1, 1, 1, ] | dp = [1, 1, 1, 1, 2, 1, 1, ] | algo = [0, 0, 0, 0, 0, 0, 0, ] | rc = [12, 10, 8, 8, 14, 2, 0] | gpus = [1, 1, 1, 1, 2, 1, 1] | micro_bs = 2 | time = [137500, 133559, 135738, 135738, 143188, 151067, 146001] | memory = [27813, 27081, 26553, 22944, 24468, 27248, 16352]

[ Trial 4 ] |151067.08|27813.85| op = [50, 51, 52, 52, 105, 61, 48]| tp = [1, 1, 1, 1, 1, 1, 1, ] | dp = [1, 1, 1, 1, 2, 1, 1, ] | algo = [0, 0, 0, 0, 0, 0, 0, ] | rc = [12, 10, 8, 8, 14, 2, 0] | gpus = [1, 1, 1, 1, 2, 1, 1] | micro_bs = 2 | time = [137500, 133559, 135738, 135738, 143188, 151067, 146001] | memory = [27813, 27081, 26553, 22944, 24468, 27248, 16352]
>>>> [CONFIG: target(5), prim(dec_op)]
|143886.03|27961.61| op = [50, 52, 53, 53, 104, 62, 45]| tp = [1, 1, 1, 1, 1, 1, 1, ] | dp = [1, 1, 1, 1, 2, 1, 1, ] | algo = [0, 0, 0, 0, 0, 0, 0, ] | rc = [12, 10, 8, 8, 14, 0, 0] | gpus = [1, 1, 1, 1, 2, 1, 1] | micro_bs = 2 | time = [137501, 139379, 137756, 141394, 140268, 143885, 143886] | memory = [27813, 27961, 27253, 23664, 23948, 27920, 16182]

[ Trial 5 ] |143886.03|27961.61| op = [50, 52, 53, 53, 104, 62, 45]| tp = [1, 1, 1, 1, 1, 1, 1, ] | dp = [1, 1, 1, 1, 2, 1, 1, ] | algo = [0, 0, 0, 0, 0, 0, 0, ] | rc = [12, 10, 8, 8, 14, 0, 0] | gpus = [1, 1, 1, 1, 2, 1, 1] | micro_bs = 2 | time = [137501, 139379, 137756, 141394, 140268, 143885, 143886] | memory = [27813, 27961, 27253, 23664, 23948, 27920, 16182]
>>>> [CONFIG: target(6), prim(inc_mbs)]
|167844.14|27921.25| op = [50, 52, 53, 53, 104, 62, 45]| tp = [1, 1, 1, 1, 1, 1, 1, ] | dp = [1, 1, 1, 1, 2, 1, 1, ] | algo = [0, 0, 0, 0, 0, 0, 0, ] | rc = [29, 25, 22, 16, 26, 18, 0] | gpus = [1, 1, 1, 1, 2, 1, 1] | micro_bs = 4 | time = [158012, 156764, 153523, 151456, 141537, 167844, 143737] | memory = [27511, 27891, 27850, 26769, 27673, 27921, 25964]
>>>> [CONFIG: target(5), prim(dec_op)]
|154294.54|27920.99| op = [49, 51, 53, 54, 108, 56, 48]| tp = [1, 1, 1, 1, 1, 1, 1, ] | dp = [1, 1, 1, 1, 2, 1, 1, ] | algo = [0, 0, 0, 0, 0, 0, 0, ] | rc = [24, 24, 20, 16, 28, 12, 0] | gpus = [1, 1, 1, 1, 2, 1, 1] | micro_bs = 4 | time = [147660, 154294, 150509, 152246, 148333, 153815, 145805] | memory = [27811, 27890, 27250, 27409, 27407, 27920, 26204]
>>>> [CONFIG: target(1), prim(dec_mbs)]
|147837.60|27481.30| op = [49, 51, 53, 54, 108, 56, 48]| tp = [1, 1, 1, 1, 1, 1, 1, ] | dp = [1, 1, 1, 1, 2, 1, 1, ] | algo = [0, 0, 0, 0, 0, 0, 0, ] | rc = [12, 10, 8, 8, 16, 0, 0] | gpus = [1, 1, 1, 1, 2, 1, 1] | micro_bs = 2 | time = [131679, 137568, 135987, 142344, 147837, 136887, 145999] | memory = [26853, 27481, 26553, 23984, 23213, 27240, 16352]
>>>> [CONFIG: target(4), prim(dec_dp)]
|295280.57|27481.30| op = [49, 51, 53, 54, 108, 56, 48]| tp = [1, 1, 1, 1, 1, 1, 1, ] | dp = [1, 1, 2, 1, 1, 1, 1, ] | algo = [0, 0, 0, 0, 0, 0, 0, ] | rc = [12, 10, 0, 8, 28, 0, 0] | gpus = [1, 1, 2, 1, 1, 1, 1] | micro_bs = 2 | time = [131717, 137606, 66014, 142382, 295280, 136925, 146037] | memory = [26853, 27481, 26620, 23984, 27407, 27240, 16352]
>>>> [CONFIG: target(4), prim(dec_op)]
|144900.60|27898.28| op = [49, 51, 102, 56, 57, 57, 47]| tp = [1, 1, 1, 1, 1, 1, 1, ] | dp = [1, 1, 2, 1, 1, 1, 1, ] | algo = [0, 0, 0, 0, 0, 0, 0, ] | rc = [12, 10, 20, 8, 6, 0, 0] | gpus = [1, 1, 2, 1, 1, 1, 1] | micro_bs = 2 | time = [131682, 137571, 142904, 143674, 144900, 138194, 144698] | memory = [26853, 27481, 27898, 24045, 24302, 27380, 16232]
>>>> [CONFIG: target(4), prim(inc_dp)]
|291464.11|27976.48| op = [49, 51, 102, 56, 57, 57, 47]| tp = [1, 1, 1, 1, 1, 1, 1, ] | dp = [1, 1, 1, 1, 2, 1, 1, ] | algo = [0, 0, 0, 0, 0, 0, 0, ] | rc = [12, 10, 36, 8, 0, 0, 0] | gpus = [1, 1, 1, 1, 2, 1, 1] | micro_bs = 2 | time = [131719, 137608, 291464, 143712, 72352, 138231, 144735] | memory = [26853, 27481, 27976, 24045, 19509, 27380, 16232]
>>>> [CONFIG: target(2), prim(dec_op)]
|143883.98|27753.40| op = [49, 51, 55, 55, 105, 59, 45]| tp = [1, 1, 1, 1, 1, 1, 1, ] | dp = [1, 1, 1, 1, 2, 1, 1, ] | algo = [0, 0, 0, 0, 0, 0, 0, ] | rc = [12, 10, 8, 8, 14, 0, 0] | gpus = [1, 1, 1, 1, 2, 1, 1] | micro_bs = 2 | time = [131680, 137569, 142596, 142193, 142922, 139004, 143883] | memory = [26853, 27481, 27753, 23865, 24338, 27480, 16182]

[ Trial 6 ] |143883.98|27753.40| op = [49, 51, 55, 55, 105, 59, 45]| tp = [1, 1, 1, 1, 1, 1, 1, ] | dp = [1, 1, 1, 1, 2, 1, 1, ] | algo = [0, 0, 0, 0, 0, 0, 0, ] | rc = [12, 10, 8, 8, 14, 0, 0] | gpus = [1, 1, 1, 1, 2, 1, 1] | micro_bs = 2 | time = [131680, 137569, 142596, 142193, 142922, 139004, 143883] | memory = [26853, 27481, 27753, 23865, 24338, 27480, 16182]
>>>> [CONFIG: target(6), prim(inc_mbs)]
|161534.12|27981.12| op = [49, 51, 55, 55, 105, 59, 45]| tp = [1, 1, 1, 1, 1, 1, 1, ] | dp = [1, 1, 1, 1, 2, 1, 1, ] | algo = [0, 0, 0, 0, 0, 0, 0, ] | rc = [24, 24, 24, 16, 28, 14, 0] | gpus = [1, 1, 1, 1, 2, 1, 1] | micro_bs = 4 | time = [147670, 154304, 161534, 152190, 145023, 158182, 143727] | memory = [27811, 27890, 27650, 27170, 27913, 27981, 25964]
>>>> [CONFIG: target(2), prim(inc_dp)]
|332078.88|27989.18| op = [49, 51, 55, 55, 105, 59, 45]| tp = [1, 1, 1, 1, 1, 1, 1, ] | dp = [1, 1, 2, 1, 1, 1, 1, ] | algo = [0, 0, 0, 0, 0, 0, 0, ] | rc = [24, 24, 8, 16, 77, 14, 0] | gpus = [1, 1, 2, 1, 1, 1, 1] | micro_bs = 4 | time = [147765, 154399, 72151, 152285, 332078, 158277, 143822] | memory = [27811, 27890, 27753, 27170, 27989, 27981, 25964]
>>>> [CONFIG: target(4), prim(dec_op)]
|160462.60|27980.99| op = [49, 51, 102, 52, 60, 57, 48]| tp = [1, 1, 1, 1, 1, 1, 1, ] | dp = [1, 1, 2, 1, 1, 1, 1, ] | algo = [0, 0, 0, 0, 0, 0, 0, ] | rc = [24, 24, 36, 16, 16, 14, 0] | gpus = [1, 1, 2, 1, 1, 1, 1] | micro_bs = 4 | time = [147668, 154301, 146432, 145776, 159635, 160462, 145812] | memory = [27811, 27890, 27976, 25729, 27901, 27980, 26204]
>>>> [CONFIG: target(5), prim(inc_dp)]
|338906.53|27901.86| op = [49, 51, 102, 52, 60, 57, 48]| tp = [1, 1, 1, 1, 1, 1, 1, ] | dp = [1, 1, 1, 1, 1, 2, 1, ] | algo = [0, 0, 0, 0, 0, 0, 0, ] | rc = [24, 24, 94, 16, 16, 0, 0] | gpus = [1, 1, 1, 1, 1, 2, 1] | micro_bs = 4 | time = [147768, 154402, 338906, 145877, 159736, 71340, 145913] | memory = [27811, 27890, 23908, 25729, 27901, 27580, 26204]
>>>> [CONFIG: target(2), prim(dec_op)]
|152751.67|27850.48| op = [49, 49, 54, 55, 55, 109, 48]| tp = [1, 1, 1, 1, 1, 1, 1, ] | dp = [1, 1, 1, 1, 1, 2, 1, ] | algo = [0, 0, 0, 0, 0, 0, 0, ] | rc = [24, 24, 20, 16, 14, 22, 0] | gpus = [1, 1, 1, 1, 1, 2, 1] | micro_bs = 4 | time = [147656, 152751, 151840, 152444, 149793, 147643, 145800] | memory = [27811, 27190, 27850, 27410, 26861, 27612, 26204]
>>>> [CONFIG: target(1), prim(dec_mbs)]
|145997.82|27588.51| op = [49, 49, 54, 55, 55, 109, 48]| tp = [1, 1, 1, 1, 1, 1, 1, ] | dp = [1, 1, 1, 1, 1, 2, 1, ] | algo = [0, 0, 0, 0, 0, 0, 0, ] | rc = [12, 10, 8, 8, 6, 4, 0] | gpus = [1, 1, 1, 1, 1, 2, 1] | micro_bs = 2 | time = [131677, 136029, 137272, 142593, 139336, 141663, 145997] | memory = [26853, 27081, 26903, 23985, 23582, 27588, 16352]
>>>> [CONFIG: target(6), prim(dec_op)]
|143880.97|27758.54| op = [49, 49, 54, 55, 55, 112, 45]| tp = [1, 1, 1, 1, 1, 1, 1, ] | dp = [1, 1, 1, 1, 1, 2, 1, ] | algo = [0, 0, 0, 0, 0, 0, 0, ] | rc = [12, 10, 8, 8, 6, 4, 0] | gpus = [1, 1, 1, 1, 1, 2, 1] | micro_bs = 2 | time = [131677, 136029, 137271, 142593, 139336, 142875, 143880] | memory = [26853, 27081, 26903, 23985, 23582, 27758, 16182]

[ Trial 7 ] |143880.97|27758.54| op = [49, 49, 54, 55, 55, 112, 45]| tp = [1, 1, 1, 1, 1, 1, 1, ] | dp = [1, 1, 1, 1, 1, 2, 1, ] | algo = [0, 0, 0, 0, 0, 0, 0, ] | rc = [12, 10, 8, 8, 6, 4, 0] | gpus = [1, 1, 1, 1, 1, 2, 1] | micro_bs = 2 | time = [131677, 136029, 137271, 142593, 139336, 142875, 143880] | memory = [26853, 27081, 26903, 23985, 23582, 27758, 16182]
>>>> [CONFIG: target(6), prim(inc_mbs)]
|152750.66|27853.05| op = [49, 49, 54, 55, 55, 112, 45]| tp = [1, 1, 1, 1, 1, 1, 1, ] | dp = [1, 1, 1, 1, 1, 2, 1, ] | algo = [0, 0, 0, 0, 0, 0, 0, ] | rc = [24, 24, 20, 16, 14, 22, 0] | gpus = [1, 1, 1, 1, 1, 2, 1] | micro_bs = 4 | time = [147655, 152750, 151839, 152443, 149792, 148700, 143712] | memory = [27811, 27190, 27850, 27410, 26861, 27853, 25964]
>>>> [CONFIG: target(1), prim(inc_dp)]
|338845.12|27970.11| op = [49, 49, 54, 55, 55, 112, 45]| tp = [1, 1, 1, 1, 1, 1, 1, ] | dp = [1, 2, 1, 1, 1, 1, 1, ] | algo = [0, 0, 0, 0, 0, 0, 0, ] | rc = [24, 10, 20, 16, 14, 56, 0] | gpus = [1, 2, 1, 1, 1, 1, 1] | micro_bs = 4 | time = [147758, 68864, 151942, 152547, 149896, 338845, 143815] | memory = [27811, 27081, 27850, 27410, 26861, 27970, 25964]
>>>> [CONFIG: target(5), prim(dec_mbs)]
|296027.79|27853.05| op = [49, 49, 54, 55, 55, 112, 45]| tp = [1, 1, 1, 1, 1, 1, 1, ] | dp = [1, 2, 1, 1, 1, 1, 1, ] | algo = [0, 0, 0, 0, 0, 0, 0, ] | rc = [12, 4, 8, 8, 6, 22, 0] | gpus = [1, 2, 1, 1, 1, 1, 1] | micro_bs = 2 | time = [131718, 67554, 137313, 142634, 139377, 296027, 143922] | memory = [26853, 24082, 26903, 23985, 23582, 27853, 16182]
>>>> [CONFIG: target(5), prim(inc_tp)]
|346823.60|27081.30| op = [49, 49, 54, 55, 55, 112, 45]| tp = [1, 1, 1, 1, 1, 2, 1, ] | dp = [1, 1, 1, 1, 1, 1, 1, ] | algo = [0, 0, 0, 0, 0, 0, 0, ] | rc = [12, 10, 8, 8, 6, 0, 0] | gpus = [1, 1, 1, 1, 1, 2, 1] | micro_bs = 2 | time = [131776, 136128, 137371, 142692, 139435, 346823, 143980] | memory = [26853, 27081, 26903, 23985, 23582, 25717, 16182]
>>>> [CONFIG: target(5), prim(dec_op)]
|175392.56|27957.24| op = [50, 62, 66, 62, 64, 55, 60]| tp = [1, 1, 1, 1, 1, 2, 1, ] | dp = [1, 1, 1, 1, 1, 1, 1, ] | algo = [0, 0, 0, 0, 0, 0, 0, ] | rc = [12, 16, 14, 15, 8, 0, 0] | gpus = [1, 1, 1, 1, 1, 2, 1] | micro_bs = 2 | time = [137596, 171118, 174343, 174774, 171241, 175300, 175392] | memory = [27813, 27189, 27755, 27957, 24748, 14250, 19476]
>>>> [CONFIG: target(6), prim(inc_dp)]
|174714.86|27957.24| op = [50, 62, 66, 62, 64, 55, 60]| tp = [1, 1, 1, 1, 1, 1, 1, ] | dp = [1, 1, 1, 1, 1, 1, 2, ] | algo = [0, 0, 0, 0, 0, 0, 0, ] | rc = [12, 16, 14, 15, 8, 0, 0] | gpus = [1, 1, 1, 1, 1, 1, 2] | micro_bs = 2 | time = [137537, 171058, 174283, 174714, 171182, 136188, 92065] | memory = [27813, 27189, 27755, 27957, 24748, 27300, 13528]
>>>> [CONFIG: target(3), prim(dec_op)]
|142194.86|27961.61| op = [50, 53, 55, 53, 53, 58, 97]| tp = [1, 1, 1, 1, 1, 1, 1, ] | dp = [1, 1, 1, 1, 1, 1, 2, ] | algo = [0, 0, 0, 0, 0, 0, 0, ] | rc = [12, 12, 8, 8, 6, 0, 0] | gpus = [1, 1, 1, 1, 1, 1, 2] | micro_bs = 2 | time = [137500, 142034, 142194, 140508, 140229, 139956, 139697] | memory = [27813, 27961, 27603, 23484, 24448, 27400, 20289]

[ Trial 8 ] |142194.86|27961.61| op = [50, 53, 55, 53, 53, 58, 97]| tp = [1, 1, 1, 1, 1, 1, 1, ] | dp = [1, 1, 1, 1, 1, 1, 2, ] | algo = [0, 0, 0, 0, 0, 0, 0, ] | rc = [12, 12, 8, 8, 6, 0, 0] | gpus = [1, 1, 1, 1, 1, 1, 2] | micro_bs = 2 | time = [137500, 142034, 142194, 140508, 140229, 139956, 139697] | memory = [27813, 27961, 27603, 23484, 24448, 27400, 20289]
>>>> [CONFIG: target(2), prim(inc_dp)]
|276656.78|27961.61| op = [50, 53, 55, 53, 53, 58, 97]| tp = [1, 1, 1, 1, 1, 1, 1, ] | dp = [1, 1, 2, 1, 1, 1, 1, ] | algo = [0, 0, 0, 0, 0, 0, 0, ] | rc = [12, 12, 0, 8, 6, 0, 8] | gpus = [1, 1, 2, 1, 1, 1, 1] | micro_bs = 2 | time = [137531, 142065, 69272, 140540, 140261, 139987, 276656] | memory = [27813, 27961, 27345, 23484, 24448, 27400, 27926]
>>>> [CONFIG: target(6), prim(dec_op)]
|146038.35|27961.61| op = [50, 53, 99, 52, 58, 59, 48]| tp = [1, 1, 1, 1, 1, 1, 1, ] | dp = [1, 1, 2, 1, 1, 1, 1, ] | algo = [0, 0, 0, 0, 0, 0, 0, ] | rc = [12, 12, 18, 8, 6, 0, 0] | gpus = [1, 1, 2, 1, 1, 1, 1] | micro_bs = 2 | time = [137503, 142037, 139097, 135741, 146038, 141770, 146004] | memory = [27813, 27961, 27448, 22944, 24442, 27680, 16352]
>>>> [CONFIG: target(4), prim(dec_op)]
|143888.20|27961.61| op = [50, 53, 102, 53, 54, 62, 45]| tp = [1, 1, 1, 1, 1, 1, 1, ] | dp = [1, 1, 2, 1, 1, 1, 1, ] | algo = [0, 0, 0, 0, 0, 0, 0, ] | rc = [12, 12, 18, 8, 6, 0, 0] | gpus = [1, 1, 2, 1, 1, 1, 1] | micro_bs = 2 | time = [137503, 142037, 140310, 141560, 139331, 143887, 143888] | memory = [27813, 27961, 27723, 23664, 23672, 27920, 16182]
>>>> [CONFIG: target(6), prim(inc_dp)]
|285726.99|27961.61| op = [50, 53, 102, 53, 54, 62, 45]| tp = [1, 1, 1, 1, 1, 1, 1, ] | dp = [1, 1, 1, 1, 1, 1, 2, ] | algo = [0, 0, 0, 0, 0, 0, 0, ] | rc = [12, 12, 34, 8, 6, 0, 0] | gpus = [1, 1, 1, 1, 1, 1, 2] | micro_bs = 2 | time = [137541, 142075, 285726, 141598, 139369, 143925, 75542] | memory = [27813, 27961, 27926, 23664, 23672, 27920, 11281]
>>>> [CONFIG: target(2), prim(inc_mbs)]
|333418.15|27921.25| op = [50, 53, 102, 53, 54, 62, 45]| tp = [1, 1, 1, 1, 1, 1, 1, ] | dp = [1, 1, 1, 1, 1, 1, 2, ] | algo = [0, 0, 0, 0, 0, 0, 0, ] | rc = [29, 27, 94, 16, 14, 18, 0] | gpus = [1, 1, 1, 1, 1, 1, 2] | micro_bs = 4 | time = [158130, 159897, 333418, 151636, 149938, 167961, 72827] | memory = [27511, 27891, 24608, 26769, 27041, 27921, 16182]
>>>> [CONFIG: target(2), prim(dec_op)]
|159772.95|27936.55| op = [50, 53, 52, 55, 53, 56, 100]| tp = [1, 1, 1, 1, 1, 1, 1, ] | dp = [1, 1, 1, 1, 1, 1, 2, ] | algo = [0, 0, 0, 0, 0, 0, 0, ] | rc = [29, 27, 20, 16, 14, 12, 12] | gpus = [1, 1, 1, 1, 1, 1, 2] | micro_bs = 4 | time = [158006, 159772, 151322, 152193, 148359, 153828, 142323] | memory = [27511, 27891, 27850, 27170, 26341, 27920, 27936]
>>>> [CONFIG: target(1), prim(dec_mbs)]
|142189.57|27961.61| op = [50, 53, 52, 55, 53, 56, 100]| tp = [1, 1, 1, 1, 1, 1, 1, ] | dp = [1, 1, 1, 1, 1, 1, 2, ] | algo = [0, 0, 0, 0, 0, 0, 0, ] | rc = [12, 12, 8, 8, 4, 0, 0] | gpus = [1, 1, 1, 1, 1, 1, 2] | micro_bs = 2 | time = [137495, 142029, 136961, 142189, 134794, 136884, 140905] | memory = [27813, 27961, 26853, 23865, 26728, 27240, 20436]

[ Trial 9 ] |142189.57|27961.61| op = [50, 53, 52, 55, 53, 56, 100]| tp = [1, 1, 1, 1, 1, 1, 1, ] | dp = [1, 1, 1, 1, 1, 1, 2, ] | algo = [0, 0, 0, 0, 0, 0, 0, ] | rc = [12, 12, 8, 8, 4, 0, 0] | gpus = [1, 1, 1, 1, 1, 1, 2] | micro_bs = 2 | time = [137495, 142029, 136961, 142189, 134794, 136884, 140905] | memory = [27813, 27961, 26853, 23865, 26728, 27240, 20436]
>>>> [CONFIG: target(3), prim(inc_dp)]
|283221.98|27961.61| op = [50, 53, 52, 55, 53, 56, 100]| tp = [1, 1, 1, 1, 1, 1, 1, ] | dp = [1, 1, 1, 2, 1, 1, 1, ] | algo = [0, 0, 0, 0, 0, 0, 0, ] | rc = [12, 12, 8, 0, 4, 0, 12] | gpus = [1, 1, 1, 2, 1, 1, 1] | micro_bs = 2 | time = [137529, 142062, 136995, 69270, 134828, 136917, 283221] | memory = [27813, 27961, 26853, 23172, 26728, 27240, 27936]
>>>> [CONFIG: target(6), prim(dec_op)]
|146003.20|27961.61| op = [50, 53, 52, 103, 54, 59, 48]| tp = [1, 1, 1, 1, 1, 1, 1, ] | dp = [1, 1, 1, 2, 1, 1, 1, ] | algo = [0, 0, 0, 0, 0, 0, 0, ] | rc = [12, 12, 8, 16, 6, 0, 0] | gpus = [1, 1, 1, 2, 1, 1, 1] | micro_bs = 2 | time = [137502, 142036, 136968, 142010, 139330, 141769, 146003] | memory = [27813, 27961, 26853, 25769, 23672, 27680, 16352]
>>>> [CONFIG: target(6), prim(dec_op)]
|143886.79|27961.61| op = [50, 53, 52, 103, 54, 62, 45]| tp = [1, 1, 1, 1, 1, 1, 1, ] | dp = [1, 1, 1, 2, 1, 1, 1, ] | algo = [0, 0, 0, 0, 0, 0, 0, ] | rc = [12, 12, 8, 16, 6, 0, 0] | gpus = [1, 1, 1, 2, 1, 1, 1] | micro_bs = 2 | time = [137502, 142036, 136968, 142010, 139330, 143886, 143886] | memory = [27813, 27961, 26853, 25769, 23672, 27920, 16182]
>>>> [CONFIG: target(6), prim(inc_dp)]
|289134.52|27961.61| op = [50, 53, 52, 103, 54, 62, 45]| tp = [1, 1, 1, 1, 1, 1, 1, ] | dp = [1, 1, 1, 1, 1, 1, 2, ] | algo = [0, 0, 0, 0, 0, 0, 0, ] | rc = [12, 12, 8, 32, 6, 0, 0] | gpus = [1, 1, 1, 1, 1, 1, 2] | micro_bs = 2 | time = [137540, 142074, 137006, 289134, 139368, 143924, 75542] | memory = [27813, 27961, 26853, 27793, 23672, 27920, 11281]
>>>> [CONFIG: target(3), prim(dec_op)]
|142030.92|27961.61| op = [50, 53, 52, 53, 55, 59, 97]| tp = [1, 1, 1, 1, 1, 1, 1, ] | dp = [1, 1, 1, 1, 1, 1, 2, ] | algo = [0, 0, 0, 0, 0, 0, 0, ] | rc = [12, 12, 8, 8, 6, 0, 0] | gpus = [1, 1, 1, 1, 1, 1, 2] | micro_bs = 2 | time = [137497, 142030, 136963, 141390, 138452, 139002, 139694] | memory = [27813, 27961, 26853, 23664, 23422, 27480, 20289]

[ Trial 10 ] |142030.92|27961.61| op = [50, 53, 52, 53, 55, 59, 97]| tp = [1, 1, 1, 1, 1, 1, 1, ] | dp = [1, 1, 1, 1, 1, 1, 2, ] | algo = [0, 0, 0, 0, 0, 0, 0, ] | rc = [12, 12, 8, 8, 6, 0, 0] | gpus = [1, 1, 1, 1, 1, 1, 2] | micro_bs = 2 | time = [137497, 142030, 136963, 141390, 138452, 139002, 139694] | memory = [27813, 27961, 26853, 23664, 23422, 27480, 20289]
>>>> [CONFIG: target(1), prim(inc_dp)]
|276653.70|27926.52| op = [50, 53, 52, 53, 55, 59, 97]| tp = [1, 1, 1, 1, 1, 1, 1, ] | dp = [1, 2, 1, 1, 1, 1, 1, ] | algo = [0, 0, 0, 0, 0, 0, 0, ] | rc = [12, 4, 8, 8, 6, 0, 8] | gpus = [1, 2, 1, 1, 1, 1, 1] | micro_bs = 2 | time = [137528, 69865, 136994, 141422, 138483, 139033, 276653] | memory = [27813, 24812, 26853, 23664, 23422, 27480, 27926]
>>>> [CONFIG: target(6), prim(inc_tp)]
|328133.80|27961.61| op = [50, 53, 52, 53, 55, 59, 97]| tp = [1, 1, 1, 1, 1, 1, 2, ] | dp = [1, 1, 1, 1, 1, 1, 1, ] | algo = [0, 0, 0, 0, 0, 0, 0, ] | rc = [12, 12, 8, 8, 6, 0, 0] | gpus = [1, 1, 1, 1, 1, 1, 2] | micro_bs = 2 | time = [137589, 142122, 137055, 141482, 138544, 139094, 328133] | memory = [27813, 27961, 26853, 23664, 23422, 27480, 15134]
>>>> [CONFIG: target(6), prim(dec_op)]
|171295.83|27713.24| op = [52, 63, 61, 65, 64, 67, 47]| tp = [1, 1, 1, 1, 1, 1, 2, ] | dp = [1, 1, 1, 1, 1, 1, 1, ] | algo = [0, 0, 0, 0, 0, 0, 0, ] | rc = [14, 16, 14, 10, 9, 4, 0] | gpus = [1, 1, 1, 1, 1, 1, 2] | micro_bs = 2 | time = [145213, 171295, 167393, 169277, 169582, 169058, 167572] | memory = [25329, 27009, 26655, 27713, 26608, 26828, 8416]
>>>> [CONFIG: target(1), prim(inc_dp)]
|169529.52|27713.24| op = [52, 63, 61, 65, 64, 67, 47]| tp = [1, 1, 1, 1, 1, 1, 1, ] | dp = [1, 2, 1, 1, 1, 1, 1, ] | algo = [0, 0, 0, 0, 0, 0, 0, ] | rc = [14, 10, 14, 10, 9, 4, 0] | gpus = [1, 2, 1, 1, 1, 1, 1] | micro_bs = 2 | time = [145161, 86523, 167340, 169225, 169529, 169005, 144731] | memory = [25329, 20656, 26655, 27713, 26608, 26828, 16232]
>>>> [CONFIG: target(4), prim(dec_op)]
|143888.23|27920.63| op = [51, 99, 55, 53, 54, 62, 45]| tp = [1, 1, 1, 1, 1, 1, 1, ] | dp = [1, 2, 1, 1, 1, 1, 1, ] | algo = [0, 0, 0, 0, 0, 0, 0, ] | rc = [14, 22, 8, 8, 6, 0, 0] | gpus = [1, 2, 1, 1, 1, 1, 1] | micro_bs = 2 | time = [140518, 141536, 137858, 141560, 139331, 143887, 143888] | memory = [27813, 27623, 27003, 23664, 23672, 27920, 16182]
>>>> [CONFIG: target(6), prim(inc_dp)]
|294743.07|27920.63| op = [51, 99, 55, 53, 54, 62, 45]| tp = [1, 1, 1, 1, 1, 1, 1, ] | dp = [1, 1, 1, 1, 1, 1, 2, ] | algo = [0, 0, 0, 0, 0, 0, 0, ] | rc = [14, 44, 8, 8, 6, 0, 0] | gpus = [1, 1, 1, 1, 1, 1, 2] | micro_bs = 2 | time = [140559, 294743, 137899, 141602, 139373, 143928, 75546] | memory = [27813, 27906, 27003, 23664, 23672, 27920, 11281]
>>>> [CONFIG: target(1), prim(dec_op)]
|141626.95|27961.49| op = [51, 52, 54, 54, 53, 58, 97]| tp = [1, 1, 1, 1, 1, 1, 1, ] | dp = [1, 1, 1, 1, 1, 1, 2, ] | algo = [0, 0, 0, 0, 0, 0, 0, ] | rc = [14, 10, 8, 8, 6, 0, 0] | gpus = [1, 1, 1, 1, 1, 1, 2] | micro_bs = 2 | time = [140514, 139377, 141626, 140748, 140229, 139956, 139697] | memory = [27813, 27961, 27503, 23485, 24448, 27400, 20289]

[ Trial 11 ] |141626.95|27961.49| op = [51, 52, 54, 54, 53, 58, 97]| tp = [1, 1, 1, 1, 1, 1, 1, ] | dp = [1, 1, 1, 1, 1, 1, 2, ] | algo = [0, 0, 0, 0, 0, 0, 0, ] | rc = [14, 10, 8, 8, 6, 0, 0] | gpus = [1, 1, 1, 1, 1, 1, 2] | micro_bs = 2 | time = [140514, 139377, 141626, 140748, 140229, 139956, 139697] | memory = [27813, 27961, 27503, 23485, 24448, 27400, 20289]
>>>> [CONFIG: target(2), prim(inc_dp)]
|276656.92|27961.49| op = [51, 52, 54, 54, 53, 58, 97]| tp = [1, 1, 1, 1, 1, 1, 1, ] | dp = [1, 1, 2, 1, 1, 1, 1, ] | algo = [0, 0, 0, 0, 0, 0, 0, ] | rc = [14, 10, 0, 8, 6, 0, 8] | gpus = [1, 1, 2, 1, 1, 1, 1] | micro_bs = 2 | time = [140546, 139409, 68964, 140780, 140261, 139987, 276656] | memory = [27813, 27961, 27295, 23485, 24448, 27400, 27926]
>>>> [CONFIG: target(6), prim(dec_mbs)]
|278792.48|24572.77| op = [51, 52, 54, 54, 53, 58, 97]| tp = [1, 1, 2, 1, 1, 1, 1, ] | dp = [1, 1, 1, 1, 1, 1, 1, ] | algo = [0, 0, 0, 0, 0, 0, 0, ] | rc = [8, 4, 0, 0, 0, 0, 0] | gpus = [1, 1, 2, 1, 1, 1, 1] | micro_bs = 1 | time = [141564, 138202, 188778, 136634, 138238, 146991, 278792] | memory = [20761, 24572, 14435, 22932, 19232, 16150, 20289]
>>>> [CONFIG: target(6), prim(dec_op)]
|183429.89|27800.66| op = [51, 57, 48, 65, 65, 73, 60]| tp = [1, 1, 2, 1, 1, 1, 1, ] | dp = [1, 1, 1, 1, 1, 1, 1, ] | algo = [0, 0, 0, 0, 0, 0, 0, ] | rc = [8, 6, 0, 0, 0, 0, 0] | gpus = [1, 1, 2, 1, 1, 1, 1] | micro_bs = 1 | time = [141562, 158603, 168798, 163052, 163052, 182969, 183429] | memory = [20761, 23742, 13685, 27800, 22670, 19754, 13528]
>>>> [CONFIG: target(6), prim(inc_mbs)]
|185128.38|27813.85| op = [51, 57, 48, 65, 65, 73, 60]| tp = [1, 1, 1, 1, 1, 1, 1, ] | dp = [1, 1, 2, 1, 1, 1, 1, ] | algo = [0, 0, 0, 0, 0, 0, 0, ] | rc = [14, 14, 0, 10, 10, 8, 0] | gpus = [1, 1, 2, 1, 1, 1, 1] | micro_bs = 2 | time = [140554, 160891, 63419, 169231, 169231, 185128, 175336] | memory = [27813, 26369, 26045, 27713, 23212, 25044, 19476]
>>>> [CONFIG: target(5), prim(inc_dp)]
|175323.96|27813.85| op = [51, 57, 48, 65, 65, 73, 60]| tp = [1, 1, 1, 1, 1, 1, 1, ] | dp = [1, 1, 1, 1, 1, 2, 1, ] | algo = [0, 0, 0, 0, 0, 0, 0, ] | rc = [14, 14, 8, 10, 10, 0, 0] | gpus = [1, 1, 1, 1, 1, 2, 1] | micro_bs = 2 | time = [140542, 160879, 131838, 169219, 169219, 91826, 175323] | memory = [27813, 26369, 25703, 27713, 23212, 19754, 19476]
>>>> [CONFIG: target(6), prim(inc_dp)]
|185121.13|27813.85| op = [51, 57, 48, 65, 65, 73, 60]| tp = [1, 1, 1, 1, 1, 1, 1, ] | dp = [1, 1, 1, 1, 1, 1, 2, ] | algo = [0, 0, 0, 0, 0, 0, 0, ] | rc = [14, 14, 8, 10, 10, 8, 0] | gpus = [1, 1, 1, 1, 1, 1, 2] | micro_bs = 2 | time = [140547, 160884, 131843, 169224, 169224, 185121, 92061] | memory = [27813, 26369, 25703, 27713, 23212, 25044, 13528]
>>>> [CONFIG: target(5), prim(dec_op)]
|141394.05|27961.49| op = [51, 52, 53, 55, 53, 58, 97]| tp = [1, 1, 1, 1, 1, 1, 1, ] | dp = [1, 1, 1, 1, 1, 1, 2, ] | algo = [0, 0, 0, 0, 0, 0, 0, ] | rc = [14, 10, 8, 8, 6, 0, 0] | gpus = [1, 1, 1, 1, 1, 1, 2] | micro_bs = 2 | time = [140515, 139378, 141394, 141310, 140230, 139956, 139698] | memory = [27813, 27961, 27353, 23685, 24448, 27400, 20289]

[ Trial 12 ] |141394.05|27961.49| op = [51, 52, 53, 55, 53, 58, 97]| tp = [1, 1, 1, 1, 1, 1, 1, ] | dp = [1, 1, 1, 1, 1, 1, 2, ] | algo = [0, 0, 0, 0, 0, 0, 0, ] | rc = [14, 10, 8, 8, 6, 0, 0] | gpus = [1, 1, 1, 1, 1, 1, 2] | micro_bs = 2 | time = [140515, 139378, 141394, 141310, 140230, 139956, 139698] | memory = [27813, 27961, 27353, 23685, 24448, 27400, 20289]
>>>> [CONFIG: target(3), prim(inc_dp)]
|276657.23|27961.49| op = [51, 52, 53, 55, 53, 58, 97]| tp = [1, 1, 1, 1, 1, 1, 1, ] | dp = [1, 1, 1, 2, 1, 1, 1, ] | algo = [0, 0, 0, 0, 0, 0, 0, ] | rc = [14, 10, 8, 0, 6, 0, 8] | gpus = [1, 1, 1, 2, 1, 1, 1] | micro_bs = 2 | time = [140546, 139409, 141425, 68961, 140261, 139988, 276657] | memory = [27813, 27961, 27353, 23032, 24448, 27400, 27926]
>>>> [CONFIG: target(6), prim(dec_op)]
|146039.25|27961.49| op = [51, 52, 53, 98, 58, 59, 48]| tp = [1, 1, 1, 1, 1, 1, 1, ] | dp = [1, 1, 1, 2, 1, 1, 1, ] | algo = [0, 0, 0, 0, 0, 0, 0, ] | rc = [14, 10, 8, 16, 6, 0, 0] | gpus = [1, 1, 1, 2, 1, 1, 1] | micro_bs = 2 | time = [140518, 139381, 141397, 134911, 146039, 141771, 146005] | memory = [27813, 27961, 27353, 24408, 24442, 27680, 16352]
>>>> [CONFIG: target(4), prim(inc_dp)]
|275354.74|27961.49| op = [51, 52, 53, 98, 58, 59, 48]| tp = [1, 1, 1, 1, 1, 1, 1, ] | dp = [1, 1, 1, 1, 2, 1, 1, ] | algo = [0, 0, 0, 0, 0, 0, 0, ] | rc = [14, 10, 8, 32, 0, 0, 0] | gpus = [1, 1, 1, 1, 2, 1, 1] | micro_bs = 2 | time = [140551, 139414, 141430, 275354, 72657, 141804, 146038] | memory = [27813, 27961, 27353, 27701, 19679, 27680, 16352]
>>>> [CONFIG: target(3), prim(dec_op)]
|143886.68|27961.49| op = [51, 52, 53, 54, 102, 62, 45]| tp = [1, 1, 1, 1, 1, 1, 1, ] | dp = [1, 1, 1, 1, 2, 1, 1, ] | algo = [0, 0, 0, 0, 0, 0, 0, ] | rc = [14, 10, 8, 8, 14, 0, 0] | gpus = [1, 1, 1, 1, 2, 1, 1] | micro_bs = 2 | time = [140516, 139379, 141395, 136541, 139788, 143885, 143886] | memory = [27813, 27961, 27353, 23145, 23873, 27920, 16182]
>>>> [CONFIG: target(6), prim(inc_dp)]
|280842.85|27961.49| op = [51, 52, 53, 54, 102, 62, 45]| tp = [1, 1, 1, 1, 1, 1, 1, ] | dp = [1, 1, 1, 1, 1, 1, 2, ] | algo = [0, 0, 0, 0, 0, 0, 0, ] | rc = [14, 10, 8, 8, 26, 0, 0] | gpus = [1, 1, 1, 1, 1, 1, 2] | micro_bs = 2 | time = [140551, 139414, 141430, 136576, 280842, 143921, 75539] | memory = [27813, 27961, 27353, 23145, 27523, 27920, 11281]
>>>> [CONFIG: target(4), prim(dec_op)]
|141388.60|27961.49| op = [51, 52, 53, 54, 53, 59, 97]| tp = [1, 1, 1, 1, 1, 1, 1, ] | dp = [1, 1, 1, 1, 1, 1, 2, ] | algo = [0, 0, 0, 0, 0, 0, 0, ] | rc = [14, 10, 8, 8, 4, 0, 0] | gpus = [1, 1, 1, 1, 1, 1, 2] | micro_bs = 2 | time = [140509, 139372, 141388, 136534, 134794, 139000, 139692] | memory = [27813, 27961, 27353, 23145, 26728, 27480, 20289]

[ Trial 13 ] |141388.60|27961.49| op = [51, 52, 53, 54, 53, 59, 97]| tp = [1, 1, 1, 1, 1, 1, 1, ] | dp = [1, 1, 1, 1, 1, 1, 2, ] | algo = [0, 0, 0, 0, 0, 0, 0, ] | rc = [14, 10, 8, 8, 4, 0, 0] | gpus = [1, 1, 1, 1, 1, 1, 2] | micro_bs = 2 | time = [140509, 139372, 141388, 136534, 134794, 139000, 139692] | memory = [27813, 27961, 27353, 23145, 26728, 27480, 20289]
>>>> [CONFIG: target(2), prim(inc_dp)]
|276651.66|27961.49| op = [51, 52, 53, 54, 53, 59, 97]| tp = [1, 1, 1, 1, 1, 1, 1, ] | dp = [1, 1, 2, 1, 1, 1, 1, ] | algo = [0, 0, 0, 0, 0, 0, 0, ] | rc = [14, 10, 0, 8, 4, 0, 8] | gpus = [1, 1, 2, 1, 1, 1, 1] | micro_bs = 2 | time = [140541, 139403, 68787, 136565, 134826, 139031, 276651] | memory = [27813, 27961, 27220, 23145, 26728, 27480, 27926]
>>>> [CONFIG: target(6), prim(inc_mbs)]
|305261.12|27981.12| op = [51, 52, 53, 54, 53, 59, 97]| tp = [1, 1, 1, 1, 1, 1, 1, ] | dp = [1, 1, 2, 1, 1, 1, 1, ] | algo = [0, 0, 0, 0, 0, 0, 0, ] | rc = [30, 26, 8, 16, 14, 14, 30] | gpus = [1, 1, 2, 1, 1, 1, 1] | micro_bs = 4 | time = [159109, 159499, 71538, 146606, 148439, 158265, 305261] | memory = [27511, 27530, 27353, 26130, 26341, 27981, 27853]
>>>> [CONFIG: target(6), prim(dec_op)]
|168980.07|27961.49| op = [51, 45, 102, 56, 51, 59, 55]| tp = [1, 1, 1, 1, 1, 1, 1, ] | dp = [1, 1, 2, 1, 1, 1, 1, ] | algo = [0, 0, 0, 0, 0, 0, 0, ] | rc = [30, 16, 50, 20, 21, 12, 4] | gpus = [1, 1, 2, 1, 1, 1, 1] | micro_bs = 4 | time = [159059, 136936, 153937, 163387, 153124, 161400, 168980] | memory = [27511, 27870, 27796, 26209, 27961, 27613, 27788]
>>>> [CONFIG: target(6), prim(inc_dp)]
|341247.75|27961.49| op = [51, 45, 102, 56, 51, 59, 55]| tp = [1, 1, 1, 1, 1, 1, 1, ] | dp = [1, 1, 1, 1, 1, 1, 2, ] | algo = [0, 0, 0, 0, 0, 0, 0, ] | rc = [30, 16, 102, 20, 21, 12, 0] | gpus = [1, 1, 1, 1, 1, 1, 2] | micro_bs = 4 | time = [159157, 137035, 341247, 163485, 153223, 161498, 82608] | memory = [27511, 27870, 27328, 26209, 27961, 27613, 18446]
>>>> [CONFIG: target(2), prim(dec_op)]
|171230.63|27940.99| op = [51, 45, 52, 50, 53, 56, 112]| tp = [1, 1, 1, 1, 1, 1, 1, ] | dp = [1, 1, 1, 1, 1, 1, 2, ] | algo = [0, 0, 0, 0, 0, 0, 0, ] | rc = [30, 16, 32, 20, 20, 13, 12] | gpus = [1, 1, 1, 1, 1, 1, 2] | micro_bs = 4 | time = [159052, 136929, 171230, 149049, 157591, 157614, 158150] | memory = [27511, 27870, 27489, 27905, 27553, 27940, 26692]
>>>> [CONFIG: target(2), prim(dec_mbs)]
|156225.03|27813.85| op = [51, 45, 52, 50, 53, 56, 112]| tp = [1, 1, 1, 1, 1, 1, 1, ] | dp = [1, 1, 1, 1, 1, 1, 2, ] | algo = [0, 0, 0, 0, 0, 0, 0, ] | rc = [14, 8, 10, 8, 6, 0, 0] | gpus = [1, 1, 1, 1, 1, 1, 2] | micro_bs = 2 | time = [140515, 125568, 146446, 134390, 140230, 139144, 156225] | memory = [27813, 25961, 27065, 22944, 24448, 27300, 22686]
>>>> [CONFIG: target(6), prim(dec_op)]
|140963.35|27813.85| op = [51, 51, 52, 52, 56, 57, 100]| tp = [1, 1, 1, 1, 1, 1, 1, ] | dp = [1, 1, 1, 1, 1, 1, 2, ] | algo = [0, 0, 0, 0, 0, 0, 0, ] | rc = [14, 10, 8, 8, 6, 0, 0] | gpus = [1, 1, 1, 1, 1, 1, 2] | micro_bs = 2 | time = [140511, 138585, 136963, 136963, 140126, 140963, 140907] | memory = [27813, 27481, 26853, 23185, 23822, 27580, 20436]

[ Trial 14 ] |140963.35|27813.85| op = [51, 51, 52, 52, 56, 57, 100]| tp = [1, 1, 1, 1, 1, 1, 1, ] | dp = [1, 1, 1, 1, 1, 1, 2, ] | algo = [0, 0, 0, 0, 0, 0, 0, ] | rc = [14, 10, 8, 8, 6, 0, 0] | gpus = [1, 1, 1, 1, 1, 1, 2] | micro_bs = 2 | time = [140511, 138585, 136963, 136963, 140126, 140963, 140907] | memory = [27813, 27481, 26853, 23185, 23822, 27580, 20436]
>>>> [CONFIG: target(5), prim(inc_mbs)]
|160470.62|27980.99| op = [51, 51, 52, 52, 56, 57, 100]| tp = [1, 1, 1, 1, 1, 1, 1, ] | dp = [1, 1, 1, 1, 1, 1, 2, ] | algo = [0, 0, 0, 0, 0, 0, 0, ] | rc = [30, 25, 20, 16, 14, 14, 12] | gpus = [1, 1, 1, 1, 1, 1, 2] | micro_bs = 4 | time = [159031, 158398, 150778, 146787, 150560, 160470, 142325] | memory = [27511, 27530, 27850, 26210, 27341, 27980, 27936]
>>>> [CONFIG: target(5), prim(inc_dp)]
|309615.81|27933.09| op = [51, 51, 52, 52, 56, 57, 100]| tp = [1, 1, 1, 1, 1, 1, 1, ] | dp = [1, 1, 1, 1, 1, 2, 1, ] | algo = [0, 0, 0, 0, 0, 0, 0, ] | rc = [30, 25, 20, 16, 14, 0, 32] | gpus = [1, 1, 1, 1, 1, 2, 1] | micro_bs = 4 | time = [159107, 158474, 150854, 146864, 150636, 71323, 309615] | memory = [27511, 27530, 27850, 26210, 27341, 27580, 27933]
>>>> [CONFIG: target(6), prim(dec_op)]
|152751.67|27850.48| op = [49, 49, 54, 54, 56, 109, 48]| tp = [1, 1, 1, 1, 1, 1, 1, ] | dp = [1, 1, 1, 1, 1, 2, 1, ] | algo = [0, 0, 0, 0, 0, 0, 0, ] | rc = [24, 24, 20, 16, 14, 22, 0] | gpus = [1, 1, 1, 1, 1, 2, 1] | micro_bs = 4 | time = [147656, 152751, 151840, 151698, 150540, 147643, 145800] | memory = [27811, 27190, 27850, 26770, 27341, 27612, 26204]
>>>> [CONFIG: target(1), prim(dec_mbs)]
|145997.82|27588.51| op = [49, 49, 54, 54, 56, 109, 48]| tp = [1, 1, 1, 1, 1, 1, 1, ] | dp = [1, 1, 1, 1, 1, 2, 1, ] | algo = [0, 0, 0, 0, 0, 0, 0, ] | rc = [12, 10, 8, 8, 6, 4, 0] | gpus = [1, 1, 1, 1, 1, 2, 1] | micro_bs = 2 | time = [131677, 136029, 137272, 141805, 140125, 141663, 145997] | memory = [26853, 27081, 26903, 23665, 23822, 27588, 16352]
>>>> [CONFIG: target(6), prim(dec_op)]
|143880.97|27758.54| op = [49, 49, 54, 54, 56, 112, 45]| tp = [1, 1, 1, 1, 1, 1, 1, ] | dp = [1, 1, 1, 1, 1, 2, 1, ] | algo = [0, 0, 0, 0, 0, 0, 0, ] | rc = [12, 10, 8, 8, 6, 4, 0] | gpus = [1, 1, 1, 1, 1, 2, 1] | micro_bs = 2 | time = [131677, 136029, 137271, 141804, 140125, 142875, 143880] | memory = [26853, 27081, 26903, 23665, 23822, 27758, 16182]
>>>> [CONFIG: target(6), prim(inc_dp)]
|296027.85|27853.05| op = [49, 49, 54, 54, 56, 112, 45]| tp = [1, 1, 1, 1, 1, 1, 1, ] | dp = [1, 1, 1, 1, 1, 1, 2, ] | algo = [0, 0, 0, 0, 0, 0, 0, ] | rc = [12, 10, 8, 8, 6, 22, 0] | gpus = [1, 1, 1, 1, 1, 1, 2] | micro_bs = 2 | time = [131718, 136070, 137313, 141846, 140166, 296027, 75539] | memory = [26853, 27081, 26903, 23665, 23822, 27853, 11281]
>>>> [CONFIG: target(5), prim(dec_op)]
|140962.27|27961.61| op = [50, 52, 52, 52, 56, 57, 100]| tp = [1, 1, 1, 1, 1, 1, 1, ] | dp = [1, 1, 1, 1, 1, 1, 2, ] | algo = [0, 0, 0, 0, 0, 0, 0, ] | rc = [12, 10, 8, 8, 6, 0, 0] | gpus = [1, 1, 1, 1, 1, 1, 2] | micro_bs = 2 | time = [137496, 139373, 136962, 136962, 140124, 140962, 140905] | memory = [27813, 27961, 26853, 23185, 23822, 27580, 20436]

num_targets: [1, 1, 1, 1, 1, 1, 1, 1, 1, 1, 1, 1, 2, 1, 1]
num_hops: [1, 2, 1, 1, 1, 7, 7, 7, 7, 5, 7, 7, 6, 7, 7]
search time = 200.00 s.  [0, 1, 2, 3, 4, 5, 6, 8, 18, 24, 28, 46, 81, 126, 156, 173, 211] 
num_explored_cases = 12959
time trend: [205655, 199174, 171242, 169229, 151067, 143886, 143883, 143880, 142194, 142189, 142030, 141626, 141394, 141388, 140963, 140962, 140962]

working on num_stages = 4
config has been saved to /home/liminglong.lml/sxz/SuperScaler/logs-large/aceso/configs/mbs/4096/gpt_2_6B_4stages_2026-5-16-7-23-16.json

========== Best Result (num_stages = 4) ==========
|143033.11|27788.55| op = [103, 105, 113, 98]| tp = [1, 1, 1, 1, ] | dp = [2, 2, 2, 2, ] | algo = [0, 0, 0, 0, ] | rc = [16, 14, 4, 0] | gpus = [2, 2, 2, 2] | micro_bs = 2 | time = [140967, 143033, 142850, 139680] | memory = [27503, 24468, 27788, 20289]
start|383258.74|24088.13| op = [104, 104, 104, 107]| tp = [2, 2, 2, 2, ] | dp = [1, 1, 1, 1, ] | algo = [0, 0, 0, 0, ] | rc = [0, 0, 0, 0] | gpus = [2, 2, 2, 2] | micro_bs = 1 | time = [364022, 355673, 355673, 383258] | memory = [24088, 18604, 14216, 11138]

[ Trial 0 ] |383258.74|24088.13| op = [104, 104, 104, 107]| tp = [2, 2, 2, 2, ] | dp = [1, 1, 1, 1, ] | algo = [0, 0, 0, 0, ] | rc = [0, 0, 0, 0] | gpus = [2, 2, 2, 2] | micro_bs = 1 | time = [364022, 355673, 355673, 383258] | memory = [24088, 18604, 14216, 11138]
>>>> [CONFIG: target(3), prim(inc_mbs)]
|149928.33|27993.06| op = [104, 104, 104, 107]| tp = [1, 1, 1, 1, ] | dp = [2, 2, 2, 2, ] | algo = [0, 0, 0, 0, ] | rc = [16, 14, 0, 0] | gpus = [2, 2, 2, 2] | micro_bs = 2 | time = [143243, 140063, 129785, 149928] | memory = [27993, 23948, 27272, 21671]

[ Trial 1 ] |149928.33|27993.06| op = [104, 104, 104, 107]| tp = [1, 1, 1, 1, ] | dp = [2, 2, 2, 2, ] | algo = [0, 0, 0, 0, ] | rc = [16, 14, 0, 0] | gpus = [2, 2, 2, 2] | micro_bs = 2 | time = [143243, 140063, 129785, 149928] | memory = [27993, 23948, 27272, 21671]
>>>> [CONFIG: target(3), prim(dec_op)]
|143245.30|27993.06| op = [104, 106, 109, 100]| tp = [1, 1, 1, 1, ] | dp = [2, 2, 2, 2, ] | algo = [0, 0, 0, 0, ] | rc = [16, 14, 4, 0] | gpus = [2, 2, 2, 2] | micro_bs = 2 | time = [143245, 140545, 141464, 140708] | memory = [27993, 24023, 27588, 20436]

[ Trial 2 ] |143245.30|27993.06| op = [104, 106, 109, 100]| tp = [1, 1, 1, 1, ] | dp = [2, 2, 2, 2, ] | algo = [0, 0, 0, 0, ] | rc = [16, 14, 4, 0] | gpus = [2, 2, 2, 2] | micro_bs = 2 | time = [143245, 140545, 141464, 140708] | memory = [27993, 24023, 27588, 20436]
>>>> [CONFIG: target(0), prim(dec_mbs)]
|372973.70|24088.13| op = [104, 106, 109, 100]| tp = [2, 2, 2, 2, ] | dp = [1, 1, 1, 1, ] | algo = [0, 0, 0, 0, ] | rc = [0, 0, 0, 0] | gpus = [2, 2, 2, 2] | micro_bs = 1 | time = [364022, 356621, 372973, 365762] | memory = [24088, 18679, 15238, 10503]
>>>> [CONFIG: target(2), prim(inc_tp)]
|363978.87|24088.13| op = [104, 106, 109, 100]| tp = [2, 1, 4, 1, ] | dp = [1, 1, 1, 1, ] | algo = [0, 0, 0, 0, ] | rc = [0, 14, 0, 0] | gpus = [2, 1, 4, 1] | micro_bs = 1 | time = [363978, 280919, 355368, 281245] | memory = [24088, 24023, 8199, 20436]
>>>> [CONFIG: target(0), prim(dec_tp)]
|356577.13|27993.06| op = [104, 106, 109, 100]| tp = [1, 2, 4, 1, ] | dp = [1, 1, 1, 1, ] | algo = [0, 0, 0, 0, ] | rc = [16, 0, 0, 0] | gpus = [1, 2, 4, 1] | micro_bs = 1 | time = [286320, 356577, 355367, 281245] | memory = [27993, 18679, 8199, 20436]
>>>> [CONFIG: target(1), prim(dec_op)]
|322948.74|27975.12| op = [112, 94, 99, 114]| tp = [1, 2, 4, 1, ] | dp = [1, 1, 1, 1, ] | algo = [0, 0, 0, 0, ] | rc = [22, 0, 0, 0] | gpus = [1, 2, 4, 1] | micro_bs = 1 | time = [314052, 321955, 322948, 320370] | memory = [27975, 16701, 7468, 23074]
>>>> [CONFIG: target(2), prim(inc_mbs)]
|325997.37|27786.17| op = [112, 94, 99, 114]| tp = [1, 1, 2, 1, ] | dp = [1, 2, 2, 1, ] | algo = [0, 0, 0, 0, ] | rc = [44, 8, 0, 14] | gpus = [1, 2, 4, 1] | micro_bs = 2 | time = [323896, 123193, 169590, 325997] | memory = [27786, 25461, 13866, 26192]
>>>> [CONFIG: target(3), prim(inc_dp)]
|160266.56|27975.12| op = [112, 94, 99, 114]| tp = [1, 1, 1, 1, ] | dp = [2, 2, 2, 2, ] | algo = [0, 0, 0, 0, ] | rc = [22, 8, 0, 0] | gpus = [2, 2, 2, 2] | micro_bs = 2 | time = [157108, 123010, 126874, 160266] | memory = [27975, 25461, 26662, 23074]
>>>> [CONFIG: target(3), prim(dec_op)]
|143033.17|27638.55| op = [103, 105, 111, 100]| tp = [1, 1, 1, 1, ] | dp = [2, 2, 2, 2, ] | algo = [0, 0, 0, 0, ] | rc = [16, 14, 4, 0] | gpus = [2, 2, 2, 2] | micro_bs = 2 | time = [140967, 143033, 141945, 140708] | memory = [27503, 24468, 27638, 20436]

[ Trial 3 ] |143033.17|27638.55| op = [103, 105, 111, 100]| tp = [1, 1, 1, 1, ] | dp = [2, 2, 2, 2, ] | algo = [0, 0, 0, 0, ] | rc = [16, 14, 4, 0] | gpus = [2, 2, 2, 2] | micro_bs = 2 | time = [140967, 143033, 141945, 140708] | memory = [27503, 24468, 27638, 20436]
>>>> [CONFIG: target(1), prim(inc_tp)]
|286526.52|27936.55| op = [103, 105, 111, 100]| tp = [1, 2, 1, 1, ] | dp = [1, 2, 2, 1, ] | algo = [0, 0, 0, 0, ] | rc = [32, 0, 4, 12] | gpus = [1, 4, 2, 1] | micro_bs = 2 | time = [286526, 182738, 142105, 283151] | memory = [27586, 18864, 27638, 27936]
>>>> [CONFIG: target(0), prim(inc_tp)]
|335772.64|27638.55| op = [103, 105, 111, 100]| tp = [2, 1, 1, 1, ] | dp = [1, 2, 2, 2, ] | algo = [0, 0, 0, 0, ] | rc = [16, 14, 4, 0] | gpus = [2, 2, 2, 2] | micro_bs = 2 | time = [335772, 143128, 142040, 140803] | memory = [23970, 24468, 27638, 20436]
>>>> [CONFIG: target(0), prim(inc_dp)]
|291671.80|27936.55| op = [103, 105, 111, 100]| tp = [2, 1, 1, 1, ] | dp = [2, 1, 2, 1, ] | algo = [0, 0, 0, 0, ] | rc = [0, 30, 4, 12] | gpus = [4, 1, 2, 1] | micro_bs = 2 | time = [178097, 291671, 142105, 283151] | memory = [23823, 27833, 27638, 27936]
>>>> [CONFIG: target(1), prim(inc_tp)]
|340582.64|27638.55| op = [103, 105, 111, 100]| tp = [1, 2, 1, 1, ] | dp = [2, 1, 2, 2, ] | algo = [0, 0, 0, 0, ] | rc = [16, 10, 4, 0] | gpus = [2, 2, 2, 2] | micro_bs = 2 | time = [141064, 340582, 142041, 140805] | memory = [27503, 24665, 27638, 20436]
>>>> [CONFIG: target(1), prim(inc_mbs)]
|147590.60|27936.55| op = [103, 105, 111, 100]| tp = [1, 1, 1, 1, ] | dp = [2, 2, 2, 2, ] | algo = [0, 0, 0, 0, ] | rc = [32, 30, 22, 12] | gpus = [2, 2, 2, 2] | micro_bs = 4 | time = [143539, 146110, 147590, 141852] | memory = [27586, 27833, 27713, 27936]
>>>> [CONFIG: target(2), prim(dec_op)]
|146111.45|27833.49| op = [103, 105, 109, 102]| tp = [1, 1, 1, 1, ] | dp = [2, 2, 2, 2, ] | algo = [0, 0, 0, 0, ] | rc = [32, 30, 20, 8] | gpus = [2, 2, 2, 2] | micro_bs = 4 | time = [143540, 146111, 145050, 145425] | memory = [27586, 27833, 27673, 27556]
>>>> [CONFIG: target(1), prim(dec_mbs)]
|145994.89|27618.55| op = [103, 105, 109, 102]| tp = [1, 1, 1, 1, ] | dp = [2, 2, 2, 2, ] | algo = [0, 0, 0, 0, ] | rc = [16, 14, 2, 0] | gpus = [2, 2, 2, 2] | micro_bs = 2 | time = [140968, 143034, 139231, 145994] | memory = [27503, 24468, 27618, 21278]

[ Trial 8 ] |145994.89|27618.55| op = [103, 105, 109, 102]| tp = [1, 1, 1, 1, ] | dp = [2, 2, 2, 2, ] | algo = [0, 0, 0, 0, ] | rc = [16, 14, 2, 0] | gpus = [2, 2, 2, 2] | micro_bs = 2 | time = [140968, 143034, 139231, 145994] | memory = [27503, 24468, 27618, 21278]
>>>> [CONFIG: target(3), prim(inc_tp)]
|289552.92|27673.06| op = [103, 105, 109, 102]| tp = [1, 1, 1, 2, ] | dp = [1, 2, 1, 2, ] | algo = [0, 0, 0, 0, ] | rc = [32, 14, 20, 0] | gpus = [1, 2, 1, 4] | micro_bs = 2 | time = [286531, 143198, 289552, 185928] | memory = [27586, 24468, 27673, 10924]
>>>> [CONFIG: target(2), prim(dec_op)]
|209165.26|27969.55| op = [76, 145, 81, 117]| tp = [1, 1, 1, 2, ] | dp = [1, 2, 1, 2, ] | algo = [0, 0, 0, 0, ] | rc = [18, 32, 10, 0] | gpus = [1, 2, 1, 4] | micro_bs = 2 | time = [206741, 203508, 205285, 209165] | memory = [27969, 27959, 24520, 12155]
>>>> [CONFIG: target(3), prim(dec_dp)]
|382227.28|27959.12| op = [76, 145, 81, 117]| tp = [1, 1, 1, 2, ] | dp = [2, 2, 2, 1, ] | algo = [0, 0, 0, 0, ] | rc = [10, 32, 0, 0] | gpus = [2, 2, 2, 2] | micro_bs = 2 | time = [104158, 203491, 100935, 382227] | memory = [23548, 27959, 21194, 17798]
>>>> [CONFIG: target(3), prim(dec_op)]
|179264.45|27287.18| op = [117, 125, 127, 50]| tp = [1, 1, 1, 2, ] | dp = [2, 2, 2, 1, ] | algo = [0, 0, 0, 0, ] | rc = [26, 20, 14, 0] | gpus = [2, 2, 2, 2] | micro_bs = 2 | time = [165697, 170533, 170240, 179264] | memory = [27287, 26271, 25188, 9318]
>>>> [CONFIG: target(3), prim(dec_tp)]
|344483.66|27821.25| op = [117, 125, 127, 50]| tp = [2, 1, 1, 1, ] | dp = [2, 2, 1, 1, ] | algo = [0, 0, 0, 0, ] | rc = [0, 20, 30, 0] | gpus = [4, 2, 1, 1] | micro_bs = 2 | time = [204277, 170625, 344483, 156477] | memory = [26947, 26271, 27821, 18036]
>>>> [CONFIG: target(2), prim(inc_dp)]
|170485.67|27287.18| op = [117, 125, 127, 50]| tp = [1, 1, 1, 1, ] | dp = [2, 2, 2, 2, ] | algo = [0, 0, 0, 0, ] | rc = [26, 20, 14, 0] | gpus = [2, 2, 2, 2] | micro_bs = 2 | time = [165649, 170485, 170192, 81808] | memory = [27287, 26271, 25188, 12258]
>>>> [CONFIG: target(1), prim(dec_op)]
|143033.11|27788.55| op = [103, 105, 113, 98]| tp = [1, 1, 1, 1, ] | dp = [2, 2, 2, 2, ] | algo = [0, 0, 0, 0, ] | rc = [16, 14, 4, 0] | gpus = [2, 2, 2, 2] | micro_bs = 2 | time = [140967, 143033, 142850, 139680] | memory = [27503, 24468, 27788, 20289]

num_targets: [1, 1, 1, 1]
num_hops: [1, 1, 7, 7]
search time = 200.06 s.  [0, 1, 2, 15, 70, 82, 132, 133, 134, 138, 206] 
num_explored_cases = 14394
time trend: [383258, 149928, 143245, 143033, 143033, 143245, 143245, 144219, 144219, 143033, 143033]

working on num_stages = 6
config has been saved to /home/liminglong.lml/sxz/SuperScaler/logs-large/aceso/configs/mbs/4096/gpt_2_6B_6stages_2026-5-16-7-23-16.json

========== Best Result (num_stages = 6) ==========
|141489.46|27723.28| op = [51, 102, 53, 55, 58, 100]| tp = [1, 1, 1, 1, 1, 1, ] | dp = [1, 2, 1, 1, 1, 2, ] | algo = [0, 0, 0, 0, 0, 0, ] | rc = [12, 18, 8, 6, 0, 0] | gpus = [1, 2, 1, 1, 1, 2] | micro_bs = 2 | time = [138220, 140239, 141489, 139493, 141138, 140842] | memory = [25849, 27723, 23664, 23762, 27580, 20436]
start|245518.84|26892.72| op = [69, 69, 69, 69, 69, 74]| tp = [2, 2, 1, 1, 1, 1, ] | dp = [1, 1, 1, 1, 1, 1, ] | algo = [0, 0, 0, 0, 0, 0, ] | rc = [0, 0, 2, 0, 0, 0] | gpus = [2, 2, 1, 1, 1, 1] | micro_bs = 1 | time = [245518, 237920, 173636, 175278, 175896, 217020] | memory = [22259, 19570, 26892, 23655, 19264, 15860]

[ Trial 0 ] |245518.84|26892.72| op = [69, 69, 69, 69, 69, 74]| tp = [2, 2, 1, 1, 1, 1, ] | dp = [1, 1, 1, 1, 1, 1, ] | algo = [0, 0, 0, 0, 0, 0, ] | rc = [0, 0, 2, 0, 0, 0] | gpus = [2, 2, 1, 1, 1, 1] | micro_bs = 1 | time = [245518, 237920, 173636, 175278, 175896, 217020] | memory = [22259, 19570, 26892, 23655, 19264, 15860]
>>>> [CONFIG: target(0), prim(dec_tp)]
|237921.28|26892.72| op = [69, 69, 69, 69, 69, 74]| tp = [1, 2, 1, 1, 2, 1, ] | dp = [1, 1, 1, 1, 1, 1, ] | algo = [0, 0, 0, 0, 0, 0, ] | rc = [10, 0, 2, 0, 0, 0] | gpus = [1, 2, 1, 1, 2, 1] | micro_bs = 1 | time = [194088, 237921, 173637, 175279, 232051, 217021] | memory = [25489, 19570, 26892, 23655, 9992, 15860]

[ Trial 1 ] |237921.28|26892.72| op = [69, 69, 69, 69, 69, 74]| tp = [1, 2, 1, 1, 2, 1, ] | dp = [1, 1, 1, 1, 1, 1, ] | algo = [0, 0, 0, 0, 0, 0, ] | rc = [10, 0, 2, 0, 0, 0] | gpus = [1, 2, 1, 1, 2, 1] | micro_bs = 1 | time = [194088, 237921, 173637, 175279, 232051, 217021] | memory = [25489, 19570, 26892, 23655, 9992, 15860]
>>>> [CONFIG: target(1), prim(dec_tp)]
|234124.01|25489.10| op = [69, 69, 69, 69, 69, 74]| tp = [1, 1, 2, 1, 2, 1, ] | dp = [1, 1, 1, 1, 1, 1, ] | algo = [0, 0, 0, 0, 0, 0, ] | rc = [10, 10, 0, 0, 0, 0] | gpus = [1, 1, 2, 1, 2, 1] | micro_bs = 1 | time = [194092, 192845, 234124, 175283, 232055, 217025] | memory = [25489, 23466, 15100, 23655, 9992, 15860]

[ Trial 2 ] |234124.01|25489.10| op = [69, 69, 69, 69, 69, 74]| tp = [1, 1, 2, 1, 2, 1, ] | dp = [1, 1, 1, 1, 1, 1, ] | algo = [0, 0, 0, 0, 0, 0, ] | rc = [10, 10, 0, 0, 0, 0] | gpus = [1, 1, 2, 1, 2, 1] | micro_bs = 1 | time = [194092, 192845, 234124, 175283, 232055, 217025] | memory = [25489, 23466, 15100, 23655, 9992, 15860]
>>>> [CONFIG: target(2), prim(inc_mbs)]
|207185.27|27905.55| op = [69, 69, 69, 69, 69, 74]| tp = [1, 1, 1, 1, 1, 1, ] | dp = [1, 1, 2, 1, 2, 1, ] | algo = [0, 0, 0, 0, 0, 0, ] | rc = [20, 19, 2, 10, 0, 0] | gpus = [1, 1, 2, 1, 2, 1] | micro_bs = 2 | time = [195613, 195342, 87112, 180404, 88242, 207185] | memory = [27738, 27905, 26892, 24483, 19264, 22840]

[ Trial 3 ] |207185.27|27905.55| op = [69, 69, 69, 69, 69, 74]| tp = [1, 1, 1, 1, 1, 1, ] | dp = [1, 1, 2, 1, 2, 1, ] | algo = [0, 0, 0, 0, 0, 0, ] | rc = [20, 19, 2, 10, 0, 0] | gpus = [1, 1, 2, 1, 2, 1] | micro_bs = 2 | time = [195613, 195342, 87112, 180404, 88242, 207185] | memory = [27738, 27905, 26892, 24483, 19264, 22840]
>>>> [CONFIG: target(5), prim(dec_op)]
|148429.53|27348.51| op = [55, 54, 102, 53, 108, 47]| tp = [1, 1, 1, 1, 1, 1, ] | dp = [1, 1, 2, 1, 2, 1, ] | algo = [0, 0, 0, 0, 0, 0, ] | rc = [12, 10, 16, 6, 4, 0] | gpus = [1, 1, 2, 1, 2, 1] | micro_bs = 2 | time = [148229, 148429, 140877, 140172, 140409, 144639] | memory = [27329, 27265, 25809, 24448, 27348, 16232]

[ Trial 4 ] |148429.53|27348.51| op = [55, 54, 102, 53, 108, 47]| tp = [1, 1, 1, 1, 1, 1, ] | dp = [1, 1, 2, 1, 2, 1, ] | algo = [0, 0, 0, 0, 0, 0, ] | rc = [12, 10, 16, 6, 4, 0] | gpus = [1, 1, 2, 1, 2, 1] | micro_bs = 2 | time = [148229, 148429, 140877, 140172, 140409, 144639] | memory = [27329, 27265, 25809, 24448, 27348, 16232]
>>>> [CONFIG: target(1), prim(dec_op)]
|143817.19|27438.54| op = [54, 53, 103, 53, 111, 45]| tp = [1, 1, 1, 1, 1, 1, ] | dp = [1, 1, 2, 1, 2, 1, ] | algo = [0, 0, 0, 0, 0, 0, ] | rc = [12, 8, 16, 4, 4, 0] | gpus = [1, 1, 2, 1, 2, 1] | micro_bs = 2 | time = [143449, 140441, 139339, 134732, 140483, 143817] | memory = [26669, 27153, 25469, 26728, 27438, 16182]

[ Trial 5 ] |143817.19|27438.54| op = [54, 53, 103, 53, 111, 45]| tp = [1, 1, 1, 1, 1, 1, ] | dp = [1, 1, 2, 1, 2, 1, ] | algo = [0, 0, 0, 0, 0, 0, ] | rc = [12, 8, 16, 4, 4, 0] | gpus = [1, 1, 2, 1, 2, 1] | micro_bs = 2 | time = [143449, 140441, 139339, 134732, 140483, 143817] | memory = [26669, 27153, 25469, 26728, 27438, 16182]
>>>> [CONFIG: target(5), prim(inc_mbs)]
|163937.58|27813.98| op = [54, 53, 103, 53, 111, 45]| tp = [1, 1, 1, 1, 1, 1, ] | dp = [1, 1, 2, 1, 2, 1, ] | algo = [0, 0, 0, 0, 0, 0, ] | rc = [28, 22, 30, 14, 22, 0] | gpus = [1, 1, 2, 1, 2, 1] | micro_bs = 4 | time = [163937, 157388, 141743, 148200, 146522, 143571] | memory = [27571, 27350, 27813, 26341, 27513, 25964]
>>>> [CONFIG: target(0), prim(dec_op)]
|148888.73|27851.16| op = [49, 51, 107, 53, 111, 48]| tp = [1, 1, 1, 1, 1, 1, ] | dp = [1, 1, 2, 1, 2, 1, ] | algo = [0, 0, 0, 0, 0, 0, ] | rc = [20, 18, 32, 14, 22, 0] | gpus = [1, 1, 2, 1, 2, 1] | micro_bs = 4 | time = [142957, 147322, 148394, 148888, 147882, 145639] | memory = [27851, 27850, 27186, 26561, 27713, 26204]
>>>> [CONFIG: target(3), prim(dec_mbs)]
|145930.53|27638.55| op = [49, 51, 107, 53, 111, 48]| tp = [1, 1, 1, 1, 1, 1, ] | dp = [1, 1, 2, 1, 2, 1, ] | algo = [0, 0, 0, 0, 0, 0, ] | rc = [10, 8, 16, 6, 4, 0] | gpus = [1, 1, 2, 1, 2, 1] | micro_bs = 2 | time = [129199, 135088, 145186, 138468, 142076, 145930] | memory = [27561, 26453, 26529, 23432, 27638, 16352]
>>>> [CONFIG: target(5), prim(dec_op)]
|143815.59|27758.58| op = [49, 53, 105, 54, 113, 45]| tp = [1, 1, 1, 1, 1, 1, ] | dp = [1, 1, 2, 1, 2, 1, ] | algo = [0, 0, 0, 0, 0, 0, ] | rc = [10, 8, 16, 6, 4, 0] | gpus = [1, 1, 2, 1, 2, 1] | micro_bs = 2 | time = [129200, 141488, 142772, 138702, 142996, 143815] | memory = [27561, 27353, 26089, 23522, 27758, 16182]

[ Trial 6 ] |143815.59|27758.58| op = [49, 53, 105, 54, 113, 45]| tp = [1, 1, 1, 1, 1, 1, ] | dp = [1, 1, 2, 1, 2, 1, ] | algo = [0, 0, 0, 0, 0, 0, ] | rc = [10, 8, 16, 6, 4, 0] | gpus = [1, 1, 2, 1, 2, 1] | micro_bs = 2 | time = [129200, 141488, 142772, 138702, 142996, 143815] | memory = [27561, 27353, 26089, 23522, 27758, 16182]
>>>> [CONFIG: target(5), prim(inc_mbs)]
|158147.57|27853.12| op = [49, 53, 105, 54, 113, 45]| tp = [1, 1, 1, 1, 1, 1, ] | dp = [1, 1, 2, 1, 2, 1, ] | algo = [0, 0, 0, 0, 0, 0, ] | rc = [20, 22, 32, 14, 22, 0] | gpus = [1, 1, 2, 1, 2, 1] | micro_bs = 4 | time = [142964, 158147, 145982, 149098, 148667, 143559] | memory = [27851, 27650, 26706, 26741, 27853, 25964]
>>>> [CONFIG: target(1), prim(inc_dp)]
|338884.59|27970.23| op = [49, 53, 105, 54, 113, 45]| tp = [1, 1, 1, 1, 1, 1, ] | dp = [1, 2, 2, 1, 1, 1, ] | algo = [0, 0, 0, 0, 0, 0, ] | rc = [20, 8, 32, 14, 56, 0] | gpus = [1, 2, 2, 1, 1, 1] | micro_bs = 4 | time = [143065, 71469, 146083, 149199, 338884, 143660] | memory = [27851, 27353, 26706, 26741, 27970, 25964]
>>>> [CONFIG: target(4), prim(dec_op)]
|162715.30|27851.16| op = [49, 102, 107, 52, 59, 50]| tp = [1, 1, 1, 1, 1, 1, ] | dp = [1, 2, 2, 1, 1, 1, ] | algo = [0, 0, 0, 0, 0, 0, ] | rc = [20, 38, 32, 14, 12, 4] | gpus = [1, 2, 2, 1, 1, 1] | micro_bs = 4 | time = [142983, 147924, 148307, 144251, 162715, 161914] | memory = [27851, 27776, 27066, 26041, 27413, 27268]
>>>> [CONFIG: target(4), prim(dec_op)]
|161907.90|27866.13| op = [49, 102, 109, 55, 54, 50]| tp = [1, 1, 1, 1, 1, 1, ] | dp = [1, 2, 2, 1, 1, 1, ] | algo = [0, 0, 0, 0, 0, 0, ] | rc = [20, 38, 32, 14, 10, 4] | gpus = [1, 2, 2, 1, 1, 1] | micro_bs = 4 | time = [142977, 147917, 150907, 148944, 148797, 161907] | memory = [27851, 27776, 27866, 26641, 27840, 27268]
>>>> [CONFIG: target(5), prim(inc_dp)]
|339889.22|27866.13| op = [49, 102, 109, 55, 54, 50]| tp = [1, 1, 1, 1, 1, 1, ] | dp = [1, 1, 2, 1, 1, 2, ] | algo = [0, 0, 0, 0, 0, 0, ] | rc = [20, 94, 32, 14, 10, 0] | gpus = [1, 1, 2, 1, 1, 2] | micro_bs = 4 | time = [143083, 339889, 151013, 149050, 148904, 78969] | memory = [27851, 24208, 27866, 26641, 27840, 18036]
>>>> [CONFIG: target(1), prim(dec_mbs)]
|294678.18|27776.33| op = [49, 102, 109, 55, 54, 50]| tp = [1, 1, 1, 1, 1, 1, ] | dp = [1, 1, 2, 1, 1, 2, ] | algo = [0, 0, 0, 0, 0, 0, ] | rc = [10, 38, 16, 6, 0, 0] | gpus = [1, 1, 2, 1, 1, 2] | micro_bs = 2 | time = [129243, 294678, 147801, 138428, 134631, 81973] | memory = [27561, 27776, 27089, 23422, 24896, 12258]
>>>> [CONFIG: target(1), prim(dec_op)]
|142275.29|27753.24| op = [49, 54, 103, 56, 58, 99]| tp = [1, 1, 1, 1, 1, 1, ] | dp = [1, 1, 2, 1, 1, 2, ] | algo = [0, 0, 0, 0, 0, 0, ] | rc = [10, 8, 16, 6, 0, 0] | gpus = [1, 1, 2, 1, 1, 2] | micro_bs = 2 | time = [129199, 142275, 141937, 140058, 142199, 140104] | memory = [27561, 27753, 25769, 23822, 27720, 20314]

[ Trial 7 ] |142275.29|27753.24| op = [49, 54, 103, 56, 58, 99]| tp = [1, 1, 1, 1, 1, 1, ] | dp = [1, 1, 2, 1, 1, 2, ] | algo = [0, 0, 0, 0, 0, 0, ] | rc = [10, 8, 16, 6, 0, 0] | gpus = [1, 1, 2, 1, 1, 2] | micro_bs = 2 | time = [129199, 142275, 141937, 140058, 142199, 140104] | memory = [27561, 27753, 25769, 23822, 27720, 20314]
>>>> [CONFIG: target(1), prim(dec_op)]
|142201.43|27961.58| op = [50, 53, 103, 56, 58, 99]| tp = [1, 1, 1, 1, 1, 1, ] | dp = [1, 1, 2, 1, 1, 2, ] | algo = [0, 0, 0, 0, 0, 0, ] | rc = [12, 8, 16, 6, 0, 0] | gpus = [1, 1, 2, 1, 1, 2] | micro_bs = 2 | time = [137245, 137686, 141939, 140060, 142201, 140106] | memory = [27961, 27253, 25769, 23822, 27720, 20314]

[ Trial 8 ] |142201.43|27961.58| op = [50, 53, 103, 56, 58, 99]| tp = [1, 1, 1, 1, 1, 1, ] | dp = [1, 1, 2, 1, 1, 2, ] | algo = [0, 0, 0, 0, 0, 0, ] | rc = [12, 8, 16, 6, 0, 0] | gpus = [1, 1, 2, 1, 1, 2] | micro_bs = 2 | time = [137245, 137686, 141939, 140060, 142201, 140106] | memory = [27961, 27253, 25769, 23822, 27720, 20314]
>>>> [CONFIG: target(4), prim(inc_mbs)]
|163916.08|27976.55| op = [50, 53, 103, 56, 58, 99]| tp = [1, 1, 1, 1, 1, 1, ] | dp = [1, 1, 2, 1, 1, 2, ] | algo = [0, 0, 0, 0, 0, 0, ] | rc = [25, 22, 32, 14, 16, 8] | gpus = [1, 1, 2, 1, 1, 2] | micro_bs = 4 | time = [153952, 153362, 145118, 150403, 163916, 139292] | memory = [27771, 27850, 27793, 27341, 27840, 27976]
>>>> [CONFIG: target(4), prim(dec_op)]
|150374.59|27851.16| op = [49, 51, 106, 56, 53, 104]| tp = [1, 1, 1, 1, 1, 1, ] | dp = [1, 1, 2, 1, 1, 2, ] | algo = [0, 0, 0, 0, 0, 0, ] | rc = [20, 18, 32, 14, 8, 8] | gpus = [1, 1, 2, 1, 1, 2] | micro_bs = 4 | time = [142953, 147317, 147995, 150374, 141029, 146732] | memory = [27851, 27850, 26866, 27341, 27196, 27596]
>>>> [CONFIG: target(3), prim(dec_mbs)]
|147247.38|27561.58| op = [49, 51, 106, 56, 53, 104]| tp = [1, 1, 1, 1, 1, 1, ] | dp = [1, 1, 2, 1, 1, 2, ] | algo = [0, 0, 0, 0, 0, 0, ] | rc = [10, 8, 16, 6, 0, 0] | gpus = [1, 1, 2, 1, 1, 2] | micro_bs = 2 | time = [129194, 135083, 144764, 140053, 129014, 147247] | memory = [27561, 26453, 26369, 23822, 24212, 21298]
>>>> [CONFIG: target(5), prim(dec_op)]
|144767.41|27580.50| op = [49, 51, 106, 56, 57, 100]| tp = [1, 1, 1, 1, 1, 1, ] | dp = [1, 1, 2, 1, 1, 2, ] | algo = [0, 0, 0, 0, 0, 0, ] | rc = [10, 8, 16, 6, 0, 0] | gpus = [1, 1, 2, 1, 1, 2] | micro_bs = 2 | time = [129196, 135085, 144767, 140056, 140893, 140837] | memory = [27561, 26453, 26369, 23822, 27580, 20436]
>>>> [CONFIG: target(2), prim(dec_dp)]
|294878.84|27580.50| op = [49, 51, 106, 56, 57, 100]| tp = [1, 1, 1, 1, 1, 1, ] | dp = [2, 1, 1, 1, 1, 2, ] | algo = [0, 0, 0, 0, 0, 0, ] | rc = [4, 8, 32, 6, 0, 0] | gpus = [2, 1, 1, 1, 1, 2] | micro_bs = 2 | time = [64795, 135127, 294878, 140097, 140935, 140878] | memory = [25018, 26453, 26866, 23822, 27580, 20436]
>>>> [CONFIG: target(2), prim(dec_op)]
|146129.23|27480.99| op = [98, 52, 52, 56, 59, 102]| tp = [1, 1, 1, 1, 1, 1, ] | dp = [2, 1, 1, 1, 1, 2, ] | algo = [0, 0, 0, 0, 0, 0, ] | rc = [24, 8, 8, 6, 0, 0] | gpus = [2, 1, 1, 1, 1, 2] | micro_bs = 2 | time = [141429, 135672, 135672, 140753, 145914, 146129] | memory = [27480, 26553, 22944, 23742, 26056, 21278]
>>>> [CONFIG: target(5), prim(dec_op)]
|141489.83|27580.56| op = [98, 55, 53, 55, 58, 100]| tp = [1, 1, 1, 1, 1, 1, ] | dp = [2, 1, 1, 1, 1, 2, ] | algo = [0, 0, 0, 0, 0, 0, ] | rc = [24, 8, 8, 6, 0, 0] | gpus = [2, 1, 1, 1, 1, 2] | micro_bs = 2 | time = [141428, 137787, 141489, 139493, 141138, 140842] | memory = [27480, 27003, 23664, 23762, 27580, 20436]

[ Trial 9 ] |141489.83|27580.56| op = [98, 55, 53, 55, 58, 100]| tp = [1, 1, 1, 1, 1, 1, ] | dp = [2, 1, 1, 1, 1, 2, ] | algo = [0, 0, 0, 0, 0, 0, ] | rc = [24, 8, 8, 6, 0, 0] | gpus = [2, 1, 1, 1, 1, 2] | micro_bs = 2 | time = [141428, 137787, 141489, 139493, 141138, 140842] | memory = [27480, 27003, 23664, 23762, 27580, 20436]
>>>> [CONFIG: target(2), prim(dec_mbs)]
|365715.91|26895.72| op = [98, 55, 53, 55, 58, 100]| tp = [2, 1, 1, 1, 1, 2, ] | dp = [1, 1, 1, 1, 1, 1, ] | algo = [0, 0, 0, 0, 0, 0, ] | rc = [8, 0, 0, 0, 0, 0] | gpus = [2, 1, 1, 1, 1, 2] | micro_bs = 1 | time = [344241, 133397, 136814, 138085, 148830, 365715] | memory = [25184, 26895, 23072, 19089, 16340, 10503]
>>>> [CONFIG: target(0), prim(dec_op)]
|207361.69|27026.64| op = [59, 76, 71, 78, 80, 55]| tp = [2, 1, 1, 1, 1, 2, ] | dp = [1, 1, 1, 1, 1, 1, ] | algo = [0, 0, 0, 0, 0, 0, ] | rc = [0, 10, 6, 0, 0, 0] | gpus = [2, 1, 1, 1, 1, 2] | micro_bs = 1 | time = [205669, 207361, 190716, 196550, 201940, 206659] | memory = [20141, 22486, 25632, 27026, 21344, 6469]
>>>> [CONFIG: target(1), prim(inc_tp)]
|265383.97|27026.64| op = [59, 76, 71, 78, 80, 55]| tp = [1, 2, 1, 1, 1, 2, ] | dp = [1, 1, 1, 1, 1, 1, ] | algo = [0, 0, 0, 0, 0, 0, ] | rc = [10, 0, 6, 0, 0, 0] | gpus = [1, 2, 1, 1, 1, 2] | micro_bs = 1 | time = [167520, 265383, 190721, 196555, 201945, 206663] | memory = [21672, 19230, 25632, 27026, 21344, 6469]
>>>> [CONFIG: target(1), prim(dec_op)]
|206658.34|27141.62| op = [69, 59, 74, 81, 81, 55]| tp = [1, 2, 1, 1, 1, 2, ] | dp = [1, 1, 1, 1, 1, 1, ] | algo = [0, 0, 0, 0, 0, 0, ] | rc = [10, 0, 6, 0, 0, 0] | gpus = [1, 2, 1, 1, 1, 2] | micro_bs = 1 | time = [194082, 204240, 197092, 197594, 206401, 206658] | memory = [25489, 16665, 26072, 27141, 21764, 6469]
>>>> [CONFIG: target(5), prim(inc_mbs)]
|210824.21|27738.14| op = [69, 59, 74, 81, 81, 55]| tp = [1, 1, 1, 1, 1, 1, ] | dp = [1, 2, 1, 1, 1, 2, ] | algo = [0, 0, 0, 0, 0, 0, ] | rc = [20, 4, 18, 12, 10, 0] | gpus = [1, 2, 1, 1, 1, 2] | micro_bs = 2 | time = [195626, 79669, 202626, 204760, 210824, 85935] | memory = [27738, 26521, 27717, 27399, 25160, 12613]
>>>> [CONFIG: target(4), prim(dec_op)]
|165372.34|27773.12| op = [59, 90, 53, 56, 58, 103]| tp = [1, 1, 1, 1, 1, 1, ] | dp = [1, 2, 1, 1, 1, 2, ] | algo = [0, 0, 0, 0, 0, 0, ] | rc = [16, 15, 8, 6, 0, 0] | gpus = [1, 2, 1, 1, 1, 2] | micro_bs = 2 | time = [165372, 125417, 142721, 140762, 142932, 147660] | memory = [27449, 27773, 25072, 23742, 26056, 21278]
>>>> [CONFIG: target(0), prim(dec_op)]
|141489.62|27723.28| op = [51, 102, 53, 56, 57, 100]| tp = [1, 1, 1, 1, 1, 1, ] | dp = [1, 2, 1, 1, 1, 2, ] | algo = [0, 0, 0, 0, 0, 0, ] | rc = [12, 18, 8, 6, 0, 0] | gpus = [1, 2, 1, 1, 1, 2] | micro_bs = 2 | time = [138221, 140239, 141489, 140061, 140898, 140842] | memory = [25849, 27723, 23664, 23822, 27580, 20436]

[ Trial 10 ] |141489.62|27723.28| op = [51, 102, 53, 56, 57, 100]| tp = [1, 1, 1, 1, 1, 1, ] | dp = [1, 2, 1, 1, 1, 2, ] | algo = [0, 0, 0, 0, 0, 0, ] | rc = [12, 18, 8, 6, 0, 0] | gpus = [1, 2, 1, 1, 1, 2] | micro_bs = 2 | time = [138221, 140239, 141489, 140061, 140898, 140842] | memory = [25849, 27723, 23664, 23822, 27580, 20436]
>>>> [CONFIG: target(2), prim(inc_dp)]
|283159.18|27936.55| op = [51, 102, 53, 56, 57, 100]| tp = [1, 1, 1, 1, 1, 1, ] | dp = [1, 2, 2, 1, 1, 1, ] | algo = [0, 0, 0, 0, 0, 0, ] | rc = [12, 18, 0, 6, 0, 12] | gpus = [1, 2, 2, 1, 1, 1] | micro_bs = 2 | time = [138254, 140273, 68680, 140095, 140932, 283159] | memory = [25849, 27723, 23072, 23822, 27580, 27936]
>>>> [CONFIG: target(5), prim(dec_mbs)]
|346772.71|27031.28| op = [51, 102, 53, 56, 57, 100]| tp = [1, 2, 2, 1, 1, 1, ] | dp = [1, 1, 1, 1, 1, 1, ] | algo = [0, 0, 0, 0, 0, 0, ] | rc = [4, 0, 0, 0, 0, 0] | gpus = [1, 2, 2, 1, 1, 1] | micro_bs = 1 | time = [135707, 346772, 188601, 138697, 148451, 281235] | memory = [25898, 27031, 12136, 19119, 16340, 20436]
>>>> [CONFIG: target(1), prim(dec_op)]
|217019.10|26546.58| op = [65, 62, 59, 76, 83, 74]| tp = [1, 2, 2, 1, 1, 1, ] | dp = [1, 1, 1, 1, 1, 1, ] | algo = [0, 0, 0, 0, 0, 0, ] | rc = [10, 0, 0, 0, 0, 0] | gpus = [1, 2, 2, 1, 1, 1] | micro_bs = 1 | time = [181176, 204987, 211257, 191302, 212657, 217019] | memory = [23323, 16740, 13278, 26546, 22828, 15860]
>>>> [CONFIG: target(5), prim(inc_tp)]
|277435.76|26546.58| op = [65, 62, 59, 76, 83, 74]| tp = [1, 2, 1, 1, 1, 2, ] | dp = [1, 1, 1, 1, 1, 1, ] | algo = [0, 0, 0, 0, 0, 0, ] | rc = [10, 0, 0, 0, 0, 0] | gpus = [1, 2, 1, 1, 1, 2] | micro_bs = 1 | time = [181178, 204988, 155102, 191303, 212658, 277435] | memory = [23323, 16740, 25216, 26546, 22828, 8145]
>>>> [CONFIG: target(5), prim(inc_mbs)]
|222129.98|27253.12| op = [65, 62, 59, 76, 83, 74]| tp = [1, 1, 1, 1, 1, 1, ] | dp = [1, 2, 1, 1, 1, 2, ] | algo = [0, 0, 0, 0, 0, 0, ] | rc = [18, 4, 8, 12, 14, 0] | gpus = [1, 2, 1, 1, 1, 2] | micro_bs = 2 | time = [180976, 79148, 158982, 199502, 222129, 108797] | memory = [26777, 26496, 27253, 26609, 23180, 15860]
>>>> [CONFIG: target(4), prim(dec_op)]
|153029.34|27388.56| op = [51, 92, 52, 54, 62, 108]| tp = [1, 1, 1, 1, 1, 1, ] | dp = [1, 2, 1, 1, 1, 2, ] | algo = [0, 0, 0, 0, 0, 0, ] | rc = [12, 14, 8, 4, 2, 0] | gpus = [1, 2, 1, 1, 1, 2] | micro_bs = 2 | time = [138218, 127115, 135668, 130760, 152475, 153029] | memory = [25849, 26567, 22945, 26398, 27388, 22161]
>>>> [CONFIG: target(5), prim(dec_op)]
|141489.46|27723.28| op = [51, 102, 53, 55, 58, 100]| tp = [1, 1, 1, 1, 1, 1, ] | dp = [1, 2, 1, 1, 1, 2, ] | algo = [0, 0, 0, 0, 0, 0, ] | rc = [12, 18, 8, 6, 0, 0] | gpus = [1, 2, 1, 1, 1, 2] | micro_bs = 2 | time = [138220, 140239, 141489, 139493, 141138, 140842] | memory = [25849, 27723, 23664, 23762, 27580, 20436]

num_targets: [1, 1, 1, 1, 1, 1, 1, 1, 1, 1, 1]
num_hops: [1, 1, 1, 1, 1, 4, 7, 1, 7, 7, 7]
search time = 200.06 s.  [0, 1, 2, 3, 4, 5, 6, 22, 23, 26, 86, 123, 209] 
num_explored_cases = 14076
time trend: [245518, 237921, 234124, 207185, 148429, 143817, 143815, 142275, 142201, 141489, 141489, 141489, 141489]

working on num_stages = 5
config has been saved to /home/liminglong.lml/sxz/SuperScaler/logs-large/aceso/configs/mbs/4096/gpt_2_6B_5stages_2026-5-16-7-23-16.json

========== Best Result (num_stages = 5) ==========
|140970.02|27438.54| op = [54, 53, 104, 111, 97]| tp = [1, 1, 1, 1, 1, ] | dp = [1, 1, 2, 2, 2, ] | algo = [0, 0, 0, 0, 0, ] | rc = [10, 8, 14, 4, 0] | gpus = [1, 1, 2, 2, 2] | micro_bs = 2 | time = [140970, 140372, 140458, 140415, 139561] | memory = [26635, 23484, 24008, 27438, 20289]
start|291250.72|22828.38| op = [83, 83, 83, 83, 87]| tp = [2, 2, 2, 1, 1, ] | dp = [1, 1, 1, 1, 1, ] | algo = [0, 0, 0, 0, 0, ] | rc = [0, 0, 0, 0, 0] | gpus = [2, 2, 2, 1, 1] | micro_bs = 1 | time = [291250, 281443, 286541, 212682, 249149] | memory = [22691, 19278, 14753, 22828, 18082]

[ Trial 0 ] |291250.72|22828.38| op = [83, 83, 83, 83, 87]| tp = [2, 2, 2, 1, 1, ] | dp = [1, 1, 1, 1, 1, ] | algo = [0, 0, 0, 0, 0, ] | rc = [0, 0, 0, 0, 0] | gpus = [2, 2, 2, 1, 1] | micro_bs = 1 | time = [291250, 281443, 286541, 212682, 249149] | memory = [22691, 19278, 14753, 22828, 18082]
>>>> [CONFIG: target(0), prim(dec_tp)]
|269330.70|26929.62| op = [83, 83, 83, 83, 87]| tp = [1, 4, 1, 1, 1, ] | dp = [1, 1, 1, 1, 1, ] | algo = [0, 0, 0, 0, 0, ] | rc = [12, 0, 2, 0, 0] | gpus = [1, 4, 1, 1, 1] | micro_bs = 1 | time = [232162, 269330, 210290, 212646, 249113] | memory = [26377, 10569, 26929, 22828, 18082]

[ Trial 1 ] |269330.70|26929.62| op = [83, 83, 83, 83, 87]| tp = [1, 4, 1, 1, 1, ] | dp = [1, 1, 1, 1, 1, ] | algo = [0, 0, 0, 0, 0, ] | rc = [12, 0, 2, 0, 0] | gpus = [1, 4, 1, 1, 1] | micro_bs = 1 | time = [232162, 269330, 210290, 212646, 249113] | memory = [26377, 10569, 26929, 22828, 18082]
>>>> [CONFIG: target(1), prim(dec_tp)]
|286544.18|26377.08| op = [83, 83, 83, 83, 87]| tp = [1, 2, 2, 2, 1, ] | dp = [1, 1, 1, 1, 1, ] | algo = [0, 0, 0, 0, 0, ] | rc = [12, 0, 0, 0, 0] | gpus = [1, 2, 2, 2, 1] | micro_bs = 1 | time = [232201, 281446, 286544, 284673, 249153] | memory = [26377, 19278, 14753, 11854, 18082]
>>>> [CONFIG: target(2), prim(inc_mbs)]
|237708.82|27916.10| op = [83, 83, 83, 83, 87]| tp = [1, 1, 1, 1, 1, ] | dp = [1, 2, 2, 2, 1, ] | algo = [0, 0, 0, 0, 0, ] | rc = [26, 12, 2, 0, 0] | gpus = [1, 2, 2, 2, 1] | micro_bs = 2 | time = [236620, 113110, 105366, 106544, 237708] | memory = [27916, 23448, 26929, 22828, 26084]

[ Trial 2 ] |237708.82|27916.10| op = [83, 83, 83, 83, 87]| tp = [1, 1, 1, 1, 1, ] | dp = [1, 2, 2, 2, 1, ] | algo = [0, 0, 0, 0, 0, ] | rc = [26, 12, 2, 0, 0] | gpus = [1, 2, 2, 2, 1] | micro_bs = 2 | time = [236620, 113110, 105366, 106544, 237708] | memory = [27916, 23448, 26929, 22828, 26084]
>>>> [CONFIG: target(4), prim(dec_op)]
|146868.46|27054.08| op = [54, 104, 100, 113, 48]| tp = [1, 1, 1, 1, 1, ] | dp = [1, 2, 2, 2, 1, ] | algo = [0, 0, 0, 0, 0, ] | rc = [10, 16, 12, 6, 0] | gpus = [1, 2, 2, 2, 1] | micro_bs = 2 | time = [140974, 141603, 135492, 146868, 145869] | memory = [26635, 25809, 25051, 27054, 16352]

[ Trial 3 ] |146868.46|27054.08| op = [54, 104, 100, 113, 48]| tp = [1, 1, 1, 1, 1, ] | dp = [1, 2, 2, 2, 1, ] | algo = [0, 0, 0, 0, 0, ] | rc = [10, 16, 12, 6, 0] | gpus = [1, 2, 2, 2, 1] | micro_bs = 2 | time = [140974, 141603, 135492, 146868, 145869] | memory = [26635, 25809, 25051, 27054, 16352]
>>>> [CONFIG: target(3), prim(dec_dp)]
|306633.08|27953.09| op = [54, 104, 100, 113, 48]| tp = [1, 1, 1, 1, 1, ] | dp = [2, 2, 2, 1, 1, ] | algo = [0, 0, 0, 0, 0, ] | rc = [2, 16, 12, 28, 0] | gpus = [2, 2, 2, 1, 1] | micro_bs = 2 | time = [69365, 141646, 135535, 306633, 145912] | memory = [26426, 25809, 25051, 27953, 16352]
>>>> [CONFIG: target(3), prim(dec_op)]
|145005.48|27820.57| op = [99, 107, 106, 60, 47]| tp = [1, 1, 1, 1, 1, ] | dp = [2, 2, 2, 1, 1, ] | algo = [0, 0, 0, 0, 0, ] | rc = [20, 16, 16, 0, 0] | gpus = [2, 2, 2, 1, 1] | micro_bs = 2 | time = [139664, 145005, 144991, 142943, 144569] | memory = [27783, 26469, 22860, 27820, 16232]

[ Trial 4 ] |145005.48|27820.57| op = [99, 107, 106, 60, 47]| tp = [1, 1, 1, 1, 1, ] | dp = [2, 2, 2, 1, 1, ] | algo = [0, 0, 0, 0, 0, ] | rc = [20, 16, 16, 0, 0] | gpus = [2, 2, 2, 1, 1] | micro_bs = 2 | time = [139664, 145005, 144991, 142943, 144569] | memory = [27783, 26469, 22860, 27820, 16232]
>>>> [CONFIG: target(1), prim(dec_dp)]
|295383.89|27783.24| op = [99, 107, 106, 60, 47]| tp = [1, 1, 1, 1, 1, ] | dp = [2, 1, 2, 2, 1, ] | algo = [0, 0, 0, 0, 0, ] | rc = [20, 32, 16, 0, 0] | gpus = [2, 1, 2, 2, 1] | micro_bs = 2 | time = [139704, 295383, 145032, 75661, 144609] | memory = [27783, 27066, 22860, 16510, 16232]
>>>> [CONFIG: target(1), prim(dec_op)]
|143754.29|27783.24| op = [99, 56, 107, 112, 45]| tp = [1, 1, 1, 1, 1, ] | dp = [2, 1, 2, 2, 1, ] | algo = [0, 0, 0, 0, 0, ] | rc = [20, 8, 14, 4, 0] | gpus = [2, 1, 2, 2, 1] | micro_bs = 2 | time = [139662, 143028, 143584, 142748, 143754] | memory = [27783, 24185, 24543, 27758, 16182]

[ Trial 5 ] |143754.29|27783.24| op = [99, 56, 107, 112, 45]| tp = [1, 1, 1, 1, 1, ] | dp = [2, 1, 2, 2, 1, ] | algo = [0, 0, 0, 0, 0, ] | rc = [20, 8, 14, 4, 0] | gpus = [2, 1, 2, 2, 1] | micro_bs = 2 | time = [139662, 143028, 143584, 142748, 143754] | memory = [27783, 24185, 24543, 27758, 16182]
>>>> [CONFIG: target(4), prim(inc_mbs)]
|152693.16|27983.58| op = [99, 56, 107, 112, 45]| tp = [1, 1, 1, 1, 1, ] | dp = [2, 1, 2, 2, 1, ] | algo = [0, 0, 0, 0, 0, ] | rc = [38, 16, 30, 22, 0] | gpus = [2, 1, 2, 2, 1] | micro_bs = 4 | time = [143318, 152693, 146661, 148398, 143410] | memory = [27956, 27810, 27983, 27853, 25964]
>>>> [CONFIG: target(1), prim(dec_op)]
|148326.47|27956.41| op = [99, 54, 109, 109, 48]| tp = [1, 1, 1, 1, 1, ] | dp = [2, 1, 2, 2, 1, ] | algo = [0, 0, 0, 0, 0, ] | rc = [38, 16, 28, 22, 0] | gpus = [2, 1, 2, 2, 1] | micro_bs = 4 | time = [143314, 146212, 148326, 147337, 145494] | memory = [27956, 26130, 27627, 27612, 26204]
>>>> [CONFIG: target(2), prim(dec_mbs)]
|147698.86|27783.24| op = [99, 54, 109, 109, 48]| tp = [1, 1, 1, 1, 1, ] | dp = [2, 1, 2, 2, 1, ] | algo = [0, 0, 0, 0, 0, ] | rc = [20, 8, 16, 4, 0] | gpus = [2, 1, 2, 2, 1] | micro_bs = 2 | time = [139661, 136419, 147698, 141535, 145869] | memory = [27783, 23145, 23385, 27588, 16352]
>>>> [CONFIG: target(2), prim(dec_dp)]
|295760.24|27783.24| op = [99, 54, 109, 109, 48]| tp = [1, 1, 1, 1, 1, ] | dp = [2, 2, 1, 2, 1, ] | algo = [0, 0, 0, 0, 0, ] | rc = [20, 0, 28, 4, 0] | gpus = [2, 2, 1, 2, 1] | micro_bs = 2 | time = [139699, 66178, 295760, 141573, 145907] | memory = [27783, 22612, 27627, 27588, 16352]
>>>> [CONFIG: target(2), prim(dec_op)]
|144840.43|27783.24| op = [99, 105, 58, 110, 47]| tp = [1, 1, 1, 1, 1, ] | dp = [2, 2, 1, 2, 1, ] | algo = [0, 0, 0, 0, 0, ] | rc = [20, 16, 6, 4, 0] | gpus = [2, 2, 1, 2, 1] | micro_bs = 2 | time = [139662, 141775, 144840, 142271, 144567] | memory = [27783, 25869, 24282, 27708, 16232]
>>>> [CONFIG: target(2), prim(inc_dp)]
|285730.58|27956.41| op = [99, 105, 58, 110, 47]| tp = [1, 1, 1, 1, 1, ] | dp = [1, 2, 2, 2, 1, ] | algo = [0, 0, 0, 0, 0, ] | rc = [38, 16, 0, 4, 0] | gpus = [1, 2, 2, 2, 1] | micro_bs = 2 | time = [285730, 141810, 71978, 142306, 144602] | memory = [27956, 25869, 19549, 27708, 16232]
>>>> [CONFIG: target(0), prim(dec_op)]
|143752.55|27758.54| op = [54, 104, 104, 112, 45]| tp = [1, 1, 1, 1, 1, ] | dp = [1, 2, 2, 2, 1, ] | algo = [0, 0, 0, 0, 0, ] | rc = [10, 16, 14, 4, 0] | gpus = [1, 2, 2, 2, 1] | micro_bs = 2 | time = [140973, 141602, 140134, 142747, 143752] | memory = [26635, 25809, 23948, 27758, 16182]

[ Trial 6 ] |143752.55|27758.54| op = [54, 104, 104, 112, 45]| tp = [1, 1, 1, 1, 1, ] | dp = [1, 2, 2, 2, 1, ] | algo = [0, 0, 0, 0, 0, ] | rc = [10, 16, 14, 4, 0] | gpus = [1, 2, 2, 2, 1] | micro_bs = 2 | time = [140973, 141602, 140134, 142747, 143752] | memory = [26635, 25809, 23948, 27758, 16182]
>>>> [CONFIG: target(4), prim(inc_mbs)]
|156659.08|27873.98| op = [54, 104, 104, 112, 45]| tp = [1, 1, 1, 1, 1, ] | dp = [1, 2, 2, 2, 1, ] | algo = [0, 0, 0, 0, 0, ] | rc = [24, 32, 26, 22, 0] | gpus = [1, 2, 2, 2, 1] | micro_bs = 4 | time = [156659, 144732, 141210, 148398, 143410] | memory = [27830, 27873, 27673, 27853, 25964]
>>>> [CONFIG: target(0), prim(dec_op)]
|147337.71|27983.58| op = [50, 105, 107, 109, 48]| tp = [1, 1, 1, 1, 1, ] | dp = [1, 2, 2, 2, 1, ] | algo = [0, 0, 0, 0, 0, ] | rc = [20, 32, 30, 22, 0] | gpus = [1, 2, 2, 2, 1] | micro_bs = 4 | time = [145964, 145830, 146658, 147337, 145494] | memory = [27530, 26706, 27983, 27612, 26204]
>>>> [CONFIG: target(3), prim(inc_dp)]
|340313.27|27788.25| op = [50, 105, 107, 109, 48]| tp = [1, 1, 1, 1, 1, ] | dp = [1, 1, 1, 4, 1, ] | algo = [0, 0, 0, 0, 0, ] | rc = [20, 81, 90, 4, 0] | gpus = [1, 1, 1, 4, 1] | micro_bs = 4 | time = [146262, 340313, 334015, 71569, 145793] | memory = [27530, 27330, 27788, 27588, 26204]
>>>> [CONFIG: target(1), prim(inc_dp)]
|333822.48|27788.25| op = [50, 105, 107, 109, 48]| tp = [1, 1, 1, 1, 1, ] | dp = [2, 2, 1, 2, 1, ] | algo = [0, 0, 0, 0, 0, ] | rc = [8, 32, 90, 22, 0] | gpus = [2, 2, 1, 2, 1] | micro_bs = 4 | time = [66884, 145935, 333822, 147443, 145600] | memory = [27533, 26706, 27788, 27612, 26204]
>>>> [CONFIG: target(2), prim(dec_mbs)]
|292420.11|27983.58| op = [50, 105, 107, 109, 48]| tp = [1, 1, 1, 1, 1, ] | dp = [2, 2, 1, 2, 1, ] | algo = [0, 0, 0, 0, 0, ] | rc = [0, 16, 30, 4, 0] | gpus = [2, 2, 1, 2, 1] | micro_bs = 2 | time = [64717, 142747, 292420, 141572, 145907] | memory = [27955, 26089, 27983, 27588, 16352]
>>>> [CONFIG: target(2), prim(inc_dp)]
|145867.51|27588.51| op = [50, 105, 107, 109, 48]| tp = [1, 1, 1, 1, 1, ] | dp = [1, 2, 2, 2, 1, ] | algo = [0, 0, 0, 0, 0, ] | rc = [8, 16, 14, 4, 0] | gpus = [1, 2, 2, 2, 1] | micro_bs = 2 | time = [132544, 142708, 143581, 141532, 145867] | memory = [27533, 26089, 24543, 27588, 16352]
>>>> [CONFIG: target(4), prim(dec_op)]
|143750.66|27758.54| op = [50, 105, 107, 112, 45]| tp = [1, 1, 1, 1, 1, ] | dp = [1, 2, 2, 2, 1, ] | algo = [0, 0, 0, 0, 0, ] | rc = [8, 16, 14, 4, 0] | gpus = [1, 2, 2, 2, 1] | micro_bs = 2 | time = [132543, 142707, 143580, 142745, 143750] | memory = [27533, 26089, 24543, 27758, 16182]

[ Trial 7 ] |143750.66|27758.54| op = [50, 105, 107, 112, 45]| tp = [1, 1, 1, 1, 1, ] | dp = [1, 2, 2, 2, 1, ] | algo = [0, 0, 0, 0, 0, ] | rc = [8, 16, 14, 4, 0] | gpus = [1, 2, 2, 2, 1] | micro_bs = 2 | time = [132543, 142707, 143580, 142745, 143750] | memory = [27533, 26089, 24543, 27758, 16182]
>>>> [CONFIG: target(4), prim(inc_mbs)]
|148394.39|27983.58| op = [50, 105, 107, 112, 45]| tp = [1, 1, 1, 1, 1, ] | dp = [1, 2, 2, 2, 1, ] | algo = [0, 0, 0, 0, 0, ] | rc = [20, 32, 30, 22, 0] | gpus = [1, 2, 2, 2, 1] | micro_bs = 4 | time = [145963, 145829, 146657, 148394, 143406] | memory = [27530, 26706, 27983, 27853, 25964]
>>>> [CONFIG: target(3), prim(inc_dp)]
|340311.82|27788.25| op = [50, 105, 107, 112, 45]| tp = [1, 1, 1, 1, 1, ] | dp = [1, 1, 1, 4, 1, ] | algo = [0, 0, 0, 0, 0, ] | rc = [20, 81, 90, 4, 0] | gpus = [1, 1, 1, 4, 1] | micro_bs = 4 | time = [146261, 340311, 334013, 72174, 143703] | memory = [27530, 27330, 27788, 27758, 25964]
>>>> [CONFIG: target(1), prim(inc_mbs)]
|348981.42|34736.33| op = [50, 105, 107, 112, 45]| tp = [1, 1, 1, 1, 1, ] | dp = [1, 1, 1, 4, 1, ] | algo = [0, 0, 0, 0, 0, ] | rc = [48, 105, 107, 22, 41] | gpus = [1, 1, 1, 4, 1] | micro_bs = 8 | time = [165326, 342742, 348981, 75929, 181265] | memory = [29297, 34736, 33096, 27853, 27976]
>>>> [CONFIG: target(1), prim(inc_dp)]
|348621.35|33096.62| op = [50, 105, 107, 112, 45]| tp = [1, 1, 1, 1, 1, ] | dp = [1, 2, 1, 2, 2, ] | algo = [0, 0, 0, 0, 0, ] | rc = [48, 81, 107, 56, 0] | gpus = [1, 2, 1, 2, 2] | micro_bs = 8 | time = [164966, 171285, 348621, 170496, 73077] | memory = [29297, 27330, 33096, 27970, 25964]
>>>> [CONFIG: target(2), prim(dec_mbs)]
|333829.45|27853.05| op = [50, 105, 107, 112, 45]| tp = [1, 1, 1, 1, 1, ] | dp = [1, 2, 1, 2, 2, ] | algo = [0, 0, 0, 0, 0, ] | rc = [20, 32, 90, 22, 0] | gpus = [1, 2, 1, 2, 2] | micro_bs = 4 | time = [146076, 145942, 333829, 148507, 72492] | memory = [27530, 26706, 27788, 27853, 16182]
>>>> [CONFIG: target(2), prim(dec_mbs)]
|292419.41|27983.58| op = [50, 105, 107, 112, 45]| tp = [1, 1, 1, 1, 1, ] | dp = [1, 2, 1, 2, 2, ] | algo = [0, 0, 0, 0, 0, ] | rc = [8, 16, 30, 4, 0] | gpus = [1, 2, 1, 2, 2] | micro_bs = 2 | time = [132583, 142747, 292419, 142784, 75407] | memory = [27533, 26089, 27983, 27758, 11281]
>>>> [CONFIG: target(2), prim(dec_op)]
|141530.41|27588.51| op = [52, 103, 55, 109, 100]| tp = [1, 1, 1, 1, 1, ] | dp = [1, 2, 1, 2, 2, ] | algo = [0, 0, 0, 0, 0, ] | rc = [10, 16, 6, 4, 0] | gpus = [1, 2, 1, 2, 2] | micro_bs = 2 | time = [140168, 139321, 139203, 141530, 140773] | memory = [26385, 25369, 23582, 27588, 20436]

[ Trial 8 ] |141530.41|27588.51| op = [52, 103, 55, 109, 100]| tp = [1, 1, 1, 1, 1, ] | dp = [1, 2, 1, 2, 2, ] | algo = [0, 0, 0, 0, 0, ] | rc = [10, 16, 6, 4, 0] | gpus = [1, 2, 1, 2, 2] | micro_bs = 2 | time = [140168, 139321, 139203, 141530, 140773] | memory = [26385, 25369, 23582, 27588, 20436]
>>>> [CONFIG: target(3), prim(dec_dp)]
|293777.14|27612.99| op = [52, 103, 55, 109, 100]| tp = [1, 1, 1, 1, 1, ] | dp = [2, 2, 1, 1, 2, ] | algo = [0, 0, 0, 0, 0, ] | rc = [2, 16, 6, 22, 0] | gpus = [2, 2, 1, 1, 2] | micro_bs = 2 | time = [68877, 139360, 139243, 293777, 140813] | memory = [26301, 25369, 23582, 27612, 20436]
>>>> [CONFIG: target(3), prim(inc_tp)]
|339290.49|26385.32| op = [52, 103, 55, 109, 100]| tp = [1, 1, 1, 2, 1, ] | dp = [1, 2, 1, 1, 2, ] | algo = [0, 0, 0, 0, 0, ] | rc = [10, 16, 6, 0, 0] | gpus = [1, 2, 1, 2, 2] | micro_bs = 2 | time = [140265, 139417, 139300, 339290, 140870] | memory = [26385, 25369, 23582, 25526, 20436]
>>>> [CONFIG: target(3), prim(dec_op)]
|172199.41|27895.15| op = [55, 121, 65, 53, 125]| tp = [1, 1, 1, 2, 1, ] | dp = [1, 2, 1, 1, 2, ] | algo = [0, 0, 0, 0, 0, ] | rc = [10, 28, 10, 0, 0] | gpus = [1, 2, 1, 2, 2] | micro_bs = 2 | time = [145802, 171452, 169117, 170040, 172199] | memory = [27235, 27895, 23212, 12566, 25058]
>>>> [CONFIG: target(4), prim(dec_op)]
|170484.31|27973.72| op = [58, 122, 65, 52, 122]| tp = [1, 1, 1, 2, 1, ] | dp = [1, 2, 1, 1, 2, ] | algo = [0, 0, 0, 0, 0, ] | rc = [17, 24, 10, 0, 0] | gpus = [1, 2, 1, 2, 2] | micro_bs = 2 | time = [168076, 170484, 170352, 163939, 169497] | memory = [27875, 27973, 23392, 12536, 24573]
>>>> [CONFIG: target(1), prim(inc_tp)]
|348597.77|27875.47| op = [58, 122, 65, 52, 122]| tp = [1, 2, 1, 1, 1, ] | dp = [1, 2, 1, 1, 1, ] | algo = [0, 0, 0, 0, 0, ] | rc = [17, 0, 10, 0, 18] | gpus = [1, 4, 1, 1, 1] | micro_bs = 2 | time = [168165, 211068, 170441, 125570, 348597] | memory = [27875, 26825, 23392, 23912, 26010]
>>>> [CONFIG: target(4), prim(inc_dp)]
|170436.66|27973.72| op = [58, 122, 65, 52, 122]| tp = [1, 1, 1, 1, 1, ] | dp = [1, 2, 1, 2, 2, ] | algo = [0, 0, 0, 0, 0, ] | rc = [17, 24, 10, 0, 0] | gpus = [1, 2, 1, 2, 2] | micro_bs = 2 | time = [168029, 170436, 170305, 66368, 169450] | memory = [27875, 27973, 23392, 14356, 24573]
>>>> [CONFIG: target(1), prim(dec_op)]
|141287.92|27438.54| op = [54, 103, 54, 111, 97]| tp = [1, 1, 1, 1, 1, ] | dp = [1, 2, 1, 2, 2, ] | algo = [0, 0, 0, 0, 0, ] | rc = [10, 16, 4, 4, 0] | gpus = [1, 2, 1, 2, 2] | micro_bs = 2 | time = [140967, 141287, 134901, 140413, 139559] | memory = [26635, 25768, 26728, 27438, 20289]

[ Trial 9 ] |141287.92|27438.54| op = [54, 103, 54, 111, 97]| tp = [1, 1, 1, 1, 1, ] | dp = [1, 2, 1, 2, 2, ] | algo = [0, 0, 0, 0, 0, ] | rc = [10, 16, 4, 4, 0] | gpus = [1, 2, 1, 2, 2] | micro_bs = 2 | time = [140967, 141287, 134901, 140413, 139559] | memory = [26635, 25768, 26728, 27438, 20289]
>>>> [CONFIG: target(1), prim(dec_mbs)]
|372151.31|26426.76| op = [54, 103, 54, 111, 97]| tp = [1, 2, 1, 2, 2, ] | dp = [1, 1, 1, 1, 1, ] | algo = [0, 0, 0, 0, 0, ] | rc = [2, 0, 0, 0, 0] | gpus = [1, 2, 1, 2, 2] | micro_bs = 1 | time = [138317, 355039, 136680, 372151, 357322] | memory = [26426, 22952, 18794, 15188, 10417]
>>>> [CONFIG: target(3), prim(dec_tp)]
|357312.83|27438.54| op = [54, 103, 54, 111, 97]| tp = [2, 2, 1, 1, 2, ] | dp = [1, 1, 1, 1, 1, ] | algo = [0, 0, 0, 0, 0, ] | rc = [0, 0, 0, 4, 0] | gpus = [2, 2, 1, 1, 2] | micro_bs = 1 | time = [188396, 355029, 136670, 280536, 357312] | memory = [15165, 22952, 18794, 27438, 10417]
>>>> [CONFIG: target(4), prim(inc_tp)]
|338353.26|27438.54| op = [54, 103, 54, 111, 97]| tp = [1, 1, 1, 1, 4, ] | dp = [1, 1, 1, 1, 1, ] | algo = [0, 0, 0, 0, 0, ] | rc = [2, 16, 0, 4, 0] | gpus = [1, 1, 1, 1, 4] | micro_bs = 1 | time = [138272, 282252, 136635, 280501, 338353] | memory = [26426, 25768, 18794, 27438, 5481]
>>>> [CONFIG: target(4), prim(inc_mbs)]
|291939.51|27793.86| op = [54, 103, 54, 111, 97]| tp = [1, 1, 1, 1, 2, ] | dp = [1, 1, 1, 1, 2, ] | algo = [0, 0, 0, 0, 0, ] | rc = [10, 32, 4, 22, 0] | gpus = [1, 1, 1, 1, 4] | micro_bs = 2 | time = [141132, 288113, 135066, 291939, 178956] | memory = [26635, 27793, 26728, 27513, 10417]
>>>> [CONFIG: target(3), prim(inc_dp)]
|287987.61|27793.86| op = [54, 103, 54, 111, 97]| tp = [1, 1, 1, 1, 1, ] | dp = [1, 1, 2, 2, 2, ] | algo = [0, 0, 0, 0, 0, ] | rc = [10, 32, 0, 4, 0] | gpus = [1, 1, 2, 2, 2] | micro_bs = 2 | time = [141006, 287987, 68536, 140452, 139598] | memory = [26635, 27793, 18794, 27438, 20289]
>>>> [CONFIG: target(1), prim(dec_op)]
|140970.02|27438.54| op = [54, 53, 104, 111, 97]| tp = [1, 1, 1, 1, 1, ] | dp = [1, 1, 2, 2, 2, ] | algo = [0, 0, 0, 0, 0, ] | rc = [10, 8, 14, 4, 0] | gpus = [1, 1, 2, 2, 2] | micro_bs = 2 | time = [140970, 140372, 140458, 140415, 139561] | memory = [26635, 23484, 24008, 27438, 20289]

num_targets: [1, 1, 1, 1, 1, 1, 1, 1, 1, 1]
num_hops: [1, 2, 1, 2, 2, 7, 7, 7, 7, 6]
search time = 200.23 s.  [0, 1, 2, 3, 4, 5, 6, 11, 53, 73, 95, 207] 
num_explored_cases = 12865
time trend: [291250, 269330, 237708, 146868, 145005, 143754, 143752, 143750, 141530, 141287, 140970, 140970]

# of stages	est_iteration_time(s)	est_thpt(samples/s)	est_mem(MB)	# of explored cases
7          	140.96               	29.06              	27962      	12959              
5          	140.97               	29.06              	27439      	12865              
6          	141.49               	28.95              	27723      	14076              

overall search time: 200.29 s
