------------------------ arguments ------------------------
  adaptive_hyper_parameters ....................... 5
  add_action_finetune_algo ........................ False
  add_action_finetune_dim ......................... False
  add_action_tp_dp_exchange ....................... False
  add_action_tune_tp_dp ........................... False
  check_recompute_with_group ...................... False
  config_save_path ................................ /home/liminglong.lml/sxz/SuperScaler/logs-large/aceso/configs/gpt/6_7B/
  config_suffix ................................... 2026-5-14-6-1-41
  consider_collective_memory ...................... False
  consider_reserved_space ......................... True
  consider_shared_space ........................... True
  continue_when_fail .............................. True
  decoder_seq_len ................................. 512
  end_num_stages .................................. 16
  finetune_after_trial ............................ 0
  finetune_tp_dp_after_trial ...................... False
  flex_recompute .................................. True
  forbid_turn_back ................................ False
  global_batch_size ............................... 1024
  high_memory_rate ................................ 0.9
  init_dim ........................................ tp
  initial_point ................................... balance
  log_path ........................................ /home/liminglong.lml/sxz/SuperScaler/logs-large/aceso/search/gpt/6_7B/
  max_num_hops .................................... 7
  max_num_trials .................................. 100
  max_op_move_steps ............................... 5
  max_tp .......................................... 8
  memory_limit .................................... 28000
  memory_main_params .............................. 2
  memory_optimizer ................................ 4
  memory_pred_type ................................ MAX
  micro_batch_size ................................ [1, 2, 4, 8]
  min_mbs ......................................... 1
  model_name ...................................... gpt
  model_size ...................................... 6_7B
  multi_process ................................... True
  num_algos ....................................... 2
  num_gpus ........................................ 16
  num_gpus_per_node ............................... 8
  num_layers ...................................... 32
  num_nodes ....................................... 2
  num_of_saved_configs ............................ 3
  num_partners_in_op_mig .......................... 1
  only_top_1_target ............................... False
  op_group_size ................................... 1
  peak_mem_in_backward ............................ 0
  predict_delta_time .............................. False
  print_debug_info ................................ False
  print_gpu_mig_details ........................... False
  print_move_op_details ........................... False
  print_recomp_debug_info ......................... False
  print_recompute_ops ............................. False
  profiled_time_path .............................. /home/liminglong.lml/sxz/SuperScaler/profiler/profiled-time-eurosys/
  random_order_actions ............................ False
  resharding ...................................... True
  save_to_csv ..................................... None
  seq_len ......................................... 2048
  simple_prim_mbs ................................. False
  simple_prim_mig ................................. False
  sort_metric ..................................... max_stage_time
  start_num_stages ................................ 1
  support_comm_predict ............................ False
  time_budget_per_trial ........................... 200
  time_budget_total ............................... 200
-------------------- end of arguments ---------------------
working on num_stages = 1
working on num_stages = 2
config has been saved to /home/liminglong.lml/sxz/SuperScaler/logs-large/aceso/configs/gpt/6_7B/gpt_6_7B_2stages_2026-5-14-6-1-41.json

========== Best Result (num_stages = 2) ==========
|133555.36|27926.09| op = [209, 210]| tp = [4, 4, ] | dp = [2, 2, ] | algo = [0, 0, ] | rc = [46, 0] | gpus = [8, 8] | micro_bs = 4 | time = [133555, 132851] | memory = [27926, 26797]
start|265785.75|15235.08| op = [209, 210]| tp = [8, 8, ] | dp = [1, 1, ] | algo = [0, 0, ] | rc = [0, 0] | gpus = [8, 8] | micro_bs = 1 | time = [264049, 265785] | memory = [15235, 11284]

[ Trial 0 ] |265785.75|15235.08| op = [209, 210]| tp = [8, 8, ] | dp = [1, 1, ] | algo = [0, 0, ] | rc = [0, 0] | gpus = [8, 8] | micro_bs = 1 | time = [264049, 265785] | memory = [15235, 11284]
>>>> [CONFIG: target(1), prim(inc_mbs)]
|136092.00|26693.08| op = [209, 210]| tp = [4, 4, ] | dp = [2, 2, ] | algo = [0, 0, ] | rc = [0, 0] | gpus = [8, 8] | micro_bs = 2 | time = [134515, 136092] | memory = [26693, 20744]

[ Trial 1 ] |136092.00|26693.08| op = [209, 210]| tp = [4, 4, ] | dp = [2, 2, ] | algo = [0, 0, ] | rc = [0, 0] | gpus = [8, 8] | micro_bs = 2 | time = [134515, 136092] | memory = [26693, 20744]
>>>> [CONFIG: target(1), prim(inc_mbs)]
|133555.36|27926.09| op = [209, 210]| tp = [4, 4, ] | dp = [2, 2, ] | algo = [0, 0, ] | rc = [46, 0] | gpus = [8, 8] | micro_bs = 4 | time = [133555, 132851] | memory = [27926, 26797]

num_targets: [1, 1]
num_hops: [1, 1]
search time = 6.19 s.  [0, 1, 2, 3, 4, 5, 6, 7, 8, 9, 10, 11, 12, 13, 14, 15, 16, 17, 18, 19, 20, 21, 22, 23, 24, 25, 26, 27, 28, 29, 30, 31, 32, 33, 34, 35, 36, 37, 38, 39, 40, 41, 42, 43, 44, 45, 46, 47, 48, 49, 50, 51, 52, 53, 54, 55, 56, 57, 58, 59, 60, 61, 62, 63, 64, 65, 66, 67, 68, 69, 70, 71, 72, 73, 74, 75, 76, 77, 78, 79, 80, 81, 82, 83, 84, 85, 86, 87, 88, 89, 90, 91, 92, 93, 94, 95, 96, 97, 98, 99, 100] 
num_explored_cases = 1122
time trend: [265785, 136092, 133555, 133555, 135162, 136366, 133555, 133555, 133555, 133555, 133555, 134988, 134988, 134988, 134988, 134988, 135162, 135162, 135162, 135162, 135162, 136092, 136092, 136092, 136092, 136092, 136366, 136366, 136366, 136366, 136366, 137427, 137427, 137427, 137427, 137427, 137592, 137592, 137592, 137592, 137592, 139546, 139546, 139546, 139546, 139546, 144733, 144733, 144733, 144733, 144733, 146745, 146745, 146745, 146745, 146745, 147642, 147642, 147642, 147642, 147642, 148231, 148231, 148231, 148231, 148231, 149010, 149010, 149010, 149010, 149010, 149590, 149590, 149590, 149590, 149590, 160234, 160234, 160234, 160234, 160234, 160812, 160812, 160812, 160812, 160812, 162120, 162120, 162120, 162120, 162120, 162328, 162328, 162328, 162328, 162328, 265785, 265785, 265785, 265785, 265785]

working on num_stages = 16
config has been saved to /home/liminglong.lml/sxz/SuperScaler/logs-large/aceso/configs/gpt/6_7B/gpt_6_7B_16stages_2026-5-14-6-1-41.json

========== Best Result (num_stages = 16) ==========
|33938.49|27969.15| op = [25, 24, 25, 27, 26, 25, 25, 27, 27, 28, 27, 29, 28, 30, 28, 18]| tp = [1, 1, 1, 1, 1, 1, 1, 1, 1, 1, 1, 1, 1, 1, 1, 1, ] | dp = [1, 1, 1, 1, 1, 1, 1, 1, 1, 1, 1, 1, 1, 1, 1, 1, ] | algo = [0, 0, 0, 0, 0, 0, 0, 0, 0, 0, 0, 0, 0, 0, 0, 0, ] | rc = [4, 4, 4, 4, 4, 4, 2, 2, 0, 0, 0, 0, 0, 0, 0, 0] | gpus = [1, 1, 1, 1, 1, 1, 1, 1, 1, 1, 1, 1, 1, 1, 1, 1] | micro_bs = 1 | time = [29792, 28195, 31305, 31651, 31543, 31305, 30571, 33938, 33204, 33886, 33603, 33245, 32863, 33766, 33677, 32916] | memory = [27969, 23056, 23904, 22977, 21824, 20496, 24880, 23768, 25856, 25472, 22656, 20152, 17792, 17256, 13184, 10312]
start|43533.14|25856.58| op = [26, 26, 26, 26, 26, 26, 26, 26, 26, 26, 26, 26, 26, 26, 26, 29]| tp = [1, 1, 1, 1, 1, 1, 1, 1, 1, 1, 1, 1, 1, 1, 1, 1, ] | dp = [1, 1, 1, 1, 1, 1, 1, 1, 1, 1, 1, 1, 1, 1, 1, 1, ] | algo = [0, 0, 0, 0, 0, 0, 0, 0, 0, 0, 0, 0, 0, 0, 0, 0, ] | rc = [6, 4, 4, 4, 4, 4, 2, 2, 0, 0, 0, 0, 0, 0, 0, 0] | gpus = [1, 1, 1, 1, 1, 1, 1, 1, 1, 1, 1, 1, 1, 1, 1, 1] | micro_bs = 1 | time = [33569, 31546, 31546, 31546, 31546, 31546, 30798, 36618, 35870, 30050, 30050, 30050, 30050, 30050, 30050, 43533] | memory = [25409, 25281, 24129, 22976, 21824, 20672, 25280, 23552, 25856, 23552, 21248, 18944, 16640, 14336, 12032, 13368]

[ Trial 0 ] |43533.14|25856.58| op = [26, 26, 26, 26, 26, 26, 26, 26, 26, 26, 26, 26, 26, 26, 26, 29]| tp = [1, 1, 1, 1, 1, 1, 1, 1, 1, 1, 1, 1, 1, 1, 1, 1, ] | dp = [1, 1, 1, 1, 1, 1, 1, 1, 1, 1, 1, 1, 1, 1, 1, 1, ] | algo = [0, 0, 0, 0, 0, 0, 0, 0, 0, 0, 0, 0, 0, 0, 0, 0, ] | rc = [6, 4, 4, 4, 4, 4, 2, 2, 0, 0, 0, 0, 0, 0, 0, 0] | gpus = [1, 1, 1, 1, 1, 1, 1, 1, 1, 1, 1, 1, 1, 1, 1, 1] | micro_bs = 1 | time = [33569, 31546, 31546, 31546, 31546, 31546, 30798, 36618, 35870, 30050, 30050, 30050, 30050, 30050, 30050, 43533] | memory = [25409, 25281, 24129, 22976, 21824, 20672, 25280, 23552, 25856, 23552, 21248, 18944, 16640, 14336, 12032, 13368]
>>>> [CONFIG: target(15), prim(inc_mbs)]
|43031.39|27649.98| op = [26, 26, 26, 26, 26, 26, 26, 26, 26, 26, 26, 26, 26, 26, 26, 29]| tp = [1, 1, 1, 1, 1, 1, 1, 1, 1, 1, 1, 1, 1, 1, 1, 1, ] | dp = [1, 1, 1, 1, 1, 1, 1, 1, 1, 1, 1, 1, 1, 1, 1, 1, ] | algo = [0, 0, 0, 0, 0, 0, 0, 0, 0, 0, 0, 0, 0, 0, 0, 0, ] | rc = [13, 10, 10, 8, 8, 8, 8, 6, 6, 4, 4, 2, 0, 0, 0, 0] | gpus = [1, 1, 1, 1, 1, 1, 1, 1, 1, 1, 1, 1, 1, 1, 1, 1] | micro_bs = 2 | time = [36902, 33827, 33827, 32544, 32544, 32544, 33139, 37734, 37734, 31170, 31170, 30443, 29715, 29715, 29715, 43031] | memory = [27618, 27649, 26497, 27009, 25729, 24449, 27009, 26497, 24705, 25984, 23680, 27136, 27136, 22528, 17920, 17424]

[ Trial 2 ] |43031.39|27649.98| op = [26, 26, 26, 26, 26, 26, 26, 26, 26, 26, 26, 26, 26, 26, 26, 29]| tp = [1, 1, 1, 1, 1, 1, 1, 1, 1, 1, 1, 1, 1, 1, 1, 1, ] | dp = [1, 1, 1, 1, 1, 1, 1, 1, 1, 1, 1, 1, 1, 1, 1, 1, ] | algo = [0, 0, 0, 0, 0, 0, 0, 0, 0, 0, 0, 0, 0, 0, 0, 0, ] | rc = [13, 10, 10, 8, 8, 8, 8, 6, 6, 4, 4, 2, 0, 0, 0, 0] | gpus = [1, 1, 1, 1, 1, 1, 1, 1, 1, 1, 1, 1, 1, 1, 1, 1] | micro_bs = 2 | time = [36902, 33827, 33827, 32544, 32544, 32544, 33139, 37734, 37734, 31170, 31170, 30443, 29715, 29715, 29715, 43031] | memory = [27618, 27649, 26497, 27009, 25729, 24449, 27009, 26497, 24705, 25984, 23680, 27136, 27136, 22528, 17920, 17424]
>>>> [CONFIG: target(0), prim(dec_op)]
|37727.43|27841.30| op = [25, 24, 25, 27, 26, 26, 26, 26, 26, 26, 26, 26, 26, 29, 33, 22]| tp = [1, 1, 1, 1, 1, 1, 1, 1, 1, 1, 1, 1, 1, 1, 1, 1, ] | dp = [1, 1, 1, 1, 1, 1, 1, 1, 1, 1, 1, 1, 1, 1, 1, 1, ] | algo = [0, 0, 0, 0, 0, 0, 0, 0, 0, 0, 0, 0, 0, 0, 0, 0, ] | rc = [12, 8, 8, 8, 8, 8, 8, 6, 6, 4, 4, 2, 0, 0, 0, 0] | gpus = [1, 1, 1, 1, 1, 1, 1, 1, 1, 1, 1, 1, 1, 1, 1, 1] | micro_bs = 2 | time = [32940, 29244, 32308, 32629, 32538, 32538, 33133, 37727, 37727, 31163, 31163, 30436, 29709, 36393, 36008, 36726] | memory = [27522, 26145, 27841, 27010, 25729, 24449, 27009, 26497, 24704, 25984, 23680, 27136, 27136, 25440, 22432, 14784]
>>>> [CONFIG: target(7), prim(dec_mbs)]
|37104.94|27969.15| op = [25, 24, 25, 27, 26, 26, 26, 26, 26, 26, 26, 26, 26, 29, 33, 22]| tp = [1, 1, 1, 1, 1, 1, 1, 1, 1, 1, 1, 1, 1, 1, 1, 1, ] | dp = [1, 1, 1, 1, 1, 1, 1, 1, 1, 1, 1, 1, 1, 1, 1, 1, ] | algo = [0, 0, 0, 0, 0, 0, 0, 0, 0, 0, 0, 0, 0, 0, 0, 0, ] | rc = [4, 4, 4, 4, 4, 4, 2, 2, 0, 0, 0, 0, 0, 0, 0, 0] | gpus = [1, 1, 1, 1, 1, 1, 1, 1, 1, 1, 1, 1, 1, 1, 1, 1] | micro_bs = 1 | time = [29794, 28198, 31307, 31653, 31546, 31546, 30798, 36616, 35868, 30050, 30050, 30050, 30050, 36953, 36478, 37104] | memory = [27969, 23056, 23904, 22977, 21824, 20672, 25280, 23552, 25856, 23552, 21248, 18944, 16640, 16816, 14672, 11664]
>>>> [CONFIG: target(15), prim(dec_op)]
|35963.04|27969.15| op = [25, 24, 25, 27, 26, 26, 26, 24, 27, 27, 27, 28, 29, 30, 30, 18]| tp = [1, 1, 1, 1, 1, 1, 1, 1, 1, 1, 1, 1, 1, 1, 1, 1, ] | dp = [1, 1, 1, 1, 1, 1, 1, 1, 1, 1, 1, 1, 1, 1, 1, 1, ] | algo = [0, 0, 0, 0, 0, 0, 0, 0, 0, 0, 0, 0, 0, 0, 0, 0, ] | rc = [4, 4, 4, 4, 4, 4, 2, 0, 0, 0, 0, 0, 0, 0, 0, 0] | gpus = [1, 1, 1, 1, 1, 1, 1, 1, 1, 1, 1, 1, 1, 1, 1, 1] | micro_bs = 1 | time = [29794, 28198, 31308, 31654, 31546, 31546, 30798, 35538, 35963, 30158, 33573, 33922, 33248, 33557, 34728, 32918] | memory = [27969, 23056, 23904, 22977, 21824, 20672, 25280, 27800, 26048, 23552, 22656, 20608, 17760, 16976, 13552, 10312]

[ Trial 3 ] |35963.04|27969.15| op = [25, 24, 25, 27, 26, 26, 26, 24, 27, 27, 27, 28, 29, 30, 30, 18]| tp = [1, 1, 1, 1, 1, 1, 1, 1, 1, 1, 1, 1, 1, 1, 1, 1, ] | dp = [1, 1, 1, 1, 1, 1, 1, 1, 1, 1, 1, 1, 1, 1, 1, 1, ] | algo = [0, 0, 0, 0, 0, 0, 0, 0, 0, 0, 0, 0, 0, 0, 0, 0, ] | rc = [4, 4, 4, 4, 4, 4, 2, 0, 0, 0, 0, 0, 0, 0, 0, 0] | gpus = [1, 1, 1, 1, 1, 1, 1, 1, 1, 1, 1, 1, 1, 1, 1, 1] | micro_bs = 1 | time = [29794, 28198, 31308, 31654, 31546, 31546, 30798, 35538, 35963, 30158, 33573, 33922, 33248, 33557, 34728, 32918] | memory = [27969, 23056, 23904, 22977, 21824, 20672, 25280, 27800, 26048, 23552, 22656, 20608, 17760, 16976, 13552, 10312]
>>>> [CONFIG: target(5), prim(dec_op)]
|36785.15|27969.15| op = [25, 24, 25, 27, 26, 23, 26, 26, 28, 27, 27, 28, 29, 30, 30, 18]| tp = [1, 1, 1, 1, 1, 1, 1, 1, 1, 1, 1, 1, 1, 1, 1, 1, ] | dp = [1, 1, 1, 1, 1, 1, 1, 1, 1, 1, 1, 1, 1, 1, 1, 1, ] | algo = [0, 0, 0, 0, 0, 0, 0, 0, 0, 0, 0, 0, 0, 0, 0, 0, ] | rc = [4, 4, 4, 4, 4, 2, 2, 2, 0, 0, 0, 0, 0, 0, 0, 0] | gpus = [1, 1, 1, 1, 1, 1, 1, 1, 1, 1, 1, 1, 1, 1, 1, 1] | micro_bs = 1 | time = [29794, 28198, 31308, 31654, 31546, 29643, 30798, 36616, 36785, 30158, 33573, 33922, 33248, 33557, 34728, 32918] | memory = [27969, 23056, 23904, 22977, 21824, 26136, 25280, 23552, 26432, 23552, 22656, 20608, 17760, 16976, 13552, 10312]
>>>> [CONFIG: target(8), prim(inc_mbs)]
|38656.02|27841.30| op = [25, 24, 25, 27, 26, 23, 26, 26, 28, 27, 27, 28, 29, 30, 30, 18]| tp = [1, 1, 1, 1, 1, 1, 1, 1, 1, 1, 1, 1, 1, 1, 1, 1, ] | dp = [1, 1, 1, 1, 1, 1, 1, 1, 1, 1, 1, 1, 1, 1, 1, 1, ] | algo = [0, 0, 0, 0, 0, 0, 0, 0, 0, 0, 0, 0, 0, 0, 0, 0, ] | rc = [12, 8, 8, 8, 8, 8, 8, 6, 6, 4, 4, 4, 2, 0, 0, 0] | gpus = [1, 1, 1, 1, 1, 1, 1, 1, 1, 1, 1, 1, 1, 1, 1, 1] | micro_bs = 2 | time = [32945, 29248, 32313, 32634, 32542, 31389, 33137, 37732, 38656, 31259, 34563, 34858, 33600, 33088, 34262, 32583] | memory = [27522, 26145, 27841, 27010, 25729, 22961, 27009, 26497, 25600, 25985, 25472, 23680, 25152, 27808, 19680, 13360]
>>>> [CONFIG: target(8), prim(inc_mbs)]
|44601.13|27778.17| op = [25, 24, 25, 27, 26, 23, 26, 26, 28, 27, 27, 28, 29, 30, 30, 18]| tp = [1, 1, 1, 1, 1, 1, 1, 1, 1, 1, 1, 1, 1, 1, 1, 1, ] | dp = [1, 1, 1, 1, 1, 1, 1, 1, 1, 1, 1, 1, 1, 1, 1, 1, ] | algo = [0, 0, 0, 0, 0, 0, 0, 0, 0, 0, 0, 0, 0, 0, 0, 0, ] | rc = [23, 22, 23, 25, 24, 20, 20, 18, 19, 13, 15, 14, 8, 12, 4, 0] | gpus = [1, 1, 1, 1, 1, 1, 1, 1, 1, 1, 1, 1, 1, 1, 1, 1] | micro_bs = 4 | time = [37284, 35881, 40180, 40549, 40423, 39017, 38008, 43571, 44601, 36699, 42163, 40440, 36110, 38940, 36264, 33125] | memory = [26241, 26304, 24256, 22336, 22528, 21984, 27648, 26881, 27072, 27778, 27329, 27137, 27009, 27456, 25024, 19424]
>>>> [CONFIG: target(8), prim(dec_op)]
|43534.10|27904.99| op = [25, 24, 25, 27, 26, 23, 26, 26, 26, 28, 27, 26, 28, 29, 31, 22]| tp = [1, 1, 1, 1, 1, 1, 1, 1, 1, 1, 1, 1, 1, 1, 1, 1, ] | dp = [1, 1, 1, 1, 1, 1, 1, 1, 1, 1, 1, 1, 1, 1, 1, 1, ] | algo = [0, 0, 0, 0, 0, 0, 0, 0, 0, 0, 0, 0, 0, 0, 0, 0, ] | rc = [23, 22, 23, 25, 24, 20, 20, 18, 16, 14, 12, 8, 8, 6, 6, 0] | gpus = [1, 1, 1, 1, 1, 1, 1, 1, 1, 1, 1, 1, 1, 1, 1, 1] | micro_bs = 4 | time = [37247, 35844, 40143, 40512, 40386, 38980, 37971, 43534, 43401, 38504, 35658, 32973, 36634, 36018, 38226, 37181] | memory = [26241, 26304, 24256, 22336, 22528, 21984, 27648, 26881, 26817, 27809, 26881, 27393, 27904, 27616, 26112, 20992]
>>>> [CONFIG: target(7), prim(dec_mbs)]
|37729.37|27841.30| op = [25, 24, 25, 27, 26, 23, 26, 26, 26, 28, 27, 26, 28, 29, 31, 22]| tp = [1, 1, 1, 1, 1, 1, 1, 1, 1, 1, 1, 1, 1, 1, 1, 1, ] | dp = [1, 1, 1, 1, 1, 1, 1, 1, 1, 1, 1, 1, 1, 1, 1, 1, ] | algo = [0, 0, 0, 0, 0, 0, 0, 0, 0, 0, 0, 0, 0, 0, 0, 0, ] | rc = [12, 8, 8, 8, 8, 8, 8, 6, 6, 4, 4, 2, 2, 0, 0, 0] | gpus = [1, 1, 1, 1, 1, 1, 1, 1, 1, 1, 1, 1, 1, 1, 1, 1] | micro_bs = 2 | time = [32942, 29245, 32310, 32631, 32540, 31386, 33135, 37729, 37729, 32089, 31257, 30438, 34133, 33411, 35698, 36728] | memory = [27522, 26145, 27841, 27010, 25729, 22961, 27009, 26497, 24704, 26800, 23680, 27136, 25728, 24176, 22272, 14784]
>>>> [CONFIG: target(7), prim(dec_mbs)]
|37104.56|27969.15| op = [25, 24, 25, 27, 26, 23, 26, 26, 26, 28, 27, 26, 28, 29, 31, 22]| tp = [1, 1, 1, 1, 1, 1, 1, 1, 1, 1, 1, 1, 1, 1, 1, 1, ] | dp = [1, 1, 1, 1, 1, 1, 1, 1, 1, 1, 1, 1, 1, 1, 1, 1, ] | algo = [0, 0, 0, 0, 0, 0, 0, 0, 0, 0, 0, 0, 0, 0, 0, 0, ] | rc = [4, 4, 4, 4, 4, 2, 2, 2, 0, 0, 0, 0, 0, 0, 0, 0] | gpus = [1, 1, 1, 1, 1, 1, 1, 1, 1, 1, 1, 1, 1, 1, 1, 1] | micro_bs = 1 | time = [29794, 28198, 31307, 31653, 31545, 29642, 30797, 36615, 35867, 30966, 30157, 30049, 33888, 33938, 36144, 37104] | memory = [27969, 23056, 23904, 22977, 21824, 26136, 25280, 23552, 25856, 24088, 21248, 18944, 18176, 15672, 14592, 11664]

[ Trial 30 ] |37104.56|27969.15| op = [25, 24, 25, 27, 26, 23, 26, 26, 26, 28, 27, 26, 28, 29, 31, 22]| tp = [1, 1, 1, 1, 1, 1, 1, 1, 1, 1, 1, 1, 1, 1, 1, 1, ] | dp = [1, 1, 1, 1, 1, 1, 1, 1, 1, 1, 1, 1, 1, 1, 1, 1, ] | algo = [0, 0, 0, 0, 0, 0, 0, 0, 0, 0, 0, 0, 0, 0, 0, 0, ] | rc = [4, 4, 4, 4, 4, 2, 2, 2, 0, 0, 0, 0, 0, 0, 0, 0] | gpus = [1, 1, 1, 1, 1, 1, 1, 1, 1, 1, 1, 1, 1, 1, 1, 1] | micro_bs = 1 | time = [29794, 28198, 31307, 31653, 31545, 29642, 30797, 36615, 35867, 30966, 30157, 30049, 33888, 33938, 36144, 37104] | memory = [27969, 23056, 23904, 22977, 21824, 26136, 25280, 23552, 25856, 24088, 21248, 18944, 18176, 15672, 14592, 11664]
>>>> [CONFIG: target(15), prim(dec_op)]
|36727.51|27969.15| op = [25, 24, 25, 27, 26, 23, 26, 28, 28, 27, 27, 29, 28, 30, 28, 18]| tp = [1, 1, 1, 1, 1, 1, 1, 1, 1, 1, 1, 1, 1, 1, 1, 1, ] | dp = [1, 1, 1, 1, 1, 1, 1, 1, 1, 1, 1, 1, 1, 1, 1, 1, ] | algo = [0, 0, 0, 0, 0, 0, 0, 0, 0, 0, 0, 0, 0, 0, 0, 0, ] | rc = [4, 4, 4, 4, 4, 2, 2, 2, 0, 0, 0, 0, 0, 0, 0, 0] | gpus = [1, 1, 1, 1, 1, 1, 1, 1, 1, 1, 1, 1, 1, 1, 1, 1] | micro_bs = 1 | time = [29791, 28195, 31305, 31651, 31543, 29640, 30795, 34761, 36727, 30855, 33603, 33245, 32863, 33766, 33677, 32915] | memory = [27969, 23056, 23904, 22977, 21824, 26136, 25280, 24168, 27392, 24336, 22656, 20152, 17792, 17256, 13184, 10312]
>>>> [CONFIG: target(8), prim(inc_mbs)]
|38242.36|27904.50| op = [25, 24, 25, 27, 26, 23, 26, 28, 28, 27, 27, 29, 28, 30, 28, 18]| tp = [1, 1, 1, 1, 1, 1, 1, 1, 1, 1, 1, 1, 1, 1, 1, 1, ] | dp = [1, 1, 1, 1, 1, 1, 1, 1, 1, 1, 1, 1, 1, 1, 1, 1, ] | algo = [0, 0, 0, 0, 0, 0, 0, 0, 0, 0, 0, 0, 0, 0, 0, 0, ] | rc = [12, 8, 8, 8, 8, 8, 8, 6, 6, 4, 4, 4, 2, 2, 0, 0] | gpus = [1, 1, 1, 1, 1, 1, 1, 1, 1, 1, 1, 1, 1, 1, 1, 1] | micro_bs = 2 | time = [32939, 29243, 32307, 32628, 32537, 31383, 33132, 35680, 38242, 31864, 34551, 34322, 33131, 34109, 33194, 32578] | memory = [27522, 26145, 27841, 27010, 25729, 22961, 27009, 27473, 26753, 27553, 25472, 23024, 27904, 25808, 19200, 13360]
>>>> [CONFIG: target(8), prim(dec_op)]
|35675.88|27904.87| op = [25, 24, 25, 27, 26, 23, 26, 28, 27, 27, 27, 28, 28, 32, 28, 18]| tp = [1, 1, 1, 1, 1, 1, 1, 1, 1, 1, 1, 1, 1, 1, 1, 1, ] | dp = [1, 1, 1, 1, 1, 1, 1, 1, 1, 1, 1, 1, 1, 1, 1, 1, ] | algo = [0, 0, 0, 0, 0, 0, 0, 0, 0, 0, 0, 0, 0, 0, 0, 0, ] | rc = [12, 8, 8, 8, 8, 8, 8, 6, 6, 4, 4, 4, 2, 2, 0, 0] | gpus = [1, 1, 1, 1, 1, 1, 1, 1, 1, 1, 1, 1, 1, 1, 1, 1] | micro_bs = 2 | time = [32935, 29238, 32303, 32624, 32533, 31379, 33127, 35675, 34843, 34553, 31860, 34630, 33368, 34729, 33190, 32573] | memory = [27522, 26145, 27841, 27010, 25729, 22961, 27009, 27473, 24705, 27904, 25024, 23280, 24832, 26000, 19200, 13360]

[ Trial 31 ] |35675.88|27904.87| op = [25, 24, 25, 27, 26, 23, 26, 28, 27, 27, 27, 28, 28, 32, 28, 18]| tp = [1, 1, 1, 1, 1, 1, 1, 1, 1, 1, 1, 1, 1, 1, 1, 1, ] | dp = [1, 1, 1, 1, 1, 1, 1, 1, 1, 1, 1, 1, 1, 1, 1, 1, ] | algo = [0, 0, 0, 0, 0, 0, 0, 0, 0, 0, 0, 0, 0, 0, 0, 0, ] | rc = [12, 8, 8, 8, 8, 8, 8, 6, 6, 4, 4, 4, 2, 2, 0, 0] | gpus = [1, 1, 1, 1, 1, 1, 1, 1, 1, 1, 1, 1, 1, 1, 1, 1] | micro_bs = 2 | time = [32935, 29238, 32303, 32624, 32533, 31379, 33127, 35675, 34843, 34553, 31860, 34630, 33368, 34729, 33190, 32573] | memory = [27522, 26145, 27841, 27010, 25729, 22961, 27009, 27473, 24705, 27904, 25024, 23280, 24832, 26000, 19200, 13360]

[ Trial 37 ] |35675.88|27904.87| op = [25, 24, 25, 27, 26, 23, 26, 28, 27, 27, 27, 28, 28, 32, 28, 18]| tp = [1, 1, 1, 1, 1, 1, 1, 1, 1, 1, 1, 1, 1, 1, 1, 1, ] | dp = [1, 1, 1, 1, 1, 1, 1, 1, 1, 1, 1, 1, 1, 1, 1, 1, ] | algo = [0, 0, 0, 0, 0, 0, 0, 0, 0, 0, 0, 0, 0, 0, 0, 0, ] | rc = [12, 8, 8, 8, 8, 8, 8, 6, 6, 4, 4, 4, 2, 2, 0, 0] | gpus = [1, 1, 1, 1, 1, 1, 1, 1, 1, 1, 1, 1, 1, 1, 1, 1] | micro_bs = 2 | time = [32935, 29238, 32303, 32624, 32533, 31379, 33127, 35675, 34843, 34553, 31860, 34630, 33368, 34729, 33190, 32573] | memory = [27522, 26145, 27841, 27010, 25729, 22961, 27009, 27473, 24705, 27904, 25024, 23280, 24832, 26000, 19200, 13360]
>>>> [CONFIG: target(7), prim(dec_op)]
|34840.49|27904.87| op = [25, 24, 25, 27, 26, 25, 25, 27, 27, 27, 27, 28, 28, 32, 28, 18]| tp = [1, 1, 1, 1, 1, 1, 1, 1, 1, 1, 1, 1, 1, 1, 1, 1, ] | dp = [1, 1, 1, 1, 1, 1, 1, 1, 1, 1, 1, 1, 1, 1, 1, 1, ] | algo = [0, 0, 0, 0, 0, 0, 0, 0, 0, 0, 0, 0, 0, 0, 0, 0, ] | rc = [12, 8, 8, 8, 8, 8, 6, 6, 6, 4, 4, 4, 2, 2, 0, 0] | gpus = [1, 1, 1, 1, 1, 1, 1, 1, 1, 1, 1, 1, 1, 1, 1, 1] | micro_bs = 2 | time = [32932, 29235, 32300, 32621, 32530, 32300, 31619, 34833, 34840, 34550, 31857, 34628, 33366, 34727, 33187, 32570] | memory = [27522, 26145, 27841, 27010, 25729, 24097, 27489, 26929, 24705, 27904, 25024, 23280, 24832, 26000, 19200, 13360]
>>>> [CONFIG: target(8), prim(dec_mbs)]
|34469.87|27969.15| op = [25, 24, 25, 27, 26, 25, 25, 27, 27, 27, 27, 28, 28, 32, 28, 18]| tp = [1, 1, 1, 1, 1, 1, 1, 1, 1, 1, 1, 1, 1, 1, 1, 1, ] | dp = [1, 1, 1, 1, 1, 1, 1, 1, 1, 1, 1, 1, 1, 1, 1, 1, ] | algo = [0, 0, 0, 0, 0, 0, 0, 0, 0, 0, 0, 0, 0, 0, 0, 0, ] | rc = [4, 4, 4, 4, 4, 4, 2, 2, 0, 0, 0, 0, 0, 0, 0, 0] | gpus = [1, 1, 1, 1, 1, 1, 1, 1, 1, 1, 1, 1, 1, 1, 1, 1] | micro_bs = 1 | time = [29790, 28194, 31303, 31649, 31542, 31303, 30570, 33936, 33203, 33568, 30853, 33694, 33019, 34469, 33676, 32914] | memory = [27969, 23056, 23904, 22977, 21824, 20496, 24880, 23768, 25856, 25024, 21920, 20408, 17600, 17352, 13184, 10312]

[ Trial 38 ] |34469.87|27969.15| op = [25, 24, 25, 27, 26, 25, 25, 27, 27, 27, 27, 28, 28, 32, 28, 18]| tp = [1, 1, 1, 1, 1, 1, 1, 1, 1, 1, 1, 1, 1, 1, 1, 1, ] | dp = [1, 1, 1, 1, 1, 1, 1, 1, 1, 1, 1, 1, 1, 1, 1, 1, ] | algo = [0, 0, 0, 0, 0, 0, 0, 0, 0, 0, 0, 0, 0, 0, 0, 0, ] | rc = [4, 4, 4, 4, 4, 4, 2, 2, 0, 0, 0, 0, 0, 0, 0, 0] | gpus = [1, 1, 1, 1, 1, 1, 1, 1, 1, 1, 1, 1, 1, 1, 1, 1] | micro_bs = 1 | time = [29790, 28194, 31303, 31649, 31542, 31303, 30570, 33936, 33203, 33568, 30853, 33694, 33019, 34469, 33676, 32914] | memory = [27969, 23056, 23904, 22977, 21824, 20496, 24880, 23768, 25856, 25024, 21920, 20408, 17600, 17352, 13184, 10312]

[ Trial 39 ] |34469.87|27969.15| op = [25, 24, 25, 27, 26, 25, 25, 27, 27, 27, 27, 28, 28, 32, 28, 18]| tp = [1, 1, 1, 1, 1, 1, 1, 1, 1, 1, 1, 1, 1, 1, 1, 1, ] | dp = [1, 1, 1, 1, 1, 1, 1, 1, 1, 1, 1, 1, 1, 1, 1, 1, ] | algo = [0, 0, 0, 0, 0, 0, 0, 0, 0, 0, 0, 0, 0, 0, 0, 0, ] | rc = [4, 4, 4, 4, 4, 4, 2, 2, 0, 0, 0, 0, 0, 0, 0, 0] | gpus = [1, 1, 1, 1, 1, 1, 1, 1, 1, 1, 1, 1, 1, 1, 1, 1] | micro_bs = 1 | time = [29790, 28194, 31303, 31649, 31542, 31303, 30570, 33936, 33203, 33568, 30853, 33694, 33019, 34469, 33676, 32914] | memory = [27969, 23056, 23904, 22977, 21824, 20496, 24880, 23768, 25856, 25024, 21920, 20408, 17600, 17352, 13184, 10312]
>>>> [CONFIG: target(13), prim(dec_op)]
|36728.11|27969.15| op = [25, 24, 25, 27, 26, 25, 25, 27, 28, 27, 27, 29, 28, 30, 28, 18]| tp = [1, 1, 1, 1, 1, 1, 1, 1, 1, 1, 1, 1, 1, 1, 1, 1, ] | dp = [1, 1, 1, 1, 1, 1, 1, 1, 1, 1, 1, 1, 1, 1, 1, 1, ] | algo = [0, 0, 0, 0, 0, 0, 0, 0, 0, 0, 0, 0, 0, 0, 0, 0, ] | rc = [4, 4, 4, 4, 4, 4, 2, 2, 0, 0, 0, 0, 0, 0, 0, 0] | gpus = [1, 1, 1, 1, 1, 1, 1, 1, 1, 1, 1, 1, 1, 1, 1, 1] | micro_bs = 1 | time = [29792, 28196, 31305, 31651, 31544, 31305, 30572, 33938, 36728, 30855, 33603, 33245, 32863, 33767, 33678, 32916] | memory = [27969, 23056, 23904, 22977, 21824, 20496, 24880, 23768, 27392, 24336, 22656, 20152, 17792, 17256, 13184, 10312]
>>>> [CONFIG: target(8), prim(inc_mbs)]
|38239.58|27904.50| op = [25, 24, 25, 27, 26, 25, 25, 27, 28, 27, 27, 29, 28, 30, 28, 18]| tp = [1, 1, 1, 1, 1, 1, 1, 1, 1, 1, 1, 1, 1, 1, 1, 1, ] | dp = [1, 1, 1, 1, 1, 1, 1, 1, 1, 1, 1, 1, 1, 1, 1, 1, ] | algo = [0, 0, 0, 0, 0, 0, 0, 0, 0, 0, 0, 0, 0, 0, 0, 0, ] | rc = [12, 8, 8, 8, 8, 8, 6, 6, 6, 4, 4, 4, 2, 2, 0, 0] | gpus = [1, 1, 1, 1, 1, 1, 1, 1, 1, 1, 1, 1, 1, 1, 1, 1] | micro_bs = 2 | time = [32936, 29240, 32304, 32625, 32534, 32304, 31624, 34838, 38239, 31861, 34549, 34319, 33128, 34106, 33191, 32575] | memory = [27522, 26145, 27841, 27010, 25729, 24097, 27489, 26929, 26753, 27553, 25472, 23024, 27904, 25808, 19200, 13360]
>>>> [CONFIG: target(8), prim(inc_mbs)]
|45646.23|27968.68| op = [25, 24, 25, 27, 26, 25, 25, 27, 28, 27, 27, 29, 28, 30, 28, 18]| tp = [1, 1, 1, 1, 1, 1, 1, 1, 1, 1, 1, 1, 1, 1, 1, 1, ] | dp = [1, 1, 1, 1, 1, 1, 1, 1, 1, 1, 1, 1, 1, 1, 1, 1, ] | algo = [0, 0, 0, 0, 0, 0, 0, 0, 0, 0, 0, 0, 0, 0, 0, 0, ] | rc = [23, 22, 23, 25, 24, 23, 19, 19, 23, 16, 14, 13, 10, 10, 4, 0] | gpus = [1, 1, 1, 1, 1, 1, 1, 1, 1, 1, 1, 1, 1, 1, 1, 1] | micro_bs = 4 | time = [37279, 35876, 40175, 40544, 40418, 40175, 37696, 40991, 45646, 39705, 40984, 40412, 36340, 37363, 35211, 33121] | memory = [26241, 26304, 24256, 22336, 22528, 22240, 27968, 27745, 27904, 27329, 27329, 26913, 25344, 26272, 24320, 19424]
>>>> [CONFIG: target(8), prim(dec_op)]
|40934.11|27968.68| op = [25, 24, 25, 27, 26, 25, 25, 27, 27, 26, 26, 26, 28, 29, 31, 22]| tp = [1, 1, 1, 1, 1, 1, 1, 1, 1, 1, 1, 1, 1, 1, 1, 1, ] | dp = [1, 1, 1, 1, 1, 1, 1, 1, 1, 1, 1, 1, 1, 1, 1, 1, ] | algo = [0, 0, 0, 0, 0, 0, 0, 0, 0, 0, 0, 0, 0, 0, 0, 0, ] | rc = [23, 22, 23, 25, 24, 23, 19, 19, 15, 13, 12, 8, 8, 6, 6, 0] | gpus = [1, 1, 1, 1, 1, 1, 1, 1, 1, 1, 1, 1, 1, 1, 1, 1] | micro_bs = 4 | time = [37221, 35818, 40117, 40486, 40361, 40117, 37638, 40934, 40606, 36544, 35540, 32948, 36608, 35992, 38201, 37155] | memory = [26241, 26304, 24256, 22336, 22528, 22240, 27968, 27745, 27585, 27777, 26881, 27393, 27904, 27616, 26112, 20992]
>>>> [CONFIG: target(7), prim(dec_mbs)]
|36713.93|27841.30| op = [25, 24, 25, 27, 26, 25, 25, 27, 27, 26, 26, 26, 28, 29, 31, 22]| tp = [1, 1, 1, 1, 1, 1, 1, 1, 1, 1, 1, 1, 1, 1, 1, 1, ] | dp = [1, 1, 1, 1, 1, 1, 1, 1, 1, 1, 1, 1, 1, 1, 1, 1, ] | algo = [0, 0, 0, 0, 0, 0, 0, 0, 0, 0, 0, 0, 0, 0, 0, 0, ] | rc = [12, 8, 8, 8, 8, 8, 6, 6, 6, 4, 4, 2, 2, 0, 0, 0] | gpus = [1, 1, 1, 1, 1, 1, 1, 1, 1, 1, 1, 1, 1, 1, 1, 1] | micro_bs = 2 | time = [32927, 29231, 32296, 32617, 32525, 32296, 31615, 34829, 34836, 31151, 31151, 30424, 34119, 33397, 35684, 36713] | memory = [27522, 26145, 27841, 27010, 25729, 24097, 27489, 26929, 24705, 25984, 23680, 27136, 25728, 24176, 22272, 14784]
>>>> [CONFIG: target(15), prim(dec_mbs)]
|37099.75|27969.15| op = [25, 24, 25, 27, 26, 25, 25, 27, 27, 26, 26, 26, 28, 29, 31, 22]| tp = [1, 1, 1, 1, 1, 1, 1, 1, 1, 1, 1, 1, 1, 1, 1, 1, ] | dp = [1, 1, 1, 1, 1, 1, 1, 1, 1, 1, 1, 1, 1, 1, 1, 1, ] | algo = [0, 0, 0, 0, 0, 0, 0, 0, 0, 0, 0, 0, 0, 0, 0, 0, ] | rc = [4, 4, 4, 4, 4, 4, 2, 2, 0, 0, 0, 0, 0, 0, 0, 0] | gpus = [1, 1, 1, 1, 1, 1, 1, 1, 1, 1, 1, 1, 1, 1, 1, 1] | micro_bs = 1 | time = [29789, 28193, 31302, 31648, 31541, 31302, 30569, 33935, 33202, 30045, 30045, 30045, 33883, 33934, 36139, 37099] | memory = [27969, 23056, 23904, 22977, 21824, 20496, 24880, 23768, 25856, 23552, 21248, 18944, 18176, 15672, 14592, 11664]
>>>> [CONFIG: target(15), prim(dec_op)]
|33938.49|27969.15| op = [25, 24, 25, 27, 26, 25, 25, 27, 27, 28, 27, 29, 28, 30, 28, 18]| tp = [1, 1, 1, 1, 1, 1, 1, 1, 1, 1, 1, 1, 1, 1, 1, 1, ] | dp = [1, 1, 1, 1, 1, 1, 1, 1, 1, 1, 1, 1, 1, 1, 1, 1, ] | algo = [0, 0, 0, 0, 0, 0, 0, 0, 0, 0, 0, 0, 0, 0, 0, 0, ] | rc = [4, 4, 4, 4, 4, 4, 2, 2, 0, 0, 0, 0, 0, 0, 0, 0] | gpus = [1, 1, 1, 1, 1, 1, 1, 1, 1, 1, 1, 1, 1, 1, 1, 1] | micro_bs = 1 | time = [29792, 28195, 31305, 31651, 31543, 31305, 30571, 33938, 33204, 33886, 33603, 33245, 32863, 33766, 33677, 32916] | memory = [27969, 23056, 23904, 22977, 21824, 20496, 24880, 23768, 25856, 25472, 22656, 20152, 17792, 17256, 13184, 10312]

num_targets: [1, 4, 6, 1, 4, 2]
num_hops: [1, 3, 3, 1, 2, 7]
search time = 188.18 s.  [0, 1, 4, 9, 14, 18, 19, 20, 21, 22, 23, 24, 25, 26, 27, 28, 29, 30, 31, 32, 33, 34, 35, 36, 37, 38, 39, 40, 41, 42, 43, 47, 48, 49, 50, 51, 52, 53, 57, 58, 59, 68, 69, 76, 80, 85, 86, 87, 88, 89, 91, 93, 95, 97, 101, 102, 103, 107, 108, 109, 110, 112, 117, 121, 125, 126, 127, 131, 138, 142, 145, 146, 147, 148, 149, 154, 158, 160, 161, 162, 163, 164, 165, 166, 167, 168, 169, 170, 180, 186, 193, 201, 207, 211, 215, 219, 223, 227, 231, 234, 237] 
num_explored_cases = 9430
time trend: [43533, 36620, 36620, 35963, 35963, 36616, 35963, 35963, 35963, 35963, 35963, 36616, 36616, 36616, 36616, 36616, 36616, 36616, 36616, 36616, 36616, 36620, 36620, 36620, 36620, 36620, 36785, 36785, 36785, 36785, 36785, 35675, 34759, 34759, 34759, 34759, 34759, 34759, 34469, 34469, 33938, 33938, 34723, 35871, 36617, 36616, 33938, 33938, 33938, 33938, 34469, 34469, 34723, 34723, 34840, 34840, 34840, 34843, 34843, 34849, 34849, 35543, 33938, 34376, 35543, 33938, 33938, 34376, 35871, 36617, 34723, 34843, 34845, 34848, 35543, 34724, 36616, 34724, 34839, 35675, 35675, 35675, 35871, 35871, 35873, 35873, 35965, 35965, 33938, 34377, 33938, 33938, 34377, 34723, 36139, 36616, 36617, 36617, 36617, 36786, 36786]

working on num_stages = 4
config has been saved to /home/liminglong.lml/sxz/SuperScaler/logs-large/aceso/configs/gpt/6_7B/gpt_6_7B_4stages_2026-5-14-6-1-41.json

========== Best Result (num_stages = 4) ==========
|61782.55|27976.44| op = [77, 93, 84, 165]| tp = [1, 1, 1, 2, ] | dp = [2, 4, 2, 4, ] | algo = [0, 0, 0, 0, ] | rc = [75, 86, 55, 38] | gpus = [2, 4, 2, 8] | micro_bs = 4 | time = [57615, 36363, 61782, 61668] | memory = [27392, 27728, 27680, 27976]
start|138634.99|19733.13| op = [104, 104, 104, 107]| tp = [4, 4, 4, 4, ] | dp = [1, 1, 1, 1, ] | algo = [0, 0, 0, 0, ] | rc = [0, 0, 0, 0] | gpus = [4, 4, 4, 4] | micro_bs = 1 | time = [135165, 137398, 137398, 138634] | memory = [19733, 15840, 12864, 10928]

[ Trial 0 ] |138634.99|19733.13| op = [104, 104, 104, 107]| tp = [4, 4, 4, 4, ] | dp = [1, 1, 1, 1, ] | algo = [0, 0, 0, 0, ] | rc = [0, 0, 0, 0] | gpus = [4, 4, 4, 4] | micro_bs = 1 | time = [135165, 137398, 137398, 138634] | memory = [19733, 15840, 12864, 10928]
>>>> [CONFIG: target(3), prim(inc_mbs)]
|75600.35|27456.79| op = [104, 104, 104, 107]| tp = [2, 2, 2, 2, ] | dp = [2, 2, 2, 2, ] | algo = [0, 0, 0, 0, ] | rc = [16, 4, 0, 0] | gpus = [4, 4, 4, 4] | micro_bs = 2 | time = [73911, 74021, 73631, 75600] | memory = [26809, 27456, 23872, 20888]

[ Trial 1 ] |75600.35|27456.79| op = [104, 104, 104, 107]| tp = [2, 2, 2, 2, ] | dp = [2, 2, 2, 2, ] | algo = [0, 0, 0, 0, ] | rc = [16, 4, 0, 0] | gpus = [4, 4, 4, 4] | micro_bs = 2 | time = [73911, 74021, 73631, 75600] | memory = [26809, 27456, 23872, 20888]
>>>> [CONFIG: target(3), prim(inc_mbs)]
|75228.34|27905.51| op = [104, 104, 104, 107]| tp = [2, 2, 2, 2, ] | dp = [2, 2, 2, 2, ] | algo = [0, 0, 0, 0, ] | rc = [48, 24, 16, 0] | gpus = [4, 4, 4, 4] | micro_bs = 4 | time = [75228, 73447, 72742, 72931] | memory = [27866, 27905, 25281, 26184]

[ Trial 2 ] |75228.34|27905.51| op = [104, 104, 104, 107]| tp = [2, 2, 2, 2, ] | dp = [2, 2, 2, 2, ] | algo = [0, 0, 0, 0, ] | rc = [48, 24, 16, 0] | gpus = [4, 4, 4, 4] | micro_bs = 4 | time = [75228, 73447, 72742, 72931] | memory = [27866, 27905, 25281, 26184]
>>>> [CONFIG: target(0), prim(dec_op)]
|75619.72|27930.19| op = [103, 105, 104, 107]| tp = [2, 2, 2, 2, ] | dp = [2, 2, 2, 2, ] | algo = [0, 0, 0, 0, ] | rc = [42, 26, 16, 0] | gpus = [4, 4, 4, 4] | micro_bs = 4 | time = [72399, 75619, 72739, 72928] | memory = [27930, 27905, 25281, 26184]
>>>> [CONFIG: target(1), prim(dec_mbs)]
|76323.94|27264.77| op = [103, 105, 104, 107]| tp = [2, 2, 2, 2, ] | dp = [2, 2, 2, 2, ] | algo = [0, 0, 0, 0, ] | rc = [16, 6, 0, 0] | gpus = [4, 4, 4, 4] | micro_bs = 2 | time = [71950, 76323, 73632, 75601] | memory = [26169, 27264, 23872, 20888]
>>>> [CONFIG: target(1), prim(dec_op)]
|77196.93|27504.77| op = [103, 104, 105, 107]| tp = [2, 2, 2, 2, ] | dp = [2, 2, 2, 2, ] | algo = [0, 0, 0, 0, ] | rc = [16, 4, 0, 0] | gpus = [4, 4, 4, 4] | micro_bs = 2 | time = [71955, 75624, 77196, 75606] | memory = [26169, 27504, 24512, 20888]
>>>> [CONFIG: target(2), prim(inc_mbs)]
|76216.56|27930.19| op = [103, 104, 105, 107]| tp = [2, 2, 2, 2, ] | dp = [2, 2, 2, 2, ] | algo = [0, 0, 0, 0, ] | rc = [42, 26, 16, 0] | gpus = [4, 4, 4, 4] | micro_bs = 4 | time = [72411, 75341, 76216, 72941] | memory = [27930, 27809, 25984, 26184]
>>>> [CONFIG: target(2), prim(dec_tp)]
|86284.94|32224.06| op = [103, 104, 105, 107]| tp = [2, 1, 1, 2, ] | dp = [4, 2, 2, 2, ] | algo = [0, 0, 0, 0, ] | rc = [16, 104, 105, 0] | gpus = [8, 2, 2, 4] | micro_bs = 4 | time = [38869, 86284, 81202, 72872] | memory = [26169, 31936, 32224, 26184]
>>>> [CONFIG: target(2), prim(dec_op)]
|72810.34|27961.38| op = [130, 91, 91, 107]| tp = [2, 1, 1, 2, ] | dp = [4, 2, 2, 2, ] | algo = [0, 0, 0, 0, ] | rc = [40, 91, 91, 0] | gpus = [8, 2, 2, 4] | micro_bs = 4 | time = [48873, 72127, 69194, 72810] | memory = [27961, 27760, 27328, 26184]

[ Trial 3 ] |72810.34|27961.38| op = [130, 91, 91, 107]| tp = [2, 1, 1, 2, ] | dp = [4, 2, 2, 2, ] | algo = [0, 0, 0, 0, ] | rc = [40, 91, 91, 0] | gpus = [8, 2, 2, 4] | micro_bs = 4 | time = [48873, 72127, 69194, 72810] | memory = [27961, 27760, 27328, 26184]
>>>> [CONFIG: target(3), prim(dec_tp)]
|88492.24|34832.15| op = [130, 91, 91, 107]| tp = [2, 1, 1, 1, ] | dp = [4, 2, 4, 2, ] | algo = [0, 0, 0, 0, ] | rc = [40, 91, 51, 107] | gpus = [8, 2, 4, 2] | micro_bs = 4 | time = [48790, 72045, 32369, 88492] | memory = [27961, 27760, 27920, 34832]
>>>> [CONFIG: target(3), prim(inc_dp)]
|50578.32|40528.13| op = [130, 91, 91, 107]| tp = [1, 1, 1, 1, ] | dp = [4, 4, 4, 4, ] | algo = [0, 0, 0, 0, ] | rc = [128, 80, 51, 107] | gpus = [4, 4, 4, 4] | micro_bs = 4 | time = [50578, 35083, 33522, 45276] | memory = [40528, 27704, 27920, 33024]
>>>> [CONFIG: target(0), prim(inc_tp)]
|72020.90|33024.08| op = [130, 91, 91, 107]| tp = [2, 1, 1, 1, ] | dp = [4, 2, 2, 4, ] | algo = [0, 0, 0, 0, ] | rc = [40, 91, 91, 107] | gpus = [8, 2, 2, 4] | micro_bs = 4 | time = [48766, 72020, 69088, 45550] | memory = [27961, 27760, 27328, 33024]
>>>> [CONFIG: target(3), prim(inc_tp)]
|72006.52|40528.13| op = [130, 91, 91, 107]| tp = [1, 1, 1, 2, ] | dp = [4, 2, 2, 4, ] | algo = [0, 0, 0, 0, ] | rc = [128, 91, 91, 0] | gpus = [4, 2, 2, 8] | micro_bs = 4 | time = [50837, 69073, 72006, 39783] | memory = [40528, 27760, 27328, 20888]
>>>> [CONFIG: target(0), prim(dec_op)]
|71004.07|27760.16| op = [88, 91, 91, 149]| tp = [1, 1, 1, 2, ] | dp = [4, 2, 2, 4, ] | algo = [0, 0, 0, 0, ] | rc = [86, 91, 84, 14] | gpus = [4, 2, 2, 8] | micro_bs = 4 | time = [33667, 69064, 71004, 55592] | memory = [27568, 27760, 27744, 27448]

[ Trial 4 ] |71004.07|27760.16| op = [88, 91, 91, 149]| tp = [1, 1, 1, 2, ] | dp = [4, 2, 2, 4, ] | algo = [0, 0, 0, 0, ] | rc = [86, 91, 84, 14] | gpus = [4, 2, 2, 8] | micro_bs = 4 | time = [33667, 69064, 71004, 55592] | memory = [27568, 27760, 27744, 27448]
>>>> [CONFIG: target(2), prim(dec_op)]
|56352.01|40528.13| op = [130, 72, 74, 143]| tp = [1, 1, 1, 2, ] | dp = [4, 2, 2, 4, ] | algo = [0, 0, 0, 0, ] | rc = [128, 36, 37, 0] | gpus = [4, 2, 2, 8] | micro_bs = 4 | time = [50742, 47825, 56352, 52096] | memory = [40528, 27889, 27840, 27456]
>>>> [CONFIG: target(0), prim(inc_tp)]
|59293.75|42608.07| op = [130, 72, 74, 143]| tp = [2, 1, 1, 1, ] | dp = [4, 2, 2, 4, ] | algo = [0, 0, 0, 0, ] | rc = [40, 36, 37, 143] | gpus = [8, 2, 2, 4] | micro_bs = 4 | time = [48666, 50767, 50666, 59293] | memory = [27961, 27889, 27840, 42608]
>>>> [CONFIG: target(3), prim(dec_mbs)]
|99700.99|27784.55| op = [130, 72, 74, 143]| tp = [4, 1, 1, 2, ] | dp = [2, 2, 2, 2, ] | algo = [0, 0, 0, 0, ] | rc = [0, 14, 10, 0] | gpus = [8, 2, 2, 4] | micro_bs = 2 | time = [86986, 45721, 44498, 99700] | memory = [24405, 27784, 27552, 27456]
>>>> [CONFIG: target(3), prim(dec_dp)]
|197117.42|27976.73| op = [130, 72, 74, 143]| tp = [4, 2, 1, 2, ] | dp = [2, 2, 2, 1, ] | algo = [0, 0, 0, 0, ] | rc = [0, 0, 10, 32] | gpus = [8, 4, 2, 2] | micro_bs = 2 | time = [87186, 50603, 44697, 197117] | memory = [24405, 19992, 27552, 27976]
>>>> [CONFIG: target(0), prim(inc_mbs)]
|209657.84|27961.38| op = [130, 72, 74, 143]| tp = [2, 1, 1, 2, ] | dp = [4, 4, 2, 1, ] | algo = [0, 0, 0, 0, ] | rc = [40, 14, 37, 120] | gpus = [8, 4, 2, 2] | micro_bs = 4 | time = [49146, 23836, 51146, 209657] | memory = [27961, 27784, 27840, 27712]
>>>> [CONFIG: target(3), prim(inc_dp)]
|98961.43|27976.73| op = [130, 72, 74, 143]| tp = [2, 1, 1, 2, ] | dp = [4, 2, 2, 2, ] | algo = [0, 0, 0, 0, ] | rc = [40, 36, 37, 32] | gpus = [8, 2, 2, 4] | micro_bs = 4 | time = [48821, 50922, 50821, 98961] | memory = [27961, 27889, 27840, 27976]
>>>> [CONFIG: target(3), prim(dec_op)]
|65724.12|27936.52| op = [156, 86, 84, 93]| tp = [2, 1, 1, 2, ] | dp = [4, 2, 2, 2, ] | algo = [0, 0, 0, 0, ] | rc = [123, 83, 78, 0] | gpus = [8, 2, 2, 4] | micro_bs = 4 | time = [63989, 65724, 63452, 64307] | memory = [27936, 27024, 26400, 23128]

[ Trial 5 ] |65724.12|27936.52| op = [156, 86, 84, 93]| tp = [2, 1, 1, 2, ] | dp = [4, 2, 2, 2, ] | algo = [0, 0, 0, 0, ] | rc = [123, 83, 78, 0] | gpus = [8, 2, 2, 4] | micro_bs = 4 | time = [63989, 65724, 63452, 64307] | memory = [27936, 27024, 26400, 23128]
>>>> [CONFIG: target(1), prim(inc_dp)]
|64017.51|47632.13| op = [156, 86, 84, 93]| tp = [1, 1, 1, 2, ] | dp = [4, 4, 4, 2, ] | algo = [0, 0, 0, 0, ] | rc = [154, 36, 26, 0] | gpus = [4, 4, 4, 4] | micro_bs = 4 | time = [60549, 29561, 28283, 64017] | memory = [47632, 27880, 27872, 23128]
>>>> [CONFIG: target(0), prim(dec_mbs)]
|123937.45|27936.52| op = [156, 86, 84, 93]| tp = [2, 2, 2, 2, ] | dp = [2, 2, 2, 2, ] | algo = [0, 0, 0, 0, ] | rc = [123, 0, 0, 0] | gpus = [4, 4, 4, 4] | micro_bs = 2 | time = [123937, 60626, 60542, 66785] | memory = [27936, 23784, 19360, 18496]
>>>> [CONFIG: target(0), prim(dec_op)]
|87512.93|26969.19| op = [106, 106, 110, 97]| tp = [2, 2, 2, 2, ] | dp = [2, 2, 2, 2, ] | algo = [0, 0, 0, 0, ] | rc = [16, 8, 0, 0] | gpus = [4, 4, 4, 4] | micro_bs = 2 | time = [74121, 87512, 86831, 71049] | memory = [26969, 26616, 24960, 19768]
>>>> [CONFIG: target(1), prim(inc_mbs)]
|87370.79|27722.19| op = [106, 106, 110, 97]| tp = [2, 2, 2, 2, ] | dp = [2, 2, 2, 2, ] | algo = [0, 0, 0, 0, ] | rc = [51, 28, 18, 0] | gpus = [4, 4, 4, 4] | micro_bs = 4 | time = [75786, 87370, 86612, 68646] | memory = [27722, 27713, 26161, 24520]
>>>> [CONFIG: target(1), prim(dec_tp)]
|81914.54|35648.37| op = [106, 106, 110, 97]| tp = [1, 1, 2, 2, ] | dp = [2, 2, 2, 4, ] | algo = [0, 0, 0, 0, ] | rc = [104, 106, 18, 0] | gpus = [2, 2, 4, 8] | micro_bs = 4 | time = [79515, 81914, 75266, 37654] | memory = [35648, 33664, 26161, 19768]
>>>> [CONFIG: target(0), prim(dec_op)]
|116773.78|27760.12| op = [77, 89, 156, 97]| tp = [1, 1, 2, 2, ] | dp = [2, 2, 2, 4, ] | algo = [0, 0, 0, 0, ] | rc = [75, 82, 116, 0] | gpus = [2, 2, 4, 8] | micro_bs = 4 | time = [57850, 65976, 116773, 37670] | memory = [27392, 27760, 27664, 19768]
>>>> [CONFIG: target(2), prim(dec_op)]
|63736.29|27976.44| op = [77, 82, 95, 165]| tp = [1, 1, 2, 2, ] | dp = [2, 2, 2, 4, ] | algo = [0, 0, 0, 0, ] | rc = [75, 76, 10, 38] | gpus = [2, 2, 4, 8] | micro_bs = 4 | time = [57726, 62934, 63736, 61779] | memory = [27392, 27504, 26240, 27976]

[ Trial 6 ] |63736.29|27976.44| op = [77, 82, 95, 165]| tp = [1, 1, 2, 2, ] | dp = [2, 2, 2, 4, ] | algo = [0, 0, 0, 0, ] | rc = [75, 76, 10, 38] | gpus = [2, 2, 4, 8] | micro_bs = 4 | time = [57726, 62934, 63736, 61779] | memory = [27392, 27504, 26240, 27976]
>>>> [CONFIG: target(2), prim(dec_tp)]
|74377.51|27976.44| op = [77, 82, 95, 165]| tp = [1, 1, 1, 2, ] | dp = [4, 2, 2, 4, ] | algo = [0, 0, 0, 0, ] | rc = [54, 76, 95, 38] | gpus = [4, 2, 2, 8] | micro_bs = 4 | time = [27984, 62859, 74377, 61704] | memory = [27792, 27504, 27456, 27976]
>>>> [CONFIG: target(2), prim(inc_dp)]
|62822.72|27976.44| op = [77, 82, 95, 165]| tp = [1, 1, 1, 2, ] | dp = [2, 2, 4, 4, ] | algo = [0, 0, 0, 0, ] | rc = [75, 76, 54, 38] | gpus = [2, 2, 4, 8] | micro_bs = 4 | time = [57614, 62822, 35169, 61667] | memory = [27392, 27504, 27936, 27976]

[ Trial 7 ] |62822.72|27976.44| op = [77, 82, 95, 165]| tp = [1, 1, 1, 2, ] | dp = [2, 2, 4, 4, ] | algo = [0, 0, 0, 0, ] | rc = [75, 76, 54, 38] | gpus = [2, 2, 4, 8] | micro_bs = 4 | time = [57614, 62822, 35169, 61667] | memory = [27392, 27504, 27936, 27976]
>>>> [CONFIG: target(1), prim(inc_mbs)]
|140822.89|28864.25| op = [77, 82, 95, 165]| tp = [2, 2, 1, 2, ] | dp = [1, 1, 4, 4, ] | algo = [0, 0, 0, 0, ] | rc = [75, 77, 95, 138] | gpus = [2, 2, 4, 8] | micro_bs = 8 | time = [138085, 140822, 39539, 65739] | memory = [26689, 28864, 27456, 27688]
>>>> [CONFIG: target(1), prim(dec_op)]
|146412.98|27688.11| op = [78, 81, 95, 165]| tp = [2, 2, 1, 2, ] | dp = [1, 1, 4, 4, ] | algo = [0, 0, 0, 0, ] | rc = [76, 81, 95, 138] | gpus = [2, 2, 4, 8] | micro_bs = 8 | time = [144495, 146412, 39632, 65832] | memory = [26689, 25088, 27456, 27688]
>>>> [CONFIG: target(1), prim(dec_op)]
|78432.56|44800.06| op = [51, 50, 153, 165]| tp = [2, 2, 1, 2, ] | dp = [1, 1, 4, 4, ] | algo = [0, 0, 0, 0, ] | rc = [44, 36, 153, 138] | gpus = [2, 2, 4, 8] | micro_bs = 8 | time = [78432, 67899, 61282, 64886] | memory = [27329, 27841, 44800, 27688]
>>>> [CONFIG: target(2), prim(dec_mbs)]
|114038.54|27976.44| op = [51, 50, 153, 165]| tp = [1, 1, 2, 2, ] | dp = [2, 2, 2, 4, ] | algo = [0, 0, 0, 0, ] | rc = [18, 10, 108, 38] | gpus = [2, 2, 4, 8] | micro_bs = 4 | time = [31728, 29495, 114038, 61743] | memory = [27905, 27104, 27936, 27976]
>>>> [CONFIG: target(2), prim(dec_op)]
|64047.06|28160.25| op = [78, 81, 91, 169]| tp = [1, 1, 2, 2, ] | dp = [2, 2, 2, 4, ] | algo = [0, 0, 0, 0, ] | rc = [76, 78, 6, 44] | gpus = [2, 2, 4, 8] | micro_bs = 4 | time = [59765, 59917, 64047, 63255] | memory = [28160, 26960, 26848, 27968]
>>>> [CONFIG: target(0), prim(inc_tp)]
|74966.85|27993.69| op = [78, 81, 91, 169]| tp = [2, 1, 1, 2, ] | dp = [2, 2, 2, 4, ] | algo = [0, 0, 0, 0, ] | rc = [16, 78, 91, 44] | gpus = [4, 2, 2, 8] | micro_bs = 4 | time = [54537, 59939, 74966, 63277] | memory = [27993, 26960, 27584, 27968]
>>>> [CONFIG: target(2), prim(dec_op)]
|62282.15|27976.44| op = [89, 80, 85, 165]| tp = [2, 1, 1, 2, ] | dp = [2, 2, 2, 4, ] | algo = [0, 0, 0, 0, ] | rc = [24, 62, 63, 38] | gpus = [4, 2, 2, 8] | micro_bs = 4 | time = [61492, 60588, 62282, 61778] | memory = [27609, 27840, 27808, 27976]

[ Trial 8 ] |62282.15|27976.44| op = [89, 80, 85, 165]| tp = [2, 1, 1, 2, ] | dp = [2, 2, 2, 4, ] | algo = [0, 0, 0, 0, ] | rc = [24, 62, 63, 38] | gpus = [4, 2, 2, 8] | micro_bs = 4 | time = [61492, 60588, 62282, 61778] | memory = [27609, 27840, 27808, 27976]
>>>> [CONFIG: target(2), prim(inc_dp)]
|67117.79|31040.25| op = [89, 80, 85, 165]| tp = [1, 1, 1, 2, ] | dp = [2, 2, 4, 4, ] | algo = [0, 0, 0, 0, ] | rc = [87, 62, 22, 38] | gpus = [2, 2, 4, 8] | micro_bs = 4 | time = [67117, 60475, 27713, 61666] | memory = [31040, 27840, 27888, 27976]
>>>> [CONFIG: target(0), prim(inc_dp)]
|62177.84|28912.13| op = [89, 80, 85, 165]| tp = [1, 1, 1, 2, ] | dp = [4, 2, 2, 4, ] | algo = [0, 0, 0, 0, ] | rc = [87, 62, 63, 38] | gpus = [4, 2, 2, 8] | micro_bs = 4 | time = [34788, 60483, 62177, 61674] | memory = [28912, 27840, 27808, 27976]
>>>> [CONFIG: target(0), prim(dec_op)]
|62989.94|27976.44| op = [88, 81, 85, 165]| tp = [1, 1, 1, 2, ] | dp = [4, 2, 2, 4, ] | algo = [0, 0, 0, 0, ] | rc = [86, 75, 63, 38] | gpus = [4, 2, 2, 8] | micro_bs = 4 | time = [33633, 62989, 62183, 61679] | memory = [27568, 27136, 27808, 27976]
>>>> [CONFIG: target(1), prim(inc_dp)]
|64844.71|29504.37| op = [88, 81, 85, 165]| tp = [1, 1, 1, 2, ] | dp = [2, 4, 2, 4, ] | algo = [0, 0, 0, 0, ] | rc = [86, 44, 63, 38] | gpus = [2, 4, 2, 8] | micro_bs = 4 | time = [64844, 29745, 62175, 61671] | memory = [29504, 27968, 27808, 27976]
>>>> [CONFIG: target(0), prim(dec_op)]
|62172.63|27976.44| op = [77, 92, 85, 165]| tp = [1, 1, 1, 2, ] | dp = [2, 4, 2, 4, ] | algo = [0, 0, 0, 0, ] | rc = [75, 85, 63, 38] | gpus = [2, 4, 2, 8] | micro_bs = 4 | time = [57616, 36315, 62172, 61669] | memory = [27392, 27704, 27808, 27976]

[ Trial 9 ] |62172.63|27976.44| op = [77, 92, 85, 165]| tp = [1, 1, 1, 2, ] | dp = [2, 4, 2, 4, ] | algo = [0, 0, 0, 0, ] | rc = [75, 85, 63, 38] | gpus = [2, 4, 2, 8] | micro_bs = 4 | time = [57616, 36315, 62172, 61669] | memory = [27392, 27704, 27808, 27976]
>>>> [CONFIG: target(2), prim(inc_mbs)]
|138247.85|28032.27| op = [77, 92, 85, 165]| tp = [2, 2, 2, 2, ] | dp = [1, 2, 1, 4, ] | algo = [0, 0, 0, 0, ] | rc = [75, 63, 77, 138] | gpus = [2, 4, 2, 8] | micro_bs = 8 | time = [138247, 69134, 132149, 65901] | memory = [26689, 27841, 28032, 27688]
>>>> [CONFIG: target(2), prim(dec_op)]
|138248.02|27688.11| op = [77, 93, 84, 165]| tp = [2, 2, 2, 2, ] | dp = [1, 2, 1, 4, ] | algo = [0, 0, 0, 0, ] | rc = [75, 66, 73, 138] | gpus = [2, 4, 2, 8] | micro_bs = 8 | time = [138248, 69289, 132016, 65901] | memory = [26689, 27649, 27520, 27688]
>>>> [CONFIG: target(0), prim(dec_mbs)]
|61782.55|27976.44| op = [77, 93, 84, 165]| tp = [1, 1, 1, 2, ] | dp = [2, 4, 2, 4, ] | algo = [0, 0, 0, 0, ] | rc = [75, 86, 55, 38] | gpus = [2, 4, 2, 8] | micro_bs = 4 | time = [57615, 36363, 61782, 61668] | memory = [27392, 27728, 27680, 27976]

num_targets: [1, 1, 1, 1, 1, 1, 1, 1, 1, 1]
num_hops: [1, 1, 6, 5, 7, 7, 2, 7, 5, 3]
search time = 200.00 s.  [0, 1, 2, 4, 5, 11, 48, 49, 118, 120, 190, 207, 208] 
num_explored_cases = 12124
time trend: [138634, 75600, 75228, 72810, 71004, 65724, 63736, 62822, 62282, 62172, 61782, 61782, 62637]

working on num_stages = 9
config has been saved to /home/liminglong.lml/sxz/SuperScaler/logs-large/aceso/configs/gpt/6_7B/gpt_6_7B_9stages_2026-5-14-6-1-41.json

========== Best Result (num_stages = 9) ==========
|34368.63|27792.67| op = [50, 51, 52, 50, 54, 27, 28, 59, 48]| tp = [1, 1, 1, 1, 1, 1, 1, 1, 1, ] | dp = [2, 2, 2, 2, 2, 1, 1, 2, 2, ] | algo = [0, 0, 0, 0, 0, 0, 0, 0, 0, ] | rc = [16, 12, 12, 8, 8, 2, 0, 0, 0] | gpus = [2, 2, 2, 2, 2, 1, 1, 2, 2] | micro_bs = 2 | time = [31682, 30491, 32005, 34037, 34368, 33388, 32957, 33012, 33325] | memory = [27473, 27457, 26976, 27792, 25960, 25216, 24320, 25712, 20640]
start|69702.67|26497.24| op = [46, 46, 46, 46, 46, 46, 46, 46, 51]| tp = [2, 2, 2, 2, 2, 2, 2, 1, 1, ] | dp = [1, 1, 1, 1, 1, 1, 1, 1, 1, ] | algo = [0, 0, 0, 0, 0, 0, 0, 0, 0, ] | rc = [2, 0, 0, 0, 0, 0, 0, 0, 0] | gpus = [2, 2, 2, 2, 2, 2, 2, 1, 1] | micro_bs = 1 | time = [63257, 65225, 62231, 68347, 68029, 66236, 58664, 56477, 69702] | memory = [26497, 22928, 22336, 18720, 17720, 14960, 12552, 21392, 21488]

[ Trial 0 ] |69702.67|26497.24| op = [46, 46, 46, 46, 46, 46, 46, 46, 51]| tp = [2, 2, 2, 2, 2, 2, 2, 1, 1, ] | dp = [1, 1, 1, 1, 1, 1, 1, 1, 1, ] | algo = [0, 0, 0, 0, 0, 0, 0, 0, 0, ] | rc = [2, 0, 0, 0, 0, 0, 0, 0, 0] | gpus = [2, 2, 2, 2, 2, 2, 2, 1, 1] | micro_bs = 1 | time = [63257, 65225, 62231, 68347, 68029, 66236, 58664, 56477, 69702] | memory = [26497, 22928, 22336, 18720, 17720, 14960, 12552, 21392, 21488]
>>>> [CONFIG: target(8), prim(inc_mbs)]
|68104.07|27257.08| op = [46, 46, 46, 46, 46, 46, 46, 46, 51]| tp = [1, 1, 1, 1, 1, 1, 1, 1, 1, ] | dp = [2, 2, 2, 2, 2, 2, 2, 1, 1, ] | algo = [0, 0, 0, 0, 0, 0, 0, 0, 0, ] | rc = [14, 8, 8, 6, 6, 2, 0, 4, 0] | gpus = [2, 2, 2, 2, 2, 2, 2, 1, 1] | micro_bs = 2 | time = [29044, 28166, 27623, 30426, 30147, 28091, 24947, 56508, 68104] | memory = [27257, 27232, 26432, 24864, 25336, 26496, 23880, 26848, 27168]

[ Trial 1 ] |68104.07|27257.08| op = [46, 46, 46, 46, 46, 46, 46, 46, 51]| tp = [1, 1, 1, 1, 1, 1, 1, 1, 1, ] | dp = [2, 2, 2, 2, 2, 2, 2, 1, 1, ] | algo = [0, 0, 0, 0, 0, 0, 0, 0, 0, ] | rc = [14, 8, 8, 6, 6, 2, 0, 4, 0] | gpus = [2, 2, 2, 2, 2, 2, 2, 1, 1] | micro_bs = 2 | time = [29044, 28166, 27623, 30426, 30147, 28091, 24947, 56508, 68104] | memory = [27257, 27232, 26432, 24864, 25336, 26496, 23880, 26848, 27168]
>>>> [CONFIG: target(8), prim(dec_op)]
|37043.00|27800.72| op = [46, 46, 54, 56, 56, 54, 59, 30, 18]| tp = [1, 1, 1, 1, 1, 1, 1, 1, 1, ] | dp = [2, 2, 2, 2, 2, 2, 2, 1, 1, ] | algo = [0, 0, 0, 0, 0, 0, 0, 0, 0, ] | rc = [14, 8, 14, 14, 8, 8, 6, 0, 0] | gpus = [2, 2, 2, 2, 2, 2, 2, 1, 1] | micro_bs = 2 | time = [28996, 28118, 34119, 37042, 36544, 33235, 34138, 33821, 32142] | memory = [27257, 27232, 27729, 27040, 27800, 25152, 26616, 19680, 13360]

[ Trial 2 ] |37043.00|27800.72| op = [46, 46, 54, 56, 56, 54, 59, 30, 18]| tp = [1, 1, 1, 1, 1, 1, 1, 1, 1, ] | dp = [2, 2, 2, 2, 2, 2, 2, 1, 1, ] | algo = [0, 0, 0, 0, 0, 0, 0, 0, 0, ] | rc = [14, 8, 14, 14, 8, 8, 6, 0, 0] | gpus = [2, 2, 2, 2, 2, 2, 2, 1, 1] | micro_bs = 2 | time = [28996, 28118, 34119, 37042, 36544, 33235, 34138, 33821, 32142] | memory = [27257, 27232, 27729, 27040, 27800, 25152, 26616, 19680, 13360]
>>>> [CONFIG: target(3), prim(dec_op)]
|39269.53|27473.22| op = [50, 52, 52, 52, 52, 54, 59, 30, 18]| tp = [1, 1, 1, 1, 1, 1, 1, 1, 1, ] | dp = [2, 2, 2, 2, 2, 2, 2, 1, 1, ] | algo = [0, 0, 0, 0, 0, 0, 0, 0, 0, ] | rc = [16, 14, 12, 10, 8, 8, 6, 0, 0] | gpus = [2, 2, 2, 2, 2, 2, 2, 1, 1] | micro_bs = 2 | time = [31707, 32630, 32276, 39269, 38914, 33255, 34158, 33840, 32161] | memory = [27473, 27073, 27313, 27040, 26000, 25152, 26616, 19680, 13360]
>>>> [CONFIG: target(3), prim(dec_mbs)]
|80101.13|27265.15| op = [50, 52, 52, 52, 52, 54, 59, 30, 18]| tp = [2, 2, 2, 2, 2, 2, 2, 1, 1, ] | dp = [1, 1, 1, 1, 1, 1, 1, 1, 1, ] | algo = [0, 0, 0, 0, 0, 0, 0, 0, 0, ] | rc = [4, 0, 0, 0, 0, 0, 0, 0, 0] | gpus = [2, 2, 2, 2, 2, 2, 2, 1, 1] | micro_bs = 1 | time = [71018, 71371, 71371, 80101, 80101, 75472, 77106, 34805, 32995] | memory = [25417, 27265, 24721, 22176, 19632, 17856, 16392, 13552, 10312]
>>>> [CONFIG: target(3), prim(dec_tp)]
|80085.64|27265.15| op = [50, 52, 52, 52, 52, 54, 59, 30, 18]| tp = [4, 2, 2, 1, 1, 2, 2, 1, 1, ] | dp = [1, 1, 1, 1, 1, 1, 1, 1, 1, ] | algo = [0, 0, 0, 0, 0, 0, 0, 0, 0, ] | rc = [0, 0, 0, 10, 8, 0, 0, 0, 0] | gpus = [4, 2, 2, 1, 1, 2, 2, 1, 1] | micro_bs = 1 | time = [66046, 71355, 80085, 77989, 62568, 75457, 77090, 34789, 32980] | memory = [17173, 27265, 24721, 27040, 26000, 17856, 16392, 13552, 10312]
>>>> [CONFIG: target(2), prim(inc_mbs)]
|85210.49|27553.40| op = [50, 52, 52, 52, 52, 54, 59, 30, 18]| tp = [2, 1, 1, 1, 1, 1, 1, 1, 1, ] | dp = [2, 2, 2, 1, 1, 2, 2, 1, 1, ] | algo = [0, 0, 0, 0, 0, 0, 0, 0, 0, ] | rc = [4, 14, 12, 26, 22, 8, 6, 0, 0] | gpus = [4, 2, 2, 1, 1, 2, 2, 1, 1] | micro_bs = 2 | time = [35946, 32798, 39791, 85210, 67397, 33422, 34325, 34007, 32328] | memory = [25417, 27073, 27313, 27457, 27553, 25152, 26616, 19680, 13360]
>>>> [CONFIG: target(3), prim(dec_op)]
|57215.66|27928.53| op = [50, 52, 52, 35, 35, 72, 70, 35, 18]| tp = [2, 1, 1, 1, 1, 1, 1, 1, 1, ] | dp = [2, 2, 2, 1, 1, 2, 2, 1, 1, ] | algo = [0, 0, 0, 0, 0, 0, 0, 0, 0, ] | rc = [4, 14, 12, 10, 4, 20, 14, 0, 0] | gpus = [4, 2, 2, 1, 1, 2, 2, 1, 1] | micro_bs = 2 | time = [35891, 32742, 39736, 57215, 41854, 43433, 43367, 39939, 32273] | memory = [25417, 27073, 27313, 25697, 27328, 27840, 27928, 24032, 13360]
>>>> [CONFIG: target(3), prim(inc_dp)]
|47625.06|27928.53| op = [50, 52, 52, 35, 35, 72, 70, 35, 18]| tp = [1, 1, 1, 1, 1, 1, 1, 1, 1, ] | dp = [2, 2, 2, 2, 1, 2, 2, 1, 2, ] | algo = [0, 0, 0, 0, 0, 0, 0, 0, 0, ] | rc = [16, 14, 12, 2, 4, 20, 14, 0, 0] | gpus = [2, 2, 2, 2, 1, 2, 2, 1, 2] | micro_bs = 2 | time = [31712, 32636, 32281, 23784, 47625, 43326, 43261, 39833, 16792] | memory = [27473, 27073, 27313, 26544, 27328, 27840, 27928, 24032, 10312]
>>>> [CONFIG: target(4), prim(dec_op)]
|35881.41|27473.22| op = [50, 52, 52, 48, 26, 50, 59, 30, 52]| tp = [1, 1, 1, 1, 1, 1, 1, 1, 1, ] | dp = [2, 2, 2, 2, 1, 2, 2, 1, 2, ] | algo = [0, 0, 0, 0, 0, 0, 0, 0, 0, ] | rc = [16, 14, 12, 8, 2, 4, 8, 0, 0] | gpus = [2, 2, 2, 2, 1, 2, 2, 1, 2] | micro_bs = 2 | time = [31692, 32616, 32261, 32121, 35881, 30214, 35201, 35826, 35088] | memory = [27473, 27073, 27313, 26160, 27136, 25728, 25752, 20320, 21520]

[ Trial 3 ] |35881.41|27473.22| op = [50, 52, 52, 48, 26, 50, 59, 30, 52]| tp = [1, 1, 1, 1, 1, 1, 1, 1, 1, ] | dp = [2, 2, 2, 2, 1, 2, 2, 1, 2, ] | algo = [0, 0, 0, 0, 0, 0, 0, 0, 0, ] | rc = [16, 14, 12, 8, 2, 4, 8, 0, 0] | gpus = [2, 2, 2, 2, 1, 2, 2, 1, 2] | micro_bs = 2 | time = [31692, 32616, 32261, 32121, 35881, 30214, 35201, 35826, 35088] | memory = [27473, 27073, 27313, 26160, 27136, 25728, 25752, 20320, 21520]
>>>> [CONFIG: target(4), prim(inc_dp)]
|62464.84|27904.99| op = [50, 52, 52, 48, 26, 50, 59, 30, 52]| tp = [1, 1, 1, 1, 1, 1, 1, 1, 1, ] | dp = [2, 2, 2, 2, 2, 1, 2, 1, 2, ] | algo = [0, 0, 0, 0, 0, 0, 0, 0, 0, ] | rc = [16, 14, 12, 8, 0, 14, 8, 0, 0] | gpus = [2, 2, 2, 2, 2, 1, 2, 1, 2] | micro_bs = 2 | time = [31721, 32645, 32290, 32150, 18274, 62464, 35230, 35854, 35116] | memory = [27473, 27073, 27313, 26160, 18944, 27904, 25752, 20320, 21520]
>>>> [CONFIG: target(5), prim(dec_op)]
|36288.58|27752.76| op = [50, 52, 52, 49, 56, 27, 55, 30, 48]| tp = [1, 1, 1, 1, 1, 1, 1, 1, 1, ] | dp = [2, 2, 2, 2, 2, 1, 2, 1, 2, ] | algo = [0, 0, 0, 0, 0, 0, 0, 0, 0, ] | rc = [16, 14, 12, 8, 8, 2, 2, 0, 0] | gpus = [2, 2, 2, 2, 2, 1, 2, 1, 2] | micro_bs = 2 | time = [31684, 32608, 32253, 32525, 36288, 33385, 31774, 32643, 33327] | memory = [27473, 27073, 27313, 26544, 27752, 25216, 27528, 21440, 20640]
>>>> [CONFIG: target(4), prim(dec_dp)]
|81489.33|27633.44| op = [50, 52, 52, 49, 56, 27, 55, 30, 48]| tp = [1, 1, 1, 1, 1, 1, 1, 1, 1, ] | dp = [2, 2, 2, 2, 1, 1, 2, 2, 2, ] | algo = [0, 0, 0, 0, 0, 0, 0, 0, 0, ] | rc = [16, 14, 12, 8, 28, 2, 2, 0, 0] | gpus = [2, 2, 2, 2, 1, 1, 2, 2, 2] | micro_bs = 2 | time = [31742, 32666, 32311, 32583, 81489, 33443, 31832, 17141, 33385] | memory = [27473, 27073, 27313, 26544, 27633, 25216, 27528, 13792, 20640]
>>>> [CONFIG: target(4), prim(dec_op)]
|36919.12|27473.22| op = [50, 52, 52, 49, 28, 28, 56, 56, 48]| tp = [1, 1, 1, 1, 1, 1, 1, 1, 1, ] | dp = [2, 2, 2, 2, 1, 1, 2, 2, 2, ] | algo = [0, 0, 0, 0, 0, 0, 0, 0, 0, ] | rc = [16, 14, 12, 8, 4, 2, 4, 0, 0] | gpus = [2, 2, 2, 2, 1, 1, 2, 2, 2] | micro_bs = 2 | time = [31688, 32612, 32257, 32529, 36919, 33695, 33928, 31559, 33331] | memory = [27473, 27073, 27313, 26544, 21776, 25728, 27144, 24736, 20640]
>>>> [CONFIG: target(4), prim(inc_dp)]
|64583.61|27473.22| op = [50, 52, 52, 49, 28, 28, 56, 56, 48]| tp = [1, 1, 1, 1, 1, 1, 1, 1, 1, ] | dp = [2, 2, 2, 2, 2, 1, 2, 1, 2, ] | algo = [0, 0, 0, 0, 0, 0, 0, 0, 0, ] | rc = [16, 14, 12, 8, 0, 2, 4, 10, 0] | gpus = [2, 2, 2, 2, 2, 1, 2, 1, 2] | micro_bs = 2 | time = [31716, 32640, 32285, 32557, 18436, 33724, 33956, 64583, 33359] | memory = [27473, 27073, 27313, 26544, 19144, 25728, 27144, 26304, 20640]
>>>> [CONFIG: target(7), prim(dec_op)]
|35081.62|27473.22| op = [50, 52, 52, 49, 50, 27, 58, 29, 52]| tp = [1, 1, 1, 1, 1, 1, 1, 1, 1, ] | dp = [2, 2, 2, 2, 2, 1, 2, 1, 2, ] | algo = [0, 0, 0, 0, 0, 0, 0, 0, 0, ] | rc = [16, 14, 12, 8, 9, 2, 6, 0, 0] | gpus = [2, 2, 2, 2, 2, 1, 2, 1, 2] | micro_bs = 2 | time = [31686, 32610, 32255, 32527, 34115, 31877, 34952, 32430, 35081] | memory = [27473, 27073, 27313, 26544, 27168, 25856, 26136, 19040, 21520]

[ Trial 4 ] |35081.62|27473.22| op = [50, 52, 52, 49, 50, 27, 58, 29, 52]| tp = [1, 1, 1, 1, 1, 1, 1, 1, 1, ] | dp = [2, 2, 2, 2, 2, 1, 2, 1, 2, ] | algo = [0, 0, 0, 0, 0, 0, 0, 0, 0, ] | rc = [16, 14, 12, 8, 9, 2, 6, 0, 0] | gpus = [2, 2, 2, 2, 2, 1, 2, 1, 2] | micro_bs = 2 | time = [31686, 32610, 32255, 32527, 34115, 31877, 34952, 32430, 35081] | memory = [27473, 27073, 27313, 26544, 27168, 25856, 26136, 19040, 21520]
>>>> [CONFIG: target(8), prim(dec_dp)]
|67968.42|27473.22| op = [50, 52, 52, 49, 50, 27, 58, 29, 52]| tp = [1, 1, 1, 1, 1, 1, 1, 1, 1, ] | dp = [2, 2, 2, 2, 2, 2, 2, 1, 1, ] | algo = [0, 0, 0, 0, 0, 0, 0, 0, 0, ] | rc = [16, 14, 12, 8, 9, 0, 6, 0, 0] | gpus = [2, 2, 2, 2, 2, 2, 2, 1, 1] | micro_bs = 2 | time = [31720, 32644, 32289, 32561, 34149, 16325, 34985, 32464, 67968] | memory = [27473, 27073, 27313, 26544, 27168, 17728, 26136, 19040, 27232]
>>>> [CONFIG: target(8), prim(inc_tp)]
|73465.32|27473.22| op = [50, 52, 52, 49, 50, 27, 58, 29, 52]| tp = [1, 1, 1, 1, 1, 1, 1, 1, 2, ] | dp = [2, 2, 2, 2, 2, 1, 2, 1, 1, ] | algo = [0, 0, 0, 0, 0, 0, 0, 0, 0, ] | rc = [16, 14, 12, 8, 9, 2, 6, 0, 0] | gpus = [2, 2, 2, 2, 2, 1, 2, 1, 2] | micro_bs = 2 | time = [31761, 32685, 32330, 32602, 34190, 31952, 35027, 32505, 73465] | memory = [27473, 27073, 27313, 26544, 27168, 25856, 26136, 19040, 14096]
>>>> [CONFIG: target(8), prim(dec_op)]
|38155.60|27800.72| op = [50, 54, 55, 56, 56, 31, 62, 33, 22]| tp = [1, 1, 1, 1, 1, 1, 1, 1, 2, ] | dp = [2, 2, 2, 2, 2, 1, 2, 1, 1, ] | algo = [0, 0, 0, 0, 0, 0, 0, 0, 0, ] | rc = [16, 16, 14, 14, 8, 2, 10, 0, 0] | gpus = [2, 2, 2, 2, 2, 1, 2, 1, 2] | micro_bs = 2 | time = [31734, 34701, 34009, 37089, 36590, 36895, 37499, 35617, 38155] | memory = [27473, 26817, 26665, 27040, 27800, 27200, 25320, 22432, 7648]
>>>> [CONFIG: target(8), prim(inc_mbs)]
|42525.26|27937.49| op = [50, 54, 55, 56, 56, 31, 62, 33, 22]| tp = [1, 1, 1, 1, 1, 1, 1, 1, 1, ] | dp = [2, 2, 2, 2, 2, 1, 2, 1, 2, ] | algo = [0, 0, 0, 0, 0, 0, 0, 0, 0, ] | rc = [44, 34, 45, 30, 29, 14, 20, 6, 0] | gpus = [2, 2, 2, 2, 2, 1, 2, 1, 2] | micro_bs = 4 | time = [36660, 41649, 39647, 41385, 41920, 42525, 38839, 37541, 19108] | memory = [27280, 27362, 27040, 27937, 27649, 27009, 27792, 26432, 14784]
>>>> [CONFIG: target(5), prim(dec_op)]
|37809.76|27937.30| op = [50, 51, 52, 50, 54, 27, 56, 27, 52]| tp = [1, 1, 1, 1, 1, 1, 1, 1, 1, ] | dp = [2, 2, 2, 2, 2, 1, 2, 1, 2, ] | algo = [0, 0, 0, 0, 0, 0, 0, 0, 0, ] | rc = [44, 29, 28, 24, 22, 8, 14, 4, 0] | gpus = [2, 2, 2, 2, 2, 1, 2, 1, 2] | micro_bs = 4 | time = [36596, 35896, 36964, 37809, 37483, 35298, 34127, 33392, 34836] | memory = [27280, 27106, 27809, 27937, 27473, 26880, 27568, 27520, 27232]
>>>> [CONFIG: target(3), prim(dec_mbs)]
|35078.33|27792.67| op = [50, 51, 52, 50, 54, 27, 56, 27, 52]| tp = [1, 1, 1, 1, 1, 1, 1, 1, 1, ] | dp = [2, 2, 2, 2, 2, 1, 2, 1, 2, ] | algo = [0, 0, 0, 0, 0, 0, 0, 0, 0, ] | rc = [16, 12, 12, 8, 8, 2, 4, 0, 0] | gpus = [2, 2, 2, 2, 2, 1, 2, 1, 2] | micro_bs = 2 | time = [31683, 30492, 32006, 34038, 34369, 33390, 32650, 32116, 35078] | memory = [27473, 27457, 26976, 27792, 25960, 25216, 26328, 18880, 21520]

[ Trial 5 ] |35078.33|27792.67| op = [50, 51, 52, 50, 54, 27, 56, 27, 52]| tp = [1, 1, 1, 1, 1, 1, 1, 1, 1, ] | dp = [2, 2, 2, 2, 2, 1, 2, 1, 2, ] | algo = [0, 0, 0, 0, 0, 0, 0, 0, 0, ] | rc = [16, 12, 12, 8, 8, 2, 4, 0, 0] | gpus = [2, 2, 2, 2, 2, 1, 2, 1, 2] | micro_bs = 2 | time = [31683, 30492, 32006, 34038, 34369, 33390, 32650, 32116, 35078] | memory = [27473, 27457, 26976, 27792, 25960, 25216, 26328, 18880, 21520]
>>>> [CONFIG: target(8), prim(dec_dp)]
|67965.58|27792.67| op = [50, 51, 52, 50, 54, 27, 56, 27, 52]| tp = [1, 1, 1, 1, 1, 1, 1, 1, 1, ] | dp = [2, 2, 2, 2, 2, 1, 2, 2, 1, ] | algo = [0, 0, 0, 0, 0, 0, 0, 0, 0, ] | rc = [16, 12, 12, 8, 8, 2, 4, 0, 0] | gpus = [2, 2, 2, 2, 2, 1, 2, 2, 1] | micro_bs = 2 | time = [31717, 30526, 32040, 34072, 34403, 33424, 32684, 16795, 67965] | memory = [27473, 27457, 26976, 27792, 25960, 25216, 26328, 12896, 27232]
>>>> [CONFIG: target(8), prim(inc_tp)]
|73462.03|27792.67| op = [50, 51, 52, 50, 54, 27, 56, 27, 52]| tp = [1, 1, 1, 1, 1, 1, 1, 1, 2, ] | dp = [2, 2, 2, 2, 2, 1, 2, 1, 1, ] | algo = [0, 0, 0, 0, 0, 0, 0, 0, 0, ] | rc = [16, 12, 12, 8, 8, 2, 4, 0, 0] | gpus = [2, 2, 2, 2, 2, 1, 2, 1, 2] | micro_bs = 2 | time = [31758, 30567, 32081, 34113, 34444, 33465, 32725, 32191, 73462] | memory = [27473, 27457, 26976, 27792, 25960, 25216, 26328, 18880, 14096]
>>>> [CONFIG: target(8), prim(inc_dp)]
|73385.22|27792.67| op = [50, 51, 52, 50, 54, 27, 56, 27, 52]| tp = [1, 1, 1, 1, 1, 1, 1, 1, 2, ] | dp = [2, 2, 2, 2, 1, 1, 1, 1, 2, ] | algo = [0, 0, 0, 0, 0, 0, 0, 0, 0, ] | rc = [16, 12, 12, 8, 22, 2, 14, 0, 0] | gpus = [2, 2, 2, 2, 1, 1, 1, 1, 4] | micro_bs = 2 | time = [31832, 30641, 32155, 34187, 73385, 33539, 66660, 32265, 38755] | memory = [27473, 27457, 26976, 27792, 27473, 25216, 27568, 18880, 10992]
>>>> [CONFIG: target(4), prim(inc_dp)]
|66547.64|27792.67| op = [50, 51, 52, 50, 54, 27, 56, 27, 52]| tp = [1, 1, 1, 1, 1, 1, 1, 1, 1, ] | dp = [2, 2, 2, 2, 2, 1, 1, 2, 2, ] | algo = [0, 0, 0, 0, 0, 0, 0, 0, 0, ] | rc = [16, 12, 12, 8, 8, 2, 14, 0, 0] | gpus = [2, 2, 2, 2, 2, 1, 1, 2, 2] | micro_bs = 2 | time = [31719, 30528, 32042, 34074, 34405, 33426, 66547, 16797, 35114] | memory = [27473, 27457, 26976, 27792, 25960, 25216, 27568, 12896, 21520]
>>>> [CONFIG: target(6), prim(dec_op)]
|34368.63|27792.67| op = [50, 51, 52, 50, 54, 27, 28, 59, 48]| tp = [1, 1, 1, 1, 1, 1, 1, 1, 1, ] | dp = [2, 2, 2, 2, 2, 1, 1, 2, 2, ] | algo = [0, 0, 0, 0, 0, 0, 0, 0, 0, ] | rc = [16, 12, 12, 8, 8, 2, 0, 0, 0] | gpus = [2, 2, 2, 2, 2, 1, 1, 2, 2] | micro_bs = 2 | time = [31682, 30491, 32005, 34037, 34368, 33388, 32957, 33012, 33325] | memory = [27473, 27457, 26976, 27792, 25960, 25216, 24320, 25712, 20640]
working on num_stages = 5
config has been saved to /home/liminglong.lml/sxz/SuperScaler/logs-large/aceso/configs/gpt/6_7B/gpt_6_7B_5stages_2026-5-14-6-1-41.json

========== Best Result (num_stages = 5) ==========
|48909.41|27968.76| op = [88, 93, 92, 76, 70]| tp = [1, 1, 1, 1, 1, ] | dp = [4, 4, 4, 2, 2, ] | algo = [0, 0, 0, 0, 0, ] | rc = [86, 90, 85, 30, 22] | gpus = [4, 4, 4, 2, 2] | micro_bs = 4 | time = [33592, 40334, 39950, 47861, 48909] | memory = [27768, 27920, 27704, 27968, 27952]
start|127332.75|19248.38| op = [83, 83, 83, 83, 87]| tp = [4, 4, 4, 2, 2, ] | dp = [1, 1, 1, 1, 1, ] | algo = [0, 0, 0, 0, 0, ] | rc = [0, 0, 0, 0, 0] | gpus = [4, 4, 4, 2, 2] | micro_bs = 1 | time = [107360, 109146, 112841, 111712, 127332] | memory = [18065, 15240, 12744, 19248, 17608]

[ Trial 0 ] |127332.75|19248.38| op = [83, 83, 83, 83, 87]| tp = [4, 4, 4, 2, 2, ] | dp = [1, 1, 1, 1, 1, ] | algo = [0, 0, 0, 0, 0, ] | rc = [0, 0, 0, 0, 0] | gpus = [4, 4, 4, 2, 2] | micro_bs = 1 | time = [107360, 109146, 112841, 111712, 127332] | memory = [18065, 15240, 12744, 19248, 17608]
>>>> [CONFIG: target(4), prim(dec_op)]
|117195.85|18624.42| op = [83, 86, 89, 80, 81]| tp = [4, 4, 4, 2, 2, ] | dp = [1, 1, 1, 1, 1, ] | algo = [0, 0, 0, 0, 0, ] | rc = [0, 0, 0, 0, 0] | gpus = [4, 4, 4, 2, 2] | micro_bs = 1 | time = [107359, 116860, 117195, 110412, 115782] | memory = [18065, 16008, 13488, 18624, 16184]

[ Trial 1 ] |117195.85|18624.42| op = [83, 86, 89, 80, 81]| tp = [4, 4, 4, 2, 2, ] | dp = [1, 1, 1, 1, 1, ] | algo = [0, 0, 0, 0, 0, ] | rc = [0, 0, 0, 0, 0] | gpus = [4, 4, 4, 2, 2] | micro_bs = 1 | time = [107359, 116860, 117195, 110412, 115782] | memory = [18065, 16008, 13488, 18624, 16184]
>>>> [CONFIG: target(2), prim(dec_tp)]
|125221.00|24576.70| op = [83, 86, 89, 80, 81]| tp = [4, 4, 2, 4, 2, ] | dp = [1, 1, 1, 1, 1, ] | algo = [0, 0, 0, 0, 0, ] | rc = [0, 0, 0, 0, 0] | gpus = [4, 4, 2, 4, 2] | micro_bs = 1 | time = [107360, 116861, 125220, 102894, 115782] | memory = [18065, 16008, 24576, 10016, 16184]
>>>> [CONFIG: target(2), prim(inc_mbs)]
|65640.22|27976.24| op = [83, 86, 89, 80, 81]| tp = [2, 2, 1, 2, 1, ] | dp = [2, 2, 2, 2, 2, ] | algo = [0, 0, 0, 0, 0, ] | rc = [10, 4, 50, 0, 26] | gpus = [4, 4, 2, 4, 2] | micro_bs = 2 | time = [58642, 63013, 65640, 55457, 56820] | memory = [25513, 26960, 27968, 18624, 27976]

[ Trial 2 ] |65640.22|27976.24| op = [83, 86, 89, 80, 81]| tp = [2, 2, 1, 2, 1, ] | dp = [2, 2, 2, 2, 2, ] | algo = [0, 0, 0, 0, 0, ] | rc = [10, 4, 50, 0, 26] | gpus = [4, 4, 2, 4, 2] | micro_bs = 2 | time = [58642, 63013, 65640, 55457, 56820] | memory = [25513, 26960, 27968, 18624, 27976]
>>>> [CONFIG: target(2), prim(inc_tp)]
|62999.03|27976.24| op = [83, 86, 89, 80, 81]| tp = [2, 2, 2, 1, 1, ] | dp = [2, 2, 2, 2, 2, ] | algo = [0, 0, 0, 0, 0, ] | rc = [10, 4, 0, 22, 26] | gpus = [4, 4, 4, 2, 2] | micro_bs = 2 | time = [58628, 62999, 62839, 50734, 56805] | memory = [25513, 26960, 24576, 27968, 27976]

[ Trial 3 ] |62999.03|27976.24| op = [83, 86, 89, 80, 81]| tp = [2, 2, 2, 1, 1, ] | dp = [2, 2, 2, 2, 2, ] | algo = [0, 0, 0, 0, 0, ] | rc = [10, 4, 0, 22, 26] | gpus = [4, 4, 4, 2, 2] | micro_bs = 2 | time = [58628, 62999, 62839, 50734, 56805] | memory = [25513, 26960, 24576, 27968, 27976]
>>>> [CONFIG: target(1), prim(dec_tp)]
|93871.14|27976.24| op = [83, 86, 89, 80, 81]| tp = [4, 1, 1, 1, 1, ] | dp = [2, 2, 2, 2, 2, ] | algo = [0, 0, 0, 0, 0, ] | rc = [0, 85, 50, 22, 26] | gpus = [8, 2, 2, 2, 2] | micro_bs = 2 | time = [61696, 93871, 62784, 50800, 56871] | memory = [18065, 26512, 27968, 27968, 27976]
>>>> [CONFIG: target(1), prim(dec_op)]
|64473.82|27976.24| op = [89, 80, 83, 86, 81]| tp = [4, 1, 1, 1, 1, ] | dp = [2, 2, 2, 2, 2, ] | algo = [0, 0, 0, 0, 0, ] | rc = [0, 42, 30, 40, 26] | gpus = [8, 2, 2, 2, 2] | micro_bs = 2 | time = [60625, 64473, 53112, 58807, 56809] | memory = [19525, 27840, 27880, 27920, 27976]
>>>> [CONFIG: target(1), prim(inc_tp)]
|62931.98|27976.24| op = [89, 80, 83, 86, 81]| tp = [2, 2, 2, 1, 1, ] | dp = [2, 2, 2, 2, 2, ] | algo = [0, 0, 0, 0, 0, ] | rc = [14, 0, 0, 40, 26] | gpus = [4, 4, 4, 2, 2] | micro_bs = 2 | time = [62931, 58356, 58940, 58811, 56813] | memory = [25273, 26304, 22704, 27920, 27976]

[ Trial 4 ] |62931.98|27976.24| op = [89, 80, 83, 86, 81]| tp = [2, 2, 2, 1, 1, ] | dp = [2, 2, 2, 2, 2, ] | algo = [0, 0, 0, 0, 0, ] | rc = [14, 0, 0, 40, 26] | gpus = [4, 4, 4, 2, 2] | micro_bs = 2 | time = [62931, 58356, 58940, 58811, 56813] | memory = [25273, 26304, 22704, 27920, 27976]
>>>> [CONFIG: target(0), prim(dec_op)]
|61852.56|27984.42| op = [85, 83, 82, 88, 81]| tp = [2, 2, 2, 1, 1, ] | dp = [2, 2, 2, 2, 2, ] | algo = [0, 0, 0, 0, 0, ] | rc = [14, 0, 0, 34, 26] | gpus = [4, 4, 4, 2, 2] | micro_bs = 2 | time = [59258, 61423, 61852, 57026, 56814] | memory = [24113, 26640, 22992, 27984, 27976]

[ Trial 5 ] |61852.56|27984.42| op = [85, 83, 82, 88, 81]| tp = [2, 2, 2, 1, 1, ] | dp = [2, 2, 2, 2, 2, ] | algo = [0, 0, 0, 0, 0, ] | rc = [14, 0, 0, 34, 26] | gpus = [4, 4, 4, 2, 2] | micro_bs = 2 | time = [59258, 61423, 61852, 57026, 56814] | memory = [24113, 26640, 22992, 27984, 27976]
>>>> [CONFIG: target(2), prim(dec_tp)]
|61556.15|27984.42| op = [85, 83, 82, 88, 81]| tp = [4, 1, 1, 1, 1, ] | dp = [2, 2, 2, 2, 2, ] | algo = [0, 0, 0, 0, 0, ] | rc = [0, 50, 40, 34, 26] | gpus = [8, 2, 2, 2, 2] | micro_bs = 2 | time = [55919, 61556, 57703, 57012, 56799] | memory = [18805, 27792, 27928, 27984, 27976]

[ Trial 6 ] |61556.15|27984.42| op = [85, 83, 82, 88, 81]| tp = [4, 1, 1, 1, 1, ] | dp = [2, 2, 2, 2, 2, ] | algo = [0, 0, 0, 0, 0, ] | rc = [0, 50, 40, 34, 26] | gpus = [8, 2, 2, 2, 2] | micro_bs = 2 | time = [55919, 61556, 57703, 57012, 56799] | memory = [18805, 27792, 27928, 27984, 27976]
>>>> [CONFIG: target(1), prim(dec_op)]
|60268.28|27984.42| op = [88, 80, 82, 88, 81]| tp = [4, 1, 1, 1, 1, ] | dp = [2, 2, 2, 2, 2, ] | algo = [0, 0, 0, 0, 0, ] | rc = [0, 43, 40, 34, 26] | gpus = [8, 2, 2, 2, 2] | micro_bs = 2 | time = [58720, 60268, 57705, 57015, 56802] | memory = [19157, 27952, 27928, 27984, 27976]

[ Trial 7 ] |60268.28|27984.42| op = [88, 80, 82, 88, 81]| tp = [4, 1, 1, 1, 1, ] | dp = [2, 2, 2, 2, 2, ] | algo = [0, 0, 0, 0, 0, ] | rc = [0, 43, 40, 34, 26] | gpus = [8, 2, 2, 2, 2] | micro_bs = 2 | time = [58720, 60268, 57705, 57015, 56802] | memory = [19157, 27952, 27928, 27984, 27976]
>>>> [CONFIG: target(1), prim(inc_tp)]
|61852.47|27984.42| op = [88, 80, 82, 88, 81]| tp = [2, 2, 2, 1, 1, ] | dp = [2, 2, 2, 2, 2, ] | algo = [0, 0, 0, 0, 0, ] | rc = [14, 0, 0, 34, 26] | gpus = [4, 4, 4, 2, 2] | micro_bs = 2 | time = [60844, 59791, 61852, 57026, 56814] | memory = [24537, 26304, 22992, 27984, 27976]
>>>> [CONFIG: target(2), prim(dec_dp)]
|112043.36|27984.42| op = [88, 80, 82, 88, 81]| tp = [4, 1, 2, 1, 1, ] | dp = [2, 2, 1, 2, 2, ] | algo = [0, 0, 0, 0, 0, ] | rc = [0, 43, 12, 34, 26] | gpus = [8, 2, 2, 2, 2] | micro_bs = 2 | time = [58826, 60374, 112043, 57121, 56909] | memory = [19157, 27952, 24833, 27984, 27976]
>>>> [CONFIG: target(2), prim(dec_tp)]
|131503.74|27984.42| op = [88, 80, 82, 88, 81]| tp = [4, 2, 1, 1, 1, ] | dp = [2, 2, 1, 2, 1, ] | algo = [0, 0, 0, 0, 0, ] | rc = [0, 0, 76, 34, 80] | gpus = [8, 4, 1, 2, 1] | micro_bs = 2 | time = [58993, 58600, 125046, 57288, 131503] | memory = [19157, 26304, 27504, 27984, 27824]
>>>> [CONFIG: target(4), prim(inc_tp)]
|110985.65|27984.42| op = [88, 80, 82, 88, 81]| tp = [4, 1, 1, 1, 2, ] | dp = [2, 2, 2, 2, 1, ] | algo = [0, 0, 0, 0, 0, ] | rc = [0, 43, 40, 34, 0] | gpus = [8, 2, 2, 2, 2] | micro_bs = 2 | time = [58826, 60374, 57811, 57120, 110985] | memory = [19157, 27952, 27928, 27984, 20232]
>>>> [CONFIG: target(4), prim(inc_mbs)]
|67296.60|27824.15| op = [88, 80, 82, 88, 81]| tp = [2, 1, 1, 1, 1, ] | dp = [4, 2, 2, 2, 2, ] | algo = [0, 0, 0, 0, 0, ] | rc = [14, 74, 76, 88, 80] | gpus = [8, 2, 2, 2, 2] | micro_bs = 4 | time = [32655, 64164, 63112, 67296, 66335] | memory = [24537, 27264, 27504, 26496, 27824]
>>>> [CONFIG: target(3), prim(dec_op)]
|53348.93|27985.73| op = [130, 72, 71, 76, 70]| tp = [2, 1, 1, 1, 1, ] | dp = [4, 2, 2, 2, 2, ] | algo = [0, 0, 0, 0, 0, ] | rc = [64, 54, 49, 30, 22] | gpus = [8, 2, 2, 2, 2] | micro_bs = 4 | time = [50941, 53348, 50567, 48020, 49068] | memory = [27985, 27584, 27312, 27968, 27952]

[ Trial 8 ] |53348.93|27985.73| op = [130, 72, 71, 76, 70]| tp = [2, 1, 1, 1, 1, ] | dp = [4, 2, 2, 2, 2, ] | algo = [0, 0, 0, 0, 0, ] | rc = [64, 54, 49, 30, 22] | gpus = [8, 2, 2, 2, 2] | micro_bs = 4 | time = [50941, 53348, 50567, 48020, 49068] | memory = [27985, 27584, 27312, 27968, 27952]
>>>> [CONFIG: target(1), prim(inc_dp)]
|50693.51|40800.15| op = [130, 72, 71, 76, 70]| tp = [1, 1, 1, 1, 1, ] | dp = [4, 4, 4, 2, 2, ] | algo = [0, 0, 0, 0, 0, ] | rc = [128, 20, 16, 30, 22] | gpus = [4, 4, 4, 2, 2] | micro_bs = 4 | time = [50693, 23828, 23871, 47801, 48849] | memory = [40800, 27648, 27496, 27968, 27952]
>>>> [CONFIG: target(0), prim(dec_op)]
|48909.41|27968.76| op = [88, 93, 92, 76, 70]| tp = [1, 1, 1, 1, 1, ] | dp = [4, 4, 4, 2, 2, ] | algo = [0, 0, 0, 0, 0, ] | rc = [86, 90, 85, 30, 22] | gpus = [4, 4, 4, 2, 2] | micro_bs = 4 | time = [33592, 40334, 39950, 47861, 48909] | memory = [27768, 27920, 27704, 27968, 27952]

num_targets: [1, 1, 1, 1, 1, 1]
num_hops: [1, 1, 7, 6, 6, 5]
search time = 200.00 s.  [0, 1, 2, 8, 9, 19, 43, 204, 205] 
num_explored_cases = 18682
time trend: [69702, 68104, 37042, 35881, 35081, 35078, 34368, 34368, 34370]


num_targets: [1, 1, 1, 1, 1, 1, 1, 1, 1]
num_hops: [1, 2, 1, 3, 1, 1, 1, 6, 2]
search time = 200.00 s.  [0, 1, 2, 3, 4, 5, 6, 7, 12, 13, 209] 
num_explored_cases = 14382
time trend: [127332, 117195, 65640, 62999, 62931, 61852, 61556, 60268, 53348, 48909, 48909]

working on num_stages = 3
config has been saved to /home/liminglong.lml/sxz/SuperScaler/logs-large/aceso/configs/gpt/6_7B/gpt_6_7B_3stages_2026-5-14-6-1-41.json

========== Best Result (num_stages = 3) ==========
|82186.44|27968.14| op = [116, 119, 184]| tp = [2, 2, 2, ] | dp = [2, 2, 4, ] | algo = [0, 0, 0, ] | rc = [46, 24, 155] | gpus = [4, 4, 8] | micro_bs = 4 | time = [80936, 82186, 78868] | memory = [27929, 27873, 27968]
start|183303.20|17184.70| op = [139, 139, 141]| tp = [8, 4, 4, ] | dp = [1, 1, 1, ] | algo = [0, 0, 0, ] | rc = [0, 0, 0] | gpus = [8, 4, 4] | micro_bs = 1 | time = [176122, 179849, 183303] | memory = [12835, 17184, 14344]

[ Trial 0 ] |183303.20|17184.70| op = [139, 139, 141]| tp = [8, 4, 4, ] | dp = [1, 1, 1, ] | algo = [0, 0, 0, ] | rc = [0, 0, 0] | gpus = [8, 4, 4] | micro_bs = 1 | time = [176122, 179849, 183303] | memory = [12835, 17184, 14344]
>>>> [CONFIG: target(2), prim(inc_mbs)]
|99501.34|27440.38| op = [139, 139, 141]| tp = [4, 2, 2, ] | dp = [2, 2, 2, ] | algo = [0, 0, 0, ] | rc = [0, 20, 0] | gpus = [8, 4, 4] | micro_bs = 2 | time = [89800, 98613, 99501] | memory = [21925, 26480, 27440]

[ Trial 1 ] |99501.34|27440.38| op = [139, 139, 141]| tp = [4, 2, 2, ] | dp = [2, 2, 2, ] | algo = [0, 0, 0, ] | rc = [0, 20, 0] | gpus = [8, 4, 4] | micro_bs = 2 | time = [89800, 98613, 99501] | memory = [21925, 26480, 27440]
>>>> [CONFIG: target(2), prim(dec_op)]
|98386.61|26232.38| op = [146, 138, 135]| tp = [4, 2, 2, ] | dp = [2, 2, 2, ] | algo = [0, 0, 0, ] | rc = [0, 20, 0] | gpus = [8, 4, 4] | micro_bs = 2 | time = [96994, 98386, 95246] | memory = [23065, 26112, 26232]

[ Trial 2 ] |98386.61|26232.38| op = [146, 138, 135]| tp = [4, 2, 2, ] | dp = [2, 2, 2, ] | algo = [0, 0, 0, ] | rc = [0, 20, 0] | gpus = [8, 4, 4] | micro_bs = 2 | time = [96994, 98386, 95246] | memory = [23065, 26112, 26232]
>>>> [CONFIG: target(1), prim(dec_mbs)]
|189144.32|16984.67| op = [146, 138, 135]| tp = [8, 4, 4, ] | dp = [1, 1, 1, ] | algo = [0, 0, 0, ] | rc = [0, 0, 0] | gpus = [8, 4, 4] | micro_bs = 1 | time = [189144, 177974, 175158] | memory = [13513, 16984, 13712]
>>>> [CONFIG: target(0), prim(dec_tp)]
|188237.38|23065.18| op = [146, 138, 135]| tp = [4, 4, 8, ] | dp = [1, 1, 1, ] | algo = [0, 0, 0, ] | rc = [0, 0, 0] | gpus = [4, 4, 8] | micro_bs = 1 | time = [188237, 178457, 175430] | memory = [23065, 16984, 7452]
>>>> [CONFIG: target(0), prim(inc_mbs)]
|107717.32|27993.18| op = [146, 138, 135]| tp = [2, 2, 4, ] | dp = [2, 2, 2, ] | algo = [0, 0, 0, ] | rc = [62, 20, 0] | gpus = [4, 4, 8] | micro_bs = 2 | time = [107717, 99128, 90715] | memory = [27993, 26112, 13712]
>>>> [CONFIG: target(0), prim(dec_op)]
|98984.01|27945.09| op = [135, 137, 147]| tp = [2, 2, 4, ] | dp = [2, 2, 2, ] | algo = [0, 0, 0, ] | rc = [36, 20, 0] | gpus = [4, 4, 8] | micro_bs = 2 | time = [96125, 98984, 98804] | memory = [27945, 26144, 14928]
>>>> [CONFIG: target(1), prim(inc_mbs)]
|99337.61|27976.39| op = [135, 137, 147]| tp = [2, 2, 2, ] | dp = [2, 2, 4, ] | algo = [0, 0, 0, ] | rc = [93, 48, 6] | gpus = [4, 4, 8] | micro_bs = 4 | time = [99337, 98378, 55009] | memory = [27497, 27889, 27976]
>>>> [CONFIG: target(0), prim(dec_op)]
|83713.84|27929.83| op = [115, 119, 185]| tp = [2, 2, 2, ] | dp = [2, 2, 4, ] | algo = [0, 0, 0, ] | rc = [44, 24, 164] | gpus = [4, 4, 8] | micro_bs = 4 | time = [80552, 83713, 79361] | memory = [27929, 27905, 27896]

[ Trial 3 ] |83713.84|27929.83| op = [115, 119, 185]| tp = [2, 2, 2, ] | dp = [2, 2, 4, ] | algo = [0, 0, 0, ] | rc = [44, 24, 164] | gpus = [4, 4, 8] | micro_bs = 4 | time = [80552, 83713, 79361] | memory = [27929, 27905, 27896]
>>>> [CONFIG: target(1), prim(inc_mbs)]
|118489.07|27617.95| op = [115, 119, 185]| tp = [2, 2, 4, ] | dp = [2, 2, 2, ] | algo = [0, 0, 0, ] | rc = [105, 84, 28] | gpus = [4, 4, 8] | micro_bs = 8 | time = [95771, 102148, 118489] | memory = [27584, 27617, 26869]
>>>> [CONFIG: target(2), prim(dec_dp)]
|279733.34|27929.83| op = [115, 119, 185]| tp = [2, 2, 4, ] | dp = [4, 2, 1, ] | algo = [0, 0, 0, ] | rc = [44, 84, 156] | gpus = [8, 4, 4] | micro_bs = 8 | time = [45141, 104435, 279733] | memory = [27929, 27617, 27106]
>>>> [CONFIG: target(1), prim(dec_op)]
|116870.92|30984.31| op = [194, 138, 87]| tp = [2, 2, 4, ] | dp = [4, 2, 1, ] | algo = [0, 0, 0, ] | rc = [192, 126, 10] | gpus = [8, 4, 4] | micro_bs = 8 | time = [94351, 116870, 112790] | memory = [30984, 25888, 27873]
>>>> [CONFIG: target(0), prim(dec_mbs)]
|126170.81|27985.30| op = [194, 138, 87]| tp = [4, 2, 2, ] | dp = [2, 2, 2, ] | algo = [0, 0, 0, ] | rc = [68, 44, 0] | gpus = [8, 4, 4] | micro_bs = 4 | time = [126170, 98252, 61701] | memory = [27862, 27985, 21784]
>>>> [CONFIG: target(0), prim(dec_tp)]
|181248.55|30984.31| op = [194, 138, 87]| tp = [2, 2, 2, ] | dp = [2, 2, 4, ] | algo = [0, 0, 0, ] | rc = [192, 44, 0] | gpus = [4, 4, 8] | micro_bs = 4 | time = [181248, 96126, 33948] | memory = [30984, 27985, 17608]
>>>> [CONFIG: target(0), prim(dec_op)]
|160576.85|27864.40| op = [171, 161, 87]| tp = [2, 2, 2, ] | dp = [2, 2, 4, ] | algo = [0, 0, 0, ] | rc = [169, 113, 0] | gpus = [4, 4, 8] | micro_bs = 4 | time = [160576, 119166, 33958] | memory = [27864, 27584, 17608]
>>>> [CONFIG: target(0), prim(dec_op)]
|84485.51|27977.92| op = [119, 117, 183]| tp = [2, 2, 2, ] | dp = [2, 2, 4, ] | algo = [0, 0, 0, ] | rc = [55, 22, 155] | gpus = [4, 4, 8] | micro_bs = 4 | time = [84485, 81603, 79544] | memory = [27977, 27969, 27968]

[ Trial 4 ] |84485.51|27977.92| op = [119, 117, 183]| tp = [2, 2, 2, ] | dp = [2, 2, 4, ] | algo = [0, 0, 0, ] | rc = [55, 22, 155] | gpus = [4, 4, 8] | micro_bs = 4 | time = [84485, 81603, 79544] | memory = [27977, 27969, 27968]
>>>> [CONFIG: target(1), prim(dec_op)]
|83636.19|27929.83| op = [116, 118, 185]| tp = [2, 2, 2, ] | dp = [2, 2, 4, ] | algo = [0, 0, 0, ] | rc = [46, 24, 164] | gpus = [4, 4, 8] | micro_bs = 4 | time = [80944, 83636, 79362] | memory = [27929, 27777, 27896]

[ Trial 5 ] |83636.19|27929.83| op = [116, 118, 185]| tp = [2, 2, 2, ] | dp = [2, 2, 4, ] | algo = [0, 0, 0, ] | rc = [46, 24, 164] | gpus = [4, 4, 8] | micro_bs = 4 | time = [80944, 83636, 79362] | memory = [27929, 27777, 27896]
>>>> [CONFIG: target(1), prim(inc_mbs)]
|118393.96|27584.61| op = [116, 118, 185]| tp = [2, 2, 4, ] | dp = [2, 2, 2, ] | algo = [0, 0, 0, ] | rc = [106, 93, 28] | gpus = [4, 4, 8] | micro_bs = 8 | time = [95778, 89872, 118393] | memory = [27584, 27104, 26869]
>>>> [CONFIG: target(2), prim(dec_tp)]
|174278.71|30888.30| op = [116, 118, 185]| tp = [2, 2, 2, ] | dp = [4, 2, 2, ] | algo = [0, 0, 0, ] | rc = [46, 93, 185] | gpus = [8, 4, 4] | micro_bs = 8 | time = [44418, 91336, 174278] | memory = [27929, 27104, 30888]
>>>> [CONFIG: target(2), prim(dec_op)]
|149159.18|27929.83| op = [116, 144, 159]| tp = [2, 2, 2, ] | dp = [4, 2, 2, ] | algo = [0, 0, 0, ] | rc = [46, 133, 158] | gpus = [8, 4, 4] | micro_bs = 8 | time = [44498, 126831, 149159] | memory = [27929, 26528, 27296]
>>>> [CONFIG: target(2), prim(inc_dp)]
|124714.04|37744.20| op = [116, 144, 159]| tp = [1, 2, 2, ] | dp = [4, 2, 4, ] | algo = [0, 0, 0, ] | rc = [114, 133, 84] | gpus = [4, 4, 8] | micro_bs = 8 | time = [44549, 124714, 60305] | memory = [37744, 26528, 27928]
>>>> [CONFIG: target(0), prim(dec_mbs)]
|107155.38|27929.83| op = [116, 144, 159]| tp = [2, 2, 2, ] | dp = [2, 2, 4, ] | algo = [0, 0, 0, ] | rc = [46, 81, 24] | gpus = [4, 4, 8] | micro_bs = 4 | time = [80954, 107155, 58442] | memory = [27929, 27697, 27128]
>>>> [CONFIG: target(1), prim(dec_op)]
|82186.44|27968.14| op = [116, 119, 184]| tp = [2, 2, 2, ] | dp = [2, 2, 4, ] | algo = [0, 0, 0, ] | rc = [46, 24, 155] | gpus = [4, 4, 8] | micro_bs = 4 | time = [80936, 82186, 78868] | memory = [27929, 27873, 27968]

num_targets: [1, 1, 1, 2, 1]
num_hops: [1, 1, 6, 1, 6]
search time = 200.00 s.  [0, 1, 2, 3, 49, 66, 70, 86, 96, 112, 113, 129, 158, 167, 183, 184, 185, 195, 201, 202, 203, 211, 212, 213, 214, 215, 216, 217, 218, 219, 220, 221, 222, 223, 224, 225, 226, 227, 228, 229, 230, 231, 232, 233, 234, 235, 236, 237, 238, 239, 240, 241, 242, 243, 244, 245, 246, 247, 248] 
num_explored_cases = 13675
working on num_stages = 6
config has been saved to /home/liminglong.lml/sxz/SuperScaler/logs-large/aceso/configs/gpt/6_7B/gpt_6_7B_6stages_2026-5-14-6-1-41.json

========== Best Result (num_stages = 6) ==========
|40070.87|27984.36| op = [54, 57, 94, 92, 65, 57]| tp = [1, 1, 1, 1, 1, 1, ] | dp = [2, 2, 4, 4, 2, 2, ] | algo = [0, 0, 0, 0, 0, 0, ] | rc = [36, 28, 94, 85, 18, 10] | gpus = [2, 2, 4, 4, 2, 2] | micro_bs = 4 | time = [37478, 38392, 37532, 37808, 40013, 40070] | memory = [27713, 27841, 26480, 27704, 27776, 27984]
start|109861.80|22240.74| op = [69, 69, 69, 69, 69, 74]| tp = [4, 4, 2, 2, 2, 2, ] | dp = [1, 1, 1, 1, 1, 1, ] | algo = [0, 0, 0, 0, 0, 0, ] | rc = [0, 0, 0, 0, 0, 0] | gpus = [4, 4, 2, 2, 2, 2] | micro_bs = 1 | time = [90854, 92729, 99053, 97031, 90457, 109861] | memory = [17317, 14832, 22240, 19392, 15808, 15256]

[ Trial 0 ] |109861.80|22240.74| op = [69, 69, 69, 69, 69, 74]| tp = [4, 4, 2, 2, 2, 2, ] | dp = [1, 1, 1, 1, 1, 1, ] | algo = [0, 0, 0, 0, 0, 0, ] | rc = [0, 0, 0, 0, 0, 0] | gpus = [4, 4, 2, 2, 2, 2] | micro_bs = 1 | time = [90854, 92729, 99053, 97031, 90457, 109861] | memory = [17317, 14832, 22240, 19392, 15808, 15256]
>>>> [CONFIG: target(5), prim(inc_mbs)]
|49742.35|27936.74| op = [69, 69, 69, 69, 69, 74]| tp = [2, 2, 1, 1, 1, 1, ] | dp = [2, 2, 2, 2, 2, 2, ] | algo = [0, 0, 0, 0, 0, 0, ] | rc = [6, 0, 18, 14, 8, 10] | gpus = [4, 4, 2, 2, 2, 2] | micro_bs = 2 | time = [49280, 49742, 45552, 42957, 40252, 49634] | memory = [25993, 26704, 27936, 27544, 26432, 27520]

[ Trial 1 ] |49742.35|27936.74| op = [69, 69, 69, 69, 69, 74]| tp = [2, 2, 1, 1, 1, 1, ] | dp = [2, 2, 2, 2, 2, 2, ] | algo = [0, 0, 0, 0, 0, 0, ] | rc = [6, 0, 18, 14, 8, 10] | gpus = [4, 4, 2, 2, 2, 2] | micro_bs = 2 | time = [49280, 49742, 45552, 42957, 40252, 49634] | memory = [25993, 26704, 27936, 27544, 26432, 27520]
>>>> [CONFIG: target(1), prim(dec_tp)]
|50323.56|27936.74| op = [69, 69, 69, 69, 69, 74]| tp = [2, 1, 1, 1, 2, 1, ] | dp = [2, 2, 2, 2, 2, 2, ] | algo = [0, 0, 0, 0, 0, 0, ] | rc = [6, 23, 18, 14, 0, 10] | gpus = [4, 2, 2, 2, 4, 2] | micro_bs = 2 | time = [49300, 43393, 50011, 50323, 45460, 49655] | memory = [25993, 27600, 27936, 27544, 15808, 27520]
>>>> [CONFIG: target(3), prim(inc_tp)]
|53098.53|27936.74| op = [69, 69, 69, 69, 69, 74]| tp = [2, 1, 1, 2, 1, 1, ] | dp = [2, 2, 2, 2, 2, 2, ] | algo = [0, 0, 0, 0, 0, 0, ] | rc = [6, 23, 18, 0, 8, 10] | gpus = [4, 2, 2, 4, 2, 2] | micro_bs = 2 | time = [49296, 43388, 50006, 53098, 40268, 49650] | memory = [25993, 27600, 27936, 19392, 26432, 27520]
>>>> [CONFIG: target(3), prim(dec_dp)]
|102585.89|27936.74| op = [69, 69, 69, 69, 69, 74]| tp = [2, 1, 1, 2, 2, 1, ] | dp = [2, 2, 2, 1, 2, 2, ] | algo = [0, 0, 0, 0, 0, 0, ] | rc = [6, 23, 18, 4, 0, 10] | gpus = [4, 2, 2, 2, 4, 2] | micro_bs = 2 | time = [49402, 43495, 50113, 102585, 45562, 49757] | memory = [25993, 27600, 27936, 26465, 15808, 27520]
>>>> [CONFIG: target(3), prim(dec_op)]
|57254.38|27992.88| op = [69, 74, 78, 39, 85, 74]| tp = [2, 1, 1, 2, 2, 1, ] | dp = [2, 2, 2, 1, 2, 2, ] | algo = [0, 0, 0, 0, 0, 0, ] | rc = [6, 39, 32, 0, 0, 10] | gpus = [4, 2, 2, 2, 4, 2] | micro_bs = 2 | time = [49361, 52761, 54094, 57254, 56310, 49716] | memory = [25993, 27992, 27968, 17312, 19328, 27520]
>>>> [CONFIG: target(3), prim(inc_mbs)]
|60741.33|27920.24| op = [69, 74, 78, 39, 85, 74]| tp = [1, 1, 1, 1, 1, 1, ] | dp = [4, 2, 2, 2, 4, 2, ] | algo = [0, 0, 0, 0, 0, 0, ] | rc = [62, 74, 75, 4, 22, 49] | gpus = [4, 2, 2, 2, 4, 2] | micro_bs = 4 | time = [26397, 57304, 60741, 26007, 26399, 57216] | memory = [27816, 26736, 26592, 26656, 27888, 27920]
>>>> [CONFIG: target(2), prim(dec_op)]
|43359.61|29408.18| op = [89, 52, 54, 62, 97, 65]| tp = [1, 1, 1, 1, 1, 1, ] | dp = [4, 2, 2, 2, 4, 2, ] | algo = [0, 0, 0, 0, 0, 0, ] | rc = [87, 22, 20, 18, 97, 10] | gpus = [4, 2, 2, 2, 4, 2] | micro_bs = 4 | time = [34818, 34129, 38103, 39143, 39063, 43359] | memory = [29408, 27553, 27521, 27520, 29040, 27968]
>>>> [CONFIG: target(0), prim(dec_op)]
|43372.00|27984.09| op = [88, 53, 54, 63, 96, 65]| tp = [1, 1, 1, 1, 1, 1, ] | dp = [4, 2, 2, 2, 4, 2, ] | algo = [0, 0, 0, 0, 0, 0, ] | rc = [86, 26, 20, 20, 96, 10] | gpus = [4, 2, 2, 2, 4, 2] | micro_bs = 4 | time = [33670, 37462, 38115, 41193, 38037, 43371] | memory = [27968, 27713, 27521, 27392, 27984, 27968]

[ Trial 2 ] |43372.00|27984.09| op = [88, 53, 54, 63, 96, 65]| tp = [1, 1, 1, 1, 1, 1, ] | dp = [4, 2, 2, 2, 4, 2, ] | algo = [0, 0, 0, 0, 0, 0, ] | rc = [86, 26, 20, 20, 96, 10] | gpus = [4, 2, 2, 2, 4, 2] | micro_bs = 4 | time = [33670, 37462, 38115, 41193, 38037, 43371] | memory = [27968, 27713, 27521, 27392, 27984, 27968]
>>>> [CONFIG: target(5), prim(dec_op)]
|42830.60|31472.18| op = [94, 56, 56, 57, 100, 56]| tp = [1, 1, 1, 1, 1, 1, ] | dp = [4, 2, 2, 2, 4, 2, ] | algo = [0, 0, 0, 0, 0, 0, ] | rc = [92, 26, 20, 16, 100, 8] | gpus = [4, 2, 2, 2, 4, 2] | micro_bs = 4 | time = [37077, 36470, 42830, 42698, 38610, 39382] | memory = [31472, 27553, 27713, 27088, 27360, 27984]
>>>> [CONFIG: target(0), prim(dec_op)]
|45329.21|27984.33| op = [88, 62, 56, 57, 100, 56]| tp = [1, 1, 1, 1, 1, 1, ] | dp = [4, 2, 2, 2, 4, 2, ] | algo = [0, 0, 0, 0, 0, 0, ] | rc = [86, 45, 20, 16, 100, 8] | gpus = [4, 2, 2, 2, 4, 2] | micro_bs = 4 | time = [33711, 45329, 42851, 42720, 38631, 39403] | memory = [27968, 27776, 27713, 27088, 27360, 27984]
>>>> [CONFIG: target(1), prim(inc_dp)]
|64955.31|30304.53| op = [88, 62, 56, 57, 100, 56]| tp = [1, 1, 1, 1, 1, 1, ] | dp = [2, 4, 2, 2, 4, 2, ] | algo = [0, 0, 0, 0, 0, 0, ] | rc = [86, 16, 20, 16, 100, 8] | gpus = [2, 4, 2, 2, 4, 2] | micro_bs = 4 | time = [64955, 20328, 42876, 42744, 38655, 39428] | memory = [30304, 27864, 27713, 27088, 27360, 27984]
>>>> [CONFIG: target(0), prim(dec_op)]
|55234.05|27984.33| op = [75, 75, 56, 57, 100, 56]| tp = [1, 1, 1, 1, 1, 1, ] | dp = [2, 4, 2, 2, 4, 2, ] | algo = [0, 0, 0, 0, 0, 0, ] | rc = [73, 38, 20, 16, 100, 8] | gpus = [2, 4, 2, 2, 4, 2] | micro_bs = 4 | time = [55234, 26998, 42864, 42732, 38644, 39416] | memory = [26656, 27928, 27713, 27088, 27360, 27984]
>>>> [CONFIG: target(0), prim(dec_op)]
|42837.61|27984.33| op = [54, 96, 56, 57, 100, 56]| tp = [1, 1, 1, 1, 1, 1, ] | dp = [2, 4, 2, 2, 4, 2, ] | algo = [0, 0, 0, 0, 0, 0, ] | rc = [36, 96, 20, 16, 100, 8] | gpus = [2, 4, 2, 2, 4, 2] | micro_bs = 4 | time = [37507, 37842, 42837, 42705, 38617, 39389] | memory = [27713, 27272, 27713, 27088, 27360, 27984]

[ Trial 3 ] |42837.61|27984.33| op = [54, 96, 56, 57, 100, 56]| tp = [1, 1, 1, 1, 1, 1, ] | dp = [2, 4, 2, 2, 4, 2, ] | algo = [0, 0, 0, 0, 0, 0, ] | rc = [36, 96, 20, 16, 100, 8] | gpus = [2, 4, 2, 2, 4, 2] | micro_bs = 4 | time = [37507, 37842, 42837, 42705, 38617, 39389] | memory = [27713, 27272, 27713, 27088, 27360, 27984]
>>>> [CONFIG: target(2), prim(inc_dp)]
|73324.39|29488.06| op = [54, 96, 56, 57, 100, 56]| tp = [1, 1, 1, 1, 1, 1, ] | dp = [2, 2, 4, 2, 4, 2, ] | algo = [0, 0, 0, 0, 0, 0, ] | rc = [36, 96, 8, 16, 100, 8] | gpus = [2, 2, 4, 2, 4, 2] | micro_bs = 4 | time = [37560, 73324, 21135, 42759, 38670, 39443] | memory = [27713, 29488, 25408, 27088, 27360, 27984]
>>>> [CONFIG: target(1), prim(inc_tp)]
|66039.71|27984.33| op = [54, 96, 56, 57, 100, 56]| tp = [1, 2, 1, 1, 1, 1, ] | dp = [2, 2, 2, 2, 4, 2, ] | algo = [0, 0, 0, 0, 0, 0, ] | rc = [36, 36, 20, 16, 100, 8] | gpus = [2, 4, 2, 2, 4, 2] | micro_bs = 4 | time = [37617, 66039, 42947, 42816, 38727, 39499] | memory = [27713, 27922, 27713, 27088, 27360, 27984]
>>>> [CONFIG: target(1), prim(dec_tp)]
|73330.03|29488.06| op = [54, 96, 56, 57, 100, 56]| tp = [1, 1, 1, 1, 1, 1, ] | dp = [4, 2, 2, 2, 4, 2, ] | algo = [0, 0, 0, 0, 0, 0, ] | rc = [14, 96, 20, 16, 100, 8] | gpus = [4, 2, 2, 2, 4, 2] | micro_bs = 4 | time = [17250, 73330, 42896, 42765, 38676, 39448] | memory = [27472, 29488, 27713, 27088, 27360, 27984]
>>>> [CONFIG: target(1), prim(dec_op)]
|66906.09|27984.33| op = [54, 88, 64, 57, 100, 56]| tp = [1, 1, 1, 1, 1, 1, ] | dp = [4, 2, 2, 2, 4, 2, ] | algo = [0, 0, 0, 0, 0, 0, ] | rc = [14, 88, 36, 16, 100, 8] | gpus = [4, 2, 2, 2, 4, 2] | micro_bs = 4 | time = [17263, 66906, 52798, 42778, 38690, 39462] | memory = [27472, 27712, 27905, 27088, 27360, 27984]
>>>> [CONFIG: target(1), prim(inc_dp)]
|52744.61|27984.33| op = [54, 88, 64, 57, 100, 56]| tp = [1, 1, 1, 1, 1, 1, ] | dp = [2, 4, 2, 2, 4, 2, ] | algo = [0, 0, 0, 0, 0, 0, ] | rc = [36, 82, 36, 16, 100, 8] | gpus = [2, 4, 2, 2, 4, 2] | micro_bs = 4 | time = [37526, 32913, 52744, 42725, 38636, 39409] | memory = [27713, 27672, 27905, 27088, 27360, 27984]
>>>> [CONFIG: target(2), prim(inc_dp)]
|66873.55|27984.33| op = [54, 88, 64, 57, 100, 56]| tp = [1, 1, 1, 1, 1, 1, ] | dp = [2, 2, 4, 2, 4, 2, ] | algo = [0, 0, 0, 0, 0, 0, ] | rc = [36, 88, 14, 16, 100, 8] | gpus = [2, 2, 4, 2, 4, 2] | micro_bs = 4 | time = [37547, 66873, 24151, 42746, 38657, 39429] | memory = [27713, 27712, 27328, 27088, 27360, 27984]
>>>> [CONFIG: target(1), prim(dec_op)]
|42704.48|27984.33| op = [54, 60, 92, 57, 100, 56]| tp = [1, 1, 1, 1, 1, 1, ] | dp = [2, 2, 4, 2, 4, 2, ] | algo = [0, 0, 0, 0, 0, 0, ] | rc = [36, 30, 89, 16, 100, 8] | gpus = [2, 2, 4, 2, 4, 2] | micro_bs = 4 | time = [37505, 39961, 40332, 42704, 38615, 39388] | memory = [27713, 27793, 27920, 27088, 27360, 27984]

[ Trial 4 ] |42704.48|27984.33| op = [54, 60, 92, 57, 100, 56]| tp = [1, 1, 1, 1, 1, 1, ] | dp = [2, 2, 4, 2, 4, 2, ] | algo = [0, 0, 0, 0, 0, 0, ] | rc = [36, 30, 89, 16, 100, 8] | gpus = [2, 2, 4, 2, 4, 2] | micro_bs = 4 | time = [37505, 39961, 40332, 42704, 38615, 39388] | memory = [27713, 27793, 27920, 27088, 27360, 27984]
>>>> [CONFIG: target(3), prim(inc_dp)]
|74812.46|29088.06| op = [54, 60, 92, 57, 100, 56]| tp = [1, 1, 1, 1, 1, 1, ] | dp = [2, 2, 4, 4, 2, 2, ] | algo = [0, 0, 0, 0, 0, 0, ] | rc = [36, 30, 89, 4, 100, 8] | gpus = [2, 2, 4, 4, 2, 2] | micro_bs = 4 | time = [37563, 40018, 40390, 21361, 74812, 39445] | memory = [27713, 27793, 27920, 27336, 29088, 27984]
>>>> [CONFIG: target(4), prim(dec_op)]
|64909.66|27984.33| op = [54, 60, 92, 67, 90, 56]| tp = [1, 1, 1, 1, 1, 1, ] | dp = [2, 2, 4, 4, 2, 2, ] | algo = [0, 0, 0, 0, 0, 0, ] | rc = [36, 30, 89, 10, 86, 8] | gpus = [2, 2, 4, 4, 2, 2] | micro_bs = 4 | time = [37538, 39993, 40365, 24709, 64909, 39420] | memory = [27713, 27793, 27920, 27888, 27648, 27984]
>>>> [CONFIG: target(4), prim(dec_op)]
|40318.00|27984.33| op = [54, 60, 92, 93, 64, 56]| tp = [1, 1, 1, 1, 1, 1, ] | dp = [2, 2, 4, 4, 2, 2, ] | algo = [0, 0, 0, 0, 0, 0, ] | rc = [36, 30, 89, 86, 14, 8] | gpus = [2, 2, 4, 4, 2, 2] | micro_bs = 4 | time = [37491, 39946, 40318, 40147, 37392, 39373] | memory = [27713, 27793, 27920, 27704, 27776, 27984]

[ Trial 5 ] |40318.00|27984.33| op = [54, 60, 92, 93, 64, 56]| tp = [1, 1, 1, 1, 1, 1, ] | dp = [2, 2, 4, 4, 2, 2, ] | algo = [0, 0, 0, 0, 0, 0, ] | rc = [36, 30, 89, 86, 14, 8] | gpus = [2, 2, 4, 4, 2, 2] | micro_bs = 4 | time = [37491, 39946, 40318, 40147, 37392, 39373] | memory = [27713, 27793, 27920, 27704, 27776, 27984]
>>>> [CONFIG: target(3), prim(dec_dp)]
|78715.48|29200.16| op = [54, 60, 92, 93, 64, 56]| tp = [1, 1, 1, 1, 1, 1, ] | dp = [2, 2, 4, 2, 4, 2, ] | algo = [0, 0, 0, 0, 0, 0, ] | rc = [36, 30, 89, 93, 0, 8] | gpus = [2, 2, 4, 2, 4, 2] | micro_bs = 4 | time = [37567, 40022, 40394, 78715, 18410, 39449] | memory = [27713, 27793, 27920, 29200, 27520, 27984]
>>>> [CONFIG: target(3), prim(dec_op)]
|73189.91|27984.33| op = [54, 60, 92, 90, 67, 56]| tp = [1, 1, 1, 1, 1, 1, ] | dp = [2, 2, 4, 2, 4, 2, ] | algo = [0, 0, 0, 0, 0, 0, ] | rc = [36, 30, 89, 83, 6, 8] | gpus = [2, 2, 4, 2, 4, 2] | micro_bs = 4 | time = [37554, 40009, 40381, 73189, 20678, 39436] | memory = [27713, 27793, 27920, 27760, 27232, 27984]
>>>> [CONFIG: target(3), prim(dec_mbs)]
|70120.62|27808.76| op = [54, 60, 92, 90, 67, 56]| tp = [1, 1, 2, 1, 2, 1, ] | dp = [2, 2, 2, 2, 2, 2, ] | algo = [0, 0, 0, 0, 0, 0, ] | rc = [14, 12, 8, 48, 0, 0] | gpus = [2, 2, 4, 2, 4, 2] | micro_bs = 2 | time = [33181, 35644, 69211, 70120, 46693, 38311] | memory = [27472, 27768, 26080, 27808, 15648, 23656]
>>>> [CONFIG: target(2), prim(dec_op)]
|56487.49|27856.67| op = [61, 72, 73, 78, 71, 64]| tp = [1, 1, 2, 1, 2, 1, ] | dp = [2, 2, 2, 2, 2, 2, ] | algo = [0, 0, 0, 0, 0, 0, ] | rc = [20, 34, 0, 24, 0, 0] | gpus = [2, 2, 4, 2, 4, 2] | micro_bs = 2 | time = [37760, 50488, 53498, 56487, 49285, 42334] | memory = [27712, 27848, 24048, 27856, 16464, 26080]
>>>> [CONFIG: target(3), prim(inc_tp)]
|57739.76|27848.96| op = [61, 72, 73, 78, 71, 64]| tp = [1, 1, 2, 2, 1, 1, ] | dp = [2, 2, 2, 2, 2, 2, ] | algo = [0, 0, 0, 0, 0, 0, ] | rc = [20, 34, 0, 0, 10, 0] | gpus = [2, 2, 4, 4, 2, 2] | micro_bs = 2 | time = [37751, 50479, 53489, 57739, 43309, 42324] | memory = [27712, 27848, 24048, 21744, 26480, 26080]
>>>> [CONFIG: target(3), prim(inc_mbs)]
|55688.16|27936.74| op = [61, 72, 73, 78, 71, 64]| tp = [1, 1, 1, 1, 1, 1, ] | dp = [2, 2, 4, 4, 2, 2, ] | algo = [0, 0, 0, 0, 0, 0, ] | rc = [54, 66, 22, 24, 33, 10] | gpus = [2, 2, 4, 4, 2, 2] | micro_bs = 4 | time = [43070, 55688, 26852, 28851, 48036, 43486] | memory = [27408, 26368, 27456, 27856, 27936, 27904]
>>>> [CONFIG: target(1), prim(dec_op)]
|40070.87|27984.36| op = [54, 57, 94, 92, 65, 57]| tp = [1, 1, 1, 1, 1, 1, ] | dp = [2, 2, 4, 4, 2, 2, ] | algo = [0, 0, 0, 0, 0, 0, ] | rc = [36, 28, 94, 85, 18, 10] | gpus = [2, 2, 4, 4, 2, 2] | micro_bs = 4 | time = [37478, 38392, 37532, 37808, 40013, 40070] | memory = [27713, 27841, 26480, 27704, 27776, 27984]
time trend: [183303, 99501, 98386, 83713, 83713, 83636, 82186, 82186, 84087, 86115, 86547, 86288, 84683, 84128, 84125, 84402, 86804, 86677, 86677, 86937, 86937, 86938, 87270, 87270, 87270, 87324, 87324, 87464, 87464, 88091, 88127, 88546, 89045, 89116, 89206, 89207, 89340, 89340, 90136, 90762, 90762, 91640, 91685, 93834, 93834, 94770, 94770, 94809, 95310, 95698, 96185, 96355, 96649, 96649, 96649, 97046, 97267, 97267, 97931]


num_targets: [1, 1, 1, 1, 1, 2]
num_hops: [1, 7, 5, 7, 3, 7]
search time = 200.01 s.  [0, 1, 4, 10, 11, 12, 133, 204] 
num_explored_cases = 16287
time trend: [109861, 49742, 43371, 42837, 42704, 40318, 40070, 40070]

working on num_stages = 11
config has been saved to /home/liminglong.lml/sxz/SuperScaler/logs-large/aceso/configs/gpt/6_7B/gpt_6_7B_11stages_2026-5-14-6-1-41.json

========== Best Result (num_stages = 11) ==========
|34886.73|27808.37| op = [50, 52, 52, 51, 50, 29, 28, 29, 30, 30, 18]| tp = [1, 1, 1, 1, 1, 1, 1, 1, 1, 1, 1, ] | dp = [2, 2, 2, 2, 2, 1, 1, 1, 1, 1, 1, ] | algo = [0, 0, 0, 0, 0, 0, 0, 0, 0, 0, 0, ] | rc = [22, 16, 16, 12, 12, 4, 4, 2, 0, 0, 0] | gpus = [2, 2, 2, 2, 2, 1, 1, 1, 1, 1, 1] | micro_bs = 2 | time = [33692, 33101, 33101, 33538, 34886, 34571, 34551, 33294, 32782, 33956, 32277] | memory = [27633, 27617, 26321, 27457, 26696, 25952, 23680, 25152, 27808, 19680, 13360]
start|56384.42|27616.48| op = [38, 38, 38, 38, 38, 38, 38, 38, 38, 38, 39]| tp = [2, 2, 2, 2, 2, 1, 1, 1, 1, 1, 1, ] | dp = [1, 1, 1, 1, 1, 1, 1, 1, 1, 1, 1, ] | algo = [0, 0, 0, 0, 0, 0, 0, 0, 0, 0, 0, ] | rc = [0, 0, 0, 0, 0, 4, 0, 0, 0, 0, 0] | gpus = [2, 2, 2, 2, 2, 1, 1, 1, 1, 1, 1] | micro_bs = 1 | time = [52886, 53672, 49664, 56369, 56384, 45243, 44764, 45796, 45921, 44903, 55132] | memory = [26969, 24128, 21729, 20352, 18296, 24448, 27616, 22976, 21584, 17376, 16928]

[ Trial 0 ] |56384.42|27616.48| op = [38, 38, 38, 38, 38, 38, 38, 38, 38, 38, 39]| tp = [2, 2, 2, 2, 2, 1, 1, 1, 1, 1, 1, ] | dp = [1, 1, 1, 1, 1, 1, 1, 1, 1, 1, 1, ] | algo = [0, 0, 0, 0, 0, 0, 0, 0, 0, 0, 0, ] | rc = [0, 0, 0, 0, 0, 4, 0, 0, 0, 0, 0] | gpus = [2, 2, 2, 2, 2, 1, 1, 1, 1, 1, 1] | micro_bs = 1 | time = [52886, 53672, 49664, 56369, 56384, 45243, 44764, 45796, 45921, 44903, 55132] | memory = [26969, 24128, 21729, 20352, 18296, 24448, 27616, 22976, 21584, 17376, 16928]
>>>> [CONFIG: target(4), prim(dec_tp)]
|56367.78|27616.48| op = [38, 38, 38, 38, 38, 38, 38, 38, 38, 38, 39]| tp = [2, 2, 2, 2, 1, 2, 1, 1, 1, 1, 1, ] | dp = [1, 1, 1, 1, 1, 1, 1, 1, 1, 1, 1, ] | algo = [0, 0, 0, 0, 0, 0, 0, 0, 0, 0, 0, ] | rc = [0, 0, 0, 0, 6, 0, 0, 0, 0, 0, 0] | gpus = [2, 2, 2, 2, 1, 2, 1, 1, 1, 1, 1] | micro_bs = 1 | time = [52884, 53671, 49663, 56367, 49639, 50709, 44763, 45795, 45919, 44902, 55131] | memory = [26969, 24128, 21729, 20352, 22776, 16448, 27616, 22976, 21584, 17376, 16928]

[ Trial 1 ] |56367.78|27616.48| op = [38, 38, 38, 38, 38, 38, 38, 38, 38, 38, 39]| tp = [2, 2, 2, 2, 1, 2, 1, 1, 1, 1, 1, ] | dp = [1, 1, 1, 1, 1, 1, 1, 1, 1, 1, 1, ] | algo = [0, 0, 0, 0, 0, 0, 0, 0, 0, 0, 0, ] | rc = [0, 0, 0, 0, 6, 0, 0, 0, 0, 0, 0] | gpus = [2, 2, 2, 2, 1, 2, 1, 1, 1, 1, 1] | micro_bs = 1 | time = [52884, 53671, 49663, 56367, 49639, 50709, 44763, 45795, 45919, 44902, 55131] | memory = [26969, 24128, 21729, 20352, 22776, 16448, 27616, 22976, 21584, 17376, 16928]
>>>> [CONFIG: target(3), prim(dec_tp)]
|55121.54|27616.48| op = [38, 38, 38, 38, 38, 38, 38, 38, 38, 38, 39]| tp = [2, 2, 4, 1, 1, 1, 1, 1, 1, 1, 1, ] | dp = [1, 1, 1, 1, 1, 1, 1, 1, 1, 1, 1, ] | algo = [0, 0, 0, 0, 0, 0, 0, 0, 0, 0, 0, ] | rc = [0, 0, 0, 6, 6, 4, 0, 0, 0, 0, 0] | gpus = [2, 2, 4, 1, 1, 1, 1, 1, 1, 1, 1] | micro_bs = 1 | time = [52874, 53661, 52043, 52383, 46579, 45232, 44753, 45785, 45909, 44892, 55121] | memory = [26969, 24128, 12448, 24640, 22776, 24448, 27616, 22976, 21584, 17376, 16928]

[ Trial 2 ] |55121.54|27616.48| op = [38, 38, 38, 38, 38, 38, 38, 38, 38, 38, 39]| tp = [2, 2, 4, 1, 1, 1, 1, 1, 1, 1, 1, ] | dp = [1, 1, 1, 1, 1, 1, 1, 1, 1, 1, 1, ] | algo = [0, 0, 0, 0, 0, 0, 0, 0, 0, 0, 0, ] | rc = [0, 0, 0, 6, 6, 4, 0, 0, 0, 0, 0] | gpus = [2, 2, 4, 1, 1, 1, 1, 1, 1, 1, 1] | micro_bs = 1 | time = [52874, 53661, 52043, 52383, 46579, 45232, 44753, 45785, 45909, 44892, 55121] | memory = [26969, 24128, 12448, 24640, 22776, 24448, 27616, 22976, 21584, 17376, 16928]
>>>> [CONFIG: target(10), prim(dec_op)]
|52618.58|26400.48| op = [36, 32, 38, 39, 39, 39, 40, 41, 38, 42, 35]| tp = [2, 2, 4, 1, 1, 1, 1, 1, 1, 1, 1, ] | dp = [1, 1, 1, 1, 1, 1, 1, 1, 1, 1, 1, ] | algo = [0, 0, 0, 0, 0, 0, 0, 0, 0, 0, 0, ] | rc = [0, 0, 0, 6, 6, 4, 2, 0, 0, 0, 0] | gpus = [2, 2, 4, 1, 1, 1, 1, 1, 1, 1, 1] | micro_bs = 1 | time = [48516, 48606, 52221, 52618, 46800, 46052, 48168, 47372, 45906, 48119, 51611] | memory = [25689, 19360, 12512, 24768, 23056, 24800, 26400, 25408, 21584, 19072, 16048]

[ Trial 3 ] |52618.58|26400.48| op = [36, 32, 38, 39, 39, 39, 40, 41, 38, 42, 35]| tp = [2, 2, 4, 1, 1, 1, 1, 1, 1, 1, 1, ] | dp = [1, 1, 1, 1, 1, 1, 1, 1, 1, 1, 1, ] | algo = [0, 0, 0, 0, 0, 0, 0, 0, 0, 0, 0, ] | rc = [0, 0, 0, 6, 6, 4, 2, 0, 0, 0, 0] | gpus = [2, 2, 4, 1, 1, 1, 1, 1, 1, 1, 1] | micro_bs = 1 | time = [48516, 48606, 52221, 52618, 46800, 46052, 48168, 47372, 45906, 48119, 51611] | memory = [25689, 19360, 12512, 24768, 23056, 24800, 26400, 25408, 21584, 19072, 16048]
>>>> [CONFIG: target(3), prim(inc_tp)]
|59376.73|26400.48| op = [36, 32, 38, 39, 39, 39, 40, 41, 38, 42, 35]| tp = [2, 2, 2, 2, 2, 1, 1, 1, 1, 1, 1, ] | dp = [1, 1, 1, 1, 1, 1, 1, 1, 1, 1, 1, ] | algo = [0, 0, 0, 0, 0, 0, 0, 0, 0, 0, 0, ] | rc = [0, 0, 0, 0, 0, 4, 2, 0, 0, 0, 0] | gpus = [2, 2, 2, 2, 2, 1, 1, 1, 1, 1, 1] | micro_bs = 1 | time = [48533, 48623, 49774, 59376, 59376, 46068, 48184, 47388, 45923, 48136, 51627] | memory = [25689, 19360, 21856, 20480, 18576, 24800, 26400, 25408, 21584, 19072, 16048]
>>>> [CONFIG: target(3), prim(dec_tp)]
|59360.73|26721.14| op = [36, 32, 38, 39, 39, 39, 40, 41, 38, 42, 35]| tp = [1, 4, 2, 1, 2, 1, 1, 1, 1, 1, 1, ] | dp = [1, 1, 1, 1, 1, 1, 1, 1, 1, 1, 1, ] | algo = [0, 0, 0, 0, 0, 0, 0, 0, 0, 0, 0, ] | rc = [8, 0, 0, 6, 0, 4, 2, 0, 0, 0, 0] | gpus = [1, 4, 2, 1, 2, 1, 1, 1, 1, 1, 1] | micro_bs = 1 | time = [41920, 45579, 49758, 52619, 59360, 46052, 48168, 47372, 45907, 48120, 51611] | memory = [26721, 11240, 21856, 24768, 18576, 24800, 26400, 25408, 21584, 19072, 16048]
>>>> [CONFIG: target(4), prim(dec_tp)]
|55576.28|26400.48| op = [36, 32, 38, 39, 39, 39, 40, 41, 38, 42, 35]| tp = [2, 4, 2, 1, 1, 1, 1, 1, 1, 1, 1, ] | dp = [1, 1, 1, 1, 1, 1, 1, 1, 1, 1, 1, ] | algo = [0, 0, 0, 0, 0, 0, 0, 0, 0, 0, 0, ] | rc = [0, 0, 0, 6, 6, 4, 2, 0, 0, 0, 0] | gpus = [2, 4, 2, 1, 1, 1, 1, 1, 1, 1, 1] | micro_bs = 1 | time = [48517, 45579, 55576, 52618, 46800, 46052, 48168, 47372, 45907, 48120, 51611] | memory = [25689, 11240, 21856, 24768, 23056, 24800, 26400, 25408, 21584, 19072, 16048]
>>>> [CONFIG: target(2), prim(dec_tp)]
|59361.76|26400.48| op = [36, 32, 38, 39, 39, 39, 40, 41, 38, 42, 35]| tp = [2, 4, 1, 1, 2, 1, 1, 1, 1, 1, 1, ] | dp = [1, 1, 1, 1, 1, 1, 1, 1, 1, 1, 1, ] | algo = [0, 0, 0, 0, 0, 0, 0, 0, 0, 0, 0, ] | rc = [0, 0, 6, 6, 0, 4, 2, 0, 0, 0, 0] | gpus = [2, 4, 1, 1, 2, 1, 1, 1, 1, 1, 1] | micro_bs = 1 | time = [48518, 45580, 44215, 52620, 59361, 46053, 48169, 47373, 45908, 48121, 51612] | memory = [25689, 11240, 25568, 24768, 18576, 24800, 26400, 25408, 21584, 19072, 16048]
>>>> [CONFIG: target(4), prim(dec_op)]
|55100.21|26400.48| op = [36, 32, 38, 39, 36, 42, 40, 41, 38, 42, 35]| tp = [2, 4, 1, 1, 2, 1, 1, 1, 1, 1, 1, ] | dp = [1, 1, 1, 1, 1, 1, 1, 1, 1, 1, 1, ] | algo = [0, 0, 0, 0, 0, 0, 0, 0, 0, 0, 0, ] | rc = [0, 0, 6, 6, 0, 6, 2, 0, 0, 0, 0] | gpus = [2, 4, 1, 1, 2, 1, 1, 1, 1, 1, 1] | micro_bs = 1 | time = [48518, 45581, 44215, 52620, 55100, 50691, 48170, 47373, 45908, 48121, 51612] | memory = [25689, 11240, 25568, 24768, 17672, 22992, 26400, 25408, 21584, 19072, 16048]
>>>> [CONFIG: target(4), prim(inc_mbs)]
|55140.57|27776.37| op = [36, 32, 38, 39, 36, 42, 40, 41, 38, 42, 35]| tp = [1, 2, 1, 1, 1, 1, 1, 1, 1, 1, 1, ] | dp = [2, 2, 1, 1, 2, 1, 1, 1, 1, 1, 1, ] | algo = [0, 0, 0, 0, 0, 0, 0, 0, 0, 0, 0, ] | rc = [8, 0, 16, 14, 4, 12, 10, 8, 6, 2, 0] | gpus = [2, 4, 1, 1, 2, 1, 1, 1, 1, 1, 1] | micro_bs = 2 | time = [21584, 24924, 47933, 55140, 24857, 51682, 50142, 49342, 47285, 47960, 50755] | memory = [26721, 19360, 27073, 27521, 25672, 27041, 26688, 27392, 24736, 27776, 20128]
>>>> [CONFIG: target(3), prim(dec_op)]
|45251.68|27905.12| op = [39, 55, 31, 31, 58, 31, 34, 36, 36, 39, 29]| tp = [1, 2, 1, 1, 1, 1, 1, 1, 1, 1, 1, ] | dp = [2, 2, 1, 1, 2, 1, 1, 1, 1, 1, 1, ] | algo = [0, 0, 0, 0, 0, 0, 0, 0, 0, 0, 0, ] | rc = [10, 6, 10, 8, 25, 6, 11, 4, 4, 0, 0] | gpus = [2, 4, 1, 1, 2, 1, 1, 1, 1, 1, 1] | micro_bs = 2 | time = [25332, 38780, 37317, 45251, 41676, 38117, 43758, 43877, 42213, 43683, 42863] | memory = [27793, 24913, 27905, 25601, 27561, 27104, 26480, 26624, 25552, 25536, 17424]

[ Trial 4 ] |45251.68|27905.12| op = [39, 55, 31, 31, 58, 31, 34, 36, 36, 39, 29]| tp = [1, 2, 1, 1, 1, 1, 1, 1, 1, 1, 1, ] | dp = [2, 2, 1, 1, 2, 1, 1, 1, 1, 1, 1, ] | algo = [0, 0, 0, 0, 0, 0, 0, 0, 0, 0, 0, ] | rc = [10, 6, 10, 8, 25, 6, 11, 4, 4, 0, 0] | gpus = [2, 4, 1, 1, 2, 1, 1, 1, 1, 1, 1] | micro_bs = 2 | time = [25332, 38780, 37317, 45251, 41676, 38117, 43758, 43877, 42213, 43683, 42863] | memory = [27793, 24913, 27905, 25601, 27561, 27104, 26480, 26624, 25552, 25536, 17424]
>>>> [CONFIG: target(3), prim(inc_dp)]
|43791.55|27793.14| op = [39, 55, 31, 31, 58, 31, 34, 36, 36, 39, 29]| tp = [1, 1, 1, 1, 1, 1, 1, 1, 1, 1, 1, ] | dp = [2, 2, 2, 2, 2, 1, 1, 1, 1, 1, 1, ] | algo = [0, 0, 0, 0, 0, 0, 0, 0, 0, 0, 0, ] | rc = [10, 20, 6, 2, 25, 6, 11, 4, 4, 0, 0] | gpus = [2, 2, 2, 2, 2, 1, 1, 1, 1, 1, 1] | micro_bs = 2 | time = [25245, 35753, 18807, 22418, 41590, 38030, 43671, 43791, 42127, 43597, 42776] | memory = [27793, 27601, 21504, 25344, 27561, 27104, 26480, 26624, 25552, 25536, 17424]

[ Trial 5 ] |43791.55|27793.14| op = [39, 55, 31, 31, 58, 31, 34, 36, 36, 39, 29]| tp = [1, 1, 1, 1, 1, 1, 1, 1, 1, 1, 1, ] | dp = [2, 2, 2, 2, 2, 1, 1, 1, 1, 1, 1, ] | algo = [0, 0, 0, 0, 0, 0, 0, 0, 0, 0, 0, ] | rc = [10, 20, 6, 2, 25, 6, 11, 4, 4, 0, 0] | gpus = [2, 2, 2, 2, 2, 1, 1, 1, 1, 1, 1] | micro_bs = 2 | time = [25245, 35753, 18807, 22418, 41590, 38030, 43671, 43791, 42127, 43597, 42776] | memory = [27793, 27601, 21504, 25344, 27561, 27104, 26480, 26624, 25552, 25536, 17424]
>>>> [CONFIG: target(7), prim(dec_op)]
|36724.80|27808.37| op = [50, 52, 47, 53, 53, 29, 28, 29, 30, 30, 18]| tp = [1, 1, 1, 1, 1, 1, 1, 1, 1, 1, 1, ] | dp = [2, 2, 2, 2, 2, 1, 1, 1, 1, 1, 1, ] | algo = [0, 0, 0, 0, 0, 0, 0, 0, 0, 0, 0, ] | rc = [22, 16, 19, 16, 12, 4, 4, 2, 0, 0, 0] | gpus = [2, 2, 2, 2, 2, 1, 1, 1, 1, 1, 1] | micro_bs = 2 | time = [33697, 33106, 31957, 36724, 35468, 34576, 34556, 33299, 32787, 33961, 32282] | memory = [27633, 27617, 27689, 26817, 27376, 25952, 23680, 25152, 27808, 19680, 13360]

[ Trial 6 ] |36724.80|27808.37| op = [50, 52, 47, 53, 53, 29, 28, 29, 30, 30, 18]| tp = [1, 1, 1, 1, 1, 1, 1, 1, 1, 1, 1, ] | dp = [2, 2, 2, 2, 2, 1, 1, 1, 1, 1, 1, ] | algo = [0, 0, 0, 0, 0, 0, 0, 0, 0, 0, 0, ] | rc = [22, 16, 19, 16, 12, 4, 4, 2, 0, 0, 0] | gpus = [2, 2, 2, 2, 2, 1, 1, 1, 1, 1, 1] | micro_bs = 2 | time = [33697, 33106, 31957, 36724, 35468, 34576, 34556, 33299, 32787, 33961, 32282] | memory = [27633, 27617, 27689, 26817, 27376, 25952, 23680, 25152, 27808, 19680, 13360]
>>>> [CONFIG: target(3), prim(dec_dp)]
|128318.77|27808.37| op = [50, 52, 47, 53, 53, 29, 28, 29, 30, 30, 18]| tp = [1, 1, 2, 1, 1, 1, 1, 1, 1, 1, 1, ] | dp = [2, 2, 2, 1, 1, 1, 1, 1, 1, 1, 1, ] | algo = [0, 0, 0, 0, 0, 0, 0, 0, 0, 0, 0, ] | rc = [22, 16, 2, 51, 30, 4, 4, 2, 0, 0, 0] | gpus = [2, 2, 4, 1, 1, 1, 1, 1, 1, 1, 1] | micro_bs = 2 | time = [33978, 33386, 46422, 128318, 73600, 34856, 34837, 33579, 33067, 34241, 32562] | memory = [27633, 27617, 25921, 25056, 27729, 25952, 23680, 25152, 27808, 19680, 13360]
>>>> [CONFIG: target(3), prim(dec_op)]
|49041.82|27889.59| op = [50, 55, 54, 33, 31, 34, 32, 35, 34, 35, 26]| tp = [1, 1, 2, 1, 1, 1, 1, 1, 1, 1, 1, ] | dp = [2, 2, 2, 1, 1, 1, 1, 1, 1, 1, 1, ] | algo = [0, 0, 0, 0, 0, 0, 0, 0, 0, 0, 0, ] | rc = [22, 22, 4, 10, 6, 8, 4, 6, 4, 0, 0] | gpus = [2, 2, 4, 1, 1, 1, 1, 1, 1, 1, 1] | micro_bs = 2 | time = [33830, 36808, 42105, 49041, 38682, 39555, 40843, 39951, 40687, 40542, 39937] | memory = [27633, 27889, 25417, 26625, 27537, 26656, 26512, 24256, 24560, 22144, 16544]
>>>> [CONFIG: target(3), prim(inc_dp)]
|40742.05|27889.59| op = [50, 55, 54, 33, 31, 34, 32, 35, 34, 35, 26]| tp = [1, 1, 1, 1, 1, 1, 1, 1, 1, 1, 1, ] | dp = [2, 2, 2, 2, 2, 1, 1, 1, 1, 1, 1, ] | algo = [0, 0, 0, 0, 0, 0, 0, 0, 0, 0, 0, ] | rc = [22, 22, 16, 4, 0, 8, 4, 6, 4, 0, 0] | gpus = [2, 2, 2, 2, 2, 1, 1, 1, 1, 1, 1] | micro_bs = 2 | time = [33729, 36707, 34378, 21489, 22028, 39454, 40742, 39849, 40586, 40441, 39836] | memory = [27633, 27889, 27185, 24960, 26888, 26656, 26512, 24256, 24560, 22144, 16544]
>>>> [CONFIG: target(6), prim(dec_op)]
|37065.92|27889.59| op = [50, 55, 54, 47, 48, 26, 26, 30, 28, 33, 22]| tp = [1, 1, 1, 1, 1, 1, 1, 1, 1, 1, 1, ] | dp = [2, 2, 2, 2, 2, 1, 1, 1, 1, 1, 1, ] | algo = [0, 0, 0, 0, 0, 0, 0, 0, 0, 0, 0, ] | rc = [22, 22, 16, 10, 10, 4, 2, 2, 0, 0, 0] | gpus = [2, 2, 2, 2, 2, 1, 1, 1, 1, 1, 1] | micro_bs = 2 | time = [33709, 36687, 34358, 36009, 37065, 30879, 30152, 34700, 33114, 35723, 36441] | memory = [27633, 27889, 27185, 27680, 26825, 23680, 27136, 25920, 24320, 22432, 14784]
>>>> [CONFIG: target(4), prim(inc_mbs)]
|42302.87|27904.84| op = [50, 55, 54, 47, 48, 26, 26, 30, 28, 33, 22]| tp = [1, 1, 1, 1, 1, 1, 1, 1, 1, 1, 1, ] | dp = [2, 2, 2, 2, 2, 1, 1, 1, 1, 1, 1, ] | algo = [0, 0, 0, 0, 0, 0, 0, 0, 0, 0, 0, ] | rc = [47, 43, 48, 27, 25, 12, 8, 10, 6, 6, 0] | gpus = [2, 2, 2, 2, 2, 1, 1, 1, 1, 1, 1] | micro_bs = 4 | time = [38173, 42302, 40244, 40378, 40752, 34870, 32277, 38080, 35323, 37822, 36485] | memory = [25056, 27425, 27184, 27361, 27537, 26881, 27393, 27009, 27904, 26432, 20992]
>>>> [CONFIG: target(1), prim(dec_op)]
|40628.71|27904.84| op = [50, 51, 52, 52, 49, 26, 26, 30, 28, 33, 22]| tp = [1, 1, 1, 1, 1, 1, 1, 1, 1, 1, 1, ] | dp = [2, 2, 2, 2, 2, 1, 1, 1, 1, 1, 1, ] | algo = [0, 0, 0, 0, 0, 0, 0, 0, 0, 0, 0, ] | rc = [47, 31, 44, 40, 27, 12, 8, 10, 6, 6, 0] | gpus = [2, 2, 2, 2, 2, 1, 1, 1, 1, 1, 1] | micro_bs = 4 | time = [38140, 37377, 37837, 40628, 39150, 34836, 32243, 38046, 35290, 37789, 36451] | memory = [25056, 27426, 27296, 27136, 27441, 26881, 27393, 27009, 27904, 26432, 20992]
>>>> [CONFIG: target(3), prim(dec_mbs)]
|36423.46|27640.78| op = [50, 51, 52, 52, 49, 26, 26, 30, 28, 33, 22]| tp = [1, 1, 1, 1, 1, 1, 1, 1, 1, 1, 1, ] | dp = [2, 2, 2, 2, 2, 1, 1, 1, 1, 1, 1, ] | algo = [0, 0, 0, 0, 0, 0, 0, 0, 0, 0, 0, ] | rc = [22, 16, 16, 14, 12, 4, 2, 2, 0, 0, 0] | gpus = [2, 2, 2, 2, 2, 1, 1, 1, 1, 1, 1] | micro_bs = 2 | time = [33691, 31340, 33123, 35406, 34742, 30860, 30133, 34682, 33096, 35705, 36423] | memory = [27633, 25825, 27617, 26689, 27640, 23680, 27136, 25920, 24320, 22432, 14784]

[ Trial 7 ] |36423.46|27640.78| op = [50, 51, 52, 52, 49, 26, 26, 30, 28, 33, 22]| tp = [1, 1, 1, 1, 1, 1, 1, 1, 1, 1, 1, ] | dp = [2, 2, 2, 2, 2, 1, 1, 1, 1, 1, 1, ] | algo = [0, 0, 0, 0, 0, 0, 0, 0, 0, 0, 0, ] | rc = [22, 16, 16, 14, 12, 4, 2, 2, 0, 0, 0] | gpus = [2, 2, 2, 2, 2, 1, 1, 1, 1, 1, 1] | micro_bs = 2 | time = [33691, 31340, 33123, 35406, 34742, 30860, 30133, 34682, 33096, 35705, 36423] | memory = [27633, 25825, 27617, 26689, 27640, 23680, 27136, 25920, 24320, 22432, 14784]
>>>> [CONFIG: target(10), prim(dec_op)]
|35407.36|27808.37| op = [50, 51, 52, 52, 50, 29, 28, 29, 30, 30, 18]| tp = [1, 1, 1, 1, 1, 1, 1, 1, 1, 1, 1, ] | dp = [2, 2, 2, 2, 2, 1, 1, 1, 1, 1, 1, ] | algo = [0, 0, 0, 0, 0, 0, 0, 0, 0, 0, 0, ] | rc = [22, 16, 16, 14, 12, 4, 4, 2, 0, 0, 0] | gpus = [2, 2, 2, 2, 2, 1, 1, 1, 1, 1, 1] | micro_bs = 2 | time = [33692, 31341, 33124, 35407, 34886, 34571, 34552, 33294, 32782, 33956, 32277] | memory = [27633, 25825, 27617, 26689, 26696, 25952, 23680, 25152, 27808, 19680, 13360]

[ Trial 8 ] |35407.36|27808.37| op = [50, 51, 52, 52, 50, 29, 28, 29, 30, 30, 18]| tp = [1, 1, 1, 1, 1, 1, 1, 1, 1, 1, 1, ] | dp = [2, 2, 2, 2, 2, 1, 1, 1, 1, 1, 1, ] | algo = [0, 0, 0, 0, 0, 0, 0, 0, 0, 0, 0, ] | rc = [22, 16, 16, 14, 12, 4, 4, 2, 0, 0, 0] | gpus = [2, 2, 2, 2, 2, 1, 1, 1, 1, 1, 1] | micro_bs = 2 | time = [33692, 31341, 33124, 35407, 34886, 34571, 34552, 33294, 32782, 33956, 32277] | memory = [27633, 25825, 27617, 26689, 26696, 25952, 23680, 25152, 27808, 19680, 13360]
>>>> [CONFIG: target(5), prim(dec_op)]
|40110.57|27808.37| op = [50, 52, 52, 52, 52, 26, 28, 29, 30, 30, 18]| tp = [1, 1, 1, 1, 1, 1, 1, 1, 1, 1, 1, ] | dp = [2, 2, 2, 2, 2, 1, 1, 1, 1, 1, 1, ] | algo = [0, 0, 0, 0, 0, 0, 0, 0, 0, 0, 0, ] | rc = [22, 16, 16, 14, 12, 4, 4, 2, 0, 0, 0] | gpus = [2, 2, 2, 2, 2, 1, 1, 1, 1, 1, 1] | micro_bs = 2 | time = [33708, 33117, 33117, 40110, 39755, 31278, 34567, 33309, 32797, 33971, 32293] | memory = [27633, 27617, 26321, 27073, 27313, 24256, 23680, 25152, 27808, 19680, 13360]
>>>> [CONFIG: target(3), prim(dec_dp)]
|90604.69|27874.23| op = [50, 52, 52, 52, 52, 26, 28, 29, 30, 30, 18]| tp = [2, 1, 1, 1, 1, 1, 1, 1, 1, 1, 1, ] | dp = [2, 2, 2, 1, 1, 1, 1, 1, 1, 1, 1, ] | algo = [0, 0, 0, 0, 0, 0, 0, 0, 0, 0, 0, ] | rc = [8, 16, 16, 31, 29, 4, 4, 2, 0, 0, 0] | gpus = [4, 2, 2, 1, 1, 1, 1, 1, 1, 1, 1] | micro_bs = 2 | time = [36486, 33302, 40650, 90604, 74403, 31464, 34753, 33495, 32983, 34157, 32478] | memory = [22825, 27617, 26321, 27874, 27809, 24256, 23680, 25152, 27808, 19680, 13360]
>>>> [CONFIG: target(3), prim(inc_mbs)]
|94223.53|29632.37| op = [50, 52, 52, 52, 52, 26, 28, 29, 30, 30, 18]| tp = [1, 1, 1, 1, 1, 1, 1, 1, 1, 1, 1, ] | dp = [4, 2, 2, 1, 1, 1, 1, 1, 1, 1, 1, ] | algo = [0, 0, 0, 0, 0, 0, 0, 0, 0, 0, 0, ] | rc = [22, 40, 34, 52, 52, 13, 14, 8, 12, 4, 0] | gpus = [4, 2, 2, 1, 1, 1, 1, 1, 1, 1, 1] | micro_bs = 4 | time = [18335, 40277, 47187, 94223, 79370, 36691, 40015, 35685, 38516, 35839, 32701] | memory = [27633, 27201, 27874, 29632, 28672, 26497, 27137, 27009, 27456, 25024, 19424]
>>>> [CONFIG: target(3), prim(dec_op)]
|89669.08|27874.26| op = [50, 52, 52, 51, 52, 27, 28, 29, 30, 30, 18]| tp = [1, 1, 1, 1, 1, 1, 1, 1, 1, 1, 1, ] | dp = [4, 2, 2, 1, 1, 1, 1, 1, 1, 1, 1, ] | algo = [0, 0, 0, 0, 0, 0, 0, 0, 0, 0, 0, ] | rc = [22, 40, 34, 51, 50, 15, 14, 8, 12, 4, 0] | gpus = [4, 2, 2, 1, 1, 1, 1, 1, 1, 1, 1] | micro_bs = 4 | time = [18333, 40275, 47185, 89669, 78372, 41736, 40013, 35683, 38514, 35837, 32699] | memory = [27633, 27201, 27874, 27072, 27776, 27329, 27137, 27009, 27456, 25024, 19424]
>>>> [CONFIG: target(3), prim(inc_dp)]
|83884.42|27874.26| op = [50, 52, 52, 51, 52, 27, 28, 29, 30, 30, 18]| tp = [1, 1, 1, 1, 1, 1, 1, 1, 1, 1, 1, ] | dp = [2, 2, 2, 2, 1, 1, 1, 1, 1, 1, 2, ] | algo = [0, 0, 0, 0, 0, 0, 0, 0, 0, 0, 0, ] | rc = [47, 40, 34, 29, 50, 15, 14, 8, 12, 4, 0] | gpus = [2, 2, 2, 2, 1, 1, 1, 1, 1, 1, 2] | micro_bs = 4 | time = [38297, 40093, 39883, 39298, 83884, 41554, 39831, 35501, 38332, 35655, 17444] | memory = [25056, 27201, 27874, 27106, 27776, 27329, 27137, 27009, 27456, 25024, 13360]
>>>> [CONFIG: target(4), prim(inc_dp)]
|41442.78|27874.26| op = [50, 52, 52, 51, 52, 27, 28, 29, 30, 30, 18]| tp = [1, 1, 1, 1, 1, 1, 1, 1, 1, 1, 1, ] | dp = [2, 2, 2, 2, 2, 1, 1, 1, 1, 1, 1, ] | algo = [0, 0, 0, 0, 0, 0, 0, 0, 0, 0, 0, ] | rc = [47, 40, 34, 29, 28, 15, 14, 8, 12, 4, 0] | gpus = [2, 2, 2, 2, 2, 1, 1, 1, 1, 1, 1] | micro_bs = 4 | time = [38186, 39981, 39771, 39186, 40254, 41442, 39719, 35389, 38220, 35543, 32405] | memory = [25056, 27201, 27874, 27106, 27809, 27329, 27137, 27009, 27456, 25024, 19424]
>>>> [CONFIG: target(5), prim(dec_mbs)]
|35052.03|27808.37| op = [50, 52, 52, 51, 52, 27, 28, 29, 30, 30, 18]| tp = [1, 1, 1, 1, 1, 1, 1, 1, 1, 1, 1, ] | dp = [2, 2, 2, 2, 2, 1, 1, 1, 1, 1, 1, ] | algo = [0, 0, 0, 0, 0, 0, 0, 0, 0, 0, 0, ] | rc = [22, 16, 16, 12, 12, 4, 4, 2, 0, 0, 0] | gpus = [2, 2, 2, 2, 2, 1, 1, 1, 1, 1, 1] | micro_bs = 2 | time = [33692, 33100, 33100, 33537, 35052, 34256, 34551, 33293, 32781, 33955, 32276] | memory = [27633, 27617, 26321, 27457, 26976, 25472, 23680, 25152, 27808, 19680, 13360]

[ Trial 9 ] |35052.03|27808.37| op = [50, 52, 52, 51, 52, 27, 28, 29, 30, 30, 18]| tp = [1, 1, 1, 1, 1, 1, 1, 1, 1, 1, 1, ] | dp = [2, 2, 2, 2, 2, 1, 1, 1, 1, 1, 1, ] | algo = [0, 0, 0, 0, 0, 0, 0, 0, 0, 0, 0, ] | rc = [22, 16, 16, 12, 12, 4, 4, 2, 0, 0, 0] | gpus = [2, 2, 2, 2, 2, 1, 1, 1, 1, 1, 1] | micro_bs = 2 | time = [33692, 33100, 33100, 33537, 35052, 34256, 34551, 33293, 32781, 33955, 32276] | memory = [27633, 27617, 26321, 27457, 26976, 25472, 23680, 25152, 27808, 19680, 13360]
>>>> [CONFIG: target(5), prim(inc_dp)]
|78261.98|27809.74| op = [50, 52, 52, 51, 52, 27, 28, 29, 30, 30, 18]| tp = [1, 1, 1, 1, 1, 1, 1, 1, 1, 1, 1, ] | dp = [2, 2, 2, 2, 1, 2, 1, 1, 1, 1, 1, ] | algo = [0, 0, 0, 0, 0, 0, 0, 0, 0, 0, 0, ] | rc = [22, 16, 16, 12, 28, 0, 4, 2, 0, 0, 0] | gpus = [2, 2, 2, 2, 1, 2, 1, 1, 1, 1, 1] | micro_bs = 2 | time = [33743, 33152, 33152, 33589, 78261, 17280, 34602, 33344, 32832, 34006, 32328] | memory = [27633, 27617, 26321, 27457, 27809, 22656, 23680, 25152, 27808, 19680, 13360]
>>>> [CONFIG: target(4), prim(dec_op)]
|40133.65|27904.87| op = [50, 52, 52, 51, 27, 54, 26, 29, 30, 30, 18]| tp = [1, 1, 1, 1, 1, 1, 1, 1, 1, 1, 1, ] | dp = [2, 2, 2, 2, 1, 2, 1, 1, 1, 1, 1, ] | algo = [0, 0, 0, 0, 0, 0, 0, 0, 0, 0, 0, ] | rc = [22, 16, 16, 12, 4, 12, 2, 2, 0, 0, 0] | gpus = [2, 2, 2, 2, 1, 2, 1, 1, 1, 1, 1] | micro_bs = 2 | time = [33693, 33101, 33101, 33538, 40133, 34081, 30135, 33294, 32782, 33956, 32277] | memory = [27633, 27617, 26321, 27457, 27904, 27136, 27136, 25152, 27808, 19680, 13360]
>>>> [CONFIG: target(4), prim(inc_tp)]
|76647.16|27905.67| op = [50, 52, 52, 51, 27, 54, 26, 29, 30, 30, 18]| tp = [1, 1, 1, 1, 2, 1, 1, 1, 1, 1, 1, ] | dp = [2, 2, 2, 2, 1, 1, 1, 1, 1, 1, 1, ] | algo = [0, 0, 0, 0, 0, 0, 0, 0, 0, 0, 0, ] | rc = [22, 16, 16, 12, 0, 29, 2, 2, 0, 0, 0] | gpus = [2, 2, 2, 2, 2, 1, 1, 1, 1, 1, 1] | micro_bs = 2 | time = [33785, 33193, 33193, 33630, 44715, 76647, 30227, 33386, 32874, 34048, 32369] | memory = [27633, 27617, 26321, 27457, 23232, 27905, 27136, 25152, 27808, 19680, 13360]
>>>> [CONFIG: target(5), prim(dec_op)]
|44697.11|27633.50| op = [50, 52, 52, 51, 27, 38, 31, 34, 32, 34, 18]| tp = [1, 1, 1, 1, 2, 1, 1, 1, 1, 1, 1, ] | dp = [2, 2, 2, 2, 1, 1, 1, 1, 1, 1, 1, ] | algo = [0, 0, 0, 0, 0, 0, 0, 0, 0, 0, 0, ] | rc = [22, 16, 16, 12, 0, 10, 4, 6, 0, 0, 0] | gpus = [2, 2, 2, 2, 2, 1, 1, 1, 1, 1, 1] | micro_bs = 2 | time = [33766, 33175, 33175, 33612, 44697, 44179, 37930, 38804, 39324, 37404, 32351] | memory = [27633, 27617, 26321, 27457, 23232, 26625, 25264, 23104, 26736, 23200, 13360]
>>>> [CONFIG: target(4), prim(inc_mbs)]
|53713.66|27970.42| op = [50, 52, 52, 51, 27, 38, 31, 34, 32, 34, 18]| tp = [1, 1, 1, 1, 1, 1, 1, 1, 1, 1, 1, ] | dp = [2, 2, 2, 2, 2, 1, 1, 1, 1, 1, 1, ] | algo = [0, 0, 0, 0, 0, 0, 0, 0, 0, 0, 0, ] | rc = [47, 40, 34, 29, 4, 23, 16, 12, 8, 6, 0] | gpus = [2, 2, 2, 2, 2, 1, 1, 1, 1, 1, 1] | micro_bs = 4 | time = [38231, 40026, 39817, 39231, 21298, 53713, 45149, 40608, 42059, 39553, 32450] | memory = [25056, 27201, 27874, 27106, 27904, 27970, 27553, 27777, 27872, 27456, 19424]
>>>> [CONFIG: target(5), prim(dec_mbs)]
|44132.06|27633.50| op = [50, 52, 52, 51, 27, 38, 31, 34, 32, 34, 18]| tp = [1, 1, 1, 1, 1, 1, 1, 1, 1, 1, 1, ] | dp = [2, 2, 2, 2, 2, 1, 1, 1, 1, 1, 1, ] | algo = [0, 0, 0, 0, 0, 0, 0, 0, 0, 0, 0, ] | rc = [22, 16, 16, 12, 0, 10, 4, 6, 0, 0, 0] | gpus = [2, 2, 2, 2, 2, 1, 1, 1, 1, 1, 1] | micro_bs = 2 | time = [33718, 33127, 33127, 33564, 20161, 44132, 37882, 38756, 39276, 37356, 32303] | memory = [27633, 27617, 26321, 27457, 25024, 26625, 25264, 23104, 26736, 23200, 13360]
>>>> [CONFIG: target(5), prim(dec_op)]
|34886.73|27808.37| op = [50, 52, 52, 51, 50, 29, 28, 29, 30, 30, 18]| tp = [1, 1, 1, 1, 1, 1, 1, 1, 1, 1, 1, ] | dp = [2, 2, 2, 2, 2, 1, 1, 1, 1, 1, 1, ] | algo = [0, 0, 0, 0, 0, 0, 0, 0, 0, 0, 0, ] | rc = [22, 16, 16, 12, 12, 4, 4, 2, 0, 0, 0] | gpus = [2, 2, 2, 2, 2, 1, 1, 1, 1, 1, 1] | micro_bs = 2 | time = [33692, 33101, 33101, 33538, 34886, 34571, 34551, 33294, 32782, 33956, 32277] | memory = [27633, 27617, 26321, 27457, 26696, 25952, 23680, 25152, 27808, 19680, 13360]

num_targets: [1, 1, 1, 1, 1, 1, 1, 1, 3, 3]
num_hops: [1, 1, 1, 7, 1, 1, 7, 1, 7, 7]
search time = 200.00 s.  [0, 1, 2, 3, 4, 5, 6, 9, 10, 120, 196, 207, 208, 209, 210, 211] 
num_explored_cases = 13901
time trend: [56384, 56367, 55121, 52618, 45251, 43791, 36724, 36423, 35407, 35052, 34886, 34886, 35271, 35275, 35458, 35839]

working on num_stages = 15
config has been saved to /home/liminglong.lml/sxz/SuperScaler/logs-large/aceso/configs/gpt/6_7B/gpt_6_7B_15stages_2026-5-14-6-1-41.json

========== Best Result (num_stages = 15) ==========
|35135.81|27842.17| op = [24, 26, 26, 27, 26, 26, 26, 24, 50, 29, 28, 29, 30, 30, 18]| tp = [1, 1, 1, 1, 1, 1, 1, 1, 1, 1, 1, 1, 1, 1, 1, ] | dp = [1, 1, 1, 1, 1, 1, 1, 1, 2, 1, 1, 1, 1, 1, 1, ] | algo = [0, 0, 0, 0, 0, 0, 0, 0, 0, 0, 0, 0, 0, 0, 0, ] | rc = [10, 10, 10, 10, 8, 8, 6, 4, 12, 4, 4, 2, 0, 0, 0] | gpus = [1, 1, 1, 1, 1, 1, 1, 1, 2, 1, 1, 1, 1, 1, 1] | micro_bs = 2 | time = [31304, 34089, 34089, 34389, 32886, 32886, 32199, 33692, 35135, 34820, 34800, 33543, 33031, 34205, 32526] | memory = [26594, 27842, 26594, 26881, 25505, 24129, 27361, 25984, 26696, 25952, 23680, 25152, 27808, 19680, 13360]
start|57814.48|27840.64| op = [27, 27, 27, 27, 27, 27, 27, 27, 27, 27, 27, 27, 27, 27, 41]| tp = [2, 1, 1, 1, 1, 1, 1, 1, 1, 1, 1, 1, 1, 1, 1, ] | dp = [1, 1, 1, 1, 1, 1, 1, 1, 1, 1, 1, 1, 1, 1, 1, ] | algo = [0, 0, 0, 0, 0, 0, 0, 0, 0, 0, 0, 0, 0, 0, 0, ] | rc = [0, 4, 4, 9, 13, 5, 2, 0, 0, 0, 0, 0, 0, 0, 0] | gpus = [2, 1, 1, 1, 1, 1, 1, 1, 1, 1, 1, 1, 1, 1, 1] | micro_bs = 1 | time = [39409, 31675, 34429, 35432, 40101, 35046, 38553, 36711, 30162, 30177, 33592, 30877, 33625, 30162, 57814] | memory = [24521, 24129, 24368, 19392, 27792, 27840, 26000, 26240, 23720, 21248, 20288, 17088, 15552, 12080, 17808]

[ Trial 0 ] |57814.48|27840.64| op = [27, 27, 27, 27, 27, 27, 27, 27, 27, 27, 27, 27, 27, 27, 41]| tp = [2, 1, 1, 1, 1, 1, 1, 1, 1, 1, 1, 1, 1, 1, 1, ] | dp = [1, 1, 1, 1, 1, 1, 1, 1, 1, 1, 1, 1, 1, 1, 1, ] | algo = [0, 0, 0, 0, 0, 0, 0, 0, 0, 0, 0, 0, 0, 0, 0, ] | rc = [0, 4, 4, 9, 13, 5, 2, 0, 0, 0, 0, 0, 0, 0, 0] | gpus = [2, 1, 1, 1, 1, 1, 1, 1, 1, 1, 1, 1, 1, 1, 1] | micro_bs = 1 | time = [39409, 31675, 34429, 35432, 40101, 35046, 38553, 36711, 30162, 30177, 33592, 30877, 33625, 30162, 57814] | memory = [24521, 24129, 24368, 19392, 27792, 27840, 26000, 26240, 23720, 21248, 20288, 17088, 15552, 12080, 17808]
>>>> [CONFIG: target(14), prim(inc_mbs)]
|56954.63|29216.06| op = [27, 27, 27, 27, 27, 27, 27, 27, 27, 27, 27, 27, 27, 27, 41]| tp = [1, 1, 1, 1, 1, 1, 1, 1, 1, 1, 1, 1, 1, 1, 1, ] | dp = [2, 1, 1, 1, 1, 1, 1, 1, 1, 1, 1, 1, 1, 1, 1, ] | algo = [0, 0, 0, 0, 0, 0, 0, 0, 0, 0, 0, 0, 0, 0, 0, ] | rc = [6, 10, 9, 15, 25, 27, 8, 6, 4, 4, 4, 2, 0, 0, 0] | gpus = [2, 1, 1, 1, 1, 1, 1, 1, 1, 1, 1, 1, 1, 1, 1] | micro_bs = 2 | time = [17591, 33925, 36369, 39417, 41351, 43822, 40309, 38582, 31263, 31270, 34573, 31153, 33114, 29808, 56954] | memory = [24905, 26498, 27873, 27361, 21680, 29216, 26785, 25216, 26320, 23680, 23040, 24576, 23936, 18016, 22688]
>>>> [CONFIG: target(5), prim(dec_op)]
|56942.34|27873.61| op = [27, 27, 27, 27, 27, 26, 28, 27, 27, 27, 27, 27, 27, 27, 41]| tp = [1, 1, 1, 1, 1, 1, 1, 1, 1, 1, 1, 1, 1, 1, 1, ] | dp = [2, 1, 1, 1, 1, 1, 1, 1, 1, 1, 1, 1, 1, 1, 1, ] | algo = [0, 0, 0, 0, 0, 0, 0, 0, 0, 0, 0, 0, 0, 0, 0, ] | rc = [6, 10, 9, 15, 25, 10, 10, 6, 4, 4, 4, 2, 0, 0, 0] | gpus = [2, 1, 1, 1, 1, 1, 1, 1, 1, 1, 1, 1, 1, 1, 1] | micro_bs = 2 | time = [17578, 33913, 36356, 39405, 41339, 35934, 41894, 38569, 31251, 31258, 34561, 31141, 33101, 29795, 56942] | memory = [24905, 26498, 27873, 27361, 21680, 27009, 26785, 25216, 26320, 23680, 23040, 24576, 23936, 18016, 22688]

[ Trial 1 ] |56942.34|27873.61| op = [27, 27, 27, 27, 27, 26, 28, 27, 27, 27, 27, 27, 27, 27, 41]| tp = [1, 1, 1, 1, 1, 1, 1, 1, 1, 1, 1, 1, 1, 1, 1, ] | dp = [2, 1, 1, 1, 1, 1, 1, 1, 1, 1, 1, 1, 1, 1, 1, ] | algo = [0, 0, 0, 0, 0, 0, 0, 0, 0, 0, 0, 0, 0, 0, 0, ] | rc = [6, 10, 9, 15, 25, 10, 10, 6, 4, 4, 4, 2, 0, 0, 0] | gpus = [2, 1, 1, 1, 1, 1, 1, 1, 1, 1, 1, 1, 1, 1, 1] | micro_bs = 2 | time = [17578, 33913, 36356, 39405, 41339, 35934, 41894, 38569, 31251, 31258, 34561, 31141, 33101, 29795, 56942] | memory = [24905, 26498, 27873, 27361, 21680, 27009, 26785, 25216, 26320, 23680, 23040, 24576, 23936, 18016, 22688]
>>>> [CONFIG: target(14), prim(dec_op)]
|40088.35|27840.74| op = [46, 26, 26, 26, 26, 26, 27, 24, 27, 25, 28, 29, 28, 29, 26]| tp = [1, 1, 1, 1, 1, 1, 1, 1, 1, 1, 1, 1, 1, 1, 1, ] | dp = [2, 1, 1, 1, 1, 1, 1, 1, 1, 1, 1, 1, 1, 1, 1, ] | algo = [0, 0, 0, 0, 0, 0, 0, 0, 0, 0, 0, 0, 0, 0, 0, ] | rc = [22, 10, 8, 8, 8, 8, 6, 11, 6, 5, 4, 2, 0, 0, 0] | gpus = [2, 1, 1, 1, 1, 1, 1, 1, 1, 1, 1, 1, 1, 1, 1] | micro_bs = 2 | time = [32333, 33789, 32507, 32507, 32507, 33102, 38536, 40088, 33699, 31798, 33851, 34114, 33368, 32837, 40070] | memory = [27257, 26497, 27009, 25729, 24449, 27009, 27041, 27009, 26720, 27840, 24512, 25536, 24320, 19040, 16544]

[ Trial 2 ] |40088.35|27840.74| op = [46, 26, 26, 26, 26, 26, 27, 24, 27, 25, 28, 29, 28, 29, 26]| tp = [1, 1, 1, 1, 1, 1, 1, 1, 1, 1, 1, 1, 1, 1, 1, ] | dp = [2, 1, 1, 1, 1, 1, 1, 1, 1, 1, 1, 1, 1, 1, 1, ] | algo = [0, 0, 0, 0, 0, 0, 0, 0, 0, 0, 0, 0, 0, 0, 0, ] | rc = [22, 10, 8, 8, 8, 8, 6, 11, 6, 5, 4, 2, 0, 0, 0] | gpus = [2, 1, 1, 1, 1, 1, 1, 1, 1, 1, 1, 1, 1, 1, 1] | micro_bs = 2 | time = [32333, 33789, 32507, 32507, 32507, 33102, 38536, 40088, 33699, 31798, 33851, 34114, 33368, 32837, 40070] | memory = [27257, 26497, 27009, 25729, 24449, 27009, 27041, 27009, 26720, 27840, 24512, 25536, 24320, 19040, 16544]
>>>> [CONFIG: target(7), prim(dec_mbs)]
|64379.38|25970.07| op = [46, 26, 26, 26, 26, 26, 27, 24, 27, 25, 28, 29, 28, 29, 26]| tp = [2, 1, 1, 1, 1, 1, 1, 1, 1, 1, 1, 1, 1, 1, 1, ] | dp = [1, 1, 1, 1, 1, 1, 1, 1, 1, 1, 1, 1, 1, 1, 1, ] | algo = [0, 0, 0, 0, 0, 0, 0, 0, 0, 0, 0, 0, 0, 0, 0, ] | rc = [8, 4, 4, 4, 4, 2, 2, 0, 0, 0, 0, 0, 0, 0, 0] | gpus = [2, 1, 1, 1, 1, 1, 1, 1, 1, 1, 1, 1, 1, 1, 1] | micro_bs = 1 | time = [64379, 31559, 31559, 31559, 31559, 30811, 37454, 35252, 31980, 30256, 32804, 33917, 33935, 33260, 40625] | memory = [25970, 24128, 22976, 21824, 20672, 25280, 23952, 25344, 25456, 21152, 20640, 18080, 15744, 12976, 12544]
>>>> [CONFIG: target(0), prim(dec_tp)]
|85700.82|27257.80| op = [46, 26, 26, 26, 26, 26, 27, 24, 27, 25, 28, 29, 28, 29, 26]| tp = [1, 1, 1, 1, 1, 1, 1, 1, 1, 2, 1, 1, 1, 1, 1, ] | dp = [1, 1, 1, 1, 1, 1, 1, 1, 1, 1, 1, 1, 1, 1, 1, ] | algo = [0, 0, 0, 0, 0, 0, 0, 0, 0, 0, 0, 0, 0, 0, 0, ] | rc = [22, 4, 4, 4, 4, 2, 2, 0, 0, 0, 0, 0, 0, 0, 0] | gpus = [1, 1, 1, 1, 1, 1, 1, 1, 1, 2, 1, 1, 1, 1, 1] | micro_bs = 1 | time = [63380, 31657, 31657, 31657, 31657, 30909, 31732, 83153, 85700, 36230, 32902, 34015, 34033, 33358, 40723] | memory = [27257, 24128, 22976, 21824, 20672, 25280, 23952, 25344, 25456, 11296, 20640, 18080, 15744, 12976, 12544]
>>>> [CONFIG: target(8), prim(inc_mbs)]
|82700.68|27041.12| op = [46, 26, 26, 26, 26, 26, 27, 24, 27, 25, 28, 29, 28, 29, 26]| tp = [1, 1, 1, 1, 1, 1, 1, 1, 1, 1, 1, 1, 1, 1, 1, ] | dp = [1, 1, 1, 1, 1, 1, 1, 1, 1, 2, 1, 1, 1, 1, 1, ] | algo = [0, 0, 0, 0, 0, 0, 0, 0, 0, 0, 0, 0, 0, 0, 0, ] | rc = [44, 10, 8, 8, 8, 8, 6, 11, 6, 0, 4, 2, 0, 0, 0] | gpus = [1, 1, 1, 1, 1, 1, 1, 1, 1, 2, 1, 1, 1, 1, 1] | micro_bs = 2 | time = [69490, 33996, 32714, 32714, 32714, 33309, 32866, 82700, 82188, 16044, 34058, 34321, 33575, 33044, 40277] | memory = [21984, 26497, 27009, 25729, 24449, 27009, 27041, 27009, 26720, 21152, 24512, 25536, 24320, 19040, 16544]
>>>> [CONFIG: target(7), prim(dec_op)]
|41843.55|27954.56| op = [28, 27, 28, 24, 30, 30, 30, 22, 22, 38, 28, 30, 30, 31, 21]| tp = [1, 1, 1, 1, 1, 1, 1, 1, 1, 1, 1, 1, 1, 1, 1, ] | dp = [1, 1, 1, 1, 1, 1, 1, 1, 1, 2, 1, 1, 1, 1, 1, ] | algo = [0, 0, 0, 0, 0, 0, 0, 0, 0, 0, 0, 0, 0, 0, 0, ] | rc = [13, 10, 10, 11, 12, 8, 8, 4, 4, 4, 4, 2, 0, 0, 0] | gpus = [1, 1, 1, 1, 1, 1, 1, 1, 1, 2, 1, 1, 1, 1, 1] | micro_bs = 2 | time = [37219, 37333, 35973, 35005, 37339, 37099, 36552, 41843, 41296, 23864, 33895, 34458, 36270, 33935, 35899] | memory = [27954, 27809, 27841, 27745, 25505, 26849, 25937, 25344, 23696, 24704, 24512, 26048, 25232, 21760, 14496]
>>>> [CONFIG: target(7), prim(dec_op)]
|37672.06|27968.93| op = [24, 25, 26, 26, 26, 25, 27, 26, 26, 48, 28, 30, 30, 31, 21]| tp = [1, 1, 1, 1, 1, 1, 1, 1, 1, 1, 1, 1, 1, 1, 1, ] | dp = [1, 1, 1, 1, 1, 1, 1, 1, 1, 2, 1, 1, 1, 1, 1, ] | algo = [0, 0, 0, 0, 0, 0, 0, 0, 0, 0, 0, 0, 0, 0, 0, ] | rc = [10, 8, 8, 8, 8, 6, 6, 6, 4, 11, 4, 2, 0, 0, 0] | gpus = [1, 1, 1, 1, 1, 1, 1, 1, 1, 2, 1, 1, 1, 1, 1] | micro_bs = 2 | time = [31302, 29489, 32483, 32483, 32483, 31565, 31887, 37672, 36984, 31780, 33827, 34391, 36202, 33868, 35831] | memory = [26594, 26818, 27009, 25729, 24449, 27968, 26497, 24704, 25984, 27952, 24512, 26048, 25232, 21760, 14496]

[ Trial 3 ] |37672.06|27968.93| op = [24, 25, 26, 26, 26, 25, 27, 26, 26, 48, 28, 30, 30, 31, 21]| tp = [1, 1, 1, 1, 1, 1, 1, 1, 1, 1, 1, 1, 1, 1, 1, ] | dp = [1, 1, 1, 1, 1, 1, 1, 1, 1, 2, 1, 1, 1, 1, 1, ] | algo = [0, 0, 0, 0, 0, 0, 0, 0, 0, 0, 0, 0, 0, 0, 0, ] | rc = [10, 8, 8, 8, 8, 6, 6, 6, 4, 11, 4, 2, 0, 0, 0] | gpus = [1, 1, 1, 1, 1, 1, 1, 1, 1, 2, 1, 1, 1, 1, 1] | micro_bs = 2 | time = [31302, 29489, 32483, 32483, 32483, 31565, 31887, 37672, 36984, 31780, 33827, 34391, 36202, 33868, 35831] | memory = [26594, 26818, 27009, 25729, 24449, 27968, 26497, 24704, 25984, 27952, 24512, 26048, 25232, 21760, 14496]
>>>> [CONFIG: target(7), prim(dec_mbs)]
|67826.91|25905.08| op = [24, 25, 26, 26, 26, 25, 27, 26, 26, 48, 28, 30, 30, 31, 21]| tp = [1, 1, 1, 1, 1, 1, 1, 1, 1, 2, 1, 1, 1, 1, 1, ] | dp = [1, 1, 1, 1, 1, 1, 1, 1, 1, 1, 1, 1, 1, 1, 1, ] | algo = [0, 0, 0, 0, 0, 0, 0, 0, 0, 0, 0, 0, 0, 0, 0, ] | rc = [4, 4, 4, 4, 4, 2, 2, 0, 0, 0, 0, 0, 0, 0, 0] | gpus = [1, 1, 1, 1, 1, 1, 1, 1, 1, 2, 1, 1, 1, 1, 1] | micro_bs = 1 | time = [29488, 28525, 31556, 31556, 31556, 30569, 30916, 35878, 35878, 67826, 32801, 34231, 36813, 34391, 36291] | memory = [25905, 22881, 22976, 21824, 20672, 25120, 23552, 25856, 23552, 21552, 20640, 18336, 16584, 14080, 11392]
>>>> [CONFIG: target(9), prim(dec_tp)]
|62219.28|27952.67| op = [24, 25, 26, 26, 26, 25, 27, 26, 26, 48, 28, 30, 30, 31, 21]| tp = [1, 2, 1, 1, 1, 1, 1, 1, 1, 1, 1, 1, 1, 1, 1, ] | dp = [1, 1, 1, 1, 1, 1, 1, 1, 1, 1, 1, 1, 1, 1, 1, ] | algo = [0, 0, 0, 0, 0, 0, 0, 0, 0, 0, 0, 0, 0, 0, 0, ] | rc = [4, 0, 4, 4, 4, 2, 2, 0, 0, 11, 0, 0, 0, 0, 0] | gpus = [1, 2, 1, 1, 1, 1, 1, 1, 1, 1, 1, 1, 1, 1, 1] | micro_bs = 1 | time = [29486, 32157, 31554, 31554, 31554, 30567, 36732, 35876, 30058, 62219, 32799, 34229, 36811, 34389, 36289] | memory = [25905, 20897, 22976, 21824, 20672, 25120, 23552, 25856, 23552, 27952, 20640, 18336, 16584, 14080, 11392]
>>>> [CONFIG: target(9), prim(dec_op)]
|47031.13|27576.56| op = [24, 25, 26, 26, 27, 28, 29, 29, 31, 28, 33, 31, 30, 31, 21]| tp = [1, 2, 1, 1, 1, 1, 1, 1, 1, 1, 1, 1, 1, 1, 1, ] | dp = [1, 1, 1, 1, 1, 1, 1, 1, 1, 1, 1, 1, 1, 1, 1, ] | algo = [0, 0, 0, 0, 0, 0, 0, 0, 0, 0, 0, 0, 0, 0, 0, ] | rc = [4, 0, 4, 4, 4, 4, 2, 4, 0, 0, 0, 0, 0, 0, 0] | gpus = [1, 2, 1, 1, 1, 1, 1, 1, 1, 1, 1, 1, 1, 1, 1] | micro_bs = 1 | time = [29497, 32168, 31565, 31565, 35088, 35438, 45779, 47031, 36665, 33941, 36497, 35063, 36822, 34400, 36300] | memory = [25905, 20897, 22976, 21824, 22400, 21824, 25112, 24128, 27576, 23040, 24392, 18656, 16584, 14080, 11392]
>>>> [CONFIG: target(7), prim(inc_mbs)]
|52258.83|27616.99| op = [24, 25, 26, 26, 27, 28, 29, 29, 31, 28, 33, 31, 30, 31, 21]| tp = [1, 1, 1, 1, 1, 1, 1, 1, 1, 1, 1, 1, 1, 1, 1, ] | dp = [1, 2, 1, 1, 1, 1, 1, 1, 1, 1, 1, 1, 1, 1, 1, ] | algo = [0, 0, 0, 0, 0, 0, 0, 0, 0, 0, 0, 0, 0, 0, 0, ] | rc = [10, 4, 8, 8, 8, 8, 8, 16, 8, 4, 6, 2, 0, 0, 0] | gpus = [1, 2, 1, 1, 1, 1, 1, 1, 1, 1, 1, 1, 1, 1, 1] | micro_bs = 2 | time = [31367, 15014, 32548, 32548, 35942, 36238, 47118, 52258, 38975, 34863, 38199, 35295, 36267, 33933, 35896] | memory = [26594, 22881, 27009, 25729, 26881, 26753, 24241, 27616, 26097, 26240, 25744, 26432, 25232, 21760, 14496]
>>>> [CONFIG: target(7), prim(dec_op)]
|46514.24|27361.39| op = [24, 39, 26, 26, 26, 26, 26, 26, 26, 28, 33, 31, 30, 31, 21]| tp = [1, 1, 1, 1, 1, 1, 1, 1, 1, 1, 1, 1, 1, 1, 1, ] | dp = [1, 2, 1, 1, 1, 1, 1, 1, 1, 1, 1, 1, 1, 1, 1, ] | algo = [0, 0, 0, 0, 0, 0, 0, 0, 0, 0, 0, 0, 0, 0, 0, ] | rc = [10, 12, 10, 8, 8, 8, 6, 6, 4, 4, 6, 2, 0, 0, 0] | gpus = [1, 2, 1, 1, 1, 1, 1, 1, 1, 1, 1, 1, 1, 1, 1] | micro_bs = 2 | time = [31352, 25433, 34136, 32934, 32934, 32934, 46514, 46514, 31559, 34848, 38184, 35280, 36252, 33918, 35881] | memory = [26594, 25217, 26594, 26881, 25505, 24129, 27361, 25473, 26657, 26240, 25744, 26432, 25232, 21760, 14496]
>>>> [CONFIG: target(6), prim(inc_dp)]
|58668.99|27458.63| op = [24, 39, 26, 26, 26, 26, 26, 26, 26, 28, 33, 31, 30, 31, 21]| tp = [1, 1, 1, 1, 1, 1, 1, 1, 1, 1, 1, 1, 1, 1, 1, ] | dp = [1, 1, 1, 1, 1, 1, 2, 1, 1, 1, 1, 1, 1, 1, 1, ] | algo = [0, 0, 0, 0, 0, 0, 0, 0, 0, 0, 0, 0, 0, 0, 0, ] | rc = [10, 26, 10, 8, 8, 8, 2, 6, 4, 4, 6, 2, 0, 0, 0] | gpus = [1, 1, 1, 1, 1, 1, 2, 1, 1, 1, 1, 1, 1, 1, 1] | micro_bs = 2 | time = [31372, 58668, 34157, 32954, 32954, 32954, 23754, 46534, 31580, 34869, 38204, 35301, 36273, 33938, 35902] | memory = [26594, 27458, 26594, 26881, 25505, 24129, 23984, 25473, 26657, 26240, 25744, 26432, 25232, 21760, 14496]
>>>> [CONFIG: target(1), prim(dec_op)]
|36662.41|27257.01| op = [24, 25, 26, 26, 26, 26, 45, 21, 26, 28, 29, 33, 31, 32, 21]| tp = [1, 1, 1, 1, 1, 1, 1, 1, 1, 1, 1, 1, 1, 1, 1, ] | dp = [1, 1, 1, 1, 1, 1, 2, 1, 1, 1, 1, 1, 1, 1, 1, ] | algo = [0, 0, 0, 0, 0, 0, 0, 0, 0, 0, 0, 0, 0, 0, 0, ] | rc = [10, 8, 8, 8, 8, 8, 10, 4, 4, 4, 4, 6, 0, 0, 0] | gpus = [1, 1, 1, 1, 1, 1, 2, 1, 1, 1, 1, 1, 1, 1, 1] | micro_bs = 2 | time = [31315, 29503, 32496, 32496, 32496, 33091, 35718, 36320, 31523, 34811, 34281, 36377, 36662, 36494, 35845] | memory = [26594, 26818, 27009, 25729, 24449, 27009, 27257, 24320, 26657, 26240, 23024, 22208, 25680, 22592, 14496]

[ Trial 4 ] |36662.41|27257.01| op = [24, 25, 26, 26, 26, 26, 45, 21, 26, 28, 29, 33, 31, 32, 21]| tp = [1, 1, 1, 1, 1, 1, 1, 1, 1, 1, 1, 1, 1, 1, 1, ] | dp = [1, 1, 1, 1, 1, 1, 2, 1, 1, 1, 1, 1, 1, 1, 1, ] | algo = [0, 0, 0, 0, 0, 0, 0, 0, 0, 0, 0, 0, 0, 0, 0, ] | rc = [10, 8, 8, 8, 8, 8, 10, 4, 4, 4, 4, 6, 0, 0, 0] | gpus = [1, 1, 1, 1, 1, 1, 2, 1, 1, 1, 1, 1, 1, 1, 1] | micro_bs = 2 | time = [31315, 29503, 32496, 32496, 32496, 33091, 35718, 36320, 31523, 34811, 34281, 36377, 36662, 36494, 35845] | memory = [26594, 26818, 27009, 25729, 24449, 27009, 27257, 24320, 26657, 26240, 23024, 22208, 25680, 22592, 14496]
>>>> [CONFIG: target(12), prim(inc_mbs)]
|41502.82|27905.67| op = [24, 25, 26, 26, 26, 26, 45, 21, 26, 28, 29, 33, 31, 32, 21]| tp = [1, 1, 1, 1, 1, 1, 1, 1, 1, 1, 1, 1, 1, 1, 1, ] | dp = [1, 1, 1, 1, 1, 1, 2, 1, 1, 1, 1, 1, 1, 1, 1, ] | algo = [0, 0, 0, 0, 0, 0, 0, 0, 0, 0, 0, 0, 0, 0, 0, ] | rc = [22, 21, 24, 24, 24, 22, 38, 10, 15, 15, 13, 12, 8, 6, 0] | gpus = [1, 1, 1, 1, 1, 1, 2, 1, 1, 1, 1, 1, 1, 1, 1] | micro_bs = 4 | time = [36756, 36028, 40299, 40299, 40299, 38015, 41256, 39971, 39181, 41502, 40294, 38617, 39804, 38982, 36252] | memory = [25729, 26817, 23168, 22528, 21888, 27648, 27040, 26881, 27329, 27905, 26913, 26753, 26528, 26496, 20672]
>>>> [CONFIG: target(9), prim(dec_op)]
|41249.80|27937.55| op = [24, 25, 26, 26, 26, 26, 45, 21, 26, 27, 29, 33, 32, 32, 21]| tp = [1, 1, 1, 1, 1, 1, 1, 1, 1, 1, 1, 1, 1, 1, 1, ] | dp = [1, 1, 1, 1, 1, 1, 2, 1, 1, 1, 1, 1, 1, 1, 1, ] | algo = [0, 0, 0, 0, 0, 0, 0, 0, 0, 0, 0, 0, 0, 0, 0, ] | rc = [22, 21, 24, 24, 24, 22, 38, 10, 15, 15, 12, 12, 8, 6, 0] | gpus = [1, 1, 1, 1, 1, 1, 2, 1, 1, 1, 1, 1, 1, 1, 1] | micro_bs = 4 | time = [36749, 36022, 40293, 40293, 40293, 38009, 41249, 39965, 39175, 38576, 39144, 40943, 39889, 38975, 36245] | memory = [25729, 26817, 23168, 22528, 21888, 27648, 27040, 26881, 27329, 26497, 27937, 27520, 26529, 26496, 20672]
>>>> [CONFIG: target(6), prim(dec_dp)]
|85337.99|28032.12| op = [24, 25, 26, 26, 26, 26, 45, 21, 26, 27, 29, 33, 32, 32, 21]| tp = [1, 1, 1, 1, 1, 1, 1, 1, 1, 1, 1, 1, 1, 1, 1, ] | dp = [1, 2, 1, 1, 1, 1, 1, 1, 1, 1, 1, 1, 1, 1, 1, ] | algo = [0, 0, 0, 0, 0, 0, 0, 0, 0, 0, 0, 0, 0, 0, 0, ] | rc = [22, 8, 24, 24, 24, 22, 45, 10, 15, 15, 12, 12, 8, 6, 0] | gpus = [1, 2, 1, 1, 1, 1, 1, 1, 1, 1, 1, 1, 1, 1, 1] | micro_bs = 4 | time = [36845, 16504, 40389, 40389, 40389, 38105, 85337, 40060, 39271, 38671, 39239, 41039, 39985, 39071, 36341] | memory = [25729, 26818, 23168, 22528, 21888, 27648, 28032, 26881, 27329, 26497, 27937, 27520, 26529, 26496, 20672]
>>>> [CONFIG: target(6), prim(dec_mbs)]
|79338.74|27040.03| op = [24, 25, 26, 26, 26, 26, 45, 21, 26, 27, 29, 33, 32, 32, 21]| tp = [1, 1, 1, 1, 1, 1, 1, 1, 1, 1, 1, 1, 1, 1, 1, ] | dp = [1, 2, 1, 1, 1, 1, 1, 1, 1, 1, 1, 1, 1, 1, 1, ] | algo = [0, 0, 0, 0, 0, 0, 0, 0, 0, 0, 0, 0, 0, 0, 0, ] | rc = [10, 4, 8, 8, 8, 8, 38, 4, 4, 4, 4, 6, 0, 0, 0] | gpus = [1, 2, 1, 1, 1, 1, 1, 1, 1, 1, 1, 1, 1, 1, 1] | micro_bs = 2 | time = [31372, 15019, 32553, 32553, 32553, 33148, 79338, 36377, 31580, 31880, 34879, 38817, 36810, 36551, 35902] | memory = [26594, 22881, 27009, 25729, 24449, 27009, 27040, 24320, 26657, 25024, 23440, 22976, 25680, 22592, 14496]
>>>> [CONFIG: target(6), prim(dec_op)]
|43472.80|27841.61| op = [24, 44, 26, 26, 26, 26, 26, 21, 26, 27, 29, 33, 32, 32, 21]| tp = [1, 1, 1, 1, 1, 1, 1, 1, 1, 1, 1, 1, 1, 1, 1, ] | dp = [1, 2, 1, 1, 1, 1, 1, 1, 1, 1, 1, 1, 1, 1, 1, ] | algo = [0, 0, 0, 0, 0, 0, 0, 0, 0, 0, 0, 0, 0, 0, 0, ] | rc = [10, 16, 8, 8, 8, 8, 6, 4, 4, 4, 4, 6, 0, 0, 0] | gpus = [1, 2, 1, 1, 1, 1, 1, 1, 1, 1, 1, 1, 1, 1, 1] | micro_bs = 2 | time = [31332, 29922, 32748, 32748, 32748, 32748, 43472, 36337, 31539, 31840, 34838, 38777, 36770, 36511, 35862] | memory = [26594, 27666, 27841, 26497, 25153, 23809, 27073, 24320, 26657, 25024, 23440, 22976, 25680, 22592, 14496]
>>>> [CONFIG: target(6), prim(inc_dp)]
|67698.26|27841.61| op = [24, 44, 26, 26, 26, 26, 26, 21, 26, 27, 29, 33, 32, 32, 21]| tp = [1, 1, 1, 1, 1, 1, 1, 1, 1, 1, 1, 1, 1, 1, 1, ] | dp = [1, 1, 1, 1, 1, 1, 2, 1, 1, 1, 1, 1, 1, 1, 1, ] | algo = [0, 0, 0, 0, 0, 0, 0, 0, 0, 0, 0, 0, 0, 0, 0, ] | rc = [10, 35, 8, 8, 8, 8, 2, 4, 4, 4, 4, 6, 0, 0, 0] | gpus = [1, 1, 1, 1, 1, 1, 2, 1, 1, 1, 1, 1, 1, 1, 1] | micro_bs = 2 | time = [31364, 67698, 32780, 32780, 32780, 32780, 22167, 36369, 31571, 31872, 34871, 38809, 36802, 36543, 35894] | memory = [26594, 27681, 27841, 26497, 25153, 23809, 23840, 24320, 26657, 25024, 23440, 22976, 25680, 22592, 14496]
>>>> [CONFIG: target(1), prim(dec_op)]
|36490.02|27842.17| op = [24, 26, 26, 27, 26, 26, 49, 23, 27, 25, 29, 28, 30, 32, 21]| tp = [1, 1, 1, 1, 1, 1, 1, 1, 1, 1, 1, 1, 1, 1, 1, ] | dp = [1, 1, 1, 1, 1, 1, 2, 1, 1, 1, 1, 1, 1, 1, 1, ] | algo = [0, 0, 0, 0, 0, 0, 0, 0, 0, 0, 0, 0, 0, 0, 0, ] | rc = [10, 10, 10, 10, 8, 8, 14, 9, 6, 5, 4, 2, 0, 0, 0] | gpus = [1, 1, 1, 1, 1, 1, 2, 1, 1, 1, 1, 1, 1, 1, 1] | micro_bs = 2 | time = [31311, 34095, 34095, 34396, 32893, 32893, 32488, 35596, 33684, 31783, 33920, 33876, 33664, 36490, 35840] | memory = [26594, 27842, 26594, 26881, 25505, 24129, 26177, 27392, 26720, 27840, 24752, 25216, 24560, 22592, 14496]

[ Trial 5 ] |36490.02|27842.17| op = [24, 26, 26, 27, 26, 26, 49, 23, 27, 25, 29, 28, 30, 32, 21]| tp = [1, 1, 1, 1, 1, 1, 1, 1, 1, 1, 1, 1, 1, 1, 1, ] | dp = [1, 1, 1, 1, 1, 1, 2, 1, 1, 1, 1, 1, 1, 1, 1, ] | algo = [0, 0, 0, 0, 0, 0, 0, 0, 0, 0, 0, 0, 0, 0, 0, ] | rc = [10, 10, 10, 10, 8, 8, 14, 9, 6, 5, 4, 2, 0, 0, 0] | gpus = [1, 1, 1, 1, 1, 1, 2, 1, 1, 1, 1, 1, 1, 1, 1] | micro_bs = 2 | time = [31311, 34095, 34095, 34396, 32893, 32893, 32488, 35596, 33684, 31783, 33920, 33876, 33664, 36490, 35840] | memory = [26594, 27842, 26594, 26881, 25505, 24129, 26177, 27392, 26720, 27840, 24752, 25216, 24560, 22592, 14496]
>>>> [CONFIG: target(13), prim(dec_op)]
|35593.29|27842.17| op = [24, 26, 26, 27, 26, 26, 49, 23, 28, 29, 28, 29, 30, 30, 18]| tp = [1, 1, 1, 1, 1, 1, 1, 1, 1, 1, 1, 1, 1, 1, 1, ] | dp = [1, 1, 1, 1, 1, 1, 2, 1, 1, 1, 1, 1, 1, 1, 1, ] | algo = [0, 0, 0, 0, 0, 0, 0, 0, 0, 0, 0, 0, 0, 0, 0, ] | rc = [10, 10, 10, 10, 8, 8, 14, 9, 6, 4, 4, 2, 0, 0, 0] | gpus = [1, 1, 1, 1, 1, 1, 2, 1, 1, 1, 1, 1, 1, 1, 1] | micro_bs = 2 | time = [31307, 34092, 34092, 34392, 32889, 32889, 32484, 35593, 34520, 34823, 34803, 33546, 33034, 34208, 32529] | memory = [26594, 27842, 26594, 26881, 25505, 24129, 26177, 27392, 27200, 25952, 23680, 25152, 27808, 19680, 13360]

[ Trial 6 ] |35593.29|27842.17| op = [24, 26, 26, 27, 26, 26, 49, 23, 28, 29, 28, 29, 30, 30, 18]| tp = [1, 1, 1, 1, 1, 1, 1, 1, 1, 1, 1, 1, 1, 1, 1, ] | dp = [1, 1, 1, 1, 1, 1, 2, 1, 1, 1, 1, 1, 1, 1, 1, ] | algo = [0, 0, 0, 0, 0, 0, 0, 0, 0, 0, 0, 0, 0, 0, 0, ] | rc = [10, 10, 10, 10, 8, 8, 14, 9, 6, 4, 4, 2, 0, 0, 0] | gpus = [1, 1, 1, 1, 1, 1, 2, 1, 1, 1, 1, 1, 1, 1, 1] | micro_bs = 2 | time = [31307, 34092, 34092, 34392, 32889, 32889, 32484, 35593, 34520, 34823, 34803, 33546, 33034, 34208, 32529] | memory = [26594, 27842, 26594, 26881, 25505, 24129, 26177, 27392, 27200, 25952, 23680, 25152, 27808, 19680, 13360]
>>>> [CONFIG: target(9), prim(inc_dp)]
|83022.53|27842.17| op = [24, 26, 26, 27, 26, 26, 49, 23, 28, 29, 28, 29, 30, 30, 18]| tp = [1, 1, 1, 1, 1, 1, 1, 1, 1, 1, 1, 1, 1, 1, 1, ] | dp = [1, 1, 1, 1, 1, 1, 1, 1, 1, 2, 1, 1, 1, 1, 1, ] | algo = [0, 0, 0, 0, 0, 0, 0, 0, 0, 0, 0, 0, 0, 0, 0, ] | rc = [10, 10, 10, 10, 8, 8, 36, 9, 6, 0, 4, 2, 0, 0, 0] | gpus = [1, 1, 1, 1, 1, 1, 1, 1, 1, 2, 1, 1, 1, 1, 1] | micro_bs = 2 | time = [31527, 34312, 34312, 34613, 33109, 33109, 68701, 81189, 83022, 17867, 35024, 33766, 33254, 34428, 32749] | memory = [26594, 27842, 26594, 26881, 25505, 24129, 27568, 27392, 27200, 22896, 23680, 25152, 27808, 19680, 13360]
>>>> [CONFIG: target(8), prim(dec_op)]
|47350.81|27842.17| op = [24, 26, 26, 27, 26, 26, 29, 27, 30, 43, 28, 29, 30, 30, 18]| tp = [1, 1, 1, 1, 1, 1, 1, 1, 1, 1, 1, 1, 1, 1, 1, ] | dp = [1, 1, 1, 1, 1, 1, 1, 1, 1, 2, 1, 1, 1, 1, 1, ] | algo = [0, 0, 0, 0, 0, 0, 0, 0, 0, 0, 0, 0, 0, 0, 0, ] | rc = [10, 10, 10, 10, 8, 8, 8, 6, 8, 6, 4, 2, 0, 0, 0] | gpus = [1, 1, 1, 1, 1, 1, 1, 1, 1, 2, 1, 1, 1, 1, 1] | micro_bs = 2 | time = [31344, 34128, 34128, 34429, 32925, 32925, 36225, 46097, 47350, 26451, 34840, 33582, 33070, 34244, 32565] | memory = [26594, 27842, 26594, 26881, 25505, 24129, 24785, 26240, 27168, 23376, 23680, 25152, 27808, 19680, 13360]
>>>> [CONFIG: target(8), prim(inc_tp)]
|52669.30|27842.17| op = [24, 26, 26, 27, 26, 26, 29, 27, 30, 43, 28, 29, 30, 30, 18]| tp = [1, 1, 1, 1, 1, 1, 1, 1, 2, 1, 1, 1, 1, 1, 1, ] | dp = [1, 1, 1, 1, 1, 1, 1, 1, 1, 1, 1, 1, 1, 1, 1, ] | algo = [0, 0, 0, 0, 0, 0, 0, 0, 0, 0, 0, 0, 0, 0, 0, ] | rc = [10, 10, 10, 10, 8, 8, 8, 6, 2, 12, 4, 2, 0, 0, 0] | gpus = [1, 1, 1, 1, 1, 1, 1, 1, 2, 1, 1, 1, 1, 1, 1] | micro_bs = 2 | time = [31389, 34174, 34174, 34474, 32971, 32971, 36270, 46142, 44475, 52669, 34885, 33628, 33116, 34290, 32611] | memory = [26594, 27842, 26594, 26881, 25505, 24129, 24785, 26240, 24864, 27489, 23680, 25152, 27808, 19680, 13360]
>>>> [CONFIG: target(9), prim(dec_op)]
|46141.16|27842.17| op = [24, 26, 26, 27, 26, 26, 29, 27, 30, 35, 36, 29, 30, 30, 18]| tp = [1, 1, 1, 1, 1, 1, 1, 1, 2, 1, 1, 1, 1, 1, 1, ] | dp = [1, 1, 1, 1, 1, 1, 1, 1, 1, 1, 1, 1, 1, 1, 1, ] | algo = [0, 0, 0, 0, 0, 0, 0, 0, 0, 0, 0, 0, 0, 0, 0, ] | rc = [10, 10, 10, 10, 8, 8, 8, 6, 2, 6, 8, 2, 0, 0, 0] | gpus = [1, 1, 1, 1, 1, 1, 1, 1, 2, 1, 1, 1, 1, 1, 1] | micro_bs = 2 | time = [31387, 34172, 34172, 34473, 32969, 32969, 36269, 46141, 44473, 42878, 43820, 33626, 33114, 34288, 32609] | memory = [26594, 27842, 26594, 26881, 25505, 24129, 24785, 26240, 24864, 27649, 26672, 25152, 27808, 19680, 13360]
>>>> [CONFIG: target(7), prim(inc_mbs)]
|53545.27|27872.12| op = [24, 26, 26, 27, 26, 26, 29, 27, 30, 35, 36, 29, 30, 30, 18]| tp = [1, 1, 1, 1, 1, 1, 1, 1, 1, 1, 1, 1, 1, 1, 1, ] | dp = [1, 1, 1, 1, 1, 1, 1, 1, 2, 1, 1, 1, 1, 1, 1, ] | algo = [0, 0, 0, 0, 0, 0, 0, 0, 0, 0, 0, 0, 0, 0, 0, ] | rc = [22, 26, 25, 25, 24, 24, 23, 19, 8, 32, 26, 8, 12, 4, 0] | gpus = [1, 1, 1, 1, 1, 1, 1, 1, 2, 1, 1, 1, 1, 1, 1] | micro_bs = 4 | time = [36856, 41396, 41105, 41218, 40814, 40814, 45079, 53545, 25408, 52418, 51638, 36086, 38917, 36240, 33102] | memory = [25729, 26560, 27456, 27136, 26112, 25088, 27105, 27840, 27168, 27872, 26688, 27009, 27456, 25024, 19424]
>>>> [CONFIG: target(7), prim(dec_mbs)]
|46100.71|27842.17| op = [24, 26, 26, 27, 26, 26, 29, 27, 30, 35, 36, 29, 30, 30, 18]| tp = [1, 1, 1, 1, 1, 1, 1, 1, 1, 1, 1, 1, 1, 1, 1, ] | dp = [1, 1, 1, 1, 1, 1, 1, 1, 2, 1, 1, 1, 1, 1, 1, ] | algo = [0, 0, 0, 0, 0, 0, 0, 0, 0, 0, 0, 0, 0, 0, 0, ] | rc = [10, 10, 10, 10, 8, 8, 8, 6, 2, 6, 8, 2, 0, 0, 0] | gpus = [1, 1, 1, 1, 1, 1, 1, 1, 2, 1, 1, 1, 1, 1, 1] | micro_bs = 2 | time = [31347, 34132, 34132, 34432, 32929, 32929, 36228, 46100, 23763, 42837, 43780, 33585, 33073, 34247, 32568] | memory = [26594, 27842, 26594, 26881, 25505, 24129, 24785, 26240, 26256, 27649, 26672, 25152, 27808, 19680, 13360]
>>>> [CONFIG: target(7), prim(dec_op)]
|35135.81|27842.17| op = [24, 26, 26, 27, 26, 26, 26, 24, 50, 29, 28, 29, 30, 30, 18]| tp = [1, 1, 1, 1, 1, 1, 1, 1, 1, 1, 1, 1, 1, 1, 1, ] | dp = [1, 1, 1, 1, 1, 1, 1, 1, 2, 1, 1, 1, 1, 1, 1, ] | algo = [0, 0, 0, 0, 0, 0, 0, 0, 0, 0, 0, 0, 0, 0, 0, ] | rc = [10, 10, 10, 10, 8, 8, 6, 4, 12, 4, 4, 2, 0, 0, 0] | gpus = [1, 1, 1, 1, 1, 1, 1, 1, 2, 1, 1, 1, 1, 1, 1] | micro_bs = 2 | time = [31304, 34089, 34089, 34389, 32886, 32886, 32199, 33692, 35135, 34820, 34800, 33543, 33031, 34205, 32526] | memory = [26594, 27842, 26594, 26881, 25505, 24129, 27361, 25984, 26696, 25952, 23680, 25152, 27808, 19680, 13360]

num_targets: [1, 1, 1, 1, 1, 1, 2]
num_hops: [2, 1, 5, 7, 7, 1, 7]
search time = 200.00 s.  [0, 1, 2, 3, 4, 15, 16, 29, 205] 
num_explored_cases = 11531
time trend: [57814, 56942, 40088, 37672, 36662, 36490, 35593, 35135, 35135]

working on num_stages = 7
config has been saved to /home/liminglong.lml/sxz/SuperScaler/logs-large/aceso/configs/gpt/6_7B/gpt_6_7B_7stages_2026-5-14-6-1-41.json

========== Best Result (num_stages = 7) ==========
|37481.63|27984.34| op = [49, 88, 54, 54, 57, 62, 55]| tp = [1, 1, 1, 1, 1, 1, 1, ] | dp = [2, 4, 2, 2, 2, 2, 2, ] | algo = [0, 0, 0, 0, 0, 0, 0, ] | rc = [26, 82, 22, 18, 16, 14, 6] | gpus = [2, 4, 2, 2, 2, 2, 2] | micro_bs = 4 | time = [33136, 34942, 36040, 36039, 35627, 37481, 37376] | memory = [27521, 27248, 27729, 27521, 27088, 27872, 27984]
start|94200.23|24288.86| op = [59, 59, 59, 59, 59, 59, 65]| tp = [4, 2, 2, 2, 2, 2, 2, ] | dp = [1, 1, 1, 1, 1, 1, 1, ] | algo = [0, 0, 0, 0, 0, 0, 0, ] | rc = [0, 0, 0, 0, 0, 0, 0] | gpus = [4, 2, 2, 2, 2, 2, 2] | micro_bs = 1 | time = [74967, 82716, 85542, 85839, 79702, 83727, 94200] | memory = [16869, 24288, 22448, 18816, 16536, 13840, 13344]

[ Trial 0 ] |94200.23|24288.86| op = [59, 59, 59, 59, 59, 59, 65]| tp = [4, 2, 2, 2, 2, 2, 2, ] | dp = [1, 1, 1, 1, 1, 1, 1, ] | algo = [0, 0, 0, 0, 0, 0, 0, ] | rc = [0, 0, 0, 0, 0, 0, 0] | gpus = [4, 2, 2, 2, 2, 2, 2] | micro_bs = 1 | time = [74967, 82716, 85542, 85839, 79702, 83727, 94200] | memory = [16869, 24288, 22448, 18816, 16536, 13840, 13344]
>>>> [CONFIG: target(6), prim(inc_mbs)]
|42257.69|27616.86| op = [59, 59, 59, 59, 59, 59, 65]| tp = [2, 1, 1, 1, 1, 1, 1, ] | dp = [2, 2, 2, 2, 2, 2, 2, ] | algo = [0, 0, 0, 0, 0, 0, 0, ] | rc = [4, 14, 12, 8, 8, 0, 0] | gpus = [4, 2, 2, 2, 2, 2, 2] | micro_bs = 2 | time = [40757, 36376, 38386, 37927, 34742, 34844, 42257] | memory = [26433, 27616, 27568, 26688, 25176, 26608, 26112]

[ Trial 1 ] |42257.69|27616.86| op = [59, 59, 59, 59, 59, 59, 65]| tp = [2, 1, 1, 1, 1, 1, 1, ] | dp = [2, 2, 2, 2, 2, 2, 2, ] | algo = [0, 0, 0, 0, 0, 0, 0, ] | rc = [4, 14, 12, 8, 8, 0, 0] | gpus = [4, 2, 2, 2, 2, 2, 2] | micro_bs = 2 | time = [40757, 36376, 38386, 37927, 34742, 34844, 42257] | memory = [26433, 27616, 27568, 26688, 25176, 26608, 26112]
>>>> [CONFIG: target(6), prim(dec_op)]
|42886.56|27784.72| op = [54, 60, 58, 61, 62, 63, 61]| tp = [2, 1, 1, 1, 1, 1, 1, ] | dp = [2, 2, 2, 2, 2, 2, 2, ] | algo = [0, 0, 0, 0, 0, 0, 0, ] | rc = [0, 16, 12, 10, 10, 2, 0] | gpus = [4, 2, 2, 2, 2, 2, 2] | micro_bs = 2 | time = [37539, 36314, 42886, 41751, 37073, 36846, 40520] | memory = [26609, 27088, 27784, 26880, 24912, 27728, 25232]
>>>> [CONFIG: target(2), prim(inc_tp)]
|45642.29|27728.32| op = [54, 60, 58, 61, 62, 63, 61]| tp = [1, 1, 2, 1, 1, 1, 1, ] | dp = [2, 2, 2, 2, 2, 2, 2, ] | algo = [0, 0, 0, 0, 0, 0, 0, ] | rc = [16, 16, 0, 10, 10, 2, 0] | gpus = [2, 2, 4, 2, 2, 2, 2] | micro_bs = 2 | time = [33494, 36311, 45642, 41749, 37070, 36844, 40517] | memory = [27193, 27088, 21856, 26880, 24912, 27728, 25232]
>>>> [CONFIG: target(2), prim(dec_dp)]
|89040.22|27728.32| op = [54, 60, 58, 61, 62, 63, 61]| tp = [2, 1, 2, 1, 1, 1, 1, ] | dp = [2, 2, 1, 2, 2, 2, 2, ] | algo = [0, 0, 0, 0, 0, 0, 0, ] | rc = [0, 16, 8, 10, 10, 2, 0] | gpus = [4, 2, 2, 2, 2, 2, 2] | micro_bs = 2 | time = [37629, 36404, 89040, 41841, 37163, 36937, 40610] | memory = [26609, 27088, 24609, 26880, 24912, 27728, 25232]
>>>> [CONFIG: target(2), prim(dec_op)]
|46650.36|27832.53| op = [54, 61, 30, 70, 70, 71, 63]| tp = [2, 1, 2, 1, 1, 1, 1, ] | dp = [2, 2, 1, 2, 2, 2, 2, ] | algo = [0, 0, 0, 0, 0, 0, 0, ] | rc = [0, 18, 0, 20, 12, 10, 0] | gpus = [4, 2, 2, 2, 2, 2, 2] | micro_bs = 2 | time = [37581, 38471, 44898, 46650, 41756, 43548, 41962] | memory = [26609, 27088, 18704, 27488, 27832, 26352, 26080]
>>>> [CONFIG: target(3), prim(dec_op)]
|68658.24|27832.53| op = [54, 63, 32, 66, 70, 71, 63]| tp = [2, 1, 2, 1, 1, 1, 1, ] | dp = [2, 2, 1, 2, 2, 2, 2, ] | algo = [0, 0, 0, 0, 0, 0, 0, ] | rc = [0, 20, 0, 16, 12, 10, 0] | gpus = [4, 2, 2, 2, 2, 2, 2] | micro_bs = 2 | time = [37673, 40606, 68658, 67805, 41848, 43640, 42054] | memory = [26609, 27184, 22336, 27456, 27832, 26352, 26080]
>>>> [CONFIG: target(2), prim(inc_mbs)]
|71362.85|27968.40| op = [54, 63, 32, 66, 70, 71, 63]| tp = [1, 1, 1, 1, 1, 1, 1, ] | dp = [4, 2, 2, 2, 2, 2, 2, ] | algo = [0, 0, 0, 0, 0, 0, 0, ] | rc = [16, 53, 9, 49, 36, 24, 10] | gpus = [4, 2, 2, 2, 2, 2, 2] | micro_bs = 4 | time = [17666, 46932, 44536, 71362, 48416, 45725, 43385] | memory = [27193, 27264, 26736, 27968, 27921, 27936, 27904]
>>>> [CONFIG: target(3), prim(dec_op)]
|38705.69|27984.34| op = [85, 52, 52, 56, 57, 62, 55]| tp = [1, 1, 1, 1, 1, 1, 1, ] | dp = [4, 2, 2, 2, 2, 2, 2, ] | algo = [0, 0, 0, 0, 0, 0, 0, ] | rc = [83, 25, 20, 20, 16, 14, 6] | gpus = [4, 2, 2, 2, 2, 2, 2] | micro_bs = 4 | time = [33357, 35265, 36435, 38705, 35641, 37495, 37390] | memory = [27880, 27937, 27713, 27713, 27088, 27872, 27984]

[ Trial 2 ] |38705.69|27984.34| op = [85, 52, 52, 56, 57, 62, 55]| tp = [1, 1, 1, 1, 1, 1, 1, ] | dp = [4, 2, 2, 2, 2, 2, 2, ] | algo = [0, 0, 0, 0, 0, 0, 0, ] | rc = [83, 25, 20, 20, 16, 14, 6] | gpus = [4, 2, 2, 2, 2, 2, 2] | micro_bs = 4 | time = [33357, 35265, 36435, 38705, 35641, 37495, 37390] | memory = [27880, 27937, 27713, 27713, 27088, 27872, 27984]
>>>> [CONFIG: target(3), prim(dec_op)]
|37644.89|28168.20| op = [86, 51, 53, 55, 57, 62, 55]| tp = [1, 1, 1, 1, 1, 1, 1, ] | dp = [4, 2, 2, 2, 2, 2, 2, ] | algo = [0, 0, 0, 0, 0, 0, 0, ] | rc = [84, 24, 22, 18, 16, 14, 6] | gpus = [4, 2, 2, 2, 2, 2, 2] | micro_bs = 4 | time = [33629, 34361, 37492, 37644, 35639, 37493, 37388] | memory = [28168, 27969, 27489, 27841, 27088, 27872, 27984]
>>>> [CONFIG: target(0), prim(dec_op)]
|37647.35|27984.34| op = [85, 52, 53, 55, 57, 62, 55]| tp = [1, 1, 1, 1, 1, 1, 1, ] | dp = [4, 2, 2, 2, 2, 2, 2, ] | algo = [0, 0, 0, 0, 0, 0, 0, ] | rc = [83, 25, 22, 18, 16, 14, 6] | gpus = [4, 2, 2, 2, 2, 2, 2] | micro_bs = 4 | time = [33357, 35265, 37494, 37647, 35641, 37495, 37390] | memory = [27880, 27937, 27489, 27841, 27088, 27872, 27984]

[ Trial 3 ] |37647.35|27984.34| op = [85, 52, 53, 55, 57, 62, 55]| tp = [1, 1, 1, 1, 1, 1, 1, ] | dp = [4, 2, 2, 2, 2, 2, 2, ] | algo = [0, 0, 0, 0, 0, 0, 0, ] | rc = [83, 25, 22, 18, 16, 14, 6] | gpus = [4, 2, 2, 2, 2, 2, 2] | micro_bs = 4 | time = [33357, 35265, 37494, 37647, 35641, 37495, 37390] | memory = [27880, 27937, 27489, 27841, 27088, 27872, 27984]
>>>> [CONFIG: target(3), prim(inc_mbs)]
|75643.40|27392.30| op = [85, 52, 53, 55, 57, 62, 55]| tp = [2, 1, 1, 1, 1, 1, 1, ] | dp = [2, 2, 2, 2, 2, 2, 2, ] | algo = [0, 0, 0, 0, 0, 0, 0, ] | rc = [81, 52, 53, 51, 53, 60, 54] | gpus = [4, 2, 2, 2, 2, 2, 2] | micro_bs = 8 | time = [75643, 40976, 44376, 45714, 44958, 47417, 47525] | memory = [24449, 25408, 25088, 27136, 27296, 26816, 27392]
>>>> [CONFIG: target(0), prim(dec_op)]
|49187.32|29184.50| op = [64, 63, 57, 60, 58, 62, 55]| tp = [2, 1, 1, 1, 1, 1, 1, ] | dp = [2, 2, 2, 2, 2, 2, 2, ] | algo = [0, 0, 0, 0, 0, 0, 0, ] | rc = [48, 63, 57, 60, 54, 60, 54] | gpus = [4, 2, 2, 2, 2, 2, 2] | micro_bs = 8 | time = [49187, 48191, 48458, 48565, 46940, 47339, 47447] | memory = [27714, 29184, 27360, 25280, 27744, 26816, 27392]
>>>> [CONFIG: target(1), prim(dec_mbs)]
|44049.14|27984.34| op = [64, 63, 57, 60, 58, 62, 55]| tp = [1, 1, 1, 1, 1, 1, 1, ] | dp = [4, 2, 2, 2, 2, 2, 2, ] | algo = [0, 0, 0, 0, 0, 0, 0, ] | rc = [35, 53, 30, 22, 18, 14, 6] | gpus = [4, 2, 2, 2, 2, 2, 2] | micro_bs = 4 | time = [22910, 44049, 43812, 40101, 37811, 37531, 37426] | memory = [27753, 27232, 27857, 27969, 27824, 27872, 27984]
>>>> [CONFIG: target(1), prim(dec_op)]
|37481.19|28168.20| op = [86, 51, 54, 54, 57, 62, 55]| tp = [1, 1, 1, 1, 1, 1, 1, ] | dp = [4, 2, 2, 2, 2, 2, 2, ] | algo = [0, 0, 0, 0, 0, 0, 0, ] | rc = [84, 24, 22, 18, 16, 14, 6] | gpus = [4, 2, 2, 2, 2, 2, 2] | micro_bs = 4 | time = [33618, 34349, 36040, 36039, 35627, 37481, 37376] | memory = [28168, 27969, 27729, 27521, 27088, 27872, 27984]
>>>> [CONFIG: target(0), prim(dec_op)]
|37483.65|27984.34| op = [85, 52, 54, 54, 57, 62, 55]| tp = [1, 1, 1, 1, 1, 1, 1, ] | dp = [4, 2, 2, 2, 2, 2, 2, ] | algo = [0, 0, 0, 0, 0, 0, 0, ] | rc = [83, 25, 22, 18, 16, 14, 6] | gpus = [4, 2, 2, 2, 2, 2, 2] | micro_bs = 4 | time = [33345, 35253, 36042, 36041, 35629, 37483, 37378] | memory = [27880, 27937, 27729, 27521, 27088, 27872, 27984]

[ Trial 4 ] |37483.65|27984.34| op = [85, 52, 54, 54, 57, 62, 55]| tp = [1, 1, 1, 1, 1, 1, 1, ] | dp = [4, 2, 2, 2, 2, 2, 2, ] | algo = [0, 0, 0, 0, 0, 0, 0, ] | rc = [83, 25, 22, 18, 16, 14, 6] | gpus = [4, 2, 2, 2, 2, 2, 2] | micro_bs = 4 | time = [33345, 35253, 36042, 36041, 35629, 37483, 37378] | memory = [27880, 27937, 27729, 27521, 27088, 27872, 27984]
>>>> [CONFIG: target(5), prim(inc_dp)]
|64262.65|30416.39| op = [85, 52, 54, 54, 57, 62, 55]| tp = [1, 1, 1, 1, 1, 1, 1, ] | dp = [2, 2, 2, 2, 2, 4, 2, ] | algo = [0, 0, 0, 0, 0, 0, 0, ] | rc = [83, 25, 22, 18, 16, 0, 6] | gpus = [2, 2, 2, 2, 2, 4, 2] | micro_bs = 4 | time = [64262, 35344, 34683, 41801, 42839, 18520, 37469] | memory = [30416, 27937, 27729, 27521, 27088, 27728, 27984]
>>>> [CONFIG: target(0), prim(dec_op)]
|55347.00|27984.34| op = [75, 62, 54, 54, 57, 62, 55]| tp = [1, 1, 1, 1, 1, 1, 1, ] | dp = [2, 2, 2, 2, 2, 4, 2, ] | algo = [0, 0, 0, 0, 0, 0, 0, ] | rc = [73, 53, 22, 18, 16, 0, 6] | gpus = [2, 2, 2, 2, 2, 4, 2] | micro_bs = 4 | time = [55346, 45735, 34688, 41807, 42845, 18526, 37475] | memory = [27008, 27808, 27729, 27521, 27088, 27728, 27984]
>>>> [CONFIG: target(0), prim(inc_dp)]
|45656.40|27984.34| op = [75, 62, 54, 54, 57, 62, 55]| tp = [1, 1, 1, 1, 1, 1, 1, ] | dp = [4, 2, 2, 2, 2, 2, 2, ] | algo = [0, 0, 0, 0, 0, 0, 0, ] | rc = [67, 53, 22, 18, 16, 14, 6] | gpus = [4, 2, 2, 2, 2, 2, 2] | micro_bs = 4 | time = [27353, 45656, 36059, 36058, 35646, 37500, 37396] | memory = [27464, 27808, 27729, 27521, 27088, 27872, 27984]
>>>> [CONFIG: target(1), prim(inc_dp)]
|55279.40|27984.34| op = [75, 62, 54, 54, 57, 62, 55]| tp = [1, 1, 1, 1, 1, 1, 1, ] | dp = [2, 4, 2, 2, 2, 2, 2, ] | algo = [0, 0, 0, 0, 0, 0, 0, ] | rc = [73, 20, 22, 18, 16, 14, 6] | gpus = [2, 4, 2, 2, 2, 2, 2] | micro_bs = 4 | time = [55279, 20716, 36071, 36070, 35658, 37512, 37407] | memory = [27008, 26800, 27729, 27521, 27088, 27872, 27984]
>>>> [CONFIG: target(0), prim(dec_dp)]
|108107.41|34305.21| op = [75, 62, 54, 54, 57, 62, 55]| tp = [1, 1, 1, 1, 1, 1, 1, ] | dp = [1, 4, 1, 2, 4, 2, 2, ] | algo = [0, 0, 0, 0, 0, 0, 0, ] | rc = [73, 20, 54, 18, 4, 14, 6] | gpus = [1, 4, 1, 2, 4, 2, 2] | micro_bs = 4 | time = [108107, 21058, 79731, 42081, 21719, 37854, 37749] | memory = [34305, 26800, 25248, 27521, 27336, 27872, 27984]
>>>> [CONFIG: target(0), prim(dec_op)]
|79636.85|27984.34| op = [49, 88, 54, 54, 57, 62, 55]| tp = [1, 1, 1, 1, 1, 1, 1, ] | dp = [1, 4, 1, 2, 4, 2, 2, ] | algo = [0, 0, 0, 0, 0, 0, 0, ] | rc = [47, 82, 54, 18, 4, 14, 6] | gpus = [1, 4, 1, 2, 4, 2, 2] | micro_bs = 4 | time = [69637, 35220, 79636, 41987, 21625, 37759, 37655] | memory = [26817, 27248, 25248, 27521, 27336, 27872, 27984]
>>>> [CONFIG: target(2), prim(inc_dp)]
|37481.63|27984.34| op = [49, 88, 54, 54, 57, 62, 55]| tp = [1, 1, 1, 1, 1, 1, 1, ] | dp = [2, 4, 2, 2, 2, 2, 2, ] | algo = [0, 0, 0, 0, 0, 0, 0, ] | rc = [26, 82, 22, 18, 16, 14, 6] | gpus = [2, 4, 2, 2, 2, 2, 2] | micro_bs = 4 | time = [33136, 34942, 36040, 36039, 35627, 37481, 37376] | memory = [27521, 27248, 27729, 27521, 27088, 27872, 27984]

num_targets: [1, 1, 1, 1, 1]
num_hops: [1, 7, 2, 5, 7]
search time = 200.03 s.  [0, 1, 5, 6, 21, 32, 204] 
num_explored_cases = 15839
time trend: [94200, 42257, 38705, 37647, 37483, 37481, 37481]

working on num_stages = 8
config has been saved to /home/liminglong.lml/sxz/SuperScaler/logs-large/aceso/configs/gpt/6_7B/gpt_6_7B_8stages_2026-5-14-6-1-41.json

========== Best Result (num_stages = 8) ==========
|33930.83|27904.86| op = [52, 53, 54, 49, 53, 54, 56, 48]| tp = [1, 1, 1, 1, 1, 1, 1, 1, ] | dp = [2, 2, 2, 2, 2, 2, 2, 2, ] | algo = [0, 0, 0, 0, 0, 0, 0, 0, ] | rc = [18, 12, 10, 8, 6, 2, 0, 0] | gpus = [2, 2, 2, 2, 2, 2, 2, 2] | micro_bs = 2 | time = [33930, 31988, 33072, 32680, 33812, 31596, 31490, 33261] | memory = [27617, 27144, 27904, 24616, 25888, 27408, 24736, 20640]
start|80842.63|26809.23| op = [52, 52, 52, 52, 52, 52, 52, 55]| tp = [2, 2, 2, 2, 2, 2, 2, 2, ] | dp = [1, 1, 1, 1, 1, 1, 1, 1, ] | algo = [0, 0, 0, 0, 0, 0, 0, 0, ] | rc = [2, 0, 0, 0, 0, 0, 0, 0] | gpus = [2, 2, 2, 2, 2, 2, 2, 2] | micro_bs = 1 | time = [74729, 71081, 71081, 76901, 76901, 71081, 71081, 80842] | memory = [26809, 24608, 22080, 19552, 17024, 14496, 11968, 11480]

[ Trial 0 ] |80842.63|26809.23| op = [52, 52, 52, 52, 52, 52, 52, 55]| tp = [2, 2, 2, 2, 2, 2, 2, 2, ] | dp = [1, 1, 1, 1, 1, 1, 1, 1, ] | algo = [0, 0, 0, 0, 0, 0, 0, 0, ] | rc = [2, 0, 0, 0, 0, 0, 0, 0] | gpus = [2, 2, 2, 2, 2, 2, 2, 2] | micro_bs = 1 | time = [74729, 71081, 71081, 76901, 76901, 71081, 71081, 80842] | memory = [26809, 24608, 22080, 19552, 17024, 14496, 11968, 11480]
>>>> [CONFIG: target(7), prim(inc_mbs)]
|36471.75|27617.09| op = [52, 52, 52, 52, 52, 52, 52, 55]| tp = [1, 1, 1, 1, 1, 1, 1, 1, ] | dp = [2, 2, 2, 2, 2, 2, 2, 2, ] | algo = [0, 0, 0, 0, 0, 0, 0, 0, ] | rc = [18, 12, 10, 8, 6, 0, 0, 0] | gpus = [2, 2, 2, 2, 2, 2, 2, 2] | micro_bs = 2 | time = [33929, 31941, 31586, 34138, 33765, 29737, 29737, 36471] | memory = [27617, 26976, 26752, 25760, 25792, 27552, 22976, 22440]

[ Trial 1 ] |36471.75|27617.09| op = [52, 52, 52, 52, 52, 52, 52, 55]| tp = [1, 1, 1, 1, 1, 1, 1, 1, ] | dp = [2, 2, 2, 2, 2, 2, 2, 2, ] | algo = [0, 0, 0, 0, 0, 0, 0, 0, ] | rc = [18, 12, 10, 8, 6, 0, 0, 0] | gpus = [2, 2, 2, 2, 2, 2, 2, 2] | micro_bs = 2 | time = [33929, 31941, 31586, 34138, 33765, 29737, 29737, 36471] | memory = [27617, 26976, 26752, 25760, 25792, 27552, 22976, 22440]
>>>> [CONFIG: target(7), prim(dec_op)]
|34138.70|27617.09| op = [52, 52, 52, 52, 52, 52, 59, 48]| tp = [1, 1, 1, 1, 1, 1, 1, 1, ] | dp = [2, 2, 2, 2, 2, 2, 2, 2, ] | algo = [0, 0, 0, 0, 0, 0, 0, 0, ] | rc = [18, 12, 10, 8, 6, 0, 0, 0] | gpus = [2, 2, 2, 2, 2, 2, 2, 2] | micro_bs = 2 | time = [33929, 31941, 31586, 34138, 33765, 29737, 32947, 33260] | memory = [27617, 26976, 26752, 25760, 25792, 27552, 25712, 20640]

[ Trial 2 ] |34138.70|27617.09| op = [52, 52, 52, 52, 52, 52, 59, 48]| tp = [1, 1, 1, 1, 1, 1, 1, 1, ] | dp = [2, 2, 2, 2, 2, 2, 2, 2, ] | algo = [0, 0, 0, 0, 0, 0, 0, 0, ] | rc = [18, 12, 10, 8, 6, 0, 0, 0] | gpus = [2, 2, 2, 2, 2, 2, 2, 2] | micro_bs = 2 | time = [33929, 31941, 31586, 34138, 33765, 29737, 32947, 33260] | memory = [27617, 26976, 26752, 25760, 25792, 27552, 25712, 20640]
>>>> [CONFIG: target(3), prim(dec_dp)]
|71717.27|27713.28| op = [52, 52, 52, 52, 52, 52, 59, 48]| tp = [1, 2, 1, 1, 1, 1, 1, 1, ] | dp = [2, 2, 2, 1, 2, 1, 2, 2, ] | algo = [0, 0, 0, 0, 0, 0, 0, 0, ] | rc = [18, 0, 10, 20, 6, 12, 0, 0] | gpus = [2, 4, 2, 1, 2, 1, 2, 2] | micro_bs = 2 | time = [34073, 35865, 34636, 71717, 31001, 61901, 33091, 33404] | memory = [27617, 24608, 26752, 27713, 25792, 27072, 25712, 20640]
>>>> [CONFIG: target(3), prim(dec_op)]
|47430.78|27760.91| op = [52, 52, 55, 33, 65, 32, 71, 59]| tp = [1, 2, 1, 1, 1, 1, 1, 1, ] | dp = [2, 2, 2, 1, 2, 1, 2, 2, ] | algo = [0, 0, 0, 0, 0, 0, 0, 0, ] | rc = [18, 0, 12, 6, 14, 0, 8, 0] | gpus = [2, 4, 2, 1, 2, 1, 2, 2] | micro_bs = 2 | time = [34036, 35828, 39790, 47430, 39657, 39152, 40784, 40080] | memory = [27617, 24608, 27760, 25232, 27392, 26736, 26800, 24888]
>>>> [CONFIG: target(3), prim(inc_dp)]
|42461.72|27760.91| op = [52, 52, 55, 33, 65, 32, 71, 59]| tp = [1, 1, 1, 1, 1, 1, 1, 1, ] | dp = [2, 2, 2, 2, 2, 2, 2, 2, ] | algo = [0, 0, 0, 0, 0, 0, 0, 0, ] | rc = [18, 12, 12, 0, 14, 0, 8, 0] | gpus = [2, 2, 2, 2, 2, 2, 2, 2] | micro_bs = 2 | time = [33934, 31945, 33811, 20504, 42461, 20314, 40682, 39978] | memory = [27617, 26976, 27760, 23880, 27392, 17848, 26800, 24888]
>>>> [CONFIG: target(4), prim(dec_op)]
|35900.47|27936.48| op = [52, 52, 55, 46, 53, 54, 55, 52]| tp = [1, 1, 1, 1, 1, 1, 1, 1, ] | dp = [2, 2, 2, 2, 2, 2, 2, 2, ] | algo = [0, 0, 0, 0, 0, 0, 0, 0, ] | rc = [18, 12, 12, 6, 8, 2, 0, 0] | gpus = [2, 2, 2, 2, 2, 2, 2, 2] | micro_bs = 2 | time = [33932, 31944, 33809, 28860, 35900, 32047, 31337, 35015] | memory = [27617, 26976, 27760, 24568, 24896, 27936, 24016, 21520]
>>>> [CONFIG: target(4), prim(dec_mbs)]
|81081.77|26809.23| op = [52, 52, 55, 46, 53, 54, 55, 52]| tp = [2, 2, 2, 2, 2, 2, 2, 2, ] | dp = [1, 1, 1, 1, 1, 1, 1, 1, ] | algo = [0, 0, 0, 0, 0, 0, 0, 0, ] | rc = [2, 0, 0, 0, 0, 0, 0, 0] | gpus = [2, 2, 2, 2, 2, 2, 2, 2] | micro_bs = 1 | time = [74730, 71082, 75344, 64498, 81081, 75473, 75344, 76725] | memory = [26809, 24608, 22896, 17336, 17728, 15264, 12528, 10992]
>>>> [CONFIG: target(4), prim(dec_op)]
|76992.29|26809.23| op = [52, 53, 54, 49, 53, 54, 56, 48]| tp = [2, 2, 2, 2, 2, 2, 2, 2, ] | dp = [1, 1, 1, 1, 1, 1, 1, 1, ] | algo = [0, 0, 0, 0, 0, 0, 0, 0, ] | rc = [2, 0, 0, 0, 0, 0, 0, 0] | gpus = [2, 2, 2, 2, 2, 2, 2, 2] | micro_bs = 1 | time = [74729, 71172, 75121, 72783, 76992, 75121, 72988, 74910] | memory = [26809, 24776, 22656, 18840, 17120, 15000, 12832, 10552]
>>>> [CONFIG: target(4), prim(inc_mbs)]
|33930.83|27904.86| op = [52, 53, 54, 49, 53, 54, 56, 48]| tp = [1, 1, 1, 1, 1, 1, 1, 1, ] | dp = [2, 2, 2, 2, 2, 2, 2, 2, ] | algo = [0, 0, 0, 0, 0, 0, 0, 0, ] | rc = [18, 12, 10, 8, 6, 2, 0, 0] | gpus = [2, 2, 2, 2, 2, 2, 2, 2] | micro_bs = 2 | time = [33930, 31988, 33072, 32680, 33812, 31596, 31490, 33261] | memory = [27617, 27144, 27904, 24616, 25888, 27408, 24736, 20640]

num_targets: [1, 1, 1]
num_hops: [1, 1, 7]
search time = 200.03 s.  [0, 1, 2, 55, 203] 
num_explored_cases = 18987
time trend: [80842, 36471, 34138, 33930, 33930]

working on num_stages = 13
config has been saved to /home/liminglong.lml/sxz/SuperScaler/logs-large/aceso/configs/gpt/6_7B/gpt_6_7B_13stages_2026-5-14-6-1-41.json

========== Best Result (num_stages = 13) ==========
|35004.56|27808.37| op = [25, 26, 26, 52, 26, 50, 50, 29, 28, 29, 30, 30, 18]| tp = [1, 1, 1, 1, 1, 1, 1, 1, 1, 1, 1, 1, 1, ] | dp = [1, 1, 1, 2, 1, 2, 2, 1, 1, 1, 1, 1, 1, ] | algo = [0, 0, 0, 0, 0, 0, 0, 0, 0, 0, 0, 0, 0, ] | rc = [10, 8, 8, 16, 6, 12, 12, 4, 4, 2, 0, 0, 0] | gpus = [1, 1, 1, 2, 1, 2, 2, 1, 1, 1, 1, 1, 1] | micro_bs = 2 | time = [31474, 32755, 32755, 33218, 32068, 33497, 35004, 34688, 34669, 33411, 32899, 34073, 32394] | memory = [26401, 26881, 25505, 27617, 27361, 26945, 26696, 25952, 23680, 25152, 27808, 19680, 13360]
start|95195.86|27992.56| op = [32, 32, 32, 32, 32, 32, 32, 32, 32, 32, 32, 32, 35]| tp = [2, 2, 2, 1, 1, 1, 1, 1, 1, 1, 1, 1, 1, ] | dp = [1, 1, 1, 1, 1, 1, 1, 1, 1, 1, 1, 1, 1, ] | algo = [0, 0, 0, 0, 0, 0, 0, 0, 0, 0, 0, 0, 0, ] | rc = [2, 0, 0, 6, 7, 4, 0, 0, 0, 0, 0, 0, 0] | gpus = [2, 2, 2, 1, 1, 1, 1, 1, 1, 1, 1, 1, 1] | micro_bs = 1 | time = [45815, 44696, 45933, 39890, 95195, 90002, 40266, 34589, 37510, 37083, 37493, 36369, 51707] | memory = [24841, 22688, 21152, 24720, 25240, 24704, 27992, 27024, 21912, 21312, 17008, 14592, 16048]

[ Trial 0 ] |95195.86|27992.56| op = [32, 32, 32, 32, 32, 32, 32, 32, 32, 32, 32, 32, 35]| tp = [2, 2, 2, 1, 1, 1, 1, 1, 1, 1, 1, 1, 1, ] | dp = [1, 1, 1, 1, 1, 1, 1, 1, 1, 1, 1, 1, 1, ] | algo = [0, 0, 0, 0, 0, 0, 0, 0, 0, 0, 0, 0, 0, ] | rc = [2, 0, 0, 6, 7, 4, 0, 0, 0, 0, 0, 0, 0] | gpus = [2, 2, 2, 1, 1, 1, 1, 1, 1, 1, 1, 1, 1] | micro_bs = 1 | time = [45815, 44696, 45933, 39890, 95195, 90002, 40266, 34589, 37510, 37083, 37493, 36369, 51707] | memory = [24841, 22688, 21152, 24720, 25240, 24704, 27992, 27024, 21912, 21312, 17008, 14592, 16048]
>>>> [CONFIG: target(4), prim(dec_op)]
|50411.14|27888.38| op = [32, 32, 32, 32, 31, 33, 31, 33, 32, 32, 32, 38, 29]| tp = [2, 2, 2, 1, 1, 1, 1, 1, 1, 1, 1, 1, 1, ] | dp = [1, 1, 1, 1, 1, 1, 1, 1, 1, 1, 1, 1, 1, ] | algo = [0, 0, 0, 0, 0, 0, 0, 0, 0, 0, 0, 0, 0, ] | rc = [2, 0, 0, 6, 4, 4, 0, 0, 0, 0, 0, 0, 0] | gpus = [2, 2, 2, 1, 1, 1, 1, 1, 1, 1, 1, 1, 1] | micro_bs = 1 | time = [45730, 44611, 45848, 39805, 50411, 48004, 37318, 37091, 37425, 36998, 37409, 44343, 43563] | memory = [24841, 22688, 21152, 24720, 22104, 24960, 26888, 27888, 21912, 21312, 17008, 17296, 13368]

[ Trial 1 ] |50411.14|27888.38| op = [32, 32, 32, 32, 31, 33, 31, 33, 32, 32, 32, 38, 29]| tp = [2, 2, 2, 1, 1, 1, 1, 1, 1, 1, 1, 1, 1, ] | dp = [1, 1, 1, 1, 1, 1, 1, 1, 1, 1, 1, 1, 1, ] | algo = [0, 0, 0, 0, 0, 0, 0, 0, 0, 0, 0, 0, 0, ] | rc = [2, 0, 0, 6, 4, 4, 0, 0, 0, 0, 0, 0, 0] | gpus = [2, 2, 2, 1, 1, 1, 1, 1, 1, 1, 1, 1, 1] | micro_bs = 1 | time = [45730, 44611, 45848, 39805, 50411, 48004, 37318, 37091, 37425, 36998, 37409, 44343, 43563] | memory = [24841, 22688, 21152, 24720, 22104, 24960, 26888, 27888, 21912, 21312, 17008, 17296, 13368]
>>>> [CONFIG: target(4), prim(inc_tp)]
|51994.44|27888.38| op = [32, 32, 32, 32, 31, 33, 31, 33, 32, 32, 32, 38, 29]| tp = [2, 1, 2, 1, 2, 1, 1, 1, 1, 1, 1, 1, 1, ] | dp = [1, 1, 1, 1, 1, 1, 1, 1, 1, 1, 1, 1, 1, ] | algo = [0, 0, 0, 0, 0, 0, 0, 0, 0, 0, 0, 0, 0, ] | rc = [2, 6, 0, 6, 0, 4, 0, 0, 0, 0, 0, 0, 0] | gpus = [2, 1, 2, 1, 2, 1, 1, 1, 1, 1, 1, 1, 1] | micro_bs = 1 | time = [45726, 39195, 45845, 39802, 51994, 48000, 37314, 37088, 37421, 36995, 37405, 44339, 43559] | memory = [24841, 25760, 21152, 24720, 17280, 24960, 26888, 27888, 21912, 21312, 17008, 17296, 13368]
>>>> [CONFIG: target(4), prim(dec_tp)]
|50400.80|27888.38| op = [32, 32, 32, 32, 31, 33, 31, 33, 32, 32, 32, 38, 29]| tp = [1, 1, 4, 1, 1, 1, 1, 1, 1, 1, 1, 1, 1, ] | dp = [1, 1, 1, 1, 1, 1, 1, 1, 1, 1, 1, 1, 1, ] | algo = [0, 0, 0, 0, 0, 0, 0, 0, 0, 0, 0, 0, 0, ] | rc = [13, 6, 0, 6, 4, 4, 0, 0, 0, 0, 0, 0, 0] | gpus = [1, 1, 4, 1, 1, 1, 1, 1, 1, 1, 1, 1, 1] | micro_bs = 1 | time = [44072, 39188, 42321, 39795, 50400, 47993, 37307, 37081, 37415, 36988, 37398, 44333, 43553] | memory = [27689, 25760, 12204, 24720, 22104, 24960, 26888, 27888, 21912, 21312, 17008, 17296, 13368]

[ Trial 2 ] |50400.80|27888.38| op = [32, 32, 32, 32, 31, 33, 31, 33, 32, 32, 32, 38, 29]| tp = [1, 1, 4, 1, 1, 1, 1, 1, 1, 1, 1, 1, 1, ] | dp = [1, 1, 1, 1, 1, 1, 1, 1, 1, 1, 1, 1, 1, ] | algo = [0, 0, 0, 0, 0, 0, 0, 0, 0, 0, 0, 0, 0, ] | rc = [13, 6, 0, 6, 4, 4, 0, 0, 0, 0, 0, 0, 0] | gpus = [1, 1, 4, 1, 1, 1, 1, 1, 1, 1, 1, 1, 1] | micro_bs = 1 | time = [44072, 39188, 42321, 39795, 50400, 47993, 37307, 37081, 37415, 36988, 37398, 44333, 43553] | memory = [27689, 25760, 12204, 24720, 22104, 24960, 26888, 27888, 21912, 21312, 17008, 17296, 13368]
>>>> [CONFIG: target(4), prim(inc_mbs)]
|50828.22|32336.67| op = [32, 32, 32, 32, 31, 33, 31, 33, 32, 32, 32, 38, 29]| tp = [1, 1, 2, 1, 1, 1, 1, 1, 1, 1, 1, 1, 1, ] | dp = [1, 1, 2, 1, 1, 1, 1, 1, 1, 1, 1, 1, 1, ] | algo = [0, 0, 0, 0, 0, 0, 0, 0, 0, 0, 0, 0, 0, ] | rc = [30, 23, 0, 17, 8, 10, 6, 8, 4, 6, 0, 0, 0] | gpus = [1, 1, 4, 1, 1, 1, 1, 1, 1, 1, 1, 1, 1] | micro_bs = 2 | time = [49865, 45784, 23676, 46263, 50828, 49234, 38874, 39518, 38278, 38746, 36819, 43652, 43054] | memory = [32336, 27872, 21152, 27905, 27569, 26625, 27537, 26464, 25264, 22784, 25824, 25376, 17424]
>>>> [CONFIG: target(0), prim(dec_op)]
|50819.72|27905.55| op = [31, 33, 32, 32, 31, 33, 31, 33, 32, 32, 32, 38, 29]| tp = [1, 1, 2, 1, 1, 1, 1, 1, 1, 1, 1, 1, 1, ] | dp = [1, 1, 2, 1, 1, 1, 1, 1, 1, 1, 1, 1, 1, ] | algo = [0, 0, 0, 0, 0, 0, 0, 0, 0, 0, 0, 0, 0, ] | rc = [15, 25, 0, 17, 8, 10, 6, 8, 4, 6, 0, 0, 0] | gpus = [1, 1, 4, 1, 1, 1, 1, 1, 1, 1, 1, 1, 1] | micro_bs = 2 | time = [43915, 47373, 23668, 46254, 50819, 49225, 38866, 39510, 38270, 38738, 36811, 43644, 43045] | memory = [27250, 27488, 21152, 27905, 27569, 26625, 27537, 26464, 25264, 22784, 25824, 25376, 17424]
>>>> [CONFIG: target(4), prim(dec_op)]
|42970.68|27649.49| op = [28, 29, 54, 26, 26, 29, 31, 33, 32, 32, 34, 36, 29]| tp = [1, 1, 2, 1, 1, 1, 1, 1, 1, 1, 1, 1, 1, ] | dp = [1, 1, 2, 1, 1, 1, 1, 1, 1, 1, 1, 1, 1, ] | algo = [0, 0, 0, 0, 0, 0, 0, 0, 0, 0, 0, 0, 0, ] | rc = [12, 10, 10, 8, 6, 6, 6, 8, 4, 6, 0, 0, 0] | gpus = [1, 1, 4, 1, 1, 1, 1, 1, 1, 1, 1, 1, 1] | micro_bs = 2 | time = [36185, 38519, 37879, 33079, 37673, 38826, 38791, 39435, 38195, 38663, 39812, 40867, 42970] | memory = [27218, 27649, 23745, 27009, 26497, 25857, 27537, 26464, 25264, 22784, 26976, 24544, 17424]

[ Trial 3 ] |42970.68|27649.49| op = [28, 29, 54, 26, 26, 29, 31, 33, 32, 32, 34, 36, 29]| tp = [1, 1, 2, 1, 1, 1, 1, 1, 1, 1, 1, 1, 1, ] | dp = [1, 1, 2, 1, 1, 1, 1, 1, 1, 1, 1, 1, 1, ] | algo = [0, 0, 0, 0, 0, 0, 0, 0, 0, 0, 0, 0, 0, ] | rc = [12, 10, 10, 8, 6, 6, 6, 8, 4, 6, 0, 0, 0] | gpus = [1, 1, 4, 1, 1, 1, 1, 1, 1, 1, 1, 1, 1] | micro_bs = 2 | time = [36185, 38519, 37879, 33079, 37673, 38826, 38791, 39435, 38195, 38663, 39812, 40867, 42970] | memory = [27218, 27649, 23745, 27009, 26497, 25857, 27537, 26464, 25264, 22784, 26976, 24544, 17424]
>>>> [CONFIG: target(12), prim(inc_dp)]
|44595.29|27649.49| op = [28, 29, 54, 26, 26, 29, 31, 33, 32, 32, 34, 36, 29]| tp = [1, 1, 1, 1, 1, 1, 1, 1, 1, 1, 1, 1, 1, ] | dp = [1, 1, 2, 2, 1, 1, 1, 1, 1, 1, 1, 1, 2, ] | algo = [0, 0, 0, 0, 0, 0, 0, 0, 0, 0, 0, 0, 0, ] | rc = [12, 10, 28, 2, 6, 6, 6, 8, 4, 6, 0, 0, 0] | gpus = [1, 1, 2, 2, 1, 1, 1, 1, 1, 1, 1, 1, 2] | micro_bs = 2 | time = [36112, 38447, 38274, 16018, 31724, 38754, 44595, 39362, 38122, 38590, 39739, 40794, 22379] | memory = [27218, 27649, 27553, 25280, 26497, 25857, 27537, 26464, 25264, 22784, 26976, 24544, 13368]
>>>> [CONFIG: target(6), prim(dec_op)]
|40133.98|27680.74| op = [28, 27, 48, 51, 21, 27, 25, 29, 28, 28, 29, 33, 45]| tp = [1, 1, 1, 1, 1, 1, 1, 1, 1, 1, 1, 1, 1, ] | dp = [1, 1, 2, 2, 1, 1, 1, 1, 1, 1, 1, 1, 2, ] | algo = [0, 0, 0, 0, 0, 0, 0, 0, 0, 0, 0, 0, 0, ] | rc = [12, 8, 16, 16, 11, 8, 7, 4, 4, 2, 0, 0, 0] | gpus = [1, 1, 2, 2, 1, 1, 1, 1, 1, 1, 1, 1, 2] | micro_bs = 2 | time = [36079, 35226, 30007, 33084, 30614, 40133, 38233, 33806, 34489, 33966, 32708, 34077, 33030] | memory = [27218, 27649, 25577, 26977, 27089, 24960, 27168, 27680, 23040, 25728, 23824, 21920, 20296]

[ Trial 4 ] |40133.98|27680.74| op = [28, 27, 48, 51, 21, 27, 25, 29, 28, 28, 29, 33, 45]| tp = [1, 1, 1, 1, 1, 1, 1, 1, 1, 1, 1, 1, 1, ] | dp = [1, 1, 2, 2, 1, 1, 1, 1, 1, 1, 1, 1, 2, ] | algo = [0, 0, 0, 0, 0, 0, 0, 0, 0, 0, 0, 0, 0, ] | rc = [12, 8, 16, 16, 11, 8, 7, 4, 4, 2, 0, 0, 0] | gpus = [1, 1, 2, 2, 1, 1, 1, 1, 1, 1, 1, 1, 2] | micro_bs = 2 | time = [36079, 35226, 30007, 33084, 30614, 40133, 38233, 33806, 34489, 33966, 32708, 34077, 33030] | memory = [27218, 27649, 25577, 26977, 27089, 24960, 27168, 27680, 23040, 25728, 23824, 21920, 20296]
>>>> [CONFIG: target(5), prim(inc_dp)]
|66617.56|27680.74| op = [28, 27, 48, 51, 21, 27, 25, 29, 28, 28, 29, 33, 45]| tp = [1, 1, 1, 1, 1, 1, 1, 1, 1, 1, 1, 1, 1, ] | dp = [1, 1, 1, 2, 1, 2, 1, 1, 1, 1, 1, 1, 2, ] | algo = [0, 0, 0, 0, 0, 0, 0, 0, 0, 0, 0, 0, 0, ] | rc = [12, 8, 38, 16, 11, 2, 7, 4, 4, 2, 0, 0, 0] | gpus = [1, 1, 1, 2, 1, 2, 1, 1, 1, 1, 1, 1, 2] | micro_bs = 2 | time = [36111, 35258, 66617, 33116, 30646, 19881, 38265, 33838, 34521, 33998, 32740, 34109, 33062] | memory = [27218, 27649, 27488, 26977, 27089, 24000, 27168, 27680, 23040, 25728, 23824, 21920, 20296]
>>>> [CONFIG: target(2), prim(dec_op)]
|41506.96|27777.28| op = [28, 27, 28, 52, 28, 44, 20, 29, 28, 28, 29, 33, 45]| tp = [1, 1, 1, 1, 1, 1, 1, 1, 1, 1, 1, 1, 1, ] | dp = [1, 1, 1, 2, 1, 2, 1, 1, 1, 1, 1, 1, 2, ] | algo = [0, 0, 0, 0, 0, 0, 0, 0, 0, 0, 0, 0, 0, ] | rc = [12, 8, 10, 22, 10, 6, 5, 4, 4, 2, 0, 0, 0] | gpus = [1, 1, 1, 2, 1, 2, 1, 1, 1, 1, 1, 1, 2] | micro_bs = 2 | time = [36100, 35247, 35822, 35942, 35876, 33829, 41506, 33828, 34510, 33987, 32729, 34098, 33051] | memory = [27218, 27649, 25153, 27777, 26785, 27552, 27568, 27680, 23040, 25728, 23824, 21920, 20296]
>>>> [CONFIG: target(6), prim(inc_dp)]
|63724.90|27777.28| op = [28, 27, 28, 52, 28, 44, 20, 29, 28, 28, 29, 33, 45]| tp = [1, 1, 1, 1, 1, 1, 1, 1, 1, 1, 1, 1, 1, ] | dp = [1, 1, 1, 2, 1, 2, 2, 1, 1, 1, 1, 1, 1, ] | algo = [0, 0, 0, 0, 0, 0, 0, 0, 0, 0, 0, 0, 0, ] | rc = [12, 8, 10, 22, 10, 6, 0, 4, 4, 2, 0, 0, 0] | gpus = [1, 1, 1, 2, 1, 2, 2, 1, 1, 1, 1, 1, 1] | micro_bs = 2 | time = [36120, 35267, 35841, 35962, 35895, 33849, 20844, 33847, 34530, 34007, 32749, 34118, 63724] | memory = [27218, 27649, 25153, 27777, 26785, 27552, 21208, 27680, 23040, 25728, 23824, 21920, 25104]
>>>> [CONFIG: target(12), prim(dec_op)]
|35974.33|27936.90| op = [27, 28, 28, 50, 28, 46, 45, 29, 29, 28, 29, 31, 21]| tp = [1, 1, 1, 1, 1, 1, 1, 1, 1, 1, 1, 1, 1, ] | dp = [1, 1, 1, 2, 1, 2, 2, 1, 1, 1, 1, 1, 1, ] | algo = [0, 0, 0, 0, 0, 0, 0, 0, 0, 0, 0, 0, 0, ] | rc = [12, 8, 10, 20, 10, 10, 6, 6, 4, 2, 0, 0, 0] | gpus = [1, 1, 1, 2, 1, 2, 2, 1, 1, 1, 1, 1, 1] | micro_bs = 2 | time = [35870, 35334, 35820, 34317, 35820, 35956, 35974, 35338, 34731, 33985, 32727, 33782, 35745] | memory = [26801, 27649, 25153, 27777, 22465, 27936, 27800, 27392, 23440, 25728, 23824, 21760, 14496]

[ Trial 5 ] |35974.33|27936.90| op = [27, 28, 28, 50, 28, 46, 45, 29, 29, 28, 29, 31, 21]| tp = [1, 1, 1, 1, 1, 1, 1, 1, 1, 1, 1, 1, 1, ] | dp = [1, 1, 1, 2, 1, 2, 2, 1, 1, 1, 1, 1, 1, ] | algo = [0, 0, 0, 0, 0, 0, 0, 0, 0, 0, 0, 0, 0, ] | rc = [12, 8, 10, 20, 10, 10, 6, 6, 4, 2, 0, 0, 0] | gpus = [1, 1, 1, 2, 1, 2, 2, 1, 1, 1, 1, 1, 1] | micro_bs = 2 | time = [35870, 35334, 35820, 34317, 35820, 35956, 35974, 35338, 34731, 33985, 32727, 33782, 35745] | memory = [26801, 27649, 25153, 27777, 22465, 27936, 27800, 27392, 23440, 25728, 23824, 21760, 14496]
>>>> [CONFIG: target(6), prim(dec_dp)]
|75864.32|27985.52| op = [27, 28, 28, 50, 28, 46, 45, 29, 29, 28, 29, 31, 21]| tp = [1, 1, 1, 1, 1, 1, 1, 1, 1, 1, 1, 1, 1, ] | dp = [1, 1, 1, 2, 1, 2, 1, 1, 1, 1, 2, 1, 1, ] | algo = [0, 0, 0, 0, 0, 0, 0, 0, 0, 0, 0, 0, 0, ] | rc = [12, 8, 10, 20, 10, 10, 18, 6, 4, 2, 0, 0, 0] | gpus = [1, 1, 1, 2, 1, 2, 1, 1, 1, 1, 2, 1, 1] | micro_bs = 2 | time = [35918, 35382, 35867, 34365, 35867, 36003, 75864, 35386, 34779, 34033, 17275, 33829, 35793] | memory = [26801, 27649, 25153, 27777, 22465, 27936, 27985, 27392, 23440, 25728, 15368, 21760, 14496]
>>>> [CONFIG: target(6), prim(inc_tp)]
|70931.69|27936.90| op = [27, 28, 28, 50, 28, 46, 45, 29, 29, 28, 29, 31, 21]| tp = [1, 1, 1, 1, 1, 1, 2, 1, 1, 1, 1, 1, 1, ] | dp = [1, 1, 1, 2, 1, 2, 1, 1, 1, 1, 1, 1, 1, ] | algo = [0, 0, 0, 0, 0, 0, 0, 0, 0, 0, 0, 0, 0, ] | rc = [12, 8, 10, 20, 10, 10, 6, 6, 4, 2, 0, 0, 0] | gpus = [1, 1, 1, 2, 1, 2, 2, 1, 1, 1, 1, 1, 1] | micro_bs = 2 | time = [35938, 35403, 35888, 34386, 35888, 36024, 70931, 35407, 34800, 34053, 32795, 33850, 35814] | memory = [26801, 27649, 25153, 27777, 22465, 27936, 25057, 27392, 23440, 25728, 23824, 21760, 14496]
>>>> [CONFIG: target(6), prim(inc_mbs)]
|44525.73|27985.52| op = [27, 28, 28, 50, 28, 46, 45, 29, 29, 28, 29, 31, 21]| tp = [1, 1, 1, 1, 1, 1, 1, 1, 1, 1, 1, 1, 1, ] | dp = [1, 1, 1, 2, 1, 2, 2, 1, 1, 1, 1, 1, 1, ] | algo = [0, 0, 0, 0, 0, 0, 0, 0, 0, 0, 0, 0, 0, ] | rc = [25, 27, 26, 50, 22, 36, 18, 27, 12, 8, 6, 6, 0] | gpus = [1, 1, 1, 2, 1, 2, 2, 1, 1, 1, 1, 1, 1] | micro_bs = 4 | time = [41196, 44525, 41677, 40434, 40963, 41187, 39320, 42902, 38888, 36304, 35104, 36184, 35996] | memory = [23649, 22720, 27360, 25760, 27520, 27520, 27985, 27936, 27937, 27905, 27168, 25600, 20672]
>>>> [CONFIG: target(1), prim(dec_op)]
|40952.64|27889.52| op = [25, 24, 25, 53, 26, 52, 47, 24, 28, 29, 33, 32, 21]| tp = [1, 1, 1, 1, 1, 1, 1, 1, 1, 1, 1, 1, 1, ] | dp = [1, 1, 1, 2, 1, 2, 2, 1, 1, 1, 1, 1, 1, ] | algo = [0, 0, 0, 0, 0, 0, 0, 0, 0, 0, 0, 0, 0, ] | rc = [23, 21, 23, 46, 20, 40, 24, 24, 12, 14, 8, 6, 0] | gpus = [1, 1, 1, 2, 1, 2, 2, 1, 1, 1, 1, 1, 1] | micro_bs = 4 | time = [36841, 34296, 39737, 39296, 37563, 40952, 38309, 39665, 37199, 39430, 39783, 38663, 35933] | memory = [24705, 27648, 22240, 25280, 27232, 27136, 27889, 25024, 26753, 27648, 27009, 26496, 20672]
>>>> [CONFIG: target(5), prim(dec_mbs)]
|36839.56|27976.78| op = [25, 24, 25, 53, 26, 52, 47, 24, 28, 29, 33, 32, 21]| tp = [1, 1, 1, 1, 1, 1, 1, 1, 1, 1, 1, 1, 1, ] | dp = [1, 1, 1, 2, 1, 2, 2, 1, 1, 1, 1, 1, 1, ] | algo = [0, 0, 0, 0, 0, 0, 0, 0, 0, 0, 0, 0, 0, ] | rc = [10, 8, 8, 16, 6, 14, 8, 4, 6, 6, 0, 0, 0] | gpus = [1, 1, 1, 2, 1, 2, 2, 1, 1, 1, 1, 1, 1] | micro_bs = 2 | time = [31479, 29065, 32129, 33032, 31672, 35529, 33524, 30595, 34328, 35300, 36839, 36357, 35708] | memory = [26401, 22785, 24097, 27137, 26497, 26689, 27976, 23680, 27456, 21632, 25920, 22592, 14496]
>>>> [CONFIG: target(10), prim(dec_op)]
|35524.06|27872.93| op = [25, 24, 25, 53, 26, 52, 48, 30, 27, 28, 29, 32, 20]| tp = [1, 1, 1, 1, 1, 1, 1, 1, 1, 1, 1, 1, 1, ] | dp = [1, 1, 1, 2, 1, 2, 2, 1, 1, 1, 1, 1, 1, ] | algo = [0, 0, 0, 0, 0, 0, 0, 0, 0, 0, 0, 0, 0, ] | rc = [10, 8, 8, 16, 6, 14, 15, 4, 4, 2, 0, 0, 0] | gpus = [1, 1, 1, 2, 1, 2, 2, 1, 1, 1, 1, 1, 1] | micro_bs = 2 | time = [31473, 29059, 32123, 33026, 31666, 35524, 35267, 34011, 34373, 33941, 32683, 33823, 35479] | memory = [26401, 22785, 24097, 27137, 26497, 26689, 26632, 27872, 23040, 25728, 23824, 21856, 14416]

[ Trial 6 ] |35524.06|27872.93| op = [25, 24, 25, 53, 26, 52, 48, 30, 27, 28, 29, 32, 20]| tp = [1, 1, 1, 1, 1, 1, 1, 1, 1, 1, 1, 1, 1, ] | dp = [1, 1, 1, 2, 1, 2, 2, 1, 1, 1, 1, 1, 1, ] | algo = [0, 0, 0, 0, 0, 0, 0, 0, 0, 0, 0, 0, 0, ] | rc = [10, 8, 8, 16, 6, 14, 15, 4, 4, 2, 0, 0, 0] | gpus = [1, 1, 1, 2, 1, 2, 2, 1, 1, 1, 1, 1, 1] | micro_bs = 2 | time = [31473, 29059, 32123, 33026, 31666, 35524, 35267, 34011, 34373, 33941, 32683, 33823, 35479] | memory = [26401, 22785, 24097, 27137, 26497, 26689, 26632, 27872, 23040, 25728, 23824, 21856, 14416]
>>>> [CONFIG: target(5), prim(dec_dp)]
|79227.16|27872.93| op = [25, 24, 25, 53, 26, 52, 48, 30, 27, 28, 29, 32, 20]| tp = [1, 1, 1, 1, 1, 1, 1, 1, 1, 1, 1, 1, 1, ] | dp = [1, 2, 1, 2, 1, 1, 2, 1, 1, 1, 1, 1, 1, ] | algo = [0, 0, 0, 0, 0, 0, 0, 0, 0, 0, 0, 0, 0, ] | rc = [10, 4, 8, 16, 6, 40, 15, 4, 4, 2, 0, 0, 0] | gpus = [1, 2, 1, 2, 1, 1, 2, 1, 1, 1, 1, 1, 1] | micro_bs = 2 | time = [31530, 14718, 32180, 33083, 31723, 79227, 35324, 34069, 34430, 33998, 32741, 33880, 35536] | memory = [26401, 19840, 24097, 27137, 26497, 27136, 26632, 27872, 23040, 25728, 23824, 21856, 14416]
>>>> [CONFIG: target(5), prim(dec_op)]
|38720.46|27905.54| op = [25, 51, 26, 47, 27, 29, 48, 30, 27, 28, 29, 32, 20]| tp = [1, 1, 1, 1, 1, 1, 1, 1, 1, 1, 1, 1, 1, ] | dp = [1, 2, 1, 2, 1, 1, 2, 1, 1, 1, 1, 1, 1, ] | algo = [0, 0, 0, 0, 0, 0, 0, 0, 0, 0, 0, 0, 0, ] | rc = [10, 20, 8, 24, 8, 6, 15, 4, 4, 2, 0, 0, 0] | gpus = [1, 2, 1, 2, 1, 1, 2, 1, 1, 1, 1, 1, 1] | micro_bs = 2 | time = [31497, 34330, 32778, 33804, 34257, 38720, 35291, 34036, 34397, 33965, 32708, 33847, 35503] | memory = [26401, 27905, 25505, 27585, 26785, 25857, 26632, 27872, 23040, 25728, 23824, 21856, 14416]
>>>> [CONFIG: target(5), prim(inc_dp)]
|73377.73|30880.37| op = [25, 51, 26, 47, 27, 29, 48, 30, 27, 28, 29, 32, 20]| tp = [1, 1, 1, 1, 1, 1, 1, 1, 1, 1, 1, 1, 1, ] | dp = [1, 2, 1, 1, 1, 2, 2, 1, 1, 1, 1, 1, 1, ] | algo = [0, 0, 0, 0, 0, 0, 0, 0, 0, 0, 0, 0, 0, ] | rc = [10, 20, 8, 47, 8, 0, 15, 4, 4, 2, 0, 0, 0] | gpus = [1, 2, 1, 1, 1, 2, 2, 1, 1, 1, 1, 1, 1] | micro_bs = 2 | time = [31536, 34369, 32817, 73377, 34295, 19133, 35330, 34075, 34436, 34004, 32747, 33886, 35542] | memory = [26401, 27905, 25505, 30880, 26785, 26560, 26632, 27872, 23040, 25728, 23824, 21856, 14416]
>>>> [CONFIG: target(3), prim(dec_op)]
|69020.36|27905.54| op = [25, 51, 26, 46, 28, 29, 48, 30, 27, 28, 29, 32, 20]| tp = [1, 1, 1, 1, 1, 1, 1, 1, 1, 1, 1, 1, 1, ] | dp = [1, 2, 1, 1, 1, 2, 2, 1, 1, 1, 1, 1, 1, ] | algo = [0, 0, 0, 0, 0, 0, 0, 0, 0, 0, 0, 0, 0, ] | rc = [10, 20, 8, 28, 10, 0, 15, 4, 4, 2, 0, 0, 0] | gpus = [1, 2, 1, 1, 1, 2, 2, 1, 1, 1, 1, 1, 1] | micro_bs = 2 | time = [31530, 34364, 32812, 69020, 35888, 19127, 35324, 34069, 34431, 33999, 32741, 33880, 35536] | memory = [26401, 27905, 25505, 27010, 26785, 26560, 26632, 27872, 23040, 25728, 23824, 21856, 14416]
>>>> [CONFIG: target(3), prim(dec_op)]
|35487.46|27905.54| op = [25, 51, 26, 27, 26, 50, 48, 30, 27, 28, 29, 32, 20]| tp = [1, 1, 1, 1, 1, 1, 1, 1, 1, 1, 1, 1, 1, ] | dp = [1, 2, 1, 1, 1, 2, 2, 1, 1, 1, 1, 1, 1, ] | algo = [0, 0, 0, 0, 0, 0, 0, 0, 0, 0, 0, 0, 0, ] | rc = [10, 20, 8, 8, 6, 12, 15, 4, 4, 2, 0, 0, 0] | gpus = [1, 2, 1, 1, 1, 2, 2, 1, 1, 1, 1, 1, 1] | micro_bs = 2 | time = [31481, 34314, 32763, 33063, 32075, 33505, 35275, 34020, 34381, 33950, 32692, 33831, 35487] | memory = [26401, 27905, 25505, 25409, 27361, 26945, 26632, 27872, 23040, 25728, 23824, 21856, 14416]

[ Trial 7 ] |35487.46|27905.54| op = [25, 51, 26, 27, 26, 50, 48, 30, 27, 28, 29, 32, 20]| tp = [1, 1, 1, 1, 1, 1, 1, 1, 1, 1, 1, 1, 1, ] | dp = [1, 2, 1, 1, 1, 2, 2, 1, 1, 1, 1, 1, 1, ] | algo = [0, 0, 0, 0, 0, 0, 0, 0, 0, 0, 0, 0, 0, ] | rc = [10, 20, 8, 8, 6, 12, 15, 4, 4, 2, 0, 0, 0] | gpus = [1, 2, 1, 1, 1, 2, 2, 1, 1, 1, 1, 1, 1] | micro_bs = 2 | time = [31481, 34314, 32763, 33063, 32075, 33505, 35275, 34020, 34381, 33950, 32692, 33831, 35487] | memory = [26401, 27905, 25505, 25409, 27361, 26945, 26632, 27872, 23040, 25728, 23824, 21856, 14416]
>>>> [CONFIG: target(12), prim(inc_mbs)]
|42843.08|27905.77| op = [25, 51, 26, 27, 26, 50, 48, 30, 27, 28, 29, 32, 20]| tp = [1, 1, 1, 1, 1, 1, 1, 1, 1, 1, 1, 1, 1, ] | dp = [1, 2, 1, 1, 1, 2, 2, 1, 1, 1, 1, 1, 1, ] | algo = [0, 0, 0, 0, 0, 0, 0, 0, 0, 0, 0, 0, 0, ] | rc = [23, 47, 24, 23, 22, 28, 45, 28, 12, 8, 6, 6, 0] | gpus = [1, 2, 1, 1, 1, 2, 2, 1, 1, 1, 1, 1, 1] | micro_bs = 4 | time = [36857, 40351, 40411, 40683, 38127, 38334, 42632, 42843, 38543, 36257, 35057, 36225, 35743] | memory = [24705, 25472, 26112, 26688, 27520, 27905, 27584, 26400, 27137, 27905, 27168, 25792, 20512]
>>>> [CONFIG: target(7), prim(inc_dp)]
|83230.56|41408.12| op = [25, 51, 26, 27, 26, 50, 48, 30, 27, 28, 29, 32, 20]| tp = [1, 1, 1, 1, 1, 1, 1, 1, 1, 1, 1, 1, 1, ] | dp = [1, 2, 1, 1, 1, 2, 1, 2, 1, 1, 1, 1, 1, ] | algo = [0, 0, 0, 0, 0, 0, 0, 0, 0, 0, 0, 0, 0, ] | rc = [23, 47, 24, 23, 22, 28, 48, 4, 12, 8, 6, 6, 0] | gpus = [1, 2, 1, 1, 1, 2, 1, 2, 1, 1, 1, 1, 1] | micro_bs = 4 | time = [36921, 40415, 40474, 40746, 38190, 38398, 83230, 18497, 38606, 36320, 35120, 36289, 35806] | memory = [24705, 25472, 26112, 26688, 27520, 27905, 41408, 27872, 27137, 27905, 27168, 25792, 20512]
>>>> [CONFIG: target(6), prim(dec_op)]
|81014.00|27905.77| op = [25, 51, 26, 27, 26, 50, 47, 31, 27, 28, 29, 32, 20]| tp = [1, 1, 1, 1, 1, 1, 1, 1, 1, 1, 1, 1, 1, ] | dp = [1, 2, 1, 1, 1, 2, 1, 2, 1, 1, 1, 1, 1, ] | algo = [0, 0, 0, 0, 0, 0, 0, 0, 0, 0, 0, 0, 0, ] | rc = [23, 47, 24, 23, 22, 28, 44, 6, 12, 8, 6, 6, 0] | gpus = [1, 2, 1, 1, 1, 2, 1, 2, 1, 1, 1, 1, 1] | micro_bs = 4 | time = [36915, 40409, 40469, 40740, 38185, 38392, 81014, 19289, 38601, 36314, 35115, 36283, 35801] | memory = [24705, 25472, 26112, 26688, 27520, 27905, 27008, 27872, 27137, 27905, 27168, 25792, 20512]
>>>> [CONFIG: target(6), prim(dec_op)]
|41846.14|27937.49| op = [25, 51, 26, 27, 26, 50, 26, 52, 27, 28, 29, 32, 20]| tp = [1, 1, 1, 1, 1, 1, 1, 1, 1, 1, 1, 1, 1, ] | dp = [1, 2, 1, 1, 1, 2, 1, 2, 1, 1, 1, 1, 1, ] | algo = [0, 0, 0, 0, 0, 0, 0, 0, 0, 0, 0, 0, 0, ] | rc = [23, 47, 24, 23, 22, 28, 13, 25, 12, 8, 6, 6, 0] | gpus = [1, 2, 1, 1, 1, 2, 1, 2, 1, 1, 1, 1, 1] | micro_bs = 4 | time = [36828, 40322, 40382, 40653, 38098, 38305, 41846, 36139, 38514, 36227, 35028, 36196, 35714] | memory = [24705, 25472, 26112, 26688, 27520, 27905, 27777, 27937, 27137, 27905, 27168, 25792, 20512]
>>>> [CONFIG: target(6), prim(dec_mbs)]
|36862.54|27905.54| op = [25, 51, 26, 27, 26, 50, 26, 52, 27, 28, 29, 32, 20]| tp = [1, 1, 1, 1, 1, 1, 1, 1, 1, 1, 1, 1, 1, ] | dp = [1, 2, 1, 1, 1, 2, 1, 2, 1, 1, 1, 1, 1, ] | algo = [0, 0, 0, 0, 0, 0, 0, 0, 0, 0, 0, 0, 0, ] | rc = [10, 20, 8, 8, 6, 12, 4, 10, 4, 2, 0, 0, 0] | gpus = [1, 2, 1, 1, 1, 2, 1, 2, 1, 1, 1, 1, 1] | micro_bs = 2 | time = [31480, 34313, 32761, 33062, 32074, 33504, 36862, 31915, 34380, 33949, 32691, 33830, 35486] | memory = [26401, 27905, 25505, 25409, 27361, 26945, 25984, 26752, 23040, 25728, 23824, 21856, 14416]
>>>> [CONFIG: target(6), prim(inc_dp)]
|69595.36|27937.49| op = [25, 51, 26, 27, 26, 50, 26, 52, 27, 28, 29, 32, 20]| tp = [1, 1, 1, 1, 1, 1, 1, 1, 1, 1, 1, 1, 1, ] | dp = [1, 2, 1, 1, 1, 2, 2, 1, 1, 1, 1, 1, 1, ] | algo = [0, 0, 0, 0, 0, 0, 0, 0, 0, 0, 0, 0, 0, ] | rc = [10, 20, 8, 8, 6, 12, 0, 25, 4, 2, 0, 0, 0] | gpus = [1, 2, 1, 1, 1, 2, 2, 1, 1, 1, 1, 1, 1] | micro_bs = 2 | time = [31518, 34351, 32799, 33100, 32112, 33542, 18537, 69595, 34418, 33986, 32728, 33868, 35524] | memory = [26401, 27905, 25505, 25409, 27361, 26945, 23552, 27937, 23040, 25728, 23824, 21856, 14416]
>>>> [CONFIG: target(7), prim(dec_op)]
|35482.99|27905.54| op = [25, 51, 26, 27, 26, 50, 49, 29, 27, 28, 29, 32, 20]| tp = [1, 1, 1, 1, 1, 1, 1, 1, 1, 1, 1, 1, 1, ] | dp = [1, 2, 1, 1, 1, 2, 2, 1, 1, 1, 1, 1, 1, ] | algo = [0, 0, 0, 0, 0, 0, 0, 0, 0, 0, 0, 0, 0, ] | rc = [10, 20, 8, 8, 6, 12, 12, 4, 4, 2, 0, 0, 0] | gpus = [1, 2, 1, 1, 1, 2, 2, 1, 1, 1, 1, 1, 1] | micro_bs = 2 | time = [31477, 34310, 32758, 33059, 32071, 33500, 34864, 32136, 34377, 33945, 32687, 33826, 35482] | memory = [26401, 27905, 25505, 25409, 27361, 26945, 27640, 24608, 23040, 25728, 23824, 21856, 14416]

[ Trial 8 ] |35482.99|27905.54| op = [25, 51, 26, 27, 26, 50, 49, 29, 27, 28, 29, 32, 20]| tp = [1, 1, 1, 1, 1, 1, 1, 1, 1, 1, 1, 1, 1, ] | dp = [1, 2, 1, 1, 1, 2, 2, 1, 1, 1, 1, 1, 1, ] | algo = [0, 0, 0, 0, 0, 0, 0, 0, 0, 0, 0, 0, 0, ] | rc = [10, 20, 8, 8, 6, 12, 12, 4, 4, 2, 0, 0, 0] | gpus = [1, 2, 1, 1, 1, 2, 2, 1, 1, 1, 1, 1, 1] | micro_bs = 2 | time = [31477, 34310, 32758, 33059, 32071, 33500, 34864, 32136, 34377, 33945, 32687, 33826, 35482] | memory = [26401, 27905, 25505, 25409, 27361, 26945, 27640, 24608, 23040, 25728, 23824, 21856, 14416]
>>>> [CONFIG: target(12), prim(inc_dp)]
|76258.94|27905.54| op = [25, 51, 26, 27, 26, 50, 49, 29, 27, 28, 29, 32, 20]| tp = [1, 1, 1, 1, 1, 1, 1, 1, 1, 1, 1, 1, 1, ] | dp = [1, 2, 1, 1, 1, 2, 1, 1, 1, 1, 1, 1, 2, ] | algo = [0, 0, 0, 0, 0, 0, 0, 0, 0, 0, 0, 0, 0, ] | rc = [10, 20, 8, 8, 6, 12, 27, 4, 4, 2, 0, 0, 0] | gpus = [1, 2, 1, 1, 1, 2, 1, 1, 1, 1, 1, 1, 2] | micro_bs = 2 | time = [31524, 34358, 32806, 33106, 32118, 33548, 76258, 32184, 34425, 33993, 32735, 33874, 18638] | memory = [26401, 27905, 25505, 25409, 27361, 26945, 27441, 24608, 23040, 25728, 23824, 21856, 11352]
>>>> [CONFIG: target(6), prim(inc_mbs)]
|82280.13|27905.77| op = [25, 51, 26, 27, 26, 50, 49, 29, 27, 28, 29, 32, 20]| tp = [1, 1, 1, 1, 1, 1, 1, 1, 1, 1, 1, 1, 1, ] | dp = [1, 2, 1, 1, 1, 2, 1, 1, 1, 1, 1, 1, 2, ] | algo = [0, 0, 0, 0, 0, 0, 0, 0, 0, 0, 0, 0, 0, ] | rc = [23, 47, 24, 23, 22, 28, 46, 13, 12, 8, 6, 6, 0] | gpus = [1, 2, 1, 1, 1, 2, 1, 1, 1, 1, 1, 1, 2] | micro_bs = 4 | time = [36926, 40420, 40480, 40751, 38195, 38403, 82280, 37389, 38611, 36325, 35125, 36294, 19234] | memory = [24705, 25472, 26112, 26688, 27520, 27905, 27456, 27521, 27137, 27905, 27168, 25792, 14416]
>>>> [CONFIG: target(6), prim(dec_op)]
|41852.44|27905.77| op = [25, 51, 26, 27, 26, 50, 26, 26, 27, 30, 31, 32, 42]| tp = [1, 1, 1, 1, 1, 1, 1, 1, 1, 1, 1, 1, 1, ] | dp = [1, 2, 1, 1, 1, 2, 1, 1, 1, 1, 1, 1, 2, ] | algo = [0, 0, 0, 0, 0, 0, 0, 0, 0, 0, 0, 0, 0, ] | rc = [23, 47, 24, 23, 22, 28, 13, 12, 12, 10, 10, 4, 0] | gpus = [1, 2, 1, 1, 1, 2, 1, 1, 1, 1, 1, 1, 2] | micro_bs = 4 | time = [36835, 40329, 40388, 40660, 38104, 38312, 41852, 35154, 38520, 37778, 39067, 39073, 29870] | memory = [24705, 25472, 26112, 26688, 27520, 27905, 27777, 26881, 27137, 27521, 26880, 26688, 22768]
>>>> [CONFIG: target(6), prim(inc_dp)]
|63411.85|27905.77| op = [25, 51, 26, 27, 26, 50, 26, 26, 27, 30, 31, 32, 42]| tp = [1, 1, 1, 1, 1, 1, 1, 1, 1, 1, 1, 1, 1, ] | dp = [1, 2, 1, 1, 1, 2, 2, 1, 1, 1, 1, 1, 1, ] | algo = [0, 0, 0, 0, 0, 0, 0, 0, 0, 0, 0, 0, 0, ] | rc = [23, 47, 24, 23, 22, 28, 4, 12, 12, 10, 10, 4, 14] | gpus = [1, 2, 1, 1, 1, 2, 2, 1, 1, 1, 1, 1, 1] | micro_bs = 4 | time = [36880, 40373, 40433, 40705, 38149, 38357, 19875, 35199, 38565, 37823, 39112, 39118, 63411] | memory = [24705, 25472, 26112, 26688, 27520, 27905, 25984, 26881, 27137, 27521, 26880, 26688, 27744]
>>>> [CONFIG: target(12), prim(dec_mbs)]
|57002.09|27905.54| op = [25, 51, 26, 27, 26, 50, 26, 26, 27, 30, 31, 32, 42]| tp = [1, 1, 1, 1, 1, 1, 1, 1, 1, 1, 1, 1, 1, ] | dp = [1, 2, 1, 1, 1, 2, 2, 1, 1, 1, 1, 1, 1, ] | algo = [0, 0, 0, 0, 0, 0, 0, 0, 0, 0, 0, 0, 0, ] | rc = [10, 20, 8, 8, 6, 12, 0, 4, 4, 2, 2, 0, 0] | gpus = [1, 2, 1, 1, 1, 2, 2, 1, 1, 1, 1, 1, 1] | micro_bs = 2 | time = [31499, 34332, 32780, 33081, 32093, 33523, 18518, 31004, 34399, 34278, 36265, 37388, 57002] | memory = [26401, 27905, 25505, 25409, 27361, 26945, 23552, 23680, 23040, 26048, 26368, 21024, 22768]
>>>> [CONFIG: target(12), prim(dec_op)]
|35007.28|27905.54| op = [25, 51, 26, 27, 26, 50, 50, 29, 28, 29, 30, 30, 18]| tp = [1, 1, 1, 1, 1, 1, 1, 1, 1, 1, 1, 1, 1, ] | dp = [1, 2, 1, 1, 1, 2, 2, 1, 1, 1, 1, 1, 1, ] | algo = [0, 0, 0, 0, 0, 0, 0, 0, 0, 0, 0, 0, 0, ] | rc = [10, 20, 8, 8, 6, 12, 12, 4, 4, 2, 0, 0, 0] | gpus = [1, 2, 1, 1, 1, 2, 2, 1, 1, 1, 1, 1, 1] | micro_bs = 2 | time = [31476, 34310, 32758, 33058, 32070, 33500, 35007, 34691, 34672, 33414, 32902, 34076, 32397] | memory = [26401, 27905, 25505, 25409, 27361, 26945, 26696, 25952, 23680, 25152, 27808, 19680, 13360]

[ Trial 9 ] |35007.28|27905.54| op = [25, 51, 26, 27, 26, 50, 50, 29, 28, 29, 30, 30, 18]| tp = [1, 1, 1, 1, 1, 1, 1, 1, 1, 1, 1, 1, 1, ] | dp = [1, 2, 1, 1, 1, 2, 2, 1, 1, 1, 1, 1, 1, ] | algo = [0, 0, 0, 0, 0, 0, 0, 0, 0, 0, 0, 0, 0, ] | rc = [10, 20, 8, 8, 6, 12, 12, 4, 4, 2, 0, 0, 0] | gpus = [1, 2, 1, 1, 1, 2, 2, 1, 1, 1, 1, 1, 1] | micro_bs = 2 | time = [31476, 34310, 32758, 33058, 32070, 33500, 35007, 34691, 34672, 33414, 32902, 34076, 32397] | memory = [26401, 27905, 25505, 25409, 27361, 26945, 26696, 25952, 23680, 25152, 27808, 19680, 13360]
>>>> [CONFIG: target(1), prim(dec_dp)]
|77990.73|27808.37| op = [25, 51, 26, 27, 26, 50, 50, 29, 28, 29, 30, 30, 18]| tp = [1, 1, 1, 1, 1, 1, 1, 1, 1, 1, 1, 1, 1, ] | dp = [2, 1, 1, 1, 1, 2, 2, 1, 1, 1, 1, 1, 1, ] | algo = [0, 0, 0, 0, 0, 0, 0, 0, 0, 0, 0, 0, 0, ] | rc = [4, 47, 8, 8, 6, 12, 12, 4, 4, 2, 0, 0, 0] | gpus = [2, 1, 1, 1, 1, 2, 2, 1, 1, 1, 1, 1, 1] | micro_bs = 2 | time = [15516, 77990, 32812, 33112, 32124, 33554, 35061, 34745, 34726, 33468, 32956, 34130, 32451] | memory = [24656, 25472, 25505, 25409, 27361, 26945, 26696, 25952, 23680, 25152, 27808, 19680, 13360]
>>>> [CONFIG: target(1), prim(dec_op)]
|35527.53|27808.37| op = [48, 27, 26, 26, 26, 52, 50, 29, 28, 29, 30, 30, 18]| tp = [1, 1, 1, 1, 1, 1, 1, 1, 1, 1, 1, 1, 1, ] | dp = [2, 1, 1, 1, 1, 2, 2, 1, 1, 1, 1, 1, 1, ] | algo = [0, 0, 0, 0, 0, 0, 0, 0, 0, 0, 0, 0, 0, ] | rc = [21, 8, 8, 8, 6, 14, 12, 4, 4, 2, 0, 0, 0] | gpus = [2, 1, 1, 1, 1, 2, 2, 1, 1, 1, 1, 1, 1] | micro_bs = 2 | time = [32152, 32448, 32356, 32951, 31669, 35527, 35007, 34691, 34672, 33414, 32902, 34076, 32397] | memory = [27169, 25729, 24449, 27009, 26497, 26689, 26696, 25952, 23680, 25152, 27808, 19680, 13360]
>>>> [CONFIG: target(5), prim(dec_dp)]
|79225.56|27808.37| op = [48, 27, 26, 26, 26, 52, 50, 29, 28, 29, 30, 30, 18]| tp = [1, 1, 1, 1, 1, 1, 1, 1, 1, 1, 1, 1, 1, ] | dp = [2, 1, 1, 2, 1, 1, 2, 1, 1, 1, 1, 1, 1, ] | algo = [0, 0, 0, 0, 0, 0, 0, 0, 0, 0, 0, 0, 0, ] | rc = [21, 8, 8, 2, 6, 40, 12, 4, 4, 2, 0, 0, 0] | gpus = [2, 1, 1, 2, 1, 1, 2, 1, 1, 1, 1, 1, 1] | micro_bs = 2 | time = [32204, 32500, 32409, 16015, 31721, 79225, 35059, 34743, 34724, 33466, 32954, 34128, 32449] | memory = [27169, 25729, 24449, 25280, 26497, 27136, 26696, 25952, 23680, 25152, 27808, 19680, 13360]
>>>> [CONFIG: target(5), prim(dec_op)]
|41285.80|27808.37| op = [48, 27, 26, 50, 24, 30, 50, 29, 28, 29, 30, 30, 18]| tp = [1, 1, 1, 1, 1, 1, 1, 1, 1, 1, 1, 1, 1, ] | dp = [2, 1, 1, 2, 1, 1, 2, 1, 1, 1, 1, 1, 1, ] | algo = [0, 0, 0, 0, 0, 0, 0, 0, 0, 0, 0, 0, 0, ] | rc = [21, 8, 8, 16, 13, 8, 12, 4, 4, 2, 0, 0, 0] | gpus = [2, 1, 1, 2, 1, 1, 2, 1, 1, 1, 1, 1, 1] | micro_bs = 2 | time = [32172, 32467, 32376, 32829, 36014, 41285, 35026, 34710, 34691, 33433, 32921, 34095, 32416] | memory = [27169, 25729, 24449, 26737, 27489, 26113, 26696, 25952, 23680, 25152, 27808, 19680, 13360]
>>>> [CONFIG: target(5), prim(inc_dp)]
|67215.65|27968.67| op = [48, 27, 26, 50, 24, 30, 50, 29, 28, 29, 30, 30, 18]| tp = [1, 1, 1, 1, 1, 1, 1, 1, 1, 1, 1, 1, 1, ] | dp = [1, 1, 1, 2, 1, 2, 2, 1, 1, 1, 1, 1, 1, ] | algo = [0, 0, 0, 0, 0, 0, 0, 0, 0, 0, 0, 0, 0, ] | rc = [43, 8, 8, 16, 13, 2, 12, 4, 4, 2, 0, 0, 0] | gpus = [1, 1, 1, 2, 1, 2, 2, 1, 1, 1, 1, 1, 1] | micro_bs = 2 | time = [67215, 32495, 32404, 32857, 36042, 20451, 35054, 34738, 34719, 33461, 32949, 34123, 32444] | memory = [27968, 25729, 24449, 26737, 27489, 24704, 26696, 25952, 23680, 25152, 27808, 19680, 13360]
>>>> [CONFIG: target(0), prim(dec_op)]
|35004.56|27808.37| op = [25, 26, 26, 52, 26, 50, 50, 29, 28, 29, 30, 30, 18]| tp = [1, 1, 1, 1, 1, 1, 1, 1, 1, 1, 1, 1, 1, ] | dp = [1, 1, 1, 2, 1, 2, 2, 1, 1, 1, 1, 1, 1, ] | algo = [0, 0, 0, 0, 0, 0, 0, 0, 0, 0, 0, 0, 0, ] | rc = [10, 8, 8, 16, 6, 12, 12, 4, 4, 2, 0, 0, 0] | gpus = [1, 1, 1, 2, 1, 2, 2, 1, 1, 1, 1, 1, 1] | micro_bs = 2 | time = [31474, 32755, 32755, 33218, 32068, 33497, 35004, 34688, 34669, 33411, 32899, 34073, 32394] | memory = [26401, 26881, 25505, 27617, 27361, 26945, 26696, 25952, 23680, 25152, 27808, 19680, 13360]

num_targets: [1, 1, 1, 1, 1, 1, 1, 1, 1, 4]
num_hops: [1, 2, 3, 2, 4, 6, 5, 7, 6, 6]
search time = 200.03 s.  [0, 1, 2, 3, 4, 5, 17, 18, 25, 74, 150, 206] 
num_explored_cases = 14917
time trend: [95195, 50411, 50400, 42970, 40133, 35974, 35524, 35487, 35482, 35007, 35004, 35004]

working on num_stages = 10
config has been saved to /home/liminglong.lml/sxz/SuperScaler/logs-large/aceso/configs/gpt/6_7B/gpt_6_7B_10stages_2026-5-14-6-1-41.json

========== Best Result (num_stages = 10) ==========
|33634.49|27617.15| op = [28, 52, 52, 27, 51, 48, 54, 29, 30, 48]| tp = [1, 1, 1, 1, 1, 1, 1, 1, 1, 1, ] | dp = [1, 2, 2, 1, 2, 2, 2, 1, 1, 2, ] | algo = [0, 0, 0, 0, 0, 0, 0, 0, 0, 0, ] | rc = [8, 16, 14, 4, 8, 8, 8, 0, 0, 0] | gpus = [1, 2, 2, 1, 2, 2, 2, 1, 1, 2] | micro_bs = 2 | time = [33297, 33048, 32425, 33634, 32975, 32411, 33295, 32491, 32706, 33390] | memory = [26657, 27617, 26689, 27424, 27072, 24008, 25152, 23824, 21440, 20640]
start|68927.72|26249.38| op = [41, 41, 41, 41, 41, 41, 41, 41, 41, 50]| tp = [2, 2, 2, 2, 2, 2, 1, 1, 1, 1, ] | dp = [1, 1, 1, 1, 1, 1, 1, 1, 1, 1, ] | algo = [0, 0, 0, 0, 0, 0, 0, 0, 0, 0, ] | rc = [0, 0, 0, 0, 0, 0, 0, 0, 0, 0] | gpus = [2, 2, 2, 2, 2, 2, 1, 1, 1, 1] | micro_bs = 1 | time = [57161, 58402, 55411, 63245, 59717, 57924, 48232, 47557, 47399, 68927] | memory = [26249, 24136, 23744, 19712, 16912, 15600, 25632, 21728, 17952, 21488]

[ Trial 0 ] |68927.72|26249.38| op = [41, 41, 41, 41, 41, 41, 41, 41, 41, 50]| tp = [2, 2, 2, 2, 2, 2, 1, 1, 1, 1, ] | dp = [1, 1, 1, 1, 1, 1, 1, 1, 1, 1, ] | algo = [0, 0, 0, 0, 0, 0, 0, 0, 0, 0, ] | rc = [0, 0, 0, 0, 0, 0, 0, 0, 0, 0] | gpus = [2, 2, 2, 2, 2, 2, 1, 1, 1, 1] | micro_bs = 1 | time = [57161, 58402, 55411, 63245, 59717, 57924, 48232, 47557, 47399, 68927] | memory = [26249, 24136, 23744, 19712, 16912, 15600, 25632, 21728, 17952, 21488]
>>>> [CONFIG: target(9), prim(inc_mbs)]
|67448.91|27936.86| op = [41, 41, 41, 41, 41, 41, 41, 41, 41, 50]| tp = [1, 1, 1, 1, 1, 1, 1, 1, 1, 1, ] | dp = [2, 2, 2, 2, 2, 2, 1, 1, 1, 1, ] | algo = [0, 0, 0, 0, 0, 0, 0, 0, 0, 0, ] | rc = [10, 8, 12, 6, 4, 2, 8, 6, 0, 0] | gpus = [2, 2, 2, 2, 2, 2, 1, 1, 1, 1] | micro_bs = 2 | time = [25361, 26503, 26817, 28105, 26528, 25000, 49887, 48665, 46282, 67448] | memory = [27025, 27936, 27584, 25328, 25040, 27056, 26816, 24256, 26688, 27168]

[ Trial 1 ] |67448.91|27936.86| op = [41, 41, 41, 41, 41, 41, 41, 41, 41, 50]| tp = [1, 1, 1, 1, 1, 1, 1, 1, 1, 1, ] | dp = [2, 2, 2, 2, 2, 2, 1, 1, 1, 1, ] | algo = [0, 0, 0, 0, 0, 0, 0, 0, 0, 0, ] | rc = [10, 8, 12, 6, 4, 2, 8, 6, 0, 0] | gpus = [2, 2, 2, 2, 2, 2, 1, 1, 1, 1] | micro_bs = 2 | time = [25361, 26503, 26817, 28105, 26528, 25000, 49887, 48665, 46282, 67448] | memory = [27025, 27936, 27584, 25328, 25040, 27056, 26816, 24256, 26688, 27168]
>>>> [CONFIG: target(9), prim(dec_op)]
|42684.50|27832.88| op = [41, 48, 52, 52, 52, 57, 29, 31, 28, 29]| tp = [1, 1, 1, 1, 1, 1, 1, 1, 1, 1, ] | dp = [2, 2, 2, 2, 2, 2, 1, 1, 1, 1, ] | algo = [0, 0, 0, 0, 0, 0, 0, 0, 0, 0, ] | rc = [10, 14, 14, 12, 10, 10, 4, 0, 0, 0] | gpus = [2, 2, 2, 2, 2, 2, 1, 1, 1, 1] | micro_bs = 2 | time = [25320, 30606, 32707, 39701, 39346, 35284, 34429, 35796, 33058, 42684] | memory = [27025, 25961, 27073, 27313, 27040, 27832, 25984, 26160, 19456, 17424]

[ Trial 2 ] |42684.50|27832.88| op = [41, 48, 52, 52, 52, 57, 29, 31, 28, 29]| tp = [1, 1, 1, 1, 1, 1, 1, 1, 1, 1, ] | dp = [2, 2, 2, 2, 2, 2, 1, 1, 1, 1, ] | algo = [0, 0, 0, 0, 0, 0, 0, 0, 0, 0, ] | rc = [10, 14, 14, 12, 10, 10, 4, 0, 0, 0] | gpus = [2, 2, 2, 2, 2, 2, 1, 1, 1, 1] | micro_bs = 2 | time = [25320, 30606, 32707, 39701, 39346, 35284, 34429, 35796, 33058, 42684] | memory = [27025, 25961, 27073, 27313, 27040, 27832, 25984, 26160, 19456, 17424]
>>>> [CONFIG: target(9), prim(inc_mbs)]
|45287.13|27874.23| op = [41, 48, 52, 52, 52, 57, 29, 31, 28, 29]| tp = [1, 1, 1, 1, 1, 1, 1, 1, 1, 1, ] | dp = [2, 2, 2, 2, 2, 2, 1, 1, 1, 1, ] | algo = [0, 0, 0, 0, 0, 0, 0, 0, 0, 0, ] | rc = [27, 33, 31, 29, 26, 29, 29, 10, 4, 0] | gpus = [2, 2, 2, 2, 2, 2, 1, 1, 1, 1] | micro_bs = 4 | time = [29131, 35595, 39132, 45287, 43635, 40918, 44871, 39847, 34623, 42489] | memory = [26785, 26817, 27874, 27809, 27457, 27825, 26816, 27488, 24832, 25504]
>>>> [CONFIG: target(3), prim(dec_dp)]
|94120.19|28672.34| op = [41, 48, 52, 52, 52, 57, 29, 31, 28, 29]| tp = [1, 1, 1, 1, 1, 1, 1, 1, 1, 1, ] | dp = [4, 1, 2, 1, 2, 2, 1, 1, 1, 1, ] | algo = [0, 0, 0, 0, 0, 0, 0, 0, 0, 0, ] | rc = [10, 48, 31, 52, 26, 29, 29, 10, 4, 0] | gpus = [4, 1, 2, 1, 2, 2, 1, 1, 1, 1] | micro_bs = 4 | time = [14073, 73918, 39412, 94120, 43914, 41197, 45150, 40127, 34902, 42768] | memory = [27025, 26976, 27874, 28672, 27457, 27825, 26816, 27488, 24832, 25504]
>>>> [CONFIG: target(3), prim(dec_op)]
|80059.16|27874.23| op = [41, 48, 52, 51, 53, 57, 29, 31, 28, 29]| tp = [1, 1, 1, 1, 1, 1, 1, 1, 1, 1, ] | dp = [4, 1, 2, 1, 2, 2, 1, 1, 1, 1, ] | algo = [0, 0, 0, 0, 0, 0, 0, 0, 0, 0, ] | rc = [10, 48, 31, 50, 31, 29, 29, 10, 4, 0] | gpus = [4, 1, 2, 1, 2, 2, 1, 1, 1, 1] | micro_bs = 4 | time = [14013, 73859, 39352, 80059, 42736, 41138, 45091, 40068, 34843, 42709] | memory = [27025, 26976, 27874, 27200, 27841, 27825, 26816, 27488, 24832, 25504]
>>>> [CONFIG: target(3), prim(dec_op)]
|51701.82|31072.27| op = [91, 26, 51, 25, 54, 59, 25, 31, 28, 29]| tp = [1, 1, 1, 1, 1, 1, 1, 1, 1, 1, ] | dp = [4, 1, 2, 1, 2, 2, 1, 1, 1, 1, ] | algo = [0, 0, 0, 0, 0, 0, 0, 0, 0, 0, ] | rc = [89, 20, 30, 13, 29, 29, 25, 10, 4, 0] | gpus = [4, 1, 2, 1, 2, 2, 1, 1, 1, 1] | micro_bs = 4 | time = [36618, 37235, 35849, 51701, 46496, 39672, 40316, 39883, 34658, 42524] | memory = [31072, 27232, 27905, 27777, 27905, 27857, 26304, 27488, 24832, 25504]
>>>> [CONFIG: target(0), prim(dec_mbs)]
|67719.02|27738.50| op = [91, 26, 51, 25, 54, 59, 25, 31, 28, 29]| tp = [2, 1, 1, 1, 1, 1, 1, 1, 1, 1, ] | dp = [2, 1, 2, 1, 2, 2, 1, 1, 1, 1, ] | algo = [0, 0, 0, 0, 0, 0, 0, 0, 0, 0, ] | rc = [36, 6, 12, 4, 12, 12, 0, 0, 0, 0] | gpus = [4, 1, 2, 1, 2, 2, 1, 1, 1, 1] | micro_bs = 2 | time = [67719, 31596, 30662, 45276, 41475, 35423, 29686, 35882, 33144, 42770] | memory = [27738, 26497, 27457, 25760, 27136, 27400, 27008, 26160, 19456, 17424]
>>>> [CONFIG: target(0), prim(dec_dp)]
|143921.48|27464.88| op = [91, 26, 51, 25, 54, 59, 25, 31, 28, 29]| tp = [2, 1, 1, 1, 1, 1, 1, 1, 1, 1, ] | dp = [1, 2, 2, 2, 2, 2, 1, 1, 1, 1, ] | algo = [0, 0, 0, 0, 0, 0, 0, 0, 0, 0, ] | rc = [78, 2, 12, 0, 12, 12, 0, 0, 0, 0] | gpus = [2, 2, 2, 2, 2, 2, 1, 1, 1, 1] | micro_bs = 2 | time = [143921, 15965, 30737, 23027, 41550, 35497, 29760, 35957, 33219, 42844] | memory = [27464, 23552, 27457, 23440, 27136, 27400, 27008, 26160, 19456, 17424]
>>>> [CONFIG: target(0), prim(dec_op)]
|41429.22|27905.15| op = [28, 60, 57, 48, 54, 59, 25, 31, 31, 26]| tp = [2, 1, 1, 1, 1, 1, 1, 1, 1, 1, ] | dp = [1, 2, 2, 2, 2, 2, 1, 1, 1, 1, ] | algo = [0, 0, 0, 0, 0, 0, 0, 0, 0, 0, ] | rc = [4, 22, 18, 10, 12, 12, 0, 0, 0, 0] | gpus = [2, 2, 2, 2, 2, 2, 1, 1, 1, 1] | micro_bs = 2 | time = [38778, 37829, 37094, 37284, 41429, 35376, 29639, 35835, 36257, 39799] | memory = [20898, 27545, 27905, 26776, 27136, 27400, 27008, 26160, 20576, 16544]

[ Trial 3 ] |41429.22|27905.15| op = [28, 60, 57, 48, 54, 59, 25, 31, 31, 26]| tp = [2, 1, 1, 1, 1, 1, 1, 1, 1, 1, ] | dp = [1, 2, 2, 2, 2, 2, 1, 1, 1, 1, ] | algo = [0, 0, 0, 0, 0, 0, 0, 0, 0, 0, ] | rc = [4, 22, 18, 10, 12, 12, 0, 0, 0, 0] | gpus = [2, 2, 2, 2, 2, 2, 1, 1, 1, 1] | micro_bs = 2 | time = [38778, 37829, 37094, 37284, 41429, 35376, 29639, 35835, 36257, 39799] | memory = [20898, 27545, 27905, 26776, 27136, 27400, 27008, 26160, 20576, 16544]
>>>> [CONFIG: target(4), prim(dec_mbs)]
|84191.24|27233.15| op = [28, 60, 57, 48, 54, 59, 25, 31, 31, 26]| tp = [2, 2, 2, 2, 2, 2, 1, 1, 1, 1, ] | dp = [1, 1, 1, 1, 1, 1, 1, 1, 1, 1, ] | algo = [0, 0, 0, 0, 0, 0, 0, 0, 0, 0, ] | rc = [0, 8, 2, 0, 0, 0, 0, 0, 0, 0] | gpus = [2, 2, 2, 2, 2, 2, 1, 1, 1, 1] | micro_bs = 1 | time = [39697, 81495, 80077, 75364, 84191, 77094, 30309, 36711, 37185, 40677] | memory = [18321, 24697, 27233, 23416, 23040, 22424, 16576, 16792, 14256, 12544]
>>>> [CONFIG: target(4), prim(dec_tp)]
|82088.24|27233.15| op = [28, 60, 57, 48, 54, 59, 25, 31, 31, 26]| tp = [2, 2, 2, 2, 1, 2, 2, 1, 1, 1, ] | dp = [1, 1, 1, 1, 1, 1, 1, 1, 1, 1, ] | algo = [0, 0, 0, 0, 0, 0, 0, 0, 0, 0, ] | rc = [0, 8, 2, 0, 12, 0, 0, 0, 0, 0] | gpus = [2, 2, 2, 2, 1, 2, 2, 1, 1, 1] | micro_bs = 1 | time = [39701, 81499, 80080, 75368, 82088, 77098, 36188, 36714, 37189, 40681] | memory = [18321, 24697, 27233, 23416, 27136, 22424, 8768, 16792, 14256, 12544]
>>>> [CONFIG: target(4), prim(dec_op)]
|63829.74|27433.01| op = [28, 47, 44, 44, 47, 39, 39, 47, 45, 39]| tp = [2, 2, 2, 2, 1, 2, 2, 1, 1, 1, ] | dp = [1, 1, 1, 1, 1, 1, 1, 1, 1, 1, ] | algo = [0, 0, 0, 0, 0, 0, 0, 0, 0, 0, ] | rc = [0, 0, 0, 0, 6, 0, 0, 0, 0, 0] | gpus = [2, 2, 2, 2, 1, 2, 2, 1, 1, 1] | micro_bs = 1 | time = [39673, 62428, 62180, 63829, 61032, 53563, 53563, 51827, 54678, 55140] | memory = [18321, 27433, 22528, 22096, 25248, 14768, 12864, 24696, 20880, 16928]
>>>> [CONFIG: target(3), prim(dec_tp)]
|67983.99|27696.48| op = [28, 47, 44, 44, 47, 39, 39, 47, 45, 39]| tp = [4, 2, 2, 1, 1, 1, 2, 1, 1, 1, ] | dp = [1, 1, 1, 1, 1, 1, 1, 1, 1, 1, ] | algo = [0, 0, 0, 0, 0, 0, 0, 0, 0, 0, ] | rc = [0, 0, 0, 8, 6, 0, 0, 0, 0, 0] | gpus = [4, 2, 2, 1, 1, 1, 2, 1, 1, 1] | micro_bs = 1 | time = [37635, 62413, 67983, 59467, 55199, 44563, 53548, 51812, 54663, 55125] | memory = [10545, 27433, 22528, 26064, 25248, 27696, 12864, 24696, 20880, 16928]
>>>> [CONFIG: target(2), prim(inc_mbs)]
|62159.43|27745.30| op = [28, 47, 44, 44, 47, 39, 39, 47, 45, 39]| tp = [2, 1, 1, 1, 1, 1, 1, 1, 1, 1, ] | dp = [2, 2, 2, 1, 1, 1, 2, 1, 1, 1, ] | algo = [0, 0, 0, 0, 0, 0, 0, 0, 0, 0, ] | rc = [0, 12, 8, 17, 18, 10, 0, 8, 4, 0] | gpus = [4, 2, 2, 1, 1, 1, 2, 1, 1, 1] | micro_bs = 2 | time = [20383, 28658, 30829, 62159, 59909, 47821, 22832, 53720, 54927, 54062] | memory = [18321, 26537, 26624, 27745, 27649, 27360, 24256, 26480, 27616, 21888]
>>>> [CONFIG: target(3), prim(inc_dp)]
|65673.77|27696.48| op = [28, 47, 44, 44, 47, 39, 39, 47, 45, 39]| tp = [1, 1, 1, 1, 1, 1, 1, 1, 1, 1, ] | dp = [2, 2, 2, 2, 1, 2, 2, 1, 1, 1, ] | algo = [0, 0, 0, 0, 0, 0, 0, 0, 0, 0, ] | rc = [4, 12, 8, 8, 18, 0, 0, 8, 4, 0] | gpus = [2, 2, 2, 2, 1, 2, 2, 1, 1, 1] | micro_bs = 2 | time = [17054, 28546, 27811, 30166, 65673, 22721, 22721, 53608, 54816, 53950] | memory = [22928, 26537, 26624, 26064, 27649, 27696, 24256, 26480, 27616, 21888]
>>>> [CONFIG: target(4), prim(dec_op)]
|38819.50|27904.64| op = [37, 48, 48, 49, 24, 63, 63, 32, 32, 23]| tp = [1, 1, 1, 1, 1, 1, 1, 1, 1, 1, ] | dp = [2, 2, 2, 2, 1, 2, 2, 1, 1, 1, ] | algo = [0, 0, 0, 0, 0, 0, 0, 0, 0, 0, ] | rc = [8, 14, 10, 10, 4, 16, 12, 0, 0, 0] | gpus = [2, 2, 2, 2, 1, 2, 2, 1, 1, 1] | micro_bs = 2 | time = [23090, 30351, 30100, 33181, 33391, 38419, 38819, 37186, 35879, 38245] | memory = [27233, 26105, 26561, 27512, 21696, 27120, 27904, 26032, 22368, 15328]

[ Trial 4 ] |38819.50|27904.64| op = [37, 48, 48, 49, 24, 63, 63, 32, 32, 23]| tp = [1, 1, 1, 1, 1, 1, 1, 1, 1, 1, ] | dp = [2, 2, 2, 2, 1, 2, 2, 1, 1, 1, ] | algo = [0, 0, 0, 0, 0, 0, 0, 0, 0, 0, ] | rc = [8, 14, 10, 10, 4, 16, 12, 0, 0, 0] | gpus = [2, 2, 2, 2, 1, 2, 2, 1, 1, 1] | micro_bs = 2 | time = [23090, 30351, 30100, 33181, 33391, 38419, 38819, 37186, 35879, 38245] | memory = [27233, 26105, 26561, 27512, 21696, 27120, 27904, 26032, 22368, 15328]
>>>> [CONFIG: target(6), prim(dec_dp)]
|86312.29|27969.15| op = [37, 48, 48, 49, 24, 63, 63, 32, 32, 23]| tp = [1, 1, 1, 1, 1, 1, 1, 1, 1, 1, ] | dp = [2, 2, 2, 2, 2, 2, 1, 1, 1, 1, ] | algo = [0, 0, 0, 0, 0, 0, 0, 0, 0, 0, ] | rc = [8, 14, 10, 10, 0, 16, 34, 0, 0, 0] | gpus = [2, 2, 2, 2, 2, 2, 1, 1, 1, 1] | micro_bs = 2 | time = [23150, 30411, 30160, 33241, 16689, 38479, 86312, 37246, 35939, 38305] | memory = [27233, 26105, 26561, 27512, 19744, 27120, 27969, 26032, 22368, 15328]
>>>> [CONFIG: target(6), prim(dec_op)]
|36741.71|27808.37| op = [46, 54, 50, 55, 53, 54, 29, 30, 30, 18]| tp = [1, 1, 1, 1, 1, 1, 1, 1, 1, 1, ] | dp = [2, 2, 2, 2, 2, 2, 1, 1, 1, 1, ] | algo = [0, 0, 0, 0, 0, 0, 0, 0, 0, 0, ] | rc = [16, 16, 14, 12, 12, 8, 2, 0, 0, 0] | gpus = [2, 2, 2, 2, 2, 2, 1, 1, 1, 1] | micro_bs = 2 | time = [29415, 33243, 32175, 35559, 36741, 33300, 33223, 32711, 33885, 32206] | memory = [25969, 26537, 27489, 27657, 26752, 27552, 25152, 27808, 19680, 13360]

[ Trial 5 ] |36741.71|27808.37| op = [46, 54, 50, 55, 53, 54, 29, 30, 30, 18]| tp = [1, 1, 1, 1, 1, 1, 1, 1, 1, 1, ] | dp = [2, 2, 2, 2, 2, 2, 1, 1, 1, 1, ] | algo = [0, 0, 0, 0, 0, 0, 0, 0, 0, 0, ] | rc = [16, 16, 14, 12, 12, 8, 2, 0, 0, 0] | gpus = [2, 2, 2, 2, 2, 2, 1, 1, 1, 1] | micro_bs = 2 | time = [29415, 33243, 32175, 35559, 36741, 33300, 33223, 32711, 33885, 32206] | memory = [25969, 26537, 27489, 27657, 26752, 27552, 25152, 27808, 19680, 13360]
>>>> [CONFIG: target(4), prim(dec_dp)]
|82907.38|27841.33| op = [46, 54, 50, 55, 53, 54, 29, 30, 30, 18]| tp = [1, 1, 1, 1, 1, 1, 1, 1, 1, 1, ] | dp = [2, 2, 2, 2, 1, 2, 1, 1, 1, 2, ] | algo = [0, 0, 0, 0, 0, 0, 0, 0, 0, 0, ] | rc = [16, 16, 14, 12, 31, 8, 2, 0, 0, 0] | gpus = [2, 2, 2, 2, 1, 2, 1, 1, 1, 2] | micro_bs = 2 | time = [29475, 33303, 32236, 35619, 82907, 33360, 33283, 32772, 33946, 16892] | memory = [25969, 26537, 27489, 27657, 27841, 27552, 25152, 27808, 19680, 10312]
>>>> [CONFIG: target(4), prim(dec_op)]
|36668.67|27657.01| op = [46, 54, 50, 55, 26, 54, 29, 27, 32, 46]| tp = [1, 1, 1, 1, 1, 1, 1, 1, 1, 1, ] | dp = [2, 2, 2, 2, 1, 2, 1, 1, 1, 2, ] | algo = [0, 0, 0, 0, 0, 0, 0, 0, 0, 0, ] | rc = [16, 16, 14, 12, 4, 8, 2, 0, 0, 0] | gpus = [2, 2, 2, 2, 1, 2, 1, 1, 1, 2] | micro_bs = 2 | time = [29416, 33243, 32176, 35559, 36668, 33284, 33765, 32186, 33636, 32872] | memory = [25969, 26537, 27489, 27657, 23680, 27552, 25536, 23584, 21856, 20296]

[ Trial 6 ] |36668.67|27657.01| op = [46, 54, 50, 55, 26, 54, 29, 27, 32, 46]| tp = [1, 1, 1, 1, 1, 1, 1, 1, 1, 1, ] | dp = [2, 2, 2, 2, 1, 2, 1, 1, 1, 2, ] | algo = [0, 0, 0, 0, 0, 0, 0, 0, 0, 0, ] | rc = [16, 16, 14, 12, 4, 8, 2, 0, 0, 0] | gpus = [2, 2, 2, 2, 1, 2, 1, 1, 1, 2] | micro_bs = 2 | time = [29416, 33243, 32176, 35559, 36668, 33284, 33765, 32186, 33636, 32872] | memory = [25969, 26537, 27489, 27657, 23680, 27552, 25536, 23584, 21856, 20296]
>>>> [CONFIG: target(4), prim(inc_dp)]
|63588.43|27657.01| op = [46, 54, 50, 55, 26, 54, 29, 27, 32, 46]| tp = [1, 1, 1, 1, 1, 1, 1, 1, 1, 1, ] | dp = [2, 2, 2, 2, 2, 2, 1, 1, 1, 1, ] | algo = [0, 0, 0, 0, 0, 0, 0, 0, 0, 0, ] | rc = [16, 16, 14, 12, 0, 8, 2, 0, 0, 0] | gpus = [2, 2, 2, 2, 2, 2, 1, 1, 1, 1] | micro_bs = 2 | time = [29440, 33268, 32200, 35583, 18330, 33308, 33789, 32210, 33660, 63588] | memory = [25969, 26537, 27489, 27657, 21248, 27552, 25536, 23584, 21856, 25104]
>>>> [CONFIG: target(9), prim(dec_op)]
|36360.31|27657.01| op = [46, 54, 50, 55, 47, 56, 28, 28, 33, 22]| tp = [1, 1, 1, 1, 1, 1, 1, 1, 1, 1, ] | dp = [2, 2, 2, 2, 2, 2, 1, 1, 1, 1, ] | algo = [0, 0, 0, 0, 0, 0, 0, 0, 0, 0, ] | rc = [16, 16, 14, 12, 6, 10, 2, 0, 0, 0] | gpus = [2, 2, 2, 2, 2, 2, 1, 1, 1, 1] | micro_bs = 2 | time = [29421, 33249, 32181, 35565, 32982, 33603, 33556, 33033, 35641, 36360] | memory = [25969, 26537, 27489, 27657, 27312, 27608, 25216, 24320, 22432, 14784]

[ Trial 7 ] |36360.31|27657.01| op = [46, 54, 50, 55, 47, 56, 28, 28, 33, 22]| tp = [1, 1, 1, 1, 1, 1, 1, 1, 1, 1, ] | dp = [2, 2, 2, 2, 2, 2, 1, 1, 1, 1, ] | algo = [0, 0, 0, 0, 0, 0, 0, 0, 0, 0, ] | rc = [16, 16, 14, 12, 6, 10, 2, 0, 0, 0] | gpus = [2, 2, 2, 2, 2, 2, 1, 1, 1, 1] | micro_bs = 2 | time = [29421, 33249, 32181, 35565, 32982, 33603, 33556, 33033, 35641, 36360] | memory = [25969, 26537, 27489, 27657, 27312, 27608, 25216, 24320, 22432, 14784]
>>>> [CONFIG: target(9), prim(dec_op)]
|39689.16|27969.36| op = [50, 52, 52, 52, 52, 54, 29, 30, 30, 18]| tp = [1, 1, 1, 1, 1, 1, 1, 1, 1, 1, ] | dp = [2, 2, 2, 2, 2, 2, 1, 1, 1, 1, ] | algo = [0, 0, 0, 0, 0, 0, 0, 0, 0, 0, ] | rc = [18, 16, 14, 12, 10, 8, 2, 0, 0, 0] | gpus = [2, 2, 2, 2, 2, 2, 1, 1, 1, 1] | micro_bs = 2 | time = [32395, 33050, 32695, 39689, 39334, 33320, 33243, 32731, 33905, 32226] | memory = [27969, 26321, 27073, 27313, 27040, 27552, 25152, 27808, 19680, 13360]
>>>> [CONFIG: target(3), prim(dec_dp)]
|88590.47|27969.36| op = [50, 52, 52, 52, 52, 54, 29, 30, 30, 18]| tp = [1, 1, 2, 1, 1, 1, 1, 1, 1, 1, ] | dp = [2, 2, 2, 1, 1, 2, 1, 1, 1, 1, ] | algo = [0, 0, 0, 0, 0, 0, 0, 0, 0, 0, ] | rc = [18, 16, 0, 29, 26, 8, 2, 0, 0, 0] | gpus = [2, 2, 4, 1, 1, 2, 1, 1, 1, 1] | micro_bs = 2 | time = [32567, 33222, 40553, 88590, 71012, 33492, 33415, 32903, 34077, 32398] | memory = [27969, 26321, 27265, 27809, 27457, 27552, 25152, 27808, 19680, 13360]
>>>> [CONFIG: target(3), prim(inc_dp)]
|85167.49|27969.36| op = [50, 52, 52, 52, 52, 54, 29, 30, 30, 18]| tp = [1, 1, 1, 1, 1, 1, 1, 1, 1, 1, ] | dp = [2, 2, 2, 2, 1, 2, 1, 1, 1, 2, ] | algo = [0, 0, 0, 0, 0, 0, 0, 0, 0, 0, ] | rc = [18, 16, 14, 12, 26, 8, 2, 0, 0, 0] | gpus = [2, 2, 2, 2, 1, 2, 1, 1, 1, 2] | micro_bs = 2 | time = [32454, 33109, 32755, 39748, 85167, 33379, 33302, 32790, 33964, 16911] | memory = [27969, 26321, 27073, 27313, 27457, 27552, 25152, 27808, 19680, 10312]
>>>> [CONFIG: target(4), prim(inc_tp)]
|78786.04|27969.36| op = [50, 52, 52, 52, 52, 54, 29, 30, 30, 18]| tp = [1, 1, 1, 1, 2, 1, 1, 1, 1, 1, ] | dp = [2, 2, 2, 2, 1, 2, 1, 1, 1, 1, ] | algo = [0, 0, 0, 0, 0, 0, 0, 0, 0, 0, ] | rc = [18, 16, 14, 12, 8, 8, 2, 0, 0, 0] | gpus = [2, 2, 2, 2, 2, 2, 1, 1, 1, 1] | micro_bs = 2 | time = [32472, 33127, 32772, 39766, 78786, 33397, 33320, 32808, 33982, 32303] | memory = [27969, 26321, 27073, 27313, 24705, 27552, 25152, 27808, 19680, 13360]
>>>> [CONFIG: target(4), prim(inc_mbs)]
|45242.43|27874.26| op = [50, 52, 52, 52, 52, 54, 29, 30, 30, 18]| tp = [1, 1, 1, 1, 1, 1, 1, 1, 1, 1, ] | dp = [2, 2, 2, 2, 2, 2, 1, 1, 1, 1, ] | algo = [0, 0, 0, 0, 0, 0, 0, 0, 0, 0, ] | rc = [45, 34, 31, 29, 26, 27, 8, 12, 4, 0] | gpus = [2, 2, 2, 2, 2, 2, 1, 1, 1, 1] | micro_bs = 4 | time = [36965, 39640, 39088, 45242, 43590, 38127, 35258, 38089, 35412, 32274] | memory = [27536, 27874, 27874, 27809, 27457, 27457, 27009, 27456, 25024, 19424]
>>>> [CONFIG: target(3), prim(dec_op)]
|39007.55|27937.49| op = [50, 51, 52, 49, 52, 55, 28, 29, 31, 22]| tp = [1, 1, 1, 1, 1, 1, 1, 1, 1, 1, ] | dp = [2, 2, 2, 2, 2, 2, 1, 1, 1, 1, ] | algo = [0, 0, 0, 0, 0, 0, 0, 0, 0, 0, ] | rc = [45, 30, 40, 27, 25, 22, 8, 6, 6, 0] | gpus = [2, 2, 2, 2, 2, 2, 1, 1, 1, 1] | micro_bs = 4 | time = [36907, 36649, 37553, 39007, 38618, 35138, 35761, 35145, 37354, 36308] | memory = [27536, 27394, 27136, 27441, 27937, 27889, 27904, 27616, 26112, 20992]
>>>> [CONFIG: target(3), prim(dec_mbs)]
|36360.13|27969.36| op = [50, 51, 52, 49, 52, 55, 28, 29, 31, 22]| tp = [1, 1, 1, 1, 1, 1, 1, 1, 1, 1, ] | dp = [2, 2, 2, 2, 2, 2, 1, 1, 1, 1, ] | algo = [0, 0, 0, 0, 0, 0, 0, 0, 0, 0, ] | rc = [18, 14, 14, 12, 10, 8, 2, 0, 0, 0] | gpus = [2, 2, 2, 2, 2, 2, 1, 1, 1, 1] | micro_bs = 2 | time = [32381, 30922, 32436, 34679, 34633, 31949, 33765, 33043, 35330, 36360] | memory = [27969, 26897, 26689, 27640, 26752, 26328, 25728, 24176, 22272, 14784]

[ Trial 8 ] |36360.13|27969.36| op = [50, 51, 52, 49, 52, 55, 28, 29, 31, 22]| tp = [1, 1, 1, 1, 1, 1, 1, 1, 1, 1, ] | dp = [2, 2, 2, 2, 2, 2, 1, 1, 1, 1, ] | algo = [0, 0, 0, 0, 0, 0, 0, 0, 0, 0, ] | rc = [18, 14, 14, 12, 10, 8, 2, 0, 0, 0] | gpus = [2, 2, 2, 2, 2, 2, 1, 1, 1, 1] | micro_bs = 2 | time = [32381, 30922, 32436, 34679, 34633, 31949, 33765, 33043, 35330, 36360] | memory = [27969, 26897, 26689, 27640, 26752, 26328, 25728, 24176, 22272, 14784]
>>>> [CONFIG: target(9), prim(inc_dp)]
|68310.25|27969.36| op = [50, 51, 52, 49, 52, 55, 28, 29, 31, 22]| tp = [1, 1, 1, 1, 1, 1, 1, 1, 1, 1, ] | dp = [2, 2, 2, 2, 2, 1, 1, 1, 1, 2, ] | algo = [0, 0, 0, 0, 0, 0, 0, 0, 0, 0, ] | rc = [18, 14, 14, 12, 10, 22, 2, 0, 0, 0] | gpus = [2, 2, 2, 2, 2, 1, 1, 1, 1, 2] | micro_bs = 2 | time = [32418, 30959, 32473, 34716, 34670, 68310, 33802, 33080, 35367, 18966] | memory = [27969, 26897, 26689, 27640, 26752, 27889, 25728, 24176, 22272, 11664]
>>>> [CONFIG: target(5), prim(dec_op)]
|36905.23|27969.36| op = [50, 51, 52, 50, 55, 26, 28, 29, 30, 48]| tp = [1, 1, 1, 1, 1, 1, 1, 1, 1, 1, ] | dp = [2, 2, 2, 2, 2, 1, 1, 1, 1, 2, ] | algo = [0, 0, 0, 0, 0, 0, 0, 0, 0, 0, ] | rc = [18, 14, 14, 12, 12, 4, 2, 0, 0, 0] | gpus = [2, 2, 2, 2, 2, 1, 1, 1, 1, 2] | micro_bs = 2 | time = [32372, 30913, 32427, 34814, 36905, 31189, 33751, 32493, 32709, 33392] | memory = [27969, 26897, 26689, 26696, 26992, 21856, 25728, 23824, 21440, 20640]
>>>> [CONFIG: target(4), prim(dec_dp)]
|83362.15|27969.36| op = [50, 51, 52, 50, 55, 26, 28, 29, 30, 48]| tp = [1, 1, 1, 1, 1, 1, 1, 1, 1, 1, ] | dp = [2, 2, 2, 2, 1, 2, 1, 1, 1, 2, ] | algo = [0, 0, 0, 0, 0, 0, 0, 0, 0, 0, ] | rc = [18, 14, 14, 12, 33, 0, 2, 0, 0, 0] | gpus = [2, 2, 2, 2, 1, 2, 1, 1, 1, 2] | micro_bs = 2 | time = [32433, 30974, 32488, 34874, 83362, 15702, 33811, 32554, 32769, 33453] | memory = [27969, 26897, 26689, 26696, 27521, 19184, 25728, 23824, 21440, 20640]
>>>> [CONFIG: target(4), prim(dec_op)]
|36984.24|27969.36| op = [50, 51, 52, 50, 28, 53, 28, 29, 30, 48]| tp = [1, 1, 1, 1, 1, 1, 1, 1, 1, 1, ] | dp = [2, 2, 2, 2, 1, 2, 1, 1, 1, 2, ] | algo = [0, 0, 0, 0, 0, 0, 0, 0, 0, 0, ] | rc = [18, 14, 14, 12, 4, 8, 2, 0, 0, 0] | gpus = [2, 2, 2, 2, 1, 2, 1, 1, 1, 2] | micro_bs = 2 | time = [32376, 30917, 32431, 34818, 36984, 33127, 33755, 32497, 32712, 33396] | memory = [27969, 26897, 26689, 26696, 24160, 27232, 25728, 23824, 21440, 20640]
>>>> [CONFIG: target(4), prim(inc_dp)]
|64651.97|27969.36| op = [50, 51, 52, 50, 28, 53, 28, 29, 30, 48]| tp = [1, 1, 1, 1, 1, 1, 1, 1, 1, 1, ] | dp = [2, 2, 2, 2, 2, 2, 1, 1, 1, 1, ] | algo = [0, 0, 0, 0, 0, 0, 0, 0, 0, 0, ] | rc = [18, 14, 14, 12, 0, 8, 2, 0, 0, 0] | gpus = [2, 2, 2, 2, 2, 2, 1, 1, 1, 1] | micro_bs = 2 | time = [32401, 30942, 32456, 34843, 18497, 33151, 33780, 32522, 32737, 64651] | memory = [27969, 26897, 26689, 26696, 21488, 27232, 25728, 23824, 21440, 25472]
>>>> [CONFIG: target(9), prim(dec_op)]
|35516.85|27969.36| op = [50, 51, 52, 50, 51, 56, 28, 29, 31, 21]| tp = [1, 1, 1, 1, 1, 1, 1, 1, 1, 1, ] | dp = [2, 2, 2, 2, 2, 2, 1, 1, 1, 1, ] | algo = [0, 0, 0, 0, 0, 0, 0, 0, 0, 0, ] | rc = [18, 14, 14, 12, 8, 8, 2, 0, 0, 0] | gpus = [2, 2, 2, 2, 2, 2, 1, 1, 1, 1] | micro_bs = 2 | time = [32377, 30918, 32432, 34819, 33863, 33704, 33756, 32498, 33553, 35516] | memory = [27969, 26897, 26689, 26696, 27648, 27800, 25728, 23824, 21760, 14496]

[ Trial 9 ] |35516.85|27969.36| op = [50, 51, 52, 50, 51, 56, 28, 29, 31, 21]| tp = [1, 1, 1, 1, 1, 1, 1, 1, 1, 1, ] | dp = [2, 2, 2, 2, 2, 2, 1, 1, 1, 1, ] | algo = [0, 0, 0, 0, 0, 0, 0, 0, 0, 0, ] | rc = [18, 14, 14, 12, 8, 8, 2, 0, 0, 0] | gpus = [2, 2, 2, 2, 2, 2, 1, 1, 1, 1] | micro_bs = 2 | time = [32377, 30918, 32432, 34819, 33863, 33704, 33756, 32498, 33553, 35516] | memory = [27969, 26897, 26689, 26696, 27648, 27800, 25728, 23824, 21760, 14496]
>>>> [CONFIG: target(9), prim(inc_mbs)]
|39428.24|27969.54| op = [50, 51, 52, 50, 51, 56, 28, 29, 31, 21]| tp = [1, 1, 1, 1, 1, 1, 1, 1, 1, 1, ] | dp = [2, 2, 2, 2, 2, 2, 1, 1, 1, 1, ] | algo = [0, 0, 0, 0, 0, 0, 0, 0, 0, 0, ] | rc = [45, 30, 40, 27, 24, 29, 8, 6, 6, 0] | gpus = [2, 2, 2, 2, 2, 2, 1, 1, 1, 1] | micro_bs = 4 | time = [36909, 36651, 37555, 39428, 37718, 39094, 35775, 34575, 35655, 35467] | memory = [27536, 27394, 27136, 27921, 27969, 27649, 27905, 27168, 25600, 20672]
>>>> [CONFIG: target(3), prim(dec_dp)]
|83101.83|31297.05| op = [50, 51, 52, 50, 51, 56, 28, 29, 31, 21]| tp = [1, 1, 1, 1, 1, 1, 1, 1, 1, 1, ] | dp = [1, 4, 2, 1, 2, 2, 1, 1, 1, 1, ] | algo = [0, 0, 0, 0, 0, 0, 0, 0, 0, 0, ] | rc = [48, 14, 40, 47, 24, 29, 8, 6, 6, 0] | gpus = [1, 4, 2, 1, 2, 2, 1, 1, 1, 1] | micro_bs = 4 | time = [74585, 16739, 37793, 83101, 37956, 39332, 36013, 34813, 35894, 35706] | memory = [31297, 26897, 27136, 28224, 27969, 27649, 27905, 27168, 25600, 20672]
>>>> [CONFIG: target(0), prim(dec_mbs)]
|77027.70|27921.52| op = [50, 51, 52, 50, 51, 56, 28, 29, 31, 21]| tp = [1, 2, 1, 1, 1, 1, 1, 1, 1, 1, ] | dp = [1, 2, 2, 1, 2, 2, 1, 1, 1, 1, ] | algo = [0, 0, 0, 0, 0, 0, 0, 0, 0, 0, ] | rc = [45, 2, 14, 27, 8, 8, 2, 0, 0, 0] | gpus = [1, 4, 2, 1, 2, 2, 1, 1, 1, 1] | micro_bs = 2 | time = [71979, 34274, 32598, 77027, 34029, 33870, 33922, 32664, 33718, 35682] | memory = [27536, 26641, 26689, 27921, 27648, 27800, 25728, 23824, 21760, 14496]
>>>> [CONFIG: target(3), prim(dec_op)]
|45664.33|27960.72| op = [36, 65, 52, 31, 65, 61, 28, 29, 31, 21]| tp = [1, 2, 1, 1, 1, 1, 1, 1, 1, 1, ] | dp = [1, 2, 2, 1, 2, 2, 1, 1, 1, 1, ] | algo = [0, 0, 0, 0, 0, 0, 0, 0, 0, 0, ] | rc = [15, 10, 14, 6, 20, 14, 2, 0, 0, 0] | gpus = [1, 4, 2, 1, 2, 2, 1, 1, 1, 1] | micro_bs = 2 | time = [44860, 45664, 32531, 44450, 43756, 37931, 33855, 32597, 33651, 35615] | memory = [27298, 24337, 26689, 27537, 27424, 27960, 25728, 23824, 21760, 14496]
>>>> [CONFIG: target(1), prim(dec_tp)]
|45363.61|27960.72| op = [36, 65, 52, 31, 65, 61, 28, 29, 31, 21]| tp = [1, 1, 1, 1, 1, 1, 1, 1, 1, 1, ] | dp = [1, 2, 2, 1, 2, 2, 2, 2, 1, 1, ] | algo = [0, 0, 0, 0, 0, 0, 0, 0, 0, 0, ] | rc = [15, 33, 14, 6, 20, 14, 0, 0, 0, 0] | gpus = [1, 2, 2, 1, 2, 2, 2, 2, 1, 1] | micro_bs = 2 | time = [44792, 45363, 32462, 38505, 43688, 40768, 17365, 17028, 33583, 35546] | memory = [27298, 27953, 26689, 27537, 27424, 27960, 18176, 15368, 21760, 14496]
>>>> [CONFIG: target(1), prim(dec_op)]
|39035.37|27904.77| op = [28, 52, 52, 26, 53, 52, 52, 52, 31, 21]| tp = [1, 1, 1, 1, 1, 1, 1, 1, 1, 1, ] | dp = [1, 2, 2, 1, 2, 2, 2, 2, 1, 1, ] | algo = [0, 0, 0, 0, 0, 0, 0, 0, 0, 0, ] | rc = [8, 16, 14, 4, 10, 8, 6, 0, 0, 0] | gpus = [1, 2, 2, 1, 2, 2, 2, 2, 1, 1] | micro_bs = 2 | time = [33310, 33061, 32438, 30798, 39035, 37388, 31138, 30017, 33558, 35522] | memory = [26657, 27617, 26689, 25984, 27904, 25920, 25920, 27648, 21760, 14496]
>>>> [CONFIG: target(4), prim(dec_op)]
|34621.89|27617.15| op = [28, 52, 52, 26, 52, 52, 53, 57, 29, 18]| tp = [1, 1, 1, 1, 1, 1, 1, 1, 1, 1, ] | dp = [1, 2, 2, 1, 2, 2, 2, 2, 1, 1, ] | algo = [0, 0, 0, 0, 0, 0, 0, 0, 0, 0, ] | rc = [8, 16, 14, 4, 10, 8, 8, 6, 0, 0] | gpus = [1, 2, 2, 1, 2, 2, 2, 2, 1, 1] | micro_bs = 2 | time = [33297, 33048, 32425, 30786, 34621, 34267, 32791, 33150, 33041, 32201] | memory = [26657, 27617, 26689, 25984, 26752, 25760, 24544, 25920, 19360, 13360]

[ Trial 10 ] |34621.89|27617.15| op = [28, 52, 52, 26, 52, 52, 53, 57, 29, 18]| tp = [1, 1, 1, 1, 1, 1, 1, 1, 1, 1, ] | dp = [1, 2, 2, 1, 2, 2, 2, 2, 1, 1, ] | algo = [0, 0, 0, 0, 0, 0, 0, 0, 0, 0, ] | rc = [8, 16, 14, 4, 10, 8, 8, 6, 0, 0] | gpus = [1, 2, 2, 1, 2, 2, 2, 2, 1, 1] | micro_bs = 2 | time = [33297, 33048, 32425, 30786, 34621, 34267, 32791, 33150, 33041, 32201] | memory = [26657, 27617, 26689, 25984, 26752, 25760, 24544, 25920, 19360, 13360]
>>>> [CONFIG: target(4), prim(dec_dp)]
|75283.38|27937.49| op = [28, 52, 52, 26, 52, 52, 53, 57, 29, 18]| tp = [1, 1, 1, 1, 1, 1, 1, 1, 1, 1, ] | dp = [1, 2, 2, 2, 1, 2, 2, 2, 1, 1, ] | algo = [0, 0, 0, 0, 0, 0, 0, 0, 0, 0, ] | rc = [8, 16, 14, 0, 25, 8, 8, 6, 0, 0] | gpus = [1, 2, 2, 2, 1, 2, 2, 2, 1, 1] | micro_bs = 2 | time = [33347, 33097, 32474, 15443, 75283, 34316, 32840, 33200, 33090, 32250] | memory = [26657, 27617, 26689, 23552, 27937, 25760, 24544, 25920, 19360, 13360]
>>>> [CONFIG: target(4), prim(dec_op)]
|36980.50|27617.15| op = [28, 52, 52, 50, 28, 52, 53, 57, 29, 18]| tp = [1, 1, 1, 1, 1, 1, 1, 1, 1, 1, ] | dp = [1, 2, 2, 2, 1, 2, 2, 2, 1, 1, ] | algo = [0, 0, 0, 0, 0, 0, 0, 0, 0, 0, ] | rc = [8, 16, 14, 12, 4, 8, 8, 6, 0, 0] | gpus = [1, 2, 2, 2, 1, 2, 2, 2, 1, 1] | micro_bs = 2 | time = [33304, 33055, 32432, 31910, 36980, 34273, 32798, 33157, 33047, 32208] | memory = [26657, 27617, 26689, 26696, 24160, 25760, 24544, 25920, 19360, 13360]
>>>> [CONFIG: target(4), prim(inc_dp)]
|71027.93|27921.52| op = [28, 52, 52, 50, 28, 52, 53, 57, 29, 18]| tp = [1, 1, 1, 1, 1, 1, 1, 1, 1, 1, ] | dp = [1, 2, 2, 1, 2, 2, 2, 2, 1, 1, ] | algo = [0, 0, 0, 0, 0, 0, 0, 0, 0, 0, ] | rc = [8, 16, 14, 27, 0, 8, 8, 6, 0, 0] | gpus = [1, 2, 2, 1, 2, 2, 2, 2, 1, 1] | micro_bs = 2 | time = [33344, 33095, 32472, 71027, 18513, 34314, 32838, 33197, 33088, 32248] | memory = [26657, 27617, 26689, 27921, 21488, 25760, 24544, 25920, 19360, 13360]
>>>> [CONFIG: target(3), prim(dec_op)]
|34269.46|27617.15| op = [28, 52, 52, 27, 51, 52, 53, 57, 29, 18]| tp = [1, 1, 1, 1, 1, 1, 1, 1, 1, 1, ] | dp = [1, 2, 2, 1, 2, 2, 2, 2, 1, 1, ] | algo = [0, 0, 0, 0, 0, 0, 0, 0, 0, 0, ] | rc = [8, 16, 14, 4, 8, 8, 8, 6, 0, 0] | gpus = [1, 2, 2, 1, 2, 2, 2, 2, 1, 1] | micro_bs = 2 | time = [33300, 33050, 32427, 33636, 32977, 34269, 32793, 33153, 33043, 32203] | memory = [26657, 27617, 26689, 27424, 27072, 25760, 24544, 25920, 19360, 13360]

[ Trial 11 ] |34269.46|27617.15| op = [28, 52, 52, 27, 51, 52, 53, 57, 29, 18]| tp = [1, 1, 1, 1, 1, 1, 1, 1, 1, 1, ] | dp = [1, 2, 2, 1, 2, 2, 2, 2, 1, 1, ] | algo = [0, 0, 0, 0, 0, 0, 0, 0, 0, 0, ] | rc = [8, 16, 14, 4, 8, 8, 8, 6, 0, 0] | gpus = [1, 2, 2, 1, 2, 2, 2, 2, 1, 1] | micro_bs = 2 | time = [33300, 33050, 32427, 33636, 32977, 34269, 32793, 33153, 33043, 32203] | memory = [26657, 27617, 26689, 27424, 27072, 25760, 24544, 25920, 19360, 13360]
>>>> [CONFIG: target(5), prim(dec_dp)]
|71747.89|27713.24| op = [28, 52, 52, 27, 51, 52, 53, 57, 29, 18]| tp = [1, 1, 1, 1, 1, 1, 1, 1, 1, 1, ] | dp = [1, 2, 2, 1, 2, 1, 2, 2, 1, 2, ] | algo = [0, 0, 0, 0, 0, 0, 0, 0, 0, 0, ] | rc = [8, 16, 14, 4, 8, 20, 8, 6, 0, 0] | gpus = [1, 2, 2, 1, 2, 1, 2, 2, 1, 2] | micro_bs = 2 | time = [33343, 33094, 32470, 33679, 33020, 71747, 32837, 33196, 33086, 16872] | memory = [26657, 27617, 26689, 27424, 27072, 27713, 24544, 25920, 19360, 10312]
>>>> [CONFIG: target(5), prim(dec_op)]
|35935.71|27617.15| op = [28, 52, 52, 27, 51, 26, 53, 56, 29, 45]| tp = [1, 1, 1, 1, 1, 1, 1, 1, 1, 1, ] | dp = [1, 2, 2, 1, 2, 1, 2, 2, 1, 2, ] | algo = [0, 0, 0, 0, 0, 0, 0, 0, 0, 0, ] | rc = [8, 16, 14, 4, 8, 2, 8, 4, 0, 0] | gpus = [1, 2, 2, 1, 2, 1, 2, 2, 1, 2] | micro_bs = 2 | time = [33297, 33048, 32425, 33634, 32975, 35935, 32791, 32365, 30485, 32813] | memory = [26657, 27617, 26689, 27424, 27072, 27136, 24544, 27312, 18400, 20296]
>>>> [CONFIG: target(5), prim(inc_dp)]
|63492.58|27617.15| op = [28, 52, 52, 27, 51, 26, 53, 56, 29, 45]| tp = [1, 1, 1, 1, 1, 1, 1, 1, 1, 1, ] | dp = [1, 2, 2, 1, 2, 2, 2, 2, 1, 1, ] | algo = [0, 0, 0, 0, 0, 0, 0, 0, 0, 0, ] | rc = [8, 16, 14, 4, 8, 0, 8, 4, 0, 0] | gpus = [1, 2, 2, 1, 2, 2, 2, 2, 1, 1] | micro_bs = 2 | time = [33323, 33074, 32451, 33660, 33000, 18325, 32817, 32391, 30511, 63492] | memory = [26657, 27617, 26689, 27424, 27072, 18944, 24544, 27312, 18400, 25104]
>>>> [CONFIG: target(9), prim(dec_op)]
|34102.97|27617.15| op = [28, 52, 52, 27, 51, 50, 55, 56, 30, 18]| tp = [1, 1, 1, 1, 1, 1, 1, 1, 1, 1, ] | dp = [1, 2, 2, 1, 2, 2, 2, 2, 1, 1, ] | algo = [0, 0, 0, 0, 0, 0, 0, 0, 0, 0, ] | rc = [8, 16, 14, 4, 8, 8, 8, 4, 0, 0] | gpus = [1, 2, 2, 1, 2, 2, 2, 2, 1, 1] | micro_bs = 2 | time = [33300, 33051, 32427, 33636, 32977, 34102, 32960, 32368, 33882, 32203] | memory = [26657, 27617, 26689, 27424, 27072, 25560, 24704, 27312, 19680, 13360]

[ Trial 12 ] |34102.97|27617.15| op = [28, 52, 52, 27, 51, 50, 55, 56, 30, 18]| tp = [1, 1, 1, 1, 1, 1, 1, 1, 1, 1, ] | dp = [1, 2, 2, 1, 2, 2, 2, 2, 1, 1, ] | algo = [0, 0, 0, 0, 0, 0, 0, 0, 0, 0, ] | rc = [8, 16, 14, 4, 8, 8, 8, 4, 0, 0] | gpus = [1, 2, 2, 1, 2, 2, 2, 2, 1, 1] | micro_bs = 2 | time = [33300, 33051, 32427, 33636, 32977, 34102, 32960, 32368, 33882, 32203] | memory = [26657, 27617, 26689, 27424, 27072, 25560, 24704, 27312, 19680, 13360]
>>>> [CONFIG: target(5), prim(dec_dp)]
|70151.87|27953.09| op = [28, 52, 52, 27, 51, 50, 55, 56, 30, 18]| tp = [1, 1, 1, 1, 1, 1, 1, 1, 1, 1, ] | dp = [1, 2, 2, 1, 2, 1, 2, 2, 1, 2, ] | algo = [0, 0, 0, 0, 0, 0, 0, 0, 0, 0, ] | rc = [8, 16, 14, 4, 8, 18, 8, 4, 0, 0] | gpus = [1, 2, 2, 1, 2, 1, 2, 2, 1, 2] | micro_bs = 2 | time = [33340, 33091, 32468, 33677, 33017, 70151, 33000, 32408, 33923, 16869] | memory = [26657, 27617, 26689, 27424, 27072, 27953, 24704, 27312, 19680, 10312]
>>>> [CONFIG: target(5), prim(dec_op)]
|35939.27|27617.15| op = [28, 52, 52, 27, 51, 26, 53, 59, 28, 43]| tp = [1, 1, 1, 1, 1, 1, 1, 1, 1, 1, ] | dp = [1, 2, 2, 1, 2, 1, 2, 2, 1, 2, ] | algo = [0, 0, 0, 0, 0, 0, 0, 0, 0, 0, ] | rc = [8, 16, 14, 4, 8, 2, 8, 6, 0, 0] | gpus = [1, 2, 2, 1, 2, 1, 2, 2, 1, 2] | micro_bs = 2 | time = [33301, 33052, 32429, 33638, 32978, 35939, 32795, 33320, 33031, 31144] | memory = [26657, 27617, 26689, 27424, 27072, 27136, 24544, 26040, 19456, 19064]
>>>> [CONFIG: target(5), prim(inc_dp)]
|60198.62|27617.15| op = [28, 52, 52, 27, 51, 26, 53, 59, 28, 43]| tp = [1, 1, 1, 1, 1, 1, 1, 1, 1, 1, ] | dp = [1, 2, 2, 1, 2, 2, 2, 2, 1, 1, ] | algo = [0, 0, 0, 0, 0, 0, 0, 0, 0, 0, ] | rc = [8, 16, 14, 4, 8, 0, 8, 6, 0, 0] | gpus = [1, 2, 2, 1, 2, 2, 2, 2, 1, 1] | micro_bs = 2 | time = [33323, 33074, 32451, 33660, 33001, 18326, 32817, 33342, 33053, 60198] | memory = [26657, 27617, 26689, 27424, 27072, 18944, 24544, 26040, 19456, 23920]
>>>> [CONFIG: target(9), prim(dec_op)]
|34201.44|27617.15| op = [28, 52, 52, 27, 51, 48, 54, 59, 30, 18]| tp = [1, 1, 1, 1, 1, 1, 1, 1, 1, 1, ] | dp = [1, 2, 2, 1, 2, 2, 2, 2, 1, 1, ] | algo = [0, 0, 0, 0, 0, 0, 0, 0, 0, 0, ] | rc = [8, 16, 14, 4, 8, 8, 8, 6, 0, 0] | gpus = [1, 2, 2, 1, 2, 2, 2, 2, 1, 1] | micro_bs = 2 | time = [33301, 33051, 32428, 33637, 32978, 32415, 33298, 34201, 33883, 32204] | memory = [26657, 27617, 26689, 27424, 27072, 24008, 25152, 26616, 19680, 13360]
>>>> [CONFIG: target(7), prim(dec_dp)]
|72212.00|27696.86| op = [28, 52, 52, 27, 51, 48, 54, 59, 30, 18]| tp = [1, 1, 1, 1, 1, 1, 1, 1, 1, 1, ] | dp = [1, 2, 2, 1, 2, 2, 2, 1, 1, 2, ] | algo = [0, 0, 0, 0, 0, 0, 0, 0, 0, 0, ] | rc = [8, 16, 14, 4, 8, 8, 8, 20, 0, 0] | gpus = [1, 2, 2, 1, 2, 2, 2, 1, 1, 2] | micro_bs = 2 | time = [33345, 33096, 32472, 33682, 33022, 32459, 33342, 72212, 33928, 16874] | memory = [26657, 27617, 26689, 27424, 27072, 24008, 25152, 27696, 19680, 10312]
>>>> [CONFIG: target(7), prim(dec_op)]
|33861.46|27617.15| op = [28, 52, 52, 27, 51, 48, 54, 29, 33, 45]| tp = [1, 1, 1, 1, 1, 1, 1, 1, 1, 1, ] | dp = [1, 2, 2, 1, 2, 2, 2, 1, 1, 2, ] | algo = [0, 0, 0, 0, 0, 0, 0, 0, 0, 0, ] | rc = [8, 16, 14, 4, 8, 8, 8, 0, 0, 0] | gpus = [1, 2, 2, 1, 2, 2, 2, 1, 1, 2] | micro_bs = 2 | time = [33298, 33049, 32426, 33635, 32976, 32412, 33296, 32492, 33861, 32814] | memory = [26657, 27617, 26689, 27424, 27072, 24008, 25152, 23824, 21920, 20296]

[ Trial 13 ] |33861.46|27617.15| op = [28, 52, 52, 27, 51, 48, 54, 29, 33, 45]| tp = [1, 1, 1, 1, 1, 1, 1, 1, 1, 1, ] | dp = [1, 2, 2, 1, 2, 2, 2, 1, 1, 2, ] | algo = [0, 0, 0, 0, 0, 0, 0, 0, 0, 0, ] | rc = [8, 16, 14, 4, 8, 8, 8, 0, 0, 0] | gpus = [1, 2, 2, 1, 2, 2, 2, 1, 1, 2] | micro_bs = 2 | time = [33298, 33049, 32426, 33635, 32976, 32412, 33296, 32492, 33861, 32814] | memory = [26657, 27617, 26689, 27424, 27072, 24008, 25152, 23824, 21920, 20296]
>>>> [CONFIG: target(8), prim(inc_dp)]
|65572.44|27617.15| op = [28, 52, 52, 27, 51, 48, 54, 29, 33, 45]| tp = [1, 1, 1, 1, 1, 1, 1, 1, 1, 1, ] | dp = [1, 2, 2, 1, 2, 1, 2, 1, 2, 2, ] | algo = [0, 0, 0, 0, 0, 0, 0, 0, 0, 0, ] | rc = [8, 16, 14, 4, 8, 16, 8, 0, 0, 0] | gpus = [1, 2, 2, 1, 2, 1, 2, 1, 2, 2] | micro_bs = 2 | time = [33332, 33083, 32459, 33668, 33009, 65572, 33329, 32525, 17757, 32847] | memory = [26657, 27617, 26689, 27424, 27072, 26769, 25152, 23824, 14160, 20296]
>>>> [CONFIG: target(5), prim(dec_op)]
|35936.30|27808.37| op = [28, 52, 52, 27, 51, 26, 53, 30, 55, 45]| tp = [1, 1, 1, 1, 1, 1, 1, 1, 1, 1, ] | dp = [1, 2, 2, 1, 2, 1, 2, 1, 2, 2, ] | algo = [0, 0, 0, 0, 0, 0, 0, 0, 0, 0, ] | rc = [8, 16, 14, 4, 8, 2, 8, 0, 0, 0] | gpus = [1, 2, 2, 1, 2, 1, 2, 1, 2, 2] | micro_bs = 2 | time = [33298, 33049, 32426, 33635, 32975, 35936, 32792, 32707, 30444, 32813] | memory = [26657, 27617, 26689, 27424, 27072, 27136, 24544, 27808, 23376, 20296]
>>>> [CONFIG: target(5), prim(inc_dp)]
|61693.40|27808.37| op = [28, 52, 52, 27, 51, 26, 53, 30, 55, 45]| tp = [1, 1, 1, 1, 1, 1, 1, 1, 1, 1, ] | dp = [1, 2, 2, 1, 2, 2, 2, 1, 1, 2, ] | algo = [0, 0, 0, 0, 0, 0, 0, 0, 0, 0, ] | rc = [8, 16, 14, 4, 8, 0, 8, 0, 8, 0] | gpus = [1, 2, 2, 1, 2, 2, 2, 1, 1, 2] | micro_bs = 2 | time = [33325, 33075, 32452, 33661, 33002, 18327, 32818, 32733, 61693, 32840] | memory = [26657, 27617, 26689, 27424, 27072, 18944, 24544, 27808, 25568, 20296]
>>>> [CONFIG: target(8), prim(dec_op)]
|33861.46|27617.15| op = [28, 52, 52, 27, 51, 49, 53, 29, 33, 45]| tp = [1, 1, 1, 1, 1, 1, 1, 1, 1, 1, ] | dp = [1, 2, 2, 1, 2, 2, 2, 1, 1, 2, ] | algo = [0, 0, 0, 0, 0, 0, 0, 0, 0, 0, ] | rc = [8, 16, 14, 4, 8, 8, 8, 0, 0, 0] | gpus = [1, 2, 2, 1, 2, 2, 2, 1, 1, 2] | micro_bs = 2 | time = [33298, 33049, 32426, 33635, 32976, 32570, 33138, 32492, 33861, 32814] | memory = [26657, 27617, 26689, 27424, 27072, 24328, 24896, 23824, 21920, 20296]

[ Trial 14 ] |33861.46|27617.15| op = [28, 52, 52, 27, 51, 49, 53, 29, 33, 45]| tp = [1, 1, 1, 1, 1, 1, 1, 1, 1, 1, ] | dp = [1, 2, 2, 1, 2, 2, 2, 1, 1, 2, ] | algo = [0, 0, 0, 0, 0, 0, 0, 0, 0, 0, ] | rc = [8, 16, 14, 4, 8, 8, 8, 0, 0, 0] | gpus = [1, 2, 2, 1, 2, 2, 2, 1, 1, 2] | micro_bs = 2 | time = [33298, 33049, 32426, 33635, 32976, 32570, 33138, 32492, 33861, 32814] | memory = [26657, 27617, 26689, 27424, 27072, 24328, 24896, 23824, 21920, 20296]
>>>> [CONFIG: target(8), prim(inc_dp)]
|65873.30|27617.15| op = [28, 52, 52, 27, 51, 49, 53, 29, 33, 45]| tp = [1, 1, 1, 1, 1, 1, 1, 1, 1, 1, ] | dp = [1, 2, 2, 1, 2, 1, 2, 1, 2, 2, ] | algo = [0, 0, 0, 0, 0, 0, 0, 0, 0, 0, ] | rc = [8, 16, 14, 4, 8, 16, 8, 0, 0, 0] | gpus = [1, 2, 2, 1, 2, 1, 2, 1, 2, 2] | micro_bs = 2 | time = [33332, 33083, 32460, 33669, 33009, 65873, 33171, 32526, 17757, 32847] | memory = [26657, 27617, 26689, 27424, 27072, 27409, 24896, 23824, 14160, 20296]
>>>> [CONFIG: target(5), prim(inc_tp)]
|70764.69|27617.15| op = [28, 52, 52, 27, 51, 49, 53, 29, 33, 45]| tp = [1, 1, 1, 1, 1, 2, 1, 1, 1, 1, ] | dp = [1, 2, 2, 1, 2, 1, 2, 1, 1, 2, ] | algo = [0, 0, 0, 0, 0, 0, 0, 0, 0, 0, ] | rc = [8, 16, 14, 4, 8, 4, 8, 0, 0, 0] | gpus = [1, 2, 2, 1, 2, 2, 2, 1, 1, 2] | micro_bs = 2 | time = [33373, 33124, 32501, 33710, 33050, 70764, 33212, 32567, 33936, 32888] | memory = [26657, 27617, 26689, 27424, 27072, 26449, 24896, 23824, 21920, 20296]
>>>> [CONFIG: target(5), prim(dec_op)]
|44288.55|27617.15| op = [28, 52, 52, 27, 51, 27, 64, 34, 31, 53]| tp = [1, 1, 1, 1, 1, 2, 1, 1, 1, 1, ] | dp = [1, 2, 2, 1, 2, 1, 2, 1, 1, 2, ] | algo = [0, 0, 0, 0, 0, 0, 0, 0, 0, 0, ] | rc = [8, 16, 14, 4, 8, 0, 12, 2, 0, 0] | gpus = [1, 2, 2, 1, 2, 2, 2, 1, 1, 2] | micro_bs = 2 | time = [33352, 33103, 32480, 33689, 33029, 44288, 38088, 37255, 36381, 36489] | memory = [26657, 27617, 26689, 27424, 27072, 17776, 27488, 26960, 20704, 22400]
>>>> [CONFIG: target(5), prim(dec_tp)]
|39522.39|27617.15| op = [28, 52, 52, 27, 51, 27, 64, 34, 31, 53]| tp = [1, 1, 1, 1, 1, 1, 1, 1, 1, 1, ] | dp = [1, 2, 2, 1, 2, 1, 2, 1, 2, 2, ] | algo = [0, 0, 0, 0, 0, 0, 0, 0, 0, 0, ] | rc = [8, 16, 14, 4, 8, 4, 12, 2, 0, 0] | gpus = [1, 2, 2, 1, 2, 1, 2, 1, 2, 2] | micro_bs = 2 | time = [33309, 33060, 32436, 33646, 32986, 39522, 38044, 37211, 19020, 36445] | memory = [26657, 27617, 26689, 27424, 27072, 22624, 27488, 26960, 14448, 22400]
>>>> [CONFIG: target(5), prim(inc_dp)]
|38040.13|27617.15| op = [28, 52, 52, 27, 51, 27, 64, 34, 31, 53]| tp = [1, 1, 1, 1, 1, 1, 1, 1, 1, 1, ] | dp = [1, 2, 2, 1, 2, 2, 2, 1, 1, 2, ] | algo = [0, 0, 0, 0, 0, 0, 0, 0, 0, 0, ] | rc = [8, 16, 14, 4, 8, 0, 12, 2, 0, 0] | gpus = [1, 2, 2, 1, 2, 2, 2, 1, 1, 2] | micro_bs = 2 | time = [33304, 33055, 32432, 33641, 32981, 19737, 38040, 37207, 36333, 36441] | memory = [26657, 27617, 26689, 27424, 27072, 19952, 27488, 26960, 20704, 22400]
>>>> [CONFIG: target(6), prim(dec_op)]
|33634.49|27617.15| op = [28, 52, 52, 27, 51, 48, 54, 29, 30, 48]| tp = [1, 1, 1, 1, 1, 1, 1, 1, 1, 1, ] | dp = [1, 2, 2, 1, 2, 2, 2, 1, 1, 2, ] | algo = [0, 0, 0, 0, 0, 0, 0, 0, 0, 0, ] | rc = [8, 16, 14, 4, 8, 8, 8, 0, 0, 0] | gpus = [1, 2, 2, 1, 2, 2, 2, 1, 1, 2] | micro_bs = 2 | time = [33297, 33048, 32425, 33634, 32975, 32411, 33295, 32491, 32706, 33390] | memory = [26657, 27617, 26689, 27424, 27072, 24008, 25152, 23824, 21440, 20640]

num_targets: [1, 1, 1, 1, 1, 1, 1, 1, 1, 1, 1, 1, 1, 1, 1]
num_hops: [1, 1, 7, 7, 2, 2, 2, 7, 6, 7, 4, 4, 6, 4, 6]
search time = 200.05 s.  [0, 1, 2, 11, 13, 14, 15, 16, 31, 32, 33, 34, 35, 36, 71, 112, 209] 
num_explored_cases = 16331
time trend: [68927, 67448, 42684, 41429, 38819, 36741, 36668, 36360, 36360, 35516, 34621, 34269, 34102, 33861, 33861, 33634, 33634]

working on num_stages = 12
config has been saved to /home/liminglong.lml/sxz/SuperScaler/logs-large/aceso/configs/gpt/6_7B/gpt_6_7B_12stages_2026-5-14-6-1-41.json

========== Best Result (num_stages = 12) ==========
|35108.22|27808.37| op = [25, 26, 52, 52, 48, 52, 29, 28, 29, 30, 30, 18]| tp = [1, 1, 1, 1, 1, 1, 1, 1, 1, 1, 1, 1, ] | dp = [1, 1, 2, 2, 2, 2, 1, 1, 1, 1, 1, 1, ] | algo = [0, 0, 0, 0, 0, 0, 0, 0, 0, 0, 0, 0, ] | rc = [8, 8, 16, 16, 12, 12, 4, 4, 2, 0, 0, 0] | gpus = [1, 1, 2, 2, 2, 2, 1, 1, 1, 1, 1, 1] | micro_bs = 2 | time = [30129, 32692, 33156, 33156, 33270, 35108, 34626, 34606, 33349, 32837, 34011, 32332] | memory = [26881, 25505, 27617, 26321, 26624, 26976, 25952, 23680, 25152, 27808, 19680, 13360]
start|95330.51|27001.27| op = [34, 34, 34, 34, 34, 34, 34, 34, 34, 34, 34, 45]| tp = [2, 2, 2, 2, 1, 1, 1, 1, 1, 1, 1, 1, ] | dp = [1, 1, 1, 1, 1, 1, 1, 1, 1, 1, 1, 1, ] | algo = [0, 0, 0, 0, 0, 0, 0, 0, 0, 0, 0, 0, ] | rc = [0, 0, 0, 0, 4, 4, 0, 0, 0, 0, 0, 0] | gpus = [2, 2, 2, 2, 1, 1, 1, 1, 1, 1, 1, 1] | micro_bs = 1 | time = [48262, 49007, 45395, 73664, 95330, 38759, 42129, 38700, 40126, 38535, 37392, 65015] | memory = [27001, 21225, 22352, 21024, 23488, 23640, 26992, 25384, 22432, 17360, 14960, 20296]

[ Trial 0 ] |95330.51|27001.27| op = [34, 34, 34, 34, 34, 34, 34, 34, 34, 34, 34, 45]| tp = [2, 2, 2, 2, 1, 1, 1, 1, 1, 1, 1, 1, ] | dp = [1, 1, 1, 1, 1, 1, 1, 1, 1, 1, 1, 1, ] | algo = [0, 0, 0, 0, 0, 0, 0, 0, 0, 0, 0, 0, ] | rc = [0, 0, 0, 0, 4, 4, 0, 0, 0, 0, 0, 0] | gpus = [2, 2, 2, 2, 1, 1, 1, 1, 1, 1, 1, 1] | micro_bs = 1 | time = [48262, 49007, 45395, 73664, 95330, 38759, 42129, 38700, 40126, 38535, 37392, 65015] | memory = [27001, 21225, 22352, 21024, 23488, 23640, 26992, 25384, 22432, 17360, 14960, 20296]
>>>> [CONFIG: target(4), prim(inc_mbs)]
|94437.55|27777.24| op = [34, 34, 34, 34, 34, 34, 34, 34, 34, 34, 34, 45]| tp = [1, 1, 1, 1, 1, 1, 1, 1, 1, 1, 1, 1, ] | dp = [2, 2, 2, 2, 1, 1, 1, 1, 1, 1, 1, 1, ] | algo = [0, 0, 0, 0, 0, 0, 0, 0, 0, 0, 0, 0, ] | rc = [8, 4, 6, 7, 14, 10, 9, 6, 6, 0, 0, 0] | gpus = [2, 2, 2, 2, 1, 1, 1, 1, 1, 1, 1, 1] | micro_bs = 2 | time = [21495, 21700, 20951, 49112, 94437, 40236, 44572, 40205, 41548, 37828, 36820, 63814] | memory = [27521, 26481, 25040, 27544, 27777, 25393, 26721, 27216, 24256, 26272, 22752, 25104]

[ Trial 1 ] |94437.55|27777.24| op = [34, 34, 34, 34, 34, 34, 34, 34, 34, 34, 34, 45]| tp = [1, 1, 1, 1, 1, 1, 1, 1, 1, 1, 1, 1, ] | dp = [2, 2, 2, 2, 1, 1, 1, 1, 1, 1, 1, 1, ] | algo = [0, 0, 0, 0, 0, 0, 0, 0, 0, 0, 0, 0, ] | rc = [8, 4, 6, 7, 14, 10, 9, 6, 6, 0, 0, 0] | gpus = [2, 2, 2, 2, 1, 1, 1, 1, 1, 1, 1, 1] | micro_bs = 2 | time = [21495, 21700, 20951, 49112, 94437, 40236, 44572, 40205, 41548, 37828, 36820, 63814] | memory = [27521, 26481, 25040, 27544, 27777, 25393, 26721, 27216, 24256, 26272, 22752, 25104]
>>>> [CONFIG: target(4), prim(dec_op)]
|40899.22|27777.06| op = [34, 34, 47, 49, 25, 32, 35, 33, 35, 34, 35, 26]| tp = [1, 1, 1, 1, 1, 1, 1, 1, 1, 1, 1, 1, ] | dp = [2, 2, 2, 2, 1, 1, 1, 1, 1, 1, 1, 1, ] | algo = [0, 0, 0, 0, 0, 0, 0, 0, 0, 0, 0, 0, ] | rc = [8, 4, 14, 14, 4, 8, 8, 4, 6, 4, 0, 0] | gpus = [2, 2, 2, 2, 1, 1, 1, 1, 1, 1, 1, 1] | micro_bs = 2 | time = [21326, 21531, 29456, 33831, 36002, 40771, 39602, 40899, 39915, 40652, 40507, 39902] | memory = [27521, 26481, 26321, 26537, 27777, 27121, 26944, 26512, 24256, 24560, 22144, 16544]

[ Trial 2 ] |40899.22|27777.06| op = [34, 34, 47, 49, 25, 32, 35, 33, 35, 34, 35, 26]| tp = [1, 1, 1, 1, 1, 1, 1, 1, 1, 1, 1, 1, ] | dp = [2, 2, 2, 2, 1, 1, 1, 1, 1, 1, 1, 1, ] | algo = [0, 0, 0, 0, 0, 0, 0, 0, 0, 0, 0, 0, ] | rc = [8, 4, 14, 14, 4, 8, 8, 4, 6, 4, 0, 0] | gpus = [2, 2, 2, 2, 1, 1, 1, 1, 1, 1, 1, 1] | micro_bs = 2 | time = [21326, 21531, 29456, 33831, 36002, 40771, 39602, 40899, 39915, 40652, 40507, 39902] | memory = [27521, 26481, 26321, 26537, 27777, 27121, 26944, 26512, 24256, 24560, 22144, 16544]
>>>> [CONFIG: target(7), prim(inc_dp)]
|46662.58|27777.06| op = [34, 34, 47, 49, 25, 32, 35, 33, 35, 34, 35, 26]| tp = [1, 1, 1, 1, 1, 1, 1, 1, 1, 1, 1, 1, ] | dp = [1, 2, 2, 2, 1, 1, 1, 2, 1, 1, 1, 1, ] | algo = [0, 0, 0, 0, 0, 0, 0, 0, 0, 0, 0, 0, ] | rc = [17, 4, 14, 14, 4, 8, 8, 0, 6, 4, 0, 0] | gpus = [1, 2, 2, 2, 1, 1, 1, 2, 1, 1, 1, 1] | micro_bs = 2 | time = [45915, 21545, 29470, 30938, 36016, 46662, 39616, 20686, 39930, 40667, 40521, 39916] | memory = [27298, 26481, 26321, 26537, 27777, 27121, 26944, 22920, 24256, 24560, 22144, 16544]
>>>> [CONFIG: target(5), prim(dec_op)]
|45632.58|27808.37| op = [28, 44, 48, 49, 24, 26, 26, 54, 29, 30, 35, 26]| tp = [1, 1, 1, 1, 1, 1, 1, 1, 1, 1, 1, 1, ] | dp = [1, 2, 2, 2, 1, 1, 1, 2, 1, 1, 1, 1, ] | algo = [0, 0, 0, 0, 0, 0, 0, 0, 0, 0, 0, 0, ] | rc = [10, 14, 12, 14, 4, 4, 4, 8, 2, 0, 0, 0] | gpus = [1, 2, 2, 2, 1, 1, 1, 2, 1, 1, 1, 1] | micro_bs = 2 | time = [34757, 28411, 30616, 31144, 41942, 45632, 31365, 33473, 33396, 32884, 40506, 39901] | memory = [27714, 26001, 26977, 26825, 25985, 26657, 24256, 27552, 25152, 27808, 22144, 16544]
>>>> [CONFIG: target(5), prim(inc_dp)]
|74349.72|27808.37| op = [28, 44, 48, 49, 24, 26, 26, 54, 29, 30, 35, 26]| tp = [1, 1, 1, 1, 1, 1, 1, 1, 1, 1, 1, 1, ] | dp = [1, 2, 2, 2, 1, 2, 1, 1, 1, 1, 1, 1, ] | algo = [0, 0, 0, 0, 0, 0, 0, 0, 0, 0, 0, 0, ] | rc = [10, 14, 12, 14, 4, 0, 4, 27, 2, 0, 0, 0] | gpus = [1, 2, 2, 2, 1, 2, 1, 1, 1, 1, 1, 1] | micro_bs = 2 | time = [34793, 28447, 30652, 31180, 41978, 23201, 31401, 74349, 33432, 32920, 40542, 39937] | memory = [27714, 26001, 26977, 26825, 25985, 23888, 24256, 27457, 25152, 27808, 22144, 16544]
>>>> [CONFIG: target(7), prim(dec_op)]
|41935.66|27808.37| op = [28, 44, 48, 49, 24, 49, 29, 28, 29, 30, 35, 26]| tp = [1, 1, 1, 1, 1, 1, 1, 1, 1, 1, 1, 1, ] | dp = [1, 2, 2, 2, 1, 2, 1, 1, 1, 1, 1, 1, ] | algo = [0, 0, 0, 0, 0, 0, 0, 0, 0, 0, 0, 0, ] | rc = [10, 14, 12, 14, 4, 10, 4, 4, 2, 0, 0, 0] | gpus = [1, 2, 2, 2, 1, 2, 1, 1, 1, 1, 1, 1] | micro_bs = 2 | time = [34750, 28404, 30609, 31137, 41935, 37555, 34666, 34647, 33389, 32877, 40499, 39894] | memory = [27714, 26001, 26977, 26825, 25985, 27225, 25952, 23680, 25152, 27808, 22144, 16544]
>>>> [CONFIG: target(4), prim(inc_dp)]
|63168.06|27808.37| op = [28, 44, 48, 49, 24, 49, 29, 28, 29, 30, 35, 26]| tp = [1, 1, 1, 1, 1, 1, 1, 1, 1, 1, 1, 1, ] | dp = [1, 1, 2, 2, 2, 2, 1, 1, 1, 1, 1, 1, ] | algo = [0, 0, 0, 0, 0, 0, 0, 0, 0, 0, 0, 0, ] | rc = [10, 28, 12, 14, 0, 10, 4, 4, 2, 0, 0, 0] | gpus = [1, 1, 2, 2, 2, 2, 1, 1, 1, 1, 1, 1] | micro_bs = 2 | time = [34778, 63168, 30636, 31165, 21252, 37582, 34693, 34674, 33416, 32905, 40527, 39921] | memory = [27714, 27153, 26977, 26825, 24192, 27225, 25952, 23680, 25152, 27808, 22144, 16544]
>>>> [CONFIG: target(1), prim(dec_op)]
|39877.04|27872.90| op = [28, 27, 52, 48, 43, 49, 29, 30, 30, 28, 29, 26]| tp = [1, 1, 1, 1, 1, 1, 1, 1, 1, 1, 1, 1, ] | dp = [1, 1, 2, 2, 2, 2, 1, 1, 1, 1, 1, 1, ] | algo = [0, 0, 0, 0, 0, 0, 0, 0, 0, 0, 0, 0, ] | rc = [10, 8, 16, 12, 6, 10, 4, 6, 2, 0, 0, 0] | gpus = [1, 1, 2, 2, 2, 2, 1, 1, 1, 1, 1, 1] | micro_bs = 2 | time = [34733, 35162, 33072, 29234, 33154, 36286, 34099, 35041, 34761, 33175, 32644, 39877] | memory = [27714, 26273, 27457, 27833, 27872, 27512, 25504, 24416, 25920, 24320, 19040, 16544]

[ Trial 3 ] |39877.04|27872.90| op = [28, 27, 52, 48, 43, 49, 29, 30, 30, 28, 29, 26]| tp = [1, 1, 1, 1, 1, 1, 1, 1, 1, 1, 1, 1, ] | dp = [1, 1, 2, 2, 2, 2, 1, 1, 1, 1, 1, 1, ] | algo = [0, 0, 0, 0, 0, 0, 0, 0, 0, 0, 0, 0, ] | rc = [10, 8, 16, 12, 6, 10, 4, 6, 2, 0, 0, 0] | gpus = [1, 1, 2, 2, 2, 2, 1, 1, 1, 1, 1, 1] | micro_bs = 2 | time = [34733, 35162, 33072, 29234, 33154, 36286, 34099, 35041, 34761, 33175, 32644, 39877] | memory = [27714, 26273, 27457, 27833, 27872, 27512, 25504, 24416, 25920, 24320, 19040, 16544]
>>>> [CONFIG: target(11), prim(dec_op)]
|35111.42|27808.37| op = [28, 26, 52, 49, 48, 52, 29, 28, 29, 30, 30, 18]| tp = [1, 1, 1, 1, 1, 1, 1, 1, 1, 1, 1, 1, ] | dp = [1, 1, 2, 2, 2, 2, 1, 1, 1, 1, 1, 1, ] | algo = [0, 0, 0, 0, 0, 0, 0, 0, 0, 0, 0, 0, ] | rc = [10, 8, 16, 14, 12, 12, 4, 4, 2, 0, 0, 0] | gpus = [1, 1, 2, 2, 2, 2, 1, 1, 1, 1, 1, 1] | micro_bs = 2 | time = [34713, 32294, 32914, 30861, 33273, 35111, 34629, 34610, 33352, 32840, 34014, 32335] | memory = [27714, 24449, 27137, 26537, 26624, 26976, 25952, 23680, 25152, 27808, 19680, 13360]

[ Trial 4 ] |35111.42|27808.37| op = [28, 26, 52, 49, 48, 52, 29, 28, 29, 30, 30, 18]| tp = [1, 1, 1, 1, 1, 1, 1, 1, 1, 1, 1, 1, ] | dp = [1, 1, 2, 2, 2, 2, 1, 1, 1, 1, 1, 1, ] | algo = [0, 0, 0, 0, 0, 0, 0, 0, 0, 0, 0, 0, ] | rc = [10, 8, 16, 14, 12, 12, 4, 4, 2, 0, 0, 0] | gpus = [1, 1, 2, 2, 2, 2, 1, 1, 1, 1, 1, 1] | micro_bs = 2 | time = [34713, 32294, 32914, 30861, 33273, 35111, 34629, 34610, 33352, 32840, 34014, 32335] | memory = [27714, 24449, 27137, 26537, 26624, 26976, 25952, 23680, 25152, 27808, 19680, 13360]
>>>> [CONFIG: target(0), prim(dec_op)]
|35108.22|27808.37| op = [25, 26, 52, 52, 48, 52, 29, 28, 29, 30, 30, 18]| tp = [1, 1, 1, 1, 1, 1, 1, 1, 1, 1, 1, 1, ] | dp = [1, 1, 2, 2, 2, 2, 1, 1, 1, 1, 1, 1, ] | algo = [0, 0, 0, 0, 0, 0, 0, 0, 0, 0, 0, 0, ] | rc = [8, 8, 16, 16, 12, 12, 4, 4, 2, 0, 0, 0] | gpus = [1, 1, 2, 2, 2, 2, 1, 1, 1, 1, 1, 1] | micro_bs = 2 | time = [30129, 32692, 33156, 33156, 33270, 35108, 34626, 34606, 33349, 32837, 34011, 32332] | memory = [26881, 25505, 27617, 26321, 26624, 26976, 25952, 23680, 25152, 27808, 19680, 13360]

num_targets: [1, 1, 1, 1, 2]
num_hops: [1, 1, 6, 1, 1]
search time = 200.06 s.  [0, 1, 2, 3, 4, 40, 204] 
num_explored_cases = 13867
time trend: [95330, 94437, 40899, 39877, 35111, 35108, 35108]

working on num_stages = 14
config has been saved to /home/liminglong.lml/sxz/SuperScaler/logs-large/aceso/configs/gpt/6_7B/gpt_6_7B_14stages_2026-5-14-6-1-41.json

========== Best Result (num_stages = 14) ==========
|34724.69|27904.87| op = [25, 26, 26, 26, 52, 49, 27, 27, 27, 27, 29, 30, 30, 18]| tp = [1, 1, 1, 1, 1, 1, 1, 1, 1, 1, 1, 1, 1, 1, ] | dp = [1, 1, 1, 1, 2, 2, 1, 1, 1, 1, 1, 1, 1, 1, ] | algo = [0, 0, 0, 0, 0, 0, 0, 0, 0, 0, 0, 0, 0, 0, ] | rc = [10, 10, 8, 8, 16, 14, 6, 4, 4, 4, 2, 0, 0, 0] | gpus = [1, 1, 1, 1, 2, 2, 1, 1, 1, 1, 1, 1, 1, 1] | micro_bs = 2 | time = [31534, 34097, 32815, 32815, 33278, 32410, 34724, 34434, 31741, 34429, 33472, 32960, 34134, 32455] | memory = [27457, 26593, 26881, 25505, 27617, 26177, 24705, 27904, 25024, 23040, 25152, 27808, 19680, 13360]
start|90604.58|27312.58| op = [29, 29, 29, 29, 29, 29, 29, 29, 29, 29, 29, 29, 29, 42]| tp = [2, 2, 1, 1, 1, 1, 1, 1, 1, 1, 1, 1, 1, 1, ] | dp = [1, 1, 1, 1, 1, 1, 1, 1, 1, 1, 1, 1, 1, 1, ] | algo = [0, 0, 0, 0, 0, 0, 0, 0, 0, 0, 0, 0, 0, 0, ] | rc = [0, 0, 4, 4, 4, 4, 4, 0, 0, 0, 0, 0, 0, 0] | gpus = [2, 2, 1, 1, 1, 1, 1, 1, 1, 1, 1, 1, 1, 1] | micro_bs = 1 | time = [43670, 38042, 34489, 35601, 35544, 90604, 88903, 34013, 34124, 34910, 33722, 31314, 37062, 58128] | memory = [24201, 25864, 25824, 23104, 21584, 27312, 24384, 25304, 23184, 21232, 20032, 14760, 14368, 17848]

[ Trial 0 ] |90604.58|27312.58| op = [29, 29, 29, 29, 29, 29, 29, 29, 29, 29, 29, 29, 29, 42]| tp = [2, 2, 1, 1, 1, 1, 1, 1, 1, 1, 1, 1, 1, 1, ] | dp = [1, 1, 1, 1, 1, 1, 1, 1, 1, 1, 1, 1, 1, 1, ] | algo = [0, 0, 0, 0, 0, 0, 0, 0, 0, 0, 0, 0, 0, 0, ] | rc = [0, 0, 4, 4, 4, 4, 4, 0, 0, 0, 0, 0, 0, 0] | gpus = [2, 2, 1, 1, 1, 1, 1, 1, 1, 1, 1, 1, 1, 1] | micro_bs = 1 | time = [43670, 38042, 34489, 35601, 35544, 90604, 88903, 34013, 34124, 34910, 33722, 31314, 37062, 58128] | memory = [24201, 25864, 25824, 23104, 21584, 27312, 24384, 25304, 23184, 21232, 20032, 14760, 14368, 17848]
>>>> [CONFIG: target(5), prim(inc_tp)]
|88875.70|25864.83| op = [29, 29, 29, 29, 29, 29, 29, 29, 29, 29, 29, 29, 29, 42]| tp = [1, 2, 1, 1, 1, 2, 1, 1, 1, 1, 1, 1, 1, 1, ] | dp = [1, 1, 1, 1, 1, 1, 1, 1, 1, 1, 1, 1, 1, 1, ] | algo = [0, 0, 0, 0, 0, 0, 0, 0, 0, 0, 0, 0, 0, 0, ] | rc = [6, 0, 4, 4, 4, 0, 4, 0, 0, 0, 0, 0, 0, 0] | gpus = [1, 2, 1, 1, 1, 2, 1, 1, 1, 1, 1, 1, 1, 1] | micro_bs = 1 | time = [36847, 38014, 34461, 35573, 35516, 68476, 88875, 33985, 34096, 34882, 33694, 31286, 37034, 58099] | memory = [25681, 25864, 25824, 23104, 21584, 16984, 24384, 25304, 23184, 21232, 20032, 14760, 14368, 17848]

[ Trial 1 ] |88875.70|25864.83| op = [29, 29, 29, 29, 29, 29, 29, 29, 29, 29, 29, 29, 29, 42]| tp = [1, 2, 1, 1, 1, 2, 1, 1, 1, 1, 1, 1, 1, 1, ] | dp = [1, 1, 1, 1, 1, 1, 1, 1, 1, 1, 1, 1, 1, 1, ] | algo = [0, 0, 0, 0, 0, 0, 0, 0, 0, 0, 0, 0, 0, 0, ] | rc = [6, 0, 4, 4, 4, 0, 4, 0, 0, 0, 0, 0, 0, 0] | gpus = [1, 2, 1, 1, 1, 2, 1, 1, 1, 1, 1, 1, 1, 1] | micro_bs = 1 | time = [36847, 38014, 34461, 35573, 35516, 68476, 88875, 33985, 34096, 34882, 33694, 31286, 37034, 58099] | memory = [25681, 25864, 25824, 23104, 21584, 16984, 24384, 25304, 23184, 21232, 20032, 14760, 14368, 17848]
>>>> [CONFIG: target(6), prim(inc_mbs)]
|85219.81|27808.83| op = [29, 29, 29, 29, 29, 29, 29, 29, 29, 29, 29, 29, 29, 42]| tp = [1, 1, 1, 1, 1, 1, 1, 1, 1, 1, 1, 1, 1, 1, ] | dp = [1, 2, 1, 1, 1, 2, 1, 1, 1, 1, 1, 1, 1, 1, ] | algo = [0, 0, 0, 0, 0, 0, 0, 0, 0, 0, 0, 0, 0, 0, ] | rc = [15, 9, 16, 10, 8, 4, 10, 6, 4, 7, 4, 0, 0, 0] | gpus = [1, 2, 1, 1, 1, 2, 1, 1, 1, 1, 1, 1, 1, 1] | micro_bs = 2 | time = [42072, 19402, 40064, 37690, 36321, 46047, 85219, 35643, 35019, 36961, 34741, 30946, 36475, 57243] | memory = [27778, 27808, 27233, 26881, 26273, 27312, 25472, 25393, 26528, 26336, 25856, 23120, 20544, 22768]

[ Trial 2 ] |85219.81|27808.83| op = [29, 29, 29, 29, 29, 29, 29, 29, 29, 29, 29, 29, 29, 42]| tp = [1, 1, 1, 1, 1, 1, 1, 1, 1, 1, 1, 1, 1, 1, ] | dp = [1, 2, 1, 1, 1, 2, 1, 1, 1, 1, 1, 1, 1, 1, ] | algo = [0, 0, 0, 0, 0, 0, 0, 0, 0, 0, 0, 0, 0, 0, ] | rc = [15, 9, 16, 10, 8, 4, 10, 6, 4, 7, 4, 0, 0, 0] | gpus = [1, 2, 1, 1, 1, 2, 1, 1, 1, 1, 1, 1, 1, 1] | micro_bs = 2 | time = [42072, 19402, 40064, 37690, 36321, 46047, 85219, 35643, 35019, 36961, 34741, 30946, 36475, 57243] | memory = [27778, 27808, 27233, 26881, 26273, 27312, 25472, 25393, 26528, 26336, 25856, 23120, 20544, 22768]
>>>> [CONFIG: target(6), prim(dec_op)]
|40608.39|27985.14| op = [25, 48, 25, 22, 25, 40, 23, 29, 30, 30, 30, 31, 35, 26]| tp = [1, 1, 1, 1, 1, 1, 1, 1, 1, 1, 1, 1, 1, 1, ] | dp = [1, 2, 1, 1, 1, 2, 1, 1, 1, 1, 1, 1, 1, 1, ] | algo = [0, 0, 0, 0, 0, 0, 0, 0, 0, 0, 0, 0, 0, 0, ] | rc = [10, 17, 8, 4, 6, 6, 4, 4, 6, 4, 2, 2, 0, 0] | gpus = [1, 2, 1, 1, 1, 2, 1, 1, 1, 1, 1, 1, 1, 1] | micro_bs = 2 | time = [31560, 31710, 31601, 27886, 29140, 31337, 39553, 34225, 35167, 35614, 34339, 36326, 40608, 40003] | memory = [27457, 27593, 25089, 24097, 27201, 27680, 26624, 27985, 27328, 23856, 26048, 26368, 22144, 16544]

[ Trial 3 ] |40608.39|27985.14| op = [25, 48, 25, 22, 25, 40, 23, 29, 30, 30, 30, 31, 35, 26]| tp = [1, 1, 1, 1, 1, 1, 1, 1, 1, 1, 1, 1, 1, 1, ] | dp = [1, 2, 1, 1, 1, 2, 1, 1, 1, 1, 1, 1, 1, 1, ] | algo = [0, 0, 0, 0, 0, 0, 0, 0, 0, 0, 0, 0, 0, 0, ] | rc = [10, 17, 8, 4, 6, 6, 4, 4, 6, 4, 2, 2, 0, 0] | gpus = [1, 2, 1, 1, 1, 2, 1, 1, 1, 1, 1, 1, 1, 1] | micro_bs = 2 | time = [31560, 31710, 31601, 27886, 29140, 31337, 39553, 34225, 35167, 35614, 34339, 36326, 40608, 40003] | memory = [27457, 27593, 25089, 24097, 27201, 27680, 26624, 27985, 27328, 23856, 26048, 26368, 22144, 16544]
>>>> [CONFIG: target(12), prim(dec_op)]
|46428.01|27593.46| op = [25, 48, 25, 22, 25, 48, 26, 28, 29, 30, 31, 30, 31, 21]| tp = [1, 1, 1, 1, 1, 1, 1, 1, 1, 1, 1, 1, 1, 1, ] | dp = [1, 2, 1, 1, 1, 2, 1, 1, 1, 1, 1, 1, 1, 1, ] | algo = [0, 0, 0, 0, 0, 0, 0, 0, 0, 0, 0, 0, 0, 0, ] | rc = [10, 17, 8, 4, 6, 14, 6, 6, 4, 6, 2, 0, 0, 0] | gpus = [1, 2, 1, 1, 1, 2, 1, 1, 1, 1, 1, 1, 1, 1] | micro_bs = 2 | time = [31566, 31716, 31607, 27893, 29146, 38204, 46428, 35449, 34231, 35174, 35194, 36166, 33832, 35795] | memory = [27457, 27593, 25089, 24097, 27201, 25961, 25473, 25729, 25504, 24416, 26432, 25232, 21760, 14496]
>>>> [CONFIG: target(6), prim(dec_mbs)]
|75719.40|26240.76| op = [25, 48, 25, 22, 25, 48, 26, 28, 29, 30, 31, 30, 31, 21]| tp = [1, 2, 1, 1, 1, 2, 1, 1, 1, 1, 1, 1, 1, 1, ] | dp = [1, 1, 1, 1, 1, 1, 1, 1, 1, 1, 1, 1, 1, 1, ] | algo = [0, 0, 0, 0, 0, 0, 0, 0, 0, 0, 0, 0, 0, 0, ] | rc = [4, 8, 4, 0, 2, 2, 0, 0, 0, 0, 0, 0, 0, 0] | gpus = [1, 2, 1, 1, 1, 2, 1, 1, 1, 1, 1, 1, 1, 1] | micro_bs = 1 | time = [29824, 68202, 30752, 26850, 28241, 75719, 45282, 33952, 33277, 33587, 35074, 36833, 34411, 36311] | memory = [25761, 23369, 21376, 23440, 24352, 25993, 26240, 25472, 22544, 23344, 18656, 16584, 14080, 11392]
>>>> [CONFIG: target(5), prim(dec_tp)]
|75176.24|26240.76| op = [25, 48, 25, 22, 25, 48, 26, 28, 29, 30, 31, 30, 31, 21]| tp = [1, 2, 1, 1, 2, 1, 1, 1, 1, 1, 1, 1, 1, 1, ] | dp = [1, 1, 1, 1, 1, 1, 1, 1, 1, 1, 1, 1, 1, 1, ] | algo = [0, 0, 0, 0, 0, 0, 0, 0, 0, 0, 0, 0, 0, 0, ] | rc = [4, 8, 4, 0, 0, 14, 0, 0, 0, 0, 0, 0, 0, 0] | gpus = [1, 2, 1, 1, 2, 1, 1, 1, 1, 1, 1, 1, 1, 1] | micro_bs = 1 | time = [29828, 68205, 30756, 26853, 32290, 75176, 45286, 33956, 33281, 33591, 35077, 36836, 34414, 36314] | memory = [25761, 23369, 21376, 23440, 15968, 25961, 26240, 25472, 22544, 23344, 18656, 16584, 14080, 11392]
>>>> [CONFIG: target(5), prim(dec_op)]
|45370.16|27904.51| op = [25, 29, 34, 32, 25, 34, 28, 30, 33, 31, 34, 31, 32, 21]| tp = [1, 2, 1, 1, 2, 1, 1, 1, 1, 1, 1, 1, 1, 1, ] | dp = [1, 1, 1, 1, 1, 1, 1, 1, 1, 1, 1, 1, 1, 1, ] | algo = [0, 0, 0, 0, 0, 0, 0, 0, 0, 0, 0, 0, 0, 0, ] | rc = [4, 0, 6, 4, 0, 6, 0, 0, 0, 0, 0, 0, 0, 0] | gpus = [1, 2, 1, 1, 2, 1, 1, 1, 1, 1, 1, 1, 1, 1] | micro_bs = 1 | time = [29802, 40600, 39552, 41655, 32264, 45370, 39715, 36811, 34721, 37295, 37307, 37295, 36976, 36289] | memory = [25761, 21801, 27360, 26040, 15968, 22776, 27904, 26408, 27120, 21912, 21472, 16936, 14880, 11392]
>>>> [CONFIG: target(5), prim(dec_op)]
|42784.62|27904.51| op = [25, 29, 34, 32, 26, 33, 28, 30, 33, 31, 34, 31, 32, 21]| tp = [1, 2, 1, 1, 2, 1, 1, 1, 1, 1, 1, 1, 1, 1, ] | dp = [1, 1, 1, 1, 1, 1, 1, 1, 1, 1, 1, 1, 1, 1, ] | algo = [0, 0, 0, 0, 0, 0, 0, 0, 0, 0, 0, 0, 0, 0, ] | rc = [4, 0, 6, 4, 0, 6, 0, 0, 0, 0, 0, 0, 0, 0] | gpus = [1, 2, 1, 1, 2, 1, 1, 1, 1, 1, 1, 1, 1, 1] | micro_bs = 1 | time = [29804, 40601, 39553, 41656, 36195, 42784, 39716, 36812, 34722, 37296, 37309, 37296, 36977, 36290] | memory = [25761, 21801, 27360, 26040, 16592, 21864, 27904, 26408, 27120, 21912, 21472, 16936, 14880, 11392]
>>>> [CONFIG: target(5), prim(inc_mbs)]
|47144.01|27776.99| op = [25, 29, 34, 32, 26, 33, 28, 30, 33, 31, 34, 31, 32, 21]| tp = [1, 1, 1, 1, 1, 1, 1, 1, 1, 1, 1, 1, 1, 1, ] | dp = [1, 2, 1, 1, 2, 1, 1, 1, 1, 1, 1, 1, 1, 1, ] | algo = [0, 0, 0, 0, 0, 0, 0, 0, 0, 0, 0, 0, 0, 0, ] | rc = [10, 4, 14, 15, 2, 12, 6, 6, 8, 4, 6, 0, 0, 0] | gpus = [1, 2, 1, 1, 2, 1, 1, 1, 1, 1, 1, 1, 1, 1] | micro_bs = 2 | time = [31606, 18410, 42977, 47144, 16232, 44306, 41371, 38348, 37055, 38107, 38980, 36652, 36485, 35835] | memory = [27457, 25353, 27425, 27185, 25600, 24017, 27776, 26833, 25696, 25264, 23104, 25680, 22592, 14496]
>>>> [CONFIG: target(3), prim(dec_op)]
|36416.53|27673.46| op = [25, 47, 26, 26, 52, 28, 23, 27, 26, 28, 28, 30, 32, 21]| tp = [1, 1, 1, 1, 1, 1, 1, 1, 1, 1, 1, 1, 1, 1, ] | dp = [1, 2, 1, 1, 2, 1, 1, 1, 1, 1, 1, 1, 1, 1, ] | algo = [0, 0, 0, 0, 0, 0, 0, 0, 0, 0, 0, 0, 0, 0, ] | rc = [10, 16, 8, 8, 16, 6, 9, 6, 4, 4, 2, 0, 0, 0] | gpus = [1, 2, 1, 1, 2, 1, 1, 1, 1, 1, 1, 1, 1, 1] | micro_bs = 2 | time = [31538, 30788, 32418, 32418, 33037, 35561, 35523, 33610, 31043, 31967, 33802, 33590, 36416, 35767] | memory = [27457, 27673, 25729, 24449, 27137, 27473, 27392, 26720, 23680, 22032, 25216, 24560, 22592, 14496]

[ Trial 4 ] |36416.53|27673.46| op = [25, 47, 26, 26, 52, 28, 23, 27, 26, 28, 28, 30, 32, 21]| tp = [1, 1, 1, 1, 1, 1, 1, 1, 1, 1, 1, 1, 1, 1, ] | dp = [1, 2, 1, 1, 2, 1, 1, 1, 1, 1, 1, 1, 1, 1, ] | algo = [0, 0, 0, 0, 0, 0, 0, 0, 0, 0, 0, 0, 0, 0, ] | rc = [10, 16, 8, 8, 16, 6, 9, 6, 4, 4, 2, 0, 0, 0] | gpus = [1, 2, 1, 1, 2, 1, 1, 1, 1, 1, 1, 1, 1, 1] | micro_bs = 2 | time = [31538, 30788, 32418, 32418, 33037, 35561, 35523, 33610, 31043, 31967, 33802, 33590, 36416, 35767] | memory = [27457, 27673, 25729, 24449, 27137, 27473, 27392, 26720, 23680, 22032, 25216, 24560, 22592, 14496]
>>>> [CONFIG: target(12), prim(dec_op)]
|35554.92|27904.87| op = [25, 47, 26, 26, 52, 28, 27, 27, 27, 27, 29, 30, 30, 18]| tp = [1, 1, 1, 1, 1, 1, 1, 1, 1, 1, 1, 1, 1, 1, ] | dp = [1, 2, 1, 1, 2, 1, 1, 1, 1, 1, 1, 1, 1, 1, ] | algo = [0, 0, 0, 0, 0, 0, 0, 0, 0, 0, 0, 0, 0, 0, ] | rc = [10, 16, 8, 8, 16, 6, 6, 4, 4, 4, 2, 0, 0, 0] | gpus = [1, 2, 1, 1, 2, 1, 1, 1, 1, 1, 1, 1, 1, 1] | micro_bs = 2 | time = [31531, 30781, 32412, 32412, 33031, 35554, 34722, 34432, 31739, 34426, 33469, 32957, 34131, 32452] | memory = [27457, 27673, 25729, 24449, 27137, 27473, 24705, 27904, 25024, 23040, 25152, 27808, 19680, 13360]

[ Trial 5 ] |35554.92|27904.87| op = [25, 47, 26, 26, 52, 28, 27, 27, 27, 27, 29, 30, 30, 18]| tp = [1, 1, 1, 1, 1, 1, 1, 1, 1, 1, 1, 1, 1, 1, ] | dp = [1, 2, 1, 1, 2, 1, 1, 1, 1, 1, 1, 1, 1, 1, ] | algo = [0, 0, 0, 0, 0, 0, 0, 0, 0, 0, 0, 0, 0, 0, ] | rc = [10, 16, 8, 8, 16, 6, 6, 4, 4, 4, 2, 0, 0, 0] | gpus = [1, 2, 1, 1, 2, 1, 1, 1, 1, 1, 1, 1, 1, 1] | micro_bs = 2 | time = [31531, 30781, 32412, 32412, 33031, 35554, 34722, 34432, 31739, 34426, 33469, 32957, 34131, 32452] | memory = [27457, 27673, 25729, 24449, 27137, 27473, 24705, 27904, 25024, 23040, 25152, 27808, 19680, 13360]
>>>> [CONFIG: target(5), prim(inc_dp)]
|72177.05|27904.87| op = [25, 47, 26, 26, 52, 28, 27, 27, 27, 27, 29, 30, 30, 18]| tp = [1, 1, 1, 1, 1, 1, 1, 1, 1, 1, 1, 1, 1, 1, ] | dp = [1, 1, 1, 1, 2, 2, 1, 1, 1, 1, 1, 1, 1, 1, ] | algo = [0, 0, 0, 0, 0, 0, 0, 0, 0, 0, 0, 0, 0, 0, ] | rc = [10, 44, 8, 8, 16, 2, 6, 4, 4, 4, 2, 0, 0, 0] | gpus = [1, 1, 1, 1, 2, 2, 1, 1, 1, 1, 1, 1, 1, 1] | micro_bs = 2 | time = [31578, 72177, 32458, 32458, 33077, 18046, 34768, 34478, 31785, 34473, 33516, 33004, 34178, 32499] | memory = [27457, 22848, 25729, 24449, 27137, 24168, 24705, 27904, 25024, 23040, 25152, 27808, 19680, 13360]
>>>> [CONFIG: target(1), prim(dec_op)]
|34724.69|27904.87| op = [25, 26, 26, 26, 52, 49, 27, 27, 27, 27, 29, 30, 30, 18]| tp = [1, 1, 1, 1, 1, 1, 1, 1, 1, 1, 1, 1, 1, 1, ] | dp = [1, 1, 1, 1, 2, 2, 1, 1, 1, 1, 1, 1, 1, 1, ] | algo = [0, 0, 0, 0, 0, 0, 0, 0, 0, 0, 0, 0, 0, 0, ] | rc = [10, 10, 8, 8, 16, 14, 6, 4, 4, 4, 2, 0, 0, 0] | gpus = [1, 1, 1, 1, 2, 2, 1, 1, 1, 1, 1, 1, 1, 1] | micro_bs = 2 | time = [31534, 34097, 32815, 32815, 33278, 32410, 34724, 34434, 31741, 34429, 33472, 32960, 34134, 32455] | memory = [27457, 26593, 26881, 25505, 27617, 26177, 24705, 27904, 25024, 23040, 25152, 27808, 19680, 13360]

num_targets: [1, 1, 1, 1, 1, 1]
num_hops: [1, 1, 1, 7, 1, 2]
search time = 200.07 s.  [0, 1, 2, 3, 9, 10, 11, 205] 
num_explored_cases = 13260
time trend: [90604, 88875, 85219, 40608, 36416, 35554, 34724, 34724]

# of stages	est_iteration_time(s)	est_thpt(samples/s)	est_mem(MB)	# of explored cases
10         	33.63                	30.44              	27617      	16331              
8          	33.93                	30.18              	27905      	18987              
16         	33.94                	30.17              	27969      	9430               

overall search time: 200.14 s
