------------------------ arguments ------------------------
  adaptive_hyper_parameters ....................... 5
  add_action_finetune_algo ........................ False
  add_action_finetune_dim ......................... False
  add_action_tp_dp_exchange ....................... False
  add_action_tune_tp_dp ........................... False
  check_recompute_with_group ...................... False
  config_save_path ................................ /home/liminglong.lml/sxz/SuperScaler/logs-large/aceso/configs/mbs/2048/
  config_suffix ................................... 2026-5-15-13-21-40
  consider_collective_memory ...................... False
  consider_reserved_space ......................... True
  consider_shared_space ........................... True
  continue_when_fail .............................. True
  decoder_seq_len ................................. 512
  end_num_stages .................................. 8
  finetune_after_trial ............................ 0
  finetune_tp_dp_after_trial ...................... False
  flex_recompute .................................. True
  forbid_turn_back ................................ False
  global_batch_size ............................... 2048
  high_memory_rate ................................ 0.9
  init_dim ........................................ tp
  initial_point ................................... balance
  log_path ........................................ /home/liminglong.lml/sxz/SuperScaler/logs-large/aceso/search/mbs/2048/
  max_num_hops .................................... 7
  max_num_trials .................................. 100
  max_op_move_steps ............................... 5
  max_tp .......................................... 8
  memory_limit .................................... 48000
  memory_main_params .............................. 2
  memory_optimizer ................................ 4
  memory_pred_type ................................ MAX
  micro_batch_size ................................ [1, 2, 4, 8]
  min_mbs ......................................... 1
  model_name ...................................... gpt
  model_size ...................................... 2_6B
  multi_process ................................... True
  num_algos ....................................... 2
  num_gpus ........................................ 8
  num_gpus_per_node ............................... 8
  num_layers ...................................... 32
  num_nodes ....................................... 1
  num_of_saved_configs ............................ 3
  num_partners_in_op_mig .......................... 1
  only_top_1_target ............................... False
  op_group_size ................................... 1
  peak_mem_in_backward ............................ 0
  predict_delta_time .............................. False
  print_debug_info ................................ False
  print_gpu_mig_details ........................... False
  print_move_op_details ........................... False
  print_recomp_debug_info ......................... False
  print_recompute_ops ............................. False
  profiled_time_path .............................. /home/liminglong.lml/sxz/SuperScaler/profiler/profiled-time-eurosys/
  random_order_actions ............................ False
  resharding ...................................... True
  save_to_csv ..................................... None
  seq_len ......................................... 2048
  simple_prim_mbs ................................. False
  simple_prim_mig ................................. False
  sort_metric ..................................... max_stage_time
  start_num_stages ................................ 1
  support_comm_predict ............................ False
  time_budget_per_trial ........................... 200
  time_budget_total ............................... 200
-------------------- end of arguments ---------------------
Starting CEGIS search with 1 to 8 stages...
working on num_stages = 1
start|93037.82|49713.10| op = [419]| tp = [1, ] | dp = [8, ] | algo = [0, ] | rc = [417] | gpus = [8] | micro_bs = 8 | time = [93037] | memory = [49713]
line146:config.memory_list:[49713.097]
line147:config.time_list:[93037.82125849593]
------------------------------------------------------------------------------------------------------
cegis_search for the 0th times
开始求解check...
line351:
tp_list[2, 2, 2, 2, 2, 2, 2, 2, 2, 2, 2, 2, 2, 2, 2, 2, 2, 2, 2, 2, 2, 2, 2, 2, 2, 2, 2, 2, 2, 2, 2, 2, 2, 2, 2, 2, 2, 2, 2, 2, 2, 2, 2, 2, 2, 2, 2, 2, 2, 2, 2, 2, 2, 2, 2, 2, 2, 2, 2, 2, 2, 2, 2, 2, 2, 2, 2, 2, 2, 2, 2, 2, 2, 2, 2, 2, 2, 2, 2, 2, 2, 2, 2, 2, 2, 2, 2, 2, 2, 2, 2, 2, 2, 2, 2, 2, 2, 2, 2, 2, 2, 2, 2, 2, 2, 2, 2, 2, 2, 2, 2, 2, 2, 2, 2, 2, 2, 2, 2, 2, 2, 2, 2, 2, 2, 2, 2, 2, 2, 2, 2, 2, 2, 2, 2, 2, 2, 2, 2, 2, 2, 2, 2, 2, 2, 2, 2, 2, 2, 2, 2, 2, 2, 2, 2, 2, 2, 2, 2, 2, 2, 2, 2, 2, 2, 2, 2, 2, 2, 2, 2, 2, 2, 2, 2, 2, 2, 2, 2, 2, 2, 2, 2, 2, 2, 2, 2, 2, 2, 2, 2, 2, 2, 2, 2, 2, 2, 2, 2, 2, 2, 2, 2, 2, 2, 2, 2, 2, 2, 2, 2, 2, 2, 2, 2, 2, 2, 2, 2, 2, 2, 2, 2, 2, 2, 2, 2, 2, 2, 2, 2, 2, 2, 2, 2, 2, 2, 2, 2, 2, 2, 2, 2, 2, 2, 2, 2, 2, 2, 2, 2, 2, 2, 2, 2, 2, 2, 2, 2, 2, 2, 2, 2, 2, 2, 2, 2, 2, 2, 2, 2, 2, 2, 2, 2, 2, 2, 2, 2, 2, 2, 2, 2, 2, 2, 2, 2, 2, 2, 2, 2, 2, 2, 2, 2, 2, 2, 2, 2, 2, 2, 2, 2, 2, 2, 2, 2, 2, 2, 2, 2, 2, 2, 2, 2, 2, 2, 2, 2, 2, 2, 2, 2, 2, 2, 2, 2, 2, 2, 2, 2, 2, 2, 2, 2, 2, 2, 2, 2, 2, 2, 2, 2, 2, 2, 2, 2, 2, 2, 2, 2, 2, 2, 2, 2, 2, 2, 2, 2, 2, 2, 2, 2, 2, 2, 2, 2, 2, 2, 2, 2, 2, 2, 2, 2, 2, 2, 2, 2, 2, 2, 2, 2, 2, 2, 2, 2, 2, 2, 2, 2, 2, 2, 2, 2, 2, 2, 2, 2, 2, 2, 2, 2, 2, 2, 2, 2, 2, 2, 2, 2, 2, 2, 2, 2, 2, 2, 2, 2]
dp_list[4, 4, 4, 4, 4, 4, 4, 4, 4, 4, 4, 4, 4, 4, 4, 4, 4, 4, 4, 4, 4, 4, 4, 4, 4, 4, 4, 4, 4, 4, 4, 4, 4, 4, 4, 4, 4, 4, 4, 4, 4, 4, 4, 4, 4, 4, 4, 4, 4, 4, 4, 4, 4, 4, 4, 4, 4, 4, 4, 4, 4, 4, 4, 4, 4, 4, 4, 4, 4, 4, 4, 4, 4, 4, 4, 4, 4, 4, 4, 4, 4, 4, 4, 4, 4, 4, 4, 4, 4, 4, 4, 4, 4, 4, 4, 4, 4, 4, 4, 4, 4, 4, 4, 4, 4, 4, 4, 4, 4, 4, 4, 4, 4, 4, 4, 4, 4, 4, 4, 4, 4, 4, 4, 4, 4, 4, 4, 4, 4, 4, 4, 4, 4, 4, 4, 4, 4, 4, 4, 4, 4, 4, 4, 4, 4, 4, 4, 4, 4, 4, 4, 4, 4, 4, 4, 4, 4, 4, 4, 4, 4, 4, 4, 4, 4, 4, 4, 4, 4, 4, 4, 4, 4, 4, 4, 4, 4, 4, 4, 4, 4, 4, 4, 4, 4, 4, 4, 4, 4, 4, 4, 4, 4, 4, 4, 4, 4, 4, 4, 4, 4, 4, 4, 4, 4, 4, 4, 4, 4, 4, 4, 4, 4, 4, 4, 4, 4, 4, 4, 4, 4, 4, 4, 4, 4, 4, 4, 4, 4, 4, 4, 4, 4, 4, 4, 4, 4, 4, 4, 4, 4, 4, 4, 4, 4, 4, 4, 4, 4, 4, 4, 4, 4, 4, 4, 4, 4, 4, 4, 4, 4, 4, 4, 4, 4, 4, 4, 4, 4, 4, 4, 4, 4, 4, 4, 4, 4, 4, 4, 4, 4, 4, 4, 4, 4, 4, 4, 4, 4, 4, 4, 4, 4, 4, 4, 4, 4, 4, 4, 4, 4, 4, 4, 4, 4, 4, 4, 4, 4, 4, 4, 4, 4, 4, 4, 4, 4, 4, 4, 4, 4, 4, 4, 4, 4, 4, 4, 4, 4, 4, 4, 4, 4, 4, 4, 4, 4, 4, 4, 4, 4, 4, 4, 4, 4, 4, 4, 4, 4, 4, 4, 4, 4, 4, 4, 4, 4, 4, 4, 4, 4, 4, 4, 4, 4, 4, 4, 4, 4, 4, 4, 4, 4, 4, 4, 4, 4, 4, 4, 4, 4, 4, 4, 4, 4, 4, 4, 4, 4, 4, 4, 4, 4, 4, 4, 4, 4, 4, 4, 4, 4, 4, 4, 4, 4, 4, 4, 4, 4, 4, 4, 4, 4, 4, 4, 4, 4, 4, 4]
algo_list[0, 0, 0, 0, 0, 0, 0, 0, 0, 0, 0, 0, 0, 0, 0, 0, 0, 0, 0, 0, 0, 0, 0, 0, 0, 0, 0, 0, 0, 0, 0, 0, 0, 0, 0, 0, 0, 0, 0, 0, 0, 0, 0, 0, 0, 0, 0, 0, 0, 0, 0, 0, 0, 0, 0, 0, 0, 0, 0, 0, 0, 0, 0, 0, 0, 0, 0, 0, 0, 0, 0, 0, 0, 0, 0, 0, 0, 0, 0, 0, 0, 0, 0, 0, 0, 0, 0, 0, 0, 0, 0, 0, 0, 0, 0, 0, 0, 0, 0, 0, 0, 0, 0, 0, 0, 0, 0, 0, 0, 0, 0, 0, 0, 0, 0, 0, 0, 0, 0, 0, 0, 0, 0, 0, 0, 0, 0, 0, 0, 0, 0, 0, 0, 0, 0, 0, 0, 0, 0, 0, 0, 0, 0, 0, 0, 0, 0, 0, 0, 0, 0, 0, 0, 0, 0, 0, 0, 0, 0, 0, 0, 0, 0, 0, 0, 0, 0, 0, 0, 0, 0, 0, 0, 0, 0, 0, 0, 0, 0, 0, 0, 0, 0, 0, 0, 0, 0, 0, 0, 0, 0, 0, 0, 0, 0, 0, 0, 0, 0, 0, 0, 0, 0, 0, 0, 0, 0, 0, 0, 0, 0, 0, 0, 0, 0, 0, 0, 0, 0, 0, 0, 0, 0, 0, 0, 0, 0, 0, 0, 0, 0, 0, 0, 0, 0, 0, 0, 0, 0, 0, 0, 0, 0, 0, 0, 0, 0, 0, 0, 0, 0, 0, 0, 0, 0, 0, 0, 0, 0, 0, 0, 0, 0, 0, 0, 0, 0, 0, 0, 0, 0, 0, 0, 0, 0, 0, 0, 0, 0, 0, 0, 0, 0, 0, 0, 0, 0, 0, 0, 0, 0, 0, 0, 0, 0, 0, 0, 0, 0, 0, 0, 0, 0, 0, 0, 0, 0, 0, 0, 0, 0, 0, 0, 0, 0, 0, 0, 0, 0, 0, 0, 0, 0, 0, 0, 0, 0, 0, 0, 0, 0, 0, 0, 0, 0, 0, 0, 0, 0, 0, 0, 0, 0, 0, 0, 0, 0, 0, 0, 0, 0, 0, 0, 0, 0, 0, 0, 0, 0, 0, 0, 0, 0, 0, 0, 0, 0, 0, 0, 0, 0, 0, 0, 0, 0, 0, 0, 0, 0, 0, 0, 0, 0, 0, 0, 0, 0, 0, 0, 0, 0, 0, 0, 0, 0, 0, 0, 0, 0, 0, 0, 0, 0, 0, 0, 0, 0, 0, 0, 0, 0, 0, 0, 0, 0, 0, 0, 0, 0]

decode|181354.65|41638.09| op = [419]| tp = [2, ] | dp = [4, ] | algo = [0, ] | rc = [0] | gpus = [8] | micro_bs = 4 | time = [181354] | memory = [41638]
验证解
line146:config.memory_list:[41638.090999999986]
line147:config.time_list:[181354.6487249917]
求解成功
config has been saved to /home/liminglong.lml/sxz/SuperScaler/logs-large/aceso/configs/mbs/2048/gpt_2_6B_1stages_2026-5-15-13-21-40.json

========== Best Result (num_stages = 1) ==========
|181354.65|41638.09| op = [419]| tp = [2, ] | dp = [4, ] | algo = [0, ] | rc = [0] | gpus = [8] | micro_bs = 4 | time = [181354] | memory = [41638]
start|93037.82|49713.10| op = [419]| tp = [1, ] | dp = [8, ] | algo = [0, ] | rc = [417] | gpus = [8] | micro_bs = 8 | time = [93037] | memory = [49713]
decode|181354.65|41638.09| op = [419]| tp = [2, ] | dp = [4, ] | algo = [0, ] | rc = [0] | gpus = [8] | micro_bs = 4 | time = [181354] | memory = [41638]

num_targets: []
num_hops: []
search time = 0.00 s.  [0] 
num_explored_cases = 0
time trend: [1073741824]

stage 1 search time: 0.07 s
working on num_stages = 2
start|71114.11|47946.08| op = [210, 209]| tp = [1, 1, ] | dp = [4, 4, ] | algo = [0, 0, ] | rc = [46, 26] | gpus = [4, 4] | micro_bs = 8 | time = [69854, 71114] | memory = [47946, 43591]
line146:config.memory_list:[47946.07799999998, 43591.04299999999]
line147:config.time_list:[69854.09593917594, 71114.11467129391]
------------------------------------------------------------------------------------------------------
cegis_search for the 0th times
开始求解check...
line351:
tp_list[1, 1, 1, 1, 1, 1, 1, 1, 1, 1, 1, 1, 1, 1, 1, 1, 1, 1, 1, 1, 1, 1, 1, 1, 1, 1, 1, 1, 1, 1, 1, 1, 1, 1, 1, 1, 1, 1, 1, 1, 1, 1, 1, 1, 1, 1, 1, 1, 1, 1, 1, 1, 1, 1, 1, 1, 1, 1, 1, 1, 1, 1, 1, 1, 1, 1, 1, 1, 1, 1, 1, 1, 1, 1, 1, 1, 1, 1, 1, 1, 1, 1, 1, 1, 1, 1, 1, 1, 1, 1, 1, 1, 1, 1, 1, 1, 1, 1, 1, 1, 1, 1, 1, 1, 1, 1, 1, 1, 1, 1, 1, 1, 1, 1, 1, 1, 1, 1, 1, 1, 1, 1, 1, 1, 1, 1, 1, 1, 1, 1, 1, 1, 1, 1, 1, 1, 1, 1, 1, 1, 1, 1, 1, 1, 1, 1, 1, 1, 1, 1, 1, 1, 1, 1, 1, 1, 1, 1, 1, 1, 1, 1, 1, 1, 1, 1, 1, 1, 1, 1, 1, 1, 1, 1, 1, 1, 1, 1, 1, 1, 1, 1, 1, 1, 1, 1, 1, 1, 1, 1, 1, 1, 1, 1, 1, 1, 1, 1, 1, 1, 1, 1, 1, 1, 1, 1, 1, 1, 1, 1, 1, 1, 1, 1, 1, 1, 1, 1, 1, 1, 1, 1, 1, 1, 1, 1, 1, 1, 1, 1, 1, 1, 1, 1, 1, 1, 1, 1, 1, 1, 1, 1, 1, 1, 1, 1, 1, 1, 1, 1, 1, 1, 1, 1, 1, 1, 1, 1, 1, 1, 1, 1, 1, 1, 1, 1, 1, 1, 1, 1, 1, 1, 1, 1, 1, 1, 1, 1, 1, 1, 1, 1, 1, 1, 1, 1, 1, 1, 1, 1, 1, 1, 1, 1, 1, 1, 1, 1, 1, 1, 1, 1, 1, 1, 1, 1, 1, 1, 1, 1, 1, 1, 1, 1, 1, 1, 1, 1, 1, 1, 1, 1, 1, 1, 1, 1, 1, 1, 1, 1, 1, 1, 1, 1, 1, 1, 1, 1, 1, 1, 1, 1, 1, 1, 1, 1, 1, 1, 1, 1, 1, 1, 1, 1, 1, 1, 1, 1, 1, 1, 1, 1, 1, 1, 1, 1, 1, 1, 1, 1, 1, 1, 1, 1, 1, 1, 1, 1, 1, 1, 1, 1, 1, 1, 1, 1, 1, 1, 1, 1, 1, 1, 1, 1, 1, 1, 1, 1, 1, 1, 1, 1, 1, 1, 1, 1, 1, 1, 1, 1, 1, 1, 1, 1, 1, 1, 1, 1, 1]
dp_list[4, 4, 4, 4, 4, 4, 4, 4, 4, 4, 4, 4, 4, 4, 4, 4, 4, 4, 4, 4, 4, 4, 4, 4, 4, 4, 4, 4, 4, 4, 4, 4, 4, 4, 4, 4, 4, 4, 4, 4, 4, 4, 4, 4, 4, 4, 4, 4, 4, 4, 4, 4, 4, 4, 4, 4, 4, 4, 4, 4, 4, 4, 4, 4, 4, 4, 4, 4, 4, 4, 4, 4, 4, 4, 4, 4, 4, 4, 4, 4, 4, 4, 4, 4, 4, 4, 4, 4, 4, 4, 4, 4, 4, 4, 4, 4, 4, 4, 4, 4, 4, 4, 4, 4, 4, 4, 4, 4, 4, 4, 4, 4, 4, 4, 4, 4, 4, 4, 4, 4, 4, 4, 4, 4, 4, 4, 4, 4, 4, 4, 4, 4, 4, 4, 4, 4, 4, 4, 4, 4, 4, 4, 4, 4, 4, 4, 4, 4, 4, 4, 4, 4, 4, 4, 4, 4, 4, 4, 4, 4, 4, 4, 4, 4, 4, 4, 4, 4, 4, 4, 4, 4, 4, 4, 4, 4, 4, 4, 4, 4, 4, 4, 4, 4, 4, 4, 4, 4, 4, 4, 4, 4, 4, 4, 4, 4, 4, 4, 4, 4, 4, 4, 4, 4, 4, 4, 4, 4, 4, 4, 4, 4, 4, 4, 4, 4, 4, 4, 4, 4, 4, 4, 4, 4, 4, 4, 4, 4, 4, 4, 4, 4, 4, 4, 4, 4, 4, 4, 4, 4, 4, 4, 4, 4, 4, 4, 4, 4, 4, 4, 4, 4, 4, 4, 4, 4, 4, 4, 4, 4, 4, 4, 4, 4, 4, 4, 4, 4, 4, 4, 4, 4, 4, 4, 4, 4, 4, 4, 4, 4, 4, 4, 4, 4, 4, 4, 4, 4, 4, 4, 4, 4, 4, 4, 4, 4, 4, 4, 4, 4, 4, 4, 4, 4, 4, 4, 4, 4, 4, 4, 4, 4, 4, 4, 4, 4, 4, 4, 4, 4, 4, 4, 4, 4, 4, 4, 4, 4, 4, 4, 4, 4, 4, 4, 4, 4, 4, 4, 4, 4, 4, 4, 4, 4, 4, 4, 4, 4, 4, 4, 4, 4, 4, 4, 4, 4, 4, 4, 4, 4, 4, 4, 4, 4, 4, 4, 4, 4, 4, 4, 4, 4, 4, 4, 4, 4, 4, 4, 4, 4, 4, 4, 4, 4, 4, 4, 4, 4, 4, 4, 4, 4, 4, 4, 4, 4, 4, 4, 4, 4, 4, 4, 4, 4, 4, 4, 4, 4, 4, 4, 4, 4, 4, 4, 4, 4, 4, 4, 4]
algo_list[0, 0, 0, 0, 0, 0, 0, 0, 0, 0, 0, 0, 0, 0, 0, 0, 0, 0, 0, 0, 0, 0, 0, 0, 0, 0, 0, 0, 0, 0, 0, 0, 0, 0, 0, 0, 0, 0, 0, 0, 0, 0, 0, 0, 0, 0, 0, 0, 0, 0, 0, 0, 0, 0, 0, 0, 0, 0, 0, 0, 0, 0, 0, 0, 0, 0, 0, 0, 0, 0, 0, 0, 0, 0, 0, 0, 0, 0, 0, 0, 0, 0, 0, 0, 0, 0, 0, 0, 0, 0, 0, 0, 0, 0, 0, 0, 0, 0, 0, 0, 0, 0, 0, 0, 0, 0, 0, 0, 0, 0, 0, 0, 0, 0, 0, 0, 0, 0, 0, 0, 0, 0, 0, 0, 0, 0, 0, 0, 0, 0, 0, 0, 0, 0, 0, 0, 0, 0, 0, 0, 0, 0, 0, 0, 0, 0, 0, 0, 0, 0, 0, 0, 0, 0, 0, 0, 0, 0, 0, 0, 0, 0, 0, 0, 0, 0, 0, 0, 0, 0, 0, 0, 0, 0, 0, 0, 0, 0, 0, 0, 0, 0, 0, 0, 0, 0, 0, 0, 0, 0, 0, 0, 0, 0, 0, 0, 0, 0, 0, 0, 0, 0, 0, 0, 0, 0, 0, 0, 0, 0, 0, 0, 0, 0, 0, 0, 0, 0, 0, 0, 0, 0, 0, 0, 0, 0, 0, 0, 0, 0, 0, 0, 0, 0, 0, 0, 0, 0, 0, 0, 0, 0, 0, 0, 0, 0, 0, 0, 0, 0, 0, 0, 0, 0, 0, 0, 0, 0, 0, 0, 0, 0, 0, 0, 0, 0, 0, 0, 0, 0, 0, 0, 0, 0, 0, 0, 0, 0, 0, 0, 0, 0, 0, 0, 0, 0, 0, 0, 0, 0, 0, 0, 0, 0, 0, 0, 0, 0, 0, 0, 0, 0, 0, 0, 0, 0, 0, 0, 0, 0, 0, 0, 0, 0, 0, 0, 0, 0, 0, 0, 0, 0, 0, 0, 0, 0, 0, 0, 0, 0, 0, 0, 0, 0, 0, 0, 0, 0, 0, 0, 0, 0, 0, 0, 0, 0, 0, 0, 0, 0, 0, 0, 0, 0, 0, 0, 0, 0, 0, 0, 0, 0, 0, 0, 0, 0, 0, 0, 0, 0, 0, 0, 0, 0, 0, 0, 0, 0, 0, 0, 0, 0, 0, 0, 0, 0, 0, 0, 0, 0, 0, 0, 0, 0, 0, 0, 0, 0, 0, 0, 0, 0, 0, 0, 0, 0, 0, 0, 0, 0, 0, 0, 0, 0, 0, 0, 0, 0, 0]

decode|71114.11|47946.08| op = [210, 209]| tp = [1, 1, ] | dp = [4, 4, ] | algo = [0, 0, ] | rc = [46, 26] | gpus = [4, 4] | micro_bs = 8 | time = [69854, 71114] | memory = [47946, 43591]
验证解
line146:config.memory_list:[47946.07799999998, 43591.04299999999]
line147:config.time_list:[69854.09593917594, 71114.11467129391]
求解成功
config has been saved to /home/liminglong.lml/sxz/SuperScaler/logs-large/aceso/configs/mbs/2048/gpt_2_6B_2stages_2026-5-15-13-21-40.json

========== Best Result (num_stages = 2) ==========
|71114.11|47946.08| op = [210, 209]| tp = [1, 1, ] | dp = [4, 4, ] | algo = [0, 0, ] | rc = [46, 26] | gpus = [4, 4] | micro_bs = 8 | time = [69854, 71114] | memory = [47946, 43591]
start|71114.11|47946.08| op = [210, 209]| tp = [1, 1, ] | dp = [4, 4, ] | algo = [0, 0, ] | rc = [46, 26] | gpus = [4, 4] | micro_bs = 8 | time = [69854, 71114] | memory = [47946, 43591]
decode|71114.11|47946.08| op = [210, 209]| tp = [1, 1, ] | dp = [4, 4, ] | algo = [0, 0, ] | rc = [46, 26] | gpus = [4, 4] | micro_bs = 8 | time = [69854, 71114] | memory = [47946, 43591]

num_targets: []
num_hops: []
search time = 0.00 s.  [0] 
num_explored_cases = 0
time trend: [71114]

stage 2 search time: 0.33 s
working on num_stages = 3
start|74898.70|47861.09| op = [210, 105, 104]| tp = [1, 1, 1, ] | dp = [4, 2, 2, ] | algo = [0, 0, 0, ] | rc = [60, 16, 14] | gpus = [4, 2, 2] | micro_bs = 8 | time = [72269, 69219, 74898] | memory = [47069, 46269, 47861]
line465:max stage:2, min stage:1, max_value:74898.70271905852, min_value:69219.20578255842
fix|74947.78|47941.09| op = [210, 106, 103]| tp = [1, 1, 1, ] | dp = [4, 2, 2, ] | algo = [0, 0, 0, ] | rc = [60, 18, 13] | gpus = [4, 2, 2] | micro_bs = 8 | time = [72279, 71510, 74947] | memory = [47069, 47293, 47941]
cv:0.020201684177056284
line465:max stage:2, min stage:1, max_value:74947.77637916322, min_value:71510.66478266311
fix|73900.20|47941.09| op = [210, 107, 102]| tp = [1, 1, 1, ] | dp = [4, 2, 2, ] | algo = [0, 0, 0, ] | rc = [60, 18, 12] | gpus = [4, 2, 2] | micro_bs = 8 | time = [72277, 72246, 73900] | memory = [47069, 47293, 47941]
best|73900.20|47941.09| op = [210, 107, 102]| tp = [1, 1, 1, ] | dp = [4, 2, 2, ] | algo = [0, 0, 0, ] | rc = [60, 18, 12] | gpus = [4, 2, 2] | micro_bs = 8 | time = [72277, 72246, 73900] | memory = [47069, 47293, 47941]
line146:config.memory_list:[47069.11699999997, 47293.984000000026, 47941.09400000001]
line147:config.time_list:[72277.80788160535, 72246.88112866312, 73900.19836516322]
------------------------------------------------------------------------------------------------------
cegis_search for the 0th times
开始求解check...
line351:
tp_list[1, 1, 1, 1, 1, 1, 1, 1, 1, 1, 1, 1, 1, 1, 1, 1, 1, 1, 1, 1, 1, 1, 1, 1, 1, 1, 1, 1, 1, 1, 1, 1, 1, 1, 1, 1, 1, 1, 1, 1, 1, 1, 1, 1, 1, 1, 1, 1, 1, 1, 1, 1, 1, 1, 1, 1, 1, 1, 1, 1, 1, 1, 1, 1, 1, 1, 1, 1, 1, 1, 1, 1, 1, 1, 1, 1, 1, 1, 1, 1, 1, 1, 1, 1, 1, 1, 1, 1, 1, 1, 1, 1, 1, 1, 1, 1, 1, 1, 1, 1, 1, 1, 1, 1, 1, 1, 1, 1, 1, 1, 1, 1, 1, 1, 1, 1, 1, 1, 1, 1, 1, 1, 1, 1, 1, 1, 1, 1, 1, 1, 1, 1, 1, 1, 1, 1, 1, 1, 1, 1, 1, 1, 1, 1, 1, 1, 1, 1, 1, 1, 1, 1, 1, 1, 1, 1, 1, 1, 1, 1, 1, 1, 1, 1, 1, 1, 1, 1, 1, 1, 1, 1, 1, 1, 1, 1, 1, 1, 1, 1, 1, 1, 1, 1, 1, 1, 1, 1, 1, 1, 1, 1, 1, 1, 1, 1, 1, 1, 1, 1, 1, 1, 1, 1, 1, 1, 1, 1, 1, 1, 1, 1, 1, 1, 1, 1, 1, 1, 1, 1, 1, 1, 1, 1, 1, 1, 1, 1, 1, 1, 1, 1, 1, 1, 1, 1, 1, 1, 1, 1, 1, 1, 1, 1, 1, 1, 1, 1, 1, 1, 1, 1, 1, 1, 1, 1, 1, 1, 1, 1, 1, 1, 1, 1, 1, 1, 1, 1, 1, 1, 1, 1, 1, 1, 1, 1, 1, 1, 1, 1, 1, 1, 1, 1, 1, 1, 1, 1, 1, 1, 1, 1, 1, 1, 1, 1, 1, 1, 1, 1, 1, 1, 1, 1, 1, 1, 1, 1, 1, 1, 1, 1, 1, 1, 1, 1, 1, 1, 1, 1, 1, 1, 1, 1, 1, 1, 1, 1, 1, 1, 1, 1, 1, 1, 1, 1, 1, 1, 1, 1, 1, 1, 1, 1, 1, 1, 1, 1, 1, 1, 1, 1, 1, 1, 1, 1, 1, 1, 1, 1, 1, 1, 1, 1, 1, 1, 1, 1, 1, 1, 1, 1, 1, 1, 1, 1, 1, 1, 1, 1, 1, 1, 1, 1, 1, 1, 1, 1, 1, 1, 1, 1, 1, 1, 1, 1, 1, 1, 1, 1, 1, 1, 1, 1, 1, 1, 1, 1, 1, 1, 1, 1, 1, 1, 1, 1, 1, 1, 1]
dp_list[4, 4, 4, 4, 4, 4, 4, 4, 4, 4, 4, 4, 4, 4, 4, 4, 4, 4, 4, 4, 4, 4, 4, 4, 4, 4, 4, 4, 4, 4, 4, 4, 4, 4, 4, 4, 4, 4, 4, 4, 4, 4, 4, 4, 4, 4, 4, 4, 4, 4, 4, 4, 4, 4, 4, 4, 4, 4, 4, 4, 4, 4, 4, 4, 4, 4, 4, 4, 4, 4, 4, 4, 4, 4, 4, 4, 4, 4, 4, 4, 4, 4, 4, 4, 4, 4, 4, 4, 4, 4, 4, 4, 4, 4, 4, 4, 4, 4, 4, 4, 4, 4, 4, 4, 4, 4, 4, 4, 4, 4, 4, 4, 4, 4, 4, 4, 4, 4, 4, 4, 4, 4, 4, 4, 4, 4, 4, 4, 4, 4, 4, 4, 4, 4, 4, 4, 4, 4, 4, 4, 4, 4, 4, 4, 4, 4, 4, 4, 4, 4, 4, 4, 4, 4, 4, 4, 4, 4, 4, 4, 4, 4, 4, 4, 4, 4, 4, 4, 4, 4, 4, 4, 4, 4, 4, 4, 4, 4, 4, 4, 4, 4, 4, 4, 4, 4, 4, 4, 4, 4, 4, 4, 4, 4, 4, 4, 4, 4, 4, 4, 4, 4, 4, 4, 4, 4, 4, 4, 4, 4, 2, 2, 2, 2, 2, 2, 2, 2, 2, 2, 2, 2, 2, 2, 2, 2, 2, 2, 2, 2, 2, 2, 2, 2, 2, 2, 2, 2, 2, 2, 2, 2, 2, 2, 2, 2, 2, 2, 2, 2, 2, 2, 2, 2, 2, 2, 2, 2, 2, 2, 2, 2, 2, 2, 2, 2, 2, 2, 2, 2, 2, 2, 2, 2, 2, 2, 2, 2, 2, 2, 2, 2, 2, 2, 2, 2, 2, 2, 2, 2, 2, 2, 2, 2, 2, 2, 2, 2, 2, 2, 2, 2, 2, 2, 2, 2, 2, 2, 2, 2, 2, 2, 2, 2, 2, 2, 2, 2, 2, 2, 2, 2, 2, 2, 2, 2, 2, 2, 2, 2, 2, 2, 2, 2, 2, 2, 2, 2, 2, 2, 2, 2, 2, 2, 2, 2, 2, 2, 2, 2, 2, 2, 2, 2, 2, 2, 2, 2, 2, 2, 2, 2, 2, 2, 2, 2, 2, 2, 2, 2, 2, 2, 2, 2, 2, 2, 2, 2, 2, 2, 2, 2, 2, 2, 2, 2, 2, 2, 2, 2, 2, 2, 2, 2, 2, 2, 2, 2, 2, 2, 2, 2, 2, 2, 2, 2, 2, 2, 2, 2, 2, 2, 2, 2, 2, 2, 2, 2, 2]
algo_list[0, 0, 0, 0, 0, 0, 0, 0, 0, 0, 0, 0, 0, 0, 0, 0, 0, 0, 0, 0, 0, 0, 0, 0, 0, 0, 0, 0, 0, 0, 0, 0, 0, 0, 0, 0, 0, 0, 0, 0, 0, 0, 0, 0, 0, 0, 0, 0, 0, 0, 0, 0, 0, 0, 0, 0, 0, 0, 0, 0, 0, 0, 0, 0, 0, 0, 0, 0, 0, 0, 0, 0, 0, 0, 0, 0, 0, 0, 0, 0, 0, 0, 0, 0, 0, 0, 0, 0, 0, 0, 0, 0, 0, 0, 0, 0, 0, 0, 0, 0, 0, 0, 0, 0, 0, 0, 0, 0, 0, 0, 0, 0, 0, 0, 0, 0, 0, 0, 0, 0, 0, 0, 0, 0, 0, 0, 0, 0, 0, 0, 0, 0, 0, 0, 0, 0, 0, 0, 0, 0, 0, 0, 0, 0, 0, 0, 0, 0, 0, 0, 0, 0, 0, 0, 0, 0, 0, 0, 0, 0, 0, 0, 0, 0, 0, 0, 0, 0, 0, 0, 0, 0, 0, 0, 0, 0, 0, 0, 0, 0, 0, 0, 0, 0, 0, 0, 0, 0, 0, 0, 0, 0, 0, 0, 0, 0, 0, 0, 0, 0, 0, 0, 0, 0, 0, 0, 0, 0, 0, 0, 0, 0, 0, 0, 0, 0, 0, 0, 0, 0, 0, 0, 0, 0, 0, 0, 0, 0, 0, 0, 0, 0, 0, 0, 0, 0, 0, 0, 0, 0, 0, 0, 0, 0, 0, 0, 0, 0, 0, 0, 0, 0, 0, 0, 0, 0, 0, 0, 0, 0, 0, 0, 0, 0, 0, 0, 0, 0, 0, 0, 0, 0, 0, 0, 0, 0, 0, 0, 0, 0, 0, 0, 0, 0, 0, 0, 0, 0, 0, 0, 0, 0, 0, 0, 0, 0, 0, 0, 0, 0, 0, 0, 0, 0, 0, 0, 0, 0, 0, 0, 0, 0, 0, 0, 0, 0, 0, 0, 0, 0, 0, 0, 0, 0, 0, 0, 0, 0, 0, 0, 0, 0, 0, 0, 0, 0, 0, 0, 0, 0, 0, 0, 0, 0, 0, 0, 0, 0, 0, 0, 0, 0, 0, 0, 0, 0, 0, 0, 0, 0, 0, 0, 0, 0, 0, 0, 0, 0, 0, 0, 0, 0, 0, 0, 0, 0, 0, 0, 0, 0, 0, 0, 0, 0, 0, 0, 0, 0, 0, 0, 0, 0, 0, 0, 0, 0, 0, 0, 0, 0, 0, 0, 0, 0, 0, 0, 0, 0, 0, 0, 0, 0, 0, 0, 0, 0, 0, 0, 0]

decode|73900.20|47941.09| op = [210, 107, 102]| tp = [1, 1, 1, ] | dp = [4, 2, 2, ] | algo = [0, 0, 0, ] | rc = [60, 18, 12] | gpus = [4, 2, 2] | micro_bs = 8 | time = [72277, 72246, 73900] | memory = [47069, 47293, 47941]
验证解
line465:max stage:2, min stage:1, max_value:73900.19836516322, min_value:72246.88112866312
fix|74778.92|47941.09| op = [210, 108, 101]| tp = [1, 1, 1, ] | dp = [4, 2, 2, ] | algo = [0, 0, 0, ] | rc = [60, 23, 10] | gpus = [4, 2, 2] | micro_bs = 8 | time = [72281, 74778, 72333] | memory = [47069, 47805, 47941]
cv:0.015934020071166337
line465:max stage:1, min stage:0, max_value:74778.92156566313, min_value:72281.56309860534
fix|73687.50|47941.09| op = [211, 107, 101]| tp = [1, 1, 1, ] | dp = [4, 2, 2, ] | algo = [0, 0, 0, ] | rc = [60, 23, 10] | gpus = [4, 2, 2] | micro_bs = 8 | time = [72873, 73687, 72331] | memory = [47586, 47425, 47941]
best|73687.50|47941.09| op = [211, 107, 101]| tp = [1, 1, 1, ] | dp = [4, 2, 2, ] | algo = [0, 0, 0, ] | rc = [60, 23, 10] | gpus = [4, 2, 2] | micro_bs = 8 | time = [72873, 73687, 72331] | memory = [47586, 47425, 47941]
line146:config.memory_list:[47586.61699999997, 47425.984000000026, 47941.09400000001]
line147:config.time_list:[72873.88196118953, 73687.49641979802, 72331.30664936834]
求解成功
config has been saved to /home/liminglong.lml/sxz/SuperScaler/logs-large/aceso/configs/mbs/2048/gpt_2_6B_3stages_2026-5-15-13-21-40.json

========== Best Result (num_stages = 3) ==========
|73687.50|47941.09| op = [211, 107, 101]| tp = [1, 1, 1, ] | dp = [4, 2, 2, ] | algo = [0, 0, 0, ] | rc = [60, 23, 10] | gpus = [4, 2, 2] | micro_bs = 8 | time = [72873, 73687, 72331] | memory = [47586, 47425, 47941]
start|74898.70|47861.09| op = [210, 105, 104]| tp = [1, 1, 1, ] | dp = [4, 2, 2, ] | algo = [0, 0, 0, ] | rc = [60, 16, 14] | gpus = [4, 2, 2] | micro_bs = 8 | time = [72269, 69219, 74898] | memory = [47069, 46269, 47861]
fix|74947.78|47941.09| op = [210, 106, 103]| tp = [1, 1, 1, ] | dp = [4, 2, 2, ] | algo = [0, 0, 0, ] | rc = [60, 18, 13] | gpus = [4, 2, 2] | micro_bs = 8 | time = [72279, 71510, 74947] | memory = [47069, 47293, 47941]
fix|73900.20|47941.09| op = [210, 107, 102]| tp = [1, 1, 1, ] | dp = [4, 2, 2, ] | algo = [0, 0, 0, ] | rc = [60, 18, 12] | gpus = [4, 2, 2] | micro_bs = 8 | time = [72277, 72246, 73900] | memory = [47069, 47293, 47941]
best|73900.20|47941.09| op = [210, 107, 102]| tp = [1, 1, 1, ] | dp = [4, 2, 2, ] | algo = [0, 0, 0, ] | rc = [60, 18, 12] | gpus = [4, 2, 2] | micro_bs = 8 | time = [72277, 72246, 73900] | memory = [47069, 47293, 47941]
decode|73900.20|47941.09| op = [210, 107, 102]| tp = [1, 1, 1, ] | dp = [4, 2, 2, ] | algo = [0, 0, 0, ] | rc = [60, 18, 12] | gpus = [4, 2, 2] | micro_bs = 8 | time = [72277, 72246, 73900] | memory = [47069, 47293, 47941]
fix|74778.92|47941.09| op = [210, 108, 101]| tp = [1, 1, 1, ] | dp = [4, 2, 2, ] | algo = [0, 0, 0, ] | rc = [60, 23, 10] | gpus = [4, 2, 2] | micro_bs = 8 | time = [72281, 74778, 72333] | memory = [47069, 47805, 47941]
fix|73687.50|47941.09| op = [211, 107, 101]| tp = [1, 1, 1, ] | dp = [4, 2, 2, ] | algo = [0, 0, 0, ] | rc = [60, 23, 10] | gpus = [4, 2, 2] | micro_bs = 8 | time = [72873, 73687, 72331] | memory = [47586, 47425, 47941]
best|73687.50|47941.09| op = [211, 107, 101]| tp = [1, 1, 1, ] | dp = [4, 2, 2, ] | algo = [0, 0, 0, ] | rc = [60, 23, 10] | gpus = [4, 2, 2] | micro_bs = 8 | time = [72873, 73687, 72331] | memory = [47586, 47425, 47941]

num_targets: []
num_hops: []
search time = 0.00 s.  [0] 
num_explored_cases = 0
time trend: [74898]

stage 3 search time: 0.15 s
working on num_stages = 4
start|75181.42|47861.09| op = [105, 105, 105, 104]| tp = [1, 1, 1, 1, ] | dp = [2, 2, 2, 2, ] | algo = [0, 0, 0, 0, ] | rc = [34, 28, 16, 14] | gpus = [2, 2, 2, 2] | micro_bs = 8 | time = [73947, 71820, 69501, 75181] | memory = [47508, 47859, 46269, 47861]
line465:max stage:3, min stage:2, max_value:75181.42378010733, min_value:69501.92684360723
fix|75230.50|47941.09| op = [105, 105, 106, 103]| tp = [1, 1, 1, 1, ] | dp = [2, 2, 2, 2, ] | algo = [0, 0, 0, 0, ] | rc = [34, 28, 18, 13] | gpus = [2, 2, 2, 2] | micro_bs = 8 | time = [73956, 71829, 71793, 75230] | memory = [47508, 47859, 47293, 47941]
cv:0.019974197061401907
line465:max stage:3, min stage:2, max_value:75230.49744021204, min_value:71793.38584371193
fix|74182.92|47941.09| op = [105, 105, 107, 102]| tp = [1, 1, 1, 1, ] | dp = [2, 2, 2, 2, ] | algo = [0, 0, 0, 0, ] | rc = [34, 28, 18, 12] | gpus = [2, 2, 2, 2] | micro_bs = 8 | time = [73955, 71828, 72529, 74182] | memory = [47508, 47859, 47293, 47941]
best|74182.92|47941.09| op = [105, 105, 107, 102]| tp = [1, 1, 1, 1, ] | dp = [2, 2, 2, 2, ] | algo = [0, 0, 0, 0, ] | rc = [34, 28, 18, 12] | gpus = [2, 2, 2, 2] | micro_bs = 8 | time = [73955, 71828, 72529, 74182] | memory = [47508, 47859, 47293, 47941]
line146:config.memory_list:[47508.09200000005, 47859.162000000055, 47293.984000000026, 47941.09400000001]
line147:config.time_list:[73955.30218848106, 71828.426473272, 72529.60218971195, 74182.91942621204]
------------------------------------------------------------------------------------------------------
cegis_search for the 0th times
开始求解check...
line351:
tp_list[1, 1, 1, 1, 1, 1, 1, 1, 1, 1, 1, 1, 1, 1, 1, 1, 1, 1, 1, 1, 1, 1, 1, 1, 1, 1, 1, 1, 1, 1, 1, 1, 1, 1, 1, 1, 1, 1, 1, 1, 1, 1, 1, 1, 1, 1, 1, 1, 1, 1, 1, 1, 1, 1, 1, 1, 1, 1, 1, 1, 1, 1, 1, 1, 1, 1, 1, 1, 1, 1, 1, 1, 1, 1, 1, 1, 1, 1, 1, 1, 1, 1, 1, 1, 1, 1, 1, 1, 1, 1, 1, 1, 1, 1, 1, 1, 1, 1, 1, 1, 1, 1, 1, 1, 1, 1, 1, 1, 1, 1, 1, 1, 1, 1, 1, 1, 1, 1, 1, 1, 1, 1, 1, 1, 1, 1, 1, 1, 1, 1, 1, 1, 1, 1, 1, 1, 1, 1, 1, 1, 1, 1, 1, 1, 1, 1, 1, 1, 1, 1, 1, 1, 1, 1, 1, 1, 1, 1, 1, 1, 1, 1, 1, 1, 1, 1, 1, 1, 1, 1, 1, 1, 1, 1, 1, 1, 1, 1, 1, 1, 1, 1, 1, 1, 1, 1, 1, 1, 1, 1, 1, 1, 1, 1, 1, 1, 1, 1, 1, 1, 1, 1, 1, 1, 1, 1, 1, 1, 1, 1, 1, 1, 1, 1, 1, 1, 1, 1, 1, 1, 1, 1, 1, 1, 1, 1, 1, 1, 1, 1, 1, 1, 1, 1, 1, 1, 1, 1, 1, 1, 1, 1, 1, 1, 1, 1, 1, 1, 1, 1, 1, 1, 1, 1, 1, 1, 1, 1, 1, 1, 1, 1, 1, 1, 1, 1, 1, 1, 1, 1, 1, 1, 1, 1, 1, 1, 1, 1, 1, 1, 1, 1, 1, 1, 1, 1, 1, 1, 1, 1, 1, 1, 1, 1, 1, 1, 1, 1, 1, 1, 1, 1, 1, 1, 1, 1, 1, 1, 1, 1, 1, 1, 1, 1, 1, 1, 1, 1, 1, 1, 1, 1, 1, 1, 1, 1, 1, 1, 1, 1, 1, 1, 1, 1, 1, 1, 1, 1, 1, 1, 1, 1, 1, 1, 1, 1, 1, 1, 1, 1, 1, 1, 1, 1, 1, 1, 1, 1, 1, 1, 1, 1, 1, 1, 1, 1, 1, 1, 1, 1, 1, 1, 1, 1, 1, 1, 1, 1, 1, 1, 1, 1, 1, 1, 1, 1, 1, 1, 1, 1, 1, 1, 1, 1, 1, 1, 1, 1, 1, 1, 1, 1, 1, 1, 1, 1, 1, 1, 1, 1, 1, 1, 1, 1, 1, 1, 1, 1, 1]
dp_list[2, 2, 2, 2, 2, 2, 2, 2, 2, 2, 2, 2, 2, 2, 2, 2, 2, 2, 2, 2, 2, 2, 2, 2, 2, 2, 2, 2, 2, 2, 2, 2, 2, 2, 2, 2, 2, 2, 2, 2, 2, 2, 2, 2, 2, 2, 2, 2, 2, 2, 2, 2, 2, 2, 2, 2, 2, 2, 2, 2, 2, 2, 2, 2, 2, 2, 2, 2, 2, 2, 2, 2, 2, 2, 2, 2, 2, 2, 2, 2, 2, 2, 2, 2, 2, 2, 2, 2, 2, 2, 2, 2, 2, 2, 2, 2, 2, 2, 2, 2, 2, 2, 2, 2, 2, 2, 2, 2, 2, 2, 2, 2, 2, 2, 2, 2, 2, 2, 2, 2, 2, 2, 2, 2, 2, 2, 2, 2, 2, 2, 2, 2, 2, 2, 2, 2, 2, 2, 2, 2, 2, 2, 2, 2, 2, 2, 2, 2, 2, 2, 2, 2, 2, 2, 2, 2, 2, 2, 2, 2, 2, 2, 2, 2, 2, 2, 2, 2, 2, 2, 2, 2, 2, 2, 2, 2, 2, 2, 2, 2, 2, 2, 2, 2, 2, 2, 2, 2, 2, 2, 2, 2, 2, 2, 2, 2, 2, 2, 2, 2, 2, 2, 2, 2, 2, 2, 2, 2, 2, 2, 2, 2, 2, 2, 2, 2, 2, 2, 2, 2, 2, 2, 2, 2, 2, 2, 2, 2, 2, 2, 2, 2, 2, 2, 2, 2, 2, 2, 2, 2, 2, 2, 2, 2, 2, 2, 2, 2, 2, 2, 2, 2, 2, 2, 2, 2, 2, 2, 2, 2, 2, 2, 2, 2, 2, 2, 2, 2, 2, 2, 2, 2, 2, 2, 2, 2, 2, 2, 2, 2, 2, 2, 2, 2, 2, 2, 2, 2, 2, 2, 2, 2, 2, 2, 2, 2, 2, 2, 2, 2, 2, 2, 2, 2, 2, 2, 2, 2, 2, 2, 2, 2, 2, 2, 2, 2, 2, 2, 2, 2, 2, 2, 2, 2, 2, 2, 2, 2, 2, 2, 2, 2, 2, 2, 2, 2, 2, 2, 2, 2, 2, 2, 2, 2, 2, 2, 2, 2, 2, 2, 2, 2, 2, 2, 2, 2, 2, 2, 2, 2, 2, 2, 2, 2, 2, 2, 2, 2, 2, 2, 2, 2, 2, 2, 2, 2, 2, 2, 2, 2, 2, 2, 2, 2, 2, 2, 2, 2, 2, 2, 2, 2, 2, 2, 2, 2, 2, 2, 2, 2, 2, 2, 2, 2, 2, 2, 2, 2, 2, 2, 2, 2, 2, 2, 2, 2, 2, 2, 2]
algo_list[0, 0, 0, 0, 0, 0, 0, 0, 0, 0, 0, 0, 0, 0, 0, 0, 0, 0, 0, 0, 0, 0, 0, 0, 0, 0, 0, 0, 0, 0, 0, 0, 0, 0, 0, 0, 0, 0, 0, 0, 0, 0, 0, 0, 0, 0, 0, 0, 0, 0, 0, 0, 0, 0, 0, 0, 0, 0, 0, 0, 0, 0, 0, 0, 0, 0, 0, 0, 0, 0, 0, 0, 0, 0, 0, 0, 0, 0, 0, 0, 0, 0, 0, 0, 0, 0, 0, 0, 0, 0, 0, 0, 0, 0, 0, 0, 0, 0, 0, 0, 0, 0, 0, 0, 0, 0, 0, 0, 0, 0, 0, 0, 0, 0, 0, 0, 0, 0, 0, 0, 0, 0, 0, 0, 0, 0, 0, 0, 0, 0, 0, 0, 0, 0, 0, 0, 0, 0, 0, 0, 0, 0, 0, 0, 0, 0, 0, 0, 0, 0, 0, 0, 0, 0, 0, 0, 0, 0, 0, 0, 0, 0, 0, 0, 0, 0, 0, 0, 0, 0, 0, 0, 0, 0, 0, 0, 0, 0, 0, 0, 0, 0, 0, 0, 0, 0, 0, 0, 0, 0, 0, 0, 0, 0, 0, 0, 0, 0, 0, 0, 0, 0, 0, 0, 0, 0, 0, 0, 0, 0, 0, 0, 0, 0, 0, 0, 0, 0, 0, 0, 0, 0, 0, 0, 0, 0, 0, 0, 0, 0, 0, 0, 0, 0, 0, 0, 0, 0, 0, 0, 0, 0, 0, 0, 0, 0, 0, 0, 0, 0, 0, 0, 0, 0, 0, 0, 0, 0, 0, 0, 0, 0, 0, 0, 0, 0, 0, 0, 0, 0, 0, 0, 0, 0, 0, 0, 0, 0, 0, 0, 0, 0, 0, 0, 0, 0, 0, 0, 0, 0, 0, 0, 0, 0, 0, 0, 0, 0, 0, 0, 0, 0, 0, 0, 0, 0, 0, 0, 0, 0, 0, 0, 0, 0, 0, 0, 0, 0, 0, 0, 0, 0, 0, 0, 0, 0, 0, 0, 0, 0, 0, 0, 0, 0, 0, 0, 0, 0, 0, 0, 0, 0, 0, 0, 0, 0, 0, 0, 0, 0, 0, 0, 0, 0, 0, 0, 0, 0, 0, 0, 0, 0, 0, 0, 0, 0, 0, 0, 0, 0, 0, 0, 0, 0, 0, 0, 0, 0, 0, 0, 0, 0, 0, 0, 0, 0, 0, 0, 0, 0, 0, 0, 0, 0, 0, 0, 0, 0, 0, 0, 0, 0, 0, 0, 0, 0, 0, 0, 0, 0, 0, 0, 0, 0, 0, 0, 0, 0, 0]

decode|74182.92|47941.09| op = [105, 105, 107, 102]| tp = [1, 1, 1, 1, ] | dp = [2, 2, 2, 2, ] | algo = [0, 0, 0, 0, ] | rc = [34, 28, 18, 12] | gpus = [2, 2, 2, 2] | micro_bs = 8 | time = [73955, 71828, 72529, 74182] | memory = [47508, 47859, 47293, 47941]
验证解
line465:max stage:3, min stage:1, max_value:74182.91942621204, min_value:71828.426473272
fix|73970.63|47941.09| op = [105, 106, 107, 101]| tp = [1, 1, 1, 1, ] | dp = [2, 2, 2, 2, ] | algo = [0, 0, 0, 0, ] | rc = [34, 26, 23, 10] | gpus = [2, 2, 2, 2] | micro_bs = 8 | time = [73957, 72529, 73970, 72614] | memory = [47508, 46407, 47425, 47941]
best|73970.63|47941.09| op = [105, 106, 107, 101]| tp = [1, 1, 1, 1, ] | dp = [2, 2, 2, 2, ] | algo = [0, 0, 0, 0, ] | rc = [34, 26, 23, 10] | gpus = [2, 2, 2, 2] | micro_bs = 8 | time = [73957, 72529, 73970, 72614] | memory = [47508, 46407, 47425, 47941]
line146:config.memory_list:[47508.09200000005, 46407.162000000055, 47425.984000000026, 47941.09400000001]
line147:config.time_list:[73957.52610600599, 72529.65212272671, 73970.62822916663, 72614.43845873696]
求解成功
config has been saved to /home/liminglong.lml/sxz/SuperScaler/logs-large/aceso/configs/mbs/2048/gpt_2_6B_4stages_2026-5-15-13-21-40.json

========== Best Result (num_stages = 4) ==========
|73970.63|47941.09| op = [105, 106, 107, 101]| tp = [1, 1, 1, 1, ] | dp = [2, 2, 2, 2, ] | algo = [0, 0, 0, 0, ] | rc = [34, 26, 23, 10] | gpus = [2, 2, 2, 2] | micro_bs = 8 | time = [73957, 72529, 73970, 72614] | memory = [47508, 46407, 47425, 47941]
start|75181.42|47861.09| op = [105, 105, 105, 104]| tp = [1, 1, 1, 1, ] | dp = [2, 2, 2, 2, ] | algo = [0, 0, 0, 0, ] | rc = [34, 28, 16, 14] | gpus = [2, 2, 2, 2] | micro_bs = 8 | time = [73947, 71820, 69501, 75181] | memory = [47508, 47859, 46269, 47861]
fix|75230.50|47941.09| op = [105, 105, 106, 103]| tp = [1, 1, 1, 1, ] | dp = [2, 2, 2, 2, ] | algo = [0, 0, 0, 0, ] | rc = [34, 28, 18, 13] | gpus = [2, 2, 2, 2] | micro_bs = 8 | time = [73956, 71829, 71793, 75230] | memory = [47508, 47859, 47293, 47941]
fix|74182.92|47941.09| op = [105, 105, 107, 102]| tp = [1, 1, 1, 1, ] | dp = [2, 2, 2, 2, ] | algo = [0, 0, 0, 0, ] | rc = [34, 28, 18, 12] | gpus = [2, 2, 2, 2] | micro_bs = 8 | time = [73955, 71828, 72529, 74182] | memory = [47508, 47859, 47293, 47941]
best|74182.92|47941.09| op = [105, 105, 107, 102]| tp = [1, 1, 1, 1, ] | dp = [2, 2, 2, 2, ] | algo = [0, 0, 0, 0, ] | rc = [34, 28, 18, 12] | gpus = [2, 2, 2, 2] | micro_bs = 8 | time = [73955, 71828, 72529, 74182] | memory = [47508, 47859, 47293, 47941]
decode|74182.92|47941.09| op = [105, 105, 107, 102]| tp = [1, 1, 1, 1, ] | dp = [2, 2, 2, 2, ] | algo = [0, 0, 0, 0, ] | rc = [34, 28, 18, 12] | gpus = [2, 2, 2, 2] | micro_bs = 8 | time = [73955, 71828, 72529, 74182] | memory = [47508, 47859, 47293, 47941]
fix|73970.63|47941.09| op = [105, 106, 107, 101]| tp = [1, 1, 1, 1, ] | dp = [2, 2, 2, 2, ] | algo = [0, 0, 0, 0, ] | rc = [34, 26, 23, 10] | gpus = [2, 2, 2, 2] | micro_bs = 8 | time = [73957, 72529, 73970, 72614] | memory = [47508, 46407, 47425, 47941]
best|73970.63|47941.09| op = [105, 106, 107, 101]| tp = [1, 1, 1, 1, ] | dp = [2, 2, 2, 2, ] | algo = [0, 0, 0, 0, ] | rc = [34, 26, 23, 10] | gpus = [2, 2, 2, 2] | micro_bs = 8 | time = [73957, 72529, 73970, 72614] | memory = [47508, 46407, 47425, 47941]

num_targets: []
num_hops: []
search time = 0.00 s.  [0] 
num_explored_cases = 0
time trend: [75181]

stage 4 search time: 0.32 s
working on num_stages = 5
start|83513.20|47877.20| op = [105, 105, 105, 52, 52]| tp = [1, 1, 1, 1, 1, ] | dp = [2, 2, 2, 1, 1, ] | algo = [0, 0, 0, 0, 0, ] | rc = [40, 30, 26, 10, 8] | gpus = [2, 2, 2, 1, 1] | micro_bs = 8 | time = [75990, 72788, 72788, 69138, 83513] | memory = [47633, 46788, 46406, 46786, 47877]
line465:max stage:4, min stage:3, max_value:83513.20367850532, min_value:69138.84594853043
fix|84737.58|47717.20| op = [105, 105, 105, 53, 51]| tp = [1, 1, 1, 1, 1, ] | dp = [2, 2, 2, 1, 1, ] | algo = [0, 0, 0, 0, 0, ] | rc = [40, 30, 26, 12, 9] | gpus = [2, 2, 2, 1, 1] | micro_bs = 8 | time = [76012, 72811, 72811, 73724, 84737] | memory = [47633, 46788, 46406, 46786, 47717]
cv:0.05937240917620037
line465:max stage:4, min stage:1, max_value:84737.58043352044, min_value:72811.34071685205
fix|82664.02|47717.20| op = [105, 106, 105, 53, 50]| tp = [1, 1, 1, 1, 1, ] | dp = [2, 2, 2, 1, 1, ] | algo = [0, 0, 0, 0, 0, ] | rc = [40, 30, 28, 13, 8] | gpus = [2, 2, 2, 1, 1] | micro_bs = 8 | time = [76024, 74059, 74016, 76408, 82664] | memory = [47633, 47568, 45986, 46466, 47717]
cv:0.041373859976133326
line465:max stage:4, min stage:2, max_value:82664.01640840774, min_value:74016.06407510901
fix|79541.47|47717.20| op = [105, 106, 106, 53, 49]| tp = [1, 1, 1, 1, 1, ] | dp = [2, 2, 2, 1, 1, ] | algo = [0, 0, 0, 0, 0, ] | rc = [40, 30, 28, 17, 6] | gpus = [2, 2, 2, 1, 1] | micro_bs = 8 | time = [76026, 74061, 74755, 79382, 79541] | memory = [47633, 47568, 45986, 47490, 47717]
cv:0.029966545765199158
line465:max stage:4, min stage:1, max_value:79541.46918940774, min_value:74061.71751466909
fix|77859.64|47633.12| op = [105, 107, 106, 53, 48]| tp = [1, 1, 1, 1, 1, ] | dp = [2, 2, 2, 1, 1, ] | algo = [0, 0, 0, 0, 0, ] | rc = [40, 32, 34, 12, 0] | gpus = [2, 2, 2, 1, 1] | micro_bs = 8 | time = [75996, 76314, 77859, 73558, 72260] | memory = [47633, 47568, 46514, 46626, 45909]
cv:0.026786998235094506
line465:max stage:2, min stage:4, max_value:77859.64067660307, min_value:72260.10581791116
fix|79554.90|47858.98| op = [105, 107, 105, 53, 49]| tp = [1, 1, 1, 1, 1, ] | dp = [2, 2, 2, 1, 1, ] | algo = [0, 0, 0, 0, 0, ] | rc = [40, 32, 31, 17, 6] | gpus = [2, 2, 2, 1, 1] | micro_bs = 8 | time = [76040, 76357, 75911, 79396, 79554] | memory = [47633, 47568, 47858, 47490, 47717]
cv:0.021422591003402148
line465:max stage:4, min stage:2, max_value:79554.90094238133, min_value:75911.96276321371
fix|179869.92|51344.25| op = [105, 107, 106, 53, 48]| tp = [1, 1, 1, 1, 2, ] | dp = [2, 2, 1, 1, 1, ] | algo = [0, 0, 0, 0, 0, ] | rc = [40, 32, 106, 12, 0] | gpus = [2, 2, 1, 1, 2] | micro_bs = 8 | time = [76441, 76758, 179869, 74002, 84393] | memory = [47633, 47568, 51344, 46626, 24155]
line465:max stage:2, min stage:4, max_value:51344.25, min_value:24155.203
fix|168039.17|47790.00| op = [105, 107, 105, 53, 49]| tp = [1, 1, 2, 1, 1, ] | dp = [2, 2, 1, 1, 1, ] | algo = [0, 0, 0, 0, 0, ] | rc = [40, 32, 29, 17, 6] | gpus = [2, 2, 2, 1, 1] | micro_bs = 8 | time = [76400, 76717, 168039, 79756, 79914] | memory = [47633, 47568, 47790, 47490, 47717]
cv:0.37400987598082275
line465:max stage:2, min stage:0, max_value:168039.16803427922, min_value:76400.15005651207
fix|166990.21|47833.43| op = [106, 107, 104, 53, 49]| tp = [1, 1, 2, 1, 1, ] | dp = [2, 2, 1, 1, 1, ] | algo = [0, 0, 0, 0, 0, ] | rc = [40, 32, 28, 17, 6] | gpus = [2, 2, 2, 1, 1] | micro_bs = 8 | time = [76534, 77405, 166990, 79755, 79913] | memory = [47833, 47567, 47790, 47490, 47717]
cv:0.36890917143083213
line465:max stage:2, min stage:0, max_value:166990.21003616456, min_value:76534.24235877642
fix|165443.71|47933.43| op = [107, 107, 103, 53, 49]| tp = [1, 1, 2, 1, 1, ] | dp = [2, 2, 1, 1, 1, ] | algo = [0, 0, 0, 0, 0, ] | rc = [42, 49, 26, 17, 6] | gpus = [2, 2, 2, 1, 1] | micro_bs = 8 | time = [78355, 82228, 165443, 79775, 79933] | memory = [47933, 47747, 47790, 47490, 47717]
cv:0.3517409428237157
line465:max stage:2, min stage:0, max_value:165443.70597668947, min_value:78355.78423123114
fix|163099.38|47773.43| op = [108, 107, 102, 53, 49]| tp = [1, 1, 2, 1, 1, ] | dp = [2, 2, 1, 1, 1, ] | algo = [0, 0, 0, 0, 0, ] | rc = [54, 35, 24, 17, 6] | gpus = [2, 2, 2, 1, 1] | micro_bs = 8 | time = [84241, 78153, 163099, 79773, 79931] | memory = [47773, 46947, 47670, 47490, 47717]
cv:0.34100871022359025
line465:max stage:2, min stage:1, max_value:163099.3783528179, min_value:78153.41592333026
fix|159903.84|47773.43| op = [108, 108, 101, 53, 49]| tp = [1, 1, 2, 1, 1, ] | dp = [2, 2, 1, 1, 1, ] | algo = [0, 0, 0, 0, 0, ] | rc = [54, 35, 24, 17, 6] | gpus = [2, 2, 2, 1, 1] | micro_bs = 8 | time = [84230, 78474, 159903, 79761, 79920] | memory = [47773, 47207, 47500, 47490, 47717]
cv:0.32949259062040365
line465:max stage:2, min stage:1, max_value:159903.8415130551, min_value:78474.61266448998
fix|159649.35|47773.43| op = [108, 109, 100, 53, 49]| tp = [1, 1, 2, 1, 1, ] | dp = [2, 2, 1, 1, 1, ] | algo = [0, 0, 0, 0, 0, ] | rc = [54, 35, 24, 17, 6] | gpus = [2, 2, 2, 1, 1] | micro_bs = 8 | time = [84229, 78524, 159649, 79761, 79919] | memory = [47773, 47447, 46900, 47490, 47717]
cv:0.32852339414053555
line465:max stage:2, min stage:1, max_value:159649.3518006282, min_value:78524.87727001151
fix|159549.22|47773.43| op = [108, 110, 99, 53, 49]| tp = [1, 1, 2, 1, 1, ] | dp = [2, 2, 1, 1, 1, ] | algo = [0, 0, 0, 0, 0, ] | rc = [54, 35, 24, 17, 6] | gpus = [2, 2, 2, 1, 1] | micro_bs = 8 | time = [84229, 78661, 159549, 79761, 79919] | memory = [47773, 47608, 46899, 47490, 47717]
cv:0.32792267273630776
line465:max stage:2, min stage:1, max_value:159549.22132476314, min_value:78661.98290259567
fix|155519.84|47773.43| op = [108, 111, 98, 53, 49]| tp = [1, 1, 2, 1, 1, ] | dp = [2, 2, 1, 1, 1, ] | algo = [0, 0, 0, 0, 0, ] | rc = [54, 39, 24, 17, 6] | gpus = [2, 2, 2, 1, 1] | micro_bs = 8 | time = [84223, 81215, 155519, 79755, 79914] | memory = [47773, 47368, 46459, 47490, 47717]
cv:0.30938970282620076
line465:max stage:2, min stage:3, max_value:155519.84086374062, min_value:79755.4247093247
fix|154786.38|47773.43| op = [108, 111, 97, 54, 49]| tp = [1, 1, 2, 1, 1, ] | dp = [2, 2, 1, 1, 1, ] | algo = [0, 0, 0, 0, 0, ] | rc = [54, 39, 24, 18, 6] | gpus = [2, 2, 2, 1, 1] | micro_bs = 8 | time = [84228, 81221, 154786, 81846, 79919] | memory = [47773, 47368, 46459, 47490, 47717]
cv:0.303178051068501
line465:max stage:2, min stage:4, max_value:154786.38353674067, min_value:79919.28877903556
fix|152491.36|47773.43| op = [108, 111, 96, 54, 50]| tp = [1, 1, 2, 1, 1, ] | dp = [2, 2, 1, 1, 1, ] | algo = [0, 0, 0, 0, 0, ] | rc = [54, 39, 22, 12, 8] | gpus = [2, 2, 2, 1, 1] | micro_bs = 8 | time = [84207, 81199, 152491, 75565, 83022] | memory = [47773, 47368, 46459, 46786, 47717]
cv:0.30168967709729977
line465:max stage:2, min stage:3, max_value:152491.364141136, min_value:75565.36168271743
fix|157811.74|47773.43| op = [108, 111, 95, 55, 50]| tp = [1, 1, 2, 1, 1, ] | dp = [2, 2, 1, 1, 1, ] | algo = [0, 0, 0, 0, 0, ] | rc = [54, 39, 26, 12, 8] | gpus = [2, 2, 2, 1, 1] | micro_bs = 8 | time = [84236, 81229, 157811, 77740, 83052] | memory = [47773, 47368, 47581, 47246, 47717]
cv:0.3158399616071848
line465:max stage:2, min stage:3, max_value:157811.74163028464, min_value:77740.40313737805
fix|154250.43|47821.28| op = [108, 111, 94, 56, 50]| tp = [1, 1, 2, 1, 1, ] | dp = [2, 2, 1, 1, 1, ] | algo = [0, 0, 0, 0, 0, ] | rc = [54, 39, 24, 12, 8] | gpus = [2, 2, 2, 1, 1] | micro_bs = 8 | time = [84223, 81215, 154250, 77826, 83038] | memory = [47773, 47368, 47821, 47246, 47717]
cv:0.3032954823919984
line465:max stage:2, min stage:3, max_value:154250.43181482994, min_value:77826.22266192334
fix|150834.10|47941.28| op = [108, 111, 93, 57, 50]| tp = [1, 1, 2, 1, 1, ] | dp = [2, 2, 1, 1, 1, ] | algo = [0, 0, 0, 0, 0, ] | rc = [54, 39, 22, 12, 8] | gpus = [2, 2, 2, 1, 1] | micro_bs = 8 | time = [84211, 81203, 150834, 78067, 83026] | memory = [47773, 47368, 47941, 47646, 47717]
cv:0.29078108238903877
line465:max stage:2, min stage:3, max_value:150834.10147122914, min_value:78067.21885332253
fix|143621.42|47981.28| op = [108, 111, 92, 58, 50]| tp = [1, 1, 2, 1, 1, ] | dp = [2, 2, 1, 1, 1, ] | algo = [0, 0, 0, 0, 0, ] | rc = [54, 39, 20, 16, 8] | gpus = [2, 2, 2, 1, 1] | micro_bs = 8 | time = [84202, 81194, 143621, 83016, 83017] | memory = [47773, 47368, 47981, 47406, 47717]
cv:0.2560204513890378
line465:max stage:2, min stage:1, max_value:143621.41654497912, min_value:81194.37215433933
fix|143437.72|47773.43| op = [108, 112, 91, 58, 50]| tp = [1, 1, 2, 1, 1, ] | dp = [2, 2, 1, 1, 1, ] | algo = [0, 0, 0, 0, 0, ] | rc = [54, 41, 20, 16, 8] | gpus = [2, 2, 2, 1, 1] | micro_bs = 8 | time = [84204, 81948, 143437, 83018, 83019] | memory = [47773, 47368, 47501, 47406, 47717]
cv:0.25404907240890107
line465:max stage:2, min stage:1, max_value:143437.7159024214, min_value:81948.16124623027
fix|139316.25|47928.22| op = [108, 113, 90, 58, 50]| tp = [1, 1, 2, 1, 1, ] | dp = [2, 2, 1, 1, 1, ] | algo = [0, 0, 0, 0, 0, ] | rc = [54, 41, 20, 16, 8] | gpus = [2, 2, 2, 1, 1] | micro_bs = 8 | time = [84192, 83099, 139316, 83006, 83008] | memory = [47773, 47928, 46821, 47406, 47717]
cv:0.23697843517775452
line465:max stage:2, min stage:3, max_value:139316.2462992936, min_value:83006.7740487643
fix|139134.31|47928.22| op = [108, 113, 89, 59, 50]| tp = [1, 1, 2, 1, 1, ] | dp = [2, 2, 1, 1, 1, ] | algo = [0, 0, 0, 0, 0, ] | rc = [54, 41, 20, 18, 8] | gpus = [2, 2, 2, 1, 1] | micro_bs = 8 | time = [84196, 83103, 139134, 84204, 83012] | memory = [47773, 47928, 46341, 47406, 47717]
cv:0.2344336175313302
line465:max stage:2, min stage:4, max_value:139134.30690481706, min_value:83012.01185120514
fix|135424.32|47966.25| op = [108, 113, 88, 59, 51]| tp = [1, 1, 2, 1, 1, ] | dp = [2, 2, 1, 1, 1, ] | algo = [0, 0, 0, 0, 0, ] | rc = [54, 41, 22, 18, 9] | gpus = [2, 2, 2, 1, 1] | micro_bs = 8 | time = [84194, 83101, 135424, 85272, 85095] | memory = [47773, 47928, 47773, 47966, 47717]
cv:0.2157953451884589
line465:max stage:2, min stage:1, max_value:135424.3196435991, min_value:83101.00238940283
fix|134615.30|47966.25| op = [108, 114, 87, 59, 51]| tp = [1, 1, 2, 1, 1, ] | dp = [2, 2, 1, 1, 1, ] | algo = [0, 0, 0, 0, 0, ] | rc = [54, 43, 20, 18, 9] | gpus = [2, 2, 2, 1, 1] | micro_bs = 8 | time = [84193, 83716, 134615, 85271, 85094] | memory = [47773, 47528, 47653, 47966, 47717]
cv:0.21174761324772465
line465:max stage:2, min stage:1, max_value:134615.29618917225, min_value:83716.21257792432
fix|134515.10|47966.25| op = [108, 115, 86, 59, 51]| tp = [1, 1, 2, 1, 1, ] | dp = [2, 2, 1, 1, 1, ] | algo = [0, 0, 0, 0, 0, ] | rc = [54, 43, 20, 18, 9] | gpus = [2, 2, 2, 1, 1] | micro_bs = 8 | time = [84194, 83851, 134515, 85271, 85094] | memory = [47773, 47688, 47652, 47966, 47717]
cv:0.21115356721700837
line465:max stage:2, min stage:1, max_value:134515.09979830714, min_value:83851.3204155085
fix|130032.78|47966.25| op = [108, 116, 85, 59, 51]| tp = [1, 1, 2, 1, 1, ] | dp = [2, 2, 1, 1, 1, ] | algo = [0, 0, 0, 0, 0, ] | rc = [54, 45, 18, 18, 9] | gpus = [2, 2, 2, 1, 1] | micro_bs = 8 | time = [84183, 85642, 130032, 85260, 85084] | memory = [47773, 47828, 47742, 47966, 47717]
cv:0.19143139464519426
line465:max stage:2, min stage:0, max_value:130032.77688399119, min_value:84183.54993129417
fix|130639.92|47966.25| op = [109, 116, 84, 59, 51]| tp = [1, 1, 2, 1, 1, ] | dp = [2, 2, 1, 1, 1, ] | algo = [0, 0, 0, 0, 0, ] | rc = [44, 58, 19, 18, 9] | gpus = [2, 2, 2, 1, 1] | micro_bs = 8 | time = [81324, 90256, 130639, 85270, 85093] | memory = [47933, 47644, 47502, 47966, 47717]
cv:0.19343737475033965
line465:max stage:2, min stage:0, max_value:130639.91653920707, min_value:81324.97809224864
fix|129601.48|47966.25| op = [110, 116, 83, 59, 51]| tp = [1, 1, 2, 1, 1, ] | dp = [2, 2, 1, 1, 1, ] | algo = [0, 0, 0, 0, 0, ] | rc = [76, 44, 18, 18, 9] | gpus = [2, 2, 2, 1, 1] | micro_bs = 8 | time = [89042, 86064, 129601, 85279, 85102] | memory = [47770, 47828, 47502, 47966, 47717]
cv:0.18259203041825134
line465:max stage:2, min stage:4, max_value:129601.47778620709, min_value:85102.93974926807
fix|129331.26|47966.50| op = [110, 116, 82, 59, 52]| tp = [1, 1, 2, 1, 1, ] | dp = [2, 2, 1, 1, 1, ] | algo = [0, 0, 0, 0, 0, ] | rc = [76, 44, 18, 16, 8] | gpus = [2, 2, 2, 1, 1] | micro_bs = 8 | time = [89019, 86040, 129331, 80798, 83878] | memory = [47770, 47828, 47262, 47966, 47877]
cv:0.19145591389351388
line465:max stage:2, min stage:3, max_value:129331.2647480013, min_value:80798.24685822791
fix|129216.58|47877.20| op = [110, 116, 81, 60, 52]| tp = [1, 1, 2, 1, 1, ] | dp = [2, 2, 1, 1, 1, ] | algo = [0, 0, 0, 0, 0, ] | rc = [76, 44, 18, 12, 8] | gpus = [2, 2, 2, 1, 1] | micro_bs = 8 | time = [89011, 86033, 129216, 78913, 83870] | memory = [47770, 47828, 46902, 46190, 47877]
cv:0.19489038836013922
line465:max stage:2, min stage:3, max_value:129216.57689040047, min_value:78913.66494562707
fix|126008.82|47877.20| op = [110, 116, 80, 61, 52]| tp = [1, 1, 2, 1, 1, ] | dp = [2, 2, 1, 1, 1, ] | algo = [0, 0, 0, 0, 0, ] | rc = [76, 44, 18, 12, 8] | gpus = [2, 2, 2, 1, 1] | micro_bs = 8 | time = [89001, 86023, 126008, 79562, 83860] | memory = [47770, 47828, 46612, 46450, 47877]
cv:0.18131081350537798
line465:max stage:2, min stage:3, max_value:126008.82146951077, min_value:79562.1198074172
fix|127327.57|47877.20| op = [110, 116, 79, 62, 52]| tp = [1, 1, 2, 1, 1, ] | dp = [2, 2, 1, 1, 1, ] | algo = [0, 0, 0, 0, 0, ] | rc = [76, 44, 21, 14, 8] | gpus = [2, 2, 2, 1, 1] | micro_bs = 8 | time = [89025, 86046, 127327, 84330, 83883] | memory = [47770, 47828, 47260, 46610, 47877]
cv:0.17743018883207498
line465:max stage:2, min stage:4, max_value:127327.572544912, min_value:83883.95149034011
fix|124821.34|47937.20| op = [110, 116, 78, 62, 53]| tp = [1, 1, 2, 1, 1, ] | dp = [2, 2, 1, 1, 1, ] | algo = [0, 0, 0, 0, 0, ] | rc = [76, 44, 16, 22, 10] | gpus = [2, 2, 2, 1, 1] | micro_bs = 8 | time = [89043, 86065, 124821, 88234, 87156] | memory = [47770, 47828, 46492, 47366, 47937]
cv:0.1568664365444617
line465:max stage:2, min stage:1, max_value:124821.33573305243, min_value:86065.019057577
fix|123281.71|47937.20| op = [110, 117, 77, 62, 53]| tp = [1, 1, 2, 1, 1, ] | dp = [2, 2, 1, 1, 1, ] | algo = [0, 0, 0, 0, 0, ] | rc = [76, 80, 14, 22, 10] | gpus = [2, 2, 2, 1, 1] | micro_bs = 8 | time = [89070, 94450, 123281, 88261, 87182] | memory = [47770, 46682, 46492, 47366, 47937]
cv:0.14150389318766954
line465:max stage:2, min stage:4, max_value:123281.70609905245, min_value:87182.97717988509
fix|122543.33|47937.33| op = [110, 117, 76, 62, 54]| tp = [1, 1, 2, 1, 1, ] | dp = [2, 2, 1, 1, 1, ] | algo = [0, 0, 0, 0, 0, ] | rc = [76, 80, 14, 21, 10] | gpus = [2, 2, 2, 1, 1] | micro_bs = 8 | time = [89070, 94450, 122543, 88992, 87282] | memory = [47770, 46682, 46492, 47846, 47937]
cv:0.13744162265214488
line465:max stage:2, min stage:4, max_value:122543.3264845275, min_value:87282.67871343039
fix|120260.81|47926.25| op = [110, 117, 75, 62, 55]| tp = [1, 1, 2, 1, 1, ] | dp = [2, 2, 1, 1, 1, ] | algo = [0, 0, 0, 0, 0, ] | rc = [76, 80, 12, 20, 12] | gpus = [2, 2, 2, 1, 1] | micro_bs = 8 | time = [89061, 94441, 120260, 87675, 88635] | memory = [47770, 46682, 46492, 47926, 47817]
cv:0.12863124676824775
line465:max stage:2, min stage:3, max_value:120260.8094801166, min_value:87675.62776551141
fix|116228.09|47817.33| op = [110, 117, 74, 63, 55]| tp = [1, 1, 2, 1, 1, ] | dp = [2, 2, 1, 1, 1, ] | algo = [0, 0, 0, 0, 0, ] | rc = [76, 80, 12, 16, 12] | gpus = [2, 2, 2, 1, 1] | micro_bs = 8 | time = [89046, 94426, 116228, 87675, 88620] | memory = [47770, 46682, 45982, 46210, 47817]
cv:0.113190301047539
line465:max stage:2, min stage:3, max_value:116228.08825326525, min_value:87675.14602917206
fix|115384.27|47817.33| op = [110, 117, 73, 64, 55]| tp = [1, 1, 2, 1, 1, ] | dp = [2, 2, 1, 1, 1, ] | algo = [0, 0, 0, 0, 0, ] | rc = [76, 80, 10, 16, 12] | gpus = [2, 2, 2, 1, 1] | micro_bs = 8 | time = [89043, 94423, 115384, 87771, 88617] | memory = [47770, 46682, 47790, 46210, 47817]
cv:0.10977350936846327
line465:max stage:2, min stage:3, max_value:115384.27245381055, min_value:87771.58076471735
fix|115281.57|47817.33| op = [110, 117, 72, 65, 55]| tp = [1, 1, 2, 1, 1, ] | dp = [2, 2, 1, 1, 1, ] | algo = [0, 0, 0, 0, 0, ] | rc = [76, 80, 10, 16, 12] | gpus = [2, 2, 2, 1, 1] | micro_bs = 8 | time = [89043, 94423, 115281, 88025, 88617] | memory = [47770, 46682, 47430, 46610, 47817]
cv:0.10894726098963785
line465:max stage:2, min stage:3, max_value:115281.56668620973, min_value:88025.52080211652
fix|111373.81|47817.33| op = [110, 117, 71, 66, 55]| tp = [1, 1, 2, 1, 1, ] | dp = [2, 2, 1, 1, 1, ] | algo = [0, 0, 0, 0, 0, ] | rc = [76, 80, 10, 16, 12] | gpus = [2, 2, 2, 1, 1] | micro_bs = 8 | time = [89039, 94419, 111373, 90761, 88613] | memory = [47770, 46682, 46990, 47650, 47817]
cv:0.08979030519262332
line465:max stage:2, min stage:4, max_value:111373.81292595976, min_value:88613.16156122208
fix|111201.02|47817.08| op = [110, 117, 70, 66, 56]| tp = [1, 1, 2, 1, 1, ] | dp = [2, 2, 1, 1, 1, ] | algo = [0, 0, 0, 0, 0, ] | rc = [76, 80, 10, 16, 23] | gpus = [2, 2, 2, 1, 1] | micro_bs = 8 | time = [89052, 94432, 111201, 88916, 94012] | memory = [47770, 46682, 46510, 47730, 47817]
cv:0.08566303059670981
line465:max stage:2, min stage:3, max_value:111201.02388851716, min_value:88916.40225494126
fix|106967.25|47817.08| op = [110, 117, 69, 67, 56]| tp = [1, 1, 2, 1, 1, ] | dp = [2, 2, 1, 1, 1, ] | algo = [0, 0, 0, 0, 0, ] | rc = [76, 80, 10, 18, 23] | gpus = [2, 2, 2, 1, 1] | micro_bs = 8 | time = [89048, 94428, 106967, 92282, 94008] | memory = [47770, 46682, 45830, 47650, 47817]
cv:0.06409222777566875
line465:max stage:2, min stage:0, max_value:106967.25259629918, min_value:89048.95633434076
fix|105142.63|47817.08| op = [111, 117, 68, 67, 56]| tp = [1, 1, 2, 1, 1, ] | dp = [2, 2, 1, 1, 1, ] | algo = [0, 0, 0, 0, 0, ] | rc = [48, 36, 10, 18, 23] | gpus = [2, 2, 2, 1, 1] | micro_bs = 8 | time = [83044, 82605, 105142, 92205, 93932] | memory = [47333, 46932, 42638, 47650, 47817]
cv:0.09064200201604297
line465:max stage:2, min stage:1, max_value:105142.62588895552, min_value:82605.4919877758
fix|101947.09|47817.08| op = [111, 118, 67, 67, 56]| tp = [1, 1, 2, 1, 1, ] | dp = [2, 2, 1, 1, 1, ] | algo = [0, 0, 0, 0, 0, ] | rc = [48, 36, 10, 18, 23] | gpus = [2, 2, 2, 1, 1] | micro_bs = 8 | time = [83033, 82926, 101947, 92194, 93921] | memory = [47333, 47192, 42468, 47650, 47817]
cv:0.07914610674188712
line465:max stage:2, min stage:1, max_value:101947.08904919267, min_value:82926.68872893552
fix|101692.60|47817.08| op = [111, 119, 66, 67, 56]| tp = [1, 1, 2, 1, 1, ] | dp = [2, 2, 1, 1, 1, ] | algo = [0, 0, 0, 0, 0, ] | rc = [48, 36, 10, 18, 23] | gpus = [2, 2, 2, 1, 1] | micro_bs = 8 | time = [83032, 82976, 101692, 92193, 93920] | memory = [47333, 47432, 41868, 47650, 47817]
cv:0.07819495809022825
line465:max stage:2, min stage:1, max_value:101692.59933676584, min_value:82976.95333445702
fix|101592.47|47817.08| op = [111, 120, 65, 67, 56]| tp = [1, 1, 2, 1, 1, ] | dp = [2, 2, 1, 1, 1, ] | algo = [0, 0, 0, 0, 0, ] | rc = [48, 36, 10, 18, 23] | gpus = [2, 2, 2, 1, 1] | micro_bs = 8 | time = [83032, 83114, 101592, 92194, 93920] | memory = [47333, 47592, 41867, 47650, 47817]
cv:0.07751876624770357
line465:max stage:2, min stage:0, max_value:101592.46886090073, min_value:83032.90243225027
fix|97560.87|47817.08| op = [112, 120, 64, 67, 56]| tp = [1, 1, 2, 1, 1, ] | dp = [2, 2, 1, 1, 1, ] | algo = [0, 0, 0, 0, 0, ] | rc = [48, 38, 10, 18, 23] | gpus = [2, 2, 2, 1, 1] | micro_bs = 8 | time = [83357, 84767, 97560, 92186, 93912] | memory = [47633, 47732, 41427, 47650, 47817]
cv:0.060236667089426967
line465:max stage:2, min stage:0, max_value:97560.87072524201, min_value:83357.32429970342
fix|97374.61|47972.71| op = [113, 120, 63, 67, 56]| tp = [1, 1, 2, 1, 1, ] | dp = [2, 2, 1, 1, 1, ] | algo = [0, 0, 0, 0, 0, ] | rc = [48, 38, 10, 18, 23] | gpus = [2, 2, 2, 1, 1] | micro_bs = 8 | time = [83408, 84816, 97374, 92185, 93912] | memory = [47933, 47972, 40947, 47650, 47817]
cv:0.05945010561185399
line465:max stage:2, min stage:0, max_value:97374.61373343518, min_value:83408.04544919079
fix|93905.76|47892.46| op = [114, 120, 62, 67, 56]| tp = [1, 1, 2, 1, 1, ] | dp = [2, 2, 1, 1, 1, ] | algo = [0, 0, 0, 0, 0, ] | rc = [50, 40, 10, 18, 23] | gpus = [2, 2, 2, 1, 1] | micro_bs = 8 | time = [84103, 86486, 93257, 92179, 93905] | memory = [47333, 47892, 40267, 47650, 47817]
cv:0.04381433257511781
line465:max stage:4, min stage:0, max_value:93905.76357058906, min_value:84103.74690526655
fix|97235.07|47817.33| op = [115, 120, 62, 67, 55]| tp = [1, 1, 2, 1, 1, ] | dp = [2, 2, 1, 1, 1, ] | algo = [0, 0, 0, 0, 0, ] | rc = [52, 40, 10, 18, 12] | gpus = [2, 2, 2, 1, 1] | micro_bs = 8 | time = [86094, 85219, 97235, 92045, 88516] | memory = [47733, 47572, 40347, 47650, 47817]
cv:0.04895493674230526
line465:max stage:2, min stage:1, max_value:97235.06830277845, min_value:85219.30622784325
fix|97134.87|47817.33| op = [115, 121, 61, 67, 55]| tp = [1, 1, 2, 1, 1, ] | dp = [2, 2, 1, 1, 1, ] | algo = [0, 0, 0, 0, 0, ] | rc = [52, 40, 10, 18, 12] | gpus = [2, 2, 2, 1, 1] | micro_bs = 8 | time = [86094, 85354, 97134, 92045, 88516] | memory = [47733, 47732, 40347, 47650, 47817]
cv:0.048262195958511715
line465:max stage:2, min stage:1, max_value:97134.87191191336, min_value:85354.41406542744
fix|93212.66|47872.79| op = [115, 122, 60, 67, 55]| tp = [1, 1, 2, 1, 1, ] | dp = [2, 2, 1, 1, 1, ] | algo = [0, 0, 0, 0, 0, ] | rc = [52, 42, 10, 18, 12] | gpus = [2, 2, 2, 1, 1] | micro_bs = 8 | time = [86086, 87079, 93212, 92036, 88508] | memory = [47733, 47872, 39957, 47650, 47817]
cv:0.03110465172711835
line465:max stage:2, min stage:0, max_value:93212.65905659736, min_value:86086.22833521309
fix|93526.50|47817.33| op = [116, 122, 59, 67, 55]| tp = [1, 1, 2, 1, 1, ] | dp = [2, 2, 1, 1, 1, ] | algo = [0, 0, 0, 0, 0, ] | rc = [54, 55, 10, 18, 12] | gpus = [2, 2, 2, 1, 1] | micro_bs = 8 | time = [86862, 92489, 93526, 92062, 88533] | memory = [47733, 47488, 39717, 47650, 47817]
cv:0.02809528492357648
line465:max stage:2, min stage:0, max_value:93526.50001213796, min_value:86862.99659538969
fix|92771.98|47853.74| op = [117, 122, 58, 67, 55]| tp = [1, 1, 2, 1, 1, ] | dp = [2, 2, 1, 1, 1, ] | algo = [0, 0, 0, 0, 0, ] | rc = [55, 40, 10, 18, 12] | gpus = [2, 2, 2, 1, 1] | micro_bs = 8 | time = [88453, 87583, 92771, 92046, 88517] | memory = [47853, 47472, 39717, 47650, 47817]
cv:0.023456859104009128
line465:max stage:2, min stage:1, max_value:92771.98452834846, min_value:87583.4089592929
fix|97027.11|47853.74| op = [117, 123, 57, 67, 55]| tp = [1, 1, 2, 1, 1, ] | dp = [2, 2, 1, 1, 1, ] | algo = [0, 0, 0, 0, 0, ] | rc = [55, 65, 8, 18, 12] | gpus = [2, 2, 2, 1, 1] | micro_bs = 8 | time = [88484, 97027, 91236, 92077, 88548] | memory = [47853, 47848, 39717, 47650, 47817]
cv:0.03413709278517546
line465:max stage:1, min stage:0, max_value:97027.1073812929, min_value:88484.10970544105
fix|96446.48|47928.71| op = [118, 122, 57, 67, 55]| tp = [1, 1, 2, 1, 1, ] | dp = [2, 2, 1, 1, 1, ] | algo = [0, 0, 0, 0, 0, ] | rc = [56, 64, 8, 18, 12] | gpus = [2, 2, 2, 1, 1] | micro_bs = 8 | time = [88977, 96446, 91236, 92076, 88548] | memory = [47553, 47928, 39717, 47650, 47817]
cv:0.030901705820597685
line465:max stage:1, min stage:4, max_value:96446.47811778674, min_value:88548.07670081042
fix|93907.83|47817.08| op = [118, 121, 57, 67, 56]| tp = [1, 1, 2, 1, 1, ] | dp = [2, 2, 1, 1, 1, ] | algo = [0, 0, 0, 0, 0, ] | rc = [56, 38, 10, 18, 23] | gpus = [2, 2, 2, 1, 1] | micro_bs = 8 | time = [88951, 86885, 88545, 92181, 93907] | memory = [47553, 47712, 39037, 47650, 47817]
cv:0.02847146816209907
line465:max stage:4, min stage:1, max_value:93907.83399621854, min_value:86885.3259313688
fix|204369.51|52908.75| op = [118, 122, 57, 67, 55]| tp = [1, 1, 2, 1, 2, ] | dp = [2, 1, 1, 1, 1, ] | algo = [0, 0, 0, 0, 0, ] | rc = [56, 121, 8, 18, 0] | gpus = [2, 1, 2, 1, 2] | micro_bs = 8 | time = [89411, 204369, 91669, 92510, 92022] | memory = [47553, 52908, 39717, 47650, 28033]
line465:max stage:1, min stage:4, max_value:52908.75, min_value:28033.333000000002
best|77859.64|47633.12| op = [105, 107, 106, 53, 48]| tp = [1, 1, 1, 1, 1, ] | dp = [2, 2, 2, 1, 1, ] | algo = [0, 0, 0, 0, 0, ] | rc = [40, 32, 34, 12, 0] | gpus = [2, 2, 2, 1, 1] | micro_bs = 8 | time = [75996, 76314, 77859, 73558, 72260] | memory = [47633, 47568, 46514, 46626, 45909]
line146:config.memory_list:[47633.11500000006, 47568.21600000007, 46514.97600000004, 46626.0, 45909.203]
line147:config.time_list:[75996.92576431131, 76314.14874016312, 77859.64067660307, 73558.51674620032, 72260.10581791116]
------------------------------------------------------------------------------------------------------
cegis_search for the 0th times
开始求解check...
line351:
tp_list[1, 1, 1, 1, 1, 1, 1, 1, 1, 1, 1, 1, 1, 1, 1, 1, 1, 1, 1, 1, 1, 1, 1, 1, 1, 1, 1, 1, 1, 1, 1, 1, 1, 1, 1, 1, 1, 1, 1, 1, 1, 1, 1, 1, 1, 1, 1, 1, 1, 1, 1, 1, 1, 1, 1, 1, 1, 1, 1, 1, 1, 1, 1, 1, 1, 1, 1, 1, 1, 1, 1, 1, 1, 1, 1, 1, 1, 1, 1, 1, 1, 1, 1, 1, 1, 1, 1, 1, 1, 1, 1, 1, 1, 1, 1, 1, 1, 1, 1, 1, 1, 1, 1, 1, 1, 1, 1, 1, 1, 1, 1, 1, 1, 1, 1, 1, 1, 1, 1, 1, 1, 1, 1, 1, 1, 1, 1, 1, 1, 1, 1, 1, 1, 1, 1, 1, 1, 1, 1, 1, 1, 1, 1, 1, 1, 1, 1, 1, 1, 1, 1, 1, 1, 1, 1, 1, 1, 1, 1, 1, 1, 1, 1, 1, 1, 1, 1, 1, 1, 1, 1, 1, 1, 1, 1, 1, 1, 1, 1, 1, 1, 1, 1, 1, 1, 1, 1, 1, 1, 1, 1, 1, 1, 1, 1, 1, 1, 1, 1, 1, 1, 1, 1, 1, 1, 1, 1, 1, 1, 1, 1, 1, 1, 1, 1, 1, 1, 1, 1, 1, 1, 1, 1, 1, 1, 1, 1, 1, 1, 1, 1, 1, 1, 1, 1, 1, 1, 1, 1, 1, 1, 1, 1, 1, 1, 1, 1, 1, 1, 1, 1, 1, 1, 1, 1, 1, 1, 1, 1, 1, 1, 1, 1, 1, 1, 1, 1, 1, 1, 1, 1, 1, 1, 1, 1, 1, 1, 1, 1, 1, 1, 1, 1, 1, 1, 1, 1, 1, 1, 1, 1, 1, 1, 1, 1, 1, 1, 1, 1, 1, 1, 1, 1, 1, 1, 1, 1, 1, 1, 1, 1, 1, 1, 1, 1, 1, 1, 1, 1, 1, 1, 1, 1, 1, 1, 1, 1, 1, 1, 1, 1, 1, 1, 1, 1, 1, 1, 1, 1, 1, 1, 1, 1, 1, 1, 1, 1, 1, 1, 1, 1, 1, 1, 1, 1, 1, 1, 1, 1, 1, 1, 1, 1, 1, 1, 1, 1, 1, 1, 1, 1, 1, 1, 1, 1, 1, 1, 1, 1, 1, 1, 1, 1, 1, 1, 1, 1, 1, 1, 1, 1, 1, 1, 1, 1, 1, 1, 1, 1, 1, 1, 1, 1, 1, 1, 1, 1, 1, 1, 1, 1, 1, 1, 1, 1, 1, 1, 1, 1]
dp_list[2, 2, 2, 2, 2, 2, 2, 2, 2, 2, 2, 2, 2, 2, 2, 2, 2, 2, 2, 2, 2, 2, 2, 2, 2, 2, 2, 2, 2, 2, 2, 2, 2, 2, 2, 2, 2, 2, 2, 2, 2, 2, 2, 2, 2, 2, 2, 2, 2, 2, 2, 2, 2, 2, 2, 2, 2, 2, 2, 2, 2, 2, 2, 2, 2, 2, 2, 2, 2, 2, 2, 2, 2, 2, 2, 2, 2, 2, 2, 2, 2, 2, 2, 2, 2, 2, 2, 2, 2, 2, 2, 2, 2, 2, 2, 2, 2, 2, 2, 2, 2, 2, 2, 2, 2, 2, 2, 2, 2, 2, 2, 2, 2, 2, 2, 2, 2, 2, 2, 2, 2, 2, 2, 2, 2, 2, 2, 2, 2, 2, 2, 2, 2, 2, 2, 2, 2, 2, 2, 2, 2, 2, 2, 2, 2, 2, 2, 2, 2, 2, 2, 2, 2, 2, 2, 2, 2, 2, 2, 2, 2, 2, 2, 2, 2, 2, 2, 2, 2, 2, 2, 2, 2, 2, 2, 2, 2, 2, 2, 2, 2, 2, 2, 2, 2, 2, 2, 2, 2, 2, 2, 2, 2, 2, 2, 2, 2, 2, 2, 2, 2, 2, 2, 2, 2, 2, 2, 2, 2, 2, 2, 2, 2, 2, 2, 2, 2, 2, 2, 2, 2, 2, 2, 2, 2, 2, 2, 2, 2, 2, 2, 2, 2, 2, 2, 2, 2, 2, 2, 2, 2, 2, 2, 2, 2, 2, 2, 2, 2, 2, 2, 2, 2, 2, 2, 2, 2, 2, 2, 2, 2, 2, 2, 2, 2, 2, 2, 2, 2, 2, 2, 2, 2, 2, 2, 2, 2, 2, 2, 2, 2, 2, 2, 2, 2, 2, 2, 2, 2, 2, 2, 2, 2, 2, 2, 2, 2, 2, 2, 2, 2, 2, 2, 2, 2, 2, 2, 2, 2, 2, 2, 2, 2, 2, 2, 2, 2, 1, 1, 1, 1, 1, 1, 1, 1, 1, 1, 1, 1, 1, 1, 1, 1, 1, 1, 1, 1, 1, 1, 1, 1, 1, 1, 1, 1, 1, 1, 1, 1, 1, 1, 1, 1, 1, 1, 1, 1, 1, 1, 1, 1, 1, 1, 1, 1, 1, 1, 1, 1, 1, 1, 1, 1, 1, 1, 1, 1, 1, 1, 1, 1, 1, 1, 1, 1, 1, 1, 1, 1, 1, 1, 1, 1, 1, 1, 1, 1, 1, 1, 1, 1, 1, 1, 1, 1, 1, 1, 1, 1, 1, 1, 1, 1, 1, 1, 1, 1, 1, 1]
algo_list[0, 0, 0, 0, 0, 0, 0, 0, 0, 0, 0, 0, 0, 0, 0, 0, 0, 0, 0, 0, 0, 0, 0, 0, 0, 0, 0, 0, 0, 0, 0, 0, 0, 0, 0, 0, 0, 0, 0, 0, 0, 0, 0, 0, 0, 0, 0, 0, 0, 0, 0, 0, 0, 0, 0, 0, 0, 0, 0, 0, 0, 0, 0, 0, 0, 0, 0, 0, 0, 0, 0, 0, 0, 0, 0, 0, 0, 0, 0, 0, 0, 0, 0, 0, 0, 0, 0, 0, 0, 0, 0, 0, 0, 0, 0, 0, 0, 0, 0, 0, 0, 0, 0, 0, 0, 0, 0, 0, 0, 0, 0, 0, 0, 0, 0, 0, 0, 0, 0, 0, 0, 0, 0, 0, 0, 0, 0, 0, 0, 0, 0, 0, 0, 0, 0, 0, 0, 0, 0, 0, 0, 0, 0, 0, 0, 0, 0, 0, 0, 0, 0, 0, 0, 0, 0, 0, 0, 0, 0, 0, 0, 0, 0, 0, 0, 0, 0, 0, 0, 0, 0, 0, 0, 0, 0, 0, 0, 0, 0, 0, 0, 0, 0, 0, 0, 0, 0, 0, 0, 0, 0, 0, 0, 0, 0, 0, 0, 0, 0, 0, 0, 0, 0, 0, 0, 0, 0, 0, 0, 0, 0, 0, 0, 0, 0, 0, 0, 0, 0, 0, 0, 0, 0, 0, 0, 0, 0, 0, 0, 0, 0, 0, 0, 0, 0, 0, 0, 0, 0, 0, 0, 0, 0, 0, 0, 0, 0, 0, 0, 0, 0, 0, 0, 0, 0, 0, 0, 0, 0, 0, 0, 0, 0, 0, 0, 0, 0, 0, 0, 0, 0, 0, 0, 0, 0, 0, 0, 0, 0, 0, 0, 0, 0, 0, 0, 0, 0, 0, 0, 0, 0, 0, 0, 0, 0, 0, 0, 0, 0, 0, 0, 0, 0, 0, 0, 0, 0, 0, 0, 0, 0, 0, 0, 0, 0, 0, 0, 0, 0, 0, 0, 0, 0, 0, 0, 0, 0, 0, 0, 0, 0, 0, 0, 0, 0, 0, 0, 0, 0, 0, 0, 0, 0, 0, 0, 0, 0, 0, 0, 0, 0, 0, 0, 0, 0, 0, 0, 0, 0, 0, 0, 0, 0, 0, 0, 0, 0, 0, 0, 0, 0, 0, 0, 0, 0, 0, 0, 0, 0, 0, 0, 0, 0, 0, 0, 0, 0, 0, 0, 0, 0, 0, 0, 0, 0, 0, 0, 0, 0, 0, 0, 0, 0, 0, 0, 0, 0, 0, 0, 0, 0, 0, 0, 0, 0, 0, 0, 0, 0]

decode|76584.35|45109.09| op = [105, 107, 105, 53, 49]| tp = [1, 1, 1, 1, 1, ] | dp = [2, 2, 2, 1, 1, ] | algo = [0, 0, 0, 0, 0, ] | rc = [8, 0, 0, 0, 0] | gpus = [2, 2, 2, 1, 1] | micro_bs = 2 | time = [68940, 68141, 67843, 68120, 76584] | memory = [43157, 45109, 36236, 27120, 16884]
验证解
line465:max stage:4, min stage:2, max_value:76584.3472030193, min_value:67843.02041350414
fix|73061.34|45109.09| op = [105, 107, 106, 53, 48]| tp = [1, 1, 1, 1, 1, ] | dp = [2, 2, 2, 1, 1, ] | algo = [0, 0, 0, 0, 0, ] | rc = [8, 0, 0, 0, 0] | gpus = [2, 2, 2, 1, 1] | micro_bs = 2 | time = [68935, 68137, 68725, 65744, 73061] | memory = [43157, 45109, 37964, 24856, 16352]
cv:0.034266097735472525
line465:max stage:4, min stage:3, max_value:73061.34466208529, min_value:65744.26665660062
fix|72409.76|45109.09| op = [105, 107, 106, 54, 47]| tp = [1, 1, 1, 1, 1, ] | dp = [2, 2, 2, 1, 1, ] | algo = [0, 0, 0, 0, 0, ] | rc = [8, 0, 0, 0, 0] | gpus = [2, 2, 2, 1, 1] | micro_bs = 2 | time = [68935, 68137, 68725, 66395, 72409] | memory = [43157, 45109, 37964, 24996, 16232]
cv:0.028432644659426423
line465:max stage:4, min stage:3, max_value:72409.76250096063, min_value:66395.93943747596
fix|72128.98|45109.09| op = [105, 107, 106, 55, 46]| tp = [1, 1, 1, 1, 1, ] | dp = [2, 2, 2, 1, 1, ] | algo = [0, 0, 0, 0, 0, ] | rc = [8, 0, 0, 0, 0] | gpus = [2, 2, 2, 1, 1] | micro_bs = 2 | time = [68935, 68136, 68725, 66512, 72128] | memory = [43157, 45109, 37964, 25056, 16182]
cv:0.026561404139349584
line465:max stage:4, min stage:3, max_value:72128.97662767282, min_value:66512.39878618815
fix|72003.66|45109.09| op = [105, 107, 106, 56, 45]| tp = [1, 1, 1, 1, 1, ] | dp = [2, 2, 2, 1, 1, ] | algo = [0, 0, 0, 0, 0, ] | rc = [8, 0, 0, 0, 0] | gpus = [2, 2, 2, 1, 1] | micro_bs = 2 | time = [68935, 68137, 68725, 66801, 72003] | memory = [43157, 45109, 37964, 25096, 16182]
cv:0.02483263269811837
line465:max stage:4, min stage:3, max_value:72003.6557550853, min_value:66801.95556360063
fix|69710.75|45109.09| op = [105, 107, 106, 57, 44]| tp = [1, 1, 1, 1, 1, ] | dp = [2, 2, 2, 1, 1, ] | algo = [0, 0, 0, 0, 0, ] | rc = [8, 0, 0, 0, 0] | gpus = [2, 2, 2, 1, 1] | micro_bs = 2 | time = [68935, 68137, 68726, 69710, 69710] | memory = [43157, 45109, 37964, 25656, 15762]
best|69710.75|45109.09| op = [105, 107, 106, 57, 44]| tp = [1, 1, 1, 1, 1, ] | dp = [2, 2, 2, 1, 1, ] | algo = [0, 0, 0, 0, 0, ] | rc = [8, 0, 0, 0, 0] | gpus = [2, 2, 2, 1, 1] | micro_bs = 2 | time = [68935, 68137, 68726, 69710, 69710] | memory = [43157, 45109, 37964, 25656, 15762]
line146:config.memory_list:[43157.319999999985, 45109.08799999999, 37964.768, 25656.558, 15762.288]
line147:config.time_list:[68935.98978237156, 68137.70606817928, 68726.44387178509, 69710.75062650866, 69710.12753799332]
求解成功
config has been saved to /home/liminglong.lml/sxz/SuperScaler/logs-large/aceso/configs/mbs/2048/gpt_2_6B_5stages_2026-5-15-13-21-40.json

========== Best Result (num_stages = 5) ==========
|69710.75|45109.09| op = [105, 107, 106, 57, 44]| tp = [1, 1, 1, 1, 1, ] | dp = [2, 2, 2, 1, 1, ] | algo = [0, 0, 0, 0, 0, ] | rc = [8, 0, 0, 0, 0] | gpus = [2, 2, 2, 1, 1] | micro_bs = 2 | time = [68935, 68137, 68726, 69710, 69710] | memory = [43157, 45109, 37964, 25656, 15762]
start|83513.20|47877.20| op = [105, 105, 105, 52, 52]| tp = [1, 1, 1, 1, 1, ] | dp = [2, 2, 2, 1, 1, ] | algo = [0, 0, 0, 0, 0, ] | rc = [40, 30, 26, 10, 8] | gpus = [2, 2, 2, 1, 1] | micro_bs = 8 | time = [75990, 72788, 72788, 69138, 83513] | memory = [47633, 46788, 46406, 46786, 47877]
fix|84737.58|47717.20| op = [105, 105, 105, 53, 51]| tp = [1, 1, 1, 1, 1, ] | dp = [2, 2, 2, 1, 1, ] | algo = [0, 0, 0, 0, 0, ] | rc = [40, 30, 26, 12, 9] | gpus = [2, 2, 2, 1, 1] | micro_bs = 8 | time = [76012, 72811, 72811, 73724, 84737] | memory = [47633, 46788, 46406, 46786, 47717]
fix|82664.02|47717.20| op = [105, 106, 105, 53, 50]| tp = [1, 1, 1, 1, 1, ] | dp = [2, 2, 2, 1, 1, ] | algo = [0, 0, 0, 0, 0, ] | rc = [40, 30, 28, 13, 8] | gpus = [2, 2, 2, 1, 1] | micro_bs = 8 | time = [76024, 74059, 74016, 76408, 82664] | memory = [47633, 47568, 45986, 46466, 47717]
fix|79541.47|47717.20| op = [105, 106, 106, 53, 49]| tp = [1, 1, 1, 1, 1, ] | dp = [2, 2, 2, 1, 1, ] | algo = [0, 0, 0, 0, 0, ] | rc = [40, 30, 28, 17, 6] | gpus = [2, 2, 2, 1, 1] | micro_bs = 8 | time = [76026, 74061, 74755, 79382, 79541] | memory = [47633, 47568, 45986, 47490, 47717]
fix|77859.64|47633.12| op = [105, 107, 106, 53, 48]| tp = [1, 1, 1, 1, 1, ] | dp = [2, 2, 2, 1, 1, ] | algo = [0, 0, 0, 0, 0, ] | rc = [40, 32, 34, 12, 0] | gpus = [2, 2, 2, 1, 1] | micro_bs = 8 | time = [75996, 76314, 77859, 73558, 72260] | memory = [47633, 47568, 46514, 46626, 45909]
best|77859.64|47633.12| op = [105, 107, 106, 53, 48]| tp = [1, 1, 1, 1, 1, ] | dp = [2, 2, 2, 1, 1, ] | algo = [0, 0, 0, 0, 0, ] | rc = [40, 32, 34, 12, 0] | gpus = [2, 2, 2, 1, 1] | micro_bs = 8 | time = [75996, 76314, 77859, 73558, 72260] | memory = [47633, 47568, 46514, 46626, 45909]
decode|76584.35|45109.09| op = [105, 107, 105, 53, 49]| tp = [1, 1, 1, 1, 1, ] | dp = [2, 2, 2, 1, 1, ] | algo = [0, 0, 0, 0, 0, ] | rc = [8, 0, 0, 0, 0] | gpus = [2, 2, 2, 1, 1] | micro_bs = 2 | time = [68940, 68141, 67843, 68120, 76584] | memory = [43157, 45109, 36236, 27120, 16884]
fix|73061.34|45109.09| op = [105, 107, 106, 53, 48]| tp = [1, 1, 1, 1, 1, ] | dp = [2, 2, 2, 1, 1, ] | algo = [0, 0, 0, 0, 0, ] | rc = [8, 0, 0, 0, 0] | gpus = [2, 2, 2, 1, 1] | micro_bs = 2 | time = [68935, 68137, 68725, 65744, 73061] | memory = [43157, 45109, 37964, 24856, 16352]
fix|72409.76|45109.09| op = [105, 107, 106, 54, 47]| tp = [1, 1, 1, 1, 1, ] | dp = [2, 2, 2, 1, 1, ] | algo = [0, 0, 0, 0, 0, ] | rc = [8, 0, 0, 0, 0] | gpus = [2, 2, 2, 1, 1] | micro_bs = 2 | time = [68935, 68137, 68725, 66395, 72409] | memory = [43157, 45109, 37964, 24996, 16232]
fix|72128.98|45109.09| op = [105, 107, 106, 55, 46]| tp = [1, 1, 1, 1, 1, ] | dp = [2, 2, 2, 1, 1, ] | algo = [0, 0, 0, 0, 0, ] | rc = [8, 0, 0, 0, 0] | gpus = [2, 2, 2, 1, 1] | micro_bs = 2 | time = [68935, 68136, 68725, 66512, 72128] | memory = [43157, 45109, 37964, 25056, 16182]
fix|72003.66|45109.09| op = [105, 107, 106, 56, 45]| tp = [1, 1, 1, 1, 1, ] | dp = [2, 2, 2, 1, 1, ] | algo = [0, 0, 0, 0, 0, ] | rc = [8, 0, 0, 0, 0] | gpus = [2, 2, 2, 1, 1] | micro_bs = 2 | time = [68935, 68137, 68725, 66801, 72003] | memory = [43157, 45109, 37964, 25096, 16182]
fix|69710.75|45109.09| op = [105, 107, 106, 57, 44]| tp = [1, 1, 1, 1, 1, ] | dp = [2, 2, 2, 1, 1, ] | algo = [0, 0, 0, 0, 0, ] | rc = [8, 0, 0, 0, 0] | gpus = [2, 2, 2, 1, 1] | micro_bs = 2 | time = [68935, 68137, 68726, 69710, 69710] | memory = [43157, 45109, 37964, 25656, 15762]
best|69710.75|45109.09| op = [105, 107, 106, 57, 44]| tp = [1, 1, 1, 1, 1, ] | dp = [2, 2, 2, 1, 1, ] | algo = [0, 0, 0, 0, 0, ] | rc = [8, 0, 0, 0, 0] | gpus = [2, 2, 2, 1, 1] | micro_bs = 2 | time = [68935, 68137, 68726, 69710, 69710] | memory = [43157, 45109, 37964, 25656, 15762]

num_targets: []
num_hops: []
search time = 0.00 s.  [0] 
num_explored_cases = 0
time trend: [83513]

stage 5 search time: 0.53 s
working on num_stages = 6
start|87070.06|47974.14| op = [105, 105, 52, 52, 52, 53]| tp = [1, 1, 1, 1, 1, 1, ] | dp = [2, 2, 1, 1, 1, 1, ] | algo = [0, 0, 0, 0, 0, 0, ] | rc = [50, 36, 16, 14, 10, 10] | gpus = [2, 2, 1, 1, 1, 1] | micro_bs = 8 | time = [79441, 74816, 72693, 71498, 69109, 87070] | memory = [47974, 47253, 46660, 46563, 46466, 47937]
line465:max stage:5, min stage:4, max_value:87070.06218039614, min_value:69109.84053582583
fix|83812.73|47974.14| op = [105, 105, 52, 52, 53, 52]| tp = [1, 1, 1, 1, 1, 1, ] | dp = [2, 2, 1, 1, 1, 1, ] | algo = [0, 0, 0, 0, 0, 0, ] | rc = [50, 36, 16, 14, 10, 8] | gpus = [2, 2, 1, 1, 1, 1] | micro_bs = 8 | time = [79438, 74813, 72690, 71495, 71584, 83812] | memory = [47974, 47253, 46660, 46563, 47246, 47877]
cv:0.06015759255304999
line465:max stage:5, min stage:3, max_value:83812.72960485118, min_value:71495.92330568541
fix|85038.41|47974.14| op = [105, 105, 52, 53, 53, 51]| tp = [1, 1, 1, 1, 1, 1, ] | dp = [2, 2, 1, 1, 1, 1, ] | algo = [0, 0, 0, 0, 0, 0, ] | rc = [50, 36, 16, 14, 12, 9] | gpus = [2, 2, 1, 1, 1, 1] | micro_bs = 8 | time = [79462, 74837, 72714, 73997, 74025, 85038] | memory = [47974, 47253, 46660, 47583, 46786, 47717]
cv:0.05608622896886
line465:max stage:5, min stage:2, max_value:85038.40666472587, min_value:72714.39511729607
fix|82974.51|47974.14| op = [105, 105, 53, 53, 53, 50]| tp = [1, 1, 1, 1, 1, 1, ] | dp = [2, 2, 1, 1, 1, 1, ] | algo = [0, 0, 0, 0, 0, 0, ] | rc = [50, 36, 16, 16, 13, 8] | gpus = [2, 2, 1, 1, 1, 1] | micro_bs = 8 | time = [79484, 74858, 75213, 76435, 76718, 82974] | memory = [47974, 47253, 47920, 47043, 46466, 47717]
cv:0.036357736653296696
line465:max stage:5, min stage:1, max_value:82974.51106133657, min_value:74858.50148966814
fix|84182.45|47974.14| op = [105, 106, 53, 53, 53, 49]| tp = [1, 1, 1, 1, 1, 1, ] | dp = [2, 2, 1, 1, 1, 1, ] | algo = [0, 0, 0, 0, 0, 0, ] | rc = [50, 38, 28, 17, 17, 6] | gpus = [2, 2, 1, 1, 1, 1] | micro_bs = 8 | time = [79536, 76712, 84182, 79159, 79743, 79901] | memory = [47974, 47353, 47732, 46563, 47490, 47717]
cv:0.027620614264720057
line465:max stage:2, min stage:1, max_value:84182.453164805, min_value:76712.19732504126
fix|88199.03|47993.27| op = [105, 107, 52, 53, 53, 49]| tp = [1, 1, 1, 1, 1, 1, ] | dp = [2, 2, 1, 1, 1, 1, ] | algo = [0, 0, 0, 0, 0, 0, ] | rc = [50, 50, 49, 17, 17, 6] | gpus = [2, 2, 1, 1, 1, 1] | micro_bs = 8 | time = [79572, 81992, 88199, 79195, 79779, 79937] | memory = [47974, 47993, 46440, 46563, 47490, 47717]
cv:0.0386740143068675
line465:max stage:2, min stage:3, max_value:88199.03248643139, min_value:79195.94332643138
fix|81954.26|47993.27| op = [105, 107, 51, 54, 53, 49]| tp = [1, 1, 1, 1, 1, 1, ] | dp = [2, 2, 1, 1, 1, 1, ] | algo = [0, 0, 0, 0, 0, 0, ] | rc = [50, 50, 27, 16, 17, 6] | gpus = [2, 2, 1, 1, 1, 1] | micro_bs = 8 | time = [79533, 81954, 79506, 77955, 79740, 79899] | memory = [47974, 47993, 47251, 47043, 47490, 47717]
best|81954.26|47993.27| op = [105, 107, 51, 54, 53, 49]| tp = [1, 1, 1, 1, 1, 1, ] | dp = [2, 2, 1, 1, 1, 1, ] | algo = [0, 0, 0, 0, 0, 0, ] | rc = [50, 50, 27, 16, 17, 6] | gpus = [2, 2, 1, 1, 1, 1] | micro_bs = 8 | time = [79533, 81954, 79506, 77955, 79740, 79899] | memory = [47974, 47993, 47251, 47043, 47490, 47717]
line146:config.memory_list:[47974.13800000008, 47993.27000000009, 47251.5, 47043.0, 47490.0, 47717.203]
line147:config.time_list:[79533.59386893178, 81954.26084478361, 79506.62433541624, 77955.52436041625, 79740.5294286803, 79899.11251039116]
------------------------------------------------------------------------------------------------------
cegis_search for the 0th times
开始求解check...
line351:
tp_list[1, 1, 1, 1, 1, 1, 1, 1, 1, 1, 1, 1, 1, 1, 1, 1, 1, 1, 1, 1, 1, 1, 1, 1, 1, 1, 1, 1, 1, 1, 1, 1, 1, 1, 1, 1, 1, 1, 1, 1, 1, 1, 1, 1, 1, 1, 1, 1, 1, 1, 1, 1, 1, 1, 1, 1, 1, 1, 1, 1, 1, 1, 1, 1, 1, 1, 1, 1, 1, 1, 1, 1, 1, 1, 1, 1, 1, 1, 1, 1, 1, 1, 1, 1, 1, 1, 1, 1, 1, 1, 1, 1, 1, 1, 1, 1, 1, 1, 1, 1, 1, 1, 1, 1, 1, 1, 1, 1, 1, 1, 1, 1, 1, 1, 1, 1, 1, 1, 1, 1, 1, 1, 1, 1, 1, 1, 1, 1, 1, 1, 1, 1, 1, 1, 1, 1, 1, 1, 1, 1, 1, 1, 1, 1, 1, 1, 1, 1, 1, 1, 1, 1, 1, 1, 1, 1, 1, 1, 1, 1, 1, 1, 1, 1, 1, 1, 1, 1, 1, 1, 1, 1, 1, 1, 1, 1, 1, 1, 1, 1, 1, 1, 1, 1, 1, 1, 1, 1, 1, 1, 1, 1, 1, 1, 1, 1, 1, 1, 1, 1, 1, 1, 1, 1, 1, 1, 1, 1, 1, 1, 1, 1, 1, 1, 1, 1, 1, 1, 1, 1, 1, 1, 1, 1, 1, 1, 1, 1, 1, 1, 1, 1, 1, 1, 1, 1, 1, 1, 1, 1, 1, 1, 1, 1, 1, 1, 1, 1, 1, 1, 1, 1, 1, 1, 1, 1, 1, 1, 1, 1, 1, 1, 1, 1, 1, 1, 1, 1, 1, 1, 1, 1, 1, 1, 1, 1, 1, 1, 1, 1, 1, 1, 1, 1, 1, 1, 1, 1, 1, 1, 1, 1, 1, 1, 1, 1, 1, 1, 1, 1, 1, 1, 1, 1, 1, 1, 1, 1, 1, 1, 1, 1, 1, 1, 1, 1, 1, 1, 1, 1, 1, 1, 1, 1, 1, 1, 1, 1, 1, 1, 1, 1, 1, 1, 1, 1, 1, 1, 1, 1, 1, 1, 1, 1, 1, 1, 1, 1, 1, 1, 1, 1, 1, 1, 1, 1, 1, 1, 1, 1, 1, 1, 1, 1, 1, 1, 1, 1, 1, 1, 1, 1, 1, 1, 1, 1, 1, 1, 1, 1, 1, 1, 1, 1, 1, 1, 1, 1, 1, 1, 1, 1, 1, 1, 1, 1, 1, 1, 1, 1, 1, 1, 1, 1, 1, 1, 1, 1, 1, 1, 1, 1, 1, 1, 1, 1, 1, 1, 1]
dp_list[2, 2, 2, 2, 2, 2, 2, 2, 2, 2, 2, 2, 2, 2, 2, 2, 2, 2, 2, 2, 2, 2, 2, 2, 2, 2, 2, 2, 2, 2, 2, 2, 2, 2, 2, 2, 2, 2, 2, 2, 2, 2, 2, 2, 2, 2, 2, 2, 2, 2, 2, 2, 2, 2, 2, 2, 2, 2, 2, 2, 2, 2, 2, 2, 2, 2, 2, 2, 2, 2, 2, 2, 2, 2, 2, 2, 2, 2, 2, 2, 2, 2, 2, 2, 2, 2, 2, 2, 2, 2, 2, 2, 2, 2, 2, 2, 2, 2, 2, 2, 2, 2, 2, 2, 2, 2, 2, 2, 2, 2, 2, 2, 2, 2, 2, 2, 2, 2, 2, 2, 2, 2, 2, 2, 2, 2, 2, 2, 2, 2, 2, 2, 2, 2, 2, 2, 2, 2, 2, 2, 2, 2, 2, 2, 2, 2, 2, 2, 2, 2, 2, 2, 2, 2, 2, 2, 2, 2, 2, 2, 2, 2, 2, 2, 2, 2, 2, 2, 2, 2, 2, 2, 2, 2, 2, 2, 2, 2, 2, 2, 2, 2, 2, 2, 2, 2, 2, 2, 2, 2, 2, 2, 2, 2, 2, 2, 2, 2, 2, 2, 2, 2, 2, 2, 2, 2, 2, 2, 2, 2, 2, 2, 1, 1, 1, 1, 1, 1, 1, 1, 1, 1, 1, 1, 1, 1, 1, 1, 1, 1, 1, 1, 1, 1, 1, 1, 1, 1, 1, 1, 1, 1, 1, 1, 1, 1, 1, 1, 1, 1, 1, 1, 1, 1, 1, 1, 1, 1, 1, 1, 1, 1, 1, 1, 1, 1, 1, 1, 1, 1, 1, 1, 1, 1, 1, 1, 1, 1, 1, 1, 1, 1, 1, 1, 1, 1, 1, 1, 1, 1, 1, 1, 1, 1, 1, 1, 1, 1, 1, 1, 1, 1, 1, 1, 1, 1, 1, 1, 1, 1, 1, 1, 1, 1, 1, 1, 1, 1, 1, 1, 1, 1, 1, 1, 1, 1, 1, 1, 1, 1, 1, 1, 1, 1, 1, 1, 1, 1, 1, 1, 1, 1, 1, 1, 1, 1, 1, 1, 1, 1, 1, 1, 1, 1, 1, 1, 1, 1, 1, 1, 1, 1, 1, 1, 1, 1, 1, 1, 1, 1, 1, 1, 1, 1, 1, 1, 1, 1, 1, 1, 1, 1, 1, 1, 1, 1, 1, 1, 1, 1, 1, 1, 1, 1, 1, 1, 1, 1, 1, 1, 1, 1, 1, 1, 1, 1, 1, 1, 1, 1, 1, 1, 1, 1, 1, 1, 1, 1, 1]
algo_list[0, 0, 0, 0, 0, 0, 0, 0, 0, 0, 0, 0, 0, 0, 0, 0, 0, 0, 0, 0, 0, 0, 0, 0, 0, 0, 0, 0, 0, 0, 0, 0, 0, 0, 0, 0, 0, 0, 0, 0, 0, 0, 0, 0, 0, 0, 0, 0, 0, 0, 0, 0, 0, 0, 0, 0, 0, 0, 0, 0, 0, 0, 0, 0, 0, 0, 0, 0, 0, 0, 0, 0, 0, 0, 0, 0, 0, 0, 0, 0, 0, 0, 0, 0, 0, 0, 0, 0, 0, 0, 0, 0, 0, 0, 0, 0, 0, 0, 0, 0, 0, 0, 0, 0, 0, 0, 0, 0, 0, 0, 0, 0, 0, 0, 0, 0, 0, 0, 0, 0, 0, 0, 0, 0, 0, 0, 0, 0, 0, 0, 0, 0, 0, 0, 0, 0, 0, 0, 0, 0, 0, 0, 0, 0, 0, 0, 0, 0, 0, 0, 0, 0, 0, 0, 0, 0, 0, 0, 0, 0, 0, 0, 0, 0, 0, 0, 0, 0, 0, 0, 0, 0, 0, 0, 0, 0, 0, 0, 0, 0, 0, 0, 0, 0, 0, 0, 0, 0, 0, 0, 0, 0, 0, 0, 0, 0, 0, 0, 0, 0, 0, 0, 0, 0, 0, 0, 0, 0, 0, 0, 0, 0, 0, 0, 0, 0, 0, 0, 0, 0, 0, 0, 0, 0, 0, 0, 0, 0, 0, 0, 0, 0, 0, 0, 0, 0, 0, 0, 0, 0, 0, 0, 0, 0, 0, 0, 0, 0, 0, 0, 0, 0, 0, 0, 0, 0, 0, 0, 0, 0, 0, 0, 0, 0, 0, 0, 0, 0, 0, 0, 0, 0, 0, 0, 0, 0, 0, 0, 0, 0, 0, 0, 0, 0, 0, 0, 0, 0, 0, 0, 0, 0, 0, 0, 0, 0, 0, 0, 0, 0, 0, 0, 0, 0, 0, 0, 0, 0, 0, 0, 0, 0, 0, 0, 0, 0, 0, 0, 0, 0, 0, 0, 0, 0, 0, 0, 0, 0, 0, 0, 0, 0, 0, 0, 0, 0, 0, 0, 0, 0, 0, 0, 0, 0, 0, 0, 0, 0, 0, 0, 0, 0, 0, 0, 0, 0, 0, 0, 0, 0, 0, 0, 0, 0, 0, 0, 0, 0, 0, 0, 0, 0, 0, 0, 0, 0, 0, 0, 0, 0, 0, 0, 0, 0, 0, 0, 0, 0, 0, 0, 0, 0, 0, 0, 0, 0, 0, 0, 0, 0, 0, 0, 0, 0, 0, 0, 0, 0, 0, 0, 0, 0, 0, 0, 0, 0, 0, 0, 0]

decode|81954.26|47993.27| op = [105, 107, 51, 54, 53, 49]| tp = [1, 1, 1, 1, 1, 1, ] | dp = [2, 2, 1, 1, 1, 1, ] | algo = [0, 0, 0, 0, 0, 0, ] | rc = [50, 50, 27, 16, 17, 6] | gpus = [2, 2, 1, 1, 1, 1] | micro_bs = 8 | time = [79533, 81954, 79506, 77955, 79740, 79899] | memory = [47974, 47993, 47251, 47043, 47490, 47717]
验证解
line465:max stage:1, min stage:3, max_value:81954.26084478361, min_value:77955.52436041625
fix|80054.48|47974.14| op = [105, 106, 51, 55, 53, 49]| tp = [1, 1, 1, 1, 1, 1, ] | dp = [2, 2, 1, 1, 1, 1, ] | algo = [0, 0, 0, 0, 0, 0, ] | rc = [50, 38, 16, 16, 17, 6] | gpus = [2, 2, 1, 1, 1, 1] | micro_bs = 8 | time = [79486, 76662, 70592, 80054, 79693, 79852] | memory = [47974, 47353, 46040, 47583, 47490, 47717]
cv:0.043609087342545365
line465:max stage:3, min stage:2, max_value:80054.4759435989, min_value:70592.53114533484
fix|79853.49|47974.14| op = [105, 106, 52, 54, 53, 49]| tp = [1, 1, 1, 1, 1, 1, ] | dp = [2, 2, 1, 1, 1, 1, ] | algo = [0, 0, 0, 0, 0, 0, ] | rc = [50, 38, 16, 16, 17, 6] | gpus = [2, 2, 1, 1, 1, 1] | micro_bs = 8 | time = [79487, 76664, 73071, 77909, 79694, 79853] | memory = [47974, 47353, 47300, 47043, 47490, 47717]
cv:0.0307476930980267
line465:max stage:5, min stage:2, max_value:79853.48799802882, min_value:73071.28558978987
fix|95566.13|47974.14| op = [105, 106, 53, 54, 53, 48]| tp = [1, 1, 1, 1, 1, 1, ] | dp = [2, 2, 1, 1, 1, 1, ] | algo = [0, 0, 0, 0, 0, 0, ] | rc = [50, 38, 28, 54, 12, 0] | gpus = [2, 2, 1, 1, 1, 1] | micro_bs = 8 | time = [79549, 76725, 84195, 95566, 73961, 72663] | memory = [47974, 47353, 47732, 45104, 46626, 45909]
cv:0.09628308064822161
line465:max stage:3, min stage:5, max_value:95566.13454245837, min_value:72663.26954130974
fix|84182.45|47974.14| op = [105, 106, 53, 53, 53, 49]| tp = [1, 1, 1, 1, 1, 1, ] | dp = [2, 2, 1, 1, 1, 1, ] | algo = [0, 0, 0, 0, 0, 0, ] | rc = [50, 38, 28, 17, 17, 6] | gpus = [2, 2, 1, 1, 1, 1] | micro_bs = 8 | time = [79536, 76712, 84182, 79159, 79743, 79901] | memory = [47974, 47353, 47732, 46563, 47490, 47717]
cv:0.027620614264720057
line465:max stage:2, min stage:1, max_value:84182.453164805, min_value:76712.19732504126
fix|88199.03|47993.27| op = [105, 107, 52, 53, 53, 49]| tp = [1, 1, 1, 1, 1, 1, ] | dp = [2, 2, 1, 1, 1, 1, ] | algo = [0, 0, 0, 0, 0, 0, ] | rc = [50, 50, 49, 17, 17, 6] | gpus = [2, 2, 1, 1, 1, 1] | micro_bs = 8 | time = [79572, 81992, 88199, 79195, 79779, 79937] | memory = [47974, 47993, 46440, 46563, 47490, 47717]
cv:0.0386740143068675
line465:max stage:2, min stage:3, max_value:88199.03248643139, min_value:79195.94332643138
fix|81954.26|47993.27| op = [105, 107, 51, 54, 53, 49]| tp = [1, 1, 1, 1, 1, 1, ] | dp = [2, 2, 1, 1, 1, 1, ] | algo = [0, 0, 0, 0, 0, 0, ] | rc = [50, 50, 27, 16, 17, 6] | gpus = [2, 2, 1, 1, 1, 1] | micro_bs = 8 | time = [79533, 81954, 79506, 77955, 79740, 79899] | memory = [47974, 47993, 47251, 47043, 47490, 47717]
best|79853.49|47974.14| op = [105, 106, 52, 54, 53, 49]| tp = [1, 1, 1, 1, 1, 1, ] | dp = [2, 2, 1, 1, 1, 1, ] | algo = [0, 0, 0, 0, 0, 0, ] | rc = [50, 38, 16, 16, 17, 6] | gpus = [2, 2, 1, 1, 1, 1] | micro_bs = 8 | time = [79487, 76664, 73071, 77909, 79694, 79853] | memory = [47974, 47353, 47300, 47043, 47490, 47717]
line146:config.memory_list:[47974.13800000008, 47353.27000000009, 47300.0, 47043.0, 47490.0, 47717.203]
line147:config.time_list:[79487.96935656945, 76664.09991329016, 73071.28558978987, 77909.89984805392, 79694.90491631796, 79853.48799802882]
求解成功
config has been saved to /home/liminglong.lml/sxz/SuperScaler/logs-large/aceso/configs/mbs/2048/gpt_2_6B_6stages_2026-5-15-13-21-40.json

========== Best Result (num_stages = 6) ==========
|79853.49|47974.14| op = [105, 106, 52, 54, 53, 49]| tp = [1, 1, 1, 1, 1, 1, ] | dp = [2, 2, 1, 1, 1, 1, ] | algo = [0, 0, 0, 0, 0, 0, ] | rc = [50, 38, 16, 16, 17, 6] | gpus = [2, 2, 1, 1, 1, 1] | micro_bs = 8 | time = [79487, 76664, 73071, 77909, 79694, 79853] | memory = [47974, 47353, 47300, 47043, 47490, 47717]
start|87070.06|47974.14| op = [105, 105, 52, 52, 52, 53]| tp = [1, 1, 1, 1, 1, 1, ] | dp = [2, 2, 1, 1, 1, 1, ] | algo = [0, 0, 0, 0, 0, 0, ] | rc = [50, 36, 16, 14, 10, 10] | gpus = [2, 2, 1, 1, 1, 1] | micro_bs = 8 | time = [79441, 74816, 72693, 71498, 69109, 87070] | memory = [47974, 47253, 46660, 46563, 46466, 47937]
fix|83812.73|47974.14| op = [105, 105, 52, 52, 53, 52]| tp = [1, 1, 1, 1, 1, 1, ] | dp = [2, 2, 1, 1, 1, 1, ] | algo = [0, 0, 0, 0, 0, 0, ] | rc = [50, 36, 16, 14, 10, 8] | gpus = [2, 2, 1, 1, 1, 1] | micro_bs = 8 | time = [79438, 74813, 72690, 71495, 71584, 83812] | memory = [47974, 47253, 46660, 46563, 47246, 47877]
fix|85038.41|47974.14| op = [105, 105, 52, 53, 53, 51]| tp = [1, 1, 1, 1, 1, 1, ] | dp = [2, 2, 1, 1, 1, 1, ] | algo = [0, 0, 0, 0, 0, 0, ] | rc = [50, 36, 16, 14, 12, 9] | gpus = [2, 2, 1, 1, 1, 1] | micro_bs = 8 | time = [79462, 74837, 72714, 73997, 74025, 85038] | memory = [47974, 47253, 46660, 47583, 46786, 47717]
fix|82974.51|47974.14| op = [105, 105, 53, 53, 53, 50]| tp = [1, 1, 1, 1, 1, 1, ] | dp = [2, 2, 1, 1, 1, 1, ] | algo = [0, 0, 0, 0, 0, 0, ] | rc = [50, 36, 16, 16, 13, 8] | gpus = [2, 2, 1, 1, 1, 1] | micro_bs = 8 | time = [79484, 74858, 75213, 76435, 76718, 82974] | memory = [47974, 47253, 47920, 47043, 46466, 47717]
fix|84182.45|47974.14| op = [105, 106, 53, 53, 53, 49]| tp = [1, 1, 1, 1, 1, 1, ] | dp = [2, 2, 1, 1, 1, 1, ] | algo = [0, 0, 0, 0, 0, 0, ] | rc = [50, 38, 28, 17, 17, 6] | gpus = [2, 2, 1, 1, 1, 1] | micro_bs = 8 | time = [79536, 76712, 84182, 79159, 79743, 79901] | memory = [47974, 47353, 47732, 46563, 47490, 47717]
fix|88199.03|47993.27| op = [105, 107, 52, 53, 53, 49]| tp = [1, 1, 1, 1, 1, 1, ] | dp = [2, 2, 1, 1, 1, 1, ] | algo = [0, 0, 0, 0, 0, 0, ] | rc = [50, 50, 49, 17, 17, 6] | gpus = [2, 2, 1, 1, 1, 1] | micro_bs = 8 | time = [79572, 81992, 88199, 79195, 79779, 79937] | memory = [47974, 47993, 46440, 46563, 47490, 47717]
fix|81954.26|47993.27| op = [105, 107, 51, 54, 53, 49]| tp = [1, 1, 1, 1, 1, 1, ] | dp = [2, 2, 1, 1, 1, 1, ] | algo = [0, 0, 0, 0, 0, 0, ] | rc = [50, 50, 27, 16, 17, 6] | gpus = [2, 2, 1, 1, 1, 1] | micro_bs = 8 | time = [79533, 81954, 79506, 77955, 79740, 79899] | memory = [47974, 47993, 47251, 47043, 47490, 47717]
best|81954.26|47993.27| op = [105, 107, 51, 54, 53, 49]| tp = [1, 1, 1, 1, 1, 1, ] | dp = [2, 2, 1, 1, 1, 1, ] | algo = [0, 0, 0, 0, 0, 0, ] | rc = [50, 50, 27, 16, 17, 6] | gpus = [2, 2, 1, 1, 1, 1] | micro_bs = 8 | time = [79533, 81954, 79506, 77955, 79740, 79899] | memory = [47974, 47993, 47251, 47043, 47490, 47717]
decode|81954.26|47993.27| op = [105, 107, 51, 54, 53, 49]| tp = [1, 1, 1, 1, 1, 1, ] | dp = [2, 2, 1, 1, 1, 1, ] | algo = [0, 0, 0, 0, 0, 0, ] | rc = [50, 50, 27, 16, 17, 6] | gpus = [2, 2, 1, 1, 1, 1] | micro_bs = 8 | time = [79533, 81954, 79506, 77955, 79740, 79899] | memory = [47974, 47993, 47251, 47043, 47490, 47717]
fix|80054.48|47974.14| op = [105, 106, 51, 55, 53, 49]| tp = [1, 1, 1, 1, 1, 1, ] | dp = [2, 2, 1, 1, 1, 1, ] | algo = [0, 0, 0, 0, 0, 0, ] | rc = [50, 38, 16, 16, 17, 6] | gpus = [2, 2, 1, 1, 1, 1] | micro_bs = 8 | time = [79486, 76662, 70592, 80054, 79693, 79852] | memory = [47974, 47353, 46040, 47583, 47490, 47717]
fix|79853.49|47974.14| op = [105, 106, 52, 54, 53, 49]| tp = [1, 1, 1, 1, 1, 1, ] | dp = [2, 2, 1, 1, 1, 1, ] | algo = [0, 0, 0, 0, 0, 0, ] | rc = [50, 38, 16, 16, 17, 6] | gpus = [2, 2, 1, 1, 1, 1] | micro_bs = 8 | time = [79487, 76664, 73071, 77909, 79694, 79853] | memory = [47974, 47353, 47300, 47043, 47490, 47717]
best|79853.49|47974.14| op = [105, 106, 52, 54, 53, 49]| tp = [1, 1, 1, 1, 1, 1, ] | dp = [2, 2, 1, 1, 1, 1, ] | algo = [0, 0, 0, 0, 0, 0, ] | rc = [50, 38, 16, 16, 17, 6] | gpus = [2, 2, 1, 1, 1, 1] | micro_bs = 8 | time = [79487, 76664, 73071, 77909, 79694, 79853] | memory = [47974, 47353, 47300, 47043, 47490, 47717]

num_targets: []
num_hops: []
search time = 0.00 s.  [0] 
num_explored_cases = 0
time trend: [87070]

stage 6 search time: 0.29 s
working on num_stages = 7
start|87488.21|47937.33| op = [105, 52, 52, 52, 52, 52, 54]| tp = [1, 1, 1, 1, 1, 1, 1, ] | dp = [2, 1, 1, 1, 1, 1, 1, ] | algo = [0, 0, 0, 0, 0, 0, 0, ] | rc = [56, 27, 22, 16, 14, 10, 10] | gpus = [2, 1, 1, 1, 1, 1, 1] | micro_bs = 8 | time = [82421, 79980, 76190, 72865, 71671, 69281, 87488] | memory = [47555, 46902, 47701, 46340, 46323, 46306, 47937]
line465:max stage:6, min stage:5, max_value:87488.21308356, min_value:69281.8750620599
fix|87389.45|47937.20| op = [105, 52, 52, 52, 52, 53, 53]| tp = [1, 1, 1, 1, 1, 1, 1, ] | dp = [2, 1, 1, 1, 1, 1, 1, ] | algo = [0, 0, 0, 0, 0, 0, 0, ] | rc = [56, 27, 22, 16, 14, 10, 10] | gpus = [2, 1, 1, 1, 1, 1, 1] | micro_bs = 8 | time = [82422, 79981, 76191, 72866, 71671, 69528, 87389] | memory = [47555, 46902, 47701, 46340, 46323, 46466, 47937]
cv:0.07715530208145867
line465:max stage:6, min stage:5, max_value:87389.44583301469, min_value:69528.56702151461
fix|84132.11|47877.20| op = [105, 52, 52, 52, 52, 54, 52]| tp = [1, 1, 1, 1, 1, 1, 1, ] | dp = [2, 1, 1, 1, 1, 1, 1, ] | algo = [0, 0, 0, 0, 0, 0, 0, ] | rc = [56, 27, 22, 16, 14, 10, 8] | gpus = [2, 1, 1, 1, 1, 1, 1] | micro_bs = 8 | time = [82419, 79978, 76188, 72863, 71668, 72002, 84132] | memory = [47555, 46902, 47701, 46340, 46323, 47246, 47877]
cv:0.06211180560343104
line465:max stage:6, min stage:4, max_value:84132.11325746973, min_value:71668.53341444444
fix|85357.07|47717.20| op = [105, 52, 52, 52, 53, 54, 51]| tp = [1, 1, 1, 1, 1, 1, 1, ] | dp = [2, 1, 1, 1, 1, 1, 1, ] | algo = [0, 0, 0, 0, 0, 0, 0, ] | rc = [56, 27, 22, 16, 14, 12, 9] | gpus = [2, 1, 1, 1, 1, 1, 1] | micro_bs = 8 | time = [82442, 80001, 76211, 72886, 71937, 76489, 85357] | memory = [47555, 46902, 47701, 46340, 46563, 47246, 47717]
cv:0.05865957436578351
line465:max stage:6, min stage:4, max_value:85357.0655950098, min_value:71937.83229565024
fix|83270.56|47717.20| op = [105, 52, 52, 52, 54, 54, 50]| tp = [1, 1, 1, 1, 1, 1, 1, ] | dp = [2, 1, 1, 1, 1, 1, 1, ] | algo = [0, 0, 0, 0, 0, 0, 0, ] | rc = [56, 27, 22, 16, 14, 12, 8] | gpus = [2, 1, 1, 1, 1, 1, 1] | micro_bs = 8 | time = [82441, 80000, 76210, 72885, 74414, 75813, 83270] | memory = [47555, 46902, 47701, 46340, 47583, 46786, 47717]
cv:0.048147343765604395
line465:max stage:6, min stage:3, max_value:83270.56306986939, min_value:72885.16823358001
fix|82471.99|47717.20| op = [105, 52, 52, 53, 54, 54, 49]| tp = [1, 1, 1, 1, 1, 1, 1, ] | dp = [2, 1, 1, 1, 1, 1, 1, ] | algo = [0, 0, 0, 0, 0, 0, 0, ] | rc = [56, 27, 22, 16, 16, 18, 6] | gpus = [2, 1, 1, 1, 1, 1, 1] | micro_bs = 8 | time = [82471, 80031, 76241, 73162, 78908, 82103, 80176] | memory = [47555, 46902, 47701, 46660, 47583, 47490, 47717]
cv:0.038812363695013063
line465:max stage:0, min stage:3, max_value:82471.99386068605, min_value:73162.04716778581
fix|82107.85|47975.16| op = [104, 52, 52, 54, 54, 54, 49]| tp = [1, 1, 1, 1, 1, 1, 1, ] | dp = [2, 1, 1, 1, 1, 1, 1, ] | algo = [0, 0, 0, 0, 0, 0, 0, ] | rc = [55, 27, 24, 16, 16, 18, 6] | gpus = [2, 1, 1, 1, 1, 1, 1] | micro_bs = 8 | time = [81982, 80182, 77500, 73419, 78913, 82107, 80181] | memory = [47975, 47382, 46501, 47460, 47583, 47490, 47717]
cv:0.035238893855435834
line465:max stage:5, min stage:3, max_value:82107.84612204351, min_value:73419.95321160016
fix|81985.84|47975.16| op = [104, 52, 52, 55, 54, 53, 49]| tp = [1, 1, 1, 1, 1, 1, 1, ] | dp = [2, 1, 1, 1, 1, 1, 1, ] | algo = [0, 0, 0, 0, 0, 0, 0, ] | rc = [55, 27, 24, 18, 16, 17, 6] | gpus = [2, 1, 1, 1, 1, 1, 1] | micro_bs = 8 | time = [81985, 80185, 77504, 77009, 78240, 80025, 80184] | memory = [47975, 47382, 46501, 47440, 47043, 47490, 47717]
cv:0.02072090391056616
line465:max stage:0, min stage:3, max_value:81985.83746641166, min_value:77009.0515610552
fix|81615.59|47840.50| op = [103, 52, 52, 56, 54, 53, 49]| tp = [1, 1, 1, 1, 1, 1, 1, ] | dp = [2, 1, 1, 1, 1, 1, 1, ] | algo = [0, 0, 0, 0, 0, 0, 0, ] | rc = [55, 28, 24, 20, 16, 17, 6] | gpus = [2, 1, 1, 1, 1, 1, 1] | micro_bs = 8 | time = [80841, 81615, 78040, 80876, 78258, 80043, 80202] | memory = [47295, 47382, 47701, 47840, 47043, 47490, 47717]
cv:0.01567300913719437
line465:max stage:1, min stage:2, max_value:81615.59499486712, min_value:78040.07169486712
fix|81116.73|47840.50| op = [103, 51, 53, 56, 54, 53, 49]| tp = [1, 1, 1, 1, 1, 1, 1, ] | dp = [2, 1, 1, 1, 1, 1, 1, ] | algo = [0, 0, 0, 0, 0, 0, 0, ] | rc = [55, 27, 26, 20, 16, 17, 6] | gpus = [2, 1, 1, 1, 1, 1, 1] | micro_bs = 8 | time = [80843, 81116, 79143, 80878, 78261, 80046, 80204] | memory = [47295, 47382, 47701, 47840, 47043, 47490, 47717]
best|81116.73|47840.50| op = [103, 51, 53, 56, 54, 53, 49]| tp = [1, 1, 1, 1, 1, 1, 1, ] | dp = [2, 1, 1, 1, 1, 1, 1, ] | algo = [0, 0, 0, 0, 0, 0, 0, ] | rc = [55, 27, 26, 20, 16, 17, 6] | gpus = [2, 1, 1, 1, 1, 1, 1] | micro_bs = 8 | time = [80843, 81116, 79143, 80878, 78261, 80046, 80204] | memory = [47295, 47382, 47701, 47840, 47043, 47490, 47717]
line146:config.memory_list:[47295.16100000008, 47382.0, 47701.099999999984, 47840.5, 47043.0, 47490.0, 47717.203]
line147:config.time_list:[80843.67844465711, 81116.73368782944, 79143.54878782945, 80878.80065296755, 78261.14059872532, 80046.14566698937, 80204.72874870023]
------------------------------------------------------------------------------------------------------
cegis_search for the 0th times
开始求解check...
line351:
tp_list[1, 1, 1, 1, 1, 1, 1, 1, 1, 1, 1, 1, 1, 1, 1, 1, 1, 1, 1, 1, 1, 1, 1, 1, 1, 1, 1, 1, 1, 1, 1, 1, 1, 1, 1, 1, 1, 1, 1, 1, 1, 1, 1, 1, 1, 1, 1, 1, 1, 1, 1, 1, 1, 1, 1, 1, 1, 1, 1, 1, 1, 1, 1, 1, 1, 1, 1, 1, 1, 1, 1, 1, 1, 1, 1, 1, 1, 1, 1, 1, 1, 1, 1, 1, 1, 1, 1, 1, 1, 1, 1, 1, 1, 1, 1, 1, 1, 1, 1, 1, 1, 1, 1, 1, 1, 1, 1, 1, 1, 1, 1, 1, 1, 1, 1, 1, 1, 1, 1, 1, 1, 1, 1, 1, 1, 1, 1, 1, 1, 1, 1, 1, 1, 1, 1, 1, 1, 1, 1, 1, 1, 1, 1, 1, 1, 1, 1, 1, 1, 1, 1, 1, 1, 1, 1, 1, 1, 1, 1, 1, 1, 1, 1, 1, 1, 1, 1, 1, 1, 1, 1, 1, 1, 1, 1, 1, 1, 1, 1, 1, 1, 1, 1, 1, 1, 1, 1, 1, 1, 1, 1, 1, 1, 1, 1, 1, 1, 1, 1, 1, 1, 1, 1, 1, 1, 1, 1, 1, 1, 1, 1, 1, 1, 1, 1, 1, 1, 1, 1, 1, 1, 1, 1, 1, 1, 1, 1, 1, 1, 1, 1, 1, 1, 1, 1, 1, 1, 1, 1, 1, 1, 1, 1, 1, 1, 1, 1, 1, 1, 1, 1, 1, 1, 1, 1, 1, 1, 1, 1, 1, 1, 1, 1, 1, 1, 1, 1, 1, 1, 1, 1, 1, 1, 1, 1, 1, 1, 1, 1, 1, 1, 1, 1, 1, 1, 1, 1, 1, 1, 1, 1, 1, 1, 1, 1, 1, 1, 1, 1, 1, 1, 1, 1, 1, 1, 1, 1, 1, 1, 1, 1, 1, 1, 1, 1, 1, 1, 1, 1, 1, 1, 1, 1, 1, 1, 1, 1, 1, 1, 1, 1, 1, 1, 1, 1, 1, 1, 1, 1, 1, 1, 1, 1, 1, 1, 1, 1, 1, 1, 1, 1, 1, 1, 1, 1, 1, 1, 1, 1, 1, 1, 1, 1, 1, 1, 1, 1, 1, 1, 1, 1, 1, 1, 1, 1, 1, 1, 1, 1, 1, 1, 1, 1, 1, 1, 1, 1, 1, 1, 1, 1, 1, 1, 1, 1, 1, 1, 1, 1, 1, 1, 1, 1, 1, 1, 1, 1, 1, 1, 1, 1, 1, 1, 1, 1, 1, 1, 1, 1]
dp_list[2, 2, 2, 2, 2, 2, 2, 2, 2, 2, 2, 2, 2, 2, 2, 2, 2, 2, 2, 2, 2, 2, 2, 2, 2, 2, 2, 2, 2, 2, 2, 2, 2, 2, 2, 2, 2, 2, 2, 2, 2, 2, 2, 2, 2, 2, 2, 2, 2, 2, 2, 2, 2, 2, 2, 2, 2, 2, 2, 2, 2, 2, 2, 2, 2, 2, 2, 2, 2, 2, 2, 2, 2, 2, 2, 2, 2, 2, 2, 2, 2, 2, 2, 2, 2, 2, 2, 2, 2, 2, 2, 2, 2, 2, 2, 2, 2, 2, 2, 2, 2, 2, 2, 1, 1, 1, 1, 1, 1, 1, 1, 1, 1, 1, 1, 1, 1, 1, 1, 1, 1, 1, 1, 1, 1, 1, 1, 1, 1, 1, 1, 1, 1, 1, 1, 1, 1, 1, 1, 1, 1, 1, 1, 1, 1, 1, 1, 1, 1, 1, 1, 1, 1, 1, 1, 1, 1, 1, 1, 1, 1, 1, 1, 1, 1, 1, 1, 1, 1, 1, 1, 1, 1, 1, 1, 1, 1, 1, 1, 1, 1, 1, 1, 1, 1, 1, 1, 1, 1, 1, 1, 1, 1, 1, 1, 1, 1, 1, 1, 1, 1, 1, 1, 1, 1, 1, 1, 1, 1, 1, 1, 1, 1, 1, 1, 1, 1, 1, 1, 1, 1, 1, 1, 1, 1, 1, 1, 1, 1, 1, 1, 1, 1, 1, 1, 1, 1, 1, 1, 1, 1, 1, 1, 1, 1, 1, 1, 1, 1, 1, 1, 1, 1, 1, 1, 1, 1, 1, 1, 1, 1, 1, 1, 1, 1, 1, 1, 1, 1, 1, 1, 1, 1, 1, 1, 1, 1, 1, 1, 1, 1, 1, 1, 1, 1, 1, 1, 1, 1, 1, 1, 1, 1, 1, 1, 1, 1, 1, 1, 1, 1, 1, 1, 1, 1, 1, 1, 1, 1, 1, 1, 1, 1, 1, 1, 1, 1, 1, 1, 1, 1, 1, 1, 1, 1, 1, 1, 1, 1, 1, 1, 1, 1, 1, 1, 1, 1, 1, 1, 1, 1, 1, 1, 1, 1, 1, 1, 1, 1, 1, 1, 1, 1, 1, 1, 1, 1, 1, 1, 1, 1, 1, 1, 1, 1, 1, 1, 1, 1, 1, 1, 1, 1, 1, 1, 1, 1, 1, 1, 1, 1, 1, 1, 1, 1, 1, 1, 1, 1, 1, 1, 1, 1, 1, 1, 1, 1, 1, 1, 1, 1, 1, 1, 1, 1, 1, 1, 1, 1, 1, 1, 1, 1, 1, 1, 1, 1, 1, 1]
algo_list[0, 0, 0, 0, 0, 0, 0, 0, 0, 0, 0, 0, 0, 0, 0, 0, 0, 0, 0, 0, 0, 0, 0, 0, 0, 0, 0, 0, 0, 0, 0, 0, 0, 0, 0, 0, 0, 0, 0, 0, 0, 0, 0, 0, 0, 0, 0, 0, 0, 0, 0, 0, 0, 0, 0, 0, 0, 0, 0, 0, 0, 0, 0, 0, 0, 0, 0, 0, 0, 0, 0, 0, 0, 0, 0, 0, 0, 0, 0, 0, 0, 0, 0, 0, 0, 0, 0, 0, 0, 0, 0, 0, 0, 0, 0, 0, 0, 0, 0, 0, 0, 0, 0, 0, 0, 0, 0, 0, 0, 0, 0, 0, 0, 0, 0, 0, 0, 0, 0, 0, 0, 0, 0, 0, 0, 0, 0, 0, 0, 0, 0, 0, 0, 0, 0, 0, 0, 0, 0, 0, 0, 0, 0, 0, 0, 0, 0, 0, 0, 0, 0, 0, 0, 0, 0, 0, 0, 0, 0, 0, 0, 0, 0, 0, 0, 0, 0, 0, 0, 0, 0, 0, 0, 0, 0, 0, 0, 0, 0, 0, 0, 0, 0, 0, 0, 0, 0, 0, 0, 0, 0, 0, 0, 0, 0, 0, 0, 0, 0, 0, 0, 0, 0, 0, 0, 0, 0, 0, 0, 0, 0, 0, 0, 0, 0, 0, 0, 0, 0, 0, 0, 0, 0, 0, 0, 0, 0, 0, 0, 0, 0, 0, 0, 0, 0, 0, 0, 0, 0, 0, 0, 0, 0, 0, 0, 0, 0, 0, 0, 0, 0, 0, 0, 0, 0, 0, 0, 0, 0, 0, 0, 0, 0, 0, 0, 0, 0, 0, 0, 0, 0, 0, 0, 0, 0, 0, 0, 0, 0, 0, 0, 0, 0, 0, 0, 0, 0, 0, 0, 0, 0, 0, 0, 0, 0, 0, 0, 0, 0, 0, 0, 0, 0, 0, 0, 0, 0, 0, 0, 0, 0, 0, 0, 0, 0, 0, 0, 0, 0, 0, 0, 0, 0, 0, 0, 0, 0, 0, 0, 0, 0, 0, 0, 0, 0, 0, 0, 0, 0, 0, 0, 0, 0, 0, 0, 0, 0, 0, 0, 0, 0, 0, 0, 0, 0, 0, 0, 0, 0, 0, 0, 0, 0, 0, 0, 0, 0, 0, 0, 0, 0, 0, 0, 0, 0, 0, 0, 0, 0, 0, 0, 0, 0, 0, 0, 0, 0, 0, 0, 0, 0, 0, 0, 0, 0, 0, 0, 0, 0, 0, 0, 0, 0, 0, 0, 0, 0, 0, 0, 0, 0, 0, 0, 0, 0, 0, 0, 0, 0]

decode|81116.73|47840.50| op = [103, 51, 53, 56, 54, 53, 49]| tp = [1, 1, 1, 1, 1, 1, 1, ] | dp = [2, 1, 1, 1, 1, 1, 1, ] | algo = [0, 0, 0, 0, 0, 0, 0, ] | rc = [55, 27, 26, 20, 16, 17, 6] | gpus = [2, 1, 1, 1, 1, 1, 1] | micro_bs = 8 | time = [80843, 81116, 79143, 80878, 78261, 80046, 80204] | memory = [47295, 47382, 47701, 47840, 47043, 47490, 47717]
验证解
line465:max stage:1, min stage:4, max_value:81116.73368782944, min_value:78261.14059872532
fix|82160.93|47860.58| op = [103, 50, 53, 56, 55, 53, 49]| tp = [1, 1, 1, 1, 1, 1, 1, ] | dp = [2, 1, 1, 1, 1, 1, 1, ] | algo = [0, 0, 0, 0, 0, 0, 0, ] | rc = [55, 24, 26, 20, 16, 17, 6] | gpus = [2, 1, 1, 1, 1, 1, 1] | micro_bs = 8 | time = [80835, 76250, 82160, 78572, 80399, 80038, 80196] | memory = [47295, 46982, 47541, 47860, 47583, 47490, 47717]
cv:0.021878171254107105
line465:max stage:2, min stage:1, max_value:82160.92606316539, min_value:76250.28634080976
fix|81110.36|47860.58| op = [103, 51, 52, 56, 55, 53, 49]| tp = [1, 1, 1, 1, 1, 1, 1, ] | dp = [2, 1, 1, 1, 1, 1, 1, ] | algo = [0, 0, 0, 0, 0, 0, 0, ] | rc = [55, 27, 24, 20, 16, 17, 6] | gpus = [2, 1, 1, 1, 1, 1, 1] | micro_bs = 8 | time = [80837, 81110, 77664, 78573, 80400, 80039, 80198] | memory = [47295, 47382, 47701, 47860, 47583, 47490, 47717]
best|81110.36|47860.58| op = [103, 51, 52, 56, 55, 53, 49]| tp = [1, 1, 1, 1, 1, 1, 1, ] | dp = [2, 1, 1, 1, 1, 1, 1, ] | algo = [0, 0, 0, 0, 0, 0, 0, ] | rc = [55, 27, 24, 20, 16, 17, 6] | gpus = [2, 1, 1, 1, 1, 1, 1] | micro_bs = 8 | time = [80837, 81110, 77664, 78573, 80400, 80039, 80198] | memory = [47295, 47382, 47701, 47860, 47583, 47490, 47717]
line146:config.memory_list:[47295.16100000008, 47382.0, 47701.099999999984, 47860.57999999999, 47583.0, 47490.0, 47717.203]
line147:config.time_list:[80837.30260340424, 81110.35784657657, 77664.2978689322, 78573.58396947486, 80400.641157877, 80039.7698257365, 80198.35290744736]
求解成功
config has been saved to /home/liminglong.lml/sxz/SuperScaler/logs-large/aceso/configs/mbs/2048/gpt_2_6B_7stages_2026-5-15-13-21-40.json

========== Best Result (num_stages = 7) ==========
|81110.36|47860.58| op = [103, 51, 52, 56, 55, 53, 49]| tp = [1, 1, 1, 1, 1, 1, 1, ] | dp = [2, 1, 1, 1, 1, 1, 1, ] | algo = [0, 0, 0, 0, 0, 0, 0, ] | rc = [55, 27, 24, 20, 16, 17, 6] | gpus = [2, 1, 1, 1, 1, 1, 1] | micro_bs = 8 | time = [80837, 81110, 77664, 78573, 80400, 80039, 80198] | memory = [47295, 47382, 47701, 47860, 47583, 47490, 47717]
start|87488.21|47937.33| op = [105, 52, 52, 52, 52, 52, 54]| tp = [1, 1, 1, 1, 1, 1, 1, ] | dp = [2, 1, 1, 1, 1, 1, 1, ] | algo = [0, 0, 0, 0, 0, 0, 0, ] | rc = [56, 27, 22, 16, 14, 10, 10] | gpus = [2, 1, 1, 1, 1, 1, 1] | micro_bs = 8 | time = [82421, 79980, 76190, 72865, 71671, 69281, 87488] | memory = [47555, 46902, 47701, 46340, 46323, 46306, 47937]
fix|87389.45|47937.20| op = [105, 52, 52, 52, 52, 53, 53]| tp = [1, 1, 1, 1, 1, 1, 1, ] | dp = [2, 1, 1, 1, 1, 1, 1, ] | algo = [0, 0, 0, 0, 0, 0, 0, ] | rc = [56, 27, 22, 16, 14, 10, 10] | gpus = [2, 1, 1, 1, 1, 1, 1] | micro_bs = 8 | time = [82422, 79981, 76191, 72866, 71671, 69528, 87389] | memory = [47555, 46902, 47701, 46340, 46323, 46466, 47937]
fix|84132.11|47877.20| op = [105, 52, 52, 52, 52, 54, 52]| tp = [1, 1, 1, 1, 1, 1, 1, ] | dp = [2, 1, 1, 1, 1, 1, 1, ] | algo = [0, 0, 0, 0, 0, 0, 0, ] | rc = [56, 27, 22, 16, 14, 10, 8] | gpus = [2, 1, 1, 1, 1, 1, 1] | micro_bs = 8 | time = [82419, 79978, 76188, 72863, 71668, 72002, 84132] | memory = [47555, 46902, 47701, 46340, 46323, 47246, 47877]
fix|85357.07|47717.20| op = [105, 52, 52, 52, 53, 54, 51]| tp = [1, 1, 1, 1, 1, 1, 1, ] | dp = [2, 1, 1, 1, 1, 1, 1, ] | algo = [0, 0, 0, 0, 0, 0, 0, ] | rc = [56, 27, 22, 16, 14, 12, 9] | gpus = [2, 1, 1, 1, 1, 1, 1] | micro_bs = 8 | time = [82442, 80001, 76211, 72886, 71937, 76489, 85357] | memory = [47555, 46902, 47701, 46340, 46563, 47246, 47717]
fix|83270.56|47717.20| op = [105, 52, 52, 52, 54, 54, 50]| tp = [1, 1, 1, 1, 1, 1, 1, ] | dp = [2, 1, 1, 1, 1, 1, 1, ] | algo = [0, 0, 0, 0, 0, 0, 0, ] | rc = [56, 27, 22, 16, 14, 12, 8] | gpus = [2, 1, 1, 1, 1, 1, 1] | micro_bs = 8 | time = [82441, 80000, 76210, 72885, 74414, 75813, 83270] | memory = [47555, 46902, 47701, 46340, 47583, 46786, 47717]
fix|82471.99|47717.20| op = [105, 52, 52, 53, 54, 54, 49]| tp = [1, 1, 1, 1, 1, 1, 1, ] | dp = [2, 1, 1, 1, 1, 1, 1, ] | algo = [0, 0, 0, 0, 0, 0, 0, ] | rc = [56, 27, 22, 16, 16, 18, 6] | gpus = [2, 1, 1, 1, 1, 1, 1] | micro_bs = 8 | time = [82471, 80031, 76241, 73162, 78908, 82103, 80176] | memory = [47555, 46902, 47701, 46660, 47583, 47490, 47717]
fix|82107.85|47975.16| op = [104, 52, 52, 54, 54, 54, 49]| tp = [1, 1, 1, 1, 1, 1, 1, ] | dp = [2, 1, 1, 1, 1, 1, 1, ] | algo = [0, 0, 0, 0, 0, 0, 0, ] | rc = [55, 27, 24, 16, 16, 18, 6] | gpus = [2, 1, 1, 1, 1, 1, 1] | micro_bs = 8 | time = [81982, 80182, 77500, 73419, 78913, 82107, 80181] | memory = [47975, 47382, 46501, 47460, 47583, 47490, 47717]
fix|81985.84|47975.16| op = [104, 52, 52, 55, 54, 53, 49]| tp = [1, 1, 1, 1, 1, 1, 1, ] | dp = [2, 1, 1, 1, 1, 1, 1, ] | algo = [0, 0, 0, 0, 0, 0, 0, ] | rc = [55, 27, 24, 18, 16, 17, 6] | gpus = [2, 1, 1, 1, 1, 1, 1] | micro_bs = 8 | time = [81985, 80185, 77504, 77009, 78240, 80025, 80184] | memory = [47975, 47382, 46501, 47440, 47043, 47490, 47717]
fix|81615.59|47840.50| op = [103, 52, 52, 56, 54, 53, 49]| tp = [1, 1, 1, 1, 1, 1, 1, ] | dp = [2, 1, 1, 1, 1, 1, 1, ] | algo = [0, 0, 0, 0, 0, 0, 0, ] | rc = [55, 28, 24, 20, 16, 17, 6] | gpus = [2, 1, 1, 1, 1, 1, 1] | micro_bs = 8 | time = [80841, 81615, 78040, 80876, 78258, 80043, 80202] | memory = [47295, 47382, 47701, 47840, 47043, 47490, 47717]
fix|81116.73|47840.50| op = [103, 51, 53, 56, 54, 53, 49]| tp = [1, 1, 1, 1, 1, 1, 1, ] | dp = [2, 1, 1, 1, 1, 1, 1, ] | algo = [0, 0, 0, 0, 0, 0, 0, ] | rc = [55, 27, 26, 20, 16, 17, 6] | gpus = [2, 1, 1, 1, 1, 1, 1] | micro_bs = 8 | time = [80843, 81116, 79143, 80878, 78261, 80046, 80204] | memory = [47295, 47382, 47701, 47840, 47043, 47490, 47717]
best|81116.73|47840.50| op = [103, 51, 53, 56, 54, 53, 49]| tp = [1, 1, 1, 1, 1, 1, 1, ] | dp = [2, 1, 1, 1, 1, 1, 1, ] | algo = [0, 0, 0, 0, 0, 0, 0, ] | rc = [55, 27, 26, 20, 16, 17, 6] | gpus = [2, 1, 1, 1, 1, 1, 1] | micro_bs = 8 | time = [80843, 81116, 79143, 80878, 78261, 80046, 80204] | memory = [47295, 47382, 47701, 47840, 47043, 47490, 47717]
decode|81116.73|47840.50| op = [103, 51, 53, 56, 54, 53, 49]| tp = [1, 1, 1, 1, 1, 1, 1, ] | dp = [2, 1, 1, 1, 1, 1, 1, ] | algo = [0, 0, 0, 0, 0, 0, 0, ] | rc = [55, 27, 26, 20, 16, 17, 6] | gpus = [2, 1, 1, 1, 1, 1, 1] | micro_bs = 8 | time = [80843, 81116, 79143, 80878, 78261, 80046, 80204] | memory = [47295, 47382, 47701, 47840, 47043, 47490, 47717]
fix|82160.93|47860.58| op = [103, 50, 53, 56, 55, 53, 49]| tp = [1, 1, 1, 1, 1, 1, 1, ] | dp = [2, 1, 1, 1, 1, 1, 1, ] | algo = [0, 0, 0, 0, 0, 0, 0, ] | rc = [55, 24, 26, 20, 16, 17, 6] | gpus = [2, 1, 1, 1, 1, 1, 1] | micro_bs = 8 | time = [80835, 76250, 82160, 78572, 80399, 80038, 80196] | memory = [47295, 46982, 47541, 47860, 47583, 47490, 47717]
fix|81110.36|47860.58| op = [103, 51, 52, 56, 55, 53, 49]| tp = [1, 1, 1, 1, 1, 1, 1, ] | dp = [2, 1, 1, 1, 1, 1, 1, ] | algo = [0, 0, 0, 0, 0, 0, 0, ] | rc = [55, 27, 24, 20, 16, 17, 6] | gpus = [2, 1, 1, 1, 1, 1, 1] | micro_bs = 8 | time = [80837, 81110, 77664, 78573, 80400, 80039, 80198] | memory = [47295, 47382, 47701, 47860, 47583, 47490, 47717]
best|81110.36|47860.58| op = [103, 51, 52, 56, 55, 53, 49]| tp = [1, 1, 1, 1, 1, 1, 1, ] | dp = [2, 1, 1, 1, 1, 1, 1, ] | algo = [0, 0, 0, 0, 0, 0, 0, ] | rc = [55, 27, 24, 20, 16, 17, 6] | gpus = [2, 1, 1, 1, 1, 1, 1] | micro_bs = 8 | time = [80837, 81110, 77664, 78573, 80400, 80039, 80198] | memory = [47295, 47382, 47701, 47860, 47583, 47490, 47717]

num_targets: []
num_hops: []
search time = 0.00 s.  [0] 
num_explored_cases = 0
time trend: [87488]

stage 7 search time: 0.33 s
working on num_stages = 8
start|89174.38|47817.33| op = [52, 52, 52, 52, 52, 52, 52, 55]| tp = [1, 1, 1, 1, 1, 1, 1, 1, ] | dp = [1, 1, 1, 1, 1, 1, 1, 1, ] | algo = [0, 0, 0, 0, 0, 0, 0, 0, ] | rc = [38, 36, 27, 24, 16, 14, 10, 12] | gpus = [1, 1, 1, 1, 1, 1, 1, 1] | micro_bs = 8 | time = [82661, 81987, 80452, 77770, 73336, 72142, 69753, 89174] | memory = [47779, 46939, 47382, 46501, 46660, 46563, 46466, 47817]
line465:max stage:7, min stage:6, max_value:89174.37597101972, min_value:69753.06306172503
fix|87807.69|47937.33| op = [52, 52, 52, 52, 52, 52, 53, 54]| tp = [1, 1, 1, 1, 1, 1, 1, 1, ] | dp = [1, 1, 1, 1, 1, 1, 1, 1, ] | algo = [0, 0, 0, 0, 0, 0, 0, 0, ] | rc = [38, 36, 27, 24, 16, 14, 10, 10] | gpus = [1, 1, 1, 1, 1, 1, 1, 1] | micro_bs = 8 | time = [82656, 81982, 80447, 77765, 73331, 72137, 69854, 87807] | memory = [47779, 46939, 47382, 46501, 46660, 46563, 46706, 47937]
cv:0.07310824902383659
line465:max stage:7, min stage:6, max_value:87807.69228062054, min_value:69854.70583632585
fix|87708.93|47937.20| op = [52, 52, 52, 52, 52, 52, 54, 53]| tp = [1, 1, 1, 1, 1, 1, 1, 1, ] | dp = [1, 1, 1, 1, 1, 1, 1, 1, ] | algo = [0, 0, 0, 0, 0, 0, 0, 0, ] | rc = [38, 36, 27, 24, 16, 14, 10, 10] | gpus = [1, 1, 1, 1, 1, 1, 1, 1] | micro_bs = 8 | time = [82657, 81983, 80447, 77766, 73332, 72137, 70101, 87708] | memory = [47779, 46939, 47382, 46501, 46660, 46563, 46866, 47937]
cv:0.0722533789190725
line465:max stage:7, min stage:6, max_value:87708.92503007523, min_value:70101.39779578055
fix|84451.59|47877.20| op = [52, 52, 52, 52, 52, 52, 55, 52]| tp = [1, 1, 1, 1, 1, 1, 1, 1, ] | dp = [1, 1, 1, 1, 1, 1, 1, 1, ] | algo = [0, 0, 0, 0, 0, 0, 0, 0, ] | rc = [38, 36, 27, 24, 16, 14, 10, 8] | gpus = [1, 1, 1, 1, 1, 1, 1, 1] | micro_bs = 8 | time = [82654, 81980, 80444, 77763, 73329, 72134, 72575, 84451] | memory = [47779, 46939, 47382, 46501, 46660, 46563, 47646, 47877]
cv:0.05907335343856486
line465:max stage:7, min stage:5, max_value:84451.59245453026, min_value:72134.79907591577
fix|85675.39|47779.62| op = [52, 52, 52, 52, 52, 53, 55, 51]| tp = [1, 1, 1, 1, 1, 1, 1, 1, ] | dp = [1, 1, 1, 1, 1, 1, 1, 1, ] | algo = [0, 0, 0, 0, 0, 0, 0, 0, ] | rc = [38, 36, 27, 24, 16, 14, 12, 9] | gpus = [1, 1, 1, 1, 1, 1, 1, 1] | micro_bs = 8 | time = [82676, 82002, 80466, 77785, 73351, 72263, 76907, 85675] | memory = [47779, 46939, 47382, 46501, 46660, 46923, 47246, 47717]
cv:0.055304785915470646
line465:max stage:7, min stage:5, max_value:85675.39357635162, min_value:72263.39547726768
fix|83588.17|47779.62| op = [52, 52, 52, 52, 52, 54, 55, 50]| tp = [1, 1, 1, 1, 1, 1, 1, 1, ] | dp = [1, 1, 1, 1, 1, 1, 1, 1, ] | algo = [0, 0, 0, 0, 0, 0, 0, 0, ] | rc = [38, 36, 27, 24, 16, 14, 12, 8] | gpus = [1, 1, 1, 1, 1, 1, 1, 1] | micro_bs = 8 | time = [82674, 82000, 80464, 77783, 73349, 72507, 78276, 83588] | memory = [47779, 46939, 47382, 46501, 46660, 47163, 47246, 47717]
cv:0.049447573183887955
line465:max stage:7, min stage:5, max_value:83588.16632887658, min_value:72507.67486172238
fix|82687.55|47810.00| op = [52, 52, 52, 52, 52, 55, 55, 49]| tp = [1, 1, 1, 1, 1, 1, 1, 1, ] | dp = [1, 1, 1, 1, 1, 1, 1, 1, ] | algo = [0, 0, 0, 0, 0, 0, 0, 0, ] | rc = [38, 36, 27, 24, 16, 16, 17, 6] | gpus = [1, 1, 1, 1, 1, 1, 1, 1] | micro_bs = 8 | time = [82687, 82013, 80478, 77796, 73362, 76106, 81201, 80476] | memory = [47779, 46939, 47382, 46501, 46660, 47223, 47810, 47717]
cv:0.038090492020950405
line465:max stage:0, min stage:4, max_value:82687.55220445474, min_value:73362.78501985759
fix|82869.74|47810.00| op = [51, 52, 52, 52, 53, 55, 55, 49]| tp = [1, 1, 1, 1, 1, 1, 1, 1, ] | dp = [1, 1, 1, 1, 1, 1, 1, 1, ] | algo = [0, 0, 0, 0, 0, 0, 0, 0, ] | rc = [36, 40, 28, 24, 18, 16, 17, 6] | gpus = [1, 1, 1, 1, 1, 1, 1, 1] | micro_bs = 8 | time = [80320, 82869, 81906, 78330, 77228, 76123, 81218, 80493] | memory = [47300, 46657, 47382, 47701, 47060, 47223, 47810, 47717]
cv:0.027632431963831316
line465:max stage:1, min stage:5, max_value:82869.73865464548, min_value:76123.37248031312
fix|82368.50|47810.00| op = [51, 51, 52, 52, 53, 56, 55, 49]| tp = [1, 1, 1, 1, 1, 1, 1, 1, ] | dp = [1, 1, 1, 1, 1, 1, 1, 1, ] | algo = [0, 0, 0, 0, 0, 0, 0, 0, ] | rc = [36, 39, 27, 24, 18, 18, 17, 6] | gpus = [1, 1, 1, 1, 1, 1, 1, 1] | micro_bs = 8 | time = [80320, 82368, 80874, 77959, 75277, 79972, 81218, 80493] | memory = [47300, 46657, 47142, 47701, 47620, 47623, 47810, 47717]
cv:0.02597745095238183
line465:max stage:1, min stage:4, max_value:82368.49550685516, min_value:75277.15843185515
fix|81212.46|47941.38| op = [51, 50, 52, 52, 54, 56, 55, 49]| tp = [1, 1, 1, 1, 1, 1, 1, 1, ] | dp = [1, 1, 1, 1, 1, 1, 1, 1, ] | algo = [0, 0, 0, 0, 0, 0, 0, 0, ] | rc = [36, 30, 27, 24, 20, 18, 17, 6] | gpus = [1, 1, 1, 1, 1, 1, 1, 1] | micro_bs = 8 | time = [80315, 77969, 80488, 77807, 78733, 79966, 81212, 80487] | memory = [47300, 47941, 47382, 46501, 47060, 47623, 47810, 47717]
cv:0.015019936090329467
line465:max stage:6, min stage:3, max_value:81212.45526382263, min_value:77807.27687636769
fix|82476.25|47941.38| op = [51, 50, 52, 53, 54, 56, 54, 49]| tp = [1, 1, 1, 1, 1, 1, 1, 1, ] | dp = [1, 1, 1, 1, 1, 1, 1, 1, ] | algo = [0, 0, 0, 0, 0, 0, 0, 0, ] | rc = [36, 30, 27, 26, 20, 18, 18, 6] | gpus = [1, 1, 1, 1, 1, 1, 1, 1] | micro_bs = 8 | time = [80339, 77994, 80513, 82476, 78534, 80705, 82439, 80512] | memory = [47300, 47941, 47382, 47541, 47060, 47223, 47490, 47717]
cv:0.018566311814303967
line465:max stage:3, min stage:1, max_value:82476.25254285165, min_value:77994.59482549604
fix|82440.15|47717.20| op = [51, 51, 52, 52, 54, 56, 54, 49]| tp = [1, 1, 1, 1, 1, 1, 1, 1, ] | dp = [1, 1, 1, 1, 1, 1, 1, 1, ] | algo = [0, 0, 0, 0, 0, 0, 0, 0, ] | rc = [36, 39, 27, 24, 20, 18, 18, 6] | gpus = [1, 1, 1, 1, 1, 1, 1, 1] | micro_bs = 8 | time = [80340, 82388, 80894, 77979, 78535, 80706, 82440, 80513] | memory = [47300, 46657, 47142, 47701, 47060, 47223, 47490, 47717]
cv:0.018515530486058696
line465:max stage:6, min stage:3, max_value:82440.14854473225, min_value:77979.28633292795
fix|82382.10|47717.20| op = [51, 51, 52, 53, 54, 56, 53, 49]| tp = [1, 1, 1, 1, 1, 1, 1, 1, ] | dp = [1, 1, 1, 1, 1, 1, 1, 1, ] | algo = [0, 0, 0, 0, 0, 0, 0, 0, ] | rc = [36, 39, 27, 26, 18, 16, 17, 6] | gpus = [1, 1, 1, 1, 1, 1, 1, 1] | micro_bs = 8 | time = [80334, 82382, 80887, 79445, 77348, 80808, 80348, 80506] | memory = [47300, 46657, 47142, 47701, 47540, 47583, 47490, 47717]
cv:0.016722675073140642
line465:max stage:1, min stage:4, max_value:82382.10115877185, min_value:77348.82690238475
fix|82468.92|47941.38| op = [51, 50, 52, 53, 55, 56, 53, 49]| tp = [1, 1, 1, 1, 1, 1, 1, 1, ] | dp = [1, 1, 1, 1, 1, 1, 1, 1, ] | algo = [0, 0, 0, 0, 0, 0, 0, 0, ] | rc = [36, 30, 27, 26, 20, 16, 17, 6] | gpus = [1, 1, 1, 1, 1, 1, 1, 1] | micro_bs = 8 | time = [80332, 77987, 80506, 82468, 78634, 80806, 80346, 80504] | memory = [47300, 47941, 47382, 47541, 47540, 47583, 47490, 47717]
cv:0.015950064953150853
line465:max stage:3, min stage:1, max_value:82468.9176296579, min_value:77987.25991230228
fix|82381.37|47717.20| op = [51, 51, 52, 52, 55, 56, 53, 49]| tp = [1, 1, 1, 1, 1, 1, 1, 1, ] | dp = [1, 1, 1, 1, 1, 1, 1, 1, ] | algo = [0, 0, 0, 0, 0, 0, 0, 0, ] | rc = [36, 39, 27, 24, 20, 16, 17, 6] | gpus = [1, 1, 1, 1, 1, 1, 1, 1] | micro_bs = 8 | time = [80333, 82381, 80886, 77971, 78635, 80807, 80347, 80506] | memory = [47300, 46657, 47142, 47701, 47540, 47583, 47490, 47717]
cv:0.0159712980448366
line465:max stage:1, min stage:3, max_value:82381.37232737856, min_value:77971.95141973418
fix|82468.92|47941.38| op = [51, 50, 52, 53, 55, 56, 53, 49]| tp = [1, 1, 1, 1, 1, 1, 1, 1, ] | dp = [1, 1, 1, 1, 1, 1, 1, 1, ] | algo = [0, 0, 0, 0, 0, 0, 0, 0, ] | rc = [36, 30, 27, 26, 20, 16, 17, 6] | gpus = [1, 1, 1, 1, 1, 1, 1, 1] | micro_bs = 8 | time = [80332, 77987, 80506, 82468, 78634, 80806, 80346, 80504] | memory = [47300, 47941, 47382, 47541, 47540, 47583, 47490, 47717]
cv:0.015950064953150853
line465:max stage:3, min stage:1, max_value:82468.9176296579, min_value:77987.25991230228
best|81212.46|47941.38| op = [51, 50, 52, 52, 54, 56, 55, 49]| tp = [1, 1, 1, 1, 1, 1, 1, 1, ] | dp = [1, 1, 1, 1, 1, 1, 1, 1, ] | algo = [0, 0, 0, 0, 0, 0, 0, 0, ] | rc = [36, 30, 27, 24, 20, 18, 17, 6] | gpus = [1, 1, 1, 1, 1, 1, 1, 1] | micro_bs = 8 | time = [80315, 77969, 80488, 77807, 78733, 79966, 81212, 80487] | memory = [47300, 47941, 47382, 46501, 47060, 47623, 47810, 47717]
line146:config.memory_list:[47300.496000000014, 47941.375, 47382.0, 46501.0, 47060.0, 47623.375, 47810.0, 47717.203]
line147:config.time_list:[80315.07147834219, 77969.74753846941, 80488.91935136767, 77807.27687636769, 78733.5090034694, 79966.92524306485, 81212.45526382263, 80487.41792379753]
------------------------------------------------------------------------------------------------------
cegis_search for the 0th times
开始求解check...
line351:
tp_list[1, 1, 1, 1, 1, 1, 1, 1, 1, 1, 1, 1, 1, 1, 1, 1, 1, 1, 1, 1, 1, 1, 1, 1, 1, 1, 1, 1, 1, 1, 1, 1, 1, 1, 1, 1, 1, 1, 1, 1, 1, 1, 1, 1, 1, 1, 1, 1, 1, 1, 1, 1, 1, 1, 1, 1, 1, 1, 1, 1, 1, 1, 1, 1, 1, 1, 1, 1, 1, 1, 1, 1, 1, 1, 1, 1, 1, 1, 1, 1, 1, 1, 1, 1, 1, 1, 1, 1, 1, 1, 1, 1, 1, 1, 1, 1, 1, 1, 1, 1, 1, 1, 1, 1, 1, 1, 1, 1, 1, 1, 1, 1, 1, 1, 1, 1, 1, 1, 1, 1, 1, 1, 1, 1, 1, 1, 1, 1, 1, 1, 1, 1, 1, 1, 1, 1, 1, 1, 1, 1, 1, 1, 1, 1, 1, 1, 1, 1, 1, 1, 1, 1, 1, 1, 1, 1, 1, 1, 1, 1, 1, 1, 1, 1, 1, 1, 1, 1, 1, 1, 1, 1, 1, 1, 1, 1, 1, 1, 1, 1, 1, 1, 1, 1, 1, 1, 1, 1, 1, 1, 1, 1, 1, 1, 1, 1, 1, 1, 1, 1, 1, 1, 1, 1, 1, 1, 1, 1, 1, 1, 1, 1, 1, 1, 1, 1, 1, 1, 1, 1, 1, 1, 1, 1, 1, 1, 1, 1, 1, 1, 1, 1, 1, 1, 1, 1, 1, 1, 1, 1, 1, 1, 1, 1, 1, 1, 1, 1, 1, 1, 1, 1, 1, 1, 1, 1, 1, 1, 1, 1, 1, 1, 1, 1, 1, 1, 1, 1, 1, 1, 1, 1, 1, 1, 1, 1, 1, 1, 1, 1, 1, 1, 1, 1, 1, 1, 1, 1, 1, 1, 1, 1, 1, 1, 1, 1, 1, 1, 1, 1, 1, 1, 1, 1, 1, 1, 1, 1, 1, 1, 1, 1, 1, 1, 1, 1, 1, 1, 1, 1, 1, 1, 1, 1, 1, 1, 1, 1, 1, 1, 1, 1, 1, 1, 1, 1, 1, 1, 1, 1, 1, 1, 1, 1, 1, 1, 1, 1, 1, 1, 1, 1, 1, 1, 1, 1, 1, 1, 1, 1, 1, 1, 1, 1, 1, 1, 1, 1, 1, 1, 1, 1, 1, 1, 1, 1, 1, 1, 1, 1, 1, 1, 1, 1, 1, 1, 1, 1, 1, 1, 1, 1, 1, 1, 1, 1, 1, 1, 1, 1, 1, 1, 1, 1, 1, 1, 1, 1, 1, 1, 1, 1, 1, 1, 1, 1, 1, 1, 1]
dp_list[1, 1, 1, 1, 1, 1, 1, 1, 1, 1, 1, 1, 1, 1, 1, 1, 1, 1, 1, 1, 1, 1, 1, 1, 1, 1, 1, 1, 1, 1, 1, 1, 1, 1, 1, 1, 1, 1, 1, 1, 1, 1, 1, 1, 1, 1, 1, 1, 1, 1, 1, 1, 1, 1, 1, 1, 1, 1, 1, 1, 1, 1, 1, 1, 1, 1, 1, 1, 1, 1, 1, 1, 1, 1, 1, 1, 1, 1, 1, 1, 1, 1, 1, 1, 1, 1, 1, 1, 1, 1, 1, 1, 1, 1, 1, 1, 1, 1, 1, 1, 1, 1, 1, 1, 1, 1, 1, 1, 1, 1, 1, 1, 1, 1, 1, 1, 1, 1, 1, 1, 1, 1, 1, 1, 1, 1, 1, 1, 1, 1, 1, 1, 1, 1, 1, 1, 1, 1, 1, 1, 1, 1, 1, 1, 1, 1, 1, 1, 1, 1, 1, 1, 1, 1, 1, 1, 1, 1, 1, 1, 1, 1, 1, 1, 1, 1, 1, 1, 1, 1, 1, 1, 1, 1, 1, 1, 1, 1, 1, 1, 1, 1, 1, 1, 1, 1, 1, 1, 1, 1, 1, 1, 1, 1, 1, 1, 1, 1, 1, 1, 1, 1, 1, 1, 1, 1, 1, 1, 1, 1, 1, 1, 1, 1, 1, 1, 1, 1, 1, 1, 1, 1, 1, 1, 1, 1, 1, 1, 1, 1, 1, 1, 1, 1, 1, 1, 1, 1, 1, 1, 1, 1, 1, 1, 1, 1, 1, 1, 1, 1, 1, 1, 1, 1, 1, 1, 1, 1, 1, 1, 1, 1, 1, 1, 1, 1, 1, 1, 1, 1, 1, 1, 1, 1, 1, 1, 1, 1, 1, 1, 1, 1, 1, 1, 1, 1, 1, 1, 1, 1, 1, 1, 1, 1, 1, 1, 1, 1, 1, 1, 1, 1, 1, 1, 1, 1, 1, 1, 1, 1, 1, 1, 1, 1, 1, 1, 1, 1, 1, 1, 1, 1, 1, 1, 1, 1, 1, 1, 1, 1, 1, 1, 1, 1, 1, 1, 1, 1, 1, 1, 1, 1, 1, 1, 1, 1, 1, 1, 1, 1, 1, 1, 1, 1, 1, 1, 1, 1, 1, 1, 1, 1, 1, 1, 1, 1, 1, 1, 1, 1, 1, 1, 1, 1, 1, 1, 1, 1, 1, 1, 1, 1, 1, 1, 1, 1, 1, 1, 1, 1, 1, 1, 1, 1, 1, 1, 1, 1, 1, 1, 1, 1, 1, 1, 1, 1, 1, 1, 1, 1, 1, 1, 1, 1, 1, 1, 1, 1, 1]
algo_list[0, 0, 0, 0, 0, 0, 0, 0, 0, 0, 0, 0, 0, 0, 0, 0, 0, 0, 0, 0, 0, 0, 0, 0, 0, 0, 0, 0, 0, 0, 0, 0, 0, 0, 0, 0, 0, 0, 0, 0, 0, 0, 0, 0, 0, 0, 0, 0, 0, 0, 0, 0, 0, 0, 0, 0, 0, 0, 0, 0, 0, 0, 0, 0, 0, 0, 0, 0, 0, 0, 0, 0, 0, 0, 0, 0, 0, 0, 0, 0, 0, 0, 0, 0, 0, 0, 0, 0, 0, 0, 0, 0, 0, 0, 0, 0, 0, 0, 0, 0, 0, 0, 0, 0, 0, 0, 0, 0, 0, 0, 0, 0, 0, 0, 0, 0, 0, 0, 0, 0, 0, 0, 0, 0, 0, 0, 0, 0, 0, 0, 0, 0, 0, 0, 0, 0, 0, 0, 0, 0, 0, 0, 0, 0, 0, 0, 0, 0, 0, 0, 0, 0, 0, 0, 0, 0, 0, 0, 0, 0, 0, 0, 0, 0, 0, 0, 0, 0, 0, 0, 0, 0, 0, 0, 0, 0, 0, 0, 0, 0, 0, 0, 0, 0, 0, 0, 0, 0, 0, 0, 0, 0, 0, 0, 0, 0, 0, 0, 0, 0, 0, 0, 0, 0, 0, 0, 0, 0, 0, 0, 0, 0, 0, 0, 0, 0, 0, 0, 0, 0, 0, 0, 0, 0, 0, 0, 0, 0, 0, 0, 0, 0, 0, 0, 0, 0, 0, 0, 0, 0, 0, 0, 0, 0, 0, 0, 0, 0, 0, 0, 0, 0, 0, 0, 0, 0, 0, 0, 0, 0, 0, 0, 0, 0, 0, 0, 0, 0, 0, 0, 0, 0, 0, 0, 0, 0, 0, 0, 0, 0, 0, 0, 0, 0, 0, 0, 0, 0, 0, 0, 0, 0, 0, 0, 0, 0, 0, 0, 0, 0, 0, 0, 0, 0, 0, 0, 0, 0, 0, 0, 0, 0, 0, 0, 0, 0, 0, 0, 0, 0, 0, 0, 0, 0, 0, 0, 0, 0, 0, 0, 0, 0, 0, 0, 0, 0, 0, 0, 0, 0, 0, 0, 0, 0, 0, 0, 0, 0, 0, 0, 0, 0, 0, 0, 0, 0, 0, 0, 0, 0, 0, 0, 0, 0, 0, 0, 0, 0, 0, 0, 0, 0, 0, 0, 0, 0, 0, 0, 0, 0, 0, 0, 0, 0, 0, 0, 0, 0, 0, 0, 0, 0, 0, 0, 0, 0, 0, 0, 0, 0, 0, 0, 0, 0, 0, 0, 0, 0, 0, 0, 0, 0, 0, 0, 0, 0, 0, 0, 0]

decode|82476.25|47941.38| op = [51, 50, 52, 53, 54, 56, 54, 49]| tp = [1, 1, 1, 1, 1, 1, 1, 1, ] | dp = [1, 1, 1, 1, 1, 1, 1, 1, ] | algo = [0, 0, 0, 0, 0, 0, 0, 0, ] | rc = [36, 30, 27, 26, 20, 18, 18, 6] | gpus = [1, 1, 1, 1, 1, 1, 1, 1] | micro_bs = 8 | time = [80339, 77994, 80513, 82476, 78534, 80705, 82439, 80512] | memory = [47300, 47941, 47382, 47541, 47060, 47223, 47490, 47717]
验证解
line465:max stage:3, min stage:1, max_value:82476.25254285165, min_value:77994.59482549604
fix|82440.15|47717.20| op = [51, 51, 52, 52, 54, 56, 54, 49]| tp = [1, 1, 1, 1, 1, 1, 1, 1, ] | dp = [1, 1, 1, 1, 1, 1, 1, 1, ] | algo = [0, 0, 0, 0, 0, 0, 0, 0, ] | rc = [36, 39, 27, 24, 20, 18, 18, 6] | gpus = [1, 1, 1, 1, 1, 1, 1, 1] | micro_bs = 8 | time = [80340, 82388, 80894, 77979, 78535, 80706, 82440, 80513] | memory = [47300, 46657, 47142, 47701, 47060, 47223, 47490, 47717]
cv:0.018515530486058696
line465:max stage:6, min stage:3, max_value:82440.14854473225, min_value:77979.28633292795
fix|82382.10|47717.20| op = [51, 51, 52, 53, 54, 56, 53, 49]| tp = [1, 1, 1, 1, 1, 1, 1, 1, ] | dp = [1, 1, 1, 1, 1, 1, 1, 1, ] | algo = [0, 0, 0, 0, 0, 0, 0, 0, ] | rc = [36, 39, 27, 26, 18, 16, 17, 6] | gpus = [1, 1, 1, 1, 1, 1, 1, 1] | micro_bs = 8 | time = [80334, 82382, 80887, 79445, 77348, 80808, 80348, 80506] | memory = [47300, 46657, 47142, 47701, 47540, 47583, 47490, 47717]
cv:0.016722675073140642
line465:max stage:1, min stage:4, max_value:82382.10115877185, min_value:77348.82690238475
fix|82468.92|47941.38| op = [51, 50, 52, 53, 55, 56, 53, 49]| tp = [1, 1, 1, 1, 1, 1, 1, 1, ] | dp = [1, 1, 1, 1, 1, 1, 1, 1, ] | algo = [0, 0, 0, 0, 0, 0, 0, 0, ] | rc = [36, 30, 27, 26, 20, 16, 17, 6] | gpus = [1, 1, 1, 1, 1, 1, 1, 1] | micro_bs = 8 | time = [80332, 77987, 80506, 82468, 78634, 80806, 80346, 80504] | memory = [47300, 47941, 47382, 47541, 47540, 47583, 47490, 47717]
cv:0.015950064953150853
line465:max stage:3, min stage:1, max_value:82468.9176296579, min_value:77987.25991230228
fix|82381.37|47717.20| op = [51, 51, 52, 52, 55, 56, 53, 49]| tp = [1, 1, 1, 1, 1, 1, 1, 1, ] | dp = [1, 1, 1, 1, 1, 1, 1, 1, ] | algo = [0, 0, 0, 0, 0, 0, 0, 0, ] | rc = [36, 39, 27, 24, 20, 16, 17, 6] | gpus = [1, 1, 1, 1, 1, 1, 1, 1] | micro_bs = 8 | time = [80333, 82381, 80886, 77971, 78635, 80807, 80347, 80506] | memory = [47300, 46657, 47142, 47701, 47540, 47583, 47490, 47717]
cv:0.0159712980448366
line465:max stage:1, min stage:3, max_value:82381.37232737856, min_value:77971.95141973418
fix|82468.92|47941.38| op = [51, 50, 52, 53, 55, 56, 53, 49]| tp = [1, 1, 1, 1, 1, 1, 1, 1, ] | dp = [1, 1, 1, 1, 1, 1, 1, 1, ] | algo = [0, 0, 0, 0, 0, 0, 0, 0, ] | rc = [36, 30, 27, 26, 20, 16, 17, 6] | gpus = [1, 1, 1, 1, 1, 1, 1, 1] | micro_bs = 8 | time = [80332, 77987, 80506, 82468, 78634, 80806, 80346, 80504] | memory = [47300, 47941, 47382, 47541, 47540, 47583, 47490, 47717]
cv:0.015950064953150853
line465:max stage:3, min stage:1, max_value:82468.9176296579, min_value:77987.25991230228
best|82381.37|47717.20| op = [51, 51, 52, 52, 55, 56, 53, 49]| tp = [1, 1, 1, 1, 1, 1, 1, 1, ] | dp = [1, 1, 1, 1, 1, 1, 1, 1, ] | algo = [0, 0, 0, 0, 0, 0, 0, 0, ] | rc = [36, 39, 27, 24, 20, 16, 17, 6] | gpus = [1, 1, 1, 1, 1, 1, 1, 1] | micro_bs = 8 | time = [80333, 82381, 80886, 77971, 78635, 80807, 80347, 80506] | memory = [47300, 46657, 47142, 47701, 47540, 47583, 47490, 47717]
line146:config.memory_list:[47300.496000000014, 46657.875, 47142.11999999998, 47701.099999999984, 47540.07999999999, 47583.375, 47490.0, 47717.203]
line147:config.time_list:[80333.66001279399, 82381.37232737856, 80886.93495973418, 77971.95141973418, 78635.12114334707, 80807.63754174921, 80347.42337653847, 80506.00645824934]
求解成功
config has been saved to /home/liminglong.lml/sxz/SuperScaler/logs-large/aceso/configs/mbs/2048/gpt_2_6B_8stages_2026-5-15-13-21-40.json

========== Best Result (num_stages = 8) ==========
|82381.37|47717.20| op = [51, 51, 52, 52, 55, 56, 53, 49]| tp = [1, 1, 1, 1, 1, 1, 1, 1, ] | dp = [1, 1, 1, 1, 1, 1, 1, 1, ] | algo = [0, 0, 0, 0, 0, 0, 0, 0, ] | rc = [36, 39, 27, 24, 20, 16, 17, 6] | gpus = [1, 1, 1, 1, 1, 1, 1, 1] | micro_bs = 8 | time = [80333, 82381, 80886, 77971, 78635, 80807, 80347, 80506] | memory = [47300, 46657, 47142, 47701, 47540, 47583, 47490, 47717]
start|89174.38|47817.33| op = [52, 52, 52, 52, 52, 52, 52, 55]| tp = [1, 1, 1, 1, 1, 1, 1, 1, ] | dp = [1, 1, 1, 1, 1, 1, 1, 1, ] | algo = [0, 0, 0, 0, 0, 0, 0, 0, ] | rc = [38, 36, 27, 24, 16, 14, 10, 12] | gpus = [1, 1, 1, 1, 1, 1, 1, 1] | micro_bs = 8 | time = [82661, 81987, 80452, 77770, 73336, 72142, 69753, 89174] | memory = [47779, 46939, 47382, 46501, 46660, 46563, 46466, 47817]
fix|87807.69|47937.33| op = [52, 52, 52, 52, 52, 52, 53, 54]| tp = [1, 1, 1, 1, 1, 1, 1, 1, ] | dp = [1, 1, 1, 1, 1, 1, 1, 1, ] | algo = [0, 0, 0, 0, 0, 0, 0, 0, ] | rc = [38, 36, 27, 24, 16, 14, 10, 10] | gpus = [1, 1, 1, 1, 1, 1, 1, 1] | micro_bs = 8 | time = [82656, 81982, 80447, 77765, 73331, 72137, 69854, 87807] | memory = [47779, 46939, 47382, 46501, 46660, 46563, 46706, 47937]
fix|87708.93|47937.20| op = [52, 52, 52, 52, 52, 52, 54, 53]| tp = [1, 1, 1, 1, 1, 1, 1, 1, ] | dp = [1, 1, 1, 1, 1, 1, 1, 1, ] | algo = [0, 0, 0, 0, 0, 0, 0, 0, ] | rc = [38, 36, 27, 24, 16, 14, 10, 10] | gpus = [1, 1, 1, 1, 1, 1, 1, 1] | micro_bs = 8 | time = [82657, 81983, 80447, 77766, 73332, 72137, 70101, 87708] | memory = [47779, 46939, 47382, 46501, 46660, 46563, 46866, 47937]
fix|84451.59|47877.20| op = [52, 52, 52, 52, 52, 52, 55, 52]| tp = [1, 1, 1, 1, 1, 1, 1, 1, ] | dp = [1, 1, 1, 1, 1, 1, 1, 1, ] | algo = [0, 0, 0, 0, 0, 0, 0, 0, ] | rc = [38, 36, 27, 24, 16, 14, 10, 8] | gpus = [1, 1, 1, 1, 1, 1, 1, 1] | micro_bs = 8 | time = [82654, 81980, 80444, 77763, 73329, 72134, 72575, 84451] | memory = [47779, 46939, 47382, 46501, 46660, 46563, 47646, 47877]
fix|85675.39|47779.62| op = [52, 52, 52, 52, 52, 53, 55, 51]| tp = [1, 1, 1, 1, 1, 1, 1, 1, ] | dp = [1, 1, 1, 1, 1, 1, 1, 1, ] | algo = [0, 0, 0, 0, 0, 0, 0, 0, ] | rc = [38, 36, 27, 24, 16, 14, 12, 9] | gpus = [1, 1, 1, 1, 1, 1, 1, 1] | micro_bs = 8 | time = [82676, 82002, 80466, 77785, 73351, 72263, 76907, 85675] | memory = [47779, 46939, 47382, 46501, 46660, 46923, 47246, 47717]
fix|83588.17|47779.62| op = [52, 52, 52, 52, 52, 54, 55, 50]| tp = [1, 1, 1, 1, 1, 1, 1, 1, ] | dp = [1, 1, 1, 1, 1, 1, 1, 1, ] | algo = [0, 0, 0, 0, 0, 0, 0, 0, ] | rc = [38, 36, 27, 24, 16, 14, 12, 8] | gpus = [1, 1, 1, 1, 1, 1, 1, 1] | micro_bs = 8 | time = [82674, 82000, 80464, 77783, 73349, 72507, 78276, 83588] | memory = [47779, 46939, 47382, 46501, 46660, 47163, 47246, 47717]
fix|82687.55|47810.00| op = [52, 52, 52, 52, 52, 55, 55, 49]| tp = [1, 1, 1, 1, 1, 1, 1, 1, ] | dp = [1, 1, 1, 1, 1, 1, 1, 1, ] | algo = [0, 0, 0, 0, 0, 0, 0, 0, ] | rc = [38, 36, 27, 24, 16, 16, 17, 6] | gpus = [1, 1, 1, 1, 1, 1, 1, 1] | micro_bs = 8 | time = [82687, 82013, 80478, 77796, 73362, 76106, 81201, 80476] | memory = [47779, 46939, 47382, 46501, 46660, 47223, 47810, 47717]
fix|82869.74|47810.00| op = [51, 52, 52, 52, 53, 55, 55, 49]| tp = [1, 1, 1, 1, 1, 1, 1, 1, ] | dp = [1, 1, 1, 1, 1, 1, 1, 1, ] | algo = [0, 0, 0, 0, 0, 0, 0, 0, ] | rc = [36, 40, 28, 24, 18, 16, 17, 6] | gpus = [1, 1, 1, 1, 1, 1, 1, 1] | micro_bs = 8 | time = [80320, 82869, 81906, 78330, 77228, 76123, 81218, 80493] | memory = [47300, 46657, 47382, 47701, 47060, 47223, 47810, 47717]
fix|82368.50|47810.00| op = [51, 51, 52, 52, 53, 56, 55, 49]| tp = [1, 1, 1, 1, 1, 1, 1, 1, ] | dp = [1, 1, 1, 1, 1, 1, 1, 1, ] | algo = [0, 0, 0, 0, 0, 0, 0, 0, ] | rc = [36, 39, 27, 24, 18, 18, 17, 6] | gpus = [1, 1, 1, 1, 1, 1, 1, 1] | micro_bs = 8 | time = [80320, 82368, 80874, 77959, 75277, 79972, 81218, 80493] | memory = [47300, 46657, 47142, 47701, 47620, 47623, 47810, 47717]
fix|81212.46|47941.38| op = [51, 50, 52, 52, 54, 56, 55, 49]| tp = [1, 1, 1, 1, 1, 1, 1, 1, ] | dp = [1, 1, 1, 1, 1, 1, 1, 1, ] | algo = [0, 0, 0, 0, 0, 0, 0, 0, ] | rc = [36, 30, 27, 24, 20, 18, 17, 6] | gpus = [1, 1, 1, 1, 1, 1, 1, 1] | micro_bs = 8 | time = [80315, 77969, 80488, 77807, 78733, 79966, 81212, 80487] | memory = [47300, 47941, 47382, 46501, 47060, 47623, 47810, 47717]
best|81212.46|47941.38| op = [51, 50, 52, 52, 54, 56, 55, 49]| tp = [1, 1, 1, 1, 1, 1, 1, 1, ] | dp = [1, 1, 1, 1, 1, 1, 1, 1, ] | algo = [0, 0, 0, 0, 0, 0, 0, 0, ] | rc = [36, 30, 27, 24, 20, 18, 17, 6] | gpus = [1, 1, 1, 1, 1, 1, 1, 1] | micro_bs = 8 | time = [80315, 77969, 80488, 77807, 78733, 79966, 81212, 80487] | memory = [47300, 47941, 47382, 46501, 47060, 47623, 47810, 47717]
decode|82476.25|47941.38| op = [51, 50, 52, 53, 54, 56, 54, 49]| tp = [1, 1, 1, 1, 1, 1, 1, 1, ] | dp = [1, 1, 1, 1, 1, 1, 1, 1, ] | algo = [0, 0, 0, 0, 0, 0, 0, 0, ] | rc = [36, 30, 27, 26, 20, 18, 18, 6] | gpus = [1, 1, 1, 1, 1, 1, 1, 1] | micro_bs = 8 | time = [80339, 77994, 80513, 82476, 78534, 80705, 82439, 80512] | memory = [47300, 47941, 47382, 47541, 47060, 47223, 47490, 47717]
fix|82440.15|47717.20| op = [51, 51, 52, 52, 54, 56, 54, 49]| tp = [1, 1, 1, 1, 1, 1, 1, 1, ] | dp = [1, 1, 1, 1, 1, 1, 1, 1, ] | algo = [0, 0, 0, 0, 0, 0, 0, 0, ] | rc = [36, 39, 27, 24, 20, 18, 18, 6] | gpus = [1, 1, 1, 1, 1, 1, 1, 1] | micro_bs = 8 | time = [80340, 82388, 80894, 77979, 78535, 80706, 82440, 80513] | memory = [47300, 46657, 47142, 47701, 47060, 47223, 47490, 47717]
fix|82382.10|47717.20| op = [51, 51, 52, 53, 54, 56, 53, 49]| tp = [1, 1, 1, 1, 1, 1, 1, 1, ] | dp = [1, 1, 1, 1, 1, 1, 1, 1, ] | algo = [0, 0, 0, 0, 0, 0, 0, 0, ] | rc = [36, 39, 27, 26, 18, 16, 17, 6] | gpus = [1, 1, 1, 1, 1, 1, 1, 1] | micro_bs = 8 | time = [80334, 82382, 80887, 79445, 77348, 80808, 80348, 80506] | memory = [47300, 46657, 47142, 47701, 47540, 47583, 47490, 47717]
fix|82468.92|47941.38| op = [51, 50, 52, 53, 55, 56, 53, 49]| tp = [1, 1, 1, 1, 1, 1, 1, 1, ] | dp = [1, 1, 1, 1, 1, 1, 1, 1, ] | algo = [0, 0, 0, 0, 0, 0, 0, 0, ] | rc = [36, 30, 27, 26, 20, 16, 17, 6] | gpus = [1, 1, 1, 1, 1, 1, 1, 1] | micro_bs = 8 | time = [80332, 77987, 80506, 82468, 78634, 80806, 80346, 80504] | memory = [47300, 47941, 47382, 47541, 47540, 47583, 47490, 47717]
fix|82381.37|47717.20| op = [51, 51, 52, 52, 55, 56, 53, 49]| tp = [1, 1, 1, 1, 1, 1, 1, 1, ] | dp = [1, 1, 1, 1, 1, 1, 1, 1, ] | algo = [0, 0, 0, 0, 0, 0, 0, 0, ] | rc = [36, 39, 27, 24, 20, 16, 17, 6] | gpus = [1, 1, 1, 1, 1, 1, 1, 1] | micro_bs = 8 | time = [80333, 82381, 80886, 77971, 78635, 80807, 80347, 80506] | memory = [47300, 46657, 47142, 47701, 47540, 47583, 47490, 47717]
best|82381.37|47717.20| op = [51, 51, 52, 52, 55, 56, 53, 49]| tp = [1, 1, 1, 1, 1, 1, 1, 1, ] | dp = [1, 1, 1, 1, 1, 1, 1, 1, ] | algo = [0, 0, 0, 0, 0, 0, 0, 0, ] | rc = [36, 39, 27, 24, 20, 16, 17, 6] | gpus = [1, 1, 1, 1, 1, 1, 1, 1] | micro_bs = 8 | time = [80333, 82381, 80886, 77971, 78635, 80807, 80347, 80506] | memory = [47300, 46657, 47142, 47701, 47540, 47583, 47490, 47717]

num_targets: []
num_hops: []
search time = 0.00 s.  [0] 
num_explored_cases = 0
time trend: [89174]

stage 8 search time: 0.26 s
# of stages	est_iteration_time(s)	est_thpt(samples/s)	est_mem(MB)	# of explored cases
2          	71.11                	28.80              	47946      	0                  
3          	74.90                	27.34              	47941      	0                  
4          	75.18                	27.24              	47941      	0                  

overall search time: 2.27 s
stage 0 search time: 0.07 s
stage 1 search time: 0.33 s
stage 2 search time: 0.15 s
stage 3 search time: 0.32 s
stage 4 search time: 0.53 s
stage 5 search time: 0.29 s
stage 6 search time: 0.33 s
stage 7 search time: 0.26 s
