------------------------ arguments ------------------------
  adaptive_hyper_parameters ....................... 5
  add_action_finetune_algo ........................ False
  add_action_finetune_dim ......................... False
  add_action_tp_dp_exchange ....................... False
  add_action_tune_tp_dp ........................... False
  check_recompute_with_group ...................... False
  config_save_path ................................ /home/liminglong.lml/sxz/SuperScaler/logs-large/aceso/configs/mbs/4096/
  config_suffix ................................... 2026-5-15-13-22-44
  consider_collective_memory ...................... False
  consider_reserved_space ......................... True
  consider_shared_space ........................... True
  continue_when_fail .............................. True
  decoder_seq_len ................................. 512
  end_num_stages .................................. 8
  finetune_after_trial ............................ 0
  finetune_tp_dp_after_trial ...................... False
  flex_recompute .................................. True
  forbid_turn_back ................................ False
  global_batch_size ............................... 4096
  high_memory_rate ................................ 0.9
  init_dim ........................................ tp
  initial_point ................................... balance
  log_path ........................................ /home/liminglong.lml/sxz/SuperScaler/logs-large/aceso/search/mbs/4096/
  max_num_hops .................................... 7
  max_num_trials .................................. 100
  max_op_move_steps ............................... 5
  max_tp .......................................... 8
  memory_limit .................................... 48000
  memory_main_params .............................. 2
  memory_optimizer ................................ 4
  memory_pred_type ................................ MAX
  micro_batch_size ................................ [1, 2, 4, 8]
  min_mbs ......................................... 1
  model_name ...................................... gpt
  model_size ...................................... 2_6B
  multi_process ................................... True
  num_algos ....................................... 2
  num_gpus ........................................ 8
  num_gpus_per_node ............................... 8
  num_layers ...................................... 32
  num_nodes ....................................... 1
  num_of_saved_configs ............................ 3
  num_partners_in_op_mig .......................... 1
  only_top_1_target ............................... False
  op_group_size ................................... 1
  peak_mem_in_backward ............................ 0
  predict_delta_time .............................. False
  print_debug_info ................................ False
  print_gpu_mig_details ........................... False
  print_move_op_details ........................... False
  print_recomp_debug_info ......................... False
  print_recompute_ops ............................. False
  profiled_time_path .............................. /home/liminglong.lml/sxz/SuperScaler/profiler/profiled-time-eurosys/
  random_order_actions ............................ False
  resharding ...................................... True
  save_to_csv ..................................... None
  seq_len ......................................... 2048
  simple_prim_mbs ................................. False
  simple_prim_mig ................................. False
  sort_metric ..................................... max_stage_time
  start_num_stages ................................ 1
  support_comm_predict ............................ False
  time_budget_per_trial ........................... 200
  time_budget_total ............................... 200
-------------------- end of arguments ---------------------
Starting CEGIS search with 1 to 8 stages...
working on num_stages = 1
start|186075.64|49713.10| op = [419]| tp = [1, ] | dp = [8, ] | algo = [0, ] | rc = [417] | gpus = [8] | micro_bs = 8 | time = [186075] | memory = [49713]
line146:config.memory_list:[49713.097]
line147:config.time_list:[186075.64251699185]
------------------------------------------------------------------------------------------------------
cegis_search for the 0th times
开始求解check...
line351:
tp_list[2, 2, 2, 2, 2, 2, 2, 2, 2, 2, 2, 2, 2, 2, 2, 2, 2, 2, 2, 2, 2, 2, 2, 2, 2, 2, 2, 2, 2, 2, 2, 2, 2, 2, 2, 2, 2, 2, 2, 2, 2, 2, 2, 2, 2, 2, 2, 2, 2, 2, 2, 2, 2, 2, 2, 2, 2, 2, 2, 2, 2, 2, 2, 2, 2, 2, 2, 2, 2, 2, 2, 2, 2, 2, 2, 2, 2, 2, 2, 2, 2, 2, 2, 2, 2, 2, 2, 2, 2, 2, 2, 2, 2, 2, 2, 2, 2, 2, 2, 2, 2, 2, 2, 2, 2, 2, 2, 2, 2, 2, 2, 2, 2, 2, 2, 2, 2, 2, 2, 2, 2, 2, 2, 2, 2, 2, 2, 2, 2, 2, 2, 2, 2, 2, 2, 2, 2, 2, 2, 2, 2, 2, 2, 2, 2, 2, 2, 2, 2, 2, 2, 2, 2, 2, 2, 2, 2, 2, 2, 2, 2, 2, 2, 2, 2, 2, 2, 2, 2, 2, 2, 2, 2, 2, 2, 2, 2, 2, 2, 2, 2, 2, 2, 2, 2, 2, 2, 2, 2, 2, 2, 2, 2, 2, 2, 2, 2, 2, 2, 2, 2, 2, 2, 2, 2, 2, 2, 2, 2, 2, 2, 2, 2, 2, 2, 2, 2, 2, 2, 2, 2, 2, 2, 2, 2, 2, 2, 2, 2, 2, 2, 2, 2, 2, 2, 2, 2, 2, 2, 2, 2, 2, 2, 2, 2, 2, 2, 2, 2, 2, 2, 2, 2, 2, 2, 2, 2, 2, 2, 2, 2, 2, 2, 2, 2, 2, 2, 2, 2, 2, 2, 2, 2, 2, 2, 2, 2, 2, 2, 2, 2, 2, 2, 2, 2, 2, 2, 2, 2, 2, 2, 2, 2, 2, 2, 2, 2, 2, 2, 2, 2, 2, 2, 2, 2, 2, 2, 2, 2, 2, 2, 2, 2, 2, 2, 2, 2, 2, 2, 2, 2, 2, 2, 2, 2, 2, 2, 2, 2, 2, 2, 2, 2, 2, 2, 2, 2, 2, 2, 2, 2, 2, 2, 2, 2, 2, 2, 2, 2, 2, 2, 2, 2, 2, 2, 2, 2, 2, 2, 2, 2, 2, 2, 2, 2, 2, 2, 2, 2, 2, 2, 2, 2, 2, 2, 2, 2, 2, 2, 2, 2, 2, 2, 2, 2, 2, 2, 2, 2, 2, 2, 2, 2, 2, 2, 2, 2, 2, 2, 2, 2, 2, 2, 2, 2, 2, 2, 2, 2, 2, 2, 2, 2, 2, 2, 2, 2, 2, 2]
dp_list[4, 4, 4, 4, 4, 4, 4, 4, 4, 4, 4, 4, 4, 4, 4, 4, 4, 4, 4, 4, 4, 4, 4, 4, 4, 4, 4, 4, 4, 4, 4, 4, 4, 4, 4, 4, 4, 4, 4, 4, 4, 4, 4, 4, 4, 4, 4, 4, 4, 4, 4, 4, 4, 4, 4, 4, 4, 4, 4, 4, 4, 4, 4, 4, 4, 4, 4, 4, 4, 4, 4, 4, 4, 4, 4, 4, 4, 4, 4, 4, 4, 4, 4, 4, 4, 4, 4, 4, 4, 4, 4, 4, 4, 4, 4, 4, 4, 4, 4, 4, 4, 4, 4, 4, 4, 4, 4, 4, 4, 4, 4, 4, 4, 4, 4, 4, 4, 4, 4, 4, 4, 4, 4, 4, 4, 4, 4, 4, 4, 4, 4, 4, 4, 4, 4, 4, 4, 4, 4, 4, 4, 4, 4, 4, 4, 4, 4, 4, 4, 4, 4, 4, 4, 4, 4, 4, 4, 4, 4, 4, 4, 4, 4, 4, 4, 4, 4, 4, 4, 4, 4, 4, 4, 4, 4, 4, 4, 4, 4, 4, 4, 4, 4, 4, 4, 4, 4, 4, 4, 4, 4, 4, 4, 4, 4, 4, 4, 4, 4, 4, 4, 4, 4, 4, 4, 4, 4, 4, 4, 4, 4, 4, 4, 4, 4, 4, 4, 4, 4, 4, 4, 4, 4, 4, 4, 4, 4, 4, 4, 4, 4, 4, 4, 4, 4, 4, 4, 4, 4, 4, 4, 4, 4, 4, 4, 4, 4, 4, 4, 4, 4, 4, 4, 4, 4, 4, 4, 4, 4, 4, 4, 4, 4, 4, 4, 4, 4, 4, 4, 4, 4, 4, 4, 4, 4, 4, 4, 4, 4, 4, 4, 4, 4, 4, 4, 4, 4, 4, 4, 4, 4, 4, 4, 4, 4, 4, 4, 4, 4, 4, 4, 4, 4, 4, 4, 4, 4, 4, 4, 4, 4, 4, 4, 4, 4, 4, 4, 4, 4, 4, 4, 4, 4, 4, 4, 4, 4, 4, 4, 4, 4, 4, 4, 4, 4, 4, 4, 4, 4, 4, 4, 4, 4, 4, 4, 4, 4, 4, 4, 4, 4, 4, 4, 4, 4, 4, 4, 4, 4, 4, 4, 4, 4, 4, 4, 4, 4, 4, 4, 4, 4, 4, 4, 4, 4, 4, 4, 4, 4, 4, 4, 4, 4, 4, 4, 4, 4, 4, 4, 4, 4, 4, 4, 4, 4, 4, 4, 4, 4, 4, 4, 4, 4, 4, 4, 4, 4, 4, 4, 4, 4, 4, 4, 4, 4, 4, 4, 4, 4]
algo_list[0, 0, 0, 0, 0, 0, 0, 0, 0, 0, 0, 0, 0, 0, 0, 0, 0, 0, 0, 0, 0, 0, 0, 0, 0, 0, 0, 0, 0, 0, 0, 0, 0, 0, 0, 0, 0, 0, 0, 0, 0, 0, 0, 0, 0, 0, 0, 0, 0, 0, 0, 0, 0, 0, 0, 0, 0, 0, 0, 0, 0, 0, 0, 0, 0, 0, 0, 0, 0, 0, 0, 0, 0, 0, 0, 0, 0, 0, 0, 0, 0, 0, 0, 0, 0, 0, 0, 0, 0, 0, 0, 0, 0, 0, 0, 0, 0, 0, 0, 0, 0, 0, 0, 0, 0, 0, 0, 0, 0, 0, 0, 0, 0, 0, 0, 0, 0, 0, 0, 0, 0, 0, 0, 0, 0, 0, 0, 0, 0, 0, 0, 0, 0, 0, 0, 0, 0, 0, 0, 0, 0, 0, 0, 0, 0, 0, 0, 0, 0, 0, 0, 0, 0, 0, 0, 0, 0, 0, 0, 0, 0, 0, 0, 0, 0, 0, 0, 0, 0, 0, 0, 0, 0, 0, 0, 0, 0, 0, 0, 0, 0, 0, 0, 0, 0, 0, 0, 0, 0, 0, 0, 0, 0, 0, 0, 0, 0, 0, 0, 0, 0, 0, 0, 0, 0, 0, 0, 0, 0, 0, 0, 0, 0, 0, 0, 0, 0, 0, 0, 0, 0, 0, 0, 0, 0, 0, 0, 0, 0, 0, 0, 0, 0, 0, 0, 0, 0, 0, 0, 0, 0, 0, 0, 0, 0, 0, 0, 0, 0, 0, 0, 0, 0, 0, 0, 0, 0, 0, 0, 0, 0, 0, 0, 0, 0, 0, 0, 0, 0, 0, 0, 0, 0, 0, 0, 0, 0, 0, 0, 0, 0, 0, 0, 0, 0, 0, 0, 0, 0, 0, 0, 0, 0, 0, 0, 0, 0, 0, 0, 0, 0, 0, 0, 0, 0, 0, 0, 0, 0, 0, 0, 0, 0, 0, 0, 0, 0, 0, 0, 0, 0, 0, 0, 0, 0, 0, 0, 0, 0, 0, 0, 0, 0, 0, 0, 0, 0, 0, 0, 0, 0, 0, 0, 0, 0, 0, 0, 0, 0, 0, 0, 0, 0, 0, 0, 0, 0, 0, 0, 0, 0, 0, 0, 0, 0, 0, 0, 0, 0, 0, 0, 0, 0, 0, 0, 0, 0, 0, 0, 0, 0, 0, 0, 0, 0, 0, 0, 0, 0, 0, 0, 0, 0, 0, 0, 0, 0, 0, 0, 0, 0, 0, 0, 0, 0, 0, 0, 0, 0, 0, 0, 0, 0, 0, 0, 0, 0, 0, 0]

decode|362709.30|41638.09| op = [419]| tp = [2, ] | dp = [4, ] | algo = [0, ] | rc = [0] | gpus = [8] | micro_bs = 4 | time = [362709] | memory = [41638]
验证解
line146:config.memory_list:[41638.090999999986]
line147:config.time_list:[362709.2974499834]
求解成功
config has been saved to /home/liminglong.lml/sxz/SuperScaler/logs-large/aceso/configs/mbs/4096/gpt_2_6B_1stages_2026-5-15-13-22-44.json

========== Best Result (num_stages = 1) ==========
|362709.30|41638.09| op = [419]| tp = [2, ] | dp = [4, ] | algo = [0, ] | rc = [0] | gpus = [8] | micro_bs = 4 | time = [362709] | memory = [41638]
start|186075.64|49713.10| op = [419]| tp = [1, ] | dp = [8, ] | algo = [0, ] | rc = [417] | gpus = [8] | micro_bs = 8 | time = [186075] | memory = [49713]
decode|362709.30|41638.09| op = [419]| tp = [2, ] | dp = [4, ] | algo = [0, ] | rc = [0] | gpus = [8] | micro_bs = 4 | time = [362709] | memory = [41638]

num_targets: []
num_hops: []
search time = 0.00 s.  [0] 
num_explored_cases = 0
time trend: [1073741824]

stage 1 search time: 0.07 s
working on num_stages = 2
start|141956.44|47946.08| op = [210, 209]| tp = [1, 1, ] | dp = [4, 4, ] | algo = [0, 0, ] | rc = [46, 26] | gpus = [4, 4] | micro_bs = 8 | time = [139431, 141956] | memory = [47946, 43591]
line146:config.memory_list:[47946.07799999998, 43591.04299999999]
line147:config.time_list:[139431.46403430044, 141956.44274846622]
------------------------------------------------------------------------------------------------------
cegis_search for the 0th times
开始求解check...
line351:
tp_list[1, 1, 1, 1, 1, 1, 1, 1, 1, 1, 1, 1, 1, 1, 1, 1, 1, 1, 1, 1, 1, 1, 1, 1, 1, 1, 1, 1, 1, 1, 1, 1, 1, 1, 1, 1, 1, 1, 1, 1, 1, 1, 1, 1, 1, 1, 1, 1, 1, 1, 1, 1, 1, 1, 1, 1, 1, 1, 1, 1, 1, 1, 1, 1, 1, 1, 1, 1, 1, 1, 1, 1, 1, 1, 1, 1, 1, 1, 1, 1, 1, 1, 1, 1, 1, 1, 1, 1, 1, 1, 1, 1, 1, 1, 1, 1, 1, 1, 1, 1, 1, 1, 1, 1, 1, 1, 1, 1, 1, 1, 1, 1, 1, 1, 1, 1, 1, 1, 1, 1, 1, 1, 1, 1, 1, 1, 1, 1, 1, 1, 1, 1, 1, 1, 1, 1, 1, 1, 1, 1, 1, 1, 1, 1, 1, 1, 1, 1, 1, 1, 1, 1, 1, 1, 1, 1, 1, 1, 1, 1, 1, 1, 1, 1, 1, 1, 1, 1, 1, 1, 1, 1, 1, 1, 1, 1, 1, 1, 1, 1, 1, 1, 1, 1, 1, 1, 1, 1, 1, 1, 1, 1, 1, 1, 1, 1, 1, 1, 1, 1, 1, 1, 1, 1, 1, 1, 1, 1, 1, 1, 1, 1, 1, 1, 1, 1, 1, 1, 1, 1, 1, 1, 1, 1, 1, 1, 1, 1, 1, 1, 1, 1, 1, 1, 1, 1, 1, 1, 1, 1, 1, 1, 1, 1, 1, 1, 1, 1, 1, 1, 1, 1, 1, 1, 1, 1, 1, 1, 1, 1, 1, 1, 1, 1, 1, 1, 1, 1, 1, 1, 1, 1, 1, 1, 1, 1, 1, 1, 1, 1, 1, 1, 1, 1, 1, 1, 1, 1, 1, 1, 1, 1, 1, 1, 1, 1, 1, 1, 1, 1, 1, 1, 1, 1, 1, 1, 1, 1, 1, 1, 1, 1, 1, 1, 1, 1, 1, 1, 1, 1, 1, 1, 1, 1, 1, 1, 1, 1, 1, 1, 1, 1, 1, 1, 1, 1, 1, 1, 1, 1, 1, 1, 1, 1, 1, 1, 1, 1, 1, 1, 1, 1, 1, 1, 1, 1, 1, 1, 1, 1, 1, 1, 1, 1, 1, 1, 1, 1, 1, 1, 1, 1, 1, 1, 1, 1, 1, 1, 1, 1, 1, 1, 1, 1, 1, 1, 1, 1, 1, 1, 1, 1, 1, 1, 1, 1, 1, 1, 1, 1, 1, 1, 1, 1, 1, 1, 1, 1, 1, 1, 1, 1, 1, 1, 1, 1, 1, 1, 1]
dp_list[4, 4, 4, 4, 4, 4, 4, 4, 4, 4, 4, 4, 4, 4, 4, 4, 4, 4, 4, 4, 4, 4, 4, 4, 4, 4, 4, 4, 4, 4, 4, 4, 4, 4, 4, 4, 4, 4, 4, 4, 4, 4, 4, 4, 4, 4, 4, 4, 4, 4, 4, 4, 4, 4, 4, 4, 4, 4, 4, 4, 4, 4, 4, 4, 4, 4, 4, 4, 4, 4, 4, 4, 4, 4, 4, 4, 4, 4, 4, 4, 4, 4, 4, 4, 4, 4, 4, 4, 4, 4, 4, 4, 4, 4, 4, 4, 4, 4, 4, 4, 4, 4, 4, 4, 4, 4, 4, 4, 4, 4, 4, 4, 4, 4, 4, 4, 4, 4, 4, 4, 4, 4, 4, 4, 4, 4, 4, 4, 4, 4, 4, 4, 4, 4, 4, 4, 4, 4, 4, 4, 4, 4, 4, 4, 4, 4, 4, 4, 4, 4, 4, 4, 4, 4, 4, 4, 4, 4, 4, 4, 4, 4, 4, 4, 4, 4, 4, 4, 4, 4, 4, 4, 4, 4, 4, 4, 4, 4, 4, 4, 4, 4, 4, 4, 4, 4, 4, 4, 4, 4, 4, 4, 4, 4, 4, 4, 4, 4, 4, 4, 4, 4, 4, 4, 4, 4, 4, 4, 4, 4, 4, 4, 4, 4, 4, 4, 4, 4, 4, 4, 4, 4, 4, 4, 4, 4, 4, 4, 4, 4, 4, 4, 4, 4, 4, 4, 4, 4, 4, 4, 4, 4, 4, 4, 4, 4, 4, 4, 4, 4, 4, 4, 4, 4, 4, 4, 4, 4, 4, 4, 4, 4, 4, 4, 4, 4, 4, 4, 4, 4, 4, 4, 4, 4, 4, 4, 4, 4, 4, 4, 4, 4, 4, 4, 4, 4, 4, 4, 4, 4, 4, 4, 4, 4, 4, 4, 4, 4, 4, 4, 4, 4, 4, 4, 4, 4, 4, 4, 4, 4, 4, 4, 4, 4, 4, 4, 4, 4, 4, 4, 4, 4, 4, 4, 4, 4, 4, 4, 4, 4, 4, 4, 4, 4, 4, 4, 4, 4, 4, 4, 4, 4, 4, 4, 4, 4, 4, 4, 4, 4, 4, 4, 4, 4, 4, 4, 4, 4, 4, 4, 4, 4, 4, 4, 4, 4, 4, 4, 4, 4, 4, 4, 4, 4, 4, 4, 4, 4, 4, 4, 4, 4, 4, 4, 4, 4, 4, 4, 4, 4, 4, 4, 4, 4, 4, 4, 4, 4, 4, 4, 4, 4, 4, 4, 4, 4, 4, 4, 4, 4, 4, 4, 4, 4, 4, 4, 4, 4, 4]
algo_list[0, 0, 0, 0, 0, 0, 0, 0, 0, 0, 0, 0, 0, 0, 0, 0, 0, 0, 0, 0, 0, 0, 0, 0, 0, 0, 0, 0, 0, 0, 0, 0, 0, 0, 0, 0, 0, 0, 0, 0, 0, 0, 0, 0, 0, 0, 0, 0, 0, 0, 0, 0, 0, 0, 0, 0, 0, 0, 0, 0, 0, 0, 0, 0, 0, 0, 0, 0, 0, 0, 0, 0, 0, 0, 0, 0, 0, 0, 0, 0, 0, 0, 0, 0, 0, 0, 0, 0, 0, 0, 0, 0, 0, 0, 0, 0, 0, 0, 0, 0, 0, 0, 0, 0, 0, 0, 0, 0, 0, 0, 0, 0, 0, 0, 0, 0, 0, 0, 0, 0, 0, 0, 0, 0, 0, 0, 0, 0, 0, 0, 0, 0, 0, 0, 0, 0, 0, 0, 0, 0, 0, 0, 0, 0, 0, 0, 0, 0, 0, 0, 0, 0, 0, 0, 0, 0, 0, 0, 0, 0, 0, 0, 0, 0, 0, 0, 0, 0, 0, 0, 0, 0, 0, 0, 0, 0, 0, 0, 0, 0, 0, 0, 0, 0, 0, 0, 0, 0, 0, 0, 0, 0, 0, 0, 0, 0, 0, 0, 0, 0, 0, 0, 0, 0, 0, 0, 0, 0, 0, 0, 0, 0, 0, 0, 0, 0, 0, 0, 0, 0, 0, 0, 0, 0, 0, 0, 0, 0, 0, 0, 0, 0, 0, 0, 0, 0, 0, 0, 0, 0, 0, 0, 0, 0, 0, 0, 0, 0, 0, 0, 0, 0, 0, 0, 0, 0, 0, 0, 0, 0, 0, 0, 0, 0, 0, 0, 0, 0, 0, 0, 0, 0, 0, 0, 0, 0, 0, 0, 0, 0, 0, 0, 0, 0, 0, 0, 0, 0, 0, 0, 0, 0, 0, 0, 0, 0, 0, 0, 0, 0, 0, 0, 0, 0, 0, 0, 0, 0, 0, 0, 0, 0, 0, 0, 0, 0, 0, 0, 0, 0, 0, 0, 0, 0, 0, 0, 0, 0, 0, 0, 0, 0, 0, 0, 0, 0, 0, 0, 0, 0, 0, 0, 0, 0, 0, 0, 0, 0, 0, 0, 0, 0, 0, 0, 0, 0, 0, 0, 0, 0, 0, 0, 0, 0, 0, 0, 0, 0, 0, 0, 0, 0, 0, 0, 0, 0, 0, 0, 0, 0, 0, 0, 0, 0, 0, 0, 0, 0, 0, 0, 0, 0, 0, 0, 0, 0, 0, 0, 0, 0, 0, 0, 0, 0, 0, 0, 0, 0, 0, 0, 0, 0, 0, 0, 0, 0, 0, 0, 0]

decode|141956.44|47946.08| op = [210, 209]| tp = [1, 1, ] | dp = [4, 4, ] | algo = [0, 0, ] | rc = [46, 26] | gpus = [4, 4] | micro_bs = 8 | time = [139431, 141956] | memory = [47946, 43591]
验证解
line146:config.memory_list:[47946.07799999998, 43591.04299999999]
line147:config.time_list:[139431.46403430044, 141956.44274846622]
求解成功
config has been saved to /home/liminglong.lml/sxz/SuperScaler/logs-large/aceso/configs/mbs/4096/gpt_2_6B_2stages_2026-5-15-13-22-44.json

========== Best Result (num_stages = 2) ==========
|141956.44|47946.08| op = [210, 209]| tp = [1, 1, ] | dp = [4, 4, ] | algo = [0, 0, ] | rc = [46, 26] | gpus = [4, 4] | micro_bs = 8 | time = [139431, 141956] | memory = [47946, 43591]
start|141956.44|47946.08| op = [210, 209]| tp = [1, 1, ] | dp = [4, 4, ] | algo = [0, 0, ] | rc = [46, 26] | gpus = [4, 4] | micro_bs = 8 | time = [139431, 141956] | memory = [47946, 43591]
decode|141956.44|47946.08| op = [210, 209]| tp = [1, 1, ] | dp = [4, 4, ] | algo = [0, 0, ] | rc = [46, 26] | gpus = [4, 4] | micro_bs = 8 | time = [139431, 141956] | memory = [47946, 43591]

num_targets: []
num_hops: []
search time = 0.00 s.  [0] 
num_explored_cases = 0
time trend: [141956]

stage 2 search time: 0.16 s
working on num_stages = 3
start|149249.12|47861.09| op = [210, 105, 104]| tp = [1, 1, 1, ] | dp = [4, 2, 2, ] | algo = [0, 0, 0, ] | rc = [60, 16, 14] | gpus = [4, 2, 2] | micro_bs = 8 | time = [143981, 137867, 149249] | memory = [47069, 46269, 47861]
line465:max stage:2, min stage:1, max_value:149249.12428874476, min_value:137867.85787873867
fix|149338.32|47941.09| op = [210, 106, 103]| tp = [1, 1, 1, ] | dp = [4, 2, 2, ] | algo = [0, 0, 0, ] | rc = [60, 18, 13] | gpus = [4, 2, 2] | micro_bs = 8 | time = [143990, 142450, 149338] | memory = [47069, 47293, 47941]
cv:0.02032005522648001
line465:max stage:2, min stage:1, max_value:149338.32120946737, min_value:142450.6191474613
fix|147240.27|47941.09| op = [210, 107, 102]| tp = [1, 1, 1, ] | dp = [4, 2, 2, ] | algo = [0, 0, 0, ] | rc = [60, 18, 12] | gpus = [4, 2, 2] | micro_bs = 8 | time = [143989, 143927, 147240] | memory = [47069, 47293, 47941]
best|147240.27|47941.09| op = [210, 107, 102]| tp = [1, 1, 1, ] | dp = [4, 2, 2, ] | algo = [0, 0, 0, ] | rc = [60, 18, 12] | gpus = [4, 2, 2] | micro_bs = 8 | time = [143989, 143927, 147240] | memory = [47069, 47293, 47941]
line146:config.memory_list:[47069.11699999997, 47293.984000000026, 47941.09400000001]
line147:config.time_list:[143989.13002472985, 143927.1552374613, 147240.27330746737]
------------------------------------------------------------------------------------------------------
cegis_search for the 0th times
开始求解check...
line351:
tp_list[1, 1, 1, 1, 1, 1, 1, 1, 1, 1, 1, 1, 1, 1, 1, 1, 1, 1, 1, 1, 1, 1, 1, 1, 1, 1, 1, 1, 1, 1, 1, 1, 1, 1, 1, 1, 1, 1, 1, 1, 1, 1, 1, 1, 1, 1, 1, 1, 1, 1, 1, 1, 1, 1, 1, 1, 1, 1, 1, 1, 1, 1, 1, 1, 1, 1, 1, 1, 1, 1, 1, 1, 1, 1, 1, 1, 1, 1, 1, 1, 1, 1, 1, 1, 1, 1, 1, 1, 1, 1, 1, 1, 1, 1, 1, 1, 1, 1, 1, 1, 1, 1, 1, 1, 1, 1, 1, 1, 1, 1, 1, 1, 1, 1, 1, 1, 1, 1, 1, 1, 1, 1, 1, 1, 1, 1, 1, 1, 1, 1, 1, 1, 1, 1, 1, 1, 1, 1, 1, 1, 1, 1, 1, 1, 1, 1, 1, 1, 1, 1, 1, 1, 1, 1, 1, 1, 1, 1, 1, 1, 1, 1, 1, 1, 1, 1, 1, 1, 1, 1, 1, 1, 1, 1, 1, 1, 1, 1, 1, 1, 1, 1, 1, 1, 1, 1, 1, 1, 1, 1, 1, 1, 1, 1, 1, 1, 1, 1, 1, 1, 1, 1, 1, 1, 1, 1, 1, 1, 1, 1, 2, 2, 2, 2, 2, 2, 2, 2, 2, 2, 2, 2, 2, 2, 2, 2, 2, 2, 2, 2, 2, 2, 2, 2, 2, 2, 2, 2, 2, 2, 2, 2, 2, 2, 2, 2, 2, 2, 2, 2, 2, 2, 2, 2, 2, 2, 2, 2, 2, 2, 2, 2, 2, 2, 2, 2, 2, 2, 2, 2, 2, 2, 2, 2, 2, 2, 2, 2, 2, 2, 2, 2, 2, 2, 2, 2, 2, 2, 2, 2, 2, 2, 2, 2, 2, 2, 2, 2, 2, 2, 2, 2, 2, 2, 2, 2, 2, 2, 2, 2, 2, 2, 2, 2, 2, 2, 2, 1, 1, 1, 1, 1, 1, 1, 1, 1, 1, 1, 1, 1, 1, 1, 1, 1, 1, 1, 1, 1, 1, 1, 1, 1, 1, 1, 1, 1, 1, 1, 1, 1, 1, 1, 1, 1, 1, 1, 1, 1, 1, 1, 1, 1, 1, 1, 1, 1, 1, 1, 1, 1, 1, 1, 1, 1, 1, 1, 1, 1, 1, 1, 1, 1, 1, 1, 1, 1, 1, 1, 1, 1, 1, 1, 1, 1, 1, 1, 1, 1, 1, 1, 1, 1, 1, 1, 1, 1, 1, 1, 1, 1, 1, 1, 1, 1, 1, 1, 1, 1, 1]
dp_list[4, 4, 4, 4, 4, 4, 4, 4, 4, 4, 4, 4, 4, 4, 4, 4, 4, 4, 4, 4, 4, 4, 4, 4, 4, 4, 4, 4, 4, 4, 4, 4, 4, 4, 4, 4, 4, 4, 4, 4, 4, 4, 4, 4, 4, 4, 4, 4, 4, 4, 4, 4, 4, 4, 4, 4, 4, 4, 4, 4, 4, 4, 4, 4, 4, 4, 4, 4, 4, 4, 4, 4, 4, 4, 4, 4, 4, 4, 4, 4, 4, 4, 4, 4, 4, 4, 4, 4, 4, 4, 4, 4, 4, 4, 4, 4, 4, 4, 4, 4, 4, 4, 4, 4, 4, 4, 4, 4, 4, 4, 4, 4, 4, 4, 4, 4, 4, 4, 4, 4, 4, 4, 4, 4, 4, 4, 4, 4, 4, 4, 4, 4, 4, 4, 4, 4, 4, 4, 4, 4, 4, 4, 4, 4, 4, 4, 4, 4, 4, 4, 4, 4, 4, 4, 4, 4, 4, 4, 4, 4, 4, 4, 4, 4, 4, 4, 4, 4, 4, 4, 4, 4, 4, 4, 4, 4, 4, 4, 4, 4, 4, 4, 4, 4, 4, 4, 4, 4, 4, 4, 4, 4, 4, 4, 4, 4, 4, 4, 4, 4, 4, 4, 4, 4, 4, 4, 4, 4, 4, 4, 1, 1, 1, 1, 1, 1, 1, 1, 1, 1, 1, 1, 1, 1, 1, 1, 1, 1, 1, 1, 1, 1, 1, 1, 1, 1, 1, 1, 1, 1, 1, 1, 1, 1, 1, 1, 1, 1, 1, 1, 1, 1, 1, 1, 1, 1, 1, 1, 1, 1, 1, 1, 1, 1, 1, 1, 1, 1, 1, 1, 1, 1, 1, 1, 1, 1, 1, 1, 1, 1, 1, 1, 1, 1, 1, 1, 1, 1, 1, 1, 1, 1, 1, 1, 1, 1, 1, 1, 1, 1, 1, 1, 1, 1, 1, 1, 1, 1, 1, 1, 1, 1, 1, 1, 1, 1, 1, 2, 2, 2, 2, 2, 2, 2, 2, 2, 2, 2, 2, 2, 2, 2, 2, 2, 2, 2, 2, 2, 2, 2, 2, 2, 2, 2, 2, 2, 2, 2, 2, 2, 2, 2, 2, 2, 2, 2, 2, 2, 2, 2, 2, 2, 2, 2, 2, 2, 2, 2, 2, 2, 2, 2, 2, 2, 2, 2, 2, 2, 2, 2, 2, 2, 2, 2, 2, 2, 2, 2, 2, 2, 2, 2, 2, 2, 2, 2, 2, 2, 2, 2, 2, 2, 2, 2, 2, 2, 2, 2, 2, 2, 2, 2, 2, 2, 2, 2, 2, 2, 2]
algo_list[0, 0, 0, 0, 0, 0, 0, 0, 0, 0, 0, 0, 0, 0, 0, 0, 0, 0, 0, 0, 0, 0, 0, 0, 0, 0, 0, 0, 0, 0, 0, 0, 0, 0, 0, 0, 0, 0, 0, 0, 0, 0, 0, 0, 0, 0, 0, 0, 0, 0, 0, 0, 0, 0, 0, 0, 0, 0, 0, 0, 0, 0, 0, 0, 0, 0, 0, 0, 0, 0, 0, 0, 0, 0, 0, 0, 0, 0, 0, 0, 0, 0, 0, 0, 0, 0, 0, 0, 0, 0, 0, 0, 0, 0, 0, 0, 0, 0, 0, 0, 0, 0, 0, 0, 0, 0, 0, 0, 0, 0, 0, 0, 0, 0, 0, 0, 0, 0, 0, 0, 0, 0, 0, 0, 0, 0, 0, 0, 0, 0, 0, 0, 0, 0, 0, 0, 0, 0, 0, 0, 0, 0, 0, 0, 0, 0, 0, 0, 0, 0, 0, 0, 0, 0, 0, 0, 0, 0, 0, 0, 0, 0, 0, 0, 0, 0, 0, 0, 0, 0, 0, 0, 0, 0, 0, 0, 0, 0, 0, 0, 0, 0, 0, 0, 0, 0, 0, 0, 0, 0, 0, 0, 0, 0, 0, 0, 0, 0, 0, 0, 0, 0, 0, 0, 0, 0, 0, 0, 0, 0, 0, 0, 0, 0, 0, 0, 0, 0, 0, 0, 0, 0, 0, 0, 0, 0, 0, 0, 0, 0, 0, 0, 0, 0, 0, 0, 0, 0, 0, 0, 0, 0, 0, 0, 0, 0, 0, 0, 0, 0, 0, 0, 0, 0, 0, 0, 0, 0, 0, 0, 0, 0, 0, 0, 0, 0, 0, 0, 0, 0, 0, 0, 0, 0, 0, 0, 0, 0, 0, 0, 0, 0, 0, 0, 0, 0, 0, 0, 0, 0, 0, 0, 0, 0, 0, 0, 0, 0, 0, 0, 0, 0, 0, 0, 0, 0, 0, 0, 0, 0, 0, 0, 0, 0, 0, 0, 0, 0, 0, 0, 0, 0, 0, 0, 0, 0, 0, 0, 0, 0, 0, 0, 0, 0, 0, 0, 0, 0, 0, 0, 0, 0, 0, 0, 0, 0, 0, 0, 0, 0, 0, 0, 0, 0, 0, 0, 0, 0, 0, 0, 0, 0, 0, 0, 0, 0, 0, 0, 0, 0, 0, 0, 0, 0, 0, 0, 0, 0, 0, 0, 0, 0, 0, 0, 0, 0, 0, 0, 0, 0, 0, 0, 0, 0, 0, 0, 0, 0, 0, 0, 0, 0, 0, 0, 0, 0, 0, 0, 0, 0, 0, 0, 0, 0, 0, 0, 0, 0, 0]

decode|334945.78|47941.09| op = [210, 107, 102]| tp = [1, 2, 1, ] | dp = [4, 1, 2, ] | algo = [0, 0, 0, ] | rc = [60, 18, 12] | gpus = [4, 2, 2] | micro_bs = 8 | time = [144362, 334945, 147613] | memory = [47069, 46986, 47941]
验证解
line465:max stage:1, min stage:0, max_value:334945.7779869113, min_value:144362.21327228736
fix|325897.83|47941.09| op = [211, 106, 102]| tp = [1, 2, 1, ] | dp = [4, 1, 2, ] | algo = [0, 0, 0, ] | rc = [60, 16, 12] | gpus = [4, 2, 2] | micro_bs = 8 | time = [145537, 325897, 147598] | memory = [47586, 47700, 47941]
cv:0.4097086693386248
line465:max stage:1, min stage:0, max_value:325897.825062697, min_value:145537.71962824493
fix|326481.80|47941.09| op = [212, 105, 102]| tp = [1, 2, 1, ] | dp = [4, 1, 2, ] | algo = [0, 0, 0, ] | rc = [62, 16, 12] | gpus = [4, 2, 2] | micro_bs = 8 | time = [147805, 326481, 147603] | memory = [47586, 47540, 47941]
cv:0.4065485661383912
line465:max stage:1, min stage:2, max_value:326481.80397524085, min_value:147603.57054383497
fix|325002.64|47941.09| op = [212, 104, 103]| tp = [1, 2, 1, ] | dp = [4, 1, 2, ] | algo = [0, 0, 0, ] | rc = [62, 16, 13] | gpus = [4, 2, 2] | micro_bs = 8 | time = [147807, 325002, 149701] | memory = [47586, 47540, 47941]
cv:0.4004158789226728
line465:max stage:1, min stage:0, max_value:325002.6367172408, min_value:147807.16992852205
fix|323520.83|47941.09| op = [213, 103, 103]| tp = [1, 2, 1, ] | dp = [4, 1, 2, ] | algo = [0, 0, 0, ] | rc = [62, 16, 13] | gpus = [4, 2, 2] | micro_bs = 8 | time = [148552, 323520, 149700] | memory = [47586, 47540, 47941]
cv:0.3966636277060892
line465:max stage:1, min stage:0, max_value:323520.8276572408, min_value:148552.6100675221
fix|320381.00|47970.62| op = [214, 102, 103]| tp = [1, 2, 1, ] | dp = [4, 1, 2, ] | algo = [0, 0, 0, ] | rc = [67, 14, 13] | gpus = [4, 2, 2] | micro_bs = 8 | time = [151100, 320381, 149699] | memory = [47970, 47540, 47941]
cv:0.3869981089723646
line465:max stage:1, min stage:2, max_value:320381.0007672408, min_value:149699.02439783493
fix|317007.65|47970.62| op = [214, 101, 104]| tp = [1, 2, 1, ] | dp = [4, 1, 2, ] | algo = [0, 0, 0, ] | rc = [67, 14, 14] | gpus = [4, 2, 2] | micro_bs = 8 | time = [151093, 317007, 149612] | memory = [47970, 45492, 47861]
cv:0.38155560048381554
line465:max stage:1, min stage:2, max_value:317007.65211629577, min_value:149612.18961113144
fix|308937.92|47970.62| op = [214, 100, 105]| tp = [1, 2, 1, ] | dp = [4, 1, 2, ] | algo = [0, 0, 0, ] | rc = [67, 14, 6] | gpus = [4, 2, 2] | micro_bs = 8 | time = [151074, 308937, 147463] | memory = [47970, 45102, 46537]
cv:0.3717847509252762
line465:max stage:1, min stage:2, max_value:308937.9235291901, min_value:147463.02151443282
fix|308441.96|47970.62| op = [214, 99, 106]| tp = [1, 2, 1, ] | dp = [4, 1, 2, ] | algo = [0, 0, 0, ] | rc = [67, 14, 6] | gpus = [4, 2, 2] | micro_bs = 8 | time = [151073, 308441, 147559] | memory = [47970, 44941, 46537]
cv:0.3707590849862538
line465:max stage:1, min stage:2, max_value:308441.964648863, min_value:147559.72059752693
fix|308235.10|47970.62| op = [214, 98, 107]| tp = [1, 2, 1, ] | dp = [4, 1, 2, ] | algo = [0, 0, 0, ] | rc = [67, 14, 6] | gpus = [4, 2, 2] | micro_bs = 8 | time = [151073, 308235, 147833] | memory = [47970, 44701, 46637]
cv:0.3699064369891319
line465:max stage:1, min stage:2, max_value:308235.10245809227, min_value:147833.96032188708
fix|300403.64|47970.62| op = [214, 97, 108]| tp = [1, 2, 1, ] | dp = [4, 1, 2, ] | algo = [0, 0, 0, ] | rc = [67, 14, 6] | gpus = [4, 2, 2] | micro_bs = 8 | time = [151063, 300403, 150655] | memory = [47970, 44341, 47197]
cv:0.3512376284789663
line465:max stage:1, min stage:2, max_value:300403.6379484531, min_value:150655.20529828873
fix|300031.12|47970.62| op = [214, 96, 109]| tp = [1, 2, 1, ] | dp = [4, 1, 2, ] | algo = [0, 0, 0, ] | rc = [67, 14, 6] | gpus = [4, 2, 2] | micro_bs = 8 | time = [151063, 300031, 151028] | memory = [47970, 44021, 47357]
cv:0.34992353099834894
line465:max stage:1, min stage:2, max_value:300031.123674231, min_value:151028.13356683796
fix|291541.78|47970.62| op = [214, 95, 110]| tp = [1, 2, 1, ] | dp = [4, 1, 2, ] | algo = [0, 0, 0, ] | rc = [67, 14, 6] | gpus = [4, 2, 2] | micro_bs = 8 | time = [151051, 291541, 153377] | memory = [47970, 43501, 47797]
cv:0.330652095042443
line465:max stage:1, min stage:0, max_value:291541.7776331903, min_value:151051.64922099098
fix|288028.65|47797.16| op = [215, 94, 110]| tp = [1, 2, 1, ] | dp = [4, 1, 2, ] | algo = [0, 0, 0, ] | rc = [64, 14, 6] | gpus = [4, 2, 2] | micro_bs = 8 | time = [149762, 288028, 153368] | memory = [47646, 41373, 47797]
cv:0.3265426820319533
line465:max stage:1, min stage:0, max_value:288028.6495619702, min_value:149762.58938349082
fix|281635.61|47819.12| op = [216, 93, 110]| tp = [1, 2, 1, ] | dp = [4, 1, 2, ] | algo = [0, 0, 0, ] | rc = [64, 14, 6] | gpus = [4, 2, 2] | micro_bs = 8 | time = [150076, 281635, 153356] | memory = [47819, 41243, 47797]
cv:0.31411318413251565
line465:max stage:1, min stage:0, max_value:281635.6059942855, min_value:150076.25658292597
fix|281126.34|47909.12| op = [217, 92, 110]| tp = [1, 2, 1, ] | dp = [4, 1, 2, ] | algo = [0, 0, 0, ] | rc = [64, 14, 6] | gpus = [4, 2, 2] | micro_bs = 8 | time = [150133, 281126, 153355] | memory = [47909, 40843, 47797]
cv:0.31305384979213785
line465:max stage:1, min stage:0, max_value:281126.34010240063, min_value:150133.62853282533
fix|280925.29|47969.21| op = [218, 91, 110]| tp = [1, 2, 1, ] | dp = [4, 1, 2, ] | algo = [0, 0, 0, ] | rc = [64, 14, 6] | gpus = [4, 2, 2] | micro_bs = 8 | time = [150278, 280925, 153355] | memory = [47969, 40843, 47797]
cv:0.31241698279986974
line465:max stage:1, min stage:0, max_value:280925.28783086065, min_value:150278.07501875624
fix|272850.47|47797.16| op = [219, 90, 110]| tp = [1, 2, 1, ] | dp = [4, 1, 2, ] | algo = [0, 0, 0, ] | rc = [66, 14, 6] | gpus = [4, 2, 2] | micro_bs = 8 | time = [152320, 272850, 153343] | memory = [47123, 40483, 47797]
cv:0.2933996901772299
line465:max stage:1, min stage:0, max_value:272850.4724531558, min_value:152320.89145642304
fix|272477.56|47797.16| op = [220, 89, 110]| tp = [1, 2, 1, ] | dp = [4, 1, 2, ] | algo = [0, 0, 0, ] | rc = [66, 14, 6] | gpus = [4, 2, 2] | micro_bs = 8 | time = [152517, 272477, 153343] | memory = [47363, 40163, 47797]
cv:0.29233486791098023
line465:max stage:1, min stage:0, max_value:272477.56173198816, min_value:152517.40384627497
fix|264227.67|47873.21| op = [221, 88, 110]| tp = [1, 2, 1, ] | dp = [4, 1, 2, ] | algo = [0, 0, 0, ] | rc = [66, 14, 6] | gpus = [4, 2, 2] | micro_bs = 8 | time = [153608, 264227, 153329] | memory = [47873, 39643, 47797]
cv:0.2742408370312258
line465:max stage:1, min stage:2, max_value:264227.6667292856, min_value:153329.2152941619
fix|263731.83|47873.21| op = [221, 87, 111]| tp = [1, 2, 1, ] | dp = [4, 1, 2, ] | algo = [0, 0, 0, ] | rc = [66, 14, 6] | gpus = [4, 2, 2] | micro_bs = 8 | time = [153607, 263731, 153429] | memory = [47873, 39483, 47797]
cv:0.27307833638616735
line465:max stage:1, min stage:2, max_value:263731.8318759584, min_value:153429.909740256
fix|263517.72|47897.22| op = [221, 86, 112]| tp = [1, 2, 1, ] | dp = [4, 1, 2, ] | algo = [0, 0, 0, ] | rc = [66, 14, 6] | gpus = [4, 2, 2] | micro_bs = 8 | time = [153607, 263517, 153705] | memory = [47873, 39243, 47897]
cv:0.2721768974401218
line465:max stage:1, min stage:0, max_value:263517.7150231876, min_value:153607.96273894224
fix|263015.71|47963.21| op = [222, 85, 112]| tp = [1, 2, 1, ] | dp = [4, 1, 2, ] | algo = [0, 0, 0, ] | rc = [66, 14, 6] | gpus = [4, 2, 2] | micro_bs = 8 | time = [153665, 263015, 153704] | memory = [47963, 38843, 47897]
cv:0.27107478724727785
line465:max stage:1, min stage:0, max_value:263015.70607630274, min_value:153665.2756468416
fix|262815.62|47897.22| op = [223, 84, 112]| tp = [1, 2, 1, ] | dp = [4, 1, 2, ] | algo = [0, 0, 0, ] | rc = [68, 14, 6] | gpus = [4, 2, 2] | micro_bs = 8 | time = [154363, 262815, 153705] | memory = [47783, 38843, 47897]
cv:0.2694795491587261
line465:max stage:1, min stage:2, max_value:262815.61944676266, min_value:153705.48184507698
fix|256399.01|47783.30| op = [223, 83, 113]| tp = [1, 2, 1, ] | dp = [4, 1, 2, ] | algo = [0, 0, 0, ] | rc = [68, 14, 8] | gpus = [4, 2, 2] | micro_bs = 8 | time = [154355, 256399, 155773] | memory = [47783, 38633, 45733]
cv:0.252978607236414
line465:max stage:1, min stage:0, max_value:256399.0082179703, min_value:154355.16055549082
fix|248543.41|47004.80| op = [224, 82, 113]| tp = [1, 2, 1, ] | dp = [4, 1, 2, ] | algo = [0, 0, 0, ] | rc = [68, 14, 8] | gpus = [4, 2, 2] | micro_bs = 8 | time = [155579, 248543, 155760] | memory = [47004, 38323, 45733]
cv:0.23459000683742576
line465:max stage:1, min stage:0, max_value:248543.406983756, min_value:155579.3673864484
fix|249130.04|47820.80| op = [225, 81, 113]| tp = [1, 2, 1, ] | dp = [4, 1, 2, ] | algo = [0, 0, 0, ] | rc = [75, 14, 8] | gpus = [4, 2, 2] | micro_bs = 8 | time = [159204, 249130, 155768] | memory = [47820, 38163, 45733]
cv:0.22987239841963666
line465:max stage:1, min stage:2, max_value:249130.03566829982, min_value:155768.80724916744
fix|249352.77|47820.80| op = [225, 80, 114]| tp = [1, 2, 1, ] | dp = [4, 1, 2, ] | algo = [0, 0, 0, ] | rc = [75, 13, 8] | gpus = [4, 2, 2] | micro_bs = 8 | time = [159211, 249352, 159334] | memory = [47820, 42691, 46797]
cv:0.224321756857546
line465:max stage:1, min stage:0, max_value:249352.76748224083, min_value:159211.67920252203
fix|247868.31|47004.80| op = [226, 79, 114]| tp = [1, 2, 1, ] | dp = [4, 1, 2, ] | algo = [0, 0, 0, ] | rc = [70, 13, 8] | gpus = [4, 2, 2] | micro_bs = 8 | time = [158600, 247868, 159330] | memory = [47004, 42691, 46797]
cv:0.22221832110230377
line465:max stage:1, min stage:0, max_value:247868.30865024086, min_value:158600.43607752206
fix|244738.09|47820.80| op = [227, 78, 114]| tp = [1, 2, 1, ] | dp = [4, 1, 2, ] | algo = [0, 0, 0, ] | rc = [93, 11, 8] | gpus = [4, 2, 2] | micro_bs = 8 | time = [166066, 244738, 159338] | memory = [47820, 42691, 46797]
cv:0.2039981794901824
line465:max stage:1, min stage:2, max_value:244738.08644624086, min_value:159338.76011683495
fix|240655.20|47820.80| op = [227, 77, 115]| tp = [1, 2, 1, ] | dp = [4, 1, 2, ] | algo = [0, 0, 0, ] | rc = [93, 8, 12] | gpus = [4, 2, 2] | micro_bs = 8 | time = [166067, 240655, 163897] | memory = [47820, 42691, 44493]
cv:0.18760379259623083
line465:max stage:1, min stage:2, max_value:240655.19653024085, min_value:163897.74481283495
fix|239174.82|47820.80| op = [227, 76, 116]| tp = [1, 2, 1, ] | dp = [4, 1, 2, ] | algo = [0, 0, 0, ] | rc = [93, 8, 12] | gpus = [4, 2, 2] | micro_bs = 8 | time = [166067, 239174, 165375] | memory = [47820, 42691, 44493]
cv:0.18205275898281162
line465:max stage:1, min stage:2, max_value:239174.8177482409, min_value:165375.48728783496
fix|234392.61|47820.80| op = [227, 75, 117]| tp = [1, 2, 1, ] | dp = [4, 1, 2, ] | algo = [0, 0, 0, ] | rc = [93, 6, 12] | gpus = [4, 2, 2] | micro_bs = 8 | time = [166056, 234392, 164770] | memory = [47820, 45251, 44573]
cv:0.17261197370387266
line465:max stage:1, min stage:2, max_value:234392.61033729583, min_value:164770.72019713145
fix|226331.32|47820.80| op = [227, 74, 118]| tp = [1, 2, 1, ] | dp = [4, 1, 2, ] | algo = [0, 0, 0, ] | rc = [93, 6, 12] | gpus = [4, 2, 2] | micro_bs = 8 | time = [166045, 226331, 166942] | memory = [47820, 44861, 44913]
cv:0.15130942134230785
line465:max stage:1, min stage:0, max_value:226331.32105919023, min_value:166045.062231991
fix|222808.59|47064.80| op = [228, 73, 118]| tp = [1, 2, 1, ] | dp = [4, 1, 2, ] | algo = [0, 0, 0, ] | rc = [72, 6, 12] | gpus = [4, 2, 2] | micro_bs = 8 | time = [159838, 222808, 166923] | memory = [47064, 42733, 44913]
cv:0.1537385008897229
line465:max stage:1, min stage:0, max_value:222808.58830197022, min_value:159838.40316249087
fix|215007.69|47237.30| op = [229, 72, 118]| tp = [1, 2, 1, ] | dp = [4, 1, 2, ] | algo = [0, 0, 0, ] | rc = [72, 4, 12] | gpus = [4, 2, 2] | micro_bs = 8 | time = [160149, 215007, 166908] | memory = [47237, 47211, 44913]
cv:0.13516973193838724
line465:max stage:1, min stage:0, max_value:215007.6921902855, min_value:160149.320649926
fix|214498.43|47327.30| op = [230, 71, 118]| tp = [1, 2, 1, ] | dp = [4, 1, 2, ] | algo = [0, 0, 0, ] | rc = [72, 4, 12] | gpus = [4, 2, 2] | micro_bs = 8 | time = [160206, 214498, 166908] | memory = [47327, 46811, 44913]
cv:0.1338733338063112
line465:max stage:1, min stage:0, max_value:214498.42629840068, min_value:160206.69259982527
fix|214297.37|47387.40| op = [231, 70, 118]| tp = [1, 2, 1, ] | dp = [4, 1, 2, ] | algo = [0, 0, 0, ] | rc = [72, 4, 12] | gpus = [4, 2, 2] | micro_bs = 8 | time = [160351, 214297, 166907] | memory = [47387, 46810, 44913]
cv:0.13314167395705503
line465:max stage:1, min stage:0, max_value:214297.37402686066, min_value:160351.13908575627
fix|206222.47|47837.40| op = [232, 69, 118]| tp = [1, 2, 1, ] | dp = [4, 1, 2, ] | algo = [0, 0, 0, ] | rc = [74, 4, 12] | gpus = [4, 2, 2] | micro_bs = 8 | time = [162347, 206222, 166896] | memory = [47837, 46450, 44913]
cv:0.11036243191631973
line465:max stage:1, min stage:0, max_value:206222.46807915586, min_value:162347.58368342303
fix|205850.64|47837.40| op = [233, 68, 118]| tp = [1, 2, 1, ] | dp = [4, 1, 2, ] | algo = [0, 0, 0, ] | rc = [76, 4, 12] | gpus = [4, 2, 2] | micro_bs = 8 | time = [163100, 205850, 166896] | memory = [47837, 46130, 44913]
cv:0.10816491823438022
line465:max stage:1, min stage:0, max_value:205850.64467198818, min_value:163100.800841275
fix|197602.92|47867.40| op = [234, 67, 118]| tp = [1, 2, 1, ] | dp = [4, 1, 2, ] | algo = [0, 0, 0, ] | rc = [80, 4, 12] | gpus = [4, 2, 2] | micro_bs = 8 | time = [165305, 197602, 166885] | memory = [47867, 45610, 44913]
cv:0.08418487650228375
line465:max stage:1, min stage:0, max_value:197602.9242972856, min_value:165305.41993192592
fix|197100.92|47957.40| op = [235, 66, 118]| tp = [1, 2, 1, ] | dp = [4, 1, 2, ] | algo = [0, 0, 0, ] | rc = [80, 4, 12] | gpus = [4, 2, 2] | micro_bs = 8 | time = [165362, 197100, 166884] | memory = [47957, 45210, 44913]
cv:0.08283468751823214
line465:max stage:1, min stage:0, max_value:197100.9153504007, min_value:165362.7328398253
fix|196900.83|47777.49| op = [236, 65, 118]| tp = [1, 2, 1, ] | dp = [4, 1, 2, ] | algo = [0, 0, 0, ] | rc = [82, 4, 12] | gpus = [4, 2, 2] | micro_bs = 8 | time = [166061, 196900, 166885] | memory = [47777, 45210, 44913]
cv:0.08123686770829992
line465:max stage:1, min stage:0, max_value:196900.82872086074, min_value:166061.09449075622
fix|189047.31|47814.99| op = [237, 64, 118]| tp = [1, 2, 1, ] | dp = [4, 1, 2, ] | algo = [0, 0, 0, ] | rc = [86, 4, 12] | gpus = [4, 2, 2] | micro_bs = 8 | time = [168352, 189047, 166874] | memory = [47814, 44900, 44913]
cv:0.05792057482791744
line465:max stage:1, min stage:2, max_value:189047.31154464645, min_value:166874.2975428796
fix|188551.35|47814.99| op = [237, 63, 119]| tp = [1, 2, 1, ] | dp = [4, 1, 2, ] | algo = [0, 0, 0, ] | rc = [86, 4, 12] | gpus = [4, 2, 2] | micro_bs = 8 | time = [168351, 188551, 166970] | memory = [47814, 44740, 44913]
cv:0.05648567678605953
line465:max stage:1, min stage:2, max_value:188551.35266431933, min_value:166970.99662597367
fix|188344.49|47814.99| op = [237, 62, 120]| tp = [1, 2, 1, ] | dp = [4, 1, 2, ] | algo = [0, 0, 0, ] | rc = [86, 4, 12] | gpus = [4, 2, 2] | micro_bs = 8 | time = [168351, 188344, 167245] | memory = [47814, 44500, 45013]
cv:0.055517755871954726
line465:max stage:1, min stage:2, max_value:188344.49047354845, min_value:167245.2363503338
fix|180297.43|47814.99| op = [237, 61, 121]| tp = [1, 2, 1, ] | dp = [4, 1, 2, ] | algo = [0, 0, 0, ] | rc = [86, 4, 12] | gpus = [4, 2, 2] | micro_bs = 8 | time = [168341, 180297, 170066] | memory = [47814, 47724, 45573]
cv:0.030518947967418355
line465:max stage:1, min stage:0, max_value:180297.43453990933, min_value:168341.50448691868
fix|181508.43|47910.99| op = [238, 60, 121]| tp = [1, 2, 1, ] | dp = [4, 1, 2, ] | algo = [0, 0, 0, ] | rc = [99, 5, 12] | gpus = [4, 2, 2] | micro_bs = 8 | time = [173637, 181508, 170078] | memory = [47910, 46540, 45573]
cv:0.02727709681683052
line465:max stage:1, min stage:2, max_value:181508.43134245314, min_value:170078.74495028873
fix|181138.68|47910.99| op = [238, 59, 122]| tp = [1, 2, 1, ] | dp = [4, 1, 2, ] | algo = [0, 0, 0, ] | rc = [99, 5, 14] | gpus = [4, 2, 2] | micro_bs = 8 | time = [173640, 181138, 171864] | memory = [47910, 46220, 43429]
cv:0.022894524248238197
line465:max stage:1, min stage:2, max_value:181138.67731723102, min_value:171864.920706838
fix|174210.72|47910.99| op = [238, 58, 123]| tp = [1, 2, 1, ] | dp = [4, 1, 2, ] | algo = [0, 0, 0, ] | rc = [99, 2, 14] | gpus = [4, 2, 2] | micro_bs = 8 | time = [173625, 170835, 174210] | memory = [47910, 47748, 43869]
best|174210.72|47910.99| op = [238, 58, 123]| tp = [1, 2, 1, ] | dp = [4, 1, 2, ] | algo = [0, 0, 0, ] | rc = [99, 2, 14] | gpus = [4, 2, 2] | micro_bs = 8 | time = [173625, 170835, 174210] | memory = [47910, 47748, 43869]
line146:config.memory_list:[47910.989, 47748.25, 43869.280000000006]
line147:config.time_list:[173625.00957099095, 170835.96398019028, 174210.72024643284]
求解成功
config has been saved to /home/liminglong.lml/sxz/SuperScaler/logs-large/aceso/configs/mbs/4096/gpt_2_6B_3stages_2026-5-15-13-22-44.json

========== Best Result (num_stages = 3) ==========
|174210.72|47910.99| op = [238, 58, 123]| tp = [1, 2, 1, ] | dp = [4, 1, 2, ] | algo = [0, 0, 0, ] | rc = [99, 2, 14] | gpus = [4, 2, 2] | micro_bs = 8 | time = [173625, 170835, 174210] | memory = [47910, 47748, 43869]
start|149249.12|47861.09| op = [210, 105, 104]| tp = [1, 1, 1, ] | dp = [4, 2, 2, ] | algo = [0, 0, 0, ] | rc = [60, 16, 14] | gpus = [4, 2, 2] | micro_bs = 8 | time = [143981, 137867, 149249] | memory = [47069, 46269, 47861]
fix|149338.32|47941.09| op = [210, 106, 103]| tp = [1, 1, 1, ] | dp = [4, 2, 2, ] | algo = [0, 0, 0, ] | rc = [60, 18, 13] | gpus = [4, 2, 2] | micro_bs = 8 | time = [143990, 142450, 149338] | memory = [47069, 47293, 47941]
fix|147240.27|47941.09| op = [210, 107, 102]| tp = [1, 1, 1, ] | dp = [4, 2, 2, ] | algo = [0, 0, 0, ] | rc = [60, 18, 12] | gpus = [4, 2, 2] | micro_bs = 8 | time = [143989, 143927, 147240] | memory = [47069, 47293, 47941]
best|147240.27|47941.09| op = [210, 107, 102]| tp = [1, 1, 1, ] | dp = [4, 2, 2, ] | algo = [0, 0, 0, ] | rc = [60, 18, 12] | gpus = [4, 2, 2] | micro_bs = 8 | time = [143989, 143927, 147240] | memory = [47069, 47293, 47941]
decode|334945.78|47941.09| op = [210, 107, 102]| tp = [1, 2, 1, ] | dp = [4, 1, 2, ] | algo = [0, 0, 0, ] | rc = [60, 18, 12] | gpus = [4, 2, 2] | micro_bs = 8 | time = [144362, 334945, 147613] | memory = [47069, 46986, 47941]
fix|325897.83|47941.09| op = [211, 106, 102]| tp = [1, 2, 1, ] | dp = [4, 1, 2, ] | algo = [0, 0, 0, ] | rc = [60, 16, 12] | gpus = [4, 2, 2] | micro_bs = 8 | time = [145537, 325897, 147598] | memory = [47586, 47700, 47941]
fix|326481.80|47941.09| op = [212, 105, 102]| tp = [1, 2, 1, ] | dp = [4, 1, 2, ] | algo = [0, 0, 0, ] | rc = [62, 16, 12] | gpus = [4, 2, 2] | micro_bs = 8 | time = [147805, 326481, 147603] | memory = [47586, 47540, 47941]
fix|325002.64|47941.09| op = [212, 104, 103]| tp = [1, 2, 1, ] | dp = [4, 1, 2, ] | algo = [0, 0, 0, ] | rc = [62, 16, 13] | gpus = [4, 2, 2] | micro_bs = 8 | time = [147807, 325002, 149701] | memory = [47586, 47540, 47941]
fix|323520.83|47941.09| op = [213, 103, 103]| tp = [1, 2, 1, ] | dp = [4, 1, 2, ] | algo = [0, 0, 0, ] | rc = [62, 16, 13] | gpus = [4, 2, 2] | micro_bs = 8 | time = [148552, 323520, 149700] | memory = [47586, 47540, 47941]
fix|320381.00|47970.62| op = [214, 102, 103]| tp = [1, 2, 1, ] | dp = [4, 1, 2, ] | algo = [0, 0, 0, ] | rc = [67, 14, 13] | gpus = [4, 2, 2] | micro_bs = 8 | time = [151100, 320381, 149699] | memory = [47970, 47540, 47941]
fix|317007.65|47970.62| op = [214, 101, 104]| tp = [1, 2, 1, ] | dp = [4, 1, 2, ] | algo = [0, 0, 0, ] | rc = [67, 14, 14] | gpus = [4, 2, 2] | micro_bs = 8 | time = [151093, 317007, 149612] | memory = [47970, 45492, 47861]
fix|308937.92|47970.62| op = [214, 100, 105]| tp = [1, 2, 1, ] | dp = [4, 1, 2, ] | algo = [0, 0, 0, ] | rc = [67, 14, 6] | gpus = [4, 2, 2] | micro_bs = 8 | time = [151074, 308937, 147463] | memory = [47970, 45102, 46537]
fix|308441.96|47970.62| op = [214, 99, 106]| tp = [1, 2, 1, ] | dp = [4, 1, 2, ] | algo = [0, 0, 0, ] | rc = [67, 14, 6] | gpus = [4, 2, 2] | micro_bs = 8 | time = [151073, 308441, 147559] | memory = [47970, 44941, 46537]
fix|308235.10|47970.62| op = [214, 98, 107]| tp = [1, 2, 1, ] | dp = [4, 1, 2, ] | algo = [0, 0, 0, ] | rc = [67, 14, 6] | gpus = [4, 2, 2] | micro_bs = 8 | time = [151073, 308235, 147833] | memory = [47970, 44701, 46637]
fix|300403.64|47970.62| op = [214, 97, 108]| tp = [1, 2, 1, ] | dp = [4, 1, 2, ] | algo = [0, 0, 0, ] | rc = [67, 14, 6] | gpus = [4, 2, 2] | micro_bs = 8 | time = [151063, 300403, 150655] | memory = [47970, 44341, 47197]
fix|300031.12|47970.62| op = [214, 96, 109]| tp = [1, 2, 1, ] | dp = [4, 1, 2, ] | algo = [0, 0, 0, ] | rc = [67, 14, 6] | gpus = [4, 2, 2] | micro_bs = 8 | time = [151063, 300031, 151028] | memory = [47970, 44021, 47357]
fix|291541.78|47970.62| op = [214, 95, 110]| tp = [1, 2, 1, ] | dp = [4, 1, 2, ] | algo = [0, 0, 0, ] | rc = [67, 14, 6] | gpus = [4, 2, 2] | micro_bs = 8 | time = [151051, 291541, 153377] | memory = [47970, 43501, 47797]
fix|288028.65|47797.16| op = [215, 94, 110]| tp = [1, 2, 1, ] | dp = [4, 1, 2, ] | algo = [0, 0, 0, ] | rc = [64, 14, 6] | gpus = [4, 2, 2] | micro_bs = 8 | time = [149762, 288028, 153368] | memory = [47646, 41373, 47797]
fix|281635.61|47819.12| op = [216, 93, 110]| tp = [1, 2, 1, ] | dp = [4, 1, 2, ] | algo = [0, 0, 0, ] | rc = [64, 14, 6] | gpus = [4, 2, 2] | micro_bs = 8 | time = [150076, 281635, 153356] | memory = [47819, 41243, 47797]
fix|281126.34|47909.12| op = [217, 92, 110]| tp = [1, 2, 1, ] | dp = [4, 1, 2, ] | algo = [0, 0, 0, ] | rc = [64, 14, 6] | gpus = [4, 2, 2] | micro_bs = 8 | time = [150133, 281126, 153355] | memory = [47909, 40843, 47797]
fix|280925.29|47969.21| op = [218, 91, 110]| tp = [1, 2, 1, ] | dp = [4, 1, 2, ] | algo = [0, 0, 0, ] | rc = [64, 14, 6] | gpus = [4, 2, 2] | micro_bs = 8 | time = [150278, 280925, 153355] | memory = [47969, 40843, 47797]
fix|272850.47|47797.16| op = [219, 90, 110]| tp = [1, 2, 1, ] | dp = [4, 1, 2, ] | algo = [0, 0, 0, ] | rc = [66, 14, 6] | gpus = [4, 2, 2] | micro_bs = 8 | time = [152320, 272850, 153343] | memory = [47123, 40483, 47797]
fix|272477.56|47797.16| op = [220, 89, 110]| tp = [1, 2, 1, ] | dp = [4, 1, 2, ] | algo = [0, 0, 0, ] | rc = [66, 14, 6] | gpus = [4, 2, 2] | micro_bs = 8 | time = [152517, 272477, 153343] | memory = [47363, 40163, 47797]
fix|264227.67|47873.21| op = [221, 88, 110]| tp = [1, 2, 1, ] | dp = [4, 1, 2, ] | algo = [0, 0, 0, ] | rc = [66, 14, 6] | gpus = [4, 2, 2] | micro_bs = 8 | time = [153608, 264227, 153329] | memory = [47873, 39643, 47797]
fix|263731.83|47873.21| op = [221, 87, 111]| tp = [1, 2, 1, ] | dp = [4, 1, 2, ] | algo = [0, 0, 0, ] | rc = [66, 14, 6] | gpus = [4, 2, 2] | micro_bs = 8 | time = [153607, 263731, 153429] | memory = [47873, 39483, 47797]
fix|263517.72|47897.22| op = [221, 86, 112]| tp = [1, 2, 1, ] | dp = [4, 1, 2, ] | algo = [0, 0, 0, ] | rc = [66, 14, 6] | gpus = [4, 2, 2] | micro_bs = 8 | time = [153607, 263517, 153705] | memory = [47873, 39243, 47897]
fix|263015.71|47963.21| op = [222, 85, 112]| tp = [1, 2, 1, ] | dp = [4, 1, 2, ] | algo = [0, 0, 0, ] | rc = [66, 14, 6] | gpus = [4, 2, 2] | micro_bs = 8 | time = [153665, 263015, 153704] | memory = [47963, 38843, 47897]
fix|262815.62|47897.22| op = [223, 84, 112]| tp = [1, 2, 1, ] | dp = [4, 1, 2, ] | algo = [0, 0, 0, ] | rc = [68, 14, 6] | gpus = [4, 2, 2] | micro_bs = 8 | time = [154363, 262815, 153705] | memory = [47783, 38843, 47897]
fix|256399.01|47783.30| op = [223, 83, 113]| tp = [1, 2, 1, ] | dp = [4, 1, 2, ] | algo = [0, 0, 0, ] | rc = [68, 14, 8] | gpus = [4, 2, 2] | micro_bs = 8 | time = [154355, 256399, 155773] | memory = [47783, 38633, 45733]
fix|248543.41|47004.80| op = [224, 82, 113]| tp = [1, 2, 1, ] | dp = [4, 1, 2, ] | algo = [0, 0, 0, ] | rc = [68, 14, 8] | gpus = [4, 2, 2] | micro_bs = 8 | time = [155579, 248543, 155760] | memory = [47004, 38323, 45733]
fix|249130.04|47820.80| op = [225, 81, 113]| tp = [1, 2, 1, ] | dp = [4, 1, 2, ] | algo = [0, 0, 0, ] | rc = [75, 14, 8] | gpus = [4, 2, 2] | micro_bs = 8 | time = [159204, 249130, 155768] | memory = [47820, 38163, 45733]
fix|249352.77|47820.80| op = [225, 80, 114]| tp = [1, 2, 1, ] | dp = [4, 1, 2, ] | algo = [0, 0, 0, ] | rc = [75, 13, 8] | gpus = [4, 2, 2] | micro_bs = 8 | time = [159211, 249352, 159334] | memory = [47820, 42691, 46797]
fix|247868.31|47004.80| op = [226, 79, 114]| tp = [1, 2, 1, ] | dp = [4, 1, 2, ] | algo = [0, 0, 0, ] | rc = [70, 13, 8] | gpus = [4, 2, 2] | micro_bs = 8 | time = [158600, 247868, 159330] | memory = [47004, 42691, 46797]
fix|244738.09|47820.80| op = [227, 78, 114]| tp = [1, 2, 1, ] | dp = [4, 1, 2, ] | algo = [0, 0, 0, ] | rc = [93, 11, 8] | gpus = [4, 2, 2] | micro_bs = 8 | time = [166066, 244738, 159338] | memory = [47820, 42691, 46797]
fix|240655.20|47820.80| op = [227, 77, 115]| tp = [1, 2, 1, ] | dp = [4, 1, 2, ] | algo = [0, 0, 0, ] | rc = [93, 8, 12] | gpus = [4, 2, 2] | micro_bs = 8 | time = [166067, 240655, 163897] | memory = [47820, 42691, 44493]
fix|239174.82|47820.80| op = [227, 76, 116]| tp = [1, 2, 1, ] | dp = [4, 1, 2, ] | algo = [0, 0, 0, ] | rc = [93, 8, 12] | gpus = [4, 2, 2] | micro_bs = 8 | time = [166067, 239174, 165375] | memory = [47820, 42691, 44493]
fix|234392.61|47820.80| op = [227, 75, 117]| tp = [1, 2, 1, ] | dp = [4, 1, 2, ] | algo = [0, 0, 0, ] | rc = [93, 6, 12] | gpus = [4, 2, 2] | micro_bs = 8 | time = [166056, 234392, 164770] | memory = [47820, 45251, 44573]
fix|226331.32|47820.80| op = [227, 74, 118]| tp = [1, 2, 1, ] | dp = [4, 1, 2, ] | algo = [0, 0, 0, ] | rc = [93, 6, 12] | gpus = [4, 2, 2] | micro_bs = 8 | time = [166045, 226331, 166942] | memory = [47820, 44861, 44913]
fix|222808.59|47064.80| op = [228, 73, 118]| tp = [1, 2, 1, ] | dp = [4, 1, 2, ] | algo = [0, 0, 0, ] | rc = [72, 6, 12] | gpus = [4, 2, 2] | micro_bs = 8 | time = [159838, 222808, 166923] | memory = [47064, 42733, 44913]
fix|215007.69|47237.30| op = [229, 72, 118]| tp = [1, 2, 1, ] | dp = [4, 1, 2, ] | algo = [0, 0, 0, ] | rc = [72, 4, 12] | gpus = [4, 2, 2] | micro_bs = 8 | time = [160149, 215007, 166908] | memory = [47237, 47211, 44913]
fix|214498.43|47327.30| op = [230, 71, 118]| tp = [1, 2, 1, ] | dp = [4, 1, 2, ] | algo = [0, 0, 0, ] | rc = [72, 4, 12] | gpus = [4, 2, 2] | micro_bs = 8 | time = [160206, 214498, 166908] | memory = [47327, 46811, 44913]
fix|214297.37|47387.40| op = [231, 70, 118]| tp = [1, 2, 1, ] | dp = [4, 1, 2, ] | algo = [0, 0, 0, ] | rc = [72, 4, 12] | gpus = [4, 2, 2] | micro_bs = 8 | time = [160351, 214297, 166907] | memory = [47387, 46810, 44913]
fix|206222.47|47837.40| op = [232, 69, 118]| tp = [1, 2, 1, ] | dp = [4, 1, 2, ] | algo = [0, 0, 0, ] | rc = [74, 4, 12] | gpus = [4, 2, 2] | micro_bs = 8 | time = [162347, 206222, 166896] | memory = [47837, 46450, 44913]
fix|205850.64|47837.40| op = [233, 68, 118]| tp = [1, 2, 1, ] | dp = [4, 1, 2, ] | algo = [0, 0, 0, ] | rc = [76, 4, 12] | gpus = [4, 2, 2] | micro_bs = 8 | time = [163100, 205850, 166896] | memory = [47837, 46130, 44913]
fix|197602.92|47867.40| op = [234, 67, 118]| tp = [1, 2, 1, ] | dp = [4, 1, 2, ] | algo = [0, 0, 0, ] | rc = [80, 4, 12] | gpus = [4, 2, 2] | micro_bs = 8 | time = [165305, 197602, 166885] | memory = [47867, 45610, 44913]
fix|197100.92|47957.40| op = [235, 66, 118]| tp = [1, 2, 1, ] | dp = [4, 1, 2, ] | algo = [0, 0, 0, ] | rc = [80, 4, 12] | gpus = [4, 2, 2] | micro_bs = 8 | time = [165362, 197100, 166884] | memory = [47957, 45210, 44913]
fix|196900.83|47777.49| op = [236, 65, 118]| tp = [1, 2, 1, ] | dp = [4, 1, 2, ] | algo = [0, 0, 0, ] | rc = [82, 4, 12] | gpus = [4, 2, 2] | micro_bs = 8 | time = [166061, 196900, 166885] | memory = [47777, 45210, 44913]
fix|189047.31|47814.99| op = [237, 64, 118]| tp = [1, 2, 1, ] | dp = [4, 1, 2, ] | algo = [0, 0, 0, ] | rc = [86, 4, 12] | gpus = [4, 2, 2] | micro_bs = 8 | time = [168352, 189047, 166874] | memory = [47814, 44900, 44913]
fix|188551.35|47814.99| op = [237, 63, 119]| tp = [1, 2, 1, ] | dp = [4, 1, 2, ] | algo = [0, 0, 0, ] | rc = [86, 4, 12] | gpus = [4, 2, 2] | micro_bs = 8 | time = [168351, 188551, 166970] | memory = [47814, 44740, 44913]
fix|188344.49|47814.99| op = [237, 62, 120]| tp = [1, 2, 1, ] | dp = [4, 1, 2, ] | algo = [0, 0, 0, ] | rc = [86, 4, 12] | gpus = [4, 2, 2] | micro_bs = 8 | time = [168351, 188344, 167245] | memory = [47814, 44500, 45013]
fix|180297.43|47814.99| op = [237, 61, 121]| tp = [1, 2, 1, ] | dp = [4, 1, 2, ] | algo = [0, 0, 0, ] | rc = [86, 4, 12] | gpus = [4, 2, 2] | micro_bs = 8 | time = [168341, 180297, 170066] | memory = [47814, 47724, 45573]
fix|181508.43|47910.99| op = [238, 60, 121]| tp = [1, 2, 1, ] | dp = [4, 1, 2, ] | algo = [0, 0, 0, ] | rc = [99, 5, 12] | gpus = [4, 2, 2] | micro_bs = 8 | time = [173637, 181508, 170078] | memory = [47910, 46540, 45573]
fix|181138.68|47910.99| op = [238, 59, 122]| tp = [1, 2, 1, ] | dp = [4, 1, 2, ] | algo = [0, 0, 0, ] | rc = [99, 5, 14] | gpus = [4, 2, 2] | micro_bs = 8 | time = [173640, 181138, 171864] | memory = [47910, 46220, 43429]
fix|174210.72|47910.99| op = [238, 58, 123]| tp = [1, 2, 1, ] | dp = [4, 1, 2, ] | algo = [0, 0, 0, ] | rc = [99, 2, 14] | gpus = [4, 2, 2] | micro_bs = 8 | time = [173625, 170835, 174210] | memory = [47910, 47748, 43869]
best|174210.72|47910.99| op = [238, 58, 123]| tp = [1, 2, 1, ] | dp = [4, 1, 2, ] | algo = [0, 0, 0, ] | rc = [99, 2, 14] | gpus = [4, 2, 2] | micro_bs = 8 | time = [173625, 170835, 174210] | memory = [47910, 47748, 43869]

num_targets: []
num_hops: []
search time = 0.00 s.  [0] 
num_explored_cases = 0
time trend: [149249]

stage 3 search time: 0.62 s
working on num_stages = 4
start|149531.85|47861.09| op = [105, 105, 105, 104]| tp = [1, 1, 1, 1, ] | dp = [2, 2, 2, 2, ] | algo = [0, 0, 0, 0, ] | rc = [34, 28, 16, 14] | gpus = [2, 2, 2, 2] | micro_bs = 8 | time = [147058, 142796, 138150, 149531] | memory = [47508, 47859, 46269, 47861]
line465:max stage:3, min stage:2, max_value:149531.84534979358, min_value:138150.5789397875
fix|149621.04|47941.09| op = [105, 105, 106, 103]| tp = [1, 1, 1, 1, ] | dp = [2, 2, 2, 2, ] | algo = [0, 0, 0, 0, ] | rc = [34, 28, 18, 13] | gpus = [2, 2, 2, 2] | micro_bs = 8 | time = [147068, 142805, 142733, 149621] | memory = [47508, 47859, 47293, 47941]
cv:0.020129944845836467
line465:max stage:3, min stage:2, max_value:149621.04227051616, min_value:142733.34020851008
fix|147522.99|47941.09| op = [105, 105, 107, 102]| tp = [1, 1, 1, 1, ] | dp = [2, 2, 2, 2, ] | algo = [0, 0, 0, 0, ] | rc = [34, 28, 18, 12] | gpus = [2, 2, 2, 2] | micro_bs = 8 | time = [147066, 142804, 144209, 147522] | memory = [47508, 47859, 47293, 47941]
best|147522.99|47941.09| op = [105, 105, 107, 102]| tp = [1, 1, 1, 1, ] | dp = [2, 2, 2, 2, ] | algo = [0, 0, 0, 0, ] | rc = [34, 28, 18, 12] | gpus = [2, 2, 2, 2] | micro_bs = 8 | time = [147066, 142804, 144209, 147522] | memory = [47508, 47859, 47293, 47941]
line146:config.memory_list:[47508.09200000005, 47859.162000000055, 47293.984000000026, 47941.09400000001]
line147:config.time_list:[147066.8672764357, 142804.77515693833, 144209.87629851012, 147522.9943685162]
------------------------------------------------------------------------------------------------------
cegis_search for the 0th times
开始求解check...
line351:
tp_list[1, 1, 1, 1, 1, 1, 1, 1, 1, 1, 1, 1, 1, 1, 1, 1, 1, 1, 1, 1, 1, 1, 1, 1, 1, 1, 1, 1, 1, 1, 1, 1, 1, 1, 1, 1, 1, 1, 1, 1, 1, 1, 1, 1, 1, 1, 1, 1, 1, 1, 1, 1, 1, 1, 1, 1, 1, 1, 1, 1, 1, 1, 1, 1, 1, 1, 1, 1, 1, 1, 1, 1, 1, 1, 1, 1, 1, 1, 1, 1, 1, 1, 1, 1, 1, 1, 1, 1, 1, 1, 1, 1, 1, 1, 1, 1, 1, 1, 1, 1, 1, 1, 1, 1, 1, 1, 1, 1, 1, 1, 1, 1, 1, 1, 1, 1, 1, 1, 1, 1, 1, 1, 1, 1, 1, 1, 1, 1, 1, 1, 1, 1, 1, 1, 1, 1, 1, 1, 1, 1, 1, 1, 1, 1, 1, 1, 1, 1, 1, 1, 1, 1, 1, 1, 1, 1, 1, 1, 1, 1, 1, 1, 1, 1, 1, 1, 1, 1, 1, 1, 1, 1, 1, 1, 1, 1, 1, 1, 1, 1, 1, 1, 1, 1, 1, 1, 1, 1, 1, 1, 1, 1, 1, 1, 1, 1, 1, 1, 1, 1, 1, 1, 1, 1, 1, 1, 1, 1, 1, 1, 1, 1, 1, 1, 1, 1, 1, 1, 1, 1, 1, 1, 1, 1, 1, 1, 1, 1, 1, 1, 1, 1, 1, 1, 1, 1, 1, 1, 1, 1, 1, 1, 1, 1, 1, 1, 1, 1, 1, 1, 1, 1, 1, 1, 1, 1, 1, 1, 1, 1, 1, 1, 1, 1, 1, 1, 1, 1, 1, 1, 1, 1, 1, 1, 1, 1, 1, 1, 1, 1, 1, 1, 1, 1, 1, 1, 1, 1, 1, 1, 1, 1, 1, 1, 1, 1, 1, 1, 1, 1, 1, 1, 1, 1, 1, 1, 1, 1, 1, 1, 1, 1, 1, 1, 1, 1, 1, 1, 1, 1, 1, 1, 1, 1, 1, 1, 1, 1, 1, 1, 1, 1, 1, 1, 1, 1, 1, 1, 1, 1, 1, 1, 1, 1, 1, 1, 1, 1, 1, 1, 1, 1, 1, 1, 1, 1, 1, 1, 1, 1, 1, 1, 1, 1, 1, 1, 1, 1, 1, 1, 1, 1, 1, 1, 1, 1, 1, 1, 1, 1, 1, 1, 1, 1, 1, 1, 1, 1, 1, 1, 1, 1, 1, 1, 1, 1, 1, 1, 1, 1, 1, 1, 1, 1, 1, 1, 1, 1, 1, 1, 1, 1, 1, 1, 1, 1, 1, 1, 1]
dp_list[2, 2, 2, 2, 2, 2, 2, 2, 2, 2, 2, 2, 2, 2, 2, 2, 2, 2, 2, 2, 2, 2, 2, 2, 2, 2, 2, 2, 2, 2, 2, 2, 2, 2, 2, 2, 2, 2, 2, 2, 2, 2, 2, 2, 2, 2, 2, 2, 2, 2, 2, 2, 2, 2, 2, 2, 2, 2, 2, 2, 2, 2, 2, 2, 2, 2, 2, 2, 2, 2, 2, 2, 2, 2, 2, 2, 2, 2, 2, 2, 2, 2, 2, 2, 2, 2, 2, 2, 2, 2, 2, 2, 2, 2, 2, 2, 2, 2, 2, 2, 2, 2, 2, 2, 2, 2, 2, 2, 2, 2, 2, 2, 2, 2, 2, 2, 2, 2, 2, 2, 2, 2, 2, 2, 2, 2, 2, 2, 2, 2, 2, 2, 2, 2, 2, 2, 2, 2, 2, 2, 2, 2, 2, 2, 2, 2, 2, 2, 2, 2, 2, 2, 2, 2, 2, 2, 2, 2, 2, 2, 2, 2, 2, 2, 2, 2, 2, 2, 2, 2, 2, 2, 2, 2, 2, 2, 2, 2, 2, 2, 2, 2, 2, 2, 2, 2, 2, 2, 2, 2, 2, 2, 2, 2, 2, 2, 2, 2, 2, 2, 2, 2, 2, 2, 2, 2, 2, 2, 2, 2, 2, 2, 2, 2, 2, 2, 2, 2, 2, 2, 2, 2, 2, 2, 2, 2, 2, 2, 2, 2, 2, 2, 2, 2, 2, 2, 2, 2, 2, 2, 2, 2, 2, 2, 2, 2, 2, 2, 2, 2, 2, 2, 2, 2, 2, 2, 2, 2, 2, 2, 2, 2, 2, 2, 2, 2, 2, 2, 2, 2, 2, 2, 2, 2, 2, 2, 2, 2, 2, 2, 2, 2, 2, 2, 2, 2, 2, 2, 2, 2, 2, 2, 2, 2, 2, 2, 2, 2, 2, 2, 2, 2, 2, 2, 2, 2, 2, 2, 2, 2, 2, 2, 2, 2, 2, 2, 2, 2, 2, 2, 2, 2, 2, 2, 2, 2, 2, 2, 2, 2, 2, 2, 2, 2, 2, 2, 2, 2, 2, 2, 2, 2, 2, 2, 2, 2, 2, 2, 2, 2, 2, 2, 2, 2, 2, 2, 2, 2, 2, 2, 2, 2, 2, 2, 2, 2, 2, 2, 2, 2, 2, 2, 2, 2, 2, 2, 2, 2, 2, 2, 2, 2, 2, 2, 2, 2, 2, 2, 2, 2, 2, 2, 2, 2, 2, 2, 2, 2, 2, 2, 2, 2, 2, 2, 2, 2, 2, 2, 2, 2, 2, 2, 2, 2, 2, 2, 2, 2, 2]
algo_list[0, 0, 0, 0, 0, 0, 0, 0, 0, 0, 0, 0, 0, 0, 0, 0, 0, 0, 0, 0, 0, 0, 0, 0, 0, 0, 0, 0, 0, 0, 0, 0, 0, 0, 0, 0, 0, 0, 0, 0, 0, 0, 0, 0, 0, 0, 0, 0, 0, 0, 0, 0, 0, 0, 0, 0, 0, 0, 0, 0, 0, 0, 0, 0, 0, 0, 0, 0, 0, 0, 0, 0, 0, 0, 0, 0, 0, 0, 0, 0, 0, 0, 0, 0, 0, 0, 0, 0, 0, 0, 0, 0, 0, 0, 0, 0, 0, 0, 0, 0, 0, 0, 0, 0, 0, 0, 0, 0, 0, 0, 0, 0, 0, 0, 0, 0, 0, 0, 0, 0, 0, 0, 0, 0, 0, 0, 0, 0, 0, 0, 0, 0, 0, 0, 0, 0, 0, 0, 0, 0, 0, 0, 0, 0, 0, 0, 0, 0, 0, 0, 0, 0, 0, 0, 0, 0, 0, 0, 0, 0, 0, 0, 0, 0, 0, 0, 0, 0, 0, 0, 0, 0, 0, 0, 0, 0, 0, 0, 0, 0, 0, 0, 0, 0, 0, 0, 0, 0, 0, 0, 0, 0, 0, 0, 0, 0, 0, 0, 0, 0, 0, 0, 0, 0, 0, 0, 0, 0, 0, 0, 0, 0, 0, 0, 0, 0, 0, 0, 0, 0, 0, 0, 0, 0, 0, 0, 0, 0, 0, 0, 0, 0, 0, 0, 0, 0, 0, 0, 0, 0, 0, 0, 0, 0, 0, 0, 0, 0, 0, 0, 0, 0, 0, 0, 0, 0, 0, 0, 0, 0, 0, 0, 0, 0, 0, 0, 0, 0, 0, 0, 0, 0, 0, 0, 0, 0, 0, 0, 0, 0, 0, 0, 0, 0, 0, 0, 0, 0, 0, 0, 0, 0, 0, 0, 0, 0, 0, 0, 0, 0, 0, 0, 0, 0, 0, 0, 0, 0, 0, 0, 0, 0, 0, 0, 0, 0, 0, 0, 0, 0, 0, 0, 0, 0, 0, 0, 0, 0, 0, 0, 0, 0, 0, 0, 0, 0, 0, 0, 0, 0, 0, 0, 0, 0, 0, 0, 0, 0, 0, 0, 0, 0, 0, 0, 0, 0, 0, 0, 0, 0, 0, 0, 0, 0, 0, 0, 0, 0, 0, 0, 0, 0, 0, 0, 0, 0, 0, 0, 0, 0, 0, 0, 0, 0, 0, 0, 0, 0, 0, 0, 0, 0, 0, 0, 0, 0, 0, 0, 0, 0, 0, 0, 0, 0, 0, 0, 0, 0, 0, 0, 0, 0, 0, 0, 0, 0, 0, 0, 0]

decode|147522.99|47941.09| op = [105, 105, 107, 102]| tp = [1, 1, 1, 1, ] | dp = [2, 2, 2, 2, ] | algo = [0, 0, 0, 0, ] | rc = [34, 28, 18, 12] | gpus = [2, 2, 2, 2] | micro_bs = 8 | time = [147066, 142804, 144209, 147522] | memory = [47508, 47859, 47293, 47941]
验证解
line465:max stage:3, min stage:1, max_value:147522.9943685162, min_value:142804.77515693833
fix|147095.35|47941.09| op = [105, 106, 107, 101]| tp = [1, 1, 1, 1, ] | dp = [2, 2, 2, 2, ] | algo = [0, 0, 0, 0, ] | rc = [34, 26, 23, 10] | gpus = [2, 2, 2, 2] | micro_bs = 8 | time = [147069, 144207, 147095, 144377] | memory = [47508, 46407, 47425, 47941]
best|147095.35|47941.09| op = [105, 106, 107, 101]| tp = [1, 1, 1, 1, ] | dp = [2, 2, 2, 2, ] | algo = [0, 0, 0, 0, ] | rc = [34, 26, 23, 10] | gpus = [2, 2, 2, 2] | micro_bs = 8 | time = [147069, 144207, 147095, 144377] | memory = [47508, 46407, 47425, 47941]
line146:config.memory_list:[47508.09200000005, 46407.162000000055, 47425.984000000026, 47941.09400000001]
line147:config.time_list:[147069.09119396063, 144207.74372158526, 147095.34682115706, 144377.64888904113]
求解成功
config has been saved to /home/liminglong.lml/sxz/SuperScaler/logs-large/aceso/configs/mbs/4096/gpt_2_6B_4stages_2026-5-15-13-22-44.json

========== Best Result (num_stages = 4) ==========
|147095.35|47941.09| op = [105, 106, 107, 101]| tp = [1, 1, 1, 1, ] | dp = [2, 2, 2, 2, ] | algo = [0, 0, 0, 0, ] | rc = [34, 26, 23, 10] | gpus = [2, 2, 2, 2] | micro_bs = 8 | time = [147069, 144207, 147095, 144377] | memory = [47508, 46407, 47425, 47941]
start|149531.85|47861.09| op = [105, 105, 105, 104]| tp = [1, 1, 1, 1, ] | dp = [2, 2, 2, 2, ] | algo = [0, 0, 0, 0, ] | rc = [34, 28, 16, 14] | gpus = [2, 2, 2, 2] | micro_bs = 8 | time = [147058, 142796, 138150, 149531] | memory = [47508, 47859, 46269, 47861]
fix|149621.04|47941.09| op = [105, 105, 106, 103]| tp = [1, 1, 1, 1, ] | dp = [2, 2, 2, 2, ] | algo = [0, 0, 0, 0, ] | rc = [34, 28, 18, 13] | gpus = [2, 2, 2, 2] | micro_bs = 8 | time = [147068, 142805, 142733, 149621] | memory = [47508, 47859, 47293, 47941]
fix|147522.99|47941.09| op = [105, 105, 107, 102]| tp = [1, 1, 1, 1, ] | dp = [2, 2, 2, 2, ] | algo = [0, 0, 0, 0, ] | rc = [34, 28, 18, 12] | gpus = [2, 2, 2, 2] | micro_bs = 8 | time = [147066, 142804, 144209, 147522] | memory = [47508, 47859, 47293, 47941]
best|147522.99|47941.09| op = [105, 105, 107, 102]| tp = [1, 1, 1, 1, ] | dp = [2, 2, 2, 2, ] | algo = [0, 0, 0, 0, ] | rc = [34, 28, 18, 12] | gpus = [2, 2, 2, 2] | micro_bs = 8 | time = [147066, 142804, 144209, 147522] | memory = [47508, 47859, 47293, 47941]
decode|147522.99|47941.09| op = [105, 105, 107, 102]| tp = [1, 1, 1, 1, ] | dp = [2, 2, 2, 2, ] | algo = [0, 0, 0, 0, ] | rc = [34, 28, 18, 12] | gpus = [2, 2, 2, 2] | micro_bs = 8 | time = [147066, 142804, 144209, 147522] | memory = [47508, 47859, 47293, 47941]
fix|147095.35|47941.09| op = [105, 106, 107, 101]| tp = [1, 1, 1, 1, ] | dp = [2, 2, 2, 2, ] | algo = [0, 0, 0, 0, ] | rc = [34, 26, 23, 10] | gpus = [2, 2, 2, 2] | micro_bs = 8 | time = [147069, 144207, 147095, 144377] | memory = [47508, 46407, 47425, 47941]
best|147095.35|47941.09| op = [105, 106, 107, 101]| tp = [1, 1, 1, 1, ] | dp = [2, 2, 2, 2, ] | algo = [0, 0, 0, 0, ] | rc = [34, 26, 23, 10] | gpus = [2, 2, 2, 2] | micro_bs = 8 | time = [147069, 144207, 147095, 144377] | memory = [47508, 46407, 47425, 47941]

num_targets: []
num_hops: []
search time = 0.00 s.  [0] 
num_explored_cases = 0
time trend: [149531]

stage 4 search time: 0.52 s
working on num_stages = 5
start|165908.96|47877.20| op = [105, 105, 105, 52, 52]| tp = [1, 1, 1, 1, 1, ] | dp = [2, 2, 2, 1, 1, ] | algo = [0, 0, 0, 0, 0, ] | rc = [40, 30, 26, 10, 8] | gpus = [2, 2, 2, 1, 1] | micro_bs = 8 | time = [150833, 144417, 144418, 137103, 165908] | memory = [47633, 46788, 46406, 46786, 47877]
line465:max stage:4, min stage:3, max_value:165908.9593742168, min_value:137103.87388395338
fix|168339.82|47717.20| op = [105, 105, 105, 53, 51]| tp = [1, 1, 1, 1, 1, ] | dp = [2, 2, 2, 1, 1, ] | algo = [0, 0, 0, 0, 0, ] | rc = [40, 30, 26, 12, 9] | gpus = [2, 2, 2, 1, 1] | micro_bs = 8 | time = [150855, 144440, 144440, 146270, 168339] | memory = [47633, 46788, 46406, 46786, 47717]
cv:0.05994997935210505
line465:max stage:4, min stage:1, max_value:168339.81878537152, min_value:144440.56978451836
fix|164172.69|47717.20| op = [105, 106, 105, 53, 50]| tp = [1, 1, 1, 1, 1, ] | dp = [2, 2, 2, 1, 1, ] | algo = [0, 0, 0, 0, 0, ] | rc = [40, 30, 28, 13, 8] | gpus = [2, 2, 2, 1, 1] | micro_bs = 8 | time = [150867, 146929, 146842, 151636, 164172] | memory = [47633, 47568, 45986, 46466, 47717]
cv:0.04177634166612759
line465:max stage:4, min stage:2, max_value:164172.6865042588, min_value:146842.8682990994
fix|157913.04|47717.20| op = [105, 106, 106, 53, 49]| tp = [1, 1, 1, 1, 1, ] | dp = [2, 2, 2, 1, 1, ] | algo = [0, 0, 0, 0, 0, ] | rc = [40, 30, 28, 17, 6] | gpus = [2, 2, 2, 1, 1] | micro_bs = 8 | time = [150870, 146932, 148322, 157595, 157913] | memory = [47633, 47568, 45986, 47490, 47717]
cv:0.030258057990305207
line465:max stage:4, min stage:1, max_value:157913.04386125883, min_value:146932.05128952765
fix|154572.83|47633.12| op = [105, 107, 106, 53, 48]| tp = [1, 1, 1, 1, 1, ] | dp = [2, 2, 2, 1, 1, ] | algo = [0, 0, 0, 0, 0, ] | rc = [40, 32, 34, 12, 0] | gpus = [2, 2, 2, 1, 1] | micro_bs = 8 | time = [150840, 151475, 154572, 145953, 143351] | memory = [47633, 47568, 46514, 46626, 45909]
cv:0.027047580069270855
line465:max stage:2, min stage:4, max_value:154572.82940921138, min_value:143351.80073159738
fix|157926.48|47858.98| op = [105, 107, 105, 53, 49]| tp = [1, 1, 1, 1, 1, ] | dp = [2, 2, 2, 1, 1, ] | algo = [0, 0, 0, 0, 0, ] | rc = [40, 32, 31, 17, 6] | gpus = [2, 2, 2, 1, 1] | micro_bs = 8 | time = [150883, 151519, 150626, 157608, 157926] | memory = [47633, 47568, 47858, 47490, 47717]
cv:0.021630988301504856
line465:max stage:4, min stage:2, max_value:157926.4756142324, min_value:150626.31322382198
fix|358547.55|51344.25| op = [105, 107, 106, 53, 48]| tp = [1, 1, 1, 1, 2, ] | dp = [2, 2, 1, 1, 1, ] | algo = [0, 0, 0, 0, 0, ] | rc = [40, 32, 106, 12, 0] | gpus = [2, 2, 1, 1, 2] | micro_bs = 8 | time = [151284, 151919, 358547, 146397, 167219] | memory = [47633, 47568, 51344, 46626, 24155]
line465:max stage:2, min stage:4, max_value:51344.25, min_value:24155.203
fix|334880.72|47790.00| op = [105, 107, 105, 53, 49]| tp = [1, 1, 2, 1, 1, ] | dp = [2, 2, 1, 1, 1, ] | algo = [0, 0, 0, 0, 0, ] | rc = [40, 32, 29, 17, 6] | gpus = [2, 2, 2, 1, 1] | micro_bs = 8 | time = [151243, 151879, 334880, 157968, 158286] | memory = [47633, 47568, 47790, 47490, 47717]
cv:0.37764821494765255
line465:max stage:2, min stage:0, max_value:334880.7237659531, min_value:151243.31911246668
fix|332779.58|47833.43| op = [106, 107, 104, 53, 49]| tp = [1, 1, 2, 1, 1, ] | dp = [2, 2, 1, 1, 1, ] | algo = [0, 0, 0, 0, 0, ] | rc = [40, 32, 28, 17, 6] | gpus = [2, 2, 2, 1, 1] | micro_bs = 8 | time = [151512, 153258, 332779, 157967, 158285] | memory = [47833, 47567, 47790, 47490, 47717]
cv:0.3724978911407535
line465:max stage:2, min stage:0, max_value:332779.57735183835, min_value:151512.91271205273
fix|329660.67|47933.43| op = [107, 107, 103, 53, 49]| tp = [1, 1, 2, 1, 1, ] | dp = [2, 2, 1, 1, 1, ] | algo = [0, 0, 0, 0, 0, ] | rc = [42, 49, 26, 17, 6] | gpus = [2, 2, 2, 1, 1] | micro_bs = 8 | time = [155143, 162904, 329660, 157987, 158305] | memory = [47933, 47747, 47790, 47490, 47717]
cv:0.3551626513418369
line465:max stage:2, min stage:0, max_value:329660.6654843633, min_value:155143.3007316997
fix|324964.90|47773.43| op = [108, 107, 102, 53, 49]| tp = [1, 1, 2, 1, 1, ] | dp = [2, 2, 1, 1, 1, ] | algo = [0, 0, 0, 0, 0, ] | rc = [54, 35, 24, 17, 6] | gpus = [2, 2, 2, 1, 1] | micro_bs = 8 | time = [166939, 154739, 324964, 157985, 158303] | memory = [47773, 46947, 47670, 47490, 47717]
cv:0.3443260164181959
line465:max stage:2, min stage:1, max_value:324964.89541639586, min_value:154739.8491361284
fix|318572.52|47773.43| op = [108, 108, 101, 53, 49]| tp = [1, 1, 2, 1, 1, ] | dp = [2, 2, 1, 1, 1, ] | algo = [0, 0, 0, 0, 0, ] | rc = [54, 35, 24, 17, 6] | gpus = [2, 2, 2, 1, 1] | micro_bs = 8 | time = [166928, 155394, 318572, 157974, 158291] | memory = [47773, 47207, 47500, 47490, 47717]
cv:0.3326978688997327
line465:max stage:2, min stage:1, max_value:318572.5182821883, min_value:155394.73027584804
fix|318063.34|47773.43| op = [108, 109, 100, 53, 49]| tp = [1, 1, 2, 1, 1, ] | dp = [2, 2, 1, 1, 1, ] | algo = [0, 0, 0, 0, 0, ] | rc = [54, 35, 24, 17, 6] | gpus = [2, 2, 2, 1, 1] | micro_bs = 8 | time = [166927, 155496, 318063, 157973, 158291] | memory = [47773, 47447, 46900, 47490, 47717]
cv:0.33171924415193466
line465:max stage:2, min stage:1, max_value:318063.3386249591, min_value:155496.25436948796
fix|317862.54|47773.43| op = [108, 110, 99, 53, 49]| tp = [1, 1, 2, 1, 1, ] | dp = [2, 2, 1, 1, 1, ] | algo = [0, 0, 0, 0, 0, ] | rc = [54, 35, 24, 17, 6] | gpus = [2, 2, 2, 1, 1] | micro_bs = 8 | time = [166927, 155770, 317862, 157973, 158291] | memory = [47773, 47608, 46899, 47490, 47717]
cv:0.3311126789766367
line465:max stage:2, min stage:1, max_value:317862.5405682863, min_value:155770.85886739384
fix|309793.74|47773.43| op = [108, 111, 98, 53, 49]| tp = [1, 1, 2, 1, 1, ] | dp = [2, 2, 1, 1, 1, ] | algo = [0, 0, 0, 0, 0, ] | rc = [54, 39, 24, 17, 6] | gpus = [2, 2, 2, 1, 1] | micro_bs = 8 | time = [166921, 160894, 309793, 157967, 158285] | memory = [47773, 47368, 46459, 47490, 47717]
cv:0.31239942177754254
line465:max stage:2, min stage:3, max_value:309793.74207132705, min_value:157967.79440502683
fix|308318.65|47773.43| op = [108, 111, 97, 54, 49]| tp = [1, 1, 2, 1, 1, ] | dp = [2, 2, 1, 1, 1, ] | algo = [0, 0, 0, 0, 0, ] | rc = [54, 39, 24, 18, 6] | gpus = [2, 2, 2, 1, 1] | micro_bs = 8 | time = [166927, 160899, 308318, 162152, 158290] | memory = [47773, 47368, 46459, 47490, 47717]
cv:0.30612734355495536
line465:max stage:2, min stage:4, max_value:308318.64941632707, min_value:158290.86345088665
fix|303740.90|47773.43| op = [108, 111, 96, 54, 50]| tp = [1, 1, 2, 1, 1, ] | dp = [2, 2, 1, 1, 1, ] | algo = [0, 0, 0, 0, 0, ] | rc = [54, 39, 22, 12, 8] | gpus = [2, 2, 2, 1, 1] | micro_bs = 8 | time = [166905, 160878, 303740, 149587, 164531] | memory = [47773, 47368, 46459, 46786, 47717]
cv:0.30462449079759274
line465:max stage:2, min stage:3, max_value:303740.9035009933, min_value:149587.22798627996
fix|314373.24|47773.43| op = [108, 111, 95, 55, 50]| tp = [1, 1, 2, 1, 1, ] | dp = [2, 2, 1, 1, 1, ] | algo = [0, 0, 0, 0, 0, ] | rc = [54, 39, 26, 12, 8] | gpus = [2, 2, 2, 1, 1] | micro_bs = 8 | time = [166934, 160907, 314373, 153916, 164560] | memory = [47773, 47368, 47581, 47246, 47717]
cv:0.31891242817396703
line465:max stage:2, min stage:3, max_value:314373.24327772035, min_value:153916.56104291536
fix|307250.23|47821.28| op = [108, 111, 94, 56, 50]| tp = [1, 1, 2, 1, 1, ] | dp = [2, 2, 1, 1, 1, ] | algo = [0, 0, 0, 0, 0, ] | rc = [54, 39, 24, 12, 8] | gpus = [2, 2, 2, 1, 1] | micro_bs = 8 | time = [166921, 160894, 307250, 154102, 164547] | memory = [47773, 47368, 47821, 47246, 47717]
cv:0.30624591724122874
line465:max stage:2, min stage:3, max_value:307250.2340670733, min_value:154102.11298026846
fix|300416.58|47941.28| op = [108, 111, 93, 57, 50]| tp = [1, 1, 2, 1, 1, ] | dp = [2, 2, 1, 1, 1, ] | algo = [0, 0, 0, 0, 0, ] | rc = [54, 39, 22, 12, 8] | gpus = [2, 2, 2, 1, 1] | micro_bs = 8 | time = [166909, 160881, 300416, 154597, 164534] | memory = [47773, 47368, 47941, 47646, 47717]
cv:0.29360977812895334
line465:max stage:2, min stage:3, max_value:300416.57984427485, min_value:154597.4542844699
fix|285971.77|47981.28| op = [108, 111, 92, 58, 50]| tp = [1, 1, 2, 1, 1, ] | dp = [2, 2, 1, 1, 1, ] | algo = [0, 0, 0, 0, 0, ] | rc = [54, 39, 20, 16, 8] | gpus = [2, 2, 2, 1, 1] | micro_bs = 8 | time = [166900, 160872, 285971, 164523, 164526] | memory = [47773, 47368, 47981, 47406, 47717]
cv:0.25851099841577435
line465:max stage:2, min stage:1, max_value:285971.768017258, min_value:160872.8672971915
fix|285601.42|47773.43| op = [108, 112, 91, 58, 50]| tp = [1, 1, 2, 1, 1, ] | dp = [2, 2, 1, 1, 1, ] | algo = [0, 0, 0, 0, 0, ] | rc = [54, 41, 20, 16, 8] | gpus = [2, 2, 2, 1, 1] | micro_bs = 8 | time = [166902, 162381, 285601, 164525, 164528] | memory = [47773, 47368, 47501, 47406, 47717]
cv:0.256520442014338
line465:max stage:2, min stage:1, max_value:285601.41939548013, min_value:162381.17457464224
fix|277353.92|47928.22| op = [108, 113, 90, 58, 50]| tp = [1, 1, 2, 1, 1, ] | dp = [2, 2, 1, 1, 1, ] | algo = [0, 0, 0, 0, 0, ] | rc = [54, 41, 20, 16, 8] | gpus = [2, 2, 2, 1, 1] | micro_bs = 8 | time = [166890, 164699, 277353, 164514, 164516] | memory = [47773, 47928, 46821, 47406, 47717]
cv:0.2392837429527016
line465:max stage:2, min stage:3, max_value:277353.9209171193, min_value:164514.1549562547
fix|276985.36|47928.22| op = [108, 113, 89, 59, 50]| tp = [1, 1, 2, 1, 1, ] | dp = [2, 2, 1, 1, 1, ] | algo = [0, 0, 0, 0, 0, ] | rc = [54, 41, 20, 18, 8] | gpus = [2, 2, 2, 1, 1] | micro_bs = 8 | time = [166894, 164703, 276985, 166910, 164520] | memory = [47773, 47928, 46341, 47406, 47717]
cv:0.2367141695182591
line465:max stage:2, min stage:4, max_value:276985.35948586283, min_value:164520.6819470562
fix|269553.01|47966.25| op = [108, 113, 88, 59, 51]| tp = [1, 1, 2, 1, 1, ] | dp = [2, 2, 1, 1, 1, ] | algo = [0, 0, 0, 0, 0, ] | rc = [54, 41, 22, 18, 9] | gpus = [2, 2, 2, 1, 1] | micro_bs = 8 | time = [166892, 164701, 269553, 169051, 168697] | memory = [47773, 47928, 47773, 47966, 47717]
cv:0.21789458551252955
line465:max stage:2, min stage:1, max_value:269553.0133645816, min_value:164701.1893767609
fix|267932.55|47966.25| op = [108, 114, 87, 59, 51]| tp = [1, 1, 2, 1, 1, ] | dp = [2, 2, 1, 1, 1, ] | algo = [0, 0, 0, 0, 0, ] | rc = [54, 43, 20, 18, 9] | gpus = [2, 2, 2, 1, 1] | micro_bs = 8 | time = [166891, 165934, 267932, 169050, 168696] | memory = [47773, 47528, 47653, 47966, 47717]
cv:0.21380747755048424
line465:max stage:2, min stage:1, max_value:267932.55090935255, min_value:165934.77943740075
fix|267731.63|47966.25| op = [108, 115, 86, 59, 51]| tp = [1, 1, 2, 1, 1, ] | dp = [2, 2, 1, 1, 1, ] | algo = [0, 0, 0, 0, 0, ] | rc = [54, 43, 20, 18, 9] | gpus = [2, 2, 2, 1, 1] | micro_bs = 8 | time = [166892, 166205, 267731, 169051, 168696] | memory = [47773, 47688, 47652, 47966, 47717]
cv:0.21320765268621167
line465:max stage:2, min stage:1, max_value:267731.6288256796, min_value:166205.38857230663
fix|258759.92|47966.25| op = [108, 116, 85, 59, 51]| tp = [1, 1, 2, 1, 1, ] | dp = [2, 2, 1, 1, 1, ] | algo = [0, 0, 0, 0, 0, ] | rc = [54, 45, 18, 18, 9] | gpus = [2, 2, 2, 1, 1] | micro_bs = 8 | time = [166881, 169805, 258759, 169040, 168686] | memory = [47773, 47828, 47742, 47966, 47717]
cv:0.19329362435446504
line465:max stage:2, min stage:0, max_value:258759.91719178527, min_value:166881.66239638065
fix|259967.39|47966.25| op = [109, 116, 84, 59, 51]| tp = [1, 1, 2, 1, 1, ] | dp = [2, 2, 1, 1, 1, ] | algo = [0, 0, 0, 0, 0, ] | rc = [44, 58, 19, 18, 9] | gpus = [2, 2, 2, 1, 1] | micro_bs = 8 | time = [161144, 179041, 259967, 169049, 168695] | memory = [47933, 47644, 47502, 47966, 47717]
cv:0.19531911847796116
line465:max stage:2, min stage:0, max_value:259967.38541473026, min_value:161144.11660533512
fix|257876.76|47966.25| op = [110, 116, 83, 59, 51]| tp = [1, 1, 2, 1, 1, ] | dp = [2, 2, 1, 1, 1, ] | algo = [0, 0, 0, 0, 0, ] | rc = [76, 44, 18, 18, 9] | gpus = [2, 2, 2, 1, 1] | micro_bs = 8 | time = [176600, 170631, 257876, 169059, 168705] | memory = [47770, 47828, 47502, 47966, 47717]
cv:0.1843682714802316
line465:max stage:2, min stage:4, max_value:257876.75824573025, min_value:168705.17810111912
fix|257358.53|47966.50| op = [110, 116, 82, 59, 52]| tp = [1, 1, 2, 1, 1, ] | dp = [2, 2, 1, 1, 1, ] | algo = [0, 0, 0, 0, 0, ] | rc = [76, 44, 18, 16, 8] | gpus = [2, 2, 2, 1, 1] | micro_bs = 8 | time = [176576, 170608, 257358, 160102, 166273] | memory = [47770, 47828, 47262, 47966, 47877]
cv:0.19331838212412408
line465:max stage:2, min stage:3, max_value:257358.52850033224, min_value:160102.16716043343
fix|257136.51|47877.20| op = [110, 116, 81, 60, 52]| tp = [1, 1, 2, 1, 1, ] | dp = [2, 2, 1, 1, 1, ] | algo = [0, 0, 0, 0, 0, ] | rc = [76, 44, 18, 12, 8] | gpus = [2, 2, 2, 1, 1] | micro_bs = 8 | time = [176569, 170600, 257136, 156333, 166265] | memory = [47770, 47828, 46902, 46190, 47877]
cv:0.19678626689107834
line465:max stage:2, min stage:3, max_value:257136.51279553366, min_value:156333.42258463486
fix|250718.42|47877.20| op = [110, 116, 80, 61, 52]| tp = [1, 1, 2, 1, 1, ] | dp = [2, 2, 1, 1, 1, ] | algo = [0, 0, 0, 0, 0, ] | rc = [76, 44, 18, 12, 8] | gpus = [2, 2, 2, 1, 1] | micro_bs = 8 | time = [176559, 170590, 250718, 157642, 166256] | memory = [47770, 47828, 46612, 46450, 47877]
cv:0.18307459098893844
line465:max stage:2, min stage:3, max_value:250718.41994108874, min_value:157642.8726888149
fix|253337.32|47877.20| op = [110, 116, 79, 62, 52]| tp = [1, 1, 2, 1, 1, ] | dp = [2, 2, 1, 1, 1, ] | algo = [0, 0, 0, 0, 0, ] | rc = [76, 44, 21, 14, 8] | gpus = [2, 2, 2, 1, 1] | micro_bs = 8 | time = [176582, 170614, 253337, 167174, 166279] | memory = [47770, 47828, 47260, 46610, 47877]
cv:0.17915621590081687
line465:max stage:2, min stage:4, max_value:253337.31643658582, min_value:166279.7071860516
fix|248296.84|47937.20| op = [110, 116, 78, 62, 53]| tp = [1, 1, 2, 1, 1, ] | dp = [2, 2, 1, 1, 1, ] | algo = [0, 0, 0, 0, 0, ] | rc = [76, 44, 16, 22, 10] | gpus = [2, 2, 2, 1, 1] | micro_bs = 8 | time = [176600, 170632, 248296, 174980, 172819] | memory = [47770, 47828, 46492, 47366, 47937]
cv:0.1583924210312904
line465:max stage:2, min stage:1, max_value:248296.83988072627, min_value:170632.2209741853
fix|245184.80|47937.20| op = [110, 117, 77, 62, 53]| tp = [1, 1, 2, 1, 1, ] | dp = [2, 2, 1, 1, 1, ] | algo = [0, 0, 0, 0, 0, ] | rc = [76, 80, 14, 22, 10] | gpus = [2, 2, 2, 1, 1] | micro_bs = 8 | time = [176627, 187408, 245184, 175006, 172845] | memory = [47770, 46682, 46492, 47366, 47937]
cv:0.14288043204828832
line465:max stage:2, min stage:4, max_value:245184.8024387263, min_value:172845.78095757132
fix|243704.79|47937.33| op = [110, 117, 76, 62, 54]| tp = [1, 1, 2, 1, 1, ] | dp = [2, 2, 1, 1, 1, ] | algo = [0, 0, 0, 0, 0, ] | rc = [76, 80, 14, 21, 10] | gpus = [2, 2, 2, 1, 1] | micro_bs = 8 | time = [176627, 187408, 243704, 176471, 173045] | memory = [47770, 46682, 46492, 47846, 47937]
cv:0.13877864406113374
line465:max stage:2, min stage:4, max_value:243704.78749620134, min_value:173045.21490392438
fix|239139.54|47926.25| op = [110, 117, 75, 62, 55]| tp = [1, 1, 2, 1, 1, ] | dp = [2, 2, 1, 1, 1, ] | algo = [0, 0, 0, 0, 0, ] | rc = [76, 80, 12, 20, 12] | gpus = [2, 2, 2, 1, 1] | micro_bs = 8 | time = [176619, 187400, 239139, 173841, 175765] | memory = [47770, 46682, 46492, 47926, 47817]
cv:0.12988256152629118
line465:max stage:2, min stage:3, max_value:239139.54397206134, min_value:173841.39551651917
fix|231074.04|47817.33| op = [110, 117, 74, 63, 55]| tp = [1, 1, 2, 1, 1, ] | dp = [2, 2, 1, 1, 1, ] | algo = [0, 0, 0, 0, 0, ] | rc = [76, 80, 12, 16, 12] | gpus = [2, 2, 2, 1, 1] | micro_bs = 8 | time = [176603, 187384, 231074, 173856, 175749] | memory = [47770, 46682, 45982, 46210, 47817]
cv:0.11429140748727794
line465:max stage:2, min stage:3, max_value:231074.0418647884, min_value:173856.18509415459
fix|229386.02|47817.33| op = [110, 117, 73, 64, 55]| tp = [1, 1, 2, 1, 1, ] | dp = [2, 2, 1, 1, 1, ] | algo = [0, 0, 0, 0, 0, ] | rc = [76, 80, 10, 16, 12] | gpus = [2, 2, 2, 1, 1] | micro_bs = 8 | time = [176600, 187381, 229386, 174052, 175746] | memory = [47770, 46682, 47790, 46210, 47817]
cv:0.11084137752465446
line465:max stage:2, min stage:3, max_value:229386.0206861415, min_value:174052.35224250765
fix|229179.62|47817.33| op = [110, 117, 72, 65, 55]| tp = [1, 1, 2, 1, 1, ] | dp = [2, 2, 1, 1, 1, ] | algo = [0, 0, 0, 0, 0, ] | rc = [76, 80, 10, 16, 12] | gpus = [2, 2, 2, 1, 1] | micro_bs = 8 | time = [176601, 187382, 229179, 174560, 175747] | memory = [47770, 46682, 47430, 46610, 47817]
cv:0.1100070914659012
line465:max stage:2, min stage:3, max_value:229179.61561534295, min_value:174560.63739270912
fix|221353.36|47817.33| op = [110, 117, 71, 66, 55]| tp = [1, 1, 2, 1, 1, ] | dp = [2, 2, 1, 1, 1, ] | algo = [0, 0, 0, 0, 0, ] | rc = [76, 80, 10, 16, 12] | gpus = [2, 2, 2, 1, 1] | micro_bs = 8 | time = [176596, 187377, 221353, 180048, 175742] | memory = [47770, 46682, 46990, 47650, 47817]
cv:0.09066377829375236
line465:max stage:2, min stage:4, max_value:221353.35953032604, min_value:175742.79934451837
fix|220993.95|47817.08| op = [110, 117, 70, 66, 56]| tp = [1, 1, 2, 1, 1, ] | dp = [2, 2, 1, 1, 1, ] | algo = [0, 0, 0, 0, 0, ] | rc = [76, 80, 10, 16, 23] | gpus = [2, 2, 2, 1, 1] | micro_bs = 8 | time = [176609, 187390, 220993, 176337, 186548] | memory = [47770, 46682, 46510, 47730, 47817]
cv:0.08649635389176823
line465:max stage:2, min stage:3, max_value:220993.94845610356, min_value:176337.31451587894
fix|212513.19|47817.08| op = [110, 117, 69, 67, 56]| tp = [1, 1, 2, 1, 1, ] | dp = [2, 2, 1, 1, 1, ] | algo = [0, 0, 0, 0, 0, ] | rc = [76, 80, 10, 18, 23] | gpus = [2, 2, 2, 1, 1] | micro_bs = 8 | time = [176606, 187387, 212513, 183085, 186545] | memory = [47770, 46682, 45830, 47650, 47817]
cv:0.06471571197959682
line465:max stage:2, min stage:0, max_value:212513.19366382234, min_value:176606.33331142724
fix|208933.26|47817.08| op = [111, 117, 68, 67, 56]| tp = [1, 1, 2, 1, 1, ] | dp = [2, 2, 1, 1, 1, ] | algo = [0, 0, 0, 0, 0, ] | rc = [48, 36, 10, 18, 23] | gpus = [2, 2, 2, 1, 1] | micro_bs = 8 | time = [164650, 163770, 208933, 183009, 186469] | memory = [47333, 46932, 42638, 47650, 47817]
cv:0.09152376035758836
line465:max stage:2, min stage:1, max_value:208933.25507238277, min_value:163770.6063527638
fix|202540.88|47817.08| op = [111, 118, 67, 67, 56]| tp = [1, 1, 2, 1, 1, ] | dp = [2, 2, 1, 1, 1, ] | algo = [0, 0, 0, 0, 0, ] | rc = [48, 36, 10, 18, 23] | gpus = [2, 2, 2, 1, 1] | micro_bs = 8 | time = [164639, 164425, 202540, 182998, 186458] | memory = [47333, 47192, 42468, 47650, 47817]
cv:0.07991603390885492
line465:max stage:2, min stage:1, max_value:202540.87793817522, min_value:164425.48749248343
fix|202031.70|47817.08| op = [111, 119, 66, 67, 56]| tp = [1, 1, 2, 1, 1, ] | dp = [2, 2, 1, 1, 1, ] | algo = [0, 0, 0, 0, 0, ] | rc = [48, 36, 10, 18, 23] | gpus = [2, 2, 2, 1, 1] | micro_bs = 8 | time = [164638, 164527, 202031, 182997, 186457] | memory = [47333, 47432, 41868, 47650, 47817]
cv:0.07895563255713424
line465:max stage:2, min stage:1, max_value:202031.6982809461, min_value:164527.01158612335
fix|201830.90|47817.08| op = [111, 120, 65, 67, 56]| tp = [1, 1, 2, 1, 1, ] | dp = [2, 2, 1, 1, 1, ] | algo = [0, 0, 0, 0, 0, ] | rc = [48, 36, 10, 18, 23] | gpus = [2, 2, 2, 1, 1] | micro_bs = 8 | time = [164638, 164801, 201830, 182997, 186457] | memory = [47333, 47592, 41867, 47650, 47817]
cv:0.07827286277298905
line465:max stage:2, min stage:0, max_value:201830.90022427324, min_value:164638.9847535266
fix|193759.88|47817.08| op = [112, 120, 64, 67, 56]| tp = [1, 1, 2, 1, 1, ] | dp = [2, 2, 1, 1, 1, ] | algo = [0, 0, 0, 0, 0, ] | rc = [48, 38, 10, 18, 23] | gpus = [2, 2, 2, 1, 1] | micro_bs = 8 | time = [165297, 168123, 193759, 182989, 186449] | memory = [47633, 47732, 41427, 47650, 47817]
cv:0.06082264469905199
line465:max stage:2, min stage:0, max_value:193759.88405267778, min_value:165297.0910195397
fix|193386.98|47972.71| op = [113, 120, 63, 67, 56]| tp = [1, 1, 2, 1, 1, ] | dp = [2, 2, 1, 1, 1, ] | algo = [0, 0, 0, 0, 0, ] | rc = [48, 38, 10, 18, 23] | gpus = [2, 2, 2, 1, 1] | micro_bs = 8 | time = [165399, 168220, 193386, 182989, 186449] | memory = [47933, 47972, 40947, 47650, 47817]
cv:0.060028431612638156
line465:max stage:2, min stage:0, max_value:193386.97908165085, min_value:165399.0716571454
fix|186442.49|47892.46| op = [114, 120, 62, 67, 56]| tp = [1, 1, 2, 1, 1, ] | dp = [2, 2, 1, 1, 1, ] | algo = [0, 0, 0, 0, 0, ] | rc = [50, 40, 10, 18, 23] | gpus = [2, 2, 2, 1, 1] | micro_bs = 8 | time = [166800, 171575, 185144, 182982, 186442] | memory = [47333, 47892, 40267, 47650, 47817]
cv:0.044240554992629244
line465:max stage:4, min stage:0, max_value:186442.48603022838, min_value:166800.0134185429
fix|193117.33|47817.33| op = [115, 120, 62, 67, 55]| tp = [1, 1, 2, 1, 1, ] | dp = [2, 2, 1, 1, 1, ] | algo = [0, 0, 0, 0, 0, ] | rc = [52, 40, 10, 18, 12] | gpus = [2, 2, 2, 1, 1] | micro_bs = 8 | time = [170792, 169038, 193117, 182717, 175646] | memory = [47733, 47572, 40347, 47650, 47817]
cv:0.049431166557095896
line465:max stage:2, min stage:1, max_value:193117.32687502197, min_value:169038.68208956358
fix|192916.40|47817.33| op = [115, 121, 61, 67, 55]| tp = [1, 1, 2, 1, 1, ] | dp = [2, 2, 1, 1, 1, ] | algo = [0, 0, 0, 0, 0, ] | rc = [52, 40, 10, 18, 12] | gpus = [2, 2, 2, 1, 1] | micro_bs = 8 | time = [170792, 169309, 192916, 182717, 175646] | memory = [47733, 47732, 40347, 47650, 47817]
cv:0.04873168684486904
line465:max stage:2, min stage:1, max_value:192916.4047913491, min_value:169309.29122446946
fix|185065.18|47872.79| op = [115, 122, 60, 67, 55]| tp = [1, 1, 2, 1, 1, ] | dp = [2, 2, 1, 1, 1, ] | algo = [0, 0, 0, 0, 0, ] | rc = [52, 42, 10, 18, 12] | gpus = [2, 2, 2, 1, 1] | micro_bs = 8 | time = [170784, 172774, 185065, 182709, 175637] | memory = [47733, 47872, 39957, 47650, 47817]
cv:0.03140723535845069
line465:max stage:2, min stage:0, max_value:185065.18081645464, min_value:170784.37258654344
fix|185668.80|47817.33| op = [116, 122, 59, 67, 55]| tp = [1, 1, 2, 1, 1, ] | dp = [2, 2, 1, 1, 1, ] | algo = [0, 0, 0, 0, 0, ] | rc = [54, 55, 10, 18, 12] | gpus = [2, 2, 2, 1, 1] | micro_bs = 8 | time = [172315, 183591, 185668, 182734, 175663] | memory = [47733, 47488, 39717, 47650, 47817]
cv:0.02836859366884304
line465:max stage:2, min stage:0, max_value:185668.79725172438, min_value:172315.65903227983
fix|184172.65|47853.74| op = [117, 122, 58, 67, 55]| tp = [1, 1, 2, 1, 1, ] | dp = [2, 2, 1, 1, 1, ] | algo = [0, 0, 0, 0, 0, ] | rc = [55, 40, 10, 18, 12] | gpus = [2, 2, 2, 1, 1] | micro_bs = 8 | time = [175518, 173775, 184172, 182718, 175647] | memory = [47853, 47472, 39717, 47650, 47817]
cv:0.023685045603880954
line465:max stage:2, min stage:1, max_value:184172.64643993488, min_value:173775.14794665095
fix|192668.69|47853.74| op = [117, 123, 57, 67, 55]| tp = [1, 1, 2, 1, 1, ] | dp = [2, 2, 1, 1, 1, ] | algo = [0, 0, 0, 0, 0, ] | rc = [55, 65, 8, 18, 12] | gpus = [2, 2, 2, 1, 1] | micro_bs = 8 | time = [175549, 192668, 181064, 182749, 175678] | memory = [47853, 47848, 39717, 47650, 47817]
cv:0.03446917576712576
line465:max stage:1, min stage:0, max_value:192668.68700865097, min_value:175549.1897052773
fix|191505.49|47928.71| op = [118, 122, 57, 67, 55]| tp = [1, 1, 2, 1, 1, ] | dp = [2, 2, 1, 1, 1, ] | algo = [0, 0, 0, 0, 0, ] | rc = [56, 64, 8, 18, 12] | gpus = [2, 2, 2, 1, 1] | micro_bs = 8 | time = [176538, 191505, 181064, 182748, 175677] | memory = [47553, 47928, 39717, 47650, 47817]
cv:0.03120231520994528
line465:max stage:1, min stage:4, max_value:191505.49144126318, min_value:175677.71448410672
fix|186444.56|47817.08| op = [118, 121, 57, 67, 56]| tp = [1, 1, 2, 1, 1, ] | dp = [2, 2, 1, 1, 1, ] | algo = [0, 0, 0, 0, 0, ] | rc = [56, 38, 10, 18, 23] | gpus = [2, 2, 2, 1, 1] | micro_bs = 8 | time = [176512, 172372, 175699, 182984, 186444] | memory = [47553, 47712, 39037, 47650, 47817]
cv:0.028748436388634148
line465:max stage:4, min stage:1, max_value:186444.55645585788, min_value:172372.00107884526
fix|407339.63|52908.75| op = [118, 122, 57, 67, 55]| tp = [1, 1, 2, 1, 2, ] | dp = [2, 1, 1, 1, 1, ] | algo = [0, 0, 0, 0, 0, ] | rc = [56, 121, 8, 18, 0] | gpus = [2, 1, 2, 1, 2] | micro_bs = 8 | time = [176972, 407339, 181497, 183182, 182205] | memory = [47553, 52908, 39717, 47650, 28033]
line465:max stage:1, min stage:4, max_value:52908.75, min_value:28033.333000000002
best|154572.83|47633.12| op = [105, 107, 106, 53, 48]| tp = [1, 1, 1, 1, 1, ] | dp = [2, 2, 2, 1, 1, ] | algo = [0, 0, 0, 0, 0, ] | rc = [40, 32, 34, 12, 0] | gpus = [2, 2, 2, 1, 1] | micro_bs = 8 | time = [150840, 151475, 154572, 145953, 143351] | memory = [47633, 47568, 46514, 46626, 45909]
line146:config.memory_list:[47633.11500000006, 47568.21600000007, 46514.97600000004, 46626.0, 45909.203]
line147:config.time_list:[150840.09482026592, 151475.78478363957, 154572.82940921138, 145953.71439573762, 143351.80073159738]
------------------------------------------------------------------------------------------------------
cegis_search for the 0th times
开始求解check...
line351:
tp_list[1, 1, 1, 1, 1, 1, 1, 1, 1, 1, 1, 1, 1, 1, 1, 1, 1, 1, 1, 1, 1, 1, 1, 1, 1, 1, 1, 1, 1, 1, 1, 1, 1, 1, 1, 1, 1, 1, 1, 1, 1, 1, 1, 1, 1, 1, 1, 1, 1, 1, 1, 1, 1, 1, 1, 1, 1, 1, 1, 1, 1, 1, 1, 1, 1, 1, 1, 1, 1, 1, 1, 1, 1, 1, 1, 1, 1, 1, 1, 1, 1, 1, 1, 1, 1, 1, 1, 1, 1, 1, 1, 1, 1, 1, 1, 1, 1, 1, 1, 1, 1, 1, 1, 1, 1, 1, 1, 1, 1, 1, 1, 1, 1, 1, 1, 1, 1, 1, 1, 1, 1, 1, 1, 1, 1, 1, 1, 1, 1, 1, 1, 1, 1, 1, 1, 1, 1, 1, 1, 1, 1, 1, 1, 1, 1, 1, 1, 1, 1, 1, 1, 1, 1, 1, 1, 1, 1, 1, 1, 1, 1, 1, 1, 1, 1, 1, 1, 1, 1, 1, 1, 1, 1, 1, 1, 1, 1, 1, 1, 1, 1, 1, 1, 1, 1, 1, 1, 1, 1, 1, 1, 1, 1, 1, 1, 1, 1, 1, 1, 1, 1, 1, 1, 1, 1, 1, 1, 1, 1, 1, 1, 1, 1, 1, 1, 1, 1, 1, 1, 1, 1, 1, 1, 1, 1, 1, 1, 1, 1, 1, 1, 1, 1, 1, 1, 1, 1, 1, 1, 1, 1, 1, 1, 1, 1, 1, 1, 1, 1, 1, 1, 1, 1, 1, 1, 1, 1, 1, 1, 1, 1, 1, 1, 1, 1, 1, 1, 1, 1, 1, 1, 1, 1, 1, 1, 1, 1, 1, 1, 1, 1, 1, 1, 1, 1, 1, 1, 1, 1, 1, 1, 1, 1, 1, 1, 1, 1, 1, 1, 1, 1, 1, 1, 1, 1, 1, 1, 1, 1, 1, 1, 1, 1, 1, 1, 1, 1, 1, 1, 1, 1, 1, 1, 1, 1, 1, 1, 1, 1, 1, 1, 1, 1, 1, 1, 1, 1, 1, 1, 1, 1, 1, 1, 1, 1, 1, 1, 1, 1, 1, 1, 1, 1, 1, 1, 1, 1, 1, 1, 1, 1, 1, 1, 1, 1, 1, 1, 1, 1, 1, 1, 1, 1, 1, 1, 1, 1, 1, 1, 1, 1, 1, 1, 1, 1, 1, 1, 1, 1, 1, 1, 1, 1, 1, 1, 1, 1, 1, 1, 1, 1, 1, 1, 1, 1, 1, 1, 1, 1, 1, 1, 1, 1, 1, 1, 1, 1, 1, 1]
dp_list[2, 2, 2, 2, 2, 2, 2, 2, 2, 2, 2, 2, 2, 2, 2, 2, 2, 2, 2, 2, 2, 2, 2, 2, 2, 2, 2, 2, 2, 2, 2, 2, 2, 2, 2, 2, 2, 2, 2, 2, 2, 2, 2, 2, 2, 2, 2, 2, 2, 2, 2, 2, 2, 2, 2, 2, 2, 2, 2, 2, 2, 2, 2, 2, 2, 2, 2, 2, 2, 2, 2, 2, 2, 2, 2, 2, 2, 2, 2, 2, 2, 2, 2, 2, 2, 2, 2, 2, 2, 2, 2, 2, 2, 2, 2, 2, 2, 2, 2, 2, 2, 2, 2, 2, 2, 2, 2, 2, 2, 2, 2, 2, 2, 2, 2, 2, 2, 2, 2, 2, 2, 2, 2, 2, 2, 2, 2, 2, 2, 2, 2, 2, 2, 2, 2, 2, 2, 2, 2, 2, 2, 2, 2, 2, 2, 2, 2, 2, 2, 2, 2, 2, 2, 2, 2, 2, 2, 2, 2, 2, 2, 2, 2, 2, 2, 2, 2, 2, 2, 2, 2, 2, 2, 2, 2, 2, 2, 2, 2, 2, 2, 2, 2, 2, 2, 2, 2, 2, 2, 2, 2, 2, 2, 2, 2, 2, 2, 2, 2, 2, 2, 2, 2, 2, 2, 2, 2, 2, 2, 2, 2, 2, 2, 2, 2, 2, 2, 2, 2, 2, 2, 2, 2, 2, 2, 2, 2, 2, 2, 2, 2, 2, 2, 2, 2, 2, 2, 2, 2, 2, 2, 2, 2, 2, 2, 2, 2, 2, 2, 2, 2, 2, 2, 2, 2, 2, 2, 2, 2, 2, 2, 2, 2, 2, 2, 2, 2, 2, 2, 2, 2, 2, 2, 2, 2, 2, 2, 2, 2, 2, 2, 2, 2, 2, 2, 2, 2, 2, 2, 2, 2, 2, 2, 2, 2, 2, 2, 2, 2, 2, 2, 2, 2, 2, 2, 2, 2, 2, 2, 2, 2, 2, 2, 2, 2, 2, 2, 1, 1, 1, 1, 1, 1, 1, 1, 1, 1, 1, 1, 1, 1, 1, 1, 1, 1, 1, 1, 1, 1, 1, 1, 1, 1, 1, 1, 1, 1, 1, 1, 1, 1, 1, 1, 1, 1, 1, 1, 1, 1, 1, 1, 1, 1, 1, 1, 1, 1, 1, 1, 1, 1, 1, 1, 1, 1, 1, 1, 1, 1, 1, 1, 1, 1, 1, 1, 1, 1, 1, 1, 1, 1, 1, 1, 1, 1, 1, 1, 1, 1, 1, 1, 1, 1, 1, 1, 1, 1, 1, 1, 1, 1, 1, 1, 1, 1, 1, 1, 1, 1]
algo_list[0, 0, 0, 0, 0, 0, 0, 0, 0, 0, 0, 0, 0, 0, 0, 0, 0, 0, 0, 0, 0, 0, 0, 0, 0, 0, 0, 0, 0, 0, 0, 0, 0, 0, 0, 0, 0, 0, 0, 0, 0, 0, 0, 0, 0, 0, 0, 0, 0, 0, 0, 0, 0, 0, 0, 0, 0, 0, 0, 0, 0, 0, 0, 0, 0, 0, 0, 0, 0, 0, 0, 0, 0, 0, 0, 0, 0, 0, 0, 0, 0, 0, 0, 0, 0, 0, 0, 0, 0, 0, 0, 0, 0, 0, 0, 0, 0, 0, 0, 0, 0, 0, 0, 0, 0, 0, 0, 0, 0, 0, 0, 0, 0, 0, 0, 0, 0, 0, 0, 0, 0, 0, 0, 0, 0, 0, 0, 0, 0, 0, 0, 0, 0, 0, 0, 0, 0, 0, 0, 0, 0, 0, 0, 0, 0, 0, 0, 0, 0, 0, 0, 0, 0, 0, 0, 0, 0, 0, 0, 0, 0, 0, 0, 0, 0, 0, 0, 0, 0, 0, 0, 0, 0, 0, 0, 0, 0, 0, 0, 0, 0, 0, 0, 0, 0, 0, 0, 0, 0, 0, 0, 0, 0, 0, 0, 0, 0, 0, 0, 0, 0, 0, 0, 0, 0, 0, 0, 0, 0, 0, 0, 0, 0, 0, 0, 0, 0, 0, 0, 0, 0, 0, 0, 0, 0, 0, 0, 0, 0, 0, 0, 0, 0, 0, 0, 0, 0, 0, 0, 0, 0, 0, 0, 0, 0, 0, 0, 0, 0, 0, 0, 0, 0, 0, 0, 0, 0, 0, 0, 0, 0, 0, 0, 0, 0, 0, 0, 0, 0, 0, 0, 0, 0, 0, 0, 0, 0, 0, 0, 0, 0, 0, 0, 0, 0, 0, 0, 0, 0, 0, 0, 0, 0, 0, 0, 0, 0, 0, 0, 0, 0, 0, 0, 0, 0, 0, 0, 0, 0, 0, 0, 0, 0, 0, 0, 0, 0, 0, 0, 0, 0, 0, 0, 0, 0, 0, 0, 0, 0, 0, 0, 0, 0, 0, 0, 0, 0, 0, 0, 0, 0, 0, 0, 0, 0, 0, 0, 0, 0, 0, 0, 0, 0, 0, 0, 0, 0, 0, 0, 0, 0, 0, 0, 0, 0, 0, 0, 0, 0, 0, 0, 0, 0, 0, 0, 0, 0, 0, 0, 0, 0, 0, 0, 0, 0, 0, 0, 0, 0, 0, 0, 0, 0, 0, 0, 0, 0, 0, 0, 0, 0, 0, 0, 0, 0, 0, 0, 0, 0, 0, 0, 0, 0, 0, 0, 0, 0, 0, 0]

decode|157926.48|47858.98| op = [105, 107, 105, 53, 49]| tp = [1, 1, 1, 1, 1, ] | dp = [2, 2, 2, 1, 1, ] | algo = [0, 0, 0, 0, 0, ] | rc = [40, 32, 31, 17, 6] | gpus = [2, 2, 2, 1, 1] | micro_bs = 8 | time = [150883, 151519, 150626, 157608, 157926] | memory = [47633, 47568, 47858, 47490, 47717]
验证解
line465:max stage:4, min stage:2, max_value:157926.4756142324, min_value:150626.31322382198
fix|154572.83|47633.12| op = [105, 107, 106, 53, 48]| tp = [1, 1, 1, 1, 1, ] | dp = [2, 2, 2, 1, 1, ] | algo = [0, 0, 0, 0, 0, ] | rc = [40, 32, 34, 12, 0] | gpus = [2, 2, 2, 1, 1] | micro_bs = 8 | time = [150840, 151475, 154572, 145953, 143351] | memory = [47633, 47568, 46514, 46626, 45909]
cv:0.027047580069270855
line465:max stage:2, min stage:4, max_value:154572.82940921138, min_value:143351.80073159738
fix|157926.48|47858.98| op = [105, 107, 105, 53, 49]| tp = [1, 1, 1, 1, 1, ] | dp = [2, 2, 2, 1, 1, ] | algo = [0, 0, 0, 0, 0, ] | rc = [40, 32, 31, 17, 6] | gpus = [2, 2, 2, 1, 1] | micro_bs = 8 | time = [150883, 151519, 150626, 157608, 157926] | memory = [47633, 47568, 47858, 47490, 47717]
cv:0.021630988301504856
line465:max stage:4, min stage:2, max_value:157926.4756142324, min_value:150626.31322382198
fix|358547.55|51344.25| op = [105, 107, 106, 53, 48]| tp = [1, 1, 1, 1, 2, ] | dp = [2, 2, 1, 1, 1, ] | algo = [0, 0, 0, 0, 0, ] | rc = [40, 32, 106, 12, 0] | gpus = [2, 2, 1, 1, 2] | micro_bs = 8 | time = [151284, 151919, 358547, 146397, 167219] | memory = [47633, 47568, 51344, 46626, 24155]
line465:max stage:2, min stage:4, max_value:51344.25, min_value:24155.203
fix|334880.72|47790.00| op = [105, 107, 105, 53, 49]| tp = [1, 1, 2, 1, 1, ] | dp = [2, 2, 1, 1, 1, ] | algo = [0, 0, 0, 0, 0, ] | rc = [40, 32, 29, 17, 6] | gpus = [2, 2, 2, 1, 1] | micro_bs = 8 | time = [151243, 151879, 334880, 157968, 158286] | memory = [47633, 47568, 47790, 47490, 47717]
cv:0.37764821494765255
line465:max stage:2, min stage:0, max_value:334880.7237659531, min_value:151243.31911246668
fix|332779.58|47833.43| op = [106, 107, 104, 53, 49]| tp = [1, 1, 2, 1, 1, ] | dp = [2, 2, 1, 1, 1, ] | algo = [0, 0, 0, 0, 0, ] | rc = [40, 32, 28, 17, 6] | gpus = [2, 2, 2, 1, 1] | micro_bs = 8 | time = [151512, 153258, 332779, 157967, 158285] | memory = [47833, 47567, 47790, 47490, 47717]
cv:0.3724978911407535
line465:max stage:2, min stage:0, max_value:332779.57735183835, min_value:151512.91271205273
fix|329660.67|47933.43| op = [107, 107, 103, 53, 49]| tp = [1, 1, 2, 1, 1, ] | dp = [2, 2, 1, 1, 1, ] | algo = [0, 0, 0, 0, 0, ] | rc = [42, 49, 26, 17, 6] | gpus = [2, 2, 2, 1, 1] | micro_bs = 8 | time = [155143, 162904, 329660, 157987, 158305] | memory = [47933, 47747, 47790, 47490, 47717]
cv:0.3551626513418369
line465:max stage:2, min stage:0, max_value:329660.6654843633, min_value:155143.3007316997
fix|324964.90|47773.43| op = [108, 107, 102, 53, 49]| tp = [1, 1, 2, 1, 1, ] | dp = [2, 2, 1, 1, 1, ] | algo = [0, 0, 0, 0, 0, ] | rc = [54, 35, 24, 17, 6] | gpus = [2, 2, 2, 1, 1] | micro_bs = 8 | time = [166939, 154739, 324964, 157985, 158303] | memory = [47773, 46947, 47670, 47490, 47717]
cv:0.3443260164181959
line465:max stage:2, min stage:1, max_value:324964.89541639586, min_value:154739.8491361284
fix|318572.52|47773.43| op = [108, 108, 101, 53, 49]| tp = [1, 1, 2, 1, 1, ] | dp = [2, 2, 1, 1, 1, ] | algo = [0, 0, 0, 0, 0, ] | rc = [54, 35, 24, 17, 6] | gpus = [2, 2, 2, 1, 1] | micro_bs = 8 | time = [166928, 155394, 318572, 157974, 158291] | memory = [47773, 47207, 47500, 47490, 47717]
cv:0.3326978688997327
line465:max stage:2, min stage:1, max_value:318572.5182821883, min_value:155394.73027584804
fix|318063.34|47773.43| op = [108, 109, 100, 53, 49]| tp = [1, 1, 2, 1, 1, ] | dp = [2, 2, 1, 1, 1, ] | algo = [0, 0, 0, 0, 0, ] | rc = [54, 35, 24, 17, 6] | gpus = [2, 2, 2, 1, 1] | micro_bs = 8 | time = [166927, 155496, 318063, 157973, 158291] | memory = [47773, 47447, 46900, 47490, 47717]
cv:0.33171924415193466
line465:max stage:2, min stage:1, max_value:318063.3386249591, min_value:155496.25436948796
fix|317862.54|47773.43| op = [108, 110, 99, 53, 49]| tp = [1, 1, 2, 1, 1, ] | dp = [2, 2, 1, 1, 1, ] | algo = [0, 0, 0, 0, 0, ] | rc = [54, 35, 24, 17, 6] | gpus = [2, 2, 2, 1, 1] | micro_bs = 8 | time = [166927, 155770, 317862, 157973, 158291] | memory = [47773, 47608, 46899, 47490, 47717]
cv:0.3311126789766367
line465:max stage:2, min stage:1, max_value:317862.5405682863, min_value:155770.85886739384
fix|309793.74|47773.43| op = [108, 111, 98, 53, 49]| tp = [1, 1, 2, 1, 1, ] | dp = [2, 2, 1, 1, 1, ] | algo = [0, 0, 0, 0, 0, ] | rc = [54, 39, 24, 17, 6] | gpus = [2, 2, 2, 1, 1] | micro_bs = 8 | time = [166921, 160894, 309793, 157967, 158285] | memory = [47773, 47368, 46459, 47490, 47717]
cv:0.31239942177754254
line465:max stage:2, min stage:3, max_value:309793.74207132705, min_value:157967.79440502683
fix|308318.65|47773.43| op = [108, 111, 97, 54, 49]| tp = [1, 1, 2, 1, 1, ] | dp = [2, 2, 1, 1, 1, ] | algo = [0, 0, 0, 0, 0, ] | rc = [54, 39, 24, 18, 6] | gpus = [2, 2, 2, 1, 1] | micro_bs = 8 | time = [166927, 160899, 308318, 162152, 158290] | memory = [47773, 47368, 46459, 47490, 47717]
cv:0.30612734355495536
line465:max stage:2, min stage:4, max_value:308318.64941632707, min_value:158290.86345088665
fix|303740.90|47773.43| op = [108, 111, 96, 54, 50]| tp = [1, 1, 2, 1, 1, ] | dp = [2, 2, 1, 1, 1, ] | algo = [0, 0, 0, 0, 0, ] | rc = [54, 39, 22, 12, 8] | gpus = [2, 2, 2, 1, 1] | micro_bs = 8 | time = [166905, 160878, 303740, 149587, 164531] | memory = [47773, 47368, 46459, 46786, 47717]
cv:0.30462449079759274
line465:max stage:2, min stage:3, max_value:303740.9035009933, min_value:149587.22798627996
fix|314373.24|47773.43| op = [108, 111, 95, 55, 50]| tp = [1, 1, 2, 1, 1, ] | dp = [2, 2, 1, 1, 1, ] | algo = [0, 0, 0, 0, 0, ] | rc = [54, 39, 26, 12, 8] | gpus = [2, 2, 2, 1, 1] | micro_bs = 8 | time = [166934, 160907, 314373, 153916, 164560] | memory = [47773, 47368, 47581, 47246, 47717]
cv:0.31891242817396703
line465:max stage:2, min stage:3, max_value:314373.24327772035, min_value:153916.56104291536
fix|307250.23|47821.28| op = [108, 111, 94, 56, 50]| tp = [1, 1, 2, 1, 1, ] | dp = [2, 2, 1, 1, 1, ] | algo = [0, 0, 0, 0, 0, ] | rc = [54, 39, 24, 12, 8] | gpus = [2, 2, 2, 1, 1] | micro_bs = 8 | time = [166921, 160894, 307250, 154102, 164547] | memory = [47773, 47368, 47821, 47246, 47717]
cv:0.30624591724122874
line465:max stage:2, min stage:3, max_value:307250.2340670733, min_value:154102.11298026846
fix|300416.58|47941.28| op = [108, 111, 93, 57, 50]| tp = [1, 1, 2, 1, 1, ] | dp = [2, 2, 1, 1, 1, ] | algo = [0, 0, 0, 0, 0, ] | rc = [54, 39, 22, 12, 8] | gpus = [2, 2, 2, 1, 1] | micro_bs = 8 | time = [166909, 160881, 300416, 154597, 164534] | memory = [47773, 47368, 47941, 47646, 47717]
cv:0.29360977812895334
line465:max stage:2, min stage:3, max_value:300416.57984427485, min_value:154597.4542844699
fix|285971.77|47981.28| op = [108, 111, 92, 58, 50]| tp = [1, 1, 2, 1, 1, ] | dp = [2, 2, 1, 1, 1, ] | algo = [0, 0, 0, 0, 0, ] | rc = [54, 39, 20, 16, 8] | gpus = [2, 2, 2, 1, 1] | micro_bs = 8 | time = [166900, 160872, 285971, 164523, 164526] | memory = [47773, 47368, 47981, 47406, 47717]
cv:0.25851099841577435
line465:max stage:2, min stage:1, max_value:285971.768017258, min_value:160872.8672971915
fix|285601.42|47773.43| op = [108, 112, 91, 58, 50]| tp = [1, 1, 2, 1, 1, ] | dp = [2, 2, 1, 1, 1, ] | algo = [0, 0, 0, 0, 0, ] | rc = [54, 41, 20, 16, 8] | gpus = [2, 2, 2, 1, 1] | micro_bs = 8 | time = [166902, 162381, 285601, 164525, 164528] | memory = [47773, 47368, 47501, 47406, 47717]
cv:0.256520442014338
line465:max stage:2, min stage:1, max_value:285601.41939548013, min_value:162381.17457464224
fix|277353.92|47928.22| op = [108, 113, 90, 58, 50]| tp = [1, 1, 2, 1, 1, ] | dp = [2, 2, 1, 1, 1, ] | algo = [0, 0, 0, 0, 0, ] | rc = [54, 41, 20, 16, 8] | gpus = [2, 2, 2, 1, 1] | micro_bs = 8 | time = [166890, 164699, 277353, 164514, 164516] | memory = [47773, 47928, 46821, 47406, 47717]
cv:0.2392837429527016
line465:max stage:2, min stage:3, max_value:277353.9209171193, min_value:164514.1549562547
fix|276985.36|47928.22| op = [108, 113, 89, 59, 50]| tp = [1, 1, 2, 1, 1, ] | dp = [2, 2, 1, 1, 1, ] | algo = [0, 0, 0, 0, 0, ] | rc = [54, 41, 20, 18, 8] | gpus = [2, 2, 2, 1, 1] | micro_bs = 8 | time = [166894, 164703, 276985, 166910, 164520] | memory = [47773, 47928, 46341, 47406, 47717]
cv:0.2367141695182591
line465:max stage:2, min stage:4, max_value:276985.35948586283, min_value:164520.6819470562
fix|269553.01|47966.25| op = [108, 113, 88, 59, 51]| tp = [1, 1, 2, 1, 1, ] | dp = [2, 2, 1, 1, 1, ] | algo = [0, 0, 0, 0, 0, ] | rc = [54, 41, 22, 18, 9] | gpus = [2, 2, 2, 1, 1] | micro_bs = 8 | time = [166892, 164701, 269553, 169051, 168697] | memory = [47773, 47928, 47773, 47966, 47717]
cv:0.21789458551252955
line465:max stage:2, min stage:1, max_value:269553.0133645816, min_value:164701.1893767609
fix|267932.55|47966.25| op = [108, 114, 87, 59, 51]| tp = [1, 1, 2, 1, 1, ] | dp = [2, 2, 1, 1, 1, ] | algo = [0, 0, 0, 0, 0, ] | rc = [54, 43, 20, 18, 9] | gpus = [2, 2, 2, 1, 1] | micro_bs = 8 | time = [166891, 165934, 267932, 169050, 168696] | memory = [47773, 47528, 47653, 47966, 47717]
cv:0.21380747755048424
line465:max stage:2, min stage:1, max_value:267932.55090935255, min_value:165934.77943740075
fix|267731.63|47966.25| op = [108, 115, 86, 59, 51]| tp = [1, 1, 2, 1, 1, ] | dp = [2, 2, 1, 1, 1, ] | algo = [0, 0, 0, 0, 0, ] | rc = [54, 43, 20, 18, 9] | gpus = [2, 2, 2, 1, 1] | micro_bs = 8 | time = [166892, 166205, 267731, 169051, 168696] | memory = [47773, 47688, 47652, 47966, 47717]
cv:0.21320765268621167
line465:max stage:2, min stage:1, max_value:267731.6288256796, min_value:166205.38857230663
fix|258759.92|47966.25| op = [108, 116, 85, 59, 51]| tp = [1, 1, 2, 1, 1, ] | dp = [2, 2, 1, 1, 1, ] | algo = [0, 0, 0, 0, 0, ] | rc = [54, 45, 18, 18, 9] | gpus = [2, 2, 2, 1, 1] | micro_bs = 8 | time = [166881, 169805, 258759, 169040, 168686] | memory = [47773, 47828, 47742, 47966, 47717]
cv:0.19329362435446504
line465:max stage:2, min stage:0, max_value:258759.91719178527, min_value:166881.66239638065
fix|259967.39|47966.25| op = [109, 116, 84, 59, 51]| tp = [1, 1, 2, 1, 1, ] | dp = [2, 2, 1, 1, 1, ] | algo = [0, 0, 0, 0, 0, ] | rc = [44, 58, 19, 18, 9] | gpus = [2, 2, 2, 1, 1] | micro_bs = 8 | time = [161144, 179041, 259967, 169049, 168695] | memory = [47933, 47644, 47502, 47966, 47717]
cv:0.19531911847796116
line465:max stage:2, min stage:0, max_value:259967.38541473026, min_value:161144.11660533512
fix|257876.76|47966.25| op = [110, 116, 83, 59, 51]| tp = [1, 1, 2, 1, 1, ] | dp = [2, 2, 1, 1, 1, ] | algo = [0, 0, 0, 0, 0, ] | rc = [76, 44, 18, 18, 9] | gpus = [2, 2, 2, 1, 1] | micro_bs = 8 | time = [176600, 170631, 257876, 169059, 168705] | memory = [47770, 47828, 47502, 47966, 47717]
cv:0.1843682714802316
line465:max stage:2, min stage:4, max_value:257876.75824573025, min_value:168705.17810111912
fix|257358.53|47966.50| op = [110, 116, 82, 59, 52]| tp = [1, 1, 2, 1, 1, ] | dp = [2, 2, 1, 1, 1, ] | algo = [0, 0, 0, 0, 0, ] | rc = [76, 44, 18, 16, 8] | gpus = [2, 2, 2, 1, 1] | micro_bs = 8 | time = [176576, 170608, 257358, 160102, 166273] | memory = [47770, 47828, 47262, 47966, 47877]
cv:0.19331838212412408
line465:max stage:2, min stage:3, max_value:257358.52850033224, min_value:160102.16716043343
fix|257136.51|47877.20| op = [110, 116, 81, 60, 52]| tp = [1, 1, 2, 1, 1, ] | dp = [2, 2, 1, 1, 1, ] | algo = [0, 0, 0, 0, 0, ] | rc = [76, 44, 18, 12, 8] | gpus = [2, 2, 2, 1, 1] | micro_bs = 8 | time = [176569, 170600, 257136, 156333, 166265] | memory = [47770, 47828, 46902, 46190, 47877]
cv:0.19678626689107834
line465:max stage:2, min stage:3, max_value:257136.51279553366, min_value:156333.42258463486
fix|250718.42|47877.20| op = [110, 116, 80, 61, 52]| tp = [1, 1, 2, 1, 1, ] | dp = [2, 2, 1, 1, 1, ] | algo = [0, 0, 0, 0, 0, ] | rc = [76, 44, 18, 12, 8] | gpus = [2, 2, 2, 1, 1] | micro_bs = 8 | time = [176559, 170590, 250718, 157642, 166256] | memory = [47770, 47828, 46612, 46450, 47877]
cv:0.18307459098893844
line465:max stage:2, min stage:3, max_value:250718.41994108874, min_value:157642.8726888149
fix|253337.32|47877.20| op = [110, 116, 79, 62, 52]| tp = [1, 1, 2, 1, 1, ] | dp = [2, 2, 1, 1, 1, ] | algo = [0, 0, 0, 0, 0, ] | rc = [76, 44, 21, 14, 8] | gpus = [2, 2, 2, 1, 1] | micro_bs = 8 | time = [176582, 170614, 253337, 167174, 166279] | memory = [47770, 47828, 47260, 46610, 47877]
cv:0.17915621590081687
line465:max stage:2, min stage:4, max_value:253337.31643658582, min_value:166279.7071860516
fix|248296.84|47937.20| op = [110, 116, 78, 62, 53]| tp = [1, 1, 2, 1, 1, ] | dp = [2, 2, 1, 1, 1, ] | algo = [0, 0, 0, 0, 0, ] | rc = [76, 44, 16, 22, 10] | gpus = [2, 2, 2, 1, 1] | micro_bs = 8 | time = [176600, 170632, 248296, 174980, 172819] | memory = [47770, 47828, 46492, 47366, 47937]
cv:0.1583924210312904
line465:max stage:2, min stage:1, max_value:248296.83988072627, min_value:170632.2209741853
fix|245184.80|47937.20| op = [110, 117, 77, 62, 53]| tp = [1, 1, 2, 1, 1, ] | dp = [2, 2, 1, 1, 1, ] | algo = [0, 0, 0, 0, 0, ] | rc = [76, 80, 14, 22, 10] | gpus = [2, 2, 2, 1, 1] | micro_bs = 8 | time = [176627, 187408, 245184, 175006, 172845] | memory = [47770, 46682, 46492, 47366, 47937]
cv:0.14288043204828832
line465:max stage:2, min stage:4, max_value:245184.8024387263, min_value:172845.78095757132
fix|243704.79|47937.33| op = [110, 117, 76, 62, 54]| tp = [1, 1, 2, 1, 1, ] | dp = [2, 2, 1, 1, 1, ] | algo = [0, 0, 0, 0, 0, ] | rc = [76, 80, 14, 21, 10] | gpus = [2, 2, 2, 1, 1] | micro_bs = 8 | time = [176627, 187408, 243704, 176471, 173045] | memory = [47770, 46682, 46492, 47846, 47937]
cv:0.13877864406113374
line465:max stage:2, min stage:4, max_value:243704.78749620134, min_value:173045.21490392438
fix|239139.54|47926.25| op = [110, 117, 75, 62, 55]| tp = [1, 1, 2, 1, 1, ] | dp = [2, 2, 1, 1, 1, ] | algo = [0, 0, 0, 0, 0, ] | rc = [76, 80, 12, 20, 12] | gpus = [2, 2, 2, 1, 1] | micro_bs = 8 | time = [176619, 187400, 239139, 173841, 175765] | memory = [47770, 46682, 46492, 47926, 47817]
cv:0.12988256152629118
line465:max stage:2, min stage:3, max_value:239139.54397206134, min_value:173841.39551651917
fix|231074.04|47817.33| op = [110, 117, 74, 63, 55]| tp = [1, 1, 2, 1, 1, ] | dp = [2, 2, 1, 1, 1, ] | algo = [0, 0, 0, 0, 0, ] | rc = [76, 80, 12, 16, 12] | gpus = [2, 2, 2, 1, 1] | micro_bs = 8 | time = [176603, 187384, 231074, 173856, 175749] | memory = [47770, 46682, 45982, 46210, 47817]
cv:0.11429140748727794
line465:max stage:2, min stage:3, max_value:231074.0418647884, min_value:173856.18509415459
fix|229386.02|47817.33| op = [110, 117, 73, 64, 55]| tp = [1, 1, 2, 1, 1, ] | dp = [2, 2, 1, 1, 1, ] | algo = [0, 0, 0, 0, 0, ] | rc = [76, 80, 10, 16, 12] | gpus = [2, 2, 2, 1, 1] | micro_bs = 8 | time = [176600, 187381, 229386, 174052, 175746] | memory = [47770, 46682, 47790, 46210, 47817]
cv:0.11084137752465446
line465:max stage:2, min stage:3, max_value:229386.0206861415, min_value:174052.35224250765
fix|229179.62|47817.33| op = [110, 117, 72, 65, 55]| tp = [1, 1, 2, 1, 1, ] | dp = [2, 2, 1, 1, 1, ] | algo = [0, 0, 0, 0, 0, ] | rc = [76, 80, 10, 16, 12] | gpus = [2, 2, 2, 1, 1] | micro_bs = 8 | time = [176601, 187382, 229179, 174560, 175747] | memory = [47770, 46682, 47430, 46610, 47817]
cv:0.1100070914659012
line465:max stage:2, min stage:3, max_value:229179.61561534295, min_value:174560.63739270912
fix|221353.36|47817.33| op = [110, 117, 71, 66, 55]| tp = [1, 1, 2, 1, 1, ] | dp = [2, 2, 1, 1, 1, ] | algo = [0, 0, 0, 0, 0, ] | rc = [76, 80, 10, 16, 12] | gpus = [2, 2, 2, 1, 1] | micro_bs = 8 | time = [176596, 187377, 221353, 180048, 175742] | memory = [47770, 46682, 46990, 47650, 47817]
cv:0.09066377829375236
line465:max stage:2, min stage:4, max_value:221353.35953032604, min_value:175742.79934451837
fix|220993.95|47817.08| op = [110, 117, 70, 66, 56]| tp = [1, 1, 2, 1, 1, ] | dp = [2, 2, 1, 1, 1, ] | algo = [0, 0, 0, 0, 0, ] | rc = [76, 80, 10, 16, 23] | gpus = [2, 2, 2, 1, 1] | micro_bs = 8 | time = [176609, 187390, 220993, 176337, 186548] | memory = [47770, 46682, 46510, 47730, 47817]
cv:0.08649635389176823
line465:max stage:2, min stage:3, max_value:220993.94845610356, min_value:176337.31451587894
fix|212513.19|47817.08| op = [110, 117, 69, 67, 56]| tp = [1, 1, 2, 1, 1, ] | dp = [2, 2, 1, 1, 1, ] | algo = [0, 0, 0, 0, 0, ] | rc = [76, 80, 10, 18, 23] | gpus = [2, 2, 2, 1, 1] | micro_bs = 8 | time = [176606, 187387, 212513, 183085, 186545] | memory = [47770, 46682, 45830, 47650, 47817]
cv:0.06471571197959682
line465:max stage:2, min stage:0, max_value:212513.19366382234, min_value:176606.33331142724
fix|208933.26|47817.08| op = [111, 117, 68, 67, 56]| tp = [1, 1, 2, 1, 1, ] | dp = [2, 2, 1, 1, 1, ] | algo = [0, 0, 0, 0, 0, ] | rc = [48, 36, 10, 18, 23] | gpus = [2, 2, 2, 1, 1] | micro_bs = 8 | time = [164650, 163770, 208933, 183009, 186469] | memory = [47333, 46932, 42638, 47650, 47817]
cv:0.09152376035758836
line465:max stage:2, min stage:1, max_value:208933.25507238277, min_value:163770.6063527638
fix|202540.88|47817.08| op = [111, 118, 67, 67, 56]| tp = [1, 1, 2, 1, 1, ] | dp = [2, 2, 1, 1, 1, ] | algo = [0, 0, 0, 0, 0, ] | rc = [48, 36, 10, 18, 23] | gpus = [2, 2, 2, 1, 1] | micro_bs = 8 | time = [164639, 164425, 202540, 182998, 186458] | memory = [47333, 47192, 42468, 47650, 47817]
cv:0.07991603390885492
line465:max stage:2, min stage:1, max_value:202540.87793817522, min_value:164425.48749248343
fix|202031.70|47817.08| op = [111, 119, 66, 67, 56]| tp = [1, 1, 2, 1, 1, ] | dp = [2, 2, 1, 1, 1, ] | algo = [0, 0, 0, 0, 0, ] | rc = [48, 36, 10, 18, 23] | gpus = [2, 2, 2, 1, 1] | micro_bs = 8 | time = [164638, 164527, 202031, 182997, 186457] | memory = [47333, 47432, 41868, 47650, 47817]
cv:0.07895563255713424
line465:max stage:2, min stage:1, max_value:202031.6982809461, min_value:164527.01158612335
fix|201830.90|47817.08| op = [111, 120, 65, 67, 56]| tp = [1, 1, 2, 1, 1, ] | dp = [2, 2, 1, 1, 1, ] | algo = [0, 0, 0, 0, 0, ] | rc = [48, 36, 10, 18, 23] | gpus = [2, 2, 2, 1, 1] | micro_bs = 8 | time = [164638, 164801, 201830, 182997, 186457] | memory = [47333, 47592, 41867, 47650, 47817]
cv:0.07827286277298905
line465:max stage:2, min stage:0, max_value:201830.90022427324, min_value:164638.9847535266
fix|193759.88|47817.08| op = [112, 120, 64, 67, 56]| tp = [1, 1, 2, 1, 1, ] | dp = [2, 2, 1, 1, 1, ] | algo = [0, 0, 0, 0, 0, ] | rc = [48, 38, 10, 18, 23] | gpus = [2, 2, 2, 1, 1] | micro_bs = 8 | time = [165297, 168123, 193759, 182989, 186449] | memory = [47633, 47732, 41427, 47650, 47817]
cv:0.06082264469905199
line465:max stage:2, min stage:0, max_value:193759.88405267778, min_value:165297.0910195397
fix|193386.98|47972.71| op = [113, 120, 63, 67, 56]| tp = [1, 1, 2, 1, 1, ] | dp = [2, 2, 1, 1, 1, ] | algo = [0, 0, 0, 0, 0, ] | rc = [48, 38, 10, 18, 23] | gpus = [2, 2, 2, 1, 1] | micro_bs = 8 | time = [165399, 168220, 193386, 182989, 186449] | memory = [47933, 47972, 40947, 47650, 47817]
cv:0.060028431612638156
line465:max stage:2, min stage:0, max_value:193386.97908165085, min_value:165399.0716571454
fix|186442.49|47892.46| op = [114, 120, 62, 67, 56]| tp = [1, 1, 2, 1, 1, ] | dp = [2, 2, 1, 1, 1, ] | algo = [0, 0, 0, 0, 0, ] | rc = [50, 40, 10, 18, 23] | gpus = [2, 2, 2, 1, 1] | micro_bs = 8 | time = [166800, 171575, 185144, 182982, 186442] | memory = [47333, 47892, 40267, 47650, 47817]
cv:0.044240554992629244
line465:max stage:4, min stage:0, max_value:186442.48603022838, min_value:166800.0134185429
fix|193117.33|47817.33| op = [115, 120, 62, 67, 55]| tp = [1, 1, 2, 1, 1, ] | dp = [2, 2, 1, 1, 1, ] | algo = [0, 0, 0, 0, 0, ] | rc = [52, 40, 10, 18, 12] | gpus = [2, 2, 2, 1, 1] | micro_bs = 8 | time = [170792, 169038, 193117, 182717, 175646] | memory = [47733, 47572, 40347, 47650, 47817]
cv:0.049431166557095896
line465:max stage:2, min stage:1, max_value:193117.32687502197, min_value:169038.68208956358
fix|192916.40|47817.33| op = [115, 121, 61, 67, 55]| tp = [1, 1, 2, 1, 1, ] | dp = [2, 2, 1, 1, 1, ] | algo = [0, 0, 0, 0, 0, ] | rc = [52, 40, 10, 18, 12] | gpus = [2, 2, 2, 1, 1] | micro_bs = 8 | time = [170792, 169309, 192916, 182717, 175646] | memory = [47733, 47732, 40347, 47650, 47817]
cv:0.04873168684486904
line465:max stage:2, min stage:1, max_value:192916.4047913491, min_value:169309.29122446946
fix|185065.18|47872.79| op = [115, 122, 60, 67, 55]| tp = [1, 1, 2, 1, 1, ] | dp = [2, 2, 1, 1, 1, ] | algo = [0, 0, 0, 0, 0, ] | rc = [52, 42, 10, 18, 12] | gpus = [2, 2, 2, 1, 1] | micro_bs = 8 | time = [170784, 172774, 185065, 182709, 175637] | memory = [47733, 47872, 39957, 47650, 47817]
cv:0.03140723535845069
line465:max stage:2, min stage:0, max_value:185065.18081645464, min_value:170784.37258654344
fix|185668.80|47817.33| op = [116, 122, 59, 67, 55]| tp = [1, 1, 2, 1, 1, ] | dp = [2, 2, 1, 1, 1, ] | algo = [0, 0, 0, 0, 0, ] | rc = [54, 55, 10, 18, 12] | gpus = [2, 2, 2, 1, 1] | micro_bs = 8 | time = [172315, 183591, 185668, 182734, 175663] | memory = [47733, 47488, 39717, 47650, 47817]
cv:0.02836859366884304
line465:max stage:2, min stage:0, max_value:185668.79725172438, min_value:172315.65903227983
fix|184172.65|47853.74| op = [117, 122, 58, 67, 55]| tp = [1, 1, 2, 1, 1, ] | dp = [2, 2, 1, 1, 1, ] | algo = [0, 0, 0, 0, 0, ] | rc = [55, 40, 10, 18, 12] | gpus = [2, 2, 2, 1, 1] | micro_bs = 8 | time = [175518, 173775, 184172, 182718, 175647] | memory = [47853, 47472, 39717, 47650, 47817]
cv:0.023685045603880954
line465:max stage:2, min stage:1, max_value:184172.64643993488, min_value:173775.14794665095
fix|192668.69|47853.74| op = [117, 123, 57, 67, 55]| tp = [1, 1, 2, 1, 1, ] | dp = [2, 2, 1, 1, 1, ] | algo = [0, 0, 0, 0, 0, ] | rc = [55, 65, 8, 18, 12] | gpus = [2, 2, 2, 1, 1] | micro_bs = 8 | time = [175549, 192668, 181064, 182749, 175678] | memory = [47853, 47848, 39717, 47650, 47817]
cv:0.03446917576712576
line465:max stage:1, min stage:0, max_value:192668.68700865097, min_value:175549.1897052773
fix|191505.49|47928.71| op = [118, 122, 57, 67, 55]| tp = [1, 1, 2, 1, 1, ] | dp = [2, 2, 1, 1, 1, ] | algo = [0, 0, 0, 0, 0, ] | rc = [56, 64, 8, 18, 12] | gpus = [2, 2, 2, 1, 1] | micro_bs = 8 | time = [176538, 191505, 181064, 182748, 175677] | memory = [47553, 47928, 39717, 47650, 47817]
cv:0.03120231520994528
line465:max stage:1, min stage:4, max_value:191505.49144126318, min_value:175677.71448410672
fix|186444.56|47817.08| op = [118, 121, 57, 67, 56]| tp = [1, 1, 2, 1, 1, ] | dp = [2, 2, 1, 1, 1, ] | algo = [0, 0, 0, 0, 0, ] | rc = [56, 38, 10, 18, 23] | gpus = [2, 2, 2, 1, 1] | micro_bs = 8 | time = [176512, 172372, 175699, 182984, 186444] | memory = [47553, 47712, 39037, 47650, 47817]
cv:0.028748436388634148
line465:max stage:4, min stage:1, max_value:186444.55645585788, min_value:172372.00107884526
fix|407339.63|52908.75| op = [118, 122, 57, 67, 55]| tp = [1, 1, 2, 1, 2, ] | dp = [2, 1, 1, 1, 1, ] | algo = [0, 0, 0, 0, 0, ] | rc = [56, 121, 8, 18, 0] | gpus = [2, 1, 2, 1, 2] | micro_bs = 8 | time = [176972, 407339, 181497, 183182, 182205] | memory = [47553, 52908, 39717, 47650, 28033]
line465:max stage:1, min stage:4, max_value:52908.75, min_value:28033.333000000002
best|154572.83|47633.12| op = [105, 107, 106, 53, 48]| tp = [1, 1, 1, 1, 1, ] | dp = [2, 2, 2, 1, 1, ] | algo = [0, 0, 0, 0, 0, ] | rc = [40, 32, 34, 12, 0] | gpus = [2, 2, 2, 1, 1] | micro_bs = 8 | time = [150840, 151475, 154572, 145953, 143351] | memory = [47633, 47568, 46514, 46626, 45909]
line146:config.memory_list:[47633.11500000006, 47568.21600000007, 46514.97600000004, 46626.0, 45909.203]
line147:config.time_list:[150840.09482026592, 151475.78478363957, 154572.82940921138, 145953.71439573762, 143351.80073159738]
求解成功
config has been saved to /home/liminglong.lml/sxz/SuperScaler/logs-large/aceso/configs/mbs/4096/gpt_2_6B_5stages_2026-5-15-13-22-44.json

========== Best Result (num_stages = 5) ==========
|154572.83|47633.12| op = [105, 107, 106, 53, 48]| tp = [1, 1, 1, 1, 1, ] | dp = [2, 2, 2, 1, 1, ] | algo = [0, 0, 0, 0, 0, ] | rc = [40, 32, 34, 12, 0] | gpus = [2, 2, 2, 1, 1] | micro_bs = 8 | time = [150840, 151475, 154572, 145953, 143351] | memory = [47633, 47568, 46514, 46626, 45909]
start|165908.96|47877.20| op = [105, 105, 105, 52, 52]| tp = [1, 1, 1, 1, 1, ] | dp = [2, 2, 2, 1, 1, ] | algo = [0, 0, 0, 0, 0, ] | rc = [40, 30, 26, 10, 8] | gpus = [2, 2, 2, 1, 1] | micro_bs = 8 | time = [150833, 144417, 144418, 137103, 165908] | memory = [47633, 46788, 46406, 46786, 47877]
fix|168339.82|47717.20| op = [105, 105, 105, 53, 51]| tp = [1, 1, 1, 1, 1, ] | dp = [2, 2, 2, 1, 1, ] | algo = [0, 0, 0, 0, 0, ] | rc = [40, 30, 26, 12, 9] | gpus = [2, 2, 2, 1, 1] | micro_bs = 8 | time = [150855, 144440, 144440, 146270, 168339] | memory = [47633, 46788, 46406, 46786, 47717]
fix|164172.69|47717.20| op = [105, 106, 105, 53, 50]| tp = [1, 1, 1, 1, 1, ] | dp = [2, 2, 2, 1, 1, ] | algo = [0, 0, 0, 0, 0, ] | rc = [40, 30, 28, 13, 8] | gpus = [2, 2, 2, 1, 1] | micro_bs = 8 | time = [150867, 146929, 146842, 151636, 164172] | memory = [47633, 47568, 45986, 46466, 47717]
fix|157913.04|47717.20| op = [105, 106, 106, 53, 49]| tp = [1, 1, 1, 1, 1, ] | dp = [2, 2, 2, 1, 1, ] | algo = [0, 0, 0, 0, 0, ] | rc = [40, 30, 28, 17, 6] | gpus = [2, 2, 2, 1, 1] | micro_bs = 8 | time = [150870, 146932, 148322, 157595, 157913] | memory = [47633, 47568, 45986, 47490, 47717]
fix|154572.83|47633.12| op = [105, 107, 106, 53, 48]| tp = [1, 1, 1, 1, 1, ] | dp = [2, 2, 2, 1, 1, ] | algo = [0, 0, 0, 0, 0, ] | rc = [40, 32, 34, 12, 0] | gpus = [2, 2, 2, 1, 1] | micro_bs = 8 | time = [150840, 151475, 154572, 145953, 143351] | memory = [47633, 47568, 46514, 46626, 45909]
best|154572.83|47633.12| op = [105, 107, 106, 53, 48]| tp = [1, 1, 1, 1, 1, ] | dp = [2, 2, 2, 1, 1, ] | algo = [0, 0, 0, 0, 0, ] | rc = [40, 32, 34, 12, 0] | gpus = [2, 2, 2, 1, 1] | micro_bs = 8 | time = [150840, 151475, 154572, 145953, 143351] | memory = [47633, 47568, 46514, 46626, 45909]
decode|157926.48|47858.98| op = [105, 107, 105, 53, 49]| tp = [1, 1, 1, 1, 1, ] | dp = [2, 2, 2, 1, 1, ] | algo = [0, 0, 0, 0, 0, ] | rc = [40, 32, 31, 17, 6] | gpus = [2, 2, 2, 1, 1] | micro_bs = 8 | time = [150883, 151519, 150626, 157608, 157926] | memory = [47633, 47568, 47858, 47490, 47717]
fix|154572.83|47633.12| op = [105, 107, 106, 53, 48]| tp = [1, 1, 1, 1, 1, ] | dp = [2, 2, 2, 1, 1, ] | algo = [0, 0, 0, 0, 0, ] | rc = [40, 32, 34, 12, 0] | gpus = [2, 2, 2, 1, 1] | micro_bs = 8 | time = [150840, 151475, 154572, 145953, 143351] | memory = [47633, 47568, 46514, 46626, 45909]
best|154572.83|47633.12| op = [105, 107, 106, 53, 48]| tp = [1, 1, 1, 1, 1, ] | dp = [2, 2, 2, 1, 1, ] | algo = [0, 0, 0, 0, 0, ] | rc = [40, 32, 34, 12, 0] | gpus = [2, 2, 2, 1, 1] | micro_bs = 8 | time = [150840, 151475, 154572, 145953, 143351] | memory = [47633, 47568, 46514, 46626, 45909]

num_targets: []
num_hops: []
search time = 0.00 s.  [0] 
num_explored_cases = 0
time trend: [165908]

stage 5 search time: 0.75 s
working on num_stages = 6
start|172732.87|47974.14| op = [105, 105, 52, 52, 52, 53]| tp = [1, 1, 1, 1, 1, 1, ] | dp = [2, 2, 1, 1, 1, 1, ] | algo = [0, 0, 0, 0, 0, 0, ] | rc = [50, 36, 16, 14, 10, 10] | gpus = [2, 2, 1, 1, 1, 1] | micro_bs = 8 | time = [157446, 148176, 143923, 141529, 136741, 172732] | memory = [47974, 47253, 46660, 46563, 46466, 47937]
line465:max stage:5, min stage:4, max_value:172732.86595808237, min_value:136741.99042719835
fix|166208.49|47974.14| op = [105, 105, 52, 52, 53, 52]| tp = [1, 1, 1, 1, 1, 1, ] | dp = [2, 2, 1, 1, 1, 1, ] | algo = [0, 0, 0, 0, 0, 0, ] | rc = [50, 36, 16, 14, 10, 8] | gpus = [2, 2, 1, 1, 1, 1] | micro_bs = 8 | time = [157443, 148173, 143920, 141526, 141703, 166208] | memory = [47974, 47253, 46660, 46563, 47246, 47877]
cv:0.060858484290156896
line465:max stage:5, min stage:3, max_value:166208.48530056266, min_value:141526.57150105792
fix|168640.65|47974.14| op = [105, 105, 52, 53, 53, 51]| tp = [1, 1, 1, 1, 1, 1, ] | dp = [2, 2, 1, 1, 1, 1, ] | algo = [0, 0, 0, 0, 0, 0, ] | rc = [50, 36, 16, 14, 12, 9] | gpus = [2, 2, 1, 1, 1, 1] | micro_bs = 8 | time = [157467, 148197, 143944, 146515, 146571, 168640] | memory = [47974, 47253, 46660, 47583, 46786, 47717]
cv:0.05673968554485396
line465:max stage:5, min stage:2, max_value:168640.64501657695, min_value:143944.29246466857
fix|164483.18|47974.14| op = [105, 105, 53, 53, 53, 50]| tp = [1, 1, 1, 1, 1, 1, ] | dp = [2, 2, 1, 1, 1, 1, ] | algo = [0, 0, 0, 0, 0, 0, ] | rc = [50, 36, 16, 16, 13, 8] | gpus = [2, 2, 1, 1, 1, 1] | micro_bs = 8 | time = [157488, 148219, 148930, 151380, 151947, 164483] | memory = [47974, 47253, 47920, 47043, 46466, 47717]
cv:0.03678133799967253
line465:max stage:5, min stage:1, max_value:164483.18115718762, min_value:148219.33452533445
fix|166851.68|47974.14| op = [105, 106, 53, 53, 53, 49]| tp = [1, 1, 1, 1, 1, 1, ] | dp = [2, 2, 1, 1, 1, 1, ] | algo = [0, 0, 0, 0, 0, 0, ] | rc = [50, 38, 28, 17, 17, 6] | gpus = [2, 2, 1, 1, 1, 1] | micro_bs = 8 | time = [157540, 151881, 166851, 156786, 157955, 158273] | memory = [47974, 47353, 47732, 46563, 47490, 47717]
cv:0.0279424200333749
line465:max stage:2, min stage:1, max_value:166851.68330836753, min_value:151881.87650789978
fix|174864.28|47993.27| op = [105, 107, 52, 53, 53, 49]| tp = [1, 1, 1, 1, 1, 1, ] | dp = [2, 2, 1, 1, 1, 1, ] | algo = [0, 0, 0, 0, 0, 0, ] | rc = [50, 50, 49, 17, 17, 6] | gpus = [2, 2, 1, 1, 1, 1] | micro_bs = 8 | time = [157576, 162427, 174864, 156822, 157991, 158309] | memory = [47974, 47993, 46440, 46563, 47490, 47717]
cv:0.0391246024357813
line465:max stage:2, min stage:3, max_value:174864.27514213353, min_value:156822.79059013352
fix|162389.04|47993.27| op = [105, 107, 51, 54, 53, 49]| tp = [1, 1, 1, 1, 1, 1, ] | dp = [2, 2, 1, 1, 1, 1, ] | algo = [0, 0, 0, 0, 0, 0, ] | rc = [50, 50, 27, 16, 17, 6] | gpus = [2, 2, 1, 1, 1, 1] | micro_bs = 8 | time = [157538, 162389, 157484, 154375, 157952, 158270] | memory = [47974, 47993, 47251, 47043, 47490, 47717]
best|162389.04|47993.27| op = [105, 107, 51, 54, 53, 49]| tp = [1, 1, 1, 1, 1, 1, ] | dp = [2, 2, 1, 1, 1, 1, ] | algo = [0, 0, 0, 0, 0, 0, ] | rc = [50, 50, 27, 16, 17, 6] | gpus = [2, 2, 1, 1, 1, 1] | micro_bs = 8 | time = [157538, 162389, 157484, 154375, 157952, 158270] | memory = [47974, 47993, 47251, 47043, 47490, 47717]
line146:config.memory_list:[47974.13800000008, 47993.27000000009, 47251.5, 47043.0, 47490.0, 47717.203]
line147:config.time_list:[157538.21649288636, 162389.04325626002, 157484.17166297877, 154375.88896797877, 157952.8991243824, 158270.68718224223]
------------------------------------------------------------------------------------------------------
cegis_search for the 0th times
开始求解check...
line351:
tp_list[1, 1, 1, 1, 1, 1, 1, 1, 1, 1, 1, 1, 1, 1, 1, 1, 1, 1, 1, 1, 1, 1, 1, 1, 1, 1, 1, 1, 1, 1, 1, 1, 1, 1, 1, 1, 1, 1, 1, 1, 1, 1, 1, 1, 1, 1, 1, 1, 1, 1, 1, 1, 1, 1, 1, 1, 1, 1, 1, 1, 1, 1, 1, 1, 1, 1, 1, 1, 1, 1, 1, 1, 1, 1, 1, 1, 1, 1, 1, 1, 1, 1, 1, 1, 1, 1, 1, 1, 1, 1, 1, 1, 1, 1, 1, 1, 1, 1, 1, 1, 1, 1, 1, 1, 1, 1, 1, 1, 1, 1, 1, 1, 1, 1, 1, 1, 1, 1, 1, 1, 1, 1, 1, 1, 1, 1, 1, 1, 1, 1, 1, 1, 1, 1, 1, 1, 1, 1, 1, 1, 1, 1, 1, 1, 1, 1, 1, 1, 1, 1, 1, 1, 1, 1, 1, 1, 1, 1, 1, 1, 1, 1, 1, 1, 1, 1, 1, 1, 1, 1, 1, 1, 1, 1, 1, 1, 1, 1, 1, 1, 1, 1, 1, 1, 1, 1, 1, 1, 1, 1, 1, 1, 1, 1, 1, 1, 1, 1, 1, 1, 1, 1, 1, 1, 1, 1, 1, 1, 1, 1, 1, 1, 1, 1, 1, 1, 1, 1, 1, 1, 1, 1, 1, 1, 1, 1, 1, 1, 1, 1, 1, 1, 1, 1, 1, 1, 1, 1, 1, 1, 1, 1, 1, 1, 1, 1, 1, 1, 1, 1, 1, 1, 1, 1, 1, 1, 1, 1, 1, 1, 1, 1, 1, 1, 1, 1, 1, 1, 1, 1, 1, 1, 1, 1, 1, 1, 1, 1, 1, 1, 1, 1, 1, 1, 1, 1, 1, 1, 1, 1, 1, 1, 1, 1, 1, 1, 1, 1, 1, 1, 1, 1, 1, 1, 1, 1, 1, 1, 1, 1, 1, 1, 1, 1, 1, 1, 1, 1, 1, 1, 1, 1, 1, 1, 1, 1, 1, 1, 1, 1, 1, 1, 1, 1, 1, 1, 1, 1, 1, 1, 1, 1, 1, 1, 1, 1, 1, 1, 1, 1, 1, 1, 1, 1, 1, 1, 1, 1, 1, 1, 1, 1, 1, 1, 1, 1, 1, 1, 1, 1, 1, 1, 1, 1, 1, 1, 1, 1, 1, 1, 1, 1, 1, 1, 1, 1, 1, 1, 1, 1, 1, 1, 1, 1, 1, 1, 1, 1, 1, 1, 1, 1, 1, 1, 1, 1, 1, 1, 1, 1, 1, 1, 1, 1, 1, 1, 1, 1, 1]
dp_list[2, 2, 2, 2, 2, 2, 2, 2, 2, 2, 2, 2, 2, 2, 2, 2, 2, 2, 2, 2, 2, 2, 2, 2, 2, 2, 2, 2, 2, 2, 2, 2, 2, 2, 2, 2, 2, 2, 2, 2, 2, 2, 2, 2, 2, 2, 2, 2, 2, 2, 2, 2, 2, 2, 2, 2, 2, 2, 2, 2, 2, 2, 2, 2, 2, 2, 2, 2, 2, 2, 2, 2, 2, 2, 2, 2, 2, 2, 2, 2, 2, 2, 2, 2, 2, 2, 2, 2, 2, 2, 2, 2, 2, 2, 2, 2, 2, 2, 2, 2, 2, 2, 2, 2, 2, 2, 2, 2, 2, 2, 2, 2, 2, 2, 2, 2, 2, 2, 2, 2, 2, 2, 2, 2, 2, 2, 2, 2, 2, 2, 2, 2, 2, 2, 2, 2, 2, 2, 2, 2, 2, 2, 2, 2, 2, 2, 2, 2, 2, 2, 2, 2, 2, 2, 2, 2, 2, 2, 2, 2, 2, 2, 2, 2, 2, 2, 2, 2, 2, 2, 2, 2, 2, 2, 2, 2, 2, 2, 2, 2, 2, 2, 2, 2, 2, 2, 2, 2, 2, 2, 2, 2, 2, 2, 2, 2, 2, 2, 2, 2, 2, 2, 2, 2, 2, 2, 2, 2, 2, 2, 2, 2, 1, 1, 1, 1, 1, 1, 1, 1, 1, 1, 1, 1, 1, 1, 1, 1, 1, 1, 1, 1, 1, 1, 1, 1, 1, 1, 1, 1, 1, 1, 1, 1, 1, 1, 1, 1, 1, 1, 1, 1, 1, 1, 1, 1, 1, 1, 1, 1, 1, 1, 1, 1, 1, 1, 1, 1, 1, 1, 1, 1, 1, 1, 1, 1, 1, 1, 1, 1, 1, 1, 1, 1, 1, 1, 1, 1, 1, 1, 1, 1, 1, 1, 1, 1, 1, 1, 1, 1, 1, 1, 1, 1, 1, 1, 1, 1, 1, 1, 1, 1, 1, 1, 1, 1, 1, 1, 1, 1, 1, 1, 1, 1, 1, 1, 1, 1, 1, 1, 1, 1, 1, 1, 1, 1, 1, 1, 1, 1, 1, 1, 1, 1, 1, 1, 1, 1, 1, 1, 1, 1, 1, 1, 1, 1, 1, 1, 1, 1, 1, 1, 1, 1, 1, 1, 1, 1, 1, 1, 1, 1, 1, 1, 1, 1, 1, 1, 1, 1, 1, 1, 1, 1, 1, 1, 1, 1, 1, 1, 1, 1, 1, 1, 1, 1, 1, 1, 1, 1, 1, 1, 1, 1, 1, 1, 1, 1, 1, 1, 1, 1, 1, 1, 1, 1, 1, 1, 1]
algo_list[0, 0, 0, 0, 0, 0, 0, 0, 0, 0, 0, 0, 0, 0, 0, 0, 0, 0, 0, 0, 0, 0, 0, 0, 0, 0, 0, 0, 0, 0, 0, 0, 0, 0, 0, 0, 0, 0, 0, 0, 0, 0, 0, 0, 0, 0, 0, 0, 0, 0, 0, 0, 0, 0, 0, 0, 0, 0, 0, 0, 0, 0, 0, 0, 0, 0, 0, 0, 0, 0, 0, 0, 0, 0, 0, 0, 0, 0, 0, 0, 0, 0, 0, 0, 0, 0, 0, 0, 0, 0, 0, 0, 0, 0, 0, 0, 0, 0, 0, 0, 0, 0, 0, 0, 0, 0, 0, 0, 0, 0, 0, 0, 0, 0, 0, 0, 0, 0, 0, 0, 0, 0, 0, 0, 0, 0, 0, 0, 0, 0, 0, 0, 0, 0, 0, 0, 0, 0, 0, 0, 0, 0, 0, 0, 0, 0, 0, 0, 0, 0, 0, 0, 0, 0, 0, 0, 0, 0, 0, 0, 0, 0, 0, 0, 0, 0, 0, 0, 0, 0, 0, 0, 0, 0, 0, 0, 0, 0, 0, 0, 0, 0, 0, 0, 0, 0, 0, 0, 0, 0, 0, 0, 0, 0, 0, 0, 0, 0, 0, 0, 0, 0, 0, 0, 0, 0, 0, 0, 0, 0, 0, 0, 0, 0, 0, 0, 0, 0, 0, 0, 0, 0, 0, 0, 0, 0, 0, 0, 0, 0, 0, 0, 0, 0, 0, 0, 0, 0, 0, 0, 0, 0, 0, 0, 0, 0, 0, 0, 0, 0, 0, 0, 0, 0, 0, 0, 0, 0, 0, 0, 0, 0, 0, 0, 0, 0, 0, 0, 0, 0, 0, 0, 0, 0, 0, 0, 0, 0, 0, 0, 0, 0, 0, 0, 0, 0, 0, 0, 0, 0, 0, 0, 0, 0, 0, 0, 0, 0, 0, 0, 0, 0, 0, 0, 0, 0, 0, 0, 0, 0, 0, 0, 0, 0, 0, 0, 0, 0, 0, 0, 0, 0, 0, 0, 0, 0, 0, 0, 0, 0, 0, 0, 0, 0, 0, 0, 0, 0, 0, 0, 0, 0, 0, 0, 0, 0, 0, 0, 0, 0, 0, 0, 0, 0, 0, 0, 0, 0, 0, 0, 0, 0, 0, 0, 0, 0, 0, 0, 0, 0, 0, 0, 0, 0, 0, 0, 0, 0, 0, 0, 0, 0, 0, 0, 0, 0, 0, 0, 0, 0, 0, 0, 0, 0, 0, 0, 0, 0, 0, 0, 0, 0, 0, 0, 0, 0, 0, 0, 0, 0, 0, 0, 0, 0, 0, 0, 0, 0, 0]

decode|162389.04|47993.27| op = [105, 107, 51, 54, 53, 49]| tp = [1, 1, 1, 1, 1, 1, ] | dp = [2, 2, 1, 1, 1, 1, ] | algo = [0, 0, 0, 0, 0, 0, ] | rc = [50, 50, 27, 16, 17, 6] | gpus = [2, 2, 1, 1, 1, 1] | micro_bs = 8 | time = [157538, 162389, 157484, 154375, 157952, 158270] | memory = [47974, 47993, 47251, 47043, 47490, 47717]
验证解
line465:max stage:1, min stage:3, max_value:162389.04325626002, min_value:154375.88896797877
fix|158629.13|47974.14| op = [105, 106, 51, 55, 53, 49]| tp = [1, 1, 1, 1, 1, 1, ] | dp = [2, 2, 1, 1, 1, 1, ] | algo = [0, 0, 0, 0, 0, 0, ] | rc = [50, 38, 16, 16, 17, 6] | gpus = [2, 2, 1, 1, 1, 1] | micro_bs = 8 | time = [157491, 151832, 139668, 158629, 157905, 158223] | memory = [47974, 47353, 46040, 47583, 47490, 47717]
cv:0.04411717364859572
line465:max stage:3, min stage:2, max_value:158629.1321531362, min_value:139668.13689073254
fix|158225.06|47974.14| op = [105, 106, 52, 54, 53, 49]| tp = [1, 1, 1, 1, 1, 1, ] | dp = [2, 2, 1, 1, 1, 1, ] | algo = [0, 0, 0, 0, 0, 0, ] | rc = [50, 38, 16, 16, 17, 6] | gpus = [2, 2, 1, 1, 1, 1] | micro_bs = 8 | time = [157492, 151833, 144634, 154330, 157907, 158225] | memory = [47974, 47353, 47300, 47043, 47490, 47717]
cv:0.031105932234815614
line465:max stage:5, min stage:2, max_value:158225.0626698799, min_value:144634.06098121282
fix|189650.51|47974.14| op = [105, 106, 53, 54, 53, 48]| tp = [1, 1, 1, 1, 1, 1, ] | dp = [2, 2, 1, 1, 1, 1, ] | algo = [0, 0, 0, 0, 0, 0, ] | rc = [50, 38, 28, 54, 12, 0] | gpus = [2, 2, 1, 1, 1, 1] | micro_bs = 8 | time = [157553, 151895, 166864, 189650, 146356, 143754] | memory = [47974, 47353, 47732, 45104, 46626, 45909]
cv:0.09740486782063909
line465:max stage:3, min stage:5, max_value:189650.50961416046, min_value:143754.964454996
fix|166851.68|47974.14| op = [105, 106, 53, 53, 53, 49]| tp = [1, 1, 1, 1, 1, 1, ] | dp = [2, 2, 1, 1, 1, 1, ] | algo = [0, 0, 0, 0, 0, 0, ] | rc = [50, 38, 28, 17, 17, 6] | gpus = [2, 2, 1, 1, 1, 1] | micro_bs = 8 | time = [157540, 151881, 166851, 156786, 157955, 158273] | memory = [47974, 47353, 47732, 46563, 47490, 47717]
cv:0.0279424200333749
line465:max stage:2, min stage:1, max_value:166851.68330836753, min_value:151881.87650789978
fix|174864.28|47993.27| op = [105, 107, 52, 53, 53, 49]| tp = [1, 1, 1, 1, 1, 1, ] | dp = [2, 2, 1, 1, 1, 1, ] | algo = [0, 0, 0, 0, 0, 0, ] | rc = [50, 50, 49, 17, 17, 6] | gpus = [2, 2, 1, 1, 1, 1] | micro_bs = 8 | time = [157576, 162427, 174864, 156822, 157991, 158309] | memory = [47974, 47993, 46440, 46563, 47490, 47717]
cv:0.0391246024357813
line465:max stage:2, min stage:3, max_value:174864.27514213353, min_value:156822.79059013352
fix|162389.04|47993.27| op = [105, 107, 51, 54, 53, 49]| tp = [1, 1, 1, 1, 1, 1, ] | dp = [2, 2, 1, 1, 1, 1, ] | algo = [0, 0, 0, 0, 0, 0, ] | rc = [50, 50, 27, 16, 17, 6] | gpus = [2, 2, 1, 1, 1, 1] | micro_bs = 8 | time = [157538, 162389, 157484, 154375, 157952, 158270] | memory = [47974, 47993, 47251, 47043, 47490, 47717]
best|158225.06|47974.14| op = [105, 106, 52, 54, 53, 49]| tp = [1, 1, 1, 1, 1, 1, ] | dp = [2, 2, 1, 1, 1, 1, ] | algo = [0, 0, 0, 0, 0, 0, ] | rc = [50, 38, 16, 16, 17, 6] | gpus = [2, 2, 1, 1, 1, 1] | micro_bs = 8 | time = [157492, 151833, 144634, 154330, 157907, 158225] | memory = [47974, 47353, 47300, 47043, 47490, 47717]
line146:config.memory_list:[47974.13800000008, 47353.27000000009, 47300.0, 47043.0, 47490.0, 47717.203]
line147:config.time_list:[157492.59198052404, 151833.7790961487, 144634.06098121282, 154330.26445561645, 157907.2746120201, 158225.0626698799]
求解成功
config has been saved to /home/liminglong.lml/sxz/SuperScaler/logs-large/aceso/configs/mbs/4096/gpt_2_6B_6stages_2026-5-15-13-22-44.json

========== Best Result (num_stages = 6) ==========
|158225.06|47974.14| op = [105, 106, 52, 54, 53, 49]| tp = [1, 1, 1, 1, 1, 1, ] | dp = [2, 2, 1, 1, 1, 1, ] | algo = [0, 0, 0, 0, 0, 0, ] | rc = [50, 38, 16, 16, 17, 6] | gpus = [2, 2, 1, 1, 1, 1] | micro_bs = 8 | time = [157492, 151833, 144634, 154330, 157907, 158225] | memory = [47974, 47353, 47300, 47043, 47490, 47717]
start|172732.87|47974.14| op = [105, 105, 52, 52, 52, 53]| tp = [1, 1, 1, 1, 1, 1, ] | dp = [2, 2, 1, 1, 1, 1, ] | algo = [0, 0, 0, 0, 0, 0, ] | rc = [50, 36, 16, 14, 10, 10] | gpus = [2, 2, 1, 1, 1, 1] | micro_bs = 8 | time = [157446, 148176, 143923, 141529, 136741, 172732] | memory = [47974, 47253, 46660, 46563, 46466, 47937]
fix|166208.49|47974.14| op = [105, 105, 52, 52, 53, 52]| tp = [1, 1, 1, 1, 1, 1, ] | dp = [2, 2, 1, 1, 1, 1, ] | algo = [0, 0, 0, 0, 0, 0, ] | rc = [50, 36, 16, 14, 10, 8] | gpus = [2, 2, 1, 1, 1, 1] | micro_bs = 8 | time = [157443, 148173, 143920, 141526, 141703, 166208] | memory = [47974, 47253, 46660, 46563, 47246, 47877]
fix|168640.65|47974.14| op = [105, 105, 52, 53, 53, 51]| tp = [1, 1, 1, 1, 1, 1, ] | dp = [2, 2, 1, 1, 1, 1, ] | algo = [0, 0, 0, 0, 0, 0, ] | rc = [50, 36, 16, 14, 12, 9] | gpus = [2, 2, 1, 1, 1, 1] | micro_bs = 8 | time = [157467, 148197, 143944, 146515, 146571, 168640] | memory = [47974, 47253, 46660, 47583, 46786, 47717]
fix|164483.18|47974.14| op = [105, 105, 53, 53, 53, 50]| tp = [1, 1, 1, 1, 1, 1, ] | dp = [2, 2, 1, 1, 1, 1, ] | algo = [0, 0, 0, 0, 0, 0, ] | rc = [50, 36, 16, 16, 13, 8] | gpus = [2, 2, 1, 1, 1, 1] | micro_bs = 8 | time = [157488, 148219, 148930, 151380, 151947, 164483] | memory = [47974, 47253, 47920, 47043, 46466, 47717]
fix|166851.68|47974.14| op = [105, 106, 53, 53, 53, 49]| tp = [1, 1, 1, 1, 1, 1, ] | dp = [2, 2, 1, 1, 1, 1, ] | algo = [0, 0, 0, 0, 0, 0, ] | rc = [50, 38, 28, 17, 17, 6] | gpus = [2, 2, 1, 1, 1, 1] | micro_bs = 8 | time = [157540, 151881, 166851, 156786, 157955, 158273] | memory = [47974, 47353, 47732, 46563, 47490, 47717]
fix|174864.28|47993.27| op = [105, 107, 52, 53, 53, 49]| tp = [1, 1, 1, 1, 1, 1, ] | dp = [2, 2, 1, 1, 1, 1, ] | algo = [0, 0, 0, 0, 0, 0, ] | rc = [50, 50, 49, 17, 17, 6] | gpus = [2, 2, 1, 1, 1, 1] | micro_bs = 8 | time = [157576, 162427, 174864, 156822, 157991, 158309] | memory = [47974, 47993, 46440, 46563, 47490, 47717]
fix|162389.04|47993.27| op = [105, 107, 51, 54, 53, 49]| tp = [1, 1, 1, 1, 1, 1, ] | dp = [2, 2, 1, 1, 1, 1, ] | algo = [0, 0, 0, 0, 0, 0, ] | rc = [50, 50, 27, 16, 17, 6] | gpus = [2, 2, 1, 1, 1, 1] | micro_bs = 8 | time = [157538, 162389, 157484, 154375, 157952, 158270] | memory = [47974, 47993, 47251, 47043, 47490, 47717]
best|162389.04|47993.27| op = [105, 107, 51, 54, 53, 49]| tp = [1, 1, 1, 1, 1, 1, ] | dp = [2, 2, 1, 1, 1, 1, ] | algo = [0, 0, 0, 0, 0, 0, ] | rc = [50, 50, 27, 16, 17, 6] | gpus = [2, 2, 1, 1, 1, 1] | micro_bs = 8 | time = [157538, 162389, 157484, 154375, 157952, 158270] | memory = [47974, 47993, 47251, 47043, 47490, 47717]
decode|162389.04|47993.27| op = [105, 107, 51, 54, 53, 49]| tp = [1, 1, 1, 1, 1, 1, ] | dp = [2, 2, 1, 1, 1, 1, ] | algo = [0, 0, 0, 0, 0, 0, ] | rc = [50, 50, 27, 16, 17, 6] | gpus = [2, 2, 1, 1, 1, 1] | micro_bs = 8 | time = [157538, 162389, 157484, 154375, 157952, 158270] | memory = [47974, 47993, 47251, 47043, 47490, 47717]
fix|158629.13|47974.14| op = [105, 106, 51, 55, 53, 49]| tp = [1, 1, 1, 1, 1, 1, ] | dp = [2, 2, 1, 1, 1, 1, ] | algo = [0, 0, 0, 0, 0, 0, ] | rc = [50, 38, 16, 16, 17, 6] | gpus = [2, 2, 1, 1, 1, 1] | micro_bs = 8 | time = [157491, 151832, 139668, 158629, 157905, 158223] | memory = [47974, 47353, 46040, 47583, 47490, 47717]
fix|158225.06|47974.14| op = [105, 106, 52, 54, 53, 49]| tp = [1, 1, 1, 1, 1, 1, ] | dp = [2, 2, 1, 1, 1, 1, ] | algo = [0, 0, 0, 0, 0, 0, ] | rc = [50, 38, 16, 16, 17, 6] | gpus = [2, 2, 1, 1, 1, 1] | micro_bs = 8 | time = [157492, 151833, 144634, 154330, 157907, 158225] | memory = [47974, 47353, 47300, 47043, 47490, 47717]
best|158225.06|47974.14| op = [105, 106, 52, 54, 53, 49]| tp = [1, 1, 1, 1, 1, 1, ] | dp = [2, 2, 1, 1, 1, 1, ] | algo = [0, 0, 0, 0, 0, 0, ] | rc = [50, 38, 16, 16, 17, 6] | gpus = [2, 2, 1, 1, 1, 1] | micro_bs = 8 | time = [157492, 151833, 144634, 154330, 157907, 158225] | memory = [47974, 47353, 47300, 47043, 47490, 47717]

num_targets: []
num_hops: []
search time = 0.00 s.  [0] 
num_explored_cases = 0
time trend: [172732]

stage 6 search time: 0.28 s
working on num_stages = 7
start|173250.75|47937.33| op = [105, 52, 52, 52, 52, 52, 54]| tp = [1, 1, 1, 1, 1, 1, 1, ] | dp = [2, 1, 1, 1, 1, 1, 1, ] | algo = [0, 0, 0, 0, 0, 0, 0, ] | rc = [56, 27, 22, 16, 14, 10, 10] | gpus = [2, 1, 1, 1, 1, 1, 1] | micro_bs = 8 | time = [163097, 158206, 150611, 143948, 141554, 136766, 173250] | memory = [47555, 46902, 47701, 46340, 46323, 46306, 47937]
line465:max stage:6, min stage:5, max_value:173250.74927405402, min_value:136766.67582704796
fix|173052.25|47937.20| op = [105, 52, 52, 52, 52, 53, 53]| tp = [1, 1, 1, 1, 1, 1, 1, ] | dp = [2, 1, 1, 1, 1, 1, 1, ] | algo = [0, 0, 0, 0, 0, 0, 0, ] | rc = [56, 27, 22, 16, 14, 10, 10] | gpus = [2, 1, 1, 1, 1, 1, 1] | micro_bs = 8 | time = [163098, 158207, 150612, 143948, 141554, 137260, 173052] | memory = [47555, 46902, 47701, 46340, 46323, 46466, 47937]
cv:0.07820203008002002
line465:max stage:6, min stage:5, max_value:173052.24961070094, min_value:137260.4493256949
fix|166527.87|47877.20| op = [105, 52, 52, 52, 52, 54, 52]| tp = [1, 1, 1, 1, 1, 1, 1, ] | dp = [2, 1, 1, 1, 1, 1, 1, ] | algo = [0, 0, 0, 0, 0, 0, 0, ] | rc = [56, 27, 22, 16, 14, 10, 8] | gpus = [2, 1, 1, 1, 1, 1, 1] | micro_bs = 8 | time = [163095, 158204, 150609, 143945, 141551, 142222, 166527] | memory = [47555, 46902, 47701, 46340, 46323, 47246, 47877]
cv:0.06295444589142674
line465:max stage:6, min stage:4, max_value:166527.8689531812, min_value:141551.83248343246
fix|168959.30|47717.20| op = [105, 52, 52, 52, 53, 54, 51]| tp = [1, 1, 1, 1, 1, 1, 1, ] | dp = [2, 1, 1, 1, 1, 1, 1, ] | algo = [0, 0, 0, 0, 0, 0, 0, ] | rc = [56, 27, 22, 16, 14, 12, 9] | gpus = [2, 1, 1, 1, 1, 1, 1] | micro_bs = 8 | time = [163118, 158227, 150632, 143968, 142068, 151190, 168959] | memory = [47555, 46902, 47701, 46340, 46563, 47246, 47717]
cv:0.05945537993216616
line465:max stage:6, min stage:4, max_value:168959.30394686086, min_value:142068.2129038305
fix|164779.23|47717.20| op = [105, 52, 52, 52, 54, 54, 50]| tp = [1, 1, 1, 1, 1, 1, 1, ] | dp = [2, 1, 1, 1, 1, 1, 1, ] | algo = [0, 0, 0, 0, 0, 0, 0, ] | rc = [56, 27, 22, 16, 14, 12, 8] | gpus = [2, 1, 1, 1, 1, 1, 1] | micro_bs = 8 | time = [163117, 158226, 150631, 143967, 147031, 149834, 164779] | memory = [47555, 46902, 47701, 46340, 47583, 46786, 47717]
cv:0.04880053507477204
line465:max stage:6, min stage:3, max_value:164779.23316572045, min_value:143967.71645456806
fix|163148.08|47717.20| op = [105, 52, 52, 53, 54, 54, 49]| tp = [1, 1, 1, 1, 1, 1, 1, ] | dp = [2, 1, 1, 1, 1, 1, 1, ] | algo = [0, 0, 0, 0, 0, 0, 0, ] | rc = [56, 27, 22, 16, 16, 18, 6] | gpus = [2, 1, 1, 1, 1, 1, 1] | micro_bs = 8 | time = [163148, 158256, 150661, 144491, 156007, 162409, 158548] | memory = [47555, 46902, 47701, 46660, 47583, 47490, 47717]
cv:0.039338911925321726
line465:max stage:0, min stage:3, max_value:163148.07990864068, min_value:144491.67692796607
fix|162413.78|47975.16| op = [104, 52, 52, 54, 54, 54, 49]| tp = [1, 1, 1, 1, 1, 1, 1, ] | dp = [2, 1, 1, 1, 1, 1, 1, ] | algo = [0, 0, 0, 0, 0, 0, 0, ] | rc = [55, 27, 24, 16, 16, 18, 6] | gpus = [2, 1, 1, 1, 1, 1, 1] | micro_bs = 8 | time = [162162, 158555, 153181, 145003, 156011, 162413, 158552] | memory = [47975, 47382, 46501, 47460, 47583, 47490, 47717]
cv:0.0357169625797067
line465:max stage:5, min stage:3, max_value:162413.7840737457, min_value:145003.92808458273
fix|162166.04|47975.16| op = [104, 52, 52, 55, 54, 53, 49]| tp = [1, 1, 1, 1, 1, 1, 1, ] | dp = [2, 1, 1, 1, 1, 1, 1, ] | algo = [0, 0, 0, 0, 0, 0, 0, ] | rc = [55, 27, 24, 18, 16, 17, 6] | gpus = [2, 1, 1, 1, 1, 1, 1] | micro_bs = 8 | time = [162166, 158558, 153185, 152192, 154661, 158238, 158555] | memory = [47975, 47382, 46501, 47440, 47043, 47490, 47717]
cv:0.021002014212691475
line465:max stage:0, min stage:3, max_value:162166.0411782479, min_value:152192.952560063
fix|161405.93|47840.50| op = [103, 52, 52, 56, 54, 53, 49]| tp = [1, 1, 1, 1, 1, 1, 1, ] | dp = [2, 1, 1, 1, 1, 1, 1, ] | algo = [0, 0, 0, 0, 0, 0, 0, ] | rc = [55, 28, 24, 20, 16, 17, 6] | gpus = [2, 1, 1, 1, 1, 1, 1] | micro_bs = 8 | time = [159854, 161405, 154240, 159924, 154679, 158256, 158573] | memory = [47295, 47382, 47701, 47840, 47043, 47490, 47717]
cv:0.015885637136087913
line465:max stage:1, min stage:2, max_value:161405.9305381458, min_value:154240.86227814583
fix|160403.89|47840.50| op = [103, 51, 53, 56, 54, 53, 49]| tp = [1, 1, 1, 1, 1, 1, 1, ] | dp = [2, 1, 1, 1, 1, 1, 1, ] | algo = [0, 0, 0, 0, 0, 0, 0, ] | rc = [55, 27, 26, 20, 16, 17, 6] | gpus = [2, 1, 1, 1, 1, 1, 1] | micro_bs = 8 | time = [159856, 160403, 156449, 159927, 154681, 158258, 158576] | memory = [47295, 47382, 47701, 47840, 47043, 47490, 47717]
best|160403.89|47840.50| op = [103, 51, 53, 56, 54, 53, 49]| tp = [1, 1, 1, 1, 1, 1, 1, ] | dp = [2, 1, 1, 1, 1, 1, 1, ] | algo = [0, 0, 0, 0, 0, 0, 0, ] | rc = [55, 27, 26, 20, 16, 17, 6] | gpus = [2, 1, 1, 1, 1, 1, 1] | micro_bs = 8 | time = [159856, 160403, 156449, 159927, 154681, 158258, 158576] | memory = [47295, 47382, 47701, 47840, 47043, 47490, 47717]
line146:config.memory_list:[47295.16100000008, 47382.0, 47701.099999999984, 47840.5, 47043.0, 47490.0, 47717.203]
line147:config.time_list:[159856.70849754722, 160403.8897887671, 156449.78200876713, 159927.09064831835, 154681.50520628784, 158258.51536269148, 158576.3034205513]
------------------------------------------------------------------------------------------------------
cegis_search for the 0th times
开始求解check...
line351:
tp_list[1, 1, 1, 1, 1, 1, 1, 1, 1, 1, 1, 1, 1, 1, 1, 1, 1, 1, 1, 1, 1, 1, 1, 1, 1, 1, 1, 1, 1, 1, 1, 1, 1, 1, 1, 1, 1, 1, 1, 1, 1, 1, 1, 1, 1, 1, 1, 1, 1, 1, 1, 1, 1, 1, 1, 1, 1, 1, 1, 1, 1, 1, 1, 1, 1, 1, 1, 1, 1, 1, 1, 1, 1, 1, 1, 1, 1, 1, 1, 1, 1, 1, 1, 1, 1, 1, 1, 1, 1, 1, 1, 1, 1, 1, 1, 1, 1, 1, 1, 1, 1, 1, 1, 1, 1, 1, 1, 1, 1, 1, 1, 1, 1, 1, 1, 1, 1, 1, 1, 1, 1, 1, 1, 1, 1, 1, 1, 1, 1, 1, 1, 1, 1, 1, 1, 1, 1, 1, 1, 1, 1, 1, 1, 1, 1, 1, 1, 1, 1, 1, 1, 1, 1, 1, 1, 1, 1, 1, 1, 1, 1, 1, 1, 1, 1, 1, 1, 1, 1, 1, 1, 1, 1, 1, 1, 1, 1, 1, 1, 1, 1, 1, 1, 1, 1, 1, 1, 1, 1, 1, 1, 1, 1, 1, 1, 1, 1, 1, 1, 1, 1, 1, 1, 1, 1, 1, 1, 1, 1, 1, 1, 1, 1, 1, 1, 1, 1, 1, 1, 1, 1, 1, 1, 1, 1, 1, 1, 1, 1, 1, 1, 1, 1, 1, 1, 1, 1, 1, 1, 1, 1, 1, 1, 1, 1, 1, 1, 1, 1, 1, 1, 1, 1, 1, 1, 1, 1, 1, 1, 1, 1, 1, 1, 1, 1, 1, 1, 1, 1, 1, 1, 1, 1, 1, 1, 1, 1, 1, 1, 1, 1, 1, 1, 1, 1, 1, 1, 1, 1, 1, 1, 1, 1, 1, 1, 1, 1, 1, 1, 1, 1, 1, 1, 1, 1, 1, 1, 1, 1, 1, 1, 1, 1, 1, 1, 1, 1, 1, 1, 1, 1, 1, 1, 1, 1, 1, 1, 1, 1, 1, 1, 1, 1, 1, 1, 1, 1, 1, 1, 1, 1, 1, 1, 1, 1, 1, 1, 1, 1, 1, 1, 1, 1, 1, 1, 1, 1, 1, 1, 1, 1, 1, 1, 1, 1, 1, 1, 1, 1, 1, 1, 1, 1, 1, 1, 1, 1, 1, 1, 1, 1, 1, 1, 1, 1, 1, 1, 1, 1, 1, 1, 1, 1, 1, 1, 1, 1, 1, 1, 1, 1, 1, 1, 1, 1, 1, 1, 1, 1, 1, 1, 1, 1, 1, 1, 1, 1, 1, 1]
dp_list[2, 2, 2, 2, 2, 2, 2, 2, 2, 2, 2, 2, 2, 2, 2, 2, 2, 2, 2, 2, 2, 2, 2, 2, 2, 2, 2, 2, 2, 2, 2, 2, 2, 2, 2, 2, 2, 2, 2, 2, 2, 2, 2, 2, 2, 2, 2, 2, 2, 2, 2, 2, 2, 2, 2, 2, 2, 2, 2, 2, 2, 2, 2, 2, 2, 2, 2, 2, 2, 2, 2, 2, 2, 2, 2, 2, 2, 2, 2, 2, 2, 2, 2, 2, 2, 2, 2, 2, 2, 2, 2, 2, 2, 2, 2, 2, 2, 2, 2, 2, 2, 2, 2, 1, 1, 1, 1, 1, 1, 1, 1, 1, 1, 1, 1, 1, 1, 1, 1, 1, 1, 1, 1, 1, 1, 1, 1, 1, 1, 1, 1, 1, 1, 1, 1, 1, 1, 1, 1, 1, 1, 1, 1, 1, 1, 1, 1, 1, 1, 1, 1, 1, 1, 1, 1, 1, 1, 1, 1, 1, 1, 1, 1, 1, 1, 1, 1, 1, 1, 1, 1, 1, 1, 1, 1, 1, 1, 1, 1, 1, 1, 1, 1, 1, 1, 1, 1, 1, 1, 1, 1, 1, 1, 1, 1, 1, 1, 1, 1, 1, 1, 1, 1, 1, 1, 1, 1, 1, 1, 1, 1, 1, 1, 1, 1, 1, 1, 1, 1, 1, 1, 1, 1, 1, 1, 1, 1, 1, 1, 1, 1, 1, 1, 1, 1, 1, 1, 1, 1, 1, 1, 1, 1, 1, 1, 1, 1, 1, 1, 1, 1, 1, 1, 1, 1, 1, 1, 1, 1, 1, 1, 1, 1, 1, 1, 1, 1, 1, 1, 1, 1, 1, 1, 1, 1, 1, 1, 1, 1, 1, 1, 1, 1, 1, 1, 1, 1, 1, 1, 1, 1, 1, 1, 1, 1, 1, 1, 1, 1, 1, 1, 1, 1, 1, 1, 1, 1, 1, 1, 1, 1, 1, 1, 1, 1, 1, 1, 1, 1, 1, 1, 1, 1, 1, 1, 1, 1, 1, 1, 1, 1, 1, 1, 1, 1, 1, 1, 1, 1, 1, 1, 1, 1, 1, 1, 1, 1, 1, 1, 1, 1, 1, 1, 1, 1, 1, 1, 1, 1, 1, 1, 1, 1, 1, 1, 1, 1, 1, 1, 1, 1, 1, 1, 1, 1, 1, 1, 1, 1, 1, 1, 1, 1, 1, 1, 1, 1, 1, 1, 1, 1, 1, 1, 1, 1, 1, 1, 1, 1, 1, 1, 1, 1, 1, 1, 1, 1, 1, 1, 1, 1, 1, 1, 1, 1, 1, 1, 1, 1]
algo_list[0, 0, 0, 0, 0, 0, 0, 0, 0, 0, 0, 0, 0, 0, 0, 0, 0, 0, 0, 0, 0, 0, 0, 0, 0, 0, 0, 0, 0, 0, 0, 0, 0, 0, 0, 0, 0, 0, 0, 0, 0, 0, 0, 0, 0, 0, 0, 0, 0, 0, 0, 0, 0, 0, 0, 0, 0, 0, 0, 0, 0, 0, 0, 0, 0, 0, 0, 0, 0, 0, 0, 0, 0, 0, 0, 0, 0, 0, 0, 0, 0, 0, 0, 0, 0, 0, 0, 0, 0, 0, 0, 0, 0, 0, 0, 0, 0, 0, 0, 0, 0, 0, 0, 0, 0, 0, 0, 0, 0, 0, 0, 0, 0, 0, 0, 0, 0, 0, 0, 0, 0, 0, 0, 0, 0, 0, 0, 0, 0, 0, 0, 0, 0, 0, 0, 0, 0, 0, 0, 0, 0, 0, 0, 0, 0, 0, 0, 0, 0, 0, 0, 0, 0, 0, 0, 0, 0, 0, 0, 0, 0, 0, 0, 0, 0, 0, 0, 0, 0, 0, 0, 0, 0, 0, 0, 0, 0, 0, 0, 0, 0, 0, 0, 0, 0, 0, 0, 0, 0, 0, 0, 0, 0, 0, 0, 0, 0, 0, 0, 0, 0, 0, 0, 0, 0, 0, 0, 0, 0, 0, 0, 0, 0, 0, 0, 0, 0, 0, 0, 0, 0, 0, 0, 0, 0, 0, 0, 0, 0, 0, 0, 0, 0, 0, 0, 0, 0, 0, 0, 0, 0, 0, 0, 0, 0, 0, 0, 0, 0, 0, 0, 0, 0, 0, 0, 0, 0, 0, 0, 0, 0, 0, 0, 0, 0, 0, 0, 0, 0, 0, 0, 0, 0, 0, 0, 0, 0, 0, 0, 0, 0, 0, 0, 0, 0, 0, 0, 0, 0, 0, 0, 0, 0, 0, 0, 0, 0, 0, 0, 0, 0, 0, 0, 0, 0, 0, 0, 0, 0, 0, 0, 0, 0, 0, 0, 0, 0, 0, 0, 0, 0, 0, 0, 0, 0, 0, 0, 0, 0, 0, 0, 0, 0, 0, 0, 0, 0, 0, 0, 0, 0, 0, 0, 0, 0, 0, 0, 0, 0, 0, 0, 0, 0, 0, 0, 0, 0, 0, 0, 0, 0, 0, 0, 0, 0, 0, 0, 0, 0, 0, 0, 0, 0, 0, 0, 0, 0, 0, 0, 0, 0, 0, 0, 0, 0, 0, 0, 0, 0, 0, 0, 0, 0, 0, 0, 0, 0, 0, 0, 0, 0, 0, 0, 0, 0, 0, 0, 0, 0, 0, 0, 0, 0, 0, 0, 0, 0, 0, 0]

decode|160403.89|47840.50| op = [103, 51, 53, 56, 54, 53, 49]| tp = [1, 1, 1, 1, 1, 1, 1, ] | dp = [2, 1, 1, 1, 1, 1, 1, ] | algo = [0, 0, 0, 0, 0, 0, 0, ] | rc = [55, 27, 26, 20, 16, 17, 6] | gpus = [2, 1, 1, 1, 1, 1, 1] | micro_bs = 8 | time = [159856, 160403, 156449, 159927, 154681, 158258, 158576] | memory = [47295, 47382, 47701, 47840, 47043, 47490, 47717]
验证解
line465:max stage:1, min stage:4, max_value:160403.8897887671, min_value:154681.50520628784
fix|162504.19|47860.58| op = [103, 50, 53, 56, 55, 53, 49]| tp = [1, 1, 1, 1, 1, 1, 1, ] | dp = [2, 1, 1, 1, 1, 1, 1, ] | algo = [0, 0, 0, 0, 0, 0, 0, ] | rc = [55, 24, 26, 20, 16, 17, 6] | gpus = [2, 1, 1, 1, 1, 1, 1] | micro_bs = 8 | time = [159848, 150659, 162504, 155312, 158973, 158250, 158568] | memory = [47295, 46982, 47541, 47860, 47583, 47490, 47717]
cv:0.022174981632541182
line465:max stage:2, min stage:1, max_value:162504.18997814995, min_value:150659.73155413536
fix|160397.51|47860.58| op = [103, 51, 52, 56, 55, 53, 49]| tp = [1, 1, 1, 1, 1, 1, 1, ] | dp = [2, 1, 1, 1, 1, 1, 1, ] | algo = [0, 0, 0, 0, 0, 0, 0, ] | rc = [55, 27, 24, 20, 16, 17, 6] | gpus = [2, 1, 1, 1, 1, 1, 1] | micro_bs = 8 | time = [159850, 160397, 153491, 155314, 158975, 158252, 158569] | memory = [47295, 47382, 47701, 47860, 47583, 47490, 47717]
best|160397.51|47860.58| op = [103, 51, 52, 56, 55, 53, 49]| tp = [1, 1, 1, 1, 1, 1, 1, ] | dp = [2, 1, 1, 1, 1, 1, 1, ] | algo = [0, 0, 0, 0, 0, 0, 0, ] | rc = [55, 27, 24, 20, 16, 17, 6] | gpus = [2, 1, 1, 1, 1, 1, 1] | micro_bs = 8 | time = [159850, 160397, 153491, 155314, 158975, 158252, 158569] | memory = [47295, 47382, 47701, 47860, 47583, 47490, 47717]
line146:config.memory_list:[47295.16100000008, 47382.0, 47701.099999999984, 47860.57999999999, 47583.0, 47490.0, 47717.203]
line147:config.time_list:[159850.33265629437, 160397.51394751424, 153491.88003152885, 155314.0180604594, 158975.2973674143, 158252.13952143863, 158569.92757929844]
求解成功
config has been saved to /home/liminglong.lml/sxz/SuperScaler/logs-large/aceso/configs/mbs/4096/gpt_2_6B_7stages_2026-5-15-13-22-44.json

========== Best Result (num_stages = 7) ==========
|160397.51|47860.58| op = [103, 51, 52, 56, 55, 53, 49]| tp = [1, 1, 1, 1, 1, 1, 1, ] | dp = [2, 1, 1, 1, 1, 1, 1, ] | algo = [0, 0, 0, 0, 0, 0, 0, ] | rc = [55, 27, 24, 20, 16, 17, 6] | gpus = [2, 1, 1, 1, 1, 1, 1] | micro_bs = 8 | time = [159850, 160397, 153491, 155314, 158975, 158252, 158569] | memory = [47295, 47382, 47701, 47860, 47583, 47490, 47717]
start|173250.75|47937.33| op = [105, 52, 52, 52, 52, 52, 54]| tp = [1, 1, 1, 1, 1, 1, 1, ] | dp = [2, 1, 1, 1, 1, 1, 1, ] | algo = [0, 0, 0, 0, 0, 0, 0, ] | rc = [56, 27, 22, 16, 14, 10, 10] | gpus = [2, 1, 1, 1, 1, 1, 1] | micro_bs = 8 | time = [163097, 158206, 150611, 143948, 141554, 136766, 173250] | memory = [47555, 46902, 47701, 46340, 46323, 46306, 47937]
fix|173052.25|47937.20| op = [105, 52, 52, 52, 52, 53, 53]| tp = [1, 1, 1, 1, 1, 1, 1, ] | dp = [2, 1, 1, 1, 1, 1, 1, ] | algo = [0, 0, 0, 0, 0, 0, 0, ] | rc = [56, 27, 22, 16, 14, 10, 10] | gpus = [2, 1, 1, 1, 1, 1, 1] | micro_bs = 8 | time = [163098, 158207, 150612, 143948, 141554, 137260, 173052] | memory = [47555, 46902, 47701, 46340, 46323, 46466, 47937]
fix|166527.87|47877.20| op = [105, 52, 52, 52, 52, 54, 52]| tp = [1, 1, 1, 1, 1, 1, 1, ] | dp = [2, 1, 1, 1, 1, 1, 1, ] | algo = [0, 0, 0, 0, 0, 0, 0, ] | rc = [56, 27, 22, 16, 14, 10, 8] | gpus = [2, 1, 1, 1, 1, 1, 1] | micro_bs = 8 | time = [163095, 158204, 150609, 143945, 141551, 142222, 166527] | memory = [47555, 46902, 47701, 46340, 46323, 47246, 47877]
fix|168959.30|47717.20| op = [105, 52, 52, 52, 53, 54, 51]| tp = [1, 1, 1, 1, 1, 1, 1, ] | dp = [2, 1, 1, 1, 1, 1, 1, ] | algo = [0, 0, 0, 0, 0, 0, 0, ] | rc = [56, 27, 22, 16, 14, 12, 9] | gpus = [2, 1, 1, 1, 1, 1, 1] | micro_bs = 8 | time = [163118, 158227, 150632, 143968, 142068, 151190, 168959] | memory = [47555, 46902, 47701, 46340, 46563, 47246, 47717]
fix|164779.23|47717.20| op = [105, 52, 52, 52, 54, 54, 50]| tp = [1, 1, 1, 1, 1, 1, 1, ] | dp = [2, 1, 1, 1, 1, 1, 1, ] | algo = [0, 0, 0, 0, 0, 0, 0, ] | rc = [56, 27, 22, 16, 14, 12, 8] | gpus = [2, 1, 1, 1, 1, 1, 1] | micro_bs = 8 | time = [163117, 158226, 150631, 143967, 147031, 149834, 164779] | memory = [47555, 46902, 47701, 46340, 47583, 46786, 47717]
fix|163148.08|47717.20| op = [105, 52, 52, 53, 54, 54, 49]| tp = [1, 1, 1, 1, 1, 1, 1, ] | dp = [2, 1, 1, 1, 1, 1, 1, ] | algo = [0, 0, 0, 0, 0, 0, 0, ] | rc = [56, 27, 22, 16, 16, 18, 6] | gpus = [2, 1, 1, 1, 1, 1, 1] | micro_bs = 8 | time = [163148, 158256, 150661, 144491, 156007, 162409, 158548] | memory = [47555, 46902, 47701, 46660, 47583, 47490, 47717]
fix|162413.78|47975.16| op = [104, 52, 52, 54, 54, 54, 49]| tp = [1, 1, 1, 1, 1, 1, 1, ] | dp = [2, 1, 1, 1, 1, 1, 1, ] | algo = [0, 0, 0, 0, 0, 0, 0, ] | rc = [55, 27, 24, 16, 16, 18, 6] | gpus = [2, 1, 1, 1, 1, 1, 1] | micro_bs = 8 | time = [162162, 158555, 153181, 145003, 156011, 162413, 158552] | memory = [47975, 47382, 46501, 47460, 47583, 47490, 47717]
fix|162166.04|47975.16| op = [104, 52, 52, 55, 54, 53, 49]| tp = [1, 1, 1, 1, 1, 1, 1, ] | dp = [2, 1, 1, 1, 1, 1, 1, ] | algo = [0, 0, 0, 0, 0, 0, 0, ] | rc = [55, 27, 24, 18, 16, 17, 6] | gpus = [2, 1, 1, 1, 1, 1, 1] | micro_bs = 8 | time = [162166, 158558, 153185, 152192, 154661, 158238, 158555] | memory = [47975, 47382, 46501, 47440, 47043, 47490, 47717]
fix|161405.93|47840.50| op = [103, 52, 52, 56, 54, 53, 49]| tp = [1, 1, 1, 1, 1, 1, 1, ] | dp = [2, 1, 1, 1, 1, 1, 1, ] | algo = [0, 0, 0, 0, 0, 0, 0, ] | rc = [55, 28, 24, 20, 16, 17, 6] | gpus = [2, 1, 1, 1, 1, 1, 1] | micro_bs = 8 | time = [159854, 161405, 154240, 159924, 154679, 158256, 158573] | memory = [47295, 47382, 47701, 47840, 47043, 47490, 47717]
fix|160403.89|47840.50| op = [103, 51, 53, 56, 54, 53, 49]| tp = [1, 1, 1, 1, 1, 1, 1, ] | dp = [2, 1, 1, 1, 1, 1, 1, ] | algo = [0, 0, 0, 0, 0, 0, 0, ] | rc = [55, 27, 26, 20, 16, 17, 6] | gpus = [2, 1, 1, 1, 1, 1, 1] | micro_bs = 8 | time = [159856, 160403, 156449, 159927, 154681, 158258, 158576] | memory = [47295, 47382, 47701, 47840, 47043, 47490, 47717]
best|160403.89|47840.50| op = [103, 51, 53, 56, 54, 53, 49]| tp = [1, 1, 1, 1, 1, 1, 1, ] | dp = [2, 1, 1, 1, 1, 1, 1, ] | algo = [0, 0, 0, 0, 0, 0, 0, ] | rc = [55, 27, 26, 20, 16, 17, 6] | gpus = [2, 1, 1, 1, 1, 1, 1] | micro_bs = 8 | time = [159856, 160403, 156449, 159927, 154681, 158258, 158576] | memory = [47295, 47382, 47701, 47840, 47043, 47490, 47717]
decode|160403.89|47840.50| op = [103, 51, 53, 56, 54, 53, 49]| tp = [1, 1, 1, 1, 1, 1, 1, ] | dp = [2, 1, 1, 1, 1, 1, 1, ] | algo = [0, 0, 0, 0, 0, 0, 0, ] | rc = [55, 27, 26, 20, 16, 17, 6] | gpus = [2, 1, 1, 1, 1, 1, 1] | micro_bs = 8 | time = [159856, 160403, 156449, 159927, 154681, 158258, 158576] | memory = [47295, 47382, 47701, 47840, 47043, 47490, 47717]
fix|162504.19|47860.58| op = [103, 50, 53, 56, 55, 53, 49]| tp = [1, 1, 1, 1, 1, 1, 1, ] | dp = [2, 1, 1, 1, 1, 1, 1, ] | algo = [0, 0, 0, 0, 0, 0, 0, ] | rc = [55, 24, 26, 20, 16, 17, 6] | gpus = [2, 1, 1, 1, 1, 1, 1] | micro_bs = 8 | time = [159848, 150659, 162504, 155312, 158973, 158250, 158568] | memory = [47295, 46982, 47541, 47860, 47583, 47490, 47717]
fix|160397.51|47860.58| op = [103, 51, 52, 56, 55, 53, 49]| tp = [1, 1, 1, 1, 1, 1, 1, ] | dp = [2, 1, 1, 1, 1, 1, 1, ] | algo = [0, 0, 0, 0, 0, 0, 0, ] | rc = [55, 27, 24, 20, 16, 17, 6] | gpus = [2, 1, 1, 1, 1, 1, 1] | micro_bs = 8 | time = [159850, 160397, 153491, 155314, 158975, 158252, 158569] | memory = [47295, 47382, 47701, 47860, 47583, 47490, 47717]
best|160397.51|47860.58| op = [103, 51, 52, 56, 55, 53, 49]| tp = [1, 1, 1, 1, 1, 1, 1, ] | dp = [2, 1, 1, 1, 1, 1, 1, ] | algo = [0, 0, 0, 0, 0, 0, 0, ] | rc = [55, 27, 24, 20, 16, 17, 6] | gpus = [2, 1, 1, 1, 1, 1, 1] | micro_bs = 8 | time = [159850, 160397, 153491, 155314, 158975, 158252, 158569] | memory = [47295, 47382, 47701, 47860, 47583, 47490, 47717]

num_targets: []
num_hops: []
search time = 0.00 s.  [0] 
num_explored_cases = 0
time trend: [173250]

stage 7 search time: 0.28 s
working on num_stages = 8
start|176304.01|47817.33| op = [52, 52, 52, 52, 52, 52, 52, 55]| tp = [1, 1, 1, 1, 1, 1, 1, 1, ] | dp = [1, 1, 1, 1, 1, 1, 1, 1, ] | algo = [0, 0, 0, 0, 0, 0, 0, 0, ] | rc = [38, 36, 27, 24, 16, 14, 10, 12] | gpus = [1, 1, 1, 1, 1, 1, 1, 1] | micro_bs = 8 | time = [163252, 161902, 158825, 153451, 144566, 142172, 137385, 176304] | memory = [47779, 46939, 47382, 46501, 46660, 46563, 46466, 47817]
line465:max stage:7, min stage:6, max_value:176304.01375431602, min_value:137385.22592431764
fix|173570.23|47937.33| op = [52, 52, 52, 52, 52, 52, 53, 54]| tp = [1, 1, 1, 1, 1, 1, 1, 1, ] | dp = [1, 1, 1, 1, 1, 1, 1, 1, ] | algo = [0, 0, 0, 0, 0, 0, 0, 0, ] | rc = [38, 36, 27, 24, 16, 14, 10, 10] | gpus = [1, 1, 1, 1, 1, 1, 1, 1] | micro_bs = 8 | time = [163247, 161897, 158820, 153446, 144561, 142167, 137593, 173570] | memory = [47779, 46939, 47382, 46501, 46660, 46563, 46706, 47937]
cv:0.07423957770267461
line465:max stage:7, min stage:6, max_value:173570.22847111453, min_value:137593.85171411614
fix|173371.73|47937.20| op = [52, 52, 52, 52, 52, 52, 54, 53]| tp = [1, 1, 1, 1, 1, 1, 1, 1, ] | dp = [1, 1, 1, 1, 1, 1, 1, 1, ] | algo = [0, 0, 0, 0, 0, 0, 0, 0, ] | rc = [38, 36, 27, 24, 16, 14, 10, 10] | gpus = [1, 1, 1, 1, 1, 1, 1, 1] | micro_bs = 8 | time = [163248, 161898, 158820, 153446, 144562, 142168, 138087, 173371] | memory = [47779, 46939, 47382, 46501, 46660, 46563, 46866, 47937]
cv:0.07337147873414868
line465:max stage:7, min stage:6, max_value:173371.72880776145, min_value:138087.6252127631
fix|166847.35|47877.20| op = [52, 52, 52, 52, 52, 52, 55, 52]| tp = [1, 1, 1, 1, 1, 1, 1, 1, ] | dp = [1, 1, 1, 1, 1, 1, 1, 1, ] | algo = [0, 0, 0, 0, 0, 0, 0, 0, ] | rc = [38, 36, 27, 24, 16, 14, 10, 8] | gpus = [1, 1, 1, 1, 1, 1, 1, 1] | micro_bs = 8 | time = [163245, 161895, 158817, 153443, 144559, 142165, 143049, 166847] | memory = [47779, 46939, 47382, 46501, 46660, 46563, 47646, 47877]
cv:0.05998749623082888
line465:max stage:7, min stage:5, max_value:166847.34815024174, min_value:142165.4602425084
fix|169277.63|47779.62| op = [52, 52, 52, 52, 52, 53, 55, 51]| tp = [1, 1, 1, 1, 1, 1, 1, 1, ] | dp = [1, 1, 1, 1, 1, 1, 1, 1, ] | algo = [0, 0, 0, 0, 0, 0, 0, 0, ] | rc = [38, 36, 27, 24, 16, 14, 12, 9] | gpus = [1, 1, 1, 1, 1, 1, 1, 1] | micro_bs = 8 | time = [163267, 161917, 158839, 153465, 144581, 142401, 151707, 169277] | memory = [47779, 46939, 47382, 46501, 46660, 46923, 47246, 47717]
cv:0.05616061123229315
line465:max stage:7, min stage:5, max_value:169277.6319282027, min_value:142401.03965905803
fix|165096.84|47779.62| op = [52, 52, 52, 52, 52, 54, 55, 50]| tp = [1, 1, 1, 1, 1, 1, 1, 1, ] | dp = [1, 1, 1, 1, 1, 1, 1, 1, ] | algo = [0, 0, 0, 0, 0, 0, 0, 0, ] | rc = [38, 36, 27, 24, 16, 14, 12, 8] | gpus = [1, 1, 1, 1, 1, 1, 1, 1] | micro_bs = 8 | time = [163265, 161915, 158837, 153464, 144579, 142892, 154452, 165096] | memory = [47779, 46939, 47382, 46501, 46660, 47163, 47246, 47717]
cv:0.05021275985418599
line465:max stage:7, min stage:5, max_value:165096.83642472766, min_value:142892.40058270496
fix|163278.80|47810.00| op = [52, 52, 52, 52, 52, 55, 55, 49]| tp = [1, 1, 1, 1, 1, 1, 1, 1, ] | dp = [1, 1, 1, 1, 1, 1, 1, 1, ] | algo = [0, 0, 0, 0, 0, 0, 0, 0, ] | rc = [38, 36, 27, 24, 16, 16, 17, 6] | gpus = [1, 1, 1, 1, 1, 1, 1, 1] | micro_bs = 8 | time = [163278, 161928, 158851, 153477, 144592, 150091, 160301, 158848] | memory = [47779, 46939, 47382, 46501, 46660, 47223, 47810, 47717]
cv:0.03867993119627927
line465:max stage:0, min stage:4, max_value:163278.79742209392, min_value:144592.69533845023
fix|163627.21|47810.00| op = [51, 52, 52, 52, 53, 55, 55, 49]| tp = [1, 1, 1, 1, 1, 1, 1, 1, ] | dp = [1, 1, 1, 1, 1, 1, 1, 1, ] | algo = [0, 0, 0, 0, 0, 0, 0, 0, ] | rc = [36, 40, 28, 24, 18, 16, 17, 6] | gpus = [1, 1, 1, 1, 1, 1, 1, 1] | micro_bs = 8 | time = [158519, 163627, 161696, 154531, 152322, 150108, 160317, 158864] | memory = [47300, 46657, 47382, 47701, 47060, 47223, 47810, 47717]
cv:0.028060035731725233
line465:max stage:1, min stage:5, max_value:163627.21301392416, min_value:150108.02432732092
fix|162622.79|47810.00| op = [51, 51, 52, 52, 53, 56, 55, 49]| tp = [1, 1, 1, 1, 1, 1, 1, 1, ] | dp = [1, 1, 1, 1, 1, 1, 1, 1, ] | algo = [0, 0, 0, 0, 0, 0, 0, 0, ] | rc = [36, 39, 27, 24, 18, 18, 17, 6] | gpus = [1, 1, 1, 1, 1, 1, 1, 1] | micro_bs = 8 | time = [158519, 162622, 159628, 153786, 148412, 157821, 160317, 158864] | memory = [47300, 46657, 47142, 47701, 47620, 47623, 47810, 47717]
cv:0.026379444375257483
line465:max stage:1, min stage:4, max_value:162622.79042379287, min_value:148412.30710879283
fix|160311.91|47941.38| op = [51, 50, 52, 52, 54, 56, 55, 49]| tp = [1, 1, 1, 1, 1, 1, 1, 1, ] | dp = [1, 1, 1, 1, 1, 1, 1, 1, ] | algo = [0, 0, 0, 0, 0, 0, 0, 0, ] | rc = [36, 30, 27, 24, 20, 18, 17, 6] | gpus = [1, 1, 1, 1, 1, 1, 1, 1] | micro_bs = 8 | time = [158513, 153813, 158862, 153488, 155344, 157815, 160311, 158858] | memory = [47300, 47941, 47382, 46501, 47060, 47623, 47810, 47717]
cv:0.015252365189373581
line465:max stage:6, min stage:3, max_value:160311.9105593852, min_value:153488.2001437402
fix|162819.52|47941.38| op = [51, 50, 52, 53, 54, 56, 54, 49]| tp = [1, 1, 1, 1, 1, 1, 1, 1, ] | dp = [1, 1, 1, 1, 1, 1, 1, 1, ] | algo = [0, 0, 0, 0, 0, 0, 0, 0, ] | rc = [36, 30, 27, 26, 20, 18, 18, 6] | gpus = [1, 1, 1, 1, 1, 1, 1, 1] | micro_bs = 8 | time = [158538, 153838, 158886, 162819, 154921, 159271, 162745, 158883] | memory = [47300, 47941, 47382, 47541, 47060, 47223, 47490, 47717]
cv:0.018853620035964705
line465:max stage:3, min stage:1, max_value:162819.5164578362, min_value:153838.62589482166
fix|162746.09|47717.20| op = [51, 51, 52, 52, 54, 56, 54, 49]| tp = [1, 1, 1, 1, 1, 1, 1, 1, ] | dp = [1, 1, 1, 1, 1, 1, 1, 1, ] | algo = [0, 0, 0, 0, 0, 0, 0, 0, ] | rc = [36, 39, 27, 24, 20, 18, 18, 6] | gpus = [1, 1, 1, 1, 1, 1, 1, 1] | micro_bs = 8 | time = [158539, 162643, 159648, 153806, 154922, 159272, 162746, 158884] | memory = [47300, 46657, 47142, 47701, 47060, 47223, 47490, 47717]
cv:0.01880205288158141
line465:max stage:6, min stage:3, max_value:162746.0864964344, min_value:153806.8684955246
fix|162636.40|47717.20| op = [51, 51, 52, 53, 54, 56, 53, 49]| tp = [1, 1, 1, 1, 1, 1, 1, 1, ] | dp = [1, 1, 1, 1, 1, 1, 1, 1, ] | algo = [0, 0, 0, 0, 0, 0, 0, 0, ] | rc = [36, 39, 27, 26, 18, 16, 17, 6] | gpus = [1, 1, 1, 1, 1, 1, 1, 1] | micro_bs = 8 | time = [158532, 162636, 159641, 156751, 152550, 159482, 158560, 158878] | memory = [47300, 46657, 47142, 47701, 47540, 47583, 47490, 47717]
cv:0.0169814535577815
line465:max stage:1, min stage:4, max_value:162636.39607570955, min_value:152550.10923251812
fix|162812.18|47941.38| op = [51, 50, 52, 53, 55, 56, 53, 49]| tp = [1, 1, 1, 1, 1, 1, 1, 1, ] | dp = [1, 1, 1, 1, 1, 1, 1, 1, ] | algo = [0, 0, 0, 0, 0, 0, 0, 0, ] | rc = [36, 30, 27, 26, 20, 16, 17, 6] | gpus = [1, 1, 1, 1, 1, 1, 1, 1] | micro_bs = 8 | time = [158531, 153831, 158879, 162812, 155127, 159480, 158558, 158876] | memory = [47300, 47941, 47382, 47541, 47540, 47583, 47490, 47717]
cv:0.016196887523131195
line465:max stage:3, min stage:1, max_value:162812.18154464243, min_value:153831.29098162788
fix|162635.67|47717.20| op = [51, 51, 52, 52, 55, 56, 53, 49]| tp = [1, 1, 1, 1, 1, 1, 1, 1, ] | dp = [1, 1, 1, 1, 1, 1, 1, 1, ] | algo = [0, 0, 0, 0, 0, 0, 0, 0, ] | rc = [36, 39, 27, 24, 20, 16, 17, 6] | gpus = [1, 1, 1, 1, 1, 1, 1, 1] | micro_bs = 8 | time = [158532, 162635, 159640, 153799, 155128, 159482, 158559, 158877] | memory = [47300, 46657, 47142, 47701, 47540, 47583, 47490, 47717]
cv:0.01621844919067385
line465:max stage:1, min stage:3, max_value:162635.66724431625, min_value:153799.53358233083
fix|162812.18|47941.38| op = [51, 50, 52, 53, 55, 56, 53, 49]| tp = [1, 1, 1, 1, 1, 1, 1, 1, ] | dp = [1, 1, 1, 1, 1, 1, 1, 1, ] | algo = [0, 0, 0, 0, 0, 0, 0, 0, ] | rc = [36, 30, 27, 26, 20, 16, 17, 6] | gpus = [1, 1, 1, 1, 1, 1, 1, 1] | micro_bs = 8 | time = [158531, 153831, 158879, 162812, 155127, 159480, 158558, 158876] | memory = [47300, 47941, 47382, 47541, 47540, 47583, 47490, 47717]
cv:0.016196887523131195
line465:max stage:3, min stage:1, max_value:162812.18154464243, min_value:153831.29098162788
best|160311.91|47941.38| op = [51, 50, 52, 52, 54, 56, 55, 49]| tp = [1, 1, 1, 1, 1, 1, 1, 1, ] | dp = [1, 1, 1, 1, 1, 1, 1, 1, ] | algo = [0, 0, 0, 0, 0, 0, 0, 0, ] | rc = [36, 30, 27, 24, 20, 18, 17, 6] | gpus = [1, 1, 1, 1, 1, 1, 1, 1] | micro_bs = 8 | time = [158513, 153813, 158862, 153488, 155344, 157815, 160311, 158858] | memory = [47300, 47941, 47382, 46501, 47060, 47623, 47810, 47717]
line146:config.memory_list:[47300.496000000014, 47941.375, 47382.0, 46501.0, 47060.0, 47623.375, 47810.0, 47717.203]
line147:config.time_list:[158513.6238363244, 153813.77860779504, 158862.00133874017, 153488.2001437402, 155344.296680795, 157815.9660864157, 160311.9105593852, 158858.99259564863]
------------------------------------------------------------------------------------------------------
cegis_search for the 0th times
开始求解check...
line351:
tp_list[1, 1, 1, 1, 1, 1, 1, 1, 1, 1, 1, 1, 1, 1, 1, 1, 1, 1, 1, 1, 1, 1, 1, 1, 1, 1, 1, 1, 1, 1, 1, 1, 1, 1, 1, 1, 1, 1, 1, 1, 1, 1, 1, 1, 1, 1, 1, 1, 1, 1, 1, 1, 1, 1, 1, 1, 1, 1, 1, 1, 1, 1, 1, 1, 1, 1, 1, 1, 1, 1, 1, 1, 1, 1, 1, 1, 1, 1, 1, 1, 1, 1, 1, 1, 1, 1, 1, 1, 1, 1, 1, 1, 1, 1, 1, 1, 1, 1, 1, 1, 1, 1, 1, 1, 1, 1, 1, 1, 1, 1, 1, 1, 1, 1, 1, 1, 1, 1, 1, 1, 1, 1, 1, 1, 1, 1, 1, 1, 1, 1, 1, 1, 1, 1, 1, 1, 1, 1, 1, 1, 1, 1, 1, 1, 1, 1, 1, 1, 1, 1, 1, 1, 1, 1, 1, 1, 1, 1, 1, 1, 1, 1, 1, 1, 1, 1, 1, 1, 1, 1, 1, 1, 1, 1, 1, 1, 1, 1, 1, 1, 1, 1, 1, 1, 1, 1, 1, 1, 1, 1, 1, 1, 1, 1, 1, 1, 1, 1, 1, 1, 1, 1, 1, 1, 1, 1, 1, 1, 1, 1, 1, 1, 1, 1, 1, 1, 1, 1, 1, 1, 1, 1, 1, 1, 1, 1, 1, 1, 1, 1, 1, 1, 1, 1, 1, 1, 1, 1, 1, 1, 1, 1, 1, 1, 1, 1, 1, 1, 1, 1, 1, 1, 1, 1, 1, 1, 1, 1, 1, 1, 1, 1, 1, 1, 1, 1, 1, 1, 1, 1, 1, 1, 1, 1, 1, 1, 1, 1, 1, 1, 1, 1, 1, 1, 1, 1, 1, 1, 1, 1, 1, 1, 1, 1, 1, 1, 1, 1, 1, 1, 1, 1, 1, 1, 1, 1, 1, 1, 1, 1, 1, 1, 1, 1, 1, 1, 1, 1, 1, 1, 1, 1, 1, 1, 1, 1, 1, 1, 1, 1, 1, 1, 1, 1, 1, 1, 1, 1, 1, 1, 1, 1, 1, 1, 1, 1, 1, 1, 1, 1, 1, 1, 1, 1, 1, 1, 1, 1, 1, 1, 1, 1, 1, 1, 1, 1, 1, 1, 1, 1, 1, 1, 1, 1, 1, 1, 1, 1, 1, 1, 1, 1, 1, 1, 1, 1, 1, 1, 1, 1, 1, 1, 1, 1, 1, 1, 1, 1, 1, 1, 1, 1, 1, 1, 1, 1, 1, 1, 1, 1, 1, 1, 1, 1, 1, 1, 1, 1, 1]
dp_list[1, 1, 1, 1, 1, 1, 1, 1, 1, 1, 1, 1, 1, 1, 1, 1, 1, 1, 1, 1, 1, 1, 1, 1, 1, 1, 1, 1, 1, 1, 1, 1, 1, 1, 1, 1, 1, 1, 1, 1, 1, 1, 1, 1, 1, 1, 1, 1, 1, 1, 1, 1, 1, 1, 1, 1, 1, 1, 1, 1, 1, 1, 1, 1, 1, 1, 1, 1, 1, 1, 1, 1, 1, 1, 1, 1, 1, 1, 1, 1, 1, 1, 1, 1, 1, 1, 1, 1, 1, 1, 1, 1, 1, 1, 1, 1, 1, 1, 1, 1, 1, 1, 1, 1, 1, 1, 1, 1, 1, 1, 1, 1, 1, 1, 1, 1, 1, 1, 1, 1, 1, 1, 1, 1, 1, 1, 1, 1, 1, 1, 1, 1, 1, 1, 1, 1, 1, 1, 1, 1, 1, 1, 1, 1, 1, 1, 1, 1, 1, 1, 1, 1, 1, 1, 1, 1, 1, 1, 1, 1, 1, 1, 1, 1, 1, 1, 1, 1, 1, 1, 1, 1, 1, 1, 1, 1, 1, 1, 1, 1, 1, 1, 1, 1, 1, 1, 1, 1, 1, 1, 1, 1, 1, 1, 1, 1, 1, 1, 1, 1, 1, 1, 1, 1, 1, 1, 1, 1, 1, 1, 1, 1, 1, 1, 1, 1, 1, 1, 1, 1, 1, 1, 1, 1, 1, 1, 1, 1, 1, 1, 1, 1, 1, 1, 1, 1, 1, 1, 1, 1, 1, 1, 1, 1, 1, 1, 1, 1, 1, 1, 1, 1, 1, 1, 1, 1, 1, 1, 1, 1, 1, 1, 1, 1, 1, 1, 1, 1, 1, 1, 1, 1, 1, 1, 1, 1, 1, 1, 1, 1, 1, 1, 1, 1, 1, 1, 1, 1, 1, 1, 1, 1, 1, 1, 1, 1, 1, 1, 1, 1, 1, 1, 1, 1, 1, 1, 1, 1, 1, 1, 1, 1, 1, 1, 1, 1, 1, 1, 1, 1, 1, 1, 1, 1, 1, 1, 1, 1, 1, 1, 1, 1, 1, 1, 1, 1, 1, 1, 1, 1, 1, 1, 1, 1, 1, 1, 1, 1, 1, 1, 1, 1, 1, 1, 1, 1, 1, 1, 1, 1, 1, 1, 1, 1, 1, 1, 1, 1, 1, 1, 1, 1, 1, 1, 1, 1, 1, 1, 1, 1, 1, 1, 1, 1, 1, 1, 1, 1, 1, 1, 1, 1, 1, 1, 1, 1, 1, 1, 1, 1, 1, 1, 1, 1, 1, 1, 1, 1, 1, 1, 1, 1, 1, 1, 1, 1, 1, 1, 1]
algo_list[0, 0, 0, 0, 0, 0, 0, 0, 0, 0, 0, 0, 0, 0, 0, 0, 0, 0, 0, 0, 0, 0, 0, 0, 0, 0, 0, 0, 0, 0, 0, 0, 0, 0, 0, 0, 0, 0, 0, 0, 0, 0, 0, 0, 0, 0, 0, 0, 0, 0, 0, 0, 0, 0, 0, 0, 0, 0, 0, 0, 0, 0, 0, 0, 0, 0, 0, 0, 0, 0, 0, 0, 0, 0, 0, 0, 0, 0, 0, 0, 0, 0, 0, 0, 0, 0, 0, 0, 0, 0, 0, 0, 0, 0, 0, 0, 0, 0, 0, 0, 0, 0, 0, 0, 0, 0, 0, 0, 0, 0, 0, 0, 0, 0, 0, 0, 0, 0, 0, 0, 0, 0, 0, 0, 0, 0, 0, 0, 0, 0, 0, 0, 0, 0, 0, 0, 0, 0, 0, 0, 0, 0, 0, 0, 0, 0, 0, 0, 0, 0, 0, 0, 0, 0, 0, 0, 0, 0, 0, 0, 0, 0, 0, 0, 0, 0, 0, 0, 0, 0, 0, 0, 0, 0, 0, 0, 0, 0, 0, 0, 0, 0, 0, 0, 0, 0, 0, 0, 0, 0, 0, 0, 0, 0, 0, 0, 0, 0, 0, 0, 0, 0, 0, 0, 0, 0, 0, 0, 0, 0, 0, 0, 0, 0, 0, 0, 0, 0, 0, 0, 0, 0, 0, 0, 0, 0, 0, 0, 0, 0, 0, 0, 0, 0, 0, 0, 0, 0, 0, 0, 0, 0, 0, 0, 0, 0, 0, 0, 0, 0, 0, 0, 0, 0, 0, 0, 0, 0, 0, 0, 0, 0, 0, 0, 0, 0, 0, 0, 0, 0, 0, 0, 0, 0, 0, 0, 0, 0, 0, 0, 0, 0, 0, 0, 0, 0, 0, 0, 0, 0, 0, 0, 0, 0, 0, 0, 0, 0, 0, 0, 0, 0, 0, 0, 0, 0, 0, 0, 0, 0, 0, 0, 0, 0, 0, 0, 0, 0, 0, 0, 0, 0, 0, 0, 0, 0, 0, 0, 0, 0, 0, 0, 0, 0, 0, 0, 0, 0, 0, 0, 0, 0, 0, 0, 0, 0, 0, 0, 0, 0, 0, 0, 0, 0, 0, 0, 0, 0, 0, 0, 0, 0, 0, 0, 0, 0, 0, 0, 0, 0, 0, 0, 0, 0, 0, 0, 0, 0, 0, 0, 0, 0, 0, 0, 0, 0, 0, 0, 0, 0, 0, 0, 0, 0, 0, 0, 0, 0, 0, 0, 0, 0, 0, 0, 0, 0, 0, 0, 0, 0, 0, 0, 0, 0, 0, 0, 0, 0, 0]

decode|162819.52|47941.38| op = [51, 50, 52, 53, 54, 56, 54, 49]| tp = [1, 1, 1, 1, 1, 1, 1, 1, ] | dp = [1, 1, 1, 1, 1, 1, 1, 1, ] | algo = [0, 0, 0, 0, 0, 0, 0, 0, ] | rc = [36, 30, 27, 26, 20, 18, 18, 6] | gpus = [1, 1, 1, 1, 1, 1, 1, 1] | micro_bs = 8 | time = [158538, 153838, 158886, 162819, 154921, 159271, 162745, 158883] | memory = [47300, 47941, 47382, 47541, 47060, 47223, 47490, 47717]
验证解
line465:max stage:3, min stage:1, max_value:162819.5164578362, min_value:153838.62589482166
fix|162746.09|47717.20| op = [51, 51, 52, 52, 54, 56, 54, 49]| tp = [1, 1, 1, 1, 1, 1, 1, 1, ] | dp = [1, 1, 1, 1, 1, 1, 1, 1, ] | algo = [0, 0, 0, 0, 0, 0, 0, 0, ] | rc = [36, 39, 27, 24, 20, 18, 18, 6] | gpus = [1, 1, 1, 1, 1, 1, 1, 1] | micro_bs = 8 | time = [158539, 162643, 159648, 153806, 154922, 159272, 162746, 158884] | memory = [47300, 46657, 47142, 47701, 47060, 47223, 47490, 47717]
cv:0.01880205288158141
line465:max stage:6, min stage:3, max_value:162746.0864964344, min_value:153806.8684955246
fix|162636.40|47717.20| op = [51, 51, 52, 53, 54, 56, 53, 49]| tp = [1, 1, 1, 1, 1, 1, 1, 1, ] | dp = [1, 1, 1, 1, 1, 1, 1, 1, ] | algo = [0, 0, 0, 0, 0, 0, 0, 0, ] | rc = [36, 39, 27, 26, 18, 16, 17, 6] | gpus = [1, 1, 1, 1, 1, 1, 1, 1] | micro_bs = 8 | time = [158532, 162636, 159641, 156751, 152550, 159482, 158560, 158878] | memory = [47300, 46657, 47142, 47701, 47540, 47583, 47490, 47717]
cv:0.0169814535577815
line465:max stage:1, min stage:4, max_value:162636.39607570955, min_value:152550.10923251812
fix|162812.18|47941.38| op = [51, 50, 52, 53, 55, 56, 53, 49]| tp = [1, 1, 1, 1, 1, 1, 1, 1, ] | dp = [1, 1, 1, 1, 1, 1, 1, 1, ] | algo = [0, 0, 0, 0, 0, 0, 0, 0, ] | rc = [36, 30, 27, 26, 20, 16, 17, 6] | gpus = [1, 1, 1, 1, 1, 1, 1, 1] | micro_bs = 8 | time = [158531, 153831, 158879, 162812, 155127, 159480, 158558, 158876] | memory = [47300, 47941, 47382, 47541, 47540, 47583, 47490, 47717]
cv:0.016196887523131195
line465:max stage:3, min stage:1, max_value:162812.18154464243, min_value:153831.29098162788
fix|162635.67|47717.20| op = [51, 51, 52, 52, 55, 56, 53, 49]| tp = [1, 1, 1, 1, 1, 1, 1, 1, ] | dp = [1, 1, 1, 1, 1, 1, 1, 1, ] | algo = [0, 0, 0, 0, 0, 0, 0, 0, ] | rc = [36, 39, 27, 24, 20, 16, 17, 6] | gpus = [1, 1, 1, 1, 1, 1, 1, 1] | micro_bs = 8 | time = [158532, 162635, 159640, 153799, 155128, 159482, 158559, 158877] | memory = [47300, 46657, 47142, 47701, 47540, 47583, 47490, 47717]
cv:0.01621844919067385
line465:max stage:1, min stage:3, max_value:162635.66724431625, min_value:153799.53358233083
fix|162812.18|47941.38| op = [51, 50, 52, 53, 55, 56, 53, 49]| tp = [1, 1, 1, 1, 1, 1, 1, 1, ] | dp = [1, 1, 1, 1, 1, 1, 1, 1, ] | algo = [0, 0, 0, 0, 0, 0, 0, 0, ] | rc = [36, 30, 27, 26, 20, 16, 17, 6] | gpus = [1, 1, 1, 1, 1, 1, 1, 1] | micro_bs = 8 | time = [158531, 153831, 158879, 162812, 155127, 159480, 158558, 158876] | memory = [47300, 47941, 47382, 47541, 47540, 47583, 47490, 47717]
cv:0.016196887523131195
line465:max stage:3, min stage:1, max_value:162812.18154464243, min_value:153831.29098162788
best|162635.67|47717.20| op = [51, 51, 52, 52, 55, 56, 53, 49]| tp = [1, 1, 1, 1, 1, 1, 1, 1, ] | dp = [1, 1, 1, 1, 1, 1, 1, 1, ] | algo = [0, 0, 0, 0, 0, 0, 0, 0, ] | rc = [36, 39, 27, 24, 20, 16, 17, 6] | gpus = [1, 1, 1, 1, 1, 1, 1, 1] | micro_bs = 8 | time = [158532, 162635, 159640, 153799, 155128, 159482, 158559, 158877] | memory = [47300, 46657, 47142, 47701, 47540, 47583, 47490, 47717]
line146:config.memory_list:[47300.496000000014, 46657.875, 47142.11999999998, 47701.099999999984, 47540.07999999999, 47583.375, 47490.0, 47717.203]
line147:config.time_list:[158532.2123707762, 162635.66724431625, 159640.93197033083, 153799.53358233083, 155128.4736951394, 159482.02616409428, 158559.7930722406, 158877.5811301004]
求解成功
config has been saved to /home/liminglong.lml/sxz/SuperScaler/logs-large/aceso/configs/mbs/4096/gpt_2_6B_8stages_2026-5-15-13-22-44.json

========== Best Result (num_stages = 8) ==========
|162635.67|47717.20| op = [51, 51, 52, 52, 55, 56, 53, 49]| tp = [1, 1, 1, 1, 1, 1, 1, 1, ] | dp = [1, 1, 1, 1, 1, 1, 1, 1, ] | algo = [0, 0, 0, 0, 0, 0, 0, 0, ] | rc = [36, 39, 27, 24, 20, 16, 17, 6] | gpus = [1, 1, 1, 1, 1, 1, 1, 1] | micro_bs = 8 | time = [158532, 162635, 159640, 153799, 155128, 159482, 158559, 158877] | memory = [47300, 46657, 47142, 47701, 47540, 47583, 47490, 47717]
start|176304.01|47817.33| op = [52, 52, 52, 52, 52, 52, 52, 55]| tp = [1, 1, 1, 1, 1, 1, 1, 1, ] | dp = [1, 1, 1, 1, 1, 1, 1, 1, ] | algo = [0, 0, 0, 0, 0, 0, 0, 0, ] | rc = [38, 36, 27, 24, 16, 14, 10, 12] | gpus = [1, 1, 1, 1, 1, 1, 1, 1] | micro_bs = 8 | time = [163252, 161902, 158825, 153451, 144566, 142172, 137385, 176304] | memory = [47779, 46939, 47382, 46501, 46660, 46563, 46466, 47817]
fix|173570.23|47937.33| op = [52, 52, 52, 52, 52, 52, 53, 54]| tp = [1, 1, 1, 1, 1, 1, 1, 1, ] | dp = [1, 1, 1, 1, 1, 1, 1, 1, ] | algo = [0, 0, 0, 0, 0, 0, 0, 0, ] | rc = [38, 36, 27, 24, 16, 14, 10, 10] | gpus = [1, 1, 1, 1, 1, 1, 1, 1] | micro_bs = 8 | time = [163247, 161897, 158820, 153446, 144561, 142167, 137593, 173570] | memory = [47779, 46939, 47382, 46501, 46660, 46563, 46706, 47937]
fix|173371.73|47937.20| op = [52, 52, 52, 52, 52, 52, 54, 53]| tp = [1, 1, 1, 1, 1, 1, 1, 1, ] | dp = [1, 1, 1, 1, 1, 1, 1, 1, ] | algo = [0, 0, 0, 0, 0, 0, 0, 0, ] | rc = [38, 36, 27, 24, 16, 14, 10, 10] | gpus = [1, 1, 1, 1, 1, 1, 1, 1] | micro_bs = 8 | time = [163248, 161898, 158820, 153446, 144562, 142168, 138087, 173371] | memory = [47779, 46939, 47382, 46501, 46660, 46563, 46866, 47937]
fix|166847.35|47877.20| op = [52, 52, 52, 52, 52, 52, 55, 52]| tp = [1, 1, 1, 1, 1, 1, 1, 1, ] | dp = [1, 1, 1, 1, 1, 1, 1, 1, ] | algo = [0, 0, 0, 0, 0, 0, 0, 0, ] | rc = [38, 36, 27, 24, 16, 14, 10, 8] | gpus = [1, 1, 1, 1, 1, 1, 1, 1] | micro_bs = 8 | time = [163245, 161895, 158817, 153443, 144559, 142165, 143049, 166847] | memory = [47779, 46939, 47382, 46501, 46660, 46563, 47646, 47877]
fix|169277.63|47779.62| op = [52, 52, 52, 52, 52, 53, 55, 51]| tp = [1, 1, 1, 1, 1, 1, 1, 1, ] | dp = [1, 1, 1, 1, 1, 1, 1, 1, ] | algo = [0, 0, 0, 0, 0, 0, 0, 0, ] | rc = [38, 36, 27, 24, 16, 14, 12, 9] | gpus = [1, 1, 1, 1, 1, 1, 1, 1] | micro_bs = 8 | time = [163267, 161917, 158839, 153465, 144581, 142401, 151707, 169277] | memory = [47779, 46939, 47382, 46501, 46660, 46923, 47246, 47717]
fix|165096.84|47779.62| op = [52, 52, 52, 52, 52, 54, 55, 50]| tp = [1, 1, 1, 1, 1, 1, 1, 1, ] | dp = [1, 1, 1, 1, 1, 1, 1, 1, ] | algo = [0, 0, 0, 0, 0, 0, 0, 0, ] | rc = [38, 36, 27, 24, 16, 14, 12, 8] | gpus = [1, 1, 1, 1, 1, 1, 1, 1] | micro_bs = 8 | time = [163265, 161915, 158837, 153464, 144579, 142892, 154452, 165096] | memory = [47779, 46939, 47382, 46501, 46660, 47163, 47246, 47717]
fix|163278.80|47810.00| op = [52, 52, 52, 52, 52, 55, 55, 49]| tp = [1, 1, 1, 1, 1, 1, 1, 1, ] | dp = [1, 1, 1, 1, 1, 1, 1, 1, ] | algo = [0, 0, 0, 0, 0, 0, 0, 0, ] | rc = [38, 36, 27, 24, 16, 16, 17, 6] | gpus = [1, 1, 1, 1, 1, 1, 1, 1] | micro_bs = 8 | time = [163278, 161928, 158851, 153477, 144592, 150091, 160301, 158848] | memory = [47779, 46939, 47382, 46501, 46660, 47223, 47810, 47717]
fix|163627.21|47810.00| op = [51, 52, 52, 52, 53, 55, 55, 49]| tp = [1, 1, 1, 1, 1, 1, 1, 1, ] | dp = [1, 1, 1, 1, 1, 1, 1, 1, ] | algo = [0, 0, 0, 0, 0, 0, 0, 0, ] | rc = [36, 40, 28, 24, 18, 16, 17, 6] | gpus = [1, 1, 1, 1, 1, 1, 1, 1] | micro_bs = 8 | time = [158519, 163627, 161696, 154531, 152322, 150108, 160317, 158864] | memory = [47300, 46657, 47382, 47701, 47060, 47223, 47810, 47717]
fix|162622.79|47810.00| op = [51, 51, 52, 52, 53, 56, 55, 49]| tp = [1, 1, 1, 1, 1, 1, 1, 1, ] | dp = [1, 1, 1, 1, 1, 1, 1, 1, ] | algo = [0, 0, 0, 0, 0, 0, 0, 0, ] | rc = [36, 39, 27, 24, 18, 18, 17, 6] | gpus = [1, 1, 1, 1, 1, 1, 1, 1] | micro_bs = 8 | time = [158519, 162622, 159628, 153786, 148412, 157821, 160317, 158864] | memory = [47300, 46657, 47142, 47701, 47620, 47623, 47810, 47717]
fix|160311.91|47941.38| op = [51, 50, 52, 52, 54, 56, 55, 49]| tp = [1, 1, 1, 1, 1, 1, 1, 1, ] | dp = [1, 1, 1, 1, 1, 1, 1, 1, ] | algo = [0, 0, 0, 0, 0, 0, 0, 0, ] | rc = [36, 30, 27, 24, 20, 18, 17, 6] | gpus = [1, 1, 1, 1, 1, 1, 1, 1] | micro_bs = 8 | time = [158513, 153813, 158862, 153488, 155344, 157815, 160311, 158858] | memory = [47300, 47941, 47382, 46501, 47060, 47623, 47810, 47717]
best|160311.91|47941.38| op = [51, 50, 52, 52, 54, 56, 55, 49]| tp = [1, 1, 1, 1, 1, 1, 1, 1, ] | dp = [1, 1, 1, 1, 1, 1, 1, 1, ] | algo = [0, 0, 0, 0, 0, 0, 0, 0, ] | rc = [36, 30, 27, 24, 20, 18, 17, 6] | gpus = [1, 1, 1, 1, 1, 1, 1, 1] | micro_bs = 8 | time = [158513, 153813, 158862, 153488, 155344, 157815, 160311, 158858] | memory = [47300, 47941, 47382, 46501, 47060, 47623, 47810, 47717]
decode|162819.52|47941.38| op = [51, 50, 52, 53, 54, 56, 54, 49]| tp = [1, 1, 1, 1, 1, 1, 1, 1, ] | dp = [1, 1, 1, 1, 1, 1, 1, 1, ] | algo = [0, 0, 0, 0, 0, 0, 0, 0, ] | rc = [36, 30, 27, 26, 20, 18, 18, 6] | gpus = [1, 1, 1, 1, 1, 1, 1, 1] | micro_bs = 8 | time = [158538, 153838, 158886, 162819, 154921, 159271, 162745, 158883] | memory = [47300, 47941, 47382, 47541, 47060, 47223, 47490, 47717]
fix|162746.09|47717.20| op = [51, 51, 52, 52, 54, 56, 54, 49]| tp = [1, 1, 1, 1, 1, 1, 1, 1, ] | dp = [1, 1, 1, 1, 1, 1, 1, 1, ] | algo = [0, 0, 0, 0, 0, 0, 0, 0, ] | rc = [36, 39, 27, 24, 20, 18, 18, 6] | gpus = [1, 1, 1, 1, 1, 1, 1, 1] | micro_bs = 8 | time = [158539, 162643, 159648, 153806, 154922, 159272, 162746, 158884] | memory = [47300, 46657, 47142, 47701, 47060, 47223, 47490, 47717]
fix|162636.40|47717.20| op = [51, 51, 52, 53, 54, 56, 53, 49]| tp = [1, 1, 1, 1, 1, 1, 1, 1, ] | dp = [1, 1, 1, 1, 1, 1, 1, 1, ] | algo = [0, 0, 0, 0, 0, 0, 0, 0, ] | rc = [36, 39, 27, 26, 18, 16, 17, 6] | gpus = [1, 1, 1, 1, 1, 1, 1, 1] | micro_bs = 8 | time = [158532, 162636, 159641, 156751, 152550, 159482, 158560, 158878] | memory = [47300, 46657, 47142, 47701, 47540, 47583, 47490, 47717]
fix|162812.18|47941.38| op = [51, 50, 52, 53, 55, 56, 53, 49]| tp = [1, 1, 1, 1, 1, 1, 1, 1, ] | dp = [1, 1, 1, 1, 1, 1, 1, 1, ] | algo = [0, 0, 0, 0, 0, 0, 0, 0, ] | rc = [36, 30, 27, 26, 20, 16, 17, 6] | gpus = [1, 1, 1, 1, 1, 1, 1, 1] | micro_bs = 8 | time = [158531, 153831, 158879, 162812, 155127, 159480, 158558, 158876] | memory = [47300, 47941, 47382, 47541, 47540, 47583, 47490, 47717]
fix|162635.67|47717.20| op = [51, 51, 52, 52, 55, 56, 53, 49]| tp = [1, 1, 1, 1, 1, 1, 1, 1, ] | dp = [1, 1, 1, 1, 1, 1, 1, 1, ] | algo = [0, 0, 0, 0, 0, 0, 0, 0, ] | rc = [36, 39, 27, 24, 20, 16, 17, 6] | gpus = [1, 1, 1, 1, 1, 1, 1, 1] | micro_bs = 8 | time = [158532, 162635, 159640, 153799, 155128, 159482, 158559, 158877] | memory = [47300, 46657, 47142, 47701, 47540, 47583, 47490, 47717]
best|162635.67|47717.20| op = [51, 51, 52, 52, 55, 56, 53, 49]| tp = [1, 1, 1, 1, 1, 1, 1, 1, ] | dp = [1, 1, 1, 1, 1, 1, 1, 1, ] | algo = [0, 0, 0, 0, 0, 0, 0, 0, ] | rc = [36, 39, 27, 24, 20, 16, 17, 6] | gpus = [1, 1, 1, 1, 1, 1, 1, 1] | micro_bs = 8 | time = [158532, 162635, 159640, 153799, 155128, 159482, 158559, 158877] | memory = [47300, 46657, 47142, 47701, 47540, 47583, 47490, 47717]

num_targets: []
num_hops: []
search time = 0.00 s.  [0] 
num_explored_cases = 0
time trend: [176304]

stage 8 search time: 0.29 s
# of stages	est_iteration_time(s)	est_thpt(samples/s)	est_mem(MB)	# of explored cases
2          	141.96               	28.85              	47946      	0                  
3          	149.25               	27.44              	47911      	0                  
4          	149.53               	27.39              	47941      	0                  

overall search time: 2.98 s
stage 0 search time: 0.07 s
stage 1 search time: 0.16 s
stage 2 search time: 0.62 s
stage 3 search time: 0.52 s
stage 4 search time: 0.75 s
stage 5 search time: 0.28 s
stage 6 search time: 0.28 s
stage 7 search time: 0.29 s
