------------------------ arguments ------------------------
  adaptive_hyper_parameters ....................... 5
  add_action_finetune_algo ........................ False
  add_action_finetune_dim ......................... False
  add_action_tp_dp_exchange ....................... False
  add_action_tune_tp_dp ........................... False
  check_recompute_with_group ...................... False
  config_save_path ................................ /home/liminglong.lml/sxz/SuperScaler/logs-large/aceso/configs/mbs/512/
  config_suffix ................................... 2026-5-16-3-10-8
  consider_collective_memory ...................... False
  consider_reserved_space ......................... True
  consider_shared_space ........................... True
  continue_when_fail .............................. True
  decoder_seq_len ................................. 512
  end_num_stages .................................. 8
  finetune_after_trial ............................ 0
  finetune_tp_dp_after_trial ...................... False
  flex_recompute .................................. True
  forbid_turn_back ................................ False
  global_batch_size ............................... 512
  high_memory_rate ................................ 0.9
  init_dim ........................................ tp
  initial_point ................................... balance
  log_path ........................................ /home/liminglong.lml/sxz/SuperScaler/logs-large/aceso/search/mbs/512/
  max_num_hops .................................... 7
  max_num_trials .................................. 100
  max_op_move_steps ............................... 5
  max_tp .......................................... 8
  memory_limit .................................... 28000
  memory_main_params .............................. 2
  memory_optimizer ................................ 4
  memory_pred_type ................................ MAX
  micro_batch_size ................................ [1, 2, 4, 8]
  min_mbs ......................................... 1
  model_name ...................................... gpt
  model_size ...................................... 2_6B
  multi_process ................................... True
  num_algos ....................................... 2
  num_gpus ........................................ 8
  num_gpus_per_node ............................... 8
  num_layers ...................................... 32
  num_nodes ....................................... 1
  num_of_saved_configs ............................ 3
  num_partners_in_op_mig .......................... 1
  only_top_1_target ............................... False
  op_group_size ................................... 1
  peak_mem_in_backward ............................ 0
  predict_delta_time .............................. False
  print_debug_info ................................ False
  print_gpu_mig_details ........................... False
  print_move_op_details ........................... False
  print_recomp_debug_info ......................... False
  print_recompute_ops ............................. False
  profiled_time_path .............................. /home/liminglong.lml/sxz/SuperScaler/profiler/profiled-time-eurosys/
  random_order_actions ............................ False
  resharding ...................................... True
  save_to_csv ..................................... None
  seq_len ......................................... 2048
  simple_prim_mbs ................................. False
  simple_prim_mig ................................. False
  sort_metric ..................................... max_stage_time
  start_num_stages ................................ 1
  support_comm_predict ............................ False
  time_budget_per_trial ........................... 200
  time_budget_total ............................... 200
-------------------- end of arguments ---------------------
working on num_stages = 1
config has been saved to /home/liminglong.lml/sxz/SuperScaler/logs-large/aceso/configs/mbs/512/gpt_2_6B_1stages_2026-5-16-3-10-8.json

========== Best Result (num_stages = 1) ==========
|50143.57|27987.07| op = [419]| tp = [2, ] | dp = [4, ] | algo = [0, ] | rc = [201] | gpus = [8] | micro_bs = 4 | time = [50143] | memory = [27987]
start|171451.11|12186.57| op = [419]| tp = [8, ] | dp = [1, ] | algo = [0, ] | rc = [0] | gpus = [8] | micro_bs = 1 | time = [171451] | memory = [12186]

[ Trial 0 ] |171451.11|12186.57| op = [419]| tp = [8, ] | dp = [1, ] | algo = [0, ] | rc = [0] | gpus = [8] | micro_bs = 1 | time = [171451] | memory = [12186]
>>>> [CONFIG: target(0), prim(inc_mbs)]
|86789.17|21997.09| op = [419]| tp = [4, ] | dp = [2, ] | algo = [0, ] | rc = [0] | gpus = [8] | micro_bs = 2 | time = [86789] | memory = [21997]

[ Trial 1 ] |86789.17|21997.09| op = [419]| tp = [4, ] | dp = [2, ] | algo = [0, ] | rc = [0] | gpus = [8] | micro_bs = 2 | time = [86789] | memory = [21997]
>>>> [CONFIG: target(0), prim(inc_mbs)]
|50143.57|27987.07| op = [419]| tp = [2, ] | dp = [4, ] | algo = [0, ] | rc = [201] | gpus = [8] | micro_bs = 4 | time = [50143] | memory = [27987]

num_targets: [1, 1]
num_hops: [1, 1]
search time = 0.34 s.  [0, 1, 2, 3, 4, 5, 6, 7, 8, 9, 10, 11, 12, 13, 14, 15, 16, 17, 18, 19, 20, 21, 22, 23] 
num_explored_cases = 46
time trend: [171451, 86789, 50143, 50143, 50143, 50143, 50143, 50143, 50143, 56342, 56342, 56342, 56342, 56342, 86789, 86789, 86789, 86789, 86789, 171451, 171451, 171451, 171451, 171451]

working on num_stages = 2
config has been saved to /home/liminglong.lml/sxz/SuperScaler/logs-large/aceso/configs/mbs/512/gpt_2_6B_2stages_2026-5-16-3-10-8.json

========== Best Result (num_stages = 2) ==========
|21193.79|27967.56| op = [208, 211]| tp = [1, 1, ] | dp = [4, 4, ] | algo = [0, 0, ] | rc = [144, 74] | gpus = [4, 4] | micro_bs = 4 | time = [21193, 20544] | memory = [27844, 27967]
start|87735.71|15939.58| op = [209, 210]| tp = [4, 4, ] | dp = [1, 1, ] | algo = [0, 0, ] | rc = [0, 0] | gpus = [4, 4] | micro_bs = 1 | time = [86431, 87735] | memory = [15939, 11011]

[ Trial 0 ] |87735.71|15939.58| op = [209, 210]| tp = [4, 4, ] | dp = [1, 1, ] | algo = [0, 0, ] | rc = [0, 0] | gpus = [4, 4] | micro_bs = 1 | time = [86431, 87735] | memory = [15939, 11011]
>>>> [CONFIG: target(1), prim(inc_mbs)]
|46150.12|27502.08| op = [209, 210]| tp = [2, 2, ] | dp = [2, 2, ] | algo = [0, 0, ] | rc = [8, 0] | gpus = [4, 4] | micro_bs = 2 | time = [45392, 46150] | memory = [27502, 20881]

[ Trial 1 ] |46150.12|27502.08| op = [209, 210]| tp = [2, 2, ] | dp = [2, 2, ] | algo = [0, 0, ] | rc = [8, 0] | gpus = [4, 4] | micro_bs = 2 | time = [45392, 46150] | memory = [27502, 20881]
>>>> [CONFIG: target(1), prim(inc_mbs)]
|21203.86|27982.55| op = [209, 210]| tp = [1, 1, ] | dp = [4, 4, ] | algo = [0, 0, ] | rc = [144, 72] | gpus = [4, 4] | micro_bs = 4 | time = [21203, 20465] | memory = [27874, 27982]

[ Trial 2 ] |21203.86|27982.55| op = [209, 210]| tp = [1, 1, ] | dp = [4, 4, ] | algo = [0, 0, ] | rc = [144, 72] | gpus = [4, 4] | micro_bs = 4 | time = [21203, 20465] | memory = [27874, 27982]
>>>> [CONFIG: target(0), prim(inc_mbs)]
|22817.59|27224.18| op = [209, 210]| tp = [1, 1, ] | dp = [4, 4, ] | algo = [0, 0, ] | rc = [207, 208] | gpus = [4, 4] | micro_bs = 8 | time = [21697, 22817] | memory = [27044, 27224]
>>>> [CONFIG: target(1), prim(dec_op)]
|22503.97|27398.64| op = [213, 206]| tp = [1, 1, ] | dp = [4, 4, ] | algo = [0, 0, ] | rc = [211, 205] | gpus = [4, 4] | micro_bs = 8 | time = [22288, 22503] | memory = [27381, 27398]
>>>> [CONFIG: target(1), prim(dec_mbs)]
|22015.54|27991.04| op = [213, 206]| tp = [1, 1, ] | dp = [4, 4, ] | algo = [0, 0, ] | rc = [168, 64] | gpus = [4, 4] | micro_bs = 4 | time = [22015, 19984] | memory = [27966, 27991]
>>>> [CONFIG: target(0), prim(dec_mbs)]
|46532.24|26824.86| op = [213, 206]| tp = [2, 2, ] | dp = [2, 2, ] | algo = [0, 0, ] | rc = [12, 0] | gpus = [4, 4] | micro_bs = 2 | time = [46532, 45451] | memory = [26824, 20692]
>>>> [CONFIG: target(0), prim(dec_op)]
|46088.89|27144.86| op = [211, 208]| tp = [2, 2, ] | dp = [2, 2, ] | algo = [0, 0, ] | rc = [10, 0] | gpus = [4, 4] | micro_bs = 2 | time = [46088, 45601] | memory = [27144, 20702]
>>>> [CONFIG: target(0), prim(inc_mbs)]
|21682.03|27971.04| op = [211, 208]| tp = [1, 1, ] | dp = [4, 4, ] | algo = [0, 0, ] | rc = [171, 66] | gpus = [4, 4] | micro_bs = 4 | time = [21682, 20113] | memory = [27946, 27971]
>>>> [CONFIG: target(0), prim(inc_mbs)]
|22637.29|27501.66| op = [211, 208]| tp = [1, 1, ] | dp = [4, 4, ] | algo = [0, 0, ] | rc = [209, 207] | gpus = [4, 4] | micro_bs = 8 | time = [21913, 22637] | memory = [27501, 26926]

[ Trial 3 ] |22637.29|27501.66| op = [211, 208]| tp = [1, 1, ] | dp = [4, 4, ] | algo = [0, 0, ] | rc = [209, 207] | gpus = [4, 4] | micro_bs = 8 | time = [21913, 22637] | memory = [27501, 26926]
>>>> [CONFIG: target(1), prim(dec_op)]
|22453.92|29685.66| op = [214, 205]| tp = [1, 1, ] | dp = [4, 4, ] | algo = [0, 0, ] | rc = [212, 203] | gpus = [4, 4] | micro_bs = 8 | time = [22453, 22308] | memory = [29685, 27418]
>>>> [CONFIG: target(0), prim(dec_mbs)]
|23371.44|27991.04| op = [214, 205]| tp = [1, 1, ] | dp = [4, 4, ] | algo = [0, 0, ] | rc = [212, 62] | gpus = [4, 4] | micro_bs = 4 | time = [23371, 19792] | memory = [26983, 27991]
>>>> [CONFIG: target(0), prim(inc_mbs)]
|46159.44|27418.64| op = [214, 205]| tp = [2, 1, ] | dp = [2, 4, ] | algo = [0, 0, ] | rc = [146, 203] | gpus = [4, 4] | micro_bs = 8 | time = [46159, 22678] | memory = [26780, 27418]
>>>> [CONFIG: target(0), prim(dec_op)]
|30065.89|33826.64| op = [146, 273]| tp = [2, 1, ] | dp = [2, 4, ] | algo = [0, 0, ] | rc = [36, 273] | gpus = [4, 4] | micro_bs = 8 | time = [30065, 29994] | memory = [27913, 33826]
>>>> [CONFIG: target(1), prim(dec_op)]
|44358.54|27968.17| op = [208, 211]| tp = [2, 1, ] | dp = [2, 4, ] | algo = [0, 0, ] | rc = [105, 210] | gpus = [4, 4] | micro_bs = 8 | time = [44358, 23200] | memory = [27968, 27254]
>>>> [CONFIG: target(0), prim(dec_mbs)]
|21193.79|27967.56| op = [208, 211]| tp = [1, 1, ] | dp = [4, 4, ] | algo = [0, 0, ] | rc = [144, 74] | gpus = [4, 4] | micro_bs = 4 | time = [21193, 20544] | memory = [27844, 27967]

num_targets: [1, 1, 1]
num_hops: [1, 1, 6]
search time = 11.99 s.  [0, 1, 2, 3, 4, 5, 6, 7, 8, 9, 10, 11, 12, 13, 14, 15, 16, 17, 18, 19, 20, 21, 22, 23, 24, 25, 26, 27, 28, 29, 30, 31, 32, 33, 34, 35, 36, 37, 38, 39, 40, 41, 42, 43, 44, 45, 46, 47, 48, 49, 50, 51, 52, 53, 54, 55, 56, 57, 58, 59, 60, 64, 65, 66, 67, 68, 69, 70, 71, 72, 73, 74, 75, 76, 77, 78, 79, 80, 81, 82, 83, 84, 85, 86, 87, 88, 89, 90, 91, 92, 93, 94, 95, 96, 97, 98, 99, 100, 101, 102, 103] 
num_explored_cases = 1264
time trend: [87735, 46150, 21203, 21203, 21193, 21193, 21193, 21193, 21193, 21193, 21193, 21203, 21203, 21203, 21203, 21203, 21223, 21223, 21223, 21223, 21223, 21682, 21682, 21682, 21682, 21682, 22015, 22015, 22015, 22015, 22015, 22503, 22503, 22503, 22503, 22503, 22637, 22637, 22637, 22637, 22637, 22810, 22810, 22810, 22810, 22810, 22817, 22817, 22817, 22817, 22817, 22846, 22846, 22846, 22846, 22846, 23371, 23371, 23371, 23371, 23371, 22386, 22195, 22195, 22195, 22195, 22195, 22195, 22386, 22386, 22386, 22386, 22386, 22440, 22440, 22440, 22440, 22440, 22329, 22329, 22329, 22329, 22329, 22329, 22492, 22492, 22492, 22492, 22492, 22528, 22528, 22528, 22528, 25117, 25117, 25117, 25117, 25117, 37793, 37793, 37793]

working on num_stages = 8
config has been saved to /home/liminglong.lml/sxz/SuperScaler/logs-large/aceso/configs/mbs/512/gpt_2_6B_8stages_2026-5-16-3-10-8.json

========== Best Result (num_stages = 8) ==========
|18207.71|27995.82| op = [49, 50, 55, 57, 54, 55, 57, 42]| tp = [1, 1, 1, 1, 1, 1, 1, 1, ] | dp = [1, 1, 1, 1, 1, 1, 1, 1, ] | algo = [0, 0, 0, 0, 0, 0, 0, 0, ] | rc = [8, 6, 4, 0, 0, 0, 0, 0] | gpus = [1, 1, 1, 1, 1, 1, 1, 1] | micro_bs = 1 | time = [17071, 17560, 18161, 18207, 17869, 18082, 18100, 17601] | memory = [21497, 23141, 25182, 27995, 23616, 21060, 15326, 10391]
start|21605.62|26620.67| op = [52, 52, 52, 52, 52, 52, 52, 55]| tp = [1, 1, 1, 1, 1, 1, 1, 1, ] | dp = [1, 1, 1, 1, 1, 1, 1, 1, ] | algo = [0, 0, 0, 0, 0, 0, 0, 0, ] | rc = [8, 6, 4, 0, 0, 0, 0, 0] | gpus = [1, 1, 1, 1, 1, 1, 1, 1] | micro_bs = 1 | time = [18470, 17676, 17310, 16577, 16577, 16577, 16577, 21605] | memory = [23017, 23316, 24392, 26620, 22512, 18404, 14296, 12613]

[ Trial 0 ] |21605.62|26620.67| op = [52, 52, 52, 52, 52, 52, 52, 55]| tp = [1, 1, 1, 1, 1, 1, 1, 1, ] | dp = [1, 1, 1, 1, 1, 1, 1, 1, ] | algo = [0, 0, 0, 0, 0, 0, 0, 0, ] | rc = [8, 6, 4, 0, 0, 0, 0, 0] | gpus = [1, 1, 1, 1, 1, 1, 1, 1] | micro_bs = 1 | time = [18470, 17676, 17310, 16577, 16577, 16577, 16577, 21605] | memory = [23017, 23316, 24392, 26620, 22512, 18404, 14296, 12613]
>>>> [CONFIG: target(7), prim(inc_mbs)]
|20843.60|27601.52| op = [52, 52, 52, 52, 52, 52, 52, 55]| tp = [1, 1, 1, 1, 1, 1, 1, 1, ] | dp = [1, 1, 1, 1, 1, 1, 1, 1, ] | algo = [0, 0, 0, 0, 0, 0, 0, 0, ] | rc = [14, 12, 10, 8, 8, 4, 0, 0] | gpus = [1, 1, 1, 1, 1, 1, 1, 1] | micro_bs = 2 | time = [18561, 17992, 17692, 17391, 17391, 16680, 15969, 20843] | memory = [27362, 27113, 27601, 26553, 22945, 26248, 23792, 18446]

[ Trial 4 ] |20843.60|27601.52| op = [52, 52, 52, 52, 52, 52, 52, 55]| tp = [1, 1, 1, 1, 1, 1, 1, 1, ] | dp = [1, 1, 1, 1, 1, 1, 1, 1, ] | algo = [0, 0, 0, 0, 0, 0, 0, 0, ] | rc = [14, 12, 10, 8, 8, 4, 0, 0] | gpus = [1, 1, 1, 1, 1, 1, 1, 1] | micro_bs = 2 | time = [18561, 17992, 17692, 17391, 17391, 16680, 15969, 20843] | memory = [27362, 27113, 27601, 26553, 22945, 26248, 23792, 18446]
>>>> [CONFIG: target(1), prim(dec_op)]
|18510.30|27820.57| op = [51, 51, 51, 52, 52, 55, 60, 47]| tp = [1, 1, 1, 1, 1, 1, 1, 1, ] | dp = [1, 1, 1, 1, 1, 1, 1, 1, ] | algo = [0, 0, 0, 0, 0, 0, 0, 0, ] | rc = [14, 12, 10, 8, 8, 6, 0, 0] | gpus = [1, 1, 1, 1, 1, 1, 1, 1] | micro_bs = 2 | time = [18012, 18049, 17122, 17394, 17394, 18413, 18307, 18510] | memory = [26802, 26973, 27081, 26553, 22944, 24132, 27820, 16232]
>>>> [CONFIG: target(7), prim(dec_op)]
|18410.87|27961.61| op = [51, 51, 52, 52, 52, 54, 62, 45]| tp = [1, 1, 1, 1, 1, 1, 1, 1, ] | dp = [1, 1, 1, 1, 1, 1, 1, 1, ] | algo = [0, 0, 0, 0, 0, 0, 0, 0, ] | rc = [14, 12, 10, 8, 8, 6, 0, 0] | gpus = [1, 1, 1, 1, 1, 1, 1, 1] | micro_bs = 2 | time = [18014, 18051, 17849, 17549, 17549, 17843, 18410, 18410] | memory = [26802, 26973, 27961, 26853, 23185, 23672, 27920, 16182]
>>>> [CONFIG: target(7), prim(inc_mbs)]
|21909.76|27971.10| op = [51, 51, 52, 52, 52, 54, 62, 45]| tp = [1, 1, 1, 1, 1, 1, 1, 1, ] | dp = [1, 1, 1, 1, 1, 1, 1, 1, ] | algo = [0, 0, 0, 0, 0, 0, 0, 0, ] | rc = [36, 29, 25, 20, 16, 14, 18, 0] | gpus = [1, 1, 1, 1, 1, 1, 1, 1] | micro_bs = 4 | time = [20943, 21221, 20534, 19791, 19296, 19672, 21909, 18917] | memory = [26890, 27971, 27891, 27850, 26210, 27041, 27921, 25964]
>>>> [CONFIG: target(6), prim(dec_op)]
|21194.15|27850.48| op = [51, 50, 49, 54, 54, 54, 57, 50]| tp = [1, 1, 1, 1, 1, 1, 1, 1, ] | dp = [1, 1, 1, 1, 1, 1, 1, 1, ] | algo = [0, 0, 0, 0, 0, 0, 0, 0, ] | rc = [36, 24, 24, 20, 16, 14, 14, 4] | gpus = [1, 1, 1, 1, 1, 1, 1, 1] | micro_bs = 4 | time = [20943, 19939, 20039, 19926, 19909, 19673, 20764, 21194] | memory = [26890, 27811, 27190, 27850, 26770, 27041, 27781, 27268]
>>>> [CONFIG: target(7), prim(dec_mbs)]
|19988.06|27081.30| op = [51, 50, 49, 54, 54, 54, 57, 50]| tp = [1, 1, 1, 1, 1, 1, 1, 1, ] | dp = [1, 1, 1, 1, 1, 1, 1, 1, ] | algo = [0, 0, 0, 0, 0, 0, 0, 0, ] | rc = [14, 12, 10, 8, 8, 6, 0, 0] | gpus = [1, 1, 1, 1, 1, 1, 1, 1] | micro_bs = 2 | time = [18016, 17328, 17434, 17589, 18154, 17845, 17871, 19988] | memory = [26802, 26013, 27081, 26903, 23665, 23672, 25336, 18036]
>>>> [CONFIG: target(7), prim(dec_mbs)]
|20625.53|26845.64| op = [51, 50, 49, 54, 54, 54, 57, 50]| tp = [1, 1, 1, 1, 1, 1, 1, 1, ] | dp = [1, 1, 1, 1, 1, 1, 1, 1, ] | algo = [0, 0, 0, 0, 0, 0, 0, 0, ] | rc = [8, 6, 4, 0, 0, 0, 0, 0] | gpus = [1, 1, 1, 1, 1, 1, 1, 1] | micro_bs = 1 | time = [17904, 17018, 17010, 16805, 17355, 17424, 18570, 20625] | memory = [22537, 22566, 24082, 26845, 23072, 19044, 15218, 12258]
>>>> [CONFIG: target(7), prim(dec_op)]
|18931.07|26845.64| op = [51, 50, 49, 54, 56, 57, 58, 44]| tp = [1, 1, 1, 1, 1, 1, 1, 1, ] | dp = [1, 1, 1, 1, 1, 1, 1, 1, ] | algo = [0, 0, 0, 0, 0, 0, 0, 0, ] | rc = [8, 6, 4, 0, 0, 0, 0, 0] | gpus = [1, 1, 1, 1, 1, 1, 1, 1] | micro_bs = 1 | time = [17904, 17018, 17010, 16805, 18027, 18570, 18931, 18446] | memory = [22537, 22566, 24082, 26845, 23672, 19637, 16630, 10871]

[ Trial 18 ] |18931.07|26845.64| op = [51, 50, 49, 54, 56, 57, 58, 44]| tp = [1, 1, 1, 1, 1, 1, 1, 1, ] | dp = [1, 1, 1, 1, 1, 1, 1, 1, ] | algo = [0, 0, 0, 0, 0, 0, 0, 0, ] | rc = [8, 6, 4, 0, 0, 0, 0, 0] | gpus = [1, 1, 1, 1, 1, 1, 1, 1] | micro_bs = 1 | time = [17904, 17018, 17010, 16805, 18027, 18570, 18931, 18446] | memory = [22537, 22566, 24082, 26845, 23672, 19637, 16630, 10871]
>>>> [CONFIG: target(5), prim(inc_mbs)]
|18938.07|27960.56| op = [51, 50, 49, 54, 56, 57, 58, 44]| tp = [1, 1, 1, 1, 1, 1, 1, 1, ] | dp = [1, 1, 1, 1, 1, 1, 1, 1, ] | algo = [0, 0, 0, 0, 0, 0, 0, 0, ] | rc = [14, 12, 10, 8, 8, 6, 0, 0] | gpus = [1, 1, 1, 1, 1, 1, 1, 1] | micro_bs = 2 | time = [18016, 17328, 17434, 17589, 18804, 18938, 18275, 17841] | memory = [26802, 26013, 27081, 26903, 24465, 24958, 27960, 15762]
>>>> [CONFIG: target(5), prim(inc_mbs)]
|21769.27|27970.23| op = [51, 50, 49, 54, 56, 57, 58, 44]| tp = [1, 1, 1, 1, 1, 1, 1, 1, ] | dp = [1, 1, 1, 1, 1, 1, 1, 1, ] | algo = [0, 0, 0, 0, 0, 0, 0, 0, ] | rc = [36, 24, 24, 20, 16, 16, 18, 0] | gpus = [1, 1, 1, 1, 1, 1, 1, 1] | micro_bs = 4 | time = [20945, 19941, 20041, 19928, 20582, 21090, 21769, 18332] | memory = [26890, 27811, 27190, 27850, 27970, 26641, 27901, 25524]
>>>> [CONFIG: target(6), prim(dec_op)]
|20503.48|27971.04| op = [49, 49, 52, 54, 55, 56, 56, 48]| tp = [1, 1, 1, 1, 1, 1, 1, 1, ] | dp = [1, 1, 1, 1, 1, 1, 1, 1, ] | algo = [0, 0, 0, 0, 0, 0, 0, 0, ] | rc = [28, 26, 25, 20, 16, 14, 12, 0] | gpus = [1, 1, 1, 1, 1, 1, 1, 1] | micro_bs = 4 | time = [19714, 20465, 20503, 19910, 19985, 20271, 20154, 19160] | memory = [27611, 27971, 27530, 27850, 27410, 27521, 27920, 26204]
>>>> [CONFIG: target(2), prim(dec_mbs)]
|18672.30|27601.49| op = [49, 49, 52, 54, 55, 56, 56, 48]| tp = [1, 1, 1, 1, 1, 1, 1, 1, ] | dp = [1, 1, 1, 1, 1, 1, 1, 1, ] | algo = [0, 0, 0, 0, 0, 0, 0, 0, ] | rc = [14, 12, 10, 8, 8, 6, 0, 0] | gpus = [1, 1, 1, 1, 1, 1, 1, 1] | micro_bs = 2 | time = [17188, 17730, 17694, 17585, 18248, 18436, 17537, 18672] | memory = [25122, 26523, 27601, 26903, 23985, 24062, 27240, 16352]
>>>> [CONFIG: target(7), prim(dec_mbs)]
|19304.08|26845.64| op = [49, 49, 52, 54, 55, 56, 56, 48]| tp = [1, 1, 1, 1, 1, 1, 1, 1, ] | dp = [1, 1, 1, 1, 1, 1, 1, 1, ] | algo = [0, 0, 0, 0, 0, 0, 0, 0, ] | rc = [8, 6, 4, 0, 0, 0, 0, 0] | gpus = [1, 1, 1, 1, 1, 1, 1, 1] | micro_bs = 1 | time = [17069, 17374, 17310, 16803, 17456, 18101, 18178, 19304] | memory = [21497, 22971, 24392, 26845, 23232, 19389, 16020, 11416]
>>>> [CONFIG: target(7), prim(dec_op)]
|18930.73|26845.64| op = [49, 49, 52, 54, 56, 57, 58, 44]| tp = [1, 1, 1, 1, 1, 1, 1, 1, ] | dp = [1, 1, 1, 1, 1, 1, 1, 1, ] | algo = [0, 0, 0, 0, 0, 0, 0, 0, ] | rc = [8, 6, 4, 0, 0, 0, 0, 0] | gpus = [1, 1, 1, 1, 1, 1, 1, 1] | micro_bs = 1 | time = [17071, 17376, 17312, 16805, 18027, 18570, 18930, 18446] | memory = [21497, 22971, 24392, 26845, 23672, 19637, 16630, 10871]
>>>> [CONFIG: target(6), prim(inc_mbs)]
|18937.47|27960.56| op = [49, 49, 52, 54, 56, 57, 58, 44]| tp = [1, 1, 1, 1, 1, 1, 1, 1, ] | dp = [1, 1, 1, 1, 1, 1, 1, 1, ] | algo = [0, 0, 0, 0, 0, 0, 0, 0, ] | rc = [14, 12, 10, 8, 8, 6, 0, 0] | gpus = [1, 1, 1, 1, 1, 1, 1, 1] | micro_bs = 2 | time = [17192, 17734, 17697, 17589, 18803, 18937, 18275, 17840] | memory = [25122, 26523, 27601, 26903, 24465, 24958, 27960, 15762]

[ Trial 19 ] |18937.47|27960.56| op = [49, 49, 52, 54, 56, 57, 58, 44]| tp = [1, 1, 1, 1, 1, 1, 1, 1, ] | dp = [1, 1, 1, 1, 1, 1, 1, 1, ] | algo = [0, 0, 0, 0, 0, 0, 0, 0, ] | rc = [14, 12, 10, 8, 8, 6, 0, 0] | gpus = [1, 1, 1, 1, 1, 1, 1, 1] | micro_bs = 2 | time = [17192, 17734, 17697, 17589, 18803, 18937, 18275, 17840] | memory = [25122, 26523, 27601, 26903, 24465, 24958, 27960, 15762]
>>>> [CONFIG: target(5), prim(inc_mbs)]
|21767.76|27971.04| op = [49, 49, 52, 54, 56, 57, 58, 44]| tp = [1, 1, 1, 1, 1, 1, 1, 1, ] | dp = [1, 1, 1, 1, 1, 1, 1, 1, ] | algo = [0, 0, 0, 0, 0, 0, 0, 0, ] | rc = [28, 26, 25, 20, 16, 16, 18, 0] | gpus = [1, 1, 1, 1, 1, 1, 1, 1] | micro_bs = 4 | time = [19731, 20481, 20520, 19927, 20581, 21089, 21767, 18331] | memory = [27611, 27971, 27530, 27850, 27970, 26641, 27901, 25524]
>>>> [CONFIG: target(6), prim(inc_mbs)]
|26588.69|29732.25| op = [49, 49, 52, 54, 56, 57, 58, 44]| tp = [1, 1, 1, 1, 1, 1, 1, 1, ] | dp = [1, 1, 1, 1, 1, 1, 1, 1, ] | algo = [0, 0, 0, 0, 0, 0, 0, 0, ] | rc = [47, 49, 52, 54, 52, 57, 58, 40] | gpus = [1, 1, 1, 1, 1, 1, 1, 1] | micro_bs = 8 | time = [21935, 23317, 23665, 23941, 25338, 26115, 26588, 24028] | memory = [29618, 28156, 27536, 27116, 28816, 25796, 29732, 27816]
>>>> [CONFIG: target(6), prim(dec_op)]
|26685.47|29618.75| op = [49, 49, 52, 58, 52, 59, 56, 44]| tp = [1, 1, 1, 1, 1, 1, 1, 1, ] | dp = [1, 1, 1, 1, 1, 1, 1, 1, ] | algo = [0, 0, 0, 0, 0, 0, 0, 0, ] | rc = [47, 49, 52, 58, 52, 59, 54, 40] | gpus = [1, 1, 1, 1, 1, 1, 1, 1] | micro_bs = 8 | time = [21915, 23297, 23645, 25809, 23645, 26685, 24485, 24008] | memory = [29618, 28156, 27536, 27716, 26096, 26036, 27236, 27816]
>>>> [CONFIG: target(0), prim(dec_mbs)]
|22435.62|27971.04| op = [49, 49, 52, 58, 52, 59, 56, 44]| tp = [1, 1, 1, 1, 1, 1, 1, 1, ] | dp = [1, 1, 1, 1, 1, 1, 1, 1, ] | algo = [0, 0, 0, 0, 0, 0, 0, 0, ] | rc = [28, 26, 25, 27, 16, 18, 8, 0] | gpus = [1, 1, 1, 1, 1, 1, 1, 1] | micro_bs = 4 | time = [19722, 20473, 20511, 22435, 19164, 21685, 18951, 18322] | memory = [27611, 27971, 27530, 27770, 25730, 26761, 27757, 25524]
>>>> [CONFIG: target(3), prim(dec_mbs)]
|19926.67|27601.49| op = [49, 49, 52, 58, 52, 59, 56, 44]| tp = [1, 1, 1, 1, 1, 1, 1, 1, ] | dp = [1, 1, 1, 1, 1, 1, 1, 1, ] | algo = [0, 0, 0, 0, 0, 0, 0, 0, ] | rc = [14, 12, 10, 10, 8, 10, 0, 0] | gpus = [1, 1, 1, 1, 1, 1, 1, 1] | micro_bs = 2 | time = [17192, 17734, 17697, 19336, 17397, 19926, 16963, 17840] | memory = [25122, 26523, 27601, 26655, 22945, 21562, 24592, 15762]
>>>> [CONFIG: target(5), prim(dec_mbs)]
|18880.37|25841.72| op = [49, 49, 52, 58, 52, 59, 56, 44]| tp = [1, 1, 1, 1, 1, 1, 1, 1, ] | dp = [1, 1, 1, 1, 1, 1, 1, 1, ] | algo = [0, 0, 0, 0, 0, 0, 0, 0, ] | rc = [8, 6, 4, 2, 0, 0, 0, 0] | gpus = [1, 1, 1, 1, 1, 1, 1, 1] | micro_bs = 1 | time = [17070, 17375, 17311, 18649, 16578, 18880, 17610, 18445] | memory = [21497, 22971, 24392, 25841, 22512, 21395, 14946, 10871]
>>>> [CONFIG: target(5), prim(dec_op)]
|18445.04|27695.72| op = [49, 49, 52, 57, 56, 56, 56, 44]| tp = [1, 1, 1, 1, 1, 1, 1, 1, ] | dp = [1, 1, 1, 1, 1, 1, 1, 1, ] | algo = [0, 0, 0, 0, 0, 0, 0, 0, ] | rc = [8, 6, 4, 0, 0, 0, 0, 0] | gpus = [1, 1, 1, 1, 1, 1, 1, 1] | micro_bs = 1 | time = [17069, 17375, 17311, 17713, 18101, 18179, 17610, 18445] | memory = [21497, 22971, 24392, 27695, 23592, 20990, 14946, 10871]

[ Trial 20 ] |18445.04|27695.72| op = [49, 49, 52, 57, 56, 56, 56, 44]| tp = [1, 1, 1, 1, 1, 1, 1, 1, ] | dp = [1, 1, 1, 1, 1, 1, 1, 1, ] | algo = [0, 0, 0, 0, 0, 0, 0, 0, ] | rc = [8, 6, 4, 0, 0, 0, 0, 0] | gpus = [1, 1, 1, 1, 1, 1, 1, 1] | micro_bs = 1 | time = [17069, 17375, 17311, 17713, 18101, 18179, 17610, 18445] | memory = [21497, 22971, 24392, 27695, 23592, 20990, 14946, 10871]
>>>> [CONFIG: target(7), prim(inc_mbs)]
|18962.88|27601.49| op = [49, 49, 52, 57, 56, 56, 56, 44]| tp = [1, 1, 1, 1, 1, 1, 1, 1, ] | dp = [1, 1, 1, 1, 1, 1, 1, 1, ] | algo = [0, 0, 0, 0, 0, 0, 0, 0, ] | rc = [14, 12, 10, 10, 8, 8, 0, 0] | gpus = [1, 1, 1, 1, 1, 1, 1, 1] | micro_bs = 2 | time = [17192, 17734, 17697, 18784, 18795, 18962, 16963, 17840] | memory = [25122, 26523, 27601, 26155, 24405, 24508, 24592, 15762]
>>>> [CONFIG: target(5), prim(inc_mbs)]
|21635.53|27971.04| op = [49, 49, 52, 57, 56, 56, 56, 44]| tp = [1, 1, 1, 1, 1, 1, 1, 1, ] | dp = [1, 1, 1, 1, 1, 1, 1, 1, ] | algo = [0, 0, 0, 0, 0, 0, 0, 0, ] | rc = [28, 26, 25, 26, 16, 18, 8, 0] | gpus = [1, 1, 1, 1, 1, 1, 1, 1] | micro_bs = 4 | time = [19722, 20473, 20511, 21635, 20575, 21050, 18951, 18322] | memory = [27611, 27971, 27530, 27650, 27950, 26041, 27757, 25524]
>>>> [CONFIG: target(3), prim(dec_op)]
|20717.91|27971.04| op = [49, 49, 52, 55, 55, 56, 56, 47]| tp = [1, 1, 1, 1, 1, 1, 1, 1, ] | dp = [1, 1, 1, 1, 1, 1, 1, 1, ] | algo = [0, 0, 0, 0, 0, 0, 0, 0, ] | rc = [28, 26, 25, 22, 16, 16, 13, 0] | gpus = [1, 1, 1, 1, 1, 1, 1, 1] | micro_bs = 4 | time = [19727, 20478, 20516, 20273, 20552, 20717, 20634, 19007] | memory = [27611, 27971, 27530, 27250, 27969, 26641, 27940, 26064]
>>>> [CONFIG: target(5), prim(dec_mbs)]
|18771.74|27601.49| op = [49, 49, 52, 55, 55, 56, 56, 47]| tp = [1, 1, 1, 1, 1, 1, 1, 1, ] | dp = [1, 1, 1, 1, 1, 1, 1, 1, ] | algo = [0, 0, 0, 0, 0, 0, 0, 0, ] | rc = [14, 12, 10, 8, 8, 6, 0, 0] | gpus = [1, 1, 1, 1, 1, 1, 1, 1] | micro_bs = 2 | time = [17192, 17734, 17697, 17660, 18771, 18564, 17821, 18513] | memory = [25122, 26523, 27601, 27003, 24464, 24958, 27300, 16232]
>>>> [CONFIG: target(4), prim(dec_mbs)]
|19122.23|26895.72| op = [49, 49, 52, 55, 55, 56, 56, 47]| tp = [1, 1, 1, 1, 1, 1, 1, 1, ] | dp = [1, 1, 1, 1, 1, 1, 1, 1, ] | algo = [0, 0, 0, 0, 0, 0, 0, 0, ] | rc = [8, 6, 4, 0, 0, 0, 0, 0] | gpus = [1, 1, 1, 1, 1, 1, 1, 1] | micro_bs = 1 | time = [17071, 17376, 17312, 16882, 17981, 18190, 18462, 19122] | memory = [21497, 22971, 24392, 26895, 23672, 19637, 16100, 11306]
>>>> [CONFIG: target(7), prim(dec_op)]
|18207.71|27995.82| op = [49, 50, 55, 57, 54, 55, 57, 42]| tp = [1, 1, 1, 1, 1, 1, 1, 1, ] | dp = [1, 1, 1, 1, 1, 1, 1, 1, ] | algo = [0, 0, 0, 0, 0, 0, 0, 0, ] | rc = [8, 6, 4, 0, 0, 0, 0, 0] | gpus = [1, 1, 1, 1, 1, 1, 1, 1] | micro_bs = 1 | time = [17071, 17560, 18161, 18207, 17869, 18082, 18100, 17601] | memory = [21497, 23141, 25182, 27995, 23616, 21060, 15326, 10391]

num_targets: [1, 1, 1, 1]
num_hops: [1, 2, 6, 6]
search time = 98.48 s.  [0, 1, 2, 4, 6, 17, 18, 20, 23, 25, 28, 29, 32, 36, 38, 43, 44, 47, 50, 52, 54, 56, 58, 59, 60, 61, 62, 64, 65, 67, 70, 72, 73, 74, 78, 80, 82, 84, 85, 88, 89, 90, 92, 93, 95, 101, 103, 104, 106, 107, 108, 110, 111, 112, 114, 115, 117, 118, 119, 121, 122, 123, 124, 125, 126, 127, 128, 129, 130, 131, 132, 133, 134, 135, 136, 137, 138, 139, 140, 141, 142, 143, 144, 145, 146, 147, 148, 149, 150, 151, 152, 153, 154, 155, 156, 157, 158, 159, 160, 161, 162] 
num_explored_cases = 8563
time trend: [21605, 18487, 18332, 18208, 18208, 18283, 18440, 18464, 18332, 18466, 18408, 18487, 18408, 18409, 18509, 18409, 18465, 18439, 18408, 18672, 18408, 18207, 18207, 18930, 18938, 18938, 19001, 18464, 19062, 18445, 18341, 18464, 18931, 19304, 18282, 18408, 18445, 18509, 20669, 18341, 20928, 20930, 18409, 18648, 18340, 18282, 18282, 18931, 18895, 19001, 18436, 18465, 18340, 18340, 18672, 21228, 18672, 18672, 18879, 21775, 21810, 18207, 18207, 18207, 18207, 18207, 18208, 18208, 18208, 18208, 18208, 18282, 18282, 18282, 18282, 18282, 18282, 18282, 18282, 18282, 18282, 18283, 18283, 18283, 18283, 18283, 18331, 18331, 18331, 18331, 18331, 18332, 18332, 18332, 18332, 18332, 18332, 18332, 18332, 18332, 18332]

working on num_stages = 3
config has been saved to /home/liminglong.lml/sxz/SuperScaler/logs-large/aceso/configs/mbs/512/gpt_2_6B_3stages_2026-5-16-3-10-8.json

========== Best Result (num_stages = 3) ==========
|19051.92|27985.49| op = [107, 205, 107]| tp = [1, 1, 1, ] | dp = [2, 4, 2, ] | algo = [0, 0, 0, ] | rc = [30, 68, 10] | gpus = [2, 4, 2] | micro_bs = 4 | time = [18656, 19051, 19026] | memory = [27191, 27985, 26814]
start|63177.54|18765.45| op = [139, 139, 141]| tp = [4, 2, 2, ] | dp = [1, 1, 1, ] | algo = [0, 0, 0, ] | rc = [0, 0, 0] | gpus = [4, 2, 2] | micro_bs = 1 | time = [57547, 59961, 63177] | memory = [14185, 18765, 14587]

[ Trial 0 ] |63177.54|18765.45| op = [139, 139, 141]| tp = [4, 2, 2, ] | dp = [1, 1, 1, ] | algo = [0, 0, 0, ] | rc = [0, 0, 0] | gpus = [4, 2, 2] | micro_bs = 1 | time = [57547, 59961, 63177] | memory = [14185, 18765, 14587]
>>>> [CONFIG: target(2), prim(inc_mbs)]
|30023.97|27818.88| op = [139, 139, 141]| tp = [2, 1, 1, ] | dp = [2, 2, 2, ] | algo = [0, 0, 0, ] | rc = [0, 20, 4] | gpus = [4, 2, 2] | micro_bs = 2 | time = [30023, 23982, 24821] | memory = [26029, 25076, 27818]

[ Trial 1 ] |30023.97|27818.88| op = [139, 139, 141]| tp = [2, 1, 1, ] | dp = [2, 2, 2, ] | algo = [0, 0, 0, ] | rc = [0, 20, 4] | gpus = [4, 2, 2] | micro_bs = 2 | time = [30023, 23982, 24821] | memory = [26029, 25076, 27818]
>>>> [CONFIG: target(0), prim(dec_tp)]
|30055.28|27818.88| op = [139, 139, 141]| tp = [1, 2, 1, ] | dp = [2, 2, 2, ] | algo = [0, 0, 0, ] | rc = [32, 0, 4] | gpus = [2, 4, 2] | micro_bs = 2 | time = [24686, 30055, 24824] | memory = [27704, 18765, 27818]
>>>> [CONFIG: target(1), prim(dec_dp)]
|55541.04|27818.88| op = [139, 139, 141]| tp = [2, 2, 1, ] | dp = [2, 1, 2, ] | algo = [0, 0, 0, ] | rc = [0, 8, 4] | gpus = [4, 2, 2] | micro_bs = 2 | time = [30147, 55541, 24944] | memory = [26029, 26591, 27818]
>>>> [CONFIG: target(1), prim(dec_op)]
|33679.28|27982.97| op = [154, 84, 181]| tp = [2, 2, 1, ] | dp = [2, 1, 2, ] | algo = [0, 0, 0, ] | rc = [4, 0, 33] | gpus = [4, 2, 2] | micro_bs = 2 | time = [33679, 33431, 33641] | memory = [27217, 19246, 27982]
>>>> [CONFIG: target(0), prim(dec_tp)]
|33560.73|27982.97| op = [154, 84, 181]| tp = [1, 2, 1, ] | dp = [2, 2, 2, ] | algo = [0, 0, 0, ] | rc = [42, 0, 33] | gpus = [2, 4, 2] | micro_bs = 2 | time = [27879, 18419, 33560] | memory = [27920, 11598, 27982]
>>>> [CONFIG: target(2), prim(dec_op)]
|26560.24|27870.63| op = [146, 124, 149]| tp = [1, 2, 1, ] | dp = [2, 2, 2, ] | algo = [0, 0, 0, ] | rc = [36, 0, 10] | gpus = [2, 4, 2] | micro_bs = 2 | time = [26116, 26207, 26560] | memory = [27870, 16921, 27473]

[ Trial 2 ] |26560.24|27870.63| op = [146, 124, 149]| tp = [1, 2, 1, ] | dp = [2, 2, 2, ] | algo = [0, 0, 0, ] | rc = [36, 0, 10] | gpus = [2, 4, 2] | micro_bs = 2 | time = [26116, 26207, 26560] | memory = [27870, 16921, 27473]
>>>> [CONFIG: target(2), prim(inc_tp)]
|33534.12|27870.63| op = [146, 124, 149]| tp = [1, 1, 2, ] | dp = [2, 2, 2, ] | algo = [0, 0, 0, ] | rc = [36, 12, 0] | gpus = [2, 2, 4] | micro_bs = 2 | time = [26120, 20490, 33534] | memory = [27870, 26157, 15301]
>>>> [CONFIG: target(2), prim(dec_dp)]
|61348.11|27870.63| op = [146, 124, 149]| tp = [1, 2, 2, ] | dp = [2, 2, 1, ] | algo = [0, 0, 0, ] | rc = [36, 0, 0] | gpus = [2, 4, 2] | micro_bs = 2 | time = [26251, 26343, 61348] | memory = [27870, 16921, 21902]
>>>> [CONFIG: target(2), prim(inc_mbs)]
|28281.29|27974.76| op = [146, 124, 149]| tp = [1, 1, 1, ] | dp = [2, 4, 2, ] | algo = [0, 0, 0, ] | rc = [82, 12, 36] | gpus = [2, 4, 2] | micro_bs = 4 | time = [28281, 10561, 27579] | memory = [27816, 26157, 27974]
>>>> [CONFIG: target(0), prim(dec_op)]
|19051.92|27985.49| op = [107, 205, 107]| tp = [1, 1, 1, ] | dp = [2, 4, 2, ] | algo = [0, 0, 0, ] | rc = [30, 68, 10] | gpus = [2, 4, 2] | micro_bs = 4 | time = [18656, 19051, 19026] | memory = [27191, 27985, 26814]

num_targets: [1, 1, 1]
num_hops: [1, 5, 4]
search time = 200.00 s.  [0, 1, 2, 3, 35, 62, 87, 103, 104, 105, 106, 107, 108, 137, 171, 206, 212, 213, 214, 215, 216, 217, 218, 219, 220] 
num_explored_cases = 15020
time trend: [63177, 30023, 26560, 19051, 19051, 19324, 19324, 19411, 19411, 19411, 19412, 19412, 19412, 19123, 19142, 19142, 19412, 19423, 19423, 19522, 19531, 19601, 19605, 19605, 19605]

working on num_stages = 5
config has been saved to /home/liminglong.lml/sxz/SuperScaler/logs-large/aceso/configs/mbs/512/gpt_2_6B_5stages_2026-5-16-3-10-8.json

========== Best Result (num_stages = 5) ==========
|17860.39|27438.54| op = [54, 53, 104, 111, 97]| tp = [1, 1, 1, 1, 1, ] | dp = [1, 1, 2, 2, 2, ] | algo = [0, 0, 0, 0, 0, ] | rc = [10, 8, 14, 4, 0] | gpus = [1, 1, 2, 2, 2] | micro_bs = 2 | time = [17860, 17785, 17796, 17791, 17684] | memory = [26635, 23484, 24008, 27438, 20289]
start|36626.11|22828.38| op = [83, 83, 83, 83, 87]| tp = [2, 2, 2, 1, 1, ] | dp = [1, 1, 1, 1, 1, ] | algo = [0, 0, 0, 0, 0, ] | rc = [0, 0, 0, 0, 0] | gpus = [2, 2, 2, 1, 1] | micro_bs = 1 | time = [36626, 35402, 36038, 26821, 31372] | memory = [22691, 19278, 14753, 22828, 18082]

[ Trial 0 ] |36626.11|22828.38| op = [83, 83, 83, 83, 87]| tp = [2, 2, 2, 1, 1, ] | dp = [1, 1, 1, 1, 1, ] | algo = [0, 0, 0, 0, 0, ] | rc = [0, 0, 0, 0, 0] | gpus = [2, 2, 2, 1, 1] | micro_bs = 1 | time = [36626, 35402, 36038, 26821, 31372] | memory = [22691, 19278, 14753, 22828, 18082]
>>>> [CONFIG: target(0), prim(dec_tp)]
|33859.30|26929.62| op = [83, 83, 83, 83, 87]| tp = [1, 4, 1, 1, 1, ] | dp = [1, 1, 1, 1, 1, ] | algo = [0, 0, 0, 0, 0, ] | rc = [12, 0, 2, 0, 0] | gpus = [1, 4, 1, 1, 1] | micro_bs = 1 | time = [29221, 33859, 26491, 26785, 31336] | memory = [26377, 10569, 26929, 22828, 18082]

[ Trial 1 ] |33859.30|26929.62| op = [83, 83, 83, 83, 87]| tp = [1, 4, 1, 1, 1, ] | dp = [1, 1, 1, 1, 1, ] | algo = [0, 0, 0, 0, 0, ] | rc = [12, 0, 2, 0, 0] | gpus = [1, 4, 1, 1, 1] | micro_bs = 1 | time = [29221, 33859, 26491, 26785, 31336] | memory = [26377, 10569, 26929, 22828, 18082]
>>>> [CONFIG: target(1), prim(dec_tp)]
|36041.56|26377.08| op = [83, 83, 83, 83, 87]| tp = [1, 2, 2, 2, 1, ] | dp = [1, 1, 1, 1, 1, ] | algo = [0, 0, 0, 0, 0, ] | rc = [12, 0, 0, 0, 0] | gpus = [1, 2, 2, 2, 1] | micro_bs = 1 | time = [29260, 35405, 36041, 35808, 31375] | memory = [26377, 19278, 14753, 11854, 18082]
>>>> [CONFIG: target(2), prim(inc_mbs)]
|29953.01|27916.10| op = [83, 83, 83, 83, 87]| tp = [1, 1, 1, 1, 1, ] | dp = [1, 2, 2, 2, 1, ] | algo = [0, 0, 0, 0, 0, ] | rc = [26, 12, 2, 0, 0] | gpus = [1, 2, 2, 2, 1] | micro_bs = 2 | time = [29817, 14431, 13466, 13613, 29953] | memory = [27916, 23448, 26929, 22828, 26084]

[ Trial 2 ] |29953.01|27916.10| op = [83, 83, 83, 83, 87]| tp = [1, 1, 1, 1, 1, ] | dp = [1, 2, 2, 2, 1, ] | algo = [0, 0, 0, 0, 0, ] | rc = [26, 12, 2, 0, 0] | gpus = [1, 2, 2, 2, 1] | micro_bs = 2 | time = [29817, 14431, 13466, 13613, 29953] | memory = [27916, 23448, 26929, 22828, 26084]
>>>> [CONFIG: target(4), prim(dec_op)]
|18599.02|27054.08| op = [54, 104, 100, 113, 48]| tp = [1, 1, 1, 1, 1, ] | dp = [1, 2, 2, 2, 1, ] | algo = [0, 0, 0, 0, 0, ] | rc = [10, 16, 12, 6, 0] | gpus = [1, 2, 2, 2, 1] | micro_bs = 2 | time = [17864, 17943, 17181, 18599, 18474] | memory = [26635, 25809, 25051, 27054, 16352]

[ Trial 3 ] |18599.02|27054.08| op = [54, 104, 100, 113, 48]| tp = [1, 1, 1, 1, 1, ] | dp = [1, 2, 2, 2, 1, ] | algo = [0, 0, 0, 0, 0, ] | rc = [10, 16, 12, 6, 0] | gpus = [1, 2, 2, 2, 1] | micro_bs = 2 | time = [17864, 17943, 17181, 18599, 18474] | memory = [26635, 25809, 25051, 27054, 16352]
>>>> [CONFIG: target(3), prim(dec_dp)]
|38538.97|27953.09| op = [54, 104, 100, 113, 48]| tp = [1, 1, 1, 1, 1, ] | dp = [2, 2, 2, 1, 1, ] | algo = [0, 0, 0, 0, 0, ] | rc = [2, 16, 12, 28, 0] | gpus = [2, 2, 2, 1, 1] | micro_bs = 2 | time = [8981, 17986, 17224, 38538, 18517] | memory = [26426, 25809, 25051, 27953, 16352]
>>>> [CONFIG: target(3), prim(dec_op)]
|18369.66|27820.57| op = [99, 107, 106, 60, 47]| tp = [1, 1, 1, 1, 1, ] | dp = [2, 2, 2, 1, 1, ] | algo = [0, 0, 0, 0, 0, ] | rc = [20, 16, 16, 0, 0] | gpus = [2, 2, 2, 1, 1] | micro_bs = 2 | time = [17704, 18369, 18367, 18112, 18315] | memory = [27783, 26469, 22860, 27820, 16232]

[ Trial 4 ] |18369.66|27820.57| op = [99, 107, 106, 60, 47]| tp = [1, 1, 1, 1, 1, ] | dp = [2, 2, 2, 1, 1, ] | algo = [0, 0, 0, 0, 0, ] | rc = [20, 16, 16, 0, 0] | gpus = [2, 2, 2, 1, 1] | micro_bs = 2 | time = [17704, 18369, 18367, 18112, 18315] | memory = [27783, 26469, 22860, 27820, 16232]
>>>> [CONFIG: target(1), prim(dec_dp)]
|37138.19|27783.24| op = [99, 107, 106, 60, 47]| tp = [1, 1, 1, 1, 1, ] | dp = [2, 1, 2, 2, 1, ] | algo = [0, 0, 0, 0, 0, ] | rc = [20, 32, 16, 0, 0] | gpus = [2, 1, 2, 2, 1] | micro_bs = 2 | time = [17744, 37138, 18408, 9766, 18355] | memory = [27783, 27066, 22860, 16510, 16232]
>>>> [CONFIG: target(1), prim(dec_op)]
|18211.92|27783.24| op = [99, 56, 107, 112, 45]| tp = [1, 1, 1, 1, 1, ] | dp = [2, 1, 2, 2, 1, ] | algo = [0, 0, 0, 0, 0, ] | rc = [20, 8, 14, 4, 0] | gpus = [2, 1, 2, 2, 1] | micro_bs = 2 | time = [17702, 18121, 18190, 18086, 18211] | memory = [27783, 24185, 24543, 27758, 16182]

[ Trial 5 ] |18211.92|27783.24| op = [99, 56, 107, 112, 45]| tp = [1, 1, 1, 1, 1, ] | dp = [2, 1, 2, 2, 1, ] | algo = [0, 0, 0, 0, 0, ] | rc = [20, 8, 14, 4, 0] | gpus = [2, 1, 2, 2, 1] | micro_bs = 2 | time = [17702, 18121, 18190, 18086, 18211] | memory = [27783, 24185, 24543, 27758, 16182]
>>>> [CONFIG: target(4), prim(inc_mbs)]
|19581.82|27983.58| op = [99, 56, 107, 112, 45]| tp = [1, 1, 1, 1, 1, ] | dp = [2, 1, 2, 2, 1, ] | algo = [0, 0, 0, 0, 0, ] | rc = [38, 16, 30, 22, 0] | gpus = [2, 1, 2, 2, 1] | micro_bs = 4 | time = [18417, 19581, 18833, 19048, 18429] | memory = [27956, 27810, 27983, 27853, 25964]
>>>> [CONFIG: target(1), prim(dec_op)]
|19036.48|27956.41| op = [99, 54, 109, 109, 48]| tp = [1, 1, 1, 1, 1, ] | dp = [2, 1, 2, 2, 1, ] | algo = [0, 0, 0, 0, 0, ] | rc = [38, 16, 28, 22, 0] | gpus = [2, 1, 2, 2, 1] | micro_bs = 4 | time = [18414, 18774, 19036, 18913, 18684] | memory = [27956, 26130, 27627, 27612, 26204]
>>>> [CONFIG: target(2), prim(dec_mbs)]
|18702.63|27783.24| op = [99, 54, 109, 109, 48]| tp = [1, 1, 1, 1, 1, ] | dp = [2, 1, 2, 2, 1, ] | algo = [0, 0, 0, 0, 0, ] | rc = [20, 8, 16, 4, 0] | gpus = [2, 1, 2, 2, 1] | micro_bs = 2 | time = [17701, 17297, 18702, 17934, 18474] | memory = [27783, 23145, 23385, 27588, 16352]
>>>> [CONFIG: target(2), prim(dec_dp)]
|37180.26|27783.24| op = [99, 54, 109, 109, 48]| tp = [1, 1, 1, 1, 1, ] | dp = [2, 2, 1, 2, 1, ] | algo = [0, 0, 0, 0, 0, ] | rc = [20, 0, 28, 4, 0] | gpus = [2, 2, 1, 2, 1] | micro_bs = 2 | time = [17739, 8580, 37180, 17972, 18512] | memory = [27783, 22612, 27627, 27588, 16352]
>>>> [CONFIG: target(2), prim(dec_op)]
|18347.37|27783.24| op = [99, 105, 58, 110, 47]| tp = [1, 1, 1, 1, 1, ] | dp = [2, 2, 1, 2, 1, ] | algo = [0, 0, 0, 0, 0, ] | rc = [20, 16, 6, 4, 0] | gpus = [2, 2, 1, 2, 1] | micro_bs = 2 | time = [17702, 17965, 18347, 18027, 18313] | memory = [27783, 25869, 24282, 27708, 16232]
>>>> [CONFIG: target(2), prim(inc_dp)]
|35929.69|27956.41| op = [99, 105, 58, 110, 47]| tp = [1, 1, 1, 1, 1, ] | dp = [1, 2, 2, 2, 1, ] | algo = [0, 0, 0, 0, 0, ] | rc = [38, 16, 0, 4, 0] | gpus = [1, 2, 2, 2, 1] | micro_bs = 2 | time = [35929, 18001, 9302, 18063, 18349] | memory = [27956, 25869, 19549, 27708, 16232]
>>>> [CONFIG: target(0), prim(dec_op)]
|18210.19|27758.54| op = [54, 104, 104, 112, 45]| tp = [1, 1, 1, 1, 1, ] | dp = [1, 2, 2, 2, 1, ] | algo = [0, 0, 0, 0, 0, ] | rc = [10, 16, 14, 4, 0] | gpus = [1, 2, 2, 2, 1] | micro_bs = 2 | time = [17864, 17942, 17759, 18084, 18210] | memory = [26635, 25809, 23948, 27758, 16182]

[ Trial 6 ] |18210.19|27758.54| op = [54, 104, 104, 112, 45]| tp = [1, 1, 1, 1, 1, ] | dp = [1, 2, 2, 2, 1, ] | algo = [0, 0, 0, 0, 0, ] | rc = [10, 16, 14, 4, 0] | gpus = [1, 2, 2, 2, 1] | micro_bs = 2 | time = [17864, 17942, 17759, 18084, 18210] | memory = [26635, 25809, 23948, 27758, 16182]
>>>> [CONFIG: target(4), prim(inc_mbs)]
|20074.11|27873.98| op = [54, 104, 104, 112, 45]| tp = [1, 1, 1, 1, 1, ] | dp = [1, 2, 2, 2, 1, ] | algo = [0, 0, 0, 0, 0, ] | rc = [24, 32, 26, 22, 0] | gpus = [1, 2, 2, 2, 1] | micro_bs = 4 | time = [20074, 18593, 18156, 19048, 18429] | memory = [27830, 27873, 27673, 27853, 25964]
>>>> [CONFIG: target(0), prim(dec_op)]
|18914.25|27983.58| op = [50, 105, 107, 109, 48]| tp = [1, 1, 1, 1, 1, ] | dp = [1, 2, 2, 2, 1, ] | algo = [0, 0, 0, 0, 0, ] | rc = [20, 32, 30, 22, 0] | gpus = [1, 2, 2, 2, 1] | micro_bs = 4 | time = [18743, 18727, 18829, 18914, 18685] | memory = [27530, 26706, 27983, 27612, 26204]
>>>> [CONFIG: target(3), prim(inc_dp)]
|43132.42|27788.25| op = [50, 105, 107, 109, 48]| tp = [1, 1, 1, 1, 1, ] | dp = [1, 1, 1, 4, 1, ] | algo = [0, 0, 0, 0, 0, ] | rc = [20, 81, 90, 4, 0] | gpus = [1, 1, 1, 4, 1] | micro_bs = 4 | time = [19042, 43132, 42350, 9769, 18983] | memory = [27530, 27330, 27788, 27588, 26204]
>>>> [CONFIG: target(1), prim(inc_dp)]
|42157.69|27788.25| op = [50, 105, 107, 109, 48]| tp = [1, 1, 1, 1, 1, ] | dp = [2, 2, 1, 2, 1, ] | algo = [0, 0, 0, 0, 0, ] | rc = [8, 32, 90, 22, 0] | gpus = [2, 2, 1, 2, 1] | micro_bs = 4 | time = [9018, 18832, 42157, 19019, 18790] | memory = [27533, 26706, 27788, 27612, 26204]
>>>> [CONFIG: target(2), prim(dec_mbs)]
|36763.42|27983.58| op = [50, 105, 107, 109, 48]| tp = [1, 1, 1, 1, 1, ] | dp = [2, 2, 1, 2, 1, ] | algo = [0, 0, 0, 0, 0, ] | rc = [0, 16, 30, 4, 0] | gpus = [2, 2, 1, 2, 1] | micro_bs = 2 | time = [8397, 18118, 36763, 17971, 18511] | memory = [27955, 26089, 27983, 27588, 16352]
>>>> [CONFIG: target(2), prim(inc_dp)]
|18472.38|27588.51| op = [50, 105, 107, 109, 48]| tp = [1, 1, 1, 1, 1, ] | dp = [1, 2, 2, 2, 1, ] | algo = [0, 0, 0, 0, 0, ] | rc = [8, 16, 14, 4, 0] | gpus = [1, 2, 2, 2, 1] | micro_bs = 2 | time = [16812, 18078, 18187, 17932, 18472] | memory = [27533, 26089, 24543, 27588, 16352]
>>>> [CONFIG: target(4), prim(dec_op)]
|18208.29|27758.54| op = [50, 105, 107, 112, 45]| tp = [1, 1, 1, 1, 1, ] | dp = [1, 2, 2, 2, 1, ] | algo = [0, 0, 0, 0, 0, ] | rc = [8, 16, 14, 4, 0] | gpus = [1, 2, 2, 2, 1] | micro_bs = 2 | time = [16812, 18078, 18187, 18083, 18208] | memory = [27533, 26089, 24543, 27758, 16182]

[ Trial 7 ] |18208.29|27758.54| op = [50, 105, 107, 112, 45]| tp = [1, 1, 1, 1, 1, ] | dp = [1, 2, 2, 2, 1, ] | algo = [0, 0, 0, 0, 0, ] | rc = [8, 16, 14, 4, 0] | gpus = [1, 2, 2, 2, 1] | micro_bs = 2 | time = [16812, 18078, 18187, 18083, 18208] | memory = [27533, 26089, 24543, 27758, 16182]
>>>> [CONFIG: target(4), prim(inc_mbs)]
|19044.55|27983.58| op = [50, 105, 107, 112, 45]| tp = [1, 1, 1, 1, 1, ] | dp = [1, 2, 2, 2, 1, ] | algo = [0, 0, 0, 0, 0, ] | rc = [20, 32, 30, 22, 0] | gpus = [1, 2, 2, 2, 1] | micro_bs = 4 | time = [18742, 18726, 18828, 19044, 18425] | memory = [27530, 26706, 27983, 27853, 25964]
>>>> [CONFIG: target(3), prim(inc_dp)]
|43130.97|27788.25| op = [50, 105, 107, 112, 45]| tp = [1, 1, 1, 1, 1, ] | dp = [1, 1, 1, 4, 1, ] | algo = [0, 0, 0, 0, 0, ] | rc = [20, 81, 90, 4, 0] | gpus = [1, 1, 1, 4, 1] | micro_bs = 4 | time = [19040, 43130, 42349, 9843, 18723] | memory = [27530, 27330, 27788, 27758, 25964]
>>>> [CONFIG: target(1), prim(inc_mbs)]
|44918.27|34736.33| op = [50, 105, 107, 112, 45]| tp = [1, 1, 1, 1, 1, ] | dp = [1, 1, 1, 4, 1, ] | algo = [0, 0, 0, 0, 0, ] | rc = [48, 105, 107, 22, 41] | gpus = [1, 1, 1, 4, 1] | micro_bs = 8 | time = [22275, 44149, 44918, 11254, 24240] | memory = [29297, 34736, 33096, 27853, 27976]
>>>> [CONFIG: target(1), prim(inc_dp)]
|44558.20|33096.62| op = [50, 105, 107, 112, 45]| tp = [1, 1, 1, 1, 1, ] | dp = [1, 2, 1, 2, 2, ] | algo = [0, 0, 0, 0, 0, ] | rc = [48, 81, 107, 56, 0] | gpus = [1, 2, 1, 2, 2] | micro_bs = 8 | time = [21915, 22694, 44558, 22597, 10587] | memory = [29297, 27330, 33096, 27970, 25964]
>>>> [CONFIG: target(2), prim(dec_mbs)]
|42164.66|27853.05| op = [50, 105, 107, 112, 45]| tp = [1, 1, 1, 1, 1, ] | dp = [1, 2, 1, 2, 2, ] | algo = [0, 0, 0, 0, 0, ] | rc = [20, 32, 90, 22, 0] | gpus = [1, 2, 1, 2, 2] | micro_bs = 4 | time = [18856, 18839, 42164, 19157, 9721] | memory = [27530, 26706, 27788, 27853, 16182]
>>>> [CONFIG: target(2), prim(dec_mbs)]
|36762.73|27983.58| op = [50, 105, 107, 112, 45]| tp = [1, 1, 1, 1, 1, ] | dp = [1, 2, 1, 2, 2, ] | algo = [0, 0, 0, 0, 0, ] | rc = [8, 16, 30, 4, 0] | gpus = [1, 2, 1, 2, 2] | micro_bs = 2 | time = [16851, 18117, 36762, 18122, 9728] | memory = [27533, 26089, 27983, 27758, 11281]
>>>> [CONFIG: target(2), prim(dec_op)]
|17929.86|27588.51| op = [52, 103, 55, 109, 100]| tp = [1, 1, 1, 1, 1, ] | dp = [1, 2, 1, 2, 2, ] | algo = [0, 0, 0, 0, 0, ] | rc = [10, 16, 6, 4, 0] | gpus = [1, 2, 1, 2, 2] | micro_bs = 2 | time = [17760, 17654, 17640, 17929, 17835] | memory = [26385, 25369, 23582, 27588, 20436]

[ Trial 8 ] |17929.86|27588.51| op = [52, 103, 55, 109, 100]| tp = [1, 1, 1, 1, 1, ] | dp = [1, 2, 1, 2, 2, ] | algo = [0, 0, 0, 0, 0, ] | rc = [10, 16, 6, 4, 0] | gpus = [1, 2, 1, 2, 2] | micro_bs = 2 | time = [17760, 17654, 17640, 17929, 17835] | memory = [26385, 25369, 23582, 27588, 20436]
>>>> [CONFIG: target(3), prim(dec_dp)]
|36930.22|27612.99| op = [52, 103, 55, 109, 100]| tp = [1, 1, 1, 1, 1, ] | dp = [2, 2, 1, 1, 2, ] | algo = [0, 0, 0, 0, 0, ] | rc = [2, 16, 6, 22, 0] | gpus = [2, 2, 1, 1, 2] | micro_bs = 2 | time = [8913, 17694, 17679, 36930, 17875] | memory = [26301, 25369, 23582, 27612, 20436]
>>>> [CONFIG: target(3), prim(inc_tp)]
|42649.87|26385.32| op = [52, 103, 55, 109, 100]| tp = [1, 1, 1, 2, 1, ] | dp = [1, 2, 1, 1, 2, ] | algo = [0, 0, 0, 0, 0, ] | rc = [10, 16, 6, 0, 0] | gpus = [1, 2, 1, 2, 2] | micro_bs = 2 | time = [17856, 17751, 17736, 42649, 17932] | memory = [26385, 25369, 23582, 25526, 20436]
>>>> [CONFIG: target(3), prim(dec_op)]
|21804.82|27895.15| op = [55, 121, 65, 53, 125]| tp = [1, 1, 1, 2, 1, ] | dp = [1, 2, 1, 1, 2, ] | algo = [0, 0, 0, 0, 0, ] | rc = [10, 28, 10, 0, 0] | gpus = [1, 2, 1, 2, 2] | micro_bs = 2 | time = [18516, 21711, 21420, 21535, 21804] | memory = [27235, 27895, 23212, 12566, 25058]
>>>> [CONFIG: target(4), prim(dec_op)]
|21597.03|27973.72| op = [58, 122, 65, 52, 122]| tp = [1, 1, 1, 2, 1, ] | dp = [1, 2, 1, 1, 2, ] | algo = [0, 0, 0, 0, 0, ] | rc = [17, 24, 10, 0, 0] | gpus = [1, 2, 1, 2, 2] | micro_bs = 2 | time = [21297, 21597, 21580, 20781, 21474] | memory = [27875, 27973, 23392, 12536, 24573]
>>>> [CONFIG: target(1), prim(inc_tp)]
|43862.50|27875.47| op = [58, 122, 65, 52, 122]| tp = [1, 2, 1, 1, 1, ] | dp = [1, 2, 1, 1, 1, ] | algo = [0, 0, 0, 0, 0, ] | rc = [17, 0, 10, 0, 18] | gpus = [1, 4, 1, 1, 1] | micro_bs = 2 | time = [21385, 26730, 21669, 16079, 43862] | memory = [27875, 26825, 23392, 23912, 26010]
>>>> [CONFIG: target(4), prim(inc_dp)]
|21549.39|27973.72| op = [58, 122, 65, 52, 122]| tp = [1, 1, 1, 1, 1, ] | dp = [1, 2, 1, 2, 2, ] | algo = [0, 0, 0, 0, 0, ] | rc = [17, 24, 10, 0, 0] | gpus = [1, 2, 1, 2, 2] | micro_bs = 2 | time = [21249, 21549, 21533, 8585, 21426] | memory = [27875, 27973, 23392, 14356, 24573]
>>>> [CONFIG: target(1), prim(dec_op)]
|17898.01|27438.54| op = [54, 103, 54, 111, 97]| tp = [1, 1, 1, 1, 1, ] | dp = [1, 2, 1, 2, 2, ] | algo = [0, 0, 0, 0, 0, ] | rc = [10, 16, 4, 4, 0] | gpus = [1, 2, 1, 2, 2] | micro_bs = 2 | time = [17858, 17898, 17102, 17789, 17682] | memory = [26635, 25768, 26728, 27438, 20289]

[ Trial 9 ] |17898.01|27438.54| op = [54, 103, 54, 111, 97]| tp = [1, 1, 1, 1, 1, ] | dp = [1, 2, 1, 2, 2, ] | algo = [0, 0, 0, 0, 0, ] | rc = [10, 16, 4, 4, 0] | gpus = [1, 2, 1, 2, 2] | micro_bs = 2 | time = [17858, 17898, 17102, 17789, 17682] | memory = [26635, 25768, 26728, 27438, 20289]
>>>> [CONFIG: target(1), prim(dec_mbs)]
|46729.60|26426.76| op = [54, 103, 54, 111, 97]| tp = [1, 2, 1, 2, 2, ] | dp = [1, 1, 1, 1, 1, ] | algo = [0, 0, 0, 0, 0, ] | rc = [2, 0, 0, 0, 0] | gpus = [1, 2, 1, 2, 2] | micro_bs = 1 | time = [17550, 44594, 17346, 46729, 44879] | memory = [26426, 22952, 18794, 15188, 10417]
>>>> [CONFIG: target(3), prim(dec_tp)]
|44869.09|27438.54| op = [54, 103, 54, 111, 97]| tp = [2, 2, 1, 1, 2, ] | dp = [1, 1, 1, 1, 1, ] | algo = [0, 0, 0, 0, 0, ] | rc = [0, 0, 0, 4, 0] | gpus = [2, 2, 1, 1, 2] | micro_bs = 1 | time = [23790, 44584, 17335, 35288, 44869] | memory = [15165, 22952, 18794, 27438, 10417]
>>>> [CONFIG: target(4), prim(inc_tp)]
|42472.90|27438.54| op = [54, 103, 54, 111, 97]| tp = [1, 1, 1, 1, 4, ] | dp = [1, 1, 1, 1, 1, ] | algo = [0, 0, 0, 0, 0, ] | rc = [2, 16, 0, 4, 0] | gpus = [1, 1, 1, 1, 4] | micro_bs = 1 | time = [17505, 35472, 17301, 35253, 42472] | memory = [26426, 25768, 18794, 27438, 5481]
>>>> [CONFIG: target(4), prim(inc_mbs)]
|36809.29|27793.86| op = [54, 103, 54, 111, 97]| tp = [1, 1, 1, 1, 2, ] | dp = [1, 1, 1, 1, 2, ] | algo = [0, 0, 0, 0, 0, ] | rc = [10, 32, 4, 22, 0] | gpus = [1, 1, 1, 1, 4] | micro_bs = 2 | time = [18022, 36332, 17267, 36809, 22734] | memory = [26635, 27793, 26728, 27513, 10417]
>>>> [CONFIG: target(3), prim(inc_dp)]
|36207.08|27793.86| op = [54, 103, 54, 111, 97]| tp = [1, 1, 1, 1, 1, ] | dp = [1, 1, 2, 2, 2, ] | algo = [0, 0, 0, 0, 0, ] | rc = [10, 32, 0, 4, 0] | gpus = [1, 1, 2, 2, 2] | micro_bs = 2 | time = [17897, 36207, 8869, 17828, 17721] | memory = [26635, 27793, 18794, 27438, 20289]
>>>> [CONFIG: target(1), prim(dec_op)]
|17860.39|27438.54| op = [54, 53, 104, 111, 97]| tp = [1, 1, 1, 1, 1, ] | dp = [1, 1, 2, 2, 2, ] | algo = [0, 0, 0, 0, 0, ] | rc = [10, 8, 14, 4, 0] | gpus = [1, 1, 2, 2, 2] | micro_bs = 2 | time = [17860, 17785, 17796, 17791, 17684] | memory = [26635, 23484, 24008, 27438, 20289]

num_targets: [1, 1, 1, 1, 1, 1, 1, 1, 1, 1]
num_hops: [1, 2, 1, 2, 2, 7, 7, 7, 7, 6]
search time = 200.00 s.  [0, 1, 2, 3, 4, 5, 6, 11, 53, 73, 95, 207, 208, 209, 210, 211, 212, 213, 214, 215, 216] 
num_explored_cases = 12987
time trend: [36626, 33859, 29953, 18599, 18369, 18211, 18210, 18208, 17929, 17898, 17860, 17860, 17860, 17939, 17939, 17939, 17944, 17944, 17948, 17948, 18128]

working on num_stages = 7
config has been saved to /home/liminglong.lml/sxz/SuperScaler/logs-large/aceso/configs/mbs/512/gpt_2_6B_7stages_2026-5-16-3-10-8.json

========== Best Result (num_stages = 7) ==========
|17974.64|27961.61| op = [50, 52, 52, 52, 56, 57, 100]| tp = [1, 1, 1, 1, 1, 1, 1, ] | dp = [1, 1, 1, 1, 1, 1, 2, ] | algo = [0, 0, 0, 0, 0, 0, 0, ] | rc = [12, 10, 8, 8, 6, 0, 0] | gpus = [1, 1, 1, 1, 1, 1, 2] | micro_bs = 2 | time = [17542, 17776, 17476, 17476, 17870, 17974, 17967] | memory = [27813, 27961, 26853, 23185, 23822, 27580, 20436]
start|25909.17|26246.72| op = [59, 59, 59, 59, 59, 59, 65]| tp = [2, 1, 1, 1, 1, 1, 1, ] | dp = [1, 1, 1, 1, 1, 1, 1, ] | algo = [0, 0, 0, 0, 0, 0, 0, ] | rc = [0, 4, 4, 0, 0, 0, 0] | gpus = [2, 1, 1, 1, 1, 1, 1] | micro_bs = 1 | time = [25909, 19066, 19731, 18227, 18994, 18816, 24919] | memory = [22786, 26132, 26246, 23872, 21495, 15686, 14500]

[ Trial 0 ] |25909.17|26246.72| op = [59, 59, 59, 59, 59, 59, 65]| tp = [2, 1, 1, 1, 1, 1, 1, ] | dp = [1, 1, 1, 1, 1, 1, 1, ] | algo = [0, 0, 0, 0, 0, 0, 0, ] | rc = [0, 4, 4, 0, 0, 0, 0] | gpus = [2, 1, 1, 1, 1, 1, 1] | micro_bs = 1 | time = [25909, 19066, 19731, 18227, 18994, 18816, 24919] | memory = [22786, 26132, 26246, 23872, 21495, 15686, 14500]
>>>> [CONFIG: target(0), prim(dec_tp)]
|25104.00|26246.72| op = [59, 59, 59, 59, 59, 59, 65]| tp = [1, 1, 1, 2, 1, 1, 1, ] | dp = [1, 1, 1, 1, 1, 1, 1, ] | algo = [0, 0, 0, 0, 0, 0, 0, ] | rc = [10, 4, 4, 0, 0, 0, 0] | gpus = [1, 1, 1, 2, 1, 1, 1] | micro_bs = 1 | time = [21152, 19070, 19735, 25104, 18998, 18821, 24923] | memory = [23779, 26132, 26246, 12656, 21495, 15686, 14500]

[ Trial 1 ] |25104.00|26246.72| op = [59, 59, 59, 59, 59, 59, 65]| tp = [1, 1, 1, 2, 1, 1, 1, ] | dp = [1, 1, 1, 1, 1, 1, 1, ] | algo = [0, 0, 0, 0, 0, 0, 0, ] | rc = [10, 4, 4, 0, 0, 0, 0] | gpus = [1, 1, 1, 2, 1, 1, 1] | micro_bs = 1 | time = [21152, 19070, 19735, 25104, 18998, 18821, 24923] | memory = [23779, 26132, 26246, 12656, 21495, 15686, 14500]
>>>> [CONFIG: target(3), prim(dec_tp)]
|25633.90|26246.72| op = [59, 59, 59, 59, 59, 59, 65]| tp = [1, 1, 1, 1, 2, 1, 1, ] | dp = [1, 1, 1, 1, 1, 1, 1, ] | algo = [0, 0, 0, 0, 0, 0, 0, ] | rc = [10, 4, 4, 0, 0, 0, 0] | gpus = [1, 1, 1, 1, 2, 1, 1] | micro_bs = 1 | time = [21151, 19069, 19734, 18230, 25633, 18820, 24923] | memory = [23779, 26132, 26246, 23872, 11235, 15686, 14500]
>>>> [CONFIG: target(4), prim(dec_op)]
|21617.95|27800.66| op = [59, 61, 62, 65, 50, 67, 55]| tp = [1, 1, 1, 1, 2, 1, 1, ] | dp = [1, 1, 1, 1, 1, 1, 1, ] | algo = [0, 0, 0, 0, 0, 0, 0, ] | rc = [10, 6, 6, 0, 0, 0, 0] | gpus = [1, 1, 1, 1, 2, 1, 1] | micro_bs = 1 | time = [21151, 20176, 20994, 20596, 21507, 21441, 21617] | memory = [23779, 23216, 24391, 27800, 9362, 18100, 12613]

[ Trial 2 ] |21617.95|27800.66| op = [59, 61, 62, 65, 50, 67, 55]| tp = [1, 1, 1, 1, 2, 1, 1, ] | dp = [1, 1, 1, 1, 1, 1, 1, ] | algo = [0, 0, 0, 0, 0, 0, 0, ] | rc = [10, 6, 6, 0, 0, 0, 0] | gpus = [1, 1, 1, 1, 2, 1, 1] | micro_bs = 1 | time = [21151, 20176, 20994, 20596, 21507, 21441, 21617] | memory = [23779, 23216, 24391, 27800, 9362, 18100, 12613]
>>>> [CONFIG: target(6), prim(inc_mbs)]
|21532.84|27889.86| op = [59, 61, 62, 65, 50, 67, 55]| tp = [1, 1, 1, 1, 1, 1, 1, ] | dp = [1, 1, 1, 1, 2, 1, 1, ] | algo = [0, 0, 0, 0, 0, 0, 0, ] | rc = [18, 12, 14, 10, 0, 4, 0] | gpus = [1, 1, 1, 1, 2, 1, 1] | micro_bs = 2 | time = [21364, 20298, 21525, 21532, 8316, 21268, 20817] | memory = [26540, 27889, 26955, 27713, 17854, 26344, 18446]

[ Trial 3 ] |21532.84|27889.86| op = [59, 61, 62, 65, 50, 67, 55]| tp = [1, 1, 1, 1, 1, 1, 1, ] | dp = [1, 1, 1, 1, 2, 1, 1, ] | algo = [0, 0, 0, 0, 0, 0, 0, ] | rc = [18, 12, 14, 10, 0, 4, 0] | gpus = [1, 1, 1, 1, 2, 1, 1] | micro_bs = 2 | time = [21364, 20298, 21525, 21532, 8316, 21268, 20817] | memory = [26540, 27889, 26955, 27713, 17854, 26344, 18446]
>>>> [CONFIG: target(3), prim(dec_op)]
|19237.68|27813.85| op = [50, 51, 52, 52, 105, 61, 48]| tp = [1, 1, 1, 1, 1, 1, 1, ] | dp = [1, 1, 1, 1, 2, 1, 1, ] | algo = [0, 0, 0, 0, 0, 0, 0, ] | rc = [12, 10, 8, 8, 14, 2, 0] | gpus = [1, 1, 1, 1, 2, 1, 1] | micro_bs = 2 | time = [17547, 17056, 17328, 17328, 18256, 19237, 18606] | memory = [27813, 27081, 26553, 22944, 24468, 27248, 16352]

[ Trial 4 ] |19237.68|27813.85| op = [50, 51, 52, 52, 105, 61, 48]| tp = [1, 1, 1, 1, 1, 1, 1, ] | dp = [1, 1, 1, 1, 2, 1, 1, ] | algo = [0, 0, 0, 0, 0, 0, 0, ] | rc = [12, 10, 8, 8, 14, 2, 0] | gpus = [1, 1, 1, 1, 2, 1, 1] | micro_bs = 2 | time = [17547, 17056, 17328, 17328, 18256, 19237, 18606] | memory = [27813, 27081, 26553, 22944, 24468, 27248, 16352]
>>>> [CONFIG: target(5), prim(dec_op)]
|18343.67|27961.61| op = [50, 52, 53, 53, 104, 62, 45]| tp = [1, 1, 1, 1, 1, 1, 1, ] | dp = [1, 1, 1, 1, 2, 1, 1, ] | algo = [0, 0, 0, 0, 0, 0, 0, ] | rc = [12, 10, 8, 8, 14, 0, 0] | gpus = [1, 1, 1, 1, 2, 1, 1] | micro_bs = 2 | time = [17548, 17782, 17580, 18033, 17892, 18343, 18343] | memory = [27813, 27961, 27253, 23664, 23948, 27920, 16182]

[ Trial 5 ] |18343.67|27961.61| op = [50, 52, 53, 53, 104, 62, 45]| tp = [1, 1, 1, 1, 1, 1, 1, ] | dp = [1, 1, 1, 1, 2, 1, 1, ] | algo = [0, 0, 0, 0, 0, 0, 0, ] | rc = [12, 10, 8, 8, 14, 0, 0] | gpus = [1, 1, 1, 1, 2, 1, 1] | micro_bs = 2 | time = [17548, 17782, 17580, 18033, 17892, 18343, 18343] | memory = [27813, 27961, 27253, 23664, 23948, 27920, 16182]
>>>> [CONFIG: target(6), prim(inc_mbs)]
|21749.27|27921.25| op = [50, 52, 53, 53, 104, 62, 45]| tp = [1, 1, 1, 1, 1, 1, 1, ] | dp = [1, 1, 1, 1, 2, 1, 1, ] | algo = [0, 0, 0, 0, 0, 0, 0, ] | rc = [29, 25, 22, 16, 26, 18, 0] | gpus = [1, 1, 1, 1, 2, 1, 1] | micro_bs = 4 | time = [20528, 20373, 19971, 19714, 18483, 21749, 18756] | memory = [27511, 27891, 27850, 26769, 27673, 27921, 25964]
>>>> [CONFIG: target(5), prim(dec_op)]
|20049.97|27920.99| op = [49, 51, 53, 54, 108, 56, 48]| tp = [1, 1, 1, 1, 1, 1, 1, ] | dp = [1, 1, 1, 1, 2, 1, 1, ] | algo = [0, 0, 0, 0, 0, 0, 0, ] | rc = [24, 24, 20, 16, 28, 12, 0] | gpus = [1, 1, 1, 1, 2, 1, 1] | micro_bs = 4 | time = [19226, 20049, 19580, 19795, 19309, 19990, 18996] | memory = [27811, 27890, 27250, 27409, 27407, 27920, 26204]
>>>> [CONFIG: target(1), prim(dec_mbs)]
|18833.47|27481.30| op = [49, 51, 53, 54, 108, 56, 48]| tp = [1, 1, 1, 1, 1, 1, 1, ] | dp = [1, 1, 1, 1, 2, 1, 1, ] | algo = [0, 0, 0, 0, 0, 0, 0, ] | rc = [12, 10, 8, 8, 16, 0, 0] | gpus = [1, 1, 1, 1, 2, 1, 1] | micro_bs = 2 | time = [16820, 17554, 17357, 18149, 18833, 17469, 18604] | memory = [26853, 27481, 26553, 23984, 23213, 27240, 16352]
>>>> [CONFIG: target(4), prim(dec_dp)]
|37233.91|27481.30| op = [49, 51, 53, 54, 108, 56, 48]| tp = [1, 1, 1, 1, 1, 1, 1, ] | dp = [1, 1, 2, 1, 1, 1, 1, ] | algo = [0, 0, 0, 0, 0, 0, 0, ] | rc = [12, 10, 0, 8, 28, 0, 0] | gpus = [1, 1, 2, 1, 1, 1, 1] | micro_bs = 2 | time = [16858, 17592, 8673, 18186, 37233, 17507, 18642] | memory = [26853, 27481, 26620, 23984, 27407, 27240, 16352]
>>>> [CONFIG: target(4), prim(dec_op)]
|18469.86|27898.28| op = [49, 51, 102, 56, 57, 57, 47]| tp = [1, 1, 1, 1, 1, 1, 1, ] | dp = [1, 1, 2, 1, 1, 1, 1, ] | algo = [0, 0, 0, 0, 0, 0, 0, ] | rc = [12, 10, 20, 8, 6, 0, 0] | gpus = [1, 1, 2, 1, 1, 1, 1] | micro_bs = 2 | time = [16823, 17556, 18221, 18317, 18469, 17634, 18444] | memory = [26853, 27481, 27898, 24045, 24302, 27380, 16232]
>>>> [CONFIG: target(4), prim(inc_dp)]
|36760.13|27976.48| op = [49, 51, 102, 56, 57, 57, 47]| tp = [1, 1, 1, 1, 1, 1, 1, ] | dp = [1, 1, 1, 1, 2, 1, 1, ] | algo = [0, 0, 0, 0, 0, 0, 0, ] | rc = [12, 10, 36, 8, 0, 0, 0] | gpus = [1, 1, 1, 1, 2, 1, 1] | micro_bs = 2 | time = [16860, 17593, 36760, 18354, 9464, 17671, 18481] | memory = [26853, 27481, 27976, 24045, 19509, 27380, 16232]
>>>> [CONFIG: target(2), prim(dec_op)]
|18341.61|27753.40| op = [49, 51, 55, 55, 105, 59, 45]| tp = [1, 1, 1, 1, 1, 1, 1, ] | dp = [1, 1, 1, 1, 2, 1, 1, ] | algo = [0, 0, 0, 0, 0, 0, 0, ] | rc = [12, 10, 8, 8, 14, 0, 0] | gpus = [1, 1, 1, 1, 2, 1, 1] | micro_bs = 2 | time = [16821, 17554, 18181, 18131, 18221, 17733, 18341] | memory = [26853, 27481, 27753, 23865, 24338, 27480, 16182]

[ Trial 6 ] |18341.61|27753.40| op = [49, 51, 55, 55, 105, 59, 45]| tp = [1, 1, 1, 1, 1, 1, 1, ] | dp = [1, 1, 1, 1, 2, 1, 1, ] | algo = [0, 0, 0, 0, 0, 0, 0, ] | rc = [12, 10, 8, 8, 14, 0, 0] | gpus = [1, 1, 1, 1, 2, 1, 1] | micro_bs = 2 | time = [16821, 17554, 18181, 18131, 18221, 17733, 18341] | memory = [26853, 27481, 27753, 23865, 24338, 27480, 16182]
>>>> [CONFIG: target(6), prim(inc_mbs)]
|20957.20|27981.12| op = [49, 51, 55, 55, 105, 59, 45]| tp = [1, 1, 1, 1, 1, 1, 1, ] | dp = [1, 1, 1, 1, 2, 1, 1, ] | algo = [0, 0, 0, 0, 0, 0, 0, ] | rc = [24, 24, 24, 16, 28, 14, 0] | gpus = [1, 1, 1, 1, 2, 1, 1] | micro_bs = 4 | time = [19236, 20059, 20957, 19797, 18907, 20541, 18746] | memory = [27811, 27890, 27650, 27170, 27913, 27981, 25964]
>>>> [CONFIG: target(2), prim(inc_dp)]
|42212.89|27989.18| op = [49, 51, 55, 55, 105, 59, 45]| tp = [1, 1, 1, 1, 1, 1, 1, ] | dp = [1, 1, 2, 1, 1, 1, 1, ] | algo = [0, 0, 0, 0, 0, 0, 0, ] | rc = [24, 24, 8, 16, 77, 14, 0] | gpus = [1, 1, 2, 1, 1, 1, 1] | micro_bs = 4 | time = [19331, 20154, 9944, 19892, 42212, 20636, 18841] | memory = [27811, 27890, 27753, 27170, 27989, 27981, 25964]
>>>> [CONFIG: target(4), prim(dec_op)]
|20822.02|27980.99| op = [49, 51, 102, 52, 60, 57, 48]| tp = [1, 1, 1, 1, 1, 1, 1, ] | dp = [1, 1, 2, 1, 1, 1, 1, ] | algo = [0, 0, 0, 0, 0, 0, 0, ] | rc = [24, 24, 36, 16, 16, 14, 0] | gpus = [1, 1, 2, 1, 1, 1, 1] | micro_bs = 4 | time = [19233, 20057, 19080, 18998, 20719, 20822, 19003] | memory = [27811, 27890, 27976, 25729, 27901, 27980, 26204]
>>>> [CONFIG: target(5), prim(inc_dp)]
|43063.20|27901.86| op = [49, 51, 102, 52, 60, 57, 48]| tp = [1, 1, 1, 1, 1, 1, 1, ] | dp = [1, 1, 1, 1, 1, 2, 1, ] | algo = [0, 0, 0, 0, 0, 0, 0, ] | rc = [24, 24, 94, 16, 16, 0, 0] | gpus = [1, 1, 1, 1, 1, 2, 1] | micro_bs = 4 | time = [19334, 20158, 43063, 19099, 20820, 9846, 19104] | memory = [27811, 27890, 23908, 25729, 27901, 27580, 26204]
>>>> [CONFIG: target(2), prim(dec_op)]
|19854.41|27850.48| op = [49, 49, 54, 55, 55, 109, 48]| tp = [1, 1, 1, 1, 1, 1, 1, ] | dp = [1, 1, 1, 1, 1, 2, 1, ] | algo = [0, 0, 0, 0, 0, 0, 0, ] | rc = [24, 24, 20, 16, 14, 22, 0] | gpus = [1, 1, 1, 1, 1, 2, 1] | micro_bs = 4 | time = [19221, 19854, 19741, 19816, 19487, 19220, 18991] | memory = [27811, 27190, 27850, 27410, 26861, 27612, 26204]
>>>> [CONFIG: target(1), prim(dec_mbs)]
|18602.69|27588.51| op = [49, 49, 54, 55, 55, 109, 48]| tp = [1, 1, 1, 1, 1, 1, 1, ] | dp = [1, 1, 1, 1, 1, 2, 1, ] | algo = [0, 0, 0, 0, 0, 0, 0, ] | rc = [12, 10, 8, 8, 6, 4, 0] | gpus = [1, 1, 1, 1, 1, 2, 1] | micro_bs = 2 | time = [16818, 17360, 17515, 18178, 17772, 18062, 18602] | memory = [26853, 27081, 26903, 23985, 23582, 27588, 16352]
>>>> [CONFIG: target(6), prim(dec_op)]
|18338.60|27758.54| op = [49, 49, 54, 55, 55, 112, 45]| tp = [1, 1, 1, 1, 1, 1, 1, ] | dp = [1, 1, 1, 1, 1, 2, 1, ] | algo = [0, 0, 0, 0, 0, 0, 0, ] | rc = [12, 10, 8, 8, 6, 4, 0] | gpus = [1, 1, 1, 1, 1, 2, 1] | micro_bs = 2 | time = [16818, 17360, 17515, 18178, 17772, 18213, 18338] | memory = [26853, 27081, 26903, 23985, 23582, 27758, 16182]

[ Trial 7 ] |18338.60|27758.54| op = [49, 49, 54, 55, 55, 112, 45]| tp = [1, 1, 1, 1, 1, 1, 1, ] | dp = [1, 1, 1, 1, 1, 2, 1, ] | algo = [0, 0, 0, 0, 0, 0, 0, ] | rc = [12, 10, 8, 8, 6, 4, 0] | gpus = [1, 1, 1, 1, 1, 2, 1] | micro_bs = 2 | time = [16818, 17360, 17515, 18178, 17772, 18213, 18338] | memory = [26853, 27081, 26903, 23985, 23582, 27758, 16182]
>>>> [CONFIG: target(6), prim(inc_mbs)]
|19853.40|27853.05| op = [49, 49, 54, 55, 55, 112, 45]| tp = [1, 1, 1, 1, 1, 1, 1, ] | dp = [1, 1, 1, 1, 1, 2, 1, ] | algo = [0, 0, 0, 0, 0, 0, 0, ] | rc = [24, 24, 20, 16, 14, 22, 0] | gpus = [1, 1, 1, 1, 1, 2, 1] | micro_bs = 4 | time = [19220, 19853, 19740, 19815, 19486, 19350, 18731] | memory = [27811, 27190, 27850, 27410, 26861, 27853, 25964]
>>>> [CONFIG: target(1), prim(inc_dp)]
|43046.83|27970.11| op = [49, 49, 54, 55, 55, 112, 45]| tp = [1, 1, 1, 1, 1, 1, 1, ] | dp = [1, 2, 1, 1, 1, 1, 1, ] | algo = [0, 0, 0, 0, 0, 0, 0, ] | rc = [24, 10, 20, 16, 14, 56, 0] | gpus = [1, 2, 1, 1, 1, 1, 1] | micro_bs = 4 | time = [19324, 9530, 19843, 19918, 19589, 43046, 18834] | memory = [27811, 27081, 27850, 27410, 26861, 27970, 25964]
>>>> [CONFIG: target(5), prim(dec_mbs)]
|37328.09|27853.05| op = [49, 49, 54, 55, 55, 112, 45]| tp = [1, 1, 1, 1, 1, 1, 1, ] | dp = [1, 2, 1, 1, 1, 1, 1, ] | algo = [0, 0, 0, 0, 0, 0, 0, ] | rc = [12, 4, 8, 8, 6, 22, 0] | gpus = [1, 2, 1, 1, 1, 1, 1] | micro_bs = 2 | time = [16859, 8866, 17556, 18219, 17813, 37328, 18379] | memory = [26853, 24082, 26903, 23985, 23582, 27853, 16182]
>>>> [CONFIG: target(5), prim(inc_tp)]
|43706.86|27081.30| op = [49, 49, 54, 55, 55, 112, 45]| tp = [1, 1, 1, 1, 1, 2, 1, ] | dp = [1, 1, 1, 1, 1, 1, 1, ] | algo = [0, 0, 0, 0, 0, 0, 0, ] | rc = [12, 10, 8, 8, 6, 0, 0] | gpus = [1, 1, 1, 1, 1, 2, 1] | micro_bs = 2 | time = [16917, 17460, 17614, 18277, 17872, 43706, 18438] | memory = [26853, 27081, 26903, 23985, 23582, 25717, 16182]
>>>> [CONFIG: target(5), prim(dec_op)]
|22351.92|27957.24| op = [50, 62, 66, 62, 64, 55, 60]| tp = [1, 1, 1, 1, 1, 2, 1, ] | dp = [1, 1, 1, 1, 1, 1, 1, ] | algo = [0, 0, 0, 0, 0, 0, 0, ] | rc = [12, 16, 14, 15, 8, 0, 0] | gpus = [1, 1, 1, 1, 1, 2, 1] | micro_bs = 2 | time = [17643, 21819, 22221, 22274, 21834, 22340, 22351] | memory = [27813, 27189, 27755, 27957, 24748, 14250, 19476]
>>>> [CONFIG: target(6), prim(inc_dp)]
|22215.19|27957.24| op = [50, 62, 66, 62, 64, 55, 60]| tp = [1, 1, 1, 1, 1, 1, 1, ] | dp = [1, 1, 1, 1, 1, 1, 2, ] | algo = [0, 0, 0, 0, 0, 0, 0, ] | rc = [12, 16, 14, 15, 8, 0, 0] | gpus = [1, 1, 1, 1, 1, 1, 2] | micro_bs = 2 | time = [17583, 21759, 22161, 22215, 21775, 17415, 11919] | memory = [27813, 27189, 27755, 27957, 24748, 27300, 13528]
>>>> [CONFIG: target(3), prim(dec_op)]
|18132.16|27961.61| op = [50, 53, 55, 53, 53, 58, 97]| tp = [1, 1, 1, 1, 1, 1, 1, ] | dp = [1, 1, 1, 1, 1, 1, 2, ] | algo = [0, 0, 0, 0, 0, 0, 0, ] | rc = [12, 12, 8, 8, 6, 0, 0] | gpus = [1, 1, 1, 1, 1, 1, 2] | micro_bs = 2 | time = [17547, 18112, 18132, 17922, 17887, 17853, 17821] | memory = [27813, 27961, 27603, 23484, 24448, 27400, 20289]

[ Trial 8 ] |18132.16|27961.61| op = [50, 53, 55, 53, 53, 58, 97]| tp = [1, 1, 1, 1, 1, 1, 1, ] | dp = [1, 1, 1, 1, 1, 1, 2, ] | algo = [0, 0, 0, 0, 0, 0, 0, ] | rc = [12, 12, 8, 8, 6, 0, 0] | gpus = [1, 1, 1, 1, 1, 1, 2] | micro_bs = 2 | time = [17547, 18112, 18132, 17922, 17887, 17853, 17821] | memory = [27813, 27961, 27603, 23484, 24448, 27400, 20289]
>>>> [CONFIG: target(2), prim(inc_dp)]
|34909.79|27961.61| op = [50, 53, 55, 53, 53, 58, 97]| tp = [1, 1, 1, 1, 1, 1, 1, ] | dp = [1, 1, 2, 1, 1, 1, 1, ] | algo = [0, 0, 0, 0, 0, 0, 0, ] | rc = [12, 12, 0, 8, 6, 0, 8] | gpus = [1, 1, 2, 1, 1, 1, 1] | micro_bs = 2 | time = [17578, 18143, 9075, 17953, 17918, 17884, 34909] | memory = [27813, 27961, 27345, 23484, 24448, 27400, 27926]
>>>> [CONFIG: target(6), prim(dec_op)]
|18613.54|27961.61| op = [50, 53, 99, 52, 58, 59, 48]| tp = [1, 1, 1, 1, 1, 1, 1, ] | dp = [1, 1, 2, 1, 1, 1, 1, ] | algo = [0, 0, 0, 0, 0, 0, 0, ] | rc = [12, 12, 18, 8, 6, 0, 0] | gpus = [1, 1, 2, 1, 1, 1, 1] | micro_bs = 2 | time = [17550, 18115, 17748, 17330, 18613, 18081, 18609] | memory = [27813, 27961, 27448, 22944, 24442, 27680, 16352]
>>>> [CONFIG: target(4), prim(dec_op)]
|18345.83|27961.61| op = [50, 53, 102, 53, 54, 62, 45]| tp = [1, 1, 1, 1, 1, 1, 1, ] | dp = [1, 1, 2, 1, 1, 1, 1, ] | algo = [0, 0, 0, 0, 0, 0, 0, ] | rc = [12, 12, 18, 8, 6, 0, 0] | gpus = [1, 1, 2, 1, 1, 1, 1] | micro_bs = 2 | time = [17550, 18115, 17900, 18055, 17778, 18345, 18345] | memory = [27813, 27961, 27723, 23664, 23672, 27920, 16182]
>>>> [CONFIG: target(6), prim(inc_dp)]
|36047.98|27961.61| op = [50, 53, 102, 53, 54, 62, 45]| tp = [1, 1, 1, 1, 1, 1, 1, ] | dp = [1, 1, 1, 1, 1, 1, 2, ] | algo = [0, 0, 0, 0, 0, 0, 0, ] | rc = [12, 12, 34, 8, 6, 0, 0] | gpus = [1, 1, 1, 1, 1, 1, 2] | micro_bs = 2 | time = [17588, 18152, 36047, 18093, 17815, 18383, 9864] | memory = [27813, 27961, 27926, 23664, 23672, 27920, 11281]
>>>> [CONFIG: target(2), prim(inc_mbs)]
|42407.24|27921.25| op = [50, 53, 102, 53, 54, 62, 45]| tp = [1, 1, 1, 1, 1, 1, 1, ] | dp = [1, 1, 1, 1, 1, 1, 2, ] | algo = [0, 0, 0, 0, 0, 0, 0, ] | rc = [29, 27, 94, 16, 14, 18, 0] | gpus = [1, 1, 1, 1, 1, 1, 2] | micro_bs = 4 | time = [20646, 20865, 42407, 19840, 19629, 21866, 10056] | memory = [27511, 27891, 24608, 26769, 27041, 27921, 16182]
>>>> [CONFIG: target(2), prim(dec_op)]
|20741.26|27936.55| op = [50, 53, 52, 55, 53, 56, 100]| tp = [1, 1, 1, 1, 1, 1, 1, ] | dp = [1, 1, 1, 1, 1, 1, 2, ] | algo = [0, 0, 0, 0, 0, 0, 0, ] | rc = [29, 27, 20, 16, 14, 12, 12] | gpus = [1, 1, 1, 1, 1, 1, 2] | micro_bs = 4 | time = [20521, 20741, 19692, 19800, 19324, 20003, 18574] | memory = [27511, 27891, 27850, 27170, 26341, 27920, 27936]
>>>> [CONFIG: target(1), prim(dec_mbs)]
|18126.87|27961.61| op = [50, 53, 52, 55, 53, 56, 100]| tp = [1, 1, 1, 1, 1, 1, 1, ] | dp = [1, 1, 1, 1, 1, 1, 2, ] | algo = [0, 0, 0, 0, 0, 0, 0, ] | rc = [12, 12, 8, 8, 4, 0, 0] | gpus = [1, 1, 1, 1, 1, 1, 2] | micro_bs = 2 | time = [17542, 18106, 17475, 18126, 17205, 17465, 17966] | memory = [27813, 27961, 26853, 23865, 26728, 27240, 20436]

[ Trial 9 ] |18126.87|27961.61| op = [50, 53, 52, 55, 53, 56, 100]| tp = [1, 1, 1, 1, 1, 1, 1, ] | dp = [1, 1, 1, 1, 1, 1, 2, ] | algo = [0, 0, 0, 0, 0, 0, 0, ] | rc = [12, 12, 8, 8, 4, 0, 0] | gpus = [1, 1, 1, 1, 1, 1, 2] | micro_bs = 2 | time = [17542, 18106, 17475, 18126, 17205, 17465, 17966] | memory = [27813, 27961, 26853, 23865, 26728, 27240, 20436]
>>>> [CONFIG: target(3), prim(inc_dp)]
|35725.29|27961.61| op = [50, 53, 52, 55, 53, 56, 100]| tp = [1, 1, 1, 1, 1, 1, 1, ] | dp = [1, 1, 1, 2, 1, 1, 1, ] | algo = [0, 0, 0, 0, 0, 0, 0, ] | rc = [12, 12, 8, 0, 4, 0, 12] | gpus = [1, 1, 1, 2, 1, 1, 1] | micro_bs = 2 | time = [17575, 18140, 17509, 9072, 17239, 17499, 35725] | memory = [27813, 27961, 26853, 23172, 26728, 27240, 27936]
>>>> [CONFIG: target(6), prim(dec_op)]
|18608.07|27961.61| op = [50, 53, 52, 103, 54, 59, 48]| tp = [1, 1, 1, 1, 1, 1, 1, ] | dp = [1, 1, 1, 2, 1, 1, 1, ] | algo = [0, 0, 0, 0, 0, 0, 0, ] | rc = [12, 12, 8, 16, 6, 0, 0] | gpus = [1, 1, 1, 2, 1, 1, 1] | micro_bs = 2 | time = [17549, 18113, 17482, 18110, 17776, 18080, 18608] | memory = [27813, 27961, 26853, 25769, 23672, 27680, 16352]
>>>> [CONFIG: target(6), prim(dec_op)]
|18344.42|27961.61| op = [50, 53, 52, 103, 54, 62, 45]| tp = [1, 1, 1, 1, 1, 1, 1, ] | dp = [1, 1, 1, 2, 1, 1, 1, ] | algo = [0, 0, 0, 0, 0, 0, 0, ] | rc = [12, 12, 8, 16, 6, 0, 0] | gpus = [1, 1, 1, 2, 1, 1, 1] | micro_bs = 2 | time = [17549, 18113, 17482, 18110, 17776, 18344, 18344] | memory = [27813, 27961, 26853, 25769, 23672, 27920, 16182]
>>>> [CONFIG: target(6), prim(inc_dp)]
|36471.96|27961.61| op = [50, 53, 52, 103, 54, 62, 45]| tp = [1, 1, 1, 1, 1, 1, 1, ] | dp = [1, 1, 1, 1, 1, 1, 2, ] | algo = [0, 0, 0, 0, 0, 0, 0, ] | rc = [12, 12, 8, 32, 6, 0, 0] | gpus = [1, 1, 1, 1, 1, 1, 2] | micro_bs = 2 | time = [17587, 18152, 17521, 36471, 17815, 18382, 9864] | memory = [27813, 27961, 26853, 27793, 23672, 27920, 11281]
>>>> [CONFIG: target(3), prim(dec_op)]
|18108.72|27961.61| op = [50, 53, 52, 53, 55, 59, 97]| tp = [1, 1, 1, 1, 1, 1, 1, ] | dp = [1, 1, 1, 1, 1, 1, 2, ] | algo = [0, 0, 0, 0, 0, 0, 0, ] | rc = [12, 12, 8, 8, 6, 0, 0] | gpus = [1, 1, 1, 1, 1, 1, 2] | micro_bs = 2 | time = [17543, 18108, 17477, 18028, 17662, 17731, 17817] | memory = [27813, 27961, 26853, 23664, 23422, 27480, 20289]

[ Trial 10 ] |18108.72|27961.61| op = [50, 53, 52, 53, 55, 59, 97]| tp = [1, 1, 1, 1, 1, 1, 1, ] | dp = [1, 1, 1, 1, 1, 1, 2, ] | algo = [0, 0, 0, 0, 0, 0, 0, ] | rc = [12, 12, 8, 8, 6, 0, 0] | gpus = [1, 1, 1, 1, 1, 1, 2] | micro_bs = 2 | time = [17543, 18108, 17477, 18028, 17662, 17731, 17817] | memory = [27813, 27961, 26853, 23664, 23422, 27480, 20289]
>>>> [CONFIG: target(1), prim(inc_dp)]
|34906.70|27926.52| op = [50, 53, 52, 53, 55, 59, 97]| tp = [1, 1, 1, 1, 1, 1, 1, ] | dp = [1, 2, 1, 1, 1, 1, 1, ] | algo = [0, 0, 0, 0, 0, 0, 0, ] | rc = [12, 4, 8, 8, 6, 0, 8] | gpus = [1, 2, 1, 1, 1, 1, 1] | micro_bs = 2 | time = [17575, 9146, 17509, 18060, 17694, 17763, 34906] | memory = [27813, 24812, 26853, 23664, 23422, 27480, 27926]
>>>> [CONFIG: target(6), prim(inc_tp)]
|41372.58|27961.61| op = [50, 53, 52, 53, 55, 59, 97]| tp = [1, 1, 1, 1, 1, 1, 2, ] | dp = [1, 1, 1, 1, 1, 1, 1, ] | algo = [0, 0, 0, 0, 0, 0, 0, ] | rc = [12, 12, 8, 8, 6, 0, 0] | gpus = [1, 1, 1, 1, 1, 1, 2] | micro_bs = 2 | time = [17635, 18200, 17569, 18120, 17754, 17823, 41372] | memory = [27813, 27961, 26853, 23664, 23422, 27480, 15134]
>>>> [CONFIG: target(6), prim(dec_op)]
|21832.90|27713.24| op = [52, 63, 61, 65, 64, 67, 47]| tp = [1, 1, 1, 1, 1, 1, 2, ] | dp = [1, 1, 1, 1, 1, 1, 1, ] | algo = [0, 0, 0, 0, 0, 0, 0, ] | rc = [14, 16, 14, 10, 9, 4, 0] | gpus = [1, 1, 1, 1, 1, 1, 2] | micro_bs = 2 | time = [18583, 21832, 21346, 21581, 21619, 21554, 21369] | memory = [25329, 27009, 26655, 27713, 26608, 26828, 8416]
>>>> [CONFIG: target(1), prim(inc_dp)]
|21566.89|27713.24| op = [52, 63, 61, 65, 64, 67, 47]| tp = [1, 1, 1, 1, 1, 1, 1, ] | dp = [1, 2, 1, 1, 1, 1, 1, ] | algo = [0, 0, 0, 0, 0, 0, 0, ] | rc = [14, 10, 14, 10, 9, 4, 0] | gpus = [1, 2, 1, 1, 1, 1, 1] | micro_bs = 2 | time = [18531, 11226, 21294, 21529, 21566, 21501, 18477] | memory = [25329, 20656, 26655, 27713, 26608, 26828, 16232]
>>>> [CONFIG: target(4), prim(dec_op)]
|18345.86|27920.63| op = [51, 99, 55, 53, 54, 62, 45]| tp = [1, 1, 1, 1, 1, 1, 1, ] | dp = [1, 2, 1, 1, 1, 1, 1, ] | algo = [0, 0, 0, 0, 0, 0, 0, ] | rc = [14, 22, 8, 8, 6, 0, 0] | gpus = [1, 2, 1, 1, 1, 1, 1] | micro_bs = 2 | time = [17926, 18052, 17594, 18055, 17778, 18345, 18345] | memory = [27813, 27623, 27003, 23664, 23672, 27920, 16182]
>>>> [CONFIG: target(6), prim(inc_dp)]
|37174.49|27920.63| op = [51, 99, 55, 53, 54, 62, 45]| tp = [1, 1, 1, 1, 1, 1, 1, ] | dp = [1, 1, 1, 1, 1, 1, 2, ] | algo = [0, 0, 0, 0, 0, 0, 0, ] | rc = [14, 44, 8, 8, 6, 0, 0] | gpus = [1, 1, 1, 1, 1, 1, 2] | micro_bs = 2 | time = [17967, 37174, 17636, 18097, 17819, 18387, 9868] | memory = [27813, 27906, 27003, 23664, 23672, 27920, 11281]
>>>> [CONFIG: target(1), prim(dec_op)]
|18061.43|27961.49| op = [51, 52, 54, 54, 53, 58, 97]| tp = [1, 1, 1, 1, 1, 1, 1, ] | dp = [1, 1, 1, 1, 1, 1, 2, ] | algo = [0, 0, 0, 0, 0, 0, 0, ] | rc = [14, 10, 8, 8, 6, 0, 0] | gpus = [1, 1, 1, 1, 1, 1, 2] | micro_bs = 2 | time = [17922, 17781, 18061, 17952, 17887, 17853, 17821] | memory = [27813, 27961, 27503, 23485, 24448, 27400, 20289]

[ Trial 11 ] |18061.43|27961.49| op = [51, 52, 54, 54, 53, 58, 97]| tp = [1, 1, 1, 1, 1, 1, 1, ] | dp = [1, 1, 1, 1, 1, 1, 2, ] | algo = [0, 0, 0, 0, 0, 0, 0, ] | rc = [14, 10, 8, 8, 6, 0, 0] | gpus = [1, 1, 1, 1, 1, 1, 2] | micro_bs = 2 | time = [17922, 17781, 18061, 17952, 17887, 17853, 17821] | memory = [27813, 27961, 27503, 23485, 24448, 27400, 20289]
>>>> [CONFIG: target(2), prim(inc_dp)]
|34909.93|27961.49| op = [51, 52, 54, 54, 53, 58, 97]| tp = [1, 1, 1, 1, 1, 1, 1, ] | dp = [1, 1, 2, 1, 1, 1, 1, ] | algo = [0, 0, 0, 0, 0, 0, 0, ] | rc = [14, 10, 0, 8, 6, 0, 8] | gpus = [1, 1, 2, 1, 1, 1, 1] | micro_bs = 2 | time = [17954, 17812, 9037, 17983, 17918, 17884, 34909] | memory = [27813, 27961, 27295, 23485, 24448, 27400, 27926]
>>>> [CONFIG: target(6), prim(dec_mbs)]
|35038.95|24572.77| op = [51, 52, 54, 54, 53, 58, 97]| tp = [1, 1, 2, 1, 1, 1, 1, ] | dp = [1, 1, 1, 1, 1, 1, 1, ] | algo = [0, 0, 0, 0, 0, 0, 0, ] | rc = [8, 4, 0, 0, 0, 0, 0] | gpus = [1, 1, 2, 1, 1, 1, 1] | micro_bs = 1 | time = [17914, 17495, 23806, 17299, 17499, 18591, 35038] | memory = [20761, 24572, 14435, 22932, 19232, 16150, 20289]
>>>> [CONFIG: target(6), prim(dec_op)]
|23137.36|27800.66| op = [51, 57, 48, 65, 65, 73, 60]| tp = [1, 1, 2, 1, 1, 1, 1, ] | dp = [1, 1, 1, 1, 1, 1, 1, ] | algo = [0, 0, 0, 0, 0, 0, 0, ] | rc = [8, 6, 0, 0, 0, 0, 0] | gpus = [1, 1, 2, 1, 1, 1, 1] | micro_bs = 1 | time = [17912, 20039, 21311, 20594, 20594, 23079, 23137] | memory = [20761, 23742, 13685, 27800, 22670, 19754, 13528]
>>>> [CONFIG: target(6), prim(inc_mbs)]
|23515.31|27813.85| op = [51, 57, 48, 65, 65, 73, 60]| tp = [1, 1, 1, 1, 1, 1, 1, ] | dp = [1, 1, 2, 1, 1, 1, 1, ] | algo = [0, 0, 0, 0, 0, 0, 0, ] | rc = [14, 14, 0, 10, 10, 8, 0] | gpus = [1, 1, 2, 1, 1, 1, 1] | micro_bs = 2 | time = [17962, 20496, 8353, 21535, 21535, 23515, 22295] | memory = [27813, 26369, 26045, 27713, 23212, 25044, 19476]
>>>> [CONFIG: target(5), prim(inc_dp)]
|22283.32|27813.85| op = [51, 57, 48, 65, 65, 73, 60]| tp = [1, 1, 1, 1, 1, 1, 1, ] | dp = [1, 1, 1, 1, 1, 2, 1, ] | algo = [0, 0, 0, 0, 0, 0, 0, ] | rc = [14, 14, 8, 10, 10, 0, 0] | gpus = [1, 1, 1, 1, 1, 2, 1] | micro_bs = 2 | time = [17950, 20483, 16866, 21522, 21522, 11881, 22283] | memory = [27813, 26369, 25703, 27713, 23212, 19754, 19476]
>>>> [CONFIG: target(6), prim(inc_dp)]
|23508.06|27813.85| op = [51, 57, 48, 65, 65, 73, 60]| tp = [1, 1, 1, 1, 1, 1, 1, ] | dp = [1, 1, 1, 1, 1, 1, 2, ] | algo = [0, 0, 0, 0, 0, 0, 0, ] | rc = [14, 14, 8, 10, 10, 8, 0] | gpus = [1, 1, 1, 1, 1, 1, 2] | micro_bs = 2 | time = [17955, 20488, 16871, 21527, 21527, 23508, 11915] | memory = [27813, 26369, 25703, 27713, 23212, 25044, 13528]
>>>> [CONFIG: target(5), prim(dec_op)]
|18032.56|27961.49| op = [51, 52, 53, 55, 53, 58, 97]| tp = [1, 1, 1, 1, 1, 1, 1, ] | dp = [1, 1, 1, 1, 1, 1, 2, ] | algo = [0, 0, 0, 0, 0, 0, 0, ] | rc = [14, 10, 8, 8, 6, 0, 0] | gpus = [1, 1, 1, 1, 1, 1, 2] | micro_bs = 2 | time = [17923, 17781, 18032, 18022, 17887, 17853, 17821] | memory = [27813, 27961, 27353, 23685, 24448, 27400, 20289]

[ Trial 12 ] |18032.56|27961.49| op = [51, 52, 53, 55, 53, 58, 97]| tp = [1, 1, 1, 1, 1, 1, 1, ] | dp = [1, 1, 1, 1, 1, 1, 2, ] | algo = [0, 0, 0, 0, 0, 0, 0, ] | rc = [14, 10, 8, 8, 6, 0, 0] | gpus = [1, 1, 1, 1, 1, 1, 2] | micro_bs = 2 | time = [17923, 17781, 18032, 18022, 17887, 17853, 17821] | memory = [27813, 27961, 27353, 23685, 24448, 27400, 20289]
>>>> [CONFIG: target(3), prim(inc_dp)]
|34910.24|27961.49| op = [51, 52, 53, 55, 53, 58, 97]| tp = [1, 1, 1, 1, 1, 1, 1, ] | dp = [1, 1, 1, 2, 1, 1, 1, ] | algo = [0, 0, 0, 0, 0, 0, 0, ] | rc = [14, 10, 8, 0, 6, 0, 8] | gpus = [1, 1, 1, 2, 1, 1, 1] | micro_bs = 2 | time = [17954, 17812, 18064, 9037, 17919, 17885, 34910] | memory = [27813, 27961, 27353, 23032, 24448, 27400, 27926]
>>>> [CONFIG: target(6), prim(dec_op)]
|18614.44|27961.49| op = [51, 52, 53, 98, 58, 59, 48]| tp = [1, 1, 1, 1, 1, 1, 1, ] | dp = [1, 1, 1, 2, 1, 1, 1, ] | algo = [0, 0, 0, 0, 0, 0, 0, ] | rc = [14, 10, 8, 16, 6, 0, 0] | gpus = [1, 1, 1, 2, 1, 1, 1] | micro_bs = 2 | time = [17926, 17785, 18036, 17228, 18614, 18082, 18610] | memory = [27813, 27961, 27353, 24408, 24442, 27680, 16352]
>>>> [CONFIG: target(4), prim(inc_dp)]
|34752.25|27961.49| op = [51, 52, 53, 98, 58, 59, 48]| tp = [1, 1, 1, 1, 1, 1, 1, ] | dp = [1, 1, 1, 1, 2, 1, 1, ] | algo = [0, 0, 0, 0, 0, 0, 0, ] | rc = [14, 10, 8, 32, 0, 0, 0] | gpus = [1, 1, 1, 1, 2, 1, 1] | micro_bs = 2 | time = [17959, 17817, 18068, 34752, 9501, 18115, 18642] | memory = [27813, 27961, 27353, 27701, 19679, 27680, 16352]
>>>> [CONFIG: target(3), prim(dec_op)]
|18344.31|27961.49| op = [51, 52, 53, 54, 102, 62, 45]| tp = [1, 1, 1, 1, 1, 1, 1, ] | dp = [1, 1, 1, 1, 2, 1, 1, ] | algo = [0, 0, 0, 0, 0, 0, 0, ] | rc = [14, 10, 8, 8, 14, 0, 0] | gpus = [1, 1, 1, 1, 2, 1, 1] | micro_bs = 2 | time = [17924, 17782, 18033, 17429, 17833, 18344, 18344] | memory = [27813, 27961, 27353, 23145, 23873, 27920, 16182]
>>>> [CONFIG: target(6), prim(inc_dp)]
|35436.35|27961.49| op = [51, 52, 53, 54, 102, 62, 45]| tp = [1, 1, 1, 1, 1, 1, 1, ] | dp = [1, 1, 1, 1, 1, 1, 2, ] | algo = [0, 0, 0, 0, 0, 0, 0, ] | rc = [14, 10, 8, 8, 26, 0, 0] | gpus = [1, 1, 1, 1, 1, 1, 2] | micro_bs = 2 | time = [17959, 17818, 18069, 17464, 35436, 18379, 9861] | memory = [27813, 27961, 27353, 23145, 27523, 27920, 11281]
>>>> [CONFIG: target(4), prim(dec_op)]
|18027.11|27961.49| op = [51, 52, 53, 54, 53, 59, 97]| tp = [1, 1, 1, 1, 1, 1, 1, ] | dp = [1, 1, 1, 1, 1, 1, 2, ] | algo = [0, 0, 0, 0, 0, 0, 0, ] | rc = [14, 10, 8, 8, 4, 0, 0] | gpus = [1, 1, 1, 1, 1, 1, 2] | micro_bs = 2 | time = [17917, 17775, 18027, 17422, 17205, 17729, 17815] | memory = [27813, 27961, 27353, 23145, 26728, 27480, 20289]

[ Trial 13 ] |18027.11|27961.49| op = [51, 52, 53, 54, 53, 59, 97]| tp = [1, 1, 1, 1, 1, 1, 1, ] | dp = [1, 1, 1, 1, 1, 1, 2, ] | algo = [0, 0, 0, 0, 0, 0, 0, ] | rc = [14, 10, 8, 8, 4, 0, 0] | gpus = [1, 1, 1, 1, 1, 1, 2] | micro_bs = 2 | time = [17917, 17775, 18027, 17422, 17205, 17729, 17815] | memory = [27813, 27961, 27353, 23145, 26728, 27480, 20289]
>>>> [CONFIG: target(2), prim(inc_dp)]
|34904.67|27961.49| op = [51, 52, 53, 54, 53, 59, 97]| tp = [1, 1, 1, 1, 1, 1, 1, ] | dp = [1, 1, 2, 1, 1, 1, 1, ] | algo = [0, 0, 0, 0, 0, 0, 0, ] | rc = [14, 10, 0, 8, 4, 0, 8] | gpus = [1, 1, 2, 1, 1, 1, 1] | micro_bs = 2 | time = [17949, 17807, 9010, 17453, 17237, 17761, 34904] | memory = [27813, 27961, 27220, 23145, 26728, 27480, 27926]
>>>> [CONFIG: target(6), prim(inc_mbs)]
|38873.35|27981.12| op = [51, 52, 53, 54, 53, 59, 97]| tp = [1, 1, 1, 1, 1, 1, 1, ] | dp = [1, 1, 2, 1, 1, 1, 1, ] | algo = [0, 0, 0, 0, 0, 0, 0, ] | rc = [30, 26, 8, 16, 14, 14, 30] | gpus = [1, 1, 2, 1, 1, 1, 1] | micro_bs = 4 | time = [20729, 20777, 9857, 19177, 19404, 20624, 38873] | memory = [27511, 27530, 27353, 26130, 26341, 27981, 27853]
>>>> [CONFIG: target(6), prim(dec_op)]
|21910.66|27961.49| op = [51, 45, 102, 56, 51, 59, 55]| tp = [1, 1, 1, 1, 1, 1, 1, ] | dp = [1, 1, 2, 1, 1, 1, 1, ] | algo = [0, 0, 0, 0, 0, 0, 0, ] | rc = [30, 16, 50, 20, 21, 12, 4] | gpus = [1, 1, 2, 1, 1, 1, 1] | micro_bs = 4 | time = [20679, 17932, 20043, 21216, 19942, 20969, 21910] | memory = [27511, 27870, 27796, 26209, 27961, 27613, 27788]
>>>> [CONFIG: target(6), prim(inc_dp)]
|43383.02|27961.49| op = [51, 45, 102, 56, 51, 59, 55]| tp = [1, 1, 1, 1, 1, 1, 1, ] | dp = [1, 1, 1, 1, 1, 1, 2, ] | algo = [0, 0, 0, 0, 0, 0, 0, ] | rc = [30, 16, 102, 20, 21, 12, 0] | gpus = [1, 1, 1, 1, 1, 1, 2] | micro_bs = 4 | time = [20777, 18031, 43383, 21314, 20040, 21068, 11274] | memory = [27511, 27870, 27328, 26209, 27961, 27613, 18446]
>>>> [CONFIG: target(2), prim(dec_op)]
|22183.92|27940.99| op = [51, 45, 52, 50, 53, 56, 112]| tp = [1, 1, 1, 1, 1, 1, 1, ] | dp = [1, 1, 1, 1, 1, 1, 2, ] | algo = [0, 0, 0, 0, 0, 0, 0, ] | rc = [30, 16, 32, 20, 20, 13, 12] | gpus = [1, 1, 1, 1, 1, 1, 2] | micro_bs = 4 | time = [20672, 17925, 22183, 19430, 20490, 20493, 20560] | memory = [27511, 27870, 27489, 27905, 27553, 27940, 26692]
>>>> [CONFIG: target(2), prim(dec_mbs)]
|19880.11|27813.85| op = [51, 45, 52, 50, 53, 56, 112]| tp = [1, 1, 1, 1, 1, 1, 1, ] | dp = [1, 1, 1, 1, 1, 1, 2, ] | algo = [0, 0, 0, 0, 0, 0, 0, ] | rc = [14, 8, 10, 8, 6, 0, 0] | gpus = [1, 1, 1, 1, 1, 1, 2] | micro_bs = 2 | time = [17923, 16061, 18661, 17160, 17887, 17752, 19880] | memory = [27813, 25961, 27065, 22944, 24448, 27300, 22686]
>>>> [CONFIG: target(6), prim(dec_op)]
|17975.72|27813.85| op = [51, 51, 52, 52, 56, 57, 100]| tp = [1, 1, 1, 1, 1, 1, 1, ] | dp = [1, 1, 1, 1, 1, 1, 2, ] | algo = [0, 0, 0, 0, 0, 0, 0, ] | rc = [14, 10, 8, 8, 6, 0, 0] | gpus = [1, 1, 1, 1, 1, 1, 2] | micro_bs = 2 | time = [17919, 17679, 17477, 17477, 17871, 17975, 17968] | memory = [27813, 27481, 26853, 23185, 23822, 27580, 20436]

[ Trial 14 ] |17975.72|27813.85| op = [51, 51, 52, 52, 56, 57, 100]| tp = [1, 1, 1, 1, 1, 1, 1, ] | dp = [1, 1, 1, 1, 1, 1, 2, ] | algo = [0, 0, 0, 0, 0, 0, 0, ] | rc = [14, 10, 8, 8, 6, 0, 0] | gpus = [1, 1, 1, 1, 1, 1, 2] | micro_bs = 2 | time = [17919, 17679, 17477, 17477, 17871, 17975, 17968] | memory = [27813, 27481, 26853, 23185, 23822, 27580, 20436]
>>>> [CONFIG: target(5), prim(inc_mbs)]
|20830.04|27980.99| op = [51, 51, 52, 52, 56, 57, 100]| tp = [1, 1, 1, 1, 1, 1, 1, ] | dp = [1, 1, 1, 1, 1, 1, 2, ] | algo = [0, 0, 0, 0, 0, 0, 0, ] | rc = [30, 25, 20, 16, 14, 14, 12] | gpus = [1, 1, 1, 1, 1, 1, 2] | micro_bs = 4 | time = [20651, 20572, 19626, 19131, 19599, 20830, 18577] | memory = [27511, 27530, 27850, 26210, 27341, 27980, 27936]
>>>> [CONFIG: target(5), prim(inc_dp)]
|39412.39|27933.09| op = [51, 51, 52, 52, 56, 57, 100]| tp = [1, 1, 1, 1, 1, 1, 1, ] | dp = [1, 1, 1, 1, 1, 2, 1, ] | algo = [0, 0, 0, 0, 0, 0, 0, ] | rc = [30, 25, 20, 16, 14, 0, 32] | gpus = [1, 1, 1, 1, 1, 2, 1] | micro_bs = 4 | time = [20727, 20648, 19702, 19207, 19675, 9829, 39412] | memory = [27511, 27530, 27850, 26210, 27341, 27580, 27933]
>>>> [CONFIG: target(6), prim(dec_op)]
|19854.41|27850.48| op = [49, 49, 54, 54, 56, 109, 48]| tp = [1, 1, 1, 1, 1, 1, 1, ] | dp = [1, 1, 1, 1, 1, 2, 1, ] | algo = [0, 0, 0, 0, 0, 0, 0, ] | rc = [24, 24, 20, 16, 14, 22, 0] | gpus = [1, 1, 1, 1, 1, 2, 1] | micro_bs = 4 | time = [19221, 19854, 19741, 19723, 19579, 19220, 18991] | memory = [27811, 27190, 27850, 26770, 27341, 27612, 26204]
>>>> [CONFIG: target(1), prim(dec_mbs)]
|18602.69|27588.51| op = [49, 49, 54, 54, 56, 109, 48]| tp = [1, 1, 1, 1, 1, 1, 1, ] | dp = [1, 1, 1, 1, 1, 2, 1, ] | algo = [0, 0, 0, 0, 0, 0, 0, ] | rc = [12, 10, 8, 8, 6, 4, 0] | gpus = [1, 1, 1, 1, 1, 2, 1] | micro_bs = 2 | time = [16818, 17360, 17515, 18080, 17871, 18062, 18602] | memory = [26853, 27081, 26903, 23665, 23822, 27588, 16352]
>>>> [CONFIG: target(6), prim(dec_op)]
|18338.60|27758.54| op = [49, 49, 54, 54, 56, 112, 45]| tp = [1, 1, 1, 1, 1, 1, 1, ] | dp = [1, 1, 1, 1, 1, 2, 1, ] | algo = [0, 0, 0, 0, 0, 0, 0, ] | rc = [12, 10, 8, 8, 6, 4, 0] | gpus = [1, 1, 1, 1, 1, 2, 1] | micro_bs = 2 | time = [16818, 17360, 17515, 18079, 17870, 18213, 18338] | memory = [26853, 27081, 26903, 23665, 23822, 27758, 16182]
>>>> [CONFIG: target(6), prim(inc_dp)]
|37328.16|27853.05| op = [49, 49, 54, 54, 56, 112, 45]| tp = [1, 1, 1, 1, 1, 1, 1, ] | dp = [1, 1, 1, 1, 1, 1, 2, ] | algo = [0, 0, 0, 0, 0, 0, 0, ] | rc = [12, 10, 8, 8, 6, 22, 0] | gpus = [1, 1, 1, 1, 1, 1, 2] | micro_bs = 2 | time = [16859, 17401, 17556, 18121, 17912, 37328, 9861] | memory = [26853, 27081, 26903, 23665, 23822, 27853, 11281]
>>>> [CONFIG: target(5), prim(dec_op)]
|17974.64|27961.61| op = [50, 52, 52, 52, 56, 57, 100]| tp = [1, 1, 1, 1, 1, 1, 1, ] | dp = [1, 1, 1, 1, 1, 1, 2, ] | algo = [0, 0, 0, 0, 0, 0, 0, ] | rc = [12, 10, 8, 8, 6, 0, 0] | gpus = [1, 1, 1, 1, 1, 1, 2] | micro_bs = 2 | time = [17542, 17776, 17476, 17476, 17870, 17974, 17967] | memory = [27813, 27961, 26853, 23185, 23822, 27580, 20436]

num_targets: [1, 1, 1, 1, 1, 1, 1, 1, 1, 1, 1, 1, 2, 1, 1]
num_hops: [1, 2, 1, 1, 1, 7, 7, 7, 7, 5, 7, 7, 6, 7, 7]
search time = 200.06 s.  [0, 1, 2, 3, 4, 5, 6, 8, 18, 23, 27, 45, 80, 124, 153, 170, 209] 
num_explored_cases = 13076
time trend: [25909, 25104, 21617, 21532, 19237, 18343, 18341, 18338, 18132, 18126, 18108, 18061, 18032, 18027, 17975, 17974, 17974]

working on num_stages = 6
config has been saved to /home/liminglong.lml/sxz/SuperScaler/logs-large/aceso/configs/mbs/512/gpt_2_6B_6stages_2026-5-16-3-10-8.json

========== Best Result (num_stages = 6) ==========
|17984.50|27723.28| op = [51, 102, 53, 55, 58, 100]| tp = [1, 1, 1, 1, 1, 1, ] | dp = [1, 2, 1, 1, 1, 2, ] | algo = [0, 0, 0, 0, 0, 0, ] | rc = [12, 18, 8, 6, 0, 0] | gpus = [1, 2, 1, 1, 1, 2] | micro_bs = 2 | time = [17577, 17828, 17984, 17735, 17940, 17903] | memory = [25849, 27723, 23664, 23762, 27580, 20436]
start|30898.88|26892.72| op = [69, 69, 69, 69, 69, 74]| tp = [2, 2, 1, 1, 1, 1, ] | dp = [1, 1, 1, 1, 1, 1, ] | algo = [0, 0, 0, 0, 0, 0, ] | rc = [0, 0, 2, 0, 0, 0] | gpus = [2, 2, 1, 1, 1, 1] | micro_bs = 1 | time = [30898, 29950, 21928, 22133, 22210, 27342] | memory = [22259, 19570, 26892, 23655, 19264, 15860]

[ Trial 0 ] |30898.88|26892.72| op = [69, 69, 69, 69, 69, 74]| tp = [2, 2, 1, 1, 1, 1, ] | dp = [1, 1, 1, 1, 1, 1, ] | algo = [0, 0, 0, 0, 0, 0, ] | rc = [0, 0, 2, 0, 0, 0] | gpus = [2, 2, 1, 1, 1, 1] | micro_bs = 1 | time = [30898, 29950, 21928, 22133, 22210, 27342] | memory = [22259, 19570, 26892, 23655, 19264, 15860]
>>>> [CONFIG: target(0), prim(dec_tp)]
|29951.82|26892.72| op = [69, 69, 69, 69, 69, 74]| tp = [1, 2, 1, 1, 2, 1, ] | dp = [1, 1, 1, 1, 1, 1, ] | algo = [0, 0, 0, 0, 0, 0, ] | rc = [10, 0, 2, 0, 0, 0] | gpus = [1, 2, 1, 1, 2, 1] | micro_bs = 1 | time = [24482, 29951, 21930, 22135, 29219, 27343] | memory = [25489, 19570, 26892, 23655, 9992, 15860]

[ Trial 1 ] |29951.82|26892.72| op = [69, 69, 69, 69, 69, 74]| tp = [1, 2, 1, 1, 2, 1, ] | dp = [1, 1, 1, 1, 1, 1, ] | algo = [0, 0, 0, 0, 0, 0, ] | rc = [10, 0, 2, 0, 0, 0] | gpus = [1, 2, 1, 1, 2, 1] | micro_bs = 1 | time = [24482, 29951, 21930, 22135, 29219, 27343] | memory = [25489, 19570, 26892, 23655, 9992, 15860]
>>>> [CONFIG: target(1), prim(dec_tp)]
|29481.27|25489.10| op = [69, 69, 69, 69, 69, 74]| tp = [1, 1, 2, 1, 2, 1, ] | dp = [1, 1, 1, 1, 1, 1, ] | algo = [0, 0, 0, 0, 0, 0, ] | rc = [10, 10, 0, 0, 0, 0] | gpus = [1, 1, 2, 1, 2, 1] | micro_bs = 1 | time = [24485, 24330, 29481, 22138, 29223, 27347] | memory = [25489, 23466, 15100, 23655, 9992, 15860]

[ Trial 2 ] |29481.27|25489.10| op = [69, 69, 69, 69, 69, 74]| tp = [1, 1, 2, 1, 2, 1, ] | dp = [1, 1, 1, 1, 1, 1, ] | algo = [0, 0, 0, 0, 0, 0, ] | rc = [10, 10, 0, 0, 0, 0] | gpus = [1, 1, 2, 1, 2, 1] | micro_bs = 1 | time = [24485, 24330, 29481, 22138, 29223, 27347] | memory = [25489, 23466, 15100, 23655, 9992, 15860]
>>>> [CONFIG: target(2), prim(inc_mbs)]
|26216.35|27905.55| op = [69, 69, 69, 69, 69, 74]| tp = [1, 1, 1, 1, 1, 1, ] | dp = [1, 1, 2, 1, 2, 1, ] | algo = [0, 0, 0, 0, 0, 0, ] | rc = [20, 19, 2, 10, 0, 0] | gpus = [1, 1, 2, 1, 2, 1] | micro_bs = 2 | time = [24774, 24741, 11258, 22880, 11399, 26216] | memory = [27738, 27905, 26892, 24483, 19264, 22840]

[ Trial 3 ] |26216.35|27905.55| op = [69, 69, 69, 69, 69, 74]| tp = [1, 1, 1, 1, 1, 1, ] | dp = [1, 1, 2, 1, 2, 1, ] | algo = [0, 0, 0, 0, 0, 0, ] | rc = [20, 19, 2, 10, 0, 0] | gpus = [1, 1, 2, 1, 2, 1] | micro_bs = 2 | time = [24774, 24741, 11258, 22880, 11399, 26216] | memory = [27738, 27905, 26892, 24483, 19264, 22840]
>>>> [CONFIG: target(5), prim(dec_op)]
|18858.14|27348.51| op = [55, 54, 102, 53, 108, 47]| tp = [1, 1, 1, 1, 1, 1, ] | dp = [1, 1, 2, 1, 2, 1, ] | algo = [0, 0, 0, 0, 0, 0, ] | rc = [12, 10, 16, 6, 4, 0] | gpus = [1, 1, 2, 1, 2, 1] | micro_bs = 2 | time = [18833, 18858, 17917, 17829, 17859, 18386] | memory = [27329, 27265, 25809, 24448, 27348, 16232]

[ Trial 4 ] |18858.14|27348.51| op = [55, 54, 102, 53, 108, 47]| tp = [1, 1, 1, 1, 1, 1, ] | dp = [1, 1, 2, 1, 2, 1, ] | algo = [0, 0, 0, 0, 0, 0, ] | rc = [12, 10, 16, 6, 4, 0] | gpus = [1, 1, 2, 1, 2, 1] | micro_bs = 2 | time = [18833, 18858, 17917, 17829, 17859, 18386] | memory = [27329, 27265, 25809, 24448, 27348, 16232]
>>>> [CONFIG: target(1), prim(dec_op)]
|18274.83|27438.54| op = [54, 53, 103, 53, 111, 45]| tp = [1, 1, 1, 1, 1, 1, ] | dp = [1, 1, 2, 1, 2, 1, ] | algo = [0, 0, 0, 0, 0, 0, ] | rc = [12, 8, 16, 4, 4, 0] | gpus = [1, 1, 2, 1, 2, 1] | micro_bs = 2 | time = [18229, 17854, 17716, 17143, 17859, 18274] | memory = [26669, 27153, 25469, 26728, 27438, 16182]

[ Trial 5 ] |18274.83|27438.54| op = [54, 53, 103, 53, 111, 45]| tp = [1, 1, 1, 1, 1, 1, ] | dp = [1, 1, 2, 1, 2, 1, ] | algo = [0, 0, 0, 0, 0, 0, ] | rc = [12, 8, 16, 4, 4, 0] | gpus = [1, 1, 2, 1, 2, 1] | micro_bs = 2 | time = [18229, 17854, 17716, 17143, 17859, 18274] | memory = [26669, 27153, 25469, 26728, 27438, 16182]
>>>> [CONFIG: target(5), prim(inc_mbs)]
|21119.19|27813.98| op = [54, 53, 103, 53, 111, 45]| tp = [1, 1, 1, 1, 1, 1, ] | dp = [1, 1, 2, 1, 2, 1, ] | algo = [0, 0, 0, 0, 0, 0, ] | rc = [28, 22, 30, 14, 22, 0] | gpus = [1, 1, 2, 1, 2, 1] | micro_bs = 4 | time = [21119, 20306, 18363, 19165, 18957, 18590] | memory = [27571, 27350, 27813, 26341, 27513, 25964]
>>>> [CONFIG: target(0), prim(dec_op)]
|19233.70|27851.16| op = [49, 51, 107, 53, 111, 48]| tp = [1, 1, 1, 1, 1, 1, ] | dp = [1, 1, 2, 1, 2, 1, ] | algo = [0, 0, 0, 0, 0, 0, ] | rc = [20, 18, 32, 14, 22, 0] | gpus = [1, 1, 2, 1, 2, 1] | micro_bs = 4 | time = [18497, 19039, 19172, 19233, 19108, 18830] | memory = [27851, 27850, 27186, 26561, 27713, 26204]
>>>> [CONFIG: target(3), prim(dec_mbs)]
|18535.40|27638.55| op = [49, 51, 107, 53, 111, 48]| tp = [1, 1, 1, 1, 1, 1, ] | dp = [1, 1, 2, 1, 2, 1, ] | algo = [0, 0, 0, 0, 0, 0, ] | rc = [10, 8, 16, 6, 4, 0] | gpus = [1, 1, 2, 1, 2, 1] | micro_bs = 2 | time = [16451, 17184, 18442, 17605, 18055, 18535] | memory = [27561, 26453, 26529, 23432, 27638, 16352]
>>>> [CONFIG: target(5), prim(dec_op)]
|18273.23|27758.58| op = [49, 53, 105, 54, 113, 45]| tp = [1, 1, 1, 1, 1, 1, ] | dp = [1, 1, 2, 1, 2, 1, ] | algo = [0, 0, 0, 0, 0, 0, ] | rc = [10, 8, 16, 6, 4, 0] | gpus = [1, 1, 2, 1, 2, 1] | micro_bs = 2 | time = [16452, 17983, 18143, 17636, 18171, 18273] | memory = [27561, 27353, 26089, 23522, 27758, 16182]

[ Trial 6 ] |18273.23|27758.58| op = [49, 53, 105, 54, 113, 45]| tp = [1, 1, 1, 1, 1, 1, ] | dp = [1, 1, 2, 1, 2, 1, ] | algo = [0, 0, 0, 0, 0, 0, ] | rc = [10, 8, 16, 6, 4, 0] | gpus = [1, 1, 2, 1, 2, 1] | micro_bs = 2 | time = [16452, 17983, 18143, 17636, 18171, 18273] | memory = [27561, 27353, 26089, 23522, 27758, 16182]
>>>> [CONFIG: target(5), prim(inc_mbs)]
|20389.37|27853.12| op = [49, 53, 105, 54, 113, 45]| tp = [1, 1, 1, 1, 1, 1, ] | dp = [1, 1, 2, 1, 2, 1, ] | algo = [0, 0, 0, 0, 0, 0, ] | rc = [20, 22, 32, 14, 22, 0] | gpus = [1, 1, 2, 1, 2, 1] | micro_bs = 4 | time = [18504, 20389, 18879, 19265, 19212, 18578] | memory = [27851, 27650, 26706, 26741, 27853, 25964]
>>>> [CONFIG: target(1), prim(inc_dp)]
|42915.39|27970.23| op = [49, 53, 105, 54, 113, 45]| tp = [1, 1, 1, 1, 1, 1, ] | dp = [1, 2, 2, 1, 1, 1, ] | algo = [0, 0, 0, 0, 0, 0, ] | rc = [20, 8, 32, 14, 56, 0] | gpus = [1, 2, 2, 1, 1, 1] | micro_bs = 4 | time = [18605, 9717, 18980, 19366, 42915, 18679] | memory = [27851, 27353, 26706, 26741, 27970, 25964]
>>>> [CONFIG: target(4), prim(dec_op)]
|20973.18|27851.16| op = [49, 102, 107, 52, 59, 50]| tp = [1, 1, 1, 1, 1, 1, ] | dp = [1, 2, 2, 1, 1, 1, ] | algo = [0, 0, 0, 0, 0, 0, ] | rc = [20, 38, 32, 14, 12, 4] | gpus = [1, 2, 2, 1, 1, 1] | micro_bs = 4 | time = [18523, 19136, 19184, 18680, 20973, 20873] | memory = [27851, 27776, 27066, 26041, 27413, 27268]
>>>> [CONFIG: target(4), prim(dec_op)]
|20867.29|27866.13| op = [49, 102, 109, 55, 54, 50]| tp = [1, 1, 1, 1, 1, 1, ] | dp = [1, 2, 2, 1, 1, 1, ] | algo = [0, 0, 0, 0, 0, 0, ] | rc = [20, 38, 32, 14, 10, 4] | gpus = [1, 2, 2, 1, 1, 1] | micro_bs = 4 | time = [18517, 19130, 19501, 19257, 19239, 20867] | memory = [27851, 27776, 27866, 26641, 27840, 27268]
>>>> [CONFIG: target(5), prim(inc_dp)]
|43055.89|27866.13| op = [49, 102, 109, 55, 54, 50]| tp = [1, 1, 1, 1, 1, 1, ] | dp = [1, 1, 2, 1, 1, 2, ] | algo = [0, 0, 0, 0, 0, 0, ] | rc = [20, 94, 32, 14, 10, 0] | gpus = [1, 1, 2, 1, 1, 2] | micro_bs = 4 | time = [18623, 43055, 19608, 19364, 19346, 10664] | memory = [27851, 24208, 27866, 26641, 27840, 18036]
>>>> [CONFIG: target(1), prim(dec_mbs)]
|37103.99|27776.33| op = [49, 102, 109, 55, 54, 50]| tp = [1, 1, 1, 1, 1, 1, ] | dp = [1, 1, 2, 1, 1, 2, ] | algo = [0, 0, 0, 0, 0, 0, ] | rc = [10, 38, 16, 6, 0, 0] | gpus = [1, 1, 2, 1, 1, 2] | micro_bs = 2 | time = [16495, 37103, 18807, 17639, 17166, 10606] | memory = [27561, 27776, 27089, 23422, 24896, 12258]
>>>> [CONFIG: target(1), prim(dec_op)]
|18079.98|27753.24| op = [49, 54, 103, 56, 58, 99]| tp = [1, 1, 1, 1, 1, 1, ] | dp = [1, 1, 2, 1, 1, 2, ] | algo = [0, 0, 0, 0, 0, 0, ] | rc = [10, 8, 16, 6, 0, 0] | gpus = [1, 1, 2, 1, 1, 2] | micro_bs = 2 | time = [16451, 18079, 18037, 17803, 18070, 17809] | memory = [27561, 27753, 25769, 23822, 27720, 20314]

[ Trial 7 ] |18079.98|27753.24| op = [49, 54, 103, 56, 58, 99]| tp = [1, 1, 1, 1, 1, 1, ] | dp = [1, 1, 2, 1, 1, 2, ] | algo = [0, 0, 0, 0, 0, 0, ] | rc = [10, 8, 16, 6, 0, 0] | gpus = [1, 1, 2, 1, 1, 2] | micro_bs = 2 | time = [16451, 18079, 18037, 17803, 18070, 17809] | memory = [27561, 27753, 25769, 23822, 27720, 20314]
>>>> [CONFIG: target(1), prim(dec_op)]
|18072.26|27961.58| op = [50, 53, 103, 56, 58, 99]| tp = [1, 1, 1, 1, 1, 1, ] | dp = [1, 1, 2, 1, 1, 2, ] | algo = [0, 0, 0, 0, 0, 0, ] | rc = [12, 8, 16, 6, 0, 0] | gpus = [1, 1, 2, 1, 1, 2] | micro_bs = 2 | time = [17454, 17509, 18039, 17805, 18072, 17811] | memory = [27961, 27253, 25769, 23822, 27720, 20314]

[ Trial 8 ] |18072.26|27961.58| op = [50, 53, 103, 56, 58, 99]| tp = [1, 1, 1, 1, 1, 1, ] | dp = [1, 1, 2, 1, 1, 2, ] | algo = [0, 0, 0, 0, 0, 0, ] | rc = [12, 8, 16, 6, 0, 0] | gpus = [1, 1, 2, 1, 1, 2] | micro_bs = 2 | time = [17454, 17509, 18039, 17805, 18072, 17811] | memory = [27961, 27253, 25769, 23822, 27720, 20314]
>>>> [CONFIG: target(4), prim(inc_mbs)]
|21120.51|27976.55| op = [50, 53, 103, 56, 58, 99]| tp = [1, 1, 1, 1, 1, 1, ] | dp = [1, 1, 2, 1, 1, 2, ] | algo = [0, 0, 0, 0, 0, 0, ] | rc = [25, 22, 32, 14, 16, 8] | gpus = [1, 1, 2, 1, 1, 2] | micro_bs = 4 | time = [19883, 19810, 18786, 19442, 21120, 18063] | memory = [27771, 27850, 27793, 27341, 27840, 27976]
>>>> [CONFIG: target(4), prim(dec_op)]
|19414.17|27851.16| op = [49, 51, 106, 56, 53, 104]| tp = [1, 1, 1, 1, 1, 1, ] | dp = [1, 1, 2, 1, 1, 2, ] | algo = [0, 0, 0, 0, 0, 0, ] | rc = [20, 18, 32, 14, 8, 8] | gpus = [1, 1, 2, 1, 1, 2] | micro_bs = 4 | time = [18492, 19034, 19118, 19414, 18254, 18962] | memory = [27851, 27850, 26866, 27341, 27196, 27596]
>>>> [CONFIG: target(3), prim(dec_mbs)]
|18694.93|27561.58| op = [49, 51, 106, 56, 53, 104]| tp = [1, 1, 1, 1, 1, 1, ] | dp = [1, 1, 2, 1, 1, 2, ] | algo = [0, 0, 0, 0, 0, 0, ] | rc = [10, 8, 16, 6, 0, 0] | gpus = [1, 1, 2, 1, 1, 2] | micro_bs = 2 | time = [16445, 17179, 18385, 17798, 16423, 18694] | memory = [27561, 26453, 26369, 23822, 24212, 21298]
>>>> [CONFIG: target(5), prim(dec_op)]
|18388.32|27580.50| op = [49, 51, 106, 56, 57, 100]| tp = [1, 1, 1, 1, 1, 1, ] | dp = [1, 1, 2, 1, 1, 2, ] | algo = [0, 0, 0, 0, 0, 0, ] | rc = [10, 8, 16, 6, 0, 0] | gpus = [1, 1, 2, 1, 1, 2] | micro_bs = 2 | time = [16448, 17182, 18388, 17801, 17905, 17898] | memory = [27561, 26453, 26369, 23822, 27580, 20436]
>>>> [CONFIG: target(2), prim(dec_dp)]
|37124.71|27580.50| op = [49, 51, 106, 56, 57, 100]| tp = [1, 1, 1, 1, 1, 1, ] | dp = [2, 1, 1, 1, 1, 2, ] | algo = [0, 0, 0, 0, 0, 0, ] | rc = [4, 8, 32, 6, 0, 0] | gpus = [2, 1, 1, 1, 1, 2] | micro_bs = 2 | time = [8462, 17224, 37124, 17843, 17947, 17940] | memory = [25018, 26453, 26866, 23822, 27580, 20436]
>>>> [CONFIG: target(2), prim(dec_op)]
|18564.25|27480.99| op = [98, 52, 52, 56, 59, 102]| tp = [1, 1, 1, 1, 1, 1, ] | dp = [2, 1, 1, 1, 1, 2, ] | algo = [0, 0, 0, 0, 0, 0, ] | rc = [24, 8, 8, 6, 0, 0] | gpus = [2, 1, 1, 1, 1, 2] | micro_bs = 2 | time = [17978, 17261, 17261, 17894, 18537, 18564] | memory = [27480, 26553, 22944, 23742, 26056, 21278]
>>>> [CONFIG: target(5), prim(dec_op)]
|17984.87|27580.56| op = [98, 55, 53, 55, 58, 100]| tp = [1, 1, 1, 1, 1, 1, ] | dp = [2, 1, 1, 1, 1, 2, ] | algo = [0, 0, 0, 0, 0, 0, ] | rc = [24, 8, 8, 6, 0, 0] | gpus = [2, 1, 1, 1, 1, 2] | micro_bs = 2 | time = [17977, 17523, 17984, 17736, 17941, 17904] | memory = [27480, 27003, 23664, 23762, 27580, 20436]

[ Trial 9 ] |17984.87|27580.56| op = [98, 55, 53, 55, 58, 100]| tp = [1, 1, 1, 1, 1, 1, ] | dp = [2, 1, 1, 1, 1, 2, ] | algo = [0, 0, 0, 0, 0, 0, ] | rc = [24, 8, 8, 6, 0, 0] | gpus = [2, 1, 1, 1, 1, 2] | micro_bs = 2 | time = [17977, 17523, 17984, 17736, 17941, 17904] | memory = [27480, 27003, 23664, 23762, 27580, 20436]
>>>> [CONFIG: target(2), prim(dec_mbs)]
|45906.76|26895.72| op = [98, 55, 53, 55, 58, 100]| tp = [2, 1, 1, 1, 1, 2, ] | dp = [1, 1, 1, 1, 1, 1, ] | algo = [0, 0, 0, 0, 0, 0, ] | rc = [8, 0, 0, 0, 0, 0] | gpus = [2, 1, 1, 1, 1, 2] | micro_bs = 1 | time = [43227, 16916, 17343, 17501, 18842, 45906] | memory = [25184, 26895, 23072, 19089, 16340, 10503]
>>>> [CONFIG: target(0), prim(dec_op)]
|26133.90|27026.64| op = [59, 76, 71, 78, 80, 55]| tp = [2, 1, 1, 1, 1, 2, ] | dp = [1, 1, 1, 1, 1, 1, ] | algo = [0, 0, 0, 0, 0, 0, ] | rc = [0, 10, 6, 0, 0, 0] | gpus = [2, 1, 1, 1, 1, 2] | micro_bs = 1 | time = [25922, 26133, 24056, 24784, 25457, 26046] | memory = [20141, 22486, 25632, 27026, 21344, 6469]
>>>> [CONFIG: target(1), prim(inc_tp)]
|33378.53|27026.64| op = [59, 76, 71, 78, 80, 55]| tp = [1, 2, 1, 1, 1, 2, ] | dp = [1, 1, 1, 1, 1, 1, ] | algo = [0, 0, 0, 0, 0, 0, ] | rc = [10, 0, 6, 0, 0, 0] | gpus = [1, 2, 1, 1, 1, 2] | micro_bs = 1 | time = [21166, 33378, 24061, 24789, 25462, 26051] | memory = [21672, 19230, 25632, 27026, 21344, 6469]
>>>> [CONFIG: target(1), prim(dec_op)]
|26045.53|27141.62| op = [69, 59, 74, 81, 81, 55]| tp = [1, 2, 1, 1, 1, 2, ] | dp = [1, 1, 1, 1, 1, 1, ] | algo = [0, 0, 0, 0, 0, 0, ] | rc = [10, 0, 6, 0, 0, 0] | gpus = [1, 2, 1, 1, 1, 2] | micro_bs = 1 | time = [24476, 25743, 24851, 24914, 26013, 26045] | memory = [25489, 16665, 26072, 27141, 21764, 6469]
>>>> [CONFIG: target(5), prim(inc_mbs)]
|26680.56|27738.14| op = [69, 59, 74, 81, 81, 55]| tp = [1, 1, 1, 1, 1, 1, ] | dp = [1, 2, 1, 1, 1, 2, ] | algo = [0, 0, 0, 0, 0, 0, ] | rc = [20, 4, 18, 12, 10, 0] | gpus = [1, 2, 1, 1, 1, 2] | micro_bs = 2 | time = [24787, 10342, 25659, 25925, 26680, 11122] | memory = [27738, 26521, 27717, 27399, 25160, 12613]
>>>> [CONFIG: target(4), prim(dec_op)]
|20969.64|27773.12| op = [59, 90, 53, 56, 58, 103]| tp = [1, 1, 1, 1, 1, 1, ] | dp = [1, 2, 1, 1, 1, 2, ] | algo = [0, 0, 0, 0, 0, 0, ] | rc = [16, 15, 8, 6, 0, 0] | gpus = [1, 2, 1, 1, 1, 2] | micro_bs = 2 | time = [20969, 15992, 18147, 17903, 18174, 18763] | memory = [27449, 27773, 25072, 23742, 26056, 21278]
>>>> [CONFIG: target(0), prim(dec_op)]
|17984.66|27723.28| op = [51, 102, 53, 56, 57, 100]| tp = [1, 1, 1, 1, 1, 1, ] | dp = [1, 2, 1, 1, 1, 2, ] | algo = [0, 0, 0, 0, 0, 0, ] | rc = [12, 18, 8, 6, 0, 0] | gpus = [1, 2, 1, 1, 1, 2] | micro_bs = 2 | time = [17577, 17828, 17984, 17806, 17911, 17904] | memory = [25849, 27723, 23664, 23822, 27580, 20436]

[ Trial 10 ] |17984.66|27723.28| op = [51, 102, 53, 56, 57, 100]| tp = [1, 1, 1, 1, 1, 1, ] | dp = [1, 2, 1, 1, 1, 2, ] | algo = [0, 0, 0, 0, 0, 0, ] | rc = [12, 18, 8, 6, 0, 0] | gpus = [1, 2, 1, 1, 1, 2] | micro_bs = 2 | time = [17577, 17828, 17984, 17806, 17911, 17904] | memory = [25849, 27723, 23664, 23822, 27580, 20436]
>>>> [CONFIG: target(2), prim(inc_dp)]
|35662.49|27936.55| op = [51, 102, 53, 56, 57, 100]| tp = [1, 1, 1, 1, 1, 1, ] | dp = [1, 2, 2, 1, 1, 1, ] | algo = [0, 0, 0, 0, 0, 0, ] | rc = [12, 18, 0, 6, 0, 12] | gpus = [1, 2, 2, 1, 1, 1] | micro_bs = 2 | time = [17611, 17862, 8944, 17840, 17944, 35662] | memory = [25849, 27723, 23072, 23822, 27580, 27936]
>>>> [CONFIG: target(5), prim(dec_mbs)]
|43537.01|27031.28| op = [51, 102, 53, 56, 57, 100]| tp = [1, 2, 2, 1, 1, 1, ] | dp = [1, 1, 1, 1, 1, 1, ] | algo = [0, 0, 0, 0, 0, 0, ] | rc = [4, 0, 0, 0, 0, 0] | gpus = [1, 2, 2, 1, 1, 1] | micro_bs = 1 | time = [17198, 43537, 23799, 17572, 18789, 35358] | memory = [25898, 27031, 12136, 19119, 16340, 20436]
>>>> [CONFIG: target(1), prim(dec_op)]
|27341.04|26546.58| op = [65, 62, 59, 76, 83, 74]| tp = [1, 2, 2, 1, 1, 1, ] | dp = [1, 1, 1, 1, 1, 1, ] | algo = [0, 0, 0, 0, 0, 0, ] | rc = [10, 0, 0, 0, 0, 0] | gpus = [1, 2, 2, 1, 1, 1] | micro_bs = 1 | time = [22868, 25839, 26622, 24131, 26796, 27341] | memory = [23323, 16740, 13278, 26546, 22828, 15860]
>>>> [CONFIG: target(5), prim(inc_tp)]
|34881.12|26546.58| op = [65, 62, 59, 76, 83, 74]| tp = [1, 2, 1, 1, 1, 2, ] | dp = [1, 1, 1, 1, 1, 1, ] | algo = [0, 0, 0, 0, 0, 0, ] | rc = [10, 0, 0, 0, 0, 0] | gpus = [1, 2, 1, 1, 1, 2] | micro_bs = 1 | time = [22869, 25840, 19615, 24132, 26797, 34881] | memory = [23323, 16740, 25216, 26546, 22828, 8145]
>>>> [CONFIG: target(5), prim(inc_mbs)]
|28076.19|27253.12| op = [65, 62, 59, 76, 83, 74]| tp = [1, 1, 1, 1, 1, 1, ] | dp = [1, 2, 1, 1, 1, 2, ] | algo = [0, 0, 0, 0, 0, 0, ] | rc = [18, 4, 8, 12, 14, 0] | gpus = [1, 2, 1, 1, 1, 2] | micro_bs = 2 | time = [22949, 10264, 20209, 25257, 28076, 13958] | memory = [26777, 26496, 27253, 26609, 23180, 15860]
>>>> [CONFIG: target(4), prim(dec_op)]
|19420.28|27388.56| op = [51, 92, 52, 54, 62, 108]| tp = [1, 1, 1, 1, 1, 1, ] | dp = [1, 2, 1, 1, 1, 2, ] | algo = [0, 0, 0, 0, 0, 0, ] | rc = [12, 14, 8, 4, 2, 0] | gpus = [1, 2, 1, 1, 1, 2] | micro_bs = 2 | time = [17575, 16192, 17257, 16646, 19351, 19420] | memory = [25849, 26567, 22945, 26398, 27388, 22161]
>>>> [CONFIG: target(5), prim(dec_op)]
|17984.50|27723.28| op = [51, 102, 53, 55, 58, 100]| tp = [1, 1, 1, 1, 1, 1, ] | dp = [1, 2, 1, 1, 1, 2, ] | algo = [0, 0, 0, 0, 0, 0, ] | rc = [12, 18, 8, 6, 0, 0] | gpus = [1, 2, 1, 1, 1, 2] | micro_bs = 2 | time = [17577, 17828, 17984, 17735, 17940, 17903] | memory = [25849, 27723, 23664, 23762, 27580, 20436]

num_targets: [1, 1, 1, 1, 1, 1, 1, 1, 1, 1, 1]
num_hops: [1, 1, 1, 1, 1, 4, 7, 1, 7, 7, 7]
search time = 200.07 s.  [0, 1, 2, 3, 4, 5, 6, 21, 22, 25, 81, 117, 207] 
num_explored_cases = 14230
time trend: [30898, 29951, 29481, 26216, 18858, 18274, 18273, 18079, 18072, 17984, 17984, 17984, 17984]

working on num_stages = 4
config has been saved to /home/liminglong.lml/sxz/SuperScaler/logs-large/aceso/configs/mbs/512/gpt_2_6B_4stages_2026-5-16-3-10-8.json

========== Best Result (num_stages = 4) ==========
|18059.81|27788.55| op = [103, 105, 113, 98]| tp = [1, 1, 1, 1, ] | dp = [2, 2, 2, 2, ] | algo = [0, 0, 0, 0, ] | rc = [16, 14, 4, 0] | gpus = [2, 2, 2, 2] | micro_bs = 2 | time = [17802, 18059, 18037, 17642] | memory = [27503, 24468, 27788, 20289]
start|48136.89|24088.13| op = [104, 104, 104, 107]| tp = [2, 2, 2, 2, ] | dp = [1, 1, 1, 1, ] | algo = [0, 0, 0, 0, ] | rc = [0, 0, 0, 0] | gpus = [2, 2, 2, 2] | micro_bs = 1 | time = [45736, 44694, 44694, 48136] | memory = [24088, 18604, 14216, 11138]

[ Trial 0 ] |48136.89|24088.13| op = [104, 104, 104, 107]| tp = [2, 2, 2, 2, ] | dp = [1, 1, 1, 1, ] | algo = [0, 0, 0, 0, ] | rc = [0, 0, 0, 0] | gpus = [2, 2, 2, 2] | micro_bs = 1 | time = [45736, 44694, 44694, 48136] | memory = [24088, 18604, 14216, 11138]
>>>> [CONFIG: target(3), prim(inc_mbs)]
|18917.27|27993.06| op = [104, 104, 104, 107]| tp = [1, 1, 1, 1, ] | dp = [2, 2, 2, 2, ] | algo = [0, 0, 0, 0, ] | rc = [16, 14, 0, 0] | gpus = [2, 2, 2, 2] | micro_bs = 2 | time = [18084, 17688, 16408, 18917] | memory = [27993, 23948, 27272, 21671]

[ Trial 1 ] |18917.27|27993.06| op = [104, 104, 104, 107]| tp = [1, 1, 1, 1, ] | dp = [2, 2, 2, 2, ] | algo = [0, 0, 0, 0, ] | rc = [16, 14, 0, 0] | gpus = [2, 2, 2, 2] | micro_bs = 2 | time = [18084, 17688, 16408, 18917] | memory = [27993, 23948, 27272, 21671]
>>>> [CONFIG: target(3), prim(dec_op)]
|18086.00|27993.06| op = [104, 106, 109, 100]| tp = [1, 1, 1, 1, ] | dp = [2, 2, 2, 2, ] | algo = [0, 0, 0, 0, ] | rc = [16, 14, 4, 0] | gpus = [2, 2, 2, 2] | micro_bs = 2 | time = [18086, 17749, 17864, 17769] | memory = [27993, 24023, 27588, 20436]

[ Trial 2 ] |18086.00|27993.06| op = [104, 106, 109, 100]| tp = [1, 1, 1, 1, ] | dp = [2, 2, 2, 2, ] | algo = [0, 0, 0, 0, ] | rc = [16, 14, 4, 0] | gpus = [2, 2, 2, 2] | micro_bs = 2 | time = [18086, 17749, 17864, 17769] | memory = [27993, 24023, 27588, 20436]
>>>> [CONFIG: target(0), prim(dec_mbs)]
|46853.62|24088.13| op = [104, 106, 109, 100]| tp = [2, 2, 2, 2, ] | dp = [1, 1, 1, 1, ] | algo = [0, 0, 0, 0, ] | rc = [0, 0, 0, 0] | gpus = [2, 2, 2, 2] | micro_bs = 1 | time = [45736, 44813, 46853, 45953] | memory = [24088, 18679, 15238, 10503]
>>>> [CONFIG: target(2), prim(inc_tp)]
|45693.21|24088.13| op = [104, 106, 109, 100]| tp = [2, 1, 4, 1, ] | dp = [1, 1, 1, 1, ] | algo = [0, 0, 0, 0, ] | rc = [0, 14, 0, 0] | gpus = [2, 1, 4, 1] | micro_bs = 1 | time = [45693, 35328, 44618, 35369] | memory = [24088, 24023, 8199, 20436]
>>>> [CONFIG: target(0), prim(dec_tp)]
|44769.15|27993.06| op = [104, 106, 109, 100]| tp = [1, 2, 4, 1, ] | dp = [1, 1, 1, 1, ] | algo = [0, 0, 0, 0, ] | rc = [16, 0, 0, 0] | gpus = [1, 2, 4, 1] | micro_bs = 1 | time = [36002, 44769, 44618, 35368] | memory = [27993, 18679, 8199, 20436]
>>>> [CONFIG: target(1), prim(dec_op)]
|40572.75|27975.12| op = [112, 94, 99, 114]| tp = [1, 2, 4, 1, ] | dp = [1, 1, 1, 1, ] | algo = [0, 0, 0, 0, ] | rc = [22, 0, 0, 0] | gpus = [1, 2, 4, 1] | micro_bs = 1 | time = [39462, 40448, 40572, 40250] | memory = [27975, 16701, 7468, 23074]
>>>> [CONFIG: target(2), prim(inc_mbs)]
|41012.68|27786.17| op = [112, 94, 99, 114]| tp = [1, 1, 2, 1, ] | dp = [1, 2, 2, 1, ] | algo = [0, 0, 0, 0, ] | rc = [44, 8, 0, 14] | gpus = [1, 2, 4, 1] | micro_bs = 2 | time = [40751, 15748, 21528, 41012] | memory = [27786, 25461, 13866, 26192]
>>>> [CONFIG: target(3), prim(inc_dp)]
|20206.94|27975.12| op = [112, 94, 99, 114]| tp = [1, 1, 1, 1, ] | dp = [2, 2, 2, 2, ] | algo = [0, 0, 0, 0, ] | rc = [22, 8, 0, 0] | gpus = [2, 2, 2, 2] | micro_bs = 2 | time = [19813, 15565, 16047, 20206] | memory = [27975, 25461, 26662, 23074]
>>>> [CONFIG: target(3), prim(dec_op)]
|18059.87|27638.55| op = [103, 105, 111, 100]| tp = [1, 1, 1, 1, ] | dp = [2, 2, 2, 2, ] | algo = [0, 0, 0, 0, ] | rc = [16, 14, 4, 0] | gpus = [2, 2, 2, 2] | micro_bs = 2 | time = [17802, 18059, 17924, 17770] | memory = [27503, 24468, 27638, 20436]

[ Trial 3 ] |18059.87|27638.55| op = [103, 105, 111, 100]| tp = [1, 1, 1, 1, ] | dp = [2, 2, 2, 2, ] | algo = [0, 0, 0, 0, ] | rc = [16, 14, 4, 0] | gpus = [2, 2, 2, 2] | micro_bs = 2 | time = [17802, 18059, 17924, 17770] | memory = [27503, 24468, 27638, 20436]
>>>> [CONFIG: target(1), prim(inc_tp)]
|36075.15|27936.55| op = [103, 105, 111, 100]| tp = [1, 2, 1, 1, ] | dp = [1, 2, 2, 1, ] | algo = [0, 0, 0, 0, ] | rc = [32, 0, 4, 12] | gpus = [1, 4, 2, 1] | micro_bs = 2 | time = [36075, 23146, 18084, 35654] | memory = [27586, 18864, 27638, 27936]
>>>> [CONFIG: target(0), prim(inc_tp)]
|42153.19|27638.55| op = [103, 105, 111, 100]| tp = [2, 1, 1, 1, ] | dp = [1, 2, 2, 2, ] | algo = [0, 0, 0, 0, ] | rc = [16, 14, 4, 0] | gpus = [2, 2, 2, 2] | micro_bs = 2 | time = [42153, 18154, 18019, 17865] | memory = [23970, 24468, 27638, 20436]
>>>> [CONFIG: target(0), prim(inc_dp)]
|36716.32|27936.55| op = [103, 105, 111, 100]| tp = [2, 1, 1, 1, ] | dp = [2, 1, 2, 1, ] | algo = [0, 0, 0, 0, ] | rc = [0, 30, 4, 12] | gpus = [4, 1, 2, 1] | micro_bs = 2 | time = [22568, 36716, 18084, 35654] | memory = [23823, 27833, 27638, 27936]
>>>> [CONFIG: target(1), prim(inc_tp)]
|42753.55|27638.55| op = [103, 105, 111, 100]| tp = [1, 2, 1, 1, ] | dp = [2, 1, 2, 2, ] | algo = [0, 0, 0, 0, ] | rc = [16, 10, 4, 0] | gpus = [2, 2, 2, 2] | micro_bs = 2 | time = [17899, 42753, 18020, 17866] | memory = [27503, 24665, 27638, 20436]
>>>> [CONFIG: target(1), prim(inc_mbs)]
|18816.45|27936.55| op = [103, 105, 111, 100]| tp = [1, 1, 1, 1, ] | dp = [2, 2, 2, 2, ] | algo = [0, 0, 0, 0, ] | rc = [32, 30, 22, 12] | gpus = [2, 2, 2, 2] | micro_bs = 4 | time = [18313, 18632, 18816, 18104] | memory = [27586, 27833, 27713, 27936]
>>>> [CONFIG: target(2), prim(dec_op)]
|18633.71|27833.49| op = [103, 105, 109, 102]| tp = [1, 1, 1, 1, ] | dp = [2, 2, 2, 2, ] | algo = [0, 0, 0, 0, ] | rc = [32, 30, 20, 8] | gpus = [2, 2, 2, 2] | micro_bs = 4 | time = [18314, 18633, 18501, 18548] | memory = [27586, 27833, 27673, 27556]
>>>> [CONFIG: target(1), prim(dec_mbs)]
|18429.92|27618.55| op = [103, 105, 109, 102]| tp = [1, 1, 1, 1, ] | dp = [2, 2, 2, 2, ] | algo = [0, 0, 0, 0, ] | rc = [16, 14, 2, 0] | gpus = [2, 2, 2, 2] | micro_bs = 2 | time = [17803, 18061, 17587, 18429] | memory = [27503, 24468, 27618, 21278]

[ Trial 8 ] |18429.92|27618.55| op = [103, 105, 109, 102]| tp = [1, 1, 1, 1, ] | dp = [2, 2, 2, 2, ] | algo = [0, 0, 0, 0, ] | rc = [16, 14, 2, 0] | gpus = [2, 2, 2, 2] | micro_bs = 2 | time = [17803, 18061, 17587, 18429] | memory = [27503, 24468, 27618, 21278]
>>>> [CONFIG: target(3), prim(inc_tp)]
|36456.72|27673.06| op = [103, 105, 109, 102]| tp = [1, 1, 1, 2, ] | dp = [1, 2, 1, 2, ] | algo = [0, 0, 0, 0, ] | rc = [32, 14, 20, 0] | gpus = [1, 2, 1, 4] | micro_bs = 2 | time = [36080, 18224, 36456, 23547] | memory = [27586, 24468, 27673, 10924]
>>>> [CONFIG: target(2), prim(dec_op)]
|26408.26|27969.55| op = [76, 145, 81, 117]| tp = [1, 1, 1, 2, ] | dp = [1, 2, 1, 2, ] | algo = [0, 0, 0, 0, ] | rc = [18, 32, 10, 0] | gpus = [1, 2, 1, 4] | micro_bs = 2 | time = [26106, 25703, 25924, 26408] | memory = [27969, 27959, 24520, 12155]
>>>> [CONFIG: target(3), prim(dec_dp)]
|47952.57|27959.12| op = [76, 145, 81, 117]| tp = [1, 1, 1, 2, ] | dp = [2, 2, 2, 1, ] | algo = [0, 0, 0, 0, ] | rc = [10, 32, 0, 0] | gpus = [2, 2, 2, 2] | micro_bs = 2 | time = [13312, 25687, 12911, 47952] | memory = [23548, 27959, 21194, 17798]
>>>> [CONFIG: target(3), prim(dec_op)]
|22624.12|27287.18| op = [117, 125, 127, 50]| tp = [1, 1, 1, 2, ] | dp = [2, 2, 2, 1, ] | algo = [0, 0, 0, 0, ] | rc = [26, 20, 14, 0] | gpus = [2, 2, 2, 2] | micro_bs = 2 | time = [20934, 21536, 21499, 22624] | memory = [27287, 26271, 25188, 9318]
>>>> [CONFIG: target(3), prim(dec_tp)]
|43287.05|27821.25| op = [117, 125, 127, 50]| tp = [2, 1, 1, 1, ] | dp = [2, 2, 1, 1, ] | algo = [0, 0, 0, 0, ] | rc = [0, 20, 30, 0] | gpus = [4, 2, 1, 1] | micro_bs = 2 | time = [25821, 21629, 43287, 19866] | memory = [26947, 26271, 27821, 18036]
>>>> [CONFIG: target(2), prim(inc_dp)]
|21488.87|27287.18| op = [117, 125, 127, 50]| tp = [1, 1, 1, 1, ] | dp = [2, 2, 2, 2, ] | algo = [0, 0, 0, 0, ] | rc = [26, 20, 14, 0] | gpus = [2, 2, 2, 2] | micro_bs = 2 | time = [20886, 21488, 21452, 10442] | memory = [27287, 26271, 25188, 12258]
>>>> [CONFIG: target(1), prim(dec_op)]
|18059.81|27788.55| op = [103, 105, 113, 98]| tp = [1, 1, 1, 1, ] | dp = [2, 2, 2, 2, ] | algo = [0, 0, 0, 0, ] | rc = [16, 14, 4, 0] | gpus = [2, 2, 2, 2] | micro_bs = 2 | time = [17802, 18059, 18037, 17642] | memory = [27503, 24468, 27788, 20289]

num_targets: [1, 1, 1, 1]
num_hops: [1, 1, 7, 7]
search time = 200.14 s.  [0, 1, 2, 15, 69, 81, 131, 132, 133, 137, 207] 
num_explored_cases = 14598
time trend: [48136, 18917, 18086, 18059, 18059, 18086, 18086, 18209, 18209, 18059, 18059]

# of stages	est_iteration_time(s)	est_thpt(samples/s)	est_mem(MB)	# of explored cases
5          	17.86                	28.67              	27439      	12987              
7          	17.97                	28.48              	27962      	13076              
6          	17.98                	28.47              	27723      	14230              

overall search time: 200.19 s
