------------------------ arguments ------------------------
  adaptive_hyper_parameters ....................... 5
  add_action_finetune_algo ........................ False
  add_action_finetune_dim ......................... False
  add_action_tp_dp_exchange ....................... False
  add_action_tune_tp_dp ........................... False
  check_recompute_with_group ...................... False
  config_save_path ................................ /home/liminglong.lml/sxz/SuperScaler/logs-large/aceso/configs/scale-layer/256layers/
  config_suffix ................................... 2026-5-16-3-19-19
  consider_collective_memory ...................... False
  consider_reserved_space ......................... True
  consider_shared_space ........................... True
  continue_when_fail .............................. True
  decoder_seq_len ................................. 512
  end_num_stages .................................. 8
  finetune_after_trial ............................ 0
  finetune_tp_dp_after_trial ...................... False
  flex_recompute .................................. True
  forbid_turn_back ................................ False
  global_batch_size ............................... 1024
  high_memory_rate ................................ 0.9
  init_dim ........................................ tp
  initial_point ................................... balance
  log_path ........................................ /home/liminglong.lml/sxz/SuperScaler/logs-large/aceso/search/scale-layer/256layers/
  max_num_hops .................................... 7
  max_num_trials .................................. 100
  max_op_move_steps ............................... 5
  max_tp .......................................... 8
  memory_limit .................................... 28000
  memory_main_params .............................. 2
  memory_optimizer ................................ 4
  memory_pred_type ................................ MAX
  micro_batch_size ................................ [1, 2, 4, 8]
  min_mbs ......................................... 1
  model_name ...................................... scale-layer
  model_size ...................................... 256layers
  multi_process ................................... True
  num_algos ....................................... 2
  num_gpus ........................................ 8
  num_gpus_per_node ............................... 8
  num_layers ...................................... 256
  num_nodes ....................................... 1
  num_of_saved_configs ............................ 1
  num_partners_in_op_mig .......................... 1
  only_top_1_target ............................... False
  op_group_size ................................... 1
  peak_mem_in_backward ............................ 1000
  predict_delta_time .............................. True
  print_debug_info ................................ False
  print_gpu_mig_details ........................... False
  print_move_op_details ........................... False
  print_recomp_debug_info ......................... False
  print_recompute_ops ............................. False
  profiled_time_path .............................. /home/liminglong.lml/sxz/SuperScaler/profiler/profiled-time-eurosys/
  random_order_actions ............................ False
  resharding ...................................... True
  save_to_csv ..................................... None
  seq_len ......................................... 2048
  simple_prim_mbs ................................. False
  simple_prim_mig ................................. False
  sort_metric ..................................... max_stage_time
  start_num_stages ................................ 1
  support_comm_predict ............................ False
  time_budget_per_trial ........................... 200
  time_budget_total ............................... 200
-------------------- end of arguments ---------------------
working on num_stages = 1
config has been saved to /home/liminglong.lml/sxz/SuperScaler/logs-large/aceso/configs/scale-layer/256layers/scale-layer_256layers_1stages_2026-5-16-3-19-19.json

========== Best Result (num_stages = 1) ==========
|80422.55|26995.24| op = [3331]| tp = [1, ] | dp = [8, ] | algo = [0, ] | rc = [968] | gpus = [8] | micro_bs = 8 | time = [80422] | memory = [26995]
start|1208178.28|12929.76| op = [3331]| tp = [8, ] | dp = [1, ] | algo = [0, ] | rc = [0] | gpus = [8] | micro_bs = 1 | time = [1208178] | memory = [12929]

[ Trial 0 ] |1208178.28|12929.76| op = [3331]| tp = [8, ] | dp = [1, ] | algo = [0, ] | rc = [0] | gpus = [8] | micro_bs = 1 | time = [1208178] | memory = [12929]
>>>> [CONFIG: target(0), prim(inc_mbs)]
|557950.99|22244.26| op = [3331]| tp = [4, ] | dp = [2, ] | algo = [0, ] | rc = [0] | gpus = [8] | micro_bs = 2 | time = [557950] | memory = [22244]

[ Trial 1 ] |557950.99|22244.26| op = [3331]| tp = [4, ] | dp = [2, ] | algo = [0, ] | rc = [0] | gpus = [8] | micro_bs = 2 | time = [557950] | memory = [22244]
>>>> [CONFIG: target(0), prim(inc_mbs)]
|231011.47|22513.26| op = [3331]| tp = [2, ] | dp = [4, ] | algo = [0, ] | rc = [512] | gpus = [8] | micro_bs = 4 | time = [231011] | memory = [22513]

[ Trial 2 ] |231011.47|22513.26| op = [3331]| tp = [2, ] | dp = [4, ] | algo = [0, ] | rc = [512] | gpus = [8] | micro_bs = 4 | time = [231011] | memory = [22513]
>>>> [CONFIG: target(0), prim(inc_mbs)]
|80422.55|26995.24| op = [3331]| tp = [1, ] | dp = [8, ] | algo = [0, ] | rc = [968] | gpus = [8] | micro_bs = 8 | time = [80422] | memory = [26995]

num_targets: [1, 1, 1]
num_hops: [1, 1, 1]
search time = 2.22 s.  [0, 1, 2, 3, 4, 5, 6, 7, 8, 9, 10, 11, 12, 13, 14, 15, 16, 17, 18, 19, 20, 21, 22, 23, 24] 
num_explored_cases = 45
time trend: [1208178, 557950, 231011, 80422, 80422, 80422, 80422, 80422, 80422, 80422, 231011, 231011, 231011, 231011, 231011, 557950, 557950, 557950, 557950, 557950, 1208178, 1208178, 1208178, 1208178, 1208178]

working on num_stages = 2
config has been saved to /home/liminglong.lml/sxz/SuperScaler/logs-large/aceso/configs/scale-layer/256layers/scale-layer_256layers_2stages_2026-5-16-3-19-19.json

========== Best Result (num_stages = 2) ==========
|61510.90|26988.14| op = [1635, 1696]| tp = [1, 1, ] | dp = [4, 4, ] | algo = [0, 0, ] | rc = [504, 404] | gpus = [4, 4] | micro_bs = 8 | time = [61510, 61475] | memory = [26971, 26988]
start|559517.94|20304.74| op = [1665, 1666]| tp = [4, 4, ] | dp = [1, 1, ] | algo = [0, 0, ] | rc = [0, 0] | gpus = [4, 4] | micro_bs = 1 | time = [557779, 559517] | memory = [20304, 11164]

[ Trial 0 ] |559517.94|20304.74| op = [1665, 1666]| tp = [4, 4, ] | dp = [1, 1, ] | algo = [0, 0, ] | rc = [0, 0] | gpus = [4, 4] | micro_bs = 1 | time = [557779, 559517] | memory = [20304, 11164]
>>>> [CONFIG: target(1), prim(inc_mbs)]
|229200.09|21945.24| op = [1665, 1666]| tp = [2, 2, ] | dp = [2, 2, ] | algo = [0, 0, ] | rc = [210, 0] | gpus = [4, 4] | micro_bs = 2 | time = [229200, 223064] | memory = [21945, 20529]

[ Trial 1 ] |229200.09|21945.24| op = [1665, 1666]| tp = [2, 2, ] | dp = [2, 2, ] | algo = [0, 0, ] | rc = [210, 0] | gpus = [4, 4] | micro_bs = 2 | time = [229200, 223064] | memory = [21945, 20529]
>>>> [CONFIG: target(0), prim(dec_op)]
|226197.35|22173.90| op = [1645, 1686]| tp = [2, 2, ] | dp = [2, 2, ] | algo = [0, 0, ] | rc = [202, 0] | gpus = [4, 4] | micro_bs = 2 | time = [226197, 225857] | memory = [22173, 20727]

[ Trial 2 ] |226197.35|22173.90| op = [1645, 1686]| tp = [2, 2, ] | dp = [2, 2, ] | algo = [0, 0, ] | rc = [202, 0] | gpus = [4, 4] | micro_bs = 2 | time = [226197, 225857] | memory = [22173, 20727]
>>>> [CONFIG: target(0), prim(dec_mbs)]
|566240.16|20105.02| op = [1645, 1686]| tp = [4, 4, ] | dp = [1, 1, ] | algo = [0, 0, ] | rc = [0, 0] | gpus = [4, 4] | micro_bs = 1 | time = [551133, 566240] | memory = [20105, 11276]
>>>> [CONFIG: target(1), prim(dec_op)]
|559678.70|20298.74| op = [1664, 1667]| tp = [4, 4, ] | dp = [1, 1, ] | algo = [0, 0, ] | rc = [0, 0] | gpus = [4, 4] | micro_bs = 1 | time = [557719, 559678] | memory = [20298, 11169]
>>>> [CONFIG: target(1), prim(inc_mbs)]
|229170.29|21939.24| op = [1664, 1667]| tp = [2, 2, ] | dp = [2, 2, ] | algo = [0, 0, ] | rc = [210, 0] | gpus = [4, 4] | micro_bs = 2 | time = [229170, 223144] | memory = [21939, 20534]
>>>> [CONFIG: target(0), prim(dec_op)]
|226461.53|22180.15| op = [1646, 1685]| tp = [2, 2, ] | dp = [2, 2, ] | algo = [0, 0, ] | rc = [202, 0] | gpus = [4, 4] | micro_bs = 2 | time = [226461, 225567] | memory = [22180, 20724]
>>>> [CONFIG: target(0), prim(inc_mbs)]
|75897.60|26968.11| op = [1646, 1685]| tp = [1, 1, ] | dp = [4, 4, ] | algo = [0, 0, ] | rc = [354, 258] | gpus = [4, 4] | micro_bs = 4 | time = [75897, 75828] | memory = [26968, 21190]

[ Trial 3 ] |75897.60|26968.11| op = [1646, 1685]| tp = [1, 1, ] | dp = [4, 4, ] | algo = [0, 0, ] | rc = [354, 258] | gpus = [4, 4] | micro_bs = 4 | time = [75897, 75828] | memory = [26968, 21190]
>>>> [CONFIG: target(0), prim(inc_mbs)]
|62005.90|26996.11| op = [1646, 1685]| tp = [1, 1, ] | dp = [4, 4, ] | algo = [0, 0, ] | rc = [508, 398] | gpus = [4, 4] | micro_bs = 8 | time = [62005, 60969] | memory = [26933, 26996]

[ Trial 4 ] |62005.90|26996.11| op = [1646, 1685]| tp = [1, 1, ] | dp = [4, 4, ] | algo = [0, 0, ] | rc = [508, 398] | gpus = [4, 4] | micro_bs = 8 | time = [62005, 60969] | memory = [26933, 26996]
>>>> [CONFIG: target(0), prim(dec_op)]
|61550.46|26998.15| op = [1636, 1695]| tp = [1, 1, ] | dp = [4, 4, ] | algo = [0, 0, ] | rc = [506, 400] | gpus = [4, 4] | micro_bs = 8 | time = [61550, 61453] | memory = [26989, 26998]

[ Trial 5 ] |61550.46|26998.15| op = [1636, 1695]| tp = [1, 1, ] | dp = [4, 4, ] | algo = [0, 0, ] | rc = [506, 400] | gpus = [4, 4] | micro_bs = 8 | time = [61550, 61453] | memory = [26989, 26998]
>>>> [CONFIG: target(0), prim(dec_mbs)]
|76325.92|26994.08| op = [1636, 1695]| tp = [1, 1, ] | dp = [4, 4, ] | algo = [0, 0, ] | rc = [350, 260] | gpus = [4, 4] | micro_bs = 4 | time = [75335, 76325] | memory = [26994, 21321]
>>>> [CONFIG: target(1), prim(dec_op)]
|75863.96|26959.61| op = [1645, 1686]| tp = [1, 1, ] | dp = [4, 4, ] | algo = [0, 0, ] | rc = [354, 258] | gpus = [4, 4] | micro_bs = 4 | time = [75863, 75862] | memory = [26959, 21196]
>>>> [CONFIG: target(0), prim(inc_mbs)]
|61987.83|26988.61| op = [1645, 1686]| tp = [1, 1, ] | dp = [4, 4, ] | algo = [0, 0, ] | rc = [508, 386] | gpus = [4, 4] | micro_bs = 8 | time = [61987, 60965] | memory = [26921, 26988]
>>>> [CONFIG: target(0), prim(dec_op)]
|61510.90|26988.14| op = [1635, 1696]| tp = [1, 1, ] | dp = [4, 4, ] | algo = [0, 0, ] | rc = [504, 404] | gpus = [4, 4] | micro_bs = 8 | time = [61510, 61475] | memory = [26971, 26988]

num_targets: [1, 1, 1, 1, 1, 1]
num_hops: [1, 1, 5, 1, 1, 4]
search time = 30.95 s.  [0, 1, 2, 4, 5, 6, 7, 12, 13, 14, 15, 16, 17, 18, 19, 20, 21, 22, 23, 24, 25, 26, 27, 28, 29, 30, 31, 32, 33, 34, 35, 36, 37, 38, 39, 40, 41, 42, 43, 44, 45, 46, 47, 48, 49, 50, 51, 52, 53, 54, 55, 56, 57, 58, 59, 60, 61, 62, 63, 64, 65, 66, 67, 68, 69, 70, 71, 72, 73, 74, 75, 76, 77, 78, 79, 80, 81, 82, 83, 84, 85, 86, 87, 88, 89, 90, 91, 92, 93, 94, 95, 96, 97, 98, 99, 100, 101, 102, 103, 104, 105] 
num_explored_cases = 1027
time trend: [559517, 229200, 226197, 75897, 62005, 61550, 61510, 61510, 61608, 61510, 61510, 61510, 61510, 61510, 61550, 61550, 61550, 61550, 61550, 61608, 61608, 61608, 61608, 61608, 61883, 61883, 61883, 61883, 61883, 61889, 61889, 61889, 61889, 61889, 61987, 61987, 61987, 61987, 61987, 62005, 62005, 62005, 62005, 62005, 75863, 75863, 75863, 75863, 75863, 75897, 75897, 75897, 75897, 75897, 76097, 76097, 76097, 76097, 76097, 76149, 76149, 76149, 76149, 76149, 76219, 76219, 76219, 76219, 76219, 76325, 76325, 76325, 76325, 76325, 76344, 76344, 76344, 76344, 76344, 226052, 226052, 226052, 226052, 226052, 226119, 226119, 226119, 226119, 226119, 226197, 226197, 226197, 226197, 226197, 226461, 226461, 226461, 226461, 226461, 226506, 226506]

working on num_stages = 8
config has been saved to /home/liminglong.lml/sxz/SuperScaler/logs-large/aceso/configs/scale-layer/256layers/scale-layer_256layers_8stages_2026-5-16-3-19-19.json

========== Best Result (num_stages = 8) ==========
|50238.73|26980.43| op = [393, 397, 408, 408, 424, 429, 445, 427]| tp = [1, 1, 1, 1, 1, 1, 1, 1, ] | dp = [1, 1, 1, 1, 1, 1, 1, 1, ] | algo = [0, 0, 0, 0, 0, 0, 0, 0, ] | rc = [221, 198, 184, 134, 122, 116, 88, 54] | gpus = [1, 1, 1, 1, 1, 1, 1, 1] | micro_bs = 4 | time = [49690, 49894, 49959, 49918, 49988, 50043, 50141, 50238] | memory = [26624, 26930, 26815, 26951, 26772, 26964, 26980, 22352]
start|75491.81|26552.26| op = [416, 416, 416, 416, 416, 416, 416, 419]| tp = [1, 1, 1, 1, 1, 1, 1, 1, ] | dp = [1, 1, 1, 1, 1, 1, 1, 1, ] | algo = [0, 0, 0, 0, 0, 0, 0, 0, ] | rc = [72, 64, 64, 60, 34, 0, 0, 0] | gpus = [1, 1, 1, 1, 1, 1, 1, 1] | micro_bs = 1 | time = [75491, 74244, 74244, 73852, 71306, 67975, 67975, 73447] | memory = [26552, 24883, 21614, 19785, 23716, 25487, 17610, 10538]

[ Trial 0 ] |75491.81|26552.26| op = [416, 416, 416, 416, 416, 416, 416, 419]| tp = [1, 1, 1, 1, 1, 1, 1, 1, ] | dp = [1, 1, 1, 1, 1, 1, 1, 1, ] | algo = [0, 0, 0, 0, 0, 0, 0, 0, ] | rc = [72, 64, 64, 60, 34, 0, 0, 0] | gpus = [1, 1, 1, 1, 1, 1, 1, 1] | micro_bs = 1 | time = [75491, 74244, 74244, 73852, 71306, 67975, 67975, 73447] | memory = [26552, 24883, 21614, 19785, 23716, 25487, 17610, 10538]
>>>> [CONFIG: target(0), prim(dec_op)]
|75492.68|26552.26| op = [416, 411, 413, 412, 426, 418, 416, 419]| tp = [1, 1, 1, 1, 1, 1, 1, 1, ] | dp = [1, 1, 1, 1, 1, 1, 1, 1, ] | algo = [0, 0, 0, 0, 0, 0, 0, 0, ] | rc = [72, 64, 62, 60, 40, 0, 0, 0] | gpus = [1, 1, 1, 1, 1, 1, 1, 1] | micro_bs = 1 | time = [75492, 73686, 73675, 73258, 73655, 68241, 67976, 73448] | memory = [26552, 24690, 21586, 19733, 22944, 25551, 17610, 10538]
>>>> [CONFIG: target(0), prim(dec_op)]
|75491.42|26746.22| op = [416, 411, 404, 406, 414, 439, 422, 419]| tp = [1, 1, 1, 1, 1, 1, 1, 1, ] | dp = [1, 1, 1, 1, 1, 1, 1, 1, ] | algo = [0, 0, 0, 0, 0, 0, 0, 0, ] | rc = [72, 64, 62, 56, 34, 2, 0, 0] | gpus = [1, 1, 1, 1, 1, 1, 1, 1] | micro_bs = 1 | time = [75491, 73685, 72014, 71688, 71133, 72006, 68669, 73447] | memory = [26552, 24690, 20971, 20043, 23660, 26746, 17696, 10538]

[ Trial 1 ] |75491.42|26746.22| op = [416, 411, 404, 406, 414, 439, 422, 419]| tp = [1, 1, 1, 1, 1, 1, 1, 1, ] | dp = [1, 1, 1, 1, 1, 1, 1, 1, ] | algo = [0, 0, 0, 0, 0, 0, 0, 0, ] | rc = [72, 64, 62, 56, 34, 2, 0, 0] | gpus = [1, 1, 1, 1, 1, 1, 1, 1] | micro_bs = 1 | time = [75491, 73685, 72014, 71688, 71133, 72006, 68669, 73447] | memory = [26552, 24690, 20971, 20043, 23660, 26746, 17696, 10538]
>>>> [CONFIG: target(0), prim(inc_mbs)]
|62330.29|26983.94| op = [416, 411, 404, 406, 414, 439, 422, 419]| tp = [1, 1, 1, 1, 1, 1, 1, 1, ] | dp = [1, 1, 1, 1, 1, 1, 1, 1, ] | algo = [0, 0, 0, 0, 0, 0, 0, 0, ] | rc = [120, 112, 98, 86, 74, 68, 36, 0] | gpus = [1, 1, 1, 1, 1, 1, 1, 1] | micro_bs = 2 | time = [62330, 60975, 58367, 57271, 56887, 59523, 54045, 55558] | memory = [26576, 26499, 26759, 26709, 26983, 23352, 23740, 19144]

[ Trial 2 ] |62330.29|26983.94| op = [416, 411, 404, 406, 414, 439, 422, 419]| tp = [1, 1, 1, 1, 1, 1, 1, 1, ] | dp = [1, 1, 1, 1, 1, 1, 1, 1, ] | algo = [0, 0, 0, 0, 0, 0, 0, 0, ] | rc = [120, 112, 98, 86, 74, 68, 36, 0] | gpus = [1, 1, 1, 1, 1, 1, 1, 1] | micro_bs = 2 | time = [62330, 60975, 58367, 57271, 56887, 59523, 54045, 55558] | memory = [26576, 26499, 26759, 26709, 26983, 23352, 23740, 19144]
>>>> [CONFIG: target(0), prim(dec_op)]
|59389.57|26948.19| op = [394, 391, 401, 408, 426, 439, 435, 437]| tp = [1, 1, 1, 1, 1, 1, 1, 1, ] | dp = [1, 1, 1, 1, 1, 1, 1, 1, ] | algo = [0, 0, 0, 0, 0, 0, 0, 0, ] | rc = [112, 105, 98, 90, 76, 68, 46, 0] | gpus = [1, 1, 1, 1, 1, 1, 1, 1] | micro_bs = 2 | time = [59203, 58213, 58138, 58441, 58602, 59389, 57237, 57417] | memory = [26475, 26589, 26723, 26617, 26948, 23350, 22644, 19762]

[ Trial 3 ] |59389.57|26948.19| op = [394, 391, 401, 408, 426, 439, 435, 437]| tp = [1, 1, 1, 1, 1, 1, 1, 1, ] | dp = [1, 1, 1, 1, 1, 1, 1, 1, ] | algo = [0, 0, 0, 0, 0, 0, 0, 0, ] | rc = [112, 105, 98, 90, 76, 68, 46, 0] | gpus = [1, 1, 1, 1, 1, 1, 1, 1] | micro_bs = 2 | time = [59203, 58213, 58138, 58441, 58602, 59389, 57237, 57417] | memory = [26475, 26589, 26723, 26617, 26948, 23350, 22644, 19762]
>>>> [CONFIG: target(5), prim(dec_op)]
|58488.57|26948.19| op = [392, 393, 401, 408, 425, 429, 441, 442]| tp = [1, 1, 1, 1, 1, 1, 1, 1, ] | dp = [1, 1, 1, 1, 1, 1, 1, 1, ] | algo = [0, 0, 0, 0, 0, 0, 0, 0, ] | rc = [110, 104, 98, 90, 76, 66, 46, 0] | gpus = [1, 1, 1, 1, 1, 1, 1, 1] | micro_bs = 2 | time = [58365, 58251, 58137, 58440, 58405, 58488, 57685, 58408] | memory = [26367, 26685, 26723, 26617, 26948, 23122, 22788, 20198]

[ Trial 4 ] |58488.57|26948.19| op = [392, 393, 401, 408, 425, 429, 441, 442]| tp = [1, 1, 1, 1, 1, 1, 1, 1, ] | dp = [1, 1, 1, 1, 1, 1, 1, 1, ] | algo = [0, 0, 0, 0, 0, 0, 0, 0, ] | rc = [110, 104, 98, 90, 76, 66, 46, 0] | gpus = [1, 1, 1, 1, 1, 1, 1, 1] | micro_bs = 2 | time = [58365, 58251, 58137, 58440, 58405, 58488, 57685, 58408] | memory = [26367, 26685, 26723, 26617, 26948, 23122, 22788, 20198]
>>>> [CONFIG: target(5), prim(dec_op)]
|58438.66|26948.19| op = [392, 393, 401, 408, 424, 429, 442, 442]| tp = [1, 1, 1, 1, 1, 1, 1, 1, ] | dp = [1, 1, 1, 1, 1, 1, 1, 1, ] | algo = [0, 0, 0, 0, 0, 0, 0, 0, ] | rc = [110, 104, 98, 90, 74, 66, 46, 0] | gpus = [1, 1, 1, 1, 1, 1, 1, 1] | micro_bs = 2 | time = [58362, 58249, 58135, 58438, 57709, 58005, 57685, 58406] | memory = [26367, 26685, 26723, 26617, 26948, 22762, 22804, 20198]

[ Trial 5 ] |58438.66|26948.19| op = [392, 393, 401, 408, 424, 429, 442, 442]| tp = [1, 1, 1, 1, 1, 1, 1, 1, ] | dp = [1, 1, 1, 1, 1, 1, 1, 1, ] | algo = [0, 0, 0, 0, 0, 0, 0, 0, ] | rc = [110, 104, 98, 90, 74, 66, 46, 0] | gpus = [1, 1, 1, 1, 1, 1, 1, 1] | micro_bs = 2 | time = [58362, 58249, 58135, 58438, 57709, 58005, 57685, 58406] | memory = [26367, 26685, 26723, 26617, 26948, 22762, 22804, 20198]
>>>> [CONFIG: target(3), prim(dec_mbs)]
|77187.66|26847.87| op = [392, 393, 401, 408, 424, 429, 442, 442]| tp = [1, 1, 1, 1, 1, 1, 1, 1, ] | dp = [1, 1, 1, 1, 1, 1, 1, 1, ] | algo = [0, 0, 0, 0, 0, 0, 0, 0, ] | rc = [60, 60, 62, 60, 36, 0, 0, 0] | gpus = [1, 1, 1, 1, 1, 1, 1, 1] | micro_bs = 1 | time = [70244, 70604, 71736, 72846, 72499, 70062, 72156, 77187] | memory = [26847, 23860, 20953, 19590, 23320, 26285, 18698, 11107]
>>>> [CONFIG: target(7), prim(dec_op)]
|74140.12|26847.87| op = [392, 393, 401, 408, 424, 442, 446, 425]| tp = [1, 1, 1, 1, 1, 1, 1, 1, ] | dp = [1, 1, 1, 1, 1, 1, 1, 1, ] | algo = [0, 0, 0, 0, 0, 0, 0, 0, ] | rc = [60, 60, 62, 60, 36, 2, 0, 0] | gpus = [1, 1, 1, 1, 1, 1, 1, 1] | micro_bs = 1 | time = [70244, 70604, 71736, 72846, 72499, 72352, 73116, 74140] | memory = [26847, 23860, 20953, 19590, 23320, 26783, 19118, 10599]
>>>> [CONFIG: target(7), prim(inc_mbs)]
|59730.88|26948.19| op = [392, 393, 401, 408, 424, 442, 446, 425]| tp = [1, 1, 1, 1, 1, 1, 1, 1, ] | dp = [1, 1, 1, 1, 1, 1, 1, 1, ] | algo = [0, 0, 0, 0, 0, 0, 0, 0, ] | rc = [110, 104, 98, 90, 74, 68, 52, 0] | gpus = [1, 1, 1, 1, 1, 1, 1, 1] | micro_bs = 2 | time = [58364, 58250, 58136, 58440, 57711, 59730, 59139, 55949] | memory = [26367, 26685, 26723, 26617, 26948, 23422, 21916, 19230]
>>>> [CONFIG: target(5), prim(dec_op)]
|59731.15|26948.19| op = [392, 393, 401, 408, 424, 442, 443, 428]| tp = [1, 1, 1, 1, 1, 1, 1, 1, ] | dp = [1, 1, 1, 1, 1, 1, 1, 1, ] | algo = [0, 0, 0, 0, 0, 0, 0, 0, ] | rc = [110, 104, 98, 90, 74, 68, 48, 0] | gpus = [1, 1, 1, 1, 1, 1, 1, 1] | micro_bs = 2 | time = [58364, 58251, 58137, 58440, 57711, 59731, 58356, 56867] | memory = [26367, 26685, 26723, 26617, 26948, 23422, 22484, 19650]
>>>> [CONFIG: target(5), prim(inc_mbs)]
|51677.15|26952.43| op = [392, 393, 401, 408, 424, 442, 443, 428]| tp = [1, 1, 1, 1, 1, 1, 1, 1, ] | dp = [1, 1, 1, 1, 1, 1, 1, 1, ] | algo = [0, 0, 0, 0, 0, 0, 0, 0, ] | rc = [216, 195, 190, 134, 122, 118, 88, 54] | gpus = [1, 1, 1, 1, 1, 1, 1, 1] | micro_bs = 4 | time = [49499, 49531, 49682, 49877, 50068, 51677, 49879, 50431] | memory = [26741, 26910, 26902, 26943, 26844, 26940, 26952, 22352]

[ Trial 6 ] |51677.15|26952.43| op = [392, 393, 401, 408, 424, 442, 443, 428]| tp = [1, 1, 1, 1, 1, 1, 1, 1, ] | dp = [1, 1, 1, 1, 1, 1, 1, 1, ] | algo = [0, 0, 0, 0, 0, 0, 0, 0, ] | rc = [216, 195, 190, 134, 122, 118, 88, 54] | gpus = [1, 1, 1, 1, 1, 1, 1, 1] | micro_bs = 4 | time = [49499, 49531, 49682, 49877, 50068, 51677, 49879, 50431] | memory = [26741, 26910, 26902, 26943, 26844, 26940, 26952, 22352]
>>>> [CONFIG: target(5), prim(dec_op)]
|50661.32|26964.65| op = [392, 397, 406, 409, 418, 438, 443, 428]| tp = [1, 1, 1, 1, 1, 1, 1, 1, ] | dp = [1, 1, 1, 1, 1, 1, 1, 1, ] | algo = [0, 0, 0, 0, 0, 0, 0, 0, ] | rc = [216, 198, 182, 136, 126, 112, 88, 54] | gpus = [1, 1, 1, 1, 1, 1, 1, 1] | micro_bs = 4 | time = [49499, 49934, 49860, 49837, 50661, 50523, 49879, 50431] | memory = [26741, 26942, 26823, 26867, 26287, 26964, 26952, 22352]

[ Trial 7 ] |50661.32|26964.65| op = [392, 397, 406, 409, 418, 438, 443, 428]| tp = [1, 1, 1, 1, 1, 1, 1, 1, ] | dp = [1, 1, 1, 1, 1, 1, 1, 1, ] | algo = [0, 0, 0, 0, 0, 0, 0, 0, ] | rc = [216, 198, 182, 136, 126, 112, 88, 54] | gpus = [1, 1, 1, 1, 1, 1, 1, 1] | micro_bs = 4 | time = [49499, 49934, 49860, 49837, 50661, 50523, 49879, 50431] | memory = [26741, 26942, 26823, 26867, 26287, 26964, 26952, 22352]
>>>> [CONFIG: target(4), prim(dec_op)]
|50521.25|26964.65| op = [392, 397, 406, 411, 416, 438, 443, 428]| tp = [1, 1, 1, 1, 1, 1, 1, 1, ] | dp = [1, 1, 1, 1, 1, 1, 1, 1, ] | algo = [0, 0, 0, 0, 0, 0, 0, 0, ] | rc = [216, 198, 182, 138, 122, 112, 88, 54] | gpus = [1, 1, 1, 1, 1, 1, 1, 1] | micro_bs = 4 | time = [49496, 49932, 49857, 50151, 49664, 50521, 49876, 50428] | memory = [26741, 26942, 26823, 26907, 26255, 26964, 26952, 22352]

[ Trial 8 ] |50521.25|26964.65| op = [392, 397, 406, 411, 416, 438, 443, 428]| tp = [1, 1, 1, 1, 1, 1, 1, 1, ] | dp = [1, 1, 1, 1, 1, 1, 1, 1, ] | algo = [0, 0, 0, 0, 0, 0, 0, 0, ] | rc = [216, 198, 182, 138, 122, 112, 88, 54] | gpus = [1, 1, 1, 1, 1, 1, 1, 1] | micro_bs = 4 | time = [49496, 49932, 49857, 50151, 49664, 50521, 49876, 50428] | memory = [26741, 26942, 26823, 26907, 26255, 26964, 26952, 22352]
>>>> [CONFIG: target(5), prim(dec_mbs)]
|58780.45|26931.72| op = [392, 397, 406, 411, 416, 438, 443, 428]| tp = [1, 1, 1, 1, 1, 1, 1, 1, ] | dp = [1, 1, 1, 1, 1, 1, 1, 1, ] | algo = [0, 0, 0, 0, 0, 0, 0, 0, ] | rc = [110, 106, 98, 90, 72, 66, 48, 0] | gpus = [1, 1, 1, 1, 1, 1, 1, 1] | micro_bs = 2 | time = [58363, 58780, 58530, 58720, 57097, 58624, 58355, 56866] | memory = [26367, 26787, 26931, 26771, 26695, 23002, 22484, 19650]
>>>> [CONFIG: target(1), prim(dec_mbs)]
|75092.45|26847.87| op = [392, 397, 406, 411, 416, 438, 443, 428]| tp = [1, 1, 1, 1, 1, 1, 1, 1, ] | dp = [1, 1, 1, 1, 1, 1, 1, 1, ] | algo = [0, 0, 0, 0, 0, 0, 0, 0, ] | rc = [60, 62, 62, 60, 34, 0, 0, 0] | gpus = [1, 1, 1, 1, 1, 1, 1, 1] | micro_bs = 1 | time = [70244, 71234, 72275, 73327, 71304, 71202, 72667, 75092] | memory = [26847, 23913, 21066, 19680, 23716, 26429, 18826, 10809]
>>>> [CONFIG: target(7), prim(dec_op)]
|73447.58|26971.87| op = [395, 403, 403, 405, 416, 444, 446, 419]| tp = [1, 1, 1, 1, 1, 1, 1, 1, ] | dp = [1, 1, 1, 1, 1, 1, 1, 1, ] | algo = [0, 0, 0, 0, 0, 0, 0, 0, ] | rc = [62, 62, 62, 60, 34, 2, 0, 0] | gpus = [1, 1, 1, 1, 1, 1, 1, 1] | micro_bs = 1 | time = [71408, 72458, 72458, 72502, 71306, 72555, 72561, 73447] | memory = [26971, 24568, 21337, 19556, 23716, 26790, 18758, 10538]
>>>> [CONFIG: target(7), prim(inc_mbs)]
|60078.88|26723.53| op = [395, 403, 403, 405, 416, 444, 446, 419]| tp = [1, 1, 1, 1, 1, 1, 1, 1, ] | dp = [1, 1, 1, 1, 1, 1, 1, 1, ] | algo = [0, 0, 0, 0, 0, 0, 0, 0, ] | rc = [112, 110, 100, 90, 72, 68, 48, 0] | gpus = [1, 1, 1, 1, 1, 1, 1, 1] | micro_bs = 2 | time = [59400, 60078, 59029, 58171, 57101, 59838, 58115, 55563] | memory = [26475, 26273, 26723, 26553, 26695, 23432, 22316, 19144]
>>>> [CONFIG: target(1), prim(inc_mbs)]
|51701.73|26979.22| op = [395, 403, 403, 405, 416, 444, 446, 419]| tp = [1, 1, 1, 1, 1, 1, 1, 1, ] | dp = [1, 1, 1, 1, 1, 1, 1, 1, ] | algo = [0, 0, 0, 0, 0, 0, 0, 0, ] | rc = [219, 214, 192, 146, 122, 118, 90, 50] | gpus = [1, 1, 1, 1, 1, 1, 1, 1] | micro_bs = 4 | time = [50412, 51248, 50454, 49831, 49671, 51701, 49548, 48966] | memory = [26753, 26890, 26902, 26979, 26255, 26956, 26968, 22528]
>>>> [CONFIG: target(5), prim(dec_op)]
|50416.91|26980.43| op = [395, 395, 409, 407, 416, 437, 445, 427]| tp = [1, 1, 1, 1, 1, 1, 1, 1, ] | dp = [1, 1, 1, 1, 1, 1, 1, 1, ] | algo = [0, 0, 0, 0, 0, 0, 0, 0, ] | rc = [219, 206, 184, 134, 122, 112, 88, 54] | gpus = [1, 1, 1, 1, 1, 1, 1, 1] | micro_bs = 4 | time = [50408, 49962, 50070, 49846, 49667, 50416, 50144, 50242] | memory = [26753, 26930, 26971, 26899, 26255, 26880, 26980, 22352]

[ Trial 9 ] |50416.91|26980.43| op = [395, 395, 409, 407, 416, 437, 445, 427]| tp = [1, 1, 1, 1, 1, 1, 1, 1, ] | dp = [1, 1, 1, 1, 1, 1, 1, 1, ] | algo = [0, 0, 0, 0, 0, 0, 0, 0, ] | rc = [219, 206, 184, 134, 122, 112, 88, 54] | gpus = [1, 1, 1, 1, 1, 1, 1, 1] | micro_bs = 4 | time = [50408, 49962, 50070, 49846, 49667, 50416, 50144, 50242] | memory = [26753, 26930, 26971, 26899, 26255, 26880, 26980, 22352]
>>>> [CONFIG: target(5), prim(dec_op)]
|50238.73|26980.43| op = [393, 397, 408, 408, 424, 429, 445, 427]| tp = [1, 1, 1, 1, 1, 1, 1, 1, ] | dp = [1, 1, 1, 1, 1, 1, 1, 1, ] | algo = [0, 0, 0, 0, 0, 0, 0, 0, ] | rc = [221, 198, 184, 134, 122, 116, 88, 54] | gpus = [1, 1, 1, 1, 1, 1, 1, 1] | micro_bs = 4 | time = [49690, 49894, 49959, 49918, 49988, 50043, 50141, 50238] | memory = [26624, 26930, 26815, 26951, 26772, 26964, 26980, 22352]

num_targets: [1, 1, 1, 1, 1, 1, 1, 1, 1, 1]
num_hops: [2, 1, 1, 1, 1, 5, 1, 1, 6, 1]
search time = 200.09 s.  [0, 2, 3, 4, 5, 6, 9, 10, 11, 40, 41, 60, 92, 103, 131, 145, 165, 174, 205, 208] 
num_explored_cases = 3503
time trend: [75491, 75491, 62330, 59389, 58488, 58438, 51677, 50661, 50521, 50416, 50238, 50238, 50239, 50239, 50239, 50352, 50352, 50433, 50238, 50428]

working on num_stages = 3
config has been saved to /home/liminglong.lml/sxz/SuperScaler/logs-large/aceso/configs/scale-layer/256layers/scale-layer_256layers_3stages_2026-5-16-3-19-19.json

========== Best Result (num_stages = 3) ==========
|54840.36|26997.57| op = [886, 918, 1527]| tp = [1, 1, 1, ] | dp = [2, 2, 4, ] | algo = [0, 0, 0, ] | rc = [455, 284, 322] | gpus = [2, 2, 4] | micro_bs = 8 | time = [54792, 54797, 54840] | memory = [26997, 26937, 26993]
start|372808.19|24632.72| op = [1110, 1110, 1111]| tp = [4, 2, 2, ] | dp = [1, 1, 1, ] | algo = [0, 0, 0, ] | rc = [0, 0, 0] | gpus = [4, 2, 2] | micro_bs = 1 | time = [372808, 295436, 298918] | memory = [19718, 24632, 13809]

[ Trial 0 ] |372808.19|24632.72| op = [1110, 1110, 1111]| tp = [4, 2, 2, ] | dp = [1, 1, 1, ] | algo = [0, 0, 0, ] | rc = [0, 0, 0] | gpus = [4, 2, 2] | micro_bs = 1 | time = [372808, 295436, 298918] | memory = [19718, 24632, 13809]
>>>> [CONFIG: target(0), prim(dec_tp)]
|371521.30|22503.04| op = [1110, 1110, 1111]| tp = [2, 4, 2, ] | dp = [1, 1, 1, ] | algo = [0, 0, 0, ] | rc = [124, 0, 0] | gpus = [2, 4, 2] | micro_bs = 1 | time = [304958, 371521, 298926] | memory = [22503, 13534, 13809]

[ Trial 1 ] |371521.30|22503.04| op = [1110, 1110, 1111]| tp = [2, 4, 2, ] | dp = [1, 1, 1, ] | algo = [0, 0, 0, ] | rc = [124, 0, 0] | gpus = [2, 4, 2] | micro_bs = 1 | time = [304958, 371521, 298926] | memory = [22503, 13534, 13809]
>>>> [CONFIG: target(1), prim(inc_mbs)]
|147768.53|26914.73| op = [1110, 1110, 1111]| tp = [1, 2, 1, ] | dp = [2, 2, 2, ] | algo = [0, 0, 0, ] | rc = [218, 0, 0] | gpus = [2, 4, 2] | micro_bs = 2 | time = [101513, 147768, 92681] | memory = [26914, 24632, 26415]

[ Trial 2 ] |147768.53|26914.73| op = [1110, 1110, 1111]| tp = [1, 2, 1, ] | dp = [2, 2, 2, ] | algo = [0, 0, 0, ] | rc = [218, 0, 0] | gpus = [2, 4, 2] | micro_bs = 2 | time = [101513, 147768, 92681] | memory = [26914, 24632, 26415]
>>>> [CONFIG: target(1), prim(dec_tp)]
|149522.61|26914.73| op = [1110, 1110, 1111]| tp = [1, 1, 2, ] | dp = [2, 2, 2, ] | algo = [0, 0, 0, ] | rc = [218, 172, 0] | gpus = [2, 2, 4] | micro_bs = 2 | time = [101528, 98755, 149522] | memory = [26914, 22237, 13809]
>>>> [CONFIG: target(2), prim(dec_dp)]
|216879.19|26914.73| op = [1110, 1110, 1111]| tp = [1, 2, 2, ] | dp = [2, 2, 1, ] | algo = [0, 0, 0, ] | rc = [218, 0, 0] | gpus = [2, 4, 2] | micro_bs = 2 | time = [101755, 148011, 216879] | memory = [26914, 24632, 25123]
>>>> [CONFIG: target(2), prim(inc_mbs)]
|83076.54|26945.95| op = [1110, 1110, 1111]| tp = [1, 1, 1, ] | dp = [2, 4, 2, ] | algo = [0, 0, 0, ] | rc = [332, 172, 170] | gpus = [2, 4, 2] | micro_bs = 4 | time = [83076, 49753, 76752] | memory = [26945, 22237, 23643]

[ Trial 3 ] |83076.54|26945.95| op = [1110, 1110, 1111]| tp = [1, 1, 1, ] | dp = [2, 4, 2, ] | algo = [0, 0, 0, ] | rc = [332, 172, 170] | gpus = [2, 4, 2] | micro_bs = 4 | time = [83076, 49753, 76752] | memory = [26945, 22237, 23643]
>>>> [CONFIG: target(0), prim(dec_op)]
|66683.05|26936.73| op = [905, 1468, 958]| tp = [1, 1, 1, ] | dp = [2, 4, 2, ] | algo = [0, 0, 0, ] | rc = [248, 264, 146] | gpus = [2, 4, 2] | micro_bs = 4 | time = [66683, 66392, 66481] | memory = [26778, 26936, 20636]

[ Trial 4 ] |66683.05|26936.73| op = [905, 1468, 958]| tp = [1, 1, 1, ] | dp = [2, 4, 2, ] | algo = [0, 0, 0, ] | rc = [248, 264, 146] | gpus = [2, 4, 2] | micro_bs = 4 | time = [66683, 66392, 66481] | memory = [26778, 26936, 20636]
>>>> [CONFIG: target(0), prim(inc_dp)]
|108618.81|26975.51| op = [905, 1468, 958]| tp = [1, 1, 1, ] | dp = [4, 2, 2, ] | algo = [0, 0, 0, ] | rc = [140, 430, 146] | gpus = [4, 2, 2] | micro_bs = 4 | time = [40845, 108618, 66545] | memory = [25713, 26975, 20636]
>>>> [CONFIG: target(1), prim(dec_op)]
|67780.85|26946.94| op = [1411, 962, 958]| tp = [1, 1, 1, ] | dp = [4, 2, 2, ] | algo = [0, 0, 0, ] | rc = [352, 210, 146] | gpus = [4, 2, 2] | micro_bs = 4 | time = [66717, 67780, 66487] | memory = [26946, 26889, 20636]
>>>> [CONFIG: target(1), prim(inc_dp)]
|107984.89|26987.73| op = [1411, 962, 958]| tp = [1, 1, 1, ] | dp = [2, 4, 2, ] | algo = [0, 0, 0, ] | rc = [622, 140, 146] | gpus = [2, 4, 2] | micro_bs = 4 | time = [107984, 42988, 66551] | memory = [26987, 20400, 20636]
>>>> [CONFIG: target(0), prim(dec_op)]
|66870.14|26972.70| op = [911, 1462, 958]| tp = [1, 1, 1, ] | dp = [2, 4, 2, ] | algo = [0, 0, 0, ] | rc = [248, 262, 146] | gpus = [2, 4, 2] | micro_bs = 4 | time = [66870, 66156, 66481] | memory = [26967, 26972, 20636]
>>>> [CONFIG: target(0), prim(inc_dp)]
|108390.69|26891.45| op = [911, 1462, 958]| tp = [1, 1, 1, ] | dp = [4, 2, 2, ] | algo = [0, 0, 0, ] | rc = [140, 426, 146] | gpus = [4, 2, 2] | micro_bs = 4 | time = [40999, 108390, 66545] | memory = [25827, 26891, 20636]
>>>> [CONFIG: target(1), prim(dec_op)]
|70558.71|26988.75| op = [1382, 991, 958]| tp = [1, 1, 1, ] | dp = [4, 2, 2, ] | algo = [0, 0, 0, ] | rc = [338, 229, 146] | gpus = [4, 2, 2] | micro_bs = 4 | time = [65199, 70558, 66492] | memory = [26988, 26977, 20636]
>>>> [CONFIG: target(1), prim(inc_mbs)]
|60001.90|26997.28| op = [1382, 991, 958]| tp = [1, 1, 1, ] | dp = [4, 2, 2, ] | algo = [0, 0, 0, ] | rc = [603, 385, 234] | gpus = [4, 2, 2] | micro_bs = 8 | time = [53497, 60001, 56686] | memory = [26987, 26946, 26997]

[ Trial 5 ] |60001.90|26997.28| op = [1382, 991, 958]| tp = [1, 1, 1, ] | dp = [4, 2, 2, ] | algo = [0, 0, 0, ] | rc = [603, 385, 234] | gpus = [4, 2, 2] | micro_bs = 8 | time = [53497, 60001, 56686] | memory = [26987, 26946, 26997]
>>>> [CONFIG: target(1), prim(dec_op)]
|56671.96|26997.28| op = [1437, 936, 958]| tp = [1, 1, 1, ] | dp = [4, 2, 2, ] | algo = [0, 0, 0, ] | rc = [654, 304, 234] | gpus = [4, 2, 2] | micro_bs = 8 | time = [55742, 55845, 56671] | memory = [26976, 26993, 26997]

[ Trial 6 ] |56671.96|26997.28| op = [1437, 936, 958]| tp = [1, 1, 1, ] | dp = [4, 2, 2, ] | algo = [0, 0, 0, ] | rc = [654, 304, 234] | gpus = [4, 2, 2] | micro_bs = 8 | time = [55742, 55845, 56671] | memory = [26976, 26993, 26997]
>>>> [CONFIG: target(2), prim(inc_dp)]
|92632.66|26993.86| op = [1437, 936, 958]| tp = [1, 1, 1, ] | dp = [2, 2, 4, ] | algo = [0, 0, 0, ] | rc = [1325, 304, 146] | gpus = [2, 2, 4] | micro_bs = 8 | time = [92632, 55956, 34130] | memory = [25164, 26993, 20636]
>>>> [CONFIG: target(0), prim(dec_op)]
|55857.00|26985.95| op = [900, 936, 1495]| tp = [1, 1, 1, ] | dp = [2, 2, 4, ] | algo = [0, 0, 0, ] | rc = [468, 306, 312] | gpus = [2, 2, 4] | micro_bs = 8 | time = [55745, 55856, 53641] | memory = [26985, 26961, 26985]

[ Trial 7 ] |55857.00|26985.95| op = [900, 936, 1495]| tp = [1, 1, 1, ] | dp = [2, 2, 4, ] | algo = [0, 0, 0, ] | rc = [468, 306, 312] | gpus = [2, 2, 4] | micro_bs = 8 | time = [55745, 55856, 53641] | memory = [26985, 26961, 26985]
>>>> [CONFIG: target(1), prim(dec_op)]
|54986.49|26993.61| op = [887, 923, 1521]| tp = [1, 1, 1, ] | dp = [2, 2, 4, ] | algo = [0, 0, 0, ] | rc = [458, 290, 324] | gpus = [2, 2, 4] | micro_bs = 8 | time = [54877, 54986, 54701] | memory = [26949, 26993, 26989]

[ Trial 8 ] |54986.49|26993.61| op = [887, 923, 1521]| tp = [1, 1, 1, ] | dp = [2, 2, 4, ] | algo = [0, 0, 0, ] | rc = [458, 290, 324] | gpus = [2, 2, 4] | micro_bs = 8 | time = [54877, 54986, 54701] | memory = [26949, 26993, 26989]
>>>> [CONFIG: target(1), prim(dec_op)]
|54840.36|26997.57| op = [886, 918, 1527]| tp = [1, 1, 1, ] | dp = [2, 2, 4, ] | algo = [0, 0, 0, ] | rc = [455, 284, 322] | gpus = [2, 2, 4] | micro_bs = 8 | time = [54792, 54797, 54840] | memory = [26997, 26937, 26993]

num_targets: [1, 1, 1, 1, 1, 1, 1, 1, 1]
num_hops: [1, 1, 3, 1, 7, 1, 2, 1, 1]
search time = 200.11 s.  [0, 1, 2, 3, 4, 8, 9, 11, 12, 13, 205] 
num_explored_cases = 3171
time trend: [372808, 371521, 147768, 83076, 66683, 60001, 56671, 55856, 54986, 54840, 54840]

working on num_stages = 5
config has been saved to /home/liminglong.lml/sxz/SuperScaler/logs-large/aceso/configs/scale-layer/256layers/scale-layer_256layers_5stages_2026-5-16-3-19-19.json

========== Best Result (num_stages = 5) ==========
|50912.45|26968.16| op = [411, 420, 807, 847, 846]| tp = [1, 1, 1, 1, 1, ] | dp = [1, 1, 2, 2, 2, ] | algo = [0, 0, 0, 0, 0, ] | rc = [351, 292, 381, 258, 192] | gpus = [1, 1, 2, 2, 2] | micro_bs = 8 | time = [50912, 50689, 50117, 50812, 50588] | memory = [26027, 25680, 26967, 26936, 26968]
start|183080.57|26623.30| op = [666, 666, 666, 666, 667]| tp = [2, 2, 2, 1, 1, ] | dp = [1, 1, 1, 1, 1, ] | algo = [0, 0, 0, 0, 0, ] | rc = [66, 16, 0, 10, 0] | gpus = [2, 2, 2, 1, 1] | micro_bs = 1 | time = [183080, 178621, 177795, 109243, 113584] | memory = [23017, 26114, 21403, 26623, 16186]

[ Trial 0 ] |183080.57|26623.30| op = [666, 666, 666, 666, 667]| tp = [2, 2, 2, 1, 1, ] | dp = [1, 1, 1, 1, 1, ] | algo = [0, 0, 0, 0, 0, ] | rc = [66, 16, 0, 10, 0] | gpus = [2, 2, 2, 1, 1] | micro_bs = 1 | time = [183080, 178621, 177795, 109243, 113584] | memory = [23017, 26114, 21403, 26623, 16186]
>>>> [CONFIG: target(0), prim(dec_op)]
|146941.55|26224.85| op = [545, 549, 541, 836, 860]| tp = [2, 2, 2, 1, 1, ] | dp = [1, 1, 1, 1, 1, ] | algo = [0, 0, 0, 0, 0, ] | rc = [14, 0, 0, 84, 0] | gpus = [2, 2, 2, 1, 1] | micro_bs = 1 | time = [146941, 146705, 144435, 143761, 144628] | memory = [26224, 23073, 17502, 23082, 20656]

[ Trial 1 ] |146941.55|26224.85| op = [545, 549, 541, 836, 860]| tp = [2, 2, 2, 1, 1, ] | dp = [1, 1, 1, 1, 1, ] | algo = [0, 0, 0, 0, 0, ] | rc = [14, 0, 0, 84, 0] | gpus = [2, 2, 2, 1, 1] | micro_bs = 1 | time = [146941, 146705, 144435, 143761, 144628] | memory = [26224, 23073, 17502, 23082, 20656]
>>>> [CONFIG: target(0), prim(dec_tp)]
|181762.28|24296.76| op = [545, 549, 541, 836, 860]| tp = [1, 1, 4, 1, 1, ] | dp = [1, 1, 1, 1, 1, ] | algo = [0, 0, 0, 0, 0, ] | rc = [84, 84, 0, 84, 0] | gpus = [1, 1, 4, 1, 1] | micro_bs = 1 | time = [97514, 97619, 181762, 143702, 144568] | memory = [24296, 19705, 9694, 23082, 20656]
>>>> [CONFIG: target(2), prim(inc_mbs)]
|118017.61|26987.94| op = [545, 549, 541, 836, 860]| tp = [1, 1, 2, 1, 1, ] | dp = [1, 1, 2, 1, 1, ] | algo = [0, 0, 0, 0, 0, ] | rc = [148, 126, 0, 158, 110] | gpus = [1, 1, 4, 1, 1] | micro_bs = 2 | time = [80031, 78137, 72692, 114499, 118017] | memory = [26945, 26754, 17502, 26987, 21944]

[ Trial 2 ] |118017.61|26987.94| op = [545, 549, 541, 836, 860]| tp = [1, 1, 2, 1, 1, ] | dp = [1, 1, 2, 1, 1, ] | algo = [0, 0, 0, 0, 0, ] | rc = [148, 126, 0, 158, 110] | gpus = [1, 1, 4, 1, 1] | micro_bs = 2 | time = [80031, 78137, 72692, 114499, 118017] | memory = [26945, 26754, 17502, 26987, 21944]
>>>> [CONFIG: target(4), prim(inc_dp)]
|114300.84|26987.94| op = [545, 549, 541, 836, 860]| tp = [1, 1, 1, 1, 1, ] | dp = [2, 1, 2, 1, 2, ] | algo = [0, 0, 0, 0, 0, ] | rc = [84, 126, 44, 158, 0] | gpus = [2, 1, 2, 1, 2] | micro_bs = 2 | time = [49085, 77938, 46705, 114300, 72589] | memory = [24296, 26754, 23886, 26987, 20656]

[ Trial 3 ] |114300.84|26987.94| op = [545, 549, 541, 836, 860]| tp = [1, 1, 1, 1, 1, ] | dp = [2, 1, 2, 1, 2, ] | algo = [0, 0, 0, 0, 0, ] | rc = [84, 126, 44, 158, 0] | gpus = [2, 1, 2, 1, 2] | micro_bs = 2 | time = [49085, 77938, 46705, 114300, 72589] | memory = [24296, 26754, 23886, 26987, 20656]
>>>> [CONFIG: target(3), prim(dec_op)]
|69218.65|26861.18| op = [745, 479, 775, 515, 817]| tp = [1, 1, 1, 1, 1, ] | dp = [2, 1, 2, 1, 2, ] | algo = [0, 0, 0, 0, 0, ] | rc = [154, 99, 120, 76, 0] | gpus = [2, 1, 2, 1, 2] | micro_bs = 2 | time = [68938, 67124, 69218, 69049, 69171] | memory = [26821, 26861, 21656, 19724, 19736]

[ Trial 4 ] |69218.65|26861.18| op = [745, 479, 775, 515, 817]| tp = [1, 1, 1, 1, 1, ] | dp = [2, 1, 2, 1, 2, ] | algo = [0, 0, 0, 0, 0, ] | rc = [154, 99, 120, 76, 0] | gpus = [2, 1, 2, 1, 2] | micro_bs = 2 | time = [68938, 67124, 69218, 69049, 69171] | memory = [26821, 26861, 21656, 19724, 19736]
>>>> [CONFIG: target(2), prim(dec_dp)]
|111438.67|26985.07| op = [745, 479, 775, 515, 817]| tp = [1, 1, 1, 1, 1, ] | dp = [2, 2, 1, 1, 2, ] | algo = [0, 0, 0, 0, 0, ] | rc = [154, 60, 194, 76, 0] | gpus = [2, 2, 1, 1, 2] | micro_bs = 2 | time = [68972, 42426, 111438, 69083, 69205] | memory = [26821, 21352, 26985, 19724, 19736]
>>>> [CONFIG: target(2), prim(dec_op)]
|68936.21|26893.99| op = [745, 762, 501, 508, 815]| tp = [1, 1, 1, 1, 1, ] | dp = [2, 2, 1, 1, 2, ] | algo = [0, 0, 0, 0, 0, ] | rc = [154, 123, 81, 74, 0] | gpus = [2, 2, 1, 1, 2] | micro_bs = 2 | time = [68936, 68357, 68192, 68215, 68797] | memory = [26821, 26893, 26789, 20148, 19526]

[ Trial 5 ] |68936.21|26893.99| op = [745, 762, 501, 508, 815]| tp = [1, 1, 1, 1, 1, ] | dp = [2, 2, 1, 1, 2, ] | algo = [0, 0, 0, 0, 0, ] | rc = [154, 123, 81, 74, 0] | gpus = [2, 2, 1, 1, 2] | micro_bs = 2 | time = [68936, 68357, 68192, 68215, 68797] | memory = [26821, 26893, 26789, 20148, 19526]
>>>> [CONFIG: target(0), prim(dec_dp)]
|112048.29|26893.99| op = [745, 762, 501, 508, 815]| tp = [1, 1, 1, 1, 1, ] | dp = [1, 2, 1, 2, 2, ] | algo = [0, 0, 0, 0, 0, ] | rc = [228, 123, 81, 0, 0] | gpus = [1, 2, 1, 2, 2] | micro_bs = 2 | time = [112048, 68390, 68225, 41948, 68830] | memory = [26647, 26893, 26789, 21522, 19526]
>>>> [CONFIG: target(0), prim(dec_op)]
|82917.95|26995.63| op = [555, 905, 535, 521, 815]| tp = [1, 1, 1, 1, 1, ] | dp = [1, 2, 1, 2, 2, ] | algo = [0, 0, 0, 0, 0, ] | rc = [150, 182, 100, 0, 0] | gpus = [1, 2, 1, 2, 2] | micro_bs = 2 | time = [81654, 82917, 74029, 42976, 68812] | memory = [26697, 26900, 26995, 22062, 19526]
>>>> [CONFIG: target(1), prim(dec_dp)]
|135138.19|26697.26| op = [555, 905, 535, 521, 815]| tp = [1, 1, 1, 1, 1, ] | dp = [1, 1, 2, 2, 2, ] | algo = [0, 0, 0, 0, 0, ] | rc = [150, 274, 44, 0, 0] | gpus = [1, 1, 2, 2, 2] | micro_bs = 2 | time = [81702, 135138, 46440, 43024, 68861] | memory = [26697, 26693, 23825, 22062, 19526]
>>>> [CONFIG: target(1), prim(dec_op)]
|69641.69|26935.24| op = [466, 475, 779, 796, 815]| tp = [1, 1, 1, 1, 1, ] | dp = [1, 1, 2, 2, 2, ] | algo = [0, 0, 0, 0, 0, ] | rc = [114, 96, 120, 72, 0] | gpus = [1, 1, 2, 2, 2] | micro_bs = 2 | time = [67262, 66540, 69641, 68667, 68794] | memory = [26935, 26813, 21953, 23513, 19526]
>>>> [CONFIG: target(2), prim(dec_dp)]
|112396.84|26935.24| op = [466, 475, 779, 796, 815]| tp = [1, 1, 1, 1, 1, ] | dp = [1, 2, 1, 2, 2, ] | algo = [0, 0, 0, 0, 0, ] | rc = [114, 58, 194, 72, 0] | gpus = [1, 2, 1, 2, 2] | micro_bs = 2 | time = [67297, 42104, 112396, 68703, 68830] | memory = [26935, 21324, 26867, 23513, 19526]
>>>> [CONFIG: target(2), prim(dec_op)]
|70312.59|26935.24| op = [466, 735, 483, 815, 832]| tp = [1, 1, 1, 1, 1, ] | dp = [1, 2, 1, 2, 2, ] | algo = [0, 0, 0, 0, 0, ] | rc = [114, 112, 76, 74, 0] | gpus = [1, 2, 1, 2, 2] | micro_bs = 2 | time = [67257, 65626, 65542, 69897, 70312] | memory = [26935, 26434, 25774, 23478, 20040]
>>>> [CONFIG: target(4), prim(inc_mbs)]
|57350.86|26989.76| op = [466, 735, 483, 815, 832]| tp = [1, 1, 1, 1, 1, ] | dp = [1, 2, 1, 2, 2, ] | algo = [0, 0, 0, 0, 0, ] | rc = [200, 204, 136, 144, 98] | gpus = [1, 2, 1, 2, 2] | micro_bs = 4 | time = [56840, 54724, 57020, 55885, 57350] | memory = [26942, 26690, 26989, 26983, 22576]

[ Trial 6 ] |57350.86|26989.76| op = [466, 735, 483, 815, 832]| tp = [1, 1, 1, 1, 1, ] | dp = [1, 2, 1, 2, 2, ] | algo = [0, 0, 0, 0, 0, ] | rc = [200, 204, 136, 144, 98] | gpus = [1, 2, 1, 2, 2] | micro_bs = 4 | time = [56840, 54724, 57020, 55885, 57350] | memory = [26942, 26690, 26989, 26983, 22576]
>>>> [CONFIG: target(4), prim(dec_dp)]
|97162.83|26983.81| op = [466, 735, 483, 815, 832]| tp = [1, 1, 1, 1, 1, ] | dp = [1, 2, 2, 2, 1, ] | algo = [0, 0, 0, 0, 0, ] | rc = [200, 204, 76, 144, 188] | gpus = [1, 2, 2, 2, 1] | micro_bs = 4 | time = [56904, 54787, 33527, 55948, 97162] | memory = [26942, 26690, 25774, 26983, 26972]
>>>> [CONFIG: target(4), prim(dec_op)]
|58391.97|26943.94| op = [466, 735, 794, 833, 503]| tp = [1, 1, 1, 1, 1, ] | dp = [1, 2, 2, 2, 1, ] | algo = [0, 0, 0, 0, 0, ] | rc = [200, 204, 205, 156, 76] | gpus = [1, 2, 2, 2, 1] | micro_bs = 4 | time = [56857, 54740, 58391, 57967, 58199] | memory = [26942, 26690, 26855, 26943, 21368]
>>>> [CONFIG: target(2), prim(dec_dp)]
|98071.49|26998.69| op = [466, 735, 794, 833, 503]| tp = [1, 1, 1, 1, 1, ] | dp = [1, 2, 1, 2, 2, ] | algo = [0, 0, 0, 0, 0, ] | rc = [200, 204, 403, 156, 0] | gpus = [1, 2, 1, 2, 2] | micro_bs = 4 | time = [56914, 54798, 98071, 58024, 33235] | memory = [26942, 26690, 26998, 26943, 22470]
>>>> [CONFIG: target(2), prim(dec_op)]
|60801.33|26988.06| op = [466, 735, 518, 844, 768]| tp = [1, 1, 1, 1, 1, ] | dp = [1, 2, 1, 2, 2, ] | algo = [0, 0, 0, 0, 0, ] | rc = [200, 204, 148, 166, 70] | gpus = [1, 2, 1, 2, 2] | micro_bs = 4 | time = [56846, 54729, 60801, 58594, 52280] | memory = [26942, 26690, 26942, 26988, 23923]
>>>> [CONFIG: target(2), prim(dec_op)]
|60801.21|26975.63| op = [466, 735, 518, 803, 809]| tp = [1, 1, 1, 1, 1, ] | dp = [1, 2, 1, 2, 2, ] | algo = [0, 0, 0, 0, 0, ] | rc = [200, 204, 148, 144, 88] | gpus = [1, 2, 1, 2, 2] | micro_bs = 4 | time = [56846, 54729, 60801, 55371, 55471] | memory = [26942, 26690, 26942, 26975, 22961]
>>>> [CONFIG: target(2), prim(dec_op)]
|57383.10|26994.28| op = [466, 750, 479, 827, 809]| tp = [1, 1, 1, 1, 1, ] | dp = [1, 2, 1, 2, 2, ] | algo = [0, 0, 0, 0, 0, ] | rc = [200, 212, 130, 154, 88] | gpus = [1, 2, 1, 2, 2] | micro_bs = 4 | time = [56838, 55910, 55708, 57383, 55464] | memory = [26942, 26994, 26941, 26879, 22961]
>>>> [CONFIG: target(3), prim(dec_op)]
|56838.83|26994.28| op = [466, 750, 479, 817, 819]| tp = [1, 1, 1, 1, 1, ] | dp = [1, 2, 1, 2, 2, ] | algo = [0, 0, 0, 0, 0, ] | rc = [200, 212, 130, 148, 94] | gpus = [1, 2, 1, 2, 2] | micro_bs = 4 | time = [56838, 55910, 55707, 56439, 56395] | memory = [26942, 26994, 26941, 26991, 22611]

[ Trial 7 ] |56838.83|26994.28| op = [466, 750, 479, 817, 819]| tp = [1, 1, 1, 1, 1, ] | dp = [1, 2, 1, 2, 2, ] | algo = [0, 0, 0, 0, 0, ] | rc = [200, 212, 130, 148, 94] | gpus = [1, 2, 1, 2, 2] | micro_bs = 4 | time = [56838, 55910, 55707, 56439, 56395] | memory = [26942, 26994, 26941, 26991, 22611]
>>>> [CONFIG: target(0), prim(dec_op)]
|56837.89|26994.28| op = [466, 750, 481, 815, 819]| tp = [1, 1, 1, 1, 1, ] | dp = [1, 2, 1, 2, 2, ] | algo = [0, 0, 0, 0, 0, ] | rc = [200, 212, 132, 144, 94] | gpus = [1, 2, 1, 2, 2] | micro_bs = 4 | time = [56837, 55909, 56023, 55882, 56394] | memory = [26942, 26994, 26965, 26983, 22611]

[ Trial 8 ] |56837.89|26994.28| op = [466, 750, 481, 815, 819]| tp = [1, 1, 1, 1, 1, ] | dp = [1, 2, 1, 2, 2, ] | algo = [0, 0, 0, 0, 0, ] | rc = [200, 212, 132, 144, 94] | gpus = [1, 2, 1, 2, 2] | micro_bs = 4 | time = [56837, 55909, 56023, 55882, 56394] | memory = [26942, 26994, 26965, 26983, 22611]
>>>> [CONFIG: target(0), prim(inc_dp)]
|92149.16|26983.81| op = [466, 750, 481, 815, 819]| tp = [1, 1, 1, 1, 1, ] | dp = [2, 1, 1, 2, 2, ] | algo = [0, 0, 0, 0, 0, ] | rc = [114, 393, 132, 144, 94] | gpus = [2, 1, 1, 2, 2] | micro_bs = 4 | time = [34370, 92149, 56077, 55935, 56448] | memory = [26935, 26904, 26965, 26983, 22611]
>>>> [CONFIG: target(1), prim(dec_op)]
|57151.54|26983.81| op = [739, 477, 481, 815, 819]| tp = [1, 1, 1, 1, 1, ] | dp = [2, 1, 1, 2, 2, ] | algo = [0, 0, 0, 0, 0, ] | rc = [226, 148, 132, 144, 94] | gpus = [2, 1, 1, 2, 2] | micro_bs = 4 | time = [56047, 57151, 56025, 55883, 56396] | memory = [26969, 26302, 26965, 26983, 22611]
>>>> [CONFIG: target(1), prim(inc_dp)]
|93215.09|26983.81| op = [739, 477, 481, 815, 819]| tp = [1, 1, 1, 1, 1, ] | dp = [1, 2, 1, 2, 2, ] | algo = [0, 0, 0, 0, 0, ] | rc = [512, 98, 132, 144, 94] | gpus = [1, 2, 1, 2, 2] | micro_bs = 4 | time = [93215, 34213, 56080, 55939, 56452] | memory = [26909, 26829, 26965, 26983, 22611]
>>>> [CONFIG: target(0), prim(dec_op)]
|56701.55|26983.81| op = [465, 751, 481, 815, 819]| tp = [1, 1, 1, 1, 1, ] | dp = [1, 2, 1, 2, 2, ] | algo = [0, 0, 0, 0, 0, ] | rc = [198, 214, 132, 144, 94] | gpus = [1, 2, 1, 2, 2] | micro_bs = 4 | time = [56701, 55945, 56023, 55881, 56394] | memory = [26926, 26962, 26965, 26983, 22611]

[ Trial 9 ] |56701.55|26983.81| op = [465, 751, 481, 815, 819]| tp = [1, 1, 1, 1, 1, ] | dp = [1, 2, 1, 2, 2, ] | algo = [0, 0, 0, 0, 0, ] | rc = [198, 214, 132, 144, 94] | gpus = [1, 2, 1, 2, 2] | micro_bs = 4 | time = [56701, 55945, 56023, 55881, 56394] | memory = [26926, 26962, 26965, 26983, 22611]
>>>> [CONFIG: target(0), prim(inc_dp)]
|93324.61|26983.81| op = [465, 751, 481, 815, 819]| tp = [1, 1, 1, 1, 1, ] | dp = [2, 1, 1, 2, 2, ] | algo = [0, 0, 0, 0, 0, ] | rc = [112, 416, 132, 144, 94] | gpus = [2, 1, 1, 2, 2] | micro_bs = 4 | time = [34295, 93324, 56081, 55939, 56452] | memory = [26919, 26967, 26965, 26983, 22611]
>>>> [CONFIG: target(1), prim(dec_op)]
|67379.01|26983.81| op = [657, 559, 481, 815, 819]| tp = [1, 1, 1, 1, 1, ] | dp = [2, 1, 1, 2, 2, ] | algo = [0, 0, 0, 0, 0, ] | rc = [192, 226, 132, 144, 94] | gpus = [2, 1, 1, 2, 2] | micro_bs = 4 | time = [49684, 67379, 56040, 55898, 56411] | memory = [26869, 26949, 26965, 26983, 22611]
>>>> [CONFIG: target(1), prim(inc_dp)]
|82919.86|26986.66| op = [657, 559, 481, 815, 819]| tp = [1, 1, 1, 1, 1, ] | dp = [1, 2, 1, 2, 2, ] | algo = [0, 0, 0, 0, 0, ] | rc = [427, 130, 132, 144, 94] | gpus = [1, 2, 1, 2, 2] | micro_bs = 4 | time = [82919, 40515, 56065, 55923, 56436] | memory = [25524, 26986, 26965, 26983, 22611]
>>>> [CONFIG: target(0), prim(inc_tp)]
|115416.50|26983.81| op = [657, 559, 481, 815, 819]| tp = [2, 1, 1, 1, 1, ] | dp = [1, 1, 1, 2, 2, ] | algo = [0, 0, 0, 0, 0, ] | rc = [248, 226, 132, 144, 94] | gpus = [2, 1, 1, 2, 2] | micro_bs = 4 | time = [115416, 67635, 56297, 56155, 56668] | memory = [26929, 26949, 26965, 26983, 22611]
>>>> [CONFIG: target(0), prim(dec_tp)]
|82935.05|26983.81| op = [657, 559, 481, 815, 819]| tp = [1, 1, 1, 1, 1, ] | dp = [1, 1, 2, 2, 2, ] | algo = [0, 0, 0, 0, 0, ] | rc = [427, 226, 74, 144, 94] | gpus = [1, 1, 2, 2, 2] | micro_bs = 4 | time = [82935, 67418, 33065, 55938, 56451] | memory = [25524, 26949, 25378, 26983, 22611]
>>>> [CONFIG: target(0), prim(dec_op)]
|56394.73|26986.97| op = [460, 467, 770, 815, 819]| tp = [1, 1, 1, 1, 1, ] | dp = [1, 1, 2, 2, 2, ] | algo = [0, 0, 0, 0, 0, ] | rc = [194, 157, 191, 144, 94] | gpus = [1, 1, 2, 2, 2] | micro_bs = 4 | time = [56257, 56265, 56189, 55881, 56394] | memory = [26902, 26961, 26986, 26983, 22611]

[ Trial 10 ] |56394.73|26986.97| op = [460, 467, 770, 815, 819]| tp = [1, 1, 1, 1, 1, ] | dp = [1, 1, 2, 2, 2, ] | algo = [0, 0, 0, 0, 0, ] | rc = [194, 157, 191, 144, 94] | gpus = [1, 1, 2, 2, 2] | micro_bs = 4 | time = [56257, 56265, 56189, 55881, 56394] | memory = [26902, 26961, 26986, 26983, 22611]
>>>> [CONFIG: target(4), prim(dec_dp)]
|95525.53|26995.91| op = [460, 467, 770, 815, 819]| tp = [1, 1, 1, 1, 1, ] | dp = [1, 2, 2, 2, 1, ] | algo = [0, 0, 0, 0, 0, ] | rc = [194, 98, 191, 144, 184] | gpus = [1, 2, 2, 2, 1] | micro_bs = 4 | time = [56321, 33559, 56253, 55945, 95525] | memory = [26902, 26952, 26986, 26983, 26995]
>>>> [CONFIG: target(4), prim(dec_op)]
|70219.91|26969.36| op = [460, 467, 814, 982, 608]| tp = [1, 1, 1, 1, 1, ] | dp = [1, 2, 2, 2, 1, ] | algo = [0, 0, 0, 0, 0, ] | rc = [194, 98, 209, 225, 92] | gpus = [1, 2, 2, 2, 1] | micro_bs = 4 | time = [56289, 33527, 59602, 70219, 69529] | memory = [26902, 26952, 26821, 26969, 25281]
>>>> [CONFIG: target(3), prim(dec_dp)]
|118267.72|26983.25| op = [460, 467, 814, 982, 608]| tp = [1, 1, 1, 1, 1, ] | dp = [1, 4, 1, 1, 1, ] | algo = [0, 0, 0, 0, 0, ] | rc = [194, 56, 398, 395, 92] | gpus = [1, 4, 1, 1, 1] | micro_bs = 4 | time = [56585, 21741, 99877, 118267, 69826] | memory = [26902, 21764, 26983, 26950, 25281]
>>>> [CONFIG: target(3), prim(dec_op)]
|62019.17|26990.42| op = [460, 1274, 520, 543, 534]| tp = [1, 1, 1, 1, 1, ] | dp = [1, 4, 1, 1, 1, ] | algo = [0, 0, 0, 0, 0, ] | rc = [194, 344, 150, 132, 82] | gpus = [1, 4, 1, 1, 1] | micro_bs = 4 | time = [56342, 61421, 61644, 61693, 62019] | memory = [26902, 26824, 26942, 26990, 22581]
>>>> [CONFIG: target(4), prim(inc_dp)]
|99843.08|26990.42| op = [460, 1274, 520, 543, 534]| tp = [1, 1, 1, 1, 1, ] | dp = [2, 2, 1, 1, 2, ] | algo = [0, 0, 0, 0, 0, ] | rc = [110, 648, 150, 132, 0] | gpus = [2, 2, 1, 1, 2] | micro_bs = 4 | time = [33990, 99843, 61603, 61651, 35255] | memory = [26825, 26980, 26942, 26990, 23994]
>>>> [CONFIG: target(1), prim(inc_mbs)]
|83453.15|26969.00| op = [460, 1274, 520, 543, 534]| tp = [1, 1, 1, 1, 1, ] | dp = [2, 2, 1, 1, 2, ] | algo = [0, 0, 0, 0, 0, ] | rc = [194, 1220, 360, 255, 82] | gpus = [2, 2, 1, 1, 2] | micro_bs = 8 | time = [29540, 83453, 63237, 63414, 32368] | memory = [26902, 21400, 26079, 26969, 22581]
>>>> [CONFIG: target(1), prim(dec_op)]
|53099.09|26992.60| op = [760, 781, 442, 462, 886]| tp = [1, 1, 1, 1, 1, ] | dp = [2, 2, 1, 1, 2, ] | algo = [0, 0, 0, 0, 0, ] | rc = [668, 512, 229, 152, 212] | gpus = [2, 2, 1, 1, 2] | micro_bs = 8 | time = [50236, 50248, 52556, 52473, 53099] | memory = [25924, 25514, 26905, 26981, 26992]

[ Trial 11 ] |53099.09|26992.60| op = [760, 781, 442, 462, 886]| tp = [1, 1, 1, 1, 1, ] | dp = [2, 2, 1, 1, 2, ] | algo = [0, 0, 0, 0, 0, ] | rc = [668, 512, 229, 152, 212] | gpus = [2, 2, 1, 1, 2] | micro_bs = 8 | time = [50236, 50248, 52556, 52473, 53099] | memory = [25924, 25514, 26905, 26981, 26992]
>>>> [CONFIG: target(4), prim(dec_dp)]
|107002.87|26961.08| op = [760, 781, 442, 462, 886]| tp = [1, 1, 1, 1, 1, ] | dp = [2, 2, 1, 2, 1, ] | algo = [0, 0, 0, 0, 0, ] | rc = [668, 512, 229, 94, 422] | gpus = [2, 2, 1, 2, 1] | micro_bs = 8 | time = [50456, 50468, 52776, 26952, 107002] | memory = [25924, 25514, 26905, 26956, 26961]
>>>> [CONFIG: target(4), prim(dec_op)]
|53297.85|26976.86| op = [774, 806, 429, 882, 440]| tp = [1, 1, 1, 1, 1, ] | dp = [2, 2, 1, 2, 1, ] | algo = [0, 0, 0, 0, 0, ] | rc = [578, 518, 219, 270, 122] | gpus = [2, 2, 1, 2, 1] | micro_bs = 8 | time = [50385, 51562, 50931, 53072, 53297] | memory = [26725, 25644, 26880, 26976, 26956]
>>>> [CONFIG: target(4), prim(dec_op)]
|53301.10|26957.14| op = [774, 810, 438, 869, 440]| tp = [1, 1, 1, 1, 1, ] | dp = [2, 2, 1, 2, 1, ] | algo = [0, 0, 0, 0, 0, ] | rc = [578, 531, 221, 262, 122] | gpus = [2, 2, 1, 2, 1] | micro_bs = 8 | time = [50388, 51748, 51956, 52284, 53301] | memory = [26725, 25423, 26957, 26752, 26956]
>>>> [CONFIG: target(4), prim(dec_op)]
|52048.54|26972.49| op = [796, 806, 433, 864, 432]| tp = [1, 1, 1, 1, 1, ] | dp = [2, 2, 1, 2, 1, ] | algo = [0, 0, 0, 0, 0, ] | rc = [630, 526, 224, 264, 110] | gpus = [2, 2, 1, 2, 1] | micro_bs = 8 | time = [51696, 51629, 52048, 51792, 51951] | memory = [26417, 25483, 26880, 26972, 26960]

[ Trial 12 ] |52048.54|26972.49| op = [796, 806, 433, 864, 432]| tp = [1, 1, 1, 1, 1, ] | dp = [2, 2, 1, 2, 1, ] | algo = [0, 0, 0, 0, 0, ] | rc = [630, 526, 224, 264, 110] | gpus = [2, 2, 1, 2, 1] | micro_bs = 8 | time = [51696, 51629, 52048, 51792, 51951] | memory = [26417, 25483, 26880, 26972, 26960]
>>>> [CONFIG: target(2), prim(inc_dp)]
|97585.53|26972.49| op = [796, 806, 433, 864, 432]| tp = [1, 1, 1, 1, 1, ] | dp = [1, 2, 2, 2, 1, ] | algo = [0, 0, 0, 0, 0, ] | rc = [794, 526, 116, 264, 110] | gpus = [1, 2, 2, 2, 1] | micro_bs = 8 | time = [97585, 51789, 26868, 51952, 52112] | memory = [15645, 25483, 26556, 26972, 26960]
>>>> [CONFIG: target(0), prim(dec_op)]
|51939.51|26999.06| op = [419, 806, 810, 864, 432]| tp = [1, 1, 1, 1, 1, ] | dp = [1, 2, 2, 2, 1, ] | algo = [0, 0, 0, 0, 0, ] | rc = [372, 526, 384, 264, 110] | gpus = [1, 2, 2, 2, 1] | micro_bs = 8 | time = [51522, 51617, 50639, 51780, 51939] | memory = [25549, 25483, 26999, 26972, 26960]

[ Trial 13 ] |51939.51|26999.06| op = [419, 806, 810, 864, 432]| tp = [1, 1, 1, 1, 1, ] | dp = [1, 2, 2, 2, 1, ] | algo = [0, 0, 0, 0, 0, ] | rc = [372, 526, 384, 264, 110] | gpus = [1, 2, 2, 2, 1] | micro_bs = 8 | time = [51522, 51617, 50639, 51780, 51939] | memory = [25549, 25483, 26999, 26972, 26960]
>>>> [CONFIG: target(4), prim(dec_op)]
|51939.72|26963.06| op = [419, 806, 816, 858, 432]| tp = [1, 1, 1, 1, 1, ] | dp = [1, 2, 2, 2, 1, ] | algo = [0, 0, 0, 0, 0, ] | rc = [372, 526, 391, 258, 110] | gpus = [1, 2, 2, 2, 1] | micro_bs = 8 | time = [51522, 51617, 50854, 51593, 51939] | memory = [25549, 25483, 26963, 26928, 26960]
>>>> [CONFIG: target(4), prim(inc_dp)]
|98908.14|26963.06| op = [419, 806, 816, 858, 432]| tp = [1, 1, 1, 1, 1, ] | dp = [1, 1, 2, 2, 2, ] | algo = [0, 0, 0, 0, 0, ] | rc = [372, 806, 391, 258, 56] | gpus = [1, 1, 2, 2, 2] | micro_bs = 8 | time = [51693, 98908, 51024, 51763, 26600] | memory = [25549, 13904, 26963, 26928, 21832]
>>>> [CONFIG: target(1), prim(dec_op)]
|68876.45|26990.72| op = [419, 560, 935, 985, 432]| tp = [1, 1, 1, 1, 1, ] | dp = [1, 1, 2, 2, 2, ] | algo = [0, 0, 0, 0, 0, ] | rc = [372, 517, 517, 362, 56] | gpus = [1, 1, 2, 2, 2] | micro_bs = 8 | time = [51586, 68876, 59072, 59904, 26493] | memory = [25549, 26680, 26821, 26990, 21832]
>>>> [CONFIG: target(1), prim(dec_op)]
|56182.27|26999.81| op = [419, 456, 831, 859, 766]| tp = [1, 1, 1, 1, 1, ] | dp = [1, 1, 2, 2, 2, ] | algo = [0, 0, 0, 0, 0, ] | rc = [372, 383, 412, 260, 161] | gpus = [1, 1, 2, 2, 2] | micro_bs = 8 | time = [51521, 56182, 51998, 51895, 45757] | memory = [25549, 26300, 26999, 26960, 26979]
>>>> [CONFIG: target(1), prim(dec_op)]
|51491.15|26999.06| op = [419, 416, 810, 853, 833]| tp = [1, 1, 1, 1, 1, ] | dp = [1, 1, 2, 2, 2, ] | algo = [0, 0, 0, 0, 0, ] | rc = [372, 288, 384, 254, 188] | gpus = [1, 1, 2, 2, 2] | micro_bs = 8 | time = [51491, 50490, 50608, 50968, 49775] | memory = [25549, 25728, 26999, 26852, 26992]

[ Trial 14 ] |51491.15|26999.06| op = [419, 416, 810, 853, 833]| tp = [1, 1, 1, 1, 1, ] | dp = [1, 1, 2, 2, 2, ] | algo = [0, 0, 0, 0, 0, ] | rc = [372, 288, 384, 254, 188] | gpus = [1, 1, 2, 2, 2] | micro_bs = 8 | time = [51491, 50490, 50608, 50968, 49775] | memory = [25549, 25728, 26999, 26852, 26992]
>>>> [CONFIG: target(0), prim(dec_mbs)]
|59274.09|26975.53| op = [419, 416, 810, 853, 833]| tp = [1, 1, 1, 1, 1, ] | dp = [1, 1, 2, 2, 2, ] | algo = [0, 0, 0, 0, 0, ] | rc = [150, 122, 210, 164, 100] | gpus = [1, 1, 2, 2, 2] | micro_bs = 4 | time = [50367, 49235, 59274, 58934, 57477] | memory = [26876, 26319, 26975, 26972, 22304]
>>>> [CONFIG: target(2), prim(dec_dp)]
|98896.49|26999.06| op = [419, 416, 810, 853, 833]| tp = [1, 1, 1, 1, 1, ] | dp = [1, 2, 1, 2, 2, ] | algo = [0, 0, 0, 0, 0, ] | rc = [150, 72, 384, 164, 100] | gpus = [1, 2, 1, 2, 2] | micro_bs = 4 | time = [50443, 29192, 98896, 59010, 57554] | memory = [26876, 26727, 26999, 26972, 22304]
>>>> [CONFIG: target(2), prim(dec_op)]
|58950.00|26989.76| op = [419, 744, 482, 853, 833]| tp = [1, 1, 1, 1, 1, ] | dp = [1, 2, 1, 2, 2, ] | algo = [0, 0, 0, 0, 0, ] | rc = [150, 213, 134, 164, 100] | gpus = [1, 2, 1, 2, 2] | micro_bs = 4 | time = [50382, 55861, 56613, 58949, 57493] | memory = [26876, 26958, 26989, 26972, 22304]
>>>> [CONFIG: target(3), prim(dec_op)]
|57345.35|26983.81| op = [458, 751, 475, 815, 832]| tp = [1, 1, 1, 1, 1, ] | dp = [1, 2, 1, 2, 2, ] | algo = [0, 0, 0, 0, 0, ] | rc = [192, 214, 132, 144, 98] | gpus = [1, 2, 1, 2, 2] | micro_bs = 4 | time = [55488, 55919, 55756, 55879, 57345] | memory = [26902, 26954, 26629, 26983, 22576]
>>>> [CONFIG: target(4), prim(dec_op)]
|56638.42|26965.77| op = [458, 751, 481, 815, 826]| tp = [1, 1, 1, 1, 1, ] | dp = [1, 2, 1, 2, 2, ] | algo = [0, 0, 0, 0, 0, ] | rc = [192, 214, 132, 148, 94] | gpus = [1, 2, 1, 2, 2] | micro_bs = 4 | time = [55488, 55920, 56021, 56394, 56638] | memory = [26902, 26954, 26965, 26879, 22706]
>>>> [CONFIG: target(4), prim(inc_mbs)]
|57530.01|26980.04| op = [458, 751, 481, 815, 826]| tp = [1, 1, 1, 1, 1, ] | dp = [1, 2, 1, 2, 2, ] | algo = [0, 0, 0, 0, 0, ] | rc = [421, 417, 279, 248, 180] | gpus = [1, 2, 1, 2, 2] | micro_bs = 8 | time = [56246, 47854, 57530, 49081, 49163] | memory = [25173, 26775, 26800, 26959, 26980]
>>>> [CONFIG: target(2), prim(dec_op)]
|51358.80|26996.25| op = [418, 796, 424, 848, 845]| tp = [1, 1, 1, 1, 1, ] | dp = [1, 2, 1, 2, 2, ] | algo = [0, 0, 0, 0, 0, ] | rc = [369, 498, 224, 258, 190] | gpus = [1, 2, 1, 2, 2] | micro_bs = 8 | time = [51358, 51085, 50780, 50877, 50544] | memory = [25697, 25865, 26964, 26996, 26980]

[ Trial 15 ] |51358.80|26996.25| op = [418, 796, 424, 848, 845]| tp = [1, 1, 1, 1, 1, ] | dp = [1, 2, 1, 2, 2, ] | algo = [0, 0, 0, 0, 0, ] | rc = [369, 498, 224, 258, 190] | gpus = [1, 2, 1, 2, 2] | micro_bs = 8 | time = [51358, 51085, 50780, 50877, 50544] | memory = [25697, 25865, 26964, 26996, 26980]
>>>> [CONFIG: target(0), prim(dec_op)]
|50980.48|26968.16| op = [411, 801, 426, 847, 846]| tp = [1, 1, 1, 1, 1, ] | dp = [1, 2, 1, 2, 2, ] | algo = [0, 0, 0, 0, 0, ] | rc = [351, 516, 216, 258, 192] | gpus = [1, 2, 1, 2, 2] | micro_bs = 8 | time = [50919, 50980, 50729, 50819, 50595] | memory = [26027, 25592, 26964, 26936, 26968]

[ Trial 16 ] |50980.48|26968.16| op = [411, 801, 426, 847, 846]| tp = [1, 1, 1, 1, 1, ] | dp = [1, 2, 1, 2, 2, ] | algo = [0, 0, 0, 0, 0, ] | rc = [351, 516, 216, 258, 192] | gpus = [1, 2, 1, 2, 2] | micro_bs = 8 | time = [50919, 50980, 50729, 50819, 50595] | memory = [26027, 25592, 26964, 26936, 26968]
>>>> [CONFIG: target(1), prim(dec_dp)]
|97377.97|26968.16| op = [411, 801, 426, 847, 846]| tp = [1, 1, 1, 1, 1, ] | dp = [1, 1, 2, 2, 2, ] | algo = [0, 0, 0, 0, 0, ] | rc = [351, 740, 114, 258, 192] | gpus = [1, 1, 2, 2, 2] | micro_bs = 8 | time = [51088, 97377, 26175, 50988, 50764] | memory = [26027, 21340, 26964, 26936, 26968]
>>>> [CONFIG: target(1), prim(dec_op)]
|50912.45|26968.16| op = [411, 420, 807, 847, 846]| tp = [1, 1, 1, 1, 1, ] | dp = [1, 1, 2, 2, 2, ] | algo = [0, 0, 0, 0, 0, ] | rc = [351, 292, 381, 258, 192] | gpus = [1, 1, 2, 2, 2] | micro_bs = 8 | time = [50912, 50689, 50117, 50812, 50588] | memory = [26027, 25680, 26967, 26936, 26968]

num_targets: [1, 1, 1, 1, 1, 1, 1, 1, 1, 1, 1, 1, 1, 1, 1, 1, 1]
num_hops: [1, 2, 1, 1, 2, 7, 7, 1, 4, 6, 7, 4, 2, 5, 7, 1, 2]
search time = 200.12 s.  [0, 1, 3, 4, 5, 6, 10, 13, 14, 16, 19, 38, 41, 43, 50, 81, 82, 83, 208] 
num_explored_cases = 2155
time trend: [183080, 146941, 118017, 114300, 69218, 68936, 57350, 56838, 56837, 56701, 56394, 53099, 52048, 51939, 51491, 51358, 50980, 50912, 50912]

working on num_stages = 7
config has been saved to /home/liminglong.lml/sxz/SuperScaler/logs-large/aceso/configs/scale-layer/256layers/scale-layer_256layers_7stages_2026-5-16-3-19-19.json

========== Best Result (num_stages = 7) ==========
|51302.72|26988.16| op = [406, 405, 403, 414, 422, 442, 839]| tp = [1, 1, 1, 1, 1, 1, 1, ] | dp = [1, 1, 1, 1, 1, 1, 2, ] | algo = [0, 0, 0, 0, 0, 0, 0, ] | rc = [396, 374, 372, 304, 212, 136, 182] | gpus = [1, 1, 1, 1, 1, 1, 2] | micro_bs = 8 | time = [51204, 51302, 51038, 51143, 51183, 51288, 50660] | memory = [16749, 25640, 24752, 26836, 26932, 26577, 26988]
start|130550.86|25566.46| op = [475, 475, 475, 475, 475, 475, 481]| tp = [2, 1, 1, 1, 1, 1, 1, ] | dp = [1, 1, 1, 1, 1, 1, 1, ] | algo = [0, 0, 0, 0, 0, 0, 0, ] | rc = [48, 72, 74, 56, 18, 0, 0] | gpus = [2, 1, 1, 1, 1, 1, 1] | micro_bs = 1 | time = [130550, 84203, 85016, 82659, 79533, 77233, 83514] | memory = [22781, 24459, 20963, 21652, 25566, 19872, 11989]

[ Trial 0 ] |130550.86|25566.46| op = [475, 475, 475, 475, 475, 475, 481]| tp = [2, 1, 1, 1, 1, 1, 1, ] | dp = [1, 1, 1, 1, 1, 1, 1, ] | algo = [0, 0, 0, 0, 0, 0, 0, ] | rc = [48, 72, 74, 56, 18, 0, 0] | gpus = [2, 1, 1, 1, 1, 1, 1] | micro_bs = 1 | time = [130550, 84203, 85016, 82659, 79533, 77233, 83514] | memory = [22781, 24459, 20963, 21652, 25566, 19872, 11989]
>>>> [CONFIG: target(0), prim(dec_tp)]
|126683.41|26695.23| op = [475, 475, 475, 475, 475, 475, 481]| tp = [1, 1, 1, 2, 1, 1, 1, ] | dp = [1, 1, 1, 1, 1, 1, 1, ] | algo = [0, 0, 0, 0, 0, 0, 0, ] | rc = [84, 72, 74, 0, 18, 0, 0] | gpus = [1, 1, 1, 2, 1, 1, 1] | micro_bs = 1 | time = [86512, 84203, 85016, 126683, 79533, 77233, 83514] | memory = [26695, 24459, 20963, 19860, 25566, 19872, 11989]

[ Trial 1 ] |126683.41|26695.23| op = [475, 475, 475, 475, 475, 475, 481]| tp = [1, 1, 1, 2, 1, 1, 1, ] | dp = [1, 1, 1, 1, 1, 1, 1, ] | algo = [0, 0, 0, 0, 0, 0, 0, ] | rc = [84, 72, 74, 0, 18, 0, 0] | gpus = [1, 1, 1, 2, 1, 1, 1] | micro_bs = 1 | time = [86512, 84203, 85016, 126683, 79533, 77233, 83514] | memory = [26695, 24459, 20963, 19860, 25566, 19872, 11989]
>>>> [CONFIG: target(3), prim(dec_tp)]
|126941.29|26695.23| op = [475, 475, 475, 475, 475, 475, 481]| tp = [1, 1, 2, 1, 1, 1, 1, ] | dp = [1, 1, 1, 1, 1, 1, 1, ] | algo = [0, 0, 0, 0, 0, 0, 0, ] | rc = [84, 72, 0, 56, 18, 0, 0] | gpus = [1, 1, 2, 1, 1, 1, 1] | micro_bs = 1 | time = [86510, 84201, 126941, 82657, 79531, 77231, 83512] | memory = [26695, 24459, 25007, 21652, 25566, 19872, 11989]
>>>> [CONFIG: target(2), prim(inc_mbs)]
|71393.49|26929.95| op = [475, 475, 475, 475, 475, 475, 481]| tp = [1, 1, 1, 1, 1, 1, 1, ] | dp = [1, 1, 2, 1, 1, 1, 1, ] | algo = [0, 0, 0, 0, 0, 0, 0, ] | rc = [140, 126, 74, 94, 74, 58, 0] | gpus = [1, 1, 2, 1, 1, 1, 1] | micro_bs = 2 | time = [71393, 69217, 43012, 65839, 64458, 62321, 62972] | memory = [26929, 26545, 20963, 26825, 25196, 21556, 21818]

[ Trial 2 ] |71393.49|26929.95| op = [475, 475, 475, 475, 475, 475, 481]| tp = [1, 1, 1, 1, 1, 1, 1, ] | dp = [1, 1, 2, 1, 1, 1, 1, ] | algo = [0, 0, 0, 0, 0, 0, 0, ] | rc = [140, 126, 74, 94, 74, 58, 0] | gpus = [1, 1, 2, 1, 1, 1, 1] | micro_bs = 2 | time = [71393, 69217, 43012, 65839, 64458, 62321, 62972] | memory = [26929, 26545, 20963, 26825, 25196, 21556, 21818]
>>>> [CONFIG: target(0), prim(dec_op)]
|64434.74|26939.16| op = [393, 391, 666, 450, 475, 475, 481]| tp = [1, 1, 1, 1, 1, 1, 1, ] | dp = [1, 1, 2, 1, 1, 1, 1, ] | algo = [0, 0, 0, 0, 0, 0, 0, ] | rc = [106, 96, 121, 84, 74, 58, 0] | gpus = [1, 1, 2, 1, 1, 1, 1] | micro_bs = 2 | time = [57680, 56855, 60866, 61810, 64434, 62297, 62948] | memory = [26891, 26939, 26784, 26652, 25196, 21556, 21818]

[ Trial 3 ] |64434.74|26939.16| op = [393, 391, 666, 450, 475, 475, 481]| tp = [1, 1, 1, 1, 1, 1, 1, ] | dp = [1, 1, 2, 1, 1, 1, 1, ] | algo = [0, 0, 0, 0, 0, 0, 0, ] | rc = [106, 96, 121, 84, 74, 58, 0] | gpus = [1, 1, 2, 1, 1, 1, 1] | micro_bs = 2 | time = [57680, 56855, 60866, 61810, 64434, 62297, 62948] | memory = [26891, 26939, 26784, 26652, 25196, 21556, 21818]
>>>> [CONFIG: target(4), prim(dec_op)]
|62764.97|26980.18| op = [403, 416, 665, 432, 465, 471, 479]| tp = [1, 1, 1, 1, 1, 1, 1, ] | dp = [1, 1, 2, 1, 1, 1, 1, ] | algo = [0, 0, 0, 0, 0, 0, 0, ] | rc = [108, 104, 116, 82, 72, 58, 0] | gpus = [1, 1, 2, 1, 1, 1, 1] | micro_bs = 2 | time = [59488, 60384, 60251, 60079, 62764, 62606, 62751] | memory = [26633, 26459, 26799, 26980, 24670, 21688, 21810]

[ Trial 4 ] |62764.97|26980.18| op = [403, 416, 665, 432, 465, 471, 479]| tp = [1, 1, 1, 1, 1, 1, 1, ] | dp = [1, 1, 2, 1, 1, 1, 1, ] | algo = [0, 0, 0, 0, 0, 0, 0, ] | rc = [108, 104, 116, 82, 72, 58, 0] | gpus = [1, 1, 2, 1, 1, 1, 1] | micro_bs = 2 | time = [59488, 60384, 60251, 60079, 62764, 62606, 62751] | memory = [26633, 26459, 26799, 26980, 24670, 21688, 21810]
>>>> [CONFIG: target(4), prim(dec_op)]
|62750.01|26888.43| op = [403, 416, 670, 442, 455, 466, 479]| tp = [1, 1, 1, 1, 1, 1, 1, ] | dp = [1, 1, 2, 1, 1, 1, 1, ] | algo = [0, 0, 0, 0, 0, 0, 0, ] | rc = [108, 104, 120, 82, 70, 54, 0] | gpus = [1, 1, 2, 1, 1, 1, 1] | micro_bs = 2 | time = [59486, 60382, 61047, 61102, 61357, 61194, 62750] | memory = [26633, 26459, 26851, 26888, 24058, 21964, 21810]

[ Trial 5 ] |62750.01|26888.43| op = [403, 416, 670, 442, 455, 466, 479]| tp = [1, 1, 1, 1, 1, 1, 1, ] | dp = [1, 1, 2, 1, 1, 1, 1, ] | algo = [0, 0, 0, 0, 0, 0, 0, ] | rc = [108, 104, 120, 82, 70, 54, 0] | gpus = [1, 1, 2, 1, 1, 1, 1] | micro_bs = 2 | time = [59486, 60382, 61047, 61102, 61357, 61194, 62750] | memory = [26633, 26459, 26851, 26888, 24058, 21964, 21810]
>>>> [CONFIG: target(6), prim(inc_mbs)]
|56618.26|26999.81| op = [403, 416, 670, 442, 455, 466, 479]| tp = [1, 1, 1, 1, 1, 1, 1, ] | dp = [1, 1, 2, 1, 1, 1, 1, ] | algo = [0, 0, 0, 0, 0, 0, 0, ] | rc = [205, 190, 196, 132, 122, 98, 74] | gpus = [1, 1, 2, 1, 1, 1, 1] | micro_bs = 4 | time = [50415, 51158, 50854, 52731, 53156, 52091, 56618] | memory = [26915, 26999, 26921, 26544, 26725, 26968, 20720]

[ Trial 6 ] |56618.26|26999.81| op = [403, 416, 670, 442, 455, 466, 479]| tp = [1, 1, 1, 1, 1, 1, 1, ] | dp = [1, 1, 2, 1, 1, 1, 1, ] | algo = [0, 0, 0, 0, 0, 0, 0, ] | rc = [205, 190, 196, 132, 122, 98, 74] | gpus = [1, 1, 2, 1, 1, 1, 1] | micro_bs = 4 | time = [50415, 51158, 50854, 52731, 53156, 52091, 56618] | memory = [26915, 26999, 26921, 26544, 26725, 26968, 20720]
>>>> [CONFIG: target(6), prim(dec_op)]
|54034.39|26999.81| op = [403, 416, 670, 442, 455, 482, 463]| tp = [1, 1, 1, 1, 1, 1, 1, ] | dp = [1, 1, 2, 1, 1, 1, 1, ] | algo = [0, 0, 0, 0, 0, 0, 0, ] | rc = [205, 190, 196, 132, 122, 102, 66] | gpus = [1, 1, 2, 1, 1, 1, 1] | micro_bs = 4 | time = [50413, 51155, 50851, 52729, 53153, 54034, 54033] | memory = [26915, 26999, 26921, 26544, 26725, 26973, 21140]

[ Trial 7 ] |54034.39|26999.81| op = [403, 416, 670, 442, 455, 482, 463]| tp = [1, 1, 1, 1, 1, 1, 1, ] | dp = [1, 1, 2, 1, 1, 1, 1, ] | algo = [0, 0, 0, 0, 0, 0, 0, ] | rc = [205, 190, 196, 132, 122, 102, 66] | gpus = [1, 1, 2, 1, 1, 1, 1] | micro_bs = 4 | time = [50413, 51155, 50851, 52729, 53153, 54034, 54033] | memory = [26915, 26999, 26921, 26544, 26725, 26973, 21140]
>>>> [CONFIG: target(5), prim(dec_op)]
|54035.08|26999.81| op = [403, 416, 683, 450, 446, 470, 463]| tp = [1, 1, 1, 1, 1, 1, 1, ] | dp = [1, 1, 2, 1, 1, 1, 1, ] | algo = [0, 0, 0, 0, 0, 0, 0, ] | rc = [205, 190, 202, 134, 125, 104, 66] | gpus = [1, 1, 2, 1, 1, 1, 1] | micro_bs = 4 | time = [50415, 51157, 51923, 53092, 53168, 53072, 54035] | memory = [26915, 26999, 26710, 26933, 26496, 26956, 21140]
>>>> [CONFIG: target(6), prim(dec_op)]
|54038.16|26988.65| op = [403, 423, 698, 432, 442, 470, 463]| tp = [1, 1, 1, 1, 1, 1, 1, ] | dp = [1, 1, 2, 1, 1, 1, 1, ] | algo = [0, 0, 0, 0, 0, 0, 0, ] | rc = [205, 199, 204, 137, 125, 104, 66] | gpus = [1, 1, 2, 1, 1, 1, 1] | micro_bs = 4 | time = [50418, 52508, 52546, 52589, 52494, 53075, 54038] | memory = [26915, 26971, 26764, 26976, 26988, 26956, 21140]
>>>> [CONFIG: target(6), prim(dec_op)]
|52412.61|26976.80| op = [419, 420, 695, 436, 450, 464, 447]| tp = [1, 1, 1, 1, 1, 1, 1, ] | dp = [1, 1, 2, 1, 1, 1, 1, ] | algo = [0, 0, 0, 0, 0, 0, 0, ] | rc = [218, 196, 204, 134, 118, 96, 60] | gpus = [1, 1, 2, 1, 1, 1, 1] | micro_bs = 4 | time = [52370, 52306, 52412, 52380, 51960, 52194, 52228] | memory = [26948, 26951, 26642, 26876, 26617, 26976, 21792]

[ Trial 8 ] |52412.61|26976.80| op = [419, 420, 695, 436, 450, 464, 447]| tp = [1, 1, 1, 1, 1, 1, 1, ] | dp = [1, 1, 2, 1, 1, 1, 1, ] | algo = [0, 0, 0, 0, 0, 0, 0, ] | rc = [218, 196, 204, 134, 118, 96, 60] | gpus = [1, 1, 2, 1, 1, 1, 1] | micro_bs = 4 | time = [52370, 52306, 52412, 52380, 51960, 52194, 52228] | memory = [26948, 26951, 26642, 26876, 26617, 26976, 21792]
>>>> [CONFIG: target(2), prim(dec_dp)]
|87367.81|26976.80| op = [419, 420, 695, 436, 450, 464, 447]| tp = [1, 1, 1, 1, 1, 1, 1, ] | dp = [1, 1, 1, 1, 1, 1, 2, ] | algo = [0, 0, 0, 0, 0, 0, 0, ] | rc = [218, 196, 481, 134, 118, 96, 0] | gpus = [1, 1, 1, 1, 1, 1, 2] | micro_bs = 4 | time = [52421, 52357, 87367, 52431, 52011, 52245, 30346] | memory = [26948, 26951, 25192, 26876, 26617, 26976, 20272]
>>>> [CONFIG: target(2), prim(dec_op)]
|52743.06|26951.81| op = [419, 420, 438, 442, 442, 457, 713]| tp = [1, 1, 1, 1, 1, 1, 1, ] | dp = [1, 1, 1, 1, 1, 1, 2, ] | algo = [0, 0, 0, 0, 0, 0, 0, ] | rc = [218, 196, 166, 132, 118, 94, 48] | gpus = [1, 1, 1, 1, 1, 1, 2] | micro_bs = 4 | time = [52353, 52289, 52566, 52743, 51533, 51596, 48321] | memory = [26948, 26951, 26925, 26608, 26940, 26792, 24907]
>>>> [CONFIG: target(3), prim(inc_dp)]
|82554.85|26978.92| op = [419, 420, 438, 442, 442, 457, 713]| tp = [1, 1, 1, 1, 1, 1, 1, ] | dp = [1, 1, 1, 2, 1, 1, 1, ] | algo = [0, 0, 0, 0, 0, 0, 0, ] | rc = [218, 196, 166, 82, 118, 94, 136] | gpus = [1, 1, 1, 2, 1, 1, 1] | micro_bs = 4 | time = [52403, 52340, 52617, 31522, 51583, 51647, 82554] | memory = [26948, 26951, 26925, 26920, 26940, 26792, 26978]
>>>> [CONFIG: target(6), prim(inc_tp)]
|118619.69|26951.81| op = [419, 420, 438, 442, 442, 457, 713]| tp = [1, 1, 1, 1, 1, 1, 2, ] | dp = [1, 1, 1, 1, 1, 1, 1, ] | algo = [0, 0, 0, 0, 0, 0, 0, ] | rc = [218, 196, 166, 132, 118, 94, 48] | gpus = [1, 1, 1, 1, 1, 1, 2] | micro_bs = 4 | time = [52627, 52564, 52841, 53017, 51807, 51871, 118619] | memory = [26948, 26951, 26925, 26608, 26940, 26792, 24944]
>>>> [CONFIG: target(6), prim(inc_mbs)]
|54342.13|26992.62| op = [419, 420, 438, 442, 442, 457, 713]| tp = [1, 1, 1, 1, 1, 1, 1, ] | dp = [1, 1, 1, 1, 1, 1, 2, ] | algo = [0, 0, 0, 0, 0, 0, 0, ] | rc = [415, 388, 400, 308, 231, 148, 136] | gpus = [1, 1, 1, 1, 1, 1, 2] | micro_bs = 8 | time = [52925, 53194, 54111, 54342, 53373, 53677, 43125] | memory = [13605, 26408, 24776, 26992, 26881, 26945, 26978]
>>>> [CONFIG: target(3), prim(dec_op)]
|51603.32|26980.38| op = [406, 407, 413, 415, 423, 441, 826]| tp = [1, 1, 1, 1, 1, 1, 1, ] | dp = [1, 1, 1, 1, 1, 1, 2, ] | algo = [0, 0, 0, 0, 0, 0, 0, ] | rc = [396, 376, 381, 305, 212, 136, 180] | gpus = [1, 1, 1, 1, 1, 1, 2] | micro_bs = 8 | time = [51206, 51603, 51495, 51408, 51221, 51271, 49866] | memory = [16749, 25736, 25320, 26836, 26980, 26576, 26980]

[ Trial 9 ] |51603.32|26980.38| op = [406, 407, 413, 415, 423, 441, 826]| tp = [1, 1, 1, 1, 1, 1, 1, ] | dp = [1, 1, 1, 1, 1, 1, 2, ] | algo = [0, 0, 0, 0, 0, 0, 0, ] | rc = [396, 376, 381, 305, 212, 136, 180] | gpus = [1, 1, 1, 1, 1, 1, 2] | micro_bs = 8 | time = [51206, 51603, 51495, 51408, 51221, 51271, 49866] | memory = [16749, 25736, 25320, 26836, 26980, 26576, 26980]
>>>> [CONFIG: target(1), prim(dec_op)]
|51302.72|26988.16| op = [406, 405, 403, 414, 422, 442, 839]| tp = [1, 1, 1, 1, 1, 1, 1, ] | dp = [1, 1, 1, 1, 1, 1, 2, ] | algo = [0, 0, 0, 0, 0, 0, 0, ] | rc = [396, 374, 372, 304, 212, 136, 182] | gpus = [1, 1, 1, 1, 1, 1, 2] | micro_bs = 8 | time = [51204, 51302, 51038, 51143, 51183, 51288, 50660] | memory = [16749, 25640, 24752, 26836, 26932, 26577, 26988]

num_targets: [1, 1, 1, 1, 1, 1, 1, 1, 1, 1]
num_hops: [1, 2, 1, 1, 1, 1, 1, 3, 6, 1]
search time = 200.50 s.  [0, 1, 2, 3, 4, 5, 7, 8, 11, 37, 38, 206] 
num_explored_cases = 2758
time trend: [130550, 126683, 71393, 64434, 62764, 62750, 56618, 54034, 52412, 51603, 51302, 51302]

working on num_stages = 4
config has been saved to /home/liminglong.lml/sxz/SuperScaler/logs-large/aceso/configs/scale-layer/256layers/scale-layer_256layers_4stages_2026-5-16-3-19-19.json

========== Best Result (num_stages = 4) ==========
|51068.25|26996.35| op = [794, 823, 853, 861]| tp = [1, 1, 1, 1, ] | dp = [2, 2, 2, 2, ] | algo = [0, 0, 0, 0, ] | rc = [511, 394, 258, 194] | gpus = [2, 2, 2, 2] | micro_bs = 8 | time = [50434, 51010, 51068, 51049] | memory = [25611, 26987, 26828, 26996]
start|228649.23|26706.15| op = [832, 832, 832, 835]| tp = [2, 2, 2, 2, ] | dp = [1, 1, 1, 1, ] | algo = [0, 0, 0, 0, ] | rc = [88, 0, 0, 0] | gpus = [2, 2, 2, 2] | micro_bs = 1 | time = [228649, 221816, 221816, 225297] | memory = [22659, 26706, 18380, 10484]

[ Trial 0 ] |228649.23|26706.15| op = [832, 832, 832, 835]| tp = [2, 2, 2, 2, ] | dp = [1, 1, 1, 1, ] | algo = [0, 0, 0, 0, ] | rc = [88, 0, 0, 0] | gpus = [2, 2, 2, 2] | micro_bs = 1 | time = [228649, 221816, 221816, 225297] | memory = [22659, 26706, 18380, 10484]
>>>> [CONFIG: target(0), prim(dec_op)]
|225297.46|26964.19| op = [821, 843, 832, 835]| tp = [2, 2, 2, 2, ] | dp = [1, 1, 1, 1, ] | algo = [0, 0, 0, 0, ] | rc = [82, 2, 0, 0] | gpus = [2, 2, 2, 2] | micro_bs = 1 | time = [224991, 225188, 221816, 225297] | memory = [22996, 26964, 18380, 10484]

[ Trial 1 ] |225297.46|26964.19| op = [821, 843, 832, 835]| tp = [2, 2, 2, 2, ] | dp = [1, 1, 1, 1, ] | algo = [0, 0, 0, 0, ] | rc = [82, 2, 0, 0] | gpus = [2, 2, 2, 2] | micro_bs = 1 | time = [224991, 225188, 221816, 225297] | memory = [22996, 26964, 18380, 10484]
>>>> [CONFIG: target(3), prim(inc_mbs)]
|75008.96|26994.16| op = [821, 843, 832, 835]| tp = [1, 1, 1, 1, ] | dp = [2, 2, 2, 2, ] | algo = [0, 0, 0, 0, ] | rc = [148, 130, 84, 0] | gpus = [2, 2, 2, 2] | micro_bs = 2 | time = [74339, 75008, 71822, 70445] | memory = [26994, 23547, 23004, 20061]

[ Trial 2 ] |75008.96|26994.16| op = [821, 843, 832, 835]| tp = [1, 1, 1, 1, ] | dp = [2, 2, 2, 2, ] | algo = [0, 0, 0, 0, ] | rc = [148, 130, 84, 0] | gpus = [2, 2, 2, 2] | micro_bs = 2 | time = [74339, 75008, 71822, 70445] | memory = [26994, 23547, 23004, 20061]
>>>> [CONFIG: target(1), prim(dec_op)]
|72986.88|26971.97| op = [807, 821, 843, 860]| tp = [1, 1, 1, 1, ] | dp = [2, 2, 2, 2, ] | algo = [0, 0, 0, 0, ] | rc = [146, 126, 90, 0] | gpus = [2, 2, 2, 2] | micro_bs = 2 | time = [72986, 72969, 72969, 72456] | memory = [26971, 22873, 22664, 20656]

[ Trial 3 ] |72986.88|26971.97| op = [807, 821, 843, 860]| tp = [1, 1, 1, 1, ] | dp = [2, 2, 2, 2, ] | algo = [0, 0, 0, 0, ] | rc = [146, 126, 90, 0] | gpus = [2, 2, 2, 2] | micro_bs = 2 | time = [72986, 72969, 72969, 72456] | memory = [26971, 22873, 22664, 20656]
>>>> [CONFIG: target(0), prim(inc_tp)]
|117931.02|26980.00| op = [807, 821, 843, 860]| tp = [2, 1, 1, 1, ] | dp = [2, 2, 1, 1, ] | algo = [0, 0, 0, 0, ] | rc = [76, 126, 166, 110] | gpus = [4, 2, 1, 1] | micro_bs = 2 | time = [110747, 73215, 115994, 117931] | memory = [23305, 22873, 26979, 21944]
>>>> [CONFIG: target(3), prim(dec_op)]
|100783.42|26975.19| op = [740, 1102, 748, 741]| tp = [2, 1, 1, 1, ] | dp = [2, 2, 1, 1, ] | algo = [0, 0, 0, 0, ] | rc = [46, 210, 116, 60] | gpus = [4, 2, 1, 1] | micro_bs = 2 | time = [100783, 100257, 99960, 99235] | memory = [24860, 26934, 26975, 24267]
>>>> [CONFIG: target(0), prim(dec_tp)]
|100047.76|26934.11| op = [740, 1102, 748, 741]| tp = [1, 1, 1, 1, ] | dp = [2, 2, 2, 2, ] | algo = [0, 0, 0, 0, ] | rc = [114, 210, 46, 0] | gpus = [2, 2, 2, 2] | micro_bs = 2 | time = [66111, 100047, 63060, 62901] | memory = [26927, 26934, 24761, 17940]
>>>> [CONFIG: target(1), prim(dec_op)]
|82962.23|26927.33| op = [740, 933, 897, 761]| tp = [1, 1, 1, 1, ] | dp = [2, 2, 2, 2, ] | algo = [0, 0, 0, 0, ] | rc = [114, 144, 112, 0] | gpus = [2, 2, 2, 2] | micro_bs = 2 | time = [66110, 82962, 78372, 64368] | memory = [26927, 26028, 21698, 18314]
>>>> [CONFIG: target(1), prim(dec_op)]
|77600.11|26927.33| op = [740, 874, 868, 849]| tp = [1, 1, 1, 1, ] | dp = [2, 2, 2, 2, ] | algo = [0, 0, 0, 0, ] | rc = [114, 134, 100, 0] | gpus = [2, 2, 2, 2] | micro_bs = 2 | time = [66108, 77600, 75593, 71574] | memory = [26927, 24339, 22306, 20387]
>>>> [CONFIG: target(1), prim(dec_op)]
|73139.43|26997.97| op = [805, 823, 835, 868]| tp = [1, 1, 1, 1, ] | dp = [2, 2, 2, 2, ] | algo = [0, 0, 0, 0, ] | rc = [142, 126, 88, 0] | gpus = [2, 2, 2, 2] | micro_bs = 2 | time = [72826, 73135, 72491, 73139] | memory = [26997, 22930, 22852, 20792]
>>>> [CONFIG: target(3), prim(inc_mbs)]
|60188.54|26983.94| op = [805, 823, 835, 868]| tp = [1, 1, 1, 1, ] | dp = [2, 2, 2, 2, ] | algo = [0, 0, 0, 0, ] | rc = [234, 212, 163, 112] | gpus = [2, 2, 2, 2] | micro_bs = 4 | time = [60188, 59736, 58294, 59926] | memory = [26863, 26973, 26983, 21884]

[ Trial 4 ] |60188.54|26983.94| op = [805, 823, 835, 868]| tp = [1, 1, 1, 1, ] | dp = [2, 2, 2, 2, ] | algo = [0, 0, 0, 0, ] | rc = [234, 212, 163, 112] | gpus = [2, 2, 2, 2] | micro_bs = 4 | time = [60188, 59736, 58294, 59926] | memory = [26863, 26973, 26983, 21884]
>>>> [CONFIG: target(0), prim(dec_op)]
|60188.49|26973.81| op = [805, 822, 836, 868]| tp = [1, 1, 1, 1, ] | dp = [2, 2, 2, 2, ] | algo = [0, 0, 0, 0, ] | rc = [234, 210, 165, 112] | gpus = [2, 2, 2, 2] | micro_bs = 4 | time = [60188, 59643, 58374, 59926] | memory = [26863, 26973, 26971, 21884]

[ Trial 5 ] |60188.49|26973.81| op = [805, 822, 836, 868]| tp = [1, 1, 1, 1, ] | dp = [2, 2, 2, 2, ] | algo = [0, 0, 0, 0, ] | rc = [234, 210, 165, 112] | gpus = [2, 2, 2, 2] | micro_bs = 4 | time = [60188, 59643, 58374, 59926] | memory = [26863, 26973, 26971, 21884]
>>>> [CONFIG: target(0), prim(dec_mbs)]
|73139.44|26997.97| op = [805, 822, 836, 868]| tp = [1, 1, 1, 1, ] | dp = [2, 2, 2, 2, ] | algo = [0, 0, 0, 0, ] | rc = [142, 126, 88, 0] | gpus = [2, 2, 2, 2] | micro_bs = 2 | time = [72826, 73026, 72603, 73139] | memory = [26997, 22899, 22869, 20792]
>>>> [CONFIG: target(3), prim(dec_op)]
|73025.60|26997.97| op = [805, 822, 837, 867]| tp = [1, 1, 1, 1, ] | dp = [2, 2, 2, 2, ] | algo = [0, 0, 0, 0, ] | rc = [142, 126, 88, 0] | gpus = [2, 2, 2, 2] | micro_bs = 2 | time = [72825, 73025, 72606, 72883] | memory = [26997, 22899, 22873, 20726]
>>>> [CONFIG: target(1), prim(dec_op)]
|72915.49|26997.97| op = [805, 820, 839, 867]| tp = [1, 1, 1, 1, ] | dp = [2, 2, 2, 2, ] | algo = [0, 0, 0, 0, ] | rc = [142, 126, 88, 0] | gpus = [2, 2, 2, 2] | micro_bs = 2 | time = [72825, 72915, 72717, 72883] | memory = [26997, 22884, 22883, 20726]
>>>> [CONFIG: target(1), prim(inc_tp)]
|118559.18|27000.00| op = [805, 820, 839, 867]| tp = [1, 2, 1, 1, ] | dp = [2, 2, 1, 1, ] | algo = [0, 0, 0, 0, ] | rc = [142, 0, 158, 112] | gpus = [2, 4, 1, 1] | micro_bs = 2 | time = [73069, 109776, 115605, 118559] | memory = [26997, 26310, 26999, 21752]
>>>> [CONFIG: target(3), prim(inc_tp)]
|169985.71|26997.97| op = [805, 820, 839, 867]| tp = [1, 1, 1, 2, ] | dp = [2, 2, 2, 1, ] | algo = [0, 0, 0, 0, ] | rc = [142, 126, 88, 0] | gpus = [2, 2, 2, 2] | micro_bs = 2 | time = [73015, 73105, 72906, 169985] | memory = [26997, 22884, 22883, 19740]
>>>> [CONFIG: target(3), prim(inc_mbs)]
|60186.56|27000.00| op = [805, 820, 839, 867]| tp = [1, 1, 1, 1, ] | dp = [2, 2, 2, 2, ] | algo = [0, 0, 0, 0, ] | rc = [234, 208, 158, 112] | gpus = [2, 2, 2, 2] | micro_bs = 4 | time = [60186, 59565, 58202, 59677] | memory = [26863, 26991, 26999, 21752]

[ Trial 6 ] |60186.56|27000.00| op = [805, 820, 839, 867]| tp = [1, 1, 1, 1, ] | dp = [2, 2, 2, 2, ] | algo = [0, 0, 0, 0, ] | rc = [234, 208, 158, 112] | gpus = [2, 2, 2, 2] | micro_bs = 4 | time = [60186, 59565, 58202, 59677] | memory = [26863, 26991, 26999, 21752]
>>>> [CONFIG: target(0), prim(inc_dp)]
|99670.66|26999.31| op = [805, 820, 839, 867]| tp = [1, 1, 1, 1, ] | dp = [4, 1, 1, 2, ] | algo = [0, 0, 0, 0, ] | rc = [142, 394, 252, 112] | gpus = [4, 1, 1, 2] | micro_bs = 4 | time = [37200, 99670, 98879, 59901] | memory = [26997, 26999, 26851, 21752]
>>>> [CONFIG: target(1), prim(dec_op)]
|68657.84|26996.27| op = [1292, 573, 564, 902]| tp = [1, 1, 1, 1, ] | dp = [4, 1, 1, 2, ] | algo = [0, 0, 0, 0, ] | rc = [354, 177, 142, 128] | gpus = [4, 1, 1, 2] | micro_bs = 4 | time = [62263, 68657, 64214, 62690] | memory = [26996, 26848, 26982, 21030]
>>>> [CONFIG: target(1), prim(dec_op)]
|63695.12|26986.66| op = [1320, 542, 559, 910]| tp = [1, 1, 1, 1, ] | dp = [4, 1, 1, 2, ] | algo = [0, 0, 0, 0, ] | rc = [366, 158, 136, 132] | gpus = [4, 1, 1, 2] | micro_bs = 4 | time = [63695, 62957, 63370, 63426] | memory = [26936, 26967, 26986, 20920]
>>>> [CONFIG: target(0), prim(dec_dp)]
|103750.60|26988.74| op = [1320, 542, 559, 910]| tp = [1, 1, 1, 1, ] | dp = [2, 2, 2, 2, ] | algo = [0, 0, 0, 0, ] | rc = [688, 90, 86, 132] | gpus = [2, 2, 2, 2] | micro_bs = 4 | time = [103750, 37043, 38036, 63383] | memory = [26988, 26875, 20573, 20920]
>>>> [CONFIG: target(0), prim(dec_op)]
|73532.25|26988.83| op = [969, 893, 559, 910]| tp = [1, 1, 1, 1, ] | dp = [2, 2, 2, 2, ] | algo = [0, 0, 0, 0, ] | rc = [322, 238, 86, 132] | gpus = [2, 2, 2, 2] | micro_bs = 4 | time = [73532, 65098, 38027, 63374] | memory = [26950, 26988, 20573, 20920]
>>>> [CONFIG: target(0), prim(dec_op)]
|62821.76|26956.12| op = [836, 817, 853, 825]| tp = [1, 1, 1, 1, ] | dp = [2, 2, 2, 2, ] | algo = [0, 0, 0, 0, ] | rc = [248, 209, 164, 94] | gpus = [2, 2, 2, 2] | micro_bs = 4 | time = [62821, 59486, 59309, 56451] | memory = [26676, 26879, 26956, 22705]
>>>> [CONFIG: target(0), prim(dec_op)]
|59516.33|26996.18| op = [796, 819, 857, 859]| tp = [1, 1, 1, 1, ] | dp = [2, 2, 2, 2, ] | algo = [0, 0, 0, 0, ] | rc = [230, 208, 168, 110] | gpus = [2, 2, 2, 2] | micro_bs = 4 | time = [59370, 59516, 59449, 59335] | memory = [26643, 26951, 26996, 21944]

[ Trial 7 ] |59516.33|26996.18| op = [796, 819, 857, 859]| tp = [1, 1, 1, 1, ] | dp = [2, 2, 2, 2, ] | algo = [0, 0, 0, 0, ] | rc = [230, 208, 168, 110] | gpus = [2, 2, 2, 2] | micro_bs = 4 | time = [59370, 59516, 59449, 59335] | memory = [26643, 26951, 26996, 21944]
>>>> [CONFIG: target(1), prim(dec_mbs)]
|74388.29|26875.40| op = [796, 819, 857, 859]| tp = [1, 1, 1, 1, ] | dp = [2, 2, 2, 2, ] | algo = [0, 0, 0, 0, ] | rc = [138, 126, 96, 0] | gpus = [2, 2, 2, 2] | micro_bs = 2 | time = [71829, 72827, 74388, 72427] | memory = [26875, 22854, 22350, 20656]
>>>> [CONFIG: target(2), prim(dec_op)]
|72883.73|26997.97| op = [805, 819, 840, 867]| tp = [1, 1, 1, 1, ] | dp = [2, 2, 2, 2, ] | algo = [0, 0, 0, 0, ] | rc = [142, 126, 88, 0] | gpus = [2, 2, 2, 2] | micro_bs = 2 | time = [72825, 72877, 72801, 72883] | memory = [26997, 22860, 22917, 20726]
>>>> [CONFIG: target(3), prim(inc_mbs)]
|60186.88|26984.00| op = [805, 819, 840, 867]| tp = [1, 1, 1, 1, ] | dp = [2, 2, 2, 2, ] | algo = [0, 0, 0, 0, ] | rc = [234, 208, 162, 112] | gpus = [2, 2, 2, 2] | micro_bs = 4 | time = [60186, 59544, 58307, 59677] | memory = [26863, 26963, 26983, 21752]
>>>> [CONFIG: target(0), prim(inc_dp)]
|99613.48|26997.97| op = [805, 819, 840, 867]| tp = [1, 1, 1, 1, ] | dp = [4, 1, 1, 2, ] | algo = [0, 0, 0, 0, ] | rc = [142, 392, 252, 112] | gpus = [4, 1, 1, 2] | micro_bs = 4 | time = [37200, 99613, 98979, 59901] | memory = [26997, 26975, 26931, 21752]
>>>> [CONFIG: target(1), prim(dec_op)]
|64020.22|26967.62| op = [1320, 544, 559, 908]| tp = [1, 1, 1, 1, ] | dp = [4, 1, 1, 2, ] | algo = [0, 0, 0, 0, ] | rc = [366, 160, 138, 132] | gpus = [4, 1, 1, 2] | micro_bs = 4 | time = [63700, 63729, 64020, 63332] | memory = [26936, 26967, 26954, 20912]
>>>> [CONFIG: target(2), prim(inc_mbs)]
|65695.04|26988.74| op = [1320, 544, 559, 908]| tp = [1, 1, 1, 1, ] | dp = [4, 1, 1, 2, ] | algo = [0, 0, 0, 0, ] | rc = [688, 376, 271, 216] | gpus = [4, 1, 1, 2] | micro_bs = 8 | time = [53025, 65202, 65695, 54440] | memory = [26988, 25503, 26949, 26972]
>>>> [CONFIG: target(2), prim(dec_op)]
|56890.21|26995.00| op = [1402, 486, 494, 949]| tp = [1, 1, 1, 1, ] | dp = [4, 1, 1, 2, ] | algo = [0, 0, 0, 0, ] | rc = [795, 257, 188, 238] | gpus = [4, 1, 1, 2] | micro_bs = 8 | time = [56657, 56845, 56744, 56890] | memory = [26654, 26912, 26995, 26981]

[ Trial 8 ] |56890.21|26995.00| op = [1402, 486, 494, 949]| tp = [1, 1, 1, 1, ] | dp = [4, 1, 1, 2, ] | algo = [0, 0, 0, 0, ] | rc = [795, 257, 188, 238] | gpus = [4, 1, 1, 2] | micro_bs = 8 | time = [56657, 56845, 56744, 56890] | memory = [26654, 26912, 26995, 26981]
>>>> [CONFIG: target(3), prim(inc_dp)]
|91820.66|26995.00| op = [1402, 486, 494, 949]| tp = [1, 1, 1, 1, ] | dp = [2, 1, 1, 4, ] | algo = [0, 0, 0, 0, ] | rc = [1395, 257, 188, 146] | gpus = [2, 1, 1, 4] | micro_bs = 8 | time = [91820, 56943, 56842, 34403] | memory = [13992, 26912, 26995, 20524]
>>>> [CONFIG: target(0), prim(dec_op)]
|55710.88|26999.87| op = [874, 461, 464, 1532]| tp = [1, 1, 1, 1, ] | dp = [2, 1, 1, 4, ] | algo = [0, 0, 0, 0, ] | rc = [604, 246, 156, 328] | gpus = [2, 1, 1, 4] | micro_bs = 8 | time = [55710, 55074, 53059, 55583] | memory = [26340, 26934, 26878, 26999]

[ Trial 9 ] |55710.88|26999.87| op = [874, 461, 464, 1532]| tp = [1, 1, 1, 1, ] | dp = [2, 1, 1, 4, ] | algo = [0, 0, 0, 0, ] | rc = [604, 246, 156, 328] | gpus = [2, 1, 1, 4] | micro_bs = 8 | time = [55710, 55074, 53059, 55583] | memory = [26340, 26934, 26878, 26999]
>>>> [CONFIG: target(0), prim(dec_mbs)]
|68555.70|26972.93| op = [874, 461, 464, 1532]| tp = [1, 1, 1, 1, ] | dp = [2, 1, 1, 4, ] | algo = [0, 0, 0, 0, ] | rc = [262, 126, 96, 194] | gpus = [2, 1, 1, 4] | micro_bs = 4 | time = [65585, 53849, 51513, 68555] | memory = [26708, 26861, 26972, 22414]
>>>> [CONFIG: target(3), prim(dec_dp)]
|109158.08|26999.87| op = [874, 461, 464, 1532]| tp = [1, 1, 1, 1, ] | dp = [2, 2, 2, 2, ] | algo = [0, 0, 0, 0, ] | rc = [262, 72, 54, 328] | gpus = [2, 2, 2, 2] | micro_bs = 4 | time = [65577, 31740, 30979, 109158] | memory = [26708, 24512, 21932, 26999]
>>>> [CONFIG: target(3), prim(dec_op)]
|61257.07|26976.19| op = [818, 818, 858, 837]| tp = [1, 1, 1, 1, ] | dp = [2, 2, 2, 2, ] | algo = [0, 0, 0, 0, ] | rc = [240, 208, 172, 100] | gpus = [2, 2, 2, 2] | micro_bs = 4 | time = [61257, 59520, 59602, 57478] | memory = [26703, 26915, 26976, 22362]
>>>> [CONFIG: target(0), prim(dec_op)]
|61256.73|26996.01| op = [818, 818, 842, 853]| tp = [1, 1, 1, 1, ] | dp = [2, 2, 2, 2, ] | algo = [0, 0, 0, 0, ] | rc = [240, 208, 164, 106] | gpus = [2, 2, 2, 2] | micro_bs = 4 | time = [61256, 59520, 58396, 58595] | memory = [26703, 26915, 26996, 22068]
>>>> [CONFIG: target(0), prim(inc_dp)]
|99168.61|26984.29| op = [818, 818, 842, 853]| tp = [1, 1, 1, 1, ] | dp = [4, 2, 1, 1, ] | algo = [0, 0, 0, 0, ] | rc = [148, 208, 254, 186] | gpus = [4, 2, 1, 1] | micro_bs = 4 | time = [37883, 59744, 99092, 99168] | memory = [26948, 26915, 26952, 26984]
>>>> [CONFIG: target(3), prim(inc_tp)]
|142634.06|26996.01| op = [818, 818, 842, 853]| tp = [1, 1, 1, 2, ] | dp = [2, 2, 2, 1, ] | algo = [0, 0, 0, 0, ] | rc = [240, 208, 164, 106] | gpus = [2, 2, 2, 2] | micro_bs = 4 | time = [61585, 59848, 58724, 142634] | memory = [26703, 26915, 26996, 22152]
>>>> [CONFIG: target(3), prim(inc_mbs)]
|52195.47|26984.29| op = [818, 818, 842, 853]| tp = [1, 1, 1, 1, ] | dp = [2, 2, 2, 2, ] | algo = [0, 0, 0, 0, ] | rc = [557, 391, 254, 186] | gpus = [2, 2, 2, 2] | micro_bs = 8 | time = [52195, 50566, 50336, 50374] | memory = [25096, 26975, 26952, 26984]

[ Trial 10 ] |52195.47|26984.29| op = [818, 818, 842, 853]| tp = [1, 1, 1, 1, ] | dp = [2, 2, 2, 2, ] | algo = [0, 0, 0, 0, ] | rc = [557, 391, 254, 186] | gpus = [2, 2, 2, 2] | micro_bs = 8 | time = [52195, 50566, 50336, 50374] | memory = [25096, 26975, 26952, 26984]
>>>> [CONFIG: target(0), prim(dec_op)]
|51360.71|26996.12| op = [808, 822, 848, 853]| tp = [1, 1, 1, 1, ] | dp = [2, 2, 2, 2, ] | algo = [0, 0, 0, 0, ] | rc = [536, 394, 260, 186] | gpus = [2, 2, 2, 2] | micro_bs = 8 | time = [51360, 50998, 50911, 50375] | memory = [25354, 26987, 26996, 26984]

[ Trial 11 ] |51360.71|26996.12| op = [808, 822, 848, 853]| tp = [1, 1, 1, 1, ] | dp = [2, 2, 2, 2, ] | algo = [0, 0, 0, 0, ] | rc = [536, 394, 260, 186] | gpus = [2, 2, 2, 2] | micro_bs = 8 | time = [51360, 50998, 50911, 50375] | memory = [25354, 26987, 26996, 26984]
>>>> [CONFIG: target(0), prim(dec_mbs)]
|60264.46|26975.72| op = [808, 822, 848, 853]| tp = [1, 1, 1, 1, ] | dp = [2, 2, 2, 2, ] | algo = [0, 0, 0, 0, ] | rc = [234, 210, 164, 106] | gpus = [2, 2, 2, 2] | micro_bs = 4 | time = [60264, 60021, 59096, 58596] | memory = [26935, 26975, 26900, 22068]
>>>> [CONFIG: target(0), prim(dec_op)]
|60263.11|26975.72| op = [808, 820, 850, 853]| tp = [1, 1, 1, 1, ] | dp = [2, 2, 2, 2, ] | algo = [0, 0, 0, 0, ] | rc = [234, 208, 164, 106] | gpus = [2, 2, 2, 2] | micro_bs = 4 | time = [60263, 59575, 59194, 58595] | memory = [26935, 26975, 26916, 22068]
>>>> [CONFIG: target(0), prim(dec_mbs)]
|73901.60|26980.03| op = [808, 820, 850, 853]| tp = [1, 1, 1, 1, ] | dp = [2, 2, 2, 2, ] | algo = [0, 0, 0, 0, ] | rc = [146, 126, 94, 0] | gpus = [2, 2, 2, 2] | micro_bs = 2 | time = [73066, 72941, 73901, 71770] | memory = [26980, 22873, 22546, 20420]
>>>> [CONFIG: target(2), prim(inc_tp)]
|118365.07|26980.03| op = [808, 820, 850, 853]| tp = [1, 1, 2, 1, ] | dp = [2, 1, 2, 1, ] | algo = [0, 0, 0, 0, ] | rc = [146, 208, 0, 106] | gpus = [2, 1, 4, 1] | micro_bs = 2 | time = [73318, 118365, 113508, 116400] | memory = [26980, 26975, 18885, 22068]
>>>> [CONFIG: target(1), prim(inc_mbs)]
|99657.51|26987.44| op = [808, 820, 850, 853]| tp = [1, 1, 1, 1, ] | dp = [2, 1, 4, 1, ] | algo = [0, 0, 0, 0, ] | rc = [234, 392, 94, 186] | gpus = [2, 1, 4, 1] | micro_bs = 4 | time = [60492, 99657, 37742, 99173] | memory = [26935, 26987, 22546, 26984]
>>>> [CONFIG: target(1), prim(inc_tp)]
|141465.95|26945.44| op = [808, 820, 850, 853]| tp = [1, 2, 1, 1, ] | dp = [2, 1, 2, 2, ] | algo = [0, 0, 0, 0, ] | rc = [234, 228, 164, 106] | gpus = [2, 2, 2, 2] | micro_bs = 4 | time = [60582, 141465, 59514, 58915] | memory = [26935, 26945, 26916, 22068]
>>>> [CONFIG: target(1), prim(inc_mbs)]
|51358.32|26987.44| op = [808, 820, 850, 853]| tp = [1, 1, 1, 1, ] | dp = [2, 2, 2, 2, ] | algo = [0, 0, 0, 0, ] | rc = [536, 392, 262, 186] | gpus = [2, 2, 2, 2] | micro_bs = 8 | time = [51358, 50614, 50988, 50373] | memory = [25354, 26987, 26964, 26984]

[ Trial 12 ] |51358.32|26987.44| op = [808, 820, 850, 853]| tp = [1, 1, 1, 1, ] | dp = [2, 2, 2, 2, ] | algo = [0, 0, 0, 0, ] | rc = [536, 392, 262, 186] | gpus = [2, 2, 2, 2] | micro_bs = 8 | time = [51358, 50614, 50988, 50373] | memory = [25354, 26987, 26964, 26984]
>>>> [CONFIG: target(0), prim(inc_dp)]
|102002.08|26984.29| op = [808, 820, 850, 853]| tp = [1, 1, 1, 1, ] | dp = [4, 1, 1, 2, ] | algo = [0, 0, 0, 0, ] | rc = [234, 765, 610, 186] | gpus = [4, 1, 1, 2] | micro_bs = 8 | time = [31726, 99604, 102002, 50991] | memory = [26935, 25540, 26882, 26984]
>>>> [CONFIG: target(2), prim(dec_op)]
|57773.57|26989.15| op = [1424, 478, 486, 943]| tp = [1, 1, 1, 1, ] | dp = [4, 1, 1, 2, ] | algo = [0, 0, 0, 0, ] | rc = [836, 312, 195, 230] | gpus = [4, 1, 1, 2] | micro_bs = 8 | time = [57773, 57102, 56547, 56269] | memory = [26442, 25601, 26902, 26989]
>>>> [CONFIG: target(0), prim(dec_dp)]
|93160.42|26989.15| op = [1424, 478, 486, 943]| tp = [1, 1, 1, 1, ] | dp = [2, 2, 2, 2, ] | algo = [0, 0, 0, 0, ] | rc = [1422, 130, 109, 230] | gpus = [2, 2, 2, 2] | micro_bs = 8 | time = [93160, 28687, 28448, 56106] | memory = [13268, 26941, 26949, 26989]
>>>> [CONFIG: target(0), prim(dec_op)]
|51208.01|26991.62| op = [783, 826, 858, 864]| tp = [1, 1, 1, 1, ] | dp = [2, 2, 2, 2, ] | algo = [0, 0, 0, 0, ] | rc = [493, 397, 258, 202] | gpus = [2, 2, 2, 2] | micro_bs = 8 | time = [49652, 51177, 51193, 51208] | memory = [25801, 26991, 26928, 26972]

[ Trial 13 ] |51208.01|26991.62| op = [783, 826, 858, 864]| tp = [1, 1, 1, 1, ] | dp = [2, 2, 2, 2, ] | algo = [0, 0, 0, 0, ] | rc = [493, 397, 258, 202] | gpus = [2, 2, 2, 2] | micro_bs = 8 | time = [49652, 51177, 51193, 51208] | memory = [25801, 26991, 26928, 26972]
>>>> [CONFIG: target(3), prim(dec_op)]
|51161.66|26987.25| op = [796, 817, 856, 862]| tp = [1, 1, 1, 1, ] | dp = [2, 2, 2, 2, ] | algo = [0, 0, 0, 0, ] | rc = [518, 390, 258, 198] | gpus = [2, 2, 2, 2] | micro_bs = 8 | time = [50560, 50470, 51161, 51134] | memory = [25511, 26987, 26856, 26980]

[ Trial 14 ] |51161.66|26987.25| op = [796, 817, 856, 862]| tp = [1, 1, 1, 1, ] | dp = [2, 2, 2, 2, ] | algo = [0, 0, 0, 0, ] | rc = [518, 390, 258, 198] | gpus = [2, 2, 2, 2] | micro_bs = 8 | time = [50560, 50470, 51161, 51134] | memory = [25511, 26987, 26856, 26980]
>>>> [CONFIG: target(2), prim(dec_dp)]
|102383.10|26980.35| op = [796, 817, 856, 862]| tp = [1, 1, 1, 1, ] | dp = [4, 1, 1, 2, ] | algo = [0, 0, 0, 0, ] | rc = [230, 760, 619, 198] | gpus = [4, 1, 1, 2] | micro_bs = 8 | time = [31285, 99303, 102383, 51756] | memory = [26643, 25948, 26966, 26980]
>>>> [CONFIG: target(2), prim(inc_tp)]
|134408.80|26987.25| op = [796, 817, 856, 862]| tp = [1, 1, 2, 1, ] | dp = [2, 2, 1, 2, ] | algo = [0, 0, 0, 0, ] | rc = [518, 390, 394, 198] | gpus = [2, 2, 2, 2] | micro_bs = 8 | time = [51211, 51121, 134408, 51785] | memory = [25511, 26987, 26969, 26980]
>>>> [CONFIG: target(2), prim(inc_dp)]
|99598.47|26980.35| op = [796, 817, 856, 862]| tp = [1, 1, 2, 1, ] | dp = [1, 1, 2, 2, ] | algo = [0, 0, 0, 0, ] | rc = [794, 760, 188, 198] | gpus = [1, 1, 4, 2] | micro_bs = 8 | time = [97930, 99598, 73758, 52050] | memory = [14092, 25948, 26976, 26980]
>>>> [CONFIG: target(1), prim(dec_op)]
|75127.21|26996.01| op = [609, 623, 873, 1226]| tp = [1, 1, 2, 1, ] | dp = [1, 1, 2, 2, ] | algo = [0, 0, 0, 0, ] | rc = [561, 371, 188, 352] | gpus = [1, 1, 4, 2] | micro_bs = 8 | time = [74775, 74534, 75127, 74690] | memory = [26632, 26996, 26960, 26983]
>>>> [CONFIG: target(2), prim(dec_tp)]
|73947.96|26983.82| op = [609, 623, 873, 1226]| tp = [1, 1, 1, 1, ] | dp = [2, 2, 2, 2, ] | algo = [0, 0, 0, 0, ] | rc = [285, 194, 264, 352] | gpus = [2, 2, 2, 2] | micro_bs = 8 | time = [38023, 37772, 52086, 73947] | memory = [26959, 26905, 26912, 26983]
>>>> [CONFIG: target(3), prim(dec_op)]
|52564.04|26988.53| op = [774, 826, 849, 882]| tp = [1, 1, 1, 1, ] | dp = [2, 2, 2, 2, ] | algo = [0, 0, 0, 0, ] | rc = [468, 397, 260, 210] | gpus = [2, 2, 2, 2] | micro_bs = 8 | time = [49261, 50774, 50866, 52564] | memory = [26187, 26963, 26956, 26988]
>>>> [CONFIG: target(3), prim(dec_op)]
|51068.83|26996.35| op = [796, 821, 853, 861]| tp = [1, 1, 1, 1, ] | dp = [2, 2, 2, 2, ] | algo = [0, 0, 0, 0, ] | rc = [518, 395, 258, 194] | gpus = [2, 2, 2, 2] | micro_bs = 8 | time = [50563, 50957, 51068, 51050] | memory = [25511, 26963, 26828, 26996]

[ Trial 15 ] |51068.83|26996.35| op = [796, 821, 853, 861]| tp = [1, 1, 1, 1, ] | dp = [2, 2, 2, 2, ] | algo = [0, 0, 0, 0, ] | rc = [518, 395, 258, 194] | gpus = [2, 2, 2, 2] | micro_bs = 8 | time = [50563, 50957, 51068, 51050] | memory = [25511, 26963, 26828, 26996]
>>>> [CONFIG: target(2), prim(dec_dp)]
|102553.08|26996.35| op = [796, 821, 853, 861]| tp = [1, 1, 1, 1, ] | dp = [4, 1, 1, 2, ] | algo = [0, 0, 0, 0, ] | rc = [230, 765, 671, 194] | gpus = [4, 1, 1, 2] | micro_bs = 8 | time = [31293, 100255, 102553, 51677] | memory = [26643, 25720, 26612, 26996]
>>>> [CONFIG: target(2), prim(dec_op)]
|57257.67|26969.22| op = [1405, 482, 493, 951]| tp = [1, 1, 1, 1, ] | dp = [4, 1, 1, 2, ] | algo = [0, 0, 0, 0, ] | rc = [800, 273, 188, 240] | gpus = [4, 1, 1, 2] | micro_bs = 8 | time = [56728, 57257, 56678, 56962] | memory = [26632, 26641, 26898, 26969]
>>>> [CONFIG: target(1), prim(inc_dp)]
|91657.33|26969.22| op = [1405, 482, 493, 951]| tp = [1, 1, 1, 1, ] | dp = [2, 2, 2, 2, ] | algo = [0, 0, 0, 0, ] | rc = [1400, 132, 108, 240] | gpus = [2, 2, 2, 2] | micro_bs = 8 | time = [91657, 28948, 28585, 56797] | memory = [13608, 26965, 26777, 26969]
>>>> [CONFIG: target(0), prim(dec_op)]
|51068.25|26996.35| op = [794, 823, 853, 861]| tp = [1, 1, 1, 1, ] | dp = [2, 2, 2, 2, ] | algo = [0, 0, 0, 0, ] | rc = [511, 394, 258, 194] | gpus = [2, 2, 2, 2] | micro_bs = 8 | time = [50434, 51010, 51068, 51049] | memory = [25611, 26987, 26828, 26996]

num_targets: [1, 1, 1, 1, 1, 1, 1, 1, 1, 1, 1, 1, 1, 1, 1, 1]
num_hops: [1, 1, 1, 7, 1, 6, 7, 7, 2, 7, 1, 7, 4, 1, 7, 4]
search time = 200.54 s.  [0, 1, 2, 3, 7, 8, 17, 22, 28, 30, 40, 41, 55, 58, 59, 148, 180, 210] 
num_explored_cases = 2503
time trend: [228649, 225297, 75008, 72986, 60188, 60188, 60186, 59516, 56890, 55710, 52195, 51360, 51358, 51208, 51161, 51068, 51068, 51068]

working on num_stages = 6
config has been saved to /home/liminglong.lml/sxz/SuperScaler/logs-large/aceso/configs/scale-layer/256layers/scale-layer_256layers_6stages_2026-5-16-3-19-19.json

========== Best Result (num_stages = 6) ==========
|51162.72|26988.16| op = [408, 408, 415, 425, 834, 841]| tp = [1, 1, 1, 1, 1, 1, ] | dp = [1, 1, 1, 1, 2, 2, ] | algo = [0, 0, 0, 0, 0, 0, ] | rc = [375, 377, 318, 214, 252, 184] | gpus = [1, 1, 1, 1, 2, 2] | micro_bs = 8 | time = [51162, 51061, 51098, 50861, 50845, 50336] | memory = [25925, 24836, 26024, 26924, 26751, 26988]
start|152445.50|25958.88| op = [555, 555, 555, 555, 555, 556]| tp = [2, 2, 1, 1, 1, 1, ] | dp = [1, 1, 1, 1, 1, 1, ] | algo = [0, 0, 0, 0, 0, 0, ] | rc = [56, 16, 86, 50, 0, 0] | gpus = [2, 2, 1, 1, 1, 1] | micro_bs = 1 | time = [152445, 149481, 98941, 95506, 90753, 95695] | memory = [22844, 25958, 20049, 23377, 23528, 13605]

[ Trial 0 ] |152445.50|25958.88| op = [555, 555, 555, 555, 555, 556]| tp = [2, 2, 1, 1, 1, 1, ] | dp = [1, 1, 1, 1, 1, 1, ] | algo = [0, 0, 0, 0, 0, 0, ] | rc = [56, 16, 86, 50, 0, 0] | gpus = [2, 2, 1, 1, 1, 1] | micro_bs = 1 | time = [152445, 149481, 98941, 95506, 90753, 95695] | memory = [22844, 25958, 20049, 23377, 23528, 13605]
>>>> [CONFIG: target(0), prim(dec_tp)]
|149482.25|26876.21| op = [555, 555, 555, 555, 555, 556]| tp = [1, 2, 1, 2, 1, 1, ] | dp = [1, 1, 1, 1, 1, 1, ] | algo = [0, 0, 0, 0, 0, 0, ] | rc = [98, 16, 86, 0, 0, 0] | gpus = [1, 2, 1, 2, 1, 1] | micro_bs = 1 | time = [100729, 149482, 98942, 147895, 90753, 95695] | memory = [26876, 25958, 20049, 17917, 23528, 13605]

[ Trial 1 ] |149482.25|26876.21| op = [555, 555, 555, 555, 555, 556]| tp = [1, 2, 1, 2, 1, 1, ] | dp = [1, 1, 1, 1, 1, 1, ] | algo = [0, 0, 0, 0, 0, 0, ] | rc = [98, 16, 86, 0, 0, 0] | gpus = [1, 2, 1, 2, 1, 1] | micro_bs = 1 | time = [100729, 149482, 98942, 147895, 90753, 95695] | memory = [26876, 25958, 20049, 17917, 23528, 13605]
>>>> [CONFIG: target(1), prim(dec_tp)]
|148231.21|26876.21| op = [555, 555, 555, 555, 555, 556]| tp = [1, 1, 2, 2, 1, 1, ] | dp = [1, 1, 1, 1, 1, 1, ] | algo = [0, 0, 0, 0, 0, 0, ] | rc = [98, 84, 0, 0, 0, 0] | gpus = [1, 1, 2, 2, 1, 1] | micro_bs = 1 | time = [100728, 98804, 148231, 147893, 90752, 95694] | memory = [26876, 24435, 23543, 17917, 23528, 13605]

[ Trial 2 ] |148231.21|26876.21| op = [555, 555, 555, 555, 555, 556]| tp = [1, 1, 2, 2, 1, 1, ] | dp = [1, 1, 1, 1, 1, 1, ] | algo = [0, 0, 0, 0, 0, 0, ] | rc = [98, 84, 0, 0, 0, 0] | gpus = [1, 1, 2, 2, 1, 1] | micro_bs = 1 | time = [100728, 98804, 148231, 147893, 90752, 95694] | memory = [26876, 24435, 23543, 17917, 23528, 13605]
>>>> [CONFIG: target(2), prim(dec_tp)]
|148413.27|26876.21| op = [555, 555, 555, 555, 555, 556]| tp = [1, 1, 1, 2, 2, 1, ] | dp = [1, 1, 1, 1, 1, 1, ] | algo = [0, 0, 0, 0, 0, 0, ] | rc = [98, 84, 86, 0, 0, 0] | gpus = [1, 1, 1, 2, 2, 1] | micro_bs = 1 | time = [100736, 98812, 98948, 147901, 148413, 95702] | memory = [26876, 24435, 20049, 17917, 12364, 13605]
>>>> [CONFIG: target(4), prim(inc_mbs)]
|83026.07|26939.33| op = [555, 555, 555, 555, 555, 556]| tp = [1, 1, 1, 1, 1, 1, ] | dp = [1, 1, 1, 2, 2, 1, ] | algo = [0, 0, 0, 0, 0, 0, ] | rc = [162, 150, 130, 50, 0, 0] | gpus = [1, 1, 1, 2, 2, 1] | micro_bs = 2 | time = [83026, 81177, 79360, 48166, 45792, 71720] | memory = [26727, 26939, 26910, 23377, 23528, 24762]

[ Trial 3 ] |83026.07|26939.33| op = [555, 555, 555, 555, 555, 556]| tp = [1, 1, 1, 1, 1, 1, ] | dp = [1, 1, 1, 2, 2, 1, ] | algo = [0, 0, 0, 0, 0, 0, ] | rc = [162, 150, 130, 50, 0, 0] | gpus = [1, 1, 1, 2, 2, 1] | micro_bs = 2 | time = [83026, 81177, 79360, 48166, 45792, 71720] | memory = [26727, 26939, 26910, 23377, 23528, 24762]
>>>> [CONFIG: target(0), prim(dec_op)]
|65737.79|26712.68| op = [446, 445, 451, 728, 758, 503]| tp = [1, 1, 1, 1, 1, 1, ] | dp = [1, 1, 1, 2, 2, 1, ] | algo = [0, 0, 0, 0, 0, 0, ] | rc = [118, 107, 84, 112, 54, 0] | gpus = [1, 1, 1, 2, 2, 1] | micro_bs = 2 | time = [65737, 64519, 61878, 65003, 64737, 65029] | memory = [26444, 26558, 26712, 20333, 24475, 22470]

[ Trial 4 ] |65737.79|26712.68| op = [446, 445, 451, 728, 758, 503]| tp = [1, 1, 1, 1, 1, 1, ] | dp = [1, 1, 1, 2, 2, 1, ] | algo = [0, 0, 0, 0, 0, 0, ] | rc = [118, 107, 84, 112, 54, 0] | gpus = [1, 1, 1, 2, 2, 1] | micro_bs = 2 | time = [65737, 64519, 61878, 65003, 64737, 65029] | memory = [26444, 26558, 26712, 20333, 24475, 22470]
>>>> [CONFIG: target(0), prim(dec_op)]
|65739.27|26712.68| op = [446, 445, 453, 726, 760, 501]| tp = [1, 1, 1, 1, 1, 1, ] | dp = [1, 1, 1, 2, 2, 1, ] | algo = [0, 0, 0, 0, 0, 0, ] | rc = [118, 107, 86, 112, 54, 0] | gpus = [1, 1, 1, 2, 2, 1] | micro_bs = 2 | time = [65739, 64521, 62770, 64899, 64836, 64904] | memory = [26444, 26558, 26712, 20321, 24490, 22452]
>>>> [CONFIG: target(0), prim(dec_op)]
|65739.72|26788.80| op = [446, 445, 458, 724, 760, 498]| tp = [1, 1, 1, 1, 1, 1, ] | dp = [1, 1, 1, 2, 2, 1, ] | algo = [0, 0, 0, 0, 0, 0, ] | rc = [118, 107, 88, 111, 52, 0] | gpus = [1, 1, 1, 2, 2, 1] | micro_bs = 2 | time = [65739, 64521, 63352, 64794, 64728, 64765] | memory = [26444, 26558, 26788, 20721, 24536, 22416]
>>>> [CONFIG: target(0), prim(dec_op)]
|64793.52|26872.70| op = [439, 450, 460, 724, 760, 498]| tp = [1, 1, 1, 1, 1, 1, ] | dp = [1, 1, 1, 2, 2, 1, ] | algo = [0, 0, 0, 0, 0, 0, ] | rc = [114, 104, 92, 111, 52, 0] | gpus = [1, 1, 1, 2, 2, 1] | micro_bs = 2 | time = [64374, 64477, 64468, 64793, 64727, 64765] | memory = [26820, 26872, 26804, 20721, 24536, 22416]

[ Trial 5 ] |64793.52|26872.70| op = [439, 450, 460, 724, 760, 498]| tp = [1, 1, 1, 1, 1, 1, ] | dp = [1, 1, 1, 2, 2, 1, ] | algo = [0, 0, 0, 0, 0, 0, ] | rc = [114, 104, 92, 111, 52, 0] | gpus = [1, 1, 1, 2, 2, 1] | micro_bs = 2 | time = [64374, 64477, 64468, 64793, 64727, 64765] | memory = [26820, 26872, 26804, 20721, 24536, 22416]
>>>> [CONFIG: target(3), prim(dec_dp)]
|103780.71|26952.32| op = [439, 450, 460, 724, 760, 498]| tp = [1, 1, 1, 1, 1, 1, ] | dp = [2, 1, 1, 1, 2, 1, ] | algo = [0, 0, 0, 0, 0, 0, ] | rc = [68, 104, 92, 173, 52, 0] | gpus = [2, 1, 1, 1, 2, 1] | micro_bs = 2 | time = [39880, 64505, 64496, 103780, 64756, 64793] | memory = [23186, 26872, 26804, 26952, 24536, 22416]
>>>> [CONFIG: target(3), prim(dec_op)]
|65505.29|26943.82| op = [695, 443, 454, 481, 760, 498]| tp = [1, 1, 1, 1, 1, 1, ] | dp = [2, 1, 1, 1, 2, 1, ] | algo = [0, 0, 0, 0, 0, 0, ] | rc = [161, 104, 91, 73, 52, 0] | gpus = [2, 1, 1, 1, 2, 1] | micro_bs = 2 | time = [65505, 63831, 63536, 65172, 64727, 64765] | memory = [26943, 26558, 26840, 26626, 24536, 22416]
>>>> [CONFIG: target(0), prim(dec_dp)]
|106548.63|26908.00| op = [695, 443, 454, 481, 760, 498]| tp = [1, 1, 1, 1, 1, 1, ] | dp = [1, 1, 2, 1, 2, 1, ] | algo = [0, 0, 0, 0, 0, 0, ] | rc = [281, 104, 50, 73, 52, 0] | gpus = [1, 1, 2, 1, 2, 1] | micro_bs = 2 | time = [106548, 63865, 40039, 65206, 64761, 64799] | memory = [26907, 26558, 22196, 26626, 24536, 22416]
>>>> [CONFIG: target(0), prim(dec_op)]
|65435.02|26871.17| op = [433, 430, 729, 481, 760, 498]| tp = [1, 1, 1, 1, 1, 1, ] | dp = [1, 1, 2, 1, 2, 1, ] | algo = [0, 0, 0, 0, 0, 0, ] | rc = [112, 99, 113, 73, 52, 0] | gpus = [1, 1, 2, 1, 2, 1] | micro_bs = 2 | time = [63591, 61972, 65435, 65168, 64724, 64761] | memory = [26708, 26750, 26871, 26626, 24536, 22416]
>>>> [CONFIG: target(2), prim(dec_dp)]
|108316.67|26957.89| op = [433, 430, 729, 481, 760, 498]| tp = [1, 1, 1, 1, 1, 1, ] | dp = [1, 2, 1, 1, 2, 1, ] | algo = [0, 0, 0, 0, 0, 0, ] | rc = [112, 66, 211, 73, 52, 0] | gpus = [1, 2, 1, 1, 2, 1] | micro_bs = 2 | time = [63630, 39090, 108316, 65207, 64763, 64800] | memory = [26708, 19223, 26957, 26626, 24536, 22416]
>>>> [CONFIG: target(2), prim(dec_op)]
|64761.39|26940.93| op = [436, 702, 463, 472, 760, 498]| tp = [1, 1, 1, 1, 1, 1, ] | dp = [1, 2, 1, 1, 2, 1, ] | algo = [0, 0, 0, 0, 0, 0, ] | rc = [114, 132, 90, 73, 52, 0] | gpus = [1, 2, 1, 1, 2, 1] | micro_bs = 2 | time = [64189, 64045, 63708, 64173, 64724, 64761] | memory = [26732, 26852, 26940, 26014, 24536, 22416]

[ Trial 6 ] |64761.39|26940.93| op = [436, 702, 463, 472, 760, 498]| tp = [1, 1, 1, 1, 1, 1, ] | dp = [1, 2, 1, 1, 2, 1, ] | algo = [0, 0, 0, 0, 0, 0, ] | rc = [114, 132, 90, 73, 52, 0] | gpus = [1, 2, 1, 1, 2, 1] | micro_bs = 2 | time = [64189, 64045, 63708, 64173, 64724, 64761] | memory = [26732, 26852, 26940, 26014, 24536, 22416]
>>>> [CONFIG: target(5), prim(inc_mbs)]
|58191.57|26949.11| op = [436, 702, 463, 472, 760, 498]| tp = [1, 1, 1, 1, 1, 1, ] | dp = [1, 2, 1, 1, 2, 1, ] | algo = [0, 0, 0, 0, 0, 0, ] | rc = [211, 208, 138, 135, 124, 76] | gpus = [1, 2, 1, 1, 2, 1] | micro_bs = 4 | time = [54287, 53045, 54585, 56213, 52089, 58191] | memory = [26949, 26784, 26693, 26737, 26879, 21280]

[ Trial 7 ] |58191.57|26949.11| op = [436, 702, 463, 472, 760, 498]| tp = [1, 1, 1, 1, 1, 1, ] | dp = [1, 2, 1, 1, 2, 1, ] | algo = [0, 0, 0, 0, 0, 0, ] | rc = [211, 208, 138, 135, 124, 76] | gpus = [1, 2, 1, 1, 2, 1] | micro_bs = 4 | time = [54287, 53045, 54585, 56213, 52089, 58191] | memory = [26949, 26784, 26693, 26737, 26879, 21280]
>>>> [CONFIG: target(5), prim(dec_op)]
|55632.16|26965.02| op = [436, 721, 458, 458, 781, 477]| tp = [1, 1, 1, 1, 1, 1, ] | dp = [1, 2, 1, 1, 2, 1, ] | algo = [0, 0, 0, 0, 0, 0, ] | rc = [211, 214, 138, 129, 134, 72] | gpus = [1, 2, 1, 1, 2, 1] | micro_bs = 4 | time = [54281, 54303, 54422, 54461, 53946, 55632] | memory = [26949, 26859, 26365, 26965, 26911, 20456]

[ Trial 8 ] |55632.16|26965.02| op = [436, 721, 458, 458, 781, 477]| tp = [1, 1, 1, 1, 1, 1, ] | dp = [1, 2, 1, 1, 2, 1, ] | algo = [0, 0, 0, 0, 0, 0, ] | rc = [211, 214, 138, 129, 134, 72] | gpus = [1, 2, 1, 1, 2, 1] | micro_bs = 4 | time = [54281, 54303, 54422, 54461, 53946, 55632] | memory = [26949, 26859, 26365, 26965, 26911, 20456]
>>>> [CONFIG: target(5), prim(inc_dp)]
|90447.38|26965.02| op = [436, 721, 458, 458, 781, 477]| tp = [1, 1, 1, 1, 1, 1, ] | dp = [1, 1, 1, 1, 2, 2, ] | algo = [0, 0, 0, 0, 0, 0, ] | rc = [211, 499, 138, 129, 134, 0] | gpus = [1, 1, 1, 1, 2, 2] | micro_bs = 4 | time = [54329, 90447, 54470, 54509, 53994, 31843] | memory = [26949, 26049, 26365, 26965, 26911, 21390]
>>>> [CONFIG: target(1), prim(dec_op)]
|55822.40|26949.11| op = [436, 464, 455, 460, 764, 752]| tp = [1, 1, 1, 1, 1, 1, ] | dp = [1, 1, 1, 1, 2, 2, ] | algo = [0, 0, 0, 0, 0, 0, ] | rc = [211, 194, 138, 126, 124, 66] | gpus = [1, 1, 1, 1, 2, 2] | micro_bs = 4 | time = [54262, 55822, 54269, 54136, 52269, 51313] | memory = [26949, 26942, 26241, 26825, 26939, 23935]
>>>> [CONFIG: target(1), prim(dec_op)]
|54256.69|26949.39| op = [436, 445, 449, 454, 779, 768]| tp = [1, 1, 1, 1, 1, 1, ] | dp = [1, 1, 1, 1, 2, 2, ] | algo = [0, 0, 0, 0, 0, 0, ] | rc = [211, 172, 136, 123, 132, 70] | gpus = [1, 1, 1, 1, 2, 2] | micro_bs = 4 | time = [54256, 53626, 53514, 53163, 53509, 52418] | memory = [26949, 26949, 26925, 26725, 26883, 23923]

[ Trial 9 ] |54256.69|26949.39| op = [436, 445, 449, 454, 779, 768]| tp = [1, 1, 1, 1, 1, 1, ] | dp = [1, 1, 1, 1, 2, 2, ] | algo = [0, 0, 0, 0, 0, 0, ] | rc = [211, 172, 136, 123, 132, 70] | gpus = [1, 1, 1, 1, 2, 2] | micro_bs = 4 | time = [54256, 53626, 53514, 53163, 53509, 52418] | memory = [26949, 26949, 26925, 26725, 26883, 23923]
>>>> [CONFIG: target(0), prim(dec_op)]
|53519.33|26975.38| op = [432, 441, 445, 454, 776, 783]| tp = [1, 1, 1, 1, 1, 1, ] | dp = [1, 1, 1, 1, 2, 2, ] | algo = [0, 0, 0, 0, 0, 0, ] | rc = [207, 170, 134, 124, 139, 76] | gpus = [1, 1, 1, 1, 2, 2] | micro_bs = 4 | time = [53173, 53424, 53433, 53471, 53474, 53519] | memory = [26901, 26913, 26652, 26725, 26975, 23609]

[ Trial 10 ] |53519.33|26975.38| op = [432, 441, 445, 454, 776, 783]| tp = [1, 1, 1, 1, 1, 1, ] | dp = [1, 1, 1, 1, 2, 2, ] | algo = [0, 0, 0, 0, 0, 0, ] | rc = [207, 170, 134, 124, 139, 76] | gpus = [1, 1, 1, 1, 2, 2] | micro_bs = 4 | time = [53173, 53424, 53433, 53471, 53474, 53519] | memory = [26901, 26913, 26652, 26725, 26975, 23609]
>>>> [CONFIG: target(5), prim(dec_dp)]
|90908.24|26979.60| op = [432, 441, 445, 454, 776, 783]| tp = [1, 1, 1, 1, 1, 1, ] | dp = [1, 1, 1, 2, 2, 1, ] | algo = [0, 0, 0, 0, 0, 0, ] | rc = [207, 170, 134, 70, 139, 166] | gpus = [1, 1, 1, 2, 2, 1] | micro_bs = 4 | time = [53233, 53484, 53493, 31649, 53534, 90908] | memory = [26901, 26913, 26652, 24442, 26975, 26979]
>>>> [CONFIG: target(5), prim(dec_op)]
|55359.28|26991.63| op = [432, 441, 445, 742, 800, 471]| tp = [1, 1, 1, 1, 1, 1, ] | dp = [1, 1, 1, 2, 2, 1, ] | algo = [0, 0, 0, 0, 0, 0, ] | rc = [207, 170, 134, 183, 140, 72] | gpus = [1, 1, 1, 2, 2, 1] | micro_bs = 4 | time = [53190, 53441, 53450, 54362, 55202, 55359] | memory = [26901, 26913, 26652, 26902, 26991, 20320]
>>>> [CONFIG: target(5), prim(dec_op)]
|54688.78|26976.69| op = [434, 444, 458, 748, 783, 464]| tp = [1, 1, 1, 1, 1, 1, ] | dp = [1, 1, 1, 2, 2, 1, ] | algo = [0, 0, 0, 0, 0, 0, ] | rc = [209, 190, 138, 180, 137, 66] | gpus = [1, 1, 1, 2, 2, 1] | micro_bs = 4 | time = [53958, 54688, 54339, 54222, 54284, 53912] | memory = [26901, 26845, 26293, 26976, 26911, 21152]
>>>> [CONFIG: target(1), prim(inc_dp)]
|90604.25|26981.39| op = [434, 444, 458, 748, 783, 464]| tp = [1, 1, 1, 1, 1, 1, ] | dp = [1, 2, 1, 1, 2, 1, ] | algo = [0, 0, 0, 0, 0, 0, ] | rc = [209, 106, 138, 335, 137, 66] | gpus = [1, 2, 1, 1, 2, 1] | micro_bs = 4 | time = [54016, 32987, 54396, 90604, 54341, 53969] | memory = [26901, 26558, 26293, 26981, 26911, 21152]
>>>> [CONFIG: target(3), prim(dec_op)]
|55392.19|26911.44| op = [434, 716, 463, 471, 783, 464]| tp = [1, 1, 1, 1, 1, 1, ] | dp = [1, 2, 1, 1, 2, 1, ] | algo = [0, 0, 0, 0, 0, 0, ] | rc = [209, 221, 140, 130, 137, 66] | gpus = [1, 2, 1, 1, 2, 1] | micro_bs = 4 | time = [53967, 54850, 55141, 55392, 54292, 53921] | memory = [26901, 26733, 26693, 26545, 26911, 21152]
>>>> [CONFIG: target(3), prim(inc_mbs)]
|57316.52|26941.20| op = [434, 716, 463, 471, 783, 464]| tp = [1, 1, 1, 1, 1, 1, ] | dp = [1, 2, 1, 1, 2, 1, ] | algo = [0, 0, 0, 0, 0, 0, ] | rc = [402, 619, 398, 294, 231, 120] | gpus = [1, 2, 1, 1, 2, 1] | micro_bs = 8 | time = [54410, 47867, 56960, 57316, 47838, 55753] | memory = [25933, 26033, 26237, 25999, 26878, 26941]
>>>> [CONFIG: target(3), prim(dec_op)]
|52785.43|26996.00| op = [419, 769, 425, 439, 841, 438]| tp = [1, 1, 1, 1, 1, 1, ] | dp = [1, 2, 1, 1, 2, 1, ] | algo = [0, 0, 0, 0, 0, 0, ] | rc = [385, 558, 322, 228, 252, 118] | gpus = [1, 2, 1, 1, 2, 1] | micro_bs = 8 | time = [51993, 50347, 52256, 52785, 51089, 52698] | memory = [26885, 26839, 26710, 26889, 26996, 26940]

[ Trial 11 ] |52785.43|26996.00| op = [419, 769, 425, 439, 841, 438]| tp = [1, 1, 1, 1, 1, 1, ] | dp = [1, 2, 1, 1, 2, 1, ] | algo = [0, 0, 0, 0, 0, 0, ] | rc = [385, 558, 322, 228, 252, 118] | gpus = [1, 2, 1, 1, 2, 1] | micro_bs = 8 | time = [51993, 50347, 52256, 52785, 51089, 52698] | memory = [26885, 26839, 26710, 26889, 26996, 26940]
>>>> [CONFIG: target(3), prim(dec_op)]
|51994.54|26988.45| op = [419, 782, 418, 436, 850, 426]| tp = [1, 1, 1, 1, 1, 1, ] | dp = [1, 2, 1, 1, 2, 1, ] | algo = [0, 0, 0, 0, 0, 0, ] | rc = [385, 584, 305, 223, 261, 104] | gpus = [1, 2, 1, 1, 2, 1] | micro_bs = 8 | time = [51987, 51255, 51833, 51682, 51994, 51642] | memory = [26885, 26745, 26901, 26941, 26764, 26988]

[ Trial 12 ] |51994.54|26988.45| op = [419, 782, 418, 436, 850, 426]| tp = [1, 1, 1, 1, 1, 1, ] | dp = [1, 2, 1, 1, 2, 1, ] | algo = [0, 0, 0, 0, 0, 0, ] | rc = [385, 584, 305, 223, 261, 104] | gpus = [1, 2, 1, 1, 2, 1] | micro_bs = 8 | time = [51987, 51255, 51833, 51682, 51994, 51642] | memory = [26885, 26745, 26901, 26941, 26764, 26988]
>>>> [CONFIG: target(4), prim(dec_dp)]
|103547.31|26941.12| op = [419, 782, 418, 436, 850, 426]| tp = [1, 1, 1, 1, 1, 1, ] | dp = [1, 2, 1, 1, 1, 2, ] | algo = [0, 0, 0, 0, 0, 0, ] | rc = [385, 584, 305, 223, 723, 52] | gpus = [1, 2, 1, 1, 1, 2] | micro_bs = 8 | time = [52193, 51460, 52038, 51887, 103547, 26604] | memory = [26885, 26745, 26901, 26941, 26295, 22352]
>>>> [CONFIG: target(4), prim(dec_op)]
|51975.86|26996.16| op = [419, 782, 416, 427, 443, 844]| tp = [1, 1, 1, 1, 1, 1, ] | dp = [1, 2, 1, 1, 1, 2, ] | algo = [0, 0, 0, 0, 0, 0, ] | rc = [385, 584, 301, 226, 149, 189] | gpus = [1, 2, 1, 1, 1, 2] | micro_bs = 8 | time = [51975, 51242, 51502, 51380, 51690, 50991] | memory = [26885, 26745, 26901, 26952, 26929, 26996]

[ Trial 13 ] |51975.86|26996.16| op = [419, 782, 416, 427, 443, 844]| tp = [1, 1, 1, 1, 1, 1, ] | dp = [1, 2, 1, 1, 1, 2, ] | algo = [0, 0, 0, 0, 0, 0, ] | rc = [385, 584, 301, 226, 149, 189] | gpus = [1, 2, 1, 1, 1, 2] | micro_bs = 8 | time = [51975, 51242, 51502, 51380, 51690, 50991] | memory = [26885, 26745, 26901, 26952, 26929, 26996]
>>>> [CONFIG: target(0), prim(dec_op)]
|51502.99|26980.16| op = [411, 780, 424, 429, 442, 845]| tp = [1, 1, 1, 1, 1, 1, ] | dp = [1, 2, 1, 1, 1, 2, ] | algo = [0, 0, 0, 0, 0, 0, ] | rc = [378, 579, 293, 218, 136, 190] | gpus = [1, 2, 1, 1, 1, 2] | micro_bs = 8 | time = [51502, 50844, 51281, 51320, 50976, 50922] | memory = [26025, 25877, 26124, 26952, 26673, 26980]

[ Trial 14 ] |51502.99|26980.16| op = [411, 780, 424, 429, 442, 845]| tp = [1, 1, 1, 1, 1, 1, ] | dp = [1, 2, 1, 1, 1, 2, ] | algo = [0, 0, 0, 0, 0, 0, ] | rc = [378, 579, 293, 218, 136, 190] | gpus = [1, 2, 1, 1, 1, 2] | micro_bs = 8 | time = [51502, 50844, 51281, 51320, 50976, 50922] | memory = [26025, 25877, 26124, 26952, 26673, 26980]
>>>> [CONFIG: target(0), prim(dec_mbs)]
|59210.29|26952.43| op = [411, 780, 424, 429, 442, 845]| tp = [1, 1, 1, 1, 1, 1, ] | dp = [1, 2, 1, 1, 1, 2, ] | algo = [0, 0, 0, 0, 0, 0, ] | rc = [188, 240, 122, 112, 86, 104] | gpus = [1, 2, 1, 1, 1, 2] | micro_bs = 4 | time = [50825, 59210, 49759, 49816, 48994, 58527] | memory = [26927, 26794, 26844, 26532, 26952, 22252]
>>>> [CONFIG: target(1), prim(dec_dp)]
|98750.40|26927.62| op = [411, 780, 424, 429, 442, 845]| tp = [1, 1, 1, 1, 1, 1, ] | dp = [1, 1, 1, 1, 2, 2, ] | algo = [0, 0, 0, 0, 0, 0, ] | rc = [188, 579, 122, 112, 46, 104] | gpus = [1, 1, 1, 1, 2, 2] | micro_bs = 4 | time = [50903, 98750, 49838, 49894, 29633, 58606] | memory = [26927, 25877, 26844, 26532, 22804, 22252]
>>>> [CONFIG: target(1), prim(dec_op)]
|57488.17|26991.32| op = [411, 476, 455, 457, 771, 761]| tp = [1, 1, 1, 1, 1, 1, ] | dp = [1, 1, 1, 1, 2, 2, ] | algo = [0, 0, 0, 0, 0, 0, ] | rc = [188, 208, 138, 124, 130, 66] | gpus = [1, 1, 1, 1, 2, 2] | micro_bs = 4 | time = [50840, 57488, 54265, 53785, 53123, 51654] | memory = [26927, 26906, 26241, 26773, 26991, 24037]
>>>> [CONFIG: target(1), prim(dec_op)]
|54876.50|26927.62| op = [411, 451, 445, 464, 780, 780]| tp = [1, 1, 1, 1, 1, 1, ] | dp = [1, 1, 1, 1, 2, 2, ] | algo = [0, 0, 0, 0, 0, 0, ] | rc = [188, 197, 137, 128, 132, 76] | gpus = [1, 1, 1, 1, 2, 2] | micro_bs = 4 | time = [50836, 54876, 53820, 53524, 53579, 53403] | memory = [26927, 26889, 26576, 26917, 26919, 23583]
>>>> [CONFIG: target(1), prim(inc_mbs)]
|56191.15|26971.54| op = [411, 451, 445, 464, 780, 780]| tp = [1, 1, 1, 1, 1, 1, ] | dp = [1, 1, 1, 1, 2, 2, ] | algo = [0, 0, 0, 0, 0, 0, ] | rc = [378, 417, 358, 247, 226, 164] | gpus = [1, 1, 1, 1, 2, 2] | micro_bs = 8 | time = [51544, 56191, 55461, 55130, 47167, 46897] | memory = [26025, 18324, 26543, 26955, 26894, 26971]
>>>> [CONFIG: target(1), prim(dec_op)]
|52137.64|26991.91| op = [411, 423, 417, 426, 840, 814]| tp = [1, 1, 1, 1, 1, 1, ] | dp = [1, 1, 1, 1, 2, 2, ] | algo = [0, 0, 0, 0, 0, 0, ] | rc = [378, 376, 289, 216, 252, 178] | gpus = [1, 1, 1, 1, 2, 2] | micro_bs = 8 | time = [51492, 52137, 50962, 51101, 50989, 48711] | memory = [26025, 21176, 25612, 26964, 26871, 26991]
>>>> [CONFIG: target(1), prim(dec_op)]
|51164.50|26996.16| op = [408, 408, 411, 421, 840, 843]| tp = [1, 1, 1, 1, 1, 1, ] | dp = [1, 1, 1, 1, 2, 2, ] | algo = [0, 0, 0, 0, 0, 0, ] | rc = [375, 377, 312, 220, 252, 188] | gpus = [1, 1, 1, 1, 2, 2] | micro_bs = 8 | time = [51164, 51062, 50725, 50893, 50922, 50833] | memory = [25925, 24836, 26117, 26980, 26947, 26996]

[ Trial 15 ] |51164.50|26996.16| op = [408, 408, 411, 421, 840, 843]| tp = [1, 1, 1, 1, 1, 1, ] | dp = [1, 1, 1, 1, 2, 2, ] | algo = [0, 0, 0, 0, 0, 0, ] | rc = [375, 377, 312, 220, 252, 188] | gpus = [1, 1, 1, 1, 2, 2] | micro_bs = 8 | time = [51164, 51062, 50725, 50893, 50922, 50833] | memory = [25925, 24836, 26117, 26980, 26947, 26996]
>>>> [CONFIG: target(0), prim(dec_mbs)]
|58459.56|27000.00| op = [408, 408, 411, 421, 840, 843]| tp = [1, 1, 1, 1, 1, 1, ] | dp = [1, 1, 1, 1, 2, 2, ] | algo = [0, 0, 0, 0, 0, 0, ] | rc = [186, 148, 122, 110, 162, 104] | gpus = [1, 1, 1, 1, 2, 2] | micro_bs = 4 | time = [50469, 49638, 48861, 49188, 58459, 58420] | memory = [26827, 26963, 26875, 26860, 26999, 22244]
>>>> [CONFIG: target(4), prim(dec_dp)]
|98920.69|26963.53| op = [408, 408, 411, 421, 840, 843]| tp = [1, 1, 1, 1, 1, 1, ] | dp = [1, 1, 2, 1, 1, 2, ] | algo = [0, 0, 0, 0, 0, 0, ] | rc = [186, 148, 70, 110, 252, 104] | gpus = [1, 1, 2, 1, 1, 2] | micro_bs = 4 | time = [50549, 49718, 29042, 49269, 98920, 58500] | memory = [26827, 26963, 26619, 26860, 26947, 22244]
>>>> [CONFIG: target(4), prim(inc_mbs)]
|101941.97|26996.16| op = [408, 408, 411, 421, 840, 843]| tp = [1, 1, 1, 1, 1, 1, ] | dp = [1, 1, 2, 1, 1, 2, ] | algo = [0, 0, 0, 0, 0, 0, ] | rc = [375, 377, 122, 220, 711, 188] | gpus = [1, 1, 2, 1, 1, 2] | micro_bs = 8 | time = [51370, 51268, 26237, 51099, 101941, 51039] | memory = [25925, 24836, 26875, 26980, 25084, 26996]
>>>> [CONFIG: target(4), prim(dec_op)]
|53301.07|26980.41| op = [408, 408, 763, 428, 455, 869]| tp = [1, 1, 1, 1, 1, 1, ] | dp = [1, 1, 2, 1, 1, 2, ] | algo = [0, 0, 0, 0, 0, 0, ] | rc = [375, 377, 572, 226, 162, 208] | gpus = [1, 1, 2, 1, 1, 2] | micro_bs = 8 | time = [51196, 51095, 50027, 51755, 53301, 52545] | memory = [25925, 24836, 26293, 26952, 26881, 26980]
>>>> [CONFIG: target(4), prim(inc_dp)]
|94116.70|26980.41| op = [408, 408, 763, 428, 455, 869]| tp = [1, 1, 1, 1, 1, 1, ] | dp = [1, 1, 1, 1, 2, 2, ] | algo = [0, 0, 0, 0, 0, 0, ] | rc = [375, 377, 705, 226, 94, 208] | gpus = [1, 1, 1, 1, 2, 2] | micro_bs = 8 | time = [51338, 51236, 94116, 51896, 27420, 52686] | memory = [25925, 24836, 24940, 26952, 26760, 26980]
>>>> [CONFIG: target(2), prim(dec_op)]
|51162.72|26988.16| op = [408, 408, 415, 425, 834, 841]| tp = [1, 1, 1, 1, 1, 1, ] | dp = [1, 1, 1, 1, 2, 2, ] | algo = [0, 0, 0, 0, 0, 0, ] | rc = [375, 377, 318, 214, 252, 184] | gpus = [1, 1, 1, 1, 2, 2] | micro_bs = 8 | time = [51162, 51061, 51098, 50861, 50845, 50336] | memory = [25925, 24836, 26024, 26924, 26751, 26988]

num_targets: [1, 1, 1, 1, 1, 1, 1, 1, 1, 1, 1, 1, 1, 1, 1, 1]
num_hops: [1, 1, 2, 1, 3, 6, 1, 1, 3, 1, 7, 1, 2, 1, 7, 6]
search time = 201.81 s.  [0, 1, 2, 3, 4, 6, 8, 9, 10, 12, 13, 19, 20, 21, 22, 50, 161, 209] 
num_explored_cases = 2180
time trend: [152445, 149482, 148231, 83026, 65737, 64793, 64761, 58191, 55632, 54256, 53519, 52785, 51994, 51975, 51502, 51164, 51162, 51162]

# of stages	est_iteration_time(s)	est_thpt(samples/s)	est_mem(MB)	# of explored cases
8          	50.24                	20.38              	26980      	3503               

overall search time: 201.99 s
