------------------------ arguments ------------------------
  adaptive_hyper_parameters ....................... 5
  add_action_finetune_algo ........................ False
  add_action_finetune_dim ......................... False
  add_action_tp_dp_exchange ....................... False
  add_action_tune_tp_dp ........................... False
  check_recompute_with_group ...................... False
  config_save_path ................................ /home/liminglong.lml/sxz/SuperScaler/logs-large/aceso/configs/scale-layer/128layers/
  config_suffix ................................... 2026-5-16-3-15-59
  consider_collective_memory ...................... False
  consider_reserved_space ......................... True
  consider_shared_space ........................... True
  continue_when_fail .............................. True
  decoder_seq_len ................................. 512
  end_num_stages .................................. 8
  finetune_after_trial ............................ 0
  finetune_tp_dp_after_trial ...................... False
  flex_recompute .................................. True
  forbid_turn_back ................................ False
  global_batch_size ............................... 1024
  high_memory_rate ................................ 0.9
  init_dim ........................................ tp
  initial_point ................................... balance
  log_path ........................................ /home/liminglong.lml/sxz/SuperScaler/logs-large/aceso/search/scale-layer/128layers/
  max_num_hops .................................... 7
  max_num_trials .................................. 100
  max_op_move_steps ............................... 5
  max_tp .......................................... 8
  memory_limit .................................... 28000
  memory_main_params .............................. 2
  memory_optimizer ................................ 4
  memory_pred_type ................................ MAX
  micro_batch_size ................................ [1, 2, 4, 8]
  min_mbs ......................................... 1
  model_name ...................................... scale-layer
  model_size ...................................... 128layers
  multi_process ................................... True
  num_algos ....................................... 2
  num_gpus ........................................ 8
  num_gpus_per_node ............................... 8
  num_layers ...................................... 128
  num_nodes ....................................... 1
  num_of_saved_configs ............................ 1
  num_partners_in_op_mig .......................... 1
  only_top_1_target ............................... False
  op_group_size ................................... 1
  peak_mem_in_backward ............................ 1000
  predict_delta_time .............................. True
  print_debug_info ................................ False
  print_gpu_mig_details ........................... False
  print_move_op_details ........................... False
  print_recomp_debug_info ......................... False
  print_recompute_ops ............................. False
  profiled_time_path .............................. /home/liminglong.lml/sxz/SuperScaler/profiler/profiled-time-eurosys/
  random_order_actions ............................ False
  resharding ...................................... True
  save_to_csv ..................................... None
  seq_len ......................................... 2048
  simple_prim_mbs ................................. False
  simple_prim_mig ................................. False
  sort_metric ..................................... max_stage_time
  start_num_stages ................................ 1
  support_comm_predict ............................ False
  time_budget_per_trial ........................... 200
  time_budget_total ............................... 200
-------------------- end of arguments ---------------------
working on num_stages = 1
config has been saved to /home/liminglong.lml/sxz/SuperScaler/logs-large/aceso/configs/scale-layer/128layers/scale-layer_128layers_1stages_2026-5-16-3-15-59.json

========== Best Result (num_stages = 1) ==========
|37455.36|21439.14| op = [1667]| tp = [1, ] | dp = [8, ] | algo = [0, ] | rc = [256] | gpus = [8] | micro_bs = 8 | time = [37455] | memory = [21439]
start|605646.72|6557.66| op = [1667]| tp = [8, ] | dp = [1, ] | algo = [0, ] | rc = [0] | gpus = [8] | micro_bs = 1 | time = [605646] | memory = [6557]

[ Trial 0 ] |605646.72|6557.66| op = [1667]| tp = [8, ] | dp = [1, ] | algo = [0, ] | rc = [0] | gpus = [8] | micro_bs = 1 | time = [605646] | memory = [6557]
>>>> [CONFIG: target(0), prim(inc_mbs)]
|279849.11|11296.16| op = [1667]| tp = [4, ] | dp = [2, ] | algo = [0, ] | rc = [0] | gpus = [8] | micro_bs = 2 | time = [279849] | memory = [11296]

[ Trial 1 ] |279849.11|11296.16| op = [1667]| tp = [4, ] | dp = [2, ] | algo = [0, ] | rc = [0] | gpus = [8] | micro_bs = 2 | time = [279849] | memory = [11296]
>>>> [CONFIG: target(0), prim(inc_mbs)]
|111486.46|20773.16| op = [1667]| tp = [2, ] | dp = [4, ] | algo = [0, ] | rc = [0] | gpus = [8] | micro_bs = 4 | time = [111486] | memory = [20773]

[ Trial 2 ] |111486.46|20773.16| op = [1667]| tp = [2, ] | dp = [4, ] | algo = [0, ] | rc = [0] | gpus = [8] | micro_bs = 4 | time = [111486] | memory = [20773]
>>>> [CONFIG: target(0), prim(inc_mbs)]
|37455.36|21439.14| op = [1667]| tp = [1, ] | dp = [8, ] | algo = [0, ] | rc = [256] | gpus = [8] | micro_bs = 8 | time = [37455] | memory = [21439]

num_targets: [1, 1, 1]
num_hops: [1, 1, 1]
search time = 0.97 s.  [0, 1, 2, 3, 4, 5, 6, 7, 8, 9, 10, 11, 12, 13, 14, 15, 16, 17, 18, 19, 20, 21, 22, 23, 24] 
num_explored_cases = 45
time trend: [605646, 279849, 111486, 37455, 37455, 37455, 37455, 37455, 37455, 37455, 111486, 111486, 111486, 111486, 111486, 279849, 279849, 279849, 279849, 279849, 605646, 605646, 605646, 605646, 605646]

working on num_stages = 2
config has been saved to /home/liminglong.lml/sxz/SuperScaler/logs-large/aceso/configs/scale-layer/128layers/scale-layer_128layers_2stages_2026-5-16-3-15-59.json

========== Best Result (num_stages = 2) ==========
|28635.58|26967.91| op = [828, 839]| tp = [1, 1, ] | dp = [4, 4, ] | algo = [0, 0, ] | rc = [156, 100] | gpus = [4, 4] | micro_bs = 8 | time = [28627, 28635] | memory = [26967, 22382]
start|281144.47|10254.15| op = [833, 834]| tp = [4, 4, ] | dp = [1, 1, ] | algo = [0, 0, ] | rc = [0, 0] | gpus = [4, 4] | micro_bs = 1 | time = [279405, 281144] | memory = [10254, 5726]

[ Trial 0 ] |281144.47|10254.15| op = [833, 834]| tp = [4, 4, ] | dp = [1, 1, ] | algo = [0, 0, ] | rc = [0, 0] | gpus = [4, 4] | micro_bs = 1 | time = [279405, 281144] | memory = [10254, 5726]
>>>> [CONFIG: target(1), prim(inc_mbs)]
|112457.96|18621.15| op = [833, 834]| tp = [2, 2, ] | dp = [2, 2, ] | algo = [0, 0, ] | rc = [0, 0] | gpus = [4, 4] | micro_bs = 2 | time = [111103, 112457] | memory = [18621, 10479]

[ Trial 1 ] |112457.96|18621.15| op = [833, 834]| tp = [2, 2, ] | dp = [2, 2, ] | algo = [0, 0, ] | rc = [0, 0] | gpus = [4, 4] | micro_bs = 2 | time = [111103, 112457] | memory = [18621, 10479]
>>>> [CONFIG: target(1), prim(dec_op)]
|111829.03|18847.93| op = [839, 828]| tp = [2, 2, ] | dp = [2, 2, ] | algo = [0, 0, ] | rc = [0, 0] | gpus = [4, 4] | micro_bs = 2 | time = [111829, 111808] | memory = [18847, 10363]

[ Trial 9 ] |111829.03|18847.93| op = [839, 828]| tp = [2, 2, ] | dp = [2, 2, ] | algo = [0, 0, ] | rc = [0, 0] | gpus = [4, 4] | micro_bs = 2 | time = [111829, 111808] | memory = [18847, 10363]
>>>> [CONFIG: target(0), prim(inc_mbs)]
|36518.92|22479.64| op = [839, 828]| tp = [1, 1, ] | dp = [4, 4, ] | algo = [0, 0, ] | rc = [94, 0] | gpus = [4, 4] | micro_bs = 4 | time = [36518, 34799] | memory = [22479, 19826]
>>>> [CONFIG: target(0), prim(inc_mbs)]
|29127.87|26888.03| op = [839, 828]| tp = [1, 1, ] | dp = [4, 4, ] | algo = [0, 0, ] | rc = [162, 94] | gpus = [4, 4] | micro_bs = 8 | time = [29127, 28146] | memory = [26888, 22724]
>>>> [CONFIG: target(0), prim(dec_op)]
|28635.58|26967.91| op = [828, 839]| tp = [1, 1, ] | dp = [4, 4, ] | algo = [0, 0, ] | rc = [156, 100] | gpus = [4, 4] | micro_bs = 8 | time = [28627, 28635] | memory = [26967, 22382]

num_targets: [1, 1, 1, 1, 1, 1, 1]
num_hops: [1, 1, 1, 1, 1, 7, 3]
search time = 13.76 s.  [0, 1, 2, 3, 4, 5, 7, 8, 9, 10, 11, 13, 14, 15, 16, 17, 18, 19, 20, 21, 22, 23, 24, 25, 26, 27, 28, 29, 30, 31, 32, 33, 34, 35, 36, 37, 38, 39, 40, 41, 42, 43, 44, 45, 46, 47, 48, 49, 50, 51, 52, 53, 54, 55, 56, 57, 58, 59, 60, 61, 62, 63, 64, 65, 66, 67, 68, 69, 70, 71, 72, 73, 74, 75, 76, 77, 78, 79, 80, 81, 82, 83, 84, 85, 86, 87, 88, 89, 90, 91, 92, 93, 94, 95, 96, 97, 98, 99, 100, 101, 102] 
num_explored_cases = 1000
time trend: [281144, 112457, 36038, 35558, 28987, 28648, 28640, 28640, 28666, 28807, 28635, 28635, 28635, 28635, 28635, 28635, 28635, 28640, 28640, 28640, 28640, 28640, 28648, 28648, 28648, 28648, 28648, 28666, 28666, 28666, 28666, 28666, 28679, 28679, 28679, 28679, 28679, 28807, 28807, 28807, 28807, 28807, 28980, 28980, 28980, 28980, 28980, 28987, 28987, 28987, 28987, 28987, 28988, 28988, 28988, 28988, 28988, 29029, 29029, 29029, 29029, 29029, 29127, 29127, 29127, 29127, 29127, 29220, 29220, 29220, 29220, 29220, 35558, 35558, 35558, 35558, 35558, 35640, 35640, 35640, 35640, 35640, 35849, 35849, 35849, 35849, 35849, 35883, 35883, 35883, 35883, 35883, 35898, 35898, 35898, 35898, 35898, 35937, 35937, 35937, 35937]

working on num_stages = 6
config has been saved to /home/liminglong.lml/sxz/SuperScaler/logs-large/aceso/configs/scale-layer/128layers/scale-layer_128layers_6stages_2026-5-16-3-15-59.json

========== Best Result (num_stages = 6) ==========
|24590.30|26932.00| op = [205, 208, 208, 214, 423, 409]| tp = [1, 1, 1, 1, 1, 1, ] | dp = [1, 1, 1, 1, 2, 2, ] | algo = [0, 0, 0, 0, 0, 0, ] | rc = [98, 80, 62, 56, 80, 44] | gpus = [1, 1, 1, 1, 2, 2] | micro_bs = 8 | time = [24590, 24288, 23857, 23704, 23877, 23944] | memory = [26856, 26932, 26640, 26576, 26836, 23328]
start|74808.16|22110.76| op = [277, 277, 277, 277, 277, 282]| tp = [2, 2, 1, 1, 1, 1, ] | dp = [1, 1, 1, 1, 1, 1, ] | algo = [0, 0, 0, 0, 0, 0, ] | rc = [0, 0, 0, 0, 0, 0] | gpus = [2, 2, 1, 1, 1, 1] | micro_bs = 1 | time = [74808, 74201, 45189, 45316, 45660, 50872] | memory = [17510, 14869, 22110, 16925, 12097, 7364]

[ Trial 0 ] |74808.16|22110.76| op = [277, 277, 277, 277, 277, 282]| tp = [2, 2, 1, 1, 1, 1, ] | dp = [1, 1, 1, 1, 1, 1, ] | algo = [0, 0, 0, 0, 0, 0, ] | rc = [0, 0, 0, 0, 0, 0] | gpus = [2, 2, 1, 1, 1, 1] | micro_bs = 1 | time = [74808, 74201, 45189, 45316, 45660, 50872] | memory = [17510, 14869, 22110, 16925, 12097, 7364]
>>>> [CONFIG: target(0), prim(dec_tp)]
|74202.91|23846.18| op = [277, 277, 277, 277, 277, 282]| tp = [1, 2, 1, 1, 2, 1, ] | dp = [1, 1, 1, 1, 1, 1, ] | algo = [0, 0, 0, 0, 0, 0, ] | rc = [22, 0, 0, 0, 0, 0] | gpus = [1, 2, 1, 1, 2, 1] | micro_bs = 1 | time = [48175, 74202, 45190, 45317, 73779, 50873] | memory = [23846, 14869, 22110, 16925, 6345, 7364]

[ Trial 1 ] |74202.91|23846.18| op = [277, 277, 277, 277, 277, 282]| tp = [1, 2, 1, 1, 2, 1, ] | dp = [1, 1, 1, 1, 1, 1, ] | algo = [0, 0, 0, 0, 0, 0, ] | rc = [22, 0, 0, 0, 0, 0] | gpus = [1, 2, 1, 1, 2, 1] | micro_bs = 1 | time = [48175, 74202, 45190, 45317, 73779, 50873] | memory = [23846, 14869, 22110, 16925, 6345, 7364]
>>>> [CONFIG: target(1), prim(dec_tp)]
|74055.96|26229.36| op = [277, 277, 277, 277, 277, 282]| tp = [1, 1, 2, 1, 2, 1, ] | dp = [1, 1, 1, 1, 1, 1, ] | algo = [0, 0, 0, 0, 0, 0, ] | rc = [22, 6, 0, 0, 0, 0] | gpus = [1, 1, 2, 1, 2, 1] | micro_bs = 1 | time = [48176, 46384, 74055, 45318, 73780, 50874] | memory = [23846, 26229, 11662, 16925, 6345, 7364]

[ Trial 2 ] |74055.96|26229.36| op = [277, 277, 277, 277, 277, 282]| tp = [1, 1, 2, 1, 2, 1, ] | dp = [1, 1, 1, 1, 1, 1, ] | algo = [0, 0, 0, 0, 0, 0, ] | rc = [22, 6, 0, 0, 0, 0] | gpus = [1, 1, 2, 1, 2, 1] | micro_bs = 1 | time = [48176, 46384, 74055, 45318, 73780, 50874] | memory = [23846, 26229, 11662, 16925, 6345, 7364]
>>>> [CONFIG: target(2), prim(inc_mbs)]
|38512.98|26800.09| op = [277, 277, 277, 277, 277, 282]| tp = [1, 1, 1, 1, 1, 1, ] | dp = [1, 1, 2, 1, 2, 1, ] | algo = [0, 0, 0, 0, 0, 0, ] | rc = [48, 44, 0, 22, 0, 0] | gpus = [1, 1, 2, 1, 2, 1] | micro_bs = 2 | time = [38342, 37952, 22788, 35298, 23023, 38512] | memory = [26800, 24086, 22110, 23597, 12097, 13289]

[ Trial 3 ] |38512.98|26800.09| op = [277, 277, 277, 277, 277, 282]| tp = [1, 1, 1, 1, 1, 1, ] | dp = [1, 1, 2, 1, 2, 1, ] | algo = [0, 0, 0, 0, 0, 0, ] | rc = [48, 44, 0, 22, 0, 0] | gpus = [1, 1, 2, 1, 2, 1] | micro_bs = 2 | time = [38342, 37952, 22788, 35298, 23023, 38512] | memory = [26800, 24086, 22110, 23597, 12097, 13289]
>>>> [CONFIG: target(5), prim(dec_op)]
|31410.42|26321.44| op = [228, 232, 371, 240, 379, 217]| tp = [1, 1, 1, 1, 1, 1, ] | dp = [1, 1, 2, 1, 2, 1, ] | algo = [0, 0, 0, 0, 0, 0, ] | rc = [36, 34, 18, 6, 0, 0] | gpus = [1, 1, 2, 1, 2, 1] | micro_bs = 2 | time = [31395, 31186, 31410, 29858, 31267, 30803] | memory = [23910, 20177, 25147, 26321, 16409, 10589]

[ Trial 4 ] |31410.42|26321.44| op = [228, 232, 371, 240, 379, 217]| tp = [1, 1, 1, 1, 1, 1, ] | dp = [1, 1, 2, 1, 2, 1, ] | algo = [0, 0, 0, 0, 0, 0, ] | rc = [36, 34, 18, 6, 0, 0] | gpus = [1, 1, 2, 1, 2, 1] | micro_bs = 2 | time = [31395, 31186, 31410, 29858, 31267, 30803] | memory = [23910, 20177, 25147, 26321, 16409, 10589]
>>>> [CONFIG: target(2), prim(dec_dp)]
|50090.74|26321.44| op = [228, 232, 371, 240, 379, 217]| tp = [1, 1, 1, 1, 1, 1, ] | dp = [1, 2, 1, 1, 2, 1, ] | algo = [0, 0, 0, 0, 0, 0, ] | rc = [36, 0, 58, 6, 0, 0] | gpus = [1, 2, 1, 1, 2, 1] | micro_bs = 2 | time = [31409, 19283, 50090, 29871, 31280, 30816] | memory = [23910, 22616, 25891, 26321, 16409, 10589]
>>>> [CONFIG: target(2), prim(dec_op)]
|33575.40|26011.53| op = [228, 350, 222, 242, 408, 217]| tp = [1, 1, 1, 1, 1, 1, ] | dp = [1, 2, 1, 1, 2, 1, ] | algo = [0, 0, 0, 0, 0, 0, ] | rc = [36, 34, 24, 6, 0, 0] | gpus = [1, 2, 1, 1, 2, 1] | micro_bs = 2 | time = [31394, 30462, 29428, 29298, 33575, 30801] | memory = [23910, 22744, 21940, 26011, 17513, 10589]
>>>> [CONFIG: target(4), prim(dec_dp)]
|52449.11|26011.53| op = [228, 350, 222, 242, 408, 217]| tp = [1, 1, 1, 1, 1, 1, ] | dp = [1, 2, 2, 1, 1, 1, ] | algo = [0, 0, 0, 0, 0, 0, ] | rc = [36, 34, 0, 6, 34, 0] | gpus = [1, 2, 2, 1, 1, 1] | micro_bs = 2 | time = [31409, 30477, 18613, 29313, 52449, 30817] | memory = [23910, 22744, 18146, 26011, 24023, 10589]
>>>> [CONFIG: target(4), prim(dec_op)]
|32732.58|26299.46| op = [228, 350, 351, 250, 271, 217]| tp = [1, 1, 1, 1, 1, 1, ] | dp = [1, 2, 2, 1, 1, 1, ] | algo = [0, 0, 0, 0, 0, 0, ] | rc = [36, 34, 8, 12, 0, 0] | gpus = [1, 2, 2, 1, 1, 1] | micro_bs = 2 | time = [31396, 30464, 29448, 31522, 32732, 30804] | memory = [23910, 22744, 26299, 25157, 22298, 10589]
>>>> [CONFIG: target(4), prim(inc_mbs)]
|29203.43|26935.07| op = [228, 350, 351, 250, 271, 217]| tp = [1, 1, 1, 1, 1, 1, ] | dp = [1, 2, 2, 1, 1, 1, ] | algo = [0, 0, 0, 0, 0, 0, ] | rc = [62, 67, 53, 38, 42, 0] | gpus = [1, 2, 2, 1, 1, 1] | micro_bs = 4 | time = [27073, 24633, 24147, 27042, 29203, 24958] | memory = [26865, 26880, 25958, 26935, 19977, 19974]

[ Trial 5 ] |29203.43|26935.07| op = [228, 350, 351, 250, 271, 217]| tp = [1, 1, 1, 1, 1, 1, ] | dp = [1, 2, 2, 1, 1, 1, ] | algo = [0, 0, 0, 0, 0, 0, ] | rc = [62, 67, 53, 38, 42, 0] | gpus = [1, 2, 2, 1, 1, 1] | micro_bs = 4 | time = [27073, 24633, 24147, 27042, 29203, 24958] | memory = [26865, 26880, 25958, 26935, 19977, 19974]
>>>> [CONFIG: target(4), prim(dec_op)]
|26042.40|26978.53| op = [220, 359, 376, 241, 244, 227]| tp = [1, 1, 1, 1, 1, 1, ] | dp = [1, 2, 2, 1, 1, 1, ] | algo = [0, 0, 0, 0, 0, 0, ] | rc = [58, 68, 59, 36, 34, 0] | gpus = [1, 2, 2, 1, 1, 1] | micro_bs = 4 | time = [25783, 25274, 25716, 25885, 26011, 26042] | memory = [26476, 26978, 26775, 25934, 20436, 20974]

[ Trial 6 ] |26042.40|26978.53| op = [220, 359, 376, 241, 244, 227]| tp = [1, 1, 1, 1, 1, 1, ] | dp = [1, 2, 2, 1, 1, 1, ] | algo = [0, 0, 0, 0, 0, 0, ] | rc = [58, 68, 59, 36, 34, 0] | gpus = [1, 2, 2, 1, 1, 1] | micro_bs = 4 | time = [25783, 25274, 25716, 25885, 26011, 26042] | memory = [26476, 26978, 26775, 25934, 20436, 20974]
>>>> [CONFIG: target(5), prim(dec_op)]
|25967.56|26978.53| op = [220, 359, 383, 239, 241, 225]| tp = [1, 1, 1, 1, 1, 1, ] | dp = [1, 2, 2, 1, 1, 1, ] | algo = [0, 0, 0, 0, 0, 0, ] | rc = [58, 68, 58, 36, 34, 0] | gpus = [1, 2, 2, 1, 1, 1] | micro_bs = 4 | time = [25783, 25274, 25832, 25958, 25899, 25967] | memory = [26476, 26978, 26259, 25718, 20480, 20918]

[ Trial 7 ] |25967.56|26978.53| op = [220, 359, 383, 239, 241, 225]| tp = [1, 1, 1, 1, 1, 1, ] | dp = [1, 2, 2, 1, 1, 1, ] | algo = [0, 0, 0, 0, 0, 0, ] | rc = [58, 68, 58, 36, 34, 0] | gpus = [1, 2, 2, 1, 1, 1] | micro_bs = 4 | time = [25783, 25274, 25832, 25958, 25899, 25967] | memory = [26476, 26978, 26259, 25718, 20480, 20918]
>>>> [CONFIG: target(5), prim(inc_mbs)]
|27931.37|26873.05| op = [220, 359, 383, 239, 241, 225]| tp = [1, 1, 1, 1, 1, 1, ] | dp = [1, 2, 2, 1, 1, 1, ] | algo = [0, 0, 0, 0, 0, 0, ] | rc = [114, 110, 106, 68, 56, 34] | gpus = [1, 2, 2, 1, 1, 1] | micro_bs = 8 | time = [26495, 22124, 22842, 27376, 26588, 27931] | memory = [26777, 26873, 26770, 26497, 26765, 22172]
>>>> [CONFIG: target(5), prim(dec_op)]
|25148.24|26991.87| op = [207, 398, 414, 219, 225, 204]| tp = [1, 1, 1, 1, 1, 1, ] | dp = [1, 2, 2, 1, 1, 1, ] | algo = [0, 0, 0, 0, 0, 0, ] | rc = [101, 124, 122, 60, 50, 26] | gpus = [1, 2, 2, 1, 1, 1] | micro_bs = 8 | time = [24824, 24493, 24899, 24786, 24882, 25148] | memory = [26968, 26898, 26991, 26796, 26808, 22904]

[ Trial 8 ] |25148.24|26991.87| op = [207, 398, 414, 219, 225, 204]| tp = [1, 1, 1, 1, 1, 1, ] | dp = [1, 2, 2, 1, 1, 1, ] | algo = [0, 0, 0, 0, 0, 0, ] | rc = [101, 124, 122, 60, 50, 26] | gpus = [1, 2, 2, 1, 1, 1] | micro_bs = 8 | time = [24824, 24493, 24899, 24786, 24882, 25148] | memory = [26968, 26898, 26991, 26796, 26808, 22904]
>>>> [CONFIG: target(5), prim(inc_dp)]
|48661.94|26991.87| op = [207, 398, 414, 219, 225, 204]| tp = [1, 1, 1, 1, 1, 1, ] | dp = [1, 1, 2, 1, 1, 2, ] | algo = [0, 0, 0, 0, 0, 0, ] | rc = [101, 337, 122, 60, 50, 0] | gpus = [1, 1, 2, 1, 1, 2] | micro_bs = 8 | time = [24915, 48661, 24990, 24877, 24974, 12753] | memory = [26968, 26836, 26991, 26796, 26808, 18942]
>>>> [CONFIG: target(1), prim(dec_op)]
|33795.10|26970.25| op = [207, 278, 469, 251, 258, 204]| tp = [1, 1, 1, 1, 1, 1, ] | dp = [1, 1, 2, 1, 1, 2, ] | algo = [0, 0, 0, 0, 0, 0, ] | rc = [101, 189, 145, 78, 62, 0] | gpus = [1, 1, 2, 1, 1, 2] | micro_bs = 8 | time = [24889, 33795, 28808, 29018, 28398, 12726] | memory = [26968, 26538, 26833, 26970, 26518, 18942]
>>>> [CONFIG: target(1), prim(dec_op)]
|27396.76|26968.37| op = [207, 226, 449, 208, 215, 362]| tp = [1, 1, 1, 1, 1, 1, ] | dp = [1, 1, 2, 1, 1, 2, ] | algo = [0, 0, 0, 0, 0, 0, ] | rc = [101, 112, 137, 56, 44, 28] | gpus = [1, 1, 2, 1, 1, 2] | micro_bs = 8 | time = [24812, 27057, 27396, 23484, 23383, 21282] | memory = [26968, 26857, 26837, 25980, 26516, 24679]
>>>> [CONFIG: target(2), prim(dec_dp)]
|54627.74|26968.37| op = [207, 226, 449, 208, 215, 362]| tp = [1, 1, 1, 1, 1, 1, ] | dp = [1, 1, 1, 1, 2, 2, ] | algo = [0, 0, 0, 0, 0, 0, ] | rc = [101, 112, 370, 56, 20, 28] | gpus = [1, 1, 1, 1, 2, 2] | micro_bs = 8 | time = [24935, 27180, 54627, 23607, 12054, 21405] | memory = [26968, 26857, 26305, 25980, 23384, 24679]
>>>> [CONFIG: target(2), prim(dec_op)]
|27061.55|26988.18| op = [207, 226, 208, 209, 432, 385]| tp = [1, 1, 1, 1, 1, 1, ] | dp = [1, 1, 1, 1, 2, 2, ] | algo = [0, 0, 0, 0, 0, 0, ] | rc = [101, 112, 78, 61, 88, 34] | gpus = [1, 1, 1, 1, 2, 2] | micro_bs = 8 | time = [24816, 27061, 24805, 24284, 24606, 22383] | memory = [26968, 26857, 26896, 26988, 26988, 24163]
>>>> [CONFIG: target(1), prim(dec_op)]
|24796.89|26968.37| op = [207, 208, 212, 210, 427, 403]| tp = [1, 1, 1, 1, 1, 1, ] | dp = [1, 1, 1, 1, 2, 2, ] | algo = [0, 0, 0, 0, 0, 0, ] | rc = [101, 82, 66, 62, 84, 44] | gpus = [1, 1, 1, 1, 2, 2] | micro_bs = 8 | time = [24796, 24392, 24167, 24147, 24032, 23798] | memory = [26968, 26852, 26764, 26892, 26952, 23183]

[ Trial 9 ] |24796.89|26968.37| op = [207, 208, 212, 210, 427, 403]| tp = [1, 1, 1, 1, 1, 1, ] | dp = [1, 1, 1, 1, 2, 2, ] | algo = [0, 0, 0, 0, 0, 0, ] | rc = [101, 82, 66, 62, 84, 44] | gpus = [1, 1, 1, 1, 2, 2] | micro_bs = 8 | time = [24796, 24392, 24167, 24147, 24032, 23798] | memory = [26968, 26852, 26764, 26892, 26952, 23183]
>>>> [CONFIG: target(0), prim(dec_op)]
|24796.04|26968.37| op = [207, 208, 211, 210, 427, 404]| tp = [1, 1, 1, 1, 1, 1, ] | dp = [1, 1, 1, 1, 2, 2, ] | algo = [0, 0, 0, 0, 0, 0, ] | rc = [101, 82, 64, 58, 83, 44] | gpus = [1, 1, 1, 1, 2, 2] | micro_bs = 8 | time = [24796, 24391, 24033, 24073, 24093, 23835] | memory = [26968, 26852, 26816, 25992, 26956, 23203]

[ Trial 10 ] |24796.04|26968.37| op = [207, 208, 211, 210, 427, 404]| tp = [1, 1, 1, 1, 1, 1, ] | dp = [1, 1, 1, 1, 2, 2, ] | algo = [0, 0, 0, 0, 0, 0, ] | rc = [101, 82, 64, 58, 83, 44] | gpus = [1, 1, 1, 1, 2, 2] | micro_bs = 8 | time = [24796, 24391, 24033, 24073, 24093, 23835] | memory = [26968, 26852, 26816, 25992, 26956, 23203]
>>>> [CONFIG: target(0), prim(dec_mbs)]
|27882.66|26984.18| op = [207, 208, 211, 210, 427, 404]| tp = [1, 1, 1, 1, 1, 1, ] | dp = [1, 1, 1, 1, 2, 2, ] | algo = [0, 0, 0, 0, 0, 0, ] | rc = [54, 46, 40, 32, 42, 0] | gpus = [1, 1, 1, 1, 2, 2] | micro_bs = 4 | time = [24125, 23596, 22981, 22966, 27882, 27025] | memory = [26860, 26769, 26984, 23113, 22872, 18593]
>>>> [CONFIG: target(4), prim(dec_dp)]
|46789.26|26984.18| op = [207, 208, 211, 210, 427, 404]| tp = [1, 1, 1, 1, 1, 1, ] | dp = [1, 1, 1, 2, 1, 2, ] | algo = [0, 0, 0, 0, 0, 0, ] | rc = [54, 46, 40, 0, 83, 0] | gpus = [1, 1, 1, 2, 1, 2] | micro_bs = 4 | time = [24161, 23632, 23017, 13297, 46789, 27061] | memory = [26860, 26769, 26984, 25482, 26956, 18593]
>>>> [CONFIG: target(4), prim(inc_tp)]
|69929.72|26984.18| op = [207, 208, 211, 210, 427, 404]| tp = [1, 1, 1, 1, 2, 1, ] | dp = [1, 1, 1, 1, 1, 2, ] | algo = [0, 0, 0, 0, 0, 0, ] | rc = [54, 46, 40, 32, 46, 0] | gpus = [1, 1, 1, 1, 2, 2] | micro_bs = 4 | time = [24289, 23761, 23146, 23130, 69929, 27189] | memory = [26860, 26769, 26984, 23113, 22794, 18593]
>>>> [CONFIG: target(4), prim(dec_op)]
|36319.18|26984.18| op = [207, 208, 211, 271, 210, 560]| tp = [1, 1, 1, 1, 2, 1, ] | dp = [1, 1, 1, 1, 1, 2, ] | algo = [0, 0, 0, 0, 0, 0, ] | rc = [54, 46, 40, 48, 0, 0] | gpus = [1, 1, 1, 1, 2, 2] | micro_bs = 4 | time = [24209, 23680, 23065, 29727, 33468, 36319] | memory = [26860, 26769, 26984, 26515, 17740, 25074]
>>>> [CONFIG: target(5), prim(dec_op)]
|36314.97|26860.09| op = [207, 208, 242, 269, 181, 560]| tp = [1, 1, 1, 1, 2, 1, ] | dp = [1, 1, 1, 1, 1, 2, ] | algo = [0, 0, 0, 0, 0, 0, ] | rc = [54, 46, 52, 44, 0, 0] | gpus = [1, 1, 1, 1, 2, 2] | micro_bs = 4 | time = [24204, 23676, 27521, 28699, 28955, 36314] | memory = [26860, 26769, 26645, 26551, 15549, 25074]
>>>> [CONFIG: target(5), prim(inc_mbs)]
|32790.54|26968.37| op = [207, 208, 242, 269, 181, 560]| tp = [1, 1, 1, 1, 1, 1, ] | dp = [1, 1, 1, 1, 2, 2, ] | algo = [0, 0, 0, 0, 0, 0, ] | rc = [101, 82, 84, 78, 8, 86] | gpus = [1, 1, 1, 1, 2, 2] | micro_bs = 8 | time = [24832, 24428, 28335, 29990, 9748, 32790] | memory = [26968, 26852, 26798, 25983, 25479, 23493]
>>>> [CONFIG: target(5), prim(dec_op)]
|24791.16|26988.18| op = [207, 208, 212, 208, 428, 404]| tp = [1, 1, 1, 1, 1, 1, ] | dp = [1, 1, 1, 1, 2, 2, ] | algo = [0, 0, 0, 0, 0, 0, ] | rc = [101, 82, 66, 60, 82, 44] | gpus = [1, 1, 1, 1, 2, 2] | micro_bs = 8 | time = [24791, 24386, 24162, 23388, 24015, 23830] | memory = [26968, 26852, 26764, 26892, 26988, 23203]

[ Trial 11 ] |24791.16|26988.18| op = [207, 208, 212, 208, 428, 404]| tp = [1, 1, 1, 1, 1, 1, ] | dp = [1, 1, 1, 1, 2, 2, ] | algo = [0, 0, 0, 0, 0, 0, ] | rc = [101, 82, 66, 60, 82, 44] | gpus = [1, 1, 1, 1, 2, 2] | micro_bs = 8 | time = [24791, 24386, 24162, 23388, 24015, 23830] | memory = [26968, 26852, 26764, 26892, 26988, 23203]
>>>> [CONFIG: target(0), prim(dec_mbs)]
|27882.83|26860.09| op = [207, 208, 212, 208, 428, 404]| tp = [1, 1, 1, 1, 1, 1, ] | dp = [1, 1, 1, 1, 2, 2, ] | algo = [0, 0, 0, 0, 0, 0, ] | rc = [54, 46, 38, 32, 42, 0] | gpus = [1, 1, 1, 1, 2, 2] | micro_bs = 4 | time = [24124, 23595, 23170, 22468, 27882, 27023] | memory = [26860, 26769, 26324, 22309, 22888, 18593]
>>>> [CONFIG: target(4), prim(dec_dp)]
|46641.17|26988.18| op = [207, 208, 212, 208, 428, 404]| tp = [1, 1, 1, 1, 1, 1, ] | dp = [1, 1, 1, 2, 1, 2, ] | algo = [0, 0, 0, 0, 0, 0, ] | rc = [54, 46, 38, 0, 82, 0] | gpus = [1, 1, 1, 2, 1, 2] | micro_bs = 4 | time = [24160, 23631, 23206, 12996, 46641, 27060] | memory = [26860, 26769, 26324, 25074, 26988, 18593]
>>>> [CONFIG: target(4), prim(inc_mbs)]
|48176.53|26968.37| op = [207, 208, 212, 208, 428, 404]| tp = [1, 1, 1, 1, 1, 1, ] | dp = [1, 1, 1, 2, 1, 2, ] | algo = [0, 0, 0, 0, 0, 0, ] | rc = [101, 82, 66, 32, 130, 44] | gpus = [1, 1, 1, 2, 1, 2] | micro_bs = 8 | time = [24890, 24486, 24261, 12094, 48176, 23930] | memory = [26968, 26852, 26764, 22309, 26932, 23203]
>>>> [CONFIG: target(4), prim(dec_op)]
|25133.60|26968.37| op = [207, 208, 212, 405, 231, 404]| tp = [1, 1, 1, 1, 1, 1, ] | dp = [1, 1, 1, 2, 1, 2, ] | algo = [0, 0, 0, 0, 0, 0, ] | rc = [101, 82, 66, 104, 56, 44] | gpus = [1, 1, 1, 2, 1, 2] | micro_bs = 8 | time = [24804, 24400, 24175, 24041, 25133, 23844] | memory = [26968, 26852, 26764, 26963, 26877, 23203]
>>>> [CONFIG: target(4), prim(dec_op)]
|24605.86|26963.53| op = [205, 208, 214, 405, 221, 414]| tp = [1, 1, 1, 1, 1, 1, ] | dp = [1, 1, 1, 2, 1, 2, ] | algo = [0, 0, 0, 0, 0, 0, ] | rc = [98, 80, 64, 104, 48, 50] | gpus = [1, 1, 1, 2, 1, 2] | micro_bs = 8 | time = [24605, 24304, 24329, 24040, 24452, 24598] | memory = [26856, 26932, 25564, 26963, 26712, 22472]

[ Trial 12 ] |24605.86|26963.53| op = [205, 208, 214, 405, 221, 414]| tp = [1, 1, 1, 1, 1, 1, ] | dp = [1, 1, 1, 2, 1, 2, ] | algo = [0, 0, 0, 0, 0, 0, ] | rc = [98, 80, 64, 104, 48, 50] | gpus = [1, 1, 1, 2, 1, 2] | micro_bs = 8 | time = [24605, 24304, 24329, 24040, 24452, 24598] | memory = [26856, 26932, 25564, 26963, 26712, 22472]
>>>> [CONFIG: target(0), prim(dec_mbs)]
|27690.61|26652.09| op = [205, 208, 214, 405, 221, 414]| tp = [1, 1, 1, 1, 1, 1, ] | dp = [1, 1, 1, 2, 1, 2, ] | algo = [0, 0, 0, 0, 0, 0, ] | rc = [52, 46, 38, 62, 24, 0] | gpus = [1, 1, 1, 2, 1, 2] | micro_bs = 4 | time = [23948, 23531, 23249, 27690, 23438, 27637] | memory = [26652, 26649, 26500, 21825, 22852, 19110]
>>>> [CONFIG: target(3), prim(dec_dp)]
|46672.06|26963.53| op = [205, 208, 214, 405, 221, 414]| tp = [1, 1, 1, 1, 1, 1, ] | dp = [1, 1, 1, 1, 2, 2, ] | algo = [0, 0, 0, 0, 0, 0, ] | rc = [52, 46, 38, 104, 0, 0] | gpus = [1, 1, 1, 1, 2, 2] | micro_bs = 4 | time = [23985, 23568, 23286, 46672, 14009, 27674] | memory = [26652, 26649, 26500, 26963, 18458, 19110]
>>>> [CONFIG: target(3), prim(dec_op)]
|27635.96|26652.09| op = [205, 208, 214, 243, 383, 414]| tp = [1, 1, 1, 1, 1, 1, ] | dp = [1, 1, 1, 1, 2, 2, ] | algo = [0, 0, 0, 0, 0, 0, ] | rc = [52, 46, 38, 38, 22, 0] | gpus = [1, 1, 1, 1, 2, 2] | micro_bs = 4 | time = [23947, 23530, 23248, 26353, 24476, 27635] | memory = [26652, 26649, 26500, 25942, 24899, 19110]
>>>> [CONFIG: target(5), prim(dec_dp)]
|47796.16|26652.09| op = [205, 208, 214, 243, 383, 414]| tp = [1, 1, 1, 1, 1, 1, ] | dp = [1, 1, 2, 1, 2, 1, ] | algo = [0, 0, 0, 0, 0, 0, ] | rc = [52, 46, 18, 38, 22, 50] | gpus = [1, 1, 2, 1, 2, 1] | micro_bs = 4 | time = [23989, 23573, 14058, 26396, 24519, 47796] | memory = [26652, 26649, 23128, 25942, 24899, 22472]
>>>> [CONFIG: target(5), prim(inc_tp)]
|68544.07|26652.09| op = [205, 208, 214, 243, 383, 414]| tp = [1, 1, 1, 1, 1, 2, ] | dp = [1, 1, 1, 1, 2, 1, ] | algo = [0, 0, 0, 0, 0, 0, ] | rc = [52, 46, 38, 38, 22, 0] | gpus = [1, 1, 1, 1, 2, 2] | micro_bs = 4 | time = [24106, 23690, 23408, 26513, 24636, 68544] | memory = [26652, 26649, 26500, 25942, 24899, 19054]
>>>> [CONFIG: target(5), prim(inc_mbs)]
|27719.90|26937.88| op = [205, 208, 214, 243, 383, 414]| tp = [1, 1, 1, 1, 1, 1, ] | dp = [1, 1, 1, 1, 2, 2, ] | algo = [0, 0, 0, 0, 0, 0, ] | rc = [98, 80, 64, 70, 62, 50] | gpus = [1, 1, 1, 1, 2, 2] | micro_bs = 8 | time = [24610, 24309, 24334, 27719, 21392, 24603] | memory = [26856, 26932, 25564, 26937, 26875, 22472]
>>>> [CONFIG: target(3), prim(dec_op)]
|24594.83|26932.00| op = [205, 208, 214, 208, 418, 414]| tp = [1, 1, 1, 1, 1, 1, ] | dp = [1, 1, 1, 1, 2, 2, ] | algo = [0, 0, 0, 0, 0, 0, ] | rc = [98, 80, 64, 60, 78, 50] | gpus = [1, 1, 1, 1, 2, 2] | micro_bs = 8 | time = [24594, 24293, 24318, 23390, 23679, 24587] | memory = [26856, 26932, 25564, 26892, 26759, 22472]

[ Trial 13 ] |24594.83|26932.00| op = [205, 208, 214, 208, 418, 414]| tp = [1, 1, 1, 1, 1, 1, ] | dp = [1, 1, 1, 1, 2, 2, ] | algo = [0, 0, 0, 0, 0, 0, ] | rc = [98, 80, 64, 60, 78, 50] | gpus = [1, 1, 1, 1, 2, 2] | micro_bs = 8 | time = [24594, 24293, 24318, 23390, 23679, 24587] | memory = [26856, 26932, 25564, 26892, 26759, 22472]
>>>> [CONFIG: target(0), prim(dec_op)]
|24591.54|26948.06| op = [205, 208, 214, 208, 426, 406]| tp = [1, 1, 1, 1, 1, 1, ] | dp = [1, 1, 1, 1, 2, 2, ] | algo = [0, 0, 0, 0, 0, 0, ] | rc = [98, 80, 64, 60, 82, 44] | gpus = [1, 1, 1, 1, 2, 2] | micro_bs = 8 | time = [24591, 24290, 24315, 23387, 23984, 23858] | memory = [26856, 26932, 25564, 26892, 26948, 23224]

[ Trial 14 ] |24591.54|26948.06| op = [205, 208, 214, 208, 426, 406]| tp = [1, 1, 1, 1, 1, 1, ] | dp = [1, 1, 1, 1, 2, 2, ] | algo = [0, 0, 0, 0, 0, 0, ] | rc = [98, 80, 64, 60, 82, 44] | gpus = [1, 1, 1, 1, 2, 2] | micro_bs = 8 | time = [24591, 24290, 24315, 23387, 23984, 23858] | memory = [26856, 26932, 25564, 26892, 26948, 23224]
>>>> [CONFIG: target(0), prim(dec_op)]
|24590.45|26948.06| op = [205, 208, 208, 214, 426, 406]| tp = [1, 1, 1, 1, 1, 1, ] | dp = [1, 1, 1, 1, 2, 2, ] | algo = [0, 0, 0, 0, 0, 0, ] | rc = [98, 80, 62, 56, 82, 44] | gpus = [1, 1, 1, 1, 2, 2] | micro_bs = 8 | time = [24590, 24288, 23857, 23704, 23983, 23857] | memory = [26856, 26932, 26640, 26576, 26948, 23224]

[ Trial 15 ] |24590.45|26948.06| op = [205, 208, 208, 214, 426, 406]| tp = [1, 1, 1, 1, 1, 1, ] | dp = [1, 1, 1, 1, 2, 2, ] | algo = [0, 0, 0, 0, 0, 0, ] | rc = [98, 80, 62, 56, 82, 44] | gpus = [1, 1, 1, 1, 2, 2] | micro_bs = 8 | time = [24590, 24288, 23857, 23704, 23983, 23857] | memory = [26856, 26932, 26640, 26576, 26948, 23224]
>>>> [CONFIG: target(0), prim(inc_dp)]
|48056.12|26960.08| op = [205, 208, 208, 214, 426, 406]| tp = [1, 1, 1, 1, 1, 1, ] | dp = [2, 1, 1, 1, 2, 1, ] | algo = [0, 0, 0, 0, 0, 0, ] | rc = [52, 80, 62, 56, 82, 94] | gpus = [2, 1, 1, 1, 2, 1] | micro_bs = 8 | time = [12823, 24385, 23953, 23800, 24079, 48056] | memory = [26652, 26932, 26640, 26576, 26948, 26960]
>>>> [CONFIG: target(5), prim(dec_op)]
|33158.38|26945.55| op = [205, 208, 217, 253, 503, 281]| tp = [1, 1, 1, 1, 1, 1, ] | dp = [2, 1, 1, 1, 2, 1, ] | algo = [0, 0, 0, 0, 0, 0, ] | rc = [52, 80, 93, 74, 114, 42] | gpus = [2, 1, 1, 1, 2, 1] | micro_bs = 8 | time = [12799, 24362, 25928, 28854, 28896, 33158] | memory = [26652, 26932, 26844, 26266, 26945, 25765]
>>>> [CONFIG: target(5), prim(inc_dp)]
|28856.09|26945.55| op = [205, 208, 217, 253, 503, 281]| tp = [1, 1, 1, 1, 1, 1, ] | dp = [1, 1, 1, 1, 2, 2, ] | algo = [0, 0, 0, 0, 0, 0, ] | rc = [98, 80, 93, 74, 114, 0] | gpus = [1, 1, 1, 1, 2, 2] | micro_bs = 8 | time = [24623, 24322, 25889, 28814, 28856, 16179] | memory = [26856, 26932, 26844, 26266, 26945, 25122]
>>>> [CONFIG: target(4), prim(dec_op)]
|25870.51|26932.00| op = [205, 208, 217, 218, 441, 378]| tp = [1, 1, 1, 1, 1, 1, ] | dp = [1, 1, 1, 1, 2, 2, ] | algo = [0, 0, 0, 0, 0, 0, ] | rc = [98, 80, 93, 58, 86, 34] | gpus = [1, 1, 1, 1, 2, 2] | micro_bs = 8 | time = [24605, 24303, 25870, 24378, 24841, 22224] | memory = [26856, 26932, 26844, 26796, 26892, 24019]
>>>> [CONFIG: target(2), prim(dec_op)]
|24590.30|26932.00| op = [205, 208, 208, 214, 423, 409]| tp = [1, 1, 1, 1, 1, 1, ] | dp = [1, 1, 1, 1, 2, 2, ] | algo = [0, 0, 0, 0, 0, 0, ] | rc = [98, 80, 62, 56, 80, 44] | gpus = [1, 1, 1, 1, 2, 2] | micro_bs = 8 | time = [24590, 24288, 23857, 23704, 23877, 23944] | memory = [26856, 26932, 26640, 26576, 26836, 23328]
working on num_stages = 8
config has been saved to /home/liminglong.lml/sxz/SuperScaler/logs-large/aceso/configs/scale-layer/128layers/scale-layer_128layers_8stages_2026-5-16-3-15-59.json

========== Best Result (num_stages = 8) ==========
|24314.17|26968.19| op = [200, 205, 208, 201, 210, 220, 228, 195]| tp = [1, 1, 1, 1, 1, 1, 1, 1, ] | dp = [1, 1, 1, 1, 1, 1, 1, 1, ] | algo = [0, 0, 0, 0, 0, 0, 0, 0, ] | rc = [58, 58, 52, 46, 38, 34, 24, 0] | gpus = [1, 1, 1, 1, 1, 1, 1, 1] | micro_bs = 4 | time = [24314, 24300, 24148, 23387, 22998, 23912, 23433, 23496] | memory = [25963, 26793, 26795, 26057, 26968, 23510, 22616, 18765]
start|39654.60|25791.59| op = [208, 208, 208, 208, 208, 208, 208, 211]| tp = [1, 1, 1, 1, 1, 1, 1, 1, ] | dp = [1, 1, 1, 1, 1, 1, 1, 1, ] | algo = [0, 0, 0, 0, 0, 0, 0, 0, ] | rc = [16, 6, 0, 0, 0, 0, 0, 0] | gpus = [1, 1, 1, 1, 1, 1, 1, 1] | micro_bs = 1 | time = [36110, 34770, 34182, 34182, 34182, 34182, 34182, 39654] | memory = [23924, 25791, 24731, 20790, 16850, 12909, 8969, 5833]

[ Trial 0 ] |39654.60|25791.59| op = [208, 208, 208, 208, 208, 208, 208, 211]| tp = [1, 1, 1, 1, 1, 1, 1, 1, ] | dp = [1, 1, 1, 1, 1, 1, 1, 1, ] | algo = [0, 0, 0, 0, 0, 0, 0, 0, ] | rc = [16, 6, 0, 0, 0, 0, 0, 0] | gpus = [1, 1, 1, 1, 1, 1, 1, 1] | micro_bs = 1 | time = [36110, 34770, 34182, 34182, 34182, 34182, 34182, 39654] | memory = [23924, 25791, 24731, 20790, 16850, 12909, 8969, 5833]
>>>> [CONFIG: target(7), prim(inc_mbs)]
|30480.01|26312.06| op = [208, 208, 208, 208, 208, 208, 208, 211]| tp = [1, 1, 1, 1, 1, 1, 1, 1, ] | dp = [1, 1, 1, 1, 1, 1, 1, 1, ] | algo = [0, 0, 0, 0, 0, 0, 0, 0, ] | rc = [36, 32, 32, 30, 16, 0, 0, 0] | gpus = [1, 1, 1, 1, 1, 1, 1, 1] | micro_bs = 2 | time = [28823, 28205, 28205, 28020, 26719, 25233, 25233, 30480] | memory = [26312, 24606, 21333, 19500, 24003, 25050, 17169, 10503]

[ Trial 1 ] |30480.01|26312.06| op = [208, 208, 208, 208, 208, 208, 208, 211]| tp = [1, 1, 1, 1, 1, 1, 1, 1, ] | dp = [1, 1, 1, 1, 1, 1, 1, 1, ] | algo = [0, 0, 0, 0, 0, 0, 0, 0, ] | rc = [36, 32, 32, 30, 16, 0, 0, 0] | gpus = [1, 1, 1, 1, 1, 1, 1, 1] | micro_bs = 2 | time = [28823, 28205, 28205, 28020, 26719, 25233, 25233, 30480] | memory = [26312, 24606, 21333, 19500, 24003, 25050, 17169, 10503]
>>>> [CONFIG: target(7), prim(inc_mbs)]
|24891.63|26973.89| op = [208, 208, 208, 208, 208, 208, 208, 211]| tp = [1, 1, 1, 1, 1, 1, 1, 1, ] | dp = [1, 1, 1, 1, 1, 1, 1, 1, ] | algo = [0, 0, 0, 0, 0, 0, 0, 0, ] | rc = [60, 58, 52, 46, 38, 32, 18, 0] | gpus = [1, 1, 1, 1, 1, 1, 1, 1] | micro_bs = 4 | time = [24891, 24493, 24144, 23677, 22934, 22586, 21349, 24810] | memory = [26864, 26973, 26795, 26649, 26887, 22261, 23779, 19838]

[ Trial 2 ] |24891.63|26973.89| op = [208, 208, 208, 208, 208, 208, 208, 211]| tp = [1, 1, 1, 1, 1, 1, 1, 1, ] | dp = [1, 1, 1, 1, 1, 1, 1, 1, ] | algo = [0, 0, 0, 0, 0, 0, 0, 0, ] | rc = [60, 58, 52, 46, 38, 32, 18, 0] | gpus = [1, 1, 1, 1, 1, 1, 1, 1] | micro_bs = 4 | time = [24891, 24493, 24144, 23677, 22934, 22586, 21349, 24810] | memory = [26864, 26973, 26795, 26649, 26887, 22261, 23779, 19838]
>>>> [CONFIG: target(0), prim(dec_op)]
|24896.93|26864.12| op = [208, 200, 200, 209, 214, 217, 208, 211]| tp = [1, 1, 1, 1, 1, 1, 1, 1, ] | dp = [1, 1, 1, 1, 1, 1, 1, 1, ] | algo = [0, 0, 0, 0, 0, 0, 0, 0, ] | rc = [60, 54, 52, 46, 40, 34, 18, 0] | gpus = [1, 1, 1, 1, 1, 1, 1, 1] | micro_bs = 4 | time = [24896, 23879, 23718, 23781, 23947, 23884, 21354, 24815] | memory = [26864, 26405, 26055, 26825, 26452, 23390, 23779, 19838]
>>>> [CONFIG: target(0), prim(dec_mbs)]
|30482.14|26497.07| op = [208, 200, 200, 209, 214, 217, 208, 211]| tp = [1, 1, 1, 1, 1, 1, 1, 1, ] | dp = [1, 1, 1, 1, 1, 1, 1, 1, ] | algo = [0, 0, 0, 0, 0, 0, 0, 0, ] | rc = [36, 30, 32, 30, 18, 0, 0, 0] | gpus = [1, 1, 1, 1, 1, 1, 1, 1] | micro_bs = 2 | time = [28825, 27417, 27571, 28138, 27816, 26542, 25235, 30482] | memory = [26312, 24192, 20941, 19596, 23608, 26497, 17169, 10503]
>>>> [CONFIG: target(7), prim(dec_op)]
|28826.63|26497.07| op = [208, 200, 200, 209, 214, 217, 227, 192]| tp = [1, 1, 1, 1, 1, 1, 1, 1, ] | dp = [1, 1, 1, 1, 1, 1, 1, 1, ] | algo = [0, 0, 0, 0, 0, 0, 0, 0, ] | rc = [36, 30, 32, 30, 18, 0, 0, 0] | gpus = [1, 1, 1, 1, 1, 1, 1, 1] | micro_bs = 2 | time = [28826, 27418, 27572, 28139, 27817, 26543, 27932, 28292] | memory = [26312, 24192, 20941, 19596, 23608, 26497, 19090, 9640]
>>>> [CONFIG: target(0), prim(dec_op)]
|28827.62|26959.16| op = [208, 200, 200, 209, 214, 222, 222, 192]| tp = [1, 1, 1, 1, 1, 1, 1, 1, ] | dp = [1, 1, 1, 1, 1, 1, 1, 1, ] | algo = [0, 0, 0, 0, 0, 0, 0, 0, ] | rc = [36, 30, 32, 30, 18, 0, 0, 0] | gpus = [1, 1, 1, 1, 1, 1, 1, 1] | micro_bs = 2 | time = [28827, 27419, 27573, 28140, 27818, 27477, 27505, 28293] | memory = [26312, 24192, 20941, 19596, 23608, 26959, 19034, 9640]
>>>> [CONFIG: target(0), prim(dec_op)]
|28291.57|26983.16| op = [200, 205, 203, 206, 216, 223, 222, 192]| tp = [1, 1, 1, 1, 1, 1, 1, 1, ] | dp = [1, 1, 1, 1, 1, 1, 1, 1, ] | algo = [0, 0, 0, 0, 0, 0, 0, 0, ] | rc = [32, 32, 32, 30, 18, 0, 0, 0] | gpus = [1, 1, 1, 1, 1, 1, 1, 1] | micro_bs = 2 | time = [27825, 27889, 27890, 27913, 27479, 27478, 27504, 28291] | memory = [26867, 24510, 21025, 19450, 23168, 26983, 19034, 9640]
>>>> [CONFIG: target(7), prim(inc_mbs)]
|24599.73|26793.89| op = [200, 205, 203, 206, 216, 223, 222, 192]| tp = [1, 1, 1, 1, 1, 1, 1, 1, ] | dp = [1, 1, 1, 1, 1, 1, 1, 1, ] | algo = [0, 0, 0, 0, 0, 0, 0, 0, ] | rc = [58, 58, 52, 46, 38, 34, 28, 0] | gpus = [1, 1, 1, 1, 1, 1, 1, 1] | micro_bs = 4 | time = [24320, 24306, 23920, 23627, 23464, 24599, 24168, 23160] | memory = [25963, 26793, 26211, 26549, 26580, 24350, 21700, 18173]

[ Trial 3 ] |24599.73|26793.89| op = [200, 205, 203, 206, 216, 223, 222, 192]| tp = [1, 1, 1, 1, 1, 1, 1, 1, ] | dp = [1, 1, 1, 1, 1, 1, 1, 1, ] | algo = [0, 0, 0, 0, 0, 0, 0, 0, ] | rc = [58, 58, 52, 46, 38, 34, 28, 0] | gpus = [1, 1, 1, 1, 1, 1, 1, 1] | micro_bs = 4 | time = [24320, 24306, 23920, 23627, 23464, 24599, 24168, 23160] | memory = [25963, 26793, 26211, 26549, 26580, 24350, 21700, 18173]
>>>> [CONFIG: target(5), prim(dec_op)]
|24314.94|26793.89| op = [200, 205, 203, 206, 216, 221, 221, 195]| tp = [1, 1, 1, 1, 1, 1, 1, 1, ] | dp = [1, 1, 1, 1, 1, 1, 1, 1, ] | algo = [0, 0, 0, 0, 0, 0, 0, 0, ] | rc = [58, 58, 52, 46, 38, 34, 24, 0] | gpus = [1, 1, 1, 1, 1, 1, 1, 1] | micro_bs = 4 | time = [24314, 24301, 23915, 23622, 23459, 23983, 23100, 23497] | memory = [25963, 26793, 26211, 26549, 26580, 23582, 22372, 18765]

[ Trial 4 ] |24314.94|26793.89| op = [200, 205, 203, 206, 216, 221, 221, 195]| tp = [1, 1, 1, 1, 1, 1, 1, 1, ] | dp = [1, 1, 1, 1, 1, 1, 1, 1, ] | algo = [0, 0, 0, 0, 0, 0, 0, 0, ] | rc = [58, 58, 52, 46, 38, 34, 24, 0] | gpus = [1, 1, 1, 1, 1, 1, 1, 1] | micro_bs = 4 | time = [24314, 24301, 23915, 23622, 23459, 23983, 23100, 23497] | memory = [25963, 26793, 26211, 26549, 26580, 23582, 22372, 18765]
>>>> [CONFIG: target(0), prim(inc_mbs)]
|25421.75|26967.25| op = [200, 205, 203, 206, 216, 221, 221, 195]| tp = [1, 1, 1, 1, 1, 1, 1, 1, ] | dp = [1, 1, 1, 1, 1, 1, 1, 1, ] | algo = [0, 0, 0, 0, 0, 0, 0, 0, ] | rc = [128, 141, 96, 80, 64, 60, 46, 26] | gpus = [1, 1, 1, 1, 1, 1, 1, 1] | micro_bs = 8 | time = [25187, 25421, 24781, 24633, 24753, 25254, 24186, 25162] | memory = [25601, 25874, 26967, 26731, 25725, 26892, 26776, 22599]
>>>> [CONFIG: target(1), prim(dec_op)]
|25422.31|26967.25| op = [200, 205, 203, 206, 216, 212, 230, 195]| tp = [1, 1, 1, 1, 1, 1, 1, 1, ] | dp = [1, 1, 1, 1, 1, 1, 1, 1, ] | algo = [0, 0, 0, 0, 0, 0, 0, 0, ] | rc = [128, 141, 96, 80, 64, 60, 52, 26] | gpus = [1, 1, 1, 1, 1, 1, 1, 1] | micro_bs = 8 | time = [25188, 25422, 24781, 24634, 24754, 24879, 24633, 25163] | memory = [25601, 25874, 26967, 26731, 25725, 25980, 26953, 22599]
>>>> [CONFIG: target(1), prim(dec_mbs)]
|24314.81|26793.89| op = [200, 205, 203, 206, 216, 212, 230, 195]| tp = [1, 1, 1, 1, 1, 1, 1, 1, ] | dp = [1, 1, 1, 1, 1, 1, 1, 1, ] | algo = [0, 0, 0, 0, 0, 0, 0, 0, ] | rc = [58, 58, 52, 46, 38, 34, 24, 0] | gpus = [1, 1, 1, 1, 1, 1, 1, 1] | micro_bs = 4 | time = [24314, 24301, 23915, 23622, 23459, 23551, 23499, 23497] | memory = [25963, 26793, 26211, 26549, 26580, 23101, 22676, 18765]

[ Trial 5 ] |24314.81|26793.89| op = [200, 205, 203, 206, 216, 212, 230, 195]| tp = [1, 1, 1, 1, 1, 1, 1, 1, ] | dp = [1, 1, 1, 1, 1, 1, 1, 1, ] | algo = [0, 0, 0, 0, 0, 0, 0, 0, ] | rc = [58, 58, 52, 46, 38, 34, 24, 0] | gpus = [1, 1, 1, 1, 1, 1, 1, 1] | micro_bs = 4 | time = [24314, 24301, 23915, 23622, 23459, 23551, 23499, 23497] | memory = [25963, 26793, 26211, 26549, 26580, 23101, 22676, 18765]
>>>> [CONFIG: target(0), prim(dec_mbs)]
|28713.64|26867.82| op = [200, 205, 203, 206, 216, 212, 230, 195]| tp = [1, 1, 1, 1, 1, 1, 1, 1, ] | dp = [1, 1, 1, 1, 1, 1, 1, 1, ] | algo = [0, 0, 0, 0, 0, 0, 0, 0, ] | rc = [32, 32, 32, 30, 18, 0, 0, 0] | gpus = [1, 1, 1, 1, 1, 1, 1, 1] | micro_bs = 2 | time = [27823, 27888, 27888, 27911, 27477, 26153, 27415, 28713] | memory = [26867, 24510, 21025, 19450, 23168, 26334, 18394, 9936]
>>>> [CONFIG: target(7), prim(dec_mbs)]
|37410.78|25737.58| op = [200, 205, 203, 206, 216, 212, 230, 195]| tp = [1, 1, 1, 1, 1, 1, 1, 1, ] | dp = [1, 1, 1, 1, 1, 1, 1, 1, ] | algo = [0, 0, 0, 0, 0, 0, 0, 0, ] | rc = [12, 6, 0, 0, 0, 0, 0, 0] | gpus = [1, 1, 1, 1, 1, 1, 1, 1] | micro_bs = 1 | time = [34785, 34334, 33621, 33965, 35181, 35136, 37410, 37113] | memory = [24824, 25737, 24560, 20765, 17030, 13551, 9629, 5520]
>>>> [CONFIG: target(6), prim(dec_op)]
|37114.76|25737.58| op = [200, 205, 207, 213, 216, 213, 218, 195]| tp = [1, 1, 1, 1, 1, 1, 1, 1, ] | dp = [1, 1, 1, 1, 1, 1, 1, 1, ] | algo = [0, 0, 0, 0, 0, 0, 0, 0, ] | rc = [12, 6, 0, 0, 0, 0, 0, 0] | gpus = [1, 1, 1, 1, 1, 1, 1, 1] | micro_bs = 1 | time = [34786, 34335, 34025, 35414, 35450, 35414, 35828, 37114] | memory = [24824, 25737, 24718, 21872, 17262, 13563, 9221, 5520]
>>>> [CONFIG: target(7), prim(inc_mbs)]
|29435.19|26867.82| op = [200, 205, 207, 213, 216, 213, 218, 195]| tp = [1, 1, 1, 1, 1, 1, 1, 1, ] | dp = [1, 1, 1, 1, 1, 1, 1, 1, ] | algo = [0, 0, 0, 0, 0, 0, 0, 0, ] | rc = [32, 32, 32, 33, 18, 0, 0, 0] | gpus = [1, 1, 1, 1, 1, 1, 1, 1] | micro_bs = 2 | time = [27826, 27890, 28157, 29435, 27851, 26340, 26375, 28716] | memory = [26867, 24510, 21309, 20213, 23640, 26347, 17626, 9936]
>>>> [CONFIG: target(3), prim(dec_op)]
|28714.27|26983.16| op = [200, 205, 207, 207, 211, 222, 220, 195]| tp = [1, 1, 1, 1, 1, 1, 1, 1, ] | dp = [1, 1, 1, 1, 1, 1, 1, 1, ] | algo = [0, 0, 0, 0, 0, 0, 0, 0, ] | rc = [32, 32, 32, 30, 16, 0, 0, 0] | gpus = [1, 1, 1, 1, 1, 1, 1, 1] | micro_bs = 2 | time = [27824, 27888, 28155, 27966, 26974, 27280, 26794, 28714] | memory = [26867, 24510, 21309, 19450, 24104, 26983, 18202, 9936]
>>>> [CONFIG: target(7), prim(inc_mbs)]
|24406.48|26948.19| op = [200, 205, 207, 207, 211, 222, 220, 195]| tp = [1, 1, 1, 1, 1, 1, 1, 1, ] | dp = [1, 1, 1, 1, 1, 1, 1, 1, ] | algo = [0, 0, 0, 0, 0, 0, 0, 0, ] | rc = [58, 58, 52, 46, 40, 34, 24, 0] | gpus = [1, 1, 1, 1, 1, 1, 1, 1] | micro_bs = 4 | time = [24316, 24302, 24113, 23649, 23145, 24406, 23169, 23499] | memory = [25963, 26793, 26747, 26549, 26948, 24350, 22340, 18765]
>>>> [CONFIG: target(5), prim(dec_op)]
|24314.57|26948.19| op = [200, 205, 207, 207, 211, 221, 221, 195]| tp = [1, 1, 1, 1, 1, 1, 1, 1, ] | dp = [1, 1, 1, 1, 1, 1, 1, 1, ] | algo = [0, 0, 0, 0, 0, 0, 0, 0, ] | rc = [58, 58, 52, 46, 40, 34, 24, 0] | gpus = [1, 1, 1, 1, 1, 1, 1, 1] | micro_bs = 4 | time = [24314, 24301, 24111, 23647, 23143, 23983, 23099, 23497] | memory = [25963, 26793, 26747, 26549, 26948, 23582, 22372, 18765]

[ Trial 6 ] |24314.57|26948.19| op = [200, 205, 207, 207, 211, 221, 221, 195]| tp = [1, 1, 1, 1, 1, 1, 1, 1, ] | dp = [1, 1, 1, 1, 1, 1, 1, 1, ] | algo = [0, 0, 0, 0, 0, 0, 0, 0, ] | rc = [58, 58, 52, 46, 40, 34, 24, 0] | gpus = [1, 1, 1, 1, 1, 1, 1, 1] | micro_bs = 4 | time = [24314, 24301, 24111, 23647, 23143, 23983, 23099, 23497] | memory = [25963, 26793, 26747, 26549, 26948, 23582, 22372, 18765]
>>>> [CONFIG: target(5), prim(dec_op)]
|24314.44|26948.19| op = [200, 205, 207, 207, 211, 218, 224, 195]| tp = [1, 1, 1, 1, 1, 1, 1, 1, ] | dp = [1, 1, 1, 1, 1, 1, 1, 1, ] | algo = [0, 0, 0, 0, 0, 0, 0, 0, ] | rc = [58, 58, 52, 46, 40, 34, 24, 0] | gpus = [1, 1, 1, 1, 1, 1, 1, 1] | micro_bs = 4 | time = [24314, 24300, 24111, 23647, 23143, 23815, 23233, 23497] | memory = [25963, 26793, 26747, 26549, 26948, 23438, 22440, 18765]

[ Trial 7 ] |24314.44|26948.19| op = [200, 205, 207, 207, 211, 218, 224, 195]| tp = [1, 1, 1, 1, 1, 1, 1, 1, ] | dp = [1, 1, 1, 1, 1, 1, 1, 1, ] | algo = [0, 0, 0, 0, 0, 0, 0, 0, ] | rc = [58, 58, 52, 46, 40, 34, 24, 0] | gpus = [1, 1, 1, 1, 1, 1, 1, 1] | micro_bs = 4 | time = [24314, 24300, 24111, 23647, 23143, 23815, 23233, 23497] | memory = [25963, 26793, 26747, 26549, 26948, 23438, 22440, 18765]
>>>> [CONFIG: target(5), prim(dec_op)]
|24314.44|26948.19| op = [200, 205, 207, 207, 211, 215, 227, 195]| tp = [1, 1, 1, 1, 1, 1, 1, 1, ] | dp = [1, 1, 1, 1, 1, 1, 1, 1, ] | algo = [0, 0, 0, 0, 0, 0, 0, 0, ] | rc = [58, 58, 52, 46, 40, 34, 24, 0] | gpus = [1, 1, 1, 1, 1, 1, 1, 1] | micro_bs = 4 | time = [24314, 24300, 24111, 23647, 23143, 23641, 23408, 23497] | memory = [25963, 26793, 26747, 26549, 26948, 23190, 22616, 18765]

[ Trial 8 ] |24314.44|26948.19| op = [200, 205, 207, 207, 211, 215, 227, 195]| tp = [1, 1, 1, 1, 1, 1, 1, 1, ] | dp = [1, 1, 1, 1, 1, 1, 1, 1, ] | algo = [0, 0, 0, 0, 0, 0, 0, 0, ] | rc = [58, 58, 52, 46, 40, 34, 24, 0] | gpus = [1, 1, 1, 1, 1, 1, 1, 1] | micro_bs = 4 | time = [24314, 24300, 24111, 23647, 23143, 23641, 23408, 23497] | memory = [25963, 26793, 26747, 26549, 26948, 23190, 22616, 18765]
>>>> [CONFIG: target(0), prim(dec_mbs)]
|28713.28|26867.82| op = [200, 205, 207, 207, 211, 215, 227, 195]| tp = [1, 1, 1, 1, 1, 1, 1, 1, ] | dp = [1, 1, 1, 1, 1, 1, 1, 1, ] | algo = [0, 0, 0, 0, 0, 0, 0, 0, ] | rc = [32, 32, 32, 30, 16, 0, 0, 0] | gpus = [1, 1, 1, 1, 1, 1, 1, 1] | micro_bs = 2 | time = [27823, 27887, 28154, 27965, 26973, 26334, 27233, 28713] | memory = [26867, 24510, 21309, 19450, 24104, 26381, 18362, 9936]
>>>> [CONFIG: target(7), prim(dec_op)]
|28155.74|26983.16| op = [200, 205, 207, 204, 214, 223, 224, 190]| tp = [1, 1, 1, 1, 1, 1, 1, 1, ] | dp = [1, 1, 1, 1, 1, 1, 1, 1, ] | algo = [0, 0, 0, 0, 0, 0, 0, 0, ] | rc = [32, 32, 32, 30, 18, 0, 0, 0] | gpus = [1, 1, 1, 1, 1, 1, 1, 1] | micro_bs = 2 | time = [27824, 27888, 28155, 27758, 27368, 27477, 27565, 27722] | memory = [26867, 24510, 21309, 19238, 23128, 26983, 19054, 9500]
>>>> [CONFIG: target(2), prim(dec_mbs)]
|37155.81|25737.58| op = [200, 205, 207, 204, 214, 223, 224, 190]| tp = [1, 1, 1, 1, 1, 1, 1, 1, ] | dp = [1, 1, 1, 1, 1, 1, 1, 1, ] | algo = [0, 0, 0, 0, 0, 0, 0, 0, ] | rc = [12, 6, 0, 0, 0, 0, 0, 0] | gpus = [1, 1, 1, 1, 1, 1, 1, 1] | micro_bs = 1 | time = [34786, 34334, 34024, 33679, 34964, 36991, 37155, 36025] | memory = [24824, 25737, 24718, 20643, 17010, 13899, 9937, 5300]
>>>> [CONFIG: target(6), prim(dec_op)]
|37155.72|25737.58| op = [200, 205, 207, 207, 217, 217, 224, 190]| tp = [1, 1, 1, 1, 1, 1, 1, 1, ] | dp = [1, 1, 1, 1, 1, 1, 1, 1, ] | algo = [0, 0, 0, 0, 0, 0, 0, 0, ] | rc = [12, 6, 0, 0, 0, 0, 0, 0] | gpus = [1, 1, 1, 1, 1, 1, 1, 1] | micro_bs = 1 | time = [34786, 34334, 34024, 34021, 35779, 35742, 37155, 36025] | memory = [24824, 25737, 24718, 20765, 17770, 13232, 9937, 5300]
>>>> [CONFIG: target(6), prim(inc_mbs)]
|28557.26|26867.82| op = [200, 205, 207, 207, 217, 217, 224, 190]| tp = [1, 1, 1, 1, 1, 1, 1, 1, ] | dp = [1, 1, 1, 1, 1, 1, 1, 1, ] | algo = [0, 0, 0, 0, 0, 0, 0, 0, ] | rc = [32, 32, 32, 30, 22, 0, 0, 0] | gpus = [1, 1, 1, 1, 1, 1, 1, 1] | micro_bs = 2 | time = [27825, 27889, 28156, 27967, 28557, 26432, 27566, 27723] | memory = [26867, 24510, 21309, 19450, 22372, 25653, 19054, 9500]
>>>> [CONFIG: target(4), prim(inc_mbs)]
|24365.45|26793.89| op = [200, 205, 207, 207, 217, 217, 224, 190]| tp = [1, 1, 1, 1, 1, 1, 1, 1, ] | dp = [1, 1, 1, 1, 1, 1, 1, 1, ] | algo = [0, 0, 0, 0, 0, 0, 0, 0, ] | rc = [58, 58, 52, 46, 42, 32, 28, 0] | gpus = [1, 1, 1, 1, 1, 1, 1, 1] | micro_bs = 4 | time = [24318, 24304, 24115, 23651, 24365, 23572, 24117, 22686] | memory = [25963, 26793, 26747, 26549, 26296, 23422, 21736, 17897]
>>>> [CONFIG: target(4), prim(dec_op)]
|24317.24|26948.19| op = [200, 205, 207, 207, 212, 216, 225, 195]| tp = [1, 1, 1, 1, 1, 1, 1, 1, ] | dp = [1, 1, 1, 1, 1, 1, 1, 1, ] | algo = [0, 0, 0, 0, 0, 0, 0, 0, ] | rc = [58, 58, 52, 46, 42, 34, 24, 0] | gpus = [1, 1, 1, 1, 1, 1, 1, 1] | micro_bs = 4 | time = [24317, 24303, 24114, 23650, 23723, 23855, 23336, 23500] | memory = [25963, 26793, 26747, 26549, 26948, 23350, 22520, 18765]

[ Trial 22 ] |24317.24|26948.19| op = [200, 205, 207, 207, 212, 216, 225, 195]| tp = [1, 1, 1, 1, 1, 1, 1, 1, ] | dp = [1, 1, 1, 1, 1, 1, 1, 1, ] | algo = [0, 0, 0, 0, 0, 0, 0, 0, ] | rc = [58, 58, 52, 46, 42, 34, 24, 0] | gpus = [1, 1, 1, 1, 1, 1, 1, 1] | micro_bs = 4 | time = [24317, 24303, 24114, 23650, 23723, 23855, 23336, 23500] | memory = [25963, 26793, 26747, 26549, 26948, 23350, 22520, 18765]
>>>> [CONFIG: target(2), prim(dec_op)]
|24314.71|26793.89| op = [200, 205, 202, 208, 215, 215, 227, 195]| tp = [1, 1, 1, 1, 1, 1, 1, 1, ] | dp = [1, 1, 1, 1, 1, 1, 1, 1, ] | algo = [0, 0, 0, 0, 0, 0, 0, 0, ] | rc = [58, 58, 52, 46, 38, 34, 24, 0] | gpus = [1, 1, 1, 1, 1, 1, 1, 1] | micro_bs = 4 | time = [24314, 24301, 23877, 23669, 23425, 23641, 23408, 23497] | memory = [25963, 26793, 26163, 26609, 26500, 23190, 22616, 18765]
>>>> [CONFIG: target(0), prim(dec_mbs)]
|28713.65|26867.82| op = [200, 205, 202, 208, 215, 215, 227, 195]| tp = [1, 1, 1, 1, 1, 1, 1, 1, ] | dp = [1, 1, 1, 1, 1, 1, 1, 1, ] | algo = [0, 0, 0, 0, 0, 0, 0, 0, ] | rc = [32, 32, 32, 30, 18, 0, 0, 0] | gpus = [1, 1, 1, 1, 1, 1, 1, 1] | micro_bs = 2 | time = [27823, 27888, 27836, 28024, 27423, 26335, 27234, 28713] | memory = [26867, 24510, 21001, 19480, 23128, 26381, 18362, 9936]
>>>> [CONFIG: target(7), prim(dec_mbs)]
|37113.77|25737.58| op = [200, 205, 202, 208, 215, 215, 227, 195]| tp = [1, 1, 1, 1, 1, 1, 1, 1, ] | dp = [1, 1, 1, 1, 1, 1, 1, 1, ] | algo = [0, 0, 0, 0, 0, 0, 0, 0, ] | rc = [12, 6, 0, 0, 0, 0, 0, 0] | gpus = [1, 1, 1, 1, 1, 1, 1, 1] | micro_bs = 1 | time = [34785, 34334, 33464, 34082, 35020, 35488, 37058, 37113] | memory = [24824, 25737, 24548, 20780, 17010, 13576, 9611, 5520]
>>>> [CONFIG: target(7), prim(dec_op)]
|37114.27|25737.58| op = [200, 205, 202, 208, 219, 219, 219, 195]| tp = [1, 1, 1, 1, 1, 1, 1, 1, ] | dp = [1, 1, 1, 1, 1, 1, 1, 1, ] | algo = [0, 0, 0, 0, 0, 0, 0, 0, ] | rc = [12, 6, 0, 0, 0, 0, 0, 0] | gpus = [1, 1, 1, 1, 1, 1, 1, 1] | micro_bs = 1 | time = [34786, 34334, 33464, 34082, 35981, 36038, 36060, 37114] | memory = [24824, 25737, 24548, 20780, 17850, 13257, 9509, 5520]
>>>> [CONFIG: target(7), prim(inc_mbs)]
|28715.32|26867.82| op = [200, 205, 202, 208, 219, 219, 219, 195]| tp = [1, 1, 1, 1, 1, 1, 1, 1, ] | dp = [1, 1, 1, 1, 1, 1, 1, 1, ] | algo = [0, 0, 0, 0, 0, 0, 0, 0, ] | rc = [32, 32, 32, 30, 22, 0, 0, 0] | gpus = [1, 1, 1, 1, 1, 1, 1, 1] | micro_bs = 2 | time = [27825, 27889, 27838, 28025, 28691, 26558, 26599, 28715] | memory = [26867, 24510, 21001, 19480, 22504, 25699, 18202, 9936]
>>>> [CONFIG: target(7), prim(inc_mbs)]
|24511.51|26793.89| op = [200, 205, 202, 208, 219, 219, 219, 195]| tp = [1, 1, 1, 1, 1, 1, 1, 1, ] | dp = [1, 1, 1, 1, 1, 1, 1, 1, ] | algo = [0, 0, 0, 0, 0, 0, 0, 0, ] | rc = [58, 58, 52, 46, 42, 32, 24, 0] | gpus = [1, 1, 1, 1, 1, 1, 1, 1] | micro_bs = 4 | time = [24317, 24303, 23880, 23672, 24511, 23636, 22980, 23500] | memory = [25963, 26793, 26163, 26609, 26532, 23510, 22340, 18765]
>>>> [CONFIG: target(4), prim(dec_op)]
|24317.24|26793.89| op = [200, 205, 202, 208, 216, 219, 222, 195]| tp = [1, 1, 1, 1, 1, 1, 1, 1, ] | dp = [1, 1, 1, 1, 1, 1, 1, 1, ] | algo = [0, 0, 0, 0, 0, 0, 0, 0, ] | rc = [58, 58, 52, 46, 40, 34, 24, 0] | gpus = [1, 1, 1, 1, 1, 1, 1, 1] | micro_bs = 4 | time = [24317, 24303, 23880, 23672, 24005, 23945, 23177, 23500] | memory = [25963, 26793, 26163, 26609, 26500, 23450, 22400, 18765]

[ Trial 23 ] |24317.24|26793.89| op = [200, 205, 202, 208, 216, 219, 222, 195]| tp = [1, 1, 1, 1, 1, 1, 1, 1, ] | dp = [1, 1, 1, 1, 1, 1, 1, 1, ] | algo = [0, 0, 0, 0, 0, 0, 0, 0, ] | rc = [58, 58, 52, 46, 40, 34, 24, 0] | gpus = [1, 1, 1, 1, 1, 1, 1, 1] | micro_bs = 4 | time = [24317, 24303, 23880, 23672, 24005, 23945, 23177, 23500] | memory = [25963, 26793, 26163, 26609, 26500, 23450, 22400, 18765]
>>>> [CONFIG: target(0), prim(dec_mbs)]
|28714.59|26867.82| op = [200, 205, 202, 208, 216, 219, 222, 195]| tp = [1, 1, 1, 1, 1, 1, 1, 1, ] | dp = [1, 1, 1, 1, 1, 1, 1, 1, ] | algo = [0, 0, 0, 0, 0, 0, 0, 0, ] | rc = [32, 32, 32, 30, 18, 0, 0, 0] | gpus = [1, 1, 1, 1, 1, 1, 1, 1] | micro_bs = 2 | time = [27824, 27888, 27837, 28025, 27907, 26651, 26917, 28714] | memory = [26867, 24510, 21001, 19480, 23640, 26527, 18238, 9936]
>>>> [CONFIG: target(7), prim(dec_op)]
|28024.04|26867.82| op = [200, 205, 202, 208, 215, 220, 226, 191]| tp = [1, 1, 1, 1, 1, 1, 1, 1, ] | dp = [1, 1, 1, 1, 1, 1, 1, 1, ] | algo = [0, 0, 0, 0, 0, 0, 0, 0, ] | rc = [32, 32, 32, 30, 18, 0, 0, 0] | gpus = [1, 1, 1, 1, 1, 1, 1, 1] | micro_bs = 2 | time = [27823, 27887, 27836, 28024, 27423, 26652, 27811, 27793] | memory = [26867, 24510, 21001, 19480, 23128, 26551, 19078, 9508]
>>>> [CONFIG: target(3), prim(dec_mbs)]
|37456.60|25737.58| op = [200, 205, 202, 208, 215, 220, 226, 191]| tp = [1, 1, 1, 1, 1, 1, 1, 1, ] | dp = [1, 1, 1, 1, 1, 1, 1, 1, ] | algo = [0, 0, 0, 0, 0, 0, 0, 0, ] | rc = [12, 6, 0, 0, 0, 0, 0, 0] | gpus = [1, 1, 1, 1, 1, 1, 1, 1] | micro_bs = 1 | time = [34785, 34334, 33464, 34082, 35020, 36050, 37456, 36160] | memory = [24824, 25737, 24548, 20780, 17010, 13677, 9953, 5306]
>>>> [CONFIG: target(6), prim(dec_op)]
|36161.07|26027.07| op = [200, 205, 212, 216, 213, 216, 214, 191]| tp = [1, 1, 1, 1, 1, 1, 1, 1, ] | dp = [1, 1, 1, 1, 1, 1, 1, 1, ] | algo = [0, 0, 0, 0, 0, 0, 0, 0, ] | rc = [12, 6, 0, 0, 0, 0, 0, 0] | gpus = [1, 1, 1, 1, 1, 1, 1, 1] | micro_bs = 1 | time = [34786, 34335, 35356, 35450, 35414, 35450, 35421, 36161] | memory = [24824, 25737, 26027, 21296, 17718, 13227, 9413, 5306]
>>>> [CONFIG: target(7), prim(inc_mbs)]
|29380.45|26867.82| op = [200, 205, 212, 216, 213, 216, 214, 191]| tp = [1, 1, 1, 1, 1, 1, 1, 1, ] | dp = [1, 1, 1, 1, 1, 1, 1, 1, ] | algo = [0, 0, 0, 0, 0, 0, 0, 0, ] | rc = [32, 32, 33, 32, 20, 0, 0, 0] | gpus = [1, 1, 1, 1, 1, 1, 1, 1] | micro_bs = 2 | time = [27826, 27890, 29380, 29152, 28198, 26180, 26331, 27796] | memory = [26867, 24510, 23913, 19037, 23424, 25651, 18046, 9508]
>>>> [CONFIG: target(2), prim(dec_op)]
|28206.19|26867.82| op = [200, 205, 208, 201, 210, 227, 225, 191]| tp = [1, 1, 1, 1, 1, 1, 1, 1, ] | dp = [1, 1, 1, 1, 1, 1, 1, 1, ] | algo = [0, 0, 0, 0, 0, 0, 0, 0, ] | rc = [32, 32, 32, 30, 16, 0, 0, 0] | gpus = [1, 1, 1, 1, 1, 1, 1, 1] | micro_bs = 2 | time = [27823, 27887, 28206, 27593, 26829, 27233, 27691, 27793] | memory = [26867, 24510, 21333, 19188, 24044, 26793, 19058, 9508]
>>>> [CONFIG: target(2), prim(inc_mbs)]
|24315.60|26968.19| op = [200, 205, 208, 201, 210, 227, 225, 191]| tp = [1, 1, 1, 1, 1, 1, 1, 1, ] | dp = [1, 1, 1, 1, 1, 1, 1, 1, ] | algo = [0, 0, 0, 0, 0, 0, 0, 0, ] | rc = [58, 58, 52, 46, 38, 34, 28, 0] | gpus = [1, 1, 1, 1, 1, 1, 1, 1] | micro_bs = 4 | time = [24315, 24302, 24150, 23389, 22999, 24293, 24205, 22714] | memory = [25963, 26793, 26795, 26057, 26968, 23926, 21748, 17909]

[ Trial 24 ] |24315.60|26968.19| op = [200, 205, 208, 201, 210, 227, 225, 191]| tp = [1, 1, 1, 1, 1, 1, 1, 1, ] | dp = [1, 1, 1, 1, 1, 1, 1, 1, ] | algo = [0, 0, 0, 0, 0, 0, 0, 0, ] | rc = [58, 58, 52, 46, 38, 34, 28, 0] | gpus = [1, 1, 1, 1, 1, 1, 1, 1] | micro_bs = 4 | time = [24315, 24302, 24150, 23389, 22999, 24293, 24205, 22714] | memory = [25963, 26793, 26795, 26057, 26968, 23926, 21748, 17909]
>>>> [CONFIG: target(5), prim(dec_op)]
|24314.34|26968.19| op = [200, 205, 208, 201, 210, 227, 221, 195]| tp = [1, 1, 1, 1, 1, 1, 1, 1, ] | dp = [1, 1, 1, 1, 1, 1, 1, 1, ] | algo = [0, 0, 0, 0, 0, 0, 0, 0, ] | rc = [58, 58, 52, 46, 38, 34, 24, 0] | gpus = [1, 1, 1, 1, 1, 1, 1, 1] | micro_bs = 4 | time = [24314, 24300, 24148, 23387, 22998, 24291, 23099, 23497] | memory = [25963, 26793, 26795, 26057, 26968, 23926, 22372, 18765]

[ Trial 25 ] |24314.34|26968.19| op = [200, 205, 208, 201, 210, 227, 221, 195]| tp = [1, 1, 1, 1, 1, 1, 1, 1, ] | dp = [1, 1, 1, 1, 1, 1, 1, 1, ] | algo = [0, 0, 0, 0, 0, 0, 0, 0, ] | rc = [58, 58, 52, 46, 38, 34, 24, 0] | gpus = [1, 1, 1, 1, 1, 1, 1, 1] | micro_bs = 4 | time = [24314, 24300, 24148, 23387, 22998, 24291, 23099, 23497] | memory = [25963, 26793, 26795, 26057, 26968, 23926, 22372, 18765]
>>>> [CONFIG: target(5), prim(dec_op)]
|24314.21|26968.19| op = [200, 205, 208, 201, 210, 221, 227, 195]| tp = [1, 1, 1, 1, 1, 1, 1, 1, ] | dp = [1, 1, 1, 1, 1, 1, 1, 1, ] | algo = [0, 0, 0, 0, 0, 0, 0, 0, ] | rc = [58, 58, 52, 46, 38, 34, 24, 0] | gpus = [1, 1, 1, 1, 1, 1, 1, 1] | micro_bs = 4 | time = [24314, 24300, 24148, 23387, 22998, 23950, 23408, 23496] | memory = [25963, 26793, 26795, 26057, 26968, 23534, 22616, 18765]

[ Trial 26 ] |24314.21|26968.19| op = [200, 205, 208, 201, 210, 221, 227, 195]| tp = [1, 1, 1, 1, 1, 1, 1, 1, ] | dp = [1, 1, 1, 1, 1, 1, 1, 1, ] | algo = [0, 0, 0, 0, 0, 0, 0, 0, ] | rc = [58, 58, 52, 46, 38, 34, 24, 0] | gpus = [1, 1, 1, 1, 1, 1, 1, 1] | micro_bs = 4 | time = [24314, 24300, 24148, 23387, 22998, 23950, 23408, 23496] | memory = [25963, 26793, 26795, 26057, 26968, 23534, 22616, 18765]
>>>> [CONFIG: target(2), prim(dec_op)]
|24314.17|26968.19| op = [200, 205, 208, 201, 210, 220, 228, 195]| tp = [1, 1, 1, 1, 1, 1, 1, 1, ] | dp = [1, 1, 1, 1, 1, 1, 1, 1, ] | algo = [0, 0, 0, 0, 0, 0, 0, 0, ] | rc = [58, 58, 52, 46, 38, 34, 24, 0] | gpus = [1, 1, 1, 1, 1, 1, 1, 1] | micro_bs = 4 | time = [24314, 24300, 24148, 23387, 22998, 23912, 23433, 23496] | memory = [25963, 26793, 26795, 26057, 26968, 23510, 22616, 18765]

num_targets: [1, 1, 1, 1, 1, 1, 1, 1, 1, 1, 1, 1, 1, 1, 1, 1]
num_hops: [1, 1, 1, 1, 5, 1, 1, 2, 6, 1, 7, 5, 7, 1, 1, 5]
search time = 200.00 s.  [0, 1, 2, 3, 4, 5, 6, 7, 8, 11, 12, 34, 76, 80, 81, 82, 143, 211, 212, 213, 214, 215, 216, 217, 218, 219, 220, 221, 222, 223, 224, 225, 226, 227, 228, 229, 230, 231, 232, 233, 234, 235, 236, 237, 238, 239, 240, 241, 242, 243, 244, 245, 246, 247, 248, 249] 
num_explored_cases = 5245
time trend: [74808, 74202, 74055, 38512, 31410, 29203, 26042, 25967, 25148, 24796, 24796, 24791, 24605, 24594, 24591, 24590, 24590, 24590, 24591, 24597, 24599, 24652, 24698, 24796, 24797, 24797, 24802, 24804, 24809, 24832, 24864, 24906, 25067, 25072, 25073, 25099, 25139, 25147, 25152, 25165, 25191, 25228, 25240, 25325, 25327, 25414, 25416, 25416, 25418, 25430, 25452, 25643, 25729, 25729, 25747, 25950]


num_targets: [1, 1, 1, 1, 1, 1, 4, 4, 3, 3, 3]
num_hops: [1, 1, 6, 1, 3, 7, 1, 1, 1, 1, 1]
search time = 200.00 s.  [0, 1, 2, 4, 5, 10, 12, 25, 34, 50, 63, 66, 76, 90, 97, 106, 110, 116, 120, 126, 129, 133, 137, 146, 160, 161, 164, 169, 174, 189, 191, 203, 214, 215, 216, 217, 218, 219, 220, 221, 222, 223, 224, 225, 226, 227, 228, 229, 230, 231, 232, 233, 234, 235, 236] 
num_explored_cases = 7665
time trend: [39654, 30480, 24891, 24599, 24314, 24314, 24314, 24314, 24314, 24314, 24314, 24314, 24314, 24314, 24314, 24314, 24314, 24314, 24314, 24314, 24314, 24314, 24315, 24314, 24314, 24314, 24314, 24314, 24314, 24314, 24314, 24314, 24314, 24315, 24315, 24316, 24316, 24316, 24316, 24316, 24317, 24317, 24317, 24317, 24317, 24317, 24317, 24317, 24317, 24317, 24317, 24318, 24318, 24318, 24318]

working on num_stages = 4
config has been saved to /home/liminglong.lml/sxz/SuperScaler/logs-large/aceso/configs/scale-layer/128layers/scale-layer_128layers_4stages_2026-5-16-3-15-59.json

========== Best Result (num_stages = 4) ==========
|24234.96|26948.31| op = [400, 420, 433, 414]| tp = [1, 1, 1, 1, ] | dp = [2, 2, 2, 2, ] | algo = [0, 0, 0, 0, ] | rc = [116, 108, 88, 50] | gpus = [2, 2, 2, 2] | micro_bs = 8 | time = [23856, 24209, 24186, 24234] | memory = [26655, 26935, 26948, 22472]
start|114591.64|17788.20| op = [416, 416, 416, 419]| tp = [2, 2, 2, 2, ] | dp = [1, 1, 1, 1, ] | algo = [0, 0, 0, 0, ] | rc = [0, 0, 0, 0] | gpus = [2, 2, 2, 2] | micro_bs = 1 | time = [111659, 111110, 111110, 114591] | memory = [17788, 13423, 9258, 5498]

[ Trial 0 ] |114591.64|17788.20| op = [416, 416, 416, 419]| tp = [2, 2, 2, 2, ] | dp = [1, 1, 1, 1, ] | algo = [0, 0, 0, 0, ] | rc = [0, 0, 0, 0] | gpus = [2, 2, 2, 2] | micro_bs = 1 | time = [111659, 111110, 111110, 114591] | memory = [17788, 13423, 9258, 5498]
>>>> [CONFIG: target(3), prim(inc_mbs)]
|36680.26|25487.07| op = [416, 416, 416, 419]| tp = [1, 1, 1, 1, ] | dp = [2, 2, 2, 2, ] | algo = [0, 0, 0, 0, ] | rc = [36, 0, 0, 0] | gpus = [2, 2, 2, 2] | micro_bs = 2 | time = [35888, 33947, 33947, 36680] | memory = [23540, 25487, 17610, 10538]

[ Trial 1 ] |36680.26|25487.07| op = [416, 416, 416, 419]| tp = [1, 1, 1, 1, ] | dp = [2, 2, 2, 2, ] | algo = [0, 0, 0, 0, ] | rc = [36, 0, 0, 0] | gpus = [2, 2, 2, 2] | micro_bs = 2 | time = [35888, 33947, 33947, 36680] | memory = [23540, 25487, 17610, 10538]
>>>> [CONFIG: target(3), prim(inc_mbs)]
|28615.38|26952.00| op = [416, 416, 416, 419]| tp = [1, 1, 1, 1, ] | dp = [2, 2, 2, 2, ] | algo = [0, 0, 0, 0, ] | rc = [76, 64, 36, 0] | gpus = [2, 2, 2, 2] | micro_bs = 4 | time = [28615, 28055, 26757, 27707] | memory = [26952, 22077, 23603, 19144]

[ Trial 2 ] |28615.38|26952.00| op = [416, 416, 416, 419]| tp = [1, 1, 1, 1, ] | dp = [2, 2, 2, 2, ] | algo = [0, 0, 0, 0, ] | rc = [76, 64, 36, 0] | gpus = [2, 2, 2, 2] | micro_bs = 4 | time = [28615, 28055, 26757, 27707] | memory = [26952, 22077, 23603, 19144]
>>>> [CONFIG: target(0), prim(dec_op)]
|27861.81|26827.88| op = [406, 410, 430, 421]| tp = [1, 1, 1, 1, ] | dp = [2, 2, 2, 2, ] | algo = [0, 0, 0, 0, ] | rc = [68, 64, 42, 0] | gpus = [2, 2, 2, 2] | micro_bs = 4 | time = [27735, 27837, 27861, 27793] | memory = [26827, 21883, 22956, 19192]

[ Trial 3 ] |27861.81|26827.88| op = [406, 410, 430, 421]| tp = [1, 1, 1, 1, ] | dp = [2, 2, 2, 2, ] | algo = [0, 0, 0, 0, ] | rc = [68, 64, 42, 0] | gpus = [2, 2, 2, 2] | micro_bs = 4 | time = [27735, 27837, 27861, 27793] | memory = [26827, 21883, 22956, 19192]
>>>> [CONFIG: target(2), prim(dec_dp)]
|47374.61|26968.18| op = [406, 410, 430, 421]| tp = [1, 1, 1, 1, ] | dp = [1, 4, 1, 2, ] | algo = [0, 0, 0, 0, ] | rc = [120, 0, 86, 0] | gpus = [1, 4, 1, 2] | micro_bs = 4 | time = [47374, 17145, 46822, 27901] | memory = [26907, 25368, 26968, 19192]
>>>> [CONFIG: target(0), prim(dec_op)]
|30656.92|26982.29| op = [264, 659, 289, 455]| tp = [1, 1, 1, 1, ] | dp = [1, 4, 1, 2, ] | algo = [0, 0, 0, 0, ] | rc = [62, 94, 44, 0] | gpus = [1, 4, 1, 2] | micro_bs = 4 | time = [30077, 29368, 30656, 29929] | memory = [26982, 20217, 21001, 20738]
>>>> [CONFIG: target(2), prim(dec_op)]
|30077.17|26982.29| op = [264, 665, 283, 455]| tp = [1, 1, 1, 1, ] | dp = [1, 4, 1, 2, ] | algo = [0, 0, 0, 0, ] | rc = [62, 98, 42, 0] | gpus = [1, 4, 1, 2] | micro_bs = 4 | time = [30077, 29812, 30002, 29928] | memory = [26982, 20022, 20901, 20738]
>>>> [CONFIG: target(0), prim(inc_dp)]
|47484.04|26781.49| op = [264, 665, 283, 455]| tp = [1, 1, 1, 1, ] | dp = [2, 2, 2, 2, ] | algo = [0, 0, 0, 0, ] | rc = [40, 152, 0, 0] | gpus = [2, 2, 2, 2] | micro_bs = 4 | time = [18205, 47484, 17221, 29901] | memory = [19241, 26781, 22786, 20738]
>>>> [CONFIG: target(1), prim(dec_op)]
|28055.45|26959.63| op = [398, 416, 428, 425]| tp = [1, 1, 1, 1, ] | dp = [2, 2, 2, 2, ] | algo = [0, 0, 0, 0, ] | rc = [68, 64, 42, 0] | gpus = [2, 2, 2, 2] | micro_bs = 4 | time = [27366, 28055, 27767, 27901] | memory = [26959, 22077, 22896, 19230]
>>>> [CONFIG: target(1), prim(dec_op)]
|27842.64|26767.88| op = [405, 409, 430, 423]| tp = [1, 1, 1, 1, ] | dp = [2, 2, 2, 2, ] | algo = [0, 0, 0, 0, ] | rc = [68, 64, 42, 0] | gpus = [2, 2, 2, 2] | micro_bs = 4 | time = [27663, 27842, 27832, 27838] | memory = [26767, 21877, 22920, 19212]

[ Trial 4 ] |27842.64|26767.88| op = [405, 409, 430, 423]| tp = [1, 1, 1, 1, ] | dp = [2, 2, 2, 2, ] | algo = [0, 0, 0, 0, ] | rc = [68, 64, 42, 0] | gpus = [2, 2, 2, 2] | micro_bs = 4 | time = [27663, 27842, 27832, 27838] | memory = [26767, 21877, 22920, 19212]
>>>> [CONFIG: target(1), prim(dec_mbs)]
|36878.32|25370.98| op = [405, 409, 430, 423]| tp = [1, 1, 1, 1, ] | dp = [2, 2, 2, 2, ] | algo = [0, 0, 0, 0, ] | rc = [30, 0, 0, 0] | gpus = [2, 2, 2, 2] | micro_bs = 2 | time = [34658, 33557, 35022, 36878] | memory = [24256, 25370, 18156, 10588]
>>>> [CONFIG: target(3), prim(dec_op)]
|35410.97|26166.07| op = [405, 423, 436, 403]| tp = [1, 1, 1, 1, ] | dp = [2, 2, 2, 2, ] | algo = [0, 0, 0, 0, ] | rc = [30, 0, 0, 0] | gpus = [2, 2, 2, 2] | micro_bs = 2 | time = [34658, 34633, 35410, 35410] | memory = [24256, 26166, 18252, 10225]
>>>> [CONFIG: target(2), prim(dec_dp)]
|55757.54|26166.07| op = [405, 423, 436, 403]| tp = [2, 1, 1, 1, ] | dp = [2, 2, 1, 1, ] | algo = [0, 0, 0, 0, ] | rc = [0, 0, 42, 0] | gpus = [4, 2, 1, 1] | micro_bs = 2 | time = [54328, 34746, 55757, 53280] | memory = [17264, 26166, 23068, 18577]
>>>> [CONFIG: target(2), prim(dec_op)]
|49772.70|24851.66| op = [363, 547, 383, 374]| tp = [2, 1, 1, 1, ] | dp = [2, 2, 1, 1, ] | algo = [0, 0, 0, 0, ] | rc = [0, 46, 24, 0] | gpus = [4, 2, 1, 1] | micro_bs = 2 | time = [48825, 46846, 48566, 49772] | memory = [15595, 23596, 24851, 17201]
>>>> [CONFIG: target(3), prim(inc_mbs)]
|42173.93|26951.81| op = [363, 547, 383, 374]| tp = [1, 1, 1, 1, ] | dp = [4, 2, 1, 1, ] | algo = [0, 0, 0, 0, ] | rc = [14, 94, 67, 30] | gpus = [4, 2, 1, 1] | micro_bs = 4 | time = [15657, 37343, 41817, 42173] | memory = [25723, 26951, 26923, 24559]
>>>> [CONFIG: target(3), prim(inc_mbs)]
|44226.32|26987.45| op = [363, 547, 383, 374]| tp = [1, 1, 1, 1, ] | dp = [4, 2, 1, 1, ] | algo = [0, 0, 0, 0, ] | rc = [56, 160, 117, 86] | gpus = [4, 2, 1, 1] | micro_bs = 8 | time = [13102, 32516, 43592, 44226] | memory = [25511, 26527, 26842, 26987]
>>>> [CONFIG: target(3), prim(dec_op)]
|27504.89|26981.21| op = [727, 462, 255, 223]| tp = [1, 1, 1, 1, ] | dp = [4, 2, 1, 1, ] | algo = [0, 0, 0, 0, ] | rc = [202, 133, 60, 34] | gpus = [4, 2, 1, 1] | micro_bs = 8 | time = [27264, 27491, 27504, 27501] | memory = [26797, 26981, 26493, 22052]

[ Trial 5 ] |27504.89|26981.21| op = [727, 462, 255, 223]| tp = [1, 1, 1, 1, ] | dp = [4, 2, 1, 1, ] | algo = [0, 0, 0, 0, ] | rc = [202, 133, 60, 34] | gpus = [4, 2, 1, 1] | micro_bs = 8 | time = [27264, 27491, 27504, 27501] | memory = [26797, 26981, 26493, 22052]
>>>> [CONFIG: target(2), prim(inc_dp)]
|45080.88|26981.21| op = [727, 462, 255, 223]| tp = [1, 1, 1, 1, ] | dp = [2, 2, 2, 2, ] | algo = [0, 0, 0, 0, ] | rc = [391, 133, 36, 0] | gpus = [2, 2, 2, 2] | micro_bs = 8 | time = [45080, 27415, 13958, 13332] | memory = [26931, 26981, 20248, 20850]
>>>> [CONFIG: target(0), prim(dec_op)]
|24235.26|26984.18| op = [406, 416, 431, 414]| tp = [1, 1, 1, 1, ] | dp = [2, 2, 2, 2, ] | algo = [0, 0, 0, 0, ] | rc = [120, 106, 86, 50] | gpus = [2, 2, 2, 2] | micro_bs = 8 | time = [24063, 24109, 24118, 24235] | memory = [26907, 26795, 26984, 22472]

[ Trial 6 ] |24235.26|26984.18| op = [406, 416, 431, 414]| tp = [1, 1, 1, 1, ] | dp = [2, 2, 2, 2, ] | algo = [0, 0, 0, 0, ] | rc = [120, 106, 86, 50] | gpus = [2, 2, 2, 2] | micro_bs = 8 | time = [24063, 24109, 24118, 24235] | memory = [26907, 26795, 26984, 22472]
>>>> [CONFIG: target(3), prim(inc_dp)]
|48430.32|26984.18| op = [406, 416, 431, 414]| tp = [1, 1, 1, 1, ] | dp = [1, 1, 2, 4, ] | algo = [0, 0, 0, 0, ] | rc = [280, 207, 86, 0] | gpus = [1, 1, 2, 4] | micro_bs = 8 | time = [48326, 48430, 24417, 14514] | memory = [25404, 26904, 26984, 19110]
>>>> [CONFIG: target(1), prim(inc_tp)]
|64395.05|26984.18| op = [406, 416, 431, 414]| tp = [1, 2, 1, 1, ] | dp = [2, 1, 2, 2, ] | algo = [0, 0, 0, 0, ] | rc = [120, 118, 86, 50] | gpus = [2, 2, 2, 2] | micro_bs = 8 | time = [24378, 64395, 24433, 24549] | memory = [26907, 26832, 26984, 22472]
>>>> [CONFIG: target(1), prim(inc_dp)]
|49079.47|26912.50| op = [406, 416, 431, 414]| tp = [1, 2, 1, 1, ] | dp = [1, 2, 1, 2, ] | algo = [0, 0, 0, 0, ] | rc = [280, 64, 134, 50] | gpus = [1, 4, 1, 2] | micro_bs = 8 | time = [48493, 35267, 49079, 24701] | memory = [25404, 24039, 26912, 22472]
>>>> [CONFIG: target(2), prim(dec_op)]
|36895.42|26964.75| op = [315, 428, 315, 609]| tp = [1, 2, 1, 1, ] | dp = [1, 2, 1, 2, ] | algo = [0, 0, 0, 0, ] | rc = [156, 66, 90, 94] | gpus = [1, 4, 1, 2] | micro_bs = 8 | time = [36895, 36025, 35337, 35368] | memory = [26964, 24718, 26936, 25281]
>>>> [CONFIG: target(0), prim(inc_dp)]
|35003.01|26928.28| op = [315, 428, 315, 609]| tp = [1, 1, 1, 1, ] | dp = [2, 2, 2, 2, ] | algo = [0, 0, 0, 0, ] | rc = [80, 116, 48, 94] | gpus = [2, 2, 2, 2] | micro_bs = 8 | time = [18425, 24859, 17397, 35003] | memory = [26664, 26928, 23201, 25281]
>>>> [CONFIG: target(3), prim(dec_op)]
|27817.42|26996.43| op = [315, 428, 447, 477]| tp = [1, 1, 1, 1, ] | dp = [2, 2, 2, 2, ] | algo = [0, 0, 0, 0, ] | rc = [80, 116, 90, 72] | gpus = [2, 2, 2, 2] | micro_bs = 8 | time = [18429, 24863, 25107, 27817] | memory = [26664, 26928, 26996, 20456]
>>>> [CONFIG: target(3), prim(dec_op)]
|24234.96|26948.31| op = [400, 420, 433, 414]| tp = [1, 1, 1, 1, ] | dp = [2, 2, 2, 2, ] | algo = [0, 0, 0, 0, ] | rc = [116, 108, 88, 50] | gpus = [2, 2, 2, 2] | micro_bs = 8 | time = [23856, 24209, 24186, 24234] | memory = [26655, 26935, 26948, 22472]

num_targets: [1, 1, 1, 1, 1, 1, 1]
num_hops: [1, 1, 1, 6, 7, 2, 7]
search time = 200.06 s.  [0, 1, 2, 3, 4, 8, 9, 110, 205] 
num_explored_cases = 5262
time trend: [114591, 36680, 28615, 27861, 27842, 27504, 24235, 24234, 24234]

working on num_stages = 5
config has been saved to /home/liminglong.lml/sxz/SuperScaler/logs-large/aceso/configs/scale-layer/128layers/scale-layer_128layers_5stages_2026-5-16-3-15-59.json

========== Best Result (num_stages = 5) ==========
|24087.35|26991.53| op = [205, 213, 410, 430, 409]| tp = [1, 1, 1, 1, 1, ] | dp = [1, 1, 2, 2, 2, ] | algo = [0, 0, 0, 0, 0, ] | rc = [78, 66, 108, 84, 44] | gpus = [1, 1, 2, 2, 2] | micro_bs = 8 | time = [24009, 23955, 24087, 23903, 23766] | memory = [26756, 26896, 26991, 26952, 23328]
start|89515.02|17813.21| op = [333, 333, 333, 333, 335]| tp = [2, 2, 2, 1, 1, ] | dp = [1, 1, 1, 1, 1, ] | algo = [0, 0, 0, 0, 0, ] | rc = [0, 0, 0, 0, 0] | gpus = [2, 2, 2, 1, 1] | micro_bs = 1 | time = [89515, 89260, 88998, 54786, 59804] | memory = [17813, 13893, 10885, 14327, 8606]

[ Trial 0 ] |89515.02|17813.21| op = [333, 333, 333, 333, 335]| tp = [2, 2, 2, 1, 1, ] | dp = [1, 1, 1, 1, 1, ] | algo = [0, 0, 0, 0, 0, ] | rc = [0, 0, 0, 0, 0] | gpus = [2, 2, 2, 1, 1] | micro_bs = 1 | time = [89515, 89260, 88998, 54786, 59804] | memory = [17813, 13893, 10885, 14327, 8606]
>>>> [CONFIG: target(0), prim(dec_tp)]
|89263.28|23165.12| op = [333, 333, 333, 333, 335]| tp = [1, 2, 2, 2, 1, ] | dp = [1, 1, 1, 1, 1, ] | algo = [0, 0, 0, 0, 0, ] | rc = [30, 0, 0, 0, 0] | gpus = [1, 2, 2, 2, 1] | micro_bs = 1 | time = [57965, 89263, 89000, 89093, 59807] | memory = [23165, 13893, 10885, 7523, 8606]

[ Trial 1 ] |89263.28|23165.12| op = [333, 333, 333, 333, 335]| tp = [1, 2, 2, 2, 1, ] | dp = [1, 1, 1, 1, 1, ] | algo = [0, 0, 0, 0, 0, ] | rc = [30, 0, 0, 0, 0] | gpus = [1, 2, 2, 2, 1] | micro_bs = 1 | time = [57965, 89263, 89000, 89093, 59807] | memory = [23165, 13893, 10885, 7523, 8606]
>>>> [CONFIG: target(1), prim(dec_tp)]
|89514.21|26319.33| op = [333, 333, 333, 333, 335]| tp = [2, 1, 2, 2, 1, ] | dp = [1, 1, 1, 1, 1, ] | algo = [0, 0, 0, 0, 0, ] | rc = [0, 0, 0, 0, 0] | gpus = [2, 1, 2, 2, 1] | micro_bs = 1 | time = [89514, 54126, 88997, 89090, 59803] | memory = [17813, 26319, 10885, 7523, 8606]
>>>> [CONFIG: target(0), prim(inc_mbs)]
|45117.81|23165.12| op = [333, 333, 333, 333, 335]| tp = [1, 1, 1, 1, 1, ] | dp = [2, 1, 2, 2, 1, ] | algo = [0, 0, 0, 0, 0, ] | rc = [30, 50, 0, 0, 0] | gpus = [2, 1, 2, 2, 1] | micro_bs = 2 | time = [29103, 44201, 27425, 27516, 45117] | memory = [23165, 22882, 20691, 14327, 15581]

[ Trial 2 ] |45117.81|23165.12| op = [333, 333, 333, 333, 335]| tp = [1, 1, 1, 1, 1, ] | dp = [2, 1, 2, 2, 1, ] | algo = [0, 0, 0, 0, 0, ] | rc = [30, 50, 0, 0, 0] | gpus = [2, 1, 2, 2, 1] | micro_bs = 2 | time = [29103, 44201, 27425, 27516, 45117] | memory = [23165, 22882, 20691, 14327, 15581]
>>>> [CONFIG: target(4), prim(dec_op)]
|35379.70|25396.02| op = [336, 254, 409, 412, 256]| tp = [1, 1, 1, 1, 1, ] | dp = [2, 1, 2, 2, 1, ] | algo = [0, 0, 0, 0, 0, ] | rc = [30, 34, 0, 0, 0] | gpus = [2, 1, 2, 2, 1] | micro_bs = 2 | time = [29282, 34007, 33582, 33781, 35379] | memory = [23246, 20440, 25396, 17572, 12209]

[ Trial 3 ] |35379.70|25396.02| op = [336, 254, 409, 412, 256]| tp = [1, 1, 1, 1, 1, ] | dp = [2, 1, 2, 2, 1, ] | algo = [0, 0, 0, 0, 0, ] | rc = [30, 34, 0, 0, 0] | gpus = [2, 1, 2, 2, 1] | micro_bs = 2 | time = [29282, 34007, 33582, 33781, 35379] | memory = [23246, 20440, 25396, 17572, 12209]
>>>> [CONFIG: target(4), prim(inc_mbs)]
|28792.67|26572.14| op = [336, 254, 409, 412, 256]| tp = [1, 1, 1, 1, 1, ] | dp = [2, 1, 2, 2, 1, ] | algo = [0, 0, 0, 0, 0, ] | rc = [60, 56, 64, 36, 0] | gpus = [2, 1, 2, 2, 1] | micro_bs = 4 | time = [23457, 28792, 27887, 26740, 28426] | memory = [26572, 26373, 21923, 23547, 23070]

[ Trial 4 ] |28792.67|26572.14| op = [336, 254, 409, 412, 256]| tp = [1, 1, 1, 1, 1, ] | dp = [2, 1, 2, 2, 1, ] | algo = [0, 0, 0, 0, 0, ] | rc = [60, 56, 64, 36, 0] | gpus = [2, 1, 2, 2, 1] | micro_bs = 4 | time = [23457, 28792, 27887, 26740, 28426] | memory = [26572, 26373, 21923, 23547, 23070]
>>>> [CONFIG: target(1), prim(dec_op)]
|28424.66|26598.61| op = [356, 236, 407, 412, 256]| tp = [1, 1, 1, 1, 1, ] | dp = [2, 1, 2, 2, 1, ] | algo = [0, 0, 0, 0, 0, ] | rc = [68, 52, 62, 36, 0] | gpus = [2, 1, 2, 2, 1] | micro_bs = 4 | time = [25141, 27034, 27433, 26738, 28424] | memory = [26598, 26312, 21527, 23547, 23070]

[ Trial 5 ] |28424.66|26598.61| op = [356, 236, 407, 412, 256]| tp = [1, 1, 1, 1, 1, ] | dp = [2, 1, 2, 2, 1, ] | algo = [0, 0, 0, 0, 0, ] | rc = [68, 52, 62, 36, 0] | gpus = [2, 1, 2, 2, 1] | micro_bs = 4 | time = [25141, 27034, 27433, 26738, 28424] | memory = [26598, 26312, 21527, 23547, 23070]
>>>> [CONFIG: target(4), prim(dec_op)]
|27152.00|26701.18| op = [370, 240, 398, 419, 240]| tp = [1, 1, 1, 1, 1, ] | dp = [2, 1, 2, 2, 1, ] | algo = [0, 0, 0, 0, 0, ] | rc = [79, 50, 62, 36, 0] | gpus = [2, 1, 2, 2, 1] | micro_bs = 4 | time = [26593, 26871, 27152, 26937, 27150] | memory = [26546, 26701, 21295, 23636, 22006]

[ Trial 6 ] |27152.00|26701.18| op = [370, 240, 398, 419, 240]| tp = [1, 1, 1, 1, 1, ] | dp = [2, 1, 2, 2, 1, ] | algo = [0, 0, 0, 0, 0, ] | rc = [79, 50, 62, 36, 0] | gpus = [2, 1, 2, 2, 1] | micro_bs = 4 | time = [26593, 26871, 27152, 26937, 27150] | memory = [26546, 26701, 21295, 23636, 22006]
>>>> [CONFIG: target(2), prim(dec_dp)]
|45608.52|26787.35| op = [370, 240, 398, 419, 240]| tp = [1, 1, 1, 1, 1, ] | dp = [2, 2, 1, 2, 1, ] | algo = [0, 0, 0, 0, 0, ] | rc = [79, 28, 100, 36, 0] | gpus = [2, 2, 1, 2, 1] | micro_bs = 4 | time = [26623, 16180, 45608, 26967, 27181] | memory = [26546, 21856, 26787, 23636, 22006]
>>>> [CONFIG: target(2), prim(dec_op)]
|27145.30|26966.92| op = [371, 390, 248, 418, 240]| tp = [1, 1, 1, 1, 1, ] | dp = [2, 2, 1, 2, 1, ] | algo = [0, 0, 0, 0, 0, ] | rc = [76, 60, 38, 36, 0] | gpus = [2, 2, 1, 2, 1] | micro_bs = 4 | time = [26321, 26418, 26490, 26895, 27145] | memory = [26966, 26887, 26107, 23624, 22006]

[ Trial 7 ] |27145.30|26966.92| op = [371, 390, 248, 418, 240]| tp = [1, 1, 1, 1, 1, ] | dp = [2, 2, 1, 2, 1, ] | algo = [0, 0, 0, 0, 0, ] | rc = [76, 60, 38, 36, 0] | gpus = [2, 2, 1, 2, 1] | micro_bs = 4 | time = [26321, 26418, 26490, 26895, 27145] | memory = [26966, 26887, 26107, 23624, 22006]
>>>> [CONFIG: target(4), prim(inc_mbs)]
|29080.87|26990.88| op = [371, 390, 248, 418, 240]| tp = [1, 1, 1, 1, 1, ] | dp = [2, 2, 1, 2, 1, ] | algo = [0, 0, 0, 0, 0, ] | rc = [114, 110, 74, 76, 36] | gpus = [2, 2, 1, 2, 1] | micro_bs = 8 | time = [22752, 23267, 27801, 23176, 29080] | memory = [26721, 26990, 26850, 26768, 23132]
>>>> [CONFIG: target(4), prim(dec_op)]
|24898.20|26972.56| op = [395, 407, 224, 446, 195]| tp = [1, 1, 1, 1, 1, ] | dp = [2, 2, 1, 2, 1, ] | algo = [0, 0, 0, 0, 0, ] | rc = [124, 120, 64, 90, 26] | gpus = [2, 2, 1, 2, 1] | micro_bs = 8 | time = [24179, 24599, 24898, 24882, 24619] | memory = [26859, 26739, 26813, 26972, 22599]

[ Trial 8 ] |24898.20|26972.56| op = [395, 407, 224, 446, 195]| tp = [1, 1, 1, 1, 1, ] | dp = [2, 2, 1, 2, 1, ] | algo = [0, 0, 0, 0, 0, ] | rc = [124, 120, 64, 90, 26] | gpus = [2, 2, 1, 2, 1] | micro_bs = 8 | time = [24179, 24599, 24898, 24882, 24619] | memory = [26859, 26739, 26813, 26972, 22599]
>>>> [CONFIG: target(2), prim(dec_op)]
|24878.66|26991.87| op = [397, 412, 217, 446, 195]| tp = [1, 1, 1, 1, 1, ] | dp = [2, 2, 1, 2, 1, ] | algo = [0, 0, 0, 0, 0, ] | rc = [126, 120, 60, 90, 26] | gpus = [2, 2, 1, 2, 1] | micro_bs = 8 | time = [24332, 24326, 24535, 24878, 24615] | memory = [26899, 26991, 26552, 26972, 22599]

[ Trial 9 ] |24878.66|26991.87| op = [397, 412, 217, 446, 195]| tp = [1, 1, 1, 1, 1, ] | dp = [2, 2, 1, 2, 1, ] | algo = [0, 0, 0, 0, 0, ] | rc = [126, 120, 60, 90, 26] | gpus = [2, 2, 1, 2, 1] | micro_bs = 8 | time = [24332, 24326, 24535, 24878, 24615] | memory = [26899, 26991, 26552, 26972, 22599]
>>>> [CONFIG: target(3), prim(dec_dp)]
|49896.22|26991.87| op = [397, 412, 217, 446, 195]| tp = [1, 1, 1, 1, 1, ] | dp = [2, 2, 1, 1, 2, ] | algo = [0, 0, 0, 0, 0, ] | rc = [126, 120, 60, 136, 0] | gpus = [2, 2, 1, 1, 2] | micro_bs = 8 | time = [24432, 24425, 24634, 49896, 12371] | memory = [26899, 26991, 26552, 26941, 18765]
>>>> [CONFIG: target(3), prim(dec_op)]
|24623.02|26991.87| op = [397, 412, 217, 227, 414]| tp = [1, 1, 1, 1, 1, ] | dp = [2, 2, 1, 1, 2, ] | algo = [0, 0, 0, 0, 0, ] | rc = [126, 120, 60, 50, 50] | gpus = [2, 2, 1, 1, 2] | micro_bs = 8 | time = [24329, 24323, 24531, 24623, 24424] | memory = [26899, 26991, 26552, 26916, 22472]

[ Trial 10 ] |24623.02|26991.87| op = [397, 412, 217, 227, 414]| tp = [1, 1, 1, 1, 1, ] | dp = [2, 2, 1, 1, 2, ] | algo = [0, 0, 0, 0, 0, ] | rc = [126, 120, 60, 50, 50] | gpus = [2, 2, 1, 1, 2] | micro_bs = 8 | time = [24329, 24323, 24531, 24623, 24424] | memory = [26899, 26991, 26552, 26916, 22472]
>>>> [CONFIG: target(3), prim(inc_dp)]
|48294.79|26991.87| op = [397, 412, 217, 227, 414]| tp = [1, 1, 1, 1, 1, ] | dp = [1, 2, 1, 2, 2, ] | algo = [0, 0, 0, 0, 0, ] | rc = [323, 120, 60, 26, 50] | gpus = [1, 2, 1, 2, 2] | micro_bs = 8 | time = [48294, 24416, 24624, 12672, 24517] | memory = [26260, 26991, 26552, 21880, 22472]
>>>> [CONFIG: target(0), prim(dec_op)]
|24713.92|26983.94| op = [211, 411, 214, 417, 414]| tp = [1, 1, 1, 1, 1, ] | dp = [1, 2, 1, 2, 2, ] | algo = [0, 0, 0, 0, 0, ] | rc = [86, 120, 58, 85, 50] | gpus = [1, 2, 1, 2, 2] | micro_bs = 8 | time = [24465, 24713, 24075, 23578, 24416] | memory = [26680, 26979, 26512, 26983, 22472]
>>>> [CONFIG: target(1), prim(dec_dp)]
|49330.65|26983.94| op = [211, 411, 214, 417, 414]| tp = [1, 1, 1, 1, 1, ] | dp = [1, 1, 2, 2, 2, ] | algo = [0, 0, 0, 0, 0, ] | rc = [86, 286, 32, 85, 50] | gpus = [1, 1, 2, 2, 2] | micro_bs = 8 | time = [24564, 49330, 12273, 23677, 24516] | memory = [26680, 25283, 23382, 26983, 22472]
>>>> [CONFIG: target(1), prim(dec_op)]
|24458.04|26955.53| op = [211, 208, 409, 425, 414]| tp = [1, 1, 1, 1, 1, ] | dp = [1, 1, 2, 2, 2, ] | algo = [0, 0, 0, 0, 0, ] | rc = [86, 62, 108, 80, 50] | gpus = [1, 1, 2, 2, 2] | micro_bs = 8 | time = [24458, 23718, 24054, 23687, 24409] | memory = [26680, 26768, 26955, 26940, 22472]

[ Trial 11 ] |24458.04|26955.53| op = [211, 208, 409, 425, 414]| tp = [1, 1, 1, 1, 1, ] | dp = [1, 1, 2, 2, 2, ] | algo = [0, 0, 0, 0, 0, ] | rc = [86, 62, 108, 80, 50] | gpus = [1, 1, 2, 2, 2] | micro_bs = 8 | time = [24458, 23718, 24054, 23687, 24409] | memory = [26680, 26768, 26955, 26940, 22472]
>>>> [CONFIG: target(0), prim(dec_op)]
|24454.76|26955.53| op = [211, 208, 409, 430, 409]| tp = [1, 1, 1, 1, 1, ] | dp = [1, 1, 2, 2, 2, ] | algo = [0, 0, 0, 0, 0, ] | rc = [86, 62, 108, 84, 44] | gpus = [1, 1, 2, 2, 2] | micro_bs = 8 | time = [24454, 23715, 24051, 23904, 23768] | memory = [26680, 26768, 26955, 26952, 23328]

[ Trial 12 ] |24454.76|26955.53| op = [211, 208, 409, 430, 409]| tp = [1, 1, 1, 1, 1, ] | dp = [1, 1, 2, 2, 2, ] | algo = [0, 0, 0, 0, 0, ] | rc = [86, 62, 108, 84, 44] | gpus = [1, 1, 2, 2, 2] | micro_bs = 8 | time = [24454, 23715, 24051, 23904, 23768] | memory = [26680, 26768, 26955, 26952, 23328]
>>>> [CONFIG: target(0), prim(dec_op)]
|24087.35|26991.53| op = [205, 213, 410, 430, 409]| tp = [1, 1, 1, 1, 1, ] | dp = [1, 1, 2, 2, 2, ] | algo = [0, 0, 0, 0, 0, ] | rc = [78, 66, 108, 84, 44] | gpus = [1, 1, 2, 2, 2] | micro_bs = 8 | time = [24009, 23955, 24087, 23903, 23766] | memory = [26756, 26896, 26991, 26952, 23328]

num_targets: [1, 1, 1, 1, 1, 1, 1, 1, 1, 1, 1, 1, 1]
num_hops: [1, 2, 1, 1, 1, 1, 2, 2, 1, 2, 4, 1, 1]
search time = 200.10 s.  [0, 1, 2, 3, 4, 5, 6, 7, 8, 9, 10, 11, 12, 13, 209] 
num_explored_cases = 4962
time trend: [89515, 89263, 45117, 35379, 28792, 28424, 27152, 27145, 24898, 24878, 24623, 24458, 24454, 24087, 24087]

working on num_stages = 7
config has been saved to /home/liminglong.lml/sxz/SuperScaler/logs-large/aceso/configs/scale-layer/128layers/scale-layer_128layers_7stages_2026-5-16-3-15-59.json

========== Best Result (num_stages = 7) ==========
|24691.20|26932.62| op = [200, 199, 209, 214, 212, 223, 410]| tp = [1, 1, 1, 1, 1, 1, 1, ] | dp = [1, 1, 1, 1, 1, 1, 2, ] | algo = [0, 0, 0, 0, 0, 0, 0, ] | rc = [105, 104, 80, 64, 60, 46, 44] | gpus = [1, 1, 1, 1, 1, 1, 2] | micro_bs = 8 | time = [24691, 24527, 24499, 24505, 24678, 23987, 24148] | memory = [26895, 26762, 26932, 25564, 25980, 26796, 23328]
start|64439.98|25743.46| op = [238, 238, 238, 238, 238, 238, 239]| tp = [2, 1, 1, 1, 1, 1, 1, ] | dp = [1, 1, 1, 1, 1, 1, 1, ] | algo = [0, 0, 0, 0, 0, 0, 0, ] | rc = [0, 8, 0, 0, 0, 0, 0] | gpus = [2, 1, 1, 1, 1, 1, 1] | micro_bs = 1 | time = [64439, 40265, 38876, 39003, 39347, 38916, 44130] | memory = [17478, 25743, 23467, 19018, 15123, 10099, 6453]

[ Trial 0 ] |64439.98|25743.46| op = [238, 238, 238, 238, 238, 238, 239]| tp = [2, 1, 1, 1, 1, 1, 1, ] | dp = [1, 1, 1, 1, 1, 1, 1, ] | algo = [0, 0, 0, 0, 0, 0, 0, ] | rc = [0, 8, 0, 0, 0, 0, 0] | gpus = [2, 1, 1, 1, 1, 1, 1] | micro_bs = 1 | time = [64439, 40265, 38876, 39003, 39347, 38916, 44130] | memory = [17478, 25743, 23467, 19018, 15123, 10099, 6453]
>>>> [CONFIG: target(0), prim(dec_tp)]
|63411.01|25743.46| op = [238, 238, 238, 238, 238, 238, 239]| tp = [1, 1, 1, 1, 2, 1, 1, ] | dp = [1, 1, 1, 1, 1, 1, 1, ] | algo = [0, 0, 0, 0, 0, 0, 0, ] | rc = [20, 8, 0, 0, 0, 0, 0] | gpus = [1, 1, 1, 1, 2, 1, 1] | micro_bs = 1 | time = [41666, 40266, 38877, 39004, 63411, 38917, 44131] | memory = [23201, 25743, 23467, 19018, 7943, 10099, 6453]

[ Trial 1 ] |63411.01|25743.46| op = [238, 238, 238, 238, 238, 238, 239]| tp = [1, 1, 1, 1, 2, 1, 1, ] | dp = [1, 1, 1, 1, 1, 1, 1, ] | algo = [0, 0, 0, 0, 0, 0, 0, ] | rc = [20, 8, 0, 0, 0, 0, 0] | gpus = [1, 1, 1, 1, 2, 1, 1] | micro_bs = 1 | time = [41666, 40266, 38877, 39004, 63411, 38917, 44131] | memory = [23201, 25743, 23467, 19018, 7943, 10099, 6453]
>>>> [CONFIG: target(4), prim(dec_tp)]
|63687.30|25743.46| op = [238, 238, 238, 238, 238, 238, 239]| tp = [1, 1, 2, 1, 1, 1, 1, ] | dp = [1, 1, 1, 1, 1, 1, 1, ] | algo = [0, 0, 0, 0, 0, 0, 0, ] | rc = [20, 8, 0, 0, 0, 0, 0] | gpus = [1, 1, 2, 1, 1, 1, 1] | micro_bs = 1 | time = [41667, 40267, 63687, 39005, 39349, 38918, 44132] | memory = [23201, 25743, 12387, 19018, 15123, 10099, 6453]
>>>> [CONFIG: target(2), prim(inc_mbs)]
|33706.96|26422.14| op = [238, 238, 238, 238, 238, 238, 239]| tp = [1, 1, 1, 1, 1, 1, 1, ] | dp = [1, 1, 2, 1, 1, 1, 1, ] | algo = [0, 0, 0, 0, 0, 0, 0, ] | rc = [42, 38, 0, 28, 10, 0, 0] | gpus = [1, 1, 2, 1, 1, 1, 1] | micro_bs = 2 | time = [33196, 32806, 19675, 31266, 30136, 28585, 33706] | memory = [26422, 24698, 23467, 21304, 25351, 19314, 11631]

[ Trial 2 ] |33706.96|26422.14| op = [238, 238, 238, 238, 238, 238, 239]| tp = [1, 1, 1, 1, 1, 1, 1, ] | dp = [1, 1, 2, 1, 1, 1, 1, ] | algo = [0, 0, 0, 0, 0, 0, 0, ] | rc = [42, 38, 0, 28, 10, 0, 0] | gpus = [1, 1, 2, 1, 1, 1, 1] | micro_bs = 2 | time = [33196, 32806, 19675, 31266, 30136, 28585, 33706] | memory = [26422, 24698, 23467, 21304, 25351, 19314, 11631]
>>>> [CONFIG: target(6), prim(inc_mbs)]
|28745.12|26613.18| op = [238, 238, 238, 238, 238, 238, 239]| tp = [1, 1, 1, 1, 1, 1, 1, ] | dp = [1, 1, 2, 1, 1, 1, 1, ] | algo = [0, 0, 0, 0, 0, 0, 0, ] | rc = [70, 69, 36, 48, 38, 28, 0] | gpus = [1, 1, 2, 1, 1, 1, 1] | micro_bs = 4 | time = [28630, 28745, 16401, 26470, 26229, 24751, 27283] | memory = [26464, 25745, 20423, 26613, 25646, 22192, 21982]

[ Trial 3 ] |28745.12|26613.18| op = [238, 238, 238, 238, 238, 238, 239]| tp = [1, 1, 1, 1, 1, 1, 1, ] | dp = [1, 1, 2, 1, 1, 1, 1, ] | algo = [0, 0, 0, 0, 0, 0, 0, ] | rc = [70, 69, 36, 48, 38, 28, 0] | gpus = [1, 1, 2, 1, 1, 1, 1] | micro_bs = 4 | time = [28630, 28745, 16401, 26470, 26229, 24751, 27283] | memory = [26464, 25745, 20423, 26613, 25646, 22192, 21982]
>>>> [CONFIG: target(1), prim(dec_op)]
|25348.97|26940.37| op = [200, 206, 354, 222, 234, 234, 217]| tp = [1, 1, 1, 1, 1, 1, 1, ] | dp = [1, 1, 2, 1, 1, 1, 1, ] | algo = [0, 0, 0, 0, 0, 0, 0, ] | rc = [54, 52, 71, 44, 36, 28, 0] | gpus = [1, 1, 2, 1, 1, 1, 1] | micro_bs = 4 | time = [23941, 23998, 25348, 25108, 25248, 24541, 25018] | memory = [26709, 26795, 26940, 26680, 24806, 22052, 19974]

[ Trial 4 ] |25348.97|26940.37| op = [200, 206, 354, 222, 234, 234, 217]| tp = [1, 1, 1, 1, 1, 1, 1, ] | dp = [1, 1, 2, 1, 1, 1, 1, ] | algo = [0, 0, 0, 0, 0, 0, 0, ] | rc = [54, 52, 71, 44, 36, 28, 0] | gpus = [1, 1, 2, 1, 1, 1, 1] | micro_bs = 4 | time = [23941, 23998, 25348, 25108, 25248, 24541, 25018] | memory = [26709, 26795, 26940, 26680, 24806, 22052, 19974]
>>>> [CONFIG: target(2), prim(dec_dp)]
|42866.32|26984.74| op = [200, 206, 354, 222, 234, 234, 217]| tp = [1, 1, 1, 1, 1, 1, 1, ] | dp = [2, 1, 1, 1, 1, 1, 1, ] | algo = [0, 0, 0, 0, 0, 0, 0, ] | rc = [30, 52, 111, 44, 36, 28, 0] | gpus = [2, 1, 1, 1, 1, 1, 1] | micro_bs = 4 | time = [14258, 24028, 42866, 25139, 25278, 24572, 25048] | memory = [24552, 26795, 26984, 26680, 24806, 22052, 19974]
>>>> [CONFIG: target(2), prim(dec_op)]
|26235.58|26987.90| op = [331, 208, 221, 222, 234, 234, 217]| tp = [1, 1, 1, 1, 1, 1, 1, ] | dp = [2, 1, 1, 1, 1, 1, 1, ] | algo = [0, 0, 0, 0, 0, 0, 0, ] | rc = [87, 59, 57, 44, 36, 28, 0] | gpus = [2, 1, 1, 1, 1, 1, 1] | micro_bs = 4 | time = [24732, 25068, 26235, 25119, 25259, 24552, 25028] | memory = [26901, 26987, 26498, 26680, 24806, 22052, 19974]
>>>> [CONFIG: target(2), prim(inc_dp)]
|41465.70|26987.90| op = [331, 208, 221, 222, 234, 234, 217]| tp = [1, 1, 1, 1, 1, 1, 1, ] | dp = [1, 1, 2, 1, 1, 1, 1, ] | algo = [0, 0, 0, 0, 0, 0, 0, ] | rc = [166, 59, 33, 44, 36, 28, 0] | gpus = [1, 1, 2, 1, 1, 1, 1] | micro_bs = 4 | time = [41465, 25092, 15639, 25143, 25282, 24576, 25052] | memory = [26942, 26987, 21209, 26680, 24806, 22052, 19974]
>>>> [CONFIG: target(0), prim(dec_op)]
|25248.71|26880.28| op = [208, 211, 341, 222, 234, 234, 217]| tp = [1, 1, 1, 1, 1, 1, 1, ] | dp = [1, 1, 2, 1, 1, 1, 1, ] | algo = [0, 0, 0, 0, 0, 0, 0, ] | rc = [58, 54, 67, 44, 36, 28, 0] | gpus = [1, 1, 2, 1, 1, 1, 1] | micro_bs = 4 | time = [24678, 24291, 24384, 25108, 25248, 24542, 25018] | memory = [25710, 26880, 26512, 26680, 24806, 22052, 19974]

[ Trial 5 ] |25248.71|26880.28| op = [208, 211, 341, 222, 234, 234, 217]| tp = [1, 1, 1, 1, 1, 1, 1, ] | dp = [1, 1, 2, 1, 1, 1, 1, ] | algo = [0, 0, 0, 0, 0, 0, 0, ] | rc = [58, 54, 67, 44, 36, 28, 0] | gpus = [1, 1, 2, 1, 1, 1, 1] | micro_bs = 4 | time = [24678, 24291, 24384, 25108, 25248, 24542, 25018] | memory = [25710, 26880, 26512, 26680, 24806, 22052, 19974]
>>>> [CONFIG: target(4), prim(dec_op)]
|25245.32|26932.06| op = [208, 211, 342, 221, 234, 234, 217]| tp = [1, 1, 1, 1, 1, 1, 1, ] | dp = [1, 1, 2, 1, 1, 1, 1, ] | algo = [0, 0, 0, 0, 0, 0, 0, ] | rc = [58, 54, 64, 42, 36, 28, 0] | gpus = [1, 1, 2, 1, 1, 1, 1] | micro_bs = 4 | time = [24675, 24288, 24114, 24508, 25245, 24538, 25014] | memory = [25710, 26880, 26932, 26648, 24806, 22052, 19974]

[ Trial 6 ] |25245.32|26932.06| op = [208, 211, 342, 221, 234, 234, 217]| tp = [1, 1, 1, 1, 1, 1, 1, ] | dp = [1, 1, 2, 1, 1, 1, 1, ] | algo = [0, 0, 0, 0, 0, 0, 0, ] | rc = [58, 54, 64, 42, 36, 28, 0] | gpus = [1, 1, 2, 1, 1, 1, 1] | micro_bs = 4 | time = [24675, 24288, 24114, 24508, 25245, 24538, 25014] | memory = [25710, 26880, 26932, 26648, 24806, 22052, 19974]
>>>> [CONFIG: target(4), prim(dec_op)]
|24894.73|26880.28| op = [208, 211, 348, 224, 225, 238, 213]| tp = [1, 1, 1, 1, 1, 1, 1, ] | dp = [1, 1, 2, 1, 1, 1, 1, ] | algo = [0, 0, 0, 0, 0, 0, 0, ] | rc = [58, 54, 64, 42, 36, 28, 0] | gpus = [1, 1, 2, 1, 1, 1, 1] | micro_bs = 4 | time = [24675, 24288, 24393, 24676, 24846, 24728, 24894] | memory = [25710, 26880, 26658, 26836, 24374, 22192, 19918]

[ Trial 7 ] |24894.73|26880.28| op = [208, 211, 348, 224, 225, 238, 213]| tp = [1, 1, 1, 1, 1, 1, 1, ] | dp = [1, 1, 2, 1, 1, 1, 1, ] | algo = [0, 0, 0, 0, 0, 0, 0, ] | rc = [58, 54, 64, 42, 36, 28, 0] | gpus = [1, 1, 2, 1, 1, 1, 1] | micro_bs = 4 | time = [24675, 24288, 24393, 24676, 24846, 24728, 24894] | memory = [25710, 26880, 26658, 26836, 24374, 22192, 19918]
>>>> [CONFIG: target(6), prim(inc_mbs)]
|26861.77|26988.43| op = [208, 211, 348, 224, 225, 238, 213]| tp = [1, 1, 1, 1, 1, 1, 1, ] | dp = [1, 1, 2, 1, 1, 1, 1, ] | algo = [0, 0, 0, 0, 0, 0, 0, ] | rc = [112, 103, 104, 68, 64, 52, 32] | gpus = [1, 1, 2, 1, 1, 1, 1] | micro_bs = 8 | time = [25390, 25164, 21532, 25817, 26148, 25737, 26861] | memory = [26988, 26820, 26432, 26221, 26940, 26605, 21372]
>>>> [CONFIG: target(6), prim(dec_op)]
|26867.22|26988.43| op = [208, 211, 366, 209, 223, 237, 213]| tp = [1, 1, 1, 1, 1, 1, 1, ] | dp = [1, 1, 2, 1, 1, 1, 1, ] | algo = [0, 0, 0, 0, 0, 0, 0, ] | rc = [112, 103, 112, 100, 62, 52, 32] | gpus = [1, 1, 2, 1, 1, 1, 1] | micro_bs = 8 | time = [25395, 25169, 22835, 25716, 25678, 25719, 26867] | memory = [26988, 26820, 26193, 26847, 26896, 26569, 21372]
>>>> [CONFIG: target(6), prim(dec_op)]
|25379.50|26988.43| op = [208, 211, 393, 215, 221, 226, 193]| tp = [1, 1, 1, 1, 1, 1, 1, ] | dp = [1, 1, 2, 1, 1, 1, 1, ] | algo = [0, 0, 0, 0, 0, 0, 0, ] | rc = [112, 103, 155, 70, 60, 48, 26] | gpus = [1, 1, 2, 1, 1, 1, 1] | micro_bs = 8 | time = [25379, 25153, 24871, 25002, 25050, 24882, 24882] | memory = [26988, 26820, 26850, 26772, 26796, 26900, 22567]
>>>> [CONFIG: target(0), prim(inc_dp)]
|48955.14|26900.75| op = [208, 211, 393, 215, 221, 226, 193]| tp = [1, 1, 1, 1, 1, 1, 1, ] | dp = [2, 1, 1, 1, 1, 1, 1, ] | algo = [0, 0, 0, 0, 0, 0, 0, ] | rc = [58, 103, 370, 70, 60, 48, 26] | gpus = [2, 1, 1, 1, 1, 1, 1] | micro_bs = 8 | time = [13362, 25247, 48955, 25096, 25144, 24976, 24975] | memory = [25710, 26820, 24848, 26772, 26796, 26900, 22567]
>>>> [CONFIG: target(2), prim(inc_tp)]
|63073.38|26988.43| op = [208, 211, 393, 215, 221, 226, 193]| tp = [1, 1, 2, 1, 1, 1, 1, ] | dp = [1, 1, 1, 1, 1, 1, 1, ] | algo = [0, 0, 0, 0, 0, 0, 0, ] | rc = [112, 103, 243, 70, 60, 48, 26] | gpus = [1, 1, 2, 1, 1, 1, 1] | micro_bs = 8 | time = [25677, 25452, 63073, 25301, 25349, 25180, 25180] | memory = [26988, 26820, 26330, 26772, 26796, 26900, 22567]
>>>> [CONFIG: target(2), prim(dec_tp)]
|48953.71|26988.43| op = [208, 211, 393, 215, 221, 226, 193]| tp = [1, 1, 1, 1, 1, 1, 1, ] | dp = [1, 1, 1, 1, 1, 1, 2, ] | algo = [0, 0, 0, 0, 0, 0, 0, ] | rc = [112, 103, 370, 70, 60, 48, 0] | gpus = [1, 1, 1, 1, 1, 1, 2] | micro_bs = 8 | time = [25471, 25245, 48953, 25095, 25143, 24974, 12681] | memory = [26988, 26820, 24848, 26772, 26796, 26900, 18749]
>>>> [CONFIG: target(2), prim(dec_op)]
|24691.20|26932.62| op = [200, 199, 209, 214, 212, 223, 410]| tp = [1, 1, 1, 1, 1, 1, 1, ] | dp = [1, 1, 1, 1, 1, 1, 2, ] | algo = [0, 0, 0, 0, 0, 0, 0, ] | rc = [105, 104, 80, 64, 60, 46, 44] | gpus = [1, 1, 1, 1, 1, 1, 2] | micro_bs = 8 | time = [24691, 24527, 24499, 24505, 24678, 23987, 24148] | memory = [26895, 26762, 26932, 25564, 25980, 26796, 23328]

num_targets: [1, 1, 1, 1, 1, 1, 1, 1]
num_hops: [1, 2, 1, 1, 4, 1, 1, 7]
search time = 200.12 s.  [0, 1, 2, 3, 4, 17, 18, 19, 28, 206] 
num_explored_cases = 5212
time trend: [64439, 63411, 33706, 28745, 25348, 25248, 25245, 24894, 24691, 24691]

working on num_stages = 3
config has been saved to /home/liminglong.lml/sxz/SuperScaler/logs-large/aceso/configs/scale-layer/128layers/scale-layer_128layers_3stages_2026-5-16-3-15-59.json

========== Best Result (num_stages = 3) ==========
|25777.72|26828.68| op = [445, 460, 762]| tp = [1, 1, 1, ] | dp = [2, 2, 4, ] | algo = [0, 0, 0, ] | rc = [118, 96, 66] | gpus = [2, 2, 4] | micro_bs = 8 | time = [25760, 25777, 25720] | memory = [26732, 26828, 24047]
start|186572.83|12220.75| op = [555, 555, 557]| tp = [4, 2, 2, ] | dp = [1, 1, 1, ] | algo = [0, 0, 0, ] | rc = [0, 0, 0] | gpus = [4, 2, 2] | micro_bs = 1 | time = [186572, 148149, 151463] | memory = [10036, 12220, 7177]

[ Trial 0 ] |186572.83|12220.75| op = [555, 555, 557]| tp = [4, 2, 2, ] | dp = [1, 1, 1, ] | algo = [0, 0, 0, ] | rc = [0, 0, 0] | gpus = [4, 2, 2] | micro_bs = 1 | time = [186572, 148149, 151463] | memory = [10036, 12220, 7177]
>>>> [CONFIG: target(0), prim(dec_tp)]
|186545.43|18130.16| op = [555, 555, 557]| tp = [2, 4, 2, ] | dp = [1, 1, 1, ] | algo = [0, 0, 0, ] | rc = [0, 0, 0] | gpus = [2, 4, 2] | micro_bs = 1 | time = [148257, 186545, 151463] | memory = [18130, 6774, 7177]

[ Trial 1 ] |186545.43|18130.16| op = [555, 555, 557]| tp = [2, 4, 2, ] | dp = [1, 1, 1, ] | algo = [0, 0, 0, ] | rc = [0, 0, 0] | gpus = [2, 4, 2] | micro_bs = 1 | time = [148257, 186545, 151463] | memory = [18130, 6774, 7177]
>>>> [CONFIG: target(1), prim(inc_mbs)]
|74096.35|23358.10| op = [555, 555, 557]| tp = [1, 2, 1, ] | dp = [2, 2, 2, ] | algo = [0, 0, 0, ] | rc = [52, 0, 0] | gpus = [2, 4, 2] | micro_bs = 2 | time = [47986, 74096, 47916] | memory = [23358, 12220, 13749]

[ Trial 2 ] |74096.35|23358.10| op = [555, 555, 557]| tp = [1, 2, 1, ] | dp = [2, 2, 2, ] | algo = [0, 0, 0, ] | rc = [52, 0, 0] | gpus = [2, 4, 2] | micro_bs = 2 | time = [47986, 74096, 47916] | memory = [23358, 12220, 13749]
>>>> [CONFIG: target(1), prim(dec_tp)]
|74144.94|23240.75| op = [555, 555, 557]| tp = [2, 1, 1, ] | dp = [2, 2, 2, ] | algo = [0, 0, 0, ] | rc = [0, 0, 0] | gpus = [4, 2, 2] | micro_bs = 2 | time = [74144, 45238, 47910] | memory = [18130, 23240, 13749]
>>>> [CONFIG: target(0), prim(dec_dp)]
|110013.46|23076.06| op = [555, 555, 557]| tp = [2, 2, 1, ] | dp = [1, 2, 2, ] | algo = [0, 0, 0, ] | rc = [56, 0, 0] | gpus = [2, 4, 2] | micro_bs = 2 | time = [110013, 74217, 48037] | memory = [23076, 12220, 13749]
>>>> [CONFIG: target(0), prim(dec_op)]
|68103.53|22229.17| op = [350, 509, 808]| tp = [2, 2, 1, ] | dp = [1, 2, 2, ] | algo = [0, 0, 0, ] | rc = [0, 0, 0] | gpus = [2, 4, 2] | micro_bs = 2 | time = [67947, 68083, 68103] | memory = [22229, 11268, 19456]

[ Trial 3 ] |68103.53|22229.17| op = [350, 509, 808]| tp = [2, 2, 1, ] | dp = [1, 2, 2, ] | algo = [0, 0, 0, ] | rc = [0, 0, 0] | gpus = [2, 4, 2] | micro_bs = 2 | time = [67947, 68083, 68103] | memory = [22229, 11268, 19456]
>>>> [CONFIG: target(2), prim(inc_mbs)]
|54740.76|22951.93| op = [350, 509, 808]| tp = [1, 1, 1, ] | dp = [2, 4, 2, ] | algo = [0, 0, 0, ] | rc = [54, 0, 88] | gpus = [2, 4, 2] | micro_bs = 4 | time = [23787, 20901, 54740] | memory = [19141, 21428, 22951]

[ Trial 4 ] |54740.76|22951.93| op = [350, 509, 808]| tp = [1, 1, 1, ] | dp = [2, 4, 2, ] | algo = [0, 0, 0, ] | rc = [54, 0, 88] | gpus = [2, 4, 2] | micro_bs = 4 | time = [23787, 20901, 54740] | memory = [19141, 21428, 22951]
>>>> [CONFIG: target(2), prim(dec_op)]
|32435.94|24941.65| op = [423, 741, 503]| tp = [1, 1, 1, ] | dp = [2, 4, 2, ] | algo = [0, 0, 0, ] | rc = [66, 44, 0] | gpus = [2, 4, 2] | micro_bs = 4 | time = [28749, 31286, 32435] | memory = [22944, 24941, 22470]

[ Trial 5 ] |32435.94|24941.65| op = [423, 741, 503]| tp = [1, 1, 1, ] | dp = [2, 4, 2, ] | algo = [0, 0, 0, ] | rc = [66, 44, 0] | gpus = [2, 4, 2] | micro_bs = 4 | time = [28749, 31286, 32435] | memory = [22944, 24941, 22470]
>>>> [CONFIG: target(2), prim(inc_mbs)]
|29043.86|26943.07| op = [423, 741, 503]| tp = [1, 1, 1, ] | dp = [2, 4, 2, ] | algo = [0, 0, 0, ] | rc = [112, 114, 76] | gpus = [2, 4, 2] | micro_bs = 8 | time = [24725, 25076, 29043] | memory = [26516, 26943, 21368]

[ Trial 6 ] |29043.86|26943.07| op = [423, 741, 503]| tp = [1, 1, 1, ] | dp = [2, 4, 2, ] | algo = [0, 0, 0, ] | rc = [112, 114, 76] | gpus = [2, 4, 2] | micro_bs = 8 | time = [24725, 25076, 29043] | memory = [26516, 26943, 21368]
>>>> [CONFIG: target(2), prim(dec_op)]
|27340.12|26895.44| op = [423, 778, 466]| tp = [1, 1, 1, ] | dp = [2, 4, 2, ] | algo = [0, 0, 0, ] | rc = [112, 130, 70] | gpus = [2, 4, 2] | micro_bs = 8 | time = [24723, 26573, 27340] | memory = [26516, 26895, 20840]

[ Trial 7 ] |27340.12|26895.44| op = [423, 778, 466]| tp = [1, 1, 1, ] | dp = [2, 4, 2, ] | algo = [0, 0, 0, ] | rc = [112, 130, 70] | gpus = [2, 4, 2] | micro_bs = 8 | time = [24723, 26573, 27340] | memory = [26516, 26895, 20840]
>>>> [CONFIG: target(2), prim(inc_dp)]
|45304.45|26846.88| op = [423, 778, 466]| tp = [1, 1, 1, ] | dp = [2, 2, 4, ] | algo = [0, 0, 0, ] | rc = [112, 224, 0] | gpus = [2, 2, 4] | micro_bs = 8 | time = [24778, 45304, 15667] | memory = [26516, 26846, 21270]
>>>> [CONFIG: target(1), prim(dec_op)]
|26057.77|26968.93| op = [436, 464, 767]| tp = [1, 1, 1, ] | dp = [2, 2, 4, ] | algo = [0, 0, 0, ] | rc = [118, 96, 70] | gpus = [2, 2, 4] | micro_bs = 8 | time = [25484, 25456, 26057] | memory = [26924, 26968, 23907]

[ Trial 8 ] |26057.77|26968.93| op = [436, 464, 767]| tp = [1, 1, 1, ] | dp = [2, 2, 4, ] | algo = [0, 0, 0, ] | rc = [118, 96, 70] | gpus = [2, 2, 4] | micro_bs = 8 | time = [25484, 25456, 26057] | memory = [26924, 26968, 23907]
>>>> [CONFIG: target(2), prim(dec_dp)]
|44389.62|26995.42| op = [436, 464, 767]| tp = [1, 1, 1, ] | dp = [4, 2, 2, ] | algo = [0, 0, 0, ] | rc = [68, 96, 160] | gpus = [4, 2, 2] | micro_bs = 8 | time = [15223, 25518, 44389] | memory = [23604, 26968, 26995]
>>>> [CONFIG: target(2), prim(dec_op)]
|26841.40|26984.93| op = [735, 468, 464]| tp = [1, 1, 1, ] | dp = [4, 2, 2, ] | algo = [0, 0, 0, ] | rc = [178, 100, 66] | gpus = [4, 2, 2] | micro_bs = 8 | time = [26660, 26015, 26841] | memory = [26964, 26984, 21152]
>>>> [CONFIG: target(2), prim(inc_dp)]
|44445.65|26984.93| op = [735, 468, 464]| tp = [1, 1, 1, ] | dp = [2, 2, 4, ] | algo = [0, 0, 0, ] | rc = [312, 100, 0] | gpus = [2, 2, 4] | micro_bs = 8 | time = [44445, 26065, 15490] | memory = [26909, 26984, 20850]
>>>> [CONFIG: target(0), prim(dec_op)]
|25807.29|26868.80| op = [445, 462, 760]| tp = [1, 1, 1, ] | dp = [2, 2, 4, ] | algo = [0, 0, 0, ] | rc = [118, 96, 66] | gpus = [2, 2, 4] | micro_bs = 8 | time = [25760, 25807, 25693] | memory = [26732, 26868, 24037]

[ Trial 9 ] |25807.29|26868.80| op = [445, 462, 760]| tp = [1, 1, 1, ] | dp = [2, 2, 4, ] | algo = [0, 0, 0, ] | rc = [118, 96, 66] | gpus = [2, 2, 4] | micro_bs = 8 | time = [25760, 25807, 25693] | memory = [26732, 26868, 24037]
>>>> [CONFIG: target(1), prim(dec_op)]
|25788.45|26852.68| op = [445, 461, 761]| tp = [1, 1, 1, ] | dp = [2, 2, 4, ] | algo = [0, 0, 0, ] | rc = [118, 96, 66] | gpus = [2, 2, 4] | micro_bs = 8 | time = [25760, 25788, 25707] | memory = [26732, 26852, 24037]

[ Trial 10 ] |25788.45|26852.68| op = [445, 461, 761]| tp = [1, 1, 1, ] | dp = [2, 2, 4, ] | algo = [0, 0, 0, ] | rc = [118, 96, 66] | gpus = [2, 2, 4] | micro_bs = 8 | time = [25760, 25788, 25707] | memory = [26732, 26852, 24037]
>>>> [CONFIG: target(1), prim(inc_dp)]
|43783.79|26971.42| op = [445, 461, 761]| tp = [1, 1, 1, ] | dp = [2, 4, 2, ] | algo = [0, 0, 0, ] | rc = [118, 56, 154] | gpus = [2, 4, 2] | micro_bs = 8 | time = [25821, 15637, 43783] | memory = [26732, 21820, 26971]
>>>> [CONFIG: target(2), prim(dec_op)]
|26751.95|26895.25| op = [445, 763, 459]| tp = [1, 1, 1, ] | dp = [2, 4, 2, ] | algo = [0, 0, 0, ] | rc = [118, 126, 66] | gpus = [2, 4, 2] | micro_bs = 8 | time = [25770, 26071, 26751] | memory = [26732, 26895, 21064]
>>>> [CONFIG: target(2), prim(inc_dp)]
|44547.70|26922.51| op = [445, 763, 459]| tp = [1, 1, 1, ] | dp = [2, 2, 4, ] | algo = [0, 0, 0, ] | rc = [118, 220, 0] | gpus = [2, 2, 4] | micro_bs = 8 | time = [25826, 44547, 15423] | memory = [26732, 26922, 20796]
>>>> [CONFIG: target(1), prim(dec_mbs)]
|51529.35|26895.25| op = [445, 763, 459]| tp = [1, 1, 1, ] | dp = [2, 2, 4, ] | algo = [0, 0, 0, ] | rc = [68, 126, 0] | gpus = [2, 2, 4] | micro_bs = 4 | time = [29966, 51529, 20170] | memory = [23868, 26895, 11444]
>>>> [CONFIG: target(1), prim(dec_op)]
|31466.84|24528.65| op = [458, 468, 741]| tp = [1, 1, 1, ] | dp = [2, 2, 4, ] | algo = [0, 0, 0, ] | rc = [70, 58, 0] | gpus = [2, 2, 4] | micro_bs = 4 | time = [30793, 30791, 31466] | memory = [24528, 21412, 17940]
>>>> [CONFIG: target(2), prim(inc_mbs)]
|26573.83|26952.93| op = [458, 468, 741]| tp = [1, 1, 1, ] | dp = [2, 2, 4, ] | algo = [0, 0, 0, ] | rc = [128, 102, 60] | gpus = [2, 2, 4] | micro_bs = 8 | time = [26573, 26035, 25067] | memory = [26949, 26952, 24267]
>>>> [CONFIG: target(0), prim(dec_op)]
|25777.72|26828.68| op = [445, 460, 762]| tp = [1, 1, 1, ] | dp = [2, 2, 4, ] | algo = [0, 0, 0, ] | rc = [118, 96, 66] | gpus = [2, 2, 4] | micro_bs = 8 | time = [25760, 25777, 25720] | memory = [26732, 26828, 24047]

num_targets: [1, 1, 1, 1, 1, 1, 1, 1, 1, 1, 1]
num_hops: [1, 1, 3, 1, 1, 1, 1, 2, 4, 1, 7]
search time = 200.19 s.  [0, 1, 2, 3, 4, 5, 6, 7, 8, 10, 11, 21, 110, 151, 210] 
num_explored_cases = 7890
time trend: [186572, 186545, 74096, 68103, 54740, 32435, 29043, 27340, 26057, 25807, 25788, 25777, 25777, 25799, 25856]

# of stages	est_iteration_time(s)	est_thpt(samples/s)	est_mem(MB)	# of explored cases
5          	24.09                	42.51              	26992      	4962               

overall search time: 200.27 s
