------------------------ arguments ------------------------
  adaptive_hyper_parameters ....................... 5
  add_action_finetune_algo ........................ False
  add_action_finetune_dim ......................... False
  add_action_tp_dp_exchange ....................... False
  add_action_tune_tp_dp ........................... False
  check_recompute_with_group ...................... False
  config_save_path ................................ /home/liminglong.lml/sxz/SuperScaler/logs-large/aceso/configs/scale-layer/32layers/
  config_suffix ................................... 2026-5-16-3-9-19
  consider_collective_memory ...................... False
  consider_reserved_space ......................... True
  consider_shared_space ........................... True
  continue_when_fail .............................. True
  decoder_seq_len ................................. 512
  end_num_stages .................................. 8
  finetune_after_trial ............................ 0
  finetune_tp_dp_after_trial ...................... False
  flex_recompute .................................. True
  forbid_turn_back ................................ False
  global_batch_size ............................... 1024
  high_memory_rate ................................ 0.9
  init_dim ........................................ tp
  initial_point ................................... balance
  log_path ........................................ /home/liminglong.lml/sxz/SuperScaler/logs-large/aceso/search/scale-layer/32layers/
  max_num_hops .................................... 7
  max_num_trials .................................. 100
  max_op_move_steps ............................... 5
  max_tp .......................................... 8
  memory_limit .................................... 28000
  memory_main_params .............................. 2
  memory_optimizer ................................ 4
  memory_pred_type ................................ MAX
  micro_batch_size ................................ [1, 2, 4, 8]
  min_mbs ......................................... 1
  model_name ...................................... scale-layer
  model_size ...................................... 32layers
  multi_process ................................... True
  num_algos ....................................... 2
  num_gpus ........................................ 8
  num_gpus_per_node ............................... 8
  num_layers ...................................... 32
  num_nodes ....................................... 1
  num_of_saved_configs ............................ 1
  num_partners_in_op_mig .......................... 1
  only_top_1_target ............................... False
  op_group_size ................................... 1
  peak_mem_in_backward ............................ 1000
  predict_delta_time .............................. True
  print_debug_info ................................ False
  print_gpu_mig_details ........................... False
  print_move_op_details ........................... False
  print_recomp_debug_info ......................... False
  print_recompute_ops ............................. False
  profiled_time_path .............................. /home/liminglong.lml/sxz/SuperScaler/profiler/profiled-time-eurosys/
  random_order_actions ............................ False
  resharding ...................................... True
  save_to_csv ..................................... None
  seq_len ......................................... 2048
  simple_prim_mbs ................................. False
  simple_prim_mig ................................. False
  sort_metric ..................................... max_stage_time
  start_num_stages ................................ 1
  support_comm_predict ............................ False
  time_budget_per_trial ........................... 200
  time_budget_total ............................... 200
-------------------- end of arguments ---------------------
working on num_stages = 1
config has been saved to /home/liminglong.lml/sxz/SuperScaler/logs-large/aceso/configs/scale-layer/32layers/scale-layer_32layers_1stages_2026-5-16-3-9-19.json

========== Best Result (num_stages = 1) ==========
|9164.78|10950.07| op = [419]| tp = [1, ] | dp = [8, ] | algo = [0, ] | rc = [0] | gpus = [8] | micro_bs = 8 | time = [9164] | memory = [10950]
start|153748.05|1826.09| op = [419]| tp = [8, ] | dp = [1, ] | algo = [0, ] | rc = [0] | gpus = [8] | micro_bs = 1 | time = [153748] | memory = [1826]

[ Trial 0 ] |153748.05|1826.09| op = [419]| tp = [8, ] | dp = [1, ] | algo = [0, ] | rc = [0] | gpus = [8] | micro_bs = 1 | time = [153748] | memory = [1826]
>>>> [CONFIG: target(0), prim(inc_mbs)]
|71272.69|3154.09| op = [419]| tp = [4, ] | dp = [2, ] | algo = [0, ] | rc = [0] | gpus = [8] | micro_bs = 2 | time = [71272] | memory = [3154]

[ Trial 1 ] |71272.69|3154.09| op = [419]| tp = [4, ] | dp = [2, ] | algo = [0, ] | rc = [0] | gpus = [8] | micro_bs = 2 | time = [71272] | memory = [3154]
>>>> [CONFIG: target(0), prim(inc_mbs)]
|28704.02|5710.09| op = [419]| tp = [2, ] | dp = [4, ] | algo = [0, ] | rc = [0] | gpus = [8] | micro_bs = 4 | time = [28704] | memory = [5710]

[ Trial 2 ] |28704.02|5710.09| op = [419]| tp = [2, ] | dp = [4, ] | algo = [0, ] | rc = [0] | gpus = [8] | micro_bs = 4 | time = [28704] | memory = [5710]
>>>> [CONFIG: target(0), prim(inc_mbs)]
|9164.78|10950.07| op = [419]| tp = [1, ] | dp = [8, ] | algo = [0, ] | rc = [0] | gpus = [8] | micro_bs = 8 | time = [9164] | memory = [10950]

num_targets: [1, 1, 1]
num_hops: [1, 1, 1]
search time = 0.23 s.  [0, 1, 2, 3, 4, 5, 6, 7, 8, 9, 10, 11, 12, 13, 14, 15, 16, 17, 18, 19, 20, 21, 22, 23, 24] 
num_explored_cases = 45
time trend: [153748, 71272, 28704, 9164, 9164, 9164, 9164, 9164, 9164, 9164, 28704, 28704, 28704, 28704, 28704, 71272, 71272, 71272, 71272, 71272, 153748, 153748, 153748, 153748, 153748]

working on num_stages = 2
config has been saved to /home/liminglong.lml/sxz/SuperScaler/logs-large/aceso/configs/scale-layer/32layers/scale-layer_32layers_2stages_2026-5-16-3-9-19.json

========== Best Result (num_stages = 2) ==========
|6990.22|19498.20| op = [228, 191]| tp = [1, 1, ] | dp = [4, 4, ] | algo = [0, 0, ] | rc = [0, 0] | gpus = [4, 4] | micro_bs = 8 | time = [6990, 6909] | memory = [19498, 9508]
start|72364.37|2763.08| op = [209, 210]| tp = [4, 4, ] | dp = [1, 1, ] | algo = [0, 0, ] | rc = [0, 0] | gpus = [4, 4] | micro_bs = 1 | time = [70625, 72364] | memory = [2763, 1692]

[ Trial 0 ] |72364.37|2763.08| op = [209, 210]| tp = [4, 4, ] | dp = [1, 1, ] | algo = [0, 0, ] | rc = [0, 0] | gpus = [4, 4] | micro_bs = 1 | time = [70625, 72364] | memory = [2763, 1692]
>>>> [CONFIG: target(1), prim(inc_mbs)]
|29513.84|4927.08| op = [209, 210]| tp = [2, 2, ] | dp = [2, 2, ] | algo = [0, 0, ] | rc = [0, 0] | gpus = [4, 4] | micro_bs = 2 | time = [28159, 29513] | memory = [4927, 3028]

[ Trial 1 ] |29513.84|4927.08| op = [209, 210]| tp = [2, 2, ] | dp = [2, 2, ] | algo = [0, 0, ] | rc = [0, 0] | gpus = [4, 4] | micro_bs = 2 | time = [28159, 29513] | memory = [4927, 3028]
>>>> [CONFIG: target(1), prim(inc_mbs)]
|9847.98|9383.04| op = [209, 210]| tp = [1, 1, ] | dp = [4, 4, ] | algo = [0, 0, ] | rc = [0, 0] | gpus = [4, 4] | micro_bs = 4 | time = [8629, 9847] | memory = [9383, 5828]

[ Trial 2 ] |9847.98|9383.04| op = [209, 210]| tp = [1, 1, ] | dp = [4, 4, ] | algo = [0, 0, ] | rc = [0, 0] | gpus = [4, 4] | micro_bs = 4 | time = [8629, 9847] | memory = [9383, 5828]
>>>> [CONFIG: target(1), prim(dec_op)]
|9326.00|9923.10| op = [222, 197]| tp = [1, 1, ] | dp = [4, 4, ] | algo = [0, 0, ] | rc = [0, 0] | gpus = [4, 4] | micro_bs = 4 | time = [9151, 9326] | memory = [9923, 5534]

[ Trial 6 ] |9326.00|9923.10| op = [222, 197]| tp = [1, 1, ] | dp = [4, 4, ] | algo = [0, 0, ] | rc = [0, 0] | gpus = [4, 4] | micro_bs = 4 | time = [9151, 9326] | memory = [9923, 5534]
>>>> [CONFIG: target(1), prim(dec_op)]
|9311.58|9927.14| op = [223, 196]| tp = [1, 1, ] | dp = [4, 4, ] | algo = [0, 0, ] | rc = [0, 0] | gpus = [4, 4] | micro_bs = 4 | time = [9191, 9311] | memory = [9927, 5534]
>>>> [CONFIG: target(1), prim(dec_mbs)]
|29958.90|5215.17| op = [223, 196]| tp = [2, 2, ] | dp = [2, 2, ] | algo = [0, 0, ] | rc = [0, 0] | gpus = [4, 4] | micro_bs = 2 | time = [29958, 27764] | memory = [5215, 2874]
>>>> [CONFIG: target(0), prim(dec_op)]
|28884.91|5153.11| op = [215, 204]| tp = [2, 2, ] | dp = [2, 2, ] | algo = [0, 0, ] | rc = [0, 0] | gpus = [4, 4] | micro_bs = 2 | time = [28884, 28864] | memory = [5153, 2913]
>>>> [CONFIG: target(0), prim(inc_mbs)]
|9539.46|9831.07| op = [215, 204]| tp = [1, 1, ] | dp = [4, 4, ] | algo = [0, 0, ] | rc = [0, 0] | gpus = [4, 4] | micro_bs = 4 | time = [8963, 9539] | memory = [9831, 5600]
>>>> [CONFIG: target(1), prim(inc_mbs)]
|7291.76|18466.08| op = [215, 204]| tp = [1, 1, ] | dp = [4, 4, ] | algo = [0, 0, ] | rc = [0, 0] | gpus = [4, 4] | micro_bs = 8 | time = [6607, 7291] | memory = [18466, 10049]
>>>> [CONFIG: target(1), prim(dec_op)]
|6990.22|19498.20| op = [228, 191]| tp = [1, 1, ] | dp = [4, 4, ] | algo = [0, 0, ] | rc = [0, 0] | gpus = [4, 4] | micro_bs = 8 | time = [6990, 6909] | memory = [19498, 9508]

num_targets: [1, 1, 1, 1, 1]
num_hops: [1, 1, 1, 1, 6]
search time = 3.78 s.  [0, 1, 2, 3, 4, 5, 6, 7, 8, 9, 10, 11, 12, 13, 14, 15, 16, 17, 18, 19, 20, 21, 22, 23, 24, 25, 26, 27, 28, 29, 30, 31, 32, 33, 34, 35, 36, 37, 38, 39, 40, 41, 42, 43, 44, 45, 46, 47, 48, 49, 50, 51, 52, 53, 54, 55, 56, 57, 58, 59, 60, 61, 62, 63, 64, 65, 66, 67, 68, 69, 70, 71, 72, 73, 74, 75, 76, 77, 78, 79, 80, 81, 82, 83, 84, 85, 86, 87, 88, 89, 90, 91, 92, 93, 94, 95, 96, 97, 98, 99, 100] 
num_explored_cases = 1111
time trend: [72364, 29513, 9847, 7563, 7033, 7033, 7089, 6990, 6990, 28884, 6990, 6990, 6990, 6990, 6990, 7033, 7033, 7033, 7033, 7033, 7089, 7089, 7089, 7089, 7089, 7138, 7138, 7138, 7138, 7138, 7167, 7167, 7167, 7167, 7167, 7181, 7181, 7181, 7181, 7181, 7260, 7260, 7260, 7260, 7260, 7291, 7291, 7291, 7291, 7291, 7415, 7415, 7415, 7415, 7415, 7563, 7563, 7563, 7563, 7563, 9255, 9255, 9255, 9255, 9255, 9311, 9311, 9311, 9311, 9311, 9326, 9326, 9326, 9326, 9326, 9426, 9426, 9426, 9426, 9426, 9465, 9465, 9465, 9465, 9465, 9484, 9484, 9484, 9484, 9484, 9485, 9485, 9485, 9485, 9485, 9539, 9539, 9539, 9539, 9539, 7194]

working on num_stages = 8
config has been saved to /home/liminglong.lml/sxz/SuperScaler/logs-large/aceso/configs/scale-layer/32layers/scale-layer_32layers_8stages_2026-5-16-3-9-19.json

========== Best Result (num_stages = 8) ==========
|6121.06|23890.98| op = [54, 55, 54, 63, 63, 62, 58, 10]| tp = [1, 1, 1, 1, 1, 1, 1, 1, ] | dp = [1, 1, 1, 1, 1, 1, 1, 1, ] | algo = [0, 0, 0, 0, 0, 0, 0, 0, ] | rc = [6, 4, 4, 0, 0, 0, 0, 0] | gpus = [1, 1, 1, 1, 1, 1, 1, 1] | micro_bs = 4 | time = [5740, 6099, 6042, 6070, 6121, 6076, 6026, 6051] | memory = [20292, 23623, 23890, 23283, 21266, 16233, 11141, 2728]
start|14327.48|8801.09| op = [52, 52, 52, 52, 52, 52, 52, 55]| tp = [1, 1, 1, 1, 1, 1, 1, 1, ] | dp = [1, 1, 1, 1, 1, 1, 1, 1, ] | algo = [0, 0, 0, 0, 0, 0, 0, 0, ] | rc = [0, 0, 0, 0, 0, 0, 0, 0] | gpus = [1, 1, 1, 1, 1, 1, 1, 1] | micro_bs = 1 | time = [9216, 8855, 8855, 8855, 8855, 8855, 8855, 14327] | memory = [8801, 7428, 6440, 5452, 4464, 3476, 2488, 2305]

[ Trial 0 ] |14327.48|8801.09| op = [52, 52, 52, 52, 52, 52, 52, 55]| tp = [1, 1, 1, 1, 1, 1, 1, 1, ] | dp = [1, 1, 1, 1, 1, 1, 1, 1, ] | algo = [0, 0, 0, 0, 0, 0, 0, 0, ] | rc = [0, 0, 0, 0, 0, 0, 0, 0] | gpus = [1, 1, 1, 1, 1, 1, 1, 1] | micro_bs = 1 | time = [9216, 8855, 8855, 8855, 8855, 8855, 8855, 14327] | memory = [8801, 7428, 6440, 5452, 4464, 3476, 2488, 2305]
>>>> [CONFIG: target(7), prim(dec_op)]
|10404.35|8801.09| op = [52, 54, 55, 56, 59, 56, 56, 31]| tp = [1, 1, 1, 1, 1, 1, 1, 1, ] | dp = [1, 1, 1, 1, 1, 1, 1, 1, ] | algo = [0, 0, 0, 0, 0, 0, 0, 0, ] | rc = [0, 0, 0, 0, 0, 0, 0, 0] | gpus = [1, 1, 1, 1, 1, 1, 1, 1] | micro_bs = 1 | time = [9216, 9076, 9796, 9795, 9694, 9809, 9378, 10404] | memory = [8801, 7464, 6872, 6531, 4624, 4118, 2538, 1749]

[ Trial 1 ] |10404.35|8801.09| op = [52, 54, 55, 56, 59, 56, 56, 31]| tp = [1, 1, 1, 1, 1, 1, 1, 1, ] | dp = [1, 1, 1, 1, 1, 1, 1, 1, ] | algo = [0, 0, 0, 0, 0, 0, 0, 0, ] | rc = [0, 0, 0, 0, 0, 0, 0, 0] | gpus = [1, 1, 1, 1, 1, 1, 1, 1] | micro_bs = 1 | time = [9216, 9076, 9796, 9795, 9694, 9809, 9378, 10404] | memory = [8801, 7464, 6872, 6531, 4624, 4118, 2538, 1749]
>>>> [CONFIG: target(7), prim(inc_mbs)]
|8805.28|16994.11| op = [52, 54, 55, 56, 59, 56, 56, 31]| tp = [1, 1, 1, 1, 1, 1, 1, 1, ] | dp = [1, 1, 1, 1, 1, 1, 1, 1, ] | algo = [0, 0, 0, 0, 0, 0, 0, 0, ] | rc = [0, 0, 0, 0, 0, 0, 0, 0] | gpus = [1, 1, 1, 1, 1, 1, 1, 1] | micro_bs = 2 | time = [6660, 6572, 7286, 7312, 6979, 7382, 6760, 8805] | memory = [16994, 14735, 13541, 12867, 9013, 8044, 4864, 2990]

[ Trial 2 ] |8805.28|16994.11| op = [52, 54, 55, 56, 59, 56, 56, 31]| tp = [1, 1, 1, 1, 1, 1, 1, 1, ] | dp = [1, 1, 1, 1, 1, 1, 1, 1, ] | algo = [0, 0, 0, 0, 0, 0, 0, 0, ] | rc = [0, 0, 0, 0, 0, 0, 0, 0] | gpus = [1, 1, 1, 1, 1, 1, 1, 1] | micro_bs = 2 | time = [6660, 6572, 7286, 7312, 6979, 7382, 6760, 8805] | memory = [16994, 14735, 13541, 12867, 9013, 8044, 4864, 2990]
>>>> [CONFIG: target(7), prim(dec_op)]
|7382.11|17661.74| op = [55, 56, 61, 56, 59, 56, 56, 20]| tp = [1, 1, 1, 1, 1, 1, 1, 1, ] | dp = [1, 1, 1, 1, 1, 1, 1, 1, ] | algo = [0, 0, 0, 0, 0, 0, 0, 0, ] | rc = [0, 0, 0, 0, 0, 0, 0, 0] | gpus = [1, 1, 1, 1, 1, 1, 1, 1] | micro_bs = 2 | time = [6913, 7382, 7105, 7382, 6909, 7341, 7312, 7358] | memory = [17182, 17661, 13169, 12853, 8997, 7192, 5648, 2470]

[ Trial 3 ] |7382.11|17661.74| op = [55, 56, 61, 56, 59, 56, 56, 20]| tp = [1, 1, 1, 1, 1, 1, 1, 1, ] | dp = [1, 1, 1, 1, 1, 1, 1, 1, ] | algo = [0, 0, 0, 0, 0, 0, 0, 0, ] | rc = [0, 0, 0, 0, 0, 0, 0, 0] | gpus = [1, 1, 1, 1, 1, 1, 1, 1] | micro_bs = 2 | time = [6913, 7382, 7105, 7382, 6909, 7341, 7312, 7358] | memory = [17182, 17661, 13169, 12853, 8997, 7192, 5648, 2470]
>>>> [CONFIG: target(1), prim(inc_mbs)]
|6725.00|26099.72| op = [55, 56, 61, 56, 59, 56, 56, 20]| tp = [1, 1, 1, 1, 1, 1, 1, 1, ] | dp = [1, 1, 1, 1, 1, 1, 1, 1, ] | algo = [0, 0, 0, 0, 0, 0, 0, 0, ] | rc = [6, 8, 0, 0, 0, 0, 0, 0] | gpus = [1, 1, 1, 1, 1, 1, 1, 1] | micro_bs = 4 | time = [5843, 6513, 5455, 5806, 5310, 5767, 5737, 6725] | memory = [20496, 19579, 26099, 25514, 17766, 14181, 11100, 4460]

[ Trial 4 ] |6725.00|26099.72| op = [55, 56, 61, 56, 59, 56, 56, 20]| tp = [1, 1, 1, 1, 1, 1, 1, 1, ] | dp = [1, 1, 1, 1, 1, 1, 1, 1, ] | algo = [0, 0, 0, 0, 0, 0, 0, 0, ] | rc = [6, 8, 0, 0, 0, 0, 0, 0] | gpus = [1, 1, 1, 1, 1, 1, 1, 1] | micro_bs = 4 | time = [5843, 6513, 5455, 5806, 5310, 5767, 5737, 6725] | memory = [20496, 19579, 26099, 25514, 17766, 14181, 11100, 4460]
>>>> [CONFIG: target(7), prim(dec_op)]
|6513.87|26099.72| op = [55, 56, 61, 56, 61, 62, 58, 10]| tp = [1, 1, 1, 1, 1, 1, 1, 1, ] | dp = [1, 1, 1, 1, 1, 1, 1, 1, ] | algo = [0, 0, 0, 0, 0, 0, 0, 0, ] | rc = [6, 8, 0, 0, 0, 0, 0, 0] | gpus = [1, 1, 1, 1, 1, 1, 1, 1] | micro_bs = 4 | time = [5844, 6513, 5455, 5807, 5455, 6072, 6022, 6047] | memory = [20496, 19579, 26099, 25514, 17906, 16233, 11141, 2728]

[ Trial 5 ] |6513.87|26099.72| op = [55, 56, 61, 56, 61, 62, 58, 10]| tp = [1, 1, 1, 1, 1, 1, 1, 1, ] | dp = [1, 1, 1, 1, 1, 1, 1, 1, ] | algo = [0, 0, 0, 0, 0, 0, 0, 0, ] | rc = [6, 8, 0, 0, 0, 0, 0, 0] | gpus = [1, 1, 1, 1, 1, 1, 1, 1] | micro_bs = 4 | time = [5844, 6513, 5455, 5807, 5455, 6072, 6022, 6047] | memory = [20496, 19579, 26099, 25514, 17906, 16233, 11141, 2728]
>>>> [CONFIG: target(1), prim(dec_mbs)]
|7771.62|17661.74| op = [55, 56, 61, 56, 61, 62, 58, 10]| tp = [1, 1, 1, 1, 1, 1, 1, 1, ] | dp = [1, 1, 1, 1, 1, 1, 1, 1, ] | algo = [0, 0, 0, 0, 0, 0, 0, 0, ] | rc = [0, 0, 0, 0, 0, 0, 0, 0] | gpus = [1, 1, 1, 1, 1, 1, 1, 1] | micro_bs = 2 | time = [6913, 7382, 7105, 7382, 7105, 7771, 7620, 6441] | memory = [17182, 17661, 13169, 12853, 9073, 8230, 5672, 1588]
>>>> [CONFIG: target(5), prim(dec_op)]
|7771.62|17661.74| op = [55, 56, 61, 56, 61, 62, 56, 12]| tp = [1, 1, 1, 1, 1, 1, 1, 1, ] | dp = [1, 1, 1, 1, 1, 1, 1, 1, ] | algo = [0, 0, 0, 0, 0, 0, 0, 0, ] | rc = [0, 0, 0, 0, 0, 0, 0, 0] | gpus = [1, 1, 1, 1, 1, 1, 1, 1] | micro_bs = 2 | time = [6913, 7382, 7105, 7382, 7105, 7771, 7199, 6863] | memory = [17182, 17661, 13169, 12853, 9073, 8230, 5096, 2240]
>>>> [CONFIG: target(5), prim(inc_mbs)]
|6513.87|26099.72| op = [55, 56, 61, 56, 61, 62, 56, 12]| tp = [1, 1, 1, 1, 1, 1, 1, 1, ] | dp = [1, 1, 1, 1, 1, 1, 1, 1, ] | algo = [0, 0, 0, 0, 0, 0, 0, 0, ] | rc = [6, 8, 0, 0, 0, 0, 0, 0] | gpus = [1, 1, 1, 1, 1, 1, 1, 1] | micro_bs = 4 | time = [5844, 6513, 5455, 5807, 5455, 6072, 5612, 6458] | memory = [20496, 19579, 26099, 25514, 17906, 16233, 9989, 4056]
>>>> [CONFIG: target(1), prim(inc_mbs)]
|6778.82|25463.50| op = [55, 56, 61, 56, 61, 62, 56, 12]| tp = [1, 1, 1, 1, 1, 1, 1, 1, ] | dp = [1, 1, 1, 1, 1, 1, 1, 1, ] | algo = [0, 0, 0, 0, 0, 0, 0, 0, ] | rc = [12, 14, 8, 10, 6, 6, 0, 0] | gpus = [1, 1, 1, 1, 1, 1, 1, 1] | micro_bs = 8 | time = [6082, 6778, 5915, 6473, 5744, 6362, 5416, 6434] | memory = [23477, 24247, 25463, 23189, 22901, 23023, 19774, 7680]
>>>> [CONFIG: target(1), prim(dec_op)]
|6785.45|26611.75| op = [55, 56, 61, 54, 54, 63, 64, 12]| tp = [1, 1, 1, 1, 1, 1, 1, 1, ] | dp = [1, 1, 1, 1, 1, 1, 1, 1, ] | algo = [0, 0, 0, 0, 0, 0, 0, 0, ] | rc = [12, 14, 8, 8, 10, 2, 0, 0] | gpus = [1, 1, 1, 1, 1, 1, 1, 1] | micro_bs = 8 | time = [6088, 6785, 5922, 6181, 6368, 6010, 6305, 6440] | memory = [23477, 24247, 25463, 23109, 19204, 26611, 23570, 7680]
>>>> [CONFIG: target(1), prim(dec_mbs)]
|6542.66|26099.72| op = [55, 56, 61, 54, 54, 63, 64, 12]| tp = [1, 1, 1, 1, 1, 1, 1, 1, ] | dp = [1, 1, 1, 1, 1, 1, 1, 1, ] | algo = [0, 0, 0, 0, 0, 0, 0, 0, ] | rc = [6, 8, 0, 0, 0, 0, 0, 0] | gpus = [1, 1, 1, 1, 1, 1, 1, 1] | micro_bs = 4 | time = [5848, 6517, 5459, 5671, 5689, 6070, 6542, 6462] | memory = [20496, 19579, 26099, 22594, 20641, 14577, 11905, 4056]
>>>> [CONFIG: target(6), prim(dec_op)]
|6515.79|26099.72| op = [55, 56, 61, 55, 61, 57, 62, 12]| tp = [1, 1, 1, 1, 1, 1, 1, 1, ] | dp = [1, 1, 1, 1, 1, 1, 1, 1, ] | algo = [0, 0, 0, 0, 0, 0, 0, 0, ] | rc = [6, 8, 0, 0, 0, 0, 0, 0] | gpus = [1, 1, 1, 1, 1, 1, 1, 1] | micro_bs = 4 | time = [5846, 6515, 5457, 5889, 5790, 5883, 5878, 6460] | memory = [20496, 19579, 26099, 25474, 18854, 15933, 10225, 4056]

[ Trial 8 ] |6515.79|26099.72| op = [55, 56, 61, 55, 61, 57, 62, 12]| tp = [1, 1, 1, 1, 1, 1, 1, 1, ] | dp = [1, 1, 1, 1, 1, 1, 1, 1, ] | algo = [0, 0, 0, 0, 0, 0, 0, 0, ] | rc = [6, 8, 0, 0, 0, 0, 0, 0] | gpus = [1, 1, 1, 1, 1, 1, 1, 1] | micro_bs = 4 | time = [5846, 6515, 5457, 5889, 5790, 5883, 5878, 6460] | memory = [20496, 19579, 26099, 25474, 18854, 15933, 10225, 4056]
>>>> [CONFIG: target(1), prim(inc_mbs)]
|6784.80|26821.00| op = [55, 56, 61, 55, 61, 57, 62, 12]| tp = [1, 1, 1, 1, 1, 1, 1, 1, ] | dp = [1, 1, 1, 1, 1, 1, 1, 1, ] | algo = [0, 0, 0, 0, 0, 0, 0, 0, ] | rc = [12, 14, 8, 11, 8, 6, 0, 0] | gpus = [1, 1, 1, 1, 1, 1, 1, 1] | micro_bs = 8 | time = [6088, 6784, 5921, 6667, 6258, 6201, 5652, 6440] | memory = [23477, 24247, 25463, 26821, 20201, 22447, 20210, 7680]
>>>> [CONFIG: target(1), prim(dec_op)]
|6785.32|26439.75| op = [55, 56, 61, 54, 56, 61, 64, 12]| tp = [1, 1, 1, 1, 1, 1, 1, 1, ] | dp = [1, 1, 1, 1, 1, 1, 1, 1, ] | algo = [0, 0, 0, 0, 0, 0, 0, 0, ] | rc = [12, 14, 8, 8, 10, 2, 0, 0] | gpus = [1, 1, 1, 1, 1, 1, 1, 1] | micro_bs = 8 | time = [6088, 6785, 5922, 6181, 6404, 5957, 6305, 6440] | memory = [23477, 24247, 25463, 23109, 19368, 26439, 23570, 7680]
>>>> [CONFIG: target(1), prim(dec_mbs)]
|6542.61|26099.72| op = [55, 56, 61, 54, 56, 61, 64, 12]| tp = [1, 1, 1, 1, 1, 1, 1, 1, ] | dp = [1, 1, 1, 1, 1, 1, 1, 1, ] | algo = [0, 0, 0, 0, 0, 0, 0, 0, ] | rc = [6, 8, 0, 0, 0, 0, 0, 0] | gpus = [1, 1, 1, 1, 1, 1, 1, 1] | micro_bs = 4 | time = [5848, 6517, 5459, 5671, 5741, 6005, 6542, 6462] | memory = [20496, 19579, 26099, 22594, 20725, 14489, 11905, 4056]
>>>> [CONFIG: target(6), prim(dec_mbs)]
|8311.10|17661.74| op = [55, 56, 61, 54, 56, 61, 64, 12]| tp = [1, 1, 1, 1, 1, 1, 1, 1, ] | dp = [1, 1, 1, 1, 1, 1, 1, 1, ] | algo = [0, 0, 0, 0, 0, 0, 0, 0, ] | rc = [0, 0, 0, 0, 0, 0, 0, 0] | gpus = [1, 1, 1, 1, 1, 1, 1, 1] | micro_bs = 2 | time = [6915, 7384, 7107, 7168, 7314, 7661, 8311, 6865] | memory = [17182, 17661, 13169, 11393, 10460, 7362, 6072, 2240]
>>>> [CONFIG: target(6), prim(dec_op)]
|7826.79|17661.74| op = [55, 56, 61, 54, 56, 61, 63, 13]| tp = [1, 1, 1, 1, 1, 1, 1, 1, ] | dp = [1, 1, 1, 1, 1, 1, 1, 1, ] | algo = [0, 0, 0, 0, 0, 0, 0, 0, ] | rc = [0, 0, 0, 0, 0, 0, 0, 0] | gpus = [1, 1, 1, 1, 1, 1, 1, 1] | micro_bs = 2 | time = [6914, 7383, 7106, 7167, 7313, 7660, 7826, 6866] | memory = [17182, 17661, 13169, 11393, 10460, 7362, 5816, 2376]
>>>> [CONFIG: target(6), prim(dec_op)]
|7660.32|17661.74| op = [55, 56, 61, 54, 56, 61, 60, 16]| tp = [1, 1, 1, 1, 1, 1, 1, 1, ] | dp = [1, 1, 1, 1, 1, 1, 1, 1, ] | algo = [0, 0, 0, 0, 0, 0, 0, 0, ] | rc = [0, 0, 0, 0, 0, 0, 0, 0] | gpus = [1, 1, 1, 1, 1, 1, 1, 1] | micro_bs = 2 | time = [6914, 7383, 7106, 7167, 7313, 7660, 7573, 7095] | memory = [17182, 17661, 13169, 11393, 10460, 7362, 5760, 2402]
>>>> [CONFIG: target(5), prim(inc_mbs)]
|6527.02|26099.72| op = [55, 56, 61, 54, 56, 61, 60, 16]| tp = [1, 1, 1, 1, 1, 1, 1, 1, ] | dp = [1, 1, 1, 1, 1, 1, 1, 1, ] | algo = [0, 0, 0, 0, 0, 0, 0, 0, ] | rc = [6, 8, 0, 0, 0, 0, 0, 0] | gpus = [1, 1, 1, 1, 1, 1, 1, 1] | micro_bs = 4 | time = [5846, 6515, 5457, 5669, 5739, 6003, 5952, 6527] | memory = [20496, 19579, 26099, 22594, 20725, 14489, 11293, 4356]

[ Trial 11 ] |6527.02|26099.72| op = [55, 56, 61, 54, 56, 61, 60, 16]| tp = [1, 1, 1, 1, 1, 1, 1, 1, ] | dp = [1, 1, 1, 1, 1, 1, 1, 1, ] | algo = [0, 0, 0, 0, 0, 0, 0, 0, ] | rc = [6, 8, 0, 0, 0, 0, 0, 0] | gpus = [1, 1, 1, 1, 1, 1, 1, 1] | micro_bs = 4 | time = [5846, 6515, 5457, 5669, 5739, 6003, 5952, 6527] | memory = [20496, 19579, 26099, 22594, 20725, 14489, 11293, 4356]
>>>> [CONFIG: target(1), prim(dec_op)]
|6513.74|26099.72| op = [55, 56, 61, 59, 60, 60, 59, 9]| tp = [1, 1, 1, 1, 1, 1, 1, 1, ] | dp = [1, 1, 1, 1, 1, 1, 1, 1, ] | algo = [0, 0, 0, 0, 0, 0, 0, 0, ] | rc = [6, 8, 0, 0, 0, 0, 0, 0] | gpus = [1, 1, 1, 1, 1, 1, 1, 1] | micro_bs = 4 | time = [5844, 6513, 5455, 5897, 5976, 5950, 5941, 5606] | memory = [20496, 19579, 26099, 25658, 18814, 16185, 11157, 2424]
>>>> [CONFIG: target(1), prim(inc_mbs)]
|6779.89|25463.50| op = [55, 56, 61, 59, 60, 60, 59, 9]| tp = [1, 1, 1, 1, 1, 1, 1, 1, ] | dp = [1, 1, 1, 1, 1, 1, 1, 1, ] | algo = [0, 0, 0, 0, 0, 0, 0, 0, ] | rc = [12, 14, 8, 10, 8, 6, 0, 0] | gpus = [1, 1, 1, 1, 1, 1, 1, 1] | micro_bs = 8 | time = [6083, 6779, 5916, 6546, 6446, 6251, 5730, 5598] | memory = [23477, 24247, 25463, 23473, 20112, 22927, 22110, 4316]
>>>> [CONFIG: target(1), prim(dec_op)]
|9760.81|25699.00| op = [55, 53, 51, 53, 52, 52, 52, 51]| tp = [1, 1, 1, 1, 1, 1, 1, 1, ] | dp = [1, 1, 1, 1, 1, 1, 1, 1, ] | algo = [0, 0, 0, 0, 0, 0, 0, 0, ] | rc = [12, 12, 8, 8, 8, 2, 0, 0] | gpus = [1, 1, 1, 1, 1, 1, 1, 1] | micro_bs = 8 | time = [6094, 6306, 5660, 6001, 6075, 5562, 5391, 9760] | memory = [23477, 24135, 23686, 23109, 19140, 25699, 19586, 14213]
>>>> [CONFIG: target(7), prim(dec_mbs)]
|10014.26|25186.98| op = [55, 53, 51, 53, 52, 52, 52, 51]| tp = [1, 1, 1, 1, 1, 1, 1, 1, ] | dp = [1, 1, 1, 1, 1, 1, 1, 1, ] | algo = [0, 0, 0, 0, 0, 0, 0, 0, ] | rc = [6, 4, 0, 0, 0, 0, 0, 0] | gpus = [1, 1, 1, 1, 1, 1, 1, 1] | micro_bs = 4 | time = [5850, 5837, 5130, 5484, 5551, 5551, 5551, 10014] | memory = [20496, 23555, 25186, 22594, 18305, 14097, 9888, 7396]
>>>> [CONFIG: target(7), prim(dec_op)]
|6700.24|25186.98| op = [55, 53, 51, 53, 55, 65, 68, 19]| tp = [1, 1, 1, 1, 1, 1, 1, 1, ] | dp = [1, 1, 1, 1, 1, 1, 1, 1, ] | algo = [0, 0, 0, 0, 0, 0, 0, 0, ] | rc = [6, 4, 0, 0, 0, 0, 0, 0] | gpus = [1, 1, 1, 1, 1, 1, 1, 1] | micro_bs = 4 | time = [5844, 5831, 5124, 5478, 5875, 6207, 6297, 6700] | memory = [20496, 23555, 25186, 22594, 20641, 16329, 11453, 4460]
>>>> [CONFIG: target(7), prim(inc_mbs)]
|6634.40|24135.00| op = [55, 53, 51, 53, 55, 65, 68, 19]| tp = [1, 1, 1, 1, 1, 1, 1, 1, ] | dp = [1, 1, 1, 1, 1, 1, 1, 1, ] | algo = [0, 0, 0, 0, 0, 0, 0, 0, ] | rc = [12, 12, 8, 8, 10, 6, 0, 0] | gpus = [1, 1, 1, 1, 1, 1, 1, 1] | micro_bs = 8 | time = [6086, 6298, 5651, 5993, 6551, 6477, 6035, 6634] | memory = [23477, 24135, 23686, 23109, 19204, 23203, 22662, 8440]
>>>> [CONFIG: target(7), prim(dec_op)]
|6551.85|24135.00| op = [55, 53, 51, 53, 55, 65, 74, 13]| tp = [1, 1, 1, 1, 1, 1, 1, 1, ] | dp = [1, 1, 1, 1, 1, 1, 1, 1, ] | algo = [0, 0, 0, 0, 0, 0, 0, 0, ] | rc = [12, 12, 8, 8, 10, 6, 0, 0] | gpus = [1, 1, 1, 1, 1, 1, 1, 1] | micro_bs = 8 | time = [6086, 6298, 5652, 5993, 6551, 6477, 6340, 6364] | memory = [23477, 24135, 23686, 23109, 19204, 23203, 23171, 8196]

[ Trial 14 ] |6551.85|24135.00| op = [55, 53, 51, 53, 55, 65, 74, 13]| tp = [1, 1, 1, 1, 1, 1, 1, 1, ] | dp = [1, 1, 1, 1, 1, 1, 1, 1, ] | algo = [0, 0, 0, 0, 0, 0, 0, 0, ] | rc = [12, 12, 8, 8, 10, 6, 0, 0] | gpus = [1, 1, 1, 1, 1, 1, 1, 1] | micro_bs = 8 | time = [6086, 6298, 5652, 5993, 6551, 6477, 6340, 6364] | memory = [23477, 24135, 23686, 23109, 19204, 23203, 23171, 8196]
>>>> [CONFIG: target(4), prim(dec_mbs)]
|6639.36|25186.98| op = [55, 53, 51, 53, 55, 65, 74, 13]| tp = [1, 1, 1, 1, 1, 1, 1, 1, ] | dp = [1, 1, 1, 1, 1, 1, 1, 1, ] | algo = [0, 0, 0, 0, 0, 0, 0, 0, ] | rc = [6, 4, 0, 0, 0, 0, 0, 0] | gpus = [1, 1, 1, 1, 1, 1, 1, 1] | micro_bs = 4 | time = [5844, 5831, 5124, 5478, 5875, 6207, 6639, 6391] | memory = [20496, 23555, 25186, 22594, 20641, 16329, 11729, 4316]
>>>> [CONFIG: target(6), prim(dec_mbs)]
|8644.52|17182.36| op = [55, 53, 51, 53, 55, 65, 74, 13]| tp = [1, 1, 1, 1, 1, 1, 1, 1, ] | dp = [1, 1, 1, 1, 1, 1, 1, 1, ] | algo = [0, 0, 0, 0, 0, 0, 0, 0, ] | rc = [0, 0, 0, 0, 0, 0, 0, 0] | gpus = [1, 1, 1, 1, 1, 1, 1, 1] | micro_bs = 2 | time = [6914, 6971, 6485, 6971, 7380, 8001, 8644, 6866] | memory = [17182, 15617, 12689, 11393, 10416, 8284, 6008, 2376]
>>>> [CONFIG: target(6), prim(dec_op)]
|8644.52|17182.36| op = [55, 53, 51, 53, 56, 64, 74, 13]| tp = [1, 1, 1, 1, 1, 1, 1, 1, ] | dp = [1, 1, 1, 1, 1, 1, 1, 1, ] | algo = [0, 0, 0, 0, 0, 0, 0, 0, ] | rc = [0, 0, 0, 0, 0, 0, 0, 0] | gpus = [1, 1, 1, 1, 1, 1, 1, 1] | micro_bs = 2 | time = [6914, 6971, 6485, 6971, 7452, 7929, 8644, 6866] | memory = [17182, 15617, 12689, 11393, 10436, 8268, 6008, 2376]
>>>> [CONFIG: target(6), prim(dec_op)]
|8644.52|17182.36| op = [55, 53, 51, 54, 55, 64, 74, 13]| tp = [1, 1, 1, 1, 1, 1, 1, 1, ] | dp = [1, 1, 1, 1, 1, 1, 1, 1, ] | algo = [0, 0, 0, 0, 0, 0, 0, 0, ] | rc = [0, 0, 0, 0, 0, 0, 0, 0] | gpus = [1, 1, 1, 1, 1, 1, 1, 1] | micro_bs = 2 | time = [6914, 6971, 6485, 7167, 7255, 7929, 8644, 6866] | memory = [17182, 15617, 12689, 11393, 10436, 8268, 6008, 2376]
>>>> [CONFIG: target(6), prim(inc_mbs)]
|6639.36|25186.98| op = [55, 53, 51, 54, 55, 64, 74, 13]| tp = [1, 1, 1, 1, 1, 1, 1, 1, ] | dp = [1, 1, 1, 1, 1, 1, 1, 1, ] | algo = [0, 0, 0, 0, 0, 0, 0, 0, ] | rc = [6, 4, 0, 0, 0, 0, 0, 0] | gpus = [1, 1, 1, 1, 1, 1, 1, 1] | micro_bs = 4 | time = [5844, 5831, 5124, 5667, 5716, 6176, 6639, 6391] | memory = [20496, 23555, 25186, 22594, 20677, 16301, 11729, 4316]
>>>> [CONFIG: target(6), prim(dec_op)]
|6639.31|25186.98| op = [55, 53, 51, 54, 56, 63, 74, 13]| tp = [1, 1, 1, 1, 1, 1, 1, 1, ] | dp = [1, 1, 1, 1, 1, 1, 1, 1, ] | algo = [0, 0, 0, 0, 0, 0, 0, 0, ] | rc = [6, 4, 0, 0, 0, 0, 0, 0] | gpus = [1, 1, 1, 1, 1, 1, 1, 1] | micro_bs = 4 | time = [5844, 5831, 5124, 5667, 5738, 6142, 6639, 6391] | memory = [20496, 23555, 25186, 22594, 20725, 16241, 11729, 4316]
>>>> [CONFIG: target(6), prim(dec_op)]
|6269.27|25514.48| op = [55, 53, 51, 56, 65, 65, 63, 11]| tp = [1, 1, 1, 1, 1, 1, 1, 1, ] | dp = [1, 1, 1, 1, 1, 1, 1, 1, ] | algo = [0, 0, 0, 0, 0, 0, 0, 0, ] | rc = [6, 4, 0, 0, 0, 0, 0, 0] | gpus = [1, 1, 1, 1, 1, 1, 1, 1] | micro_bs = 4 | time = [5844, 5831, 5124, 5807, 6207, 6207, 6067, 6269] | memory = [20496, 23555, 25186, 25514, 21266, 16329, 10225, 4056]

[ Trial 15 ] |6269.27|25514.48| op = [55, 53, 51, 56, 65, 65, 63, 11]| tp = [1, 1, 1, 1, 1, 1, 1, 1, ] | dp = [1, 1, 1, 1, 1, 1, 1, 1, ] | algo = [0, 0, 0, 0, 0, 0, 0, 0, ] | rc = [6, 4, 0, 0, 0, 0, 0, 0] | gpus = [1, 1, 1, 1, 1, 1, 1, 1] | micro_bs = 4 | time = [5844, 5831, 5124, 5807, 6207, 6207, 6067, 6269] | memory = [20496, 23555, 25186, 25514, 21266, 16329, 10225, 4056]
>>>> [CONFIG: target(0), prim(dec_op)]
|6266.66|25795.47| op = [55, 52, 52, 56, 65, 65, 63, 11]| tp = [1, 1, 1, 1, 1, 1, 1, 1, ] | dp = [1, 1, 1, 1, 1, 1, 1, 1, ] | algo = [0, 0, 0, 0, 0, 0, 0, 0, ] | rc = [6, 2, 0, 0, 0, 0, 0, 0] | gpus = [1, 1, 1, 1, 1, 1, 1, 1] | micro_bs = 4 | time = [5842, 5230, 5054, 5805, 6204, 6204, 6064, 6266] | memory = [20496, 25795, 25282, 25514, 21266, 16329, 10225, 4056]

[ Trial 16 ] |6266.66|25795.47| op = [55, 52, 52, 56, 65, 65, 63, 11]| tp = [1, 1, 1, 1, 1, 1, 1, 1, ] | dp = [1, 1, 1, 1, 1, 1, 1, 1, ] | algo = [0, 0, 0, 0, 0, 0, 0, 0, ] | rc = [6, 2, 0, 0, 0, 0, 0, 0] | gpus = [1, 1, 1, 1, 1, 1, 1, 1] | micro_bs = 4 | time = [5842, 5230, 5054, 5805, 6204, 6204, 6064, 6266] | memory = [20496, 25795, 25282, 25514, 21266, 16329, 10225, 4056]
>>>> [CONFIG: target(7), prim(dec_mbs)]
|8000.58|17182.36| op = [55, 52, 52, 56, 65, 65, 63, 11]| tp = [1, 1, 1, 1, 1, 1, 1, 1, ] | dp = [1, 1, 1, 1, 1, 1, 1, 1, ] | algo = [0, 0, 0, 0, 0, 0, 0, 0, ] | rc = [0, 0, 0, 0, 0, 0, 0, 0] | gpus = [1, 1, 1, 1, 1, 1, 1, 1] | micro_bs = 2 | time = [6913, 6487, 6487, 7382, 8000, 8000, 7785, 6666] | memory = [17182, 14721, 12737, 12853, 10753, 8284, 5232, 2240]
>>>> [CONFIG: target(4), prim(dec_mbs)]
|10950.21|8901.22| op = [55, 52, 52, 56, 65, 65, 63, 11]| tp = [1, 1, 1, 1, 1, 1, 1, 1, ] | dp = [1, 1, 1, 1, 1, 1, 1, 1, ] | algo = [0, 0, 0, 0, 0, 0, 0, 0, ] | rc = [0, 0, 0, 0, 0, 0, 0, 0] | gpus = [1, 1, 1, 1, 1, 1, 1, 1] | micro_bs = 1 | time = [9656, 8849, 8849, 9809, 10950, 10950, 10710, 7388] | memory = [8901, 7456, 6464, 6522, 5496, 4262, 2736, 1336]
>>>> [CONFIG: target(4), prim(dec_op)]
|10950.21|8901.22| op = [55, 52, 52, 56, 65, 60, 55, 24]| tp = [1, 1, 1, 1, 1, 1, 1, 1, ] | dp = [1, 1, 1, 1, 1, 1, 1, 1, ] | algo = [0, 0, 0, 0, 0, 0, 0, 0, ] | rc = [0, 0, 0, 0, 0, 0, 0, 0] | gpus = [1, 1, 1, 1, 1, 1, 1, 1] | micro_bs = 1 | time = [9656, 8849, 8849, 9809, 10950, 9770, 9796, 9482] | memory = [8901, 7456, 6464, 6522, 5496, 3602, 2640, 1694]
>>>> [CONFIG: target(4), prim(inc_mbs)]
|8204.60|17182.36| op = [55, 52, 52, 56, 65, 60, 55, 24]| tp = [1, 1, 1, 1, 1, 1, 1, 1, ] | dp = [1, 1, 1, 1, 1, 1, 1, 1, ] | algo = [0, 0, 0, 0, 0, 0, 0, 0, ] | rc = [0, 0, 0, 0, 0, 0, 0, 0] | gpus = [1, 1, 1, 1, 1, 1, 1, 1] | micro_bs = 2 | time = [6913, 6487, 6487, 7382, 8000, 6961, 7286, 8204] | memory = [17182, 14721, 12737, 12853, 10753, 6976, 5076, 2908]
>>>> [CONFIG: target(7), prim(inc_mbs)]
|7449.75|25795.47| op = [55, 52, 52, 56, 65, 60, 55, 24]| tp = [1, 1, 1, 1, 1, 1, 1, 1, ] | dp = [1, 1, 1, 1, 1, 1, 1, 1, ] | algo = [0, 0, 0, 0, 0, 0, 0, 0, ] | rc = [6, 2, 0, 0, 0, 0, 0, 0] | gpus = [1, 1, 1, 1, 1, 1, 1, 1] | micro_bs = 4 | time = [5842, 5230, 5054, 5805, 6204, 5346, 5739, 7449] | memory = [20496, 25795, 25282, 25514, 21266, 13725, 9948, 5332]
>>>> [CONFIG: target(7), prim(inc_mbs)]
|7351.06|24919.75| op = [55, 52, 52, 56, 65, 60, 55, 24]| tp = [1, 1, 1, 1, 1, 1, 1, 1, ] | dp = [1, 1, 1, 1, 1, 1, 1, 1, ] | algo = [0, 0, 0, 0, 0, 0, 0, 0, ] | rc = [12, 10, 8, 10, 10, 2, 0, 0] | gpus = [1, 1, 1, 1, 1, 1, 1, 1] | micro_bs = 8 | time = [6079, 5723, 5571, 6471, 6812, 5301, 5552, 7351] | memory = [23477, 24135, 23878, 23189, 20405, 24919, 19694, 10180]
>>>> [CONFIG: target(7), prim(dec_op)]
|6599.18|24135.00| op = [55, 52, 52, 56, 62, 58, 66, 18]| tp = [1, 1, 1, 1, 1, 1, 1, 1, ] | dp = [1, 1, 1, 1, 1, 1, 1, 1, ] | algo = [0, 0, 0, 0, 0, 0, 0, 0, ] | rc = [12, 10, 8, 10, 8, 6, 0, 0] | gpus = [1, 1, 1, 1, 1, 1, 1, 1] | micro_bs = 8 | time = [6081, 5725, 5573, 6473, 6330, 6276, 6051, 6599] | memory = [23477, 24135, 23878, 23189, 20341, 22463, 22690, 8408]

[ Trial 32 ] |6599.18|24135.00| op = [55, 52, 52, 56, 62, 58, 66, 18]| tp = [1, 1, 1, 1, 1, 1, 1, 1, ] | dp = [1, 1, 1, 1, 1, 1, 1, 1, ] | algo = [0, 0, 0, 0, 0, 0, 0, 0, ] | rc = [12, 10, 8, 10, 8, 6, 0, 0] | gpus = [1, 1, 1, 1, 1, 1, 1, 1] | micro_bs = 8 | time = [6081, 5725, 5573, 6473, 6330, 6276, 6051, 6599] | memory = [23477, 24135, 23878, 23189, 20341, 22463, 22690, 8408]
>>>> [CONFIG: target(7), prim(dec_mbs)]
|6667.69|25795.47| op = [55, 52, 52, 56, 62, 58, 66, 18]| tp = [1, 1, 1, 1, 1, 1, 1, 1, ] | dp = [1, 1, 1, 1, 1, 1, 1, 1, ] | algo = [0, 0, 0, 0, 0, 0, 0, 0, ] | rc = [6, 2, 0, 0, 0, 0, 0, 0] | gpus = [1, 1, 1, 1, 1, 1, 1, 1] | micro_bs = 4 | time = [5842, 5231, 5054, 5805, 5875, 5963, 6303, 6667] | memory = [20496, 25795, 25282, 25514, 18930, 15937, 11473, 4436]
>>>> [CONFIG: target(7), prim(dec_mbs)]
|8117.10|17182.36| op = [55, 52, 52, 56, 62, 58, 66, 18]| tp = [1, 1, 1, 1, 1, 1, 1, 1, ] | dp = [1, 1, 1, 1, 1, 1, 1, 1, ] | algo = [0, 0, 0, 0, 0, 0, 0, 0, ] | rc = [0, 0, 0, 0, 0, 0, 0, 0] | gpus = [1, 1, 1, 1, 1, 1, 1, 1] | micro_bs = 2 | time = [6914, 6487, 6487, 7382, 7589, 7560, 8117, 7267] | memory = [17182, 14721, 12737, 12853, 9585, 8066, 5864, 2450]
>>>> [CONFIG: target(6), prim(dec_op)]
|8118.20|17182.36| op = [55, 52, 54, 59, 58, 57, 66, 18]| tp = [1, 1, 1, 1, 1, 1, 1, 1, ] | dp = [1, 1, 1, 1, 1, 1, 1, 1, ] | algo = [0, 0, 0, 0, 0, 0, 0, 0, ] | rc = [0, 0, 0, 0, 0, 0, 0, 0] | gpus = [1, 1, 1, 1, 1, 1, 1, 1] | micro_bs = 2 | time = [6915, 6488, 7168, 7529, 7521, 7365, 8118, 7268] | memory = [17182, 14721, 13505, 13063, 9429, 8066, 5864, 2450]
>>>> [CONFIG: target(6), prim(inc_mbs)]
|6669.88|26818.98| op = [55, 52, 54, 59, 58, 57, 66, 18]| tp = [1, 1, 1, 1, 1, 1, 1, 1, ] | dp = [1, 1, 1, 1, 1, 1, 1, 1, ] | algo = [0, 0, 0, 0, 0, 0, 0, 0, ] | rc = [6, 2, 0, 0, 0, 0, 0, 0] | gpus = [1, 1, 1, 1, 1, 1, 1, 1] | micro_bs = 4 | time = [5844, 5233, 5667, 5919, 5901, 5775, 6305, 6669] | memory = [20496, 25795, 26818, 25914, 18638, 15937, 11473, 4436]
>>>> [CONFIG: target(7), prim(inc_mbs)]
|6603.52|26950.00| op = [55, 52, 54, 59, 58, 57, 66, 18]| tp = [1, 1, 1, 1, 1, 1, 1, 1, ] | dp = [1, 1, 1, 1, 1, 1, 1, 1, ] | algo = [0, 0, 0, 0, 0, 0, 0, 0, ] | rc = [12, 10, 8, 10, 8, 6, 0, 0] | gpus = [1, 1, 1, 1, 1, 1, 1, 1] | micro_bs = 8 | time = [6085, 5730, 6178, 6569, 6377, 6095, 6055, 6603] | memory = [23477, 24135, 26950, 23969, 19776, 22463, 22690, 8408]
>>>> [CONFIG: target(7), prim(dec_op)]
|6569.67|26950.00| op = [55, 52, 54, 59, 58, 57, 71, 13]| tp = [1, 1, 1, 1, 1, 1, 1, 1, ] | dp = [1, 1, 1, 1, 1, 1, 1, 1, ] | algo = [0, 0, 0, 0, 0, 0, 0, 0, ] | rc = [12, 10, 8, 10, 8, 6, 0, 0] | gpus = [1, 1, 1, 1, 1, 1, 1, 1] | micro_bs = 8 | time = [6085, 5729, 6178, 6569, 6376, 6094, 6268, 6363] | memory = [23477, 24135, 26950, 23969, 19776, 22463, 23054, 8196]
>>>> [CONFIG: target(3), prim(dec_mbs)]
|6548.43|26818.98| op = [55, 52, 54, 59, 58, 57, 71, 13]| tp = [1, 1, 1, 1, 1, 1, 1, 1, ] | dp = [1, 1, 1, 1, 1, 1, 1, 1, ] | algo = [0, 0, 0, 0, 0, 0, 0, 0, ] | rc = [6, 2, 0, 0, 0, 0, 0, 0] | gpus = [1, 1, 1, 1, 1, 1, 1, 1] | micro_bs = 4 | time = [5844, 5233, 5667, 5919, 5901, 5775, 6548, 6391] | memory = [20496, 25795, 26818, 25914, 18638, 15937, 11669, 4316]

[ Trial 35 ] |6548.43|26818.98| op = [55, 52, 54, 59, 58, 57, 71, 13]| tp = [1, 1, 1, 1, 1, 1, 1, 1, ] | dp = [1, 1, 1, 1, 1, 1, 1, 1, ] | algo = [0, 0, 0, 0, 0, 0, 0, 0, ] | rc = [6, 2, 0, 0, 0, 0, 0, 0] | gpus = [1, 1, 1, 1, 1, 1, 1, 1] | micro_bs = 4 | time = [5844, 5233, 5667, 5919, 5901, 5775, 6548, 6391] | memory = [20496, 25795, 26818, 25914, 18638, 15937, 11669, 4316]
>>>> [CONFIG: target(6), prim(dec_mbs)]
|8463.44|17182.36| op = [55, 52, 54, 59, 58, 57, 71, 13]| tp = [1, 1, 1, 1, 1, 1, 1, 1, ] | dp = [1, 1, 1, 1, 1, 1, 1, 1, ] | algo = [0, 0, 0, 0, 0, 0, 0, 0, ] | rc = [0, 0, 0, 0, 0, 0, 0, 0] | gpus = [1, 1, 1, 1, 1, 1, 1, 1] | micro_bs = 2 | time = [6915, 6488, 7168, 7529, 7521, 7365, 8463, 6866] | memory = [17182, 14721, 13505, 13063, 9429, 8066, 5976, 2376]
>>>> [CONFIG: target(6), prim(dec_op)]
|11479.14|17074.36| op = [54, 53, 52, 52, 52, 52, 52, 52]| tp = [1, 1, 1, 1, 1, 1, 1, 1, ] | dp = [1, 1, 1, 1, 1, 1, 1, 1, ] | algo = [0, 0, 0, 0, 0, 0, 0, 0, ] | rc = [0, 0, 0, 0, 0, 0, 0, 0] | gpus = [1, 1, 1, 1, 1, 1, 1, 1] | micro_bs = 2 | time = [6769, 6605, 6486, 6486, 6486, 6486, 6486, 11479] | memory = [17074, 14761, 12737, 10753, 8768, 6784, 4800, 3996]
>>>> [CONFIG: target(7), prim(inc_mbs)]
|9936.33|25863.47| op = [54, 53, 52, 52, 52, 52, 52, 52]| tp = [1, 1, 1, 1, 1, 1, 1, 1, ] | dp = [1, 1, 1, 1, 1, 1, 1, 1, ] | algo = [0, 0, 0, 0, 0, 0, 0, 0, ] | rc = [6, 2, 0, 0, 0, 0, 0, 0] | gpus = [1, 1, 1, 1, 1, 1, 1, 1] | micro_bs = 4 | time = [5732, 5303, 5052, 5052, 5052, 5052, 5052, 9936] | memory = [20292, 25863, 25282, 21314, 17345, 13377, 9408, 7412]
>>>> [CONFIG: target(7), prim(inc_mbs)]
|9662.50|26665.50| op = [54, 53, 52, 52, 52, 52, 52, 52]| tp = [1, 1, 1, 1, 1, 1, 1, 1, ] | dp = [1, 1, 1, 1, 1, 1, 1, 1, ] | algo = [0, 0, 0, 0, 0, 0, 0, 0, ] | rc = [12, 10, 8, 8, 6, 0, 0, 0] | gpus = [1, 1, 1, 1, 1, 1, 1, 1] | micro_bs = 8 | time = [5853, 5778, 5561, 5561, 5390, 4877, 4877, 9662] | memory = [26665, 24259, 23878, 20549, 21828, 26563, 18626, 14245]
>>>> [CONFIG: target(7), prim(dec_op)]
|7722.86|26665.50| op = [54, 53, 52, 52, 52, 52, 72, 32]| tp = [1, 1, 1, 1, 1, 1, 1, 1, ] | dp = [1, 1, 1, 1, 1, 1, 1, 1, ] | algo = [0, 0, 0, 0, 0, 0, 0, 0, ] | rc = [12, 10, 8, 8, 6, 0, 0, 0] | gpus = [1, 1, 1, 1, 1, 1, 1, 1] | micro_bs = 8 | time = [5853, 5778, 5561, 5561, 5390, 4877, 6782, 7722] | memory = [26665, 24259, 23878, 20549, 21828, 26563, 26086, 10456]
>>>> [CONFIG: target(7), prim(dec_mbs)]
|7878.93|25863.47| op = [54, 53, 52, 52, 52, 52, 72, 32]| tp = [1, 1, 1, 1, 1, 1, 1, 1, ] | dp = [1, 1, 1, 1, 1, 1, 1, 1, ] | algo = [0, 0, 0, 0, 0, 0, 0, 0, ] | rc = [6, 2, 0, 0, 0, 0, 0, 0] | gpus = [1, 1, 1, 1, 1, 1, 1, 1] | micro_bs = 4 | time = [5732, 5303, 5052, 5052, 5052, 5052, 7076, 7878] | memory = [20292, 25863, 25282, 21314, 17345, 13377, 13165, 5492]
>>>> [CONFIG: target(7), prim(dec_op)]
|6695.59|25863.47| op = [54, 53, 52, 52, 56, 65, 68, 19]| tp = [1, 1, 1, 1, 1, 1, 1, 1, ] | dp = [1, 1, 1, 1, 1, 1, 1, 1, ] | algo = [0, 0, 0, 0, 0, 0, 0, 0, ] | rc = [6, 2, 0, 0, 0, 0, 0, 0] | gpus = [1, 1, 1, 1, 1, 1, 1, 1] | micro_bs = 4 | time = [5732, 5303, 5052, 5052, 5803, 6202, 6292, 6695] | memory = [20292, 25863, 25282, 21314, 20705, 16329, 11453, 4460]

[ Trial 76 ] |6695.59|25863.47| op = [54, 53, 52, 52, 56, 65, 68, 19]| tp = [1, 1, 1, 1, 1, 1, 1, 1, ] | dp = [1, 1, 1, 1, 1, 1, 1, 1, ] | algo = [0, 0, 0, 0, 0, 0, 0, 0, ] | rc = [6, 2, 0, 0, 0, 0, 0, 0] | gpus = [1, 1, 1, 1, 1, 1, 1, 1] | micro_bs = 4 | time = [5732, 5303, 5052, 5052, 5803, 6202, 6292, 6695] | memory = [20292, 25863, 25282, 21314, 20705, 16329, 11453, 4460]
>>>> [CONFIG: target(7), prim(inc_mbs)]
|6624.29|26665.50| op = [54, 53, 52, 52, 56, 65, 68, 19]| tp = [1, 1, 1, 1, 1, 1, 1, 1, ] | dp = [1, 1, 1, 1, 1, 1, 1, 1, ] | algo = [0, 0, 0, 0, 0, 0, 0, 0, ] | rc = [12, 10, 8, 8, 10, 6, 0, 0] | gpus = [1, 1, 1, 1, 1, 1, 1, 1] | micro_bs = 8 | time = [5859, 5784, 5567, 5567, 6467, 6467, 6025, 6624] | memory = [26665, 24259, 23878, 20549, 19332, 23203, 22662, 8440]
>>>> [CONFIG: target(7), prim(dec_op)]
|6467.79|26665.50| op = [54, 53, 52, 52, 56, 65, 74, 13]| tp = [1, 1, 1, 1, 1, 1, 1, 1, ] | dp = [1, 1, 1, 1, 1, 1, 1, 1, ] | algo = [0, 0, 0, 0, 0, 0, 0, 0, ] | rc = [12, 10, 8, 8, 10, 6, 0, 0] | gpus = [1, 1, 1, 1, 1, 1, 1, 1] | micro_bs = 8 | time = [5860, 5784, 5567, 5567, 6467, 6467, 6330, 6354] | memory = [26665, 24259, 23878, 20549, 19332, 23203, 23171, 8196]
>>>> [CONFIG: target(4), prim(dec_op)]
|6553.41|26950.00| op = [54, 53, 54, 53, 57, 61, 74, 13]| tp = [1, 1, 1, 1, 1, 1, 1, 1, ] | dp = [1, 1, 1, 1, 1, 1, 1, 1, ] | algo = [0, 0, 0, 0, 0, 0, 0, 0, ] | rc = [12, 10, 8, 11, 8, 6, 0, 0] | gpus = [1, 1, 1, 1, 1, 1, 1, 1] | micro_bs = 8 | time = [5869, 5793, 6178, 6553, 6140, 6374, 6339, 6363] | memory = [26665, 24259, 26950, 26661, 19704, 22967, 23171, 8196]
>>>> [CONFIG: target(3), prim(dec_mbs)]
|6638.80|26818.98| op = [54, 53, 54, 53, 57, 61, 74, 13]| tp = [1, 1, 1, 1, 1, 1, 1, 1, ] | dp = [1, 1, 1, 1, 1, 1, 1, 1, ] | algo = [0, 0, 0, 0, 0, 0, 0, 0, ] | rc = [6, 2, 0, 0, 0, 0, 0, 0] | gpus = [1, 1, 1, 1, 1, 1, 1, 1] | micro_bs = 4 | time = [5736, 5307, 5667, 5766, 5653, 6085, 6638, 6390] | memory = [20292, 25863, 26818, 25394, 18598, 16201, 11729, 4316]
>>>> [CONFIG: target(6), prim(dec_mbs)]
|8644.63|17074.36| op = [54, 53, 54, 53, 57, 61, 74, 13]| tp = [1, 1, 1, 1, 1, 1, 1, 1, ] | dp = [1, 1, 1, 1, 1, 1, 1, 1, ] | algo = [0, 0, 0, 0, 0, 0, 0, 0, ] | rc = [0, 0, 0, 0, 0, 0, 0, 0] | gpus = [1, 1, 1, 1, 1, 1, 1, 1] | micro_bs = 2 | time = [6771, 6607, 7168, 7193, 7256, 7784, 8644, 6866] | memory = [17074, 14761, 13505, 12793, 9405, 8210, 6008, 2376]
>>>> [CONFIG: target(6), prim(dec_op)]
|7826.79|17074.36| op = [54, 53, 55, 62, 59, 60, 63, 13]| tp = [1, 1, 1, 1, 1, 1, 1, 1, ] | dp = [1, 1, 1, 1, 1, 1, 1, 1, ] | algo = [0, 0, 0, 0, 0, 0, 0, 0, ] | rc = [0, 0, 0, 0, 0, 0, 0, 0] | gpus = [1, 1, 1, 1, 1, 1, 1, 1] | micro_bs = 2 | time = [6771, 6607, 7392, 7602, 7564, 7605, 7826, 6866] | memory = [17074, 14761, 15233, 11781, 10509, 7362, 5816, 2376]
>>>> [CONFIG: target(6), prim(inc_mbs)]
|6392.15|25863.47| op = [54, 53, 55, 62, 59, 60, 63, 13]| tp = [1, 1, 1, 1, 1, 1, 1, 1, ] | dp = [1, 1, 1, 1, 1, 1, 1, 1, ] | algo = [0, 0, 0, 0, 0, 0, 0, 0, ] | rc = [6, 2, 4, 0, 0, 0, 0, 0] | gpus = [1, 1, 1, 1, 1, 1, 1, 1] | micro_bs = 4 | time = [5738, 5309, 6242, 5897, 5899, 5977, 6118, 6392] | memory = [20292, 25863, 23938, 23323, 20822, 14489, 11393, 4316]

[ Trial 77 ] |6392.15|25863.47| op = [54, 53, 55, 62, 59, 60, 63, 13]| tp = [1, 1, 1, 1, 1, 1, 1, 1, ] | dp = [1, 1, 1, 1, 1, 1, 1, 1, ] | algo = [0, 0, 0, 0, 0, 0, 0, 0, ] | rc = [6, 2, 4, 0, 0, 0, 0, 0] | gpus = [1, 1, 1, 1, 1, 1, 1, 1] | micro_bs = 4 | time = [5738, 5309, 6242, 5897, 5899, 5977, 6118, 6392] | memory = [20292, 25863, 23938, 23323, 20822, 14489, 11393, 4316]
>>>> [CONFIG: target(7), prim(dec_op)]
|6269.96|25863.47| op = [54, 53, 55, 62, 59, 62, 63, 11]| tp = [1, 1, 1, 1, 1, 1, 1, 1, ] | dp = [1, 1, 1, 1, 1, 1, 1, 1, ] | algo = [0, 0, 0, 0, 0, 0, 0, 0, ] | rc = [6, 2, 4, 0, 0, 0, 0, 0] | gpus = [1, 1, 1, 1, 1, 1, 1, 1] | micro_bs = 4 | time = [5737, 5308, 6242, 5897, 5898, 6117, 6067, 6269] | memory = [20292, 25863, 23938, 23323, 20822, 16241, 10225, 4056]
>>>> [CONFIG: target(7), prim(dec_mbs)]
|7820.28|17074.36| op = [54, 53, 55, 62, 59, 62, 63, 11]| tp = [1, 1, 1, 1, 1, 1, 1, 1, ] | dp = [1, 1, 1, 1, 1, 1, 1, 1, ] | algo = [0, 0, 0, 0, 0, 0, 0, 0, ] | rc = [0, 0, 0, 0, 0, 0, 0, 0] | gpus = [1, 1, 1, 1, 1, 1, 1, 1] | micro_bs = 2 | time = [6771, 6607, 7392, 7602, 7564, 7820, 7786, 6667] | memory = [17074, 14761, 15233, 11781, 10509, 8238, 5232, 2240]
>>>> [CONFIG: target(5), prim(dec_op)]
|7786.30|17074.36| op = [54, 53, 59, 60, 60, 59, 63, 11]| tp = [1, 1, 1, 1, 1, 1, 1, 1, ] | dp = [1, 1, 1, 1, 1, 1, 1, 1, ] | algo = [0, 0, 0, 0, 0, 0, 0, 0, ] | rc = [0, 0, 0, 0, 0, 0, 0, 0] | gpus = [1, 1, 1, 1, 1, 1, 1, 1] | micro_bs = 2 | time = [6771, 6607, 7564, 7605, 7573, 7612, 7786, 6667] | memory = [17074, 14761, 15345, 11687, 10653, 8098, 5232, 2240]
>>>> [CONFIG: target(6), prim(dec_mbs)]
|10711.47|8841.22| op = [54, 53, 59, 60, 60, 59, 63, 11]| tp = [1, 1, 1, 1, 1, 1, 1, 1, ] | dp = [1, 1, 1, 1, 1, 1, 1, 1, ] | algo = [0, 0, 0, 0, 0, 0, 0, 0, ] | rc = [0, 0, 0, 0, 0, 0, 0, 0] | gpus = [1, 1, 1, 1, 1, 1, 1, 1] | micro_bs = 1 | time = [9437, 9076, 10162, 10359, 10293, 10257, 10711, 7389] | memory = [8841, 7482, 7770, 5961, 5440, 4151, 2736, 1336]
>>>> [CONFIG: target(6), prim(dec_op)]
|10358.63|8841.22| op = [54, 53, 59, 60, 60, 59, 56, 18]| tp = [1, 1, 1, 1, 1, 1, 1, 1, ] | dp = [1, 1, 1, 1, 1, 1, 1, 1, ] | algo = [0, 0, 0, 0, 0, 0, 0, 0, ] | rc = [0, 0, 0, 0, 0, 0, 0, 0] | gpus = [1, 1, 1, 1, 1, 1, 1, 1] | micro_bs = 1 | time = [9437, 9075, 10162, 10358, 10293, 10256, 9378, 8310] | memory = [8841, 7482, 7770, 5961, 5440, 4151, 2538, 1455]
>>>> [CONFIG: target(3), prim(inc_mbs)]
|7611.20|17074.36| op = [54, 53, 59, 60, 60, 59, 56, 18]| tp = [1, 1, 1, 1, 1, 1, 1, 1, ] | dp = [1, 1, 1, 1, 1, 1, 1, 1, ] | algo = [0, 0, 0, 0, 0, 0, 0, 0, ] | rc = [0, 0, 0, 0, 0, 0, 0, 0] | gpus = [1, 1, 1, 1, 1, 1, 1, 1] | micro_bs = 2 | time = [6770, 6606, 7563, 7604, 7572, 7611, 6760, 7267] | memory = [17074, 14761, 15345, 11687, 10653, 8098, 4864, 2450]
>>>> [CONFIG: target(5), prim(inc_mbs)]
|6668.82|25863.47| op = [54, 53, 59, 60, 60, 59, 56, 18]| tp = [1, 1, 1, 1, 1, 1, 1, 1, ] | dp = [1, 1, 1, 1, 1, 1, 1, 1, ] | algo = [0, 0, 0, 0, 0, 0, 0, 0, ] | rc = [6, 2, 4, 0, 0, 0, 0, 0] | gpus = [1, 1, 1, 1, 1, 1, 1, 1] | micro_bs = 4 | time = [5736, 5306, 6250, 5975, 5949, 5940, 5212, 6668] | memory = [20292, 25863, 24159, 23138, 21078, 15993, 9517, 4436]

[ Trial 89 ] |6668.82|25863.47| op = [54, 53, 59, 60, 60, 59, 56, 18]| tp = [1, 1, 1, 1, 1, 1, 1, 1, ] | dp = [1, 1, 1, 1, 1, 1, 1, 1, ] | algo = [0, 0, 0, 0, 0, 0, 0, 0, ] | rc = [6, 2, 4, 0, 0, 0, 0, 0] | gpus = [1, 1, 1, 1, 1, 1, 1, 1] | micro_bs = 4 | time = [5736, 5306, 6250, 5975, 5949, 5940, 5212, 6668] | memory = [20292, 25863, 24159, 23138, 21078, 15993, 9517, 4436]
>>>> [CONFIG: target(2), prim(dec_op)]
|6669.70|26818.98| op = [54, 53, 54, 59, 62, 61, 58, 18]| tp = [1, 1, 1, 1, 1, 1, 1, 1, ] | dp = [1, 1, 1, 1, 1, 1, 1, 1, ] | algo = [0, 0, 0, 0, 0, 0, 0, 0, ] | rc = [6, 2, 0, 0, 0, 0, 0, 0] | gpus = [1, 1, 1, 1, 1, 1, 1, 1] | micro_bs = 4 | time = [5736, 5307, 5667, 5919, 6094, 6001, 5874, 6669] | memory = [20292, 25863, 26818, 25914, 21058, 14489, 11197, 4436]
>>>> [CONFIG: target(7), prim(dec_mbs)]
|7865.78|17074.36| op = [54, 53, 54, 59, 62, 61, 58, 18]| tp = [1, 1, 1, 1, 1, 1, 1, 1, ] | dp = [1, 1, 1, 1, 1, 1, 1, 1, ] | algo = [0, 0, 0, 0, 0, 0, 0, 0, ] | rc = [0, 0, 0, 0, 0, 0, 0, 0] | gpus = [1, 1, 1, 1, 1, 1, 1, 1] | micro_bs = 2 | time = [6771, 6607, 7168, 7529, 7865, 7660, 7481, 7268] | memory = [17074, 14761, 13505, 13063, 10641, 7362, 5704, 2450]
>>>> [CONFIG: target(4), prim(dec_mbs)]
|10622.08|8841.22| op = [54, 53, 54, 59, 62, 61, 58, 18]| tp = [1, 1, 1, 1, 1, 1, 1, 1, ] | dp = [1, 1, 1, 1, 1, 1, 1, 1, ] | algo = [0, 0, 0, 0, 0, 0, 0, 0, ] | rc = [0, 0, 0, 0, 0, 0, 0, 0] | gpus = [1, 1, 1, 1, 1, 1, 1, 1] | micro_bs = 1 | time = [9437, 9076, 9571, 10217, 10622, 10415, 10122, 8310] | memory = [8841, 7482, 6848, 6637, 5432, 3799, 2958, 1455]
>>>> [CONFIG: target(4), prim(dec_op)]
|10621.49|8841.22| op = [54, 53, 56, 57, 62, 59, 54, 24]| tp = [1, 1, 1, 1, 1, 1, 1, 1, ] | dp = [1, 1, 1, 1, 1, 1, 1, 1, ] | algo = [0, 0, 0, 0, 0, 0, 0, 0, ] | rc = [0, 0, 0, 0, 0, 0, 0, 0] | gpus = [1, 1, 1, 1, 1, 1, 1, 1] | micro_bs = 1 | time = [9437, 9075, 9809, 9473, 10621, 9694, 9570, 9482] | memory = [8841, 7482, 7724, 5587, 5432, 3607, 2624, 1694]
>>>> [CONFIG: target(4), prim(inc_mbs)]
|8204.71|17074.36| op = [54, 53, 56, 57, 62, 59, 54, 24]| tp = [1, 1, 1, 1, 1, 1, 1, 1, ] | dp = [1, 1, 1, 1, 1, 1, 1, 1, ] | algo = [0, 0, 0, 0, 0, 0, 0, 0, ] | rc = [0, 0, 0, 0, 0, 0, 0, 0] | gpus = [1, 1, 1, 1, 1, 1, 1, 1] | micro_bs = 2 | time = [6770, 6606, 7382, 6808, 7864, 6979, 7167, 8204] | memory = [17074, 14761, 15257, 10963, 10641, 6978, 5056, 2908]
>>>> [CONFIG: target(7), prim(inc_mbs)]
|7451.23|25863.47| op = [54, 53, 56, 57, 62, 59, 54, 24]| tp = [1, 1, 1, 1, 1, 1, 1, 1, ] | dp = [1, 1, 1, 1, 1, 1, 1, 1, ] | algo = [0, 0, 0, 0, 0, 0, 0, 0, ] | rc = [6, 2, 4, 0, 0, 0, 0, 0] | gpus = [1, 1, 1, 1, 1, 1, 1, 1] | micro_bs = 4 | time = [5736, 5307, 6159, 5257, 6093, 5390, 5666, 7451] | memory = [20292, 25863, 23986, 21714, 21058, 13721, 9920, 5332]
>>>> [CONFIG: target(7), prim(dec_op)]
|6697.06|25863.47| op = [54, 53, 56, 57, 62, 59, 59, 19]| tp = [1, 1, 1, 1, 1, 1, 1, 1, ] | dp = [1, 1, 1, 1, 1, 1, 1, 1, ] | algo = [0, 0, 0, 0, 0, 0, 0, 0, ] | rc = [6, 2, 4, 0, 0, 0, 0, 0] | gpus = [1, 1, 1, 1, 1, 1, 1, 1] | micro_bs = 4 | time = [5734, 5305, 6157, 5254, 6091, 5387, 5895, 6697] | memory = [20292, 25863, 23986, 21714, 21058, 13721, 11149, 4460]

[ Trial 91 ] |6697.06|25863.47| op = [54, 53, 56, 57, 62, 59, 59, 19]| tp = [1, 1, 1, 1, 1, 1, 1, 1, ] | dp = [1, 1, 1, 1, 1, 1, 1, 1, ] | algo = [0, 0, 0, 0, 0, 0, 0, 0, ] | rc = [6, 2, 4, 0, 0, 0, 0, 0] | gpus = [1, 1, 1, 1, 1, 1, 1, 1] | micro_bs = 4 | time = [5734, 5305, 6157, 5254, 6091, 5387, 5895, 6697] | memory = [20292, 25863, 23986, 21714, 21058, 13721, 11149, 4460]
>>>> [CONFIG: target(7), prim(dec_mbs)]
|7863.70|17074.36| op = [54, 53, 56, 57, 62, 59, 59, 19]| tp = [1, 1, 1, 1, 1, 1, 1, 1, ] | dp = [1, 1, 1, 1, 1, 1, 1, 1, ] | algo = [0, 0, 0, 0, 0, 0, 0, 0, ] | rc = [0, 0, 0, 0, 0, 0, 0, 0] | gpus = [1, 1, 1, 1, 1, 1, 1, 1] | micro_bs = 2 | time = [6769, 6605, 7381, 6807, 7863, 6978, 7562, 7302] | memory = [17074, 14761, 15257, 10963, 10641, 6978, 5672, 2470]
>>>> [CONFIG: target(4), prim(dec_op)]
|7864.64|17074.36| op = [54, 55, 54, 57, 62, 59, 59, 19]| tp = [1, 1, 1, 1, 1, 1, 1, 1, ] | dp = [1, 1, 1, 1, 1, 1, 1, 1, ] | algo = [0, 0, 0, 0, 0, 0, 0, 0, ] | rc = [0, 0, 0, 0, 0, 0, 0, 0] | gpus = [1, 1, 1, 1, 1, 1, 1, 1] | micro_bs = 2 | time = [6770, 7286, 7182, 6808, 7864, 6979, 7563, 7303] | memory = [17074, 15657, 15209, 10963, 10641, 6978, 5672, 2470]
>>>> [CONFIG: target(4), prim(inc_mbs)]
|6699.68|23890.98| op = [54, 55, 54, 57, 62, 59, 59, 19]| tp = [1, 1, 1, 1, 1, 1, 1, 1, ] | dp = [1, 1, 1, 1, 1, 1, 1, 1, ] | algo = [0, 0, 0, 0, 0, 0, 0, 0, ] | rc = [6, 4, 4, 0, 0, 0, 0, 0] | gpus = [1, 1, 1, 1, 1, 1, 1, 1] | micro_bs = 4 | time = [5736, 6095, 6038, 5257, 6093, 5390, 5897, 6699] | memory = [20292, 23623, 23890, 21714, 21058, 13721, 11149, 4460]
>>>> [CONFIG: target(7), prim(inc_mbs)]
|6705.59|26854.00| op = [54, 55, 54, 57, 62, 59, 59, 19]| tp = [1, 1, 1, 1, 1, 1, 1, 1, ] | dp = [1, 1, 1, 1, 1, 1, 1, 1, ] | algo = [0, 0, 0, 0, 0, 0, 0, 0, ] | rc = [12, 12, 10, 8, 10, 2, 0, 0] | gpus = [1, 1, 1, 1, 1, 1, 1, 1] | micro_bs = 8 | time = [5863, 6541, 6359, 5741, 6705, 5347, 5687, 6628] | memory = [26665, 24259, 26854, 21329, 20004, 24903, 22102, 8440]
>>>> [CONFIG: target(4), prim(dec_op)]
|6632.07|26854.00| op = [54, 55, 54, 57, 57, 55, 68, 19]| tp = [1, 1, 1, 1, 1, 1, 1, 1, ] | dp = [1, 1, 1, 1, 1, 1, 1, 1, ] | algo = [0, 0, 0, 0, 0, 0, 0, 0, ] | rc = [12, 12, 10, 8, 8, 4, 0, 0] | gpus = [1, 1, 1, 1, 1, 1, 1, 1] | micro_bs = 8 | time = [5867, 6545, 6363, 5745, 6189, 6036, 6033, 6632] | memory = [26665, 24259, 26854, 21329, 19776, 25747, 22662, 8440]
>>>> [CONFIG: target(7), prim(dec_op)]
|6546.09|26854.00| op = [54, 55, 54, 57, 57, 55, 74, 13]| tp = [1, 1, 1, 1, 1, 1, 1, 1, ] | dp = [1, 1, 1, 1, 1, 1, 1, 1, ] | algo = [0, 0, 0, 0, 0, 0, 0, 0, ] | rc = [12, 12, 10, 8, 8, 4, 0, 0] | gpus = [1, 1, 1, 1, 1, 1, 1, 1] | micro_bs = 8 | time = [5867, 6546, 6364, 5745, 6189, 6036, 6337, 6362] | memory = [26665, 24259, 26854, 21329, 19776, 25747, 23171, 8196]
>>>> [CONFIG: target(1), prim(dec_mbs)]
|6640.75|23890.98| op = [54, 55, 54, 57, 57, 55, 74, 13]| tp = [1, 1, 1, 1, 1, 1, 1, 1, ] | dp = [1, 1, 1, 1, 1, 1, 1, 1, ] | algo = [0, 0, 0, 0, 0, 0, 0, 0, ] | rc = [6, 4, 4, 0, 0, 0, 0, 0] | gpus = [1, 1, 1, 1, 1, 1, 1, 1] | micro_bs = 4 | time = [5738, 6097, 6040, 5259, 5713, 5876, 6640, 6392] | memory = [20292, 23623, 23890, 21714, 18638, 15849, 11729, 4316]

[ Trial 93 ] |6640.75|23890.98| op = [54, 55, 54, 57, 57, 55, 74, 13]| tp = [1, 1, 1, 1, 1, 1, 1, 1, ] | dp = [1, 1, 1, 1, 1, 1, 1, 1, ] | algo = [0, 0, 0, 0, 0, 0, 0, 0, ] | rc = [6, 4, 4, 0, 0, 0, 0, 0] | gpus = [1, 1, 1, 1, 1, 1, 1, 1] | micro_bs = 4 | time = [5738, 6097, 6040, 5259, 5713, 5876, 6640, 6392] | memory = [20292, 23623, 23890, 21714, 18638, 15849, 11729, 4316]
>>>> [CONFIG: target(5), prim(dec_op)]
|6640.61|23890.98| op = [54, 55, 54, 61, 53, 55, 74, 13]| tp = [1, 1, 1, 1, 1, 1, 1, 1, ] | dp = [1, 1, 1, 1, 1, 1, 1, 1, ] | algo = [0, 0, 0, 0, 0, 0, 0, 0, ] | rc = [6, 4, 4, 0, 0, 0, 0, 0] | gpus = [1, 1, 1, 1, 1, 1, 1, 1] | micro_bs = 4 | time = [5738, 6097, 6040, 5457, 5479, 5876, 6640, 6392] | memory = [20292, 23623, 23890, 22003, 18369, 15849, 11729, 4316]
>>>> [CONFIG: target(6), prim(dec_mbs)]
|8644.48|17074.36| op = [54, 55, 54, 61, 53, 55, 74, 13]| tp = [1, 1, 1, 1, 1, 1, 1, 1, ] | dp = [1, 1, 1, 1, 1, 1, 1, 1, ] | algo = [0, 0, 0, 0, 0, 0, 0, 0, ] | rc = [0, 0, 0, 0, 0, 0, 0, 0] | gpus = [1, 1, 1, 1, 1, 1, 1, 1] | micro_bs = 2 | time = [6771, 7287, 7183, 7106, 6971, 7380, 8644, 6866] | memory = [17074, 15657, 15209, 11121, 9280, 8020, 6008, 2376]
>>>> [CONFIG: target(6), prim(dec_mbs)]
|12084.54|8841.22| op = [54, 55, 54, 61, 53, 55, 74, 13]| tp = [1, 1, 1, 1, 1, 1, 1, 1, ] | dp = [1, 1, 1, 1, 1, 1, 1, 1, ] | algo = [0, 0, 0, 0, 0, 0, 0, 0, ] | rc = [0, 0, 0, 0, 0, 0, 0, 0] | gpus = [1, 1, 1, 1, 1, 1, 1, 1] | micro_bs = 1 | time = [9437, 9797, 9600, 9990, 9362, 9809, 12084, 7599] | memory = [8841, 7930, 7700, 5680, 4736, 4106, 3148, 1404]
>>>> [CONFIG: target(6), prim(dec_op)]
|9990.50|8841.22| op = [54, 55, 54, 61, 53, 55, 61, 26]| tp = [1, 1, 1, 1, 1, 1, 1, 1, ] | dp = [1, 1, 1, 1, 1, 1, 1, 1, ] | algo = [0, 0, 0, 0, 0, 0, 0, 0, ] | rc = [0, 0, 0, 0, 0, 0, 0, 0] | gpus = [1, 1, 1, 1, 1, 1, 1, 1] | micro_bs = 1 | time = [9437, 9797, 9600, 9990, 9362, 9809, 9990, 9693] | memory = [8841, 7930, 7700, 5680, 4736, 4106, 2608, 1698]
>>>> [CONFIG: target(3), prim(inc_mbs)]
|8404.83|17074.36| op = [54, 55, 54, 61, 53, 55, 61, 26]| tp = [1, 1, 1, 1, 1, 1, 1, 1, ] | dp = [1, 1, 1, 1, 1, 1, 1, 1, ] | algo = [0, 0, 0, 0, 0, 0, 0, 0, ] | rc = [0, 0, 0, 0, 0, 0, 0, 0] | gpus = [1, 1, 1, 1, 1, 1, 1, 1] | micro_bs = 2 | time = [6771, 7287, 7183, 7106, 6971, 7380, 7106, 8404] | memory = [17074, 15657, 15209, 11121, 9280, 8020, 4976, 2916]
>>>> [CONFIG: target(7), prim(inc_mbs)]
|7575.80|23890.98| op = [54, 55, 54, 61, 53, 55, 61, 26]| tp = [1, 1, 1, 1, 1, 1, 1, 1, ] | dp = [1, 1, 1, 1, 1, 1, 1, 1, ] | algo = [0, 0, 0, 0, 0, 0, 0, 0, ] | rc = [6, 4, 4, 0, 0, 0, 0, 0] | gpus = [1, 1, 1, 1, 1, 1, 1, 1] | micro_bs = 4 | time = [5738, 6097, 6040, 5457, 5479, 5876, 5457, 7575] | memory = [20292, 23623, 23890, 22003, 18369, 15849, 9713, 5348]
>>>> [CONFIG: target(7), prim(dec_op)]
|6121.06|23890.98| op = [54, 55, 54, 63, 63, 62, 58, 10]| tp = [1, 1, 1, 1, 1, 1, 1, 1, ] | dp = [1, 1, 1, 1, 1, 1, 1, 1, ] | algo = [0, 0, 0, 0, 0, 0, 0, 0, ] | rc = [6, 4, 4, 0, 0, 0, 0, 0] | gpus = [1, 1, 1, 1, 1, 1, 1, 1] | micro_bs = 4 | time = [5740, 6099, 6042, 6070, 6121, 6076, 6026, 6051] | memory = [20292, 23623, 23890, 23283, 21266, 16233, 11141, 2728]

num_targets: [1, 1, 1, 1, 1, 1, 1, 1, 5, 5, 1, 5]
num_hops: [1, 1, 1, 1, 1, 6, 3, 7, 1, 1, 7, 7]
search time = 116.79 s.  [0, 1, 2, 3, 4, 5, 7, 8, 9, 12, 13, 14, 18, 19, 21, 23, 25, 28, 30, 32, 34, 36, 37, 38, 39, 42, 46, 48, 50, 52, 54, 55, 56, 59, 60, 62, 65, 68, 69, 71, 73, 74, 75, 76, 78, 79, 80, 83, 85, 86, 88, 92, 94, 96, 97, 99, 100, 101, 102, 103, 104, 106, 107, 109, 111, 112, 113, 115, 116, 117, 118, 119, 120, 121, 122, 124, 125, 131, 134, 135, 136, 137, 138, 139, 142, 143, 144, 145, 146, 147, 149, 150, 152, 153, 156, 158, 160, 162, 165, 166, 168] 
num_explored_cases = 18298
time trend: [14327, 10404, 8805, 7382, 6725, 6513, 6511, 6392, 6392, 6513, 6467, 6513, 6513, 6513, 6512, 6269, 6266, 6265, 6265, 6121, 6121, 6420, 6465, 6511, 6530, 6464, 6126, 6133, 6462, 6462, 6483, 6527, 6561, 6467, 6168, 6168, 6166, 6472, 6562, 6562, 6625, 6562, 6562, 6161, 6161, 6631, 6633, 6232, 6232, 6629, 6632, 6230, 6525, 6472, 6478, 6484, 6482, 6482, 6483, 6527, 6527, 6555, 6624, 6555, 6628, 6392, 6649, 6516, 6666, 6668, 6668, 6624, 6598, 6681, 6681, 6467, 6671, 6266, 6269, 6445, 6463, 6555, 6626, 6634, 6419, 6419, 6394, 6555, 6557, 6628, 6601, 6674, 6390, 6388, 6121, 6121, 6525, 6526, 6394, 6394, 6597]

working on num_stages = 3
config has been saved to /home/liminglong.lml/sxz/SuperScaler/logs-large/aceso/configs/scale-layer/32layers/scale-layer_32layers_3stages_2026-5-16-3-9-19.json

========== Best Result (num_stages = 3) ==========
|6262.04|25256.93| op = [202, 137, 80]| tp = [1, 1, 1, ] | dp = [4, 2, 2, ] | algo = [0, 0, 0, ] | rc = [0, 0, 0] | gpus = [4, 2, 2] | micro_bs = 8 | time = [6262, 6234, 6233] | memory = [25256, 21734, 9496]
start|47306.31|3130.70| op = [139, 139, 141]| tp = [4, 2, 2, ] | dp = [1, 1, 1, ] | algo = [0, 0, 0, ] | rc = [0, 0, 0] | gpus = [4, 2, 2] | micro_bs = 1 | time = [47306, 37529, 40843] | memory = [2737, 3130, 2248]

[ Trial 0 ] |47306.31|3130.70| op = [139, 139, 141]| tp = [4, 2, 2, ] | dp = [1, 1, 1, ] | algo = [0, 0, 0, ] | rc = [0, 0, 0] | gpus = [4, 2, 2] | micro_bs = 1 | time = [47306, 37529, 40843] | memory = [2737, 3130, 2248]
>>>> [CONFIG: target(0), prim(dec_tp)]
|47278.91|4879.09| op = [139, 139, 141]| tp = [2, 4, 2, ] | dp = [1, 1, 1, ] | algo = [0, 0, 0, ] | rc = [0, 0, 0] | gpus = [2, 4, 2] | micro_bs = 1 | time = [37637, 47278, 40843] | memory = [4879, 1780, 2248]

[ Trial 1 ] |47278.91|4879.09| op = [139, 139, 141]| tp = [2, 4, 2, ] | dp = [1, 1, 1, ] | algo = [0, 0, 0, ] | rc = [0, 0, 0] | gpus = [2, 4, 2] | micro_bs = 1 | time = [37637, 47278, 40843] | memory = [4879, 1780, 2248]
>>>> [CONFIG: target(1), prim(inc_mbs)]
|18772.07|9291.03| op = [139, 139, 141]| tp = [1, 2, 1, ] | dp = [2, 2, 2, ] | algo = [0, 0, 0, ] | rc = [0, 0, 0] | gpus = [2, 4, 2] | micro_bs = 2 | time = [11726, 18772, 14200] | memory = [9291, 3130, 4340]

[ Trial 2 ] |18772.07|9291.03| op = [139, 139, 141]| tp = [1, 2, 1, ] | dp = [2, 2, 2, ] | algo = [0, 0, 0, ] | rc = [0, 0, 0] | gpus = [2, 4, 2] | micro_bs = 2 | time = [11726, 18772, 14200] | memory = [9291, 3130, 4340]
>>>> [CONFIG: target(1), prim(dec_tp)]
|18825.64|5958.70| op = [139, 139, 141]| tp = [2, 1, 1, ] | dp = [2, 2, 2, ] | algo = [0, 0, 0, ] | rc = [0, 0, 0] | gpus = [4, 2, 2] | micro_bs = 2 | time = [18825, 11527, 14200] | memory = [4879, 5958, 4340]
>>>> [CONFIG: target(0), prim(dec_dp)]
|27248.06|9294.11| op = [139, 139, 141]| tp = [2, 2, 1, ] | dp = [1, 2, 2, ] | algo = [0, 0, 0, ] | rc = [0, 0, 0] | gpus = [2, 4, 2] | micro_bs = 2 | time = [27248, 18802, 14230] | memory = [9294, 3130, 4340]
>>>> [CONFIG: target(0), prim(inc_mbs)]
|11045.13|17670.00| op = [139, 139, 141]| tp = [1, 1, 1, ] | dp = [2, 4, 2, ] | algo = [0, 0, 0, ] | rc = [0, 0, 0] | gpus = [2, 4, 2] | micro_bs = 4 | time = [8609, 5808, 11045] | memory = [17670, 5958, 7768]

[ Trial 3 ] |11045.13|17670.00| op = [139, 139, 141]| tp = [1, 1, 1, ] | dp = [2, 4, 2, ] | algo = [0, 0, 0, ] | rc = [0, 0, 0] | gpus = [2, 4, 2] | micro_bs = 4 | time = [8609, 5808, 11045] | memory = [17670, 5958, 7768]
>>>> [CONFIG: target(2), prim(dec_op)]
|8129.11|16376.00| op = [133, 194, 92]| tp = [1, 1, 1, ] | dp = [2, 4, 2, ] | algo = [0, 0, 0, ] | rc = [0, 0, 0] | gpus = [2, 4, 2] | micro_bs = 4 | time = [8093, 7968, 8129] | memory = [16376, 8412, 5632]

[ Trial 4 ] |8129.11|16376.00| op = [133, 194, 92]| tp = [1, 1, 1, ] | dp = [2, 4, 2, ] | algo = [0, 0, 0, ] | rc = [0, 0, 0] | gpus = [2, 4, 2] | micro_bs = 4 | time = [8093, 7968, 8129] | memory = [16376, 8412, 5632]
>>>> [CONFIG: target(2), prim(inc_mbs)]
|6815.29|23780.00| op = [133, 194, 92]| tp = [1, 1, 1, ] | dp = [2, 4, 2, ] | algo = [0, 0, 0, ] | rc = [10, 0, 0] | gpus = [2, 4, 2] | micro_bs = 8 | time = [6681, 5902, 6815] | memory = [23779, 16117, 10528]

[ Trial 5 ] |6815.29|23780.00| op = [133, 194, 92]| tp = [1, 1, 1, ] | dp = [2, 4, 2, ] | algo = [0, 0, 0, ] | rc = [10, 0, 0] | gpus = [2, 4, 2] | micro_bs = 8 | time = [6681, 5902, 6815] | memory = [23779, 16117, 10528]
>>>> [CONFIG: target(2), prim(dec_op)]
|6680.45|23780.00| op = [133, 199, 87]| tp = [1, 1, 1, ] | dp = [2, 4, 2, ] | algo = [0, 0, 0, ] | rc = [10, 0, 0] | gpus = [2, 4, 2] | micro_bs = 8 | time = [6680, 6159, 6386] | memory = [23779, 16993, 9652]

[ Trial 6 ] |6680.45|23780.00| op = [133, 199, 87]| tp = [1, 1, 1, ] | dp = [2, 4, 2, ] | algo = [0, 0, 0, ] | rc = [10, 0, 0] | gpus = [2, 4, 2] | micro_bs = 8 | time = [6680, 6159, 6386] | memory = [23779, 16993, 9652]
>>>> [CONFIG: target(0), prim(dec_op)]
|6385.22|25027.63| op = [124, 208, 87]| tp = [1, 1, 1, ] | dp = [2, 4, 2, ] | algo = [0, 0, 0, ] | rc = [8, 0, 0] | gpus = [2, 4, 2] | micro_bs = 8 | time = [6376, 6312, 6385] | memory = [25027, 17169, 9652]

[ Trial 7 ] |6385.22|25027.63| op = [124, 208, 87]| tp = [1, 1, 1, ] | dp = [2, 4, 2, ] | algo = [0, 0, 0, ] | rc = [8, 0, 0] | gpus = [2, 4, 2] | micro_bs = 8 | time = [6376, 6312, 6385] | memory = [25027, 17169, 9652]
>>>> [CONFIG: target(2), prim(dec_op)]
|6376.09|25027.63| op = [124, 209, 86]| tp = [1, 1, 1, ] | dp = [2, 4, 2, ] | algo = [0, 0, 0, ] | rc = [8, 0, 0] | gpus = [2, 4, 2] | micro_bs = 8 | time = [6376, 6330, 6369] | memory = [25027, 17181, 9640]

[ Trial 8 ] |6376.09|25027.63| op = [124, 209, 86]| tp = [1, 1, 1, ] | dp = [2, 4, 2, ] | algo = [0, 0, 0, ] | rc = [8, 0, 0] | gpus = [2, 4, 2] | micro_bs = 8 | time = [6376, 6330, 6369] | memory = [25027, 17181, 9640]
>>>> [CONFIG: target(0), prim(inc_dp)]
|10450.77|23799.97| op = [124, 209, 86]| tp = [1, 1, 1, ] | dp = [4, 2, 2, ] | algo = [0, 0, 0, ] | rc = [0, 18, 0] | gpus = [4, 2, 2] | micro_bs = 8 | time = [3984, 10450, 6383] | memory = [16111, 23799, 9640]
>>>> [CONFIG: target(1), prim(dec_op)]
|6367.11|25256.93| op = [202, 131, 86]| tp = [1, 1, 1, ] | dp = [4, 2, 2, ] | algo = [0, 0, 0, ] | rc = [0, 0, 0] | gpus = [4, 2, 2] | micro_bs = 8 | time = [6262, 6107, 6367] | memory = [25256, 21494, 9640]

[ Trial 9 ] |6367.11|25256.93| op = [202, 131, 86]| tp = [1, 1, 1, ] | dp = [4, 2, 2, ] | algo = [0, 0, 0, ] | rc = [0, 0, 0] | gpus = [4, 2, 2] | micro_bs = 8 | time = [6262, 6107, 6367] | memory = [25256, 21494, 9640]
>>>> [CONFIG: target(2), prim(dec_op)]
|6262.09|25256.93| op = [202, 136, 81]| tp = [1, 1, 1, ] | dp = [4, 2, 2, ] | algo = [0, 0, 0, ] | rc = [0, 0, 0] | gpus = [4, 2, 2] | micro_bs = 8 | time = [6262, 6223, 6250] | memory = [25256, 21710, 9516]

[ Trial 10 ] |6262.09|25256.93| op = [202, 136, 81]| tp = [1, 1, 1, ] | dp = [4, 2, 2, ] | algo = [0, 0, 0, ] | rc = [0, 0, 0] | gpus = [4, 2, 2] | micro_bs = 8 | time = [6262, 6223, 6250] | memory = [25256, 21710, 9516]
>>>> [CONFIG: target(0), prim(dec_dp)]
|10982.39|22293.86| op = [202, 136, 81]| tp = [1, 1, 1, ] | dp = [2, 2, 4, ] | algo = [0, 0, 0, ] | rc = [32, 0, 0] | gpus = [2, 2, 4] | micro_bs = 8 | time = [10982, 6241, 3808] | memory = [22293, 21710, 5102]
>>>> [CONFIG: target(0), prim(dec_mbs)]
|12381.54|25256.93| op = [202, 136, 81]| tp = [1, 1, 1, ] | dp = [2, 2, 4, ] | algo = [0, 0, 0, ] | rc = [0, 0, 0] | gpus = [2, 2, 4] | micro_bs = 4 | time = [12381, 8066, 4694] | memory = [25256, 11113, 2893]
>>>> [CONFIG: target(0), prim(inc_tp)]
|19677.56|13283.04| op = [202, 136, 81]| tp = [2, 1, 1, ] | dp = [2, 2, 2, ] | algo = [0, 0, 0, ] | rc = [0, 0, 0] | gpus = [4, 2, 2] | micro_bs = 4 | time = [19677, 8105, 7459] | memory = [13283, 11113, 5102]
>>>> [CONFIG: target(0), prim(dec_op)]
|10964.34|14265.74| op = [111, 178, 130]| tp = [2, 1, 1, ] | dp = [2, 2, 2, ] | algo = [0, 0, 0, ] | rc = [0, 0, 0] | gpus = [4, 2, 2] | micro_bs = 4 | time = [10964, 10521, 10401] | memory = [7653, 14265, 7236]
>>>> [CONFIG: target(0), prim(inc_mbs)]
|8553.53|26131.47| op = [111, 178, 130]| tp = [1, 1, 1, ] | dp = [4, 2, 2, ] | algo = [0, 0, 0, ] | rc = [0, 4, 0] | gpus = [4, 2, 2] | micro_bs = 8 | time = [3599, 8263, 8553] | memory = [14587, 26131, 13605]
>>>> [CONFIG: target(2), prim(dec_op)]
|6382.65|25272.93| op = [203, 129, 87]| tp = [1, 1, 1, ] | dp = [4, 2, 2, ] | algo = [0, 0, 0, ] | rc = [0, 0, 0] | gpus = [4, 2, 2] | micro_bs = 8 | time = [6280, 6076, 6382] | memory = [25272, 21454, 9652]
>>>> [CONFIG: target(2), prim(dec_op)]
|6279.97|25272.93| op = [203, 136, 80]| tp = [1, 1, 1, ] | dp = [4, 2, 2, ] | algo = [0, 0, 0, ] | rc = [0, 0, 0] | gpus = [4, 2, 2] | micro_bs = 8 | time = [6279, 6219, 6233] | memory = [25272, 21714, 9496]

[ Trial 11 ] |6279.97|25272.93| op = [203, 136, 80]| tp = [1, 1, 1, ] | dp = [4, 2, 2, ] | algo = [0, 0, 0, ] | rc = [0, 0, 0] | gpus = [4, 2, 2] | micro_bs = 8 | time = [6279, 6219, 6233] | memory = [25272, 21714, 9496]
>>>> [CONFIG: target(2), prim(inc_tp)]
|11029.15|22321.86| op = [203, 136, 80]| tp = [1, 1, 2, ] | dp = [2, 2, 2, ] | algo = [0, 0, 0, ] | rc = [32, 0, 0] | gpus = [2, 2, 4] | micro_bs = 8 | time = [11029, 6268, 7796] | memory = [22321, 21714, 4928]
>>>> [CONFIG: target(0), prim(dec_op)]
|9023.92|26971.23| op = [169, 170, 80]| tp = [1, 1, 2, ] | dp = [2, 2, 2, ] | algo = [0, 0, 0, ] | rc = [24, 2, 0] | gpus = [2, 2, 4] | micro_bs = 8 | time = [9023, 8005, 7794] | memory = [20540, 26971, 4928]
>>>> [CONFIG: target(0), prim(inc_dp)]
|7963.88|26971.23| op = [169, 170, 80]| tp = [1, 1, 1, ] | dp = [4, 2, 2, ] | algo = [0, 0, 0, ] | rc = [0, 2, 0] | gpus = [4, 2, 2] | micro_bs = 8 | time = [5217, 7963, 6238] | memory = [20870, 26971, 9496]
>>>> [CONFIG: target(1), prim(dec_op)]
|6262.04|25256.93| op = [202, 137, 80]| tp = [1, 1, 1, ] | dp = [4, 2, 2, ] | algo = [0, 0, 0, ] | rc = [0, 0, 0] | gpus = [4, 2, 2] | micro_bs = 8 | time = [6262, 6234, 6233] | memory = [25256, 21734, 9496]

num_targets: [1, 1, 1, 1, 1, 1, 1, 1, 1, 1, 2]
num_hops: [1, 1, 3, 1, 1, 1, 1, 1, 2, 1, 4]
search time = 200.00 s.  [0, 1, 2, 3, 4, 5, 6, 7, 8, 9, 10, 31, 40, 63, 79, 80, 87, 95, 100, 101, 109, 124, 136, 147, 161, 168, 183, 199, 207, 220, 222, 223, 224, 225, 226, 227, 228, 229, 230, 231, 232, 233, 234, 235, 236, 237, 238, 239, 240, 241, 242, 243, 244, 245, 246, 247, 248, 249, 250, 251, 252, 253, 254, 255, 256, 257, 258, 259, 260, 261, 262, 263, 264, 265, 266, 267, 268, 269, 270, 271, 272, 273, 274, 275, 276, 277, 278, 279, 280] 
num_explored_cases = 39932
time trend: [47306, 47278, 18772, 11045, 8129, 6815, 6680, 6385, 6376, 6367, 6262, 6262, 6262, 6262, 6300, 6300, 6322, 6337, 6351, 6351, 6358, 6262, 6361, 6294, 6294, 6372, 6373, 6372, 6372, 6373, 6373, 6373, 6373, 6374, 6382, 6382, 6382, 6382, 6382, 6382, 6382, 6382, 6384, 6388, 6388, 6388, 6391, 6398, 6399, 6402, 6402, 6406, 6406, 6406, 6406, 6406, 6407, 6407, 6407, 6407, 6407, 6407, 6410, 6411, 6411, 6417, 6418, 6421, 6421, 6421, 6421, 6422, 6422, 6422, 6423, 6423, 6423, 6423, 6433, 6436, 6436, 6447, 6447, 6447, 6448, 6449, 6452, 6452, 6466]

working on num_stages = 5
config has been saved to /home/liminglong.lml/sxz/SuperScaler/logs-large/aceso/configs/scale-layer/32layers/scale-layer_32layers_5stages_2026-5-16-3-9-19.json

========== Best Result (num_stages = 5) ==========
|5993.13|25075.75| op = [55, 108, 61, 121, 74]| tp = [1, 1, 1, 1, 1, ] | dp = [1, 2, 1, 2, 2, ] | algo = [0, 0, 0, 0, 0, ] | rc = [8, 14, 2, 0, 0] | gpus = [1, 2, 1, 2, 2] | micro_bs = 8 | time = [5630, 5993, 5255, 5966, 5866] | memory = [21097, 21091, 25075, 21170, 8620]
start|23026.66|4627.17| op = [83, 83, 83, 83, 87]| tp = [2, 2, 2, 1, 1, ] | dp = [1, 1, 1, 1, 1, ] | algo = [0, 0, 0, 0, 0, ] | rc = [0, 0, 0, 0, 0] | gpus = [2, 2, 2, 1, 1] | micro_bs = 1 | time = [23026, 22366, 22583, 14247, 19233] | memory = [4627, 3886, 2717, 4012, 2954]

[ Trial 0 ] |23026.66|4627.17| op = [83, 83, 83, 83, 87]| tp = [2, 2, 2, 1, 1, ] | dp = [1, 1, 1, 1, 1, ] | algo = [0, 0, 0, 0, 0, ] | rc = [0, 0, 0, 0, 0] | gpus = [2, 2, 2, 1, 1] | micro_bs = 1 | time = [23026, 22366, 22583, 14247, 19233] | memory = [4627, 3886, 2717, 4012, 2954]
>>>> [CONFIG: target(0), prim(dec_tp)]
|22583.50|8792.08| op = [83, 83, 83, 83, 87]| tp = [1, 2, 2, 2, 1, ] | dp = [1, 1, 1, 1, 1, ] | algo = [0, 0, 0, 0, 0, ] | rc = [0, 0, 0, 0, 0] | gpus = [1, 2, 2, 2, 1] | micro_bs = 1 | time = [14589, 22366, 22583, 22474, 19233] | memory = [8792, 3886, 2717, 2094, 2954]

[ Trial 1 ] |22583.50|8792.08| op = [83, 83, 83, 83, 87]| tp = [1, 2, 2, 2, 1, ] | dp = [1, 1, 1, 1, 1, ] | algo = [0, 0, 0, 0, 0, ] | rc = [0, 0, 0, 0, 0] | gpus = [1, 2, 2, 2, 1] | micro_bs = 1 | time = [14589, 22366, 22583, 22474, 19233] | memory = [8792, 3886, 2717, 2094, 2954]
>>>> [CONFIG: target(2), prim(dec_tp)]
|23025.95|5149.62| op = [83, 83, 83, 83, 87]| tp = [2, 2, 1, 2, 1, ] | dp = [1, 1, 1, 1, 1, ] | algo = [0, 0, 0, 0, 0, ] | rc = [0, 0, 0, 0, 0] | gpus = [2, 2, 1, 2, 1] | micro_bs = 1 | time = [23025, 22366, 13629, 22474, 19232] | memory = [4627, 3886, 5149, 2094, 2954]
>>>> [CONFIG: target(0), prim(inc_mbs)]
|15153.60|9979.21| op = [83, 83, 83, 83, 87]| tp = [1, 1, 1, 1, 1, ] | dp = [2, 2, 1, 2, 1, ] | algo = [0, 0, 0, 0, 0, ] | rc = [0, 0, 0, 0, 0] | gpus = [2, 2, 1, 2, 1] | micro_bs = 2 | time = [7328, 7116, 9835, 7157, 15153] | memory = [8792, 7400, 9979, 4012, 5188]

[ Trial 2 ] |15153.60|9979.21| op = [83, 83, 83, 83, 87]| tp = [1, 1, 1, 1, 1, ] | dp = [2, 2, 1, 2, 1, ] | algo = [0, 0, 0, 0, 0, ] | rc = [0, 0, 0, 0, 0] | gpus = [2, 2, 1, 2, 1] | micro_bs = 2 | time = [7328, 7116, 9835, 7157, 15153] | memory = [8792, 7400, 9979, 4012, 5188]
>>>> [CONFIG: target(4), prim(dec_op)]
|9008.72|10895.32| op = [102, 109, 68, 105, 35]| tp = [1, 1, 1, 1, 1, ] | dp = [2, 2, 1, 2, 1, ] | algo = [0, 0, 0, 0, 0, ] | rc = [0, 0, 0, 0, 0] | gpus = [2, 2, 1, 2, 1] | micro_bs = 2 | time = [8751, 9008, 8904, 8912, 8997] | memory = [10895, 8729, 9556, 4780, 3028]

[ Trial 3 ] |9008.72|10895.32| op = [102, 109, 68, 105, 35]| tp = [1, 1, 1, 1, 1, ] | dp = [2, 2, 1, 2, 1, ] | algo = [0, 0, 0, 0, 0, ] | rc = [0, 0, 0, 0, 0] | gpus = [2, 2, 1, 2, 1] | micro_bs = 2 | time = [8751, 9008, 8904, 8912, 8997] | memory = [10895, 8729, 9556, 4780, 3028]
>>>> [CONFIG: target(1), prim(dec_dp)]
|13016.64|17046.12| op = [102, 109, 68, 105, 35]| tp = [1, 1, 1, 1, 1, ] | dp = [2, 1, 1, 2, 2, ] | algo = [0, 0, 0, 0, 0, ] | rc = [0, 0, 0, 0, 0] | gpus = [2, 1, 1, 2, 2] | micro_bs = 2 | time = [8752, 13016, 8905, 8912, 5461] | memory = [10895, 17046, 9556, 4780, 1778]
>>>> [CONFIG: target(1), prim(dec_op)]
|9938.19|13013.63| op = [102, 83, 69, 108, 57]| tp = [1, 1, 1, 1, 1, ] | dp = [2, 1, 1, 2, 2, ] | algo = [0, 0, 0, 0, 0, ] | rc = [0, 0, 0, 0, 0] | gpus = [2, 1, 1, 2, 2] | micro_bs = 2 | time = [8749, 9938, 8893, 8916, 7336] | memory = [10895, 13013, 9568, 4698, 2337]
>>>> [CONFIG: target(1), prim(inc_mbs)]
|7650.50|25711.24| op = [102, 83, 69, 108, 57]| tp = [1, 1, 1, 1, 1, ] | dp = [2, 1, 1, 2, 2, ] | algo = [0, 0, 0, 0, 0, ] | rc = [0, 0, 0, 0, 0] | gpus = [2, 1, 1, 2, 2] | micro_bs = 4 | time = [6421, 7650, 6939, 6516, 6002] | memory = [21006, 25711, 18897, 8993, 4070]

[ Trial 4 ] |7650.50|25711.24| op = [102, 83, 69, 108, 57]| tp = [1, 1, 1, 1, 1, ] | dp = [2, 1, 1, 2, 2, ] | algo = [0, 0, 0, 0, 0, ] | rc = [0, 0, 0, 0, 0] | gpus = [2, 1, 1, 2, 2] | micro_bs = 4 | time = [6421, 7650, 6939, 6516, 6002] | memory = [21006, 25711, 18897, 8993, 4070]
>>>> [CONFIG: target(1), prim(dec_op)]
|6889.51|22750.74| op = [102, 71, 65, 108, 73]| tp = [1, 1, 1, 1, 1, ] | dp = [2, 1, 1, 2, 2, ] | algo = [0, 0, 0, 0, 0, ] | rc = [0, 0, 0, 0, 0] | gpus = [2, 1, 1, 2, 2] | micro_bs = 4 | time = [6422, 6889, 6678, 6862, 6843] | memory = [21006, 22750, 17097, 9764, 4640]

[ Trial 5 ] |6889.51|22750.74| op = [102, 71, 65, 108, 73]| tp = [1, 1, 1, 1, 1, ] | dp = [2, 1, 1, 2, 2, ] | algo = [0, 0, 0, 0, 0, ] | rc = [0, 0, 0, 0, 0] | gpus = [2, 1, 1, 2, 2] | micro_bs = 4 | time = [6422, 6889, 6678, 6862, 6843] | memory = [21006, 22750, 17097, 9764, 4640]
>>>> [CONFIG: target(1), prim(dec_op)]
|6862.53|22622.73| op = [103, 70, 65, 108, 73]| tp = [1, 1, 1, 1, 1, ] | dp = [2, 1, 1, 2, 2, ] | algo = [0, 0, 0, 0, 0, ] | rc = [0, 0, 0, 0, 0] | gpus = [2, 1, 1, 2, 2] | micro_bs = 4 | time = [6445, 6844, 6678, 6862, 6842] | memory = [21086, 22622, 17097, 9764, 4640]

[ Trial 6 ] |6862.53|22622.73| op = [103, 70, 65, 108, 73]| tp = [1, 1, 1, 1, 1, ] | dp = [2, 1, 1, 2, 2, ] | algo = [0, 0, 0, 0, 0, ] | rc = [0, 0, 0, 0, 0] | gpus = [2, 1, 1, 2, 2] | micro_bs = 4 | time = [6445, 6844, 6678, 6862, 6842] | memory = [21086, 22622, 17097, 9764, 4640]
>>>> [CONFIG: target(3), prim(dec_dp)]
|10593.56|22622.73| op = [103, 70, 65, 108, 73]| tp = [1, 1, 1, 1, 1, ] | dp = [2, 1, 2, 1, 2, ] | algo = [0, 0, 0, 0, 0, ] | rc = [0, 0, 0, 0, 0] | gpus = [2, 1, 2, 1, 2] | micro_bs = 4 | time = [6451, 6850, 4323, 10593, 6848] | memory = [21086, 22622, 8668, 19141, 4640]
>>>> [CONFIG: target(3), prim(dec_op)]
|6844.48|22622.73| op = [103, 70, 106, 67, 73]| tp = [1, 1, 1, 1, 1, ] | dp = [2, 1, 2, 1, 2, ] | algo = [0, 0, 0, 0, 0, ] | rc = [0, 0, 0, 0, 0] | gpus = [2, 1, 2, 1, 2] | micro_bs = 4 | time = [6445, 6844, 6831, 6628, 6842] | memory = [21086, 22622, 14105, 11941, 4640]

[ Trial 7 ] |6844.48|22622.73| op = [103, 70, 106, 67, 73]| tp = [1, 1, 1, 1, 1, ] | dp = [2, 1, 2, 1, 2, ] | algo = [0, 0, 0, 0, 0, ] | rc = [0, 0, 0, 0, 0] | gpus = [2, 1, 2, 1, 2] | micro_bs = 4 | time = [6445, 6844, 6831, 6628, 6842] | memory = [21086, 22622, 14105, 11941, 4640]
>>>> [CONFIG: target(1), prim(inc_mbs)]
|7332.68|26674.98| op = [103, 70, 106, 67, 73]| tp = [1, 1, 1, 1, 1, ] | dp = [2, 1, 2, 1, 2, ] | algo = [0, 0, 0, 0, 0, ] | rc = [16, 10, 2, 0, 0] | gpus = [2, 1, 2, 1, 2] | micro_bs = 8 | time = [5752, 7332, 5554, 6288, 5867] | memory = [18925, 23089, 26674, 23638, 8608]
>>>> [CONFIG: target(1), prim(dec_op)]
|6311.07|24491.35| op = [103, 58, 118, 67, 73]| tp = [1, 1, 1, 1, 1, ] | dp = [2, 1, 2, 1, 2, ] | algo = [0, 0, 0, 0, 0, ] | rc = [16, 8, 8, 0, 0] | gpus = [2, 1, 2, 1, 2] | micro_bs = 8 | time = [5750, 6239, 6311, 6285, 5864] | memory = [18925, 19776, 24491, 23638, 8608]

[ Trial 8 ] |6311.07|24491.35| op = [103, 58, 118, 67, 73]| tp = [1, 1, 1, 1, 1, ] | dp = [2, 1, 2, 1, 2, ] | algo = [0, 0, 0, 0, 0, ] | rc = [16, 8, 8, 0, 0] | gpus = [2, 1, 2, 1, 2] | micro_bs = 8 | time = [5750, 6239, 6311, 6285, 5864] | memory = [18925, 19776, 24491, 23638, 8608]
>>>> [CONFIG: target(2), prim(dec_dp)]
|13164.40|26982.75| op = [103, 58, 118, 67, 73]| tp = [1, 1, 1, 1, 1, ] | dp = [2, 2, 1, 1, 2, ] | algo = [0, 0, 0, 0, 0, ] | rc = [16, 0, 27, 0, 0] | gpus = [2, 2, 1, 1, 2] | micro_bs = 8 | time = [5779, 3109, 13164, 6314, 5893] | memory = [18925, 18638, 26982, 23638, 8608]
>>>> [CONFIG: target(2), prim(dec_op)]
|6853.23|24911.22| op = [103, 86, 65, 74, 91]| tp = [1, 1, 1, 1, 1, ] | dp = [2, 2, 1, 1, 2, ] | algo = [0, 0, 0, 0, 0, ] | rc = [16, 4, 6, 0, 0] | gpus = [2, 2, 1, 1, 2] | micro_bs = 8 | time = [5743, 4498, 6333, 6196, 6853] | memory = [18925, 24911, 23203, 23171, 10508]
>>>> [CONFIG: target(4), prim(dec_dp)]
|12926.71|26698.31| op = [103, 86, 65, 74, 91]| tp = [1, 1, 1, 1, 1, ] | dp = [1, 4, 1, 1, 1, ] | algo = [0, 0, 0, 0, 0, ] | rc = [28, 0, 6, 0, 0] | gpus = [1, 4, 1, 1, 1] | micro_bs = 8 | time = [11326, 2961, 6411, 6273, 12926] | memory = [26698, 14629, 23203, 23171, 20293]
>>>> [CONFIG: target(4), prim(inc_tp)]
|15614.54|26698.31| op = [103, 86, 65, 74, 91]| tp = [1, 1, 1, 1, 2, ] | dp = [1, 2, 2, 1, 1, ] | algo = [0, 0, 0, 0, 0, ] | rc = [28, 4, 0, 0, 0] | gpus = [1, 2, 2, 1, 2] | micro_bs = 8 | time = [11335, 4585, 3313, 6283, 15614] | memory = [26698, 24911, 16329, 23171, 10555]
>>>> [CONFIG: target(4), prim(dec_tp)]
|12942.87|26698.31| op = [103, 86, 65, 74, 91]| tp = [1, 1, 1, 1, 1, ] | dp = [1, 1, 4, 1, 1, ] | algo = [0, 0, 0, 0, 0, ] | rc = [28, 14, 0, 0, 0] | gpus = [1, 1, 4, 1, 1] | micro_bs = 8 | time = [11342, 9177, 2279, 6290, 12942] | memory = [26698, 26466, 8284, 23171, 20293]
>>>> [CONFIG: target(4), prim(inc_dp)]
|11281.59|26698.31| op = [103, 86, 65, 74, 91]| tp = [1, 1, 1, 1, 1, ] | dp = [1, 1, 2, 2, 2, ] | algo = [0, 0, 0, 0, 0, ] | rc = [28, 14, 0, 0, 0] | gpus = [1, 1, 2, 2, 2] | micro_bs = 8 | time = [11281, 9117, 3259, 3474, 6886] | memory = [26698, 26466, 16329, 11729, 10508]
>>>> [CONFIG: target(0), prim(dec_op)]
|6305.94|26722.98| op = [53, 54, 107, 125, 80]| tp = [1, 1, 1, 1, 1, ] | dp = [1, 1, 2, 2, 2, ] | algo = [0, 0, 0, 0, 0, ] | rc = [8, 6, 2, 0, 0] | gpus = [1, 1, 2, 2, 2] | micro_bs = 8 | time = [5495, 5338, 5504, 5937, 6305] | memory = [20765, 21904, 26722, 20246, 9496]

[ Trial 9 ] |6305.94|26722.98| op = [53, 54, 107, 125, 80]| tp = [1, 1, 1, 1, 1, ] | dp = [1, 1, 2, 2, 2, ] | algo = [0, 0, 0, 0, 0, ] | rc = [8, 6, 2, 0, 0] | gpus = [1, 1, 2, 2, 2] | micro_bs = 8 | time = [5495, 5338, 5504, 5937, 6305] | memory = [20765, 21904, 26722, 20246, 9496]
>>>> [CONFIG: target(4), prim(dec_dp)]
|11842.18|26722.98| op = [53, 54, 107, 125, 80]| tp = [1, 1, 1, 1, 1, ] | dp = [1, 2, 2, 2, 1, ] | algo = [0, 0, 0, 0, 0, ] | rc = [8, 0, 2, 0, 0] | gpus = [1, 2, 2, 2, 1] | micro_bs = 8 | time = [5517, 2717, 5527, 5960, 11842] | memory = [20765, 17390, 26722, 20246, 18305]
>>>> [CONFIG: target(4), prim(dec_op)]
|8104.90|25059.72| op = [53, 58, 132, 140, 36]| tp = [1, 1, 1, 1, 1, ] | dp = [1, 2, 2, 2, 1, ] | algo = [0, 0, 0, 0, 0, ] | rc = [8, 0, 8, 0, 0] | gpus = [1, 2, 2, 2, 1] | micro_bs = 8 | time = [5506, 3080, 6553, 6772, 8104] | memory = [20765, 20750, 25059, 23414, 11044]
>>>> [CONFIG: target(4), prim(dec_op)]
|6107.98|25451.35| op = [53, 110, 117, 128, 11]| tp = [1, 1, 1, 1, 1, ] | dp = [1, 2, 2, 2, 1, ] | algo = [0, 0, 0, 0, 0, ] | rc = [8, 14, 4, 0, 0] | gpus = [1, 2, 2, 2, 1] | micro_bs = 8 | time = [5502, 6049, 5758, 6101, 6107] | memory = [20765, 21136, 25451, 20306, 7680]

[ Trial 10 ] |6107.98|25451.35| op = [53, 110, 117, 128, 11]| tp = [1, 1, 1, 1, 1, ] | dp = [1, 2, 2, 2, 1, ] | algo = [0, 0, 0, 0, 0, ] | rc = [8, 14, 4, 0, 0] | gpus = [1, 2, 2, 2, 1] | micro_bs = 8 | time = [5502, 6049, 5758, 6101, 6107] | memory = [20765, 21136, 25451, 20306, 7680]
>>>> [CONFIG: target(4), prim(inc_dp)]
|11802.65|26278.75| op = [53, 110, 117, 128, 11]| tp = [1, 1, 1, 1, 1, ] | dp = [1, 2, 1, 2, 2, ] | algo = [0, 0, 0, 0, 0, ] | rc = [8, 14, 18, 0, 0] | gpus = [1, 2, 1, 2, 2] | micro_bs = 8 | time = [5527, 6074, 11802, 6126, 3281] | memory = [20765, 21136, 26278, 20306, 4056]
>>>> [CONFIG: target(2), prim(dec_op)]
|6048.00|26611.75| op = [53, 110, 62, 123, 71]| tp = [1, 1, 1, 1, 1, ] | dp = [1, 2, 1, 2, 2, ] | algo = [0, 0, 0, 0, 0, ] | rc = [8, 14, 2, 0, 0] | gpus = [1, 2, 1, 2, 2] | micro_bs = 8 | time = [5499, 6045, 5673, 6048, 5824] | memory = [20765, 21136, 26611, 21198, 8588]

[ Trial 11 ] |6048.00|26611.75| op = [53, 110, 62, 123, 71]| tp = [1, 1, 1, 1, 1, ] | dp = [1, 2, 1, 2, 2, ] | algo = [0, 0, 0, 0, 0, ] | rc = [8, 14, 2, 0, 0] | gpus = [1, 2, 1, 2, 2] | micro_bs = 8 | time = [5499, 6045, 5673, 6048, 5824] | memory = [20765, 21136, 26611, 21198, 8588]
>>>> [CONFIG: target(3), prim(dec_dp)]
|12885.65|26611.75| op = [53, 110, 62, 123, 71]| tp = [1, 1, 1, 1, 1, ] | dp = [2, 2, 1, 1, 2, ] | algo = [0, 0, 0, 0, 0, ] | rc = [0, 14, 2, 20, 0] | gpus = [2, 2, 1, 1, 2] | micro_bs = 8 | time = [2737, 6077, 5705, 12885, 5856] | memory = [21630, 21136, 26611, 20072, 8588]
>>>> [CONFIG: target(3), prim(dec_mbs)]
|11834.99|21198.36| op = [53, 110, 62, 123, 71]| tp = [1, 1, 1, 1, 1, ] | dp = [2, 2, 1, 1, 2, ] | algo = [0, 0, 0, 0, 0, ] | rc = [0, 0, 0, 0, 0] | gpus = [2, 2, 1, 1, 2] | micro_bs = 4 | time = [3430, 6919, 5831, 11834, 6792] | memory = [11119, 18542, 14577, 21198, 4630]
>>>> [CONFIG: target(3), prim(dec_op)]
|8583.77|19358.23| op = [58, 118, 79, 93, 71]| tp = [1, 1, 1, 1, 1, ] | dp = [2, 2, 1, 1, 2, ] | algo = [0, 0, 0, 0, 0, ] | rc = [0, 0, 0, 0, 0] | gpus = [2, 2, 1, 1, 2] | micro_bs = 4 | time = [3977, 7385, 7372, 8583, 6790] | memory = [13291, 19346, 19358, 15465, 4630]
>>>> [CONFIG: target(3), prim(inc_dp)]
|7382.39|25962.94| op = [58, 118, 79, 93, 71]| tp = [1, 1, 1, 1, 1, ] | dp = [1, 2, 1, 2, 2, ] | algo = [0, 0, 0, 0, 0, ] | rc = [0, 0, 0, 0, 0] | gpus = [1, 2, 1, 2, 2] | micro_bs = 4 | time = [6094, 7382, 7369, 5654, 6786] | memory = [25962, 19346, 19358, 7900, 4630]
>>>> [CONFIG: target(1), prim(dec_op)]
|7381.26|25962.94| op = [58, 118, 74, 98, 71]| tp = [1, 1, 1, 1, 1, ] | dp = [1, 2, 1, 2, 2, ] | algo = [0, 0, 0, 0, 0, ] | rc = [0, 0, 0, 0, 0] | gpus = [1, 2, 1, 2, 2] | micro_bs = 4 | time = [6093, 7381, 6586, 6148, 6785] | memory = [25962, 19346, 16810, 8768, 4630]
>>>> [CONFIG: target(1), prim(inc_mbs)]
|6803.27|26729.93| op = [58, 118, 74, 98, 71]| tp = [1, 1, 1, 1, 1, ] | dp = [1, 2, 1, 2, 2, ] | algo = [0, 0, 0, 0, 0, ] | rc = [15, 16, 6, 0, 0] | gpus = [1, 2, 1, 2, 2] | micro_bs = 8 | time = [6803, 6514, 6717, 4848, 5836] | memory = [26729, 20404, 24116, 17197, 8588]
>>>> [CONFIG: target(0), prim(dec_op)]
|5997.39|26611.75| op = [55, 108, 63, 122, 71]| tp = [1, 1, 1, 1, 1, ] | dp = [1, 2, 1, 2, 2, ] | algo = [0, 0, 0, 0, 0, ] | rc = [8, 14, 2, 0, 0] | gpus = [1, 2, 1, 2, 2] | micro_bs = 8 | time = [5634, 5997, 5860, 5954, 5825] | memory = [21097, 21091, 26611, 21198, 8588]

[ Trial 12 ] |5997.39|26611.75| op = [55, 108, 63, 122, 71]| tp = [1, 1, 1, 1, 1, ] | dp = [1, 2, 1, 2, 2, ] | algo = [0, 0, 0, 0, 0, ] | rc = [8, 14, 2, 0, 0] | gpus = [1, 2, 1, 2, 2] | micro_bs = 8 | time = [5634, 5997, 5860, 5954, 5825] | memory = [21097, 21091, 26611, 21198, 8588]
>>>> [CONFIG: target(1), prim(dec_mbs)]
|7581.78|21802.94| op = [55, 108, 63, 122, 71]| tp = [1, 1, 1, 1, 1, ] | dp = [1, 2, 1, 2, 2, ] | algo = [0, 0, 0, 0, 0, ] | rc = [0, 0, 0, 0, 0] | gpus = [1, 2, 1, 2, 2] | micro_bs = 4 | time = [5259, 6823, 6011, 7581, 6783] | memory = [21802, 18513, 14577, 10817, 4630]
>>>> [CONFIG: target(3), prim(dec_dp)]
|11645.45|21198.36| op = [55, 108, 63, 122, 71]| tp = [1, 1, 1, 1, 1, ] | dp = [2, 2, 1, 1, 2, ] | algo = [0, 0, 0, 0, 0, ] | rc = [0, 0, 0, 0, 0] | gpus = [2, 2, 1, 1, 2] | micro_bs = 4 | time = [3528, 6832, 6021, 11645, 6792] | memory = [11211, 18513, 14577, 21198, 4630]
>>>> [CONFIG: target(3), prim(inc_tp)]
|19415.27|21802.94| op = [55, 108, 63, 122, 71]| tp = [1, 1, 1, 2, 1, ] | dp = [1, 2, 1, 1, 2, ] | algo = [0, 0, 0, 0, 0, ] | rc = [0, 0, 0, 0, 0] | gpus = [1, 2, 1, 2, 2] | micro_bs = 4 | time = [5305, 6869, 6058, 19415, 6830] | memory = [21802, 18513, 14577, 11140, 4630]
>>>> [CONFIG: target(3), prim(dec_op)]
|9833.25|21802.94| op = [55, 108, 82, 53, 121]| tp = [1, 1, 1, 2, 1, ] | dp = [1, 2, 1, 1, 2, ] | algo = [0, 0, 0, 0, 0, ] | rc = [0, 0, 0, 0, 0] | gpus = [1, 2, 1, 2, 2] | micro_bs = 4 | time = [5280, 6844, 7545, 8499, 9833] | memory = [21802, 18513, 19530, 4976, 6754]
>>>> [CONFIG: target(4), prim(inc_mbs)]
|8155.88|21097.93| op = [55, 108, 82, 53, 121]| tp = [1, 1, 1, 1, 1, ] | dp = [1, 2, 1, 2, 2, ] | algo = [0, 0, 0, 0, 0, ] | rc = [8, 14, 12, 0, 0] | gpus = [1, 2, 1, 2, 2] | micro_bs = 8 | time = [5644, 6007, 8121, 2701, 8155] | memory = [21097, 21091, 19168, 9488, 12661]
>>>> [CONFIG: target(4), prim(dec_op)]
|5993.13|25075.75| op = [55, 108, 61, 121, 74]| tp = [1, 1, 1, 1, 1, ] | dp = [1, 2, 1, 2, 2, ] | algo = [0, 0, 0, 0, 0, ] | rc = [8, 14, 2, 0, 0] | gpus = [1, 2, 1, 2, 2] | micro_bs = 8 | time = [5630, 5993, 5255, 5966, 5866] | memory = [21097, 21091, 25075, 21170, 8620]

num_targets: [1, 1, 1, 1, 1, 1, 1, 1, 1, 1, 1, 1, 1]
num_hops: [1, 2, 1, 3, 1, 1, 2, 2, 7, 3, 2, 7, 6]
search time = 200.02 s.  [0, 1, 2, 3, 4, 5, 6, 7, 8, 11, 12, 13, 41, 51, 211] 
num_explored_cases = 27143
time trend: [23026, 22583, 15153, 9008, 7650, 6889, 6862, 6844, 6311, 6305, 6107, 6048, 5997, 5993, 5993]

working on num_stages = 7
config has been saved to /home/liminglong.lml/sxz/SuperScaler/logs-large/aceso/configs/scale-layer/32layers/scale-layer_32layers_7stages_2026-5-16-3-9-19.json

========== Best Result (num_stages = 7) ==========
|6141.45|23986.98| op = [55, 56, 63, 63, 63, 61, 58]| tp = [1, 1, 1, 1, 1, 1, 1, ] | dp = [1, 1, 1, 1, 1, 1, 2, ] | algo = [0, 0, 0, 0, 0, 0, 0, ] | rc = [4, 4, 0, 0, 0, 0, 0] | gpus = [1, 1, 1, 1, 1, 1, 2] | micro_bs = 4 | time = [5648, 6141, 6047, 6098, 6075, 5978, 6051] | memory = [22276, 23986, 23283, 21266, 16269, 11177, 4090]
start|16329.53|6644.86| op = [59, 59, 59, 59, 59, 59, 65]| tp = [2, 1, 1, 1, 1, 1, 1, ] | dp = [1, 1, 1, 1, 1, 1, 1, ] | algo = [0, 0, 0, 0, 0, 0, 0, ] | rc = [0, 0, 0, 0, 0, 0, 0] | gpus = [2, 1, 1, 1, 1, 1, 1] | micro_bs = 1 | time = [16329, 9616, 10233, 9640, 10236, 9698, 15979] | memory = [4910, 6644, 6558, 4608, 4155, 2590, 2580]

[ Trial 0 ] |16329.53|6644.86| op = [59, 59, 59, 59, 59, 59, 65]| tp = [2, 1, 1, 1, 1, 1, 1, ] | dp = [1, 1, 1, 1, 1, 1, 1, ] | algo = [0, 0, 0, 0, 0, 0, 0, ] | rc = [0, 0, 0, 0, 0, 0, 0] | gpus = [2, 1, 1, 1, 1, 1, 1] | micro_bs = 1 | time = [16329, 9616, 10233, 9640, 10236, 9698, 15979] | memory = [4910, 6644, 6558, 4608, 4155, 2590, 2580]
>>>> [CONFIG: target(0), prim(dec_tp)]
|15980.35|9376.06| op = [59, 59, 59, 59, 59, 59, 65]| tp = [1, 1, 1, 2, 1, 1, 1, ] | dp = [1, 1, 1, 1, 1, 1, 1, ] | algo = [0, 0, 0, 0, 0, 0, 0, ] | rc = [0, 0, 0, 0, 0, 0, 0] | gpus = [1, 1, 1, 2, 1, 1, 1] | micro_bs = 1 | time = [10621, 9616, 10234, 15889, 10236, 9699, 15980] | memory = [9376, 6644, 6558, 2448, 4155, 2590, 2580]

[ Trial 1 ] |15980.35|9376.06| op = [59, 59, 59, 59, 59, 59, 65]| tp = [1, 1, 1, 2, 1, 1, 1, ] | dp = [1, 1, 1, 1, 1, 1, 1, ] | algo = [0, 0, 0, 0, 0, 0, 0, ] | rc = [0, 0, 0, 0, 0, 0, 0] | gpus = [1, 1, 1, 2, 1, 1, 1] | micro_bs = 1 | time = [10621, 9616, 10234, 15889, 10236, 9699, 15980] | memory = [9376, 6644, 6558, 2448, 4155, 2590, 2580]
>>>> [CONFIG: target(6), prim(dec_op)]
|11791.27|9376.06| op = [59, 67, 72, 42, 68, 72, 39]| tp = [1, 1, 1, 2, 1, 1, 1, ] | dp = [1, 1, 1, 1, 1, 1, 1, ] | algo = [0, 0, 0, 0, 0, 0, 0, ] | rc = [0, 0, 0, 0, 0, 0, 0] | gpus = [1, 1, 1, 2, 1, 1, 1] | micro_bs = 1 | time = [10619, 11148, 11791, 11412, 11659, 11791, 11790] | memory = [9376, 7998, 6919, 2228, 4479, 3130, 1992]

[ Trial 2 ] |11791.27|9376.06| op = [59, 67, 72, 42, 68, 72, 39]| tp = [1, 1, 1, 2, 1, 1, 1, ] | dp = [1, 1, 1, 1, 1, 1, 1, ] | algo = [0, 0, 0, 0, 0, 0, 0, ] | rc = [0, 0, 0, 0, 0, 0, 0] | gpus = [1, 1, 1, 2, 1, 1, 1] | micro_bs = 1 | time = [10619, 11148, 11791, 11412, 11659, 11791, 11790] | memory = [9376, 7998, 6919, 2228, 4479, 3130, 1992]
>>>> [CONFIG: target(2), prim(inc_mbs)]
|9937.74|18132.06| op = [59, 67, 72, 42, 68, 72, 39]| tp = [1, 1, 1, 1, 1, 1, 1, ] | dp = [1, 1, 1, 2, 1, 1, 1, ] | algo = [0, 0, 0, 0, 0, 0, 0, ] | rc = [0, 0, 0, 0, 0, 0, 0] | gpus = [1, 1, 1, 2, 1, 1, 1] | micro_bs = 2 | time = [7804, 8125, 8513, 3920, 8621, 8513, 9937] | memory = [18132, 15753, 13555, 4280, 8714, 5976, 3456]

[ Trial 3 ] |9937.74|18132.06| op = [59, 67, 72, 42, 68, 72, 39]| tp = [1, 1, 1, 1, 1, 1, 1, ] | dp = [1, 1, 1, 2, 1, 1, 1, ] | algo = [0, 0, 0, 0, 0, 0, 0, ] | rc = [0, 0, 0, 0, 0, 0, 0] | gpus = [1, 1, 1, 2, 1, 1, 1] | micro_bs = 2 | time = [7804, 8125, 8513, 3920, 8621, 8513, 9937] | memory = [18132, 15753, 13555, 4280, 8714, 5976, 3456]
>>>> [CONFIG: target(6), prim(inc_dp)]
|8617.27|18132.06| op = [59, 67, 72, 42, 68, 72, 39]| tp = [1, 1, 1, 1, 1, 1, 1, ] | dp = [1, 1, 1, 1, 1, 1, 2, ] | algo = [0, 0, 0, 0, 0, 0, 0, ] | rc = [0, 0, 0, 0, 0, 0, 0] | gpus = [1, 1, 1, 1, 1, 1, 2] | micro_bs = 2 | time = [7800, 8121, 8509, 5845, 8617, 8509, 5953] | memory = [18132, 15753, 13555, 8416, 8714, 5976, 1992]

[ Trial 4 ] |8617.27|18132.06| op = [59, 67, 72, 42, 68, 72, 39]| tp = [1, 1, 1, 1, 1, 1, 1, ] | dp = [1, 1, 1, 1, 1, 1, 2, ] | algo = [0, 0, 0, 0, 0, 0, 0, ] | rc = [0, 0, 0, 0, 0, 0, 0] | gpus = [1, 1, 1, 1, 1, 1, 2] | micro_bs = 2 | time = [7800, 8121, 8509, 5845, 8617, 8509, 5953] | memory = [18132, 15753, 13555, 8416, 8714, 5976, 1992]
>>>> [CONFIG: target(4), prim(inc_mbs)]
|6756.09|26827.72| op = [59, 67, 72, 42, 68, 72, 39]| tp = [1, 1, 1, 1, 1, 1, 1, ] | dp = [1, 1, 1, 1, 1, 1, 2, ] | algo = [0, 0, 0, 0, 0, 0, 0, ] | rc = [8, 4, 0, 0, 0, 0, 0] | gpus = [1, 1, 1, 1, 1, 1, 2] | micro_bs = 4 | time = [6756, 6596, 6557, 4689, 6684, 6557, 5069] | memory = [20092, 24927, 26827, 16689, 17185, 11669, 3456]

[ Trial 5 ] |6756.09|26827.72| op = [59, 67, 72, 42, 68, 72, 39]| tp = [1, 1, 1, 1, 1, 1, 1, ] | dp = [1, 1, 1, 1, 1, 1, 2, ] | algo = [0, 0, 0, 0, 0, 0, 0, ] | rc = [8, 4, 0, 0, 0, 0, 0] | gpus = [1, 1, 1, 1, 1, 1, 2] | micro_bs = 4 | time = [6756, 6596, 6557, 4689, 6684, 6557, 5069] | memory = [20092, 24927, 26827, 16689, 17185, 11669, 3456]
>>>> [CONFIG: target(0), prim(dec_op)]
|6141.45|23986.98| op = [55, 56, 63, 63, 63, 61, 58]| tp = [1, 1, 1, 1, 1, 1, 1, ] | dp = [1, 1, 1, 1, 1, 1, 2, ] | algo = [0, 0, 0, 0, 0, 0, 0, ] | rc = [4, 4, 0, 0, 0, 0, 0] | gpus = [1, 1, 1, 1, 1, 1, 2] | micro_bs = 4 | time = [5648, 6141, 6047, 6098, 6075, 5978, 6051] | memory = [22276, 23986, 23283, 21266, 16269, 11177, 4090]

num_targets: [1, 1, 1, 1, 1, 1]
num_hops: [1, 1, 1, 1, 1, 1]
search time = 200.03 s.  [0, 1, 2, 3, 4, 5, 6, 152, 206] 
num_explored_cases = 25366
time trend: [16329, 15980, 11791, 9937, 8617, 6756, 6141, 6141, 6141]

working on num_stages = 4
config has been saved to /home/liminglong.lml/sxz/SuperScaler/logs-large/aceso/configs/scale-layer/32layers/scale-layer_32layers_4stages_2026-5-16-3-9-19.json

========== Best Result (num_stages = 4) ==========
|5924.53|25499.35| op = [107, 117, 121, 74]| tp = [1, 1, 1, 1, ] | dp = [2, 2, 2, 2, ] | algo = [0, 0, 0, 0, ] | rc = [10, 4, 0, 0] | gpus = [2, 2, 2, 2] | micro_bs = 8 | time = [5529, 5726, 5924, 5824] | memory = [22816, 25499, 21170, 8620]
start|31566.68|4729.13| op = [104, 104, 104, 107]| tp = [2, 2, 2, 2, ] | dp = [1, 1, 1, 1, ] | algo = [0, 0, 0, 0, ] | rc = [0, 0, 0, 0] | gpus = [2, 2, 2, 2] | micro_bs = 1 | time = [28634, 28085, 28085, 31566] | memory = [4729, 3484, 2440, 1801]

[ Trial 0 ] |31566.68|4729.13| op = [104, 104, 104, 107]| tp = [2, 2, 2, 2, ] | dp = [1, 1, 1, 1, ] | algo = [0, 0, 0, 0, ] | rc = [0, 0, 0, 0] | gpus = [2, 2, 2, 2] | micro_bs = 1 | time = [28634, 28085, 28085, 31566] | memory = [4729, 3484, 2440, 1801]
>>>> [CONFIG: target(3), prim(inc_mbs)]
|11376.36|8993.06| op = [104, 104, 104, 107]| tp = [1, 1, 1, 1, ] | dp = [2, 2, 2, 2, ] | algo = [0, 0, 0, 0, ] | rc = [0, 0, 0, 0] | gpus = [2, 2, 2, 2] | micro_bs = 2 | time = [8823, 8643, 8643, 11376] | memory = [8993, 6620, 4648, 3481]

[ Trial 1 ] |11376.36|8993.06| op = [104, 104, 104, 107]| tp = [1, 1, 1, 1, ] | dp = [2, 2, 2, 2, ] | algo = [0, 0, 0, 0, ] | rc = [0, 0, 0, 0] | gpus = [2, 2, 2, 2] | micro_bs = 2 | time = [8823, 8643, 8643, 11376] | memory = [8993, 6620, 4648, 3481]
>>>> [CONFIG: target(3), prim(inc_mbs)]
|8966.14|17186.05| op = [104, 104, 104, 107]| tp = [1, 1, 1, 1, ] | dp = [2, 2, 2, 2, ] | algo = [0, 0, 0, 0, ] | rc = [0, 0, 0, 0] | gpus = [2, 2, 2, 2] | micro_bs = 4 | time = [6446, 6348, 6348, 8966] | memory = [17186, 12857, 8912, 6182]

[ Trial 2 ] |8966.14|17186.05| op = [104, 104, 104, 107]| tp = [1, 1, 1, 1, ] | dp = [2, 2, 2, 2, ] | algo = [0, 0, 0, 0, ] | rc = [0, 0, 0, 0] | gpus = [2, 2, 2, 2] | micro_bs = 4 | time = [6446, 6348, 6348, 8966] | memory = [17186, 12857, 8912, 6182]
>>>> [CONFIG: target(3), prim(dec_op)]
|7121.31|18966.17| op = [111, 117, 116, 75]| tp = [1, 1, 1, 1, ] | dp = [2, 2, 2, 2, ] | algo = [0, 0, 0, 0, ] | rc = [0, 0, 0, 0] | gpus = [2, 2, 2, 2] | micro_bs = 4 | time = [7020, 7116, 7121, 7106] | memory = [18966, 14381, 9937, 4780]

[ Trial 3 ] |7121.31|18966.17| op = [111, 117, 116, 75]| tp = [1, 1, 1, 1, ] | dp = [2, 2, 2, 2, ] | algo = [0, 0, 0, 0, ] | rc = [0, 0, 0, 0] | gpus = [2, 2, 2, 2] | micro_bs = 4 | time = [7020, 7116, 7121, 7106] | memory = [18966, 14381, 9937, 4780]
>>>> [CONFIG: target(2), prim(dec_dp)]
|11243.11|25451.35| op = [111, 117, 116, 75]| tp = [1, 1, 1, 1, ] | dp = [2, 1, 1, 4, ] | algo = [0, 0, 0, 0, ] | rc = [0, 4, 0, 0] | gpus = [2, 1, 1, 4] | micro_bs = 4 | time = [7041, 11243, 10970, 4505] | memory = [18966, 25451, 19442, 2726]
>>>> [CONFIG: target(1), prim(dec_op)]
|7385.20|19270.05| op = [119, 76, 76, 148]| tp = [1, 1, 1, 1, ] | dp = [2, 1, 1, 4, ] | algo = [0, 0, 0, 0, ] | rc = [0, 0, 0, 0] | gpus = [2, 1, 1, 4] | micro_bs = 4 | time = [7273, 7263, 7247, 7385] | memory = [19242, 19270, 13313, 4395]
>>>> [CONFIG: target(3), prim(dec_dp)]
|11354.85|19242.42| op = [119, 76, 76, 148]| tp = [1, 1, 1, 1, ] | dp = [2, 2, 2, 2, ] | algo = [0, 0, 0, 0, ] | rc = [0, 0, 0, 0] | gpus = [2, 2, 2, 2] | micro_bs = 4 | time = [7269, 4758, 4767, 11354] | memory = [19242, 9779, 6792, 7850]
>>>> [CONFIG: target(3), prim(dec_op)]
|8641.27|19242.42| op = [119, 76, 123, 101]| tp = [1, 1, 1, 1, ] | dp = [2, 2, 2, 2, ] | algo = [0, 0, 0, 0, ] | rc = [0, 0, 0, 0] | gpus = [2, 2, 2, 2] | micro_bs = 4 | time = [7270, 4759, 7694, 8641] | memory = [19242, 9779, 10833, 5860]
>>>> [CONFIG: target(3), prim(inc_mbs)]
|7224.66|22084.84| op = [119, 76, 123, 101]| tp = [1, 1, 1, 1, ] | dp = [2, 2, 2, 2, ] | algo = [0, 0, 0, 0, ] | rc = [14, 0, 0, 0] | gpus = [2, 2, 2, 2] | micro_bs = 8 | time = [6243, 3738, 6033, 7224] | memory = [22084, 19270, 21222, 10949]
>>>> [CONFIG: target(3), prim(dec_op)]
|6241.82|26782.98| op = [119, 109, 117, 74]| tp = [1, 1, 1, 1, ] | dp = [2, 2, 2, 2, ] | algo = [0, 0, 0, 0, ] | rc = [14, 2, 0, 0] | gpus = [2, 2, 2, 2] | micro_bs = 8 | time = [6241, 5460, 5534, 5825] | memory = [22084, 26782, 19458, 8620]

[ Trial 4 ] |6241.82|26782.98| op = [119, 109, 117, 74]| tp = [1, 1, 1, 1, ] | dp = [2, 2, 2, 2, ] | algo = [0, 0, 0, 0, ] | rc = [14, 2, 0, 0] | gpus = [2, 2, 2, 2] | micro_bs = 8 | time = [6241, 5460, 5534, 5825] | memory = [22084, 26782, 19458, 8620]
>>>> [CONFIG: target(0), prim(dec_mbs)]
|7269.07|19242.42| op = [119, 109, 117, 74]| tp = [1, 1, 1, 1, ] | dp = [2, 2, 2, 2, ] | algo = [0, 0, 0, 0, ] | rc = [0, 0, 0, 0] | gpus = [2, 2, 2, 2] | micro_bs = 4 | time = [7269, 6866, 7115, 6857] | memory = [19242, 14165, 9945, 4648]
>>>> [CONFIG: target(0), prim(dec_dp)]
|12312.81|26782.98| op = [119, 109, 117, 74]| tp = [1, 1, 1, 1, ] | dp = [1, 1, 2, 4, ] | algo = [0, 0, 0, 0, ] | rc = [14, 2, 0, 0] | gpus = [1, 1, 2, 4] | micro_bs = 4 | time = [12312, 10744, 7140, 4381] | memory = [22084, 26782, 9945, 2660]
>>>> [CONFIG: target(0), prim(dec_op)]
|7392.06|25427.10| op = [76, 78, 122, 143]| tp = [1, 1, 1, 1, ] | dp = [1, 1, 2, 4, ] | algo = [0, 0, 0, 0, ] | rc = [0, 0, 0, 0] | gpus = [1, 1, 2, 4] | micro_bs = 4 | time = [7371, 7392, 7332, 7208] | memory = [25427, 19402, 10081, 4344]
>>>> [CONFIG: target(1), prim(inc_dp)]
|11154.79|13057.55| op = [76, 78, 122, 143]| tp = [1, 1, 1, 1, ] | dp = [2, 2, 2, 2, ] | algo = [0, 0, 0, 0, ] | rc = [0, 0, 0, 0] | gpus = [2, 2, 2, 2] | micro_bs = 4 | time = [4866, 4853, 7328, 11154] | memory = [13057, 9845, 10081, 7776]
>>>> [CONFIG: target(2), prim(dec_op)]
|7257.49|18966.17| op = [111, 116, 116, 76]| tp = [1, 1, 1, 1, ] | dp = [2, 2, 2, 2, ] | algo = [0, 0, 0, 0, ] | rc = [0, 0, 0, 0] | gpus = [2, 2, 2, 2] | micro_bs = 4 | time = [7021, 7122, 7257, 7219] | memory = [18966, 14369, 9625, 5068]
>>>> [CONFIG: target(2), prim(inc_mbs)]
|6159.62|25427.35| op = [111, 116, 116, 76]| tp = [1, 1, 1, 1, ] | dp = [2, 2, 2, 2, ] | algo = [0, 0, 0, 0, ] | rc = [14, 4, 0, 0] | gpus = [2, 2, 2, 2] | micro_bs = 8 | time = [6084, 5755, 5689, 6159] | memory = [21568, 25427, 18818, 9460]

[ Trial 5 ] |6159.62|25427.35| op = [111, 116, 116, 76]| tp = [1, 1, 1, 1, ] | dp = [2, 2, 2, 2, ] | algo = [0, 0, 0, 0, ] | rc = [14, 4, 0, 0] | gpus = [2, 2, 2, 2] | micro_bs = 8 | time = [6084, 5755, 5689, 6159] | memory = [21568, 25427, 18818, 9460]
>>>> [CONFIG: target(3), prim(inc_dp)]
|12188.68|26934.75| op = [111, 116, 116, 76]| tp = [1, 1, 1, 1, ] | dp = [2, 1, 1, 4, ] | algo = [0, 0, 0, 0, ] | rc = [14, 23, 14, 0] | gpus = [2, 1, 1, 4] | micro_bs = 8 | time = [6163, 12188, 11778, 3799] | memory = [21568, 26934, 22228, 5068]
>>>> [CONFIG: target(1), prim(dec_op)]
|6479.84|24030.76| op = [111, 69, 71, 168]| tp = [1, 1, 1, 1, ] | dp = [2, 1, 1, 4, ] | algo = [0, 0, 0, 0, ] | rc = [14, 6, 0, 0] | gpus = [2, 1, 1, 4] | micro_bs = 8 | time = [6098, 6466, 6479, 6459] | memory = [21568, 23584, 24030, 8848]
>>>> [CONFIG: target(2), prim(inc_dp)]
|10375.46|21568.34| op = [111, 69, 71, 168]| tp = [1, 1, 1, 1, ] | dp = [2, 2, 2, 2, ] | algo = [0, 0, 0, 0, ] | rc = [14, 0, 0, 0] | gpus = [2, 2, 2, 2] | micro_bs = 8 | time = [6081, 3273, 3544, 10375] | memory = [21568, 16530, 12149, 16685]
>>>> [CONFIG: target(3), prim(dec_op)]
|6082.89|25427.35| op = [111, 116, 119, 73]| tp = [1, 1, 1, 1, ] | dp = [2, 2, 2, 2, ] | algo = [0, 0, 0, 0, ] | rc = [14, 4, 0, 0] | gpus = [2, 2, 2, 2] | micro_bs = 8 | time = [6082, 5753, 5772, 5812] | memory = [21568, 25427, 20006, 8608]

[ Trial 6 ] |6082.89|25427.35| op = [111, 116, 119, 73]| tp = [1, 1, 1, 1, ] | dp = [2, 2, 2, 2, ] | algo = [0, 0, 0, 0, ] | rc = [14, 4, 0, 0] | gpus = [2, 2, 2, 2] | micro_bs = 8 | time = [6082, 5753, 5772, 5812] | memory = [21568, 25427, 20006, 8608]
>>>> [CONFIG: target(0), prim(dec_mbs)]
|7399.83|18966.17| op = [111, 116, 119, 73]| tp = [1, 1, 1, 1, ] | dp = [2, 2, 2, 2, ] | algo = [0, 0, 0, 0, ] | rc = [0, 0, 0, 0] | gpus = [2, 2, 2, 2] | micro_bs = 4 | time = [7020, 7121, 7399, 6822] | memory = [18966, 14369, 10221, 4640]
>>>> [CONFIG: target(2), prim(dec_dp)]
|11362.93|25427.35| op = [111, 116, 119, 73]| tp = [1, 1, 1, 1, ] | dp = [2, 1, 1, 4, ] | algo = [0, 0, 0, 0, ] | rc = [0, 4, 0, 0] | gpus = [2, 1, 1, 4] | micro_bs = 4 | time = [7043, 11325, 11362, 4345] | memory = [18966, 25427, 20006, 2654]
>>>> [CONFIG: target(2), prim(dec_op)]
|7647.92|19726.60| op = [111, 86, 79, 143]| tp = [1, 1, 1, 1, ] | dp = [2, 1, 1, 4, ] | algo = [0, 0, 0, 0, ] | rc = [0, 0, 0, 0] | gpus = [2, 1, 1, 4] | micro_bs = 4 | time = [7024, 7647, 7430, 7208] | memory = [18966, 19726, 13469, 4344]
>>>> [CONFIG: target(1), prim(inc_mbs)]
|8210.42|26639.00| op = [111, 86, 79, 143]| tp = [1, 1, 1, 1, ] | dp = [2, 1, 1, 4, ] | algo = [0, 0, 0, 0, ] | rc = [14, 12, 0, 0] | gpus = [2, 1, 1, 4] | micro_bs = 8 | time = [6110, 8210, 7005, 5707] | memory = [21568, 19545, 26639, 7776]
>>>> [CONFIG: target(1), prim(inc_dp)]
|9161.19|21568.34| op = [111, 86, 79, 143]| tp = [1, 1, 1, 1, ] | dp = [2, 2, 2, 2, ] | algo = [0, 0, 0, 0, ] | rc = [14, 0, 0, 0] | gpus = [2, 2, 2, 2] | micro_bs = 8 | time = [6079, 3928, 3819, 9161] | memory = [21568, 19726, 13469, 14637]
>>>> [CONFIG: target(3), prim(dec_op)]
|6080.85|25451.35| op = [111, 117, 123, 68]| tp = [1, 1, 1, 1, ] | dp = [2, 2, 2, 2, ] | algo = [0, 0, 0, 0, ] | rc = [14, 4, 0, 0] | gpus = [2, 2, 2, 2] | micro_bs = 8 | time = [6080, 5711, 5667, 5694] | memory = [21568, 25451, 19694, 8484]

[ Trial 7 ] |6080.85|25451.35| op = [111, 117, 123, 68]| tp = [1, 1, 1, 1, ] | dp = [2, 2, 2, 2, ] | algo = [0, 0, 0, 0, ] | rc = [14, 4, 0, 0] | gpus = [2, 2, 2, 2] | micro_bs = 8 | time = [6080, 5711, 5667, 5694] | memory = [21568, 25451, 19694, 8484]
>>>> [CONFIG: target(0), prim(dec_mbs)]
|7309.92|18966.17| op = [111, 117, 123, 68]| tp = [1, 1, 1, 1, ] | dp = [2, 2, 2, 2, ] | algo = [0, 0, 0, 0, ] | rc = [0, 0, 0, 0] | gpus = [2, 2, 2, 2] | micro_bs = 4 | time = [7019, 7115, 7309, 6663] | memory = [18966, 14381, 10081, 4562]
>>>> [CONFIG: target(2), prim(dec_dp)]
|11242.66|25451.35| op = [111, 117, 123, 68]| tp = [1, 1, 1, 1, ] | dp = [2, 1, 1, 4, ] | algo = [0, 0, 0, 0, ] | rc = [0, 4, 0, 0] | gpus = [2, 1, 1, 4] | micro_bs = 4 | time = [7041, 11242, 11154, 4204] | memory = [18966, 25451, 19694, 2599]
>>>> [CONFIG: target(1), prim(inc_tp)]
|18665.39|18966.17| op = [111, 117, 123, 68]| tp = [1, 2, 1, 1, ] | dp = [2, 1, 2, 2, ] | algo = [0, 0, 0, 0, ] | rc = [0, 0, 0, 0] | gpus = [2, 2, 2, 2] | micro_bs = 4 | time = [7065, 18665, 7355, 6708] | memory = [18966, 14935, 10081, 4562]
>>>> [CONFIG: target(1), prim(dec_op)]
|8886.99|19302.42| op = [120, 56, 141, 102]| tp = [1, 2, 1, 1, ] | dp = [2, 1, 2, 2, ] | algo = [0, 0, 0, 0, ] | rc = [0, 0, 0, 0] | gpus = [2, 2, 2, 2] | micro_bs = 4 | time = [7361, 8886, 8564, 8773] | memory = [19302, 8297, 11425, 6148]
>>>> [CONFIG: target(1), prim(inc_mbs)]
|7334.77|22322.73| op = [120, 56, 141, 102]| tp = [1, 1, 1, 1, ] | dp = [2, 2, 2, 2, ] | algo = [0, 0, 0, 0, ] | rc = [14, 0, 0, 0] | gpus = [2, 2, 2, 2] | micro_bs = 8 | time = [6296, 2980, 6644, 7334] | memory = [22192, 15897, 22322, 11525]
>>>> [CONFIG: target(3), prim(dec_op)]
|5972.21|25451.35| op = [108, 116, 124, 71]| tp = [1, 1, 1, 1, ] | dp = [2, 2, 2, 2, ] | algo = [0, 0, 0, 0, ] | rc = [12, 4, 0, 0] | gpus = [2, 2, 2, 2] | micro_bs = 8 | time = [5830, 5762, 5972, 5782] | memory = [21536, 25451, 21230, 8588]

[ Trial 8 ] |5972.21|25451.35| op = [108, 116, 124, 71]| tp = [1, 1, 1, 1, ] | dp = [2, 2, 2, 2, ] | algo = [0, 0, 0, 0, ] | rc = [12, 4, 0, 0] | gpus = [2, 2, 2, 2] | micro_bs = 8 | time = [5830, 5762, 5972, 5782] | memory = [21536, 25451, 21230, 8588]
>>>> [CONFIG: target(2), prim(dec_dp)]
|12818.94|26900.75| op = [108, 116, 124, 71]| tp = [1, 1, 1, 1, ] | dp = [1, 2, 1, 4, ] | algo = [0, 0, 0, 0, ] | rc = [26, 4, 20, 0] | gpus = [1, 2, 1, 4] | micro_bs = 8 | time = [11718, 5843, 12818, 3575] | memory = [26900, 25451, 20136, 4630]
>>>> [CONFIG: target(2), prim(inc_tp)]
|17518.06|25451.35| op = [108, 116, 124, 71]| tp = [1, 1, 2, 1, ] | dp = [2, 2, 1, 2, ] | algo = [0, 0, 0, 0, ] | rc = [12, 4, 0, 0] | gpus = [2, 2, 2, 2] | micro_bs = 8 | time = [5920, 5852, 17518, 5872] | memory = [21536, 25451, 22094, 8588]
>>>> [CONFIG: target(2), prim(dec_op)]
|8616.60|24059.72| op = [108, 133, 48, 130]| tp = [1, 1, 2, 1, ] | dp = [2, 2, 1, 2, ] | algo = [0, 0, 0, 0, ] | rc = [12, 12, 0, 0] | gpus = [2, 2, 2, 2] | micro_bs = 8 | time = [5872, 7119, 7227, 8616] | memory = [21536, 24059, 8066, 13605]
>>>> [CONFIG: target(3), prim(inc_dp)]
|11673.38|26900.75| op = [108, 133, 48, 130]| tp = [1, 1, 1, 1, ] | dp = [1, 2, 1, 4, ] | algo = [0, 0, 0, 0, ] | rc = [26, 12, 0, 0] | gpus = [1, 2, 1, 4] | micro_bs = 8 | time = [11673, 7114, 3976, 5333] | memory = [26900, 24059, 15202, 7236]
>>>> [CONFIG: target(0), prim(inc_dp)]
|8577.48|24059.72| op = [108, 133, 48, 130]| tp = [1, 1, 1, 1, ] | dp = [2, 2, 2, 2, ] | algo = [0, 0, 0, 0, ] | rc = [12, 12, 0, 0] | gpus = [2, 2, 2, 2] | micro_bs = 8 | time = [5832, 7080, 2219, 8577] | memory = [21536, 24059, 7696, 13605]
>>>> [CONFIG: target(3), prim(dec_op)]
|5964.27|25367.35| op = [108, 115, 122, 74]| tp = [1, 1, 1, 1, ] | dp = [2, 2, 2, 2, ] | algo = [0, 0, 0, 0, ] | rc = [12, 4, 0, 0] | gpus = [2, 2, 2, 2] | micro_bs = 8 | time = [5830, 5709, 5964, 5827] | memory = [21536, 25367, 21198, 8620]

[ Trial 9 ] |5964.27|25367.35| op = [108, 115, 122, 74]| tp = [1, 1, 1, 1, ] | dp = [2, 2, 2, 2, ] | algo = [0, 0, 0, 0, ] | rc = [12, 4, 0, 0] | gpus = [2, 2, 2, 2] | micro_bs = 8 | time = [5830, 5709, 5964, 5827] | memory = [21536, 25367, 21198, 8620]
>>>> [CONFIG: target(2), prim(dec_dp)]
|12805.88|25367.35| op = [108, 115, 122, 74]| tp = [1, 1, 1, 1, ] | dp = [4, 2, 1, 1, ] | algo = [0, 0, 0, 0, ] | rc = [0, 4, 20, 0] | gpus = [4, 2, 1, 1] | micro_bs = 8 | time = [3593, 5784, 12805, 11009] | memory = [17798, 25367, 20064, 16565]
>>>> [CONFIG: target(2), prim(dec_op)]
|10987.94|26435.00| op = [123, 143, 79, 74]| tp = [1, 1, 1, 1, ] | dp = [4, 2, 1, 1, ] | algo = [0, 0, 0, 0, ] | rc = [0, 16, 2, 0] | gpus = [4, 2, 1, 1] | micro_bs = 8 | time = [4058, 7732, 7538, 10987] | memory = [20966, 21852, 26435, 16565]
>>>> [CONFIG: target(3), prim(inc_dp)]
|7687.66|21852.09| op = [123, 143, 79, 74]| tp = [1, 1, 1, 1, ] | dp = [2, 2, 2, 2, ] | algo = [0, 0, 0, 0, ] | rc = [19, 16, 0, 0] | gpus = [2, 2, 2, 2] | micro_bs = 8 | time = [6956, 7687, 3997, 5836] | memory = [20912, 21852, 13937, 8620]
>>>> [CONFIG: target(1), prim(inc_dp)]
|10986.54|26435.00| op = [123, 143, 79, 74]| tp = [1, 1, 1, 1, ] | dp = [2, 4, 1, 1, ] | algo = [0, 0, 0, 0, ] | rc = [19, 0, 2, 0] | gpus = [2, 4, 1, 1] | micro_bs = 8 | time = [6999, 4609, 7536, 10986] | memory = [20912, 17814, 26435, 16565]
>>>> [CONFIG: target(2), prim(dec_op)]
|10979.51|23602.50| op = [123, 156, 66, 74]| tp = [1, 1, 1, 1, ] | dp = [2, 4, 1, 1, ] | algo = [0, 0, 0, 0, ] | rc = [19, 0, 0, 0] | gpus = [2, 4, 1, 1] | micro_bs = 8 | time = [6992, 4985, 6253, 10979] | memory = [20912, 19338, 23602, 16565]
>>>> [CONFIG: target(3), prim(inc_dp)]
|8454.25|21396.46| op = [123, 156, 66, 74]| tp = [1, 1, 1, 1, ] | dp = [2, 2, 2, 2, ] | algo = [0, 0, 0, 0, ] | rc = [19, 20, 0, 0] | gpus = [2, 2, 2, 2] | micro_bs = 8 | time = [6958, 8454, 3409, 5837] | memory = [20912, 21396, 11921, 8620]
>>>> [CONFIG: target(1), prim(dec_op)]
|5927.14|25451.35| op = [109, 115, 121, 74]| tp = [1, 1, 1, 1, ] | dp = [2, 2, 2, 2, ] | algo = [0, 0, 0, 0, ] | rc = [12, 4, 0, 0] | gpus = [2, 2, 2, 2] | micro_bs = 8 | time = [5924, 5668, 5927, 5827] | memory = [21536, 25451, 21170, 8620]

[ Trial 10 ] |5927.14|25451.35| op = [109, 115, 121, 74]| tp = [1, 1, 1, 1, ] | dp = [2, 2, 2, 2, ] | algo = [0, 0, 0, 0, ] | rc = [12, 4, 0, 0] | gpus = [2, 2, 2, 2] | micro_bs = 8 | time = [5924, 5668, 5927, 5827] | memory = [21536, 25451, 21170, 8620]
>>>> [CONFIG: target(1), prim(dec_op)]
|6370.83|26787.16| op = [109, 109, 117, 84]| tp = [1, 1, 1, 1, ] | dp = [2, 2, 2, 2, ] | algo = [0, 0, 0, 0, ] | rc = [12, 2, 0, 0] | gpus = [2, 2, 2, 2] | micro_bs = 8 | time = [5923, 5409, 5536, 6370] | memory = [21536, 26787, 19458, 9620]
>>>> [CONFIG: target(3), prim(dec_op)]
|6368.22|26835.16| op = [107, 111, 117, 84]| tp = [1, 1, 1, 1, ] | dp = [2, 2, 2, 2, ] | algo = [0, 0, 0, 0, ] | rc = [10, 2, 0, 0] | gpus = [2, 2, 2, 2] | micro_bs = 8 | time = [5528, 5467, 5533, 6368] | memory = [22816, 26835, 19458, 9620]
>>>> [CONFIG: target(3), prim(inc_tp)]
|11563.61|26900.75| op = [107, 111, 117, 84]| tp = [1, 1, 1, 2, ] | dp = [1, 1, 2, 2, ] | algo = [0, 0, 0, 0, ] | rc = [24, 18, 0, 0] | gpus = [1, 1, 2, 4] | micro_bs = 8 | time = [11170, 11563, 5638, 8265] | memory = [26900, 25634, 19458, 5004]
>>>> [CONFIG: target(1), prim(dec_op)]
|8826.52|26418.75| op = [83, 78, 172, 86]| tp = [1, 1, 1, 2, ] | dp = [1, 1, 2, 2, ] | algo = [0, 0, 0, 0, ] | rc = [12, 12, 6, 0] | gpus = [1, 1, 2, 4] | micro_bs = 8 | time = [8826, 8511, 8585, 8276] | memory = [26418, 20324, 26343, 5024]
>>>> [CONFIG: target(0), prim(inc_dp)]
|8501.20|26815.35| op = [83, 78, 172, 86]| tp = [1, 1, 1, 1, ] | dp = [2, 2, 2, 2, ] | algo = [0, 0, 0, 0, ] | rc = [0, 0, 6, 0] | gpus = [2, 2, 2, 2] | micro_bs = 8 | time = [4216, 4027, 8501, 6399] | memory = [26815, 20098, 26343, 9640]
>>>> [CONFIG: target(2), prim(dec_op)]
|6643.75|26995.16| op = [83, 111, 139, 86]| tp = [1, 1, 1, 1, ] | dp = [2, 2, 2, 2, ] | algo = [0, 0, 0, 0, ] | rc = [0, 2, 0, 0] | gpus = [2, 2, 2, 2] | micro_bs = 8 | time = [4213, 5476, 6643, 6396] | memory = [26815, 26995, 23354, 9640]
>>>> [CONFIG: target(2), prim(dec_op)]
|5924.59|25931.72| op = [98, 126, 121, 74]| tp = [1, 1, 1, 1, ] | dp = [2, 2, 2, 2, ] | algo = [0, 0, 0, 0, ] | rc = [8, 4, 0, 0] | gpus = [2, 2, 2, 2] | micro_bs = 8 | time = [5225, 5924, 5923, 5824] | memory = [24495, 25931, 21170, 8620]

[ Trial 11 ] |5924.59|25931.72| op = [98, 126, 121, 74]| tp = [1, 1, 1, 1, ] | dp = [2, 2, 2, 2, ] | algo = [0, 0, 0, 0, ] | rc = [8, 4, 0, 0] | gpus = [2, 2, 2, 2] | micro_bs = 8 | time = [5225, 5924, 5923, 5824] | memory = [24495, 25931, 21170, 8620]
>>>> [CONFIG: target(1), prim(dec_op)]
|5924.53|25499.35| op = [107, 117, 121, 74]| tp = [1, 1, 1, 1, ] | dp = [2, 2, 2, 2, ] | algo = [0, 0, 0, 0, ] | rc = [10, 4, 0, 0] | gpus = [2, 2, 2, 2] | micro_bs = 8 | time = [5529, 5726, 5924, 5824] | memory = [22816, 25499, 21170, 8620]

num_targets: [1, 1, 1, 1, 1, 1, 1, 1, 1, 1, 4, 1]
num_hops: [1, 1, 1, 6, 6, 4, 6, 6, 6, 7, 7, 1]
search time = 200.05 s.  [0, 1, 2, 3, 4, 7, 8, 9, 16, 23, 29, 85, 86, 172, 198, 210] 
num_explored_cases = 30271
time trend: [31566, 11376, 8966, 7121, 6241, 6159, 6082, 6080, 5972, 5964, 5927, 5924, 5924, 5924, 5927, 5972]

working on num_stages = 6
config has been saved to /home/liminglong.lml/sxz/SuperScaler/logs-large/aceso/configs/scale-layer/32layers/scale-layer_32layers_6stages_2026-5-16-3-9-19.json

========== Best Result (num_stages = 6) ==========
|6126.96|24451.12| op = [55, 54, 113, 58, 67, 72]| tp = [1, 1, 1, 1, 1, 1, ] | dp = [1, 1, 2, 1, 1, 2, ] | algo = [0, 0, 0, 0, 0, 0, ] | rc = [8, 8, 14, 6, 0, 0] | gpus = [1, 1, 2, 1, 1, 2] | micro_bs = 8 | time = [5681, 6079, 6126, 6119, 5900, 5886] | memory = [24451, 23109, 21512, 22447, 22630, 8588]
start|19434.97|5596.71| op = [69, 69, 69, 69, 69, 74]| tp = [2, 2, 1, 1, 1, 1, ] | dp = [1, 1, 1, 1, 1, 1, ] | algo = [0, 0, 0, 0, 0, 0, ] | rc = [0, 0, 0, 0, 0, 0] | gpus = [2, 2, 1, 1, 1, 1] | micro_bs = 1 | time = [19434, 18828, 11445, 11572, 11916, 17128] | memory = [4643, 4082, 5596, 4347, 3456, 2660]

[ Trial 0 ] |19434.97|5596.71| op = [69, 69, 69, 69, 69, 74]| tp = [2, 2, 1, 1, 1, 1, ] | dp = [1, 1, 1, 1, 1, 1, ] | algo = [0, 0, 0, 0, 0, 0, ] | rc = [0, 0, 0, 0, 0, 0] | gpus = [2, 2, 1, 1, 1, 1] | micro_bs = 1 | time = [19434, 18828, 11445, 11572, 11916, 17128] | memory = [4643, 4082, 5596, 4347, 3456, 2660]
>>>> [CONFIG: target(0), prim(dec_tp)]
|18827.61|8819.10| op = [69, 69, 69, 69, 69, 74]| tp = [1, 2, 1, 1, 2, 1, ] | dp = [1, 1, 1, 1, 1, 1, ] | algo = [0, 0, 0, 0, 0, 0, ] | rc = [0, 0, 0, 0, 0, 0] | gpus = [1, 2, 1, 1, 2, 1] | micro_bs = 1 | time = [12274, 18827, 11445, 11572, 18404, 17127] | memory = [8819, 4082, 5596, 4347, 1800, 2660]

[ Trial 1 ] |18827.61|8819.10| op = [69, 69, 69, 69, 69, 74]| tp = [1, 2, 1, 1, 2, 1, ] | dp = [1, 1, 1, 1, 1, 1, ] | algo = [0, 0, 0, 0, 0, 0, ] | rc = [0, 0, 0, 0, 0, 0] | gpus = [1, 2, 1, 1, 2, 1] | micro_bs = 1 | time = [12274, 18827, 11445, 11572, 18404, 17127] | memory = [8819, 4082, 5596, 4347, 1800, 2660]
>>>> [CONFIG: target(1), prim(dec_tp)]
|18680.09|8819.10| op = [69, 69, 69, 69, 69, 74]| tp = [1, 1, 2, 1, 2, 1, ] | dp = [1, 1, 1, 1, 1, 1, ] | algo = [0, 0, 0, 0, 0, 0, ] | rc = [0, 0, 0, 0, 0, 0] | gpus = [1, 1, 2, 1, 2, 1] | micro_bs = 1 | time = [12275, 12050, 18680, 11572, 18404, 17128] | memory = [8819, 7794, 2956, 4347, 1800, 2660]

[ Trial 2 ] |18680.09|8819.10| op = [69, 69, 69, 69, 69, 74]| tp = [1, 1, 2, 1, 2, 1, ] | dp = [1, 1, 1, 1, 1, 1, ] | algo = [0, 0, 0, 0, 0, 0, ] | rc = [0, 0, 0, 0, 0, 0] | gpus = [1, 1, 2, 1, 2, 1] | micro_bs = 1 | time = [12275, 12050, 18680, 11572, 18404, 17128] | memory = [8819, 7794, 2956, 4347, 1800, 2660]
>>>> [CONFIG: target(2), prim(inc_mbs)]
|13625.21|16970.14| op = [69, 69, 69, 69, 69, 74]| tp = [1, 1, 1, 1, 1, 1, ] | dp = [1, 1, 2, 1, 2, 1, ] | algo = [0, 0, 0, 0, 0, 0, ] | rc = [0, 0, 0, 0, 0, 0] | gpus = [1, 1, 2, 1, 2, 1] | micro_bs = 2 | time = [8924, 8978, 5773, 8366, 6008, 13625] | memory = [16970, 15345, 5596, 8427, 3456, 4648]

[ Trial 3 ] |13625.21|16970.14| op = [69, 69, 69, 69, 69, 74]| tp = [1, 1, 1, 1, 1, 1, ] | dp = [1, 1, 2, 1, 2, 1, ] | algo = [0, 0, 0, 0, 0, 0, ] | rc = [0, 0, 0, 0, 0, 0] | gpus = [1, 1, 2, 1, 2, 1] | micro_bs = 2 | time = [8924, 8978, 5773, 8366, 6008, 13625] | memory = [16970, 15345, 5596, 8427, 3456, 4648]
>>>> [CONFIG: target(5), prim(inc_dp)]
|8973.30|16970.14| op = [69, 69, 69, 69, 69, 74]| tp = [1, 1, 1, 1, 1, 1, ] | dp = [1, 1, 1, 1, 2, 2, ] | algo = [0, 0, 0, 0, 0, 0, ] | rc = [0, 0, 0, 0, 0, 0] | gpus = [1, 1, 1, 1, 2, 2] | micro_bs = 2 | time = [8919, 8973, 8258, 8362, 6003, 8607] | memory = [16970, 15345, 10937, 8427, 3456, 2660]

[ Trial 4 ] |8973.30|16970.14| op = [69, 69, 69, 69, 69, 74]| tp = [1, 1, 1, 1, 1, 1, ] | dp = [1, 1, 1, 1, 2, 2, ] | algo = [0, 0, 0, 0, 0, 0, ] | rc = [0, 0, 0, 0, 0, 0] | gpus = [1, 1, 1, 1, 2, 2] | micro_bs = 2 | time = [8919, 8973, 8258, 8362, 6003, 8607] | memory = [16970, 15345, 10937, 8427, 3456, 2660]
>>>> [CONFIG: target(1), prim(inc_mbs)]
|7419.02|25263.10| op = [69, 69, 69, 69, 69, 74]| tp = [1, 1, 1, 1, 1, 1, ] | dp = [1, 1, 1, 1, 2, 2, ] | algo = [0, 0, 0, 0, 0, 0, ] | rc = [6, 4, 0, 0, 0, 0] | gpus = [1, 1, 1, 1, 2, 2] | micro_bs = 4 | time = [7419, 7412, 6379, 6443, 4545, 6899] | memory = [23480, 25263, 21618, 16586, 6672, 4648]

[ Trial 5 ] |7419.02|25263.10| op = [69, 69, 69, 69, 69, 74]| tp = [1, 1, 1, 1, 1, 1, ] | dp = [1, 1, 1, 1, 2, 2, ] | algo = [0, 0, 0, 0, 0, 0, ] | rc = [6, 4, 0, 0, 0, 0] | gpus = [1, 1, 1, 1, 2, 2] | micro_bs = 4 | time = [7419, 7412, 6379, 6443, 4545, 6899] | memory = [23480, 25263, 21618, 16586, 6672, 4648]
>>>> [CONFIG: target(0), prim(inc_dp)]
|7410.80|25263.10| op = [69, 69, 69, 69, 69, 74]| tp = [1, 1, 1, 1, 1, 1, ] | dp = [2, 1, 1, 1, 1, 2, ] | algo = [0, 0, 0, 0, 0, 0, ] | rc = [0, 4, 0, 0, 0, 0] | gpus = [2, 1, 1, 1, 1, 2] | micro_bs = 4 | time = [4551, 7410, 6378, 6441, 6958, 6897] | memory = [16970, 25263, 21618, 16586, 13105, 4648]

[ Trial 6 ] |7410.80|25263.10| op = [69, 69, 69, 69, 69, 74]| tp = [1, 1, 1, 1, 1, 1, ] | dp = [2, 1, 1, 1, 1, 2, ] | algo = [0, 0, 0, 0, 0, 0, ] | rc = [0, 4, 0, 0, 0, 0] | gpus = [2, 1, 1, 1, 1, 2] | micro_bs = 4 | time = [4551, 7410, 6378, 6441, 6958, 6897] | memory = [16970, 25263, 21618, 16586, 13105, 4648]
>>>> [CONFIG: target(1), prim(dec_op)]
|6954.58|26103.10| op = [74, 64, 70, 68, 69, 74]| tp = [1, 1, 1, 1, 1, 1, ] | dp = [2, 1, 1, 1, 1, 2, ] | algo = [0, 0, 0, 0, 0, 0, ] | rc = [0, 0, 0, 0, 0, 0] | gpus = [2, 1, 1, 1, 1, 2] | micro_bs = 4 | time = [4817, 6137, 6404, 6337, 6954, 6893] | memory = [18786, 26103, 21666, 16474, 13105, 4648]

[ Trial 7 ] |6954.58|26103.10| op = [74, 64, 70, 68, 69, 74]| tp = [1, 1, 1, 1, 1, 1, ] | dp = [2, 1, 1, 1, 1, 2, ] | algo = [0, 0, 0, 0, 0, 0, ] | rc = [0, 0, 0, 0, 0, 0] | gpus = [2, 1, 1, 1, 1, 2] | micro_bs = 4 | time = [4817, 6137, 6404, 6337, 6954, 6893] | memory = [18786, 26103, 21666, 16474, 13105, 4648]
>>>> [CONFIG: target(4), prim(dec_op)]
|6891.60|26002.81| op = [89, 61, 65, 65, 65, 74]| tp = [1, 1, 1, 1, 1, 1, ] | dp = [2, 1, 1, 1, 1, 2, ] | algo = [0, 0, 0, 0, 0, 0, ] | rc = [0, 0, 0, 0, 0, 0] | gpus = [2, 1, 1, 1, 1, 2] | micro_bs = 4 | time = [5667, 6048, 6169, 6169, 6169, 6891] | memory = [21922, 26002, 21266, 16329, 11393, 4648]

[ Trial 8 ] |6891.60|26002.81| op = [89, 61, 65, 65, 65, 74]| tp = [1, 1, 1, 1, 1, 1, ] | dp = [2, 1, 1, 1, 1, 2, ] | algo = [0, 0, 0, 0, 0, 0, ] | rc = [0, 0, 0, 0, 0, 0] | gpus = [2, 1, 1, 1, 1, 2] | micro_bs = 4 | time = [5667, 6048, 6169, 6169, 6169, 6891] | memory = [21922, 26002, 21266, 16329, 11393, 4648]
>>>> [CONFIG: target(5), prim(dec_dp)]
|11495.10|21922.70| op = [89, 61, 65, 65, 65, 74]| tp = [1, 1, 1, 1, 1, 1, ] | dp = [2, 2, 1, 1, 1, 1, ] | algo = [0, 0, 0, 0, 0, 0, ] | rc = [0, 0, 0, 0, 0, 0] | gpus = [2, 2, 1, 1, 1, 1] | micro_bs = 4 | time = [5676, 3980, 6179, 6179, 6179, 11495] | memory = [21922, 13111, 21266, 16329, 11393, 8620]
>>>> [CONFIG: target(5), prim(dec_op)]
|8388.90|22946.98| op = [89, 73, 75, 75, 71, 36]| tp = [1, 1, 1, 1, 1, 1, ] | dp = [2, 2, 1, 1, 1, 1, ] | algo = [0, 0, 0, 0, 0, 0, ] | rc = [0, 0, 0, 0, 0, 0] | gpus = [2, 2, 1, 1, 1, 1] | micro_bs = 4 | time = [5679, 4755, 7054, 7230, 7180, 8388] | memory = [21922, 15599, 22946, 19234, 13157, 5788]
>>>> [CONFIG: target(5), prim(inc_dp)]
|7852.99|22946.98| op = [89, 73, 75, 75, 71, 36]| tp = [1, 1, 1, 1, 1, 1, ] | dp = [2, 1, 1, 1, 1, 2, ] | algo = [0, 0, 0, 0, 0, 0, ] | rc = [0, 6, 0, 0, 0, 0] | gpus = [2, 1, 1, 1, 1, 2] | micro_bs = 4 | time = [5677, 7852, 7052, 7228, 7178, 4846] | memory = [21922, 22867, 22946, 19234, 13157, 3160]
>>>> [CONFIG: target(1), prim(dec_op)]
|6626.07|26147.12| op = [89, 64, 71, 66, 64, 65]| tp = [1, 1, 1, 1, 1, 1, ] | dp = [2, 1, 1, 1, 1, 2, ] | algo = [0, 0, 0, 0, 0, 0, ] | rc = [0, 0, 0, 0, 0, 0] | gpus = [2, 1, 1, 1, 1, 2] | micro_bs = 4 | time = [5669, 6141, 6513, 6626, 6272, 6585] | memory = [21922, 26147, 21774, 17145, 11393, 4536]

[ Trial 9 ] |6626.07|26147.12| op = [89, 64, 71, 66, 64, 65]| tp = [1, 1, 1, 1, 1, 1, ] | dp = [2, 1, 1, 1, 1, 2, ] | algo = [0, 0, 0, 0, 0, 0, ] | rc = [0, 0, 0, 0, 0, 0] | gpus = [2, 1, 1, 1, 1, 2] | micro_bs = 4 | time = [5669, 6141, 6513, 6626, 6272, 6585] | memory = [21922, 26147, 21774, 17145, 11393, 4536]
>>>> [CONFIG: target(3), prim(inc_mbs)]
|7037.93|24422.27| op = [89, 64, 71, 66, 64, 65]| tp = [1, 1, 1, 1, 1, 1, ] | dp = [2, 1, 1, 1, 1, 2, ] | algo = [0, 0, 0, 0, 0, 0, ] | rc = [14, 10, 10, 8, 0, 0] | gpus = [2, 1, 1, 1, 1, 2] | micro_bs = 8 | time = [5102, 6702, 7037, 7012, 5986, 5732] | memory = [19493, 24422, 21377, 21379, 22546, 8444]
>>>> [CONFIG: target(2), prim(dec_op)]
|6352.02|23006.76| op = [98, 55, 60, 58, 70, 78]| tp = [1, 1, 1, 1, 1, 1, ] | dp = [2, 1, 1, 1, 1, 2, ] | algo = [0, 0, 0, 0, 0, 0, ] | rc = [16, 8, 8, 6, 0, 0] | gpus = [2, 1, 1, 1, 1, 2] | micro_bs = 8 | time = [5674, 5517, 6352, 6090, 6140, 6310] | memory = [21609, 20673, 20112, 22671, 23006, 9476]

[ Trial 10 ] |6352.02|23006.76| op = [98, 55, 60, 58, 70, 78]| tp = [1, 1, 1, 1, 1, 1, ] | dp = [2, 1, 1, 1, 1, 2, ] | algo = [0, 0, 0, 0, 0, 0, ] | rc = [16, 8, 8, 6, 0, 0] | gpus = [2, 1, 1, 1, 1, 2] | micro_bs = 8 | time = [5674, 5517, 6352, 6090, 6140, 6310] | memory = [21609, 20673, 20112, 22671, 23006, 9476]
>>>> [CONFIG: target(2), prim(dec_op)]
|6310.90|23006.76| op = [98, 60, 55, 58, 70, 78]| tp = [1, 1, 1, 1, 1, 1, ] | dp = [2, 1, 1, 1, 1, 2, ] | algo = [0, 0, 0, 0, 0, 0, ] | rc = [16, 8, 8, 6, 0, 0] | gpus = [2, 1, 1, 1, 1, 2] | micro_bs = 8 | time = [5674, 5723, 6146, 6090, 6140, 6310] | memory = [21609, 21626, 19344, 22671, 23006, 9476]

[ Trial 11 ] |6310.90|23006.76| op = [98, 60, 55, 58, 70, 78]| tp = [1, 1, 1, 1, 1, 1, ] | dp = [2, 1, 1, 1, 1, 2, ] | algo = [0, 0, 0, 0, 0, 0, ] | rc = [16, 8, 8, 6, 0, 0] | gpus = [2, 1, 1, 1, 1, 2] | micro_bs = 8 | time = [5674, 5723, 6146, 6090, 6140, 6310] | memory = [21609, 21626, 19344, 22671, 23006, 9476]
>>>> [CONFIG: target(5), prim(dec_dp)]
|11811.49|23006.76| op = [98, 60, 55, 58, 70, 78]| tp = [1, 1, 1, 1, 1, 1, ] | dp = [2, 2, 1, 1, 1, 1, ] | algo = [0, 0, 0, 0, 0, 0, ] | rc = [16, 0, 8, 6, 0, 0] | gpus = [2, 2, 1, 1, 1, 1] | micro_bs = 8 | time = [5694, 2865, 6166, 6110, 6161, 11811] | memory = [21609, 21871, 19344, 22671, 23006, 18277]
>>>> [CONFIG: target(5), prim(dec_op)]
|8165.19|26062.75| op = [98, 82, 66, 66, 71, 36]| tp = [1, 1, 1, 1, 1, 1, ] | dp = [2, 2, 1, 1, 1, 1, ] | algo = [0, 0, 0, 0, 0, 0, ] | rc = [16, 6, 10, 6, 0, 0] | gpus = [2, 2, 1, 1, 1, 1] | micro_bs = 8 | time = [5690, 4236, 6840, 6483, 6846, 8165] | memory = [21609, 23428, 20853, 23411, 26062, 11044]
>>>> [CONFIG: target(5), prim(dec_op)]
|6771.52|25906.50| op = [98, 104, 64, 64, 67, 22]| tp = [1, 1, 1, 1, 1, 1, ] | dp = [2, 2, 1, 1, 1, 1, ] | algo = [0, 0, 0, 0, 0, 0, ] | rc = [16, 16, 9, 4, 0, 0] | gpus = [2, 2, 1, 1, 1, 1] | micro_bs = 8 | time = [5687, 5758, 6771, 6530, 6532, 6622] | memory = [21609, 18644, 24949, 24739, 25906, 8500]
>>>> [CONFIG: target(2), prim(dec_op)]
|6619.06|23602.50| op = [102, 112, 60, 57, 66, 22]| tp = [1, 1, 1, 1, 1, 1, ] | dp = [2, 2, 1, 1, 1, 1, ] | algo = [0, 0, 0, 0, 0, 0, ] | rc = [16, 17, 8, 6, 0, 0] | gpus = [2, 2, 1, 1, 1, 1] | micro_bs = 8 | time = [5778, 6384, 6133, 6220, 6312, 6619] | memory = [21990, 23373, 20136, 22399, 23602, 8500]
>>>> [CONFIG: target(5), prim(dec_op)]
|6275.39|24058.51| op = [109, 105, 60, 59, 73, 13]| tp = [1, 1, 1, 1, 1, 1, ] | dp = [2, 2, 1, 1, 1, 1, ] | algo = [0, 0, 0, 0, 0, 0, ] | rc = [16, 17, 8, 6, 0, 0] | gpus = [2, 2, 1, 1, 1, 1] | micro_bs = 8 | time = [6201, 6182, 6131, 6154, 6227, 6275] | memory = [24058, 22804, 20136, 22499, 23135, 8196]

[ Trial 12 ] |6275.39|24058.51| op = [109, 105, 60, 59, 73, 13]| tp = [1, 1, 1, 1, 1, 1, ] | dp = [2, 2, 1, 1, 1, 1, ] | algo = [0, 0, 0, 0, 0, 0, ] | rc = [16, 17, 8, 6, 0, 0] | gpus = [2, 2, 1, 1, 1, 1] | micro_bs = 8 | time = [6201, 6182, 6131, 6154, 6227, 6275] | memory = [24058, 22804, 20136, 22499, 23135, 8196]
>>>> [CONFIG: target(5), prim(inc_dp)]
|12490.65|26313.12| op = [109, 105, 60, 59, 73, 13]| tp = [1, 1, 1, 1, 1, 1, ] | dp = [1, 2, 1, 1, 1, 2, ] | algo = [0, 0, 0, 0, 0, 0, ] | rc = [30, 17, 8, 6, 0, 0] | gpus = [1, 2, 1, 1, 1, 2] | micro_bs = 8 | time = [12490, 6209, 6158, 6180, 6253, 3399] | memory = [26313, 22804, 20136, 22499, 23135, 4316]
>>>> [CONFIG: target(0), prim(dec_op)]
|8286.08|26889.37| op = [75, 132, 67, 59, 73, 13]| tp = [1, 1, 1, 1, 1, 1, ] | dp = [1, 2, 1, 1, 1, 2, ] | algo = [0, 0, 0, 0, 0, 0, ] | rc = [18, 20, 10, 6, 0, 0] | gpus = [1, 2, 1, 1, 1, 2] | micro_bs = 8 | time = [8286, 7185, 6836, 6160, 6233, 3379] | memory = [26889, 23158, 20773, 22499, 23135, 4316]
>>>> [CONFIG: target(0), prim(dec_op)]
|6475.18|24963.12| op = [56, 116, 54, 60, 59, 74]| tp = [1, 1, 1, 1, 1, 1, ] | dp = [1, 2, 1, 1, 1, 2, ] | algo = [0, 0, 0, 0, 0, 0, ] | rc = [10, 18, 8, 6, 0, 0] | gpus = [1, 2, 1, 1, 1, 2] | micro_bs = 8 | time = [6255, 6475, 6085, 6160, 5640, 5924] | memory = [24963, 20733, 19268, 22927, 22110, 8620]
>>>> [CONFIG: target(1), prim(dec_dp)]
|12956.59|26187.25| op = [56, 116, 54, 60, 59, 74]| tp = [1, 1, 1, 1, 1, 1, ] | dp = [1, 1, 2, 1, 1, 2, ] | algo = [0, 0, 0, 0, 0, 0, ] | rc = [10, 31, 0, 6, 0, 0] | gpus = [1, 1, 2, 1, 1, 2] | micro_bs = 8 | time = [6282, 12956, 3034, 6187, 5666, 5950] | memory = [24963, 26187, 18369, 22927, 22110, 8620]
>>>> [CONFIG: target(1), prim(dec_op)]
|6598.64|24963.12| op = [56, 53, 117, 60, 59, 74]| tp = [1, 1, 1, 1, 1, 1, ] | dp = [1, 1, 2, 1, 1, 2, ] | algo = [0, 0, 0, 0, 0, 0, ] | rc = [10, 8, 16, 6, 0, 0] | gpus = [1, 1, 2, 1, 1, 2] | micro_bs = 8 | time = [6257, 6160, 6598, 6162, 5641, 5925] | memory = [24963, 22949, 20372, 22927, 22110, 8620]
>>>> [CONFIG: target(2), prim(dec_op)]
|6254.95|24963.12| op = [56, 53, 115, 59, 62, 74]| tp = [1, 1, 1, 1, 1, 1, ] | dp = [1, 1, 2, 1, 1, 2, ] | algo = [0, 0, 0, 0, 0, 0, ] | rc = [10, 8, 14, 6, 0, 0] | gpus = [1, 1, 2, 1, 1, 2] | micro_bs = 8 | time = [6254, 6158, 6204, 6112, 5798, 5923] | memory = [24963, 22949, 21652, 22559, 22430, 8620]

[ Trial 13 ] |6254.95|24963.12| op = [56, 53, 115, 59, 62, 74]| tp = [1, 1, 1, 1, 1, 1, ] | dp = [1, 1, 2, 1, 1, 2, ] | algo = [0, 0, 0, 0, 0, 0, ] | rc = [10, 8, 14, 6, 0, 0] | gpus = [1, 1, 2, 1, 1, 2] | micro_bs = 8 | time = [6254, 6158, 6204, 6112, 5798, 5923] | memory = [24963, 22949, 21652, 22559, 22430, 8620]
>>>> [CONFIG: target(3), prim(dec_op)]
|6253.60|25843.00| op = [56, 53, 115, 56, 65, 74]| tp = [1, 1, 1, 1, 1, 1, ] | dp = [1, 1, 2, 1, 1, 2, ] | algo = [0, 0, 0, 0, 0, 0, ] | rc = [10, 8, 14, 4, 0, 0] | gpus = [1, 1, 2, 1, 1, 2] | micro_bs = 8 | time = [6253, 6157, 6202, 5868, 5868, 5922] | memory = [24963, 22949, 21652, 25843, 22546, 8620]

[ Trial 14 ] |6253.60|25843.00| op = [56, 53, 115, 56, 65, 74]| tp = [1, 1, 1, 1, 1, 1, ] | dp = [1, 1, 2, 1, 1, 2, ] | algo = [0, 0, 0, 0, 0, 0, ] | rc = [10, 8, 14, 4, 0, 0] | gpus = [1, 1, 2, 1, 1, 2] | micro_bs = 8 | time = [6253, 6157, 6202, 5868, 5868, 5922] | memory = [24963, 22949, 21652, 25843, 22546, 8620]
>>>> [CONFIG: target(1), prim(inc_tp)]
|11083.90|25843.00| op = [56, 53, 115, 56, 65, 74]| tp = [1, 2, 1, 1, 1, 1, ] | dp = [1, 1, 2, 1, 1, 1, ] | algo = [0, 0, 0, 0, 0, 0, ] | rc = [10, 0, 14, 4, 0, 0] | gpus = [1, 2, 2, 1, 1, 1] | micro_bs = 8 | time = [6308, 8046, 6257, 5923, 5923, 11083] | memory = [24963, 23581, 21652, 25843, 22546, 16565]
>>>> [CONFIG: target(5), prim(dec_op)]
|7717.50|26615.00| op = [63, 46, 130, 67, 80, 33]| tp = [1, 2, 1, 1, 1, 1, ] | dp = [1, 1, 2, 1, 1, 1, ] | algo = [0, 0, 0, 0, 0, 0, ] | rc = [12, 0, 20, 10, 0, 0] | gpus = [1, 2, 2, 1, 1, 1] | micro_bs = 8 | time = [6955, 6948, 7414, 7429, 7063, 7717] | memory = [25799, 19050, 19748, 21331, 26615, 10456]
>>>> [CONFIG: target(5), prim(inc_dp)]
|7387.35|26615.00| op = [63, 46, 130, 67, 80, 33]| tp = [1, 1, 1, 1, 1, 1, ] | dp = [1, 1, 2, 1, 1, 2, ] | algo = [0, 0, 0, 0, 0, 0, ] | rc = [12, 6, 20, 10, 0, 0] | gpus = [1, 1, 2, 1, 1, 2] | micro_bs = 8 | time = [6913, 5059, 7372, 7387, 7021, 4134] | memory = [25799, 19928, 19748, 21331, 26615, 5492]
>>>> [CONFIG: target(3), prim(dec_op)]
|6127.14|24451.12| op = [55, 54, 113, 58, 68, 71]| tp = [1, 1, 1, 1, 1, 1, ] | dp = [1, 1, 2, 1, 1, 2, ] | algo = [0, 0, 0, 0, 0, 0, ] | rc = [8, 8, 14, 6, 0, 0] | gpus = [1, 1, 2, 1, 1, 2] | micro_bs = 8 | time = [5682, 6079, 6127, 6119, 5936, 5873] | memory = [24451, 23109, 21512, 22447, 22662, 8588]

[ Trial 15 ] |6127.14|24451.12| op = [55, 54, 113, 58, 68, 71]| tp = [1, 1, 1, 1, 1, 1, ] | dp = [1, 1, 2, 1, 1, 2, ] | algo = [0, 0, 0, 0, 0, 0, ] | rc = [8, 8, 14, 6, 0, 0] | gpus = [1, 1, 2, 1, 1, 2] | micro_bs = 8 | time = [5682, 6079, 6127, 6119, 5936, 5873] | memory = [24451, 23109, 21512, 22447, 22662, 8588]
>>>> [CONFIG: target(4), prim(dec_op)]
|6126.96|24451.12| op = [55, 54, 113, 58, 67, 72]| tp = [1, 1, 1, 1, 1, 1, ] | dp = [1, 1, 2, 1, 1, 2, ] | algo = [0, 0, 0, 0, 0, 0, ] | rc = [8, 8, 14, 6, 0, 0] | gpus = [1, 1, 2, 1, 1, 2] | micro_bs = 8 | time = [5681, 6079, 6126, 6119, 5900, 5886] | memory = [24451, 23109, 21512, 22447, 22630, 8588]

num_targets: [1, 1, 1, 1, 1, 1, 1, 1, 1, 1, 1, 1, 1, 4, 3, 4]
num_hops: [1, 1, 1, 1, 1, 1, 1, 1, 4, 2, 1, 5, 6, 1, 4, 1]
search time = 200.04 s.  [0, 1, 2, 3, 4, 5, 6, 7, 8, 9, 10, 11, 12, 13, 47, 65, 120, 185, 215] 
num_explored_cases = 26167
time trend: [19434, 18827, 18680, 13625, 8973, 7419, 7410, 6954, 6891, 6626, 6352, 6310, 6275, 6254, 6253, 6127, 6126, 6126, 6159]

# of stages	est_iteration_time(s)	est_thpt(samples/s)	est_mem(MB)	# of explored cases
4          	5.92                 	172.84             	25499      	30271              

overall search time: 200.13 s
