mkdir -p tmp
Working on case: (1024, 2048, 2048, 24, 32, 51200, 32, 'search', (True, True, 6, {'submesh_physical_shape_space': 'small_power_of_two', 'submesh_logical_shape_space': 'all', 'stage_imbalance_tolerance': 1.0, 'use_hlo_cost_model': True, 'profiling_database_filename': 'prof_database.pkl'}))
rm -rf /tmp/tmp_transfer.pkl
python3 -u benchmark_3d_one_case.py --model gpt --niter 3 --case "(1024, 2048, 2048, 24, 32, 51200, 32, 'search', (True, True, 6, {'submesh_physical_shape_space': 'small_power_of_two', 'submesh_logical_shape_space': 'all', 'stage_imbalance_tolerance': 1.0, 'use_hlo_cost_model': True, 'profiling_database_filename': 'prof_database.pkl'}))" --num-hosts 1 --num-devices-per-host 4 --dump-result --disable-tqdm 
mkdir -p tmp
 - Prepare input: 1.63 s
 - Create train state: 1.10 s
-------------------- Automatic stage clustering --------------------
submesh_choices: ((1, 1), (1, 2), (1, 4))
- Profiling for submesh 2 (1, 4):
- Generate all stage infos (Jaxpr -> HLO)
- Compile all stages
- Profile all stages
cost[0, 5, 3]=1.974, max_n_succ_stage=-1, Mem: avail=13.664GB, peak=31.244GB, intermediate=0.000GB, init=3.966GB, as_config=((4, 1), {})
cost[0, 5, 0]=1.974, max_n_succ_stage=-1, Mem: avail=13.664GB, peak=31.244GB, intermediate=0.000GB, init=3.966GB, as_config=((4, 1), {'force_batch_dim_to_mesh_dim': 0})
cost[0, 5, 2]=15.084, max_n_succ_stage=-1, Mem: avail=13.664GB, peak=29.612GB, intermediate=0.000GB, init=3.968GB, as_config=((1, 4), {'force_batch_dim_to_mesh_dim': 0})
cost[0, 5, 1]=7.219, max_n_succ_stage=-1, Mem: avail=13.664GB, peak=28.967GB, intermediate=0.000GB, init=3.967GB, as_config=((2, 2), {'force_batch_dim_to_mesh_dim': 0})
Profiling for submesh 2 (1, 4) takes 98.45 seconds
Profiled costs are: [[[        inf         inf         inf         inf]
  [        inf         inf         inf         inf]
  [        inf         inf         inf         inf]
  [        inf         inf         inf         inf]
  [        inf         inf         inf         inf]
  [ 1.9743451   7.21900839 15.08440517  1.9743451 ]]

 [[        inf         inf         inf         inf]
  [        inf         inf         inf         inf]
  [        inf         inf         inf         inf]
  [        inf         inf         inf         inf]
  [        inf         inf         inf         inf]
  [        inf         inf         inf         inf]]

 [[        inf         inf         inf         inf]
  [        inf         inf         inf         inf]
  [        inf         inf         inf         inf]
  [        inf         inf         inf         inf]
  [        inf         inf         inf         inf]
  [        inf         inf         inf         inf]]

 [[        inf         inf         inf         inf]
  [        inf         inf         inf         inf]
  [        inf         inf         inf         inf]
  [        inf         inf         inf         inf]
  [        inf         inf         inf         inf]
  [        inf         inf         inf         inf]]

 [[        inf         inf         inf         inf]
  [        inf         inf         inf         inf]
  [        inf         inf         inf         inf]
  [        inf         inf         inf         inf]
  [        inf         inf         inf         inf]
  [        inf         inf         inf         inf]]

 [[        inf         inf         inf         inf]
  [        inf         inf         inf         inf]
  [        inf         inf         inf         inf]
  [        inf         inf         inf         inf]
  [        inf         inf         inf         inf]
  [        inf         inf         inf         inf]]]
Profiled max_n_succ_stages are: [[[-1 -1 -1 -1]
  [-1 -1 -1 -1]
  [-1 -1 -1 -1]
  [-1 -1 -1 -1]
  [-1 -1 -1 -1]
  [-1 -1 -1 -1]]

 [[-1 -1 -1 -1]
  [-1 -1 -1 -1]
  [-1 -1 -1 -1]
  [-1 -1 -1 -1]
  [-1 -1 -1 -1]
  [-1 -1 -1 -1]]

 [[-1 -1 -1 -1]
  [-1 -1 -1 -1]
  [-1 -1 -1 -1]
  [-1 -1 -1 -1]
  [-1 -1 -1 -1]
  [-1 -1 -1 -1]]

 [[-1 -1 -1 -1]
  [-1 -1 -1 -1]
  [-1 -1 -1 -1]
  [-1 -1 -1 -1]
  [-1 -1 -1 -1]
  [-1 -1 -1 -1]]

 [[-1 -1 -1 -1]
  [-1 -1 -1 -1]
  [-1 -1 -1 -1]
  [-1 -1 -1 -1]
  [-1 -1 -1 -1]
  [-1 -1 -1 -1]]

 [[-1 -1 -1 -1]
  [-1 -1 -1 -1]
  [-1 -1 -1 -1]
  [-1 -1 -1 -1]
  [-1 -1 -1 -1]
  [-1 -1 -1 -1]]]
--------------------------------------------------
- Profiling for submesh 1 (1, 2):
- Generate all stage infos (Jaxpr -> HLO)
- Compile all stages
- Profile all stages
cost[4, 5, 2]=1.238, max_n_succ_stage=-1, Mem: avail=13.664GB, peak=49.213GB, intermediate=0.125GB, init=2.837GB, as_config=((2, 1), {})
cost[4, 5, 1]=4.317, max_n_succ_stage=-1, Mem: avail=13.664GB, peak=50.170GB, intermediate=0.250GB, init=2.838GB, as_config=((1, 2), {'force_batch_dim_to_mesh_dim': 0})
cost[4, 5, 0]=1.238, max_n_succ_stage=-1, Mem: avail=13.664GB, peak=49.213GB, intermediate=0.125GB, init=2.837GB, as_config=((2, 1), {'force_batch_dim_to_mesh_dim': 0})
cost[0, 1, 2]=1.377, max_n_succ_stage=-1, Mem: avail=13.664GB, peak=46.845GB, intermediate=0.125GB, init=2.843GB, as_config=((2, 1), {})
cost[2, 3, 1]=4.793, max_n_succ_stage=-1, Mem: avail=13.664GB, peak=44.632GB, intermediate=0.250GB, init=2.252GB, as_config=((1, 2), {'force_batch_dim_to_mesh_dim': 0})
cost[0, 1, 0]=1.377, max_n_succ_stage=-1, Mem: avail=13.664GB, peak=46.845GB, intermediate=0.125GB, init=2.843GB, as_config=((2, 1), {'force_batch_dim_to_mesh_dim': 0})
cost[0, 1, 1]=5.057, max_n_succ_stage=-1, Mem: avail=13.664GB, peak=48.584GB, intermediate=0.250GB, init=2.844GB, as_config=((1, 2), {'force_batch_dim_to_mesh_dim': 0})
cost[2, 3, 0]=1.187, max_n_succ_stage=-1, Mem: avail=13.664GB, peak=43.254GB, intermediate=0.125GB, init=2.251GB, as_config=((2, 1), {'force_batch_dim_to_mesh_dim': 0})
cost[3, 4, 1]=4.793, max_n_succ_stage=-1, Mem: avail=13.664GB, peak=44.881GB, intermediate=0.250GB, init=2.252GB, as_config=((1, 2), {'force_batch_dim_to_mesh_dim': 0})
cost[1, 2, 0]=1.187, max_n_succ_stage=-1, Mem: avail=13.664GB, peak=43.255GB, intermediate=0.125GB, init=2.251GB, as_config=((2, 1), {'force_batch_dim_to_mesh_dim': 0})
cost[1, 2, 2]=1.187, max_n_succ_stage=-1, Mem: avail=13.664GB, peak=43.255GB, intermediate=0.125GB, init=2.251GB, as_config=((2, 1), {})
cost[1, 2, 1]=4.793, max_n_succ_stage=-1, Mem: avail=13.664GB, peak=44.633GB, intermediate=0.250GB, init=2.252GB, as_config=((1, 2), {'force_batch_dim_to_mesh_dim': 0})
cost[3, 4, 0]=1.187, max_n_succ_stage=-1, Mem: avail=13.664GB, peak=43.129GB, intermediate=0.125GB, init=2.251GB, as_config=((2, 1), {'force_batch_dim_to_mesh_dim': 0})
cost[3, 4, 2]=1.187, max_n_succ_stage=-1, Mem: avail=13.664GB, peak=43.129GB, intermediate=0.125GB, init=2.251GB, as_config=((2, 1), {})
cost[2, 3, 2]=1.187, max_n_succ_stage=-1, Mem: avail=13.664GB, peak=43.254GB, intermediate=0.125GB, init=2.251GB, as_config=((2, 1), {})
cost[3, 5, 1]=6.714, max_n_succ_stage=-1, Mem: avail=13.664GB, peak=51.233GB, intermediate=0.500GB, init=3.964GB, as_config=((1, 2), {'force_batch_dim_to_mesh_dim': 0})
cost[3, 5, 0]=1.832, max_n_succ_stage=-1, Mem: avail=13.664GB, peak=50.463GB, intermediate=0.250GB, init=3.963GB, as_config=((2, 1), {'force_batch_dim_to_mesh_dim': 0})
cost[3, 5, 2]=1.832, max_n_succ_stage=-1, Mem: avail=13.664GB, peak=50.463GB, intermediate=0.250GB, init=3.963GB, as_config=((2, 1), {})
cost[0, 2, 2]=1.971, max_n_succ_stage=-1, Mem: avail=13.664GB, peak=47.970GB, intermediate=0.250GB, init=3.969GB, as_config=((2, 1), {})
cost[0, 2, 0]=1.971, max_n_succ_stage=-1, Mem: avail=13.664GB, peak=47.970GB, intermediate=0.250GB, init=3.969GB, as_config=((2, 1), {'force_batch_dim_to_mesh_dim': 0})
cost[0, 2, 1]=7.454, max_n_succ_stage=-1, Mem: avail=13.664GB, peak=52.912GB, intermediate=0.500GB, init=3.969GB, as_config=((1, 2), {'force_batch_dim_to_mesh_dim': 0})
cost[1, 3, 1]=7.190, max_n_succ_stage=-1, Mem: avail=13.664GB, peak=49.714GB, intermediate=0.500GB, init=3.378GB, as_config=((1, 2), {'force_batch_dim_to_mesh_dim': 0})
cost[2, 4, 1]=7.190, max_n_succ_stage=-1, Mem: avail=13.664GB, peak=50.204GB, intermediate=0.500GB, init=3.378GB, as_config=((1, 2), {'force_batch_dim_to_mesh_dim': 0})
cost[1, 3, 2]=1.780, max_n_succ_stage=-1, Mem: avail=13.664GB, peak=44.380GB, intermediate=0.250GB, init=3.377GB, as_config=((2, 1), {})
cost[1, 3, 0]=1.780, max_n_succ_stage=-1, Mem: avail=13.664GB, peak=44.380GB, intermediate=0.250GB, init=3.377GB, as_config=((2, 1), {'force_batch_dim_to_mesh_dim': 0})
cost[2, 4, 2]=1.780, max_n_succ_stage=-1, Mem: avail=13.664GB, peak=44.380GB, intermediate=0.250GB, init=3.377GB, as_config=((2, 1), {})
cost[2, 4, 0]=1.780, max_n_succ_stage=-1, Mem: avail=13.664GB, peak=44.380GB, intermediate=0.250GB, init=3.377GB, as_config=((2, 1), {'force_batch_dim_to_mesh_dim': 0})
cost[2, 5, 1]=9.110, max_n_succ_stage=-1, Mem: avail=13.664GB, peak=52.048GB, intermediate=0.750GB, init=5.090GB, as_config=((1, 2), {'force_batch_dim_to_mesh_dim': 0})
cost[2, 5, 2]=2.425, max_n_succ_stage=-1, Mem: avail=13.664GB, peak=51.714GB, intermediate=0.375GB, init=5.089GB, as_config=((2, 1), {})
cost[0, 3, 1]=9.851, max_n_succ_stage=-1, Mem: avail=13.664GB, peak=49.472GB, intermediate=0.750GB, init=5.095GB, as_config=((1, 2), {'force_batch_dim_to_mesh_dim': 0})
cost[2, 5, 0]=2.425, max_n_succ_stage=-1, Mem: avail=13.664GB, peak=51.714GB, intermediate=0.375GB, init=5.089GB, as_config=((2, 1), {'force_batch_dim_to_mesh_dim': 0})
cost[1, 4, 1]=9.587, max_n_succ_stage=-1, Mem: avail=13.664GB, peak=48.504GB, intermediate=0.750GB, init=4.504GB, as_config=((1, 2), {'force_batch_dim_to_mesh_dim': 0})
cost[0, 3, 2]=2.564, max_n_succ_stage=-1, Mem: avail=13.664GB, peak=49.096GB, intermediate=0.375GB, init=5.094GB, as_config=((2, 1), {})
cost[0, 3, 0]=2.564, max_n_succ_stage=-1, Mem: avail=13.664GB, peak=49.096GB, intermediate=0.375GB, init=5.094GB, as_config=((2, 1), {'force_batch_dim_to_mesh_dim': 0})
cost[1, 4, 0]=2.373, max_n_succ_stage=-1, Mem: avail=13.664GB, peak=45.753GB, intermediate=0.375GB, init=4.502GB, as_config=((2, 1), {'force_batch_dim_to_mesh_dim': 0})
cost[1, 4, 2]=2.373, max_n_succ_stage=-1, Mem: avail=13.664GB, peak=45.753GB, intermediate=0.375GB, init=4.502GB, as_config=((2, 1), {})
cost[1, 5, 1]=11.507, max_n_succ_stage=-1, Mem: avail=13.664GB, peak=52.863GB, intermediate=1.000GB, init=6.216GB, as_config=((1, 2), {'force_batch_dim_to_mesh_dim': 0})
cost[1, 5, 0]=3.018, max_n_succ_stage=-1, Mem: avail=13.664GB, peak=52.964GB, intermediate=0.500GB, init=6.214GB, as_config=((2, 1), {'force_batch_dim_to_mesh_dim': 0})
cost[1, 5, 2]=3.018, max_n_succ_stage=-1, Mem: avail=13.664GB, peak=52.964GB, intermediate=0.500GB, init=6.214GB, as_config=((2, 1), {})
cost[0, 4, 1]=12.248, max_n_succ_stage=-1, Mem: avail=13.664GB, peak=54.667GB, intermediate=1.000GB, init=6.221GB, as_config=((1, 2), {'force_batch_dim_to_mesh_dim': 0})
cost[0, 4, 2]=3.158, max_n_succ_stage=-1, Mem: avail=13.664GB, peak=50.222GB, intermediate=0.500GB, init=6.220GB, as_config=((2, 1), {})
cost[0, 4, 0]=3.158, max_n_succ_stage=-1, Mem: avail=13.664GB, peak=50.222GB, intermediate=0.500GB, init=6.220GB, as_config=((2, 1), {'force_batch_dim_to_mesh_dim': 0})
cost[0, 5, 0]=3.802, max_n_succ_stage=-1, Mem: avail=13.664GB, peak=54.807GB, intermediate=0.625GB, init=7.932GB, as_config=((2, 1), {'force_batch_dim_to_mesh_dim': 0})
cost[0, 5, 1]=14.168, max_n_succ_stage=-1, Mem: avail=13.664GB, peak=56.645GB, intermediate=1.250GB, init=7.933GB, as_config=((1, 2), {'force_batch_dim_to_mesh_dim': 0})
cost[0, 5, 2]=3.802, max_n_succ_stage=-1, Mem: avail=13.664GB, peak=54.807GB, intermediate=0.625GB, init=7.932GB, as_config=((2, 1), {})
Profiling for submesh 1 (1, 2) takes 114.06 seconds
Profiled costs are: [[[        inf         inf         inf         inf]
  [ 1.37742341  5.05745499  1.37742341         inf]
  [ 1.97079756  7.45438764  1.97079756         inf]
  [ 2.56417179  9.85132029  2.56417179         inf]
  [ 3.15754603 12.24825294  3.15754603         inf]
  [ 3.80234677 14.16844886  3.80234677         inf]]

 [[        inf         inf         inf         inf]
  [        inf         inf         inf         inf]
  [ 1.18674796  4.79333424  1.18674796         inf]
  [ 1.78012161  7.19026689  1.78012161         inf]
  [ 2.37349585  9.58719954  2.37349585         inf]
  [ 3.01829658 11.50739546  3.01829658         inf]]

 [[        inf         inf         inf         inf]
  [        inf         inf         inf         inf]
  [        inf         inf         inf         inf]
  [ 1.18674793  4.79333424  1.18674793         inf]
  [ 1.78012157  7.19026689  1.78012157         inf]
  [ 2.42492231  9.11046281  2.42492231         inf]]

 [[        inf         inf         inf         inf]
  [        inf         inf         inf         inf]
  [        inf         inf         inf         inf]
  [        inf         inf         inf         inf]
  [ 1.18674789  4.79280318  1.18674789         inf]
  [ 1.83154803  6.71353015  1.83154803         inf]]

 [[        inf         inf         inf         inf]
  [        inf         inf         inf         inf]
  [        inf         inf         inf         inf]
  [        inf         inf         inf         inf]
  [        inf         inf         inf         inf]
  [ 1.23817392  4.3165975   1.23817392         inf]]

 [[        inf         inf         inf         inf]
  [        inf         inf         inf         inf]
  [        inf         inf         inf         inf]
  [        inf         inf         inf         inf]
  [        inf         inf         inf         inf]
  [        inf         inf         inf         inf]]]
Profiled max_n_succ_stages are: [[[-1 -1 -1 -1]
  [-1 -1 -1 -1]
  [-1 -1 -1 -1]
  [-1 -1 -1 -1]
  [-1 -1 -1 -1]
  [-1 -1 -1 -1]]

 [[-1 -1 -1 -1]
  [-1 -1 -1 -1]
  [-1 -1 -1 -1]
  [-1 -1 -1 -1]
  [-1 -1 -1 -1]
  [-1 -1 -1 -1]]

 [[-1 -1 -1 -1]
  [-1 -1 -1 -1]
  [-1 -1 -1 -1]
  [-1 -1 -1 -1]
  [-1 -1 -1 -1]
  [-1 -1 -1 -1]]

 [[-1 -1 -1 -1]
  [-1 -1 -1 -1]
  [-1 -1 -1 -1]
  [-1 -1 -1 -1]
  [-1 -1 -1 -1]
  [-1 -1 -1 -1]]

 [[-1 -1 -1 -1]
  [-1 -1 -1 -1]
  [-1 -1 -1 -1]
  [-1 -1 -1 -1]
  [-1 -1 -1 -1]
  [-1 -1 -1 -1]]

 [[-1 -1 -1 -1]
  [-1 -1 -1 -1]
  [-1 -1 -1 -1]
  [-1 -1 -1 -1]
  [-1 -1 -1 -1]
  [-1 -1 -1 -1]]]
--------------------------------------------------
- Profiling for submesh 0 (1, 1):
- Generate all stage infos (Jaxpr -> HLO)
- Compile all stages
- Profile all stages
cost[5, 5, 1]=1.279, max_n_succ_stage=-1, Mem: avail=13.664GB, peak=94.469GB, intermediate=0.000GB, init=3.424GB, as_config=((1, 1), {})
cost[5, 5, 0]=1.279, max_n_succ_stage=-1, Mem: avail=13.664GB, peak=94.469GB, intermediate=0.000GB, init=3.424GB, as_config=((1, 1), {'force_batch_dim_to_mesh_dim': 0})
cost[2, 2, 0]=1.180, max_n_succ_stage=-1, Mem: avail=13.664GB, peak=82.884GB, intermediate=0.000GB, init=2.251GB, as_config=((1, 1), {'force_batch_dim_to_mesh_dim': 0})
cost[2, 2, 1]=1.180, max_n_succ_stage=-1, Mem: avail=13.664GB, peak=82.884GB, intermediate=0.000GB, init=2.251GB, as_config=((1, 1), {})
cost[3, 3, 1]=1.180, max_n_succ_stage=-1, Mem: avail=13.664GB, peak=82.634GB, intermediate=0.000GB, init=2.251GB, as_config=((1, 1), {})
cost[3, 3, 0]=1.180, max_n_succ_stage=-1, Mem: avail=13.664GB, peak=82.634GB, intermediate=0.000GB, init=2.251GB, as_config=((1, 1), {'force_batch_dim_to_mesh_dim': 0})
cost[0, 0, 0]=1.557, max_n_succ_stage=-1, Mem: avail=13.664GB, peak=89.533GB, intermediate=0.000GB, init=3.435GB, as_config=((1, 1), {'force_batch_dim_to_mesh_dim': 0})
cost[0, 0, 1]=1.557, max_n_succ_stage=-1, Mem: avail=13.664GB, peak=89.533GB, intermediate=0.000GB, init=3.435GB, as_config=((1, 1), {})
cost[1, 1, 0]=1.180, max_n_succ_stage=-1, Mem: avail=13.664GB, peak=83.134GB, intermediate=0.000GB, init=2.251GB, as_config=((1, 1), {'force_batch_dim_to_mesh_dim': 0})
cost[1, 1, 1]=1.180, max_n_succ_stage=-1, Mem: avail=13.664GB, peak=83.134GB, intermediate=0.000GB, init=2.251GB, as_config=((1, 1), {})
cost[4, 4, 0]=1.180, max_n_succ_stage=-1, Mem: avail=13.664GB, peak=82.634GB, intermediate=0.000GB, init=2.251GB, as_config=((1, 1), {'force_batch_dim_to_mesh_dim': 0})
cost[4, 4, 1]=1.180, max_n_succ_stage=-1, Mem: avail=13.664GB, peak=82.634GB, intermediate=0.000GB, init=2.251GB, as_config=((1, 1), {})
cost[4, 5, 1]=2.459, max_n_succ_stage=-1, Mem: avail=13.664GB, peak=95.839GB, intermediate=0.250GB, init=5.675GB, as_config=((1, 1), {})
cost[4, 5, 0]=2.459, max_n_succ_stage=-1, Mem: avail=13.664GB, peak=95.839GB, intermediate=0.250GB, init=5.675GB, as_config=((1, 1), {'force_batch_dim_to_mesh_dim': 0})
cost[3, 4, 1]=2.359, max_n_succ_stage=-1, Mem: avail=13.664GB, peak=84.503GB, intermediate=0.250GB, init=4.502GB, as_config=((1, 1), {})
cost[3, 4, 0]=2.359, max_n_succ_stage=-1, Mem: avail=13.664GB, peak=84.503GB, intermediate=0.250GB, init=4.502GB, as_config=((1, 1), {'force_batch_dim_to_mesh_dim': 0})
cost[2, 3, 1]=2.359, max_n_succ_stage=-1, Mem: avail=13.664GB, peak=84.009GB, intermediate=0.250GB, init=4.502GB, as_config=((1, 1), {})
cost[2, 3, 0]=2.359, max_n_succ_stage=-1, Mem: avail=13.664GB, peak=84.009GB, intermediate=0.250GB, init=4.502GB, as_config=((1, 1), {'force_batch_dim_to_mesh_dim': 0})
cost[1, 2, 1]=2.359, max_n_succ_stage=-1, Mem: avail=13.664GB, peak=84.009GB, intermediate=0.250GB, init=4.502GB, as_config=((1, 1), {})
cost[1, 2, 0]=2.359, max_n_succ_stage=-1, Mem: avail=13.664GB, peak=84.009GB, intermediate=0.250GB, init=4.502GB, as_config=((1, 1), {'force_batch_dim_to_mesh_dim': 0})
cost[0, 1, 1]=2.737, max_n_succ_stage=-1, Mem: avail=13.664GB, peak=91.412GB, intermediate=0.250GB, init=5.686GB, as_config=((1, 1), {})
cost[0, 1, 0]=2.737, max_n_succ_stage=-1, Mem: avail=13.664GB, peak=91.412GB, intermediate=0.250GB, init=5.686GB, as_config=((1, 1), {'force_batch_dim_to_mesh_dim': 0})
cost[3, 5, 0]=3.638, max_n_succ_stage=-1, Mem: avail=13.664GB, peak=97.464GB, intermediate=0.500GB, init=7.926GB, as_config=((1, 1), {'force_batch_dim_to_mesh_dim': 0})
cost[3, 5, 1]=3.638, max_n_succ_stage=-1, Mem: avail=13.664GB, peak=97.464GB, intermediate=0.500GB, init=7.926GB, as_config=((1, 1), {})
cost[2, 4, 0]=3.539, max_n_succ_stage=-1, Mem: avail=13.664GB, peak=93.654GB, intermediate=0.500GB, init=6.754GB, as_config=((1, 1), {'force_batch_dim_to_mesh_dim': 0})
cost[2, 4, 1]=3.539, max_n_succ_stage=-1, Mem: avail=13.664GB, peak=93.654GB, intermediate=0.500GB, init=6.754GB, as_config=((1, 1), {})
cost[1, 3, 1]=3.539, max_n_succ_stage=-1, Mem: avail=13.664GB, peak=93.153GB, intermediate=0.500GB, init=6.754GB, as_config=((1, 1), {})
cost[1, 3, 0]=3.539, max_n_succ_stage=-1, Mem: avail=13.664GB, peak=93.153GB, intermediate=0.500GB, init=6.754GB, as_config=((1, 1), {'force_batch_dim_to_mesh_dim': 0})
Profiling for submesh 0 (1, 1) takes 49.58 seconds
Profiled costs are: [[[1.55724763 1.55724763        inf        inf]
  [2.73698619 2.73698619        inf        inf]
  [       inf        inf        inf        inf]
  [       inf        inf        inf        inf]
  [       inf        inf        inf        inf]
  [       inf        inf        inf        inf]]

 [[       inf        inf        inf        inf]
  [1.17973855 1.17973855        inf        inf]
  [2.35947711 2.35947711        inf        inf]
  [3.53921566 3.53921566        inf        inf]
  [       inf        inf        inf        inf]
  [       inf        inf        inf        inf]]

 [[       inf        inf        inf        inf]
  [       inf        inf        inf        inf]
  [1.17973855 1.17973855        inf        inf]
  [2.35947711 2.35947711        inf        inf]
  [3.53921566 3.53921566        inf        inf]
  [       inf        inf        inf        inf]]

 [[       inf        inf        inf        inf]
  [       inf        inf        inf        inf]
  [       inf        inf        inf        inf]
  [1.17973855 1.17973855        inf        inf]
  [2.35947711 2.35947711        inf        inf]
  [3.63843264 3.63843264        inf        inf]]

 [[       inf        inf        inf        inf]
  [       inf        inf        inf        inf]
  [       inf        inf        inf        inf]
  [       inf        inf        inf        inf]
  [1.17973855 1.17973855        inf        inf]
  [2.45869409 2.45869409        inf        inf]]

 [[       inf        inf        inf        inf]
  [       inf        inf        inf        inf]
  [       inf        inf        inf        inf]
  [       inf        inf        inf        inf]
  [       inf        inf        inf        inf]
  [1.27895554 1.27895554        inf        inf]]]
Profiled max_n_succ_stages are: [[[-1 -1 -1 -1]
  [-1 -1 -1 -1]
  [-1 -1 -1 -1]
  [-1 -1 -1 -1]
  [-1 -1 -1 -1]
  [-1 -1 -1 -1]]

 [[-1 -1 -1 -1]
  [-1 -1 -1 -1]
  [-1 -1 -1 -1]
  [-1 -1 -1 -1]
  [-1 -1 -1 -1]
  [-1 -1 -1 -1]]

 [[-1 -1 -1 -1]
  [-1 -1 -1 -1]
  [-1 -1 -1 -1]
  [-1 -1 -1 -1]
  [-1 -1 -1 -1]
  [-1 -1 -1 -1]]

 [[-1 -1 -1 -1]
  [-1 -1 -1 -1]
  [-1 -1 -1 -1]
  [-1 -1 -1 -1]
  [-1 -1 -1 -1]
  [-1 -1 -1 -1]]

 [[-1 -1 -1 -1]
  [-1 -1 -1 -1]
  [-1 -1 -1 -1]
  [-1 -1 -1 -1]
  [-1 -1 -1 -1]
  [-1 -1 -1 -1]]

 [[-1 -1 -1 -1]
  [-1 -1 -1 -1]
  [-1 -1 -1 -1]
  [-1 -1 -1 -1]
  [-1 -1 -1 -1]
  [-1 -1 -1 -1]]]
--------------------------------------------------
Compute cost saved to: compute-cost-2026-05-15-08-15-32.npy
----------------------------------------------------------------------
Traceback (most recent call last):
  File "benchmark_3d_one_case.py", line 92, in <module>
    benchmark_one_case(args.model,
  File "benchmark_3d_one_case.py", line 37, in benchmark_one_case
    result = benchmark_gpt_bert_internal(model, case, niter, num_hosts,
  File "/home/liminglong.lml/sxz/SuperScaler/external/alpa/benchmark_3d_one_case_gpt_bert.py", line 290, in benchmark_gpt_bert_internal
    executable = train_step.get_executable(state, batch, rngkey)
  File "/usr/local/lib/python3.8/dist-packages/alpa/api.py", line 110, in get_executable
    executable, _, _, _ = self._decode_args_and_get_executable(*args)
  File "/usr/local/lib/python3.8/dist-packages/alpa/api.py", line 174, in _decode_args_and_get_executable
    executable = _compile_parallel_executable(f, in_tree, out_tree_hashable,
  File "/usr/local/lib/python3.8/dist-packages/jax/linear_util.py", line 272, in memoized_fun
    ans = call(fun, *args)
  File "/usr/local/lib/python3.8/dist-packages/alpa/api.py", line 201, in _compile_parallel_executable
    return method.compile_executable(fun, in_tree, out_tree_thunk,
  File "/usr/local/lib/python3.8/dist-packages/alpa/parallel_method.py", line 220, in compile_executable
    return compile_pipeshard_executable(
  File "/usr/local/lib/python3.8/dist-packages/alpa/pipeline_parallel/compile_executable.py", line 76, in compile_pipeshard_executable
    pipeshard_config = compile_pipeshard_executable_internal(
  File "/usr/local/lib/python3.8/dist-packages/alpa/pipeline_parallel/compile_executable.py", line 150, in compile_pipeshard_executable_internal
    manual_stage_option) = cluster_layers_and_slice_mesh(
  File "/usr/local/lib/python3.8/dist-packages/alpa/pipeline_parallel/stage_construction.py", line 618, in cluster_layers_and_slice_mesh
    assert solution is not None, "no solution in auto stage construction."
AssertionError: no solution in auto stage construction.
[DEBUG] latencies = [-1]
Type: gpt  Model Config: (1024, 2048, 2048, 24, 32)  #Microbatch: 32  #GPU: 4  Parallel Config: (True, True, 6, {'submesh_physical_shape_space': 'small_power_of_two', 'submesh_logical_shape_space': 'all', 'stage_imbalance_tolerance': 1.0, 'use_hlo_cost_model': True, 'profiling_database_filename': 'prof_database.pkl'})  Mean Time: -1.000s  Std Time: 0.000  #Params: -0.000B  TFLOPs: -1.00  TFLOPs (ckpt): -1.00  Peak Mem: -0.000G  Compilation Time: None  Global Batch Size: 1024  
Working on case: (1024, 2048, 2048, 24, 32, 51200, 64, 'search', (True, True, 6, {'submesh_physical_shape_space': 'small_power_of_two', 'submesh_logical_shape_space': 'all', 'stage_imbalance_tolerance': 1.0, 'use_hlo_cost_model': True, 'profiling_database_filename': 'prof_database.pkl'}))
rm -rf /tmp/tmp_transfer.pkl
python3 -u benchmark_3d_one_case.py --model gpt --niter 3 --case "(1024, 2048, 2048, 24, 32, 51200, 64, 'search', (True, True, 6, {'submesh_physical_shape_space': 'small_power_of_two', 'submesh_logical_shape_space': 'all', 'stage_imbalance_tolerance': 1.0, 'use_hlo_cost_model': True, 'profiling_database_filename': 'prof_database.pkl'}))" --num-hosts 1 --num-devices-per-host 4 --dump-result --disable-tqdm 
mkdir -p tmp
 - Prepare input: 1.61 s
 - Create train state: 1.08 s
-------------------- Automatic stage clustering --------------------
submesh_choices: ((1, 1), (1, 2), (1, 4))
- Profiling for submesh 2 (1, 4):
- Generate all stage infos (Jaxpr -> HLO)
- Compile all stages
- Profile all stages
cost[0, 5, 0]=1.004, max_n_succ_stage=-1, Mem: avail=13.664GB, peak=18.527GB, intermediate=0.000GB, init=3.966GB, as_config=((4, 1), {'force_batch_dim_to_mesh_dim': 0})
cost[0, 5, 3]=1.075, max_n_succ_stage=-1, Mem: avail=13.664GB, peak=20.143GB, intermediate=0.000GB, init=3.966GB, as_config=((4, 1), {})
cost[0, 5, 1]=3.632, max_n_succ_stage=-1, Mem: avail=13.664GB, peak=16.217GB, intermediate=0.000GB, init=3.967GB, as_config=((2, 2), {'force_batch_dim_to_mesh_dim': 0})
cost[0, 5, 2]=7.554, max_n_succ_stage=-1, Mem: avail=13.664GB, peak=15.766GB, intermediate=0.000GB, init=3.968GB, as_config=((1, 4), {'force_batch_dim_to_mesh_dim': 0})
Profiling for submesh 2 (1, 4) takes 94.36 seconds
Profiled costs are: [[[       inf        inf        inf        inf]
  [       inf        inf        inf        inf]
  [       inf        inf        inf        inf]
  [       inf        inf        inf        inf]
  [       inf        inf        inf        inf]
  [1.00377555 3.6324727  7.55389341 1.07496317]]

 [[       inf        inf        inf        inf]
  [       inf        inf        inf        inf]
  [       inf        inf        inf        inf]
  [       inf        inf        inf        inf]
  [       inf        inf        inf        inf]
  [       inf        inf        inf        inf]]

 [[       inf        inf        inf        inf]
  [       inf        inf        inf        inf]
  [       inf        inf        inf        inf]
  [       inf        inf        inf        inf]
  [       inf        inf        inf        inf]
  [       inf        inf        inf        inf]]

 [[       inf        inf        inf        inf]
  [       inf        inf        inf        inf]
  [       inf        inf        inf        inf]
  [       inf        inf        inf        inf]
  [       inf        inf        inf        inf]
  [       inf        inf        inf        inf]]

 [[       inf        inf        inf        inf]
  [       inf        inf        inf        inf]
  [       inf        inf        inf        inf]
  [       inf        inf        inf        inf]
  [       inf        inf        inf        inf]
  [       inf        inf        inf        inf]]

 [[       inf        inf        inf        inf]
  [       inf        inf        inf        inf]
  [       inf        inf        inf        inf]
  [       inf        inf        inf        inf]
  [       inf        inf        inf        inf]
  [       inf        inf        inf        inf]]]
Profiled max_n_succ_stages are: [[[-1 -1 -1 -1]
  [-1 -1 -1 -1]
  [-1 -1 -1 -1]
  [-1 -1 -1 -1]
  [-1 -1 -1 -1]
  [-1 -1 -1 -1]]

 [[-1 -1 -1 -1]
  [-1 -1 -1 -1]
  [-1 -1 -1 -1]
  [-1 -1 -1 -1]
  [-1 -1 -1 -1]
  [-1 -1 -1 -1]]

 [[-1 -1 -1 -1]
  [-1 -1 -1 -1]
  [-1 -1 -1 -1]
  [-1 -1 -1 -1]
  [-1 -1 -1 -1]
  [-1 -1 -1 -1]]

 [[-1 -1 -1 -1]
  [-1 -1 -1 -1]
  [-1 -1 -1 -1]
  [-1 -1 -1 -1]
  [-1 -1 -1 -1]
  [-1 -1 -1 -1]]

 [[-1 -1 -1 -1]
  [-1 -1 -1 -1]
  [-1 -1 -1 -1]
  [-1 -1 -1 -1]
  [-1 -1 -1 -1]
  [-1 -1 -1 -1]]

 [[-1 -1 -1 -1]
  [-1 -1 -1 -1]
  [-1 -1 -1 -1]
  [-1 -1 -1 -1]
  [-1 -1 -1 -1]
  [-1 -1 -1 -1]]]
--------------------------------------------------
- Profiling for submesh 1 (1, 2):
- Generate all stage infos (Jaxpr -> HLO)
- Compile all stages
- Profile all stages
cost[4, 5, 0]=0.636, max_n_succ_stage=-1, Mem: avail=13.664GB, peak=26.025GB, intermediate=0.062GB, init=2.837GB, as_config=((2, 1), {'force_batch_dim_to_mesh_dim': 0})
cost[0, 1, 0]=0.708, max_n_succ_stage=-1, Mem: avail=13.664GB, peak=24.845GB, intermediate=0.062GB, init=2.843GB, as_config=((2, 1), {'force_batch_dim_to_mesh_dim': 0})
cost[4, 5, 2]=0.683, max_n_succ_stage=-1, Mem: avail=13.664GB, peak=25.795GB, intermediate=0.062GB, init=2.837GB, as_config=((2, 1), {})
cost[4, 5, 1]=2.177, max_n_succ_stage=-1, Mem: avail=13.664GB, peak=25.795GB, intermediate=0.125GB, init=2.838GB, as_config=((1, 2), {'force_batch_dim_to_mesh_dim': 0})
cost[2, 3, 1]=2.418, max_n_succ_stage=-1, Mem: avail=13.664GB, peak=22.879GB, intermediate=0.125GB, init=2.252GB, as_config=((1, 2), {'force_batch_dim_to_mesh_dim': 0})
cost[0, 1, 1]=2.551, max_n_succ_stage=-1, Mem: avail=13.664GB, peak=24.941GB, intermediate=0.125GB, init=2.844GB, as_config=((1, 2), {'force_batch_dim_to_mesh_dim': 0})
cost[0, 1, 2]=0.745, max_n_succ_stage=-1, Mem: avail=13.664GB, peak=26.173GB, intermediate=0.062GB, init=2.843GB, as_config=((2, 1), {})
cost[2, 3, 0]=0.612, max_n_succ_stage=-1, Mem: avail=13.664GB, peak=22.753GB, intermediate=0.062GB, init=2.251GB, as_config=((2, 1), {'force_batch_dim_to_mesh_dim': 0})
cost[1, 2, 0]=0.612, max_n_succ_stage=-1, Mem: avail=13.664GB, peak=22.753GB, intermediate=0.062GB, init=2.251GB, as_config=((2, 1), {'force_batch_dim_to_mesh_dim': 0})
cost[3, 4, 1]=2.418, max_n_succ_stage=-1, Mem: avail=13.664GB, peak=23.003GB, intermediate=0.125GB, init=2.252GB, as_config=((1, 2), {'force_batch_dim_to_mesh_dim': 0})
cost[3, 4, 0]=0.612, max_n_succ_stage=-1, Mem: avail=13.664GB, peak=22.690GB, intermediate=0.062GB, init=2.251GB, as_config=((2, 1), {'force_batch_dim_to_mesh_dim': 0})
cost[1, 2, 1]=2.418, max_n_succ_stage=-1, Mem: avail=13.664GB, peak=22.879GB, intermediate=0.125GB, init=2.252GB, as_config=((1, 2), {'force_batch_dim_to_mesh_dim': 0})
cost[1, 2, 2]=0.612, max_n_succ_stage=-1, Mem: avail=13.664GB, peak=22.753GB, intermediate=0.062GB, init=2.251GB, as_config=((2, 1), {})
cost[3, 4, 2]=0.612, max_n_succ_stage=-1, Mem: avail=13.664GB, peak=22.690GB, intermediate=0.062GB, init=2.251GB, as_config=((2, 1), {})
cost[2, 3, 2]=0.612, max_n_succ_stage=-1, Mem: avail=13.664GB, peak=22.753GB, intermediate=0.062GB, init=2.251GB, as_config=((2, 1), {})
cost[0, 2, 0]=1.014, max_n_succ_stage=-1, Mem: avail=13.664GB, peak=25.970GB, intermediate=0.125GB, init=3.969GB, as_config=((2, 1), {'force_batch_dim_to_mesh_dim': 0})
cost[3, 5, 2]=0.989, max_n_succ_stage=-1, Mem: avail=13.664GB, peak=26.983GB, intermediate=0.125GB, init=3.963GB, as_config=((2, 1), {})
cost[3, 5, 1]=3.386, max_n_succ_stage=-1, Mem: avail=13.664GB, peak=26.608GB, intermediate=0.250GB, init=3.964GB, as_config=((1, 2), {'force_batch_dim_to_mesh_dim': 0})
cost[3, 5, 0]=0.942, max_n_succ_stage=-1, Mem: avail=13.664GB, peak=27.213GB, intermediate=0.125GB, init=3.963GB, as_config=((2, 1), {'force_batch_dim_to_mesh_dim': 0})
cost[0, 2, 2]=1.051, max_n_succ_stage=-1, Mem: avail=13.664GB, peak=27.299GB, intermediate=0.125GB, init=3.969GB, as_config=((2, 1), {})
cost[0, 2, 1]=3.760, max_n_succ_stage=-1, Mem: avail=13.664GB, peak=27.390GB, intermediate=0.250GB, init=3.969GB, as_config=((1, 2), {'force_batch_dim_to_mesh_dim': 0})
cost[1, 3, 1]=3.628, max_n_succ_stage=-1, Mem: avail=13.664GB, peak=25.705GB, intermediate=0.250GB, init=3.378GB, as_config=((1, 2), {'force_batch_dim_to_mesh_dim': 0})
cost[1, 3, 0]=0.918, max_n_succ_stage=-1, Mem: avail=13.664GB, peak=23.879GB, intermediate=0.125GB, init=3.377GB, as_config=((2, 1), {'force_batch_dim_to_mesh_dim': 0})
cost[2, 4, 1]=3.628, max_n_succ_stage=-1, Mem: avail=13.664GB, peak=25.950GB, intermediate=0.250GB, init=3.378GB, as_config=((1, 2), {'force_batch_dim_to_mesh_dim': 0})
cost[1, 3, 2]=0.918, max_n_succ_stage=-1, Mem: avail=13.664GB, peak=23.879GB, intermediate=0.125GB, init=3.377GB, as_config=((2, 1), {})
cost[2, 4, 0]=0.918, max_n_succ_stage=-1, Mem: avail=13.664GB, peak=23.878GB, intermediate=0.125GB, init=3.377GB, as_config=((2, 1), {'force_batch_dim_to_mesh_dim': 0})
cost[2, 4, 2]=0.918, max_n_succ_stage=-1, Mem: avail=13.664GB, peak=23.878GB, intermediate=0.125GB, init=3.377GB, as_config=((2, 1), {})
cost[0, 3, 0]=1.320, max_n_succ_stage=-1, Mem: avail=13.664GB, peak=27.096GB, intermediate=0.188GB, init=5.094GB, as_config=((2, 1), {'force_batch_dim_to_mesh_dim': 0})
cost[0, 3, 2]=1.357, max_n_succ_stage=-1, Mem: avail=13.664GB, peak=28.424GB, intermediate=0.188GB, init=5.094GB, as_config=((2, 1), {})
cost[2, 5, 1]=4.596, max_n_succ_stage=-1, Mem: avail=13.664GB, peak=27.297GB, intermediate=0.375GB, init=5.090GB, as_config=((1, 2), {'force_batch_dim_to_mesh_dim': 0})
cost[0, 3, 1]=4.969, max_n_succ_stage=-1, Mem: avail=13.664GB, peak=25.951GB, intermediate=0.375GB, init=5.095GB, as_config=((1, 2), {'force_batch_dim_to_mesh_dim': 0})
cost[2, 5, 0]=1.248, max_n_succ_stage=-1, Mem: avail=13.664GB, peak=28.401GB, intermediate=0.188GB, init=5.089GB, as_config=((2, 1), {'force_batch_dim_to_mesh_dim': 0})
cost[1, 4, 1]=4.837, max_n_succ_stage=-1, Mem: avail=13.664GB, peak=25.378GB, intermediate=0.375GB, init=4.504GB, as_config=((1, 2), {'force_batch_dim_to_mesh_dim': 0})
cost[2, 5, 2]=1.295, max_n_succ_stage=-1, Mem: avail=13.664GB, peak=28.171GB, intermediate=0.188GB, init=5.089GB, as_config=((2, 1), {})
cost[1, 4, 0]=1.224, max_n_succ_stage=-1, Mem: avail=13.664GB, peak=25.127GB, intermediate=0.188GB, init=4.502GB, as_config=((2, 1), {'force_batch_dim_to_mesh_dim': 0})
cost[1, 4, 2]=1.224, max_n_succ_stage=-1, Mem: avail=13.664GB, peak=25.127GB, intermediate=0.188GB, init=4.502GB, as_config=((2, 1), {})
cost[0, 4, 0]=1.626, max_n_succ_stage=-1, Mem: avail=13.664GB, peak=28.222GB, intermediate=0.250GB, init=6.220GB, as_config=((2, 1), {'force_batch_dim_to_mesh_dim': 0})
cost[1, 5, 1]=5.805, max_n_succ_stage=-1, Mem: avail=13.664GB, peak=27.987GB, intermediate=0.500GB, init=6.216GB, as_config=((1, 2), {'force_batch_dim_to_mesh_dim': 0})
cost[1, 5, 0]=1.554, max_n_succ_stage=-1, Mem: avail=13.664GB, peak=29.589GB, intermediate=0.250GB, init=6.214GB, as_config=((2, 1), {'force_batch_dim_to_mesh_dim': 0})
cost[1, 5, 2]=1.601, max_n_succ_stage=-1, Mem: avail=13.664GB, peak=29.359GB, intermediate=0.250GB, init=6.214GB, as_config=((2, 1), {})
cost[0, 4, 1]=6.178, max_n_succ_stage=-1, Mem: avail=13.664GB, peak=28.831GB, intermediate=0.500GB, init=6.221GB, as_config=((1, 2), {'force_batch_dim_to_mesh_dim': 0})
cost[0, 4, 2]=1.663, max_n_succ_stage=-1, Mem: avail=13.664GB, peak=29.550GB, intermediate=0.250GB, init=6.220GB, as_config=((2, 1), {})
cost[0, 5, 0]=1.955, max_n_succ_stage=-1, Mem: avail=13.664GB, peak=31.244GB, intermediate=0.312GB, init=7.932GB, as_config=((2, 1), {'force_batch_dim_to_mesh_dim': 0})
cost[0, 5, 2]=2.040, max_n_succ_stage=-1, Mem: avail=13.664GB, peak=30.844GB, intermediate=0.312GB, init=7.932GB, as_config=((2, 1), {})
cost[0, 5, 1]=7.146, max_n_succ_stage=-1, Mem: avail=13.664GB, peak=30.248GB, intermediate=0.625GB, init=7.933GB, as_config=((1, 2), {'force_batch_dim_to_mesh_dim': 0})
Profiling for submesh 1 (1, 2) takes 114.36 seconds
Profiled costs are: [[[       inf        inf        inf        inf]
  [0.7075336  2.5505415  0.74489999        inf]
  [1.01362748 3.75980693 1.05099363        inf]
  [1.3197214  4.96907235 1.35708755        inf]
  [1.62581532 6.17833777 1.66318147        inf]
  [1.95524841 7.1463203  2.04021372        inf]]

 [[       inf        inf        inf        inf]
  [       inf        inf        inf        inf]
  [0.61218758 2.41841482 0.61218758        inf]
  [0.9182812  3.62768024 0.9182812         inf]
  [1.22437512 4.83694566 1.22437512        inf]
  [1.55380822 5.80492819 1.60140737        inf]]

 [[       inf        inf        inf        inf]
  [       inf        inf        inf        inf]
  [       inf        inf        inf        inf]
  [0.61218756 2.41841482 0.61218756        inf]
  [0.91828119 3.62768024 0.91828119        inf]
  [1.24771428 4.59566277 1.29531343        inf]]

 [[       inf        inf        inf        inf]
  [       inf        inf        inf        inf]
  [       inf        inf        inf        inf]
  [       inf        inf        inf        inf]
  [0.61218754 2.41829879 0.61218754        inf]
  [0.94162035 3.38639735 0.9892195         inf]]

 [[       inf        inf        inf        inf]
  [       inf        inf        inf        inf]
  [       inf        inf        inf        inf]
  [       inf        inf        inf        inf]
  [       inf        inf        inf        inf]
  [0.63552649 2.17713193 0.68312587        inf]]

 [[       inf        inf        inf        inf]
  [       inf        inf        inf        inf]
  [       inf        inf        inf        inf]
  [       inf        inf        inf        inf]
  [       inf        inf        inf        inf]
  [       inf        inf        inf        inf]]]
Profiled max_n_succ_stages are: [[[-1 -1 -1 -1]
  [-1 -1 -1 -1]
  [-1 -1 -1 -1]
  [-1 -1 -1 -1]
  [-1 -1 -1 -1]
  [-1 -1 -1 -1]]

 [[-1 -1 -1 -1]
  [-1 -1 -1 -1]
  [-1 -1 -1 -1]
  [-1 -1 -1 -1]
  [-1 -1 -1 -1]
  [-1 -1 -1 -1]]

 [[-1 -1 -1 -1]
  [-1 -1 -1 -1]
  [-1 -1 -1 -1]
  [-1 -1 -1 -1]
  [-1 -1 -1 -1]
  [-1 -1 -1 -1]]

 [[-1 -1 -1 -1]
  [-1 -1 -1 -1]
  [-1 -1 -1 -1]
  [-1 -1 -1 -1]
  [-1 -1 -1 -1]
  [-1 -1 -1 -1]]

 [[-1 -1 -1 -1]
  [-1 -1 -1 -1]
  [-1 -1 -1 -1]
  [-1 -1 -1 -1]
  [-1 -1 -1 -1]
  [-1 -1 -1 -1]]

 [[-1 -1 -1 -1]
  [-1 -1 -1 -1]
  [-1 -1 -1 -1]
  [-1 -1 -1 -1]
  [-1 -1 -1 -1]
  [-1 -1 -1 -1]]]
--------------------------------------------------
- Profiling for submesh 0 (1, 1):
- Generate all stage infos (Jaxpr -> HLO)
- Compile all stages
- Profile all stages
cost[5, 5, 0]=0.639, max_n_succ_stage=-1, Mem: avail=13.664GB, peak=47.966GB, intermediate=0.000GB, init=3.424GB, as_config=((1, 1), {'force_batch_dim_to_mesh_dim': 0})
cost[0, 0, 1]=0.779, max_n_succ_stage=-1, Mem: avail=13.664GB, peak=45.469GB, intermediate=0.000GB, init=3.435GB, as_config=((1, 1), {})
cost[0, 0, 0]=0.779, max_n_succ_stage=-1, Mem: avail=13.664GB, peak=45.469GB, intermediate=0.000GB, init=3.435GB, as_config=((1, 1), {'force_batch_dim_to_mesh_dim': 0})
cost[5, 5, 1]=0.639, max_n_succ_stage=-1, Mem: avail=13.664GB, peak=47.966GB, intermediate=0.000GB, init=3.424GB, as_config=((1, 1), {})
cost[3, 3, 1]=0.590, max_n_succ_stage=-1, Mem: avail=13.664GB, peak=41.880GB, intermediate=0.000GB, init=2.251GB, as_config=((1, 1), {})
cost[3, 3, 0]=0.590, max_n_succ_stage=-1, Mem: avail=13.664GB, peak=41.880GB, intermediate=0.000GB, init=2.251GB, as_config=((1, 1), {'force_batch_dim_to_mesh_dim': 0})
cost[2, 2, 0]=0.590, max_n_succ_stage=-1, Mem: avail=13.664GB, peak=42.005GB, intermediate=0.000GB, init=2.251GB, as_config=((1, 1), {'force_batch_dim_to_mesh_dim': 0})
cost[2, 2, 1]=0.590, max_n_succ_stage=-1, Mem: avail=13.664GB, peak=42.005GB, intermediate=0.000GB, init=2.251GB, as_config=((1, 1), {})
cost[4, 4, 1]=0.590, max_n_succ_stage=-1, Mem: avail=13.664GB, peak=41.880GB, intermediate=0.000GB, init=2.251GB, as_config=((1, 1), {})
cost[1, 1, 0]=0.590, max_n_succ_stage=-1, Mem: avail=13.664GB, peak=42.130GB, intermediate=0.000GB, init=2.251GB, as_config=((1, 1), {'force_batch_dim_to_mesh_dim': 0})
cost[1, 1, 1]=0.590, max_n_succ_stage=-1, Mem: avail=13.664GB, peak=42.130GB, intermediate=0.000GB, init=2.251GB, as_config=((1, 1), {})
cost[4, 4, 0]=0.590, max_n_succ_stage=-1, Mem: avail=13.664GB, peak=41.880GB, intermediate=0.000GB, init=2.251GB, as_config=((1, 1), {'force_batch_dim_to_mesh_dim': 0})
cost[4, 5, 1]=1.229, max_n_succ_stage=-1, Mem: avail=13.664GB, peak=49.213GB, intermediate=0.125GB, init=5.675GB, as_config=((1, 1), {})
cost[0, 1, 0]=1.369, max_n_succ_stage=-1, Mem: avail=13.664GB, peak=47.003GB, intermediate=0.125GB, init=5.686GB, as_config=((1, 1), {'force_batch_dim_to_mesh_dim': 0})
cost[0, 1, 1]=1.369, max_n_succ_stage=-1, Mem: avail=13.664GB, peak=47.003GB, intermediate=0.125GB, init=5.686GB, as_config=((1, 1), {})
cost[4, 5, 0]=1.229, max_n_succ_stage=-1, Mem: avail=13.664GB, peak=49.213GB, intermediate=0.125GB, init=5.675GB, as_config=((1, 1), {'force_batch_dim_to_mesh_dim': 0})
cost[3, 4, 1]=1.180, max_n_succ_stage=-1, Mem: avail=13.664GB, peak=43.377GB, intermediate=0.125GB, init=4.502GB, as_config=((1, 1), {})
cost[3, 4, 0]=1.180, max_n_succ_stage=-1, Mem: avail=13.664GB, peak=43.377GB, intermediate=0.125GB, init=4.502GB, as_config=((1, 1), {'force_batch_dim_to_mesh_dim': 0})
cost[2, 3, 1]=1.180, max_n_succ_stage=-1, Mem: avail=13.664GB, peak=43.130GB, intermediate=0.125GB, init=4.502GB, as_config=((1, 1), {})
cost[2, 3, 0]=1.180, max_n_succ_stage=-1, Mem: avail=13.664GB, peak=43.130GB, intermediate=0.125GB, init=4.502GB, as_config=((1, 1), {'force_batch_dim_to_mesh_dim': 0})
cost[1, 2, 0]=1.180, max_n_succ_stage=-1, Mem: avail=13.664GB, peak=43.130GB, intermediate=0.125GB, init=4.502GB, as_config=((1, 1), {'force_batch_dim_to_mesh_dim': 0})
cost[1, 2, 1]=1.180, max_n_succ_stage=-1, Mem: avail=13.664GB, peak=43.130GB, intermediate=0.125GB, init=4.502GB, as_config=((1, 1), {})
cost[3, 5, 1]=1.819, max_n_succ_stage=-1, Mem: avail=13.664GB, peak=50.589GB, intermediate=0.250GB, init=7.926GB, as_config=((1, 1), {})
cost[3, 5, 0]=1.819, max_n_succ_stage=-1, Mem: avail=13.664GB, peak=50.589GB, intermediate=0.250GB, init=7.926GB, as_config=((1, 1), {'force_batch_dim_to_mesh_dim': 0})
cost[2, 4, 1]=1.770, max_n_succ_stage=-1, Mem: avail=13.664GB, peak=48.520GB, intermediate=0.250GB, init=6.754GB, as_config=((1, 1), {})
cost[2, 4, 0]=1.770, max_n_succ_stage=-1, Mem: avail=13.664GB, peak=48.520GB, intermediate=0.250GB, init=6.754GB, as_config=((1, 1), {'force_batch_dim_to_mesh_dim': 0})
cost[1, 3, 0]=1.770, max_n_succ_stage=-1, Mem: avail=13.664GB, peak=48.269GB, intermediate=0.250GB, init=6.754GB, as_config=((1, 1), {'force_batch_dim_to_mesh_dim': 0})
cost[1, 3, 1]=1.770, max_n_succ_stage=-1, Mem: avail=13.664GB, peak=48.269GB, intermediate=0.250GB, init=6.754GB, as_config=((1, 1), {})
Profiling for submesh 0 (1, 1) takes 49.39 seconds
Profiled costs are: [[[0.77868124 0.77868124        inf        inf]
  [1.36853662 1.36853662        inf        inf]
  [       inf        inf        inf        inf]
  [       inf        inf        inf        inf]
  [       inf        inf        inf        inf]
  [       inf        inf        inf        inf]]

 [[       inf        inf        inf        inf]
  [0.58985538 0.58985538        inf        inf]
  [1.17971076 1.17971076        inf        inf]
  [1.76956614 1.76956614        inf        inf]
  [       inf        inf        inf        inf]
  [       inf        inf        inf        inf]]

 [[       inf        inf        inf        inf]
  [       inf        inf        inf        inf]
  [0.58985538 0.58985538        inf        inf]
  [1.17971076 1.17971076        inf        inf]
  [1.76956614 1.76956614        inf        inf]
  [       inf        inf        inf        inf]]

 [[       inf        inf        inf        inf]
  [       inf        inf        inf        inf]
  [       inf        inf        inf        inf]
  [0.58985538 0.58985538        inf        inf]
  [1.17971076 1.17971076        inf        inf]
  [1.8191515  1.8191515         inf        inf]]

 [[       inf        inf        inf        inf]
  [       inf        inf        inf        inf]
  [       inf        inf        inf        inf]
  [       inf        inf        inf        inf]
  [0.58985538 0.58985538        inf        inf]
  [1.22929612 1.22929612        inf        inf]]

 [[       inf        inf        inf        inf]
  [       inf        inf        inf        inf]
  [       inf        inf        inf        inf]
  [       inf        inf        inf        inf]
  [       inf        inf        inf        inf]
  [0.63944074 0.63944074        inf        inf]]]
Profiled max_n_succ_stages are: [[[-1 -1 -1 -1]
  [-1 -1 -1 -1]
  [-1 -1 -1 -1]
  [-1 -1 -1 -1]
  [-1 -1 -1 -1]
  [-1 -1 -1 -1]]

 [[-1 -1 -1 -1]
  [-1 -1 -1 -1]
  [-1 -1 -1 -1]
  [-1 -1 -1 -1]
  [-1 -1 -1 -1]
  [-1 -1 -1 -1]]

 [[-1 -1 -1 -1]
  [-1 -1 -1 -1]
  [-1 -1 -1 -1]
  [-1 -1 -1 -1]
  [-1 -1 -1 -1]
  [-1 -1 -1 -1]]

 [[-1 -1 -1 -1]
  [-1 -1 -1 -1]
  [-1 -1 -1 -1]
  [-1 -1 -1 -1]
  [-1 -1 -1 -1]
  [-1 -1 -1 -1]]

 [[-1 -1 -1 -1]
  [-1 -1 -1 -1]
  [-1 -1 -1 -1]
  [-1 -1 -1 -1]
  [-1 -1 -1 -1]
  [-1 -1 -1 -1]]

 [[-1 -1 -1 -1]
  [-1 -1 -1 -1]
  [-1 -1 -1 -1]
  [-1 -1 -1 -1]
  [-1 -1 -1 -1]
  [-1 -1 -1 -1]]]
--------------------------------------------------
Compute cost saved to: compute-cost-2026-05-15-08-20-14.npy
----------------------------------------------------------------------
Traceback (most recent call last):
  File "benchmark_3d_one_case.py", line 92, in <module>
    benchmark_one_case(args.model,
  File "benchmark_3d_one_case.py", line 37, in benchmark_one_case
    result = benchmark_gpt_bert_internal(model, case, niter, num_hosts,
  File "/home/liminglong.lml/sxz/SuperScaler/external/alpa/benchmark_3d_one_case_gpt_bert.py", line 290, in benchmark_gpt_bert_internal
    executable = train_step.get_executable(state, batch, rngkey)
  File "/usr/local/lib/python3.8/dist-packages/alpa/api.py", line 110, in get_executable
    executable, _, _, _ = self._decode_args_and_get_executable(*args)
  File "/usr/local/lib/python3.8/dist-packages/alpa/api.py", line 174, in _decode_args_and_get_executable
    executable = _compile_parallel_executable(f, in_tree, out_tree_hashable,
  File "/usr/local/lib/python3.8/dist-packages/jax/linear_util.py", line 272, in memoized_fun
    ans = call(fun, *args)
  File "/usr/local/lib/python3.8/dist-packages/alpa/api.py", line 201, in _compile_parallel_executable
    return method.compile_executable(fun, in_tree, out_tree_thunk,
  File "/usr/local/lib/python3.8/dist-packages/alpa/parallel_method.py", line 220, in compile_executable
    return compile_pipeshard_executable(
  File "/usr/local/lib/python3.8/dist-packages/alpa/pipeline_parallel/compile_executable.py", line 76, in compile_pipeshard_executable
    pipeshard_config = compile_pipeshard_executable_internal(
  File "/usr/local/lib/python3.8/dist-packages/alpa/pipeline_parallel/compile_executable.py", line 150, in compile_pipeshard_executable_internal
    manual_stage_option) = cluster_layers_and_slice_mesh(
  File "/usr/local/lib/python3.8/dist-packages/alpa/pipeline_parallel/stage_construction.py", line 618, in cluster_layers_and_slice_mesh
    assert solution is not None, "no solution in auto stage construction."
AssertionError: no solution in auto stage construction.
[DEBUG] latencies = [-1]
Type: gpt  Model Config: (1024, 2048, 2048, 24, 32)  #Microbatch: 64  #GPU: 4  Parallel Config: (True, True, 6, {'submesh_physical_shape_space': 'small_power_of_two', 'submesh_logical_shape_space': 'all', 'stage_imbalance_tolerance': 1.0, 'use_hlo_cost_model': True, 'profiling_database_filename': 'prof_database.pkl'})  Mean Time: -1.000s  Std Time: 0.000  #Params: -0.000B  TFLOPs: -1.00  TFLOPs (ckpt): -1.00  Peak Mem: -0.000G  Compilation Time: None  Global Batch Size: 1024  
Working on case: (1024, 2048, 2048, 24, 32, 51200, 128, 'search', (True, True, 6, {'submesh_physical_shape_space': 'small_power_of_two', 'submesh_logical_shape_space': 'all', 'stage_imbalance_tolerance': 1.0, 'use_hlo_cost_model': True, 'profiling_database_filename': 'prof_database.pkl'}))
rm -rf /tmp/tmp_transfer.pkl
python3 -u benchmark_3d_one_case.py --model gpt --niter 3 --case "(1024, 2048, 2048, 24, 32, 51200, 128, 'search', (True, True, 6, {'submesh_physical_shape_space': 'small_power_of_two', 'submesh_logical_shape_space': 'all', 'stage_imbalance_tolerance': 1.0, 'use_hlo_cost_model': True, 'profiling_database_filename': 'prof_database.pkl'}))" --num-hosts 1 --num-devices-per-host 4 --dump-result --disable-tqdm 
mkdir -p tmp
 - Prepare input: 1.47 s
 - Create train state: 1.15 s
-------------------- Automatic stage clustering --------------------
submesh_choices: ((1, 1), (1, 2), (1, 4))
- Profiling for submesh 2 (1, 4):
- Generate all stage infos (Jaxpr -> HLO)
- Compile all stages
- Profile all stages
cost[0, 5, 3]=0.581, max_n_succ_stage=-1, Mem: avail=13.664GB, peak=13.565GB, intermediate=0.000GB, init=3.966GB, as_config=((4, 1), {})
cost[0, 5, 0]=0.540, max_n_succ_stage=-1, Mem: avail=13.664GB, peak=13.199GB, intermediate=0.000GB, init=3.966GB, as_config=((4, 1), {'force_batch_dim_to_mesh_dim': 0})
cost[0, 5, 2]=3.810, max_n_succ_stage=4096, Mem: avail=13.664GB, peak=8.875GB, intermediate=0.000GB, init=3.968GB, as_config=((1, 4), {'force_batch_dim_to_mesh_dim': 0})
cost[0, 5, 1]=1.856, max_n_succ_stage=-1, Mem: avail=13.664GB, peak=9.811GB, intermediate=0.000GB, init=3.967GB, as_config=((2, 2), {'force_batch_dim_to_mesh_dim': 0})
Profiling for submesh 2 (1, 4) takes 174.17 seconds
Profiled costs are: [[[       inf        inf        inf        inf]
  [       inf        inf        inf        inf]
  [       inf        inf        inf        inf]
  [       inf        inf        inf        inf]
  [       inf        inf        inf        inf]
  [0.54010442 1.85566249 3.81023003 0.58095586]]

 [[       inf        inf        inf        inf]
  [       inf        inf        inf        inf]
  [       inf        inf        inf        inf]
  [       inf        inf        inf        inf]
  [       inf        inf        inf        inf]
  [       inf        inf        inf        inf]]

 [[       inf        inf        inf        inf]
  [       inf        inf        inf        inf]
  [       inf        inf        inf        inf]
  [       inf        inf        inf        inf]
  [       inf        inf        inf        inf]
  [       inf        inf        inf        inf]]

 [[       inf        inf        inf        inf]
  [       inf        inf        inf        inf]
  [       inf        inf        inf        inf]
  [       inf        inf        inf        inf]
  [       inf        inf        inf        inf]
  [       inf        inf        inf        inf]]

 [[       inf        inf        inf        inf]
  [       inf        inf        inf        inf]
  [       inf        inf        inf        inf]
  [       inf        inf        inf        inf]
  [       inf        inf        inf        inf]
  [       inf        inf        inf        inf]]

 [[       inf        inf        inf        inf]
  [       inf        inf        inf        inf]
  [       inf        inf        inf        inf]
  [       inf        inf        inf        inf]
  [       inf        inf        inf        inf]
  [       inf        inf        inf        inf]]]
Profiled max_n_succ_stages are: [[[  -1   -1   -1   -1]
  [  -1   -1   -1   -1]
  [  -1   -1   -1   -1]
  [  -1   -1   -1   -1]
  [  -1   -1   -1   -1]
  [  -1   -1 4096   -1]]

 [[  -1   -1   -1   -1]
  [  -1   -1   -1   -1]
  [  -1   -1   -1   -1]
  [  -1   -1   -1   -1]
  [  -1   -1   -1   -1]
  [  -1   -1   -1   -1]]

 [[  -1   -1   -1   -1]
  [  -1   -1   -1   -1]
  [  -1   -1   -1   -1]
  [  -1   -1   -1   -1]
  [  -1   -1   -1   -1]
  [  -1   -1   -1   -1]]

 [[  -1   -1   -1   -1]
  [  -1   -1   -1   -1]
  [  -1   -1   -1   -1]
  [  -1   -1   -1   -1]
  [  -1   -1   -1   -1]
  [  -1   -1   -1   -1]]

 [[  -1   -1   -1   -1]
  [  -1   -1   -1   -1]
  [  -1   -1   -1   -1]
  [  -1   -1   -1   -1]
  [  -1   -1   -1   -1]
  [  -1   -1   -1   -1]]

 [[  -1   -1   -1   -1]
  [  -1   -1   -1   -1]
  [  -1   -1   -1   -1]
  [  -1   -1   -1   -1]
  [  -1   -1   -1   -1]
  [  -1   -1   -1   -1]]]
--------------------------------------------------
- Profiling for submesh 1 (1, 2):
- Generate all stage infos (Jaxpr -> HLO)
- Compile all stages
- Profile all stages
cost[4, 5, 2]=0.347, max_n_succ_stage=-1, Mem: avail=13.664GB, peak=13.701GB, intermediate=0.031GB, init=2.837GB, as_config=((2, 1), {})
cost[4, 5, 0]=0.323, max_n_succ_stage=-1, Mem: avail=13.664GB, peak=13.838GB, intermediate=0.031GB, init=2.837GB, as_config=((2, 1), {'force_batch_dim_to_mesh_dim': 0})
cost[0, 1, 2]=0.387, max_n_succ_stage=-1, Mem: avail=13.664GB, peak=14.126GB, intermediate=0.031GB, init=2.843GB, as_config=((2, 1), {})
cost[4, 5, 1]=1.095, max_n_succ_stage=-1, Mem: avail=13.664GB, peak=13.544GB, intermediate=0.062GB, init=2.838GB, as_config=((1, 2), {'force_batch_dim_to_mesh_dim': 0})
cost[0, 1, 0]=0.360, max_n_succ_stage=-1, Mem: avail=13.664GB, peak=13.501GB, intermediate=0.031GB, init=2.843GB, as_config=((2, 1), {'force_batch_dim_to_mesh_dim': 0})
cost[0, 1, 1]=1.282, max_n_succ_stage=-1, Mem: avail=13.664GB, peak=13.143GB, intermediate=0.062GB, init=2.844GB, as_config=((1, 2), {'force_batch_dim_to_mesh_dim': 0})
cost[2, 3, 0]=0.312, max_n_succ_stage=-1, Mem: avail=13.664GB, peak=12.253GB, intermediate=0.031GB, init=2.251GB, as_config=((2, 1), {'force_batch_dim_to_mesh_dim': 0})
cost[3, 4, 0]=0.312, max_n_succ_stage=-1, Mem: avail=13.664GB, peak=12.221GB, intermediate=0.031GB, init=2.251GB, as_config=((2, 1), {'force_batch_dim_to_mesh_dim': 0})
cost[3, 4, 2]=0.312, max_n_succ_stage=-1, Mem: avail=13.664GB, peak=12.221GB, intermediate=0.031GB, init=2.251GB, as_config=((2, 1), {})
cost[1, 2, 0]=0.312, max_n_succ_stage=-1, Mem: avail=13.664GB, peak=12.253GB, intermediate=0.031GB, init=2.251GB, as_config=((2, 1), {'force_batch_dim_to_mesh_dim': 0})
cost[2, 3, 1]=1.216, max_n_succ_stage=-1, Mem: avail=13.664GB, peak=12.002GB, intermediate=0.062GB, init=2.252GB, as_config=((1, 2), {'force_batch_dim_to_mesh_dim': 0})
cost[1, 2, 2]=0.312, max_n_succ_stage=-1, Mem: avail=13.664GB, peak=12.253GB, intermediate=0.031GB, init=2.251GB, as_config=((2, 1), {})
cost[2, 3, 2]=0.312, max_n_succ_stage=-1, Mem: avail=13.664GB, peak=12.253GB, intermediate=0.031GB, init=2.251GB, as_config=((2, 1), {})
cost[3, 4, 1]=1.216, max_n_succ_stage=-1, Mem: avail=13.664GB, peak=12.065GB, intermediate=0.062GB, init=2.252GB, as_config=((1, 2), {'force_batch_dim_to_mesh_dim': 0})
cost[1, 2, 1]=1.216, max_n_succ_stage=-1, Mem: avail=13.664GB, peak=12.003GB, intermediate=0.062GB, init=2.252GB, as_config=((1, 2), {'force_batch_dim_to_mesh_dim': 0})
cost[3, 5, 0]=0.479, max_n_succ_stage=-1, Mem: avail=13.664GB, peak=14.745GB, intermediate=0.062GB, init=3.963GB, as_config=((2, 1), {'force_batch_dim_to_mesh_dim': 0})
cost[3, 5, 2]=0.503, max_n_succ_stage=-1, Mem: avail=13.664GB, peak=14.608GB, intermediate=0.062GB, init=3.963GB, as_config=((2, 1), {})
cost[0, 2, 2]=0.543, max_n_succ_stage=-1, Mem: avail=13.664GB, peak=15.252GB, intermediate=0.062GB, init=3.969GB, as_config=((2, 1), {})
cost[0, 2, 0]=0.516, max_n_succ_stage=-1, Mem: avail=13.664GB, peak=14.626GB, intermediate=0.062GB, init=3.969GB, as_config=((2, 1), {'force_batch_dim_to_mesh_dim': 0})
cost[3, 5, 1]=1.703, max_n_succ_stage=-1, Mem: avail=13.664GB, peak=14.232GB, intermediate=0.125GB, init=3.964GB, as_config=((1, 2), {'force_batch_dim_to_mesh_dim': 0})
cost[1, 3, 2]=0.468, max_n_succ_stage=-1, Mem: avail=13.664GB, peak=13.378GB, intermediate=0.062GB, init=3.377GB, as_config=((2, 1), {})
cost[0, 2, 1]=1.891, max_n_succ_stage=-1, Mem: avail=13.664GB, peak=14.620GB, intermediate=0.125GB, init=3.969GB, as_config=((1, 2), {'force_batch_dim_to_mesh_dim': 0})
cost[2, 4, 0]=0.468, max_n_succ_stage=-1, Mem: avail=13.664GB, peak=13.378GB, intermediate=0.062GB, init=3.377GB, as_config=((2, 1), {'force_batch_dim_to_mesh_dim': 0})
cost[1, 3, 0]=0.468, max_n_succ_stage=-1, Mem: avail=13.664GB, peak=13.378GB, intermediate=0.062GB, init=3.377GB, as_config=((2, 1), {'force_batch_dim_to_mesh_dim': 0})
cost[2, 4, 2]=0.468, max_n_succ_stage=-1, Mem: avail=13.664GB, peak=13.378GB, intermediate=0.062GB, init=3.377GB, as_config=((2, 1), {})
cost[1, 3, 1]=1.824, max_n_succ_stage=-1, Mem: avail=13.664GB, peak=13.700GB, intermediate=0.125GB, init=3.378GB, as_config=((1, 2), {'force_batch_dim_to_mesh_dim': 0})
cost[2, 4, 1]=1.824, max_n_succ_stage=-1, Mem: avail=13.664GB, peak=13.821GB, intermediate=0.125GB, init=3.378GB, as_config=((1, 2), {'force_batch_dim_to_mesh_dim': 0})
cost[2, 5, 2]=0.659, max_n_succ_stage=-1, Mem: avail=13.664GB, peak=15.514GB, intermediate=0.094GB, init=5.089GB, as_config=((2, 1), {})
cost[0, 3, 2]=0.699, max_n_succ_stage=-1, Mem: avail=13.664GB, peak=16.378GB, intermediate=0.094GB, init=5.094GB, as_config=((2, 1), {})
cost[0, 3, 0]=0.671, max_n_succ_stage=-1, Mem: avail=13.664GB, peak=15.752GB, intermediate=0.094GB, init=5.094GB, as_config=((2, 1), {'force_batch_dim_to_mesh_dim': 0})
cost[2, 5, 0]=0.635, max_n_succ_stage=-1, Mem: avail=13.664GB, peak=15.651GB, intermediate=0.094GB, init=5.089GB, as_config=((2, 1), {'force_batch_dim_to_mesh_dim': 0})
cost[1, 4, 2]=0.624, max_n_succ_stage=-1, Mem: avail=13.664GB, peak=14.504GB, intermediate=0.094GB, init=4.502GB, as_config=((2, 1), {})
cost[1, 4, 0]=0.624, max_n_succ_stage=-1, Mem: avail=13.664GB, peak=14.504GB, intermediate=0.094GB, init=4.502GB, as_config=((2, 1), {'force_batch_dim_to_mesh_dim': 0})
cost[0, 3, 1]=2.499, max_n_succ_stage=-1, Mem: avail=13.664GB, peak=14.213GB, intermediate=0.188GB, init=5.095GB, as_config=((1, 2), {'force_batch_dim_to_mesh_dim': 0})
cost[2, 5, 1]=2.311, max_n_succ_stage=-1, Mem: avail=13.664GB, peak=14.859GB, intermediate=0.188GB, init=5.090GB, as_config=((1, 2), {'force_batch_dim_to_mesh_dim': 0})
cost[1, 4, 1]=2.433, max_n_succ_stage=-1, Mem: avail=13.664GB, peak=13.815GB, intermediate=0.188GB, init=4.504GB, as_config=((1, 2), {'force_batch_dim_to_mesh_dim': 0})
cost[1, 5, 2]=0.814, max_n_succ_stage=-1, Mem: avail=13.664GB, peak=16.609GB, intermediate=0.125GB, init=6.214GB, as_config=((2, 1), {})
cost[0, 4, 2]=0.855, max_n_succ_stage=-1, Mem: avail=13.664GB, peak=17.504GB, intermediate=0.125GB, init=6.220GB, as_config=((2, 1), {})
cost[0, 4, 0]=0.827, max_n_succ_stage=-1, Mem: avail=13.664GB, peak=16.878GB, intermediate=0.125GB, init=6.220GB, as_config=((2, 1), {'force_batch_dim_to_mesh_dim': 0})
cost[1, 5, 0]=0.791, max_n_succ_stage=-1, Mem: avail=13.664GB, peak=16.714GB, intermediate=0.125GB, init=6.214GB, as_config=((2, 1), {'force_batch_dim_to_mesh_dim': 0})
cost[1, 5, 1]=2.919, max_n_succ_stage=-1, Mem: avail=13.664GB, peak=15.485GB, intermediate=0.250GB, init=6.216GB, as_config=((1, 2), {'force_batch_dim_to_mesh_dim': 0})
cost[0, 4, 1]=3.107, max_n_succ_stage=-1, Mem: avail=13.664GB, peak=15.904GB, intermediate=0.250GB, init=6.221GB, as_config=((1, 2), {'force_batch_dim_to_mesh_dim': 0})
cost[0, 5, 0]=0.994, max_n_succ_stage=-1, Mem: avail=13.664GB, peak=18.527GB, intermediate=0.156GB, init=7.932GB, as_config=((2, 1), {'force_batch_dim_to_mesh_dim': 0})
cost[0, 5, 2]=1.045, max_n_succ_stage=-1, Mem: avail=13.664GB, peak=18.860GB, intermediate=0.156GB, init=7.932GB, as_config=((2, 1), {})
cost[0, 5, 1]=3.594, max_n_succ_stage=-1, Mem: avail=13.664GB, peak=17.070GB, intermediate=0.312GB, init=7.933GB, as_config=((1, 2), {'force_batch_dim_to_mesh_dim': 0})
Profiling for submesh 1 (1, 2) takes 113.83 seconds
Profiled costs are: [[[       inf        inf        inf        inf]
  [0.35957196 1.28242373 0.38677318        inf]
  [0.51550406 1.89060022 0.54270516        inf]
  [0.67143618 2.49877672 0.69863728        inf]
  [0.8273683  3.10695321 0.85456941        inf]
  [0.99422636 3.59356475 1.045337          inf]]

 [[       inf        inf        inf        inf]
  [       inf        inf        inf        inf]
  [0.31186412 1.21629811 0.31186412        inf]
  [0.46779609 1.8244746  0.46779609        inf]
  [0.62372821 2.4326511  0.62372821        inf]
  [0.79058626 2.91926263 0.8144958         inf]]

 [[       inf        inf        inf        inf]
  [       inf        inf        inf        inf]
  [       inf        inf        inf        inf]
  [0.31186411 1.21629811 0.31186411        inf]
  [0.46779608 1.8244746  0.46779608        inf]
  [0.63465413 2.31108613 0.65856367        inf]]

 [[       inf        inf        inf        inf]
  [       inf        inf        inf        inf]
  [       inf        inf        inf        inf]
  [       inf        inf        inf        inf]
  [0.3118641  1.21624322 0.3118641         inf]
  [0.478722   1.70290964 0.50263154        inf]]

 [[       inf        inf        inf        inf]
  [       inf        inf        inf        inf]
  [       inf        inf        inf        inf]
  [       inf        inf        inf        inf]
  [       inf        inf        inf        inf]
  [0.32278991 1.09473314 0.34669957        inf]]

 [[       inf        inf        inf        inf]
  [       inf        inf        inf        inf]
  [       inf        inf        inf        inf]
  [       inf        inf        inf        inf]
  [       inf        inf        inf        inf]
  [       inf        inf        inf        inf]]]
Profiled max_n_succ_stages are: [[[-1 -1 -1 -1]
  [-1 -1 -1 -1]
  [-1 -1 -1 -1]
  [-1 -1 -1 -1]
  [-1 -1 -1 -1]
  [-1 -1 -1 -1]]

 [[-1 -1 -1 -1]
  [-1 -1 -1 -1]
  [-1 -1 -1 -1]
  [-1 -1 -1 -1]
  [-1 -1 -1 -1]
  [-1 -1 -1 -1]]

 [[-1 -1 -1 -1]
  [-1 -1 -1 -1]
  [-1 -1 -1 -1]
  [-1 -1 -1 -1]
  [-1 -1 -1 -1]
  [-1 -1 -1 -1]]

 [[-1 -1 -1 -1]
  [-1 -1 -1 -1]
  [-1 -1 -1 -1]
  [-1 -1 -1 -1]
  [-1 -1 -1 -1]
  [-1 -1 -1 -1]]

 [[-1 -1 -1 -1]
  [-1 -1 -1 -1]
  [-1 -1 -1 -1]
  [-1 -1 -1 -1]
  [-1 -1 -1 -1]
  [-1 -1 -1 -1]]

 [[-1 -1 -1 -1]
  [-1 -1 -1 -1]
  [-1 -1 -1 -1]
  [-1 -1 -1 -1]
  [-1 -1 -1 -1]
  [-1 -1 -1 -1]]]
--------------------------------------------------
- Profiling for submesh 0 (1, 1):
- Generate all stage infos (Jaxpr -> HLO)
- Compile all stages
- Profile all stages
cost[5, 5, 0]=0.327, max_n_succ_stage=-1, Mem: avail=13.664GB, peak=24.839GB, intermediate=0.000GB, init=3.424GB, as_config=((1, 1), {'force_batch_dim_to_mesh_dim': 0})
cost[5, 5, 1]=0.327, max_n_succ_stage=-1, Mem: avail=13.664GB, peak=24.839GB, intermediate=0.000GB, init=3.424GB, as_config=((1, 1), {})
cost[3, 3, 0]=0.304, max_n_succ_stage=-1, Mem: avail=13.664GB, peak=21.503GB, intermediate=0.000GB, init=2.251GB, as_config=((1, 1), {'force_batch_dim_to_mesh_dim': 0})
cost[0, 0, 1]=0.399, max_n_succ_stage=-1, Mem: avail=13.664GB, peak=23.593GB, intermediate=0.000GB, init=3.435GB, as_config=((1, 1), {})
cost[0, 0, 0]=0.399, max_n_succ_stage=-1, Mem: avail=13.664GB, peak=23.593GB, intermediate=0.000GB, init=3.435GB, as_config=((1, 1), {'force_batch_dim_to_mesh_dim': 0})
cost[3, 3, 1]=0.304, max_n_succ_stage=-1, Mem: avail=13.664GB, peak=21.503GB, intermediate=0.000GB, init=2.251GB, as_config=((1, 1), {})
cost[2, 2, 0]=0.304, max_n_succ_stage=-1, Mem: avail=13.664GB, peak=21.566GB, intermediate=0.000GB, init=2.251GB, as_config=((1, 1), {'force_batch_dim_to_mesh_dim': 0})
cost[2, 2, 1]=0.304, max_n_succ_stage=-1, Mem: avail=13.664GB, peak=21.566GB, intermediate=0.000GB, init=2.251GB, as_config=((1, 1), {})
cost[1, 1, 0]=0.304, max_n_succ_stage=-1, Mem: avail=13.664GB, peak=21.628GB, intermediate=0.000GB, init=2.251GB, as_config=((1, 1), {'force_batch_dim_to_mesh_dim': 0})
cost[1, 1, 1]=0.304, max_n_succ_stage=-1, Mem: avail=13.664GB, peak=21.628GB, intermediate=0.000GB, init=2.251GB, as_config=((1, 1), {})
cost[4, 4, 0]=0.304, max_n_succ_stage=-1, Mem: avail=13.664GB, peak=21.503GB, intermediate=0.000GB, init=2.251GB, as_config=((1, 1), {'force_batch_dim_to_mesh_dim': 0})
cost[4, 4, 1]=0.304, max_n_succ_stage=-1, Mem: avail=13.664GB, peak=21.503GB, intermediate=0.000GB, init=2.251GB, as_config=((1, 1), {})
cost[4, 5, 0]=0.631, max_n_succ_stage=-1, Mem: avail=13.664GB, peak=26.025GB, intermediate=0.062GB, init=5.675GB, as_config=((1, 1), {'force_batch_dim_to_mesh_dim': 0})
cost[4, 5, 1]=0.631, max_n_succ_stage=-1, Mem: avail=13.664GB, peak=26.025GB, intermediate=0.062GB, init=5.675GB, as_config=((1, 1), {})
cost[3, 4, 0]=0.609, max_n_succ_stage=-1, Mem: avail=13.664GB, peak=22.814GB, intermediate=0.062GB, init=4.502GB, as_config=((1, 1), {'force_batch_dim_to_mesh_dim': 0})
cost[2, 3, 0]=0.609, max_n_succ_stage=-1, Mem: avail=13.664GB, peak=22.691GB, intermediate=0.062GB, init=4.502GB, as_config=((1, 1), {'force_batch_dim_to_mesh_dim': 0})
cost[3, 4, 1]=0.609, max_n_succ_stage=-1, Mem: avail=13.664GB, peak=22.814GB, intermediate=0.062GB, init=4.502GB, as_config=((1, 1), {})
cost[2, 3, 1]=0.609, max_n_succ_stage=-1, Mem: avail=13.664GB, peak=22.691GB, intermediate=0.062GB, init=4.502GB, as_config=((1, 1), {})
cost[0, 1, 1]=0.703, max_n_succ_stage=-1, Mem: avail=13.664GB, peak=24.909GB, intermediate=0.062GB, init=5.686GB, as_config=((1, 1), {})
cost[0, 1, 0]=0.703, max_n_succ_stage=-1, Mem: avail=13.664GB, peak=24.909GB, intermediate=0.062GB, init=5.686GB, as_config=((1, 1), {'force_batch_dim_to_mesh_dim': 0})
cost[1, 2, 1]=0.609, max_n_succ_stage=-1, Mem: avail=13.664GB, peak=22.691GB, intermediate=0.062GB, init=4.502GB, as_config=((1, 1), {})
cost[1, 2, 0]=0.609, max_n_succ_stage=-1, Mem: avail=13.664GB, peak=22.691GB, intermediate=0.062GB, init=4.502GB, as_config=((1, 1), {'force_batch_dim_to_mesh_dim': 0})
cost[3, 5, 0]=0.935, max_n_succ_stage=-1, Mem: avail=13.664GB, peak=27.276GB, intermediate=0.125GB, init=7.926GB, as_config=((1, 1), {'force_batch_dim_to_mesh_dim': 0})
cost[3, 5, 1]=0.935, max_n_succ_stage=-1, Mem: avail=13.664GB, peak=27.276GB, intermediate=0.125GB, init=7.926GB, as_config=((1, 1), {})
cost[2, 4, 0]=0.913, max_n_succ_stage=-1, Mem: avail=13.664GB, peak=25.951GB, intermediate=0.125GB, init=6.754GB, as_config=((1, 1), {'force_batch_dim_to_mesh_dim': 0})
cost[2, 4, 1]=0.913, max_n_succ_stage=-1, Mem: avail=13.664GB, peak=25.951GB, intermediate=0.125GB, init=6.754GB, as_config=((1, 1), {})
cost[1, 3, 0]=0.913, max_n_succ_stage=-1, Mem: avail=13.664GB, peak=25.826GB, intermediate=0.125GB, init=6.754GB, as_config=((1, 1), {'force_batch_dim_to_mesh_dim': 0})
cost[1, 3, 1]=0.913, max_n_succ_stage=-1, Mem: avail=13.664GB, peak=25.826GB, intermediate=0.125GB, init=6.754GB, as_config=((1, 1), {})
Profiling for submesh 0 (1, 1) takes 50.12 seconds
Profiled costs are: [[[0.39875572 0.39875572        inf        inf]
  [0.70309021 0.70309021        inf        inf]
  [       inf        inf        inf        inf]
  [       inf        inf        inf        inf]
  [       inf        inf        inf        inf]
  [       inf        inf        inf        inf]]

 [[       inf        inf        inf        inf]
  [0.30433449 0.30433449        inf        inf]
  [0.60866898 0.60866898        inf        inf]
  [0.91300347 0.91300347        inf        inf]
  [       inf        inf        inf        inf]
  [       inf        inf        inf        inf]]

 [[       inf        inf        inf        inf]
  [       inf        inf        inf        inf]
  [0.30433449 0.30433449        inf        inf]
  [0.60866898 0.60866898        inf        inf]
  [0.91300347 0.91300347        inf        inf]
  [       inf        inf        inf        inf]]

 [[       inf        inf        inf        inf]
  [       inf        inf        inf        inf]
  [       inf        inf        inf        inf]
  [0.30433449 0.30433449        inf        inf]
  [0.60866898 0.60866898        inf        inf]
  [0.93541785 0.93541785        inf        inf]]

 [[       inf        inf        inf        inf]
  [       inf        inf        inf        inf]
  [       inf        inf        inf        inf]
  [       inf        inf        inf        inf]
  [0.30433449 0.30433449        inf        inf]
  [0.63108336 0.63108336        inf        inf]]

 [[       inf        inf        inf        inf]
  [       inf        inf        inf        inf]
  [       inf        inf        inf        inf]
  [       inf        inf        inf        inf]
  [       inf        inf        inf        inf]
  [0.32674887 0.32674887        inf        inf]]]
Profiled max_n_succ_stages are: [[[-1 -1 -1 -1]
  [-1 -1 -1 -1]
  [-1 -1 -1 -1]
  [-1 -1 -1 -1]
  [-1 -1 -1 -1]
  [-1 -1 -1 -1]]

 [[-1 -1 -1 -1]
  [-1 -1 -1 -1]
  [-1 -1 -1 -1]
  [-1 -1 -1 -1]
  [-1 -1 -1 -1]
  [-1 -1 -1 -1]]

 [[-1 -1 -1 -1]
  [-1 -1 -1 -1]
  [-1 -1 -1 -1]
  [-1 -1 -1 -1]
  [-1 -1 -1 -1]
  [-1 -1 -1 -1]]

 [[-1 -1 -1 -1]
  [-1 -1 -1 -1]
  [-1 -1 -1 -1]
  [-1 -1 -1 -1]
  [-1 -1 -1 -1]
  [-1 -1 -1 -1]]

 [[-1 -1 -1 -1]
  [-1 -1 -1 -1]
  [-1 -1 -1 -1]
  [-1 -1 -1 -1]
  [-1 -1 -1 -1]
  [-1 -1 -1 -1]]

 [[-1 -1 -1 -1]
  [-1 -1 -1 -1]
  [-1 -1 -1 -1]
  [-1 -1 -1 -1]
  [-1 -1 -1 -1]
  [-1 -1 -1 -1]]]
--------------------------------------------------
Compute cost saved to: compute-cost-2026-05-15-08-26-18.npy
----------------------------------------------------------------------
Result forward_stage_layer_ids: [[0, 1, 2, 3, 4, 5]]
Result mesh_shapes: [(1, 4)]
Result logical_mesh_shapes: [(1, 4)]
Result autosharding_option_dicts: [{'force_batch_dim_to_mesh_dim': 0}]
 - Compile (driver): 376.46 s
compilation time breakdown: {'stage-construction': '340.41', 'stage-construction-dp': '0.96', 'stage-construction-compilation': '164.17', 'stage-construction-profiling': '173.94'}
 - Compile (worker): 87.88 s
Iteration 0 ...
Iteration 1 ...
Iteration 2 ...
 - Benchmark: 224.35 s
[DEBUG] latencies = [70.72045421600342, 71.8312087059021]
Type: gpt  Model Config: (1024, 2048, 2048, 24, 32)  #Microbatch: 128  #GPU: 4  Parallel Config: (True, True, 6, {'submesh_physical_shape_space': 'small_power_of_two', 'submesh_logical_shape_space': 'all', 'stage_imbalance_tolerance': 1.0, 'use_hlo_cost_model': True, 'profiling_database_filename': 'prof_database.pkl'})  Mean Time: 71.276s  Std Time: 0.555  #Params: 1.313B  TFLOPs: 66.83  TFLOPs (ckpt): 87.56  Peak Mem: 12.355G  Compilation Time: {'stage-construction': '340.41', 'stage-construction-dp': '0.96', 'stage-construction-compilation': '164.17', 'stage-construction-profiling': '173.94'}  Global Batch Size: 1024  
Working on case: (1024, 2048, 2048, 24, 32, 51200, 32, 'search', (True, True, 12, {'submesh_physical_shape_space': 'small_power_of_two', 'submesh_logical_shape_space': 'all', 'stage_imbalance_tolerance': 1.0, 'use_hlo_cost_model': True, 'profiling_database_filename': 'prof_database.pkl'}))
rm -rf /tmp/tmp_transfer.pkl
python3 -u benchmark_3d_one_case.py --model gpt --niter 3 --case "(1024, 2048, 2048, 24, 32, 51200, 32, 'search', (True, True, 12, {'submesh_physical_shape_space': 'small_power_of_two', 'submesh_logical_shape_space': 'all', 'stage_imbalance_tolerance': 1.0, 'use_hlo_cost_model': True, 'profiling_database_filename': 'prof_database.pkl'}))" --num-hosts 1 --num-devices-per-host 4 --dump-result --disable-tqdm 
mkdir -p tmp
 - Prepare input: 1.52 s
 - Create train state: 1.09 s
-------------------- Automatic stage clustering --------------------
submesh_choices: ((1, 1), (1, 2), (1, 4))
- Profiling for submesh 2 (1, 4):
- Generate all stage infos (Jaxpr -> HLO)
- Compile all stages
- Profile all stages
cost[0, 11, 0]=2.018, max_n_succ_stage=-1, Mem: avail=13.664GB, peak=22.932GB, intermediate=0.000GB, init=3.966GB, as_config=((4, 1), {'force_batch_dim_to_mesh_dim': 0})
cost[0, 11, 3]=2.018, max_n_succ_stage=-1, Mem: avail=13.664GB, peak=22.932GB, intermediate=0.000GB, init=3.966GB, as_config=((4, 1), {})
cost[0, 11, 2]=15.414, max_n_succ_stage=-1, Mem: avail=13.664GB, peak=21.925GB, intermediate=0.000GB, init=3.968GB, as_config=((1, 4), {'force_batch_dim_to_mesh_dim': 0})
cost[0, 11, 1]=7.377, max_n_succ_stage=-1, Mem: avail=13.664GB, peak=20.030GB, intermediate=0.000GB, init=3.967GB, as_config=((2, 2), {'force_batch_dim_to_mesh_dim': 0})
Profiling for submesh 2 (1, 4) takes 97.27 seconds
Profiled costs are: [[[        inf         inf         inf         inf]
  [        inf         inf         inf         inf]
  [        inf         inf         inf         inf]
  [        inf         inf         inf         inf]
  [        inf         inf         inf         inf]
  [        inf         inf         inf         inf]
  [        inf         inf         inf         inf]
  [        inf         inf         inf         inf]
  [        inf         inf         inf         inf]
  [        inf         inf         inf         inf]
  [        inf         inf         inf         inf]
  [ 2.01785172  7.37687521 15.41359201  2.01785172]]

 [[        inf         inf         inf         inf]
  [        inf         inf         inf         inf]
  [        inf         inf         inf         inf]
  [        inf         inf         inf         inf]
  [        inf         inf         inf         inf]
  [        inf         inf         inf         inf]
  [        inf         inf         inf         inf]
  [        inf         inf         inf         inf]
  [        inf         inf         inf         inf]
  [        inf         inf         inf         inf]
  [        inf         inf         inf         inf]
  [        inf         inf         inf         inf]]

 [[        inf         inf         inf         inf]
  [        inf         inf         inf         inf]
  [        inf         inf         inf         inf]
  [        inf         inf         inf         inf]
  [        inf         inf         inf         inf]
  [        inf         inf         inf         inf]
  [        inf         inf         inf         inf]
  [        inf         inf         inf         inf]
  [        inf         inf         inf         inf]
  [        inf         inf         inf         inf]
  [        inf         inf         inf         inf]
  [        inf         inf         inf         inf]]

 [[        inf         inf         inf         inf]
  [        inf         inf         inf         inf]
  [        inf         inf         inf         inf]
  [        inf         inf         inf         inf]
  [        inf         inf         inf         inf]
  [        inf         inf         inf         inf]
  [        inf         inf         inf         inf]
  [        inf         inf         inf         inf]
  [        inf         inf         inf         inf]
  [        inf         inf         inf         inf]
  [        inf         inf         inf         inf]
  [        inf         inf         inf         inf]]

 [[        inf         inf         inf         inf]
  [        inf         inf         inf         inf]
  [        inf         inf         inf         inf]
  [        inf         inf         inf         inf]
  [        inf         inf         inf         inf]
  [        inf         inf         inf         inf]
  [        inf         inf         inf         inf]
  [        inf         inf         inf         inf]
  [        inf         inf         inf         inf]
  [        inf         inf         inf         inf]
  [        inf         inf         inf         inf]
  [        inf         inf         inf         inf]]

 [[        inf         inf         inf         inf]
  [        inf         inf         inf         inf]
  [        inf         inf         inf         inf]
  [        inf         inf         inf         inf]
  [        inf         inf         inf         inf]
  [        inf         inf         inf         inf]
  [        inf         inf         inf         inf]
  [        inf         inf         inf         inf]
  [        inf         inf         inf         inf]
  [        inf         inf         inf         inf]
  [        inf         inf         inf         inf]
  [        inf         inf         inf         inf]]

 [[        inf         inf         inf         inf]
  [        inf         inf         inf         inf]
  [        inf         inf         inf         inf]
  [        inf         inf         inf         inf]
  [        inf         inf         inf         inf]
  [        inf         inf         inf         inf]
  [        inf         inf         inf         inf]
  [        inf         inf         inf         inf]
  [        inf         inf         inf         inf]
  [        inf         inf         inf         inf]
  [        inf         inf         inf         inf]
  [        inf         inf         inf         inf]]

 [[        inf         inf         inf         inf]
  [        inf         inf         inf         inf]
  [        inf         inf         inf         inf]
  [        inf         inf         inf         inf]
  [        inf         inf         inf         inf]
  [        inf         inf         inf         inf]
  [        inf         inf         inf         inf]
  [        inf         inf         inf         inf]
  [        inf         inf         inf         inf]
  [        inf         inf         inf         inf]
  [        inf         inf         inf         inf]
  [        inf         inf         inf         inf]]

 [[        inf         inf         inf         inf]
  [        inf         inf         inf         inf]
  [        inf         inf         inf         inf]
  [        inf         inf         inf         inf]
  [        inf         inf         inf         inf]
  [        inf         inf         inf         inf]
  [        inf         inf         inf         inf]
  [        inf         inf         inf         inf]
  [        inf         inf         inf         inf]
  [        inf         inf         inf         inf]
  [        inf         inf         inf         inf]
  [        inf         inf         inf         inf]]

 [[        inf         inf         inf         inf]
  [        inf         inf         inf         inf]
  [        inf         inf         inf         inf]
  [        inf         inf         inf         inf]
  [        inf         inf         inf         inf]
  [        inf         inf         inf         inf]
  [        inf         inf         inf         inf]
  [        inf         inf         inf         inf]
  [        inf         inf         inf         inf]
  [        inf         inf         inf         inf]
  [        inf         inf         inf         inf]
  [        inf         inf         inf         inf]]

 [[        inf         inf         inf         inf]
  [        inf         inf         inf         inf]
  [        inf         inf         inf         inf]
  [        inf         inf         inf         inf]
  [        inf         inf         inf         inf]
  [        inf         inf         inf         inf]
  [        inf         inf         inf         inf]
  [        inf         inf         inf         inf]
  [        inf         inf         inf         inf]
  [        inf         inf         inf         inf]
  [        inf         inf         inf         inf]
  [        inf         inf         inf         inf]]

 [[        inf         inf         inf         inf]
  [        inf         inf         inf         inf]
  [        inf         inf         inf         inf]
  [        inf         inf         inf         inf]
  [        inf         inf         inf         inf]
  [        inf         inf         inf         inf]
  [        inf         inf         inf         inf]
  [        inf         inf         inf         inf]
  [        inf         inf         inf         inf]
  [        inf         inf         inf         inf]
  [        inf         inf         inf         inf]
  [        inf         inf         inf         inf]]]
Profiled max_n_succ_stages are: [[[-1 -1 -1 -1]
  [-1 -1 -1 -1]
  [-1 -1 -1 -1]
  [-1 -1 -1 -1]
  [-1 -1 -1 -1]
  [-1 -1 -1 -1]
  [-1 -1 -1 -1]
  [-1 -1 -1 -1]
  [-1 -1 -1 -1]
  [-1 -1 -1 -1]
  [-1 -1 -1 -1]
  [-1 -1 -1 -1]]

 [[-1 -1 -1 -1]
  [-1 -1 -1 -1]
  [-1 -1 -1 -1]
  [-1 -1 -1 -1]
  [-1 -1 -1 -1]
  [-1 -1 -1 -1]
  [-1 -1 -1 -1]
  [-1 -1 -1 -1]
  [-1 -1 -1 -1]
  [-1 -1 -1 -1]
  [-1 -1 -1 -1]
  [-1 -1 -1 -1]]

 [[-1 -1 -1 -1]
  [-1 -1 -1 -1]
  [-1 -1 -1 -1]
  [-1 -1 -1 -1]
  [-1 -1 -1 -1]
  [-1 -1 -1 -1]
  [-1 -1 -1 -1]
  [-1 -1 -1 -1]
  [-1 -1 -1 -1]
  [-1 -1 -1 -1]
  [-1 -1 -1 -1]
  [-1 -1 -1 -1]]

 [[-1 -1 -1 -1]
  [-1 -1 -1 -1]
  [-1 -1 -1 -1]
  [-1 -1 -1 -1]
  [-1 -1 -1 -1]
  [-1 -1 -1 -1]
  [-1 -1 -1 -1]
  [-1 -1 -1 -1]
  [-1 -1 -1 -1]
  [-1 -1 -1 -1]
  [-1 -1 -1 -1]
  [-1 -1 -1 -1]]

 [[-1 -1 -1 -1]
  [-1 -1 -1 -1]
  [-1 -1 -1 -1]
  [-1 -1 -1 -1]
  [-1 -1 -1 -1]
  [-1 -1 -1 -1]
  [-1 -1 -1 -1]
  [-1 -1 -1 -1]
  [-1 -1 -1 -1]
  [-1 -1 -1 -1]
  [-1 -1 -1 -1]
  [-1 -1 -1 -1]]

 [[-1 -1 -1 -1]
  [-1 -1 -1 -1]
  [-1 -1 -1 -1]
  [-1 -1 -1 -1]
  [-1 -1 -1 -1]
  [-1 -1 -1 -1]
  [-1 -1 -1 -1]
  [-1 -1 -1 -1]
  [-1 -1 -1 -1]
  [-1 -1 -1 -1]
  [-1 -1 -1 -1]
  [-1 -1 -1 -1]]

 [[-1 -1 -1 -1]
  [-1 -1 -1 -1]
  [-1 -1 -1 -1]
  [-1 -1 -1 -1]
  [-1 -1 -1 -1]
  [-1 -1 -1 -1]
  [-1 -1 -1 -1]
  [-1 -1 -1 -1]
  [-1 -1 -1 -1]
  [-1 -1 -1 -1]
  [-1 -1 -1 -1]
  [-1 -1 -1 -1]]

 [[-1 -1 -1 -1]
  [-1 -1 -1 -1]
  [-1 -1 -1 -1]
  [-1 -1 -1 -1]
  [-1 -1 -1 -1]
  [-1 -1 -1 -1]
  [-1 -1 -1 -1]
  [-1 -1 -1 -1]
  [-1 -1 -1 -1]
  [-1 -1 -1 -1]
  [-1 -1 -1 -1]
  [-1 -1 -1 -1]]

 [[-1 -1 -1 -1]
  [-1 -1 -1 -1]
  [-1 -1 -1 -1]
  [-1 -1 -1 -1]
  [-1 -1 -1 -1]
  [-1 -1 -1 -1]
  [-1 -1 -1 -1]
  [-1 -1 -1 -1]
  [-1 -1 -1 -1]
  [-1 -1 -1 -1]
  [-1 -1 -1 -1]
  [-1 -1 -1 -1]]

 [[-1 -1 -1 -1]
  [-1 -1 -1 -1]
  [-1 -1 -1 -1]
  [-1 -1 -1 -1]
  [-1 -1 -1 -1]
  [-1 -1 -1 -1]
  [-1 -1 -1 -1]
  [-1 -1 -1 -1]
  [-1 -1 -1 -1]
  [-1 -1 -1 -1]
  [-1 -1 -1 -1]
  [-1 -1 -1 -1]]

 [[-1 -1 -1 -1]
  [-1 -1 -1 -1]
  [-1 -1 -1 -1]
  [-1 -1 -1 -1]
  [-1 -1 -1 -1]
  [-1 -1 -1 -1]
  [-1 -1 -1 -1]
  [-1 -1 -1 -1]
  [-1 -1 -1 -1]
  [-1 -1 -1 -1]
  [-1 -1 -1 -1]
  [-1 -1 -1 -1]]

 [[-1 -1 -1 -1]
  [-1 -1 -1 -1]
  [-1 -1 -1 -1]
  [-1 -1 -1 -1]
  [-1 -1 -1 -1]
  [-1 -1 -1 -1]
  [-1 -1 -1 -1]
  [-1 -1 -1 -1]
  [-1 -1 -1 -1]
  [-1 -1 -1 -1]
  [-1 -1 -1 -1]
  [-1 -1 -1 -1]]]
--------------------------------------------------
- Profiling for submesh 1 (1, 2):
- Generate all stage infos (Jaxpr -> HLO)
- Compile all stages
- Profile all stages
cost[0, 2, 0]=1.007, max_n_succ_stage=-1, Mem: avail=13.664GB, peak=24.594GB, intermediate=0.250GB, init=2.093GB, as_config=((2, 1), {'force_batch_dim_to_mesh_dim': 0})
cost[0, 2, 2]=1.007, max_n_succ_stage=-1, Mem: avail=13.664GB, peak=24.594GB, intermediate=0.250GB, init=2.093GB, as_config=((2, 1), {})
cost[0, 2, 1]=3.582, max_n_succ_stage=-1, Mem: avail=13.664GB, peak=28.342GB, intermediate=0.500GB, init=2.093GB, as_config=((1, 2), {'force_batch_dim_to_mesh_dim': 0})
cost[9, 11, 2]=1.026, max_n_succ_stage=-1, Mem: avail=13.664GB, peak=31.275GB, intermediate=0.250GB, init=2.275GB, as_config=((2, 1), {})
cost[9, 11, 0]=1.026, max_n_succ_stage=-1, Mem: avail=13.664GB, peak=31.275GB, intermediate=0.250GB, init=2.275GB, as_config=((2, 1), {'force_batch_dim_to_mesh_dim': 0})
cost[0, 3, 1]=5.057, max_n_succ_stage=-1, Mem: avail=13.664GB, peak=28.209GB, intermediate=0.750GB, init=2.844GB, as_config=((1, 2), {'force_batch_dim_to_mesh_dim': 0})
cost[0, 3, 0]=1.377, max_n_succ_stage=-1, Mem: avail=13.664GB, peak=25.344GB, intermediate=0.375GB, init=2.843GB, as_config=((2, 1), {'force_batch_dim_to_mesh_dim': 0})
cost[0, 3, 2]=1.377, max_n_succ_stage=-1, Mem: avail=13.664GB, peak=25.469GB, intermediate=0.375GB, init=2.843GB, as_config=((2, 1), {})
cost[0, 4, 1]=6.256, max_n_succ_stage=-1, Mem: avail=13.664GB, peak=29.633GB, intermediate=1.000GB, init=3.406GB, as_config=((1, 2), {'force_batch_dim_to_mesh_dim': 0})
cost[0, 4, 2]=1.674, max_n_succ_stage=-1, Mem: avail=13.664GB, peak=25.907GB, intermediate=0.500GB, init=3.406GB, as_config=((2, 1), {})
cost[0, 4, 0]=1.674, max_n_succ_stage=-1, Mem: avail=13.664GB, peak=25.907GB, intermediate=0.500GB, init=3.406GB, as_config=((2, 1), {'force_batch_dim_to_mesh_dim': 0})
cost[7, 10, 1]=4.873, max_n_succ_stage=-1, Mem: avail=13.664GB, peak=34.680GB, intermediate=0.750GB, init=2.346GB, as_config=((1, 2), {'force_batch_dim_to_mesh_dim': 0})
cost[0, 5, 1]=7.454, max_n_succ_stage=-1, Mem: avail=13.664GB, peak=30.873GB, intermediate=1.250GB, init=3.969GB, as_config=((1, 2), {'force_batch_dim_to_mesh_dim': 0})
cost[0, 5, 2]=1.971, max_n_succ_stage=-1, Mem: avail=13.664GB, peak=26.470GB, intermediate=0.625GB, init=3.969GB, as_config=((2, 1), {})
cost[0, 5, 0]=1.971, max_n_succ_stage=-1, Mem: avail=13.664GB, peak=26.470GB, intermediate=0.625GB, init=3.969GB, as_config=((2, 1), {'force_batch_dim_to_mesh_dim': 0})
cost[0, 6, 0]=2.267, max_n_succ_stage=-1, Mem: avail=13.664GB, peak=27.033GB, intermediate=0.750GB, init=4.531GB, as_config=((2, 1), {'force_batch_dim_to_mesh_dim': 0})
cost[1, 4, 1]=5.017, max_n_succ_stage=-1, Mem: avail=13.664GB, peak=28.978GB, intermediate=0.750GB, init=2.439GB, as_config=((1, 2), {'force_batch_dim_to_mesh_dim': 0})
cost[3, 6, 1]=5.017, max_n_succ_stage=-1, Mem: avail=13.664GB, peak=27.736GB, intermediate=0.750GB, init=2.439GB, as_config=((1, 2), {'force_batch_dim_to_mesh_dim': 0})
cost[8, 11, 0]=1.322, max_n_succ_stage=-1, Mem: avail=13.664GB, peak=31.963GB, intermediate=0.375GB, init=2.837GB, as_config=((2, 1), {'force_batch_dim_to_mesh_dim': 0})
cost[9, 11, 1]=3.428, max_n_succ_stage=-1, Mem: avail=13.664GB, peak=33.400GB, intermediate=0.500GB, init=2.275GB, as_config=((1, 2), {'force_batch_dim_to_mesh_dim': 0})
cost[7, 10, 0]=1.245, max_n_succ_stage=-1, Mem: avail=13.664GB, peak=31.845GB, intermediate=0.375GB, init=2.345GB, as_config=((2, 1), {'force_batch_dim_to_mesh_dim': 0})
cost[3, 6, 0]=1.261, max_n_succ_stage=-1, Mem: avail=13.664GB, peak=24.565GB, intermediate=0.375GB, init=2.439GB, as_config=((2, 1), {'force_batch_dim_to_mesh_dim': 0})
cost[2, 5, 1]=5.017, max_n_succ_stage=-1, Mem: avail=13.664GB, peak=29.478GB, intermediate=0.750GB, init=2.439GB, as_config=((1, 2), {'force_batch_dim_to_mesh_dim': 0})
cost[5, 8, 2]=1.187, max_n_succ_stage=-1, Mem: avail=13.664GB, peak=23.376GB, intermediate=0.375GB, init=2.251GB, as_config=((2, 1), {})
cost[1, 4, 0]=1.261, max_n_succ_stage=-1, Mem: avail=13.664GB, peak=24.814GB, intermediate=0.375GB, init=2.439GB, as_config=((2, 1), {'force_batch_dim_to_mesh_dim': 0})
cost[4, 7, 2]=1.187, max_n_succ_stage=-1, Mem: avail=13.664GB, peak=23.501GB, intermediate=0.375GB, init=2.251GB, as_config=((2, 1), {})
cost[8, 11, 1]=4.627, max_n_succ_stage=-1, Mem: avail=13.664GB, peak=32.173GB, intermediate=0.750GB, init=2.838GB, as_config=((1, 2), {'force_batch_dim_to_mesh_dim': 0})
cost[8, 11, 2]=1.322, max_n_succ_stage=-1, Mem: avail=13.664GB, peak=31.963GB, intermediate=0.375GB, init=2.837GB, as_config=((2, 1), {})
cost[6, 9, 1]=4.951, max_n_succ_stage=-1, Mem: avail=13.664GB, peak=32.677GB, intermediate=0.750GB, init=2.346GB, as_config=((1, 2), {'force_batch_dim_to_mesh_dim': 0})
cost[5, 8, 0]=1.187, max_n_succ_stage=-1, Mem: avail=13.664GB, peak=23.376GB, intermediate=0.375GB, init=2.251GB, as_config=((2, 1), {'force_batch_dim_to_mesh_dim': 0})
cost[5, 8, 1]=4.793, max_n_succ_stage=-1, Mem: avail=13.664GB, peak=25.886GB, intermediate=0.750GB, init=2.252GB, as_config=((1, 2), {'force_batch_dim_to_mesh_dim': 0})
cost[6, 9, 2]=1.248, max_n_succ_stage=-1, Mem: avail=13.664GB, peak=31.845GB, intermediate=0.375GB, init=2.345GB, as_config=((2, 1), {})
cost[2, 5, 0]=1.261, max_n_succ_stage=-1, Mem: avail=13.664GB, peak=24.689GB, intermediate=0.375GB, init=2.439GB, as_config=((2, 1), {'force_batch_dim_to_mesh_dim': 0})
cost[7, 10, 2]=1.245, max_n_succ_stage=-1, Mem: avail=13.664GB, peak=31.970GB, intermediate=0.375GB, init=2.345GB, as_config=((2, 1), {})
cost[6, 9, 0]=1.248, max_n_succ_stage=-1, Mem: avail=13.664GB, peak=31.720GB, intermediate=0.375GB, init=2.345GB, as_config=((2, 1), {'force_batch_dim_to_mesh_dim': 0})
cost[4, 7, 1]=4.793, max_n_succ_stage=-1, Mem: avail=13.664GB, peak=27.630GB, intermediate=0.750GB, init=2.252GB, as_config=((1, 2), {'force_batch_dim_to_mesh_dim': 0})
cost[1, 4, 2]=1.261, max_n_succ_stage=-1, Mem: avail=13.664GB, peak=24.814GB, intermediate=0.375GB, init=2.439GB, as_config=((2, 1), {})
cost[4, 7, 0]=1.187, max_n_succ_stage=-1, Mem: avail=13.664GB, peak=23.501GB, intermediate=0.375GB, init=2.251GB, as_config=((2, 1), {'force_batch_dim_to_mesh_dim': 0})
cost[3, 6, 2]=1.261, max_n_succ_stage=-1, Mem: avail=13.664GB, peak=24.565GB, intermediate=0.375GB, init=2.439GB, as_config=((2, 1), {})
cost[7, 11, 1]=5.825, max_n_succ_stage=-1, Mem: avail=13.664GB, peak=35.835GB, intermediate=1.000GB, init=3.401GB, as_config=((1, 2), {'force_batch_dim_to_mesh_dim': 0})
cost[2, 6, 1]=6.215, max_n_succ_stage=-1, Mem: avail=13.664GB, peak=30.147GB, intermediate=1.000GB, init=3.002GB, as_config=((1, 2), {'force_batch_dim_to_mesh_dim': 0})
cost[7, 11, 0]=1.619, max_n_succ_stage=-1, Mem: avail=13.664GB, peak=32.650GB, intermediate=0.500GB, init=3.400GB, as_config=((2, 1), {'force_batch_dim_to_mesh_dim': 0})
cost[7, 11, 2]=1.619, max_n_succ_stage=-1, Mem: avail=13.664GB, peak=32.650GB, intermediate=0.500GB, init=3.400GB, as_config=((2, 1), {})
cost[2, 5, 2]=1.261, max_n_succ_stage=-1, Mem: avail=13.664GB, peak=24.689GB, intermediate=0.375GB, init=2.439GB, as_config=((2, 1), {})
cost[6, 10, 0]=1.542, max_n_succ_stage=-1, Mem: avail=13.664GB, peak=32.533GB, intermediate=0.500GB, init=2.908GB, as_config=((2, 1), {'force_batch_dim_to_mesh_dim': 0})
cost[1, 5, 0]=1.557, max_n_succ_stage=-1, Mem: avail=13.664GB, peak=25.377GB, intermediate=0.500GB, init=3.002GB, as_config=((2, 1), {'force_batch_dim_to_mesh_dim': 0})
cost[6, 10, 1]=6.071, max_n_succ_stage=-1, Mem: avail=13.664GB, peak=35.214GB, intermediate=1.000GB, init=2.908GB, as_config=((1, 2), {'force_batch_dim_to_mesh_dim': 0})
cost[4, 8, 0]=1.483, max_n_succ_stage=-1, Mem: avail=13.664GB, peak=24.064GB, intermediate=0.500GB, init=2.814GB, as_config=((2, 1), {'force_batch_dim_to_mesh_dim': 0})
cost[4, 8, 1]=5.992, max_n_succ_stage=-1, Mem: avail=13.664GB, peak=30.058GB, intermediate=1.000GB, init=2.815GB, as_config=((1, 2), {'force_batch_dim_to_mesh_dim': 0})
cost[1, 5, 1]=6.215, max_n_succ_stage=-1, Mem: avail=13.664GB, peak=30.262GB, intermediate=1.000GB, init=3.002GB, as_config=((1, 2), {'force_batch_dim_to_mesh_dim': 0})
cost[5, 9, 2]=1.545, max_n_succ_stage=-1, Mem: avail=13.664GB, peak=32.533GB, intermediate=0.500GB, init=2.908GB, as_config=((2, 1), {})
cost[4, 8, 2]=1.483, max_n_succ_stage=-1, Mem: avail=13.664GB, peak=24.064GB, intermediate=0.500GB, init=2.814GB, as_config=((2, 1), {})
cost[5, 9, 1]=6.150, max_n_succ_stage=-1, Mem: avail=13.664GB, peak=33.209GB, intermediate=1.000GB, init=2.908GB, as_config=((1, 2), {'force_batch_dim_to_mesh_dim': 0})
cost[1, 5, 2]=1.557, max_n_succ_stage=-1, Mem: avail=13.664GB, peak=25.377GB, intermediate=0.500GB, init=3.002GB, as_config=((2, 1), {})
cost[2, 6, 0]=1.557, max_n_succ_stage=-1, Mem: avail=13.664GB, peak=25.252GB, intermediate=0.500GB, init=3.002GB, as_config=((2, 1), {'force_batch_dim_to_mesh_dim': 0})
cost[5, 9, 0]=1.545, max_n_succ_stage=-1, Mem: avail=13.664GB, peak=32.408GB, intermediate=0.500GB, init=2.908GB, as_config=((2, 1), {'force_batch_dim_to_mesh_dim': 0})
cost[3, 7, 2]=1.557, max_n_succ_stage=-1, Mem: avail=13.664GB, peak=25.127GB, intermediate=0.500GB, init=3.002GB, as_config=((2, 1), {})
cost[2, 6, 2]=1.557, max_n_succ_stage=-1, Mem: avail=13.664GB, peak=25.252GB, intermediate=0.500GB, init=3.002GB, as_config=((2, 1), {})
cost[3, 7, 0]=1.557, max_n_succ_stage=-1, Mem: avail=13.664GB, peak=25.127GB, intermediate=0.500GB, init=3.002GB, as_config=((2, 1), {'force_batch_dim_to_mesh_dim': 0})
cost[3, 7, 1]=6.215, max_n_succ_stage=-1, Mem: avail=13.664GB, peak=30.771GB, intermediate=1.000GB, init=3.002GB, as_config=((1, 2), {'force_batch_dim_to_mesh_dim': 0})
cost[2, 7, 1]=7.414, max_n_succ_stage=-1, Mem: avail=13.664GB, peak=30.301GB, intermediate=1.250GB, init=3.565GB, as_config=((1, 2), {'force_batch_dim_to_mesh_dim': 0})
cost[6, 10, 2]=1.542, max_n_succ_stage=-1, Mem: avail=13.664GB, peak=32.658GB, intermediate=0.500GB, init=2.908GB, as_config=((2, 1), {})
cost[6, 11, 0]=1.916, max_n_succ_stage=-1, Mem: avail=13.664GB, peak=33.338GB, intermediate=0.625GB, init=3.963GB, as_config=((2, 1), {'force_batch_dim_to_mesh_dim': 0})
cost[5, 10, 1]=7.270, max_n_succ_stage=-1, Mem: avail=13.664GB, peak=35.742GB, intermediate=1.250GB, init=3.471GB, as_config=((1, 2), {'force_batch_dim_to_mesh_dim': 0})
cost[5, 10, 2]=1.839, max_n_succ_stage=-1, Mem: avail=13.664GB, peak=33.346GB, intermediate=0.625GB, init=3.471GB, as_config=((2, 1), {})
cost[6, 11, 2]=1.916, max_n_succ_stage=-1, Mem: avail=13.664GB, peak=33.338GB, intermediate=0.625GB, init=3.963GB, as_config=((2, 1), {})
cost[1, 6, 1]=7.414, max_n_succ_stage=-1, Mem: avail=13.664GB, peak=29.666GB, intermediate=1.250GB, init=3.565GB, as_config=((1, 2), {'force_batch_dim_to_mesh_dim': 0})
cost[1, 6, 2]=1.854, max_n_succ_stage=-1, Mem: avail=13.664GB, peak=25.940GB, intermediate=0.625GB, init=3.564GB, as_config=((2, 1), {})
cost[5, 10, 0]=1.839, max_n_succ_stage=-1, Mem: avail=13.664GB, peak=33.221GB, intermediate=0.625GB, init=3.471GB, as_config=((2, 1), {'force_batch_dim_to_mesh_dim': 0})
cost[1, 6, 0]=1.854, max_n_succ_stage=-1, Mem: avail=13.664GB, peak=25.940GB, intermediate=0.625GB, init=3.564GB, as_config=((2, 1), {'force_batch_dim_to_mesh_dim': 0})
cost[6, 11, 1]=7.024, max_n_succ_stage=-1, Mem: avail=13.664GB, peak=36.609GB, intermediate=1.250GB, init=3.964GB, as_config=((1, 2), {'force_batch_dim_to_mesh_dim': 0})
cost[2, 7, 0]=1.854, max_n_succ_stage=-1, Mem: avail=13.664GB, peak=25.815GB, intermediate=0.625GB, init=3.564GB, as_config=((2, 1), {'force_batch_dim_to_mesh_dim': 0})
cost[3, 8, 0]=1.854, max_n_succ_stage=-1, Mem: avail=13.664GB, peak=25.690GB, intermediate=0.625GB, init=3.564GB, as_config=((2, 1), {'force_batch_dim_to_mesh_dim': 0})
cost[2, 7, 2]=1.854, max_n_succ_stage=-1, Mem: avail=13.664GB, peak=25.815GB, intermediate=0.625GB, init=3.564GB, as_config=((2, 1), {})
cost[4, 9, 1]=7.348, max_n_succ_stage=-1, Mem: avail=13.664GB, peak=33.740GB, intermediate=1.250GB, init=3.471GB, as_config=((1, 2), {'force_batch_dim_to_mesh_dim': 0})
cost[4, 9, 0]=1.841, max_n_succ_stage=-1, Mem: avail=13.664GB, peak=33.096GB, intermediate=0.625GB, init=3.471GB, as_config=((2, 1), {'force_batch_dim_to_mesh_dim': 0})
cost[5, 11, 2]=2.213, max_n_succ_stage=-1, Mem: avail=13.664GB, peak=34.026GB, intermediate=0.750GB, init=4.526GB, as_config=((2, 1), {})
cost[4, 9, 2]=1.841, max_n_succ_stage=-1, Mem: avail=13.664GB, peak=33.221GB, intermediate=0.625GB, init=3.471GB, as_config=((2, 1), {})
cost[5, 11, 1]=8.222, max_n_succ_stage=-1, Mem: avail=13.664GB, peak=37.640GB, intermediate=1.500GB, init=4.527GB, as_config=((1, 2), {'force_batch_dim_to_mesh_dim': 0})
cost[3, 8, 1]=7.414, max_n_succ_stage=-1, Mem: avail=13.664GB, peak=31.418GB, intermediate=1.250GB, init=3.565GB, as_config=((1, 2), {'force_batch_dim_to_mesh_dim': 0})
cost[2, 8, 0]=2.151, max_n_succ_stage=-1, Mem: avail=13.664GB, peak=26.377GB, intermediate=0.750GB, init=4.127GB, as_config=((2, 1), {'force_batch_dim_to_mesh_dim': 0})
cost[1, 7, 0]=2.151, max_n_succ_stage=-1, Mem: avail=13.664GB, peak=26.502GB, intermediate=0.750GB, init=4.127GB, as_config=((2, 1), {'force_batch_dim_to_mesh_dim': 0})
cost[0, 6, 2]=2.267, max_n_succ_stage=-1, Mem: avail=13.664GB, peak=27.033GB, intermediate=0.750GB, init=4.531GB, as_config=((2, 1), {})
cost[5, 11, 0]=2.213, max_n_succ_stage=-1, Mem: avail=13.664GB, peak=34.026GB, intermediate=0.750GB, init=4.526GB, as_config=((2, 1), {'force_batch_dim_to_mesh_dim': 0})
cost[2, 8, 1]=8.612, max_n_succ_stage=-1, Mem: avail=13.664GB, peak=30.318GB, intermediate=1.500GB, init=4.128GB, as_config=((1, 2), {'force_batch_dim_to_mesh_dim': 0})
cost[3, 8, 2]=1.854, max_n_succ_stage=-1, Mem: avail=13.664GB, peak=25.690GB, intermediate=0.625GB, init=3.564GB, as_config=((2, 1), {})
cost[2, 9, 1]=9.969, max_n_succ_stage=-1, Mem: avail=13.664GB, peak=34.897GB, intermediate=1.750GB, init=4.785GB, as_config=((1, 2), {'force_batch_dim_to_mesh_dim': 0})
cost[4, 10, 1]=8.469, max_n_succ_stage=-1, Mem: avail=13.664GB, peak=36.273GB, intermediate=1.500GB, init=4.034GB, as_config=((1, 2), {'force_batch_dim_to_mesh_dim': 0})
cost[1, 7, 1]=8.612, max_n_succ_stage=-1, Mem: avail=13.664GB, peak=29.821GB, intermediate=1.500GB, init=4.128GB, as_config=((1, 2), {'force_batch_dim_to_mesh_dim': 0})
cost[0, 6, 1]=8.653, max_n_succ_stage=-1, Mem: avail=13.664GB, peak=31.146GB, intermediate=1.500GB, init=4.532GB, as_config=((1, 2), {'force_batch_dim_to_mesh_dim': 0})
cost[4, 10, 0]=2.135, max_n_succ_stage=-1, Mem: avail=13.664GB, peak=33.909GB, intermediate=0.750GB, init=4.033GB, as_config=((2, 1), {'force_batch_dim_to_mesh_dim': 0})
cost[2, 8, 2]=2.151, max_n_succ_stage=-1, Mem: avail=13.664GB, peak=26.377GB, intermediate=0.750GB, init=4.127GB, as_config=((2, 1), {})
cost[4, 10, 2]=2.135, max_n_succ_stage=-1, Mem: avail=13.664GB, peak=34.034GB, intermediate=0.750GB, init=4.033GB, as_config=((2, 1), {})
cost[3, 9, 1]=8.770, max_n_succ_stage=-1, Mem: avail=13.664GB, peak=34.365GB, intermediate=1.500GB, init=4.222GB, as_config=((1, 2), {'force_batch_dim_to_mesh_dim': 0})
cost[3, 9, 0]=2.212, max_n_succ_stage=-1, Mem: avail=13.664GB, peak=33.971GB, intermediate=0.750GB, init=4.221GB, as_config=((2, 1), {'force_batch_dim_to_mesh_dim': 0})
cost[1, 8, 0]=2.448, max_n_succ_stage=-1, Mem: avail=13.664GB, peak=27.065GB, intermediate=0.875GB, init=4.690GB, as_config=((2, 1), {'force_batch_dim_to_mesh_dim': 0})
cost[0, 7, 2]=2.564, max_n_succ_stage=-1, Mem: avail=13.664GB, peak=27.595GB, intermediate=0.875GB, init=5.094GB, as_config=((2, 1), {})
cost[2, 9, 0]=2.509, max_n_succ_stage=-1, Mem: avail=13.664GB, peak=34.659GB, intermediate=0.875GB, init=4.784GB, as_config=((2, 1), {'force_batch_dim_to_mesh_dim': 0})
cost[1, 8, 1]=9.811, max_n_succ_stage=-1, Mem: avail=13.664GB, peak=33.099GB, intermediate=1.750GB, init=4.691GB, as_config=((1, 2), {'force_batch_dim_to_mesh_dim': 0})
cost[0, 7, 0]=2.564, max_n_succ_stage=-1, Mem: avail=13.664GB, peak=27.595GB, intermediate=0.875GB, init=5.094GB, as_config=((2, 1), {'force_batch_dim_to_mesh_dim': 0})
cost[4, 11, 1]=9.421, max_n_succ_stage=-1, Mem: avail=13.664GB, peak=35.925GB, intermediate=1.750GB, init=5.090GB, as_config=((1, 2), {'force_batch_dim_to_mesh_dim': 0})
cost[0, 7, 1]=9.851, max_n_succ_stage=-1, Mem: avail=13.664GB, peak=29.336GB, intermediate=1.750GB, init=5.095GB, as_config=((1, 2), {'force_batch_dim_to_mesh_dim': 0})
cost[4, 11, 0]=2.509, max_n_succ_stage=-1, Mem: avail=13.664GB, peak=34.714GB, intermediate=0.875GB, init=5.089GB, as_config=((2, 1), {'force_batch_dim_to_mesh_dim': 0})
cost[4, 11, 2]=2.509, max_n_succ_stage=-1, Mem: avail=13.664GB, peak=34.714GB, intermediate=0.875GB, init=5.089GB, as_config=((2, 1), {})
cost[3, 9, 2]=2.212, max_n_succ_stage=-1, Mem: avail=13.664GB, peak=34.096GB, intermediate=0.750GB, init=4.221GB, as_config=((2, 1), {})
cost[1, 8, 2]=2.448, max_n_succ_stage=-1, Mem: avail=13.664GB, peak=27.065GB, intermediate=0.875GB, init=4.690GB, as_config=((2, 1), {})
cost[1, 11, 2]=3.473, max_n_succ_stage=-1, Mem: avail=13.664GB, peak=36.965GB, intermediate=1.250GB, init=6.965GB, as_config=((2, 1), {})
cost[3, 10, 0]=2.506, max_n_succ_stage=-1, Mem: avail=13.664GB, peak=34.784GB, intermediate=0.875GB, init=4.784GB, as_config=((2, 1), {'force_batch_dim_to_mesh_dim': 0})
cost[3, 10, 1]=9.891, max_n_succ_stage=-1, Mem: avail=13.664GB, peak=36.897GB, intermediate=1.750GB, init=4.785GB, as_config=((1, 2), {'force_batch_dim_to_mesh_dim': 0})
cost[1, 7, 2]=2.151, max_n_succ_stage=-1, Mem: avail=13.664GB, peak=26.502GB, intermediate=0.750GB, init=4.127GB, as_config=((2, 1), {})
cost[3, 10, 2]=2.506, max_n_succ_stage=-1, Mem: avail=13.664GB, peak=34.909GB, intermediate=0.875GB, init=4.784GB, as_config=((2, 1), {})
cost[1, 9, 1]=11.167, max_n_succ_stage=-1, Mem: avail=13.664GB, peak=35.428GB, intermediate=2.000GB, init=5.348GB, as_config=((1, 2), {'force_batch_dim_to_mesh_dim': 0})
cost[0, 8, 1]=11.050, max_n_succ_stage=-1, Mem: avail=13.664GB, peak=31.830GB, intermediate=2.000GB, init=5.658GB, as_config=((1, 2), {'force_batch_dim_to_mesh_dim': 0})
cost[2, 9, 2]=2.509, max_n_succ_stage=-1, Mem: avail=13.664GB, peak=34.784GB, intermediate=0.875GB, init=4.784GB, as_config=((2, 1), {})
cost[3, 11, 1]=10.843, max_n_succ_stage=-1, Mem: avail=13.664GB, peak=38.547GB, intermediate=2.000GB, init=5.840GB, as_config=((1, 2), {'force_batch_dim_to_mesh_dim': 0})
cost[0, 8, 0]=2.861, max_n_succ_stage=-1, Mem: avail=13.664GB, peak=28.158GB, intermediate=1.000GB, init=5.657GB, as_config=((2, 1), {'force_batch_dim_to_mesh_dim': 0})
cost[0, 8, 2]=2.861, max_n_succ_stage=-1, Mem: avail=13.664GB, peak=28.158GB, intermediate=1.000GB, init=5.657GB, as_config=((2, 1), {})
cost[2, 10, 0]=2.803, max_n_succ_stage=-1, Mem: avail=13.664GB, peak=35.472GB, intermediate=1.000GB, init=5.347GB, as_config=((2, 1), {'force_batch_dim_to_mesh_dim': 0})
cost[3, 11, 2]=2.880, max_n_succ_stage=-1, Mem: avail=13.664GB, peak=35.589GB, intermediate=1.000GB, init=5.839GB, as_config=((2, 1), {})
cost[3, 11, 0]=2.880, max_n_succ_stage=-1, Mem: avail=13.664GB, peak=35.589GB, intermediate=1.000GB, init=5.839GB, as_config=((2, 1), {'force_batch_dim_to_mesh_dim': 0})
cost[1, 9, 0]=2.805, max_n_succ_stage=-1, Mem: avail=13.664GB, peak=35.347GB, intermediate=1.000GB, init=5.347GB, as_config=((2, 1), {'force_batch_dim_to_mesh_dim': 0})
cost[2, 10, 2]=2.803, max_n_succ_stage=-1, Mem: avail=13.664GB, peak=35.597GB, intermediate=1.000GB, init=5.347GB, as_config=((2, 1), {})
cost[2, 11, 1]=12.042, max_n_succ_stage=-1, Mem: avail=13.664GB, peak=39.328GB, intermediate=2.250GB, init=6.403GB, as_config=((1, 2), {'force_batch_dim_to_mesh_dim': 0})
cost[1, 9, 2]=2.805, max_n_succ_stage=-1, Mem: avail=13.664GB, peak=35.472GB, intermediate=1.000GB, init=5.347GB, as_config=((2, 1), {})
cost[2, 10, 1]=11.089, max_n_succ_stage=-1, Mem: avail=13.664GB, peak=38.178GB, intermediate=2.000GB, init=5.348GB, as_config=((1, 2), {'force_batch_dim_to_mesh_dim': 0})
cost[1, 10, 0]=3.099, max_n_succ_stage=-1, Mem: avail=13.664GB, peak=36.160GB, intermediate=1.125GB, init=5.909GB, as_config=((2, 1), {'force_batch_dim_to_mesh_dim': 0})
cost[2, 11, 2]=3.177, max_n_succ_stage=-1, Mem: avail=13.664GB, peak=36.277GB, intermediate=1.125GB, init=6.402GB, as_config=((2, 1), {})
cost[0, 9, 0]=3.219, max_n_succ_stage=-1, Mem: avail=13.664GB, peak=36.189GB, intermediate=1.125GB, init=6.314GB, as_config=((2, 1), {'force_batch_dim_to_mesh_dim': 0})
cost[0, 9, 2]=3.219, max_n_succ_stage=-1, Mem: avail=13.664GB, peak=36.314GB, intermediate=1.125GB, init=6.314GB, as_config=((2, 1), {})
cost[1, 11, 1]=13.240, max_n_succ_stage=-1, Mem: avail=13.664GB, peak=39.109GB, intermediate=2.500GB, init=6.966GB, as_config=((1, 2), {'force_batch_dim_to_mesh_dim': 0})
cost[0, 9, 1]=12.406, max_n_succ_stage=-1, Mem: avail=13.664GB, peak=35.913GB, intermediate=2.250GB, init=6.315GB, as_config=((1, 2), {'force_batch_dim_to_mesh_dim': 0})
cost[1, 10, 2]=3.099, max_n_succ_stage=-1, Mem: avail=13.664GB, peak=36.285GB, intermediate=1.125GB, init=5.909GB, as_config=((2, 1), {})
cost[1, 11, 0]=3.473, max_n_succ_stage=-1, Mem: avail=13.664GB, peak=36.965GB, intermediate=1.250GB, init=6.965GB, as_config=((2, 1), {'force_batch_dim_to_mesh_dim': 0})
cost[2, 11, 0]=3.177, max_n_succ_stage=-1, Mem: avail=13.664GB, peak=36.277GB, intermediate=1.125GB, init=6.402GB, as_config=((2, 1), {'force_batch_dim_to_mesh_dim': 0})
cost[0, 10, 2]=3.513, max_n_succ_stage=-1, Mem: avail=13.664GB, peak=37.127GB, intermediate=1.250GB, init=6.876GB, as_config=((2, 1), {})
cost[1, 10, 1]=12.288, max_n_succ_stage=-1, Mem: avail=13.664GB, peak=37.960GB, intermediate=2.250GB, init=5.911GB, as_config=((1, 2), {'force_batch_dim_to_mesh_dim': 0})
cost[0, 10, 0]=3.513, max_n_succ_stage=-1, Mem: avail=13.664GB, peak=37.002GB, intermediate=1.250GB, init=6.876GB, as_config=((2, 1), {'force_batch_dim_to_mesh_dim': 0})
cost[0, 10, 1]=13.527, max_n_succ_stage=-1, Mem: avail=13.664GB, peak=38.444GB, intermediate=2.500GB, init=6.878GB, as_config=((1, 2), {'force_batch_dim_to_mesh_dim': 0})
cost[0, 11, 0]=3.887, max_n_succ_stage=-1, Mem: avail=13.664GB, peak=37.807GB, intermediate=1.375GB, init=7.932GB, as_config=((2, 1), {'force_batch_dim_to_mesh_dim': 0})
cost[0, 11, 1]=14.479, max_n_succ_stage=-1, Mem: avail=13.664GB, peak=40.344GB, intermediate=2.750GB, init=7.933GB, as_config=((1, 2), {'force_batch_dim_to_mesh_dim': 0})
cost[0, 11, 2]=3.887, max_n_succ_stage=-1, Mem: avail=13.664GB, peak=37.807GB, intermediate=1.375GB, init=7.932GB, as_config=((2, 1), {})
Profiling for submesh 1 (1, 2) takes 183.60 seconds
Profiled costs are: [[[        inf         inf         inf         inf]
  [        inf         inf         inf         inf]
  [ 1.00668975  3.58174612  1.00668975         inf]
  [ 1.37742337  5.05745499  1.37742334         inf]
  [ 1.6741104   6.25592131  1.6741104          inf]
  [ 1.97079756  7.45438764  1.97079756         inf]
  [ 2.26748468  8.65285397  2.26748468         inf]
  [ 2.56417179  9.85132029  2.56417179         inf]
  [ 2.86085891 11.04978662  2.86085891         inf]
  [ 3.21867769 12.40619063  3.21867765         inf]
  [ 3.51269454 13.52669179  3.5126945          inf]
  [ 3.88661532 14.47860207  3.88661532         inf]]

 [[        inf         inf         inf         inf]
  [        inf         inf         inf         inf]
  [        inf         inf         inf         inf]
  [        inf         inf         inf         inf]
  [ 1.26079487  5.0168537   1.26079487         inf]
  [ 1.55748158  6.21532002  1.55748158         inf]
  [ 1.8541687   7.41378635  1.8541687          inf]
  [ 2.15085582  8.61225267  2.15085582         inf]
  [ 2.44754294  9.810719    2.44754294         inf]
  [ 2.80536172 11.16712301  2.80536168         inf]
  [ 3.09937856 12.28762418  3.09937853         inf]
  [ 3.47329935 13.24006552  3.47329935         inf]]

 [[        inf         inf         inf         inf]
  [        inf         inf         inf         inf]
  [        inf         inf         inf         inf]
  [        inf         inf         inf         inf]
  [        inf         inf         inf         inf]
  [ 1.26079491  5.0168537   1.26079491         inf]
  [ 1.55748158  6.21532002  1.55748158         inf]
  [ 1.8541687   7.41378635  1.8541687          inf]
  [ 2.15085582  8.61225267  2.15085582         inf]
  [ 2.5086746   9.96865668  2.50867456         inf]
  [ 2.80269144 11.08915785  2.80269141         inf]
  [ 3.17661223 12.04159919  3.17661223         inf]]

 [[        inf         inf         inf         inf]
  [        inf         inf         inf         inf]
  [        inf         inf         inf         inf]
  [        inf         inf         inf         inf]
  [        inf         inf         inf         inf]
  [        inf         inf         inf         inf]
  [ 1.26079491  5.0168537   1.26079491         inf]
  [ 1.55748158  6.21532002  1.55748158         inf]
  [ 1.8541687   7.41378635  1.8541687          inf]
  [ 2.21198748  8.77019036  2.21198744         inf]
  [ 2.50600433  9.89069152  2.50600429         inf]
  [ 2.87992511 10.84313287  2.87992511         inf]]

 [[        inf         inf         inf         inf]
  [        inf         inf         inf         inf]
  [        inf         inf         inf         inf]
  [        inf         inf         inf         inf]
  [        inf         inf         inf         inf]
  [        inf         inf         inf         inf]
  [        inf         inf         inf         inf]
  [ 1.18674796  4.79333424  1.18674796         inf]
  [ 1.48343464  5.99180057  1.48343464         inf]
  [ 1.84125327  7.34820457  1.84125323         inf]
  [ 2.13527011  8.46870574  2.13527008         inf]
  [ 2.5091909   9.42061602  2.5091909          inf]]

 [[        inf         inf         inf         inf]
  [        inf         inf         inf         inf]
  [        inf         inf         inf         inf]
  [        inf         inf         inf         inf]
  [        inf         inf         inf         inf]
  [        inf         inf         inf         inf]
  [        inf         inf         inf         inf]
  [        inf         inf         inf         inf]
  [ 1.18674793  4.79333424  1.18674793         inf]
  [ 1.54456618  6.14973825  1.54456615         inf]
  [ 1.83858296  7.27023942  1.83858292         inf]
  [ 2.21250374  8.22214969  2.21250374         inf]]

 [[        inf         inf         inf         inf]
  [        inf         inf         inf         inf]
  [        inf         inf         inf         inf]
  [        inf         inf         inf         inf]
  [        inf         inf         inf         inf]
  [        inf         inf         inf         inf]
  [        inf         inf         inf         inf]
  [        inf         inf         inf         inf]
  [        inf         inf         inf         inf]
  [ 1.24787947  4.95074086  1.24787944         inf]
  [ 1.54189588  6.07124203  1.54189584         inf]
  [ 1.91581659  7.02368337  1.91581659         inf]]

 [[        inf         inf         inf         inf]
  [        inf         inf         inf         inf]
  [        inf         inf         inf         inf]
  [        inf         inf         inf         inf]
  [        inf         inf         inf         inf]
  [        inf         inf         inf         inf]
  [        inf         inf         inf         inf]
  [        inf         inf         inf         inf]
  [        inf         inf         inf         inf]
  [        inf         inf         inf         inf]
  [ 1.2452092   4.8727757   1.24520917         inf]
  [ 1.61912947  5.82521704  1.61912947         inf]]

 [[        inf         inf         inf         inf]
  [        inf         inf         inf         inf]
  [        inf         inf         inf         inf]
  [        inf         inf         inf         inf]
  [        inf         inf         inf         inf]
  [        inf         inf         inf         inf]
  [        inf         inf         inf         inf]
  [        inf         inf         inf         inf]
  [        inf         inf         inf         inf]
  [        inf         inf         inf         inf]
  [        inf         inf         inf         inf]
  [ 1.32244248  4.62675072  1.32244248         inf]]

 [[        inf         inf         inf         inf]
  [        inf         inf         inf         inf]
  [        inf         inf         inf         inf]
  [        inf         inf         inf         inf]
  [        inf         inf         inf         inf]
  [        inf         inf         inf         inf]
  [        inf         inf         inf         inf]
  [        inf         inf         inf         inf]
  [        inf         inf         inf         inf]
  [        inf         inf         inf         inf]
  [        inf         inf         inf         inf]
  [ 1.0257558   3.42828439  1.0257558          inf]]

 [[        inf         inf         inf         inf]
  [        inf         inf         inf         inf]
  [        inf         inf         inf         inf]
  [        inf         inf         inf         inf]
  [        inf         inf         inf         inf]
  [        inf         inf         inf         inf]
  [        inf         inf         inf         inf]
  [        inf         inf         inf         inf]
  [        inf         inf         inf         inf]
  [        inf         inf         inf         inf]
  [        inf         inf         inf         inf]
  [        inf         inf         inf         inf]]

 [[        inf         inf         inf         inf]
  [        inf         inf         inf         inf]
  [        inf         inf         inf         inf]
  [        inf         inf         inf         inf]
  [        inf         inf         inf         inf]
  [        inf         inf         inf         inf]
  [        inf         inf         inf         inf]
  [        inf         inf         inf         inf]
  [        inf         inf         inf         inf]
  [        inf         inf         inf         inf]
  [        inf         inf         inf         inf]
  [        inf         inf         inf         inf]]]
Profiled max_n_succ_stages are: [[[-1 -1 -1 -1]
  [-1 -1 -1 -1]
  [-1 -1 -1 -1]
  [-1 -1 -1 -1]
  [-1 -1 -1 -1]
  [-1 -1 -1 -1]
  [-1 -1 -1 -1]
  [-1 -1 -1 -1]
  [-1 -1 -1 -1]
  [-1 -1 -1 -1]
  [-1 -1 -1 -1]
  [-1 -1 -1 -1]]

 [[-1 -1 -1 -1]
  [-1 -1 -1 -1]
  [-1 -1 -1 -1]
  [-1 -1 -1 -1]
  [-1 -1 -1 -1]
  [-1 -1 -1 -1]
  [-1 -1 -1 -1]
  [-1 -1 -1 -1]
  [-1 -1 -1 -1]
  [-1 -1 -1 -1]
  [-1 -1 -1 -1]
  [-1 -1 -1 -1]]

 [[-1 -1 -1 -1]
  [-1 -1 -1 -1]
  [-1 -1 -1 -1]
  [-1 -1 -1 -1]
  [-1 -1 -1 -1]
  [-1 -1 -1 -1]
  [-1 -1 -1 -1]
  [-1 -1 -1 -1]
  [-1 -1 -1 -1]
  [-1 -1 -1 -1]
  [-1 -1 -1 -1]
  [-1 -1 -1 -1]]

 [[-1 -1 -1 -1]
  [-1 -1 -1 -1]
  [-1 -1 -1 -1]
  [-1 -1 -1 -1]
  [-1 -1 -1 -1]
  [-1 -1 -1 -1]
  [-1 -1 -1 -1]
  [-1 -1 -1 -1]
  [-1 -1 -1 -1]
  [-1 -1 -1 -1]
  [-1 -1 -1 -1]
  [-1 -1 -1 -1]]

 [[-1 -1 -1 -1]
  [-1 -1 -1 -1]
  [-1 -1 -1 -1]
  [-1 -1 -1 -1]
  [-1 -1 -1 -1]
  [-1 -1 -1 -1]
  [-1 -1 -1 -1]
  [-1 -1 -1 -1]
  [-1 -1 -1 -1]
  [-1 -1 -1 -1]
  [-1 -1 -1 -1]
  [-1 -1 -1 -1]]

 [[-1 -1 -1 -1]
  [-1 -1 -1 -1]
  [-1 -1 -1 -1]
  [-1 -1 -1 -1]
  [-1 -1 -1 -1]
  [-1 -1 -1 -1]
  [-1 -1 -1 -1]
  [-1 -1 -1 -1]
  [-1 -1 -1 -1]
  [-1 -1 -1 -1]
  [-1 -1 -1 -1]
  [-1 -1 -1 -1]]

 [[-1 -1 -1 -1]
  [-1 -1 -1 -1]
  [-1 -1 -1 -1]
  [-1 -1 -1 -1]
  [-1 -1 -1 -1]
  [-1 -1 -1 -1]
  [-1 -1 -1 -1]
  [-1 -1 -1 -1]
  [-1 -1 -1 -1]
  [-1 -1 -1 -1]
  [-1 -1 -1 -1]
  [-1 -1 -1 -1]]

 [[-1 -1 -1 -1]
  [-1 -1 -1 -1]
  [-1 -1 -1 -1]
  [-1 -1 -1 -1]
  [-1 -1 -1 -1]
  [-1 -1 -1 -1]
  [-1 -1 -1 -1]
  [-1 -1 -1 -1]
  [-1 -1 -1 -1]
  [-1 -1 -1 -1]
  [-1 -1 -1 -1]
  [-1 -1 -1 -1]]

 [[-1 -1 -1 -1]
  [-1 -1 -1 -1]
  [-1 -1 -1 -1]
  [-1 -1 -1 -1]
  [-1 -1 -1 -1]
  [-1 -1 -1 -1]
  [-1 -1 -1 -1]
  [-1 -1 -1 -1]
  [-1 -1 -1 -1]
  [-1 -1 -1 -1]
  [-1 -1 -1 -1]
  [-1 -1 -1 -1]]

 [[-1 -1 -1 -1]
  [-1 -1 -1 -1]
  [-1 -1 -1 -1]
  [-1 -1 -1 -1]
  [-1 -1 -1 -1]
  [-1 -1 -1 -1]
  [-1 -1 -1 -1]
  [-1 -1 -1 -1]
  [-1 -1 -1 -1]
  [-1 -1 -1 -1]
  [-1 -1 -1 -1]
  [-1 -1 -1 -1]]

 [[-1 -1 -1 -1]
  [-1 -1 -1 -1]
  [-1 -1 -1 -1]
  [-1 -1 -1 -1]
  [-1 -1 -1 -1]
  [-1 -1 -1 -1]
  [-1 -1 -1 -1]
  [-1 -1 -1 -1]
  [-1 -1 -1 -1]
  [-1 -1 -1 -1]
  [-1 -1 -1 -1]
  [-1 -1 -1 -1]]

 [[-1 -1 -1 -1]
  [-1 -1 -1 -1]
  [-1 -1 -1 -1]
  [-1 -1 -1 -1]
  [-1 -1 -1 -1]
  [-1 -1 -1 -1]
  [-1 -1 -1 -1]
  [-1 -1 -1 -1]
  [-1 -1 -1 -1]
  [-1 -1 -1 -1]
  [-1 -1 -1 -1]
  [-1 -1 -1 -1]]]
--------------------------------------------------
- Profiling for submesh 0 (1, 1):
- Generate all stage infos (Jaxpr -> HLO)
- Compile all stages
- Profile all stages
cost[0, 1, 1]=1.410, max_n_succ_stage=-1, Mem: avail=13.664GB, peak=50.350GB, intermediate=0.250GB, init=3.060GB, as_config=((1, 1), {})
cost[1, 2, 0]=1.180, max_n_succ_stage=-1, Mem: avail=13.664GB, peak=46.879GB, intermediate=0.250GB, init=2.251GB, as_config=((1, 1), {'force_batch_dim_to_mesh_dim': 0})
cost[0, 1, 0]=1.410, max_n_succ_stage=-1, Mem: avail=13.664GB, peak=50.350GB, intermediate=0.250GB, init=3.060GB, as_config=((1, 1), {'force_batch_dim_to_mesh_dim': 0})
cost[1, 2, 1]=1.180, max_n_succ_stage=-1, Mem: avail=13.664GB, peak=46.879GB, intermediate=0.250GB, init=2.251GB, as_config=((1, 1), {})
cost[2, 3, 0]=1.327, max_n_succ_stage=-1, Mem: avail=13.664GB, peak=46.320GB, intermediate=0.250GB, init=2.626GB, as_config=((1, 1), {'force_batch_dim_to_mesh_dim': 0})
cost[2, 3, 1]=1.327, max_n_succ_stage=-1, Mem: avail=13.664GB, peak=46.320GB, intermediate=0.250GB, init=2.626GB, as_config=((1, 1), {})
cost[10, 11, 1]=1.326, max_n_succ_stage=-1, Mem: avail=13.664GB, peak=45.380GB, intermediate=0.250GB, init=3.236GB, as_config=((1, 1), {})
cost[10, 11, 0]=1.326, max_n_succ_stage=-1, Mem: avail=13.664GB, peak=45.380GB, intermediate=0.250GB, init=3.236GB, as_config=((1, 1), {'force_batch_dim_to_mesh_dim': 0})
cost[5, 6, 1]=1.180, max_n_succ_stage=-1, Mem: avail=13.664GB, peak=46.638GB, intermediate=0.250GB, init=2.251GB, as_config=((1, 1), {})
cost[5, 6, 0]=1.180, max_n_succ_stage=-1, Mem: avail=13.664GB, peak=46.638GB, intermediate=0.250GB, init=2.251GB, as_config=((1, 1), {'force_batch_dim_to_mesh_dim': 0})
cost[9, 10, 0]=1.296, max_n_succ_stage=-1, Mem: avail=13.664GB, peak=63.483GB, intermediate=0.250GB, init=2.439GB, as_config=((1, 1), {'force_batch_dim_to_mesh_dim': 0})
cost[8, 9, 0]=1.301, max_n_succ_stage=-1, Mem: avail=13.664GB, peak=59.970GB, intermediate=0.250GB, init=2.439GB, as_config=((1, 1), {'force_batch_dim_to_mesh_dim': 0})
cost[6, 7, 1]=1.180, max_n_succ_stage=-1, Mem: avail=13.664GB, peak=47.136GB, intermediate=0.250GB, init=2.251GB, as_config=((1, 1), {})
cost[7, 8, 1]=1.180, max_n_succ_stage=-1, Mem: avail=13.664GB, peak=47.136GB, intermediate=0.250GB, init=2.251GB, as_config=((1, 1), {})
cost[6, 7, 0]=1.180, max_n_succ_stage=-1, Mem: avail=13.664GB, peak=47.136GB, intermediate=0.250GB, init=2.251GB, as_config=((1, 1), {'force_batch_dim_to_mesh_dim': 0})
cost[8, 9, 1]=1.301, max_n_succ_stage=-1, Mem: avail=13.664GB, peak=59.970GB, intermediate=0.250GB, init=2.439GB, as_config=((1, 1), {})
cost[7, 8, 0]=1.180, max_n_succ_stage=-1, Mem: avail=13.664GB, peak=47.136GB, intermediate=0.250GB, init=2.251GB, as_config=((1, 1), {'force_batch_dim_to_mesh_dim': 0})
cost[4, 5, 0]=1.180, max_n_succ_stage=-1, Mem: avail=13.664GB, peak=47.637GB, intermediate=0.250GB, init=2.251GB, as_config=((1, 1), {'force_batch_dim_to_mesh_dim': 0})
cost[4, 5, 1]=1.180, max_n_succ_stage=-1, Mem: avail=13.664GB, peak=47.637GB, intermediate=0.250GB, init=2.251GB, as_config=((1, 1), {})
cost[3, 4, 0]=1.327, max_n_succ_stage=-1, Mem: avail=13.664GB, peak=48.075GB, intermediate=0.250GB, init=2.626GB, as_config=((1, 1), {'force_batch_dim_to_mesh_dim': 0})
cost[3, 4, 1]=1.327, max_n_succ_stage=-1, Mem: avail=13.664GB, peak=48.075GB, intermediate=0.250GB, init=2.626GB, as_config=((1, 1), {})
cost[9, 10, 1]=1.296, max_n_succ_stage=-1, Mem: avail=13.664GB, peak=63.483GB, intermediate=0.250GB, init=2.439GB, as_config=((1, 1), {})
cost[0, 2, 0]=2.000, max_n_succ_stage=-1, Mem: avail=13.664GB, peak=52.415GB, intermediate=0.500GB, init=4.185GB, as_config=((1, 1), {'force_batch_dim_to_mesh_dim': 0})
cost[0, 2, 1]=2.000, max_n_succ_stage=-1, Mem: avail=13.664GB, peak=52.415GB, intermediate=0.500GB, init=4.185GB, as_config=((1, 1), {})
cost[1, 3, 1]=1.917, max_n_succ_stage=-1, Mem: avail=13.664GB, peak=48.386GB, intermediate=0.500GB, init=3.752GB, as_config=((1, 1), {})
cost[1, 3, 0]=1.917, max_n_succ_stage=-1, Mem: avail=13.664GB, peak=48.386GB, intermediate=0.500GB, init=3.752GB, as_config=((1, 1), {'force_batch_dim_to_mesh_dim': 0})
cost[2, 4, 0]=1.917, max_n_succ_stage=-1, Mem: avail=13.664GB, peak=50.131GB, intermediate=0.500GB, init=3.752GB, as_config=((1, 1), {'force_batch_dim_to_mesh_dim': 0})
cost[9, 11, 0]=2.037, max_n_succ_stage=-1, Mem: avail=13.664GB, peak=64.039GB, intermediate=0.500GB, init=4.549GB, as_config=((1, 1), {'force_batch_dim_to_mesh_dim': 0})
cost[9, 11, 1]=2.037, max_n_succ_stage=-1, Mem: avail=13.664GB, peak=64.039GB, intermediate=0.500GB, init=4.549GB, as_config=((1, 1), {})
cost[2, 4, 1]=1.917, max_n_succ_stage=-1, Mem: avail=13.664GB, peak=50.131GB, intermediate=0.500GB, init=3.752GB, as_config=((1, 1), {})
cost[5, 7, 1]=1.770, max_n_succ_stage=-1, Mem: avail=13.664GB, peak=48.953GB, intermediate=0.500GB, init=3.377GB, as_config=((1, 1), {})
cost[5, 8, 0]=2.359, max_n_succ_stage=-1, Mem: avail=13.664GB, peak=48.014GB, intermediate=0.750GB, init=4.502GB, as_config=((1, 1), {'force_batch_dim_to_mesh_dim': 0})
cost[6, 8, 0]=1.770, max_n_succ_stage=-1, Mem: avail=13.664GB, peak=48.452GB, intermediate=0.500GB, init=3.377GB, as_config=((1, 1), {'force_batch_dim_to_mesh_dim': 0})
cost[4, 6, 0]=1.770, max_n_succ_stage=-1, Mem: avail=13.664GB, peak=48.446GB, intermediate=0.500GB, init=3.377GB, as_config=((1, 1), {'force_batch_dim_to_mesh_dim': 0})
cost[5, 7, 0]=1.770, max_n_succ_stage=-1, Mem: avail=13.664GB, peak=48.953GB, intermediate=0.500GB, init=3.377GB, as_config=((1, 1), {'force_batch_dim_to_mesh_dim': 0})
cost[2, 5, 0]=2.507, max_n_succ_stage=-1, Mem: avail=13.664GB, peak=53.697GB, intermediate=0.750GB, init=4.878GB, as_config=((1, 1), {'force_batch_dim_to_mesh_dim': 0})
cost[1, 4, 0]=2.507, max_n_succ_stage=-1, Mem: avail=13.664GB, peak=53.200GB, intermediate=0.750GB, init=4.878GB, as_config=((1, 1), {'force_batch_dim_to_mesh_dim': 0})
cost[8, 10, 0]=1.886, max_n_succ_stage=-1, Mem: avail=13.664GB, peak=64.288GB, intermediate=0.500GB, init=3.564GB, as_config=((1, 1), {'force_batch_dim_to_mesh_dim': 0})
cost[6, 8, 1]=1.770, max_n_succ_stage=-1, Mem: avail=13.664GB, peak=48.452GB, intermediate=0.500GB, init=3.377GB, as_config=((1, 1), {})
cost[4, 6, 1]=1.770, max_n_succ_stage=-1, Mem: avail=13.664GB, peak=48.446GB, intermediate=0.500GB, init=3.377GB, as_config=((1, 1), {})
cost[8, 10, 1]=1.886, max_n_succ_stage=-1, Mem: avail=13.664GB, peak=64.288GB, intermediate=0.500GB, init=3.564GB, as_config=((1, 1), {})
cost[3, 5, 1]=1.917, max_n_succ_stage=-1, Mem: avail=13.664GB, peak=51.387GB, intermediate=0.500GB, init=3.752GB, as_config=((1, 1), {})
cost[3, 5, 0]=1.917, max_n_succ_stage=-1, Mem: avail=13.664GB, peak=51.387GB, intermediate=0.500GB, init=3.752GB, as_config=((1, 1), {'force_batch_dim_to_mesh_dim': 0})
cost[0, 3, 0]=2.737, max_n_succ_stage=-1, Mem: avail=13.664GB, peak=52.661GB, intermediate=0.750GB, init=5.686GB, as_config=((1, 1), {'force_batch_dim_to_mesh_dim': 0})
cost[7, 9, 0]=1.891, max_n_succ_stage=-1, Mem: avail=13.664GB, peak=60.783GB, intermediate=0.500GB, init=3.564GB, as_config=((1, 1), {'force_batch_dim_to_mesh_dim': 0})
cost[7, 9, 1]=1.891, max_n_succ_stage=-1, Mem: avail=13.664GB, peak=60.783GB, intermediate=0.500GB, init=3.564GB, as_config=((1, 1), {})
cost[0, 3, 1]=2.737, max_n_succ_stage=-1, Mem: avail=13.664GB, peak=52.661GB, intermediate=0.750GB, init=5.686GB, as_config=((1, 1), {})
cost[1, 4, 1]=2.507, max_n_succ_stage=-1, Mem: avail=13.664GB, peak=53.200GB, intermediate=0.750GB, init=4.878GB, as_config=((1, 1), {})
cost[2, 5, 1]=2.507, max_n_succ_stage=-1, Mem: avail=13.664GB, peak=53.697GB, intermediate=0.750GB, init=4.878GB, as_config=((1, 1), {})
cost[8, 11, 1]=2.627, max_n_succ_stage=-1, Mem: avail=13.664GB, peak=61.342GB, intermediate=0.750GB, init=5.675GB, as_config=((1, 1), {})
cost[8, 11, 0]=2.627, max_n_succ_stage=-1, Mem: avail=13.664GB, peak=61.342GB, intermediate=0.750GB, init=5.675GB, as_config=((1, 1), {'force_batch_dim_to_mesh_dim': 0})
cost[4, 7, 0]=2.359, max_n_succ_stage=-1, Mem: avail=13.664GB, peak=49.755GB, intermediate=0.750GB, init=4.502GB, as_config=((1, 1), {'force_batch_dim_to_mesh_dim': 0})
cost[4, 7, 1]=2.359, max_n_succ_stage=-1, Mem: avail=13.664GB, peak=49.755GB, intermediate=0.750GB, init=4.502GB, as_config=((1, 1), {})
cost[5, 8, 1]=2.359, max_n_succ_stage=-1, Mem: avail=13.664GB, peak=48.014GB, intermediate=0.750GB, init=4.502GB, as_config=((1, 1), {})
cost[3, 6, 0]=2.507, max_n_succ_stage=-1, Mem: avail=13.664GB, peak=50.955GB, intermediate=0.750GB, init=4.878GB, as_config=((1, 1), {'force_batch_dim_to_mesh_dim': 0})
cost[3, 6, 1]=2.507, max_n_succ_stage=-1, Mem: avail=13.664GB, peak=50.955GB, intermediate=0.750GB, init=4.878GB, as_config=((1, 1), {})
cost[7, 10, 1]=2.476, max_n_succ_stage=-1, Mem: avail=13.664GB, peak=67.097GB, intermediate=0.750GB, init=4.690GB, as_config=((1, 1), {})
cost[6, 9, 0]=2.481, max_n_succ_stage=-1, Mem: avail=13.664GB, peak=61.595GB, intermediate=0.750GB, init=4.690GB, as_config=((1, 1), {'force_batch_dim_to_mesh_dim': 0})
cost[7, 10, 0]=2.476, max_n_succ_stage=-1, Mem: avail=13.664GB, peak=67.097GB, intermediate=0.750GB, init=4.690GB, as_config=((1, 1), {'force_batch_dim_to_mesh_dim': 0})
cost[6, 9, 1]=2.481, max_n_succ_stage=-1, Mem: avail=13.664GB, peak=61.595GB, intermediate=0.750GB, init=4.690GB, as_config=((1, 1), {})
cost[1, 5, 0]=3.096, max_n_succ_stage=-1, Mem: avail=13.664GB, peak=56.513GB, intermediate=1.000GB, init=6.003GB, as_config=((1, 1), {'force_batch_dim_to_mesh_dim': 0})
cost[0, 4, 0]=3.327, max_n_succ_stage=-1, Mem: avail=13.664GB, peak=56.242GB, intermediate=1.000GB, init=6.812GB, as_config=((1, 1), {'force_batch_dim_to_mesh_dim': 0})
cost[0, 4, 1]=3.327, max_n_succ_stage=-1, Mem: avail=13.664GB, peak=56.242GB, intermediate=1.000GB, init=6.812GB, as_config=((1, 1), {})
cost[1, 5, 1]=3.096, max_n_succ_stage=-1, Mem: avail=13.664GB, peak=56.513GB, intermediate=1.000GB, init=6.003GB, as_config=((1, 1), {})
cost[7, 11, 1]=3.217, max_n_succ_stage=-1, Mem: avail=13.664GB, peak=68.410GB, intermediate=1.000GB, init=6.800GB, as_config=((1, 1), {})
cost[7, 11, 0]=3.217, max_n_succ_stage=-1, Mem: avail=13.664GB, peak=68.410GB, intermediate=1.000GB, init=6.800GB, as_config=((1, 1), {'force_batch_dim_to_mesh_dim': 0})
cost[4, 8, 0]=2.949, max_n_succ_stage=-1, Mem: avail=13.664GB, peak=55.096GB, intermediate=1.000GB, init=5.628GB, as_config=((1, 1), {'force_batch_dim_to_mesh_dim': 0})
cost[5, 9, 1]=3.071, max_n_succ_stage=-1, Mem: avail=13.664GB, peak=62.408GB, intermediate=1.000GB, init=5.816GB, as_config=((1, 1), {})
cost[5, 9, 0]=3.071, max_n_succ_stage=-1, Mem: avail=13.664GB, peak=62.408GB, intermediate=1.000GB, init=5.816GB, as_config=((1, 1), {'force_batch_dim_to_mesh_dim': 0})
cost[4, 8, 1]=2.949, max_n_succ_stage=-1, Mem: avail=13.664GB, peak=55.096GB, intermediate=1.000GB, init=5.628GB, as_config=((1, 1), {})
cost[2, 6, 0]=3.096, max_n_succ_stage=-1, Mem: avail=13.664GB, peak=55.772GB, intermediate=1.000GB, init=6.003GB, as_config=((1, 1), {'force_batch_dim_to_mesh_dim': 0})
cost[2, 6, 1]=3.096, max_n_succ_stage=-1, Mem: avail=13.664GB, peak=55.772GB, intermediate=1.000GB, init=6.003GB, as_config=((1, 1), {})
cost[3, 7, 1]=3.096, max_n_succ_stage=-1, Mem: avail=13.664GB, peak=57.021GB, intermediate=1.000GB, init=6.003GB, as_config=((1, 1), {})
cost[3, 7, 0]=3.096, max_n_succ_stage=-1, Mem: avail=13.664GB, peak=57.021GB, intermediate=1.000GB, init=6.003GB, as_config=((1, 1), {'force_batch_dim_to_mesh_dim': 0})
cost[1, 6, 1]=3.686, max_n_succ_stage=-1, Mem: avail=13.664GB, peak=54.823GB, intermediate=1.250GB, init=7.129GB, as_config=((1, 1), {})
cost[6, 10, 0]=3.066, max_n_succ_stage=-1, Mem: avail=13.664GB, peak=65.913GB, intermediate=1.000GB, init=5.816GB, as_config=((1, 1), {'force_batch_dim_to_mesh_dim': 0})
cost[6, 10, 1]=3.066, max_n_succ_stage=-1, Mem: avail=13.664GB, peak=65.913GB, intermediate=1.000GB, init=5.816GB, as_config=((1, 1), {})
cost[1, 6, 0]=3.686, max_n_succ_stage=-1, Mem: avail=13.664GB, peak=54.823GB, intermediate=1.250GB, init=7.129GB, as_config=((1, 1), {'force_batch_dim_to_mesh_dim': 0})
cost[3, 8, 1]=3.686, max_n_succ_stage=-1, Mem: avail=13.664GB, peak=58.325GB, intermediate=1.250GB, init=7.129GB, as_config=((1, 1), {})
cost[6, 11, 1]=3.807, max_n_succ_stage=-1, Mem: avail=13.664GB, peak=68.965GB, intermediate=1.250GB, init=7.926GB, as_config=((1, 1), {})
cost[6, 11, 0]=3.807, max_n_succ_stage=-1, Mem: avail=13.664GB, peak=68.965GB, intermediate=1.250GB, init=7.926GB, as_config=((1, 1), {'force_batch_dim_to_mesh_dim': 0})
cost[3, 8, 0]=3.686, max_n_succ_stage=-1, Mem: avail=13.664GB, peak=58.325GB, intermediate=1.250GB, init=7.129GB, as_config=((1, 1), {'force_batch_dim_to_mesh_dim': 0})
cost[2, 7, 0]=3.686, max_n_succ_stage=-1, Mem: avail=13.664GB, peak=55.833GB, intermediate=1.250GB, init=7.129GB, as_config=((1, 1), {'force_batch_dim_to_mesh_dim': 0})
cost[2, 7, 1]=3.686, max_n_succ_stage=-1, Mem: avail=13.664GB, peak=55.833GB, intermediate=1.250GB, init=7.129GB, as_config=((1, 1), {})
cost[4, 9, 1]=3.661, max_n_succ_stage=-1, Mem: avail=13.664GB, peak=63.221GB, intermediate=1.250GB, init=6.941GB, as_config=((1, 1), {})
cost[5, 10, 1]=3.655, max_n_succ_stage=-1, Mem: avail=13.664GB, peak=66.724GB, intermediate=1.250GB, init=6.941GB, as_config=((1, 1), {})
cost[4, 9, 0]=3.661, max_n_succ_stage=-1, Mem: avail=13.664GB, peak=63.221GB, intermediate=1.250GB, init=6.941GB, as_config=((1, 1), {'force_batch_dim_to_mesh_dim': 0})
cost[5, 10, 0]=3.655, max_n_succ_stage=-1, Mem: avail=13.664GB, peak=66.724GB, intermediate=1.250GB, init=6.941GB, as_config=((1, 1), {'force_batch_dim_to_mesh_dim': 0})
Profiling for submesh 0 (1, 1) takes 82.88 seconds
Profiled costs are: [[[       inf        inf        inf        inf]
  [1.41020198 1.41020198        inf        inf]
  [2.00007126 2.00007126        inf        inf]
  [2.73698619 2.73698619        inf        inf]
  [3.32685547 3.32685547        inf        inf]
  [       inf        inf        inf        inf]
  [       inf        inf        inf        inf]
  [       inf        inf        inf        inf]
  [       inf        inf        inf        inf]
  [       inf        inf        inf        inf]
  [       inf        inf        inf        inf]
  [       inf        inf        inf        inf]]

 [[       inf        inf        inf        inf]
  [       inf        inf        inf        inf]
  [1.17973855 1.17973855        inf        inf]
  [1.91665348 1.91665348        inf        inf]
  [2.50652276 2.50652276        inf        inf]
  [3.09639204 3.09639204        inf        inf]
  [3.68626131 3.68626131        inf        inf]
  [       inf        inf        inf        inf]
  [       inf        inf        inf        inf]
  [       inf        inf        inf        inf]
  [       inf        inf        inf        inf]
  [       inf        inf        inf        inf]]

 [[       inf        inf        inf        inf]
  [       inf        inf        inf        inf]
  [       inf        inf        inf        inf]
  [1.3267842  1.3267842         inf        inf]
  [1.91665348 1.91665348        inf        inf]
  [2.50652276 2.50652276        inf        inf]
  [3.09639204 3.09639204        inf        inf]
  [3.68626131 3.68626131        inf        inf]
  [       inf        inf        inf        inf]
  [       inf        inf        inf        inf]
  [       inf        inf        inf        inf]
  [       inf        inf        inf        inf]]

 [[       inf        inf        inf        inf]
  [       inf        inf        inf        inf]
  [       inf        inf        inf        inf]
  [       inf        inf        inf        inf]
  [1.3267842  1.3267842         inf        inf]
  [1.91665348 1.91665348        inf        inf]
  [2.50652276 2.50652276        inf        inf]
  [3.09639204 3.09639204        inf        inf]
  [3.68626131 3.68626131        inf        inf]
  [       inf        inf        inf        inf]
  [       inf        inf        inf        inf]
  [       inf        inf        inf        inf]]

 [[       inf        inf        inf        inf]
  [       inf        inf        inf        inf]
  [       inf        inf        inf        inf]
  [       inf        inf        inf        inf]
  [       inf        inf        inf        inf]
  [1.17973855 1.17973855        inf        inf]
  [1.76960783 1.76960783        inf        inf]
  [2.35947711 2.35947711        inf        inf]
  [2.94934639 2.94934639        inf        inf]
  [3.66077475 3.66077475        inf        inf]
  [       inf        inf        inf        inf]
  [       inf        inf        inf        inf]]

 [[       inf        inf        inf        inf]
  [       inf        inf        inf        inf]
  [       inf        inf        inf        inf]
  [       inf        inf        inf        inf]
  [       inf        inf        inf        inf]
  [       inf        inf        inf        inf]
  [1.17973855 1.17973855        inf        inf]
  [1.76960783 1.76960783        inf        inf]
  [2.35947711 2.35947711        inf        inf]
  [3.07090547 3.07090547        inf        inf]
  [3.65545136 3.65545136        inf        inf]
  [       inf        inf        inf        inf]]

 [[       inf        inf        inf        inf]
  [       inf        inf        inf        inf]
  [       inf        inf        inf        inf]
  [       inf        inf        inf        inf]
  [       inf        inf        inf        inf]
  [       inf        inf        inf        inf]
  [       inf        inf        inf        inf]
  [1.17973855 1.17973855        inf        inf]
  [1.76960783 1.76960783        inf        inf]
  [2.48103619 2.48103619        inf        inf]
  [3.06558208 3.06558208        inf        inf]
  [3.80697381 3.80697381        inf        inf]]

 [[       inf        inf        inf        inf]
  [       inf        inf        inf        inf]
  [       inf        inf        inf        inf]
  [       inf        inf        inf        inf]
  [       inf        inf        inf        inf]
  [       inf        inf        inf        inf]
  [       inf        inf        inf        inf]
  [       inf        inf        inf        inf]
  [1.17973855 1.17973855        inf        inf]
  [1.89116691 1.89116691        inf        inf]
  [2.4757128  2.4757128         inf        inf]
  [3.21710453 3.21710453        inf        inf]]

 [[       inf        inf        inf        inf]
  [       inf        inf        inf        inf]
  [       inf        inf        inf        inf]
  [       inf        inf        inf        inf]
  [       inf        inf        inf        inf]
  [       inf        inf        inf        inf]
  [       inf        inf        inf        inf]
  [       inf        inf        inf        inf]
  [       inf        inf        inf        inf]
  [1.30129764 1.30129764        inf        inf]
  [1.88584353 1.88584353        inf        inf]
  [2.62723525 2.62723525        inf        inf]]

 [[       inf        inf        inf        inf]
  [       inf        inf        inf        inf]
  [       inf        inf        inf        inf]
  [       inf        inf        inf        inf]
  [       inf        inf        inf        inf]
  [       inf        inf        inf        inf]
  [       inf        inf        inf        inf]
  [       inf        inf        inf        inf]
  [       inf        inf        inf        inf]
  [       inf        inf        inf        inf]
  [1.29597425 1.29597425        inf        inf]
  [2.03736598 2.03736598        inf        inf]]

 [[       inf        inf        inf        inf]
  [       inf        inf        inf        inf]
  [       inf        inf        inf        inf]
  [       inf        inf        inf        inf]
  [       inf        inf        inf        inf]
  [       inf        inf        inf        inf]
  [       inf        inf        inf        inf]
  [       inf        inf        inf        inf]
  [       inf        inf        inf        inf]
  [       inf        inf        inf        inf]
  [       inf        inf        inf        inf]
  [1.32593762 1.32593762        inf        inf]]

 [[       inf        inf        inf        inf]
  [       inf        inf        inf        inf]
  [       inf        inf        inf        inf]
  [       inf        inf        inf        inf]
  [       inf        inf        inf        inf]
  [       inf        inf        inf        inf]
  [       inf        inf        inf        inf]
  [       inf        inf        inf        inf]
  [       inf        inf        inf        inf]
  [       inf        inf        inf        inf]
  [       inf        inf        inf        inf]
  [       inf        inf        inf        inf]]]
Profiled max_n_succ_stages are: [[[-1 -1 -1 -1]
  [-1 -1 -1 -1]
  [-1 -1 -1 -1]
  [-1 -1 -1 -1]
  [-1 -1 -1 -1]
  [-1 -1 -1 -1]
  [-1 -1 -1 -1]
  [-1 -1 -1 -1]
  [-1 -1 -1 -1]
  [-1 -1 -1 -1]
  [-1 -1 -1 -1]
  [-1 -1 -1 -1]]

 [[-1 -1 -1 -1]
  [-1 -1 -1 -1]
  [-1 -1 -1 -1]
  [-1 -1 -1 -1]
  [-1 -1 -1 -1]
  [-1 -1 -1 -1]
  [-1 -1 -1 -1]
  [-1 -1 -1 -1]
  [-1 -1 -1 -1]
  [-1 -1 -1 -1]
  [-1 -1 -1 -1]
  [-1 -1 -1 -1]]

 [[-1 -1 -1 -1]
  [-1 -1 -1 -1]
  [-1 -1 -1 -1]
  [-1 -1 -1 -1]
  [-1 -1 -1 -1]
  [-1 -1 -1 -1]
  [-1 -1 -1 -1]
  [-1 -1 -1 -1]
  [-1 -1 -1 -1]
  [-1 -1 -1 -1]
  [-1 -1 -1 -1]
  [-1 -1 -1 -1]]

 [[-1 -1 -1 -1]
  [-1 -1 -1 -1]
  [-1 -1 -1 -1]
  [-1 -1 -1 -1]
  [-1 -1 -1 -1]
  [-1 -1 -1 -1]
  [-1 -1 -1 -1]
  [-1 -1 -1 -1]
  [-1 -1 -1 -1]
  [-1 -1 -1 -1]
  [-1 -1 -1 -1]
  [-1 -1 -1 -1]]

 [[-1 -1 -1 -1]
  [-1 -1 -1 -1]
  [-1 -1 -1 -1]
  [-1 -1 -1 -1]
  [-1 -1 -1 -1]
  [-1 -1 -1 -1]
  [-1 -1 -1 -1]
  [-1 -1 -1 -1]
  [-1 -1 -1 -1]
  [-1 -1 -1 -1]
  [-1 -1 -1 -1]
  [-1 -1 -1 -1]]

 [[-1 -1 -1 -1]
  [-1 -1 -1 -1]
  [-1 -1 -1 -1]
  [-1 -1 -1 -1]
  [-1 -1 -1 -1]
  [-1 -1 -1 -1]
  [-1 -1 -1 -1]
  [-1 -1 -1 -1]
  [-1 -1 -1 -1]
  [-1 -1 -1 -1]
  [-1 -1 -1 -1]
  [-1 -1 -1 -1]]

 [[-1 -1 -1 -1]
  [-1 -1 -1 -1]
  [-1 -1 -1 -1]
  [-1 -1 -1 -1]
  [-1 -1 -1 -1]
  [-1 -1 -1 -1]
  [-1 -1 -1 -1]
  [-1 -1 -1 -1]
  [-1 -1 -1 -1]
  [-1 -1 -1 -1]
  [-1 -1 -1 -1]
  [-1 -1 -1 -1]]

 [[-1 -1 -1 -1]
  [-1 -1 -1 -1]
  [-1 -1 -1 -1]
  [-1 -1 -1 -1]
  [-1 -1 -1 -1]
  [-1 -1 -1 -1]
  [-1 -1 -1 -1]
  [-1 -1 -1 -1]
  [-1 -1 -1 -1]
  [-1 -1 -1 -1]
  [-1 -1 -1 -1]
  [-1 -1 -1 -1]]

 [[-1 -1 -1 -1]
  [-1 -1 -1 -1]
  [-1 -1 -1 -1]
  [-1 -1 -1 -1]
  [-1 -1 -1 -1]
  [-1 -1 -1 -1]
  [-1 -1 -1 -1]
  [-1 -1 -1 -1]
  [-1 -1 -1 -1]
  [-1 -1 -1 -1]
  [-1 -1 -1 -1]
  [-1 -1 -1 -1]]

 [[-1 -1 -1 -1]
  [-1 -1 -1 -1]
  [-1 -1 -1 -1]
  [-1 -1 -1 -1]
  [-1 -1 -1 -1]
  [-1 -1 -1 -1]
  [-1 -1 -1 -1]
  [-1 -1 -1 -1]
  [-1 -1 -1 -1]
  [-1 -1 -1 -1]
  [-1 -1 -1 -1]
  [-1 -1 -1 -1]]

 [[-1 -1 -1 -1]
  [-1 -1 -1 -1]
  [-1 -1 -1 -1]
  [-1 -1 -1 -1]
  [-1 -1 -1 -1]
  [-1 -1 -1 -1]
  [-1 -1 -1 -1]
  [-1 -1 -1 -1]
  [-1 -1 -1 -1]
  [-1 -1 -1 -1]
  [-1 -1 -1 -1]
  [-1 -1 -1 -1]]

 [[-1 -1 -1 -1]
  [-1 -1 -1 -1]
  [-1 -1 -1 -1]
  [-1 -1 -1 -1]
  [-1 -1 -1 -1]
  [-1 -1 -1 -1]
  [-1 -1 -1 -1]
  [-1 -1 -1 -1]
  [-1 -1 -1 -1]
  [-1 -1 -1 -1]
  [-1 -1 -1 -1]
  [-1 -1 -1 -1]]]
--------------------------------------------------
Compute cost saved to: compute-cost-2026-05-15-08-38-20.npy
----------------------------------------------------------------------
Traceback (most recent call last):
  File "benchmark_3d_one_case.py", line 92, in <module>
    benchmark_one_case(args.model,
  File "benchmark_3d_one_case.py", line 37, in benchmark_one_case
    result = benchmark_gpt_bert_internal(model, case, niter, num_hosts,
  File "/home/liminglong.lml/sxz/SuperScaler/external/alpa/benchmark_3d_one_case_gpt_bert.py", line 290, in benchmark_gpt_bert_internal
    executable = train_step.get_executable(state, batch, rngkey)
  File "/usr/local/lib/python3.8/dist-packages/alpa/api.py", line 110, in get_executable
    executable, _, _, _ = self._decode_args_and_get_executable(*args)
  File "/usr/local/lib/python3.8/dist-packages/alpa/api.py", line 174, in _decode_args_and_get_executable
    executable = _compile_parallel_executable(f, in_tree, out_tree_hashable,
  File "/usr/local/lib/python3.8/dist-packages/jax/linear_util.py", line 272, in memoized_fun
    ans = call(fun, *args)
  File "/usr/local/lib/python3.8/dist-packages/alpa/api.py", line 201, in _compile_parallel_executable
    return method.compile_executable(fun, in_tree, out_tree_thunk,
  File "/usr/local/lib/python3.8/dist-packages/alpa/parallel_method.py", line 220, in compile_executable
    return compile_pipeshard_executable(
  File "/usr/local/lib/python3.8/dist-packages/alpa/pipeline_parallel/compile_executable.py", line 76, in compile_pipeshard_executable
    pipeshard_config = compile_pipeshard_executable_internal(
  File "/usr/local/lib/python3.8/dist-packages/alpa/pipeline_parallel/compile_executable.py", line 150, in compile_pipeshard_executable_internal
    manual_stage_option) = cluster_layers_and_slice_mesh(
  File "/usr/local/lib/python3.8/dist-packages/alpa/pipeline_parallel/stage_construction.py", line 618, in cluster_layers_and_slice_mesh
    assert solution is not None, "no solution in auto stage construction."
AssertionError: no solution in auto stage construction.
[DEBUG] latencies = [-1]
Type: gpt  Model Config: (1024, 2048, 2048, 24, 32)  #Microbatch: 32  #GPU: 4  Parallel Config: (True, True, 12, {'submesh_physical_shape_space': 'small_power_of_two', 'submesh_logical_shape_space': 'all', 'stage_imbalance_tolerance': 1.0, 'use_hlo_cost_model': True, 'profiling_database_filename': 'prof_database.pkl'})  Mean Time: -1.000s  Std Time: 0.000  #Params: -0.000B  TFLOPs: -1.00  TFLOPs (ckpt): -1.00  Peak Mem: -0.000G  Compilation Time: None  Global Batch Size: 1024  
Working on case: (1024, 2048, 2048, 24, 32, 51200, 64, 'search', (True, True, 12, {'submesh_physical_shape_space': 'small_power_of_two', 'submesh_logical_shape_space': 'all', 'stage_imbalance_tolerance': 1.0, 'use_hlo_cost_model': True, 'profiling_database_filename': 'prof_database.pkl'}))
rm -rf /tmp/tmp_transfer.pkl
python3 -u benchmark_3d_one_case.py --model gpt --niter 3 --case "(1024, 2048, 2048, 24, 32, 51200, 64, 'search', (True, True, 12, {'submesh_physical_shape_space': 'small_power_of_two', 'submesh_logical_shape_space': 'all', 'stage_imbalance_tolerance': 1.0, 'use_hlo_cost_model': True, 'profiling_database_filename': 'prof_database.pkl'}))" --num-hosts 1 --num-devices-per-host 4 --dump-result --disable-tqdm 
mkdir -p tmp
 - Prepare input: 1.49 s
 - Create train state: 1.10 s
-------------------- Automatic stage clustering --------------------
submesh_choices: ((1, 1), (1, 2), (1, 4))
- Profiling for submesh 2 (1, 4):
- Generate all stage infos (Jaxpr -> HLO)
- Compile all stages
- Profile all stages
cost[0, 11, 3]=1.097, max_n_succ_stage=-1, Mem: avail=13.664GB, peak=14.955GB, intermediate=0.000GB, init=3.966GB, as_config=((4, 1), {})
cost[0, 11, 0]=1.026, max_n_succ_stage=-1, Mem: avail=13.664GB, peak=14.307GB, intermediate=0.000GB, init=3.966GB, as_config=((4, 1), {'force_batch_dim_to_mesh_dim': 0})
cost[0, 11, 1]=3.712, max_n_succ_stage=-1, Mem: avail=13.664GB, peak=12.029GB, intermediate=0.000GB, init=3.967GB, as_config=((2, 2), {'force_batch_dim_to_mesh_dim': 0})
cost[0, 11, 2]=7.719, max_n_succ_stage=-1, Mem: avail=13.664GB, peak=11.925GB, intermediate=0.000GB, init=3.968GB, as_config=((1, 4), {'force_batch_dim_to_mesh_dim': 0})
Profiling for submesh 2 (1, 4) takes 98.11 seconds
Profiled costs are: [[[       inf        inf        inf        inf]
  [       inf        inf        inf        inf]
  [       inf        inf        inf        inf]
  [       inf        inf        inf        inf]
  [       inf        inf        inf        inf]
  [       inf        inf        inf        inf]
  [       inf        inf        inf        inf]
  [       inf        inf        inf        inf]
  [       inf        inf        inf        inf]
  [       inf        inf        inf        inf]
  [       inf        inf        inf        inf]
  [1.0259933  3.71200839 7.71884371 1.09718092]]

 [[       inf        inf        inf        inf]
  [       inf        inf        inf        inf]
  [       inf        inf        inf        inf]
  [       inf        inf        inf        inf]
  [       inf        inf        inf        inf]
  [       inf        inf        inf        inf]
  [       inf        inf        inf        inf]
  [       inf        inf        inf        inf]
  [       inf        inf        inf        inf]
  [       inf        inf        inf        inf]
  [       inf        inf        inf        inf]
  [       inf        inf        inf        inf]]

 [[       inf        inf        inf        inf]
  [       inf        inf        inf        inf]
  [       inf        inf        inf        inf]
  [       inf        inf        inf        inf]
  [       inf        inf        inf        inf]
  [       inf        inf        inf        inf]
  [       inf        inf        inf        inf]
  [       inf        inf        inf        inf]
  [       inf        inf        inf        inf]
  [       inf        inf        inf        inf]
  [       inf        inf        inf        inf]
  [       inf        inf        inf        inf]]

 [[       inf        inf        inf        inf]
  [       inf        inf        inf        inf]
  [       inf        inf        inf        inf]
  [       inf        inf        inf        inf]
  [       inf        inf        inf        inf]
  [       inf        inf        inf        inf]
  [       inf        inf        inf        inf]
  [       inf        inf        inf        inf]
  [       inf        inf        inf        inf]
  [       inf        inf        inf        inf]
  [       inf        inf        inf        inf]
  [       inf        inf        inf        inf]]

 [[       inf        inf        inf        inf]
  [       inf        inf        inf        inf]
  [       inf        inf        inf        inf]
  [       inf        inf        inf        inf]
  [       inf        inf        inf        inf]
  [       inf        inf        inf        inf]
  [       inf        inf        inf        inf]
  [       inf        inf        inf        inf]
  [       inf        inf        inf        inf]
  [       inf        inf        inf        inf]
  [       inf        inf        inf        inf]
  [       inf        inf        inf        inf]]

 [[       inf        inf        inf        inf]
  [       inf        inf        inf        inf]
  [       inf        inf        inf        inf]
  [       inf        inf        inf        inf]
  [       inf        inf        inf        inf]
  [       inf        inf        inf        inf]
  [       inf        inf        inf        inf]
  [       inf        inf        inf        inf]
  [       inf        inf        inf        inf]
  [       inf        inf        inf        inf]
  [       inf        inf        inf        inf]
  [       inf        inf        inf        inf]]

 [[       inf        inf        inf        inf]
  [       inf        inf        inf        inf]
  [       inf        inf        inf        inf]
  [       inf        inf        inf        inf]
  [       inf        inf        inf        inf]
  [       inf        inf        inf        inf]
  [       inf        inf        inf        inf]
  [       inf        inf        inf        inf]
  [       inf        inf        inf        inf]
  [       inf        inf        inf        inf]
  [       inf        inf        inf        inf]
  [       inf        inf        inf        inf]]

 [[       inf        inf        inf        inf]
  [       inf        inf        inf        inf]
  [       inf        inf        inf        inf]
  [       inf        inf        inf        inf]
  [       inf        inf        inf        inf]
  [       inf        inf        inf        inf]
  [       inf        inf        inf        inf]
  [       inf        inf        inf        inf]
  [       inf        inf        inf        inf]
  [       inf        inf        inf        inf]
  [       inf        inf        inf        inf]
  [       inf        inf        inf        inf]]

 [[       inf        inf        inf        inf]
  [       inf        inf        inf        inf]
  [       inf        inf        inf        inf]
  [       inf        inf        inf        inf]
  [       inf        inf        inf        inf]
  [       inf        inf        inf        inf]
  [       inf        inf        inf        inf]
  [       inf        inf        inf        inf]
  [       inf        inf        inf        inf]
  [       inf        inf        inf        inf]
  [       inf        inf        inf        inf]
  [       inf        inf        inf        inf]]

 [[       inf        inf        inf        inf]
  [       inf        inf        inf        inf]
  [       inf        inf        inf        inf]
  [       inf        inf        inf        inf]
  [       inf        inf        inf        inf]
  [       inf        inf        inf        inf]
  [       inf        inf        inf        inf]
  [       inf        inf        inf        inf]
  [       inf        inf        inf        inf]
  [       inf        inf        inf        inf]
  [       inf        inf        inf        inf]
  [       inf        inf        inf        inf]]

 [[       inf        inf        inf        inf]
  [       inf        inf        inf        inf]
  [       inf        inf        inf        inf]
  [       inf        inf        inf        inf]
  [       inf        inf        inf        inf]
  [       inf        inf        inf        inf]
  [       inf        inf        inf        inf]
  [       inf        inf        inf        inf]
  [       inf        inf        inf        inf]
  [       inf        inf        inf        inf]
  [       inf        inf        inf        inf]
  [       inf        inf        inf        inf]]

 [[       inf        inf        inf        inf]
  [       inf        inf        inf        inf]
  [       inf        inf        inf        inf]
  [       inf        inf        inf        inf]
  [       inf        inf        inf        inf]
  [       inf        inf        inf        inf]
  [       inf        inf        inf        inf]
  [       inf        inf        inf        inf]
  [       inf        inf        inf        inf]
  [       inf        inf        inf        inf]
  [       inf        inf        inf        inf]
  [       inf        inf        inf        inf]]]
Profiled max_n_succ_stages are: [[[-1 -1 -1 -1]
  [-1 -1 -1 -1]
  [-1 -1 -1 -1]
  [-1 -1 -1 -1]
  [-1 -1 -1 -1]
  [-1 -1 -1 -1]
  [-1 -1 -1 -1]
  [-1 -1 -1 -1]
  [-1 -1 -1 -1]
  [-1 -1 -1 -1]
  [-1 -1 -1 -1]
  [-1 -1 -1 -1]]

 [[-1 -1 -1 -1]
  [-1 -1 -1 -1]
  [-1 -1 -1 -1]
  [-1 -1 -1 -1]
  [-1 -1 -1 -1]
  [-1 -1 -1 -1]
  [-1 -1 -1 -1]
  [-1 -1 -1 -1]
  [-1 -1 -1 -1]
  [-1 -1 -1 -1]
  [-1 -1 -1 -1]
  [-1 -1 -1 -1]]

 [[-1 -1 -1 -1]
  [-1 -1 -1 -1]
  [-1 -1 -1 -1]
  [-1 -1 -1 -1]
  [-1 -1 -1 -1]
  [-1 -1 -1 -1]
  [-1 -1 -1 -1]
  [-1 -1 -1 -1]
  [-1 -1 -1 -1]
  [-1 -1 -1 -1]
  [-1 -1 -1 -1]
  [-1 -1 -1 -1]]

 [[-1 -1 -1 -1]
  [-1 -1 -1 -1]
  [-1 -1 -1 -1]
  [-1 -1 -1 -1]
  [-1 -1 -1 -1]
  [-1 -1 -1 -1]
  [-1 -1 -1 -1]
  [-1 -1 -1 -1]
  [-1 -1 -1 -1]
  [-1 -1 -1 -1]
  [-1 -1 -1 -1]
  [-1 -1 -1 -1]]

 [[-1 -1 -1 -1]
  [-1 -1 -1 -1]
  [-1 -1 -1 -1]
  [-1 -1 -1 -1]
  [-1 -1 -1 -1]
  [-1 -1 -1 -1]
  [-1 -1 -1 -1]
  [-1 -1 -1 -1]
  [-1 -1 -1 -1]
  [-1 -1 -1 -1]
  [-1 -1 -1 -1]
  [-1 -1 -1 -1]]

 [[-1 -1 -1 -1]
  [-1 -1 -1 -1]
  [-1 -1 -1 -1]
  [-1 -1 -1 -1]
  [-1 -1 -1 -1]
  [-1 -1 -1 -1]
  [-1 -1 -1 -1]
  [-1 -1 -1 -1]
  [-1 -1 -1 -1]
  [-1 -1 -1 -1]
  [-1 -1 -1 -1]
  [-1 -1 -1 -1]]

 [[-1 -1 -1 -1]
  [-1 -1 -1 -1]
  [-1 -1 -1 -1]
  [-1 -1 -1 -1]
  [-1 -1 -1 -1]
  [-1 -1 -1 -1]
  [-1 -1 -1 -1]
  [-1 -1 -1 -1]
  [-1 -1 -1 -1]
  [-1 -1 -1 -1]
  [-1 -1 -1 -1]
  [-1 -1 -1 -1]]

 [[-1 -1 -1 -1]
  [-1 -1 -1 -1]
  [-1 -1 -1 -1]
  [-1 -1 -1 -1]
  [-1 -1 -1 -1]
  [-1 -1 -1 -1]
  [-1 -1 -1 -1]
  [-1 -1 -1 -1]
  [-1 -1 -1 -1]
  [-1 -1 -1 -1]
  [-1 -1 -1 -1]
  [-1 -1 -1 -1]]

 [[-1 -1 -1 -1]
  [-1 -1 -1 -1]
  [-1 -1 -1 -1]
  [-1 -1 -1 -1]
  [-1 -1 -1 -1]
  [-1 -1 -1 -1]
  [-1 -1 -1 -1]
  [-1 -1 -1 -1]
  [-1 -1 -1 -1]
  [-1 -1 -1 -1]
  [-1 -1 -1 -1]
  [-1 -1 -1 -1]]

 [[-1 -1 -1 -1]
  [-1 -1 -1 -1]
  [-1 -1 -1 -1]
  [-1 -1 -1 -1]
  [-1 -1 -1 -1]
  [-1 -1 -1 -1]
  [-1 -1 -1 -1]
  [-1 -1 -1 -1]
  [-1 -1 -1 -1]
  [-1 -1 -1 -1]
  [-1 -1 -1 -1]
  [-1 -1 -1 -1]]

 [[-1 -1 -1 -1]
  [-1 -1 -1 -1]
  [-1 -1 -1 -1]
  [-1 -1 -1 -1]
  [-1 -1 -1 -1]
  [-1 -1 -1 -1]
  [-1 -1 -1 -1]
  [-1 -1 -1 -1]
  [-1 -1 -1 -1]
  [-1 -1 -1 -1]
  [-1 -1 -1 -1]
  [-1 -1 -1 -1]]

 [[-1 -1 -1 -1]
  [-1 -1 -1 -1]
  [-1 -1 -1 -1]
  [-1 -1 -1 -1]
  [-1 -1 -1 -1]
  [-1 -1 -1 -1]
  [-1 -1 -1 -1]
  [-1 -1 -1 -1]
  [-1 -1 -1 -1]
  [-1 -1 -1 -1]
  [-1 -1 -1 -1]
  [-1 -1 -1 -1]]]
--------------------------------------------------
- Profiling for submesh 1 (1, 2):
- Generate all stage infos (Jaxpr -> HLO)
- Compile all stages
- Profile all stages
cost[0, 2, 0]=0.517, max_n_succ_stage=-1, Mem: avail=13.664GB, peak=13.407GB, intermediate=0.125GB, init=2.093GB, as_config=((2, 1), {'force_batch_dim_to_mesh_dim': 0})
cost[0, 2, 2]=0.554, max_n_succ_stage=-1, Mem: avail=13.664GB, peak=14.672GB, intermediate=0.125GB, init=2.093GB, as_config=((2, 1), {})
cost[0, 2, 1]=1.807, max_n_succ_stage=-1, Mem: avail=13.664GB, peak=14.635GB, intermediate=0.250GB, init=2.093GB, as_config=((1, 2), {'force_batch_dim_to_mesh_dim': 0})
cost[9, 11, 2]=0.574, max_n_succ_stage=-1, Mem: avail=13.664GB, peak=16.545GB, intermediate=0.125GB, init=2.275GB, as_config=((2, 1), {})
cost[0, 3, 0]=0.708, max_n_succ_stage=-1, Mem: avail=13.664GB, peak=14.157GB, intermediate=0.188GB, init=2.843GB, as_config=((2, 1), {'force_batch_dim_to_mesh_dim': 0})
cost[0, 3, 1]=2.551, max_n_succ_stage=-1, Mem: avail=13.664GB, peak=14.753GB, intermediate=0.375GB, init=2.844GB, as_config=((1, 2), {'force_batch_dim_to_mesh_dim': 0})
cost[0, 3, 2]=0.745, max_n_succ_stage=-1, Mem: avail=13.664GB, peak=15.485GB, intermediate=0.188GB, init=2.843GB, as_config=((2, 1), {})
cost[8, 11, 0]=0.679, max_n_succ_stage=-1, Mem: avail=13.664GB, peak=17.400GB, intermediate=0.188GB, init=2.837GB, as_config=((2, 1), {'force_batch_dim_to_mesh_dim': 0})
cost[0, 4, 0]=0.861, max_n_succ_stage=-1, Mem: avail=13.664GB, peak=14.720GB, intermediate=0.250GB, init=3.406GB, as_config=((2, 1), {'force_batch_dim_to_mesh_dim': 0})
cost[0, 4, 1]=3.155, max_n_succ_stage=-1, Mem: avail=13.664GB, peak=15.611GB, intermediate=0.500GB, init=3.406GB, as_config=((1, 2), {'force_batch_dim_to_mesh_dim': 0})
cost[0, 4, 2]=0.898, max_n_succ_stage=-1, Mem: avail=13.664GB, peak=15.986GB, intermediate=0.250GB, init=3.406GB, as_config=((2, 1), {})
cost[0, 5, 0]=1.014, max_n_succ_stage=-1, Mem: avail=13.664GB, peak=15.283GB, intermediate=0.312GB, init=3.969GB, as_config=((2, 1), {'force_batch_dim_to_mesh_dim': 0})
cost[0, 5, 1]=3.760, max_n_succ_stage=-1, Mem: avail=13.664GB, peak=16.370GB, intermediate=0.625GB, init=3.969GB, as_config=((1, 2), {'force_batch_dim_to_mesh_dim': 0})
cost[9, 11, 1]=1.729, max_n_succ_stage=-1, Mem: avail=13.664GB, peak=17.271GB, intermediate=0.250GB, init=2.275GB, as_config=((1, 2), {'force_batch_dim_to_mesh_dim': 0})
cost[0, 5, 2]=1.051, max_n_succ_stage=-1, Mem: avail=13.664GB, peak=16.548GB, intermediate=0.312GB, init=3.969GB, as_config=((2, 1), {})
cost[9, 11, 0]=0.526, max_n_succ_stage=-1, Mem: avail=13.664GB, peak=16.775GB, intermediate=0.125GB, init=2.275GB, as_config=((2, 1), {'force_batch_dim_to_mesh_dim': 0})
cost[0, 6, 0]=1.167, max_n_succ_stage=-1, Mem: avail=13.664GB, peak=15.845GB, intermediate=0.375GB, init=4.531GB, as_config=((2, 1), {'force_batch_dim_to_mesh_dim': 0})
cost[2, 5, 1]=2.531, max_n_succ_stage=-1, Mem: avail=13.664GB, peak=15.351GB, intermediate=0.375GB, init=2.439GB, as_config=((1, 2), {'force_batch_dim_to_mesh_dim': 0})
cost[7, 10, 2]=0.643, max_n_succ_stage=-1, Mem: avail=13.664GB, peak=17.158GB, intermediate=0.188GB, init=2.345GB, as_config=((2, 1), {})
cost[8, 11, 1]=2.334, max_n_succ_stage=-1, Mem: avail=13.664GB, peak=16.797GB, intermediate=0.375GB, init=2.838GB, as_config=((1, 2), {'force_batch_dim_to_mesh_dim': 0})
cost[5, 8, 0]=0.612, max_n_succ_stage=-1, Mem: avail=13.664GB, peak=12.814GB, intermediate=0.188GB, init=2.251GB, as_config=((2, 1), {'force_batch_dim_to_mesh_dim': 0})
cost[6, 9, 2]=0.644, max_n_succ_stage=-1, Mem: avail=13.664GB, peak=17.095GB, intermediate=0.188GB, init=2.345GB, as_config=((2, 1), {})
cost[7, 10, 1]=2.460, max_n_succ_stage=-1, Mem: avail=13.664GB, peak=17.929GB, intermediate=0.375GB, init=2.346GB, as_config=((1, 2), {'force_batch_dim_to_mesh_dim': 0})
cost[6, 9, 1]=2.499, max_n_succ_stage=-1, Mem: avail=13.664GB, peak=16.927GB, intermediate=0.375GB, init=2.346GB, as_config=((1, 2), {'force_batch_dim_to_mesh_dim': 0})
cost[2, 5, 2]=0.650, max_n_succ_stage=-1, Mem: avail=13.664GB, peak=13.564GB, intermediate=0.188GB, init=2.439GB, as_config=((2, 1), {})
cost[5, 8, 2]=0.612, max_n_succ_stage=-1, Mem: avail=13.664GB, peak=12.814GB, intermediate=0.188GB, init=2.251GB, as_config=((2, 1), {})
cost[8, 11, 2]=0.727, max_n_succ_stage=-1, Mem: avail=13.664GB, peak=17.169GB, intermediate=0.188GB, init=2.837GB, as_config=((2, 1), {})
cost[3, 6, 0]=0.650, max_n_succ_stage=-1, Mem: avail=13.664GB, peak=13.502GB, intermediate=0.188GB, init=2.439GB, as_config=((2, 1), {'force_batch_dim_to_mesh_dim': 0})
cost[5, 8, 1]=2.418, max_n_succ_stage=-1, Mem: avail=13.664GB, peak=13.508GB, intermediate=0.375GB, init=2.252GB, as_config=((1, 2), {'force_batch_dim_to_mesh_dim': 0})
cost[3, 6, 1]=2.531, max_n_succ_stage=-1, Mem: avail=13.664GB, peak=14.481GB, intermediate=0.375GB, init=2.439GB, as_config=((1, 2), {'force_batch_dim_to_mesh_dim': 0})
cost[6, 9, 0]=0.644, max_n_succ_stage=-1, Mem: avail=13.664GB, peak=17.033GB, intermediate=0.188GB, init=2.345GB, as_config=((2, 1), {'force_batch_dim_to_mesh_dim': 0})
cost[4, 7, 1]=2.418, max_n_succ_stage=-1, Mem: avail=13.664GB, peak=14.378GB, intermediate=0.375GB, init=2.252GB, as_config=((1, 2), {'force_batch_dim_to_mesh_dim': 0})
cost[1, 4, 2]=0.650, max_n_succ_stage=-1, Mem: avail=13.664GB, peak=13.626GB, intermediate=0.188GB, init=2.439GB, as_config=((2, 1), {})
cost[7, 10, 0]=0.643, max_n_succ_stage=-1, Mem: avail=13.664GB, peak=17.095GB, intermediate=0.188GB, init=2.345GB, as_config=((2, 1), {'force_batch_dim_to_mesh_dim': 0})
cost[3, 6, 2]=0.650, max_n_succ_stage=-1, Mem: avail=13.664GB, peak=13.502GB, intermediate=0.188GB, init=2.439GB, as_config=((2, 1), {})
cost[1, 4, 0]=0.650, max_n_succ_stage=-1, Mem: avail=13.664GB, peak=13.626GB, intermediate=0.188GB, init=2.439GB, as_config=((2, 1), {'force_batch_dim_to_mesh_dim': 0})
cost[1, 4, 1]=2.531, max_n_succ_stage=-1, Mem: avail=13.664GB, peak=15.101GB, intermediate=0.375GB, init=2.439GB, as_config=((1, 2), {'force_batch_dim_to_mesh_dim': 0})
cost[7, 11, 0]=0.832, max_n_succ_stage=-1, Mem: avail=13.664GB, peak=18.025GB, intermediate=0.250GB, init=3.400GB, as_config=((2, 1), {'force_batch_dim_to_mesh_dim': 0})
cost[7, 11, 1]=2.938, max_n_succ_stage=-1, Mem: avail=13.664GB, peak=18.770GB, intermediate=0.500GB, init=3.401GB, as_config=((1, 2), {'force_batch_dim_to_mesh_dim': 0})
cost[2, 5, 0]=0.650, max_n_succ_stage=-1, Mem: avail=13.664GB, peak=13.564GB, intermediate=0.188GB, init=2.439GB, as_config=((2, 1), {'force_batch_dim_to_mesh_dim': 0})
cost[6, 10, 2]=0.796, max_n_succ_stage=-1, Mem: avail=13.664GB, peak=17.783GB, intermediate=0.250GB, init=2.908GB, as_config=((2, 1), {})
cost[4, 7, 2]=0.612, max_n_succ_stage=-1, Mem: avail=13.664GB, peak=12.876GB, intermediate=0.188GB, init=2.251GB, as_config=((2, 1), {})
cost[5, 9, 2]=0.797, max_n_succ_stage=-1, Mem: avail=13.664GB, peak=17.720GB, intermediate=0.250GB, init=2.908GB, as_config=((2, 1), {})
cost[4, 8, 1]=3.023, max_n_succ_stage=-1, Mem: avail=13.664GB, peak=15.737GB, intermediate=0.500GB, init=2.815GB, as_config=((1, 2), {'force_batch_dim_to_mesh_dim': 0})
cost[4, 7, 0]=0.612, max_n_succ_stage=-1, Mem: avail=13.664GB, peak=12.876GB, intermediate=0.188GB, init=2.251GB, as_config=((2, 1), {'force_batch_dim_to_mesh_dim': 0})
cost[1, 5, 2]=0.803, max_n_succ_stage=-1, Mem: avail=13.664GB, peak=14.189GB, intermediate=0.250GB, init=3.002GB, as_config=((2, 1), {})
cost[3, 7, 1]=3.136, max_n_succ_stage=-1, Mem: avail=13.664GB, peak=16.141GB, intermediate=0.500GB, init=3.002GB, as_config=((1, 2), {'force_batch_dim_to_mesh_dim': 0})
cost[3, 7, 0]=0.803, max_n_succ_stage=-1, Mem: avail=13.664GB, peak=14.065GB, intermediate=0.250GB, init=3.002GB, as_config=((2, 1), {'force_batch_dim_to_mesh_dim': 0})
cost[6, 10, 1]=3.065, max_n_succ_stage=-1, Mem: avail=13.664GB, peak=18.337GB, intermediate=0.500GB, init=2.908GB, as_config=((1, 2), {'force_batch_dim_to_mesh_dim': 0})
cost[1, 5, 0]=0.803, max_n_succ_stage=-1, Mem: avail=13.664GB, peak=14.189GB, intermediate=0.250GB, init=3.002GB, as_config=((2, 1), {'force_batch_dim_to_mesh_dim': 0})
cost[6, 10, 0]=0.796, max_n_succ_stage=-1, Mem: avail=13.664GB, peak=17.720GB, intermediate=0.250GB, init=2.908GB, as_config=((2, 1), {'force_batch_dim_to_mesh_dim': 0})
cost[7, 11, 2]=0.880, max_n_succ_stage=-1, Mem: avail=13.664GB, peak=17.795GB, intermediate=0.250GB, init=3.400GB, as_config=((2, 1), {})
cost[5, 9, 1]=3.104, max_n_succ_stage=-1, Mem: avail=13.664GB, peak=17.333GB, intermediate=0.500GB, init=2.908GB, as_config=((1, 2), {'force_batch_dim_to_mesh_dim': 0})
cost[4, 8, 0]=0.765, max_n_succ_stage=-1, Mem: avail=13.664GB, peak=13.439GB, intermediate=0.250GB, init=2.814GB, as_config=((2, 1), {'force_batch_dim_to_mesh_dim': 0})
cost[2, 7, 2]=0.956, max_n_succ_stage=-1, Mem: avail=13.664GB, peak=14.689GB, intermediate=0.312GB, init=3.564GB, as_config=((2, 1), {})
cost[3, 7, 2]=0.803, max_n_succ_stage=-1, Mem: avail=13.664GB, peak=14.065GB, intermediate=0.250GB, init=3.002GB, as_config=((2, 1), {})
cost[5, 10, 2]=0.949, max_n_succ_stage=-1, Mem: avail=13.664GB, peak=18.408GB, intermediate=0.312GB, init=3.471GB, as_config=((2, 1), {})
cost[2, 7, 1]=3.740, max_n_succ_stage=-1, Mem: avail=13.664GB, peak=16.046GB, intermediate=0.625GB, init=3.565GB, as_config=((1, 2), {'force_batch_dim_to_mesh_dim': 0})
cost[5, 10, 1]=3.669, max_n_succ_stage=-1, Mem: avail=13.664GB, peak=18.741GB, intermediate=0.625GB, init=3.471GB, as_config=((1, 2), {'force_batch_dim_to_mesh_dim': 0})
cost[6, 11, 0]=0.985, max_n_succ_stage=-1, Mem: avail=13.664GB, peak=18.651GB, intermediate=0.312GB, init=3.963GB, as_config=((2, 1), {'force_batch_dim_to_mesh_dim': 0})
cost[5, 9, 0]=0.797, max_n_succ_stage=-1, Mem: avail=13.664GB, peak=17.658GB, intermediate=0.250GB, init=2.908GB, as_config=((2, 1), {'force_batch_dim_to_mesh_dim': 0})
cost[2, 6, 0]=0.803, max_n_succ_stage=-1, Mem: avail=13.664GB, peak=14.127GB, intermediate=0.250GB, init=3.002GB, as_config=((2, 1), {'force_batch_dim_to_mesh_dim': 0})
cost[2, 7, 0]=0.956, max_n_succ_stage=-1, Mem: avail=13.664GB, peak=14.689GB, intermediate=0.312GB, init=3.564GB, as_config=((2, 1), {'force_batch_dim_to_mesh_dim': 0})
cost[3, 8, 1]=3.740, max_n_succ_stage=-1, Mem: avail=13.664GB, peak=16.602GB, intermediate=0.625GB, init=3.565GB, as_config=((1, 2), {'force_batch_dim_to_mesh_dim': 0})
cost[1, 6, 2]=0.956, max_n_succ_stage=-1, Mem: avail=13.664GB, peak=14.752GB, intermediate=0.312GB, init=3.564GB, as_config=((2, 1), {})
cost[2, 6, 2]=0.803, max_n_succ_stage=-1, Mem: avail=13.664GB, peak=14.127GB, intermediate=0.250GB, init=3.002GB, as_config=((2, 1), {})
cost[6, 11, 2]=1.033, max_n_succ_stage=-1, Mem: avail=13.664GB, peak=18.420GB, intermediate=0.312GB, init=3.963GB, as_config=((2, 1), {})
cost[4, 9, 0]=0.950, max_n_succ_stage=-1, Mem: avail=13.664GB, peak=18.283GB, intermediate=0.312GB, init=3.471GB, as_config=((2, 1), {'force_batch_dim_to_mesh_dim': 0})
cost[4, 9, 1]=3.709, max_n_succ_stage=-1, Mem: avail=13.664GB, peak=17.740GB, intermediate=0.625GB, init=3.471GB, as_config=((1, 2), {'force_batch_dim_to_mesh_dim': 0})
cost[1, 5, 1]=3.136, max_n_succ_stage=-1, Mem: avail=13.664GB, peak=15.884GB, intermediate=0.500GB, init=3.002GB, as_config=((1, 2), {'force_batch_dim_to_mesh_dim': 0})
cost[1, 6, 0]=0.956, max_n_succ_stage=-1, Mem: avail=13.664GB, peak=14.752GB, intermediate=0.312GB, init=3.564GB, as_config=((2, 1), {'force_batch_dim_to_mesh_dim': 0})
cost[6, 11, 1]=3.543, max_n_succ_stage=-1, Mem: avail=13.664GB, peak=19.295GB, intermediate=0.625GB, init=3.964GB, as_config=((1, 2), {'force_batch_dim_to_mesh_dim': 0})
cost[2, 9, 2]=1.294, max_n_succ_stage=-1, Mem: avail=13.664GB, peak=19.784GB, intermediate=0.438GB, init=4.784GB, as_config=((2, 1), {})
cost[4, 8, 2]=0.765, max_n_succ_stage=-1, Mem: avail=13.664GB, peak=13.439GB, intermediate=0.250GB, init=2.814GB, as_config=((2, 1), {})
cost[3, 8, 2]=0.956, max_n_succ_stage=-1, Mem: avail=13.664GB, peak=14.627GB, intermediate=0.312GB, init=3.564GB, as_config=((2, 1), {})
cost[2, 6, 1]=3.136, max_n_succ_stage=-1, Mem: avail=13.664GB, peak=15.829GB, intermediate=0.500GB, init=3.002GB, as_config=((1, 2), {'force_batch_dim_to_mesh_dim': 0})
cost[5, 11, 0]=1.138, max_n_succ_stage=-1, Mem: avail=13.664GB, peak=19.276GB, intermediate=0.375GB, init=4.526GB, as_config=((2, 1), {'force_batch_dim_to_mesh_dim': 0})
cost[2, 8, 1]=4.345, max_n_succ_stage=-1, Mem: avail=13.664GB, peak=16.192GB, intermediate=0.750GB, init=4.128GB, as_config=((1, 2), {'force_batch_dim_to_mesh_dim': 0})
cost[5, 11, 2]=1.186, max_n_succ_stage=-1, Mem: avail=13.664GB, peak=19.045GB, intermediate=0.375GB, init=4.526GB, as_config=((2, 1), {})
cost[1, 7, 1]=4.345, max_n_succ_stage=-1, Mem: avail=13.664GB, peak=15.944GB, intermediate=0.750GB, init=4.128GB, as_config=((1, 2), {'force_batch_dim_to_mesh_dim': 0})
cost[4, 9, 2]=0.950, max_n_succ_stage=-1, Mem: avail=13.664GB, peak=18.346GB, intermediate=0.312GB, init=3.471GB, as_config=((2, 1), {})
cost[5, 10, 0]=0.949, max_n_succ_stage=-1, Mem: avail=13.664GB, peak=18.346GB, intermediate=0.312GB, init=3.471GB, as_config=((2, 1), {'force_batch_dim_to_mesh_dim': 0})
cost[3, 8, 0]=0.956, max_n_succ_stage=-1, Mem: avail=13.664GB, peak=14.627GB, intermediate=0.312GB, init=3.564GB, as_config=((2, 1), {'force_batch_dim_to_mesh_dim': 0})
cost[1, 7, 2]=1.109, max_n_succ_stage=-1, Mem: avail=13.664GB, peak=15.315GB, intermediate=0.375GB, init=4.127GB, as_config=((2, 1), {})
cost[0, 6, 2]=1.204, max_n_succ_stage=-1, Mem: avail=13.664GB, peak=17.111GB, intermediate=0.375GB, init=4.531GB, as_config=((2, 1), {})
cost[5, 11, 1]=4.148, max_n_succ_stage=-1, Mem: avail=13.664GB, peak=19.952GB, intermediate=0.750GB, init=4.527GB, as_config=((1, 2), {'force_batch_dim_to_mesh_dim': 0})
cost[1, 7, 0]=1.109, max_n_succ_stage=-1, Mem: avail=13.664GB, peak=15.315GB, intermediate=0.375GB, init=4.127GB, as_config=((2, 1), {'force_batch_dim_to_mesh_dim': 0})
cost[1, 6, 1]=3.740, max_n_succ_stage=-1, Mem: avail=13.664GB, peak=15.726GB, intermediate=0.625GB, init=3.565GB, as_config=((1, 2), {'force_batch_dim_to_mesh_dim': 0})
cost[0, 6, 1]=4.364, max_n_succ_stage=-1, Mem: avail=13.664GB, peak=16.644GB, intermediate=0.750GB, init=4.532GB, as_config=((1, 2), {'force_batch_dim_to_mesh_dim': 0})
cost[2, 8, 2]=1.109, max_n_succ_stage=-1, Mem: avail=13.664GB, peak=15.252GB, intermediate=0.375GB, init=4.127GB, as_config=((2, 1), {})
cost[2, 8, 0]=1.109, max_n_succ_stage=-1, Mem: avail=13.664GB, peak=15.252GB, intermediate=0.375GB, init=4.127GB, as_config=((2, 1), {'force_batch_dim_to_mesh_dim': 0})
cost[4, 10, 0]=1.102, max_n_succ_stage=-1, Mem: avail=13.664GB, peak=18.971GB, intermediate=0.375GB, init=4.033GB, as_config=((2, 1), {'force_batch_dim_to_mesh_dim': 0})
cost[4, 10, 2]=1.102, max_n_succ_stage=-1, Mem: avail=13.664GB, peak=19.034GB, intermediate=0.375GB, init=4.033GB, as_config=((2, 1), {})
cost[3, 9, 1]=4.426, max_n_succ_stage=-1, Mem: avail=13.664GB, peak=18.240GB, intermediate=0.750GB, init=4.222GB, as_config=((1, 2), {'force_batch_dim_to_mesh_dim': 0})
cost[3, 9, 2]=1.141, max_n_succ_stage=-1, Mem: avail=13.664GB, peak=19.159GB, intermediate=0.375GB, init=4.221GB, as_config=((2, 1), {})
cost[1, 8, 2]=1.262, max_n_succ_stage=-1, Mem: avail=13.664GB, peak=15.878GB, intermediate=0.438GB, init=4.690GB, as_config=((2, 1), {})
cost[0, 7, 0]=1.320, max_n_succ_stage=-1, Mem: avail=13.664GB, peak=16.408GB, intermediate=0.438GB, init=5.094GB, as_config=((2, 1), {'force_batch_dim_to_mesh_dim': 0})
cost[4, 10, 1]=4.274, max_n_succ_stage=-1, Mem: avail=13.664GB, peak=19.147GB, intermediate=0.750GB, init=4.034GB, as_config=((1, 2), {'force_batch_dim_to_mesh_dim': 0})
cost[0, 7, 1]=4.969, max_n_succ_stage=-1, Mem: avail=13.664GB, peak=15.881GB, intermediate=0.875GB, init=5.095GB, as_config=((1, 2), {'force_batch_dim_to_mesh_dim': 0})
cost[4, 11, 0]=1.291, max_n_succ_stage=-1, Mem: avail=13.664GB, peak=19.901GB, intermediate=0.438GB, init=5.089GB, as_config=((2, 1), {'force_batch_dim_to_mesh_dim': 0})
cost[2, 9, 0]=1.294, max_n_succ_stage=-1, Mem: avail=13.664GB, peak=19.721GB, intermediate=0.438GB, init=4.784GB, as_config=((2, 1), {'force_batch_dim_to_mesh_dim': 0})
cost[3, 9, 0]=1.141, max_n_succ_stage=-1, Mem: avail=13.664GB, peak=19.096GB, intermediate=0.375GB, init=4.221GB, as_config=((2, 1), {'force_batch_dim_to_mesh_dim': 0})
cost[4, 11, 1]=4.752, max_n_succ_stage=-1, Mem: avail=13.664GB, peak=19.236GB, intermediate=0.875GB, init=5.090GB, as_config=((1, 2), {'force_batch_dim_to_mesh_dim': 0})
cost[4, 11, 2]=1.339, max_n_succ_stage=-1, Mem: avail=13.664GB, peak=19.671GB, intermediate=0.438GB, init=5.089GB, as_config=((2, 1), {})
cost[0, 7, 2]=1.357, max_n_succ_stage=-1, Mem: avail=13.664GB, peak=17.674GB, intermediate=0.438GB, init=5.094GB, as_config=((2, 1), {})
cost[2, 9, 1]=5.030, max_n_succ_stage=-1, Mem: avail=13.664GB, peak=18.647GB, intermediate=0.875GB, init=4.785GB, as_config=((1, 2), {'force_batch_dim_to_mesh_dim': 0})
cost[1, 8, 1]=4.950, max_n_succ_stage=-1, Mem: avail=13.664GB, peak=17.722GB, intermediate=0.875GB, init=4.691GB, as_config=((1, 2), {'force_batch_dim_to_mesh_dim': 0})
cost[3, 10, 0]=1.293, max_n_succ_stage=-1, Mem: avail=13.664GB, peak=19.784GB, intermediate=0.438GB, init=4.784GB, as_config=((2, 1), {'force_batch_dim_to_mesh_dim': 0})
cost[1, 8, 0]=1.262, max_n_succ_stage=-1, Mem: avail=13.664GB, peak=15.878GB, intermediate=0.438GB, init=4.690GB, as_config=((2, 1), {'force_batch_dim_to_mesh_dim': 0})
cost[3, 10, 1]=4.991, max_n_succ_stage=-1, Mem: avail=13.664GB, peak=19.647GB, intermediate=0.875GB, init=4.785GB, as_config=((1, 2), {'force_batch_dim_to_mesh_dim': 0})
cost[2, 10, 0]=1.446, max_n_succ_stage=-1, Mem: avail=13.664GB, peak=20.409GB, intermediate=0.500GB, init=5.347GB, as_config=((2, 1), {'force_batch_dim_to_mesh_dim': 0})
cost[3, 11, 1]=5.470, max_n_succ_stage=-1, Mem: avail=13.664GB, peak=20.734GB, intermediate=1.000GB, init=5.840GB, as_config=((1, 2), {'force_batch_dim_to_mesh_dim': 0})
cost[0, 8, 2]=1.510, max_n_succ_stage=-1, Mem: avail=13.664GB, peak=18.237GB, intermediate=0.500GB, init=5.657GB, as_config=((2, 1), {})
cost[3, 10, 2]=1.293, max_n_succ_stage=-1, Mem: avail=13.664GB, peak=19.846GB, intermediate=0.438GB, init=4.784GB, as_config=((2, 1), {})
cost[1, 9, 0]=1.447, max_n_succ_stage=-1, Mem: avail=13.664GB, peak=20.347GB, intermediate=0.500GB, init=5.347GB, as_config=((2, 1), {'force_batch_dim_to_mesh_dim': 0})
cost[1, 9, 2]=1.447, max_n_succ_stage=-1, Mem: avail=13.664GB, peak=20.409GB, intermediate=0.500GB, init=5.347GB, as_config=((2, 1), {})
cost[2, 10, 1]=5.596, max_n_succ_stage=-1, Mem: avail=13.664GB, peak=20.428GB, intermediate=1.000GB, init=5.348GB, as_config=((1, 2), {'force_batch_dim_to_mesh_dim': 0})
cost[3, 11, 2]=1.529, max_n_succ_stage=-1, Mem: avail=13.664GB, peak=20.484GB, intermediate=0.500GB, init=5.839GB, as_config=((2, 1), {})
cost[2, 11, 2]=1.682, max_n_succ_stage=-1, Mem: avail=13.664GB, peak=21.109GB, intermediate=0.562GB, init=6.402GB, as_config=((2, 1), {})
cost[0, 8, 1]=5.574, max_n_succ_stage=-1, Mem: avail=13.664GB, peak=17.267GB, intermediate=1.000GB, init=5.658GB, as_config=((1, 2), {'force_batch_dim_to_mesh_dim': 0})
cost[0, 8, 0]=1.473, max_n_succ_stage=-1, Mem: avail=13.664GB, peak=16.971GB, intermediate=0.500GB, init=5.657GB, as_config=((2, 1), {'force_batch_dim_to_mesh_dim': 0})
cost[2, 11, 1]=6.074, max_n_succ_stage=-1, Mem: avail=13.664GB, peak=21.266GB, intermediate=1.125GB, init=6.403GB, as_config=((1, 2), {'force_batch_dim_to_mesh_dim': 0})
cost[3, 11, 0]=1.482, max_n_succ_stage=-1, Mem: avail=13.664GB, peak=20.714GB, intermediate=0.500GB, init=5.839GB, as_config=((2, 1), {'force_batch_dim_to_mesh_dim': 0})
cost[2, 11, 0]=1.635, max_n_succ_stage=-1, Mem: avail=13.664GB, peak=21.339GB, intermediate=0.562GB, init=6.402GB, as_config=((2, 1), {'force_batch_dim_to_mesh_dim': 0})
cost[1, 10, 1]=6.200, max_n_succ_stage=-1, Mem: avail=13.664GB, peak=20.460GB, intermediate=1.125GB, init=5.911GB, as_config=((1, 2), {'force_batch_dim_to_mesh_dim': 0})
cost[2, 10, 2]=1.446, max_n_succ_stage=-1, Mem: avail=13.664GB, peak=20.472GB, intermediate=0.500GB, init=5.347GB, as_config=((2, 1), {})
cost[1, 10, 0]=1.599, max_n_succ_stage=-1, Mem: avail=13.664GB, peak=21.035GB, intermediate=0.562GB, init=5.909GB, as_config=((2, 1), {'force_batch_dim_to_mesh_dim': 0})
cost[0, 9, 0]=1.658, max_n_succ_stage=-1, Mem: avail=13.664GB, peak=21.314GB, intermediate=0.562GB, init=6.314GB, as_config=((2, 1), {'force_batch_dim_to_mesh_dim': 0})
cost[1, 10, 2]=1.599, max_n_succ_stage=-1, Mem: avail=13.664GB, peak=21.097GB, intermediate=0.562GB, init=5.909GB, as_config=((2, 1), {})
cost[0, 9, 1]=6.259, max_n_succ_stage=-1, Mem: avail=13.664GB, peak=19.475GB, intermediate=1.125GB, init=6.315GB, as_config=((1, 2), {'force_batch_dim_to_mesh_dim': 0})
cost[1, 9, 1]=5.635, max_n_succ_stage=-1, Mem: avail=13.664GB, peak=19.053GB, intermediate=1.000GB, init=5.348GB, as_config=((1, 2), {'force_batch_dim_to_mesh_dim': 0})
cost[0, 9, 2]=1.695, max_n_succ_stage=-1, Mem: avail=13.664GB, peak=21.018GB, intermediate=0.562GB, init=6.314GB, as_config=((2, 1), {})
cost[1, 11, 1]=6.679, max_n_succ_stage=-1, Mem: avail=13.664GB, peak=21.296GB, intermediate=1.250GB, init=6.966GB, as_config=((1, 2), {'force_batch_dim_to_mesh_dim': 0})
cost[1, 11, 0]=1.788, max_n_succ_stage=-1, Mem: avail=13.664GB, peak=21.965GB, intermediate=0.625GB, init=6.965GB, as_config=((2, 1), {'force_batch_dim_to_mesh_dim': 0})
cost[0, 10, 0]=1.810, max_n_succ_stage=-1, Mem: avail=13.664GB, peak=22.002GB, intermediate=0.625GB, init=6.876GB, as_config=((2, 1), {'force_batch_dim_to_mesh_dim': 0})
cost[1, 11, 2]=1.836, max_n_succ_stage=-1, Mem: avail=13.664GB, peak=21.734GB, intermediate=0.625GB, init=6.965GB, as_config=((2, 1), {})
cost[0, 10, 2]=1.847, max_n_succ_stage=-1, Mem: avail=13.664GB, peak=21.706GB, intermediate=0.625GB, init=6.876GB, as_config=((2, 1), {})
cost[0, 10, 1]=6.825, max_n_succ_stage=-1, Mem: avail=13.664GB, peak=20.881GB, intermediate=1.250GB, init=6.878GB, as_config=((1, 2), {'force_batch_dim_to_mesh_dim': 0})
cost[0, 11, 2]=2.084, max_n_succ_stage=-1, Mem: avail=13.664GB, peak=22.343GB, intermediate=0.688GB, init=7.932GB, as_config=((2, 1), {})
cost[0, 11, 1]=7.303, max_n_succ_stage=-1, Mem: avail=13.664GB, peak=22.093GB, intermediate=1.375GB, init=7.933GB, as_config=((1, 2), {'force_batch_dim_to_mesh_dim': 0})
cost[0, 11, 0]=1.999, max_n_succ_stage=-1, Mem: avail=13.664GB, peak=22.932GB, intermediate=0.688GB, init=7.932GB, as_config=((2, 1), {'force_batch_dim_to_mesh_dim': 0})
Profiling for submesh 1 (1, 2) takes 188.13 seconds
Profiled costs are: [[[       inf        inf        inf        inf]
  [       inf        inf        inf        inf]
  [0.51693004 1.80678062 0.55429643        inf]
  [0.70753359 2.5505415  0.74489996        inf]
  [0.8605805  3.15517422 0.89794673        inf]
  [1.01362748 3.75980693 1.05099363        inf]
  [1.16667444 4.36443964 1.20404059        inf]
  [1.3197214  4.96907235 1.35708755        inf]
  [1.47276836 5.57370506 1.51013451        inf]
  [1.6580038  6.25917865 1.69536994        inf]
  [1.8095961  6.82465124 1.84696223        inf]
  [1.99875504 7.30294329 2.08372034        inf]]

 [[       inf        inf        inf        inf]
  [       inf        inf        inf        inf]
  [       inf        inf        inf        inf]
  [       inf        inf        inf        inf]
  [0.64974437 2.53097341 0.64974437        inf]
  [0.80279112 3.13560612 0.80279112        inf]
  [0.95583808 3.74023883 0.95583808        inf]
  [1.10888504 4.34487154 1.10888504        inf]
  [1.261932   4.94950426 1.261932          inf]
  [1.44716744 5.63497784 1.44716743        inf]
  [1.59875974 6.20045044 1.59875972        inf]
  [1.78791868 6.67885851 1.83551783        inf]]

 [[       inf        inf        inf        inf]
  [       inf        inf        inf        inf]
  [       inf        inf        inf        inf]
  [       inf        inf        inf        inf]
  [       inf        inf        inf        inf]
  [0.64974439 2.53097341 0.64974439        inf]
  [0.80279112 3.13560612 0.80279112        inf]
  [0.95583808 3.74023883 0.95583808        inf]
  [1.10888504 4.34487154 1.10888504        inf]
  [1.29412048 5.03034513 1.29412047        inf]
  [1.44571278 5.59581773 1.44571277        inf]
  [1.63487172 6.0742258  1.68247087        inf]]

 [[       inf        inf        inf        inf]
  [       inf        inf        inf        inf]
  [       inf        inf        inf        inf]
  [       inf        inf        inf        inf]
  [       inf        inf        inf        inf]
  [       inf        inf        inf        inf]
  [0.64974439 2.53097341 0.64974439        inf]
  [0.80279112 3.13560612 0.80279112        inf]
  [0.95583808 3.74023883 0.95583808        inf]
  [1.14107352 4.42571242 1.14107351        inf]
  [1.29266582 4.99118501 1.29266581        inf]
  [1.48182476 5.46959309 1.52942391        inf]]

 [[       inf        inf        inf        inf]
  [       inf        inf        inf        inf]
  [       inf        inf        inf        inf]
  [       inf        inf        inf        inf]
  [       inf        inf        inf        inf]
  [       inf        inf        inf        inf]
  [       inf        inf        inf        inf]
  [0.61218758 2.41841482 0.61218758        inf]
  [0.76523432 3.02304753 0.76523432        inf]
  [0.95046969 3.70852112 0.95046967        inf]
  [1.10206199 4.27399371 1.10206197        inf]
  [1.29122093 4.75228576 1.33882007        inf]]

 [[       inf        inf        inf        inf]
  [       inf        inf        inf        inf]
  [       inf        inf        inf        inf]
  [       inf        inf        inf        inf]
  [       inf        inf        inf        inf]
  [       inf        inf        inf        inf]
  [       inf        inf        inf        inf]
  [       inf        inf        inf        inf]
  [0.61218756 2.41841482 0.61218756        inf]
  [0.79742275 3.10388841 0.79742273        inf]
  [0.94901501 3.669361   0.94901499        inf]
  [1.13817395 4.14765305 1.1857731         inf]]

 [[       inf        inf        inf        inf]
  [       inf        inf        inf        inf]
  [       inf        inf        inf        inf]
  [       inf        inf        inf        inf]
  [       inf        inf        inf        inf]
  [       inf        inf        inf        inf]
  [       inf        inf        inf        inf]
  [       inf        inf        inf        inf]
  [       inf        inf        inf        inf]
  [0.64437599 2.49913967 0.64437597        inf]
  [0.79596807 3.06461226 0.79596805        inf]
  [0.98512697 3.54302034 1.03272612        inf]]

 [[       inf        inf        inf        inf]
  [       inf        inf        inf        inf]
  [       inf        inf        inf        inf]
  [       inf        inf        inf        inf]
  [       inf        inf        inf        inf]
  [       inf        inf        inf        inf]
  [       inf        inf        inf        inf]
  [       inf        inf        inf        inf]
  [       inf        inf        inf        inf]
  [       inf        inf        inf        inf]
  [0.64292133 2.45997955 0.64292131        inf]
  [0.83208001 2.93838763 0.87967923        inf]]

 [[       inf        inf        inf        inf]
  [       inf        inf        inf        inf]
  [       inf        inf        inf        inf]
  [       inf        inf        inf        inf]
  [       inf        inf        inf        inf]
  [       inf        inf        inf        inf]
  [       inf        inf        inf        inf]
  [       inf        inf        inf        inf]
  [       inf        inf        inf        inf]
  [       inf        inf        inf        inf]
  [       inf        inf        inf        inf]
  [0.67903312 2.33375492 0.7266325         inf]]

 [[       inf        inf        inf        inf]
  [       inf        inf        inf        inf]
  [       inf        inf        inf        inf]
  [       inf        inf        inf        inf]
  [       inf        inf        inf        inf]
  [       inf        inf        inf        inf]
  [       inf        inf        inf        inf]
  [       inf        inf        inf        inf]
  [       inf        inf        inf        inf]
  [       inf        inf        inf        inf]
  [       inf        inf        inf        inf]
  [0.52598638 1.72912221 0.57358576        inf]]

 [[       inf        inf        inf        inf]
  [       inf        inf        inf        inf]
  [       inf        inf        inf        inf]
  [       inf        inf        inf        inf]
  [       inf        inf        inf        inf]
  [       inf        inf        inf        inf]
  [       inf        inf        inf        inf]
  [       inf        inf        inf        inf]
  [       inf        inf        inf        inf]
  [       inf        inf        inf        inf]
  [       inf        inf        inf        inf]
  [       inf        inf        inf        inf]]

 [[       inf        inf        inf        inf]
  [       inf        inf        inf        inf]
  [       inf        inf        inf        inf]
  [       inf        inf        inf        inf]
  [       inf        inf        inf        inf]
  [       inf        inf        inf        inf]
  [       inf        inf        inf        inf]
  [       inf        inf        inf        inf]
  [       inf        inf        inf        inf]
  [       inf        inf        inf        inf]
  [       inf        inf        inf        inf]
  [       inf        inf        inf        inf]]]
Profiled max_n_succ_stages are: [[[-1 -1 -1 -1]
  [-1 -1 -1 -1]
  [-1 -1 -1 -1]
  [-1 -1 -1 -1]
  [-1 -1 -1 -1]
  [-1 -1 -1 -1]
  [-1 -1 -1 -1]
  [-1 -1 -1 -1]
  [-1 -1 -1 -1]
  [-1 -1 -1 -1]
  [-1 -1 -1 -1]
  [-1 -1 -1 -1]]

 [[-1 -1 -1 -1]
  [-1 -1 -1 -1]
  [-1 -1 -1 -1]
  [-1 -1 -1 -1]
  [-1 -1 -1 -1]
  [-1 -1 -1 -1]
  [-1 -1 -1 -1]
  [-1 -1 -1 -1]
  [-1 -1 -1 -1]
  [-1 -1 -1 -1]
  [-1 -1 -1 -1]
  [-1 -1 -1 -1]]

 [[-1 -1 -1 -1]
  [-1 -1 -1 -1]
  [-1 -1 -1 -1]
  [-1 -1 -1 -1]
  [-1 -1 -1 -1]
  [-1 -1 -1 -1]
  [-1 -1 -1 -1]
  [-1 -1 -1 -1]
  [-1 -1 -1 -1]
  [-1 -1 -1 -1]
  [-1 -1 -1 -1]
  [-1 -1 -1 -1]]

 [[-1 -1 -1 -1]
  [-1 -1 -1 -1]
  [-1 -1 -1 -1]
  [-1 -1 -1 -1]
  [-1 -1 -1 -1]
  [-1 -1 -1 -1]
  [-1 -1 -1 -1]
  [-1 -1 -1 -1]
  [-1 -1 -1 -1]
  [-1 -1 -1 -1]
  [-1 -1 -1 -1]
  [-1 -1 -1 -1]]

 [[-1 -1 -1 -1]
  [-1 -1 -1 -1]
  [-1 -1 -1 -1]
  [-1 -1 -1 -1]
  [-1 -1 -1 -1]
  [-1 -1 -1 -1]
  [-1 -1 -1 -1]
  [-1 -1 -1 -1]
  [-1 -1 -1 -1]
  [-1 -1 -1 -1]
  [-1 -1 -1 -1]
  [-1 -1 -1 -1]]

 [[-1 -1 -1 -1]
  [-1 -1 -1 -1]
  [-1 -1 -1 -1]
  [-1 -1 -1 -1]
  [-1 -1 -1 -1]
  [-1 -1 -1 -1]
  [-1 -1 -1 -1]
  [-1 -1 -1 -1]
  [-1 -1 -1 -1]
  [-1 -1 -1 -1]
  [-1 -1 -1 -1]
  [-1 -1 -1 -1]]

 [[-1 -1 -1 -1]
  [-1 -1 -1 -1]
  [-1 -1 -1 -1]
  [-1 -1 -1 -1]
  [-1 -1 -1 -1]
  [-1 -1 -1 -1]
  [-1 -1 -1 -1]
  [-1 -1 -1 -1]
  [-1 -1 -1 -1]
  [-1 -1 -1 -1]
  [-1 -1 -1 -1]
  [-1 -1 -1 -1]]

 [[-1 -1 -1 -1]
  [-1 -1 -1 -1]
  [-1 -1 -1 -1]
  [-1 -1 -1 -1]
  [-1 -1 -1 -1]
  [-1 -1 -1 -1]
  [-1 -1 -1 -1]
  [-1 -1 -1 -1]
  [-1 -1 -1 -1]
  [-1 -1 -1 -1]
  [-1 -1 -1 -1]
  [-1 -1 -1 -1]]

 [[-1 -1 -1 -1]
  [-1 -1 -1 -1]
  [-1 -1 -1 -1]
  [-1 -1 -1 -1]
  [-1 -1 -1 -1]
  [-1 -1 -1 -1]
  [-1 -1 -1 -1]
  [-1 -1 -1 -1]
  [-1 -1 -1 -1]
  [-1 -1 -1 -1]
  [-1 -1 -1 -1]
  [-1 -1 -1 -1]]

 [[-1 -1 -1 -1]
  [-1 -1 -1 -1]
  [-1 -1 -1 -1]
  [-1 -1 -1 -1]
  [-1 -1 -1 -1]
  [-1 -1 -1 -1]
  [-1 -1 -1 -1]
  [-1 -1 -1 -1]
  [-1 -1 -1 -1]
  [-1 -1 -1 -1]
  [-1 -1 -1 -1]
  [-1 -1 -1 -1]]

 [[-1 -1 -1 -1]
  [-1 -1 -1 -1]
  [-1 -1 -1 -1]
  [-1 -1 -1 -1]
  [-1 -1 -1 -1]
  [-1 -1 -1 -1]
  [-1 -1 -1 -1]
  [-1 -1 -1 -1]
  [-1 -1 -1 -1]
  [-1 -1 -1 -1]
  [-1 -1 -1 -1]
  [-1 -1 -1 -1]]

 [[-1 -1 -1 -1]
  [-1 -1 -1 -1]
  [-1 -1 -1 -1]
  [-1 -1 -1 -1]
  [-1 -1 -1 -1]
  [-1 -1 -1 -1]
  [-1 -1 -1 -1]
  [-1 -1 -1 -1]
  [-1 -1 -1 -1]
  [-1 -1 -1 -1]
  [-1 -1 -1 -1]
  [-1 -1 -1 -1]]]
--------------------------------------------------
- Profiling for submesh 0 (1, 1):
- Generate all stage infos (Jaxpr -> HLO)
- Compile all stages
- Profile all stages
cost[0, 1, 1]=0.705, max_n_succ_stage=-1, Mem: avail=13.664GB, peak=25.816GB, intermediate=0.125GB, init=3.060GB, as_config=((1, 1), {})
cost[0, 1, 0]=0.705, max_n_succ_stage=-1, Mem: avail=13.664GB, peak=25.816GB, intermediate=0.125GB, init=3.060GB, as_config=((1, 1), {'force_batch_dim_to_mesh_dim': 0})
cost[1, 2, 1]=0.590, max_n_succ_stage=-1, Mem: avail=13.664GB, peak=24.003GB, intermediate=0.125GB, init=2.251GB, as_config=((1, 1), {})
cost[2, 3, 0]=0.663, max_n_succ_stage=-1, Mem: avail=13.664GB, peak=23.817GB, intermediate=0.125GB, init=2.626GB, as_config=((1, 1), {'force_batch_dim_to_mesh_dim': 0})
cost[1, 2, 0]=0.590, max_n_succ_stage=-1, Mem: avail=13.664GB, peak=24.003GB, intermediate=0.125GB, init=2.251GB, as_config=((1, 1), {'force_batch_dim_to_mesh_dim': 0})
cost[2, 3, 1]=0.663, max_n_succ_stage=-1, Mem: avail=13.664GB, peak=23.817GB, intermediate=0.125GB, init=2.626GB, as_config=((1, 1), {})
cost[10, 11, 1]=0.663, max_n_succ_stage=-1, Mem: avail=13.664GB, peak=23.502GB, intermediate=0.125GB, init=3.236GB, as_config=((1, 1), {})
cost[9, 11, 1]=1.019, max_n_succ_stage=-1, Mem: avail=13.664GB, peak=33.159GB, intermediate=0.250GB, init=4.549GB, as_config=((1, 1), {})
cost[10, 11, 0]=0.663, max_n_succ_stage=-1, Mem: avail=13.664GB, peak=23.502GB, intermediate=0.125GB, init=3.236GB, as_config=((1, 1), {'force_batch_dim_to_mesh_dim': 0})
cost[5, 6, 0]=0.590, max_n_succ_stage=-1, Mem: avail=13.664GB, peak=23.883GB, intermediate=0.125GB, init=2.251GB, as_config=((1, 1), {'force_batch_dim_to_mesh_dim': 0})
cost[5, 6, 1]=0.590, max_n_succ_stage=-1, Mem: avail=13.664GB, peak=23.883GB, intermediate=0.125GB, init=2.251GB, as_config=((1, 1), {})
cost[7, 8, 1]=0.590, max_n_succ_stage=-1, Mem: avail=13.664GB, peak=24.132GB, intermediate=0.125GB, init=2.251GB, as_config=((1, 1), {})
cost[8, 9, 1]=0.651, max_n_succ_stage=-1, Mem: avail=13.664GB, peak=30.595GB, intermediate=0.125GB, init=2.439GB, as_config=((1, 1), {})
cost[9, 10, 0]=0.648, max_n_succ_stage=-1, Mem: avail=13.664GB, peak=32.353GB, intermediate=0.125GB, init=2.439GB, as_config=((1, 1), {'force_batch_dim_to_mesh_dim': 0})
cost[4, 5, 1]=0.590, max_n_succ_stage=-1, Mem: avail=13.664GB, peak=24.382GB, intermediate=0.125GB, init=2.251GB, as_config=((1, 1), {})
cost[0, 2, 0]=1.000, max_n_succ_stage=-1, Mem: avail=13.664GB, peak=27.130GB, intermediate=0.250GB, init=4.185GB, as_config=((1, 1), {'force_batch_dim_to_mesh_dim': 0})
cost[4, 5, 0]=0.590, max_n_succ_stage=-1, Mem: avail=13.664GB, peak=24.382GB, intermediate=0.125GB, init=2.251GB, as_config=((1, 1), {'force_batch_dim_to_mesh_dim': 0})
cost[3, 4, 0]=0.663, max_n_succ_stage=-1, Mem: avail=13.664GB, peak=24.696GB, intermediate=0.125GB, init=2.626GB, as_config=((1, 1), {'force_batch_dim_to_mesh_dim': 0})
cost[8, 9, 0]=0.651, max_n_succ_stage=-1, Mem: avail=13.664GB, peak=30.595GB, intermediate=0.125GB, init=2.439GB, as_config=((1, 1), {'force_batch_dim_to_mesh_dim': 0})
cost[7, 8, 0]=0.590, max_n_succ_stage=-1, Mem: avail=13.664GB, peak=24.132GB, intermediate=0.125GB, init=2.251GB, as_config=((1, 1), {'force_batch_dim_to_mesh_dim': 0})
cost[6, 7, 1]=0.590, max_n_succ_stage=-1, Mem: avail=13.664GB, peak=24.132GB, intermediate=0.125GB, init=2.251GB, as_config=((1, 1), {})
cost[6, 7, 0]=0.590, max_n_succ_stage=-1, Mem: avail=13.664GB, peak=24.132GB, intermediate=0.125GB, init=2.251GB, as_config=((1, 1), {'force_batch_dim_to_mesh_dim': 0})
cost[3, 4, 1]=0.663, max_n_succ_stage=-1, Mem: avail=13.664GB, peak=24.696GB, intermediate=0.125GB, init=2.626GB, as_config=((1, 1), {})
cost[0, 2, 1]=1.000, max_n_succ_stage=-1, Mem: avail=13.664GB, peak=27.130GB, intermediate=0.250GB, init=4.185GB, as_config=((1, 1), {})
cost[9, 10, 1]=0.648, max_n_succ_stage=-1, Mem: avail=13.664GB, peak=32.353GB, intermediate=0.125GB, init=2.439GB, as_config=((1, 1), {})
cost[1, 3, 1]=0.958, max_n_succ_stage=-1, Mem: avail=13.664GB, peak=25.133GB, intermediate=0.250GB, init=3.752GB, as_config=((1, 1), {})
cost[1, 3, 0]=0.958, max_n_succ_stage=-1, Mem: avail=13.664GB, peak=25.133GB, intermediate=0.250GB, init=3.752GB, as_config=((1, 1), {'force_batch_dim_to_mesh_dim': 0})
cost[2, 4, 1]=0.958, max_n_succ_stage=-1, Mem: avail=13.664GB, peak=26.004GB, intermediate=0.250GB, init=3.752GB, as_config=((1, 1), {})
cost[2, 4, 0]=0.958, max_n_succ_stage=-1, Mem: avail=13.664GB, peak=26.004GB, intermediate=0.250GB, init=3.752GB, as_config=((1, 1), {'force_batch_dim_to_mesh_dim': 0})
cost[9, 11, 0]=1.019, max_n_succ_stage=-1, Mem: avail=13.664GB, peak=33.159GB, intermediate=0.250GB, init=4.549GB, as_config=((1, 1), {'force_batch_dim_to_mesh_dim': 0})
cost[5, 7, 0]=0.885, max_n_succ_stage=-1, Mem: avail=13.664GB, peak=25.323GB, intermediate=0.250GB, init=3.377GB, as_config=((1, 1), {'force_batch_dim_to_mesh_dim': 0})
cost[5, 7, 1]=0.885, max_n_succ_stage=-1, Mem: avail=13.664GB, peak=25.323GB, intermediate=0.250GB, init=3.377GB, as_config=((1, 1), {})
cost[2, 5, 1]=1.253, max_n_succ_stage=-1, Mem: avail=13.664GB, peak=28.071GB, intermediate=0.375GB, init=4.878GB, as_config=((1, 1), {})
cost[5, 8, 1]=1.180, max_n_succ_stage=-1, Mem: avail=13.664GB, peak=25.134GB, intermediate=0.375GB, init=4.502GB, as_config=((1, 1), {})
cost[4, 6, 1]=0.885, max_n_succ_stage=-1, Mem: avail=13.664GB, peak=25.068GB, intermediate=0.250GB, init=3.377GB, as_config=((1, 1), {})
cost[3, 5, 0]=0.958, max_n_succ_stage=-1, Mem: avail=13.664GB, peak=26.634GB, intermediate=0.250GB, init=3.752GB, as_config=((1, 1), {'force_batch_dim_to_mesh_dim': 0})
cost[0, 3, 0]=1.369, max_n_succ_stage=-1, Mem: avail=13.664GB, peak=27.628GB, intermediate=0.375GB, init=5.686GB, as_config=((1, 1), {'force_batch_dim_to_mesh_dim': 0})
cost[4, 6, 0]=0.885, max_n_succ_stage=-1, Mem: avail=13.664GB, peak=25.068GB, intermediate=0.250GB, init=3.377GB, as_config=((1, 1), {'force_batch_dim_to_mesh_dim': 0})
cost[6, 8, 0]=0.885, max_n_succ_stage=-1, Mem: avail=13.664GB, peak=25.072GB, intermediate=0.250GB, init=3.377GB, as_config=((1, 1), {'force_batch_dim_to_mesh_dim': 0})
cost[8, 10, 1]=0.943, max_n_succ_stage=-1, Mem: avail=13.664GB, peak=33.036GB, intermediate=0.250GB, init=3.564GB, as_config=((1, 1), {})
cost[3, 5, 1]=0.958, max_n_succ_stage=-1, Mem: avail=13.664GB, peak=26.634GB, intermediate=0.250GB, init=3.752GB, as_config=((1, 1), {})
cost[6, 8, 1]=0.885, max_n_succ_stage=-1, Mem: avail=13.664GB, peak=25.072GB, intermediate=0.250GB, init=3.377GB, as_config=((1, 1), {})
cost[0, 3, 1]=1.369, max_n_succ_stage=-1, Mem: avail=13.664GB, peak=27.628GB, intermediate=0.375GB, init=5.686GB, as_config=((1, 1), {})
cost[8, 10, 0]=0.943, max_n_succ_stage=-1, Mem: avail=13.664GB, peak=33.036GB, intermediate=0.250GB, init=3.564GB, as_config=((1, 1), {'force_batch_dim_to_mesh_dim': 0})
cost[7, 9, 0]=0.946, max_n_succ_stage=-1, Mem: avail=13.664GB, peak=31.282GB, intermediate=0.250GB, init=3.564GB, as_config=((1, 1), {'force_batch_dim_to_mesh_dim': 0})
cost[7, 9, 1]=0.946, max_n_succ_stage=-1, Mem: avail=13.664GB, peak=31.282GB, intermediate=0.250GB, init=3.564GB, as_config=((1, 1), {})
cost[1, 4, 0]=1.253, max_n_succ_stage=-1, Mem: avail=13.664GB, peak=27.823GB, intermediate=0.375GB, init=4.878GB, as_config=((1, 1), {'force_batch_dim_to_mesh_dim': 0})
cost[1, 4, 1]=1.253, max_n_succ_stage=-1, Mem: avail=13.664GB, peak=27.823GB, intermediate=0.375GB, init=4.878GB, as_config=((1, 1), {})
cost[2, 5, 0]=1.253, max_n_succ_stage=-1, Mem: avail=13.664GB, peak=28.071GB, intermediate=0.375GB, init=4.878GB, as_config=((1, 1), {'force_batch_dim_to_mesh_dim': 0})
cost[8, 11, 1]=1.314, max_n_succ_stage=-1, Mem: avail=13.664GB, peak=32.090GB, intermediate=0.375GB, init=5.675GB, as_config=((1, 1), {})
cost[8, 11, 0]=1.314, max_n_succ_stage=-1, Mem: avail=13.664GB, peak=32.090GB, intermediate=0.375GB, init=5.675GB, as_config=((1, 1), {'force_batch_dim_to_mesh_dim': 0})
cost[5, 8, 0]=1.180, max_n_succ_stage=-1, Mem: avail=13.664GB, peak=25.134GB, intermediate=0.375GB, init=4.502GB, as_config=((1, 1), {'force_batch_dim_to_mesh_dim': 0})
cost[4, 7, 0]=1.180, max_n_succ_stage=-1, Mem: avail=13.664GB, peak=26.004GB, intermediate=0.375GB, init=4.502GB, as_config=((1, 1), {'force_batch_dim_to_mesh_dim': 0})
cost[4, 7, 1]=1.180, max_n_succ_stage=-1, Mem: avail=13.664GB, peak=26.004GB, intermediate=0.375GB, init=4.502GB, as_config=((1, 1), {})
cost[3, 6, 0]=1.253, max_n_succ_stage=-1, Mem: avail=13.664GB, peak=26.700GB, intermediate=0.375GB, init=4.878GB, as_config=((1, 1), {'force_batch_dim_to_mesh_dim': 0})
cost[3, 6, 1]=1.253, max_n_succ_stage=-1, Mem: avail=13.664GB, peak=26.700GB, intermediate=0.375GB, init=4.878GB, as_config=((1, 1), {})
cost[1, 5, 1]=1.548, max_n_succ_stage=-1, Mem: avail=13.664GB, peak=29.761GB, intermediate=0.500GB, init=6.003GB, as_config=((1, 1), {})
cost[7, 10, 0]=1.238, max_n_succ_stage=-1, Mem: avail=13.664GB, peak=34.721GB, intermediate=0.375GB, init=4.690GB, as_config=((1, 1), {'force_batch_dim_to_mesh_dim': 0})
cost[7, 10, 1]=1.238, max_n_succ_stage=-1, Mem: avail=13.664GB, peak=34.721GB, intermediate=0.375GB, init=4.690GB, as_config=((1, 1), {})
cost[6, 9, 0]=1.241, max_n_succ_stage=-1, Mem: avail=13.664GB, peak=31.970GB, intermediate=0.375GB, init=4.690GB, as_config=((1, 1), {'force_batch_dim_to_mesh_dim': 0})
cost[0, 4, 1]=1.663, max_n_succ_stage=-1, Mem: avail=13.664GB, peak=29.704GB, intermediate=0.500GB, init=6.812GB, as_config=((1, 1), {})
cost[0, 4, 0]=1.663, max_n_succ_stage=-1, Mem: avail=13.664GB, peak=29.704GB, intermediate=0.500GB, init=6.812GB, as_config=((1, 1), {'force_batch_dim_to_mesh_dim': 0})
cost[1, 5, 0]=1.548, max_n_succ_stage=-1, Mem: avail=13.664GB, peak=29.761GB, intermediate=0.500GB, init=6.003GB, as_config=((1, 1), {'force_batch_dim_to_mesh_dim': 0})
cost[6, 9, 1]=1.241, max_n_succ_stage=-1, Mem: avail=13.664GB, peak=31.970GB, intermediate=0.375GB, init=4.690GB, as_config=((1, 1), {})
cost[7, 11, 1]=1.608, max_n_succ_stage=-1, Mem: avail=13.664GB, peak=35.907GB, intermediate=0.500GB, init=6.800GB, as_config=((1, 1), {})
cost[7, 11, 0]=1.608, max_n_succ_stage=-1, Mem: avail=13.664GB, peak=35.907GB, intermediate=0.500GB, init=6.800GB, as_config=((1, 1), {'force_batch_dim_to_mesh_dim': 0})
cost[4, 8, 0]=1.475, max_n_succ_stage=-1, Mem: avail=13.664GB, peak=28.961GB, intermediate=0.500GB, init=5.628GB, as_config=((1, 1), {'force_batch_dim_to_mesh_dim': 0})
cost[2, 6, 0]=1.548, max_n_succ_stage=-1, Mem: avail=13.664GB, peak=29.393GB, intermediate=0.500GB, init=6.003GB, as_config=((1, 1), {'force_batch_dim_to_mesh_dim': 0})
cost[2, 6, 1]=1.548, max_n_succ_stage=-1, Mem: avail=13.664GB, peak=29.393GB, intermediate=0.500GB, init=6.003GB, as_config=((1, 1), {})
cost[4, 8, 1]=1.475, max_n_succ_stage=-1, Mem: avail=13.664GB, peak=28.961GB, intermediate=0.500GB, init=5.628GB, as_config=((1, 1), {})
cost[5, 9, 0]=1.535, max_n_succ_stage=-1, Mem: avail=13.664GB, peak=32.658GB, intermediate=0.500GB, init=5.816GB, as_config=((1, 1), {'force_batch_dim_to_mesh_dim': 0})
cost[3, 7, 1]=1.548, max_n_succ_stage=-1, Mem: avail=13.664GB, peak=30.017GB, intermediate=0.500GB, init=6.003GB, as_config=((1, 1), {})
cost[3, 7, 0]=1.548, max_n_succ_stage=-1, Mem: avail=13.664GB, peak=30.017GB, intermediate=0.500GB, init=6.003GB, as_config=((1, 1), {'force_batch_dim_to_mesh_dim': 0})
cost[5, 9, 1]=1.535, max_n_succ_stage=-1, Mem: avail=13.664GB, peak=32.658GB, intermediate=0.500GB, init=5.816GB, as_config=((1, 1), {})
cost[6, 10, 1]=1.533, max_n_succ_stage=-1, Mem: avail=13.664GB, peak=34.412GB, intermediate=0.500GB, init=5.816GB, as_config=((1, 1), {})
cost[6, 10, 0]=1.533, max_n_succ_stage=-1, Mem: avail=13.664GB, peak=34.412GB, intermediate=0.500GB, init=5.816GB, as_config=((1, 1), {'force_batch_dim_to_mesh_dim': 0})
cost[1, 6, 0]=1.843, max_n_succ_stage=-1, Mem: avail=13.664GB, peak=29.195GB, intermediate=0.625GB, init=7.129GB, as_config=((1, 1), {'force_batch_dim_to_mesh_dim': 0})
cost[1, 6, 1]=1.843, max_n_succ_stage=-1, Mem: avail=13.664GB, peak=29.195GB, intermediate=0.625GB, init=7.129GB, as_config=((1, 1), {})
cost[6, 11, 1]=1.903, max_n_succ_stage=-1, Mem: avail=13.664GB, peak=36.464GB, intermediate=0.625GB, init=7.926GB, as_config=((1, 1), {})
cost[2, 7, 0]=1.843, max_n_succ_stage=-1, Mem: avail=13.664GB, peak=29.702GB, intermediate=0.625GB, init=7.129GB, as_config=((1, 1), {'force_batch_dim_to_mesh_dim': 0})
cost[2, 7, 1]=1.843, max_n_succ_stage=-1, Mem: avail=13.664GB, peak=29.702GB, intermediate=0.625GB, init=7.129GB, as_config=((1, 1), {})
cost[6, 11, 0]=1.903, max_n_succ_stage=-1, Mem: avail=13.664GB, peak=36.464GB, intermediate=0.625GB, init=7.926GB, as_config=((1, 1), {'force_batch_dim_to_mesh_dim': 0})
cost[3, 8, 0]=1.843, max_n_succ_stage=-1, Mem: avail=13.664GB, peak=30.946GB, intermediate=0.625GB, init=7.129GB, as_config=((1, 1), {'force_batch_dim_to_mesh_dim': 0})
cost[4, 9, 0]=1.830, max_n_succ_stage=-1, Mem: avail=13.664GB, peak=33.346GB, intermediate=0.625GB, init=6.941GB, as_config=((1, 1), {'force_batch_dim_to_mesh_dim': 0})
cost[3, 8, 1]=1.843, max_n_succ_stage=-1, Mem: avail=13.664GB, peak=30.946GB, intermediate=0.625GB, init=7.129GB, as_config=((1, 1), {})
cost[4, 9, 1]=1.830, max_n_succ_stage=-1, Mem: avail=13.664GB, peak=33.346GB, intermediate=0.625GB, init=6.941GB, as_config=((1, 1), {})
cost[5, 10, 0]=1.828, max_n_succ_stage=-1, Mem: avail=13.664GB, peak=35.098GB, intermediate=0.625GB, init=6.941GB, as_config=((1, 1), {'force_batch_dim_to_mesh_dim': 0})
cost[5, 10, 1]=1.828, max_n_succ_stage=-1, Mem: avail=13.664GB, peak=35.098GB, intermediate=0.625GB, init=6.941GB, as_config=((1, 1), {})
Profiling for submesh 0 (1, 1) takes 84.14 seconds
Profiled costs are: [[[       inf        inf        inf        inf]
  [0.70522049 0.70522049        inf        inf]
  [1.00014819 1.00014819        inf        inf]
  [1.36853662 1.36853662        inf        inf]
  [1.66346431 1.66346431        inf        inf]
  [       inf        inf        inf        inf]
  [       inf        inf        inf        inf]
  [       inf        inf        inf        inf]
  [       inf        inf        inf        inf]
  [       inf        inf        inf        inf]
  [       inf        inf        inf        inf]
  [       inf        inf        inf        inf]]

 [[       inf        inf        inf        inf]
  [       inf        inf        inf        inf]
  [0.58985538 0.58985538        inf        inf]
  [0.95824382 0.95824382        inf        inf]
  [1.25317151 1.25317151        inf        inf]
  [1.5480992  1.5480992         inf        inf]
  [1.84302689 1.84302689        inf        inf]
  [       inf        inf        inf        inf]
  [       inf        inf        inf        inf]
  [       inf        inf        inf        inf]
  [       inf        inf        inf        inf]
  [       inf        inf        inf        inf]]

 [[       inf        inf        inf        inf]
  [       inf        inf        inf        inf]
  [       inf        inf        inf        inf]
  [0.66331613 0.66331613        inf        inf]
  [0.95824382 0.95824382        inf        inf]
  [1.25317151 1.25317151        inf        inf]
  [1.5480992  1.5480992         inf        inf]
  [1.84302689 1.84302689        inf        inf]
  [       inf        inf        inf        inf]
  [       inf        inf        inf        inf]
  [       inf        inf        inf        inf]
  [       inf        inf        inf        inf]]

 [[       inf        inf        inf        inf]
  [       inf        inf        inf        inf]
  [       inf        inf        inf        inf]
  [       inf        inf        inf        inf]
  [0.66331613 0.66331613        inf        inf]
  [0.95824382 0.95824382        inf        inf]
  [1.25317151 1.25317151        inf        inf]
  [1.5480992  1.5480992         inf        inf]
  [1.84302689 1.84302689        inf        inf]
  [       inf        inf        inf        inf]
  [       inf        inf        inf        inf]
  [       inf        inf        inf        inf]]

 [[       inf        inf        inf        inf]
  [       inf        inf        inf        inf]
  [       inf        inf        inf        inf]
  [       inf        inf        inf        inf]
  [       inf        inf        inf        inf]
  [0.58985538 0.58985538        inf        inf]
  [0.88478307 0.88478307        inf        inf]
  [1.17971076 1.17971076        inf        inf]
  [1.47463845 1.47463845        inf        inf]
  [1.83040458 1.83040458        inf        inf]
  [       inf        inf        inf        inf]
  [       inf        inf        inf        inf]]

 [[       inf        inf        inf        inf]
  [       inf        inf        inf        inf]
  [       inf        inf        inf        inf]
  [       inf        inf        inf        inf]
  [       inf        inf        inf        inf]
  [       inf        inf        inf        inf]
  [0.58985538 0.58985538        inf        inf]
  [0.88478307 0.88478307        inf        inf]
  [1.17971076 1.17971076        inf        inf]
  [1.53547688 1.53547688        inf        inf]
  [1.8277343  1.8277343         inf        inf]
  [       inf        inf        inf        inf]]

 [[       inf        inf        inf        inf]
  [       inf        inf        inf        inf]
  [       inf        inf        inf        inf]
  [       inf        inf        inf        inf]
  [       inf        inf        inf        inf]
  [       inf        inf        inf        inf]
  [       inf        inf        inf        inf]
  [0.58985538 0.58985538        inf        inf]
  [0.88478307 0.88478307        inf        inf]
  [1.24054919 1.24054919        inf        inf]
  [1.53280661 1.53280661        inf        inf]
  [1.90342006 1.90342006        inf        inf]]

 [[       inf        inf        inf        inf]
  [       inf        inf        inf        inf]
  [       inf        inf        inf        inf]
  [       inf        inf        inf        inf]
  [       inf        inf        inf        inf]
  [       inf        inf        inf        inf]
  [       inf        inf        inf        inf]
  [       inf        inf        inf        inf]
  [0.58985538 0.58985538        inf        inf]
  [0.9456215  0.9456215         inf        inf]
  [1.23787892 1.23787892        inf        inf]
  [1.60849237 1.60849237        inf        inf]]

 [[       inf        inf        inf        inf]
  [       inf        inf        inf        inf]
  [       inf        inf        inf        inf]
  [       inf        inf        inf        inf]
  [       inf        inf        inf        inf]
  [       inf        inf        inf        inf]
  [       inf        inf        inf        inf]
  [       inf        inf        inf        inf]
  [       inf        inf        inf        inf]
  [0.65069381 0.65069381        inf        inf]
  [0.94295123 0.94295123        inf        inf]
  [1.31356468 1.31356468        inf        inf]]

 [[       inf        inf        inf        inf]
  [       inf        inf        inf        inf]
  [       inf        inf        inf        inf]
  [       inf        inf        inf        inf]
  [       inf        inf        inf        inf]
  [       inf        inf        inf        inf]
  [       inf        inf        inf        inf]
  [       inf        inf        inf        inf]
  [       inf        inf        inf        inf]
  [       inf        inf        inf        inf]
  [0.64802354 0.64802354        inf        inf]
  [1.01863699 1.01863699        inf        inf]]

 [[       inf        inf        inf        inf]
  [       inf        inf        inf        inf]
  [       inf        inf        inf        inf]
  [       inf        inf        inf        inf]
  [       inf        inf        inf        inf]
  [       inf        inf        inf        inf]
  [       inf        inf        inf        inf]
  [       inf        inf        inf        inf]
  [       inf        inf        inf        inf]
  [       inf        inf        inf        inf]
  [       inf        inf        inf        inf]
  [0.66287086 0.66287086        inf        inf]]

 [[       inf        inf        inf        inf]
  [       inf        inf        inf        inf]
  [       inf        inf        inf        inf]
  [       inf        inf        inf        inf]
  [       inf        inf        inf        inf]
  [       inf        inf        inf        inf]
  [       inf        inf        inf        inf]
  [       inf        inf        inf        inf]
  [       inf        inf        inf        inf]
  [       inf        inf        inf        inf]
  [       inf        inf        inf        inf]
  [       inf        inf        inf        inf]]]
Profiled max_n_succ_stages are: [[[-1 -1 -1 -1]
  [-1 -1 -1 -1]
  [-1 -1 -1 -1]
  [-1 -1 -1 -1]
  [-1 -1 -1 -1]
  [-1 -1 -1 -1]
  [-1 -1 -1 -1]
  [-1 -1 -1 -1]
  [-1 -1 -1 -1]
  [-1 -1 -1 -1]
  [-1 -1 -1 -1]
  [-1 -1 -1 -1]]

 [[-1 -1 -1 -1]
  [-1 -1 -1 -1]
  [-1 -1 -1 -1]
  [-1 -1 -1 -1]
  [-1 -1 -1 -1]
  [-1 -1 -1 -1]
  [-1 -1 -1 -1]
  [-1 -1 -1 -1]
  [-1 -1 -1 -1]
  [-1 -1 -1 -1]
  [-1 -1 -1 -1]
  [-1 -1 -1 -1]]

 [[-1 -1 -1 -1]
  [-1 -1 -1 -1]
  [-1 -1 -1 -1]
  [-1 -1 -1 -1]
  [-1 -1 -1 -1]
  [-1 -1 -1 -1]
  [-1 -1 -1 -1]
  [-1 -1 -1 -1]
  [-1 -1 -1 -1]
  [-1 -1 -1 -1]
  [-1 -1 -1 -1]
  [-1 -1 -1 -1]]

 [[-1 -1 -1 -1]
  [-1 -1 -1 -1]
  [-1 -1 -1 -1]
  [-1 -1 -1 -1]
  [-1 -1 -1 -1]
  [-1 -1 -1 -1]
  [-1 -1 -1 -1]
  [-1 -1 -1 -1]
  [-1 -1 -1 -1]
  [-1 -1 -1 -1]
  [-1 -1 -1 -1]
  [-1 -1 -1 -1]]

 [[-1 -1 -1 -1]
  [-1 -1 -1 -1]
  [-1 -1 -1 -1]
  [-1 -1 -1 -1]
  [-1 -1 -1 -1]
  [-1 -1 -1 -1]
  [-1 -1 -1 -1]
  [-1 -1 -1 -1]
  [-1 -1 -1 -1]
  [-1 -1 -1 -1]
  [-1 -1 -1 -1]
  [-1 -1 -1 -1]]

 [[-1 -1 -1 -1]
  [-1 -1 -1 -1]
  [-1 -1 -1 -1]
  [-1 -1 -1 -1]
  [-1 -1 -1 -1]
  [-1 -1 -1 -1]
  [-1 -1 -1 -1]
  [-1 -1 -1 -1]
  [-1 -1 -1 -1]
  [-1 -1 -1 -1]
  [-1 -1 -1 -1]
  [-1 -1 -1 -1]]

 [[-1 -1 -1 -1]
  [-1 -1 -1 -1]
  [-1 -1 -1 -1]
  [-1 -1 -1 -1]
  [-1 -1 -1 -1]
  [-1 -1 -1 -1]
  [-1 -1 -1 -1]
  [-1 -1 -1 -1]
  [-1 -1 -1 -1]
  [-1 -1 -1 -1]
  [-1 -1 -1 -1]
  [-1 -1 -1 -1]]

 [[-1 -1 -1 -1]
  [-1 -1 -1 -1]
  [-1 -1 -1 -1]
  [-1 -1 -1 -1]
  [-1 -1 -1 -1]
  [-1 -1 -1 -1]
  [-1 -1 -1 -1]
  [-1 -1 -1 -1]
  [-1 -1 -1 -1]
  [-1 -1 -1 -1]
  [-1 -1 -1 -1]
  [-1 -1 -1 -1]]

 [[-1 -1 -1 -1]
  [-1 -1 -1 -1]
  [-1 -1 -1 -1]
  [-1 -1 -1 -1]
  [-1 -1 -1 -1]
  [-1 -1 -1 -1]
  [-1 -1 -1 -1]
  [-1 -1 -1 -1]
  [-1 -1 -1 -1]
  [-1 -1 -1 -1]
  [-1 -1 -1 -1]
  [-1 -1 -1 -1]]

 [[-1 -1 -1 -1]
  [-1 -1 -1 -1]
  [-1 -1 -1 -1]
  [-1 -1 -1 -1]
  [-1 -1 -1 -1]
  [-1 -1 -1 -1]
  [-1 -1 -1 -1]
  [-1 -1 -1 -1]
  [-1 -1 -1 -1]
  [-1 -1 -1 -1]
  [-1 -1 -1 -1]
  [-1 -1 -1 -1]]

 [[-1 -1 -1 -1]
  [-1 -1 -1 -1]
  [-1 -1 -1 -1]
  [-1 -1 -1 -1]
  [-1 -1 -1 -1]
  [-1 -1 -1 -1]
  [-1 -1 -1 -1]
  [-1 -1 -1 -1]
  [-1 -1 -1 -1]
  [-1 -1 -1 -1]
  [-1 -1 -1 -1]
  [-1 -1 -1 -1]]

 [[-1 -1 -1 -1]
  [-1 -1 -1 -1]
  [-1 -1 -1 -1]
  [-1 -1 -1 -1]
  [-1 -1 -1 -1]
  [-1 -1 -1 -1]
  [-1 -1 -1 -1]
  [-1 -1 -1 -1]
  [-1 -1 -1 -1]
  [-1 -1 -1 -1]
  [-1 -1 -1 -1]
  [-1 -1 -1 -1]]]
--------------------------------------------------
Compute cost saved to: compute-cost-2026-05-15-08-44-56.npy
----------------------------------------------------------------------
Traceback (most recent call last):
  File "benchmark_3d_one_case.py", line 92, in <module>
    benchmark_one_case(args.model,
  File "benchmark_3d_one_case.py", line 37, in benchmark_one_case
    result = benchmark_gpt_bert_internal(model, case, niter, num_hosts,
  File "/home/liminglong.lml/sxz/SuperScaler/external/alpa/benchmark_3d_one_case_gpt_bert.py", line 290, in benchmark_gpt_bert_internal
    executable = train_step.get_executable(state, batch, rngkey)
  File "/usr/local/lib/python3.8/dist-packages/alpa/api.py", line 110, in get_executable
    executable, _, _, _ = self._decode_args_and_get_executable(*args)
  File "/usr/local/lib/python3.8/dist-packages/alpa/api.py", line 174, in _decode_args_and_get_executable
    executable = _compile_parallel_executable(f, in_tree, out_tree_hashable,
  File "/usr/local/lib/python3.8/dist-packages/jax/linear_util.py", line 272, in memoized_fun
    ans = call(fun, *args)
  File "/usr/local/lib/python3.8/dist-packages/alpa/api.py", line 201, in _compile_parallel_executable
    return method.compile_executable(fun, in_tree, out_tree_thunk,
  File "/usr/local/lib/python3.8/dist-packages/alpa/parallel_method.py", line 220, in compile_executable
    return compile_pipeshard_executable(
  File "/usr/local/lib/python3.8/dist-packages/alpa/pipeline_parallel/compile_executable.py", line 76, in compile_pipeshard_executable
    pipeshard_config = compile_pipeshard_executable_internal(
  File "/usr/local/lib/python3.8/dist-packages/alpa/pipeline_parallel/compile_executable.py", line 150, in compile_pipeshard_executable_internal
    manual_stage_option) = cluster_layers_and_slice_mesh(
  File "/usr/local/lib/python3.8/dist-packages/alpa/pipeline_parallel/stage_construction.py", line 618, in cluster_layers_and_slice_mesh
    assert solution is not None, "no solution in auto stage construction."
AssertionError: no solution in auto stage construction.
[DEBUG] latencies = [-1]
Type: gpt  Model Config: (1024, 2048, 2048, 24, 32)  #Microbatch: 64  #GPU: 4  Parallel Config: (True, True, 12, {'submesh_physical_shape_space': 'small_power_of_two', 'submesh_logical_shape_space': 'all', 'stage_imbalance_tolerance': 1.0, 'use_hlo_cost_model': True, 'profiling_database_filename': 'prof_database.pkl'})  Mean Time: -1.000s  Std Time: 0.000  #Params: -0.000B  TFLOPs: -1.00  TFLOPs (ckpt): -1.00  Peak Mem: -0.000G  Compilation Time: None  Global Batch Size: 1024  
Working on case: (1024, 2048, 2048, 24, 32, 51200, 32, 'search', (True, False, 6, {'submesh_physical_shape_space': 'small_power_of_two', 'submesh_logical_shape_space': 'all', 'stage_imbalance_tolerance': 1.0, 'use_hlo_cost_model': True, 'profiling_database_filename': 'prof_database.pkl'}))
rm -rf /tmp/tmp_transfer.pkl
python3 -u benchmark_3d_one_case.py --model gpt --niter 3 --case "(1024, 2048, 2048, 24, 32, 51200, 32, 'search', (True, False, 6, {'submesh_physical_shape_space': 'small_power_of_two', 'submesh_logical_shape_space': 'all', 'stage_imbalance_tolerance': 1.0, 'use_hlo_cost_model': True, 'profiling_database_filename': 'prof_database.pkl'}))" --num-hosts 1 --num-devices-per-host 4 --dump-result --disable-tqdm 
mkdir -p tmp
 - Prepare input: 1.71 s
 - Create train state: 1.16 s
-------------------- Automatic stage clustering --------------------
submesh_choices: ((1, 1), (1, 2), (1, 4))
- Profiling for submesh 2 (1, 4):
- Generate all stage infos (Jaxpr -> HLO)
- Compile all stages
- Profile all stages
cost[0, 5, 3]=1.566, max_n_succ_stage=-1, Mem: avail=13.664GB, peak=180.939GB, intermediate=0.000GB, init=3.966GB, as_config=((4, 1), {})
cost[0, 5, 0]=1.566, max_n_succ_stage=-1, Mem: avail=13.664GB, peak=180.939GB, intermediate=0.000GB, init=3.966GB, as_config=((4, 1), {'force_batch_dim_to_mesh_dim': 0})
cost[0, 5, 2]=10.867, max_n_succ_stage=-1, Mem: avail=13.664GB, peak=239.595GB, intermediate=0.000GB, init=3.968GB, as_config=((1, 4), {'force_batch_dim_to_mesh_dim': 0})
cost[0, 5, 1]=5.286, max_n_succ_stage=-1, Mem: avail=13.664GB, peak=198.542GB, intermediate=0.000GB, init=3.967GB, as_config=((2, 2), {'force_batch_dim_to_mesh_dim': 0})
Profiling for submesh 2 (1, 4) takes 86.30 seconds
Profiled costs are: [[[        inf         inf         inf         inf]
  [        inf         inf         inf         inf]
  [        inf         inf         inf         inf]
  [        inf         inf         inf         inf]
  [        inf         inf         inf         inf]
  [ 1.56600216  5.28590482 10.86706209  1.56600216]]

 [[        inf         inf         inf         inf]
  [        inf         inf         inf         inf]
  [        inf         inf         inf         inf]
  [        inf         inf         inf         inf]
  [        inf         inf         inf         inf]
  [        inf         inf         inf         inf]]

 [[        inf         inf         inf         inf]
  [        inf         inf         inf         inf]
  [        inf         inf         inf         inf]
  [        inf         inf         inf         inf]
  [        inf         inf         inf         inf]
  [        inf         inf         inf         inf]]

 [[        inf         inf         inf         inf]
  [        inf         inf         inf         inf]
  [        inf         inf         inf         inf]
  [        inf         inf         inf         inf]
  [        inf         inf         inf         inf]
  [        inf         inf         inf         inf]]

 [[        inf         inf         inf         inf]
  [        inf         inf         inf         inf]
  [        inf         inf         inf         inf]
  [        inf         inf         inf         inf]
  [        inf         inf         inf         inf]
  [        inf         inf         inf         inf]]

 [[        inf         inf         inf         inf]
  [        inf         inf         inf         inf]
  [        inf         inf         inf         inf]
  [        inf         inf         inf         inf]
  [        inf         inf         inf         inf]
  [        inf         inf         inf         inf]]]
Profiled max_n_succ_stages are: [[[-1 -1 -1 -1]
  [-1 -1 -1 -1]
  [-1 -1 -1 -1]
  [-1 -1 -1 -1]
  [-1 -1 -1 -1]
  [-1 -1 -1 -1]]

 [[-1 -1 -1 -1]
  [-1 -1 -1 -1]
  [-1 -1 -1 -1]
  [-1 -1 -1 -1]
  [-1 -1 -1 -1]
  [-1 -1 -1 -1]]

 [[-1 -1 -1 -1]
  [-1 -1 -1 -1]
  [-1 -1 -1 -1]
  [-1 -1 -1 -1]
  [-1 -1 -1 -1]
  [-1 -1 -1 -1]]

 [[-1 -1 -1 -1]
  [-1 -1 -1 -1]
  [-1 -1 -1 -1]
  [-1 -1 -1 -1]
  [-1 -1 -1 -1]
  [-1 -1 -1 -1]]

 [[-1 -1 -1 -1]
  [-1 -1 -1 -1]
  [-1 -1 -1 -1]
  [-1 -1 -1 -1]
  [-1 -1 -1 -1]
  [-1 -1 -1 -1]]

 [[-1 -1 -1 -1]
  [-1 -1 -1 -1]
  [-1 -1 -1 -1]
  [-1 -1 -1 -1]
  [-1 -1 -1 -1]
  [-1 -1 -1 -1]]]
--------------------------------------------------
- Profiling for submesh 1 (1, 2):
- Generate all stage infos (Jaxpr -> HLO)
- Compile all stages
- Profile all stages
cost[0, 1, 2]=1.027, max_n_succ_stage=-1, Mem: avail=13.664GB, peak=117.102GB, intermediate=113.943GB, init=2.843GB, as_config=((2, 1), {})
cost[0, 1, 0]=1.027, max_n_succ_stage=-1, Mem: avail=13.664GB, peak=117.102GB, intermediate=113.943GB, init=2.843GB, as_config=((2, 1), {'force_batch_dim_to_mesh_dim': 0})
cost[0, 1, 1]=3.502, max_n_succ_stage=-1, Mem: avail=13.664GB, peak=131.085GB, intermediate=128.698GB, init=2.844GB, as_config=((1, 2), {'force_batch_dim_to_mesh_dim': 0})
cost[2, 3, 0]=0.892, max_n_succ_stage=-1, Mem: avail=13.664GB, peak=112.758GB, intermediate=110.036GB, init=2.251GB, as_config=((2, 1), {'force_batch_dim_to_mesh_dim': 0})
cost[4, 5, 2]=1.091, max_n_succ_stage=-1, Mem: avail=13.664GB, peak=125.345GB, intermediate=119.411GB, init=2.837GB, as_config=((2, 1), {})
cost[2, 3, 2]=0.892, max_n_succ_stage=-1, Mem: avail=13.664GB, peak=112.758GB, intermediate=110.036GB, init=2.251GB, as_config=((2, 1), {})
cost[1, 2, 0]=0.892, max_n_succ_stage=-1, Mem: avail=13.664GB, peak=113.509GB, intermediate=110.787GB, init=2.251GB, as_config=((2, 1), {'force_batch_dim_to_mesh_dim': 0})
cost[3, 4, 2]=0.892, max_n_succ_stage=-1, Mem: avail=13.664GB, peak=112.633GB, intermediate=109.911GB, init=2.251GB, as_config=((2, 1), {})
cost[3, 4, 0]=0.892, max_n_succ_stage=-1, Mem: avail=13.664GB, peak=112.633GB, intermediate=109.911GB, init=2.251GB, as_config=((2, 1), {'force_batch_dim_to_mesh_dim': 0})
cost[1, 2, 2]=0.892, max_n_succ_stage=-1, Mem: avail=13.664GB, peak=113.509GB, intermediate=110.787GB, init=2.251GB, as_config=((2, 1), {})
cost[2, 3, 1]=3.294, max_n_succ_stage=-1, Mem: avail=13.664GB, peak=126.382GB, intermediate=124.041GB, init=2.252GB, as_config=((1, 2), {'force_batch_dim_to_mesh_dim': 0})
cost[3, 4, 1]=3.294, max_n_succ_stage=-1, Mem: avail=13.664GB, peak=126.132GB, intermediate=123.791GB, init=2.252GB, as_config=((1, 2), {'force_batch_dim_to_mesh_dim': 0})
cost[1, 2, 1]=3.294, max_n_succ_stage=-1, Mem: avail=13.664GB, peak=128.133GB, intermediate=125.542GB, init=2.252GB, as_config=((1, 2), {'force_batch_dim_to_mesh_dim': 0})
cost[4, 5, 1]=3.567, max_n_succ_stage=-1, Mem: avail=13.664GB, peak=138.186GB, intermediate=133.416GB, init=2.838GB, as_config=((1, 2), {'force_batch_dim_to_mesh_dim': 0})
cost[4, 5, 0]=1.091, max_n_succ_stage=-1, Mem: avail=13.664GB, peak=125.345GB, intermediate=119.411GB, init=2.837GB, as_config=((2, 1), {'force_batch_dim_to_mesh_dim': 0})
cost[0, 2, 0]=1.472, max_n_succ_stage=-1, Mem: avail=13.664GB, peak=173.105GB, intermediate=168.961GB, init=3.969GB, as_config=((2, 1), {'force_batch_dim_to_mesh_dim': 0})
cost[0, 2, 2]=1.472, max_n_succ_stage=-1, Mem: avail=13.664GB, peak=173.105GB, intermediate=168.961GB, init=3.969GB, as_config=((2, 1), {})
cost[0, 2, 1]=5.150, max_n_succ_stage=-1, Mem: avail=13.664GB, peak=193.370GB, intermediate=190.718GB, init=3.969GB, as_config=((1, 2), {'force_batch_dim_to_mesh_dim': 0})
cost[2, 4, 2]=1.338, max_n_succ_stage=-1, Mem: avail=13.664GB, peak=168.885GB, intermediate=165.054GB, init=3.377GB, as_config=((2, 1), {})
cost[1, 3, 2]=1.338, max_n_succ_stage=-1, Mem: avail=13.664GB, peak=169.636GB, intermediate=165.805GB, init=3.377GB, as_config=((2, 1), {})
cost[1, 3, 0]=1.338, max_n_succ_stage=-1, Mem: avail=13.664GB, peak=169.636GB, intermediate=165.805GB, init=3.377GB, as_config=((2, 1), {'force_batch_dim_to_mesh_dim': 0})
cost[2, 4, 0]=1.338, max_n_succ_stage=-1, Mem: avail=13.664GB, peak=168.885GB, intermediate=165.054GB, init=3.377GB, as_config=((2, 1), {'force_batch_dim_to_mesh_dim': 0})
cost[2, 4, 1]=4.941, max_n_succ_stage=-1, Mem: avail=13.664GB, peak=188.823GB, intermediate=186.062GB, init=3.378GB, as_config=((1, 2), {'force_batch_dim_to_mesh_dim': 0})
cost[1, 3, 1]=4.941, max_n_succ_stage=-1, Mem: avail=13.664GB, peak=190.324GB, intermediate=187.562GB, init=3.378GB, as_config=((1, 2), {'force_batch_dim_to_mesh_dim': 0})
cost[3, 5, 0]=1.537, max_n_succ_stage=-1, Mem: avail=13.664GB, peak=181.472GB, intermediate=174.429GB, init=3.963GB, as_config=((2, 1), {'force_batch_dim_to_mesh_dim': 0})
cost[3, 5, 2]=1.537, max_n_succ_stage=-1, Mem: avail=13.664GB, peak=181.472GB, intermediate=174.429GB, init=3.963GB, as_config=((2, 1), {})
cost[3, 5, 1]=5.214, max_n_succ_stage=-1, Mem: avail=13.664GB, peak=200.755GB, intermediate=195.437GB, init=3.964GB, as_config=((1, 2), {'force_batch_dim_to_mesh_dim': 0})
cost[0, 3, 2]=1.918, max_n_succ_stage=-1, Mem: avail=13.664GB, peak=229.232GB, intermediate=223.979GB, init=5.094GB, as_config=((2, 1), {})
cost[0, 3, 0]=1.918, max_n_succ_stage=-1, Mem: avail=13.664GB, peak=229.232GB, intermediate=223.979GB, init=5.094GB, as_config=((2, 1), {'force_batch_dim_to_mesh_dim': 0})
cost[1, 4, 2]=1.784, max_n_succ_stage=-1, Mem: avail=13.664GB, peak=225.763GB, intermediate=220.823GB, init=4.502GB, as_config=((2, 1), {})
cost[0, 3, 1]=6.797, max_n_succ_stage=-1, Mem: avail=13.664GB, peak=256.342GB, intermediate=252.739GB, init=5.095GB, as_config=((1, 2), {'force_batch_dim_to_mesh_dim': 0})
cost[1, 4, 0]=1.784, max_n_succ_stage=-1, Mem: avail=13.664GB, peak=225.763GB, intermediate=220.823GB, init=4.502GB, as_config=((2, 1), {'force_batch_dim_to_mesh_dim': 0})
cost[1, 4, 1]=6.588, max_n_succ_stage=-1, Mem: avail=13.664GB, peak=253.140GB, intermediate=249.583GB, init=4.504GB, as_config=((1, 2), {'force_batch_dim_to_mesh_dim': 0})
cost[2, 5, 0]=1.983, max_n_succ_stage=-1, Mem: avail=13.664GB, peak=237.724GB, intermediate=229.573GB, init=5.089GB, as_config=((2, 1), {'force_batch_dim_to_mesh_dim': 0})
cost[2, 5, 2]=1.983, max_n_succ_stage=-1, Mem: avail=13.664GB, peak=237.724GB, intermediate=229.573GB, init=5.089GB, as_config=((2, 1), {})
cost[2, 5, 1]=6.861, max_n_succ_stage=-1, Mem: avail=13.664GB, peak=263.575GB, intermediate=257.708GB, init=5.090GB, as_config=((1, 2), {'force_batch_dim_to_mesh_dim': 0})
cost[0, 4, 0]=2.364, max_n_succ_stage=-1, Mem: avail=13.664GB, peak=285.359GB, intermediate=278.997GB, init=6.220GB, as_config=((2, 1), {'force_batch_dim_to_mesh_dim': 0})
cost[0, 4, 2]=2.364, max_n_succ_stage=-1, Mem: avail=13.664GB, peak=285.359GB, intermediate=278.997GB, init=6.220GB, as_config=((2, 1), {})
cost[0, 4, 1]=8.444, max_n_succ_stage=-1, Mem: avail=13.664GB, peak=318.908GB, intermediate=314.760GB, init=6.221GB, as_config=((1, 2), {'force_batch_dim_to_mesh_dim': 0})
cost[1, 5, 0]=2.428, max_n_succ_stage=-1, Mem: avail=13.664GB, peak=294.601GB, intermediate=285.341GB, init=6.214GB, as_config=((2, 1), {'force_batch_dim_to_mesh_dim': 0})
cost[1, 5, 2]=2.428, max_n_succ_stage=-1, Mem: avail=13.664GB, peak=294.601GB, intermediate=285.341GB, init=6.214GB, as_config=((2, 1), {})
cost[1, 5, 1]=8.508, max_n_succ_stage=-1, Mem: avail=13.664GB, peak=327.645GB, intermediate=321.229GB, init=6.216GB, as_config=((1, 2), {'force_batch_dim_to_mesh_dim': 0})
cost[0, 5, 1]=10.363, max_n_succ_stage=-1, Mem: avail=13.664GB, peak=393.418GB, intermediate=386.405GB, init=7.933GB, as_config=((1, 2), {'force_batch_dim_to_mesh_dim': 0})
cost[0, 5, 0]=3.009, max_n_succ_stage=-1, Mem: avail=13.664GB, peak=354.197GB, intermediate=343.515GB, init=7.932GB, as_config=((2, 1), {'force_batch_dim_to_mesh_dim': 0})
cost[0, 5, 2]=3.009, max_n_succ_stage=-1, Mem: avail=13.664GB, peak=354.197GB, intermediate=343.515GB, init=7.932GB, as_config=((2, 1), {})
Profiling for submesh 1 (1, 2) takes 106.23 seconds
Profiled costs are: [[[        inf         inf         inf         inf]
  [ 1.02655002  3.50239449  1.02655002         inf]
  [ 1.47246033  5.1495042   1.47246033         inf]
  [ 1.91837072  6.79661392  1.91837072         inf]
  [ 2.36428111  8.44372364  2.36428111         inf]
  [ 3.00908185 10.36344118  3.00908185         inf]]

 [[        inf         inf         inf         inf]
  [        inf         inf         inf         inf]
  [ 0.89182027  3.29421943  0.89182027         inf]
  [ 1.33773007  4.94132915  1.33773007         inf]
  [ 1.78364046  6.58843886  1.78364046         inf]
  [ 2.4284412   8.50815641  2.4284412          inf]]

 [[        inf         inf         inf         inf]
  [        inf         inf         inf         inf]
  [        inf         inf         inf         inf]
  [ 0.89182023  3.29421943  0.89182023         inf]
  [ 1.33773004  4.94132915  1.33773004         inf]
  [ 1.98253077  6.8610467   1.98253077         inf]]

 [[        inf         inf         inf         inf]
  [        inf         inf         inf         inf]
  [        inf         inf         inf         inf]
  [        inf         inf         inf         inf]
  [ 0.8918202   3.29421943  0.8918202          inf]
  [ 1.53662034  5.21393698  1.53662034         inf]]

 [[        inf         inf         inf         inf]
  [        inf         inf         inf         inf]
  [        inf         inf         inf         inf]
  [        inf         inf         inf         inf]
  [        inf         inf         inf         inf]
  [ 1.09071008  3.56682726  1.09071008         inf]]

 [[        inf         inf         inf         inf]
  [        inf         inf         inf         inf]
  [        inf         inf         inf         inf]
  [        inf         inf         inf         inf]
  [        inf         inf         inf         inf]
  [        inf         inf         inf         inf]]]
Profiled max_n_succ_stages are: [[[-1 -1 -1 -1]
  [-1 -1 -1 -1]
  [-1 -1 -1 -1]
  [-1 -1 -1 -1]
  [-1 -1 -1 -1]
  [-1 -1 -1 -1]]

 [[-1 -1 -1 -1]
  [-1 -1 -1 -1]
  [-1 -1 -1 -1]
  [-1 -1 -1 -1]
  [-1 -1 -1 -1]
  [-1 -1 -1 -1]]

 [[-1 -1 -1 -1]
  [-1 -1 -1 -1]
  [-1 -1 -1 -1]
  [-1 -1 -1 -1]
  [-1 -1 -1 -1]
  [-1 -1 -1 -1]]

 [[-1 -1 -1 -1]
  [-1 -1 -1 -1]
  [-1 -1 -1 -1]
  [-1 -1 -1 -1]
  [-1 -1 -1 -1]
  [-1 -1 -1 -1]]

 [[-1 -1 -1 -1]
  [-1 -1 -1 -1]
  [-1 -1 -1 -1]
  [-1 -1 -1 -1]
  [-1 -1 -1 -1]
  [-1 -1 -1 -1]]

 [[-1 -1 -1 -1]
  [-1 -1 -1 -1]
  [-1 -1 -1 -1]
  [-1 -1 -1 -1]
  [-1 -1 -1 -1]
  [-1 -1 -1 -1]]]
--------------------------------------------------
- Profiling for submesh 0 (1, 1):
- Generate all stage infos (Jaxpr -> HLO)
- Compile all stages
- Profile all stages
cost[3, 3, 0]=0.885, max_n_succ_stage=-1, Mem: avail=13.664GB, peak=112.137GB, intermediate=109.786GB, init=2.251GB, as_config=((1, 1), {'force_batch_dim_to_mesh_dim': 0})
cost[3, 3, 1]=0.885, max_n_succ_stage=-1, Mem: avail=13.664GB, peak=112.137GB, intermediate=109.786GB, init=2.251GB, as_config=((1, 1), {})
cost[1, 1, 0]=0.885, max_n_succ_stage=-1, Mem: avail=13.664GB, peak=113.888GB, intermediate=111.537GB, init=2.251GB, as_config=((1, 1), {'force_batch_dim_to_mesh_dim': 0})
cost[0, 0, 1]=1.150, max_n_succ_stage=-1, Mem: avail=13.664GB, peak=120.222GB, intermediate=116.349GB, init=3.435GB, as_config=((1, 1), {})
cost[2, 2, 1]=0.885, max_n_succ_stage=-1, Mem: avail=13.664GB, peak=112.138GB, intermediate=110.036GB, init=2.251GB, as_config=((1, 1), {})
cost[0, 0, 0]=1.150, max_n_succ_stage=-1, Mem: avail=13.664GB, peak=120.222GB, intermediate=116.349GB, init=3.435GB, as_config=((1, 1), {'force_batch_dim_to_mesh_dim': 0})
cost[2, 2, 0]=0.885, max_n_succ_stage=-1, Mem: avail=13.664GB, peak=112.138GB, intermediate=110.036GB, init=2.251GB, as_config=((1, 1), {'force_batch_dim_to_mesh_dim': 0})
cost[1, 1, 1]=0.885, max_n_succ_stage=-1, Mem: avail=13.664GB, peak=113.888GB, intermediate=111.537GB, init=2.251GB, as_config=((1, 1), {})
cost[4, 4, 0]=0.885, max_n_succ_stage=-1, Mem: avail=13.664GB, peak=112.137GB, intermediate=109.786GB, init=2.251GB, as_config=((1, 1), {'force_batch_dim_to_mesh_dim': 0})
cost[4, 4, 1]=0.885, max_n_succ_stage=-1, Mem: avail=13.664GB, peak=112.137GB, intermediate=109.786GB, init=2.251GB, as_config=((1, 1), {})
cost[5, 5, 1]=1.279, max_n_succ_stage=-1, Mem: avail=13.664GB, peak=136.978GB, intermediate=128.787GB, init=3.424GB, as_config=((1, 1), {})
cost[5, 5, 0]=1.279, max_n_succ_stage=-1, Mem: avail=13.664GB, peak=136.978GB, intermediate=128.787GB, init=3.424GB, as_config=((1, 1), {'force_batch_dim_to_mesh_dim': 0})
cost[2, 3, 1]=1.770, max_n_succ_stage=-1, Mem: avail=13.664GB, peak=223.525GB, intermediate=220.072GB, init=4.502GB, as_config=((1, 1), {})
cost[2, 3, 0]=1.770, max_n_succ_stage=-1, Mem: avail=13.664GB, peak=223.525GB, intermediate=220.072GB, init=4.502GB, as_config=((1, 1), {'force_batch_dim_to_mesh_dim': 0})
cost[1, 2, 1]=1.770, max_n_succ_stage=-1, Mem: avail=13.664GB, peak=225.025GB, intermediate=221.573GB, init=4.502GB, as_config=((1, 1), {})
cost[0, 1, 1]=2.035, max_n_succ_stage=-1, Mem: avail=13.664GB, peak=231.675GB, intermediate=227.885GB, init=5.686GB, as_config=((1, 1), {})
cost[0, 1, 0]=2.035, max_n_succ_stage=-1, Mem: avail=13.664GB, peak=231.675GB, intermediate=227.885GB, init=5.686GB, as_config=((1, 1), {'force_batch_dim_to_mesh_dim': 0})
cost[3, 4, 0]=1.770, max_n_succ_stage=-1, Mem: avail=13.664GB, peak=223.274GB, intermediate=219.822GB, init=4.502GB, as_config=((1, 1), {'force_batch_dim_to_mesh_dim': 0})
cost[1, 2, 0]=1.770, max_n_succ_stage=-1, Mem: avail=13.664GB, peak=225.025GB, intermediate=221.573GB, init=4.502GB, as_config=((1, 1), {'force_batch_dim_to_mesh_dim': 0})
cost[3, 4, 1]=1.770, max_n_succ_stage=-1, Mem: avail=13.664GB, peak=223.274GB, intermediate=219.822GB, init=4.502GB, as_config=((1, 1), {})
cost[4, 5, 1]=2.164, max_n_succ_stage=-1, Mem: avail=13.664GB, peak=248.114GB, intermediate=238.823GB, init=5.675GB, as_config=((1, 1), {})
cost[4, 5, 0]=2.164, max_n_succ_stage=-1, Mem: avail=13.664GB, peak=248.114GB, intermediate=238.823GB, init=5.675GB, as_config=((1, 1), {'force_batch_dim_to_mesh_dim': 0})
cost[2, 4, 1]=2.654, max_n_succ_stage=-1, Mem: avail=13.664GB, peak=334.661GB, intermediate=330.108GB, init=6.754GB, as_config=((1, 1), {})
cost[2, 4, 0]=2.654, max_n_succ_stage=-1, Mem: avail=13.664GB, peak=334.661GB, intermediate=330.108GB, init=6.754GB, as_config=((1, 1), {'force_batch_dim_to_mesh_dim': 0})
cost[1, 3, 0]=2.654, max_n_succ_stage=-1, Mem: avail=13.664GB, peak=336.162GB, intermediate=331.609GB, init=6.754GB, as_config=((1, 1), {'force_batch_dim_to_mesh_dim': 0})
cost[1, 3, 1]=2.654, max_n_succ_stage=-1, Mem: avail=13.664GB, peak=336.162GB, intermediate=331.609GB, init=6.754GB, as_config=((1, 1), {})
cost[0, 2, 0]=2.920, max_n_succ_stage=-1, Mem: avail=13.664GB, peak=342.812GB, intermediate=337.922GB, init=7.937GB, as_config=((1, 1), {'force_batch_dim_to_mesh_dim': 0})
cost[0, 2, 1]=2.920, max_n_succ_stage=-1, Mem: avail=13.664GB, peak=342.812GB, intermediate=337.922GB, init=7.937GB, as_config=((1, 1), {})
Profiling for submesh 0 (1, 1) takes 42.32 seconds
Profiled costs are: [[[1.15048098 1.15048098        inf        inf]
  [2.0352849  2.0352849         inf        inf]
  [2.92008882 2.92008882        inf        inf]
  [       inf        inf        inf        inf]
  [       inf        inf        inf        inf]
  [       inf        inf        inf        inf]]

 [[       inf        inf        inf        inf]
  [0.88480392 0.88480392        inf        inf]
  [1.76960783 1.76960783        inf        inf]
  [2.65441175 2.65441175        inf        inf]
  [       inf        inf        inf        inf]
  [       inf        inf        inf        inf]]

 [[       inf        inf        inf        inf]
  [       inf        inf        inf        inf]
  [0.88480392 0.88480392        inf        inf]
  [1.76960783 1.76960783        inf        inf]
  [2.65441175 2.65441175        inf        inf]
  [       inf        inf        inf        inf]]

 [[       inf        inf        inf        inf]
  [       inf        inf        inf        inf]
  [       inf        inf        inf        inf]
  [0.88480392 0.88480392        inf        inf]
  [1.76960783 1.76960783        inf        inf]
  [       inf        inf        inf        inf]]

 [[       inf        inf        inf        inf]
  [       inf        inf        inf        inf]
  [       inf        inf        inf        inf]
  [       inf        inf        inf        inf]
  [0.88480392 0.88480392        inf        inf]
  [2.16375945 2.16375945        inf        inf]]

 [[       inf        inf        inf        inf]
  [       inf        inf        inf        inf]
  [       inf        inf        inf        inf]
  [       inf        inf        inf        inf]
  [       inf        inf        inf        inf]
  [1.27895554 1.27895554        inf        inf]]]
Profiled max_n_succ_stages are: [[[-1 -1 -1 -1]
  [-1 -1 -1 -1]
  [-1 -1 -1 -1]
  [-1 -1 -1 -1]
  [-1 -1 -1 -1]
  [-1 -1 -1 -1]]

 [[-1 -1 -1 -1]
  [-1 -1 -1 -1]
  [-1 -1 -1 -1]
  [-1 -1 -1 -1]
  [-1 -1 -1 -1]
  [-1 -1 -1 -1]]

 [[-1 -1 -1 -1]
  [-1 -1 -1 -1]
  [-1 -1 -1 -1]
  [-1 -1 -1 -1]
  [-1 -1 -1 -1]
  [-1 -1 -1 -1]]

 [[-1 -1 -1 -1]
  [-1 -1 -1 -1]
  [-1 -1 -1 -1]
  [-1 -1 -1 -1]
  [-1 -1 -1 -1]
  [-1 -1 -1 -1]]

 [[-1 -1 -1 -1]
  [-1 -1 -1 -1]
  [-1 -1 -1 -1]
  [-1 -1 -1 -1]
  [-1 -1 -1 -1]
  [-1 -1 -1 -1]]

 [[-1 -1 -1 -1]
  [-1 -1 -1 -1]
  [-1 -1 -1 -1]
  [-1 -1 -1 -1]
  [-1 -1 -1 -1]
  [-1 -1 -1 -1]]]
--------------------------------------------------
Compute cost saved to: compute-cost-2026-05-15-08-49-13.npy
----------------------------------------------------------------------
Traceback (most recent call last):
  File "benchmark_3d_one_case.py", line 92, in <module>
    benchmark_one_case(args.model,
  File "benchmark_3d_one_case.py", line 37, in benchmark_one_case
    result = benchmark_gpt_bert_internal(model, case, niter, num_hosts,
  File "/home/liminglong.lml/sxz/SuperScaler/external/alpa/benchmark_3d_one_case_gpt_bert.py", line 290, in benchmark_gpt_bert_internal
    executable = train_step.get_executable(state, batch, rngkey)
  File "/usr/local/lib/python3.8/dist-packages/alpa/api.py", line 110, in get_executable
    executable, _, _, _ = self._decode_args_and_get_executable(*args)
  File "/usr/local/lib/python3.8/dist-packages/alpa/api.py", line 174, in _decode_args_and_get_executable
    executable = _compile_parallel_executable(f, in_tree, out_tree_hashable,
  File "/usr/local/lib/python3.8/dist-packages/jax/linear_util.py", line 272, in memoized_fun
    ans = call(fun, *args)
  File "/usr/local/lib/python3.8/dist-packages/alpa/api.py", line 201, in _compile_parallel_executable
    return method.compile_executable(fun, in_tree, out_tree_thunk,
  File "/usr/local/lib/python3.8/dist-packages/alpa/parallel_method.py", line 220, in compile_executable
    return compile_pipeshard_executable(
  File "/usr/local/lib/python3.8/dist-packages/alpa/pipeline_parallel/compile_executable.py", line 76, in compile_pipeshard_executable
    pipeshard_config = compile_pipeshard_executable_internal(
  File "/usr/local/lib/python3.8/dist-packages/alpa/pipeline_parallel/compile_executable.py", line 150, in compile_pipeshard_executable_internal
    manual_stage_option) = cluster_layers_and_slice_mesh(
  File "/usr/local/lib/python3.8/dist-packages/alpa/pipeline_parallel/stage_construction.py", line 618, in cluster_layers_and_slice_mesh
    assert solution is not None, "no solution in auto stage construction."
AssertionError: no solution in auto stage construction.
[DEBUG] latencies = [-1]
Type: gpt  Model Config: (1024, 2048, 2048, 24, 32)  #Microbatch: 32  #GPU: 4  Parallel Config: (True, False, 6, {'submesh_physical_shape_space': 'small_power_of_two', 'submesh_logical_shape_space': 'all', 'stage_imbalance_tolerance': 1.0, 'use_hlo_cost_model': True, 'profiling_database_filename': 'prof_database.pkl'})  Mean Time: -1.000s  Std Time: 0.000  #Params: -0.000B  TFLOPs: -1.00  TFLOPs (ckpt): -1.00  Peak Mem: -0.000G  Compilation Time: None  Global Batch Size: 1024  
Working on case: (1024, 2048, 2048, 24, 32, 51200, 64, 'search', (True, False, 6, {'submesh_physical_shape_space': 'small_power_of_two', 'submesh_logical_shape_space': 'all', 'stage_imbalance_tolerance': 1.0, 'use_hlo_cost_model': True, 'profiling_database_filename': 'prof_database.pkl'}))
rm -rf /tmp/tmp_transfer.pkl
python3 -u benchmark_3d_one_case.py --model gpt --niter 3 --case "(1024, 2048, 2048, 24, 32, 51200, 64, 'search', (True, False, 6, {'submesh_physical_shape_space': 'small_power_of_two', 'submesh_logical_shape_space': 'all', 'stage_imbalance_tolerance': 1.0, 'use_hlo_cost_model': True, 'profiling_database_filename': 'prof_database.pkl'}))" --num-hosts 1 --num-devices-per-host 4 --dump-result --disable-tqdm 
mkdir -p tmp
 - Prepare input: 1.53 s
 - Create train state: 1.10 s
-------------------- Automatic stage clustering --------------------
submesh_choices: ((1, 1), (1, 2), (1, 4))
- Profiling for submesh 2 (1, 4):
- Generate all stage infos (Jaxpr -> HLO)
- Compile all stages
- Profile all stages
cost[0, 5, 0]=0.796, max_n_succ_stage=-1, Mem: avail=13.664GB, peak=92.879GB, intermediate=0.000GB, init=3.966GB, as_config=((4, 1), {'force_batch_dim_to_mesh_dim': 0})
cost[0, 5, 3]=0.796, max_n_succ_stage=-1, Mem: avail=13.664GB, peak=92.879GB, intermediate=0.000GB, init=3.966GB, as_config=((4, 1), {})
cost[0, 5, 1]=2.660, max_n_succ_stage=-1, Mem: avail=13.664GB, peak=101.191GB, intermediate=0.000GB, init=3.967GB, as_config=((2, 2), {'force_batch_dim_to_mesh_dim': 0})
cost[0, 5, 2]=5.443, max_n_succ_stage=-1, Mem: avail=13.664GB, peak=120.728GB, intermediate=0.000GB, init=3.968GB, as_config=((1, 4), {'force_batch_dim_to_mesh_dim': 0})
Profiling for submesh 2 (1, 4) takes 86.66 seconds
Profiled costs are: [[[       inf        inf        inf        inf]
  [       inf        inf        inf        inf]
  [       inf        inf        inf        inf]
  [       inf        inf        inf        inf]
  [       inf        inf        inf        inf]
  [0.79599174 2.66048601 5.44305967 0.79599174]]

 [[       inf        inf        inf        inf]
  [       inf        inf        inf        inf]
  [       inf        inf        inf        inf]
  [       inf        inf        inf        inf]
  [       inf        inf        inf        inf]
  [       inf        inf        inf        inf]]

 [[       inf        inf        inf        inf]
  [       inf        inf        inf        inf]
  [       inf        inf        inf        inf]
  [       inf        inf        inf        inf]
  [       inf        inf        inf        inf]
  [       inf        inf        inf        inf]]

 [[       inf        inf        inf        inf]
  [       inf        inf        inf        inf]
  [       inf        inf        inf        inf]
  [       inf        inf        inf        inf]
  [       inf        inf        inf        inf]
  [       inf        inf        inf        inf]]

 [[       inf        inf        inf        inf]
  [       inf        inf        inf        inf]
  [       inf        inf        inf        inf]
  [       inf        inf        inf        inf]
  [       inf        inf        inf        inf]
  [       inf        inf        inf        inf]]

 [[       inf        inf        inf        inf]
  [       inf        inf        inf        inf]
  [       inf        inf        inf        inf]
  [       inf        inf        inf        inf]
  [       inf        inf        inf        inf]
  [       inf        inf        inf        inf]]]
Profiled max_n_succ_stages are: [[[-1 -1 -1 -1]
  [-1 -1 -1 -1]
  [-1 -1 -1 -1]
  [-1 -1 -1 -1]
  [-1 -1 -1 -1]
  [-1 -1 -1 -1]]

 [[-1 -1 -1 -1]
  [-1 -1 -1 -1]
  [-1 -1 -1 -1]
  [-1 -1 -1 -1]
  [-1 -1 -1 -1]
  [-1 -1 -1 -1]]

 [[-1 -1 -1 -1]
  [-1 -1 -1 -1]
  [-1 -1 -1 -1]
  [-1 -1 -1 -1]
  [-1 -1 -1 -1]
  [-1 -1 -1 -1]]

 [[-1 -1 -1 -1]
  [-1 -1 -1 -1]
  [-1 -1 -1 -1]
  [-1 -1 -1 -1]
  [-1 -1 -1 -1]
  [-1 -1 -1 -1]]

 [[-1 -1 -1 -1]
  [-1 -1 -1 -1]
  [-1 -1 -1 -1]
  [-1 -1 -1 -1]
  [-1 -1 -1 -1]
  [-1 -1 -1 -1]]

 [[-1 -1 -1 -1]
  [-1 -1 -1 -1]
  [-1 -1 -1 -1]
  [-1 -1 -1 -1]
  [-1 -1 -1 -1]
  [-1 -1 -1 -1]]]
--------------------------------------------------
- Profiling for submesh 1 (1, 2):
- Generate all stage infos (Jaxpr -> HLO)
- Compile all stages
- Profile all stages
cost[0, 1, 2]=0.575, max_n_succ_stage=-1, Mem: avail=13.664GB, peak=59.754GB, intermediate=56.971GB, init=2.843GB, as_config=((2, 1), {})
cost[0, 1, 0]=0.527, max_n_succ_stage=-1, Mem: avail=13.664GB, peak=59.909GB, intermediate=56.971GB, init=2.843GB, as_config=((2, 1), {'force_batch_dim_to_mesh_dim': 0})
cost[0, 2, 2]=0.768, max_n_succ_stage=-1, Mem: avail=13.664GB, peak=88.380GB, intermediate=84.480GB, init=3.969GB, as_config=((2, 1), {})
cost[2, 3, 0]=0.460, max_n_succ_stage=-1, Mem: avail=13.664GB, peak=57.505GB, intermediate=55.018GB, init=2.251GB, as_config=((2, 1), {'force_batch_dim_to_mesh_dim': 0})
cost[1, 2, 0]=0.460, max_n_succ_stage=-1, Mem: avail=13.664GB, peak=57.880GB, intermediate=55.393GB, init=2.251GB, as_config=((2, 1), {'force_batch_dim_to_mesh_dim': 0})
cost[0, 1, 1]=1.767, max_n_succ_stage=-1, Mem: avail=13.664GB, peak=66.176GB, intermediate=64.349GB, init=2.844GB, as_config=((1, 2), {'force_batch_dim_to_mesh_dim': 0})
cost[1, 2, 2]=0.460, max_n_succ_stage=-1, Mem: avail=13.664GB, peak=57.880GB, intermediate=55.393GB, init=2.251GB, as_config=((2, 1), {})
cost[4, 5, 2]=0.559, max_n_succ_stage=-1, Mem: avail=13.664GB, peak=64.029GB, intermediate=59.706GB, init=2.837GB, as_config=((2, 1), {})
cost[2, 3, 1]=1.663, max_n_succ_stage=-1, Mem: avail=13.664GB, peak=63.754GB, intermediate=62.021GB, init=2.252GB, as_config=((1, 2), {'force_batch_dim_to_mesh_dim': 0})
cost[3, 4, 0]=0.460, max_n_succ_stage=-1, Mem: avail=13.664GB, peak=57.442GB, intermediate=54.956GB, init=2.251GB, as_config=((2, 1), {'force_batch_dim_to_mesh_dim': 0})
cost[3, 4, 2]=0.460, max_n_succ_stage=-1, Mem: avail=13.664GB, peak=57.442GB, intermediate=54.956GB, init=2.251GB, as_config=((2, 1), {})
cost[1, 2, 1]=1.663, max_n_succ_stage=-1, Mem: avail=13.664GB, peak=64.630GB, intermediate=62.771GB, init=2.252GB, as_config=((1, 2), {'force_batch_dim_to_mesh_dim': 0})
cost[2, 3, 2]=0.460, max_n_succ_stage=-1, Mem: avail=13.664GB, peak=57.505GB, intermediate=55.018GB, init=2.251GB, as_config=((2, 1), {})
cost[4, 5, 0]=0.559, max_n_succ_stage=-1, Mem: avail=13.664GB, peak=64.029GB, intermediate=59.706GB, init=2.837GB, as_config=((2, 1), {'force_batch_dim_to_mesh_dim': 0})
cost[3, 4, 1]=1.663, max_n_succ_stage=-1, Mem: avail=13.664GB, peak=63.629GB, intermediate=61.896GB, init=2.252GB, as_config=((1, 2), {'force_batch_dim_to_mesh_dim': 0})
cost[4, 5, 1]=1.799, max_n_succ_stage=-1, Mem: avail=13.664GB, peak=69.739GB, intermediate=66.708GB, init=2.838GB, as_config=((1, 2), {'force_batch_dim_to_mesh_dim': 0})
cost[0, 3, 2]=0.998, max_n_succ_stage=-1, Mem: avail=13.664GB, peak=117.007GB, intermediate=111.990GB, init=5.094GB, as_config=((2, 1), {})
cost[0, 2, 0]=0.757, max_n_succ_stage=-1, Mem: avail=13.664GB, peak=88.473GB, intermediate=84.480GB, init=3.969GB, as_config=((2, 1), {'force_batch_dim_to_mesh_dim': 0})
cost[1, 3, 2]=0.690, max_n_succ_stage=-1, Mem: avail=13.664GB, peak=86.506GB, intermediate=82.902GB, init=3.377GB, as_config=((2, 1), {})
cost[1, 3, 0]=0.690, max_n_succ_stage=-1, Mem: avail=13.664GB, peak=86.506GB, intermediate=82.902GB, init=3.377GB, as_config=((2, 1), {'force_batch_dim_to_mesh_dim': 0})
cost[0, 2, 1]=2.599, max_n_succ_stage=-1, Mem: avail=13.664GB, peak=97.631GB, intermediate=95.359GB, init=3.969GB, as_config=((1, 2), {'force_batch_dim_to_mesh_dim': 0})
cost[2, 4, 2]=0.690, max_n_succ_stage=-1, Mem: avail=13.664GB, peak=86.131GB, intermediate=82.527GB, init=3.377GB, as_config=((2, 1), {})
cost[2, 4, 0]=0.690, max_n_succ_stage=-1, Mem: avail=13.664GB, peak=86.131GB, intermediate=82.527GB, init=3.377GB, as_config=((2, 1), {'force_batch_dim_to_mesh_dim': 0})
cost[3, 5, 0]=0.789, max_n_succ_stage=-1, Mem: avail=13.664GB, peak=92.655GB, intermediate=87.215GB, init=3.963GB, as_config=((2, 1), {'force_batch_dim_to_mesh_dim': 0})
cost[3, 5, 2]=0.789, max_n_succ_stage=-1, Mem: avail=13.664GB, peak=92.655GB, intermediate=87.215GB, init=3.963GB, as_config=((2, 1), {})
cost[1, 3, 1]=2.495, max_n_succ_stage=-1, Mem: avail=13.664GB, peak=96.007GB, intermediate=93.781GB, init=3.378GB, as_config=((1, 2), {'force_batch_dim_to_mesh_dim': 0})
cost[0, 4, 2]=1.228, max_n_succ_stage=-1, Mem: avail=13.664GB, peak=145.633GB, intermediate=139.499GB, init=6.220GB, as_config=((2, 1), {})
cost[2, 4, 1]=2.495, max_n_succ_stage=-1, Mem: avail=13.664GB, peak=95.256GB, intermediate=93.031GB, init=3.378GB, as_config=((1, 2), {'force_batch_dim_to_mesh_dim': 0})
cost[3, 5, 1]=2.631, max_n_succ_stage=-1, Mem: avail=13.664GB, peak=101.306GB, intermediate=97.719GB, init=3.964GB, as_config=((1, 2), {'force_batch_dim_to_mesh_dim': 0})
cost[0, 3, 0]=0.987, max_n_succ_stage=-1, Mem: avail=13.664GB, peak=117.100GB, intermediate=111.990GB, init=5.094GB, as_config=((2, 1), {'force_batch_dim_to_mesh_dim': 0})
cost[1, 4, 2]=0.920, max_n_succ_stage=-1, Mem: avail=13.664GB, peak=115.133GB, intermediate=110.411GB, init=4.502GB, as_config=((2, 1), {})
cost[1, 4, 0]=0.920, max_n_succ_stage=-1, Mem: avail=13.664GB, peak=115.133GB, intermediate=110.411GB, init=4.502GB, as_config=((2, 1), {'force_batch_dim_to_mesh_dim': 0})
cost[0, 3, 1]=3.430, max_n_succ_stage=-1, Mem: avail=13.664GB, peak=129.367GB, intermediate=126.370GB, init=5.095GB, as_config=((1, 2), {'force_batch_dim_to_mesh_dim': 0})
cost[2, 5, 0]=1.019, max_n_succ_stage=-1, Mem: avail=13.664GB, peak=121.344GB, intermediate=114.786GB, init=5.089GB, as_config=((2, 1), {'force_batch_dim_to_mesh_dim': 0})
cost[1, 4, 1]=3.326, max_n_succ_stage=-1, Mem: avail=13.664GB, peak=127.696GB, intermediate=124.791GB, init=4.504GB, as_config=((1, 2), {'force_batch_dim_to_mesh_dim': 0})
cost[2, 5, 2]=1.019, max_n_succ_stage=-1, Mem: avail=13.664GB, peak=121.344GB, intermediate=114.786GB, init=5.089GB, as_config=((2, 1), {})
cost[2, 5, 1]=3.463, max_n_succ_stage=-1, Mem: avail=13.664GB, peak=132.998GB, intermediate=128.854GB, init=5.090GB, as_config=((1, 2), {'force_batch_dim_to_mesh_dim': 0})
cost[0, 4, 0]=1.217, max_n_succ_stage=-1, Mem: avail=13.664GB, peak=145.726GB, intermediate=139.499GB, init=6.220GB, as_config=((2, 1), {'force_batch_dim_to_mesh_dim': 0})
cost[1, 5, 2]=1.249, max_n_succ_stage=-1, Mem: avail=13.664GB, peak=150.345GB, intermediate=142.671GB, init=6.214GB, as_config=((2, 1), {})
cost[1, 5, 0]=1.249, max_n_succ_stage=-1, Mem: avail=13.664GB, peak=150.345GB, intermediate=142.671GB, init=6.214GB, as_config=((2, 1), {'force_batch_dim_to_mesh_dim': 0})
cost[0, 4, 1]=4.262, max_n_succ_stage=-1, Mem: avail=13.664GB, peak=160.931GB, intermediate=157.380GB, init=6.221GB, as_config=((1, 2), {'force_batch_dim_to_mesh_dim': 0})
cost[1, 5, 1]=4.294, max_n_succ_stage=-1, Mem: avail=13.664GB, peak=165.314GB, intermediate=160.614GB, init=6.216GB, as_config=((1, 2), {'force_batch_dim_to_mesh_dim': 0})
cost[0, 5, 0]=1.547, max_n_succ_stage=-1, Mem: avail=13.664GB, peak=180.939GB, intermediate=171.758GB, init=7.932GB, as_config=((2, 1), {'force_batch_dim_to_mesh_dim': 0})
cost[0, 5, 2]=1.547, max_n_succ_stage=-1, Mem: avail=13.664GB, peak=180.939GB, intermediate=171.758GB, init=7.932GB, as_config=((2, 1), {})
cost[0, 5, 1]=5.230, max_n_succ_stage=-1, Mem: avail=13.664GB, peak=198.567GB, intermediate=193.203GB, init=7.933GB, as_config=((1, 2), {'force_batch_dim_to_mesh_dim': 0})
Profiling for submesh 1 (1, 2) takes 106.72 seconds
Profiled costs are: [[[       inf        inf        inf        inf]
  [0.52744154 1.76727818 0.5749158         inf]
  [0.75745179 2.59881633 0.76780951        inf]
  [0.98746209 3.43035449 0.99781981        inf]
  [1.21747238 4.26189264 1.2278301         inf]
  [1.54690548 5.22979601 1.54690548        inf]]

 [[       inf        inf        inf        inf]
  [       inf        inf        inf        inf]
  [0.46002034 1.66307631 0.46002034        inf]
  [0.69003034 2.49461447 0.69003034        inf]
  [0.92004063 3.32615262 0.92004063        inf]
  [1.24947373 4.29405599 1.24947373        inf]]

 [[       inf        inf        inf        inf]
  [       inf        inf        inf        inf]
  [       inf        inf        inf        inf]
  [0.46002032 1.66307631 0.46002032        inf]
  [0.69003032 2.49461447 0.69003032        inf]
  [1.01946342 3.46251783 1.01946342        inf]]

 [[       inf        inf        inf        inf]
  [       inf        inf        inf        inf]
  [       inf        inf        inf        inf]
  [       inf        inf        inf        inf]
  [0.4600203  1.66307631 0.4600203         inf]
  [0.7894531  2.63097968 0.7894531         inf]]

 [[       inf        inf        inf        inf]
  [       inf        inf        inf        inf]
  [       inf        inf        inf        inf]
  [       inf        inf        inf        inf]
  [       inf        inf        inf        inf]
  [0.55944287 1.79944152 0.55944287        inf]]

 [[       inf        inf        inf        inf]
  [       inf        inf        inf        inf]
  [       inf        inf        inf        inf]
  [       inf        inf        inf        inf]
  [       inf        inf        inf        inf]
  [       inf        inf        inf        inf]]]
Profiled max_n_succ_stages are: [[[-1 -1 -1 -1]
  [-1 -1 -1 -1]
  [-1 -1 -1 -1]
  [-1 -1 -1 -1]
  [-1 -1 -1 -1]
  [-1 -1 -1 -1]]

 [[-1 -1 -1 -1]
  [-1 -1 -1 -1]
  [-1 -1 -1 -1]
  [-1 -1 -1 -1]
  [-1 -1 -1 -1]
  [-1 -1 -1 -1]]

 [[-1 -1 -1 -1]
  [-1 -1 -1 -1]
  [-1 -1 -1 -1]
  [-1 -1 -1 -1]
  [-1 -1 -1 -1]
  [-1 -1 -1 -1]]

 [[-1 -1 -1 -1]
  [-1 -1 -1 -1]
  [-1 -1 -1 -1]
  [-1 -1 -1 -1]
  [-1 -1 -1 -1]
  [-1 -1 -1 -1]]

 [[-1 -1 -1 -1]
  [-1 -1 -1 -1]
  [-1 -1 -1 -1]
  [-1 -1 -1 -1]
  [-1 -1 -1 -1]
  [-1 -1 -1 -1]]

 [[-1 -1 -1 -1]
  [-1 -1 -1 -1]
  [-1 -1 -1 -1]
  [-1 -1 -1 -1]
  [-1 -1 -1 -1]
  [-1 -1 -1 -1]]]
--------------------------------------------------
- Profiling for submesh 0 (1, 1):
- Generate all stage infos (Jaxpr -> HLO)
- Compile all stages
- Profile all stages
cost[4, 4, 1]=0.442, max_n_succ_stage=-1, Mem: avail=13.664GB, peak=56.631GB, intermediate=54.893GB, init=2.251GB, as_config=((1, 1), {})
cost[3, 3, 1]=0.442, max_n_succ_stage=-1, Mem: avail=13.664GB, peak=56.631GB, intermediate=54.893GB, init=2.251GB, as_config=((1, 1), {})
cost[0, 0, 0]=0.575, max_n_succ_stage=-1, Mem: avail=13.664GB, peak=60.876GB, intermediate=58.174GB, init=3.435GB, as_config=((1, 1), {'force_batch_dim_to_mesh_dim': 0})
cost[0, 0, 1]=0.575, max_n_succ_stage=-1, Mem: avail=13.664GB, peak=60.876GB, intermediate=58.174GB, init=3.435GB, as_config=((1, 1), {})
cost[2, 2, 1]=0.442, max_n_succ_stage=-1, Mem: avail=13.664GB, peak=56.632GB, intermediate=55.018GB, init=2.251GB, as_config=((1, 1), {})
cost[3, 3, 0]=0.442, max_n_succ_stage=-1, Mem: avail=13.664GB, peak=56.631GB, intermediate=54.893GB, init=2.251GB, as_config=((1, 1), {'force_batch_dim_to_mesh_dim': 0})
cost[2, 2, 0]=0.442, max_n_succ_stage=-1, Mem: avail=13.664GB, peak=56.632GB, intermediate=55.018GB, init=2.251GB, as_config=((1, 1), {'force_batch_dim_to_mesh_dim': 0})
cost[1, 1, 1]=0.442, max_n_succ_stage=-1, Mem: avail=13.664GB, peak=57.507GB, intermediate=55.768GB, init=2.251GB, as_config=((1, 1), {})
cost[4, 4, 0]=0.442, max_n_succ_stage=-1, Mem: avail=13.664GB, peak=56.631GB, intermediate=54.893GB, init=2.251GB, as_config=((1, 1), {'force_batch_dim_to_mesh_dim': 0})
cost[5, 5, 0]=0.639, max_n_succ_stage=-1, Mem: avail=13.664GB, peak=69.220GB, intermediate=64.393GB, init=3.424GB, as_config=((1, 1), {'force_batch_dim_to_mesh_dim': 0})
cost[1, 1, 0]=0.442, max_n_succ_stage=-1, Mem: avail=13.664GB, peak=57.507GB, intermediate=55.768GB, init=2.251GB, as_config=((1, 1), {'force_batch_dim_to_mesh_dim': 0})
cost[5, 5, 1]=0.639, max_n_succ_stage=-1, Mem: avail=13.664GB, peak=69.220GB, intermediate=64.393GB, init=3.424GB, as_config=((1, 1), {})
cost[3, 4, 0]=0.885, max_n_succ_stage=-1, Mem: avail=13.664GB, peak=112.763GB, intermediate=109.911GB, init=4.502GB, as_config=((1, 1), {'force_batch_dim_to_mesh_dim': 0})
cost[2, 3, 1]=0.885, max_n_succ_stage=-1, Mem: avail=13.664GB, peak=112.888GB, intermediate=110.036GB, init=4.502GB, as_config=((1, 1), {})
cost[0, 1, 0]=1.018, max_n_succ_stage=-1, Mem: avail=13.664GB, peak=117.136GB, intermediate=113.943GB, init=5.686GB, as_config=((1, 1), {'force_batch_dim_to_mesh_dim': 0})
cost[2, 3, 0]=0.885, max_n_succ_stage=-1, Mem: avail=13.664GB, peak=112.888GB, intermediate=110.036GB, init=4.502GB, as_config=((1, 1), {'force_batch_dim_to_mesh_dim': 0})
cost[3, 4, 1]=0.885, max_n_succ_stage=-1, Mem: avail=13.664GB, peak=112.763GB, intermediate=109.911GB, init=4.502GB, as_config=((1, 1), {})
cost[1, 2, 0]=0.885, max_n_succ_stage=-1, Mem: avail=13.664GB, peak=113.638GB, intermediate=110.787GB, init=4.502GB, as_config=((1, 1), {'force_batch_dim_to_mesh_dim': 0})
cost[0, 1, 1]=1.018, max_n_succ_stage=-1, Mem: avail=13.664GB, peak=117.136GB, intermediate=113.943GB, init=5.686GB, as_config=((1, 1), {})
cost[1, 2, 1]=0.885, max_n_succ_stage=-1, Mem: avail=13.664GB, peak=113.638GB, intermediate=110.787GB, init=4.502GB, as_config=((1, 1), {})
cost[4, 5, 1]=1.082, max_n_succ_stage=-1, Mem: avail=13.664GB, peak=125.351GB, intermediate=119.411GB, init=5.675GB, as_config=((1, 1), {})
cost[4, 5, 0]=1.082, max_n_succ_stage=-1, Mem: avail=13.664GB, peak=125.351GB, intermediate=119.411GB, init=5.675GB, as_config=((1, 1), {'force_batch_dim_to_mesh_dim': 0})
cost[2, 4, 1]=1.327, max_n_succ_stage=-1, Mem: avail=13.664GB, peak=169.019GB, intermediate=165.054GB, init=6.754GB, as_config=((1, 1), {})
cost[2, 4, 0]=1.327, max_n_succ_stage=-1, Mem: avail=13.664GB, peak=169.019GB, intermediate=165.054GB, init=6.754GB, as_config=((1, 1), {'force_batch_dim_to_mesh_dim': 0})
cost[1, 3, 1]=1.327, max_n_succ_stage=-1, Mem: avail=13.664GB, peak=169.769GB, intermediate=165.805GB, init=6.754GB, as_config=((1, 1), {})
cost[0, 2, 0]=1.460, max_n_succ_stage=-1, Mem: avail=13.664GB, peak=173.267GB, intermediate=168.961GB, init=7.937GB, as_config=((1, 1), {'force_batch_dim_to_mesh_dim': 0})
cost[1, 3, 0]=1.327, max_n_succ_stage=-1, Mem: avail=13.664GB, peak=169.769GB, intermediate=165.805GB, init=6.754GB, as_config=((1, 1), {'force_batch_dim_to_mesh_dim': 0})
cost[0, 2, 1]=1.460, max_n_succ_stage=-1, Mem: avail=13.664GB, peak=173.267GB, intermediate=168.961GB, init=7.937GB, as_config=((1, 1), {})
Profiling for submesh 0 (1, 1) takes 42.43 seconds
Profiled costs are: [[[0.57527171 0.57527171        inf        inf]
  [1.01766324 1.01766324        inf        inf]
  [1.46005478 1.46005478        inf        inf]
  [       inf        inf        inf        inf]
  [       inf        inf        inf        inf]
  [       inf        inf        inf        inf]]

 [[       inf        inf        inf        inf]
  [0.44239154 0.44239154        inf        inf]
  [0.88478307 0.88478307        inf        inf]
  [1.32717461 1.32717461        inf        inf]
  [       inf        inf        inf        inf]
  [       inf        inf        inf        inf]]

 [[       inf        inf        inf        inf]
  [       inf        inf        inf        inf]
  [0.44239154 0.44239154        inf        inf]
  [0.88478307 0.88478307        inf        inf]
  [1.32717461 1.32717461        inf        inf]
  [       inf        inf        inf        inf]]

 [[       inf        inf        inf        inf]
  [       inf        inf        inf        inf]
  [       inf        inf        inf        inf]
  [0.44239154 0.44239154        inf        inf]
  [0.88478307 0.88478307        inf        inf]
  [       inf        inf        inf        inf]]

 [[       inf        inf        inf        inf]
  [       inf        inf        inf        inf]
  [       inf        inf        inf        inf]
  [       inf        inf        inf        inf]
  [0.44239154 0.44239154        inf        inf]
  [1.08183228 1.08183228        inf        inf]]

 [[       inf        inf        inf        inf]
  [       inf        inf        inf        inf]
  [       inf        inf        inf        inf]
  [       inf        inf        inf        inf]
  [       inf        inf        inf        inf]
  [0.63944074 0.63944074        inf        inf]]]
Profiled max_n_succ_stages are: [[[-1 -1 -1 -1]
  [-1 -1 -1 -1]
  [-1 -1 -1 -1]
  [-1 -1 -1 -1]
  [-1 -1 -1 -1]
  [-1 -1 -1 -1]]

 [[-1 -1 -1 -1]
  [-1 -1 -1 -1]
  [-1 -1 -1 -1]
  [-1 -1 -1 -1]
  [-1 -1 -1 -1]
  [-1 -1 -1 -1]]

 [[-1 -1 -1 -1]
  [-1 -1 -1 -1]
  [-1 -1 -1 -1]
  [-1 -1 -1 -1]
  [-1 -1 -1 -1]
  [-1 -1 -1 -1]]

 [[-1 -1 -1 -1]
  [-1 -1 -1 -1]
  [-1 -1 -1 -1]
  [-1 -1 -1 -1]
  [-1 -1 -1 -1]
  [-1 -1 -1 -1]]

 [[-1 -1 -1 -1]
  [-1 -1 -1 -1]
  [-1 -1 -1 -1]
  [-1 -1 -1 -1]
  [-1 -1 -1 -1]
  [-1 -1 -1 -1]]

 [[-1 -1 -1 -1]
  [-1 -1 -1 -1]
  [-1 -1 -1 -1]
  [-1 -1 -1 -1]
  [-1 -1 -1 -1]
  [-1 -1 -1 -1]]]
--------------------------------------------------
Compute cost saved to: compute-cost-2026-05-15-08-53-30.npy
----------------------------------------------------------------------
Traceback (most recent call last):
  File "benchmark_3d_one_case.py", line 92, in <module>
    benchmark_one_case(args.model,
  File "benchmark_3d_one_case.py", line 37, in benchmark_one_case
    result = benchmark_gpt_bert_internal(model, case, niter, num_hosts,
  File "/home/liminglong.lml/sxz/SuperScaler/external/alpa/benchmark_3d_one_case_gpt_bert.py", line 290, in benchmark_gpt_bert_internal
    executable = train_step.get_executable(state, batch, rngkey)
  File "/usr/local/lib/python3.8/dist-packages/alpa/api.py", line 110, in get_executable
    executable, _, _, _ = self._decode_args_and_get_executable(*args)
  File "/usr/local/lib/python3.8/dist-packages/alpa/api.py", line 174, in _decode_args_and_get_executable
    executable = _compile_parallel_executable(f, in_tree, out_tree_hashable,
  File "/usr/local/lib/python3.8/dist-packages/jax/linear_util.py", line 272, in memoized_fun
    ans = call(fun, *args)
  File "/usr/local/lib/python3.8/dist-packages/alpa/api.py", line 201, in _compile_parallel_executable
    return method.compile_executable(fun, in_tree, out_tree_thunk,
  File "/usr/local/lib/python3.8/dist-packages/alpa/parallel_method.py", line 220, in compile_executable
    return compile_pipeshard_executable(
  File "/usr/local/lib/python3.8/dist-packages/alpa/pipeline_parallel/compile_executable.py", line 76, in compile_pipeshard_executable
    pipeshard_config = compile_pipeshard_executable_internal(
  File "/usr/local/lib/python3.8/dist-packages/alpa/pipeline_parallel/compile_executable.py", line 150, in compile_pipeshard_executable_internal
    manual_stage_option) = cluster_layers_and_slice_mesh(
  File "/usr/local/lib/python3.8/dist-packages/alpa/pipeline_parallel/stage_construction.py", line 618, in cluster_layers_and_slice_mesh
    assert solution is not None, "no solution in auto stage construction."
AssertionError: no solution in auto stage construction.
[DEBUG] latencies = [-1]
Type: gpt  Model Config: (1024, 2048, 2048, 24, 32)  #Microbatch: 64  #GPU: 4  Parallel Config: (True, False, 6, {'submesh_physical_shape_space': 'small_power_of_two', 'submesh_logical_shape_space': 'all', 'stage_imbalance_tolerance': 1.0, 'use_hlo_cost_model': True, 'profiling_database_filename': 'prof_database.pkl'})  Mean Time: -1.000s  Std Time: 0.000  #Params: -0.000B  TFLOPs: -1.00  TFLOPs (ckpt): -1.00  Peak Mem: -0.000G  Compilation Time: None  Global Batch Size: 1024  
Working on case: (1024, 2048, 2048, 24, 32, 51200, 128, 'search', (True, False, 6, {'submesh_physical_shape_space': 'small_power_of_two', 'submesh_logical_shape_space': 'all', 'stage_imbalance_tolerance': 1.0, 'use_hlo_cost_model': True, 'profiling_database_filename': 'prof_database.pkl'}))
rm -rf /tmp/tmp_transfer.pkl
python3 -u benchmark_3d_one_case.py --model gpt --niter 3 --case "(1024, 2048, 2048, 24, 32, 51200, 128, 'search', (True, False, 6, {'submesh_physical_shape_space': 'small_power_of_two', 'submesh_logical_shape_space': 'all', 'stage_imbalance_tolerance': 1.0, 'use_hlo_cost_model': True, 'profiling_database_filename': 'prof_database.pkl'}))" --num-hosts 1 --num-devices-per-host 4 --dump-result --disable-tqdm 
mkdir -p tmp
 - Prepare input: 1.58 s
 - Create train state: 1.17 s
-------------------- Automatic stage clustering --------------------
submesh_choices: ((1, 1), (1, 2), (1, 4))
- Profiling for submesh 2 (1, 4):
- Generate all stage infos (Jaxpr -> HLO)
- Compile all stages
- Profile all stages
cost[0, 5, 3]=0.484, max_n_succ_stage=-1, Mem: avail=13.664GB, peak=48.435GB, intermediate=0.000GB, init=3.966GB, as_config=((4, 1), {})
cost[0, 5, 0]=0.428, max_n_succ_stage=-1, Mem: avail=13.664GB, peak=49.127GB, intermediate=0.000GB, init=3.966GB, as_config=((4, 1), {'force_batch_dim_to_mesh_dim': 0})
cost[0, 5, 2]=2.748, max_n_succ_stage=-1, Mem: avail=13.664GB, peak=61.372GB, intermediate=0.000GB, init=3.968GB, as_config=((1, 4), {'force_batch_dim_to_mesh_dim': 0})
cost[0, 5, 1]=1.361, max_n_succ_stage=-1, Mem: avail=13.664GB, peak=51.770GB, intermediate=0.000GB, init=3.967GB, as_config=((2, 2), {'force_batch_dim_to_mesh_dim': 0})
Profiling for submesh 2 (1, 4) takes 87.08 seconds
Profiled costs are: [[[       inf        inf        inf        inf]
  [       inf        inf        inf        inf]
  [       inf        inf        inf        inf]
  [       inf        inf        inf        inf]
  [       inf        inf        inf        inf]
  [0.42799744 1.36111352 2.74803454 0.48417237]]

 [[       inf        inf        inf        inf]
  [       inf        inf        inf        inf]
  [       inf        inf        inf        inf]
  [       inf        inf        inf        inf]
  [       inf        inf        inf        inf]
  [       inf        inf        inf        inf]]

 [[       inf        inf        inf        inf]
  [       inf        inf        inf        inf]
  [       inf        inf        inf        inf]
  [       inf        inf        inf        inf]
  [       inf        inf        inf        inf]
  [       inf        inf        inf        inf]]

 [[       inf        inf        inf        inf]
  [       inf        inf        inf        inf]
  [       inf        inf        inf        inf]
  [       inf        inf        inf        inf]
  [       inf        inf        inf        inf]
  [       inf        inf        inf        inf]]

 [[       inf        inf        inf        inf]
  [       inf        inf        inf        inf]
  [       inf        inf        inf        inf]
  [       inf        inf        inf        inf]
  [       inf        inf        inf        inf]
  [       inf        inf        inf        inf]]

 [[       inf        inf        inf        inf]
  [       inf        inf        inf        inf]
  [       inf        inf        inf        inf]
  [       inf        inf        inf        inf]
  [       inf        inf        inf        inf]
  [       inf        inf        inf        inf]]]
Profiled max_n_succ_stages are: [[[-1 -1 -1 -1]
  [-1 -1 -1 -1]
  [-1 -1 -1 -1]
  [-1 -1 -1 -1]
  [-1 -1 -1 -1]
  [-1 -1 -1 -1]]

 [[-1 -1 -1 -1]
  [-1 -1 -1 -1]
  [-1 -1 -1 -1]
  [-1 -1 -1 -1]
  [-1 -1 -1 -1]
  [-1 -1 -1 -1]]

 [[-1 -1 -1 -1]
  [-1 -1 -1 -1]
  [-1 -1 -1 -1]
  [-1 -1 -1 -1]
  [-1 -1 -1 -1]
  [-1 -1 -1 -1]]

 [[-1 -1 -1 -1]
  [-1 -1 -1 -1]
  [-1 -1 -1 -1]
  [-1 -1 -1 -1]
  [-1 -1 -1 -1]
  [-1 -1 -1 -1]]

 [[-1 -1 -1 -1]
  [-1 -1 -1 -1]
  [-1 -1 -1 -1]
  [-1 -1 -1 -1]
  [-1 -1 -1 -1]
  [-1 -1 -1 -1]]

 [[-1 -1 -1 -1]
  [-1 -1 -1 -1]
  [-1 -1 -1 -1]
  [-1 -1 -1 -1]
  [-1 -1 -1 -1]
  [-1 -1 -1 -1]]]
--------------------------------------------------
- Profiling for submesh 1 (1, 2):
- Generate all stage infos (Jaxpr -> HLO)
- Compile all stages
- Profile all stages
cost[0, 1, 2]=0.292, max_n_succ_stage=-1, Mem: avail=13.664GB, peak=30.683GB, intermediate=28.486GB, init=2.843GB, as_config=((2, 1), {})
cost[0, 2, 2]=0.390, max_n_succ_stage=-1, Mem: avail=13.664GB, peak=45.373GB, intermediate=42.240GB, init=3.969GB, as_config=((2, 1), {})
cost[0, 1, 0]=0.268, max_n_succ_stage=-1, Mem: avail=13.664GB, peak=30.878GB, intermediate=28.486GB, init=2.843GB, as_config=((2, 1), {'force_batch_dim_to_mesh_dim': 0})
cost[2, 3, 0]=0.234, max_n_succ_stage=-1, Mem: avail=13.664GB, peak=29.504GB, intermediate=27.509GB, init=2.251GB, as_config=((2, 1), {'force_batch_dim_to_mesh_dim': 0})
cost[0, 1, 1]=0.889, max_n_succ_stage=-1, Mem: avail=13.664GB, peak=33.767GB, intermediate=32.175GB, init=2.844GB, as_config=((1, 2), {'force_batch_dim_to_mesh_dim': 0})
cost[3, 4, 0]=0.234, max_n_succ_stage=-1, Mem: avail=13.664GB, peak=29.473GB, intermediate=27.478GB, init=2.251GB, as_config=((2, 1), {'force_batch_dim_to_mesh_dim': 0})
cost[3, 4, 2]=0.234, max_n_succ_stage=-1, Mem: avail=13.664GB, peak=29.473GB, intermediate=27.478GB, init=2.251GB, as_config=((2, 1), {})
cost[1, 2, 2]=0.234, max_n_succ_stage=-1, Mem: avail=13.664GB, peak=29.692GB, intermediate=27.697GB, init=2.251GB, as_config=((2, 1), {})
cost[2, 3, 2]=0.234, max_n_succ_stage=-1, Mem: avail=13.664GB, peak=29.504GB, intermediate=27.509GB, init=2.251GB, as_config=((2, 1), {})
cost[1, 2, 0]=0.234, max_n_succ_stage=-1, Mem: avail=13.664GB, peak=29.692GB, intermediate=27.697GB, init=2.251GB, as_config=((2, 1), {'force_batch_dim_to_mesh_dim': 0})
cost[2, 3, 1]=0.837, max_n_succ_stage=-1, Mem: avail=13.664GB, peak=32.440GB, intermediate=31.010GB, init=2.252GB, as_config=((1, 2), {'force_batch_dim_to_mesh_dim': 0})
cost[4, 5, 2]=0.313, max_n_succ_stage=-1, Mem: avail=13.664GB, peak=32.641GB, intermediate=29.853GB, init=2.837GB, as_config=((2, 1), {})
cost[4, 5, 0]=0.284, max_n_succ_stage=-1, Mem: avail=13.664GB, peak=32.934GB, intermediate=29.853GB, init=2.837GB, as_config=((2, 1), {'force_batch_dim_to_mesh_dim': 0})
cost[1, 2, 1]=0.837, max_n_succ_stage=-1, Mem: avail=13.664GB, peak=32.878GB, intermediate=31.385GB, init=2.252GB, as_config=((1, 2), {'force_batch_dim_to_mesh_dim': 0})
cost[3, 4, 1]=0.837, max_n_succ_stage=-1, Mem: avail=13.664GB, peak=32.378GB, intermediate=30.948GB, init=2.252GB, as_config=((1, 2), {'force_batch_dim_to_mesh_dim': 0})
cost[4, 5, 1]=0.905, max_n_succ_stage=-1, Mem: avail=13.664GB, peak=35.548GB, intermediate=33.354GB, init=2.838GB, as_config=((1, 2), {'force_batch_dim_to_mesh_dim': 0})
cost[0, 3, 2]=0.508, max_n_succ_stage=-1, Mem: avail=13.664GB, peak=60.062GB, intermediate=55.995GB, init=5.094GB, as_config=((2, 1), {})
cost[0, 2, 0]=0.385, max_n_succ_stage=-1, Mem: avail=13.664GB, peak=45.567GB, intermediate=42.240GB, init=3.969GB, as_config=((2, 1), {'force_batch_dim_to_mesh_dim': 0})
cost[0, 2, 1]=1.307, max_n_succ_stage=-1, Mem: avail=13.664GB, peak=49.777GB, intermediate=47.680GB, init=3.969GB, as_config=((1, 2), {'force_batch_dim_to_mesh_dim': 0})
cost[1, 3, 0]=0.352, max_n_succ_stage=-1, Mem: avail=13.664GB, peak=44.350GB, intermediate=41.451GB, init=3.377GB, as_config=((2, 1), {'force_batch_dim_to_mesh_dim': 0})
cost[1, 3, 2]=0.352, max_n_succ_stage=-1, Mem: avail=13.664GB, peak=44.350GB, intermediate=41.451GB, init=3.377GB, as_config=((2, 1), {})
cost[3, 5, 0]=0.401, max_n_succ_stage=-1, Mem: avail=13.664GB, peak=47.561GB, intermediate=43.607GB, init=3.963GB, as_config=((2, 1), {'force_batch_dim_to_mesh_dim': 0})
cost[3, 5, 2]=0.431, max_n_succ_stage=-1, Mem: avail=13.664GB, peak=47.268GB, intermediate=43.607GB, init=3.963GB, as_config=((2, 1), {})
cost[0, 4, 2]=0.625, max_n_succ_stage=-1, Mem: avail=13.664GB, peak=74.721GB, intermediate=69.749GB, init=6.220GB, as_config=((2, 1), {})
cost[2, 4, 2]=0.352, max_n_succ_stage=-1, Mem: avail=13.664GB, peak=44.163GB, intermediate=41.264GB, init=3.377GB, as_config=((2, 1), {})
cost[2, 4, 0]=0.352, max_n_succ_stage=-1, Mem: avail=13.664GB, peak=44.163GB, intermediate=41.264GB, init=3.377GB, as_config=((2, 1), {'force_batch_dim_to_mesh_dim': 0})
cost[2, 4, 1]=1.255, max_n_succ_stage=-1, Mem: avail=13.664GB, peak=48.473GB, intermediate=46.515GB, init=3.378GB, as_config=((1, 2), {'force_batch_dim_to_mesh_dim': 0})
cost[1, 3, 1]=1.255, max_n_succ_stage=-1, Mem: avail=13.664GB, peak=48.848GB, intermediate=46.891GB, init=3.378GB, as_config=((1, 2), {'force_batch_dim_to_mesh_dim': 0})
cost[3, 5, 1]=1.323, max_n_succ_stage=-1, Mem: avail=13.664GB, peak=51.613GB, intermediate=48.859GB, init=3.964GB, as_config=((1, 2), {'force_batch_dim_to_mesh_dim': 0})
cost[0, 3, 0]=0.502, max_n_succ_stage=-1, Mem: avail=13.664GB, peak=60.257GB, intermediate=55.995GB, init=5.094GB, as_config=((2, 1), {'force_batch_dim_to_mesh_dim': 0})
cost[1, 4, 0]=0.469, max_n_succ_stage=-1, Mem: avail=13.664GB, peak=59.040GB, intermediate=55.206GB, init=4.502GB, as_config=((2, 1), {'force_batch_dim_to_mesh_dim': 0})
cost[0, 5, 2]=0.840, max_n_succ_stage=-1, Mem: avail=13.664GB, peak=92.352GB, intermediate=85.879GB, init=7.932GB, as_config=((2, 1), {})
cost[1, 4, 2]=0.469, max_n_succ_stage=-1, Mem: avail=13.664GB, peak=59.040GB, intermediate=55.206GB, init=4.502GB, as_config=((2, 1), {})
cost[0, 3, 1]=1.726, max_n_succ_stage=-1, Mem: avail=13.664GB, peak=65.926GB, intermediate=63.185GB, init=5.095GB, as_config=((1, 2), {'force_batch_dim_to_mesh_dim': 0})
cost[2, 5, 0]=0.518, max_n_succ_stage=-1, Mem: avail=13.664GB, peak=62.220GB, intermediate=57.393GB, init=5.089GB, as_config=((2, 1), {'force_batch_dim_to_mesh_dim': 0})
cost[1, 4, 1]=1.673, max_n_succ_stage=-1, Mem: avail=13.664GB, peak=64.974GB, intermediate=62.396GB, init=4.504GB, as_config=((1, 2), {'force_batch_dim_to_mesh_dim': 0})
cost[2, 5, 2]=0.548, max_n_succ_stage=-1, Mem: avail=13.664GB, peak=61.927GB, intermediate=57.393GB, init=5.089GB, as_config=((2, 1), {})
cost[2, 5, 1]=1.742, max_n_succ_stage=-1, Mem: avail=13.664GB, peak=67.740GB, intermediate=64.427GB, init=5.090GB, as_config=((1, 2), {'force_batch_dim_to_mesh_dim': 0})
cost[0, 4, 0]=0.620, max_n_succ_stage=-1, Mem: avail=13.664GB, peak=74.915GB, intermediate=69.749GB, init=6.220GB, as_config=((2, 1), {'force_batch_dim_to_mesh_dim': 0})
cost[1, 5, 0]=0.636, max_n_succ_stage=-1, Mem: avail=13.664GB, peak=77.034GB, intermediate=71.335GB, init=6.214GB, as_config=((2, 1), {'force_batch_dim_to_mesh_dim': 0})
cost[1, 5, 2]=0.665, max_n_succ_stage=-1, Mem: avail=13.664GB, peak=76.741GB, intermediate=71.335GB, init=6.214GB, as_config=((2, 1), {})
cost[0, 4, 1]=2.144, max_n_succ_stage=-1, Mem: avail=13.664GB, peak=81.959GB, intermediate=78.690GB, init=6.221GB, as_config=((1, 2), {'force_batch_dim_to_mesh_dim': 0})
cost[1, 5, 1]=2.160, max_n_succ_stage=-1, Mem: avail=13.664GB, peak=84.180GB, intermediate=80.307GB, init=6.216GB, as_config=((1, 2), {'force_batch_dim_to_mesh_dim': 0})
cost[0, 5, 0]=0.786, max_n_succ_stage=-1, Mem: avail=13.664GB, peak=92.879GB, intermediate=85.879GB, init=7.932GB, as_config=((2, 1), {'force_batch_dim_to_mesh_dim': 0})
cost[0, 5, 1]=2.631, max_n_succ_stage=-1, Mem: avail=13.664GB, peak=101.267GB, intermediate=96.602GB, init=7.933GB, as_config=((1, 2), {'force_batch_dim_to_mesh_dim': 0})
Profiling for submesh 1 (1, 2) takes 102.60 seconds
Profiled costs are: [[[       inf        inf        inf        inf]
  [0.26807746 0.88890138 0.29190918        inf]
  [0.38524645 1.30727341 0.3903454         inf]
  [0.50241547 1.72564544 0.50751442        inf]
  [0.61958449 2.14401747 0.62468344        inf]
  [0.78644255 2.63060132 0.83962486        inf]]

 [[       inf        inf        inf        inf]
  [       inf        inf        inf        inf]
  [0.23433791 0.83674406 0.23433791        inf]
  [0.35150678 1.25511609 0.35150678        inf]
  [0.4686758  1.67348812 0.4686758         inf]
  [0.63553386 2.16007197 0.66488456        inf]]

 [[       inf        inf        inf        inf]
  [       inf        inf        inf        inf]
  [       inf        inf        inf        inf]
  [0.2343379  0.83674406 0.2343379         inf]
  [0.35150677 1.25511609 0.35150677        inf]
  [0.51836483 1.74169994 0.54771553        inf]]

 [[       inf        inf        inf        inf]
  [       inf        inf        inf        inf]
  [       inf        inf        inf        inf]
  [       inf        inf        inf        inf]
  [0.23433789 0.83674406 0.23433789        inf]
  [0.4011958  1.32332791 0.4305465         inf]]

 [[       inf        inf        inf        inf]
  [       inf        inf        inf        inf]
  [       inf        inf        inf        inf]
  [       inf        inf        inf        inf]
  [       inf        inf        inf        inf]
  [0.28402681 0.90495588 0.31337763        inf]]

 [[       inf        inf        inf        inf]
  [       inf        inf        inf        inf]
  [       inf        inf        inf        inf]
  [       inf        inf        inf        inf]
  [       inf        inf        inf        inf]
  [       inf        inf        inf        inf]]]
Profiled max_n_succ_stages are: [[[-1 -1 -1 -1]
  [-1 -1 -1 -1]
  [-1 -1 -1 -1]
  [-1 -1 -1 -1]
  [-1 -1 -1 -1]
  [-1 -1 -1 -1]]

 [[-1 -1 -1 -1]
  [-1 -1 -1 -1]
  [-1 -1 -1 -1]
  [-1 -1 -1 -1]
  [-1 -1 -1 -1]
  [-1 -1 -1 -1]]

 [[-1 -1 -1 -1]
  [-1 -1 -1 -1]
  [-1 -1 -1 -1]
  [-1 -1 -1 -1]
  [-1 -1 -1 -1]
  [-1 -1 -1 -1]]

 [[-1 -1 -1 -1]
  [-1 -1 -1 -1]
  [-1 -1 -1 -1]
  [-1 -1 -1 -1]
  [-1 -1 -1 -1]
  [-1 -1 -1 -1]]

 [[-1 -1 -1 -1]
  [-1 -1 -1 -1]
  [-1 -1 -1 -1]
  [-1 -1 -1 -1]
  [-1 -1 -1 -1]
  [-1 -1 -1 -1]]

 [[-1 -1 -1 -1]
  [-1 -1 -1 -1]
  [-1 -1 -1 -1]
  [-1 -1 -1 -1]
  [-1 -1 -1 -1]
  [-1 -1 -1 -1]]]
--------------------------------------------------
- Profiling for submesh 0 (1, 1):
- Generate all stage infos (Jaxpr -> HLO)
- Compile all stages
- Profile all stages
cost[5, 5, 0]=0.327, max_n_succ_stage=-1, Mem: avail=13.664GB, peak=35.402GB, intermediate=32.197GB, init=3.424GB, as_config=((1, 1), {'force_batch_dim_to_mesh_dim': 0})
cost[0, 0, 1]=0.295, max_n_succ_stage=-1, Mem: avail=13.664GB, peak=31.234GB, intermediate=29.087GB, init=3.435GB, as_config=((1, 1), {})
cost[0, 0, 0]=0.295, max_n_succ_stage=-1, Mem: avail=13.664GB, peak=31.234GB, intermediate=29.087GB, init=3.435GB, as_config=((1, 1), {'force_batch_dim_to_mesh_dim': 0})
cost[4, 4, 0]=0.228, max_n_succ_stage=-1, Mem: avail=13.664GB, peak=28.879GB, intermediate=27.447GB, init=2.251GB, as_config=((1, 1), {'force_batch_dim_to_mesh_dim': 0})
cost[2, 2, 1]=0.228, max_n_succ_stage=-1, Mem: avail=13.664GB, peak=28.879GB, intermediate=27.509GB, init=2.251GB, as_config=((1, 1), {})
cost[3, 3, 1]=0.228, max_n_succ_stage=-1, Mem: avail=13.664GB, peak=28.879GB, intermediate=27.447GB, init=2.251GB, as_config=((1, 1), {})
cost[4, 4, 1]=0.228, max_n_succ_stage=-1, Mem: avail=13.664GB, peak=28.879GB, intermediate=27.447GB, init=2.251GB, as_config=((1, 1), {})
cost[1, 1, 1]=0.228, max_n_succ_stage=-1, Mem: avail=13.664GB, peak=29.316GB, intermediate=27.884GB, init=2.251GB, as_config=((1, 1), {})
cost[3, 3, 0]=0.228, max_n_succ_stage=-1, Mem: avail=13.664GB, peak=28.879GB, intermediate=27.447GB, init=2.251GB, as_config=((1, 1), {'force_batch_dim_to_mesh_dim': 0})
cost[1, 1, 0]=0.228, max_n_succ_stage=-1, Mem: avail=13.664GB, peak=29.316GB, intermediate=27.884GB, init=2.251GB, as_config=((1, 1), {'force_batch_dim_to_mesh_dim': 0})
cost[2, 2, 0]=0.228, max_n_succ_stage=-1, Mem: avail=13.664GB, peak=28.879GB, intermediate=27.509GB, init=2.251GB, as_config=((1, 1), {'force_batch_dim_to_mesh_dim': 0})
cost[5, 5, 1]=0.327, max_n_succ_stage=-1, Mem: avail=13.664GB, peak=35.402GB, intermediate=32.197GB, init=3.424GB, as_config=((1, 1), {})
cost[1, 2, 0]=0.457, max_n_succ_stage=-1, Mem: avail=13.664GB, peak=57.945GB, intermediate=55.393GB, init=4.502GB, as_config=((1, 1), {'force_batch_dim_to_mesh_dim': 0})
cost[0, 1, 1]=0.523, max_n_succ_stage=-1, Mem: avail=13.664GB, peak=59.927GB, intermediate=56.971GB, init=5.686GB, as_config=((1, 1), {})
cost[0, 1, 0]=0.523, max_n_succ_stage=-1, Mem: avail=13.664GB, peak=59.927GB, intermediate=56.971GB, init=5.686GB, as_config=((1, 1), {'force_batch_dim_to_mesh_dim': 0})
cost[3, 4, 0]=0.457, max_n_succ_stage=-1, Mem: avail=13.664GB, peak=57.507GB, intermediate=54.956GB, init=4.502GB, as_config=((1, 1), {'force_batch_dim_to_mesh_dim': 0})
cost[1, 2, 1]=0.457, max_n_succ_stage=-1, Mem: avail=13.664GB, peak=57.945GB, intermediate=55.393GB, init=4.502GB, as_config=((1, 1), {})
cost[3, 4, 1]=0.457, max_n_succ_stage=-1, Mem: avail=13.664GB, peak=57.507GB, intermediate=54.956GB, init=4.502GB, as_config=((1, 1), {})
cost[2, 3, 0]=0.457, max_n_succ_stage=-1, Mem: avail=13.664GB, peak=57.570GB, intermediate=55.018GB, init=4.502GB, as_config=((1, 1), {'force_batch_dim_to_mesh_dim': 0})
cost[4, 5, 1]=0.555, max_n_succ_stage=-1, Mem: avail=13.664GB, peak=64.031GB, intermediate=59.706GB, init=5.675GB, as_config=((1, 1), {})
cost[2, 3, 1]=0.457, max_n_succ_stage=-1, Mem: avail=13.664GB, peak=57.570GB, intermediate=55.018GB, init=4.502GB, as_config=((1, 1), {})
cost[4, 5, 0]=0.555, max_n_succ_stage=-1, Mem: avail=13.664GB, peak=64.031GB, intermediate=59.706GB, init=5.675GB, as_config=((1, 1), {'force_batch_dim_to_mesh_dim': 0})
cost[2, 4, 0]=0.685, max_n_succ_stage=-1, Mem: avail=13.664GB, peak=86.198GB, intermediate=82.527GB, init=6.754GB, as_config=((1, 1), {'force_batch_dim_to_mesh_dim': 0})
cost[2, 4, 1]=0.685, max_n_succ_stage=-1, Mem: avail=13.664GB, peak=86.198GB, intermediate=82.527GB, init=6.754GB, as_config=((1, 1), {})
cost[0, 2, 0]=0.751, max_n_succ_stage=-1, Mem: avail=13.664GB, peak=88.555GB, intermediate=84.480GB, init=7.937GB, as_config=((1, 1), {'force_batch_dim_to_mesh_dim': 0})
cost[0, 2, 1]=0.751, max_n_succ_stage=-1, Mem: avail=13.664GB, peak=88.555GB, intermediate=84.480GB, init=7.937GB, as_config=((1, 1), {})
cost[1, 3, 1]=0.685, max_n_succ_stage=-1, Mem: avail=13.664GB, peak=86.573GB, intermediate=82.902GB, init=6.754GB, as_config=((1, 1), {})
cost[1, 3, 0]=0.685, max_n_succ_stage=-1, Mem: avail=13.664GB, peak=86.573GB, intermediate=82.902GB, init=6.754GB, as_config=((1, 1), {'force_batch_dim_to_mesh_dim': 0})
Profiling for submesh 0 (1, 1) takes 41.95 seconds
Profiled costs are: [[[0.29474728 0.29474728        inf        inf]
  [0.52299815 0.52299815        inf        inf]
  [0.75124902 0.75124902        inf        inf]
  [       inf        inf        inf        inf]
  [       inf        inf        inf        inf]
  [       inf        inf        inf        inf]]

 [[       inf        inf        inf        inf]
  [0.22825087 0.22825087        inf        inf]
  [0.45650174 0.45650174        inf        inf]
  [0.6847526  0.6847526         inf        inf]
  [       inf        inf        inf        inf]
  [       inf        inf        inf        inf]]

 [[       inf        inf        inf        inf]
  [       inf        inf        inf        inf]
  [0.22825087 0.22825087        inf        inf]
  [0.45650174 0.45650174        inf        inf]
  [0.6847526  0.6847526         inf        inf]
  [       inf        inf        inf        inf]]

 [[       inf        inf        inf        inf]
  [       inf        inf        inf        inf]
  [       inf        inf        inf        inf]
  [0.22825087 0.22825087        inf        inf]
  [0.45650174 0.45650174        inf        inf]
  [       inf        inf        inf        inf]]

 [[       inf        inf        inf        inf]
  [       inf        inf        inf        inf]
  [       inf        inf        inf        inf]
  [       inf        inf        inf        inf]
  [0.22825087 0.22825087        inf        inf]
  [0.55499973 0.55499973        inf        inf]]

 [[       inf        inf        inf        inf]
  [       inf        inf        inf        inf]
  [       inf        inf        inf        inf]
  [       inf        inf        inf        inf]
  [       inf        inf        inf        inf]
  [0.32674887 0.32674887        inf        inf]]]
Profiled max_n_succ_stages are: [[[-1 -1 -1 -1]
  [-1 -1 -1 -1]
  [-1 -1 -1 -1]
  [-1 -1 -1 -1]
  [-1 -1 -1 -1]
  [-1 -1 -1 -1]]

 [[-1 -1 -1 -1]
  [-1 -1 -1 -1]
  [-1 -1 -1 -1]
  [-1 -1 -1 -1]
  [-1 -1 -1 -1]
  [-1 -1 -1 -1]]

 [[-1 -1 -1 -1]
  [-1 -1 -1 -1]
  [-1 -1 -1 -1]
  [-1 -1 -1 -1]
  [-1 -1 -1 -1]
  [-1 -1 -1 -1]]

 [[-1 -1 -1 -1]
  [-1 -1 -1 -1]
  [-1 -1 -1 -1]
  [-1 -1 -1 -1]
  [-1 -1 -1 -1]
  [-1 -1 -1 -1]]

 [[-1 -1 -1 -1]
  [-1 -1 -1 -1]
  [-1 -1 -1 -1]
  [-1 -1 -1 -1]
  [-1 -1 -1 -1]
  [-1 -1 -1 -1]]

 [[-1 -1 -1 -1]
  [-1 -1 -1 -1]
  [-1 -1 -1 -1]
  [-1 -1 -1 -1]
  [-1 -1 -1 -1]
  [-1 -1 -1 -1]]]
--------------------------------------------------
Compute cost saved to: compute-cost-2026-05-15-08-57-44.npy
----------------------------------------------------------------------
Traceback (most recent call last):
  File "benchmark_3d_one_case.py", line 92, in <module>
    benchmark_one_case(args.model,
  File "benchmark_3d_one_case.py", line 37, in benchmark_one_case
    result = benchmark_gpt_bert_internal(model, case, niter, num_hosts,
  File "/home/liminglong.lml/sxz/SuperScaler/external/alpa/benchmark_3d_one_case_gpt_bert.py", line 290, in benchmark_gpt_bert_internal
    executable = train_step.get_executable(state, batch, rngkey)
  File "/usr/local/lib/python3.8/dist-packages/alpa/api.py", line 110, in get_executable
    executable, _, _, _ = self._decode_args_and_get_executable(*args)
  File "/usr/local/lib/python3.8/dist-packages/alpa/api.py", line 174, in _decode_args_and_get_executable
    executable = _compile_parallel_executable(f, in_tree, out_tree_hashable,
  File "/usr/local/lib/python3.8/dist-packages/jax/linear_util.py", line 272, in memoized_fun
    ans = call(fun, *args)
  File "/usr/local/lib/python3.8/dist-packages/alpa/api.py", line 201, in _compile_parallel_executable
    return method.compile_executable(fun, in_tree, out_tree_thunk,
  File "/usr/local/lib/python3.8/dist-packages/alpa/parallel_method.py", line 220, in compile_executable
    return compile_pipeshard_executable(
  File "/usr/local/lib/python3.8/dist-packages/alpa/pipeline_parallel/compile_executable.py", line 76, in compile_pipeshard_executable
    pipeshard_config = compile_pipeshard_executable_internal(
  File "/usr/local/lib/python3.8/dist-packages/alpa/pipeline_parallel/compile_executable.py", line 150, in compile_pipeshard_executable_internal
    manual_stage_option) = cluster_layers_and_slice_mesh(
  File "/usr/local/lib/python3.8/dist-packages/alpa/pipeline_parallel/stage_construction.py", line 618, in cluster_layers_and_slice_mesh
    assert solution is not None, "no solution in auto stage construction."
AssertionError: no solution in auto stage construction.
[DEBUG] latencies = [-1]
Type: gpt  Model Config: (1024, 2048, 2048, 24, 32)  #Microbatch: 128  #GPU: 4  Parallel Config: (True, False, 6, {'submesh_physical_shape_space': 'small_power_of_two', 'submesh_logical_shape_space': 'all', 'stage_imbalance_tolerance': 1.0, 'use_hlo_cost_model': True, 'profiling_database_filename': 'prof_database.pkl'})  Mean Time: -1.000s  Std Time: 0.000  #Params: -0.000B  TFLOPs: -1.00  TFLOPs (ckpt): -1.00  Peak Mem: -0.000G  Compilation Time: None  Global Batch Size: 1024  
Working on case: (1024, 2048, 2048, 24, 32, 51200, 32, 'search', (True, False, 12, {'submesh_physical_shape_space': 'small_power_of_two', 'submesh_logical_shape_space': 'all', 'stage_imbalance_tolerance': 1.0, 'use_hlo_cost_model': True, 'profiling_database_filename': 'prof_database.pkl'}))
rm -rf /tmp/tmp_transfer.pkl
python3 -u benchmark_3d_one_case.py --model gpt --niter 3 --case "(1024, 2048, 2048, 24, 32, 51200, 32, 'search', (True, False, 12, {'submesh_physical_shape_space': 'small_power_of_two', 'submesh_logical_shape_space': 'all', 'stage_imbalance_tolerance': 1.0, 'use_hlo_cost_model': True, 'profiling_database_filename': 'prof_database.pkl'}))" --num-hosts 1 --num-devices-per-host 4 --dump-result --disable-tqdm 
mkdir -p tmp
 - Prepare input: 1.48 s
 - Create train state: 1.16 s
-------------------- Automatic stage clustering --------------------
submesh_choices: ((1, 1), (1, 2), (1, 4))
- Profiling for submesh 2 (1, 4):
- Generate all stage infos (Jaxpr -> HLO)
- Compile all stages
- Profile all stages
cost[0, 11, 3]=1.566, max_n_succ_stage=-1, Mem: avail=13.664GB, peak=180.939GB, intermediate=0.000GB, init=3.966GB, as_config=((4, 1), {})
cost[0, 11, 0]=1.566, max_n_succ_stage=-1, Mem: avail=13.664GB, peak=180.939GB, intermediate=0.000GB, init=3.966GB, as_config=((4, 1), {'force_batch_dim_to_mesh_dim': 0})
cost[0, 11, 2]=10.867, max_n_succ_stage=-1, Mem: avail=13.664GB, peak=239.595GB, intermediate=0.000GB, init=3.968GB, as_config=((1, 4), {'force_batch_dim_to_mesh_dim': 0})
cost[0, 11, 1]=5.286, max_n_succ_stage=-1, Mem: avail=13.664GB, peak=198.542GB, intermediate=0.000GB, init=3.967GB, as_config=((2, 2), {'force_batch_dim_to_mesh_dim': 0})
Profiling for submesh 2 (1, 4) takes 87.60 seconds
Profiled costs are: [[[        inf         inf         inf         inf]
  [        inf         inf         inf         inf]
  [        inf         inf         inf         inf]
  [        inf         inf         inf         inf]
  [        inf         inf         inf         inf]
  [        inf         inf         inf         inf]
  [        inf         inf         inf         inf]
  [        inf         inf         inf         inf]
  [        inf         inf         inf         inf]
  [        inf         inf         inf         inf]
  [        inf         inf         inf         inf]
  [ 1.56600216  5.28590482 10.86706209  1.56600216]]

 [[        inf         inf         inf         inf]
  [        inf         inf         inf         inf]
  [        inf         inf         inf         inf]
  [        inf         inf         inf         inf]
  [        inf         inf         inf         inf]
  [        inf         inf         inf         inf]
  [        inf         inf         inf         inf]
  [        inf         inf         inf         inf]
  [        inf         inf         inf         inf]
  [        inf         inf         inf         inf]
  [        inf         inf         inf         inf]
  [        inf         inf         inf         inf]]

 [[        inf         inf         inf         inf]
  [        inf         inf         inf         inf]
  [        inf         inf         inf         inf]
  [        inf         inf         inf         inf]
  [        inf         inf         inf         inf]
  [        inf         inf         inf         inf]
  [        inf         inf         inf         inf]
  [        inf         inf         inf         inf]
  [        inf         inf         inf         inf]
  [        inf         inf         inf         inf]
  [        inf         inf         inf         inf]
  [        inf         inf         inf         inf]]

 [[        inf         inf         inf         inf]
  [        inf         inf         inf         inf]
  [        inf         inf         inf         inf]
  [        inf         inf         inf         inf]
  [        inf         inf         inf         inf]
  [        inf         inf         inf         inf]
  [        inf         inf         inf         inf]
  [        inf         inf         inf         inf]
  [        inf         inf         inf         inf]
  [        inf         inf         inf         inf]
  [        inf         inf         inf         inf]
  [        inf         inf         inf         inf]]

 [[        inf         inf         inf         inf]
  [        inf         inf         inf         inf]
  [        inf         inf         inf         inf]
  [        inf         inf         inf         inf]
  [        inf         inf         inf         inf]
  [        inf         inf         inf         inf]
  [        inf         inf         inf         inf]
  [        inf         inf         inf         inf]
  [        inf         inf         inf         inf]
  [        inf         inf         inf         inf]
  [        inf         inf         inf         inf]
  [        inf         inf         inf         inf]]

 [[        inf         inf         inf         inf]
  [        inf         inf         inf         inf]
  [        inf         inf         inf         inf]
  [        inf         inf         inf         inf]
  [        inf         inf         inf         inf]
  [        inf         inf         inf         inf]
  [        inf         inf         inf         inf]
  [        inf         inf         inf         inf]
  [        inf         inf         inf         inf]
  [        inf         inf         inf         inf]
  [        inf         inf         inf         inf]
  [        inf         inf         inf         inf]]

 [[        inf         inf         inf         inf]
  [        inf         inf         inf         inf]
  [        inf         inf         inf         inf]
  [        inf         inf         inf         inf]
  [        inf         inf         inf         inf]
  [        inf         inf         inf         inf]
  [        inf         inf         inf         inf]
  [        inf         inf         inf         inf]
  [        inf         inf         inf         inf]
  [        inf         inf         inf         inf]
  [        inf         inf         inf         inf]
  [        inf         inf         inf         inf]]

 [[        inf         inf         inf         inf]
  [        inf         inf         inf         inf]
  [        inf         inf         inf         inf]
  [        inf         inf         inf         inf]
  [        inf         inf         inf         inf]
  [        inf         inf         inf         inf]
  [        inf         inf         inf         inf]
  [        inf         inf         inf         inf]
  [        inf         inf         inf         inf]
  [        inf         inf         inf         inf]
  [        inf         inf         inf         inf]
  [        inf         inf         inf         inf]]

 [[        inf         inf         inf         inf]
  [        inf         inf         inf         inf]
  [        inf         inf         inf         inf]
  [        inf         inf         inf         inf]
  [        inf         inf         inf         inf]
  [        inf         inf         inf         inf]
  [        inf         inf         inf         inf]
  [        inf         inf         inf         inf]
  [        inf         inf         inf         inf]
  [        inf         inf         inf         inf]
  [        inf         inf         inf         inf]
  [        inf         inf         inf         inf]]

 [[        inf         inf         inf         inf]
  [        inf         inf         inf         inf]
  [        inf         inf         inf         inf]
  [        inf         inf         inf         inf]
  [        inf         inf         inf         inf]
  [        inf         inf         inf         inf]
  [        inf         inf         inf         inf]
  [        inf         inf         inf         inf]
  [        inf         inf         inf         inf]
  [        inf         inf         inf         inf]
  [        inf         inf         inf         inf]
  [        inf         inf         inf         inf]]

 [[        inf         inf         inf         inf]
  [        inf         inf         inf         inf]
  [        inf         inf         inf         inf]
  [        inf         inf         inf         inf]
  [        inf         inf         inf         inf]
  [        inf         inf         inf         inf]
  [        inf         inf         inf         inf]
  [        inf         inf         inf         inf]
  [        inf         inf         inf         inf]
  [        inf         inf         inf         inf]
  [        inf         inf         inf         inf]
  [        inf         inf         inf         inf]]

 [[        inf         inf         inf         inf]
  [        inf         inf         inf         inf]
  [        inf         inf         inf         inf]
  [        inf         inf         inf         inf]
  [        inf         inf         inf         inf]
  [        inf         inf         inf         inf]
  [        inf         inf         inf         inf]
  [        inf         inf         inf         inf]
  [        inf         inf         inf         inf]
  [        inf         inf         inf         inf]
  [        inf         inf         inf         inf]
  [        inf         inf         inf         inf]]]
Profiled max_n_succ_stages are: [[[-1 -1 -1 -1]
  [-1 -1 -1 -1]
  [-1 -1 -1 -1]
  [-1 -1 -1 -1]
  [-1 -1 -1 -1]
  [-1 -1 -1 -1]
  [-1 -1 -1 -1]
  [-1 -1 -1 -1]
  [-1 -1 -1 -1]
  [-1 -1 -1 -1]
  [-1 -1 -1 -1]
  [-1 -1 -1 -1]]

 [[-1 -1 -1 -1]
  [-1 -1 -1 -1]
  [-1 -1 -1 -1]
  [-1 -1 -1 -1]
  [-1 -1 -1 -1]
  [-1 -1 -1 -1]
  [-1 -1 -1 -1]
  [-1 -1 -1 -1]
  [-1 -1 -1 -1]
  [-1 -1 -1 -1]
  [-1 -1 -1 -1]
  [-1 -1 -1 -1]]

 [[-1 -1 -1 -1]
  [-1 -1 -1 -1]
  [-1 -1 -1 -1]
  [-1 -1 -1 -1]
  [-1 -1 -1 -1]
  [-1 -1 -1 -1]
  [-1 -1 -1 -1]
  [-1 -1 -1 -1]
  [-1 -1 -1 -1]
  [-1 -1 -1 -1]
  [-1 -1 -1 -1]
  [-1 -1 -1 -1]]

 [[-1 -1 -1 -1]
  [-1 -1 -1 -1]
  [-1 -1 -1 -1]
  [-1 -1 -1 -1]
  [-1 -1 -1 -1]
  [-1 -1 -1 -1]
  [-1 -1 -1 -1]
  [-1 -1 -1 -1]
  [-1 -1 -1 -1]
  [-1 -1 -1 -1]
  [-1 -1 -1 -1]
  [-1 -1 -1 -1]]

 [[-1 -1 -1 -1]
  [-1 -1 -1 -1]
  [-1 -1 -1 -1]
  [-1 -1 -1 -1]
  [-1 -1 -1 -1]
  [-1 -1 -1 -1]
  [-1 -1 -1 -1]
  [-1 -1 -1 -1]
  [-1 -1 -1 -1]
  [-1 -1 -1 -1]
  [-1 -1 -1 -1]
  [-1 -1 -1 -1]]

 [[-1 -1 -1 -1]
  [-1 -1 -1 -1]
  [-1 -1 -1 -1]
  [-1 -1 -1 -1]
  [-1 -1 -1 -1]
  [-1 -1 -1 -1]
  [-1 -1 -1 -1]
  [-1 -1 -1 -1]
  [-1 -1 -1 -1]
  [-1 -1 -1 -1]
  [-1 -1 -1 -1]
  [-1 -1 -1 -1]]

 [[-1 -1 -1 -1]
  [-1 -1 -1 -1]
  [-1 -1 -1 -1]
  [-1 -1 -1 -1]
  [-1 -1 -1 -1]
  [-1 -1 -1 -1]
  [-1 -1 -1 -1]
  [-1 -1 -1 -1]
  [-1 -1 -1 -1]
  [-1 -1 -1 -1]
  [-1 -1 -1 -1]
  [-1 -1 -1 -1]]

 [[-1 -1 -1 -1]
  [-1 -1 -1 -1]
  [-1 -1 -1 -1]
  [-1 -1 -1 -1]
  [-1 -1 -1 -1]
  [-1 -1 -1 -1]
  [-1 -1 -1 -1]
  [-1 -1 -1 -1]
  [-1 -1 -1 -1]
  [-1 -1 -1 -1]
  [-1 -1 -1 -1]
  [-1 -1 -1 -1]]

 [[-1 -1 -1 -1]
  [-1 -1 -1 -1]
  [-1 -1 -1 -1]
  [-1 -1 -1 -1]
  [-1 -1 -1 -1]
  [-1 -1 -1 -1]
  [-1 -1 -1 -1]
  [-1 -1 -1 -1]
  [-1 -1 -1 -1]
  [-1 -1 -1 -1]
  [-1 -1 -1 -1]
  [-1 -1 -1 -1]]

 [[-1 -1 -1 -1]
  [-1 -1 -1 -1]
  [-1 -1 -1 -1]
  [-1 -1 -1 -1]
  [-1 -1 -1 -1]
  [-1 -1 -1 -1]
  [-1 -1 -1 -1]
  [-1 -1 -1 -1]
  [-1 -1 -1 -1]
  [-1 -1 -1 -1]
  [-1 -1 -1 -1]
  [-1 -1 -1 -1]]

 [[-1 -1 -1 -1]
  [-1 -1 -1 -1]
  [-1 -1 -1 -1]
  [-1 -1 -1 -1]
  [-1 -1 -1 -1]
  [-1 -1 -1 -1]
  [-1 -1 -1 -1]
  [-1 -1 -1 -1]
  [-1 -1 -1 -1]
  [-1 -1 -1 -1]
  [-1 -1 -1 -1]
  [-1 -1 -1 -1]]

 [[-1 -1 -1 -1]
  [-1 -1 -1 -1]
  [-1 -1 -1 -1]
  [-1 -1 -1 -1]
  [-1 -1 -1 -1]
  [-1 -1 -1 -1]
  [-1 -1 -1 -1]
  [-1 -1 -1 -1]
  [-1 -1 -1 -1]
  [-1 -1 -1 -1]
  [-1 -1 -1 -1]
  [-1 -1 -1 -1]]]
--------------------------------------------------
- Profiling for submesh 1 (1, 2):
- Generate all stage infos (Jaxpr -> HLO)
- Compile all stages
- Profile all stages
cost[0, 3, 1]=3.502, max_n_succ_stage=-1, Mem: avail=13.664GB, peak=130.335GB, intermediate=127.197GB, init=2.844GB, as_config=((1, 2), {'force_batch_dim_to_mesh_dim': 0})
cost[0, 3, 0]=1.027, max_n_succ_stage=-1, Mem: avail=13.664GB, peak=116.979GB, intermediate=113.192GB, init=2.843GB, as_config=((2, 1), {'force_batch_dim_to_mesh_dim': 0})
cost[0, 3, 2]=1.027, max_n_succ_stage=-1, Mem: avail=13.664GB, peak=117.104GB, intermediate=113.192GB, init=2.843GB, as_config=((2, 1), {})
cost[0, 4, 0]=1.250, max_n_succ_stage=-1, Mem: avail=13.664GB, peak=145.041GB, intermediate=141.452GB, init=3.406GB, as_config=((2, 1), {'force_batch_dim_to_mesh_dim': 0})
cost[0, 4, 2]=1.250, max_n_succ_stage=-1, Mem: avail=13.664GB, peak=145.041GB, intermediate=141.452GB, init=3.406GB, as_config=((2, 1), {})
cost[0, 4, 1]=4.326, max_n_succ_stage=-1, Mem: avail=13.664GB, peak=162.368GB, intermediate=159.708GB, init=3.406GB, as_config=((1, 2), {'force_batch_dim_to_mesh_dim': 0})
cost[0, 5, 2]=1.472, max_n_succ_stage=-1, Mem: avail=13.664GB, peak=173.105GB, intermediate=168.961GB, init=3.969GB, as_config=((2, 1), {})
cost[0, 5, 0]=1.472, max_n_succ_stage=-1, Mem: avail=13.664GB, peak=173.105GB, intermediate=168.961GB, init=3.969GB, as_config=((2, 1), {'force_batch_dim_to_mesh_dim': 0})
cost[0, 5, 1]=5.150, max_n_succ_stage=-1, Mem: avail=13.664GB, peak=193.370GB, intermediate=190.718GB, init=3.969GB, as_config=((1, 2), {'force_batch_dim_to_mesh_dim': 0})
cost[9, 11, 2]=0.868, max_n_succ_stage=-1, Mem: avail=13.664GB, peak=97.281GB, intermediate=91.902GB, init=2.275GB, as_config=((2, 1), {})
cost[7, 11, 2]=1.314, max_n_succ_stage=-1, Mem: avail=13.664GB, peak=153.408GB, intermediate=146.920GB, init=3.400GB, as_config=((2, 1), {})
cost[0, 6, 0]=1.695, max_n_succ_stage=-1, Mem: avail=13.664GB, peak=201.168GB, intermediate=196.470GB, init=4.531GB, as_config=((2, 1), {'force_batch_dim_to_mesh_dim': 0})
cost[2, 5, 1]=3.508, max_n_succ_stage=-1, Mem: avail=13.664GB, peak=131.727GB, intermediate=129.042GB, init=2.439GB, as_config=((1, 2), {'force_batch_dim_to_mesh_dim': 0})
cost[9, 11, 1]=2.743, max_n_succ_stage=-1, Mem: avail=13.664GB, peak=106.901GB, intermediate=102.406GB, init=2.275GB, as_config=((1, 2), {'force_batch_dim_to_mesh_dim': 0})
cost[9, 11, 0]=0.868, max_n_succ_stage=-1, Mem: avail=13.664GB, peak=97.281GB, intermediate=91.902GB, init=2.275GB, as_config=((2, 1), {'force_batch_dim_to_mesh_dim': 0})
cost[2, 6, 0]=1.178, max_n_succ_stage=-1, Mem: avail=13.664GB, peak=145.381GB, intermediate=141.796GB, init=3.002GB, as_config=((2, 1), {'force_batch_dim_to_mesh_dim': 0})
cost[1, 4, 0]=0.955, max_n_succ_stage=-1, Mem: avail=13.664GB, peak=117.317GB, intermediate=114.287GB, init=2.439GB, as_config=((2, 1), {'force_batch_dim_to_mesh_dim': 0})
cost[5, 8, 0]=0.892, max_n_succ_stage=-1, Mem: avail=13.664GB, peak=112.758GB, intermediate=110.036GB, init=2.251GB, as_config=((2, 1), {'force_batch_dim_to_mesh_dim': 0})
cost[8, 11, 0]=1.091, max_n_succ_stage=-1, Mem: avail=13.664GB, peak=125.345GB, intermediate=119.411GB, init=2.837GB, as_config=((2, 1), {'force_batch_dim_to_mesh_dim': 0})
cost[5, 8, 1]=3.294, max_n_succ_stage=-1, Mem: avail=13.664GB, peak=126.382GB, intermediate=124.041GB, init=2.252GB, as_config=((1, 2), {'force_batch_dim_to_mesh_dim': 0})
cost[2, 5, 0]=0.955, max_n_succ_stage=-1, Mem: avail=13.664GB, peak=117.317GB, intermediate=114.287GB, init=2.439GB, as_config=((2, 1), {'force_batch_dim_to_mesh_dim': 0})
cost[6, 9, 0]=0.940, max_n_succ_stage=-1, Mem: avail=13.664GB, peak=121.604GB, intermediate=118.540GB, init=2.345GB, as_config=((2, 1), {'force_batch_dim_to_mesh_dim': 0})
cost[8, 11, 2]=1.091, max_n_succ_stage=-1, Mem: avail=13.664GB, peak=125.345GB, intermediate=119.411GB, init=2.837GB, as_config=((2, 1), {})
cost[8, 11, 1]=3.567, max_n_succ_stage=-1, Mem: avail=13.664GB, peak=138.186GB, intermediate=133.416GB, init=2.838GB, as_config=((1, 2), {'force_batch_dim_to_mesh_dim': 0})
cost[5, 8, 2]=0.892, max_n_succ_stage=-1, Mem: avail=13.664GB, peak=112.758GB, intermediate=110.036GB, init=2.251GB, as_config=((2, 1), {})
cost[4, 7, 1]=3.294, max_n_succ_stage=-1, Mem: avail=13.664GB, peak=128.133GB, intermediate=125.542GB, init=2.252GB, as_config=((1, 2), {'force_batch_dim_to_mesh_dim': 0})
cost[4, 7, 2]=0.892, max_n_succ_stage=-1, Mem: avail=13.664GB, peak=113.509GB, intermediate=110.787GB, init=2.251GB, as_config=((2, 1), {})
cost[2, 5, 2]=0.955, max_n_succ_stage=-1, Mem: avail=13.664GB, peak=117.317GB, intermediate=114.287GB, init=2.439GB, as_config=((2, 1), {})
cost[3, 6, 2]=0.955, max_n_succ_stage=-1, Mem: avail=13.664GB, peak=117.317GB, intermediate=114.287GB, init=2.439GB, as_config=((2, 1), {})
cost[3, 6, 0]=0.955, max_n_succ_stage=-1, Mem: avail=13.664GB, peak=117.317GB, intermediate=114.287GB, init=2.439GB, as_config=((2, 1), {'force_batch_dim_to_mesh_dim': 0})
cost[2, 8, 0]=1.624, max_n_succ_stage=-1, Mem: avail=13.664GB, peak=201.508GB, intermediate=196.814GB, init=4.127GB, as_config=((2, 1), {'force_batch_dim_to_mesh_dim': 0})
cost[7, 10, 0]=0.940, max_n_succ_stage=-1, Mem: avail=13.664GB, peak=121.604GB, intermediate=118.540GB, init=2.345GB, as_config=((2, 1), {'force_batch_dim_to_mesh_dim': 0})
cost[6, 9, 1]=3.439, max_n_succ_stage=-1, Mem: avail=13.664GB, peak=134.680GB, intermediate=132.545GB, init=2.346GB, as_config=((1, 2), {'force_batch_dim_to_mesh_dim': 0})
cost[5, 9, 0]=1.163, max_n_succ_stage=-1, Mem: avail=13.664GB, peak=149.793GB, intermediate=146.174GB, init=2.908GB, as_config=((2, 1), {'force_batch_dim_to_mesh_dim': 0})
cost[4, 7, 0]=0.892, max_n_succ_stage=-1, Mem: avail=13.664GB, peak=113.509GB, intermediate=110.787GB, init=2.251GB, as_config=((2, 1), {'force_batch_dim_to_mesh_dim': 0})
cost[3, 6, 1]=3.508, max_n_succ_stage=-1, Mem: avail=13.664GB, peak=131.727GB, intermediate=129.042GB, init=2.439GB, as_config=((1, 2), {'force_batch_dim_to_mesh_dim': 0})
cost[3, 7, 1]=4.331, max_n_succ_stage=-1, Mem: avail=13.664GB, peak=162.760GB, intermediate=160.052GB, init=3.002GB, as_config=((1, 2), {'force_batch_dim_to_mesh_dim': 0})
cost[6, 9, 2]=0.940, max_n_succ_stage=-1, Mem: avail=13.664GB, peak=121.604GB, intermediate=118.540GB, init=2.345GB, as_config=((2, 1), {})
cost[7, 10, 2]=0.940, max_n_succ_stage=-1, Mem: avail=13.664GB, peak=121.604GB, intermediate=118.540GB, init=2.345GB, as_config=((2, 1), {})
cost[1, 5, 1]=4.331, max_n_succ_stage=-1, Mem: avail=13.664GB, peak=162.760GB, intermediate=160.052GB, init=3.002GB, as_config=((1, 2), {'force_batch_dim_to_mesh_dim': 0})
cost[1, 4, 1]=3.508, max_n_succ_stage=-1, Mem: avail=13.664GB, peak=131.727GB, intermediate=129.042GB, init=2.439GB, as_config=((1, 2), {'force_batch_dim_to_mesh_dim': 0})
cost[1, 4, 2]=0.955, max_n_succ_stage=-1, Mem: avail=13.664GB, peak=117.317GB, intermediate=114.287GB, init=2.439GB, as_config=((2, 1), {})
cost[7, 11, 1]=4.390, max_n_succ_stage=-1, Mem: avail=13.664GB, peak=169.471GB, intermediate=164.427GB, init=3.401GB, as_config=((1, 2), {'force_batch_dim_to_mesh_dim': 0})
cost[7, 10, 1]=3.439, max_n_succ_stage=-1, Mem: avail=13.664GB, peak=134.680GB, intermediate=132.545GB, init=2.346GB, as_config=((1, 2), {'force_batch_dim_to_mesh_dim': 0})
cost[4, 8, 0]=1.115, max_n_succ_stage=-1, Mem: avail=13.664GB, peak=141.572GB, intermediate=138.296GB, init=2.814GB, as_config=((2, 1), {'force_batch_dim_to_mesh_dim': 0})
cost[2, 6, 1]=4.331, max_n_succ_stage=-1, Mem: avail=13.664GB, peak=162.760GB, intermediate=160.052GB, init=3.002GB, as_config=((1, 2), {'force_batch_dim_to_mesh_dim': 0})
cost[5, 9, 1]=4.263, max_n_succ_stage=-1, Mem: avail=13.664GB, peak=166.213GB, intermediate=163.805GB, init=2.908GB, as_config=((1, 2), {'force_batch_dim_to_mesh_dim': 0})
cost[1, 5, 2]=1.178, max_n_succ_stage=-1, Mem: avail=13.664GB, peak=145.381GB, intermediate=141.796GB, init=3.002GB, as_config=((2, 1), {})
cost[2, 6, 2]=1.178, max_n_succ_stage=-1, Mem: avail=13.664GB, peak=145.381GB, intermediate=141.796GB, init=3.002GB, as_config=((2, 1), {})
cost[1, 5, 0]=1.178, max_n_succ_stage=-1, Mem: avail=13.664GB, peak=145.381GB, intermediate=141.796GB, init=3.002GB, as_config=((2, 1), {'force_batch_dim_to_mesh_dim': 0})
cost[3, 7, 2]=1.178, max_n_succ_stage=-1, Mem: avail=13.664GB, peak=145.381GB, intermediate=141.796GB, init=3.002GB, as_config=((2, 1), {})
cost[6, 10, 1]=4.263, max_n_succ_stage=-1, Mem: avail=13.664GB, peak=165.963GB, intermediate=163.555GB, init=2.908GB, as_config=((1, 2), {'force_batch_dim_to_mesh_dim': 0})
cost[7, 11, 0]=1.314, max_n_succ_stage=-1, Mem: avail=13.664GB, peak=153.408GB, intermediate=146.920GB, init=3.400GB, as_config=((2, 1), {'force_batch_dim_to_mesh_dim': 0})
cost[6, 10, 2]=1.163, max_n_succ_stage=-1, Mem: avail=13.664GB, peak=149.668GB, intermediate=146.049GB, init=2.908GB, as_config=((2, 1), {})
cost[6, 11, 2]=1.537, max_n_succ_stage=-1, Mem: avail=13.664GB, peak=181.472GB, intermediate=174.429GB, init=3.963GB, as_config=((2, 1), {})
cost[2, 7, 1]=5.155, max_n_succ_stage=-1, Mem: avail=13.664GB, peak=194.043GB, intermediate=191.062GB, init=3.565GB, as_config=((1, 2), {'force_batch_dim_to_mesh_dim': 0})
cost[5, 10, 0]=1.386, max_n_succ_stage=-1, Mem: avail=13.664GB, peak=177.857GB, intermediate=173.683GB, init=3.471GB, as_config=((2, 1), {'force_batch_dim_to_mesh_dim': 0})
cost[6, 10, 0]=1.163, max_n_succ_stage=-1, Mem: avail=13.664GB, peak=149.668GB, intermediate=146.049GB, init=2.908GB, as_config=((2, 1), {'force_batch_dim_to_mesh_dim': 0})
cost[1, 6, 1]=5.155, max_n_succ_stage=-1, Mem: avail=13.664GB, peak=194.043GB, intermediate=191.062GB, init=3.565GB, as_config=((1, 2), {'force_batch_dim_to_mesh_dim': 0})
cost[6, 11, 0]=1.537, max_n_succ_stage=-1, Mem: avail=13.664GB, peak=181.472GB, intermediate=174.429GB, init=3.963GB, as_config=((2, 1), {'force_batch_dim_to_mesh_dim': 0})
cost[5, 9, 2]=1.163, max_n_succ_stage=-1, Mem: avail=13.664GB, peak=149.793GB, intermediate=146.174GB, init=2.908GB, as_config=((2, 1), {})
cost[4, 8, 2]=1.115, max_n_succ_stage=-1, Mem: avail=13.664GB, peak=141.572GB, intermediate=138.296GB, init=2.814GB, as_config=((2, 1), {})
cost[6, 11, 1]=5.214, max_n_succ_stage=-1, Mem: avail=13.664GB, peak=200.755GB, intermediate=195.437GB, init=3.964GB, as_config=((1, 2), {'force_batch_dim_to_mesh_dim': 0})
cost[5, 10, 1]=5.086, max_n_succ_stage=-1, Mem: avail=13.664GB, peak=197.496GB, intermediate=194.816GB, init=3.471GB, as_config=((1, 2), {'force_batch_dim_to_mesh_dim': 0})
cost[4, 8, 1]=4.118, max_n_succ_stage=-1, Mem: avail=13.664GB, peak=159.666GB, intermediate=156.552GB, init=2.815GB, as_config=((1, 2), {'force_batch_dim_to_mesh_dim': 0})
cost[3, 8, 1]=5.155, max_n_succ_stage=-1, Mem: avail=13.664GB, peak=194.043GB, intermediate=191.062GB, init=3.565GB, as_config=((1, 2), {'force_batch_dim_to_mesh_dim': 0})
cost[1, 6, 2]=1.401, max_n_succ_stage=-1, Mem: avail=13.664GB, peak=173.444GB, intermediate=169.305GB, init=3.564GB, as_config=((2, 1), {})
cost[4, 9, 0]=1.386, max_n_succ_stage=-1, Mem: avail=13.664GB, peak=178.607GB, intermediate=174.434GB, init=3.471GB, as_config=((2, 1), {'force_batch_dim_to_mesh_dim': 0})
cost[1, 6, 0]=1.401, max_n_succ_stage=-1, Mem: avail=13.664GB, peak=173.444GB, intermediate=169.305GB, init=3.564GB, as_config=((2, 1), {'force_batch_dim_to_mesh_dim': 0})
cost[5, 10, 2]=1.386, max_n_succ_stage=-1, Mem: avail=13.664GB, peak=177.857GB, intermediate=173.683GB, init=3.471GB, as_config=((2, 1), {})
cost[2, 7, 0]=1.401, max_n_succ_stage=-1, Mem: avail=13.664GB, peak=173.444GB, intermediate=169.305GB, init=3.564GB, as_config=((2, 1), {'force_batch_dim_to_mesh_dim': 0})
cost[4, 9, 1]=5.086, max_n_succ_stage=-1, Mem: avail=13.664GB, peak=198.997GB, intermediate=196.316GB, init=3.471GB, as_config=((1, 2), {'force_batch_dim_to_mesh_dim': 0})
cost[3, 8, 0]=1.401, max_n_succ_stage=-1, Mem: avail=13.664GB, peak=173.444GB, intermediate=169.305GB, init=3.564GB, as_config=((2, 1), {'force_batch_dim_to_mesh_dim': 0})
cost[2, 7, 2]=1.401, max_n_succ_stage=-1, Mem: avail=13.664GB, peak=173.444GB, intermediate=169.305GB, init=3.564GB, as_config=((2, 1), {})
cost[3, 7, 0]=1.178, max_n_succ_stage=-1, Mem: avail=13.664GB, peak=145.381GB, intermediate=141.796GB, init=3.002GB, as_config=((2, 1), {'force_batch_dim_to_mesh_dim': 0})
cost[4, 9, 2]=1.386, max_n_succ_stage=-1, Mem: avail=13.664GB, peak=178.607GB, intermediate=174.434GB, init=3.471GB, as_config=((2, 1), {})
cost[1, 7, 2]=1.624, max_n_succ_stage=-1, Mem: avail=13.664GB, peak=201.508GB, intermediate=196.814GB, init=4.127GB, as_config=((2, 1), {})
cost[0, 6, 1]=5.973, max_n_succ_stage=-1, Mem: avail=13.664GB, peak=225.309GB, intermediate=221.729GB, init=4.532GB, as_config=((1, 2), {'force_batch_dim_to_mesh_dim': 0})
cost[3, 8, 2]=1.401, max_n_succ_stage=-1, Mem: avail=13.664GB, peak=173.444GB, intermediate=169.305GB, init=3.564GB, as_config=((2, 1), {})
cost[4, 10, 0]=1.609, max_n_succ_stage=-1, Mem: avail=13.664GB, peak=206.671GB, intermediate=201.943GB, init=4.033GB, as_config=((2, 1), {'force_batch_dim_to_mesh_dim': 0})
cost[5, 11, 0]=1.760, max_n_succ_stage=-1, Mem: avail=13.664GB, peak=209.660GB, intermediate=202.064GB, init=4.526GB, as_config=((2, 1), {'force_batch_dim_to_mesh_dim': 0})
cost[2, 8, 2]=1.624, max_n_succ_stage=-1, Mem: avail=13.664GB, peak=201.508GB, intermediate=196.814GB, init=4.127GB, as_config=((2, 1), {})
cost[3, 9, 0]=1.672, max_n_succ_stage=-1, Mem: avail=13.664GB, peak=210.355GB, intermediate=205.443GB, init=4.221GB, as_config=((2, 1), {'force_batch_dim_to_mesh_dim': 0})
cost[1, 7, 0]=1.624, max_n_succ_stage=-1, Mem: avail=13.664GB, peak=201.508GB, intermediate=196.814GB, init=4.127GB, as_config=((2, 1), {'force_batch_dim_to_mesh_dim': 0})
cost[5, 11, 1]=6.037, max_n_succ_stage=-1, Mem: avail=13.664GB, peak=232.291GB, intermediate=226.697GB, init=4.527GB, as_config=((1, 2), {'force_batch_dim_to_mesh_dim': 0})
cost[1, 7, 1]=5.978, max_n_succ_stage=-1, Mem: avail=13.664GB, peak=225.325GB, intermediate=222.072GB, init=4.128GB, as_config=((1, 2), {'force_batch_dim_to_mesh_dim': 0})
cost[2, 9, 0]=1.895, max_n_succ_stage=-1, Mem: avail=13.664GB, peak=238.419GB, intermediate=232.952GB, init=4.784GB, as_config=((2, 1), {'force_batch_dim_to_mesh_dim': 0})
cost[2, 11, 0]=2.492, max_n_succ_stage=-1, Mem: avail=13.664GB, peak=298.285GB, intermediate=288.841GB, init=6.402GB, as_config=((2, 1), {'force_batch_dim_to_mesh_dim': 0})
cost[4, 10, 1]=5.910, max_n_succ_stage=-1, Mem: avail=13.664GB, peak=230.280GB, intermediate=227.326GB, init=4.034GB, as_config=((1, 2), {'force_batch_dim_to_mesh_dim': 0})
cost[0, 6, 2]=1.695, max_n_succ_stage=-1, Mem: avail=13.664GB, peak=201.168GB, intermediate=196.470GB, init=4.531GB, as_config=((2, 1), {})
cost[5, 11, 2]=1.760, max_n_succ_stage=-1, Mem: avail=13.664GB, peak=209.660GB, intermediate=202.064GB, init=4.526GB, as_config=((2, 1), {})
cost[0, 7, 0]=1.918, max_n_succ_stage=-1, Mem: avail=13.664GB, peak=229.232GB, intermediate=223.979GB, init=5.094GB, as_config=((2, 1), {'force_batch_dim_to_mesh_dim': 0})
cost[2, 8, 1]=5.978, max_n_succ_stage=-1, Mem: avail=13.664GB, peak=225.325GB, intermediate=222.072GB, init=4.128GB, as_config=((1, 2), {'force_batch_dim_to_mesh_dim': 0})
cost[3, 10, 0]=1.895, max_n_succ_stage=-1, Mem: avail=13.664GB, peak=238.419GB, intermediate=232.952GB, init=4.784GB, as_config=((2, 1), {'force_batch_dim_to_mesh_dim': 0})
cost[1, 8, 1]=6.802, max_n_succ_stage=-1, Mem: avail=13.664GB, peak=256.983GB, intermediate=253.083GB, init=4.691GB, as_config=((1, 2), {'force_batch_dim_to_mesh_dim': 0})
cost[2, 9, 1]=6.947, max_n_succ_stage=-1, Mem: avail=13.664GB, peak=265.156GB, intermediate=261.837GB, init=4.785GB, as_config=((1, 2), {'force_batch_dim_to_mesh_dim': 0})
cost[3, 9, 1]=6.123, max_n_succ_stage=-1, Mem: avail=13.664GB, peak=233.873GB, intermediate=230.826GB, init=4.222GB, as_config=((1, 2), {'force_batch_dim_to_mesh_dim': 0})
cost[4, 11, 0]=1.983, max_n_succ_stage=-1, Mem: avail=13.664GB, peak=238.474GB, intermediate=230.323GB, init=5.089GB, as_config=((2, 1), {'force_batch_dim_to_mesh_dim': 0})
cost[4, 10, 2]=1.609, max_n_succ_stage=-1, Mem: avail=13.664GB, peak=206.671GB, intermediate=201.943GB, init=4.033GB, as_config=((2, 1), {})
cost[1, 8, 2]=1.847, max_n_succ_stage=-1, Mem: avail=13.664GB, peak=229.571GB, intermediate=224.323GB, init=4.690GB, as_config=((2, 1), {})
cost[2, 10, 0]=2.118, max_n_succ_stage=-1, Mem: avail=13.664GB, peak=266.483GB, intermediate=260.461GB, init=5.347GB, as_config=((2, 1), {'force_batch_dim_to_mesh_dim': 0})
cost[0, 7, 1]=6.797, max_n_succ_stage=-1, Mem: avail=13.664GB, peak=256.342GB, intermediate=252.739GB, init=5.095GB, as_config=((1, 2), {'force_batch_dim_to_mesh_dim': 0})
cost[4, 11, 2]=1.983, max_n_succ_stage=-1, Mem: avail=13.664GB, peak=238.474GB, intermediate=230.323GB, init=5.089GB, as_config=((2, 1), {})
cost[3, 10, 1]=6.947, max_n_succ_stage=-1, Mem: avail=13.664GB, peak=265.156GB, intermediate=261.837GB, init=4.785GB, as_config=((1, 2), {'force_batch_dim_to_mesh_dim': 0})
cost[0, 8, 0]=2.141, max_n_succ_stage=-1, Mem: avail=13.664GB, peak=257.295GB, intermediate=251.488GB, init=5.657GB, as_config=((2, 1), {'force_batch_dim_to_mesh_dim': 0})
cost[1, 8, 0]=1.847, max_n_succ_stage=-1, Mem: avail=13.664GB, peak=229.571GB, intermediate=224.323GB, init=4.690GB, as_config=((2, 1), {'force_batch_dim_to_mesh_dim': 0})
cost[1, 9, 0]=2.118, max_n_succ_stage=-1, Mem: avail=13.664GB, peak=266.483GB, intermediate=260.461GB, init=5.347GB, as_config=((2, 1), {'force_batch_dim_to_mesh_dim': 0})
cost[0, 8, 2]=2.141, max_n_succ_stage=-1, Mem: avail=13.664GB, peak=257.295GB, intermediate=251.488GB, init=5.657GB, as_config=((2, 1), {})
cost[4, 11, 1]=6.861, max_n_succ_stage=-1, Mem: avail=13.664GB, peak=265.075GB, intermediate=259.208GB, init=5.090GB, as_config=((1, 2), {'force_batch_dim_to_mesh_dim': 0})
cost[0, 7, 2]=1.918, max_n_succ_stage=-1, Mem: avail=13.664GB, peak=229.232GB, intermediate=223.979GB, init=5.094GB, as_config=((2, 1), {})
cost[3, 10, 2]=1.895, max_n_succ_stage=-1, Mem: avail=13.664GB, peak=238.419GB, intermediate=232.952GB, init=4.784GB, as_config=((2, 1), {})
cost[3, 9, 2]=1.672, max_n_succ_stage=-1, Mem: avail=13.664GB, peak=210.355GB, intermediate=205.443GB, init=4.221GB, as_config=((2, 1), {})
cost[2, 9, 2]=1.895, max_n_succ_stage=-1, Mem: avail=13.664GB, peak=238.419GB, intermediate=232.952GB, init=4.784GB, as_config=((2, 1), {})
cost[1, 9, 1]=7.770, max_n_succ_stage=-1, Mem: avail=13.664GB, peak=296.438GB, intermediate=292.847GB, init=5.348GB, as_config=((1, 2), {'force_batch_dim_to_mesh_dim': 0})
cost[0, 9, 0]=2.412, max_n_succ_stage=-1, Mem: avail=13.664GB, peak=294.332GB, intermediate=287.626GB, init=6.314GB, as_config=((2, 1), {'force_batch_dim_to_mesh_dim': 0})
cost[0, 8, 1]=7.620, max_n_succ_stage=-1, Mem: avail=13.664GB, peak=287.219GB, intermediate=283.749GB, init=5.658GB, as_config=((1, 2), {'force_batch_dim_to_mesh_dim': 0})
cost[1, 10, 0]=2.341, max_n_succ_stage=-1, Mem: avail=13.664GB, peak=294.547GB, intermediate=287.970GB, init=5.909GB, as_config=((2, 1), {'force_batch_dim_to_mesh_dim': 0})
cost[2, 10, 1]=7.770, max_n_succ_stage=-1, Mem: avail=13.664GB, peak=296.438GB, intermediate=292.847GB, init=5.348GB, as_config=((1, 2), {'force_batch_dim_to_mesh_dim': 0})
cost[2, 10, 2]=2.118, max_n_succ_stage=-1, Mem: avail=13.664GB, peak=266.483GB, intermediate=260.461GB, init=5.347GB, as_config=((2, 1), {})
cost[3, 11, 1]=7.898, max_n_succ_stage=-1, Mem: avail=13.664GB, peak=299.952GB, intermediate=293.718GB, init=5.840GB, as_config=((1, 2), {'force_batch_dim_to_mesh_dim': 0})
cost[3, 11, 2]=2.269, max_n_succ_stage=-1, Mem: avail=13.664GB, peak=270.222GB, intermediate=261.332GB, init=5.839GB, as_config=((2, 1), {})
cost[1, 9, 2]=2.118, max_n_succ_stage=-1, Mem: avail=13.664GB, peak=266.483GB, intermediate=260.461GB, init=5.347GB, as_config=((2, 1), {})
cost[3, 11, 0]=2.269, max_n_succ_stage=-1, Mem: avail=13.664GB, peak=270.222GB, intermediate=261.332GB, init=5.839GB, as_config=((2, 1), {'force_batch_dim_to_mesh_dim': 0})
cost[1, 10, 1]=8.594, max_n_succ_stage=-1, Mem: avail=13.664GB, peak=327.722GB, intermediate=323.857GB, init=5.911GB, as_config=((1, 2), {'force_batch_dim_to_mesh_dim': 0})
cost[2, 11, 1]=8.722, max_n_succ_stage=-1, Mem: avail=13.664GB, peak=331.237GB, intermediate=324.729GB, init=6.403GB, as_config=((1, 2), {'force_batch_dim_to_mesh_dim': 0})
cost[0, 9, 1]=8.588, max_n_succ_stage=-1, Mem: avail=13.664GB, peak=327.300GB, intermediate=323.513GB, init=6.315GB, as_config=((1, 2), {'force_batch_dim_to_mesh_dim': 0})
cost[0, 9, 2]=2.412, max_n_succ_stage=-1, Mem: avail=13.664GB, peak=294.332GB, intermediate=287.626GB, init=6.314GB, as_config=((2, 1), {})
cost[2, 11, 2]=2.492, max_n_succ_stage=-1, Mem: avail=13.664GB, peak=298.285GB, intermediate=288.841GB, init=6.402GB, as_config=((2, 1), {})
cost[1, 10, 2]=2.341, max_n_succ_stage=-1, Mem: avail=13.664GB, peak=294.547GB, intermediate=287.970GB, init=5.909GB, as_config=((2, 1), {})
cost[0, 10, 0]=2.635, max_n_succ_stage=-1, Mem: avail=13.664GB, peak=322.396GB, intermediate=315.135GB, init=6.876GB, as_config=((2, 1), {'force_batch_dim_to_mesh_dim': 0})
cost[1, 11, 1]=9.545, max_n_succ_stage=-1, Mem: avail=13.664GB, peak=362.523GB, intermediate=355.739GB, init=6.966GB, as_config=((1, 2), {'force_batch_dim_to_mesh_dim': 0})
cost[1, 11, 0]=2.715, max_n_succ_stage=-1, Mem: avail=13.664GB, peak=326.349GB, intermediate=316.350GB, init=6.965GB, as_config=((2, 1), {'force_batch_dim_to_mesh_dim': 0})
cost[0, 10, 1]=9.412, max_n_succ_stage=-1, Mem: avail=13.664GB, peak=358.584GB, intermediate=354.524GB, init=6.878GB, as_config=((1, 2), {'force_batch_dim_to_mesh_dim': 0})
cost[0, 10, 2]=2.635, max_n_succ_stage=-1, Mem: avail=13.664GB, peak=322.396GB, intermediate=315.135GB, init=6.876GB, as_config=((2, 1), {})
cost[1, 11, 2]=2.715, max_n_succ_stage=-1, Mem: avail=13.664GB, peak=326.349GB, intermediate=316.350GB, init=6.965GB, as_config=((2, 1), {})
cost[0, 11, 1]=10.363, max_n_succ_stage=-1, Mem: avail=13.664GB, peak=393.418GB, intermediate=386.405GB, init=7.933GB, as_config=((1, 2), {'force_batch_dim_to_mesh_dim': 0})
cost[0, 11, 2]=3.009, max_n_succ_stage=-1, Mem: avail=13.664GB, peak=354.197GB, intermediate=343.515GB, init=7.932GB, as_config=((2, 1), {})
cost[0, 11, 0]=3.009, max_n_succ_stage=-1, Mem: avail=13.664GB, peak=354.197GB, intermediate=343.515GB, init=7.932GB, as_config=((2, 1), {'force_batch_dim_to_mesh_dim': 0})
Profiling for submesh 1 (1, 2) takes 172.36 seconds
Profiled costs are: [[[        inf         inf         inf         inf]
  [        inf         inf         inf         inf]
  [        inf         inf         inf         inf]
  [ 1.02654999  3.50186342  1.02654995         inf]
  [ 1.2495051   4.32594935  1.2495051          inf]
  [ 1.47246033  5.1495042   1.47246033         inf]
  [ 1.69541553  5.97305906  1.69541553         inf]
  [ 1.91837072  6.79661392  1.91837072         inf]
  [ 2.14132592  7.62016878  2.14132592         inf]
  [ 2.41220587  8.58845442  2.41220583         inf]
  [ 2.63516106  9.41200927  2.63516103         inf]
  [ 3.00908185 10.36344118  3.00908185         inf]]

 [[        inf         inf         inf         inf]
  [        inf         inf         inf         inf]
  [        inf         inf         inf         inf]
  [        inf         inf         inf         inf]
  [ 0.95537279  3.50777556  0.95537279         inf]
  [ 1.17832758  4.33133042  1.17832758         inf]
  [ 1.40128277  5.15488528  1.40128277         inf]
  [ 1.62423797  5.97844014  1.62423797         inf]
  [ 1.84719317  6.80199499  1.84719317         inf]
  [ 2.11807312  7.77028063  2.11807308         inf]
  [ 2.34102831  8.59383549  2.34102828         inf]
  [ 2.7149491   9.5452674   2.7149491          inf]]

 [[        inf         inf         inf         inf]
  [        inf         inf         inf         inf]
  [        inf         inf         inf         inf]
  [        inf         inf         inf         inf]
  [        inf         inf         inf         inf]
  [ 0.95537282  3.50777556  0.95537282         inf]
  [ 1.17832758  4.33133042  1.17832758         inf]
  [ 1.40128277  5.15488528  1.40128277         inf]
  [ 1.62423797  5.97844014  1.62423797         inf]
  [ 1.89511792  6.94672577  1.89511788         inf]
  [ 2.11807312  7.77028063  2.11807308         inf]
  [ 2.4919939   8.72171254  2.4919939          inf]]

 [[        inf         inf         inf         inf]
  [        inf         inf         inf         inf]
  [        inf         inf         inf         inf]
  [        inf         inf         inf         inf]
  [        inf         inf         inf         inf]
  [        inf         inf         inf         inf]
  [ 0.95537282  3.50777556  0.95537282         inf]
  [ 1.17832758  4.33133042  1.17832758         inf]
  [ 1.40128277  5.15488528  1.40128277         inf]
  [ 1.67216272  6.12317091  1.67216269         inf]
  [ 1.89511792  6.94672577  1.89511788         inf]
  [ 2.2690387   7.89815768  2.2690387          inf]]

 [[        inf         inf         inf         inf]
  [        inf         inf         inf         inf]
  [        inf         inf         inf         inf]
  [        inf         inf         inf         inf]
  [        inf         inf         inf         inf]
  [        inf         inf         inf         inf]
  [        inf         inf         inf         inf]
  [ 0.89182027  3.29421943  0.89182027         inf]
  [ 1.11477502  4.11777429  1.11477502         inf]
  [ 1.38565483  5.08605993  1.38565479         inf]
  [ 1.60861002  5.90961478  1.60860999         inf]
  [ 1.98253081  6.8610467   1.98253081         inf]]

 [[        inf         inf         inf         inf]
  [        inf         inf         inf         inf]
  [        inf         inf         inf         inf]
  [        inf         inf         inf         inf]
  [        inf         inf         inf         inf]
  [        inf         inf         inf         inf]
  [        inf         inf         inf         inf]
  [        inf         inf         inf         inf]
  [ 0.89182023  3.29421943  0.89182023         inf]
  [ 1.16269967  4.26250507  1.16269963         inf]
  [ 1.38565479  5.08605993  1.38565476         inf]
  [ 1.75957557  6.03749184  1.75957557         inf]]

 [[        inf         inf         inf         inf]
  [        inf         inf         inf         inf]
  [        inf         inf         inf         inf]
  [        inf         inf         inf         inf]
  [        inf         inf         inf         inf]
  [        inf         inf         inf         inf]
  [        inf         inf         inf         inf]
  [        inf         inf         inf         inf]
  [        inf         inf         inf         inf]
  [ 0.93974488  3.43895021  0.93974484         inf]
  [ 1.16269963  4.26250507  1.1626996          inf]
  [ 1.53662034  5.21393698  1.53662034         inf]]

 [[        inf         inf         inf         inf]
  [        inf         inf         inf         inf]
  [        inf         inf         inf         inf]
  [        inf         inf         inf         inf]
  [        inf         inf         inf         inf]
  [        inf         inf         inf         inf]
  [        inf         inf         inf         inf]
  [        inf         inf         inf         inf]
  [        inf         inf         inf         inf]
  [        inf         inf         inf         inf]
  [ 0.93974488  3.43895021  0.93974484         inf]
  [ 1.31366515  4.39038212  1.31366515         inf]]

 [[        inf         inf         inf         inf]
  [        inf         inf         inf         inf]
  [        inf         inf         inf         inf]
  [        inf         inf         inf         inf]
  [        inf         inf         inf         inf]
  [        inf         inf         inf         inf]
  [        inf         inf         inf         inf]
  [        inf         inf         inf         inf]
  [        inf         inf         inf         inf]
  [        inf         inf         inf         inf]
  [        inf         inf         inf         inf]
  [ 1.09071008  3.56682726  1.09071008         inf]]

 [[        inf         inf         inf         inf]
  [        inf         inf         inf         inf]
  [        inf         inf         inf         inf]
  [        inf         inf         inf         inf]
  [        inf         inf         inf         inf]
  [        inf         inf         inf         inf]
  [        inf         inf         inf         inf]
  [        inf         inf         inf         inf]
  [        inf         inf         inf         inf]
  [        inf         inf         inf         inf]
  [        inf         inf         inf         inf]
  [ 0.86775533  2.7432724   0.86775533         inf]]

 [[        inf         inf         inf         inf]
  [        inf         inf         inf         inf]
  [        inf         inf         inf         inf]
  [        inf         inf         inf         inf]
  [        inf         inf         inf         inf]
  [        inf         inf         inf         inf]
  [        inf         inf         inf         inf]
  [        inf         inf         inf         inf]
  [        inf         inf         inf         inf]
  [        inf         inf         inf         inf]
  [        inf         inf         inf         inf]
  [        inf         inf         inf         inf]]

 [[        inf         inf         inf         inf]
  [        inf         inf         inf         inf]
  [        inf         inf         inf         inf]
  [        inf         inf         inf         inf]
  [        inf         inf         inf         inf]
  [        inf         inf         inf         inf]
  [        inf         inf         inf         inf]
  [        inf         inf         inf         inf]
  [        inf         inf         inf         inf]
  [        inf         inf         inf         inf]
  [        inf         inf         inf         inf]
  [        inf         inf         inf         inf]]]
Profiled max_n_succ_stages are: [[[-1 -1 -1 -1]
  [-1 -1 -1 -1]
  [-1 -1 -1 -1]
  [-1 -1 -1 -1]
  [-1 -1 -1 -1]
  [-1 -1 -1 -1]
  [-1 -1 -1 -1]
  [-1 -1 -1 -1]
  [-1 -1 -1 -1]
  [-1 -1 -1 -1]
  [-1 -1 -1 -1]
  [-1 -1 -1 -1]]

 [[-1 -1 -1 -1]
  [-1 -1 -1 -1]
  [-1 -1 -1 -1]
  [-1 -1 -1 -1]
  [-1 -1 -1 -1]
  [-1 -1 -1 -1]
  [-1 -1 -1 -1]
  [-1 -1 -1 -1]
  [-1 -1 -1 -1]
  [-1 -1 -1 -1]
  [-1 -1 -1 -1]
  [-1 -1 -1 -1]]

 [[-1 -1 -1 -1]
  [-1 -1 -1 -1]
  [-1 -1 -1 -1]
  [-1 -1 -1 -1]
  [-1 -1 -1 -1]
  [-1 -1 -1 -1]
  [-1 -1 -1 -1]
  [-1 -1 -1 -1]
  [-1 -1 -1 -1]
  [-1 -1 -1 -1]
  [-1 -1 -1 -1]
  [-1 -1 -1 -1]]

 [[-1 -1 -1 -1]
  [-1 -1 -1 -1]
  [-1 -1 -1 -1]
  [-1 -1 -1 -1]
  [-1 -1 -1 -1]
  [-1 -1 -1 -1]
  [-1 -1 -1 -1]
  [-1 -1 -1 -1]
  [-1 -1 -1 -1]
  [-1 -1 -1 -1]
  [-1 -1 -1 -1]
  [-1 -1 -1 -1]]

 [[-1 -1 -1 -1]
  [-1 -1 -1 -1]
  [-1 -1 -1 -1]
  [-1 -1 -1 -1]
  [-1 -1 -1 -1]
  [-1 -1 -1 -1]
  [-1 -1 -1 -1]
  [-1 -1 -1 -1]
  [-1 -1 -1 -1]
  [-1 -1 -1 -1]
  [-1 -1 -1 -1]
  [-1 -1 -1 -1]]

 [[-1 -1 -1 -1]
  [-1 -1 -1 -1]
  [-1 -1 -1 -1]
  [-1 -1 -1 -1]
  [-1 -1 -1 -1]
  [-1 -1 -1 -1]
  [-1 -1 -1 -1]
  [-1 -1 -1 -1]
  [-1 -1 -1 -1]
  [-1 -1 -1 -1]
  [-1 -1 -1 -1]
  [-1 -1 -1 -1]]

 [[-1 -1 -1 -1]
  [-1 -1 -1 -1]
  [-1 -1 -1 -1]
  [-1 -1 -1 -1]
  [-1 -1 -1 -1]
  [-1 -1 -1 -1]
  [-1 -1 -1 -1]
  [-1 -1 -1 -1]
  [-1 -1 -1 -1]
  [-1 -1 -1 -1]
  [-1 -1 -1 -1]
  [-1 -1 -1 -1]]

 [[-1 -1 -1 -1]
  [-1 -1 -1 -1]
  [-1 -1 -1 -1]
  [-1 -1 -1 -1]
  [-1 -1 -1 -1]
  [-1 -1 -1 -1]
  [-1 -1 -1 -1]
  [-1 -1 -1 -1]
  [-1 -1 -1 -1]
  [-1 -1 -1 -1]
  [-1 -1 -1 -1]
  [-1 -1 -1 -1]]

 [[-1 -1 -1 -1]
  [-1 -1 -1 -1]
  [-1 -1 -1 -1]
  [-1 -1 -1 -1]
  [-1 -1 -1 -1]
  [-1 -1 -1 -1]
  [-1 -1 -1 -1]
  [-1 -1 -1 -1]
  [-1 -1 -1 -1]
  [-1 -1 -1 -1]
  [-1 -1 -1 -1]
  [-1 -1 -1 -1]]

 [[-1 -1 -1 -1]
  [-1 -1 -1 -1]
  [-1 -1 -1 -1]
  [-1 -1 -1 -1]
  [-1 -1 -1 -1]
  [-1 -1 -1 -1]
  [-1 -1 -1 -1]
  [-1 -1 -1 -1]
  [-1 -1 -1 -1]
  [-1 -1 -1 -1]
  [-1 -1 -1 -1]
  [-1 -1 -1 -1]]

 [[-1 -1 -1 -1]
  [-1 -1 -1 -1]
  [-1 -1 -1 -1]
  [-1 -1 -1 -1]
  [-1 -1 -1 -1]
  [-1 -1 -1 -1]
  [-1 -1 -1 -1]
  [-1 -1 -1 -1]
  [-1 -1 -1 -1]
  [-1 -1 -1 -1]
  [-1 -1 -1 -1]
  [-1 -1 -1 -1]]

 [[-1 -1 -1 -1]
  [-1 -1 -1 -1]
  [-1 -1 -1 -1]
  [-1 -1 -1 -1]
  [-1 -1 -1 -1]
  [-1 -1 -1 -1]
  [-1 -1 -1 -1]
  [-1 -1 -1 -1]
  [-1 -1 -1 -1]
  [-1 -1 -1 -1]
  [-1 -1 -1 -1]
  [-1 -1 -1 -1]]]
--------------------------------------------------
- Profiling for submesh 0 (1, 1):
- Generate all stage infos (Jaxpr -> HLO)
- Compile all stages
- Profile all stages
cost[1, 2, 1]=0.885, max_n_succ_stage=-1, Mem: avail=13.664GB, peak=111.880GB, intermediate=109.786GB, init=2.251GB, as_config=((1, 1), {})
cost[0, 1, 0]=1.024, max_n_succ_stage=-1, Mem: avail=13.664GB, peak=111.285GB, intermediate=109.099GB, init=3.060GB, as_config=((1, 1), {'force_batch_dim_to_mesh_dim': 0})
cost[0, 1, 1]=1.024, max_n_succ_stage=-1, Mem: avail=13.664GB, peak=111.285GB, intermediate=109.099GB, init=3.060GB, as_config=((1, 1), {})
cost[1, 2, 0]=0.885, max_n_succ_stage=-1, Mem: avail=13.664GB, peak=111.880GB, intermediate=109.786GB, init=2.251GB, as_config=((1, 1), {'force_batch_dim_to_mesh_dim': 0})
cost[2, 3, 1]=1.011, max_n_succ_stage=-1, Mem: avail=13.664GB, peak=120.817GB, intermediate=117.036GB, init=2.626GB, as_config=((1, 1), {})
cost[2, 3, 0]=1.011, max_n_succ_stage=-1, Mem: avail=13.664GB, peak=120.817GB, intermediate=117.036GB, init=2.626GB, as_config=((1, 1), {'force_batch_dim_to_mesh_dim': 0})
cost[5, 6, 0]=0.885, max_n_succ_stage=-1, Mem: avail=13.664GB, peak=112.138GB, intermediate=110.036GB, init=2.251GB, as_config=((1, 1), {'force_batch_dim_to_mesh_dim': 0})
cost[4, 5, 1]=0.885, max_n_succ_stage=-1, Mem: avail=13.664GB, peak=113.890GB, intermediate=111.537GB, init=2.251GB, as_config=((1, 1), {})
cost[5, 6, 1]=0.885, max_n_succ_stage=-1, Mem: avail=13.664GB, peak=112.138GB, intermediate=110.036GB, init=2.251GB, as_config=((1, 1), {})
cost[10, 11, 1]=1.184, max_n_succ_stage=-1, Mem: avail=13.664GB, peak=119.880GB, intermediate=111.779GB, init=3.236GB, as_config=((1, 1), {})
cost[10, 11, 0]=1.184, max_n_succ_stage=-1, Mem: avail=13.664GB, peak=119.880GB, intermediate=111.779GB, init=3.236GB, as_config=((1, 1), {'force_batch_dim_to_mesh_dim': 0})
cost[4, 5, 0]=0.885, max_n_succ_stage=-1, Mem: avail=13.664GB, peak=113.890GB, intermediate=111.537GB, init=2.251GB, as_config=((1, 1), {'force_batch_dim_to_mesh_dim': 0})
cost[0, 2, 0]=1.467, max_n_succ_stage=-1, Mem: avail=13.664GB, peak=166.849GB, intermediate=164.117GB, init=4.185GB, as_config=((1, 1), {'force_batch_dim_to_mesh_dim': 0})
cost[0, 2, 1]=1.467, max_n_succ_stage=-1, Mem: avail=13.664GB, peak=166.849GB, intermediate=164.117GB, init=4.185GB, as_config=((1, 1), {})
cost[7, 8, 1]=0.885, max_n_succ_stage=-1, Mem: avail=13.664GB, peak=112.137GB, intermediate=109.786GB, init=2.251GB, as_config=((1, 1), {})
cost[7, 8, 0]=0.885, max_n_succ_stage=-1, Mem: avail=13.664GB, peak=112.137GB, intermediate=109.786GB, init=2.251GB, as_config=((1, 1), {'force_batch_dim_to_mesh_dim': 0})
cost[6, 7, 1]=0.885, max_n_succ_stage=-1, Mem: avail=13.664GB, peak=112.137GB, intermediate=109.786GB, init=2.251GB, as_config=((1, 1), {})
cost[6, 7, 0]=0.885, max_n_succ_stage=-1, Mem: avail=13.664GB, peak=112.137GB, intermediate=109.786GB, init=2.251GB, as_config=((1, 1), {'force_batch_dim_to_mesh_dim': 0})
cost[3, 4, 1]=1.011, max_n_succ_stage=-1, Mem: avail=13.664GB, peak=121.075GB, intermediate=118.537GB, init=2.626GB, as_config=((1, 1), {})
cost[3, 4, 0]=1.011, max_n_succ_stage=-1, Mem: avail=13.664GB, peak=121.075GB, intermediate=118.537GB, init=2.626GB, as_config=((1, 1), {'force_batch_dim_to_mesh_dim': 0})
cost[1, 3, 1]=1.453, max_n_succ_stage=-1, Mem: avail=13.664GB, peak=176.381GB, intermediate=172.054GB, init=3.752GB, as_config=((1, 1), {})
cost[1, 3, 0]=1.453, max_n_succ_stage=-1, Mem: avail=13.664GB, peak=176.381GB, intermediate=172.054GB, init=3.752GB, as_config=((1, 1), {'force_batch_dim_to_mesh_dim': 0})
cost[9, 10, 1]=0.980, max_n_succ_stage=-1, Mem: avail=13.664GB, peak=129.723GB, intermediate=127.044GB, init=2.439GB, as_config=((1, 1), {})
cost[2, 4, 0]=1.453, max_n_succ_stage=-1, Mem: avail=13.664GB, peak=176.639GB, intermediate=173.555GB, init=3.752GB, as_config=((1, 1), {'force_batch_dim_to_mesh_dim': 0})
cost[9, 10, 0]=0.980, max_n_succ_stage=-1, Mem: avail=13.664GB, peak=129.723GB, intermediate=127.044GB, init=2.439GB, as_config=((1, 1), {'force_batch_dim_to_mesh_dim': 0})
cost[2, 4, 1]=1.453, max_n_succ_stage=-1, Mem: avail=13.664GB, peak=176.639GB, intermediate=173.555GB, init=3.752GB, as_config=((1, 1), {})
cost[8, 10, 1]=1.422, max_n_succ_stage=-1, Mem: avail=13.664GB, peak=185.287GB, intermediate=182.062GB, init=3.564GB, as_config=((1, 1), {})
cost[8, 9, 0]=0.980, max_n_succ_stage=-1, Mem: avail=13.664GB, peak=129.723GB, intermediate=127.044GB, init=2.439GB, as_config=((1, 1), {'force_batch_dim_to_mesh_dim': 0})
cost[8, 9, 1]=0.980, max_n_succ_stage=-1, Mem: avail=13.664GB, peak=129.723GB, intermediate=127.044GB, init=2.439GB, as_config=((1, 1), {})
cost[5, 7, 1]=1.327, max_n_succ_stage=-1, Mem: avail=13.664GB, peak=167.711GB, intermediate=165.054GB, init=3.377GB, as_config=((1, 1), {})
cost[5, 7, 0]=1.327, max_n_succ_stage=-1, Mem: avail=13.664GB, peak=167.711GB, intermediate=165.054GB, init=3.377GB, as_config=((1, 1), {'force_batch_dim_to_mesh_dim': 0})
cost[4, 6, 1]=1.327, max_n_succ_stage=-1, Mem: avail=13.664GB, peak=169.211GB, intermediate=166.555GB, init=3.377GB, as_config=((1, 1), {})
cost[4, 6, 0]=1.327, max_n_succ_stage=-1, Mem: avail=13.664GB, peak=169.211GB, intermediate=166.555GB, init=3.377GB, as_config=((1, 1), {'force_batch_dim_to_mesh_dim': 0})
cost[6, 8, 1]=1.327, max_n_succ_stage=-1, Mem: avail=13.664GB, peak=167.460GB, intermediate=164.804GB, init=3.377GB, as_config=((1, 1), {})
cost[6, 8, 0]=1.327, max_n_succ_stage=-1, Mem: avail=13.664GB, peak=167.460GB, intermediate=164.804GB, init=3.377GB, as_config=((1, 1), {'force_batch_dim_to_mesh_dim': 0})
cost[3, 5, 1]=1.453, max_n_succ_stage=-1, Mem: avail=13.664GB, peak=176.391GB, intermediate=173.555GB, init=3.752GB, as_config=((1, 1), {})
cost[3, 5, 0]=1.453, max_n_succ_stage=-1, Mem: avail=13.664GB, peak=176.391GB, intermediate=173.555GB, init=3.752GB, as_config=((1, 1), {'force_batch_dim_to_mesh_dim': 0})
cost[0, 3, 1]=2.035, max_n_succ_stage=-1, Mem: avail=13.664GB, peak=231.352GB, intermediate=226.385GB, init=5.686GB, as_config=((1, 1), {})
cost[0, 3, 0]=2.035, max_n_succ_stage=-1, Mem: avail=13.664GB, peak=231.352GB, intermediate=226.385GB, init=5.686GB, as_config=((1, 1), {'force_batch_dim_to_mesh_dim': 0})
cost[1, 4, 1]=1.896, max_n_succ_stage=-1, Mem: avail=13.664GB, peak=232.212GB, intermediate=228.573GB, init=4.878GB, as_config=((1, 1), {})
cost[9, 11, 0]=1.721, max_n_succ_stage=-1, Mem: avail=13.664GB, peak=192.546GB, intermediate=183.805GB, init=4.549GB, as_config=((1, 1), {'force_batch_dim_to_mesh_dim': 0})
cost[1, 4, 0]=1.896, max_n_succ_stage=-1, Mem: avail=13.664GB, peak=232.212GB, intermediate=228.573GB, init=4.878GB, as_config=((1, 1), {'force_batch_dim_to_mesh_dim': 0})
cost[7, 9, 0]=1.422, max_n_succ_stage=-1, Mem: avail=13.664GB, peak=185.287GB, intermediate=182.062GB, init=3.564GB, as_config=((1, 1), {'force_batch_dim_to_mesh_dim': 0})
cost[7, 9, 1]=1.422, max_n_succ_stage=-1, Mem: avail=13.664GB, peak=185.287GB, intermediate=182.062GB, init=3.564GB, as_config=((1, 1), {})
cost[9, 11, 1]=1.721, max_n_succ_stage=-1, Mem: avail=13.664GB, peak=192.546GB, intermediate=183.805GB, init=4.549GB, as_config=((1, 1), {})
cost[8, 10, 0]=1.422, max_n_succ_stage=-1, Mem: avail=13.664GB, peak=185.287GB, intermediate=182.062GB, init=3.564GB, as_config=((1, 1), {'force_batch_dim_to_mesh_dim': 0})
cost[5, 8, 1]=1.770, max_n_succ_stage=-1, Mem: avail=13.664GB, peak=223.525GB, intermediate=220.072GB, init=4.502GB, as_config=((1, 1), {})
cost[5, 8, 0]=1.770, max_n_succ_stage=-1, Mem: avail=13.664GB, peak=223.525GB, intermediate=220.072GB, init=4.502GB, as_config=((1, 1), {'force_batch_dim_to_mesh_dim': 0})
cost[4, 7, 1]=1.770, max_n_succ_stage=-1, Mem: avail=13.664GB, peak=225.025GB, intermediate=221.573GB, init=4.502GB, as_config=((1, 1), {})
cost[4, 7, 0]=1.770, max_n_succ_stage=-1, Mem: avail=13.664GB, peak=225.025GB, intermediate=221.573GB, init=4.502GB, as_config=((1, 1), {'force_batch_dim_to_mesh_dim': 0})
cost[2, 5, 1]=1.896, max_n_succ_stage=-1, Mem: avail=13.664GB, peak=232.213GB, intermediate=228.573GB, init=4.878GB, as_config=((1, 1), {})
cost[3, 6, 1]=1.896, max_n_succ_stage=-1, Mem: avail=13.664GB, peak=232.213GB, intermediate=228.573GB, init=4.878GB, as_config=((1, 1), {})
cost[2, 5, 0]=1.896, max_n_succ_stage=-1, Mem: avail=13.664GB, peak=232.213GB, intermediate=228.573GB, init=4.878GB, as_config=((1, 1), {'force_batch_dim_to_mesh_dim': 0})
cost[1, 5, 1]=2.338, max_n_succ_stage=-1, Mem: avail=13.664GB, peak=287.777GB, intermediate=283.591GB, init=6.003GB, as_config=((1, 1), {})
cost[8, 11, 0]=2.164, max_n_succ_stage=-1, Mem: avail=13.664GB, peak=248.114GB, intermediate=238.823GB, init=5.675GB, as_config=((1, 1), {'force_batch_dim_to_mesh_dim': 0})
cost[3, 6, 0]=1.896, max_n_succ_stage=-1, Mem: avail=13.664GB, peak=232.213GB, intermediate=228.573GB, init=4.878GB, as_config=((1, 1), {'force_batch_dim_to_mesh_dim': 0})
cost[0, 4, 0]=2.478, max_n_succ_stage=-1, Mem: avail=13.664GB, peak=287.243GB, intermediate=282.904GB, init=6.812GB, as_config=((1, 1), {'force_batch_dim_to_mesh_dim': 0})
cost[1, 6, 0]=2.780, max_n_succ_stage=-1, Mem: avail=13.664GB, peak=343.346GB, intermediate=338.609GB, init=7.129GB, as_config=((1, 1), {'force_batch_dim_to_mesh_dim': 0})
cost[1, 5, 0]=2.338, max_n_succ_stage=-1, Mem: avail=13.664GB, peak=287.777GB, intermediate=283.591GB, init=6.003GB, as_config=((1, 1), {'force_batch_dim_to_mesh_dim': 0})
cost[8, 11, 1]=2.164, max_n_succ_stage=-1, Mem: avail=13.664GB, peak=248.114GB, intermediate=238.823GB, init=5.675GB, as_config=((1, 1), {})
cost[7, 10, 1]=1.865, max_n_succ_stage=-1, Mem: avail=13.664GB, peak=240.852GB, intermediate=237.080GB, init=4.690GB, as_config=((1, 1), {})
cost[0, 4, 1]=2.478, max_n_succ_stage=-1, Mem: avail=13.664GB, peak=287.243GB, intermediate=282.904GB, init=6.812GB, as_config=((1, 1), {})
cost[6, 9, 0]=1.865, max_n_succ_stage=-1, Mem: avail=13.664GB, peak=240.852GB, intermediate=237.080GB, init=4.690GB, as_config=((1, 1), {'force_batch_dim_to_mesh_dim': 0})
cost[6, 9, 1]=1.865, max_n_succ_stage=-1, Mem: avail=13.664GB, peak=240.852GB, intermediate=237.080GB, init=4.690GB, as_config=((1, 1), {})
cost[7, 10, 0]=1.865, max_n_succ_stage=-1, Mem: avail=13.664GB, peak=240.852GB, intermediate=237.080GB, init=4.690GB, as_config=((1, 1), {'force_batch_dim_to_mesh_dim': 0})
cost[4, 8, 1]=2.212, max_n_succ_stage=-1, Mem: avail=13.664GB, peak=280.593GB, intermediate=276.591GB, init=5.628GB, as_config=((1, 1), {})
cost[4, 8, 0]=2.212, max_n_succ_stage=-1, Mem: avail=13.664GB, peak=280.593GB, intermediate=276.591GB, init=5.628GB, as_config=((1, 1), {'force_batch_dim_to_mesh_dim': 0})
cost[3, 7, 1]=2.338, max_n_succ_stage=-1, Mem: avail=13.664GB, peak=287.777GB, intermediate=283.591GB, init=6.003GB, as_config=((1, 1), {})
cost[7, 11, 0]=2.606, max_n_succ_stage=-1, Mem: avail=13.664GB, peak=303.683GB, intermediate=293.841GB, init=6.800GB, as_config=((1, 1), {'force_batch_dim_to_mesh_dim': 0})
cost[3, 7, 0]=2.338, max_n_succ_stage=-1, Mem: avail=13.664GB, peak=287.777GB, intermediate=283.591GB, init=6.003GB, as_config=((1, 1), {'force_batch_dim_to_mesh_dim': 0})
cost[2, 6, 1]=2.338, max_n_succ_stage=-1, Mem: avail=13.664GB, peak=287.777GB, intermediate=283.591GB, init=6.003GB, as_config=((1, 1), {})
cost[2, 6, 0]=2.338, max_n_succ_stage=-1, Mem: avail=13.664GB, peak=287.777GB, intermediate=283.591GB, init=6.003GB, as_config=((1, 1), {'force_batch_dim_to_mesh_dim': 0})
cost[7, 11, 1]=2.606, max_n_succ_stage=-1, Mem: avail=13.664GB, peak=303.683GB, intermediate=293.841GB, init=6.800GB, as_config=((1, 1), {})
cost[0, 5, 1]=2.920, max_n_succ_stage=-1, Mem: avail=13.664GB, peak=342.812GB, intermediate=337.922GB, init=7.937GB, as_config=((1, 1), {})
cost[1, 6, 1]=2.780, max_n_succ_stage=-1, Mem: avail=13.664GB, peak=343.346GB, intermediate=338.609GB, init=7.129GB, as_config=((1, 1), {})
cost[0, 5, 0]=2.920, max_n_succ_stage=-1, Mem: avail=13.664GB, peak=342.812GB, intermediate=337.922GB, init=7.937GB, as_config=((1, 1), {'force_batch_dim_to_mesh_dim': 0})
cost[6, 10, 1]=2.307, max_n_succ_stage=-1, Mem: avail=13.664GB, peak=296.416GB, intermediate=292.098GB, init=5.816GB, as_config=((1, 1), {})
cost[5, 9, 0]=2.307, max_n_succ_stage=-1, Mem: avail=13.664GB, peak=296.666GB, intermediate=292.348GB, init=5.816GB, as_config=((1, 1), {'force_batch_dim_to_mesh_dim': 0})
cost[6, 10, 0]=2.307, max_n_succ_stage=-1, Mem: avail=13.664GB, peak=296.416GB, intermediate=292.098GB, init=5.816GB, as_config=((1, 1), {'force_batch_dim_to_mesh_dim': 0})
cost[5, 9, 1]=2.307, max_n_succ_stage=-1, Mem: avail=13.664GB, peak=296.666GB, intermediate=292.348GB, init=5.816GB, as_config=((1, 1), {})
cost[3, 8, 0]=2.780, max_n_succ_stage=-1, Mem: avail=13.664GB, peak=343.346GB, intermediate=338.609GB, init=7.129GB, as_config=((1, 1), {'force_batch_dim_to_mesh_dim': 0})
cost[3, 8, 1]=2.780, max_n_succ_stage=-1, Mem: avail=13.664GB, peak=343.346GB, intermediate=338.609GB, init=7.129GB, as_config=((1, 1), {})
cost[2, 7, 0]=2.780, max_n_succ_stage=-1, Mem: avail=13.664GB, peak=343.346GB, intermediate=338.609GB, init=7.129GB, as_config=((1, 1), {'force_batch_dim_to_mesh_dim': 0})
cost[2, 7, 1]=2.780, max_n_succ_stage=-1, Mem: avail=13.664GB, peak=343.346GB, intermediate=338.609GB, init=7.129GB, as_config=((1, 1), {})
cost[4, 9, 1]=2.750, max_n_succ_stage=-1, Mem: avail=13.664GB, peak=353.731GB, intermediate=348.867GB, init=6.941GB, as_config=((1, 1), {})
cost[4, 9, 0]=2.750, max_n_succ_stage=-1, Mem: avail=13.664GB, peak=353.731GB, intermediate=348.867GB, init=6.941GB, as_config=((1, 1), {'force_batch_dim_to_mesh_dim': 0})
cost[5, 10, 1]=2.750, max_n_succ_stage=-1, Mem: avail=13.664GB, peak=352.230GB, intermediate=347.366GB, init=6.941GB, as_config=((1, 1), {})
cost[5, 10, 0]=2.750, max_n_succ_stage=-1, Mem: avail=13.664GB, peak=352.230GB, intermediate=347.366GB, init=6.941GB, as_config=((1, 1), {'force_batch_dim_to_mesh_dim': 0})
Profiling for submesh 0 (1, 1) takes 75.76 seconds
Profiled costs are: [[[       inf        inf        inf        inf]
  [1.02444185 1.02444185        inf        inf]
  [1.46684381 1.46684381        inf        inf]
  [2.0352849  2.0352849         inf        inf]
  [2.47768686 2.47768686        inf        inf]
  [2.92008882 2.92008882        inf        inf]
  [       inf        inf        inf        inf]
  [       inf        inf        inf        inf]
  [       inf        inf        inf        inf]
  [       inf        inf        inf        inf]
  [       inf        inf        inf        inf]
  [       inf        inf        inf        inf]]

 [[       inf        inf        inf        inf]
  [       inf        inf        inf        inf]
  [0.88480392 0.88480392        inf        inf]
  [1.453245   1.453245          inf        inf]
  [1.89564696 1.89564696        inf        inf]
  [2.33804892 2.33804892        inf        inf]
  [2.78045088 2.78045088        inf        inf]
  [       inf        inf        inf        inf]
  [       inf        inf        inf        inf]
  [       inf        inf        inf        inf]
  [       inf        inf        inf        inf]
  [       inf        inf        inf        inf]]

 [[       inf        inf        inf        inf]
  [       inf        inf        inf        inf]
  [       inf        inf        inf        inf]
  [1.01084304 1.01084304        inf        inf]
  [1.453245   1.453245          inf        inf]
  [1.89564696 1.89564696        inf        inf]
  [2.33804892 2.33804892        inf        inf]
  [2.78045088 2.78045088        inf        inf]
  [       inf        inf        inf        inf]
  [       inf        inf        inf        inf]
  [       inf        inf        inf        inf]
  [       inf        inf        inf        inf]]

 [[       inf        inf        inf        inf]
  [       inf        inf        inf        inf]
  [       inf        inf        inf        inf]
  [       inf        inf        inf        inf]
  [1.01084304 1.01084304        inf        inf]
  [1.453245   1.453245          inf        inf]
  [1.89564696 1.89564696        inf        inf]
  [2.33804892 2.33804892        inf        inf]
  [2.78045088 2.78045088        inf        inf]
  [       inf        inf        inf        inf]
  [       inf        inf        inf        inf]
  [       inf        inf        inf        inf]]

 [[       inf        inf        inf        inf]
  [       inf        inf        inf        inf]
  [       inf        inf        inf        inf]
  [       inf        inf        inf        inf]
  [       inf        inf        inf        inf]
  [0.88480392 0.88480392        inf        inf]
  [1.32720587 1.32720587        inf        inf]
  [1.76960783 1.76960783        inf        inf]
  [2.21200979 2.21200979        inf        inf]
  [2.7495736  2.7495736         inf        inf]
  [       inf        inf        inf        inf]
  [       inf        inf        inf        inf]]

 [[       inf        inf        inf        inf]
  [       inf        inf        inf        inf]
  [       inf        inf        inf        inf]
  [       inf        inf        inf        inf]
  [       inf        inf        inf        inf]
  [       inf        inf        inf        inf]
  [0.88480392 0.88480392        inf        inf]
  [1.32720587 1.32720587        inf        inf]
  [1.76960783 1.76960783        inf        inf]
  [2.30717164 2.30717164        inf        inf]
  [2.7495736  2.7495736         inf        inf]
  [       inf        inf        inf        inf]]

 [[       inf        inf        inf        inf]
  [       inf        inf        inf        inf]
  [       inf        inf        inf        inf]
  [       inf        inf        inf        inf]
  [       inf        inf        inf        inf]
  [       inf        inf        inf        inf]
  [       inf        inf        inf        inf]
  [0.88480392 0.88480392        inf        inf]
  [1.32720587 1.32720587        inf        inf]
  [1.86476968 1.86476968        inf        inf]
  [2.30717164 2.30717164        inf        inf]
  [       inf        inf        inf        inf]]

 [[       inf        inf        inf        inf]
  [       inf        inf        inf        inf]
  [       inf        inf        inf        inf]
  [       inf        inf        inf        inf]
  [       inf        inf        inf        inf]
  [       inf        inf        inf        inf]
  [       inf        inf        inf        inf]
  [       inf        inf        inf        inf]
  [0.88480392 0.88480392        inf        inf]
  [1.42236772 1.42236772        inf        inf]
  [1.86476968 1.86476968        inf        inf]
  [2.60616141 2.60616141        inf        inf]]

 [[       inf        inf        inf        inf]
  [       inf        inf        inf        inf]
  [       inf        inf        inf        inf]
  [       inf        inf        inf        inf]
  [       inf        inf        inf        inf]
  [       inf        inf        inf        inf]
  [       inf        inf        inf        inf]
  [       inf        inf        inf        inf]
  [       inf        inf        inf        inf]
  [0.97996577 0.97996577        inf        inf]
  [1.42236772 1.42236772        inf        inf]
  [2.16375945 2.16375945        inf        inf]]

 [[       inf        inf        inf        inf]
  [       inf        inf        inf        inf]
  [       inf        inf        inf        inf]
  [       inf        inf        inf        inf]
  [       inf        inf        inf        inf]
  [       inf        inf        inf        inf]
  [       inf        inf        inf        inf]
  [       inf        inf        inf        inf]
  [       inf        inf        inf        inf]
  [       inf        inf        inf        inf]
  [0.97996577 0.97996577        inf        inf]
  [1.72135749 1.72135749        inf        inf]]

 [[       inf        inf        inf        inf]
  [       inf        inf        inf        inf]
  [       inf        inf        inf        inf]
  [       inf        inf        inf        inf]
  [       inf        inf        inf        inf]
  [       inf        inf        inf        inf]
  [       inf        inf        inf        inf]
  [       inf        inf        inf        inf]
  [       inf        inf        inf        inf]
  [       inf        inf        inf        inf]
  [       inf        inf        inf        inf]
  [1.18379368 1.18379368        inf        inf]]

 [[       inf        inf        inf        inf]
  [       inf        inf        inf        inf]
  [       inf        inf        inf        inf]
  [       inf        inf        inf        inf]
  [       inf        inf        inf        inf]
  [       inf        inf        inf        inf]
  [       inf        inf        inf        inf]
  [       inf        inf        inf        inf]
  [       inf        inf        inf        inf]
  [       inf        inf        inf        inf]
  [       inf        inf        inf        inf]
  [       inf        inf        inf        inf]]]
Profiled max_n_succ_stages are: [[[-1 -1 -1 -1]
  [-1 -1 -1 -1]
  [-1 -1 -1 -1]
  [-1 -1 -1 -1]
  [-1 -1 -1 -1]
  [-1 -1 -1 -1]
  [-1 -1 -1 -1]
  [-1 -1 -1 -1]
  [-1 -1 -1 -1]
  [-1 -1 -1 -1]
  [-1 -1 -1 -1]
  [-1 -1 -1 -1]]

 [[-1 -1 -1 -1]
  [-1 -1 -1 -1]
  [-1 -1 -1 -1]
  [-1 -1 -1 -1]
  [-1 -1 -1 -1]
  [-1 -1 -1 -1]
  [-1 -1 -1 -1]
  [-1 -1 -1 -1]
  [-1 -1 -1 -1]
  [-1 -1 -1 -1]
  [-1 -1 -1 -1]
  [-1 -1 -1 -1]]

 [[-1 -1 -1 -1]
  [-1 -1 -1 -1]
  [-1 -1 -1 -1]
  [-1 -1 -1 -1]
  [-1 -1 -1 -1]
  [-1 -1 -1 -1]
  [-1 -1 -1 -1]
  [-1 -1 -1 -1]
  [-1 -1 -1 -1]
  [-1 -1 -1 -1]
  [-1 -1 -1 -1]
  [-1 -1 -1 -1]]

 [[-1 -1 -1 -1]
  [-1 -1 -1 -1]
  [-1 -1 -1 -1]
  [-1 -1 -1 -1]
  [-1 -1 -1 -1]
  [-1 -1 -1 -1]
  [-1 -1 -1 -1]
  [-1 -1 -1 -1]
  [-1 -1 -1 -1]
  [-1 -1 -1 -1]
  [-1 -1 -1 -1]
  [-1 -1 -1 -1]]

 [[-1 -1 -1 -1]
  [-1 -1 -1 -1]
  [-1 -1 -1 -1]
  [-1 -1 -1 -1]
  [-1 -1 -1 -1]
  [-1 -1 -1 -1]
  [-1 -1 -1 -1]
  [-1 -1 -1 -1]
  [-1 -1 -1 -1]
  [-1 -1 -1 -1]
  [-1 -1 -1 -1]
  [-1 -1 -1 -1]]

 [[-1 -1 -1 -1]
  [-1 -1 -1 -1]
  [-1 -1 -1 -1]
  [-1 -1 -1 -1]
  [-1 -1 -1 -1]
  [-1 -1 -1 -1]
  [-1 -1 -1 -1]
  [-1 -1 -1 -1]
  [-1 -1 -1 -1]
  [-1 -1 -1 -1]
  [-1 -1 -1 -1]
  [-1 -1 -1 -1]]

 [[-1 -1 -1 -1]
  [-1 -1 -1 -1]
  [-1 -1 -1 -1]
  [-1 -1 -1 -1]
  [-1 -1 -1 -1]
  [-1 -1 -1 -1]
  [-1 -1 -1 -1]
  [-1 -1 -1 -1]
  [-1 -1 -1 -1]
  [-1 -1 -1 -1]
  [-1 -1 -1 -1]
  [-1 -1 -1 -1]]

 [[-1 -1 -1 -1]
  [-1 -1 -1 -1]
  [-1 -1 -1 -1]
  [-1 -1 -1 -1]
  [-1 -1 -1 -1]
  [-1 -1 -1 -1]
  [-1 -1 -1 -1]
  [-1 -1 -1 -1]
  [-1 -1 -1 -1]
  [-1 -1 -1 -1]
  [-1 -1 -1 -1]
  [-1 -1 -1 -1]]

 [[-1 -1 -1 -1]
  [-1 -1 -1 -1]
  [-1 -1 -1 -1]
  [-1 -1 -1 -1]
  [-1 -1 -1 -1]
  [-1 -1 -1 -1]
  [-1 -1 -1 -1]
  [-1 -1 -1 -1]
  [-1 -1 -1 -1]
  [-1 -1 -1 -1]
  [-1 -1 -1 -1]
  [-1 -1 -1 -1]]

 [[-1 -1 -1 -1]
  [-1 -1 -1 -1]
  [-1 -1 -1 -1]
  [-1 -1 -1 -1]
  [-1 -1 -1 -1]
  [-1 -1 -1 -1]
  [-1 -1 -1 -1]
  [-1 -1 -1 -1]
  [-1 -1 -1 -1]
  [-1 -1 -1 -1]
  [-1 -1 -1 -1]
  [-1 -1 -1 -1]]

 [[-1 -1 -1 -1]
  [-1 -1 -1 -1]
  [-1 -1 -1 -1]
  [-1 -1 -1 -1]
  [-1 -1 -1 -1]
  [-1 -1 -1 -1]
  [-1 -1 -1 -1]
  [-1 -1 -1 -1]
  [-1 -1 -1 -1]
  [-1 -1 -1 -1]
  [-1 -1 -1 -1]
  [-1 -1 -1 -1]]

 [[-1 -1 -1 -1]
  [-1 -1 -1 -1]
  [-1 -1 -1 -1]
  [-1 -1 -1 -1]
  [-1 -1 -1 -1]
  [-1 -1 -1 -1]
  [-1 -1 -1 -1]
  [-1 -1 -1 -1]
  [-1 -1 -1 -1]
  [-1 -1 -1 -1]
  [-1 -1 -1 -1]
  [-1 -1 -1 -1]]]
--------------------------------------------------
Compute cost saved to: compute-cost-2026-05-15-09-03-42.npy
----------------------------------------------------------------------
Traceback (most recent call last):
  File "benchmark_3d_one_case.py", line 92, in <module>
    benchmark_one_case(args.model,
  File "benchmark_3d_one_case.py", line 37, in benchmark_one_case
    result = benchmark_gpt_bert_internal(model, case, niter, num_hosts,
  File "/home/liminglong.lml/sxz/SuperScaler/external/alpa/benchmark_3d_one_case_gpt_bert.py", line 290, in benchmark_gpt_bert_internal
    executable = train_step.get_executable(state, batch, rngkey)
  File "/usr/local/lib/python3.8/dist-packages/alpa/api.py", line 110, in get_executable
    executable, _, _, _ = self._decode_args_and_get_executable(*args)
  File "/usr/local/lib/python3.8/dist-packages/alpa/api.py", line 174, in _decode_args_and_get_executable
    executable = _compile_parallel_executable(f, in_tree, out_tree_hashable,
  File "/usr/local/lib/python3.8/dist-packages/jax/linear_util.py", line 272, in memoized_fun
    ans = call(fun, *args)
  File "/usr/local/lib/python3.8/dist-packages/alpa/api.py", line 201, in _compile_parallel_executable
    return method.compile_executable(fun, in_tree, out_tree_thunk,
  File "/usr/local/lib/python3.8/dist-packages/alpa/parallel_method.py", line 220, in compile_executable
    return compile_pipeshard_executable(
  File "/usr/local/lib/python3.8/dist-packages/alpa/pipeline_parallel/compile_executable.py", line 76, in compile_pipeshard_executable
    pipeshard_config = compile_pipeshard_executable_internal(
  File "/usr/local/lib/python3.8/dist-packages/alpa/pipeline_parallel/compile_executable.py", line 150, in compile_pipeshard_executable_internal
    manual_stage_option) = cluster_layers_and_slice_mesh(
  File "/usr/local/lib/python3.8/dist-packages/alpa/pipeline_parallel/stage_construction.py", line 618, in cluster_layers_and_slice_mesh
    assert solution is not None, "no solution in auto stage construction."
AssertionError: no solution in auto stage construction.
[DEBUG] latencies = [-1]
Type: gpt  Model Config: (1024, 2048, 2048, 24, 32)  #Microbatch: 32  #GPU: 4  Parallel Config: (True, False, 12, {'submesh_physical_shape_space': 'small_power_of_two', 'submesh_logical_shape_space': 'all', 'stage_imbalance_tolerance': 1.0, 'use_hlo_cost_model': True, 'profiling_database_filename': 'prof_database.pkl'})  Mean Time: -1.000s  Std Time: 0.000  #Params: -0.000B  TFLOPs: -1.00  TFLOPs (ckpt): -1.00  Peak Mem: -0.000G  Compilation Time: None  Global Batch Size: 1024  
Working on case: (1024, 2048, 2048, 24, 32, 51200, 64, 'search', (True, False, 12, {'submesh_physical_shape_space': 'small_power_of_two', 'submesh_logical_shape_space': 'all', 'stage_imbalance_tolerance': 1.0, 'use_hlo_cost_model': True, 'profiling_database_filename': 'prof_database.pkl'}))
rm -rf /tmp/tmp_transfer.pkl
python3 -u benchmark_3d_one_case.py --model gpt --niter 3 --case "(1024, 2048, 2048, 24, 32, 51200, 64, 'search', (True, False, 12, {'submesh_physical_shape_space': 'small_power_of_two', 'submesh_logical_shape_space': 'all', 'stage_imbalance_tolerance': 1.0, 'use_hlo_cost_model': True, 'profiling_database_filename': 'prof_database.pkl'}))" --num-hosts 1 --num-devices-per-host 4 --dump-result --disable-tqdm 
mkdir -p tmp
 - Prepare input: 1.65 s
 - Create train state: 1.12 s
-------------------- Automatic stage clustering --------------------
submesh_choices: ((1, 1), (1, 2), (1, 4))
- Profiling for submesh 2 (1, 4):
- Generate all stage infos (Jaxpr -> HLO)
- Compile all stages
- Profile all stages
cost[0, 11, 0]=0.796, max_n_succ_stage=-1, Mem: avail=13.664GB, peak=92.879GB, intermediate=0.000GB, init=3.966GB, as_config=((4, 1), {'force_batch_dim_to_mesh_dim': 0})
cost[0, 11, 3]=0.796, max_n_succ_stage=-1, Mem: avail=13.664GB, peak=92.879GB, intermediate=0.000GB, init=3.966GB, as_config=((4, 1), {})
cost[0, 11, 1]=2.660, max_n_succ_stage=-1, Mem: avail=13.664GB, peak=101.191GB, intermediate=0.000GB, init=3.967GB, as_config=((2, 2), {'force_batch_dim_to_mesh_dim': 0})
cost[0, 11, 2]=5.443, max_n_succ_stage=-1, Mem: avail=13.664GB, peak=120.728GB, intermediate=0.000GB, init=3.968GB, as_config=((1, 4), {'force_batch_dim_to_mesh_dim': 0})
Profiling for submesh 2 (1, 4) takes 87.20 seconds
Profiled costs are: [[[       inf        inf        inf        inf]
  [       inf        inf        inf        inf]
  [       inf        inf        inf        inf]
  [       inf        inf        inf        inf]
  [       inf        inf        inf        inf]
  [       inf        inf        inf        inf]
  [       inf        inf        inf        inf]
  [       inf        inf        inf        inf]
  [       inf        inf        inf        inf]
  [       inf        inf        inf        inf]
  [       inf        inf        inf        inf]
  [0.79599174 2.66048601 5.44305967 0.79599174]]

 [[       inf        inf        inf        inf]
  [       inf        inf        inf        inf]
  [       inf        inf        inf        inf]
  [       inf        inf        inf        inf]
  [       inf        inf        inf        inf]
  [       inf        inf        inf        inf]
  [       inf        inf        inf        inf]
  [       inf        inf        inf        inf]
  [       inf        inf        inf        inf]
  [       inf        inf        inf        inf]
  [       inf        inf        inf        inf]
  [       inf        inf        inf        inf]]

 [[       inf        inf        inf        inf]
  [       inf        inf        inf        inf]
  [       inf        inf        inf        inf]
  [       inf        inf        inf        inf]
  [       inf        inf        inf        inf]
  [       inf        inf        inf        inf]
  [       inf        inf        inf        inf]
  [       inf        inf        inf        inf]
  [       inf        inf        inf        inf]
  [       inf        inf        inf        inf]
  [       inf        inf        inf        inf]
  [       inf        inf        inf        inf]]

 [[       inf        inf        inf        inf]
  [       inf        inf        inf        inf]
  [       inf        inf        inf        inf]
  [       inf        inf        inf        inf]
  [       inf        inf        inf        inf]
  [       inf        inf        inf        inf]
  [       inf        inf        inf        inf]
  [       inf        inf        inf        inf]
  [       inf        inf        inf        inf]
  [       inf        inf        inf        inf]
  [       inf        inf        inf        inf]
  [       inf        inf        inf        inf]]

 [[       inf        inf        inf        inf]
  [       inf        inf        inf        inf]
  [       inf        inf        inf        inf]
  [       inf        inf        inf        inf]
  [       inf        inf        inf        inf]
  [       inf        inf        inf        inf]
  [       inf        inf        inf        inf]
  [       inf        inf        inf        inf]
  [       inf        inf        inf        inf]
  [       inf        inf        inf        inf]
  [       inf        inf        inf        inf]
  [       inf        inf        inf        inf]]

 [[       inf        inf        inf        inf]
  [       inf        inf        inf        inf]
  [       inf        inf        inf        inf]
  [       inf        inf        inf        inf]
  [       inf        inf        inf        inf]
  [       inf        inf        inf        inf]
  [       inf        inf        inf        inf]
  [       inf        inf        inf        inf]
  [       inf        inf        inf        inf]
  [       inf        inf        inf        inf]
  [       inf        inf        inf        inf]
  [       inf        inf        inf        inf]]

 [[       inf        inf        inf        inf]
  [       inf        inf        inf        inf]
  [       inf        inf        inf        inf]
  [       inf        inf        inf        inf]
  [       inf        inf        inf        inf]
  [       inf        inf        inf        inf]
  [       inf        inf        inf        inf]
  [       inf        inf        inf        inf]
  [       inf        inf        inf        inf]
  [       inf        inf        inf        inf]
  [       inf        inf        inf        inf]
  [       inf        inf        inf        inf]]

 [[       inf        inf        inf        inf]
  [       inf        inf        inf        inf]
  [       inf        inf        inf        inf]
  [       inf        inf        inf        inf]
  [       inf        inf        inf        inf]
  [       inf        inf        inf        inf]
  [       inf        inf        inf        inf]
  [       inf        inf        inf        inf]
  [       inf        inf        inf        inf]
  [       inf        inf        inf        inf]
  [       inf        inf        inf        inf]
  [       inf        inf        inf        inf]]

 [[       inf        inf        inf        inf]
  [       inf        inf        inf        inf]
  [       inf        inf        inf        inf]
  [       inf        inf        inf        inf]
  [       inf        inf        inf        inf]
  [       inf        inf        inf        inf]
  [       inf        inf        inf        inf]
  [       inf        inf        inf        inf]
  [       inf        inf        inf        inf]
  [       inf        inf        inf        inf]
  [       inf        inf        inf        inf]
  [       inf        inf        inf        inf]]

 [[       inf        inf        inf        inf]
  [       inf        inf        inf        inf]
  [       inf        inf        inf        inf]
  [       inf        inf        inf        inf]
  [       inf        inf        inf        inf]
  [       inf        inf        inf        inf]
  [       inf        inf        inf        inf]
  [       inf        inf        inf        inf]
  [       inf        inf        inf        inf]
  [       inf        inf        inf        inf]
  [       inf        inf        inf        inf]
  [       inf        inf        inf        inf]]

 [[       inf        inf        inf        inf]
  [       inf        inf        inf        inf]
  [       inf        inf        inf        inf]
  [       inf        inf        inf        inf]
  [       inf        inf        inf        inf]
  [       inf        inf        inf        inf]
  [       inf        inf        inf        inf]
  [       inf        inf        inf        inf]
  [       inf        inf        inf        inf]
  [       inf        inf        inf        inf]
  [       inf        inf        inf        inf]
  [       inf        inf        inf        inf]]

 [[       inf        inf        inf        inf]
  [       inf        inf        inf        inf]
  [       inf        inf        inf        inf]
  [       inf        inf        inf        inf]
  [       inf        inf        inf        inf]
  [       inf        inf        inf        inf]
  [       inf        inf        inf        inf]
  [       inf        inf        inf        inf]
  [       inf        inf        inf        inf]
  [       inf        inf        inf        inf]
  [       inf        inf        inf        inf]
  [       inf        inf        inf        inf]]]
Profiled max_n_succ_stages are: [[[-1 -1 -1 -1]
  [-1 -1 -1 -1]
  [-1 -1 -1 -1]
  [-1 -1 -1 -1]
  [-1 -1 -1 -1]
  [-1 -1 -1 -1]
  [-1 -1 -1 -1]
  [-1 -1 -1 -1]
  [-1 -1 -1 -1]
  [-1 -1 -1 -1]
  [-1 -1 -1 -1]
  [-1 -1 -1 -1]]

 [[-1 -1 -1 -1]
  [-1 -1 -1 -1]
  [-1 -1 -1 -1]
  [-1 -1 -1 -1]
  [-1 -1 -1 -1]
  [-1 -1 -1 -1]
  [-1 -1 -1 -1]
  [-1 -1 -1 -1]
  [-1 -1 -1 -1]
  [-1 -1 -1 -1]
  [-1 -1 -1 -1]
  [-1 -1 -1 -1]]

 [[-1 -1 -1 -1]
  [-1 -1 -1 -1]
  [-1 -1 -1 -1]
  [-1 -1 -1 -1]
  [-1 -1 -1 -1]
  [-1 -1 -1 -1]
  [-1 -1 -1 -1]
  [-1 -1 -1 -1]
  [-1 -1 -1 -1]
  [-1 -1 -1 -1]
  [-1 -1 -1 -1]
  [-1 -1 -1 -1]]

 [[-1 -1 -1 -1]
  [-1 -1 -1 -1]
  [-1 -1 -1 -1]
  [-1 -1 -1 -1]
  [-1 -1 -1 -1]
  [-1 -1 -1 -1]
  [-1 -1 -1 -1]
  [-1 -1 -1 -1]
  [-1 -1 -1 -1]
  [-1 -1 -1 -1]
  [-1 -1 -1 -1]
  [-1 -1 -1 -1]]

 [[-1 -1 -1 -1]
  [-1 -1 -1 -1]
  [-1 -1 -1 -1]
  [-1 -1 -1 -1]
  [-1 -1 -1 -1]
  [-1 -1 -1 -1]
  [-1 -1 -1 -1]
  [-1 -1 -1 -1]
  [-1 -1 -1 -1]
  [-1 -1 -1 -1]
  [-1 -1 -1 -1]
  [-1 -1 -1 -1]]

 [[-1 -1 -1 -1]
  [-1 -1 -1 -1]
  [-1 -1 -1 -1]
  [-1 -1 -1 -1]
  [-1 -1 -1 -1]
  [-1 -1 -1 -1]
  [-1 -1 -1 -1]
  [-1 -1 -1 -1]
  [-1 -1 -1 -1]
  [-1 -1 -1 -1]
  [-1 -1 -1 -1]
  [-1 -1 -1 -1]]

 [[-1 -1 -1 -1]
  [-1 -1 -1 -1]
  [-1 -1 -1 -1]
  [-1 -1 -1 -1]
  [-1 -1 -1 -1]
  [-1 -1 -1 -1]
  [-1 -1 -1 -1]
  [-1 -1 -1 -1]
  [-1 -1 -1 -1]
  [-1 -1 -1 -1]
  [-1 -1 -1 -1]
  [-1 -1 -1 -1]]

 [[-1 -1 -1 -1]
  [-1 -1 -1 -1]
  [-1 -1 -1 -1]
  [-1 -1 -1 -1]
  [-1 -1 -1 -1]
  [-1 -1 -1 -1]
  [-1 -1 -1 -1]
  [-1 -1 -1 -1]
  [-1 -1 -1 -1]
  [-1 -1 -1 -1]
  [-1 -1 -1 -1]
  [-1 -1 -1 -1]]

 [[-1 -1 -1 -1]
  [-1 -1 -1 -1]
  [-1 -1 -1 -1]
  [-1 -1 -1 -1]
  [-1 -1 -1 -1]
  [-1 -1 -1 -1]
  [-1 -1 -1 -1]
  [-1 -1 -1 -1]
  [-1 -1 -1 -1]
  [-1 -1 -1 -1]
  [-1 -1 -1 -1]
  [-1 -1 -1 -1]]

 [[-1 -1 -1 -1]
  [-1 -1 -1 -1]
  [-1 -1 -1 -1]
  [-1 -1 -1 -1]
  [-1 -1 -1 -1]
  [-1 -1 -1 -1]
  [-1 -1 -1 -1]
  [-1 -1 -1 -1]
  [-1 -1 -1 -1]
  [-1 -1 -1 -1]
  [-1 -1 -1 -1]
  [-1 -1 -1 -1]]

 [[-1 -1 -1 -1]
  [-1 -1 -1 -1]
  [-1 -1 -1 -1]
  [-1 -1 -1 -1]
  [-1 -1 -1 -1]
  [-1 -1 -1 -1]
  [-1 -1 -1 -1]
  [-1 -1 -1 -1]
  [-1 -1 -1 -1]
  [-1 -1 -1 -1]
  [-1 -1 -1 -1]
  [-1 -1 -1 -1]]

 [[-1 -1 -1 -1]
  [-1 -1 -1 -1]
  [-1 -1 -1 -1]
  [-1 -1 -1 -1]
  [-1 -1 -1 -1]
  [-1 -1 -1 -1]
  [-1 -1 -1 -1]
  [-1 -1 -1 -1]
  [-1 -1 -1 -1]
  [-1 -1 -1 -1]
  [-1 -1 -1 -1]
  [-1 -1 -1 -1]]]
--------------------------------------------------
- Profiling for submesh 1 (1, 2):
- Generate all stage infos (Jaxpr -> HLO)
- Compile all stages
- Profile all stages
cost[0, 3, 2]=0.575, max_n_succ_stage=-1, Mem: avail=13.664GB, peak=59.692GB, intermediate=56.596GB, init=2.843GB, as_config=((2, 1), {})
cost[0, 4, 2]=0.690, max_n_succ_stage=-1, Mem: avail=13.664GB, peak=74.067GB, intermediate=70.726GB, init=3.406GB, as_config=((2, 1), {})
cost[0, 5, 2]=0.768, max_n_succ_stage=-1, Mem: avail=13.664GB, peak=88.380GB, intermediate=84.480GB, init=3.969GB, as_config=((2, 1), {})
cost[0, 3, 0]=0.527, max_n_succ_stage=-1, Mem: avail=13.664GB, peak=59.863GB, intermediate=56.596GB, init=2.843GB, as_config=((2, 1), {'force_batch_dim_to_mesh_dim': 0})
cost[0, 3, 1]=1.767, max_n_succ_stage=-1, Mem: avail=13.664GB, peak=65.800GB, intermediate=63.599GB, init=2.844GB, as_config=((1, 2), {'force_batch_dim_to_mesh_dim': 0})
cost[0, 4, 0]=0.642, max_n_succ_stage=-1, Mem: avail=13.664GB, peak=74.222GB, intermediate=70.726GB, init=3.406GB, as_config=((2, 1), {'force_batch_dim_to_mesh_dim': 0})
cost[0, 4, 1]=2.183, max_n_succ_stage=-1, Mem: avail=13.664GB, peak=81.958GB, intermediate=79.854GB, init=3.406GB, as_config=((1, 2), {'force_batch_dim_to_mesh_dim': 0})
cost[2, 5, 2]=0.492, max_n_succ_stage=-1, Mem: avail=13.664GB, peak=59.878GB, intermediate=57.143GB, init=2.439GB, as_config=((2, 1), {})
cost[0, 5, 0]=0.757, max_n_succ_stage=-1, Mem: avail=13.664GB, peak=88.473GB, intermediate=84.480GB, init=3.969GB, as_config=((2, 1), {'force_batch_dim_to_mesh_dim': 0})
cost[0, 5, 1]=2.599, max_n_succ_stage=-1, Mem: avail=13.664GB, peak=97.631GB, intermediate=95.359GB, init=3.969GB, as_config=((1, 2), {'force_batch_dim_to_mesh_dim': 0})
cost[7, 11, 1]=2.215, max_n_succ_stage=-1, Mem: avail=13.664GB, peak=85.523GB, intermediate=82.213GB, init=3.401GB, as_config=((1, 2), {'force_batch_dim_to_mesh_dim': 0})
cost[0, 6, 0]=0.872, max_n_succ_stage=-1, Mem: avail=13.664GB, peak=102.786GB, intermediate=98.235GB, init=4.531GB, as_config=((2, 1), {'force_batch_dim_to_mesh_dim': 0})
cost[9, 11, 2]=0.444, max_n_succ_stage=-1, Mem: avail=13.664GB, peak=49.715GB, intermediate=45.951GB, init=2.275GB, as_config=((2, 1), {})
cost[8, 11, 0]=0.559, max_n_succ_stage=-1, Mem: avail=13.664GB, peak=64.029GB, intermediate=59.706GB, init=2.837GB, as_config=((2, 1), {'force_batch_dim_to_mesh_dim': 0})
cost[9, 11, 0]=0.444, max_n_succ_stage=-1, Mem: avail=13.664GB, peak=49.715GB, intermediate=45.951GB, init=2.275GB, as_config=((2, 1), {'force_batch_dim_to_mesh_dim': 0})
cost[5, 8, 1]=1.663, max_n_succ_stage=-1, Mem: avail=13.664GB, peak=63.754GB, intermediate=62.021GB, init=2.252GB, as_config=((1, 2), {'force_batch_dim_to_mesh_dim': 0})
cost[2, 5, 0]=0.492, max_n_succ_stage=-1, Mem: avail=13.664GB, peak=59.878GB, intermediate=57.143GB, init=2.439GB, as_config=((2, 1), {'force_batch_dim_to_mesh_dim': 0})
cost[7, 10, 0]=0.485, max_n_succ_stage=-1, Mem: avail=13.664GB, peak=61.974GB, intermediate=59.270GB, init=2.345GB, as_config=((2, 1), {'force_batch_dim_to_mesh_dim': 0})
cost[9, 11, 1]=1.384, max_n_succ_stage=-1, Mem: avail=13.664GB, peak=53.957GB, intermediate=51.203GB, init=2.275GB, as_config=((1, 2), {'force_batch_dim_to_mesh_dim': 0})
cost[4, 7, 0]=0.460, max_n_succ_stage=-1, Mem: avail=13.664GB, peak=57.880GB, intermediate=55.393GB, init=2.251GB, as_config=((2, 1), {'force_batch_dim_to_mesh_dim': 0})
cost[3, 6, 1]=1.770, max_n_succ_stage=-1, Mem: avail=13.664GB, peak=66.473GB, intermediate=64.521GB, init=2.439GB, as_config=((1, 2), {'force_batch_dim_to_mesh_dim': 0})
cost[4, 7, 2]=0.460, max_n_succ_stage=-1, Mem: avail=13.664GB, peak=57.880GB, intermediate=55.393GB, init=2.251GB, as_config=((2, 1), {})
cost[1, 4, 2]=0.492, max_n_succ_stage=-1, Mem: avail=13.664GB, peak=59.878GB, intermediate=57.143GB, init=2.439GB, as_config=((2, 1), {})
cost[8, 11, 1]=1.799, max_n_succ_stage=-1, Mem: avail=13.664GB, peak=69.739GB, intermediate=66.708GB, init=2.838GB, as_config=((1, 2), {'force_batch_dim_to_mesh_dim': 0})
cost[6, 9, 1]=1.737, max_n_succ_stage=-1, Mem: avail=13.664GB, peak=67.926GB, intermediate=66.273GB, init=2.346GB, as_config=((1, 2), {'force_batch_dim_to_mesh_dim': 0})
cost[5, 8, 2]=0.460, max_n_succ_stage=-1, Mem: avail=13.664GB, peak=57.505GB, intermediate=55.018GB, init=2.251GB, as_config=((2, 1), {})
cost[3, 6, 2]=0.492, max_n_succ_stage=-1, Mem: avail=13.664GB, peak=59.878GB, intermediate=57.143GB, init=2.439GB, as_config=((2, 1), {})
cost[1, 4, 1]=1.770, max_n_succ_stage=-1, Mem: avail=13.664GB, peak=66.473GB, intermediate=64.521GB, init=2.439GB, as_config=((1, 2), {'force_batch_dim_to_mesh_dim': 0})
cost[7, 11, 0]=0.674, max_n_succ_stage=-1, Mem: avail=13.664GB, peak=78.342GB, intermediate=73.460GB, init=3.400GB, as_config=((2, 1), {'force_batch_dim_to_mesh_dim': 0})
cost[7, 10, 1]=1.737, max_n_succ_stage=-1, Mem: avail=13.664GB, peak=67.926GB, intermediate=66.273GB, init=2.346GB, as_config=((1, 2), {'force_batch_dim_to_mesh_dim': 0})
cost[3, 6, 0]=0.492, max_n_succ_stage=-1, Mem: avail=13.664GB, peak=59.878GB, intermediate=57.143GB, init=2.439GB, as_config=((2, 1), {'force_batch_dim_to_mesh_dim': 0})
cost[6, 9, 0]=0.485, max_n_succ_stage=-1, Mem: avail=13.664GB, peak=61.974GB, intermediate=59.270GB, init=2.345GB, as_config=((2, 1), {'force_batch_dim_to_mesh_dim': 0})
cost[7, 11, 2]=0.674, max_n_succ_stage=-1, Mem: avail=13.664GB, peak=78.342GB, intermediate=73.460GB, init=3.400GB, as_config=((2, 1), {})
cost[2, 5, 1]=1.770, max_n_succ_stage=-1, Mem: avail=13.664GB, peak=66.473GB, intermediate=64.521GB, init=2.439GB, as_config=((1, 2), {'force_batch_dim_to_mesh_dim': 0})
cost[4, 8, 0]=0.575, max_n_succ_stage=-1, Mem: avail=13.664GB, peak=72.193GB, intermediate=69.148GB, init=2.814GB, as_config=((2, 1), {'force_batch_dim_to_mesh_dim': 0})
cost[2, 6, 0]=0.607, max_n_succ_stage=-1, Mem: avail=13.664GB, peak=74.191GB, intermediate=70.898GB, init=3.002GB, as_config=((2, 1), {'force_batch_dim_to_mesh_dim': 0})
cost[6, 10, 0]=0.600, max_n_succ_stage=-1, Mem: avail=13.664GB, peak=76.288GB, intermediate=73.025GB, init=2.908GB, as_config=((2, 1), {'force_batch_dim_to_mesh_dim': 0})
cost[0, 6, 2]=0.883, max_n_succ_stage=-1, Mem: avail=13.664GB, peak=102.694GB, intermediate=98.235GB, init=4.531GB, as_config=((2, 1), {})
cost[4, 8, 1]=2.079, max_n_succ_stage=-1, Mem: avail=13.664GB, peak=80.537GB, intermediate=78.276GB, init=2.815GB, as_config=((1, 2), {'force_batch_dim_to_mesh_dim': 0})
cost[1, 4, 0]=0.492, max_n_succ_stage=-1, Mem: avail=13.664GB, peak=59.878GB, intermediate=57.143GB, init=2.439GB, as_config=((2, 1), {'force_batch_dim_to_mesh_dim': 0})
cost[4, 8, 2]=0.575, max_n_succ_stage=-1, Mem: avail=13.664GB, peak=72.193GB, intermediate=69.148GB, init=2.814GB, as_config=((2, 1), {})
cost[4, 7, 1]=1.663, max_n_succ_stage=-1, Mem: avail=13.664GB, peak=64.630GB, intermediate=62.771GB, init=2.252GB, as_config=((1, 2), {'force_batch_dim_to_mesh_dim': 0})
cost[7, 10, 2]=0.485, max_n_succ_stage=-1, Mem: avail=13.664GB, peak=61.974GB, intermediate=59.270GB, init=2.345GB, as_config=((2, 1), {})
cost[5, 8, 0]=0.460, max_n_succ_stage=-1, Mem: avail=13.664GB, peak=57.505GB, intermediate=55.018GB, init=2.251GB, as_config=((2, 1), {'force_batch_dim_to_mesh_dim': 0})
cost[5, 9, 0]=0.600, max_n_succ_stage=-1, Mem: avail=13.664GB, peak=76.350GB, intermediate=73.087GB, init=2.908GB, as_config=((2, 1), {'force_batch_dim_to_mesh_dim': 0})
cost[6, 9, 2]=0.485, max_n_succ_stage=-1, Mem: avail=13.664GB, peak=61.974GB, intermediate=59.270GB, init=2.345GB, as_config=((2, 1), {})
cost[6, 10, 1]=2.153, max_n_succ_stage=-1, Mem: avail=13.664GB, peak=83.708GB, intermediate=81.778GB, init=2.908GB, as_config=((1, 2), {'force_batch_dim_to_mesh_dim': 0})
cost[8, 11, 2]=0.559, max_n_succ_stage=-1, Mem: avail=13.664GB, peak=64.029GB, intermediate=59.706GB, init=2.837GB, as_config=((2, 1), {})
cost[2, 6, 2]=0.607, max_n_succ_stage=-1, Mem: avail=13.664GB, peak=74.191GB, intermediate=70.898GB, init=3.002GB, as_config=((2, 1), {})
cost[0, 7, 2]=0.998, max_n_succ_stage=-1, Mem: avail=13.664GB, peak=117.007GB, intermediate=111.990GB, init=5.094GB, as_config=((2, 1), {})
cost[1, 5, 1]=2.186, max_n_succ_stage=-1, Mem: avail=13.664GB, peak=82.130GB, intermediate=80.026GB, init=3.002GB, as_config=((1, 2), {'force_batch_dim_to_mesh_dim': 0})
cost[3, 7, 2]=0.607, max_n_succ_stage=-1, Mem: avail=13.664GB, peak=74.191GB, intermediate=70.898GB, init=3.002GB, as_config=((2, 1), {})
cost[5, 9, 2]=0.600, max_n_succ_stage=-1, Mem: avail=13.664GB, peak=76.350GB, intermediate=73.087GB, init=2.908GB, as_config=((2, 1), {})
cost[6, 11, 0]=0.789, max_n_succ_stage=-1, Mem: avail=13.664GB, peak=92.655GB, intermediate=87.215GB, init=3.963GB, as_config=((2, 1), {'force_batch_dim_to_mesh_dim': 0})
cost[1, 5, 0]=0.607, max_n_succ_stage=-1, Mem: avail=13.664GB, peak=74.191GB, intermediate=70.898GB, init=3.002GB, as_config=((2, 1), {'force_batch_dim_to_mesh_dim': 0})
cost[1, 6, 1]=2.602, max_n_succ_stage=-1, Mem: avail=13.664GB, peak=97.913GB, intermediate=95.531GB, init=3.565GB, as_config=((1, 2), {'force_batch_dim_to_mesh_dim': 0})
cost[2, 6, 1]=2.186, max_n_succ_stage=-1, Mem: avail=13.664GB, peak=82.130GB, intermediate=80.026GB, init=3.002GB, as_config=((1, 2), {'force_batch_dim_to_mesh_dim': 0})
cost[1, 5, 2]=0.607, max_n_succ_stage=-1, Mem: avail=13.664GB, peak=74.191GB, intermediate=70.898GB, init=3.002GB, as_config=((2, 1), {})
cost[6, 10, 2]=0.600, max_n_succ_stage=-1, Mem: avail=13.664GB, peak=76.288GB, intermediate=73.025GB, init=2.908GB, as_config=((2, 1), {})
cost[6, 11, 2]=0.789, max_n_succ_stage=-1, Mem: avail=13.664GB, peak=92.655GB, intermediate=87.215GB, init=3.963GB, as_config=((2, 1), {})
cost[2, 7, 1]=2.602, max_n_succ_stage=-1, Mem: avail=13.664GB, peak=97.913GB, intermediate=95.531GB, init=3.565GB, as_config=((1, 2), {'force_batch_dim_to_mesh_dim': 0})
cost[3, 7, 1]=2.186, max_n_succ_stage=-1, Mem: avail=13.664GB, peak=82.130GB, intermediate=80.026GB, init=3.002GB, as_config=((1, 2), {'force_batch_dim_to_mesh_dim': 0})
cost[0, 8, 2]=1.113, max_n_succ_stage=-1, Mem: avail=13.664GB, peak=131.320GB, intermediate=125.744GB, init=5.657GB, as_config=((2, 1), {})
cost[1, 6, 2]=0.722, max_n_succ_stage=-1, Mem: avail=13.664GB, peak=88.504GB, intermediate=84.652GB, init=3.564GB, as_config=((2, 1), {})
cost[4, 9, 0]=0.715, max_n_succ_stage=-1, Mem: avail=13.664GB, peak=91.039GB, intermediate=87.217GB, init=3.471GB, as_config=((2, 1), {'force_batch_dim_to_mesh_dim': 0})
cost[3, 7, 0]=0.607, max_n_succ_stage=-1, Mem: avail=13.664GB, peak=74.191GB, intermediate=70.898GB, init=3.002GB, as_config=((2, 1), {'force_batch_dim_to_mesh_dim': 0})
cost[2, 7, 2]=0.722, max_n_succ_stage=-1, Mem: avail=13.664GB, peak=88.504GB, intermediate=84.652GB, init=3.564GB, as_config=((2, 1), {})
cost[5, 9, 1]=2.153, max_n_succ_stage=-1, Mem: avail=13.664GB, peak=83.834GB, intermediate=81.903GB, init=2.908GB, as_config=((1, 2), {'force_batch_dim_to_mesh_dim': 0})
cost[2, 7, 0]=0.722, max_n_succ_stage=-1, Mem: avail=13.664GB, peak=88.504GB, intermediate=84.652GB, init=3.564GB, as_config=((2, 1), {'force_batch_dim_to_mesh_dim': 0})
cost[4, 9, 1]=2.569, max_n_succ_stage=-1, Mem: avail=13.664GB, peak=100.367GB, intermediate=98.158GB, init=3.471GB, as_config=((1, 2), {'force_batch_dim_to_mesh_dim': 0})
cost[1, 6, 0]=0.722, max_n_succ_stage=-1, Mem: avail=13.664GB, peak=88.504GB, intermediate=84.652GB, init=3.564GB, as_config=((2, 1), {'force_batch_dim_to_mesh_dim': 0})
cost[3, 8, 1]=2.602, max_n_succ_stage=-1, Mem: avail=13.664GB, peak=97.913GB, intermediate=95.531GB, init=3.565GB, as_config=((1, 2), {'force_batch_dim_to_mesh_dim': 0})
cost[6, 11, 1]=2.631, max_n_succ_stage=-1, Mem: avail=13.664GB, peak=101.306GB, intermediate=97.719GB, init=3.964GB, as_config=((1, 2), {'force_batch_dim_to_mesh_dim': 0})
cost[5, 10, 1]=2.569, max_n_succ_stage=-1, Mem: avail=13.664GB, peak=99.616GB, intermediate=97.408GB, init=3.471GB, as_config=((1, 2), {'force_batch_dim_to_mesh_dim': 0})
cost[5, 10, 0]=0.715, max_n_succ_stage=-1, Mem: avail=13.664GB, peak=90.664GB, intermediate=86.842GB, init=3.471GB, as_config=((2, 1), {'force_batch_dim_to_mesh_dim': 0})
cost[5, 11, 0]=0.904, max_n_succ_stage=-1, Mem: avail=13.664GB, peak=107.031GB, intermediate=101.032GB, init=4.526GB, as_config=((2, 1), {'force_batch_dim_to_mesh_dim': 0})
cost[5, 10, 2]=0.715, max_n_succ_stage=-1, Mem: avail=13.664GB, peak=90.664GB, intermediate=86.842GB, init=3.471GB, as_config=((2, 1), {})
cost[3, 8, 2]=0.722, max_n_succ_stage=-1, Mem: avail=13.664GB, peak=88.504GB, intermediate=84.652GB, init=3.564GB, as_config=((2, 1), {})
cost[3, 8, 0]=0.722, max_n_succ_stage=-1, Mem: avail=13.664GB, peak=88.504GB, intermediate=84.652GB, init=3.564GB, as_config=((2, 1), {'force_batch_dim_to_mesh_dim': 0})
cost[4, 9, 2]=0.715, max_n_succ_stage=-1, Mem: avail=13.664GB, peak=91.039GB, intermediate=87.217GB, init=3.471GB, as_config=((2, 1), {})
cost[0, 9, 2]=1.290, max_n_succ_stage=-1, Mem: avail=13.664GB, peak=150.042GB, intermediate=143.813GB, init=6.314GB, as_config=((2, 1), {})
cost[5, 11, 2]=0.904, max_n_succ_stage=-1, Mem: avail=13.664GB, peak=107.031GB, intermediate=101.032GB, init=4.526GB, as_config=((2, 1), {})
cost[4, 10, 0]=0.830, max_n_succ_stage=-1, Mem: avail=13.664GB, peak=105.352GB, intermediate=100.971GB, init=4.033GB, as_config=((2, 1), {'force_batch_dim_to_mesh_dim': 0})
cost[3, 9, 0]=0.863, max_n_succ_stage=-1, Mem: avail=13.664GB, peak=107.288GB, intermediate=102.721GB, init=4.221GB, as_config=((2, 1), {'force_batch_dim_to_mesh_dim': 0})
cost[1, 7, 0]=0.837, max_n_succ_stage=-1, Mem: avail=13.664GB, peak=102.818GB, intermediate=98.407GB, init=4.127GB, as_config=((2, 1), {'force_batch_dim_to_mesh_dim': 0})
cost[4, 11, 2]=1.019, max_n_succ_stage=-1, Mem: avail=13.664GB, peak=121.719GB, intermediate=115.162GB, init=5.089GB, as_config=((2, 1), {})
cost[0, 10, 2]=1.405, max_n_succ_stage=-1, Mem: avail=13.664GB, peak=164.355GB, intermediate=157.568GB, init=6.876GB, as_config=((2, 1), {})
cost[1, 7, 2]=0.837, max_n_succ_stage=-1, Mem: avail=13.664GB, peak=102.818GB, intermediate=98.407GB, init=4.127GB, as_config=((2, 1), {})
cost[0, 6, 1]=3.015, max_n_succ_stage=-1, Mem: avail=13.664GB, peak=113.710GB, intermediate=110.864GB, init=4.532GB, as_config=((1, 2), {'force_batch_dim_to_mesh_dim': 0})
cost[2, 8, 1]=3.018, max_n_succ_stage=-1, Mem: avail=13.664GB, peak=113.695GB, intermediate=111.036GB, init=4.128GB, as_config=((1, 2), {'force_batch_dim_to_mesh_dim': 0})
cost[1, 10, 2]=1.208, max_n_succ_stage=-1, Mem: avail=13.664GB, peak=150.228GB, intermediate=143.985GB, init=5.909GB, as_config=((2, 1), {})
cost[2, 8, 2]=0.837, max_n_succ_stage=-1, Mem: avail=13.664GB, peak=102.818GB, intermediate=98.407GB, init=4.127GB, as_config=((2, 1), {})
cost[4, 11, 0]=1.019, max_n_succ_stage=-1, Mem: avail=13.664GB, peak=121.719GB, intermediate=115.162GB, init=5.089GB, as_config=((2, 1), {'force_batch_dim_to_mesh_dim': 0})
cost[1, 7, 1]=3.018, max_n_succ_stage=-1, Mem: avail=13.664GB, peak=113.695GB, intermediate=111.036GB, init=4.128GB, as_config=((1, 2), {'force_batch_dim_to_mesh_dim': 0})
cost[2, 9, 0]=0.978, max_n_succ_stage=-1, Mem: avail=13.664GB, peak=121.601GB, intermediate=116.476GB, init=4.784GB, as_config=((2, 1), {'force_batch_dim_to_mesh_dim': 0})
cost[4, 10, 1]=2.984, max_n_succ_stage=-1, Mem: avail=13.664GB, peak=116.149GB, intermediate=113.663GB, init=4.034GB, as_config=((1, 2), {'force_batch_dim_to_mesh_dim': 0})
cost[3, 9, 2]=0.863, max_n_succ_stage=-1, Mem: avail=13.664GB, peak=107.288GB, intermediate=102.721GB, init=4.221GB, as_config=((2, 1), {})
cost[1, 8, 2]=0.952, max_n_succ_stage=-1, Mem: avail=13.664GB, peak=117.131GB, intermediate=112.161GB, init=4.690GB, as_config=((2, 1), {})
cost[1, 8, 1]=3.434, max_n_succ_stage=-1, Mem: avail=13.664GB, peak=129.664GB, intermediate=126.541GB, init=4.691GB, as_config=((1, 2), {'force_batch_dim_to_mesh_dim': 0})
cost[1, 8, 0]=0.952, max_n_succ_stage=-1, Mem: avail=13.664GB, peak=117.131GB, intermediate=112.161GB, init=4.690GB, as_config=((2, 1), {'force_batch_dim_to_mesh_dim': 0})
cost[2, 8, 0]=0.837, max_n_succ_stage=-1, Mem: avail=13.664GB, peak=102.818GB, intermediate=98.407GB, init=4.127GB, as_config=((2, 1), {'force_batch_dim_to_mesh_dim': 0})
cost[5, 11, 1]=3.047, max_n_succ_stage=-1, Mem: avail=13.664GB, peak=117.215GB, intermediate=113.349GB, init=4.527GB, as_config=((1, 2), {'force_batch_dim_to_mesh_dim': 0})
cost[2, 10, 0]=1.093, max_n_succ_stage=-1, Mem: avail=13.664GB, peak=135.915GB, intermediate=130.230GB, init=5.347GB, as_config=((2, 1), {'force_batch_dim_to_mesh_dim': 0})
cost[4, 10, 2]=0.830, max_n_succ_stage=-1, Mem: avail=13.664GB, peak=105.352GB, intermediate=100.971GB, init=4.033GB, as_config=((2, 1), {})
cost[3, 10, 0]=0.978, max_n_succ_stage=-1, Mem: avail=13.664GB, peak=121.601GB, intermediate=116.476GB, init=4.784GB, as_config=((2, 1), {'force_batch_dim_to_mesh_dim': 0})
cost[0, 7, 0]=0.987, max_n_succ_stage=-1, Mem: avail=13.664GB, peak=117.100GB, intermediate=111.990GB, init=5.094GB, as_config=((2, 1), {'force_batch_dim_to_mesh_dim': 0})
cost[1, 9, 0]=1.093, max_n_succ_stage=-1, Mem: avail=13.664GB, peak=135.915GB, intermediate=130.230GB, init=5.347GB, as_config=((2, 1), {'force_batch_dim_to_mesh_dim': 0})
cost[2, 9, 2]=0.978, max_n_succ_stage=-1, Mem: avail=13.664GB, peak=121.601GB, intermediate=116.476GB, init=4.784GB, as_config=((2, 1), {})
cost[3, 9, 1]=3.092, max_n_succ_stage=-1, Mem: avail=13.664GB, peak=117.992GB, intermediate=115.413GB, init=4.222GB, as_config=((1, 2), {'force_batch_dim_to_mesh_dim': 0})
cost[3, 10, 1]=3.507, max_n_succ_stage=-1, Mem: avail=13.664GB, peak=133.774GB, intermediate=130.918GB, init=4.785GB, as_config=((1, 2), {'force_batch_dim_to_mesh_dim': 0})
cost[4, 11, 1]=3.463, max_n_succ_stage=-1, Mem: avail=13.664GB, peak=133.747GB, intermediate=129.604GB, init=5.090GB, as_config=((1, 2), {'force_batch_dim_to_mesh_dim': 0})
cost[0, 7, 1]=3.430, max_n_succ_stage=-1, Mem: avail=13.664GB, peak=129.367GB, intermediate=126.370GB, init=5.095GB, as_config=((1, 2), {'force_batch_dim_to_mesh_dim': 0})
cost[2, 9, 1]=3.507, max_n_succ_stage=-1, Mem: avail=13.664GB, peak=133.774GB, intermediate=130.918GB, init=4.785GB, as_config=((1, 2), {'force_batch_dim_to_mesh_dim': 0})
cost[1, 9, 1]=3.923, max_n_succ_stage=-1, Mem: avail=13.664GB, peak=149.556GB, intermediate=146.424GB, init=5.348GB, as_config=((1, 2), {'force_batch_dim_to_mesh_dim': 0})
cost[3, 11, 2]=1.167, max_n_succ_stage=-1, Mem: avail=13.664GB, peak=137.968GB, intermediate=130.666GB, init=5.839GB, as_config=((2, 1), {})
cost[1, 9, 2]=1.093, max_n_succ_stage=-1, Mem: avail=13.664GB, peak=135.915GB, intermediate=130.230GB, init=5.347GB, as_config=((2, 1), {})
cost[0, 8, 0]=1.102, max_n_succ_stage=-1, Mem: avail=13.664GB, peak=131.413GB, intermediate=125.744GB, init=5.657GB, as_config=((2, 1), {'force_batch_dim_to_mesh_dim': 0})
cost[2, 10, 2]=1.093, max_n_succ_stage=-1, Mem: avail=13.664GB, peak=135.915GB, intermediate=130.230GB, init=5.347GB, as_config=((2, 1), {})
cost[0, 9, 0]=1.243, max_n_succ_stage=-1, Mem: avail=13.664GB, peak=150.400GB, intermediate=143.813GB, init=6.314GB, as_config=((2, 1), {'force_batch_dim_to_mesh_dim': 0})
cost[3, 10, 2]=0.978, max_n_succ_stage=-1, Mem: avail=13.664GB, peak=121.601GB, intermediate=116.476GB, init=4.784GB, as_config=((2, 1), {})
cost[3, 11, 0]=1.167, max_n_succ_stage=-1, Mem: avail=13.664GB, peak=137.968GB, intermediate=130.666GB, init=5.839GB, as_config=((2, 1), {'force_batch_dim_to_mesh_dim': 0})
cost[1, 10, 0]=1.208, max_n_succ_stage=-1, Mem: avail=13.664GB, peak=150.228GB, intermediate=143.985GB, init=5.909GB, as_config=((2, 1), {'force_batch_dim_to_mesh_dim': 0})
cost[3, 11, 1]=3.986, max_n_succ_stage=-1, Mem: avail=13.664GB, peak=151.373GB, intermediate=146.859GB, init=5.840GB, as_config=((1, 2), {'force_batch_dim_to_mesh_dim': 0})
cost[0, 8, 1]=3.846, max_n_succ_stage=-1, Mem: avail=13.664GB, peak=144.978GB, intermediate=141.875GB, init=5.658GB, as_config=((1, 2), {'force_batch_dim_to_mesh_dim': 0})
cost[0, 10, 0]=1.358, max_n_succ_stage=-1, Mem: avail=13.664GB, peak=164.713GB, intermediate=157.568GB, init=6.876GB, as_config=((2, 1), {'force_batch_dim_to_mesh_dim': 0})
cost[2, 11, 0]=1.282, max_n_succ_stage=-1, Mem: avail=13.664GB, peak=152.281GB, intermediate=144.421GB, init=6.402GB, as_config=((2, 1), {'force_batch_dim_to_mesh_dim': 0})
cost[2, 10, 1]=3.923, max_n_succ_stage=-1, Mem: avail=13.664GB, peak=149.556GB, intermediate=146.424GB, init=5.348GB, as_config=((1, 2), {'force_batch_dim_to_mesh_dim': 0})
cost[2, 11, 1]=4.401, max_n_succ_stage=-1, Mem: avail=13.664GB, peak=167.157GB, intermediate=162.364GB, init=6.403GB, as_config=((1, 2), {'force_batch_dim_to_mesh_dim': 0})
cost[1, 10, 1]=4.339, max_n_succ_stage=-1, Mem: avail=13.664GB, peak=165.339GB, intermediate=161.929GB, init=5.911GB, as_config=((1, 2), {'force_batch_dim_to_mesh_dim': 0})
cost[2, 11, 2]=1.282, max_n_succ_stage=-1, Mem: avail=13.664GB, peak=152.281GB, intermediate=144.421GB, init=6.402GB, as_config=((2, 1), {})
cost[0, 9, 1]=4.336, max_n_succ_stage=-1, Mem: avail=13.664GB, peak=165.182GB, intermediate=161.757GB, init=6.315GB, as_config=((1, 2), {'force_batch_dim_to_mesh_dim': 0})
cost[1, 11, 2]=1.397, max_n_succ_stage=-1, Mem: avail=13.664GB, peak=166.594GB, intermediate=158.175GB, init=6.965GB, as_config=((2, 1), {})
cost[1, 11, 0]=1.397, max_n_succ_stage=-1, Mem: avail=13.664GB, peak=166.594GB, intermediate=158.175GB, init=6.965GB, as_config=((2, 1), {'force_batch_dim_to_mesh_dim': 0})
cost[1, 11, 1]=4.817, max_n_succ_stage=-1, Mem: avail=13.664GB, peak=182.940GB, intermediate=177.870GB, init=6.966GB, as_config=((1, 2), {'force_batch_dim_to_mesh_dim': 0})
cost[0, 11, 0]=1.547, max_n_succ_stage=-1, Mem: avail=13.664GB, peak=180.939GB, intermediate=171.758GB, init=7.932GB, as_config=((2, 1), {'force_batch_dim_to_mesh_dim': 0})
cost[0, 10, 1]=4.752, max_n_succ_stage=-1, Mem: avail=13.664GB, peak=180.965GB, intermediate=177.262GB, init=6.878GB, as_config=((1, 2), {'force_batch_dim_to_mesh_dim': 0})
cost[0, 11, 2]=1.547, max_n_succ_stage=-1, Mem: avail=13.664GB, peak=180.939GB, intermediate=171.758GB, init=7.932GB, as_config=((2, 1), {})
cost[0, 11, 1]=5.230, max_n_succ_stage=-1, Mem: avail=13.664GB, peak=198.567GB, intermediate=193.203GB, init=7.933GB, as_config=((1, 2), {'force_batch_dim_to_mesh_dim': 0})
Profiling for submesh 1 (1, 2) takes 166.31 seconds
Profiled costs are: [[[       inf        inf        inf        inf]
  [       inf        inf        inf        inf]
  [       inf        inf        inf        inf]
  [0.52744152 1.76716215 0.57491577        inf]
  [0.64244663 2.18304726 0.68992073        inf]
  [0.75745179 2.59881633 0.76780951        inf]
  [0.87245694 3.01458541 0.88281466        inf]
  [0.98746209 3.43035449 0.99781981        inf]
  [1.10246724 3.84612357 1.11282496        inf]
  [1.24274139 4.33581405 1.2902154         inf]
  [1.35774654 4.75158312 1.40522055        inf]
  [1.54690548 5.22979601 1.54690548        inf]]

 [[       inf        inf        inf        inf]
  [       inf        inf        inf        inf]
  [       inf        inf        inf        inf]
  [       inf        inf        inf        inf]
  [0.49225374 1.77042754 0.49225374        inf]
  [0.60725868 2.18619662 0.60725868        inf]
  [0.72226383 2.6019657  0.72226383        inf]
  [0.83726898 3.01773477 0.83726898        inf]
  [0.95227412 3.43350385 0.95227412        inf]
  [1.09254828 3.92319433 1.09254827        inf]
  [1.20755343 4.33896341 1.20755341        inf]
  [1.39671237 4.8171763  1.39671237        inf]]

 [[       inf        inf        inf        inf]
  [       inf        inf        inf        inf]
  [       inf        inf        inf        inf]
  [       inf        inf        inf        inf]
  [       inf        inf        inf        inf]
  [0.49225375 1.77042754 0.49225375        inf]
  [0.60725868 2.18619662 0.60725868        inf]
  [0.72226383 2.6019657  0.72226383        inf]
  [0.83726898 3.01773477 0.83726898        inf]
  [0.97754314 3.50742526 0.97754312        inf]
  [1.09254828 3.92319433 1.09254827        inf]
  [1.28170722 4.40140722 1.28170722        inf]]

 [[       inf        inf        inf        inf]
  [       inf        inf        inf        inf]
  [       inf        inf        inf        inf]
  [       inf        inf        inf        inf]
  [       inf        inf        inf        inf]
  [       inf        inf        inf        inf]
  [0.49225375 1.77042754 0.49225375        inf]
  [0.60725868 2.18619662 0.60725868        inf]
  [0.72226383 2.6019657  0.72226383        inf]
  [0.86253799 3.09165618 0.86253797        inf]
  [0.97754314 3.50742526 0.97754312        inf]
  [1.16670208 3.98563814 1.16670208        inf]]

 [[       inf        inf        inf        inf]
  [       inf        inf        inf        inf]
  [       inf        inf        inf        inf]
  [       inf        inf        inf        inf]
  [       inf        inf        inf        inf]
  [       inf        inf        inf        inf]
  [       inf        inf        inf        inf]
  [0.46002034 1.66307631 0.46002034        inf]
  [0.57502526 2.07884539 0.57502526        inf]
  [0.71529935 2.56853587 0.71529933        inf]
  [0.83030449 2.98430495 0.83030448        inf]
  [1.01946343 3.46251783 1.01946343        inf]]

 [[       inf        inf        inf        inf]
  [       inf        inf        inf        inf]
  [       inf        inf        inf        inf]
  [       inf        inf        inf        inf]
  [       inf        inf        inf        inf]
  [       inf        inf        inf        inf]
  [       inf        inf        inf        inf]
  [       inf        inf        inf        inf]
  [0.46002032 1.66307631 0.46002032        inf]
  [0.60029422 2.15276679 0.6002942         inf]
  [0.71529933 2.56853587 0.71529931        inf]
  [0.90445827 3.04674875 0.90445827        inf]]

 [[       inf        inf        inf        inf]
  [       inf        inf        inf        inf]
  [       inf        inf        inf        inf]
  [       inf        inf        inf        inf]
  [       inf        inf        inf        inf]
  [       inf        inf        inf        inf]
  [       inf        inf        inf        inf]
  [       inf        inf        inf        inf]
  [       inf        inf        inf        inf]
  [0.48528927 1.73699771 0.48528925        inf]
  [0.6002942  2.15276679 0.60029418        inf]
  [0.7894531  2.63097968 0.7894531         inf]]

 [[       inf        inf        inf        inf]
  [       inf        inf        inf        inf]
  [       inf        inf        inf        inf]
  [       inf        inf        inf        inf]
  [       inf        inf        inf        inf]
  [       inf        inf        inf        inf]
  [       inf        inf        inf        inf]
  [       inf        inf        inf        inf]
  [       inf        inf        inf        inf]
  [       inf        inf        inf        inf]
  [0.48528927 1.73699771 0.48528925        inf]
  [0.67444795 2.2152106  0.67444795        inf]]

 [[       inf        inf        inf        inf]
  [       inf        inf        inf        inf]
  [       inf        inf        inf        inf]
  [       inf        inf        inf        inf]
  [       inf        inf        inf        inf]
  [       inf        inf        inf        inf]
  [       inf        inf        inf        inf]
  [       inf        inf        inf        inf]
  [       inf        inf        inf        inf]
  [       inf        inf        inf        inf]
  [       inf        inf        inf        inf]
  [0.55944287 1.79944152 0.55944287        inf]]

 [[       inf        inf        inf        inf]
  [       inf        inf        inf        inf]
  [       inf        inf        inf        inf]
  [       inf        inf        inf        inf]
  [       inf        inf        inf        inf]
  [       inf        inf        inf        inf]
  [       inf        inf        inf        inf]
  [       inf        inf        inf        inf]
  [       inf        inf        inf        inf]
  [       inf        inf        inf        inf]
  [       inf        inf        inf        inf]
  [0.44443794 1.38367244 0.44443794        inf]]

 [[       inf        inf        inf        inf]
  [       inf        inf        inf        inf]
  [       inf        inf        inf        inf]
  [       inf        inf        inf        inf]
  [       inf        inf        inf        inf]
  [       inf        inf        inf        inf]
  [       inf        inf        inf        inf]
  [       inf        inf        inf        inf]
  [       inf        inf        inf        inf]
  [       inf        inf        inf        inf]
  [       inf        inf        inf        inf]
  [       inf        inf        inf        inf]]

 [[       inf        inf        inf        inf]
  [       inf        inf        inf        inf]
  [       inf        inf        inf        inf]
  [       inf        inf        inf        inf]
  [       inf        inf        inf        inf]
  [       inf        inf        inf        inf]
  [       inf        inf        inf        inf]
  [       inf        inf        inf        inf]
  [       inf        inf        inf        inf]
  [       inf        inf        inf        inf]
  [       inf        inf        inf        inf]
  [       inf        inf        inf        inf]]]
Profiled max_n_succ_stages are: [[[-1 -1 -1 -1]
  [-1 -1 -1 -1]
  [-1 -1 -1 -1]
  [-1 -1 -1 -1]
  [-1 -1 -1 -1]
  [-1 -1 -1 -1]
  [-1 -1 -1 -1]
  [-1 -1 -1 -1]
  [-1 -1 -1 -1]
  [-1 -1 -1 -1]
  [-1 -1 -1 -1]
  [-1 -1 -1 -1]]

 [[-1 -1 -1 -1]
  [-1 -1 -1 -1]
  [-1 -1 -1 -1]
  [-1 -1 -1 -1]
  [-1 -1 -1 -1]
  [-1 -1 -1 -1]
  [-1 -1 -1 -1]
  [-1 -1 -1 -1]
  [-1 -1 -1 -1]
  [-1 -1 -1 -1]
  [-1 -1 -1 -1]
  [-1 -1 -1 -1]]

 [[-1 -1 -1 -1]
  [-1 -1 -1 -1]
  [-1 -1 -1 -1]
  [-1 -1 -1 -1]
  [-1 -1 -1 -1]
  [-1 -1 -1 -1]
  [-1 -1 -1 -1]
  [-1 -1 -1 -1]
  [-1 -1 -1 -1]
  [-1 -1 -1 -1]
  [-1 -1 -1 -1]
  [-1 -1 -1 -1]]

 [[-1 -1 -1 -1]
  [-1 -1 -1 -1]
  [-1 -1 -1 -1]
  [-1 -1 -1 -1]
  [-1 -1 -1 -1]
  [-1 -1 -1 -1]
  [-1 -1 -1 -1]
  [-1 -1 -1 -1]
  [-1 -1 -1 -1]
  [-1 -1 -1 -1]
  [-1 -1 -1 -1]
  [-1 -1 -1 -1]]

 [[-1 -1 -1 -1]
  [-1 -1 -1 -1]
  [-1 -1 -1 -1]
  [-1 -1 -1 -1]
  [-1 -1 -1 -1]
  [-1 -1 -1 -1]
  [-1 -1 -1 -1]
  [-1 -1 -1 -1]
  [-1 -1 -1 -1]
  [-1 -1 -1 -1]
  [-1 -1 -1 -1]
  [-1 -1 -1 -1]]

 [[-1 -1 -1 -1]
  [-1 -1 -1 -1]
  [-1 -1 -1 -1]
  [-1 -1 -1 -1]
  [-1 -1 -1 -1]
  [-1 -1 -1 -1]
  [-1 -1 -1 -1]
  [-1 -1 -1 -1]
  [-1 -1 -1 -1]
  [-1 -1 -1 -1]
  [-1 -1 -1 -1]
  [-1 -1 -1 -1]]

 [[-1 -1 -1 -1]
  [-1 -1 -1 -1]
  [-1 -1 -1 -1]
  [-1 -1 -1 -1]
  [-1 -1 -1 -1]
  [-1 -1 -1 -1]
  [-1 -1 -1 -1]
  [-1 -1 -1 -1]
  [-1 -1 -1 -1]
  [-1 -1 -1 -1]
  [-1 -1 -1 -1]
  [-1 -1 -1 -1]]

 [[-1 -1 -1 -1]
  [-1 -1 -1 -1]
  [-1 -1 -1 -1]
  [-1 -1 -1 -1]
  [-1 -1 -1 -1]
  [-1 -1 -1 -1]
  [-1 -1 -1 -1]
  [-1 -1 -1 -1]
  [-1 -1 -1 -1]
  [-1 -1 -1 -1]
  [-1 -1 -1 -1]
  [-1 -1 -1 -1]]

 [[-1 -1 -1 -1]
  [-1 -1 -1 -1]
  [-1 -1 -1 -1]
  [-1 -1 -1 -1]
  [-1 -1 -1 -1]
  [-1 -1 -1 -1]
  [-1 -1 -1 -1]
  [-1 -1 -1 -1]
  [-1 -1 -1 -1]
  [-1 -1 -1 -1]
  [-1 -1 -1 -1]
  [-1 -1 -1 -1]]

 [[-1 -1 -1 -1]
  [-1 -1 -1 -1]
  [-1 -1 -1 -1]
  [-1 -1 -1 -1]
  [-1 -1 -1 -1]
  [-1 -1 -1 -1]
  [-1 -1 -1 -1]
  [-1 -1 -1 -1]
  [-1 -1 -1 -1]
  [-1 -1 -1 -1]
  [-1 -1 -1 -1]
  [-1 -1 -1 -1]]

 [[-1 -1 -1 -1]
  [-1 -1 -1 -1]
  [-1 -1 -1 -1]
  [-1 -1 -1 -1]
  [-1 -1 -1 -1]
  [-1 -1 -1 -1]
  [-1 -1 -1 -1]
  [-1 -1 -1 -1]
  [-1 -1 -1 -1]
  [-1 -1 -1 -1]
  [-1 -1 -1 -1]
  [-1 -1 -1 -1]]

 [[-1 -1 -1 -1]
  [-1 -1 -1 -1]
  [-1 -1 -1 -1]
  [-1 -1 -1 -1]
  [-1 -1 -1 -1]
  [-1 -1 -1 -1]
  [-1 -1 -1 -1]
  [-1 -1 -1 -1]
  [-1 -1 -1 -1]
  [-1 -1 -1 -1]
  [-1 -1 -1 -1]
  [-1 -1 -1 -1]]]
--------------------------------------------------
- Profiling for submesh 0 (1, 1):
- Generate all stage infos (Jaxpr -> HLO)
- Compile all stages
- Profile all stages
cost[2, 3, 0]=0.505, max_n_succ_stage=-1, Mem: avail=13.664GB, peak=61.065GB, intermediate=58.518GB, init=2.626GB, as_config=((1, 1), {'force_batch_dim_to_mesh_dim': 0})
cost[0, 1, 0]=0.512, max_n_succ_stage=-1, Mem: avail=13.664GB, peak=56.313GB, intermediate=54.549GB, init=3.060GB, as_config=((1, 1), {'force_batch_dim_to_mesh_dim': 0})
cost[0, 1, 1]=0.512, max_n_succ_stage=-1, Mem: avail=13.664GB, peak=56.313GB, intermediate=54.549GB, init=3.060GB, as_config=((1, 1), {})
cost[1, 2, 0]=0.442, max_n_succ_stage=-1, Mem: avail=13.664GB, peak=56.503GB, intermediate=54.893GB, init=2.251GB, as_config=((1, 1), {'force_batch_dim_to_mesh_dim': 0})
cost[1, 2, 1]=0.442, max_n_succ_stage=-1, Mem: avail=13.664GB, peak=56.503GB, intermediate=54.893GB, init=2.251GB, as_config=((1, 1), {})
cost[2, 3, 1]=0.505, max_n_succ_stage=-1, Mem: avail=13.664GB, peak=61.065GB, intermediate=58.518GB, init=2.626GB, as_config=((1, 1), {})
cost[5, 6, 1]=0.442, max_n_succ_stage=-1, Mem: avail=13.664GB, peak=56.632GB, intermediate=55.018GB, init=2.251GB, as_config=((1, 1), {})
cost[5, 6, 0]=0.442, max_n_succ_stage=-1, Mem: avail=13.664GB, peak=56.632GB, intermediate=55.018GB, init=2.251GB, as_config=((1, 1), {'force_batch_dim_to_mesh_dim': 0})
cost[7, 8, 0]=0.442, max_n_succ_stage=-1, Mem: avail=13.664GB, peak=56.631GB, intermediate=54.893GB, init=2.251GB, as_config=((1, 1), {'force_batch_dim_to_mesh_dim': 0})
cost[10, 11, 0]=0.592, max_n_succ_stage=-1, Mem: avail=13.664GB, peak=60.624GB, intermediate=55.889GB, init=3.236GB, as_config=((1, 1), {'force_batch_dim_to_mesh_dim': 0})
cost[10, 11, 1]=0.592, max_n_succ_stage=-1, Mem: avail=13.664GB, peak=60.624GB, intermediate=55.889GB, init=3.236GB, as_config=((1, 1), {})
cost[4, 5, 0]=0.442, max_n_succ_stage=-1, Mem: avail=13.664GB, peak=57.508GB, intermediate=55.768GB, init=2.251GB, as_config=((1, 1), {'force_batch_dim_to_mesh_dim': 0})
cost[6, 7, 0]=0.442, max_n_succ_stage=-1, Mem: avail=13.664GB, peak=56.631GB, intermediate=54.893GB, init=2.251GB, as_config=((1, 1), {'force_batch_dim_to_mesh_dim': 0})
cost[4, 5, 1]=0.442, max_n_succ_stage=-1, Mem: avail=13.664GB, peak=57.508GB, intermediate=55.768GB, init=2.251GB, as_config=((1, 1), {})
cost[7, 8, 1]=0.442, max_n_succ_stage=-1, Mem: avail=13.664GB, peak=56.631GB, intermediate=54.893GB, init=2.251GB, as_config=((1, 1), {})
cost[6, 7, 1]=0.442, max_n_succ_stage=-1, Mem: avail=13.664GB, peak=56.631GB, intermediate=54.893GB, init=2.251GB, as_config=((1, 1), {})
cost[3, 4, 1]=0.505, max_n_succ_stage=-1, Mem: avail=13.664GB, peak=61.194GB, intermediate=59.268GB, init=2.626GB, as_config=((1, 1), {})
cost[3, 4, 0]=0.505, max_n_succ_stage=-1, Mem: avail=13.664GB, peak=61.194GB, intermediate=59.268GB, init=2.626GB, as_config=((1, 1), {'force_batch_dim_to_mesh_dim': 0})
cost[8, 9, 1]=0.490, max_n_succ_stage=-1, Mem: avail=13.664GB, peak=65.471GB, intermediate=63.522GB, init=2.439GB, as_config=((1, 1), {})
cost[8, 9, 0]=0.490, max_n_succ_stage=-1, Mem: avail=13.664GB, peak=65.471GB, intermediate=63.522GB, init=2.439GB, as_config=((1, 1), {'force_batch_dim_to_mesh_dim': 0})
cost[9, 10, 0]=0.490, max_n_succ_stage=-1, Mem: avail=13.664GB, peak=65.471GB, intermediate=63.522GB, init=2.439GB, as_config=((1, 1), {'force_batch_dim_to_mesh_dim': 0})
cost[9, 10, 1]=0.490, max_n_succ_stage=-1, Mem: avail=13.664GB, peak=65.471GB, intermediate=63.522GB, init=2.439GB, as_config=((1, 1), {})
cost[0, 2, 0]=0.734, max_n_succ_stage=-1, Mem: avail=13.664GB, peak=84.377GB, intermediate=82.058GB, init=4.185GB, as_config=((1, 1), {'force_batch_dim_to_mesh_dim': 0})
cost[0, 2, 1]=0.734, max_n_succ_stage=-1, Mem: avail=13.664GB, peak=84.377GB, intermediate=82.058GB, init=4.185GB, as_config=((1, 1), {})
cost[1, 3, 0]=0.727, max_n_succ_stage=-1, Mem: avail=13.664GB, peak=89.129GB, intermediate=86.027GB, init=3.752GB, as_config=((1, 1), {'force_batch_dim_to_mesh_dim': 0})
cost[2, 4, 0]=0.727, max_n_succ_stage=-1, Mem: avail=13.664GB, peak=89.258GB, intermediate=86.777GB, init=3.752GB, as_config=((1, 1), {'force_batch_dim_to_mesh_dim': 0})
cost[2, 4, 1]=0.727, max_n_succ_stage=-1, Mem: avail=13.664GB, peak=89.258GB, intermediate=86.777GB, init=3.752GB, as_config=((1, 1), {})
cost[1, 3, 1]=0.727, max_n_succ_stage=-1, Mem: avail=13.664GB, peak=89.129GB, intermediate=86.027GB, init=3.752GB, as_config=((1, 1), {})
cost[5, 7, 1]=0.664, max_n_succ_stage=-1, Mem: avail=13.664GB, peak=84.700GB, intermediate=82.527GB, init=3.377GB, as_config=((1, 1), {})
cost[5, 7, 0]=0.664, max_n_succ_stage=-1, Mem: avail=13.664GB, peak=84.700GB, intermediate=82.527GB, init=3.377GB, as_config=((1, 1), {'force_batch_dim_to_mesh_dim': 0})
cost[4, 6, 0]=0.664, max_n_succ_stage=-1, Mem: avail=13.664GB, peak=85.450GB, intermediate=83.277GB, init=3.377GB, as_config=((1, 1), {'force_batch_dim_to_mesh_dim': 0})
cost[4, 6, 1]=0.664, max_n_succ_stage=-1, Mem: avail=13.664GB, peak=85.450GB, intermediate=83.277GB, init=3.377GB, as_config=((1, 1), {})
cost[6, 8, 1]=0.664, max_n_succ_stage=-1, Mem: avail=13.664GB, peak=84.575GB, intermediate=82.402GB, init=3.377GB, as_config=((1, 1), {})
cost[6, 8, 0]=0.664, max_n_succ_stage=-1, Mem: avail=13.664GB, peak=84.575GB, intermediate=82.402GB, init=3.377GB, as_config=((1, 1), {'force_batch_dim_to_mesh_dim': 0})
cost[3, 5, 1]=0.727, max_n_succ_stage=-1, Mem: avail=13.664GB, peak=89.134GB, intermediate=86.777GB, init=3.752GB, as_config=((1, 1), {})
cost[3, 5, 0]=0.727, max_n_succ_stage=-1, Mem: avail=13.664GB, peak=89.134GB, intermediate=86.777GB, init=3.752GB, as_config=((1, 1), {'force_batch_dim_to_mesh_dim': 0})
cost[9, 11, 0]=0.861, max_n_succ_stage=-1, Mem: avail=13.664GB, peak=97.285GB, intermediate=91.902GB, init=4.549GB, as_config=((1, 1), {'force_batch_dim_to_mesh_dim': 0})
cost[8, 10, 1]=0.711, max_n_succ_stage=-1, Mem: avail=13.664GB, peak=93.535GB, intermediate=91.031GB, init=3.564GB, as_config=((1, 1), {})
cost[8, 10, 0]=0.711, max_n_succ_stage=-1, Mem: avail=13.664GB, peak=93.535GB, intermediate=91.031GB, init=3.564GB, as_config=((1, 1), {'force_batch_dim_to_mesh_dim': 0})
cost[9, 11, 1]=0.861, max_n_succ_stage=-1, Mem: avail=13.664GB, peak=97.285GB, intermediate=91.902GB, init=4.549GB, as_config=((1, 1), {})
cost[1, 4, 1]=0.948, max_n_succ_stage=-1, Mem: avail=13.664GB, peak=117.325GB, intermediate=114.287GB, init=4.878GB, as_config=((1, 1), {})
cost[0, 3, 0]=1.018, max_n_succ_stage=-1, Mem: avail=13.664GB, peak=117.004GB, intermediate=113.192GB, init=5.686GB, as_config=((1, 1), {'force_batch_dim_to_mesh_dim': 0})
cost[1, 4, 0]=0.948, max_n_succ_stage=-1, Mem: avail=13.664GB, peak=117.325GB, intermediate=114.287GB, init=4.878GB, as_config=((1, 1), {'force_batch_dim_to_mesh_dim': 0})
cost[7, 9, 0]=0.711, max_n_succ_stage=-1, Mem: avail=13.664GB, peak=93.535GB, intermediate=91.031GB, init=3.564GB, as_config=((1, 1), {'force_batch_dim_to_mesh_dim': 0})
cost[7, 9, 1]=0.711, max_n_succ_stage=-1, Mem: avail=13.664GB, peak=93.535GB, intermediate=91.031GB, init=3.564GB, as_config=((1, 1), {})
cost[0, 3, 1]=1.018, max_n_succ_stage=-1, Mem: avail=13.664GB, peak=117.004GB, intermediate=113.192GB, init=5.686GB, as_config=((1, 1), {})
cost[5, 8, 0]=0.885, max_n_succ_stage=-1, Mem: avail=13.664GB, peak=112.888GB, intermediate=110.036GB, init=4.502GB, as_config=((1, 1), {'force_batch_dim_to_mesh_dim': 0})
cost[5, 8, 1]=0.885, max_n_succ_stage=-1, Mem: avail=13.664GB, peak=112.888GB, intermediate=110.036GB, init=4.502GB, as_config=((1, 1), {})
cost[4, 7, 1]=0.885, max_n_succ_stage=-1, Mem: avail=13.664GB, peak=113.638GB, intermediate=110.787GB, init=4.502GB, as_config=((1, 1), {})
cost[4, 7, 0]=0.885, max_n_succ_stage=-1, Mem: avail=13.664GB, peak=113.638GB, intermediate=110.787GB, init=4.502GB, as_config=((1, 1), {'force_batch_dim_to_mesh_dim': 0})
cost[2, 5, 0]=0.948, max_n_succ_stage=-1, Mem: avail=13.664GB, peak=117.326GB, intermediate=114.287GB, init=4.878GB, as_config=((1, 1), {'force_batch_dim_to_mesh_dim': 0})
cost[3, 6, 0]=0.948, max_n_succ_stage=-1, Mem: avail=13.664GB, peak=117.326GB, intermediate=114.287GB, init=4.878GB, as_config=((1, 1), {'force_batch_dim_to_mesh_dim': 0})
cost[3, 6, 1]=0.948, max_n_succ_stage=-1, Mem: avail=13.664GB, peak=117.326GB, intermediate=114.287GB, init=4.878GB, as_config=((1, 1), {})
cost[2, 5, 1]=0.948, max_n_succ_stage=-1, Mem: avail=13.664GB, peak=117.326GB, intermediate=114.287GB, init=4.878GB, as_config=((1, 1), {})
cost[8, 11, 0]=1.082, max_n_succ_stage=-1, Mem: avail=13.664GB, peak=125.351GB, intermediate=119.411GB, init=5.675GB, as_config=((1, 1), {'force_batch_dim_to_mesh_dim': 0})
cost[8, 11, 1]=1.082, max_n_succ_stage=-1, Mem: avail=13.664GB, peak=125.351GB, intermediate=119.411GB, init=5.675GB, as_config=((1, 1), {})
cost[6, 9, 0]=0.932, max_n_succ_stage=-1, Mem: avail=13.664GB, peak=121.598GB, intermediate=118.540GB, init=4.690GB, as_config=((1, 1), {'force_batch_dim_to_mesh_dim': 0})
cost[7, 10, 1]=0.932, max_n_succ_stage=-1, Mem: avail=13.664GB, peak=121.598GB, intermediate=118.540GB, init=4.690GB, as_config=((1, 1), {})
cost[0, 4, 0]=1.239, max_n_succ_stage=-1, Mem: avail=13.664GB, peak=145.201GB, intermediate=141.452GB, init=6.812GB, as_config=((1, 1), {'force_batch_dim_to_mesh_dim': 0})
cost[0, 4, 1]=1.239, max_n_succ_stage=-1, Mem: avail=13.664GB, peak=145.201GB, intermediate=141.452GB, init=6.812GB, as_config=((1, 1), {})
cost[7, 10, 0]=0.932, max_n_succ_stage=-1, Mem: avail=13.664GB, peak=121.598GB, intermediate=118.540GB, init=4.690GB, as_config=((1, 1), {'force_batch_dim_to_mesh_dim': 0})
cost[1, 5, 1]=1.169, max_n_succ_stage=-1, Mem: avail=13.664GB, peak=145.390GB, intermediate=141.796GB, init=6.003GB, as_config=((1, 1), {})
cost[6, 9, 1]=0.932, max_n_succ_stage=-1, Mem: avail=13.664GB, peak=121.598GB, intermediate=118.540GB, init=4.690GB, as_config=((1, 1), {})
cost[1, 5, 0]=1.169, max_n_succ_stage=-1, Mem: avail=13.664GB, peak=145.390GB, intermediate=141.796GB, init=6.003GB, as_config=((1, 1), {'force_batch_dim_to_mesh_dim': 0})
cost[4, 8, 0]=1.106, max_n_succ_stage=-1, Mem: avail=13.664GB, peak=141.704GB, intermediate=138.296GB, init=5.628GB, as_config=((1, 1), {'force_batch_dim_to_mesh_dim': 0})
cost[4, 8, 1]=1.106, max_n_succ_stage=-1, Mem: avail=13.664GB, peak=141.704GB, intermediate=138.296GB, init=5.628GB, as_config=((1, 1), {})
cost[7, 11, 0]=1.303, max_n_succ_stage=-1, Mem: avail=13.664GB, peak=153.417GB, intermediate=146.920GB, init=6.800GB, as_config=((1, 1), {'force_batch_dim_to_mesh_dim': 0})
cost[3, 7, 0]=1.169, max_n_succ_stage=-1, Mem: avail=13.664GB, peak=145.390GB, intermediate=141.796GB, init=6.003GB, as_config=((1, 1), {'force_batch_dim_to_mesh_dim': 0})
cost[3, 7, 1]=1.169, max_n_succ_stage=-1, Mem: avail=13.664GB, peak=145.390GB, intermediate=141.796GB, init=6.003GB, as_config=((1, 1), {})
cost[2, 6, 0]=1.169, max_n_succ_stage=-1, Mem: avail=13.664GB, peak=145.390GB, intermediate=141.796GB, init=6.003GB, as_config=((1, 1), {'force_batch_dim_to_mesh_dim': 0})
cost[2, 6, 1]=1.169, max_n_succ_stage=-1, Mem: avail=13.664GB, peak=145.390GB, intermediate=141.796GB, init=6.003GB, as_config=((1, 1), {})
cost[7, 11, 1]=1.303, max_n_succ_stage=-1, Mem: avail=13.664GB, peak=153.417GB, intermediate=146.920GB, init=6.800GB, as_config=((1, 1), {})
cost[0, 5, 0]=1.460, max_n_succ_stage=-1, Mem: avail=13.664GB, peak=173.267GB, intermediate=168.961GB, init=7.937GB, as_config=((1, 1), {'force_batch_dim_to_mesh_dim': 0})
cost[0, 5, 1]=1.460, max_n_succ_stage=-1, Mem: avail=13.664GB, peak=173.267GB, intermediate=168.961GB, init=7.937GB, as_config=((1, 1), {})
cost[4, 9, 0]=1.375, max_n_succ_stage=-1, Mem: avail=13.664GB, peak=178.601GB, intermediate=174.434GB, init=6.941GB, as_config=((1, 1), {'force_batch_dim_to_mesh_dim': 0})
cost[1, 6, 1]=1.390, max_n_succ_stage=-1, Mem: avail=13.664GB, peak=173.455GB, intermediate=169.305GB, init=7.129GB, as_config=((1, 1), {})
cost[6, 10, 0]=1.154, max_n_succ_stage=-1, Mem: avail=13.664GB, peak=149.662GB, intermediate=146.049GB, init=5.816GB, as_config=((1, 1), {'force_batch_dim_to_mesh_dim': 0})
cost[5, 9, 1]=1.154, max_n_succ_stage=-1, Mem: avail=13.664GB, peak=149.787GB, intermediate=146.174GB, init=5.816GB, as_config=((1, 1), {})
cost[5, 9, 0]=1.154, max_n_succ_stage=-1, Mem: avail=13.664GB, peak=149.787GB, intermediate=146.174GB, init=5.816GB, as_config=((1, 1), {'force_batch_dim_to_mesh_dim': 0})
cost[6, 10, 1]=1.154, max_n_succ_stage=-1, Mem: avail=13.664GB, peak=149.662GB, intermediate=146.049GB, init=5.816GB, as_config=((1, 1), {})
cost[1, 6, 0]=1.390, max_n_succ_stage=-1, Mem: avail=13.664GB, peak=173.455GB, intermediate=169.305GB, init=7.129GB, as_config=((1, 1), {'force_batch_dim_to_mesh_dim': 0})
cost[3, 8, 1]=1.390, max_n_succ_stage=-1, Mem: avail=13.664GB, peak=173.455GB, intermediate=169.305GB, init=7.129GB, as_config=((1, 1), {})
cost[3, 8, 0]=1.390, max_n_succ_stage=-1, Mem: avail=13.664GB, peak=173.455GB, intermediate=169.305GB, init=7.129GB, as_config=((1, 1), {'force_batch_dim_to_mesh_dim': 0})
cost[2, 7, 0]=1.390, max_n_succ_stage=-1, Mem: avail=13.664GB, peak=173.455GB, intermediate=169.305GB, init=7.129GB, as_config=((1, 1), {'force_batch_dim_to_mesh_dim': 0})
cost[2, 7, 1]=1.390, max_n_succ_stage=-1, Mem: avail=13.664GB, peak=173.455GB, intermediate=169.305GB, init=7.129GB, as_config=((1, 1), {})
cost[4, 9, 1]=1.375, max_n_succ_stage=-1, Mem: avail=13.664GB, peak=178.601GB, intermediate=174.434GB, init=6.941GB, as_config=((1, 1), {})
cost[5, 10, 1]=1.375, max_n_succ_stage=-1, Mem: avail=13.664GB, peak=177.851GB, intermediate=173.683GB, init=6.941GB, as_config=((1, 1), {})
cost[5, 10, 0]=1.375, max_n_succ_stage=-1, Mem: avail=13.664GB, peak=177.851GB, intermediate=173.683GB, init=6.941GB, as_config=((1, 1), {'force_batch_dim_to_mesh_dim': 0})
Profiling for submesh 0 (1, 1) takes 76.02 seconds
Profiled costs are: [[[       inf        inf        inf        inf]
  [0.51230535 0.51230535        inf        inf]
  [0.73350112 0.73350112        inf        inf]
  [1.01766324 1.01766324        inf        inf]
  [1.23885901 1.23885901        inf        inf]
  [1.46005478 1.46005478        inf        inf]
  [       inf        inf        inf        inf]
  [       inf        inf        inf        inf]
  [       inf        inf        inf        inf]
  [       inf        inf        inf        inf]
  [       inf        inf        inf        inf]
  [       inf        inf        inf        inf]]

 [[       inf        inf        inf        inf]
  [       inf        inf        inf        inf]
  [0.44239154 0.44239154        inf        inf]
  [0.72655366 0.72655366        inf        inf]
  [0.94774943 0.94774943        inf        inf]
  [1.1689452  1.1689452         inf        inf]
  [1.39014096 1.39014096        inf        inf]
  [       inf        inf        inf        inf]
  [       inf        inf        inf        inf]
  [       inf        inf        inf        inf]
  [       inf        inf        inf        inf]
  [       inf        inf        inf        inf]]

 [[       inf        inf        inf        inf]
  [       inf        inf        inf        inf]
  [       inf        inf        inf        inf]
  [0.50535789 0.50535789        inf        inf]
  [0.72655366 0.72655366        inf        inf]
  [0.94774943 0.94774943        inf        inf]
  [1.1689452  1.1689452         inf        inf]
  [1.39014096 1.39014096        inf        inf]
  [       inf        inf        inf        inf]
  [       inf        inf        inf        inf]
  [       inf        inf        inf        inf]
  [       inf        inf        inf        inf]]

 [[       inf        inf        inf        inf]
  [       inf        inf        inf        inf]
  [       inf        inf        inf        inf]
  [       inf        inf        inf        inf]
  [0.50535789 0.50535789        inf        inf]
  [0.72655366 0.72655366        inf        inf]
  [0.94774943 0.94774943        inf        inf]
  [1.1689452  1.1689452         inf        inf]
  [1.39014096 1.39014096        inf        inf]
  [       inf        inf        inf        inf]
  [       inf        inf        inf        inf]
  [       inf        inf        inf        inf]]

 [[       inf        inf        inf        inf]
  [       inf        inf        inf        inf]
  [       inf        inf        inf        inf]
  [       inf        inf        inf        inf]
  [       inf        inf        inf        inf]
  [0.44239154 0.44239154        inf        inf]
  [0.6635873  0.6635873         inf        inf]
  [0.88478307 0.88478307        inf        inf]
  [1.10597884 1.10597884        inf        inf]
  [1.37480614 1.37480614        inf        inf]
  [       inf        inf        inf        inf]
  [       inf        inf        inf        inf]]

 [[       inf        inf        inf        inf]
  [       inf        inf        inf        inf]
  [       inf        inf        inf        inf]
  [       inf        inf        inf        inf]
  [       inf        inf        inf        inf]
  [       inf        inf        inf        inf]
  [0.44239154 0.44239154        inf        inf]
  [0.6635873  0.6635873         inf        inf]
  [0.88478307 0.88478307        inf        inf]
  [1.15361037 1.15361037        inf        inf]
  [1.37480614 1.37480614        inf        inf]
  [       inf        inf        inf        inf]]

 [[       inf        inf        inf        inf]
  [       inf        inf        inf        inf]
  [       inf        inf        inf        inf]
  [       inf        inf        inf        inf]
  [       inf        inf        inf        inf]
  [       inf        inf        inf        inf]
  [       inf        inf        inf        inf]
  [0.44239154 0.44239154        inf        inf]
  [0.6635873  0.6635873         inf        inf]
  [0.9324146  0.9324146         inf        inf]
  [1.15361037 1.15361037        inf        inf]
  [       inf        inf        inf        inf]]

 [[       inf        inf        inf        inf]
  [       inf        inf        inf        inf]
  [       inf        inf        inf        inf]
  [       inf        inf        inf        inf]
  [       inf        inf        inf        inf]
  [       inf        inf        inf        inf]
  [       inf        inf        inf        inf]
  [       inf        inf        inf        inf]
  [0.44239154 0.44239154        inf        inf]
  [0.71121883 0.71121883        inf        inf]
  [0.9324146  0.9324146         inf        inf]
  [1.30302804 1.30302804        inf        inf]]

 [[       inf        inf        inf        inf]
  [       inf        inf        inf        inf]
  [       inf        inf        inf        inf]
  [       inf        inf        inf        inf]
  [       inf        inf        inf        inf]
  [       inf        inf        inf        inf]
  [       inf        inf        inf        inf]
  [       inf        inf        inf        inf]
  [       inf        inf        inf        inf]
  [0.49002306 0.49002306        inf        inf]
  [0.71121883 0.71121883        inf        inf]
  [1.08183228 1.08183228        inf        inf]]

 [[       inf        inf        inf        inf]
  [       inf        inf        inf        inf]
  [       inf        inf        inf        inf]
  [       inf        inf        inf        inf]
  [       inf        inf        inf        inf]
  [       inf        inf        inf        inf]
  [       inf        inf        inf        inf]
  [       inf        inf        inf        inf]
  [       inf        inf        inf        inf]
  [       inf        inf        inf        inf]
  [0.49002306 0.49002306        inf        inf]
  [0.86063651 0.86063651        inf        inf]]

 [[       inf        inf        inf        inf]
  [       inf        inf        inf        inf]
  [       inf        inf        inf        inf]
  [       inf        inf        inf        inf]
  [       inf        inf        inf        inf]
  [       inf        inf        inf        inf]
  [       inf        inf        inf        inf]
  [       inf        inf        inf        inf]
  [       inf        inf        inf        inf]
  [       inf        inf        inf        inf]
  [       inf        inf        inf        inf]
  [0.59180921 0.59180921        inf        inf]]

 [[       inf        inf        inf        inf]
  [       inf        inf        inf        inf]
  [       inf        inf        inf        inf]
  [       inf        inf        inf        inf]
  [       inf        inf        inf        inf]
  [       inf        inf        inf        inf]
  [       inf        inf        inf        inf]
  [       inf        inf        inf        inf]
  [       inf        inf        inf        inf]
  [       inf        inf        inf        inf]
  [       inf        inf        inf        inf]
  [       inf        inf        inf        inf]]]
Profiled max_n_succ_stages are: [[[-1 -1 -1 -1]
  [-1 -1 -1 -1]
  [-1 -1 -1 -1]
  [-1 -1 -1 -1]
  [-1 -1 -1 -1]
  [-1 -1 -1 -1]
  [-1 -1 -1 -1]
  [-1 -1 -1 -1]
  [-1 -1 -1 -1]
  [-1 -1 -1 -1]
  [-1 -1 -1 -1]
  [-1 -1 -1 -1]]

 [[-1 -1 -1 -1]
  [-1 -1 -1 -1]
  [-1 -1 -1 -1]
  [-1 -1 -1 -1]
  [-1 -1 -1 -1]
  [-1 -1 -1 -1]
  [-1 -1 -1 -1]
  [-1 -1 -1 -1]
  [-1 -1 -1 -1]
  [-1 -1 -1 -1]
  [-1 -1 -1 -1]
  [-1 -1 -1 -1]]

 [[-1 -1 -1 -1]
  [-1 -1 -1 -1]
  [-1 -1 -1 -1]
  [-1 -1 -1 -1]
  [-1 -1 -1 -1]
  [-1 -1 -1 -1]
  [-1 -1 -1 -1]
  [-1 -1 -1 -1]
  [-1 -1 -1 -1]
  [-1 -1 -1 -1]
  [-1 -1 -1 -1]
  [-1 -1 -1 -1]]

 [[-1 -1 -1 -1]
  [-1 -1 -1 -1]
  [-1 -1 -1 -1]
  [-1 -1 -1 -1]
  [-1 -1 -1 -1]
  [-1 -1 -1 -1]
  [-1 -1 -1 -1]
  [-1 -1 -1 -1]
  [-1 -1 -1 -1]
  [-1 -1 -1 -1]
  [-1 -1 -1 -1]
  [-1 -1 -1 -1]]

 [[-1 -1 -1 -1]
  [-1 -1 -1 -1]
  [-1 -1 -1 -1]
  [-1 -1 -1 -1]
  [-1 -1 -1 -1]
  [-1 -1 -1 -1]
  [-1 -1 -1 -1]
  [-1 -1 -1 -1]
  [-1 -1 -1 -1]
  [-1 -1 -1 -1]
  [-1 -1 -1 -1]
  [-1 -1 -1 -1]]

 [[-1 -1 -1 -1]
  [-1 -1 -1 -1]
  [-1 -1 -1 -1]
  [-1 -1 -1 -1]
  [-1 -1 -1 -1]
  [-1 -1 -1 -1]
  [-1 -1 -1 -1]
  [-1 -1 -1 -1]
  [-1 -1 -1 -1]
  [-1 -1 -1 -1]
  [-1 -1 -1 -1]
  [-1 -1 -1 -1]]

 [[-1 -1 -1 -1]
  [-1 -1 -1 -1]
  [-1 -1 -1 -1]
  [-1 -1 -1 -1]
  [-1 -1 -1 -1]
  [-1 -1 -1 -1]
  [-1 -1 -1 -1]
  [-1 -1 -1 -1]
  [-1 -1 -1 -1]
  [-1 -1 -1 -1]
  [-1 -1 -1 -1]
  [-1 -1 -1 -1]]

 [[-1 -1 -1 -1]
  [-1 -1 -1 -1]
  [-1 -1 -1 -1]
  [-1 -1 -1 -1]
  [-1 -1 -1 -1]
  [-1 -1 -1 -1]
  [-1 -1 -1 -1]
  [-1 -1 -1 -1]
  [-1 -1 -1 -1]
  [-1 -1 -1 -1]
  [-1 -1 -1 -1]
  [-1 -1 -1 -1]]

 [[-1 -1 -1 -1]
  [-1 -1 -1 -1]
  [-1 -1 -1 -1]
  [-1 -1 -1 -1]
  [-1 -1 -1 -1]
  [-1 -1 -1 -1]
  [-1 -1 -1 -1]
  [-1 -1 -1 -1]
  [-1 -1 -1 -1]
  [-1 -1 -1 -1]
  [-1 -1 -1 -1]
  [-1 -1 -1 -1]]

 [[-1 -1 -1 -1]
  [-1 -1 -1 -1]
  [-1 -1 -1 -1]
  [-1 -1 -1 -1]
  [-1 -1 -1 -1]
  [-1 -1 -1 -1]
  [-1 -1 -1 -1]
  [-1 -1 -1 -1]
  [-1 -1 -1 -1]
  [-1 -1 -1 -1]
  [-1 -1 -1 -1]
  [-1 -1 -1 -1]]

 [[-1 -1 -1 -1]
  [-1 -1 -1 -1]
  [-1 -1 -1 -1]
  [-1 -1 -1 -1]
  [-1 -1 -1 -1]
  [-1 -1 -1 -1]
  [-1 -1 -1 -1]
  [-1 -1 -1 -1]
  [-1 -1 -1 -1]
  [-1 -1 -1 -1]
  [-1 -1 -1 -1]
  [-1 -1 -1 -1]]

 [[-1 -1 -1 -1]
  [-1 -1 -1 -1]
  [-1 -1 -1 -1]
  [-1 -1 -1 -1]
  [-1 -1 -1 -1]
  [-1 -1 -1 -1]
  [-1 -1 -1 -1]
  [-1 -1 -1 -1]
  [-1 -1 -1 -1]
  [-1 -1 -1 -1]
  [-1 -1 -1 -1]
  [-1 -1 -1 -1]]]
--------------------------------------------------
Compute cost saved to: compute-cost-2026-05-15-09-09-34.npy
----------------------------------------------------------------------
Traceback (most recent call last):
  File "benchmark_3d_one_case.py", line 92, in <module>
    benchmark_one_case(args.model,
  File "benchmark_3d_one_case.py", line 37, in benchmark_one_case
    result = benchmark_gpt_bert_internal(model, case, niter, num_hosts,
  File "/home/liminglong.lml/sxz/SuperScaler/external/alpa/benchmark_3d_one_case_gpt_bert.py", line 290, in benchmark_gpt_bert_internal
    executable = train_step.get_executable(state, batch, rngkey)
  File "/usr/local/lib/python3.8/dist-packages/alpa/api.py", line 110, in get_executable
    executable, _, _, _ = self._decode_args_and_get_executable(*args)
  File "/usr/local/lib/python3.8/dist-packages/alpa/api.py", line 174, in _decode_args_and_get_executable
    executable = _compile_parallel_executable(f, in_tree, out_tree_hashable,
  File "/usr/local/lib/python3.8/dist-packages/jax/linear_util.py", line 272, in memoized_fun
    ans = call(fun, *args)
  File "/usr/local/lib/python3.8/dist-packages/alpa/api.py", line 201, in _compile_parallel_executable
    return method.compile_executable(fun, in_tree, out_tree_thunk,
  File "/usr/local/lib/python3.8/dist-packages/alpa/parallel_method.py", line 220, in compile_executable
    return compile_pipeshard_executable(
  File "/usr/local/lib/python3.8/dist-packages/alpa/pipeline_parallel/compile_executable.py", line 76, in compile_pipeshard_executable
    pipeshard_config = compile_pipeshard_executable_internal(
  File "/usr/local/lib/python3.8/dist-packages/alpa/pipeline_parallel/compile_executable.py", line 150, in compile_pipeshard_executable_internal
    manual_stage_option) = cluster_layers_and_slice_mesh(
  File "/usr/local/lib/python3.8/dist-packages/alpa/pipeline_parallel/stage_construction.py", line 618, in cluster_layers_and_slice_mesh
    assert solution is not None, "no solution in auto stage construction."
AssertionError: no solution in auto stage construction.
[DEBUG] latencies = [-1]
Type: gpt  Model Config: (1024, 2048, 2048, 24, 32)  #Microbatch: 64  #GPU: 4  Parallel Config: (True, False, 12, {'submesh_physical_shape_space': 'small_power_of_two', 'submesh_logical_shape_space': 'all', 'stage_imbalance_tolerance': 1.0, 'use_hlo_cost_model': True, 'profiling_database_filename': 'prof_database.pkl'})  Mean Time: -1.000s  Std Time: 0.000  #Params: -0.000B  TFLOPs: -1.00  TFLOPs (ckpt): -1.00  Peak Mem: -0.000G  Compilation Time: None  Global Batch Size: 1024  
