------------------------ arguments ------------------------
  adaptive_hyper_parameters ....................... 5
  add_action_finetune_algo ........................ False
  add_action_finetune_dim ......................... False
  add_action_tp_dp_exchange ....................... False
  add_action_tune_tp_dp ........................... False
  check_recompute_with_group ...................... False
  config_save_path ................................ /home/liminglong.lml/sxz/SuperScaler/logs-large/aceso/configs/gpt/2_6B/
  config_suffix ................................... 2026-5-15-8-9-22
  consider_collective_memory ...................... False
  consider_reserved_space ......................... True
  consider_shared_space ........................... True
  continue_when_fail .............................. True
  decoder_seq_len ................................. 512
  end_num_stages .................................. 8
  finetune_after_trial ............................ 0
  finetune_tp_dp_after_trial ...................... False
  flex_recompute .................................. True
  forbid_turn_back ................................ False
  global_batch_size ............................... 1024
  high_memory_rate ................................ 0.9
  init_dim ........................................ tp
  initial_point ................................... balance
  log_path ........................................ /home/liminglong.lml/sxz/SuperScaler/logs-large/aceso/search/gpt/2_6B/
  max_num_hops .................................... 7
  max_num_trials .................................. 100
  max_op_move_steps ............................... 5
  max_tp .......................................... 8
  memory_limit .................................... 58000
  memory_main_params .............................. 2
  memory_optimizer ................................ 4
  memory_pred_type ................................ MAX
  micro_batch_size ................................ [1, 2, 4, 8]
  min_mbs ......................................... 1
  model_name ...................................... gpt
  model_size ...................................... 2_6B
  multi_process ................................... True
  num_algos ....................................... 2
  num_gpus ........................................ 8
  num_gpus_per_node ............................... 8
  num_layers ...................................... 32
  num_nodes ....................................... 1
  num_of_saved_configs ............................ 3
  num_partners_in_op_mig .......................... 1
  only_top_1_target ............................... False
  op_group_size ................................... 1
  peak_mem_in_backward ............................ 0
  predict_delta_time .............................. False
  print_debug_info ................................ False
  print_gpu_mig_details ........................... False
  print_move_op_details ........................... False
  print_recomp_debug_info ......................... False
  print_recompute_ops ............................. False
  profiled_time_path .............................. /home/liminglong.lml/sxz/SuperScaler/profiler/profiled-time-eurosys/
  random_order_actions ............................ False
  resharding ...................................... True
  save_to_csv ..................................... None
  seq_len ......................................... 2048
  simple_prim_mbs ................................. False
  simple_prim_mig ................................. False
  sort_metric ..................................... max_stage_time
  start_num_stages ................................ 1
  support_comm_predict ............................ False
  time_budget_per_trial ........................... 200
  time_budget_total ............................... 200
-------------------- end of arguments ---------------------
Starting CEGIS search with 1 to 8 stages...
working on num_stages = 1
start|38379.33|57961.07| op = [419]| tp = [1, ] | dp = [8, ] | algo = [0, ] | rc = [116] | gpus = [8] | micro_bs = 8 | time = [38379] | memory = [57961]
line146:config.memory_list:[57961.07299999998]
line147:config.time_list:[38379.32637324794]
------------------------------------------------------------------------------------------------------
cegis_search for the 0th times
开始求解check...
line351:
tp_list[1, 1, 1, 1, 1, 1, 1, 1, 1, 1, 1, 1, 1, 1, 1, 1, 1, 1, 1, 1, 1, 1, 1, 1, 1, 1, 1, 1, 1, 1, 1, 1, 1, 1, 1, 1, 1, 1, 1, 1, 1, 1, 1, 1, 1, 1, 1, 1, 1, 1, 1, 1, 1, 1, 1, 1, 1, 1, 1, 1, 1, 1, 1, 1, 1, 1, 1, 1, 1, 1, 1, 1, 1, 1, 1, 1, 1, 1, 1, 1, 1, 1, 1, 1, 1, 1, 1, 1, 1, 1, 1, 1, 1, 1, 1, 1, 1, 1, 1, 1, 1, 1, 1, 1, 1, 1, 1, 1, 1, 1, 1, 1, 1, 1, 1, 1, 1, 1, 1, 1, 1, 1, 1, 1, 1, 1, 1, 1, 1, 1, 1, 1, 1, 1, 1, 1, 1, 1, 1, 1, 1, 1, 1, 1, 1, 1, 1, 1, 1, 1, 1, 1, 1, 1, 1, 1, 1, 1, 1, 1, 1, 1, 1, 1, 1, 1, 1, 1, 1, 1, 1, 1, 1, 1, 1, 1, 1, 1, 1, 1, 1, 1, 1, 1, 1, 1, 1, 1, 1, 1, 1, 1, 1, 1, 1, 1, 1, 1, 1, 1, 1, 1, 1, 1, 1, 1, 1, 1, 1, 1, 1, 1, 1, 1, 1, 1, 1, 1, 1, 1, 1, 1, 1, 1, 1, 1, 1, 1, 1, 1, 1, 1, 1, 1, 1, 1, 1, 1, 1, 1, 1, 1, 1, 1, 1, 1, 1, 1, 1, 1, 1, 1, 1, 1, 1, 1, 1, 1, 1, 1, 1, 1, 1, 1, 1, 1, 1, 1, 1, 1, 1, 1, 1, 1, 1, 1, 1, 1, 1, 1, 1, 1, 1, 1, 1, 1, 1, 1, 1, 1, 1, 1, 1, 1, 1, 1, 1, 1, 1, 1, 1, 1, 1, 1, 1, 1, 1, 1, 1, 1, 1, 1, 1, 1, 1, 1, 1, 1, 1, 1, 1, 1, 1, 1, 1, 1, 1, 1, 1, 1, 1, 1, 1, 1, 1, 1, 1, 1, 1, 1, 1, 1, 1, 1, 1, 1, 1, 1, 1, 1, 1, 1, 1, 1, 1, 1, 1, 1, 1, 1, 1, 1, 1, 1, 1, 1, 1, 1, 1, 1, 1, 1, 1, 1, 1, 1, 1, 1, 1, 1, 1, 1, 1, 1, 1, 1, 1, 1, 1, 1, 1, 1, 1, 1, 1, 1, 1, 1, 1, 1, 1, 1, 1, 1, 1, 1, 1, 1, 1, 1, 1, 1, 1, 1, 1, 1, 1, 1, 1]
dp_list[8, 8, 8, 8, 8, 8, 8, 8, 8, 8, 8, 8, 8, 8, 8, 8, 8, 8, 8, 8, 8, 8, 8, 8, 8, 8, 8, 8, 8, 8, 8, 8, 8, 8, 8, 8, 8, 8, 8, 8, 8, 8, 8, 8, 8, 8, 8, 8, 8, 8, 8, 8, 8, 8, 8, 8, 8, 8, 8, 8, 8, 8, 8, 8, 8, 8, 8, 8, 8, 8, 8, 8, 8, 8, 8, 8, 8, 8, 8, 8, 8, 8, 8, 8, 8, 8, 8, 8, 8, 8, 8, 8, 8, 8, 8, 8, 8, 8, 8, 8, 8, 8, 8, 8, 8, 8, 8, 8, 8, 8, 8, 8, 8, 8, 8, 8, 8, 8, 8, 8, 8, 8, 8, 8, 8, 8, 8, 8, 8, 8, 8, 8, 8, 8, 8, 8, 8, 8, 8, 8, 8, 8, 8, 8, 8, 8, 8, 8, 8, 8, 8, 8, 8, 8, 8, 8, 8, 8, 8, 8, 8, 8, 8, 8, 8, 8, 8, 8, 8, 8, 8, 8, 8, 8, 8, 8, 8, 8, 8, 8, 8, 8, 8, 8, 8, 8, 8, 8, 8, 8, 8, 8, 8, 8, 8, 8, 8, 8, 8, 8, 8, 8, 8, 8, 8, 8, 8, 8, 8, 8, 8, 8, 8, 8, 8, 8, 8, 8, 8, 8, 8, 8, 8, 8, 8, 8, 8, 8, 8, 8, 8, 8, 8, 8, 8, 8, 8, 8, 8, 8, 8, 8, 8, 8, 8, 8, 8, 8, 8, 8, 8, 8, 8, 8, 8, 8, 8, 8, 8, 8, 8, 8, 8, 8, 8, 8, 8, 8, 8, 8, 8, 8, 8, 8, 8, 8, 8, 8, 8, 8, 8, 8, 8, 8, 8, 8, 8, 8, 8, 8, 8, 8, 8, 8, 8, 8, 8, 8, 8, 8, 8, 8, 8, 8, 8, 8, 8, 8, 8, 8, 8, 8, 8, 8, 8, 8, 8, 8, 8, 8, 8, 8, 8, 8, 8, 8, 8, 8, 8, 8, 8, 8, 8, 8, 8, 8, 8, 8, 8, 8, 8, 8, 8, 8, 8, 8, 8, 8, 8, 8, 8, 8, 8, 8, 8, 8, 8, 8, 8, 8, 8, 8, 8, 8, 8, 8, 8, 8, 8, 8, 8, 8, 8, 8, 8, 8, 8, 8, 8, 8, 8, 8, 8, 8, 8, 8, 8, 8, 8, 8, 8, 8, 8, 8, 8, 8, 8, 8, 8, 8, 8, 8, 8, 8, 8, 8, 8, 8, 8, 8, 8, 8, 8, 8, 8, 8, 8, 8, 8]
algo_list[0, 0, 0, 0, 0, 0, 0, 0, 0, 0, 0, 0, 0, 0, 0, 0, 0, 0, 0, 0, 0, 0, 0, 0, 0, 0, 0, 0, 0, 0, 0, 0, 0, 0, 0, 0, 0, 0, 0, 0, 0, 0, 0, 0, 0, 0, 0, 0, 0, 0, 0, 0, 0, 0, 0, 0, 0, 0, 0, 0, 0, 0, 0, 0, 0, 0, 0, 0, 0, 0, 0, 0, 0, 0, 0, 0, 0, 0, 0, 0, 0, 0, 0, 0, 0, 0, 0, 0, 0, 0, 0, 0, 0, 0, 0, 0, 0, 0, 0, 0, 0, 0, 0, 0, 0, 0, 0, 0, 0, 0, 0, 0, 0, 0, 0, 0, 0, 0, 0, 0, 0, 0, 0, 0, 0, 0, 0, 0, 0, 0, 0, 0, 0, 0, 0, 0, 0, 0, 0, 0, 0, 0, 0, 0, 0, 0, 0, 0, 0, 0, 0, 0, 0, 0, 0, 0, 0, 0, 0, 0, 0, 0, 0, 0, 0, 0, 0, 0, 0, 0, 0, 0, 0, 0, 0, 0, 0, 0, 0, 0, 0, 0, 0, 0, 0, 0, 0, 0, 0, 0, 0, 0, 0, 0, 0, 0, 0, 0, 0, 0, 0, 0, 0, 0, 0, 0, 0, 0, 0, 0, 0, 0, 0, 0, 0, 0, 0, 0, 0, 0, 0, 0, 0, 0, 0, 0, 0, 0, 0, 0, 0, 0, 0, 0, 0, 0, 0, 0, 0, 0, 0, 0, 0, 0, 0, 0, 0, 0, 0, 0, 0, 0, 0, 0, 0, 0, 0, 0, 0, 0, 0, 0, 0, 0, 0, 0, 0, 0, 0, 0, 0, 0, 0, 0, 0, 0, 0, 0, 0, 0, 0, 0, 0, 0, 0, 0, 0, 0, 0, 0, 0, 0, 0, 0, 0, 0, 0, 0, 0, 0, 0, 0, 0, 0, 0, 0, 0, 0, 0, 0, 0, 0, 0, 0, 0, 0, 0, 0, 0, 0, 0, 0, 0, 0, 0, 0, 0, 0, 0, 0, 0, 0, 0, 0, 0, 0, 0, 0, 0, 0, 0, 0, 0, 0, 0, 0, 0, 0, 0, 0, 0, 0, 0, 0, 0, 0, 0, 0, 0, 0, 0, 0, 0, 0, 0, 0, 0, 0, 0, 0, 0, 0, 0, 0, 0, 0, 0, 0, 0, 0, 0, 0, 0, 0, 0, 0, 0, 0, 0, 0, 0, 0, 0, 0, 0, 0, 0, 0, 0, 0, 0, 0, 0, 0, 0, 0, 0, 0, 0, 0, 0, 0, 0, 0, 0, 0, 0, 0, 0]

decode|38379.33|57961.07| op = [419]| tp = [1, ] | dp = [8, ] | algo = [0, ] | rc = [116] | gpus = [8] | micro_bs = 8 | time = [38379] | memory = [57961]
验证解
line146:config.memory_list:[57961.07299999998]
line147:config.time_list:[38379.32637324794]
求解成功
config has been saved to /home/liminglong.lml/sxz/SuperScaler/logs-large/aceso/configs/gpt/2_6B/gpt_2_6B_1stages_2026-5-15-8-9-22.json

========== Best Result (num_stages = 1) ==========
|38379.33|57961.07| op = [419]| tp = [1, ] | dp = [8, ] | algo = [0, ] | rc = [116] | gpus = [8] | micro_bs = 8 | time = [38379] | memory = [57961]
start|38379.33|57961.07| op = [419]| tp = [1, ] | dp = [8, ] | algo = [0, ] | rc = [116] | gpus = [8] | micro_bs = 8 | time = [38379] | memory = [57961]
decode|38379.33|57961.07| op = [419]| tp = [1, ] | dp = [8, ] | algo = [0, ] | rc = [116] | gpus = [8] | micro_bs = 8 | time = [38379] | memory = [57961]

num_targets: []
num_hops: []
search time = 0.00 s.  [0] 
num_explored_cases = 0
time trend: [38379]

stage 1 search time: 0.09 s
working on num_stages = 2
start|34003.49|57415.04| op = [210, 209]| tp = [1, 1, ] | dp = [4, 4, ] | algo = [0, 0, ] | rc = [32, 0] | gpus = [4, 4] | micro_bs = 8 | time = [34003, 33364] | memory = [53738, 57415]
line146:config.memory_list:[53738.07799999998, 57415.04299999999]
line147:config.time_list:[34003.4925346137, 33364.379630707735]
------------------------------------------------------------------------------------------------------
cegis_search for the 0th times
开始求解check...
line351:
tp_list[2, 2, 2, 2, 2, 2, 2, 2, 2, 2, 2, 2, 2, 2, 2, 2, 2, 2, 2, 2, 2, 2, 2, 2, 2, 2, 2, 2, 2, 2, 2, 2, 2, 2, 2, 2, 2, 2, 2, 2, 2, 2, 2, 2, 2, 2, 2, 2, 2, 2, 2, 2, 2, 2, 2, 2, 2, 2, 2, 2, 2, 2, 2, 2, 2, 2, 2, 2, 2, 2, 2, 2, 2, 2, 2, 2, 2, 2, 2, 2, 2, 2, 2, 2, 2, 2, 2, 2, 2, 2, 2, 2, 2, 2, 2, 2, 2, 2, 2, 2, 2, 2, 2, 2, 2, 2, 2, 2, 2, 2, 2, 2, 2, 2, 2, 2, 2, 2, 2, 2, 2, 2, 2, 2, 2, 2, 2, 2, 2, 2, 2, 2, 2, 2, 2, 2, 2, 2, 2, 2, 2, 2, 2, 2, 2, 2, 2, 2, 2, 2, 2, 2, 2, 2, 2, 2, 2, 2, 2, 2, 2, 2, 2, 2, 2, 2, 2, 2, 2, 2, 2, 2, 2, 2, 2, 2, 2, 2, 2, 2, 2, 2, 2, 2, 2, 2, 2, 2, 2, 2, 2, 2, 2, 2, 2, 2, 2, 2, 2, 2, 2, 2, 2, 2, 2, 2, 2, 2, 2, 2, 2, 2, 2, 2, 2, 2, 2, 2, 2, 2, 2, 2, 2, 2, 2, 2, 2, 2, 2, 2, 2, 2, 2, 2, 2, 2, 2, 2, 2, 2, 2, 2, 2, 2, 2, 2, 2, 2, 2, 2, 2, 2, 2, 2, 2, 2, 2, 2, 2, 2, 2, 2, 2, 2, 2, 2, 2, 2, 2, 2, 2, 2, 2, 2, 2, 2, 2, 2, 2, 2, 2, 2, 2, 2, 2, 2, 2, 2, 2, 2, 2, 2, 2, 2, 2, 2, 2, 2, 2, 2, 2, 2, 2, 2, 2, 2, 2, 2, 2, 2, 2, 2, 2, 2, 2, 2, 2, 2, 2, 2, 2, 2, 2, 2, 2, 2, 2, 2, 2, 2, 2, 2, 2, 2, 2, 2, 2, 2, 2, 2, 2, 2, 2, 2, 2, 2, 2, 2, 2, 2, 2, 2, 2, 2, 2, 2, 2, 2, 2, 2, 2, 2, 2, 2, 2, 2, 2, 2, 2, 2, 2, 2, 2, 2, 2, 2, 2, 2, 2, 2, 2, 2, 2, 2, 2, 2, 2, 2, 2, 2, 2, 2, 2, 2, 2, 2, 2, 2, 2, 2, 2, 2, 2, 2, 2, 2, 2, 2, 2, 2, 2, 2, 2, 2, 2, 2, 2, 2, 2]
dp_list[2, 2, 2, 2, 2, 2, 2, 2, 2, 2, 2, 2, 2, 2, 2, 2, 2, 2, 2, 2, 2, 2, 2, 2, 2, 2, 2, 2, 2, 2, 2, 2, 2, 2, 2, 2, 2, 2, 2, 2, 2, 2, 2, 2, 2, 2, 2, 2, 2, 2, 2, 2, 2, 2, 2, 2, 2, 2, 2, 2, 2, 2, 2, 2, 2, 2, 2, 2, 2, 2, 2, 2, 2, 2, 2, 2, 2, 2, 2, 2, 2, 2, 2, 2, 2, 2, 2, 2, 2, 2, 2, 2, 2, 2, 2, 2, 2, 2, 2, 2, 2, 2, 2, 2, 2, 2, 2, 2, 2, 2, 2, 2, 2, 2, 2, 2, 2, 2, 2, 2, 2, 2, 2, 2, 2, 2, 2, 2, 2, 2, 2, 2, 2, 2, 2, 2, 2, 2, 2, 2, 2, 2, 2, 2, 2, 2, 2, 2, 2, 2, 2, 2, 2, 2, 2, 2, 2, 2, 2, 2, 2, 2, 2, 2, 2, 2, 2, 2, 2, 2, 2, 2, 2, 2, 2, 2, 2, 2, 2, 2, 2, 2, 2, 2, 2, 2, 2, 2, 2, 2, 2, 2, 2, 2, 2, 2, 2, 2, 2, 2, 2, 2, 2, 2, 2, 2, 2, 2, 2, 2, 2, 2, 2, 2, 2, 2, 2, 2, 2, 2, 2, 2, 2, 2, 2, 2, 2, 2, 2, 2, 2, 2, 2, 2, 2, 2, 2, 2, 2, 2, 2, 2, 2, 2, 2, 2, 2, 2, 2, 2, 2, 2, 2, 2, 2, 2, 2, 2, 2, 2, 2, 2, 2, 2, 2, 2, 2, 2, 2, 2, 2, 2, 2, 2, 2, 2, 2, 2, 2, 2, 2, 2, 2, 2, 2, 2, 2, 2, 2, 2, 2, 2, 2, 2, 2, 2, 2, 2, 2, 2, 2, 2, 2, 2, 2, 2, 2, 2, 2, 2, 2, 2, 2, 2, 2, 2, 2, 2, 2, 2, 2, 2, 2, 2, 2, 2, 2, 2, 2, 2, 2, 2, 2, 2, 2, 2, 2, 2, 2, 2, 2, 2, 2, 2, 2, 2, 2, 2, 2, 2, 2, 2, 2, 2, 2, 2, 2, 2, 2, 2, 2, 2, 2, 2, 2, 2, 2, 2, 2, 2, 2, 2, 2, 2, 2, 2, 2, 2, 2, 2, 2, 2, 2, 2, 2, 2, 2, 2, 2, 2, 2, 2, 2, 2, 2, 2, 2, 2, 2, 2, 2, 2, 2, 2, 2, 2, 2, 2, 2, 2, 2, 2, 2, 2, 2, 2, 2, 2, 2]
algo_list[0, 0, 0, 0, 0, 0, 0, 0, 0, 0, 0, 0, 0, 0, 0, 0, 0, 0, 0, 0, 0, 0, 0, 0, 0, 0, 0, 0, 0, 0, 0, 0, 0, 0, 0, 0, 0, 0, 0, 0, 0, 0, 0, 0, 0, 0, 0, 0, 0, 0, 0, 0, 0, 0, 0, 0, 0, 0, 0, 0, 0, 0, 0, 0, 0, 0, 0, 0, 0, 0, 0, 0, 0, 0, 0, 0, 0, 0, 0, 0, 0, 0, 0, 0, 0, 0, 0, 0, 0, 0, 0, 0, 0, 0, 0, 0, 0, 0, 0, 0, 0, 0, 0, 0, 0, 0, 0, 0, 0, 0, 0, 0, 0, 0, 0, 0, 0, 0, 0, 0, 0, 0, 0, 0, 0, 0, 0, 0, 0, 0, 0, 0, 0, 0, 0, 0, 0, 0, 0, 0, 0, 0, 0, 0, 0, 0, 0, 0, 0, 0, 0, 0, 0, 0, 0, 0, 0, 0, 0, 0, 0, 0, 0, 0, 0, 0, 0, 0, 0, 0, 0, 0, 0, 0, 0, 0, 0, 0, 0, 0, 0, 0, 0, 0, 0, 0, 0, 0, 0, 0, 0, 0, 0, 0, 0, 0, 0, 0, 0, 0, 0, 0, 0, 0, 0, 0, 0, 0, 0, 0, 0, 0, 0, 0, 0, 0, 0, 0, 0, 0, 0, 0, 0, 0, 0, 0, 0, 0, 0, 0, 0, 0, 0, 0, 0, 0, 0, 0, 0, 0, 0, 0, 0, 0, 0, 0, 0, 0, 0, 0, 0, 0, 0, 0, 0, 0, 0, 0, 0, 0, 0, 0, 0, 0, 0, 0, 0, 0, 0, 0, 0, 0, 0, 0, 0, 0, 0, 0, 0, 0, 0, 0, 0, 0, 0, 0, 0, 0, 0, 0, 0, 0, 0, 0, 0, 0, 0, 0, 0, 0, 0, 0, 0, 0, 0, 0, 0, 0, 0, 0, 0, 0, 0, 0, 0, 0, 0, 0, 0, 0, 0, 0, 0, 0, 0, 0, 0, 0, 0, 0, 0, 0, 0, 0, 0, 0, 0, 0, 0, 0, 0, 0, 0, 0, 0, 0, 0, 0, 0, 0, 0, 0, 0, 0, 0, 0, 0, 0, 0, 0, 0, 0, 0, 0, 0, 0, 0, 0, 0, 0, 0, 0, 0, 0, 0, 0, 0, 0, 0, 0, 0, 0, 0, 0, 0, 0, 0, 0, 0, 0, 0, 0, 0, 0, 0, 0, 0, 0, 0, 0, 0, 0, 0, 0, 0, 0, 0, 0, 0, 0, 0, 0, 0, 0, 0, 0, 0, 0, 0]

decode|83240.00|49026.09| op = [210, 209]| tp = [2, 2, ] | dp = [2, 2, ] | algo = [0, 0, ] | rc = [32, 0] | gpus = [4, 4] | micro_bs = 8 | time = [83239, 82582] | memory = [47620, 49026]
验证解
line146:config.memory_list:[47620.29400000004, 49026.086000000025]
line147:config.time_list:[83239.99968663232, 82582.17853931451]
求解成功
config has been saved to /home/liminglong.lml/sxz/SuperScaler/logs-large/aceso/configs/gpt/2_6B/gpt_2_6B_2stages_2026-5-15-8-9-22.json

========== Best Result (num_stages = 2) ==========
|83240.00|49026.09| op = [210, 209]| tp = [2, 2, ] | dp = [2, 2, ] | algo = [0, 0, ] | rc = [32, 0] | gpus = [4, 4] | micro_bs = 8 | time = [83239, 82582] | memory = [47620, 49026]
start|34003.49|57415.04| op = [210, 209]| tp = [1, 1, ] | dp = [4, 4, ] | algo = [0, 0, ] | rc = [32, 0] | gpus = [4, 4] | micro_bs = 8 | time = [34003, 33364] | memory = [53738, 57415]
decode|83240.00|49026.09| op = [210, 209]| tp = [2, 2, ] | dp = [2, 2, ] | algo = [0, 0, ] | rc = [32, 0] | gpus = [4, 4] | micro_bs = 8 | time = [83239, 82582] | memory = [47620, 49026]

num_targets: []
num_hops: []
search time = 0.00 s.  [0] 
num_explored_cases = 0
time trend: [34003]

stage 2 search time: 0.19 s
working on num_stages = 3
start|35575.08|57821.12| op = [210, 105, 104]| tp = [1, 1, 1, ] | dp = [4, 2, 2, ] | algo = [0, 0, 0, ] | rc = [46, 16, 0] | gpus = [4, 2, 2] | micro_bs = 8 | time = [35342, 34869, 35575] | memory = [57821, 46269, 50805]
line465:max stage:2, min stage:1, max_value:35575.0795782154, min_value:34869.9144904683
fix|35730.56|57821.12| op = [210, 106, 103]| tp = [1, 1, 1, ] | dp = [4, 2, 2, ] | algo = [0, 0, 0, ] | rc = [46, 16, 0] | gpus = [4, 2, 2] | micro_bs = 8 | time = [35349, 35718, 35730] | memory = [57821, 48317, 50725]
best|35575.08|57821.12| op = [210, 105, 104]| tp = [1, 1, 1, ] | dp = [4, 2, 2, ] | algo = [0, 0, 0, ] | rc = [46, 16, 0] | gpus = [4, 2, 2] | micro_bs = 8 | time = [35342, 34869, 35575] | memory = [57821, 46269, 50805]
line146:config.memory_list:[57821.11699999997, 46269.984000000026, 50805.09400000001]
line147:config.time_list:[35342.14708306953, 34869.9144904683, 35575.0795782154]
------------------------------------------------------------------------------------------------------
cegis_search for the 0th times
开始求解check...
line351:
tp_list[1, 1, 1, 1, 1, 1, 1, 1, 1, 1, 1, 1, 1, 1, 1, 1, 1, 1, 1, 1, 1, 1, 1, 1, 1, 1, 1, 1, 1, 1, 1, 1, 1, 1, 1, 1, 1, 1, 1, 1, 1, 1, 1, 1, 1, 1, 1, 1, 1, 1, 1, 1, 1, 1, 1, 1, 1, 1, 1, 1, 1, 1, 1, 1, 1, 1, 1, 1, 1, 1, 1, 1, 1, 1, 1, 1, 1, 1, 1, 1, 1, 1, 1, 1, 1, 1, 1, 1, 1, 1, 1, 1, 1, 1, 1, 1, 1, 1, 1, 1, 1, 1, 1, 1, 1, 1, 1, 1, 1, 1, 1, 1, 1, 1, 1, 1, 1, 1, 1, 1, 1, 1, 1, 1, 1, 1, 1, 1, 1, 1, 1, 1, 1, 1, 1, 1, 1, 1, 1, 1, 1, 1, 1, 1, 1, 1, 1, 1, 1, 1, 1, 1, 1, 1, 1, 1, 1, 1, 1, 1, 1, 1, 1, 1, 1, 1, 1, 1, 1, 1, 1, 1, 1, 1, 1, 1, 1, 1, 1, 1, 1, 1, 1, 1, 1, 1, 1, 1, 1, 1, 1, 1, 1, 1, 1, 1, 1, 1, 1, 1, 1, 1, 1, 1, 1, 1, 1, 1, 1, 1, 1, 1, 1, 1, 1, 1, 1, 1, 1, 1, 1, 1, 1, 1, 1, 1, 1, 1, 1, 1, 1, 1, 1, 1, 1, 1, 1, 1, 1, 1, 1, 1, 1, 1, 1, 1, 1, 1, 1, 1, 1, 1, 1, 1, 1, 1, 1, 1, 1, 1, 1, 1, 1, 1, 1, 1, 1, 1, 1, 1, 1, 1, 1, 1, 1, 1, 1, 1, 1, 1, 1, 1, 1, 1, 1, 1, 1, 1, 1, 1, 1, 1, 1, 1, 1, 1, 1, 1, 1, 1, 1, 1, 1, 1, 1, 1, 1, 1, 1, 1, 1, 1, 1, 1, 1, 1, 1, 1, 1, 1, 1, 1, 1, 1, 1, 1, 1, 1, 1, 1, 1, 1, 1, 1, 1, 1, 1, 1, 1, 1, 1, 1, 1, 1, 1, 1, 1, 1, 1, 1, 1, 1, 1, 1, 1, 1, 1, 1, 1, 1, 1, 1, 1, 1, 1, 1, 1, 1, 1, 1, 1, 1, 1, 1, 1, 1, 1, 1, 1, 1, 1, 1, 1, 1, 1, 1, 1, 1, 1, 1, 1, 1, 1, 1, 1, 1, 1, 1, 1, 1, 1, 1, 1, 1, 1, 1, 1, 1, 1, 1, 1, 1, 1, 1, 1, 1, 1, 1, 1]
dp_list[4, 4, 4, 4, 4, 4, 4, 4, 4, 4, 4, 4, 4, 4, 4, 4, 4, 4, 4, 4, 4, 4, 4, 4, 4, 4, 4, 4, 4, 4, 4, 4, 4, 4, 4, 4, 4, 4, 4, 4, 4, 4, 4, 4, 4, 4, 4, 4, 4, 4, 4, 4, 4, 4, 4, 4, 4, 4, 4, 4, 4, 4, 4, 4, 4, 4, 4, 4, 4, 4, 4, 4, 4, 4, 4, 4, 4, 4, 4, 4, 4, 4, 4, 4, 4, 4, 4, 4, 4, 4, 4, 4, 4, 4, 4, 4, 4, 4, 4, 4, 4, 4, 4, 4, 4, 4, 4, 4, 4, 4, 4, 4, 4, 4, 4, 4, 4, 4, 4, 4, 4, 4, 4, 4, 4, 4, 4, 4, 4, 4, 4, 4, 4, 4, 4, 4, 4, 4, 4, 4, 4, 4, 4, 4, 4, 4, 4, 4, 4, 4, 4, 4, 4, 4, 4, 4, 4, 4, 4, 4, 4, 4, 4, 4, 4, 4, 4, 4, 4, 4, 4, 4, 4, 4, 4, 4, 4, 4, 4, 4, 4, 4, 4, 4, 4, 4, 4, 4, 4, 4, 4, 4, 4, 4, 4, 4, 4, 4, 4, 4, 4, 4, 4, 4, 4, 4, 4, 4, 4, 4, 2, 2, 2, 2, 2, 2, 2, 2, 2, 2, 2, 2, 2, 2, 2, 2, 2, 2, 2, 2, 2, 2, 2, 2, 2, 2, 2, 2, 2, 2, 2, 2, 2, 2, 2, 2, 2, 2, 2, 2, 2, 2, 2, 2, 2, 2, 2, 2, 2, 2, 2, 2, 2, 2, 2, 2, 2, 2, 2, 2, 2, 2, 2, 2, 2, 2, 2, 2, 2, 2, 2, 2, 2, 2, 2, 2, 2, 2, 2, 2, 2, 2, 2, 2, 2, 2, 2, 2, 2, 2, 2, 2, 2, 2, 2, 2, 2, 2, 2, 2, 2, 2, 2, 2, 2, 2, 2, 2, 2, 2, 2, 2, 2, 2, 2, 2, 2, 2, 2, 2, 2, 2, 2, 2, 2, 2, 2, 2, 2, 2, 2, 2, 2, 2, 2, 2, 2, 2, 2, 2, 2, 2, 2, 2, 2, 2, 2, 2, 2, 2, 2, 2, 2, 2, 2, 2, 2, 2, 2, 2, 2, 2, 2, 2, 2, 2, 2, 2, 2, 2, 2, 2, 2, 2, 2, 2, 2, 2, 2, 2, 2, 2, 2, 2, 2, 2, 2, 2, 2, 2, 2, 2, 2, 2, 2, 2, 2, 2, 2, 2, 2, 2, 2, 2, 2, 2, 2, 2, 2]
algo_list[0, 0, 0, 0, 0, 0, 0, 0, 0, 0, 0, 0, 0, 0, 0, 0, 0, 0, 0, 0, 0, 0, 0, 0, 0, 0, 0, 0, 0, 0, 0, 0, 0, 0, 0, 0, 0, 0, 0, 0, 0, 0, 0, 0, 0, 0, 0, 0, 0, 0, 0, 0, 0, 0, 0, 0, 0, 0, 0, 0, 0, 0, 0, 0, 0, 0, 0, 0, 0, 0, 0, 0, 0, 0, 0, 0, 0, 0, 0, 0, 0, 0, 0, 0, 0, 0, 0, 0, 0, 0, 0, 0, 0, 0, 0, 0, 0, 0, 0, 0, 0, 0, 0, 0, 0, 0, 0, 0, 0, 0, 0, 0, 0, 0, 0, 0, 0, 0, 0, 0, 0, 0, 0, 0, 0, 0, 0, 0, 0, 0, 0, 0, 0, 0, 0, 0, 0, 0, 0, 0, 0, 0, 0, 0, 0, 0, 0, 0, 0, 0, 0, 0, 0, 0, 0, 0, 0, 0, 0, 0, 0, 0, 0, 0, 0, 0, 0, 0, 0, 0, 0, 0, 0, 0, 0, 0, 0, 0, 0, 0, 0, 0, 0, 0, 0, 0, 0, 0, 0, 0, 0, 0, 0, 0, 0, 0, 0, 0, 0, 0, 0, 0, 0, 0, 0, 0, 0, 0, 0, 0, 0, 0, 0, 0, 0, 0, 0, 0, 0, 0, 0, 0, 0, 0, 0, 0, 0, 0, 0, 0, 0, 0, 0, 0, 0, 0, 0, 0, 0, 0, 0, 0, 0, 0, 0, 0, 0, 0, 0, 0, 0, 0, 0, 0, 0, 0, 0, 0, 0, 0, 0, 0, 0, 0, 0, 0, 0, 0, 0, 0, 0, 0, 0, 0, 0, 0, 0, 0, 0, 0, 0, 0, 0, 0, 0, 0, 0, 0, 0, 0, 0, 0, 0, 0, 0, 0, 0, 0, 0, 0, 0, 0, 0, 0, 0, 0, 0, 0, 0, 0, 0, 0, 0, 0, 0, 0, 0, 0, 0, 0, 0, 0, 0, 0, 0, 0, 0, 0, 0, 0, 0, 0, 0, 0, 0, 0, 0, 0, 0, 0, 0, 0, 0, 0, 0, 0, 0, 0, 0, 0, 0, 0, 0, 0, 0, 0, 0, 0, 0, 0, 0, 0, 0, 0, 0, 0, 0, 0, 0, 0, 0, 0, 0, 0, 0, 0, 0, 0, 0, 0, 0, 0, 0, 0, 0, 0, 0, 0, 0, 0, 0, 0, 0, 0, 0, 0, 0, 0, 0, 0, 0, 0, 0, 0, 0, 0, 0, 0, 0, 0, 0, 0, 0, 0, 0, 0, 0, 0, 0]

decode|35730.56|57821.12| op = [210, 106, 103]| tp = [1, 1, 1, ] | dp = [4, 2, 2, ] | algo = [0, 0, 0, ] | rc = [46, 16, 0] | gpus = [4, 2, 2] | micro_bs = 8 | time = [35349, 35718, 35730] | memory = [57821, 48317, 50725]
验证解
line465:max stage:2, min stage:0, max_value:35730.55865801114, min_value:35349.93183204311
fix|35922.31|57858.62| op = [211, 106, 102]| tp = [1, 1, 1, ] | dp = [4, 2, 2, ] | algo = [0, 0, 0, ] | rc = [50, 16, 0] | gpus = [4, 2, 2] | micro_bs = 8 | time = [35922, 35543, 35363] | memory = [57858, 47937, 50725]
best|35730.56|57821.12| op = [210, 106, 103]| tp = [1, 1, 1, ] | dp = [4, 2, 2, ] | algo = [0, 0, 0, ] | rc = [46, 16, 0] | gpus = [4, 2, 2] | micro_bs = 8 | time = [35349, 35718, 35730] | memory = [57821, 48317, 50725]
line146:config.memory_list:[57821.11699999997, 48317.984000000026, 50725.09400000001]
line147:config.time_list:[35349.93183204311, 35718.66802826404, 35730.55865801114]
求解成功
config has been saved to /home/liminglong.lml/sxz/SuperScaler/logs-large/aceso/configs/gpt/2_6B/gpt_2_6B_3stages_2026-5-15-8-9-22.json

========== Best Result (num_stages = 3) ==========
|35730.56|57821.12| op = [210, 106, 103]| tp = [1, 1, 1, ] | dp = [4, 2, 2, ] | algo = [0, 0, 0, ] | rc = [46, 16, 0] | gpus = [4, 2, 2] | micro_bs = 8 | time = [35349, 35718, 35730] | memory = [57821, 48317, 50725]
start|35575.08|57821.12| op = [210, 105, 104]| tp = [1, 1, 1, ] | dp = [4, 2, 2, ] | algo = [0, 0, 0, ] | rc = [46, 16, 0] | gpus = [4, 2, 2] | micro_bs = 8 | time = [35342, 34869, 35575] | memory = [57821, 46269, 50805]
best|35575.08|57821.12| op = [210, 105, 104]| tp = [1, 1, 1, ] | dp = [4, 2, 2, ] | algo = [0, 0, 0, ] | rc = [46, 16, 0] | gpus = [4, 2, 2] | micro_bs = 8 | time = [35342, 34869, 35575] | memory = [57821, 46269, 50805]
decode|35730.56|57821.12| op = [210, 106, 103]| tp = [1, 1, 1, ] | dp = [4, 2, 2, ] | algo = [0, 0, 0, ] | rc = [46, 16, 0] | gpus = [4, 2, 2] | micro_bs = 8 | time = [35349, 35718, 35730] | memory = [57821, 48317, 50725]
best|35730.56|57821.12| op = [210, 106, 103]| tp = [1, 1, 1, ] | dp = [4, 2, 2, ] | algo = [0, 0, 0, ] | rc = [46, 16, 0] | gpus = [4, 2, 2] | micro_bs = 8 | time = [35349, 35718, 35730] | memory = [57821, 48317, 50725]

num_targets: []
num_hops: []
search time = 0.00 s.  [0] 
num_explored_cases = 0
time trend: [35575]

stage 3 search time: 0.40 s
working on num_stages = 4
start|36201.84|57555.16| op = [105, 105, 105, 104]| tp = [1, 1, 1, 1, ] | dp = [2, 2, 2, 2, ] | algo = [0, 0, 0, 0, ] | rc = [26, 20, 16, 0] | gpus = [2, 2, 2, 2] | micro_bs = 8 | time = [36201, 35128, 35142, 35847] | memory = [56980, 57555, 46269, 50805]
line465:max stage:0, min stage:1, max_value:36201.83791953017, min_value:35128.491440465266
fix|36177.06|57855.18| op = [104, 106, 105, 104]| tp = [1, 1, 1, 1, ] | dp = [2, 2, 2, 2, ] | algo = [0, 0, 0, 0, ] | rc = [26, 20, 16, 0] | gpus = [2, 2, 2, 2] | micro_bs = 8 | time = [36177, 35196, 35142, 35848] | memory = [56740, 57855, 46269, 50805]
best|36177.06|57855.18| op = [104, 106, 105, 104]| tp = [1, 1, 1, 1, ] | dp = [2, 2, 2, 2, ] | algo = [0, 0, 0, 0, ] | rc = [26, 20, 16, 0] | gpus = [2, 2, 2, 2] | micro_bs = 8 | time = [36177, 35196, 35142, 35848] | memory = [56740, 57855, 46269, 50805]
line146:config.memory_list:[56740.09200000005, 57855.177000000025, 46269.984000000026, 50805.09400000001]
line147:config.time_list:[36177.05511909552, 35196.954834030614, 35142.923138766186, 35848.08822651329]
------------------------------------------------------------------------------------------------------
cegis_search for the 0th times
开始求解check...
line351:
tp_list[1, 1, 1, 1, 1, 1, 1, 1, 1, 1, 1, 1, 1, 1, 1, 1, 1, 1, 1, 1, 1, 1, 1, 1, 1, 1, 1, 1, 1, 1, 1, 1, 1, 1, 1, 1, 1, 1, 1, 1, 1, 1, 1, 1, 1, 1, 1, 1, 1, 1, 1, 1, 1, 1, 1, 1, 1, 1, 1, 1, 1, 1, 1, 1, 1, 1, 1, 1, 1, 1, 1, 1, 1, 1, 1, 1, 1, 1, 1, 1, 1, 1, 1, 1, 1, 1, 1, 1, 1, 1, 1, 1, 1, 1, 1, 1, 1, 1, 1, 1, 1, 1, 1, 1, 1, 1, 1, 1, 1, 1, 1, 1, 1, 1, 1, 1, 1, 1, 1, 1, 1, 1, 1, 1, 1, 1, 1, 1, 1, 1, 1, 1, 1, 1, 1, 1, 1, 1, 1, 1, 1, 1, 1, 1, 1, 1, 1, 1, 1, 1, 1, 1, 1, 1, 1, 1, 1, 1, 1, 1, 1, 1, 1, 1, 1, 1, 1, 1, 1, 1, 1, 1, 1, 1, 1, 1, 1, 1, 1, 1, 1, 1, 1, 1, 1, 1, 1, 1, 1, 1, 1, 1, 1, 1, 1, 1, 1, 1, 1, 1, 1, 1, 1, 1, 1, 1, 1, 1, 1, 1, 1, 1, 1, 1, 1, 1, 1, 1, 1, 1, 1, 1, 1, 1, 1, 1, 1, 1, 1, 1, 1, 1, 1, 1, 1, 1, 1, 1, 1, 1, 1, 1, 1, 1, 1, 1, 1, 1, 1, 1, 1, 1, 1, 1, 1, 1, 1, 1, 1, 1, 1, 1, 1, 1, 1, 1, 1, 1, 1, 1, 1, 1, 1, 1, 1, 1, 1, 1, 1, 1, 1, 1, 1, 1, 1, 1, 1, 1, 1, 1, 1, 1, 1, 1, 1, 1, 1, 1, 1, 1, 1, 1, 1, 1, 1, 1, 1, 1, 1, 1, 1, 1, 1, 1, 1, 1, 1, 1, 1, 1, 1, 1, 1, 1, 1, 1, 1, 1, 1, 1, 1, 1, 1, 1, 1, 1, 1, 1, 1, 1, 1, 1, 1, 1, 1, 1, 1, 1, 1, 1, 1, 1, 1, 1, 1, 1, 1, 1, 1, 1, 1, 1, 1, 1, 1, 1, 1, 1, 1, 1, 1, 1, 1, 1, 1, 1, 1, 1, 1, 1, 1, 1, 1, 1, 1, 1, 1, 1, 1, 1, 1, 1, 1, 1, 1, 1, 1, 1, 1, 1, 1, 1, 1, 1, 1, 1, 1, 1, 1, 1, 1, 1, 1, 1, 1, 1, 1, 1, 1]
dp_list[2, 2, 2, 2, 2, 2, 2, 2, 2, 2, 2, 2, 2, 2, 2, 2, 2, 2, 2, 2, 2, 2, 2, 2, 2, 2, 2, 2, 2, 2, 2, 2, 2, 2, 2, 2, 2, 2, 2, 2, 2, 2, 2, 2, 2, 2, 2, 2, 2, 2, 2, 2, 2, 2, 2, 2, 2, 2, 2, 2, 2, 2, 2, 2, 2, 2, 2, 2, 2, 2, 2, 2, 2, 2, 2, 2, 2, 2, 2, 2, 2, 2, 2, 2, 2, 2, 2, 2, 2, 2, 2, 2, 2, 2, 2, 2, 2, 2, 2, 2, 2, 2, 2, 2, 2, 2, 2, 2, 2, 2, 2, 2, 2, 2, 2, 2, 2, 2, 2, 2, 2, 2, 2, 2, 2, 2, 2, 2, 2, 2, 2, 2, 2, 2, 2, 2, 2, 2, 2, 2, 2, 2, 2, 2, 2, 2, 2, 2, 2, 2, 2, 2, 2, 2, 2, 2, 2, 2, 2, 2, 2, 2, 2, 2, 2, 2, 2, 2, 2, 2, 2, 2, 2, 2, 2, 2, 2, 2, 2, 2, 2, 2, 2, 2, 2, 2, 2, 2, 2, 2, 2, 2, 2, 2, 2, 2, 2, 2, 2, 2, 2, 2, 2, 2, 2, 2, 2, 2, 2, 2, 2, 2, 2, 2, 2, 2, 2, 2, 2, 2, 2, 2, 2, 2, 2, 2, 2, 2, 2, 2, 2, 2, 2, 2, 2, 2, 2, 2, 2, 2, 2, 2, 2, 2, 2, 2, 2, 2, 2, 2, 2, 2, 2, 2, 2, 2, 2, 2, 2, 2, 2, 2, 2, 2, 2, 2, 2, 2, 2, 2, 2, 2, 2, 2, 2, 2, 2, 2, 2, 2, 2, 2, 2, 2, 2, 2, 2, 2, 2, 2, 2, 2, 2, 2, 2, 2, 2, 2, 2, 2, 2, 2, 2, 2, 2, 2, 2, 2, 2, 2, 2, 2, 2, 2, 2, 2, 2, 2, 2, 2, 2, 2, 2, 2, 2, 2, 2, 2, 2, 2, 2, 2, 2, 2, 2, 2, 2, 2, 2, 2, 2, 2, 2, 2, 2, 2, 2, 2, 2, 2, 2, 2, 2, 2, 2, 2, 2, 2, 2, 2, 2, 2, 2, 2, 2, 2, 2, 2, 2, 2, 2, 2, 2, 2, 2, 2, 2, 2, 2, 2, 2, 2, 2, 2, 2, 2, 2, 2, 2, 2, 2, 2, 2, 2, 2, 2, 2, 2, 2, 2, 2, 2, 2, 2, 2, 2, 2, 2, 2, 2, 2, 2, 2, 2, 2, 2, 2, 2, 2]
algo_list[0, 0, 0, 0, 0, 0, 0, 0, 0, 0, 0, 0, 0, 0, 0, 0, 0, 0, 0, 0, 0, 0, 0, 0, 0, 0, 0, 0, 0, 0, 0, 0, 0, 0, 0, 0, 0, 0, 0, 0, 0, 0, 0, 0, 0, 0, 0, 0, 0, 0, 0, 0, 0, 0, 0, 0, 0, 0, 0, 0, 0, 0, 0, 0, 0, 0, 0, 0, 0, 0, 0, 0, 0, 0, 0, 0, 0, 0, 0, 0, 0, 0, 0, 0, 0, 0, 0, 0, 0, 0, 0, 0, 0, 0, 0, 0, 0, 0, 0, 0, 0, 0, 0, 0, 0, 0, 0, 0, 0, 0, 0, 0, 0, 0, 0, 0, 0, 0, 0, 0, 0, 0, 0, 0, 0, 0, 0, 0, 0, 0, 0, 0, 0, 0, 0, 0, 0, 0, 0, 0, 0, 0, 0, 0, 0, 0, 0, 0, 0, 0, 0, 0, 0, 0, 0, 0, 0, 0, 0, 0, 0, 0, 0, 0, 0, 0, 0, 0, 0, 0, 0, 0, 0, 0, 0, 0, 0, 0, 0, 0, 0, 0, 0, 0, 0, 0, 0, 0, 0, 0, 0, 0, 0, 0, 0, 0, 0, 0, 0, 0, 0, 0, 0, 0, 0, 0, 0, 0, 0, 0, 0, 0, 0, 0, 0, 0, 0, 0, 0, 0, 0, 0, 0, 0, 0, 0, 0, 0, 0, 0, 0, 0, 0, 0, 0, 0, 0, 0, 0, 0, 0, 0, 0, 0, 0, 0, 0, 0, 0, 0, 0, 0, 0, 0, 0, 0, 0, 0, 0, 0, 0, 0, 0, 0, 0, 0, 0, 0, 0, 0, 0, 0, 0, 0, 0, 0, 0, 0, 0, 0, 0, 0, 0, 0, 0, 0, 0, 0, 0, 0, 0, 0, 0, 0, 0, 0, 0, 0, 0, 0, 0, 0, 0, 0, 0, 0, 0, 0, 0, 0, 0, 0, 0, 0, 0, 0, 0, 0, 0, 0, 0, 0, 0, 0, 0, 0, 0, 0, 0, 0, 0, 0, 0, 0, 0, 0, 0, 0, 0, 0, 0, 0, 0, 0, 0, 0, 0, 0, 0, 0, 0, 0, 0, 0, 0, 0, 0, 0, 0, 0, 0, 0, 0, 0, 0, 0, 0, 0, 0, 0, 0, 0, 0, 0, 0, 0, 0, 0, 0, 0, 0, 0, 0, 0, 0, 0, 0, 0, 0, 0, 0, 0, 0, 0, 0, 0, 0, 0, 0, 0, 0, 0, 0, 0, 0, 0, 0, 0, 0, 0, 0, 0, 0, 0, 0, 0, 0, 0, 0]

decode|36177.06|57855.18| op = [104, 106, 105, 104]| tp = [1, 1, 1, 1, ] | dp = [2, 2, 2, 2, ] | algo = [0, 0, 0, 0, ] | rc = [26, 20, 16, 0] | gpus = [2, 2, 2, 2] | micro_bs = 8 | time = [36177, 35196, 35142, 35848] | memory = [56740, 57855, 46269, 50805]
验证解
line465:max stage:0, min stage:2, max_value:36177.05511909552, min_value:35142.923138766186
fix|35848.84|56180.09| op = [103, 106, 106, 104]| tp = [1, 1, 1, 1, ] | dp = [2, 2, 2, 2, ] | algo = [0, 0, 0, 0, ] | rc = [26, 20, 16, 0] | gpus = [2, 2, 2, 2] | micro_bs = 8 | time = [35598, 35848, 35167, 35848] | memory = [56180, 56022, 46270, 50805]
best|35848.84|56180.09| op = [103, 106, 106, 104]| tp = [1, 1, 1, 1, ] | dp = [2, 2, 2, 2, ] | algo = [0, 0, 0, 0, ] | rc = [26, 20, 16, 0] | gpus = [2, 2, 2, 2] | micro_bs = 8 | time = [35598, 35848, 35167, 35848] | memory = [56180, 56022, 46270, 50805]
line146:config.memory_list:[56180.09200000005, 56022.97600000004, 46270.10800000004, 50805.09400000001]
line147:config.time_list:[35598.78074363189, 35848.16340184879, 35167.902593952145, 35848.84140841745]
求解成功
config has been saved to /home/liminglong.lml/sxz/SuperScaler/logs-large/aceso/configs/gpt/2_6B/gpt_2_6B_4stages_2026-5-15-8-9-22.json

========== Best Result (num_stages = 4) ==========
|35848.84|56180.09| op = [103, 106, 106, 104]| tp = [1, 1, 1, 1, ] | dp = [2, 2, 2, 2, ] | algo = [0, 0, 0, 0, ] | rc = [26, 20, 16, 0] | gpus = [2, 2, 2, 2] | micro_bs = 8 | time = [35598, 35848, 35167, 35848] | memory = [56180, 56022, 46270, 50805]
start|36201.84|57555.16| op = [105, 105, 105, 104]| tp = [1, 1, 1, 1, ] | dp = [2, 2, 2, 2, ] | algo = [0, 0, 0, 0, ] | rc = [26, 20, 16, 0] | gpus = [2, 2, 2, 2] | micro_bs = 8 | time = [36201, 35128, 35142, 35847] | memory = [56980, 57555, 46269, 50805]
fix|36177.06|57855.18| op = [104, 106, 105, 104]| tp = [1, 1, 1, 1, ] | dp = [2, 2, 2, 2, ] | algo = [0, 0, 0, 0, ] | rc = [26, 20, 16, 0] | gpus = [2, 2, 2, 2] | micro_bs = 8 | time = [36177, 35196, 35142, 35848] | memory = [56740, 57855, 46269, 50805]
best|36177.06|57855.18| op = [104, 106, 105, 104]| tp = [1, 1, 1, 1, ] | dp = [2, 2, 2, 2, ] | algo = [0, 0, 0, 0, ] | rc = [26, 20, 16, 0] | gpus = [2, 2, 2, 2] | micro_bs = 8 | time = [36177, 35196, 35142, 35848] | memory = [56740, 57855, 46269, 50805]
decode|36177.06|57855.18| op = [104, 106, 105, 104]| tp = [1, 1, 1, 1, ] | dp = [2, 2, 2, 2, ] | algo = [0, 0, 0, 0, ] | rc = [26, 20, 16, 0] | gpus = [2, 2, 2, 2] | micro_bs = 8 | time = [36177, 35196, 35142, 35848] | memory = [56740, 57855, 46269, 50805]
fix|35848.84|56180.09| op = [103, 106, 106, 104]| tp = [1, 1, 1, 1, ] | dp = [2, 2, 2, 2, ] | algo = [0, 0, 0, 0, ] | rc = [26, 20, 16, 0] | gpus = [2, 2, 2, 2] | micro_bs = 8 | time = [35598, 35848, 35167, 35848] | memory = [56180, 56022, 46270, 50805]
best|35848.84|56180.09| op = [103, 106, 106, 104]| tp = [1, 1, 1, 1, ] | dp = [2, 2, 2, 2, ] | algo = [0, 0, 0, 0, ] | rc = [26, 20, 16, 0] | gpus = [2, 2, 2, 2] | micro_bs = 8 | time = [35598, 35848, 35167, 35848] | memory = [56180, 56022, 46270, 50805]

num_targets: []
num_hops: []
search time = 0.00 s.  [0] 
num_explored_cases = 0
time trend: [36201]

stage 4 search time: 0.67 s
working on num_stages = 5
start|39729.83|57734.98| op = [105, 105, 105, 52, 52]| tp = [1, 1, 1, 1, 1, ] | dp = [2, 2, 2, 1, 1, ] | algo = [0, 0, 0, 0, 0, ] | rc = [30, 26, 22, 8, 0] | gpus = [2, 2, 2, 1, 1] | micro_bs = 8 | time = [37100, 36337, 36309, 34515, 39729] | memory = [55953, 54980, 57734, 48834, 52805]
line465:max stage:4, min stage:3, max_value:39729.82726164958, min_value:34515.97112681894
fix|40037.47|57734.98| op = [105, 105, 105, 53, 51]| tp = [1, 1, 1, 1, 1, ] | dp = [2, 2, 2, 1, 1, ] | algo = [0, 0, 0, 0, 0, ] | rc = [30, 26, 22, 8, 0] | gpus = [2, 2, 2, 1, 1] | micro_bs = 8 | time = [37116, 36352, 36324, 36209, 40037] | memory = [55953, 54980, 57734, 52930, 52645]
cv:0.03899134771015817
line465:max stage:4, min stage:3, max_value:40037.46852159492, min_value:36209.09145476429
fix|39305.26|57734.98| op = [105, 105, 105, 54, 50]| tp = [1, 1, 1, 1, 1, ] | dp = [2, 2, 2, 1, 1, ] | algo = [0, 0, 0, 0, 0, ] | rc = [30, 26, 22, 8, 0] | gpus = [2, 2, 2, 1, 1] | micro_bs = 8 | time = [37116, 36352, 36324, 36941, 39305] | memory = [55953, 54980, 57734, 52930, 52645]
cv:0.02941628695720106
line465:max stage:4, min stage:2, max_value:39305.25941959493, min_value:36324.600495070736
fix|41155.03|57858.00| op = [105, 105, 106, 54, 49]| tp = [1, 1, 1, 1, 1, ] | dp = [2, 2, 2, 1, 1, ] | algo = [0, 0, 0, 0, 0, ] | rc = [30, 26, 24, 18, 0] | gpus = [2, 2, 2, 1, 1] | micro_bs = 8 | time = [37151, 36387, 37496, 41155, 38480] | memory = [55953, 54980, 57734, 57858, 48037]
cv:0.0433562914672104
line465:max stage:3, min stage:1, max_value:41155.027315320884, min_value:36387.82779738122
fix|40109.49|57858.00| op = [105, 106, 106, 53, 49]| tp = [1, 1, 1, 1, 1, ] | dp = [2, 2, 2, 1, 1, ] | algo = [0, 0, 0, 0, 0, ] | rc = [30, 26, 22, 17, 0] | gpus = [2, 2, 2, 1, 1] | micro_bs = 8 | time = [37144, 36996, 37032, 40109, 38473] | memory = [55953, 55760, 57794, 57858, 48037]
cv:0.031919724362393334
line465:max stage:3, min stage:1, max_value:40109.492903845814, min_value:36996.60380123981
fix|38886.07|57858.00| op = [105, 107, 106, 52, 49]| tp = [1, 1, 1, 1, 1, ] | dp = [2, 2, 2, 1, 1, ] | algo = [0, 0, 0, 0, 0, ] | rc = [30, 28, 30, 15, 0] | gpus = [2, 2, 2, 1, 1] | micro_bs = 8 | time = [37155, 38144, 38886, 38564, 38484] | memory = [55953, 55760, 57842, 57858, 48037]
cv:0.015544359903322709
line465:max stage:2, min stage:0, max_value:38886.065371909564, min_value:37155.63825594464
fix|38563.53|57858.00| op = [106, 107, 105, 52, 49]| tp = [1, 1, 1, 1, 1, ] | dp = [2, 2, 2, 1, 1, ] | algo = [0, 0, 0, 0, 0, ] | rc = [30, 28, 29, 15, 0] | gpus = [2, 2, 2, 1, 1] | micro_bs = 8 | time = [37221, 38486, 38364, 38563, 38484] | memory = [56153, 55759, 57842, 57858, 48037]
best|38563.53|57858.00| op = [106, 107, 105, 52, 49]| tp = [1, 1, 1, 1, 1, ] | dp = [2, 2, 2, 1, 1, ] | algo = [0, 0, 0, 0, 0, ] | rc = [30, 28, 29, 15, 0] | gpus = [2, 2, 2, 1, 1] | micro_bs = 8 | time = [37221, 38486, 38364, 38563, 38484] | memory = [56153, 55759, 57842, 57858, 48037]
line146:config.memory_list:[56153.42500000007, 55759.96800000005, 57842.97600000004, 57858.0, 48037.203]
line147:config.time_list:[37221.98662254817, 38486.67645663908, 38364.06084579489, 38563.52966670472, 38484.00448134111]
------------------------------------------------------------------------------------------------------
cegis_search for the 0th times
开始求解check...
line351:
tp_list[1, 1, 1, 1, 1, 1, 1, 1, 1, 1, 1, 1, 1, 1, 1, 1, 1, 1, 1, 1, 1, 1, 1, 1, 1, 1, 1, 1, 1, 1, 1, 1, 1, 1, 1, 1, 1, 1, 1, 1, 1, 1, 1, 1, 1, 1, 1, 1, 1, 1, 1, 1, 1, 1, 1, 1, 1, 1, 1, 1, 1, 1, 1, 1, 1, 1, 1, 1, 1, 1, 1, 1, 1, 1, 1, 1, 1, 1, 1, 1, 1, 1, 1, 1, 1, 1, 1, 1, 1, 1, 1, 1, 1, 1, 1, 1, 1, 1, 1, 1, 1, 1, 1, 1, 1, 1, 1, 1, 1, 1, 1, 1, 1, 1, 1, 1, 1, 1, 1, 1, 1, 1, 1, 1, 1, 1, 1, 1, 1, 1, 1, 1, 1, 1, 1, 1, 1, 1, 1, 1, 1, 1, 1, 1, 1, 1, 1, 1, 1, 1, 1, 1, 1, 1, 1, 1, 1, 1, 1, 1, 1, 1, 1, 1, 1, 1, 1, 1, 1, 1, 1, 1, 1, 1, 1, 1, 1, 1, 1, 1, 1, 1, 1, 1, 1, 1, 1, 1, 1, 1, 1, 1, 1, 1, 1, 1, 1, 1, 1, 1, 1, 1, 1, 1, 1, 1, 1, 1, 1, 1, 1, 1, 1, 1, 1, 1, 1, 1, 1, 1, 1, 1, 1, 1, 1, 1, 1, 1, 1, 1, 1, 1, 1, 1, 1, 1, 1, 1, 1, 1, 1, 1, 1, 1, 1, 1, 1, 1, 1, 1, 1, 1, 1, 1, 1, 1, 1, 1, 1, 1, 1, 1, 1, 1, 1, 1, 1, 1, 1, 1, 1, 1, 1, 1, 1, 1, 1, 1, 1, 1, 1, 1, 1, 1, 1, 1, 1, 1, 1, 1, 1, 1, 1, 1, 1, 1, 1, 1, 1, 1, 1, 1, 1, 1, 1, 1, 1, 1, 1, 1, 1, 1, 1, 1, 1, 1, 1, 1, 1, 1, 1, 1, 1, 1, 1, 1, 1, 1, 1, 1, 1, 1, 1, 1, 1, 1, 1, 1, 1, 1, 1, 1, 1, 1, 1, 1, 1, 1, 1, 1, 1, 1, 1, 1, 1, 1, 1, 1, 1, 1, 1, 1, 1, 1, 1, 1, 1, 1, 1, 1, 1, 1, 1, 1, 1, 1, 1, 1, 1, 1, 1, 1, 1, 1, 1, 1, 1, 1, 1, 1, 1, 1, 1, 1, 1, 1, 1, 1, 1, 1, 1, 1, 1, 1, 1, 1, 1, 1, 1, 1, 1, 1, 1, 1, 1, 1, 1, 1, 1]
dp_list[2, 2, 2, 2, 2, 2, 2, 2, 2, 2, 2, 2, 2, 2, 2, 2, 2, 2, 2, 2, 2, 2, 2, 2, 2, 2, 2, 2, 2, 2, 2, 2, 2, 2, 2, 2, 2, 2, 2, 2, 2, 2, 2, 2, 2, 2, 2, 2, 2, 2, 2, 2, 2, 2, 2, 2, 2, 2, 2, 2, 2, 2, 2, 2, 2, 2, 2, 2, 2, 2, 2, 2, 2, 2, 2, 2, 2, 2, 2, 2, 2, 2, 2, 2, 2, 2, 2, 2, 2, 2, 2, 2, 2, 2, 2, 2, 2, 2, 2, 2, 2, 2, 2, 2, 2, 2, 2, 2, 2, 2, 2, 2, 2, 2, 2, 2, 2, 2, 2, 2, 2, 2, 2, 2, 2, 2, 2, 2, 2, 2, 2, 2, 2, 2, 2, 2, 2, 2, 2, 2, 2, 2, 2, 2, 2, 2, 2, 2, 2, 2, 2, 2, 2, 2, 2, 2, 2, 2, 2, 2, 2, 2, 2, 2, 2, 2, 2, 2, 2, 2, 2, 2, 2, 2, 2, 2, 2, 2, 2, 2, 2, 2, 2, 2, 2, 2, 2, 2, 2, 2, 2, 2, 2, 2, 2, 2, 2, 2, 2, 2, 2, 2, 2, 2, 2, 2, 2, 2, 2, 2, 2, 2, 2, 2, 2, 2, 2, 2, 2, 2, 2, 2, 2, 2, 2, 2, 2, 2, 2, 2, 2, 2, 2, 2, 2, 2, 2, 2, 2, 2, 2, 2, 2, 2, 2, 2, 2, 2, 2, 2, 2, 2, 2, 2, 2, 2, 2, 2, 2, 2, 2, 2, 2, 2, 2, 2, 2, 2, 2, 2, 2, 2, 2, 2, 2, 2, 2, 2, 2, 2, 2, 2, 2, 2, 2, 2, 2, 2, 2, 2, 2, 2, 2, 2, 2, 2, 2, 2, 2, 2, 2, 2, 2, 2, 2, 2, 2, 2, 2, 2, 2, 2, 2, 2, 2, 2, 2, 2, 1, 1, 1, 1, 1, 1, 1, 1, 1, 1, 1, 1, 1, 1, 1, 1, 1, 1, 1, 1, 1, 1, 1, 1, 1, 1, 1, 1, 1, 1, 1, 1, 1, 1, 1, 1, 1, 1, 1, 1, 1, 1, 1, 1, 1, 1, 1, 1, 1, 1, 1, 1, 1, 1, 1, 1, 1, 1, 1, 1, 1, 1, 1, 1, 1, 1, 1, 1, 1, 1, 1, 1, 1, 1, 1, 1, 1, 1, 1, 1, 1, 1, 1, 1, 1, 1, 1, 1, 1, 1, 1, 1, 1, 1, 1, 1, 1, 1, 1, 1, 1]
algo_list[0, 0, 0, 0, 0, 0, 0, 0, 0, 0, 0, 0, 0, 0, 0, 0, 0, 0, 0, 0, 0, 0, 0, 0, 0, 0, 0, 0, 0, 0, 0, 0, 0, 0, 0, 0, 0, 0, 0, 0, 0, 0, 0, 0, 0, 0, 0, 0, 0, 0, 0, 0, 0, 0, 0, 0, 0, 0, 0, 0, 0, 0, 0, 0, 0, 0, 0, 0, 0, 0, 0, 0, 0, 0, 0, 0, 0, 0, 0, 0, 0, 0, 0, 0, 0, 0, 0, 0, 0, 0, 0, 0, 0, 0, 0, 0, 0, 0, 0, 0, 0, 0, 0, 0, 0, 0, 0, 0, 0, 0, 0, 0, 0, 0, 0, 0, 0, 0, 0, 0, 0, 0, 0, 0, 0, 0, 0, 0, 0, 0, 0, 0, 0, 0, 0, 0, 0, 0, 0, 0, 0, 0, 0, 0, 0, 0, 0, 0, 0, 0, 0, 0, 0, 0, 0, 0, 0, 0, 0, 0, 0, 0, 0, 0, 0, 0, 0, 0, 0, 0, 0, 0, 0, 0, 0, 0, 0, 0, 0, 0, 0, 0, 0, 0, 0, 0, 0, 0, 0, 0, 0, 0, 0, 0, 0, 0, 0, 0, 0, 0, 0, 0, 0, 0, 0, 0, 0, 0, 0, 0, 0, 0, 0, 0, 0, 0, 0, 0, 0, 0, 0, 0, 0, 0, 0, 0, 0, 0, 0, 0, 0, 0, 0, 0, 0, 0, 0, 0, 0, 0, 0, 0, 0, 0, 0, 0, 0, 0, 0, 0, 0, 0, 0, 0, 0, 0, 0, 0, 0, 0, 0, 0, 0, 0, 0, 0, 0, 0, 0, 0, 0, 0, 0, 0, 0, 0, 0, 0, 0, 0, 0, 0, 0, 0, 0, 0, 0, 0, 0, 0, 0, 0, 0, 0, 0, 0, 0, 0, 0, 0, 0, 0, 0, 0, 0, 0, 0, 0, 0, 0, 0, 0, 0, 0, 0, 0, 0, 0, 0, 0, 0, 0, 0, 0, 0, 0, 0, 0, 0, 0, 0, 0, 0, 0, 0, 0, 0, 0, 0, 0, 0, 0, 0, 0, 0, 0, 0, 0, 0, 0, 0, 0, 0, 0, 0, 0, 0, 0, 0, 0, 0, 0, 0, 0, 0, 0, 0, 0, 0, 0, 0, 0, 0, 0, 0, 0, 0, 0, 0, 0, 0, 0, 0, 0, 0, 0, 0, 0, 0, 0, 0, 0, 0, 0, 0, 0, 0, 0, 0, 0, 0, 0, 0, 0, 0, 0, 0, 0, 0, 0, 0, 0, 0, 0, 0, 0, 0, 0, 0]

decode|38563.53|57858.00| op = [106, 107, 105, 52, 49]| tp = [1, 1, 1, 1, 1, ] | dp = [2, 2, 2, 1, 1, ] | algo = [0, 0, 0, 0, 0, ] | rc = [30, 28, 29, 15, 0] | gpus = [2, 2, 2, 1, 1] | micro_bs = 8 | time = [37221, 38486, 38364, 38563, 38484] | memory = [56153, 55759, 57842, 57858, 48037]
验证解
line465:max stage:3, min stage:0, max_value:38563.52966670472, min_value:37221.98662254817
fix|39168.57|57674.98| op = [107, 107, 105, 51, 49]| tp = [1, 1, 1, 1, 1, ] | dp = [2, 2, 2, 1, 1, ] | algo = [0, 0, 0, 0, 0, ] | rc = [30, 33, 22, 7, 0] | gpus = [2, 2, 2, 1, 1] | micro_bs = 8 | time = [37803, 39168, 36611, 34509, 38449] | memory = [57053, 56323, 57674, 57570, 48037]
cv:0.0437561109727978
line465:max stage:1, min stage:3, max_value:39168.57129144307, min_value:34509.831792397985
fix|38564.11|57858.00| op = [107, 106, 105, 52, 49]| tp = [1, 1, 1, 1, 1, ] | dp = [2, 2, 2, 1, 1, ] | algo = [0, 0, 0, 0, 0, ] | rc = [30, 28, 29, 15, 0] | gpus = [2, 2, 2, 1, 1] | micro_bs = 8 | time = [37838, 37944, 38364, 38564, 38484] | memory = [57053, 55299, 57842, 57858, 48037]
best|38563.53|57858.00| op = [106, 107, 105, 52, 49]| tp = [1, 1, 1, 1, 1, ] | dp = [2, 2, 2, 1, 1, ] | algo = [0, 0, 0, 0, 0, ] | rc = [30, 28, 29, 15, 0] | gpus = [2, 2, 2, 1, 1] | micro_bs = 8 | time = [37221, 38486, 38364, 38563, 38484] | memory = [56153, 55759, 57842, 57858, 48037]
line146:config.memory_list:[56153.42500000007, 55759.96800000005, 57842.97600000004, 57858.0, 48037.203]
line147:config.time_list:[37221.98662254817, 38486.67645663908, 38364.06084579489, 38563.52966670472, 38484.00448134111]
求解成功
config has been saved to /home/liminglong.lml/sxz/SuperScaler/logs-large/aceso/configs/gpt/2_6B/gpt_2_6B_5stages_2026-5-15-8-9-22.json

========== Best Result (num_stages = 5) ==========
|38563.53|57858.00| op = [106, 107, 105, 52, 49]| tp = [1, 1, 1, 1, 1, ] | dp = [2, 2, 2, 1, 1, ] | algo = [0, 0, 0, 0, 0, ] | rc = [30, 28, 29, 15, 0] | gpus = [2, 2, 2, 1, 1] | micro_bs = 8 | time = [37221, 38486, 38364, 38563, 38484] | memory = [56153, 55759, 57842, 57858, 48037]
start|39729.83|57734.98| op = [105, 105, 105, 52, 52]| tp = [1, 1, 1, 1, 1, ] | dp = [2, 2, 2, 1, 1, ] | algo = [0, 0, 0, 0, 0, ] | rc = [30, 26, 22, 8, 0] | gpus = [2, 2, 2, 1, 1] | micro_bs = 8 | time = [37100, 36337, 36309, 34515, 39729] | memory = [55953, 54980, 57734, 48834, 52805]
fix|40037.47|57734.98| op = [105, 105, 105, 53, 51]| tp = [1, 1, 1, 1, 1, ] | dp = [2, 2, 2, 1, 1, ] | algo = [0, 0, 0, 0, 0, ] | rc = [30, 26, 22, 8, 0] | gpus = [2, 2, 2, 1, 1] | micro_bs = 8 | time = [37116, 36352, 36324, 36209, 40037] | memory = [55953, 54980, 57734, 52930, 52645]
fix|39305.26|57734.98| op = [105, 105, 105, 54, 50]| tp = [1, 1, 1, 1, 1, ] | dp = [2, 2, 2, 1, 1, ] | algo = [0, 0, 0, 0, 0, ] | rc = [30, 26, 22, 8, 0] | gpus = [2, 2, 2, 1, 1] | micro_bs = 8 | time = [37116, 36352, 36324, 36941, 39305] | memory = [55953, 54980, 57734, 52930, 52645]
fix|41155.03|57858.00| op = [105, 105, 106, 54, 49]| tp = [1, 1, 1, 1, 1, ] | dp = [2, 2, 2, 1, 1, ] | algo = [0, 0, 0, 0, 0, ] | rc = [30, 26, 24, 18, 0] | gpus = [2, 2, 2, 1, 1] | micro_bs = 8 | time = [37151, 36387, 37496, 41155, 38480] | memory = [55953, 54980, 57734, 57858, 48037]
fix|40109.49|57858.00| op = [105, 106, 106, 53, 49]| tp = [1, 1, 1, 1, 1, ] | dp = [2, 2, 2, 1, 1, ] | algo = [0, 0, 0, 0, 0, ] | rc = [30, 26, 22, 17, 0] | gpus = [2, 2, 2, 1, 1] | micro_bs = 8 | time = [37144, 36996, 37032, 40109, 38473] | memory = [55953, 55760, 57794, 57858, 48037]
fix|38886.07|57858.00| op = [105, 107, 106, 52, 49]| tp = [1, 1, 1, 1, 1, ] | dp = [2, 2, 2, 1, 1, ] | algo = [0, 0, 0, 0, 0, ] | rc = [30, 28, 30, 15, 0] | gpus = [2, 2, 2, 1, 1] | micro_bs = 8 | time = [37155, 38144, 38886, 38564, 38484] | memory = [55953, 55760, 57842, 57858, 48037]
fix|38563.53|57858.00| op = [106, 107, 105, 52, 49]| tp = [1, 1, 1, 1, 1, ] | dp = [2, 2, 2, 1, 1, ] | algo = [0, 0, 0, 0, 0, ] | rc = [30, 28, 29, 15, 0] | gpus = [2, 2, 2, 1, 1] | micro_bs = 8 | time = [37221, 38486, 38364, 38563, 38484] | memory = [56153, 55759, 57842, 57858, 48037]
best|38563.53|57858.00| op = [106, 107, 105, 52, 49]| tp = [1, 1, 1, 1, 1, ] | dp = [2, 2, 2, 1, 1, ] | algo = [0, 0, 0, 0, 0, ] | rc = [30, 28, 29, 15, 0] | gpus = [2, 2, 2, 1, 1] | micro_bs = 8 | time = [37221, 38486, 38364, 38563, 38484] | memory = [56153, 55759, 57842, 57858, 48037]
decode|38563.53|57858.00| op = [106, 107, 105, 52, 49]| tp = [1, 1, 1, 1, 1, ] | dp = [2, 2, 2, 1, 1, ] | algo = [0, 0, 0, 0, 0, ] | rc = [30, 28, 29, 15, 0] | gpus = [2, 2, 2, 1, 1] | micro_bs = 8 | time = [37221, 38486, 38364, 38563, 38484] | memory = [56153, 55759, 57842, 57858, 48037]
best|38563.53|57858.00| op = [106, 107, 105, 52, 49]| tp = [1, 1, 1, 1, 1, ] | dp = [2, 2, 2, 1, 1, ] | algo = [0, 0, 0, 0, 0, ] | rc = [30, 28, 29, 15, 0] | gpus = [2, 2, 2, 1, 1] | micro_bs = 8 | time = [37221, 38486, 38364, 38563, 38484] | memory = [56153, 55759, 57842, 57858, 48037]

num_targets: []
num_hops: []
search time = 0.00 s.  [0] 
num_explored_cases = 0
time trend: [39729]

stage 5 search time: 0.56 s
working on num_stages = 6
start|41079.83|57891.00| op = [105, 105, 52, 52, 52, 53]| tp = [1, 1, 1, 1, 1, 1, ] | dp = [2, 2, 1, 1, 1, 1, ] | algo = [0, 0, 0, 0, 0, 0, ] | rc = [32, 30, 14, 12, 8, 0] | gpus = [2, 2, 1, 1, 1, 1] | micro_bs = 8 | time = [37677, 37209, 36416, 35779, 34632, 41079] | memory = [56974, 53973, 54852, 57891, 48514, 53185]
line465:max stage:5, min stage:4, max_value:41079.827686553035, min_value:34632.10223513958
fix|40012.40|57891.00| op = [105, 105, 52, 52, 53, 52]| tp = [1, 1, 1, 1, 1, 1, ] | dp = [2, 2, 1, 1, 1, 1, ] | algo = [0, 0, 0, 0, 0, 0, ] | rc = [32, 30, 14, 12, 8, 0] | gpus = [2, 2, 1, 1, 1, 1] | micro_bs = 8 | time = [37679, 37211, 36418, 35780, 35867, 40012] | memory = [56974, 53973, 54852, 57891, 49294, 52805]
cv:0.03889187777820847
line465:max stage:5, min stage:3, max_value:40012.397391995444, min_value:35780.37408399916
fix|40325.69|57951.00| op = [105, 105, 52, 53, 53, 51]| tp = [1, 1, 1, 1, 1, 1, ] | dp = [2, 2, 1, 1, 1, 1, ] | algo = [0, 0, 0, 0, 0, 0, ] | rc = [32, 30, 14, 14, 8, 0] | gpus = [2, 2, 1, 1, 1, 1] | micro_bs = 8 | time = [37700, 37232, 36439, 37587, 36497, 40325] | memory = [56974, 53973, 54852, 57951, 52930, 52645]
cv:0.03453306300784881
line465:max stage:5, min stage:2, max_value:40325.68566180035, min_value:36439.37935660981
fix|39614.97|57411.00| op = [105, 105, 53, 53, 53, 50]| tp = [1, 1, 1, 1, 1, 1, ] | dp = [2, 2, 1, 1, 1, 1, ] | algo = [0, 0, 0, 0, 0, 0, ] | rc = [32, 30, 14, 16, 8, 0] | gpus = [2, 2, 1, 1, 1, 1] | micro_bs = 8 | time = [37721, 37253, 37694, 38812, 37543, 39614] | memory = [56974, 53973, 56112, 57411, 52610, 52645]
cv:0.021788032439561678
line465:max stage:5, min stage:1, max_value:39614.97121141102, min_value:37253.91998783498
fix|40427.16|57891.00| op = [105, 106, 53, 53, 53, 49]| tp = [1, 1, 1, 1, 1, 1, ] | dp = [2, 2, 1, 1, 1, 1, ] | algo = [0, 0, 0, 0, 0, 0, ] | rc = [32, 30, 16, 15, 17, 0] | gpus = [2, 2, 1, 1, 1, 1] | micro_bs = 8 | time = [37757, 37905, 38934, 39627, 40427, 38791] | memory = [56974, 54873, 55492, 57891, 57858, 48037]
cv:0.0238520873204365
line465:max stage:4, min stage:0, max_value:40427.16283821798, min_value:37757.83696034323
fix|42239.85|57858.00| op = [106, 106, 53, 53, 52, 49]| tp = [1, 1, 1, 1, 1, 1, ] | dp = [2, 2, 1, 1, 1, 1, ] | algo = [0, 0, 0, 0, 0, 0, ] | rc = [32, 32, 17, 23, 15, 0] | gpus = [2, 2, 1, 1, 1, 1] | micro_bs = 8 | time = [37852, 39046, 40293, 42239, 38898, 38819] | memory = [57214, 54872, 54852, 57507, 57858, 48037]
cv:0.0355951890056736
line465:max stage:3, min stage:0, max_value:42239.84551946564, min_value:37852.92096130909
fix|46145.45|57858.00| op = [107, 106, 53, 52, 52, 49]| tp = [1, 1, 1, 1, 1, 1, ] | dp = [2, 2, 1, 1, 1, 1, ] | algo = [0, 0, 0, 0, 0, 0, ] | rc = [34, 32, 50, 21, 15, 0] | gpus = [2, 2, 1, 1, 1, 1] | micro_bs = 8 | time = [38789, 38909, 46145, 40722, 38937, 38858] | memory = [57274, 54372, 56680, 57507, 57858, 48037]
cv:0.06584264649398355
line465:max stage:2, min stage:0, max_value:46145.45085299058, min_value:38789.48057716767
fix|45068.21|57858.00| op = [108, 106, 52, 52, 52, 49]| tp = [1, 1, 1, 1, 1, 1, ] | dp = [2, 2, 1, 1, 1, 1, ] | algo = [0, 0, 0, 0, 0, 0, ] | rc = [47, 54, 49, 21, 15, 0] | gpus = [2, 2, 1, 1, 1, 1] | micro_bs = 8 | time = [41503, 42657, 45068, 40764, 38979, 38899] | memory = [57658, 57512, 55920, 57507, 57858, 48037]
cv:0.0518380426416638
line465:max stage:2, min stage:5, max_value:45068.21281596416, min_value:38899.831634600545
fix|42575.08|57891.00| op = [108, 106, 51, 52, 52, 50]| tp = [1, 1, 1, 1, 1, 1, ] | dp = [2, 2, 1, 1, 1, 1, ] | algo = [0, 0, 0, 0, 0, 0, ] | rc = [47, 54, 14, 14, 8, 0] | gpus = [2, 2, 1, 1, 1, 1] | micro_bs = 8 | time = [41420, 42575, 37696, 38614, 36872, 39676] | memory = [57658, 57512, 54852, 57891, 52610, 52645]
cv:0.05078373192469912
line465:max stage:1, min stage:4, max_value:42575.07921005433, min_value:36872.70067796416
fix|41423.65|57924.00| op = [108, 105, 51, 52, 53, 50]| tp = [1, 1, 1, 1, 1, 1, ] | dp = [2, 2, 1, 1, 1, 1, ] | algo = [0, 0, 0, 0, 0, 0, ] | rc = [47, 33, 23, 15, 8, 0] | gpus = [2, 2, 1, 1, 1, 1] | micro_bs = 8 | time = [41423, 39172, 40424, 38923, 37607, 39679] | memory = [57658, 53972, 57924, 57891, 52610, 52645]
cv:0.030277070523925476
line465:max stage:0, min stage:4, max_value:41423.653364963415, min_value:37607.73990296416
fix|39608.00|57411.00| op = [107, 105, 51, 52, 54, 50]| tp = [1, 1, 1, 1, 1, 1, ] | dp = [2, 2, 1, 1, 1, 1, ] | algo = [0, 0, 0, 0, 0, 0, ] | rc = [34, 32, 15, 14, 8, 0] | gpus = [2, 2, 1, 1, 1, 1] | micro_bs = 8 | time = [38679, 38432, 37217, 36533, 37244, 39608] | memory = [57274, 54372, 54852, 57411, 52930, 52645]
cv:0.027542044071926536
line465:max stage:5, min stage:3, max_value:39608.00481712479, min_value:36533.2293830999
fix|41466.72|57858.00| op = [107, 105, 51, 53, 54, 49]| tp = [1, 1, 1, 1, 1, 1, ] | dp = [2, 2, 1, 1, 1, 1, ] | algo = [0, 0, 0, 0, 0, 0, ] | rc = [34, 32, 15, 16, 18, 0] | gpus = [2, 2, 1, 1, 1, 1] | micro_bs = 8 | time = [38723, 38476, 37261, 38849, 41466, 38792] | memory = [57274, 54372, 54852, 57411, 57858, 48037]
cv:0.032310282822170446
line465:max stage:4, min stage:2, max_value:41466.71641223949, min_value:37261.60202904523
fix|41466.70|57924.00| op = [107, 105, 52, 53, 53, 49]| tp = [1, 1, 1, 1, 1, 1, ] | dp = [2, 2, 1, 1, 1, 1, ] | algo = [0, 0, 0, 0, 0, 0, ] | rc = [34, 32, 24, 15, 17, 0] | gpus = [2, 2, 1, 1, 1, 1] | micro_bs = 8 | time = [38754, 38507, 41466, 39659, 40458, 38823] | memory = [57274, 54372, 57924, 57891, 57858, 48037]
cv:0.026752372795646198
line465:max stage:2, min stage:1, max_value:41466.70358799058, min_value:38507.37611525858
fix|40453.65|57924.00| op = [107, 106, 51, 53, 53, 49]| tp = [1, 1, 1, 1, 1, 1, ] | dp = [2, 2, 1, 1, 1, 1, ] | algo = [0, 0, 0, 0, 0, 0, ] | rc = [34, 32, 23, 15, 17, 0] | gpus = [2, 2, 1, 1, 1, 1] | micro_bs = 8 | time = [38748, 38869, 40422, 39654, 40453, 38817] | memory = [57274, 54372, 57924, 57891, 57858, 48037]
cv:0.01852516000146966
line465:max stage:4, min stage:0, max_value:40453.64604499058, min_value:38748.89878216767
fix|42612.77|57858.00| op = [108, 106, 51, 53, 52, 49]| tp = [1, 1, 1, 1, 1, 1, ] | dp = [2, 2, 1, 1, 1, 1, ] | algo = [0, 0, 0, 0, 0, 0, ] | rc = [47, 54, 14, 23, 15, 0] | gpus = [2, 2, 1, 1, 1, 1] | micro_bs = 8 | time = [41458, 42612, 37733, 42275, 38934, 38854] | memory = [57658, 57512, 54852, 57507, 57858, 48037]
cv:0.04655437364976067
line465:max stage:1, min stage:2, max_value:42612.77294405433, min_value:37733.86101496416
fix|42260.77|57858.00| op = [108, 105, 52, 53, 52, 49]| tp = [1, 1, 1, 1, 1, 1, ] | dp = [2, 2, 1, 1, 1, 1, ] | algo = [0, 0, 0, 0, 0, 0, ] | rc = [47, 33, 16, 23, 15, 0] | gpus = [2, 2, 1, 1, 1, 1] | micro_bs = 8 | time = [41443, 39193, 39275, 42260, 38919, 38840] | memory = [57658, 53972, 54852, 57507, 57858, 48037]
cv:0.03367970429702034
line465:max stage:3, min stage:5, max_value:42260.77250196416, min_value:38840.13385660055
fix|41406.27|57891.00| op = [108, 105, 52, 52, 52, 50]| tp = [1, 1, 1, 1, 1, 1, ] | dp = [2, 2, 1, 1, 1, 1, ] | algo = [0, 0, 0, 0, 0, 0, ] | rc = [47, 33, 16, 14, 8, 0] | gpus = [2, 2, 1, 1, 1, 1] | micro_bs = 8 | time = [41406, 39155, 39237, 38600, 36858, 39662] | memory = [57658, 53972, 54852, 57891, 52610, 52645]
cv:0.03444952919014639
line465:max stage:0, min stage:4, max_value:41406.266544963415, min_value:36858.14398096416
fix|41445.28|57924.00| op = [107, 105, 52, 52, 53, 50]| tp = [1, 1, 1, 1, 1, 1, ] | dp = [2, 2, 1, 1, 1, 1, ] | algo = [0, 0, 0, 0, 0, 0, ] | rc = [34, 32, 24, 15, 8, 0] | gpus = [2, 2, 1, 1, 1, 1] | micro_bs = 8 | time = [38732, 38485, 41445, 38905, 37589, 39661] | memory = [57274, 54372, 57924, 57891, 52610, 52645]
cv:0.030658831280315664
line465:max stage:2, min stage:4, max_value:41445.28331699058, min_value:37589.60624299058
fix|39608.00|57411.00| op = [107, 105, 51, 52, 54, 50]| tp = [1, 1, 1, 1, 1, 1, ] | dp = [2, 2, 1, 1, 1, 1, ] | algo = [0, 0, 0, 0, 0, 0, ] | rc = [34, 32, 15, 14, 8, 0] | gpus = [2, 2, 1, 1, 1, 1] | micro_bs = 8 | time = [38679, 38432, 37217, 36533, 37244, 39608] | memory = [57274, 54372, 54852, 57411, 52930, 52645]
cv:0.027542044071926536
line465:max stage:5, min stage:3, max_value:39608.00481712479, min_value:36533.2293830999
best|39608.00|57411.00| op = [107, 105, 51, 52, 54, 50]| tp = [1, 1, 1, 1, 1, 1, ] | dp = [2, 2, 1, 1, 1, 1, ] | algo = [0, 0, 0, 0, 0, 0, ] | rc = [34, 32, 15, 14, 8, 0] | gpus = [2, 2, 1, 1, 1, 1] | micro_bs = 8 | time = [38679, 38432, 37217, 36533, 37244, 39608] | memory = [57274, 54372, 54852, 57411, 52930, 52645]
line146:config.memory_list:[57274.51000000008, 54372.960000000065, 54852.0, 57411.0, 52930.0, 52645.203]
line147:config.time_list:[38679.33582966549, 38432.5270357564, 37217.57483629414, 36533.2293830999, 37244.04595429414, 39608.00481712479]
------------------------------------------------------------------------------------------------------
cegis_search for the 0th times
开始求解check...
line351:
tp_list[1, 1, 1, 1, 1, 1, 1, 1, 1, 1, 1, 1, 1, 1, 1, 1, 1, 1, 1, 1, 1, 1, 1, 1, 1, 1, 1, 1, 1, 1, 1, 1, 1, 1, 1, 1, 1, 1, 1, 1, 1, 1, 1, 1, 1, 1, 1, 1, 1, 1, 1, 1, 1, 1, 1, 1, 1, 1, 1, 1, 1, 1, 1, 1, 1, 1, 1, 1, 1, 1, 1, 1, 1, 1, 1, 1, 1, 1, 1, 1, 1, 1, 1, 1, 1, 1, 1, 1, 1, 1, 1, 1, 1, 1, 1, 1, 1, 1, 1, 1, 1, 1, 1, 1, 1, 1, 1, 1, 1, 1, 1, 1, 1, 1, 1, 1, 1, 1, 1, 1, 1, 1, 1, 1, 1, 1, 1, 1, 1, 1, 1, 1, 1, 1, 1, 1, 1, 1, 1, 1, 1, 1, 1, 1, 1, 1, 1, 1, 1, 1, 1, 1, 1, 1, 1, 1, 1, 1, 1, 1, 1, 1, 1, 1, 1, 1, 1, 1, 1, 1, 1, 1, 1, 1, 1, 1, 1, 1, 1, 1, 1, 1, 1, 1, 1, 1, 1, 1, 1, 1, 1, 1, 1, 1, 1, 1, 1, 1, 1, 1, 1, 1, 1, 1, 1, 1, 1, 1, 1, 1, 1, 1, 1, 1, 1, 1, 1, 1, 1, 1, 1, 1, 1, 1, 1, 1, 1, 1, 1, 1, 1, 1, 1, 1, 1, 1, 1, 1, 1, 1, 1, 1, 1, 1, 1, 1, 1, 1, 1, 1, 1, 1, 1, 1, 1, 1, 1, 1, 1, 1, 1, 1, 1, 1, 1, 1, 1, 1, 1, 1, 1, 1, 1, 1, 1, 1, 1, 1, 1, 1, 1, 1, 1, 1, 1, 1, 1, 1, 1, 1, 1, 1, 1, 1, 1, 1, 1, 1, 1, 1, 1, 1, 1, 1, 1, 1, 1, 1, 1, 1, 1, 1, 1, 1, 1, 1, 1, 1, 1, 1, 1, 1, 1, 1, 1, 1, 1, 1, 1, 1, 1, 1, 1, 1, 1, 1, 1, 1, 1, 1, 1, 1, 1, 1, 1, 1, 1, 1, 1, 1, 1, 1, 1, 1, 1, 1, 1, 1, 1, 1, 1, 1, 1, 1, 1, 1, 1, 1, 1, 1, 1, 1, 1, 1, 1, 1, 1, 1, 1, 1, 1, 1, 1, 1, 1, 1, 1, 1, 1, 1, 1, 1, 1, 1, 1, 1, 1, 1, 1, 1, 1, 1, 1, 1, 1, 1, 1, 1, 1, 1, 1, 1, 1, 1, 1, 1, 1, 1, 1]
dp_list[2, 2, 2, 2, 2, 2, 2, 2, 2, 2, 2, 2, 2, 2, 2, 2, 2, 2, 2, 2, 2, 2, 2, 2, 2, 2, 2, 2, 2, 2, 2, 2, 2, 2, 2, 2, 2, 2, 2, 2, 2, 2, 2, 2, 2, 2, 2, 2, 2, 2, 2, 2, 2, 2, 2, 2, 2, 2, 2, 2, 2, 2, 2, 2, 2, 2, 2, 2, 2, 2, 2, 2, 2, 2, 2, 2, 2, 2, 2, 2, 2, 2, 2, 2, 2, 2, 2, 2, 2, 2, 2, 2, 2, 2, 2, 2, 2, 2, 2, 2, 2, 2, 2, 2, 2, 2, 2, 2, 2, 2, 2, 2, 2, 2, 2, 2, 2, 2, 2, 2, 2, 2, 2, 2, 2, 2, 2, 2, 2, 2, 2, 2, 2, 2, 2, 2, 2, 2, 2, 2, 2, 2, 2, 2, 2, 2, 2, 2, 2, 2, 2, 2, 2, 2, 2, 2, 2, 2, 2, 2, 2, 2, 2, 2, 2, 2, 2, 2, 2, 2, 2, 2, 2, 2, 2, 2, 2, 2, 2, 2, 2, 2, 2, 2, 2, 2, 2, 2, 2, 2, 2, 2, 2, 2, 2, 2, 2, 2, 2, 2, 2, 2, 2, 2, 2, 2, 2, 2, 2, 2, 2, 2, 1, 1, 1, 1, 1, 1, 1, 1, 1, 1, 1, 1, 1, 1, 1, 1, 1, 1, 1, 1, 1, 1, 1, 1, 1, 1, 1, 1, 1, 1, 1, 1, 1, 1, 1, 1, 1, 1, 1, 1, 1, 1, 1, 1, 1, 1, 1, 1, 1, 1, 1, 1, 1, 1, 1, 1, 1, 1, 1, 1, 1, 1, 1, 1, 1, 1, 1, 1, 1, 1, 1, 1, 1, 1, 1, 1, 1, 1, 1, 1, 1, 1, 1, 1, 1, 1, 1, 1, 1, 1, 1, 1, 1, 1, 1, 1, 1, 1, 1, 1, 1, 1, 1, 1, 1, 1, 1, 1, 1, 1, 1, 1, 1, 1, 1, 1, 1, 1, 1, 1, 1, 1, 1, 1, 1, 1, 1, 1, 1, 1, 1, 1, 1, 1, 1, 1, 1, 1, 1, 1, 1, 1, 1, 1, 1, 1, 1, 1, 1, 1, 1, 1, 1, 1, 1, 1, 1, 1, 1, 1, 1, 1, 1, 1, 1, 1, 1, 1, 1, 1, 1, 1, 1, 1, 1, 1, 1, 1, 1, 1, 1, 1, 1, 1, 1, 1, 1, 1, 1, 1, 1, 1, 1, 1, 1, 1, 1, 1, 1, 1, 1, 1, 1, 1, 1, 1, 1]
algo_list[0, 0, 0, 0, 0, 0, 0, 0, 0, 0, 0, 0, 0, 0, 0, 0, 0, 0, 0, 0, 0, 0, 0, 0, 0, 0, 0, 0, 0, 0, 0, 0, 0, 0, 0, 0, 0, 0, 0, 0, 0, 0, 0, 0, 0, 0, 0, 0, 0, 0, 0, 0, 0, 0, 0, 0, 0, 0, 0, 0, 0, 0, 0, 0, 0, 0, 0, 0, 0, 0, 0, 0, 0, 0, 0, 0, 0, 0, 0, 0, 0, 0, 0, 0, 0, 0, 0, 0, 0, 0, 0, 0, 0, 0, 0, 0, 0, 0, 0, 0, 0, 0, 0, 0, 0, 0, 0, 0, 0, 0, 0, 0, 0, 0, 0, 0, 0, 0, 0, 0, 0, 0, 0, 0, 0, 0, 0, 0, 0, 0, 0, 0, 0, 0, 0, 0, 0, 0, 0, 0, 0, 0, 0, 0, 0, 0, 0, 0, 0, 0, 0, 0, 0, 0, 0, 0, 0, 0, 0, 0, 0, 0, 0, 0, 0, 0, 0, 0, 0, 0, 0, 0, 0, 0, 0, 0, 0, 0, 0, 0, 0, 0, 0, 0, 0, 0, 0, 0, 0, 0, 0, 0, 0, 0, 0, 0, 0, 0, 0, 0, 0, 0, 0, 0, 0, 0, 0, 0, 0, 0, 0, 0, 0, 0, 0, 0, 0, 0, 0, 0, 0, 0, 0, 0, 0, 0, 0, 0, 0, 0, 0, 0, 0, 0, 0, 0, 0, 0, 0, 0, 0, 0, 0, 0, 0, 0, 0, 0, 0, 0, 0, 0, 0, 0, 0, 0, 0, 0, 0, 0, 0, 0, 0, 0, 0, 0, 0, 0, 0, 0, 0, 0, 0, 0, 0, 0, 0, 0, 0, 0, 0, 0, 0, 0, 0, 0, 0, 0, 0, 0, 0, 0, 0, 0, 0, 0, 0, 0, 0, 0, 0, 0, 0, 0, 0, 0, 0, 0, 0, 0, 0, 0, 0, 0, 0, 0, 0, 0, 0, 0, 0, 0, 0, 0, 0, 0, 0, 0, 0, 0, 0, 0, 0, 0, 0, 0, 0, 0, 0, 0, 0, 0, 0, 0, 0, 0, 0, 0, 0, 0, 0, 0, 0, 0, 0, 0, 0, 0, 0, 0, 0, 0, 0, 0, 0, 0, 0, 0, 0, 0, 0, 0, 0, 0, 0, 0, 0, 0, 0, 0, 0, 0, 0, 0, 0, 0, 0, 0, 0, 0, 0, 0, 0, 0, 0, 0, 0, 0, 0, 0, 0, 0, 0, 0, 0, 0, 0, 0, 0, 0, 0, 0, 0, 0, 0, 0, 0, 0, 0]

decode|41466.72|57858.00| op = [107, 105, 51, 53, 54, 49]| tp = [1, 1, 1, 1, 1, 1, ] | dp = [2, 2, 1, 1, 1, 1, ] | algo = [0, 0, 0, 0, 0, 0, ] | rc = [34, 32, 15, 16, 18, 0] | gpus = [2, 2, 1, 1, 1, 1] | micro_bs = 8 | time = [38723, 38476, 37261, 38849, 41466, 38792] | memory = [57274, 54372, 54852, 57411, 57858, 48037]
验证解
line465:max stage:4, min stage:2, max_value:41466.71641223949, min_value:37261.60202904523
fix|41466.70|57924.00| op = [107, 105, 52, 53, 53, 49]| tp = [1, 1, 1, 1, 1, 1, ] | dp = [2, 2, 1, 1, 1, 1, ] | algo = [0, 0, 0, 0, 0, 0, ] | rc = [34, 32, 24, 15, 17, 0] | gpus = [2, 2, 1, 1, 1, 1] | micro_bs = 8 | time = [38754, 38507, 41466, 39659, 40458, 38823] | memory = [57274, 54372, 57924, 57891, 57858, 48037]
cv:0.026752372795646198
line465:max stage:2, min stage:1, max_value:41466.70358799058, min_value:38507.37611525858
fix|40453.65|57924.00| op = [107, 106, 51, 53, 53, 49]| tp = [1, 1, 1, 1, 1, 1, ] | dp = [2, 2, 1, 1, 1, 1, ] | algo = [0, 0, 0, 0, 0, 0, ] | rc = [34, 32, 23, 15, 17, 0] | gpus = [2, 2, 1, 1, 1, 1] | micro_bs = 8 | time = [38748, 38869, 40422, 39654, 40453, 38817] | memory = [57274, 54372, 57924, 57891, 57858, 48037]
cv:0.01852516000146966
line465:max stage:4, min stage:0, max_value:40453.64604499058, min_value:38748.89878216767
fix|42612.77|57858.00| op = [108, 106, 51, 53, 52, 49]| tp = [1, 1, 1, 1, 1, 1, ] | dp = [2, 2, 1, 1, 1, 1, ] | algo = [0, 0, 0, 0, 0, 0, ] | rc = [47, 54, 14, 23, 15, 0] | gpus = [2, 2, 1, 1, 1, 1] | micro_bs = 8 | time = [41458, 42612, 37733, 42275, 38934, 38854] | memory = [57658, 57512, 54852, 57507, 57858, 48037]
cv:0.04655437364976067
line465:max stage:1, min stage:2, max_value:42612.77294405433, min_value:37733.86101496416
fix|42260.77|57858.00| op = [108, 105, 52, 53, 52, 49]| tp = [1, 1, 1, 1, 1, 1, ] | dp = [2, 2, 1, 1, 1, 1, ] | algo = [0, 0, 0, 0, 0, 0, ] | rc = [47, 33, 16, 23, 15, 0] | gpus = [2, 2, 1, 1, 1, 1] | micro_bs = 8 | time = [41443, 39193, 39275, 42260, 38919, 38840] | memory = [57658, 53972, 54852, 57507, 57858, 48037]
cv:0.03367970429702034
line465:max stage:3, min stage:5, max_value:42260.77250196416, min_value:38840.13385660055
fix|41406.27|57891.00| op = [108, 105, 52, 52, 52, 50]| tp = [1, 1, 1, 1, 1, 1, ] | dp = [2, 2, 1, 1, 1, 1, ] | algo = [0, 0, 0, 0, 0, 0, ] | rc = [47, 33, 16, 14, 8, 0] | gpus = [2, 2, 1, 1, 1, 1] | micro_bs = 8 | time = [41406, 39155, 39237, 38600, 36858, 39662] | memory = [57658, 53972, 54852, 57891, 52610, 52645]
cv:0.03444952919014639
line465:max stage:0, min stage:4, max_value:41406.266544963415, min_value:36858.14398096416
fix|41445.28|57924.00| op = [107, 105, 52, 52, 53, 50]| tp = [1, 1, 1, 1, 1, 1, ] | dp = [2, 2, 1, 1, 1, 1, ] | algo = [0, 0, 0, 0, 0, 0, ] | rc = [34, 32, 24, 15, 8, 0] | gpus = [2, 2, 1, 1, 1, 1] | micro_bs = 8 | time = [38732, 38485, 41445, 38905, 37589, 39661] | memory = [57274, 54372, 57924, 57891, 52610, 52645]
cv:0.030658831280315664
line465:max stage:2, min stage:4, max_value:41445.28331699058, min_value:37589.60624299058
fix|39608.00|57411.00| op = [107, 105, 51, 52, 54, 50]| tp = [1, 1, 1, 1, 1, 1, ] | dp = [2, 2, 1, 1, 1, 1, ] | algo = [0, 0, 0, 0, 0, 0, ] | rc = [34, 32, 15, 14, 8, 0] | gpus = [2, 2, 1, 1, 1, 1] | micro_bs = 8 | time = [38679, 38432, 37217, 36533, 37244, 39608] | memory = [57274, 54372, 54852, 57411, 52930, 52645]
cv:0.027542044071926536
line465:max stage:5, min stage:3, max_value:39608.00481712479, min_value:36533.2293830999
fix|41466.72|57858.00| op = [107, 105, 51, 53, 54, 49]| tp = [1, 1, 1, 1, 1, 1, ] | dp = [2, 2, 1, 1, 1, 1, ] | algo = [0, 0, 0, 0, 0, 0, ] | rc = [34, 32, 15, 16, 18, 0] | gpus = [2, 2, 1, 1, 1, 1] | micro_bs = 8 | time = [38723, 38476, 37261, 38849, 41466, 38792] | memory = [57274, 54372, 54852, 57411, 57858, 48037]
cv:0.032310282822170446
line465:max stage:4, min stage:2, max_value:41466.71641223949, min_value:37261.60202904523
fix|41466.70|57924.00| op = [107, 105, 52, 53, 53, 49]| tp = [1, 1, 1, 1, 1, 1, ] | dp = [2, 2, 1, 1, 1, 1, ] | algo = [0, 0, 0, 0, 0, 0, ] | rc = [34, 32, 24, 15, 17, 0] | gpus = [2, 2, 1, 1, 1, 1] | micro_bs = 8 | time = [38754, 38507, 41466, 39659, 40458, 38823] | memory = [57274, 54372, 57924, 57891, 57858, 48037]
cv:0.026752372795646198
line465:max stage:2, min stage:1, max_value:41466.70358799058, min_value:38507.37611525858
fix|84684.70|57891.00| op = [107, 106, 51, 53, 53, 49]| tp = [1, 1, 2, 1, 1, 1, ] | dp = [2, 1, 1, 1, 1, 1, ] | algo = [0, 0, 0, 0, 0, 0, ] | rc = [34, 79, 8, 15, 17, 0] | gpus = [2, 1, 2, 1, 1, 1] | micro_bs = 8 | time = [39121, 84684, 42641, 40026, 40826, 39190] | memory = [57274, 57579, 47428, 57891, 57858, 48037]
cv:0.3468384537154015
line465:max stage:1, min stage:0, max_value:84684.70087699767, min_value:39121.25480336901
fix|87760.21|57891.00| op = [108, 105, 51, 53, 53, 49]| tp = [1, 1, 2, 1, 1, 1, ] | dp = [2, 1, 1, 1, 1, 1, ] | algo = [0, 0, 0, 0, 0, 0, ] | rc = [47, 101, 8, 15, 17, 0] | gpus = [2, 1, 2, 1, 1, 1] | micro_bs = 8 | time = [41838, 87760, 42686, 40071, 40870, 39235] | memory = [57658, 51856, 47428, 57891, 57858, 48037]
cv:0.3587035147745057
line465:max stage:1, min stage:5, max_value:87760.21171255424, min_value:39235.091775190645
fix|88452.27|57658.51| op = [108, 104, 51, 53, 53, 50]| tp = [1, 1, 2, 1, 1, 1, ] | dp = [2, 1, 1, 1, 1, 1, ] | algo = [0, 0, 0, 0, 0, 0, ] | rc = [47, 104, 8, 16, 8, 0] | gpus = [2, 1, 2, 1, 1, 1] | micro_bs = 8 | time = [41819, 88452, 42197, 39272, 38003, 40074] | memory = [57658, 54096, 43332, 57411, 52610, 52645]
cv:0.3728958391209691
line465:max stage:1, min stage:4, max_value:88452.26559121102, min_value:38003.13280921102
fix|86000.89|57951.00| op = [108, 103, 51, 53, 54, 50]| tp = [1, 1, 2, 1, 1, 1, ] | dp = [2, 1, 1, 1, 1, 1, ] | algo = [0, 0, 0, 0, 0, 0, ] | rc = [47, 102, 8, 14, 8, 0] | gpus = [2, 1, 2, 1, 1, 1] | micro_bs = 8 | time = [41771, 86000, 40005, 38021, 37663, 40027] | memory = [57658, 47056, 43022, 57951, 52930, 52645]
cv:0.3679427041692442
line465:max stage:1, min stage:4, max_value:86000.8874921785, min_value:37663.409745178506
fix|82994.49|57891.38| op = [108, 102, 51, 53, 55, 50]| tp = [1, 1, 2, 1, 1, 1, ] | dp = [2, 1, 1, 1, 1, 1, ] | algo = [0, 0, 0, 0, 0, 0, ] | rc = [47, 98, 8, 12, 8, 0] | gpus = [2, 1, 2, 1, 1, 1] | micro_bs = 8 | time = [41757, 82994, 41817, 36270, 38717, 40012] | memory = [57658, 51956, 43171, 57891, 53390, 52645]
cv:0.34606351039511296
line465:max stage:1, min stage:3, max_value:82994.49404046721, min_value:36270.462067356515
fix|82415.50|57658.51| op = [108, 101, 51, 54, 55, 50]| tp = [1, 1, 2, 1, 1, 1, ] | dp = [2, 1, 1, 1, 1, 1, ] | algo = [0, 0, 0, 0, 0, 0, ] | rc = [47, 96, 8, 14, 8, 0] | gpus = [2, 1, 2, 1, 1, 1] | micro_bs = 8 | time = [41757, 82415, 41816, 36949, 38718, 40013] | memory = [57658, 53556, 42692, 57531, 53390, 52645]
cv:0.33982195344454513
line465:max stage:1, min stage:3, max_value:82415.49699980239, min_value:36949.4362038296
fix|81852.59|57658.51| op = [108, 100, 51, 55, 55, 50]| tp = [1, 1, 2, 1, 1, 1, ] | dp = [2, 1, 1, 1, 1, 1, ] | algo = [0, 0, 0, 0, 0, 0, ] | rc = [47, 94, 8, 12, 8, 0] | gpus = [2, 1, 2, 1, 1, 1] | micro_bs = 8 | time = [41745, 81852, 39985, 37793, 38706, 40001] | memory = [57658, 54956, 42972, 54667, 53390, 52645]
cv:0.3379684933407973
line465:max stage:1, min stage:3, max_value:81852.58900061127, min_value:37793.45616548877
fix|79871.36|57658.51| op = [108, 99, 51, 56, 55, 50]| tp = [1, 1, 2, 1, 1, 1, ] | dp = [2, 1, 1, 1, 1, 1, ] | algo = [0, 0, 0, 0, 0, 0, ] | rc = [47, 92, 8, 12, 8, 0] | gpus = [2, 1, 2, 1, 1, 1] | micro_bs = 8 | time = [41747, 79871, 41940, 37976, 38707, 40002] | memory = [57658, 57636, 43172, 55627, 53390, 52645]
cv:0.3190401134339438
line465:max stage:1, min stage:3, max_value:79871.35985704884, min_value:37976.20539479792
fix|79612.77|57658.51| op = [108, 98, 51, 57, 55, 50]| tp = [1, 1, 2, 1, 1, 1, ] | dp = [2, 1, 1, 1, 1, 1, ] | algo = [0, 0, 0, 0, 0, 0, ] | rc = [47, 91, 8, 12, 8, 0] | gpus = [2, 1, 2, 1, 1, 1] | micro_bs = 8 | time = [41738, 79612, 39917, 39093, 38698, 39994] | memory = [57658, 57636, 42972, 56267, 53390, 52645]
cv:0.3189754549652093
line465:max stage:1, min stage:4, max_value:79612.77495309533, min_value:38698.78907044403
fix|77744.94|57658.51| op = [108, 97, 51, 57, 56, 50]| tp = [1, 1, 2, 1, 1, 1, ] | dp = [2, 1, 1, 1, 1, 1, ] | algo = [0, 0, 0, 0, 0, 0, ] | rc = [47, 90, 8, 12, 8, 0] | gpus = [2, 1, 2, 1, 1, 1] | micro_bs = 8 | time = [41738, 77744, 41798, 39022, 38748, 39993] | memory = [57658, 56036, 43171, 56027, 53390, 52645]
cv:0.3014548084223511
line465:max stage:1, min stage:4, max_value:77744.94291894227, min_value:38748.20401360864
fix|77600.32|57658.51| op = [108, 96, 51, 57, 57, 50]| tp = [1, 1, 2, 1, 1, 1, ] | dp = [2, 1, 1, 1, 1, 1, ] | algo = [0, 0, 0, 0, 0, 0, ] | rc = [47, 89, 8, 12, 8, 0] | gpus = [2, 1, 2, 1, 1, 1] | micro_bs = 8 | time = [41738, 77600, 41795, 39096, 38874, 39994] | memory = [57658, 56236, 42692, 56267, 53790, 52645]
cv:0.2998539911451525
line465:max stage:1, min stage:4, max_value:77600.32151147122, min_value:38874.786262275506
fix|77478.71|57658.51| op = [108, 95, 51, 57, 58, 50]| tp = [1, 1, 2, 1, 1, 1, ] | dp = [2, 1, 1, 1, 1, 1, ] | algo = [0, 0, 0, 0, 0, 0, ] | rc = [47, 88, 8, 12, 8, 0] | gpus = [2, 1, 2, 1, 1, 1] | micro_bs = 8 | time = [41730, 77478, 40321, 38309, 40232, 39986] | memory = [57658, 56036, 43122, 55967, 54830, 52645]
cv:0.30122700415529785
line465:max stage:1, min stage:3, max_value:77478.70731156894, min_value:38309.34981244644
fix|77064.89|57658.51| op = [108, 94, 51, 58, 58, 50]| tp = [1, 1, 2, 1, 1, 1, ] | dp = [2, 1, 1, 1, 1, 1, ] | algo = [0, 0, 0, 0, 0, 0, ] | rc = [47, 87, 7, 14, 8, 0] | gpus = [2, 1, 2, 1, 1, 1] | micro_bs = 8 | time = [41758, 77064, 41988, 40700, 40260, 40014] | memory = [57658, 55936, 52388, 56207, 54830, 52645]
cv:0.2870408302679211
line465:max stage:1, min stage:5, max_value:77064.89093251666, min_value:40014.56571193016
fix|80307.10|65096.25| op = [108, 93, 51, 58, 58, 51]| tp = [1, 1, 2, 1, 1, 1, ] | dp = [2, 1, 1, 1, 1, 1, ] | algo = [0, 0, 0, 0, 0, 0, ] | rc = [47, 93, 6, 16, 8, 0] | gpus = [2, 1, 2, 1, 1, 1] | micro_bs = 8 | time = [41797, 80307, 42232, 42114, 39748, 40785] | memory = [57658, 65096, 47428, 55247, 55470, 52645]
line465:max stage:1, min stage:2, max_value:65096.25, min_value:47428.0
fix|75886.15|57658.51| op = [108, 92, 52, 58, 58, 51]| tp = [1, 1, 2, 1, 1, 1, ] | dp = [2, 1, 1, 1, 1, 1, ] | algo = [0, 0, 0, 0, 0, 0, ] | rc = [47, 85, 8, 16, 8, 0] | gpus = [2, 1, 2, 1, 1, 1] | micro_bs = 8 | time = [41769, 75886, 42984, 42085, 39720, 40757] | memory = [57658, 55536, 47428, 55247, 55470, 52645]
cv:0.27265926216433833
line465:max stage:1, min stage:4, max_value:75886.14601025305, min_value:39720.03887212728
fix|77941.42|57658.51| op = [108, 91, 52, 58, 59, 51]| tp = [1, 1, 2, 1, 1, 1, ] | dp = [2, 1, 1, 1, 1, 1, ] | algo = [0, 0, 0, 0, 0, 0, ] | rc = [47, 91, 8, 21, 8, 0] | gpus = [2, 1, 2, 1, 1, 1] | micro_bs = 8 | time = [41799, 77941, 43015, 42832, 40876, 40787] | memory = [57658, 52296, 47428, 57151, 56030, 52645]
cv:0.2814211666542119
line465:max stage:1, min stage:5, max_value:77941.41690094357, min_value:40787.86693057998
fix|72835.36|57658.51| op = [108, 90, 52, 58, 59, 52]| tp = [1, 1, 2, 1, 1, 1, ] | dp = [2, 1, 1, 1, 1, 1, ] | algo = [0, 0, 0, 0, 0, 0, ] | rc = [47, 83, 8, 16, 8, 0] | gpus = [2, 1, 2, 1, 1, 1] | micro_bs = 8 | time = [41723, 72835, 41958, 40970, 39174, 40419] | memory = [57658, 56736, 43652, 54127, 51934, 52805]
cv:0.2588868098441574
line465:max stage:1, min stage:4, max_value:72835.3555267868, min_value:39174.46138467611
fix|71151.66|57658.51| op = [108, 89, 52, 58, 60, 52]| tp = [1, 1, 2, 1, 1, 1, ] | dp = [2, 1, 1, 1, 1, 1, ] | algo = [0, 0, 0, 0, 0, 0, ] | rc = [47, 82, 8, 16, 8, 0] | gpus = [2, 1, 2, 1, 1, 1] | micro_bs = 8 | time = [41718, 71151, 41901, 41981, 39296, 40414] | memory = [57658, 55636, 43492, 54307, 52334, 52805]
cv:0.244251331679139
line465:max stage:1, min stage:4, max_value:71151.66306790987, min_value:39296.259222186265
fix|70893.40|57658.51| op = [108, 88, 52, 58, 61, 52]| tp = [1, 1, 2, 1, 1, 1, ] | dp = [2, 1, 1, 1, 1, 1, ] | algo = [0, 0, 0, 0, 0, 0, ] | rc = [47, 80, 8, 16, 8, 0] | gpus = [2, 1, 2, 1, 1, 1] | micro_bs = 8 | time = [41716, 70893, 41826, 41700, 39621, 40412] | memory = [57658, 56036, 43172, 53967, 52594, 52805]
cv:0.24222280357435208
line465:max stage:1, min stage:4, max_value:70893.40325285752, min_value:39621.972575996944
fix|70575.47|57658.51| op = [108, 87, 52, 58, 62, 52]| tp = [1, 1, 2, 1, 1, 1, ] | dp = [2, 1, 1, 1, 1, 1, ] | algo = [0, 0, 0, 0, 0, 0, ] | rc = [47, 77, 8, 19, 8, 0] | gpus = [2, 1, 2, 1, 1, 1] | micro_bs = 8 | time = [41739, 70575, 41923, 43179, 41413, 40435] | memory = [57658, 57036, 43492, 55863, 56850, 52805]
cv:0.23154805881091853
line465:max stage:1, min stage:5, max_value:70575.46567565999, min_value:40435.69340940862
fix|69232.60|57836.25| op = [108, 86, 52, 58, 62, 53]| tp = [1, 1, 2, 1, 1, 1, ] | dp = [2, 1, 1, 1, 1, 1, ] | algo = [0, 0, 0, 0, 0, 0, ] | rc = [47, 75, 8, 14, 10, 0] | gpus = [2, 1, 2, 1, 1, 1] | micro_bs = 8 | time = [41731, 69232, 42018, 42018, 41727, 41496] | memory = [57658, 57836, 43812, 55687, 56070, 53185]
cv:0.22051968745833017
line465:max stage:1, min stage:5, max_value:69232.60143107666, min_value:41496.5908105879
fix|68981.87|57836.25| op = [108, 85, 52, 58, 62, 54]| tp = [1, 1, 2, 1, 1, 1, ] | dp = [2, 1, 1, 1, 1, 1, ] | algo = [0, 0, 0, 0, 0, 0, ] | rc = [47, 74, 8, 14, 10, 0] | gpus = [2, 1, 2, 1, 1, 1] | micro_bs = 8 | time = [41730, 68981, 42017, 41466, 42336, 41544] | memory = [57658, 57836, 43812, 56647, 55910, 53185]
cv:0.2185118826709247
line465:max stage:1, min stage:3, max_value:68981.86568702225, min_value:41466.31822902225
fix|66751.24|57658.51| op = [108, 84, 52, 59, 62, 54]| tp = [1, 1, 2, 1, 1, 1, ] | dp = [2, 1, 1, 1, 1, 1, ] | algo = [0, 0, 0, 0, 0, 0, ] | rc = [47, 66, 8, 14, 10, 0] | gpus = [2, 1, 2, 1, 1, 1] | micro_bs = 8 | time = [41721, 66751, 41904, 42582, 42326, 41535] | memory = [57658, 57558, 43492, 57287, 55910, 53185]
cv:0.19996267807545143
line465:max stage:1, min stage:5, max_value:66751.24414346721, min_value:41535.52091176996
fix|66700.12|57658.51| op = [108, 83, 52, 59, 62, 55]| tp = [1, 1, 2, 1, 1, 1, ] | dp = [2, 1, 1, 1, 1, 1, ] | algo = [0, 0, 0, 0, 0, 0, ] | rc = [47, 66, 8, 12, 10, 0] | gpus = [2, 1, 2, 1, 1, 1] | micro_bs = 8 | time = [41701, 66700, 41811, 40342, 41961, 41641] | memory = [57658, 57638, 43172, 57287, 55990, 53385]
cv:0.20593433044855838
line465:max stage:1, min stage:3, max_value:66700.12088452636, min_value:40342.36805333214
fix|66391.73|57887.76| op = [108, 82, 52, 60, 62, 55]| tp = [1, 1, 2, 1, 1, 1, ] | dp = [2, 1, 1, 1, 1, 1, ] | algo = [0, 0, 0, 0, 0, 0, ] | rc = [47, 62, 8, 12, 10, 0] | gpus = [2, 1, 2, 1, 1, 1] | micro_bs = 8 | time = [41700, 66391, 41883, 40467, 41960, 41640] | memory = [57658, 57558, 43492, 57887, 55990, 53385]
cv:0.20314361283987864
line465:max stage:1, min stage:3, max_value:66391.72630771817, min_value:40467.95089152393
fix|65987.64|57658.51| op = [108, 81, 52, 61, 62, 55]| tp = [1, 1, 2, 1, 1, 1, ] | dp = [2, 1, 1, 1, 1, 1, ] | algo = [0, 0, 0, 0, 0, 0, ] | rc = [47, 60, 8, 14, 10, 0] | gpus = [2, 1, 2, 1, 1, 1] | micro_bs = 8 | time = [41704, 65987, 41880, 41351, 41964, 41644] | memory = [57658, 57459, 43332, 57267, 55990, 53385]
cv:0.19779413945534302
line465:max stage:1, min stage:3, max_value:65987.64085137908, min_value:41351.56339318483
fix|69777.21|63296.25| op = [108, 80, 52, 62, 62, 55]| tp = [1, 1, 2, 1, 1, 1, ] | dp = [2, 1, 1, 1, 1, 1, ] | algo = [0, 0, 0, 0, 0, 0, ] | rc = [47, 80, 7, 16, 10, 0] | gpus = [2, 1, 2, 1, 1, 1] | micro_bs = 8 | time = [41759, 69777, 42860, 43769, 42019, 41699] | memory = [57658, 63296, 56644, 57507, 55990, 53385]
line465:max stage:1, min stage:5, max_value:63296.25, min_value:53385.333
fix|64709.48|57859.25| op = [108, 79, 52, 62, 62, 56]| tp = [1, 1, 2, 1, 1, 1, ] | dp = [2, 1, 1, 1, 1, 1, ] | algo = [0, 0, 0, 0, 0, 0, ] | rc = [47, 57, 8, 16, 10, 0] | gpus = [2, 1, 2, 1, 1, 1] | micro_bs = 8 | time = [41729, 64709, 42944, 43510, 41951, 43034] | memory = [57658, 57859, 47428, 57447, 55890, 54105]
cv:0.1781439481283369
line465:max stage:1, min stage:0, max_value:64709.479488035664, min_value:41729.26798003494
fix|63653.49|57859.25| op = [109, 78, 52, 62, 62, 56]| tp = [1, 1, 2, 1, 1, 1, ] | dp = [2, 1, 1, 1, 1, 1, ] | algo = [0, 0, 0, 0, 0, 0, ] | rc = [36, 56, 8, 16, 10, 0] | gpus = [2, 1, 2, 1, 1, 1] | micro_bs = 8 | time = [40543, 63653, 42927, 43492, 41933, 43017] | memory = [57274, 57859, 47428, 57447, 55890, 54105]
cv:0.17385708889735096
line465:max stage:1, min stage:0, max_value:63653.49231803567, min_value:40543.10060303495
fix|62121.71|57859.25| op = [110, 77, 52, 62, 62, 56]| tp = [1, 1, 2, 1, 1, 1, ] | dp = [2, 1, 1, 1, 1, 1, ] | algo = [0, 0, 0, 0, 0, 0, ] | rc = [62, 54, 8, 16, 10, 0] | gpus = [2, 1, 2, 1, 1, 1] | micro_bs = 8 | time = [45237, 62121, 42951, 43517, 41958, 43041] | memory = [57418, 57859, 47428, 57447, 55890, 54105]
cv:0.152083998314785
line465:max stage:1, min stage:4, max_value:62121.71248003568, min_value:41958.3339906067
fix|64820.25|57418.14| op = [110, 76, 52, 62, 63, 56]| tp = [1, 1, 2, 1, 1, 1, ] | dp = [2, 1, 1, 1, 1, 1, ] | algo = [0, 0, 0, 0, 0, 0, ] | rc = [62, 75, 8, 17, 10, 0] | gpus = [2, 1, 2, 1, 1, 1] | micro_bs = 8 | time = [45265, 64820, 42980, 44461, 42036, 43070] | memory = [57418, 50896, 47428, 57207, 55890, 54105]
cv:0.16964888246490595
line465:max stage:1, min stage:4, max_value:64820.25301051073, min_value:42036.435989748104
fix|59364.78|57858.00| op = [110, 75, 52, 62, 64, 56]| tp = [1, 1, 2, 1, 1, 1, ] | dp = [2, 1, 1, 1, 1, 1, ] | algo = [0, 0, 0, 0, 0, 0, ] | rc = [62, 57, 8, 16, 10, 0] | gpus = [2, 1, 2, 1, 1, 1] | micro_bs = 8 | time = [45211, 59364, 41945, 43755, 42108, 43016] | memory = [57418, 57858, 43652, 57327, 56290, 54105]
cv:0.1333260205220874
line465:max stage:1, min stage:2, max_value:59364.780019823775, min_value:41945.48070725715
fix|57331.65|57879.75| op = [110, 74, 53, 62, 64, 56]| tp = [1, 1, 2, 1, 1, 1, ] | dp = [2, 1, 1, 1, 1, 1, ] | algo = [0, 0, 0, 0, 0, 0, ] | rc = [62, 49, 8, 16, 10, 0] | gpus = [2, 1, 2, 1, 1, 1] | micro_bs = 8 | time = [45210, 57331, 43893, 43755, 42107, 43015] | memory = [57418, 57879, 44122, 57327, 56290, 54105]
cv:0.11341016447704634
line465:max stage:1, min stage:4, max_value:57331.650736497024, min_value:42107.57334631573
fix|57203.20|57479.12| op = [110, 73, 53, 62, 65, 56]| tp = [1, 1, 2, 1, 1, 1, ] | dp = [2, 1, 1, 1, 1, 1, ] | algo = [0, 0, 0, 0, 0, 0, ] | rc = [62, 49, 8, 16, 10, 0] | gpus = [2, 1, 2, 1, 1, 1] | micro_bs = 8 | time = [45204, 57203, 41937, 43710, 43466, 43009] | memory = [57418, 57479, 43492, 57227, 57330, 54105]
cv:0.11387501725919429
line465:max stage:1, min stage:2, max_value:57203.19625892844, min_value:41937.43566715137
fix|57150.69|57418.14| op = [110, 72, 54, 62, 65, 56]| tp = [1, 1, 2, 1, 1, 1, ] | dp = [2, 1, 1, 1, 1, 1, ] | algo = [0, 0, 0, 0, 0, 0, ] | rc = [62, 49, 8, 16, 10, 0] | gpus = [2, 1, 2, 1, 1, 1] | micro_bs = 8 | time = [45205, 57150, 42062, 43711, 43467, 43010] | memory = [57418, 56879, 44292, 57227, 57330, 54105]
cv:0.1130906066116481
line465:max stage:1, min stage:2, max_value:57150.68545992646, min_value:42062.548465149404
fix|56050.91|57418.14| op = [110, 71, 55, 62, 65, 56]| tp = [1, 1, 2, 1, 1, 1, ] | dp = [2, 1, 1, 1, 1, 1, ] | algo = [0, 0, 0, 0, 0, 0, ] | rc = [62, 49, 8, 16, 10, 0] | gpus = [2, 1, 2, 1, 1, 1] | micro_bs = 8 | time = [45212, 56050, 44116, 43718, 43474, 43017] | memory = [57418, 56079, 45132, 57227, 57330, 54105]
cv:0.09962424030998485
line465:max stage:1, min stage:5, max_value:56050.913674391864, min_value:43017.51307602825
fix|55799.47|57418.14| op = [110, 70, 55, 62, 65, 57]| tp = [1, 1, 2, 1, 1, 1, ] | dp = [2, 1, 1, 1, 1, 1, ] | algo = [0, 0, 0, 0, 0, 0, ] | rc = [62, 48, 8, 16, 10, 0] | gpus = [2, 1, 2, 1, 1, 1] | micro_bs = 8 | time = [45210, 55799, 44084, 43584, 43472, 43197] | memory = [57418, 56079, 45452, 56267, 57330, 54425]
cv:0.0975815540194126
line465:max stage:1, min stage:5, max_value:55799.47394957867, min_value:43197.238732215046
fix|53767.56|57418.14| op = [110, 69, 55, 62, 65, 58]| tp = [1, 1, 2, 1, 1, 1, ] | dp = [2, 1, 1, 1, 1, 1, ] | algo = [0, 0, 0, 0, 0, 0, ] | rc = [62, 43, 8, 16, 10, 0] | gpus = [2, 1, 2, 1, 1, 1] | micro_bs = 8 | time = [45207, 53767, 46033, 42323, 43211, 44319] | memory = [57418, 56080, 45492, 55507, 56850, 54905]
cv:0.08209654334384206
line465:max stage:1, min stage:3, max_value:53767.56232205033, min_value:42323.63334674386
fix|53556.30|57418.14| op = [110, 68, 55, 63, 65, 58]| tp = [1, 1, 2, 1, 1, 1, ] | dp = [2, 1, 1, 1, 1, 1, ] | algo = [0, 0, 0, 0, 0, 0, ] | rc = [62, 41, 8, 16, 10, 0] | gpus = [2, 1, 2, 1, 1, 1] | micro_bs = 8 | time = [45201, 53556, 44133, 43682, 43205, 44313] | memory = [57418, 56680, 44972, 56867, 56850, 54905]
cv:0.07823269018172313
line465:max stage:1, min stage:4, max_value:53556.297276002595, min_value:43205.558256559154
fix|53422.80|57587.43| op = [110, 67, 55, 63, 66, 58]| tp = [1, 1, 2, 1, 1, 1, ] | dp = [2, 1, 1, 1, 1, 1, ] | algo = [0, 0, 0, 0, 0, 0, ] | rc = [62, 39, 8, 16, 10, 0] | gpus = [2, 1, 2, 1, 1, 1] | micro_bs = 8 | time = [45201, 53422, 44167, 43739, 43257, 44313] | memory = [57418, 57081, 45132, 57587, 56850, 54905]
cv:0.07685701539129898
line465:max stage:1, min stage:4, max_value:53422.79926244786, min_value:43257.771344866516
fix|53016.76|57867.38| op = [110, 66, 55, 63, 67, 58]| tp = [1, 1, 2, 1, 1, 1, ] | dp = [2, 1, 1, 1, 1, 1, ] | algo = [0, 0, 0, 0, 0, 0, ] | rc = [62, 37, 8, 16, 10, 0] | gpus = [2, 1, 2, 1, 1, 1] | micro_bs = 8 | time = [45203, 53016, 43648, 44813, 43386, 44315] | memory = [57418, 57581, 44502, 57867, 57250, 54905]
cv:0.0725455462381993
line465:max stage:1, min stage:4, max_value:53016.76415378492, min_value:43386.32977347844
fix|56669.15|61896.25| op = [110, 65, 55, 63, 68, 58]| tp = [1, 1, 2, 1, 1, 1, ] | dp = [2, 1, 1, 1, 1, 1, ] | algo = [0, 0, 0, 0, 0, 0, ] | rc = [62, 64, 8, 16, 10, 0] | gpus = [2, 1, 2, 1, 1, 1] | micro_bs = 8 | time = [45238, 56669, 44431, 44573, 43749, 44350] | memory = [57418, 61896, 48438, 57527, 57510, 54905]
line465:max stage:1, min stage:2, max_value:61896.25, min_value:48438.0
fix|51830.45|57527.75| op = [110, 64, 56, 63, 68, 58]| tp = [1, 1, 2, 1, 1, 1, ] | dp = [2, 1, 1, 1, 1, 1, ] | algo = [0, 0, 0, 0, 0, 0, ] | rc = [62, 35, 10, 16, 10, 0] | gpus = [2, 1, 2, 1, 1, 1] | micro_bs = 8 | time = [45206, 51830, 45179, 44541, 43717, 44318] | memory = [57418, 57181, 48438, 57527, 57510, 54905]
cv:0.05994129465300714
line465:max stage:1, min stage:4, max_value:51830.448598720825, min_value:43717.320729166655
fix|53020.01|57798.75| op = [110, 63, 56, 63, 69, 58]| tp = [1, 1, 2, 1, 1, 1, ] | dp = [2, 1, 1, 1, 1, 1, ] | algo = [0, 0, 0, 0, 0, 0, ] | rc = [62, 59, 10, 23, 18, 0] | gpus = [2, 1, 2, 1, 1, 1] | micro_bs = 8 | time = [45269, 53020, 45557, 47164, 47799, 44382] | memory = [57418, 55096, 47958, 57503, 57798, 54905]
cv:0.06029721483877363
line465:max stage:1, min stage:5, max_value:53020.00564952525, min_value:44382.12936838455
fix|49175.68|57638.50| op = [110, 62, 56, 63, 69, 59]| tp = [1, 1, 2, 1, 1, 1, ] | dp = [2, 1, 1, 1, 1, 1, ] | algo = [0, 0, 0, 0, 0, 0, ] | rc = [62, 37, 10, 16, 20, 0] | gpus = [2, 1, 2, 1, 1, 1] | micro_bs = 8 | time = [45215, 48994, 43766, 44366, 49175, 44379] | memory = [57418, 56380, 47908, 57267, 57638, 54905]
cv:0.048588404434099286
line465:max stage:4, min stage:2, max_value:49175.6759426121, min_value:43766.06319135812
fix|49016.34|57638.50| op = [110, 62, 57, 63, 68, 59]| tp = [1, 1, 2, 1, 1, 1, ] | dp = [2, 1, 1, 1, 1, 1, ] | algo = [0, 0, 0, 0, 0, 0, ] | rc = [62, 37, 10, 23, 18, 0] | gpus = [2, 1, 2, 1, 1, 1] | micro_bs = 8 | time = [45236, 49016, 45380, 47131, 47641, 44401] | memory = [57418, 56380, 48278, 57503, 57638, 54905]
cv:0.034342544030554104
line465:max stage:1, min stage:5, max_value:49016.34345946282, min_value:44401.30160318273
fix|49123.16|57882.25| op = [110, 61, 57, 63, 68, 60]| tp = [1, 1, 2, 1, 1, 1, ] | dp = [2, 1, 1, 1, 1, 1, ] | algo = [0, 0, 0, 0, 0, 0, ] | rc = [62, 30, 10, 16, 20, 0] | gpus = [2, 1, 2, 1, 1, 1] | micro_bs = 8 | time = [45215, 47075, 45716, 44367, 49123, 44506] | memory = [57418, 57882, 48378, 57267, 57398, 55105]
cv:0.03605154514328509
line465:max stage:4, min stage:3, max_value:49123.1551038662, min_value:44367.38745839559
fix|47578.79|57882.25| op = [110, 61, 57, 64, 67, 60]| tp = [1, 1, 2, 1, 1, 1, ] | dp = [2, 1, 1, 1, 1, 1, ] | algo = [0, 0, 0, 0, 0, 0, ] | rc = [62, 30, 10, 23, 18, 0] | gpus = [2, 1, 2, 1, 1, 1] | micro_bs = 8 | time = [45227, 47087, 45727, 47450, 47578, 44518] | memory = [57418, 57882, 48378, 57843, 57398, 55105]
cv:0.025301432364514813
line465:max stage:4, min stage:5, max_value:47578.7884288662, min_value:44518.58353050258
fix|47445.96|57882.25| op = [110, 61, 57, 64, 66, 61]| tp = [1, 1, 2, 1, 1, 1, ] | dp = [2, 1, 1, 1, 1, 1, ] | algo = [0, 0, 0, 0, 0, 0, ] | rc = [62, 30, 10, 23, 16, 0] | gpus = [2, 1, 2, 1, 1, 1] | micro_bs = 8 | time = [45223, 47083, 45723, 47445, 46694, 44842] | memory = [57418, 57882, 48378, 57843, 57778, 55285]
cv:0.020916217189535707
line465:max stage:3, min stage:5, max_value:47445.95915972676, min_value:44842.152383363136
fix|50705.57|57882.25| op = [110, 61, 57, 63, 66, 62]| tp = [1, 1, 2, 1, 1, 1, ] | dp = [2, 1, 1, 1, 1, 1, ] | algo = [0, 0, 0, 0, 0, 0, ] | rc = [62, 30, 10, 16, 25, 0] | gpus = [2, 1, 2, 1, 1, 1] | micro_bs = 8 | time = [45244, 47104, 45744, 44396, 50705, 46631] | memory = [57418, 57882, 48378, 57267, 57362, 57413]
cv:0.04335273206553432
line465:max stage:4, min stage:3, max_value:50705.570649114496, min_value:44396.12425033742
fix|49161.20|57882.25| op = [110, 61, 57, 64, 65, 62]| tp = [1, 1, 2, 1, 1, 1, ] | dp = [2, 1, 1, 1, 1, 1, ] | algo = [0, 0, 0, 0, 0, 0, ] | rc = [62, 30, 10, 23, 23, 0] | gpus = [2, 1, 2, 1, 1, 1] | micro_bs = 8 | time = [45256, 47116, 45756, 47479, 49161, 46643] | memory = [57418, 57882, 48378, 57843, 57362, 57413]
cv:0.026925550371354242
line465:max stage:4, min stage:0, max_value:49161.2039741145, min_value:45256.57013911376
fix|46541.13|57842.50| op = [111, 61, 57, 64, 64, 62]| tp = [1, 1, 2, 1, 1, 1, ] | dp = [2, 1, 1, 1, 1, 1, ] | algo = [0, 0, 0, 0, 0, 0, ] | rc = [38, 22, 10, 18, 19, 0] | gpus = [2, 1, 2, 1, 1, 1] | micro_bs = 8 | time = [41089, 43595, 45298, 45167, 46144, 46541] | memory = [57514, 56502, 48278, 57167, 57842, 57413]
cv:0.041188919823022634
line465:max stage:5, min stage:0, max_value:46541.13068276381, min_value:41089.80535297087
fix|48562.59|57867.75| op = [112, 61, 57, 64, 64, 61]| tp = [1, 1, 2, 1, 1, 1, ] | dp = [2, 1, 1, 1, 1, 1, ] | algo = [0, 0, 0, 0, 0, 0, ] | rc = [38, 32, 10, 16, 10, 0] | gpus = [2, 1, 2, 1, 1, 1] | micro_bs = 8 | time = [41254, 48562, 45494, 44816, 42829, 44772] | memory = [57854, 57282, 48438, 57867, 56590, 55285]
cv:0.050858859998642286
line465:max stage:1, min stage:0, max_value:48562.59268404488, min_value:41254.546288792866
fix|47988.89|57867.75| op = [113, 60, 57, 64, 64, 61]| tp = [1, 1, 2, 1, 1, 1, ] | dp = [2, 1, 1, 1, 1, 1, ] | algo = [0, 0, 0, 0, 0, 0, ] | rc = [40, 31, 10, 16, 10, 0] | gpus = [2, 1, 2, 1, 1, 1] | micro_bs = 8 | time = [41559, 47988, 45492, 44814, 42827, 44770] | memory = [57254, 57482, 48438, 57867, 56590, 55285]
cv:0.04555157878439299
line465:max stage:1, min stage:0, max_value:47988.8887240192, min_value:41559.54580025518
fix|47936.87|57867.75| op = [114, 59, 57, 64, 64, 61]| tp = [1, 1, 2, 1, 1, 1, ] | dp = [2, 1, 1, 1, 1, 1, ] | algo = [0, 0, 0, 0, 0, 0, ] | rc = [40, 31, 10, 16, 10, 0] | gpus = [2, 1, 2, 1, 1, 1] | micro_bs = 8 | time = [41627, 47936, 45492, 44814, 42827, 44770] | memory = [57494, 57481, 48438, 57867, 56590, 55285]
cv:0.04484346184581468
line465:max stage:1, min stage:0, max_value:47936.87021455799, min_value:41627.884642178506
fix|46245.06|57894.88| op = [115, 58, 57, 64, 64, 61]| tp = [1, 1, 2, 1, 1, 1, ] | dp = [2, 1, 1, 1, 1, 1, ] | algo = [0, 0, 0, 0, 0, 0, ] | rc = [42, 30, 10, 16, 10, 0] | gpus = [2, 1, 2, 1, 1, 1] | micro_bs = 8 | time = [42615, 46245, 45486, 44808, 42822, 44764] | memory = [57894, 56441, 48438, 57867, 56590, 55285]
cv:0.029811657950423256
line465:max stage:1, min stage:0, max_value:46245.05614927829, min_value:42615.54512136025
fix|45624.81|57894.88| op = [116, 57, 57, 64, 64, 61]| tp = [1, 1, 2, 1, 1, 1, ] | dp = [2, 1, 1, 1, 1, 1, ] | algo = [0, 0, 0, 0, 0, 0, ] | rc = [44, 28, 10, 16, 10, 0] | gpus = [2, 1, 2, 1, 1, 1] | micro_bs = 8 | time = [42987, 45624, 45484, 44806, 42820, 44763] | memory = [57894, 57881, 48438, 57867, 56590, 55285]
cv:0.025108955761779253
line465:max stage:1, min stage:4, max_value:45624.81099911115, min_value:42820.4570926795
fix|45248.35|57894.88| op = [116, 56, 57, 64, 65, 61]| tp = [1, 1, 2, 1, 1, 1, ] | dp = [2, 1, 1, 1, 1, 1, ] | algo = [0, 0, 0, 0, 0, 0, ] | rc = [44, 16, 10, 18, 10, 0] | gpus = [2, 1, 2, 1, 1, 1] | micro_bs = 8 | time = [42948, 40075, 45248, 45117, 43108, 44723] | memory = [57894, 57401, 48278, 57167, 56850, 55285]
cv:0.041245908566665775
line465:max stage:2, min stage:1, max_value:45248.35086875785, min_value:40075.374630098595
fix|45629.73|57894.88| op = [116, 57, 56, 64, 65, 61]| tp = [1, 1, 2, 1, 1, 1, ] | dp = [2, 1, 1, 1, 1, 1, ] | algo = [0, 0, 0, 0, 0, 0, ] | rc = [44, 28, 10, 18, 10, 0] | gpus = [2, 1, 2, 1, 1, 1] | micro_bs = 8 | time = [42992, 45629, 45436, 45162, 43153, 44767] | memory = [57894, 57881, 47958, 57167, 56850, 55285]
cv:0.023814564024416274
line465:max stage:1, min stage:0, max_value:45629.733941636085, min_value:42992.85846536172
fix|45429.15|57574.88| op = [117, 56, 56, 64, 65, 61]| tp = [1, 1, 2, 1, 1, 1, ] | dp = [2, 1, 1, 1, 1, 1, ] | algo = [0, 0, 0, 0, 0, 0, ] | rc = [46, 27, 10, 18, 10, 0] | gpus = [2, 1, 2, 1, 1, 1] | micro_bs = 8 | time = [43846, 43812, 45429, 45154, 43145, 44760] | memory = [57574, 57081, 47958, 57167, 56850, 55285]
cv:0.018346409438968023
line465:max stage:2, min stage:4, max_value:45429.14623008625, min_value:43145.818676322124
fix|47396.43|57843.75| op = [117, 56, 55, 64, 66, 61]| tp = [1, 1, 2, 1, 1, 1, ] | dp = [2, 1, 1, 1, 1, 1, ] | algo = [0, 0, 0, 0, 0, 0, ] | rc = [46, 27, 10, 23, 16, 0] | gpus = [2, 1, 2, 1, 1, 1] | micro_bs = 8 | time = [43878, 43844, 43868, 47396, 46644, 44792] | memory = [57574, 57081, 47588, 57843, 57778, 55285]
cv:0.0318136987406107
line465:max stage:3, min stage:1, max_value:47396.427486775625, min_value:43844.158027246245
fix|47059.35|57778.50| op = [117, 57, 55, 63, 66, 61]| tp = [1, 1, 2, 1, 1, 1, ] | dp = [2, 1, 1, 1, 1, 1, ] | algo = [0, 0, 0, 0, 0, 0, ] | rc = [46, 18, 10, 23, 16, 0] | gpus = [2, 1, 2, 1, 1, 1] | micro_bs = 8 | time = [43869, 41775, 45084, 47059, 46635, 44783] | memory = [57574, 55401, 47958, 57503, 57778, 55285]
cv:0.039183371916869
line465:max stage:3, min stage:1, max_value:47059.35358418047, min_value:41775.10431018049
fix|48757.64|57863.75| op = [117, 58, 55, 62, 66, 61]| tp = [1, 1, 2, 1, 1, 1, ] | dp = [2, 1, 1, 1, 1, 1, ] | algo = [0, 0, 0, 0, 0, 0, ] | rc = [46, 54, 8, 21, 16, 0] | gpus = [2, 1, 2, 1, 1, 1] | micro_bs = 8 | time = [43912, 48757, 44400, 46424, 46679, 44827] | memory = [57574, 57836, 48438, 57863, 57778, 55285]
cv:0.036038417529828656
line465:max stage:1, min stage:0, max_value:48757.63781898671, min_value:43912.6324717347
fix|48550.21|57934.88| op = [118, 57, 55, 62, 66, 61]| tp = [1, 1, 2, 1, 1, 1, ] | dp = [2, 1, 1, 1, 1, 1, ] | algo = [0, 0, 0, 0, 0, 0, ] | rc = [46, 52, 8, 21, 16, 0] | gpus = [2, 1, 2, 1, 1, 1] | micro_bs = 8 | time = [43936, 48550, 44399, 46423, 46677, 44825] | memory = [57934, 57236, 48438, 57863, 57778, 55285]
cv:0.03464344284110732
line465:max stage:1, min stage:0, max_value:48550.20572496103, min_value:43936.32957919701
fix|48503.09|57863.75| op = [119, 56, 55, 62, 66, 61]| tp = [1, 1, 2, 1, 1, 1, ] | dp = [2, 1, 1, 1, 1, 1, ] | algo = [0, 0, 0, 0, 0, 0, ] | rc = [48, 52, 8, 21, 16, 0] | gpus = [2, 1, 2, 1, 1, 1] | micro_bs = 8 | time = [44287, 48503, 44401, 46425, 46680, 44827] | memory = [57215, 57236, 48438, 57863, 57778, 55285]
cv:0.03288380019205892
line465:max stage:1, min stage:0, max_value:48503.08656049981, min_value:44287.56136812033
fix|46984.31|57863.75| op = [120, 55, 55, 62, 66, 61]| tp = [1, 1, 2, 1, 1, 1, ] | dp = [2, 1, 1, 1, 1, 1, ] | algo = [0, 0, 0, 0, 0, 0, ] | rc = [50, 51, 8, 21, 16, 0] | gpus = [2, 1, 2, 1, 1, 1] | micro_bs = 8 | time = [45180, 46984, 44397, 46420, 46675, 44823] | memory = [57275, 57736, 48438, 57863, 57778, 55285]
cv:0.02157332822861463
line465:max stage:1, min stage:2, max_value:46984.313444774896, min_value:44397.057352374846
fix|46631.09|57863.75| op = [120, 54, 56, 62, 66, 61]| tp = [1, 1, 2, 1, 1, 1, ] | dp = [2, 1, 1, 1, 1, 1, ] | algo = [0, 0, 0, 0, 0, 0, ] | rc = [50, 18, 10, 21, 16, 0] | gpus = [2, 1, 2, 1, 1, 1] | micro_bs = 8 | time = [45135, 40526, 45132, 46376, 46631, 44778] | memory = [57275, 53701, 48438, 57863, 57778, 55285]
cv:0.04497629046027966
line465:max stage:4, min stage:1, max_value:46631.08747119206, min_value:40526.0074067749
fix|46942.76|57736.25| op = [120, 55, 56, 62, 65, 61]| tp = [1, 1, 2, 1, 1, 1, ] | dp = [2, 1, 1, 1, 1, 1, ] | algo = [0, 0, 0, 0, 0, 0, ] | rc = [50, 51, 8, 16, 10, 0] | gpus = [2, 1, 2, 1, 1, 1] | micro_bs = 8 | time = [45138, 46942, 44478, 44445, 43166, 44781] | memory = [57275, 57736, 48758, 57527, 56850, 55285]
cv:0.025105254648352903
line465:max stage:1, min stage:4, max_value:46942.756849689176, min_value:43166.910866329265
best|39608.00|57411.00| op = [107, 105, 51, 52, 54, 50]| tp = [1, 1, 1, 1, 1, 1, ] | dp = [2, 2, 1, 1, 1, 1, ] | algo = [0, 0, 0, 0, 0, 0, ] | rc = [34, 32, 15, 14, 8, 0] | gpus = [2, 2, 1, 1, 1, 1] | micro_bs = 8 | time = [38679, 38432, 37217, 36533, 37244, 39608] | memory = [57274, 54372, 54852, 57411, 52930, 52645]
line146:config.memory_list:[57274.51000000008, 54372.960000000065, 54852.0, 57411.0, 52930.0, 52645.203]
line147:config.time_list:[38679.33582966549, 38432.5270357564, 37217.57483629414, 36533.2293830999, 37244.04595429414, 39608.00481712479]
求解成功
config has been saved to /home/liminglong.lml/sxz/SuperScaler/logs-large/aceso/configs/gpt/2_6B/gpt_2_6B_6stages_2026-5-15-8-9-22.json

========== Best Result (num_stages = 6) ==========
|39608.00|57411.00| op = [107, 105, 51, 52, 54, 50]| tp = [1, 1, 1, 1, 1, 1, ] | dp = [2, 2, 1, 1, 1, 1, ] | algo = [0, 0, 0, 0, 0, 0, ] | rc = [34, 32, 15, 14, 8, 0] | gpus = [2, 2, 1, 1, 1, 1] | micro_bs = 8 | time = [38679, 38432, 37217, 36533, 37244, 39608] | memory = [57274, 54372, 54852, 57411, 52930, 52645]
start|41079.83|57891.00| op = [105, 105, 52, 52, 52, 53]| tp = [1, 1, 1, 1, 1, 1, ] | dp = [2, 2, 1, 1, 1, 1, ] | algo = [0, 0, 0, 0, 0, 0, ] | rc = [32, 30, 14, 12, 8, 0] | gpus = [2, 2, 1, 1, 1, 1] | micro_bs = 8 | time = [37677, 37209, 36416, 35779, 34632, 41079] | memory = [56974, 53973, 54852, 57891, 48514, 53185]
fix|40012.40|57891.00| op = [105, 105, 52, 52, 53, 52]| tp = [1, 1, 1, 1, 1, 1, ] | dp = [2, 2, 1, 1, 1, 1, ] | algo = [0, 0, 0, 0, 0, 0, ] | rc = [32, 30, 14, 12, 8, 0] | gpus = [2, 2, 1, 1, 1, 1] | micro_bs = 8 | time = [37679, 37211, 36418, 35780, 35867, 40012] | memory = [56974, 53973, 54852, 57891, 49294, 52805]
fix|40325.69|57951.00| op = [105, 105, 52, 53, 53, 51]| tp = [1, 1, 1, 1, 1, 1, ] | dp = [2, 2, 1, 1, 1, 1, ] | algo = [0, 0, 0, 0, 0, 0, ] | rc = [32, 30, 14, 14, 8, 0] | gpus = [2, 2, 1, 1, 1, 1] | micro_bs = 8 | time = [37700, 37232, 36439, 37587, 36497, 40325] | memory = [56974, 53973, 54852, 57951, 52930, 52645]
fix|39614.97|57411.00| op = [105, 105, 53, 53, 53, 50]| tp = [1, 1, 1, 1, 1, 1, ] | dp = [2, 2, 1, 1, 1, 1, ] | algo = [0, 0, 0, 0, 0, 0, ] | rc = [32, 30, 14, 16, 8, 0] | gpus = [2, 2, 1, 1, 1, 1] | micro_bs = 8 | time = [37721, 37253, 37694, 38812, 37543, 39614] | memory = [56974, 53973, 56112, 57411, 52610, 52645]
fix|40427.16|57891.00| op = [105, 106, 53, 53, 53, 49]| tp = [1, 1, 1, 1, 1, 1, ] | dp = [2, 2, 1, 1, 1, 1, ] | algo = [0, 0, 0, 0, 0, 0, ] | rc = [32, 30, 16, 15, 17, 0] | gpus = [2, 2, 1, 1, 1, 1] | micro_bs = 8 | time = [37757, 37905, 38934, 39627, 40427, 38791] | memory = [56974, 54873, 55492, 57891, 57858, 48037]
fix|42239.85|57858.00| op = [106, 106, 53, 53, 52, 49]| tp = [1, 1, 1, 1, 1, 1, ] | dp = [2, 2, 1, 1, 1, 1, ] | algo = [0, 0, 0, 0, 0, 0, ] | rc = [32, 32, 17, 23, 15, 0] | gpus = [2, 2, 1, 1, 1, 1] | micro_bs = 8 | time = [37852, 39046, 40293, 42239, 38898, 38819] | memory = [57214, 54872, 54852, 57507, 57858, 48037]
fix|46145.45|57858.00| op = [107, 106, 53, 52, 52, 49]| tp = [1, 1, 1, 1, 1, 1, ] | dp = [2, 2, 1, 1, 1, 1, ] | algo = [0, 0, 0, 0, 0, 0, ] | rc = [34, 32, 50, 21, 15, 0] | gpus = [2, 2, 1, 1, 1, 1] | micro_bs = 8 | time = [38789, 38909, 46145, 40722, 38937, 38858] | memory = [57274, 54372, 56680, 57507, 57858, 48037]
fix|45068.21|57858.00| op = [108, 106, 52, 52, 52, 49]| tp = [1, 1, 1, 1, 1, 1, ] | dp = [2, 2, 1, 1, 1, 1, ] | algo = [0, 0, 0, 0, 0, 0, ] | rc = [47, 54, 49, 21, 15, 0] | gpus = [2, 2, 1, 1, 1, 1] | micro_bs = 8 | time = [41503, 42657, 45068, 40764, 38979, 38899] | memory = [57658, 57512, 55920, 57507, 57858, 48037]
fix|42575.08|57891.00| op = [108, 106, 51, 52, 52, 50]| tp = [1, 1, 1, 1, 1, 1, ] | dp = [2, 2, 1, 1, 1, 1, ] | algo = [0, 0, 0, 0, 0, 0, ] | rc = [47, 54, 14, 14, 8, 0] | gpus = [2, 2, 1, 1, 1, 1] | micro_bs = 8 | time = [41420, 42575, 37696, 38614, 36872, 39676] | memory = [57658, 57512, 54852, 57891, 52610, 52645]
fix|41423.65|57924.00| op = [108, 105, 51, 52, 53, 50]| tp = [1, 1, 1, 1, 1, 1, ] | dp = [2, 2, 1, 1, 1, 1, ] | algo = [0, 0, 0, 0, 0, 0, ] | rc = [47, 33, 23, 15, 8, 0] | gpus = [2, 2, 1, 1, 1, 1] | micro_bs = 8 | time = [41423, 39172, 40424, 38923, 37607, 39679] | memory = [57658, 53972, 57924, 57891, 52610, 52645]
fix|39608.00|57411.00| op = [107, 105, 51, 52, 54, 50]| tp = [1, 1, 1, 1, 1, 1, ] | dp = [2, 2, 1, 1, 1, 1, ] | algo = [0, 0, 0, 0, 0, 0, ] | rc = [34, 32, 15, 14, 8, 0] | gpus = [2, 2, 1, 1, 1, 1] | micro_bs = 8 | time = [38679, 38432, 37217, 36533, 37244, 39608] | memory = [57274, 54372, 54852, 57411, 52930, 52645]
best|39608.00|57411.00| op = [107, 105, 51, 52, 54, 50]| tp = [1, 1, 1, 1, 1, 1, ] | dp = [2, 2, 1, 1, 1, 1, ] | algo = [0, 0, 0, 0, 0, 0, ] | rc = [34, 32, 15, 14, 8, 0] | gpus = [2, 2, 1, 1, 1, 1] | micro_bs = 8 | time = [38679, 38432, 37217, 36533, 37244, 39608] | memory = [57274, 54372, 54852, 57411, 52930, 52645]
decode|41466.72|57858.00| op = [107, 105, 51, 53, 54, 49]| tp = [1, 1, 1, 1, 1, 1, ] | dp = [2, 2, 1, 1, 1, 1, ] | algo = [0, 0, 0, 0, 0, 0, ] | rc = [34, 32, 15, 16, 18, 0] | gpus = [2, 2, 1, 1, 1, 1] | micro_bs = 8 | time = [38723, 38476, 37261, 38849, 41466, 38792] | memory = [57274, 54372, 54852, 57411, 57858, 48037]
fix|41466.70|57924.00| op = [107, 105, 52, 53, 53, 49]| tp = [1, 1, 1, 1, 1, 1, ] | dp = [2, 2, 1, 1, 1, 1, ] | algo = [0, 0, 0, 0, 0, 0, ] | rc = [34, 32, 24, 15, 17, 0] | gpus = [2, 2, 1, 1, 1, 1] | micro_bs = 8 | time = [38754, 38507, 41466, 39659, 40458, 38823] | memory = [57274, 54372, 57924, 57891, 57858, 48037]
fix|40453.65|57924.00| op = [107, 106, 51, 53, 53, 49]| tp = [1, 1, 1, 1, 1, 1, ] | dp = [2, 2, 1, 1, 1, 1, ] | algo = [0, 0, 0, 0, 0, 0, ] | rc = [34, 32, 23, 15, 17, 0] | gpus = [2, 2, 1, 1, 1, 1] | micro_bs = 8 | time = [38748, 38869, 40422, 39654, 40453, 38817] | memory = [57274, 54372, 57924, 57891, 57858, 48037]
fix|42612.77|57858.00| op = [108, 106, 51, 53, 52, 49]| tp = [1, 1, 1, 1, 1, 1, ] | dp = [2, 2, 1, 1, 1, 1, ] | algo = [0, 0, 0, 0, 0, 0, ] | rc = [47, 54, 14, 23, 15, 0] | gpus = [2, 2, 1, 1, 1, 1] | micro_bs = 8 | time = [41458, 42612, 37733, 42275, 38934, 38854] | memory = [57658, 57512, 54852, 57507, 57858, 48037]
fix|42260.77|57858.00| op = [108, 105, 52, 53, 52, 49]| tp = [1, 1, 1, 1, 1, 1, ] | dp = [2, 2, 1, 1, 1, 1, ] | algo = [0, 0, 0, 0, 0, 0, ] | rc = [47, 33, 16, 23, 15, 0] | gpus = [2, 2, 1, 1, 1, 1] | micro_bs = 8 | time = [41443, 39193, 39275, 42260, 38919, 38840] | memory = [57658, 53972, 54852, 57507, 57858, 48037]
fix|41406.27|57891.00| op = [108, 105, 52, 52, 52, 50]| tp = [1, 1, 1, 1, 1, 1, ] | dp = [2, 2, 1, 1, 1, 1, ] | algo = [0, 0, 0, 0, 0, 0, ] | rc = [47, 33, 16, 14, 8, 0] | gpus = [2, 2, 1, 1, 1, 1] | micro_bs = 8 | time = [41406, 39155, 39237, 38600, 36858, 39662] | memory = [57658, 53972, 54852, 57891, 52610, 52645]
fix|41445.28|57924.00| op = [107, 105, 52, 52, 53, 50]| tp = [1, 1, 1, 1, 1, 1, ] | dp = [2, 2, 1, 1, 1, 1, ] | algo = [0, 0, 0, 0, 0, 0, ] | rc = [34, 32, 24, 15, 8, 0] | gpus = [2, 2, 1, 1, 1, 1] | micro_bs = 8 | time = [38732, 38485, 41445, 38905, 37589, 39661] | memory = [57274, 54372, 57924, 57891, 52610, 52645]
fix|39608.00|57411.00| op = [107, 105, 51, 52, 54, 50]| tp = [1, 1, 1, 1, 1, 1, ] | dp = [2, 2, 1, 1, 1, 1, ] | algo = [0, 0, 0, 0, 0, 0, ] | rc = [34, 32, 15, 14, 8, 0] | gpus = [2, 2, 1, 1, 1, 1] | micro_bs = 8 | time = [38679, 38432, 37217, 36533, 37244, 39608] | memory = [57274, 54372, 54852, 57411, 52930, 52645]
best|39608.00|57411.00| op = [107, 105, 51, 52, 54, 50]| tp = [1, 1, 1, 1, 1, 1, ] | dp = [2, 2, 1, 1, 1, 1, ] | algo = [0, 0, 0, 0, 0, 0, ] | rc = [34, 32, 15, 14, 8, 0] | gpus = [2, 2, 1, 1, 1, 1] | micro_bs = 8 | time = [38679, 38432, 37217, 36533, 37244, 39608] | memory = [57274, 54372, 54852, 57411, 52930, 52645]

num_targets: []
num_hops: []
search time = 0.00 s.  [0] 
num_explored_cases = 0
time trend: [41079]

stage 6 search time: 0.82 s
working on num_stages = 7
start|41418.93|57651.00| op = [105, 52, 52, 52, 52, 52, 54]| tp = [1, 1, 1, 1, 1, 1, 1, ] | dp = [2, 1, 1, 1, 1, 1, 1, ] | algo = [0, 0, 0, 0, 0, 0, 0, ] | rc = [42, 18, 16, 14, 12, 8, 0] | gpus = [2, 1, 1, 1, 1, 1, 1] | micro_bs = 8 | time = [39375, 37780, 37228, 36633, 35995, 34848, 41418] | memory = [57515, 56742, 52501, 54532, 57651, 48354, 53185]
line465:max stage:6, min stage:5, max_value:41418.933282312995, min_value:34848.63222356589
fix|41370.03|57651.00| op = [105, 52, 52, 52, 52, 53, 53]| tp = [1, 1, 1, 1, 1, 1, 1, ] | dp = [2, 1, 1, 1, 1, 1, 1, ] | algo = [0, 0, 0, 0, 0, 0, 0, ] | rc = [42, 18, 16, 14, 12, 8, 0] | gpus = [2, 1, 1, 1, 1, 1, 1] | micro_bs = 8 | time = [39376, 37780, 37228, 36634, 35996, 34971, 41370] | memory = [57515, 56742, 52501, 54532, 57651, 48514, 53185]
cv:0.05311004136365408
line465:max stage:6, min stage:5, max_value:41370.03223817159, min_value:34971.783413424484
fix|40302.60|57651.00| op = [105, 52, 52, 52, 52, 54, 52]| tp = [1, 1, 1, 1, 1, 1, 1, ] | dp = [2, 1, 1, 1, 1, 1, 1, ] | algo = [0, 0, 0, 0, 0, 0, 0, ] | rc = [42, 18, 16, 14, 12, 8, 0] | gpus = [2, 1, 1, 1, 1, 1, 1] | micro_bs = 8 | time = [39377, 37782, 37230, 36635, 35997, 36206, 40302] | memory = [57515, 56742, 52501, 54532, 57651, 49294, 52805]
cv:0.04022985031275848
line465:max stage:6, min stage:4, max_value:40302.60194361399, min_value:35997.47965495041
fix|40610.82|57891.38| op = [105, 52, 52, 52, 53, 54, 51]| tp = [1, 1, 1, 1, 1, 1, 1, ] | dp = [2, 1, 1, 1, 1, 1, 1, ] | algo = [0, 0, 0, 0, 0, 0, 0, ] | rc = [42, 18, 16, 14, 12, 8, 0] | gpus = [2, 1, 1, 1, 1, 1, 1] | micro_bs = 8 | time = [39393, 37798, 37246, 36651, 36136, 37851, 40610] | memory = [57515, 56742, 52501, 54532, 57891, 53390, 52645]
cv:0.03813854209021829
line465:max stage:6, min stage:4, max_value:40610.81878608427, min_value:36136.14062456009
fix|39884.26|57951.38| op = [105, 52, 52, 52, 54, 54, 50]| tp = [1, 1, 1, 1, 1, 1, 1, ] | dp = [2, 1, 1, 1, 1, 1, 1, ] | algo = [0, 0, 0, 0, 0, 0, 0, ] | rc = [42, 18, 16, 14, 14, 8, 0] | gpus = [2, 1, 1, 1, 1, 1, 1] | micro_bs = 8 | time = [39399, 37804, 37252, 36657, 37927, 37520, 39884] | memory = [57515, 56742, 52501, 54532, 57951, 52930, 52645]
cv:0.028290253856230574
line465:max stage:6, min stage:3, max_value:39884.25669394385, min_value:36657.06051008601
fix|41743.54|57951.00| op = [105, 52, 52, 53, 54, 54, 49]| tp = [1, 1, 1, 1, 1, 1, 1, ] | dp = [2, 1, 1, 1, 1, 1, 1, ] | algo = [0, 0, 0, 0, 0, 0, 0, ] | rc = [42, 18, 16, 14, 16, 18, 0] | gpus = [2, 1, 1, 1, 1, 1, 1] | micro_bs = 8 | time = [39443, 37848, 37296, 36824, 40195, 41743, 39069] | memory = [57515, 56742, 52501, 54852, 57951, 57858, 48037]
cv:0.041285681934957415
line465:max stage:5, min stage:3, max_value:41743.5438715835, min_value:36824.23889269569
fix|40703.83|57858.00| op = [105, 52, 52, 54, 54, 53, 49]| tp = [1, 1, 1, 1, 1, 1, 1, ] | dp = [2, 1, 1, 1, 1, 1, 1, ] | algo = [0, 0, 0, 0, 0, 0, 0, ] | rc = [42, 18, 16, 14, 16, 17, 0] | gpus = [2, 1, 1, 1, 1, 1, 1] | micro_bs = 8 | time = [39442, 37847, 37295, 38056, 39857, 40703, 39068] | memory = [57515, 56742, 52501, 56112, 57411, 57858, 48037]
cv:0.028967587865983406
line465:max stage:5, min stage:2, max_value:40703.82547444306, min_value:37295.49102422161
fix|43562.36|57858.00| op = [105, 52, 53, 54, 54, 52, 49]| tp = [1, 1, 1, 1, 1, 1, 1, ] | dp = [2, 1, 1, 1, 1, 1, 1, ] | algo = [0, 0, 0, 0, 0, 0, 0, ] | rc = [42, 18, 16, 16, 24, 15, 0] | gpus = [2, 1, 1, 1, 1, 1, 1] | micro_bs = 8 | time = [39477, 37882, 37453, 40315, 43562, 39182, 39103] | memory = [57515, 56742, 52901, 56112, 57507, 57858, 48037]
cv:0.04698973651106346
line465:max stage:4, min stage:2, max_value:43562.360890719094, min_value:37453.175893831285
fix|42522.64|57858.00| op = [105, 52, 54, 54, 53, 52, 49]| tp = [1, 1, 1, 1, 1, 1, 1, ] | dp = [2, 1, 1, 1, 1, 1, 1, ] | algo = [0, 0, 0, 0, 0, 0, 0, ] | rc = [42, 18, 16, 16, 23, 15, 0] | gpus = [2, 1, 1, 1, 1, 1, 1] | micro_bs = 8 | time = [39476, 37881, 38685, 39977, 42522, 39181, 39102] | memory = [57515, 56742, 54401, 55492, 57507, 57858, 48037]
cv:0.034315676870214765
line465:max stage:4, min stage:1, max_value:42522.64249357866, min_value:37881.51955135722
fix|47511.01|57858.00| op = [105, 53, 54, 54, 52, 52, 49]| tp = [1, 1, 1, 1, 1, 1, 1, ] | dp = [2, 1, 1, 1, 1, 1, 1, ] | algo = [0, 0, 0, 0, 0, 0, 0, ] | rc = [42, 18, 26, 51, 21, 15, 0] | gpus = [2, 1, 1, 1, 1, 1, 1] | micro_bs = 8 | time = [39560, 38087, 43339, 47511, 41049, 39264, 39185] | memory = [57515, 57222, 57281, 56680, 57507, 57858, 48037]
cv:0.07382902269296705
line465:max stage:3, min stage:1, max_value:47511.00892285469, min_value:38087.452474966885
fix|46457.16|57858.00| op = [105, 54, 54, 53, 52, 52, 49]| tp = [1, 1, 1, 1, 1, 1, 1, ] | dp = [2, 1, 1, 1, 1, 1, 1, ] | algo = [0, 0, 0, 0, 0, 0, 0, ] | rc = [42, 20, 18, 50, 21, 15, 0] | gpus = [2, 1, 1, 1, 1, 1, 1] | micro_bs = 8 | time = [39544, 39858, 40640, 46457, 41034, 39249, 39170] | memory = [57515, 57042, 53701, 56680, 57507, 57858, 48037]
cv:0.05821510033023758
line465:max stage:3, min stage:6, max_value:46457.15757071427, min_value:39170.11593935066
fix|40561.21|57891.00| op = [105, 54, 54, 52, 52, 52, 50]| tp = [1, 1, 1, 1, 1, 1, 1, ] | dp = [2, 1, 1, 1, 1, 1, 1, ] | algo = [0, 0, 0, 0, 0, 0, 0, ] | rc = [42, 20, 18, 16, 14, 8, 0] | gpus = [2, 1, 1, 1, 1, 1, 1] | micro_bs = 8 | time = [39465, 39778, 40561, 39526, 38888, 37146, 39950] | memory = [57515, 57042, 53701, 54852, 57891, 52610, 52645]
cv:0.02564599943132563
line465:max stage:2, min stage:5, max_value:40561.20857852002, min_value:37146.43091171427
fix|41769.09|57924.00| op = [105, 54, 53, 52, 52, 53, 50]| tp = [1, 1, 1, 1, 1, 1, 1, ] | dp = [2, 1, 1, 1, 1, 1, 1, ] | algo = [0, 0, 0, 0, 0, 0, 0, ] | rc = [42, 20, 25, 24, 15, 8, 0] | gpus = [2, 1, 1, 1, 1, 1, 1] | micro_bs = 8 | time = [39500, 39813, 41765, 41769, 39229, 37913, 39985] | memory = [57515, 57042, 57541, 57924, 57891, 52610, 52645]
cv:0.032016687137074666
line465:max stage:3, min stage:5, max_value:41769.09072771427, min_value:37913.41365371427
fix|41712.07|57541.00| op = [105, 54, 53, 51, 52, 54, 50]| tp = [1, 1, 1, 1, 1, 1, 1, ] | dp = [2, 1, 1, 1, 1, 1, 1, ] | algo = [0, 0, 0, 0, 0, 0, 0, ] | rc = [42, 20, 25, 15, 14, 8, 0] | gpus = [2, 1, 1, 1, 1, 1, 1] | micro_bs = 8 | time = [39446, 39760, 41712, 37541, 36857, 37567, 39931] | memory = [57515, 57042, 57541, 54852, 57411, 52930, 52645]
cv:0.040877625279636155
line465:max stage:2, min stage:4, max_value:41712.07342301783, min_value:36857.03679382358
fix|39892.93|57951.00| op = [105, 54, 52, 51, 53, 54, 50]| tp = [1, 1, 1, 1, 1, 1, 1, ] | dp = [2, 1, 1, 1, 1, 1, 1, ] | algo = [0, 0, 0, 0, 0, 0, 0, ] | rc = [42, 20, 16, 14, 14, 8, 0] | gpus = [2, 1, 1, 1, 1, 1, 1] | micro_bs = 8 | time = [39407, 39721, 37498, 35670, 37886, 37528, 39892] | memory = [57515, 57042, 53701, 54232, 57951, 52930, 52645]
cv:0.037089324541204505
line465:max stage:6, min stage:3, max_value:39892.93075623781, min_value:35670.102953630085
fix|41752.94|57858.00| op = [105, 54, 52, 52, 53, 54, 49]| tp = [1, 1, 1, 1, 1, 1, 1, ] | dp = [2, 1, 1, 1, 1, 1, 1, ] | algo = [0, 0, 0, 0, 0, 0, 0, ] | rc = [42, 20, 16, 14, 16, 18, 0] | gpus = [2, 1, 1, 1, 1, 1, 1] | micro_bs = 8 | time = [39453, 39766, 37544, 36949, 39136, 41752, 39078] | memory = [57515, 57042, 53701, 55492, 57411, 57858, 48037]
cv:0.03700785435835207
line465:max stage:5, min stage:3, max_value:41752.942656212086, min_value:36949.299767823584
fix|40730.18|57891.00| op = [105, 54, 52, 53, 53, 53, 49]| tp = [1, 1, 1, 1, 1, 1, 1, ] | dp = [2, 1, 1, 1, 1, 1, 1, ] | algo = [0, 0, 0, 0, 0, 0, 0, ] | rc = [42, 20, 16, 16, 15, 17, 0] | gpus = [2, 1, 1, 1, 1, 1, 1] | micro_bs = 8 | time = [39469, 39782, 37560, 39237, 39930, 40730, 39094] | memory = [57515, 57042, 53701, 55492, 57891, 57858, 48037]
cv:0.02291651841997199
line465:max stage:5, min stage:2, max_value:40730.18417096317, min_value:37560.08741857467
fix|42566.45|57858.00| op = [105, 54, 53, 53, 53, 52, 49]| tp = [1, 1, 1, 1, 1, 1, 1, ] | dp = [2, 1, 1, 1, 1, 1, 1, ] | algo = [0, 0, 0, 0, 0, 0, 0, ] | rc = [42, 20, 25, 17, 23, 15, 0] | gpus = [2, 1, 1, 1, 1, 1, 1] | micro_bs = 8 | time = [39520, 39833, 41785, 40619, 42566, 39225, 39145] | memory = [57515, 57042, 57541, 54852, 57507, 57858, 48037]
cv:0.030624825894521028
line465:max stage:4, min stage:6, max_value:42566.44625271427, min_value:39145.80760735066
fix|41748.12|57891.00| op = [105, 54, 53, 53, 52, 52, 50]| tp = [1, 1, 1, 1, 1, 1, 1, ] | dp = [2, 1, 1, 1, 1, 1, 1, ] | algo = [0, 0, 0, 0, 0, 0, 0, ] | rc = [42, 20, 25, 17, 14, 8, 0] | gpus = [2, 1, 1, 1, 1, 1, 1] | micro_bs = 8 | time = [39482, 39796, 41748, 40582, 38905, 37163, 39967] | memory = [57515, 57042, 57541, 54852, 57891, 52610, 52645]
cv:0.03322272814466938
line465:max stage:2, min stage:5, max_value:41748.11541152001, min_value:37163.81773171427
fix|39932.69|57891.00| op = [105, 54, 52, 53, 52, 53, 50]| tp = [1, 1, 1, 1, 1, 1, 1, ] | dp = [2, 1, 1, 1, 1, 1, 1, ] | algo = [0, 0, 0, 0, 0, 0, 0, ] | rc = [42, 20, 16, 16, 15, 8, 0] | gpus = [2, 1, 1, 1, 1, 1, 1] | micro_bs = 8 | time = [39447, 39760, 37538, 39216, 39176, 37860, 39932] | memory = [57515, 57042, 53701, 55492, 57891, 52610, 52645]
cv:0.022019880964135742
line465:max stage:6, min stage:2, max_value:39932.685624599566, min_value:37538.66714757468
fix|41769.54|57891.00| op = [105, 54, 53, 53, 52, 53, 49]| tp = [1, 1, 1, 1, 1, 1, 1, ] | dp = [2, 1, 1, 1, 1, 1, 1, ] | algo = [0, 0, 0, 0, 0, 0, 0, ] | rc = [42, 20, 25, 17, 14, 17, 0] | gpus = [2, 1, 1, 1, 1, 1, 1] | micro_bs = 8 | time = [39504, 39817, 41769, 40603, 38927, 40765, 39129] | memory = [57515, 57042, 57541, 54852, 57891, 57858, 48037]
cv:0.02354322041975463
line465:max stage:2, min stage:4, max_value:41769.53568252001, min_value:38927.14955571426
fix|40730.18|57891.00| op = [105, 54, 52, 53, 53, 53, 49]| tp = [1, 1, 1, 1, 1, 1, 1, ] | dp = [2, 1, 1, 1, 1, 1, 1, ] | algo = [0, 0, 0, 0, 0, 0, 0, ] | rc = [42, 20, 16, 16, 15, 17, 0] | gpus = [2, 1, 1, 1, 1, 1, 1] | micro_bs = 8 | time = [39469, 39782, 37560, 39237, 39930, 40730, 39094] | memory = [57515, 57042, 53701, 55492, 57891, 57858, 48037]
cv:0.02291651841997199
line465:max stage:5, min stage:2, max_value:40730.18417096317, min_value:37560.08741857467
best|39884.26|57951.38| op = [105, 52, 52, 52, 54, 54, 50]| tp = [1, 1, 1, 1, 1, 1, 1, ] | dp = [2, 1, 1, 1, 1, 1, 1, ] | algo = [0, 0, 0, 0, 0, 0, 0, ] | rc = [42, 18, 16, 14, 14, 8, 0] | gpus = [2, 1, 1, 1, 1, 1, 1] | micro_bs = 8 | time = [39399, 37804, 37252, 36657, 37927, 37520, 39884] | memory = [57515, 56742, 52501, 54532, 57951, 52930, 52645]
line146:config.memory_list:[57515.16100000008, 56742.0, 52501.0, 54532.0, 57951.375, 52930.0, 52645.203]
line147:config.time_list:[39399.27399143271, 37804.03205408601, 37252.000519086, 36657.06051008601, 37927.68848600249, 37520.2978311132, 39884.25669394385]
------------------------------------------------------------------------------------------------------
cegis_search for the 0th times
开始求解check...
line351:
tp_list[1, 1, 1, 1, 1, 1, 1, 1, 1, 1, 1, 1, 1, 1, 1, 1, 1, 1, 1, 1, 1, 1, 1, 1, 1, 1, 1, 1, 1, 1, 1, 1, 1, 1, 1, 1, 1, 1, 1, 1, 1, 1, 1, 1, 1, 1, 1, 1, 1, 1, 1, 1, 1, 1, 1, 1, 1, 1, 1, 1, 1, 1, 1, 1, 1, 1, 1, 1, 1, 1, 1, 1, 1, 1, 1, 1, 1, 1, 1, 1, 1, 1, 1, 1, 1, 1, 1, 1, 1, 1, 1, 1, 1, 1, 1, 1, 1, 1, 1, 1, 1, 1, 1, 1, 1, 1, 1, 1, 1, 1, 1, 1, 1, 1, 1, 1, 1, 1, 1, 1, 1, 1, 1, 1, 1, 1, 1, 1, 1, 1, 1, 1, 1, 1, 1, 1, 1, 1, 1, 1, 1, 1, 1, 1, 1, 1, 1, 1, 1, 1, 1, 1, 1, 1, 1, 1, 1, 1, 1, 1, 1, 1, 1, 1, 1, 1, 1, 1, 1, 1, 1, 1, 1, 1, 1, 1, 1, 1, 1, 1, 1, 1, 1, 1, 1, 1, 1, 1, 1, 1, 1, 1, 1, 1, 1, 1, 1, 1, 1, 1, 1, 1, 1, 1, 1, 1, 1, 1, 1, 1, 1, 1, 1, 1, 1, 1, 1, 1, 1, 1, 1, 1, 1, 1, 1, 1, 1, 1, 1, 1, 1, 1, 1, 1, 1, 1, 1, 1, 1, 1, 1, 1, 1, 1, 1, 1, 1, 1, 1, 1, 1, 1, 1, 1, 1, 1, 1, 1, 1, 1, 1, 1, 1, 1, 1, 1, 1, 1, 1, 1, 1, 1, 1, 1, 1, 1, 1, 1, 1, 1, 1, 1, 1, 1, 1, 1, 1, 1, 1, 1, 1, 1, 1, 1, 1, 1, 1, 1, 1, 1, 1, 1, 1, 1, 1, 1, 1, 1, 1, 1, 1, 1, 1, 1, 1, 1, 1, 1, 1, 1, 1, 1, 1, 1, 1, 1, 1, 1, 1, 1, 1, 1, 1, 1, 1, 1, 1, 1, 1, 1, 1, 1, 1, 1, 1, 1, 1, 1, 1, 1, 1, 1, 1, 1, 1, 1, 1, 1, 1, 1, 1, 1, 1, 1, 1, 1, 1, 1, 1, 1, 1, 1, 1, 1, 1, 1, 1, 1, 1, 1, 1, 1, 1, 1, 1, 1, 1, 1, 1, 1, 1, 1, 1, 1, 1, 1, 1, 1, 1, 1, 1, 1, 1, 1, 1, 1, 1, 1, 1, 1, 1, 1, 1, 1, 1, 1, 1, 1, 1]
dp_list[2, 2, 2, 2, 2, 2, 2, 2, 2, 2, 2, 2, 2, 2, 2, 2, 2, 2, 2, 2, 2, 2, 2, 2, 2, 2, 2, 2, 2, 2, 2, 2, 2, 2, 2, 2, 2, 2, 2, 2, 2, 2, 2, 2, 2, 2, 2, 2, 2, 2, 2, 2, 2, 2, 2, 2, 2, 2, 2, 2, 2, 2, 2, 2, 2, 2, 2, 2, 2, 2, 2, 2, 2, 2, 2, 2, 2, 2, 2, 2, 2, 2, 2, 2, 2, 2, 2, 2, 2, 2, 2, 2, 2, 2, 2, 2, 2, 2, 2, 2, 2, 2, 2, 2, 2, 1, 1, 1, 1, 1, 1, 1, 1, 1, 1, 1, 1, 1, 1, 1, 1, 1, 1, 1, 1, 1, 1, 1, 1, 1, 1, 1, 1, 1, 1, 1, 1, 1, 1, 1, 1, 1, 1, 1, 1, 1, 1, 1, 1, 1, 1, 1, 1, 1, 1, 1, 1, 1, 1, 1, 1, 1, 1, 1, 1, 1, 1, 1, 1, 1, 1, 1, 1, 1, 1, 1, 1, 1, 1, 1, 1, 1, 1, 1, 1, 1, 1, 1, 1, 1, 1, 1, 1, 1, 1, 1, 1, 1, 1, 1, 1, 1, 1, 1, 1, 1, 1, 1, 1, 1, 1, 1, 1, 1, 1, 1, 1, 1, 1, 1, 1, 1, 1, 1, 1, 1, 1, 1, 1, 1, 1, 1, 1, 1, 1, 1, 1, 1, 1, 1, 1, 1, 1, 1, 1, 1, 1, 1, 1, 1, 1, 1, 1, 1, 1, 1, 1, 1, 1, 1, 1, 1, 1, 1, 1, 1, 1, 1, 1, 1, 1, 1, 1, 1, 1, 1, 1, 1, 1, 1, 1, 1, 1, 1, 1, 1, 1, 1, 1, 1, 1, 1, 1, 1, 1, 1, 1, 1, 1, 1, 1, 1, 1, 1, 1, 1, 1, 1, 1, 1, 1, 1, 1, 1, 1, 1, 1, 1, 1, 1, 1, 1, 1, 1, 1, 1, 1, 1, 1, 1, 1, 1, 1, 1, 1, 1, 1, 1, 1, 1, 1, 1, 1, 1, 1, 1, 1, 1, 1, 1, 1, 1, 1, 1, 1, 1, 1, 1, 1, 1, 1, 1, 1, 1, 1, 1, 1, 1, 1, 1, 1, 1, 1, 1, 1, 1, 1, 1, 1, 1, 1, 1, 1, 1, 1, 1, 1, 1, 1, 1, 1, 1, 1, 1, 1, 1, 1, 1, 1, 1, 1, 1, 1, 1, 1, 1, 1, 1, 1, 1, 1, 1, 1, 1, 1, 1, 1, 1, 1]
algo_list[0, 0, 0, 0, 0, 0, 0, 0, 0, 0, 0, 0, 0, 0, 0, 0, 0, 0, 0, 0, 0, 0, 0, 0, 0, 0, 0, 0, 0, 0, 0, 0, 0, 0, 0, 0, 0, 0, 0, 0, 0, 0, 0, 0, 0, 0, 0, 0, 0, 0, 0, 0, 0, 0, 0, 0, 0, 0, 0, 0, 0, 0, 0, 0, 0, 0, 0, 0, 0, 0, 0, 0, 0, 0, 0, 0, 0, 0, 0, 0, 0, 0, 0, 0, 0, 0, 0, 0, 0, 0, 0, 0, 0, 0, 0, 0, 0, 0, 0, 0, 0, 0, 0, 0, 0, 0, 0, 0, 0, 0, 0, 0, 0, 0, 0, 0, 0, 0, 0, 0, 0, 0, 0, 0, 0, 0, 0, 0, 0, 0, 0, 0, 0, 0, 0, 0, 0, 0, 0, 0, 0, 0, 0, 0, 0, 0, 0, 0, 0, 0, 0, 0, 0, 0, 0, 0, 0, 0, 0, 0, 0, 0, 0, 0, 0, 0, 0, 0, 0, 0, 0, 0, 0, 0, 0, 0, 0, 0, 0, 0, 0, 0, 0, 0, 0, 0, 0, 0, 0, 0, 0, 0, 0, 0, 0, 0, 0, 0, 0, 0, 0, 0, 0, 0, 0, 0, 0, 0, 0, 0, 0, 0, 0, 0, 0, 0, 0, 0, 0, 0, 0, 0, 0, 0, 0, 0, 0, 0, 0, 0, 0, 0, 0, 0, 0, 0, 0, 0, 0, 0, 0, 0, 0, 0, 0, 0, 0, 0, 0, 0, 0, 0, 0, 0, 0, 0, 0, 0, 0, 0, 0, 0, 0, 0, 0, 0, 0, 0, 0, 0, 0, 0, 0, 0, 0, 0, 0, 0, 0, 0, 0, 0, 0, 0, 0, 0, 0, 0, 0, 0, 0, 0, 0, 0, 0, 0, 0, 0, 0, 0, 0, 0, 0, 0, 0, 0, 0, 0, 0, 0, 0, 0, 0, 0, 0, 0, 0, 0, 0, 0, 0, 0, 0, 0, 0, 0, 0, 0, 0, 0, 0, 0, 0, 0, 0, 0, 0, 0, 0, 0, 0, 0, 0, 0, 0, 0, 0, 0, 0, 0, 0, 0, 0, 0, 0, 0, 0, 0, 0, 0, 0, 0, 0, 0, 0, 0, 0, 0, 0, 0, 0, 0, 0, 0, 0, 0, 0, 0, 0, 0, 0, 0, 0, 0, 0, 0, 0, 0, 0, 0, 0, 0, 0, 0, 0, 0, 0, 0, 0, 0, 0, 0, 0, 0, 0, 0, 0, 0, 0, 0, 0, 0, 0, 0, 0, 0, 0, 0, 0]

decode|41743.54|57951.00| op = [105, 52, 52, 53, 54, 54, 49]| tp = [1, 1, 1, 1, 1, 1, 1, ] | dp = [2, 1, 1, 1, 1, 1, 1, ] | algo = [0, 0, 0, 0, 0, 0, 0, ] | rc = [42, 18, 16, 14, 16, 18, 0] | gpus = [2, 1, 1, 1, 1, 1, 1] | micro_bs = 8 | time = [39443, 37848, 37296, 36824, 40195, 41743, 39069] | memory = [57515, 56742, 52501, 54852, 57951, 57858, 48037]
验证解
line465:max stage:5, min stage:3, max_value:41743.5438715835, min_value:36824.23889269569
fix|40703.83|57858.00| op = [105, 52, 52, 54, 54, 53, 49]| tp = [1, 1, 1, 1, 1, 1, 1, ] | dp = [2, 1, 1, 1, 1, 1, 1, ] | algo = [0, 0, 0, 0, 0, 0, 0, ] | rc = [42, 18, 16, 14, 16, 17, 0] | gpus = [2, 1, 1, 1, 1, 1, 1] | micro_bs = 8 | time = [39442, 37847, 37295, 38056, 39857, 40703, 39068] | memory = [57515, 56742, 52501, 56112, 57411, 57858, 48037]
cv:0.028967587865983406
line465:max stage:5, min stage:2, max_value:40703.82547444306, min_value:37295.49102422161
fix|43562.36|57858.00| op = [105, 52, 53, 54, 54, 52, 49]| tp = [1, 1, 1, 1, 1, 1, 1, ] | dp = [2, 1, 1, 1, 1, 1, 1, ] | algo = [0, 0, 0, 0, 0, 0, 0, ] | rc = [42, 18, 16, 16, 24, 15, 0] | gpus = [2, 1, 1, 1, 1, 1, 1] | micro_bs = 8 | time = [39477, 37882, 37453, 40315, 43562, 39182, 39103] | memory = [57515, 56742, 52901, 56112, 57507, 57858, 48037]
cv:0.04698973651106346
line465:max stage:4, min stage:2, max_value:43562.360890719094, min_value:37453.175893831285
fix|42522.64|57858.00| op = [105, 52, 54, 54, 53, 52, 49]| tp = [1, 1, 1, 1, 1, 1, 1, ] | dp = [2, 1, 1, 1, 1, 1, 1, ] | algo = [0, 0, 0, 0, 0, 0, 0, ] | rc = [42, 18, 16, 16, 23, 15, 0] | gpus = [2, 1, 1, 1, 1, 1, 1] | micro_bs = 8 | time = [39476, 37881, 38685, 39977, 42522, 39181, 39102] | memory = [57515, 56742, 54401, 55492, 57507, 57858, 48037]
cv:0.034315676870214765
line465:max stage:4, min stage:1, max_value:42522.64249357866, min_value:37881.51955135722
fix|47511.01|57858.00| op = [105, 53, 54, 54, 52, 52, 49]| tp = [1, 1, 1, 1, 1, 1, 1, ] | dp = [2, 1, 1, 1, 1, 1, 1, ] | algo = [0, 0, 0, 0, 0, 0, 0, ] | rc = [42, 18, 26, 51, 21, 15, 0] | gpus = [2, 1, 1, 1, 1, 1, 1] | micro_bs = 8 | time = [39560, 38087, 43339, 47511, 41049, 39264, 39185] | memory = [57515, 57222, 57281, 56680, 57507, 57858, 48037]
cv:0.07382902269296705
line465:max stage:3, min stage:1, max_value:47511.00892285469, min_value:38087.452474966885
fix|46457.16|57858.00| op = [105, 54, 54, 53, 52, 52, 49]| tp = [1, 1, 1, 1, 1, 1, 1, ] | dp = [2, 1, 1, 1, 1, 1, 1, ] | algo = [0, 0, 0, 0, 0, 0, 0, ] | rc = [42, 20, 18, 50, 21, 15, 0] | gpus = [2, 1, 1, 1, 1, 1, 1] | micro_bs = 8 | time = [39544, 39858, 40640, 46457, 41034, 39249, 39170] | memory = [57515, 57042, 53701, 56680, 57507, 57858, 48037]
cv:0.05821510033023758
line465:max stage:3, min stage:6, max_value:46457.15757071427, min_value:39170.11593935066
fix|40561.21|57891.00| op = [105, 54, 54, 52, 52, 52, 50]| tp = [1, 1, 1, 1, 1, 1, 1, ] | dp = [2, 1, 1, 1, 1, 1, 1, ] | algo = [0, 0, 0, 0, 0, 0, 0, ] | rc = [42, 20, 18, 16, 14, 8, 0] | gpus = [2, 1, 1, 1, 1, 1, 1] | micro_bs = 8 | time = [39465, 39778, 40561, 39526, 38888, 37146, 39950] | memory = [57515, 57042, 53701, 54852, 57891, 52610, 52645]
cv:0.02564599943132563
line465:max stage:2, min stage:5, max_value:40561.20857852002, min_value:37146.43091171427
fix|41769.09|57924.00| op = [105, 54, 53, 52, 52, 53, 50]| tp = [1, 1, 1, 1, 1, 1, 1, ] | dp = [2, 1, 1, 1, 1, 1, 1, ] | algo = [0, 0, 0, 0, 0, 0, 0, ] | rc = [42, 20, 25, 24, 15, 8, 0] | gpus = [2, 1, 1, 1, 1, 1, 1] | micro_bs = 8 | time = [39500, 39813, 41765, 41769, 39229, 37913, 39985] | memory = [57515, 57042, 57541, 57924, 57891, 52610, 52645]
cv:0.032016687137074666
line465:max stage:3, min stage:5, max_value:41769.09072771427, min_value:37913.41365371427
fix|41712.07|57541.00| op = [105, 54, 53, 51, 52, 54, 50]| tp = [1, 1, 1, 1, 1, 1, 1, ] | dp = [2, 1, 1, 1, 1, 1, 1, ] | algo = [0, 0, 0, 0, 0, 0, 0, ] | rc = [42, 20, 25, 15, 14, 8, 0] | gpus = [2, 1, 1, 1, 1, 1, 1] | micro_bs = 8 | time = [39446, 39760, 41712, 37541, 36857, 37567, 39931] | memory = [57515, 57042, 57541, 54852, 57411, 52930, 52645]
cv:0.040877625279636155
line465:max stage:2, min stage:4, max_value:41712.07342301783, min_value:36857.03679382358
fix|39892.93|57951.00| op = [105, 54, 52, 51, 53, 54, 50]| tp = [1, 1, 1, 1, 1, 1, 1, ] | dp = [2, 1, 1, 1, 1, 1, 1, ] | algo = [0, 0, 0, 0, 0, 0, 0, ] | rc = [42, 20, 16, 14, 14, 8, 0] | gpus = [2, 1, 1, 1, 1, 1, 1] | micro_bs = 8 | time = [39407, 39721, 37498, 35670, 37886, 37528, 39892] | memory = [57515, 57042, 53701, 54232, 57951, 52930, 52645]
cv:0.037089324541204505
line465:max stage:6, min stage:3, max_value:39892.93075623781, min_value:35670.102953630085
fix|41752.94|57858.00| op = [105, 54, 52, 52, 53, 54, 49]| tp = [1, 1, 1, 1, 1, 1, 1, ] | dp = [2, 1, 1, 1, 1, 1, 1, ] | algo = [0, 0, 0, 0, 0, 0, 0, ] | rc = [42, 20, 16, 14, 16, 18, 0] | gpus = [2, 1, 1, 1, 1, 1, 1] | micro_bs = 8 | time = [39453, 39766, 37544, 36949, 39136, 41752, 39078] | memory = [57515, 57042, 53701, 55492, 57411, 57858, 48037]
cv:0.03700785435835207
line465:max stage:5, min stage:3, max_value:41752.942656212086, min_value:36949.299767823584
fix|40730.18|57891.00| op = [105, 54, 52, 53, 53, 53, 49]| tp = [1, 1, 1, 1, 1, 1, 1, ] | dp = [2, 1, 1, 1, 1, 1, 1, ] | algo = [0, 0, 0, 0, 0, 0, 0, ] | rc = [42, 20, 16, 16, 15, 17, 0] | gpus = [2, 1, 1, 1, 1, 1, 1] | micro_bs = 8 | time = [39469, 39782, 37560, 39237, 39930, 40730, 39094] | memory = [57515, 57042, 53701, 55492, 57891, 57858, 48037]
cv:0.02291651841997199
line465:max stage:5, min stage:2, max_value:40730.18417096317, min_value:37560.08741857467
fix|42566.45|57858.00| op = [105, 54, 53, 53, 53, 52, 49]| tp = [1, 1, 1, 1, 1, 1, 1, ] | dp = [2, 1, 1, 1, 1, 1, 1, ] | algo = [0, 0, 0, 0, 0, 0, 0, ] | rc = [42, 20, 25, 17, 23, 15, 0] | gpus = [2, 1, 1, 1, 1, 1, 1] | micro_bs = 8 | time = [39520, 39833, 41785, 40619, 42566, 39225, 39145] | memory = [57515, 57042, 57541, 54852, 57507, 57858, 48037]
cv:0.030624825894521028
line465:max stage:4, min stage:6, max_value:42566.44625271427, min_value:39145.80760735066
fix|41748.12|57891.00| op = [105, 54, 53, 53, 52, 52, 50]| tp = [1, 1, 1, 1, 1, 1, 1, ] | dp = [2, 1, 1, 1, 1, 1, 1, ] | algo = [0, 0, 0, 0, 0, 0, 0, ] | rc = [42, 20, 25, 17, 14, 8, 0] | gpus = [2, 1, 1, 1, 1, 1, 1] | micro_bs = 8 | time = [39482, 39796, 41748, 40582, 38905, 37163, 39967] | memory = [57515, 57042, 57541, 54852, 57891, 52610, 52645]
cv:0.03322272814466938
line465:max stage:2, min stage:5, max_value:41748.11541152001, min_value:37163.81773171427
fix|39932.69|57891.00| op = [105, 54, 52, 53, 52, 53, 50]| tp = [1, 1, 1, 1, 1, 1, 1, ] | dp = [2, 1, 1, 1, 1, 1, 1, ] | algo = [0, 0, 0, 0, 0, 0, 0, ] | rc = [42, 20, 16, 16, 15, 8, 0] | gpus = [2, 1, 1, 1, 1, 1, 1] | micro_bs = 8 | time = [39447, 39760, 37538, 39216, 39176, 37860, 39932] | memory = [57515, 57042, 53701, 55492, 57891, 52610, 52645]
cv:0.022019880964135742
line465:max stage:6, min stage:2, max_value:39932.685624599566, min_value:37538.66714757468
fix|41769.54|57891.00| op = [105, 54, 53, 53, 52, 53, 49]| tp = [1, 1, 1, 1, 1, 1, 1, ] | dp = [2, 1, 1, 1, 1, 1, 1, ] | algo = [0, 0, 0, 0, 0, 0, 0, ] | rc = [42, 20, 25, 17, 14, 17, 0] | gpus = [2, 1, 1, 1, 1, 1, 1] | micro_bs = 8 | time = [39504, 39817, 41769, 40603, 38927, 40765, 39129] | memory = [57515, 57042, 57541, 54852, 57891, 57858, 48037]
cv:0.02354322041975463
line465:max stage:2, min stage:4, max_value:41769.53568252001, min_value:38927.14955571426
fix|40730.18|57891.00| op = [105, 54, 52, 53, 53, 53, 49]| tp = [1, 1, 1, 1, 1, 1, 1, ] | dp = [2, 1, 1, 1, 1, 1, 1, ] | algo = [0, 0, 0, 0, 0, 0, 0, ] | rc = [42, 20, 16, 16, 15, 17, 0] | gpus = [2, 1, 1, 1, 1, 1, 1] | micro_bs = 8 | time = [39469, 39782, 37560, 39237, 39930, 40730, 39094] | memory = [57515, 57042, 53701, 55492, 57891, 57858, 48037]
cv:0.02291651841997199
line465:max stage:5, min stage:2, max_value:40730.18417096317, min_value:37560.08741857467
best|39892.93|57951.00| op = [105, 54, 52, 51, 53, 54, 50]| tp = [1, 1, 1, 1, 1, 1, 1, ] | dp = [2, 1, 1, 1, 1, 1, 1, ] | algo = [0, 0, 0, 0, 0, 0, 0, ] | rc = [42, 20, 16, 14, 14, 8, 0] | gpus = [2, 1, 1, 1, 1, 1, 1] | micro_bs = 8 | time = [39407, 39721, 37498, 35670, 37886, 37528, 39892] | memory = [57515, 57042, 53701, 54232, 57951, 52930, 52645]
line146:config.memory_list:[57515.16100000008, 57042.75, 53701.0, 54232.0, 57951.0, 52930.0, 52645.203]
line147:config.time_list:[39407.94805372667, 39721.18257529644, 37498.91227921292, 35670.102953630085, 37886.88592163009, 37528.971893407164, 39892.93075623781]
求解成功
config has been saved to /home/liminglong.lml/sxz/SuperScaler/logs-large/aceso/configs/gpt/2_6B/gpt_2_6B_7stages_2026-5-15-8-9-22.json

========== Best Result (num_stages = 7) ==========
|39892.93|57951.00| op = [105, 54, 52, 51, 53, 54, 50]| tp = [1, 1, 1, 1, 1, 1, 1, ] | dp = [2, 1, 1, 1, 1, 1, 1, ] | algo = [0, 0, 0, 0, 0, 0, 0, ] | rc = [42, 20, 16, 14, 14, 8, 0] | gpus = [2, 1, 1, 1, 1, 1, 1] | micro_bs = 8 | time = [39407, 39721, 37498, 35670, 37886, 37528, 39892] | memory = [57515, 57042, 53701, 54232, 57951, 52930, 52645]
start|41418.93|57651.00| op = [105, 52, 52, 52, 52, 52, 54]| tp = [1, 1, 1, 1, 1, 1, 1, ] | dp = [2, 1, 1, 1, 1, 1, 1, ] | algo = [0, 0, 0, 0, 0, 0, 0, ] | rc = [42, 18, 16, 14, 12, 8, 0] | gpus = [2, 1, 1, 1, 1, 1, 1] | micro_bs = 8 | time = [39375, 37780, 37228, 36633, 35995, 34848, 41418] | memory = [57515, 56742, 52501, 54532, 57651, 48354, 53185]
fix|41370.03|57651.00| op = [105, 52, 52, 52, 52, 53, 53]| tp = [1, 1, 1, 1, 1, 1, 1, ] | dp = [2, 1, 1, 1, 1, 1, 1, ] | algo = [0, 0, 0, 0, 0, 0, 0, ] | rc = [42, 18, 16, 14, 12, 8, 0] | gpus = [2, 1, 1, 1, 1, 1, 1] | micro_bs = 8 | time = [39376, 37780, 37228, 36634, 35996, 34971, 41370] | memory = [57515, 56742, 52501, 54532, 57651, 48514, 53185]
fix|40302.60|57651.00| op = [105, 52, 52, 52, 52, 54, 52]| tp = [1, 1, 1, 1, 1, 1, 1, ] | dp = [2, 1, 1, 1, 1, 1, 1, ] | algo = [0, 0, 0, 0, 0, 0, 0, ] | rc = [42, 18, 16, 14, 12, 8, 0] | gpus = [2, 1, 1, 1, 1, 1, 1] | micro_bs = 8 | time = [39377, 37782, 37230, 36635, 35997, 36206, 40302] | memory = [57515, 56742, 52501, 54532, 57651, 49294, 52805]
fix|40610.82|57891.38| op = [105, 52, 52, 52, 53, 54, 51]| tp = [1, 1, 1, 1, 1, 1, 1, ] | dp = [2, 1, 1, 1, 1, 1, 1, ] | algo = [0, 0, 0, 0, 0, 0, 0, ] | rc = [42, 18, 16, 14, 12, 8, 0] | gpus = [2, 1, 1, 1, 1, 1, 1] | micro_bs = 8 | time = [39393, 37798, 37246, 36651, 36136, 37851, 40610] | memory = [57515, 56742, 52501, 54532, 57891, 53390, 52645]
fix|39884.26|57951.38| op = [105, 52, 52, 52, 54, 54, 50]| tp = [1, 1, 1, 1, 1, 1, 1, ] | dp = [2, 1, 1, 1, 1, 1, 1, ] | algo = [0, 0, 0, 0, 0, 0, 0, ] | rc = [42, 18, 16, 14, 14, 8, 0] | gpus = [2, 1, 1, 1, 1, 1, 1] | micro_bs = 8 | time = [39399, 37804, 37252, 36657, 37927, 37520, 39884] | memory = [57515, 56742, 52501, 54532, 57951, 52930, 52645]
best|39884.26|57951.38| op = [105, 52, 52, 52, 54, 54, 50]| tp = [1, 1, 1, 1, 1, 1, 1, ] | dp = [2, 1, 1, 1, 1, 1, 1, ] | algo = [0, 0, 0, 0, 0, 0, 0, ] | rc = [42, 18, 16, 14, 14, 8, 0] | gpus = [2, 1, 1, 1, 1, 1, 1] | micro_bs = 8 | time = [39399, 37804, 37252, 36657, 37927, 37520, 39884] | memory = [57515, 56742, 52501, 54532, 57951, 52930, 52645]
decode|41743.54|57951.00| op = [105, 52, 52, 53, 54, 54, 49]| tp = [1, 1, 1, 1, 1, 1, 1, ] | dp = [2, 1, 1, 1, 1, 1, 1, ] | algo = [0, 0, 0, 0, 0, 0, 0, ] | rc = [42, 18, 16, 14, 16, 18, 0] | gpus = [2, 1, 1, 1, 1, 1, 1] | micro_bs = 8 | time = [39443, 37848, 37296, 36824, 40195, 41743, 39069] | memory = [57515, 56742, 52501, 54852, 57951, 57858, 48037]
fix|40703.83|57858.00| op = [105, 52, 52, 54, 54, 53, 49]| tp = [1, 1, 1, 1, 1, 1, 1, ] | dp = [2, 1, 1, 1, 1, 1, 1, ] | algo = [0, 0, 0, 0, 0, 0, 0, ] | rc = [42, 18, 16, 14, 16, 17, 0] | gpus = [2, 1, 1, 1, 1, 1, 1] | micro_bs = 8 | time = [39442, 37847, 37295, 38056, 39857, 40703, 39068] | memory = [57515, 56742, 52501, 56112, 57411, 57858, 48037]
fix|43562.36|57858.00| op = [105, 52, 53, 54, 54, 52, 49]| tp = [1, 1, 1, 1, 1, 1, 1, ] | dp = [2, 1, 1, 1, 1, 1, 1, ] | algo = [0, 0, 0, 0, 0, 0, 0, ] | rc = [42, 18, 16, 16, 24, 15, 0] | gpus = [2, 1, 1, 1, 1, 1, 1] | micro_bs = 8 | time = [39477, 37882, 37453, 40315, 43562, 39182, 39103] | memory = [57515, 56742, 52901, 56112, 57507, 57858, 48037]
fix|42522.64|57858.00| op = [105, 52, 54, 54, 53, 52, 49]| tp = [1, 1, 1, 1, 1, 1, 1, ] | dp = [2, 1, 1, 1, 1, 1, 1, ] | algo = [0, 0, 0, 0, 0, 0, 0, ] | rc = [42, 18, 16, 16, 23, 15, 0] | gpus = [2, 1, 1, 1, 1, 1, 1] | micro_bs = 8 | time = [39476, 37881, 38685, 39977, 42522, 39181, 39102] | memory = [57515, 56742, 54401, 55492, 57507, 57858, 48037]
fix|47511.01|57858.00| op = [105, 53, 54, 54, 52, 52, 49]| tp = [1, 1, 1, 1, 1, 1, 1, ] | dp = [2, 1, 1, 1, 1, 1, 1, ] | algo = [0, 0, 0, 0, 0, 0, 0, ] | rc = [42, 18, 26, 51, 21, 15, 0] | gpus = [2, 1, 1, 1, 1, 1, 1] | micro_bs = 8 | time = [39560, 38087, 43339, 47511, 41049, 39264, 39185] | memory = [57515, 57222, 57281, 56680, 57507, 57858, 48037]
fix|46457.16|57858.00| op = [105, 54, 54, 53, 52, 52, 49]| tp = [1, 1, 1, 1, 1, 1, 1, ] | dp = [2, 1, 1, 1, 1, 1, 1, ] | algo = [0, 0, 0, 0, 0, 0, 0, ] | rc = [42, 20, 18, 50, 21, 15, 0] | gpus = [2, 1, 1, 1, 1, 1, 1] | micro_bs = 8 | time = [39544, 39858, 40640, 46457, 41034, 39249, 39170] | memory = [57515, 57042, 53701, 56680, 57507, 57858, 48037]
fix|40561.21|57891.00| op = [105, 54, 54, 52, 52, 52, 50]| tp = [1, 1, 1, 1, 1, 1, 1, ] | dp = [2, 1, 1, 1, 1, 1, 1, ] | algo = [0, 0, 0, 0, 0, 0, 0, ] | rc = [42, 20, 18, 16, 14, 8, 0] | gpus = [2, 1, 1, 1, 1, 1, 1] | micro_bs = 8 | time = [39465, 39778, 40561, 39526, 38888, 37146, 39950] | memory = [57515, 57042, 53701, 54852, 57891, 52610, 52645]
fix|41769.09|57924.00| op = [105, 54, 53, 52, 52, 53, 50]| tp = [1, 1, 1, 1, 1, 1, 1, ] | dp = [2, 1, 1, 1, 1, 1, 1, ] | algo = [0, 0, 0, 0, 0, 0, 0, ] | rc = [42, 20, 25, 24, 15, 8, 0] | gpus = [2, 1, 1, 1, 1, 1, 1] | micro_bs = 8 | time = [39500, 39813, 41765, 41769, 39229, 37913, 39985] | memory = [57515, 57042, 57541, 57924, 57891, 52610, 52645]
fix|41712.07|57541.00| op = [105, 54, 53, 51, 52, 54, 50]| tp = [1, 1, 1, 1, 1, 1, 1, ] | dp = [2, 1, 1, 1, 1, 1, 1, ] | algo = [0, 0, 0, 0, 0, 0, 0, ] | rc = [42, 20, 25, 15, 14, 8, 0] | gpus = [2, 1, 1, 1, 1, 1, 1] | micro_bs = 8 | time = [39446, 39760, 41712, 37541, 36857, 37567, 39931] | memory = [57515, 57042, 57541, 54852, 57411, 52930, 52645]
fix|39892.93|57951.00| op = [105, 54, 52, 51, 53, 54, 50]| tp = [1, 1, 1, 1, 1, 1, 1, ] | dp = [2, 1, 1, 1, 1, 1, 1, ] | algo = [0, 0, 0, 0, 0, 0, 0, ] | rc = [42, 20, 16, 14, 14, 8, 0] | gpus = [2, 1, 1, 1, 1, 1, 1] | micro_bs = 8 | time = [39407, 39721, 37498, 35670, 37886, 37528, 39892] | memory = [57515, 57042, 53701, 54232, 57951, 52930, 52645]
best|39892.93|57951.00| op = [105, 54, 52, 51, 53, 54, 50]| tp = [1, 1, 1, 1, 1, 1, 1, ] | dp = [2, 1, 1, 1, 1, 1, 1, ] | algo = [0, 0, 0, 0, 0, 0, 0, ] | rc = [42, 20, 16, 14, 14, 8, 0] | gpus = [2, 1, 1, 1, 1, 1, 1] | micro_bs = 8 | time = [39407, 39721, 37498, 35670, 37886, 37528, 39892] | memory = [57515, 57042, 53701, 54232, 57951, 52930, 52645]

num_targets: []
num_hops: []
search time = 0.00 s.  [0] 
num_explored_cases = 0
time trend: [41418]

stage 7 search time: 0.33 s
working on num_stages = 8
start|41858.19|57891.01| op = [52, 52, 52, 52, 52, 52, 52, 55]| tp = [1, 1, 1, 1, 1, 1, 1, 1, ] | dp = [1, 1, 1, 1, 1, 1, 1, 1, ] | algo = [0, 0, 0, 0, 0, 0, 0, 0, ] | rc = [27, 24, 18, 16, 14, 12, 8, 0] | gpus = [1, 1, 1, 1, 1, 1, 1, 1] | micro_bs = 8 | time = [41412, 39822, 38166, 37614, 37019, 36381, 35234, 41858] | memory = [56664, 56423, 57222, 52901, 54852, 57891, 48514, 53385]
line465:max stage:7, min stage:6, max_value:41858.18716837157, min_value:35234.81250442872
fix|41731.43|57891.01| op = [52, 52, 52, 52, 52, 52, 53, 54]| tp = [1, 1, 1, 1, 1, 1, 1, 1, ] | dp = [1, 1, 1, 1, 1, 1, 1, 1, ] | algo = [0, 0, 0, 0, 0, 0, 0, 0, ] | rc = [27, 24, 18, 16, 14, 12, 8, 0] | gpus = [1, 1, 1, 1, 1, 1, 1, 1] | micro_bs = 8 | time = [41412, 39822, 38166, 37613, 37019, 36381, 35287, 41731] | memory = [56664, 56423, 57222, 52901, 54852, 57891, 48754, 53185]
cv:0.05710821899167681
line465:max stage:7, min stage:6, max_value:41731.43251437353, min_value:35287.31047643069
fix|41682.53|57891.01| op = [52, 52, 52, 52, 52, 52, 54, 53]| tp = [1, 1, 1, 1, 1, 1, 1, 1, ] | dp = [1, 1, 1, 1, 1, 1, 1, 1, ] | algo = [0, 0, 0, 0, 0, 0, 0, 0, ] | rc = [27, 24, 18, 16, 14, 12, 8, 0] | gpus = [1, 1, 1, 1, 1, 1, 1, 1] | micro_bs = 8 | time = [41412, 39822, 38166, 37614, 37019, 36381, 35410, 41682] | memory = [56664, 56423, 57222, 52901, 54852, 57891, 48914, 53185]
cv:0.05628780166895409
line465:max stage:7, min stage:6, max_value:41682.53147023213, min_value:35410.46166628928
fix|41414.00|57891.01| op = [52, 52, 52, 52, 52, 52, 55, 52]| tp = [1, 1, 1, 1, 1, 1, 1, 1, ] | dp = [1, 1, 1, 1, 1, 1, 1, 1, ] | algo = [0, 0, 0, 0, 0, 0, 0, 0, ] | rc = [27, 24, 18, 16, 14, 12, 8, 0] | gpus = [1, 1, 1, 1, 1, 1, 1, 1] | micro_bs = 8 | time = [41414, 39823, 38167, 37615, 37020, 36383, 36645, 40615] | memory = [56664, 56423, 57222, 52901, 54852, 57891, 49694, 52805]
cv:0.04660671962813229
line465:max stage:0, min stage:5, max_value:41414.003177693325, min_value:36383.08430261946
fix|40629.94|57544.50| op = [51, 52, 52, 52, 52, 53, 55, 52]| tp = [1, 1, 1, 1, 1, 1, 1, 1, ] | dp = [1, 1, 1, 1, 1, 1, 1, 1, ] | algo = [0, 0, 0, 0, 0, 0, 0, 0, ] | rc = [26, 25, 20, 16, 14, 12, 8, 0] | gpus = [1, 1, 1, 1, 1, 1, 1, 1] | micro_bs = 8 | time = [39876, 40541, 38992, 37888, 37293, 37805, 36660, 40629] | memory = [57544, 56663, 56742, 54101, 55812, 54067, 49694, 52805]
cv:0.03673884064021672
line465:max stage:7, min stage:6, max_value:40629.939147844176, min_value:36660.46925990133
fix|40937.58|57544.50| op = [51, 52, 52, 52, 52, 53, 56, 51]| tp = [1, 1, 1, 1, 1, 1, 1, 1, ] | dp = [1, 1, 1, 1, 1, 1, 1, 1, ] | algo = [0, 0, 0, 0, 0, 0, 0, 0, ] | rc = [26, 25, 20, 16, 14, 12, 8, 0] | gpus = [1, 1, 1, 1, 1, 1, 1, 1] | micro_bs = 8 | time = [39891, 40557, 39008, 37904, 37309, 37821, 38353, 40937] | memory = [57544, 56663, 56742, 54101, 55812, 54067, 53790, 52645]
cv:0.0325022974349401
line465:max stage:7, min stage:4, max_value:40937.580407789515, min_value:37309.17702884931
fix|40558.83|57544.50| op = [51, 52, 52, 52, 53, 53, 56, 50]| tp = [1, 1, 1, 1, 1, 1, 1, 1, ] | dp = [1, 1, 1, 1, 1, 1, 1, 1, ] | algo = [0, 0, 0, 0, 0, 0, 0, 0, ] | rc = [26, 25, 20, 16, 14, 14, 8, 0] | gpus = [1, 1, 1, 1, 1, 1, 1, 1] | micro_bs = 8 | time = [39893, 40558, 39009, 37905, 38417, 37019, 38961, 40206] | memory = [57544, 56663, 56742, 54101, 56532, 57291, 53390, 52645]
cv:0.028874978894280576
line465:max stage:1, min stage:5, max_value:40558.83341162162, min_value:37019.93972350825
fix|40305.97|57544.50| op = [51, 51, 52, 52, 53, 54, 56, 50]| tp = [1, 1, 1, 1, 1, 1, 1, 1, ] | dp = [1, 1, 1, 1, 1, 1, 1, 1, ] | algo = [0, 0, 0, 0, 0, 0, 0, 0, ] | rc = [26, 24, 20, 16, 14, 12, 8, 0] | gpus = [1, 1, 1, 1, 1, 1, 1, 1] | micro_bs = 8 | time = [39890, 40305, 38913, 37902, 37488, 37872, 38957, 40203] | memory = [57544, 56663, 56742, 54101, 57092, 54427, 53390, 52645]
cv:0.026760686688991217
line465:max stage:1, min stage:4, max_value:40305.96633800181, min_value:37488.877865001814
fix|40183.98|57812.00| op = [51, 50, 52, 52, 54, 54, 56, 50]| tp = [1, 1, 1, 1, 1, 1, 1, 1, ] | dp = [1, 1, 1, 1, 1, 1, 1, 1, ] | algo = [0, 0, 0, 0, 0, 0, 0, 0, ] | rc = [26, 19, 18, 16, 14, 12, 8, 0] | gpus = [1, 1, 1, 1, 1, 1, 1, 1] | micro_bs = 8 | time = [39870, 37652, 38176, 37624, 38595, 37853, 38938, 40183] | memory = [57544, 57383, 57222, 52901, 57812, 54427, 53390, 52645]
cv:0.023915213680273866
line465:max stage:7, min stage:3, max_value:40183.98078248748, min_value:37624.82358829693
fix|41425.36|57812.08| op = [51, 50, 52, 53, 54, 54, 56, 49]| tp = [1, 1, 1, 1, 1, 1, 1, 1, ] | dp = [1, 1, 1, 1, 1, 1, 1, 1, ] | algo = [0, 0, 0, 0, 0, 0, 0, 0, ] | rc = [26, 19, 18, 16, 14, 14, 13, 0] | gpus = [1, 1, 1, 1, 1, 1, 1, 1] | micro_bs = 8 | time = [39888, 37670, 38194, 39026, 38594, 37137, 41425, 39341] | memory = [57544, 57383, 57222, 54901, 57812, 57531, 56462, 48037]
cv:0.03247596992870659
line465:max stage:6, min stage:5, max_value:41425.36206487449, min_value:37137.37166056803
fix|40353.92|57812.08| op = [51, 50, 52, 53, 54, 55, 55, 49]| tp = [1, 1, 1, 1, 1, 1, 1, 1, ] | dp = [1, 1, 1, 1, 1, 1, 1, 1, ] | algo = [0, 0, 0, 0, 0, 0, 0, 0, ] | rc = [26, 19, 18, 16, 14, 12, 13, 0] | gpus = [1, 1, 1, 1, 1, 1, 1, 1] | micro_bs = 8 | time = [39885, 37667, 38191, 39023, 38591, 37859, 40353, 39339] | memory = [57544, 57383, 57222, 54901, 57812, 54327, 56002, 48037]
cv:0.02315900397223775
line465:max stage:6, min stage:1, max_value:40353.92292731689, min_value:37667.86748108215
fix|42065.52|57951.38| op = [51, 51, 52, 53, 54, 55, 54, 49]| tp = [1, 1, 1, 1, 1, 1, 1, 1, ] | dp = [1, 1, 1, 1, 1, 1, 1, 1, ] | algo = [0, 0, 0, 0, 0, 0, 0, 0, ] | rc = [26, 24, 20, 16, 14, 16, 18, 0] | gpus = [1, 1, 1, 1, 1, 1, 1, 1] | micro_bs = 8 | time = [39937, 40353, 38961, 38131, 38514, 40566, 42065, 39391] | memory = [57544, 56663, 56742, 55701, 57012, 57951, 57858, 48037]
cv:0.02993896841171275
line465:max stage:6, min stage:3, max_value:42065.5207660807, min_value:38131.123300303
fix|41245.68|57951.00| op = [51, 51, 52, 54, 54, 55, 53, 49]| tp = [1, 1, 1, 1, 1, 1, 1, 1, ] | dp = [1, 1, 1, 1, 1, 1, 1, 1, ] | algo = [0, 0, 0, 0, 0, 0, 0, 0, ] | rc = [26, 24, 20, 16, 14, 16, 17, 0] | gpus = [1, 1, 1, 1, 1, 1, 1, 1] | micro_bs = 8 | time = [39933, 40349, 38957, 39234, 37268, 41245, 41023, 39387] | memory = [57544, 56663, 56742, 56501, 55652, 57951, 57858, 48037]
cv:0.030073644582406932
line465:max stage:5, min stage:4, max_value:41245.683514794626, min_value:37268.527134488155
fix|41024.35|57858.00| op = [51, 51, 52, 54, 55, 54, 53, 49]| tp = [1, 1, 1, 1, 1, 1, 1, 1, ] | dp = [1, 1, 1, 1, 1, 1, 1, 1, ] | algo = [0, 0, 0, 0, 0, 0, 0, 0, ] | rc = [26, 24, 20, 16, 14, 16, 17, 0] | gpus = [1, 1, 1, 1, 1, 1, 1, 1] | micro_bs = 8 | time = [39934, 40350, 38958, 39235, 38503, 40178, 41024, 39388] | memory = [57544, 56663, 56742, 56501, 56912, 57411, 57858, 48037]
cv:0.019420379318838957
line465:max stage:6, min stage:4, max_value:41024.34727043127, min_value:38503.69675593056
fix|43882.31|57858.00| op = [51, 51, 52, 54, 56, 54, 52, 49]| tp = [1, 1, 1, 1, 1, 1, 1, 1, ] | dp = [1, 1, 1, 1, 1, 1, 1, 1, ] | algo = [0, 0, 0, 0, 0, 0, 0, 0, ] | rc = [26, 24, 20, 16, 16, 24, 15, 0] | gpus = [1, 1, 1, 1, 1, 1, 1, 1] | micro_bs = 8 | time = [39969, 40385, 38993, 39270, 40810, 43882, 39502, 39423] | memory = [57544, 56663, 56742, 56501, 56912, 57507, 57858, 48037]
cv:0.03659315833240746
line465:max stage:5, min stage:2, max_value:43882.30710418237, min_value:38993.04988993081
fix|42844.69|57858.00| op = [51, 51, 53, 54, 56, 53, 52, 49]| tp = [1, 1, 1, 1, 1, 1, 1, 1, ] | dp = [1, 1, 1, 1, 1, 1, 1, 1, ] | algo = [0, 0, 0, 0, 0, 0, 0, 0, ] | rc = [26, 24, 22, 16, 16, 23, 15, 0] | gpus = [1, 1, 1, 1, 1, 1, 1, 1] | micro_bs = 8 | time = [39970, 40386, 39681, 39142, 41417, 42844, 39503, 39424] | memory = [57544, 56663, 56742, 55501, 56112, 57507, 57858, 48037]
cv:0.029052380857568873
line465:max stage:5, min stage:3, max_value:42844.694784381885, min_value:39142.787021619246
fix|47316.10|57858.00| op = [51, 51, 53, 55, 56, 52, 52, 49]| tp = [1, 1, 1, 1, 1, 1, 1, 1, ] | dp = [1, 1, 1, 1, 1, 1, 1, 1, ] | algo = [0, 0, 0, 0, 0, 0, 0, 0, ] | rc = [26, 24, 22, 16, 31, 21, 15, 0] | gpus = [1, 1, 1, 1, 1, 1, 1, 1] | micro_bs = 8 | time = [40005, 40421, 39716, 39300, 47316, 41323, 39538, 39458] | memory = [57544, 56663, 56742, 55901, 57632, 57507, 57858, 48037]
cv:0.061308832002809455
line465:max stage:4, min stage:3, max_value:47316.10491812975, min_value:39300.24217747784
fix|45799.98|57972.00| op = [51, 51, 53, 56, 55, 52, 52, 49]| tp = [1, 1, 1, 1, 1, 1, 1, 1, ] | dp = [1, 1, 1, 1, 1, 1, 1, 1, ] | algo = [0, 0, 0, 0, 0, 0, 0, 0, ] | rc = [26, 24, 22, 16, 30, 21, 15, 0] | gpus = [1, 1, 1, 1, 1, 1, 1, 1] | micro_bs = 8 | time = [40003, 40418, 39713, 40531, 45799, 41321, 39536, 39456] | memory = [57544, 56663, 56742, 57401, 57972, 57507, 57858, 48037]
cv:0.04794663392806525
line465:max stage:4, min stage:7, max_value:45799.98150357215, min_value:39456.73057740279
fix|40463.41|57891.00| op = [51, 51, 53, 56, 54, 52, 52, 50]| tp = [1, 1, 1, 1, 1, 1, 1, 1, ] | dp = [1, 1, 1, 1, 1, 1, 1, 1, ] | algo = [0, 0, 0, 0, 0, 0, 0, 0, ] | rc = [26, 24, 22, 16, 16, 14, 8, 0] | gpus = [1, 1, 1, 1, 1, 1, 1, 1] | micro_bs = 8 | time = [39934, 40350, 39645, 40463, 40263, 39185, 37443, 40247] | memory = [57544, 56663, 56742, 57401, 55492, 57891, 52610, 52645]
cv:0.023626713344848702
line465:max stage:3, min stage:6, max_value:40463.414098920235, min_value:37443.9421507664
fix|40601.41|57891.00| op = [51, 51, 53, 55, 54, 52, 53, 50]| tp = [1, 1, 1, 1, 1, 1, 1, 1, ] | dp = [1, 1, 1, 1, 1, 1, 1, 1, ] | algo = [0, 0, 0, 0, 0, 0, 0, 0, ] | rc = [26, 24, 22, 16, 16, 15, 8, 0] | gpus = [1, 1, 1, 1, 1, 1, 1, 1] | micro_bs = 8 | time = [39935, 40351, 39646, 39230, 40601, 39493, 38177, 40249] | memory = [57544, 56663, 56742, 55901, 56112, 57891, 52610, 52645]
cv:0.018197763126294633
line465:max stage:4, min stage:6, max_value:40601.413576129744, min_value:38177.263522906826
fix|40313.07|57544.50| op = [51, 51, 53, 55, 53, 52, 54, 50]| tp = [1, 1, 1, 1, 1, 1, 1, 1, ] | dp = [1, 1, 1, 1, 1, 1, 1, 1, ] | algo = [0, 0, 0, 0, 0, 0, 0, 0, ] | rc = [26, 24, 22, 16, 14, 14, 8, 0] | gpus = [1, 1, 1, 1, 1, 1, 1, 1] | micro_bs = 8 | time = [39897, 40313, 39608, 39192, 38290, 37135, 37846, 40210] | memory = [57544, 56663, 56742, 55901, 56112, 57411, 52930, 52645]
cv:0.02816022158862058
line465:max stage:1, min stage:5, max_value:40313.071742626955, min_value:37135.86090801614
fix|40193.64|57951.00| op = [51, 50, 53, 55, 53, 53, 54, 50]| tp = [1, 1, 1, 1, 1, 1, 1, 1, ] | dp = [1, 1, 1, 1, 1, 1, 1, 1, ] | algo = [0, 0, 0, 0, 0, 0, 0, 0, ] | rc = [26, 19, 20, 16, 14, 14, 8, 0] | gpus = [1, 1, 1, 1, 1, 1, 1, 1] | micro_bs = 8 | time = [39880, 37662, 40122, 39234, 37089, 38187, 37829, 40193] | memory = [57544, 57383, 57622, 57101, 54852, 57951, 52930, 52645]
cv:0.02965710170510251
line465:max stage:7, min stage:4, max_value:40193.63681795377, min_value:37089.01624142958
fix|42053.65|57858.00| op = [51, 50, 53, 55, 54, 53, 54, 49]| tp = [1, 1, 1, 1, 1, 1, 1, 1, ] | dp = [1, 1, 1, 1, 1, 1, 1, 1, ] | algo = [0, 0, 0, 0, 0, 0, 0, 0, ] | rc = [26, 19, 20, 16, 14, 16, 18, 0] | gpus = [1, 1, 1, 1, 1, 1, 1, 1] | micro_bs = 8 | time = [39925, 37707, 40167, 39279, 38368, 39436, 42053, 39379] | memory = [57544, 57383, 57622, 57101, 56112, 57411, 57858, 48037]
cv:0.030578989899833608
line465:max stage:6, min stage:1, max_value:42053.648717928045, min_value:37707.910170499046
fix|41046.59|57891.00| op = [51, 51, 53, 55, 54, 53, 53, 49]| tp = [1, 1, 1, 1, 1, 1, 1, 1, ] | dp = [1, 1, 1, 1, 1, 1, 1, 1, ] | algo = [0, 0, 0, 0, 0, 0, 0, 0, ] | rc = [26, 24, 22, 16, 16, 15, 17, 0] | gpus = [1, 1, 1, 1, 1, 1, 1, 1] | micro_bs = 8 | time = [39957, 40372, 39668, 39252, 40622, 40246, 41046, 39410] | memory = [57544, 56663, 56742, 55901, 56112, 57891, 57858, 48037]
best|40183.98|57812.00| op = [51, 50, 52, 52, 54, 54, 56, 50]| tp = [1, 1, 1, 1, 1, 1, 1, 1, ] | dp = [1, 1, 1, 1, 1, 1, 1, 1, ] | algo = [0, 0, 0, 0, 0, 0, 0, 0, ] | rc = [26, 19, 18, 16, 14, 12, 8, 0] | gpus = [1, 1, 1, 1, 1, 1, 1, 1] | micro_bs = 8 | time = [39870, 37652, 38176, 37624, 38595, 37853, 38938, 40183] | memory = [57544, 57383, 57222, 52901, 57812, 54427, 53390, 52645]
line146:config.memory_list:[57544.496000000014, 57383.0, 57222.0, 52901.0, 57812.0, 54427.0, 53390.25, 52645.203]
line147:config.time_list:[39870.60149896658, 37652.9266374221, 38176.855123296926, 37624.82358829693, 38595.2465714221, 37853.09130408845, 38938.22914574036, 40183.98078248748]
------------------------------------------------------------------------------------------------------
cegis_search for the 0th times
开始求解check...
line351:
tp_list[1, 1, 1, 1, 1, 1, 1, 1, 1, 1, 1, 1, 1, 1, 1, 1, 1, 1, 1, 1, 1, 1, 1, 1, 1, 1, 1, 1, 1, 1, 1, 1, 1, 1, 1, 1, 1, 1, 1, 1, 1, 1, 1, 1, 1, 1, 1, 1, 1, 1, 1, 1, 1, 1, 1, 1, 1, 1, 1, 1, 1, 1, 1, 1, 1, 1, 1, 1, 1, 1, 1, 1, 1, 1, 1, 1, 1, 1, 1, 1, 1, 1, 1, 1, 1, 1, 1, 1, 1, 1, 1, 1, 1, 1, 1, 1, 1, 1, 1, 1, 1, 1, 1, 1, 1, 1, 1, 1, 1, 1, 1, 1, 1, 1, 1, 1, 1, 1, 1, 1, 1, 1, 1, 1, 1, 1, 1, 1, 1, 1, 1, 1, 1, 1, 1, 1, 1, 1, 1, 1, 1, 1, 1, 1, 1, 1, 1, 1, 1, 1, 1, 1, 1, 1, 1, 1, 1, 1, 1, 1, 1, 1, 1, 1, 1, 1, 1, 1, 1, 1, 1, 1, 1, 1, 1, 1, 1, 1, 1, 1, 1, 1, 1, 1, 1, 1, 1, 1, 1, 1, 1, 1, 1, 1, 1, 1, 1, 1, 1, 1, 1, 1, 1, 1, 1, 1, 1, 1, 1, 1, 1, 1, 1, 1, 1, 1, 1, 1, 1, 1, 1, 1, 1, 1, 1, 1, 1, 1, 1, 1, 1, 1, 1, 1, 1, 1, 1, 1, 1, 1, 1, 1, 1, 1, 1, 1, 1, 1, 1, 1, 1, 1, 1, 1, 1, 1, 1, 1, 1, 1, 1, 1, 1, 1, 1, 1, 1, 1, 1, 1, 1, 1, 1, 1, 1, 1, 1, 1, 1, 1, 1, 1, 1, 1, 1, 1, 1, 1, 1, 1, 1, 1, 1, 1, 1, 1, 1, 1, 1, 1, 1, 1, 1, 1, 1, 1, 1, 1, 1, 1, 1, 1, 1, 1, 1, 1, 1, 1, 1, 1, 1, 1, 1, 1, 1, 1, 1, 1, 1, 1, 1, 1, 1, 1, 1, 1, 1, 1, 1, 1, 1, 1, 1, 1, 1, 1, 1, 1, 1, 1, 1, 1, 1, 1, 1, 1, 1, 1, 1, 1, 1, 1, 1, 1, 1, 1, 1, 1, 1, 1, 1, 1, 1, 1, 1, 1, 1, 1, 1, 1, 1, 1, 1, 1, 1, 1, 1, 1, 1, 1, 1, 1, 1, 1, 1, 1, 1, 1, 1, 1, 1, 1, 1, 1, 1, 1, 1, 1, 1, 1, 1, 1, 1, 1, 1, 1, 1, 1, 1]
dp_list[1, 1, 1, 1, 1, 1, 1, 1, 1, 1, 1, 1, 1, 1, 1, 1, 1, 1, 1, 1, 1, 1, 1, 1, 1, 1, 1, 1, 1, 1, 1, 1, 1, 1, 1, 1, 1, 1, 1, 1, 1, 1, 1, 1, 1, 1, 1, 1, 1, 1, 1, 1, 1, 1, 1, 1, 1, 1, 1, 1, 1, 1, 1, 1, 1, 1, 1, 1, 1, 1, 1, 1, 1, 1, 1, 1, 1, 1, 1, 1, 1, 1, 1, 1, 1, 1, 1, 1, 1, 1, 1, 1, 1, 1, 1, 1, 1, 1, 1, 1, 1, 1, 1, 1, 1, 1, 1, 1, 1, 1, 1, 1, 1, 1, 1, 1, 1, 1, 1, 1, 1, 1, 1, 1, 1, 1, 1, 1, 1, 1, 1, 1, 1, 1, 1, 1, 1, 1, 1, 1, 1, 1, 1, 1, 1, 1, 1, 1, 1, 1, 1, 1, 1, 1, 1, 1, 1, 1, 1, 1, 1, 1, 1, 1, 1, 1, 1, 1, 1, 1, 1, 1, 1, 1, 1, 1, 1, 1, 1, 1, 1, 1, 1, 1, 1, 1, 1, 1, 1, 1, 1, 1, 1, 1, 1, 1, 1, 1, 1, 1, 1, 1, 1, 1, 1, 1, 1, 1, 1, 1, 1, 1, 1, 1, 1, 1, 1, 1, 1, 1, 1, 1, 1, 1, 1, 1, 1, 1, 1, 1, 1, 1, 1, 1, 1, 1, 1, 1, 1, 1, 1, 1, 1, 1, 1, 1, 1, 1, 1, 1, 1, 1, 1, 1, 1, 1, 1, 1, 1, 1, 1, 1, 1, 1, 1, 1, 1, 1, 1, 1, 1, 1, 1, 1, 1, 1, 1, 1, 1, 1, 1, 1, 1, 1, 1, 1, 1, 1, 1, 1, 1, 1, 1, 1, 1, 1, 1, 1, 1, 1, 1, 1, 1, 1, 1, 1, 1, 1, 1, 1, 1, 1, 1, 1, 1, 1, 1, 1, 1, 1, 1, 1, 1, 1, 1, 1, 1, 1, 1, 1, 1, 1, 1, 1, 1, 1, 1, 1, 1, 1, 1, 1, 1, 1, 1, 1, 1, 1, 1, 1, 1, 1, 1, 1, 1, 1, 1, 1, 1, 1, 1, 1, 1, 1, 1, 1, 1, 1, 1, 1, 1, 1, 1, 1, 1, 1, 1, 1, 1, 1, 1, 1, 1, 1, 1, 1, 1, 1, 1, 1, 1, 1, 1, 1, 1, 1, 1, 1, 1, 1, 1, 1, 1, 1, 1, 1, 1, 1, 1, 1, 1, 1, 1, 1, 1, 1, 1, 1, 1]
algo_list[0, 0, 0, 0, 0, 0, 0, 0, 0, 0, 0, 0, 0, 0, 0, 0, 0, 0, 0, 0, 0, 0, 0, 0, 0, 0, 0, 0, 0, 0, 0, 0, 0, 0, 0, 0, 0, 0, 0, 0, 0, 0, 0, 0, 0, 0, 0, 0, 0, 0, 0, 0, 0, 0, 0, 0, 0, 0, 0, 0, 0, 0, 0, 0, 0, 0, 0, 0, 0, 0, 0, 0, 0, 0, 0, 0, 0, 0, 0, 0, 0, 0, 0, 0, 0, 0, 0, 0, 0, 0, 0, 0, 0, 0, 0, 0, 0, 0, 0, 0, 0, 0, 0, 0, 0, 0, 0, 0, 0, 0, 0, 0, 0, 0, 0, 0, 0, 0, 0, 0, 0, 0, 0, 0, 0, 0, 0, 0, 0, 0, 0, 0, 0, 0, 0, 0, 0, 0, 0, 0, 0, 0, 0, 0, 0, 0, 0, 0, 0, 0, 0, 0, 0, 0, 0, 0, 0, 0, 0, 0, 0, 0, 0, 0, 0, 0, 0, 0, 0, 0, 0, 0, 0, 0, 0, 0, 0, 0, 0, 0, 0, 0, 0, 0, 0, 0, 0, 0, 0, 0, 0, 0, 0, 0, 0, 0, 0, 0, 0, 0, 0, 0, 0, 0, 0, 0, 0, 0, 0, 0, 0, 0, 0, 0, 0, 0, 0, 0, 0, 0, 0, 0, 0, 0, 0, 0, 0, 0, 0, 0, 0, 0, 0, 0, 0, 0, 0, 0, 0, 0, 0, 0, 0, 0, 0, 0, 0, 0, 0, 0, 0, 0, 0, 0, 0, 0, 0, 0, 0, 0, 0, 0, 0, 0, 0, 0, 0, 0, 0, 0, 0, 0, 0, 0, 0, 0, 0, 0, 0, 0, 0, 0, 0, 0, 0, 0, 0, 0, 0, 0, 0, 0, 0, 0, 0, 0, 0, 0, 0, 0, 0, 0, 0, 0, 0, 0, 0, 0, 0, 0, 0, 0, 0, 0, 0, 0, 0, 0, 0, 0, 0, 0, 0, 0, 0, 0, 0, 0, 0, 0, 0, 0, 0, 0, 0, 0, 0, 0, 0, 0, 0, 0, 0, 0, 0, 0, 0, 0, 0, 0, 0, 0, 0, 0, 0, 0, 0, 0, 0, 0, 0, 0, 0, 0, 0, 0, 0, 0, 0, 0, 0, 0, 0, 0, 0, 0, 0, 0, 0, 0, 0, 0, 0, 0, 0, 0, 0, 0, 0, 0, 0, 0, 0, 0, 0, 0, 0, 0, 0, 0, 0, 0, 0, 0, 0, 0, 0, 0, 0, 0, 0, 0, 0, 0, 0, 0, 0, 0, 0]

decode|41425.36|57812.08| op = [51, 50, 52, 53, 54, 54, 56, 49]| tp = [1, 1, 1, 1, 1, 1, 1, 1, ] | dp = [1, 1, 1, 1, 1, 1, 1, 1, ] | algo = [0, 0, 0, 0, 0, 0, 0, 0, ] | rc = [26, 19, 18, 16, 14, 14, 13, 0] | gpus = [1, 1, 1, 1, 1, 1, 1, 1] | micro_bs = 8 | time = [39888, 37670, 38194, 39026, 38594, 37137, 41425, 39341] | memory = [57544, 57383, 57222, 54901, 57812, 57531, 56462, 48037]
验证解
line465:max stage:6, min stage:5, max_value:41425.36206487449, min_value:37137.37166056803
fix|40353.92|57812.08| op = [51, 50, 52, 53, 54, 55, 55, 49]| tp = [1, 1, 1, 1, 1, 1, 1, 1, ] | dp = [1, 1, 1, 1, 1, 1, 1, 1, ] | algo = [0, 0, 0, 0, 0, 0, 0, 0, ] | rc = [26, 19, 18, 16, 14, 12, 13, 0] | gpus = [1, 1, 1, 1, 1, 1, 1, 1] | micro_bs = 8 | time = [39885, 37667, 38191, 39023, 38591, 37859, 40353, 39339] | memory = [57544, 57383, 57222, 54901, 57812, 54327, 56002, 48037]
cv:0.02315900397223775
line465:max stage:6, min stage:1, max_value:40353.92292731689, min_value:37667.86748108215
fix|42065.52|57951.38| op = [51, 51, 52, 53, 54, 55, 54, 49]| tp = [1, 1, 1, 1, 1, 1, 1, 1, ] | dp = [1, 1, 1, 1, 1, 1, 1, 1, ] | algo = [0, 0, 0, 0, 0, 0, 0, 0, ] | rc = [26, 24, 20, 16, 14, 16, 18, 0] | gpus = [1, 1, 1, 1, 1, 1, 1, 1] | micro_bs = 8 | time = [39937, 40353, 38961, 38131, 38514, 40566, 42065, 39391] | memory = [57544, 56663, 56742, 55701, 57012, 57951, 57858, 48037]
cv:0.02993896841171275
line465:max stage:6, min stage:3, max_value:42065.5207660807, min_value:38131.123300303
fix|41245.68|57951.00| op = [51, 51, 52, 54, 54, 55, 53, 49]| tp = [1, 1, 1, 1, 1, 1, 1, 1, ] | dp = [1, 1, 1, 1, 1, 1, 1, 1, ] | algo = [0, 0, 0, 0, 0, 0, 0, 0, ] | rc = [26, 24, 20, 16, 14, 16, 17, 0] | gpus = [1, 1, 1, 1, 1, 1, 1, 1] | micro_bs = 8 | time = [39933, 40349, 38957, 39234, 37268, 41245, 41023, 39387] | memory = [57544, 56663, 56742, 56501, 55652, 57951, 57858, 48037]
cv:0.030073644582406932
line465:max stage:5, min stage:4, max_value:41245.683514794626, min_value:37268.527134488155
fix|41024.35|57858.00| op = [51, 51, 52, 54, 55, 54, 53, 49]| tp = [1, 1, 1, 1, 1, 1, 1, 1, ] | dp = [1, 1, 1, 1, 1, 1, 1, 1, ] | algo = [0, 0, 0, 0, 0, 0, 0, 0, ] | rc = [26, 24, 20, 16, 14, 16, 17, 0] | gpus = [1, 1, 1, 1, 1, 1, 1, 1] | micro_bs = 8 | time = [39934, 40350, 38958, 39235, 38503, 40178, 41024, 39388] | memory = [57544, 56663, 56742, 56501, 56912, 57411, 57858, 48037]
cv:0.019420379318838957
line465:max stage:6, min stage:4, max_value:41024.34727043127, min_value:38503.69675593056
fix|43882.31|57858.00| op = [51, 51, 52, 54, 56, 54, 52, 49]| tp = [1, 1, 1, 1, 1, 1, 1, 1, ] | dp = [1, 1, 1, 1, 1, 1, 1, 1, ] | algo = [0, 0, 0, 0, 0, 0, 0, 0, ] | rc = [26, 24, 20, 16, 16, 24, 15, 0] | gpus = [1, 1, 1, 1, 1, 1, 1, 1] | micro_bs = 8 | time = [39969, 40385, 38993, 39270, 40810, 43882, 39502, 39423] | memory = [57544, 56663, 56742, 56501, 56912, 57507, 57858, 48037]
cv:0.03659315833240746
line465:max stage:5, min stage:2, max_value:43882.30710418237, min_value:38993.04988993081
fix|42844.69|57858.00| op = [51, 51, 53, 54, 56, 53, 52, 49]| tp = [1, 1, 1, 1, 1, 1, 1, 1, ] | dp = [1, 1, 1, 1, 1, 1, 1, 1, ] | algo = [0, 0, 0, 0, 0, 0, 0, 0, ] | rc = [26, 24, 22, 16, 16, 23, 15, 0] | gpus = [1, 1, 1, 1, 1, 1, 1, 1] | micro_bs = 8 | time = [39970, 40386, 39681, 39142, 41417, 42844, 39503, 39424] | memory = [57544, 56663, 56742, 55501, 56112, 57507, 57858, 48037]
cv:0.029052380857568873
line465:max stage:5, min stage:3, max_value:42844.694784381885, min_value:39142.787021619246
fix|47316.10|57858.00| op = [51, 51, 53, 55, 56, 52, 52, 49]| tp = [1, 1, 1, 1, 1, 1, 1, 1, ] | dp = [1, 1, 1, 1, 1, 1, 1, 1, ] | algo = [0, 0, 0, 0, 0, 0, 0, 0, ] | rc = [26, 24, 22, 16, 31, 21, 15, 0] | gpus = [1, 1, 1, 1, 1, 1, 1, 1] | micro_bs = 8 | time = [40005, 40421, 39716, 39300, 47316, 41323, 39538, 39458] | memory = [57544, 56663, 56742, 55901, 57632, 57507, 57858, 48037]
cv:0.061308832002809455
line465:max stage:4, min stage:3, max_value:47316.10491812975, min_value:39300.24217747784
fix|45799.98|57972.00| op = [51, 51, 53, 56, 55, 52, 52, 49]| tp = [1, 1, 1, 1, 1, 1, 1, 1, ] | dp = [1, 1, 1, 1, 1, 1, 1, 1, ] | algo = [0, 0, 0, 0, 0, 0, 0, 0, ] | rc = [26, 24, 22, 16, 30, 21, 15, 0] | gpus = [1, 1, 1, 1, 1, 1, 1, 1] | micro_bs = 8 | time = [40003, 40418, 39713, 40531, 45799, 41321, 39536, 39456] | memory = [57544, 56663, 56742, 57401, 57972, 57507, 57858, 48037]
cv:0.04794663392806525
line465:max stage:4, min stage:7, max_value:45799.98150357215, min_value:39456.73057740279
fix|40463.41|57891.00| op = [51, 51, 53, 56, 54, 52, 52, 50]| tp = [1, 1, 1, 1, 1, 1, 1, 1, ] | dp = [1, 1, 1, 1, 1, 1, 1, 1, ] | algo = [0, 0, 0, 0, 0, 0, 0, 0, ] | rc = [26, 24, 22, 16, 16, 14, 8, 0] | gpus = [1, 1, 1, 1, 1, 1, 1, 1] | micro_bs = 8 | time = [39934, 40350, 39645, 40463, 40263, 39185, 37443, 40247] | memory = [57544, 56663, 56742, 57401, 55492, 57891, 52610, 52645]
cv:0.023626713344848702
line465:max stage:3, min stage:6, max_value:40463.414098920235, min_value:37443.9421507664
fix|40601.41|57891.00| op = [51, 51, 53, 55, 54, 52, 53, 50]| tp = [1, 1, 1, 1, 1, 1, 1, 1, ] | dp = [1, 1, 1, 1, 1, 1, 1, 1, ] | algo = [0, 0, 0, 0, 0, 0, 0, 0, ] | rc = [26, 24, 22, 16, 16, 15, 8, 0] | gpus = [1, 1, 1, 1, 1, 1, 1, 1] | micro_bs = 8 | time = [39935, 40351, 39646, 39230, 40601, 39493, 38177, 40249] | memory = [57544, 56663, 56742, 55901, 56112, 57891, 52610, 52645]
cv:0.018197763126294633
line465:max stage:4, min stage:6, max_value:40601.413576129744, min_value:38177.263522906826
fix|40313.07|57544.50| op = [51, 51, 53, 55, 53, 52, 54, 50]| tp = [1, 1, 1, 1, 1, 1, 1, 1, ] | dp = [1, 1, 1, 1, 1, 1, 1, 1, ] | algo = [0, 0, 0, 0, 0, 0, 0, 0, ] | rc = [26, 24, 22, 16, 14, 14, 8, 0] | gpus = [1, 1, 1, 1, 1, 1, 1, 1] | micro_bs = 8 | time = [39897, 40313, 39608, 39192, 38290, 37135, 37846, 40210] | memory = [57544, 56663, 56742, 55901, 56112, 57411, 52930, 52645]
cv:0.02816022158862058
line465:max stage:1, min stage:5, max_value:40313.071742626955, min_value:37135.86090801614
fix|40193.64|57951.00| op = [51, 50, 53, 55, 53, 53, 54, 50]| tp = [1, 1, 1, 1, 1, 1, 1, 1, ] | dp = [1, 1, 1, 1, 1, 1, 1, 1, ] | algo = [0, 0, 0, 0, 0, 0, 0, 0, ] | rc = [26, 19, 20, 16, 14, 14, 8, 0] | gpus = [1, 1, 1, 1, 1, 1, 1, 1] | micro_bs = 8 | time = [39880, 37662, 40122, 39234, 37089, 38187, 37829, 40193] | memory = [57544, 57383, 57622, 57101, 54852, 57951, 52930, 52645]
cv:0.02965710170510251
line465:max stage:7, min stage:4, max_value:40193.63681795377, min_value:37089.01624142958
fix|42053.65|57858.00| op = [51, 50, 53, 55, 54, 53, 54, 49]| tp = [1, 1, 1, 1, 1, 1, 1, 1, ] | dp = [1, 1, 1, 1, 1, 1, 1, 1, ] | algo = [0, 0, 0, 0, 0, 0, 0, 0, ] | rc = [26, 19, 20, 16, 14, 16, 18, 0] | gpus = [1, 1, 1, 1, 1, 1, 1, 1] | micro_bs = 8 | time = [39925, 37707, 40167, 39279, 38368, 39436, 42053, 39379] | memory = [57544, 57383, 57622, 57101, 56112, 57411, 57858, 48037]
cv:0.030578989899833608
line465:max stage:6, min stage:1, max_value:42053.648717928045, min_value:37707.910170499046
fix|41046.59|57891.00| op = [51, 51, 53, 55, 54, 53, 53, 49]| tp = [1, 1, 1, 1, 1, 1, 1, 1, ] | dp = [1, 1, 1, 1, 1, 1, 1, 1, ] | algo = [0, 0, 0, 0, 0, 0, 0, 0, ] | rc = [26, 24, 22, 16, 16, 15, 17, 0] | gpus = [1, 1, 1, 1, 1, 1, 1, 1] | micro_bs = 8 | time = [39957, 40372, 39668, 39252, 40622, 40246, 41046, 39410] | memory = [57544, 56663, 56742, 55901, 56112, 57891, 57858, 48037]
best|40193.64|57951.00| op = [51, 50, 53, 55, 53, 53, 54, 50]| tp = [1, 1, 1, 1, 1, 1, 1, 1, ] | dp = [1, 1, 1, 1, 1, 1, 1, 1, ] | algo = [0, 0, 0, 0, 0, 0, 0, 0, ] | rc = [26, 19, 20, 16, 14, 14, 8, 0] | gpus = [1, 1, 1, 1, 1, 1, 1, 1] | micro_bs = 8 | time = [39880, 37662, 40122, 39234, 37089, 38187, 37829, 40193] | memory = [57544, 57383, 57622, 57101, 54852, 57951, 52930, 52645]
line146:config.memory_list:[57544.496000000014, 57383.0, 57622.0, 57101.099999999984, 54852.5, 57951.0, 52930.0, 52645.203]
line147:config.time_list:[39880.257534432865, 37662.582672888384, 40122.38767241452, 39234.16856208087, 37089.01624142958, 38187.59198334605, 37829.67795512312, 40193.63681795377]
求解成功
config has been saved to /home/liminglong.lml/sxz/SuperScaler/logs-large/aceso/configs/gpt/2_6B/gpt_2_6B_8stages_2026-5-15-8-9-22.json

========== Best Result (num_stages = 8) ==========
|40193.64|57951.00| op = [51, 50, 53, 55, 53, 53, 54, 50]| tp = [1, 1, 1, 1, 1, 1, 1, 1, ] | dp = [1, 1, 1, 1, 1, 1, 1, 1, ] | algo = [0, 0, 0, 0, 0, 0, 0, 0, ] | rc = [26, 19, 20, 16, 14, 14, 8, 0] | gpus = [1, 1, 1, 1, 1, 1, 1, 1] | micro_bs = 8 | time = [39880, 37662, 40122, 39234, 37089, 38187, 37829, 40193] | memory = [57544, 57383, 57622, 57101, 54852, 57951, 52930, 52645]
start|41858.19|57891.01| op = [52, 52, 52, 52, 52, 52, 52, 55]| tp = [1, 1, 1, 1, 1, 1, 1, 1, ] | dp = [1, 1, 1, 1, 1, 1, 1, 1, ] | algo = [0, 0, 0, 0, 0, 0, 0, 0, ] | rc = [27, 24, 18, 16, 14, 12, 8, 0] | gpus = [1, 1, 1, 1, 1, 1, 1, 1] | micro_bs = 8 | time = [41412, 39822, 38166, 37614, 37019, 36381, 35234, 41858] | memory = [56664, 56423, 57222, 52901, 54852, 57891, 48514, 53385]
fix|41731.43|57891.01| op = [52, 52, 52, 52, 52, 52, 53, 54]| tp = [1, 1, 1, 1, 1, 1, 1, 1, ] | dp = [1, 1, 1, 1, 1, 1, 1, 1, ] | algo = [0, 0, 0, 0, 0, 0, 0, 0, ] | rc = [27, 24, 18, 16, 14, 12, 8, 0] | gpus = [1, 1, 1, 1, 1, 1, 1, 1] | micro_bs = 8 | time = [41412, 39822, 38166, 37613, 37019, 36381, 35287, 41731] | memory = [56664, 56423, 57222, 52901, 54852, 57891, 48754, 53185]
fix|41682.53|57891.01| op = [52, 52, 52, 52, 52, 52, 54, 53]| tp = [1, 1, 1, 1, 1, 1, 1, 1, ] | dp = [1, 1, 1, 1, 1, 1, 1, 1, ] | algo = [0, 0, 0, 0, 0, 0, 0, 0, ] | rc = [27, 24, 18, 16, 14, 12, 8, 0] | gpus = [1, 1, 1, 1, 1, 1, 1, 1] | micro_bs = 8 | time = [41412, 39822, 38166, 37614, 37019, 36381, 35410, 41682] | memory = [56664, 56423, 57222, 52901, 54852, 57891, 48914, 53185]
fix|41414.00|57891.01| op = [52, 52, 52, 52, 52, 52, 55, 52]| tp = [1, 1, 1, 1, 1, 1, 1, 1, ] | dp = [1, 1, 1, 1, 1, 1, 1, 1, ] | algo = [0, 0, 0, 0, 0, 0, 0, 0, ] | rc = [27, 24, 18, 16, 14, 12, 8, 0] | gpus = [1, 1, 1, 1, 1, 1, 1, 1] | micro_bs = 8 | time = [41414, 39823, 38167, 37615, 37020, 36383, 36645, 40615] | memory = [56664, 56423, 57222, 52901, 54852, 57891, 49694, 52805]
fix|40629.94|57544.50| op = [51, 52, 52, 52, 52, 53, 55, 52]| tp = [1, 1, 1, 1, 1, 1, 1, 1, ] | dp = [1, 1, 1, 1, 1, 1, 1, 1, ] | algo = [0, 0, 0, 0, 0, 0, 0, 0, ] | rc = [26, 25, 20, 16, 14, 12, 8, 0] | gpus = [1, 1, 1, 1, 1, 1, 1, 1] | micro_bs = 8 | time = [39876, 40541, 38992, 37888, 37293, 37805, 36660, 40629] | memory = [57544, 56663, 56742, 54101, 55812, 54067, 49694, 52805]
fix|40937.58|57544.50| op = [51, 52, 52, 52, 52, 53, 56, 51]| tp = [1, 1, 1, 1, 1, 1, 1, 1, ] | dp = [1, 1, 1, 1, 1, 1, 1, 1, ] | algo = [0, 0, 0, 0, 0, 0, 0, 0, ] | rc = [26, 25, 20, 16, 14, 12, 8, 0] | gpus = [1, 1, 1, 1, 1, 1, 1, 1] | micro_bs = 8 | time = [39891, 40557, 39008, 37904, 37309, 37821, 38353, 40937] | memory = [57544, 56663, 56742, 54101, 55812, 54067, 53790, 52645]
fix|40558.83|57544.50| op = [51, 52, 52, 52, 53, 53, 56, 50]| tp = [1, 1, 1, 1, 1, 1, 1, 1, ] | dp = [1, 1, 1, 1, 1, 1, 1, 1, ] | algo = [0, 0, 0, 0, 0, 0, 0, 0, ] | rc = [26, 25, 20, 16, 14, 14, 8, 0] | gpus = [1, 1, 1, 1, 1, 1, 1, 1] | micro_bs = 8 | time = [39893, 40558, 39009, 37905, 38417, 37019, 38961, 40206] | memory = [57544, 56663, 56742, 54101, 56532, 57291, 53390, 52645]
fix|40305.97|57544.50| op = [51, 51, 52, 52, 53, 54, 56, 50]| tp = [1, 1, 1, 1, 1, 1, 1, 1, ] | dp = [1, 1, 1, 1, 1, 1, 1, 1, ] | algo = [0, 0, 0, 0, 0, 0, 0, 0, ] | rc = [26, 24, 20, 16, 14, 12, 8, 0] | gpus = [1, 1, 1, 1, 1, 1, 1, 1] | micro_bs = 8 | time = [39890, 40305, 38913, 37902, 37488, 37872, 38957, 40203] | memory = [57544, 56663, 56742, 54101, 57092, 54427, 53390, 52645]
fix|40183.98|57812.00| op = [51, 50, 52, 52, 54, 54, 56, 50]| tp = [1, 1, 1, 1, 1, 1, 1, 1, ] | dp = [1, 1, 1, 1, 1, 1, 1, 1, ] | algo = [0, 0, 0, 0, 0, 0, 0, 0, ] | rc = [26, 19, 18, 16, 14, 12, 8, 0] | gpus = [1, 1, 1, 1, 1, 1, 1, 1] | micro_bs = 8 | time = [39870, 37652, 38176, 37624, 38595, 37853, 38938, 40183] | memory = [57544, 57383, 57222, 52901, 57812, 54427, 53390, 52645]
best|40183.98|57812.00| op = [51, 50, 52, 52, 54, 54, 56, 50]| tp = [1, 1, 1, 1, 1, 1, 1, 1, ] | dp = [1, 1, 1, 1, 1, 1, 1, 1, ] | algo = [0, 0, 0, 0, 0, 0, 0, 0, ] | rc = [26, 19, 18, 16, 14, 12, 8, 0] | gpus = [1, 1, 1, 1, 1, 1, 1, 1] | micro_bs = 8 | time = [39870, 37652, 38176, 37624, 38595, 37853, 38938, 40183] | memory = [57544, 57383, 57222, 52901, 57812, 54427, 53390, 52645]
decode|41425.36|57812.08| op = [51, 50, 52, 53, 54, 54, 56, 49]| tp = [1, 1, 1, 1, 1, 1, 1, 1, ] | dp = [1, 1, 1, 1, 1, 1, 1, 1, ] | algo = [0, 0, 0, 0, 0, 0, 0, 0, ] | rc = [26, 19, 18, 16, 14, 14, 13, 0] | gpus = [1, 1, 1, 1, 1, 1, 1, 1] | micro_bs = 8 | time = [39888, 37670, 38194, 39026, 38594, 37137, 41425, 39341] | memory = [57544, 57383, 57222, 54901, 57812, 57531, 56462, 48037]
fix|40353.92|57812.08| op = [51, 50, 52, 53, 54, 55, 55, 49]| tp = [1, 1, 1, 1, 1, 1, 1, 1, ] | dp = [1, 1, 1, 1, 1, 1, 1, 1, ] | algo = [0, 0, 0, 0, 0, 0, 0, 0, ] | rc = [26, 19, 18, 16, 14, 12, 13, 0] | gpus = [1, 1, 1, 1, 1, 1, 1, 1] | micro_bs = 8 | time = [39885, 37667, 38191, 39023, 38591, 37859, 40353, 39339] | memory = [57544, 57383, 57222, 54901, 57812, 54327, 56002, 48037]
fix|42065.52|57951.38| op = [51, 51, 52, 53, 54, 55, 54, 49]| tp = [1, 1, 1, 1, 1, 1, 1, 1, ] | dp = [1, 1, 1, 1, 1, 1, 1, 1, ] | algo = [0, 0, 0, 0, 0, 0, 0, 0, ] | rc = [26, 24, 20, 16, 14, 16, 18, 0] | gpus = [1, 1, 1, 1, 1, 1, 1, 1] | micro_bs = 8 | time = [39937, 40353, 38961, 38131, 38514, 40566, 42065, 39391] | memory = [57544, 56663, 56742, 55701, 57012, 57951, 57858, 48037]
fix|41245.68|57951.00| op = [51, 51, 52, 54, 54, 55, 53, 49]| tp = [1, 1, 1, 1, 1, 1, 1, 1, ] | dp = [1, 1, 1, 1, 1, 1, 1, 1, ] | algo = [0, 0, 0, 0, 0, 0, 0, 0, ] | rc = [26, 24, 20, 16, 14, 16, 17, 0] | gpus = [1, 1, 1, 1, 1, 1, 1, 1] | micro_bs = 8 | time = [39933, 40349, 38957, 39234, 37268, 41245, 41023, 39387] | memory = [57544, 56663, 56742, 56501, 55652, 57951, 57858, 48037]
fix|41024.35|57858.00| op = [51, 51, 52, 54, 55, 54, 53, 49]| tp = [1, 1, 1, 1, 1, 1, 1, 1, ] | dp = [1, 1, 1, 1, 1, 1, 1, 1, ] | algo = [0, 0, 0, 0, 0, 0, 0, 0, ] | rc = [26, 24, 20, 16, 14, 16, 17, 0] | gpus = [1, 1, 1, 1, 1, 1, 1, 1] | micro_bs = 8 | time = [39934, 40350, 38958, 39235, 38503, 40178, 41024, 39388] | memory = [57544, 56663, 56742, 56501, 56912, 57411, 57858, 48037]
fix|43882.31|57858.00| op = [51, 51, 52, 54, 56, 54, 52, 49]| tp = [1, 1, 1, 1, 1, 1, 1, 1, ] | dp = [1, 1, 1, 1, 1, 1, 1, 1, ] | algo = [0, 0, 0, 0, 0, 0, 0, 0, ] | rc = [26, 24, 20, 16, 16, 24, 15, 0] | gpus = [1, 1, 1, 1, 1, 1, 1, 1] | micro_bs = 8 | time = [39969, 40385, 38993, 39270, 40810, 43882, 39502, 39423] | memory = [57544, 56663, 56742, 56501, 56912, 57507, 57858, 48037]
fix|42844.69|57858.00| op = [51, 51, 53, 54, 56, 53, 52, 49]| tp = [1, 1, 1, 1, 1, 1, 1, 1, ] | dp = [1, 1, 1, 1, 1, 1, 1, 1, ] | algo = [0, 0, 0, 0, 0, 0, 0, 0, ] | rc = [26, 24, 22, 16, 16, 23, 15, 0] | gpus = [1, 1, 1, 1, 1, 1, 1, 1] | micro_bs = 8 | time = [39970, 40386, 39681, 39142, 41417, 42844, 39503, 39424] | memory = [57544, 56663, 56742, 55501, 56112, 57507, 57858, 48037]
fix|47316.10|57858.00| op = [51, 51, 53, 55, 56, 52, 52, 49]| tp = [1, 1, 1, 1, 1, 1, 1, 1, ] | dp = [1, 1, 1, 1, 1, 1, 1, 1, ] | algo = [0, 0, 0, 0, 0, 0, 0, 0, ] | rc = [26, 24, 22, 16, 31, 21, 15, 0] | gpus = [1, 1, 1, 1, 1, 1, 1, 1] | micro_bs = 8 | time = [40005, 40421, 39716, 39300, 47316, 41323, 39538, 39458] | memory = [57544, 56663, 56742, 55901, 57632, 57507, 57858, 48037]
fix|45799.98|57972.00| op = [51, 51, 53, 56, 55, 52, 52, 49]| tp = [1, 1, 1, 1, 1, 1, 1, 1, ] | dp = [1, 1, 1, 1, 1, 1, 1, 1, ] | algo = [0, 0, 0, 0, 0, 0, 0, 0, ] | rc = [26, 24, 22, 16, 30, 21, 15, 0] | gpus = [1, 1, 1, 1, 1, 1, 1, 1] | micro_bs = 8 | time = [40003, 40418, 39713, 40531, 45799, 41321, 39536, 39456] | memory = [57544, 56663, 56742, 57401, 57972, 57507, 57858, 48037]
fix|40463.41|57891.00| op = [51, 51, 53, 56, 54, 52, 52, 50]| tp = [1, 1, 1, 1, 1, 1, 1, 1, ] | dp = [1, 1, 1, 1, 1, 1, 1, 1, ] | algo = [0, 0, 0, 0, 0, 0, 0, 0, ] | rc = [26, 24, 22, 16, 16, 14, 8, 0] | gpus = [1, 1, 1, 1, 1, 1, 1, 1] | micro_bs = 8 | time = [39934, 40350, 39645, 40463, 40263, 39185, 37443, 40247] | memory = [57544, 56663, 56742, 57401, 55492, 57891, 52610, 52645]
fix|40601.41|57891.00| op = [51, 51, 53, 55, 54, 52, 53, 50]| tp = [1, 1, 1, 1, 1, 1, 1, 1, ] | dp = [1, 1, 1, 1, 1, 1, 1, 1, ] | algo = [0, 0, 0, 0, 0, 0, 0, 0, ] | rc = [26, 24, 22, 16, 16, 15, 8, 0] | gpus = [1, 1, 1, 1, 1, 1, 1, 1] | micro_bs = 8 | time = [39935, 40351, 39646, 39230, 40601, 39493, 38177, 40249] | memory = [57544, 56663, 56742, 55901, 56112, 57891, 52610, 52645]
fix|40313.07|57544.50| op = [51, 51, 53, 55, 53, 52, 54, 50]| tp = [1, 1, 1, 1, 1, 1, 1, 1, ] | dp = [1, 1, 1, 1, 1, 1, 1, 1, ] | algo = [0, 0, 0, 0, 0, 0, 0, 0, ] | rc = [26, 24, 22, 16, 14, 14, 8, 0] | gpus = [1, 1, 1, 1, 1, 1, 1, 1] | micro_bs = 8 | time = [39897, 40313, 39608, 39192, 38290, 37135, 37846, 40210] | memory = [57544, 56663, 56742, 55901, 56112, 57411, 52930, 52645]
fix|40193.64|57951.00| op = [51, 50, 53, 55, 53, 53, 54, 50]| tp = [1, 1, 1, 1, 1, 1, 1, 1, ] | dp = [1, 1, 1, 1, 1, 1, 1, 1, ] | algo = [0, 0, 0, 0, 0, 0, 0, 0, ] | rc = [26, 19, 20, 16, 14, 14, 8, 0] | gpus = [1, 1, 1, 1, 1, 1, 1, 1] | micro_bs = 8 | time = [39880, 37662, 40122, 39234, 37089, 38187, 37829, 40193] | memory = [57544, 57383, 57622, 57101, 54852, 57951, 52930, 52645]
best|40193.64|57951.00| op = [51, 50, 53, 55, 53, 53, 54, 50]| tp = [1, 1, 1, 1, 1, 1, 1, 1, ] | dp = [1, 1, 1, 1, 1, 1, 1, 1, ] | algo = [0, 0, 0, 0, 0, 0, 0, 0, ] | rc = [26, 19, 20, 16, 14, 14, 8, 0] | gpus = [1, 1, 1, 1, 1, 1, 1, 1] | micro_bs = 8 | time = [39880, 37662, 40122, 39234, 37089, 38187, 37829, 40193] | memory = [57544, 57383, 57622, 57101, 54852, 57951, 52930, 52645]

num_targets: []
num_hops: []
search time = 0.00 s.  [0] 
num_explored_cases = 0
time trend: [41858]

stage 8 search time: 0.39 s
# of stages	est_iteration_time(s)	est_thpt(samples/s)	est_mem(MB)	# of explored cases
2          	34.00                	30.11              	49026      	0                  
3          	35.58                	28.78              	57821      	0                  
4          	36.20                	28.29              	56180      	0                  

overall search time: 3.46 s
stage 0 search time: 0.09 s
stage 1 search time: 0.19 s
stage 2 search time: 0.40 s
stage 3 search time: 0.67 s
stage 4 search time: 0.56 s
stage 5 search time: 0.82 s
stage 6 search time: 0.33 s
stage 7 search time: 0.39 s
