------------------------ arguments ------------------------
  adaptive_hyper_parameters ....................... 5
  add_action_finetune_algo ........................ False
  add_action_finetune_dim ......................... False
  add_action_tp_dp_exchange ....................... False
  add_action_tune_tp_dp ........................... False
  check_recompute_with_group ...................... False
  config_save_path ................................ /home/liminglong.lml/sxz/SuperScaler/logs-large/aceso/configs/gpt/2_6B/
  config_suffix ................................... 2026-5-15-6-59-57
  consider_collective_memory ...................... False
  consider_reserved_space ......................... True
  consider_shared_space ........................... True
  continue_when_fail .............................. True
  decoder_seq_len ................................. 512
  end_num_stages .................................. 8
  finetune_after_trial ............................ 0
  finetune_tp_dp_after_trial ...................... False
  flex_recompute .................................. True
  forbid_turn_back ................................ False
  global_batch_size ............................... 1024
  high_memory_rate ................................ 0.9
  init_dim ........................................ tp
  initial_point ................................... balance
  log_path ........................................ /home/liminglong.lml/sxz/SuperScaler/logs-large/aceso/search/gpt/2_6B/
  max_num_hops .................................... 7
  max_num_trials .................................. 100
  max_op_move_steps ............................... 5
  max_tp .......................................... 8
  memory_limit .................................... 48000
  memory_main_params .............................. 2
  memory_optimizer ................................ 4
  memory_pred_type ................................ MAX
  micro_batch_size ................................ [1, 2, 4, 8]
  min_mbs ......................................... 1
  model_name ...................................... gpt
  model_size ...................................... 2_6B
  multi_process ................................... True
  num_algos ....................................... 2
  num_gpus ........................................ 8
  num_gpus_per_node ............................... 8
  num_layers ...................................... 32
  num_nodes ....................................... 1
  num_of_saved_configs ............................ 3
  num_partners_in_op_mig .......................... 1
  only_top_1_target ............................... False
  op_group_size ................................... 1
  peak_mem_in_backward ............................ 0
  predict_delta_time .............................. False
  print_debug_info ................................ False
  print_gpu_mig_details ........................... False
  print_move_op_details ........................... False
  print_recomp_debug_info ......................... False
  print_recompute_ops ............................. False
  profiled_time_path .............................. /home/liminglong.lml/sxz/SuperScaler/profiler/profiled-time-eurosys/
  random_order_actions ............................ False
  resharding ...................................... True
  save_to_csv ..................................... None
  seq_len ......................................... 2048
  simple_prim_mbs ................................. False
  simple_prim_mig ................................. False
  sort_metric ..................................... max_stage_time
  start_num_stages ................................ 1
  support_comm_predict ............................ False
  time_budget_per_trial ........................... 200
  time_budget_total ............................... 200
-------------------- end of arguments ---------------------
Starting CEGIS search with 1 to 8 stages...
working on num_stages = 1
start|46518.91|49713.10| op = [419]| tp = [1, ] | dp = [8, ] | algo = [0, ] | rc = [417] | gpus = [8] | micro_bs = 8 | time = [46518] | memory = [49713]
line146:config.memory_list:[49713.097]
line147:config.time_list:[46518.91062924796]
------------------------------------------------------------------------------------------------------
cegis_search for the 0th times
开始求解check...
line351:
tp_list[2, 2, 2, 2, 2, 2, 2, 2, 2, 2, 2, 2, 2, 2, 2, 2, 2, 2, 2, 2, 2, 2, 2, 2, 2, 2, 2, 2, 2, 2, 2, 2, 2, 2, 2, 2, 2, 2, 2, 2, 2, 2, 2, 2, 2, 2, 2, 2, 2, 2, 2, 2, 2, 2, 2, 2, 2, 2, 2, 2, 2, 2, 2, 2, 2, 2, 2, 2, 2, 2, 2, 2, 2, 2, 2, 2, 2, 2, 2, 2, 2, 2, 2, 2, 2, 2, 2, 2, 2, 2, 2, 2, 2, 2, 2, 2, 2, 2, 2, 2, 2, 2, 2, 2, 2, 2, 2, 2, 2, 2, 2, 2, 2, 2, 2, 2, 2, 2, 2, 2, 2, 2, 2, 2, 2, 2, 2, 2, 2, 2, 2, 2, 2, 2, 2, 2, 2, 2, 2, 2, 2, 2, 2, 2, 2, 2, 2, 2, 2, 2, 2, 2, 2, 2, 2, 2, 2, 2, 2, 2, 2, 2, 2, 2, 2, 2, 2, 2, 2, 2, 2, 2, 2, 2, 2, 2, 2, 2, 2, 2, 2, 2, 2, 2, 2, 2, 2, 2, 2, 2, 2, 2, 2, 2, 2, 2, 2, 2, 2, 2, 2, 2, 2, 2, 2, 2, 2, 2, 2, 2, 2, 2, 2, 2, 2, 2, 2, 2, 2, 2, 2, 2, 2, 2, 2, 2, 2, 2, 2, 2, 2, 2, 2, 2, 2, 2, 2, 2, 2, 2, 2, 2, 2, 2, 2, 2, 2, 2, 2, 2, 2, 2, 2, 2, 2, 2, 2, 2, 2, 2, 2, 2, 2, 2, 2, 2, 2, 2, 2, 2, 2, 2, 2, 2, 2, 2, 2, 2, 2, 2, 2, 2, 2, 2, 2, 2, 2, 2, 2, 2, 2, 2, 2, 2, 2, 2, 2, 2, 2, 2, 2, 2, 2, 2, 2, 2, 2, 2, 2, 2, 2, 2, 2, 2, 2, 2, 2, 2, 2, 2, 2, 2, 2, 2, 2, 2, 2, 2, 2, 2, 2, 2, 2, 2, 2, 2, 2, 2, 2, 2, 2, 2, 2, 2, 2, 2, 2, 2, 2, 2, 2, 2, 2, 2, 2, 2, 2, 2, 2, 2, 2, 2, 2, 2, 2, 2, 2, 2, 2, 2, 2, 2, 2, 2, 2, 2, 2, 2, 2, 2, 2, 2, 2, 2, 2, 2, 2, 2, 2, 2, 2, 2, 2, 2, 2, 2, 2, 2, 2, 2, 2, 2, 2, 2, 2, 2, 2, 2, 2, 2, 2, 2, 2, 2, 2, 2, 2, 2, 2]
dp_list[4, 4, 4, 4, 4, 4, 4, 4, 4, 4, 4, 4, 4, 4, 4, 4, 4, 4, 4, 4, 4, 4, 4, 4, 4, 4, 4, 4, 4, 4, 4, 4, 4, 4, 4, 4, 4, 4, 4, 4, 4, 4, 4, 4, 4, 4, 4, 4, 4, 4, 4, 4, 4, 4, 4, 4, 4, 4, 4, 4, 4, 4, 4, 4, 4, 4, 4, 4, 4, 4, 4, 4, 4, 4, 4, 4, 4, 4, 4, 4, 4, 4, 4, 4, 4, 4, 4, 4, 4, 4, 4, 4, 4, 4, 4, 4, 4, 4, 4, 4, 4, 4, 4, 4, 4, 4, 4, 4, 4, 4, 4, 4, 4, 4, 4, 4, 4, 4, 4, 4, 4, 4, 4, 4, 4, 4, 4, 4, 4, 4, 4, 4, 4, 4, 4, 4, 4, 4, 4, 4, 4, 4, 4, 4, 4, 4, 4, 4, 4, 4, 4, 4, 4, 4, 4, 4, 4, 4, 4, 4, 4, 4, 4, 4, 4, 4, 4, 4, 4, 4, 4, 4, 4, 4, 4, 4, 4, 4, 4, 4, 4, 4, 4, 4, 4, 4, 4, 4, 4, 4, 4, 4, 4, 4, 4, 4, 4, 4, 4, 4, 4, 4, 4, 4, 4, 4, 4, 4, 4, 4, 4, 4, 4, 4, 4, 4, 4, 4, 4, 4, 4, 4, 4, 4, 4, 4, 4, 4, 4, 4, 4, 4, 4, 4, 4, 4, 4, 4, 4, 4, 4, 4, 4, 4, 4, 4, 4, 4, 4, 4, 4, 4, 4, 4, 4, 4, 4, 4, 4, 4, 4, 4, 4, 4, 4, 4, 4, 4, 4, 4, 4, 4, 4, 4, 4, 4, 4, 4, 4, 4, 4, 4, 4, 4, 4, 4, 4, 4, 4, 4, 4, 4, 4, 4, 4, 4, 4, 4, 4, 4, 4, 4, 4, 4, 4, 4, 4, 4, 4, 4, 4, 4, 4, 4, 4, 4, 4, 4, 4, 4, 4, 4, 4, 4, 4, 4, 4, 4, 4, 4, 4, 4, 4, 4, 4, 4, 4, 4, 4, 4, 4, 4, 4, 4, 4, 4, 4, 4, 4, 4, 4, 4, 4, 4, 4, 4, 4, 4, 4, 4, 4, 4, 4, 4, 4, 4, 4, 4, 4, 4, 4, 4, 4, 4, 4, 4, 4, 4, 4, 4, 4, 4, 4, 4, 4, 4, 4, 4, 4, 4, 4, 4, 4, 4, 4, 4, 4, 4, 4, 4, 4, 4, 4, 4, 4, 4, 4, 4, 4, 4, 4, 4, 4, 4, 4, 4, 4, 4, 4]
algo_list[0, 0, 0, 0, 0, 0, 0, 0, 0, 0, 0, 0, 0, 0, 0, 0, 0, 0, 0, 0, 0, 0, 0, 0, 0, 0, 0, 0, 0, 0, 0, 0, 0, 0, 0, 0, 0, 0, 0, 0, 0, 0, 0, 0, 0, 0, 0, 0, 0, 0, 0, 0, 0, 0, 0, 0, 0, 0, 0, 0, 0, 0, 0, 0, 0, 0, 0, 0, 0, 0, 0, 0, 0, 0, 0, 0, 0, 0, 0, 0, 0, 0, 0, 0, 0, 0, 0, 0, 0, 0, 0, 0, 0, 0, 0, 0, 0, 0, 0, 0, 0, 0, 0, 0, 0, 0, 0, 0, 0, 0, 0, 0, 0, 0, 0, 0, 0, 0, 0, 0, 0, 0, 0, 0, 0, 0, 0, 0, 0, 0, 0, 0, 0, 0, 0, 0, 0, 0, 0, 0, 0, 0, 0, 0, 0, 0, 0, 0, 0, 0, 0, 0, 0, 0, 0, 0, 0, 0, 0, 0, 0, 0, 0, 0, 0, 0, 0, 0, 0, 0, 0, 0, 0, 0, 0, 0, 0, 0, 0, 0, 0, 0, 0, 0, 0, 0, 0, 0, 0, 0, 0, 0, 0, 0, 0, 0, 0, 0, 0, 0, 0, 0, 0, 0, 0, 0, 0, 0, 0, 0, 0, 0, 0, 0, 0, 0, 0, 0, 0, 0, 0, 0, 0, 0, 0, 0, 0, 0, 0, 0, 0, 0, 0, 0, 0, 0, 0, 0, 0, 0, 0, 0, 0, 0, 0, 0, 0, 0, 0, 0, 0, 0, 0, 0, 0, 0, 0, 0, 0, 0, 0, 0, 0, 0, 0, 0, 0, 0, 0, 0, 0, 0, 0, 0, 0, 0, 0, 0, 0, 0, 0, 0, 0, 0, 0, 0, 0, 0, 0, 0, 0, 0, 0, 0, 0, 0, 0, 0, 0, 0, 0, 0, 0, 0, 0, 0, 0, 0, 0, 0, 0, 0, 0, 0, 0, 0, 0, 0, 0, 0, 0, 0, 0, 0, 0, 0, 0, 0, 0, 0, 0, 0, 0, 0, 0, 0, 0, 0, 0, 0, 0, 0, 0, 0, 0, 0, 0, 0, 0, 0, 0, 0, 0, 0, 0, 0, 0, 0, 0, 0, 0, 0, 0, 0, 0, 0, 0, 0, 0, 0, 0, 0, 0, 0, 0, 0, 0, 0, 0, 0, 0, 0, 0, 0, 0, 0, 0, 0, 0, 0, 0, 0, 0, 0, 0, 0, 0, 0, 0, 0, 0, 0, 0, 0, 0, 0, 0, 0, 0, 0, 0, 0, 0, 0, 0, 0, 0, 0, 0]

decode|90677.32|41638.09| op = [419]| tp = [2, ] | dp = [4, ] | algo = [0, ] | rc = [0] | gpus = [8] | micro_bs = 4 | time = [90677] | memory = [41638]
验证解
line146:config.memory_list:[41638.090999999986]
line147:config.time_list:[90677.32436249586]
求解成功
config has been saved to /home/liminglong.lml/sxz/SuperScaler/logs-large/aceso/configs/gpt/2_6B/gpt_2_6B_1stages_2026-5-15-6-59-57.json

========== Best Result (num_stages = 1) ==========
|90677.32|41638.09| op = [419]| tp = [2, ] | dp = [4, ] | algo = [0, ] | rc = [0] | gpus = [8] | micro_bs = 4 | time = [90677] | memory = [41638]
start|46518.91|49713.10| op = [419]| tp = [1, ] | dp = [8, ] | algo = [0, ] | rc = [417] | gpus = [8] | micro_bs = 8 | time = [46518] | memory = [49713]
decode|90677.32|41638.09| op = [419]| tp = [2, ] | dp = [4, ] | algo = [0, ] | rc = [0] | gpus = [8] | micro_bs = 4 | time = [90677] | memory = [41638]

num_targets: []
num_hops: []
search time = 0.00 s.  [0] 
num_explored_cases = 0
time trend: [1073741824]

stage 1 search time: 0.07 s
working on num_stages = 2
start|35692.95|47946.08| op = [210, 209]| tp = [1, 1, ] | dp = [4, 4, ] | algo = [0, 0, ] | rc = [46, 26] | gpus = [4, 4] | micro_bs = 8 | time = [35065, 35692] | memory = [47946, 43591]
line146:config.memory_list:[47946.07799999998, 43591.04299999999]
line147:config.time_list:[35065.4118916137, 35692.95063270774]
------------------------------------------------------------------------------------------------------
cegis_search for the 0th times
开始求解check...
line351:
tp_list[1, 1, 1, 1, 1, 1, 1, 1, 1, 1, 1, 1, 1, 1, 1, 1, 1, 1, 1, 1, 1, 1, 1, 1, 1, 1, 1, 1, 1, 1, 1, 1, 1, 1, 1, 1, 1, 1, 1, 1, 1, 1, 1, 1, 1, 1, 1, 1, 1, 1, 1, 1, 1, 1, 1, 1, 1, 1, 1, 1, 1, 1, 1, 1, 1, 1, 1, 1, 1, 1, 1, 1, 1, 1, 1, 1, 1, 1, 1, 1, 1, 1, 1, 1, 1, 1, 1, 1, 1, 1, 1, 1, 1, 1, 1, 1, 1, 1, 1, 1, 1, 1, 1, 1, 1, 1, 1, 1, 1, 1, 1, 1, 1, 1, 1, 1, 1, 1, 1, 1, 1, 1, 1, 1, 1, 1, 1, 1, 1, 1, 1, 1, 1, 1, 1, 1, 1, 1, 1, 1, 1, 1, 1, 1, 1, 1, 1, 1, 1, 1, 1, 1, 1, 1, 1, 1, 1, 1, 1, 1, 1, 1, 1, 1, 1, 1, 1, 1, 1, 1, 1, 1, 1, 1, 1, 1, 1, 1, 1, 1, 1, 1, 1, 1, 1, 1, 1, 1, 1, 1, 1, 1, 1, 1, 1, 1, 1, 1, 1, 1, 1, 1, 1, 1, 1, 1, 1, 1, 1, 1, 1, 1, 1, 1, 1, 1, 1, 1, 1, 1, 1, 1, 1, 1, 1, 1, 1, 1, 1, 1, 1, 1, 1, 1, 1, 1, 1, 1, 1, 1, 1, 1, 1, 1, 1, 1, 1, 1, 1, 1, 1, 1, 1, 1, 1, 1, 1, 1, 1, 1, 1, 1, 1, 1, 1, 1, 1, 1, 1, 1, 1, 1, 1, 1, 1, 1, 1, 1, 1, 1, 1, 1, 1, 1, 1, 1, 1, 1, 1, 1, 1, 1, 1, 1, 1, 1, 1, 1, 1, 1, 1, 1, 1, 1, 1, 1, 1, 1, 1, 1, 1, 1, 1, 1, 1, 1, 1, 1, 1, 1, 1, 1, 1, 1, 1, 1, 1, 1, 1, 1, 1, 1, 1, 1, 1, 1, 1, 1, 1, 1, 1, 1, 1, 1, 1, 1, 1, 1, 1, 1, 1, 1, 1, 1, 1, 1, 1, 1, 1, 1, 1, 1, 1, 1, 1, 1, 1, 1, 1, 1, 1, 1, 1, 1, 1, 1, 1, 1, 1, 1, 1, 1, 1, 1, 1, 1, 1, 1, 1, 1, 1, 1, 1, 1, 1, 1, 1, 1, 1, 1, 1, 1, 1, 1, 1, 1, 1, 1, 1, 1, 1, 1, 1, 1, 1, 1, 1, 1, 1]
dp_list[4, 4, 4, 4, 4, 4, 4, 4, 4, 4, 4, 4, 4, 4, 4, 4, 4, 4, 4, 4, 4, 4, 4, 4, 4, 4, 4, 4, 4, 4, 4, 4, 4, 4, 4, 4, 4, 4, 4, 4, 4, 4, 4, 4, 4, 4, 4, 4, 4, 4, 4, 4, 4, 4, 4, 4, 4, 4, 4, 4, 4, 4, 4, 4, 4, 4, 4, 4, 4, 4, 4, 4, 4, 4, 4, 4, 4, 4, 4, 4, 4, 4, 4, 4, 4, 4, 4, 4, 4, 4, 4, 4, 4, 4, 4, 4, 4, 4, 4, 4, 4, 4, 4, 4, 4, 4, 4, 4, 4, 4, 4, 4, 4, 4, 4, 4, 4, 4, 4, 4, 4, 4, 4, 4, 4, 4, 4, 4, 4, 4, 4, 4, 4, 4, 4, 4, 4, 4, 4, 4, 4, 4, 4, 4, 4, 4, 4, 4, 4, 4, 4, 4, 4, 4, 4, 4, 4, 4, 4, 4, 4, 4, 4, 4, 4, 4, 4, 4, 4, 4, 4, 4, 4, 4, 4, 4, 4, 4, 4, 4, 4, 4, 4, 4, 4, 4, 4, 4, 4, 4, 4, 4, 4, 4, 4, 4, 4, 4, 4, 4, 4, 4, 4, 4, 4, 4, 4, 4, 4, 4, 4, 4, 4, 4, 4, 4, 4, 4, 4, 4, 4, 4, 4, 4, 4, 4, 4, 4, 4, 4, 4, 4, 4, 4, 4, 4, 4, 4, 4, 4, 4, 4, 4, 4, 4, 4, 4, 4, 4, 4, 4, 4, 4, 4, 4, 4, 4, 4, 4, 4, 4, 4, 4, 4, 4, 4, 4, 4, 4, 4, 4, 4, 4, 4, 4, 4, 4, 4, 4, 4, 4, 4, 4, 4, 4, 4, 4, 4, 4, 4, 4, 4, 4, 4, 4, 4, 4, 4, 4, 4, 4, 4, 4, 4, 4, 4, 4, 4, 4, 4, 4, 4, 4, 4, 4, 4, 4, 4, 4, 4, 4, 4, 4, 4, 4, 4, 4, 4, 4, 4, 4, 4, 4, 4, 4, 4, 4, 4, 4, 4, 4, 4, 4, 4, 4, 4, 4, 4, 4, 4, 4, 4, 4, 4, 4, 4, 4, 4, 4, 4, 4, 4, 4, 4, 4, 4, 4, 4, 4, 4, 4, 4, 4, 4, 4, 4, 4, 4, 4, 4, 4, 4, 4, 4, 4, 4, 4, 4, 4, 4, 4, 4, 4, 4, 4, 4, 4, 4, 4, 4, 4, 4, 4, 4, 4, 4, 4, 4, 4, 4, 4, 4, 4, 4, 4, 4, 4, 4, 4]
algo_list[0, 0, 0, 0, 0, 0, 0, 0, 0, 0, 0, 0, 0, 0, 0, 0, 0, 0, 0, 0, 0, 0, 0, 0, 0, 0, 0, 0, 0, 0, 0, 0, 0, 0, 0, 0, 0, 0, 0, 0, 0, 0, 0, 0, 0, 0, 0, 0, 0, 0, 0, 0, 0, 0, 0, 0, 0, 0, 0, 0, 0, 0, 0, 0, 0, 0, 0, 0, 0, 0, 0, 0, 0, 0, 0, 0, 0, 0, 0, 0, 0, 0, 0, 0, 0, 0, 0, 0, 0, 0, 0, 0, 0, 0, 0, 0, 0, 0, 0, 0, 0, 0, 0, 0, 0, 0, 0, 0, 0, 0, 0, 0, 0, 0, 0, 0, 0, 0, 0, 0, 0, 0, 0, 0, 0, 0, 0, 0, 0, 0, 0, 0, 0, 0, 0, 0, 0, 0, 0, 0, 0, 0, 0, 0, 0, 0, 0, 0, 0, 0, 0, 0, 0, 0, 0, 0, 0, 0, 0, 0, 0, 0, 0, 0, 0, 0, 0, 0, 0, 0, 0, 0, 0, 0, 0, 0, 0, 0, 0, 0, 0, 0, 0, 0, 0, 0, 0, 0, 0, 0, 0, 0, 0, 0, 0, 0, 0, 0, 0, 0, 0, 0, 0, 0, 0, 0, 0, 0, 0, 0, 0, 0, 0, 0, 0, 0, 0, 0, 0, 0, 0, 0, 0, 0, 0, 0, 0, 0, 0, 0, 0, 0, 0, 0, 0, 0, 0, 0, 0, 0, 0, 0, 0, 0, 0, 0, 0, 0, 0, 0, 0, 0, 0, 0, 0, 0, 0, 0, 0, 0, 0, 0, 0, 0, 0, 0, 0, 0, 0, 0, 0, 0, 0, 0, 0, 0, 0, 0, 0, 0, 0, 0, 0, 0, 0, 0, 0, 0, 0, 0, 0, 0, 0, 0, 0, 0, 0, 0, 0, 0, 0, 0, 0, 0, 0, 0, 0, 0, 0, 0, 0, 0, 0, 0, 0, 0, 0, 0, 0, 0, 0, 0, 0, 0, 0, 0, 0, 0, 0, 0, 0, 0, 0, 0, 0, 0, 0, 0, 0, 0, 0, 0, 0, 0, 0, 0, 0, 0, 0, 0, 0, 0, 0, 0, 0, 0, 0, 0, 0, 0, 0, 0, 0, 0, 0, 0, 0, 0, 0, 0, 0, 0, 0, 0, 0, 0, 0, 0, 0, 0, 0, 0, 0, 0, 0, 0, 0, 0, 0, 0, 0, 0, 0, 0, 0, 0, 0, 0, 0, 0, 0, 0, 0, 0, 0, 0, 0, 0, 0, 0, 0, 0, 0, 0, 0, 0, 0, 0, 0]

decode|35692.95|47946.08| op = [210, 209]| tp = [1, 1, ] | dp = [4, 4, ] | algo = [0, 0, ] | rc = [46, 26] | gpus = [4, 4] | micro_bs = 8 | time = [35065, 35692] | memory = [47946, 43591]
验证解
line146:config.memory_list:[47946.07799999998, 43591.04299999999]
line147:config.time_list:[35065.4118916137, 35692.95063270774]
求解成功
config has been saved to /home/liminglong.lml/sxz/SuperScaler/logs-large/aceso/configs/gpt/2_6B/gpt_2_6B_2stages_2026-5-15-6-59-57.json

========== Best Result (num_stages = 2) ==========
|35692.95|47946.08| op = [210, 209]| tp = [1, 1, ] | dp = [4, 4, ] | algo = [0, 0, ] | rc = [46, 26] | gpus = [4, 4] | micro_bs = 8 | time = [35065, 35692] | memory = [47946, 43591]
start|35692.95|47946.08| op = [210, 209]| tp = [1, 1, ] | dp = [4, 4, ] | algo = [0, 0, ] | rc = [46, 26] | gpus = [4, 4] | micro_bs = 8 | time = [35065, 35692] | memory = [47946, 43591]
decode|35692.95|47946.08| op = [210, 209]| tp = [1, 1, ] | dp = [4, 4, ] | algo = [0, 0, ] | rc = [46, 26] | gpus = [4, 4] | micro_bs = 8 | time = [35065, 35692] | memory = [47946, 43591]

num_targets: []
num_hops: []
search time = 0.00 s.  [0] 
num_explored_cases = 0
time trend: [35692]

stage 2 search time: 0.21 s
working on num_stages = 3
start|37723.49|47861.09| op = [210, 105, 104]| tp = [1, 1, 1, ] | dp = [4, 2, 2, ] | algo = [0, 0, 0, ] | rc = [60, 16, 14] | gpus = [4, 2, 2] | micro_bs = 8 | time = [36414, 34894, 37723] | memory = [47069, 46269, 47861]
line465:max stage:2, min stage:1, max_value:37723.4919342154, min_value:34894.8797344683
fix|37752.50|47941.09| op = [210, 106, 103]| tp = [1, 1, 1, ] | dp = [4, 2, 2, ] | algo = [0, 0, 0, ] | rc = [60, 18, 13] | gpus = [4, 2, 2] | micro_bs = 8 | time = [36423, 36040, 37752] | memory = [47069, 47293, 47941]
cv:0.01996767371781075
line465:max stage:2, min stage:1, max_value:37752.50396401115, min_value:36040.687600264035
fix|37230.16|47941.09| op = [210, 107, 102]| tp = [1, 1, 1, ] | dp = [4, 2, 2, ] | algo = [0, 0, 0, ] | rc = [60, 18, 12] | gpus = [4, 2, 2] | micro_bs = 8 | time = [36422, 36406, 37230] | memory = [47069, 47293, 47941]
best|37230.16|47941.09| op = [210, 107, 102]| tp = [1, 1, 1, ] | dp = [4, 2, 2, ] | algo = [0, 0, 0, ] | rc = [60, 18, 12] | gpus = [4, 2, 2] | micro_bs = 8 | time = [36422, 36406, 37230] | memory = [47069, 47293, 47941]
line146:config.memory_list:[47069.11699999997, 47293.984000000026, 47941.09400000001]
line147:config.time_list:[36422.146810043116, 36406.74407426405, 37230.160894011155]
------------------------------------------------------------------------------------------------------
cegis_search for the 0th times
开始求解check...
line351:
tp_list[1, 1, 1, 1, 1, 1, 1, 1, 1, 1, 1, 1, 1, 1, 1, 1, 1, 1, 1, 1, 1, 1, 1, 1, 1, 1, 1, 1, 1, 1, 1, 1, 1, 1, 1, 1, 1, 1, 1, 1, 1, 1, 1, 1, 1, 1, 1, 1, 1, 1, 1, 1, 1, 1, 1, 1, 1, 1, 1, 1, 1, 1, 1, 1, 1, 1, 1, 1, 1, 1, 1, 1, 1, 1, 1, 1, 1, 1, 1, 1, 1, 1, 1, 1, 1, 1, 1, 1, 1, 1, 1, 1, 1, 1, 1, 1, 1, 1, 1, 1, 1, 1, 1, 1, 1, 1, 1, 1, 1, 1, 1, 1, 1, 1, 1, 1, 1, 1, 1, 1, 1, 1, 1, 1, 1, 1, 1, 1, 1, 1, 1, 1, 1, 1, 1, 1, 1, 1, 1, 1, 1, 1, 1, 1, 1, 1, 1, 1, 1, 1, 1, 1, 1, 1, 1, 1, 1, 1, 1, 1, 1, 1, 1, 1, 1, 1, 1, 1, 1, 1, 1, 1, 1, 1, 1, 1, 1, 1, 1, 1, 1, 1, 1, 1, 1, 1, 1, 1, 1, 1, 1, 1, 1, 1, 1, 1, 1, 1, 1, 1, 1, 1, 1, 1, 1, 1, 1, 1, 1, 1, 1, 1, 1, 1, 1, 1, 1, 1, 1, 1, 1, 1, 1, 1, 1, 1, 1, 1, 1, 1, 1, 1, 1, 1, 1, 1, 1, 1, 1, 1, 1, 1, 1, 1, 1, 1, 1, 1, 1, 1, 1, 1, 1, 1, 1, 1, 1, 1, 1, 1, 1, 1, 1, 1, 1, 1, 1, 1, 1, 1, 1, 1, 1, 1, 1, 1, 1, 1, 1, 1, 1, 1, 1, 1, 1, 1, 1, 1, 1, 1, 1, 1, 1, 1, 1, 1, 1, 1, 1, 1, 1, 1, 1, 1, 1, 1, 1, 1, 1, 1, 1, 1, 1, 1, 1, 1, 1, 1, 1, 1, 1, 1, 1, 1, 1, 1, 1, 1, 1, 1, 1, 1, 1, 1, 1, 1, 1, 1, 1, 1, 1, 1, 1, 1, 1, 1, 1, 1, 1, 1, 1, 1, 1, 1, 1, 1, 1, 1, 1, 1, 1, 1, 1, 1, 1, 1, 1, 1, 1, 1, 1, 1, 1, 1, 1, 1, 1, 1, 1, 1, 1, 1, 1, 1, 1, 1, 1, 1, 1, 1, 1, 1, 1, 1, 1, 1, 1, 1, 1, 1, 1, 1, 1, 1, 1, 1, 1, 1, 1, 1, 1, 1, 1, 1, 1, 1, 1, 1, 1]
dp_list[4, 4, 4, 4, 4, 4, 4, 4, 4, 4, 4, 4, 4, 4, 4, 4, 4, 4, 4, 4, 4, 4, 4, 4, 4, 4, 4, 4, 4, 4, 4, 4, 4, 4, 4, 4, 4, 4, 4, 4, 4, 4, 4, 4, 4, 4, 4, 4, 4, 4, 4, 4, 4, 4, 4, 4, 4, 4, 4, 4, 4, 4, 4, 4, 4, 4, 4, 4, 4, 4, 4, 4, 4, 4, 4, 4, 4, 4, 4, 4, 4, 4, 4, 4, 4, 4, 4, 4, 4, 4, 4, 4, 4, 4, 4, 4, 4, 4, 4, 4, 4, 4, 4, 4, 4, 4, 4, 4, 4, 4, 4, 4, 4, 4, 4, 4, 4, 4, 4, 4, 4, 4, 4, 4, 4, 4, 4, 4, 4, 4, 4, 4, 4, 4, 4, 4, 4, 4, 4, 4, 4, 4, 4, 4, 4, 4, 4, 4, 4, 4, 4, 4, 4, 4, 4, 4, 4, 4, 4, 4, 4, 4, 4, 4, 4, 4, 4, 4, 4, 4, 4, 4, 4, 4, 4, 4, 4, 4, 4, 4, 4, 4, 4, 4, 4, 4, 4, 4, 4, 4, 4, 4, 4, 4, 4, 4, 4, 4, 4, 4, 4, 4, 4, 4, 4, 4, 4, 4, 4, 4, 2, 2, 2, 2, 2, 2, 2, 2, 2, 2, 2, 2, 2, 2, 2, 2, 2, 2, 2, 2, 2, 2, 2, 2, 2, 2, 2, 2, 2, 2, 2, 2, 2, 2, 2, 2, 2, 2, 2, 2, 2, 2, 2, 2, 2, 2, 2, 2, 2, 2, 2, 2, 2, 2, 2, 2, 2, 2, 2, 2, 2, 2, 2, 2, 2, 2, 2, 2, 2, 2, 2, 2, 2, 2, 2, 2, 2, 2, 2, 2, 2, 2, 2, 2, 2, 2, 2, 2, 2, 2, 2, 2, 2, 2, 2, 2, 2, 2, 2, 2, 2, 2, 2, 2, 2, 2, 2, 2, 2, 2, 2, 2, 2, 2, 2, 2, 2, 2, 2, 2, 2, 2, 2, 2, 2, 2, 2, 2, 2, 2, 2, 2, 2, 2, 2, 2, 2, 2, 2, 2, 2, 2, 2, 2, 2, 2, 2, 2, 2, 2, 2, 2, 2, 2, 2, 2, 2, 2, 2, 2, 2, 2, 2, 2, 2, 2, 2, 2, 2, 2, 2, 2, 2, 2, 2, 2, 2, 2, 2, 2, 2, 2, 2, 2, 2, 2, 2, 2, 2, 2, 2, 2, 2, 2, 2, 2, 2, 2, 2, 2, 2, 2, 2, 2, 2, 2, 2, 2, 2]
algo_list[0, 0, 0, 0, 0, 0, 0, 0, 0, 0, 0, 0, 0, 0, 0, 0, 0, 0, 0, 0, 0, 0, 0, 0, 0, 0, 0, 0, 0, 0, 0, 0, 0, 0, 0, 0, 0, 0, 0, 0, 0, 0, 0, 0, 0, 0, 0, 0, 0, 0, 0, 0, 0, 0, 0, 0, 0, 0, 0, 0, 0, 0, 0, 0, 0, 0, 0, 0, 0, 0, 0, 0, 0, 0, 0, 0, 0, 0, 0, 0, 0, 0, 0, 0, 0, 0, 0, 0, 0, 0, 0, 0, 0, 0, 0, 0, 0, 0, 0, 0, 0, 0, 0, 0, 0, 0, 0, 0, 0, 0, 0, 0, 0, 0, 0, 0, 0, 0, 0, 0, 0, 0, 0, 0, 0, 0, 0, 0, 0, 0, 0, 0, 0, 0, 0, 0, 0, 0, 0, 0, 0, 0, 0, 0, 0, 0, 0, 0, 0, 0, 0, 0, 0, 0, 0, 0, 0, 0, 0, 0, 0, 0, 0, 0, 0, 0, 0, 0, 0, 0, 0, 0, 0, 0, 0, 0, 0, 0, 0, 0, 0, 0, 0, 0, 0, 0, 0, 0, 0, 0, 0, 0, 0, 0, 0, 0, 0, 0, 0, 0, 0, 0, 0, 0, 0, 0, 0, 0, 0, 0, 0, 0, 0, 0, 0, 0, 0, 0, 0, 0, 0, 0, 0, 0, 0, 0, 0, 0, 0, 0, 0, 0, 0, 0, 0, 0, 0, 0, 0, 0, 0, 0, 0, 0, 0, 0, 0, 0, 0, 0, 0, 0, 0, 0, 0, 0, 0, 0, 0, 0, 0, 0, 0, 0, 0, 0, 0, 0, 0, 0, 0, 0, 0, 0, 0, 0, 0, 0, 0, 0, 0, 0, 0, 0, 0, 0, 0, 0, 0, 0, 0, 0, 0, 0, 0, 0, 0, 0, 0, 0, 0, 0, 0, 0, 0, 0, 0, 0, 0, 0, 0, 0, 0, 0, 0, 0, 0, 0, 0, 0, 0, 0, 0, 0, 0, 0, 0, 0, 0, 0, 0, 0, 0, 0, 0, 0, 0, 0, 0, 0, 0, 0, 0, 0, 0, 0, 0, 0, 0, 0, 0, 0, 0, 0, 0, 0, 0, 0, 0, 0, 0, 0, 0, 0, 0, 0, 0, 0, 0, 0, 0, 0, 0, 0, 0, 0, 0, 0, 0, 0, 0, 0, 0, 0, 0, 0, 0, 0, 0, 0, 0, 0, 0, 0, 0, 0, 0, 0, 0, 0, 0, 0, 0, 0, 0, 0, 0, 0, 0, 0, 0, 0, 0, 0, 0, 0, 0, 0, 0]

decode|37230.16|47941.09| op = [210, 107, 102]| tp = [1, 1, 1, ] | dp = [4, 2, 2, ] | algo = [0, 0, 0, ] | rc = [60, 18, 12] | gpus = [4, 2, 2] | micro_bs = 8 | time = [36422, 36406, 37230] | memory = [47069, 47293, 47941]
验证解
line465:max stage:2, min stage:1, max_value:37230.160894011155, min_value:36406.74407426405
fix|37669.68|47941.09| op = [210, 108, 101]| tp = [1, 1, 1, ] | dp = [4, 2, 2, ] | algo = [0, 0, 0, ] | rc = [60, 23, 10] | gpus = [4, 2, 2] | micro_bs = 8 | time = [36425, 37669, 36451] | memory = [47069, 47805, 47941]
cv:0.015749444997038682
line465:max stage:1, min stage:0, max_value:37669.68447926404, min_value:36425.902027043114
fix|37125.14|47941.09| op = [211, 107, 101]| tp = [1, 1, 1, ] | dp = [4, 2, 2, ] | algo = [0, 0, 0, ] | rc = [60, 23, 10] | gpus = [4, 2, 2] | micro_bs = 8 | time = [36719, 37125, 36449] | memory = [47586, 47425, 47941]
best|37125.14|47941.09| op = [211, 107, 101]| tp = [1, 1, 1, ] | dp = [4, 2, 2, ] | algo = [0, 0, 0, ] | rc = [60, 23, 10] | gpus = [4, 2, 2] | micro_bs = 8 | time = [36719, 37125, 36449] | memory = [47586, 47425, 47941]
line146:config.memory_list:[47586.61699999997, 47425.984000000026, 47941.09400000001]
line147:config.time_list:[36719.92521696644, 37125.13712380282, 36449.70143421628]
求解成功
config has been saved to /home/liminglong.lml/sxz/SuperScaler/logs-large/aceso/configs/gpt/2_6B/gpt_2_6B_3stages_2026-5-15-6-59-57.json

========== Best Result (num_stages = 3) ==========
|37125.14|47941.09| op = [211, 107, 101]| tp = [1, 1, 1, ] | dp = [4, 2, 2, ] | algo = [0, 0, 0, ] | rc = [60, 23, 10] | gpus = [4, 2, 2] | micro_bs = 8 | time = [36719, 37125, 36449] | memory = [47586, 47425, 47941]
start|37723.49|47861.09| op = [210, 105, 104]| tp = [1, 1, 1, ] | dp = [4, 2, 2, ] | algo = [0, 0, 0, ] | rc = [60, 16, 14] | gpus = [4, 2, 2] | micro_bs = 8 | time = [36414, 34894, 37723] | memory = [47069, 46269, 47861]
fix|37752.50|47941.09| op = [210, 106, 103]| tp = [1, 1, 1, ] | dp = [4, 2, 2, ] | algo = [0, 0, 0, ] | rc = [60, 18, 13] | gpus = [4, 2, 2] | micro_bs = 8 | time = [36423, 36040, 37752] | memory = [47069, 47293, 47941]
fix|37230.16|47941.09| op = [210, 107, 102]| tp = [1, 1, 1, ] | dp = [4, 2, 2, ] | algo = [0, 0, 0, ] | rc = [60, 18, 12] | gpus = [4, 2, 2] | micro_bs = 8 | time = [36422, 36406, 37230] | memory = [47069, 47293, 47941]
best|37230.16|47941.09| op = [210, 107, 102]| tp = [1, 1, 1, ] | dp = [4, 2, 2, ] | algo = [0, 0, 0, ] | rc = [60, 18, 12] | gpus = [4, 2, 2] | micro_bs = 8 | time = [36422, 36406, 37230] | memory = [47069, 47293, 47941]
decode|37230.16|47941.09| op = [210, 107, 102]| tp = [1, 1, 1, ] | dp = [4, 2, 2, ] | algo = [0, 0, 0, ] | rc = [60, 18, 12] | gpus = [4, 2, 2] | micro_bs = 8 | time = [36422, 36406, 37230] | memory = [47069, 47293, 47941]
fix|37669.68|47941.09| op = [210, 108, 101]| tp = [1, 1, 1, ] | dp = [4, 2, 2, ] | algo = [0, 0, 0, ] | rc = [60, 23, 10] | gpus = [4, 2, 2] | micro_bs = 8 | time = [36425, 37669, 36451] | memory = [47069, 47805, 47941]
fix|37125.14|47941.09| op = [211, 107, 101]| tp = [1, 1, 1, ] | dp = [4, 2, 2, ] | algo = [0, 0, 0, ] | rc = [60, 23, 10] | gpus = [4, 2, 2] | micro_bs = 8 | time = [36719, 37125, 36449] | memory = [47586, 47425, 47941]
best|37125.14|47941.09| op = [211, 107, 101]| tp = [1, 1, 1, ] | dp = [4, 2, 2, ] | algo = [0, 0, 0, ] | rc = [60, 23, 10] | gpus = [4, 2, 2] | micro_bs = 8 | time = [36719, 37125, 36449] | memory = [47586, 47425, 47941]

num_targets: []
num_hops: []
search time = 0.00 s.  [0] 
num_explored_cases = 0
time trend: [37723]

stage 3 search time: 0.22 s
working on num_stages = 4
start|38006.21|47861.09| op = [105, 105, 105, 104]| tp = [1, 1, 1, 1, ] | dp = [2, 2, 2, 2, ] | algo = [0, 0, 0, 0, ] | rc = [34, 28, 16, 14] | gpus = [2, 2, 2, 2] | micro_bs = 8 | time = [37391, 36332, 35177, 38006] | memory = [47508, 47859, 46269, 47861]
line465:max stage:3, min stage:2, max_value:38006.21299526421, min_value:35177.60079551711
fix|38035.23|47941.09| op = [105, 105, 106, 103]| tp = [1, 1, 1, 1, ] | dp = [2, 2, 2, 2, ] | algo = [0, 0, 0, 0, ] | rc = [34, 28, 18, 13] | gpus = [2, 2, 2, 2] | micro_bs = 8 | time = [37400, 36341, 36323, 38035] | memory = [47508, 47859, 47293, 47941]
cv:0.019668051607265185
line465:max stage:3, min stage:2, max_value:38035.22502505996, min_value:36323.408661312846
fix|37512.88|47941.09| op = [105, 105, 107, 102]| tp = [1, 1, 1, 1, ] | dp = [2, 2, 2, 2, ] | algo = [0, 0, 0, 0, ] | rc = [34, 28, 18, 12] | gpus = [2, 2, 2, 2] | micro_bs = 8 | time = [37399, 36340, 36689, 37512] | memory = [47508, 47859, 47293, 47941]
best|37512.88|47941.09| op = [105, 105, 107, 102]| tp = [1, 1, 1, 1, ] | dp = [2, 2, 2, 2, ] | algo = [0, 0, 0, 0, ] | rc = [34, 28, 18, 12] | gpus = [2, 2, 2, 2] | micro_bs = 8 | time = [37399, 36340, 36689, 37512] | memory = [47508, 47859, 47293, 47941]
line146:config.memory_list:[47508.09200000005, 47859.162000000055, 47293.984000000026, 47941.09400000001]
line147:config.time_list:[37399.51964450374, 36340.25213143884, 36689.46513531286, 37512.881955059966]
------------------------------------------------------------------------------------------------------
cegis_search for the 0th times
开始求解check...
line351:
tp_list[1, 1, 1, 1, 1, 1, 1, 1, 1, 1, 1, 1, 1, 1, 1, 1, 1, 1, 1, 1, 1, 1, 1, 1, 1, 1, 1, 1, 1, 1, 1, 1, 1, 1, 1, 1, 1, 1, 1, 1, 1, 1, 1, 1, 1, 1, 1, 1, 1, 1, 1, 1, 1, 1, 1, 1, 1, 1, 1, 1, 1, 1, 1, 1, 1, 1, 1, 1, 1, 1, 1, 1, 1, 1, 1, 1, 1, 1, 1, 1, 1, 1, 1, 1, 1, 1, 1, 1, 1, 1, 1, 1, 1, 1, 1, 1, 1, 1, 1, 1, 1, 1, 1, 1, 1, 1, 1, 1, 1, 1, 1, 1, 1, 1, 1, 1, 1, 1, 1, 1, 1, 1, 1, 1, 1, 1, 1, 1, 1, 1, 1, 1, 1, 1, 1, 1, 1, 1, 1, 1, 1, 1, 1, 1, 1, 1, 1, 1, 1, 1, 1, 1, 1, 1, 1, 1, 1, 1, 1, 1, 1, 1, 1, 1, 1, 1, 1, 1, 1, 1, 1, 1, 1, 1, 1, 1, 1, 1, 1, 1, 1, 1, 1, 1, 1, 1, 1, 1, 1, 1, 1, 1, 1, 1, 1, 1, 1, 1, 1, 1, 1, 1, 1, 1, 1, 1, 1, 1, 1, 1, 1, 1, 1, 1, 1, 1, 1, 1, 1, 1, 1, 1, 1, 1, 1, 1, 1, 1, 1, 1, 1, 1, 1, 1, 1, 1, 1, 1, 1, 1, 1, 1, 1, 1, 1, 1, 1, 1, 1, 1, 1, 1, 1, 1, 1, 1, 1, 1, 1, 1, 1, 1, 1, 1, 1, 1, 1, 1, 1, 1, 1, 1, 1, 1, 1, 1, 1, 1, 1, 1, 1, 1, 1, 1, 1, 1, 1, 1, 1, 1, 1, 1, 1, 1, 1, 1, 1, 1, 1, 1, 1, 1, 1, 1, 1, 1, 1, 1, 1, 1, 1, 1, 1, 1, 1, 1, 1, 1, 1, 1, 1, 1, 1, 1, 1, 1, 1, 1, 1, 1, 1, 1, 1, 1, 1, 1, 1, 1, 1, 1, 1, 1, 1, 1, 1, 1, 1, 1, 1, 1, 1, 1, 1, 1, 1, 1, 1, 1, 1, 1, 1, 1, 1, 1, 1, 1, 1, 1, 1, 1, 1, 1, 1, 1, 1, 1, 1, 1, 1, 1, 1, 1, 1, 1, 1, 1, 1, 1, 1, 1, 1, 1, 1, 1, 1, 1, 1, 1, 1, 1, 1, 1, 1, 1, 1, 1, 1, 1, 1, 1, 1, 1, 1, 1, 1, 1, 1, 1, 1]
dp_list[2, 2, 2, 2, 2, 2, 2, 2, 2, 2, 2, 2, 2, 2, 2, 2, 2, 2, 2, 2, 2, 2, 2, 2, 2, 2, 2, 2, 2, 2, 2, 2, 2, 2, 2, 2, 2, 2, 2, 2, 2, 2, 2, 2, 2, 2, 2, 2, 2, 2, 2, 2, 2, 2, 2, 2, 2, 2, 2, 2, 2, 2, 2, 2, 2, 2, 2, 2, 2, 2, 2, 2, 2, 2, 2, 2, 2, 2, 2, 2, 2, 2, 2, 2, 2, 2, 2, 2, 2, 2, 2, 2, 2, 2, 2, 2, 2, 2, 2, 2, 2, 2, 2, 2, 2, 2, 2, 2, 2, 2, 2, 2, 2, 2, 2, 2, 2, 2, 2, 2, 2, 2, 2, 2, 2, 2, 2, 2, 2, 2, 2, 2, 2, 2, 2, 2, 2, 2, 2, 2, 2, 2, 2, 2, 2, 2, 2, 2, 2, 2, 2, 2, 2, 2, 2, 2, 2, 2, 2, 2, 2, 2, 2, 2, 2, 2, 2, 2, 2, 2, 2, 2, 2, 2, 2, 2, 2, 2, 2, 2, 2, 2, 2, 2, 2, 2, 2, 2, 2, 2, 2, 2, 2, 2, 2, 2, 2, 2, 2, 2, 2, 2, 2, 2, 2, 2, 2, 2, 2, 2, 2, 2, 2, 2, 2, 2, 2, 2, 2, 2, 2, 2, 2, 2, 2, 2, 2, 2, 2, 2, 2, 2, 2, 2, 2, 2, 2, 2, 2, 2, 2, 2, 2, 2, 2, 2, 2, 2, 2, 2, 2, 2, 2, 2, 2, 2, 2, 2, 2, 2, 2, 2, 2, 2, 2, 2, 2, 2, 2, 2, 2, 2, 2, 2, 2, 2, 2, 2, 2, 2, 2, 2, 2, 2, 2, 2, 2, 2, 2, 2, 2, 2, 2, 2, 2, 2, 2, 2, 2, 2, 2, 2, 2, 2, 2, 2, 2, 2, 2, 2, 2, 2, 2, 2, 2, 2, 2, 2, 2, 2, 2, 2, 2, 2, 2, 2, 2, 2, 2, 2, 2, 2, 2, 2, 2, 2, 2, 2, 2, 2, 2, 2, 2, 2, 2, 2, 2, 2, 2, 2, 2, 2, 2, 2, 2, 2, 2, 2, 2, 2, 2, 2, 2, 2, 2, 2, 2, 2, 2, 2, 2, 2, 2, 2, 2, 2, 2, 2, 2, 2, 2, 2, 2, 2, 2, 2, 2, 2, 2, 2, 2, 2, 2, 2, 2, 2, 2, 2, 2, 2, 2, 2, 2, 2, 2, 2, 2, 2, 2, 2, 2, 2, 2, 2, 2, 2, 2, 2, 2]
algo_list[0, 0, 0, 0, 0, 0, 0, 0, 0, 0, 0, 0, 0, 0, 0, 0, 0, 0, 0, 0, 0, 0, 0, 0, 0, 0, 0, 0, 0, 0, 0, 0, 0, 0, 0, 0, 0, 0, 0, 0, 0, 0, 0, 0, 0, 0, 0, 0, 0, 0, 0, 0, 0, 0, 0, 0, 0, 0, 0, 0, 0, 0, 0, 0, 0, 0, 0, 0, 0, 0, 0, 0, 0, 0, 0, 0, 0, 0, 0, 0, 0, 0, 0, 0, 0, 0, 0, 0, 0, 0, 0, 0, 0, 0, 0, 0, 0, 0, 0, 0, 0, 0, 0, 0, 0, 0, 0, 0, 0, 0, 0, 0, 0, 0, 0, 0, 0, 0, 0, 0, 0, 0, 0, 0, 0, 0, 0, 0, 0, 0, 0, 0, 0, 0, 0, 0, 0, 0, 0, 0, 0, 0, 0, 0, 0, 0, 0, 0, 0, 0, 0, 0, 0, 0, 0, 0, 0, 0, 0, 0, 0, 0, 0, 0, 0, 0, 0, 0, 0, 0, 0, 0, 0, 0, 0, 0, 0, 0, 0, 0, 0, 0, 0, 0, 0, 0, 0, 0, 0, 0, 0, 0, 0, 0, 0, 0, 0, 0, 0, 0, 0, 0, 0, 0, 0, 0, 0, 0, 0, 0, 0, 0, 0, 0, 0, 0, 0, 0, 0, 0, 0, 0, 0, 0, 0, 0, 0, 0, 0, 0, 0, 0, 0, 0, 0, 0, 0, 0, 0, 0, 0, 0, 0, 0, 0, 0, 0, 0, 0, 0, 0, 0, 0, 0, 0, 0, 0, 0, 0, 0, 0, 0, 0, 0, 0, 0, 0, 0, 0, 0, 0, 0, 0, 0, 0, 0, 0, 0, 0, 0, 0, 0, 0, 0, 0, 0, 0, 0, 0, 0, 0, 0, 0, 0, 0, 0, 0, 0, 0, 0, 0, 0, 0, 0, 0, 0, 0, 0, 0, 0, 0, 0, 0, 0, 0, 0, 0, 0, 0, 0, 0, 0, 0, 0, 0, 0, 0, 0, 0, 0, 0, 0, 0, 0, 0, 0, 0, 0, 0, 0, 0, 0, 0, 0, 0, 0, 0, 0, 0, 0, 0, 0, 0, 0, 0, 0, 0, 0, 0, 0, 0, 0, 0, 0, 0, 0, 0, 0, 0, 0, 0, 0, 0, 0, 0, 0, 0, 0, 0, 0, 0, 0, 0, 0, 0, 0, 0, 0, 0, 0, 0, 0, 0, 0, 0, 0, 0, 0, 0, 0, 0, 0, 0, 0, 0, 0, 0, 0, 0, 0, 0, 0, 0, 0, 0, 0, 0, 0, 0]

decode|37512.88|47941.09| op = [105, 105, 107, 102]| tp = [1, 1, 1, 1, ] | dp = [2, 2, 2, 2, ] | algo = [0, 0, 0, 0, ] | rc = [34, 28, 18, 12] | gpus = [2, 2, 2, 2] | micro_bs = 8 | time = [37399, 36340, 36689, 37512] | memory = [47508, 47859, 47293, 47941]
验证解
line465:max stage:3, min stage:1, max_value:37512.881955059966, min_value:36340.25213143884
fix|37408.27|47941.09| op = [105, 106, 107, 101]| tp = [1, 1, 1, 1, ] | dp = [2, 2, 2, 2, ] | algo = [0, 0, 0, 0, ] | rc = [34, 26, 23, 10] | gpus = [2, 2, 2, 2] | micro_bs = 8 | time = [37401, 36690, 37408, 36732] | memory = [47508, 46407, 47425, 47941]
best|37408.27|47941.09| op = [105, 106, 107, 101]| tp = [1, 1, 1, 1, ] | dp = [2, 2, 2, 2, ] | algo = [0, 0, 0, 0, ] | rc = [34, 26, 23, 10] | gpus = [2, 2, 2, 2] | micro_bs = 8 | time = [37401, 36690, 37408, 36732] | memory = [47508, 46407, 47425, 47941]
line146:config.memory_list:[47508.09200000005, 46407.162000000055, 47425.984000000026, 47941.09400000001]
line147:config.time_list:[37401.743562028685, 36690.606323297434, 37408.26893317144, 36732.8332435849]
求解成功
config has been saved to /home/liminglong.lml/sxz/SuperScaler/logs-large/aceso/configs/gpt/2_6B/gpt_2_6B_4stages_2026-5-15-6-59-57.json

========== Best Result (num_stages = 4) ==========
|37408.27|47941.09| op = [105, 106, 107, 101]| tp = [1, 1, 1, 1, ] | dp = [2, 2, 2, 2, ] | algo = [0, 0, 0, 0, ] | rc = [34, 26, 23, 10] | gpus = [2, 2, 2, 2] | micro_bs = 8 | time = [37401, 36690, 37408, 36732] | memory = [47508, 46407, 47425, 47941]
start|38006.21|47861.09| op = [105, 105, 105, 104]| tp = [1, 1, 1, 1, ] | dp = [2, 2, 2, 2, ] | algo = [0, 0, 0, 0, ] | rc = [34, 28, 16, 14] | gpus = [2, 2, 2, 2] | micro_bs = 8 | time = [37391, 36332, 35177, 38006] | memory = [47508, 47859, 46269, 47861]
fix|38035.23|47941.09| op = [105, 105, 106, 103]| tp = [1, 1, 1, 1, ] | dp = [2, 2, 2, 2, ] | algo = [0, 0, 0, 0, ] | rc = [34, 28, 18, 13] | gpus = [2, 2, 2, 2] | micro_bs = 8 | time = [37400, 36341, 36323, 38035] | memory = [47508, 47859, 47293, 47941]
fix|37512.88|47941.09| op = [105, 105, 107, 102]| tp = [1, 1, 1, 1, ] | dp = [2, 2, 2, 2, ] | algo = [0, 0, 0, 0, ] | rc = [34, 28, 18, 12] | gpus = [2, 2, 2, 2] | micro_bs = 8 | time = [37399, 36340, 36689, 37512] | memory = [47508, 47859, 47293, 47941]
best|37512.88|47941.09| op = [105, 105, 107, 102]| tp = [1, 1, 1, 1, ] | dp = [2, 2, 2, 2, ] | algo = [0, 0, 0, 0, ] | rc = [34, 28, 18, 12] | gpus = [2, 2, 2, 2] | micro_bs = 8 | time = [37399, 36340, 36689, 37512] | memory = [47508, 47859, 47293, 47941]
decode|37512.88|47941.09| op = [105, 105, 107, 102]| tp = [1, 1, 1, 1, ] | dp = [2, 2, 2, 2, ] | algo = [0, 0, 0, 0, ] | rc = [34, 28, 18, 12] | gpus = [2, 2, 2, 2] | micro_bs = 8 | time = [37399, 36340, 36689, 37512] | memory = [47508, 47859, 47293, 47941]
fix|37408.27|47941.09| op = [105, 106, 107, 101]| tp = [1, 1, 1, 1, ] | dp = [2, 2, 2, 2, ] | algo = [0, 0, 0, 0, ] | rc = [34, 26, 23, 10] | gpus = [2, 2, 2, 2] | micro_bs = 8 | time = [37401, 36690, 37408, 36732] | memory = [47508, 46407, 47425, 47941]
best|37408.27|47941.09| op = [105, 106, 107, 101]| tp = [1, 1, 1, 1, ] | dp = [2, 2, 2, 2, ] | algo = [0, 0, 0, 0, ] | rc = [34, 26, 23, 10] | gpus = [2, 2, 2, 2] | micro_bs = 8 | time = [37401, 36690, 37408, 36732] | memory = [47508, 46407, 47425, 47941]

num_targets: []
num_hops: []
search time = 0.00 s.  [0] 
num_explored_cases = 0
time trend: [38006]

stage 4 search time: 0.59 s
working on num_stages = 5
start|42315.33|47877.20| op = [105, 105, 105, 52, 52]| tp = [1, 1, 1, 1, 1, ] | dp = [2, 2, 2, 1, 1, ] | algo = [0, 0, 0, 0, 0, ] | rc = [40, 30, 26, 10, 8] | gpus = [2, 2, 2, 1, 1] | micro_bs = 8 | time = [38568, 36974, 36974, 35156, 42315] | memory = [47633, 46788, 46406, 46786, 47877]
line465:max stage:4, min stage:3, max_value:42315.32583064958, min_value:35156.33198081895
fix|42936.46|47717.20| op = [105, 105, 105, 53, 51]| tp = [1, 1, 1, 1, 1, ] | dp = [2, 2, 2, 1, 1, ] | algo = [0, 0, 0, 0, 0, ] | rc = [40, 30, 26, 12, 9] | gpus = [2, 2, 2, 1, 1] | micro_bs = 8 | time = [38591, 36996, 36996, 37451, 42936] | memory = [47633, 46788, 46406, 46786, 47717]
cv:0.05824352201420485
line465:max stage:4, min stage:1, max_value:42936.46125759492, min_value:36996.726183018895
fix|41909.68|47717.20| op = [105, 106, 105, 53, 50]| tp = [1, 1, 1, 1, 1, ] | dp = [2, 2, 2, 1, 1, ] | algo = [0, 0, 0, 0, 0, ] | rc = [40, 30, 28, 13, 8] | gpus = [2, 2, 2, 1, 1] | micro_bs = 8 | time = [38602, 37624, 37602, 38794, 41909] | memory = [47633, 47568, 45986, 46466, 47717]
cv:0.040587191218417154
line465:max stage:4, min stage:2, max_value:41909.6813604822, min_value:37602.661963113824
fix|40355.68|47717.20| op = [105, 106, 106, 53, 49]| tp = [1, 1, 1, 1, 1, ] | dp = [2, 2, 2, 1, 1, ] | algo = [0, 0, 0, 0, 0, ] | rc = [40, 30, 28, 17, 6] | gpus = [2, 2, 2, 1, 1] | micro_bs = 8 | time = [38605, 37626, 37972, 40276, 40355] | memory = [47633, 47568, 45986, 47490, 47717]
cv:0.02939677187067366
line465:max stage:4, min stage:1, max_value:40355.6818534822, min_value:37626.55062723981
fix|39503.05|47633.12| op = [105, 107, 106, 53, 48]| tp = [1, 1, 1, 1, 1, ] | dp = [2, 2, 2, 1, 1, ] | algo = [0, 0, 0, 0, 0, ] | rc = [40, 32, 34, 12, 0] | gpus = [2, 2, 2, 1, 1] | micro_bs = 8 | time = [38575, 38733, 39503, 37360, 36714] | memory = [47633, 47568, 46514, 46626, 45909]
cv:0.026277679195568008
line465:max stage:2, min stage:4, max_value:39503.0463102989, min_value:36714.25836106803
fix|40369.11|47858.98| op = [105, 107, 105, 53, 49]| tp = [1, 1, 1, 1, 1, ] | dp = [2, 2, 2, 1, 1, ] | algo = [0, 0, 0, 0, 0, ] | rc = [40, 32, 31, 17, 6] | gpus = [2, 2, 2, 1, 1] | micro_bs = 8 | time = [38618, 38776, 38554, 40290, 40369] | memory = [47633, 47568, 47858, 47490, 47717]
cv:0.021015269011655888
line465:max stage:4, min stage:2, max_value:40369.11360645578, min_value:38554.78753290956
fix|90531.11|51344.25| op = [105, 107, 106, 53, 48]| tp = [1, 1, 1, 1, 2, ] | dp = [2, 2, 1, 1, 1, ] | algo = [0, 0, 0, 0, 0, ] | rc = [40, 32, 106, 12, 0] | gpus = [2, 2, 1, 1, 2] | micro_bs = 8 | time = [39019, 39177, 90531, 37805, 42979] | memory = [47633, 47568, 51344, 46626, 24155]
line465:max stage:2, min stage:4, max_value:51344.25, min_value:24155.203
fix|84618.39|47790.00| op = [105, 107, 105, 53, 49]| tp = [1, 1, 2, 1, 1, ] | dp = [2, 2, 1, 1, 1, ] | algo = [0, 0, 0, 0, 0, ] | rc = [40, 32, 29, 17, 6] | gpus = [2, 2, 2, 1, 1] | micro_bs = 8 | time = [38978, 39136, 84618, 40650, 40728] | memory = [47633, 47568, 47790, 47490, 47717]
cv:0.3668985770911103
line465:max stage:2, min stage:0, max_value:84618.39016844233, min_value:38978.565528534746
fix|84095.53|47833.43| op = [106, 107, 104, 53, 49]| tp = [1, 1, 2, 1, 1, ] | dp = [2, 2, 1, 1, 1, ] | algo = [0, 0, 0, 0, 0, ] | rc = [40, 32, 28, 17, 6] | gpus = [2, 2, 2, 1, 1] | micro_bs = 8 | time = [39044, 39478, 84095, 40649, 40728] | memory = [47833, 47567, 47790, 47490, 47717]
cv:0.36189485563416735
line465:max stage:2, min stage:0, max_value:84095.52637832765, min_value:39044.90718213826
fix|83335.23|47933.43| op = [107, 107, 103, 53, 49]| tp = [1, 1, 2, 1, 1, ] | dp = [2, 2, 1, 1, 1, ] | algo = [0, 0, 0, 0, 0, ] | rc = [42, 49, 26, 17, 6] | gpus = [2, 2, 2, 1, 1] | micro_bs = 8 | time = [39962, 41890, 83335, 40668, 40747] | memory = [47933, 47747, 47790, 47490, 47717]
cv:0.3450530579928431
line465:max stage:2, min stage:0, max_value:83335.22622285258, min_value:39962.02598099685
fix|82166.62|47773.43| op = [108, 107, 102, 53, 49]| tp = [1, 1, 2, 1, 1, ] | dp = [2, 2, 1, 1, 1, ] | algo = [0, 0, 0, 0, 0, ] | rc = [54, 35, 24, 17, 6] | gpus = [2, 2, 2, 1, 1] | micro_bs = 8 | time = [42892, 39860, 82166, 40666, 40745] | memory = [47773, 46947, 47670, 47490, 47717]
cv:0.3345248844795887
line465:max stage:2, min stage:1, max_value:82166.61982102896, min_value:39860.19931693118
fix|80569.50|47773.43| op = [108, 108, 101, 53, 49]| tp = [1, 1, 2, 1, 1, ] | dp = [2, 2, 1, 1, 1, ] | algo = [0, 0, 0, 0, 0, ] | rc = [54, 35, 24, 17, 6] | gpus = [2, 2, 2, 1, 1] | micro_bs = 8 | time = [42880, 40014, 80569, 40655, 40734] | memory = [47773, 47207, 47500, 47490, 47717]
cv:0.32322772852898773
line465:max stage:2, min stage:1, max_value:80569.50312848848, min_value:40014.553858810956
fix|80442.36|47773.43| op = [108, 109, 100, 53, 49]| tp = [1, 1, 2, 1, 1, ] | dp = [2, 2, 1, 1, 1, ] | algo = [0, 0, 0, 0, 0, ] | rc = [54, 35, 24, 17, 6] | gpus = [2, 2, 2, 1, 1] | micro_bs = 8 | time = [42880, 40039, 80442, 40654, 40733] | memory = [47773, 47447, 46900, 47490, 47717]
cv:0.32227696002734674
line465:max stage:2, min stage:1, max_value:80442.35838846279, min_value:40039.18872027327
fix|80392.56|47773.43| op = [108, 110, 99, 53, 49]| tp = [1, 1, 2, 1, 1, ] | dp = [2, 2, 1, 1, 1, ] | algo = [0, 0, 0, 0, 0, ] | rc = [54, 35, 24, 17, 6] | gpus = [2, 2, 2, 1, 1] | micro_bs = 8 | time = [42880, 40107, 80392, 40654, 40733] | memory = [47773, 47608, 46899, 47490, 47717]
cv:0.32168766053930126
line465:max stage:2, min stage:1, max_value:80392.56170300156, min_value:40107.5449201966
fix|78382.89|47773.43| op = [108, 111, 98, 53, 49]| tp = [1, 1, 2, 1, 1, ] | dp = [2, 2, 1, 1, 1, ] | algo = [0, 0, 0, 0, 0, ] | rc = [54, 39, 24, 17, 6] | gpus = [2, 2, 2, 1, 1] | micro_bs = 8 | time = [42874, 41376, 78382, 40649, 40728] | memory = [47773, 47368, 46459, 47490, 47717]
cv:0.3035070703303967
line465:max stage:2, min stage:3, max_value:78382.89025994745, min_value:40649.23986147362
fix|78020.25|47773.43| op = [108, 111, 97, 54, 49]| tp = [1, 1, 2, 1, 1, ] | dp = [2, 2, 1, 1, 1, ] | algo = [0, 0, 0, 0, 0, ] | rc = [54, 39, 24, 18, 6] | gpus = [2, 2, 2, 1, 1] | micro_bs = 8 | time = [42879, 41381, 78020, 41693, 40733] | memory = [47773, 47368, 46459, 47490, 47717]
cv:0.29741352484497624
line465:max stage:2, min stage:4, max_value:78020.25059694746, min_value:40733.50144311002
fix|76866.59|47773.43| op = [108, 111, 96, 54, 50]| tp = [1, 1, 2, 1, 1, ] | dp = [2, 2, 1, 1, 1, ] | algo = [0, 0, 0, 0, 0, ] | rc = [54, 39, 22, 12, 8] | gpus = [2, 2, 2, 1, 1] | micro_bs = 8 | time = [42858, 41360, 76866, 38554, 42268] | memory = [47773, 47368, 46459, 46786, 47717]
cv:0.2959534503194546
line465:max stage:2, min stage:3, max_value:76866.59446120737, min_value:38554.428530936144
fix|79530.99|47773.43| op = [108, 111, 95, 55, 50]| tp = [1, 1, 2, 1, 1, ] | dp = [2, 2, 1, 1, 1, ] | algo = [0, 0, 0, 0, 0, ] | rc = [54, 39, 26, 12, 8] | gpus = [2, 2, 2, 1, 1] | micro_bs = 8 | time = [42887, 41389, 79530, 39652, 42297] | memory = [47773, 47368, 47581, 47246, 47717]
cv:0.3098346860448379
line465:max stage:2, min stage:3, max_value:79530.99080656678, min_value:39652.32418460938
fix|77750.53|47821.28| op = [108, 111, 94, 56, 50]| tp = [1, 1, 2, 1, 1, ] | dp = [2, 2, 1, 1, 1, ] | algo = [0, 0, 0, 0, 0, ] | rc = [54, 39, 24, 12, 8] | gpus = [2, 2, 2, 1, 1] | micro_bs = 8 | time = [42874, 41376, 77750, 39688, 42284] | memory = [47773, 47368, 47821, 47246, 47717]
cv:0.2975287233685021
line465:max stage:2, min stage:3, max_value:77750.53068870818, min_value:39688.277502750796
fix|76042.86|47941.28| op = [108, 111, 93, 57, 50]| tp = [1, 1, 2, 1, 1, ] | dp = [2, 2, 1, 1, 1, ] | algo = [0, 0, 0, 0, 0, ] | rc = [54, 39, 22, 12, 8] | gpus = [2, 2, 2, 1, 1] | micro_bs = 8 | time = [42861, 41363, 76042, 39802, 42271] | memory = [47773, 47368, 47941, 47646, 47717]
cv:0.2852522679882965
line465:max stage:2, min stage:3, max_value:76042.86228470624, min_value:39802.101137748825
fix|72446.24|47981.28| op = [108, 111, 92, 58, 50]| tp = [1, 1, 2, 1, 1, ] | dp = [2, 2, 1, 1, 1, ] | algo = [0, 0, 0, 0, 0, ] | rc = [54, 39, 20, 16, 8] | gpus = [2, 2, 2, 1, 1] | micro_bs = 8 | time = [42853, 41355, 72446, 42262, 42263] | memory = [47773, 47368, 47981, 47406, 47717]
cv:0.25115256401859887
line465:max stage:2, min stage:1, max_value:72446.24080883974, min_value:41355.124582913224
fix|72355.86|47773.43| op = [108, 112, 91, 58, 50]| tp = [1, 1, 2, 1, 1, ] | dp = [2, 2, 1, 1, 1, ] | algo = [0, 0, 0, 0, 0, ] | rc = [54, 41, 20, 16, 8] | gpus = [2, 2, 2, 1, 1] | micro_bs = 8 | time = [42855, 41731, 72355, 42264, 42265] | memory = [47773, 47368, 47501, 47406, 47717]
cv:0.2492186681800924
line465:max stage:2, min stage:1, max_value:72355.86415589202, min_value:41731.65458202429
fix|70297.41|47928.22| op = [108, 113, 90, 58, 50]| tp = [1, 1, 2, 1, 1, ] | dp = [2, 2, 1, 1, 1, ] | algo = [0, 0, 0, 0, 0, ] | rc = [54, 41, 20, 16, 8] | gpus = [2, 2, 2, 1, 1] | micro_bs = 8 | time = [42843, 42299, 70297, 42253, 42253] | memory = [47773, 47928, 46821, 47406, 47717]
cv:0.2324726063449035
line465:max stage:2, min stage:3, max_value:70297.40899038075, min_value:42253.08359501911
fix|70208.78|47928.22| op = [108, 113, 89, 59, 50]| tp = [1, 1, 2, 1, 1, ] | dp = [2, 2, 1, 1, 1, ] | algo = [0, 0, 0, 0, 0, ] | rc = [54, 41, 20, 18, 8] | gpus = [2, 2, 2, 1, 1] | micro_bs = 8 | time = [42847, 42303, 70208, 42851, 42257] | memory = [47773, 47928, 46341, 47406, 47717]
cv:0.22997617501142378
line465:max stage:2, min stage:4, max_value:70208.78061429416, min_value:42257.676803279595
fix|68359.97|47966.25| op = [108, 113, 88, 59, 51]| tp = [1, 1, 2, 1, 1, ] | dp = [2, 2, 1, 1, 1, ] | algo = [0, 0, 0, 0, 0, ] | rc = [54, 41, 22, 18, 9] | gpus = [2, 2, 2, 1, 1] | micro_bs = 8 | time = [42845, 42300, 68359, 43382, 43294] | memory = [47773, 47928, 47773, 47966, 47717]
cv:0.21169228455504796
line465:max stage:2, min stage:1, max_value:68359.97278310782, min_value:42300.9088957238
fix|67956.67|47966.25| op = [108, 114, 87, 59, 51]| tp = [1, 1, 2, 1, 1, ] | dp = [2, 2, 1, 1, 1, ] | algo = [0, 0, 0, 0, 0, ] | rc = [54, 43, 20, 18, 9] | gpus = [2, 2, 2, 1, 1] | micro_bs = 8 | time = [42844, 42606, 67956, 43381, 43293] | memory = [47773, 47528, 47653, 47966, 47717]
cv:0.20772151483778592
line465:max stage:2, min stage:1, max_value:67956.66882908213, min_value:42606.92914818609
fix|67906.84|47966.25| op = [108, 115, 86, 59, 51]| tp = [1, 1, 2, 1, 1, ] | dp = [2, 2, 1, 1, 1, ] | algo = [0, 0, 0, 0, 0, ] | rc = [54, 43, 20, 18, 9] | gpus = [2, 2, 2, 1, 1] | micro_bs = 8 | time = [42844, 42674, 67906, 43381, 43293] | memory = [47773, 47688, 47652, 47966, 47717]
cv:0.20713876379992918
line465:max stage:2, min stage:1, max_value:67906.8352846209, min_value:42674.28633710942
fix|65669.21|47966.25| op = [108, 116, 85, 59, 51]| tp = [1, 1, 2, 1, 1, ] | dp = [2, 2, 1, 1, 1, ] | algo = [0, 0, 0, 0, 0, ] | rc = [54, 45, 18, 18, 9] | gpus = [2, 2, 2, 1, 1] | micro_bs = 8 | time = [42834, 43561, 65669, 43371, 43283] | memory = [47773, 47828, 47742, 47966, 47717]
cv:0.18779158203161972
line465:max stage:2, min stage:0, max_value:65669.20673009417, min_value:42834.493698750935
fix|65976.18|47966.25| op = [109, 116, 84, 59, 51]| tp = [1, 1, 2, 1, 1, ] | dp = [2, 2, 1, 1, 1, ] | algo = [0, 0, 0, 0, 0, ] | rc = [44, 58, 19, 18, 9] | gpus = [2, 2, 2, 1, 1] | micro_bs = 8 | time = [41415, 45863, 65976, 43380, 43292] | memory = [47933, 47644, 47502, 47966, 47717]
cv:0.18975942110089755
line465:max stage:2, min stage:0, max_value:65976.18210144549, min_value:41415.40883570542
fix|65463.84|47966.25| op = [110, 116, 83, 59, 51]| tp = [1, 1, 2, 1, 1, ] | dp = [2, 2, 1, 1, 1, ] | algo = [0, 0, 0, 0, 0, ] | rc = [76, 44, 18, 18, 9] | gpus = [2, 2, 2, 1, 1] | micro_bs = 8 | time = [45263, 43780, 65463, 43389, 43301] | memory = [47770, 47828, 47502, 47966, 47717]
cv:0.1791202865243808
line465:max stage:2, min stage:4, max_value:65463.837556445505, min_value:43301.82057334254
fix|65317.63|47966.50| op = [110, 116, 82, 59, 52]| tp = [1, 1, 2, 1, 1, ] | dp = [2, 2, 1, 1, 1, ] | algo = [0, 0, 0, 0, 0, ] | rc = [76, 44, 18, 16, 8] | gpus = [2, 2, 2, 1, 1] | micro_bs = 8 | time = [45240, 43757, 65317, 41146, 42680] | memory = [47770, 47828, 47262, 47966, 47877]
cv:0.18781563507913926
line465:max stage:2, min stage:3, max_value:65317.63287183583, min_value:41146.28670712517
fix|65256.61|47877.20| op = [110, 116, 81, 60, 52]| tp = [1, 1, 2, 1, 1, ] | dp = [2, 2, 1, 1, 1, ] | algo = [0, 0, 0, 0, 0, ] | rc = [76, 44, 18, 12, 8] | gpus = [2, 2, 2, 1, 1] | micro_bs = 8 | time = [45232, 43749, 65256, 40203, 42672] | memory = [47770, 47828, 46902, 46190, 47877]
cv:0.19118480759512174
line465:max stage:2, min stage:3, max_value:65256.60893783385, min_value:40203.78612612318
fix|63654.02|47877.20| op = [110, 116, 80, 61, 52]| tp = [1, 1, 2, 1, 1, ] | dp = [2, 2, 1, 1, 1, ] | algo = [0, 0, 0, 0, 0, ] | rc = [76, 44, 18, 12, 8] | gpus = [2, 2, 2, 1, 1] | micro_bs = 8 | time = [45223, 43739, 63654, 40521, 42662] | memory = [47770, 47828, 46612, 46450, 47877]
cv:0.1778634302420553
line465:max stage:2, min stage:3, max_value:63654.0222337218, min_value:40521.74336671833
fix|64322.70|47877.20| op = [110, 116, 79, 62, 52]| tp = [1, 1, 2, 1, 1, ] | dp = [2, 2, 1, 1, 1, ] | algo = [0, 0, 0, 0, 0, ] | rc = [76, 44, 21, 14, 8] | gpus = [2, 2, 2, 1, 1] | micro_bs = 8 | time = [45246, 43763, 64322, 42908, 42686] | memory = [47770, 47828, 47260, 46610, 47877]
cv:0.17405659047044314
line465:max stage:2, min stage:4, max_value:64322.70059907508, min_value:42686.07364248437
fix|63083.58|47937.20| op = [110, 116, 78, 62, 53]| tp = [1, 1, 2, 1, 1, ] | dp = [2, 2, 1, 1, 1, ] | algo = [0, 0, 0, 0, 0, ] | rc = [76, 44, 16, 22, 10] | gpus = [2, 2, 2, 1, 1] | micro_bs = 8 | time = [45264, 43781, 63083, 44862, 44324] | memory = [47770, 47828, 46492, 47366, 47937]
cv:0.15388383050202398
line465:max stage:2, min stage:1, max_value:63083.58365921551, min_value:43781.418099272836
fix|62330.16|47937.20| op = [110, 117, 77, 62, 53]| tp = [1, 1, 2, 1, 1, ] | dp = [2, 2, 1, 1, 1, ] | algo = [0, 0, 0, 0, 0, ] | rc = [76, 80, 14, 22, 10] | gpus = [2, 2, 2, 1, 1] | micro_bs = 8 | time = [45291, 47970, 62330, 44888, 44351] | memory = [47770, 46682, 46492, 47366, 47937]
cv:0.1388133854146419
line465:max stage:2, min stage:4, max_value:62330.15792921551, min_value:44351.57529104197
fix|61962.60|47937.33| op = [110, 117, 76, 62, 54]| tp = [1, 1, 2, 1, 1, ] | dp = [2, 2, 1, 1, 1, ] | algo = [0, 0, 0, 0, 0, ] | rc = [76, 80, 14, 21, 10] | gpus = [2, 2, 2, 1, 1] | micro_bs = 8 | time = [45291, 47971, 61962, 45253, 44401] | memory = [47770, 46682, 46492, 47846, 47937]
cv:0.13482835353457592
line465:max stage:2, min stage:4, max_value:61962.59597869057, min_value:44401.410618183385
fix|60821.44|47926.25| op = [110, 117, 75, 62, 55]| tp = [1, 1, 2, 1, 1, ] | dp = [2, 2, 1, 1, 1, ] | algo = [0, 0, 0, 0, 0, ] | rc = [76, 80, 12, 20, 12] | gpus = [2, 2, 2, 1, 1] | micro_bs = 8 | time = [45283, 47962, 60821, 44592, 45070] | memory = [47770, 46682, 46492, 47926, 47817]
cv:0.12618549519570824
line465:max stage:2, min stage:3, max_value:60821.44223414424, min_value:44592.743890007536
fix|58805.11|47817.33| op = [110, 117, 74, 63, 55]| tp = [1, 1, 2, 1, 1, ] | dp = [2, 2, 1, 1, 1, ] | algo = [0, 0, 0, 0, 0, ] | rc = [76, 80, 12, 16, 12] | gpus = [2, 2, 2, 1, 1] | micro_bs = 8 | time = [45267, 47946, 58805, 44584, 45055] | memory = [47770, 46682, 45982, 46210, 47817]
cv:0.11103813846077652
line465:max stage:2, min stage:3, max_value:58805.11144750367, min_value:44584.62649668078
fix|58383.40|47817.33| op = [110, 117, 73, 64, 55]| tp = [1, 1, 2, 1, 1, ] | dp = [2, 2, 1, 1, 1, ] | algo = [0, 0, 0, 0, 0, ] | rc = [76, 80, 10, 16, 12] | gpus = [2, 2, 2, 1, 1] | micro_bs = 8 | time = [45264, 47943, 58383, 44631, 45052] | memory = [47770, 46682, 47790, 46210, 47817]
cv:0.10768631251772601
line465:max stage:2, min stage:3, max_value:58383.398337645085, min_value:44631.19502582219
fix|58332.54|47817.33| op = [110, 117, 72, 65, 55]| tp = [1, 1, 2, 1, 1, ] | dp = [2, 2, 1, 1, 1, ] | algo = [0, 0, 0, 0, 0, ] | rc = [76, 80, 10, 16, 12] | gpus = [2, 2, 2, 1, 1] | micro_bs = 8 | time = [45265, 47944, 58332, 44757, 45052] | memory = [47770, 46682, 47430, 46610, 47817]
cv:0.1068757741496685
line465:max stage:2, min stage:3, max_value:58332.54222164311, min_value:44757.962506820215
fix|56384.04|47817.33| op = [110, 117, 71, 66, 55]| tp = [1, 1, 2, 1, 1, ] | dp = [2, 2, 1, 1, 1, ] | algo = [0, 0, 0, 0, 0, ] | rc = [76, 80, 10, 16, 12] | gpus = [2, 2, 2, 1, 1] | micro_bs = 8 | time = [45260, 47939, 56384, 46118, 45048] | memory = [47770, 46682, 46990, 47650, 47817]
cv:0.08808306231314383
line465:max stage:2, min stage:4, max_value:56384.0396237766, min_value:45048.34266957392
fix|56304.56|47817.08| op = [110, 117, 70, 66, 56]| tp = [1, 1, 2, 1, 1, ] | dp = [2, 2, 1, 1, 1, ] | algo = [0, 0, 0, 0, 0, ] | rc = [76, 80, 10, 16, 23] | gpus = [2, 2, 2, 1, 1] | micro_bs = 8 | time = [45273, 47953, 56304, 45205, 47743] | memory = [47770, 46682, 46510, 47730, 47817]
cv:0.08403426233818653
line465:max stage:2, min stage:3, max_value:56304.56160472395, min_value:45205.94612447242
fix|54194.28|47817.08| op = [110, 117, 69, 67, 56]| tp = [1, 1, 2, 1, 1, ] | dp = [2, 2, 1, 1, 1, ] | algo = [0, 0, 0, 0, 0, ] | rc = [76, 80, 10, 18, 23] | gpus = [2, 2, 2, 1, 1] | micro_bs = 8 | time = [45270, 47949, 54194, 46880, 47740] | memory = [47770, 46682, 45830, 47650, 47817]
cv:0.06287359955890025
line465:max stage:2, min stage:0, max_value:54194.2820625376, min_value:45270.26784579752
fix|53247.31|47817.08| op = [111, 117, 68, 67, 56]| tp = [1, 1, 2, 1, 1, ] | dp = [2, 2, 1, 1, 1, ] | algo = [0, 0, 0, 0, 0, ] | rc = [48, 36, 10, 18, 23] | gpus = [2, 2, 2, 1, 1] | micro_bs = 8 | time = [42241, 42022, 53247, 46804, 47664] | memory = [47333, 46932, 42638, 47650, 47817]
cv:0.08891856525756804
line465:max stage:2, min stage:1, max_value:53247.311297241875, min_value:42022.93480528178
fix|51650.19|47817.08| op = [111, 118, 67, 67, 56]| tp = [1, 1, 2, 1, 1, ] | dp = [2, 2, 1, 1, 1, ] | algo = [0, 0, 0, 0, 0, ] | rc = [48, 36, 10, 18, 23] | gpus = [2, 2, 2, 1, 1] | micro_bs = 8 | time = [42230, 42177, 51650, 46793, 47653] | memory = [47333, 47192, 42468, 47650, 47817]
cv:0.07764124909735932
line465:max stage:2, min stage:1, max_value:51650.19460470139, min_value:42177.28934716155
fix|51523.05|47817.08| op = [111, 119, 66, 67, 56]| tp = [1, 1, 2, 1, 1, ] | dp = [2, 2, 1, 1, 1, ] | algo = [0, 0, 0, 0, 0, ] | rc = [48, 36, 10, 18, 23] | gpus = [2, 2, 2, 1, 1] | micro_bs = 8 | time = [42229, 42201, 51523, 46792, 47652] | memory = [47333, 47432, 41868, 47650, 47817]
cv:0.07670818526854835
line465:max stage:2, min stage:1, max_value:51523.049864675704, min_value:42201.92420862387
fix|51473.25|47817.08| op = [111, 120, 65, 67, 56]| tp = [1, 1, 2, 1, 1, ] | dp = [2, 2, 1, 1, 1, ] | algo = [0, 0, 0, 0, 0, ] | rc = [48, 36, 10, 18, 23] | gpus = [2, 2, 2, 1, 1] | micro_bs = 8 | time = [42229, 42270, 51473, 46792, 47652] | memory = [47333, 47592, 41867, 47650, 47817]
cv:0.07604485031191839
line465:max stage:2, min stage:0, max_value:51473.25317921449, min_value:42229.86127161209
fix|49461.36|47817.08| op = [112, 120, 64, 67, 56]| tp = [1, 1, 2, 1, 1, ] | dp = [2, 2, 1, 1, 1, ] | algo = [0, 0, 0, 0, 0, ] | rc = [48, 38, 10, 18, 23] | gpus = [2, 2, 2, 1, 1] | micro_bs = 8 | time = [42387, 43089, 49461, 46784, 47644] | memory = [47633, 47732, 41427, 47650, 47817]
cv:0.05909134721606886
line465:max stage:2, min stage:0, max_value:49461.36406152413, min_value:42387.44093978531
fix|49368.43|47972.71| op = [113, 120, 63, 67, 56]| tp = [1, 1, 2, 1, 1, ] | dp = [2, 2, 1, 1, 1, ] | algo = [0, 0, 0, 0, 0, ] | rc = [48, 38, 10, 18, 23] | gpus = [2, 2, 2, 1, 1] | micro_bs = 8 | time = [42412, 43113, 49368, 46784, 47644] | memory = [47933, 47972, 40947, 47650, 47817]
cv:0.05831974115577599
line465:max stage:2, min stage:0, max_value:49368.431059327355, min_value:42412.53234521348
fix|47637.40|47892.46| op = [114, 120, 62, 67, 56]| tp = [1, 1, 2, 1, 1, ] | dp = [2, 2, 1, 1, 1, ] | algo = [0, 0, 0, 0, 0, ] | rc = [50, 40, 10, 18, 23] | gpus = [2, 2, 2, 1, 1] | micro_bs = 8 | time = [42755, 43942, 47314, 46777, 47637] | memory = [47333, 47892, 40267, 47650, 47817]
cv:0.04298126148634558
line465:max stage:4, min stage:0, max_value:47637.4023407694, min_value:42755.61364862838
fix|49293.94|47817.33| op = [115, 120, 62, 67, 55]| tp = [1, 1, 2, 1, 1, ] | dp = [2, 2, 1, 1, 1, ] | algo = [0, 0, 0, 0, 0, ] | rc = [52, 40, 10, 18, 12] | gpus = [2, 2, 2, 1, 1] | micro_bs = 8 | time = [43745, 43309, 49293, 46709, 44951] | memory = [47733, 47572, 40347, 47650, 47817]
cv:0.04802412392248725
line465:max stage:2, min stage:1, max_value:49293.93901665669, min_value:43309.61829698307
fix|49244.11|47817.33| op = [115, 121, 61, 67, 55]| tp = [1, 1, 2, 1, 1, ] | dp = [2, 2, 1, 1, 1, ] | algo = [0, 0, 0, 0, 0, ] | rc = [52, 40, 10, 18, 12] | gpus = [2, 2, 2, 1, 1] | micro_bs = 8 | time = [43745, 43376, 49244, 46709, 44951] | memory = [47733, 47732, 40347, 47650, 47817]
cv:0.047344554680631486
line465:max stage:2, min stage:1, max_value:49244.10547219547, min_value:43376.975485906405
fix|47286.40|47872.79| op = [115, 122, 60, 67, 55]| tp = [1, 1, 2, 1, 1, ] | dp = [2, 2, 1, 1, 1, ] | algo = [0, 0, 0, 0, 0, ] | rc = [52, 42, 10, 18, 12] | gpus = [2, 2, 2, 1, 1] | micro_bs = 8 | time = [43737, 44231, 47286, 46700, 44943] | memory = [47733, 47872, 39957, 47650, 47817]
cv:0.030513238265877846
line465:max stage:2, min stage:0, max_value:47286.39817666871, min_value:43737.15620954792
fix|47455.35|47817.33| op = [116, 122, 59, 67, 55]| tp = [1, 1, 2, 1, 1, ] | dp = [2, 2, 1, 1, 1, ] | algo = [0, 0, 0, 0, 0, ] | rc = [54, 55, 10, 18, 12] | gpus = [2, 2, 2, 1, 1] | micro_bs = 8 | time = [44136, 46939, 47455, 46726, 44968] | memory = [47733, 47488, 39717, 47650, 47817]
cv:0.027561090557828113
line465:max stage:2, min stage:0, max_value:47455.351392344746, min_value:44136.665376944635
fix|47071.65|47853.74| op = [117, 122, 58, 67, 55]| tp = [1, 1, 2, 1, 1, ] | dp = [2, 2, 1, 1, 1, ] | algo = [0, 0, 0, 0, 0, ] | rc = [55, 40, 10, 18, 12] | gpus = [2, 2, 2, 1, 1] | micro_bs = 8 | time = [44920, 44487, 47071, 46710, 44952] | memory = [47853, 47472, 39717, 47650, 47817]
cv:0.023010858217896106
line465:max stage:2, min stage:1, max_value:47071.65357255526, min_value:44487.53946561385
fix|49206.32|47853.74| op = [117, 123, 57, 67, 55]| tp = [1, 1, 2, 1, 1, ] | dp = [2, 2, 1, 1, 1, ] | algo = [0, 0, 0, 0, 0, ] | rc = [55, 65, 8, 18, 12] | gpus = [2, 2, 2, 1, 1] | micro_bs = 8 | time = [44951, 49206, 46322, 46741, 44983] | memory = [47853, 47848, 39717, 47650, 47817]
cv:0.03348802150227253
line465:max stage:1, min stage:0, max_value:49206.31756761386, min_value:44951.56970552295
fix|48916.97|47928.71| op = [118, 122, 57, 67, 55]| tp = [1, 1, 2, 1, 1, ] | dp = [2, 2, 1, 1, 1, ] | algo = [0, 0, 0, 0, 0, ] | rc = [56, 64, 8, 18, 12] | gpus = [2, 2, 2, 1, 1] | micro_bs = 8 | time = [45197, 48916, 46322, 46740, 44983] | memory = [47553, 47928, 39717, 47650, 47817]
cv:0.03031415110505451
line465:max stage:1, min stage:4, max_value:48916.97145604851, min_value:44983.25780916226
fix|47639.47|47817.08| op = [118, 121, 57, 67, 56]| tp = [1, 1, 2, 1, 1, ] | dp = [2, 2, 1, 1, 1, ] | algo = [0, 0, 0, 0, 0, ] | rc = [56, 38, 10, 18, 23] | gpus = [2, 2, 2, 1, 1] | micro_bs = 8 | time = [45171, 44141, 44968, 46779, 47639] | memory = [47553, 47712, 39037, 47650, 47817]
cv:0.027930121173871406
line465:max stage:4, min stage:1, max_value:47639.47276639888, min_value:44141.98835763058
fix|102884.45|52908.75| op = [118, 122, 57, 67, 55]| tp = [1, 1, 2, 1, 2, ] | dp = [2, 1, 1, 1, 1, ] | algo = [0, 0, 0, 0, 0, ] | rc = [56, 121, 8, 18, 0] | gpus = [2, 1, 2, 1, 2] | micro_bs = 8 | time = [45630, 102884, 46755, 47174, 46931] | memory = [47553, 52908, 39717, 47650, 28033]
line465:max stage:1, min stage:4, max_value:52908.75, min_value:28033.333000000002
best|39503.05|47633.12| op = [105, 107, 106, 53, 48]| tp = [1, 1, 1, 1, 1, ] | dp = [2, 2, 2, 1, 1, ] | algo = [0, 0, 0, 0, 0, ] | rc = [40, 32, 34, 12, 0] | gpus = [2, 2, 2, 1, 1] | micro_bs = 8 | time = [38575, 38733, 39503, 37360, 36714] | memory = [47633, 47568, 46514, 46626, 45909]
line146:config.memory_list:[47633.11500000006, 47568.21600000007, 46514.97600000004, 46626.0, 45909.203]
line147:config.time_list:[38575.34123633398, 38733.33071842489, 39503.0463102989, 37360.917921431654, 36714.25836106803]
------------------------------------------------------------------------------------------------------
cegis_search for the 0th times
开始求解check...
line351:
tp_list[1, 1, 1, 1, 1, 1, 1, 1, 1, 1, 1, 1, 1, 1, 1, 1, 1, 1, 1, 1, 1, 1, 1, 1, 1, 1, 1, 1, 1, 1, 1, 1, 1, 1, 1, 1, 1, 1, 1, 1, 1, 1, 1, 1, 1, 1, 1, 1, 1, 1, 1, 1, 1, 1, 1, 1, 1, 1, 1, 1, 1, 1, 1, 1, 1, 1, 1, 1, 1, 1, 1, 1, 1, 1, 1, 1, 1, 1, 1, 1, 1, 1, 1, 1, 1, 1, 1, 1, 1, 1, 1, 1, 1, 1, 1, 1, 1, 1, 1, 1, 1, 1, 1, 1, 1, 1, 1, 1, 1, 1, 1, 1, 1, 1, 1, 1, 1, 1, 1, 1, 1, 1, 1, 1, 1, 1, 1, 1, 1, 1, 1, 1, 1, 1, 1, 1, 1, 1, 1, 1, 1, 1, 1, 1, 1, 1, 1, 1, 1, 1, 1, 1, 1, 1, 1, 1, 1, 1, 1, 1, 1, 1, 1, 1, 1, 1, 1, 1, 1, 1, 1, 1, 1, 1, 1, 1, 1, 1, 1, 1, 1, 1, 1, 1, 1, 1, 1, 1, 1, 1, 1, 1, 1, 1, 1, 1, 1, 1, 1, 1, 1, 1, 1, 1, 1, 1, 1, 1, 1, 1, 1, 1, 1, 1, 1, 1, 1, 1, 1, 1, 1, 1, 1, 1, 1, 1, 1, 1, 1, 1, 1, 1, 1, 1, 1, 1, 1, 1, 1, 1, 1, 1, 1, 1, 1, 1, 1, 1, 1, 1, 1, 1, 1, 1, 1, 1, 1, 1, 1, 1, 1, 1, 1, 1, 1, 1, 1, 1, 1, 1, 1, 1, 1, 1, 1, 1, 1, 1, 1, 1, 1, 1, 1, 1, 1, 1, 1, 1, 1, 1, 1, 1, 1, 1, 1, 1, 1, 1, 1, 1, 1, 1, 1, 1, 1, 1, 1, 1, 1, 1, 1, 1, 1, 1, 1, 1, 1, 1, 1, 1, 1, 1, 1, 1, 1, 1, 1, 1, 1, 1, 1, 1, 1, 1, 1, 1, 1, 1, 1, 1, 1, 1, 1, 1, 1, 1, 1, 1, 1, 1, 1, 1, 1, 1, 1, 1, 1, 1, 1, 1, 1, 1, 1, 1, 1, 1, 1, 1, 1, 1, 1, 1, 1, 1, 1, 1, 1, 1, 1, 1, 1, 1, 1, 1, 1, 1, 1, 1, 1, 1, 1, 1, 1, 1, 1, 1, 1, 1, 1, 1, 1, 1, 1, 1, 1, 1, 1, 1, 1, 1, 1, 1, 1, 1, 1, 1, 1, 1, 1]
dp_list[2, 2, 2, 2, 2, 2, 2, 2, 2, 2, 2, 2, 2, 2, 2, 2, 2, 2, 2, 2, 2, 2, 2, 2, 2, 2, 2, 2, 2, 2, 2, 2, 2, 2, 2, 2, 2, 2, 2, 2, 2, 2, 2, 2, 2, 2, 2, 2, 2, 2, 2, 2, 2, 2, 2, 2, 2, 2, 2, 2, 2, 2, 2, 2, 2, 2, 2, 2, 2, 2, 2, 2, 2, 2, 2, 2, 2, 2, 2, 2, 2, 2, 2, 2, 2, 2, 2, 2, 2, 2, 2, 2, 2, 2, 2, 2, 2, 2, 2, 2, 2, 2, 2, 2, 2, 2, 2, 2, 2, 2, 2, 2, 2, 2, 2, 2, 2, 2, 2, 2, 2, 2, 2, 2, 2, 2, 2, 2, 2, 2, 2, 2, 2, 2, 2, 2, 2, 2, 2, 2, 2, 2, 2, 2, 2, 2, 2, 2, 2, 2, 2, 2, 2, 2, 2, 2, 2, 2, 2, 2, 2, 2, 2, 2, 2, 2, 2, 2, 2, 2, 2, 2, 2, 2, 2, 2, 2, 2, 2, 2, 2, 2, 2, 2, 2, 2, 2, 2, 2, 2, 2, 2, 2, 2, 2, 2, 2, 2, 2, 2, 2, 2, 2, 2, 2, 2, 2, 2, 2, 2, 2, 2, 2, 2, 2, 2, 2, 2, 2, 2, 2, 2, 2, 2, 2, 2, 2, 2, 2, 2, 2, 2, 2, 2, 2, 2, 2, 2, 2, 2, 2, 2, 2, 2, 2, 2, 2, 2, 2, 2, 2, 2, 2, 2, 2, 2, 2, 2, 2, 2, 2, 2, 2, 2, 2, 2, 2, 2, 2, 2, 2, 2, 2, 2, 2, 2, 2, 2, 2, 2, 2, 2, 2, 2, 2, 2, 2, 2, 2, 2, 2, 2, 2, 2, 2, 2, 2, 2, 2, 2, 2, 2, 2, 2, 2, 2, 2, 2, 2, 2, 2, 2, 2, 2, 2, 2, 2, 1, 1, 1, 1, 1, 1, 1, 1, 1, 1, 1, 1, 1, 1, 1, 1, 1, 1, 1, 1, 1, 1, 1, 1, 1, 1, 1, 1, 1, 1, 1, 1, 1, 1, 1, 1, 1, 1, 1, 1, 1, 1, 1, 1, 1, 1, 1, 1, 1, 1, 1, 1, 1, 1, 1, 1, 1, 1, 1, 1, 1, 1, 1, 1, 1, 1, 1, 1, 1, 1, 1, 1, 1, 1, 1, 1, 1, 1, 1, 1, 1, 1, 1, 1, 1, 1, 1, 1, 1, 1, 1, 1, 1, 1, 1, 1, 1, 1, 1, 1, 1, 1]
algo_list[0, 0, 0, 0, 0, 0, 0, 0, 0, 0, 0, 0, 0, 0, 0, 0, 0, 0, 0, 0, 0, 0, 0, 0, 0, 0, 0, 0, 0, 0, 0, 0, 0, 0, 0, 0, 0, 0, 0, 0, 0, 0, 0, 0, 0, 0, 0, 0, 0, 0, 0, 0, 0, 0, 0, 0, 0, 0, 0, 0, 0, 0, 0, 0, 0, 0, 0, 0, 0, 0, 0, 0, 0, 0, 0, 0, 0, 0, 0, 0, 0, 0, 0, 0, 0, 0, 0, 0, 0, 0, 0, 0, 0, 0, 0, 0, 0, 0, 0, 0, 0, 0, 0, 0, 0, 0, 0, 0, 0, 0, 0, 0, 0, 0, 0, 0, 0, 0, 0, 0, 0, 0, 0, 0, 0, 0, 0, 0, 0, 0, 0, 0, 0, 0, 0, 0, 0, 0, 0, 0, 0, 0, 0, 0, 0, 0, 0, 0, 0, 0, 0, 0, 0, 0, 0, 0, 0, 0, 0, 0, 0, 0, 0, 0, 0, 0, 0, 0, 0, 0, 0, 0, 0, 0, 0, 0, 0, 0, 0, 0, 0, 0, 0, 0, 0, 0, 0, 0, 0, 0, 0, 0, 0, 0, 0, 0, 0, 0, 0, 0, 0, 0, 0, 0, 0, 0, 0, 0, 0, 0, 0, 0, 0, 0, 0, 0, 0, 0, 0, 0, 0, 0, 0, 0, 0, 0, 0, 0, 0, 0, 0, 0, 0, 0, 0, 0, 0, 0, 0, 0, 0, 0, 0, 0, 0, 0, 0, 0, 0, 0, 0, 0, 0, 0, 0, 0, 0, 0, 0, 0, 0, 0, 0, 0, 0, 0, 0, 0, 0, 0, 0, 0, 0, 0, 0, 0, 0, 0, 0, 0, 0, 0, 0, 0, 0, 0, 0, 0, 0, 0, 0, 0, 0, 0, 0, 0, 0, 0, 0, 0, 0, 0, 0, 0, 0, 0, 0, 0, 0, 0, 0, 0, 0, 0, 0, 0, 0, 0, 0, 0, 0, 0, 0, 0, 0, 0, 0, 0, 0, 0, 0, 0, 0, 0, 0, 0, 0, 0, 0, 0, 0, 0, 0, 0, 0, 0, 0, 0, 0, 0, 0, 0, 0, 0, 0, 0, 0, 0, 0, 0, 0, 0, 0, 0, 0, 0, 0, 0, 0, 0, 0, 0, 0, 0, 0, 0, 0, 0, 0, 0, 0, 0, 0, 0, 0, 0, 0, 0, 0, 0, 0, 0, 0, 0, 0, 0, 0, 0, 0, 0, 0, 0, 0, 0, 0, 0, 0, 0, 0, 0, 0, 0, 0, 0, 0, 0, 0, 0, 0]

decode|38424.96|45109.09| op = [105, 107, 105, 53, 49]| tp = [1, 1, 1, 1, 1, ] | dp = [2, 2, 2, 1, 1, ] | algo = [0, 0, 0, 0, 0, ] | rc = [8, 0, 0, 0, 0] | gpus = [2, 2, 2, 1, 1] | micro_bs = 2 | time = [34606, 34207, 34058, 34197, 38424] | memory = [43157, 45109, 36236, 27120, 16884]
验证解
line465:max stage:4, min stage:2, max_value:38424.962074221774, min_value:34058.57107769954
fix|36662.74|45109.09| op = [105, 107, 106, 53, 48]| tp = [1, 1, 1, 1, 1, ] | dp = [2, 2, 2, 1, 1, ] | algo = [0, 0, 0, 0, 0, ] | rc = [8, 0, 0, 0, 0] | gpus = [2, 2, 2, 1, 1] | micro_bs = 2 | time = [34601, 34203, 34497, 33007, 36662] | memory = [43157, 45109, 37964, 24856, 16352]
cv:0.03409991753473525
line465:max stage:4, min stage:3, max_value:36662.73573974066, min_value:33007.77302145848
fix|36337.26|45109.09| op = [105, 107, 106, 54, 47]| tp = [1, 1, 1, 1, 1, ] | dp = [2, 2, 2, 1, 1, ] | algo = [0, 0, 0, 0, 0, ] | rc = [8, 0, 0, 0, 0] | gpus = [2, 2, 2, 1, 1] | micro_bs = 2 | time = [34601, 34203, 34497, 33333, 36337] | memory = [43157, 45109, 37964, 24996, 16232]
cv:0.028294754940163
line465:max stage:4, min stage:3, max_value:36337.2631697807, min_value:33333.29094549853
fix|36196.93|45109.09| op = [105, 107, 106, 55, 46]| tp = [1, 1, 1, 1, 1, ] | dp = [2, 2, 2, 1, 1, ] | algo = [0, 0, 0, 0, 0, ] | rc = [8, 0, 0, 0, 0] | gpus = [2, 2, 2, 1, 1] | micro_bs = 2 | time = [34601, 34202, 34496, 33391, 36196] | memory = [43157, 45109, 37964, 25056, 16182]
cv:0.02643258937013312
line465:max stage:4, min stage:3, max_value:36196.927231996655, min_value:33391.38346171448
fix|36134.41|45109.09| op = [105, 107, 106, 56, 45]| tp = [1, 1, 1, 1, 1, ] | dp = [2, 2, 2, 1, 1, ] | algo = [0, 0, 0, 0, 0, ] | rc = [8, 0, 0, 0, 0] | gpus = [2, 2, 2, 1, 1] | micro_bs = 2 | time = [34601, 34203, 34497, 33536, 36134] | memory = [43157, 45109, 37964, 25096, 16182]
cv:0.024712201947045803
line465:max stage:4, min stage:3, max_value:36134.40824074066, min_value:33536.10052045848
fix|34989.38|45109.09| op = [105, 107, 106, 57, 44]| tp = [1, 1, 1, 1, 1, ] | dp = [2, 2, 2, 1, 1, ] | algo = [0, 0, 0, 0, 0, ] | rc = [8, 0, 0, 0, 0] | gpus = [2, 2, 2, 1, 1] | micro_bs = 2 | time = [34602, 34203, 34497, 34989, 34989] | memory = [43157, 45109, 37964, 25656, 15762]
best|34989.38|45109.09| op = [105, 107, 106, 57, 44]| tp = [1, 1, 1, 1, 1, ] | dp = [2, 2, 2, 1, 1, ] | algo = [0, 0, 0, 0, 0, ] | rc = [8, 0, 0, 0, 0] | gpus = [2, 2, 2, 1, 1] | micro_bs = 2 | time = [34602, 34203, 34497, 34989, 34989] | memory = [43157, 45109, 37964, 25656, 15762]
line146:config.memory_list:[43157.319999999985, 45109.08799999999, 37964.768, 25656.558, 15762.288]
line147:config.time_list:[34602.375025917616, 34203.62333681472, 34497.704487980474, 34989.37677699685, 34989.06553727902]
求解成功
config has been saved to /home/liminglong.lml/sxz/SuperScaler/logs-large/aceso/configs/gpt/2_6B/gpt_2_6B_5stages_2026-5-15-6-59-57.json

========== Best Result (num_stages = 5) ==========
|34989.38|45109.09| op = [105, 107, 106, 57, 44]| tp = [1, 1, 1, 1, 1, ] | dp = [2, 2, 2, 1, 1, ] | algo = [0, 0, 0, 0, 0, ] | rc = [8, 0, 0, 0, 0] | gpus = [2, 2, 2, 1, 1] | micro_bs = 2 | time = [34602, 34203, 34497, 34989, 34989] | memory = [43157, 45109, 37964, 25656, 15762]
start|42315.33|47877.20| op = [105, 105, 105, 52, 52]| tp = [1, 1, 1, 1, 1, ] | dp = [2, 2, 2, 1, 1, ] | algo = [0, 0, 0, 0, 0, ] | rc = [40, 30, 26, 10, 8] | gpus = [2, 2, 2, 1, 1] | micro_bs = 8 | time = [38568, 36974, 36974, 35156, 42315] | memory = [47633, 46788, 46406, 46786, 47877]
fix|42936.46|47717.20| op = [105, 105, 105, 53, 51]| tp = [1, 1, 1, 1, 1, ] | dp = [2, 2, 2, 1, 1, ] | algo = [0, 0, 0, 0, 0, ] | rc = [40, 30, 26, 12, 9] | gpus = [2, 2, 2, 1, 1] | micro_bs = 8 | time = [38591, 36996, 36996, 37451, 42936] | memory = [47633, 46788, 46406, 46786, 47717]
fix|41909.68|47717.20| op = [105, 106, 105, 53, 50]| tp = [1, 1, 1, 1, 1, ] | dp = [2, 2, 2, 1, 1, ] | algo = [0, 0, 0, 0, 0, ] | rc = [40, 30, 28, 13, 8] | gpus = [2, 2, 2, 1, 1] | micro_bs = 8 | time = [38602, 37624, 37602, 38794, 41909] | memory = [47633, 47568, 45986, 46466, 47717]
fix|40355.68|47717.20| op = [105, 106, 106, 53, 49]| tp = [1, 1, 1, 1, 1, ] | dp = [2, 2, 2, 1, 1, ] | algo = [0, 0, 0, 0, 0, ] | rc = [40, 30, 28, 17, 6] | gpus = [2, 2, 2, 1, 1] | micro_bs = 8 | time = [38605, 37626, 37972, 40276, 40355] | memory = [47633, 47568, 45986, 47490, 47717]
fix|39503.05|47633.12| op = [105, 107, 106, 53, 48]| tp = [1, 1, 1, 1, 1, ] | dp = [2, 2, 2, 1, 1, ] | algo = [0, 0, 0, 0, 0, ] | rc = [40, 32, 34, 12, 0] | gpus = [2, 2, 2, 1, 1] | micro_bs = 8 | time = [38575, 38733, 39503, 37360, 36714] | memory = [47633, 47568, 46514, 46626, 45909]
best|39503.05|47633.12| op = [105, 107, 106, 53, 48]| tp = [1, 1, 1, 1, 1, ] | dp = [2, 2, 2, 1, 1, ] | algo = [0, 0, 0, 0, 0, ] | rc = [40, 32, 34, 12, 0] | gpus = [2, 2, 2, 1, 1] | micro_bs = 8 | time = [38575, 38733, 39503, 37360, 36714] | memory = [47633, 47568, 46514, 46626, 45909]
decode|38424.96|45109.09| op = [105, 107, 105, 53, 49]| tp = [1, 1, 1, 1, 1, ] | dp = [2, 2, 2, 1, 1, ] | algo = [0, 0, 0, 0, 0, ] | rc = [8, 0, 0, 0, 0] | gpus = [2, 2, 2, 1, 1] | micro_bs = 2 | time = [34606, 34207, 34058, 34197, 38424] | memory = [43157, 45109, 36236, 27120, 16884]
fix|36662.74|45109.09| op = [105, 107, 106, 53, 48]| tp = [1, 1, 1, 1, 1, ] | dp = [2, 2, 2, 1, 1, ] | algo = [0, 0, 0, 0, 0, ] | rc = [8, 0, 0, 0, 0] | gpus = [2, 2, 2, 1, 1] | micro_bs = 2 | time = [34601, 34203, 34497, 33007, 36662] | memory = [43157, 45109, 37964, 24856, 16352]
fix|36337.26|45109.09| op = [105, 107, 106, 54, 47]| tp = [1, 1, 1, 1, 1, ] | dp = [2, 2, 2, 1, 1, ] | algo = [0, 0, 0, 0, 0, ] | rc = [8, 0, 0, 0, 0] | gpus = [2, 2, 2, 1, 1] | micro_bs = 2 | time = [34601, 34203, 34497, 33333, 36337] | memory = [43157, 45109, 37964, 24996, 16232]
fix|36196.93|45109.09| op = [105, 107, 106, 55, 46]| tp = [1, 1, 1, 1, 1, ] | dp = [2, 2, 2, 1, 1, ] | algo = [0, 0, 0, 0, 0, ] | rc = [8, 0, 0, 0, 0] | gpus = [2, 2, 2, 1, 1] | micro_bs = 2 | time = [34601, 34202, 34496, 33391, 36196] | memory = [43157, 45109, 37964, 25056, 16182]
fix|36134.41|45109.09| op = [105, 107, 106, 56, 45]| tp = [1, 1, 1, 1, 1, ] | dp = [2, 2, 2, 1, 1, ] | algo = [0, 0, 0, 0, 0, ] | rc = [8, 0, 0, 0, 0] | gpus = [2, 2, 2, 1, 1] | micro_bs = 2 | time = [34601, 34203, 34497, 33536, 36134] | memory = [43157, 45109, 37964, 25096, 16182]
fix|34989.38|45109.09| op = [105, 107, 106, 57, 44]| tp = [1, 1, 1, 1, 1, ] | dp = [2, 2, 2, 1, 1, ] | algo = [0, 0, 0, 0, 0, ] | rc = [8, 0, 0, 0, 0] | gpus = [2, 2, 2, 1, 1] | micro_bs = 2 | time = [34602, 34203, 34497, 34989, 34989] | memory = [43157, 45109, 37964, 25656, 15762]
best|34989.38|45109.09| op = [105, 107, 106, 57, 44]| tp = [1, 1, 1, 1, 1, ] | dp = [2, 2, 2, 1, 1, ] | algo = [0, 0, 0, 0, 0, ] | rc = [8, 0, 0, 0, 0] | gpus = [2, 2, 2, 1, 1] | micro_bs = 2 | time = [34602, 34203, 34497, 34989, 34989] | memory = [43157, 45109, 37964, 25656, 15762]

num_targets: []
num_hops: []
search time = 0.00 s.  [0] 
num_explored_cases = 0
time trend: [42315]

stage 5 search time: 0.54 s
working on num_stages = 6
start|44238.66|47974.14| op = [105, 105, 52, 52, 52, 53]| tp = [1, 1, 1, 1, 1, 1, ] | dp = [2, 2, 1, 1, 1, 1, ] | algo = [0, 0, 0, 0, 0, 0, ] | rc = [50, 36, 16, 14, 10, 10] | gpus = [2, 2, 1, 1, 1, 1] | micro_bs = 8 | time = [40439, 38135, 37078, 36483, 35293, 44238] | memory = [47974, 47253, 46660, 46563, 46466, 47937]
line465:max stage:5, min stage:4, max_value:44238.66029155304, min_value:35293.765590139585
fix|42614.85|47974.14| op = [105, 105, 52, 52, 53, 52]| tp = [1, 1, 1, 1, 1, 1, ] | dp = [2, 2, 1, 1, 1, 1, ] | algo = [0, 0, 0, 0, 0, 0, ] | rc = [50, 36, 16, 14, 10, 8] | gpus = [2, 2, 1, 1, 1, 1] | micro_bs = 8 | time = [40436, 38132, 37075, 36480, 36524, 42614] | memory = [47974, 47253, 46660, 46563, 47246, 47877]
cv:0.05879533304897384
line465:max stage:5, min stage:3, max_value:42614.851756995435, min_value:36480.59920799915
fix|43237.29|47974.14| op = [105, 105, 52, 53, 53, 51]| tp = [1, 1, 1, 1, 1, 1, ] | dp = [2, 2, 1, 1, 1, 1, ] | algo = [0, 0, 0, 0, 0, 0, ] | rc = [50, 36, 16, 14, 12, 9] | gpus = [2, 2, 1, 1, 1, 1] | micro_bs = 8 | time = [40460, 38156, 37099, 37738, 37752, 43237] | memory = [47974, 47253, 46660, 47583, 46786, 47717]
cv:0.05481616487190921
line465:max stage:5, min stage:2, max_value:43237.28748880035, min_value:37099.44644360982
fix|42220.18|47974.14| op = [105, 105, 53, 53, 53, 50]| tp = [1, 1, 1, 1, 1, 1, ] | dp = [2, 2, 1, 1, 1, 1, ] | algo = [0, 0, 0, 0, 0, 0, ] | rc = [50, 36, 16, 16, 13, 8] | gpus = [2, 2, 1, 1, 1, 1] | micro_bs = 8 | time = [40481, 38178, 38354, 38963, 39104, 42220] | memory = [47974, 47253, 47920, 47043, 46466, 47717]
cv:0.035534421254513504
line465:max stage:5, min stage:1, max_value:42220.176013411015, min_value:38178.08497183498
fix|42847.84|47974.14| op = [105, 106, 53, 53, 53, 49]| tp = [1, 1, 1, 1, 1, 1, ] | dp = [2, 2, 1, 1, 1, 1, ] | algo = [0, 0, 0, 0, 0, 0, ] | rc = [50, 38, 28, 17, 17, 6] | gpus = [2, 2, 1, 1, 1, 1] | micro_bs = 8 | time = [40533, 39127, 42847, 40346, 40636, 40715] | memory = [47974, 47353, 47732, 46563, 47490, 47717]
cv:0.02699514966925186
line465:max stage:2, min stage:1, max_value:42847.838093023725, min_value:39127.35773361197
fix|44866.41|47993.27| op = [105, 107, 52, 53, 53, 49]| tp = [1, 1, 1, 1, 1, 1, ] | dp = [2, 2, 1, 1, 1, 1, ] | algo = [0, 0, 0, 0, 0, 0, ] | rc = [50, 50, 49, 17, 17, 6] | gpus = [2, 2, 1, 1, 1, 1] | micro_bs = 8 | time = [40569, 41775, 44866, 40382, 40672, 40751] | memory = [47974, 47993, 46440, 46563, 47490, 47717]
cv:0.037798247154053895
line465:max stage:2, min stage:3, max_value:44866.41115858031, min_value:40382.51969458031
fix|41736.87|47993.27| op = [105, 107, 51, 54, 53, 49]| tp = [1, 1, 1, 1, 1, 1, ] | dp = [2, 2, 1, 1, 1, 1, ] | algo = [0, 0, 0, 0, 0, 0, ] | rc = [50, 50, 27, 16, 17, 6] | gpus = [2, 2, 1, 1, 1, 1] | micro_bs = 8 | time = [40531, 41736, 40517, 39745, 40634, 40713] | memory = [47974, 47993, 47251, 47043, 47490, 47717]
best|41736.87|47993.27| op = [105, 107, 51, 54, 53, 49]| tp = [1, 1, 1, 1, 1, 1, ] | dp = [2, 2, 1, 1, 1, 1, ] | algo = [0, 0, 0, 0, 0, 0, ] | rc = [50, 50, 27, 16, 17, 6] | gpus = [2, 2, 1, 1, 1, 1] | micro_bs = 8 | time = [40531, 41736, 40517, 39745, 40634, 40713] | memory = [47974, 47993, 47251, 47043, 47490, 47717]
line146:config.memory_list:[47974.13800000008, 47993.27000000009, 47251.5, 47043.0, 47490.0, 47717.203]
line147:config.time_list:[40531.28255695447, 41736.86963904538, 40517.850671634966, 39745.34205663497, 40634.344580829216, 40713.32517446561]
------------------------------------------------------------------------------------------------------
cegis_search for the 0th times
开始求解check...
line351:
tp_list[1, 1, 1, 1, 1, 1, 1, 1, 1, 1, 1, 1, 1, 1, 1, 1, 1, 1, 1, 1, 1, 1, 1, 1, 1, 1, 1, 1, 1, 1, 1, 1, 1, 1, 1, 1, 1, 1, 1, 1, 1, 1, 1, 1, 1, 1, 1, 1, 1, 1, 1, 1, 1, 1, 1, 1, 1, 1, 1, 1, 1, 1, 1, 1, 1, 1, 1, 1, 1, 1, 1, 1, 1, 1, 1, 1, 1, 1, 1, 1, 1, 1, 1, 1, 1, 1, 1, 1, 1, 1, 1, 1, 1, 1, 1, 1, 1, 1, 1, 1, 1, 1, 1, 1, 1, 1, 1, 1, 1, 1, 1, 1, 1, 1, 1, 1, 1, 1, 1, 1, 1, 1, 1, 1, 1, 1, 1, 1, 1, 1, 1, 1, 1, 1, 1, 1, 1, 1, 1, 1, 1, 1, 1, 1, 1, 1, 1, 1, 1, 1, 1, 1, 1, 1, 1, 1, 1, 1, 1, 1, 1, 1, 1, 1, 1, 1, 1, 1, 1, 1, 1, 1, 1, 1, 1, 1, 1, 1, 1, 1, 1, 1, 1, 1, 1, 1, 1, 1, 1, 1, 1, 1, 1, 1, 1, 1, 1, 1, 1, 1, 1, 1, 1, 1, 1, 1, 1, 1, 1, 1, 1, 1, 1, 1, 1, 1, 1, 1, 1, 1, 1, 1, 1, 1, 1, 1, 1, 1, 1, 1, 1, 1, 1, 1, 1, 1, 1, 1, 1, 1, 1, 1, 1, 1, 1, 1, 1, 1, 1, 1, 1, 1, 1, 1, 1, 1, 1, 1, 1, 1, 1, 1, 1, 1, 1, 1, 1, 1, 1, 1, 1, 1, 1, 1, 1, 1, 1, 1, 1, 1, 1, 1, 1, 1, 1, 1, 1, 1, 1, 1, 1, 1, 1, 1, 1, 1, 1, 1, 1, 1, 1, 1, 1, 1, 1, 1, 1, 1, 1, 1, 1, 1, 1, 1, 1, 1, 1, 1, 1, 1, 1, 1, 1, 1, 1, 1, 1, 1, 1, 1, 1, 1, 1, 1, 1, 1, 1, 1, 1, 1, 1, 1, 1, 1, 1, 1, 1, 1, 1, 1, 1, 1, 1, 1, 1, 1, 1, 1, 1, 1, 1, 1, 1, 1, 1, 1, 1, 1, 1, 1, 1, 1, 1, 1, 1, 1, 1, 1, 1, 1, 1, 1, 1, 1, 1, 1, 1, 1, 1, 1, 1, 1, 1, 1, 1, 1, 1, 1, 1, 1, 1, 1, 1, 1, 1, 1, 1, 1, 1, 1, 1, 1, 1, 1, 1, 1, 1, 1, 1]
dp_list[2, 2, 2, 2, 2, 2, 2, 2, 2, 2, 2, 2, 2, 2, 2, 2, 2, 2, 2, 2, 2, 2, 2, 2, 2, 2, 2, 2, 2, 2, 2, 2, 2, 2, 2, 2, 2, 2, 2, 2, 2, 2, 2, 2, 2, 2, 2, 2, 2, 2, 2, 2, 2, 2, 2, 2, 2, 2, 2, 2, 2, 2, 2, 2, 2, 2, 2, 2, 2, 2, 2, 2, 2, 2, 2, 2, 2, 2, 2, 2, 2, 2, 2, 2, 2, 2, 2, 2, 2, 2, 2, 2, 2, 2, 2, 2, 2, 2, 2, 2, 2, 2, 2, 2, 2, 2, 2, 2, 2, 2, 2, 2, 2, 2, 2, 2, 2, 2, 2, 2, 2, 2, 2, 2, 2, 2, 2, 2, 2, 2, 2, 2, 2, 2, 2, 2, 2, 2, 2, 2, 2, 2, 2, 2, 2, 2, 2, 2, 2, 2, 2, 2, 2, 2, 2, 2, 2, 2, 2, 2, 2, 2, 2, 2, 2, 2, 2, 2, 2, 2, 2, 2, 2, 2, 2, 2, 2, 2, 2, 2, 2, 2, 2, 2, 2, 2, 2, 2, 2, 2, 2, 2, 2, 2, 2, 2, 2, 2, 2, 2, 2, 2, 2, 2, 2, 2, 2, 2, 2, 2, 2, 2, 1, 1, 1, 1, 1, 1, 1, 1, 1, 1, 1, 1, 1, 1, 1, 1, 1, 1, 1, 1, 1, 1, 1, 1, 1, 1, 1, 1, 1, 1, 1, 1, 1, 1, 1, 1, 1, 1, 1, 1, 1, 1, 1, 1, 1, 1, 1, 1, 1, 1, 1, 1, 1, 1, 1, 1, 1, 1, 1, 1, 1, 1, 1, 1, 1, 1, 1, 1, 1, 1, 1, 1, 1, 1, 1, 1, 1, 1, 1, 1, 1, 1, 1, 1, 1, 1, 1, 1, 1, 1, 1, 1, 1, 1, 1, 1, 1, 1, 1, 1, 1, 1, 1, 1, 1, 1, 1, 1, 1, 1, 1, 1, 1, 1, 1, 1, 1, 1, 1, 1, 1, 1, 1, 1, 1, 1, 1, 1, 1, 1, 1, 1, 1, 1, 1, 1, 1, 1, 1, 1, 1, 1, 1, 1, 1, 1, 1, 1, 1, 1, 1, 1, 1, 1, 1, 1, 1, 1, 1, 1, 1, 1, 1, 1, 1, 1, 1, 1, 1, 1, 1, 1, 1, 1, 1, 1, 1, 1, 1, 1, 1, 1, 1, 1, 1, 1, 1, 1, 1, 1, 1, 1, 1, 1, 1, 1, 1, 1, 1, 1, 1, 1, 1, 1, 1, 1, 1]
algo_list[0, 0, 0, 0, 0, 0, 0, 0, 0, 0, 0, 0, 0, 0, 0, 0, 0, 0, 0, 0, 0, 0, 0, 0, 0, 0, 0, 0, 0, 0, 0, 0, 0, 0, 0, 0, 0, 0, 0, 0, 0, 0, 0, 0, 0, 0, 0, 0, 0, 0, 0, 0, 0, 0, 0, 0, 0, 0, 0, 0, 0, 0, 0, 0, 0, 0, 0, 0, 0, 0, 0, 0, 0, 0, 0, 0, 0, 0, 0, 0, 0, 0, 0, 0, 0, 0, 0, 0, 0, 0, 0, 0, 0, 0, 0, 0, 0, 0, 0, 0, 0, 0, 0, 0, 0, 0, 0, 0, 0, 0, 0, 0, 0, 0, 0, 0, 0, 0, 0, 0, 0, 0, 0, 0, 0, 0, 0, 0, 0, 0, 0, 0, 0, 0, 0, 0, 0, 0, 0, 0, 0, 0, 0, 0, 0, 0, 0, 0, 0, 0, 0, 0, 0, 0, 0, 0, 0, 0, 0, 0, 0, 0, 0, 0, 0, 0, 0, 0, 0, 0, 0, 0, 0, 0, 0, 0, 0, 0, 0, 0, 0, 0, 0, 0, 0, 0, 0, 0, 0, 0, 0, 0, 0, 0, 0, 0, 0, 0, 0, 0, 0, 0, 0, 0, 0, 0, 0, 0, 0, 0, 0, 0, 0, 0, 0, 0, 0, 0, 0, 0, 0, 0, 0, 0, 0, 0, 0, 0, 0, 0, 0, 0, 0, 0, 0, 0, 0, 0, 0, 0, 0, 0, 0, 0, 0, 0, 0, 0, 0, 0, 0, 0, 0, 0, 0, 0, 0, 0, 0, 0, 0, 0, 0, 0, 0, 0, 0, 0, 0, 0, 0, 0, 0, 0, 0, 0, 0, 0, 0, 0, 0, 0, 0, 0, 0, 0, 0, 0, 0, 0, 0, 0, 0, 0, 0, 0, 0, 0, 0, 0, 0, 0, 0, 0, 0, 0, 0, 0, 0, 0, 0, 0, 0, 0, 0, 0, 0, 0, 0, 0, 0, 0, 0, 0, 0, 0, 0, 0, 0, 0, 0, 0, 0, 0, 0, 0, 0, 0, 0, 0, 0, 0, 0, 0, 0, 0, 0, 0, 0, 0, 0, 0, 0, 0, 0, 0, 0, 0, 0, 0, 0, 0, 0, 0, 0, 0, 0, 0, 0, 0, 0, 0, 0, 0, 0, 0, 0, 0, 0, 0, 0, 0, 0, 0, 0, 0, 0, 0, 0, 0, 0, 0, 0, 0, 0, 0, 0, 0, 0, 0, 0, 0, 0, 0, 0, 0, 0, 0, 0, 0, 0, 0, 0, 0, 0, 0, 0, 0, 0]

decode|41736.87|47993.27| op = [105, 107, 51, 54, 53, 49]| tp = [1, 1, 1, 1, 1, 1, ] | dp = [2, 2, 1, 1, 1, 1, ] | algo = [0, 0, 0, 0, 0, 0, ] | rc = [50, 50, 27, 16, 17, 6] | gpus = [2, 2, 1, 1, 1, 1] | micro_bs = 8 | time = [40531, 41736, 40517, 39745, 40634, 40713] | memory = [47974, 47993, 47251, 47043, 47490, 47717]
验证解
line465:max stage:1, min stage:3, max_value:41736.86963904538, min_value:39745.34205663497
fix|40767.15|47974.14| op = [105, 106, 51, 55, 53, 49]| tp = [1, 1, 1, 1, 1, 1, ] | dp = [2, 2, 1, 1, 1, 1, ] | algo = [0, 0, 0, 0, 0, 0, ] | rc = [50, 38, 16, 16, 17, 6] | gpus = [2, 2, 1, 1, 1, 1] | micro_bs = 8 | time = [40484, 39077, 36054, 40767, 40587, 40666] | memory = [47974, 47353, 46040, 47583, 47490, 47717]
cv:0.042621566213868506
line465:max stage:3, min stage:2, max_value:40767.14783883023, min_value:36054.72827263598
fix|40667.70|47974.14| op = [105, 106, 52, 54, 53, 49]| tp = [1, 1, 1, 1, 1, 1, ] | dp = [2, 2, 1, 1, 1, 1, ] | algo = [0, 0, 0, 0, 0, 0, ] | rc = [50, 38, 16, 16, 17, 6] | gpus = [2, 2, 1, 1, 1, 1] | micro_bs = 8 | time = [40485, 39079, 37289, 39699, 40588, 40667] | memory = [47974, 47353, 47300, 47043, 47490, 47717]
cv:0.03005141627953089
line465:max stage:5, min stage:2, max_value:40667.70066210328, min_value:37289.89789407839
fix|48523.95|47974.14| op = [105, 106, 53, 54, 53, 48]| tp = [1, 1, 1, 1, 1, 1, ] | dp = [2, 2, 1, 1, 1, 1, ] | algo = [0, 0, 0, 0, 0, 0, ] | rc = [50, 38, 28, 54, 12, 0] | gpus = [2, 2, 1, 1, 1, 1] | micro_bs = 8 | time = [40546, 39140, 42860, 48523, 37764, 37117] | memory = [47974, 47353, 47732, 45104, 46626, 45909]
cv:0.0941027649785228
line465:max stage:3, min stage:5, max_value:48523.947006607305, min_value:37117.42208446662
fix|42847.84|47974.14| op = [105, 106, 53, 53, 53, 49]| tp = [1, 1, 1, 1, 1, 1, ] | dp = [2, 2, 1, 1, 1, 1, ] | algo = [0, 0, 0, 0, 0, 0, ] | rc = [50, 38, 28, 17, 17, 6] | gpus = [2, 2, 1, 1, 1, 1] | micro_bs = 8 | time = [40533, 39127, 42847, 40346, 40636, 40715] | memory = [47974, 47353, 47732, 46563, 47490, 47717]
cv:0.02699514966925186
line465:max stage:2, min stage:1, max_value:42847.838093023725, min_value:39127.35773361197
fix|44866.41|47993.27| op = [105, 107, 52, 53, 53, 49]| tp = [1, 1, 1, 1, 1, 1, ] | dp = [2, 2, 1, 1, 1, 1, ] | algo = [0, 0, 0, 0, 0, 0, ] | rc = [50, 50, 49, 17, 17, 6] | gpus = [2, 2, 1, 1, 1, 1] | micro_bs = 8 | time = [40569, 41775, 44866, 40382, 40672, 40751] | memory = [47974, 47993, 46440, 46563, 47490, 47717]
cv:0.037798247154053895
line465:max stage:2, min stage:3, max_value:44866.41115858031, min_value:40382.51969458031
fix|41736.87|47993.27| op = [105, 107, 51, 54, 53, 49]| tp = [1, 1, 1, 1, 1, 1, ] | dp = [2, 2, 1, 1, 1, 1, ] | algo = [0, 0, 0, 0, 0, 0, ] | rc = [50, 50, 27, 16, 17, 6] | gpus = [2, 2, 1, 1, 1, 1] | micro_bs = 8 | time = [40531, 41736, 40517, 39745, 40634, 40713] | memory = [47974, 47993, 47251, 47043, 47490, 47717]
best|40667.70|47974.14| op = [105, 106, 52, 54, 53, 49]| tp = [1, 1, 1, 1, 1, 1, ] | dp = [2, 2, 1, 1, 1, 1, ] | algo = [0, 0, 0, 0, 0, 0, ] | rc = [50, 38, 16, 16, 17, 6] | gpus = [2, 2, 1, 1, 1, 1] | micro_bs = 8 | time = [40485, 39079, 37289, 39699, 40588, 40667] | memory = [47974, 47353, 47300, 47043, 47490, 47717]
line146:config.memory_list:[47974.13800000008, 47353.27000000009, 47300.0, 47043.0, 47490.0, 47717.203]
line147:config.time_list:[40485.65804459214, 39079.260321860886, 37289.89789407839, 39699.71754427264, 40588.720068466886, 40667.70066210328]
求解成功
config has been saved to /home/liminglong.lml/sxz/SuperScaler/logs-large/aceso/configs/gpt/2_6B/gpt_2_6B_6stages_2026-5-15-6-59-57.json

========== Best Result (num_stages = 6) ==========
|40667.70|47974.14| op = [105, 106, 52, 54, 53, 49]| tp = [1, 1, 1, 1, 1, 1, ] | dp = [2, 2, 1, 1, 1, 1, ] | algo = [0, 0, 0, 0, 0, 0, ] | rc = [50, 38, 16, 16, 17, 6] | gpus = [2, 2, 1, 1, 1, 1] | micro_bs = 8 | time = [40485, 39079, 37289, 39699, 40588, 40667] | memory = [47974, 47353, 47300, 47043, 47490, 47717]
start|44238.66|47974.14| op = [105, 105, 52, 52, 52, 53]| tp = [1, 1, 1, 1, 1, 1, ] | dp = [2, 2, 1, 1, 1, 1, ] | algo = [0, 0, 0, 0, 0, 0, ] | rc = [50, 36, 16, 14, 10, 10] | gpus = [2, 2, 1, 1, 1, 1] | micro_bs = 8 | time = [40439, 38135, 37078, 36483, 35293, 44238] | memory = [47974, 47253, 46660, 46563, 46466, 47937]
fix|42614.85|47974.14| op = [105, 105, 52, 52, 53, 52]| tp = [1, 1, 1, 1, 1, 1, ] | dp = [2, 2, 1, 1, 1, 1, ] | algo = [0, 0, 0, 0, 0, 0, ] | rc = [50, 36, 16, 14, 10, 8] | gpus = [2, 2, 1, 1, 1, 1] | micro_bs = 8 | time = [40436, 38132, 37075, 36480, 36524, 42614] | memory = [47974, 47253, 46660, 46563, 47246, 47877]
fix|43237.29|47974.14| op = [105, 105, 52, 53, 53, 51]| tp = [1, 1, 1, 1, 1, 1, ] | dp = [2, 2, 1, 1, 1, 1, ] | algo = [0, 0, 0, 0, 0, 0, ] | rc = [50, 36, 16, 14, 12, 9] | gpus = [2, 2, 1, 1, 1, 1] | micro_bs = 8 | time = [40460, 38156, 37099, 37738, 37752, 43237] | memory = [47974, 47253, 46660, 47583, 46786, 47717]
fix|42220.18|47974.14| op = [105, 105, 53, 53, 53, 50]| tp = [1, 1, 1, 1, 1, 1, ] | dp = [2, 2, 1, 1, 1, 1, ] | algo = [0, 0, 0, 0, 0, 0, ] | rc = [50, 36, 16, 16, 13, 8] | gpus = [2, 2, 1, 1, 1, 1] | micro_bs = 8 | time = [40481, 38178, 38354, 38963, 39104, 42220] | memory = [47974, 47253, 47920, 47043, 46466, 47717]
fix|42847.84|47974.14| op = [105, 106, 53, 53, 53, 49]| tp = [1, 1, 1, 1, 1, 1, ] | dp = [2, 2, 1, 1, 1, 1, ] | algo = [0, 0, 0, 0, 0, 0, ] | rc = [50, 38, 28, 17, 17, 6] | gpus = [2, 2, 1, 1, 1, 1] | micro_bs = 8 | time = [40533, 39127, 42847, 40346, 40636, 40715] | memory = [47974, 47353, 47732, 46563, 47490, 47717]
fix|44866.41|47993.27| op = [105, 107, 52, 53, 53, 49]| tp = [1, 1, 1, 1, 1, 1, ] | dp = [2, 2, 1, 1, 1, 1, ] | algo = [0, 0, 0, 0, 0, 0, ] | rc = [50, 50, 49, 17, 17, 6] | gpus = [2, 2, 1, 1, 1, 1] | micro_bs = 8 | time = [40569, 41775, 44866, 40382, 40672, 40751] | memory = [47974, 47993, 46440, 46563, 47490, 47717]
fix|41736.87|47993.27| op = [105, 107, 51, 54, 53, 49]| tp = [1, 1, 1, 1, 1, 1, ] | dp = [2, 2, 1, 1, 1, 1, ] | algo = [0, 0, 0, 0, 0, 0, ] | rc = [50, 50, 27, 16, 17, 6] | gpus = [2, 2, 1, 1, 1, 1] | micro_bs = 8 | time = [40531, 41736, 40517, 39745, 40634, 40713] | memory = [47974, 47993, 47251, 47043, 47490, 47717]
best|41736.87|47993.27| op = [105, 107, 51, 54, 53, 49]| tp = [1, 1, 1, 1, 1, 1, ] | dp = [2, 2, 1, 1, 1, 1, ] | algo = [0, 0, 0, 0, 0, 0, ] | rc = [50, 50, 27, 16, 17, 6] | gpus = [2, 2, 1, 1, 1, 1] | micro_bs = 8 | time = [40531, 41736, 40517, 39745, 40634, 40713] | memory = [47974, 47993, 47251, 47043, 47490, 47717]
decode|41736.87|47993.27| op = [105, 107, 51, 54, 53, 49]| tp = [1, 1, 1, 1, 1, 1, ] | dp = [2, 2, 1, 1, 1, 1, ] | algo = [0, 0, 0, 0, 0, 0, ] | rc = [50, 50, 27, 16, 17, 6] | gpus = [2, 2, 1, 1, 1, 1] | micro_bs = 8 | time = [40531, 41736, 40517, 39745, 40634, 40713] | memory = [47974, 47993, 47251, 47043, 47490, 47717]
fix|40767.15|47974.14| op = [105, 106, 51, 55, 53, 49]| tp = [1, 1, 1, 1, 1, 1, ] | dp = [2, 2, 1, 1, 1, 1, ] | algo = [0, 0, 0, 0, 0, 0, ] | rc = [50, 38, 16, 16, 17, 6] | gpus = [2, 2, 1, 1, 1, 1] | micro_bs = 8 | time = [40484, 39077, 36054, 40767, 40587, 40666] | memory = [47974, 47353, 46040, 47583, 47490, 47717]
fix|40667.70|47974.14| op = [105, 106, 52, 54, 53, 49]| tp = [1, 1, 1, 1, 1, 1, ] | dp = [2, 2, 1, 1, 1, 1, ] | algo = [0, 0, 0, 0, 0, 0, ] | rc = [50, 38, 16, 16, 17, 6] | gpus = [2, 2, 1, 1, 1, 1] | micro_bs = 8 | time = [40485, 39079, 37289, 39699, 40588, 40667] | memory = [47974, 47353, 47300, 47043, 47490, 47717]
best|40667.70|47974.14| op = [105, 106, 52, 54, 53, 49]| tp = [1, 1, 1, 1, 1, 1, ] | dp = [2, 2, 1, 1, 1, 1, ] | algo = [0, 0, 0, 0, 0, 0, ] | rc = [50, 38, 16, 16, 17, 6] | gpus = [2, 2, 1, 1, 1, 1] | micro_bs = 8 | time = [40485, 39079, 37289, 39699, 40588, 40667] | memory = [47974, 47353, 47300, 47043, 47490, 47717]

num_targets: []
num_hops: []
search time = 0.00 s.  [0] 
num_explored_cases = 0
time trend: [44238]

stage 6 search time: 0.26 s
working on num_stages = 7
start|44606.94|47937.33| op = [105, 52, 52, 52, 52, 52, 54]| tp = [1, 1, 1, 1, 1, 1, 1, ] | dp = [2, 1, 1, 1, 1, 1, 1, ] | algo = [0, 0, 0, 0, 0, 0, 0, ] | rc = [56, 27, 22, 16, 14, 10, 10] | gpus = [2, 1, 1, 1, 1, 1, 1] | micro_bs = 8 | time = [42083, 40867, 38980, 37324, 36729, 35539, 44606] | memory = [47555, 46902, 47701, 46340, 46323, 46306, 47937]
line465:max stage:6, min stage:5, max_value:44606.94498831299, min_value:35539.474679565894
fix|44558.04|47937.20| op = [105, 52, 52, 52, 52, 53, 53]| tp = [1, 1, 1, 1, 1, 1, 1, ] | dp = [2, 1, 1, 1, 1, 1, 1, ] | algo = [0, 0, 0, 0, 0, 0, 0, ] | rc = [56, 27, 22, 16, 14, 10, 10] | gpus = [2, 1, 1, 1, 1, 1, 1] | micro_bs = 8 | time = [42084, 40868, 38980, 37324, 36729, 35662, 44558] | memory = [47555, 46902, 47701, 46340, 46323, 46466, 47937]
cv:0.07513214871110496
line465:max stage:6, min stage:5, max_value:44558.043944171586, min_value:35662.62586942448
fix|42934.24|47877.20| op = [105, 52, 52, 52, 52, 54, 52]| tp = [1, 1, 1, 1, 1, 1, 1, ] | dp = [2, 1, 1, 1, 1, 1, 1, ] | algo = [0, 0, 0, 0, 0, 0, 0, ] | rc = [56, 27, 22, 16, 14, 10, 8] | gpus = [2, 1, 1, 1, 1, 1, 1] | micro_bs = 8 | time = [42081, 40865, 38977, 37321, 36726, 36893, 42934] | memory = [47555, 46902, 47701, 46340, 46323, 47246, 47877]
cv:0.06048312027066328
line465:max stage:6, min stage:4, max_value:42934.23540961398, min_value:36726.88387995041
fix|43555.95|47717.20| op = [105, 52, 52, 52, 53, 54, 51]| tp = [1, 1, 1, 1, 1, 1, 1, ] | dp = [2, 1, 1, 1, 1, 1, 1, ] | algo = [0, 0, 0, 0, 0, 0, 0, ] | rc = [56, 27, 22, 16, 14, 12, 9] | gpus = [2, 1, 1, 1, 1, 1, 1] | micro_bs = 8 | time = [42104, 40888, 39001, 37345, 36872, 39139, 43555] | memory = [47555, 46902, 47701, 46340, 46563, 47246, 47717]
cv:0.05712141286061111
line465:max stage:6, min stage:4, max_value:43555.94641908426, min_value:36872.641991560085
fix|42516.23|47717.20| op = [105, 52, 52, 52, 54, 54, 50]| tp = [1, 1, 1, 1, 1, 1, 1, ] | dp = [2, 1, 1, 1, 1, 1, 1, ] | algo = [0, 0, 0, 0, 0, 0, 0, ] | rc = [56, 27, 22, 16, 14, 12, 8] | gpus = [2, 1, 1, 1, 1, 1, 1] | micro_bs = 8 | time = [42103, 40887, 38999, 37343, 38105, 38802, 42516] | memory = [47555, 46902, 47701, 46340, 47583, 46786, 47717]
cv:0.04688483220534737
line465:max stage:6, min stage:3, max_value:42516.22802194385, min_value:37343.89412308601
fix|42133.95|47717.20| op = [105, 52, 52, 53, 54, 54, 49]| tp = [1, 1, 1, 1, 1, 1, 1, ] | dp = [2, 1, 1, 1, 1, 1, 1, ] | algo = [0, 0, 0, 0, 0, 0, 0, ] | rc = [56, 27, 22, 16, 16, 18, 6] | gpus = [2, 1, 1, 1, 1, 1, 1] | micro_bs = 8 | time = [42133, 40918, 39030, 37497, 40359, 41950, 40990] | memory = [47555, 46902, 47701, 46660, 47583, 47490, 47717]
cv:0.03779463241404343
line465:max stage:0, min stage:3, max_value:42133.95083670875, min_value:37497.23228769569
fix|41954.88|47975.16| op = [104, 52, 52, 54, 54, 54, 49]| tp = [1, 1, 1, 1, 1, 1, 1, ] | dp = [2, 1, 1, 1, 1, 1, 1, ] | algo = [0, 0, 0, 0, 0, 0, 0, ] | rc = [55, 27, 24, 16, 16, 18, 6] | gpus = [2, 1, 1, 1, 1, 1, 1] | micro_bs = 8 | time = [41892, 40996, 39660, 37627, 40363, 41954, 40995] | memory = [47975, 47382, 46501, 47460, 47583, 47490, 47717]
cv:0.0343148655003152
line465:max stage:5, min stage:3, max_value:41954.87714619245, min_value:37627.9657751089
fix|41895.74|47975.16| op = [104, 52, 52, 55, 54, 53, 49]| tp = [1, 1, 1, 1, 1, 1, 1, ] | dp = [2, 1, 1, 1, 1, 1, 1, ] | algo = [0, 0, 0, 0, 0, 0, 0, ] | rc = [55, 27, 24, 18, 16, 17, 6] | gpus = [2, 1, 1, 1, 1, 1, 1] | micro_bs = 8 | time = [41895, 40999, 39663, 39417, 40030, 40919, 40998] | memory = [47975, 47382, 46501, 47440, 47043, 47490, 47717]
cv:0.020177563848995547
line465:max stage:0, min stage:3, max_value:41895.735610493546, min_value:39417.10106155131
fix|41720.43|47840.50| op = [103, 52, 52, 56, 54, 53, 49]| tp = [1, 1, 1, 1, 1, 1, 1, ] | dp = [2, 1, 1, 1, 1, 1, 1, ] | algo = [0, 0, 0, 0, 0, 0, 0, ] | rc = [55, 28, 24, 20, 16, 17, 6] | gpus = [2, 1, 1, 1, 1, 1, 1] | micro_bs = 8 | time = [41334, 41720, 39939, 41352, 40048, 40937, 41016] | memory = [47295, 47382, 47701, 47840, 47043, 47490, 47717]
cv:0.01526203412440755
line465:max stage:1, min stage:2, max_value:41720.427223227765, min_value:39939.676403227764
fix|41473.16|47840.50| op = [103, 51, 53, 56, 54, 53, 49]| tp = [1, 1, 1, 1, 1, 1, 1, ] | dp = [2, 1, 1, 1, 1, 1, 1, ] | algo = [0, 0, 0, 0, 0, 0, 0, ] | rc = [55, 27, 26, 20, 16, 17, 6] | gpus = [2, 1, 1, 1, 1, 1, 1] | micro_bs = 8 | time = [41337, 41473, 40490, 41354, 40050, 40939, 41018] | memory = [47295, 47382, 47701, 47840, 47043, 47490, 47717]
best|41473.16|47840.50| op = [103, 51, 53, 56, 54, 53, 49]| tp = [1, 1, 1, 1, 1, 1, 1, ] | dp = [2, 1, 1, 1, 1, 1, 1, ] | algo = [0, 0, 0, 0, 0, 0, 0, ] | rc = [55, 27, 26, 20, 16, 17, 6] | gpus = [2, 1, 1, 1, 1, 1, 1] | micro_bs = 8 | time = [41337, 41473, 40490, 41354, 40050, 40939, 41018] | memory = [47295, 47382, 47701, 47840, 47043, 47490, 47717]
line146:config.memory_list:[47295.16100000008, 47382.0, 47701.099999999984, 47840.5, 47043.0, 47490.0, 47717.203]
line147:config.time_list:[41337.16341821203, 41473.1556373606, 40490.432177360606, 41354.65565529214, 40050.95829494404, 40939.96081913829, 41018.941412774686]
------------------------------------------------------------------------------------------------------
cegis_search for the 0th times
开始求解check...
line351:
tp_list[1, 1, 1, 1, 1, 1, 1, 1, 1, 1, 1, 1, 1, 1, 1, 1, 1, 1, 1, 1, 1, 1, 1, 1, 1, 1, 1, 1, 1, 1, 1, 1, 1, 1, 1, 1, 1, 1, 1, 1, 1, 1, 1, 1, 1, 1, 1, 1, 1, 1, 1, 1, 1, 1, 1, 1, 1, 1, 1, 1, 1, 1, 1, 1, 1, 1, 1, 1, 1, 1, 1, 1, 1, 1, 1, 1, 1, 1, 1, 1, 1, 1, 1, 1, 1, 1, 1, 1, 1, 1, 1, 1, 1, 1, 1, 1, 1, 1, 1, 1, 1, 1, 1, 1, 1, 1, 1, 1, 1, 1, 1, 1, 1, 1, 1, 1, 1, 1, 1, 1, 1, 1, 1, 1, 1, 1, 1, 1, 1, 1, 1, 1, 1, 1, 1, 1, 1, 1, 1, 1, 1, 1, 1, 1, 1, 1, 1, 1, 1, 1, 1, 1, 1, 1, 1, 1, 1, 1, 1, 1, 1, 1, 1, 1, 1, 1, 1, 1, 1, 1, 1, 1, 1, 1, 1, 1, 1, 1, 1, 1, 1, 1, 1, 1, 1, 1, 1, 1, 1, 1, 1, 1, 1, 1, 1, 1, 1, 1, 1, 1, 1, 1, 1, 1, 1, 1, 1, 1, 1, 1, 1, 1, 1, 1, 1, 1, 1, 1, 1, 1, 1, 1, 1, 1, 1, 1, 1, 1, 1, 1, 1, 1, 1, 1, 1, 1, 1, 1, 1, 1, 1, 1, 1, 1, 1, 1, 1, 1, 1, 1, 1, 1, 1, 1, 1, 1, 1, 1, 1, 1, 1, 1, 1, 1, 1, 1, 1, 1, 1, 1, 1, 1, 1, 1, 1, 1, 1, 1, 1, 1, 1, 1, 1, 1, 1, 1, 1, 1, 1, 1, 1, 1, 1, 1, 1, 1, 1, 1, 1, 1, 1, 1, 1, 1, 1, 1, 1, 1, 1, 1, 1, 1, 1, 1, 1, 1, 1, 1, 1, 1, 1, 1, 1, 1, 1, 1, 1, 1, 1, 1, 1, 1, 1, 1, 1, 1, 1, 1, 1, 1, 1, 1, 1, 1, 1, 1, 1, 1, 1, 1, 1, 1, 1, 1, 1, 1, 1, 1, 1, 1, 1, 1, 1, 1, 1, 1, 1, 1, 1, 1, 1, 1, 1, 1, 1, 1, 1, 1, 1, 1, 1, 1, 1, 1, 1, 1, 1, 1, 1, 1, 1, 1, 1, 1, 1, 1, 1, 1, 1, 1, 1, 1, 1, 1, 1, 1, 1, 1, 1, 1, 1, 1, 1, 1, 1, 1, 1, 1, 1]
dp_list[2, 2, 2, 2, 2, 2, 2, 2, 2, 2, 2, 2, 2, 2, 2, 2, 2, 2, 2, 2, 2, 2, 2, 2, 2, 2, 2, 2, 2, 2, 2, 2, 2, 2, 2, 2, 2, 2, 2, 2, 2, 2, 2, 2, 2, 2, 2, 2, 2, 2, 2, 2, 2, 2, 2, 2, 2, 2, 2, 2, 2, 2, 2, 2, 2, 2, 2, 2, 2, 2, 2, 2, 2, 2, 2, 2, 2, 2, 2, 2, 2, 2, 2, 2, 2, 2, 2, 2, 2, 2, 2, 2, 2, 2, 2, 2, 2, 2, 2, 2, 2, 2, 2, 1, 1, 1, 1, 1, 1, 1, 1, 1, 1, 1, 1, 1, 1, 1, 1, 1, 1, 1, 1, 1, 1, 1, 1, 1, 1, 1, 1, 1, 1, 1, 1, 1, 1, 1, 1, 1, 1, 1, 1, 1, 1, 1, 1, 1, 1, 1, 1, 1, 1, 1, 1, 1, 1, 1, 1, 1, 1, 1, 1, 1, 1, 1, 1, 1, 1, 1, 1, 1, 1, 1, 1, 1, 1, 1, 1, 1, 1, 1, 1, 1, 1, 1, 1, 1, 1, 1, 1, 1, 1, 1, 1, 1, 1, 1, 1, 1, 1, 1, 1, 1, 1, 1, 1, 1, 1, 1, 1, 1, 1, 1, 1, 1, 1, 1, 1, 1, 1, 1, 1, 1, 1, 1, 1, 1, 1, 1, 1, 1, 1, 1, 1, 1, 1, 1, 1, 1, 1, 1, 1, 1, 1, 1, 1, 1, 1, 1, 1, 1, 1, 1, 1, 1, 1, 1, 1, 1, 1, 1, 1, 1, 1, 1, 1, 1, 1, 1, 1, 1, 1, 1, 1, 1, 1, 1, 1, 1, 1, 1, 1, 1, 1, 1, 1, 1, 1, 1, 1, 1, 1, 1, 1, 1, 1, 1, 1, 1, 1, 1, 1, 1, 1, 1, 1, 1, 1, 1, 1, 1, 1, 1, 1, 1, 1, 1, 1, 1, 1, 1, 1, 1, 1, 1, 1, 1, 1, 1, 1, 1, 1, 1, 1, 1, 1, 1, 1, 1, 1, 1, 1, 1, 1, 1, 1, 1, 1, 1, 1, 1, 1, 1, 1, 1, 1, 1, 1, 1, 1, 1, 1, 1, 1, 1, 1, 1, 1, 1, 1, 1, 1, 1, 1, 1, 1, 1, 1, 1, 1, 1, 1, 1, 1, 1, 1, 1, 1, 1, 1, 1, 1, 1, 1, 1, 1, 1, 1, 1, 1, 1, 1, 1, 1, 1, 1, 1, 1, 1, 1, 1, 1, 1, 1, 1, 1, 1, 1]
algo_list[0, 0, 0, 0, 0, 0, 0, 0, 0, 0, 0, 0, 0, 0, 0, 0, 0, 0, 0, 0, 0, 0, 0, 0, 0, 0, 0, 0, 0, 0, 0, 0, 0, 0, 0, 0, 0, 0, 0, 0, 0, 0, 0, 0, 0, 0, 0, 0, 0, 0, 0, 0, 0, 0, 0, 0, 0, 0, 0, 0, 0, 0, 0, 0, 0, 0, 0, 0, 0, 0, 0, 0, 0, 0, 0, 0, 0, 0, 0, 0, 0, 0, 0, 0, 0, 0, 0, 0, 0, 0, 0, 0, 0, 0, 0, 0, 0, 0, 0, 0, 0, 0, 0, 0, 0, 0, 0, 0, 0, 0, 0, 0, 0, 0, 0, 0, 0, 0, 0, 0, 0, 0, 0, 0, 0, 0, 0, 0, 0, 0, 0, 0, 0, 0, 0, 0, 0, 0, 0, 0, 0, 0, 0, 0, 0, 0, 0, 0, 0, 0, 0, 0, 0, 0, 0, 0, 0, 0, 0, 0, 0, 0, 0, 0, 0, 0, 0, 0, 0, 0, 0, 0, 0, 0, 0, 0, 0, 0, 0, 0, 0, 0, 0, 0, 0, 0, 0, 0, 0, 0, 0, 0, 0, 0, 0, 0, 0, 0, 0, 0, 0, 0, 0, 0, 0, 0, 0, 0, 0, 0, 0, 0, 0, 0, 0, 0, 0, 0, 0, 0, 0, 0, 0, 0, 0, 0, 0, 0, 0, 0, 0, 0, 0, 0, 0, 0, 0, 0, 0, 0, 0, 0, 0, 0, 0, 0, 0, 0, 0, 0, 0, 0, 0, 0, 0, 0, 0, 0, 0, 0, 0, 0, 0, 0, 0, 0, 0, 0, 0, 0, 0, 0, 0, 0, 0, 0, 0, 0, 0, 0, 0, 0, 0, 0, 0, 0, 0, 0, 0, 0, 0, 0, 0, 0, 0, 0, 0, 0, 0, 0, 0, 0, 0, 0, 0, 0, 0, 0, 0, 0, 0, 0, 0, 0, 0, 0, 0, 0, 0, 0, 0, 0, 0, 0, 0, 0, 0, 0, 0, 0, 0, 0, 0, 0, 0, 0, 0, 0, 0, 0, 0, 0, 0, 0, 0, 0, 0, 0, 0, 0, 0, 0, 0, 0, 0, 0, 0, 0, 0, 0, 0, 0, 0, 0, 0, 0, 0, 0, 0, 0, 0, 0, 0, 0, 0, 0, 0, 0, 0, 0, 0, 0, 0, 0, 0, 0, 0, 0, 0, 0, 0, 0, 0, 0, 0, 0, 0, 0, 0, 0, 0, 0, 0, 0, 0, 0, 0, 0, 0, 0, 0, 0, 0, 0, 0, 0, 0, 0, 0]

decode|41473.16|47840.50| op = [103, 51, 53, 56, 54, 53, 49]| tp = [1, 1, 1, 1, 1, 1, 1, ] | dp = [2, 1, 1, 1, 1, 1, 1, ] | algo = [0, 0, 0, 0, 0, 0, 0, ] | rc = [55, 27, 26, 20, 16, 17, 6] | gpus = [2, 1, 1, 1, 1, 1, 1] | micro_bs = 8 | time = [41337, 41473, 40490, 41354, 40050, 40939, 41018] | memory = [47295, 47382, 47701, 47840, 47043, 47490, 47717]
验证解
line465:max stage:1, min stage:4, max_value:41473.1556373606, min_value:40050.95829494404
fix|41989.29|47860.58| op = [103, 50, 53, 56, 55, 53, 49]| tp = [1, 1, 1, 1, 1, 1, 1, ] | dp = [2, 1, 1, 1, 1, 1, 1, ] | algo = [0, 0, 0, 0, 0, 0, 0, ] | rc = [55, 24, 26, 20, 16, 17, 6] | gpus = [2, 1, 1, 1, 1, 1, 1] | micro_bs = 8 | time = [41329, 39045, 41989, 40201, 41111, 40932, 41011] | memory = [47295, 46982, 47541, 47860, 47583, 47490, 47717]
cv:0.021304485522656118
line465:max stage:2, min stage:1, max_value:41989.29410567311, min_value:39045.56373414697
fix|41466.78|47860.58| op = [103, 51, 52, 56, 55, 53, 49]| tp = [1, 1, 1, 1, 1, 1, 1, ] | dp = [2, 1, 1, 1, 1, 1, 1, ] | algo = [0, 0, 0, 0, 0, 0, 0, ] | rc = [55, 27, 24, 20, 16, 17, 6] | gpus = [2, 1, 1, 1, 1, 1, 1] | micro_bs = 8 | time = [41330, 41466, 39750, 40203, 41113, 40933, 41012] | memory = [47295, 47382, 47701, 47860, 47583, 47490, 47717]
best|41466.78|47860.58| op = [103, 51, 52, 56, 55, 53, 49]| tp = [1, 1, 1, 1, 1, 1, 1, ] | dp = [2, 1, 1, 1, 1, 1, 1, ] | algo = [0, 0, 0, 0, 0, 0, 0, ] | rc = [55, 27, 24, 20, 16, 17, 6] | gpus = [2, 1, 1, 1, 1, 1, 1] | micro_bs = 8 | time = [41330, 41466, 39750, 40203, 41113, 40933, 41012] | memory = [47295, 47382, 47701, 47860, 47583, 47490, 47717]
line146:config.memory_list:[47295.16100000008, 47382.0, 47701.099999999984, 47860.57999999999, 47583.0, 47490.0, 47717.203]
line147:config.time_list:[41330.78757695917, 41466.779796107745, 39750.50678763389, 40203.366923982576, 41113.31305310835, 40933.58497788543, 41012.56557152182]
求解成功
config has been saved to /home/liminglong.lml/sxz/SuperScaler/logs-large/aceso/configs/gpt/2_6B/gpt_2_6B_7stages_2026-5-15-6-59-57.json

========== Best Result (num_stages = 7) ==========
|41466.78|47860.58| op = [103, 51, 52, 56, 55, 53, 49]| tp = [1, 1, 1, 1, 1, 1, 1, ] | dp = [2, 1, 1, 1, 1, 1, 1, ] | algo = [0, 0, 0, 0, 0, 0, 0, ] | rc = [55, 27, 24, 20, 16, 17, 6] | gpus = [2, 1, 1, 1, 1, 1, 1] | micro_bs = 8 | time = [41330, 41466, 39750, 40203, 41113, 40933, 41012] | memory = [47295, 47382, 47701, 47860, 47583, 47490, 47717]
start|44606.94|47937.33| op = [105, 52, 52, 52, 52, 52, 54]| tp = [1, 1, 1, 1, 1, 1, 1, ] | dp = [2, 1, 1, 1, 1, 1, 1, ] | algo = [0, 0, 0, 0, 0, 0, 0, ] | rc = [56, 27, 22, 16, 14, 10, 10] | gpus = [2, 1, 1, 1, 1, 1, 1] | micro_bs = 8 | time = [42083, 40867, 38980, 37324, 36729, 35539, 44606] | memory = [47555, 46902, 47701, 46340, 46323, 46306, 47937]
fix|44558.04|47937.20| op = [105, 52, 52, 52, 52, 53, 53]| tp = [1, 1, 1, 1, 1, 1, 1, ] | dp = [2, 1, 1, 1, 1, 1, 1, ] | algo = [0, 0, 0, 0, 0, 0, 0, ] | rc = [56, 27, 22, 16, 14, 10, 10] | gpus = [2, 1, 1, 1, 1, 1, 1] | micro_bs = 8 | time = [42084, 40868, 38980, 37324, 36729, 35662, 44558] | memory = [47555, 46902, 47701, 46340, 46323, 46466, 47937]
fix|42934.24|47877.20| op = [105, 52, 52, 52, 52, 54, 52]| tp = [1, 1, 1, 1, 1, 1, 1, ] | dp = [2, 1, 1, 1, 1, 1, 1, ] | algo = [0, 0, 0, 0, 0, 0, 0, ] | rc = [56, 27, 22, 16, 14, 10, 8] | gpus = [2, 1, 1, 1, 1, 1, 1] | micro_bs = 8 | time = [42081, 40865, 38977, 37321, 36726, 36893, 42934] | memory = [47555, 46902, 47701, 46340, 46323, 47246, 47877]
fix|43555.95|47717.20| op = [105, 52, 52, 52, 53, 54, 51]| tp = [1, 1, 1, 1, 1, 1, 1, ] | dp = [2, 1, 1, 1, 1, 1, 1, ] | algo = [0, 0, 0, 0, 0, 0, 0, ] | rc = [56, 27, 22, 16, 14, 12, 9] | gpus = [2, 1, 1, 1, 1, 1, 1] | micro_bs = 8 | time = [42104, 40888, 39001, 37345, 36872, 39139, 43555] | memory = [47555, 46902, 47701, 46340, 46563, 47246, 47717]
fix|42516.23|47717.20| op = [105, 52, 52, 52, 54, 54, 50]| tp = [1, 1, 1, 1, 1, 1, 1, ] | dp = [2, 1, 1, 1, 1, 1, 1, ] | algo = [0, 0, 0, 0, 0, 0, 0, ] | rc = [56, 27, 22, 16, 14, 12, 8] | gpus = [2, 1, 1, 1, 1, 1, 1] | micro_bs = 8 | time = [42103, 40887, 38999, 37343, 38105, 38802, 42516] | memory = [47555, 46902, 47701, 46340, 47583, 46786, 47717]
fix|42133.95|47717.20| op = [105, 52, 52, 53, 54, 54, 49]| tp = [1, 1, 1, 1, 1, 1, 1, ] | dp = [2, 1, 1, 1, 1, 1, 1, ] | algo = [0, 0, 0, 0, 0, 0, 0, ] | rc = [56, 27, 22, 16, 16, 18, 6] | gpus = [2, 1, 1, 1, 1, 1, 1] | micro_bs = 8 | time = [42133, 40918, 39030, 37497, 40359, 41950, 40990] | memory = [47555, 46902, 47701, 46660, 47583, 47490, 47717]
fix|41954.88|47975.16| op = [104, 52, 52, 54, 54, 54, 49]| tp = [1, 1, 1, 1, 1, 1, 1, ] | dp = [2, 1, 1, 1, 1, 1, 1, ] | algo = [0, 0, 0, 0, 0, 0, 0, ] | rc = [55, 27, 24, 16, 16, 18, 6] | gpus = [2, 1, 1, 1, 1, 1, 1] | micro_bs = 8 | time = [41892, 40996, 39660, 37627, 40363, 41954, 40995] | memory = [47975, 47382, 46501, 47460, 47583, 47490, 47717]
fix|41895.74|47975.16| op = [104, 52, 52, 55, 54, 53, 49]| tp = [1, 1, 1, 1, 1, 1, 1, ] | dp = [2, 1, 1, 1, 1, 1, 1, ] | algo = [0, 0, 0, 0, 0, 0, 0, ] | rc = [55, 27, 24, 18, 16, 17, 6] | gpus = [2, 1, 1, 1, 1, 1, 1] | micro_bs = 8 | time = [41895, 40999, 39663, 39417, 40030, 40919, 40998] | memory = [47975, 47382, 46501, 47440, 47043, 47490, 47717]
fix|41720.43|47840.50| op = [103, 52, 52, 56, 54, 53, 49]| tp = [1, 1, 1, 1, 1, 1, 1, ] | dp = [2, 1, 1, 1, 1, 1, 1, ] | algo = [0, 0, 0, 0, 0, 0, 0, ] | rc = [55, 28, 24, 20, 16, 17, 6] | gpus = [2, 1, 1, 1, 1, 1, 1] | micro_bs = 8 | time = [41334, 41720, 39939, 41352, 40048, 40937, 41016] | memory = [47295, 47382, 47701, 47840, 47043, 47490, 47717]
fix|41473.16|47840.50| op = [103, 51, 53, 56, 54, 53, 49]| tp = [1, 1, 1, 1, 1, 1, 1, ] | dp = [2, 1, 1, 1, 1, 1, 1, ] | algo = [0, 0, 0, 0, 0, 0, 0, ] | rc = [55, 27, 26, 20, 16, 17, 6] | gpus = [2, 1, 1, 1, 1, 1, 1] | micro_bs = 8 | time = [41337, 41473, 40490, 41354, 40050, 40939, 41018] | memory = [47295, 47382, 47701, 47840, 47043, 47490, 47717]
best|41473.16|47840.50| op = [103, 51, 53, 56, 54, 53, 49]| tp = [1, 1, 1, 1, 1, 1, 1, ] | dp = [2, 1, 1, 1, 1, 1, 1, ] | algo = [0, 0, 0, 0, 0, 0, 0, ] | rc = [55, 27, 26, 20, 16, 17, 6] | gpus = [2, 1, 1, 1, 1, 1, 1] | micro_bs = 8 | time = [41337, 41473, 40490, 41354, 40050, 40939, 41018] | memory = [47295, 47382, 47701, 47840, 47043, 47490, 47717]
decode|41473.16|47840.50| op = [103, 51, 53, 56, 54, 53, 49]| tp = [1, 1, 1, 1, 1, 1, 1, ] | dp = [2, 1, 1, 1, 1, 1, 1, ] | algo = [0, 0, 0, 0, 0, 0, 0, ] | rc = [55, 27, 26, 20, 16, 17, 6] | gpus = [2, 1, 1, 1, 1, 1, 1] | micro_bs = 8 | time = [41337, 41473, 40490, 41354, 40050, 40939, 41018] | memory = [47295, 47382, 47701, 47840, 47043, 47490, 47717]
fix|41989.29|47860.58| op = [103, 50, 53, 56, 55, 53, 49]| tp = [1, 1, 1, 1, 1, 1, 1, ] | dp = [2, 1, 1, 1, 1, 1, 1, ] | algo = [0, 0, 0, 0, 0, 0, 0, ] | rc = [55, 24, 26, 20, 16, 17, 6] | gpus = [2, 1, 1, 1, 1, 1, 1] | micro_bs = 8 | time = [41329, 39045, 41989, 40201, 41111, 40932, 41011] | memory = [47295, 46982, 47541, 47860, 47583, 47490, 47717]
fix|41466.78|47860.58| op = [103, 51, 52, 56, 55, 53, 49]| tp = [1, 1, 1, 1, 1, 1, 1, ] | dp = [2, 1, 1, 1, 1, 1, 1, ] | algo = [0, 0, 0, 0, 0, 0, 0, ] | rc = [55, 27, 24, 20, 16, 17, 6] | gpus = [2, 1, 1, 1, 1, 1, 1] | micro_bs = 8 | time = [41330, 41466, 39750, 40203, 41113, 40933, 41012] | memory = [47295, 47382, 47701, 47860, 47583, 47490, 47717]
best|41466.78|47860.58| op = [103, 51, 52, 56, 55, 53, 49]| tp = [1, 1, 1, 1, 1, 1, 1, ] | dp = [2, 1, 1, 1, 1, 1, 1, ] | algo = [0, 0, 0, 0, 0, 0, 0, ] | rc = [55, 27, 24, 20, 16, 17, 6] | gpus = [2, 1, 1, 1, 1, 1, 1] | micro_bs = 8 | time = [41330, 41466, 39750, 40203, 41113, 40933, 41012] | memory = [47295, 47382, 47701, 47860, 47583, 47490, 47717]

num_targets: []
num_hops: []
search time = 0.00 s.  [0] 
num_explored_cases = 0
time trend: [44606]

stage 7 search time: 0.24 s
working on num_stages = 8
start|45609.56|47817.33| op = [52, 52, 52, 52, 52, 52, 52, 55]| tp = [1, 1, 1, 1, 1, 1, 1, 1, ] | dp = [1, 1, 1, 1, 1, 1, 1, 1, ] | algo = [0, 0, 0, 0, 0, 0, 0, 0, ] | rc = [38, 36, 27, 24, 16, 14, 10, 12] | gpus = [1, 1, 1, 1, 1, 1, 1, 1] | micro_bs = 8 | time = [42365, 42030, 41265, 39929, 37721, 37126, 35936, 45609] | memory = [47779, 46939, 47382, 46501, 46660, 46563, 46466, 47817]
line465:max stage:7, min stage:6, max_value:45609.55707937157, min_value:35936.981630428716
fix|44926.42|47937.33| op = [52, 52, 52, 52, 52, 52, 53, 54]| tp = [1, 1, 1, 1, 1, 1, 1, 1, ] | dp = [1, 1, 1, 1, 1, 1, 1, 1, ] | algo = [0, 0, 0, 0, 0, 0, 0, 0, ] | rc = [38, 36, 27, 24, 16, 14, 10, 10] | gpus = [1, 1, 1, 1, 1, 1, 1, 1] | micro_bs = 8 | time = [42360, 42025, 41260, 39925, 37716, 37121, 35985, 44926] | memory = [47779, 46939, 47382, 46501, 46660, 46563, 46706, 47937]
cv:0.07093358389673683
line465:max stage:7, min stage:6, max_value:44926.42418537354, min_value:35985.132897430696
fix|44877.52|47937.20| op = [52, 52, 52, 52, 52, 52, 54, 53]| tp = [1, 1, 1, 1, 1, 1, 1, 1, ] | dp = [1, 1, 1, 1, 1, 1, 1, 1, ] | algo = [0, 0, 0, 0, 0, 0, 0, 0, ] | rc = [38, 36, 27, 24, 16, 14, 10, 10] | gpus = [1, 1, 1, 1, 1, 1, 1, 1] | micro_bs = 8 | time = [42361, 42026, 41261, 39925, 37717, 37122, 36108, 44877] | memory = [47779, 46939, 47382, 46501, 46660, 46563, 46866, 47937]
cv:0.07010414260787051
line465:max stage:7, min stage:6, max_value:44877.52314123212, min_value:36108.28408728927
fix|43253.71|47877.20| op = [52, 52, 52, 52, 52, 52, 55, 52]| tp = [1, 1, 1, 1, 1, 1, 1, 1, ] | dp = [1, 1, 1, 1, 1, 1, 1, 1, ] | algo = [0, 0, 0, 0, 0, 0, 0, 0, ] | rc = [38, 36, 27, 24, 16, 14, 10, 8] | gpus = [1, 1, 1, 1, 1, 1, 1, 1] | micro_bs = 8 | time = [42358, 42023, 41258, 39922, 37714, 37119, 37339, 43253] | memory = [47779, 46939, 47382, 46501, 46660, 46563, 47646, 47877]
cv:0.057316167848990685
line465:max stage:7, min stage:5, max_value:43253.714606674526, min_value:37119.46849261947
fix|43874.27|47779.62| op = [52, 52, 52, 52, 52, 53, 55, 51]| tp = [1, 1, 1, 1, 1, 1, 1, 1, ] | dp = [1, 1, 1, 1, 1, 1, 1, 1, ] | algo = [0, 0, 0, 0, 0, 0, 0, 0, ] | rc = [38, 36, 27, 24, 16, 14, 12, 9] | gpus = [1, 1, 1, 1, 1, 1, 1, 1] | micro_bs = 8 | time = [42380, 42045, 41280, 39944, 37736, 37194, 39507, 43874] | memory = [47779, 46939, 47382, 46501, 46660, 46923, 47246, 47717]
cv:0.05365969947313387
line465:max stage:7, min stage:5, max_value:43874.2744004261, min_value:37194.57338637253
fix|42833.83|47779.62| op = [52, 52, 52, 52, 52, 54, 55, 50]| tp = [1, 1, 1, 1, 1, 1, 1, 1, ] | dp = [1, 1, 1, 1, 1, 1, 1, 1, ] | algo = [0, 0, 0, 0, 0, 0, 0, 0, ] | rc = [38, 36, 27, 24, 16, 14, 12, 8] | gpus = [1, 1, 1, 1, 1, 1, 1, 1] | micro_bs = 8 | time = [42378, 42043, 41278, 39942, 37734, 37315, 40188, 42833] | memory = [47779, 46939, 47382, 46501, 46660, 47163, 47246, 47717]
cv:0.047976714362092686
line465:max stage:7, min stage:5, max_value:42833.83128095104, min_value:37315.312001231105
fix|42391.93|47810.00| op = [52, 52, 52, 52, 52, 55, 55, 49]| tp = [1, 1, 1, 1, 1, 1, 1, 1, ] | dp = [1, 1, 1, 1, 1, 1, 1, 1, ] | algo = [0, 0, 0, 0, 0, 0, 0, 0, ] | rc = [38, 36, 27, 24, 16, 16, 17, 6] | gpus = [1, 1, 1, 1, 1, 1, 1, 1] | micro_bs = 8 | time = [42391, 42056, 41291, 39955, 37747, 39114, 41651, 41290] | memory = [47779, 46939, 47382, 46501, 46660, 47223, 47810, 47717]
cv:0.036957458939484766
line465:max stage:0, min stage:4, max_value:42391.92959563516, min_value:37747.829860561294
fix|42491.00|47810.00| op = [51, 52, 52, 52, 53, 55, 55, 49]| tp = [1, 1, 1, 1, 1, 1, 1, 1, ] | dp = [1, 1, 1, 1, 1, 1, 1, 1, ] | algo = [0, 0, 0, 0, 0, 0, 0, 0, ] | rc = [36, 40, 28, 24, 18, 16, 17, 6] | gpus = [1, 1, 1, 1, 1, 1, 1, 1] | micro_bs = 8 | time = [41221, 42491, 42011, 40230, 39681, 39131, 41668, 41307] | memory = [47300, 46657, 47382, 47701, 47060, 47223, 47810, 47717]
cv:0.026810482498879566
line465:max stage:1, min stage:5, max_value:42491.00147500613, min_value:39131.04655680923
fix|42241.35|47810.00| op = [51, 51, 52, 52, 53, 56, 55, 49]| tp = [1, 1, 1, 1, 1, 1, 1, 1, ] | dp = [1, 1, 1, 1, 1, 1, 1, 1, ] | algo = [0, 0, 0, 0, 0, 0, 0, 0, ] | rc = [36, 39, 27, 24, 18, 18, 17, 6] | gpus = [1, 1, 1, 1, 1, 1, 1, 1] | micro_bs = 8 | time = [41221, 42241, 41497, 40045, 38709, 41048, 41668, 41307] | memory = [47300, 46657, 47142, 47701, 47620, 47623, 47810, 47717]
cv:0.025204730261743066
line465:max stage:1, min stage:4, max_value:42241.34804838633, min_value:38709.58409338632
fix|41662.73|47941.38| op = [51, 50, 52, 52, 54, 56, 55, 49]| tp = [1, 1, 1, 1, 1, 1, 1, 1, ] | dp = [1, 1, 1, 1, 1, 1, 1, 1, ] | algo = [0, 0, 0, 0, 0, 0, 0, 0, ] | rc = [36, 30, 27, 24, 20, 18, 17, 6] | gpus = [1, 1, 1, 1, 1, 1, 1, 1] | micro_bs = 8 | time = [41215, 40047, 41302, 39966, 40428, 41042, 41662, 41301] | memory = [47300, 47941, 47382, 46501, 47060, 47623, 47810, 47717]
best|41662.73|47941.38| op = [51, 50, 52, 52, 54, 56, 55, 49]| tp = [1, 1, 1, 1, 1, 1, 1, 1, ] | dp = [1, 1, 1, 1, 1, 1, 1, 1, ] | algo = [0, 0, 0, 0, 0, 0, 0, 0, ] | rc = [36, 30, 27, 24, 20, 18, 17, 6] | gpus = [1, 1, 1, 1, 1, 1, 1, 1] | micro_bs = 8 | time = [41215, 40047, 41302, 39966, 40428, 41042, 41662, 41301] | memory = [47300, 47941, 47382, 46501, 47060, 47623, 47810, 47717]
line146:config.memory_list:[47300.496000000014, 47941.375, 47382.0, 46501.0, 47060.0, 47623.375, 47810.0, 47717.203]
line147:config.time_list:[41215.79529935109, 40047.73200380662, 41302.37835768144, 39966.81524268144, 40428.11516480661, 41042.40482138944, 41662.72761604135, 41301.63058787199]
------------------------------------------------------------------------------------------------------
cegis_search for the 0th times
开始求解check...
line351:
tp_list[1, 1, 1, 1, 1, 1, 1, 1, 1, 1, 1, 1, 1, 1, 1, 1, 1, 1, 1, 1, 1, 1, 1, 1, 1, 1, 1, 1, 1, 1, 1, 1, 1, 1, 1, 1, 1, 1, 1, 1, 1, 1, 1, 1, 1, 1, 1, 1, 1, 1, 1, 1, 1, 1, 1, 1, 1, 1, 1, 1, 1, 1, 1, 1, 1, 1, 1, 1, 1, 1, 1, 1, 1, 1, 1, 1, 1, 1, 1, 1, 1, 1, 1, 1, 1, 1, 1, 1, 1, 1, 1, 1, 1, 1, 1, 1, 1, 1, 1, 1, 1, 1, 1, 1, 1, 1, 1, 1, 1, 1, 1, 1, 1, 1, 1, 1, 1, 1, 1, 1, 1, 1, 1, 1, 1, 1, 1, 1, 1, 1, 1, 1, 1, 1, 1, 1, 1, 1, 1, 1, 1, 1, 1, 1, 1, 1, 1, 1, 1, 1, 1, 1, 1, 1, 1, 1, 1, 1, 1, 1, 1, 1, 1, 1, 1, 1, 1, 1, 1, 1, 1, 1, 1, 1, 1, 1, 1, 1, 1, 1, 1, 1, 1, 1, 1, 1, 1, 1, 1, 1, 1, 1, 1, 1, 1, 1, 1, 1, 1, 1, 1, 1, 1, 1, 1, 1, 1, 1, 1, 1, 1, 1, 1, 1, 1, 1, 1, 1, 1, 1, 1, 1, 1, 1, 1, 1, 1, 1, 1, 1, 1, 1, 1, 1, 1, 1, 1, 1, 1, 1, 1, 1, 1, 1, 1, 1, 1, 1, 1, 1, 1, 1, 1, 1, 1, 1, 1, 1, 1, 1, 1, 1, 1, 1, 1, 1, 1, 1, 1, 1, 1, 1, 1, 1, 1, 1, 1, 1, 1, 1, 1, 1, 1, 1, 1, 1, 1, 1, 1, 1, 1, 1, 1, 1, 1, 1, 1, 1, 1, 1, 1, 1, 1, 1, 1, 1, 1, 1, 1, 1, 1, 1, 1, 1, 1, 1, 1, 1, 1, 1, 1, 1, 1, 1, 1, 1, 1, 1, 1, 1, 1, 1, 1, 1, 1, 1, 1, 1, 1, 1, 1, 1, 1, 1, 1, 1, 1, 1, 1, 1, 1, 1, 1, 1, 1, 1, 1, 1, 1, 1, 1, 1, 1, 1, 1, 1, 1, 1, 1, 1, 1, 1, 1, 1, 1, 1, 1, 1, 1, 1, 1, 1, 1, 1, 1, 1, 1, 1, 1, 1, 1, 1, 1, 1, 1, 1, 1, 1, 1, 1, 1, 1, 1, 1, 1, 1, 1, 1, 1, 1, 1, 1, 1, 1, 1, 1, 1, 1, 1]
dp_list[1, 1, 1, 1, 1, 1, 1, 1, 1, 1, 1, 1, 1, 1, 1, 1, 1, 1, 1, 1, 1, 1, 1, 1, 1, 1, 1, 1, 1, 1, 1, 1, 1, 1, 1, 1, 1, 1, 1, 1, 1, 1, 1, 1, 1, 1, 1, 1, 1, 1, 1, 1, 1, 1, 1, 1, 1, 1, 1, 1, 1, 1, 1, 1, 1, 1, 1, 1, 1, 1, 1, 1, 1, 1, 1, 1, 1, 1, 1, 1, 1, 1, 1, 1, 1, 1, 1, 1, 1, 1, 1, 1, 1, 1, 1, 1, 1, 1, 1, 1, 1, 1, 1, 1, 1, 1, 1, 1, 1, 1, 1, 1, 1, 1, 1, 1, 1, 1, 1, 1, 1, 1, 1, 1, 1, 1, 1, 1, 1, 1, 1, 1, 1, 1, 1, 1, 1, 1, 1, 1, 1, 1, 1, 1, 1, 1, 1, 1, 1, 1, 1, 1, 1, 1, 1, 1, 1, 1, 1, 1, 1, 1, 1, 1, 1, 1, 1, 1, 1, 1, 1, 1, 1, 1, 1, 1, 1, 1, 1, 1, 1, 1, 1, 1, 1, 1, 1, 1, 1, 1, 1, 1, 1, 1, 1, 1, 1, 1, 1, 1, 1, 1, 1, 1, 1, 1, 1, 1, 1, 1, 1, 1, 1, 1, 1, 1, 1, 1, 1, 1, 1, 1, 1, 1, 1, 1, 1, 1, 1, 1, 1, 1, 1, 1, 1, 1, 1, 1, 1, 1, 1, 1, 1, 1, 1, 1, 1, 1, 1, 1, 1, 1, 1, 1, 1, 1, 1, 1, 1, 1, 1, 1, 1, 1, 1, 1, 1, 1, 1, 1, 1, 1, 1, 1, 1, 1, 1, 1, 1, 1, 1, 1, 1, 1, 1, 1, 1, 1, 1, 1, 1, 1, 1, 1, 1, 1, 1, 1, 1, 1, 1, 1, 1, 1, 1, 1, 1, 1, 1, 1, 1, 1, 1, 1, 1, 1, 1, 1, 1, 1, 1, 1, 1, 1, 1, 1, 1, 1, 1, 1, 1, 1, 1, 1, 1, 1, 1, 1, 1, 1, 1, 1, 1, 1, 1, 1, 1, 1, 1, 1, 1, 1, 1, 1, 1, 1, 1, 1, 1, 1, 1, 1, 1, 1, 1, 1, 1, 1, 1, 1, 1, 1, 1, 1, 1, 1, 1, 1, 1, 1, 1, 1, 1, 1, 1, 1, 1, 1, 1, 1, 1, 1, 1, 1, 1, 1, 1, 1, 1, 1, 1, 1, 1, 1, 1, 1, 1, 1, 1, 1, 1, 1, 1, 1, 1, 1, 1, 1, 1]
algo_list[0, 0, 0, 0, 0, 0, 0, 0, 0, 0, 0, 0, 0, 0, 0, 0, 0, 0, 0, 0, 0, 0, 0, 0, 0, 0, 0, 0, 0, 0, 0, 0, 0, 0, 0, 0, 0, 0, 0, 0, 0, 0, 0, 0, 0, 0, 0, 0, 0, 0, 0, 0, 0, 0, 0, 0, 0, 0, 0, 0, 0, 0, 0, 0, 0, 0, 0, 0, 0, 0, 0, 0, 0, 0, 0, 0, 0, 0, 0, 0, 0, 0, 0, 0, 0, 0, 0, 0, 0, 0, 0, 0, 0, 0, 0, 0, 0, 0, 0, 0, 0, 0, 0, 0, 0, 0, 0, 0, 0, 0, 0, 0, 0, 0, 0, 0, 0, 0, 0, 0, 0, 0, 0, 0, 0, 0, 0, 0, 0, 0, 0, 0, 0, 0, 0, 0, 0, 0, 0, 0, 0, 0, 0, 0, 0, 0, 0, 0, 0, 0, 0, 0, 0, 0, 0, 0, 0, 0, 0, 0, 0, 0, 0, 0, 0, 0, 0, 0, 0, 0, 0, 0, 0, 0, 0, 0, 0, 0, 0, 0, 0, 0, 0, 0, 0, 0, 0, 0, 0, 0, 0, 0, 0, 0, 0, 0, 0, 0, 0, 0, 0, 0, 0, 0, 0, 0, 0, 0, 0, 0, 0, 0, 0, 0, 0, 0, 0, 0, 0, 0, 0, 0, 0, 0, 0, 0, 0, 0, 0, 0, 0, 0, 0, 0, 0, 0, 0, 0, 0, 0, 0, 0, 0, 0, 0, 0, 0, 0, 0, 0, 0, 0, 0, 0, 0, 0, 0, 0, 0, 0, 0, 0, 0, 0, 0, 0, 0, 0, 0, 0, 0, 0, 0, 0, 0, 0, 0, 0, 0, 0, 0, 0, 0, 0, 0, 0, 0, 0, 0, 0, 0, 0, 0, 0, 0, 0, 0, 0, 0, 0, 0, 0, 0, 0, 0, 0, 0, 0, 0, 0, 0, 0, 0, 0, 0, 0, 0, 0, 0, 0, 0, 0, 0, 0, 0, 0, 0, 0, 0, 0, 0, 0, 0, 0, 0, 0, 0, 0, 0, 0, 0, 0, 0, 0, 0, 0, 0, 0, 0, 0, 0, 0, 0, 0, 0, 0, 0, 0, 0, 0, 0, 0, 0, 0, 0, 0, 0, 0, 0, 0, 0, 0, 0, 0, 0, 0, 0, 0, 0, 0, 0, 0, 0, 0, 0, 0, 0, 0, 0, 0, 0, 0, 0, 0, 0, 0, 0, 0, 0, 0, 0, 0, 0, 0, 0, 0, 0, 0, 0, 0, 0, 0, 0, 0, 0, 0, 0, 0, 0]

decode|41662.73|47941.38| op = [51, 50, 52, 52, 54, 56, 55, 49]| tp = [1, 1, 1, 1, 1, 1, 1, 1, ] | dp = [1, 1, 1, 1, 1, 1, 1, 1, ] | algo = [0, 0, 0, 0, 0, 0, 0, 0, ] | rc = [36, 30, 27, 24, 20, 18, 17, 6] | gpus = [1, 1, 1, 1, 1, 1, 1, 1] | micro_bs = 8 | time = [41215, 40047, 41302, 39966, 40428, 41042, 41662, 41301] | memory = [47300, 47941, 47382, 46501, 47060, 47623, 47810, 47717]
验证解
line465:max stage:6, min stage:3, max_value:41662.72761604135, min_value:39966.81524268144
fix|42304.62|47941.38| op = [51, 50, 52, 53, 54, 56, 54, 49]| tp = [1, 1, 1, 1, 1, 1, 1, 1, ] | dp = [1, 1, 1, 1, 1, 1, 1, 1, ] | algo = [0, 0, 0, 0, 0, 0, 0, 0, ] | rc = [36, 30, 27, 26, 20, 18, 18, 6] | gpus = [1, 1, 1, 1, 1, 1, 1, 1] | micro_bs = 8 | time = [41240, 40072, 41327, 42304, 40341, 41422, 42286, 41326] | memory = [47300, 47941, 47382, 47541, 47060, 47223, 47490, 47717]
cv:0.018014041566000484
line465:max stage:3, min stage:1, max_value:42304.62058535938, min_value:40072.57929083325
fix|42287.18|47717.20| op = [51, 51, 52, 52, 54, 56, 54, 49]| tp = [1, 1, 1, 1, 1, 1, 1, 1, ] | dp = [1, 1, 1, 1, 1, 1, 1, 1, ] | algo = [0, 0, 0, 0, 0, 0, 0, 0, ] | rc = [36, 39, 27, 24, 20, 18, 18, 6] | gpus = [1, 1, 1, 1, 1, 1, 1, 1] | micro_bs = 8 | time = [41241, 42261, 41517, 40065, 40342, 41423, 42287, 41327] | memory = [47300, 46657, 47142, 47701, 47060, 47223, 47490, 47717]
cv:0.017964770770220698
line465:max stage:6, min stage:3, max_value:42287.179568881176, min_value:40065.495251629625
fix|42254.95|47717.20| op = [51, 51, 52, 53, 54, 56, 53, 49]| tp = [1, 1, 1, 1, 1, 1, 1, 1, ] | dp = [1, 1, 1, 1, 1, 1, 1, 1, ] | algo = [0, 0, 0, 0, 0, 0, 0, 0, ] | rc = [36, 39, 27, 26, 18, 16, 17, 6] | gpus = [1, 1, 1, 1, 1, 1, 1, 1] | micro_bs = 8 | time = [41235, 42254, 41510, 40792, 39748, 41471, 41241, 41320] | memory = [47300, 46657, 47142, 47701, 47540, 47583, 47490, 47717]
cv:0.01622524531933104
line465:max stage:1, min stage:4, max_value:42254.95370030301, min_value:39748.18573731806
fix|42297.29|47941.38| op = [51, 50, 52, 53, 55, 56, 53, 49]| tp = [1, 1, 1, 1, 1, 1, 1, 1, ] | dp = [1, 1, 1, 1, 1, 1, 1, 1, ] | algo = [0, 0, 0, 0, 0, 0, 0, 0, ] | rc = [36, 30, 27, 26, 20, 16, 17, 6] | gpus = [1, 1, 1, 1, 1, 1, 1, 1] | micro_bs = 8 | time = [41233, 40065, 41319, 42297, 40387, 41469, 41240, 41319] | memory = [47300, 47941, 47382, 47541, 47540, 47583, 47490, 47717]
cv:0.015475617124188552
line465:max stage:3, min stage:1, max_value:42297.285672165606, min_value:40065.24437763948
fix|42254.22|47717.20| op = [51, 51, 52, 52, 55, 56, 53, 49]| tp = [1, 1, 1, 1, 1, 1, 1, 1, ] | dp = [1, 1, 1, 1, 1, 1, 1, 1, ] | algo = [0, 0, 0, 0, 0, 0, 0, 0, ] | rc = [36, 39, 27, 24, 20, 16, 17, 6] | gpus = [1, 1, 1, 1, 1, 1, 1, 1] | micro_bs = 8 | time = [41234, 42254, 41509, 40058, 40388, 41470, 41241, 41320] | memory = [47300, 46657, 47142, 47701, 47540, 47583, 47490, 47717]
cv:0.015496218620060644
line465:max stage:1, min stage:3, max_value:42254.224868909725, min_value:40058.16033843585
fix|42297.29|47941.38| op = [51, 50, 52, 53, 55, 56, 53, 49]| tp = [1, 1, 1, 1, 1, 1, 1, 1, ] | dp = [1, 1, 1, 1, 1, 1, 1, 1, ] | algo = [0, 0, 0, 0, 0, 0, 0, 0, ] | rc = [36, 30, 27, 26, 20, 16, 17, 6] | gpus = [1, 1, 1, 1, 1, 1, 1, 1] | micro_bs = 8 | time = [41233, 40065, 41319, 42297, 40387, 41469, 41240, 41319] | memory = [47300, 47941, 47382, 47541, 47540, 47583, 47490, 47717]
cv:0.015475617124188552
line465:max stage:3, min stage:1, max_value:42297.285672165606, min_value:40065.24437763948
best|41662.73|47941.38| op = [51, 50, 52, 52, 54, 56, 55, 49]| tp = [1, 1, 1, 1, 1, 1, 1, 1, ] | dp = [1, 1, 1, 1, 1, 1, 1, 1, ] | algo = [0, 0, 0, 0, 0, 0, 0, 0, ] | rc = [36, 30, 27, 24, 20, 18, 17, 6] | gpus = [1, 1, 1, 1, 1, 1, 1, 1] | micro_bs = 8 | time = [41215, 40047, 41302, 39966, 40428, 41042, 41662, 41301] | memory = [47300, 47941, 47382, 46501, 47060, 47623, 47810, 47717]
line146:config.memory_list:[47300.496000000014, 47941.375, 47382.0, 46501.0, 47060.0, 47623.375, 47810.0, 47717.203]
line147:config.time_list:[41215.79529935109, 40047.73200380662, 41302.37835768144, 39966.81524268144, 40428.11516480661, 41042.40482138944, 41662.72761604135, 41301.63058787199]
求解成功
config has been saved to /home/liminglong.lml/sxz/SuperScaler/logs-large/aceso/configs/gpt/2_6B/gpt_2_6B_8stages_2026-5-15-6-59-57.json

========== Best Result (num_stages = 8) ==========
|41662.73|47941.38| op = [51, 50, 52, 52, 54, 56, 55, 49]| tp = [1, 1, 1, 1, 1, 1, 1, 1, ] | dp = [1, 1, 1, 1, 1, 1, 1, 1, ] | algo = [0, 0, 0, 0, 0, 0, 0, 0, ] | rc = [36, 30, 27, 24, 20, 18, 17, 6] | gpus = [1, 1, 1, 1, 1, 1, 1, 1] | micro_bs = 8 | time = [41215, 40047, 41302, 39966, 40428, 41042, 41662, 41301] | memory = [47300, 47941, 47382, 46501, 47060, 47623, 47810, 47717]
start|45609.56|47817.33| op = [52, 52, 52, 52, 52, 52, 52, 55]| tp = [1, 1, 1, 1, 1, 1, 1, 1, ] | dp = [1, 1, 1, 1, 1, 1, 1, 1, ] | algo = [0, 0, 0, 0, 0, 0, 0, 0, ] | rc = [38, 36, 27, 24, 16, 14, 10, 12] | gpus = [1, 1, 1, 1, 1, 1, 1, 1] | micro_bs = 8 | time = [42365, 42030, 41265, 39929, 37721, 37126, 35936, 45609] | memory = [47779, 46939, 47382, 46501, 46660, 46563, 46466, 47817]
fix|44926.42|47937.33| op = [52, 52, 52, 52, 52, 52, 53, 54]| tp = [1, 1, 1, 1, 1, 1, 1, 1, ] | dp = [1, 1, 1, 1, 1, 1, 1, 1, ] | algo = [0, 0, 0, 0, 0, 0, 0, 0, ] | rc = [38, 36, 27, 24, 16, 14, 10, 10] | gpus = [1, 1, 1, 1, 1, 1, 1, 1] | micro_bs = 8 | time = [42360, 42025, 41260, 39925, 37716, 37121, 35985, 44926] | memory = [47779, 46939, 47382, 46501, 46660, 46563, 46706, 47937]
fix|44877.52|47937.20| op = [52, 52, 52, 52, 52, 52, 54, 53]| tp = [1, 1, 1, 1, 1, 1, 1, 1, ] | dp = [1, 1, 1, 1, 1, 1, 1, 1, ] | algo = [0, 0, 0, 0, 0, 0, 0, 0, ] | rc = [38, 36, 27, 24, 16, 14, 10, 10] | gpus = [1, 1, 1, 1, 1, 1, 1, 1] | micro_bs = 8 | time = [42361, 42026, 41261, 39925, 37717, 37122, 36108, 44877] | memory = [47779, 46939, 47382, 46501, 46660, 46563, 46866, 47937]
fix|43253.71|47877.20| op = [52, 52, 52, 52, 52, 52, 55, 52]| tp = [1, 1, 1, 1, 1, 1, 1, 1, ] | dp = [1, 1, 1, 1, 1, 1, 1, 1, ] | algo = [0, 0, 0, 0, 0, 0, 0, 0, ] | rc = [38, 36, 27, 24, 16, 14, 10, 8] | gpus = [1, 1, 1, 1, 1, 1, 1, 1] | micro_bs = 8 | time = [42358, 42023, 41258, 39922, 37714, 37119, 37339, 43253] | memory = [47779, 46939, 47382, 46501, 46660, 46563, 47646, 47877]
fix|43874.27|47779.62| op = [52, 52, 52, 52, 52, 53, 55, 51]| tp = [1, 1, 1, 1, 1, 1, 1, 1, ] | dp = [1, 1, 1, 1, 1, 1, 1, 1, ] | algo = [0, 0, 0, 0, 0, 0, 0, 0, ] | rc = [38, 36, 27, 24, 16, 14, 12, 9] | gpus = [1, 1, 1, 1, 1, 1, 1, 1] | micro_bs = 8 | time = [42380, 42045, 41280, 39944, 37736, 37194, 39507, 43874] | memory = [47779, 46939, 47382, 46501, 46660, 46923, 47246, 47717]
fix|42833.83|47779.62| op = [52, 52, 52, 52, 52, 54, 55, 50]| tp = [1, 1, 1, 1, 1, 1, 1, 1, ] | dp = [1, 1, 1, 1, 1, 1, 1, 1, ] | algo = [0, 0, 0, 0, 0, 0, 0, 0, ] | rc = [38, 36, 27, 24, 16, 14, 12, 8] | gpus = [1, 1, 1, 1, 1, 1, 1, 1] | micro_bs = 8 | time = [42378, 42043, 41278, 39942, 37734, 37315, 40188, 42833] | memory = [47779, 46939, 47382, 46501, 46660, 47163, 47246, 47717]
fix|42391.93|47810.00| op = [52, 52, 52, 52, 52, 55, 55, 49]| tp = [1, 1, 1, 1, 1, 1, 1, 1, ] | dp = [1, 1, 1, 1, 1, 1, 1, 1, ] | algo = [0, 0, 0, 0, 0, 0, 0, 0, ] | rc = [38, 36, 27, 24, 16, 16, 17, 6] | gpus = [1, 1, 1, 1, 1, 1, 1, 1] | micro_bs = 8 | time = [42391, 42056, 41291, 39955, 37747, 39114, 41651, 41290] | memory = [47779, 46939, 47382, 46501, 46660, 47223, 47810, 47717]
fix|42491.00|47810.00| op = [51, 52, 52, 52, 53, 55, 55, 49]| tp = [1, 1, 1, 1, 1, 1, 1, 1, ] | dp = [1, 1, 1, 1, 1, 1, 1, 1, ] | algo = [0, 0, 0, 0, 0, 0, 0, 0, ] | rc = [36, 40, 28, 24, 18, 16, 17, 6] | gpus = [1, 1, 1, 1, 1, 1, 1, 1] | micro_bs = 8 | time = [41221, 42491, 42011, 40230, 39681, 39131, 41668, 41307] | memory = [47300, 46657, 47382, 47701, 47060, 47223, 47810, 47717]
fix|42241.35|47810.00| op = [51, 51, 52, 52, 53, 56, 55, 49]| tp = [1, 1, 1, 1, 1, 1, 1, 1, ] | dp = [1, 1, 1, 1, 1, 1, 1, 1, ] | algo = [0, 0, 0, 0, 0, 0, 0, 0, ] | rc = [36, 39, 27, 24, 18, 18, 17, 6] | gpus = [1, 1, 1, 1, 1, 1, 1, 1] | micro_bs = 8 | time = [41221, 42241, 41497, 40045, 38709, 41048, 41668, 41307] | memory = [47300, 46657, 47142, 47701, 47620, 47623, 47810, 47717]
fix|41662.73|47941.38| op = [51, 50, 52, 52, 54, 56, 55, 49]| tp = [1, 1, 1, 1, 1, 1, 1, 1, ] | dp = [1, 1, 1, 1, 1, 1, 1, 1, ] | algo = [0, 0, 0, 0, 0, 0, 0, 0, ] | rc = [36, 30, 27, 24, 20, 18, 17, 6] | gpus = [1, 1, 1, 1, 1, 1, 1, 1] | micro_bs = 8 | time = [41215, 40047, 41302, 39966, 40428, 41042, 41662, 41301] | memory = [47300, 47941, 47382, 46501, 47060, 47623, 47810, 47717]
best|41662.73|47941.38| op = [51, 50, 52, 52, 54, 56, 55, 49]| tp = [1, 1, 1, 1, 1, 1, 1, 1, ] | dp = [1, 1, 1, 1, 1, 1, 1, 1, ] | algo = [0, 0, 0, 0, 0, 0, 0, 0, ] | rc = [36, 30, 27, 24, 20, 18, 17, 6] | gpus = [1, 1, 1, 1, 1, 1, 1, 1] | micro_bs = 8 | time = [41215, 40047, 41302, 39966, 40428, 41042, 41662, 41301] | memory = [47300, 47941, 47382, 46501, 47060, 47623, 47810, 47717]
decode|41662.73|47941.38| op = [51, 50, 52, 52, 54, 56, 55, 49]| tp = [1, 1, 1, 1, 1, 1, 1, 1, ] | dp = [1, 1, 1, 1, 1, 1, 1, 1, ] | algo = [0, 0, 0, 0, 0, 0, 0, 0, ] | rc = [36, 30, 27, 24, 20, 18, 17, 6] | gpus = [1, 1, 1, 1, 1, 1, 1, 1] | micro_bs = 8 | time = [41215, 40047, 41302, 39966, 40428, 41042, 41662, 41301] | memory = [47300, 47941, 47382, 46501, 47060, 47623, 47810, 47717]
best|41662.73|47941.38| op = [51, 50, 52, 52, 54, 56, 55, 49]| tp = [1, 1, 1, 1, 1, 1, 1, 1, ] | dp = [1, 1, 1, 1, 1, 1, 1, 1, ] | algo = [0, 0, 0, 0, 0, 0, 0, 0, ] | rc = [36, 30, 27, 24, 20, 18, 17, 6] | gpus = [1, 1, 1, 1, 1, 1, 1, 1] | micro_bs = 8 | time = [41215, 40047, 41302, 39966, 40428, 41042, 41662, 41301] | memory = [47300, 47941, 47382, 46501, 47060, 47623, 47810, 47717]

num_targets: []
num_hops: []
search time = 0.00 s.  [0] 
num_explored_cases = 0
time trend: [45609]

stage 8 search time: 0.22 s
# of stages	est_iteration_time(s)	est_thpt(samples/s)	est_mem(MB)	# of explored cases
2          	35.69                	28.69              	47946      	0                  
3          	37.72                	27.14              	47941      	0                  
4          	38.01                	26.94              	47941      	0                  

overall search time: 2.35 s
stage 0 search time: 0.07 s
stage 1 search time: 0.21 s
stage 2 search time: 0.22 s
stage 3 search time: 0.59 s
stage 4 search time: 0.54 s
stage 5 search time: 0.26 s
stage 6 search time: 0.24 s
stage 7 search time: 0.22 s
