mkdir -p tmp
Working on case: (1024, 2048, 5120, 40, 40, 51200, 64, 'search', (True, True, 16, {'submesh_physical_shape_space': 'small_power_of_two', 'submesh_logical_shape_space': 'all', 'stage_imbalance_tolerance': 1.0, 'use_hlo_cost_model': True, 'profiling_database_filename': 'prof_database.pkl'}))
rm -rf /tmp/tmp_transfer.pkl
python3 -u benchmark_3d_one_case.py --model gpt --niter 3 --case "(1024, 2048, 5120, 40, 40, 51200, 64, 'search', (True, True, 16, {'submesh_physical_shape_space': 'small_power_of_two', 'submesh_logical_shape_space': 'all', 'stage_imbalance_tolerance': 1.0, 'use_hlo_cost_model': True, 'profiling_database_filename': 'prof_database.pkl'}))" --num-hosts 4 --num-devices-per-host 8 --dump-result --disable-tqdm 
mkdir -p tmp
 - Prepare input: 1.58 s
 - Create train state: 1.82 s
-------------------- Automatic stage clustering --------------------
submesh_choices: ((1, 1), (1, 2), (1, 4), (1, 8), (2, 8), (4, 8))
- Profiling for submesh 5 (4, 8):
- Generate all stage infos (Jaxpr -> HLO)
- Compile all stages
[2m[36m(CompileWorker pid=46166)[0m /usr/local/lib/python3.8/dist-packages/alpa/shard_parallel/auto_sharding.py:888: UserWarning: Detect unexpected behaviors in the auto-sharding pass.
[2m[36m(CompileWorker pid=46166)[0m   warnings.warn("Detect unexpected behaviors in the auto-sharding pass.")
- Profile all stages
Traceback (most recent call last):
  File "benchmark_3d_one_case.py", line 92, in <module>
    benchmark_one_case(args.model,
  File "benchmark_3d_one_case.py", line 37, in benchmark_one_case
    result = benchmark_gpt_bert_internal(model, case, niter, num_hosts,
  File "/home/liminglong.lml/sxz/SuperScaler/external/alpa/benchmark_3d_one_case_gpt_bert.py", line 290, in benchmark_gpt_bert_internal
    executable = train_step.get_executable(state, batch, rngkey)
  File "/usr/local/lib/python3.8/dist-packages/alpa/api.py", line 110, in get_executable
    executable, _, _, _ = self._decode_args_and_get_executable(*args)
  File "/usr/local/lib/python3.8/dist-packages/alpa/api.py", line 174, in _decode_args_and_get_executable
    executable = _compile_parallel_executable(f, in_tree, out_tree_hashable,
  File "/usr/local/lib/python3.8/dist-packages/jax/linear_util.py", line 272, in memoized_fun
    ans = call(fun, *args)
  File "/usr/local/lib/python3.8/dist-packages/alpa/api.py", line 201, in _compile_parallel_executable
    return method.compile_executable(fun, in_tree, out_tree_thunk,
  File "/usr/local/lib/python3.8/dist-packages/alpa/parallel_method.py", line 220, in compile_executable
    return compile_pipeshard_executable(
  File "/usr/local/lib/python3.8/dist-packages/alpa/pipeline_parallel/compile_executable.py", line 76, in compile_pipeshard_executable
    pipeshard_config = compile_pipeshard_executable_internal(
  File "/usr/local/lib/python3.8/dist-packages/alpa/pipeline_parallel/compile_executable.py", line 150, in compile_pipeshard_executable_internal
    manual_stage_option) = cluster_layers_and_slice_mesh(
  File "/usr/local/lib/python3.8/dist-packages/alpa/pipeline_parallel/stage_construction.py", line 608, in cluster_layers_and_slice_mesh
    compute_cost, max_n_succ_stages = get_compute_cost(
  File "/usr/local/lib/python3.8/dist-packages/alpa/pipeline_parallel/stage_construction.py", line 476, in get_compute_cost
    mesh_profiled) = distributed_profile_on_mesh(
  File "/usr/local/lib/python3.8/dist-packages/alpa/pipeline_parallel/stage_construction.py", line 370, in distributed_profile_on_mesh
    is_profiled) = profile_all(stages, compiled_outputs, meshes, num_layers,
  File "/usr/local/lib/python3.8/dist-packages/alpa/pipeline_parallel/stage_profiling.py", line 479, in profile_all
    prof_result = prof_database.query("default", meshes[0].shape)
  File "/usr/local/lib/python3.8/dist-packages/alpa/mesh_profiling.py", line 171, in query
    return self.data[key]
KeyError: ('default', (4, 8))
[DEBUG] latencies = [-1]
Type: gpt  Model Config: (1024, 2048, 5120, 40, 40)  #Microbatch: 64  #GPU: 32  Parallel Config: (True, True, 16, {'submesh_physical_shape_space': 'small_power_of_two', 'submesh_logical_shape_space': 'all', 'stage_imbalance_tolerance': 1.0, 'use_hlo_cost_model': True, 'profiling_database_filename': 'prof_database.pkl'})  Mean Time: -1.000s  Std Time: 0.000  #Params: -0.000B  TFLOPs: -1.00  TFLOPs (ckpt): -1.00  Peak Mem: -0.000G  Compilation Time: None  Global Batch Size: 1024  
Working on case: (1024, 2048, 5120, 40, 40, 51200, 128, 'search', (True, True, 16, {'submesh_physical_shape_space': 'small_power_of_two', 'submesh_logical_shape_space': 'all', 'stage_imbalance_tolerance': 1.0, 'use_hlo_cost_model': True, 'profiling_database_filename': 'prof_database.pkl'}))
rm -rf /tmp/tmp_transfer.pkl
python3 -u benchmark_3d_one_case.py --model gpt --niter 3 --case "(1024, 2048, 5120, 40, 40, 51200, 128, 'search', (True, True, 16, {'submesh_physical_shape_space': 'small_power_of_two', 'submesh_logical_shape_space': 'all', 'stage_imbalance_tolerance': 1.0, 'use_hlo_cost_model': True, 'profiling_database_filename': 'prof_database.pkl'}))" --num-hosts 4 --num-devices-per-host 8 --dump-result --disable-tqdm 
mkdir -p tmp
 - Prepare input: 1.55 s
 - Create train state: 1.82 s
-------------------- Automatic stage clustering --------------------
submesh_choices: ((1, 1), (1, 2), (1, 4), (1, 8), (2, 8), (4, 8))
- Profiling for submesh 5 (4, 8):
- Generate all stage infos (Jaxpr -> HLO)
- Compile all stages
[2m[36m(CompileWorker pid=21096, ip=33.255.171.9)[0m /usr/local/lib/python3.8/dist-packages/alpa/shard_parallel/auto_sharding.py:888: UserWarning: Detect unexpected behaviors in the auto-sharding pass.
[2m[36m(CompileWorker pid=21096, ip=33.255.171.9)[0m   warnings.warn("Detect unexpected behaviors in the auto-sharding pass.")
- Profile all stages
Traceback (most recent call last):
  File "benchmark_3d_one_case.py", line 92, in <module>
    benchmark_one_case(args.model,
  File "benchmark_3d_one_case.py", line 37, in benchmark_one_case
    result = benchmark_gpt_bert_internal(model, case, niter, num_hosts,
  File "/home/liminglong.lml/sxz/SuperScaler/external/alpa/benchmark_3d_one_case_gpt_bert.py", line 290, in benchmark_gpt_bert_internal
    executable = train_step.get_executable(state, batch, rngkey)
  File "/usr/local/lib/python3.8/dist-packages/alpa/api.py", line 110, in get_executable
    executable, _, _, _ = self._decode_args_and_get_executable(*args)
  File "/usr/local/lib/python3.8/dist-packages/alpa/api.py", line 174, in _decode_args_and_get_executable
    executable = _compile_parallel_executable(f, in_tree, out_tree_hashable,
  File "/usr/local/lib/python3.8/dist-packages/jax/linear_util.py", line 272, in memoized_fun
    ans = call(fun, *args)
  File "/usr/local/lib/python3.8/dist-packages/alpa/api.py", line 201, in _compile_parallel_executable
    return method.compile_executable(fun, in_tree, out_tree_thunk,
  File "/usr/local/lib/python3.8/dist-packages/alpa/parallel_method.py", line 220, in compile_executable
    return compile_pipeshard_executable(
  File "/usr/local/lib/python3.8/dist-packages/alpa/pipeline_parallel/compile_executable.py", line 76, in compile_pipeshard_executable
    pipeshard_config = compile_pipeshard_executable_internal(
  File "/usr/local/lib/python3.8/dist-packages/alpa/pipeline_parallel/compile_executable.py", line 150, in compile_pipeshard_executable_internal
    manual_stage_option) = cluster_layers_and_slice_mesh(
  File "/usr/local/lib/python3.8/dist-packages/alpa/pipeline_parallel/stage_construction.py", line 608, in cluster_layers_and_slice_mesh
    compute_cost, max_n_succ_stages = get_compute_cost(
  File "/usr/local/lib/python3.8/dist-packages/alpa/pipeline_parallel/stage_construction.py", line 476, in get_compute_cost
    mesh_profiled) = distributed_profile_on_mesh(
  File "/usr/local/lib/python3.8/dist-packages/alpa/pipeline_parallel/stage_construction.py", line 370, in distributed_profile_on_mesh
    is_profiled) = profile_all(stages, compiled_outputs, meshes, num_layers,
  File "/usr/local/lib/python3.8/dist-packages/alpa/pipeline_parallel/stage_profiling.py", line 479, in profile_all
    prof_result = prof_database.query("default", meshes[0].shape)
  File "/usr/local/lib/python3.8/dist-packages/alpa/mesh_profiling.py", line 171, in query
    return self.data[key]
KeyError: ('default', (4, 8))
[DEBUG] latencies = [-1]
Type: gpt  Model Config: (1024, 2048, 5120, 40, 40)  #Microbatch: 128  #GPU: 32  Parallel Config: (True, True, 16, {'submesh_physical_shape_space': 'small_power_of_two', 'submesh_logical_shape_space': 'all', 'stage_imbalance_tolerance': 1.0, 'use_hlo_cost_model': True, 'profiling_database_filename': 'prof_database.pkl'})  Mean Time: -1.000s  Std Time: 0.000  #Params: -0.000B  TFLOPs: -1.00  TFLOPs (ckpt): -1.00  Peak Mem: -0.000G  Compilation Time: None  Global Batch Size: 1024  
Working on case: (1024, 2048, 5120, 40, 40, 51200, 256, 'search', (True, True, 16, {'submesh_physical_shape_space': 'small_power_of_two', 'submesh_logical_shape_space': 'all', 'stage_imbalance_tolerance': 1.0, 'use_hlo_cost_model': True, 'profiling_database_filename': 'prof_database.pkl'}))
rm -rf /tmp/tmp_transfer.pkl
python3 -u benchmark_3d_one_case.py --model gpt --niter 3 --case "(1024, 2048, 5120, 40, 40, 51200, 256, 'search', (True, True, 16, {'submesh_physical_shape_space': 'small_power_of_two', 'submesh_logical_shape_space': 'all', 'stage_imbalance_tolerance': 1.0, 'use_hlo_cost_model': True, 'profiling_database_filename': 'prof_database.pkl'}))" --num-hosts 4 --num-devices-per-host 8 --dump-result --disable-tqdm 
mkdir -p tmp
 - Prepare input: 1.57 s
 - Create train state: 1.79 s
-------------------- Automatic stage clustering --------------------
submesh_choices: ((1, 1), (1, 2), (1, 4), (1, 8), (2, 8), (4, 8))
- Profiling for submesh 5 (4, 8):
- Generate all stage infos (Jaxpr -> HLO)
- Compile all stages
[2m[36m(CompileWorker pid=2515, ip=33.255.169.88)[0m /usr/local/lib/python3.8/dist-packages/alpa/shard_parallel/auto_sharding.py:888: UserWarning: Detect unexpected behaviors in the auto-sharding pass.
[2m[36m(CompileWorker pid=2515, ip=33.255.169.88)[0m   warnings.warn("Detect unexpected behaviors in the auto-sharding pass.")
- Profile all stages
Traceback (most recent call last):
  File "benchmark_3d_one_case.py", line 92, in <module>
    benchmark_one_case(args.model,
  File "benchmark_3d_one_case.py", line 37, in benchmark_one_case
    result = benchmark_gpt_bert_internal(model, case, niter, num_hosts,
  File "/home/liminglong.lml/sxz/SuperScaler/external/alpa/benchmark_3d_one_case_gpt_bert.py", line 290, in benchmark_gpt_bert_internal
    executable = train_step.get_executable(state, batch, rngkey)
  File "/usr/local/lib/python3.8/dist-packages/alpa/api.py", line 110, in get_executable
    executable, _, _, _ = self._decode_args_and_get_executable(*args)
  File "/usr/local/lib/python3.8/dist-packages/alpa/api.py", line 174, in _decode_args_and_get_executable
    executable = _compile_parallel_executable(f, in_tree, out_tree_hashable,
  File "/usr/local/lib/python3.8/dist-packages/jax/linear_util.py", line 272, in memoized_fun
    ans = call(fun, *args)
  File "/usr/local/lib/python3.8/dist-packages/alpa/api.py", line 201, in _compile_parallel_executable
    return method.compile_executable(fun, in_tree, out_tree_thunk,
  File "/usr/local/lib/python3.8/dist-packages/alpa/parallel_method.py", line 220, in compile_executable
    return compile_pipeshard_executable(
  File "/usr/local/lib/python3.8/dist-packages/alpa/pipeline_parallel/compile_executable.py", line 76, in compile_pipeshard_executable
    pipeshard_config = compile_pipeshard_executable_internal(
  File "/usr/local/lib/python3.8/dist-packages/alpa/pipeline_parallel/compile_executable.py", line 150, in compile_pipeshard_executable_internal
    manual_stage_option) = cluster_layers_and_slice_mesh(
  File "/usr/local/lib/python3.8/dist-packages/alpa/pipeline_parallel/stage_construction.py", line 608, in cluster_layers_and_slice_mesh
    compute_cost, max_n_succ_stages = get_compute_cost(
  File "/usr/local/lib/python3.8/dist-packages/alpa/pipeline_parallel/stage_construction.py", line 476, in get_compute_cost
    mesh_profiled) = distributed_profile_on_mesh(
  File "/usr/local/lib/python3.8/dist-packages/alpa/pipeline_parallel/stage_construction.py", line 370, in distributed_profile_on_mesh
    is_profiled) = profile_all(stages, compiled_outputs, meshes, num_layers,
  File "/usr/local/lib/python3.8/dist-packages/alpa/pipeline_parallel/stage_profiling.py", line 479, in profile_all
    prof_result = prof_database.query("default", meshes[0].shape)
  File "/usr/local/lib/python3.8/dist-packages/alpa/mesh_profiling.py", line 171, in query
    return self.data[key]
KeyError: ('default', (4, 8))
[DEBUG] latencies = [-1]
Type: gpt  Model Config: (1024, 2048, 5120, 40, 40)  #Microbatch: 256  #GPU: 32  Parallel Config: (True, True, 16, {'submesh_physical_shape_space': 'small_power_of_two', 'submesh_logical_shape_space': 'all', 'stage_imbalance_tolerance': 1.0, 'use_hlo_cost_model': True, 'profiling_database_filename': 'prof_database.pkl'})  Mean Time: -1.000s  Std Time: 0.000  #Params: -0.000B  TFLOPs: -1.00  TFLOPs (ckpt): -1.00  Peak Mem: -0.000G  Compilation Time: None  Global Batch Size: 1024  
Working on case: (1024, 2048, 5120, 40, 40, 51200, 512, 'search', (True, True, 16, {'submesh_physical_shape_space': 'small_power_of_two', 'submesh_logical_shape_space': 'all', 'stage_imbalance_tolerance': 1.0, 'use_hlo_cost_model': True, 'profiling_database_filename': 'prof_database.pkl'}))
rm -rf /tmp/tmp_transfer.pkl
python3 -u benchmark_3d_one_case.py --model gpt --niter 3 --case "(1024, 2048, 5120, 40, 40, 51200, 512, 'search', (True, True, 16, {'submesh_physical_shape_space': 'small_power_of_two', 'submesh_logical_shape_space': 'all', 'stage_imbalance_tolerance': 1.0, 'use_hlo_cost_model': True, 'profiling_database_filename': 'prof_database.pkl'}))" --num-hosts 4 --num-devices-per-host 8 --dump-result --disable-tqdm 
mkdir -p tmp
 - Prepare input: 1.51 s
 - Create train state: 1.87 s
-------------------- Automatic stage clustering --------------------
submesh_choices: ((1, 1), (1, 2), (1, 4), (1, 8), (2, 8), (4, 8))
- Profiling for submesh 5 (4, 8):
- Generate all stage infos (Jaxpr -> HLO)
- Compile all stages
[2m[36m(CompileWorker pid=48352)[0m /usr/local/lib/python3.8/dist-packages/alpa/shard_parallel/auto_sharding.py:888: UserWarning: Detect unexpected behaviors in the auto-sharding pass.
[2m[36m(CompileWorker pid=48352)[0m   warnings.warn("Detect unexpected behaviors in the auto-sharding pass.")
- Profile all stages
Traceback (most recent call last):
  File "benchmark_3d_one_case.py", line 92, in <module>
    benchmark_one_case(args.model,
  File "benchmark_3d_one_case.py", line 37, in benchmark_one_case
    result = benchmark_gpt_bert_internal(model, case, niter, num_hosts,
  File "/home/liminglong.lml/sxz/SuperScaler/external/alpa/benchmark_3d_one_case_gpt_bert.py", line 290, in benchmark_gpt_bert_internal
    executable = train_step.get_executable(state, batch, rngkey)
  File "/usr/local/lib/python3.8/dist-packages/alpa/api.py", line 110, in get_executable
    executable, _, _, _ = self._decode_args_and_get_executable(*args)
  File "/usr/local/lib/python3.8/dist-packages/alpa/api.py", line 174, in _decode_args_and_get_executable
    executable = _compile_parallel_executable(f, in_tree, out_tree_hashable,
  File "/usr/local/lib/python3.8/dist-packages/jax/linear_util.py", line 272, in memoized_fun
    ans = call(fun, *args)
  File "/usr/local/lib/python3.8/dist-packages/alpa/api.py", line 201, in _compile_parallel_executable
    return method.compile_executable(fun, in_tree, out_tree_thunk,
  File "/usr/local/lib/python3.8/dist-packages/alpa/parallel_method.py", line 220, in compile_executable
    return compile_pipeshard_executable(
  File "/usr/local/lib/python3.8/dist-packages/alpa/pipeline_parallel/compile_executable.py", line 76, in compile_pipeshard_executable
    pipeshard_config = compile_pipeshard_executable_internal(
  File "/usr/local/lib/python3.8/dist-packages/alpa/pipeline_parallel/compile_executable.py", line 150, in compile_pipeshard_executable_internal
    manual_stage_option) = cluster_layers_and_slice_mesh(
  File "/usr/local/lib/python3.8/dist-packages/alpa/pipeline_parallel/stage_construction.py", line 608, in cluster_layers_and_slice_mesh
    compute_cost, max_n_succ_stages = get_compute_cost(
  File "/usr/local/lib/python3.8/dist-packages/alpa/pipeline_parallel/stage_construction.py", line 476, in get_compute_cost
    mesh_profiled) = distributed_profile_on_mesh(
  File "/usr/local/lib/python3.8/dist-packages/alpa/pipeline_parallel/stage_construction.py", line 370, in distributed_profile_on_mesh
    is_profiled) = profile_all(stages, compiled_outputs, meshes, num_layers,
  File "/usr/local/lib/python3.8/dist-packages/alpa/pipeline_parallel/stage_profiling.py", line 479, in profile_all
    prof_result = prof_database.query("default", meshes[0].shape)
  File "/usr/local/lib/python3.8/dist-packages/alpa/mesh_profiling.py", line 171, in query
    return self.data[key]
KeyError: ('default', (4, 8))
[DEBUG] latencies = [-1]
Type: gpt  Model Config: (1024, 2048, 5120, 40, 40)  #Microbatch: 512  #GPU: 32  Parallel Config: (True, True, 16, {'submesh_physical_shape_space': 'small_power_of_two', 'submesh_logical_shape_space': 'all', 'stage_imbalance_tolerance': 1.0, 'use_hlo_cost_model': True, 'profiling_database_filename': 'prof_database.pkl'})  Mean Time: -1.000s  Std Time: 0.000  #Params: -0.000B  TFLOPs: -1.00  TFLOPs (ckpt): -1.00  Peak Mem: -0.000G  Compilation Time: None  Global Batch Size: 1024  
Working on case: (1024, 2048, 5120, 40, 40, 51200, 64, 'search', (True, False, 16, {'submesh_physical_shape_space': 'small_power_of_two', 'submesh_logical_shape_space': 'all', 'stage_imbalance_tolerance': 1.0, 'use_hlo_cost_model': True, 'profiling_database_filename': 'prof_database.pkl'}))
rm -rf /tmp/tmp_transfer.pkl
python3 -u benchmark_3d_one_case.py --model gpt --niter 3 --case "(1024, 2048, 5120, 40, 40, 51200, 64, 'search', (True, False, 16, {'submesh_physical_shape_space': 'small_power_of_two', 'submesh_logical_shape_space': 'all', 'stage_imbalance_tolerance': 1.0, 'use_hlo_cost_model': True, 'profiling_database_filename': 'prof_database.pkl'}))" --num-hosts 4 --num-devices-per-host 8 --dump-result --disable-tqdm 
mkdir -p tmp
 - Prepare input: 1.73 s
 - Create train state: 1.82 s
-------------------- Automatic stage clustering --------------------
submesh_choices: ((1, 1), (1, 2), (1, 4), (1, 8), (2, 8), (4, 8))
- Profiling for submesh 5 (4, 8):
- Generate all stage infos (Jaxpr -> HLO)
- Compile all stages
[2m[36m(CompileWorker pid=2688, ip=33.255.169.88)[0m 2026-05-15 07:32:12.959608: F external/org_tensorflow/tensorflow/compiler/xla/service/spmd/auto_sharding.cc:1455] Check failed: strategies->is_tuple || !strategies->leaf_vector.empty() %get-tuple-element.1237 = f16[16,40,2048,2048]{3,2,1,0} get-tuple-element((f32[], f32[16,2048]{1,0}, f32[16,2048,51200]{2,1,0}, f16[16,2048,1]{2,1,0}, f16[16,2048,51200]{2,1,0}, /*index=5*/f16[16,2048,5120]{2,1,0}, f32[16,2048,5120]{2,1,0}, f16[16,2048,1]{2,1,0}, f16[1,1,5120]{2,1,0}, f32[16,2048,1]{2,1,0}, /*index=10*/f32[16,2048,1]{2,1,0}, f32[16,2048,5120]{2,1,0}, f32[16,2048,5120]{2,1,0}, f16[16,2048,20480]{2,1,0}, f32[16,2048,20480]{2,1,0}, /*index=15*/f32[16,2048,20480]{2,1,0}, f32[16,2048,20480]{2,1,0}, f16[16,2048,5120]{2,1,0}, f32[16,2048,5120]{2,1,0}, f16[16,2048,1]{2,1,0}, /*index=20*/f16[1,1,5120]{2,1,0}, f32[16,2048,1]{2,1,0}, f32[16,2048,1]{2,1,0}, f32[16,2048,5120]{2,1,0}, f32[16,2048,5120]{2,1,0}, /*index=25*/f16[16,2048,5120]{2,1,0}, f16[16,2048,40,128]{3,2,1,0}, f16[16,40,2048,1]{3,2,1,0}, f16[16,40,2048,2048]{3,2,1,0}, f16[16,40,2048,1]{3,2,1,0}, /*index=30*/f16[16,2048,40,128]{3,2,1,0}, f16[16,2048,40,128]{3,2,1,0}, f16[], f16[16,40,2048,2048]{3,2,1,0}, f16[16,2048,5120]{2,1,0}, /*index=35*/f32[16,2048,5120]{2,1,0}, f16[16,2048,1]{2,1,0}, f16[1,1,5120]{2,1,0}, f32[16,2048,1]{2,1,0}, f32[16,2048,1]{2,1,0}, /*index=40*/f32[16,2048,5120]{2,1,0}, f32[16,2048,5120]{2,1,0}, f16[16,2048,20480]{2,1,0}, f32[16,2048,20480]{2,1,0}, f32[16,2048,20480]{2,1,0}, /*index=45*/f32[16,2048,20480]{2,1,0}, f16[16,2048,5120]{2,1,0}, f32[16,2048,5120]{2,1,0}, f16[16,2048,1]{2,1,0}, f16[1,1,5120]{2,1,0}, /*index=50*/f32[16,2048,1]{2,1,0}, f32[16,2048,1]{2,1,0}, f32[16,2048,5120]{2,1,0}, f32[16,2048,5120]{2,1,0}, f16[16,2048,5120]{2,1,0}, /*index=55*/f16[16,2048,40,128]{3,2,1,0}, f16[16,40,2048,1]{3,2,1,0}, f16[16,40,2048,2048]{3,2,1,0}, f16[16,40,2048,1]{3,2,1,0}, f16[16,2048,40,128]{3,2,1,0}, /*index=60*/f16[16,2048,40,128]{3,2,1,0}, f16[], f16[16,40,2048,2048]{3,2,1,0}, f16[16,2048,5120]{2,1,0}, f32[16,2048,5120]{2,1,0}, /*index=65*/f16[16,2048,1]{2,1,0}, f16[1,1,5120]{2,1,0}, f32[16,2048,1]{2,1,0}, f32[16,2048,1]{2,1,0}, f32[16,2048,5120]{2,1,0}, /*index=70*/f32[16,2048,5120]{2,1,0}, f16[16,2048,20480]{2,1,0}, f32[16,2048,20480]{2,1,0}, f32[16,2048,20480]{2,1,0}, f32[16,2048,20480]{2,1,0}, /*index=75*/f16[16,2048,5120]{2,1,0}, f32[16,2048,5120]{2,1,0}, f16[16,2048,1]{2,1,0}, f16[1,1,5120]{2,1,0}, f32[16,2048,1]{2,1,0}, /*index=80*/f32[16,2048,1]{2,1,0}, f32[16,2048,5120]{2,1,0}, f32[16,2048,5120]{2,1,0}, f16[16,2048,5120]{2,1,0}, f16[16,2048,40,128]{3,2,1,0}, /*index=85*/f16[16,40,2048,1]{3,2,1,0}, f16[16,40,2048,2048]{3,2,1,0}, f16[16,40,2048,1]{3,2,1,0}, f16[16,2048,40,128]{3,2,1,0}, f16[16,2048,40,128]{3,2,1,0}, /*index=90*/f16[], f16[16,40,2048,2048]{3,2,1,0}, f16[16,2048,5120]{2,1,0}, f32[16,2048,5120]{2,1,0}, f16[16,2048,1]{2,1,0}, /*index=95*/f16[1,1,5120]{2,1,0}, f32[16,2048,1]{2,1,0}, f32[16,2048,1]{2,1,0}, f32[16,2048,5120]{2,1,0}, f32[16,2048,5120]{2,1,0}, /*index=100*/f16[16,2048,20480]{2,1,0}, f32[16,2048,20480]{2,1,0}, f32[16,2048,20480]{2,1,0}, f32[16,2048,20480]{2,1,0}, f16[16,2048,5120]{2,1,0}, /*index=105*/f32[16,2048,5120]{2,1,0}, f16[16,2048,1]{2,1,0}, f16[1,1,5120]{2,1,0}, f32[16,2048,1]{2,1,0}, f32[16,2048,1]{2,1,0}, /*index=110*/f32[16,2048,5120]{2,1,0}, f32[16,2048,5120]{2,1,0}, f16[16,2048,5120]{2,1,0}, f16[16,2048,40,128]{3,2,1,0}, f16[16,40,2048,1]{3,2,1,0}, /*index=115*/f16[16,40,2048,2048]{3,2,1,0}, f16[16,40,2048,1]{3,2,1,0}, f16[16,2048,40,128]{3,2,1,0}, f16[16,2048,40,128]{3,2,1,0}, f16[], /*index=120*/f16[16,40,2048,2048]{3,2,1,0}, f16[16,2048,5120]{2,1,0}, f32[16,2048,5120]{2,1,0}, f16[16,2048,1]{2,1,0}, f16[1,1,5120]{2,1,0}, /*index=125*/f32[16,2048,1]{2,1,0}, f32[16,2048,1]{2,1,0}, f32[16,2048,5120]{2,1,0}, f32[16,2048,5120]{2,1,0}, f16[16,2048,20480]{2,1,0}, /*index=130*/f32[16,2048,20480]{2,1,0}, f32[16,2048,20480]{2,1,0}, f32[16,2048,20480]{2,1,0}, f16[16,2048,5120]{2,1,0}, f32[16,2048,5120]{2,1,0}, /*index=135*/f16[16,2048,1]{2,1,0}, f16[1,1,5120]{2,1,0}, f32[16,2048,1]{2,1,0}, f32[16,2048,1]{2,1,0}, f32[16,2048,5120]{2,1,0}, /*index=140*/f32[16,2048,5120]{2,1,0}, f16[16,2048,5120]{2,1,0}, f16[16,2048,40,128]{3,2,1,0}, f16[16,40,2048,1]{3,2,1,0}, f16[16,40,2048,2048]{3,2,1,0}, /*index=145*/f16[16,40,2048,1]{3,2,1,0}, f16[16,2048,40,128]{3,2,1,0}, f16[16,2048,40,128]{3,2,1,0}, f16[], f16[16,40,2048,2048]{3,2,1,0}, /*index=150*/f16[16,2048,5120]{2,1,0}, f32[16,2048,5120]{2,1,0}, f16[16,2048,1]{2,1,0}, f16[1,1,5120]{2,1,0}, f32[16,2048,1]{2,1,0}, /*index=155*/f32[16,2048,1]{2,1,0}, f32[16,2048,5120]{2,1,0}, f32[16,2048,5120]{2,1,0}, f16[16,2048,20480]{2,1,0}, f32[16,2048,20480]{2,1,0}, /*index=160*/f32[16,2048,20480]{2,1,0}, f32[16,2048,20480]{2,1,0}, f16[16,2048,5120]{2,1,0}, f32[16,2048,5120]{2,1,0}, f16[16,2048,1]{2,1,0}, /*index=165*/f16[1,1,5120]{2,1,0}, f32[16,2048,1]{2,1,0}, f32[16,2048,1]{2,1,0}, f32[16,2048,5120]{2,1,0}, f32[16,2048,5120]{2,1,0}, /*index=170*/f16[16,2048,5120]{2,1,0}, f16[16,2048,40,128]{3,2,1,0}, f16[16,40,2048,1]{3,2,1,0}, f16[16,40,2048,2048]{3,2,1,0}, f16[16,40,2048,1]{3,2,1,0}, /*index=175*/f16[16,2048,40,128]{3,2,1,0}, f16[16,2048,40,128]{3,2,1,0}, f16[], f16[16,40,2048,2048]{3,2,1,0}, f16[16,2048,5120]{2,1,0}, /*index=180*/f32[16,2048,5120]{2,1,0}, f16[16,2048,1]{2,1,0}, f16[1,1,5120]{2,1,0}, f32[16,2048,1]{2,1,0}, f32[16,2048,1]{2,1,0}, /*index=185*/f32[16,2048,5120]{2,1,0}, f32[16,2048,5120]{2,1,0}, f16[16,2048,20480]{2,1,0}, f32[16,2048,20480]{2,1,0}, f32[16,2048,20480]{2,1,0}, /*index=190*/f32[16,2048,20480]{2,1,0}, f16[16,2048,5120]{2,1,0}, f32[16,2048,5120]{2,1,0}, f16[16,2048,1]{2,1,0}, f16[1,1,5120]{2,1,0}, /*index=195*/f32[16,2048,1]{2,1,0}, f32[16,2048,1]{2,1,0}, f32[16,2048,5120]{2,1,0}, f32[16,2048,5120]{2,1,0}, f16[16,2048,5120]{2,1,0}, /*index=200*/f16[16,2048,40,128]{3,2,1,0}, f16[16,40,2048,1]{3,2,1,0}, f16[16,40,2048,2048]{3,2,1,0}, f16[16,40,2048,1]{3,2,1,0}, f16[16,2048,40,128]{3,2,1,0}, /*index=205*/f16[16,2048,40,128]{3,2,1,0}, f16[], f16[16,40,2048,2048]{3,2,1,0}, f16[16,2048,5120]{2,1,0}, f32[16,2048,5120]{2,1,0}, /*index=210*/f16[16,2048,1]{2,1,0}, f16[1,1,5120]{2,1,0}, f32[16,2048,1]{2,1,0}, f32[16,2048,1]{2,1,0}, f32[16,2048,5120]{2,1,0}, /*index=215*/f32[16,2048,5120]{2,1,0}, f16[16,2048,20480]{2,1,0}, f32[16,2048,20480]{2,1,0}, f32[16,2048,20480]{2,1,0}, f32[16,2048,20480]{2,1,0}, /*index=220*/f16[16,2048,5120]{2,1,0}, f32[16,2048,5120]{2,1,0}, f16[16,2048,1]{2,1,0}, f16[1,1,5120]{2,1,0}, f32[16,2048,1]{2,1,0}, /*index=225*/f32[16,2048,1]{2,1,0}, f32[16,2048,5120]{2,1,0}, f32[16,2048,5120]{2,1,0}, f16[16,2048,5120]{2,1,0}, f16[16,2048,40,128]{3,2,1,0}, /*index=230*/f16[16,40,2048,1]{3,2,1,0}, f16[16,40,2048,2048]{3,2,1,0}, f16[16,40,2048,1]{3,2,1,0}, f16[16,2048,40,128]{3,2,1,0}, f16[16,2048,40,128]{3,2,1,0}, /*index=235*/f16[], f16[16,40,2048,2048]{3,2,1,0}, f16[16,2048,5120]{2,1,0}, f32[16,2048,5120]{2,1,0}, f16[16,2048,1]{2,1,0}, /*index=240*/f16[1,1,5120]{2,1,0}, f32[16,2048,1]{2,1,0}, f32[16,2048,1]{2,1,0}, f32[16,2048,5120]{2,1,0}, f32[16,2048,5120]{2,1,0}, /*index=245*/f16[16,2048,20480]{2,1,0}, f32[16,2048,20480]{2,1,0}, f32[16,2048,20480]{2,1,0}, f32[16,2048,20480]{2,1,0}, f16[16,2048,5120]{2,1,0}, /*index=250*/f32[16,2048,5120]{2,1,0}, f16[16,2048,1]{2,1,0}, f16[1,1,5120]{2,1,0}, f32[16,2048,1]{2,1,0}, f32[16,2048,1]{2,1,0}, /*index=255*/f32[16,2048,5120]{2,1,0}, f32[16,2048,5120]{2,1,0}, f16[16,2048,5120]{2,1,0}, f16[16,2048,40,128]{3,2,1,0}, f16[16,40,2048,1]{3,2,1,0}, /*index=260*/f16[16,40,2048,2048]{3,2,1,0}, f16[16,40,2048,1]{3,2,1,0}, f16[16,2048,40,128]{3,2,1,0}, f16[16,2048,40,128]{3,2,1,0}, f16[], /*index=265*/f16[16,40,2048,2048]{3,2,1,0}, f16[16,2048,5120]{2,1,0}, f32[16,2048,5120]{2,1,0}, f16[16,2048,1]{2,1,0}, f16[1,1,5120]{2,1,0}, /*index=270*/f32[16,2048,1]{2,1,0}, f32[16,2048,1]{2,1,0}, f32[16,2048,5120]{2,1,0}, f32[16,2048,5120]{2,1,0}, f16[16,2048,20480]{2,1,0}, /*index=275*/f32[16,2048,20480]{2,1,0}, f32[16,2048,20480]{2,1,0}, f32[16,2048,20480]{2,1,0}, f16[16,2048,5120]{2,1,0}, f32[16,2048,5120]{2,1,0}, /*index=280*/f16[16,2048,1]{2,1,0}, f16[1,1,5120]{2,1,0}, f32[16,2048,1]{2,1,0}, f32[16,2048,1]{2,1,0}, f32[16,2048,5120]{2,1,0}, /*index=285*/f32[16,2048,5120]{2,1,0}, f16[16,2048,5120]{2,1,0}, f16[16,2048,40,128]{3,2,1,0}, f16[16,40,2048,1]{3,2,1,0}, f16[16,40,2048,2048]{3,2,1,0}, /*index=290*/f16[16,40,2048,1]{3,2,1,0}, f16[16,2048,40,128]{3,2,1,0}, f16[16,2048,40,128]{3,2,1,0}, f16[], f16[16,40,2048,2048]{3,2,1,0}, /*index=295*/f16[16,2048,5120]{2,1,0}, f32[16,2048,5120]{2,1,0}, f16[16,2048,1]{2,1,0}, f16[1,1,5120]{2,1,0}, f32[16,2048,1]{2,1,0}, /*index=300*/f32[16,2048,1]{2,1,0}, f32[16,2048,5120]{2,1,0}, f32[16,2048,5120]{2,1,0}, f16[16,2048,20480]{2,1,0}, f32[16,2048,20480]{2,1,0}, /*index=305*/f32[16,2048,20480]{2,1,0}, f32[16,2048,20480]{2,1,0}, f16[16,2048,5120]{2,1,0}, f32[16,2048,5120]{2,1,0}, f16[16,2048,1]{2,1,0}, /*index=310*/f16[1,1,5120]{2,1,0}, f32[16,2048,1]{2,1,0}, f32[16,2048,1]{2,1,0}, f32[16,2048,5120]{2,1,0}, f32[16,2048,5120]{2,1,0}, /*index=315*/f16[16,2048,5120]{2,1,0}, f16[16,2048,40,128]{3,2,1,0}, f16[16,40,2048,1]{3,2,1,0}, f16[16,40,2048,2048]{3,2,1,0}, f16[16,40,2048,1]{3,2,1,0}, /*index=320*/f16[16,2048,40,128]{3,2,1,0}, f16[16,2048,40,128]{3,2,1,0}, f16[], f16[16,40,2048,2048]{3,2,1,0}, f16[16,2048,5120]{2,1,0}, /*index=325*/f32[16,2048,5120]{2,1,0}, f16[16,2048,1]{2,1,0}, f16[1,1,5120]{2,1,0}, f32[16,2048,1]{2,1,0}, f32[16,2048,1]{2,1,0}, /*index=330*/f32[16,2048,5120]{2,1,0}, f32[16,2048,5120]{2,1,0}, f16[16,2048,20480]{2,1,0}, f32[16,2048,20480]{2,1,0}, f32[16,2048,20480]{2,1,0}, /*index=335*/f32[16,2048,20480]{2,1,0}, f16[16,2048,5120]{2,1,0}, f32[16,2048,5120]{2,1,0}, f16[16,2048,1]{2,1,0}, f16[1,1,5120]{2,1,0}, /*index=340*/f32[16,2048,1]{2,1,0}, f32[16,2048,1]{2,1,0}, f32[16,2048,5120]{2,1,0}, f32[16,2048,5120]{2,1,0}, f16[16,2048,5120]{2,1,0}, /*index=345*/f16[16,2048,40,128]{3,2,1,0}, f16[16,40,2048,1]{3,2,1,0}, f16[16,40,2048,2048]{3,2,1,0}, f16[16,40,2048,1]{3,2,1,0}, f16[16,2048,40,128]{3,2,1,0}, /*index=350*/f16[16,2048,40,128]{3,2,1,0}, f16[], f16[16,40,2048,2048]{3,2,1,0}, f16[16,2048,5120]{2,1,0}, f32[16,2048,5120]{2,1,0}, /*index=355*/f16[16,2048,1]{2,1,0}, f16[1,1,5120]{2,1,0}, f32[16,2048,1]{2,1,0}, f32[16,2048,1]{2,1,0}, f32[16,2048,5120]{2,1,0}, /*index=360*/f32[16,2048,5120]{2,1,0}, f16[16,2048,20480]{2,1,0}, f32[16,2048,20480]{2,1,0}, f32[16,2048,20480]{2,1,0}, f32[16,2048,20480]{2,1,0}, /*index=365*/f16[16,2048,5120]{2,1,0}, f32[16,2048,5120]{2,1,0}, f16[16,2048,1]{2,1,0}, f16[1,1,5120]{2,1,0}, f32[16,2048,1]{2,1,0}, /*index=370*/f32[16,2048,1]{2,1,0}, f32[16,2048,5120]{2,1,0}, f32[16,2048,5120]{2,1,0}, f16[16,2048,5120]{2,1,0}, f16[16,2048,40,128]{3,2,1,0}, /*index=375*/f16[16,40,2048,1]{3,2,1,0}, f16[16,40,2048,2048]{3,2,1,0}, f16[16,40,2048,1]{3,2,1,0}, f16[16,2048,40,128]{3,2,1,0}, f16[16,2048,40,128]{3,2,1,0}, /*index=380*/f16[], f16[16,40,2048,2048]{3,2,1,0}, f16[16,2048,5120]{2,1,0}, f32[16,2048,5120]{2,1,0}, f16[16,2048,1]{2,1,0}, /*index=385*/f16[1,1,5120]{2,1,0}, f32[16,2048,1]{2,1,0}, f32[16,2048,1]{2,1,0}, f32[16,2048,5120]{2,1,0}, f32[16,2048,5120]{2,1,0}, /*index=390*/f16[16,2048,20480]{2,1,0}, f32[16,2048,20480]{2,1,0}, f32[16,2048,20480]{2,1,0}, f32[16,2048,20480]{2,1,0}, f16[16,2048,5120]{2,1,0}, /*index=395*/f32[16,2048,5120]{2,1,0}, f16[16,2048,1]{2,1,0}, f16[1,1,5120]{2,1,0}, f32[16,2048,1]{2,1,0}, f32[16,2048,1]{2,1,0}, /*index=400*/f32[16,2048,5120]{2,1,0}, f32[16,2048,5120]{2,1,0}, f16[16,2048,5120]{2,1,0}, f16[16,2048,40,128]{3,2,1,0}, f16[16,40,2048,1]{3,2,1,0}, /*index=405*/f16[16,40,2048,2048]{3,2,1,0}, f16[16,40,2048,1]{3,2,1,0}, f16[16,2048,40,128]{3,2,1,0}, f16[16,2048,40,128]{3,2,1,0}, f16[], /*index=410*/f16[16,40,2048,2048]{3,2,1,0}, f16[16,2048,5120]{2,1,0}, f32[16,2048,5120]{2,1,0}, f16[16,2048,1]{2,1,0}, f16[1,1,5120]{2,1,0}, /*index=415*/f32[16,2048,1]{2,1,0}, f32[16,2048,1]{2,1,0}, f32[16,2048,5120]{2,1,0}, f32[16,2048,5120]{2,1,0}, f16[16,2048,20480]{2,1,0}, /*index=420*/f32[16,2048,20480]{2,1,0}, f32[16,2048,20480]{2,1,0}, f32[16,2048,20480]{2,1,0}, f16[16,2048,5120]{2,1,0}, f32[16,2048,5120]{2,1,0}, /*index=425*/f16[16,2048,1]{2,1,0}, f16[1,1,5120]{2,1,0}, f32[16,2048,1]{2,1,0}, f32[16,2048,1]{2,1,0}, f32[16,2048,5120]{2,1,0}, /*index=430*/f32[16,2048,5120]{2,1,0}, f16[16,2048,5120]{2,1,0}, f16[16,2048,40,128]{3,2,1,0}, f16[16,40,2048,1]{3,2,1,0}, f16[16,40,2048,2048]{3,2,1,0}, /*index=435*/f16[16,40,2048,1]{3,2,1,0}, f16[16,2048,40,128]{3,2,1,0}, f16[16,2048,40,128]{3,2,1,0}, f16[], f16[16,40,2048,2048]{3,2,1,0}, /*index=440*/f16[16,2048,5120]{2,1,0}, f32[16,2048,5120]{2,1,0}, f16[16,2048,1]{2,1,0}, f16[1,1,5120]{2,1,0}, f32[16,2048,1]{2,1,0}, /*index=445*/f32[16,2048,1]{2,1,0}, f32[16,2048,5120]{2,1,0}, f32[16,2048,5120]{2,1,0}, f16[16,2048,20480]{2,1,0}, f32[16,2048,20480]{2,1,0}, /*index=450*/f32[16,2048,20480]{2,1,0}, f32[16,2048,20480]{2,1,0}, f16[16,2048,5120]{2,1,0}, f32[16,2048,5120]{2,1,0}, f16[16,2048,1]{2,1,0}, /*index=455*/f16[1,1,5120]{2,1,0}, f32[16,2048,1]{2,1,0}, f32[16,2048,1]{2,1,0}, f32[16,2048,5120]{2,1,0}, f32[16,2048,5120]{2,1,0}, /*index=460*/f16[16,2048,5120]{2,1,0}, f16[16,2048,40,128]{3,2,1,0}, f16[16,40,2048,1]{3,2,1,0}, f16[16,40,2048,2048]{3,2,1,0}, f16[16,40,2048,1]{3,2,1,0}, /*index=465*/f16[16,2048,40,128]{3,2,1,0}, f16[16,2048,40,128]{3,2,1,0}, f16[], f16[16,40,2048,2048]{3,2,1,0}, f16[16,2048,5120]{2,1,0}, /*index=470*/f32[16,2048,5120]{2,1,0}, f16[16,2048,1]{2,1,0}, f16[1,1,5120]{2,1,0}, f32[16,2048,1]{2,1,0}, f32[16,2048,1]{2,1,0}, /*index=475*/f32[16,2048,5120]{2,1,0}, f32[16,2048,5120]{2,1,0}, f16[16,2048,20480]{2,1,0}, f32[16,2048,20480]{2,1,0}, f32[16,2048,20480]{2,1,0}, /*index=480*/f32[16,2048,20480]{2,1,0}, f16[16,2048,5120]{2,1,0}, f32[16,2048,5120]{2,1,0}, f16[16,2048,1]{2,1,0}, f16[1,1,5120]{2,1,0}, /*index=485*/f32[16,2048,1]{2,1,0}, f32[16,2048,1]{2,1,0}, f32[16,2048,5120]{2,1,0}, f32[16,2048,5120]{2,1,0}, f16[16,2048,5120]{2,1,0}, /*index=490*/f16[16,2048,40,128]{3,2,1,0}, f16[16,40,2048,1]{3,2,1,0}, f16[16,40,2048,2048]{3,2,1,0}, f16[16,40,2048,1]{3,2,1,0}, f16[16,2048,40,128]{3,2,1,0}, /*index=495*/f16[16,2048,40,128]{3,2,1,0}, f16[], f16[16,40,2048,2048]{3,2,1,0}, f16[16,2048,5120]{2,1,0}, f32[16,2048,5120]{2,1,0}, /*index=500*/f16[16,2048,1]{2,1,0}, f16[1,1,5120]{2,1,0}, f32[16,2048,1]{2,1,0}, f32[16,2048,1]{2,1,0}, f32[16,2048,5120]{2,1,0}, /*index=505*/f32[16,2048,5120]{2,1,0}, f16[16,2048,20480]{2,1,0}, f32[16,2048,20480]{2,1,0}, f32[16,2048,20480]{2,1,0}, f32[16,2048,20480]{2,1,0}, /*index=510*/f16[16,2048,5120]{2,1,0}, f32[16,2048,5120]{2,1,0}, f16[16,2048,1]{2,1,0}, f16[1,1,5120]{2,1,0}, f32[16,2048,1]{2,1,0}, /*index=515*/f32[16,2048,1]{2,1,0}, f32[16,2048,5120]{2,1,0}, f32[16,2048,5120]{2,1,0}, f16[16,2048,5120]{2,1,0}, f16[16,2048,40,128]{3,2,1,0}, /*index=520*/f16[16,40,2048,1]{3,2,1,0}, f16[16,40,2048,2048]{3,2,1,0}, f16[16,40,2048,1]{3,2,1,0}, f16[16,2048,40,128]{3,2,1,0}, f16[16,2048,40,128]{3,2,1,0}, /*index=525*/f16[], f16[16,40,2048,2048]{3,2,1,0}, f16[16,2048,5120]{2,1,0}, f32[16,2048,5120]{2,1,0}, f16[16,2048,1]{2,1,0}, /*index=530*/f16[1,1,5120]{2,1,0}, f32[16,2048,1]{2,1,0}, f32[16,2048,1]{2,1,0}, f32[16,2048,5120]{2,1,0}, f32[16,2048,5120]{2,1,0}, /*index=535*/f16[16,2048,20480]{2,1,0}, f32[16,2048,20480]{2,1,0}, f32[16,2048,20480]{2,1,0}, f32[16,2048,20480]{2,1,0}, f16[16,2048,5120]{2,1,0}, /*index=540*/f32[16,2048,5120]{2,1,0}, f16[16,2048,1]{2,1,0}, f16[1,1,5120]{2,1,0}, f32[16,2048,1]{2,1,0}, f32[16,2048,1]{2,1,0}, /*index=545*/f32[16,2048,5120]{2,1,0}, f32[16,2048,5120]{2,1,0}, f16[16,2048,5120]{2,1,0}, f16[16,2048,40,128]{3,2,1,0}, f16[16,40,2048,1]{3,2,1,0}, /*index=550*/f16[16,40,2048,2048]{3,2,1,0}, f16[16,40,2048,1]{3,2,1,0}, f16[16,2048,40,128]{3,2,1,0}, f16[16,2048,40,128]{3,2,1,0}, f16[], /*index=555*/f16[16,40,2048,2048]{3,2,1,0}, f16[16,2048,5120]{2,1,0}, f32[16,2048,5120]{2,1,0}, f16[16,2048,1]{2,1,0}, f16[1,1,5120]{2,1,0}, /*index=560*/f32[16,2048,1]{2,1,0}, f32[16,2048,1]{2,1,0}, f32[16,2048,5120]{2,1,0}, f32[16,2048,5120]{2,1,0}, f16[16,2048,20480]{2,1,0}, /*index=565*/f32[16,2048,20480]{2,1,0}, f32[16,2048,20480]{2,1,0}, f32[16,2048,20480]{2,1,0}, f16[16,2048,5120]{2,1,0}, f32[16,2048,5120]{2,1,0}, /*index=570*/f16[16,2048,1]{2,1,0}, f16[1,1,5120]{2,1,0}, f32[16,2048,1]{2,1,0}, f32[16,2048,1]{2,1,0}, f32[16,2048,5120]{2,1,0}, /*index=575*/f32[16,2048,5120]{2,1,0}, f16[16,2048,5120]{2,1,0}, f16[16,2048,40,128]{3,2,1,0}, f16[16,40,2048,1]{3,2,1,0}, f16[16,40,2048,2048]{3,2,1,0}, /*index=580*/f16[16,40,2048,1]{3,2,1,0}, f16[16,2048,40,128]{3,2,1,0}, f16[16,2048,40,128]{3,2,1,0}, f16[], f16[16,40,2048,2048]{3,2,1,0}, /*index=585*/f16[16,2048,5120]{2,1,0}, f32[16,2048,5120]{2,1,0}, f16[16,2048,1]{2,1,0}, f16[1,1,5120]{2,1,0}, f32[16,2048,1]{2,1,0}, /*index=590*/f32[16,2048,1]{2,1,0}, f32[16,2048,5120]{2,1,0}, f32[16,2048,5120]{2,1,0}, f16[16,2048,20480]{2,1,0}, f32[16,2048,20480]{2,1,0}, /*index=595*/f32[16,2048,20480]{2,1,0}, f32[16,2048,20480]{2,1,0}, f16[16,2048,5120]{2,1,0}, f32[16,2048,5120]{2,1,0}, f16[16,2048,1]{2,1,0}, /*index=600*/f16[1,1,5120]{2,1,0}, f32[16,2048,1]{2,1,0}, f32[16,2048,1]{2,1,0}, f32[16,2048,5120]{2,1,0}, f32[16,2048,5120]{2,1,0}, /*index=605*/f16[16,2048,5120]{2,1,0}, f16[16,2048,40,128]{3,2,1,0}, f16[16,40,2048,1]{3,2,1,0}, f16[16,40,2048,2048]{3,2,1,0}, f16[16,40,2048,1]{3,2,1,0}, /*index=610*/f16[16,2048,40,128]{3,2,1,0}, f16[16,2048,40,128]{3,2,1,0}, f16[], f16[16,40,2048,2048]{3,2,1,0}, f16[16,2048,5120]{2,1,0}, /*index=615*/f32[16,2048,5120]{2,1,0}, f16[16,2048,1]{2,1,0}, f16[1,1,5120]{2,1,0}, f32[16,2048,1]{2,1,0}, f32[16,2048,1]{2,1,0}, /*index=620*/f32[16,2048,5120]{2,1,0}, f32[16,2048,5120]{2,1,0}, f16[16,2048,20480]{2,1,0}, f32[16,2048,20480]{2,1,0}, f32[16,2048,20480]{2,1,0}, /*index=625*/f32[16,2048,20480]{2,1,0}, f16[16,2048,5120]{2,1,0}, f32[16,2048,5120]{2,1,0}, f16[16,2048,1]{2,1,0}, f16[1,1,5120]{2,1,0}, /*index=630*/f32[16,2048,1]{2,1,0}, f32[16,2048,1]{2,1,0}, f32[16,2048,5120]{2,1,0}, f32[16,2048,5120]{2,1,0}, f16[16,2048,5120]{2,1,0}, /*index=635*/f16[16,2048,40,128]{3,2,1,0}, f16[16,40,2048,1]{3,2,1,0}, f16[16,40,2048,2048]{3,2,1,0}, f16[16,40,2048,1]{3,2,1,0}, f16[16,2048,40,128]{3,2,1,0}, /*index=640*/f16[16,2048,40,128]{3,2,1,0}, f16[], f16[16,40,2048,2048]{3,2,1,0}, f16[16,2048,5120]{2,1,0}, f32[16,2048,5120]{2,1,0}, /*index=645*/f16[16,2048,1]{2,1,0}, f16[1,1,5120]{2,1,0}, f32[16,2048,1]{2,1,0}, f32[16,2048,1]{2,1,0}, f32[16,2048,5120]{2,1,0}, /*index=650*/f32[16,2048,5120]{2,1,0}, f16[16,2048,20480]{2,1,0}, f32[16,2048,20480]{2,1,0}, f32[16,2048,20480]{2,1,0}, f32[16,2048,20480]{2,1,0}, /*index=655*/f16[16,2048,5120]{2,1,0}, f32[16,2048,5120]{2,1,0}, f16[16,2048,1]{2,1,0}, f16[1,1,5120]{2,1,0}, f32[16,2048,1]{2,1,0}, /*index=660*/f32[16,2048,1]{2,1,0}, f32[16,2048,5120]{2,1,0}, f32[16,2048,5120]{2,1,0}, f16[16,2048,5120]{2,1,0}, f16[16,2048,40,128]{3,2,1,0}, /*index=665*/f16[16,40,2048,1]{3,2,1,0}, f16[16,40,2048,2048]{3,2,1,0}, f16[16,40,2048,1]{3,2,1,0}, f16[16,2048,40,128]{3,2,1,0}, f16[16,2048,40,128]{3,2,1,0}, /*index=670*/f16[], f16[16,40,2048,2048]{3,2,1,0}, f16[16,2048,5120]{2,1,0}, f32[16,2048,5120]{2,1,0}, f16[16,2048,1]{2,1,0}, /*index=675*/f16[1,1,5120]{2,1,0}, f32[16,2048,1]{2,1,0}, f32[16,2048,1]{2,1,0}, f32[16,2048,5120]{2,1,0}, f32[16,2048,5120]{2,1,0}, /*index=680*/f16[16,2048,20480]{2,1,0}, f32[16,2048,20480]{2,1,0}, f32[16,2048,20480]{2,1,0}, f32[16,2048,20480]{2,1,0}, f16[16,2048,5120]{2,1,0}, /*index=685*/f32[16,2048,5120]{2,1,0}, f16[16,2048,1]{2,1,0}, f16[1,1,5120]{2,1,0}, f32[16,2048,1]{2,1,0}, f32[16,2048,1]{2,1,0}, /*index=690*/f32[16,2048,5120]{2,1,0}, f32[16,2048,5120]{2,1,0}, f16[16,2048,5120]{2,1,0}, f16[16,2048,40,128]{3,2,1,0}, f16[16,40,2048,1]{3,2,1,0}, /*index=695*/f16[16,40,2048,2048]{3,2,1,0}, f16[16,40,2048,1]{3,2,1,0}, f16[16,2048,40,128]{3,2,1,0}, f16[16,2048,40,128]{3,2,1,0}, f16[], /*index=700*/f16[16,40,2048,2048]{3,2,1,0}, f16[16,2048,5120]{2,1,0}, f32[16,2048,5120]{2,1,0}, f16[16,2048,1]{2,1,0}, f16[1,1,5120]{2,1,0}, /*index=705*/f32[16,2048,1]{2,1,0}, f32[16,2048,1]{2,1,0}, f32[16,2048,5120]{2,1,0}, f32[16,2048,5120]{2,1,0}, f16[16,2048,20480]{2,1,0}, /*index=710*/f32[16,2048,20480]{2,1,0}, f32[16,2048,20480]{2,1,0}, f32[16,2048,20480]{2,1,0}, f16[16,2048,5120]{2,1,0}, f32[16,2048,5120]{2,1,0}, /*index=715*/f16[16,2048,1]{2,1,0}, f16[1,1,5120]{2,1,0}, f32[16,2048,1]{2,1,0}, f32[16,2048,1]{2,1,0}, f32[16,2048,5120]{2,1,0}, /*index=720*/f32[16,2048,5120]{2,1,0}, f16[16,2048,5120]{2,1,0}, f16[16,2048,40,128]{3,2,1,0}, f16[16,40,2048,1]{3,2,1,0}, f16[16,40,2048,2048]{3,2,1,0}, /*index=725*/f16[16,40,2048,1]{3,2,1,0}, f16[16,2048,40,128]{3,2,1,0}, f16[16,2048,40,128]{3,2,1,0}, f16[], f16[16,40,2048,2048]{3,2,1,0}, /*index=730*/f16[16,2048,5120]{2,1,0}, f32[16,2048,5120]{2,1,0}, f16[16,2048,1]{2,1,0}, f16[1,1,5120]{2,1,0}, f32[16,2048,1]{2,1,0}, /*index=735*/f32[16,2048,1]{2,1,0}, f32[16,2048,5120]{2,1,0}, f32[16,2048,5120]{2,1,0}, f16[16,2048,20480]{2,1,0}, f32[16,2048,20480]{2,1,0}, /*index=740*/f32[16,2048,20480]{2,1,0}, f32[16,2048,20480]{2,1,0}, f16[16,2048,5120]{2,1,0}, f32[16,2048,5120]{2,1,0}, f16[16,2048,1]{2,1,0}, /*index=745*/f16[1,1,5120]{2,1,0}, f32[16,2048,1]{2,1,0}, f32[16,2048,1]{2,1,0}, f32[16,2048,5120]{2,1,0}, f32[16,2048,5120]{2,1,0}, /*index=750*/f16[16,2048,5120]{2,1,0}, f16[16,2048,40,128]{3,2,1,0}, f16[16,40,2048,1]{3,2,1,0}, f16[16,40,2048,2048]{3,2,1,0}, f16[16,40,2048,1]{3,2,1,0}, /*index=755*/f16[16,2048,40,128]{3,2,1,0}, f16[16,2048,40,128]{3,2,1,0}, f16[], f16[16,40,2048,2048]{3,2,1,0}, f16[16,2048,5120]{2,1,0}, /*index=760*/f32[16,2048,5120]{2,1,0}, f16[16,2048,1]{2,1,0}, f16[1,1,5120]{2,1,0}, f32[16,2048,1]{2,1,0}, f32[16,2048,1]{2,1,0}, /*index=765*/f32[16,2048,5120]{2,1,0}, f32[16,2048,5120]{2,1,0}, f16[16,2048,20480]{2,1,0}, f32[16,2048,20480]{2,1,0}, f32[16,2048,20480]{2,1,0}, /*index=770*/f32[16,2048,20480]{2,1,0}, f16[16,2048,5120]{2,1,0}, f32[16,2048,5120]{2,1,0}, f16[16,2048,1]{2,1,0}, f16[1,1,5120]{2,1,0}, /*index=775*/f32[16,2048,1]{2,1,0}, f32[16,2048,1]{2,1,0}, f32[16,2048,5120]{2,1,0}, f32[16,2048,5120]{2,1,0}, f16[16,2048,5120]{2,1,0}, /*index=780*/f16[16,2048,40,128]{3,2,1,0}, f16[16,40,2048,1]{3,2,1,0}, f16[16,40,2048,2048]{3,2,1,0}, f16[16,40,2048,1]{3,2,1,0}, f16[16,2048,40,128]{3,2,1,0}, /*index=785*/f16[16,2048,40,128]{3,2,1,0}, f16[], f16[16,40,2048,2048]{3,2,1,0}, f16[16,2048,5120]{2,1,0}, f32[16,2048,5120]{2,1,0}, /*index=790*/f16[16,2048,1]{2,1,0}, f16[1,1,5120]{2,1,0}, f32[16,2048,1]{2,1,0}, f32[16,2048,1]{2,1,0}, f32[16,2048,5120]{2,1,0}, /*index=795*/f32[16,2048,5120]{2,1,0}, f16[16,2048,20480]{2,1,0}, f32[16,2048,20480]{2,1,0}, f32[16,2048,20480]{2,1,0}, f32[16,2048,20480]{2,1,0}, /*index=800*/f16[16,2048,5120]{2,1,0}, f32[16,2048,5120]{2,1,0}, f16[16,2048,1]{2,1,0}, f16[1,1,5120]{2,1,0}, f32[16,2048,1]{2,1,0}, /*index=805*/f32[16,2048,1]{2,1,0}, f32[16,2048,5120]{2,1,0}, f32[16,2048,5120]{2,1,0}, f16[16,2048,5120]{2,1,0}, f16[16,2048,40,128]{3,2,1,0}, /*index=810*/f16[16,40,2048,1]{3,2,1,0}, f16[16,40,2048,2048]{3,2,1,0}, f16[16,40,2048,1]{3,2,1,0}, f16[16,2048,40,128]{3,2,1,0}, f16[16,2048,40,128]{3,2,1,0}, /*index=815*/f16[], f16[16,40,2048,2048]{3,2,1,0}, f16[16,2048,5120]{2,1,0}, f32[16,2048,5120]{2,1,0}, f16[16,2048,1]{2,1,0}, /*index=820*/f16[1,1,5120]{2,1,0}, f32[16,2048,1]{2,1,0}, f32[16,2048,1]{2,1,0}, f32[16,2048,5120]{2,1,0}, f32[16,2048,5120]{2,1,0}, /*index=825*/f16[16,2048,20480]{2,1,0}, f32[16,2048,20480]{2,1,0}, f32[16,2048,20480]{2,1,0}, f32[16,2048,20480]{2,1,0}, f16[16,2048,5120]{2,1,0}, /*index=830*/f32[16,2048,5120]{2,1,0}, f16[16,2048,1]{2,1,0}, f16[1,1,5120]{2,1,0}, f32[16,2048,1]{2,1,0}, f32[16,2048,1]{2,1,0}, /*index=835*/f32[16,2048,5120]{2,1,0}, f32[16,2048,5120]{2,1,0}, f16[16,2048,5120]{2,1,0}, f16[16,2048,40,128]{3,2,1,0}, f16[16,40,2048,1]{3,2,1,0}, /*index=840*/f16[16,40,2048,2048]{3,2,1,0}, f16[16,40,2048,1]{3,2,1,0}, f16[16,2048,40,128]{3,2,1,0}, f16[16,2048,40,128]{3,2,1,0}, f16[], /*index=845*/f16[16,40,2048,2048]{3,2,1,0}, f16[16,2048,5120]{2,1,0}, f32[16,2048,5120]{2,1,0}, f16[16,2048,1]{2,1,0}, f16[1,1,5120]{2,1,0}, /*index=850*/f32[16,2048,1]{2,1,0}, f32[16,2048,1]{2,1,0}, f32[16,2048,5120]{2,1,0}, f32[16,2048,5120]{2,1,0}, f16[16,2048,20480]{2,1,0}, /*index=855*/f32[16,2048,20480]{2,1,0}, f32[16,2048,20480]{2,1,0}, f32[16,2048,20480]{2,1,0}, f16[16,2048,5120]{2,1,0}, f32[16,2048,5120]{2,1,0}, /*index=860*/f16[16,2048,1]{2,1,0}, f16[1,1,5120]{2,1,0}, f32[16,2048,1]{2,1,0}, f32[16,2048,1]{2,1,0}, f32[16,2048,5120]{2,1,0}, /*index=865*/f32[16,2048,5120]{2,1,0}, f16[16,2048,5120]{2,1,0}, f16[16,2048,40,128]{3,2,1,0}, f16[16,40,2048,1]{3,2,1,0}, f16[16,40,2048,2048]{3,2,1,0}, /*index=870*/f16[16,40,2048,1]{3,2,1,0}, f16[16,2048,40,128]{3,2,1,0}, f16[16,2048,40,128]{3,2,1,0}, f16[], f16[16,40,2048,2048]{3,2,1,0}, /*index=875*/f16[16,2048,5120]{2,1,0}, f32[16,2048,5120]{2,1,0}, f16[16,2048,1]{2,1,0}, f16[1,1,5120]{2,1,0}, f32[16,2048,1]{2,1,0}, /*index=880*/f32[16,2048,1]{2,1,0}, f32[16,2048,5120]{2,1,0}, f32[16,2048,5120]{2,1,0}, f16[16,2048,20480]{2,1,0}, f32[16,2048,20480]{2,1,0}, /*index=885*/f32[16,2048,20480]{2,1,0}, f32[16,2048,20480]{2,1,0}, f16[16,2048,5120]{2,1,0}, f32[16,2048,5120]{2,1,0}, f16[16,2048,1]{2,1,0}, /*index=890*/f16[1,1,5120]{2,1,0}, f32[16,2048,1]{2,1,0}, f32[16,2048,1]{2,1,0}, f32[16,2048,5120]{2,1,0}, f32[16,2048,5120]{2,1,0}, /*index=895*/f16[16,2048,5120]{2,1,0}, f16[16,2048,40,128]{3,2,1,0}, f16[16,40,2048,1]{3,2,1,0}, f16[16,40,2048,2048]{3,2,1,0}, f16[16,40,2048,1]{3,2,1,0}, /*index=900*/f16[16,2048,40,128]{3,2,1,0}, f16[16,2048,40,128]{3,2,1,0}, f16[], f16[16,40,2048,2048]{3,2,1,0}, f16[16,2048,5120]{2,1,0}, /*index=905*/f32[16,2048,5120]{2,1,0}, f16[16,2048,1]{2,1,0}, f16[1,1,5120]{2,1,0}, f32[16,2048,1]{2,1,0}, f32[16,2048,1]{2,1,0}, /*index=910*/f32[16,2048,5120]{2,1,0}, f32[16,2048,5120]{2,1,0}, f16[16,2048,20480]{2,1,0}, f32[16,2048,20480]{2,1,0}, f32[16,2048,20480]{2,1,0}, /*index=915*/f32[16,2048,20480]{2,1,0}, f16[16,2048,5120]{2,1,0}, f32[16,2048,5120]{2,1,0}, f16[16,2048,1]{2,1,0}, f16[1,1,5120]{2,1,0}, /*index=920*/f32[16,2048,1]{2,1,0}, f32[16,2048,1]{2,1,0}, f32[16,2048,5120]{2,1,0}, f32[16,2048,5120]{2,1,0}, f16[16,2048,5120]{2,1,0}, /*index=925*/f16[16,2048,40,128]{3,2,1,0}, f16[16,40,2048,1]{3,2,1,0}, f16[16,40,2048,2048]{3,2,1,0}, f16[16,40,2048,1]{3,2,1,0}, f16[16,2048,40,128]{3,2,1,0}, /*index=930*/f16[16,2048,40,128]{3,2,1,0}, f16[], f16[16,40,2048,2048]{3,2,1,0}, f16[16,2048,5120]{2,1,0}, f32[16,2048,5120]{2,1,0}, /*index=935*/f16[16,2048,1]{2,1,0}, f16[1,1,5120]{2,1,0}, f32[16,2048,1]{2,1,0}, f32[16,2048,1]{2,1,0}, f32[16,2048,5120]{2,1,0}, /*index=940*/f32[16,2048,5120]{2,1,0}, f16[16,2048,20480]{2,1,0}, f32[16,2048,20480]{2,1,0}, f32[16,2048,20480]{2,1,0}, f32[16,2048,20480]{2,1,0}, /*index=945*/f16[16,2048,5120]{2,1,0}, f32[16,2048,5120]{2,1,0}, f16[16,2048,1]{2,1,0}, f16[1,1,5120]{2,1,0}, f32[16,2048,1]{2,1,0}, /*index=950*/f32[16,2048,1]{2,1,0}, f32[16,2048,5120]{2,1,0}, f32[16,2048,5120]{2,1,0}, f16[16,2048,5120]{2,1,0}, f16[16,2048,40,128]{3,2,1,0}, /*index=955*/f16[16,40,2048,1]{3,2,1,0}, f16[16,40,2048,2048]{3,2,1,0}, f16[16,40,2048,1]{3,2,1,0}, f16[16,2048,40,128]{3,2,1,0}, f16[16,2048,40,128]{3,2,1,0}, /*index=960*/f16[], f16[16,40,2048,2048]{3,2,1,0}, f16[16,2048,5120]{2,1,0}, f32[16,2048,5120]{2,1,0}, f16[16,2048,1]{2,1,0}, /*index=965*/f16[1,1,5120]{2,1,0}, f32[16,2048,1]{2,1,0}, f32[16,2048,1]{2,1,0}, f32[16,2048,5120]{2,1,0}, f32[16,2048,5120]{2,1,0}, /*index=970*/f16[16,2048,20480]{2,1,0}, f32[16,2048,20480]{2,1,0}, f32[16,2048,20480]{2,1,0}, f32[16,2048,20480]{2,1,0}, f16[16,2048,5120]{2,1,0}, /*index=975*/f32[16,2048,5120]{2,1,0}, f16[16,2048,1]{2,1,0}, f16[1,1,5120]{2,1,0}, f32[16,2048,1]{2,1,0}, f32[16,2048,1]{2,1,0}, /*index=980*/f32[16,2048,5120]{2,1,0}, f32[16,2048,5120]{2,1,0}, f16[16,2048,5120]{2,1,0}, f16[16,2048,40,128]{3,2,1,0}, f16[16,40,2048,1]{3,2,1,0}, /*index=985*/f16[16,40,2048,2048]{3,2,1,0}, f16[16,40,2048,1]{3,2,1,0}, f16[16,2048,40,128]{3,2,1,0}, f16[16,2048,40,128]{3,2,1,0}, f16[], /*index=990*/f16[16,40,2048,2048]{3,2,1,0}, f16[16,2048,5120]{2,1,0}, f32[16,2048,5120]{2,1,0}, f16[16,2048,1]{2,1,0}, f16[1,1,5120]{2,1,0}, /*index=995*/f32[16,2048,1]{2,1,0}, f32[16,2048,1]{2,1,0}, f32[16,2048,5120]{2,1,0}, f32[16,2048,5120]{2,1,0}, f16[16,2048,20480]{2,1,0}, /*index=1000*/f32[16,2048,20480]{2,1,0}, f32[16,2048,20480]{2,1,0}, f32[16,2048,20480]{2,1,0}, f16[16,2048,5120]{2,1,0}, f32[16,2048,5120]{2,1,0}, /*index=1005*/f16[16,2048,1]{2,1,0}, f16[1,1,5120]{2,1,0}, f32[16,2048,1]{2,1,0}, f32[16,2048,1]{2,1,0}, f32[16,2048,5120]{2,1,0}, /*index=1010*/f32[16,2048,5120]{2,1,0}, f16[16,2048,5120]{2,1,0}, f16[16,2048,40,128]{3,2,1,0}, f16[16,40,2048,1]{3,2,1,0}, f16[16,40,2048,2048]{3,2,1,0}, /*index=1015*/f16[16,40,2048,1]{3,2,1,0}, f16[16,2048,40,128]{3,2,1,0}, f16[16,2048,40,128]{3,2,1,0}, f16[], f16[16,40,2048,2048]{3,2,1,0}, /*index=1020*/f16[16,2048,5120]{2,1,0}, f32[16,2048,5120]{2,1,0}, f16[16,2048,1]{2,1,0}, f16[1,1,5120]{2,1,0}, f32[16,2048,1]{2,1,0}, /*index=1025*/f32[16,2048,1]{2,1,0}, f32[16,2048,5120]{2,1,0}, f32[16,2048,5120]{2,1,0}, f16[16,2048,20480]{2,1,0}, f32[16,2048,20480]{2,1,0}, /*index=1030*/f32[16,2048,20480]{2,1,0}, f32[16,2048,20480]{2,1,0}, f16[16,2048,5120]{2,1,0}, f32[16,2048,5120]{2,1,0}, f16[16,2048,1]{2,1,0}, /*index=1035*/f16[1,1,5120]{2,1,0}, f32[16,2048,1]{2,1,0}, f32[16,2048,1]{2,1,0}, f32[16,2048,5120]{2,1,0}, f32[16,2048,5120]{2,1,0}, /*index=1040*/f16[16,2048,5120]{2,1,0}, f16[16,2048,40,128]{3,2,1,0}, f16[16,40,2048,1]{3,2,1,0}, f16[16,40,2048,2048]{3,2,1,0}, f16[16,40,2048,1]{3,2,1,0}, /*index=1045*/f16[16,2048,40,128]{3,2,1,0}, f16[16,2048,40,128]{3,2,1,0}, f16[], f16[16,40,2048,2048]{3,2,1,0}, f16[16,2048,5120]{2,1,0}, /*index=1050*/f32[16,2048,5120]{2,1,0}, f16[16,2048,1]{2,1,0}, f16[1,1,5120]{2,1,0}, f32[16,2048,1]{2,1,0}, f32[16,2048,1]{2,1,0}, /*index=1055*/f32[16,2048,5120]{2,1,0}, f32[16,2048,5120]{2,1,0}, f16[16,2048,20480]{2,1,0}, f32[16,2048,20480]{2,1,0}, f32[16,2048,20480]{2,1,0}, /*index=1060*/f32[16,2048,20480]{2,1,0}, f16[16,2048,5120]{2,1,0}, f32[16,2048,5120]{2,1,0}, f16[16,2048,1]{2,1,0}, f16[1,1,5120]{2,1,0}, /*index=1065*/f32[16,2048,1]{2,1,0}, f32[16,2048,1]{2,1,0}, f32[16,2048,5120]{2,1,0}, f32[16,2048,5120]{2,1,0}, f16[16,2048,5120]{2,1,0}, /*index=1070*/f16[16,2048,40,128]{3,2,1,0}, f16[16,40,2048,1]{3,2,1,0}, f16[16,40,2048,2048]{3,2,1,0}, f16[16,40,2048,1]{3,2,1,0}, f16[16,2048,40,128]{3,2,1,0}, /*index=1075*/f16[16,2048,40,128]{3,2,1,0}, f16[], f16[16,40,2048,2048]{3,2,1,0}, f16[16,2048,5120]{2,1,0}, f32[16,2048,5120]{2,1,0}, /*index=1080*/f16[16,2048,1]{2,1,0}, f16[1,1,5120]{2,1,0}, f32[16,2048,1]{2,1,0}, f32[16,2048,1]{2,1,0}, f32[16,2048,5120]{2,1,0}, /*index=1085*/f32[16,2048,5120]{2,1,0}, f16[16,2048,20480]{2,1,0}, f32[16,2048,20480]{2,1,0}, f32[16,2048,20480]{2,1,0}, f32[16,2048,20480]{2,1,0}, /*index=1090*/f16[16,2048,5120]{2,1,0}, f32[16,2048,5120]{2,1,0}, f16[16,2048,1]{2,1,0}, f16[1,1,5120]{2,1,0}, f32[16,2048,1]{2,1,0}, /*index=1095*/f32[16,2048,1]{2,1,0}, f32[16,2048,5120]{2,1,0}, f32[16,2048,5120]{2,1,0}, f16[16,2048,5120]{2,1,0}, f16[16,2048,40,128]{3,2,1,0}, /*index=1100*/f16[16,40,2048,1]{3,2,1,0}, f16[16,40,2048,2048]{3,2,1,0}, f16[16,40,2048,1]{3,2,1,0}, f16[16,2048,40,128]{3,2,1,0}, f16[16,2048,40,128]{3,2,1,0}, /*index=1105*/f16[], f16[16,40,2048,2048]{3,2,1,0}, f16[16,2048,5120]{2,1,0}, f32[16,2048,5120]{2,1,0}, f16[16,2048,1]{2,1,0}, /*index=1110*/f16[1,1,5120]{2,1,0}, f32[16,2048,1]{2,1,0}, f32[16,2048,1]{2,1,0}, f32[16,2048,5120]{2,1,0}, f32[16,2048,5120]{2,1,0}, /*index=1115*/f16[16,2048,20480]{2,1,0}, f32[16,2048,20480]{2,1,0}, f32[16,2048,20480]{2,1,0}, f32[16,2048,20480]{2,1,0}, f16[16,2048,5120]{2,1,0}, /*index=1120*/f32[16,2048,5120]{2,1,0}, f16[16,2048,1]{2,1,0}, f16[1,1,5120]{2,1,0}, f32[16,2048,1]{2,1,0}, f32[16,2048,1]{2,1,0}, /*index=1125*/f32[16,2048,5120]{2,1,0}, f32[16,2048,5120]{2,1,0}, f16[16,2048,5120]{2,1,0}, f16[16,2048,40,128]{3,2,1,0}, f16[16,40,2048,1]{3,2,1,0}, /*index=1130*/f16[16,40,2048,2048]{3,2,1,0}, f16[16,40,2048,1]{3,2,1,0}, f16[16,2048,40,128]{3,2,1,0}, f16[16,2048,40,128]{3,2,1,0}, f16[], /*index=1135*/f16[16,40,2048,2048]{3,2,1,0}, f16[16,2048,5120]{2,1,0}, f32[16,2048,5120]{2,1,0}, f16[16,2048,1]{2,1,0}, f16[1,1,5120]{2,1,0}, /*index=1140*/f32[16,2048,1]{2,1,0}, f32[16,2048,1]{2,1,0}, f32[16,2048,5120]{2,1,0}, f32[16,2048,5120]{2,1,0}, f16[16,2048,20480]{2,1,0}, /*index=1145*/f32[16,2048,20480]{2,1,0}, f32[16,2048,20480]{2,1,0}, f32[16,2048,20480]{2,1,0}, f16[16,2048,5120]{2,1,0}, f32[16,2048,5120]{2,1,0}, /*index=1150*/f16[16,2048,1]{2,1,0}, f16[1,1,5120]{2,1,0}, f32[16,2048,1]{2,1,0}, f32[16,2048,1]{2,1,0}, f32[16,2048,5120]{2,1,0}, /*index=1155*/f32[16,2048,5120]{2,1,0}, f16[16,2048,5120]{2,1,0}, f16[16,2048,40,128]{3,2,1,0}, f16[16,40,2048,1]{3,2,1,0}, f16[16,40,2048,2048]{3,2,1,0}, /*index=1160*/f16[16,40,2048,1]{3,2,1,0}, f16[16,2048,40,128]{3,2,1,0}, f16[16,2048,40,128]{3,2,1,0}, f16[], f16[16,40,2048,2048]{3,2,1,0}, /*index=1165*/f16[16,2048,5120]{2,1,0}, f32[16,2048,5120]{2,1,0}, f16[16,2048,1]{2,1,0}, f16[1,1,5120]{2,1,0}, f32[16,2048,1]{2,1,0}, /*index=1170*/f32[16,2048,1]{2,1,0}, f32[16,2048,5120]{2,1,0}, f32[16,2048,5120]{2,1,0}, f16[16,2048,512]{2,1,0}, f16[16,2048,51200]{2,1,0}) %custom-call.0), index=33 does not have any valid strategies.
[2m[36m(CompileWorker pid=2688, ip=33.255.169.88)[0m *** SIGABRT received at time=1778830332 on cpu 68 ***
[2m[36m(CompileWorker pid=2688, ip=33.255.169.88)[0m PC: @     0x7fd74b31c18b  (unknown)  raise
[2m[36m(CompileWorker pid=2688, ip=33.255.169.88)[0m     @     0x7fd74b31c210  704789040  (unknown)
[2m[36m(CompileWorker pid=2688, ip=33.255.169.88)[0m     @     0x7fa84f9f4921       9632  xla::spmd::BuildStrategyAndCost()
[2m[36m(CompileWorker pid=2688, ip=33.255.169.88)[0m     @     0x7fa84f9f91e7       2288  xla::spmd::AutoSharding::Run()
[2m[36m(CompileWorker pid=2688, ip=33.255.169.88)[0m     @     0x7fa8523f1afa        816  xla::HloPassPipeline::RunPassesInternal<>()
[2m[36m(CompileWorker pid=2688, ip=33.255.169.88)[0m     @     0x7fa8523f283f        432  xla::HloPassPipeline::Run()
[2m[36m(CompileWorker pid=2688, ip=33.255.169.88)[0m     @     0x7fa84eb4b758       3200  xla::spmd::RunAutoShardingPass()
[2m[36m(CompileWorker pid=2688, ip=33.255.169.88)[0m     @     0x7fa84eb1ca8e        160  pybind11::cpp_function::initialize<>()::{lambda()#3}::_FUN()
[2m[36m(CompileWorker pid=2688, ip=33.255.169.88)[0m     @     0x7fa84e8ccd3b        608  pybind11::cpp_function::dispatcher()
[2m[36m(CompileWorker pid=2688, ip=33.255.169.88)[0m     @           0x5f5e79  (unknown)  PyCFunction_Call
[2m[36m(CompileWorker pid=2688, ip=33.255.169.88)[0m     @           0x903b00  (unknown)  (unknown)
[2m[36m(CompileWorker pid=2688, ip=33.255.169.88)[0m [2026-05-15 07:32:12,988 E 2688 2688] logging.cc:325: *** SIGABRT received at time=1778830332 on cpu 68 ***
[2m[36m(CompileWorker pid=2688, ip=33.255.169.88)[0m [2026-05-15 07:32:12,988 E 2688 2688] logging.cc:325: PC: @     0x7fd74b31c18b  (unknown)  raise
[2m[36m(CompileWorker pid=2688, ip=33.255.169.88)[0m [2026-05-15 07:32:12,989 E 2688 2688] logging.cc:325:     @     0x7fd74b31c210  704789040  (unknown)
[2m[36m(CompileWorker pid=2688, ip=33.255.169.88)[0m [2026-05-15 07:32:12,989 E 2688 2688] logging.cc:325:     @     0x7fa84f9f4921       9632  xla::spmd::BuildStrategyAndCost()
[2m[36m(CompileWorker pid=2688, ip=33.255.169.88)[0m [2026-05-15 07:32:12,989 E 2688 2688] logging.cc:325:     @     0x7fa84f9f91e7       2288  xla::spmd::AutoSharding::Run()
[2m[36m(CompileWorker pid=2688, ip=33.255.169.88)[0m [2026-05-15 07:32:12,989 E 2688 2688] logging.cc:325:     @     0x7fa8523f1afa        816  xla::HloPassPipeline::RunPassesInternal<>()
[2m[36m(CompileWorker pid=2688, ip=33.255.169.88)[0m [2026-05-15 07:32:12,989 E 2688 2688] logging.cc:325:     @     0x7fa8523f283f        432  xla::HloPassPipeline::Run()
[2m[36m(CompileWorker pid=2688, ip=33.255.169.88)[0m [2026-05-15 07:32:12,989 E 2688 2688] logging.cc:325:     @     0x7fa84eb4b758       3200  xla::spmd::RunAutoShardingPass()
[2m[36m(CompileWorker pid=2688, ip=33.255.169.88)[0m [2026-05-15 07:32:12,989 E 2688 2688] logging.cc:325:     @     0x7fa84eb1ca8e        160  pybind11::cpp_function::initialize<>()::{lambda()#3}::_FUN()
[2m[36m(CompileWorker pid=2688, ip=33.255.169.88)[0m [2026-05-15 07:32:12,989 E 2688 2688] logging.cc:325:     @     0x7fa84e8ccd3b        608  pybind11::cpp_function::dispatcher()
[2m[36m(CompileWorker pid=2688, ip=33.255.169.88)[0m [2026-05-15 07:32:12,989 E 2688 2688] logging.cc:325:     @           0x5f5e79  (unknown)  PyCFunction_Call
[2m[36m(CompileWorker pid=2688, ip=33.255.169.88)[0m [2026-05-15 07:32:12,990 E 2688 2688] logging.cc:325:     @           0x903b00  (unknown)  (unknown)
[2m[36m(CompileWorker pid=2688, ip=33.255.169.88)[0m Fatal Python error: Aborted
[2m[36m(CompileWorker pid=2688, ip=33.255.169.88)[0m 
[2m[36m(CompileWorker pid=2688, ip=33.255.169.88)[0m Stack (most recent call first):
[2m[36m(CompileWorker pid=2688, ip=33.255.169.88)[0m   File "/usr/local/lib/python3.8/dist-packages/alpa/shard_parallel/auto_sharding.py", line 357 in run_auto_sharding_pass
[2m[36m(CompileWorker pid=2688, ip=33.255.169.88)[0m   File "/usr/local/lib/python3.8/dist-packages/alpa/pipeline_parallel/stage_profiling.py", line 162 in compile_stage_for_profiling
[2m[36m(CompileWorker pid=2688, ip=33.255.169.88)[0m   File "/usr/local/lib/python3.8/dist-packages/ray/util/tracing/tracing_helper.py", line 462 in _resume_span
[2m[36m(CompileWorker pid=2688, ip=33.255.169.88)[0m   File "/usr/local/lib/python3.8/dist-packages/ray/_private/function_manager.py", line 675 in actor_method_executor
[2m[36m(CompileWorker pid=2688, ip=33.255.169.88)[0m   File "/usr/local/lib/python3.8/dist-packages/ray/worker.py", line 451 in main_loop
[2m[36m(CompileWorker pid=2688, ip=33.255.169.88)[0m   File "/usr/local/lib/python3.8/dist-packages/ray/workers/default_worker.py", line 238 in <module>
2026-05-15 07:34:30,372	WARNING worker.py:1404 -- A worker died or was killed while executing a task by an unexpected system error. To troubleshoot the problem, check the logs for the dead worker. RayTask ID: ffffffffffffffff08da2b0a1d4b92ca54ea5aef07000000 Worker ID: d43c9b19a9bbcb81335d489ecccc2a0122773dbfaaea8942a156c175 Node ID: 2317838040c6b56992f852aeb773f9f4a854b7f0bfab27acc49d5d79 Worker IP address: 33.255.169.88 Worker port: 10022 Worker PID: 2688
WARNING:alpa.pipeline_parallel.stage_profiling:A Compile worker died unexpectedly: The actor died unexpectedly before finishing this task.
	class_name: CompileWorker
	actor_id: 08da2b0a1d4b92ca54ea5aef07000000
	pid: 2688
	namespace: 8f8e2b09-2b63-4b63-99ff-e293029f5a5e
	ip: 33.255.169.88
The actor is dead because its worker process has died. Worker exit type: SYSTEM_ERROR_EXIT
- Profile all stages
Traceback (most recent call last):
  File "benchmark_3d_one_case.py", line 92, in <module>
    benchmark_one_case(args.model,
  File "benchmark_3d_one_case.py", line 37, in benchmark_one_case
    result = benchmark_gpt_bert_internal(model, case, niter, num_hosts,
  File "/home/liminglong.lml/sxz/SuperScaler/external/alpa/benchmark_3d_one_case_gpt_bert.py", line 290, in benchmark_gpt_bert_internal
    executable = train_step.get_executable(state, batch, rngkey)
  File "/usr/local/lib/python3.8/dist-packages/alpa/api.py", line 110, in get_executable
    executable, _, _, _ = self._decode_args_and_get_executable(*args)
  File "/usr/local/lib/python3.8/dist-packages/alpa/api.py", line 174, in _decode_args_and_get_executable
    executable = _compile_parallel_executable(f, in_tree, out_tree_hashable,
  File "/usr/local/lib/python3.8/dist-packages/jax/linear_util.py", line 272, in memoized_fun
    ans = call(fun, *args)
  File "/usr/local/lib/python3.8/dist-packages/alpa/api.py", line 201, in _compile_parallel_executable
    return method.compile_executable(fun, in_tree, out_tree_thunk,
  File "/usr/local/lib/python3.8/dist-packages/alpa/parallel_method.py", line 220, in compile_executable
    return compile_pipeshard_executable(
  File "/usr/local/lib/python3.8/dist-packages/alpa/pipeline_parallel/compile_executable.py", line 76, in compile_pipeshard_executable
    pipeshard_config = compile_pipeshard_executable_internal(
  File "/usr/local/lib/python3.8/dist-packages/alpa/pipeline_parallel/compile_executable.py", line 150, in compile_pipeshard_executable_internal
    manual_stage_option) = cluster_layers_and_slice_mesh(
  File "/usr/local/lib/python3.8/dist-packages/alpa/pipeline_parallel/stage_construction.py", line 608, in cluster_layers_and_slice_mesh
    compute_cost, max_n_succ_stages = get_compute_cost(
  File "/usr/local/lib/python3.8/dist-packages/alpa/pipeline_parallel/stage_construction.py", line 476, in get_compute_cost
    mesh_profiled) = distributed_profile_on_mesh(
  File "/usr/local/lib/python3.8/dist-packages/alpa/pipeline_parallel/stage_construction.py", line 370, in distributed_profile_on_mesh
    is_profiled) = profile_all(stages, compiled_outputs, meshes, num_layers,
  File "/usr/local/lib/python3.8/dist-packages/alpa/pipeline_parallel/stage_profiling.py", line 479, in profile_all
    prof_result = prof_database.query("default", meshes[0].shape)
  File "/usr/local/lib/python3.8/dist-packages/alpa/mesh_profiling.py", line 171, in query
    return self.data[key]
KeyError: ('default', (4, 8))
[DEBUG] latencies = [-1]
Type: gpt  Model Config: (1024, 2048, 5120, 40, 40)  #Microbatch: 64  #GPU: 32  Parallel Config: (True, False, 16, {'submesh_physical_shape_space': 'small_power_of_two', 'submesh_logical_shape_space': 'all', 'stage_imbalance_tolerance': 1.0, 'use_hlo_cost_model': True, 'profiling_database_filename': 'prof_database.pkl'})  Mean Time: -1.000s  Std Time: 0.000  #Params: -0.000B  TFLOPs: -1.00  TFLOPs (ckpt): -1.00  Peak Mem: -0.000G  Compilation Time: None  Global Batch Size: 1024  
Working on case: (1024, 2048, 5120, 40, 40, 51200, 128, 'search', (True, False, 16, {'submesh_physical_shape_space': 'small_power_of_two', 'submesh_logical_shape_space': 'all', 'stage_imbalance_tolerance': 1.0, 'use_hlo_cost_model': True, 'profiling_database_filename': 'prof_database.pkl'}))
rm -rf /tmp/tmp_transfer.pkl
python3 -u benchmark_3d_one_case.py --model gpt --niter 3 --case "(1024, 2048, 5120, 40, 40, 51200, 128, 'search', (True, False, 16, {'submesh_physical_shape_space': 'small_power_of_two', 'submesh_logical_shape_space': 'all', 'stage_imbalance_tolerance': 1.0, 'use_hlo_cost_model': True, 'profiling_database_filename': 'prof_database.pkl'}))" --num-hosts 4 --num-devices-per-host 8 --dump-result --disable-tqdm 
mkdir -p tmp
 - Prepare input: 1.56 s
 - Create train state: 1.77 s
-------------------- Automatic stage clustering --------------------
submesh_choices: ((1, 1), (1, 2), (1, 4), (1, 8), (2, 8), (4, 8))
- Profiling for submesh 5 (4, 8):
- Generate all stage infos (Jaxpr -> HLO)
- Compile all stages
[2m[36m(CompileWorker pid=21439, ip=33.255.171.9)[0m 2026-05-15 07:35:21.357901: F external/org_tensorflow/tensorflow/compiler/xla/service/spmd/auto_sharding.cc:1455] Check failed: strategies->is_tuple || !strategies->leaf_vector.empty() %get-tuple-element.1237 = f16[8,40,2048,2048]{3,2,1,0} get-tuple-element((f32[], f32[8,2048]{1,0}, f32[8,2048,51200]{2,1,0}, f16[8,2048,1]{2,1,0}, f16[8,2048,51200]{2,1,0}, /*index=5*/f16[8,2048,5120]{2,1,0}, f32[8,2048,5120]{2,1,0}, f16[8,2048,1]{2,1,0}, f16[1,1,5120]{2,1,0}, f32[8,2048,1]{2,1,0}, /*index=10*/f32[8,2048,1]{2,1,0}, f32[8,2048,5120]{2,1,0}, f32[8,2048,5120]{2,1,0}, f16[8,2048,20480]{2,1,0}, f32[8,2048,20480]{2,1,0}, /*index=15*/f32[8,2048,20480]{2,1,0}, f32[8,2048,20480]{2,1,0}, f16[8,2048,5120]{2,1,0}, f32[8,2048,5120]{2,1,0}, f16[8,2048,1]{2,1,0}, /*index=20*/f16[1,1,5120]{2,1,0}, f32[8,2048,1]{2,1,0}, f32[8,2048,1]{2,1,0}, f32[8,2048,5120]{2,1,0}, f32[8,2048,5120]{2,1,0}, /*index=25*/f16[8,2048,5120]{2,1,0}, f16[8,2048,40,128]{3,2,1,0}, f16[8,40,2048,1]{3,2,1,0}, f16[8,40,2048,2048]{3,2,1,0}, f16[8,40,2048,1]{3,2,1,0}, /*index=30*/f16[8,2048,40,128]{3,2,1,0}, f16[8,2048,40,128]{3,2,1,0}, f16[], f16[8,40,2048,2048]{3,2,1,0}, f16[8,2048,5120]{2,1,0}, /*index=35*/f32[8,2048,5120]{2,1,0}, f16[8,2048,1]{2,1,0}, f16[1,1,5120]{2,1,0}, f32[8,2048,1]{2,1,0}, f32[8,2048,1]{2,1,0}, /*index=40*/f32[8,2048,5120]{2,1,0}, f32[8,2048,5120]{2,1,0}, f16[8,2048,20480]{2,1,0}, f32[8,2048,20480]{2,1,0}, f32[8,2048,20480]{2,1,0}, /*index=45*/f32[8,2048,20480]{2,1,0}, f16[8,2048,5120]{2,1,0}, f32[8,2048,5120]{2,1,0}, f16[8,2048,1]{2,1,0}, f16[1,1,5120]{2,1,0}, /*index=50*/f32[8,2048,1]{2,1,0}, f32[8,2048,1]{2,1,0}, f32[8,2048,5120]{2,1,0}, f32[8,2048,5120]{2,1,0}, f16[8,2048,5120]{2,1,0}, /*index=55*/f16[8,2048,40,128]{3,2,1,0}, f16[8,40,2048,1]{3,2,1,0}, f16[8,40,2048,2048]{3,2,1,0}, f16[8,40,2048,1]{3,2,1,0}, f16[8,2048,40,128]{3,2,1,0}, /*index=60*/f16[8,2048,40,128]{3,2,1,0}, f16[], f16[8,40,2048,2048]{3,2,1,0}, f16[8,2048,5120]{2,1,0}, f32[8,2048,5120]{2,1,0}, /*index=65*/f16[8,2048,1]{2,1,0}, f16[1,1,5120]{2,1,0}, f32[8,2048,1]{2,1,0}, f32[8,2048,1]{2,1,0}, f32[8,2048,5120]{2,1,0}, /*index=70*/f32[8,2048,5120]{2,1,0}, f16[8,2048,20480]{2,1,0}, f32[8,2048,20480]{2,1,0}, f32[8,2048,20480]{2,1,0}, f32[8,2048,20480]{2,1,0}, /*index=75*/f16[8,2048,5120]{2,1,0}, f32[8,2048,5120]{2,1,0}, f16[8,2048,1]{2,1,0}, f16[1,1,5120]{2,1,0}, f32[8,2048,1]{2,1,0}, /*index=80*/f32[8,2048,1]{2,1,0}, f32[8,2048,5120]{2,1,0}, f32[8,2048,5120]{2,1,0}, f16[8,2048,5120]{2,1,0}, f16[8,2048,40,128]{3,2,1,0}, /*index=85*/f16[8,40,2048,1]{3,2,1,0}, f16[8,40,2048,2048]{3,2,1,0}, f16[8,40,2048,1]{3,2,1,0}, f16[8,2048,40,128]{3,2,1,0}, f16[8,2048,40,128]{3,2,1,0}, /*index=90*/f16[], f16[8,40,2048,2048]{3,2,1,0}, f16[8,2048,5120]{2,1,0}, f32[8,2048,5120]{2,1,0}, f16[8,2048,1]{2,1,0}, /*index=95*/f16[1,1,5120]{2,1,0}, f32[8,2048,1]{2,1,0}, f32[8,2048,1]{2,1,0}, f32[8,2048,5120]{2,1,0}, f32[8,2048,5120]{2,1,0}, /*index=100*/f16[8,2048,20480]{2,1,0}, f32[8,2048,20480]{2,1,0}, f32[8,2048,20480]{2,1,0}, f32[8,2048,20480]{2,1,0}, f16[8,2048,5120]{2,1,0}, /*index=105*/f32[8,2048,5120]{2,1,0}, f16[8,2048,1]{2,1,0}, f16[1,1,5120]{2,1,0}, f32[8,2048,1]{2,1,0}, f32[8,2048,1]{2,1,0}, /*index=110*/f32[8,2048,5120]{2,1,0}, f32[8,2048,5120]{2,1,0}, f16[8,2048,5120]{2,1,0}, f16[8,2048,40,128]{3,2,1,0}, f16[8,40,2048,1]{3,2,1,0}, /*index=115*/f16[8,40,2048,2048]{3,2,1,0}, f16[8,40,2048,1]{3,2,1,0}, f16[8,2048,40,128]{3,2,1,0}, f16[8,2048,40,128]{3,2,1,0}, f16[], /*index=120*/f16[8,40,2048,2048]{3,2,1,0}, f16[8,2048,5120]{2,1,0}, f32[8,2048,5120]{2,1,0}, f16[8,2048,1]{2,1,0}, f16[1,1,5120]{2,1,0}, /*index=125*/f32[8,2048,1]{2,1,0}, f32[8,2048,1]{2,1,0}, f32[8,2048,5120]{2,1,0}, f32[8,2048,5120]{2,1,0}, f16[8,2048,20480]{2,1,0}, /*index=130*/f32[8,2048,20480]{2,1,0}, f32[8,2048,20480]{2,1,0}, f32[8,2048,20480]{2,1,0}, f16[8,2048,5120]{2,1,0}, f32[8,2048,5120]{2,1,0}, /*index=135*/f16[8,2048,1]{2,1,0}, f16[1,1,5120]{2,1,0}, f32[8,2048,1]{2,1,0}, f32[8,2048,1]{2,1,0}, f32[8,2048,5120]{2,1,0}, /*index=140*/f32[8,2048,5120]{2,1,0}, f16[8,2048,5120]{2,1,0}, f16[8,2048,40,128]{3,2,1,0}, f16[8,40,2048,1]{3,2,1,0}, f16[8,40,2048,2048]{3,2,1,0}, /*index=145*/f16[8,40,2048,1]{3,2,1,0}, f16[8,2048,40,128]{3,2,1,0}, f16[8,2048,40,128]{3,2,1,0}, f16[], f16[8,40,2048,2048]{3,2,1,0}, /*index=150*/f16[8,2048,5120]{2,1,0}, f32[8,2048,5120]{2,1,0}, f16[8,2048,1]{2,1,0}, f16[1,1,5120]{2,1,0}, f32[8,2048,1]{2,1,0}, /*index=155*/f32[8,2048,1]{2,1,0}, f32[8,2048,5120]{2,1,0}, f32[8,2048,5120]{2,1,0}, f16[8,2048,20480]{2,1,0}, f32[8,2048,20480]{2,1,0}, /*index=160*/f32[8,2048,20480]{2,1,0}, f32[8,2048,20480]{2,1,0}, f16[8,2048,5120]{2,1,0}, f32[8,2048,5120]{2,1,0}, f16[8,2048,1]{2,1,0}, /*index=165*/f16[1,1,5120]{2,1,0}, f32[8,2048,1]{2,1,0}, f32[8,2048,1]{2,1,0}, f32[8,2048,5120]{2,1,0}, f32[8,2048,5120]{2,1,0}, /*index=170*/f16[8,2048,5120]{2,1,0}, f16[8,2048,40,128]{3,2,1,0}, f16[8,40,2048,1]{3,2,1,0}, f16[8,40,2048,2048]{3,2,1,0}, f16[8,40,2048,1]{3,2,1,0}, /*index=175*/f16[8,2048,40,128]{3,2,1,0}, f16[8,2048,40,128]{3,2,1,0}, f16[], f16[8,40,2048,2048]{3,2,1,0}, f16[8,2048,5120]{2,1,0}, /*index=180*/f32[8,2048,5120]{2,1,0}, f16[8,2048,1]{2,1,0}, f16[1,1,5120]{2,1,0}, f32[8,2048,1]{2,1,0}, f32[8,2048,1]{2,1,0}, /*index=185*/f32[8,2048,5120]{2,1,0}, f32[8,2048,5120]{2,1,0}, f16[8,2048,20480]{2,1,0}, f32[8,2048,20480]{2,1,0}, f32[8,2048,20480]{2,1,0}, /*index=190*/f32[8,2048,20480]{2,1,0}, f16[8,2048,5120]{2,1,0}, f32[8,2048,5120]{2,1,0}, f16[8,2048,1]{2,1,0}, f16[1,1,5120]{2,1,0}, /*index=195*/f32[8,2048,1]{2,1,0}, f32[8,2048,1]{2,1,0}, f32[8,2048,5120]{2,1,0}, f32[8,2048,5120]{2,1,0}, f16[8,2048,5120]{2,1,0}, /*index=200*/f16[8,2048,40,128]{3,2,1,0}, f16[8,40,2048,1]{3,2,1,0}, f16[8,40,2048,2048]{3,2,1,0}, f16[8,40,2048,1]{3,2,1,0}, f16[8,2048,40,128]{3,2,1,0}, /*index=205*/f16[8,2048,40,128]{3,2,1,0}, f16[], f16[8,40,2048,2048]{3,2,1,0}, f16[8,2048,5120]{2,1,0}, f32[8,2048,5120]{2,1,0}, /*index=210*/f16[8,2048,1]{2,1,0}, f16[1,1,5120]{2,1,0}, f32[8,2048,1]{2,1,0}, f32[8,2048,1]{2,1,0}, f32[8,2048,5120]{2,1,0}, /*index=215*/f32[8,2048,5120]{2,1,0}, f16[8,2048,20480]{2,1,0}, f32[8,2048,20480]{2,1,0}, f32[8,2048,20480]{2,1,0}, f32[8,2048,20480]{2,1,0}, /*index=220*/f16[8,2048,5120]{2,1,0}, f32[8,2048,5120]{2,1,0}, f16[8,2048,1]{2,1,0}, f16[1,1,5120]{2,1,0}, f32[8,2048,1]{2,1,0}, /*index=225*/f32[8,2048,1]{2,1,0}, f32[8,2048,5120]{2,1,0}, f32[8,2048,5120]{2,1,0}, f16[8,2048,5120]{2,1,0}, f16[8,2048,40,128]{3,2,1,0}, /*index=230*/f16[8,40,2048,1]{3,2,1,0}, f16[8,40,2048,2048]{3,2,1,0}, f16[8,40,2048,1]{3,2,1,0}, f16[8,2048,40,128]{3,2,1,0}, f16[8,2048,40,128]{3,2,1,0}, /*index=235*/f16[], f16[8,40,2048,2048]{3,2,1,0}, f16[8,2048,5120]{2,1,0}, f32[8,2048,5120]{2,1,0}, f16[8,2048,1]{2,1,0}, /*index=240*/f16[1,1,5120]{2,1,0}, f32[8,2048,1]{2,1,0}, f32[8,2048,1]{2,1,0}, f32[8,2048,5120]{2,1,0}, f32[8,2048,5120]{2,1,0}, /*index=245*/f16[8,2048,20480]{2,1,0}, f32[8,2048,20480]{2,1,0}, f32[8,2048,20480]{2,1,0}, f32[8,2048,20480]{2,1,0}, f16[8,2048,5120]{2,1,0}, /*index=250*/f32[8,2048,5120]{2,1,0}, f16[8,2048,1]{2,1,0}, f16[1,1,5120]{2,1,0}, f32[8,2048,1]{2,1,0}, f32[8,2048,1]{2,1,0}, /*index=255*/f32[8,2048,5120]{2,1,0}, f32[8,2048,5120]{2,1,0}, f16[8,2048,5120]{2,1,0}, f16[8,2048,40,128]{3,2,1,0}, f16[8,40,2048,1]{3,2,1,0}, /*index=260*/f16[8,40,2048,2048]{3,2,1,0}, f16[8,40,2048,1]{3,2,1,0}, f16[8,2048,40,128]{3,2,1,0}, f16[8,2048,40,128]{3,2,1,0}, f16[], /*index=265*/f16[8,40,2048,2048]{3,2,1,0}, f16[8,2048,5120]{2,1,0}, f32[8,2048,5120]{2,1,0}, f16[8,2048,1]{2,1,0}, f16[1,1,5120]{2,1,0}, /*index=270*/f32[8,2048,1]{2,1,0}, f32[8,2048,1]{2,1,0}, f32[8,2048,5120]{2,1,0}, f32[8,2048,5120]{2,1,0}, f16[8,2048,20480]{2,1,0}, /*index=275*/f32[8,2048,20480]{2,1,0}, f32[8,2048,20480]{2,1,0}, f32[8,2048,20480]{2,1,0}, f16[8,2048,5120]{2,1,0}, f32[8,2048,5120]{2,1,0}, /*index=280*/f16[8,2048,1]{2,1,0}, f16[1,1,5120]{2,1,0}, f32[8,2048,1]{2,1,0}, f32[8,2048,1]{2,1,0}, f32[8,2048,5120]{2,1,0}, /*index=285*/f32[8,2048,5120]{2,1,0}, f16[8,2048,5120]{2,1,0}, f16[8,2048,40,128]{3,2,1,0}, f16[8,40,2048,1]{3,2,1,0}, f16[8,40,2048,2048]{3,2,1,0}, /*index=290*/f16[8,40,2048,1]{3,2,1,0}, f16[8,2048,40,128]{3,2,1,0}, f16[8,2048,40,128]{3,2,1,0}, f16[], f16[8,40,2048,2048]{3,2,1,0}, /*index=295*/f16[8,2048,5120]{2,1,0}, f32[8,2048,5120]{2,1,0}, f16[8,2048,1]{2,1,0}, f16[1,1,5120]{2,1,0}, f32[8,2048,1]{2,1,0}, /*index=300*/f32[8,2048,1]{2,1,0}, f32[8,2048,5120]{2,1,0}, f32[8,2048,5120]{2,1,0}, f16[8,2048,20480]{2,1,0}, f32[8,2048,20480]{2,1,0}, /*index=305*/f32[8,2048,20480]{2,1,0}, f32[8,2048,20480]{2,1,0}, f16[8,2048,5120]{2,1,0}, f32[8,2048,5120]{2,1,0}, f16[8,2048,1]{2,1,0}, /*index=310*/f16[1,1,5120]{2,1,0}, f32[8,2048,1]{2,1,0}, f32[8,2048,1]{2,1,0}, f32[8,2048,5120]{2,1,0}, f32[8,2048,5120]{2,1,0}, /*index=315*/f16[8,2048,5120]{2,1,0}, f16[8,2048,40,128]{3,2,1,0}, f16[8,40,2048,1]{3,2,1,0}, f16[8,40,2048,2048]{3,2,1,0}, f16[8,40,2048,1]{3,2,1,0}, /*index=320*/f16[8,2048,40,128]{3,2,1,0}, f16[8,2048,40,128]{3,2,1,0}, f16[], f16[8,40,2048,2048]{3,2,1,0}, f16[8,2048,5120]{2,1,0}, /*index=325*/f32[8,2048,5120]{2,1,0}, f16[8,2048,1]{2,1,0}, f16[1,1,5120]{2,1,0}, f32[8,2048,1]{2,1,0}, f32[8,2048,1]{2,1,0}, /*index=330*/f32[8,2048,5120]{2,1,0}, f32[8,2048,5120]{2,1,0}, f16[8,2048,20480]{2,1,0}, f32[8,2048,20480]{2,1,0}, f32[8,2048,20480]{2,1,0}, /*index=335*/f32[8,2048,20480]{2,1,0}, f16[8,2048,5120]{2,1,0}, f32[8,2048,5120]{2,1,0}, f16[8,2048,1]{2,1,0}, f16[1,1,5120]{2,1,0}, /*index=340*/f32[8,2048,1]{2,1,0}, f32[8,2048,1]{2,1,0}, f32[8,2048,5120]{2,1,0}, f32[8,2048,5120]{2,1,0}, f16[8,2048,5120]{2,1,0}, /*index=345*/f16[8,2048,40,128]{3,2,1,0}, f16[8,40,2048,1]{3,2,1,0}, f16[8,40,2048,2048]{3,2,1,0}, f16[8,40,2048,1]{3,2,1,0}, f16[8,2048,40,128]{3,2,1,0}, /*index=350*/f16[8,2048,40,128]{3,2,1,0}, f16[], f16[8,40,2048,2048]{3,2,1,0}, f16[8,2048,5120]{2,1,0}, f32[8,2048,5120]{2,1,0}, /*index=355*/f16[8,2048,1]{2,1,0}, f16[1,1,5120]{2,1,0}, f32[8,2048,1]{2,1,0}, f32[8,2048,1]{2,1,0}, f32[8,2048,5120]{2,1,0}, /*index=360*/f32[8,2048,5120]{2,1,0}, f16[8,2048,20480]{2,1,0}, f32[8,2048,20480]{2,1,0}, f32[8,2048,20480]{2,1,0}, f32[8,2048,20480]{2,1,0}, /*index=365*/f16[8,2048,5120]{2,1,0}, f32[8,2048,5120]{2,1,0}, f16[8,2048,1]{2,1,0}, f16[1,1,5120]{2,1,0}, f32[8,2048,1]{2,1,0}, /*index=370*/f32[8,2048,1]{2,1,0}, f32[8,2048,5120]{2,1,0}, f32[8,2048,5120]{2,1,0}, f16[8,2048,5120]{2,1,0}, f16[8,2048,40,128]{3,2,1,0}, /*index=375*/f16[8,40,2048,1]{3,2,1,0}, f16[8,40,2048,2048]{3,2,1,0}, f16[8,40,2048,1]{3,2,1,0}, f16[8,2048,40,128]{3,2,1,0}, f16[8,2048,40,128]{3,2,1,0}, /*index=380*/f16[], f16[8,40,2048,2048]{3,2,1,0}, f16[8,2048,5120]{2,1,0}, f32[8,2048,5120]{2,1,0}, f16[8,2048,1]{2,1,0}, /*index=385*/f16[1,1,5120]{2,1,0}, f32[8,2048,1]{2,1,0}, f32[8,2048,1]{2,1,0}, f32[8,2048,5120]{2,1,0}, f32[8,2048,5120]{2,1,0}, /*index=390*/f16[8,2048,20480]{2,1,0}, f32[8,2048,20480]{2,1,0}, f32[8,2048,20480]{2,1,0}, f32[8,2048,20480]{2,1,0}, f16[8,2048,5120]{2,1,0}, /*index=395*/f32[8,2048,5120]{2,1,0}, f16[8,2048,1]{2,1,0}, f16[1,1,5120]{2,1,0}, f32[8,2048,1]{2,1,0}, f32[8,2048,1]{2,1,0}, /*index=400*/f32[8,2048,5120]{2,1,0}, f32[8,2048,5120]{2,1,0}, f16[8,2048,5120]{2,1,0}, f16[8,2048,40,128]{3,2,1,0}, f16[8,40,2048,1]{3,2,1,0}, /*index=405*/f16[8,40,2048,2048]{3,2,1,0}, f16[8,40,2048,1]{3,2,1,0}, f16[8,2048,40,128]{3,2,1,0}, f16[8,2048,40,128]{3,2,1,0}, f16[], /*index=410*/f16[8,40,2048,2048]{3,2,1,0}, f16[8,2048,5120]{2,1,0}, f32[8,2048,5120]{2,1,0}, f16[8,2048,1]{2,1,0}, f16[1,1,5120]{2,1,0}, /*index=415*/f32[8,2048,1]{2,1,0}, f32[8,2048,1]{2,1,0}, f32[8,2048,5120]{2,1,0}, f32[8,2048,5120]{2,1,0}, f16[8,2048,20480]{2,1,0}, /*index=420*/f32[8,2048,20480]{2,1,0}, f32[8,2048,20480]{2,1,0}, f32[8,2048,20480]{2,1,0}, f16[8,2048,5120]{2,1,0}, f32[8,2048,5120]{2,1,0}, /*index=425*/f16[8,2048,1]{2,1,0}, f16[1,1,5120]{2,1,0}, f32[8,2048,1]{2,1,0}, f32[8,2048,1]{2,1,0}, f32[8,2048,5120]{2,1,0}, /*index=430*/f32[8,2048,5120]{2,1,0}, f16[8,2048,5120]{2,1,0}, f16[8,2048,40,128]{3,2,1,0}, f16[8,40,2048,1]{3,2,1,0}, f16[8,40,2048,2048]{3,2,1,0}, /*index=435*/f16[8,40,2048,1]{3,2,1,0}, f16[8,2048,40,128]{3,2,1,0}, f16[8,2048,40,128]{3,2,1,0}, f16[], f16[8,40,2048,2048]{3,2,1,0}, /*index=440*/f16[8,2048,5120]{2,1,0}, f32[8,2048,5120]{2,1,0}, f16[8,2048,1]{2,1,0}, f16[1,1,5120]{2,1,0}, f32[8,2048,1]{2,1,0}, /*index=445*/f32[8,2048,1]{2,1,0}, f32[8,2048,5120]{2,1,0}, f32[8,2048,5120]{2,1,0}, f16[8,2048,20480]{2,1,0}, f32[8,2048,20480]{2,1,0}, /*index=450*/f32[8,2048,20480]{2,1,0}, f32[8,2048,20480]{2,1,0}, f16[8,2048,5120]{2,1,0}, f32[8,2048,5120]{2,1,0}, f16[8,2048,1]{2,1,0}, /*index=455*/f16[1,1,5120]{2,1,0}, f32[8,2048,1]{2,1,0}, f32[8,2048,1]{2,1,0}, f32[8,2048,5120]{2,1,0}, f32[8,2048,5120]{2,1,0}, /*index=460*/f16[8,2048,5120]{2,1,0}, f16[8,2048,40,128]{3,2,1,0}, f16[8,40,2048,1]{3,2,1,0}, f16[8,40,2048,2048]{3,2,1,0}, f16[8,40,2048,1]{3,2,1,0}, /*index=465*/f16[8,2048,40,128]{3,2,1,0}, f16[8,2048,40,128]{3,2,1,0}, f16[], f16[8,40,2048,2048]{3,2,1,0}, f16[8,2048,5120]{2,1,0}, /*index=470*/f32[8,2048,5120]{2,1,0}, f16[8,2048,1]{2,1,0}, f16[1,1,5120]{2,1,0}, f32[8,2048,1]{2,1,0}, f32[8,2048,1]{2,1,0}, /*index=475*/f32[8,2048,5120]{2,1,0}, f32[8,2048,5120]{2,1,0}, f16[8,2048,20480]{2,1,0}, f32[8,2048,20480]{2,1,0}, f32[8,2048,20480]{2,1,0}, /*index=480*/f32[8,2048,20480]{2,1,0}, f16[8,2048,5120]{2,1,0}, f32[8,2048,5120]{2,1,0}, f16[8,2048,1]{2,1,0}, f16[1,1,5120]{2,1,0}, /*index=485*/f32[8,2048,1]{2,1,0}, f32[8,2048,1]{2,1,0}, f32[8,2048,5120]{2,1,0}, f32[8,2048,5120]{2,1,0}, f16[8,2048,5120]{2,1,0}, /*index=490*/f16[8,2048,40,128]{3,2,1,0}, f16[8,40,2048,1]{3,2,1,0}, f16[8,40,2048,2048]{3,2,1,0}, f16[8,40,2048,1]{3,2,1,0}, f16[8,2048,40,128]{3,2,1,0}, /*index=495*/f16[8,2048,40,128]{3,2,1,0}, f16[], f16[8,40,2048,2048]{3,2,1,0}, f16[8,2048,5120]{2,1,0}, f32[8,2048,5120]{2,1,0}, /*index=500*/f16[8,2048,1]{2,1,0}, f16[1,1,5120]{2,1,0}, f32[8,2048,1]{2,1,0}, f32[8,2048,1]{2,1,0}, f32[8,2048,5120]{2,1,0}, /*index=505*/f32[8,2048,5120]{2,1,0}, f16[8,2048,20480]{2,1,0}, f32[8,2048,20480]{2,1,0}, f32[8,2048,20480]{2,1,0}, f32[8,2048,20480]{2,1,0}, /*index=510*/f16[8,2048,5120]{2,1,0}, f32[8,2048,5120]{2,1,0}, f16[8,2048,1]{2,1,0}, f16[1,1,5120]{2,1,0}, f32[8,2048,1]{2,1,0}, /*index=515*/f32[8,2048,1]{2,1,0}, f32[8,2048,5120]{2,1,0}, f32[8,2048,5120]{2,1,0}, f16[8,2048,5120]{2,1,0}, f16[8,2048,40,128]{3,2,1,0}, /*index=520*/f16[8,40,2048,1]{3,2,1,0}, f16[8,40,2048,2048]{3,2,1,0}, f16[8,40,2048,1]{3,2,1,0}, f16[8,2048,40,128]{3,2,1,0}, f16[8,2048,40,128]{3,2,1,0}, /*index=525*/f16[], f16[8,40,2048,2048]{3,2,1,0}, f16[8,2048,5120]{2,1,0}, f32[8,2048,5120]{2,1,0}, f16[8,2048,1]{2,1,0}, /*index=530*/f16[1,1,5120]{2,1,0}, f32[8,2048,1]{2,1,0}, f32[8,2048,1]{2,1,0}, f32[8,2048,5120]{2,1,0}, f32[8,2048,5120]{2,1,0}, /*index=535*/f16[8,2048,20480]{2,1,0}, f32[8,2048,20480]{2,1,0}, f32[8,2048,20480]{2,1,0}, f32[8,2048,20480]{2,1,0}, f16[8,2048,5120]{2,1,0}, /*index=540*/f32[8,2048,5120]{2,1,0}, f16[8,2048,1]{2,1,0}, f16[1,1,5120]{2,1,0}, f32[8,2048,1]{2,1,0}, f32[8,2048,1]{2,1,0}, /*index=545*/f32[8,2048,5120]{2,1,0}, f32[8,2048,5120]{2,1,0}, f16[8,2048,5120]{2,1,0}, f16[8,2048,40,128]{3,2,1,0}, f16[8,40,2048,1]{3,2,1,0}, /*index=550*/f16[8,40,2048,2048]{3,2,1,0}, f16[8,40,2048,1]{3,2,1,0}, f16[8,2048,40,128]{3,2,1,0}, f16[8,2048,40,128]{3,2,1,0}, f16[], /*index=555*/f16[8,40,2048,2048]{3,2,1,0}, f16[8,2048,5120]{2,1,0}, f32[8,2048,5120]{2,1,0}, f16[8,2048,1]{2,1,0}, f16[1,1,5120]{2,1,0}, /*index=560*/f32[8,2048,1]{2,1,0}, f32[8,2048,1]{2,1,0}, f32[8,2048,5120]{2,1,0}, f32[8,2048,5120]{2,1,0}, f16[8,2048,20480]{2,1,0}, /*index=565*/f32[8,2048,20480]{2,1,0}, f32[8,2048,20480]{2,1,0}, f32[8,2048,20480]{2,1,0}, f16[8,2048,5120]{2,1,0}, f32[8,2048,5120]{2,1,0}, /*index=570*/f16[8,2048,1]{2,1,0}, f16[1,1,5120]{2,1,0}, f32[8,2048,1]{2,1,0}, f32[8,2048,1]{2,1,0}, f32[8,2048,5120]{2,1,0}, /*index=575*/f32[8,2048,5120]{2,1,0}, f16[8,2048,5120]{2,1,0}, f16[8,2048,40,128]{3,2,1,0}, f16[8,40,2048,1]{3,2,1,0}, f16[8,40,2048,2048]{3,2,1,0}, /*index=580*/f16[8,40,2048,1]{3,2,1,0}, f16[8,2048,40,128]{3,2,1,0}, f16[8,2048,40,128]{3,2,1,0}, f16[], f16[8,40,2048,2048]{3,2,1,0}, /*index=585*/f16[8,2048,5120]{2,1,0}, f32[8,2048,5120]{2,1,0}, f16[8,2048,1]{2,1,0}, f16[1,1,5120]{2,1,0}, f32[8,2048,1]{2,1,0}, /*index=590*/f32[8,2048,1]{2,1,0}, f32[8,2048,5120]{2,1,0}, f32[8,2048,5120]{2,1,0}, f16[8,2048,20480]{2,1,0}, f32[8,2048,20480]{2,1,0}, /*index=595*/f32[8,2048,20480]{2,1,0}, f32[8,2048,20480]{2,1,0}, f16[8,2048,5120]{2,1,0}, f32[8,2048,5120]{2,1,0}, f16[8,2048,1]{2,1,0}, /*index=600*/f16[1,1,5120]{2,1,0}, f32[8,2048,1]{2,1,0}, f32[8,2048,1]{2,1,0}, f32[8,2048,5120]{2,1,0}, f32[8,2048,5120]{2,1,0}, /*index=605*/f16[8,2048,5120]{2,1,0}, f16[8,2048,40,128]{3,2,1,0}, f16[8,40,2048,1]{3,2,1,0}, f16[8,40,2048,2048]{3,2,1,0}, f16[8,40,2048,1]{3,2,1,0}, /*index=610*/f16[8,2048,40,128]{3,2,1,0}, f16[8,2048,40,128]{3,2,1,0}, f16[], f16[8,40,2048,2048]{3,2,1,0}, f16[8,2048,5120]{2,1,0}, /*index=615*/f32[8,2048,5120]{2,1,0}, f16[8,2048,1]{2,1,0}, f16[1,1,5120]{2,1,0}, f32[8,2048,1]{2,1,0}, f32[8,2048,1]{2,1,0}, /*index=620*/f32[8,2048,5120]{2,1,0}, f32[8,2048,5120]{2,1,0}, f16[8,2048,20480]{2,1,0}, f32[8,2048,20480]{2,1,0}, f32[8,2048,20480]{2,1,0}, /*index=625*/f32[8,2048,20480]{2,1,0}, f16[8,2048,5120]{2,1,0}, f32[8,2048,5120]{2,1,0}, f16[8,2048,1]{2,1,0}, f16[1,1,5120]{2,1,0}, /*index=630*/f32[8,2048,1]{2,1,0}, f32[8,2048,1]{2,1,0}, f32[8,2048,5120]{2,1,0}, f32[8,2048,5120]{2,1,0}, f16[8,2048,5120]{2,1,0}, /*index=635*/f16[8,2048,40,128]{3,2,1,0}, f16[8,40,2048,1]{3,2,1,0}, f16[8,40,2048,2048]{3,2,1,0}, f16[8,40,2048,1]{3,2,1,0}, f16[8,2048,40,128]{3,2,1,0}, /*index=640*/f16[8,2048,40,128]{3,2,1,0}, f16[], f16[8,40,2048,2048]{3,2,1,0}, f16[8,2048,5120]{2,1,0}, f32[8,2048,5120]{2,1,0}, /*index=645*/f16[8,2048,1]{2,1,0}, f16[1,1,5120]{2,1,0}, f32[8,2048,1]{2,1,0}, f32[8,2048,1]{2,1,0}, f32[8,2048,5120]{2,1,0}, /*index=650*/f32[8,2048,5120]{2,1,0}, f16[8,2048,20480]{2,1,0}, f32[8,2048,20480]{2,1,0}, f32[8,2048,20480]{2,1,0}, f32[8,2048,20480]{2,1,0}, /*index=655*/f16[8,2048,5120]{2,1,0}, f32[8,2048,5120]{2,1,0}, f16[8,2048,1]{2,1,0}, f16[1,1,5120]{2,1,0}, f32[8,2048,1]{2,1,0}, /*index=660*/f32[8,2048,1]{2,1,0}, f32[8,2048,5120]{2,1,0}, f32[8,2048,5120]{2,1,0}, f16[8,2048,5120]{2,1,0}, f16[8,2048,40,128]{3,2,1,0}, /*index=665*/f16[8,40,2048,1]{3,2,1,0}, f16[8,40,2048,2048]{3,2,1,0}, f16[8,40,2048,1]{3,2,1,0}, f16[8,2048,40,128]{3,2,1,0}, f16[8,2048,40,128]{3,2,1,0}, /*index=670*/f16[], f16[8,40,2048,2048]{3,2,1,0}, f16[8,2048,5120]{2,1,0}, f32[8,2048,5120]{2,1,0}, f16[8,2048,1]{2,1,0}, /*index=675*/f16[1,1,5120]{2,1,0}, f32[8,2048,1]{2,1,0}, f32[8,2048,1]{2,1,0}, f32[8,2048,5120]{2,1,0}, f32[8,2048,5120]{2,1,0}, /*index=680*/f16[8,2048,20480]{2,1,0}, f32[8,2048,20480]{2,1,0}, f32[8,2048,20480]{2,1,0}, f32[8,2048,20480]{2,1,0}, f16[8,2048,5120]{2,1,0}, /*index=685*/f32[8,2048,5120]{2,1,0}, f16[8,2048,1]{2,1,0}, f16[1,1,5120]{2,1,0}, f32[8,2048,1]{2,1,0}, f32[8,2048,1]{2,1,0}, /*index=690*/f32[8,2048,5120]{2,1,0}, f32[8,2048,5120]{2,1,0}, f16[8,2048,5120]{2,1,0}, f16[8,2048,40,128]{3,2,1,0}, f16[8,40,2048,1]{3,2,1,0}, /*index=695*/f16[8,40,2048,2048]{3,2,1,0}, f16[8,40,2048,1]{3,2,1,0}, f16[8,2048,40,128]{3,2,1,0}, f16[8,2048,40,128]{3,2,1,0}, f16[], /*index=700*/f16[8,40,2048,2048]{3,2,1,0}, f16[8,2048,5120]{2,1,0}, f32[8,2048,5120]{2,1,0}, f16[8,2048,1]{2,1,0}, f16[1,1,5120]{2,1,0}, /*index=705*/f32[8,2048,1]{2,1,0}, f32[8,2048,1]{2,1,0}, f32[8,2048,5120]{2,1,0}, f32[8,2048,5120]{2,1,0}, f16[8,2048,20480]{2,1,0}, /*index=710*/f32[8,2048,20480]{2,1,0}, f32[8,2048,20480]{2,1,0}, f32[8,2048,20480]{2,1,0}, f16[8,2048,5120]{2,1,0}, f32[8,2048,5120]{2,1,0}, /*index=715*/f16[8,2048,1]{2,1,0}, f16[1,1,5120]{2,1,0}, f32[8,2048,1]{2,1,0}, f32[8,2048,1]{2,1,0}, f32[8,2048,5120]{2,1,0}, /*index=720*/f32[8,2048,5120]{2,1,0}, f16[8,2048,5120]{2,1,0}, f16[8,2048,40,128]{3,2,1,0}, f16[8,40,2048,1]{3,2,1,0}, f16[8,40,2048,2048]{3,2,1,0}, /*index=725*/f16[8,40,2048,1]{3,2,1,0}, f16[8,2048,40,128]{3,2,1,0}, f16[8,2048,40,128]{3,2,1,0}, f16[], f16[8,40,2048,2048]{3,2,1,0}, /*index=730*/f16[8,2048,5120]{2,1,0}, f32[8,2048,5120]{2,1,0}, f16[8,2048,1]{2,1,0}, f16[1,1,5120]{2,1,0}, f32[8,2048,1]{2,1,0}, /*index=735*/f32[8,2048,1]{2,1,0}, f32[8,2048,5120]{2,1,0}, f32[8,2048,5120]{2,1,0}, f16[8,2048,20480]{2,1,0}, f32[8,2048,20480]{2,1,0}, /*index=740*/f32[8,2048,20480]{2,1,0}, f32[8,2048,20480]{2,1,0}, f16[8,2048,5120]{2,1,0}, f32[8,2048,5120]{2,1,0}, f16[8,2048,1]{2,1,0}, /*index=745*/f16[1,1,5120]{2,1,0}, f32[8,2048,1]{2,1,0}, f32[8,2048,1]{2,1,0}, f32[8,2048,5120]{2,1,0}, f32[8,2048,5120]{2,1,0}, /*index=750*/f16[8,2048,5120]{2,1,0}, f16[8,2048,40,128]{3,2,1,0}, f16[8,40,2048,1]{3,2,1,0}, f16[8,40,2048,2048]{3,2,1,0}, f16[8,40,2048,1]{3,2,1,0}, /*index=755*/f16[8,2048,40,128]{3,2,1,0}, f16[8,2048,40,128]{3,2,1,0}, f16[], f16[8,40,2048,2048]{3,2,1,0}, f16[8,2048,5120]{2,1,0}, /*index=760*/f32[8,2048,5120]{2,1,0}, f16[8,2048,1]{2,1,0}, f16[1,1,5120]{2,1,0}, f32[8,2048,1]{2,1,0}, f32[8,2048,1]{2,1,0}, /*index=765*/f32[8,2048,5120]{2,1,0}, f32[8,2048,5120]{2,1,0}, f16[8,2048,20480]{2,1,0}, f32[8,2048,20480]{2,1,0}, f32[8,2048,20480]{2,1,0}, /*index=770*/f32[8,2048,20480]{2,1,0}, f16[8,2048,5120]{2,1,0}, f32[8,2048,5120]{2,1,0}, f16[8,2048,1]{2,1,0}, f16[1,1,5120]{2,1,0}, /*index=775*/f32[8,2048,1]{2,1,0}, f32[8,2048,1]{2,1,0}, f32[8,2048,5120]{2,1,0}, f32[8,2048,5120]{2,1,0}, f16[8,2048,5120]{2,1,0}, /*index=780*/f16[8,2048,40,128]{3,2,1,0}, f16[8,40,2048,1]{3,2,1,0}, f16[8,40,2048,2048]{3,2,1,0}, f16[8,40,2048,1]{3,2,1,0}, f16[8,2048,40,128]{3,2,1,0}, /*index=785*/f16[8,2048,40,128]{3,2,1,0}, f16[], f16[8,40,2048,2048]{3,2,1,0}, f16[8,2048,5120]{2,1,0}, f32[8,2048,5120]{2,1,0}, /*index=790*/f16[8,2048,1]{2,1,0}, f16[1,1,5120]{2,1,0}, f32[8,2048,1]{2,1,0}, f32[8,2048,1]{2,1,0}, f32[8,2048,5120]{2,1,0}, /*index=795*/f32[8,2048,5120]{2,1,0}, f16[8,2048,20480]{2,1,0}, f32[8,2048,20480]{2,1,0}, f32[8,2048,20480]{2,1,0}, f32[8,2048,20480]{2,1,0}, /*index=800*/f16[8,2048,5120]{2,1,0}, f32[8,2048,5120]{2,1,0}, f16[8,2048,1]{2,1,0}, f16[1,1,5120]{2,1,0}, f32[8,2048,1]{2,1,0}, /*index=805*/f32[8,2048,1]{2,1,0}, f32[8,2048,5120]{2,1,0}, f32[8,2048,5120]{2,1,0}, f16[8,2048,5120]{2,1,0}, f16[8,2048,40,128]{3,2,1,0}, /*index=810*/f16[8,40,2048,1]{3,2,1,0}, f16[8,40,2048,2048]{3,2,1,0}, f16[8,40,2048,1]{3,2,1,0}, f16[8,2048,40,128]{3,2,1,0}, f16[8,2048,40,128]{3,2,1,0}, /*index=815*/f16[], f16[8,40,2048,2048]{3,2,1,0}, f16[8,2048,5120]{2,1,0}, f32[8,2048,5120]{2,1,0}, f16[8,2048,1]{2,1,0}, /*index=820*/f16[1,1,5120]{2,1,0}, f32[8,2048,1]{2,1,0}, f32[8,2048,1]{2,1,0}, f32[8,2048,5120]{2,1,0}, f32[8,2048,5120]{2,1,0}, /*index=825*/f16[8,2048,20480]{2,1,0}, f32[8,2048,20480]{2,1,0}, f32[8,2048,20480]{2,1,0}, f32[8,2048,20480]{2,1,0}, f16[8,2048,5120]{2,1,0}, /*index=830*/f32[8,2048,5120]{2,1,0}, f16[8,2048,1]{2,1,0}, f16[1,1,5120]{2,1,0}, f32[8,2048,1]{2,1,0}, f32[8,2048,1]{2,1,0}, /*index=835*/f32[8,2048,5120]{2,1,0}, f32[8,2048,5120]{2,1,0}, f16[8,2048,5120]{2,1,0}, f16[8,2048,40,128]{3,2,1,0}, f16[8,40,2048,1]{3,2,1,0}, /*index=840*/f16[8,40,2048,2048]{3,2,1,0}, f16[8,40,2048,1]{3,2,1,0}, f16[8,2048,40,128]{3,2,1,0}, f16[8,2048,40,128]{3,2,1,0}, f16[], /*index=845*/f16[8,40,2048,2048]{3,2,1,0}, f16[8,2048,5120]{2,1,0}, f32[8,2048,5120]{2,1,0}, f16[8,2048,1]{2,1,0}, f16[1,1,5120]{2,1,0}, /*index=850*/f32[8,2048,1]{2,1,0}, f32[8,2048,1]{2,1,0}, f32[8,2048,5120]{2,1,0}, f32[8,2048,5120]{2,1,0}, f16[8,2048,20480]{2,1,0}, /*index=855*/f32[8,2048,20480]{2,1,0}, f32[8,2048,20480]{2,1,0}, f32[8,2048,20480]{2,1,0}, f16[8,2048,5120]{2,1,0}, f32[8,2048,5120]{2,1,0}, /*index=860*/f16[8,2048,1]{2,1,0}, f16[1,1,5120]{2,1,0}, f32[8,2048,1]{2,1,0}, f32[8,2048,1]{2,1,0}, f32[8,2048,5120]{2,1,0}, /*index=865*/f32[8,2048,5120]{2,1,0}, f16[8,2048,5120]{2,1,0}, f16[8,2048,40,128]{3,2,1,0}, f16[8,40,2048,1]{3,2,1,0}, f16[8,40,2048,2048]{3,2,1,0}, /*index=870*/f16[8,40,2048,1]{3,2,1,0}, f16[8,2048,40,128]{3,2,1,0}, f16[8,2048,40,128]{3,2,1,0}, f16[], f16[8,40,2048,2048]{3,2,1,0}, /*index=875*/f16[8,2048,5120]{2,1,0}, f32[8,2048,5120]{2,1,0}, f16[8,2048,1]{2,1,0}, f16[1,1,5120]{2,1,0}, f32[8,2048,1]{2,1,0}, /*index=880*/f32[8,2048,1]{2,1,0}, f32[8,2048,5120]{2,1,0}, f32[8,2048,5120]{2,1,0}, f16[8,2048,20480]{2,1,0}, f32[8,2048,20480]{2,1,0}, /*index=885*/f32[8,2048,20480]{2,1,0}, f32[8,2048,20480]{2,1,0}, f16[8,2048,5120]{2,1,0}, f32[8,2048,5120]{2,1,0}, f16[8,2048,1]{2,1,0}, /*index=890*/f16[1,1,5120]{2,1,0}, f32[8,2048,1]{2,1,0}, f32[8,2048,1]{2,1,0}, f32[8,2048,5120]{2,1,0}, f32[8,2048,5120]{2,1,0}, /*index=895*/f16[8,2048,5120]{2,1,0}, f16[8,2048,40,128]{3,2,1,0}, f16[8,40,2048,1]{3,2,1,0}, f16[8,40,2048,2048]{3,2,1,0}, f16[8,40,2048,1]{3,2,1,0}, /*index=900*/f16[8,2048,40,128]{3,2,1,0}, f16[8,2048,40,128]{3,2,1,0}, f16[], f16[8,40,2048,2048]{3,2,1,0}, f16[8,2048,5120]{2,1,0}, /*index=905*/f32[8,2048,5120]{2,1,0}, f16[8,2048,1]{2,1,0}, f16[1,1,5120]{2,1,0}, f32[8,2048,1]{2,1,0}, f32[8,2048,1]{2,1,0}, /*index=910*/f32[8,2048,5120]{2,1,0}, f32[8,2048,5120]{2,1,0}, f16[8,2048,20480]{2,1,0}, f32[8,2048,20480]{2,1,0}, f32[8,2048,20480]{2,1,0}, /*index=915*/f32[8,2048,20480]{2,1,0}, f16[8,2048,5120]{2,1,0}, f32[8,2048,5120]{2,1,0}, f16[8,2048,1]{2,1,0}, f16[1,1,5120]{2,1,0}, /*index=920*/f32[8,2048,1]{2,1,0}, f32[8,2048,1]{2,1,0}, f32[8,2048,5120]{2,1,0}, f32[8,2048,5120]{2,1,0}, f16[8,2048,5120]{2,1,0}, /*index=925*/f16[8,2048,40,128]{3,2,1,0}, f16[8,40,2048,1]{3,2,1,0}, f16[8,40,2048,2048]{3,2,1,0}, f16[8,40,2048,1]{3,2,1,0}, f16[8,2048,40,128]{3,2,1,0}, /*index=930*/f16[8,2048,40,128]{3,2,1,0}, f16[], f16[8,40,2048,2048]{3,2,1,0}, f16[8,2048,5120]{2,1,0}, f32[8,2048,5120]{2,1,0}, /*index=935*/f16[8,2048,1]{2,1,0}, f16[1,1,5120]{2,1,0}, f32[8,2048,1]{2,1,0}, f32[8,2048,1]{2,1,0}, f32[8,2048,5120]{2,1,0}, /*index=940*/f32[8,2048,5120]{2,1,0}, f16[8,2048,20480]{2,1,0}, f32[8,2048,20480]{2,1,0}, f32[8,2048,20480]{2,1,0}, f32[8,2048,20480]{2,1,0}, /*index=945*/f16[8,2048,5120]{2,1,0}, f32[8,2048,5120]{2,1,0}, f16[8,2048,1]{2,1,0}, f16[1,1,5120]{2,1,0}, f32[8,2048,1]{2,1,0}, /*index=950*/f32[8,2048,1]{2,1,0}, f32[8,2048,5120]{2,1,0}, f32[8,2048,5120]{2,1,0}, f16[8,2048,5120]{2,1,0}, f16[8,2048,40,128]{3,2,1,0}, /*index=955*/f16[8,40,2048,1]{3,2,1,0}, f16[8,40,2048,2048]{3,2,1,0}, f16[8,40,2048,1]{3,2,1,0}, f16[8,2048,40,128]{3,2,1,0}, f16[8,2048,40,128]{3,2,1,0}, /*index=960*/f16[], f16[8,40,2048,2048]{3,2,1,0}, f16[8,2048,5120]{2,1,0}, f32[8,2048,5120]{2,1,0}, f16[8,2048,1]{2,1,0}, /*index=965*/f16[1,1,5120]{2,1,0}, f32[8,2048,1]{2,1,0}, f32[8,2048,1]{2,1,0}, f32[8,2048,5120]{2,1,0}, f32[8,2048,5120]{2,1,0}, /*index=970*/f16[8,2048,20480]{2,1,0}, f32[8,2048,20480]{2,1,0}, f32[8,2048,20480]{2,1,0}, f32[8,2048,20480]{2,1,0}, f16[8,2048,5120]{2,1,0}, /*index=975*/f32[8,2048,5120]{2,1,0}, f16[8,2048,1]{2,1,0}, f16[1,1,5120]{2,1,0}, f32[8,2048,1]{2,1,0}, f32[8,2048,1]{2,1,0}, /*index=980*/f32[8,2048,5120]{2,1,0}, f32[8,2048,5120]{2,1,0}, f16[8,2048,5120]{2,1,0}, f16[8,2048,40,128]{3,2,1,0}, f16[8,40,2048,1]{3,2,1,0}, /*index=985*/f16[8,40,2048,2048]{3,2,1,0}, f16[8,40,2048,1]{3,2,1,0}, f16[8,2048,40,128]{3,2,1,0}, f16[8,2048,40,128]{3,2,1,0}, f16[], /*index=990*/f16[8,40,2048,2048]{3,2,1,0}, f16[8,2048,5120]{2,1,0}, f32[8,2048,5120]{2,1,0}, f16[8,2048,1]{2,1,0}, f16[1,1,5120]{2,1,0}, /*index=995*/f32[8,2048,1]{2,1,0}, f32[8,2048,1]{2,1,0}, f32[8,2048,5120]{2,1,0}, f32[8,2048,5120]{2,1,0}, f16[8,2048,20480]{2,1,0}, /*index=1000*/f32[8,2048,20480]{2,1,0}, f32[8,2048,20480]{2,1,0}, f32[8,2048,20480]{2,1,0}, f16[8,2048,5120]{2,1,0}, f32[8,2048,5120]{2,1,0}, /*index=1005*/f16[8,2048,1]{2,1,0}, f16[1,1,5120]{2,1,0}, f32[8,2048,1]{2,1,0}, f32[8,2048,1]{2,1,0}, f32[8,2048,5120]{2,1,0}, /*index=1010*/f32[8,2048,5120]{2,1,0}, f16[8,2048,5120]{2,1,0}, f16[8,2048,40,128]{3,2,1,0}, f16[8,40,2048,1]{3,2,1,0}, f16[8,40,2048,2048]{3,2,1,0}, /*index=1015*/f16[8,40,2048,1]{3,2,1,0}, f16[8,2048,40,128]{3,2,1,0}, f16[8,2048,40,128]{3,2,1,0}, f16[], f16[8,40,2048,2048]{3,2,1,0}, /*index=1020*/f16[8,2048,5120]{2,1,0}, f32[8,2048,5120]{2,1,0}, f16[8,2048,1]{2,1,0}, f16[1,1,5120]{2,1,0}, f32[8,2048,1]{2,1,0}, /*index=1025*/f32[8,2048,1]{2,1,0}, f32[8,2048,5120]{2,1,0}, f32[8,2048,5120]{2,1,0}, f16[8,2048,20480]{2,1,0}, f32[8,2048,20480]{2,1,0}, /*index=1030*/f32[8,2048,20480]{2,1,0}, f32[8,2048,20480]{2,1,0}, f16[8,2048,5120]{2,1,0}, f32[8,2048,5120]{2,1,0}, f16[8,2048,1]{2,1,0}, /*index=1035*/f16[1,1,5120]{2,1,0}, f32[8,2048,1]{2,1,0}, f32[8,2048,1]{2,1,0}, f32[8,2048,5120]{2,1,0}, f32[8,2048,5120]{2,1,0}, /*index=1040*/f16[8,2048,5120]{2,1,0}, f16[8,2048,40,128]{3,2,1,0}, f16[8,40,2048,1]{3,2,1,0}, f16[8,40,2048,2048]{3,2,1,0}, f16[8,40,2048,1]{3,2,1,0}, /*index=1045*/f16[8,2048,40,128]{3,2,1,0}, f16[8,2048,40,128]{3,2,1,0}, f16[], f16[8,40,2048,2048]{3,2,1,0}, f16[8,2048,5120]{2,1,0}, /*index=1050*/f32[8,2048,5120]{2,1,0}, f16[8,2048,1]{2,1,0}, f16[1,1,5120]{2,1,0}, f32[8,2048,1]{2,1,0}, f32[8,2048,1]{2,1,0}, /*index=1055*/f32[8,2048,5120]{2,1,0}, f32[8,2048,5120]{2,1,0}, f16[8,2048,20480]{2,1,0}, f32[8,2048,20480]{2,1,0}, f32[8,2048,20480]{2,1,0}, /*index=1060*/f32[8,2048,20480]{2,1,0}, f16[8,2048,5120]{2,1,0}, f32[8,2048,5120]{2,1,0}, f16[8,2048,1]{2,1,0}, f16[1,1,5120]{2,1,0}, /*index=1065*/f32[8,2048,1]{2,1,0}, f32[8,2048,1]{2,1,0}, f32[8,2048,5120]{2,1,0}, f32[8,2048,5120]{2,1,0}, f16[8,2048,5120]{2,1,0}, /*index=1070*/f16[8,2048,40,128]{3,2,1,0}, f16[8,40,2048,1]{3,2,1,0}, f16[8,40,2048,2048]{3,2,1,0}, f16[8,40,2048,1]{3,2,1,0}, f16[8,2048,40,128]{3,2,1,0}, /*index=1075*/f16[8,2048,40,128]{3,2,1,0}, f16[], f16[8,40,2048,2048]{3,2,1,0}, f16[8,2048,5120]{2,1,0}, f32[8,2048,5120]{2,1,0}, /*index=1080*/f16[8,2048,1]{2,1,0}, f16[1,1,5120]{2,1,0}, f32[8,2048,1]{2,1,0}, f32[8,2048,1]{2,1,0}, f32[8,2048,5120]{2,1,0}, /*index=1085*/f32[8,2048,5120]{2,1,0}, f16[8,2048,20480]{2,1,0}, f32[8,2048,20480]{2,1,0}, f32[8,2048,20480]{2,1,0}, f32[8,2048,20480]{2,1,0}, /*index=1090*/f16[8,2048,5120]{2,1,0}, f32[8,2048,5120]{2,1,0}, f16[8,2048,1]{2,1,0}, f16[1,1,5120]{2,1,0}, f32[8,2048,1]{2,1,0}, /*index=1095*/f32[8,2048,1]{2,1,0}, f32[8,2048,5120]{2,1,0}, f32[8,2048,5120]{2,1,0}, f16[8,2048,5120]{2,1,0}, f16[8,2048,40,128]{3,2,1,0}, /*index=1100*/f16[8,40,2048,1]{3,2,1,0}, f16[8,40,2048,2048]{3,2,1,0}, f16[8,40,2048,1]{3,2,1,0}, f16[8,2048,40,128]{3,2,1,0}, f16[8,2048,40,128]{3,2,1,0}, /*index=1105*/f16[], f16[8,40,2048,2048]{3,2,1,0}, f16[8,2048,5120]{2,1,0}, f32[8,2048,5120]{2,1,0}, f16[8,2048,1]{2,1,0}, /*index=1110*/f16[1,1,5120]{2,1,0}, f32[8,2048,1]{2,1,0}, f32[8,2048,1]{2,1,0}, f32[8,2048,5120]{2,1,0}, f32[8,2048,5120]{2,1,0}, /*index=1115*/f16[8,2048,20480]{2,1,0}, f32[8,2048,20480]{2,1,0}, f32[8,2048,20480]{2,1,0}, f32[8,2048,20480]{2,1,0}, f16[8,2048,5120]{2,1,0}, /*index=1120*/f32[8,2048,5120]{2,1,0}, f16[8,2048,1]{2,1,0}, f16[1,1,5120]{2,1,0}, f32[8,2048,1]{2,1,0}, f32[8,2048,1]{2,1,0}, /*index=1125*/f32[8,2048,5120]{2,1,0}, f32[8,2048,5120]{2,1,0}, f16[8,2048,5120]{2,1,0}, f16[8,2048,40,128]{3,2,1,0}, f16[8,40,2048,1]{3,2,1,0}, /*index=1130*/f16[8,40,2048,2048]{3,2,1,0}, f16[8,40,2048,1]{3,2,1,0}, f16[8,2048,40,128]{3,2,1,0}, f16[8,2048,40,128]{3,2,1,0}, f16[], /*index=1135*/f16[8,40,2048,2048]{3,2,1,0}, f16[8,2048,5120]{2,1,0}, f32[8,2048,5120]{2,1,0}, f16[8,2048,1]{2,1,0}, f16[1,1,5120]{2,1,0}, /*index=1140*/f32[8,2048,1]{2,1,0}, f32[8,2048,1]{2,1,0}, f32[8,2048,5120]{2,1,0}, f32[8,2048,5120]{2,1,0}, f16[8,2048,20480]{2,1,0}, /*index=1145*/f32[8,2048,20480]{2,1,0}, f32[8,2048,20480]{2,1,0}, f32[8,2048,20480]{2,1,0}, f16[8,2048,5120]{2,1,0}, f32[8,2048,5120]{2,1,0}, /*index=1150*/f16[8,2048,1]{2,1,0}, f16[1,1,5120]{2,1,0}, f32[8,2048,1]{2,1,0}, f32[8,2048,1]{2,1,0}, f32[8,2048,5120]{2,1,0}, /*index=1155*/f32[8,2048,5120]{2,1,0}, f16[8,2048,5120]{2,1,0}, f16[8,2048,40,128]{3,2,1,0}, f16[8,40,2048,1]{3,2,1,0}, f16[8,40,2048,2048]{3,2,1,0}, /*index=1160*/f16[8,40,2048,1]{3,2,1,0}, f16[8,2048,40,128]{3,2,1,0}, f16[8,2048,40,128]{3,2,1,0}, f16[], f16[8,40,2048,2048]{3,2,1,0}, /*index=1165*/f16[8,2048,5120]{2,1,0}, f32[8,2048,5120]{2,1,0}, f16[8,2048,1]{2,1,0}, f16[1,1,5120]{2,1,0}, f32[8,2048,1]{2,1,0}, /*index=1170*/f32[8,2048,1]{2,1,0}, f32[8,2048,5120]{2,1,0}, f32[8,2048,5120]{2,1,0}, f16[8,2048,512]{2,1,0}, f16[8,2048,51200]{2,1,0}) %custom-call.0), index=33 does not have any valid strategies.
[2m[36m(CompileWorker pid=21439, ip=33.255.171.9)[0m *** SIGABRT received at time=1778830521 on cpu 65 ***
[2m[36m(CompileWorker pid=21439, ip=33.255.171.9)[0m PC: @     0x7f9c6473818b  (unknown)  raise
[2m[36m(CompileWorker pid=21439, ip=33.255.171.9)[0m     @     0x7f9c64738210  131925616  (unknown)
[2m[36m(CompileWorker pid=21439, ip=33.255.171.9)[0m     @     0x7f6d679f4921       9632  xla::spmd::BuildStrategyAndCost()
[2m[36m(CompileWorker pid=21439, ip=33.255.171.9)[0m     @     0x7f6d679f91e7       2288  xla::spmd::AutoSharding::Run()
[2m[36m(CompileWorker pid=21439, ip=33.255.171.9)[0m     @     0x7f6d6a3f1afa        816  xla::HloPassPipeline::RunPassesInternal<>()
[2m[36m(CompileWorker pid=21439, ip=33.255.171.9)[0m     @     0x7f6d6a3f283f        432  xla::HloPassPipeline::Run()
[2m[36m(CompileWorker pid=21439, ip=33.255.171.9)[0m     @     0x7f6d66b4b758       3200  xla::spmd::RunAutoShardingPass()
[2m[36m(CompileWorker pid=21439, ip=33.255.171.9)[0m     @     0x7f6d66b1ca8e        160  pybind11::cpp_function::initialize<>()::{lambda()#3}::_FUN()
[2m[36m(CompileWorker pid=21439, ip=33.255.171.9)[0m     @     0x7f6d668ccd3b        608  pybind11::cpp_function::dispatcher()
[2m[36m(CompileWorker pid=21439, ip=33.255.171.9)[0m     @           0x5f5e79  (unknown)  PyCFunction_Call
[2m[36m(CompileWorker pid=21439, ip=33.255.171.9)[0m     @           0x903b00  (unknown)  (unknown)
[2m[36m(CompileWorker pid=21439, ip=33.255.171.9)[0m [2026-05-15 07:35:21,388 E 21439 21439] logging.cc:325: *** SIGABRT received at time=1778830521 on cpu 65 ***
[2m[36m(CompileWorker pid=21439, ip=33.255.171.9)[0m [2026-05-15 07:35:21,388 E 21439 21439] logging.cc:325: PC: @     0x7f9c6473818b  (unknown)  raise
[2m[36m(CompileWorker pid=21439, ip=33.255.171.9)[0m [2026-05-15 07:35:21,389 E 21439 21439] logging.cc:325:     @     0x7f9c64738210  131925616  (unknown)
[2m[36m(CompileWorker pid=21439, ip=33.255.171.9)[0m [2026-05-15 07:35:21,389 E 21439 21439] logging.cc:325:     @     0x7f6d679f4921       9632  xla::spmd::BuildStrategyAndCost()
[2m[36m(CompileWorker pid=21439, ip=33.255.171.9)[0m [2026-05-15 07:35:21,389 E 21439 21439] logging.cc:325:     @     0x7f6d679f91e7       2288  xla::spmd::AutoSharding::Run()
[2m[36m(CompileWorker pid=21439, ip=33.255.171.9)[0m [2026-05-15 07:35:21,389 E 21439 21439] logging.cc:325:     @     0x7f6d6a3f1afa        816  xla::HloPassPipeline::RunPassesInternal<>()
[2m[36m(CompileWorker pid=21439, ip=33.255.171.9)[0m [2026-05-15 07:35:21,389 E 21439 21439] logging.cc:325:     @     0x7f6d6a3f283f        432  xla::HloPassPipeline::Run()
[2m[36m(CompileWorker pid=21439, ip=33.255.171.9)[0m [2026-05-15 07:35:21,389 E 21439 21439] logging.cc:325:     @     0x7f6d66b4b758       3200  xla::spmd::RunAutoShardingPass()
[2m[36m(CompileWorker pid=21439, ip=33.255.171.9)[0m [2026-05-15 07:35:21,389 E 21439 21439] logging.cc:325:     @     0x7f6d66b1ca8e        160  pybind11::cpp_function::initialize<>()::{lambda()#3}::_FUN()
[2m[36m(CompileWorker pid=21439, ip=33.255.171.9)[0m [2026-05-15 07:35:21,389 E 21439 21439] logging.cc:325:     @     0x7f6d668ccd3b        608  pybind11::cpp_function::dispatcher()
[2m[36m(CompileWorker pid=21439, ip=33.255.171.9)[0m [2026-05-15 07:35:21,389 E 21439 21439] logging.cc:325:     @           0x5f5e79  (unknown)  PyCFunction_Call
[2m[36m(CompileWorker pid=21439, ip=33.255.171.9)[0m [2026-05-15 07:35:21,390 E 21439 21439] logging.cc:325:     @           0x903b00  (unknown)  (unknown)
[2m[36m(CompileWorker pid=21439, ip=33.255.171.9)[0m Fatal Python error: Aborted
[2m[36m(CompileWorker pid=21439, ip=33.255.171.9)[0m 
[2m[36m(CompileWorker pid=21439, ip=33.255.171.9)[0m Stack (most recent call first):
[2m[36m(CompileWorker pid=21439, ip=33.255.171.9)[0m   File "/usr/local/lib/python3.8/dist-packages/alpa/shard_parallel/auto_sharding.py", line 357 in run_auto_sharding_pass
[2m[36m(CompileWorker pid=21439, ip=33.255.171.9)[0m   File "/usr/local/lib/python3.8/dist-packages/alpa/pipeline_parallel/stage_profiling.py", line 162 in compile_stage_for_profiling
[2m[36m(CompileWorker pid=21439, ip=33.255.171.9)[0m   File "/usr/local/lib/python3.8/dist-packages/ray/util/tracing/tracing_helper.py", line 462 in _resume_span
[2m[36m(CompileWorker pid=21439, ip=33.255.171.9)[0m   File "/usr/local/lib/python3.8/dist-packages/ray/_private/function_manager.py", line 675 in actor_method_executor
[2m[36m(CompileWorker pid=21439, ip=33.255.171.9)[0m   File "/usr/local/lib/python3.8/dist-packages/ray/worker.py", line 451 in main_loop
[2m[36m(CompileWorker pid=21439, ip=33.255.171.9)[0m   File "/usr/local/lib/python3.8/dist-packages/ray/workers/default_worker.py", line 238 in <module>
2026-05-15 07:38:28,414	WARNING worker.py:1404 -- A worker died or was killed while executing a task by an unexpected system error. To troubleshoot the problem, check the logs for the dead worker. RayTask ID: ffffffffffffffffab160d909aa57f9198f6d00d08000000 Worker ID: fc5f0dd41b630fd459d07463d5ba3748671d65c56e92ba347249ae73 Node ID: ccf0d9950af0dc078d1a10c9d2bf7ba0243b15e57b2c96f476d061a5 Worker IP address: 33.255.171.9 Worker port: 10027 Worker PID: 21439
WARNING:alpa.pipeline_parallel.stage_profiling:A Compile worker died unexpectedly: The actor died unexpectedly before finishing this task.
	class_name: CompileWorker
	actor_id: ab160d909aa57f9198f6d00d08000000
	pid: 21439
	namespace: e658fe5f-85f2-4ea9-be52-e5b13751bef1
	ip: 33.255.171.9
The actor is dead because its worker process has died. Worker exit type: SYSTEM_ERROR_EXIT
- Profile all stages
Traceback (most recent call last):
  File "benchmark_3d_one_case.py", line 92, in <module>
    benchmark_one_case(args.model,
  File "benchmark_3d_one_case.py", line 37, in benchmark_one_case
    result = benchmark_gpt_bert_internal(model, case, niter, num_hosts,
  File "/home/liminglong.lml/sxz/SuperScaler/external/alpa/benchmark_3d_one_case_gpt_bert.py", line 290, in benchmark_gpt_bert_internal
    executable = train_step.get_executable(state, batch, rngkey)
  File "/usr/local/lib/python3.8/dist-packages/alpa/api.py", line 110, in get_executable
    executable, _, _, _ = self._decode_args_and_get_executable(*args)
  File "/usr/local/lib/python3.8/dist-packages/alpa/api.py", line 174, in _decode_args_and_get_executable
    executable = _compile_parallel_executable(f, in_tree, out_tree_hashable,
  File "/usr/local/lib/python3.8/dist-packages/jax/linear_util.py", line 272, in memoized_fun
    ans = call(fun, *args)
  File "/usr/local/lib/python3.8/dist-packages/alpa/api.py", line 201, in _compile_parallel_executable
    return method.compile_executable(fun, in_tree, out_tree_thunk,
  File "/usr/local/lib/python3.8/dist-packages/alpa/parallel_method.py", line 220, in compile_executable
    return compile_pipeshard_executable(
  File "/usr/local/lib/python3.8/dist-packages/alpa/pipeline_parallel/compile_executable.py", line 76, in compile_pipeshard_executable
    pipeshard_config = compile_pipeshard_executable_internal(
  File "/usr/local/lib/python3.8/dist-packages/alpa/pipeline_parallel/compile_executable.py", line 150, in compile_pipeshard_executable_internal
    manual_stage_option) = cluster_layers_and_slice_mesh(
  File "/usr/local/lib/python3.8/dist-packages/alpa/pipeline_parallel/stage_construction.py", line 608, in cluster_layers_and_slice_mesh
    compute_cost, max_n_succ_stages = get_compute_cost(
  File "/usr/local/lib/python3.8/dist-packages/alpa/pipeline_parallel/stage_construction.py", line 476, in get_compute_cost
    mesh_profiled) = distributed_profile_on_mesh(
  File "/usr/local/lib/python3.8/dist-packages/alpa/pipeline_parallel/stage_construction.py", line 370, in distributed_profile_on_mesh
    is_profiled) = profile_all(stages, compiled_outputs, meshes, num_layers,
  File "/usr/local/lib/python3.8/dist-packages/alpa/pipeline_parallel/stage_profiling.py", line 479, in profile_all
    prof_result = prof_database.query("default", meshes[0].shape)
  File "/usr/local/lib/python3.8/dist-packages/alpa/mesh_profiling.py", line 171, in query
    return self.data[key]
KeyError: ('default', (4, 8))
[DEBUG] latencies = [-1]
Type: gpt  Model Config: (1024, 2048, 5120, 40, 40)  #Microbatch: 128  #GPU: 32  Parallel Config: (True, False, 16, {'submesh_physical_shape_space': 'small_power_of_two', 'submesh_logical_shape_space': 'all', 'stage_imbalance_tolerance': 1.0, 'use_hlo_cost_model': True, 'profiling_database_filename': 'prof_database.pkl'})  Mean Time: -1.000s  Std Time: 0.000  #Params: -0.000B  TFLOPs: -1.00  TFLOPs (ckpt): -1.00  Peak Mem: -0.000G  Compilation Time: None  Global Batch Size: 1024  
Working on case: (1024, 2048, 5120, 40, 40, 51200, 256, 'search', (True, False, 16, {'submesh_physical_shape_space': 'small_power_of_two', 'submesh_logical_shape_space': 'all', 'stage_imbalance_tolerance': 1.0, 'use_hlo_cost_model': True, 'profiling_database_filename': 'prof_database.pkl'}))
rm -rf /tmp/tmp_transfer.pkl
python3 -u benchmark_3d_one_case.py --model gpt --niter 3 --case "(1024, 2048, 5120, 40, 40, 51200, 256, 'search', (True, False, 16, {'submesh_physical_shape_space': 'small_power_of_two', 'submesh_logical_shape_space': 'all', 'stage_imbalance_tolerance': 1.0, 'use_hlo_cost_model': True, 'profiling_database_filename': 'prof_database.pkl'}))" --num-hosts 4 --num-devices-per-host 8 --dump-result --disable-tqdm 
mkdir -p tmp
 - Prepare input: 1.67 s
 - Create train state: 1.79 s
-------------------- Automatic stage clustering --------------------
submesh_choices: ((1, 1), (1, 2), (1, 4), (1, 8), (2, 8), (4, 8))
- Profiling for submesh 5 (4, 8):
- Generate all stage infos (Jaxpr -> HLO)
- Compile all stages
[2m[36m(CompileWorker pid=2942, ip=33.255.169.88)[0m 2026-05-15 07:40:15.069894: F external/org_tensorflow/tensorflow/compiler/xla/service/spmd/auto_sharding.cc:1455] Check failed: strategies->is_tuple || !strategies->leaf_vector.empty() %get-tuple-element.1237 = f16[4,40,2048,2048]{3,2,1,0} get-tuple-element((f32[], f32[4,2048]{1,0}, f32[4,2048,51200]{2,1,0}, f16[4,2048,1]{2,1,0}, f16[4,2048,51200]{2,1,0}, /*index=5*/f16[4,2048,5120]{2,1,0}, f32[4,2048,5120]{2,1,0}, f16[4,2048,1]{2,1,0}, f16[1,1,5120]{2,1,0}, f32[4,2048,1]{2,1,0}, /*index=10*/f32[4,2048,1]{2,1,0}, f32[4,2048,5120]{2,1,0}, f32[4,2048,5120]{2,1,0}, f16[4,2048,20480]{2,1,0}, f32[4,2048,20480]{2,1,0}, /*index=15*/f32[4,2048,20480]{2,1,0}, f32[4,2048,20480]{2,1,0}, f16[4,2048,5120]{2,1,0}, f32[4,2048,5120]{2,1,0}, f16[4,2048,1]{2,1,0}, /*index=20*/f16[1,1,5120]{2,1,0}, f32[4,2048,1]{2,1,0}, f32[4,2048,1]{2,1,0}, f32[4,2048,5120]{2,1,0}, f32[4,2048,5120]{2,1,0}, /*index=25*/f16[4,2048,5120]{2,1,0}, f16[4,2048,40,128]{3,2,1,0}, f16[4,40,2048,1]{3,2,1,0}, f16[4,40,2048,2048]{3,2,1,0}, f16[4,40,2048,1]{3,2,1,0}, /*index=30*/f16[4,2048,40,128]{3,2,1,0}, f16[4,2048,40,128]{3,2,1,0}, f16[], f16[4,40,2048,2048]{3,2,1,0}, f16[4,2048,5120]{2,1,0}, /*index=35*/f32[4,2048,5120]{2,1,0}, f16[4,2048,1]{2,1,0}, f16[1,1,5120]{2,1,0}, f32[4,2048,1]{2,1,0}, f32[4,2048,1]{2,1,0}, /*index=40*/f32[4,2048,5120]{2,1,0}, f32[4,2048,5120]{2,1,0}, f16[4,2048,20480]{2,1,0}, f32[4,2048,20480]{2,1,0}, f32[4,2048,20480]{2,1,0}, /*index=45*/f32[4,2048,20480]{2,1,0}, f16[4,2048,5120]{2,1,0}, f32[4,2048,5120]{2,1,0}, f16[4,2048,1]{2,1,0}, f16[1,1,5120]{2,1,0}, /*index=50*/f32[4,2048,1]{2,1,0}, f32[4,2048,1]{2,1,0}, f32[4,2048,5120]{2,1,0}, f32[4,2048,5120]{2,1,0}, f16[4,2048,5120]{2,1,0}, /*index=55*/f16[4,2048,40,128]{3,2,1,0}, f16[4,40,2048,1]{3,2,1,0}, f16[4,40,2048,2048]{3,2,1,0}, f16[4,40,2048,1]{3,2,1,0}, f16[4,2048,40,128]{3,2,1,0}, /*index=60*/f16[4,2048,40,128]{3,2,1,0}, f16[], f16[4,40,2048,2048]{3,2,1,0}, f16[4,2048,5120]{2,1,0}, f32[4,2048,5120]{2,1,0}, /*index=65*/f16[4,2048,1]{2,1,0}, f16[1,1,5120]{2,1,0}, f32[4,2048,1]{2,1,0}, f32[4,2048,1]{2,1,0}, f32[4,2048,5120]{2,1,0}, /*index=70*/f32[4,2048,5120]{2,1,0}, f16[4,2048,20480]{2,1,0}, f32[4,2048,20480]{2,1,0}, f32[4,2048,20480]{2,1,0}, f32[4,2048,20480]{2,1,0}, /*index=75*/f16[4,2048,5120]{2,1,0}, f32[4,2048,5120]{2,1,0}, f16[4,2048,1]{2,1,0}, f16[1,1,5120]{2,1,0}, f32[4,2048,1]{2,1,0}, /*index=80*/f32[4,2048,1]{2,1,0}, f32[4,2048,5120]{2,1,0}, f32[4,2048,5120]{2,1,0}, f16[4,2048,5120]{2,1,0}, f16[4,2048,40,128]{3,2,1,0}, /*index=85*/f16[4,40,2048,1]{3,2,1,0}, f16[4,40,2048,2048]{3,2,1,0}, f16[4,40,2048,1]{3,2,1,0}, f16[4,2048,40,128]{3,2,1,0}, f16[4,2048,40,128]{3,2,1,0}, /*index=90*/f16[], f16[4,40,2048,2048]{3,2,1,0}, f16[4,2048,5120]{2,1,0}, f32[4,2048,5120]{2,1,0}, f16[4,2048,1]{2,1,0}, /*index=95*/f16[1,1,5120]{2,1,0}, f32[4,2048,1]{2,1,0}, f32[4,2048,1]{2,1,0}, f32[4,2048,5120]{2,1,0}, f32[4,2048,5120]{2,1,0}, /*index=100*/f16[4,2048,20480]{2,1,0}, f32[4,2048,20480]{2,1,0}, f32[4,2048,20480]{2,1,0}, f32[4,2048,20480]{2,1,0}, f16[4,2048,5120]{2,1,0}, /*index=105*/f32[4,2048,5120]{2,1,0}, f16[4,2048,1]{2,1,0}, f16[1,1,5120]{2,1,0}, f32[4,2048,1]{2,1,0}, f32[4,2048,1]{2,1,0}, /*index=110*/f32[4,2048,5120]{2,1,0}, f32[4,2048,5120]{2,1,0}, f16[4,2048,5120]{2,1,0}, f16[4,2048,40,128]{3,2,1,0}, f16[4,40,2048,1]{3,2,1,0}, /*index=115*/f16[4,40,2048,2048]{3,2,1,0}, f16[4,40,2048,1]{3,2,1,0}, f16[4,2048,40,128]{3,2,1,0}, f16[4,2048,40,128]{3,2,1,0}, f16[], /*index=120*/f16[4,40,2048,2048]{3,2,1,0}, f16[4,2048,5120]{2,1,0}, f32[4,2048,5120]{2,1,0}, f16[4,2048,1]{2,1,0}, f16[1,1,5120]{2,1,0}, /*index=125*/f32[4,2048,1]{2,1,0}, f32[4,2048,1]{2,1,0}, f32[4,2048,5120]{2,1,0}, f32[4,2048,5120]{2,1,0}, f16[4,2048,20480]{2,1,0}, /*index=130*/f32[4,2048,20480]{2,1,0}, f32[4,2048,20480]{2,1,0}, f32[4,2048,20480]{2,1,0}, f16[4,2048,5120]{2,1,0}, f32[4,2048,5120]{2,1,0}, /*index=135*/f16[4,2048,1]{2,1,0}, f16[1,1,5120]{2,1,0}, f32[4,2048,1]{2,1,0}, f32[4,2048,1]{2,1,0}, f32[4,2048,5120]{2,1,0}, /*index=140*/f32[4,2048,5120]{2,1,0}, f16[4,2048,5120]{2,1,0}, f16[4,2048,40,128]{3,2,1,0}, f16[4,40,2048,1]{3,2,1,0}, f16[4,40,2048,2048]{3,2,1,0}, /*index=145*/f16[4,40,2048,1]{3,2,1,0}, f16[4,2048,40,128]{3,2,1,0}, f16[4,2048,40,128]{3,2,1,0}, f16[], f16[4,40,2048,2048]{3,2,1,0}, /*index=150*/f16[4,2048,5120]{2,1,0}, f32[4,2048,5120]{2,1,0}, f16[4,2048,1]{2,1,0}, f16[1,1,5120]{2,1,0}, f32[4,2048,1]{2,1,0}, /*index=155*/f32[4,2048,1]{2,1,0}, f32[4,2048,5120]{2,1,0}, f32[4,2048,5120]{2,1,0}, f16[4,2048,20480]{2,1,0}, f32[4,2048,20480]{2,1,0}, /*index=160*/f32[4,2048,20480]{2,1,0}, f32[4,2048,20480]{2,1,0}, f16[4,2048,5120]{2,1,0}, f32[4,2048,5120]{2,1,0}, f16[4,2048,1]{2,1,0}, /*index=165*/f16[1,1,5120]{2,1,0}, f32[4,2048,1]{2,1,0}, f32[4,2048,1]{2,1,0}, f32[4,2048,5120]{2,1,0}, f32[4,2048,5120]{2,1,0}, /*index=170*/f16[4,2048,5120]{2,1,0}, f16[4,2048,40,128]{3,2,1,0}, f16[4,40,2048,1]{3,2,1,0}, f16[4,40,2048,2048]{3,2,1,0}, f16[4,40,2048,1]{3,2,1,0}, /*index=175*/f16[4,2048,40,128]{3,2,1,0}, f16[4,2048,40,128]{3,2,1,0}, f16[], f16[4,40,2048,2048]{3,2,1,0}, f16[4,2048,5120]{2,1,0}, /*index=180*/f32[4,2048,5120]{2,1,0}, f16[4,2048,1]{2,1,0}, f16[1,1,5120]{2,1,0}, f32[4,2048,1]{2,1,0}, f32[4,2048,1]{2,1,0}, /*index=185*/f32[4,2048,5120]{2,1,0}, f32[4,2048,5120]{2,1,0}, f16[4,2048,20480]{2,1,0}, f32[4,2048,20480]{2,1,0}, f32[4,2048,20480]{2,1,0}, /*index=190*/f32[4,2048,20480]{2,1,0}, f16[4,2048,5120]{2,1,0}, f32[4,2048,5120]{2,1,0}, f16[4,2048,1]{2,1,0}, f16[1,1,5120]{2,1,0}, /*index=195*/f32[4,2048,1]{2,1,0}, f32[4,2048,1]{2,1,0}, f32[4,2048,5120]{2,1,0}, f32[4,2048,5120]{2,1,0}, f16[4,2048,5120]{2,1,0}, /*index=200*/f16[4,2048,40,128]{3,2,1,0}, f16[4,40,2048,1]{3,2,1,0}, f16[4,40,2048,2048]{3,2,1,0}, f16[4,40,2048,1]{3,2,1,0}, f16[4,2048,40,128]{3,2,1,0}, /*index=205*/f16[4,2048,40,128]{3,2,1,0}, f16[], f16[4,40,2048,2048]{3,2,1,0}, f16[4,2048,5120]{2,1,0}, f32[4,2048,5120]{2,1,0}, /*index=210*/f16[4,2048,1]{2,1,0}, f16[1,1,5120]{2,1,0}, f32[4,2048,1]{2,1,0}, f32[4,2048,1]{2,1,0}, f32[4,2048,5120]{2,1,0}, /*index=215*/f32[4,2048,5120]{2,1,0}, f16[4,2048,20480]{2,1,0}, f32[4,2048,20480]{2,1,0}, f32[4,2048,20480]{2,1,0}, f32[4,2048,20480]{2,1,0}, /*index=220*/f16[4,2048,5120]{2,1,0}, f32[4,2048,5120]{2,1,0}, f16[4,2048,1]{2,1,0}, f16[1,1,5120]{2,1,0}, f32[4,2048,1]{2,1,0}, /*index=225*/f32[4,2048,1]{2,1,0}, f32[4,2048,5120]{2,1,0}, f32[4,2048,5120]{2,1,0}, f16[4,2048,5120]{2,1,0}, f16[4,2048,40,128]{3,2,1,0}, /*index=230*/f16[4,40,2048,1]{3,2,1,0}, f16[4,40,2048,2048]{3,2,1,0}, f16[4,40,2048,1]{3,2,1,0}, f16[4,2048,40,128]{3,2,1,0}, f16[4,2048,40,128]{3,2,1,0}, /*index=235*/f16[], f16[4,40,2048,2048]{3,2,1,0}, f16[4,2048,5120]{2,1,0}, f32[4,2048,5120]{2,1,0}, f16[4,2048,1]{2,1,0}, /*index=240*/f16[1,1,5120]{2,1,0}, f32[4,2048,1]{2,1,0}, f32[4,2048,1]{2,1,0}, f32[4,2048,5120]{2,1,0}, f32[4,2048,5120]{2,1,0}, /*index=245*/f16[4,2048,20480]{2,1,0}, f32[4,2048,20480]{2,1,0}, f32[4,2048,20480]{2,1,0}, f32[4,2048,20480]{2,1,0}, f16[4,2048,5120]{2,1,0}, /*index=250*/f32[4,2048,5120]{2,1,0}, f16[4,2048,1]{2,1,0}, f16[1,1,5120]{2,1,0}, f32[4,2048,1]{2,1,0}, f32[4,2048,1]{2,1,0}, /*index=255*/f32[4,2048,5120]{2,1,0}, f32[4,2048,5120]{2,1,0}, f16[4,2048,5120]{2,1,0}, f16[4,2048,40,128]{3,2,1,0}, f16[4,40,2048,1]{3,2,1,0}, /*index=260*/f16[4,40,2048,2048]{3,2,1,0}, f16[4,40,2048,1]{3,2,1,0}, f16[4,2048,40,128]{3,2,1,0}, f16[4,2048,40,128]{3,2,1,0}, f16[], /*index=265*/f16[4,40,2048,2048]{3,2,1,0}, f16[4,2048,5120]{2,1,0}, f32[4,2048,5120]{2,1,0}, f16[4,2048,1]{2,1,0}, f16[1,1,5120]{2,1,0}, /*index=270*/f32[4,2048,1]{2,1,0}, f32[4,2048,1]{2,1,0}, f32[4,2048,5120]{2,1,0}, f32[4,2048,5120]{2,1,0}, f16[4,2048,20480]{2,1,0}, /*index=275*/f32[4,2048,20480]{2,1,0}, f32[4,2048,20480]{2,1,0}, f32[4,2048,20480]{2,1,0}, f16[4,2048,5120]{2,1,0}, f32[4,2048,5120]{2,1,0}, /*index=280*/f16[4,2048,1]{2,1,0}, f16[1,1,5120]{2,1,0}, f32[4,2048,1]{2,1,0}, f32[4,2048,1]{2,1,0}, f32[4,2048,5120]{2,1,0}, /*index=285*/f32[4,2048,5120]{2,1,0}, f16[4,2048,5120]{2,1,0}, f16[4,2048,40,128]{3,2,1,0}, f16[4,40,2048,1]{3,2,1,0}, f16[4,40,2048,2048]{3,2,1,0}, /*index=290*/f16[4,40,2048,1]{3,2,1,0}, f16[4,2048,40,128]{3,2,1,0}, f16[4,2048,40,128]{3,2,1,0}, f16[], f16[4,40,2048,2048]{3,2,1,0}, /*index=295*/f16[4,2048,5120]{2,1,0}, f32[4,2048,5120]{2,1,0}, f16[4,2048,1]{2,1,0}, f16[1,1,5120]{2,1,0}, f32[4,2048,1]{2,1,0}, /*index=300*/f32[4,2048,1]{2,1,0}, f32[4,2048,5120]{2,1,0}, f32[4,2048,5120]{2,1,0}, f16[4,2048,20480]{2,1,0}, f32[4,2048,20480]{2,1,0}, /*index=305*/f32[4,2048,20480]{2,1,0}, f32[4,2048,20480]{2,1,0}, f16[4,2048,5120]{2,1,0}, f32[4,2048,5120]{2,1,0}, f16[4,2048,1]{2,1,0}, /*index=310*/f16[1,1,5120]{2,1,0}, f32[4,2048,1]{2,1,0}, f32[4,2048,1]{2,1,0}, f32[4,2048,5120]{2,1,0}, f32[4,2048,5120]{2,1,0}, /*index=315*/f16[4,2048,5120]{2,1,0}, f16[4,2048,40,128]{3,2,1,0}, f16[4,40,2048,1]{3,2,1,0}, f16[4,40,2048,2048]{3,2,1,0}, f16[4,40,2048,1]{3,2,1,0}, /*index=320*/f16[4,2048,40,128]{3,2,1,0}, f16[4,2048,40,128]{3,2,1,0}, f16[], f16[4,40,2048,2048]{3,2,1,0}, f16[4,2048,5120]{2,1,0}, /*index=325*/f32[4,2048,5120]{2,1,0}, f16[4,2048,1]{2,1,0}, f16[1,1,5120]{2,1,0}, f32[4,2048,1]{2,1,0}, f32[4,2048,1]{2,1,0}, /*index=330*/f32[4,2048,5120]{2,1,0}, f32[4,2048,5120]{2,1,0}, f16[4,2048,20480]{2,1,0}, f32[4,2048,20480]{2,1,0}, f32[4,2048,20480]{2,1,0}, /*index=335*/f32[4,2048,20480]{2,1,0}, f16[4,2048,5120]{2,1,0}, f32[4,2048,5120]{2,1,0}, f16[4,2048,1]{2,1,0}, f16[1,1,5120]{2,1,0}, /*index=340*/f32[4,2048,1]{2,1,0}, f32[4,2048,1]{2,1,0}, f32[4,2048,5120]{2,1,0}, f32[4,2048,5120]{2,1,0}, f16[4,2048,5120]{2,1,0}, /*index=345*/f16[4,2048,40,128]{3,2,1,0}, f16[4,40,2048,1]{3,2,1,0}, f16[4,40,2048,2048]{3,2,1,0}, f16[4,40,2048,1]{3,2,1,0}, f16[4,2048,40,128]{3,2,1,0}, /*index=350*/f16[4,2048,40,128]{3,2,1,0}, f16[], f16[4,40,2048,2048]{3,2,1,0}, f16[4,2048,5120]{2,1,0}, f32[4,2048,5120]{2,1,0}, /*index=355*/f16[4,2048,1]{2,1,0}, f16[1,1,5120]{2,1,0}, f32[4,2048,1]{2,1,0}, f32[4,2048,1]{2,1,0}, f32[4,2048,5120]{2,1,0}, /*index=360*/f32[4,2048,5120]{2,1,0}, f16[4,2048,20480]{2,1,0}, f32[4,2048,20480]{2,1,0}, f32[4,2048,20480]{2,1,0}, f32[4,2048,20480]{2,1,0}, /*index=365*/f16[4,2048,5120]{2,1,0}, f32[4,2048,5120]{2,1,0}, f16[4,2048,1]{2,1,0}, f16[1,1,5120]{2,1,0}, f32[4,2048,1]{2,1,0}, /*index=370*/f32[4,2048,1]{2,1,0}, f32[4,2048,5120]{2,1,0}, f32[4,2048,5120]{2,1,0}, f16[4,2048,5120]{2,1,0}, f16[4,2048,40,128]{3,2,1,0}, /*index=375*/f16[4,40,2048,1]{3,2,1,0}, f16[4,40,2048,2048]{3,2,1,0}, f16[4,40,2048,1]{3,2,1,0}, f16[4,2048,40,128]{3,2,1,0}, f16[4,2048,40,128]{3,2,1,0}, /*index=380*/f16[], f16[4,40,2048,2048]{3,2,1,0}, f16[4,2048,5120]{2,1,0}, f32[4,2048,5120]{2,1,0}, f16[4,2048,1]{2,1,0}, /*index=385*/f16[1,1,5120]{2,1,0}, f32[4,2048,1]{2,1,0}, f32[4,2048,1]{2,1,0}, f32[4,2048,5120]{2,1,0}, f32[4,2048,5120]{2,1,0}, /*index=390*/f16[4,2048,20480]{2,1,0}, f32[4,2048,20480]{2,1,0}, f32[4,2048,20480]{2,1,0}, f32[4,2048,20480]{2,1,0}, f16[4,2048,5120]{2,1,0}, /*index=395*/f32[4,2048,5120]{2,1,0}, f16[4,2048,1]{2,1,0}, f16[1,1,5120]{2,1,0}, f32[4,2048,1]{2,1,0}, f32[4,2048,1]{2,1,0}, /*index=400*/f32[4,2048,5120]{2,1,0}, f32[4,2048,5120]{2,1,0}, f16[4,2048,5120]{2,1,0}, f16[4,2048,40,128]{3,2,1,0}, f16[4,40,2048,1]{3,2,1,0}, /*index=405*/f16[4,40,2048,2048]{3,2,1,0}, f16[4,40,2048,1]{3,2,1,0}, f16[4,2048,40,128]{3,2,1,0}, f16[4,2048,40,128]{3,2,1,0}, f16[], /*index=410*/f16[4,40,2048,2048]{3,2,1,0}, f16[4,2048,5120]{2,1,0}, f32[4,2048,5120]{2,1,0}, f16[4,2048,1]{2,1,0}, f16[1,1,5120]{2,1,0}, /*index=415*/f32[4,2048,1]{2,1,0}, f32[4,2048,1]{2,1,0}, f32[4,2048,5120]{2,1,0}, f32[4,2048,5120]{2,1,0}, f16[4,2048,20480]{2,1,0}, /*index=420*/f32[4,2048,20480]{2,1,0}, f32[4,2048,20480]{2,1,0}, f32[4,2048,20480]{2,1,0}, f16[4,2048,5120]{2,1,0}, f32[4,2048,5120]{2,1,0}, /*index=425*/f16[4,2048,1]{2,1,0}, f16[1,1,5120]{2,1,0}, f32[4,2048,1]{2,1,0}, f32[4,2048,1]{2,1,0}, f32[4,2048,5120]{2,1,0}, /*index=430*/f32[4,2048,5120]{2,1,0}, f16[4,2048,5120]{2,1,0}, f16[4,2048,40,128]{3,2,1,0}, f16[4,40,2048,1]{3,2,1,0}, f16[4,40,2048,2048]{3,2,1,0}, /*index=435*/f16[4,40,2048,1]{3,2,1,0}, f16[4,2048,40,128]{3,2,1,0}, f16[4,2048,40,128]{3,2,1,0}, f16[], f16[4,40,2048,2048]{3,2,1,0}, /*index=440*/f16[4,2048,5120]{2,1,0}, f32[4,2048,5120]{2,1,0}, f16[4,2048,1]{2,1,0}, f16[1,1,5120]{2,1,0}, f32[4,2048,1]{2,1,0}, /*index=445*/f32[4,2048,1]{2,1,0}, f32[4,2048,5120]{2,1,0}, f32[4,2048,5120]{2,1,0}, f16[4,2048,20480]{2,1,0}, f32[4,2048,20480]{2,1,0}, /*index=450*/f32[4,2048,20480]{2,1,0}, f32[4,2048,20480]{2,1,0}, f16[4,2048,5120]{2,1,0}, f32[4,2048,5120]{2,1,0}, f16[4,2048,1]{2,1,0}, /*index=455*/f16[1,1,5120]{2,1,0}, f32[4,2048,1]{2,1,0}, f32[4,2048,1]{2,1,0}, f32[4,2048,5120]{2,1,0}, f32[4,2048,5120]{2,1,0}, /*index=460*/f16[4,2048,5120]{2,1,0}, f16[4,2048,40,128]{3,2,1,0}, f16[4,40,2048,1]{3,2,1,0}, f16[4,40,2048,2048]{3,2,1,0}, f16[4,40,2048,1]{3,2,1,0}, /*index=465*/f16[4,2048,40,128]{3,2,1,0}, f16[4,2048,40,128]{3,2,1,0}, f16[], f16[4,40,2048,2048]{3,2,1,0}, f16[4,2048,5120]{2,1,0}, /*index=470*/f32[4,2048,5120]{2,1,0}, f16[4,2048,1]{2,1,0}, f16[1,1,5120]{2,1,0}, f32[4,2048,1]{2,1,0}, f32[4,2048,1]{2,1,0}, /*index=475*/f32[4,2048,5120]{2,1,0}, f32[4,2048,5120]{2,1,0}, f16[4,2048,20480]{2,1,0}, f32[4,2048,20480]{2,1,0}, f32[4,2048,20480]{2,1,0}, /*index=480*/f32[4,2048,20480]{2,1,0}, f16[4,2048,5120]{2,1,0}, f32[4,2048,5120]{2,1,0}, f16[4,2048,1]{2,1,0}, f16[1,1,5120]{2,1,0}, /*index=485*/f32[4,2048,1]{2,1,0}, f32[4,2048,1]{2,1,0}, f32[4,2048,5120]{2,1,0}, f32[4,2048,5120]{2,1,0}, f16[4,2048,5120]{2,1,0}, /*index=490*/f16[4,2048,40,128]{3,2,1,0}, f16[4,40,2048,1]{3,2,1,0}, f16[4,40,2048,2048]{3,2,1,0}, f16[4,40,2048,1]{3,2,1,0}, f16[4,2048,40,128]{3,2,1,0}, /*index=495*/f16[4,2048,40,128]{3,2,1,0}, f16[], f16[4,40,2048,2048]{3,2,1,0}, f16[4,2048,5120]{2,1,0}, f32[4,2048,5120]{2,1,0}, /*index=500*/f16[4,2048,1]{2,1,0}, f16[1,1,5120]{2,1,0}, f32[4,2048,1]{2,1,0}, f32[4,2048,1]{2,1,0}, f32[4,2048,5120]{2,1,0}, /*index=505*/f32[4,2048,5120]{2,1,0}, f16[4,2048,20480]{2,1,0}, f32[4,2048,20480]{2,1,0}, f32[4,2048,20480]{2,1,0}, f32[4,2048,20480]{2,1,0}, /*index=510*/f16[4,2048,5120]{2,1,0}, f32[4,2048,5120]{2,1,0}, f16[4,2048,1]{2,1,0}, f16[1,1,5120]{2,1,0}, f32[4,2048,1]{2,1,0}, /*index=515*/f32[4,2048,1]{2,1,0}, f32[4,2048,5120]{2,1,0}, f32[4,2048,5120]{2,1,0}, f16[4,2048,5120]{2,1,0}, f16[4,2048,40,128]{3,2,1,0}, /*index=520*/f16[4,40,2048,1]{3,2,1,0}, f16[4,40,2048,2048]{3,2,1,0}, f16[4,40,2048,1]{3,2,1,0}, f16[4,2048,40,128]{3,2,1,0}, f16[4,2048,40,128]{3,2,1,0}, /*index=525*/f16[], f16[4,40,2048,2048]{3,2,1,0}, f16[4,2048,5120]{2,1,0}, f32[4,2048,5120]{2,1,0}, f16[4,2048,1]{2,1,0}, /*index=530*/f16[1,1,5120]{2,1,0}, f32[4,2048,1]{2,1,0}, f32[4,2048,1]{2,1,0}, f32[4,2048,5120]{2,1,0}, f32[4,2048,5120]{2,1,0}, /*index=535*/f16[4,2048,20480]{2,1,0}, f32[4,2048,20480]{2,1,0}, f32[4,2048,20480]{2,1,0}, f32[4,2048,20480]{2,1,0}, f16[4,2048,5120]{2,1,0}, /*index=540*/f32[4,2048,5120]{2,1,0}, f16[4,2048,1]{2,1,0}, f16[1,1,5120]{2,1,0}, f32[4,2048,1]{2,1,0}, f32[4,2048,1]{2,1,0}, /*index=545*/f32[4,2048,5120]{2,1,0}, f32[4,2048,5120]{2,1,0}, f16[4,2048,5120]{2,1,0}, f16[4,2048,40,128]{3,2,1,0}, f16[4,40,2048,1]{3,2,1,0}, /*index=550*/f16[4,40,2048,2048]{3,2,1,0}, f16[4,40,2048,1]{3,2,1,0}, f16[4,2048,40,128]{3,2,1,0}, f16[4,2048,40,128]{3,2,1,0}, f16[], /*index=555*/f16[4,40,2048,2048]{3,2,1,0}, f16[4,2048,5120]{2,1,0}, f32[4,2048,5120]{2,1,0}, f16[4,2048,1]{2,1,0}, f16[1,1,5120]{2,1,0}, /*index=560*/f32[4,2048,1]{2,1,0}, f32[4,2048,1]{2,1,0}, f32[4,2048,5120]{2,1,0}, f32[4,2048,5120]{2,1,0}, f16[4,2048,20480]{2,1,0}, /*index=565*/f32[4,2048,20480]{2,1,0}, f32[4,2048,20480]{2,1,0}, f32[4,2048,20480]{2,1,0}, f16[4,2048,5120]{2,1,0}, f32[4,2048,5120]{2,1,0}, /*index=570*/f16[4,2048,1]{2,1,0}, f16[1,1,5120]{2,1,0}, f32[4,2048,1]{2,1,0}, f32[4,2048,1]{2,1,0}, f32[4,2048,5120]{2,1,0}, /*index=575*/f32[4,2048,5120]{2,1,0}, f16[4,2048,5120]{2,1,0}, f16[4,2048,40,128]{3,2,1,0}, f16[4,40,2048,1]{3,2,1,0}, f16[4,40,2048,2048]{3,2,1,0}, /*index=580*/f16[4,40,2048,1]{3,2,1,0}, f16[4,2048,40,128]{3,2,1,0}, f16[4,2048,40,128]{3,2,1,0}, f16[], f16[4,40,2048,2048]{3,2,1,0}, /*index=585*/f16[4,2048,5120]{2,1,0}, f32[4,2048,5120]{2,1,0}, f16[4,2048,1]{2,1,0}, f16[1,1,5120]{2,1,0}, f32[4,2048,1]{2,1,0}, /*index=590*/f32[4,2048,1]{2,1,0}, f32[4,2048,5120]{2,1,0}, f32[4,2048,5120]{2,1,0}, f16[4,2048,20480]{2,1,0}, f32[4,2048,20480]{2,1,0}, /*index=595*/f32[4,2048,20480]{2,1,0}, f32[4,2048,20480]{2,1,0}, f16[4,2048,5120]{2,1,0}, f32[4,2048,5120]{2,1,0}, f16[4,2048,1]{2,1,0}, /*index=600*/f16[1,1,5120]{2,1,0}, f32[4,2048,1]{2,1,0}, f32[4,2048,1]{2,1,0}, f32[4,2048,5120]{2,1,0}, f32[4,2048,5120]{2,1,0}, /*index=605*/f16[4,2048,5120]{2,1,0}, f16[4,2048,40,128]{3,2,1,0}, f16[4,40,2048,1]{3,2,1,0}, f16[4,40,2048,2048]{3,2,1,0}, f16[4,40,2048,1]{3,2,1,0}, /*index=610*/f16[4,2048,40,128]{3,2,1,0}, f16[4,2048,40,128]{3,2,1,0}, f16[], f16[4,40,2048,2048]{3,2,1,0}, f16[4,2048,5120]{2,1,0}, /*index=615*/f32[4,2048,5120]{2,1,0}, f16[4,2048,1]{2,1,0}, f16[1,1,5120]{2,1,0}, f32[4,2048,1]{2,1,0}, f32[4,2048,1]{2,1,0}, /*index=620*/f32[4,2048,5120]{2,1,0}, f32[4,2048,5120]{2,1,0}, f16[4,2048,20480]{2,1,0}, f32[4,2048,20480]{2,1,0}, f32[4,2048,20480]{2,1,0}, /*index=625*/f32[4,2048,20480]{2,1,0}, f16[4,2048,5120]{2,1,0}, f32[4,2048,5120]{2,1,0}, f16[4,2048,1]{2,1,0}, f16[1,1,5120]{2,1,0}, /*index=630*/f32[4,2048,1]{2,1,0}, f32[4,2048,1]{2,1,0}, f32[4,2048,5120]{2,1,0}, f32[4,2048,5120]{2,1,0}, f16[4,2048,5120]{2,1,0}, /*index=635*/f16[4,2048,40,128]{3,2,1,0}, f16[4,40,2048,1]{3,2,1,0}, f16[4,40,2048,2048]{3,2,1,0}, f16[4,40,2048,1]{3,2,1,0}, f16[4,2048,40,128]{3,2,1,0}, /*index=640*/f16[4,2048,40,128]{3,2,1,0}, f16[], f16[4,40,2048,2048]{3,2,1,0}, f16[4,2048,5120]{2,1,0}, f32[4,2048,5120]{2,1,0}, /*index=645*/f16[4,2048,1]{2,1,0}, f16[1,1,5120]{2,1,0}, f32[4,2048,1]{2,1,0}, f32[4,2048,1]{2,1,0}, f32[4,2048,5120]{2,1,0}, /*index=650*/f32[4,2048,5120]{2,1,0}, f16[4,2048,20480]{2,1,0}, f32[4,2048,20480]{2,1,0}, f32[4,2048,20480]{2,1,0}, f32[4,2048,20480]{2,1,0}, /*index=655*/f16[4,2048,5120]{2,1,0}, f32[4,2048,5120]{2,1,0}, f16[4,2048,1]{2,1,0}, f16[1,1,5120]{2,1,0}, f32[4,2048,1]{2,1,0}, /*index=660*/f32[4,2048,1]{2,1,0}, f32[4,2048,5120]{2,1,0}, f32[4,2048,5120]{2,1,0}, f16[4,2048,5120]{2,1,0}, f16[4,2048,40,128]{3,2,1,0}, /*index=665*/f16[4,40,2048,1]{3,2,1,0}, f16[4,40,2048,2048]{3,2,1,0}, f16[4,40,2048,1]{3,2,1,0}, f16[4,2048,40,128]{3,2,1,0}, f16[4,2048,40,128]{3,2,1,0}, /*index=670*/f16[], f16[4,40,2048,2048]{3,2,1,0}, f16[4,2048,5120]{2,1,0}, f32[4,2048,5120]{2,1,0}, f16[4,2048,1]{2,1,0}, /*index=675*/f16[1,1,5120]{2,1,0}, f32[4,2048,1]{2,1,0}, f32[4,2048,1]{2,1,0}, f32[4,2048,5120]{2,1,0}, f32[4,2048,5120]{2,1,0}, /*index=680*/f16[4,2048,20480]{2,1,0}, f32[4,2048,20480]{2,1,0}, f32[4,2048,20480]{2,1,0}, f32[4,2048,20480]{2,1,0}, f16[4,2048,5120]{2,1,0}, /*index=685*/f32[4,2048,5120]{2,1,0}, f16[4,2048,1]{2,1,0}, f16[1,1,5120]{2,1,0}, f32[4,2048,1]{2,1,0}, f32[4,2048,1]{2,1,0}, /*index=690*/f32[4,2048,5120]{2,1,0}, f32[4,2048,5120]{2,1,0}, f16[4,2048,5120]{2,1,0}, f16[4,2048,40,128]{3,2,1,0}, f16[4,40,2048,1]{3,2,1,0}, /*index=695*/f16[4,40,2048,2048]{3,2,1,0}, f16[4,40,2048,1]{3,2,1,0}, f16[4,2048,40,128]{3,2,1,0}, f16[4,2048,40,128]{3,2,1,0}, f16[], /*index=700*/f16[4,40,2048,2048]{3,2,1,0}, f16[4,2048,5120]{2,1,0}, f32[4,2048,5120]{2,1,0}, f16[4,2048,1]{2,1,0}, f16[1,1,5120]{2,1,0}, /*index=705*/f32[4,2048,1]{2,1,0}, f32[4,2048,1]{2,1,0}, f32[4,2048,5120]{2,1,0}, f32[4,2048,5120]{2,1,0}, f16[4,2048,20480]{2,1,0}, /*index=710*/f32[4,2048,20480]{2,1,0}, f32[4,2048,20480]{2,1,0}, f32[4,2048,20480]{2,1,0}, f16[4,2048,5120]{2,1,0}, f32[4,2048,5120]{2,1,0}, /*index=715*/f16[4,2048,1]{2,1,0}, f16[1,1,5120]{2,1,0}, f32[4,2048,1]{2,1,0}, f32[4,2048,1]{2,1,0}, f32[4,2048,5120]{2,1,0}, /*index=720*/f32[4,2048,5120]{2,1,0}, f16[4,2048,5120]{2,1,0}, f16[4,2048,40,128]{3,2,1,0}, f16[4,40,2048,1]{3,2,1,0}, f16[4,40,2048,2048]{3,2,1,0}, /*index=725*/f16[4,40,2048,1]{3,2,1,0}, f16[4,2048,40,128]{3,2,1,0}, f16[4,2048,40,128]{3,2,1,0}, f16[], f16[4,40,2048,2048]{3,2,1,0}, /*index=730*/f16[4,2048,5120]{2,1,0}, f32[4,2048,5120]{2,1,0}, f16[4,2048,1]{2,1,0}, f16[1,1,5120]{2,1,0}, f32[4,2048,1]{2,1,0}, /*index=735*/f32[4,2048,1]{2,1,0}, f32[4,2048,5120]{2,1,0}, f32[4,2048,5120]{2,1,0}, f16[4,2048,20480]{2,1,0}, f32[4,2048,20480]{2,1,0}, /*index=740*/f32[4,2048,20480]{2,1,0}, f32[4,2048,20480]{2,1,0}, f16[4,2048,5120]{2,1,0}, f32[4,2048,5120]{2,1,0}, f16[4,2048,1]{2,1,0}, /*index=745*/f16[1,1,5120]{2,1,0}, f32[4,2048,1]{2,1,0}, f32[4,2048,1]{2,1,0}, f32[4,2048,5120]{2,1,0}, f32[4,2048,5120]{2,1,0}, /*index=750*/f16[4,2048,5120]{2,1,0}, f16[4,2048,40,128]{3,2,1,0}, f16[4,40,2048,1]{3,2,1,0}, f16[4,40,2048,2048]{3,2,1,0}, f16[4,40,2048,1]{3,2,1,0}, /*index=755*/f16[4,2048,40,128]{3,2,1,0}, f16[4,2048,40,128]{3,2,1,0}, f16[], f16[4,40,2048,2048]{3,2,1,0}, f16[4,2048,5120]{2,1,0}, /*index=760*/f32[4,2048,5120]{2,1,0}, f16[4,2048,1]{2,1,0}, f16[1,1,5120]{2,1,0}, f32[4,2048,1]{2,1,0}, f32[4,2048,1]{2,1,0}, /*index=765*/f32[4,2048,5120]{2,1,0}, f32[4,2048,5120]{2,1,0}, f16[4,2048,20480]{2,1,0}, f32[4,2048,20480]{2,1,0}, f32[4,2048,20480]{2,1,0}, /*index=770*/f32[4,2048,20480]{2,1,0}, f16[4,2048,5120]{2,1,0}, f32[4,2048,5120]{2,1,0}, f16[4,2048,1]{2,1,0}, f16[1,1,5120]{2,1,0}, /*index=775*/f32[4,2048,1]{2,1,0}, f32[4,2048,1]{2,1,0}, f32[4,2048,5120]{2,1,0}, f32[4,2048,5120]{2,1,0}, f16[4,2048,5120]{2,1,0}, /*index=780*/f16[4,2048,40,128]{3,2,1,0}, f16[4,40,2048,1]{3,2,1,0}, f16[4,40,2048,2048]{3,2,1,0}, f16[4,40,2048,1]{3,2,1,0}, f16[4,2048,40,128]{3,2,1,0}, /*index=785*/f16[4,2048,40,128]{3,2,1,0}, f16[], f16[4,40,2048,2048]{3,2,1,0}, f16[4,2048,5120]{2,1,0}, f32[4,2048,5120]{2,1,0}, /*index=790*/f16[4,2048,1]{2,1,0}, f16[1,1,5120]{2,1,0}, f32[4,2048,1]{2,1,0}, f32[4,2048,1]{2,1,0}, f32[4,2048,5120]{2,1,0}, /*index=795*/f32[4,2048,5120]{2,1,0}, f16[4,2048,20480]{2,1,0}, f32[4,2048,20480]{2,1,0}, f32[4,2048,20480]{2,1,0}, f32[4,2048,20480]{2,1,0}, /*index=800*/f16[4,2048,5120]{2,1,0}, f32[4,2048,5120]{2,1,0}, f16[4,2048,1]{2,1,0}, f16[1,1,5120]{2,1,0}, f32[4,2048,1]{2,1,0}, /*index=805*/f32[4,2048,1]{2,1,0}, f32[4,2048,5120]{2,1,0}, f32[4,2048,5120]{2,1,0}, f16[4,2048,5120]{2,1,0}, f16[4,2048,40,128]{3,2,1,0}, /*index=810*/f16[4,40,2048,1]{3,2,1,0}, f16[4,40,2048,2048]{3,2,1,0}, f16[4,40,2048,1]{3,2,1,0}, f16[4,2048,40,128]{3,2,1,0}, f16[4,2048,40,128]{3,2,1,0}, /*index=815*/f16[], f16[4,40,2048,2048]{3,2,1,0}, f16[4,2048,5120]{2,1,0}, f32[4,2048,5120]{2,1,0}, f16[4,2048,1]{2,1,0}, /*index=820*/f16[1,1,5120]{2,1,0}, f32[4,2048,1]{2,1,0}, f32[4,2048,1]{2,1,0}, f32[4,2048,5120]{2,1,0}, f32[4,2048,5120]{2,1,0}, /*index=825*/f16[4,2048,20480]{2,1,0}, f32[4,2048,20480]{2,1,0}, f32[4,2048,20480]{2,1,0}, f32[4,2048,20480]{2,1,0}, f16[4,2048,5120]{2,1,0}, /*index=830*/f32[4,2048,5120]{2,1,0}, f16[4,2048,1]{2,1,0}, f16[1,1,5120]{2,1,0}, f32[4,2048,1]{2,1,0}, f32[4,2048,1]{2,1,0}, /*index=835*/f32[4,2048,5120]{2,1,0}, f32[4,2048,5120]{2,1,0}, f16[4,2048,5120]{2,1,0}, f16[4,2048,40,128]{3,2,1,0}, f16[4,40,2048,1]{3,2,1,0}, /*index=840*/f16[4,40,2048,2048]{3,2,1,0}, f16[4,40,2048,1]{3,2,1,0}, f16[4,2048,40,128]{3,2,1,0}, f16[4,2048,40,128]{3,2,1,0}, f16[], /*index=845*/f16[4,40,2048,2048]{3,2,1,0}, f16[4,2048,5120]{2,1,0}, f32[4,2048,5120]{2,1,0}, f16[4,2048,1]{2,1,0}, f16[1,1,5120]{2,1,0}, /*index=850*/f32[4,2048,1]{2,1,0}, f32[4,2048,1]{2,1,0}, f32[4,2048,5120]{2,1,0}, f32[4,2048,5120]{2,1,0}, f16[4,2048,20480]{2,1,0}, /*index=855*/f32[4,2048,20480]{2,1,0}, f32[4,2048,20480]{2,1,0}, f32[4,2048,20480]{2,1,0}, f16[4,2048,5120]{2,1,0}, f32[4,2048,5120]{2,1,0}, /*index=860*/f16[4,2048,1]{2,1,0}, f16[1,1,5120]{2,1,0}, f32[4,2048,1]{2,1,0}, f32[4,2048,1]{2,1,0}, f32[4,2048,5120]{2,1,0}, /*index=865*/f32[4,2048,5120]{2,1,0}, f16[4,2048,5120]{2,1,0}, f16[4,2048,40,128]{3,2,1,0}, f16[4,40,2048,1]{3,2,1,0}, f16[4,40,2048,2048]{3,2,1,0}, /*index=870*/f16[4,40,2048,1]{3,2,1,0}, f16[4,2048,40,128]{3,2,1,0}, f16[4,2048,40,128]{3,2,1,0}, f16[], f16[4,40,2048,2048]{3,2,1,0}, /*index=875*/f16[4,2048,5120]{2,1,0}, f32[4,2048,5120]{2,1,0}, f16[4,2048,1]{2,1,0}, f16[1,1,5120]{2,1,0}, f32[4,2048,1]{2,1,0}, /*index=880*/f32[4,2048,1]{2,1,0}, f32[4,2048,5120]{2,1,0}, f32[4,2048,5120]{2,1,0}, f16[4,2048,20480]{2,1,0}, f32[4,2048,20480]{2,1,0}, /*index=885*/f32[4,2048,20480]{2,1,0}, f32[4,2048,20480]{2,1,0}, f16[4,2048,5120]{2,1,0}, f32[4,2048,5120]{2,1,0}, f16[4,2048,1]{2,1,0}, /*index=890*/f16[1,1,5120]{2,1,0}, f32[4,2048,1]{2,1,0}, f32[4,2048,1]{2,1,0}, f32[4,2048,5120]{2,1,0}, f32[4,2048,5120]{2,1,0}, /*index=895*/f16[4,2048,5120]{2,1,0}, f16[4,2048,40,128]{3,2,1,0}, f16[4,40,2048,1]{3,2,1,0}, f16[4,40,2048,2048]{3,2,1,0}, f16[4,40,2048,1]{3,2,1,0}, /*index=900*/f16[4,2048,40,128]{3,2,1,0}, f16[4,2048,40,128]{3,2,1,0}, f16[], f16[4,40,2048,2048]{3,2,1,0}, f16[4,2048,5120]{2,1,0}, /*index=905*/f32[4,2048,5120]{2,1,0}, f16[4,2048,1]{2,1,0}, f16[1,1,5120]{2,1,0}, f32[4,2048,1]{2,1,0}, f32[4,2048,1]{2,1,0}, /*index=910*/f32[4,2048,5120]{2,1,0}, f32[4,2048,5120]{2,1,0}, f16[4,2048,20480]{2,1,0}, f32[4,2048,20480]{2,1,0}, f32[4,2048,20480]{2,1,0}, /*index=915*/f32[4,2048,20480]{2,1,0}, f16[4,2048,5120]{2,1,0}, f32[4,2048,5120]{2,1,0}, f16[4,2048,1]{2,1,0}, f16[1,1,5120]{2,1,0}, /*index=920*/f32[4,2048,1]{2,1,0}, f32[4,2048,1]{2,1,0}, f32[4,2048,5120]{2,1,0}, f32[4,2048,5120]{2,1,0}, f16[4,2048,5120]{2,1,0}, /*index=925*/f16[4,2048,40,128]{3,2,1,0}, f16[4,40,2048,1]{3,2,1,0}, f16[4,40,2048,2048]{3,2,1,0}, f16[4,40,2048,1]{3,2,1,0}, f16[4,2048,40,128]{3,2,1,0}, /*index=930*/f16[4,2048,40,128]{3,2,1,0}, f16[], f16[4,40,2048,2048]{3,2,1,0}, f16[4,2048,5120]{2,1,0}, f32[4,2048,5120]{2,1,0}, /*index=935*/f16[4,2048,1]{2,1,0}, f16[1,1,5120]{2,1,0}, f32[4,2048,1]{2,1,0}, f32[4,2048,1]{2,1,0}, f32[4,2048,5120]{2,1,0}, /*index=940*/f32[4,2048,5120]{2,1,0}, f16[4,2048,20480]{2,1,0}, f32[4,2048,20480]{2,1,0}, f32[4,2048,20480]{2,1,0}, f32[4,2048,20480]{2,1,0}, /*index=945*/f16[4,2048,5120]{2,1,0}, f32[4,2048,5120]{2,1,0}, f16[4,2048,1]{2,1,0}, f16[1,1,5120]{2,1,0}, f32[4,2048,1]{2,1,0}, /*index=950*/f32[4,2048,1]{2,1,0}, f32[4,2048,5120]{2,1,0}, f32[4,2048,5120]{2,1,0}, f16[4,2048,5120]{2,1,0}, f16[4,2048,40,128]{3,2,1,0}, /*index=955*/f16[4,40,2048,1]{3,2,1,0}, f16[4,40,2048,2048]{3,2,1,0}, f16[4,40,2048,1]{3,2,1,0}, f16[4,2048,40,128]{3,2,1,0}, f16[4,2048,40,128]{3,2,1,0}, /*index=960*/f16[], f16[4,40,2048,2048]{3,2,1,0}, f16[4,2048,5120]{2,1,0}, f32[4,2048,5120]{2,1,0}, f16[4,2048,1]{2,1,0}, /*index=965*/f16[1,1,5120]{2,1,0}, f32[4,2048,1]{2,1,0}, f32[4,2048,1]{2,1,0}, f32[4,2048,5120]{2,1,0}, f32[4,2048,5120]{2,1,0}, /*index=970*/f16[4,2048,20480]{2,1,0}, f32[4,2048,20480]{2,1,0}, f32[4,2048,20480]{2,1,0}, f32[4,2048,20480]{2,1,0}, f16[4,2048,5120]{2,1,0}, /*index=975*/f32[4,2048,5120]{2,1,0}, f16[4,2048,1]{2,1,0}, f16[1,1,5120]{2,1,0}, f32[4,2048,1]{2,1,0}, f32[4,2048,1]{2,1,0}, /*index=980*/f32[4,2048,5120]{2,1,0}, f32[4,2048,5120]{2,1,0}, f16[4,2048,5120]{2,1,0}, f16[4,2048,40,128]{3,2,1,0}, f16[4,40,2048,1]{3,2,1,0}, /*index=985*/f16[4,40,2048,2048]{3,2,1,0}, f16[4,40,2048,1]{3,2,1,0}, f16[4,2048,40,128]{3,2,1,0}, f16[4,2048,40,128]{3,2,1,0}, f16[], /*index=990*/f16[4,40,2048,2048]{3,2,1,0}, f16[4,2048,5120]{2,1,0}, f32[4,2048,5120]{2,1,0}, f16[4,2048,1]{2,1,0}, f16[1,1,5120]{2,1,0}, /*index=995*/f32[4,2048,1]{2,1,0}, f32[4,2048,1]{2,1,0}, f32[4,2048,5120]{2,1,0}, f32[4,2048,5120]{2,1,0}, f16[4,2048,20480]{2,1,0}, /*index=1000*/f32[4,2048,20480]{2,1,0}, f32[4,2048,20480]{2,1,0}, f32[4,2048,20480]{2,1,0}, f16[4,2048,5120]{2,1,0}, f32[4,2048,5120]{2,1,0}, /*index=1005*/f16[4,2048,1]{2,1,0}, f16[1,1,5120]{2,1,0}, f32[4,2048,1]{2,1,0}, f32[4,2048,1]{2,1,0}, f32[4,2048,5120]{2,1,0}, /*index=1010*/f32[4,2048,5120]{2,1,0}, f16[4,2048,5120]{2,1,0}, f16[4,2048,40,128]{3,2,1,0}, f16[4,40,2048,1]{3,2,1,0}, f16[4,40,2048,2048]{3,2,1,0}, /*index=1015*/f16[4,40,2048,1]{3,2,1,0}, f16[4,2048,40,128]{3,2,1,0}, f16[4,2048,40,128]{3,2,1,0}, f16[], f16[4,40,2048,2048]{3,2,1,0}, /*index=1020*/f16[4,2048,5120]{2,1,0}, f32[4,2048,5120]{2,1,0}, f16[4,2048,1]{2,1,0}, f16[1,1,5120]{2,1,0}, f32[4,2048,1]{2,1,0}, /*index=1025*/f32[4,2048,1]{2,1,0}, f32[4,2048,5120]{2,1,0}, f32[4,2048,5120]{2,1,0}, f16[4,2048,20480]{2,1,0}, f32[4,2048,20480]{2,1,0}, /*index=1030*/f32[4,2048,20480]{2,1,0}, f32[4,2048,20480]{2,1,0}, f16[4,2048,5120]{2,1,0}, f32[4,2048,5120]{2,1,0}, f16[4,2048,1]{2,1,0}, /*index=1035*/f16[1,1,5120]{2,1,0}, f32[4,2048,1]{2,1,0}, f32[4,2048,1]{2,1,0}, f32[4,2048,5120]{2,1,0}, f32[4,2048,5120]{2,1,0}, /*index=1040*/f16[4,2048,5120]{2,1,0}, f16[4,2048,40,128]{3,2,1,0}, f16[4,40,2048,1]{3,2,1,0}, f16[4,40,2048,2048]{3,2,1,0}, f16[4,40,2048,1]{3,2,1,0}, /*index=1045*/f16[4,2048,40,128]{3,2,1,0}, f16[4,2048,40,128]{3,2,1,0}, f16[], f16[4,40,2048,2048]{3,2,1,0}, f16[4,2048,5120]{2,1,0}, /*index=1050*/f32[4,2048,5120]{2,1,0}, f16[4,2048,1]{2,1,0}, f16[1,1,5120]{2,1,0}, f32[4,2048,1]{2,1,0}, f32[4,2048,1]{2,1,0}, /*index=1055*/f32[4,2048,5120]{2,1,0}, f32[4,2048,5120]{2,1,0}, f16[4,2048,20480]{2,1,0}, f32[4,2048,20480]{2,1,0}, f32[4,2048,20480]{2,1,0}, /*index=1060*/f32[4,2048,20480]{2,1,0}, f16[4,2048,5120]{2,1,0}, f32[4,2048,5120]{2,1,0}, f16[4,2048,1]{2,1,0}, f16[1,1,5120]{2,1,0}, /*index=1065*/f32[4,2048,1]{2,1,0}, f32[4,2048,1]{2,1,0}, f32[4,2048,5120]{2,1,0}, f32[4,2048,5120]{2,1,0}, f16[4,2048,5120]{2,1,0}, /*index=1070*/f16[4,2048,40,128]{3,2,1,0}, f16[4,40,2048,1]{3,2,1,0}, f16[4,40,2048,2048]{3,2,1,0}, f16[4,40,2048,1]{3,2,1,0}, f16[4,2048,40,128]{3,2,1,0}, /*index=1075*/f16[4,2048,40,128]{3,2,1,0}, f16[], f16[4,40,2048,2048]{3,2,1,0}, f16[4,2048,5120]{2,1,0}, f32[4,2048,5120]{2,1,0}, /*index=1080*/f16[4,2048,1]{2,1,0}, f16[1,1,5120]{2,1,0}, f32[4,2048,1]{2,1,0}, f32[4,2048,1]{2,1,0}, f32[4,2048,5120]{2,1,0}, /*index=1085*/f32[4,2048,5120]{2,1,0}, f16[4,2048,20480]{2,1,0}, f32[4,2048,20480]{2,1,0}, f32[4,2048,20480]{2,1,0}, f32[4,2048,20480]{2,1,0}, /*index=1090*/f16[4,2048,5120]{2,1,0}, f32[4,2048,5120]{2,1,0}, f16[4,2048,1]{2,1,0}, f16[1,1,5120]{2,1,0}, f32[4,2048,1]{2,1,0}, /*index=1095*/f32[4,2048,1]{2,1,0}, f32[4,2048,5120]{2,1,0}, f32[4,2048,5120]{2,1,0}, f16[4,2048,5120]{2,1,0}, f16[4,2048,40,128]{3,2,1,0}, /*index=1100*/f16[4,40,2048,1]{3,2,1,0}, f16[4,40,2048,2048]{3,2,1,0}, f16[4,40,2048,1]{3,2,1,0}, f16[4,2048,40,128]{3,2,1,0}, f16[4,2048,40,128]{3,2,1,0}, /*index=1105*/f16[], f16[4,40,2048,2048]{3,2,1,0}, f16[4,2048,5120]{2,1,0}, f32[4,2048,5120]{2,1,0}, f16[4,2048,1]{2,1,0}, /*index=1110*/f16[1,1,5120]{2,1,0}, f32[4,2048,1]{2,1,0}, f32[4,2048,1]{2,1,0}, f32[4,2048,5120]{2,1,0}, f32[4,2048,5120]{2,1,0}, /*index=1115*/f16[4,2048,20480]{2,1,0}, f32[4,2048,20480]{2,1,0}, f32[4,2048,20480]{2,1,0}, f32[4,2048,20480]{2,1,0}, f16[4,2048,5120]{2,1,0}, /*index=1120*/f32[4,2048,5120]{2,1,0}, f16[4,2048,1]{2,1,0}, f16[1,1,5120]{2,1,0}, f32[4,2048,1]{2,1,0}, f32[4,2048,1]{2,1,0}, /*index=1125*/f32[4,2048,5120]{2,1,0}, f32[4,2048,5120]{2,1,0}, f16[4,2048,5120]{2,1,0}, f16[4,2048,40,128]{3,2,1,0}, f16[4,40,2048,1]{3,2,1,0}, /*index=1130*/f16[4,40,2048,2048]{3,2,1,0}, f16[4,40,2048,1]{3,2,1,0}, f16[4,2048,40,128]{3,2,1,0}, f16[4,2048,40,128]{3,2,1,0}, f16[], /*index=1135*/f16[4,40,2048,2048]{3,2,1,0}, f16[4,2048,5120]{2,1,0}, f32[4,2048,5120]{2,1,0}, f16[4,2048,1]{2,1,0}, f16[1,1,5120]{2,1,0}, /*index=1140*/f32[4,2048,1]{2,1,0}, f32[4,2048,1]{2,1,0}, f32[4,2048,5120]{2,1,0}, f32[4,2048,5120]{2,1,0}, f16[4,2048,20480]{2,1,0}, /*index=1145*/f32[4,2048,20480]{2,1,0}, f32[4,2048,20480]{2,1,0}, f32[4,2048,20480]{2,1,0}, f16[4,2048,5120]{2,1,0}, f32[4,2048,5120]{2,1,0}, /*index=1150*/f16[4,2048,1]{2,1,0}, f16[1,1,5120]{2,1,0}, f32[4,2048,1]{2,1,0}, f32[4,2048,1]{2,1,0}, f32[4,2048,5120]{2,1,0}, /*index=1155*/f32[4,2048,5120]{2,1,0}, f16[4,2048,5120]{2,1,0}, f16[4,2048,40,128]{3,2,1,0}, f16[4,40,2048,1]{3,2,1,0}, f16[4,40,2048,2048]{3,2,1,0}, /*index=1160*/f16[4,40,2048,1]{3,2,1,0}, f16[4,2048,40,128]{3,2,1,0}, f16[4,2048,40,128]{3,2,1,0}, f16[], f16[4,40,2048,2048]{3,2,1,0}, /*index=1165*/f16[4,2048,5120]{2,1,0}, f32[4,2048,5120]{2,1,0}, f16[4,2048,1]{2,1,0}, f16[1,1,5120]{2,1,0}, f32[4,2048,1]{2,1,0}, /*index=1170*/f32[4,2048,1]{2,1,0}, f32[4,2048,5120]{2,1,0}, f32[4,2048,5120]{2,1,0}, f16[4,2048,512]{2,1,0}, f16[4,2048,51200]{2,1,0}) %custom-call.0), index=33 does not have any valid strategies.
[2m[36m(CompileWorker pid=2942, ip=33.255.169.88)[0m *** SIGABRT received at time=1778830815 on cpu 6 ***
[2m[36m(CompileWorker pid=2942, ip=33.255.169.88)[0m PC: @     0x7f79fbe1d18b  (unknown)  raise
[2m[36m(CompileWorker pid=2942, ip=33.255.169.88)[0m     @     0x7f79fbe1d210  1761501680  (unknown)
[2m[36m(CompileWorker pid=2942, ip=33.255.169.88)[0m     @     0x7f4afb9f4921       9632  xla::spmd::BuildStrategyAndCost()
[2m[36m(CompileWorker pid=2942, ip=33.255.169.88)[0m     @     0x7f4afb9f91e7       2288  xla::spmd::AutoSharding::Run()
[2m[36m(CompileWorker pid=2942, ip=33.255.169.88)[0m     @     0x7f4afe3f1afa        816  xla::HloPassPipeline::RunPassesInternal<>()
[2m[36m(CompileWorker pid=2942, ip=33.255.169.88)[0m     @     0x7f4afe3f283f        432  xla::HloPassPipeline::Run()
[2m[36m(CompileWorker pid=2942, ip=33.255.169.88)[0m     @     0x7f4afab4b758       3200  xla::spmd::RunAutoShardingPass()
[2m[36m(CompileWorker pid=2942, ip=33.255.169.88)[0m     @     0x7f4afab1ca8e        160  pybind11::cpp_function::initialize<>()::{lambda()#3}::_FUN()
[2m[36m(CompileWorker pid=2942, ip=33.255.169.88)[0m     @     0x7f4afa8ccd3b        608  pybind11::cpp_function::dispatcher()
[2m[36m(CompileWorker pid=2942, ip=33.255.169.88)[0m     @           0x5f5e79  (unknown)  PyCFunction_Call
[2m[36m(CompileWorker pid=2942, ip=33.255.169.88)[0m     @           0x903b00  (unknown)  (unknown)
[2m[36m(CompileWorker pid=2942, ip=33.255.169.88)[0m [2026-05-15 07:40:15,098 E 2942 2942] logging.cc:325: *** SIGABRT received at time=1778830815 on cpu 6 ***
[2m[36m(CompileWorker pid=2942, ip=33.255.169.88)[0m [2026-05-15 07:40:15,098 E 2942 2942] logging.cc:325: PC: @     0x7f79fbe1d18b  (unknown)  raise
[2m[36m(CompileWorker pid=2942, ip=33.255.169.88)[0m [2026-05-15 07:40:15,099 E 2942 2942] logging.cc:325:     @     0x7f79fbe1d210  1761501680  (unknown)
[2m[36m(CompileWorker pid=2942, ip=33.255.169.88)[0m [2026-05-15 07:40:15,099 E 2942 2942] logging.cc:325:     @     0x7f4afb9f4921       9632  xla::spmd::BuildStrategyAndCost()
[2m[36m(CompileWorker pid=2942, ip=33.255.169.88)[0m [2026-05-15 07:40:15,099 E 2942 2942] logging.cc:325:     @     0x7f4afb9f91e7       2288  xla::spmd::AutoSharding::Run()
[2m[36m(CompileWorker pid=2942, ip=33.255.169.88)[0m [2026-05-15 07:40:15,099 E 2942 2942] logging.cc:325:     @     0x7f4afe3f1afa        816  xla::HloPassPipeline::RunPassesInternal<>()
[2m[36m(CompileWorker pid=2942, ip=33.255.169.88)[0m [2026-05-15 07:40:15,099 E 2942 2942] logging.cc:325:     @     0x7f4afe3f283f        432  xla::HloPassPipeline::Run()
[2m[36m(CompileWorker pid=2942, ip=33.255.169.88)[0m [2026-05-15 07:40:15,099 E 2942 2942] logging.cc:325:     @     0x7f4afab4b758       3200  xla::spmd::RunAutoShardingPass()
[2m[36m(CompileWorker pid=2942, ip=33.255.169.88)[0m [2026-05-15 07:40:15,099 E 2942 2942] logging.cc:325:     @     0x7f4afab1ca8e        160  pybind11::cpp_function::initialize<>()::{lambda()#3}::_FUN()
[2m[36m(CompileWorker pid=2942, ip=33.255.169.88)[0m [2026-05-15 07:40:15,099 E 2942 2942] logging.cc:325:     @     0x7f4afa8ccd3b        608  pybind11::cpp_function::dispatcher()
[2m[36m(CompileWorker pid=2942, ip=33.255.169.88)[0m [2026-05-15 07:40:15,099 E 2942 2942] logging.cc:325:     @           0x5f5e79  (unknown)  PyCFunction_Call
[2m[36m(CompileWorker pid=2942, ip=33.255.169.88)[0m [2026-05-15 07:40:15,100 E 2942 2942] logging.cc:325:     @           0x903b00  (unknown)  (unknown)
[2m[36m(CompileWorker pid=2942, ip=33.255.169.88)[0m Fatal Python error: Aborted
[2m[36m(CompileWorker pid=2942, ip=33.255.169.88)[0m 
[2m[36m(CompileWorker pid=2942, ip=33.255.169.88)[0m Stack (most recent call first):
[2m[36m(CompileWorker pid=2942, ip=33.255.169.88)[0m   File "/usr/local/lib/python3.8/dist-packages/alpa/shard_parallel/auto_sharding.py", line 357 in run_auto_sharding_pass
[2m[36m(CompileWorker pid=2942, ip=33.255.169.88)[0m   File "/usr/local/lib/python3.8/dist-packages/alpa/pipeline_parallel/stage_profiling.py", line 162 in compile_stage_for_profiling
[2m[36m(CompileWorker pid=2942, ip=33.255.169.88)[0m   File "/usr/local/lib/python3.8/dist-packages/ray/util/tracing/tracing_helper.py", line 462 in _resume_span
[2m[36m(CompileWorker pid=2942, ip=33.255.169.88)[0m   File "/usr/local/lib/python3.8/dist-packages/ray/_private/function_manager.py", line 675 in actor_method_executor
[2m[36m(CompileWorker pid=2942, ip=33.255.169.88)[0m   File "/usr/local/lib/python3.8/dist-packages/ray/worker.py", line 451 in main_loop
[2m[36m(CompileWorker pid=2942, ip=33.255.169.88)[0m   File "/usr/local/lib/python3.8/dist-packages/ray/workers/default_worker.py", line 238 in <module>
2026-05-15 07:41:51,874	WARNING worker.py:1404 -- A worker died or was killed while executing a task by an unexpected system error. To troubleshoot the problem, check the logs for the dead worker. RayTask ID: ffffffffffffffff9c8d367002307697e7aceb2309000000 Worker ID: 36650300cbe73ed594d0434819fd318a29a9434a769c1d0e366223e8 Node ID: 2317838040c6b56992f852aeb773f9f4a854b7f0bfab27acc49d5d79 Worker IP address: 33.255.169.88 Worker port: 10027 Worker PID: 2942
WARNING:alpa.pipeline_parallel.stage_profiling:A Compile worker died unexpectedly: The actor died unexpectedly before finishing this task.
	class_name: CompileWorker
	actor_id: 9c8d367002307697e7aceb2309000000
	pid: 2942
	namespace: 457cef9b-2a46-48db-881e-7a0427a966de
	ip: 33.255.169.88
The actor is dead because its worker process has died. Worker exit type: SYSTEM_ERROR_EXIT
- Profile all stages
Traceback (most recent call last):
  File "benchmark_3d_one_case.py", line 92, in <module>
    benchmark_one_case(args.model,
  File "benchmark_3d_one_case.py", line 37, in benchmark_one_case
    result = benchmark_gpt_bert_internal(model, case, niter, num_hosts,
  File "/home/liminglong.lml/sxz/SuperScaler/external/alpa/benchmark_3d_one_case_gpt_bert.py", line 290, in benchmark_gpt_bert_internal
    executable = train_step.get_executable(state, batch, rngkey)
  File "/usr/local/lib/python3.8/dist-packages/alpa/api.py", line 110, in get_executable
    executable, _, _, _ = self._decode_args_and_get_executable(*args)
  File "/usr/local/lib/python3.8/dist-packages/alpa/api.py", line 174, in _decode_args_and_get_executable
    executable = _compile_parallel_executable(f, in_tree, out_tree_hashable,
  File "/usr/local/lib/python3.8/dist-packages/jax/linear_util.py", line 272, in memoized_fun
    ans = call(fun, *args)
  File "/usr/local/lib/python3.8/dist-packages/alpa/api.py", line 201, in _compile_parallel_executable
    return method.compile_executable(fun, in_tree, out_tree_thunk,
  File "/usr/local/lib/python3.8/dist-packages/alpa/parallel_method.py", line 220, in compile_executable
    return compile_pipeshard_executable(
  File "/usr/local/lib/python3.8/dist-packages/alpa/pipeline_parallel/compile_executable.py", line 76, in compile_pipeshard_executable
    pipeshard_config = compile_pipeshard_executable_internal(
  File "/usr/local/lib/python3.8/dist-packages/alpa/pipeline_parallel/compile_executable.py", line 150, in compile_pipeshard_executable_internal
    manual_stage_option) = cluster_layers_and_slice_mesh(
  File "/usr/local/lib/python3.8/dist-packages/alpa/pipeline_parallel/stage_construction.py", line 608, in cluster_layers_and_slice_mesh
    compute_cost, max_n_succ_stages = get_compute_cost(
  File "/usr/local/lib/python3.8/dist-packages/alpa/pipeline_parallel/stage_construction.py", line 476, in get_compute_cost
    mesh_profiled) = distributed_profile_on_mesh(
  File "/usr/local/lib/python3.8/dist-packages/alpa/pipeline_parallel/stage_construction.py", line 370, in distributed_profile_on_mesh
    is_profiled) = profile_all(stages, compiled_outputs, meshes, num_layers,
  File "/usr/local/lib/python3.8/dist-packages/alpa/pipeline_parallel/stage_profiling.py", line 479, in profile_all
    prof_result = prof_database.query("default", meshes[0].shape)
  File "/usr/local/lib/python3.8/dist-packages/alpa/mesh_profiling.py", line 171, in query
    return self.data[key]
KeyError: ('default', (4, 8))
[DEBUG] latencies = [-1]
Type: gpt  Model Config: (1024, 2048, 5120, 40, 40)  #Microbatch: 256  #GPU: 32  Parallel Config: (True, False, 16, {'submesh_physical_shape_space': 'small_power_of_two', 'submesh_logical_shape_space': 'all', 'stage_imbalance_tolerance': 1.0, 'use_hlo_cost_model': True, 'profiling_database_filename': 'prof_database.pkl'})  Mean Time: -1.000s  Std Time: 0.000  #Params: -0.000B  TFLOPs: -1.00  TFLOPs (ckpt): -1.00  Peak Mem: -0.000G  Compilation Time: None  Global Batch Size: 1024  
Working on case: (1024, 2048, 5120, 40, 40, 51200, 512, 'search', (True, False, 16, {'submesh_physical_shape_space': 'small_power_of_two', 'submesh_logical_shape_space': 'all', 'stage_imbalance_tolerance': 1.0, 'use_hlo_cost_model': True, 'profiling_database_filename': 'prof_database.pkl'}))
rm -rf /tmp/tmp_transfer.pkl
python3 -u benchmark_3d_one_case.py --model gpt --niter 3 --case "(1024, 2048, 5120, 40, 40, 51200, 512, 'search', (True, False, 16, {'submesh_physical_shape_space': 'small_power_of_two', 'submesh_logical_shape_space': 'all', 'stage_imbalance_tolerance': 1.0, 'use_hlo_cost_model': True, 'profiling_database_filename': 'prof_database.pkl'}))" --num-hosts 4 --num-devices-per-host 8 --dump-result --disable-tqdm 
mkdir -p tmp
 - Prepare input: 1.71 s
 - Create train state: 1.81 s
-------------------- Automatic stage clustering --------------------
submesh_choices: ((1, 1), (1, 2), (1, 4), (1, 8), (2, 8), (4, 8))
- Profiling for submesh 5 (4, 8):
- Generate all stage infos (Jaxpr -> HLO)
- Compile all stages
[2m[36m(CompileWorker pid=25631, ip=33.255.171.49)[0m 2026-05-15 07:42:37.868678: F external/org_tensorflow/tensorflow/compiler/xla/service/spmd/auto_sharding.cc:1455] Check failed: strategies->is_tuple || !strategies->leaf_vector.empty() %get-tuple-element.1237 = f16[2,40,2048,2048]{3,2,1,0} get-tuple-element((f32[], f32[2,2048]{1,0}, f32[2,2048,51200]{2,1,0}, f16[2,2048,1]{2,1,0}, f16[2,2048,51200]{2,1,0}, /*index=5*/f16[2,2048,5120]{2,1,0}, f32[2,2048,5120]{2,1,0}, f16[2,2048,1]{2,1,0}, f16[1,1,5120]{2,1,0}, f32[2,2048,1]{2,1,0}, /*index=10*/f32[2,2048,1]{2,1,0}, f32[2,2048,5120]{2,1,0}, f32[2,2048,5120]{2,1,0}, f16[2,2048,20480]{2,1,0}, f32[2,2048,20480]{2,1,0}, /*index=15*/f32[2,2048,20480]{2,1,0}, f32[2,2048,20480]{2,1,0}, f16[2,2048,5120]{2,1,0}, f32[2,2048,5120]{2,1,0}, f16[2,2048,1]{2,1,0}, /*index=20*/f16[1,1,5120]{2,1,0}, f32[2,2048,1]{2,1,0}, f32[2,2048,1]{2,1,0}, f32[2,2048,5120]{2,1,0}, f32[2,2048,5120]{2,1,0}, /*index=25*/f16[2,2048,5120]{2,1,0}, f16[2,2048,40,128]{3,2,1,0}, f16[2,40,2048,1]{3,2,1,0}, f16[2,40,2048,2048]{3,2,1,0}, f16[2,40,2048,1]{3,2,1,0}, /*index=30*/f16[2,2048,40,128]{3,2,1,0}, f16[2,2048,40,128]{3,2,1,0}, f16[], f16[2,40,2048,2048]{3,2,1,0}, f16[2,2048,5120]{2,1,0}, /*index=35*/f32[2,2048,5120]{2,1,0}, f16[2,2048,1]{2,1,0}, f16[1,1,5120]{2,1,0}, f32[2,2048,1]{2,1,0}, f32[2,2048,1]{2,1,0}, /*index=40*/f32[2,2048,5120]{2,1,0}, f32[2,2048,5120]{2,1,0}, f16[2,2048,20480]{2,1,0}, f32[2,2048,20480]{2,1,0}, f32[2,2048,20480]{2,1,0}, /*index=45*/f32[2,2048,20480]{2,1,0}, f16[2,2048,5120]{2,1,0}, f32[2,2048,5120]{2,1,0}, f16[2,2048,1]{2,1,0}, f16[1,1,5120]{2,1,0}, /*index=50*/f32[2,2048,1]{2,1,0}, f32[2,2048,1]{2,1,0}, f32[2,2048,5120]{2,1,0}, f32[2,2048,5120]{2,1,0}, f16[2,2048,5120]{2,1,0}, /*index=55*/f16[2,2048,40,128]{3,2,1,0}, f16[2,40,2048,1]{3,2,1,0}, f16[2,40,2048,2048]{3,2,1,0}, f16[2,40,2048,1]{3,2,1,0}, f16[2,2048,40,128]{3,2,1,0}, /*index=60*/f16[2,2048,40,128]{3,2,1,0}, f16[], f16[2,40,2048,2048]{3,2,1,0}, f16[2,2048,5120]{2,1,0}, f32[2,2048,5120]{2,1,0}, /*index=65*/f16[2,2048,1]{2,1,0}, f16[1,1,5120]{2,1,0}, f32[2,2048,1]{2,1,0}, f32[2,2048,1]{2,1,0}, f32[2,2048,5120]{2,1,0}, /*index=70*/f32[2,2048,5120]{2,1,0}, f16[2,2048,20480]{2,1,0}, f32[2,2048,20480]{2,1,0}, f32[2,2048,20480]{2,1,0}, f32[2,2048,20480]{2,1,0}, /*index=75*/f16[2,2048,5120]{2,1,0}, f32[2,2048,5120]{2,1,0}, f16[2,2048,1]{2,1,0}, f16[1,1,5120]{2,1,0}, f32[2,2048,1]{2,1,0}, /*index=80*/f32[2,2048,1]{2,1,0}, f32[2,2048,5120]{2,1,0}, f32[2,2048,5120]{2,1,0}, f16[2,2048,5120]{2,1,0}, f16[2,2048,40,128]{3,2,1,0}, /*index=85*/f16[2,40,2048,1]{3,2,1,0}, f16[2,40,2048,2048]{3,2,1,0}, f16[2,40,2048,1]{3,2,1,0}, f16[2,2048,40,128]{3,2,1,0}, f16[2,2048,40,128]{3,2,1,0}, /*index=90*/f16[], f16[2,40,2048,2048]{3,2,1,0}, f16[2,2048,5120]{2,1,0}, f32[2,2048,5120]{2,1,0}, f16[2,2048,1]{2,1,0}, /*index=95*/f16[1,1,5120]{2,1,0}, f32[2,2048,1]{2,1,0}, f32[2,2048,1]{2,1,0}, f32[2,2048,5120]{2,1,0}, f32[2,2048,5120]{2,1,0}, /*index=100*/f16[2,2048,20480]{2,1,0}, f32[2,2048,20480]{2,1,0}, f32[2,2048,20480]{2,1,0}, f32[2,2048,20480]{2,1,0}, f16[2,2048,5120]{2,1,0}, /*index=105*/f32[2,2048,5120]{2,1,0}, f16[2,2048,1]{2,1,0}, f16[1,1,5120]{2,1,0}, f32[2,2048,1]{2,1,0}, f32[2,2048,1]{2,1,0}, /*index=110*/f32[2,2048,5120]{2,1,0}, f32[2,2048,5120]{2,1,0}, f16[2,2048,5120]{2,1,0}, f16[2,2048,40,128]{3,2,1,0}, f16[2,40,2048,1]{3,2,1,0}, /*index=115*/f16[2,40,2048,2048]{3,2,1,0}, f16[2,40,2048,1]{3,2,1,0}, f16[2,2048,40,128]{3,2,1,0}, f16[2,2048,40,128]{3,2,1,0}, f16[], /*index=120*/f16[2,40,2048,2048]{3,2,1,0}, f16[2,2048,5120]{2,1,0}, f32[2,2048,5120]{2,1,0}, f16[2,2048,1]{2,1,0}, f16[1,1,5120]{2,1,0}, /*index=125*/f32[2,2048,1]{2,1,0}, f32[2,2048,1]{2,1,0}, f32[2,2048,5120]{2,1,0}, f32[2,2048,5120]{2,1,0}, f16[2,2048,20480]{2,1,0}, /*index=130*/f32[2,2048,20480]{2,1,0}, f32[2,2048,20480]{2,1,0}, f32[2,2048,20480]{2,1,0}, f16[2,2048,5120]{2,1,0}, f32[2,2048,5120]{2,1,0}, /*index=135*/f16[2,2048,1]{2,1,0}, f16[1,1,5120]{2,1,0}, f32[2,2048,1]{2,1,0}, f32[2,2048,1]{2,1,0}, f32[2,2048,5120]{2,1,0}, /*index=140*/f32[2,2048,5120]{2,1,0}, f16[2,2048,5120]{2,1,0}, f16[2,2048,40,128]{3,2,1,0}, f16[2,40,2048,1]{3,2,1,0}, f16[2,40,2048,2048]{3,2,1,0}, /*index=145*/f16[2,40,2048,1]{3,2,1,0}, f16[2,2048,40,128]{3,2,1,0}, f16[2,2048,40,128]{3,2,1,0}, f16[], f16[2,40,2048,2048]{3,2,1,0}, /*index=150*/f16[2,2048,5120]{2,1,0}, f32[2,2048,5120]{2,1,0}, f16[2,2048,1]{2,1,0}, f16[1,1,5120]{2,1,0}, f32[2,2048,1]{2,1,0}, /*index=155*/f32[2,2048,1]{2,1,0}, f32[2,2048,5120]{2,1,0}, f32[2,2048,5120]{2,1,0}, f16[2,2048,20480]{2,1,0}, f32[2,2048,20480]{2,1,0}, /*index=160*/f32[2,2048,20480]{2,1,0}, f32[2,2048,20480]{2,1,0}, f16[2,2048,5120]{2,1,0}, f32[2,2048,5120]{2,1,0}, f16[2,2048,1]{2,1,0}, /*index=165*/f16[1,1,5120]{2,1,0}, f32[2,2048,1]{2,1,0}, f32[2,2048,1]{2,1,0}, f32[2,2048,5120]{2,1,0}, f32[2,2048,5120]{2,1,0}, /*index=170*/f16[2,2048,5120]{2,1,0}, f16[2,2048,40,128]{3,2,1,0}, f16[2,40,2048,1]{3,2,1,0}, f16[2,40,2048,2048]{3,2,1,0}, f16[2,40,2048,1]{3,2,1,0}, /*index=175*/f16[2,2048,40,128]{3,2,1,0}, f16[2,2048,40,128]{3,2,1,0}, f16[], f16[2,40,2048,2048]{3,2,1,0}, f16[2,2048,5120]{2,1,0}, /*index=180*/f32[2,2048,5120]{2,1,0}, f16[2,2048,1]{2,1,0}, f16[1,1,5120]{2,1,0}, f32[2,2048,1]{2,1,0}, f32[2,2048,1]{2,1,0}, /*index=185*/f32[2,2048,5120]{2,1,0}, f32[2,2048,5120]{2,1,0}, f16[2,2048,20480]{2,1,0}, f32[2,2048,20480]{2,1,0}, f32[2,2048,20480]{2,1,0}, /*index=190*/f32[2,2048,20480]{2,1,0}, f16[2,2048,5120]{2,1,0}, f32[2,2048,5120]{2,1,0}, f16[2,2048,1]{2,1,0}, f16[1,1,5120]{2,1,0}, /*index=195*/f32[2,2048,1]{2,1,0}, f32[2,2048,1]{2,1,0}, f32[2,2048,5120]{2,1,0}, f32[2,2048,5120]{2,1,0}, f16[2,2048,5120]{2,1,0}, /*index=200*/f16[2,2048,40,128]{3,2,1,0}, f16[2,40,2048,1]{3,2,1,0}, f16[2,40,2048,2048]{3,2,1,0}, f16[2,40,2048,1]{3,2,1,0}, f16[2,2048,40,128]{3,2,1,0}, /*index=205*/f16[2,2048,40,128]{3,2,1,0}, f16[], f16[2,40,2048,2048]{3,2,1,0}, f16[2,2048,5120]{2,1,0}, f32[2,2048,5120]{2,1,0}, /*index=210*/f16[2,2048,1]{2,1,0}, f16[1,1,5120]{2,1,0}, f32[2,2048,1]{2,1,0}, f32[2,2048,1]{2,1,0}, f32[2,2048,5120]{2,1,0}, /*index=215*/f32[2,2048,5120]{2,1,0}, f16[2,2048,20480]{2,1,0}, f32[2,2048,20480]{2,1,0}, f32[2,2048,20480]{2,1,0}, f32[2,2048,20480]{2,1,0}, /*index=220*/f16[2,2048,5120]{2,1,0}, f32[2,2048,5120]{2,1,0}, f16[2,2048,1]{2,1,0}, f16[1,1,5120]{2,1,0}, f32[2,2048,1]{2,1,0}, /*index=225*/f32[2,2048,1]{2,1,0}, f32[2,2048,5120]{2,1,0}, f32[2,2048,5120]{2,1,0}, f16[2,2048,5120]{2,1,0}, f16[2,2048,40,128]{3,2,1,0}, /*index=230*/f16[2,40,2048,1]{3,2,1,0}, f16[2,40,2048,2048]{3,2,1,0}, f16[2,40,2048,1]{3,2,1,0}, f16[2,2048,40,128]{3,2,1,0}, f16[2,2048,40,128]{3,2,1,0}, /*index=235*/f16[], f16[2,40,2048,2048]{3,2,1,0}, f16[2,2048,5120]{2,1,0}, f32[2,2048,5120]{2,1,0}, f16[2,2048,1]{2,1,0}, /*index=240*/f16[1,1,5120]{2,1,0}, f32[2,2048,1]{2,1,0}, f32[2,2048,1]{2,1,0}, f32[2,2048,5120]{2,1,0}, f32[2,2048,5120]{2,1,0}, /*index=245*/f16[2,2048,20480]{2,1,0}, f32[2,2048,20480]{2,1,0}, f32[2,2048,20480]{2,1,0}, f32[2,2048,20480]{2,1,0}, f16[2,2048,5120]{2,1,0}, /*index=250*/f32[2,2048,5120]{2,1,0}, f16[2,2048,1]{2,1,0}, f16[1,1,5120]{2,1,0}, f32[2,2048,1]{2,1,0}, f32[2,2048,1]{2,1,0}, /*index=255*/f32[2,2048,5120]{2,1,0}, f32[2,2048,5120]{2,1,0}, f16[2,2048,5120]{2,1,0}, f16[2,2048,40,128]{3,2,1,0}, f16[2,40,2048,1]{3,2,1,0}, /*index=260*/f16[2,40,2048,2048]{3,2,1,0}, f16[2,40,2048,1]{3,2,1,0}, f16[2,2048,40,128]{3,2,1,0}, f16[2,2048,40,128]{3,2,1,0}, f16[], /*index=265*/f16[2,40,2048,2048]{3,2,1,0}, f16[2,2048,5120]{2,1,0}, f32[2,2048,5120]{2,1,0}, f16[2,2048,1]{2,1,0}, f16[1,1,5120]{2,1,0}, /*index=270*/f32[2,2048,1]{2,1,0}, f32[2,2048,1]{2,1,0}, f32[2,2048,5120]{2,1,0}, f32[2,2048,5120]{2,1,0}, f16[2,2048,20480]{2,1,0}, /*index=275*/f32[2,2048,20480]{2,1,0}, f32[2,2048,20480]{2,1,0}, f32[2,2048,20480]{2,1,0}, f16[2,2048,5120]{2,1,0}, f32[2,2048,5120]{2,1,0}, /*index=280*/f16[2,2048,1]{2,1,0}, f16[1,1,5120]{2,1,0}, f32[2,2048,1]{2,1,0}, f32[2,2048,1]{2,1,0}, f32[2,2048,5120]{2,1,0}, /*index=285*/f32[2,2048,5120]{2,1,0}, f16[2,2048,5120]{2,1,0}, f16[2,2048,40,128]{3,2,1,0}, f16[2,40,2048,1]{3,2,1,0}, f16[2,40,2048,2048]{3,2,1,0}, /*index=290*/f16[2,40,2048,1]{3,2,1,0}, f16[2,2048,40,128]{3,2,1,0}, f16[2,2048,40,128]{3,2,1,0}, f16[], f16[2,40,2048,2048]{3,2,1,0}, /*index=295*/f16[2,2048,5120]{2,1,0}, f32[2,2048,5120]{2,1,0}, f16[2,2048,1]{2,1,0}, f16[1,1,5120]{2,1,0}, f32[2,2048,1]{2,1,0}, /*index=300*/f32[2,2048,1]{2,1,0}, f32[2,2048,5120]{2,1,0}, f32[2,2048,5120]{2,1,0}, f16[2,2048,20480]{2,1,0}, f32[2,2048,20480]{2,1,0}, /*index=305*/f32[2,2048,20480]{2,1,0}, f32[2,2048,20480]{2,1,0}, f16[2,2048,5120]{2,1,0}, f32[2,2048,5120]{2,1,0}, f16[2,2048,1]{2,1,0}, /*index=310*/f16[1,1,5120]{2,1,0}, f32[2,2048,1]{2,1,0}, f32[2,2048,1]{2,1,0}, f32[2,2048,5120]{2,1,0}, f32[2,2048,5120]{2,1,0}, /*index=315*/f16[2,2048,5120]{2,1,0}, f16[2,2048,40,128]{3,2,1,0}, f16[2,40,2048,1]{3,2,1,0}, f16[2,40,2048,2048]{3,2,1,0}, f16[2,40,2048,1]{3,2,1,0}, /*index=320*/f16[2,2048,40,128]{3,2,1,0}, f16[2,2048,40,128]{3,2,1,0}, f16[], f16[2,40,2048,2048]{3,2,1,0}, f16[2,2048,5120]{2,1,0}, /*index=325*/f32[2,2048,5120]{2,1,0}, f16[2,2048,1]{2,1,0}, f16[1,1,5120]{2,1,0}, f32[2,2048,1]{2,1,0}, f32[2,2048,1]{2,1,0}, /*index=330*/f32[2,2048,5120]{2,1,0}, f32[2,2048,5120]{2,1,0}, f16[2,2048,20480]{2,1,0}, f32[2,2048,20480]{2,1,0}, f32[2,2048,20480]{2,1,0}, /*index=335*/f32[2,2048,20480]{2,1,0}, f16[2,2048,5120]{2,1,0}, f32[2,2048,5120]{2,1,0}, f16[2,2048,1]{2,1,0}, f16[1,1,5120]{2,1,0}, /*index=340*/f32[2,2048,1]{2,1,0}, f32[2,2048,1]{2,1,0}, f32[2,2048,5120]{2,1,0}, f32[2,2048,5120]{2,1,0}, f16[2,2048,5120]{2,1,0}, /*index=345*/f16[2,2048,40,128]{3,2,1,0}, f16[2,40,2048,1]{3,2,1,0}, f16[2,40,2048,2048]{3,2,1,0}, f16[2,40,2048,1]{3,2,1,0}, f16[2,2048,40,128]{3,2,1,0}, /*index=350*/f16[2,2048,40,128]{3,2,1,0}, f16[], f16[2,40,2048,2048]{3,2,1,0}, f16[2,2048,5120]{2,1,0}, f32[2,2048,5120]{2,1,0}, /*index=355*/f16[2,2048,1]{2,1,0}, f16[1,1,5120]{2,1,0}, f32[2,2048,1]{2,1,0}, f32[2,2048,1]{2,1,0}, f32[2,2048,5120]{2,1,0}, /*index=360*/f32[2,2048,5120]{2,1,0}, f16[2,2048,20480]{2,1,0}, f32[2,2048,20480]{2,1,0}, f32[2,2048,20480]{2,1,0}, f32[2,2048,20480]{2,1,0}, /*index=365*/f16[2,2048,5120]{2,1,0}, f32[2,2048,5120]{2,1,0}, f16[2,2048,1]{2,1,0}, f16[1,1,5120]{2,1,0}, f32[2,2048,1]{2,1,0}, /*index=370*/f32[2,2048,1]{2,1,0}, f32[2,2048,5120]{2,1,0}, f32[2,2048,5120]{2,1,0}, f16[2,2048,5120]{2,1,0}, f16[2,2048,40,128]{3,2,1,0}, /*index=375*/f16[2,40,2048,1]{3,2,1,0}, f16[2,40,2048,2048]{3,2,1,0}, f16[2,40,2048,1]{3,2,1,0}, f16[2,2048,40,128]{3,2,1,0}, f16[2,2048,40,128]{3,2,1,0}, /*index=380*/f16[], f16[2,40,2048,2048]{3,2,1,0}, f16[2,2048,5120]{2,1,0}, f32[2,2048,5120]{2,1,0}, f16[2,2048,1]{2,1,0}, /*index=385*/f16[1,1,5120]{2,1,0}, f32[2,2048,1]{2,1,0}, f32[2,2048,1]{2,1,0}, f32[2,2048,5120]{2,1,0}, f32[2,2048,5120]{2,1,0}, /*index=390*/f16[2,2048,20480]{2,1,0}, f32[2,2048,20480]{2,1,0}, f32[2,2048,20480]{2,1,0}, f32[2,2048,20480]{2,1,0}, f16[2,2048,5120]{2,1,0}, /*index=395*/f32[2,2048,5120]{2,1,0}, f16[2,2048,1]{2,1,0}, f16[1,1,5120]{2,1,0}, f32[2,2048,1]{2,1,0}, f32[2,2048,1]{2,1,0}, /*index=400*/f32[2,2048,5120]{2,1,0}, f32[2,2048,5120]{2,1,0}, f16[2,2048,5120]{2,1,0}, f16[2,2048,40,128]{3,2,1,0}, f16[2,40,2048,1]{3,2,1,0}, /*index=405*/f16[2,40,2048,2048]{3,2,1,0}, f16[2,40,2048,1]{3,2,1,0}, f16[2,2048,40,128]{3,2,1,0}, f16[2,2048,40,128]{3,2,1,0}, f16[], /*index=410*/f16[2,40,2048,2048]{3,2,1,0}, f16[2,2048,5120]{2,1,0}, f32[2,2048,5120]{2,1,0}, f16[2,2048,1]{2,1,0}, f16[1,1,5120]{2,1,0}, /*index=415*/f32[2,2048,1]{2,1,0}, f32[2,2048,1]{2,1,0}, f32[2,2048,5120]{2,1,0}, f32[2,2048,5120]{2,1,0}, f16[2,2048,20480]{2,1,0}, /*index=420*/f32[2,2048,20480]{2,1,0}, f32[2,2048,20480]{2,1,0}, f32[2,2048,20480]{2,1,0}, f16[2,2048,5120]{2,1,0}, f32[2,2048,5120]{2,1,0}, /*index=425*/f16[2,2048,1]{2,1,0}, f16[1,1,5120]{2,1,0}, f32[2,2048,1]{2,1,0}, f32[2,2048,1]{2,1,0}, f32[2,2048,5120]{2,1,0}, /*index=430*/f32[2,2048,5120]{2,1,0}, f16[2,2048,5120]{2,1,0}, f16[2,2048,40,128]{3,2,1,0}, f16[2,40,2048,1]{3,2,1,0}, f16[2,40,2048,2048]{3,2,1,0}, /*index=435*/f16[2,40,2048,1]{3,2,1,0}, f16[2,2048,40,128]{3,2,1,0}, f16[2,2048,40,128]{3,2,1,0}, f16[], f16[2,40,2048,2048]{3,2,1,0}, /*index=440*/f16[2,2048,5120]{2,1,0}, f32[2,2048,5120]{2,1,0}, f16[2,2048,1]{2,1,0}, f16[1,1,5120]{2,1,0}, f32[2,2048,1]{2,1,0}, /*index=445*/f32[2,2048,1]{2,1,0}, f32[2,2048,5120]{2,1,0}, f32[2,2048,5120]{2,1,0}, f16[2,2048,20480]{2,1,0}, f32[2,2048,20480]{2,1,0}, /*index=450*/f32[2,2048,20480]{2,1,0}, f32[2,2048,20480]{2,1,0}, f16[2,2048,5120]{2,1,0}, f32[2,2048,5120]{2,1,0}, f16[2,2048,1]{2,1,0}, /*index=455*/f16[1,1,5120]{2,1,0}, f32[2,2048,1]{2,1,0}, f32[2,2048,1]{2,1,0}, f32[2,2048,5120]{2,1,0}, f32[2,2048,5120]{2,1,0}, /*index=460*/f16[2,2048,5120]{2,1,0}, f16[2,2048,40,128]{3,2,1,0}, f16[2,40,2048,1]{3,2,1,0}, f16[2,40,2048,2048]{3,2,1,0}, f16[2,40,2048,1]{3,2,1,0}, /*index=465*/f16[2,2048,40,128]{3,2,1,0}, f16[2,2048,40,128]{3,2,1,0}, f16[], f16[2,40,2048,2048]{3,2,1,0}, f16[2,2048,5120]{2,1,0}, /*index=470*/f32[2,2048,5120]{2,1,0}, f16[2,2048,1]{2,1,0}, f16[1,1,5120]{2,1,0}, f32[2,2048,1]{2,1,0}, f32[2,2048,1]{2,1,0}, /*index=475*/f32[2,2048,5120]{2,1,0}, f32[2,2048,5120]{2,1,0}, f16[2,2048,20480]{2,1,0}, f32[2,2048,20480]{2,1,0}, f32[2,2048,20480]{2,1,0}, /*index=480*/f32[2,2048,20480]{2,1,0}, f16[2,2048,5120]{2,1,0}, f32[2,2048,5120]{2,1,0}, f16[2,2048,1]{2,1,0}, f16[1,1,5120]{2,1,0}, /*index=485*/f32[2,2048,1]{2,1,0}, f32[2,2048,1]{2,1,0}, f32[2,2048,5120]{2,1,0}, f32[2,2048,5120]{2,1,0}, f16[2,2048,5120]{2,1,0}, /*index=490*/f16[2,2048,40,128]{3,2,1,0}, f16[2,40,2048,1]{3,2,1,0}, f16[2,40,2048,2048]{3,2,1,0}, f16[2,40,2048,1]{3,2,1,0}, f16[2,2048,40,128]{3,2,1,0}, /*index=495*/f16[2,2048,40,128]{3,2,1,0}, f16[], f16[2,40,2048,2048]{3,2,1,0}, f16[2,2048,5120]{2,1,0}, f32[2,2048,5120]{2,1,0}, /*index=500*/f16[2,2048,1]{2,1,0}, f16[1,1,5120]{2,1,0}, f32[2,2048,1]{2,1,0}, f32[2,2048,1]{2,1,0}, f32[2,2048,5120]{2,1,0}, /*index=505*/f32[2,2048,5120]{2,1,0}, f16[2,2048,20480]{2,1,0}, f32[2,2048,20480]{2,1,0}, f32[2,2048,20480]{2,1,0}, f32[2,2048,20480]{2,1,0}, /*index=510*/f16[2,2048,5120]{2,1,0}, f32[2,2048,5120]{2,1,0}, f16[2,2048,1]{2,1,0}, f16[1,1,5120]{2,1,0}, f32[2,2048,1]{2,1,0}, /*index=515*/f32[2,2048,1]{2,1,0}, f32[2,2048,5120]{2,1,0}, f32[2,2048,5120]{2,1,0}, f16[2,2048,5120]{2,1,0}, f16[2,2048,40,128]{3,2,1,0}, /*index=520*/f16[2,40,2048,1]{3,2,1,0}, f16[2,40,2048,2048]{3,2,1,0}, f16[2,40,2048,1]{3,2,1,0}, f16[2,2048,40,128]{3,2,1,0}, f16[2,2048,40,128]{3,2,1,0}, /*index=525*/f16[], f16[2,40,2048,2048]{3,2,1,0}, f16[2,2048,5120]{2,1,0}, f32[2,2048,5120]{2,1,0}, f16[2,2048,1]{2,1,0}, /*index=530*/f16[1,1,5120]{2,1,0}, f32[2,2048,1]{2,1,0}, f32[2,2048,1]{2,1,0}, f32[2,2048,5120]{2,1,0}, f32[2,2048,5120]{2,1,0}, /*index=535*/f16[2,2048,20480]{2,1,0}, f32[2,2048,20480]{2,1,0}, f32[2,2048,20480]{2,1,0}, f32[2,2048,20480]{2,1,0}, f16[2,2048,5120]{2,1,0}, /*index=540*/f32[2,2048,5120]{2,1,0}, f16[2,2048,1]{2,1,0}, f16[1,1,5120]{2,1,0}, f32[2,2048,1]{2,1,0}, f32[2,2048,1]{2,1,0}, /*index=545*/f32[2,2048,5120]{2,1,0}, f32[2,2048,5120]{2,1,0}, f16[2,2048,5120]{2,1,0}, f16[2,2048,40,128]{3,2,1,0}, f16[2,40,2048,1]{3,2,1,0}, /*index=550*/f16[2,40,2048,2048]{3,2,1,0}, f16[2,40,2048,1]{3,2,1,0}, f16[2,2048,40,128]{3,2,1,0}, f16[2,2048,40,128]{3,2,1,0}, f16[], /*index=555*/f16[2,40,2048,2048]{3,2,1,0}, f16[2,2048,5120]{2,1,0}, f32[2,2048,5120]{2,1,0}, f16[2,2048,1]{2,1,0}, f16[1,1,5120]{2,1,0}, /*index=560*/f32[2,2048,1]{2,1,0}, f32[2,2048,1]{2,1,0}, f32[2,2048,5120]{2,1,0}, f32[2,2048,5120]{2,1,0}, f16[2,2048,20480]{2,1,0}, /*index=565*/f32[2,2048,20480]{2,1,0}, f32[2,2048,20480]{2,1,0}, f32[2,2048,20480]{2,1,0}, f16[2,2048,5120]{2,1,0}, f32[2,2048,5120]{2,1,0}, /*index=570*/f16[2,2048,1]{2,1,0}, f16[1,1,5120]{2,1,0}, f32[2,2048,1]{2,1,0}, f32[2,2048,1]{2,1,0}, f32[2,2048,5120]{2,1,0}, /*index=575*/f32[2,2048,5120]{2,1,0}, f16[2,2048,5120]{2,1,0}, f16[2,2048,40,128]{3,2,1,0}, f16[2,40,2048,1]{3,2,1,0}, f16[2,40,2048,2048]{3,2,1,0}, /*index=580*/f16[2,40,2048,1]{3,2,1,0}, f16[2,2048,40,128]{3,2,1,0}, f16[2,2048,40,128]{3,2,1,0}, f16[], f16[2,40,2048,2048]{3,2,1,0}, /*index=585*/f16[2,2048,5120]{2,1,0}, f32[2,2048,5120]{2,1,0}, f16[2,2048,1]{2,1,0}, f16[1,1,5120]{2,1,0}, f32[2,2048,1]{2,1,0}, /*index=590*/f32[2,2048,1]{2,1,0}, f32[2,2048,5120]{2,1,0}, f32[2,2048,5120]{2,1,0}, f16[2,2048,20480]{2,1,0}, f32[2,2048,20480]{2,1,0}, /*index=595*/f32[2,2048,20480]{2,1,0}, f32[2,2048,20480]{2,1,0}, f16[2,2048,5120]{2,1,0}, f32[2,2048,5120]{2,1,0}, f16[2,2048,1]{2,1,0}, /*index=600*/f16[1,1,5120]{2,1,0}, f32[2,2048,1]{2,1,0}, f32[2,2048,1]{2,1,0}, f32[2,2048,5120]{2,1,0}, f32[2,2048,5120]{2,1,0}, /*index=605*/f16[2,2048,5120]{2,1,0}, f16[2,2048,40,128]{3,2,1,0}, f16[2,40,2048,1]{3,2,1,0}, f16[2,40,2048,2048]{3,2,1,0}, f16[2,40,2048,1]{3,2,1,0}, /*index=610*/f16[2,2048,40,128]{3,2,1,0}, f16[2,2048,40,128]{3,2,1,0}, f16[], f16[2,40,2048,2048]{3,2,1,0}, f16[2,2048,5120]{2,1,0}, /*index=615*/f32[2,2048,5120]{2,1,0}, f16[2,2048,1]{2,1,0}, f16[1,1,5120]{2,1,0}, f32[2,2048,1]{2,1,0}, f32[2,2048,1]{2,1,0}, /*index=620*/f32[2,2048,5120]{2,1,0}, f32[2,2048,5120]{2,1,0}, f16[2,2048,20480]{2,1,0}, f32[2,2048,20480]{2,1,0}, f32[2,2048,20480]{2,1,0}, /*index=625*/f32[2,2048,20480]{2,1,0}, f16[2,2048,5120]{2,1,0}, f32[2,2048,5120]{2,1,0}, f16[2,2048,1]{2,1,0}, f16[1,1,5120]{2,1,0}, /*index=630*/f32[2,2048,1]{2,1,0}, f32[2,2048,1]{2,1,0}, f32[2,2048,5120]{2,1,0}, f32[2,2048,5120]{2,1,0}, f16[2,2048,5120]{2,1,0}, /*index=635*/f16[2,2048,40,128]{3,2,1,0}, f16[2,40,2048,1]{3,2,1,0}, f16[2,40,2048,2048]{3,2,1,0}, f16[2,40,2048,1]{3,2,1,0}, f16[2,2048,40,128]{3,2,1,0}, /*index=640*/f16[2,2048,40,128]{3,2,1,0}, f16[], f16[2,40,2048,2048]{3,2,1,0}, f16[2,2048,5120]{2,1,0}, f32[2,2048,5120]{2,1,0}, /*index=645*/f16[2,2048,1]{2,1,0}, f16[1,1,5120]{2,1,0}, f32[2,2048,1]{2,1,0}, f32[2,2048,1]{2,1,0}, f32[2,2048,5120]{2,1,0}, /*index=650*/f32[2,2048,5120]{2,1,0}, f16[2,2048,20480]{2,1,0}, f32[2,2048,20480]{2,1,0}, f32[2,2048,20480]{2,1,0}, f32[2,2048,20480]{2,1,0}, /*index=655*/f16[2,2048,5120]{2,1,0}, f32[2,2048,5120]{2,1,0}, f16[2,2048,1]{2,1,0}, f16[1,1,5120]{2,1,0}, f32[2,2048,1]{2,1,0}, /*index=660*/f32[2,2048,1]{2,1,0}, f32[2,2048,5120]{2,1,0}, f32[2,2048,5120]{2,1,0}, f16[2,2048,5120]{2,1,0}, f16[2,2048,40,128]{3,2,1,0}, /*index=665*/f16[2,40,2048,1]{3,2,1,0}, f16[2,40,2048,2048]{3,2,1,0}, f16[2,40,2048,1]{3,2,1,0}, f16[2,2048,40,128]{3,2,1,0}, f16[2,2048,40,128]{3,2,1,0}, /*index=670*/f16[], f16[2,40,2048,2048]{3,2,1,0}, f16[2,2048,5120]{2,1,0}, f32[2,2048,5120]{2,1,0}, f16[2,2048,1]{2,1,0}, /*index=675*/f16[1,1,5120]{2,1,0}, f32[2,2048,1]{2,1,0}, f32[2,2048,1]{2,1,0}, f32[2,2048,5120]{2,1,0}, f32[2,2048,5120]{2,1,0}, /*index=680*/f16[2,2048,20480]{2,1,0}, f32[2,2048,20480]{2,1,0}, f32[2,2048,20480]{2,1,0}, f32[2,2048,20480]{2,1,0}, f16[2,2048,5120]{2,1,0}, /*index=685*/f32[2,2048,5120]{2,1,0}, f16[2,2048,1]{2,1,0}, f16[1,1,5120]{2,1,0}, f32[2,2048,1]{2,1,0}, f32[2,2048,1]{2,1,0}, /*index=690*/f32[2,2048,5120]{2,1,0}, f32[2,2048,5120]{2,1,0}, f16[2,2048,5120]{2,1,0}, f16[2,2048,40,128]{3,2,1,0}, f16[2,40,2048,1]{3,2,1,0}, /*index=695*/f16[2,40,2048,2048]{3,2,1,0}, f16[2,40,2048,1]{3,2,1,0}, f16[2,2048,40,128]{3,2,1,0}, f16[2,2048,40,128]{3,2,1,0}, f16[], /*index=700*/f16[2,40,2048,2048]{3,2,1,0}, f16[2,2048,5120]{2,1,0}, f32[2,2048,5120]{2,1,0}, f16[2,2048,1]{2,1,0}, f16[1,1,5120]{2,1,0}, /*index=705*/f32[2,2048,1]{2,1,0}, f32[2,2048,1]{2,1,0}, f32[2,2048,5120]{2,1,0}, f32[2,2048,5120]{2,1,0}, f16[2,2048,20480]{2,1,0}, /*index=710*/f32[2,2048,20480]{2,1,0}, f32[2,2048,20480]{2,1,0}, f32[2,2048,20480]{2,1,0}, f16[2,2048,5120]{2,1,0}, f32[2,2048,5120]{2,1,0}, /*index=715*/f16[2,2048,1]{2,1,0}, f16[1,1,5120]{2,1,0}, f32[2,2048,1]{2,1,0}, f32[2,2048,1]{2,1,0}, f32[2,2048,5120]{2,1,0}, /*index=720*/f32[2,2048,5120]{2,1,0}, f16[2,2048,5120]{2,1,0}, f16[2,2048,40,128]{3,2,1,0}, f16[2,40,2048,1]{3,2,1,0}, f16[2,40,2048,2048]{3,2,1,0}, /*index=725*/f16[2,40,2048,1]{3,2,1,0}, f16[2,2048,40,128]{3,2,1,0}, f16[2,2048,40,128]{3,2,1,0}, f16[], f16[2,40,2048,2048]{3,2,1,0}, /*index=730*/f16[2,2048,5120]{2,1,0}, f32[2,2048,5120]{2,1,0}, f16[2,2048,1]{2,1,0}, f16[1,1,5120]{2,1,0}, f32[2,2048,1]{2,1,0}, /*index=735*/f32[2,2048,1]{2,1,0}, f32[2,2048,5120]{2,1,0}, f32[2,2048,5120]{2,1,0}, f16[2,2048,20480]{2,1,0}, f32[2,2048,20480]{2,1,0}, /*index=740*/f32[2,2048,20480]{2,1,0}, f32[2,2048,20480]{2,1,0}, f16[2,2048,5120]{2,1,0}, f32[2,2048,5120]{2,1,0}, f16[2,2048,1]{2,1,0}, /*index=745*/f16[1,1,5120]{2,1,0}, f32[2,2048,1]{2,1,0}, f32[2,2048,1]{2,1,0}, f32[2,2048,5120]{2,1,0}, f32[2,2048,5120]{2,1,0}, /*index=750*/f16[2,2048,5120]{2,1,0}, f16[2,2048,40,128]{3,2,1,0}, f16[2,40,2048,1]{3,2,1,0}, f16[2,40,2048,2048]{3,2,1,0}, f16[2,40,2048,1]{3,2,1,0}, /*index=755*/f16[2,2048,40,128]{3,2,1,0}, f16[2,2048,40,128]{3,2,1,0}, f16[], f16[2,40,2048,2048]{3,2,1,0}, f16[2,2048,5120]{2,1,0}, /*index=760*/f32[2,2048,5120]{2,1,0}, f16[2,2048,1]{2,1,0}, f16[1,1,5120]{2,1,0}, f32[2,2048,1]{2,1,0}, f32[2,2048,1]{2,1,0}, /*index=765*/f32[2,2048,5120]{2,1,0}, f32[2,2048,5120]{2,1,0}, f16[2,2048,20480]{2,1,0}, f32[2,2048,20480]{2,1,0}, f32[2,2048,20480]{2,1,0}, /*index=770*/f32[2,2048,20480]{2,1,0}, f16[2,2048,5120]{2,1,0}, f32[2,2048,5120]{2,1,0}, f16[2,2048,1]{2,1,0}, f16[1,1,5120]{2,1,0}, /*index=775*/f32[2,2048,1]{2,1,0}, f32[2,2048,1]{2,1,0}, f32[2,2048,5120]{2,1,0}, f32[2,2048,5120]{2,1,0}, f16[2,2048,5120]{2,1,0}, /*index=780*/f16[2,2048,40,128]{3,2,1,0}, f16[2,40,2048,1]{3,2,1,0}, f16[2,40,2048,2048]{3,2,1,0}, f16[2,40,2048,1]{3,2,1,0}, f16[2,2048,40,128]{3,2,1,0}, /*index=785*/f16[2,2048,40,128]{3,2,1,0}, f16[], f16[2,40,2048,2048]{3,2,1,0}, f16[2,2048,5120]{2,1,0}, f32[2,2048,5120]{2,1,0}, /*index=790*/f16[2,2048,1]{2,1,0}, f16[1,1,5120]{2,1,0}, f32[2,2048,1]{2,1,0}, f32[2,2048,1]{2,1,0}, f32[2,2048,5120]{2,1,0}, /*index=795*/f32[2,2048,5120]{2,1,0}, f16[2,2048,20480]{2,1,0}, f32[2,2048,20480]{2,1,0}, f32[2,2048,20480]{2,1,0}, f32[2,2048,20480]{2,1,0}, /*index=800*/f16[2,2048,5120]{2,1,0}, f32[2,2048,5120]{2,1,0}, f16[2,2048,1]{2,1,0}, f16[1,1,5120]{2,1,0}, f32[2,2048,1]{2,1,0}, /*index=805*/f32[2,2048,1]{2,1,0}, f32[2,2048,5120]{2,1,0}, f32[2,2048,5120]{2,1,0}, f16[2,2048,5120]{2,1,0}, f16[2,2048,40,128]{3,2,1,0}, /*index=810*/f16[2,40,2048,1]{3,2,1,0}, f16[2,40,2048,2048]{3,2,1,0}, f16[2,40,2048,1]{3,2,1,0}, f16[2,2048,40,128]{3,2,1,0}, f16[2,2048,40,128]{3,2,1,0}, /*index=815*/f16[], f16[2,40,2048,2048]{3,2,1,0}, f16[2,2048,5120]{2,1,0}, f32[2,2048,5120]{2,1,0}, f16[2,2048,1]{2,1,0}, /*index=820*/f16[1,1,5120]{2,1,0}, f32[2,2048,1]{2,1,0}, f32[2,2048,1]{2,1,0}, f32[2,2048,5120]{2,1,0}, f32[2,2048,5120]{2,1,0}, /*index=825*/f16[2,2048,20480]{2,1,0}, f32[2,2048,20480]{2,1,0}, f32[2,2048,20480]{2,1,0}, f32[2,2048,20480]{2,1,0}, f16[2,2048,5120]{2,1,0}, /*index=830*/f32[2,2048,5120]{2,1,0}, f16[2,2048,1]{2,1,0}, f16[1,1,5120]{2,1,0}, f32[2,2048,1]{2,1,0}, f32[2,2048,1]{2,1,0}, /*index=835*/f32[2,2048,5120]{2,1,0}, f32[2,2048,5120]{2,1,0}, f16[2,2048,5120]{2,1,0}, f16[2,2048,40,128]{3,2,1,0}, f16[2,40,2048,1]{3,2,1,0}, /*index=840*/f16[2,40,2048,2048]{3,2,1,0}, f16[2,40,2048,1]{3,2,1,0}, f16[2,2048,40,128]{3,2,1,0}, f16[2,2048,40,128]{3,2,1,0}, f16[], /*index=845*/f16[2,40,2048,2048]{3,2,1,0}, f16[2,2048,5120]{2,1,0}, f32[2,2048,5120]{2,1,0}, f16[2,2048,1]{2,1,0}, f16[1,1,5120]{2,1,0}, /*index=850*/f32[2,2048,1]{2,1,0}, f32[2,2048,1]{2,1,0}, f32[2,2048,5120]{2,1,0}, f32[2,2048,5120]{2,1,0}, f16[2,2048,20480]{2,1,0}, /*index=855*/f32[2,2048,20480]{2,1,0}, f32[2,2048,20480]{2,1,0}, f32[2,2048,20480]{2,1,0}, f16[2,2048,5120]{2,1,0}, f32[2,2048,5120]{2,1,0}, /*index=860*/f16[2,2048,1]{2,1,0}, f16[1,1,5120]{2,1,0}, f32[2,2048,1]{2,1,0}, f32[2,2048,1]{2,1,0}, f32[2,2048,5120]{2,1,0}, /*index=865*/f32[2,2048,5120]{2,1,0}, f16[2,2048,5120]{2,1,0}, f16[2,2048,40,128]{3,2,1,0}, f16[2,40,2048,1]{3,2,1,0}, f16[2,40,2048,2048]{3,2,1,0}, /*index=870*/f16[2,40,2048,1]{3,2,1,0}, f16[2,2048,40,128]{3,2,1,0}, f16[2,2048,40,128]{3,2,1,0}, f16[], f16[2,40,2048,2048]{3,2,1,0}, /*index=875*/f16[2,2048,5120]{2,1,0}, f32[2,2048,5120]{2,1,0}, f16[2,2048,1]{2,1,0}, f16[1,1,5120]{2,1,0}, f32[2,2048,1]{2,1,0}, /*index=880*/f32[2,2048,1]{2,1,0}, f32[2,2048,5120]{2,1,0}, f32[2,2048,5120]{2,1,0}, f16[2,2048,20480]{2,1,0}, f32[2,2048,20480]{2,1,0}, /*index=885*/f32[2,2048,20480]{2,1,0}, f32[2,2048,20480]{2,1,0}, f16[2,2048,5120]{2,1,0}, f32[2,2048,5120]{2,1,0}, f16[2,2048,1]{2,1,0}, /*index=890*/f16[1,1,5120]{2,1,0}, f32[2,2048,1]{2,1,0}, f32[2,2048,1]{2,1,0}, f32[2,2048,5120]{2,1,0}, f32[2,2048,5120]{2,1,0}, /*index=895*/f16[2,2048,5120]{2,1,0}, f16[2,2048,40,128]{3,2,1,0}, f16[2,40,2048,1]{3,2,1,0}, f16[2,40,2048,2048]{3,2,1,0}, f16[2,40,2048,1]{3,2,1,0}, /*index=900*/f16[2,2048,40,128]{3,2,1,0}, f16[2,2048,40,128]{3,2,1,0}, f16[], f16[2,40,2048,2048]{3,2,1,0}, f16[2,2048,5120]{2,1,0}, /*index=905*/f32[2,2048,5120]{2,1,0}, f16[2,2048,1]{2,1,0}, f16[1,1,5120]{2,1,0}, f32[2,2048,1]{2,1,0}, f32[2,2048,1]{2,1,0}, /*index=910*/f32[2,2048,5120]{2,1,0}, f32[2,2048,5120]{2,1,0}, f16[2,2048,20480]{2,1,0}, f32[2,2048,20480]{2,1,0}, f32[2,2048,20480]{2,1,0}, /*index=915*/f32[2,2048,20480]{2,1,0}, f16[2,2048,5120]{2,1,0}, f32[2,2048,5120]{2,1,0}, f16[2,2048,1]{2,1,0}, f16[1,1,5120]{2,1,0}, /*index=920*/f32[2,2048,1]{2,1,0}, f32[2,2048,1]{2,1,0}, f32[2,2048,5120]{2,1,0}, f32[2,2048,5120]{2,1,0}, f16[2,2048,5120]{2,1,0}, /*index=925*/f16[2,2048,40,128]{3,2,1,0}, f16[2,40,2048,1]{3,2,1,0}, f16[2,40,2048,2048]{3,2,1,0}, f16[2,40,2048,1]{3,2,1,0}, f16[2,2048,40,128]{3,2,1,0}, /*index=930*/f16[2,2048,40,128]{3,2,1,0}, f16[], f16[2,40,2048,2048]{3,2,1,0}, f16[2,2048,5120]{2,1,0}, f32[2,2048,5120]{2,1,0}, /*index=935*/f16[2,2048,1]{2,1,0}, f16[1,1,5120]{2,1,0}, f32[2,2048,1]{2,1,0}, f32[2,2048,1]{2,1,0}, f32[2,2048,5120]{2,1,0}, /*index=940*/f32[2,2048,5120]{2,1,0}, f16[2,2048,20480]{2,1,0}, f32[2,2048,20480]{2,1,0}, f32[2,2048,20480]{2,1,0}, f32[2,2048,20480]{2,1,0}, /*index=945*/f16[2,2048,5120]{2,1,0}, f32[2,2048,5120]{2,1,0}, f16[2,2048,1]{2,1,0}, f16[1,1,5120]{2,1,0}, f32[2,2048,1]{2,1,0}, /*index=950*/f32[2,2048,1]{2,1,0}, f32[2,2048,5120]{2,1,0}, f32[2,2048,5120]{2,1,0}, f16[2,2048,5120]{2,1,0}, f16[2,2048,40,128]{3,2,1,0}, /*index=955*/f16[2,40,2048,1]{3,2,1,0}, f16[2,40,2048,2048]{3,2,1,0}, f16[2,40,2048,1]{3,2,1,0}, f16[2,2048,40,128]{3,2,1,0}, f16[2,2048,40,128]{3,2,1,0}, /*index=960*/f16[], f16[2,40,2048,2048]{3,2,1,0}, f16[2,2048,5120]{2,1,0}, f32[2,2048,5120]{2,1,0}, f16[2,2048,1]{2,1,0}, /*index=965*/f16[1,1,5120]{2,1,0}, f32[2,2048,1]{2,1,0}, f32[2,2048,1]{2,1,0}, f32[2,2048,5120]{2,1,0}, f32[2,2048,5120]{2,1,0}, /*index=970*/f16[2,2048,20480]{2,1,0}, f32[2,2048,20480]{2,1,0}, f32[2,2048,20480]{2,1,0}, f32[2,2048,20480]{2,1,0}, f16[2,2048,5120]{2,1,0}, /*index=975*/f32[2,2048,5120]{2,1,0}, f16[2,2048,1]{2,1,0}, f16[1,1,5120]{2,1,0}, f32[2,2048,1]{2,1,0}, f32[2,2048,1]{2,1,0}, /*index=980*/f32[2,2048,5120]{2,1,0}, f32[2,2048,5120]{2,1,0}, f16[2,2048,5120]{2,1,0}, f16[2,2048,40,128]{3,2,1,0}, f16[2,40,2048,1]{3,2,1,0}, /*index=985*/f16[2,40,2048,2048]{3,2,1,0}, f16[2,40,2048,1]{3,2,1,0}, f16[2,2048,40,128]{3,2,1,0}, f16[2,2048,40,128]{3,2,1,0}, f16[], /*index=990*/f16[2,40,2048,2048]{3,2,1,0}, f16[2,2048,5120]{2,1,0}, f32[2,2048,5120]{2,1,0}, f16[2,2048,1]{2,1,0}, f16[1,1,5120]{2,1,0}, /*index=995*/f32[2,2048,1]{2,1,0}, f32[2,2048,1]{2,1,0}, f32[2,2048,5120]{2,1,0}, f32[2,2048,5120]{2,1,0}, f16[2,2048,20480]{2,1,0}, /*index=1000*/f32[2,2048,20480]{2,1,0}, f32[2,2048,20480]{2,1,0}, f32[2,2048,20480]{2,1,0}, f16[2,2048,5120]{2,1,0}, f32[2,2048,5120]{2,1,0}, /*index=1005*/f16[2,2048,1]{2,1,0}, f16[1,1,5120]{2,1,0}, f32[2,2048,1]{2,1,0}, f32[2,2048,1]{2,1,0}, f32[2,2048,5120]{2,1,0}, /*index=1010*/f32[2,2048,5120]{2,1,0}, f16[2,2048,5120]{2,1,0}, f16[2,2048,40,128]{3,2,1,0}, f16[2,40,2048,1]{3,2,1,0}, f16[2,40,2048,2048]{3,2,1,0}, /*index=1015*/f16[2,40,2048,1]{3,2,1,0}, f16[2,2048,40,128]{3,2,1,0}, f16[2,2048,40,128]{3,2,1,0}, f16[], f16[2,40,2048,2048]{3,2,1,0}, /*index=1020*/f16[2,2048,5120]{2,1,0}, f32[2,2048,5120]{2,1,0}, f16[2,2048,1]{2,1,0}, f16[1,1,5120]{2,1,0}, f32[2,2048,1]{2,1,0}, /*index=1025*/f32[2,2048,1]{2,1,0}, f32[2,2048,5120]{2,1,0}, f32[2,2048,5120]{2,1,0}, f16[2,2048,20480]{2,1,0}, f32[2,2048,20480]{2,1,0}, /*index=1030*/f32[2,2048,20480]{2,1,0}, f32[2,2048,20480]{2,1,0}, f16[2,2048,5120]{2,1,0}, f32[2,2048,5120]{2,1,0}, f16[2,2048,1]{2,1,0}, /*index=1035*/f16[1,1,5120]{2,1,0}, f32[2,2048,1]{2,1,0}, f32[2,2048,1]{2,1,0}, f32[2,2048,5120]{2,1,0}, f32[2,2048,5120]{2,1,0}, /*index=1040*/f16[2,2048,5120]{2,1,0}, f16[2,2048,40,128]{3,2,1,0}, f16[2,40,2048,1]{3,2,1,0}, f16[2,40,2048,2048]{3,2,1,0}, f16[2,40,2048,1]{3,2,1,0}, /*index=1045*/f16[2,2048,40,128]{3,2,1,0}, f16[2,2048,40,128]{3,2,1,0}, f16[], f16[2,40,2048,2048]{3,2,1,0}, f16[2,2048,5120]{2,1,0}, /*index=1050*/f32[2,2048,5120]{2,1,0}, f16[2,2048,1]{2,1,0}, f16[1,1,5120]{2,1,0}, f32[2,2048,1]{2,1,0}, f32[2,2048,1]{2,1,0}, /*index=1055*/f32[2,2048,5120]{2,1,0}, f32[2,2048,5120]{2,1,0}, f16[2,2048,20480]{2,1,0}, f32[2,2048,20480]{2,1,0}, f32[2,2048,20480]{2,1,0}, /*index=1060*/f32[2,2048,20480]{2,1,0}, f16[2,2048,5120]{2,1,0}, f32[2,2048,5120]{2,1,0}, f16[2,2048,1]{2,1,0}, f16[1,1,5120]{2,1,0}, /*index=1065*/f32[2,2048,1]{2,1,0}, f32[2,2048,1]{2,1,0}, f32[2,2048,5120]{2,1,0}, f32[2,2048,5120]{2,1,0}, f16[2,2048,5120]{2,1,0}, /*index=1070*/f16[2,2048,40,128]{3,2,1,0}, f16[2,40,2048,1]{3,2,1,0}, f16[2,40,2048,2048]{3,2,1,0}, f16[2,40,2048,1]{3,2,1,0}, f16[2,2048,40,128]{3,2,1,0}, /*index=1075*/f16[2,2048,40,128]{3,2,1,0}, f16[], f16[2,40,2048,2048]{3,2,1,0}, f16[2,2048,5120]{2,1,0}, f32[2,2048,5120]{2,1,0}, /*index=1080*/f16[2,2048,1]{2,1,0}, f16[1,1,5120]{2,1,0}, f32[2,2048,1]{2,1,0}, f32[2,2048,1]{2,1,0}, f32[2,2048,5120]{2,1,0}, /*index=1085*/f32[2,2048,5120]{2,1,0}, f16[2,2048,20480]{2,1,0}, f32[2,2048,20480]{2,1,0}, f32[2,2048,20480]{2,1,0}, f32[2,2048,20480]{2,1,0}, /*index=1090*/f16[2,2048,5120]{2,1,0}, f32[2,2048,5120]{2,1,0}, f16[2,2048,1]{2,1,0}, f16[1,1,5120]{2,1,0}, f32[2,2048,1]{2,1,0}, /*index=1095*/f32[2,2048,1]{2,1,0}, f32[2,2048,5120]{2,1,0}, f32[2,2048,5120]{2,1,0}, f16[2,2048,5120]{2,1,0}, f16[2,2048,40,128]{3,2,1,0}, /*index=1100*/f16[2,40,2048,1]{3,2,1,0}, f16[2,40,2048,2048]{3,2,1,0}, f16[2,40,2048,1]{3,2,1,0}, f16[2,2048,40,128]{3,2,1,0}, f16[2,2048,40,128]{3,2,1,0}, /*index=1105*/f16[], f16[2,40,2048,2048]{3,2,1,0}, f16[2,2048,5120]{2,1,0}, f32[2,2048,5120]{2,1,0}, f16[2,2048,1]{2,1,0}, /*index=1110*/f16[1,1,5120]{2,1,0}, f32[2,2048,1]{2,1,0}, f32[2,2048,1]{2,1,0}, f32[2,2048,5120]{2,1,0}, f32[2,2048,5120]{2,1,0}, /*index=1115*/f16[2,2048,20480]{2,1,0}, f32[2,2048,20480]{2,1,0}, f32[2,2048,20480]{2,1,0}, f32[2,2048,20480]{2,1,0}, f16[2,2048,5120]{2,1,0}, /*index=1120*/f32[2,2048,5120]{2,1,0}, f16[2,2048,1]{2,1,0}, f16[1,1,5120]{2,1,0}, f32[2,2048,1]{2,1,0}, f32[2,2048,1]{2,1,0}, /*index=1125*/f32[2,2048,5120]{2,1,0}, f32[2,2048,5120]{2,1,0}, f16[2,2048,5120]{2,1,0}, f16[2,2048,40,128]{3,2,1,0}, f16[2,40,2048,1]{3,2,1,0}, /*index=1130*/f16[2,40,2048,2048]{3,2,1,0}, f16[2,40,2048,1]{3,2,1,0}, f16[2,2048,40,128]{3,2,1,0}, f16[2,2048,40,128]{3,2,1,0}, f16[], /*index=1135*/f16[2,40,2048,2048]{3,2,1,0}, f16[2,2048,5120]{2,1,0}, f32[2,2048,5120]{2,1,0}, f16[2,2048,1]{2,1,0}, f16[1,1,5120]{2,1,0}, /*index=1140*/f32[2,2048,1]{2,1,0}, f32[2,2048,1]{2,1,0}, f32[2,2048,5120]{2,1,0}, f32[2,2048,5120]{2,1,0}, f16[2,2048,20480]{2,1,0}, /*index=1145*/f32[2,2048,20480]{2,1,0}, f32[2,2048,20480]{2,1,0}, f32[2,2048,20480]{2,1,0}, f16[2,2048,5120]{2,1,0}, f32[2,2048,5120]{2,1,0}, /*index=1150*/f16[2,2048,1]{2,1,0}, f16[1,1,5120]{2,1,0}, f32[2,2048,1]{2,1,0}, f32[2,2048,1]{2,1,0}, f32[2,2048,5120]{2,1,0}, /*index=1155*/f32[2,2048,5120]{2,1,0}, f16[2,2048,5120]{2,1,0}, f16[2,2048,40,128]{3,2,1,0}, f16[2,40,2048,1]{3,2,1,0}, f16[2,40,2048,2048]{3,2,1,0}, /*index=1160*/f16[2,40,2048,1]{3,2,1,0}, f16[2,2048,40,128]{3,2,1,0}, f16[2,2048,40,128]{3,2,1,0}, f16[], f16[2,40,2048,2048]{3,2,1,0}, /*index=1165*/f16[2,2048,5120]{2,1,0}, f32[2,2048,5120]{2,1,0}, f16[2,2048,1]{2,1,0}, f16[1,1,5120]{2,1,0}, f32[2,2048,1]{2,1,0}, /*index=1170*/f32[2,2048,1]{2,1,0}, f32[2,2048,5120]{2,1,0}, f32[2,2048,5120]{2,1,0}, f16[2,2048,512]{2,1,0}, f16[2,2048,51200]{2,1,0}) %custom-call.0), index=33 does not have any valid strategies.
[2m[36m(CompileWorker pid=25631, ip=33.255.171.49)[0m *** SIGABRT received at time=1778830957 on cpu 81 ***
[2m[36m(CompileWorker pid=25631, ip=33.255.171.49)[0m PC: @     0x7ffb879df18b  (unknown)  raise
[2m[36m(CompileWorker pid=25631, ip=33.255.171.49)[0m     @     0x7ffb879df210  (unknown)  (unknown)
[2m[36m(CompileWorker pid=25631, ip=33.255.171.49)[0m     @     0x7fcc879f4921       9632  xla::spmd::BuildStrategyAndCost()
[2m[36m(CompileWorker pid=25631, ip=33.255.171.49)[0m     @     0x7fcc879f91e7       2288  xla::spmd::AutoSharding::Run()
[2m[36m(CompileWorker pid=25631, ip=33.255.171.49)[0m     @     0x7fcc8a3f1afa        816  xla::HloPassPipeline::RunPassesInternal<>()
[2m[36m(CompileWorker pid=25631, ip=33.255.171.49)[0m     @     0x7fcc8a3f283f        432  xla::HloPassPipeline::Run()
[2m[36m(CompileWorker pid=25631, ip=33.255.171.49)[0m     @     0x7fcc86b4b758       3200  xla::spmd::RunAutoShardingPass()
[2m[36m(CompileWorker pid=25631, ip=33.255.171.49)[0m     @     0x7fcc86b1ca8e        160  pybind11::cpp_function::initialize<>()::{lambda()#3}::_FUN()
[2m[36m(CompileWorker pid=25631, ip=33.255.171.49)[0m     @     0x7fcc868ccd3b        608  pybind11::cpp_function::dispatcher()
[2m[36m(CompileWorker pid=25631, ip=33.255.171.49)[0m     @           0x5f5e79  (unknown)  PyCFunction_Call
[2m[36m(CompileWorker pid=25631, ip=33.255.171.49)[0m     @           0x903b00  (unknown)  (unknown)
[2m[36m(CompileWorker pid=25631, ip=33.255.171.49)[0m [2026-05-15 07:42:37,898 E 25631 25631] logging.cc:325: *** SIGABRT received at time=1778830957 on cpu 81 ***
[2m[36m(CompileWorker pid=25631, ip=33.255.171.49)[0m [2026-05-15 07:42:37,898 E 25631 25631] logging.cc:325: PC: @     0x7ffb879df18b  (unknown)  raise
[2m[36m(CompileWorker pid=25631, ip=33.255.171.49)[0m [2026-05-15 07:42:37,899 E 25631 25631] logging.cc:325:     @     0x7ffb879df210  (unknown)  (unknown)
[2m[36m(CompileWorker pid=25631, ip=33.255.171.49)[0m [2026-05-15 07:42:37,899 E 25631 25631] logging.cc:325:     @     0x7fcc879f4921       9632  xla::spmd::BuildStrategyAndCost()
[2m[36m(CompileWorker pid=25631, ip=33.255.171.49)[0m [2026-05-15 07:42:37,899 E 25631 25631] logging.cc:325:     @     0x7fcc879f91e7       2288  xla::spmd::AutoSharding::Run()
[2m[36m(CompileWorker pid=25631, ip=33.255.171.49)[0m [2026-05-15 07:42:37,899 E 25631 25631] logging.cc:325:     @     0x7fcc8a3f1afa        816  xla::HloPassPipeline::RunPassesInternal<>()
[2m[36m(CompileWorker pid=25631, ip=33.255.171.49)[0m [2026-05-15 07:42:37,899 E 25631 25631] logging.cc:325:     @     0x7fcc8a3f283f        432  xla::HloPassPipeline::Run()
[2m[36m(CompileWorker pid=25631, ip=33.255.171.49)[0m [2026-05-15 07:42:37,899 E 25631 25631] logging.cc:325:     @     0x7fcc86b4b758       3200  xla::spmd::RunAutoShardingPass()
[2m[36m(CompileWorker pid=25631, ip=33.255.171.49)[0m [2026-05-15 07:42:37,899 E 25631 25631] logging.cc:325:     @     0x7fcc86b1ca8e        160  pybind11::cpp_function::initialize<>()::{lambda()#3}::_FUN()
[2m[36m(CompileWorker pid=25631, ip=33.255.171.49)[0m [2026-05-15 07:42:37,899 E 25631 25631] logging.cc:325:     @     0x7fcc868ccd3b        608  pybind11::cpp_function::dispatcher()
[2m[36m(CompileWorker pid=25631, ip=33.255.171.49)[0m [2026-05-15 07:42:37,899 E 25631 25631] logging.cc:325:     @           0x5f5e79  (unknown)  PyCFunction_Call
[2m[36m(CompileWorker pid=25631, ip=33.255.171.49)[0m [2026-05-15 07:42:37,900 E 25631 25631] logging.cc:325:     @           0x903b00  (unknown)  (unknown)
[2m[36m(CompileWorker pid=25631, ip=33.255.171.49)[0m Fatal Python error: Aborted
[2m[36m(CompileWorker pid=25631, ip=33.255.171.49)[0m 
[2m[36m(CompileWorker pid=25631, ip=33.255.171.49)[0m Stack (most recent call first):
[2m[36m(CompileWorker pid=25631, ip=33.255.171.49)[0m   File "/usr/local/lib/python3.8/dist-packages/alpa/shard_parallel/auto_sharding.py", line 357 in run_auto_sharding_pass
[2m[36m(CompileWorker pid=25631, ip=33.255.171.49)[0m   File "/usr/local/lib/python3.8/dist-packages/alpa/pipeline_parallel/stage_profiling.py", line 162 in compile_stage_for_profiling
[2m[36m(CompileWorker pid=25631, ip=33.255.171.49)[0m   File "/usr/local/lib/python3.8/dist-packages/ray/util/tracing/tracing_helper.py", line 462 in _resume_span
[2m[36m(CompileWorker pid=25631, ip=33.255.171.49)[0m   File "/usr/local/lib/python3.8/dist-packages/ray/_private/function_manager.py", line 675 in actor_method_executor
[2m[36m(CompileWorker pid=25631, ip=33.255.171.49)[0m   File "/usr/local/lib/python3.8/dist-packages/ray/worker.py", line 451 in main_loop
[2m[36m(CompileWorker pid=25631, ip=33.255.171.49)[0m   File "/usr/local/lib/python3.8/dist-packages/ray/workers/default_worker.py", line 238 in <module>
2026-05-15 07:49:53,120	WARNING worker.py:1404 -- A worker died or was killed while executing a task by an unexpected system error. To troubleshoot the problem, check the logs for the dead worker. RayTask ID: ffffffffffffffffd39e518b6700e789a7365de80a000000 Worker ID: 5bac16340e4168c896ae41397e9b2f86149d272c2bb80dda1b08475f Node ID: 3684fabb0b9bb34026a85de8a7daf5d49403dcc0f2de9bc8ec2ac3d4 Worker IP address: 33.255.171.49 Worker port: 10021 Worker PID: 25631
WARNING:alpa.pipeline_parallel.stage_profiling:A Compile worker died unexpectedly: The actor died unexpectedly before finishing this task.
	class_name: CompileWorker
	actor_id: d39e518b6700e789a7365de80a000000
	pid: 25631
	namespace: 6f150685-56f9-4c30-968e-f65421978738
	ip: 33.255.171.49
The actor is dead because its worker process has died. Worker exit type: SYSTEM_ERROR_EXIT
- Profile all stages
Traceback (most recent call last):
  File "benchmark_3d_one_case.py", line 92, in <module>
    benchmark_one_case(args.model,
  File "benchmark_3d_one_case.py", line 37, in benchmark_one_case
    result = benchmark_gpt_bert_internal(model, case, niter, num_hosts,
  File "/home/liminglong.lml/sxz/SuperScaler/external/alpa/benchmark_3d_one_case_gpt_bert.py", line 290, in benchmark_gpt_bert_internal
    executable = train_step.get_executable(state, batch, rngkey)
  File "/usr/local/lib/python3.8/dist-packages/alpa/api.py", line 110, in get_executable
    executable, _, _, _ = self._decode_args_and_get_executable(*args)
  File "/usr/local/lib/python3.8/dist-packages/alpa/api.py", line 174, in _decode_args_and_get_executable
    executable = _compile_parallel_executable(f, in_tree, out_tree_hashable,
  File "/usr/local/lib/python3.8/dist-packages/jax/linear_util.py", line 272, in memoized_fun
    ans = call(fun, *args)
  File "/usr/local/lib/python3.8/dist-packages/alpa/api.py", line 201, in _compile_parallel_executable
    return method.compile_executable(fun, in_tree, out_tree_thunk,
  File "/usr/local/lib/python3.8/dist-packages/alpa/parallel_method.py", line 220, in compile_executable
    return compile_pipeshard_executable(
  File "/usr/local/lib/python3.8/dist-packages/alpa/pipeline_parallel/compile_executable.py", line 76, in compile_pipeshard_executable
    pipeshard_config = compile_pipeshard_executable_internal(
  File "/usr/local/lib/python3.8/dist-packages/alpa/pipeline_parallel/compile_executable.py", line 150, in compile_pipeshard_executable_internal
    manual_stage_option) = cluster_layers_and_slice_mesh(
  File "/usr/local/lib/python3.8/dist-packages/alpa/pipeline_parallel/stage_construction.py", line 608, in cluster_layers_and_slice_mesh
    compute_cost, max_n_succ_stages = get_compute_cost(
  File "/usr/local/lib/python3.8/dist-packages/alpa/pipeline_parallel/stage_construction.py", line 476, in get_compute_cost
    mesh_profiled) = distributed_profile_on_mesh(
  File "/usr/local/lib/python3.8/dist-packages/alpa/pipeline_parallel/stage_construction.py", line 370, in distributed_profile_on_mesh
    is_profiled) = profile_all(stages, compiled_outputs, meshes, num_layers,
  File "/usr/local/lib/python3.8/dist-packages/alpa/pipeline_parallel/stage_profiling.py", line 479, in profile_all
    prof_result = prof_database.query("default", meshes[0].shape)
  File "/usr/local/lib/python3.8/dist-packages/alpa/mesh_profiling.py", line 171, in query
    return self.data[key]
KeyError: ('default', (4, 8))
[DEBUG] latencies = [-1]
Type: gpt  Model Config: (1024, 2048, 5120, 40, 40)  #Microbatch: 512  #GPU: 32  Parallel Config: (True, False, 16, {'submesh_physical_shape_space': 'small_power_of_two', 'submesh_logical_shape_space': 'all', 'stage_imbalance_tolerance': 1.0, 'use_hlo_cost_model': True, 'profiling_database_filename': 'prof_database.pkl'})  Mean Time: -1.000s  Std Time: 0.000  #Params: -0.000B  TFLOPs: -1.00  TFLOPs (ckpt): -1.00  Peak Mem: -0.000G  Compilation Time: None  Global Batch Size: 1024  
