/usr/local/lib/python3.8/dist-packages/torch/distributed/launch.py:178: FutureWarning: The module torch.distributed.launch is deprecated
and will be removed in future. Use torchrun.
Note that --use_env is set by default in torchrun.
If your script expects `--local_rank` argument to be set, please
change it to read from `os.environ['LOCAL_RANK']` instead. See 
https://pytorch.org/docs/stable/distributed.html#launch-utility for 
further instructions

  warnings.warn(
WARNING:torch.distributed.run:
*****************************************
Setting OMP_NUM_THREADS environment variable for each process to be 1 in default, to avoid your system being overloaded, please further tune the variable for optimal performance in your application as needed. 
*****************************************
[W socket.cpp:401] [c10d] The server socket cannot be initialized on [::]:7000 (errno: 97 - Address family not supported by protocol).
[W socket.cpp:558] [c10d] The client socket cannot be initialized to connect to [::ffff:127.0.0.1]:7000 (errno: 97 - Address family not supported by protocol).
[W socket.cpp:558] [c10d] The client socket cannot be initialized to connect to [localhost]:7000 (errno: 97 - Address family not supported by protocol).
[W socket.cpp:558] [c10d] The client socket cannot be initialized to connect to [::ffff:127.0.0.1]:7000 (errno: 97 - Address family not supported by protocol).
[W socket.cpp:558] [c10d] The client socket cannot be initialized to connect to [::ffff:127.0.0.1]:7000 (errno: 97 - Address family not supported by protocol).
[FlexPipe] using world size: 8, data-parallel-size: [[1, 1, 1, 1, 1, 1, 1, 1, 1, 1, 1, 1, 1, 1, 1, 1, 1, 1, 1, 1, 1, 1, 1, 1, 1, 1, 1, 1, 1, 1, 1, 1, 1, 1, 1, 1, 1, 1, 1, 1, 1, 1, 1, 1, 1, 1, 1, 1, 1, 1, 1, 1, 1, 1, 1, 1, 1, 1, 1, 1, 1, 1, 1, 1, 1, 1, 1, 1, 1, 1, 1, 1, 1, 1, 1, 1, 1, 1, 1, 1, 1, 1, 1, 1, 1, 1, 1, 1, 1, 1, 1, 1, 1, 1, 1, 1, 1, 1, 1, 1, 1, 1, 1, 1, 1, 1, 1, 1, 1, 1, 1, 1, 1, 1, 1, 1, 1, 1, 1, 1, 1, 1, 1, 1, 1, 1, 1, 1, 1, 1, 1, 1, 1, 1, 1, 1, 1, 1, 1, 1, 1, 1, 1, 1, 1, 1, 1, 1, 1, 1, 1, 1, 1, 1, 1, 1, 1, 1, 1, 1, 1, 1, 1, 1, 1, 1, 1, 1, 1, 1, 1, 1, 1, 1, 1, 1, 1, 1, 1, 1, 1, 1, 1, 1, 1, 1, 1, 1, 1, 1, 1, 1, 1, 1, 1, 1, 1, 1, 1, 1, 1, 1, 1, 1, 1, 1, 1, 1, 1, 1, 1, 1, 1, 1, 1, 1, 1, 1, 1, 1, 1, 1, 1, 1, 1, 1, 1, 1, 1, 1, 1, 1, 1, 1, 1, 1, 1, 1, 1, 1, 1, 1, 1, 1, 1, 1, 1, 1, 1, 1, 1, 1, 1, 1, 1, 1, 1, 1, 1, 1, 1, 1, 1, 1, 1, 1, 1, 1, 1, 1, 1, 1, 1, 1, 1, 1, 1, 1, 1, 1, 1, 1, 1, 1, 1, 1, 1, 1, 1, 1, 1, 1, 1, 1, 1, 1, 1, 1, 1, 1, 1, 1, 1, 1, 1, 1, 1, 1, 1, 1, 1, 1, 1, 1, 1, 1, 1, 1, 1, 1, 1, 1, 1, 1, 1, 1, 1, 1, 1, 1, 1, 1, 1, 1, 1, 1, 1, 1, 1, 1, 1, 1, 1, 1, 1, 1, 1, 1, 1, 1, 1, 1, 1, 1, 1, 1, 1, 1, 1, 1, 1, 1, 1, 1, 1, 1, 1, 1, 1, 1, 1, 1, 1, 1, 1, 1, 1, 1, 1, 1, 1, 1, 1, 1, 1, 1, 1, 1, 1, 1, 1, 1, 1, 1, 1, 1, 1, 1, 1, 1, 1, 1, 1, 1, 1, 1, 1, 1, 1, 1, 1, 1, 1, 1, 1, 1, 1, 1, 1, 1, 1, 1, 1, 1, 1, 1, 1, 1, 1, 1, 1, 1, 1, 1, 1, 1, 1, 1, 1, 1, 1, 1, 1, 1, 1, 1, 1, 1, 1, 1, 1, 1, 1, 1, 1, 1, 1, 1, 1, 1, 1, 1, 1, 1, 1, 1, 1, 1, 1, 1, 1, 1, 1, 1, 1, 1, 1, 1, 1, 1, 1, 1, 1, 1, 1, 1, 1, 1, 1, 1, 1, 1, 1, 1, 1, 1, 1, 1, 1, 1, 1, 1, 1, 1, 1, 1, 1, 1, 1, 1, 1, 1, 1, 1, 1, 1, 1, 1, 1, 1, 1, 1, 1, 1, 1, 1, 1, 1, 1, 1, 1, 1, 1, 1, 1, 1, 1, 1, 1, 1, 1, 1, 1, 1, 1, 1, 1, 1, 1, 1, 1, 1, 1, 1, 1, 1, 1, 1, 1, 1, 1, 1, 1, 1, 1, 1, 1, 1, 1, 1, 1, 1, 1, 1, 1, 1, 1, 1, 1, 1, 1, 1, 1, 1, 1, 1, 1, 1, 1, 1, 1, 1, 1, 1, 1, 1, 1, 1, 1, 1, 1, 1, 1, 1, 1, 1, 1, 1, 1, 1, 1, 1, 1, 1, 1, 1, 1, 1, 1, 1, 1, 1, 1, 1, 1, 1, 1, 1, 1, 1, 1, 1, 1, 1, 1, 1, 1, 1, 1, 1, 1, 1, 1, 1, 1, 1, 1, 1, 1, 1, 1, 1, 1, 1, 1, 1, 1, 1, 1, 1, 1, 1, 1, 1, 1, 1, 1, 1, 1, 1, 1, 1, 1, 1, 1, 1, 1, 1, 1, 1, 1, 1, 1, 1, 1, 1, 1, 1, 1, 1, 1, 1, 1, 1, 1, 1, 1, 1, 1, 1, 1, 1, 1, 1, 1, 1, 1, 1, 1, 1, 1, 1, 1, 1, 1, 1, 1, 1, 1, 1, 1, 1, 1, 1, 1, 1, 1, 1, 1, 1, 1, 1, 1, 1, 1, 1, 1, 1, 1, 1, 1, 1, 1, 1, 1, 1, 1, 1, 1, 1, 1, 1, 1, 1, 1, 1, 1, 1, 1, 1, 1, 1, 1, 1, 1, 1, 1, 1, 1, 1, 1, 1, 1, 1, 1, 1, 1, 1, 1, 1, 1, 1, 1, 1, 1, 1, 1, 1, 1, 1, 1, 1, 1, 1, 1, 1, 1, 1, 1, 1, 1, 1, 1, 1, 1, 1, 1, 1, 1, 1, 1, 1, 1, 1, 1, 1, 1, 1, 1, 1, 1, 1, 1, 1, 1, 1, 1, 1, 1, 1, 1, 1, 1, 1, 1, 1, 1, 1, 1, 1, 1, 1, 1, 1, 1, 1, 1, 1, 1, 1, 1, 1, 1, 1, 1, 1, 1, 1, 1, 1, 1, 1, 1, 1, 1, 1, 1, 1, 1, 1, 1, 1, 1, 1, 1, 1, 1, 1, 1, 1, 1, 1, 1, 1, 1, 1, 1, 1, 1, 1, 1, 1, 1, 1, 1, 1, 1, 1, 1, 1, 1, 1, 1, 1, 1, 1, 1, 1, 1, 1, 1, 1, 1, 1, 1, 1, 1, 1, 1, 1, 1, 1, 1, 1, 1, 1, 1, 1, 1, 1, 1, 1, 1, 1, 1, 1, 1, 1, 1, 1, 1, 1, 1, 1, 1, 1, 1, 1, 1, 1, 1, 1, 1, 1, 1, 1, 1, 1, 1, 1, 1, 1, 1, 1, 1, 1, 1, 1, 1, 1, 1, 1, 1, 1, 1, 1, 1, 1, 1, 1, 1, 1, 1, 1, 1, 1, 1, 1, 1, 1, 1, 1, 1, 1, 1, 1, 1, 1, 1, 1, 1, 1, 1, 1, 1, 1, 1, 1, 1, 1, 1, 1, 1, 1, 1, 1, 1, 1, 1, 1, 1, 1, 1, 1, 1, 1, 1, 1, 1, 1, 1, 1, 1, 1, 1, 1, 1, 1, 1, 1, 1, 1, 1, 1, 1, 1, 1, 1, 1, 1, 1, 1, 1, 1, 1, 1, 1, 1, 1, 1, 1, 1, 1, 1, 1, 1, 1, 1, 1, 1, 1, 1, 1, 1, 1, 1, 1, 1, 1, 1, 1, 1, 1, 1, 1, 1, 1, 1, 1, 1, 1, 1, 1, 1, 1, 1, 1, 1, 1, 1, 1, 1, 1, 1, 1, 1, 1, 1, 1, 1, 1, 1, 1, 1, 1, 1, 1, 1, 1, 1, 1, 1, 1, 1, 1, 1, 1, 1, 1, 1, 1, 1, 1, 1, 1, 1, 1, 1, 1, 1, 1, 1, 1, 1, 1, 1, 1, 1, 1, 1, 1, 1, 1, 1, 1, 1, 1, 1, 1, 1, 1, 1, 1, 1, 1, 1, 1, 1, 1, 1, 1, 1, 1, 1, 1, 1, 1, 1, 1, 1, 1, 1, 1, 1, 1, 1, 1, 1, 1, 1, 1, 1, 1, 1, 1, 1, 1, 1, 1, 1, 1, 1, 1, 1, 1, 1, 1, 1, 1, 1, 1, 1, 1, 1, 1, 1, 1, 1, 1, 1, 1, 1, 1, 1, 1, 1, 1, 1, 1, 1, 1, 1, 1, 1, 1, 1, 1, 1, 1, 1, 1, 1, 1, 1, 1, 1, 1, 1, 1, 1, 1, 1, 1, 1, 1, 1, 1, 1, 1, 1, 1, 1, 1, 1, 1, 1, 1, 1, 1, 1, 1, 1, 1, 1, 1, 1, 1, 1, 1, 1, 1, 1, 1, 1, 1, 1, 1, 1, 1, 1, 1, 1, 1, 1, 1, 1, 1, 1, 1, 1, 1, 1, 1, 1, 1, 1, 1, 1, 1, 1, 1, 1, 1, 1, 1, 1, 1, 1, 1, 1, 1, 1, 1, 1, 1, 1, 1, 1, 1, 1, 1, 1, 1, 1, 1, 1, 1, 1, 1, 1, 1, 1, 1, 1, 1, 1, 1, 1, 1, 1, 1, 1, 1, 1, 1, 1, 1, 1, 1, 1, 1, 1, 1, 1, 1, 1, 1, 1, 1, 1, 1, 1, 1, 1, 1, 1, 1, 1, 1, 1, 1, 1, 1, 1, 1, 1, 1, 1, 1, 1, 1, 1, 1, 1, 1, 1, 1, 1, 1, 1, 1, 1, 1, 1, 1, 1, 1, 1, 1, 1, 1, 1, 1, 1, 1, 1, 1, 1, 1, 1, 1, 1, 1, 1, 1, 1, 1, 1, 1, 1, 1, 1, 1, 1, 1, 1, 1, 1, 1, 1, 1, 1, 1, 1, 1, 1, 1, 1, 1, 1, 1, 1, 1, 1, 1, 1, 1, 1, 1, 1, 1, 1, 1, 1, 1, 1, 1, 1, 1, 1, 1, 1, 1, 1, 1, 1, 1, 1, 1, 1, 1, 1, 1, 1, 1, 1, 1, 1, 1, 1, 1, 1, 1, 1, 1, 1, 1, 1, 1, 1, 1, 1, 1, 1, 1, 1, 1, 1, 1, 1, 1, 1, 1, 1, 1, 1, 1, 1, 1, 1, 1, 1, 1, 1, 1, 1, 1, 1, 1, 1, 1, 1, 1, 1, 1, 1, 1, 1, 1, 1, 1, 1, 1, 1, 1, 1, 1, 1, 1, 1, 1, 1, 1, 1, 1, 1, 1, 1, 1, 1, 1, 1, 1, 1, 1, 1, 1, 1, 1, 1, 1, 1, 1, 1, 1, 1, 1, 1, 1, 1, 1, 1, 1, 1, 1, 1, 1, 1, 1, 1, 1, 1, 1, 1, 1, 1, 1, 1, 1, 1, 1, 1, 1, 1, 1, 1, 1, 1, 1, 1, 1, 1, 1, 1, 1, 1, 1, 1, 1, 1, 1, 1, 1, 1, 1, 1, 1, 1, 1, 1, 1, 1, 1, 1, 1, 1, 1, 1, 1, 1, 1, 1, 1, 1, 1, 1, 1, 1, 1, 1, 1, 1, 1, 1, 1, 1, 1, 1, 1, 1, 1, 1], [1, 1, 1, 1, 1, 1, 1, 1, 1, 1, 1, 1, 1, 1, 1, 1, 1, 1, 1, 1, 1, 1, 1, 1, 1, 1, 1, 1, 1, 1, 1, 1, 1, 1, 1, 1, 1, 1, 1, 1, 1, 1, 1, 1, 1, 1, 1, 1, 1, 1, 1, 1, 1, 1, 1, 1, 1, 1, 1, 1, 1, 1, 1, 1, 1, 1, 1, 1, 1, 1, 1, 1, 1, 1, 1, 1, 1, 1, 1, 1, 1, 1, 1, 1, 1, 1, 1, 1, 1, 1, 1, 1, 1, 1, 1, 1, 1, 1, 1, 1, 1, 1, 1, 1, 1, 1, 1, 1, 1, 1, 1, 1, 1, 1, 1, 1, 1, 1, 1, 1, 1, 1, 1, 1, 1, 1, 1, 1, 1, 1, 1, 1, 1, 1, 1, 1, 1, 1, 1, 1, 1, 1, 1, 1, 1, 1, 1, 1, 1, 1, 1, 1, 1, 1, 1, 1, 1, 1, 1, 1, 1, 1, 1, 1, 1, 1, 1, 1, 1, 1, 1, 1, 1, 1, 1, 1, 1, 1, 1, 1, 1, 1, 1, 1, 1, 1, 1, 1, 1, 1, 1, 1, 1, 1, 1, 1, 1, 1, 1, 1, 1, 1, 1, 1, 1, 1, 1, 1, 1, 1, 1, 1, 1, 1, 1, 1, 1, 1, 1, 1, 1, 1, 1, 1, 1, 1, 1, 1, 1, 1, 1, 1, 1, 1, 1, 1, 1, 1, 1, 1, 1, 1, 1, 1, 1, 1, 1, 1, 1, 1, 1, 1, 1, 1, 1, 1, 1, 1, 1, 1, 1, 1, 1, 1, 1, 1, 1, 1, 1, 1, 1, 1, 1, 1, 1, 1, 1, 1, 1, 1, 1, 1, 1, 1, 1, 1, 1, 1, 1, 1, 1, 1, 1, 1, 1, 1, 1, 1, 1, 1, 1, 1, 1, 1, 1, 1, 1, 1, 1, 1, 1, 1, 1, 1, 1, 1, 1, 1, 1, 1, 1, 1, 1, 1, 1, 1, 1, 1, 1, 1, 1, 1, 1, 1, 1, 1, 1, 1, 1, 1, 1, 1, 1, 1, 1, 1, 1, 1, 1, 1, 1, 1, 1, 1, 1, 1, 1, 1, 1, 1, 1, 1, 1, 1, 1, 1, 1, 1, 1, 1, 1, 1, 1, 1, 1, 1, 1, 1, 1, 1, 1, 1, 1, 1, 1, 1, 1, 1, 1, 1, 1, 1, 1, 1, 1, 1, 1, 1, 1, 1, 1, 1, 1, 1, 1, 1, 1, 1, 1, 1, 1, 1, 1, 1, 1, 1, 1, 1, 1, 1, 1, 1, 1, 1, 1, 1, 1, 1, 1, 1, 1, 1, 1, 1, 1, 1, 1, 1, 1, 1, 1, 1, 1, 1, 1, 1, 1, 1, 1, 1, 1, 1, 1, 1, 1, 1, 1, 1, 1, 1, 1, 1, 1, 1, 1, 1, 1, 1, 1, 1, 1, 1, 1, 1, 1, 1, 1, 1, 1, 1, 1, 1, 1, 1, 1, 1, 1, 1, 1, 1, 1, 1, 1, 1, 1, 1, 1, 1, 1, 1, 1, 1, 1, 1, 1, 1, 1, 1, 1, 1, 1, 1, 1, 1, 1, 1, 1, 1, 1, 1, 1, 1, 1, 1, 1, 1, 1, 1, 1, 1, 1, 1, 1, 1, 1, 1, 1, 1, 1, 1, 1, 1, 1, 1, 1, 1, 1, 1, 1, 1, 1, 1, 1, 1, 1, 1, 1, 1, 1, 1, 1, 1, 1, 1, 1, 1, 1, 1, 1, 1, 1, 1, 1, 1, 1, 1, 1, 1, 1, 1, 1, 1, 1, 1, 1, 1, 1, 1, 1, 1, 1, 1, 1, 1, 1, 1, 1, 1, 1, 1, 1, 1, 1, 1, 1, 1, 1, 1, 1, 1, 1, 1, 1, 1, 1, 1, 1, 1, 1, 1, 1, 1, 1, 1, 1, 1, 1, 1, 1, 1, 1, 1, 1, 1, 1, 1, 1, 1, 1, 1, 1, 1, 1, 1, 1, 1, 1, 1, 1, 1, 1, 1, 1, 1, 1, 1, 1, 1, 1, 1, 1, 1, 1, 1, 1, 1, 1, 1, 1, 1, 1, 1, 1, 1, 1, 1, 1, 1, 1, 1, 1, 1, 1, 1, 1, 1, 1, 1, 1, 1, 1, 1, 1, 1, 1, 1, 1, 1, 1, 1, 1, 1, 1, 1, 1, 1, 1, 1, 1, 1, 1, 1, 1, 1, 1, 1, 1, 1, 1, 1, 1, 1, 1, 1, 1, 1, 1, 1, 1, 1, 1, 1, 1, 1, 1, 1, 1, 1, 1, 1, 1, 1, 1, 1, 1, 1, 1, 1, 1, 1, 1, 1, 1, 1, 1, 1, 1, 1, 1, 1, 1, 1, 1, 1, 1, 1, 1, 1, 1, 1, 1, 1, 1, 1, 1, 1, 1, 1, 1, 1, 1, 1, 1, 1, 1, 1, 1, 1, 1, 1, 1, 1, 1, 1, 1, 1, 1, 1, 1, 1, 1, 1, 1, 1, 1, 1, 1, 1, 1, 1, 1, 1, 1, 1, 1, 1, 1, 1, 1, 1, 1, 1, 1, 1, 1, 1, 1, 1, 1, 1, 1, 1, 1, 1, 1, 1, 1, 1, 1, 1, 1, 1, 1, 1, 1, 1, 1, 1, 1, 1, 1, 1, 1, 1, 1, 1, 1, 1, 1, 1, 1, 1, 1, 1, 1, 1, 1, 1, 1, 1, 1, 1, 1, 1, 1, 1, 1, 1, 1, 1, 1, 1, 1, 1, 1, 1, 1, 1, 1, 1, 1, 1, 1, 1, 1, 1, 1, 1, 1, 1, 1, 1, 1, 1, 1, 1, 1, 1, 1, 1, 1, 1, 1, 1, 1, 1, 1, 1, 1, 1, 1, 1, 1, 1, 1, 1, 1, 1, 1, 1, 1, 1, 1, 1, 1, 1, 1, 1, 1, 1, 1, 1, 1, 1, 1, 1, 1, 1, 1, 1, 1, 1, 1, 1, 1, 1, 1, 1, 1, 1, 1, 1, 1, 1, 1, 1, 1, 1, 1, 1, 1, 1, 1, 1, 1, 1, 1, 1, 1, 1, 1, 1, 1, 1, 1, 1, 1, 1, 1, 1, 1, 1, 1, 1, 1, 1, 1, 1, 1, 1, 1, 1, 1, 1, 1, 1, 1, 1, 1, 1, 1, 1, 1, 1, 1, 1, 1, 1, 1, 1, 1, 1, 1, 1, 1, 1, 1, 1, 1, 1, 1, 1, 1, 1, 1, 1, 1, 1, 1, 1, 1, 1, 1, 1, 1, 1, 1, 1, 1, 1, 1, 1, 1, 1, 1, 1, 1, 1, 1, 1, 1, 1, 1, 1, 1, 1, 1, 1, 1, 1, 1, 1, 1, 1, 1, 1, 1, 1, 1, 1, 1, 1, 1, 1, 1, 1, 1, 1, 1, 1, 1, 1, 1, 1, 1, 1, 1, 1, 1, 1, 1, 1, 1, 1, 1, 1, 1, 1, 1, 1, 1, 1, 1, 1, 1, 1, 1, 1, 1, 1, 1, 1, 1, 1, 1, 1, 1, 1, 1, 1, 1, 1, 1, 1, 1, 1, 1, 1, 1, 1, 1, 1, 1, 1, 1, 1, 1, 1, 1, 1, 1, 1, 1, 1, 1, 1, 1, 1, 1, 1, 1, 1, 1, 1, 1, 1, 1, 1, 1, 1, 1, 1, 1, 1, 1, 1, 1, 1, 1, 1, 1, 1, 1, 1, 1, 1, 1, 1, 1, 1, 1, 1, 1, 1, 1, 1, 1, 1, 1, 1, 1, 1, 1, 1, 1, 1, 1, 1, 1, 1, 1, 1, 1, 1, 1, 1, 1, 1, 1, 1, 1, 1, 1, 1, 1, 1, 1, 1, 1, 1, 1, 1, 1, 1, 1, 1, 1, 1, 1, 1, 1, 1, 1, 1, 1, 1, 1, 1, 1, 1, 1, 1, 1, 1, 1, 1, 1, 1, 1, 1, 1, 1, 1, 1, 1, 1, 1, 1, 1, 1, 1, 1, 1, 1, 1, 1, 1, 1, 1, 1, 1, 1, 1, 1, 1, 1, 1, 1, 1, 1, 1, 1, 1, 1, 1, 1, 1, 1, 1, 1, 1, 1, 1, 1, 1, 1, 1, 1, 1, 1, 1, 1, 1, 1, 1, 1, 1, 1, 1, 1, 1, 1, 1, 1, 1, 1, 1, 1, 1, 1, 1, 1, 1, 1, 1, 1, 1, 1, 1, 1, 1, 1, 1, 1, 1, 1, 1, 1, 1, 1, 1, 1, 1, 1, 1, 1, 1, 1, 1, 1, 1, 1, 1, 1, 1, 1, 1, 1, 1, 1, 1, 1, 1, 1, 1, 1, 1, 1, 1, 1, 1, 1, 1, 1, 1, 1, 1, 1, 1, 1, 1, 1, 1, 1, 1, 1, 1, 1, 1, 1, 1, 1, 1, 1, 1, 1, 1, 1, 1, 1, 1, 1, 1, 1, 1, 1, 1, 1, 1, 1, 1, 1, 1, 1, 1, 1, 1, 1, 1, 1, 1, 1, 1, 1, 1, 1, 1, 1, 1, 1, 1, 1, 1, 1, 1, 1, 1, 1, 1, 1, 1, 1, 1, 1, 1, 1, 1, 1, 1, 1, 1, 1, 1, 1, 1, 1, 1, 1, 1, 1, 1, 1, 1, 1, 1, 1, 1, 1, 1, 1, 1, 1, 1, 1, 1, 1, 1, 1, 1, 1, 1, 1, 1, 1, 1, 1, 1, 1, 1, 1, 1, 1, 1, 1, 1, 1, 1, 1, 1, 1, 1, 1, 1, 1, 1, 1, 1, 1, 1, 1, 1, 1, 1, 1, 1, 1, 1, 1, 1, 1, 1, 1, 1, 1, 1, 1, 1, 1, 1, 1, 1, 1, 1, 1, 1, 1, 1, 1, 1, 1, 1, 1, 1, 1, 1, 1, 1, 1, 1, 1, 1, 1, 1, 1, 1, 1, 1, 1, 1, 1, 1, 1, 1, 1, 1, 1, 1, 1, 1, 1, 1, 1, 1, 1, 1, 1, 1, 1, 1, 1, 1, 1, 1, 1, 1, 1, 1, 1, 1, 1, 1, 1, 1, 1, 1, 1, 1, 1, 1, 1, 1, 1, 1, 1, 1, 1, 1, 1, 1, 1, 1, 1, 1, 1, 1, 1, 1, 1, 1, 1, 1, 1, 1, 1, 1, 1, 1, 1, 1, 1, 1, 1, 1, 1, 1, 1, 1, 1, 1, 1, 1, 1, 1, 1, 1, 1, 1, 1, 1, 1, 1, 1, 1], [1, 1, 1, 1, 1, 1, 1, 1, 1, 1, 1, 1, 1, 1, 1, 1, 1, 1, 1, 1, 1, 1, 1, 1, 1, 1, 1, 1, 1, 1, 1, 1, 1, 1, 1, 1, 1, 1, 1, 1, 1, 1, 1, 1, 1, 1, 1, 1, 1, 1, 1, 1, 1, 1, 1, 1, 1, 1, 1, 1, 1, 1, 1, 1, 1, 1, 1, 1, 1, 1, 1, 1, 1, 1, 1, 1, 1, 1, 1, 1, 1, 1, 1, 1, 1, 1, 1, 1, 1, 1, 1, 1, 1, 1, 1, 1, 1, 1, 1, 1, 1, 1, 1, 1, 1, 1, 1, 1, 1, 1, 1, 1, 1, 1, 1, 1, 1, 1, 1, 1, 1, 1, 1, 1, 1, 1, 1, 1, 1, 1, 1, 1, 1, 1, 1, 1, 1, 1, 1, 1, 1, 1, 1, 1, 1, 1, 1, 1, 1, 1, 1, 1, 1, 1, 1, 1, 1, 1, 1, 1, 1, 1, 1, 1, 1, 1, 1, 1, 1, 1, 1, 1, 1, 1, 1, 1, 1, 1, 1, 1, 1, 1, 1, 1, 1, 1, 1, 1, 1, 1, 1, 1, 1, 1, 1, 1, 1, 1, 1, 1, 1, 1, 1, 1, 1, 1, 1, 1, 1, 1, 1, 1, 1, 1, 1, 1, 1, 1, 1, 1, 1, 1, 1, 1, 1, 1, 1, 1, 1, 1, 1, 1, 1, 1, 1, 1, 1, 1, 1, 1, 1, 1, 1, 1, 1, 1, 1, 1, 1, 1, 1, 1, 1, 1, 1, 1, 1, 1, 1, 1, 1, 1, 1, 1, 1, 1, 1, 1, 1, 1, 1, 1, 1, 1, 1, 1, 1, 1, 1, 1, 1, 1, 1, 1, 1, 1, 1, 1, 1, 1, 1, 1, 1, 1, 1, 1, 1, 1, 1, 1, 1, 1, 1, 1, 1, 1, 1, 1, 1, 1, 1, 1, 1, 1, 1, 1, 1, 1, 1, 1, 1, 1, 1, 1, 1, 1, 1, 1, 1, 1, 1, 1, 1, 1, 1, 1, 1, 1, 1, 1, 1, 1, 1, 1, 1, 1, 1, 1, 1, 1, 1, 1, 1, 1, 1, 1, 1, 1, 1, 1, 1, 1, 1, 1, 1, 1, 1, 1, 1, 1, 1, 1, 1, 1, 1, 1, 1, 1, 1, 1, 1, 1, 1, 1, 1, 1, 1, 1, 1, 1, 1, 1, 1, 1, 1, 1, 1, 1, 1, 1, 1, 1, 1, 1, 1, 1, 1, 1, 1, 1, 1, 1, 1, 1, 1, 1, 1, 1, 1, 1, 1, 1, 1, 1, 1, 1, 1, 1, 1, 1, 1, 1, 1, 1, 1, 1, 1, 1, 1, 1, 1, 1, 1, 1, 1, 1, 1, 1, 1, 1, 1, 1, 1, 1, 1, 1, 1, 1, 1, 1, 1, 1, 1, 1, 1, 1, 1, 1, 1, 1, 1, 1, 1, 1, 1, 1, 1, 1, 1, 1, 1, 1, 1, 1, 1, 1, 1, 1, 1, 1, 1, 1, 1, 1, 1, 1, 1, 1, 1, 1, 1, 1, 1, 1, 1, 1, 1, 1, 1, 1, 1, 1, 1, 1, 1, 1, 1, 1, 1, 1, 1, 1, 1, 1, 1, 1, 1, 1, 1, 1, 1, 1, 1, 1, 1, 1, 1, 1, 1, 1, 1, 1, 1, 1, 1, 1, 1, 1, 1, 1, 1, 1, 1, 1, 1, 1, 1, 1, 1, 1, 1, 1, 1, 1, 1, 1, 1, 1, 1, 1, 1, 1, 1, 1, 1, 1, 1, 1, 1, 1, 1, 1, 1, 1, 1, 1, 1, 1, 1, 1, 1, 1, 1, 1, 1, 1, 1, 1, 1, 1, 1, 1, 1, 1, 1, 1, 1, 1, 1, 1, 1, 1, 1, 1, 1, 1, 1, 1, 1, 1, 1, 1, 1, 1, 1, 1, 1, 1, 1, 1, 1, 1, 1, 1, 1, 1, 1, 1, 1, 1, 1, 1, 1, 1, 1, 1, 1, 1, 1, 1, 1, 1, 1, 1, 1, 1, 1, 1, 1, 1, 1, 1, 1, 1, 1, 1, 1, 1, 1, 1, 1, 1, 1, 1, 1, 1, 1, 1, 1, 1, 1, 1, 1, 1, 1, 1, 1, 1, 1, 1, 1, 1, 1, 1, 1, 1, 1, 1, 1, 1, 1, 1, 1, 1, 1, 1, 1, 1, 1, 1, 1, 1, 1, 1, 1, 1, 1, 1, 1, 1, 1, 1, 1, 1, 1, 1, 1, 1, 1, 1, 1, 1, 1, 1, 1, 1, 1, 1, 1, 1, 1, 1, 1, 1, 1, 1, 1, 1, 1, 1, 1, 1, 1, 1, 1, 1, 1, 1, 1, 1, 1, 1, 1, 1, 1, 1, 1, 1, 1, 1, 1, 1, 1, 1, 1, 1, 1, 1, 1, 1, 1, 1, 1, 1, 1, 1, 1, 1, 1, 1, 1, 1, 1, 1, 1, 1, 1, 1, 1, 1, 1, 1, 1, 1, 1, 1, 1, 1, 1, 1, 1, 1, 1, 1, 1, 1, 1, 1, 1, 1, 1, 1, 1, 1, 1, 1, 1, 1, 1, 1, 1, 1, 1, 1, 1, 1, 1, 1, 1, 1, 1, 1, 1, 1, 1, 1, 1, 1, 1, 1, 1, 1, 1, 1, 1, 1, 1, 1, 1, 1, 1, 1, 1, 1, 1, 1, 1, 1, 1, 1, 1, 1, 1, 1, 1, 1, 1, 1, 1, 1, 1, 1, 1, 1, 1, 1, 1, 1, 1, 1, 1, 1, 1, 1, 1, 1, 1, 1, 1, 1, 1, 1, 1, 1, 1, 1, 1, 1, 1, 1, 1, 1, 1, 1, 1, 1, 1, 1, 1, 1, 1, 1, 1, 1, 1, 1, 1, 1, 1, 1, 1, 1, 1, 1, 1, 1, 1, 1, 1, 1, 1, 1, 1, 1, 1, 1, 1, 1, 1, 1, 1, 1, 1, 1, 1, 1, 1, 1, 1, 1, 1, 1, 1, 1, 1, 1, 1, 1, 1, 1, 1, 1, 1, 1, 1, 1, 1, 1, 1, 1, 1, 1, 1, 1, 1, 1, 1, 1, 1, 1, 1, 1, 1, 1, 1, 1, 1, 1, 1, 1, 1, 1, 1, 1, 1, 1, 1, 1, 1, 1, 1, 1, 1, 1, 1, 1, 1, 1, 1, 1, 1, 1, 1, 1, 1, 1, 1, 1, 1, 1, 1, 1, 1, 1, 1, 1, 1, 1, 1, 1, 1, 1, 1, 1, 1, 1, 1, 1, 1, 1, 1, 1, 1, 1, 1, 1, 1, 1, 1, 1, 1, 1, 1, 1, 1, 1, 1, 1, 1, 1, 1, 1, 1, 1, 1, 1, 1, 1, 1, 1, 1, 1, 1, 1, 1, 1, 1, 1, 1, 1, 1, 1, 1, 1, 1, 1, 1, 1, 1, 1, 1, 1, 1, 1, 1, 1, 1, 1, 1, 1, 1, 1, 1, 1, 1, 1, 1, 1, 1, 1, 1, 1, 1, 1, 1, 1, 1, 1, 1, 1, 1, 1, 1, 1, 1, 1, 1, 1, 1, 1, 1, 1, 1, 1, 1, 1, 1, 1, 1, 1, 1, 1, 1, 1, 1, 1, 1, 1, 1, 1, 1, 1, 1, 1, 1, 1, 1, 1, 1, 1, 1, 1, 1, 1, 1, 1, 1, 1, 1, 1, 1, 1, 1, 1, 1, 1, 1, 1, 1, 1, 1, 1, 1, 1, 1, 1, 1, 1, 1, 1, 1, 1, 1, 1, 1, 1, 1, 1, 1, 1, 1, 1, 1, 1, 1, 1, 1, 1, 1, 1, 1, 1, 1, 1, 1, 1, 1, 1, 1, 1, 1, 1, 1, 1, 1, 1, 1, 1, 1, 1, 1, 1, 1, 1, 1, 1, 1, 1, 1, 1, 1, 1, 1, 1, 1, 1, 1, 1, 1, 1, 1, 1, 1, 1, 1, 1, 1, 1, 1, 1, 1, 1, 1, 1, 1, 1, 1, 1, 1, 1, 1, 1, 1, 1, 1, 1, 1, 1, 1, 1, 1, 1, 1, 1, 1, 1, 1, 1, 1, 1, 1, 1, 1, 1, 1, 1, 1, 1, 1, 1, 1, 1, 1, 1, 1, 1, 1, 1, 1, 1, 1, 1, 1, 1, 1, 1, 1, 1, 1, 1, 1, 1, 1, 1, 1, 1, 1, 1, 1, 1, 1, 1, 1, 1, 1, 1, 1, 1, 1, 1, 1, 1, 1, 1, 1, 1, 1, 1, 1, 1, 1, 1, 1, 1, 1, 1, 1, 1, 1, 1, 1, 1, 1, 1, 1, 1, 1, 1, 1, 1, 1, 1, 1, 1, 1, 1, 1, 1, 1, 1, 1, 1, 1, 1, 1, 1, 1, 1, 1, 1, 1, 1, 1, 1, 1, 1, 1, 1, 1, 1, 1, 1, 1, 1, 1, 1, 1, 1, 1, 1, 1, 1, 1, 1, 1, 1, 1, 1, 1, 1, 1, 1, 1, 1, 1, 1, 1, 1, 1, 1, 1, 1, 1, 1, 1, 1, 1, 1, 1, 1, 1, 1, 1, 1, 1, 1, 1, 1, 1, 1, 1, 1, 1, 1, 1, 1, 1, 1, 1, 1, 1, 1, 1, 1, 1, 1, 1, 1, 1, 1, 1, 1, 1, 1, 1, 1, 1, 1, 1, 1, 1, 1, 1, 1, 1, 1, 1, 1, 1, 1, 1, 1, 1, 1, 1, 1, 1, 1, 1, 1, 1, 1, 1, 1, 1, 1, 1, 1, 1, 1, 1, 1, 1, 1, 1, 1, 1, 1, 1, 1, 1, 1, 1, 1, 1, 1, 1, 1, 1, 1, 1, 1, 1, 1, 1, 1, 1, 1, 1, 1, 1, 1, 1, 1, 1, 1, 1, 1, 1, 1, 1, 1, 1, 1, 1, 1, 1, 1, 1, 1, 1, 1, 1, 1, 1, 1, 1, 1, 1, 1, 1, 1, 1, 1, 1, 1, 1, 1, 1, 1, 1, 1, 1, 1, 1, 1, 1, 1, 1, 1, 1, 1, 1, 1, 1, 1, 1, 1, 1, 1, 1, 1, 1, 1, 1, 1, 1, 1, 1, 1, 1, 1, 1, 1, 1, 1, 1, 1, 1, 1, 1, 1, 1, 1, 1, 1, 1, 1, 1, 1, 1, 1, 1, 1, 1, 1, 1, 1, 1, 1, 1, 1, 1, 1, 1, 1, 1, 1, 1, 1, 1, 1, 1, 1], [1, 1, 1, 1, 1, 1, 1, 1, 1, 1, 1, 1, 1, 1, 1, 1, 1, 1, 1, 1, 1, 1, 1, 1, 1, 1, 1, 1, 1, 1, 1, 1, 1, 1, 1, 1, 1, 1, 1, 1, 1, 1, 1, 1, 1, 1, 1, 1, 1, 1, 1, 1, 1, 1, 1, 1, 1, 1, 1, 1, 1, 1, 1, 1, 1, 1, 1, 1, 1, 1, 1, 1, 1, 1, 1, 1, 1, 1, 1, 1, 1, 1, 1, 1, 1, 1, 1, 1, 1, 1, 1, 1, 1, 1, 1, 1, 1, 1, 1, 1, 1, 1, 1, 1, 1, 1, 1, 1, 1, 1, 1, 1, 1, 1, 1, 1, 1, 1, 1, 1, 1, 1, 1, 1, 1, 1, 1, 1, 1, 1, 1, 1, 1, 1, 1, 1, 1, 1, 1, 1, 1, 1, 1, 1, 1, 1, 1, 1, 1, 1, 1, 1, 1, 1, 1, 1, 1, 1, 1, 1, 1, 1, 1, 1, 1, 1, 1, 1, 1, 1, 1, 1, 1, 1, 1, 1, 1, 1, 1, 1, 1, 1, 1, 1, 1, 1, 1, 1, 1, 1, 1, 1, 1, 1, 1, 1, 1, 1, 1, 1, 1, 1, 1, 1, 1, 1, 1, 1, 1, 1, 1, 1, 1, 1, 1, 1, 1, 1, 1, 1, 1, 1, 1, 1, 1, 1, 1, 1, 1, 1, 1, 1, 1, 1, 1, 1, 1, 1, 1, 1, 1, 1, 1, 1, 1, 1, 1, 1, 1, 1, 1, 1, 1, 1, 1, 1, 1, 1, 1, 1, 1, 1, 1, 1, 1, 1, 1, 1, 1, 1, 1, 1, 1, 1, 1, 1, 1, 1, 1, 1, 1, 1, 1, 1, 1, 1, 1, 1, 1, 1, 1, 1, 1, 1, 1, 1, 1, 1, 1, 1, 1, 1, 1, 1, 1, 1, 1, 1, 1, 1, 1, 1, 1, 1, 1, 1, 1, 1, 1, 1, 1, 1, 1, 1, 1, 1, 1, 1, 1, 1, 1, 1, 1, 1, 1, 1, 1, 1, 1, 1, 1, 1, 1, 1, 1, 1, 1, 1, 1, 1, 1, 1, 1, 1, 1, 1, 1, 1, 1, 1, 1, 1, 1, 1, 1, 1, 1, 1, 1, 1, 1, 1, 1, 1, 1, 1, 1, 1, 1, 1, 1, 1, 1, 1, 1, 1, 1, 1, 1, 1, 1, 1, 1, 1, 1, 1, 1, 1, 1, 1, 1, 1, 1, 1, 1, 1, 1, 1, 1, 1, 1, 1, 1, 1, 1, 1, 1, 1, 1, 1, 1, 1, 1, 1, 1, 1, 1, 1, 1, 1, 1, 1, 1, 1, 1, 1, 1, 1, 1, 1, 1, 1, 1, 1, 1, 1, 1, 1, 1, 1, 1, 1, 1, 1, 1, 1, 1, 1, 1, 1, 1, 1, 1, 1, 1, 1, 1, 1, 1, 1, 1, 1, 1, 1, 1, 1, 1, 1, 1, 1, 1, 1, 1, 1, 1, 1, 1, 1, 1, 1, 1, 1, 1, 1, 1, 1, 1, 1, 1, 1, 1, 1, 1, 1, 1, 1, 1, 1, 1, 1, 1, 1, 1, 1, 1, 1, 1, 1, 1, 1, 1, 1, 1, 1, 1, 1, 1, 1, 1, 1, 1, 1, 1, 1, 1, 1, 1, 1, 1, 1, 1, 1, 1, 1, 1, 1, 1, 1, 1, 1, 1, 1, 1, 1, 1, 1, 1, 1, 1, 1, 1, 1, 1, 1, 1, 1, 1, 1, 1, 1, 1, 1, 1, 1, 1, 1, 1, 1, 1, 1, 1, 1, 1, 1, 1, 1, 1, 1, 1, 1, 1, 1, 1, 1, 1, 1, 1, 1, 1, 1, 1, 1, 1, 1, 1, 1, 1, 1, 1, 1, 1, 1, 1, 1, 1, 1, 1, 1, 1, 1, 1, 1, 1, 1, 1, 1, 1, 1, 1, 1, 1, 1, 1, 1, 1, 1, 1, 1, 1, 1, 1, 1, 1, 1, 1, 1, 1, 1, 1, 1, 1, 1, 1, 1, 1, 1, 1, 1, 1, 1, 1, 1, 1, 1, 1, 1, 1, 1, 1, 1, 1, 1, 1, 1, 1, 1, 1, 1, 1, 1, 1, 1, 1, 1, 1, 1, 1, 1, 1, 1, 1, 1, 1, 1, 1, 1, 1, 1, 1, 1, 1, 1, 1, 1, 1, 1, 1, 1, 1, 1, 1, 1, 1, 1, 1, 1, 1, 1, 1, 1, 1, 1, 1, 1, 1, 1, 1, 1, 1, 1, 1, 1, 1, 1, 1, 1, 1, 1, 1, 1, 1, 1, 1, 1, 1, 1, 1, 1, 1, 1, 1, 1, 1, 1, 1, 1, 1, 1, 1, 1, 1, 1, 1, 1, 1, 1, 1, 1, 1, 1, 1, 1, 1, 1, 1, 1, 1, 1, 1, 1, 1, 1, 1, 1, 1, 1, 1, 1, 1, 1, 1, 1, 1, 1, 1, 1, 1, 1, 1, 1, 1, 1, 1, 1, 1, 1, 1, 1, 1, 1, 1, 1, 1, 1, 1, 1, 1, 1, 1, 1, 1, 1, 1, 1, 1, 1, 1, 1, 1, 1, 1, 1, 1, 1, 1, 1, 1, 1, 1, 1, 1, 1, 1, 1, 1, 1, 1, 1, 1, 1, 1, 1, 1, 1, 1, 1, 1, 1, 1, 1, 1, 1, 1, 1, 1, 1, 1, 1, 1, 1, 1, 1, 1, 1, 1, 1, 1, 1, 1, 1, 1, 1, 1, 1, 1, 1, 1, 1, 1, 1, 1, 1, 1, 1, 1, 1, 1, 1, 1, 1, 1, 1, 1, 1, 1, 1, 1, 1, 1, 1, 1, 1, 1, 1, 1, 1, 1, 1, 1, 1, 1, 1, 1, 1, 1, 1, 1, 1, 1, 1, 1, 1, 1, 1, 1, 1, 1, 1, 1, 1, 1, 1, 1, 1, 1, 1, 1, 1, 1, 1, 1, 1, 1, 1, 1, 1, 1, 1, 1, 1, 1, 1, 1, 1, 1, 1, 1, 1, 1, 1, 1, 1, 1, 1, 1, 1, 1, 1, 1, 1, 1, 1, 1, 1, 1, 1, 1, 1, 1, 1, 1, 1, 1, 1, 1, 1, 1, 1, 1, 1, 1, 1, 1, 1, 1, 1, 1, 1, 1, 1, 1, 1, 1, 1, 1, 1, 1, 1, 1, 1, 1, 1, 1, 1, 1, 1, 1, 1, 1, 1, 1, 1, 1, 1, 1, 1, 1, 1, 1, 1, 1, 1, 1, 1, 1, 1, 1, 1, 1, 1, 1, 1, 1, 1, 1, 1, 1, 1, 1, 1, 1, 1, 1, 1, 1, 1, 1, 1, 1, 1, 1, 1, 1, 1, 1, 1, 1, 1, 1, 1, 1, 1, 1, 1, 1, 1, 1, 1, 1, 1, 1, 1, 1, 1, 1, 1, 1, 1, 1, 1, 1, 1, 1, 1, 1, 1, 1, 1, 1, 1, 1, 1, 1, 1, 1, 1, 1, 1, 1, 1, 1, 1, 1, 1, 1, 1, 1, 1, 1, 1, 1, 1, 1, 1, 1, 1, 1, 1, 1, 1, 1, 1, 1, 1, 1, 1, 1, 1, 1, 1, 1, 1, 1, 1, 1, 1, 1, 1, 1, 1, 1, 1, 1, 1, 1, 1, 1, 1, 1, 1, 1, 1, 1, 1, 1, 1, 1, 1, 1, 1, 1, 1, 1, 1, 1, 1, 1, 1, 1, 1, 1, 1, 1, 1, 1, 1, 1, 1, 1, 1, 1, 1, 1, 1, 1, 1, 1, 1, 1, 1, 1, 1, 1, 1, 1, 1, 1, 1, 1, 1, 1, 1, 1, 1, 1, 1, 1, 1, 1, 1, 1, 1, 1, 1, 1, 1, 1, 1, 1, 1, 1, 1, 1, 1, 1, 1, 1, 1, 1, 1, 1, 1, 1, 1, 1, 1, 1, 1, 1, 1, 1, 1, 1, 1, 1, 1, 1, 1, 1, 1, 1, 1, 1, 1, 1, 1, 1, 1, 1, 1, 1, 1, 1, 1, 1, 1, 1, 1, 1, 1, 1, 1, 1, 1, 1, 1, 1, 1, 1, 1, 1, 1, 1, 1, 1, 1, 1, 1, 1, 1, 1, 1, 1, 1, 1, 1, 1, 1, 1, 1, 1, 1, 1, 1, 1, 1, 1, 1, 1, 1, 1, 1, 1, 1, 1, 1, 1, 1, 1, 1, 1, 1, 1, 1, 1, 1, 1, 1, 1, 1, 1, 1, 1, 1, 1, 1, 1, 1, 1, 1, 1, 1, 1, 1, 1, 1, 1, 1, 1, 1, 1, 1, 1, 1, 1, 1, 1, 1, 1, 1, 1, 1, 1, 1, 1, 1, 1, 1, 1, 1, 1, 1, 1, 1, 1, 1, 1, 1, 1, 1, 1, 1, 1, 1, 1, 1, 1, 1, 1, 1, 1, 1, 1, 1, 1, 1, 1, 1, 1, 1, 1, 1, 1, 1, 1, 1, 1, 1, 1, 1, 1, 1, 1, 1, 1, 1, 1, 1, 1, 1, 1, 1, 1, 1, 1, 1, 1, 1, 1, 1, 1, 1, 1, 1, 1, 1, 1, 1, 1, 1, 1, 1, 1, 1, 1, 1, 1, 1, 1, 1, 1, 1, 1, 1, 1, 1, 1, 1, 1, 1, 1, 1, 1, 1, 1, 1, 1, 1, 1, 1, 1, 1, 1, 1, 1, 1, 1, 1, 1, 1, 1, 1, 1, 1, 1, 1, 1, 1, 1, 1, 1, 1, 1, 1, 1, 1, 1, 1, 1, 1, 1, 1, 1, 1, 1, 1, 1, 1, 1, 1, 1, 1, 1, 1, 1, 1, 1, 1, 1, 1, 1, 1, 1, 1, 1, 1, 1, 1, 1, 1, 1, 1, 1, 1, 1, 1, 1, 1, 1, 1, 1, 1, 1, 1, 1, 1, 1, 1, 1, 1, 1, 1, 1, 1, 1, 1, 1, 1, 1, 1, 1, 1, 1, 1, 1, 1, 1, 1, 1, 1, 1, 1, 1, 1, 1, 1, 1, 1, 1, 1, 1, 1, 1, 1, 1, 1, 1, 1, 1, 1, 1, 1, 1, 1, 1, 1, 1, 1, 1, 1, 1, 1, 1, 1, 1, 1, 1, 1, 1, 1, 1, 1, 1, 1, 1, 1, 1, 1, 1, 1, 1, 1, 1, 1, 1, 1, 1, 1, 1, 1, 1, 1, 1, 1, 1, 1, 1, 1, 1, 1, 1, 1, 1, 1], [1, 1, 1, 1, 1, 1, 1, 1, 1, 1, 1, 1, 1, 1, 1, 1, 1, 1, 1, 1, 1, 1, 1, 1, 1, 1, 1, 1, 1, 1, 1, 1, 1, 1, 1, 1, 1, 1, 1, 1, 1, 1, 1, 1, 1, 1, 1, 1, 1, 1, 1, 1, 1, 1, 1, 1, 1, 1, 1, 1, 1, 1, 1, 1, 1, 1, 1, 1, 1, 1, 1, 1, 1, 1, 1, 1, 1, 1, 1, 1, 1, 1, 1, 1, 1, 1, 1, 1, 1, 1, 1, 1, 1, 1, 1, 1, 1, 1, 1, 1, 1, 1, 1, 1, 1, 1, 1, 1, 1, 1, 1, 1, 1, 1, 1, 1, 1, 1, 1, 1, 1, 1, 1, 1, 1, 1, 1, 1, 1, 1, 1, 1, 1, 1, 1, 1, 1, 1, 1, 1, 1, 1, 1, 1, 1, 1, 1, 1, 1, 1, 1, 1, 1, 1, 1, 1, 1, 1, 1, 1, 1, 1, 1, 1, 1, 1, 1, 1, 1, 1, 1, 1, 1, 1, 1, 1, 1, 1, 1, 1, 1, 1, 1, 1, 1, 1, 1, 1, 1, 1, 1, 1, 1, 1, 1, 1, 1, 1, 1, 1, 1, 1, 1, 1, 1, 1, 1, 1, 1, 1, 1, 1, 1, 1, 1, 1, 1, 1, 1, 1, 1, 1, 1, 1, 1, 1, 1, 1, 1, 1, 1, 1, 1, 1, 1, 1, 1, 1, 1, 1, 1, 1, 1, 1, 1, 1, 1, 1, 1, 1, 1, 1, 1, 1, 1, 1, 1, 1, 1, 1, 1, 1, 1, 1, 1, 1, 1, 1, 1, 1, 1, 1, 1, 1, 1, 1, 1, 1, 1, 1, 1, 1, 1, 1, 1, 1, 1, 1, 1, 1, 1, 1, 1, 1, 1, 1, 1, 1, 1, 1, 1, 1, 1, 1, 1, 1, 1, 1, 1, 1, 1, 1, 1, 1, 1, 1, 1, 1, 1, 1, 1, 1, 1, 1, 1, 1, 1, 1, 1, 1, 1, 1, 1, 1, 1, 1, 1, 1, 1, 1, 1, 1, 1, 1, 1, 1, 1, 1, 1, 1, 1, 1, 1, 1, 1, 1, 1, 1, 1, 1, 1, 1, 1, 1, 1, 1, 1, 1, 1, 1, 1, 1, 1, 1, 1, 1, 1, 1, 1, 1, 1, 1, 1, 1, 1, 1, 1, 1, 1, 1, 1, 1, 1, 1, 1, 1, 1, 1, 1, 1, 1, 1, 1, 1, 1, 1, 1, 1, 1, 1, 1, 1, 1, 1, 1, 1, 1, 1, 1, 1, 1, 1, 1, 1, 1, 1, 1, 1, 1, 1, 1, 1, 1, 1, 1, 1, 1, 1, 1, 1, 1, 1, 1, 1, 1, 1, 1, 1, 1, 1, 1, 1, 1, 1, 1, 1, 1, 1, 1, 1, 1, 1, 1, 1, 1, 1, 1, 1, 1, 1, 1, 1, 1, 1, 1, 1, 1, 1, 1, 1, 1, 1, 1, 1, 1, 1, 1, 1, 1, 1, 1, 1, 1, 1, 1, 1, 1, 1, 1, 1, 1, 1, 1, 1, 1, 1, 1, 1, 1, 1, 1, 1, 1, 1, 1, 1, 1, 1, 1, 1, 1, 1, 1, 1, 1, 1, 1, 1, 1, 1, 1, 1, 1, 1, 1, 1, 1, 1, 1, 1, 1, 1, 1, 1, 1, 1, 1, 1, 1, 1, 1, 1, 1, 1, 1, 1, 1, 1, 1, 1, 1, 1, 1, 1, 1, 1, 1, 1, 1, 1, 1, 1, 1, 1, 1, 1, 1, 1, 1, 1, 1, 1, 1, 1, 1, 1, 1, 1, 1, 1, 1, 1, 1, 1, 1, 1, 1, 1, 1, 1, 1, 1, 1, 1, 1, 1, 1, 1, 1, 1, 1, 1, 1, 1, 1, 1, 1, 1, 1, 1, 1, 1, 1, 1, 1, 1, 1, 1, 1, 1, 1, 1, 1, 1, 1, 1, 1, 1, 1, 1, 1, 1, 1, 1, 1, 1, 1, 1, 1, 1, 1, 1, 1, 1, 1, 1, 1, 1, 1, 1, 1, 1, 1, 1, 1, 1, 1, 1, 1, 1, 1, 1, 1, 1, 1, 1, 1, 1, 1, 1, 1, 1, 1, 1, 1, 1, 1, 1, 1, 1, 1, 1, 1, 1, 1, 1, 1, 1, 1, 1, 1, 1, 1, 1, 1, 1, 1, 1, 1, 1, 1, 1, 1, 1, 1, 1, 1, 1, 1, 1, 1, 1, 1, 1, 1, 1, 1, 1, 1, 1, 1, 1, 1, 1, 1, 1, 1, 1, 1, 1, 1, 1, 1, 1, 1, 1, 1, 1, 1, 1, 1, 1, 1, 1, 1, 1, 1, 1, 1, 1, 1, 1, 1, 1, 1, 1, 1, 1, 1, 1, 1, 1, 1, 1, 1, 1, 1, 1, 1, 1, 1, 1, 1, 1, 1, 1, 1, 1, 1, 1, 1, 1, 1, 1, 1, 1, 1, 1, 1, 1, 1, 1, 1, 1, 1, 1, 1, 1, 1, 1, 1, 1, 1, 1, 1, 1, 1, 1, 1, 1, 1, 1, 1, 1, 1, 1, 1, 1, 1, 1, 1, 1, 1, 1, 1, 1, 1, 1, 1, 1, 1, 1, 1, 1, 1, 1, 1, 1, 1, 1, 1, 1, 1, 1, 1, 1, 1, 1, 1, 1, 1, 1, 1, 1, 1, 1, 1, 1, 1, 1, 1, 1, 1, 1, 1, 1, 1, 1, 1, 1, 1, 1, 1, 1, 1, 1, 1, 1, 1, 1, 1, 1, 1, 1, 1, 1, 1, 1, 1, 1, 1, 1, 1, 1, 1, 1, 1, 1, 1, 1, 1, 1, 1, 1, 1, 1, 1, 1, 1, 1, 1, 1, 1, 1, 1, 1, 1, 1, 1, 1, 1, 1, 1, 1, 1, 1, 1, 1, 1, 1, 1, 1, 1, 1, 1, 1, 1, 1, 1, 1, 1, 1, 1, 1, 1, 1, 1, 1, 1, 1, 1, 1, 1, 1, 1, 1, 1, 1, 1, 1, 1, 1, 1, 1, 1, 1, 1, 1, 1, 1, 1, 1, 1, 1, 1, 1, 1, 1, 1, 1, 1, 1, 1, 1, 1, 1, 1, 1, 1, 1, 1, 1, 1, 1, 1, 1, 1, 1, 1, 1, 1, 1, 1, 1, 1, 1, 1, 1, 1, 1, 1, 1, 1, 1, 1, 1, 1, 1, 1, 1, 1, 1, 1, 1, 1, 1, 1, 1, 1, 1, 1, 1, 1, 1, 1, 1, 1, 1, 1, 1, 1, 1, 1, 1, 1, 1, 1, 1, 1, 1, 1, 1, 1, 1, 1, 1, 1, 1, 1, 1, 1, 1, 1, 1, 1, 1, 1, 1, 1, 1, 1, 1, 1, 1, 1, 1, 1, 1, 1, 1, 1, 1, 1, 1, 1, 1, 1, 1, 1, 1, 1, 1, 1, 1, 1, 1, 1, 1, 1, 1, 1, 1, 1, 1, 1, 1, 1, 1, 1, 1, 1, 1, 1, 1, 1, 1, 1, 1, 1, 1, 1, 1, 1, 1, 1, 1, 1, 1, 1, 1, 1, 1, 1, 1, 1, 1, 1, 1, 1, 1, 1, 1, 1, 1, 1, 1, 1, 1, 1, 1, 1, 1, 1, 1, 1, 1, 1, 1, 1, 1, 1, 1, 1, 1, 1, 1, 1, 1, 1, 1, 1, 1, 1, 1, 1, 1, 1, 1, 1, 1, 1, 1, 1, 1, 1, 1, 1, 1, 1, 1, 1, 1, 1, 1, 1, 1, 1, 1, 1, 1, 1, 1, 1, 1, 1, 1, 1, 1, 1, 1, 1, 1, 1, 1, 1, 1, 1, 1, 1, 1, 1, 1, 1, 1, 1, 1, 1, 1, 1, 1, 1, 1, 1, 1, 1, 1, 1, 1, 1, 1, 1, 1, 1, 1, 1, 1, 1, 1, 1, 1, 1, 1, 1, 1, 1, 1, 1, 1, 1, 1, 1, 1, 1, 1, 1, 1, 1, 1, 1, 1, 1, 1, 1, 1, 1, 1, 1, 1, 1, 1, 1, 1, 1, 1, 1, 1, 1, 1, 1, 1, 1, 1, 1, 1, 1, 1, 1, 1, 1, 1, 1, 1, 1, 1, 1, 1, 1, 1, 1, 1, 1, 1, 1, 1, 1, 1, 1, 1, 1, 1, 1, 1, 1, 1, 1, 1, 1, 1, 1, 1, 1, 1, 1, 1, 1, 1, 1, 1, 1, 1, 1, 1, 1, 1, 1, 1, 1, 1, 1, 1, 1, 1, 1, 1, 1, 1, 1, 1, 1, 1, 1, 1, 1, 1, 1, 1, 1, 1, 1, 1, 1, 1, 1, 1, 1, 1, 1, 1, 1, 1, 1, 1, 1, 1, 1, 1, 1, 1, 1, 1, 1, 1, 1, 1, 1, 1, 1, 1, 1, 1, 1, 1, 1, 1, 1, 1, 1, 1, 1, 1, 1, 1, 1, 1, 1, 1, 1, 1, 1, 1, 1, 1, 1, 1, 1, 1, 1, 1, 1, 1, 1, 1, 1, 1, 1, 1, 1, 1, 1, 1, 1, 1, 1, 1, 1, 1, 1, 1, 1, 1, 1, 1, 1, 1, 1, 1, 1, 1, 1, 1, 1, 1, 1, 1, 1, 1, 1, 1, 1, 1, 1, 1, 1, 1, 1, 1, 1, 1, 1, 1, 1, 1, 1, 1, 1, 1, 1, 1, 1, 1, 1, 1, 1, 1, 1, 1, 1, 1, 1, 1, 1, 1, 1, 1, 1, 1, 1, 1, 1, 1, 1, 1, 1, 1, 1, 1, 1, 1, 1, 1, 1, 1, 1, 1, 1, 1, 1, 1, 1, 1, 1, 1, 1, 1, 1, 1, 1, 1, 1, 1, 1, 1, 1, 1, 1, 1, 1, 1, 1, 1, 1, 1, 1, 1, 1, 1, 1, 1, 1, 1, 1, 1, 1, 1, 1, 1, 1, 1, 1, 1, 1, 1, 1, 1, 1, 1, 1, 1, 1, 1, 1, 1, 1, 1, 1, 1, 1, 1, 1, 1, 1, 1, 1, 1, 1, 1, 1, 1, 1, 1, 1, 1, 1, 1, 1, 1, 1, 1, 1, 1, 1, 1, 1, 1, 1, 1, 1, 1, 1, 1, 1, 1, 1, 1, 1, 1, 1, 1, 1, 1, 1, 1, 1, 1, 1, 1, 1, 1, 1, 1, 1, 1, 1, 1, 1, 1, 1, 1, 1, 1, 1, 1, 1, 1], [1, 1, 1, 1, 1, 1, 1, 1, 1, 1, 1, 1, 1, 1, 1, 1, 1, 1, 1, 1, 1, 1, 1, 1, 1, 1, 1, 1, 1, 1, 1, 1, 1, 1, 1, 1, 1, 1, 1, 1, 1, 1, 1, 1, 1, 1, 1, 1, 1, 1, 1, 1, 1, 1, 1, 1, 1, 1, 1, 1, 1, 1, 1, 1, 1, 1, 1, 1, 1, 1, 1, 1, 1, 1, 1, 1, 1, 1, 1, 1, 1, 1, 1, 1, 1, 1, 1, 1, 1, 1, 1, 1, 1, 1, 1, 1, 1, 1, 1, 1, 1, 1, 1, 1, 1, 1, 1, 1, 1, 1, 1, 1, 1, 1, 1, 1, 1, 1, 1, 1, 1, 1, 1, 1, 1, 1, 1, 1, 1, 1, 1, 1, 1, 1, 1, 1, 1, 1, 1, 1, 1, 1, 1, 1, 1, 1, 1, 1, 1, 1, 1, 1, 1, 1, 1, 1, 1, 1, 1, 1, 1, 1, 1, 1, 1, 1, 1, 1, 1, 1, 1, 1, 1, 1, 1, 1, 1, 1, 1, 1, 1, 1, 1, 1, 1, 1, 1, 1, 1, 1, 1, 1, 1, 1, 1, 1, 1, 1, 1, 1, 1, 1, 1, 1, 1, 1, 1, 1, 1, 1, 1, 1, 1, 1, 1, 1, 1, 1, 1, 1, 1, 1, 1, 1, 1, 1, 1, 1, 1, 1, 1, 1, 1, 1, 1, 1, 1, 1, 1, 1, 1, 1, 1, 1, 1, 1, 1, 1, 1, 1, 1, 1, 1, 1, 1, 1, 1, 1, 1, 1, 1, 1, 1, 1, 1, 1, 1, 1, 1, 1, 1, 1, 1, 1, 1, 1, 1, 1, 1, 1, 1, 1, 1, 1, 1, 1, 1, 1, 1, 1, 1, 1, 1, 1, 1, 1, 1, 1, 1, 1, 1, 1, 1, 1, 1, 1, 1, 1, 1, 1, 1, 1, 1, 1, 1, 1, 1, 1, 1, 1, 1, 1, 1, 1, 1, 1, 1, 1, 1, 1, 1, 1, 1, 1, 1, 1, 1, 1, 1, 1, 1, 1, 1, 1, 1, 1, 1, 1, 1, 1, 1, 1, 1, 1, 1, 1, 1, 1, 1, 1, 1, 1, 1, 1, 1, 1, 1, 1, 1, 1, 1, 1, 1, 1, 1, 1, 1, 1, 1, 1, 1, 1, 1, 1, 1, 1, 1, 1, 1, 1, 1, 1, 1, 1, 1, 1, 1, 1, 1, 1, 1, 1, 1, 1, 1, 1, 1, 1, 1, 1, 1, 1, 1, 1, 1, 1, 1, 1, 1, 1, 1, 1, 1, 1, 1, 1, 1, 1, 1, 1, 1, 1, 1, 1, 1, 1, 1, 1, 1, 1, 1, 1, 1, 1, 1, 1, 1, 1, 1, 1, 1, 1, 1, 1, 1, 1, 1, 1, 1, 1, 1, 1, 1, 1, 1, 1, 1, 1, 1, 1, 1, 1, 1, 1, 1, 1, 1, 1, 1, 1, 1, 1, 1, 1, 1, 1, 1, 1, 1, 1, 1, 1, 1, 1, 1, 1, 1, 1, 1, 1, 1, 1, 1, 1, 1, 1, 1, 1, 1, 1, 1, 1, 1, 1, 1, 1, 1, 1, 1, 1, 1, 1, 1, 1, 1, 1, 1, 1, 1, 1, 1, 1, 1, 1, 1, 1, 1, 1, 1, 1, 1, 1, 1, 1, 1, 1, 1, 1, 1, 1, 1, 1, 1, 1, 1, 1, 1, 1, 1, 1, 1, 1, 1, 1, 1, 1, 1, 1, 1, 1, 1, 1, 1, 1, 1, 1, 1, 1, 1, 1, 1, 1, 1, 1, 1, 1, 1, 1, 1, 1, 1, 1, 1, 1, 1, 1, 1, 1, 1, 1, 1, 1, 1, 1, 1, 1, 1, 1, 1, 1, 1, 1, 1, 1, 1, 1, 1, 1, 1, 1, 1, 1, 1, 1, 1, 1, 1, 1, 1, 1, 1, 1, 1, 1, 1, 1, 1, 1, 1, 1, 1, 1, 1, 1, 1, 1, 1, 1, 1, 1, 1, 1, 1, 1, 1, 1, 1, 1, 1, 1, 1, 1, 1, 1, 1, 1, 1, 1, 1, 1, 1, 1, 1, 1, 1, 1, 1, 1, 1, 1, 1, 1, 1, 1, 1, 1, 1, 1, 1, 1, 1, 1, 1, 1, 1, 1, 1, 1, 1, 1, 1, 1, 1, 1, 1, 1, 1, 1, 1, 1, 1, 1, 1, 1, 1, 1, 1, 1, 1, 1, 1, 1, 1, 1, 1, 1, 1, 1, 1, 1, 1, 1, 1, 1, 1, 1, 1, 1, 1, 1, 1, 1, 1, 1, 1, 1, 1, 1, 1, 1, 1, 1, 1, 1, 1, 1, 1, 1, 1, 1, 1, 1, 1, 1, 1, 1, 1, 1, 1, 1, 1, 1, 1, 1, 1, 1, 1, 1, 1, 1, 1, 1, 1, 1, 1, 1, 1, 1, 1, 1, 1, 1, 1, 1, 1, 1, 1, 1, 1, 1, 1, 1, 1, 1, 1, 1, 1, 1, 1, 1, 1, 1, 1, 1, 1, 1, 1, 1, 1, 1, 1, 1, 1, 1, 1, 1, 1, 1, 1, 1, 1, 1, 1, 1, 1, 1, 1, 1, 1, 1, 1, 1, 1, 1, 1, 1, 1, 1, 1, 1, 1, 1, 1, 1, 1, 1, 1, 1, 1, 1, 1, 1, 1, 1, 1, 1, 1, 1, 1, 1, 1, 1, 1, 1, 1, 1, 1, 1, 1, 1, 1, 1, 1, 1, 1, 1, 1, 1, 1, 1, 1, 1, 1, 1, 1, 1, 1, 1, 1, 1, 1, 1, 1, 1, 1, 1, 1, 1, 1, 1, 1, 1, 1, 1, 1, 1, 1, 1, 1, 1, 1, 1, 1, 1, 1, 1, 1, 1, 1, 1, 1, 1, 1, 1, 1, 1, 1, 1, 1, 1, 1, 1, 1, 1, 1, 1, 1, 1, 1, 1, 1, 1, 1, 1, 1, 1, 1, 1, 1, 1, 1, 1, 1, 1, 1, 1, 1, 1, 1, 1, 1, 1, 1, 1, 1, 1, 1, 1, 1, 1, 1, 1, 1, 1, 1, 1, 1, 1, 1, 1, 1, 1, 1, 1, 1, 1, 1, 1, 1, 1, 1, 1, 1, 1, 1, 1, 1, 1, 1, 1, 1, 1, 1, 1, 1, 1, 1, 1, 1, 1, 1, 1, 1, 1, 1, 1, 1, 1, 1, 1, 1, 1, 1, 1, 1, 1, 1, 1, 1, 1, 1, 1, 1, 1, 1, 1, 1, 1, 1, 1, 1, 1, 1, 1, 1, 1, 1, 1, 1, 1, 1, 1, 1, 1, 1, 1, 1, 1, 1, 1, 1, 1, 1, 1, 1, 1, 1, 1, 1, 1, 1, 1, 1, 1, 1, 1, 1, 1, 1, 1, 1, 1, 1, 1, 1, 1, 1, 1, 1, 1, 1, 1, 1, 1, 1, 1, 1, 1, 1, 1, 1, 1, 1, 1, 1, 1, 1, 1, 1, 1, 1, 1, 1, 1, 1, 1, 1, 1, 1, 1, 1, 1, 1, 1, 1, 1, 1, 1, 1, 1, 1, 1, 1, 1, 1, 1, 1, 1, 1, 1, 1, 1, 1, 1, 1, 1, 1, 1, 1, 1, 1, 1, 1, 1, 1, 1, 1, 1, 1, 1, 1, 1, 1, 1, 1, 1, 1, 1, 1, 1, 1, 1, 1, 1, 1, 1, 1, 1, 1, 1, 1, 1, 1, 1, 1, 1, 1, 1, 1, 1, 1, 1, 1, 1, 1, 1, 1, 1, 1, 1, 1, 1, 1, 1, 1, 1, 1, 1, 1, 1, 1, 1, 1, 1, 1, 1, 1, 1, 1, 1, 1, 1, 1, 1, 1, 1, 1, 1, 1, 1, 1, 1, 1, 1, 1, 1, 1, 1, 1, 1, 1, 1, 1, 1, 1, 1, 1, 1, 1, 1, 1, 1, 1, 1, 1, 1, 1, 1, 1, 1, 1, 1, 1, 1, 1, 1, 1, 1, 1, 1, 1, 1, 1, 1, 1, 1, 1, 1, 1, 1, 1, 1, 1, 1, 1, 1, 1, 1, 1, 1, 1, 1, 1, 1, 1, 1, 1, 1, 1, 1, 1, 1, 1, 1, 1, 1, 1, 1, 1, 1, 1, 1, 1, 1, 1, 1, 1, 1, 1, 1, 1, 1, 1, 1, 1, 1, 1, 1, 1, 1, 1, 1, 1, 1, 1, 1, 1, 1, 1, 1, 1, 1, 1, 1, 1, 1, 1, 1, 1, 1, 1, 1, 1, 1, 1, 1, 1, 1, 1, 1, 1, 1, 1, 1, 1, 1, 1, 1, 1, 1, 1, 1, 1, 1, 1, 1, 1, 1, 1, 1, 1, 1, 1, 1, 1, 1, 1, 1, 1, 1, 1, 1, 1, 1, 1, 1, 1, 1, 1, 1, 1, 1, 1, 1, 1, 1, 1, 1, 1, 1, 1, 1, 1, 1, 1, 1, 1, 1, 1, 1, 1, 1, 1, 1, 1, 1, 1, 1, 1, 1, 1, 1, 1, 1, 1, 1, 1, 1, 1, 1, 1, 1, 1, 1, 1, 1, 1, 1, 1, 1, 1, 1, 1, 1, 1, 1, 1, 1, 1, 1, 1, 1, 1, 1, 1, 1, 1, 1, 1, 1, 1, 1, 1, 1, 1, 1, 1, 1, 1, 1, 1, 1, 1, 1, 1, 1, 1, 1, 1, 1, 1, 1, 1, 1, 1, 1, 1, 1, 1, 1, 1, 1, 1, 1, 1, 1, 1, 1, 1, 1, 1, 1, 1, 1, 1, 1, 1, 1, 1, 1, 1, 1, 1, 1, 1, 1, 1, 1, 1, 1, 1, 1, 1, 1, 1, 1, 1, 1, 1, 1, 1, 1, 1, 1, 1, 1, 1, 1, 1, 1, 1, 1, 1, 1, 1, 1, 1, 1, 1, 1, 1, 1, 1, 1, 1, 1, 1, 1, 1, 1, 1, 1, 1, 1, 1, 1, 1, 1, 1, 1, 1, 1, 1, 1, 1, 1, 1, 1, 1, 1, 1, 1, 1, 1, 1, 1, 1, 1, 1, 1, 1, 1, 1, 1, 1, 1, 1, 1, 1, 1, 1, 1, 1, 1, 1, 1, 1, 1, 1, 1, 1, 1, 1, 1, 1, 1, 1, 1, 1, 1, 1, 1, 1, 1, 1, 1, 1, 1, 1, 1, 1, 1, 1, 1, 1, 1, 1, 1, 1, 1, 1, 1, 1, 1], [1, 1, 1, 1, 1, 1, 1, 1, 1, 1, 1, 1, 1, 1, 1, 1, 1, 1, 1, 1, 1, 1, 1, 1, 1, 1, 1, 1, 1, 1, 1, 1, 1, 1, 1, 1, 1, 1, 1, 1, 1, 1, 1, 1, 1, 1, 1, 1, 1, 1, 1, 1, 1, 1, 1, 1, 1, 1, 1, 1, 1, 1, 1, 1, 1, 1, 1, 1, 1, 1, 1, 1, 1, 1, 1, 1, 1, 1, 1, 1, 1, 1, 1, 1, 1, 1, 1, 1, 1, 1, 1, 1, 1, 1, 1, 1, 1, 1, 1, 1, 1, 1, 1, 1, 1, 1, 1, 1, 1, 1, 1, 1, 1, 1, 1, 1, 1, 1, 1, 1, 1, 1, 1, 1, 1, 1, 1, 1, 1, 1, 1, 1, 1, 1, 1, 1, 1, 1, 1, 1, 1, 1, 1, 1, 1, 1, 1, 1, 1, 1, 1, 1, 1, 1, 1, 1, 1, 1, 1, 1, 1, 1, 1, 1, 1, 1, 1, 1, 1, 1, 1, 1, 1, 1, 1, 1, 1, 1, 1, 1, 1, 1, 1, 1, 1, 1, 1, 1, 1, 1, 1, 1, 1, 1, 1, 1, 1, 1, 1, 1, 1, 1, 1, 1, 1, 1, 1, 1, 1, 1, 1, 1, 1, 1, 1, 1, 1, 1, 1, 1, 1, 1, 1, 1, 1, 1, 1, 1, 1, 1, 1, 1, 1, 1, 1, 1, 1, 1, 1, 1, 1, 1, 1, 1, 1, 1, 1, 1, 1, 1, 1, 1, 1, 1, 1, 1, 1, 1, 1, 1, 1, 1, 1, 1, 1, 1, 1, 1, 1, 1, 1, 1, 1, 1, 1, 1, 1, 1, 1, 1, 1, 1, 1, 1, 1, 1, 1, 1, 1, 1, 1, 1, 1, 1, 1, 1, 1, 1, 1, 1, 1, 1, 1, 1, 1, 1, 1, 1, 1, 1, 1, 1, 1, 1, 1, 1, 1, 1, 1, 1, 1, 1, 1, 1, 1, 1, 1, 1, 1, 1, 1, 1, 1, 1, 1, 1, 1, 1, 1, 1, 1, 1, 1, 1, 1, 1, 1, 1, 1, 1, 1, 1, 1, 1, 1, 1, 1, 1, 1, 1, 1, 1, 1, 1, 1, 1, 1, 1, 1, 1, 1, 1, 1, 1, 1, 1, 1, 1, 1, 1, 1, 1, 1, 1, 1, 1, 1, 1, 1, 1, 1, 1, 1, 1, 1, 1, 1, 1, 1, 1, 1, 1, 1, 1, 1, 1, 1, 1, 1, 1, 1, 1, 1, 1, 1, 1, 1, 1, 1, 1, 1, 1, 1, 1, 1, 1, 1, 1, 1, 1, 1, 1, 1, 1, 1, 1, 1, 1, 1, 1, 1, 1, 1, 1, 1, 1, 1, 1, 1, 1, 1, 1, 1, 1, 1, 1, 1, 1, 1, 1, 1, 1, 1, 1, 1, 1, 1, 1, 1, 1, 1, 1, 1, 1, 1, 1, 1, 1, 1, 1, 1, 1, 1, 1, 1, 1, 1, 1, 1, 1, 1, 1, 1, 1, 1, 1, 1, 1, 1, 1, 1, 1, 1, 1, 1, 1, 1, 1, 1, 1, 1, 1, 1, 1, 1, 1, 1, 1, 1, 1, 1, 1, 1, 1, 1, 1, 1, 1, 1, 1, 1, 1, 1, 1, 1, 1, 1, 1, 1, 1, 1, 1, 1, 1, 1, 1, 1, 1, 1, 1, 1, 1, 1, 1, 1, 1, 1, 1, 1, 1, 1, 1, 1, 1, 1, 1, 1, 1, 1, 1, 1, 1, 1, 1, 1, 1, 1, 1, 1, 1, 1, 1, 1, 1, 1, 1, 1, 1, 1, 1, 1, 1, 1, 1, 1, 1, 1, 1, 1, 1, 1, 1, 1, 1, 1, 1, 1, 1, 1, 1, 1, 1, 1, 1, 1, 1, 1, 1, 1, 1, 1, 1, 1, 1, 1, 1, 1, 1, 1, 1, 1, 1, 1, 1, 1, 1, 1, 1, 1, 1, 1, 1, 1, 1, 1, 1, 1, 1, 1, 1, 1, 1, 1, 1, 1, 1, 1, 1, 1, 1, 1, 1, 1, 1, 1, 1, 1, 1, 1, 1, 1, 1, 1, 1, 1, 1, 1, 1, 1, 1, 1, 1, 1, 1, 1, 1, 1, 1, 1, 1, 1, 1, 1, 1, 1, 1, 1, 1, 1, 1, 1, 1, 1, 1, 1, 1, 1, 1, 1, 1, 1, 1, 1, 1, 1, 1, 1, 1, 1, 1, 1, 1, 1, 1, 1, 1, 1, 1, 1, 1, 1, 1, 1, 1, 1, 1, 1, 1, 1, 1, 1, 1, 1, 1, 1, 1, 1, 1, 1, 1, 1, 1, 1, 1, 1, 1, 1, 1, 1, 1, 1, 1, 1, 1, 1, 1, 1, 1, 1, 1, 1, 1, 1, 1, 1, 1, 1, 1, 1, 1, 1, 1, 1, 1, 1, 1, 1, 1, 1, 1, 1, 1, 1, 1, 1, 1, 1, 1, 1, 1, 1, 1, 1, 1, 1, 1, 1, 1, 1, 1, 1, 1, 1, 1, 1, 1, 1, 1, 1, 1, 1, 1, 1, 1, 1, 1, 1, 1, 1, 1, 1, 1, 1, 1, 1, 1, 1, 1, 1, 1, 1, 1, 1, 1, 1, 1, 1, 1, 1, 1, 1, 1, 1, 1, 1, 1, 1, 1, 1, 1, 1, 1, 1, 1, 1, 1, 1, 1, 1, 1, 1, 1, 1, 1, 1, 1, 1, 1, 1, 1, 1, 1, 1, 1, 1, 1, 1, 1, 1, 1, 1, 1, 1, 1, 1, 1, 1, 1, 1, 1, 1, 1, 1, 1, 1, 1, 1, 1, 1, 1, 1, 1, 1, 1, 1, 1, 1, 1, 1, 1, 1, 1, 1, 1, 1, 1, 1, 1, 1, 1, 1, 1, 1, 1, 1, 1, 1, 1, 1, 1, 1, 1, 1, 1, 1, 1, 1, 1, 1, 1, 1, 1, 1, 1, 1, 1, 1, 1, 1, 1, 1, 1, 1, 1, 1, 1, 1, 1, 1, 1, 1, 1, 1, 1, 1, 1, 1, 1, 1, 1, 1, 1, 1, 1, 1, 1, 1, 1, 1, 1, 1, 1, 1, 1, 1, 1, 1, 1, 1, 1, 1, 1, 1, 1, 1, 1, 1, 1, 1, 1, 1, 1, 1, 1, 1, 1, 1, 1, 1, 1, 1, 1, 1, 1, 1, 1, 1, 1, 1, 1, 1, 1, 1, 1, 1, 1, 1, 1, 1, 1, 1, 1, 1, 1, 1, 1, 1, 1, 1, 1, 1, 1, 1, 1, 1, 1, 1, 1, 1, 1, 1, 1, 1, 1, 1, 1, 1, 1, 1, 1, 1, 1, 1, 1, 1, 1, 1, 1, 1, 1, 1, 1, 1, 1, 1, 1, 1, 1, 1, 1, 1, 1, 1, 1, 1, 1, 1, 1, 1, 1, 1, 1, 1, 1, 1, 1, 1, 1, 1, 1, 1, 1, 1, 1, 1, 1, 1, 1, 1, 1, 1, 1, 1, 1, 1, 1, 1, 1, 1, 1, 1, 1, 1, 1, 1, 1, 1, 1, 1, 1, 1, 1, 1, 1, 1, 1, 1, 1, 1, 1, 1, 1, 1, 1, 1, 1, 1, 1, 1, 1, 1, 1, 1, 1, 1, 1, 1, 1, 1, 1, 1, 1, 1, 1, 1, 1, 1, 1, 1, 1, 1, 1, 1, 1, 1, 1, 1, 1, 1, 1, 1, 1, 1, 1, 1, 1, 1, 1, 1, 1, 1, 1, 1, 1, 1, 1, 1, 1, 1, 1, 1, 1, 1, 1, 1, 1, 1, 1, 1, 1, 1, 1, 1, 1, 1, 1, 1, 1, 1, 1, 1, 1, 1, 1, 1, 1, 1, 1, 1, 1, 1, 1, 1, 1, 1, 1, 1, 1, 1, 1, 1, 1, 1, 1, 1, 1, 1, 1, 1, 1, 1, 1, 1, 1, 1, 1, 1, 1, 1, 1, 1, 1, 1, 1, 1, 1, 1, 1, 1, 1, 1, 1, 1, 1, 1, 1, 1, 1, 1, 1, 1, 1, 1, 1, 1, 1, 1, 1, 1, 1, 1, 1, 1, 1, 1, 1, 1, 1, 1, 1, 1, 1, 1, 1, 1, 1, 1, 1, 1, 1, 1, 1, 1, 1, 1, 1, 1, 1, 1, 1, 1, 1, 1, 1, 1, 1, 1, 1, 1, 1, 1, 1, 1, 1, 1, 1, 1, 1, 1, 1, 1, 1, 1, 1, 1, 1, 1, 1, 1, 1, 1, 1, 1, 1, 1, 1, 1, 1, 1, 1, 1, 1, 1, 1, 1, 1, 1, 1, 1, 1, 1, 1, 1, 1, 1, 1, 1, 1, 1, 1, 1, 1, 1, 1, 1, 1, 1, 1, 1, 1, 1, 1, 1, 1, 1, 1, 1, 1, 1, 1, 1, 1, 1, 1, 1, 1, 1, 1, 1, 1, 1, 1, 1, 1, 1, 1, 1, 1, 1, 1, 1, 1, 1, 1, 1, 1, 1, 1, 1, 1, 1, 1, 1, 1, 1, 1, 1, 1, 1, 1, 1, 1, 1, 1, 1, 1, 1, 1, 1, 1, 1, 1, 1, 1, 1, 1, 1, 1, 1, 1, 1, 1, 1, 1, 1, 1, 1, 1, 1, 1, 1, 1, 1, 1, 1, 1, 1, 1, 1, 1, 1, 1, 1, 1, 1, 1, 1, 1, 1, 1, 1, 1, 1, 1, 1, 1, 1, 1, 1, 1, 1, 1, 1, 1, 1, 1, 1, 1, 1, 1, 1, 1, 1, 1, 1, 1, 1, 1, 1, 1, 1, 1, 1, 1, 1, 1, 1, 1, 1, 1, 1, 1, 1, 1, 1, 1, 1, 1, 1, 1, 1, 1, 1, 1, 1, 1, 1, 1, 1, 1, 1, 1, 1, 1, 1, 1, 1, 1, 1, 1, 1, 1, 1, 1, 1, 1, 1, 1, 1, 1, 1, 1, 1, 1, 1, 1, 1, 1, 1, 1, 1, 1, 1, 1, 1, 1, 1, 1, 1, 1, 1, 1, 1, 1, 1, 1, 1, 1, 1, 1, 1, 1, 1, 1, 1, 1, 1, 1, 1, 1, 1, 1, 1, 1, 1, 1, 1, 1, 1, 1, 1, 1, 1, 1, 1, 1, 1, 1, 1, 1, 1, 1, 1, 1, 1, 1, 1, 1, 1, 1, 1, 1, 1, 1, 1, 1, 1, 1, 1, 1, 1, 1, 1, 1], [1, 1, 1, 1, 1, 1, 1, 1, 1, 1, 1, 1, 1, 1, 1, 1, 1, 1, 1, 1, 1, 1, 1, 1, 1, 1, 1, 1, 1, 1, 1, 1, 1, 1, 1, 1, 1, 1, 1, 1, 1, 1, 1, 1, 1, 1, 1, 1, 1, 1, 1, 1, 1, 1, 1, 1, 1, 1, 1, 1, 1, 1, 1, 1, 1, 1, 1, 1, 1, 1, 1, 1, 1, 1, 1, 1, 1, 1, 1, 1, 1, 1, 1, 1, 1, 1, 1, 1, 1, 1, 1, 1, 1, 1, 1, 1, 1, 1, 1, 1, 1, 1, 1, 1, 1, 1, 1, 1, 1, 1, 1, 1, 1, 1, 1, 1, 1, 1, 1, 1, 1, 1, 1, 1, 1, 1, 1, 1, 1, 1, 1, 1, 1, 1, 1, 1, 1, 1, 1, 1, 1, 1, 1, 1, 1, 1, 1, 1, 1, 1, 1, 1, 1, 1, 1, 1, 1, 1, 1, 1, 1, 1, 1, 1, 1, 1, 1, 1, 1, 1, 1, 1, 1, 1, 1, 1, 1, 1, 1, 1, 1, 1, 1, 1, 1, 1, 1, 1, 1, 1, 1, 1, 1, 1, 1, 1, 1, 1, 1, 1, 1, 1, 1, 1, 1, 1, 1, 1, 1, 1, 1, 1, 1, 1, 1, 1, 1, 1, 1, 1, 1, 1, 1, 1, 1, 1, 1, 1, 1, 1, 1, 1, 1, 1, 1, 1, 1, 1, 1, 1, 1, 1, 1, 1, 1, 1, 1, 1, 1, 1, 1, 1, 1, 1, 1, 1, 1, 1, 1, 1, 1, 1, 1, 1, 1, 1, 1, 1, 1, 1, 1, 1, 1, 1, 1, 1, 1, 1, 1, 1, 1, 1, 1, 1, 1, 1, 1, 1, 1, 1, 1, 1, 1, 1, 1, 1, 1, 1, 1, 1, 1, 1, 1, 1, 1, 1, 1, 1, 1, 1, 1, 1, 1, 1, 1, 1, 1, 1, 1, 1, 1, 1, 1, 1, 1, 1, 1, 1, 1, 1, 1, 1, 1, 1, 1, 1, 1, 1, 1, 1, 1, 1, 1, 1, 1, 1, 1, 1, 1, 1, 1, 1, 1, 1, 1, 1, 1, 1, 1, 1, 1, 1, 1, 1, 1, 1, 1, 1, 1, 1, 1, 1, 1, 1, 1, 1, 1, 1, 1, 1, 1, 1, 1, 1, 1, 1, 1, 1, 1, 1, 1, 1, 1, 1, 1, 1, 1, 1, 1, 1, 1, 1, 1, 1, 1, 1, 1, 1, 1, 1, 1, 1, 1, 1, 1, 1, 1, 1, 1, 1, 1, 1, 1, 1, 1, 1, 1, 1, 1, 1, 1, 1, 1, 1, 1, 1, 1, 1, 1, 1, 1, 1, 1, 1, 1, 1, 1, 1, 1, 1, 1, 1, 1, 1, 1, 1, 1, 1, 1, 1, 1, 1, 1, 1, 1, 1, 1, 1, 1, 1, 1, 1, 1, 1, 1, 1, 1, 1, 1, 1, 1, 1, 1, 1, 1, 1, 1, 1, 1, 1, 1, 1, 1, 1, 1, 1, 1, 1, 1, 1, 1, 1, 1, 1, 1, 1, 1, 1, 1, 1, 1, 1, 1, 1, 1, 1, 1, 1, 1, 1, 1, 1, 1, 1, 1, 1, 1, 1, 1, 1, 1, 1, 1, 1, 1, 1, 1, 1, 1, 1, 1, 1, 1, 1, 1, 1, 1, 1, 1, 1, 1, 1, 1, 1, 1, 1, 1, 1, 1, 1, 1, 1, 1, 1, 1, 1, 1, 1, 1, 1, 1, 1, 1, 1, 1, 1, 1, 1, 1, 1, 1, 1, 1, 1, 1, 1, 1, 1, 1, 1, 1, 1, 1, 1, 1, 1, 1, 1, 1, 1, 1, 1, 1, 1, 1, 1, 1, 1, 1, 1, 1, 1, 1, 1, 1, 1, 1, 1, 1, 1, 1, 1, 1, 1, 1, 1, 1, 1, 1, 1, 1, 1, 1, 1, 1, 1, 1, 1, 1, 1, 1, 1, 1, 1, 1, 1, 1, 1, 1, 1, 1, 1, 1, 1, 1, 1, 1, 1, 1, 1, 1, 1, 1, 1, 1, 1, 1, 1, 1, 1, 1, 1, 1, 1, 1, 1, 1, 1, 1, 1, 1, 1, 1, 1, 1, 1, 1, 1, 1, 1, 1, 1, 1, 1, 1, 1, 1, 1, 1, 1, 1, 1, 1, 1, 1, 1, 1, 1, 1, 1, 1, 1, 1, 1, 1, 1, 1, 1, 1, 1, 1, 1, 1, 1, 1, 1, 1, 1, 1, 1, 1, 1, 1, 1, 1, 1, 1, 1, 1, 1, 1, 1, 1, 1, 1, 1, 1, 1, 1, 1, 1, 1, 1, 1, 1, 1, 1, 1, 1, 1, 1, 1, 1, 1, 1, 1, 1, 1, 1, 1, 1, 1, 1, 1, 1, 1, 1, 1, 1, 1, 1, 1, 1, 1, 1, 1, 1, 1, 1, 1, 1, 1, 1, 1, 1, 1, 1, 1, 1, 1, 1, 1, 1, 1, 1, 1, 1, 1, 1, 1, 1, 1, 1, 1, 1, 1, 1, 1, 1, 1, 1, 1, 1, 1, 1, 1, 1, 1, 1, 1, 1, 1, 1, 1, 1, 1, 1, 1, 1, 1, 1, 1, 1, 1, 1, 1, 1, 1, 1, 1, 1, 1, 1, 1, 1, 1, 1, 1, 1, 1, 1, 1, 1, 1, 1, 1, 1, 1, 1, 1, 1, 1, 1, 1, 1, 1, 1, 1, 1, 1, 1, 1, 1, 1, 1, 1, 1, 1, 1, 1, 1, 1, 1, 1, 1, 1, 1, 1, 1, 1, 1, 1, 1, 1, 1, 1, 1, 1, 1, 1, 1, 1, 1, 1, 1, 1, 1, 1, 1, 1, 1, 1, 1, 1, 1, 1, 1, 1, 1, 1, 1, 1, 1, 1, 1, 1, 1, 1, 1, 1, 1, 1, 1, 1, 1, 1, 1, 1, 1, 1, 1, 1, 1, 1, 1, 1, 1, 1, 1, 1, 1, 1, 1, 1, 1, 1, 1, 1, 1, 1, 1, 1, 1, 1, 1, 1, 1, 1, 1, 1, 1, 1, 1, 1, 1, 1, 1, 1, 1, 1, 1, 1, 1, 1, 1, 1, 1, 1, 1, 1, 1, 1, 1, 1, 1, 1, 1, 1, 1, 1, 1, 1, 1, 1, 1, 1, 1, 1, 1, 1, 1, 1, 1, 1, 1, 1, 1, 1, 1, 1, 1, 1, 1, 1, 1, 1, 1, 1, 1, 1, 1, 1, 1, 1, 1, 1, 1, 1, 1, 1, 1, 1, 1, 1, 1, 1, 1, 1, 1, 1, 1, 1, 1, 1, 1, 1, 1, 1, 1, 1, 1, 1, 1, 1, 1, 1, 1, 1, 1, 1, 1, 1, 1, 1, 1, 1, 1, 1, 1, 1, 1, 1, 1, 1, 1, 1, 1, 1, 1, 1, 1, 1, 1, 1, 1, 1, 1, 1, 1, 1, 1, 1, 1, 1, 1, 1, 1, 1, 1, 1, 1, 1, 1, 1, 1, 1, 1, 1, 1, 1, 1, 1, 1, 1, 1, 1, 1, 1, 1, 1, 1, 1, 1, 1, 1, 1, 1, 1, 1, 1, 1, 1, 1, 1, 1, 1, 1, 1, 1, 1, 1, 1, 1, 1, 1, 1, 1, 1, 1, 1, 1, 1, 1, 1, 1, 1, 1, 1, 1, 1, 1, 1, 1, 1, 1, 1, 1, 1, 1, 1, 1, 1, 1, 1, 1, 1, 1, 1, 1, 1, 1, 1, 1, 1, 1, 1, 1, 1, 1, 1, 1, 1, 1, 1, 1, 1, 1, 1, 1, 1, 1, 1, 1, 1, 1, 1, 1, 1, 1, 1, 1, 1, 1, 1, 1, 1, 1, 1, 1, 1, 1, 1, 1, 1, 1, 1, 1, 1, 1, 1, 1, 1, 1, 1, 1, 1, 1, 1, 1, 1, 1, 1, 1, 1, 1, 1, 1, 1, 1, 1, 1, 1, 1, 1, 1, 1, 1, 1, 1, 1, 1, 1, 1, 1, 1, 1, 1, 1, 1, 1, 1, 1, 1, 1, 1, 1, 1, 1, 1, 1, 1, 1, 1, 1, 1, 1, 1, 1, 1, 1, 1, 1, 1, 1, 1, 1, 1, 1, 1, 1, 1, 1, 1, 1, 1, 1, 1, 1, 1, 1, 1, 1, 1, 1, 1, 1, 1, 1, 1, 1, 1, 1, 1, 1, 1, 1, 1, 1, 1, 1, 1, 1, 1, 1, 1, 1, 1, 1, 1, 1, 1, 1, 1, 1, 1, 1, 1, 1, 1, 1, 1, 1, 1, 1, 1, 1, 1, 1, 1, 1, 1, 1, 1, 1, 1, 1, 1, 1, 1, 1, 1, 1, 1, 1, 1, 1, 1, 1, 1, 1, 1, 1, 1, 1, 1, 1, 1, 1, 1, 1, 1, 1, 1, 1, 1, 1, 1, 1, 1, 1, 1, 1, 1, 1, 1, 1, 1, 1, 1, 1, 1, 1, 1, 1, 1, 1, 1, 1, 1, 1, 1, 1, 1, 1, 1, 1, 1, 1, 1, 1, 1, 1, 1, 1, 1, 1, 1, 1, 1, 1, 1, 1, 1, 1, 1, 1, 1, 1, 1, 1, 1, 1, 1, 1, 1, 1, 1, 1, 1, 1, 1, 1, 1, 1, 1, 1, 1, 1, 1, 1, 1, 1, 1, 1, 1, 1, 1, 1, 1, 1, 1, 1, 1, 1, 1, 1, 1, 1, 1, 1, 1, 1, 1, 1, 1, 1, 1, 1, 1, 1, 1, 1, 1, 1, 1, 1, 1, 1, 1, 1, 1, 1, 1, 1, 1, 1, 1, 1, 1, 1, 1, 1, 1, 1, 1, 1, 1, 1, 1, 1, 1, 1, 1, 1, 1, 1, 1, 1, 1, 1, 1, 1, 1, 1, 1, 1, 1, 1, 1, 1, 1, 1, 1, 1, 1, 1, 1, 1, 1, 1, 1, 1, 1, 1, 1, 1, 1, 1, 1, 1, 1, 1, 1, 1, 1, 1, 1, 1, 1, 1, 1, 1, 1, 1, 1, 1, 1, 1, 1, 1, 1, 1, 1, 1, 1, 1, 1, 1, 1, 1, 1, 1, 1, 1, 1, 1, 1, 1, 1, 1, 1, 1, 1, 1, 1, 1, 1, 1, 1, 1, 1, 1, 1, 1, 1, 1, 1, 1, 1, 1, 1, 1, 1, 1, 1, 1, 1, 1, 1, 1, 1, 1, 1, 1, 1, 1, 1, 1, 1, 1]], tensor-model-parallel size: [[1, 1, 1, 1, 1, 1, 1, 1, 1, 1, 1, 1, 1, 1, 1, 1, 1, 1, 1, 1, 1, 1, 1, 1, 1, 1, 1, 1, 1, 1, 1, 1, 1, 1, 1, 1, 1, 1, 1, 1, 1, 1, 1, 1, 1, 1, 1, 1, 1, 1, 1, 1, 1, 1, 1, 1, 1, 1, 1, 1, 1, 1, 1, 1, 1, 1, 1, 1, 1, 1, 1, 1, 1, 1, 1, 1, 1, 1, 1, 1, 1, 1, 1, 1, 1, 1, 1, 1, 1, 1, 1, 1, 1, 1, 1, 1, 1, 1, 1, 1, 1, 1, 1, 1, 1, 1, 1, 1, 1, 1, 1, 1, 1, 1, 1, 1, 1, 1, 1, 1, 1, 1, 1, 1, 1, 1, 1, 1, 1, 1, 1, 1, 1, 1, 1, 1, 1, 1, 1, 1, 1, 1, 1, 1, 1, 1, 1, 1, 1, 1, 1, 1, 1, 1, 1, 1, 1, 1, 1, 1, 1, 1, 1, 1, 1, 1, 1, 1, 1, 1, 1, 1, 1, 1, 1, 1, 1, 1, 1, 1, 1, 1, 1, 1, 1, 1, 1, 1, 1, 1, 1, 1, 1, 1, 1, 1, 1, 1, 1, 1, 1, 1, 1, 1, 1, 1, 1, 1, 1, 1, 1, 1, 1, 1, 1, 1, 1, 1, 1, 1, 1, 1, 1, 1, 1, 1, 1, 1, 1, 1, 1, 1, 1, 1, 1, 1, 1, 1, 1, 1, 1, 1, 1, 1, 1, 1, 1, 1, 1, 1, 1, 1, 1, 1, 1, 1, 1, 1, 1, 1, 1, 1, 1, 1, 1, 1, 1, 1, 1, 1, 1, 1, 1, 1, 1, 1, 1, 1, 1, 1, 1, 1, 1, 1, 1, 1, 1, 1, 1, 1, 1, 1, 1, 1, 1, 1, 1, 1, 1, 1, 1, 1, 1, 1, 1, 1, 1, 1, 1, 1, 1, 1, 1, 1, 1, 1, 1, 1, 1, 1, 1, 1, 1, 1, 1, 1, 1, 1, 1, 1, 1, 1, 1, 1, 1, 1, 1, 1, 1, 1, 1, 1, 1, 1, 1, 1, 1, 1, 1, 1, 1, 1, 1, 1, 1, 1, 1, 1, 1, 1, 1, 1, 1, 1, 1, 1, 1, 1, 1, 1, 1, 1, 1, 1, 1, 1, 1, 1, 1, 1, 1, 1, 1, 1, 1, 1, 1, 1, 1, 1, 1, 1, 1, 1, 1, 1, 1, 1, 1, 1, 1, 1, 1, 1, 1, 1, 1, 1, 1, 1, 1, 1, 1, 1, 1, 1, 1, 1, 1, 1, 1, 1, 1, 1, 1, 1, 1, 1, 1, 1, 1, 1, 1, 1, 1, 1, 1, 1, 1, 1, 1, 1, 1, 1, 1, 1, 1, 1, 1, 1, 1, 1, 1, 1, 1, 1, 1, 1, 1, 1, 1, 1, 1, 1, 1, 1, 1, 1, 1, 1, 1, 1, 1, 1, 1, 1, 1, 1, 1, 1, 1, 1, 1, 1, 1, 1, 1, 1, 1, 1, 1, 1, 1, 1, 1, 1, 1, 1, 1, 1, 1, 1, 1, 1, 1, 1, 1, 1, 1, 1, 1, 1, 1, 1, 1, 1, 1, 1, 1, 1, 1, 1, 1, 1, 1, 1, 1, 1, 1, 1, 1, 1, 1, 1, 1, 1, 1, 1, 1, 1, 1, 1, 1, 1, 1, 1, 1, 1, 1, 1, 1, 1, 1, 1, 1, 1, 1, 1, 1, 1, 1, 1, 1, 1, 1, 1, 1, 1, 1, 1, 1, 1, 1, 1, 1, 1, 1, 1, 1, 1, 1, 1, 1, 1, 1, 1, 1, 1, 1, 1, 1, 1, 1, 1, 1, 1, 1, 1, 1, 1, 1, 1, 1, 1, 1, 1, 1, 1, 1, 1, 1, 1, 1, 1, 1, 1, 1, 1, 1, 1, 1, 1, 1, 1, 1, 1, 1, 1, 1, 1, 1, 1, 1, 1, 1, 1, 1, 1, 1, 1, 1, 1, 1, 1, 1, 1, 1, 1, 1, 1, 1, 1, 1, 1, 1, 1, 1, 1, 1, 1, 1, 1, 1, 1, 1, 1, 1, 1, 1, 1, 1, 1, 1, 1, 1, 1, 1, 1, 1, 1, 1, 1, 1, 1, 1, 1, 1, 1, 1, 1, 1, 1, 1, 1, 1, 1, 1, 1, 1, 1, 1, 1, 1, 1, 1, 1, 1, 1, 1, 1, 1, 1, 1, 1, 1, 1, 1, 1, 1, 1, 1, 1, 1, 1, 1, 1, 1, 1, 1, 1, 1, 1, 1, 1, 1, 1, 1, 1, 1, 1, 1, 1, 1, 1, 1, 1, 1, 1, 1, 1, 1, 1, 1, 1, 1, 1, 1, 1, 1, 1, 1, 1, 1, 1, 1, 1, 1, 1, 1, 1, 1, 1, 1, 1, 1, 1, 1, 1, 1, 1, 1, 1, 1, 1, 1, 1, 1, 1, 1, 1, 1, 1, 1, 1, 1, 1, 1, 1, 1, 1, 1, 1, 1, 1, 1, 1, 1, 1, 1, 1, 1, 1, 1, 1, 1, 1, 1, 1, 1, 1, 1, 1, 1, 1, 1, 1, 1, 1, 1, 1, 1, 1, 1, 1, 1, 1, 1, 1, 1, 1, 1, 1, 1, 1, 1, 1, 1, 1, 1, 1, 1, 1, 1, 1, 1, 1, 1, 1, 1, 1, 1, 1, 1, 1, 1, 1, 1, 1, 1, 1, 1, 1, 1, 1, 1, 1, 1, 1, 1, 1, 1, 1, 1, 1, 1, 1, 1, 1, 1, 1, 1, 1, 1, 1, 1, 1, 1, 1, 1, 1, 1, 1, 1, 1, 1, 1, 1, 1, 1, 1, 1, 1, 1, 1, 1, 1, 1, 1, 1, 1, 1, 1, 1, 1, 1, 1, 1, 1, 1, 1, 1, 1, 1, 1, 1, 1, 1, 1, 1, 1, 1, 1, 1, 1, 1, 1, 1, 1, 1, 1, 1, 1, 1, 1, 1, 1, 1, 1, 1, 1, 1, 1, 1, 1, 1, 1, 1, 1, 1, 1, 1, 1, 1, 1, 1, 1, 1, 1, 1, 1, 1, 1, 1, 1, 1, 1, 1, 1, 1, 1, 1, 1, 1, 1, 1, 1, 1, 1, 1, 1, 1, 1, 1, 1, 1, 1, 1, 1, 1, 1, 1, 1, 1, 1, 1, 1, 1, 1, 1, 1, 1, 1, 1, 1, 1, 1, 1, 1, 1, 1, 1, 1, 1, 1, 1, 1, 1, 1, 1, 1, 1, 1, 1, 1, 1, 1, 1, 1, 1, 1, 1, 1, 1, 1, 1, 1, 1, 1, 1, 1, 1, 1, 1, 1, 1, 1, 1, 1, 1, 1, 1, 1, 1, 1, 1, 1, 1, 1, 1, 1, 1, 1, 1, 1, 1, 1, 1, 1, 1, 1, 1, 1, 1, 1, 1, 1, 1, 1, 1, 1, 1, 1, 1, 1, 1, 1, 1, 1, 1, 1, 1, 1, 1, 1, 1, 1, 1, 1, 1, 1, 1, 1, 1, 1, 1, 1, 1, 1, 1, 1, 1, 1, 1, 1, 1, 1, 1, 1, 1, 1, 1, 1, 1, 1, 1, 1, 1, 1, 1, 1, 1, 1, 1, 1, 1, 1, 1, 1, 1, 1, 1, 1, 1, 1, 1, 1, 1, 1, 1, 1, 1, 1, 1, 1, 1, 1, 1, 1, 1, 1, 1, 1, 1, 1, 1, 1, 1, 1, 1, 1, 1, 1, 1, 1, 1, 1, 1, 1, 1, 1, 1, 1, 1, 1, 1, 1, 1, 1, 1, 1, 1, 1, 1, 1, 1, 1, 1, 1, 1, 1, 1, 1, 1, 1, 1, 1, 1, 1, 1, 1, 1, 1, 1, 1, 1, 1, 1, 1, 1, 1, 1, 1, 1, 1, 1, 1, 1, 1, 1, 1, 1, 1, 1, 1, 1, 1, 1, 1, 1, 1, 1, 1, 1, 1, 1, 1, 1, 1, 1, 1, 1, 1, 1, 1, 1, 1, 1, 1, 1, 1, 1, 1, 1, 1, 1, 1, 1, 1, 1, 1, 1, 1, 1, 1, 1, 1, 1, 1, 1, 1, 1, 1, 1, 1, 1, 1, 1, 1, 1, 1, 1, 1, 1, 1, 1, 1, 1, 1, 1, 1, 1, 1, 1, 1, 1, 1, 1, 1, 1, 1, 1, 1, 1, 1, 1, 1, 1, 1, 1, 1, 1, 1, 1, 1, 1, 1, 1, 1, 1, 1, 1, 1, 1, 1, 1, 1, 1, 1, 1, 1, 1, 1, 1, 1, 1, 1, 1, 1, 1, 1, 1, 1, 1, 1, 1, 1, 1, 1, 1, 1, 1, 1, 1, 1, 1, 1, 1, 1, 1, 1, 1, 1, 1, 1, 1, 1, 1, 1, 1, 1, 1, 1, 1, 1, 1, 1, 1, 1, 1, 1, 1, 1, 1, 1, 1, 1, 1, 1, 1, 1, 1, 1, 1, 1, 1, 1, 1, 1, 1, 1, 1, 1, 1, 1, 1, 1, 1, 1, 1, 1, 1, 1, 1, 1, 1, 1, 1, 1, 1, 1, 1, 1, 1, 1, 1, 1, 1, 1, 1, 1, 1, 1, 1, 1, 1, 1, 1, 1, 1, 1, 1, 1, 1, 1, 1, 1, 1, 1, 1, 1, 1, 1, 1, 1, 1, 1, 1, 1, 1, 1, 1, 1, 1, 1, 1, 1, 1, 1, 1, 1, 1, 1, 1, 1, 1, 1, 1, 1, 1, 1, 1, 1, 1, 1, 1, 1, 1, 1, 1, 1, 1, 1, 1, 1, 1, 1, 1, 1, 1, 1, 1, 1, 1, 1, 1, 1, 1, 1, 1, 1, 1, 1, 1, 1, 1, 1, 1, 1, 1, 1, 1, 1, 1, 1, 1, 1, 1, 1, 1, 1, 1, 1, 1, 1, 1, 1, 1, 1, 1, 1, 1, 1, 1, 1, 1, 1, 1, 1, 1, 1, 1, 1, 1, 1, 1, 1, 1, 1, 1, 1, 1, 1, 1, 1, 1, 1, 1, 1, 1, 1, 1, 1, 1, 1, 1, 1, 1, 1, 1, 1, 1, 1, 1, 1, 1, 1, 1, 1, 1, 1, 1, 1, 1, 1, 1, 1, 1, 1, 1, 1, 1, 1, 1, 1, 1, 1, 1, 1, 1, 1, 1, 1, 1, 1, 1, 1, 1, 1, 1, 1, 1, 1, 1, 1, 1, 1, 1, 1, 1, 1, 1, 1], [1, 1, 1, 1, 1, 1, 1, 1, 1, 1, 1, 1, 1, 1, 1, 1, 1, 1, 1, 1, 1, 1, 1, 1, 1, 1, 1, 1, 1, 1, 1, 1, 1, 1, 1, 1, 1, 1, 1, 1, 1, 1, 1, 1, 1, 1, 1, 1, 1, 1, 1, 1, 1, 1, 1, 1, 1, 1, 1, 1, 1, 1, 1, 1, 1, 1, 1, 1, 1, 1, 1, 1, 1, 1, 1, 1, 1, 1, 1, 1, 1, 1, 1, 1, 1, 1, 1, 1, 1, 1, 1, 1, 1, 1, 1, 1, 1, 1, 1, 1, 1, 1, 1, 1, 1, 1, 1, 1, 1, 1, 1, 1, 1, 1, 1, 1, 1, 1, 1, 1, 1, 1, 1, 1, 1, 1, 1, 1, 1, 1, 1, 1, 1, 1, 1, 1, 1, 1, 1, 1, 1, 1, 1, 1, 1, 1, 1, 1, 1, 1, 1, 1, 1, 1, 1, 1, 1, 1, 1, 1, 1, 1, 1, 1, 1, 1, 1, 1, 1, 1, 1, 1, 1, 1, 1, 1, 1, 1, 1, 1, 1, 1, 1, 1, 1, 1, 1, 1, 1, 1, 1, 1, 1, 1, 1, 1, 1, 1, 1, 1, 1, 1, 1, 1, 1, 1, 1, 1, 1, 1, 1, 1, 1, 1, 1, 1, 1, 1, 1, 1, 1, 1, 1, 1, 1, 1, 1, 1, 1, 1, 1, 1, 1, 1, 1, 1, 1, 1, 1, 1, 1, 1, 1, 1, 1, 1, 1, 1, 1, 1, 1, 1, 1, 1, 1, 1, 1, 1, 1, 1, 1, 1, 1, 1, 1, 1, 1, 1, 1, 1, 1, 1, 1, 1, 1, 1, 1, 1, 1, 1, 1, 1, 1, 1, 1, 1, 1, 1, 1, 1, 1, 1, 1, 1, 1, 1, 1, 1, 1, 1, 1, 1, 1, 1, 1, 1, 1, 1, 1, 1, 1, 1, 1, 1, 1, 1, 1, 1, 1, 1, 1, 1, 1, 1, 1, 1, 1, 1, 1, 1, 1, 1, 1, 1, 1, 1, 1, 1, 1, 1, 1, 1, 1, 1, 1, 1, 1, 1, 1, 1, 1, 1, 1, 1, 1, 1, 1, 1, 1, 1, 1, 1, 1, 1, 1, 1, 1, 1, 1, 1, 1, 1, 1, 1, 1, 1, 1, 1, 1, 1, 1, 1, 1, 1, 1, 1, 1, 1, 1, 1, 1, 1, 1, 1, 1, 1, 1, 1, 1, 1, 1, 1, 1, 1, 1, 1, 1, 1, 1, 1, 1, 1, 1, 1, 1, 1, 1, 1, 1, 1, 1, 1, 1, 1, 1, 1, 1, 1, 1, 1, 1, 1, 1, 1, 1, 1, 1, 1, 1, 1, 1, 1, 1, 1, 1, 1, 1, 1, 1, 1, 1, 1, 1, 1, 1, 1, 1, 1, 1, 1, 1, 1, 1, 1, 1, 1, 1, 1, 1, 1, 1, 1, 1, 1, 1, 1, 1, 1, 1, 1, 1, 1, 1, 1, 1, 1, 1, 1, 1, 1, 1, 1, 1, 1, 1, 1, 1, 1, 1, 1, 1, 1, 1, 1, 1, 1, 1, 1, 1, 1, 1, 1, 1, 1, 1, 1, 1, 1, 1, 1, 1, 1, 1, 1, 1, 1, 1, 1, 1, 1, 1, 1, 1, 1, 1, 1, 1, 1, 1, 1, 1, 1, 1, 1, 1, 1, 1, 1, 1, 1, 1, 1, 1, 1, 1, 1, 1, 1, 1, 1, 1, 1, 1, 1, 1, 1, 1, 1, 1, 1, 1, 1, 1, 1, 1, 1, 1, 1, 1, 1, 1, 1, 1, 1, 1, 1, 1, 1, 1, 1, 1, 1, 1, 1, 1, 1, 1, 1, 1, 1, 1, 1, 1, 1, 1, 1, 1, 1, 1, 1, 1, 1, 1, 1, 1, 1, 1, 1, 1, 1, 1, 1, 1, 1, 1, 1, 1, 1, 1, 1, 1, 1, 1, 1, 1, 1, 1, 1, 1, 1, 1, 1, 1, 1, 1, 1, 1, 1, 1, 1, 1, 1, 1, 1, 1, 1, 1, 1, 1, 1, 1, 1, 1, 1, 1, 1, 1, 1, 1, 1, 1, 1, 1, 1, 1, 1, 1, 1, 1, 1, 1, 1, 1, 1, 1, 1, 1, 1, 1, 1, 1, 1, 1, 1, 1, 1, 1, 1, 1, 1, 1, 1, 1, 1, 1, 1, 1, 1, 1, 1, 1, 1, 1, 1, 1, 1, 1, 1, 1, 1, 1, 1, 1, 1, 1, 1, 1, 1, 1, 1, 1, 1, 1, 1, 1, 1, 1, 1, 1, 1, 1, 1, 1, 1, 1, 1, 1, 1, 1, 1, 1, 1, 1, 1, 1, 1, 1, 1, 1, 1, 1, 1, 1, 1, 1, 1, 1, 1, 1, 1, 1, 1, 1, 1, 1, 1, 1, 1, 1, 1, 1, 1, 1, 1, 1, 1, 1, 1, 1, 1, 1, 1, 1, 1, 1, 1, 1, 1, 1, 1, 1, 1, 1, 1, 1, 1, 1, 1, 1, 1, 1, 1, 1, 1, 1, 1, 1, 1, 1, 1, 1, 1, 1, 1, 1, 1, 1, 1, 1, 1, 1, 1, 1, 1, 1, 1, 1, 1, 1, 1, 1, 1, 1, 1, 1, 1, 1, 1, 1, 1, 1, 1, 1, 1, 1, 1, 1, 1, 1, 1, 1, 1, 1, 1, 1, 1, 1, 1, 1, 1, 1, 1, 1, 1, 1, 1, 1, 1, 1, 1, 1, 1, 1, 1, 1, 1, 1, 1, 1, 1, 1, 1, 1, 1, 1, 1, 1, 1, 1, 1, 1, 1, 1, 1, 1, 1, 1, 1, 1, 1, 1, 1, 1, 1, 1, 1, 1, 1, 1, 1, 1, 1, 1, 1, 1, 1, 1, 1, 1, 1, 1, 1, 1, 1, 1, 1, 1, 1, 1, 1, 1, 1, 1, 1, 1, 1, 1, 1, 1, 1, 1, 1, 1, 1, 1, 1, 1, 1, 1, 1, 1, 1, 1, 1, 1, 1, 1, 1, 1, 1, 1, 1, 1, 1, 1, 1, 1, 1, 1, 1, 1, 1, 1, 1, 1, 1, 1, 1, 1, 1, 1, 1, 1, 1, 1, 1, 1, 1, 1, 1, 1, 1, 1, 1, 1, 1, 1, 1, 1, 1, 1, 1, 1, 1, 1, 1, 1, 1, 1, 1, 1, 1, 1, 1, 1, 1, 1, 1, 1, 1, 1, 1, 1, 1, 1, 1, 1, 1, 1, 1, 1, 1, 1, 1, 1, 1, 1, 1, 1, 1, 1, 1, 1, 1, 1, 1, 1, 1, 1, 1, 1, 1, 1, 1, 1, 1, 1, 1, 1, 1, 1, 1, 1, 1, 1, 1, 1, 1, 1, 1, 1, 1, 1, 1, 1, 1, 1, 1, 1, 1, 1, 1, 1, 1, 1, 1, 1, 1, 1, 1, 1, 1, 1, 1, 1, 1, 1, 1, 1, 1, 1, 1, 1, 1, 1, 1, 1, 1, 1, 1, 1, 1, 1, 1, 1, 1, 1, 1, 1, 1, 1, 1, 1, 1, 1, 1, 1, 1, 1, 1, 1, 1, 1, 1, 1, 1, 1, 1, 1, 1, 1, 1, 1, 1, 1, 1, 1, 1, 1, 1, 1, 1, 1, 1, 1, 1, 1, 1, 1, 1, 1, 1, 1, 1, 1, 1, 1, 1, 1, 1, 1, 1, 1, 1, 1, 1, 1, 1, 1, 1, 1, 1, 1, 1, 1, 1, 1, 1, 1, 1, 1, 1, 1, 1, 1, 1, 1, 1, 1, 1, 1, 1, 1, 1, 1, 1, 1, 1, 1, 1, 1, 1, 1, 1, 1, 1, 1, 1, 1, 1, 1, 1, 1, 1, 1, 1, 1, 1, 1, 1, 1, 1, 1, 1, 1, 1, 1, 1, 1, 1, 1, 1, 1, 1, 1, 1, 1, 1, 1, 1, 1, 1, 1, 1, 1, 1, 1, 1, 1, 1, 1, 1, 1, 1, 1, 1, 1, 1, 1, 1, 1, 1, 1, 1, 1, 1, 1, 1, 1, 1, 1, 1, 1, 1, 1, 1, 1, 1, 1, 1, 1, 1, 1, 1, 1, 1, 1, 1, 1, 1, 1, 1, 1, 1, 1, 1, 1, 1, 1, 1, 1, 1, 1, 1, 1, 1, 1, 1, 1, 1, 1, 1, 1, 1, 1, 1, 1, 1, 1, 1, 1, 1, 1, 1, 1, 1, 1, 1, 1, 1, 1, 1, 1, 1, 1, 1, 1, 1, 1, 1, 1, 1, 1, 1, 1, 1, 1, 1, 1, 1, 1, 1, 1, 1, 1, 1, 1, 1, 1, 1, 1, 1, 1, 1, 1, 1, 1, 1, 1, 1, 1, 1, 1, 1, 1, 1, 1, 1, 1, 1, 1, 1, 1, 1, 1, 1, 1, 1, 1, 1, 1, 1, 1, 1, 1, 1, 1, 1, 1, 1, 1, 1, 1, 1, 1, 1, 1, 1, 1, 1, 1, 1, 1, 1, 1, 1, 1, 1, 1, 1, 1, 1, 1, 1, 1, 1, 1, 1, 1, 1, 1, 1, 1, 1, 1, 1, 1, 1, 1, 1, 1, 1, 1, 1, 1, 1, 1, 1, 1, 1, 1, 1, 1, 1, 1, 1, 1, 1, 1, 1, 1, 1, 1, 1, 1, 1, 1, 1, 1, 1, 1, 1, 1, 1, 1, 1, 1, 1, 1, 1, 1, 1, 1, 1, 1, 1, 1, 1, 1, 1, 1, 1, 1, 1, 1, 1, 1, 1, 1, 1, 1, 1, 1, 1, 1, 1, 1, 1, 1, 1, 1, 1, 1, 1, 1, 1, 1, 1, 1, 1, 1, 1, 1, 1, 1, 1, 1, 1, 1, 1, 1, 1, 1, 1, 1, 1, 1, 1, 1, 1, 1, 1, 1, 1, 1, 1, 1, 1, 1, 1, 1, 1, 1, 1, 1, 1, 1, 1, 1, 1, 1, 1, 1, 1, 1, 1, 1, 1, 1, 1, 1, 1, 1, 1, 1, 1, 1, 1, 1, 1, 1, 1, 1, 1, 1, 1, 1, 1, 1, 1, 1, 1, 1, 1, 1, 1, 1, 1, 1, 1, 1, 1, 1, 1, 1, 1, 1, 1, 1, 1, 1, 1, 1, 1, 1, 1, 1, 1, 1, 1, 1, 1, 1, 1, 1, 1, 1, 1, 1, 1, 1, 1, 1, 1, 1, 1, 1, 1, 1, 1, 1, 1, 1], [1, 1, 1, 1, 1, 1, 1, 1, 1, 1, 1, 1, 1, 1, 1, 1, 1, 1, 1, 1, 1, 1, 1, 1, 1, 1, 1, 1, 1, 1, 1, 1, 1, 1, 1, 1, 1, 1, 1, 1, 1, 1, 1, 1, 1, 1, 1, 1, 1, 1, 1, 1, 1, 1, 1, 1, 1, 1, 1, 1, 1, 1, 1, 1, 1, 1, 1, 1, 1, 1, 1, 1, 1, 1, 1, 1, 1, 1, 1, 1, 1, 1, 1, 1, 1, 1, 1, 1, 1, 1, 1, 1, 1, 1, 1, 1, 1, 1, 1, 1, 1, 1, 1, 1, 1, 1, 1, 1, 1, 1, 1, 1, 1, 1, 1, 1, 1, 1, 1, 1, 1, 1, 1, 1, 1, 1, 1, 1, 1, 1, 1, 1, 1, 1, 1, 1, 1, 1, 1, 1, 1, 1, 1, 1, 1, 1, 1, 1, 1, 1, 1, 1, 1, 1, 1, 1, 1, 1, 1, 1, 1, 1, 1, 1, 1, 1, 1, 1, 1, 1, 1, 1, 1, 1, 1, 1, 1, 1, 1, 1, 1, 1, 1, 1, 1, 1, 1, 1, 1, 1, 1, 1, 1, 1, 1, 1, 1, 1, 1, 1, 1, 1, 1, 1, 1, 1, 1, 1, 1, 1, 1, 1, 1, 1, 1, 1, 1, 1, 1, 1, 1, 1, 1, 1, 1, 1, 1, 1, 1, 1, 1, 1, 1, 1, 1, 1, 1, 1, 1, 1, 1, 1, 1, 1, 1, 1, 1, 1, 1, 1, 1, 1, 1, 1, 1, 1, 1, 1, 1, 1, 1, 1, 1, 1, 1, 1, 1, 1, 1, 1, 1, 1, 1, 1, 1, 1, 1, 1, 1, 1, 1, 1, 1, 1, 1, 1, 1, 1, 1, 1, 1, 1, 1, 1, 1, 1, 1, 1, 1, 1, 1, 1, 1, 1, 1, 1, 1, 1, 1, 1, 1, 1, 1, 1, 1, 1, 1, 1, 1, 1, 1, 1, 1, 1, 1, 1, 1, 1, 1, 1, 1, 1, 1, 1, 1, 1, 1, 1, 1, 1, 1, 1, 1, 1, 1, 1, 1, 1, 1, 1, 1, 1, 1, 1, 1, 1, 1, 1, 1, 1, 1, 1, 1, 1, 1, 1, 1, 1, 1, 1, 1, 1, 1, 1, 1, 1, 1, 1, 1, 1, 1, 1, 1, 1, 1, 1, 1, 1, 1, 1, 1, 1, 1, 1, 1, 1, 1, 1, 1, 1, 1, 1, 1, 1, 1, 1, 1, 1, 1, 1, 1, 1, 1, 1, 1, 1, 1, 1, 1, 1, 1, 1, 1, 1, 1, 1, 1, 1, 1, 1, 1, 1, 1, 1, 1, 1, 1, 1, 1, 1, 1, 1, 1, 1, 1, 1, 1, 1, 1, 1, 1, 1, 1, 1, 1, 1, 1, 1, 1, 1, 1, 1, 1, 1, 1, 1, 1, 1, 1, 1, 1, 1, 1, 1, 1, 1, 1, 1, 1, 1, 1, 1, 1, 1, 1, 1, 1, 1, 1, 1, 1, 1, 1, 1, 1, 1, 1, 1, 1, 1, 1, 1, 1, 1, 1, 1, 1, 1, 1, 1, 1, 1, 1, 1, 1, 1, 1, 1, 1, 1, 1, 1, 1, 1, 1, 1, 1, 1, 1, 1, 1, 1, 1, 1, 1, 1, 1, 1, 1, 1, 1, 1, 1, 1, 1, 1, 1, 1, 1, 1, 1, 1, 1, 1, 1, 1, 1, 1, 1, 1, 1, 1, 1, 1, 1, 1, 1, 1, 1, 1, 1, 1, 1, 1, 1, 1, 1, 1, 1, 1, 1, 1, 1, 1, 1, 1, 1, 1, 1, 1, 1, 1, 1, 1, 1, 1, 1, 1, 1, 1, 1, 1, 1, 1, 1, 1, 1, 1, 1, 1, 1, 1, 1, 1, 1, 1, 1, 1, 1, 1, 1, 1, 1, 1, 1, 1, 1, 1, 1, 1, 1, 1, 1, 1, 1, 1, 1, 1, 1, 1, 1, 1, 1, 1, 1, 1, 1, 1, 1, 1, 1, 1, 1, 1, 1, 1, 1, 1, 1, 1, 1, 1, 1, 1, 1, 1, 1, 1, 1, 1, 1, 1, 1, 1, 1, 1, 1, 1, 1, 1, 1, 1, 1, 1, 1, 1, 1, 1, 1, 1, 1, 1, 1, 1, 1, 1, 1, 1, 1, 1, 1, 1, 1, 1, 1, 1, 1, 1, 1, 1, 1, 1, 1, 1, 1, 1, 1, 1, 1, 1, 1, 1, 1, 1, 1, 1, 1, 1, 1, 1, 1, 1, 1, 1, 1, 1, 1, 1, 1, 1, 1, 1, 1, 1, 1, 1, 1, 1, 1, 1, 1, 1, 1, 1, 1, 1, 1, 1, 1, 1, 1, 1, 1, 1, 1, 1, 1, 1, 1, 1, 1, 1, 1, 1, 1, 1, 1, 1, 1, 1, 1, 1, 1, 1, 1, 1, 1, 1, 1, 1, 1, 1, 1, 1, 1, 1, 1, 1, 1, 1, 1, 1, 1, 1, 1, 1, 1, 1, 1, 1, 1, 1, 1, 1, 1, 1, 1, 1, 1, 1, 1, 1, 1, 1, 1, 1, 1, 1, 1, 1, 1, 1, 1, 1, 1, 1, 1, 1, 1, 1, 1, 1, 1, 1, 1, 1, 1, 1, 1, 1, 1, 1, 1, 1, 1, 1, 1, 1, 1, 1, 1, 1, 1, 1, 1, 1, 1, 1, 1, 1, 1, 1, 1, 1, 1, 1, 1, 1, 1, 1, 1, 1, 1, 1, 1, 1, 1, 1, 1, 1, 1, 1, 1, 1, 1, 1, 1, 1, 1, 1, 1, 1, 1, 1, 1, 1, 1, 1, 1, 1, 1, 1, 1, 1, 1, 1, 1, 1, 1, 1, 1, 1, 1, 1, 1, 1, 1, 1, 1, 1, 1, 1, 1, 1, 1, 1, 1, 1, 1, 1, 1, 1, 1, 1, 1, 1, 1, 1, 1, 1, 1, 1, 1, 1, 1, 1, 1, 1, 1, 1, 1, 1, 1, 1, 1, 1, 1, 1, 1, 1, 1, 1, 1, 1, 1, 1, 1, 1, 1, 1, 1, 1, 1, 1, 1, 1, 1, 1, 1, 1, 1, 1, 1, 1, 1, 1, 1, 1, 1, 1, 1, 1, 1, 1, 1, 1, 1, 1, 1, 1, 1, 1, 1, 1, 1, 1, 1, 1, 1, 1, 1, 1, 1, 1, 1, 1, 1, 1, 1, 1, 1, 1, 1, 1, 1, 1, 1, 1, 1, 1, 1, 1, 1, 1, 1, 1, 1, 1, 1, 1, 1, 1, 1, 1, 1, 1, 1, 1, 1, 1, 1, 1, 1, 1, 1, 1, 1, 1, 1, 1, 1, 1, 1, 1, 1, 1, 1, 1, 1, 1, 1, 1, 1, 1, 1, 1, 1, 1, 1, 1, 1, 1, 1, 1, 1, 1, 1, 1, 1, 1, 1, 1, 1, 1, 1, 1, 1, 1, 1, 1, 1, 1, 1, 1, 1, 1, 1, 1, 1, 1, 1, 1, 1, 1, 1, 1, 1, 1, 1, 1, 1, 1, 1, 1, 1, 1, 1, 1, 1, 1, 1, 1, 1, 1, 1, 1, 1, 1, 1, 1, 1, 1, 1, 1, 1, 1, 1, 1, 1, 1, 1, 1, 1, 1, 1, 1, 1, 1, 1, 1, 1, 1, 1, 1, 1, 1, 1, 1, 1, 1, 1, 1, 1, 1, 1, 1, 1, 1, 1, 1, 1, 1, 1, 1, 1, 1, 1, 1, 1, 1, 1, 1, 1, 1, 1, 1, 1, 1, 1, 1, 1, 1, 1, 1, 1, 1, 1, 1, 1, 1, 1, 1, 1, 1, 1, 1, 1, 1, 1, 1, 1, 1, 1, 1, 1, 1, 1, 1, 1, 1, 1, 1, 1, 1, 1, 1, 1, 1, 1, 1, 1, 1, 1, 1, 1, 1, 1, 1, 1, 1, 1, 1, 1, 1, 1, 1, 1, 1, 1, 1, 1, 1, 1, 1, 1, 1, 1, 1, 1, 1, 1, 1, 1, 1, 1, 1, 1, 1, 1, 1, 1, 1, 1, 1, 1, 1, 1, 1, 1, 1, 1, 1, 1, 1, 1, 1, 1, 1, 1, 1, 1, 1, 1, 1, 1, 1, 1, 1, 1, 1, 1, 1, 1, 1, 1, 1, 1, 1, 1, 1, 1, 1, 1, 1, 1, 1, 1, 1, 1, 1, 1, 1, 1, 1, 1, 1, 1, 1, 1, 1, 1, 1, 1, 1, 1, 1, 1, 1, 1, 1, 1, 1, 1, 1, 1, 1, 1, 1, 1, 1, 1, 1, 1, 1, 1, 1, 1, 1, 1, 1, 1, 1, 1, 1, 1, 1, 1, 1, 1, 1, 1, 1, 1, 1, 1, 1, 1, 1, 1, 1, 1, 1, 1, 1, 1, 1, 1, 1, 1, 1, 1, 1, 1, 1, 1, 1, 1, 1, 1, 1, 1, 1, 1, 1, 1, 1, 1, 1, 1, 1, 1, 1, 1, 1, 1, 1, 1, 1, 1, 1, 1, 1, 1, 1, 1, 1, 1, 1, 1, 1, 1, 1, 1, 1, 1, 1, 1, 1, 1, 1, 1, 1, 1, 1, 1, 1, 1, 1, 1, 1, 1, 1, 1, 1, 1, 1, 1, 1, 1, 1, 1, 1, 1, 1, 1, 1, 1, 1, 1, 1, 1, 1, 1, 1, 1, 1, 1, 1, 1, 1, 1, 1, 1, 1, 1, 1, 1, 1, 1, 1, 1, 1, 1, 1, 1, 1, 1, 1, 1, 1, 1, 1, 1, 1, 1, 1, 1, 1, 1, 1, 1, 1, 1, 1, 1, 1, 1, 1, 1, 1, 1, 1, 1, 1, 1, 1, 1, 1, 1, 1, 1, 1, 1, 1, 1, 1, 1, 1, 1, 1, 1, 1, 1, 1, 1, 1, 1, 1, 1, 1, 1, 1, 1, 1, 1, 1, 1, 1, 1, 1, 1, 1, 1, 1, 1, 1, 1, 1, 1, 1, 1, 1, 1, 1, 1, 1, 1, 1, 1, 1, 1, 1, 1, 1, 1, 1, 1, 1, 1, 1, 1, 1, 1, 1, 1, 1, 1, 1, 1, 1, 1, 1, 1, 1, 1, 1, 1, 1, 1, 1, 1, 1, 1, 1, 1, 1, 1, 1, 1, 1, 1, 1, 1, 1, 1, 1, 1, 1, 1, 1, 1, 1, 1, 1, 1, 1, 1, 1, 1, 1, 1, 1, 1, 1], [1, 1, 1, 1, 1, 1, 1, 1, 1, 1, 1, 1, 1, 1, 1, 1, 1, 1, 1, 1, 1, 1, 1, 1, 1, 1, 1, 1, 1, 1, 1, 1, 1, 1, 1, 1, 1, 1, 1, 1, 1, 1, 1, 1, 1, 1, 1, 1, 1, 1, 1, 1, 1, 1, 1, 1, 1, 1, 1, 1, 1, 1, 1, 1, 1, 1, 1, 1, 1, 1, 1, 1, 1, 1, 1, 1, 1, 1, 1, 1, 1, 1, 1, 1, 1, 1, 1, 1, 1, 1, 1, 1, 1, 1, 1, 1, 1, 1, 1, 1, 1, 1, 1, 1, 1, 1, 1, 1, 1, 1, 1, 1, 1, 1, 1, 1, 1, 1, 1, 1, 1, 1, 1, 1, 1, 1, 1, 1, 1, 1, 1, 1, 1, 1, 1, 1, 1, 1, 1, 1, 1, 1, 1, 1, 1, 1, 1, 1, 1, 1, 1, 1, 1, 1, 1, 1, 1, 1, 1, 1, 1, 1, 1, 1, 1, 1, 1, 1, 1, 1, 1, 1, 1, 1, 1, 1, 1, 1, 1, 1, 1, 1, 1, 1, 1, 1, 1, 1, 1, 1, 1, 1, 1, 1, 1, 1, 1, 1, 1, 1, 1, 1, 1, 1, 1, 1, 1, 1, 1, 1, 1, 1, 1, 1, 1, 1, 1, 1, 1, 1, 1, 1, 1, 1, 1, 1, 1, 1, 1, 1, 1, 1, 1, 1, 1, 1, 1, 1, 1, 1, 1, 1, 1, 1, 1, 1, 1, 1, 1, 1, 1, 1, 1, 1, 1, 1, 1, 1, 1, 1, 1, 1, 1, 1, 1, 1, 1, 1, 1, 1, 1, 1, 1, 1, 1, 1, 1, 1, 1, 1, 1, 1, 1, 1, 1, 1, 1, 1, 1, 1, 1, 1, 1, 1, 1, 1, 1, 1, 1, 1, 1, 1, 1, 1, 1, 1, 1, 1, 1, 1, 1, 1, 1, 1, 1, 1, 1, 1, 1, 1, 1, 1, 1, 1, 1, 1, 1, 1, 1, 1, 1, 1, 1, 1, 1, 1, 1, 1, 1, 1, 1, 1, 1, 1, 1, 1, 1, 1, 1, 1, 1, 1, 1, 1, 1, 1, 1, 1, 1, 1, 1, 1, 1, 1, 1, 1, 1, 1, 1, 1, 1, 1, 1, 1, 1, 1, 1, 1, 1, 1, 1, 1, 1, 1, 1, 1, 1, 1, 1, 1, 1, 1, 1, 1, 1, 1, 1, 1, 1, 1, 1, 1, 1, 1, 1, 1, 1, 1, 1, 1, 1, 1, 1, 1, 1, 1, 1, 1, 1, 1, 1, 1, 1, 1, 1, 1, 1, 1, 1, 1, 1, 1, 1, 1, 1, 1, 1, 1, 1, 1, 1, 1, 1, 1, 1, 1, 1, 1, 1, 1, 1, 1, 1, 1, 1, 1, 1, 1, 1, 1, 1, 1, 1, 1, 1, 1, 1, 1, 1, 1, 1, 1, 1, 1, 1, 1, 1, 1, 1, 1, 1, 1, 1, 1, 1, 1, 1, 1, 1, 1, 1, 1, 1, 1, 1, 1, 1, 1, 1, 1, 1, 1, 1, 1, 1, 1, 1, 1, 1, 1, 1, 1, 1, 1, 1, 1, 1, 1, 1, 1, 1, 1, 1, 1, 1, 1, 1, 1, 1, 1, 1, 1, 1, 1, 1, 1, 1, 1, 1, 1, 1, 1, 1, 1, 1, 1, 1, 1, 1, 1, 1, 1, 1, 1, 1, 1, 1, 1, 1, 1, 1, 1, 1, 1, 1, 1, 1, 1, 1, 1, 1, 1, 1, 1, 1, 1, 1, 1, 1, 1, 1, 1, 1, 1, 1, 1, 1, 1, 1, 1, 1, 1, 1, 1, 1, 1, 1, 1, 1, 1, 1, 1, 1, 1, 1, 1, 1, 1, 1, 1, 1, 1, 1, 1, 1, 1, 1, 1, 1, 1, 1, 1, 1, 1, 1, 1, 1, 1, 1, 1, 1, 1, 1, 1, 1, 1, 1, 1, 1, 1, 1, 1, 1, 1, 1, 1, 1, 1, 1, 1, 1, 1, 1, 1, 1, 1, 1, 1, 1, 1, 1, 1, 1, 1, 1, 1, 1, 1, 1, 1, 1, 1, 1, 1, 1, 1, 1, 1, 1, 1, 1, 1, 1, 1, 1, 1, 1, 1, 1, 1, 1, 1, 1, 1, 1, 1, 1, 1, 1, 1, 1, 1, 1, 1, 1, 1, 1, 1, 1, 1, 1, 1, 1, 1, 1, 1, 1, 1, 1, 1, 1, 1, 1, 1, 1, 1, 1, 1, 1, 1, 1, 1, 1, 1, 1, 1, 1, 1, 1, 1, 1, 1, 1, 1, 1, 1, 1, 1, 1, 1, 1, 1, 1, 1, 1, 1, 1, 1, 1, 1, 1, 1, 1, 1, 1, 1, 1, 1, 1, 1, 1, 1, 1, 1, 1, 1, 1, 1, 1, 1, 1, 1, 1, 1, 1, 1, 1, 1, 1, 1, 1, 1, 1, 1, 1, 1, 1, 1, 1, 1, 1, 1, 1, 1, 1, 1, 1, 1, 1, 1, 1, 1, 1, 1, 1, 1, 1, 1, 1, 1, 1, 1, 1, 1, 1, 1, 1, 1, 1, 1, 1, 1, 1, 1, 1, 1, 1, 1, 1, 1, 1, 1, 1, 1, 1, 1, 1, 1, 1, 1, 1, 1, 1, 1, 1, 1, 1, 1, 1, 1, 1, 1, 1, 1, 1, 1, 1, 1, 1, 1, 1, 1, 1, 1, 1, 1, 1, 1, 1, 1, 1, 1, 1, 1, 1, 1, 1, 1, 1, 1, 1, 1, 1, 1, 1, 1, 1, 1, 1, 1, 1, 1, 1, 1, 1, 1, 1, 1, 1, 1, 1, 1, 1, 1, 1, 1, 1, 1, 1, 1, 1, 1, 1, 1, 1, 1, 1, 1, 1, 1, 1, 1, 1, 1, 1, 1, 1, 1, 1, 1, 1, 1, 1, 1, 1, 1, 1, 1, 1, 1, 1, 1, 1, 1, 1, 1, 1, 1, 1, 1, 1, 1, 1, 1, 1, 1, 1, 1, 1, 1, 1, 1, 1, 1, 1, 1, 1, 1, 1, 1, 1, 1, 1, 1, 1, 1, 1, 1, 1, 1, 1, 1, 1, 1, 1, 1, 1, 1, 1, 1, 1, 1, 1, 1, 1, 1, 1, 1, 1, 1, 1, 1, 1, 1, 1, 1, 1, 1, 1, 1, 1, 1, 1, 1, 1, 1, 1, 1, 1, 1, 1, 1, 1, 1, 1, 1, 1, 1, 1, 1, 1, 1, 1, 1, 1, 1, 1, 1, 1, 1, 1, 1, 1, 1, 1, 1, 1, 1, 1, 1, 1, 1, 1, 1, 1, 1, 1, 1, 1, 1, 1, 1, 1, 1, 1, 1, 1, 1, 1, 1, 1, 1, 1, 1, 1, 1, 1, 1, 1, 1, 1, 1, 1, 1, 1, 1, 1, 1, 1, 1, 1, 1, 1, 1, 1, 1, 1, 1, 1, 1, 1, 1, 1, 1, 1, 1, 1, 1, 1, 1, 1, 1, 1, 1, 1, 1, 1, 1, 1, 1, 1, 1, 1, 1, 1, 1, 1, 1, 1, 1, 1, 1, 1, 1, 1, 1, 1, 1, 1, 1, 1, 1, 1, 1, 1, 1, 1, 1, 1, 1, 1, 1, 1, 1, 1, 1, 1, 1, 1, 1, 1, 1, 1, 1, 1, 1, 1, 1, 1, 1, 1, 1, 1, 1, 1, 1, 1, 1, 1, 1, 1, 1, 1, 1, 1, 1, 1, 1, 1, 1, 1, 1, 1, 1, 1, 1, 1, 1, 1, 1, 1, 1, 1, 1, 1, 1, 1, 1, 1, 1, 1, 1, 1, 1, 1, 1, 1, 1, 1, 1, 1, 1, 1, 1, 1, 1, 1, 1, 1, 1, 1, 1, 1, 1, 1, 1, 1, 1, 1, 1, 1, 1, 1, 1, 1, 1, 1, 1, 1, 1, 1, 1, 1, 1, 1, 1, 1, 1, 1, 1, 1, 1, 1, 1, 1, 1, 1, 1, 1, 1, 1, 1, 1, 1, 1, 1, 1, 1, 1, 1, 1, 1, 1, 1, 1, 1, 1, 1, 1, 1, 1, 1, 1, 1, 1, 1, 1, 1, 1, 1, 1, 1, 1, 1, 1, 1, 1, 1, 1, 1, 1, 1, 1, 1, 1, 1, 1, 1, 1, 1, 1, 1, 1, 1, 1, 1, 1, 1, 1, 1, 1, 1, 1, 1, 1, 1, 1, 1, 1, 1, 1, 1, 1, 1, 1, 1, 1, 1, 1, 1, 1, 1, 1, 1, 1, 1, 1, 1, 1, 1, 1, 1, 1, 1, 1, 1, 1, 1, 1, 1, 1, 1, 1, 1, 1, 1, 1, 1, 1, 1, 1, 1, 1, 1, 1, 1, 1, 1, 1, 1, 1, 1, 1, 1, 1, 1, 1, 1, 1, 1, 1, 1, 1, 1, 1, 1, 1, 1, 1, 1, 1, 1, 1, 1, 1, 1, 1, 1, 1, 1, 1, 1, 1, 1, 1, 1, 1, 1, 1, 1, 1, 1, 1, 1, 1, 1, 1, 1, 1, 1, 1, 1, 1, 1, 1, 1, 1, 1, 1, 1, 1, 1, 1, 1, 1, 1, 1, 1, 1, 1, 1, 1, 1, 1, 1, 1, 1, 1, 1, 1, 1, 1, 1, 1, 1, 1, 1, 1, 1, 1, 1, 1, 1, 1, 1, 1, 1, 1, 1, 1, 1, 1, 1, 1, 1, 1, 1, 1, 1, 1, 1, 1, 1, 1, 1, 1, 1, 1, 1, 1, 1, 1, 1, 1, 1, 1, 1, 1, 1, 1, 1, 1, 1, 1, 1, 1, 1, 1, 1, 1, 1, 1, 1, 1, 1, 1, 1, 1, 1, 1, 1, 1, 1, 1, 1, 1, 1, 1, 1, 1, 1, 1, 1, 1, 1, 1, 1, 1, 1, 1, 1, 1, 1, 1, 1, 1, 1, 1, 1, 1, 1, 1, 1, 1, 1, 1, 1, 1, 1, 1, 1, 1, 1, 1, 1, 1, 1, 1, 1, 1, 1, 1, 1, 1, 1, 1, 1, 1, 1, 1, 1, 1, 1, 1, 1, 1, 1, 1, 1, 1, 1, 1, 1, 1, 1, 1, 1, 1, 1, 1, 1, 1, 1, 1, 1, 1, 1, 1, 1, 1, 1, 1, 1, 1, 1, 1, 1, 1, 1, 1, 1, 1, 1, 1, 1, 1, 1, 1, 1, 1, 1, 1, 1, 1], [1, 1, 1, 1, 1, 1, 1, 1, 1, 1, 1, 1, 1, 1, 1, 1, 1, 1, 1, 1, 1, 1, 1, 1, 1, 1, 1, 1, 1, 1, 1, 1, 1, 1, 1, 1, 1, 1, 1, 1, 1, 1, 1, 1, 1, 1, 1, 1, 1, 1, 1, 1, 1, 1, 1, 1, 1, 1, 1, 1, 1, 1, 1, 1, 1, 1, 1, 1, 1, 1, 1, 1, 1, 1, 1, 1, 1, 1, 1, 1, 1, 1, 1, 1, 1, 1, 1, 1, 1, 1, 1, 1, 1, 1, 1, 1, 1, 1, 1, 1, 1, 1, 1, 1, 1, 1, 1, 1, 1, 1, 1, 1, 1, 1, 1, 1, 1, 1, 1, 1, 1, 1, 1, 1, 1, 1, 1, 1, 1, 1, 1, 1, 1, 1, 1, 1, 1, 1, 1, 1, 1, 1, 1, 1, 1, 1, 1, 1, 1, 1, 1, 1, 1, 1, 1, 1, 1, 1, 1, 1, 1, 1, 1, 1, 1, 1, 1, 1, 1, 1, 1, 1, 1, 1, 1, 1, 1, 1, 1, 1, 1, 1, 1, 1, 1, 1, 1, 1, 1, 1, 1, 1, 1, 1, 1, 1, 1, 1, 1, 1, 1, 1, 1, 1, 1, 1, 1, 1, 1, 1, 1, 1, 1, 1, 1, 1, 1, 1, 1, 1, 1, 1, 1, 1, 1, 1, 1, 1, 1, 1, 1, 1, 1, 1, 1, 1, 1, 1, 1, 1, 1, 1, 1, 1, 1, 1, 1, 1, 1, 1, 1, 1, 1, 1, 1, 1, 1, 1, 1, 1, 1, 1, 1, 1, 1, 1, 1, 1, 1, 1, 1, 1, 1, 1, 1, 1, 1, 1, 1, 1, 1, 1, 1, 1, 1, 1, 1, 1, 1, 1, 1, 1, 1, 1, 1, 1, 1, 1, 1, 1, 1, 1, 1, 1, 1, 1, 1, 1, 1, 1, 1, 1, 1, 1, 1, 1, 1, 1, 1, 1, 1, 1, 1, 1, 1, 1, 1, 1, 1, 1, 1, 1, 1, 1, 1, 1, 1, 1, 1, 1, 1, 1, 1, 1, 1, 1, 1, 1, 1, 1, 1, 1, 1, 1, 1, 1, 1, 1, 1, 1, 1, 1, 1, 1, 1, 1, 1, 1, 1, 1, 1, 1, 1, 1, 1, 1, 1, 1, 1, 1, 1, 1, 1, 1, 1, 1, 1, 1, 1, 1, 1, 1, 1, 1, 1, 1, 1, 1, 1, 1, 1, 1, 1, 1, 1, 1, 1, 1, 1, 1, 1, 1, 1, 1, 1, 1, 1, 1, 1, 1, 1, 1, 1, 1, 1, 1, 1, 1, 1, 1, 1, 1, 1, 1, 1, 1, 1, 1, 1, 1, 1, 1, 1, 1, 1, 1, 1, 1, 1, 1, 1, 1, 1, 1, 1, 1, 1, 1, 1, 1, 1, 1, 1, 1, 1, 1, 1, 1, 1, 1, 1, 1, 1, 1, 1, 1, 1, 1, 1, 1, 1, 1, 1, 1, 1, 1, 1, 1, 1, 1, 1, 1, 1, 1, 1, 1, 1, 1, 1, 1, 1, 1, 1, 1, 1, 1, 1, 1, 1, 1, 1, 1, 1, 1, 1, 1, 1, 1, 1, 1, 1, 1, 1, 1, 1, 1, 1, 1, 1, 1, 1, 1, 1, 1, 1, 1, 1, 1, 1, 1, 1, 1, 1, 1, 1, 1, 1, 1, 1, 1, 1, 1, 1, 1, 1, 1, 1, 1, 1, 1, 1, 1, 1, 1, 1, 1, 1, 1, 1, 1, 1, 1, 1, 1, 1, 1, 1, 1, 1, 1, 1, 1, 1, 1, 1, 1, 1, 1, 1, 1, 1, 1, 1, 1, 1, 1, 1, 1, 1, 1, 1, 1, 1, 1, 1, 1, 1, 1, 1, 1, 1, 1, 1, 1, 1, 1, 1, 1, 1, 1, 1, 1, 1, 1, 1, 1, 1, 1, 1, 1, 1, 1, 1, 1, 1, 1, 1, 1, 1, 1, 1, 1, 1, 1, 1, 1, 1, 1, 1, 1, 1, 1, 1, 1, 1, 1, 1, 1, 1, 1, 1, 1, 1, 1, 1, 1, 1, 1, 1, 1, 1, 1, 1, 1, 1, 1, 1, 1, 1, 1, 1, 1, 1, 1, 1, 1, 1, 1, 1, 1, 1, 1, 1, 1, 1, 1, 1, 1, 1, 1, 1, 1, 1, 1, 1, 1, 1, 1, 1, 1, 1, 1, 1, 1, 1, 1, 1, 1, 1, 1, 1, 1, 1, 1, 1, 1, 1, 1, 1, 1, 1, 1, 1, 1, 1, 1, 1, 1, 1, 1, 1, 1, 1, 1, 1, 1, 1, 1, 1, 1, 1, 1, 1, 1, 1, 1, 1, 1, 1, 1, 1, 1, 1, 1, 1, 1, 1, 1, 1, 1, 1, 1, 1, 1, 1, 1, 1, 1, 1, 1, 1, 1, 1, 1, 1, 1, 1, 1, 1, 1, 1, 1, 1, 1, 1, 1, 1, 1, 1, 1, 1, 1, 1, 1, 1, 1, 1, 1, 1, 1, 1, 1, 1, 1, 1, 1, 1, 1, 1, 1, 1, 1, 1, 1, 1, 1, 1, 1, 1, 1, 1, 1, 1, 1, 1, 1, 1, 1, 1, 1, 1, 1, 1, 1, 1, 1, 1, 1, 1, 1, 1, 1, 1, 1, 1, 1, 1, 1, 1, 1, 1, 1, 1, 1, 1, 1, 1, 1, 1, 1, 1, 1, 1, 1, 1, 1, 1, 1, 1, 1, 1, 1, 1, 1, 1, 1, 1, 1, 1, 1, 1, 1, 1, 1, 1, 1, 1, 1, 1, 1, 1, 1, 1, 1, 1, 1, 1, 1, 1, 1, 1, 1, 1, 1, 1, 1, 1, 1, 1, 1, 1, 1, 1, 1, 1, 1, 1, 1, 1, 1, 1, 1, 1, 1, 1, 1, 1, 1, 1, 1, 1, 1, 1, 1, 1, 1, 1, 1, 1, 1, 1, 1, 1, 1, 1, 1, 1, 1, 1, 1, 1, 1, 1, 1, 1, 1, 1, 1, 1, 1, 1, 1, 1, 1, 1, 1, 1, 1, 1, 1, 1, 1, 1, 1, 1, 1, 1, 1, 1, 1, 1, 1, 1, 1, 1, 1, 1, 1, 1, 1, 1, 1, 1, 1, 1, 1, 1, 1, 1, 1, 1, 1, 1, 1, 1, 1, 1, 1, 1, 1, 1, 1, 1, 1, 1, 1, 1, 1, 1, 1, 1, 1, 1, 1, 1, 1, 1, 1, 1, 1, 1, 1, 1, 1, 1, 1, 1, 1, 1, 1, 1, 1, 1, 1, 1, 1, 1, 1, 1, 1, 1, 1, 1, 1, 1, 1, 1, 1, 1, 1, 1, 1, 1, 1, 1, 1, 1, 1, 1, 1, 1, 1, 1, 1, 1, 1, 1, 1, 1, 1, 1, 1, 1, 1, 1, 1, 1, 1, 1, 1, 1, 1, 1, 1, 1, 1, 1, 1, 1, 1, 1, 1, 1, 1, 1, 1, 1, 1, 1, 1, 1, 1, 1, 1, 1, 1, 1, 1, 1, 1, 1, 1, 1, 1, 1, 1, 1, 1, 1, 1, 1, 1, 1, 1, 1, 1, 1, 1, 1, 1, 1, 1, 1, 1, 1, 1, 1, 1, 1, 1, 1, 1, 1, 1, 1, 1, 1, 1, 1, 1, 1, 1, 1, 1, 1, 1, 1, 1, 1, 1, 1, 1, 1, 1, 1, 1, 1, 1, 1, 1, 1, 1, 1, 1, 1, 1, 1, 1, 1, 1, 1, 1, 1, 1, 1, 1, 1, 1, 1, 1, 1, 1, 1, 1, 1, 1, 1, 1, 1, 1, 1, 1, 1, 1, 1, 1, 1, 1, 1, 1, 1, 1, 1, 1, 1, 1, 1, 1, 1, 1, 1, 1, 1, 1, 1, 1, 1, 1, 1, 1, 1, 1, 1, 1, 1, 1, 1, 1, 1, 1, 1, 1, 1, 1, 1, 1, 1, 1, 1, 1, 1, 1, 1, 1, 1, 1, 1, 1, 1, 1, 1, 1, 1, 1, 1, 1, 1, 1, 1, 1, 1, 1, 1, 1, 1, 1, 1, 1, 1, 1, 1, 1, 1, 1, 1, 1, 1, 1, 1, 1, 1, 1, 1, 1, 1, 1, 1, 1, 1, 1, 1, 1, 1, 1, 1, 1, 1, 1, 1, 1, 1, 1, 1, 1, 1, 1, 1, 1, 1, 1, 1, 1, 1, 1, 1, 1, 1, 1, 1, 1, 1, 1, 1, 1, 1, 1, 1, 1, 1, 1, 1, 1, 1, 1, 1, 1, 1, 1, 1, 1, 1, 1, 1, 1, 1, 1, 1, 1, 1, 1, 1, 1, 1, 1, 1, 1, 1, 1, 1, 1, 1, 1, 1, 1, 1, 1, 1, 1, 1, 1, 1, 1, 1, 1, 1, 1, 1, 1, 1, 1, 1, 1, 1, 1, 1, 1, 1, 1, 1, 1, 1, 1, 1, 1, 1, 1, 1, 1, 1, 1, 1, 1, 1, 1, 1, 1, 1, 1, 1, 1, 1, 1, 1, 1, 1, 1, 1, 1, 1, 1, 1, 1, 1, 1, 1, 1, 1, 1, 1, 1, 1, 1, 1, 1, 1, 1, 1, 1, 1, 1, 1, 1, 1, 1, 1, 1, 1, 1, 1, 1, 1, 1, 1, 1, 1, 1, 1, 1, 1, 1, 1, 1, 1, 1, 1, 1, 1, 1, 1, 1, 1, 1, 1, 1, 1, 1, 1, 1, 1, 1, 1, 1, 1, 1, 1, 1, 1, 1, 1, 1, 1, 1, 1, 1, 1, 1, 1, 1, 1, 1, 1, 1, 1, 1, 1, 1, 1, 1, 1, 1, 1, 1, 1, 1, 1, 1, 1, 1, 1, 1, 1, 1, 1, 1, 1, 1, 1, 1, 1, 1, 1, 1, 1, 1, 1, 1, 1, 1, 1, 1, 1, 1, 1, 1, 1, 1, 1, 1, 1, 1, 1, 1, 1, 1, 1, 1, 1, 1, 1, 1, 1, 1, 1, 1, 1, 1, 1, 1, 1, 1, 1, 1, 1, 1, 1, 1, 1, 1, 1, 1, 1, 1, 1, 1, 1, 1, 1, 1, 1, 1, 1, 1, 1, 1, 1, 1, 1, 1, 1, 1, 1, 1, 1, 1, 1, 1, 1, 1, 1, 1, 1, 1, 1, 1, 1, 1, 1, 1, 1, 1, 1, 1, 1, 1, 1, 1, 1, 1, 1, 1, 1, 1, 1, 1], [1, 1, 1, 1, 1, 1, 1, 1, 1, 1, 1, 1, 1, 1, 1, 1, 1, 1, 1, 1, 1, 1, 1, 1, 1, 1, 1, 1, 1, 1, 1, 1, 1, 1, 1, 1, 1, 1, 1, 1, 1, 1, 1, 1, 1, 1, 1, 1, 1, 1, 1, 1, 1, 1, 1, 1, 1, 1, 1, 1, 1, 1, 1, 1, 1, 1, 1, 1, 1, 1, 1, 1, 1, 1, 1, 1, 1, 1, 1, 1, 1, 1, 1, 1, 1, 1, 1, 1, 1, 1, 1, 1, 1, 1, 1, 1, 1, 1, 1, 1, 1, 1, 1, 1, 1, 1, 1, 1, 1, 1, 1, 1, 1, 1, 1, 1, 1, 1, 1, 1, 1, 1, 1, 1, 1, 1, 1, 1, 1, 1, 1, 1, 1, 1, 1, 1, 1, 1, 1, 1, 1, 1, 1, 1, 1, 1, 1, 1, 1, 1, 1, 1, 1, 1, 1, 1, 1, 1, 1, 1, 1, 1, 1, 1, 1, 1, 1, 1, 1, 1, 1, 1, 1, 1, 1, 1, 1, 1, 1, 1, 1, 1, 1, 1, 1, 1, 1, 1, 1, 1, 1, 1, 1, 1, 1, 1, 1, 1, 1, 1, 1, 1, 1, 1, 1, 1, 1, 1, 1, 1, 1, 1, 1, 1, 1, 1, 1, 1, 1, 1, 1, 1, 1, 1, 1, 1, 1, 1, 1, 1, 1, 1, 1, 1, 1, 1, 1, 1, 1, 1, 1, 1, 1, 1, 1, 1, 1, 1, 1, 1, 1, 1, 1, 1, 1, 1, 1, 1, 1, 1, 1, 1, 1, 1, 1, 1, 1, 1, 1, 1, 1, 1, 1, 1, 1, 1, 1, 1, 1, 1, 1, 1, 1, 1, 1, 1, 1, 1, 1, 1, 1, 1, 1, 1, 1, 1, 1, 1, 1, 1, 1, 1, 1, 1, 1, 1, 1, 1, 1, 1, 1, 1, 1, 1, 1, 1, 1, 1, 1, 1, 1, 1, 1, 1, 1, 1, 1, 1, 1, 1, 1, 1, 1, 1, 1, 1, 1, 1, 1, 1, 1, 1, 1, 1, 1, 1, 1, 1, 1, 1, 1, 1, 1, 1, 1, 1, 1, 1, 1, 1, 1, 1, 1, 1, 1, 1, 1, 1, 1, 1, 1, 1, 1, 1, 1, 1, 1, 1, 1, 1, 1, 1, 1, 1, 1, 1, 1, 1, 1, 1, 1, 1, 1, 1, 1, 1, 1, 1, 1, 1, 1, 1, 1, 1, 1, 1, 1, 1, 1, 1, 1, 1, 1, 1, 1, 1, 1, 1, 1, 1, 1, 1, 1, 1, 1, 1, 1, 1, 1, 1, 1, 1, 1, 1, 1, 1, 1, 1, 1, 1, 1, 1, 1, 1, 1, 1, 1, 1, 1, 1, 1, 1, 1, 1, 1, 1, 1, 1, 1, 1, 1, 1, 1, 1, 1, 1, 1, 1, 1, 1, 1, 1, 1, 1, 1, 1, 1, 1, 1, 1, 1, 1, 1, 1, 1, 1, 1, 1, 1, 1, 1, 1, 1, 1, 1, 1, 1, 1, 1, 1, 1, 1, 1, 1, 1, 1, 1, 1, 1, 1, 1, 1, 1, 1, 1, 1, 1, 1, 1, 1, 1, 1, 1, 1, 1, 1, 1, 1, 1, 1, 1, 1, 1, 1, 1, 1, 1, 1, 1, 1, 1, 1, 1, 1, 1, 1, 1, 1, 1, 1, 1, 1, 1, 1, 1, 1, 1, 1, 1, 1, 1, 1, 1, 1, 1, 1, 1, 1, 1, 1, 1, 1, 1, 1, 1, 1, 1, 1, 1, 1, 1, 1, 1, 1, 1, 1, 1, 1, 1, 1, 1, 1, 1, 1, 1, 1, 1, 1, 1, 1, 1, 1, 1, 1, 1, 1, 1, 1, 1, 1, 1, 1, 1, 1, 1, 1, 1, 1, 1, 1, 1, 1, 1, 1, 1, 1, 1, 1, 1, 1, 1, 1, 1, 1, 1, 1, 1, 1, 1, 1, 1, 1, 1, 1, 1, 1, 1, 1, 1, 1, 1, 1, 1, 1, 1, 1, 1, 1, 1, 1, 1, 1, 1, 1, 1, 1, 1, 1, 1, 1, 1, 1, 1, 1, 1, 1, 1, 1, 1, 1, 1, 1, 1, 1, 1, 1, 1, 1, 1, 1, 1, 1, 1, 1, 1, 1, 1, 1, 1, 1, 1, 1, 1, 1, 1, 1, 1, 1, 1, 1, 1, 1, 1, 1, 1, 1, 1, 1, 1, 1, 1, 1, 1, 1, 1, 1, 1, 1, 1, 1, 1, 1, 1, 1, 1, 1, 1, 1, 1, 1, 1, 1, 1, 1, 1, 1, 1, 1, 1, 1, 1, 1, 1, 1, 1, 1, 1, 1, 1, 1, 1, 1, 1, 1, 1, 1, 1, 1, 1, 1, 1, 1, 1, 1, 1, 1, 1, 1, 1, 1, 1, 1, 1, 1, 1, 1, 1, 1, 1, 1, 1, 1, 1, 1, 1, 1, 1, 1, 1, 1, 1, 1, 1, 1, 1, 1, 1, 1, 1, 1, 1, 1, 1, 1, 1, 1, 1, 1, 1, 1, 1, 1, 1, 1, 1, 1, 1, 1, 1, 1, 1, 1, 1, 1, 1, 1, 1, 1, 1, 1, 1, 1, 1, 1, 1, 1, 1, 1, 1, 1, 1, 1, 1, 1, 1, 1, 1, 1, 1, 1, 1, 1, 1, 1, 1, 1, 1, 1, 1, 1, 1, 1, 1, 1, 1, 1, 1, 1, 1, 1, 1, 1, 1, 1, 1, 1, 1, 1, 1, 1, 1, 1, 1, 1, 1, 1, 1, 1, 1, 1, 1, 1, 1, 1, 1, 1, 1, 1, 1, 1, 1, 1, 1, 1, 1, 1, 1, 1, 1, 1, 1, 1, 1, 1, 1, 1, 1, 1, 1, 1, 1, 1, 1, 1, 1, 1, 1, 1, 1, 1, 1, 1, 1, 1, 1, 1, 1, 1, 1, 1, 1, 1, 1, 1, 1, 1, 1, 1, 1, 1, 1, 1, 1, 1, 1, 1, 1, 1, 1, 1, 1, 1, 1, 1, 1, 1, 1, 1, 1, 1, 1, 1, 1, 1, 1, 1, 1, 1, 1, 1, 1, 1, 1, 1, 1, 1, 1, 1, 1, 1, 1, 1, 1, 1, 1, 1, 1, 1, 1, 1, 1, 1, 1, 1, 1, 1, 1, 1, 1, 1, 1, 1, 1, 1, 1, 1, 1, 1, 1, 1, 1, 1, 1, 1, 1, 1, 1, 1, 1, 1, 1, 1, 1, 1, 1, 1, 1, 1, 1, 1, 1, 1, 1, 1, 1, 1, 1, 1, 1, 1, 1, 1, 1, 1, 1, 1, 1, 1, 1, 1, 1, 1, 1, 1, 1, 1, 1, 1, 1, 1, 1, 1, 1, 1, 1, 1, 1, 1, 1, 1, 1, 1, 1, 1, 1, 1, 1, 1, 1, 1, 1, 1, 1, 1, 1, 1, 1, 1, 1, 1, 1, 1, 1, 1, 1, 1, 1, 1, 1, 1, 1, 1, 1, 1, 1, 1, 1, 1, 1, 1, 1, 1, 1, 1, 1, 1, 1, 1, 1, 1, 1, 1, 1, 1, 1, 1, 1, 1, 1, 1, 1, 1, 1, 1, 1, 1, 1, 1, 1, 1, 1, 1, 1, 1, 1, 1, 1, 1, 1, 1, 1, 1, 1, 1, 1, 1, 1, 1, 1, 1, 1, 1, 1, 1, 1, 1, 1, 1, 1, 1, 1, 1, 1, 1, 1, 1, 1, 1, 1, 1, 1, 1, 1, 1, 1, 1, 1, 1, 1, 1, 1, 1, 1, 1, 1, 1, 1, 1, 1, 1, 1, 1, 1, 1, 1, 1, 1, 1, 1, 1, 1, 1, 1, 1, 1, 1, 1, 1, 1, 1, 1, 1, 1, 1, 1, 1, 1, 1, 1, 1, 1, 1, 1, 1, 1, 1, 1, 1, 1, 1, 1, 1, 1, 1, 1, 1, 1, 1, 1, 1, 1, 1, 1, 1, 1, 1, 1, 1, 1, 1, 1, 1, 1, 1, 1, 1, 1, 1, 1, 1, 1, 1, 1, 1, 1, 1, 1, 1, 1, 1, 1, 1, 1, 1, 1, 1, 1, 1, 1, 1, 1, 1, 1, 1, 1, 1, 1, 1, 1, 1, 1, 1, 1, 1, 1, 1, 1, 1, 1, 1, 1, 1, 1, 1, 1, 1, 1, 1, 1, 1, 1, 1, 1, 1, 1, 1, 1, 1, 1, 1, 1, 1, 1, 1, 1, 1, 1, 1, 1, 1, 1, 1, 1, 1, 1, 1, 1, 1, 1, 1, 1, 1, 1, 1, 1, 1, 1, 1, 1, 1, 1, 1, 1, 1, 1, 1, 1, 1, 1, 1, 1, 1, 1, 1, 1, 1, 1, 1, 1, 1, 1, 1, 1, 1, 1, 1, 1, 1, 1, 1, 1, 1, 1, 1, 1, 1, 1, 1, 1, 1, 1, 1, 1, 1, 1, 1, 1, 1, 1, 1, 1, 1, 1, 1, 1, 1, 1, 1, 1, 1, 1, 1, 1, 1, 1, 1, 1, 1, 1, 1, 1, 1, 1, 1, 1, 1, 1, 1, 1, 1, 1, 1, 1, 1, 1, 1, 1, 1, 1, 1, 1, 1, 1, 1, 1, 1, 1, 1, 1, 1, 1, 1, 1, 1, 1, 1, 1, 1, 1, 1, 1, 1, 1, 1, 1, 1, 1, 1, 1, 1, 1, 1, 1, 1, 1, 1, 1, 1, 1, 1, 1, 1, 1, 1, 1, 1, 1, 1, 1, 1, 1, 1, 1, 1, 1, 1, 1, 1, 1, 1, 1, 1, 1, 1, 1, 1, 1, 1, 1, 1, 1, 1, 1, 1, 1, 1, 1, 1, 1, 1, 1, 1, 1, 1, 1, 1, 1, 1, 1, 1, 1, 1, 1, 1, 1, 1, 1, 1, 1, 1, 1, 1, 1, 1, 1, 1, 1, 1, 1, 1, 1, 1, 1, 1, 1, 1, 1, 1, 1, 1, 1, 1, 1, 1, 1, 1, 1, 1, 1, 1, 1, 1, 1, 1, 1, 1, 1, 1, 1, 1, 1, 1, 1, 1, 1, 1, 1, 1, 1, 1, 1, 1, 1, 1, 1, 1, 1, 1, 1, 1, 1, 1, 1, 1, 1, 1, 1, 1, 1, 1, 1, 1, 1, 1, 1, 1, 1, 1, 1, 1, 1, 1, 1, 1, 1, 1, 1, 1, 1, 1, 1, 1, 1, 1], [1, 1, 1, 1, 1, 1, 1, 1, 1, 1, 1, 1, 1, 1, 1, 1, 1, 1, 1, 1, 1, 1, 1, 1, 1, 1, 1, 1, 1, 1, 1, 1, 1, 1, 1, 1, 1, 1, 1, 1, 1, 1, 1, 1, 1, 1, 1, 1, 1, 1, 1, 1, 1, 1, 1, 1, 1, 1, 1, 1, 1, 1, 1, 1, 1, 1, 1, 1, 1, 1, 1, 1, 1, 1, 1, 1, 1, 1, 1, 1, 1, 1, 1, 1, 1, 1, 1, 1, 1, 1, 1, 1, 1, 1, 1, 1, 1, 1, 1, 1, 1, 1, 1, 1, 1, 1, 1, 1, 1, 1, 1, 1, 1, 1, 1, 1, 1, 1, 1, 1, 1, 1, 1, 1, 1, 1, 1, 1, 1, 1, 1, 1, 1, 1, 1, 1, 1, 1, 1, 1, 1, 1, 1, 1, 1, 1, 1, 1, 1, 1, 1, 1, 1, 1, 1, 1, 1, 1, 1, 1, 1, 1, 1, 1, 1, 1, 1, 1, 1, 1, 1, 1, 1, 1, 1, 1, 1, 1, 1, 1, 1, 1, 1, 1, 1, 1, 1, 1, 1, 1, 1, 1, 1, 1, 1, 1, 1, 1, 1, 1, 1, 1, 1, 1, 1, 1, 1, 1, 1, 1, 1, 1, 1, 1, 1, 1, 1, 1, 1, 1, 1, 1, 1, 1, 1, 1, 1, 1, 1, 1, 1, 1, 1, 1, 1, 1, 1, 1, 1, 1, 1, 1, 1, 1, 1, 1, 1, 1, 1, 1, 1, 1, 1, 1, 1, 1, 1, 1, 1, 1, 1, 1, 1, 1, 1, 1, 1, 1, 1, 1, 1, 1, 1, 1, 1, 1, 1, 1, 1, 1, 1, 1, 1, 1, 1, 1, 1, 1, 1, 1, 1, 1, 1, 1, 1, 1, 1, 1, 1, 1, 1, 1, 1, 1, 1, 1, 1, 1, 1, 1, 1, 1, 1, 1, 1, 1, 1, 1, 1, 1, 1, 1, 1, 1, 1, 1, 1, 1, 1, 1, 1, 1, 1, 1, 1, 1, 1, 1, 1, 1, 1, 1, 1, 1, 1, 1, 1, 1, 1, 1, 1, 1, 1, 1, 1, 1, 1, 1, 1, 1, 1, 1, 1, 1, 1, 1, 1, 1, 1, 1, 1, 1, 1, 1, 1, 1, 1, 1, 1, 1, 1, 1, 1, 1, 1, 1, 1, 1, 1, 1, 1, 1, 1, 1, 1, 1, 1, 1, 1, 1, 1, 1, 1, 1, 1, 1, 1, 1, 1, 1, 1, 1, 1, 1, 1, 1, 1, 1, 1, 1, 1, 1, 1, 1, 1, 1, 1, 1, 1, 1, 1, 1, 1, 1, 1, 1, 1, 1, 1, 1, 1, 1, 1, 1, 1, 1, 1, 1, 1, 1, 1, 1, 1, 1, 1, 1, 1, 1, 1, 1, 1, 1, 1, 1, 1, 1, 1, 1, 1, 1, 1, 1, 1, 1, 1, 1, 1, 1, 1, 1, 1, 1, 1, 1, 1, 1, 1, 1, 1, 1, 1, 1, 1, 1, 1, 1, 1, 1, 1, 1, 1, 1, 1, 1, 1, 1, 1, 1, 1, 1, 1, 1, 1, 1, 1, 1, 1, 1, 1, 1, 1, 1, 1, 1, 1, 1, 1, 1, 1, 1, 1, 1, 1, 1, 1, 1, 1, 1, 1, 1, 1, 1, 1, 1, 1, 1, 1, 1, 1, 1, 1, 1, 1, 1, 1, 1, 1, 1, 1, 1, 1, 1, 1, 1, 1, 1, 1, 1, 1, 1, 1, 1, 1, 1, 1, 1, 1, 1, 1, 1, 1, 1, 1, 1, 1, 1, 1, 1, 1, 1, 1, 1, 1, 1, 1, 1, 1, 1, 1, 1, 1, 1, 1, 1, 1, 1, 1, 1, 1, 1, 1, 1, 1, 1, 1, 1, 1, 1, 1, 1, 1, 1, 1, 1, 1, 1, 1, 1, 1, 1, 1, 1, 1, 1, 1, 1, 1, 1, 1, 1, 1, 1, 1, 1, 1, 1, 1, 1, 1, 1, 1, 1, 1, 1, 1, 1, 1, 1, 1, 1, 1, 1, 1, 1, 1, 1, 1, 1, 1, 1, 1, 1, 1, 1, 1, 1, 1, 1, 1, 1, 1, 1, 1, 1, 1, 1, 1, 1, 1, 1, 1, 1, 1, 1, 1, 1, 1, 1, 1, 1, 1, 1, 1, 1, 1, 1, 1, 1, 1, 1, 1, 1, 1, 1, 1, 1, 1, 1, 1, 1, 1, 1, 1, 1, 1, 1, 1, 1, 1, 1, 1, 1, 1, 1, 1, 1, 1, 1, 1, 1, 1, 1, 1, 1, 1, 1, 1, 1, 1, 1, 1, 1, 1, 1, 1, 1, 1, 1, 1, 1, 1, 1, 1, 1, 1, 1, 1, 1, 1, 1, 1, 1, 1, 1, 1, 1, 1, 1, 1, 1, 1, 1, 1, 1, 1, 1, 1, 1, 1, 1, 1, 1, 1, 1, 1, 1, 1, 1, 1, 1, 1, 1, 1, 1, 1, 1, 1, 1, 1, 1, 1, 1, 1, 1, 1, 1, 1, 1, 1, 1, 1, 1, 1, 1, 1, 1, 1, 1, 1, 1, 1, 1, 1, 1, 1, 1, 1, 1, 1, 1, 1, 1, 1, 1, 1, 1, 1, 1, 1, 1, 1, 1, 1, 1, 1, 1, 1, 1, 1, 1, 1, 1, 1, 1, 1, 1, 1, 1, 1, 1, 1, 1, 1, 1, 1, 1, 1, 1, 1, 1, 1, 1, 1, 1, 1, 1, 1, 1, 1, 1, 1, 1, 1, 1, 1, 1, 1, 1, 1, 1, 1, 1, 1, 1, 1, 1, 1, 1, 1, 1, 1, 1, 1, 1, 1, 1, 1, 1, 1, 1, 1, 1, 1, 1, 1, 1, 1, 1, 1, 1, 1, 1, 1, 1, 1, 1, 1, 1, 1, 1, 1, 1, 1, 1, 1, 1, 1, 1, 1, 1, 1, 1, 1, 1, 1, 1, 1, 1, 1, 1, 1, 1, 1, 1, 1, 1, 1, 1, 1, 1, 1, 1, 1, 1, 1, 1, 1, 1, 1, 1, 1, 1, 1, 1, 1, 1, 1, 1, 1, 1, 1, 1, 1, 1, 1, 1, 1, 1, 1, 1, 1, 1, 1, 1, 1, 1, 1, 1, 1, 1, 1, 1, 1, 1, 1, 1, 1, 1, 1, 1, 1, 1, 1, 1, 1, 1, 1, 1, 1, 1, 1, 1, 1, 1, 1, 1, 1, 1, 1, 1, 1, 1, 1, 1, 1, 1, 1, 1, 1, 1, 1, 1, 1, 1, 1, 1, 1, 1, 1, 1, 1, 1, 1, 1, 1, 1, 1, 1, 1, 1, 1, 1, 1, 1, 1, 1, 1, 1, 1, 1, 1, 1, 1, 1, 1, 1, 1, 1, 1, 1, 1, 1, 1, 1, 1, 1, 1, 1, 1, 1, 1, 1, 1, 1, 1, 1, 1, 1, 1, 1, 1, 1, 1, 1, 1, 1, 1, 1, 1, 1, 1, 1, 1, 1, 1, 1, 1, 1, 1, 1, 1, 1, 1, 1, 1, 1, 1, 1, 1, 1, 1, 1, 1, 1, 1, 1, 1, 1, 1, 1, 1, 1, 1, 1, 1, 1, 1, 1, 1, 1, 1, 1, 1, 1, 1, 1, 1, 1, 1, 1, 1, 1, 1, 1, 1, 1, 1, 1, 1, 1, 1, 1, 1, 1, 1, 1, 1, 1, 1, 1, 1, 1, 1, 1, 1, 1, 1, 1, 1, 1, 1, 1, 1, 1, 1, 1, 1, 1, 1, 1, 1, 1, 1, 1, 1, 1, 1, 1, 1, 1, 1, 1, 1, 1, 1, 1, 1, 1, 1, 1, 1, 1, 1, 1, 1, 1, 1, 1, 1, 1, 1, 1, 1, 1, 1, 1, 1, 1, 1, 1, 1, 1, 1, 1, 1, 1, 1, 1, 1, 1, 1, 1, 1, 1, 1, 1, 1, 1, 1, 1, 1, 1, 1, 1, 1, 1, 1, 1, 1, 1, 1, 1, 1, 1, 1, 1, 1, 1, 1, 1, 1, 1, 1, 1, 1, 1, 1, 1, 1, 1, 1, 1, 1, 1, 1, 1, 1, 1, 1, 1, 1, 1, 1, 1, 1, 1, 1, 1, 1, 1, 1, 1, 1, 1, 1, 1, 1, 1, 1, 1, 1, 1, 1, 1, 1, 1, 1, 1, 1, 1, 1, 1, 1, 1, 1, 1, 1, 1, 1, 1, 1, 1, 1, 1, 1, 1, 1, 1, 1, 1, 1, 1, 1, 1, 1, 1, 1, 1, 1, 1, 1, 1, 1, 1, 1, 1, 1, 1, 1, 1, 1, 1, 1, 1, 1, 1, 1, 1, 1, 1, 1, 1, 1, 1, 1, 1, 1, 1, 1, 1, 1, 1, 1, 1, 1, 1, 1, 1, 1, 1, 1, 1, 1, 1, 1, 1, 1, 1, 1, 1, 1, 1, 1, 1, 1, 1, 1, 1, 1, 1, 1, 1, 1, 1, 1, 1, 1, 1, 1, 1, 1, 1, 1, 1, 1, 1, 1, 1, 1, 1, 1, 1, 1, 1, 1, 1, 1, 1, 1, 1, 1, 1, 1, 1, 1, 1, 1, 1, 1, 1, 1, 1, 1, 1, 1, 1, 1, 1, 1, 1, 1, 1, 1, 1, 1, 1, 1, 1, 1, 1, 1, 1, 1, 1, 1, 1, 1, 1, 1, 1, 1, 1, 1, 1, 1, 1, 1, 1, 1, 1, 1, 1, 1, 1, 1, 1, 1, 1, 1, 1, 1, 1, 1, 1, 1, 1, 1, 1, 1, 1, 1, 1, 1, 1, 1, 1, 1, 1, 1, 1, 1, 1, 1, 1, 1, 1, 1, 1, 1, 1, 1, 1, 1, 1, 1, 1, 1, 1, 1, 1, 1, 1, 1, 1, 1, 1, 1, 1, 1, 1, 1, 1, 1, 1, 1, 1, 1, 1, 1, 1, 1, 1, 1, 1, 1, 1, 1, 1, 1, 1, 1, 1, 1, 1, 1, 1, 1, 1, 1, 1, 1, 1, 1, 1, 1, 1, 1, 1, 1, 1, 1, 1, 1, 1, 1, 1, 1, 1, 1, 1, 1, 1, 1, 1, 1, 1, 1, 1, 1, 1, 1, 1, 1, 1, 1, 1, 1, 1, 1, 1, 1, 1, 1, 1, 1, 1, 1, 1, 1, 1, 1, 1, 1, 1, 1, 1, 1, 1, 1, 1, 1, 1, 1, 1], [1, 1, 1, 1, 1, 1, 1, 1, 1, 1, 1, 1, 1, 1, 1, 1, 1, 1, 1, 1, 1, 1, 1, 1, 1, 1, 1, 1, 1, 1, 1, 1, 1, 1, 1, 1, 1, 1, 1, 1, 1, 1, 1, 1, 1, 1, 1, 1, 1, 1, 1, 1, 1, 1, 1, 1, 1, 1, 1, 1, 1, 1, 1, 1, 1, 1, 1, 1, 1, 1, 1, 1, 1, 1, 1, 1, 1, 1, 1, 1, 1, 1, 1, 1, 1, 1, 1, 1, 1, 1, 1, 1, 1, 1, 1, 1, 1, 1, 1, 1, 1, 1, 1, 1, 1, 1, 1, 1, 1, 1, 1, 1, 1, 1, 1, 1, 1, 1, 1, 1, 1, 1, 1, 1, 1, 1, 1, 1, 1, 1, 1, 1, 1, 1, 1, 1, 1, 1, 1, 1, 1, 1, 1, 1, 1, 1, 1, 1, 1, 1, 1, 1, 1, 1, 1, 1, 1, 1, 1, 1, 1, 1, 1, 1, 1, 1, 1, 1, 1, 1, 1, 1, 1, 1, 1, 1, 1, 1, 1, 1, 1, 1, 1, 1, 1, 1, 1, 1, 1, 1, 1, 1, 1, 1, 1, 1, 1, 1, 1, 1, 1, 1, 1, 1, 1, 1, 1, 1, 1, 1, 1, 1, 1, 1, 1, 1, 1, 1, 1, 1, 1, 1, 1, 1, 1, 1, 1, 1, 1, 1, 1, 1, 1, 1, 1, 1, 1, 1, 1, 1, 1, 1, 1, 1, 1, 1, 1, 1, 1, 1, 1, 1, 1, 1, 1, 1, 1, 1, 1, 1, 1, 1, 1, 1, 1, 1, 1, 1, 1, 1, 1, 1, 1, 1, 1, 1, 1, 1, 1, 1, 1, 1, 1, 1, 1, 1, 1, 1, 1, 1, 1, 1, 1, 1, 1, 1, 1, 1, 1, 1, 1, 1, 1, 1, 1, 1, 1, 1, 1, 1, 1, 1, 1, 1, 1, 1, 1, 1, 1, 1, 1, 1, 1, 1, 1, 1, 1, 1, 1, 1, 1, 1, 1, 1, 1, 1, 1, 1, 1, 1, 1, 1, 1, 1, 1, 1, 1, 1, 1, 1, 1, 1, 1, 1, 1, 1, 1, 1, 1, 1, 1, 1, 1, 1, 1, 1, 1, 1, 1, 1, 1, 1, 1, 1, 1, 1, 1, 1, 1, 1, 1, 1, 1, 1, 1, 1, 1, 1, 1, 1, 1, 1, 1, 1, 1, 1, 1, 1, 1, 1, 1, 1, 1, 1, 1, 1, 1, 1, 1, 1, 1, 1, 1, 1, 1, 1, 1, 1, 1, 1, 1, 1, 1, 1, 1, 1, 1, 1, 1, 1, 1, 1, 1, 1, 1, 1, 1, 1, 1, 1, 1, 1, 1, 1, 1, 1, 1, 1, 1, 1, 1, 1, 1, 1, 1, 1, 1, 1, 1, 1, 1, 1, 1, 1, 1, 1, 1, 1, 1, 1, 1, 1, 1, 1, 1, 1, 1, 1, 1, 1, 1, 1, 1, 1, 1, 1, 1, 1, 1, 1, 1, 1, 1, 1, 1, 1, 1, 1, 1, 1, 1, 1, 1, 1, 1, 1, 1, 1, 1, 1, 1, 1, 1, 1, 1, 1, 1, 1, 1, 1, 1, 1, 1, 1, 1, 1, 1, 1, 1, 1, 1, 1, 1, 1, 1, 1, 1, 1, 1, 1, 1, 1, 1, 1, 1, 1, 1, 1, 1, 1, 1, 1, 1, 1, 1, 1, 1, 1, 1, 1, 1, 1, 1, 1, 1, 1, 1, 1, 1, 1, 1, 1, 1, 1, 1, 1, 1, 1, 1, 1, 1, 1, 1, 1, 1, 1, 1, 1, 1, 1, 1, 1, 1, 1, 1, 1, 1, 1, 1, 1, 1, 1, 1, 1, 1, 1, 1, 1, 1, 1, 1, 1, 1, 1, 1, 1, 1, 1, 1, 1, 1, 1, 1, 1, 1, 1, 1, 1, 1, 1, 1, 1, 1, 1, 1, 1, 1, 1, 1, 1, 1, 1, 1, 1, 1, 1, 1, 1, 1, 1, 1, 1, 1, 1, 1, 1, 1, 1, 1, 1, 1, 1, 1, 1, 1, 1, 1, 1, 1, 1, 1, 1, 1, 1, 1, 1, 1, 1, 1, 1, 1, 1, 1, 1, 1, 1, 1, 1, 1, 1, 1, 1, 1, 1, 1, 1, 1, 1, 1, 1, 1, 1, 1, 1, 1, 1, 1, 1, 1, 1, 1, 1, 1, 1, 1, 1, 1, 1, 1, 1, 1, 1, 1, 1, 1, 1, 1, 1, 1, 1, 1, 1, 1, 1, 1, 1, 1, 1, 1, 1, 1, 1, 1, 1, 1, 1, 1, 1, 1, 1, 1, 1, 1, 1, 1, 1, 1, 1, 1, 1, 1, 1, 1, 1, 1, 1, 1, 1, 1, 1, 1, 1, 1, 1, 1, 1, 1, 1, 1, 1, 1, 1, 1, 1, 1, 1, 1, 1, 1, 1, 1, 1, 1, 1, 1, 1, 1, 1, 1, 1, 1, 1, 1, 1, 1, 1, 1, 1, 1, 1, 1, 1, 1, 1, 1, 1, 1, 1, 1, 1, 1, 1, 1, 1, 1, 1, 1, 1, 1, 1, 1, 1, 1, 1, 1, 1, 1, 1, 1, 1, 1, 1, 1, 1, 1, 1, 1, 1, 1, 1, 1, 1, 1, 1, 1, 1, 1, 1, 1, 1, 1, 1, 1, 1, 1, 1, 1, 1, 1, 1, 1, 1, 1, 1, 1, 1, 1, 1, 1, 1, 1, 1, 1, 1, 1, 1, 1, 1, 1, 1, 1, 1, 1, 1, 1, 1, 1, 1, 1, 1, 1, 1, 1, 1, 1, 1, 1, 1, 1, 1, 1, 1, 1, 1, 1, 1, 1, 1, 1, 1, 1, 1, 1, 1, 1, 1, 1, 1, 1, 1, 1, 1, 1, 1, 1, 1, 1, 1, 1, 1, 1, 1, 1, 1, 1, 1, 1, 1, 1, 1, 1, 1, 1, 1, 1, 1, 1, 1, 1, 1, 1, 1, 1, 1, 1, 1, 1, 1, 1, 1, 1, 1, 1, 1, 1, 1, 1, 1, 1, 1, 1, 1, 1, 1, 1, 1, 1, 1, 1, 1, 1, 1, 1, 1, 1, 1, 1, 1, 1, 1, 1, 1, 1, 1, 1, 1, 1, 1, 1, 1, 1, 1, 1, 1, 1, 1, 1, 1, 1, 1, 1, 1, 1, 1, 1, 1, 1, 1, 1, 1, 1, 1, 1, 1, 1, 1, 1, 1, 1, 1, 1, 1, 1, 1, 1, 1, 1, 1, 1, 1, 1, 1, 1, 1, 1, 1, 1, 1, 1, 1, 1, 1, 1, 1, 1, 1, 1, 1, 1, 1, 1, 1, 1, 1, 1, 1, 1, 1, 1, 1, 1, 1, 1, 1, 1, 1, 1, 1, 1, 1, 1, 1, 1, 1, 1, 1, 1, 1, 1, 1, 1, 1, 1, 1, 1, 1, 1, 1, 1, 1, 1, 1, 1, 1, 1, 1, 1, 1, 1, 1, 1, 1, 1, 1, 1, 1, 1, 1, 1, 1, 1, 1, 1, 1, 1, 1, 1, 1, 1, 1, 1, 1, 1, 1, 1, 1, 1, 1, 1, 1, 1, 1, 1, 1, 1, 1, 1, 1, 1, 1, 1, 1, 1, 1, 1, 1, 1, 1, 1, 1, 1, 1, 1, 1, 1, 1, 1, 1, 1, 1, 1, 1, 1, 1, 1, 1, 1, 1, 1, 1, 1, 1, 1, 1, 1, 1, 1, 1, 1, 1, 1, 1, 1, 1, 1, 1, 1, 1, 1, 1, 1, 1, 1, 1, 1, 1, 1, 1, 1, 1, 1, 1, 1, 1, 1, 1, 1, 1, 1, 1, 1, 1, 1, 1, 1, 1, 1, 1, 1, 1, 1, 1, 1, 1, 1, 1, 1, 1, 1, 1, 1, 1, 1, 1, 1, 1, 1, 1, 1, 1, 1, 1, 1, 1, 1, 1, 1, 1, 1, 1, 1, 1, 1, 1, 1, 1, 1, 1, 1, 1, 1, 1, 1, 1, 1, 1, 1, 1, 1, 1, 1, 1, 1, 1, 1, 1, 1, 1, 1, 1, 1, 1, 1, 1, 1, 1, 1, 1, 1, 1, 1, 1, 1, 1, 1, 1, 1, 1, 1, 1, 1, 1, 1, 1, 1, 1, 1, 1, 1, 1, 1, 1, 1, 1, 1, 1, 1, 1, 1, 1, 1, 1, 1, 1, 1, 1, 1, 1, 1, 1, 1, 1, 1, 1, 1, 1, 1, 1, 1, 1, 1, 1, 1, 1, 1, 1, 1, 1, 1, 1, 1, 1, 1, 1, 1, 1, 1, 1, 1, 1, 1, 1, 1, 1, 1, 1, 1, 1, 1, 1, 1, 1, 1, 1, 1, 1, 1, 1, 1, 1, 1, 1, 1, 1, 1, 1, 1, 1, 1, 1, 1, 1, 1, 1, 1, 1, 1, 1, 1, 1, 1, 1, 1, 1, 1, 1, 1, 1, 1, 1, 1, 1, 1, 1, 1, 1, 1, 1, 1, 1, 1, 1, 1, 1, 1, 1, 1, 1, 1, 1, 1, 1, 1, 1, 1, 1, 1, 1, 1, 1, 1, 1, 1, 1, 1, 1, 1, 1, 1, 1, 1, 1, 1, 1, 1, 1, 1, 1, 1, 1, 1, 1, 1, 1, 1, 1, 1, 1, 1, 1, 1, 1, 1, 1, 1, 1, 1, 1, 1, 1, 1, 1, 1, 1, 1, 1, 1, 1, 1, 1, 1, 1, 1, 1, 1, 1, 1, 1, 1, 1, 1, 1, 1, 1, 1, 1, 1, 1, 1, 1, 1, 1, 1, 1, 1, 1, 1, 1, 1, 1, 1, 1, 1, 1, 1, 1, 1, 1, 1, 1, 1, 1, 1, 1, 1, 1, 1, 1, 1, 1, 1, 1, 1, 1, 1, 1, 1, 1, 1, 1, 1, 1, 1, 1, 1, 1, 1, 1, 1, 1, 1, 1, 1, 1, 1, 1, 1, 1, 1, 1, 1, 1, 1, 1, 1, 1, 1, 1, 1, 1, 1, 1, 1, 1, 1, 1, 1, 1, 1, 1, 1, 1, 1, 1, 1, 1, 1, 1, 1, 1, 1, 1, 1, 1, 1, 1, 1, 1, 1, 1, 1, 1, 1, 1, 1, 1, 1, 1, 1, 1, 1, 1, 1, 1, 1, 1, 1, 1, 1, 1, 1, 1, 1, 1, 1, 1, 1, 1, 1, 1, 1, 1, 1, 1, 1, 1, 1, 1, 1, 1]], pipeline-model-parallel size: 1 interleave-factor: 1
using torch.float16 for parameters ...
------------------------ arguments ------------------------
  accumulate_allreduce_grads_in_fp32 .............. False
  adam_beta1 ...................................... 0.9
  adam_beta2 ...................................... 0.999
  adam_eps ........................................ 1e-08
  adlr_autoresume ................................. False
  adlr_autoresume_interval ........................ 1000
  algo_of_each_op ................................. [[0, 0, 0, 0, 0, 0, 0, 0, 0, 0, 0, 0, 0, 0, 0, 0, 0, 0, 0, 0, 0, 0, 0, 0, 0, 0, 0, 0, 0, 0, 0, 0, 0, 0, 0, 0, 0, 0, 0, 0, 0, 0, 0, 0, 0, 0, 0, 0, 0, 0, 0, 0, 0, 0, 0, 0, 0, 0, 0, 0, 0, 0, 0, 0, 0, 0, 0, 0, 0, 0, 0, 0, 0, 0, 0, 0, 0, 0, 0, 0, 0, 0, 0, 0, 0, 0, 0, 0, 0, 0, 0, 0, 0, 0, 0, 0, 0, 0, 0, 0, 0, 0, 0, 0, 0, 0, 0, 0, 0, 0, 0, 0, 0, 0, 0, 0, 0, 0, 0, 0, 0, 0, 0, 0, 0, 0, 0, 0, 0, 0, 0, 0, 0, 0, 0, 0, 0, 0, 0, 0, 0, 0, 0, 0, 0, 0, 0, 0, 0, 0, 0, 0, 0, 0, 0, 0, 0, 0, 0, 0, 0, 0, 0, 0, 0, 0, 0, 0, 0, 0, 0, 0, 0, 0, 0, 0, 0, 0, 0, 0, 0, 0, 0, 0, 0, 0, 0, 0, 0, 0, 0, 0, 0, 0, 0, 0, 0, 0, 0, 0, 0, 0, 0, 0, 0, 0, 0, 0, 0, 0, 0, 0, 0, 0, 0, 0, 0, 0, 0, 0, 0, 0, 0, 0, 0, 0, 0, 0, 0, 0, 0, 0, 0, 0, 0, 0, 0, 0, 0, 0, 0, 0, 0, 0, 0, 0, 0, 0, 0, 0, 0, 0, 0, 0, 0, 0, 0, 0, 0, 0, 0, 0, 0, 0, 0, 0, 0, 0, 0, 0, 0, 0, 0, 0, 0, 0, 0, 0, 0, 0, 0, 0, 0, 0, 0, 0, 0, 0, 0, 0, 0, 0, 0, 0, 0, 0, 0, 0, 0, 0, 0, 0, 0, 0, 0, 0, 0, 0, 0, 0, 0, 0, 0, 0, 0, 0, 0, 0, 0, 0, 0, 0, 0, 0, 0, 0, 0, 0, 0, 0, 0, 0, 0, 0, 0, 0, 0, 0, 0, 0, 0, 0, 0, 0, 0, 0, 0, 0, 0, 0, 0, 0, 0, 0, 0, 0, 0, 0, 0, 0, 0, 0, 0, 0, 0, 0, 0, 0, 0, 0, 0, 0, 0, 0, 0, 0, 0, 0, 0, 0, 0, 0, 0, 0, 0, 0, 0, 0, 0, 0, 0, 0, 0, 0, 0, 0, 0, 0, 0, 0, 0, 0, 0, 0, 0, 0, 0, 0, 0, 0, 0, 0, 0, 0, 0, 0, 0, 0, 0, 0, 0, 0, 0, 0, 0, 0, 0, 0, 0, 0, 0, 0, 0, 0, 0, 0, 0, 0, 0, 0, 0, 0, 0, 0, 0, 0, 0, 0, 0, 0, 0, 0, 0, 0, 0, 0, 0, 0, 0, 0, 0, 0, 0, 0, 0, 0, 0, 0, 0, 0, 0, 0, 0, 0, 0, 0, 0, 0, 0, 0, 0, 0, 0, 0, 0, 0, 0, 0, 0, 0, 0, 0, 0, 0, 0, 0, 0, 0, 0, 0, 0, 0, 0, 0, 0, 0, 0, 0, 0, 0, 0, 0, 0, 0, 0, 0, 0, 0, 0, 0, 0, 0, 0, 0, 0, 0, 0, 0, 0, 0, 0, 0, 0, 0, 0, 0, 0, 0, 0, 0, 0, 0, 0, 0, 0, 0, 0, 0, 0, 0, 0, 0, 0, 0, 0, 0, 0, 0, 0, 0, 0, 0, 0, 0, 0, 0, 0, 0, 0, 0, 0, 0, 0, 0, 0, 0, 0, 0, 0, 0, 0, 0, 0, 0, 0, 0, 0, 0, 0, 0, 0, 0, 0, 0, 0, 0, 0, 0, 0, 0, 0, 0, 0, 0, 0, 0, 0, 0, 0, 0, 0, 0, 0, 0, 0, 0, 0, 0, 0, 0, 0, 0, 0, 0, 0, 0, 0, 0, 0, 0, 0, 0, 0, 0, 0, 0, 0, 0, 0, 0, 0, 0, 0, 0, 0, 0, 0, 0, 0, 0, 0, 0, 0, 0, 0, 0, 0, 0, 0, 0, 0, 0, 0, 0, 0, 0, 0, 0, 0, 0, 0, 0, 0, 0, 0, 0, 0, 0, 0, 0, 0, 0, 0, 0, 0, 0, 0, 0, 0, 0, 0, 0, 0, 0, 0, 0, 0, 0, 0, 0, 0, 0, 0, 0, 0, 0, 0, 0, 0, 0, 0, 0, 0, 0, 0, 0, 0, 0, 0, 0, 0, 0, 0, 0, 0, 0, 0, 0, 0, 0, 0, 0, 0, 0, 0, 0, 0, 0, 0, 0, 0, 0, 0, 0, 0, 0, 0, 0, 0, 0, 0, 0, 0, 0, 0, 0, 0, 0, 0, 0, 0, 0, 0, 0, 0, 0, 0, 0, 0, 0, 0, 0, 0, 0, 0, 0, 0, 0, 0, 0, 0, 0, 0, 0, 0, 0, 0, 0, 0, 0, 0, 0, 0, 0, 0, 0, 0, 0, 0, 0, 0, 0, 0, 0, 0, 0, 0, 0, 0, 0, 0, 0, 0, 0, 0, 0, 0, 0, 0, 0, 0, 0, 0, 0, 0, 0, 0, 0, 0, 0, 0, 0, 0, 0, 0, 0, 0, 0, 0, 0, 0, 0, 0, 0, 0, 0, 0, 0, 0, 0, 0, 0, 0, 0, 0, 0, 0, 0, 0, 0, 0, 0, 0, 0, 0, 0, 0, 0, 0, 0, 0, 0, 0, 0, 0, 0, 0, 0, 0, 0, 0, 0, 0, 0, 0, 0, 0, 0, 0, 0, 0, 0, 0, 0, 0, 0, 0, 0, 0, 0, 0, 0, 0, 0, 0, 0, 0, 0, 0, 0, 0, 0, 0, 0, 0, 0, 0, 0, 0, 0, 0, 0, 0, 0, 0, 0, 0, 0, 0, 0, 0, 0, 0, 0, 0, 0, 0, 0, 0, 0, 0, 0, 0, 0, 0, 0, 0, 0, 0, 0, 0, 0, 0, 0, 0, 0, 0, 0, 0, 0, 0, 0, 0, 0, 0, 0, 0, 0, 0, 0, 0, 0, 0, 0, 0, 0, 0, 0, 0, 0, 0, 0, 0, 0, 0, 0, 0, 0, 0, 0, 0, 0, 0, 0, 0, 0, 0, 0, 0, 0, 0, 0, 0, 0, 0, 0, 0, 0, 0, 0, 0, 0, 0, 0, 0, 0, 0, 0, 0, 0, 0, 0, 0, 0, 0, 0, 0, 0, 0, 0, 0, 0, 0, 0, 0, 0, 0, 0, 0, 0, 0, 0, 0, 0, 0, 0, 0, 0, 0, 0, 0, 0, 0, 0, 0, 0, 0, 0, 0, 0, 0, 0, 0, 0, 0, 0, 0, 0, 0, 0, 0, 0, 0, 0, 0, 0, 0, 0, 0, 0, 0, 0, 0, 0, 0, 0, 0, 0, 0, 0, 0, 0, 0, 0, 0, 0, 0, 0, 0, 0, 0, 0, 0, 0, 0, 0, 0, 0, 0, 0, 0, 0, 0, 0, 0, 0, 0, 0, 0, 0, 0, 0, 0, 0, 0, 0, 0, 0, 0, 0, 0, 0, 0, 0, 0, 0, 0, 0, 0, 0, 0, 0, 0, 0, 0, 0, 0, 0, 0, 0, 0, 0, 0, 0, 0, 0, 0, 0, 0, 0, 0, 0, 0, 0, 0, 0, 0, 0, 0, 0, 0, 0, 0, 0, 0, 0, 0, 0, 0, 0, 0, 0, 0, 0, 0, 0, 0, 0, 0, 0, 0, 0, 0, 0, 0, 0, 0, 0, 0, 0, 0, 0, 0, 0, 0, 0, 0, 0, 0, 0, 0, 0, 0, 0, 0, 0, 0, 0, 0, 0, 0, 0, 0, 0, 0, 0, 0, 0, 0, 0, 0, 0, 0, 0, 0, 0, 0, 0, 0, 0, 0, 0, 0, 0, 0, 0, 0, 0, 0, 0, 0, 0, 0, 0, 0, 0, 0, 0, 0, 0, 0, 0, 0, 0, 0, 0, 0, 0, 0, 0, 0, 0, 0, 0, 0, 0, 0, 0, 0, 0, 0, 0, 0, 0, 0, 0, 0, 0, 0, 0, 0, 0, 0, 0, 0, 0, 0, 0, 0, 0, 0, 0, 0, 0, 0, 0, 0, 0, 0, 0, 0, 0, 0, 0, 0, 0, 0, 0, 0, 0, 0, 0, 0, 0, 0, 0, 0, 0, 0, 0, 0, 0, 0, 0, 0, 0, 0, 0, 0, 0, 0, 0, 0, 0, 0, 0, 0, 0, 0, 0, 0, 0, 0, 0, 0, 0, 0, 0, 0, 0, 0, 0, 0, 0, 0, 0, 0, 0, 0, 0, 0, 0, 0, 0, 0, 0, 0, 0, 0, 0, 0, 0, 0, 0, 0, 0, 0, 0, 0, 0, 0, 0, 0, 0, 0, 0, 0, 0, 0, 0, 0, 0, 0, 0, 0, 0, 0, 0, 0, 0, 0, 0, 0, 0, 0, 0, 0, 0, 0, 0, 0, 0, 0, 0, 0, 0, 0, 0, 0, 0, 0, 0, 0, 0, 0, 0, 0, 0, 0, 0, 0, 0, 0, 0, 0, 0, 0, 0, 0, 0, 0, 0, 0, 0, 0, 0, 0, 0, 0, 0, 0, 0, 0, 0, 0, 0, 0, 0, 0, 0, 0, 0, 0, 0, 0, 0, 0, 0, 0, 0, 0, 0, 0, 0, 0, 0, 0, 0, 0, 0, 0, 0, 0, 0, 0, 0, 0, 0, 0, 0, 0, 0, 0, 0, 0, 0, 0, 0, 0, 0, 0, 0, 0, 0, 0, 0, 0, 0, 0, 0, 0, 0, 0, 0, 0, 0, 0, 0, 0, 0, 0, 0, 0, 0, 0, 0, 0, 0, 0, 0, 0, 0, 0, 0, 0, 0, 0, 0, 0, 0, 0, 0, 0, 0, 0, 0, 0, 0, 0, 0, 0, 0, 0, 0, 0, 0, 0, 0, 0, 0, 0, 0, 0, 0, 0, 0, 0, 0, 0, 0, 0, 0, 0, 0, 0, 0, 0, 0, 0, 0, 0, 0, 0, 0, 0, 0, 0, 0, 0, 0, 0, 0, 0, 0, 0, 0, 0, 0, 0, 0, 0, 0, 0, 0, 0, 0, 0, 0, 0, 0, 0, 0, 0, 0, 0, 0, 0, 0, 0, 0, 0, 0, 0, 0, 0, 0, 0, 0, 0, 0, 0, 0, 0, 0, 0, 0, 0, 0, 0, 0, 0, 0, 0, 0, 0, 0, 0, 0, 0, 0, 0, 0], [0, 0, 0, 0, 0, 0, 0, 0, 0, 0, 0, 0, 0, 0, 0, 0, 0, 0, 0, 0, 0, 0, 0, 0, 0, 0, 0, 0, 0, 0, 0, 0, 0, 0, 0, 0, 0, 0, 0, 0, 0, 0, 0, 0, 0, 0, 0, 0, 0, 0, 0, 0, 0, 0, 0, 0, 0, 0, 0, 0, 0, 0, 0, 0, 0, 0, 0, 0, 0, 0, 0, 0, 0, 0, 0, 0, 0, 0, 0, 0, 0, 0, 0, 0, 0, 0, 0, 0, 0, 0, 0, 0, 0, 0, 0, 0, 0, 0, 0, 0, 0, 0, 0, 0, 0, 0, 0, 0, 0, 0, 0, 0, 0, 0, 0, 0, 0, 0, 0, 0, 0, 0, 0, 0, 0, 0, 0, 0, 0, 0, 0, 0, 0, 0, 0, 0, 0, 0, 0, 0, 0, 0, 0, 0, 0, 0, 0, 0, 0, 0, 0, 0, 0, 0, 0, 0, 0, 0, 0, 0, 0, 0, 0, 0, 0, 0, 0, 0, 0, 0, 0, 0, 0, 0, 0, 0, 0, 0, 0, 0, 0, 0, 0, 0, 0, 0, 0, 0, 0, 0, 0, 0, 0, 0, 0, 0, 0, 0, 0, 0, 0, 0, 0, 0, 0, 0, 0, 0, 0, 0, 0, 0, 0, 0, 0, 0, 0, 0, 0, 0, 0, 0, 0, 0, 0, 0, 0, 0, 0, 0, 0, 0, 0, 0, 0, 0, 0, 0, 0, 0, 0, 0, 0, 0, 0, 0, 0, 0, 0, 0, 0, 0, 0, 0, 0, 0, 0, 0, 0, 0, 0, 0, 0, 0, 0, 0, 0, 0, 0, 0, 0, 0, 0, 0, 0, 0, 0, 0, 0, 0, 0, 0, 0, 0, 0, 0, 0, 0, 0, 0, 0, 0, 0, 0, 0, 0, 0, 0, 0, 0, 0, 0, 0, 0, 0, 0, 0, 0, 0, 0, 0, 0, 0, 0, 0, 0, 0, 0, 0, 0, 0, 0, 0, 0, 0, 0, 0, 0, 0, 0, 0, 0, 0, 0, 0, 0, 0, 0, 0, 0, 0, 0, 0, 0, 0, 0, 0, 0, 0, 0, 0, 0, 0, 0, 0, 0, 0, 0, 0, 0, 0, 0, 0, 0, 0, 0, 0, 0, 0, 0, 0, 0, 0, 0, 0, 0, 0, 0, 0, 0, 0, 0, 0, 0, 0, 0, 0, 0, 0, 0, 0, 0, 0, 0, 0, 0, 0, 0, 0, 0, 0, 0, 0, 0, 0, 0, 0, 0, 0, 0, 0, 0, 0, 0, 0, 0, 0, 0, 0, 0, 0, 0, 0, 0, 0, 0, 0, 0, 0, 0, 0, 0, 0, 0, 0, 0, 0, 0, 0, 0, 0, 0, 0, 0, 0, 0, 0, 0, 0, 0, 0, 0, 0, 0, 0, 0, 0, 0, 0, 0, 0, 0, 0, 0, 0, 0, 0, 0, 0, 0, 0, 0, 0, 0, 0, 0, 0, 0, 0, 0, 0, 0, 0, 0, 0, 0, 0, 0, 0, 0, 0, 0, 0, 0, 0, 0, 0, 0, 0, 0, 0, 0, 0, 0, 0, 0, 0, 0, 0, 0, 0, 0, 0, 0, 0, 0, 0, 0, 0, 0, 0, 0, 0, 0, 0, 0, 0, 0, 0, 0, 0, 0, 0, 0, 0, 0, 0, 0, 0, 0, 0, 0, 0, 0, 0, 0, 0, 0, 0, 0, 0, 0, 0, 0, 0, 0, 0, 0, 0, 0, 0, 0, 0, 0, 0, 0, 0, 0, 0, 0, 0, 0, 0, 0, 0, 0, 0, 0, 0, 0, 0, 0, 0, 0, 0, 0, 0, 0, 0, 0, 0, 0, 0, 0, 0, 0, 0, 0, 0, 0, 0, 0, 0, 0, 0, 0, 0, 0, 0, 0, 0, 0, 0, 0, 0, 0, 0, 0, 0, 0, 0, 0, 0, 0, 0, 0, 0, 0, 0, 0, 0, 0, 0, 0, 0, 0, 0, 0, 0, 0, 0, 0, 0, 0, 0, 0, 0, 0, 0, 0, 0, 0, 0, 0, 0, 0, 0, 0, 0, 0, 0, 0, 0, 0, 0, 0, 0, 0, 0, 0, 0, 0, 0, 0, 0, 0, 0, 0, 0, 0, 0, 0, 0, 0, 0, 0, 0, 0, 0, 0, 0, 0, 0, 0, 0, 0, 0, 0, 0, 0, 0, 0, 0, 0, 0, 0, 0, 0, 0, 0, 0, 0, 0, 0, 0, 0, 0, 0, 0, 0, 0, 0, 0, 0, 0, 0, 0, 0, 0, 0, 0, 0, 0, 0, 0, 0, 0, 0, 0, 0, 0, 0, 0, 0, 0, 0, 0, 0, 0, 0, 0, 0, 0, 0, 0, 0, 0, 0, 0, 0, 0, 0, 0, 0, 0, 0, 0, 0, 0, 0, 0, 0, 0, 0, 0, 0, 0, 0, 0, 0, 0, 0, 0, 0, 0, 0, 0, 0, 0, 0, 0, 0, 0, 0, 0, 0, 0, 0, 0, 0, 0, 0, 0, 0, 0, 0, 0, 0, 0, 0, 0, 0, 0, 0, 0, 0, 0, 0, 0, 0, 0, 0, 0, 0, 0, 0, 0, 0, 0, 0, 0, 0, 0, 0, 0, 0, 0, 0, 0, 0, 0, 0, 0, 0, 0, 0, 0, 0, 0, 0, 0, 0, 0, 0, 0, 0, 0, 0, 0, 0, 0, 0, 0, 0, 0, 0, 0, 0, 0, 0, 0, 0, 0, 0, 0, 0, 0, 0, 0, 0, 0, 0, 0, 0, 0, 0, 0, 0, 0, 0, 0, 0, 0, 0, 0, 0, 0, 0, 0, 0, 0, 0, 0, 0, 0, 0, 0, 0, 0, 0, 0, 0, 0, 0, 0, 0, 0, 0, 0, 0, 0, 0, 0, 0, 0, 0, 0, 0, 0, 0, 0, 0, 0, 0, 0, 0, 0, 0, 0, 0, 0, 0, 0, 0, 0, 0, 0, 0, 0, 0, 0, 0, 0, 0, 0, 0, 0, 0, 0, 0, 0, 0, 0, 0, 0, 0, 0, 0, 0, 0, 0, 0, 0, 0, 0, 0, 0, 0, 0, 0, 0, 0, 0, 0, 0, 0, 0, 0, 0, 0, 0, 0, 0, 0, 0, 0, 0, 0, 0, 0, 0, 0, 0, 0, 0, 0, 0, 0, 0, 0, 0, 0, 0, 0, 0, 0, 0, 0, 0, 0, 0, 0, 0, 0, 0, 0, 0, 0, 0, 0, 0, 0, 0, 0, 0, 0, 0, 0, 0, 0, 0, 0, 0, 0, 0, 0, 0, 0, 0, 0, 0, 0, 0, 0, 0, 0, 0, 0, 0, 0, 0, 0, 0, 0, 0, 0, 0, 0, 0, 0, 0, 0, 0, 0, 0, 0, 0, 0, 0, 0, 0, 0, 0, 0, 0, 0, 0, 0, 0, 0, 0, 0, 0, 0, 0, 0, 0, 0, 0, 0, 0, 0, 0, 0, 0, 0, 0, 0, 0, 0, 0, 0, 0, 0, 0, 0, 0, 0, 0, 0, 0, 0, 0, 0, 0, 0, 0, 0, 0, 0, 0, 0, 0, 0, 0, 0, 0, 0, 0, 0, 0, 0, 0, 0, 0, 0, 0, 0, 0, 0, 0, 0, 0, 0, 0, 0, 0, 0, 0, 0, 0, 0, 0, 0, 0, 0, 0, 0, 0, 0, 0, 0, 0, 0, 0, 0, 0, 0, 0, 0, 0, 0, 0, 0, 0, 0, 0, 0, 0, 0, 0, 0, 0, 0, 0, 0, 0, 0, 0, 0, 0, 0, 0, 0, 0, 0, 0, 0, 0, 0, 0, 0, 0, 0, 0, 0, 0, 0, 0, 0, 0, 0, 0, 0, 0, 0, 0, 0, 0, 0, 0, 0, 0, 0, 0, 0, 0, 0, 0, 0, 0, 0, 0, 0, 0, 0, 0, 0, 0, 0, 0, 0, 0, 0, 0, 0, 0, 0, 0, 0, 0, 0, 0, 0, 0, 0, 0, 0, 0, 0, 0, 0, 0, 0, 0, 0, 0, 0, 0, 0, 0, 0, 0, 0, 0, 0, 0, 0, 0, 0, 0, 0, 0, 0, 0, 0, 0, 0, 0, 0, 0, 0, 0, 0, 0, 0, 0, 0, 0, 0, 0, 0, 0, 0, 0, 0, 0, 0, 0, 0, 0, 0, 0, 0, 0, 0, 0, 0, 0, 0, 0, 0, 0, 0, 0, 0, 0, 0, 0, 0, 0, 0, 0, 0, 0, 0, 0, 0, 0, 0, 0, 0, 0, 0, 0, 0, 0, 0, 0, 0, 0, 0, 0, 0, 0, 0, 0, 0, 0, 0, 0, 0, 0, 0, 0, 0, 0, 0, 0, 0, 0, 0, 0, 0, 0, 0, 0, 0, 0, 0, 0, 0, 0, 0, 0, 0, 0, 0, 0, 0, 0, 0, 0, 0, 0, 0, 0, 0, 0, 0, 0, 0, 0, 0, 0, 0, 0, 0, 0, 0, 0, 0, 0, 0, 0, 0, 0, 0, 0, 0, 0, 0, 0, 0, 0, 0, 0, 0, 0, 0, 0, 0, 0, 0, 0, 0, 0, 0, 0, 0, 0, 0, 0, 0, 0, 0, 0, 0, 0, 0, 0, 0, 0, 0, 0, 0, 0, 0, 0, 0, 0, 0, 0, 0, 0, 0, 0, 0, 0, 0, 0, 0, 0, 0, 0, 0, 0, 0, 0, 0, 0, 0, 0, 0, 0, 0, 0, 0, 0, 0, 0, 0, 0, 0, 0, 0, 0, 0, 0, 0, 0, 0, 0, 0, 0, 0, 0, 0, 0, 0, 0, 0, 0, 0, 0, 0, 0, 0, 0, 0, 0, 0, 0, 0, 0, 0, 0, 0, 0, 0, 0, 0, 0, 0, 0, 0, 0, 0, 0, 0, 0, 0, 0, 0, 0, 0, 0, 0, 0, 0, 0, 0, 0, 0, 0, 0, 0, 0, 0, 0, 0, 0, 0, 0, 0, 0, 0, 0, 0, 0, 0, 0, 0, 0, 0, 0, 0, 0, 0, 0, 0, 0, 0, 0, 0, 0, 0, 0, 0, 0, 0, 0, 0, 0, 0, 0, 0, 0, 0, 0, 0, 0, 0, 0, 0, 0, 0, 0, 0, 0, 0, 0, 0, 0, 0, 0, 0, 0, 0, 0, 0, 0, 0, 0, 0, 0, 0, 0, 0, 0, 0, 0, 0, 0, 0, 0, 0, 0, 0, 0, 0, 0, 0, 0, 0, 0, 0, 0, 0, 0, 0, 0, 0], [0, 0, 0, 0, 0, 0, 0, 0, 0, 0, 0, 0, 0, 0, 0, 0, 0, 0, 0, 0, 0, 0, 0, 0, 0, 0, 0, 0, 0, 0, 0, 0, 0, 0, 0, 0, 0, 0, 0, 0, 0, 0, 0, 0, 0, 0, 0, 0, 0, 0, 0, 0, 0, 0, 0, 0, 0, 0, 0, 0, 0, 0, 0, 0, 0, 0, 0, 0, 0, 0, 0, 0, 0, 0, 0, 0, 0, 0, 0, 0, 0, 0, 0, 0, 0, 0, 0, 0, 0, 0, 0, 0, 0, 0, 0, 0, 0, 0, 0, 0, 0, 0, 0, 0, 0, 0, 0, 0, 0, 0, 0, 0, 0, 0, 0, 0, 0, 0, 0, 0, 0, 0, 0, 0, 0, 0, 0, 0, 0, 0, 0, 0, 0, 0, 0, 0, 0, 0, 0, 0, 0, 0, 0, 0, 0, 0, 0, 0, 0, 0, 0, 0, 0, 0, 0, 0, 0, 0, 0, 0, 0, 0, 0, 0, 0, 0, 0, 0, 0, 0, 0, 0, 0, 0, 0, 0, 0, 0, 0, 0, 0, 0, 0, 0, 0, 0, 0, 0, 0, 0, 0, 0, 0, 0, 0, 0, 0, 0, 0, 0, 0, 0, 0, 0, 0, 0, 0, 0, 0, 0, 0, 0, 0, 0, 0, 0, 0, 0, 0, 0, 0, 0, 0, 0, 0, 0, 0, 0, 0, 0, 0, 0, 0, 0, 0, 0, 0, 0, 0, 0, 0, 0, 0, 0, 0, 0, 0, 0, 0, 0, 0, 0, 0, 0, 0, 0, 0, 0, 0, 0, 0, 0, 0, 0, 0, 0, 0, 0, 0, 0, 0, 0, 0, 0, 0, 0, 0, 0, 0, 0, 0, 0, 0, 0, 0, 0, 0, 0, 0, 0, 0, 0, 0, 0, 0, 0, 0, 0, 0, 0, 0, 0, 0, 0, 0, 0, 0, 0, 0, 0, 0, 0, 0, 0, 0, 0, 0, 0, 0, 0, 0, 0, 0, 0, 0, 0, 0, 0, 0, 0, 0, 0, 0, 0, 0, 0, 0, 0, 0, 0, 0, 0, 0, 0, 0, 0, 0, 0, 0, 0, 0, 0, 0, 0, 0, 0, 0, 0, 0, 0, 0, 0, 0, 0, 0, 0, 0, 0, 0, 0, 0, 0, 0, 0, 0, 0, 0, 0, 0, 0, 0, 0, 0, 0, 0, 0, 0, 0, 0, 0, 0, 0, 0, 0, 0, 0, 0, 0, 0, 0, 0, 0, 0, 0, 0, 0, 0, 0, 0, 0, 0, 0, 0, 0, 0, 0, 0, 0, 0, 0, 0, 0, 0, 0, 0, 0, 0, 0, 0, 0, 0, 0, 0, 0, 0, 0, 0, 0, 0, 0, 0, 0, 0, 0, 0, 0, 0, 0, 0, 0, 0, 0, 0, 0, 0, 0, 0, 0, 0, 0, 0, 0, 0, 0, 0, 0, 0, 0, 0, 0, 0, 0, 0, 0, 0, 0, 0, 0, 0, 0, 0, 0, 0, 0, 0, 0, 0, 0, 0, 0, 0, 0, 0, 0, 0, 0, 0, 0, 0, 0, 0, 0, 0, 0, 0, 0, 0, 0, 0, 0, 0, 0, 0, 0, 0, 0, 0, 0, 0, 0, 0, 0, 0, 0, 0, 0, 0, 0, 0, 0, 0, 0, 0, 0, 0, 0, 0, 0, 0, 0, 0, 0, 0, 0, 0, 0, 0, 0, 0, 0, 0, 0, 0, 0, 0, 0, 0, 0, 0, 0, 0, 0, 0, 0, 0, 0, 0, 0, 0, 0, 0, 0, 0, 0, 0, 0, 0, 0, 0, 0, 0, 0, 0, 0, 0, 0, 0, 0, 0, 0, 0, 0, 0, 0, 0, 0, 0, 0, 0, 0, 0, 0, 0, 0, 0, 0, 0, 0, 0, 0, 0, 0, 0, 0, 0, 0, 0, 0, 0, 0, 0, 0, 0, 0, 0, 0, 0, 0, 0, 0, 0, 0, 0, 0, 0, 0, 0, 0, 0, 0, 0, 0, 0, 0, 0, 0, 0, 0, 0, 0, 0, 0, 0, 0, 0, 0, 0, 0, 0, 0, 0, 0, 0, 0, 0, 0, 0, 0, 0, 0, 0, 0, 0, 0, 0, 0, 0, 0, 0, 0, 0, 0, 0, 0, 0, 0, 0, 0, 0, 0, 0, 0, 0, 0, 0, 0, 0, 0, 0, 0, 0, 0, 0, 0, 0, 0, 0, 0, 0, 0, 0, 0, 0, 0, 0, 0, 0, 0, 0, 0, 0, 0, 0, 0, 0, 0, 0, 0, 0, 0, 0, 0, 0, 0, 0, 0, 0, 0, 0, 0, 0, 0, 0, 0, 0, 0, 0, 0, 0, 0, 0, 0, 0, 0, 0, 0, 0, 0, 0, 0, 0, 0, 0, 0, 0, 0, 0, 0, 0, 0, 0, 0, 0, 0, 0, 0, 0, 0, 0, 0, 0, 0, 0, 0, 0, 0, 0, 0, 0, 0, 0, 0, 0, 0, 0, 0, 0, 0, 0, 0, 0, 0, 0, 0, 0, 0, 0, 0, 0, 0, 0, 0, 0, 0, 0, 0, 0, 0, 0, 0, 0, 0, 0, 0, 0, 0, 0, 0, 0, 0, 0, 0, 0, 0, 0, 0, 0, 0, 0, 0, 0, 0, 0, 0, 0, 0, 0, 0, 0, 0, 0, 0, 0, 0, 0, 0, 0, 0, 0, 0, 0, 0, 0, 0, 0, 0, 0, 0, 0, 0, 0, 0, 0, 0, 0, 0, 0, 0, 0, 0, 0, 0, 0, 0, 0, 0, 0, 0, 0, 0, 0, 0, 0, 0, 0, 0, 0, 0, 0, 0, 0, 0, 0, 0, 0, 0, 0, 0, 0, 0, 0, 0, 0, 0, 0, 0, 0, 0, 0, 0, 0, 0, 0, 0, 0, 0, 0, 0, 0, 0, 0, 0, 0, 0, 0, 0, 0, 0, 0, 0, 0, 0, 0, 0, 0, 0, 0, 0, 0, 0, 0, 0, 0, 0, 0, 0, 0, 0, 0, 0, 0, 0, 0, 0, 0, 0, 0, 0, 0, 0, 0, 0, 0, 0, 0, 0, 0, 0, 0, 0, 0, 0, 0, 0, 0, 0, 0, 0, 0, 0, 0, 0, 0, 0, 0, 0, 0, 0, 0, 0, 0, 0, 0, 0, 0, 0, 0, 0, 0, 0, 0, 0, 0, 0, 0, 0, 0, 0, 0, 0, 0, 0, 0, 0, 0, 0, 0, 0, 0, 0, 0, 0, 0, 0, 0, 0, 0, 0, 0, 0, 0, 0, 0, 0, 0, 0, 0, 0, 0, 0, 0, 0, 0, 0, 0, 0, 0, 0, 0, 0, 0, 0, 0, 0, 0, 0, 0, 0, 0, 0, 0, 0, 0, 0, 0, 0, 0, 0, 0, 0, 0, 0, 0, 0, 0, 0, 0, 0, 0, 0, 0, 0, 0, 0, 0, 0, 0, 0, 0, 0, 0, 0, 0, 0, 0, 0, 0, 0, 0, 0, 0, 0, 0, 0, 0, 0, 0, 0, 0, 0, 0, 0, 0, 0, 0, 0, 0, 0, 0, 0, 0, 0, 0, 0, 0, 0, 0, 0, 0, 0, 0, 0, 0, 0, 0, 0, 0, 0, 0, 0, 0, 0, 0, 0, 0, 0, 0, 0, 0, 0, 0, 0, 0, 0, 0, 0, 0, 0, 0, 0, 0, 0, 0, 0, 0, 0, 0, 0, 0, 0, 0, 0, 0, 0, 0, 0, 0, 0, 0, 0, 0, 0, 0, 0, 0, 0, 0, 0, 0, 0, 0, 0, 0, 0, 0, 0, 0, 0, 0, 0, 0, 0, 0, 0, 0, 0, 0, 0, 0, 0, 0, 0, 0, 0, 0, 0, 0, 0, 0, 0, 0, 0, 0, 0, 0, 0, 0, 0, 0, 0, 0, 0, 0, 0, 0, 0, 0, 0, 0, 0, 0, 0, 0, 0, 0, 0, 0, 0, 0, 0, 0, 0, 0, 0, 0, 0, 0, 0, 0, 0, 0, 0, 0, 0, 0, 0, 0, 0, 0, 0, 0, 0, 0, 0, 0, 0, 0, 0, 0, 0, 0, 0, 0, 0, 0, 0, 0, 0, 0, 0, 0, 0, 0, 0, 0, 0, 0, 0, 0, 0, 0, 0, 0, 0, 0, 0, 0, 0, 0, 0, 0, 0, 0, 0, 0, 0, 0, 0, 0, 0, 0, 0, 0, 0, 0, 0, 0, 0, 0, 0, 0, 0, 0, 0, 0, 0, 0, 0, 0, 0, 0, 0, 0, 0, 0, 0, 0, 0, 0, 0, 0, 0, 0, 0, 0, 0, 0, 0, 0, 0, 0, 0, 0, 0, 0, 0, 0, 0, 0, 0, 0, 0, 0, 0, 0, 0, 0, 0, 0, 0, 0, 0, 0, 0, 0, 0, 0, 0, 0, 0, 0, 0, 0, 0, 0, 0, 0, 0, 0, 0, 0, 0, 0, 0, 0, 0, 0, 0, 0, 0, 0, 0, 0, 0, 0, 0, 0, 0, 0, 0, 0, 0, 0, 0, 0, 0, 0, 0, 0, 0, 0, 0, 0, 0, 0, 0, 0, 0, 0, 0, 0, 0, 0, 0, 0, 0, 0, 0, 0, 0, 0, 0, 0, 0, 0, 0, 0, 0, 0, 0, 0, 0, 0, 0, 0, 0, 0, 0, 0, 0, 0, 0, 0, 0, 0, 0, 0, 0, 0, 0, 0, 0, 0, 0, 0, 0, 0, 0, 0, 0, 0, 0, 0, 0, 0, 0, 0, 0, 0, 0, 0, 0, 0, 0, 0, 0, 0, 0, 0, 0, 0, 0, 0, 0, 0, 0, 0, 0, 0, 0, 0, 0, 0, 0, 0, 0, 0, 0, 0, 0, 0, 0, 0, 0, 0, 0, 0, 0, 0, 0, 0, 0, 0, 0, 0, 0, 0, 0, 0, 0, 0, 0, 0, 0, 0, 0, 0, 0, 0, 0, 0, 0, 0, 0, 0, 0, 0, 0, 0, 0, 0, 0, 0, 0, 0, 0, 0, 0, 0, 0, 0, 0, 0, 0, 0, 0, 0, 0, 0, 0, 0, 0, 0, 0, 0, 0, 0, 0, 0, 0, 0, 0, 0, 0, 0, 0, 0, 0, 0, 0, 0, 0, 0, 0, 0, 0, 0, 0, 0, 0, 0, 0, 0, 0, 0, 0, 0, 0, 0, 0, 0, 0, 0, 0, 0, 0, 0, 0, 0, 0, 0, 0, 0, 0, 0, 0, 0, 0, 0, 0, 0, 0, 0, 0], [0, 0, 0, 0, 0, 0, 0, 0, 0, 0, 0, 0, 0, 0, 0, 0, 0, 0, 0, 0, 0, 0, 0, 0, 0, 0, 0, 0, 0, 0, 0, 0, 0, 0, 0, 0, 0, 0, 0, 0, 0, 0, 0, 0, 0, 0, 0, 0, 0, 0, 0, 0, 0, 0, 0, 0, 0, 0, 0, 0, 0, 0, 0, 0, 0, 0, 0, 0, 0, 0, 0, 0, 0, 0, 0, 0, 0, 0, 0, 0, 0, 0, 0, 0, 0, 0, 0, 0, 0, 0, 0, 0, 0, 0, 0, 0, 0, 0, 0, 0, 0, 0, 0, 0, 0, 0, 0, 0, 0, 0, 0, 0, 0, 0, 0, 0, 0, 0, 0, 0, 0, 0, 0, 0, 0, 0, 0, 0, 0, 0, 0, 0, 0, 0, 0, 0, 0, 0, 0, 0, 0, 0, 0, 0, 0, 0, 0, 0, 0, 0, 0, 0, 0, 0, 0, 0, 0, 0, 0, 0, 0, 0, 0, 0, 0, 0, 0, 0, 0, 0, 0, 0, 0, 0, 0, 0, 0, 0, 0, 0, 0, 0, 0, 0, 0, 0, 0, 0, 0, 0, 0, 0, 0, 0, 0, 0, 0, 0, 0, 0, 0, 0, 0, 0, 0, 0, 0, 0, 0, 0, 0, 0, 0, 0, 0, 0, 0, 0, 0, 0, 0, 0, 0, 0, 0, 0, 0, 0, 0, 0, 0, 0, 0, 0, 0, 0, 0, 0, 0, 0, 0, 0, 0, 0, 0, 0, 0, 0, 0, 0, 0, 0, 0, 0, 0, 0, 0, 0, 0, 0, 0, 0, 0, 0, 0, 0, 0, 0, 0, 0, 0, 0, 0, 0, 0, 0, 0, 0, 0, 0, 0, 0, 0, 0, 0, 0, 0, 0, 0, 0, 0, 0, 0, 0, 0, 0, 0, 0, 0, 0, 0, 0, 0, 0, 0, 0, 0, 0, 0, 0, 0, 0, 0, 0, 0, 0, 0, 0, 0, 0, 0, 0, 0, 0, 0, 0, 0, 0, 0, 0, 0, 0, 0, 0, 0, 0, 0, 0, 0, 0, 0, 0, 0, 0, 0, 0, 0, 0, 0, 0, 0, 0, 0, 0, 0, 0, 0, 0, 0, 0, 0, 0, 0, 0, 0, 0, 0, 0, 0, 0, 0, 0, 0, 0, 0, 0, 0, 0, 0, 0, 0, 0, 0, 0, 0, 0, 0, 0, 0, 0, 0, 0, 0, 0, 0, 0, 0, 0, 0, 0, 0, 0, 0, 0, 0, 0, 0, 0, 0, 0, 0, 0, 0, 0, 0, 0, 0, 0, 0, 0, 0, 0, 0, 0, 0, 0, 0, 0, 0, 0, 0, 0, 0, 0, 0, 0, 0, 0, 0, 0, 0, 0, 0, 0, 0, 0, 0, 0, 0, 0, 0, 0, 0, 0, 0, 0, 0, 0, 0, 0, 0, 0, 0, 0, 0, 0, 0, 0, 0, 0, 0, 0, 0, 0, 0, 0, 0, 0, 0, 0, 0, 0, 0, 0, 0, 0, 0, 0, 0, 0, 0, 0, 0, 0, 0, 0, 0, 0, 0, 0, 0, 0, 0, 0, 0, 0, 0, 0, 0, 0, 0, 0, 0, 0, 0, 0, 0, 0, 0, 0, 0, 0, 0, 0, 0, 0, 0, 0, 0, 0, 0, 0, 0, 0, 0, 0, 0, 0, 0, 0, 0, 0, 0, 0, 0, 0, 0, 0, 0, 0, 0, 0, 0, 0, 0, 0, 0, 0, 0, 0, 0, 0, 0, 0, 0, 0, 0, 0, 0, 0, 0, 0, 0, 0, 0, 0, 0, 0, 0, 0, 0, 0, 0, 0, 0, 0, 0, 0, 0, 0, 0, 0, 0, 0, 0, 0, 0, 0, 0, 0, 0, 0, 0, 0, 0, 0, 0, 0, 0, 0, 0, 0, 0, 0, 0, 0, 0, 0, 0, 0, 0, 0, 0, 0, 0, 0, 0, 0, 0, 0, 0, 0, 0, 0, 0, 0, 0, 0, 0, 0, 0, 0, 0, 0, 0, 0, 0, 0, 0, 0, 0, 0, 0, 0, 0, 0, 0, 0, 0, 0, 0, 0, 0, 0, 0, 0, 0, 0, 0, 0, 0, 0, 0, 0, 0, 0, 0, 0, 0, 0, 0, 0, 0, 0, 0, 0, 0, 0, 0, 0, 0, 0, 0, 0, 0, 0, 0, 0, 0, 0, 0, 0, 0, 0, 0, 0, 0, 0, 0, 0, 0, 0, 0, 0, 0, 0, 0, 0, 0, 0, 0, 0, 0, 0, 0, 0, 0, 0, 0, 0, 0, 0, 0, 0, 0, 0, 0, 0, 0, 0, 0, 0, 0, 0, 0, 0, 0, 0, 0, 0, 0, 0, 0, 0, 0, 0, 0, 0, 0, 0, 0, 0, 0, 0, 0, 0, 0, 0, 0, 0, 0, 0, 0, 0, 0, 0, 0, 0, 0, 0, 0, 0, 0, 0, 0, 0, 0, 0, 0, 0, 0, 0, 0, 0, 0, 0, 0, 0, 0, 0, 0, 0, 0, 0, 0, 0, 0, 0, 0, 0, 0, 0, 0, 0, 0, 0, 0, 0, 0, 0, 0, 0, 0, 0, 0, 0, 0, 0, 0, 0, 0, 0, 0, 0, 0, 0, 0, 0, 0, 0, 0, 0, 0, 0, 0, 0, 0, 0, 0, 0, 0, 0, 0, 0, 0, 0, 0, 0, 0, 0, 0, 0, 0, 0, 0, 0, 0, 0, 0, 0, 0, 0, 0, 0, 0, 0, 0, 0, 0, 0, 0, 0, 0, 0, 0, 0, 0, 0, 0, 0, 0, 0, 0, 0, 0, 0, 0, 0, 0, 0, 0, 0, 0, 0, 0, 0, 0, 0, 0, 0, 0, 0, 0, 0, 0, 0, 0, 0, 0, 0, 0, 0, 0, 0, 0, 0, 0, 0, 0, 0, 0, 0, 0, 0, 0, 0, 0, 0, 0, 0, 0, 0, 0, 0, 0, 0, 0, 0, 0, 0, 0, 0, 0, 0, 0, 0, 0, 0, 0, 0, 0, 0, 0, 0, 0, 0, 0, 0, 0, 0, 0, 0, 0, 0, 0, 0, 0, 0, 0, 0, 0, 0, 0, 0, 0, 0, 0, 0, 0, 0, 0, 0, 0, 0, 0, 0, 0, 0, 0, 0, 0, 0, 0, 0, 0, 0, 0, 0, 0, 0, 0, 0, 0, 0, 0, 0, 0, 0, 0, 0, 0, 0, 0, 0, 0, 0, 0, 0, 0, 0, 0, 0, 0, 0, 0, 0, 0, 0, 0, 0, 0, 0, 0, 0, 0, 0, 0, 0, 0, 0, 0, 0, 0, 0, 0, 0, 0, 0, 0, 0, 0, 0, 0, 0, 0, 0, 0, 0, 0, 0, 0, 0, 0, 0, 0, 0, 0, 0, 0, 0, 0, 0, 0, 0, 0, 0, 0, 0, 0, 0, 0, 0, 0, 0, 0, 0, 0, 0, 0, 0, 0, 0, 0, 0, 0, 0, 0, 0, 0, 0, 0, 0, 0, 0, 0, 0, 0, 0, 0, 0, 0, 0, 0, 0, 0, 0, 0, 0, 0, 0, 0, 0, 0, 0, 0, 0, 0, 0, 0, 0, 0, 0, 0, 0, 0, 0, 0, 0, 0, 0, 0, 0, 0, 0, 0, 0, 0, 0, 0, 0, 0, 0, 0, 0, 0, 0, 0, 0, 0, 0, 0, 0, 0, 0, 0, 0, 0, 0, 0, 0, 0, 0, 0, 0, 0, 0, 0, 0, 0, 0, 0, 0, 0, 0, 0, 0, 0, 0, 0, 0, 0, 0, 0, 0, 0, 0, 0, 0, 0, 0, 0, 0, 0, 0, 0, 0, 0, 0, 0, 0, 0, 0, 0, 0, 0, 0, 0, 0, 0, 0, 0, 0, 0, 0, 0, 0, 0, 0, 0, 0, 0, 0, 0, 0, 0, 0, 0, 0, 0, 0, 0, 0, 0, 0, 0, 0, 0, 0, 0, 0, 0, 0, 0, 0, 0, 0, 0, 0, 0, 0, 0, 0, 0, 0, 0, 0, 0, 0, 0, 0, 0, 0, 0, 0, 0, 0, 0, 0, 0, 0, 0, 0, 0, 0, 0, 0, 0, 0, 0, 0, 0, 0, 0, 0, 0, 0, 0, 0, 0, 0, 0, 0, 0, 0, 0, 0, 0, 0, 0, 0, 0, 0, 0, 0, 0, 0, 0, 0, 0, 0, 0, 0, 0, 0, 0, 0, 0, 0, 0, 0, 0, 0, 0, 0, 0, 0, 0, 0, 0, 0, 0, 0, 0, 0, 0, 0, 0, 0, 0, 0, 0, 0, 0, 0, 0, 0, 0, 0, 0, 0, 0, 0, 0, 0, 0, 0, 0, 0, 0, 0, 0, 0, 0, 0, 0, 0, 0, 0, 0, 0, 0, 0, 0, 0, 0, 0, 0, 0, 0, 0, 0, 0, 0, 0, 0, 0, 0, 0, 0, 0, 0, 0, 0, 0, 0, 0, 0, 0, 0, 0, 0, 0, 0, 0, 0, 0, 0, 0, 0, 0, 0, 0, 0, 0, 0, 0, 0, 0, 0, 0, 0, 0, 0, 0, 0, 0, 0, 0, 0, 0, 0, 0, 0, 0, 0, 0, 0, 0, 0, 0, 0, 0, 0, 0, 0, 0, 0, 0, 0, 0, 0, 0, 0, 0, 0, 0, 0, 0, 0, 0, 0, 0, 0, 0, 0, 0, 0, 0, 0, 0, 0, 0, 0, 0, 0, 0, 0, 0, 0, 0, 0, 0, 0, 0, 0, 0, 0, 0, 0, 0, 0, 0, 0, 0, 0, 0, 0, 0, 0, 0, 0, 0, 0, 0, 0, 0, 0, 0, 0, 0, 0, 0, 0, 0, 0, 0, 0, 0, 0, 0, 0, 0, 0, 0, 0, 0, 0, 0, 0, 0, 0, 0, 0, 0, 0, 0, 0, 0, 0, 0, 0, 0, 0, 0, 0, 0, 0, 0, 0, 0, 0, 0, 0, 0, 0, 0, 0, 0, 0, 0, 0, 0, 0, 0, 0, 0, 0, 0, 0, 0, 0, 0, 0, 0, 0, 0, 0, 0, 0, 0, 0, 0, 0, 0, 0, 0, 0, 0, 0, 0, 0, 0, 0, 0, 0, 0, 0, 0, 0, 0, 0, 0, 0, 0, 0, 0, 0, 0, 0, 0, 0, 0, 0, 0, 0, 0, 0, 0, 0, 0, 0, 0, 0, 0, 0, 0, 0, 0, 0, 0, 0, 0, 0, 0, 0, 0, 0, 0, 0, 0, 0, 0, 0, 0], [0, 0, 0, 0, 0, 0, 0, 0, 0, 0, 0, 0, 0, 0, 0, 0, 0, 0, 0, 0, 0, 0, 0, 0, 0, 0, 0, 0, 0, 0, 0, 0, 0, 0, 0, 0, 0, 0, 0, 0, 0, 0, 0, 0, 0, 0, 0, 0, 0, 0, 0, 0, 0, 0, 0, 0, 0, 0, 0, 0, 0, 0, 0, 0, 0, 0, 0, 0, 0, 0, 0, 0, 0, 0, 0, 0, 0, 0, 0, 0, 0, 0, 0, 0, 0, 0, 0, 0, 0, 0, 0, 0, 0, 0, 0, 0, 0, 0, 0, 0, 0, 0, 0, 0, 0, 0, 0, 0, 0, 0, 0, 0, 0, 0, 0, 0, 0, 0, 0, 0, 0, 0, 0, 0, 0, 0, 0, 0, 0, 0, 0, 0, 0, 0, 0, 0, 0, 0, 0, 0, 0, 0, 0, 0, 0, 0, 0, 0, 0, 0, 0, 0, 0, 0, 0, 0, 0, 0, 0, 0, 0, 0, 0, 0, 0, 0, 0, 0, 0, 0, 0, 0, 0, 0, 0, 0, 0, 0, 0, 0, 0, 0, 0, 0, 0, 0, 0, 0, 0, 0, 0, 0, 0, 0, 0, 0, 0, 0, 0, 0, 0, 0, 0, 0, 0, 0, 0, 0, 0, 0, 0, 0, 0, 0, 0, 0, 0, 0, 0, 0, 0, 0, 0, 0, 0, 0, 0, 0, 0, 0, 0, 0, 0, 0, 0, 0, 0, 0, 0, 0, 0, 0, 0, 0, 0, 0, 0, 0, 0, 0, 0, 0, 0, 0, 0, 0, 0, 0, 0, 0, 0, 0, 0, 0, 0, 0, 0, 0, 0, 0, 0, 0, 0, 0, 0, 0, 0, 0, 0, 0, 0, 0, 0, 0, 0, 0, 0, 0, 0, 0, 0, 0, 0, 0, 0, 0, 0, 0, 0, 0, 0, 0, 0, 0, 0, 0, 0, 0, 0, 0, 0, 0, 0, 0, 0, 0, 0, 0, 0, 0, 0, 0, 0, 0, 0, 0, 0, 0, 0, 0, 0, 0, 0, 0, 0, 0, 0, 0, 0, 0, 0, 0, 0, 0, 0, 0, 0, 0, 0, 0, 0, 0, 0, 0, 0, 0, 0, 0, 0, 0, 0, 0, 0, 0, 0, 0, 0, 0, 0, 0, 0, 0, 0, 0, 0, 0, 0, 0, 0, 0, 0, 0, 0, 0, 0, 0, 0, 0, 0, 0, 0, 0, 0, 0, 0, 0, 0, 0, 0, 0, 0, 0, 0, 0, 0, 0, 0, 0, 0, 0, 0, 0, 0, 0, 0, 0, 0, 0, 0, 0, 0, 0, 0, 0, 0, 0, 0, 0, 0, 0, 0, 0, 0, 0, 0, 0, 0, 0, 0, 0, 0, 0, 0, 0, 0, 0, 0, 0, 0, 0, 0, 0, 0, 0, 0, 0, 0, 0, 0, 0, 0, 0, 0, 0, 0, 0, 0, 0, 0, 0, 0, 0, 0, 0, 0, 0, 0, 0, 0, 0, 0, 0, 0, 0, 0, 0, 0, 0, 0, 0, 0, 0, 0, 0, 0, 0, 0, 0, 0, 0, 0, 0, 0, 0, 0, 0, 0, 0, 0, 0, 0, 0, 0, 0, 0, 0, 0, 0, 0, 0, 0, 0, 0, 0, 0, 0, 0, 0, 0, 0, 0, 0, 0, 0, 0, 0, 0, 0, 0, 0, 0, 0, 0, 0, 0, 0, 0, 0, 0, 0, 0, 0, 0, 0, 0, 0, 0, 0, 0, 0, 0, 0, 0, 0, 0, 0, 0, 0, 0, 0, 0, 0, 0, 0, 0, 0, 0, 0, 0, 0, 0, 0, 0, 0, 0, 0, 0, 0, 0, 0, 0, 0, 0, 0, 0, 0, 0, 0, 0, 0, 0, 0, 0, 0, 0, 0, 0, 0, 0, 0, 0, 0, 0, 0, 0, 0, 0, 0, 0, 0, 0, 0, 0, 0, 0, 0, 0, 0, 0, 0, 0, 0, 0, 0, 0, 0, 0, 0, 0, 0, 0, 0, 0, 0, 0, 0, 0, 0, 0, 0, 0, 0, 0, 0, 0, 0, 0, 0, 0, 0, 0, 0, 0, 0, 0, 0, 0, 0, 0, 0, 0, 0, 0, 0, 0, 0, 0, 0, 0, 0, 0, 0, 0, 0, 0, 0, 0, 0, 0, 0, 0, 0, 0, 0, 0, 0, 0, 0, 0, 0, 0, 0, 0, 0, 0, 0, 0, 0, 0, 0, 0, 0, 0, 0, 0, 0, 0, 0, 0, 0, 0, 0, 0, 0, 0, 0, 0, 0, 0, 0, 0, 0, 0, 0, 0, 0, 0, 0, 0, 0, 0, 0, 0, 0, 0, 0, 0, 0, 0, 0, 0, 0, 0, 0, 0, 0, 0, 0, 0, 0, 0, 0, 0, 0, 0, 0, 0, 0, 0, 0, 0, 0, 0, 0, 0, 0, 0, 0, 0, 0, 0, 0, 0, 0, 0, 0, 0, 0, 0, 0, 0, 0, 0, 0, 0, 0, 0, 0, 0, 0, 0, 0, 0, 0, 0, 0, 0, 0, 0, 0, 0, 0, 0, 0, 0, 0, 0, 0, 0, 0, 0, 0, 0, 0, 0, 0, 0, 0, 0, 0, 0, 0, 0, 0, 0, 0, 0, 0, 0, 0, 0, 0, 0, 0, 0, 0, 0, 0, 0, 0, 0, 0, 0, 0, 0, 0, 0, 0, 0, 0, 0, 0, 0, 0, 0, 0, 0, 0, 0, 0, 0, 0, 0, 0, 0, 0, 0, 0, 0, 0, 0, 0, 0, 0, 0, 0, 0, 0, 0, 0, 0, 0, 0, 0, 0, 0, 0, 0, 0, 0, 0, 0, 0, 0, 0, 0, 0, 0, 0, 0, 0, 0, 0, 0, 0, 0, 0, 0, 0, 0, 0, 0, 0, 0, 0, 0, 0, 0, 0, 0, 0, 0, 0, 0, 0, 0, 0, 0, 0, 0, 0, 0, 0, 0, 0, 0, 0, 0, 0, 0, 0, 0, 0, 0, 0, 0, 0, 0, 0, 0, 0, 0, 0, 0, 0, 0, 0, 0, 0, 0, 0, 0, 0, 0, 0, 0, 0, 0, 0, 0, 0, 0, 0, 0, 0, 0, 0, 0, 0, 0, 0, 0, 0, 0, 0, 0, 0, 0, 0, 0, 0, 0, 0, 0, 0, 0, 0, 0, 0, 0, 0, 0, 0, 0, 0, 0, 0, 0, 0, 0, 0, 0, 0, 0, 0, 0, 0, 0, 0, 0, 0, 0, 0, 0, 0, 0, 0, 0, 0, 0, 0, 0, 0, 0, 0, 0, 0, 0, 0, 0, 0, 0, 0, 0, 0, 0, 0, 0, 0, 0, 0, 0, 0, 0, 0, 0, 0, 0, 0, 0, 0, 0, 0, 0, 0, 0, 0, 0, 0, 0, 0, 0, 0, 0, 0, 0, 0, 0, 0, 0, 0, 0, 0, 0, 0, 0, 0, 0, 0, 0, 0, 0, 0, 0, 0, 0, 0, 0, 0, 0, 0, 0, 0, 0, 0, 0, 0, 0, 0, 0, 0, 0, 0, 0, 0, 0, 0, 0, 0, 0, 0, 0, 0, 0, 0, 0, 0, 0, 0, 0, 0, 0, 0, 0, 0, 0, 0, 0, 0, 0, 0, 0, 0, 0, 0, 0, 0, 0, 0, 0, 0, 0, 0, 0, 0, 0, 0, 0, 0, 0, 0, 0, 0, 0, 0, 0, 0, 0, 0, 0, 0, 0, 0, 0, 0, 0, 0, 0, 0, 0, 0, 0, 0, 0, 0, 0, 0, 0, 0, 0, 0, 0, 0, 0, 0, 0, 0, 0, 0, 0, 0, 0, 0, 0, 0, 0, 0, 0, 0, 0, 0, 0, 0, 0, 0, 0, 0, 0, 0, 0, 0, 0, 0, 0, 0, 0, 0, 0, 0, 0, 0, 0, 0, 0, 0, 0, 0, 0, 0, 0, 0, 0, 0, 0, 0, 0, 0, 0, 0, 0, 0, 0, 0, 0, 0, 0, 0, 0, 0, 0, 0, 0, 0, 0, 0, 0, 0, 0, 0, 0, 0, 0, 0, 0, 0, 0, 0, 0, 0, 0, 0, 0, 0, 0, 0, 0, 0, 0, 0, 0, 0, 0, 0, 0, 0, 0, 0, 0, 0, 0, 0, 0, 0, 0, 0, 0, 0, 0, 0, 0, 0, 0, 0, 0, 0, 0, 0, 0, 0, 0, 0, 0, 0, 0, 0, 0, 0, 0, 0, 0, 0, 0, 0, 0, 0, 0, 0, 0, 0, 0, 0, 0, 0, 0, 0, 0, 0, 0, 0, 0, 0, 0, 0, 0, 0, 0, 0, 0, 0, 0, 0, 0, 0, 0, 0, 0, 0, 0, 0, 0, 0, 0, 0, 0, 0, 0, 0, 0, 0, 0, 0, 0, 0, 0, 0, 0, 0, 0, 0, 0, 0, 0, 0, 0, 0, 0, 0, 0, 0, 0, 0, 0, 0, 0, 0, 0, 0, 0, 0, 0, 0, 0, 0, 0, 0, 0, 0, 0, 0, 0, 0, 0, 0, 0, 0, 0, 0, 0, 0, 0, 0, 0, 0, 0, 0, 0, 0, 0, 0, 0, 0, 0, 0, 0, 0, 0, 0, 0, 0, 0, 0, 0, 0, 0, 0, 0, 0, 0, 0, 0, 0, 0, 0, 0, 0, 0, 0, 0, 0, 0, 0, 0, 0, 0, 0, 0, 0, 0, 0, 0, 0, 0, 0, 0, 0, 0, 0, 0, 0, 0, 0, 0, 0, 0, 0, 0, 0, 0, 0, 0, 0, 0, 0, 0, 0, 0, 0, 0, 0, 0, 0, 0, 0, 0, 0, 0, 0, 0, 0, 0, 0, 0, 0, 0, 0, 0, 0, 0, 0, 0, 0, 0, 0, 0, 0, 0, 0, 0, 0, 0, 0, 0, 0, 0, 0, 0, 0, 0, 0, 0, 0, 0, 0, 0, 0, 0, 0, 0, 0, 0, 0, 0, 0, 0, 0, 0, 0, 0, 0, 0, 0, 0, 0, 0, 0, 0, 0, 0, 0, 0, 0, 0, 0, 0, 0, 0, 0, 0, 0, 0, 0, 0, 0, 0, 0, 0, 0, 0, 0, 0, 0, 0, 0, 0, 0, 0, 0, 0, 0, 0, 0, 0, 0, 0, 0, 0, 0, 0, 0, 0, 0, 0, 0, 0, 0, 0, 0, 0, 0, 0, 0, 0, 0, 0, 0, 0, 0, 0, 0, 0, 0, 0, 0, 0, 0, 0, 0, 0, 0, 0, 0, 0, 0, 0], [0, 0, 0, 0, 0, 0, 0, 0, 0, 0, 0, 0, 0, 0, 0, 0, 0, 0, 0, 0, 0, 0, 0, 0, 0, 0, 0, 0, 0, 0, 0, 0, 0, 0, 0, 0, 0, 0, 0, 0, 0, 0, 0, 0, 0, 0, 0, 0, 0, 0, 0, 0, 0, 0, 0, 0, 0, 0, 0, 0, 0, 0, 0, 0, 0, 0, 0, 0, 0, 0, 0, 0, 0, 0, 0, 0, 0, 0, 0, 0, 0, 0, 0, 0, 0, 0, 0, 0, 0, 0, 0, 0, 0, 0, 0, 0, 0, 0, 0, 0, 0, 0, 0, 0, 0, 0, 0, 0, 0, 0, 0, 0, 0, 0, 0, 0, 0, 0, 0, 0, 0, 0, 0, 0, 0, 0, 0, 0, 0, 0, 0, 0, 0, 0, 0, 0, 0, 0, 0, 0, 0, 0, 0, 0, 0, 0, 0, 0, 0, 0, 0, 0, 0, 0, 0, 0, 0, 0, 0, 0, 0, 0, 0, 0, 0, 0, 0, 0, 0, 0, 0, 0, 0, 0, 0, 0, 0, 0, 0, 0, 0, 0, 0, 0, 0, 0, 0, 0, 0, 0, 0, 0, 0, 0, 0, 0, 0, 0, 0, 0, 0, 0, 0, 0, 0, 0, 0, 0, 0, 0, 0, 0, 0, 0, 0, 0, 0, 0, 0, 0, 0, 0, 0, 0, 0, 0, 0, 0, 0, 0, 0, 0, 0, 0, 0, 0, 0, 0, 0, 0, 0, 0, 0, 0, 0, 0, 0, 0, 0, 0, 0, 0, 0, 0, 0, 0, 0, 0, 0, 0, 0, 0, 0, 0, 0, 0, 0, 0, 0, 0, 0, 0, 0, 0, 0, 0, 0, 0, 0, 0, 0, 0, 0, 0, 0, 0, 0, 0, 0, 0, 0, 0, 0, 0, 0, 0, 0, 0, 0, 0, 0, 0, 0, 0, 0, 0, 0, 0, 0, 0, 0, 0, 0, 0, 0, 0, 0, 0, 0, 0, 0, 0, 0, 0, 0, 0, 0, 0, 0, 0, 0, 0, 0, 0, 0, 0, 0, 0, 0, 0, 0, 0, 0, 0, 0, 0, 0, 0, 0, 0, 0, 0, 0, 0, 0, 0, 0, 0, 0, 0, 0, 0, 0, 0, 0, 0, 0, 0, 0, 0, 0, 0, 0, 0, 0, 0, 0, 0, 0, 0, 0, 0, 0, 0, 0, 0, 0, 0, 0, 0, 0, 0, 0, 0, 0, 0, 0, 0, 0, 0, 0, 0, 0, 0, 0, 0, 0, 0, 0, 0, 0, 0, 0, 0, 0, 0, 0, 0, 0, 0, 0, 0, 0, 0, 0, 0, 0, 0, 0, 0, 0, 0, 0, 0, 0, 0, 0, 0, 0, 0, 0, 0, 0, 0, 0, 0, 0, 0, 0, 0, 0, 0, 0, 0, 0, 0, 0, 0, 0, 0, 0, 0, 0, 0, 0, 0, 0, 0, 0, 0, 0, 0, 0, 0, 0, 0, 0, 0, 0, 0, 0, 0, 0, 0, 0, 0, 0, 0, 0, 0, 0, 0, 0, 0, 0, 0, 0, 0, 0, 0, 0, 0, 0, 0, 0, 0, 0, 0, 0, 0, 0, 0, 0, 0, 0, 0, 0, 0, 0, 0, 0, 0, 0, 0, 0, 0, 0, 0, 0, 0, 0, 0, 0, 0, 0, 0, 0, 0, 0, 0, 0, 0, 0, 0, 0, 0, 0, 0, 0, 0, 0, 0, 0, 0, 0, 0, 0, 0, 0, 0, 0, 0, 0, 0, 0, 0, 0, 0, 0, 0, 0, 0, 0, 0, 0, 0, 0, 0, 0, 0, 0, 0, 0, 0, 0, 0, 0, 0, 0, 0, 0, 0, 0, 0, 0, 0, 0, 0, 0, 0, 0, 0, 0, 0, 0, 0, 0, 0, 0, 0, 0, 0, 0, 0, 0, 0, 0, 0, 0, 0, 0, 0, 0, 0, 0, 0, 0, 0, 0, 0, 0, 0, 0, 0, 0, 0, 0, 0, 0, 0, 0, 0, 0, 0, 0, 0, 0, 0, 0, 0, 0, 0, 0, 0, 0, 0, 0, 0, 0, 0, 0, 0, 0, 0, 0, 0, 0, 0, 0, 0, 0, 0, 0, 0, 0, 0, 0, 0, 0, 0, 0, 0, 0, 0, 0, 0, 0, 0, 0, 0, 0, 0, 0, 0, 0, 0, 0, 0, 0, 0, 0, 0, 0, 0, 0, 0, 0, 0, 0, 0, 0, 0, 0, 0, 0, 0, 0, 0, 0, 0, 0, 0, 0, 0, 0, 0, 0, 0, 0, 0, 0, 0, 0, 0, 0, 0, 0, 0, 0, 0, 0, 0, 0, 0, 0, 0, 0, 0, 0, 0, 0, 0, 0, 0, 0, 0, 0, 0, 0, 0, 0, 0, 0, 0, 0, 0, 0, 0, 0, 0, 0, 0, 0, 0, 0, 0, 0, 0, 0, 0, 0, 0, 0, 0, 0, 0, 0, 0, 0, 0, 0, 0, 0, 0, 0, 0, 0, 0, 0, 0, 0, 0, 0, 0, 0, 0, 0, 0, 0, 0, 0, 0, 0, 0, 0, 0, 0, 0, 0, 0, 0, 0, 0, 0, 0, 0, 0, 0, 0, 0, 0, 0, 0, 0, 0, 0, 0, 0, 0, 0, 0, 0, 0, 0, 0, 0, 0, 0, 0, 0, 0, 0, 0, 0, 0, 0, 0, 0, 0, 0, 0, 0, 0, 0, 0, 0, 0, 0, 0, 0, 0, 0, 0, 0, 0, 0, 0, 0, 0, 0, 0, 0, 0, 0, 0, 0, 0, 0, 0, 0, 0, 0, 0, 0, 0, 0, 0, 0, 0, 0, 0, 0, 0, 0, 0, 0, 0, 0, 0, 0, 0, 0, 0, 0, 0, 0, 0, 0, 0, 0, 0, 0, 0, 0, 0, 0, 0, 0, 0, 0, 0, 0, 0, 0, 0, 0, 0, 0, 0, 0, 0, 0, 0, 0, 0, 0, 0, 0, 0, 0, 0, 0, 0, 0, 0, 0, 0, 0, 0, 0, 0, 0, 0, 0, 0, 0, 0, 0, 0, 0, 0, 0, 0, 0, 0, 0, 0, 0, 0, 0, 0, 0, 0, 0, 0, 0, 0, 0, 0, 0, 0, 0, 0, 0, 0, 0, 0, 0, 0, 0, 0, 0, 0, 0, 0, 0, 0, 0, 0, 0, 0, 0, 0, 0, 0, 0, 0, 0, 0, 0, 0, 0, 0, 0, 0, 0, 0, 0, 0, 0, 0, 0, 0, 0, 0, 0, 0, 0, 0, 0, 0, 0, 0, 0, 0, 0, 0, 0, 0, 0, 0, 0, 0, 0, 0, 0, 0, 0, 0, 0, 0, 0, 0, 0, 0, 0, 0, 0, 0, 0, 0, 0, 0, 0, 0, 0, 0, 0, 0, 0, 0, 0, 0, 0, 0, 0, 0, 0, 0, 0, 0, 0, 0, 0, 0, 0, 0, 0, 0, 0, 0, 0, 0, 0, 0, 0, 0, 0, 0, 0, 0, 0, 0, 0, 0, 0, 0, 0, 0, 0, 0, 0, 0, 0, 0, 0, 0, 0, 0, 0, 0, 0, 0, 0, 0, 0, 0, 0, 0, 0, 0, 0, 0, 0, 0, 0, 0, 0, 0, 0, 0, 0, 0, 0, 0, 0, 0, 0, 0, 0, 0, 0, 0, 0, 0, 0, 0, 0, 0, 0, 0, 0, 0, 0, 0, 0, 0, 0, 0, 0, 0, 0, 0, 0, 0, 0, 0, 0, 0, 0, 0, 0, 0, 0, 0, 0, 0, 0, 0, 0, 0, 0, 0, 0, 0, 0, 0, 0, 0, 0, 0, 0, 0, 0, 0, 0, 0, 0, 0, 0, 0, 0, 0, 0, 0, 0, 0, 0, 0, 0, 0, 0, 0, 0, 0, 0, 0, 0, 0, 0, 0, 0, 0, 0, 0, 0, 0, 0, 0, 0, 0, 0, 0, 0, 0, 0, 0, 0, 0, 0, 0, 0, 0, 0, 0, 0, 0, 0, 0, 0, 0, 0, 0, 0, 0, 0, 0, 0, 0, 0, 0, 0, 0, 0, 0, 0, 0, 0, 0, 0, 0, 0, 0, 0, 0, 0, 0, 0, 0, 0, 0, 0, 0, 0, 0, 0, 0, 0, 0, 0, 0, 0, 0, 0, 0, 0, 0, 0, 0, 0, 0, 0, 0, 0, 0, 0, 0, 0, 0, 0, 0, 0, 0, 0, 0, 0, 0, 0, 0, 0, 0, 0, 0, 0, 0, 0, 0, 0, 0, 0, 0, 0, 0, 0, 0, 0, 0, 0, 0, 0, 0, 0, 0, 0, 0, 0, 0, 0, 0, 0, 0, 0, 0, 0, 0, 0, 0, 0, 0, 0, 0, 0, 0, 0, 0, 0, 0, 0, 0, 0, 0, 0, 0, 0, 0, 0, 0, 0, 0, 0, 0, 0, 0, 0, 0, 0, 0, 0, 0, 0, 0, 0, 0, 0, 0, 0, 0, 0, 0, 0, 0, 0, 0, 0, 0, 0, 0, 0, 0, 0, 0, 0, 0, 0, 0, 0, 0, 0, 0, 0, 0, 0, 0, 0, 0, 0, 0, 0, 0, 0, 0, 0, 0, 0, 0, 0, 0, 0, 0, 0, 0, 0, 0, 0, 0, 0, 0, 0, 0, 0, 0, 0, 0, 0, 0, 0, 0, 0, 0, 0, 0, 0, 0, 0, 0, 0, 0, 0, 0, 0, 0, 0, 0, 0, 0, 0, 0, 0, 0, 0, 0, 0, 0, 0, 0, 0, 0, 0, 0, 0, 0, 0, 0, 0, 0, 0, 0, 0, 0, 0, 0, 0, 0, 0, 0, 0, 0, 0, 0, 0, 0, 0, 0, 0, 0, 0, 0, 0, 0, 0, 0, 0, 0, 0, 0, 0, 0, 0, 0, 0, 0, 0, 0, 0, 0, 0, 0, 0, 0, 0, 0, 0, 0, 0, 0, 0, 0, 0, 0, 0, 0, 0, 0, 0, 0, 0, 0, 0, 0, 0, 0, 0, 0, 0, 0, 0, 0, 0, 0, 0, 0, 0, 0, 0, 0, 0, 0, 0, 0, 0, 0, 0, 0, 0, 0, 0, 0, 0, 0, 0, 0, 0, 0, 0, 0, 0, 0, 0, 0, 0, 0, 0, 0, 0, 0, 0, 0, 0, 0, 0, 0, 0, 0, 0, 0, 0, 0, 0, 0, 0, 0, 0, 0, 0, 0, 0, 0, 0, 0, 0, 0, 0, 0, 0, 0, 0, 0, 0, 0, 0, 0, 0, 0, 0], [0, 0, 0, 0, 0, 0, 0, 0, 0, 0, 0, 0, 0, 0, 0, 0, 0, 0, 0, 0, 0, 0, 0, 0, 0, 0, 0, 0, 0, 0, 0, 0, 0, 0, 0, 0, 0, 0, 0, 0, 0, 0, 0, 0, 0, 0, 0, 0, 0, 0, 0, 0, 0, 0, 0, 0, 0, 0, 0, 0, 0, 0, 0, 0, 0, 0, 0, 0, 0, 0, 0, 0, 0, 0, 0, 0, 0, 0, 0, 0, 0, 0, 0, 0, 0, 0, 0, 0, 0, 0, 0, 0, 0, 0, 0, 0, 0, 0, 0, 0, 0, 0, 0, 0, 0, 0, 0, 0, 0, 0, 0, 0, 0, 0, 0, 0, 0, 0, 0, 0, 0, 0, 0, 0, 0, 0, 0, 0, 0, 0, 0, 0, 0, 0, 0, 0, 0, 0, 0, 0, 0, 0, 0, 0, 0, 0, 0, 0, 0, 0, 0, 0, 0, 0, 0, 0, 0, 0, 0, 0, 0, 0, 0, 0, 0, 0, 0, 0, 0, 0, 0, 0, 0, 0, 0, 0, 0, 0, 0, 0, 0, 0, 0, 0, 0, 0, 0, 0, 0, 0, 0, 0, 0, 0, 0, 0, 0, 0, 0, 0, 0, 0, 0, 0, 0, 0, 0, 0, 0, 0, 0, 0, 0, 0, 0, 0, 0, 0, 0, 0, 0, 0, 0, 0, 0, 0, 0, 0, 0, 0, 0, 0, 0, 0, 0, 0, 0, 0, 0, 0, 0, 0, 0, 0, 0, 0, 0, 0, 0, 0, 0, 0, 0, 0, 0, 0, 0, 0, 0, 0, 0, 0, 0, 0, 0, 0, 0, 0, 0, 0, 0, 0, 0, 0, 0, 0, 0, 0, 0, 0, 0, 0, 0, 0, 0, 0, 0, 0, 0, 0, 0, 0, 0, 0, 0, 0, 0, 0, 0, 0, 0, 0, 0, 0, 0, 0, 0, 0, 0, 0, 0, 0, 0, 0, 0, 0, 0, 0, 0, 0, 0, 0, 0, 0, 0, 0, 0, 0, 0, 0, 0, 0, 0, 0, 0, 0, 0, 0, 0, 0, 0, 0, 0, 0, 0, 0, 0, 0, 0, 0, 0, 0, 0, 0, 0, 0, 0, 0, 0, 0, 0, 0, 0, 0, 0, 0, 0, 0, 0, 0, 0, 0, 0, 0, 0, 0, 0, 0, 0, 0, 0, 0, 0, 0, 0, 0, 0, 0, 0, 0, 0, 0, 0, 0, 0, 0, 0, 0, 0, 0, 0, 0, 0, 0, 0, 0, 0, 0, 0, 0, 0, 0, 0, 0, 0, 0, 0, 0, 0, 0, 0, 0, 0, 0, 0, 0, 0, 0, 0, 0, 0, 0, 0, 0, 0, 0, 0, 0, 0, 0, 0, 0, 0, 0, 0, 0, 0, 0, 0, 0, 0, 0, 0, 0, 0, 0, 0, 0, 0, 0, 0, 0, 0, 0, 0, 0, 0, 0, 0, 0, 0, 0, 0, 0, 0, 0, 0, 0, 0, 0, 0, 0, 0, 0, 0, 0, 0, 0, 0, 0, 0, 0, 0, 0, 0, 0, 0, 0, 0, 0, 0, 0, 0, 0, 0, 0, 0, 0, 0, 0, 0, 0, 0, 0, 0, 0, 0, 0, 0, 0, 0, 0, 0, 0, 0, 0, 0, 0, 0, 0, 0, 0, 0, 0, 0, 0, 0, 0, 0, 0, 0, 0, 0, 0, 0, 0, 0, 0, 0, 0, 0, 0, 0, 0, 0, 0, 0, 0, 0, 0, 0, 0, 0, 0, 0, 0, 0, 0, 0, 0, 0, 0, 0, 0, 0, 0, 0, 0, 0, 0, 0, 0, 0, 0, 0, 0, 0, 0, 0, 0, 0, 0, 0, 0, 0, 0, 0, 0, 0, 0, 0, 0, 0, 0, 0, 0, 0, 0, 0, 0, 0, 0, 0, 0, 0, 0, 0, 0, 0, 0, 0, 0, 0, 0, 0, 0, 0, 0, 0, 0, 0, 0, 0, 0, 0, 0, 0, 0, 0, 0, 0, 0, 0, 0, 0, 0, 0, 0, 0, 0, 0, 0, 0, 0, 0, 0, 0, 0, 0, 0, 0, 0, 0, 0, 0, 0, 0, 0, 0, 0, 0, 0, 0, 0, 0, 0, 0, 0, 0, 0, 0, 0, 0, 0, 0, 0, 0, 0, 0, 0, 0, 0, 0, 0, 0, 0, 0, 0, 0, 0, 0, 0, 0, 0, 0, 0, 0, 0, 0, 0, 0, 0, 0, 0, 0, 0, 0, 0, 0, 0, 0, 0, 0, 0, 0, 0, 0, 0, 0, 0, 0, 0, 0, 0, 0, 0, 0, 0, 0, 0, 0, 0, 0, 0, 0, 0, 0, 0, 0, 0, 0, 0, 0, 0, 0, 0, 0, 0, 0, 0, 0, 0, 0, 0, 0, 0, 0, 0, 0, 0, 0, 0, 0, 0, 0, 0, 0, 0, 0, 0, 0, 0, 0, 0, 0, 0, 0, 0, 0, 0, 0, 0, 0, 0, 0, 0, 0, 0, 0, 0, 0, 0, 0, 0, 0, 0, 0, 0, 0, 0, 0, 0, 0, 0, 0, 0, 0, 0, 0, 0, 0, 0, 0, 0, 0, 0, 0, 0, 0, 0, 0, 0, 0, 0, 0, 0, 0, 0, 0, 0, 0, 0, 0, 0, 0, 0, 0, 0, 0, 0, 0, 0, 0, 0, 0, 0, 0, 0, 0, 0, 0, 0, 0, 0, 0, 0, 0, 0, 0, 0, 0, 0, 0, 0, 0, 0, 0, 0, 0, 0, 0, 0, 0, 0, 0, 0, 0, 0, 0, 0, 0, 0, 0, 0, 0, 0, 0, 0, 0, 0, 0, 0, 0, 0, 0, 0, 0, 0, 0, 0, 0, 0, 0, 0, 0, 0, 0, 0, 0, 0, 0, 0, 0, 0, 0, 0, 0, 0, 0, 0, 0, 0, 0, 0, 0, 0, 0, 0, 0, 0, 0, 0, 0, 0, 0, 0, 0, 0, 0, 0, 0, 0, 0, 0, 0, 0, 0, 0, 0, 0, 0, 0, 0, 0, 0, 0, 0, 0, 0, 0, 0, 0, 0, 0, 0, 0, 0, 0, 0, 0, 0, 0, 0, 0, 0, 0, 0, 0, 0, 0, 0, 0, 0, 0, 0, 0, 0, 0, 0, 0, 0, 0, 0, 0, 0, 0, 0, 0, 0, 0, 0, 0, 0, 0, 0, 0, 0, 0, 0, 0, 0, 0, 0, 0, 0, 0, 0, 0, 0, 0, 0, 0, 0, 0, 0, 0, 0, 0, 0, 0, 0, 0, 0, 0, 0, 0, 0, 0, 0, 0, 0, 0, 0, 0, 0, 0, 0, 0, 0, 0, 0, 0, 0, 0, 0, 0, 0, 0, 0, 0, 0, 0, 0, 0, 0, 0, 0, 0, 0, 0, 0, 0, 0, 0, 0, 0, 0, 0, 0, 0, 0, 0, 0, 0, 0, 0, 0, 0, 0, 0, 0, 0, 0, 0, 0, 0, 0, 0, 0, 0, 0, 0, 0, 0, 0, 0, 0, 0, 0, 0, 0, 0, 0, 0, 0, 0, 0, 0, 0, 0, 0, 0, 0, 0, 0, 0, 0, 0, 0, 0, 0, 0, 0, 0, 0, 0, 0, 0, 0, 0, 0, 0, 0, 0, 0, 0, 0, 0, 0, 0, 0, 0, 0, 0, 0, 0, 0, 0, 0, 0, 0, 0, 0, 0, 0, 0, 0, 0, 0, 0, 0, 0, 0, 0, 0, 0, 0, 0, 0, 0, 0, 0, 0, 0, 0, 0, 0, 0, 0, 0, 0, 0, 0, 0, 0, 0, 0, 0, 0, 0, 0, 0, 0, 0, 0, 0, 0, 0, 0, 0, 0, 0, 0, 0, 0, 0, 0, 0, 0, 0, 0, 0, 0, 0, 0, 0, 0, 0, 0, 0, 0, 0, 0, 0, 0, 0, 0, 0, 0, 0, 0, 0, 0, 0, 0, 0, 0, 0, 0, 0, 0, 0, 0, 0, 0, 0, 0, 0, 0, 0, 0, 0, 0, 0, 0, 0, 0, 0, 0, 0, 0, 0, 0, 0, 0, 0, 0, 0, 0, 0, 0, 0, 0, 0, 0, 0, 0, 0, 0, 0, 0, 0, 0, 0, 0, 0, 0, 0, 0, 0, 0, 0, 0, 0, 0, 0, 0, 0, 0, 0, 0, 0, 0, 0, 0, 0, 0, 0, 0, 0, 0, 0, 0, 0, 0, 0, 0, 0, 0, 0, 0, 0, 0, 0, 0, 0, 0, 0, 0, 0, 0, 0, 0, 0, 0, 0, 0, 0, 0, 0, 0, 0, 0, 0, 0, 0, 0, 0, 0, 0, 0, 0, 0, 0, 0, 0, 0, 0, 0, 0, 0, 0, 0, 0, 0, 0, 0, 0, 0, 0, 0, 0, 0, 0, 0, 0, 0, 0, 0, 0, 0, 0, 0, 0, 0, 0, 0, 0, 0, 0, 0, 0, 0, 0, 0, 0, 0, 0, 0, 0, 0, 0, 0, 0, 0, 0, 0, 0, 0, 0, 0, 0, 0, 0, 0, 0, 0, 0, 0, 0, 0, 0, 0, 0, 0, 0, 0, 0, 0, 0, 0, 0, 0, 0, 0, 0, 0, 0, 0, 0, 0, 0, 0, 0, 0, 0, 0, 0, 0, 0, 0, 0, 0, 0, 0, 0, 0, 0, 0, 0, 0, 0, 0, 0, 0, 0, 0, 0, 0, 0, 0, 0, 0, 0, 0, 0, 0, 0, 0, 0, 0, 0, 0, 0, 0, 0, 0, 0, 0, 0, 0, 0, 0, 0, 0, 0, 0, 0, 0, 0, 0, 0, 0, 0, 0, 0, 0, 0, 0, 0, 0, 0, 0, 0, 0, 0, 0, 0, 0, 0, 0, 0, 0, 0, 0, 0, 0, 0, 0, 0, 0, 0, 0, 0, 0, 0, 0, 0, 0, 0, 0, 0, 0, 0, 0, 0, 0, 0, 0, 0, 0, 0, 0, 0, 0, 0, 0, 0, 0, 0, 0, 0, 0, 0, 0, 0, 0, 0, 0, 0, 0, 0, 0, 0, 0, 0, 0, 0, 0, 0, 0, 0, 0, 0, 0, 0, 0, 0, 0, 0, 0, 0, 0, 0, 0, 0, 0, 0, 0, 0, 0, 0, 0, 0, 0, 0, 0, 0, 0, 0, 0, 0, 0, 0, 0, 0, 0, 0, 0, 0, 0, 0, 0, 0, 0, 0, 0, 0, 0, 0, 0, 0, 0, 0, 0, 0, 0, 0, 0, 0, 0, 0, 0, 0], [0, 0, 0, 0, 0, 0, 0, 0, 0, 0, 0, 0, 0, 0, 0, 0, 0, 0, 0, 0, 0, 0, 0, 0, 0, 0, 0, 0, 0, 0, 0, 0, 0, 0, 0, 0, 0, 0, 0, 0, 0, 0, 0, 0, 0, 0, 0, 0, 0, 0, 0, 0, 0, 0, 0, 0, 0, 0, 0, 0, 0, 0, 0, 0, 0, 0, 0, 0, 0, 0, 0, 0, 0, 0, 0, 0, 0, 0, 0, 0, 0, 0, 0, 0, 0, 0, 0, 0, 0, 0, 0, 0, 0, 0, 0, 0, 0, 0, 0, 0, 0, 0, 0, 0, 0, 0, 0, 0, 0, 0, 0, 0, 0, 0, 0, 0, 0, 0, 0, 0, 0, 0, 0, 0, 0, 0, 0, 0, 0, 0, 0, 0, 0, 0, 0, 0, 0, 0, 0, 0, 0, 0, 0, 0, 0, 0, 0, 0, 0, 0, 0, 0, 0, 0, 0, 0, 0, 0, 0, 0, 0, 0, 0, 0, 0, 0, 0, 0, 0, 0, 0, 0, 0, 0, 0, 0, 0, 0, 0, 0, 0, 0, 0, 0, 0, 0, 0, 0, 0, 0, 0, 0, 0, 0, 0, 0, 0, 0, 0, 0, 0, 0, 0, 0, 0, 0, 0, 0, 0, 0, 0, 0, 0, 0, 0, 0, 0, 0, 0, 0, 0, 0, 0, 0, 0, 0, 0, 0, 0, 0, 0, 0, 0, 0, 0, 0, 0, 0, 0, 0, 0, 0, 0, 0, 0, 0, 0, 0, 0, 0, 0, 0, 0, 0, 0, 0, 0, 0, 0, 0, 0, 0, 0, 0, 0, 0, 0, 0, 0, 0, 0, 0, 0, 0, 0, 0, 0, 0, 0, 0, 0, 0, 0, 0, 0, 0, 0, 0, 0, 0, 0, 0, 0, 0, 0, 0, 0, 0, 0, 0, 0, 0, 0, 0, 0, 0, 0, 0, 0, 0, 0, 0, 0, 0, 0, 0, 0, 0, 0, 0, 0, 0, 0, 0, 0, 0, 0, 0, 0, 0, 0, 0, 0, 0, 0, 0, 0, 0, 0, 0, 0, 0, 0, 0, 0, 0, 0, 0, 0, 0, 0, 0, 0, 0, 0, 0, 0, 0, 0, 0, 0, 0, 0, 0, 0, 0, 0, 0, 0, 0, 0, 0, 0, 0, 0, 0, 0, 0, 0, 0, 0, 0, 0, 0, 0, 0, 0, 0, 0, 0, 0, 0, 0, 0, 0, 0, 0, 0, 0, 0, 0, 0, 0, 0, 0, 0, 0, 0, 0, 0, 0, 0, 0, 0, 0, 0, 0, 0, 0, 0, 0, 0, 0, 0, 0, 0, 0, 0, 0, 0, 0, 0, 0, 0, 0, 0, 0, 0, 0, 0, 0, 0, 0, 0, 0, 0, 0, 0, 0, 0, 0, 0, 0, 0, 0, 0, 0, 0, 0, 0, 0, 0, 0, 0, 0, 0, 0, 0, 0, 0, 0, 0, 0, 0, 0, 0, 0, 0, 0, 0, 0, 0, 0, 0, 0, 0, 0, 0, 0, 0, 0, 0, 0, 0, 0, 0, 0, 0, 0, 0, 0, 0, 0, 0, 0, 0, 0, 0, 0, 0, 0, 0, 0, 0, 0, 0, 0, 0, 0, 0, 0, 0, 0, 0, 0, 0, 0, 0, 0, 0, 0, 0, 0, 0, 0, 0, 0, 0, 0, 0, 0, 0, 0, 0, 0, 0, 0, 0, 0, 0, 0, 0, 0, 0, 0, 0, 0, 0, 0, 0, 0, 0, 0, 0, 0, 0, 0, 0, 0, 0, 0, 0, 0, 0, 0, 0, 0, 0, 0, 0, 0, 0, 0, 0, 0, 0, 0, 0, 0, 0, 0, 0, 0, 0, 0, 0, 0, 0, 0, 0, 0, 0, 0, 0, 0, 0, 0, 0, 0, 0, 0, 0, 0, 0, 0, 0, 0, 0, 0, 0, 0, 0, 0, 0, 0, 0, 0, 0, 0, 0, 0, 0, 0, 0, 0, 0, 0, 0, 0, 0, 0, 0, 0, 0, 0, 0, 0, 0, 0, 0, 0, 0, 0, 0, 0, 0, 0, 0, 0, 0, 0, 0, 0, 0, 0, 0, 0, 0, 0, 0, 0, 0, 0, 0, 0, 0, 0, 0, 0, 0, 0, 0, 0, 0, 0, 0, 0, 0, 0, 0, 0, 0, 0, 0, 0, 0, 0, 0, 0, 0, 0, 0, 0, 0, 0, 0, 0, 0, 0, 0, 0, 0, 0, 0, 0, 0, 0, 0, 0, 0, 0, 0, 0, 0, 0, 0, 0, 0, 0, 0, 0, 0, 0, 0, 0, 0, 0, 0, 0, 0, 0, 0, 0, 0, 0, 0, 0, 0, 0, 0, 0, 0, 0, 0, 0, 0, 0, 0, 0, 0, 0, 0, 0, 0, 0, 0, 0, 0, 0, 0, 0, 0, 0, 0, 0, 0, 0, 0, 0, 0, 0, 0, 0, 0, 0, 0, 0, 0, 0, 0, 0, 0, 0, 0, 0, 0, 0, 0, 0, 0, 0, 0, 0, 0, 0, 0, 0, 0, 0, 0, 0, 0, 0, 0, 0, 0, 0, 0, 0, 0, 0, 0, 0, 0, 0, 0, 0, 0, 0, 0, 0, 0, 0, 0, 0, 0, 0, 0, 0, 0, 0, 0, 0, 0, 0, 0, 0, 0, 0, 0, 0, 0, 0, 0, 0, 0, 0, 0, 0, 0, 0, 0, 0, 0, 0, 0, 0, 0, 0, 0, 0, 0, 0, 0, 0, 0, 0, 0, 0, 0, 0, 0, 0, 0, 0, 0, 0, 0, 0, 0, 0, 0, 0, 0, 0, 0, 0, 0, 0, 0, 0, 0, 0, 0, 0, 0, 0, 0, 0, 0, 0, 0, 0, 0, 0, 0, 0, 0, 0, 0, 0, 0, 0, 0, 0, 0, 0, 0, 0, 0, 0, 0, 0, 0, 0, 0, 0, 0, 0, 0, 0, 0, 0, 0, 0, 0, 0, 0, 0, 0, 0, 0, 0, 0, 0, 0, 0, 0, 0, 0, 0, 0, 0, 0, 0, 0, 0, 0, 0, 0, 0, 0, 0, 0, 0, 0, 0, 0, 0, 0, 0, 0, 0, 0, 0, 0, 0, 0, 0, 0, 0, 0, 0, 0, 0, 0, 0, 0, 0, 0, 0, 0, 0, 0, 0, 0, 0, 0, 0, 0, 0, 0, 0, 0, 0, 0, 0, 0, 0, 0, 0, 0, 0, 0, 0, 0, 0, 0, 0, 0, 0, 0, 0, 0, 0, 0, 0, 0, 0, 0, 0, 0, 0, 0, 0, 0, 0, 0, 0, 0, 0, 0, 0, 0, 0, 0, 0, 0, 0, 0, 0, 0, 0, 0, 0, 0, 0, 0, 0, 0, 0, 0, 0, 0, 0, 0, 0, 0, 0, 0, 0, 0, 0, 0, 0, 0, 0, 0, 0, 0, 0, 0, 0, 0, 0, 0, 0, 0, 0, 0, 0, 0, 0, 0, 0, 0, 0, 0, 0, 0, 0, 0, 0, 0, 0, 0, 0, 0, 0, 0, 0, 0, 0, 0, 0, 0, 0, 0, 0, 0, 0, 0, 0, 0, 0, 0, 0, 0, 0, 0, 0, 0, 0, 0, 0, 0, 0, 0, 0, 0, 0, 0, 0, 0, 0, 0, 0, 0, 0, 0, 0, 0, 0, 0, 0, 0, 0, 0, 0, 0, 0, 0, 0, 0, 0, 0, 0, 0, 0, 0, 0, 0, 0, 0, 0, 0, 0, 0, 0, 0, 0, 0, 0, 0, 0, 0, 0, 0, 0, 0, 0, 0, 0, 0, 0, 0, 0, 0, 0, 0, 0, 0, 0, 0, 0, 0, 0, 0, 0, 0, 0, 0, 0, 0, 0, 0, 0, 0, 0, 0, 0, 0, 0, 0, 0, 0, 0, 0, 0, 0, 0, 0, 0, 0, 0, 0, 0, 0, 0, 0, 0, 0, 0, 0, 0, 0, 0, 0, 0, 0, 0, 0, 0, 0, 0, 0, 0, 0, 0, 0, 0, 0, 0, 0, 0, 0, 0, 0, 0, 0, 0, 0, 0, 0, 0, 0, 0, 0, 0, 0, 0, 0, 0, 0, 0, 0, 0, 0, 0, 0, 0, 0, 0, 0, 0, 0, 0, 0, 0, 0, 0, 0, 0, 0, 0, 0, 0, 0, 0, 0, 0, 0, 0, 0, 0, 0, 0, 0, 0, 0, 0, 0, 0, 0, 0, 0, 0, 0, 0, 0, 0, 0, 0, 0, 0, 0, 0, 0, 0, 0, 0, 0, 0, 0, 0, 0, 0, 0, 0, 0, 0, 0, 0, 0, 0, 0, 0, 0, 0, 0, 0, 0, 0, 0, 0, 0, 0, 0, 0, 0, 0, 0, 0, 0, 0, 0, 0, 0, 0, 0, 0, 0, 0, 0, 0, 0, 0, 0, 0, 0, 0, 0, 0, 0, 0, 0, 0, 0, 0, 0, 0, 0, 0, 0, 0, 0, 0, 0, 0, 0, 0, 0, 0, 0, 0, 0, 0, 0, 0, 0, 0, 0, 0, 0, 0, 0, 0, 0, 0, 0, 0, 0, 0, 0, 0, 0, 0, 0, 0, 0, 0, 0, 0, 0, 0, 0, 0, 0, 0, 0, 0, 0, 0, 0, 0, 0, 0, 0, 0, 0, 0, 0, 0, 0, 0, 0, 0, 0, 0, 0, 0, 0, 0, 0, 0, 0, 0, 0, 0, 0, 0, 0, 0, 0, 0, 0, 0, 0, 0, 0, 0, 0, 0, 0, 0, 0, 0, 0, 0, 0, 0, 0, 0, 0, 0, 0, 0, 0, 0, 0, 0, 0, 0, 0, 0, 0, 0, 0, 0, 0, 0, 0, 0, 0, 0, 0, 0, 0, 0, 0, 0, 0, 0, 0, 0, 0, 0, 0, 0, 0, 0, 0, 0, 0, 0, 0, 0, 0, 0, 0, 0, 0, 0, 0, 0, 0, 0, 0, 0, 0, 0, 0, 0, 0, 0, 0, 0, 0, 0, 0, 0, 0, 0, 0, 0, 0, 0, 0, 0, 0, 0, 0, 0, 0, 0, 0, 0, 0, 0, 0, 0, 0, 0, 0, 0, 0, 0, 0, 0, 0, 0, 0, 0, 0, 0, 0, 0, 0, 0, 0, 0, 0, 0, 0, 0, 0, 0, 0, 0, 0, 0, 0, 0, 0, 0, 0, 0, 0, 0, 0, 0, 0, 0, 0, 0, 0, 0, 0, 0, 0, 0, 0, 0, 0, 0, 0, 0, 0, 0, 0, 0, 0, 0, 0, 0, 0, 0, 0, 0, 0]]
  apply_query_key_layer_scaling ................... True
  apply_residual_connection_post_layernorm ........ False
  attention_dropout ............................... 0.1
  attention_softmax_in_fp32 ....................... False
  batch_size ...................................... None
  bert_binary_head ................................ True
  bert_load ....................................... None
  bf16 ............................................ False
  bias_dropout_fusion ............................. True
  bias_gelu_fusion ................................ True
  biencoder_projection_dim ........................ 0
  biencoder_shared_query_context_model ............ False
  block_data_path ................................. None
  checkpoint_activations .......................... [True, True, True, True, True, True, True, True]
  checkpoint_num_layers ........................... 1
  checkpoint_stages ............................... []
  clip_grad ....................................... 1.0
  consumed_train_samples .......................... 0
  consumed_valid_samples .......................... 0
  data_impl ....................................... mmap
  data_parallel_size_of_each_op ................... [[1, 1, 1, 1, 1, 1, 1, 1, 1, 1, 1, 1, 1, 1, 1, 1, 1, 1, 1, 1, 1, 1, 1, 1, 1, 1, 1, 1, 1, 1, 1, 1, 1, 1, 1, 1, 1, 1, 1, 1, 1, 1, 1, 1, 1, 1, 1, 1, 1, 1, 1, 1, 1, 1, 1, 1, 1, 1, 1, 1, 1, 1, 1, 1, 1, 1, 1, 1, 1, 1, 1, 1, 1, 1, 1, 1, 1, 1, 1, 1, 1, 1, 1, 1, 1, 1, 1, 1, 1, 1, 1, 1, 1, 1, 1, 1, 1, 1, 1, 1, 1, 1, 1, 1, 1, 1, 1, 1, 1, 1, 1, 1, 1, 1, 1, 1, 1, 1, 1, 1, 1, 1, 1, 1, 1, 1, 1, 1, 1, 1, 1, 1, 1, 1, 1, 1, 1, 1, 1, 1, 1, 1, 1, 1, 1, 1, 1, 1, 1, 1, 1, 1, 1, 1, 1, 1, 1, 1, 1, 1, 1, 1, 1, 1, 1, 1, 1, 1, 1, 1, 1, 1, 1, 1, 1, 1, 1, 1, 1, 1, 1, 1, 1, 1, 1, 1, 1, 1, 1, 1, 1, 1, 1, 1, 1, 1, 1, 1, 1, 1, 1, 1, 1, 1, 1, 1, 1, 1, 1, 1, 1, 1, 1, 1, 1, 1, 1, 1, 1, 1, 1, 1, 1, 1, 1, 1, 1, 1, 1, 1, 1, 1, 1, 1, 1, 1, 1, 1, 1, 1, 1, 1, 1, 1, 1, 1, 1, 1, 1, 1, 1, 1, 1, 1, 1, 1, 1, 1, 1, 1, 1, 1, 1, 1, 1, 1, 1, 1, 1, 1, 1, 1, 1, 1, 1, 1, 1, 1, 1, 1, 1, 1, 1, 1, 1, 1, 1, 1, 1, 1, 1, 1, 1, 1, 1, 1, 1, 1, 1, 1, 1, 1, 1, 1, 1, 1, 1, 1, 1, 1, 1, 1, 1, 1, 1, 1, 1, 1, 1, 1, 1, 1, 1, 1, 1, 1, 1, 1, 1, 1, 1, 1, 1, 1, 1, 1, 1, 1, 1, 1, 1, 1, 1, 1, 1, 1, 1, 1, 1, 1, 1, 1, 1, 1, 1, 1, 1, 1, 1, 1, 1, 1, 1, 1, 1, 1, 1, 1, 1, 1, 1, 1, 1, 1, 1, 1, 1, 1, 1, 1, 1, 1, 1, 1, 1, 1, 1, 1, 1, 1, 1, 1, 1, 1, 1, 1, 1, 1, 1, 1, 1, 1, 1, 1, 1, 1, 1, 1, 1, 1, 1, 1, 1, 1, 1, 1, 1, 1, 1, 1, 1, 1, 1, 1, 1, 1, 1, 1, 1, 1, 1, 1, 1, 1, 1, 1, 1, 1, 1, 1, 1, 1, 1, 1, 1, 1, 1, 1, 1, 1, 1, 1, 1, 1, 1, 1, 1, 1, 1, 1, 1, 1, 1, 1, 1, 1, 1, 1, 1, 1, 1, 1, 1, 1, 1, 1, 1, 1, 1, 1, 1, 1, 1, 1, 1, 1, 1, 1, 1, 1, 1, 1, 1, 1, 1, 1, 1, 1, 1, 1, 1, 1, 1, 1, 1, 1, 1, 1, 1, 1, 1, 1, 1, 1, 1, 1, 1, 1, 1, 1, 1, 1, 1, 1, 1, 1, 1, 1, 1, 1, 1, 1, 1, 1, 1, 1, 1, 1, 1, 1, 1, 1, 1, 1, 1, 1, 1, 1, 1, 1, 1, 1, 1, 1, 1, 1, 1, 1, 1, 1, 1, 1, 1, 1, 1, 1, 1, 1, 1, 1, 1, 1, 1, 1, 1, 1, 1, 1, 1, 1, 1, 1, 1, 1, 1, 1, 1, 1, 1, 1, 1, 1, 1, 1, 1, 1, 1, 1, 1, 1, 1, 1, 1, 1, 1, 1, 1, 1, 1, 1, 1, 1, 1, 1, 1, 1, 1, 1, 1, 1, 1, 1, 1, 1, 1, 1, 1, 1, 1, 1, 1, 1, 1, 1, 1, 1, 1, 1, 1, 1, 1, 1, 1, 1, 1, 1, 1, 1, 1, 1, 1, 1, 1, 1, 1, 1, 1, 1, 1, 1, 1, 1, 1, 1, 1, 1, 1, 1, 1, 1, 1, 1, 1, 1, 1, 1, 1, 1, 1, 1, 1, 1, 1, 1, 1, 1, 1, 1, 1, 1, 1, 1, 1, 1, 1, 1, 1, 1, 1, 1, 1, 1, 1, 1, 1, 1, 1, 1, 1, 1, 1, 1, 1, 1, 1, 1, 1, 1, 1, 1, 1, 1, 1, 1, 1, 1, 1, 1, 1, 1, 1, 1, 1, 1, 1, 1, 1, 1, 1, 1, 1, 1, 1, 1, 1, 1, 1, 1, 1, 1, 1, 1, 1, 1, 1, 1, 1, 1, 1, 1, 1, 1, 1, 1, 1, 1, 1, 1, 1, 1, 1, 1, 1, 1, 1, 1, 1, 1, 1, 1, 1, 1, 1, 1, 1, 1, 1, 1, 1, 1, 1, 1, 1, 1, 1, 1, 1, 1, 1, 1, 1, 1, 1, 1, 1, 1, 1, 1, 1, 1, 1, 1, 1, 1, 1, 1, 1, 1, 1, 1, 1, 1, 1, 1, 1, 1, 1, 1, 1, 1, 1, 1, 1, 1, 1, 1, 1, 1, 1, 1, 1, 1, 1, 1, 1, 1, 1, 1, 1, 1, 1, 1, 1, 1, 1, 1, 1, 1, 1, 1, 1, 1, 1, 1, 1, 1, 1, 1, 1, 1, 1, 1, 1, 1, 1, 1, 1, 1, 1, 1, 1, 1, 1, 1, 1, 1, 1, 1, 1, 1, 1, 1, 1, 1, 1, 1, 1, 1, 1, 1, 1, 1, 1, 1, 1, 1, 1, 1, 1, 1, 1, 1, 1, 1, 1, 1, 1, 1, 1, 1, 1, 1, 1, 1, 1, 1, 1, 1, 1, 1, 1, 1, 1, 1, 1, 1, 1, 1, 1, 1, 1, 1, 1, 1, 1, 1, 1, 1, 1, 1, 1, 1, 1, 1, 1, 1, 1, 1, 1, 1, 1, 1, 1, 1, 1, 1, 1, 1, 1, 1, 1, 1, 1, 1, 1, 1, 1, 1, 1, 1, 1, 1, 1, 1, 1, 1, 1, 1, 1, 1, 1, 1, 1, 1, 1, 1, 1, 1, 1, 1, 1, 1, 1, 1, 1, 1, 1, 1, 1, 1, 1, 1, 1, 1, 1, 1, 1, 1, 1, 1, 1, 1, 1, 1, 1, 1, 1, 1, 1, 1, 1, 1, 1, 1, 1, 1, 1, 1, 1, 1, 1, 1, 1, 1, 1, 1, 1, 1, 1, 1, 1, 1, 1, 1, 1, 1, 1, 1, 1, 1, 1, 1, 1, 1, 1, 1, 1, 1, 1, 1, 1, 1, 1, 1, 1, 1, 1, 1, 1, 1, 1, 1, 1, 1, 1, 1, 1, 1, 1, 1, 1, 1, 1, 1, 1, 1, 1, 1, 1, 1, 1, 1, 1, 1, 1, 1, 1, 1, 1, 1, 1, 1, 1, 1, 1, 1, 1, 1, 1, 1, 1, 1, 1, 1, 1, 1, 1, 1, 1, 1, 1, 1, 1, 1, 1, 1, 1, 1, 1, 1, 1, 1, 1, 1, 1, 1, 1, 1, 1, 1, 1, 1, 1, 1, 1, 1, 1, 1, 1, 1, 1, 1, 1, 1, 1, 1, 1, 1, 1, 1, 1, 1, 1, 1, 1, 1, 1, 1, 1, 1, 1, 1, 1, 1, 1, 1, 1, 1, 1, 1, 1, 1, 1, 1, 1, 1, 1, 1, 1, 1, 1, 1, 1, 1, 1, 1, 1, 1, 1, 1, 1, 1, 1, 1, 1, 1, 1, 1, 1, 1, 1, 1, 1, 1, 1, 1, 1, 1, 1, 1, 1, 1, 1, 1, 1, 1, 1, 1, 1, 1, 1, 1, 1, 1, 1, 1, 1, 1, 1, 1, 1, 1, 1, 1, 1, 1, 1, 1, 1, 1, 1, 1, 1, 1, 1, 1, 1, 1, 1, 1, 1, 1, 1, 1, 1, 1, 1, 1, 1, 1, 1, 1, 1, 1, 1, 1, 1, 1, 1, 1, 1, 1, 1, 1, 1, 1, 1, 1, 1, 1, 1, 1, 1, 1, 1, 1, 1, 1, 1, 1, 1, 1, 1, 1, 1, 1, 1, 1, 1, 1, 1, 1, 1, 1, 1, 1, 1, 1, 1, 1, 1, 1, 1, 1, 1, 1, 1, 1, 1, 1, 1, 1, 1, 1, 1, 1, 1, 1, 1, 1, 1, 1, 1, 1, 1, 1, 1, 1, 1, 1, 1, 1, 1, 1, 1, 1, 1, 1, 1, 1, 1, 1, 1, 1, 1, 1, 1, 1, 1, 1, 1, 1, 1, 1, 1, 1, 1, 1, 1, 1, 1, 1, 1, 1, 1, 1, 1, 1, 1, 1, 1, 1, 1, 1, 1, 1, 1, 1, 1, 1, 1, 1, 1, 1, 1, 1, 1, 1, 1, 1, 1, 1, 1, 1, 1, 1, 1, 1, 1, 1, 1, 1, 1, 1, 1, 1, 1, 1, 1, 1, 1, 1, 1, 1, 1, 1, 1, 1, 1, 1, 1, 1, 1, 1, 1, 1, 1, 1, 1, 1, 1, 1, 1, 1, 1, 1, 1, 1, 1, 1, 1, 1, 1, 1, 1, 1, 1, 1, 1, 1, 1, 1, 1, 1, 1, 1, 1, 1, 1, 1, 1, 1, 1, 1, 1, 1, 1, 1, 1, 1, 1, 1, 1, 1, 1, 1, 1, 1, 1, 1, 1, 1, 1, 1, 1, 1, 1, 1, 1, 1, 1, 1, 1, 1, 1, 1, 1, 1, 1, 1, 1, 1, 1, 1, 1, 1, 1, 1, 1, 1, 1, 1, 1, 1, 1, 1, 1, 1, 1, 1, 1, 1, 1, 1, 1, 1, 1, 1, 1, 1, 1, 1, 1, 1, 1, 1, 1, 1, 1, 1, 1, 1, 1, 1, 1, 1, 1, 1, 1, 1, 1, 1, 1, 1, 1, 1, 1, 1, 1, 1, 1, 1, 1, 1, 1, 1, 1, 1, 1, 1, 1, 1, 1, 1, 1, 1, 1, 1, 1, 1, 1, 1, 1, 1, 1, 1, 1, 1, 1, 1, 1, 1, 1, 1, 1, 1, 1, 1, 1, 1, 1, 1, 1, 1, 1, 1, 1, 1, 1, 1, 1, 1, 1, 1, 1, 1, 1, 1, 1, 1, 1, 1, 1, 1, 1, 1, 1, 1, 1, 1, 1, 1], [1, 1, 1, 1, 1, 1, 1, 1, 1, 1, 1, 1, 1, 1, 1, 1, 1, 1, 1, 1, 1, 1, 1, 1, 1, 1, 1, 1, 1, 1, 1, 1, 1, 1, 1, 1, 1, 1, 1, 1, 1, 1, 1, 1, 1, 1, 1, 1, 1, 1, 1, 1, 1, 1, 1, 1, 1, 1, 1, 1, 1, 1, 1, 1, 1, 1, 1, 1, 1, 1, 1, 1, 1, 1, 1, 1, 1, 1, 1, 1, 1, 1, 1, 1, 1, 1, 1, 1, 1, 1, 1, 1, 1, 1, 1, 1, 1, 1, 1, 1, 1, 1, 1, 1, 1, 1, 1, 1, 1, 1, 1, 1, 1, 1, 1, 1, 1, 1, 1, 1, 1, 1, 1, 1, 1, 1, 1, 1, 1, 1, 1, 1, 1, 1, 1, 1, 1, 1, 1, 1, 1, 1, 1, 1, 1, 1, 1, 1, 1, 1, 1, 1, 1, 1, 1, 1, 1, 1, 1, 1, 1, 1, 1, 1, 1, 1, 1, 1, 1, 1, 1, 1, 1, 1, 1, 1, 1, 1, 1, 1, 1, 1, 1, 1, 1, 1, 1, 1, 1, 1, 1, 1, 1, 1, 1, 1, 1, 1, 1, 1, 1, 1, 1, 1, 1, 1, 1, 1, 1, 1, 1, 1, 1, 1, 1, 1, 1, 1, 1, 1, 1, 1, 1, 1, 1, 1, 1, 1, 1, 1, 1, 1, 1, 1, 1, 1, 1, 1, 1, 1, 1, 1, 1, 1, 1, 1, 1, 1, 1, 1, 1, 1, 1, 1, 1, 1, 1, 1, 1, 1, 1, 1, 1, 1, 1, 1, 1, 1, 1, 1, 1, 1, 1, 1, 1, 1, 1, 1, 1, 1, 1, 1, 1, 1, 1, 1, 1, 1, 1, 1, 1, 1, 1, 1, 1, 1, 1, 1, 1, 1, 1, 1, 1, 1, 1, 1, 1, 1, 1, 1, 1, 1, 1, 1, 1, 1, 1, 1, 1, 1, 1, 1, 1, 1, 1, 1, 1, 1, 1, 1, 1, 1, 1, 1, 1, 1, 1, 1, 1, 1, 1, 1, 1, 1, 1, 1, 1, 1, 1, 1, 1, 1, 1, 1, 1, 1, 1, 1, 1, 1, 1, 1, 1, 1, 1, 1, 1, 1, 1, 1, 1, 1, 1, 1, 1, 1, 1, 1, 1, 1, 1, 1, 1, 1, 1, 1, 1, 1, 1, 1, 1, 1, 1, 1, 1, 1, 1, 1, 1, 1, 1, 1, 1, 1, 1, 1, 1, 1, 1, 1, 1, 1, 1, 1, 1, 1, 1, 1, 1, 1, 1, 1, 1, 1, 1, 1, 1, 1, 1, 1, 1, 1, 1, 1, 1, 1, 1, 1, 1, 1, 1, 1, 1, 1, 1, 1, 1, 1, 1, 1, 1, 1, 1, 1, 1, 1, 1, 1, 1, 1, 1, 1, 1, 1, 1, 1, 1, 1, 1, 1, 1, 1, 1, 1, 1, 1, 1, 1, 1, 1, 1, 1, 1, 1, 1, 1, 1, 1, 1, 1, 1, 1, 1, 1, 1, 1, 1, 1, 1, 1, 1, 1, 1, 1, 1, 1, 1, 1, 1, 1, 1, 1, 1, 1, 1, 1, 1, 1, 1, 1, 1, 1, 1, 1, 1, 1, 1, 1, 1, 1, 1, 1, 1, 1, 1, 1, 1, 1, 1, 1, 1, 1, 1, 1, 1, 1, 1, 1, 1, 1, 1, 1, 1, 1, 1, 1, 1, 1, 1, 1, 1, 1, 1, 1, 1, 1, 1, 1, 1, 1, 1, 1, 1, 1, 1, 1, 1, 1, 1, 1, 1, 1, 1, 1, 1, 1, 1, 1, 1, 1, 1, 1, 1, 1, 1, 1, 1, 1, 1, 1, 1, 1, 1, 1, 1, 1, 1, 1, 1, 1, 1, 1, 1, 1, 1, 1, 1, 1, 1, 1, 1, 1, 1, 1, 1, 1, 1, 1, 1, 1, 1, 1, 1, 1, 1, 1, 1, 1, 1, 1, 1, 1, 1, 1, 1, 1, 1, 1, 1, 1, 1, 1, 1, 1, 1, 1, 1, 1, 1, 1, 1, 1, 1, 1, 1, 1, 1, 1, 1, 1, 1, 1, 1, 1, 1, 1, 1, 1, 1, 1, 1, 1, 1, 1, 1, 1, 1, 1, 1, 1, 1, 1, 1, 1, 1, 1, 1, 1, 1, 1, 1, 1, 1, 1, 1, 1, 1, 1, 1, 1, 1, 1, 1, 1, 1, 1, 1, 1, 1, 1, 1, 1, 1, 1, 1, 1, 1, 1, 1, 1, 1, 1, 1, 1, 1, 1, 1, 1, 1, 1, 1, 1, 1, 1, 1, 1, 1, 1, 1, 1, 1, 1, 1, 1, 1, 1, 1, 1, 1, 1, 1, 1, 1, 1, 1, 1, 1, 1, 1, 1, 1, 1, 1, 1, 1, 1, 1, 1, 1, 1, 1, 1, 1, 1, 1, 1, 1, 1, 1, 1, 1, 1, 1, 1, 1, 1, 1, 1, 1, 1, 1, 1, 1, 1, 1, 1, 1, 1, 1, 1, 1, 1, 1, 1, 1, 1, 1, 1, 1, 1, 1, 1, 1, 1, 1, 1, 1, 1, 1, 1, 1, 1, 1, 1, 1, 1, 1, 1, 1, 1, 1, 1, 1, 1, 1, 1, 1, 1, 1, 1, 1, 1, 1, 1, 1, 1, 1, 1, 1, 1, 1, 1, 1, 1, 1, 1, 1, 1, 1, 1, 1, 1, 1, 1, 1, 1, 1, 1, 1, 1, 1, 1, 1, 1, 1, 1, 1, 1, 1, 1, 1, 1, 1, 1, 1, 1, 1, 1, 1, 1, 1, 1, 1, 1, 1, 1, 1, 1, 1, 1, 1, 1, 1, 1, 1, 1, 1, 1, 1, 1, 1, 1, 1, 1, 1, 1, 1, 1, 1, 1, 1, 1, 1, 1, 1, 1, 1, 1, 1, 1, 1, 1, 1, 1, 1, 1, 1, 1, 1, 1, 1, 1, 1, 1, 1, 1, 1, 1, 1, 1, 1, 1, 1, 1, 1, 1, 1, 1, 1, 1, 1, 1, 1, 1, 1, 1, 1, 1, 1, 1, 1, 1, 1, 1, 1, 1, 1, 1, 1, 1, 1, 1, 1, 1, 1, 1, 1, 1, 1, 1, 1, 1, 1, 1, 1, 1, 1, 1, 1, 1, 1, 1, 1, 1, 1, 1, 1, 1, 1, 1, 1, 1, 1, 1, 1, 1, 1, 1, 1, 1, 1, 1, 1, 1, 1, 1, 1, 1, 1, 1, 1, 1, 1, 1, 1, 1, 1, 1, 1, 1, 1, 1, 1, 1, 1, 1, 1, 1, 1, 1, 1, 1, 1, 1, 1, 1, 1, 1, 1, 1, 1, 1, 1, 1, 1, 1, 1, 1, 1, 1, 1, 1, 1, 1, 1, 1, 1, 1, 1, 1, 1, 1, 1, 1, 1, 1, 1, 1, 1, 1, 1, 1, 1, 1, 1, 1, 1, 1, 1, 1, 1, 1, 1, 1, 1, 1, 1, 1, 1, 1, 1, 1, 1, 1, 1, 1, 1, 1, 1, 1, 1, 1, 1, 1, 1, 1, 1, 1, 1, 1, 1, 1, 1, 1, 1, 1, 1, 1, 1, 1, 1, 1, 1, 1, 1, 1, 1, 1, 1, 1, 1, 1, 1, 1, 1, 1, 1, 1, 1, 1, 1, 1, 1, 1, 1, 1, 1, 1, 1, 1, 1, 1, 1, 1, 1, 1, 1, 1, 1, 1, 1, 1, 1, 1, 1, 1, 1, 1, 1, 1, 1, 1, 1, 1, 1, 1, 1, 1, 1, 1, 1, 1, 1, 1, 1, 1, 1, 1, 1, 1, 1, 1, 1, 1, 1, 1, 1, 1, 1, 1, 1, 1, 1, 1, 1, 1, 1, 1, 1, 1, 1, 1, 1, 1, 1, 1, 1, 1, 1, 1, 1, 1, 1, 1, 1, 1, 1, 1, 1, 1, 1, 1, 1, 1, 1, 1, 1, 1, 1, 1, 1, 1, 1, 1, 1, 1, 1, 1, 1, 1, 1, 1, 1, 1, 1, 1, 1, 1, 1, 1, 1, 1, 1, 1, 1, 1, 1, 1, 1, 1, 1, 1, 1, 1, 1, 1, 1, 1, 1, 1, 1, 1, 1, 1, 1, 1, 1, 1, 1, 1, 1, 1, 1, 1, 1, 1, 1, 1, 1, 1, 1, 1, 1, 1, 1, 1, 1, 1, 1, 1, 1, 1, 1, 1, 1, 1, 1, 1, 1, 1, 1, 1, 1, 1, 1, 1, 1, 1, 1, 1, 1, 1, 1, 1, 1, 1, 1, 1, 1, 1, 1, 1, 1, 1, 1, 1, 1, 1, 1, 1, 1, 1, 1, 1, 1, 1, 1, 1, 1, 1, 1, 1, 1, 1, 1, 1, 1, 1, 1, 1, 1, 1, 1, 1, 1, 1, 1, 1, 1, 1, 1, 1, 1, 1, 1, 1, 1, 1, 1, 1, 1, 1, 1, 1, 1, 1, 1, 1, 1, 1, 1, 1, 1, 1, 1, 1, 1, 1, 1, 1, 1, 1, 1, 1, 1, 1, 1, 1, 1, 1, 1, 1, 1, 1, 1, 1, 1, 1, 1, 1, 1, 1, 1, 1, 1, 1, 1, 1, 1, 1, 1, 1, 1, 1, 1, 1, 1, 1, 1, 1, 1, 1, 1, 1, 1, 1, 1, 1, 1, 1, 1, 1, 1, 1, 1, 1, 1, 1, 1, 1, 1, 1, 1, 1, 1, 1, 1, 1, 1, 1, 1, 1, 1, 1, 1, 1, 1, 1, 1, 1, 1, 1, 1, 1, 1, 1, 1, 1, 1, 1, 1, 1, 1, 1, 1, 1, 1, 1, 1, 1, 1, 1, 1, 1, 1, 1, 1, 1, 1, 1, 1, 1, 1, 1, 1, 1, 1, 1, 1, 1, 1, 1, 1, 1, 1, 1, 1, 1, 1, 1, 1, 1, 1, 1, 1, 1, 1, 1, 1, 1, 1, 1, 1, 1, 1, 1, 1, 1, 1, 1, 1, 1, 1, 1, 1, 1, 1, 1, 1, 1, 1, 1, 1, 1, 1, 1, 1, 1, 1, 1, 1, 1, 1, 1, 1, 1, 1, 1, 1, 1, 1, 1, 1, 1, 1, 1, 1, 1, 1, 1, 1, 1, 1, 1, 1, 1, 1, 1, 1, 1, 1, 1, 1, 1, 1, 1, 1, 1, 1, 1, 1, 1, 1, 1, 1, 1, 1, 1, 1, 1, 1, 1, 1], [1, 1, 1, 1, 1, 1, 1, 1, 1, 1, 1, 1, 1, 1, 1, 1, 1, 1, 1, 1, 1, 1, 1, 1, 1, 1, 1, 1, 1, 1, 1, 1, 1, 1, 1, 1, 1, 1, 1, 1, 1, 1, 1, 1, 1, 1, 1, 1, 1, 1, 1, 1, 1, 1, 1, 1, 1, 1, 1, 1, 1, 1, 1, 1, 1, 1, 1, 1, 1, 1, 1, 1, 1, 1, 1, 1, 1, 1, 1, 1, 1, 1, 1, 1, 1, 1, 1, 1, 1, 1, 1, 1, 1, 1, 1, 1, 1, 1, 1, 1, 1, 1, 1, 1, 1, 1, 1, 1, 1, 1, 1, 1, 1, 1, 1, 1, 1, 1, 1, 1, 1, 1, 1, 1, 1, 1, 1, 1, 1, 1, 1, 1, 1, 1, 1, 1, 1, 1, 1, 1, 1, 1, 1, 1, 1, 1, 1, 1, 1, 1, 1, 1, 1, 1, 1, 1, 1, 1, 1, 1, 1, 1, 1, 1, 1, 1, 1, 1, 1, 1, 1, 1, 1, 1, 1, 1, 1, 1, 1, 1, 1, 1, 1, 1, 1, 1, 1, 1, 1, 1, 1, 1, 1, 1, 1, 1, 1, 1, 1, 1, 1, 1, 1, 1, 1, 1, 1, 1, 1, 1, 1, 1, 1, 1, 1, 1, 1, 1, 1, 1, 1, 1, 1, 1, 1, 1, 1, 1, 1, 1, 1, 1, 1, 1, 1, 1, 1, 1, 1, 1, 1, 1, 1, 1, 1, 1, 1, 1, 1, 1, 1, 1, 1, 1, 1, 1, 1, 1, 1, 1, 1, 1, 1, 1, 1, 1, 1, 1, 1, 1, 1, 1, 1, 1, 1, 1, 1, 1, 1, 1, 1, 1, 1, 1, 1, 1, 1, 1, 1, 1, 1, 1, 1, 1, 1, 1, 1, 1, 1, 1, 1, 1, 1, 1, 1, 1, 1, 1, 1, 1, 1, 1, 1, 1, 1, 1, 1, 1, 1, 1, 1, 1, 1, 1, 1, 1, 1, 1, 1, 1, 1, 1, 1, 1, 1, 1, 1, 1, 1, 1, 1, 1, 1, 1, 1, 1, 1, 1, 1, 1, 1, 1, 1, 1, 1, 1, 1, 1, 1, 1, 1, 1, 1, 1, 1, 1, 1, 1, 1, 1, 1, 1, 1, 1, 1, 1, 1, 1, 1, 1, 1, 1, 1, 1, 1, 1, 1, 1, 1, 1, 1, 1, 1, 1, 1, 1, 1, 1, 1, 1, 1, 1, 1, 1, 1, 1, 1, 1, 1, 1, 1, 1, 1, 1, 1, 1, 1, 1, 1, 1, 1, 1, 1, 1, 1, 1, 1, 1, 1, 1, 1, 1, 1, 1, 1, 1, 1, 1, 1, 1, 1, 1, 1, 1, 1, 1, 1, 1, 1, 1, 1, 1, 1, 1, 1, 1, 1, 1, 1, 1, 1, 1, 1, 1, 1, 1, 1, 1, 1, 1, 1, 1, 1, 1, 1, 1, 1, 1, 1, 1, 1, 1, 1, 1, 1, 1, 1, 1, 1, 1, 1, 1, 1, 1, 1, 1, 1, 1, 1, 1, 1, 1, 1, 1, 1, 1, 1, 1, 1, 1, 1, 1, 1, 1, 1, 1, 1, 1, 1, 1, 1, 1, 1, 1, 1, 1, 1, 1, 1, 1, 1, 1, 1, 1, 1, 1, 1, 1, 1, 1, 1, 1, 1, 1, 1, 1, 1, 1, 1, 1, 1, 1, 1, 1, 1, 1, 1, 1, 1, 1, 1, 1, 1, 1, 1, 1, 1, 1, 1, 1, 1, 1, 1, 1, 1, 1, 1, 1, 1, 1, 1, 1, 1, 1, 1, 1, 1, 1, 1, 1, 1, 1, 1, 1, 1, 1, 1, 1, 1, 1, 1, 1, 1, 1, 1, 1, 1, 1, 1, 1, 1, 1, 1, 1, 1, 1, 1, 1, 1, 1, 1, 1, 1, 1, 1, 1, 1, 1, 1, 1, 1, 1, 1, 1, 1, 1, 1, 1, 1, 1, 1, 1, 1, 1, 1, 1, 1, 1, 1, 1, 1, 1, 1, 1, 1, 1, 1, 1, 1, 1, 1, 1, 1, 1, 1, 1, 1, 1, 1, 1, 1, 1, 1, 1, 1, 1, 1, 1, 1, 1, 1, 1, 1, 1, 1, 1, 1, 1, 1, 1, 1, 1, 1, 1, 1, 1, 1, 1, 1, 1, 1, 1, 1, 1, 1, 1, 1, 1, 1, 1, 1, 1, 1, 1, 1, 1, 1, 1, 1, 1, 1, 1, 1, 1, 1, 1, 1, 1, 1, 1, 1, 1, 1, 1, 1, 1, 1, 1, 1, 1, 1, 1, 1, 1, 1, 1, 1, 1, 1, 1, 1, 1, 1, 1, 1, 1, 1, 1, 1, 1, 1, 1, 1, 1, 1, 1, 1, 1, 1, 1, 1, 1, 1, 1, 1, 1, 1, 1, 1, 1, 1, 1, 1, 1, 1, 1, 1, 1, 1, 1, 1, 1, 1, 1, 1, 1, 1, 1, 1, 1, 1, 1, 1, 1, 1, 1, 1, 1, 1, 1, 1, 1, 1, 1, 1, 1, 1, 1, 1, 1, 1, 1, 1, 1, 1, 1, 1, 1, 1, 1, 1, 1, 1, 1, 1, 1, 1, 1, 1, 1, 1, 1, 1, 1, 1, 1, 1, 1, 1, 1, 1, 1, 1, 1, 1, 1, 1, 1, 1, 1, 1, 1, 1, 1, 1, 1, 1, 1, 1, 1, 1, 1, 1, 1, 1, 1, 1, 1, 1, 1, 1, 1, 1, 1, 1, 1, 1, 1, 1, 1, 1, 1, 1, 1, 1, 1, 1, 1, 1, 1, 1, 1, 1, 1, 1, 1, 1, 1, 1, 1, 1, 1, 1, 1, 1, 1, 1, 1, 1, 1, 1, 1, 1, 1, 1, 1, 1, 1, 1, 1, 1, 1, 1, 1, 1, 1, 1, 1, 1, 1, 1, 1, 1, 1, 1, 1, 1, 1, 1, 1, 1, 1, 1, 1, 1, 1, 1, 1, 1, 1, 1, 1, 1, 1, 1, 1, 1, 1, 1, 1, 1, 1, 1, 1, 1, 1, 1, 1, 1, 1, 1, 1, 1, 1, 1, 1, 1, 1, 1, 1, 1, 1, 1, 1, 1, 1, 1, 1, 1, 1, 1, 1, 1, 1, 1, 1, 1, 1, 1, 1, 1, 1, 1, 1, 1, 1, 1, 1, 1, 1, 1, 1, 1, 1, 1, 1, 1, 1, 1, 1, 1, 1, 1, 1, 1, 1, 1, 1, 1, 1, 1, 1, 1, 1, 1, 1, 1, 1, 1, 1, 1, 1, 1, 1, 1, 1, 1, 1, 1, 1, 1, 1, 1, 1, 1, 1, 1, 1, 1, 1, 1, 1, 1, 1, 1, 1, 1, 1, 1, 1, 1, 1, 1, 1, 1, 1, 1, 1, 1, 1, 1, 1, 1, 1, 1, 1, 1, 1, 1, 1, 1, 1, 1, 1, 1, 1, 1, 1, 1, 1, 1, 1, 1, 1, 1, 1, 1, 1, 1, 1, 1, 1, 1, 1, 1, 1, 1, 1, 1, 1, 1, 1, 1, 1, 1, 1, 1, 1, 1, 1, 1, 1, 1, 1, 1, 1, 1, 1, 1, 1, 1, 1, 1, 1, 1, 1, 1, 1, 1, 1, 1, 1, 1, 1, 1, 1, 1, 1, 1, 1, 1, 1, 1, 1, 1, 1, 1, 1, 1, 1, 1, 1, 1, 1, 1, 1, 1, 1, 1, 1, 1, 1, 1, 1, 1, 1, 1, 1, 1, 1, 1, 1, 1, 1, 1, 1, 1, 1, 1, 1, 1, 1, 1, 1, 1, 1, 1, 1, 1, 1, 1, 1, 1, 1, 1, 1, 1, 1, 1, 1, 1, 1, 1, 1, 1, 1, 1, 1, 1, 1, 1, 1, 1, 1, 1, 1, 1, 1, 1, 1, 1, 1, 1, 1, 1, 1, 1, 1, 1, 1, 1, 1, 1, 1, 1, 1, 1, 1, 1, 1, 1, 1, 1, 1, 1, 1, 1, 1, 1, 1, 1, 1, 1, 1, 1, 1, 1, 1, 1, 1, 1, 1, 1, 1, 1, 1, 1, 1, 1, 1, 1, 1, 1, 1, 1, 1, 1, 1, 1, 1, 1, 1, 1, 1, 1, 1, 1, 1, 1, 1, 1, 1, 1, 1, 1, 1, 1, 1, 1, 1, 1, 1, 1, 1, 1, 1, 1, 1, 1, 1, 1, 1, 1, 1, 1, 1, 1, 1, 1, 1, 1, 1, 1, 1, 1, 1, 1, 1, 1, 1, 1, 1, 1, 1, 1, 1, 1, 1, 1, 1, 1, 1, 1, 1, 1, 1, 1, 1, 1, 1, 1, 1, 1, 1, 1, 1, 1, 1, 1, 1, 1, 1, 1, 1, 1, 1, 1, 1, 1, 1, 1, 1, 1, 1, 1, 1, 1, 1, 1, 1, 1, 1, 1, 1, 1, 1, 1, 1, 1, 1, 1, 1, 1, 1, 1, 1, 1, 1, 1, 1, 1, 1, 1, 1, 1, 1, 1, 1, 1, 1, 1, 1, 1, 1, 1, 1, 1, 1, 1, 1, 1, 1, 1, 1, 1, 1, 1, 1, 1, 1, 1, 1, 1, 1, 1, 1, 1, 1, 1, 1, 1, 1, 1, 1, 1, 1, 1, 1, 1, 1, 1, 1, 1, 1, 1, 1, 1, 1, 1, 1, 1, 1, 1, 1, 1, 1, 1, 1, 1, 1, 1, 1, 1, 1, 1, 1, 1, 1, 1, 1, 1, 1, 1, 1, 1, 1, 1, 1, 1, 1, 1, 1, 1, 1, 1, 1, 1, 1, 1, 1, 1, 1, 1, 1, 1, 1, 1, 1, 1, 1, 1, 1, 1, 1, 1, 1, 1, 1, 1, 1, 1, 1, 1, 1, 1, 1, 1, 1, 1, 1, 1, 1, 1, 1, 1, 1, 1, 1, 1, 1, 1, 1, 1, 1, 1, 1, 1, 1, 1, 1, 1, 1, 1, 1, 1, 1, 1, 1, 1, 1, 1, 1, 1, 1, 1, 1, 1, 1, 1, 1, 1, 1, 1, 1, 1, 1, 1, 1, 1, 1, 1, 1, 1, 1, 1, 1, 1, 1, 1, 1, 1, 1, 1, 1, 1, 1, 1, 1, 1, 1, 1, 1, 1, 1, 1, 1, 1, 1, 1, 1, 1, 1, 1, 1, 1, 1, 1, 1, 1, 1, 1, 1, 1, 1, 1, 1, 1, 1, 1, 1, 1, 1, 1, 1], [1, 1, 1, 1, 1, 1, 1, 1, 1, 1, 1, 1, 1, 1, 1, 1, 1, 1, 1, 1, 1, 1, 1, 1, 1, 1, 1, 1, 1, 1, 1, 1, 1, 1, 1, 1, 1, 1, 1, 1, 1, 1, 1, 1, 1, 1, 1, 1, 1, 1, 1, 1, 1, 1, 1, 1, 1, 1, 1, 1, 1, 1, 1, 1, 1, 1, 1, 1, 1, 1, 1, 1, 1, 1, 1, 1, 1, 1, 1, 1, 1, 1, 1, 1, 1, 1, 1, 1, 1, 1, 1, 1, 1, 1, 1, 1, 1, 1, 1, 1, 1, 1, 1, 1, 1, 1, 1, 1, 1, 1, 1, 1, 1, 1, 1, 1, 1, 1, 1, 1, 1, 1, 1, 1, 1, 1, 1, 1, 1, 1, 1, 1, 1, 1, 1, 1, 1, 1, 1, 1, 1, 1, 1, 1, 1, 1, 1, 1, 1, 1, 1, 1, 1, 1, 1, 1, 1, 1, 1, 1, 1, 1, 1, 1, 1, 1, 1, 1, 1, 1, 1, 1, 1, 1, 1, 1, 1, 1, 1, 1, 1, 1, 1, 1, 1, 1, 1, 1, 1, 1, 1, 1, 1, 1, 1, 1, 1, 1, 1, 1, 1, 1, 1, 1, 1, 1, 1, 1, 1, 1, 1, 1, 1, 1, 1, 1, 1, 1, 1, 1, 1, 1, 1, 1, 1, 1, 1, 1, 1, 1, 1, 1, 1, 1, 1, 1, 1, 1, 1, 1, 1, 1, 1, 1, 1, 1, 1, 1, 1, 1, 1, 1, 1, 1, 1, 1, 1, 1, 1, 1, 1, 1, 1, 1, 1, 1, 1, 1, 1, 1, 1, 1, 1, 1, 1, 1, 1, 1, 1, 1, 1, 1, 1, 1, 1, 1, 1, 1, 1, 1, 1, 1, 1, 1, 1, 1, 1, 1, 1, 1, 1, 1, 1, 1, 1, 1, 1, 1, 1, 1, 1, 1, 1, 1, 1, 1, 1, 1, 1, 1, 1, 1, 1, 1, 1, 1, 1, 1, 1, 1, 1, 1, 1, 1, 1, 1, 1, 1, 1, 1, 1, 1, 1, 1, 1, 1, 1, 1, 1, 1, 1, 1, 1, 1, 1, 1, 1, 1, 1, 1, 1, 1, 1, 1, 1, 1, 1, 1, 1, 1, 1, 1, 1, 1, 1, 1, 1, 1, 1, 1, 1, 1, 1, 1, 1, 1, 1, 1, 1, 1, 1, 1, 1, 1, 1, 1, 1, 1, 1, 1, 1, 1, 1, 1, 1, 1, 1, 1, 1, 1, 1, 1, 1, 1, 1, 1, 1, 1, 1, 1, 1, 1, 1, 1, 1, 1, 1, 1, 1, 1, 1, 1, 1, 1, 1, 1, 1, 1, 1, 1, 1, 1, 1, 1, 1, 1, 1, 1, 1, 1, 1, 1, 1, 1, 1, 1, 1, 1, 1, 1, 1, 1, 1, 1, 1, 1, 1, 1, 1, 1, 1, 1, 1, 1, 1, 1, 1, 1, 1, 1, 1, 1, 1, 1, 1, 1, 1, 1, 1, 1, 1, 1, 1, 1, 1, 1, 1, 1, 1, 1, 1, 1, 1, 1, 1, 1, 1, 1, 1, 1, 1, 1, 1, 1, 1, 1, 1, 1, 1, 1, 1, 1, 1, 1, 1, 1, 1, 1, 1, 1, 1, 1, 1, 1, 1, 1, 1, 1, 1, 1, 1, 1, 1, 1, 1, 1, 1, 1, 1, 1, 1, 1, 1, 1, 1, 1, 1, 1, 1, 1, 1, 1, 1, 1, 1, 1, 1, 1, 1, 1, 1, 1, 1, 1, 1, 1, 1, 1, 1, 1, 1, 1, 1, 1, 1, 1, 1, 1, 1, 1, 1, 1, 1, 1, 1, 1, 1, 1, 1, 1, 1, 1, 1, 1, 1, 1, 1, 1, 1, 1, 1, 1, 1, 1, 1, 1, 1, 1, 1, 1, 1, 1, 1, 1, 1, 1, 1, 1, 1, 1, 1, 1, 1, 1, 1, 1, 1, 1, 1, 1, 1, 1, 1, 1, 1, 1, 1, 1, 1, 1, 1, 1, 1, 1, 1, 1, 1, 1, 1, 1, 1, 1, 1, 1, 1, 1, 1, 1, 1, 1, 1, 1, 1, 1, 1, 1, 1, 1, 1, 1, 1, 1, 1, 1, 1, 1, 1, 1, 1, 1, 1, 1, 1, 1, 1, 1, 1, 1, 1, 1, 1, 1, 1, 1, 1, 1, 1, 1, 1, 1, 1, 1, 1, 1, 1, 1, 1, 1, 1, 1, 1, 1, 1, 1, 1, 1, 1, 1, 1, 1, 1, 1, 1, 1, 1, 1, 1, 1, 1, 1, 1, 1, 1, 1, 1, 1, 1, 1, 1, 1, 1, 1, 1, 1, 1, 1, 1, 1, 1, 1, 1, 1, 1, 1, 1, 1, 1, 1, 1, 1, 1, 1, 1, 1, 1, 1, 1, 1, 1, 1, 1, 1, 1, 1, 1, 1, 1, 1, 1, 1, 1, 1, 1, 1, 1, 1, 1, 1, 1, 1, 1, 1, 1, 1, 1, 1, 1, 1, 1, 1, 1, 1, 1, 1, 1, 1, 1, 1, 1, 1, 1, 1, 1, 1, 1, 1, 1, 1, 1, 1, 1, 1, 1, 1, 1, 1, 1, 1, 1, 1, 1, 1, 1, 1, 1, 1, 1, 1, 1, 1, 1, 1, 1, 1, 1, 1, 1, 1, 1, 1, 1, 1, 1, 1, 1, 1, 1, 1, 1, 1, 1, 1, 1, 1, 1, 1, 1, 1, 1, 1, 1, 1, 1, 1, 1, 1, 1, 1, 1, 1, 1, 1, 1, 1, 1, 1, 1, 1, 1, 1, 1, 1, 1, 1, 1, 1, 1, 1, 1, 1, 1, 1, 1, 1, 1, 1, 1, 1, 1, 1, 1, 1, 1, 1, 1, 1, 1, 1, 1, 1, 1, 1, 1, 1, 1, 1, 1, 1, 1, 1, 1, 1, 1, 1, 1, 1, 1, 1, 1, 1, 1, 1, 1, 1, 1, 1, 1, 1, 1, 1, 1, 1, 1, 1, 1, 1, 1, 1, 1, 1, 1, 1, 1, 1, 1, 1, 1, 1, 1, 1, 1, 1, 1, 1, 1, 1, 1, 1, 1, 1, 1, 1, 1, 1, 1, 1, 1, 1, 1, 1, 1, 1, 1, 1, 1, 1, 1, 1, 1, 1, 1, 1, 1, 1, 1, 1, 1, 1, 1, 1, 1, 1, 1, 1, 1, 1, 1, 1, 1, 1, 1, 1, 1, 1, 1, 1, 1, 1, 1, 1, 1, 1, 1, 1, 1, 1, 1, 1, 1, 1, 1, 1, 1, 1, 1, 1, 1, 1, 1, 1, 1, 1, 1, 1, 1, 1, 1, 1, 1, 1, 1, 1, 1, 1, 1, 1, 1, 1, 1, 1, 1, 1, 1, 1, 1, 1, 1, 1, 1, 1, 1, 1, 1, 1, 1, 1, 1, 1, 1, 1, 1, 1, 1, 1, 1, 1, 1, 1, 1, 1, 1, 1, 1, 1, 1, 1, 1, 1, 1, 1, 1, 1, 1, 1, 1, 1, 1, 1, 1, 1, 1, 1, 1, 1, 1, 1, 1, 1, 1, 1, 1, 1, 1, 1, 1, 1, 1, 1, 1, 1, 1, 1, 1, 1, 1, 1, 1, 1, 1, 1, 1, 1, 1, 1, 1, 1, 1, 1, 1, 1, 1, 1, 1, 1, 1, 1, 1, 1, 1, 1, 1, 1, 1, 1, 1, 1, 1, 1, 1, 1, 1, 1, 1, 1, 1, 1, 1, 1, 1, 1, 1, 1, 1, 1, 1, 1, 1, 1, 1, 1, 1, 1, 1, 1, 1, 1, 1, 1, 1, 1, 1, 1, 1, 1, 1, 1, 1, 1, 1, 1, 1, 1, 1, 1, 1, 1, 1, 1, 1, 1, 1, 1, 1, 1, 1, 1, 1, 1, 1, 1, 1, 1, 1, 1, 1, 1, 1, 1, 1, 1, 1, 1, 1, 1, 1, 1, 1, 1, 1, 1, 1, 1, 1, 1, 1, 1, 1, 1, 1, 1, 1, 1, 1, 1, 1, 1, 1, 1, 1, 1, 1, 1, 1, 1, 1, 1, 1, 1, 1, 1, 1, 1, 1, 1, 1, 1, 1, 1, 1, 1, 1, 1, 1, 1, 1, 1, 1, 1, 1, 1, 1, 1, 1, 1, 1, 1, 1, 1, 1, 1, 1, 1, 1, 1, 1, 1, 1, 1, 1, 1, 1, 1, 1, 1, 1, 1, 1, 1, 1, 1, 1, 1, 1, 1, 1, 1, 1, 1, 1, 1, 1, 1, 1, 1, 1, 1, 1, 1, 1, 1, 1, 1, 1, 1, 1, 1, 1, 1, 1, 1, 1, 1, 1, 1, 1, 1, 1, 1, 1, 1, 1, 1, 1, 1, 1, 1, 1, 1, 1, 1, 1, 1, 1, 1, 1, 1, 1, 1, 1, 1, 1, 1, 1, 1, 1, 1, 1, 1, 1, 1, 1, 1, 1, 1, 1, 1, 1, 1, 1, 1, 1, 1, 1, 1, 1, 1, 1, 1, 1, 1, 1, 1, 1, 1, 1, 1, 1, 1, 1, 1, 1, 1, 1, 1, 1, 1, 1, 1, 1, 1, 1, 1, 1, 1, 1, 1, 1, 1, 1, 1, 1, 1, 1, 1, 1, 1, 1, 1, 1, 1, 1, 1, 1, 1, 1, 1, 1, 1, 1, 1, 1, 1, 1, 1, 1, 1, 1, 1, 1, 1, 1, 1, 1, 1, 1, 1, 1, 1, 1, 1, 1, 1, 1, 1, 1, 1, 1, 1, 1, 1, 1, 1, 1, 1, 1, 1, 1, 1, 1, 1, 1, 1, 1, 1, 1, 1, 1, 1, 1, 1, 1, 1, 1, 1, 1, 1, 1, 1, 1, 1, 1, 1, 1, 1, 1, 1, 1, 1, 1, 1, 1, 1, 1, 1, 1, 1, 1, 1, 1, 1, 1, 1, 1, 1, 1, 1, 1, 1, 1, 1, 1, 1, 1, 1, 1, 1, 1, 1, 1, 1, 1, 1, 1, 1, 1, 1, 1, 1, 1, 1, 1, 1, 1, 1, 1, 1, 1, 1, 1, 1, 1, 1, 1, 1, 1, 1, 1, 1, 1, 1, 1, 1, 1, 1, 1, 1, 1, 1, 1, 1, 1, 1, 1, 1, 1, 1, 1, 1, 1, 1, 1, 1, 1, 1, 1, 1, 1, 1, 1, 1, 1, 1, 1, 1, 1, 1, 1, 1, 1, 1, 1, 1, 1, 1], [1, 1, 1, 1, 1, 1, 1, 1, 1, 1, 1, 1, 1, 1, 1, 1, 1, 1, 1, 1, 1, 1, 1, 1, 1, 1, 1, 1, 1, 1, 1, 1, 1, 1, 1, 1, 1, 1, 1, 1, 1, 1, 1, 1, 1, 1, 1, 1, 1, 1, 1, 1, 1, 1, 1, 1, 1, 1, 1, 1, 1, 1, 1, 1, 1, 1, 1, 1, 1, 1, 1, 1, 1, 1, 1, 1, 1, 1, 1, 1, 1, 1, 1, 1, 1, 1, 1, 1, 1, 1, 1, 1, 1, 1, 1, 1, 1, 1, 1, 1, 1, 1, 1, 1, 1, 1, 1, 1, 1, 1, 1, 1, 1, 1, 1, 1, 1, 1, 1, 1, 1, 1, 1, 1, 1, 1, 1, 1, 1, 1, 1, 1, 1, 1, 1, 1, 1, 1, 1, 1, 1, 1, 1, 1, 1, 1, 1, 1, 1, 1, 1, 1, 1, 1, 1, 1, 1, 1, 1, 1, 1, 1, 1, 1, 1, 1, 1, 1, 1, 1, 1, 1, 1, 1, 1, 1, 1, 1, 1, 1, 1, 1, 1, 1, 1, 1, 1, 1, 1, 1, 1, 1, 1, 1, 1, 1, 1, 1, 1, 1, 1, 1, 1, 1, 1, 1, 1, 1, 1, 1, 1, 1, 1, 1, 1, 1, 1, 1, 1, 1, 1, 1, 1, 1, 1, 1, 1, 1, 1, 1, 1, 1, 1, 1, 1, 1, 1, 1, 1, 1, 1, 1, 1, 1, 1, 1, 1, 1, 1, 1, 1, 1, 1, 1, 1, 1, 1, 1, 1, 1, 1, 1, 1, 1, 1, 1, 1, 1, 1, 1, 1, 1, 1, 1, 1, 1, 1, 1, 1, 1, 1, 1, 1, 1, 1, 1, 1, 1, 1, 1, 1, 1, 1, 1, 1, 1, 1, 1, 1, 1, 1, 1, 1, 1, 1, 1, 1, 1, 1, 1, 1, 1, 1, 1, 1, 1, 1, 1, 1, 1, 1, 1, 1, 1, 1, 1, 1, 1, 1, 1, 1, 1, 1, 1, 1, 1, 1, 1, 1, 1, 1, 1, 1, 1, 1, 1, 1, 1, 1, 1, 1, 1, 1, 1, 1, 1, 1, 1, 1, 1, 1, 1, 1, 1, 1, 1, 1, 1, 1, 1, 1, 1, 1, 1, 1, 1, 1, 1, 1, 1, 1, 1, 1, 1, 1, 1, 1, 1, 1, 1, 1, 1, 1, 1, 1, 1, 1, 1, 1, 1, 1, 1, 1, 1, 1, 1, 1, 1, 1, 1, 1, 1, 1, 1, 1, 1, 1, 1, 1, 1, 1, 1, 1, 1, 1, 1, 1, 1, 1, 1, 1, 1, 1, 1, 1, 1, 1, 1, 1, 1, 1, 1, 1, 1, 1, 1, 1, 1, 1, 1, 1, 1, 1, 1, 1, 1, 1, 1, 1, 1, 1, 1, 1, 1, 1, 1, 1, 1, 1, 1, 1, 1, 1, 1, 1, 1, 1, 1, 1, 1, 1, 1, 1, 1, 1, 1, 1, 1, 1, 1, 1, 1, 1, 1, 1, 1, 1, 1, 1, 1, 1, 1, 1, 1, 1, 1, 1, 1, 1, 1, 1, 1, 1, 1, 1, 1, 1, 1, 1, 1, 1, 1, 1, 1, 1, 1, 1, 1, 1, 1, 1, 1, 1, 1, 1, 1, 1, 1, 1, 1, 1, 1, 1, 1, 1, 1, 1, 1, 1, 1, 1, 1, 1, 1, 1, 1, 1, 1, 1, 1, 1, 1, 1, 1, 1, 1, 1, 1, 1, 1, 1, 1, 1, 1, 1, 1, 1, 1, 1, 1, 1, 1, 1, 1, 1, 1, 1, 1, 1, 1, 1, 1, 1, 1, 1, 1, 1, 1, 1, 1, 1, 1, 1, 1, 1, 1, 1, 1, 1, 1, 1, 1, 1, 1, 1, 1, 1, 1, 1, 1, 1, 1, 1, 1, 1, 1, 1, 1, 1, 1, 1, 1, 1, 1, 1, 1, 1, 1, 1, 1, 1, 1, 1, 1, 1, 1, 1, 1, 1, 1, 1, 1, 1, 1, 1, 1, 1, 1, 1, 1, 1, 1, 1, 1, 1, 1, 1, 1, 1, 1, 1, 1, 1, 1, 1, 1, 1, 1, 1, 1, 1, 1, 1, 1, 1, 1, 1, 1, 1, 1, 1, 1, 1, 1, 1, 1, 1, 1, 1, 1, 1, 1, 1, 1, 1, 1, 1, 1, 1, 1, 1, 1, 1, 1, 1, 1, 1, 1, 1, 1, 1, 1, 1, 1, 1, 1, 1, 1, 1, 1, 1, 1, 1, 1, 1, 1, 1, 1, 1, 1, 1, 1, 1, 1, 1, 1, 1, 1, 1, 1, 1, 1, 1, 1, 1, 1, 1, 1, 1, 1, 1, 1, 1, 1, 1, 1, 1, 1, 1, 1, 1, 1, 1, 1, 1, 1, 1, 1, 1, 1, 1, 1, 1, 1, 1, 1, 1, 1, 1, 1, 1, 1, 1, 1, 1, 1, 1, 1, 1, 1, 1, 1, 1, 1, 1, 1, 1, 1, 1, 1, 1, 1, 1, 1, 1, 1, 1, 1, 1, 1, 1, 1, 1, 1, 1, 1, 1, 1, 1, 1, 1, 1, 1, 1, 1, 1, 1, 1, 1, 1, 1, 1, 1, 1, 1, 1, 1, 1, 1, 1, 1, 1, 1, 1, 1, 1, 1, 1, 1, 1, 1, 1, 1, 1, 1, 1, 1, 1, 1, 1, 1, 1, 1, 1, 1, 1, 1, 1, 1, 1, 1, 1, 1, 1, 1, 1, 1, 1, 1, 1, 1, 1, 1, 1, 1, 1, 1, 1, 1, 1, 1, 1, 1, 1, 1, 1, 1, 1, 1, 1, 1, 1, 1, 1, 1, 1, 1, 1, 1, 1, 1, 1, 1, 1, 1, 1, 1, 1, 1, 1, 1, 1, 1, 1, 1, 1, 1, 1, 1, 1, 1, 1, 1, 1, 1, 1, 1, 1, 1, 1, 1, 1, 1, 1, 1, 1, 1, 1, 1, 1, 1, 1, 1, 1, 1, 1, 1, 1, 1, 1, 1, 1, 1, 1, 1, 1, 1, 1, 1, 1, 1, 1, 1, 1, 1, 1, 1, 1, 1, 1, 1, 1, 1, 1, 1, 1, 1, 1, 1, 1, 1, 1, 1, 1, 1, 1, 1, 1, 1, 1, 1, 1, 1, 1, 1, 1, 1, 1, 1, 1, 1, 1, 1, 1, 1, 1, 1, 1, 1, 1, 1, 1, 1, 1, 1, 1, 1, 1, 1, 1, 1, 1, 1, 1, 1, 1, 1, 1, 1, 1, 1, 1, 1, 1, 1, 1, 1, 1, 1, 1, 1, 1, 1, 1, 1, 1, 1, 1, 1, 1, 1, 1, 1, 1, 1, 1, 1, 1, 1, 1, 1, 1, 1, 1, 1, 1, 1, 1, 1, 1, 1, 1, 1, 1, 1, 1, 1, 1, 1, 1, 1, 1, 1, 1, 1, 1, 1, 1, 1, 1, 1, 1, 1, 1, 1, 1, 1, 1, 1, 1, 1, 1, 1, 1, 1, 1, 1, 1, 1, 1, 1, 1, 1, 1, 1, 1, 1, 1, 1, 1, 1, 1, 1, 1, 1, 1, 1, 1, 1, 1, 1, 1, 1, 1, 1, 1, 1, 1, 1, 1, 1, 1, 1, 1, 1, 1, 1, 1, 1, 1, 1, 1, 1, 1, 1, 1, 1, 1, 1, 1, 1, 1, 1, 1, 1, 1, 1, 1, 1, 1, 1, 1, 1, 1, 1, 1, 1, 1, 1, 1, 1, 1, 1, 1, 1, 1, 1, 1, 1, 1, 1, 1, 1, 1, 1, 1, 1, 1, 1, 1, 1, 1, 1, 1, 1, 1, 1, 1, 1, 1, 1, 1, 1, 1, 1, 1, 1, 1, 1, 1, 1, 1, 1, 1, 1, 1, 1, 1, 1, 1, 1, 1, 1, 1, 1, 1, 1, 1, 1, 1, 1, 1, 1, 1, 1, 1, 1, 1, 1, 1, 1, 1, 1, 1, 1, 1, 1, 1, 1, 1, 1, 1, 1, 1, 1, 1, 1, 1, 1, 1, 1, 1, 1, 1, 1, 1, 1, 1, 1, 1, 1, 1, 1, 1, 1, 1, 1, 1, 1, 1, 1, 1, 1, 1, 1, 1, 1, 1, 1, 1, 1, 1, 1, 1, 1, 1, 1, 1, 1, 1, 1, 1, 1, 1, 1, 1, 1, 1, 1, 1, 1, 1, 1, 1, 1, 1, 1, 1, 1, 1, 1, 1, 1, 1, 1, 1, 1, 1, 1, 1, 1, 1, 1, 1, 1, 1, 1, 1, 1, 1, 1, 1, 1, 1, 1, 1, 1, 1, 1, 1, 1, 1, 1, 1, 1, 1, 1, 1, 1, 1, 1, 1, 1, 1, 1, 1, 1, 1, 1, 1, 1, 1, 1, 1, 1, 1, 1, 1, 1, 1, 1, 1, 1, 1, 1, 1, 1, 1, 1, 1, 1, 1, 1, 1, 1, 1, 1, 1, 1, 1, 1, 1, 1, 1, 1, 1, 1, 1, 1, 1, 1, 1, 1, 1, 1, 1, 1, 1, 1, 1, 1, 1, 1, 1, 1, 1, 1, 1, 1, 1, 1, 1, 1, 1, 1, 1, 1, 1, 1, 1, 1, 1, 1, 1, 1, 1, 1, 1, 1, 1, 1, 1, 1, 1, 1, 1, 1, 1, 1, 1, 1, 1, 1, 1, 1, 1, 1, 1, 1, 1, 1, 1, 1, 1, 1, 1, 1, 1, 1, 1, 1, 1, 1, 1, 1, 1, 1, 1, 1, 1, 1, 1, 1, 1, 1, 1, 1, 1, 1, 1, 1, 1, 1, 1, 1, 1, 1, 1, 1, 1, 1, 1, 1, 1, 1, 1, 1, 1, 1, 1, 1, 1, 1, 1, 1, 1, 1, 1, 1, 1, 1, 1, 1, 1, 1, 1, 1, 1, 1, 1, 1, 1, 1, 1, 1, 1, 1, 1, 1, 1, 1, 1, 1, 1, 1, 1, 1, 1, 1, 1, 1, 1, 1, 1, 1, 1, 1, 1, 1, 1, 1, 1, 1, 1, 1, 1, 1, 1, 1, 1, 1, 1, 1, 1, 1, 1, 1, 1, 1, 1, 1, 1, 1, 1, 1, 1, 1, 1, 1, 1, 1, 1, 1, 1, 1, 1, 1, 1, 1, 1, 1, 1, 1, 1, 1, 1, 1, 1, 1, 1, 1, 1, 1, 1, 1, 1, 1, 1, 1, 1, 1, 1, 1, 1], [1, 1, 1, 1, 1, 1, 1, 1, 1, 1, 1, 1, 1, 1, 1, 1, 1, 1, 1, 1, 1, 1, 1, 1, 1, 1, 1, 1, 1, 1, 1, 1, 1, 1, 1, 1, 1, 1, 1, 1, 1, 1, 1, 1, 1, 1, 1, 1, 1, 1, 1, 1, 1, 1, 1, 1, 1, 1, 1, 1, 1, 1, 1, 1, 1, 1, 1, 1, 1, 1, 1, 1, 1, 1, 1, 1, 1, 1, 1, 1, 1, 1, 1, 1, 1, 1, 1, 1, 1, 1, 1, 1, 1, 1, 1, 1, 1, 1, 1, 1, 1, 1, 1, 1, 1, 1, 1, 1, 1, 1, 1, 1, 1, 1, 1, 1, 1, 1, 1, 1, 1, 1, 1, 1, 1, 1, 1, 1, 1, 1, 1, 1, 1, 1, 1, 1, 1, 1, 1, 1, 1, 1, 1, 1, 1, 1, 1, 1, 1, 1, 1, 1, 1, 1, 1, 1, 1, 1, 1, 1, 1, 1, 1, 1, 1, 1, 1, 1, 1, 1, 1, 1, 1, 1, 1, 1, 1, 1, 1, 1, 1, 1, 1, 1, 1, 1, 1, 1, 1, 1, 1, 1, 1, 1, 1, 1, 1, 1, 1, 1, 1, 1, 1, 1, 1, 1, 1, 1, 1, 1, 1, 1, 1, 1, 1, 1, 1, 1, 1, 1, 1, 1, 1, 1, 1, 1, 1, 1, 1, 1, 1, 1, 1, 1, 1, 1, 1, 1, 1, 1, 1, 1, 1, 1, 1, 1, 1, 1, 1, 1, 1, 1, 1, 1, 1, 1, 1, 1, 1, 1, 1, 1, 1, 1, 1, 1, 1, 1, 1, 1, 1, 1, 1, 1, 1, 1, 1, 1, 1, 1, 1, 1, 1, 1, 1, 1, 1, 1, 1, 1, 1, 1, 1, 1, 1, 1, 1, 1, 1, 1, 1, 1, 1, 1, 1, 1, 1, 1, 1, 1, 1, 1, 1, 1, 1, 1, 1, 1, 1, 1, 1, 1, 1, 1, 1, 1, 1, 1, 1, 1, 1, 1, 1, 1, 1, 1, 1, 1, 1, 1, 1, 1, 1, 1, 1, 1, 1, 1, 1, 1, 1, 1, 1, 1, 1, 1, 1, 1, 1, 1, 1, 1, 1, 1, 1, 1, 1, 1, 1, 1, 1, 1, 1, 1, 1, 1, 1, 1, 1, 1, 1, 1, 1, 1, 1, 1, 1, 1, 1, 1, 1, 1, 1, 1, 1, 1, 1, 1, 1, 1, 1, 1, 1, 1, 1, 1, 1, 1, 1, 1, 1, 1, 1, 1, 1, 1, 1, 1, 1, 1, 1, 1, 1, 1, 1, 1, 1, 1, 1, 1, 1, 1, 1, 1, 1, 1, 1, 1, 1, 1, 1, 1, 1, 1, 1, 1, 1, 1, 1, 1, 1, 1, 1, 1, 1, 1, 1, 1, 1, 1, 1, 1, 1, 1, 1, 1, 1, 1, 1, 1, 1, 1, 1, 1, 1, 1, 1, 1, 1, 1, 1, 1, 1, 1, 1, 1, 1, 1, 1, 1, 1, 1, 1, 1, 1, 1, 1, 1, 1, 1, 1, 1, 1, 1, 1, 1, 1, 1, 1, 1, 1, 1, 1, 1, 1, 1, 1, 1, 1, 1, 1, 1, 1, 1, 1, 1, 1, 1, 1, 1, 1, 1, 1, 1, 1, 1, 1, 1, 1, 1, 1, 1, 1, 1, 1, 1, 1, 1, 1, 1, 1, 1, 1, 1, 1, 1, 1, 1, 1, 1, 1, 1, 1, 1, 1, 1, 1, 1, 1, 1, 1, 1, 1, 1, 1, 1, 1, 1, 1, 1, 1, 1, 1, 1, 1, 1, 1, 1, 1, 1, 1, 1, 1, 1, 1, 1, 1, 1, 1, 1, 1, 1, 1, 1, 1, 1, 1, 1, 1, 1, 1, 1, 1, 1, 1, 1, 1, 1, 1, 1, 1, 1, 1, 1, 1, 1, 1, 1, 1, 1, 1, 1, 1, 1, 1, 1, 1, 1, 1, 1, 1, 1, 1, 1, 1, 1, 1, 1, 1, 1, 1, 1, 1, 1, 1, 1, 1, 1, 1, 1, 1, 1, 1, 1, 1, 1, 1, 1, 1, 1, 1, 1, 1, 1, 1, 1, 1, 1, 1, 1, 1, 1, 1, 1, 1, 1, 1, 1, 1, 1, 1, 1, 1, 1, 1, 1, 1, 1, 1, 1, 1, 1, 1, 1, 1, 1, 1, 1, 1, 1, 1, 1, 1, 1, 1, 1, 1, 1, 1, 1, 1, 1, 1, 1, 1, 1, 1, 1, 1, 1, 1, 1, 1, 1, 1, 1, 1, 1, 1, 1, 1, 1, 1, 1, 1, 1, 1, 1, 1, 1, 1, 1, 1, 1, 1, 1, 1, 1, 1, 1, 1, 1, 1, 1, 1, 1, 1, 1, 1, 1, 1, 1, 1, 1, 1, 1, 1, 1, 1, 1, 1, 1, 1, 1, 1, 1, 1, 1, 1, 1, 1, 1, 1, 1, 1, 1, 1, 1, 1, 1, 1, 1, 1, 1, 1, 1, 1, 1, 1, 1, 1, 1, 1, 1, 1, 1, 1, 1, 1, 1, 1, 1, 1, 1, 1, 1, 1, 1, 1, 1, 1, 1, 1, 1, 1, 1, 1, 1, 1, 1, 1, 1, 1, 1, 1, 1, 1, 1, 1, 1, 1, 1, 1, 1, 1, 1, 1, 1, 1, 1, 1, 1, 1, 1, 1, 1, 1, 1, 1, 1, 1, 1, 1, 1, 1, 1, 1, 1, 1, 1, 1, 1, 1, 1, 1, 1, 1, 1, 1, 1, 1, 1, 1, 1, 1, 1, 1, 1, 1, 1, 1, 1, 1, 1, 1, 1, 1, 1, 1, 1, 1, 1, 1, 1, 1, 1, 1, 1, 1, 1, 1, 1, 1, 1, 1, 1, 1, 1, 1, 1, 1, 1, 1, 1, 1, 1, 1, 1, 1, 1, 1, 1, 1, 1, 1, 1, 1, 1, 1, 1, 1, 1, 1, 1, 1, 1, 1, 1, 1, 1, 1, 1, 1, 1, 1, 1, 1, 1, 1, 1, 1, 1, 1, 1, 1, 1, 1, 1, 1, 1, 1, 1, 1, 1, 1, 1, 1, 1, 1, 1, 1, 1, 1, 1, 1, 1, 1, 1, 1, 1, 1, 1, 1, 1, 1, 1, 1, 1, 1, 1, 1, 1, 1, 1, 1, 1, 1, 1, 1, 1, 1, 1, 1, 1, 1, 1, 1, 1, 1, 1, 1, 1, 1, 1, 1, 1, 1, 1, 1, 1, 1, 1, 1, 1, 1, 1, 1, 1, 1, 1, 1, 1, 1, 1, 1, 1, 1, 1, 1, 1, 1, 1, 1, 1, 1, 1, 1, 1, 1, 1, 1, 1, 1, 1, 1, 1, 1, 1, 1, 1, 1, 1, 1, 1, 1, 1, 1, 1, 1, 1, 1, 1, 1, 1, 1, 1, 1, 1, 1, 1, 1, 1, 1, 1, 1, 1, 1, 1, 1, 1, 1, 1, 1, 1, 1, 1, 1, 1, 1, 1, 1, 1, 1, 1, 1, 1, 1, 1, 1, 1, 1, 1, 1, 1, 1, 1, 1, 1, 1, 1, 1, 1, 1, 1, 1, 1, 1, 1, 1, 1, 1, 1, 1, 1, 1, 1, 1, 1, 1, 1, 1, 1, 1, 1, 1, 1, 1, 1, 1, 1, 1, 1, 1, 1, 1, 1, 1, 1, 1, 1, 1, 1, 1, 1, 1, 1, 1, 1, 1, 1, 1, 1, 1, 1, 1, 1, 1, 1, 1, 1, 1, 1, 1, 1, 1, 1, 1, 1, 1, 1, 1, 1, 1, 1, 1, 1, 1, 1, 1, 1, 1, 1, 1, 1, 1, 1, 1, 1, 1, 1, 1, 1, 1, 1, 1, 1, 1, 1, 1, 1, 1, 1, 1, 1, 1, 1, 1, 1, 1, 1, 1, 1, 1, 1, 1, 1, 1, 1, 1, 1, 1, 1, 1, 1, 1, 1, 1, 1, 1, 1, 1, 1, 1, 1, 1, 1, 1, 1, 1, 1, 1, 1, 1, 1, 1, 1, 1, 1, 1, 1, 1, 1, 1, 1, 1, 1, 1, 1, 1, 1, 1, 1, 1, 1, 1, 1, 1, 1, 1, 1, 1, 1, 1, 1, 1, 1, 1, 1, 1, 1, 1, 1, 1, 1, 1, 1, 1, 1, 1, 1, 1, 1, 1, 1, 1, 1, 1, 1, 1, 1, 1, 1, 1, 1, 1, 1, 1, 1, 1, 1, 1, 1, 1, 1, 1, 1, 1, 1, 1, 1, 1, 1, 1, 1, 1, 1, 1, 1, 1, 1, 1, 1, 1, 1, 1, 1, 1, 1, 1, 1, 1, 1, 1, 1, 1, 1, 1, 1, 1, 1, 1, 1, 1, 1, 1, 1, 1, 1, 1, 1, 1, 1, 1, 1, 1, 1, 1, 1, 1, 1, 1, 1, 1, 1, 1, 1, 1, 1, 1, 1, 1, 1, 1, 1, 1, 1, 1, 1, 1, 1, 1, 1, 1, 1, 1, 1, 1, 1, 1, 1, 1, 1, 1, 1, 1, 1, 1, 1, 1, 1, 1, 1, 1, 1, 1, 1, 1, 1, 1, 1, 1, 1, 1, 1, 1, 1, 1, 1, 1, 1, 1, 1, 1, 1, 1, 1, 1, 1, 1, 1, 1, 1, 1, 1, 1, 1, 1, 1, 1, 1, 1, 1, 1, 1, 1, 1, 1, 1, 1, 1, 1, 1, 1, 1, 1, 1, 1, 1, 1, 1, 1, 1, 1, 1, 1, 1, 1, 1, 1, 1, 1, 1, 1, 1, 1, 1, 1, 1, 1, 1, 1, 1, 1, 1, 1, 1, 1, 1, 1, 1, 1, 1, 1, 1, 1, 1, 1, 1, 1, 1, 1, 1, 1, 1, 1, 1, 1, 1, 1, 1, 1, 1, 1, 1, 1, 1, 1, 1, 1, 1, 1, 1, 1, 1, 1, 1, 1, 1, 1, 1, 1, 1, 1, 1, 1, 1, 1, 1, 1, 1, 1, 1, 1, 1, 1, 1, 1, 1, 1, 1, 1, 1, 1, 1, 1, 1, 1, 1, 1, 1, 1, 1, 1, 1, 1, 1, 1, 1, 1, 1, 1, 1, 1, 1, 1, 1, 1, 1, 1, 1, 1, 1, 1, 1, 1, 1, 1, 1, 1, 1, 1, 1, 1, 1, 1, 1, 1, 1, 1, 1, 1, 1, 1, 1, 1, 1, 1, 1, 1, 1, 1, 1, 1, 1], [1, 1, 1, 1, 1, 1, 1, 1, 1, 1, 1, 1, 1, 1, 1, 1, 1, 1, 1, 1, 1, 1, 1, 1, 1, 1, 1, 1, 1, 1, 1, 1, 1, 1, 1, 1, 1, 1, 1, 1, 1, 1, 1, 1, 1, 1, 1, 1, 1, 1, 1, 1, 1, 1, 1, 1, 1, 1, 1, 1, 1, 1, 1, 1, 1, 1, 1, 1, 1, 1, 1, 1, 1, 1, 1, 1, 1, 1, 1, 1, 1, 1, 1, 1, 1, 1, 1, 1, 1, 1, 1, 1, 1, 1, 1, 1, 1, 1, 1, 1, 1, 1, 1, 1, 1, 1, 1, 1, 1, 1, 1, 1, 1, 1, 1, 1, 1, 1, 1, 1, 1, 1, 1, 1, 1, 1, 1, 1, 1, 1, 1, 1, 1, 1, 1, 1, 1, 1, 1, 1, 1, 1, 1, 1, 1, 1, 1, 1, 1, 1, 1, 1, 1, 1, 1, 1, 1, 1, 1, 1, 1, 1, 1, 1, 1, 1, 1, 1, 1, 1, 1, 1, 1, 1, 1, 1, 1, 1, 1, 1, 1, 1, 1, 1, 1, 1, 1, 1, 1, 1, 1, 1, 1, 1, 1, 1, 1, 1, 1, 1, 1, 1, 1, 1, 1, 1, 1, 1, 1, 1, 1, 1, 1, 1, 1, 1, 1, 1, 1, 1, 1, 1, 1, 1, 1, 1, 1, 1, 1, 1, 1, 1, 1, 1, 1, 1, 1, 1, 1, 1, 1, 1, 1, 1, 1, 1, 1, 1, 1, 1, 1, 1, 1, 1, 1, 1, 1, 1, 1, 1, 1, 1, 1, 1, 1, 1, 1, 1, 1, 1, 1, 1, 1, 1, 1, 1, 1, 1, 1, 1, 1, 1, 1, 1, 1, 1, 1, 1, 1, 1, 1, 1, 1, 1, 1, 1, 1, 1, 1, 1, 1, 1, 1, 1, 1, 1, 1, 1, 1, 1, 1, 1, 1, 1, 1, 1, 1, 1, 1, 1, 1, 1, 1, 1, 1, 1, 1, 1, 1, 1, 1, 1, 1, 1, 1, 1, 1, 1, 1, 1, 1, 1, 1, 1, 1, 1, 1, 1, 1, 1, 1, 1, 1, 1, 1, 1, 1, 1, 1, 1, 1, 1, 1, 1, 1, 1, 1, 1, 1, 1, 1, 1, 1, 1, 1, 1, 1, 1, 1, 1, 1, 1, 1, 1, 1, 1, 1, 1, 1, 1, 1, 1, 1, 1, 1, 1, 1, 1, 1, 1, 1, 1, 1, 1, 1, 1, 1, 1, 1, 1, 1, 1, 1, 1, 1, 1, 1, 1, 1, 1, 1, 1, 1, 1, 1, 1, 1, 1, 1, 1, 1, 1, 1, 1, 1, 1, 1, 1, 1, 1, 1, 1, 1, 1, 1, 1, 1, 1, 1, 1, 1, 1, 1, 1, 1, 1, 1, 1, 1, 1, 1, 1, 1, 1, 1, 1, 1, 1, 1, 1, 1, 1, 1, 1, 1, 1, 1, 1, 1, 1, 1, 1, 1, 1, 1, 1, 1, 1, 1, 1, 1, 1, 1, 1, 1, 1, 1, 1, 1, 1, 1, 1, 1, 1, 1, 1, 1, 1, 1, 1, 1, 1, 1, 1, 1, 1, 1, 1, 1, 1, 1, 1, 1, 1, 1, 1, 1, 1, 1, 1, 1, 1, 1, 1, 1, 1, 1, 1, 1, 1, 1, 1, 1, 1, 1, 1, 1, 1, 1, 1, 1, 1, 1, 1, 1, 1, 1, 1, 1, 1, 1, 1, 1, 1, 1, 1, 1, 1, 1, 1, 1, 1, 1, 1, 1, 1, 1, 1, 1, 1, 1, 1, 1, 1, 1, 1, 1, 1, 1, 1, 1, 1, 1, 1, 1, 1, 1, 1, 1, 1, 1, 1, 1, 1, 1, 1, 1, 1, 1, 1, 1, 1, 1, 1, 1, 1, 1, 1, 1, 1, 1, 1, 1, 1, 1, 1, 1, 1, 1, 1, 1, 1, 1, 1, 1, 1, 1, 1, 1, 1, 1, 1, 1, 1, 1, 1, 1, 1, 1, 1, 1, 1, 1, 1, 1, 1, 1, 1, 1, 1, 1, 1, 1, 1, 1, 1, 1, 1, 1, 1, 1, 1, 1, 1, 1, 1, 1, 1, 1, 1, 1, 1, 1, 1, 1, 1, 1, 1, 1, 1, 1, 1, 1, 1, 1, 1, 1, 1, 1, 1, 1, 1, 1, 1, 1, 1, 1, 1, 1, 1, 1, 1, 1, 1, 1, 1, 1, 1, 1, 1, 1, 1, 1, 1, 1, 1, 1, 1, 1, 1, 1, 1, 1, 1, 1, 1, 1, 1, 1, 1, 1, 1, 1, 1, 1, 1, 1, 1, 1, 1, 1, 1, 1, 1, 1, 1, 1, 1, 1, 1, 1, 1, 1, 1, 1, 1, 1, 1, 1, 1, 1, 1, 1, 1, 1, 1, 1, 1, 1, 1, 1, 1, 1, 1, 1, 1, 1, 1, 1, 1, 1, 1, 1, 1, 1, 1, 1, 1, 1, 1, 1, 1, 1, 1, 1, 1, 1, 1, 1, 1, 1, 1, 1, 1, 1, 1, 1, 1, 1, 1, 1, 1, 1, 1, 1, 1, 1, 1, 1, 1, 1, 1, 1, 1, 1, 1, 1, 1, 1, 1, 1, 1, 1, 1, 1, 1, 1, 1, 1, 1, 1, 1, 1, 1, 1, 1, 1, 1, 1, 1, 1, 1, 1, 1, 1, 1, 1, 1, 1, 1, 1, 1, 1, 1, 1, 1, 1, 1, 1, 1, 1, 1, 1, 1, 1, 1, 1, 1, 1, 1, 1, 1, 1, 1, 1, 1, 1, 1, 1, 1, 1, 1, 1, 1, 1, 1, 1, 1, 1, 1, 1, 1, 1, 1, 1, 1, 1, 1, 1, 1, 1, 1, 1, 1, 1, 1, 1, 1, 1, 1, 1, 1, 1, 1, 1, 1, 1, 1, 1, 1, 1, 1, 1, 1, 1, 1, 1, 1, 1, 1, 1, 1, 1, 1, 1, 1, 1, 1, 1, 1, 1, 1, 1, 1, 1, 1, 1, 1, 1, 1, 1, 1, 1, 1, 1, 1, 1, 1, 1, 1, 1, 1, 1, 1, 1, 1, 1, 1, 1, 1, 1, 1, 1, 1, 1, 1, 1, 1, 1, 1, 1, 1, 1, 1, 1, 1, 1, 1, 1, 1, 1, 1, 1, 1, 1, 1, 1, 1, 1, 1, 1, 1, 1, 1, 1, 1, 1, 1, 1, 1, 1, 1, 1, 1, 1, 1, 1, 1, 1, 1, 1, 1, 1, 1, 1, 1, 1, 1, 1, 1, 1, 1, 1, 1, 1, 1, 1, 1, 1, 1, 1, 1, 1, 1, 1, 1, 1, 1, 1, 1, 1, 1, 1, 1, 1, 1, 1, 1, 1, 1, 1, 1, 1, 1, 1, 1, 1, 1, 1, 1, 1, 1, 1, 1, 1, 1, 1, 1, 1, 1, 1, 1, 1, 1, 1, 1, 1, 1, 1, 1, 1, 1, 1, 1, 1, 1, 1, 1, 1, 1, 1, 1, 1, 1, 1, 1, 1, 1, 1, 1, 1, 1, 1, 1, 1, 1, 1, 1, 1, 1, 1, 1, 1, 1, 1, 1, 1, 1, 1, 1, 1, 1, 1, 1, 1, 1, 1, 1, 1, 1, 1, 1, 1, 1, 1, 1, 1, 1, 1, 1, 1, 1, 1, 1, 1, 1, 1, 1, 1, 1, 1, 1, 1, 1, 1, 1, 1, 1, 1, 1, 1, 1, 1, 1, 1, 1, 1, 1, 1, 1, 1, 1, 1, 1, 1, 1, 1, 1, 1, 1, 1, 1, 1, 1, 1, 1, 1, 1, 1, 1, 1, 1, 1, 1, 1, 1, 1, 1, 1, 1, 1, 1, 1, 1, 1, 1, 1, 1, 1, 1, 1, 1, 1, 1, 1, 1, 1, 1, 1, 1, 1, 1, 1, 1, 1, 1, 1, 1, 1, 1, 1, 1, 1, 1, 1, 1, 1, 1, 1, 1, 1, 1, 1, 1, 1, 1, 1, 1, 1, 1, 1, 1, 1, 1, 1, 1, 1, 1, 1, 1, 1, 1, 1, 1, 1, 1, 1, 1, 1, 1, 1, 1, 1, 1, 1, 1, 1, 1, 1, 1, 1, 1, 1, 1, 1, 1, 1, 1, 1, 1, 1, 1, 1, 1, 1, 1, 1, 1, 1, 1, 1, 1, 1, 1, 1, 1, 1, 1, 1, 1, 1, 1, 1, 1, 1, 1, 1, 1, 1, 1, 1, 1, 1, 1, 1, 1, 1, 1, 1, 1, 1, 1, 1, 1, 1, 1, 1, 1, 1, 1, 1, 1, 1, 1, 1, 1, 1, 1, 1, 1, 1, 1, 1, 1, 1, 1, 1, 1, 1, 1, 1, 1, 1, 1, 1, 1, 1, 1, 1, 1, 1, 1, 1, 1, 1, 1, 1, 1, 1, 1, 1, 1, 1, 1, 1, 1, 1, 1, 1, 1, 1, 1, 1, 1, 1, 1, 1, 1, 1, 1, 1, 1, 1, 1, 1, 1, 1, 1, 1, 1, 1, 1, 1, 1, 1, 1, 1, 1, 1, 1, 1, 1, 1, 1, 1, 1, 1, 1, 1, 1, 1, 1, 1, 1, 1, 1, 1, 1, 1, 1, 1, 1, 1, 1, 1, 1, 1, 1, 1, 1, 1, 1, 1, 1, 1, 1, 1, 1, 1, 1, 1, 1, 1, 1, 1, 1, 1, 1, 1, 1, 1, 1, 1, 1, 1, 1, 1, 1, 1, 1, 1, 1, 1, 1, 1, 1, 1, 1, 1, 1, 1, 1, 1, 1, 1, 1, 1, 1, 1, 1, 1, 1, 1, 1, 1, 1, 1, 1, 1, 1, 1, 1, 1, 1, 1, 1, 1, 1, 1, 1, 1, 1, 1, 1, 1, 1, 1, 1, 1, 1, 1, 1, 1, 1, 1, 1, 1, 1, 1, 1, 1, 1, 1, 1, 1, 1, 1, 1, 1, 1, 1, 1, 1, 1, 1, 1, 1, 1, 1, 1, 1, 1, 1, 1, 1, 1, 1, 1, 1, 1, 1, 1, 1, 1, 1, 1, 1, 1, 1, 1, 1, 1, 1, 1, 1, 1, 1, 1, 1, 1, 1, 1, 1, 1, 1, 1, 1, 1, 1, 1, 1, 1, 1, 1, 1, 1, 1, 1, 1, 1, 1, 1, 1, 1, 1, 1, 1, 1, 1, 1, 1, 1, 1, 1, 1, 1, 1, 1, 1, 1, 1, 1, 1, 1], [1, 1, 1, 1, 1, 1, 1, 1, 1, 1, 1, 1, 1, 1, 1, 1, 1, 1, 1, 1, 1, 1, 1, 1, 1, 1, 1, 1, 1, 1, 1, 1, 1, 1, 1, 1, 1, 1, 1, 1, 1, 1, 1, 1, 1, 1, 1, 1, 1, 1, 1, 1, 1, 1, 1, 1, 1, 1, 1, 1, 1, 1, 1, 1, 1, 1, 1, 1, 1, 1, 1, 1, 1, 1, 1, 1, 1, 1, 1, 1, 1, 1, 1, 1, 1, 1, 1, 1, 1, 1, 1, 1, 1, 1, 1, 1, 1, 1, 1, 1, 1, 1, 1, 1, 1, 1, 1, 1, 1, 1, 1, 1, 1, 1, 1, 1, 1, 1, 1, 1, 1, 1, 1, 1, 1, 1, 1, 1, 1, 1, 1, 1, 1, 1, 1, 1, 1, 1, 1, 1, 1, 1, 1, 1, 1, 1, 1, 1, 1, 1, 1, 1, 1, 1, 1, 1, 1, 1, 1, 1, 1, 1, 1, 1, 1, 1, 1, 1, 1, 1, 1, 1, 1, 1, 1, 1, 1, 1, 1, 1, 1, 1, 1, 1, 1, 1, 1, 1, 1, 1, 1, 1, 1, 1, 1, 1, 1, 1, 1, 1, 1, 1, 1, 1, 1, 1, 1, 1, 1, 1, 1, 1, 1, 1, 1, 1, 1, 1, 1, 1, 1, 1, 1, 1, 1, 1, 1, 1, 1, 1, 1, 1, 1, 1, 1, 1, 1, 1, 1, 1, 1, 1, 1, 1, 1, 1, 1, 1, 1, 1, 1, 1, 1, 1, 1, 1, 1, 1, 1, 1, 1, 1, 1, 1, 1, 1, 1, 1, 1, 1, 1, 1, 1, 1, 1, 1, 1, 1, 1, 1, 1, 1, 1, 1, 1, 1, 1, 1, 1, 1, 1, 1, 1, 1, 1, 1, 1, 1, 1, 1, 1, 1, 1, 1, 1, 1, 1, 1, 1, 1, 1, 1, 1, 1, 1, 1, 1, 1, 1, 1, 1, 1, 1, 1, 1, 1, 1, 1, 1, 1, 1, 1, 1, 1, 1, 1, 1, 1, 1, 1, 1, 1, 1, 1, 1, 1, 1, 1, 1, 1, 1, 1, 1, 1, 1, 1, 1, 1, 1, 1, 1, 1, 1, 1, 1, 1, 1, 1, 1, 1, 1, 1, 1, 1, 1, 1, 1, 1, 1, 1, 1, 1, 1, 1, 1, 1, 1, 1, 1, 1, 1, 1, 1, 1, 1, 1, 1, 1, 1, 1, 1, 1, 1, 1, 1, 1, 1, 1, 1, 1, 1, 1, 1, 1, 1, 1, 1, 1, 1, 1, 1, 1, 1, 1, 1, 1, 1, 1, 1, 1, 1, 1, 1, 1, 1, 1, 1, 1, 1, 1, 1, 1, 1, 1, 1, 1, 1, 1, 1, 1, 1, 1, 1, 1, 1, 1, 1, 1, 1, 1, 1, 1, 1, 1, 1, 1, 1, 1, 1, 1, 1, 1, 1, 1, 1, 1, 1, 1, 1, 1, 1, 1, 1, 1, 1, 1, 1, 1, 1, 1, 1, 1, 1, 1, 1, 1, 1, 1, 1, 1, 1, 1, 1, 1, 1, 1, 1, 1, 1, 1, 1, 1, 1, 1, 1, 1, 1, 1, 1, 1, 1, 1, 1, 1, 1, 1, 1, 1, 1, 1, 1, 1, 1, 1, 1, 1, 1, 1, 1, 1, 1, 1, 1, 1, 1, 1, 1, 1, 1, 1, 1, 1, 1, 1, 1, 1, 1, 1, 1, 1, 1, 1, 1, 1, 1, 1, 1, 1, 1, 1, 1, 1, 1, 1, 1, 1, 1, 1, 1, 1, 1, 1, 1, 1, 1, 1, 1, 1, 1, 1, 1, 1, 1, 1, 1, 1, 1, 1, 1, 1, 1, 1, 1, 1, 1, 1, 1, 1, 1, 1, 1, 1, 1, 1, 1, 1, 1, 1, 1, 1, 1, 1, 1, 1, 1, 1, 1, 1, 1, 1, 1, 1, 1, 1, 1, 1, 1, 1, 1, 1, 1, 1, 1, 1, 1, 1, 1, 1, 1, 1, 1, 1, 1, 1, 1, 1, 1, 1, 1, 1, 1, 1, 1, 1, 1, 1, 1, 1, 1, 1, 1, 1, 1, 1, 1, 1, 1, 1, 1, 1, 1, 1, 1, 1, 1, 1, 1, 1, 1, 1, 1, 1, 1, 1, 1, 1, 1, 1, 1, 1, 1, 1, 1, 1, 1, 1, 1, 1, 1, 1, 1, 1, 1, 1, 1, 1, 1, 1, 1, 1, 1, 1, 1, 1, 1, 1, 1, 1, 1, 1, 1, 1, 1, 1, 1, 1, 1, 1, 1, 1, 1, 1, 1, 1, 1, 1, 1, 1, 1, 1, 1, 1, 1, 1, 1, 1, 1, 1, 1, 1, 1, 1, 1, 1, 1, 1, 1, 1, 1, 1, 1, 1, 1, 1, 1, 1, 1, 1, 1, 1, 1, 1, 1, 1, 1, 1, 1, 1, 1, 1, 1, 1, 1, 1, 1, 1, 1, 1, 1, 1, 1, 1, 1, 1, 1, 1, 1, 1, 1, 1, 1, 1, 1, 1, 1, 1, 1, 1, 1, 1, 1, 1, 1, 1, 1, 1, 1, 1, 1, 1, 1, 1, 1, 1, 1, 1, 1, 1, 1, 1, 1, 1, 1, 1, 1, 1, 1, 1, 1, 1, 1, 1, 1, 1, 1, 1, 1, 1, 1, 1, 1, 1, 1, 1, 1, 1, 1, 1, 1, 1, 1, 1, 1, 1, 1, 1, 1, 1, 1, 1, 1, 1, 1, 1, 1, 1, 1, 1, 1, 1, 1, 1, 1, 1, 1, 1, 1, 1, 1, 1, 1, 1, 1, 1, 1, 1, 1, 1, 1, 1, 1, 1, 1, 1, 1, 1, 1, 1, 1, 1, 1, 1, 1, 1, 1, 1, 1, 1, 1, 1, 1, 1, 1, 1, 1, 1, 1, 1, 1, 1, 1, 1, 1, 1, 1, 1, 1, 1, 1, 1, 1, 1, 1, 1, 1, 1, 1, 1, 1, 1, 1, 1, 1, 1, 1, 1, 1, 1, 1, 1, 1, 1, 1, 1, 1, 1, 1, 1, 1, 1, 1, 1, 1, 1, 1, 1, 1, 1, 1, 1, 1, 1, 1, 1, 1, 1, 1, 1, 1, 1, 1, 1, 1, 1, 1, 1, 1, 1, 1, 1, 1, 1, 1, 1, 1, 1, 1, 1, 1, 1, 1, 1, 1, 1, 1, 1, 1, 1, 1, 1, 1, 1, 1, 1, 1, 1, 1, 1, 1, 1, 1, 1, 1, 1, 1, 1, 1, 1, 1, 1, 1, 1, 1, 1, 1, 1, 1, 1, 1, 1, 1, 1, 1, 1, 1, 1, 1, 1, 1, 1, 1, 1, 1, 1, 1, 1, 1, 1, 1, 1, 1, 1, 1, 1, 1, 1, 1, 1, 1, 1, 1, 1, 1, 1, 1, 1, 1, 1, 1, 1, 1, 1, 1, 1, 1, 1, 1, 1, 1, 1, 1, 1, 1, 1, 1, 1, 1, 1, 1, 1, 1, 1, 1, 1, 1, 1, 1, 1, 1, 1, 1, 1, 1, 1, 1, 1, 1, 1, 1, 1, 1, 1, 1, 1, 1, 1, 1, 1, 1, 1, 1, 1, 1, 1, 1, 1, 1, 1, 1, 1, 1, 1, 1, 1, 1, 1, 1, 1, 1, 1, 1, 1, 1, 1, 1, 1, 1, 1, 1, 1, 1, 1, 1, 1, 1, 1, 1, 1, 1, 1, 1, 1, 1, 1, 1, 1, 1, 1, 1, 1, 1, 1, 1, 1, 1, 1, 1, 1, 1, 1, 1, 1, 1, 1, 1, 1, 1, 1, 1, 1, 1, 1, 1, 1, 1, 1, 1, 1, 1, 1, 1, 1, 1, 1, 1, 1, 1, 1, 1, 1, 1, 1, 1, 1, 1, 1, 1, 1, 1, 1, 1, 1, 1, 1, 1, 1, 1, 1, 1, 1, 1, 1, 1, 1, 1, 1, 1, 1, 1, 1, 1, 1, 1, 1, 1, 1, 1, 1, 1, 1, 1, 1, 1, 1, 1, 1, 1, 1, 1, 1, 1, 1, 1, 1, 1, 1, 1, 1, 1, 1, 1, 1, 1, 1, 1, 1, 1, 1, 1, 1, 1, 1, 1, 1, 1, 1, 1, 1, 1, 1, 1, 1, 1, 1, 1, 1, 1, 1, 1, 1, 1, 1, 1, 1, 1, 1, 1, 1, 1, 1, 1, 1, 1, 1, 1, 1, 1, 1, 1, 1, 1, 1, 1, 1, 1, 1, 1, 1, 1, 1, 1, 1, 1, 1, 1, 1, 1, 1, 1, 1, 1, 1, 1, 1, 1, 1, 1, 1, 1, 1, 1, 1, 1, 1, 1, 1, 1, 1, 1, 1, 1, 1, 1, 1, 1, 1, 1, 1, 1, 1, 1, 1, 1, 1, 1, 1, 1, 1, 1, 1, 1, 1, 1, 1, 1, 1, 1, 1, 1, 1, 1, 1, 1, 1, 1, 1, 1, 1, 1, 1, 1, 1, 1, 1, 1, 1, 1, 1, 1, 1, 1, 1, 1, 1, 1, 1, 1, 1, 1, 1, 1, 1, 1, 1, 1, 1, 1, 1, 1, 1, 1, 1, 1, 1, 1, 1, 1, 1, 1, 1, 1, 1, 1, 1, 1, 1, 1, 1, 1, 1, 1, 1, 1, 1, 1, 1, 1, 1, 1, 1, 1, 1, 1, 1, 1, 1, 1, 1, 1, 1, 1, 1, 1, 1, 1, 1, 1, 1, 1, 1, 1, 1, 1, 1, 1, 1, 1, 1, 1, 1, 1, 1, 1, 1, 1, 1, 1, 1, 1, 1, 1, 1, 1, 1, 1, 1, 1, 1, 1, 1, 1, 1, 1, 1, 1, 1, 1, 1, 1, 1, 1, 1, 1, 1, 1, 1, 1, 1, 1, 1, 1, 1, 1, 1, 1, 1, 1, 1, 1, 1, 1, 1, 1, 1, 1, 1, 1, 1, 1, 1, 1, 1, 1, 1, 1, 1, 1, 1, 1, 1, 1, 1, 1, 1, 1, 1, 1, 1, 1, 1, 1, 1, 1, 1, 1, 1, 1, 1, 1, 1, 1, 1, 1, 1, 1, 1, 1, 1, 1, 1, 1, 1, 1, 1, 1, 1, 1, 1, 1, 1, 1, 1, 1, 1, 1, 1, 1, 1, 1, 1, 1, 1, 1, 1, 1, 1, 1, 1, 1, 1, 1, 1, 1, 1, 1, 1, 1, 1, 1, 1, 1, 1, 1, 1, 1, 1, 1, 1, 1, 1]]
  data_path ....................................... None
  dataloader_type ................................. single
  DDP_impl ........................................ local
  decoder_seq_length .............................. None
  distribute_checkpointed_activations ............. False
  distributed_backend ............................. nccl
  embedding_path .................................. None
  empty_unused_memory_level ....................... 0
  encoder_seq_length .............................. 2048
  eod_mask_loss ................................... False
  eval_interval ................................... 1000
  eval_iters ...................................... 0
  evidence_data_path .............................. None
  exit_duration_in_mins ........................... None
  exit_interval ................................... None
  ffn_hidden_size ................................. 2048
  finetune ........................................ False
  flexpipe_config ................................. /home/liminglong.lml/sxz/SuperScaler/logs-large/aceso/configs/scale-layer/1024layers/top_configs/scale-layer_1024layers_8stages_2026-5-15-12-59-48.json
  fp16 ............................................ True
  fp16_lm_cross_entropy ........................... False
  fp32_residual_connection ........................ False
  global_batch_size ............................... 1024
  hidden_dropout .................................. 0.1
  hidden_size ..................................... 512
  hysteresis ...................................... 2
  ict_head_size ................................... None
  ict_load ........................................ None
  img_dim ......................................... 224
  indexer_batch_size .............................. 128
  indexer_log_interval ............................ 1000
  init_method_std ................................. 0.02
  init_method_xavier_uniform ...................... False
  initial_loss_scale .............................. 4294967296
  interleave_factor ............................... 1
  kv_channels ..................................... 64
  layernorm_epsilon ............................... 1e-05
  lazy_mpu_init ................................... None
  load ............................................ None
  local_rank ...................................... 0
  log_batch_size_to_tensorboard ................... False
  log_interval .................................... 1
  log_learning_rate_to_tensorboard ................ True
  log_loss_scale_to_tensorboard ................... True
  log_name ........................................ scale-layer_1024layers_8stages_2026-5-15-12-59-48
  log_num_zeros_in_grad ........................... False
  log_params_norm ................................. False
  log_path ........................................ /home/liminglong.lml/sxz/SuperScaler/logs-large/aceso/runtime/scale-layer/1024layers/
  log_timers_to_tensorboard ....................... False
  log_validation_ppl_to_tensorboard ............... False
  loss_scale ...................................... None
  loss_scale_window ............................... 1000
  lr .............................................. 0.00015
  lr_decay_iters .................................. 320000
  lr_decay_samples ................................ None
  lr_decay_style .................................. cosine
  lr_warmup_fraction .............................. 0.01
  lr_warmup_iters ................................. 0
  lr_warmup_samples ............................... 0
  make_vocab_size_divisible_by .................... 128
  mask_prob ....................................... 0.15
  masked_softmax_fusion ........................... True
  max_position_embeddings ......................... 2048
  merge_file ...................................... vocabs/gpt2-merges.txt
  micro_batch_size ................................ 8
  min_loss_scale .................................. 1.0
  min_lr .......................................... 1e-05
  mmap_warmup ..................................... False
  model_name ...................................... gpt
  model_parallel_size ............................. None
  model_parallel_size_of_each_op .................. [[1, 1, 1, 1, 1, 1, 1, 1, 1, 1, 1, 1, 1, 1, 1, 1, 1, 1, 1, 1, 1, 1, 1, 1, 1, 1, 1, 1, 1, 1, 1, 1, 1, 1, 1, 1, 1, 1, 1, 1, 1, 1, 1, 1, 1, 1, 1, 1, 1, 1, 1, 1, 1, 1, 1, 1, 1, 1, 1, 1, 1, 1, 1, 1, 1, 1, 1, 1, 1, 1, 1, 1, 1, 1, 1, 1, 1, 1, 1, 1, 1, 1, 1, 1, 1, 1, 1, 1, 1, 1, 1, 1, 1, 1, 1, 1, 1, 1, 1, 1, 1, 1, 1, 1, 1, 1, 1, 1, 1, 1, 1, 1, 1, 1, 1, 1, 1, 1, 1, 1, 1, 1, 1, 1, 1, 1, 1, 1, 1, 1, 1, 1, 1, 1, 1, 1, 1, 1, 1, 1, 1, 1, 1, 1, 1, 1, 1, 1, 1, 1, 1, 1, 1, 1, 1, 1, 1, 1, 1, 1, 1, 1, 1, 1, 1, 1, 1, 1, 1, 1, 1, 1, 1, 1, 1, 1, 1, 1, 1, 1, 1, 1, 1, 1, 1, 1, 1, 1, 1, 1, 1, 1, 1, 1, 1, 1, 1, 1, 1, 1, 1, 1, 1, 1, 1, 1, 1, 1, 1, 1, 1, 1, 1, 1, 1, 1, 1, 1, 1, 1, 1, 1, 1, 1, 1, 1, 1, 1, 1, 1, 1, 1, 1, 1, 1, 1, 1, 1, 1, 1, 1, 1, 1, 1, 1, 1, 1, 1, 1, 1, 1, 1, 1, 1, 1, 1, 1, 1, 1, 1, 1, 1, 1, 1, 1, 1, 1, 1, 1, 1, 1, 1, 1, 1, 1, 1, 1, 1, 1, 1, 1, 1, 1, 1, 1, 1, 1, 1, 1, 1, 1, 1, 1, 1, 1, 1, 1, 1, 1, 1, 1, 1, 1, 1, 1, 1, 1, 1, 1, 1, 1, 1, 1, 1, 1, 1, 1, 1, 1, 1, 1, 1, 1, 1, 1, 1, 1, 1, 1, 1, 1, 1, 1, 1, 1, 1, 1, 1, 1, 1, 1, 1, 1, 1, 1, 1, 1, 1, 1, 1, 1, 1, 1, 1, 1, 1, 1, 1, 1, 1, 1, 1, 1, 1, 1, 1, 1, 1, 1, 1, 1, 1, 1, 1, 1, 1, 1, 1, 1, 1, 1, 1, 1, 1, 1, 1, 1, 1, 1, 1, 1, 1, 1, 1, 1, 1, 1, 1, 1, 1, 1, 1, 1, 1, 1, 1, 1, 1, 1, 1, 1, 1, 1, 1, 1, 1, 1, 1, 1, 1, 1, 1, 1, 1, 1, 1, 1, 1, 1, 1, 1, 1, 1, 1, 1, 1, 1, 1, 1, 1, 1, 1, 1, 1, 1, 1, 1, 1, 1, 1, 1, 1, 1, 1, 1, 1, 1, 1, 1, 1, 1, 1, 1, 1, 1, 1, 1, 1, 1, 1, 1, 1, 1, 1, 1, 1, 1, 1, 1, 1, 1, 1, 1, 1, 1, 1, 1, 1, 1, 1, 1, 1, 1, 1, 1, 1, 1, 1, 1, 1, 1, 1, 1, 1, 1, 1, 1, 1, 1, 1, 1, 1, 1, 1, 1, 1, 1, 1, 1, 1, 1, 1, 1, 1, 1, 1, 1, 1, 1, 1, 1, 1, 1, 1, 1, 1, 1, 1, 1, 1, 1, 1, 1, 1, 1, 1, 1, 1, 1, 1, 1, 1, 1, 1, 1, 1, 1, 1, 1, 1, 1, 1, 1, 1, 1, 1, 1, 1, 1, 1, 1, 1, 1, 1, 1, 1, 1, 1, 1, 1, 1, 1, 1, 1, 1, 1, 1, 1, 1, 1, 1, 1, 1, 1, 1, 1, 1, 1, 1, 1, 1, 1, 1, 1, 1, 1, 1, 1, 1, 1, 1, 1, 1, 1, 1, 1, 1, 1, 1, 1, 1, 1, 1, 1, 1, 1, 1, 1, 1, 1, 1, 1, 1, 1, 1, 1, 1, 1, 1, 1, 1, 1, 1, 1, 1, 1, 1, 1, 1, 1, 1, 1, 1, 1, 1, 1, 1, 1, 1, 1, 1, 1, 1, 1, 1, 1, 1, 1, 1, 1, 1, 1, 1, 1, 1, 1, 1, 1, 1, 1, 1, 1, 1, 1, 1, 1, 1, 1, 1, 1, 1, 1, 1, 1, 1, 1, 1, 1, 1, 1, 1, 1, 1, 1, 1, 1, 1, 1, 1, 1, 1, 1, 1, 1, 1, 1, 1, 1, 1, 1, 1, 1, 1, 1, 1, 1, 1, 1, 1, 1, 1, 1, 1, 1, 1, 1, 1, 1, 1, 1, 1, 1, 1, 1, 1, 1, 1, 1, 1, 1, 1, 1, 1, 1, 1, 1, 1, 1, 1, 1, 1, 1, 1, 1, 1, 1, 1, 1, 1, 1, 1, 1, 1, 1, 1, 1, 1, 1, 1, 1, 1, 1, 1, 1, 1, 1, 1, 1, 1, 1, 1, 1, 1, 1, 1, 1, 1, 1, 1, 1, 1, 1, 1, 1, 1, 1, 1, 1, 1, 1, 1, 1, 1, 1, 1, 1, 1, 1, 1, 1, 1, 1, 1, 1, 1, 1, 1, 1, 1, 1, 1, 1, 1, 1, 1, 1, 1, 1, 1, 1, 1, 1, 1, 1, 1, 1, 1, 1, 1, 1, 1, 1, 1, 1, 1, 1, 1, 1, 1, 1, 1, 1, 1, 1, 1, 1, 1, 1, 1, 1, 1, 1, 1, 1, 1, 1, 1, 1, 1, 1, 1, 1, 1, 1, 1, 1, 1, 1, 1, 1, 1, 1, 1, 1, 1, 1, 1, 1, 1, 1, 1, 1, 1, 1, 1, 1, 1, 1, 1, 1, 1, 1, 1, 1, 1, 1, 1, 1, 1, 1, 1, 1, 1, 1, 1, 1, 1, 1, 1, 1, 1, 1, 1, 1, 1, 1, 1, 1, 1, 1, 1, 1, 1, 1, 1, 1, 1, 1, 1, 1, 1, 1, 1, 1, 1, 1, 1, 1, 1, 1, 1, 1, 1, 1, 1, 1, 1, 1, 1, 1, 1, 1, 1, 1, 1, 1, 1, 1, 1, 1, 1, 1, 1, 1, 1, 1, 1, 1, 1, 1, 1, 1, 1, 1, 1, 1, 1, 1, 1, 1, 1, 1, 1, 1, 1, 1, 1, 1, 1, 1, 1, 1, 1, 1, 1, 1, 1, 1, 1, 1, 1, 1, 1, 1, 1, 1, 1, 1, 1, 1, 1, 1, 1, 1, 1, 1, 1, 1, 1, 1, 1, 1, 1, 1, 1, 1, 1, 1, 1, 1, 1, 1, 1, 1, 1, 1, 1, 1, 1, 1, 1, 1, 1, 1, 1, 1, 1, 1, 1, 1, 1, 1, 1, 1, 1, 1, 1, 1, 1, 1, 1, 1, 1, 1, 1, 1, 1, 1, 1, 1, 1, 1, 1, 1, 1, 1, 1, 1, 1, 1, 1, 1, 1, 1, 1, 1, 1, 1, 1, 1, 1, 1, 1, 1, 1, 1, 1, 1, 1, 1, 1, 1, 1, 1, 1, 1, 1, 1, 1, 1, 1, 1, 1, 1, 1, 1, 1, 1, 1, 1, 1, 1, 1, 1, 1, 1, 1, 1, 1, 1, 1, 1, 1, 1, 1, 1, 1, 1, 1, 1, 1, 1, 1, 1, 1, 1, 1, 1, 1, 1, 1, 1, 1, 1, 1, 1, 1, 1, 1, 1, 1, 1, 1, 1, 1, 1, 1, 1, 1, 1, 1, 1, 1, 1, 1, 1, 1, 1, 1, 1, 1, 1, 1, 1, 1, 1, 1, 1, 1, 1, 1, 1, 1, 1, 1, 1, 1, 1, 1, 1, 1, 1, 1, 1, 1, 1, 1, 1, 1, 1, 1, 1, 1, 1, 1, 1, 1, 1, 1, 1, 1, 1, 1, 1, 1, 1, 1, 1, 1, 1, 1, 1, 1, 1, 1, 1, 1, 1, 1, 1, 1, 1, 1, 1, 1, 1, 1, 1, 1, 1, 1, 1, 1, 1, 1, 1, 1, 1, 1, 1, 1, 1, 1, 1, 1, 1, 1, 1, 1, 1, 1, 1, 1, 1, 1, 1, 1, 1, 1, 1, 1, 1, 1, 1, 1, 1, 1, 1, 1, 1, 1, 1, 1, 1, 1, 1, 1, 1, 1, 1, 1, 1, 1, 1, 1, 1, 1, 1, 1, 1, 1, 1, 1, 1, 1, 1, 1, 1, 1, 1, 1, 1, 1, 1, 1, 1, 1, 1, 1, 1, 1, 1, 1, 1, 1, 1, 1, 1, 1, 1, 1, 1, 1, 1, 1, 1, 1, 1, 1, 1, 1, 1, 1, 1, 1, 1, 1, 1, 1, 1, 1, 1, 1, 1, 1, 1, 1, 1, 1, 1, 1, 1, 1, 1, 1, 1, 1, 1, 1, 1, 1, 1, 1, 1, 1, 1, 1, 1, 1, 1, 1, 1, 1, 1, 1, 1, 1, 1, 1, 1, 1, 1, 1, 1, 1, 1, 1, 1, 1, 1, 1, 1, 1, 1, 1, 1, 1, 1, 1, 1, 1, 1, 1, 1, 1, 1, 1, 1, 1, 1, 1, 1, 1, 1, 1, 1, 1, 1, 1, 1, 1, 1, 1, 1, 1, 1, 1, 1, 1, 1, 1, 1, 1, 1, 1, 1, 1, 1, 1, 1, 1, 1, 1, 1, 1, 1, 1, 1, 1, 1, 1, 1, 1, 1, 1, 1, 1, 1, 1, 1, 1, 1, 1, 1, 1, 1, 1, 1, 1, 1, 1, 1, 1, 1, 1, 1, 1, 1, 1, 1, 1, 1, 1, 1, 1, 1, 1, 1, 1, 1, 1, 1, 1, 1, 1, 1, 1, 1, 1, 1, 1, 1, 1, 1, 1, 1, 1, 1, 1, 1, 1, 1, 1, 1, 1, 1, 1, 1, 1, 1, 1, 1, 1, 1, 1, 1, 1, 1, 1, 1, 1, 1, 1, 1, 1, 1, 1, 1, 1, 1, 1, 1, 1, 1, 1, 1, 1, 1, 1, 1, 1, 1, 1, 1, 1, 1, 1, 1, 1, 1, 1, 1, 1, 1, 1, 1, 1, 1, 1, 1, 1, 1, 1, 1, 1, 1, 1, 1, 1, 1, 1, 1, 1, 1, 1, 1, 1, 1, 1, 1, 1, 1, 1, 1, 1, 1, 1, 1, 1, 1, 1, 1, 1, 1, 1, 1, 1, 1, 1, 1, 1, 1, 1, 1, 1, 1, 1, 1, 1, 1, 1, 1], [1, 1, 1, 1, 1, 1, 1, 1, 1, 1, 1, 1, 1, 1, 1, 1, 1, 1, 1, 1, 1, 1, 1, 1, 1, 1, 1, 1, 1, 1, 1, 1, 1, 1, 1, 1, 1, 1, 1, 1, 1, 1, 1, 1, 1, 1, 1, 1, 1, 1, 1, 1, 1, 1, 1, 1, 1, 1, 1, 1, 1, 1, 1, 1, 1, 1, 1, 1, 1, 1, 1, 1, 1, 1, 1, 1, 1, 1, 1, 1, 1, 1, 1, 1, 1, 1, 1, 1, 1, 1, 1, 1, 1, 1, 1, 1, 1, 1, 1, 1, 1, 1, 1, 1, 1, 1, 1, 1, 1, 1, 1, 1, 1, 1, 1, 1, 1, 1, 1, 1, 1, 1, 1, 1, 1, 1, 1, 1, 1, 1, 1, 1, 1, 1, 1, 1, 1, 1, 1, 1, 1, 1, 1, 1, 1, 1, 1, 1, 1, 1, 1, 1, 1, 1, 1, 1, 1, 1, 1, 1, 1, 1, 1, 1, 1, 1, 1, 1, 1, 1, 1, 1, 1, 1, 1, 1, 1, 1, 1, 1, 1, 1, 1, 1, 1, 1, 1, 1, 1, 1, 1, 1, 1, 1, 1, 1, 1, 1, 1, 1, 1, 1, 1, 1, 1, 1, 1, 1, 1, 1, 1, 1, 1, 1, 1, 1, 1, 1, 1, 1, 1, 1, 1, 1, 1, 1, 1, 1, 1, 1, 1, 1, 1, 1, 1, 1, 1, 1, 1, 1, 1, 1, 1, 1, 1, 1, 1, 1, 1, 1, 1, 1, 1, 1, 1, 1, 1, 1, 1, 1, 1, 1, 1, 1, 1, 1, 1, 1, 1, 1, 1, 1, 1, 1, 1, 1, 1, 1, 1, 1, 1, 1, 1, 1, 1, 1, 1, 1, 1, 1, 1, 1, 1, 1, 1, 1, 1, 1, 1, 1, 1, 1, 1, 1, 1, 1, 1, 1, 1, 1, 1, 1, 1, 1, 1, 1, 1, 1, 1, 1, 1, 1, 1, 1, 1, 1, 1, 1, 1, 1, 1, 1, 1, 1, 1, 1, 1, 1, 1, 1, 1, 1, 1, 1, 1, 1, 1, 1, 1, 1, 1, 1, 1, 1, 1, 1, 1, 1, 1, 1, 1, 1, 1, 1, 1, 1, 1, 1, 1, 1, 1, 1, 1, 1, 1, 1, 1, 1, 1, 1, 1, 1, 1, 1, 1, 1, 1, 1, 1, 1, 1, 1, 1, 1, 1, 1, 1, 1, 1, 1, 1, 1, 1, 1, 1, 1, 1, 1, 1, 1, 1, 1, 1, 1, 1, 1, 1, 1, 1, 1, 1, 1, 1, 1, 1, 1, 1, 1, 1, 1, 1, 1, 1, 1, 1, 1, 1, 1, 1, 1, 1, 1, 1, 1, 1, 1, 1, 1, 1, 1, 1, 1, 1, 1, 1, 1, 1, 1, 1, 1, 1, 1, 1, 1, 1, 1, 1, 1, 1, 1, 1, 1, 1, 1, 1, 1, 1, 1, 1, 1, 1, 1, 1, 1, 1, 1, 1, 1, 1, 1, 1, 1, 1, 1, 1, 1, 1, 1, 1, 1, 1, 1, 1, 1, 1, 1, 1, 1, 1, 1, 1, 1, 1, 1, 1, 1, 1, 1, 1, 1, 1, 1, 1, 1, 1, 1, 1, 1, 1, 1, 1, 1, 1, 1, 1, 1, 1, 1, 1, 1, 1, 1, 1, 1, 1, 1, 1, 1, 1, 1, 1, 1, 1, 1, 1, 1, 1, 1, 1, 1, 1, 1, 1, 1, 1, 1, 1, 1, 1, 1, 1, 1, 1, 1, 1, 1, 1, 1, 1, 1, 1, 1, 1, 1, 1, 1, 1, 1, 1, 1, 1, 1, 1, 1, 1, 1, 1, 1, 1, 1, 1, 1, 1, 1, 1, 1, 1, 1, 1, 1, 1, 1, 1, 1, 1, 1, 1, 1, 1, 1, 1, 1, 1, 1, 1, 1, 1, 1, 1, 1, 1, 1, 1, 1, 1, 1, 1, 1, 1, 1, 1, 1, 1, 1, 1, 1, 1, 1, 1, 1, 1, 1, 1, 1, 1, 1, 1, 1, 1, 1, 1, 1, 1, 1, 1, 1, 1, 1, 1, 1, 1, 1, 1, 1, 1, 1, 1, 1, 1, 1, 1, 1, 1, 1, 1, 1, 1, 1, 1, 1, 1, 1, 1, 1, 1, 1, 1, 1, 1, 1, 1, 1, 1, 1, 1, 1, 1, 1, 1, 1, 1, 1, 1, 1, 1, 1, 1, 1, 1, 1, 1, 1, 1, 1, 1, 1, 1, 1, 1, 1, 1, 1, 1, 1, 1, 1, 1, 1, 1, 1, 1, 1, 1, 1, 1, 1, 1, 1, 1, 1, 1, 1, 1, 1, 1, 1, 1, 1, 1, 1, 1, 1, 1, 1, 1, 1, 1, 1, 1, 1, 1, 1, 1, 1, 1, 1, 1, 1, 1, 1, 1, 1, 1, 1, 1, 1, 1, 1, 1, 1, 1, 1, 1, 1, 1, 1, 1, 1, 1, 1, 1, 1, 1, 1, 1, 1, 1, 1, 1, 1, 1, 1, 1, 1, 1, 1, 1, 1, 1, 1, 1, 1, 1, 1, 1, 1, 1, 1, 1, 1, 1, 1, 1, 1, 1, 1, 1, 1, 1, 1, 1, 1, 1, 1, 1, 1, 1, 1, 1, 1, 1, 1, 1, 1, 1, 1, 1, 1, 1, 1, 1, 1, 1, 1, 1, 1, 1, 1, 1, 1, 1, 1, 1, 1, 1, 1, 1, 1, 1, 1, 1, 1, 1, 1, 1, 1, 1, 1, 1, 1, 1, 1, 1, 1, 1, 1, 1, 1, 1, 1, 1, 1, 1, 1, 1, 1, 1, 1, 1, 1, 1, 1, 1, 1, 1, 1, 1, 1, 1, 1, 1, 1, 1, 1, 1, 1, 1, 1, 1, 1, 1, 1, 1, 1, 1, 1, 1, 1, 1, 1, 1, 1, 1, 1, 1, 1, 1, 1, 1, 1, 1, 1, 1, 1, 1, 1, 1, 1, 1, 1, 1, 1, 1, 1, 1, 1, 1, 1, 1, 1, 1, 1, 1, 1, 1, 1, 1, 1, 1, 1, 1, 1, 1, 1, 1, 1, 1, 1, 1, 1, 1, 1, 1, 1, 1, 1, 1, 1, 1, 1, 1, 1, 1, 1, 1, 1, 1, 1, 1, 1, 1, 1, 1, 1, 1, 1, 1, 1, 1, 1, 1, 1, 1, 1, 1, 1, 1, 1, 1, 1, 1, 1, 1, 1, 1, 1, 1, 1, 1, 1, 1, 1, 1, 1, 1, 1, 1, 1, 1, 1, 1, 1, 1, 1, 1, 1, 1, 1, 1, 1, 1, 1, 1, 1, 1, 1, 1, 1, 1, 1, 1, 1, 1, 1, 1, 1, 1, 1, 1, 1, 1, 1, 1, 1, 1, 1, 1, 1, 1, 1, 1, 1, 1, 1, 1, 1, 1, 1, 1, 1, 1, 1, 1, 1, 1, 1, 1, 1, 1, 1, 1, 1, 1, 1, 1, 1, 1, 1, 1, 1, 1, 1, 1, 1, 1, 1, 1, 1, 1, 1, 1, 1, 1, 1, 1, 1, 1, 1, 1, 1, 1, 1, 1, 1, 1, 1, 1, 1, 1, 1, 1, 1, 1, 1, 1, 1, 1, 1, 1, 1, 1, 1, 1, 1, 1, 1, 1, 1, 1, 1, 1, 1, 1, 1, 1, 1, 1, 1, 1, 1, 1, 1, 1, 1, 1, 1, 1, 1, 1, 1, 1, 1, 1, 1, 1, 1, 1, 1, 1, 1, 1, 1, 1, 1, 1, 1, 1, 1, 1, 1, 1, 1, 1, 1, 1, 1, 1, 1, 1, 1, 1, 1, 1, 1, 1, 1, 1, 1, 1, 1, 1, 1, 1, 1, 1, 1, 1, 1, 1, 1, 1, 1, 1, 1, 1, 1, 1, 1, 1, 1, 1, 1, 1, 1, 1, 1, 1, 1, 1, 1, 1, 1, 1, 1, 1, 1, 1, 1, 1, 1, 1, 1, 1, 1, 1, 1, 1, 1, 1, 1, 1, 1, 1, 1, 1, 1, 1, 1, 1, 1, 1, 1, 1, 1, 1, 1, 1, 1, 1, 1, 1, 1, 1, 1, 1, 1, 1, 1, 1, 1, 1, 1, 1, 1, 1, 1, 1, 1, 1, 1, 1, 1, 1, 1, 1, 1, 1, 1, 1, 1, 1, 1, 1, 1, 1, 1, 1, 1, 1, 1, 1, 1, 1, 1, 1, 1, 1, 1, 1, 1, 1, 1, 1, 1, 1, 1, 1, 1, 1, 1, 1, 1, 1, 1, 1, 1, 1, 1, 1, 1, 1, 1, 1, 1, 1, 1, 1, 1, 1, 1, 1, 1, 1, 1, 1, 1, 1, 1, 1, 1, 1, 1, 1, 1, 1, 1, 1, 1, 1, 1, 1, 1, 1, 1, 1, 1, 1, 1, 1, 1, 1, 1, 1, 1, 1, 1, 1, 1, 1, 1, 1, 1, 1, 1, 1, 1, 1, 1, 1, 1, 1, 1, 1, 1, 1, 1, 1, 1, 1, 1, 1, 1, 1, 1, 1, 1, 1, 1, 1, 1, 1, 1, 1, 1, 1, 1, 1, 1, 1, 1, 1, 1, 1, 1, 1, 1, 1, 1, 1, 1, 1, 1, 1, 1, 1, 1, 1, 1, 1, 1, 1, 1, 1, 1, 1, 1, 1, 1, 1, 1, 1, 1, 1, 1, 1, 1, 1, 1, 1, 1, 1, 1, 1, 1, 1, 1, 1, 1, 1, 1, 1, 1, 1, 1, 1, 1, 1, 1, 1, 1, 1, 1, 1, 1, 1, 1, 1, 1, 1, 1, 1, 1, 1, 1, 1, 1, 1, 1, 1, 1, 1, 1, 1, 1, 1, 1, 1, 1, 1, 1, 1, 1, 1, 1, 1, 1, 1, 1, 1, 1, 1, 1, 1, 1, 1, 1, 1, 1, 1, 1, 1, 1, 1, 1, 1, 1, 1, 1, 1, 1, 1, 1, 1, 1, 1, 1, 1, 1, 1, 1, 1, 1, 1, 1, 1, 1, 1, 1, 1, 1, 1, 1, 1, 1, 1, 1, 1, 1, 1, 1, 1, 1, 1, 1, 1, 1, 1, 1, 1, 1, 1, 1, 1, 1, 1, 1, 1, 1, 1, 1, 1, 1, 1, 1, 1, 1, 1, 1, 1, 1, 1, 1, 1, 1, 1, 1, 1, 1, 1, 1, 1, 1, 1, 1, 1, 1, 1, 1, 1, 1, 1, 1, 1], [1, 1, 1, 1, 1, 1, 1, 1, 1, 1, 1, 1, 1, 1, 1, 1, 1, 1, 1, 1, 1, 1, 1, 1, 1, 1, 1, 1, 1, 1, 1, 1, 1, 1, 1, 1, 1, 1, 1, 1, 1, 1, 1, 1, 1, 1, 1, 1, 1, 1, 1, 1, 1, 1, 1, 1, 1, 1, 1, 1, 1, 1, 1, 1, 1, 1, 1, 1, 1, 1, 1, 1, 1, 1, 1, 1, 1, 1, 1, 1, 1, 1, 1, 1, 1, 1, 1, 1, 1, 1, 1, 1, 1, 1, 1, 1, 1, 1, 1, 1, 1, 1, 1, 1, 1, 1, 1, 1, 1, 1, 1, 1, 1, 1, 1, 1, 1, 1, 1, 1, 1, 1, 1, 1, 1, 1, 1, 1, 1, 1, 1, 1, 1, 1, 1, 1, 1, 1, 1, 1, 1, 1, 1, 1, 1, 1, 1, 1, 1, 1, 1, 1, 1, 1, 1, 1, 1, 1, 1, 1, 1, 1, 1, 1, 1, 1, 1, 1, 1, 1, 1, 1, 1, 1, 1, 1, 1, 1, 1, 1, 1, 1, 1, 1, 1, 1, 1, 1, 1, 1, 1, 1, 1, 1, 1, 1, 1, 1, 1, 1, 1, 1, 1, 1, 1, 1, 1, 1, 1, 1, 1, 1, 1, 1, 1, 1, 1, 1, 1, 1, 1, 1, 1, 1, 1, 1, 1, 1, 1, 1, 1, 1, 1, 1, 1, 1, 1, 1, 1, 1, 1, 1, 1, 1, 1, 1, 1, 1, 1, 1, 1, 1, 1, 1, 1, 1, 1, 1, 1, 1, 1, 1, 1, 1, 1, 1, 1, 1, 1, 1, 1, 1, 1, 1, 1, 1, 1, 1, 1, 1, 1, 1, 1, 1, 1, 1, 1, 1, 1, 1, 1, 1, 1, 1, 1, 1, 1, 1, 1, 1, 1, 1, 1, 1, 1, 1, 1, 1, 1, 1, 1, 1, 1, 1, 1, 1, 1, 1, 1, 1, 1, 1, 1, 1, 1, 1, 1, 1, 1, 1, 1, 1, 1, 1, 1, 1, 1, 1, 1, 1, 1, 1, 1, 1, 1, 1, 1, 1, 1, 1, 1, 1, 1, 1, 1, 1, 1, 1, 1, 1, 1, 1, 1, 1, 1, 1, 1, 1, 1, 1, 1, 1, 1, 1, 1, 1, 1, 1, 1, 1, 1, 1, 1, 1, 1, 1, 1, 1, 1, 1, 1, 1, 1, 1, 1, 1, 1, 1, 1, 1, 1, 1, 1, 1, 1, 1, 1, 1, 1, 1, 1, 1, 1, 1, 1, 1, 1, 1, 1, 1, 1, 1, 1, 1, 1, 1, 1, 1, 1, 1, 1, 1, 1, 1, 1, 1, 1, 1, 1, 1, 1, 1, 1, 1, 1, 1, 1, 1, 1, 1, 1, 1, 1, 1, 1, 1, 1, 1, 1, 1, 1, 1, 1, 1, 1, 1, 1, 1, 1, 1, 1, 1, 1, 1, 1, 1, 1, 1, 1, 1, 1, 1, 1, 1, 1, 1, 1, 1, 1, 1, 1, 1, 1, 1, 1, 1, 1, 1, 1, 1, 1, 1, 1, 1, 1, 1, 1, 1, 1, 1, 1, 1, 1, 1, 1, 1, 1, 1, 1, 1, 1, 1, 1, 1, 1, 1, 1, 1, 1, 1, 1, 1, 1, 1, 1, 1, 1, 1, 1, 1, 1, 1, 1, 1, 1, 1, 1, 1, 1, 1, 1, 1, 1, 1, 1, 1, 1, 1, 1, 1, 1, 1, 1, 1, 1, 1, 1, 1, 1, 1, 1, 1, 1, 1, 1, 1, 1, 1, 1, 1, 1, 1, 1, 1, 1, 1, 1, 1, 1, 1, 1, 1, 1, 1, 1, 1, 1, 1, 1, 1, 1, 1, 1, 1, 1, 1, 1, 1, 1, 1, 1, 1, 1, 1, 1, 1, 1, 1, 1, 1, 1, 1, 1, 1, 1, 1, 1, 1, 1, 1, 1, 1, 1, 1, 1, 1, 1, 1, 1, 1, 1, 1, 1, 1, 1, 1, 1, 1, 1, 1, 1, 1, 1, 1, 1, 1, 1, 1, 1, 1, 1, 1, 1, 1, 1, 1, 1, 1, 1, 1, 1, 1, 1, 1, 1, 1, 1, 1, 1, 1, 1, 1, 1, 1, 1, 1, 1, 1, 1, 1, 1, 1, 1, 1, 1, 1, 1, 1, 1, 1, 1, 1, 1, 1, 1, 1, 1, 1, 1, 1, 1, 1, 1, 1, 1, 1, 1, 1, 1, 1, 1, 1, 1, 1, 1, 1, 1, 1, 1, 1, 1, 1, 1, 1, 1, 1, 1, 1, 1, 1, 1, 1, 1, 1, 1, 1, 1, 1, 1, 1, 1, 1, 1, 1, 1, 1, 1, 1, 1, 1, 1, 1, 1, 1, 1, 1, 1, 1, 1, 1, 1, 1, 1, 1, 1, 1, 1, 1, 1, 1, 1, 1, 1, 1, 1, 1, 1, 1, 1, 1, 1, 1, 1, 1, 1, 1, 1, 1, 1, 1, 1, 1, 1, 1, 1, 1, 1, 1, 1, 1, 1, 1, 1, 1, 1, 1, 1, 1, 1, 1, 1, 1, 1, 1, 1, 1, 1, 1, 1, 1, 1, 1, 1, 1, 1, 1, 1, 1, 1, 1, 1, 1, 1, 1, 1, 1, 1, 1, 1, 1, 1, 1, 1, 1, 1, 1, 1, 1, 1, 1, 1, 1, 1, 1, 1, 1, 1, 1, 1, 1, 1, 1, 1, 1, 1, 1, 1, 1, 1, 1, 1, 1, 1, 1, 1, 1, 1, 1, 1, 1, 1, 1, 1, 1, 1, 1, 1, 1, 1, 1, 1, 1, 1, 1, 1, 1, 1, 1, 1, 1, 1, 1, 1, 1, 1, 1, 1, 1, 1, 1, 1, 1, 1, 1, 1, 1, 1, 1, 1, 1, 1, 1, 1, 1, 1, 1, 1, 1, 1, 1, 1, 1, 1, 1, 1, 1, 1, 1, 1, 1, 1, 1, 1, 1, 1, 1, 1, 1, 1, 1, 1, 1, 1, 1, 1, 1, 1, 1, 1, 1, 1, 1, 1, 1, 1, 1, 1, 1, 1, 1, 1, 1, 1, 1, 1, 1, 1, 1, 1, 1, 1, 1, 1, 1, 1, 1, 1, 1, 1, 1, 1, 1, 1, 1, 1, 1, 1, 1, 1, 1, 1, 1, 1, 1, 1, 1, 1, 1, 1, 1, 1, 1, 1, 1, 1, 1, 1, 1, 1, 1, 1, 1, 1, 1, 1, 1, 1, 1, 1, 1, 1, 1, 1, 1, 1, 1, 1, 1, 1, 1, 1, 1, 1, 1, 1, 1, 1, 1, 1, 1, 1, 1, 1, 1, 1, 1, 1, 1, 1, 1, 1, 1, 1, 1, 1, 1, 1, 1, 1, 1, 1, 1, 1, 1, 1, 1, 1, 1, 1, 1, 1, 1, 1, 1, 1, 1, 1, 1, 1, 1, 1, 1, 1, 1, 1, 1, 1, 1, 1, 1, 1, 1, 1, 1, 1, 1, 1, 1, 1, 1, 1, 1, 1, 1, 1, 1, 1, 1, 1, 1, 1, 1, 1, 1, 1, 1, 1, 1, 1, 1, 1, 1, 1, 1, 1, 1, 1, 1, 1, 1, 1, 1, 1, 1, 1, 1, 1, 1, 1, 1, 1, 1, 1, 1, 1, 1, 1, 1, 1, 1, 1, 1, 1, 1, 1, 1, 1, 1, 1, 1, 1, 1, 1, 1, 1, 1, 1, 1, 1, 1, 1, 1, 1, 1, 1, 1, 1, 1, 1, 1, 1, 1, 1, 1, 1, 1, 1, 1, 1, 1, 1, 1, 1, 1, 1, 1, 1, 1, 1, 1, 1, 1, 1, 1, 1, 1, 1, 1, 1, 1, 1, 1, 1, 1, 1, 1, 1, 1, 1, 1, 1, 1, 1, 1, 1, 1, 1, 1, 1, 1, 1, 1, 1, 1, 1, 1, 1, 1, 1, 1, 1, 1, 1, 1, 1, 1, 1, 1, 1, 1, 1, 1, 1, 1, 1, 1, 1, 1, 1, 1, 1, 1, 1, 1, 1, 1, 1, 1, 1, 1, 1, 1, 1, 1, 1, 1, 1, 1, 1, 1, 1, 1, 1, 1, 1, 1, 1, 1, 1, 1, 1, 1, 1, 1, 1, 1, 1, 1, 1, 1, 1, 1, 1, 1, 1, 1, 1, 1, 1, 1, 1, 1, 1, 1, 1, 1, 1, 1, 1, 1, 1, 1, 1, 1, 1, 1, 1, 1, 1, 1, 1, 1, 1, 1, 1, 1, 1, 1, 1, 1, 1, 1, 1, 1, 1, 1, 1, 1, 1, 1, 1, 1, 1, 1, 1, 1, 1, 1, 1, 1, 1, 1, 1, 1, 1, 1, 1, 1, 1, 1, 1, 1, 1, 1, 1, 1, 1, 1, 1, 1, 1, 1, 1, 1, 1, 1, 1, 1, 1, 1, 1, 1, 1, 1, 1, 1, 1, 1, 1, 1, 1, 1, 1, 1, 1, 1, 1, 1, 1, 1, 1, 1, 1, 1, 1, 1, 1, 1, 1, 1, 1, 1, 1, 1, 1, 1, 1, 1, 1, 1, 1, 1, 1, 1, 1, 1, 1, 1, 1, 1, 1, 1, 1, 1, 1, 1, 1, 1, 1, 1, 1, 1, 1, 1, 1, 1, 1, 1, 1, 1, 1, 1, 1, 1, 1, 1, 1, 1, 1, 1, 1, 1, 1, 1, 1, 1, 1, 1, 1, 1, 1, 1, 1, 1, 1, 1, 1, 1, 1, 1, 1, 1, 1, 1, 1, 1, 1, 1, 1, 1, 1, 1, 1, 1, 1, 1, 1, 1, 1, 1, 1, 1, 1, 1, 1, 1, 1, 1, 1, 1, 1, 1, 1, 1, 1, 1, 1, 1, 1, 1, 1, 1, 1, 1, 1, 1, 1, 1, 1, 1, 1, 1, 1, 1, 1, 1, 1, 1, 1, 1, 1, 1, 1, 1, 1, 1, 1, 1, 1, 1, 1, 1, 1, 1, 1, 1, 1, 1, 1, 1, 1, 1, 1, 1, 1, 1, 1, 1, 1, 1, 1, 1, 1, 1, 1, 1, 1, 1, 1, 1, 1, 1, 1, 1, 1, 1, 1, 1, 1, 1, 1, 1, 1, 1, 1, 1, 1, 1, 1, 1, 1, 1, 1, 1, 1, 1, 1, 1, 1, 1, 1, 1, 1, 1, 1, 1, 1, 1, 1, 1, 1, 1, 1, 1, 1, 1, 1, 1, 1, 1, 1, 1, 1, 1], [1, 1, 1, 1, 1, 1, 1, 1, 1, 1, 1, 1, 1, 1, 1, 1, 1, 1, 1, 1, 1, 1, 1, 1, 1, 1, 1, 1, 1, 1, 1, 1, 1, 1, 1, 1, 1, 1, 1, 1, 1, 1, 1, 1, 1, 1, 1, 1, 1, 1, 1, 1, 1, 1, 1, 1, 1, 1, 1, 1, 1, 1, 1, 1, 1, 1, 1, 1, 1, 1, 1, 1, 1, 1, 1, 1, 1, 1, 1, 1, 1, 1, 1, 1, 1, 1, 1, 1, 1, 1, 1, 1, 1, 1, 1, 1, 1, 1, 1, 1, 1, 1, 1, 1, 1, 1, 1, 1, 1, 1, 1, 1, 1, 1, 1, 1, 1, 1, 1, 1, 1, 1, 1, 1, 1, 1, 1, 1, 1, 1, 1, 1, 1, 1, 1, 1, 1, 1, 1, 1, 1, 1, 1, 1, 1, 1, 1, 1, 1, 1, 1, 1, 1, 1, 1, 1, 1, 1, 1, 1, 1, 1, 1, 1, 1, 1, 1, 1, 1, 1, 1, 1, 1, 1, 1, 1, 1, 1, 1, 1, 1, 1, 1, 1, 1, 1, 1, 1, 1, 1, 1, 1, 1, 1, 1, 1, 1, 1, 1, 1, 1, 1, 1, 1, 1, 1, 1, 1, 1, 1, 1, 1, 1, 1, 1, 1, 1, 1, 1, 1, 1, 1, 1, 1, 1, 1, 1, 1, 1, 1, 1, 1, 1, 1, 1, 1, 1, 1, 1, 1, 1, 1, 1, 1, 1, 1, 1, 1, 1, 1, 1, 1, 1, 1, 1, 1, 1, 1, 1, 1, 1, 1, 1, 1, 1, 1, 1, 1, 1, 1, 1, 1, 1, 1, 1, 1, 1, 1, 1, 1, 1, 1, 1, 1, 1, 1, 1, 1, 1, 1, 1, 1, 1, 1, 1, 1, 1, 1, 1, 1, 1, 1, 1, 1, 1, 1, 1, 1, 1, 1, 1, 1, 1, 1, 1, 1, 1, 1, 1, 1, 1, 1, 1, 1, 1, 1, 1, 1, 1, 1, 1, 1, 1, 1, 1, 1, 1, 1, 1, 1, 1, 1, 1, 1, 1, 1, 1, 1, 1, 1, 1, 1, 1, 1, 1, 1, 1, 1, 1, 1, 1, 1, 1, 1, 1, 1, 1, 1, 1, 1, 1, 1, 1, 1, 1, 1, 1, 1, 1, 1, 1, 1, 1, 1, 1, 1, 1, 1, 1, 1, 1, 1, 1, 1, 1, 1, 1, 1, 1, 1, 1, 1, 1, 1, 1, 1, 1, 1, 1, 1, 1, 1, 1, 1, 1, 1, 1, 1, 1, 1, 1, 1, 1, 1, 1, 1, 1, 1, 1, 1, 1, 1, 1, 1, 1, 1, 1, 1, 1, 1, 1, 1, 1, 1, 1, 1, 1, 1, 1, 1, 1, 1, 1, 1, 1, 1, 1, 1, 1, 1, 1, 1, 1, 1, 1, 1, 1, 1, 1, 1, 1, 1, 1, 1, 1, 1, 1, 1, 1, 1, 1, 1, 1, 1, 1, 1, 1, 1, 1, 1, 1, 1, 1, 1, 1, 1, 1, 1, 1, 1, 1, 1, 1, 1, 1, 1, 1, 1, 1, 1, 1, 1, 1, 1, 1, 1, 1, 1, 1, 1, 1, 1, 1, 1, 1, 1, 1, 1, 1, 1, 1, 1, 1, 1, 1, 1, 1, 1, 1, 1, 1, 1, 1, 1, 1, 1, 1, 1, 1, 1, 1, 1, 1, 1, 1, 1, 1, 1, 1, 1, 1, 1, 1, 1, 1, 1, 1, 1, 1, 1, 1, 1, 1, 1, 1, 1, 1, 1, 1, 1, 1, 1, 1, 1, 1, 1, 1, 1, 1, 1, 1, 1, 1, 1, 1, 1, 1, 1, 1, 1, 1, 1, 1, 1, 1, 1, 1, 1, 1, 1, 1, 1, 1, 1, 1, 1, 1, 1, 1, 1, 1, 1, 1, 1, 1, 1, 1, 1, 1, 1, 1, 1, 1, 1, 1, 1, 1, 1, 1, 1, 1, 1, 1, 1, 1, 1, 1, 1, 1, 1, 1, 1, 1, 1, 1, 1, 1, 1, 1, 1, 1, 1, 1, 1, 1, 1, 1, 1, 1, 1, 1, 1, 1, 1, 1, 1, 1, 1, 1, 1, 1, 1, 1, 1, 1, 1, 1, 1, 1, 1, 1, 1, 1, 1, 1, 1, 1, 1, 1, 1, 1, 1, 1, 1, 1, 1, 1, 1, 1, 1, 1, 1, 1, 1, 1, 1, 1, 1, 1, 1, 1, 1, 1, 1, 1, 1, 1, 1, 1, 1, 1, 1, 1, 1, 1, 1, 1, 1, 1, 1, 1, 1, 1, 1, 1, 1, 1, 1, 1, 1, 1, 1, 1, 1, 1, 1, 1, 1, 1, 1, 1, 1, 1, 1, 1, 1, 1, 1, 1, 1, 1, 1, 1, 1, 1, 1, 1, 1, 1, 1, 1, 1, 1, 1, 1, 1, 1, 1, 1, 1, 1, 1, 1, 1, 1, 1, 1, 1, 1, 1, 1, 1, 1, 1, 1, 1, 1, 1, 1, 1, 1, 1, 1, 1, 1, 1, 1, 1, 1, 1, 1, 1, 1, 1, 1, 1, 1, 1, 1, 1, 1, 1, 1, 1, 1, 1, 1, 1, 1, 1, 1, 1, 1, 1, 1, 1, 1, 1, 1, 1, 1, 1, 1, 1, 1, 1, 1, 1, 1, 1, 1, 1, 1, 1, 1, 1, 1, 1, 1, 1, 1, 1, 1, 1, 1, 1, 1, 1, 1, 1, 1, 1, 1, 1, 1, 1, 1, 1, 1, 1, 1, 1, 1, 1, 1, 1, 1, 1, 1, 1, 1, 1, 1, 1, 1, 1, 1, 1, 1, 1, 1, 1, 1, 1, 1, 1, 1, 1, 1, 1, 1, 1, 1, 1, 1, 1, 1, 1, 1, 1, 1, 1, 1, 1, 1, 1, 1, 1, 1, 1, 1, 1, 1, 1, 1, 1, 1, 1, 1, 1, 1, 1, 1, 1, 1, 1, 1, 1, 1, 1, 1, 1, 1, 1, 1, 1, 1, 1, 1, 1, 1, 1, 1, 1, 1, 1, 1, 1, 1, 1, 1, 1, 1, 1, 1, 1, 1, 1, 1, 1, 1, 1, 1, 1, 1, 1, 1, 1, 1, 1, 1, 1, 1, 1, 1, 1, 1, 1, 1, 1, 1, 1, 1, 1, 1, 1, 1, 1, 1, 1, 1, 1, 1, 1, 1, 1, 1, 1, 1, 1, 1, 1, 1, 1, 1, 1, 1, 1, 1, 1, 1, 1, 1, 1, 1, 1, 1, 1, 1, 1, 1, 1, 1, 1, 1, 1, 1, 1, 1, 1, 1, 1, 1, 1, 1, 1, 1, 1, 1, 1, 1, 1, 1, 1, 1, 1, 1, 1, 1, 1, 1, 1, 1, 1, 1, 1, 1, 1, 1, 1, 1, 1, 1, 1, 1, 1, 1, 1, 1, 1, 1, 1, 1, 1, 1, 1, 1, 1, 1, 1, 1, 1, 1, 1, 1, 1, 1, 1, 1, 1, 1, 1, 1, 1, 1, 1, 1, 1, 1, 1, 1, 1, 1, 1, 1, 1, 1, 1, 1, 1, 1, 1, 1, 1, 1, 1, 1, 1, 1, 1, 1, 1, 1, 1, 1, 1, 1, 1, 1, 1, 1, 1, 1, 1, 1, 1, 1, 1, 1, 1, 1, 1, 1, 1, 1, 1, 1, 1, 1, 1, 1, 1, 1, 1, 1, 1, 1, 1, 1, 1, 1, 1, 1, 1, 1, 1, 1, 1, 1, 1, 1, 1, 1, 1, 1, 1, 1, 1, 1, 1, 1, 1, 1, 1, 1, 1, 1, 1, 1, 1, 1, 1, 1, 1, 1, 1, 1, 1, 1, 1, 1, 1, 1, 1, 1, 1, 1, 1, 1, 1, 1, 1, 1, 1, 1, 1, 1, 1, 1, 1, 1, 1, 1, 1, 1, 1, 1, 1, 1, 1, 1, 1, 1, 1, 1, 1, 1, 1, 1, 1, 1, 1, 1, 1, 1, 1, 1, 1, 1, 1, 1, 1, 1, 1, 1, 1, 1, 1, 1, 1, 1, 1, 1, 1, 1, 1, 1, 1, 1, 1, 1, 1, 1, 1, 1, 1, 1, 1, 1, 1, 1, 1, 1, 1, 1, 1, 1, 1, 1, 1, 1, 1, 1, 1, 1, 1, 1, 1, 1, 1, 1, 1, 1, 1, 1, 1, 1, 1, 1, 1, 1, 1, 1, 1, 1, 1, 1, 1, 1, 1, 1, 1, 1, 1, 1, 1, 1, 1, 1, 1, 1, 1, 1, 1, 1, 1, 1, 1, 1, 1, 1, 1, 1, 1, 1, 1, 1, 1, 1, 1, 1, 1, 1, 1, 1, 1, 1, 1, 1, 1, 1, 1, 1, 1, 1, 1, 1, 1, 1, 1, 1, 1, 1, 1, 1, 1, 1, 1, 1, 1, 1, 1, 1, 1, 1, 1, 1, 1, 1, 1, 1, 1, 1, 1, 1, 1, 1, 1, 1, 1, 1, 1, 1, 1, 1, 1, 1, 1, 1, 1, 1, 1, 1, 1, 1, 1, 1, 1, 1, 1, 1, 1, 1, 1, 1, 1, 1, 1, 1, 1, 1, 1, 1, 1, 1, 1, 1, 1, 1, 1, 1, 1, 1, 1, 1, 1, 1, 1, 1, 1, 1, 1, 1, 1, 1, 1, 1, 1, 1, 1, 1, 1, 1, 1, 1, 1, 1, 1, 1, 1, 1, 1, 1, 1, 1, 1, 1, 1, 1, 1, 1, 1, 1, 1, 1, 1, 1, 1, 1, 1, 1, 1, 1, 1, 1, 1, 1, 1, 1, 1, 1, 1, 1, 1, 1, 1, 1, 1, 1, 1, 1, 1, 1, 1, 1, 1, 1, 1, 1, 1, 1, 1, 1, 1, 1, 1, 1, 1, 1, 1, 1, 1, 1, 1, 1, 1, 1, 1, 1, 1, 1, 1, 1, 1, 1, 1, 1, 1, 1, 1, 1, 1, 1, 1, 1, 1, 1, 1, 1, 1, 1, 1, 1, 1, 1, 1, 1, 1, 1, 1, 1, 1, 1, 1, 1, 1, 1, 1, 1, 1, 1, 1, 1, 1, 1, 1, 1, 1, 1, 1, 1, 1, 1, 1, 1, 1, 1, 1, 1, 1, 1, 1, 1, 1, 1, 1, 1, 1, 1, 1, 1, 1, 1, 1, 1, 1, 1, 1, 1, 1, 1, 1, 1, 1, 1, 1, 1, 1, 1, 1, 1, 1, 1, 1], [1, 1, 1, 1, 1, 1, 1, 1, 1, 1, 1, 1, 1, 1, 1, 1, 1, 1, 1, 1, 1, 1, 1, 1, 1, 1, 1, 1, 1, 1, 1, 1, 1, 1, 1, 1, 1, 1, 1, 1, 1, 1, 1, 1, 1, 1, 1, 1, 1, 1, 1, 1, 1, 1, 1, 1, 1, 1, 1, 1, 1, 1, 1, 1, 1, 1, 1, 1, 1, 1, 1, 1, 1, 1, 1, 1, 1, 1, 1, 1, 1, 1, 1, 1, 1, 1, 1, 1, 1, 1, 1, 1, 1, 1, 1, 1, 1, 1, 1, 1, 1, 1, 1, 1, 1, 1, 1, 1, 1, 1, 1, 1, 1, 1, 1, 1, 1, 1, 1, 1, 1, 1, 1, 1, 1, 1, 1, 1, 1, 1, 1, 1, 1, 1, 1, 1, 1, 1, 1, 1, 1, 1, 1, 1, 1, 1, 1, 1, 1, 1, 1, 1, 1, 1, 1, 1, 1, 1, 1, 1, 1, 1, 1, 1, 1, 1, 1, 1, 1, 1, 1, 1, 1, 1, 1, 1, 1, 1, 1, 1, 1, 1, 1, 1, 1, 1, 1, 1, 1, 1, 1, 1, 1, 1, 1, 1, 1, 1, 1, 1, 1, 1, 1, 1, 1, 1, 1, 1, 1, 1, 1, 1, 1, 1, 1, 1, 1, 1, 1, 1, 1, 1, 1, 1, 1, 1, 1, 1, 1, 1, 1, 1, 1, 1, 1, 1, 1, 1, 1, 1, 1, 1, 1, 1, 1, 1, 1, 1, 1, 1, 1, 1, 1, 1, 1, 1, 1, 1, 1, 1, 1, 1, 1, 1, 1, 1, 1, 1, 1, 1, 1, 1, 1, 1, 1, 1, 1, 1, 1, 1, 1, 1, 1, 1, 1, 1, 1, 1, 1, 1, 1, 1, 1, 1, 1, 1, 1, 1, 1, 1, 1, 1, 1, 1, 1, 1, 1, 1, 1, 1, 1, 1, 1, 1, 1, 1, 1, 1, 1, 1, 1, 1, 1, 1, 1, 1, 1, 1, 1, 1, 1, 1, 1, 1, 1, 1, 1, 1, 1, 1, 1, 1, 1, 1, 1, 1, 1, 1, 1, 1, 1, 1, 1, 1, 1, 1, 1, 1, 1, 1, 1, 1, 1, 1, 1, 1, 1, 1, 1, 1, 1, 1, 1, 1, 1, 1, 1, 1, 1, 1, 1, 1, 1, 1, 1, 1, 1, 1, 1, 1, 1, 1, 1, 1, 1, 1, 1, 1, 1, 1, 1, 1, 1, 1, 1, 1, 1, 1, 1, 1, 1, 1, 1, 1, 1, 1, 1, 1, 1, 1, 1, 1, 1, 1, 1, 1, 1, 1, 1, 1, 1, 1, 1, 1, 1, 1, 1, 1, 1, 1, 1, 1, 1, 1, 1, 1, 1, 1, 1, 1, 1, 1, 1, 1, 1, 1, 1, 1, 1, 1, 1, 1, 1, 1, 1, 1, 1, 1, 1, 1, 1, 1, 1, 1, 1, 1, 1, 1, 1, 1, 1, 1, 1, 1, 1, 1, 1, 1, 1, 1, 1, 1, 1, 1, 1, 1, 1, 1, 1, 1, 1, 1, 1, 1, 1, 1, 1, 1, 1, 1, 1, 1, 1, 1, 1, 1, 1, 1, 1, 1, 1, 1, 1, 1, 1, 1, 1, 1, 1, 1, 1, 1, 1, 1, 1, 1, 1, 1, 1, 1, 1, 1, 1, 1, 1, 1, 1, 1, 1, 1, 1, 1, 1, 1, 1, 1, 1, 1, 1, 1, 1, 1, 1, 1, 1, 1, 1, 1, 1, 1, 1, 1, 1, 1, 1, 1, 1, 1, 1, 1, 1, 1, 1, 1, 1, 1, 1, 1, 1, 1, 1, 1, 1, 1, 1, 1, 1, 1, 1, 1, 1, 1, 1, 1, 1, 1, 1, 1, 1, 1, 1, 1, 1, 1, 1, 1, 1, 1, 1, 1, 1, 1, 1, 1, 1, 1, 1, 1, 1, 1, 1, 1, 1, 1, 1, 1, 1, 1, 1, 1, 1, 1, 1, 1, 1, 1, 1, 1, 1, 1, 1, 1, 1, 1, 1, 1, 1, 1, 1, 1, 1, 1, 1, 1, 1, 1, 1, 1, 1, 1, 1, 1, 1, 1, 1, 1, 1, 1, 1, 1, 1, 1, 1, 1, 1, 1, 1, 1, 1, 1, 1, 1, 1, 1, 1, 1, 1, 1, 1, 1, 1, 1, 1, 1, 1, 1, 1, 1, 1, 1, 1, 1, 1, 1, 1, 1, 1, 1, 1, 1, 1, 1, 1, 1, 1, 1, 1, 1, 1, 1, 1, 1, 1, 1, 1, 1, 1, 1, 1, 1, 1, 1, 1, 1, 1, 1, 1, 1, 1, 1, 1, 1, 1, 1, 1, 1, 1, 1, 1, 1, 1, 1, 1, 1, 1, 1, 1, 1, 1, 1, 1, 1, 1, 1, 1, 1, 1, 1, 1, 1, 1, 1, 1, 1, 1, 1, 1, 1, 1, 1, 1, 1, 1, 1, 1, 1, 1, 1, 1, 1, 1, 1, 1, 1, 1, 1, 1, 1, 1, 1, 1, 1, 1, 1, 1, 1, 1, 1, 1, 1, 1, 1, 1, 1, 1, 1, 1, 1, 1, 1, 1, 1, 1, 1, 1, 1, 1, 1, 1, 1, 1, 1, 1, 1, 1, 1, 1, 1, 1, 1, 1, 1, 1, 1, 1, 1, 1, 1, 1, 1, 1, 1, 1, 1, 1, 1, 1, 1, 1, 1, 1, 1, 1, 1, 1, 1, 1, 1, 1, 1, 1, 1, 1, 1, 1, 1, 1, 1, 1, 1, 1, 1, 1, 1, 1, 1, 1, 1, 1, 1, 1, 1, 1, 1, 1, 1, 1, 1, 1, 1, 1, 1, 1, 1, 1, 1, 1, 1, 1, 1, 1, 1, 1, 1, 1, 1, 1, 1, 1, 1, 1, 1, 1, 1, 1, 1, 1, 1, 1, 1, 1, 1, 1, 1, 1, 1, 1, 1, 1, 1, 1, 1, 1, 1, 1, 1, 1, 1, 1, 1, 1, 1, 1, 1, 1, 1, 1, 1, 1, 1, 1, 1, 1, 1, 1, 1, 1, 1, 1, 1, 1, 1, 1, 1, 1, 1, 1, 1, 1, 1, 1, 1, 1, 1, 1, 1, 1, 1, 1, 1, 1, 1, 1, 1, 1, 1, 1, 1, 1, 1, 1, 1, 1, 1, 1, 1, 1, 1, 1, 1, 1, 1, 1, 1, 1, 1, 1, 1, 1, 1, 1, 1, 1, 1, 1, 1, 1, 1, 1, 1, 1, 1, 1, 1, 1, 1, 1, 1, 1, 1, 1, 1, 1, 1, 1, 1, 1, 1, 1, 1, 1, 1, 1, 1, 1, 1, 1, 1, 1, 1, 1, 1, 1, 1, 1, 1, 1, 1, 1, 1, 1, 1, 1, 1, 1, 1, 1, 1, 1, 1, 1, 1, 1, 1, 1, 1, 1, 1, 1, 1, 1, 1, 1, 1, 1, 1, 1, 1, 1, 1, 1, 1, 1, 1, 1, 1, 1, 1, 1, 1, 1, 1, 1, 1, 1, 1, 1, 1, 1, 1, 1, 1, 1, 1, 1, 1, 1, 1, 1, 1, 1, 1, 1, 1, 1, 1, 1, 1, 1, 1, 1, 1, 1, 1, 1, 1, 1, 1, 1, 1, 1, 1, 1, 1, 1, 1, 1, 1, 1, 1, 1, 1, 1, 1, 1, 1, 1, 1, 1, 1, 1, 1, 1, 1, 1, 1, 1, 1, 1, 1, 1, 1, 1, 1, 1, 1, 1, 1, 1, 1, 1, 1, 1, 1, 1, 1, 1, 1, 1, 1, 1, 1, 1, 1, 1, 1, 1, 1, 1, 1, 1, 1, 1, 1, 1, 1, 1, 1, 1, 1, 1, 1, 1, 1, 1, 1, 1, 1, 1, 1, 1, 1, 1, 1, 1, 1, 1, 1, 1, 1, 1, 1, 1, 1, 1, 1, 1, 1, 1, 1, 1, 1, 1, 1, 1, 1, 1, 1, 1, 1, 1, 1, 1, 1, 1, 1, 1, 1, 1, 1, 1, 1, 1, 1, 1, 1, 1, 1, 1, 1, 1, 1, 1, 1, 1, 1, 1, 1, 1, 1, 1, 1, 1, 1, 1, 1, 1, 1, 1, 1, 1, 1, 1, 1, 1, 1, 1, 1, 1, 1, 1, 1, 1, 1, 1, 1, 1, 1, 1, 1, 1, 1, 1, 1, 1, 1, 1, 1, 1, 1, 1, 1, 1, 1, 1, 1, 1, 1, 1, 1, 1, 1, 1, 1, 1, 1, 1, 1, 1, 1, 1, 1, 1, 1, 1, 1, 1, 1, 1, 1, 1, 1, 1, 1, 1, 1, 1, 1, 1, 1, 1, 1, 1, 1, 1, 1, 1, 1, 1, 1, 1, 1, 1, 1, 1, 1, 1, 1, 1, 1, 1, 1, 1, 1, 1, 1, 1, 1, 1, 1, 1, 1, 1, 1, 1, 1, 1, 1, 1, 1, 1, 1, 1, 1, 1, 1, 1, 1, 1, 1, 1, 1, 1, 1, 1, 1, 1, 1, 1, 1, 1, 1, 1, 1, 1, 1, 1, 1, 1, 1, 1, 1, 1, 1, 1, 1, 1, 1, 1, 1, 1, 1, 1, 1, 1, 1, 1, 1, 1, 1, 1, 1, 1, 1, 1, 1, 1, 1, 1, 1, 1, 1, 1, 1, 1, 1, 1, 1, 1, 1, 1, 1, 1, 1, 1, 1, 1, 1, 1, 1, 1, 1, 1, 1, 1, 1, 1, 1, 1, 1, 1, 1, 1, 1, 1, 1, 1, 1, 1, 1, 1, 1, 1, 1, 1, 1, 1, 1, 1, 1, 1, 1, 1, 1, 1, 1, 1, 1, 1, 1, 1, 1, 1, 1, 1, 1, 1, 1, 1, 1, 1, 1, 1, 1, 1, 1, 1, 1, 1, 1, 1, 1, 1, 1, 1, 1, 1, 1, 1, 1, 1, 1, 1, 1, 1, 1, 1, 1, 1, 1, 1, 1, 1, 1, 1, 1, 1, 1, 1, 1, 1, 1, 1, 1, 1, 1, 1, 1, 1, 1, 1, 1, 1, 1, 1, 1, 1, 1, 1, 1, 1, 1, 1, 1, 1, 1, 1, 1, 1, 1, 1, 1, 1, 1, 1, 1, 1, 1, 1, 1, 1, 1, 1, 1, 1, 1, 1, 1, 1, 1, 1, 1, 1, 1, 1, 1, 1, 1, 1, 1, 1, 1, 1, 1, 1, 1, 1, 1, 1, 1, 1, 1, 1, 1], [1, 1, 1, 1, 1, 1, 1, 1, 1, 1, 1, 1, 1, 1, 1, 1, 1, 1, 1, 1, 1, 1, 1, 1, 1, 1, 1, 1, 1, 1, 1, 1, 1, 1, 1, 1, 1, 1, 1, 1, 1, 1, 1, 1, 1, 1, 1, 1, 1, 1, 1, 1, 1, 1, 1, 1, 1, 1, 1, 1, 1, 1, 1, 1, 1, 1, 1, 1, 1, 1, 1, 1, 1, 1, 1, 1, 1, 1, 1, 1, 1, 1, 1, 1, 1, 1, 1, 1, 1, 1, 1, 1, 1, 1, 1, 1, 1, 1, 1, 1, 1, 1, 1, 1, 1, 1, 1, 1, 1, 1, 1, 1, 1, 1, 1, 1, 1, 1, 1, 1, 1, 1, 1, 1, 1, 1, 1, 1, 1, 1, 1, 1, 1, 1, 1, 1, 1, 1, 1, 1, 1, 1, 1, 1, 1, 1, 1, 1, 1, 1, 1, 1, 1, 1, 1, 1, 1, 1, 1, 1, 1, 1, 1, 1, 1, 1, 1, 1, 1, 1, 1, 1, 1, 1, 1, 1, 1, 1, 1, 1, 1, 1, 1, 1, 1, 1, 1, 1, 1, 1, 1, 1, 1, 1, 1, 1, 1, 1, 1, 1, 1, 1, 1, 1, 1, 1, 1, 1, 1, 1, 1, 1, 1, 1, 1, 1, 1, 1, 1, 1, 1, 1, 1, 1, 1, 1, 1, 1, 1, 1, 1, 1, 1, 1, 1, 1, 1, 1, 1, 1, 1, 1, 1, 1, 1, 1, 1, 1, 1, 1, 1, 1, 1, 1, 1, 1, 1, 1, 1, 1, 1, 1, 1, 1, 1, 1, 1, 1, 1, 1, 1, 1, 1, 1, 1, 1, 1, 1, 1, 1, 1, 1, 1, 1, 1, 1, 1, 1, 1, 1, 1, 1, 1, 1, 1, 1, 1, 1, 1, 1, 1, 1, 1, 1, 1, 1, 1, 1, 1, 1, 1, 1, 1, 1, 1, 1, 1, 1, 1, 1, 1, 1, 1, 1, 1, 1, 1, 1, 1, 1, 1, 1, 1, 1, 1, 1, 1, 1, 1, 1, 1, 1, 1, 1, 1, 1, 1, 1, 1, 1, 1, 1, 1, 1, 1, 1, 1, 1, 1, 1, 1, 1, 1, 1, 1, 1, 1, 1, 1, 1, 1, 1, 1, 1, 1, 1, 1, 1, 1, 1, 1, 1, 1, 1, 1, 1, 1, 1, 1, 1, 1, 1, 1, 1, 1, 1, 1, 1, 1, 1, 1, 1, 1, 1, 1, 1, 1, 1, 1, 1, 1, 1, 1, 1, 1, 1, 1, 1, 1, 1, 1, 1, 1, 1, 1, 1, 1, 1, 1, 1, 1, 1, 1, 1, 1, 1, 1, 1, 1, 1, 1, 1, 1, 1, 1, 1, 1, 1, 1, 1, 1, 1, 1, 1, 1, 1, 1, 1, 1, 1, 1, 1, 1, 1, 1, 1, 1, 1, 1, 1, 1, 1, 1, 1, 1, 1, 1, 1, 1, 1, 1, 1, 1, 1, 1, 1, 1, 1, 1, 1, 1, 1, 1, 1, 1, 1, 1, 1, 1, 1, 1, 1, 1, 1, 1, 1, 1, 1, 1, 1, 1, 1, 1, 1, 1, 1, 1, 1, 1, 1, 1, 1, 1, 1, 1, 1, 1, 1, 1, 1, 1, 1, 1, 1, 1, 1, 1, 1, 1, 1, 1, 1, 1, 1, 1, 1, 1, 1, 1, 1, 1, 1, 1, 1, 1, 1, 1, 1, 1, 1, 1, 1, 1, 1, 1, 1, 1, 1, 1, 1, 1, 1, 1, 1, 1, 1, 1, 1, 1, 1, 1, 1, 1, 1, 1, 1, 1, 1, 1, 1, 1, 1, 1, 1, 1, 1, 1, 1, 1, 1, 1, 1, 1, 1, 1, 1, 1, 1, 1, 1, 1, 1, 1, 1, 1, 1, 1, 1, 1, 1, 1, 1, 1, 1, 1, 1, 1, 1, 1, 1, 1, 1, 1, 1, 1, 1, 1, 1, 1, 1, 1, 1, 1, 1, 1, 1, 1, 1, 1, 1, 1, 1, 1, 1, 1, 1, 1, 1, 1, 1, 1, 1, 1, 1, 1, 1, 1, 1, 1, 1, 1, 1, 1, 1, 1, 1, 1, 1, 1, 1, 1, 1, 1, 1, 1, 1, 1, 1, 1, 1, 1, 1, 1, 1, 1, 1, 1, 1, 1, 1, 1, 1, 1, 1, 1, 1, 1, 1, 1, 1, 1, 1, 1, 1, 1, 1, 1, 1, 1, 1, 1, 1, 1, 1, 1, 1, 1, 1, 1, 1, 1, 1, 1, 1, 1, 1, 1, 1, 1, 1, 1, 1, 1, 1, 1, 1, 1, 1, 1, 1, 1, 1, 1, 1, 1, 1, 1, 1, 1, 1, 1, 1, 1, 1, 1, 1, 1, 1, 1, 1, 1, 1, 1, 1, 1, 1, 1, 1, 1, 1, 1, 1, 1, 1, 1, 1, 1, 1, 1, 1, 1, 1, 1, 1, 1, 1, 1, 1, 1, 1, 1, 1, 1, 1, 1, 1, 1, 1, 1, 1, 1, 1, 1, 1, 1, 1, 1, 1, 1, 1, 1, 1, 1, 1, 1, 1, 1, 1, 1, 1, 1, 1, 1, 1, 1, 1, 1, 1, 1, 1, 1, 1, 1, 1, 1, 1, 1, 1, 1, 1, 1, 1, 1, 1, 1, 1, 1, 1, 1, 1, 1, 1, 1, 1, 1, 1, 1, 1, 1, 1, 1, 1, 1, 1, 1, 1, 1, 1, 1, 1, 1, 1, 1, 1, 1, 1, 1, 1, 1, 1, 1, 1, 1, 1, 1, 1, 1, 1, 1, 1, 1, 1, 1, 1, 1, 1, 1, 1, 1, 1, 1, 1, 1, 1, 1, 1, 1, 1, 1, 1, 1, 1, 1, 1, 1, 1, 1, 1, 1, 1, 1, 1, 1, 1, 1, 1, 1, 1, 1, 1, 1, 1, 1, 1, 1, 1, 1, 1, 1, 1, 1, 1, 1, 1, 1, 1, 1, 1, 1, 1, 1, 1, 1, 1, 1, 1, 1, 1, 1, 1, 1, 1, 1, 1, 1, 1, 1, 1, 1, 1, 1, 1, 1, 1, 1, 1, 1, 1, 1, 1, 1, 1, 1, 1, 1, 1, 1, 1, 1, 1, 1, 1, 1, 1, 1, 1, 1, 1, 1, 1, 1, 1, 1, 1, 1, 1, 1, 1, 1, 1, 1, 1, 1, 1, 1, 1, 1, 1, 1, 1, 1, 1, 1, 1, 1, 1, 1, 1, 1, 1, 1, 1, 1, 1, 1, 1, 1, 1, 1, 1, 1, 1, 1, 1, 1, 1, 1, 1, 1, 1, 1, 1, 1, 1, 1, 1, 1, 1, 1, 1, 1, 1, 1, 1, 1, 1, 1, 1, 1, 1, 1, 1, 1, 1, 1, 1, 1, 1, 1, 1, 1, 1, 1, 1, 1, 1, 1, 1, 1, 1, 1, 1, 1, 1, 1, 1, 1, 1, 1, 1, 1, 1, 1, 1, 1, 1, 1, 1, 1, 1, 1, 1, 1, 1, 1, 1, 1, 1, 1, 1, 1, 1, 1, 1, 1, 1, 1, 1, 1, 1, 1, 1, 1, 1, 1, 1, 1, 1, 1, 1, 1, 1, 1, 1, 1, 1, 1, 1, 1, 1, 1, 1, 1, 1, 1, 1, 1, 1, 1, 1, 1, 1, 1, 1, 1, 1, 1, 1, 1, 1, 1, 1, 1, 1, 1, 1, 1, 1, 1, 1, 1, 1, 1, 1, 1, 1, 1, 1, 1, 1, 1, 1, 1, 1, 1, 1, 1, 1, 1, 1, 1, 1, 1, 1, 1, 1, 1, 1, 1, 1, 1, 1, 1, 1, 1, 1, 1, 1, 1, 1, 1, 1, 1, 1, 1, 1, 1, 1, 1, 1, 1, 1, 1, 1, 1, 1, 1, 1, 1, 1, 1, 1, 1, 1, 1, 1, 1, 1, 1, 1, 1, 1, 1, 1, 1, 1, 1, 1, 1, 1, 1, 1, 1, 1, 1, 1, 1, 1, 1, 1, 1, 1, 1, 1, 1, 1, 1, 1, 1, 1, 1, 1, 1, 1, 1, 1, 1, 1, 1, 1, 1, 1, 1, 1, 1, 1, 1, 1, 1, 1, 1, 1, 1, 1, 1, 1, 1, 1, 1, 1, 1, 1, 1, 1, 1, 1, 1, 1, 1, 1, 1, 1, 1, 1, 1, 1, 1, 1, 1, 1, 1, 1, 1, 1, 1, 1, 1, 1, 1, 1, 1, 1, 1, 1, 1, 1, 1, 1, 1, 1, 1, 1, 1, 1, 1, 1, 1, 1, 1, 1, 1, 1, 1, 1, 1, 1, 1, 1, 1, 1, 1, 1, 1, 1, 1, 1, 1, 1, 1, 1, 1, 1, 1, 1, 1, 1, 1, 1, 1, 1, 1, 1, 1, 1, 1, 1, 1, 1, 1, 1, 1, 1, 1, 1, 1, 1, 1, 1, 1, 1, 1, 1, 1, 1, 1, 1, 1, 1, 1, 1, 1, 1, 1, 1, 1, 1, 1, 1, 1, 1, 1, 1, 1, 1, 1, 1, 1, 1, 1, 1, 1, 1, 1, 1, 1, 1, 1, 1, 1, 1, 1, 1, 1, 1, 1, 1, 1, 1, 1, 1, 1, 1, 1, 1, 1, 1, 1, 1, 1, 1, 1, 1, 1, 1, 1, 1, 1, 1, 1, 1, 1, 1, 1, 1, 1, 1, 1, 1, 1, 1, 1, 1, 1, 1, 1, 1, 1, 1, 1, 1, 1, 1, 1, 1, 1, 1, 1, 1, 1, 1, 1, 1, 1, 1, 1, 1, 1, 1, 1, 1, 1, 1, 1, 1, 1, 1, 1, 1, 1, 1, 1, 1, 1, 1, 1, 1, 1, 1, 1, 1, 1, 1, 1, 1, 1, 1, 1, 1, 1, 1, 1, 1, 1, 1, 1, 1, 1, 1, 1, 1, 1, 1, 1, 1, 1, 1, 1, 1, 1, 1, 1, 1, 1, 1, 1, 1, 1, 1, 1, 1, 1, 1, 1, 1, 1, 1, 1, 1, 1, 1, 1, 1, 1, 1, 1, 1, 1, 1, 1, 1, 1, 1, 1, 1, 1, 1, 1, 1, 1, 1, 1, 1, 1, 1, 1, 1, 1, 1, 1, 1, 1, 1, 1, 1, 1, 1, 1, 1, 1, 1, 1, 1, 1, 1, 1, 1, 1, 1, 1, 1, 1, 1, 1, 1, 1, 1, 1, 1, 1, 1, 1, 1, 1, 1], [1, 1, 1, 1, 1, 1, 1, 1, 1, 1, 1, 1, 1, 1, 1, 1, 1, 1, 1, 1, 1, 1, 1, 1, 1, 1, 1, 1, 1, 1, 1, 1, 1, 1, 1, 1, 1, 1, 1, 1, 1, 1, 1, 1, 1, 1, 1, 1, 1, 1, 1, 1, 1, 1, 1, 1, 1, 1, 1, 1, 1, 1, 1, 1, 1, 1, 1, 1, 1, 1, 1, 1, 1, 1, 1, 1, 1, 1, 1, 1, 1, 1, 1, 1, 1, 1, 1, 1, 1, 1, 1, 1, 1, 1, 1, 1, 1, 1, 1, 1, 1, 1, 1, 1, 1, 1, 1, 1, 1, 1, 1, 1, 1, 1, 1, 1, 1, 1, 1, 1, 1, 1, 1, 1, 1, 1, 1, 1, 1, 1, 1, 1, 1, 1, 1, 1, 1, 1, 1, 1, 1, 1, 1, 1, 1, 1, 1, 1, 1, 1, 1, 1, 1, 1, 1, 1, 1, 1, 1, 1, 1, 1, 1, 1, 1, 1, 1, 1, 1, 1, 1, 1, 1, 1, 1, 1, 1, 1, 1, 1, 1, 1, 1, 1, 1, 1, 1, 1, 1, 1, 1, 1, 1, 1, 1, 1, 1, 1, 1, 1, 1, 1, 1, 1, 1, 1, 1, 1, 1, 1, 1, 1, 1, 1, 1, 1, 1, 1, 1, 1, 1, 1, 1, 1, 1, 1, 1, 1, 1, 1, 1, 1, 1, 1, 1, 1, 1, 1, 1, 1, 1, 1, 1, 1, 1, 1, 1, 1, 1, 1, 1, 1, 1, 1, 1, 1, 1, 1, 1, 1, 1, 1, 1, 1, 1, 1, 1, 1, 1, 1, 1, 1, 1, 1, 1, 1, 1, 1, 1, 1, 1, 1, 1, 1, 1, 1, 1, 1, 1, 1, 1, 1, 1, 1, 1, 1, 1, 1, 1, 1, 1, 1, 1, 1, 1, 1, 1, 1, 1, 1, 1, 1, 1, 1, 1, 1, 1, 1, 1, 1, 1, 1, 1, 1, 1, 1, 1, 1, 1, 1, 1, 1, 1, 1, 1, 1, 1, 1, 1, 1, 1, 1, 1, 1, 1, 1, 1, 1, 1, 1, 1, 1, 1, 1, 1, 1, 1, 1, 1, 1, 1, 1, 1, 1, 1, 1, 1, 1, 1, 1, 1, 1, 1, 1, 1, 1, 1, 1, 1, 1, 1, 1, 1, 1, 1, 1, 1, 1, 1, 1, 1, 1, 1, 1, 1, 1, 1, 1, 1, 1, 1, 1, 1, 1, 1, 1, 1, 1, 1, 1, 1, 1, 1, 1, 1, 1, 1, 1, 1, 1, 1, 1, 1, 1, 1, 1, 1, 1, 1, 1, 1, 1, 1, 1, 1, 1, 1, 1, 1, 1, 1, 1, 1, 1, 1, 1, 1, 1, 1, 1, 1, 1, 1, 1, 1, 1, 1, 1, 1, 1, 1, 1, 1, 1, 1, 1, 1, 1, 1, 1, 1, 1, 1, 1, 1, 1, 1, 1, 1, 1, 1, 1, 1, 1, 1, 1, 1, 1, 1, 1, 1, 1, 1, 1, 1, 1, 1, 1, 1, 1, 1, 1, 1, 1, 1, 1, 1, 1, 1, 1, 1, 1, 1, 1, 1, 1, 1, 1, 1, 1, 1, 1, 1, 1, 1, 1, 1, 1, 1, 1, 1, 1, 1, 1, 1, 1, 1, 1, 1, 1, 1, 1, 1, 1, 1, 1, 1, 1, 1, 1, 1, 1, 1, 1, 1, 1, 1, 1, 1, 1, 1, 1, 1, 1, 1, 1, 1, 1, 1, 1, 1, 1, 1, 1, 1, 1, 1, 1, 1, 1, 1, 1, 1, 1, 1, 1, 1, 1, 1, 1, 1, 1, 1, 1, 1, 1, 1, 1, 1, 1, 1, 1, 1, 1, 1, 1, 1, 1, 1, 1, 1, 1, 1, 1, 1, 1, 1, 1, 1, 1, 1, 1, 1, 1, 1, 1, 1, 1, 1, 1, 1, 1, 1, 1, 1, 1, 1, 1, 1, 1, 1, 1, 1, 1, 1, 1, 1, 1, 1, 1, 1, 1, 1, 1, 1, 1, 1, 1, 1, 1, 1, 1, 1, 1, 1, 1, 1, 1, 1, 1, 1, 1, 1, 1, 1, 1, 1, 1, 1, 1, 1, 1, 1, 1, 1, 1, 1, 1, 1, 1, 1, 1, 1, 1, 1, 1, 1, 1, 1, 1, 1, 1, 1, 1, 1, 1, 1, 1, 1, 1, 1, 1, 1, 1, 1, 1, 1, 1, 1, 1, 1, 1, 1, 1, 1, 1, 1, 1, 1, 1, 1, 1, 1, 1, 1, 1, 1, 1, 1, 1, 1, 1, 1, 1, 1, 1, 1, 1, 1, 1, 1, 1, 1, 1, 1, 1, 1, 1, 1, 1, 1, 1, 1, 1, 1, 1, 1, 1, 1, 1, 1, 1, 1, 1, 1, 1, 1, 1, 1, 1, 1, 1, 1, 1, 1, 1, 1, 1, 1, 1, 1, 1, 1, 1, 1, 1, 1, 1, 1, 1, 1, 1, 1, 1, 1, 1, 1, 1, 1, 1, 1, 1, 1, 1, 1, 1, 1, 1, 1, 1, 1, 1, 1, 1, 1, 1, 1, 1, 1, 1, 1, 1, 1, 1, 1, 1, 1, 1, 1, 1, 1, 1, 1, 1, 1, 1, 1, 1, 1, 1, 1, 1, 1, 1, 1, 1, 1, 1, 1, 1, 1, 1, 1, 1, 1, 1, 1, 1, 1, 1, 1, 1, 1, 1, 1, 1, 1, 1, 1, 1, 1, 1, 1, 1, 1, 1, 1, 1, 1, 1, 1, 1, 1, 1, 1, 1, 1, 1, 1, 1, 1, 1, 1, 1, 1, 1, 1, 1, 1, 1, 1, 1, 1, 1, 1, 1, 1, 1, 1, 1, 1, 1, 1, 1, 1, 1, 1, 1, 1, 1, 1, 1, 1, 1, 1, 1, 1, 1, 1, 1, 1, 1, 1, 1, 1, 1, 1, 1, 1, 1, 1, 1, 1, 1, 1, 1, 1, 1, 1, 1, 1, 1, 1, 1, 1, 1, 1, 1, 1, 1, 1, 1, 1, 1, 1, 1, 1, 1, 1, 1, 1, 1, 1, 1, 1, 1, 1, 1, 1, 1, 1, 1, 1, 1, 1, 1, 1, 1, 1, 1, 1, 1, 1, 1, 1, 1, 1, 1, 1, 1, 1, 1, 1, 1, 1, 1, 1, 1, 1, 1, 1, 1, 1, 1, 1, 1, 1, 1, 1, 1, 1, 1, 1, 1, 1, 1, 1, 1, 1, 1, 1, 1, 1, 1, 1, 1, 1, 1, 1, 1, 1, 1, 1, 1, 1, 1, 1, 1, 1, 1, 1, 1, 1, 1, 1, 1, 1, 1, 1, 1, 1, 1, 1, 1, 1, 1, 1, 1, 1, 1, 1, 1, 1, 1, 1, 1, 1, 1, 1, 1, 1, 1, 1, 1, 1, 1, 1, 1, 1, 1, 1, 1, 1, 1, 1, 1, 1, 1, 1, 1, 1, 1, 1, 1, 1, 1, 1, 1, 1, 1, 1, 1, 1, 1, 1, 1, 1, 1, 1, 1, 1, 1, 1, 1, 1, 1, 1, 1, 1, 1, 1, 1, 1, 1, 1, 1, 1, 1, 1, 1, 1, 1, 1, 1, 1, 1, 1, 1, 1, 1, 1, 1, 1, 1, 1, 1, 1, 1, 1, 1, 1, 1, 1, 1, 1, 1, 1, 1, 1, 1, 1, 1, 1, 1, 1, 1, 1, 1, 1, 1, 1, 1, 1, 1, 1, 1, 1, 1, 1, 1, 1, 1, 1, 1, 1, 1, 1, 1, 1, 1, 1, 1, 1, 1, 1, 1, 1, 1, 1, 1, 1, 1, 1, 1, 1, 1, 1, 1, 1, 1, 1, 1, 1, 1, 1, 1, 1, 1, 1, 1, 1, 1, 1, 1, 1, 1, 1, 1, 1, 1, 1, 1, 1, 1, 1, 1, 1, 1, 1, 1, 1, 1, 1, 1, 1, 1, 1, 1, 1, 1, 1, 1, 1, 1, 1, 1, 1, 1, 1, 1, 1, 1, 1, 1, 1, 1, 1, 1, 1, 1, 1, 1, 1, 1, 1, 1, 1, 1, 1, 1, 1, 1, 1, 1, 1, 1, 1, 1, 1, 1, 1, 1, 1, 1, 1, 1, 1, 1, 1, 1, 1, 1, 1, 1, 1, 1, 1, 1, 1, 1, 1, 1, 1, 1, 1, 1, 1, 1, 1, 1, 1, 1, 1, 1, 1, 1, 1, 1, 1, 1, 1, 1, 1, 1, 1, 1, 1, 1, 1, 1, 1, 1, 1, 1, 1, 1, 1, 1, 1, 1, 1, 1, 1, 1, 1, 1, 1, 1, 1, 1, 1, 1, 1, 1, 1, 1, 1, 1, 1, 1, 1, 1, 1, 1, 1, 1, 1, 1, 1, 1, 1, 1, 1, 1, 1, 1, 1, 1, 1, 1, 1, 1, 1, 1, 1, 1, 1, 1, 1, 1, 1, 1, 1, 1, 1, 1, 1, 1, 1, 1, 1, 1, 1, 1, 1, 1, 1, 1, 1, 1, 1, 1, 1, 1, 1, 1, 1, 1, 1, 1, 1, 1, 1, 1, 1, 1, 1, 1, 1, 1, 1, 1, 1, 1, 1, 1, 1, 1, 1, 1, 1, 1, 1, 1, 1, 1, 1, 1, 1, 1, 1, 1, 1, 1, 1, 1, 1, 1, 1, 1, 1, 1, 1, 1, 1, 1, 1, 1, 1, 1, 1, 1, 1, 1, 1, 1, 1, 1, 1, 1, 1, 1, 1, 1, 1, 1, 1, 1, 1, 1, 1, 1, 1, 1, 1, 1, 1, 1, 1, 1, 1, 1, 1, 1, 1, 1, 1, 1, 1, 1, 1, 1, 1, 1, 1, 1, 1, 1, 1, 1, 1, 1, 1, 1, 1, 1, 1, 1, 1, 1, 1, 1, 1, 1, 1, 1, 1, 1, 1, 1, 1, 1, 1, 1, 1, 1, 1, 1, 1, 1, 1, 1, 1, 1, 1, 1, 1, 1, 1, 1, 1, 1, 1, 1, 1, 1, 1, 1, 1, 1, 1, 1, 1, 1, 1, 1, 1, 1, 1, 1, 1, 1, 1, 1, 1, 1, 1, 1, 1, 1, 1, 1, 1, 1, 1, 1, 1, 1, 1, 1, 1, 1, 1, 1, 1, 1, 1, 1, 1, 1, 1, 1, 1, 1, 1, 1, 1, 1, 1, 1, 1, 1, 1, 1, 1, 1, 1, 1, 1, 1, 1, 1, 1, 1], [1, 1, 1, 1, 1, 1, 1, 1, 1, 1, 1, 1, 1, 1, 1, 1, 1, 1, 1, 1, 1, 1, 1, 1, 1, 1, 1, 1, 1, 1, 1, 1, 1, 1, 1, 1, 1, 1, 1, 1, 1, 1, 1, 1, 1, 1, 1, 1, 1, 1, 1, 1, 1, 1, 1, 1, 1, 1, 1, 1, 1, 1, 1, 1, 1, 1, 1, 1, 1, 1, 1, 1, 1, 1, 1, 1, 1, 1, 1, 1, 1, 1, 1, 1, 1, 1, 1, 1, 1, 1, 1, 1, 1, 1, 1, 1, 1, 1, 1, 1, 1, 1, 1, 1, 1, 1, 1, 1, 1, 1, 1, 1, 1, 1, 1, 1, 1, 1, 1, 1, 1, 1, 1, 1, 1, 1, 1, 1, 1, 1, 1, 1, 1, 1, 1, 1, 1, 1, 1, 1, 1, 1, 1, 1, 1, 1, 1, 1, 1, 1, 1, 1, 1, 1, 1, 1, 1, 1, 1, 1, 1, 1, 1, 1, 1, 1, 1, 1, 1, 1, 1, 1, 1, 1, 1, 1, 1, 1, 1, 1, 1, 1, 1, 1, 1, 1, 1, 1, 1, 1, 1, 1, 1, 1, 1, 1, 1, 1, 1, 1, 1, 1, 1, 1, 1, 1, 1, 1, 1, 1, 1, 1, 1, 1, 1, 1, 1, 1, 1, 1, 1, 1, 1, 1, 1, 1, 1, 1, 1, 1, 1, 1, 1, 1, 1, 1, 1, 1, 1, 1, 1, 1, 1, 1, 1, 1, 1, 1, 1, 1, 1, 1, 1, 1, 1, 1, 1, 1, 1, 1, 1, 1, 1, 1, 1, 1, 1, 1, 1, 1, 1, 1, 1, 1, 1, 1, 1, 1, 1, 1, 1, 1, 1, 1, 1, 1, 1, 1, 1, 1, 1, 1, 1, 1, 1, 1, 1, 1, 1, 1, 1, 1, 1, 1, 1, 1, 1, 1, 1, 1, 1, 1, 1, 1, 1, 1, 1, 1, 1, 1, 1, 1, 1, 1, 1, 1, 1, 1, 1, 1, 1, 1, 1, 1, 1, 1, 1, 1, 1, 1, 1, 1, 1, 1, 1, 1, 1, 1, 1, 1, 1, 1, 1, 1, 1, 1, 1, 1, 1, 1, 1, 1, 1, 1, 1, 1, 1, 1, 1, 1, 1, 1, 1, 1, 1, 1, 1, 1, 1, 1, 1, 1, 1, 1, 1, 1, 1, 1, 1, 1, 1, 1, 1, 1, 1, 1, 1, 1, 1, 1, 1, 1, 1, 1, 1, 1, 1, 1, 1, 1, 1, 1, 1, 1, 1, 1, 1, 1, 1, 1, 1, 1, 1, 1, 1, 1, 1, 1, 1, 1, 1, 1, 1, 1, 1, 1, 1, 1, 1, 1, 1, 1, 1, 1, 1, 1, 1, 1, 1, 1, 1, 1, 1, 1, 1, 1, 1, 1, 1, 1, 1, 1, 1, 1, 1, 1, 1, 1, 1, 1, 1, 1, 1, 1, 1, 1, 1, 1, 1, 1, 1, 1, 1, 1, 1, 1, 1, 1, 1, 1, 1, 1, 1, 1, 1, 1, 1, 1, 1, 1, 1, 1, 1, 1, 1, 1, 1, 1, 1, 1, 1, 1, 1, 1, 1, 1, 1, 1, 1, 1, 1, 1, 1, 1, 1, 1, 1, 1, 1, 1, 1, 1, 1, 1, 1, 1, 1, 1, 1, 1, 1, 1, 1, 1, 1, 1, 1, 1, 1, 1, 1, 1, 1, 1, 1, 1, 1, 1, 1, 1, 1, 1, 1, 1, 1, 1, 1, 1, 1, 1, 1, 1, 1, 1, 1, 1, 1, 1, 1, 1, 1, 1, 1, 1, 1, 1, 1, 1, 1, 1, 1, 1, 1, 1, 1, 1, 1, 1, 1, 1, 1, 1, 1, 1, 1, 1, 1, 1, 1, 1, 1, 1, 1, 1, 1, 1, 1, 1, 1, 1, 1, 1, 1, 1, 1, 1, 1, 1, 1, 1, 1, 1, 1, 1, 1, 1, 1, 1, 1, 1, 1, 1, 1, 1, 1, 1, 1, 1, 1, 1, 1, 1, 1, 1, 1, 1, 1, 1, 1, 1, 1, 1, 1, 1, 1, 1, 1, 1, 1, 1, 1, 1, 1, 1, 1, 1, 1, 1, 1, 1, 1, 1, 1, 1, 1, 1, 1, 1, 1, 1, 1, 1, 1, 1, 1, 1, 1, 1, 1, 1, 1, 1, 1, 1, 1, 1, 1, 1, 1, 1, 1, 1, 1, 1, 1, 1, 1, 1, 1, 1, 1, 1, 1, 1, 1, 1, 1, 1, 1, 1, 1, 1, 1, 1, 1, 1, 1, 1, 1, 1, 1, 1, 1, 1, 1, 1, 1, 1, 1, 1, 1, 1, 1, 1, 1, 1, 1, 1, 1, 1, 1, 1, 1, 1, 1, 1, 1, 1, 1, 1, 1, 1, 1, 1, 1, 1, 1, 1, 1, 1, 1, 1, 1, 1, 1, 1, 1, 1, 1, 1, 1, 1, 1, 1, 1, 1, 1, 1, 1, 1, 1, 1, 1, 1, 1, 1, 1, 1, 1, 1, 1, 1, 1, 1, 1, 1, 1, 1, 1, 1, 1, 1, 1, 1, 1, 1, 1, 1, 1, 1, 1, 1, 1, 1, 1, 1, 1, 1, 1, 1, 1, 1, 1, 1, 1, 1, 1, 1, 1, 1, 1, 1, 1, 1, 1, 1, 1, 1, 1, 1, 1, 1, 1, 1, 1, 1, 1, 1, 1, 1, 1, 1, 1, 1, 1, 1, 1, 1, 1, 1, 1, 1, 1, 1, 1, 1, 1, 1, 1, 1, 1, 1, 1, 1, 1, 1, 1, 1, 1, 1, 1, 1, 1, 1, 1, 1, 1, 1, 1, 1, 1, 1, 1, 1, 1, 1, 1, 1, 1, 1, 1, 1, 1, 1, 1, 1, 1, 1, 1, 1, 1, 1, 1, 1, 1, 1, 1, 1, 1, 1, 1, 1, 1, 1, 1, 1, 1, 1, 1, 1, 1, 1, 1, 1, 1, 1, 1, 1, 1, 1, 1, 1, 1, 1, 1, 1, 1, 1, 1, 1, 1, 1, 1, 1, 1, 1, 1, 1, 1, 1, 1, 1, 1, 1, 1, 1, 1, 1, 1, 1, 1, 1, 1, 1, 1, 1, 1, 1, 1, 1, 1, 1, 1, 1, 1, 1, 1, 1, 1, 1, 1, 1, 1, 1, 1, 1, 1, 1, 1, 1, 1, 1, 1, 1, 1, 1, 1, 1, 1, 1, 1, 1, 1, 1, 1, 1, 1, 1, 1, 1, 1, 1, 1, 1, 1, 1, 1, 1, 1, 1, 1, 1, 1, 1, 1, 1, 1, 1, 1, 1, 1, 1, 1, 1, 1, 1, 1, 1, 1, 1, 1, 1, 1, 1, 1, 1, 1, 1, 1, 1, 1, 1, 1, 1, 1, 1, 1, 1, 1, 1, 1, 1, 1, 1, 1, 1, 1, 1, 1, 1, 1, 1, 1, 1, 1, 1, 1, 1, 1, 1, 1, 1, 1, 1, 1, 1, 1, 1, 1, 1, 1, 1, 1, 1, 1, 1, 1, 1, 1, 1, 1, 1, 1, 1, 1, 1, 1, 1, 1, 1, 1, 1, 1, 1, 1, 1, 1, 1, 1, 1, 1, 1, 1, 1, 1, 1, 1, 1, 1, 1, 1, 1, 1, 1, 1, 1, 1, 1, 1, 1, 1, 1, 1, 1, 1, 1, 1, 1, 1, 1, 1, 1, 1, 1, 1, 1, 1, 1, 1, 1, 1, 1, 1, 1, 1, 1, 1, 1, 1, 1, 1, 1, 1, 1, 1, 1, 1, 1, 1, 1, 1, 1, 1, 1, 1, 1, 1, 1, 1, 1, 1, 1, 1, 1, 1, 1, 1, 1, 1, 1, 1, 1, 1, 1, 1, 1, 1, 1, 1, 1, 1, 1, 1, 1, 1, 1, 1, 1, 1, 1, 1, 1, 1, 1, 1, 1, 1, 1, 1, 1, 1, 1, 1, 1, 1, 1, 1, 1, 1, 1, 1, 1, 1, 1, 1, 1, 1, 1, 1, 1, 1, 1, 1, 1, 1, 1, 1, 1, 1, 1, 1, 1, 1, 1, 1, 1, 1, 1, 1, 1, 1, 1, 1, 1, 1, 1, 1, 1, 1, 1, 1, 1, 1, 1, 1, 1, 1, 1, 1, 1, 1, 1, 1, 1, 1, 1, 1, 1, 1, 1, 1, 1, 1, 1, 1, 1, 1, 1, 1, 1, 1, 1, 1, 1, 1, 1, 1, 1, 1, 1, 1, 1, 1, 1, 1, 1, 1, 1, 1, 1, 1, 1, 1, 1, 1, 1, 1, 1, 1, 1, 1, 1, 1, 1, 1, 1, 1, 1, 1, 1, 1, 1, 1, 1, 1, 1, 1, 1, 1, 1, 1, 1, 1, 1, 1, 1, 1, 1, 1, 1, 1, 1, 1, 1, 1, 1, 1, 1, 1, 1, 1, 1, 1, 1, 1, 1, 1, 1, 1, 1, 1, 1, 1, 1, 1, 1, 1, 1, 1, 1, 1, 1, 1, 1, 1, 1, 1, 1, 1, 1, 1, 1, 1, 1, 1, 1, 1, 1, 1, 1, 1, 1, 1, 1, 1, 1, 1, 1, 1, 1, 1, 1, 1, 1, 1, 1, 1, 1, 1, 1, 1, 1, 1, 1, 1, 1, 1, 1, 1, 1, 1, 1, 1, 1, 1, 1, 1, 1, 1, 1, 1, 1, 1, 1, 1, 1, 1, 1, 1, 1, 1, 1, 1, 1, 1, 1, 1, 1, 1, 1, 1, 1, 1, 1, 1, 1, 1, 1, 1, 1, 1, 1, 1, 1, 1, 1, 1, 1, 1, 1, 1, 1, 1, 1, 1, 1, 1, 1, 1, 1, 1, 1, 1, 1, 1, 1, 1, 1, 1, 1, 1, 1, 1, 1, 1, 1, 1, 1, 1, 1, 1, 1, 1, 1, 1, 1, 1, 1, 1, 1, 1, 1, 1, 1, 1, 1, 1, 1, 1, 1, 1, 1, 1, 1, 1, 1, 1, 1, 1, 1, 1, 1, 1, 1, 1, 1, 1, 1, 1, 1, 1, 1, 1, 1, 1, 1, 1, 1, 1, 1, 1, 1, 1, 1, 1, 1, 1, 1, 1, 1, 1, 1, 1, 1, 1, 1, 1, 1, 1, 1, 1, 1, 1, 1, 1, 1, 1, 1, 1, 1, 1, 1, 1, 1, 1, 1, 1, 1, 1, 1, 1, 1, 1, 1, 1, 1, 1, 1, 1, 1, 1, 1, 1, 1, 1, 1, 1, 1, 1, 1]]
  no_load_optim ................................... None
  no_load_rng ..................................... None
  no_save_optim ................................... None
  no_save_rng ..................................... None
  num_attention_heads ............................. 8
  num_channels .................................... 3
  num_classes ..................................... 1000
  num_gpus ........................................ [1, 1, 1, 1, 1, 1, 1, 1]
  num_layers ...................................... 1024
  num_layers_per_virtual_pipeline_stage ........... None
  num_ops_in_each_stage ........................... [1662, 1663, 1664, 1664, 1664, 1664, 1664, 1670]
  num_stages ...................................... 8
  num_workers ..................................... 2
  onnx_safe ....................................... None
  openai_gelu ..................................... False
  optimizer ....................................... adam
  override_lr_scheduler ........................... False
  params_dtype .................................... torch.float16
  patch_dim ....................................... 16
  pipeline_model_parallel_size .................... 1
  prof_cache_file ................................. None
  prof_mbs_list ................................... None
  prof_memory_only ................................ False
  prof_model_name ................................. all
  prof_model_size ................................. all
  prof_node_rank .................................. None
  prof_num_nodes .................................. None
  prof_path ....................................... None
  prof_ref_data ................................... None
  prof_repeat_threshold ........................... None
  prof_repeat_times ............................... [50]
  prof_skip_running ............................... False
  prof_time_only .................................. False
  prof_tp_size .................................... None
  prof_warmup_threshold ........................... None
  prof_warmup_times ............................... 20
  query_in_block_prob ............................. 0.1
  rampup_batch_size ............................... None
  rank ............................................ 0
  recompute_ops ................................... [[0, 0, 1, 1, 1, 1, 1, 1, 1, 1, 1, 1, 1, 1, 1, 1, 1, 1, 1, 1, 1, 1, 1, 1, 1, 1, 1, 1, 1, 1, 1, 1, 1, 1, 1, 1, 1, 1, 1, 1, 1, 1, 1, 1, 1, 1, 1, 1, 1, 1, 1, 1, 1, 1, 1, 1, 1, 1, 1, 1, 1, 1, 1, 1, 1, 1, 1, 1, 1, 1, 1, 1, 1, 1, 1, 1, 1, 1, 1, 1, 1, 1, 1, 1, 1, 1, 1, 1, 1, 1, 1, 1, 1, 1, 1, 1, 1, 1, 1, 1, 1, 1, 1, 1, 1, 1, 1, 1, 1, 1, 1, 1, 1, 1, 1, 1, 1, 1, 1, 1, 1, 1, 1, 1, 1, 1, 1, 1, 1, 1, 1, 1, 1, 1, 1, 1, 1, 1, 1, 1, 1, 1, 1, 1, 1, 1, 1, 1, 1, 1, 1, 1, 1, 1, 1, 1, 1, 1, 1, 1, 1, 1, 1, 1, 1, 1, 1, 1, 1, 1, 1, 1, 1, 1, 1, 1, 1, 1, 1, 1, 1, 1, 1, 1, 1, 1, 1, 1, 1, 1, 1, 1, 1, 1, 1, 1, 1, 1, 1, 1, 1, 1, 1, 1, 1, 1, 1, 1, 1, 1, 1, 1, 1, 1, 1, 1, 1, 1, 1, 1, 1, 1, 1, 1, 1, 1, 1, 1, 1, 1, 1, 1, 1, 1, 1, 1, 1, 1, 1, 1, 1, 1, 1, 1, 1, 1, 1, 1, 1, 1, 1, 1, 1, 1, 1, 1, 1, 1, 1, 1, 1, 1, 1, 1, 1, 1, 1, 1, 1, 1, 1, 1, 1, 1, 1, 1, 1, 1, 1, 1, 1, 1, 1, 1, 1, 1, 1, 1, 1, 1, 1, 1, 1, 1, 1, 1, 1, 1, 1, 1, 1, 1, 1, 1, 1, 1, 1, 1, 1, 1, 1, 1, 1, 1, 1, 1, 1, 1, 1, 1, 1, 1, 1, 1, 1, 1, 1, 1, 1, 1, 1, 1, 1, 1, 1, 1, 1, 1, 1, 1, 1, 1, 1, 1, 1, 1, 1, 1, 1, 1, 1, 1, 1, 1, 1, 1, 1, 1, 1, 1, 1, 1, 1, 1, 1, 1, 1, 1, 1, 1, 1, 1, 1, 1, 1, 1, 1, 1, 1, 1, 1, 1, 1, 1, 1, 1, 1, 1, 1, 1, 1, 1, 1, 1, 1, 1, 1, 1, 1, 1, 1, 1, 1, 1, 1, 1, 1, 1, 1, 1, 1, 1, 1, 1, 1, 1, 1, 1, 1, 1, 1, 1, 1, 1, 1, 1, 1, 1, 1, 1, 1, 1, 1, 1, 1, 1, 1, 1, 1, 1, 1, 1, 1, 1, 1, 1, 1, 1, 1, 1, 1, 1, 1, 1, 1, 1, 1, 1, 1, 1, 1, 1, 1, 1, 1, 1, 1, 1, 1, 1, 1, 1, 1, 1, 1, 1, 1, 1, 1, 1, 1, 1, 1, 1, 1, 1, 1, 1, 1, 1, 1, 1, 1, 1, 1, 1, 1, 1, 1, 1, 1, 1, 1, 1, 1, 1, 1, 1, 1, 1, 1, 1, 1, 1, 1, 1, 1, 1, 1, 1, 1, 1, 1, 1, 1, 1, 1, 1, 1, 1, 1, 1, 1, 1, 1, 1, 1, 1, 1, 1, 1, 1, 1, 1, 1, 1, 1, 1, 1, 1, 1, 1, 1, 1, 1, 1, 1, 1, 1, 1, 1, 1, 1, 1, 1, 1, 1, 1, 1, 1, 1, 1, 1, 1, 1, 1, 1, 1, 1, 1, 1, 1, 1, 1, 1, 1, 1, 1, 1, 1, 1, 1, 1, 1, 1, 1, 1, 1, 1, 1, 1, 1, 1, 1, 1, 1, 1, 1, 1, 1, 1, 1, 1, 1, 1, 1, 1, 1, 1, 1, 1, 1, 1, 1, 1, 1, 1, 1, 1, 1, 1, 1, 1, 1, 1, 1, 1, 1, 1, 1, 1, 1, 1, 1, 1, 1, 1, 1, 1, 1, 1, 1, 1, 1, 1, 1, 1, 1, 1, 1, 1, 1, 1, 1, 1, 1, 1, 1, 1, 1, 1, 1, 1, 1, 1, 1, 1, 1, 1, 1, 1, 1, 1, 1, 1, 1, 1, 1, 1, 1, 1, 1, 1, 1, 1, 1, 1, 1, 1, 1, 1, 1, 1, 1, 1, 1, 1, 1, 1, 1, 1, 1, 1, 1, 1, 1, 1, 1, 1, 1, 1, 1, 1, 1, 1, 1, 1, 1, 1, 1, 1, 1, 1, 1, 1, 1, 1, 1, 1, 1, 1, 1, 1, 1, 1, 1, 1, 1, 1, 1, 1, 1, 1, 1, 1, 1, 1, 1, 1, 1, 1, 1, 1, 1, 1, 1, 1, 1, 1, 1, 1, 1, 1, 1, 1, 1, 1, 1, 1, 1, 1, 1, 1, 1, 1, 1, 1, 1, 1, 1, 1, 1, 1, 1, 1, 1, 1, 1, 1, 1, 1, 1, 1, 1, 1, 1, 1, 1, 1, 1, 1, 1, 1, 1, 1, 1, 1, 1, 1, 1, 1, 1, 1, 1, 1, 1, 1, 1, 1, 1, 1, 1, 1, 1, 1, 1, 1, 1, 1, 1, 1, 1, 1, 1, 1, 1, 1, 1, 1, 1, 1, 1, 1, 1, 1, 1, 1, 1, 1, 1, 1, 1, 1, 1, 1, 1, 1, 1, 1, 1, 1, 1, 1, 1, 1, 1, 1, 1, 1, 1, 1, 1, 1, 1, 1, 1, 1, 1, 1, 1, 1, 1, 1, 1, 1, 1, 1, 1, 1, 1, 1, 1, 1, 1, 1, 1, 1, 1, 1, 1, 1, 1, 1, 1, 1, 1, 1, 1, 1, 1, 1, 1, 1, 1, 1, 1, 1, 1, 1, 1, 1, 1, 1, 1, 1, 1, 1, 1, 1, 1, 1, 1, 1, 1, 1, 1, 1, 1, 1, 1, 1, 1, 1, 1, 1, 1, 1, 1, 1, 1, 1, 1, 1, 1, 1, 1, 1, 1, 1, 1, 1, 1, 1, 1, 1, 1, 1, 1, 1, 1, 1, 1, 1, 1, 1, 1, 1, 1, 1, 1, 1, 1, 1, 1, 1, 1, 1, 1, 1, 1, 1, 1, 1, 1, 1, 1, 1, 1, 1, 1, 1, 1, 1, 1, 1, 1, 1, 1, 1, 1, 1, 1, 1, 1, 1, 1, 1, 1, 1, 1, 1, 1, 1, 1, 1, 1, 1, 1, 1, 1, 1, 1, 1, 1, 1, 1, 1, 1, 1, 1, 1, 1, 1, 1, 1, 1, 1, 1, 1, 1, 1, 1, 1, 1, 1, 1, 1, 1, 1, 1, 1, 1, 1, 1, 1, 1, 1, 1, 1, 1, 1, 1, 1, 1, 1, 1, 1, 1, 1, 1, 1, 1, 1, 1, 1, 1, 1, 1, 1, 1, 1, 1, 1, 1, 1, 1, 1, 1, 1, 1, 1, 1, 1, 1, 1, 1, 1, 1, 1, 1, 1, 1, 1, 1, 1, 1, 1, 1, 1, 1, 1, 1, 1, 1, 1, 1, 1, 1, 1, 1, 1, 1, 1, 1, 1, 1, 1, 1, 1, 1, 1, 1, 1, 1, 1, 1, 1, 1, 1, 1, 1, 1, 1, 1, 1, 1, 1, 1, 1, 1, 1, 1, 1, 1, 1, 1, 1, 1, 1, 1, 1, 1, 1, 1, 1, 1, 1, 1, 1, 1, 1, 1, 1, 1, 1, 1, 1, 1, 1, 1, 1, 1, 1, 1, 1, 1, 1, 1, 1, 1, 1, 1, 1, 1, 1, 1, 1, 1, 1, 1, 1, 1, 1, 1, 1, 1, 1, 1, 1, 1, 1, 1, 1, 1, 1, 1, 1, 1, 1, 1, 1, 1, 1, 1, 1, 1, 1, 1, 1, 1, 1, 1, 1, 1, 1, 1, 1, 1, 1, 1, 1, 1, 1, 1, 1, 1, 1, 1, 1, 1, 1, 1, 1, 1, 1, 1, 1, 1, 1, 1, 1, 1, 1, 1, 1, 1, 1, 1, 1, 1, 1, 1, 1, 1, 1, 1, 1, 1, 1, 1, 1, 1, 1, 1, 1, 1, 1, 1, 1, 1, 1, 1, 1, 1, 1, 1, 1, 1, 1, 1, 1, 1, 1, 1, 1, 1, 1, 1, 1, 1, 1, 1, 1, 1, 1, 1, 1, 1, 1, 1, 1, 1, 1, 1, 1, 1, 1, 1, 1, 1, 1, 1, 1, 1, 1, 1, 1, 1, 1, 1, 1, 1, 1, 1, 1, 1, 1, 1, 1, 1, 1, 1, 1, 1, 1, 1, 1, 1, 1, 1, 1, 1, 1, 1, 1, 1, 1, 1, 1, 1, 1, 1, 1, 1, 1, 1, 1, 1, 1, 1, 1, 1, 1, 1, 1, 1, 1, 1, 1, 1, 1, 1, 1, 1, 1, 1, 1, 1, 1, 1, 1, 1, 1, 1, 1, 1, 1, 1, 1, 1, 1, 1, 1, 1, 1, 1, 1, 1, 1, 1, 1, 1, 1, 1, 1, 1, 1, 1, 1, 1, 1, 1, 1, 1, 1, 1, 1, 1, 1, 1, 1, 1, 1, 1, 1, 1, 1, 1, 1, 1, 1, 1, 1, 1, 1, 1, 1, 1, 1, 1, 1, 1, 1, 1, 1, 1, 1, 1, 1, 1, 1, 1, 1, 1, 1, 1, 1, 1, 1, 1, 1, 1, 1, 1, 1, 1, 1, 1, 1, 1, 1, 1, 1, 1, 1, 1, 1, 1, 1, 1, 1, 1, 1, 1, 1, 1, 1, 1, 1, 1, 1, 1, 1, 1, 1, 1, 1, 1, 1, 1, 1, 1, 1, 1, 1, 1, 1, 1, 1, 1, 1, 1, 1, 1, 1, 1, 1, 1, 1, 1, 1, 1, 1, 1, 1, 1, 1, 1, 1, 1, 1, 1, 1, 1, 1, 1, 1, 1, 1, 1, 1, 1, 1, 1, 1, 1, 1, 1, 1, 1, 1, 1, 1, 1, 1, 1, 1, 1, 1, 1, 1, 1, 1, 1, 1, 1, 1, 1, 1, 1, 1, 1, 1, 1, 1, 1, 1, 1, 1, 1, 1, 1, 1, 1, 1, 1, 1, 1, 1, 1, 1, 1, 1, 1, 1, 1, 1, 1, 1, 1, 1, 1, 1, 1, 1, 1, 1, 1, 1, 1, 1, 1, 1, 1, 1, 1, 1, 1, 1, 1, 1, 1], [1, 1, 1, 1, 1, 1, 1, 1, 1, 1, 1, 1, 1, 1, 1, 1, 1, 1, 1, 1, 1, 1, 1, 1, 1, 1, 1, 1, 1, 1, 1, 1, 1, 1, 1, 1, 1, 1, 1, 1, 1, 1, 1, 1, 1, 1, 1, 1, 1, 1, 1, 1, 1, 1, 1, 1, 1, 1, 1, 1, 1, 1, 1, 1, 1, 1, 1, 1, 1, 1, 1, 1, 1, 1, 1, 1, 1, 1, 1, 1, 1, 1, 1, 1, 1, 1, 1, 1, 1, 1, 1, 1, 1, 1, 1, 1, 1, 1, 1, 1, 1, 1, 1, 1, 1, 1, 1, 1, 1, 1, 1, 1, 1, 1, 1, 1, 1, 1, 1, 1, 1, 1, 1, 1, 1, 1, 1, 1, 1, 1, 1, 1, 1, 1, 1, 1, 1, 1, 1, 1, 1, 1, 1, 1, 1, 1, 1, 1, 1, 1, 1, 1, 1, 1, 1, 1, 1, 1, 1, 1, 1, 1, 1, 1, 1, 1, 1, 1, 1, 1, 1, 1, 1, 1, 1, 1, 1, 1, 1, 1, 1, 1, 1, 1, 1, 1, 1, 1, 1, 1, 1, 1, 1, 1, 1, 1, 1, 1, 1, 1, 1, 1, 1, 1, 1, 1, 1, 1, 1, 1, 1, 1, 1, 1, 1, 1, 1, 1, 1, 1, 1, 1, 1, 1, 1, 1, 1, 1, 1, 1, 1, 1, 1, 1, 1, 1, 1, 1, 1, 1, 1, 1, 1, 1, 1, 1, 1, 1, 1, 1, 1, 1, 1, 1, 1, 1, 1, 1, 1, 1, 1, 1, 1, 1, 1, 1, 1, 1, 1, 1, 1, 1, 1, 1, 1, 1, 1, 1, 1, 1, 1, 1, 1, 1, 1, 1, 1, 1, 1, 1, 1, 1, 1, 1, 1, 1, 1, 1, 1, 1, 1, 1, 1, 1, 1, 1, 1, 1, 1, 1, 1, 1, 1, 1, 1, 1, 1, 1, 1, 1, 1, 1, 1, 1, 1, 1, 1, 1, 1, 1, 1, 1, 1, 1, 1, 1, 1, 1, 1, 1, 1, 1, 1, 1, 1, 1, 1, 1, 1, 1, 1, 1, 1, 1, 1, 1, 1, 1, 1, 1, 1, 1, 1, 1, 1, 1, 1, 1, 1, 1, 1, 1, 1, 1, 1, 1, 1, 1, 1, 1, 1, 1, 1, 1, 1, 1, 1, 1, 1, 1, 1, 1, 1, 1, 1, 1, 1, 1, 1, 1, 1, 1, 1, 1, 1, 1, 1, 1, 1, 1, 1, 1, 1, 1, 1, 1, 1, 1, 1, 1, 1, 1, 1, 1, 1, 1, 1, 1, 1, 1, 1, 1, 1, 1, 1, 1, 1, 1, 1, 1, 1, 1, 1, 1, 1, 1, 1, 1, 1, 1, 1, 1, 1, 1, 1, 1, 1, 1, 1, 1, 1, 1, 1, 1, 1, 1, 1, 1, 1, 1, 1, 1, 1, 1, 1, 1, 1, 1, 1, 1, 1, 1, 1, 1, 1, 1, 1, 1, 1, 1, 1, 1, 1, 1, 1, 1, 1, 1, 1, 1, 1, 1, 1, 1, 1, 1, 1, 1, 1, 1, 1, 1, 1, 1, 1, 1, 1, 1, 1, 1, 1, 1, 1, 1, 1, 1, 1, 1, 1, 1, 1, 1, 1, 1, 1, 1, 1, 1, 1, 1, 1, 1, 1, 1, 1, 1, 1, 1, 1, 1, 1, 1, 1, 1, 1, 1, 1, 1, 1, 1, 1, 1, 1, 1, 1, 1, 1, 1, 1, 1, 1, 1, 1, 1, 1, 1, 1, 1, 1, 1, 1, 1, 1, 1, 1, 1, 1, 1, 1, 1, 1, 1, 1, 1, 1, 1, 1, 1, 1, 1, 1, 1, 1, 1, 1, 1, 1, 1, 1, 1, 1, 1, 1, 1, 1, 1, 1, 1, 1, 1, 1, 1, 1, 1, 1, 1, 1, 1, 1, 1, 1, 1, 1, 1, 1, 1, 1, 1, 1, 1, 1, 1, 1, 1, 1, 1, 1, 1, 1, 1, 1, 1, 1, 1, 1, 1, 1, 1, 1, 1, 1, 1, 1, 1, 1, 1, 1, 1, 1, 1, 1, 1, 1, 1, 1, 1, 1, 1, 1, 1, 1, 1, 1, 1, 1, 1, 1, 1, 1, 1, 1, 1, 1, 1, 1, 1, 1, 1, 1, 1, 1, 1, 1, 1, 1, 1, 1, 1, 1, 1, 1, 1, 1, 1, 1, 1, 1, 1, 1, 1, 1, 1, 1, 1, 1, 1, 1, 1, 1, 1, 1, 1, 1, 1, 1, 1, 1, 1, 1, 1, 1, 1, 1, 1, 1, 1, 1, 1, 1, 1, 1, 1, 1, 1, 1, 1, 1, 1, 1, 1, 1, 1, 1, 1, 1, 1, 1, 1, 1, 1, 1, 1, 1, 1, 1, 1, 1, 1, 1, 1, 1, 1, 1, 1, 1, 1, 1, 1, 1, 1, 1, 1, 1, 1, 1, 1, 1, 1, 1, 1, 1, 1, 1, 1, 1, 1, 1, 1, 1, 1, 1, 1, 1, 1, 1, 1, 1, 1, 1, 1, 1, 1, 1, 1, 1, 1, 1, 1, 1, 1, 1, 1, 1, 1, 1, 1, 1, 1, 1, 1, 1, 1, 1, 1, 1, 1, 1, 1, 1, 1, 1, 1, 1, 1, 1, 1, 1, 1, 1, 1, 1, 1, 1, 1, 1, 1, 1, 1, 1, 1, 1, 1, 1, 1, 1, 1, 1, 1, 1, 1, 1, 1, 1, 1, 1, 1, 1, 1, 1, 1, 1, 1, 1, 1, 1, 1, 1, 1, 1, 1, 1, 1, 1, 1, 1, 1, 1, 1, 1, 1, 1, 1, 1, 1, 1, 1, 1, 1, 1, 1, 1, 1, 1, 1, 1, 1, 1, 1, 1, 1, 1, 1, 1, 1, 1, 1, 1, 1, 1, 1, 1, 1, 1, 1, 1, 1, 1, 1, 1, 1, 1, 1, 1, 1, 1, 1, 1, 1, 1, 1, 1, 1, 1, 1, 1, 1, 1, 1, 1, 1, 1, 1, 1, 1, 1, 1, 1, 1, 1, 1, 1, 1, 1, 1, 1, 1, 1, 1, 1, 1, 1, 1, 1, 1, 1, 1, 1, 1, 1, 1, 1, 1, 1, 1, 1, 1, 1, 1, 1, 1, 1, 1, 1, 1, 1, 1, 1, 1, 1, 1, 1, 1, 1, 1, 1, 1, 1, 1, 1, 1, 1, 1, 1, 1, 1, 1, 1, 1, 1, 1, 1, 1, 1, 1, 1, 1, 1, 1, 1, 1, 1, 1, 1, 1, 1, 1, 1, 1, 1, 1, 1, 1, 1, 1, 1, 1, 1, 1, 1, 1, 1, 1, 1, 1, 1, 1, 1, 1, 1, 1, 1, 1, 1, 1, 1, 1, 1, 1, 1, 1, 1, 1, 1, 1, 1, 1, 1, 1, 1, 1, 1, 1, 1, 1, 1, 1, 1, 1, 1, 1, 1, 1, 1, 1, 1, 1, 1, 1, 1, 1, 1, 1, 1, 1, 1, 1, 1, 1, 1, 1, 1, 1, 1, 1, 1, 1, 1, 1, 1, 1, 1, 1, 1, 1, 1, 1, 1, 1, 1, 1, 1, 1, 1, 1, 1, 1, 1, 1, 1, 1, 1, 1, 1, 1, 1, 1, 1, 1, 1, 1, 1, 1, 1, 1, 1, 1, 1, 1, 1, 1, 1, 1, 1, 1, 1, 1, 1, 1, 1, 1, 1, 1, 1, 1, 1, 1, 1, 1, 1, 1, 1, 1, 1, 1, 1, 1, 1, 1, 1, 1, 1, 1, 1, 1, 1, 1, 1, 1, 1, 1, 1, 1, 1, 1, 1, 1, 1, 1, 1, 1, 1, 1, 1, 1, 1, 1, 1, 1, 1, 1, 1, 1, 1, 1, 1, 1, 1, 1, 1, 1, 1, 1, 1, 1, 1, 1, 1, 1, 1, 1, 1, 1, 1, 1, 1, 1, 1, 1, 1, 1, 1, 1, 1, 1, 1, 1, 1, 1, 1, 1, 1, 1, 1, 1, 1, 1, 1, 1, 1, 1, 1, 1, 1, 1, 1, 1, 1, 1, 1, 1, 1, 1, 1, 1, 1, 1, 1, 1, 1, 1, 1, 1, 1, 1, 1, 1, 1, 1, 1, 1, 1, 1, 1, 1, 1, 1, 1, 1, 1, 1, 1, 1, 1, 1, 1, 1, 1, 1, 1, 1, 1, 1, 1, 1, 1, 1, 1, 1, 1, 1, 1, 1, 1, 1, 1, 1, 1, 1, 1, 1, 1, 1, 1, 1, 1, 1, 1, 1, 1, 1, 1, 1, 1, 1, 1, 1, 1, 1, 1, 1, 1, 1, 1, 1, 1, 1, 1, 1, 1, 1, 1, 1, 1, 1, 1, 1, 1, 1, 1, 1, 1, 1, 1, 1, 1, 1, 1, 1, 1, 1, 1, 1, 1, 1, 1, 1, 1, 1, 1, 1, 1, 1, 1, 1, 1, 1, 1, 1, 1, 1, 1, 1, 1, 1, 1, 1, 1, 1, 1, 1, 1, 1, 1, 1, 1, 1, 1, 1, 1, 1, 1, 1, 1, 1, 1, 1, 1, 1, 1, 1, 1, 1, 1, 1, 1, 1, 1, 1, 1, 1, 1, 1, 1, 1, 1, 1, 1, 1, 1, 1, 1, 1, 1, 1, 1, 1, 1, 1, 1, 1, 1, 1, 1, 1, 1, 1, 1, 1, 1, 1, 1, 1, 1, 1, 1, 1, 1, 1, 1, 1, 1, 1, 1, 1, 1, 1, 1, 1, 1, 1, 1, 1, 1, 1, 1, 1, 1, 1, 1, 1, 1, 1, 1, 1, 1, 1, 1, 1, 1, 1, 1, 1, 1, 1, 1, 1, 1, 1, 1, 1, 1, 1, 1, 1, 1, 1, 1, 1, 1, 1, 1, 1, 1, 1, 1, 1, 1, 1, 1, 1, 1, 1, 1, 1, 1, 1, 1, 1, 1, 1, 1, 1, 1, 1, 1, 1, 1, 1, 1, 1, 1, 1, 1, 1, 1, 1, 1, 1, 1, 1, 1, 1, 1, 1, 1, 1, 1, 1, 1, 1, 1, 1, 1, 1, 1, 1, 1, 1, 1, 1, 1, 1, 1, 1, 1, 1, 1, 1, 1, 1, 1, 1, 1, 1, 1, 1, 1, 1, 1, 1, 1, 1, 1, 1, 1, 1, 1, 1, 1, 1, 1, 1, 1, 1, 1, 1, 1, 1, 1, 1, 1, 1, 1], [1, 1, 1, 1, 1, 1, 1, 1, 1, 1, 1, 1, 1, 1, 1, 1, 1, 1, 1, 1, 1, 1, 1, 1, 1, 1, 1, 1, 1, 1, 1, 1, 1, 1, 1, 1, 1, 1, 1, 1, 1, 1, 1, 1, 1, 1, 1, 1, 1, 1, 1, 1, 1, 1, 1, 1, 1, 1, 1, 1, 1, 1, 1, 1, 1, 1, 1, 1, 1, 1, 1, 1, 1, 1, 1, 1, 1, 1, 1, 1, 1, 1, 1, 1, 1, 1, 1, 1, 1, 1, 1, 1, 1, 1, 1, 1, 1, 1, 1, 1, 1, 1, 1, 1, 1, 1, 1, 1, 1, 1, 1, 1, 1, 1, 1, 1, 1, 1, 1, 1, 1, 1, 1, 1, 1, 1, 1, 1, 1, 1, 1, 1, 1, 1, 1, 1, 1, 1, 1, 1, 1, 1, 1, 1, 1, 1, 1, 1, 1, 1, 1, 1, 1, 1, 1, 1, 1, 1, 1, 1, 1, 1, 1, 1, 1, 1, 1, 1, 1, 1, 1, 1, 1, 1, 1, 1, 1, 1, 1, 1, 1, 1, 1, 1, 1, 1, 1, 1, 1, 1, 1, 1, 1, 1, 1, 1, 1, 1, 1, 1, 1, 1, 1, 1, 1, 1, 1, 1, 1, 1, 1, 1, 1, 1, 1, 1, 1, 1, 1, 1, 1, 1, 1, 1, 1, 1, 1, 1, 1, 1, 1, 1, 1, 1, 1, 1, 1, 1, 1, 1, 1, 1, 1, 1, 1, 1, 1, 1, 1, 1, 1, 1, 1, 1, 1, 1, 1, 1, 1, 1, 1, 1, 1, 1, 1, 1, 1, 1, 1, 1, 1, 1, 1, 1, 1, 1, 1, 1, 1, 1, 1, 1, 1, 1, 1, 1, 1, 1, 1, 1, 1, 1, 1, 1, 1, 1, 1, 1, 1, 1, 1, 1, 1, 1, 1, 1, 1, 1, 1, 1, 1, 1, 1, 1, 1, 1, 1, 1, 1, 1, 1, 1, 1, 1, 1, 1, 1, 1, 1, 1, 1, 1, 1, 1, 1, 1, 1, 1, 1, 1, 1, 1, 1, 1, 1, 1, 1, 1, 1, 1, 1, 1, 1, 1, 1, 1, 1, 1, 1, 1, 1, 1, 1, 1, 1, 1, 1, 1, 1, 1, 1, 1, 1, 1, 1, 1, 1, 1, 1, 1, 1, 1, 1, 1, 1, 1, 1, 1, 1, 1, 1, 1, 1, 1, 1, 1, 1, 1, 1, 1, 1, 1, 1, 1, 1, 1, 1, 1, 1, 1, 1, 1, 1, 1, 1, 1, 1, 1, 1, 1, 1, 1, 1, 1, 1, 1, 1, 1, 1, 1, 1, 1, 1, 1, 1, 1, 1, 1, 1, 1, 1, 1, 1, 1, 1, 1, 1, 1, 1, 1, 1, 1, 1, 1, 1, 1, 1, 1, 1, 1, 1, 1, 1, 1, 1, 1, 1, 1, 1, 1, 1, 1, 1, 1, 1, 1, 1, 1, 1, 1, 1, 1, 1, 1, 1, 1, 1, 1, 1, 1, 1, 1, 1, 1, 1, 1, 1, 1, 1, 1, 1, 1, 1, 1, 1, 1, 1, 1, 1, 1, 1, 1, 1, 1, 1, 1, 1, 1, 1, 1, 1, 1, 1, 1, 1, 1, 1, 1, 1, 1, 1, 1, 1, 1, 1, 1, 1, 1, 1, 1, 1, 1, 1, 1, 1, 1, 1, 1, 1, 1, 1, 1, 1, 1, 1, 1, 1, 1, 1, 1, 1, 1, 1, 1, 1, 1, 1, 1, 1, 1, 1, 1, 1, 1, 1, 1, 1, 1, 1, 1, 1, 1, 1, 1, 1, 1, 1, 1, 1, 1, 1, 1, 1, 1, 1, 1, 1, 1, 1, 1, 1, 1, 1, 1, 1, 1, 1, 1, 1, 1, 1, 1, 1, 1, 1, 1, 1, 1, 1, 1, 1, 1, 1, 1, 1, 1, 1, 1, 1, 1, 1, 1, 1, 1, 1, 1, 1, 1, 1, 1, 1, 1, 1, 1, 1, 1, 1, 1, 1, 1, 1, 1, 1, 1, 1, 1, 1, 1, 1, 1, 1, 1, 1, 1, 1, 1, 1, 1, 1, 1, 1, 1, 1, 1, 1, 1, 1, 1, 1, 1, 1, 1, 1, 1, 1, 1, 1, 1, 1, 1, 1, 1, 1, 1, 1, 1, 1, 1, 1, 1, 1, 1, 1, 1, 1, 1, 1, 1, 1, 1, 1, 1, 1, 1, 1, 1, 1, 1, 1, 1, 1, 1, 1, 1, 1, 1, 1, 1, 1, 1, 1, 1, 1, 1, 1, 1, 1, 1, 1, 1, 1, 1, 1, 1, 1, 1, 1, 1, 1, 1, 1, 1, 1, 1, 1, 1, 1, 1, 1, 1, 1, 1, 1, 1, 1, 1, 1, 1, 1, 1, 1, 1, 1, 1, 1, 1, 1, 1, 1, 1, 1, 1, 1, 1, 1, 1, 1, 1, 1, 1, 1, 1, 1, 1, 1, 1, 1, 1, 1, 1, 1, 1, 1, 1, 1, 1, 1, 1, 1, 1, 1, 1, 1, 1, 1, 1, 1, 1, 1, 1, 1, 1, 1, 1, 1, 1, 1, 1, 1, 1, 1, 1, 1, 1, 1, 1, 1, 1, 1, 1, 1, 1, 1, 1, 1, 1, 1, 1, 1, 1, 1, 1, 1, 1, 1, 1, 1, 1, 1, 1, 1, 1, 1, 1, 1, 1, 1, 1, 1, 1, 1, 1, 1, 1, 1, 1, 1, 1, 1, 1, 1, 1, 1, 1, 1, 1, 1, 1, 1, 1, 1, 1, 1, 1, 1, 1, 1, 1, 1, 1, 1, 1, 1, 1, 1, 1, 1, 1, 1, 1, 1, 1, 1, 1, 1, 1, 1, 1, 1, 1, 1, 1, 1, 1, 1, 1, 1, 1, 1, 1, 1, 1, 1, 0, 1, 1, 1, 1, 1, 1, 1, 1, 1, 1, 1, 1, 0, 1, 1, 1, 1, 1, 1, 1, 1, 1, 1, 1, 1, 0, 1, 1, 1, 1, 1, 1, 1, 1, 1, 1, 1, 1, 0, 1, 1, 1, 1, 1, 1, 1, 1, 1, 1, 1, 1, 0, 1, 1, 1, 1, 1, 1, 1, 1, 1, 1, 1, 1, 0, 1, 1, 1, 1, 1, 1, 1, 1, 1, 1, 1, 1, 0, 1, 1, 1, 1, 1, 1, 1, 1, 1, 1, 1, 1, 0, 1, 1, 1, 1, 1, 1, 1, 1, 1, 1, 1, 1, 0, 1, 1, 1, 1, 1, 1, 1, 1, 1, 1, 1, 1, 0, 1, 1, 1, 1, 1, 1, 1, 1, 1, 1, 1, 1, 0, 1, 1, 1, 1, 1, 1, 1, 1, 1, 1, 1, 1, 0, 1, 1, 1, 1, 1, 1, 1, 1, 1, 1, 1, 1, 0, 1, 1, 1, 1, 1, 1, 1, 1, 1, 1, 1, 1, 0, 1, 1, 1, 1, 1, 1, 1, 1, 1, 1, 1, 1, 0, 1, 1, 1, 1, 1, 1, 1, 1, 1, 1, 1, 1, 0, 1, 1, 1, 1, 1, 1, 1, 1, 1, 1, 1, 1, 0, 1, 1, 1, 1, 1, 1, 1, 1, 1, 1, 1, 1, 0, 1, 1, 1, 1, 1, 1, 1, 1, 1, 1, 1, 1, 0, 1, 1, 1, 1, 1, 1, 1, 1, 1, 1, 1, 1, 0, 1, 1, 1, 1, 1, 1, 1, 1, 1, 1, 1, 1, 0, 1, 1, 1, 1, 1, 1, 1, 1, 1, 1, 1, 1, 0, 1, 1, 1, 1, 1, 1, 1, 1, 1, 1, 1, 1, 0, 1, 1, 1, 1, 1, 1, 1, 1, 1, 1, 1, 1, 0, 1, 1, 1, 1, 1, 1, 1, 1, 1, 1, 1, 1, 0, 1, 1, 1, 1, 1, 1, 1, 1, 1, 1, 1, 1, 0, 1, 1, 1, 1, 1, 1, 1, 1, 1, 1, 1, 1, 0, 1, 1, 1, 1, 1, 1, 1, 1, 1, 1, 1, 1, 0, 1, 1, 1, 1, 1, 1, 1, 1, 1, 1, 1, 1, 0, 1, 1, 1, 1, 1, 1, 1, 1, 1, 1, 1, 1, 0, 1, 1, 1, 1, 1, 1, 1, 1, 1, 1, 1, 1, 0, 1, 1, 1, 1, 1, 1, 1, 1, 1, 1, 1, 1, 0, 1, 1, 1, 1, 1, 1, 1, 1, 1, 1, 1, 1, 0, 1, 1, 1, 1, 1, 1, 1, 1, 1, 1, 1, 1, 0, 1, 1, 1, 1, 1, 1, 1, 1, 1, 1, 1, 1, 0, 1, 1, 1, 1, 1, 1, 1, 1, 1, 1, 1, 1, 0, 1, 1, 1, 1, 1, 1, 1, 1, 1, 1, 1, 1, 0, 1, 1, 1, 1, 1, 1, 1, 1, 1, 1, 1, 1, 0, 1, 1, 1, 1, 1, 1, 1, 1, 1, 1, 1, 1, 0, 1, 1, 1, 1, 1, 1, 1, 1, 1, 1, 1, 1, 0, 1, 1, 1, 1, 1, 1, 1, 1, 1, 1, 1, 1, 0, 1, 1, 1, 1, 1, 1, 1, 1, 1, 1, 1, 1, 0, 1, 1, 1, 1, 1, 1, 1, 1, 1, 1, 1, 1, 0, 1, 1, 1, 1, 1, 1, 1, 1, 1, 1, 1, 1, 0, 1, 1, 1, 1, 1, 1, 1, 1, 1, 1, 1, 1, 0, 1, 1, 1, 1, 1, 1, 1, 1, 1, 1, 1, 1, 0, 1, 1, 1, 1, 1, 1, 1, 1, 1, 1, 1, 1, 0, 1, 1, 1, 1, 1, 1, 1, 1, 1, 1, 1, 1, 0, 1, 1, 1, 1, 1, 1, 1, 1, 1, 1, 1, 1, 0, 1, 1, 1, 1, 1, 1, 1, 1, 1, 1, 1, 1, 0, 1, 1, 1, 1, 1, 1, 1, 1, 1, 1, 1, 1, 0, 1, 1, 1, 1, 1, 1, 1, 1, 1, 1, 1, 1, 0, 1, 1, 1, 1, 1, 1, 1, 1, 1, 1, 1, 1, 0, 1, 1, 1, 1, 1, 1, 1, 1, 1, 1, 1, 1, 0, 1, 1, 1, 1, 1, 1, 1, 1, 1, 1, 1, 1, 0, 1, 1, 1, 1, 1, 1, 1, 1, 1, 1, 1, 1, 0, 1, 1, 1, 1, 1, 1, 1, 1, 1, 1, 1, 1, 0, 1, 1], [1, 1, 1, 1, 1, 1, 1, 1, 1, 1, 0, 1, 1, 1, 1, 1, 1, 1, 1, 1, 1, 1, 1, 0, 1, 1, 1, 1, 1, 1, 1, 1, 1, 1, 1, 1, 0, 1, 1, 1, 1, 1, 1, 1, 1, 1, 1, 1, 1, 0, 1, 1, 1, 1, 1, 1, 1, 1, 1, 1, 1, 1, 0, 1, 1, 1, 1, 1, 1, 1, 1, 1, 1, 1, 1, 0, 1, 1, 1, 1, 1, 1, 1, 1, 1, 1, 1, 1, 0, 1, 1, 1, 1, 1, 1, 1, 1, 1, 1, 1, 1, 0, 1, 1, 1, 1, 1, 1, 1, 1, 1, 1, 1, 1, 0, 1, 1, 1, 1, 1, 1, 1, 1, 1, 1, 1, 1, 0, 1, 1, 1, 1, 1, 1, 1, 1, 1, 1, 1, 1, 0, 1, 1, 1, 1, 1, 1, 1, 1, 1, 1, 1, 1, 0, 1, 1, 1, 1, 1, 1, 1, 1, 1, 1, 1, 1, 0, 1, 1, 1, 1, 1, 1, 1, 1, 1, 1, 1, 1, 0, 1, 1, 1, 1, 1, 1, 1, 1, 1, 1, 1, 1, 0, 1, 1, 1, 1, 1, 1, 1, 1, 1, 1, 1, 1, 0, 1, 1, 1, 1, 1, 1, 1, 1, 1, 1, 1, 1, 0, 1, 1, 1, 1, 1, 1, 1, 1, 1, 1, 1, 1, 0, 1, 1, 1, 1, 1, 1, 1, 1, 1, 1, 1, 1, 0, 1, 1, 1, 1, 1, 1, 1, 1, 1, 1, 1, 1, 0, 1, 1, 1, 1, 1, 1, 1, 1, 1, 1, 1, 1, 0, 1, 1, 1, 1, 1, 1, 1, 1, 1, 1, 1, 1, 0, 1, 1, 1, 1, 1, 1, 1, 1, 1, 1, 1, 1, 0, 1, 1, 1, 1, 1, 1, 1, 1, 1, 1, 1, 1, 0, 1, 1, 1, 1, 1, 1, 1, 1, 1, 1, 1, 1, 0, 1, 1, 1, 1, 1, 1, 1, 1, 1, 1, 1, 1, 0, 1, 1, 1, 1, 1, 1, 1, 1, 1, 1, 1, 1, 0, 1, 1, 1, 1, 1, 1, 1, 1, 1, 1, 1, 1, 0, 1, 1, 1, 1, 1, 1, 1, 1, 1, 1, 1, 1, 0, 1, 1, 1, 1, 1, 1, 1, 1, 1, 1, 1, 1, 0, 1, 1, 1, 1, 1, 1, 1, 1, 1, 1, 1, 1, 0, 1, 1, 1, 1, 1, 1, 1, 1, 1, 1, 1, 1, 0, 1, 1, 1, 1, 1, 1, 1, 1, 1, 1, 1, 1, 0, 1, 1, 1, 1, 1, 1, 1, 1, 1, 1, 1, 1, 0, 1, 1, 1, 1, 1, 1, 1, 1, 1, 1, 1, 1, 0, 1, 1, 1, 1, 1, 1, 1, 1, 1, 1, 1, 1, 0, 1, 1, 1, 1, 1, 1, 1, 1, 1, 1, 1, 1, 0, 1, 1, 1, 1, 1, 1, 1, 1, 1, 1, 1, 1, 0, 1, 1, 1, 1, 1, 1, 1, 1, 1, 1, 1, 1, 0, 1, 1, 1, 1, 1, 1, 1, 1, 1, 1, 1, 1, 0, 1, 1, 1, 1, 1, 1, 1, 1, 1, 1, 1, 1, 0, 1, 1, 1, 1, 1, 1, 1, 1, 1, 1, 1, 1, 0, 1, 1, 1, 1, 1, 1, 1, 1, 1, 1, 1, 1, 0, 1, 1, 1, 1, 1, 1, 1, 1, 1, 1, 1, 1, 0, 1, 1, 1, 1, 1, 1, 1, 1, 1, 1, 1, 1, 0, 1, 1, 1, 1, 1, 1, 1, 1, 1, 1, 1, 1, 0, 1, 1, 1, 1, 1, 1, 1, 1, 1, 1, 1, 1, 0, 1, 1, 1, 1, 1, 1, 1, 1, 1, 1, 1, 1, 0, 1, 1, 1, 1, 1, 1, 1, 1, 1, 1, 1, 1, 0, 1, 1, 1, 1, 1, 1, 1, 1, 1, 1, 1, 1, 0, 1, 1, 1, 1, 1, 1, 1, 1, 1, 1, 1, 1, 0, 1, 1, 1, 1, 1, 1, 1, 1, 1, 1, 1, 1, 0, 1, 1, 1, 1, 1, 1, 1, 1, 1, 1, 1, 1, 0, 1, 1, 1, 1, 1, 1, 1, 1, 1, 1, 1, 1, 0, 1, 1, 1, 1, 1, 1, 1, 1, 1, 1, 1, 1, 0, 1, 1, 1, 1, 1, 1, 1, 1, 1, 1, 1, 1, 0, 1, 1, 1, 1, 1, 1, 1, 1, 1, 1, 1, 1, 0, 1, 1, 1, 1, 1, 1, 1, 1, 1, 1, 1, 1, 0, 1, 1, 1, 1, 1, 1, 1, 1, 1, 1, 1, 1, 0, 1, 1, 1, 1, 1, 1, 1, 1, 1, 1, 1, 1, 0, 1, 1, 1, 1, 1, 1, 1, 1, 1, 1, 1, 1, 0, 1, 1, 1, 1, 1, 1, 1, 1, 1, 1, 1, 1, 0, 1, 1, 1, 1, 1, 1, 1, 1, 1, 1, 1, 1, 0, 1, 1, 1, 1, 1, 1, 1, 1, 1, 1, 1, 1, 0, 1, 1, 1, 1, 1, 1, 1, 1, 1, 1, 1, 1, 0, 1, 1, 1, 1, 1, 1, 1, 1, 1, 1, 1, 1, 0, 1, 1, 1, 1, 1, 1, 1, 1, 1, 1, 1, 1, 0, 1, 1, 1, 1, 1, 1, 1, 1, 1, 1, 1, 1, 0, 1, 1, 1, 1, 1, 1, 1, 1, 1, 1, 1, 1, 0, 1, 1, 1, 1, 1, 1, 1, 1, 1, 1, 1, 1, 0, 1, 1, 1, 1, 1, 1, 1, 1, 1, 1, 1, 1, 0, 1, 1, 1, 1, 1, 1, 1, 1, 1, 1, 1, 1, 0, 1, 1, 1, 1, 1, 1, 1, 1, 1, 1, 1, 1, 0, 1, 1, 1, 1, 1, 1, 1, 1, 1, 1, 1, 1, 0, 1, 1, 1, 1, 1, 1, 1, 1, 1, 1, 1, 1, 0, 1, 1, 1, 1, 1, 1, 1, 1, 1, 1, 1, 1, 0, 1, 1, 1, 1, 1, 1, 1, 1, 1, 1, 1, 1, 0, 1, 1, 1, 1, 1, 1, 1, 1, 1, 1, 1, 1, 0, 1, 1, 1, 1, 1, 1, 1, 1, 1, 1, 1, 1, 0, 1, 1, 1, 1, 1, 1, 1, 1, 1, 1, 1, 1, 0, 1, 1, 1, 1, 1, 1, 1, 1, 1, 1, 1, 1, 0, 1, 1, 1, 1, 1, 1, 1, 1, 1, 1, 1, 1, 0, 1, 1, 1, 1, 1, 1, 1, 1, 1, 1, 1, 1, 0, 1, 1, 1, 1, 1, 1, 1, 1, 1, 1, 1, 1, 0, 1, 1, 1, 1, 1, 1, 1, 1, 1, 1, 1, 1, 0, 1, 1, 1, 1, 1, 1, 1, 1, 1, 1, 1, 1, 0, 1, 1, 1, 1, 1, 1, 1, 1, 1, 1, 1, 1, 0, 1, 1, 1, 1, 1, 1, 1, 1, 1, 1, 1, 1, 0, 1, 1, 1, 1, 1, 1, 1, 1, 1, 1, 1, 1, 0, 1, 1, 1, 1, 1, 1, 1, 1, 1, 1, 1, 1, 0, 1, 1, 1, 1, 1, 1, 1, 1, 1, 1, 1, 1, 0, 1, 1, 1, 1, 1, 1, 1, 1, 1, 1, 1, 1, 0, 1, 1, 1, 1, 1, 1, 1, 1, 1, 1, 1, 1, 0, 1, 1, 1, 1, 1, 1, 1, 1, 1, 1, 1, 1, 0, 1, 1, 1, 1, 1, 1, 1, 1, 1, 1, 1, 1, 0, 1, 1, 1, 1, 1, 1, 1, 1, 1, 1, 1, 1, 0, 1, 1, 1, 1, 1, 1, 1, 1, 1, 1, 1, 1, 0, 1, 1, 1, 1, 1, 1, 1, 1, 1, 1, 1, 1, 0, 1, 1, 1, 1, 1, 1, 1, 1, 1, 1, 1, 1, 0, 1, 1, 1, 1, 1, 1, 1, 1, 1, 1, 1, 1, 0, 1, 1, 1, 1, 1, 1, 1, 1, 1, 1, 1, 1, 0, 1, 1, 1, 1, 1, 1, 1, 1, 1, 1, 1, 1, 0, 1, 1, 1, 1, 1, 1, 1, 1, 1, 1, 1, 1, 0, 1, 1, 1, 1, 1, 1, 1, 1, 1, 1, 1, 1, 0, 1, 1, 1, 1, 1, 1, 1, 1, 1, 1, 1, 1, 0, 1, 1, 1, 1, 1, 1, 1, 1, 1, 1, 1, 1, 0, 1, 1, 1, 1, 1, 1, 1, 1, 1, 1, 1, 1, 0, 1, 1, 1, 1, 1, 1, 1, 1, 1, 1, 1, 1, 0, 1, 1, 1, 1, 1, 1, 1, 1, 1, 1, 1, 1, 0, 1, 1, 1, 1, 1, 1, 1, 1, 1, 1, 1, 1, 0, 1, 1, 1, 1, 1, 1, 1, 1, 1, 1, 1, 1, 0, 1, 1, 1, 1, 1, 1, 1, 1, 1, 1, 1, 1, 0, 1, 1, 1, 1, 1, 1, 1, 1, 1, 1, 1, 1, 0, 1, 1, 1, 1, 1, 1, 1, 1, 1, 1, 1, 1, 0, 1, 1, 1, 1, 1, 1, 1, 1, 1, 1, 1, 1, 0, 1, 1, 1, 1, 1, 1, 1, 1, 1, 1, 1, 1, 0, 1, 1, 1, 1, 1, 1, 1, 1, 1, 1, 1, 1, 0, 1, 1, 1, 1, 1, 1, 1, 1, 1, 1, 1, 1, 0, 1, 1, 1, 1, 1, 1, 1, 1, 1, 1, 1, 1, 0, 1, 1, 1, 1, 1, 1, 1, 1, 1, 1, 1, 1, 0, 1, 1, 1, 1, 1, 1, 1, 1, 1, 1, 1, 1, 0, 1, 1, 1, 1, 1, 1, 1, 1, 1, 1, 1, 1, 0, 1, 1, 1, 1, 1, 1, 1, 1, 1, 1, 1, 1, 0, 1, 1, 1, 1, 1, 1, 1, 1, 1, 1, 1, 1, 0, 1, 1, 1, 1, 1, 1, 1, 1, 1, 1, 1, 1, 0, 1, 1, 1, 1, 1, 1, 1, 1, 1, 1, 1, 1, 0, 1, 1, 1, 1, 1, 1, 1, 1, 1, 1, 1, 1, 0, 1, 1, 1, 1, 1, 1, 1, 1, 1, 1, 1, 1, 0, 1, 1], [1, 1, 1, 1, 1, 1, 1, 1, 1, 1, 0, 1, 1, 1, 1, 1, 1, 1, 1, 1, 1, 1, 1, 0, 1, 1, 1, 1, 1, 1, 1, 1, 1, 1, 1, 1, 0, 1, 1, 1, 1, 1, 1, 1, 1, 1, 1, 1, 1, 0, 1, 1, 1, 1, 1, 1, 1, 1, 1, 1, 1, 1, 0, 1, 1, 1, 1, 1, 1, 1, 1, 1, 1, 1, 1, 0, 1, 1, 1, 1, 1, 1, 1, 1, 1, 1, 1, 1, 0, 1, 1, 1, 1, 1, 1, 1, 1, 1, 1, 1, 1, 0, 1, 1, 1, 1, 1, 1, 1, 1, 1, 1, 1, 1, 0, 1, 1, 1, 1, 1, 1, 1, 1, 1, 1, 1, 1, 0, 1, 1, 1, 1, 1, 1, 1, 1, 1, 1, 1, 1, 0, 1, 1, 1, 1, 1, 1, 1, 1, 1, 1, 1, 1, 0, 1, 1, 1, 1, 1, 1, 1, 1, 1, 1, 1, 1, 0, 1, 1, 1, 1, 1, 1, 1, 1, 1, 1, 1, 1, 0, 1, 1, 1, 1, 1, 1, 1, 1, 1, 1, 1, 1, 0, 1, 1, 1, 1, 1, 1, 1, 1, 1, 1, 1, 1, 0, 1, 1, 1, 1, 1, 1, 1, 1, 1, 1, 1, 1, 0, 1, 1, 1, 1, 1, 1, 1, 1, 1, 1, 1, 1, 0, 1, 1, 1, 1, 1, 1, 1, 1, 1, 1, 1, 1, 0, 1, 1, 1, 1, 1, 1, 1, 1, 1, 1, 1, 1, 0, 1, 1, 1, 1, 1, 1, 1, 1, 1, 1, 1, 1, 0, 1, 1, 1, 1, 1, 1, 1, 1, 1, 1, 1, 1, 0, 1, 1, 1, 1, 1, 1, 1, 1, 1, 1, 1, 1, 0, 1, 1, 1, 1, 1, 1, 1, 1, 1, 1, 1, 1, 0, 1, 1, 1, 1, 1, 1, 1, 1, 1, 1, 1, 1, 0, 1, 1, 1, 1, 1, 1, 1, 1, 1, 1, 1, 1, 0, 1, 1, 1, 1, 1, 1, 1, 1, 1, 1, 1, 1, 0, 1, 1, 1, 1, 1, 1, 1, 1, 1, 1, 1, 1, 0, 1, 1, 1, 1, 1, 1, 1, 1, 1, 1, 1, 1, 0, 1, 1, 1, 1, 1, 1, 1, 1, 1, 1, 1, 1, 0, 1, 1, 1, 1, 1, 1, 1, 1, 1, 1, 1, 1, 0, 1, 1, 1, 1, 1, 1, 1, 1, 1, 1, 1, 1, 0, 1, 1, 1, 1, 1, 1, 1, 1, 1, 1, 1, 1, 0, 1, 1, 1, 1, 1, 1, 1, 1, 1, 1, 1, 1, 0, 1, 1, 1, 1, 1, 1, 1, 1, 1, 1, 1, 1, 0, 1, 1, 1, 1, 1, 1, 1, 1, 1, 1, 1, 1, 0, 1, 1, 1, 1, 1, 1, 1, 1, 1, 1, 1, 1, 0, 1, 1, 1, 1, 1, 1, 1, 1, 1, 1, 1, 1, 0, 1, 1, 1, 1, 1, 1, 1, 1, 1, 1, 1, 1, 0, 1, 1, 1, 1, 1, 1, 1, 1, 1, 1, 1, 1, 0, 1, 1, 1, 1, 1, 1, 1, 1, 1, 1, 1, 1, 0, 1, 1, 1, 1, 1, 1, 1, 1, 1, 1, 1, 1, 0, 1, 1, 1, 1, 1, 1, 1, 1, 1, 1, 1, 1, 0, 1, 1, 1, 1, 1, 1, 1, 1, 1, 1, 1, 1, 0, 1, 1, 1, 1, 1, 1, 1, 1, 1, 1, 1, 1, 0, 1, 1, 1, 1, 1, 1, 1, 1, 1, 1, 1, 1, 0, 1, 1, 1, 1, 1, 1, 1, 1, 1, 1, 1, 1, 0, 1, 1, 1, 1, 1, 1, 1, 1, 1, 1, 1, 1, 0, 1, 1, 1, 1, 1, 1, 1, 1, 1, 1, 1, 1, 0, 1, 1, 1, 1, 1, 1, 1, 1, 1, 1, 1, 1, 0, 1, 1, 1, 1, 1, 1, 1, 1, 1, 1, 1, 1, 0, 1, 1, 1, 1, 1, 1, 1, 1, 1, 1, 1, 1, 0, 1, 1, 1, 1, 1, 1, 1, 1, 1, 1, 1, 1, 0, 1, 1, 1, 1, 1, 1, 1, 1, 1, 1, 1, 1, 0, 1, 1, 1, 1, 1, 1, 1, 1, 1, 1, 1, 1, 0, 1, 1, 1, 1, 1, 1, 1, 1, 1, 1, 1, 1, 0, 1, 1, 1, 1, 1, 1, 1, 1, 1, 1, 1, 1, 0, 1, 1, 1, 1, 1, 1, 1, 1, 1, 1, 1, 1, 0, 1, 1, 1, 1, 1, 1, 1, 1, 1, 1, 1, 1, 0, 1, 1, 1, 1, 1, 1, 1, 1, 1, 1, 1, 1, 0, 1, 1, 1, 1, 1, 1, 1, 1, 1, 1, 1, 1, 0, 1, 1, 1, 1, 1, 1, 1, 1, 1, 1, 1, 1, 0, 1, 1, 1, 1, 1, 1, 1, 1, 1, 1, 1, 1, 0, 1, 1, 1, 1, 1, 1, 1, 1, 1, 1, 1, 1, 0, 1, 1, 1, 1, 1, 1, 1, 1, 1, 1, 1, 1, 0, 1, 1, 1, 1, 1, 1, 1, 1, 1, 1, 1, 1, 0, 1, 1, 1, 1, 1, 1, 1, 1, 1, 1, 1, 1, 0, 1, 1, 1, 1, 1, 1, 1, 1, 1, 1, 1, 1, 0, 1, 1, 1, 1, 1, 1, 1, 1, 1, 1, 1, 1, 0, 1, 1, 1, 1, 1, 1, 1, 1, 1, 1, 1, 1, 0, 1, 1, 1, 1, 1, 1, 1, 1, 1, 1, 1, 1, 0, 1, 1, 1, 1, 1, 1, 1, 1, 1, 1, 1, 1, 0, 1, 1, 1, 1, 1, 1, 1, 1, 1, 1, 1, 1, 0, 1, 1, 1, 1, 1, 1, 1, 1, 1, 1, 1, 1, 0, 1, 1, 1, 1, 1, 1, 1, 1, 1, 1, 1, 1, 0, 1, 1, 1, 1, 1, 1, 1, 1, 1, 1, 1, 1, 0, 1, 1, 1, 1, 1, 1, 1, 1, 1, 1, 1, 1, 0, 1, 1, 1, 1, 1, 1, 1, 1, 1, 1, 1, 1, 0, 1, 1, 1, 1, 1, 1, 1, 1, 1, 1, 1, 1, 0, 1, 1, 1, 1, 1, 1, 1, 1, 1, 1, 1, 1, 0, 1, 1, 1, 1, 1, 1, 1, 1, 1, 1, 1, 1, 0, 1, 1, 1, 1, 1, 1, 1, 1, 1, 1, 1, 1, 0, 1, 1, 1, 1, 1, 1, 1, 1, 1, 1, 1, 1, 0, 1, 1, 1, 1, 1, 1, 1, 1, 1, 1, 1, 1, 0, 1, 1, 1, 1, 1, 1, 1, 1, 1, 1, 1, 1, 0, 1, 1, 1, 1, 1, 1, 1, 1, 1, 1, 1, 1, 0, 1, 1, 1, 1, 1, 1, 1, 1, 1, 1, 1, 1, 0, 1, 1, 1, 1, 1, 1, 1, 1, 1, 1, 1, 1, 0, 1, 1, 1, 1, 1, 1, 1, 1, 1, 1, 1, 1, 0, 1, 1, 1, 1, 1, 1, 1, 1, 1, 1, 1, 1, 0, 1, 1, 1, 1, 1, 1, 1, 1, 1, 1, 1, 1, 0, 1, 1, 1, 1, 1, 1, 1, 1, 1, 1, 1, 1, 0, 1, 1, 1, 1, 1, 1, 1, 1, 1, 1, 1, 1, 0, 1, 1, 1, 1, 1, 1, 1, 1, 1, 1, 1, 1, 0, 1, 1, 1, 1, 1, 1, 1, 1, 1, 1, 1, 1, 0, 1, 1, 1, 1, 1, 1, 1, 1, 1, 1, 1, 1, 0, 1, 1, 1, 1, 1, 1, 1, 1, 1, 1, 1, 1, 0, 1, 1, 1, 1, 1, 1, 1, 1, 1, 1, 1, 1, 0, 1, 1, 1, 1, 1, 1, 1, 1, 1, 1, 1, 1, 0, 1, 1, 1, 1, 1, 1, 1, 1, 1, 1, 1, 1, 0, 1, 1, 1, 1, 1, 1, 1, 1, 1, 1, 1, 1, 0, 1, 1, 1, 1, 1, 1, 1, 1, 1, 1, 1, 1, 0, 1, 1, 1, 1, 1, 1, 1, 1, 1, 1, 1, 1, 0, 1, 1, 1, 1, 1, 1, 1, 1, 1, 1, 1, 1, 0, 1, 1, 1, 1, 1, 1, 1, 1, 1, 1, 1, 1, 0, 1, 1, 1, 1, 1, 1, 1, 1, 1, 1, 1, 1, 0, 1, 1, 1, 1, 1, 1, 1, 1, 1, 1, 1, 1, 0, 1, 1, 1, 1, 1, 1, 1, 1, 1, 1, 1, 1, 0, 1, 1, 1, 1, 1, 1, 1, 1, 1, 1, 1, 1, 0, 1, 1, 1, 1, 1, 1, 1, 1, 1, 1, 1, 1, 0, 1, 1, 1, 1, 1, 1, 1, 1, 1, 1, 1, 1, 0, 1, 1, 1, 1, 1, 1, 1, 1, 1, 1, 1, 1, 0, 1, 1, 1, 1, 1, 1, 1, 1, 1, 1, 1, 1, 0, 1, 1, 1, 1, 1, 1, 1, 1, 1, 1, 1, 1, 0, 1, 1, 1, 1, 1, 1, 1, 1, 1, 1, 1, 1, 0, 1, 1, 1, 1, 1, 1, 1, 1, 1, 1, 1, 1, 0, 1, 1, 1, 1, 1, 1, 1, 1, 1, 1, 1, 1, 0, 1, 1, 1, 1, 1, 1, 1, 1, 1, 1, 1, 1, 0, 1, 1, 1, 1, 1, 1, 1, 1, 1, 1, 1, 1, 0, 1, 1, 1, 1, 1, 1, 1, 1, 1, 1, 1, 1, 0, 1, 1, 1, 1, 1, 1, 1, 1, 1, 1, 1, 1, 0, 1, 1, 1, 1, 1, 1, 1, 1, 1, 1, 1, 1, 0, 1, 1, 1, 1, 1, 1, 1, 1, 1, 1, 1, 1, 0, 1, 1, 1, 1, 1, 1, 1, 1, 1, 1, 1, 1, 0, 1, 1, 1, 1, 1, 1, 1, 1, 1, 1, 1, 1, 0, 1, 1, 1, 1, 1, 1, 1, 1, 1, 1, 1, 1, 0, 1, 1, 1, 1, 1, 1, 1, 1, 1, 1, 1, 1, 0, 1, 1, 1, 1, 1, 1, 1, 1, 1, 1, 1, 1, 0, 1, 1], [1, 1, 1, 1, 1, 1, 1, 1, 1, 1, 0, 1, 1, 1, 1, 1, 1, 1, 1, 1, 1, 1, 1, 0, 1, 1, 1, 1, 1, 1, 1, 1, 1, 1, 1, 1, 0, 1, 1, 1, 1, 1, 1, 1, 1, 1, 1, 1, 1, 0, 1, 1, 1, 1, 1, 1, 1, 1, 1, 1, 1, 1, 0, 1, 1, 1, 1, 1, 1, 1, 1, 1, 1, 1, 1, 0, 1, 1, 1, 1, 1, 1, 1, 1, 1, 1, 1, 1, 0, 1, 1, 1, 1, 1, 1, 1, 1, 1, 1, 1, 1, 0, 1, 1, 1, 1, 1, 1, 1, 1, 1, 1, 1, 1, 0, 1, 1, 1, 1, 1, 1, 1, 1, 1, 1, 1, 1, 0, 1, 1, 1, 1, 1, 1, 1, 1, 1, 1, 1, 1, 0, 1, 1, 1, 1, 1, 1, 1, 1, 1, 1, 1, 1, 0, 1, 1, 1, 1, 1, 1, 1, 1, 1, 1, 1, 1, 0, 1, 1, 1, 1, 1, 1, 1, 1, 1, 1, 1, 1, 0, 1, 1, 1, 1, 1, 1, 1, 1, 1, 1, 1, 1, 0, 1, 1, 1, 1, 1, 1, 1, 1, 1, 1, 1, 1, 0, 1, 1, 1, 1, 1, 1, 1, 1, 1, 1, 1, 1, 0, 1, 1, 1, 1, 1, 1, 1, 1, 1, 1, 1, 1, 0, 1, 1, 1, 1, 1, 1, 1, 1, 1, 1, 1, 1, 0, 1, 1, 1, 1, 1, 1, 1, 1, 1, 1, 1, 1, 0, 1, 1, 1, 1, 1, 1, 1, 1, 1, 1, 1, 1, 0, 1, 1, 1, 1, 1, 1, 1, 1, 1, 1, 1, 1, 0, 1, 1, 1, 1, 1, 1, 1, 1, 1, 1, 1, 1, 0, 1, 1, 1, 1, 1, 1, 1, 1, 1, 1, 1, 1, 0, 1, 1, 1, 1, 1, 1, 1, 1, 1, 1, 1, 1, 0, 1, 1, 1, 1, 1, 1, 1, 1, 1, 1, 1, 1, 0, 1, 1, 1, 1, 1, 1, 1, 1, 1, 1, 1, 1, 0, 1, 1, 1, 1, 1, 1, 1, 1, 1, 1, 1, 1, 0, 1, 1, 1, 1, 1, 1, 1, 1, 1, 1, 1, 1, 0, 1, 1, 1, 1, 1, 1, 1, 1, 1, 1, 1, 1, 0, 1, 1, 1, 1, 1, 1, 1, 1, 1, 1, 1, 1, 0, 1, 1, 1, 1, 1, 1, 1, 1, 1, 1, 1, 1, 0, 1, 1, 1, 1, 1, 1, 1, 1, 1, 1, 1, 1, 0, 1, 1, 1, 1, 1, 1, 1, 1, 1, 1, 1, 1, 0, 1, 1, 1, 1, 1, 1, 1, 1, 1, 1, 1, 1, 0, 1, 1, 1, 1, 1, 1, 1, 1, 1, 1, 1, 1, 0, 1, 1, 1, 1, 1, 1, 1, 1, 1, 1, 1, 1, 0, 1, 1, 1, 1, 1, 1, 1, 1, 1, 1, 1, 1, 0, 1, 1, 1, 1, 1, 1, 1, 1, 1, 1, 1, 1, 0, 1, 1, 1, 1, 1, 1, 1, 1, 1, 1, 1, 1, 0, 1, 1, 1, 1, 1, 1, 1, 1, 1, 1, 1, 1, 0, 1, 1, 1, 1, 1, 1, 1, 1, 1, 1, 1, 1, 0, 1, 1, 1, 1, 1, 1, 1, 1, 1, 1, 1, 1, 0, 1, 1, 1, 1, 1, 1, 1, 1, 1, 1, 1, 1, 0, 1, 1, 1, 1, 1, 1, 1, 1, 1, 1, 1, 1, 0, 1, 1, 1, 1, 1, 1, 1, 1, 1, 1, 1, 1, 0, 1, 1, 1, 1, 1, 1, 1, 1, 1, 1, 1, 1, 0, 1, 1, 1, 1, 1, 1, 1, 1, 1, 1, 1, 1, 0, 1, 1, 1, 1, 1, 1, 1, 1, 1, 1, 1, 1, 0, 1, 1, 1, 1, 1, 1, 1, 1, 1, 1, 1, 1, 0, 1, 1, 1, 1, 1, 1, 1, 1, 1, 1, 1, 1, 0, 1, 1, 1, 1, 1, 1, 1, 1, 1, 1, 1, 1, 0, 1, 1, 1, 1, 1, 1, 1, 1, 1, 1, 1, 1, 0, 1, 1, 1, 1, 1, 1, 1, 1, 1, 1, 1, 1, 0, 1, 1, 1, 1, 1, 1, 1, 1, 1, 1, 1, 1, 0, 1, 1, 1, 1, 1, 1, 1, 1, 1, 1, 1, 1, 0, 1, 1, 1, 1, 1, 1, 1, 1, 1, 1, 1, 1, 0, 1, 1, 1, 1, 1, 1, 1, 1, 1, 1, 1, 1, 0, 1, 1, 1, 1, 1, 1, 1, 1, 1, 1, 1, 1, 0, 1, 1, 1, 1, 1, 1, 1, 1, 1, 1, 1, 1, 0, 1, 1, 1, 1, 1, 1, 1, 1, 1, 1, 1, 1, 0, 1, 1, 1, 1, 1, 1, 1, 1, 1, 1, 1, 1, 0, 1, 1, 1, 1, 1, 1, 1, 1, 1, 1, 1, 1, 0, 1, 1, 1, 1, 1, 1, 1, 1, 1, 1, 1, 1, 0, 1, 1, 1, 1, 1, 1, 1, 1, 1, 1, 1, 1, 0, 1, 1, 1, 1, 1, 1, 1, 1, 1, 1, 1, 1, 0, 1, 1, 1, 1, 1, 1, 1, 1, 1, 1, 1, 1, 0, 1, 1, 1, 1, 1, 1, 1, 1, 1, 1, 1, 1, 0, 1, 1, 1, 1, 1, 1, 1, 1, 1, 1, 1, 1, 0, 1, 1, 1, 1, 1, 1, 1, 1, 1, 1, 1, 1, 0, 1, 1, 1, 1, 1, 1, 1, 1, 1, 1, 1, 1, 0, 1, 1, 1, 1, 1, 1, 1, 1, 1, 1, 1, 1, 0, 1, 1, 1, 1, 1, 1, 1, 1, 1, 1, 1, 1, 0, 1, 1, 1, 1, 1, 1, 1, 1, 1, 1, 1, 1, 0, 1, 1, 1, 1, 1, 1, 1, 1, 1, 1, 1, 1, 0, 1, 1, 1, 1, 1, 1, 1, 1, 1, 1, 1, 1, 0, 1, 1, 1, 1, 1, 1, 1, 1, 1, 1, 1, 1, 0, 1, 1, 1, 1, 1, 1, 1, 1, 1, 1, 1, 1, 0, 1, 1, 1, 1, 1, 1, 1, 1, 1, 1, 1, 1, 0, 1, 1, 1, 1, 1, 1, 1, 1, 1, 1, 1, 1, 0, 1, 1, 1, 1, 1, 1, 1, 1, 1, 1, 1, 1, 0, 1, 1, 1, 1, 1, 1, 1, 1, 1, 1, 1, 1, 0, 1, 1, 1, 1, 1, 1, 1, 1, 1, 1, 1, 1, 0, 1, 1, 1, 1, 1, 1, 1, 1, 1, 1, 1, 1, 0, 1, 1, 1, 1, 1, 1, 1, 1, 1, 1, 1, 1, 0, 1, 1, 1, 1, 1, 1, 1, 1, 1, 1, 1, 1, 0, 1, 1, 1, 1, 1, 1, 1, 1, 1, 1, 1, 1, 0, 1, 1, 1, 1, 1, 1, 1, 1, 1, 1, 1, 1, 0, 1, 1, 1, 1, 1, 1, 1, 1, 1, 1, 1, 1, 0, 1, 1, 1, 1, 1, 1, 1, 1, 1, 1, 1, 1, 0, 1, 1, 1, 1, 1, 1, 1, 1, 1, 1, 1, 1, 0, 1, 1, 1, 1, 1, 1, 1, 1, 1, 1, 1, 1, 0, 1, 1, 1, 1, 1, 1, 1, 1, 1, 1, 1, 1, 0, 1, 1, 1, 1, 1, 1, 1, 1, 1, 1, 1, 1, 0, 1, 1, 1, 1, 1, 1, 1, 1, 1, 1, 1, 1, 0, 1, 1, 1, 1, 1, 1, 1, 1, 1, 1, 1, 1, 0, 1, 1, 1, 1, 1, 1, 1, 1, 1, 1, 1, 1, 0, 1, 1, 1, 1, 1, 1, 1, 1, 1, 1, 1, 1, 0, 1, 1, 1, 1, 1, 1, 1, 1, 1, 1, 1, 1, 0, 1, 1, 1, 1, 1, 1, 1, 1, 1, 1, 1, 1, 0, 1, 1, 1, 1, 1, 1, 1, 1, 1, 1, 1, 1, 0, 1, 1, 1, 1, 1, 1, 1, 1, 1, 1, 1, 1, 0, 1, 1, 1, 1, 1, 1, 1, 1, 1, 1, 1, 1, 0, 1, 1, 1, 1, 1, 1, 1, 1, 1, 1, 1, 1, 0, 1, 1, 1, 1, 1, 1, 1, 1, 1, 1, 1, 1, 0, 1, 1, 1, 1, 1, 1, 1, 1, 1, 1, 1, 1, 0, 1, 1, 1, 1, 1, 1, 1, 1, 1, 1, 1, 1, 0, 1, 1, 1, 1, 1, 1, 1, 1, 1, 1, 1, 1, 0, 1, 1, 1, 1, 1, 1, 1, 1, 1, 1, 1, 1, 0, 1, 1, 1, 1, 1, 1, 1, 1, 1, 1, 1, 1, 0, 1, 1, 1, 1, 1, 1, 1, 1, 1, 1, 1, 1, 0, 1, 1, 1, 1, 1, 1, 1, 1, 1, 1, 1, 1, 0, 1, 1, 1, 1, 1, 1, 1, 1, 1, 1, 1, 1, 0, 1, 1, 1, 1, 1, 1, 1, 1, 1, 1, 1, 1, 0, 1, 1, 1, 1, 1, 1, 1, 1, 1, 1, 1, 1, 0, 1, 1, 1, 1, 1, 1, 1, 1, 1, 1, 1, 1, 0, 1, 1, 1, 1, 1, 1, 1, 1, 1, 1, 1, 1, 0, 1, 1, 1, 1, 1, 1, 1, 1, 1, 1, 1, 1, 0, 1, 1, 1, 1, 1, 1, 1, 1, 1, 1, 1, 1, 0, 1, 1, 1, 1, 1, 1, 1, 1, 1, 1, 1, 1, 0, 1, 1, 1, 1, 1, 1, 1, 1, 1, 1, 1, 1, 0, 1, 1, 1, 1, 1, 1, 1, 1, 1, 1, 1, 1, 0, 1, 1, 1, 1, 1, 1, 1, 1, 1, 1, 1, 1, 0, 1, 1, 1, 1, 1, 1, 1, 1, 1, 1, 1, 1, 0, 1, 1, 1, 1, 1, 1, 1, 1, 1, 1, 1, 1, 0, 1, 1, 1, 1, 1, 1, 1, 1, 1, 1, 1, 1, 0, 1, 1, 1, 1, 1, 1, 1, 1, 1, 1, 1, 1, 0, 1, 1, 1, 1, 1, 1, 1, 1, 1, 1, 1, 1, 0, 1, 1], [1, 1, 0, 1, 1, 1, 1, 1, 1, 1, 0, 1, 1, 1, 1, 0, 1, 1, 1, 1, 1, 1, 1, 0, 1, 1, 1, 1, 0, 1, 1, 1, 1, 1, 1, 1, 0, 1, 1, 1, 1, 0, 1, 1, 1, 1, 1, 1, 1, 0, 1, 1, 1, 1, 0, 1, 1, 1, 1, 1, 1, 1, 0, 1, 1, 1, 1, 0, 1, 1, 1, 1, 1, 1, 1, 0, 1, 1, 1, 1, 0, 1, 1, 1, 1, 1, 1, 1, 0, 1, 1, 1, 1, 0, 1, 1, 1, 1, 1, 1, 1, 0, 1, 1, 1, 1, 0, 1, 1, 1, 1, 1, 1, 1, 0, 1, 1, 1, 1, 0, 1, 1, 1, 1, 1, 1, 1, 0, 1, 1, 1, 1, 0, 1, 1, 1, 1, 1, 1, 1, 0, 1, 1, 1, 1, 0, 1, 1, 1, 1, 1, 1, 1, 0, 1, 1, 1, 1, 0, 1, 1, 1, 1, 1, 1, 1, 0, 1, 1, 1, 1, 0, 1, 1, 1, 1, 1, 1, 1, 0, 1, 1, 1, 1, 0, 1, 1, 1, 1, 1, 1, 1, 0, 1, 1, 1, 1, 0, 1, 1, 1, 1, 1, 1, 1, 0, 1, 1, 1, 1, 0, 1, 1, 1, 1, 1, 1, 1, 0, 1, 1, 1, 1, 0, 1, 1, 1, 1, 1, 1, 1, 0, 1, 1, 1, 1, 0, 1, 1, 1, 1, 1, 1, 1, 0, 1, 1, 1, 1, 0, 1, 1, 1, 1, 1, 1, 1, 0, 1, 1, 1, 1, 0, 1, 1, 1, 1, 1, 1, 1, 0, 1, 1, 1, 1, 0, 1, 1, 1, 1, 1, 1, 1, 0, 1, 1, 1, 1, 0, 1, 1, 1, 1, 1, 1, 1, 0, 1, 1, 1, 1, 0, 1, 1, 1, 1, 1, 1, 1, 0, 1, 1, 1, 1, 0, 1, 1, 1, 1, 1, 1, 1, 0, 1, 1, 1, 1, 0, 1, 1, 1, 1, 1, 1, 1, 0, 1, 1, 1, 1, 0, 1, 1, 1, 1, 1, 1, 1, 0, 1, 1, 1, 1, 0, 1, 1, 1, 1, 1, 1, 1, 0, 1, 1, 1, 1, 0, 1, 1, 1, 1, 1, 1, 1, 0, 1, 1, 1, 1, 0, 1, 1, 1, 1, 1, 1, 1, 0, 1, 1, 1, 1, 0, 1, 1, 1, 1, 1, 1, 1, 0, 1, 1, 1, 1, 0, 1, 1, 1, 1, 1, 1, 1, 0, 1, 1, 1, 1, 0, 1, 1, 1, 1, 1, 1, 1, 0, 1, 1, 1, 1, 0, 1, 1, 1, 1, 1, 1, 1, 0, 1, 1, 1, 1, 0, 1, 1, 1, 1, 1, 1, 1, 0, 1, 1, 1, 1, 0, 1, 1, 1, 1, 1, 1, 1, 0, 1, 1, 1, 1, 0, 1, 1, 1, 1, 1, 1, 1, 0, 1, 1, 1, 1, 0, 1, 1, 1, 1, 1, 1, 1, 0, 1, 1, 1, 1, 0, 1, 1, 1, 1, 1, 1, 1, 0, 1, 1, 1, 1, 0, 1, 1, 1, 1, 1, 1, 1, 0, 1, 1, 1, 1, 0, 1, 1, 1, 1, 1, 1, 1, 0, 1, 1, 1, 1, 0, 1, 1, 1, 1, 1, 1, 1, 0, 1, 1, 1, 1, 0, 1, 1, 1, 1, 1, 1, 1, 0, 1, 1, 1, 1, 0, 1, 1, 1, 1, 1, 1, 1, 0, 1, 1, 1, 1, 0, 1, 1, 1, 1, 1, 1, 1, 0, 1, 1, 1, 1, 0, 1, 1, 1, 1, 1, 1, 1, 0, 1, 1, 1, 1, 0, 1, 1, 1, 1, 1, 1, 1, 0, 1, 1, 1, 1, 0, 1, 1, 1, 1, 1, 1, 1, 0, 1, 1, 1, 1, 0, 1, 1, 1, 1, 1, 1, 1, 0, 1, 1, 1, 1, 0, 1, 1, 1, 1, 1, 1, 1, 0, 1, 1, 1, 1, 0, 1, 1, 1, 1, 1, 1, 1, 0, 1, 1, 1, 1, 0, 1, 1, 1, 1, 1, 1, 1, 0, 1, 1, 1, 1, 0, 1, 1, 1, 1, 1, 1, 1, 0, 1, 1, 1, 1, 0, 1, 1, 1, 1, 1, 1, 1, 0, 1, 1, 1, 1, 0, 1, 1, 1, 1, 1, 1, 1, 0, 1, 1, 1, 1, 0, 1, 1, 1, 1, 1, 1, 1, 0, 1, 1, 1, 1, 0, 1, 1, 1, 1, 1, 1, 1, 0, 1, 1, 1, 1, 0, 1, 1, 1, 1, 1, 1, 1, 0, 1, 1, 1, 1, 0, 1, 1, 1, 1, 1, 1, 1, 0, 1, 1, 1, 1, 0, 1, 1, 1, 1, 1, 1, 1, 0, 1, 1, 1, 1, 0, 1, 1, 1, 1, 1, 1, 1, 0, 1, 1, 1, 1, 0, 1, 1, 1, 1, 1, 1, 1, 0, 1, 1, 1, 1, 0, 1, 1, 1, 1, 1, 1, 1, 0, 1, 1, 1, 1, 0, 1, 1, 1, 1, 1, 1, 1, 0, 1, 1, 1, 1, 0, 1, 1, 1, 1, 1, 1, 1, 0, 1, 1, 1, 1, 0, 1, 1, 1, 1, 1, 1, 1, 0, 1, 1, 1, 1, 0, 1, 1, 1, 1, 1, 1, 1, 0, 1, 1, 1, 1, 0, 1, 1, 1, 1, 1, 1, 1, 0, 1, 1, 1, 1, 0, 1, 1, 1, 1, 1, 1, 1, 0, 1, 1, 1, 1, 0, 1, 1, 1, 1, 1, 1, 1, 0, 1, 1, 1, 1, 0, 1, 1, 1, 1, 1, 1, 1, 0, 1, 1, 1, 1, 0, 1, 1, 1, 1, 1, 1, 1, 0, 1, 1, 1, 1, 0, 1, 1, 1, 1, 1, 1, 1, 0, 1, 1, 1, 1, 0, 1, 1, 1, 1, 1, 1, 1, 0, 1, 1, 1, 1, 0, 1, 1, 1, 1, 1, 1, 1, 0, 1, 1, 1, 1, 0, 1, 1, 1, 1, 1, 1, 1, 0, 1, 1, 1, 1, 0, 1, 1, 1, 1, 1, 1, 1, 0, 1, 1, 1, 1, 0, 1, 1, 1, 1, 1, 1, 1, 0, 1, 1, 1, 1, 0, 1, 1, 1, 1, 1, 1, 1, 0, 1, 1, 1, 1, 0, 1, 1, 1, 1, 1, 1, 1, 0, 1, 1, 1, 1, 0, 1, 1, 1, 1, 1, 1, 1, 0, 1, 1, 1, 1, 0, 1, 1, 1, 1, 1, 1, 1, 0, 1, 1, 1, 1, 0, 1, 1, 1, 1, 1, 1, 1, 0, 1, 1, 1, 1, 0, 1, 1, 1, 1, 1, 1, 1, 0, 1, 1, 1, 1, 0, 1, 1, 1, 1, 1, 1, 1, 0, 1, 1, 1, 1, 0, 1, 1, 1, 1, 1, 1, 1, 0, 1, 1, 1, 1, 0, 1, 1, 1, 1, 1, 1, 1, 0, 1, 1, 1, 1, 0, 1, 1, 1, 1, 1, 1, 1, 0, 1, 1, 1, 1, 0, 1, 1, 1, 1, 1, 1, 1, 0, 1, 1, 1, 1, 0, 1, 1, 1, 1, 1, 1, 1, 0, 1, 1, 1, 1, 0, 1, 1, 1, 1, 1, 1, 1, 0, 1, 1, 1, 1, 0, 1, 1, 1, 1, 1, 1, 1, 0, 1, 1, 1, 1, 0, 1, 1, 1, 1, 1, 1, 1, 0, 1, 1, 1, 1, 0, 1, 1, 1, 1, 1, 1, 1, 0, 1, 1, 1, 1, 0, 1, 1, 1, 1, 1, 1, 1, 0, 1, 1, 1, 1, 0, 1, 1, 1, 1, 1, 1, 1, 0, 1, 1, 1, 1, 0, 1, 1, 1, 1, 1, 1, 1, 0, 1, 1, 1, 1, 0, 1, 1, 1, 1, 1, 1, 1, 0, 1, 1, 1, 1, 0, 1, 1, 1, 1, 1, 1, 1, 0, 1, 1, 1, 1, 0, 1, 1, 1, 1, 1, 1, 1, 0, 1, 1, 1, 1, 0, 1, 1, 1, 1, 1, 1, 1, 0, 1, 1, 1, 1, 0, 1, 1, 1, 1, 1, 1, 1, 0, 1, 1, 1, 1, 0, 1, 1, 1, 1, 1, 1, 1, 0, 1, 1, 1, 1, 0, 1, 1, 1, 1, 1, 1, 1, 0, 1, 1, 1, 1, 0, 1, 1, 1, 1, 1, 1, 1, 0, 1, 1, 1, 1, 0, 1, 1, 1, 1, 1, 1, 1, 0, 1, 1, 1, 1, 0, 1, 1, 1, 1, 1, 1, 1, 0, 1, 1, 1, 1, 0, 1, 1, 1, 1, 1, 1, 1, 0, 1, 1, 1, 1, 0, 1, 1, 1, 1, 1, 1, 1, 0, 1, 1, 1, 1, 0, 1, 1, 1, 1, 1, 1, 1, 0, 1, 1, 1, 1, 0, 1, 1, 1, 1, 1, 1, 1, 0, 1, 1, 1, 1, 0, 1, 1, 1, 1, 1, 1, 1, 0, 1, 1, 1, 1, 0, 1, 1, 1, 1, 1, 1, 1, 0, 1, 1, 1, 1, 0, 1, 1, 1, 1, 1, 1, 1, 0, 1, 1, 1, 1, 0, 1, 1, 1, 1, 1, 1, 1, 0, 1, 1, 1, 1, 0, 1, 1, 1, 1, 1, 1, 1, 0, 1, 1, 1, 1, 0, 1, 1, 1, 1, 1, 1, 1, 0, 1, 1, 1, 1, 0, 1, 1, 1, 1, 1, 1, 1, 0, 1, 1, 1, 1, 0, 1, 1, 1, 1, 1, 1, 1, 0, 1, 1, 1, 1, 0, 1, 1, 1, 1, 1, 1, 1, 0, 1, 1, 1, 1, 0, 1, 1, 1, 1, 1, 1, 1, 0, 1, 1, 1, 1, 0, 1, 1, 1, 1, 1, 1, 1, 0, 1, 1, 1, 1, 0, 1, 1, 1, 1, 1, 1, 1, 0, 1, 1, 1, 1, 0, 1, 1, 1, 1, 1, 1, 1, 0, 1, 1, 1, 1, 0, 1, 1, 1, 1, 1, 1, 1, 0, 1, 1, 1, 1, 0, 1, 1, 1, 1, 1, 1, 1, 0, 1, 1, 1, 1, 0, 1, 1, 1, 1, 1, 1, 1, 0, 1, 1, 1, 1, 0, 1, 1, 1, 1, 1, 1, 1, 0, 1, 1], [1, 1, 0, 0, 0, 0, 1, 1, 1, 1, 0, 0, 0, 1, 1, 0, 0, 0, 0, 1, 1, 1, 1, 0, 0, 0, 1, 1, 0, 0, 0, 0, 1, 1, 1, 1, 0, 0, 0, 1, 1, 0, 0, 0, 0, 1, 1, 1, 1, 0, 0, 0, 1, 1, 0, 0, 0, 0, 1, 1, 1, 1, 0, 0, 0, 1, 1, 0, 0, 0, 0, 1, 1, 1, 1, 0, 0, 0, 1, 1, 0, 0, 0, 0, 1, 1, 1, 1, 0, 0, 0, 1, 1, 0, 0, 0, 0, 1, 1, 1, 1, 0, 0, 0, 1, 1, 0, 0, 0, 0, 1, 1, 1, 1, 0, 0, 0, 1, 1, 0, 0, 0, 0, 1, 1, 1, 1, 0, 0, 0, 1, 1, 0, 0, 0, 0, 1, 1, 1, 1, 0, 0, 0, 1, 1, 0, 0, 0, 0, 1, 1, 1, 1, 0, 0, 0, 1, 1, 0, 0, 0, 0, 1, 1, 1, 1, 0, 0, 0, 1, 1, 0, 0, 0, 0, 1, 1, 1, 1, 0, 0, 0, 1, 1, 0, 0, 0, 0, 1, 1, 1, 1, 0, 0, 0, 1, 1, 0, 0, 0, 0, 1, 1, 1, 1, 0, 0, 0, 1, 1, 0, 0, 0, 0, 1, 1, 1, 1, 0, 0, 0, 1, 1, 0, 0, 0, 0, 1, 1, 1, 1, 0, 0, 0, 1, 1, 0, 0, 0, 0, 1, 1, 1, 1, 0, 0, 0, 1, 1, 0, 0, 0, 0, 1, 1, 1, 1, 0, 0, 0, 1, 1, 0, 0, 0, 0, 1, 1, 1, 1, 0, 0, 0, 1, 1, 0, 0, 0, 0, 1, 1, 1, 1, 0, 0, 0, 1, 1, 0, 0, 0, 0, 1, 1, 1, 1, 0, 0, 0, 1, 1, 0, 0, 0, 0, 1, 1, 1, 1, 0, 0, 0, 1, 1, 0, 0, 0, 0, 1, 1, 1, 1, 0, 0, 0, 1, 1, 0, 0, 0, 0, 1, 1, 1, 1, 0, 0, 0, 1, 1, 0, 0, 0, 0, 1, 1, 1, 1, 0, 0, 0, 1, 1, 0, 0, 0, 0, 1, 1, 1, 1, 0, 0, 0, 1, 1, 0, 0, 0, 0, 1, 1, 1, 1, 0, 0, 0, 1, 1, 0, 0, 0, 0, 1, 1, 1, 1, 0, 0, 0, 1, 1, 0, 0, 0, 0, 1, 1, 1, 1, 0, 0, 0, 1, 1, 0, 0, 0, 0, 1, 1, 1, 1, 0, 0, 0, 1, 1, 0, 0, 0, 0, 1, 1, 1, 1, 0, 0, 0, 1, 1, 0, 0, 0, 0, 1, 1, 1, 1, 0, 0, 0, 1, 1, 0, 0, 0, 0, 1, 1, 1, 1, 0, 0, 0, 1, 1, 0, 0, 0, 0, 1, 1, 1, 1, 0, 0, 0, 1, 1, 0, 0, 0, 0, 1, 1, 1, 1, 0, 0, 0, 1, 1, 0, 0, 0, 0, 1, 1, 1, 1, 0, 0, 0, 1, 1, 0, 0, 0, 0, 1, 1, 1, 1, 0, 0, 0, 1, 1, 0, 0, 0, 0, 1, 1, 1, 1, 0, 0, 0, 1, 1, 0, 0, 0, 0, 1, 1, 1, 1, 0, 0, 0, 1, 1, 0, 0, 0, 0, 1, 1, 1, 1, 0, 0, 0, 1, 1, 0, 0, 0, 0, 1, 1, 1, 1, 0, 0, 0, 1, 1, 0, 0, 0, 0, 1, 1, 1, 1, 0, 0, 0, 1, 1, 0, 0, 0, 0, 1, 1, 1, 1, 0, 0, 0, 1, 1, 0, 0, 0, 0, 1, 1, 1, 1, 0, 0, 0, 1, 1, 0, 0, 0, 0, 1, 1, 1, 1, 0, 0, 0, 1, 1, 0, 0, 0, 0, 1, 1, 1, 1, 0, 0, 0, 1, 1, 0, 0, 0, 0, 1, 1, 1, 1, 0, 0, 0, 1, 1, 0, 0, 0, 0, 1, 1, 1, 1, 0, 0, 0, 1, 1, 0, 0, 0, 0, 1, 1, 1, 1, 0, 0, 0, 1, 1, 0, 0, 0, 0, 1, 1, 1, 1, 0, 0, 0, 1, 1, 0, 0, 0, 0, 1, 1, 1, 1, 0, 0, 0, 1, 1, 0, 0, 0, 0, 1, 1, 1, 1, 0, 0, 0, 1, 1, 0, 0, 0, 0, 1, 1, 1, 1, 0, 0, 0, 1, 1, 0, 0, 0, 0, 1, 1, 1, 1, 0, 0, 0, 1, 1, 0, 0, 0, 0, 1, 1, 1, 1, 0, 0, 0, 1, 1, 0, 0, 0, 0, 1, 1, 1, 1, 0, 0, 0, 1, 1, 0, 0, 0, 0, 1, 1, 1, 1, 0, 0, 0, 1, 1, 0, 0, 0, 0, 1, 1, 1, 1, 0, 0, 0, 1, 1, 0, 0, 0, 0, 1, 1, 1, 1, 0, 0, 0, 1, 1, 0, 0, 0, 0, 1, 1, 1, 1, 0, 0, 0, 1, 1, 0, 0, 0, 0, 1, 1, 1, 1, 0, 0, 0, 1, 1, 0, 0, 0, 0, 1, 1, 1, 1, 0, 0, 0, 1, 1, 0, 0, 0, 0, 1, 1, 1, 1, 0, 0, 0, 1, 1, 0, 0, 0, 0, 1, 1, 1, 1, 0, 0, 0, 1, 1, 0, 0, 0, 0, 1, 1, 1, 1, 0, 0, 0, 1, 1, 0, 0, 0, 0, 1, 1, 1, 1, 0, 0, 0, 1, 1, 0, 0, 0, 0, 1, 1, 1, 1, 0, 0, 0, 1, 1, 0, 0, 0, 0, 1, 1, 1, 1, 0, 0, 0, 1, 1, 0, 0, 0, 0, 1, 1, 1, 1, 0, 0, 0, 1, 1, 0, 0, 0, 0, 1, 1, 1, 1, 0, 0, 0, 1, 1, 0, 0, 0, 0, 1, 1, 1, 1, 0, 0, 0, 1, 1, 0, 0, 0, 0, 1, 1, 1, 1, 0, 0, 0, 1, 1, 0, 0, 0, 0, 1, 1, 1, 1, 0, 0, 0, 1, 1, 0, 0, 0, 0, 1, 1, 1, 1, 0, 0, 0, 1, 1, 0, 0, 0, 0, 1, 1, 1, 1, 0, 0, 0, 1, 1, 0, 0, 0, 0, 1, 1, 1, 1, 0, 0, 0, 1, 1, 0, 0, 0, 0, 1, 1, 1, 1, 0, 0, 0, 1, 1, 0, 0, 0, 0, 1, 1, 1, 1, 0, 0, 0, 1, 1, 0, 0, 0, 0, 1, 1, 1, 1, 0, 0, 0, 1, 1, 0, 0, 0, 0, 1, 1, 1, 1, 0, 0, 0, 1, 1, 0, 0, 0, 0, 1, 1, 1, 1, 0, 0, 0, 1, 1, 0, 0, 0, 0, 1, 1, 1, 1, 0, 0, 0, 1, 1, 0, 0, 0, 0, 1, 1, 1, 1, 0, 0, 0, 1, 1, 0, 0, 0, 0, 1, 1, 1, 1, 0, 0, 0, 1, 1, 0, 0, 0, 0, 1, 1, 1, 1, 0, 0, 0, 1, 1, 0, 0, 0, 0, 1, 1, 1, 1, 0, 0, 0, 1, 1, 0, 0, 0, 0, 1, 1, 1, 1, 0, 0, 0, 1, 1, 0, 0, 0, 0, 1, 1, 1, 1, 0, 0, 0, 1, 1, 0, 0, 0, 0, 1, 1, 1, 1, 0, 0, 0, 1, 1, 0, 0, 0, 0, 1, 1, 1, 1, 0, 0, 0, 1, 1, 0, 0, 0, 0, 1, 1, 1, 1, 0, 0, 0, 1, 1, 0, 0, 0, 0, 1, 1, 1, 1, 0, 0, 0, 1, 1, 0, 0, 0, 0, 1, 1, 1, 1, 0, 0, 0, 1, 1, 0, 0, 0, 0, 1, 1, 1, 1, 0, 0, 0, 1, 1, 0, 0, 0, 0, 1, 1, 1, 1, 0, 0, 0, 0, 0, 0, 0, 0, 0, 1, 1, 1, 1, 0, 0, 0, 0, 0, 0, 0, 0, 0, 1, 1, 1, 1, 0, 0, 0, 0, 0, 0, 0, 0, 0, 1, 1, 1, 1, 0, 0, 0, 0, 0, 0, 0, 0, 0, 1, 1, 1, 1, 0, 0, 0, 0, 0, 0, 0, 0, 0, 1, 1, 1, 1, 0, 0, 0, 0, 0, 0, 0, 0, 0, 1, 1, 1, 1, 0, 0, 0, 0, 0, 0, 0, 0, 0, 1, 1, 1, 1, 0, 0, 0, 0, 0, 0, 0, 0, 0, 1, 1, 1, 1, 0, 0, 0, 0, 0, 0, 0, 0, 0, 1, 1, 1, 1, 0, 0, 0, 0, 0, 0, 0, 0, 0, 1, 1, 1, 1, 0, 0, 0, 0, 0, 0, 0, 0, 0, 1, 1, 1, 1, 0, 0, 0, 0, 0, 0, 0, 0, 0, 1, 1, 1, 1, 0, 0, 0, 0, 0, 0, 0, 0, 0, 1, 1, 1, 1, 0, 0, 0, 0, 0, 0, 0, 0, 0, 1, 1, 1, 1, 0, 0, 0, 0, 0, 0, 0, 0, 0, 1, 1, 1, 1, 0, 0, 0, 0, 0, 0, 0, 0, 0, 1, 1, 1, 1, 0, 0, 0, 0, 0, 0, 0, 0, 0, 1, 1, 1, 1, 0, 0, 0, 0, 0, 0, 0, 0, 0, 1, 1, 1, 1, 0, 0, 0, 0, 0, 0, 0, 0, 0, 1, 1, 1, 1, 0, 0, 0, 0, 0, 0, 0, 0, 0, 1, 1, 1, 1, 0, 0, 0, 0, 0, 0, 0, 0, 0, 1, 1, 1, 1, 0, 0, 0, 0, 0, 0, 0, 0, 0, 1, 1, 1, 1, 0, 0, 0, 0, 0, 0, 0, 0, 0, 1, 1, 1, 1, 0, 0, 0, 0, 0, 0, 0, 0, 0, 1, 1, 1, 1, 0, 0, 0, 0, 0, 0, 0, 0, 0, 1, 1, 1, 1, 0, 0, 0, 0, 0, 0, 0, 0, 0, 1, 1, 1, 1, 0, 0, 0, 0, 0, 0, 0, 0, 0, 1, 1, 1, 1, 0, 0, 0, 0, 0, 0, 0, 0, 0, 1, 1, 1, 1, 0, 0, 0, 0, 0, 0, 0, 0, 0, 1, 1, 1, 1, 0, 0, 0, 0, 0, 0, 0, 0, 0, 1, 1, 1, 1, 0, 0, 0, 0, 0, 0, 0, 0, 0, 1, 1, 1, 1, 0, 0, 0, 0, 0, 0, 0, 0, 0]]
  reset_attention_mask ............................ False
  reset_position_ids .............................. False
  resharding_stages ............................... [False, False, False, False, False, False, False, False]
  retriever_report_topk_accuracies ................ []
  retriever_score_scaling ......................... False
  retriever_seq_length ............................ 256
  sample_rate ..................................... 1.0
  save ............................................ None
  save_interval ................................... None
  scatter_gather_tensors_in_pipeline .............. True
  seed ............................................ 1234
  seq_length ...................................... 2048
  sgd_momentum .................................... 0.9
  short_seq_prob .................................. 0.1
  split ........................................... 949,50,1
  tensor_model_parallel_size ...................... 1
  tensorboard_dir ................................. None
  tensorboard_log_interval ........................ 1
  tensorboard_queue_size .......................... 1000
  titles_data_path ................................ None
  tokenizer_type .................................. GPT2BPETokenizer
  train_iters ..................................... 3
  train_samples ................................... None
  use_checkpoint_lr_scheduler ..................... False
  use_contiguous_buffers_in_ddp ................... False
  use_cpu_initialization .......................... None
  use_one_sent_docs ............................... False
  virtual_pipeline_model_parallel_size ............ 1
  vocab_extra_ids ................................. 0
  vocab_file ...................................... vocabs/gpt2-vocab.json
  warmup .......................................... None
  weight_decay .................................... 0.01
  world_size ...................................... 8
-------------------- end of arguments ---------------------
setting number of micro-batches to constant 128
> building GPT2BPETokenizer tokenizer ...
[W socket.cpp:558] [c10d] The client socket cannot be initialized to connect to [::ffff:127.0.0.1]:7000 (errno: 97 - Address family not supported by protocol).
[W socket.cpp:558] [c10d] The client socket cannot be initialized to connect to [localhost]:7000 (errno: 97 - Address family not supported by protocol).
[W socket.cpp:558] [c10d] The client socket cannot be initialized to connect to [::ffff:127.0.0.1]:7000 (errno: 97 - Address family not supported by protocol).
[W socket.cpp:558] [c10d] The client socket cannot be initialized to connect to [localhost]:7000 (errno: 97 - Address family not supported by protocol).
 > padded vocab (size: 50257) with 47 dummy tokens (new size: 50304)
> initializing torch distributed ...
[W socket.cpp:558] [c10d] The client socket cannot be initialized to connect to [::ffff:127.0.0.1]:7000 (errno: 97 - Address family not supported by protocol).
[W socket.cpp:558] [c10d] The client socket cannot be initialized to connect to [::ffff:127.0.0.1]:7000 (errno: 97 - Address family not supported by protocol).
[W socket.cpp:558] [c10d] The client socket cannot be initialized to connect to [::ffff:127.0.0.1]:7000 (errno: 97 - Address family not supported by protocol).
[W socket.cpp:558] [c10d] The client socket cannot be initialized to connect to [localhost]:7000 (errno: 97 - Address family not supported by protocol).
[W socket.cpp:558] [c10d] The client socket cannot be initialized to connect to [::ffff:127.0.0.1]:7000 (errno: 97 - Address family not supported by protocol).
[W socket.cpp:558] [c10d] The client socket cannot be initialized to connect to [localhost]:7000 (errno: 97 - Address family not supported by protocol).
[W socket.cpp:558] [c10d] The client socket cannot be initialized to connect to [::ffff:127.0.0.1]:7000 (errno: 97 - Address family not supported by protocol).
[W socket.cpp:558] [c10d] The client socket cannot be initialized to connect to [localhost]:7000 (errno: 97 - Address family not supported by protocol).
[W socket.cpp:558] [c10d] The client socket cannot be initialized to connect to [::ffff:127.0.0.1]:7000 (errno: 97 - Address family not supported by protocol).
[W socket.cpp:558] [c10d] The client socket cannot be initialized to connect to [localhost]:7000 (errno: 97 - Address family not supported by protocol).
> initializing FlexPipe...
[DEBUG]|rank 6|     pipeline_rank= 6 |     tp_size= 1 |     tp_rank=0 |     tp_src_rank=6 |     dp_size= 1 |     parent ranks=[5] |     child ranks = [7] |     args.micro_batch_size = 8

[DEBUG]|rank 2|     pipeline_rank= 2 |     tp_size= 1 |     tp_rank=0 |     tp_src_rank=2 |     dp_size= 1 |     parent ranks=[1] |     child ranks = [3] |     args.micro_batch_size = 8

[DEBUG]|rank 1|     pipeline_rank= 1 |     tp_size= 1 |     tp_rank=0 |     tp_src_rank=1 |     dp_size= 1 |     parent ranks=[0] |     child ranks = [2] |     args.micro_batch_size = 8

[DEBUG]|rank 3|     pipeline_rank= 3 |     tp_size= 1 |     tp_rank=0 |     tp_src_rank=3 |     dp_size= 1 |     parent ranks=[2] |     child ranks = [4] |     args.micro_batch_size = 8

[DEBUG]|rank 5|     pipeline_rank= 5 |     tp_size= 1 |     tp_rank=0 |     tp_src_rank=5 |     dp_size= 1 |     parent ranks=[4] |     child ranks = [6] |     args.micro_batch_size = 8

[DEBUG]|rank 4|     pipeline_rank= 4 |     tp_size= 1 |     tp_rank=0 |     tp_src_rank=4 |     dp_size= 1 |     parent ranks=[3] |     child ranks = [5] |     args.micro_batch_size = 8

[DEBUG]|rank 7|     pipeline_rank= 7 |     tp_size= 1 |     tp_rank=0 |     tp_src_rank=7 |     dp_size= 1 |     parent ranks=[6] |     child ranks = [0] |     args.micro_batch_size = 8

[DEBUG]|rank 0|     pipeline_rank= 0 |     tp_size= 1 |     tp_rank=0 |     tp_src_rank=0 |     dp_size= 1 |     parent ranks=[7] |     child ranks = [1] |     args.micro_batch_size = 8

> setting random seeds to 1234 ...
> initializing model parallel cuda seeds on global rank 0, model parallel rank 0, and data parallel rank 0 with model parallel seed: 3952 and data parallel seed: 1234
> compiling dataset index builder ...
make: Entering directory '/home/liminglong.lml/sxz/SuperScaler/runtime/megatron/data'
make: Nothing to be done for 'default'.
make: Leaving directory '/home/liminglong.lml/sxz/SuperScaler/runtime/megatron/data'
>>> done with dataset index builder. Compilation time: 0.058 seconds
> compiling and loading fused kernels ...
Detected CUDA files, patching ldflags
Emitting ninja build file /home/liminglong.lml/sxz/SuperScaler/runtime/megatron/fused_kernels/build/build.ninja...
Building extension module scaled_upper_triang_masked_softmax_cuda...
Allowing ninja to set a default number of workers... (overridable by setting the environment variable MAX_JOBS=N)
ninja: no work to do.
Loading extension module scaled_upper_triang_masked_softmax_cuda...
Detected CUDA files, patching ldflags
Emitting ninja build file /home/liminglong.lml/sxz/SuperScaler/runtime/megatron/fused_kernels/build/build.ninja...
Building extension module scaled_masked_softmax_cuda...
Allowing ninja to set a default number of workers... (overridable by setting the environment variable MAX_JOBS=N)
ninja: no work to do.
Loading extension module scaled_masked_softmax_cuda...
Detected CUDA files, patching ldflags
Emitting ninja build file /home/liminglong.lml/sxz/SuperScaler/runtime/megatron/fused_kernels/build/build.ninja...
Building extension module scaled_softmax_cuda...
Allowing ninja to set a default number of workers... (overridable by setting the environment variable MAX_JOBS=N)
ninja: no work to do.
Loading extension module scaled_softmax_cuda...
Detected CUDA files, patching ldflags
Emitting ninja build file /home/liminglong.lml/sxz/SuperScaler/runtime/megatron/fused_kernels/build/build.ninja...
Building extension module fused_mix_prec_layer_norm_cuda...
Allowing ninja to set a default number of workers... (overridable by setting the environment variable MAX_JOBS=N)
ninja: no work to do.
Loading extension module fused_mix_prec_layer_norm_cuda...
>>> done with compiling and loading fused kernels. Compilation time: 9.231 seconds
[TIME] time to initialize megatron (seconds): 9.888
building GPT model ...
[rank 6 all ops] "enc-MLP-GEMM-1","enc-MLP-gelu","enc-MLP-GEMM-2","enc-post-MLP-dropout","enc-1st-layernorm","enc-attention-qkv","enc-attention-score","enc-attention-softmax","enc-attention-dropout","enc-attention-context","enc-attention-dense","enc-post-attention-dropout","enc-2nd-layernorm","enc-MLP-GEMM-1","enc-MLP-gelu","enc-MLP-GEMM-2","enc-post-MLP-dropout","enc-1st-layernorm","enc-attention-qkv","enc-attention-score","enc-attention-softmax","enc-attention-dropout","enc-attention-context","enc-attention-dense","enc-post-attention-dropout","enc-2nd-layernorm","enc-MLP-GEMM-1","enc-MLP-gelu","enc-MLP-GEMM-2","enc-post-MLP-dropout","enc-1st-layernorm","enc-attention-qkv","enc-attention-score","enc-attention-softmax","enc-attention-dropout","enc-attention-context","enc-attention-dense","enc-post-attention-dropout","enc-2nd-layernorm","enc-MLP-GEMM-1","enc-MLP-gelu","enc-MLP-GEMM-2","enc-post-MLP-dropout","enc-1st-layernorm","enc-attention-qkv","enc-attention-score","enc-attention-softmax","enc-attention-dropout","enc-attention-context","enc-attention-dense","enc-post-attention-dropout","enc-2nd-layernorm","enc-MLP-GEMM-1","enc-MLP-gelu","enc-MLP-GEMM-2","enc-post-MLP-dropout","enc-1st-layernorm","enc-attention-qkv","enc-attention-score","enc-attention-softmax","enc-attention-dropout","enc-attention-context","enc-attention-dense","enc-post-attention-dropout","enc-2nd-layernorm","enc-MLP-GEMM-1","enc-MLP-gelu","enc-MLP-GEMM-2","enc-post-MLP-dropout","enc-1st-layernorm","enc-attention-qkv","enc-attention-score","enc-attention-softmax","enc-attention-dropout","enc-attention-context","enc-attention-dense","enc-post-attention-dropout","enc-2nd-layernorm","enc-MLP-GEMM-1","enc-MLP-gelu","enc-MLP-GEMM-2","enc-post-MLP-dropout","enc-1st-layernorm","enc-attention-qkv","enc-attention-score","enc-attention-softmax","enc-attention-dropout","enc-attention-context","enc-attention-dense","enc-post-attention-dropout","enc-2nd-layernorm","enc-MLP-GEMM-1","enc-MLP-gelu","enc-MLP-GEMM-2","enc-post-MLP-dropout","enc-1st-layernorm","enc-attention-qkv","enc-attention-score","enc-attention-softmax","enc-attention-dropout","enc-attention-context","enc-attention-dense","enc-post-attention-dropout","enc-2nd-layernorm","enc-MLP-GEMM-1","enc-MLP-gelu","enc-MLP-GEMM-2","enc-post-MLP-dropout","enc-1st-layernorm","enc-attention-qkv","enc-attention-score","enc-attention-softmax","enc-attention-dropout","enc-attention-context","enc-attention-dense","enc-post-attention-dropout","enc-2nd-layernorm","enc-MLP-GEMM-1","enc-MLP-gelu","enc-MLP-GEMM-2","enc-post-MLP-dropout","enc-1st-layernorm","enc-attention-qkv","enc-attention-score","enc-attention-softmax","enc-attention-dropout","enc-attention-context","enc-attention-dense","enc-post-attention-dropout","enc-2nd-layernorm","enc-MLP-GEMM-1","enc-MLP-gelu","enc-MLP-GEMM-2","enc-post-MLP-dropout","enc-1st-layernorm","enc-attention-qkv","enc-attention-score","enc-attention-softmax","enc-attention-dropout","enc-attention-context","enc-attention-dense","enc-post-attention-dropout","enc-2nd-layernorm","enc-MLP-GEMM-1","enc-MLP-gelu","enc-MLP-GEMM-2","enc-post-MLP-dropout","enc-1st-layernorm","enc-attention-qkv","enc-attention-score","enc-attention-softmax","enc-attention-dropout","enc-attention-context","enc-attention-dense","enc-post-attention-dropout","enc-2nd-layernorm","enc-MLP-GEMM-1","enc-MLP-gelu","enc-MLP-GEMM-2","enc-post-MLP-dropout","enc-1st-layernorm","enc-attention-qkv","enc-attention-score","enc-attention-softmax","enc-attention-dropout","enc-attention-context","enc-attention-dense","enc-post-attention-dropout","enc-2nd-layernorm","enc-MLP-GEMM-1","enc-MLP-gelu","enc-MLP-GEMM-2","enc-post-MLP-dropout","enc-1st-layernorm","enc-attention-qkv","enc-attention-score","enc-attention-softmax","enc-attention-dropout","enc-attention-context","enc-attention-dense","enc-post-attention-dropout","enc-2nd-layernorm","enc-MLP-GEMM-1","enc-MLP-gelu","enc-MLP-GEMM-2","enc-post-MLP-dropout","enc-1st-layernorm","enc-attention-qkv","enc-attention-score","enc-attention-softmax","enc-attention-dropout","enc-attention-context","enc-attention-dense","enc-post-attention-dropout","enc-2nd-layernorm","enc-MLP-GEMM-1","enc-MLP-gelu","enc-MLP-GEMM-2","enc-post-MLP-dropout","enc-1st-layernorm","enc-attention-qkv","enc-attention-score","enc-attention-softmax","enc-attention-dropout","enc-attention-context","enc-attention-dense","enc-post-attention-dropout","enc-2nd-layernorm","enc-MLP-GEMM-1","enc-MLP-gelu","enc-MLP-GEMM-2","enc-post-MLP-dropout","enc-1st-layernorm","enc-attention-qkv","enc-attention-score","enc-attention-softmax","enc-attention-dropout","enc-attention-context","enc-attention-dense","enc-post-attention-dropout","enc-2nd-layernorm","enc-MLP-GEMM-1","enc-MLP-gelu","enc-MLP-GEMM-2","enc-post-MLP-dropout","enc-1st-layernorm","enc-attention-qkv","enc-attention-score","enc-attention-softmax","enc-attention-dropout","enc-attention-context","enc-attention-dense","enc-post-attention-dropout","enc-2nd-layernorm","enc-MLP-GEMM-1","enc-MLP-gelu","enc-MLP-GEMM-2","enc-post-MLP-dropout","enc-1st-layernorm","enc-attention-qkv","enc-attention-score","enc-attention-softmax","enc-attention-dropout","enc-attention-context","enc-attention-dense","enc-post-attention-dropout","enc-2nd-layernorm","enc-MLP-GEMM-1","enc-MLP-gelu","enc-MLP-GEMM-2","enc-post-MLP-dropout","enc-1st-layernorm","enc-attention-qkv","enc-attention-score","enc-attention-softmax","enc-attention-dropout","enc-attention-context","enc-attention-dense","enc-post-attention-dropout","enc-2nd-layernorm","enc-MLP-GEMM-1","enc-MLP-gelu","enc-MLP-GEMM-2","enc-post-MLP-dropout","enc-1st-layernorm","enc-attention-qkv","enc-attention-score","enc-attention-softmax","enc-attention-dropout","enc-attention-context","enc-attention-dense","enc-post-attention-dropout","enc-2nd-layernorm","enc-MLP-GEMM-1","enc-MLP-gelu","enc-MLP-GEMM-2","enc-post-MLP-dropout","enc-1st-layernorm","enc-attention-qkv","enc-attention-score","enc-attention-softmax","enc-attention-dropout","enc-attention-context","enc-attention-dense","enc-post-attention-dropout","enc-2nd-layernorm","enc-MLP-GEMM-1","enc-MLP-gelu","enc-MLP-GEMM-2","enc-post-MLP-dropout","enc-1st-layernorm","enc-attention-qkv","enc-attention-score","enc-attention-softmax","enc-attention-dropout","enc-attention-context","enc-attention-dense","enc-post-attention-dropout","enc-2nd-layernorm","enc-MLP-GEMM-1","enc-MLP-gelu","enc-MLP-GEMM-2","enc-post-MLP-dropout","enc-1st-layernorm","enc-attention-qkv","enc-attention-score","enc-attention-softmax","enc-attention-dropout","enc-attention-context","enc-attention-dense","enc-post-attention-dropout","enc-2nd-layernorm","enc-MLP-GEMM-1","enc-MLP-gelu","enc-MLP-GEMM-2","enc-post-MLP-dropout","enc-1st-layernorm","enc-attention-qkv","enc-attention-score","enc-attention-softmax","enc-attention-dropout","enc-attention-context","enc-attention-dense","enc-post-attention-dropout","enc-2nd-layernorm","enc-MLP-GEMM-1","enc-MLP-gelu","enc-MLP-GEMM-2","enc-post-MLP-dropout","enc-1st-layernorm","enc-attention-qkv","enc-attention-score","enc-attention-softmax","enc-attention-dropout","enc-attention-context","enc-attention-dense","enc-post-attention-dropout","enc-2nd-layernorm","enc-MLP-GEMM-1","enc-MLP-gelu","enc-MLP-GEMM-2","enc-post-MLP-dropout","enc-1st-layernorm","enc-attention-qkv","enc-attention-score","enc-attention-softmax","enc-attention-dropout","enc-attention-context","enc-attention-dense","enc-post-attention-dropout","enc-2nd-layernorm","enc-MLP-GEMM-1","enc-MLP-gelu","enc-MLP-GEMM-2","enc-post-MLP-dropout","enc-1st-layernorm","enc-attention-qkv","enc-attention-score","enc-attention-softmax","enc-attention-dropout","enc-attention-context","enc-attention-dense","enc-post-attention-dropout","enc-2nd-layernorm","enc-MLP-GEMM-1","enc-MLP-gelu","enc-MLP-GEMM-2","enc-post-MLP-dropout","enc-1st-layernorm","enc-attention-qkv","enc-attention-score","enc-attention-softmax","enc-attention-dropout","enc-attention-context","enc-attention-dense","enc-post-attention-dropout","enc-2nd-layernorm","enc-MLP-GEMM-1","enc-MLP-gelu","enc-MLP-GEMM-2","enc-post-MLP-dropout","enc-1st-layernorm","enc-attention-qkv","enc-attention-score","enc-attention-softmax","enc-attention-dropout","enc-attention-context","enc-attention-dense","enc-post-attention-dropout","enc-2nd-layernorm","enc-MLP-GEMM-1","enc-MLP-gelu","enc-MLP-GEMM-2","enc-post-MLP-dropout","enc-1st-layernorm","enc-attention-qkv","enc-attention-score","enc-attention-softmax","enc-attention-dropout","enc-attention-context","enc-attention-dense","enc-post-attention-dropout","enc-2nd-layernorm","enc-MLP-GEMM-1","enc-MLP-gelu","enc-MLP-GEMM-2","enc-post-MLP-dropout","enc-1st-layernorm","enc-attention-qkv","enc-attention-score","enc-attention-softmax","enc-attention-dropout","enc-attention-context","enc-attention-dense","enc-post-attention-dropout","enc-2nd-layernorm","enc-MLP-GEMM-1","enc-MLP-gelu","enc-MLP-GEMM-2","enc-post-MLP-dropout","enc-1st-layernorm","enc-attention-qkv","enc-attention-score","enc-attention-softmax","enc-attention-dropout","enc-attention-context","enc-attention-dense","enc-post-attention-dropout","enc-2nd-layernorm","enc-MLP-GEMM-1","enc-MLP-gelu","enc-MLP-GEMM-2","enc-post-MLP-dropout","enc-1st-layernorm","enc-attention-qkv","enc-attention-score","enc-attention-softmax","enc-attention-dropout","enc-attention-context","enc-attention-dense","enc-post-attention-dropout","enc-2nd-layernorm","enc-MLP-GEMM-1","enc-MLP-gelu","enc-MLP-GEMM-2","enc-post-MLP-dropout","enc-1st-layernorm","enc-attention-qkv","enc-attention-score","enc-attention-softmax","enc-attention-dropout","enc-attention-context","enc-attention-dense","enc-post-attention-dropout","enc-2nd-layernorm","enc-MLP-GEMM-1","enc-MLP-gelu","enc-MLP-GEMM-2","enc-post-MLP-dropout","enc-1st-layernorm","enc-attention-qkv","enc-attention-score","enc-attention-softmax","enc-attention-dropout","enc-attention-context","enc-attention-dense","enc-post-attention-dropout","enc-2nd-layernorm","enc-MLP-GEMM-1","enc-MLP-gelu","enc-MLP-GEMM-2","enc-post-MLP-dropout","enc-1st-layernorm","enc-attention-qkv","enc-attention-score","enc-attention-softmax","enc-attention-dropout","enc-attention-context","enc-attention-dense","enc-post-attention-dropout","enc-2nd-layernorm","enc-MLP-GEMM-1","enc-MLP-gelu","enc-MLP-GEMM-2","enc-post-MLP-dropout","enc-1st-layernorm","enc-attention-qkv","enc-attention-score","enc-attention-softmax","enc-attention-dropout","enc-attention-context","enc-attention-dense","enc-post-attention-dropout","enc-2nd-layernorm","enc-MLP-GEMM-1","enc-MLP-gelu","enc-MLP-GEMM-2","enc-post-MLP-dropout","enc-1st-layernorm","enc-attention-qkv","enc-attention-score","enc-attention-softmax","enc-attention-dropout","enc-attention-context","enc-attention-dense","enc-post-attention-dropout","enc-2nd-layernorm","enc-MLP-GEMM-1","enc-MLP-gelu","enc-MLP-GEMM-2","enc-post-MLP-dropout","enc-1st-layernorm","enc-attention-qkv","enc-attention-score","enc-attention-softmax","enc-attention-dropout","enc-attention-context","enc-attention-dense","enc-post-attention-dropout","enc-2nd-layernorm","enc-MLP-GEMM-1","enc-MLP-gelu","enc-MLP-GEMM-2","enc-post-MLP-dropout","enc-1st-layernorm","enc-attention-qkv","enc-attention-score","enc-attention-softmax","enc-attention-dropout","enc-attention-context","enc-attention-dense","enc-post-attention-dropout","enc-2nd-layernorm","enc-MLP-GEMM-1","enc-MLP-gelu","enc-MLP-GEMM-2","enc-post-MLP-dropout","enc-1st-layernorm","enc-attention-qkv","enc-attention-score","enc-attention-softmax","enc-attention-dropout","enc-attention-context","enc-attention-dense","enc-post-attention-dropout","enc-2nd-layernorm","enc-MLP-GEMM-1","enc-MLP-gelu","enc-MLP-GEMM-2","enc-post-MLP-dropout","enc-1st-layernorm","enc-attention-qkv","enc-attention-score","enc-attention-softmax","enc-attention-dropout","enc-attention-context","enc-attention-dense","enc-post-attention-dropout","enc-2nd-layernorm","enc-MLP-GEMM-1","enc-MLP-gelu","enc-MLP-GEMM-2","enc-post-MLP-dropout","enc-1st-layernorm","enc-attention-qkv","enc-attention-score","enc-attention-softmax","enc-attention-dropout","enc-attention-context","enc-attention-dense","enc-post-attention-dropout","enc-2nd-layernorm","enc-MLP-GEMM-1","enc-MLP-gelu","enc-MLP-GEMM-2","enc-post-MLP-dropout","enc-1st-layernorm","enc-attention-qkv","enc-attention-score","enc-attention-softmax","enc-attention-dropout","enc-attention-context","enc-attention-dense","enc-post-attention-dropout","enc-2nd-layernorm","enc-MLP-GEMM-1","enc-MLP-gelu","enc-MLP-GEMM-2","enc-post-MLP-dropout","enc-1st-layernorm","enc-attention-qkv","enc-attention-score","enc-attention-softmax","enc-attention-dropout","enc-attention-context","enc-attention-dense","enc-post-attention-dropout","enc-2nd-layernorm","enc-MLP-GEMM-1","enc-MLP-gelu","enc-MLP-GEMM-2","enc-post-MLP-dropout","enc-1st-layernorm","enc-attention-qkv","enc-attention-score","enc-attention-softmax","enc-attention-dropout","enc-attention-context","enc-attention-dense","enc-post-attention-dropout","enc-2nd-layernorm","enc-MLP-GEMM-1","enc-MLP-gelu","enc-MLP-GEMM-2","enc-post-MLP-dropout","enc-1st-layernorm","enc-attention-qkv","enc-attention-score","enc-attention-softmax","enc-attention-dropout","enc-attention-context","enc-attention-dense","enc-post-attention-dropout","enc-2nd-layernorm","enc-MLP-GEMM-1","enc-MLP-gelu","enc-MLP-GEMM-2","enc-post-MLP-dropout","enc-1st-layernorm","enc-attention-qkv","enc-attention-score","enc-attention-softmax","enc-attention-dropout","enc-attention-context","enc-attention-dense","enc-post-attention-dropout","enc-2nd-layernorm","enc-MLP-GEMM-1","enc-MLP-gelu","enc-MLP-GEMM-2","enc-post-MLP-dropout","enc-1st-layernorm","enc-attention-qkv","enc-attention-score","enc-attention-softmax","enc-attention-dropout","enc-attention-context","enc-attention-dense","enc-post-attention-dropout","enc-2nd-layernorm","enc-MLP-GEMM-1","enc-MLP-gelu","enc-MLP-GEMM-2","enc-post-MLP-dropout","enc-1st-layernorm","enc-attention-qkv","enc-attention-score","enc-attention-softmax","enc-attention-dropout","enc-attention-context","enc-attention-dense","enc-post-attention-dropout","enc-2nd-layernorm","enc-MLP-GEMM-1","enc-MLP-gelu","enc-MLP-GEMM-2","enc-post-MLP-dropout","enc-1st-layernorm","enc-attention-qkv","enc-attention-score","enc-attention-softmax","enc-attention-dropout","enc-attention-context","enc-attention-dense","enc-post-attention-dropout","enc-2nd-layernorm","enc-MLP-GEMM-1","enc-MLP-gelu","enc-MLP-GEMM-2","enc-post-MLP-dropout","enc-1st-layernorm","enc-attention-qkv","enc-attention-score","enc-attention-softmax","enc-attention-dropout","enc-attention-context","enc-attention-dense","enc-post-attention-dropout","enc-2nd-layernorm","enc-MLP-GEMM-1","enc-MLP-gelu","enc-MLP-GEMM-2","enc-post-MLP-dropout","enc-1st-layernorm","enc-attention-qkv","enc-attention-score","enc-attention-softmax","enc-attention-dropout","enc-attention-context","enc-attention-dense","enc-post-attention-dropout","enc-2nd-layernorm","enc-MLP-GEMM-1","enc-MLP-gelu","enc-MLP-GEMM-2","enc-post-MLP-dropout","enc-1st-layernorm","enc-attention-qkv","enc-attention-score","enc-attention-softmax","enc-attention-dropout","enc-attention-context","enc-attention-dense","enc-post-attention-dropout","enc-2nd-layernorm","enc-MLP-GEMM-1","enc-MLP-gelu","enc-MLP-GEMM-2","enc-post-MLP-dropout","enc-1st-layernorm","enc-attention-qkv","enc-attention-score","enc-attention-softmax","enc-attention-dropout","enc-attention-context","enc-attention-dense","enc-post-attention-dropout","enc-2nd-layernorm","enc-MLP-GEMM-1","enc-MLP-gelu","enc-MLP-GEMM-2","enc-post-MLP-dropout","enc-1st-layernorm","enc-attention-qkv","enc-attention-score","enc-attention-softmax","enc-attention-dropout","enc-attention-context","enc-attention-dense","enc-post-attention-dropout","enc-2nd-layernorm","enc-MLP-GEMM-1","enc-MLP-gelu","enc-MLP-GEMM-2","enc-post-MLP-dropout","enc-1st-layernorm","enc-attention-qkv","enc-attention-score","enc-attention-softmax","enc-attention-dropout","enc-attention-context","enc-attention-dense","enc-post-attention-dropout","enc-2nd-layernorm","enc-MLP-GEMM-1","enc-MLP-gelu","enc-MLP-GEMM-2","enc-post-MLP-dropout","enc-1st-layernorm","enc-attention-qkv","enc-attention-score","enc-attention-softmax","enc-attention-dropout","enc-attention-context","enc-attention-dense","enc-post-attention-dropout","enc-2nd-layernorm","enc-MLP-GEMM-1","enc-MLP-gelu","enc-MLP-GEMM-2","enc-post-MLP-dropout","enc-1st-layernorm","enc-attention-qkv","enc-attention-score","enc-attention-softmax","enc-attention-dropout","enc-attention-context","enc-attention-dense","enc-post-attention-dropout","enc-2nd-layernorm","enc-MLP-GEMM-1","enc-MLP-gelu","enc-MLP-GEMM-2","enc-post-MLP-dropout","enc-1st-layernorm","enc-attention-qkv","enc-attention-score","enc-attention-softmax","enc-attention-dropout","enc-attention-context","enc-attention-dense","enc-post-attention-dropout","enc-2nd-layernorm","enc-MLP-GEMM-1","enc-MLP-gelu","enc-MLP-GEMM-2","enc-post-MLP-dropout","enc-1st-layernorm","enc-attention-qkv","enc-attention-score","enc-attention-softmax","enc-attention-dropout","enc-attention-context","enc-attention-dense","enc-post-attention-dropout","enc-2nd-layernorm","enc-MLP-GEMM-1","enc-MLP-gelu","enc-MLP-GEMM-2","enc-post-MLP-dropout","enc-1st-layernorm","enc-attention-qkv","enc-attention-score","enc-attention-softmax","enc-attention-dropout","enc-attention-context","enc-attention-dense","enc-post-attention-dropout","enc-2nd-layernorm","enc-MLP-GEMM-1","enc-MLP-gelu","enc-MLP-GEMM-2","enc-post-MLP-dropout","enc-1st-layernorm","enc-attention-qkv","enc-attention-score","enc-attention-softmax","enc-attention-dropout","enc-attention-context","enc-attention-dense","enc-post-attention-dropout","enc-2nd-layernorm","enc-MLP-GEMM-1","enc-MLP-gelu","enc-MLP-GEMM-2","enc-post-MLP-dropout","enc-1st-layernorm","enc-attention-qkv","enc-attention-score","enc-attention-softmax","enc-attention-dropout","enc-attention-context","enc-attention-dense","enc-post-attention-dropout","enc-2nd-layernorm","enc-MLP-GEMM-1","enc-MLP-gelu","enc-MLP-GEMM-2","enc-post-MLP-dropout","enc-1st-layernorm","enc-attention-qkv","enc-attention-score","enc-attention-softmax","enc-attention-dropout","enc-attention-context","enc-attention-dense","enc-post-attention-dropout","enc-2nd-layernorm","enc-MLP-GEMM-1","enc-MLP-gelu","enc-MLP-GEMM-2","enc-post-MLP-dropout","enc-1st-layernorm","enc-attention-qkv","enc-attention-score","enc-attention-softmax","enc-attention-dropout","enc-attention-context","enc-attention-dense","enc-post-attention-dropout","enc-2nd-layernorm","enc-MLP-GEMM-1","enc-MLP-gelu","enc-MLP-GEMM-2","enc-post-MLP-dropout","enc-1st-layernorm","enc-attention-qkv","enc-attention-score","enc-attention-softmax","enc-attention-dropout","enc-attention-context","enc-attention-dense","enc-post-attention-dropout","enc-2nd-layernorm","enc-MLP-GEMM-1","enc-MLP-gelu","enc-MLP-GEMM-2","enc-post-MLP-dropout","enc-1st-layernorm","enc-attention-qkv","enc-attention-score","enc-attention-softmax","enc-attention-dropout","enc-attention-context","enc-attention-dense","enc-post-attention-dropout","enc-2nd-layernorm","enc-MLP-GEMM-1","enc-MLP-gelu","enc-MLP-GEMM-2","enc-post-MLP-dropout","enc-1st-layernorm","enc-attention-qkv","enc-attention-score","enc-attention-softmax","enc-attention-dropout","enc-attention-context","enc-attention-dense","enc-post-attention-dropout","enc-2nd-layernorm","enc-MLP-GEMM-1","enc-MLP-gelu","enc-MLP-GEMM-2","enc-post-MLP-dropout","enc-1st-layernorm","enc-attention-qkv","enc-attention-score","enc-attention-softmax","enc-attention-dropout","enc-attention-context","enc-attention-dense","enc-post-attention-dropout","enc-2nd-layernorm","enc-MLP-GEMM-1","enc-MLP-gelu","enc-MLP-GEMM-2","enc-post-MLP-dropout","enc-1st-layernorm","enc-attention-qkv","enc-attention-score","enc-attention-softmax","enc-attention-dropout","enc-attention-context","enc-attention-dense","enc-post-attention-dropout","enc-2nd-layernorm","enc-MLP-GEMM-1","enc-MLP-gelu","enc-MLP-GEMM-2","enc-post-MLP-dropout","enc-1st-layernorm","enc-attention-qkv","enc-attention-score","enc-attention-softmax","enc-attention-dropout","enc-attention-context","enc-attention-dense","enc-post-attention-dropout","enc-2nd-layernorm","enc-MLP-GEMM-1","enc-MLP-gelu","enc-MLP-GEMM-2","enc-post-MLP-dropout","enc-1st-layernorm","enc-attention-qkv","enc-attention-score","enc-attention-softmax","enc-attention-dropout","enc-attention-context","enc-attention-dense","enc-post-attention-dropout","enc-2nd-layernorm","enc-MLP-GEMM-1","enc-MLP-gelu","enc-MLP-GEMM-2","enc-post-MLP-dropout","enc-1st-layernorm","enc-attention-qkv","enc-attention-score","enc-attention-softmax","enc-attention-dropout","enc-attention-context","enc-attention-dense","enc-post-attention-dropout","enc-2nd-layernorm","enc-MLP-GEMM-1","enc-MLP-gelu","enc-MLP-GEMM-2","enc-post-MLP-dropout","enc-1st-layernorm","enc-attention-qkv","enc-attention-score","enc-attention-softmax","enc-attention-dropout","enc-attention-context","enc-attention-dense","enc-post-attention-dropout","enc-2nd-layernorm","enc-MLP-GEMM-1","enc-MLP-gelu","enc-MLP-GEMM-2","enc-post-MLP-dropout","enc-1st-layernorm","enc-attention-qkv","enc-attention-score","enc-attention-softmax","enc-attention-dropout","enc-attention-context","enc-attention-dense","enc-post-attention-dropout","enc-2nd-layernorm","enc-MLP-GEMM-1","enc-MLP-gelu","enc-MLP-GEMM-2","enc-post-MLP-dropout","enc-1st-layernorm","enc-attention-qkv","enc-attention-score","enc-attention-softmax","enc-attention-dropout","enc-attention-context","enc-attention-dense","enc-post-attention-dropout","enc-2nd-layernorm","enc-MLP-GEMM-1","enc-MLP-gelu","enc-MLP-GEMM-2","enc-post-MLP-dropout","enc-1st-layernorm","enc-attention-qkv","enc-attention-score","enc-attention-softmax","enc-attention-dropout","enc-attention-context","enc-attention-dense","enc-post-attention-dropout","enc-2nd-layernorm","enc-MLP-GEMM-1","enc-MLP-gelu","enc-MLP-GEMM-2","enc-post-MLP-dropout","enc-1st-layernorm","enc-attention-qkv","enc-attention-score","enc-attention-softmax","enc-attention-dropout","enc-attention-context","enc-attention-dense","enc-post-attention-dropout","enc-2nd-layernorm","enc-MLP-GEMM-1","enc-MLP-gelu","enc-MLP-GEMM-2","enc-post-MLP-dropout","enc-1st-layernorm","enc-attention-qkv","enc-attention-score","enc-attention-softmax","enc-attention-dropout","enc-attention-context","enc-attention-dense","enc-post-attention-dropout","enc-2nd-layernorm","enc-MLP-GEMM-1","enc-MLP-gelu","enc-MLP-GEMM-2","enc-post-MLP-dropout","enc-1st-layernorm","enc-attention-qkv","enc-attention-score","enc-attention-softmax","enc-attention-dropout","enc-attention-context","enc-attention-dense","enc-post-attention-dropout","enc-2nd-layernorm","enc-MLP-GEMM-1","enc-MLP-gelu","enc-MLP-GEMM-2","enc-post-MLP-dropout","enc-1st-layernorm","enc-attention-qkv","enc-attention-score","enc-attention-softmax","enc-attention-dropout","enc-attention-context","enc-attention-dense","enc-post-attention-dropout","enc-2nd-layernorm","enc-MLP-GEMM-1","enc-MLP-gelu","enc-MLP-GEMM-2","enc-post-MLP-dropout","enc-1st-layernorm","enc-attention-qkv","enc-attention-score","enc-attention-softmax","enc-attention-dropout","enc-attention-context","enc-attention-dense","enc-post-attention-dropout","enc-2nd-layernorm","enc-MLP-GEMM-1","enc-MLP-gelu","enc-MLP-GEMM-2","enc-post-MLP-dropout","enc-1st-layernorm","enc-attention-qkv","enc-attention-score","enc-attention-softmax","enc-attention-dropout","enc-attention-context","enc-attention-dense","enc-post-attention-dropout","enc-2nd-layernorm","enc-MLP-GEMM-1","enc-MLP-gelu","enc-MLP-GEMM-2","enc-post-MLP-dropout","enc-1st-layernorm","enc-attention-qkv","enc-attention-score","enc-attention-softmax","enc-attention-dropout","enc-attention-context","enc-attention-dense","enc-post-attention-dropout","enc-2nd-layernorm","enc-MLP-GEMM-1","enc-MLP-gelu","enc-MLP-GEMM-2","enc-post-MLP-dropout","enc-1st-layernorm","enc-attention-qkv","enc-attention-score","enc-attention-softmax","enc-attention-dropout","enc-attention-context","enc-attention-dense","enc-post-attention-dropout","enc-2nd-layernorm","enc-MLP-GEMM-1","enc-MLP-gelu","enc-MLP-GEMM-2","enc-post-MLP-dropout","enc-1st-layernorm","enc-attention-qkv","enc-attention-score","enc-attention-softmax","enc-attention-dropout","enc-attention-context","enc-attention-dense","enc-post-attention-dropout","enc-2nd-layernorm","enc-MLP-GEMM-1","enc-MLP-gelu","enc-MLP-GEMM-2","enc-post-MLP-dropout","enc-1st-layernorm","enc-attention-qkv","enc-attention-score","enc-attention-softmax","enc-attention-dropout","enc-attention-context","enc-attention-dense","enc-post-attention-dropout","enc-2nd-layernorm","enc-MLP-GEMM-1","enc-MLP-gelu","enc-MLP-GEMM-2","enc-post-MLP-dropout","enc-1st-layernorm","enc-attention-qkv","enc-attention-score","enc-attention-softmax","enc-attention-dropout","enc-attention-context","enc-attention-dense","enc-post-attention-dropout","enc-2nd-layernorm","enc-MLP-GEMM-1","enc-MLP-gelu","enc-MLP-GEMM-2","enc-post-MLP-dropout","enc-1st-layernorm","enc-attention-qkv","enc-attention-score","enc-attention-softmax","enc-attention-dropout","enc-attention-context","enc-attention-dense","enc-post-attention-dropout","enc-2nd-layernorm","enc-MLP-GEMM-1","enc-MLP-gelu","enc-MLP-GEMM-2","enc-post-MLP-dropout","enc-1st-layernorm","enc-attention-qkv","enc-attention-score","enc-attention-softmax","enc-attention-dropout","enc-attention-context","enc-attention-dense","enc-post-attention-dropout","enc-2nd-layernorm","enc-MLP-GEMM-1","enc-MLP-gelu","enc-MLP-GEMM-2","enc-post-MLP-dropout","enc-1st-layernorm","enc-attention-qkv","enc-attention-score","enc-attention-softmax","enc-attention-dropout","enc-attention-context","enc-attention-dense","enc-post-attention-dropout","enc-2nd-layernorm","enc-MLP-GEMM-1","enc-MLP-gelu","enc-MLP-GEMM-2","enc-post-MLP-dropout","enc-1st-layernorm","enc-attention-qkv","enc-attention-score","enc-attention-softmax","enc-attention-dropout","enc-attention-context","enc-attention-dense","enc-post-attention-dropout","enc-2nd-layernorm","enc-MLP-GEMM-1","enc-MLP-gelu","enc-MLP-GEMM-2","enc-post-MLP-dropout","enc-1st-layernorm","enc-attention-qkv","enc-attention-score","enc-attention-softmax","enc-attention-dropout","enc-attention-context","enc-attention-dense","enc-post-attention-dropout","enc-2nd-layernorm","enc-MLP-GEMM-1","enc-MLP-gelu","enc-MLP-GEMM-2","enc-post-MLP-dropout","enc-1st-layernorm","enc-attention-qkv","enc-attention-score","enc-attention-softmax","enc-attention-dropout","enc-attention-context","enc-attention-dense","enc-post-attention-dropout","enc-2nd-layernorm","enc-MLP-GEMM-1","enc-MLP-gelu","enc-MLP-GEMM-2","enc-post-MLP-dropout","enc-1st-layernorm","enc-attention-qkv","enc-attention-score","enc-attention-softmax","enc-attention-dropout","enc-attention-context","enc-attention-dense","enc-post-attention-dropout","enc-2nd-layernorm","enc-MLP-GEMM-1","enc-MLP-gelu","enc-MLP-GEMM-2","enc-post-MLP-dropout","enc-1st-layernorm","enc-attention-qkv","enc-attention-score","enc-attention-softmax","enc-attention-dropout","enc-attention-context","enc-attention-dense","enc-post-attention-dropout","enc-2nd-layernorm","enc-MLP-GEMM-1","enc-MLP-gelu","enc-MLP-GEMM-2","enc-post-MLP-dropout","enc-1st-layernorm","enc-attention-qkv","enc-attention-score","enc-attention-softmax","enc-attention-dropout","enc-attention-context","enc-attention-dense","enc-post-attention-dropout","enc-2nd-layernorm","enc-MLP-GEMM-1","enc-MLP-gelu","enc-MLP-GEMM-2","enc-post-MLP-dropout","enc-1st-layernorm","enc-attention-qkv","enc-attention-score","enc-attention-softmax","enc-attention-dropout","enc-attention-context","enc-attention-dense","enc-post-attention-dropout","enc-2nd-layernorm","enc-MLP-GEMM-1","enc-MLP-gelu","enc-MLP-GEMM-2","enc-post-MLP-dropout","enc-1st-layernorm","enc-attention-qkv","enc-attention-score","enc-attention-softmax","enc-attention-dropout","enc-attention-context","enc-attention-dense","enc-post-attention-dropout","enc-2nd-layernorm","enc-MLP-GEMM-1","enc-MLP-gelu","enc-MLP-GEMM-2","enc-post-MLP-dropout","enc-1st-layernorm","enc-attention-qkv","enc-attention-score","enc-attention-softmax","enc-attention-dropout","enc-attention-context","enc-attention-dense","enc-post-attention-dropout","enc-2nd-layernorm","enc-MLP-GEMM-1","enc-MLP-gelu","enc-MLP-GEMM-2","enc-post-MLP-dropout","enc-1st-layernorm","enc-attention-qkv","enc-attention-score","enc-attention-softmax","enc-attention-dropout","enc-attention-context","enc-attention-dense","enc-post-attention-dropout","enc-2nd-layernorm","enc-MLP-GEMM-1","enc-MLP-gelu","enc-MLP-GEMM-2","enc-post-MLP-dropout","enc-1st-layernorm","enc-attention-qkv","enc-attention-score","enc-attention-softmax","enc-attention-dropout","enc-attention-context","enc-attention-dense","enc-post-attention-dropout","enc-2nd-layernorm","enc-MLP-GEMM-1","enc-MLP-gelu","enc-MLP-GEMM-2","enc-post-MLP-dropout","enc-1st-layernorm","enc-attention-qkv","enc-attention-score","enc-attention-softmax","enc-attention-dropout","enc-attention-context","enc-attention-dense","enc-post-attention-dropout","enc-2nd-layernorm","enc-MLP-GEMM-1","enc-MLP-gelu","enc-MLP-GEMM-2","enc-post-MLP-dropout","enc-1st-layernorm","enc-attention-qkv","enc-attention-score","enc-attention-softmax","enc-attention-dropout","enc-attention-context","enc-attention-dense","enc-post-attention-dropout","enc-2nd-layernorm","enc-MLP-GEMM-1","enc-MLP-gelu","enc-MLP-GEMM-2","enc-post-MLP-dropout","enc-1st-layernorm","enc-attention-qkv","enc-attention-score","enc-attention-softmax","enc-attention-dropout","enc-attention-context","enc-attention-dense","enc-post-attention-dropout","enc-2nd-layernorm","enc-MLP-GEMM-1","enc-MLP-gelu","enc-MLP-GEMM-2","enc-post-MLP-dropout","enc-1st-layernorm","enc-attention-qkv","enc-attention-score","enc-attention-softmax","enc-attention-dropout","enc-attention-context","enc-attention-dense","enc-post-attention-dropout","enc-2nd-layernorm","enc-MLP-GEMM-1","enc-MLP-gelu","enc-MLP-GEMM-2","enc-post-MLP-dropout","enc-1st-layernorm","enc-attention-qkv","enc-attention-score","enc-attention-softmax","enc-attention-dropout","enc-attention-context","enc-attention-dense","enc-post-attention-dropout","enc-2nd-layernorm","enc-MLP-GEMM-1","enc-MLP-gelu","enc-MLP-GEMM-2","enc-post-MLP-dropout","enc-1st-layernorm","enc-attention-qkv","enc-attention-score","enc-attention-softmax","enc-attention-dropout","enc-attention-context","enc-attention-dense","enc-post-attention-dropout","enc-2nd-layernorm","enc-MLP-GEMM-1","enc-MLP-gelu","enc-MLP-GEMM-2","enc-post-MLP-dropout","enc-1st-layernorm","enc-attention-qkv","enc-attention-score","enc-attention-softmax","enc-attention-dropout","enc-attention-context","enc-attention-dense","enc-post-attention-dropout","enc-2nd-layernorm","enc-MLP-GEMM-1","enc-MLP-gelu","enc-MLP-GEMM-2","enc-post-MLP-dropout","enc-1st-layernorm","enc-attention-qkv","enc-attention-score","enc-attention-softmax","enc-attention-dropout","enc-attention-context","enc-attention-dense","enc-post-attention-dropout","enc-2nd-layernorm","enc-MLP-GEMM-1","enc-MLP-gelu","enc-MLP-GEMM-2","enc-post-MLP-dropout","enc-1st-layernorm","enc-attention-qkv","enc-attention-score","enc-attention-softmax","enc-attention-dropout","enc-attention-context","enc-attention-dense","enc-post-attention-dropout","enc-2nd-layernorm","enc-MLP-GEMM-1","enc-MLP-gelu","enc-MLP-GEMM-2","enc-post-MLP-dropout","enc-1st-layernorm","enc-attention-qkv","enc-attention-score","enc-attention-softmax","enc-attention-dropout","enc-attention-context","enc-attention-dense","enc-post-attention-dropout","enc-2nd-layernorm","enc-MLP-GEMM-1","enc-MLP-gelu","enc-MLP-GEMM-2","enc-post-MLP-dropout","enc-1st-layernorm","enc-attention-qkv","enc-attention-score","enc-attention-softmax","enc-attention-dropout","enc-attention-context","enc-attention-dense","enc-post-attention-dropout","enc-2nd-layernorm","enc-MLP-GEMM-1","enc-MLP-gelu","enc-MLP-GEMM-2","enc-post-MLP-dropout","enc-1st-layernorm","enc-attention-qkv","enc-attention-score","enc-attention-softmax","enc-attention-dropout","enc-attention-context","enc-attention-dense","enc-post-attention-dropout","enc-2nd-layernorm","enc-MLP-GEMM-1","enc-MLP-gelu","enc-MLP-GEMM-2","enc-post-MLP-dropout","enc-1st-layernorm","enc-attention-qkv","enc-attention-score","enc-attention-softmax","enc-attention-dropout","enc-attention-context","enc-attention-dense","enc-post-attention-dropout","enc-2nd-layernorm","enc-MLP-GEMM-1","enc-MLP-gelu","enc-MLP-GEMM-2","enc-post-MLP-dropout","enc-1st-layernorm","enc-attention-qkv","enc-attention-score","enc-attention-softmax","enc-attention-dropout","enc-attention-context","enc-attention-dense","enc-post-attention-dropout","enc-2nd-layernorm","enc-MLP-GEMM-1","enc-MLP-gelu","enc-MLP-GEMM-2","enc-post-MLP-dropout","enc-1st-layernorm","enc-attention-qkv","enc-attention-score","enc-attention-softmax","enc-attention-dropout","enc-attention-context","enc-attention-dense","enc-post-attention-dropout","enc-2nd-layernorm","enc-MLP-GEMM-1","enc-MLP-gelu","enc-MLP-GEMM-2","enc-post-MLP-dropout","enc-1st-layernorm","enc-attention-qkv","enc-attention-score","enc-attention-softmax","enc-attention-dropout","enc-attention-context","enc-attention-dense","enc-post-attention-dropout","enc-2nd-layernorm","enc-MLP-GEMM-1","enc-MLP-gelu","enc-MLP-GEMM-2","enc-post-MLP-dropout","enc-1st-layernorm","enc-attention-qkv","enc-attention-score","enc-attention-softmax","enc-attention-dropout","enc-attention-context","enc-attention-dense","enc-post-attention-dropout","enc-2nd-layernorm","enc-MLP-GEMM-1","enc-MLP-gelu","enc-MLP-GEMM-2","enc-post-MLP-dropout","enc-1st-layernorm","enc-attention-qkv","enc-attention-score","enc-attention-softmax","enc-attention-dropout","enc-attention-context","enc-attention-dense","enc-post-attention-dropout","enc-2nd-layernorm","enc-MLP-GEMM-1","enc-MLP-gelu","enc-MLP-GEMM-2","enc-post-MLP-dropout","enc-1st-layernorm","enc-attention-qkv","enc-attention-score","enc-attention-softmax","enc-attention-dropout","enc-attention-context","enc-attention-dense","enc-post-attention-dropout","enc-2nd-layernorm","enc-MLP-GEMM-1","enc-MLP-gelu","enc-MLP-GEMM-2","enc-post-MLP-dropout","enc-1st-layernorm","enc-attention-qkv","enc-attention-score","enc-attention-softmax","enc-attention-dropout","enc-attention-context","enc-attention-dense","enc-post-attention-dropout","enc-2nd-layernorm","enc-MLP-GEMM-1","enc-MLP-gelu","enc-MLP-GEMM-2","enc-post-MLP-dropout","enc-1st-layernorm","enc-attention-qkv","enc-attention-score","enc-attention-softmax","enc-attention-dropout","enc-attention-context","enc-attention-dense","enc-post-attention-dropout","enc-2nd-layernorm","enc-MLP-GEMM-1","enc-MLP-gelu","enc-MLP-GEMM-2","enc-post-MLP-dropout","enc-1st-layernorm","enc-attention-qkv","enc-attention-score","enc-attention-softmax","enc-attention-dropout","enc-attention-context","enc-attention-dense","enc-post-attention-dropout","enc-2nd-layernorm","enc-MLP-GEMM-1","enc-MLP-gelu","enc-MLP-GEMM-2","enc-post-MLP-dropout","enc-1st-layernorm","enc-attention-qkv","enc-attention-score","enc-attention-softmax","enc-attention-dropout","enc-attention-context","enc-attention-dense","enc-post-attention-dropout","enc-2nd-layernorm","enc-MLP-GEMM-1","enc-MLP-gelu","enc-MLP-GEMM-2","enc-post-MLP-dropout","enc-1st-layernorm","enc-attention-qkv","enc-attention-score","enc-attention-softmax","enc-attention-dropout","enc-attention-context","enc-attention-dense","enc-post-attention-dropout","enc-2nd-layernorm",
[rank 6 recompute ops] enc-MLP-GEMM-1 enc-MLP-gelu enc-post-MLP-dropout enc-1st-layernorm enc-attention-qkv enc-attention-score enc-attention-softmax enc-attention-dropout enc-attention-context enc-post-attention-dropout enc-2nd-layernorm enc-MLP-GEMM-1 enc-MLP-gelu enc-post-MLP-dropout enc-1st-layernorm enc-attention-qkv enc-attention-score enc-attention-softmax enc-attention-dropout enc-attention-context enc-post-attention-dropout enc-2nd-layernorm enc-MLP-GEMM-1 enc-MLP-gelu enc-post-MLP-dropout enc-1st-layernorm enc-attention-qkv enc-attention-score enc-attention-softmax enc-attention-dropout enc-attention-context enc-post-attention-dropout enc-2nd-layernorm enc-MLP-GEMM-1 enc-MLP-gelu enc-post-MLP-dropout enc-1st-layernorm enc-attention-qkv enc-attention-score enc-attention-softmax enc-attention-dropout enc-attention-context enc-post-attention-dropout enc-2nd-layernorm enc-MLP-GEMM-1 enc-MLP-gelu enc-post-MLP-dropout enc-1st-layernorm enc-attention-qkv enc-attention-score enc-attention-softmax enc-attention-dropout enc-attention-context enc-post-attention-dropout enc-2nd-layernorm enc-MLP-GEMM-1 enc-MLP-gelu enc-post-MLP-dropout enc-1st-layernorm enc-attention-qkv enc-attention-score enc-attention-softmax enc-attention-dropout enc-attention-context enc-post-attention-dropout enc-2nd-layernorm enc-MLP-GEMM-1 enc-MLP-gelu enc-post-MLP-dropout enc-1st-layernorm enc-attention-qkv enc-attention-score enc-attention-softmax enc-attention-dropout enc-attention-context enc-post-attention-dropout enc-2nd-layernorm enc-MLP-GEMM-1 enc-MLP-gelu enc-post-MLP-dropout enc-1st-layernorm enc-attention-qkv enc-attention-score enc-attention-softmax enc-attention-dropout enc-attention-context enc-post-attention-dropout enc-2nd-layernorm enc-MLP-GEMM-1 enc-MLP-gelu enc-post-MLP-dropout enc-1st-layernorm enc-attention-qkv enc-attention-score enc-attention-softmax enc-attention-dropout enc-attention-context enc-post-attention-dropout enc-2nd-layernorm enc-MLP-GEMM-1 enc-MLP-gelu enc-post-MLP-dropout enc-1st-layernorm enc-attention-qkv enc-attention-score enc-attention-softmax enc-attention-dropout enc-attention-context enc-post-attention-dropout enc-2nd-layernorm enc-MLP-GEMM-1 enc-MLP-gelu enc-post-MLP-dropout enc-1st-layernorm enc-attention-qkv enc-attention-score enc-attention-softmax enc-attention-dropout enc-attention-context enc-post-attention-dropout enc-2nd-layernorm enc-MLP-GEMM-1 enc-MLP-gelu enc-post-MLP-dropout enc-1st-layernorm enc-attention-qkv enc-attention-score enc-attention-softmax enc-attention-dropout enc-attention-context enc-post-attention-dropout enc-2nd-layernorm enc-MLP-GEMM-1 enc-MLP-gelu enc-post-MLP-dropout enc-1st-layernorm enc-attention-qkv enc-attention-score enc-attention-softmax enc-attention-dropout enc-attention-context enc-post-attention-dropout enc-2nd-layernorm enc-MLP-GEMM-1 enc-MLP-gelu enc-post-MLP-dropout enc-1st-layernorm enc-attention-qkv enc-attention-score enc-attention-softmax enc-attention-dropout enc-attention-context enc-post-attention-dropout enc-2nd-layernorm enc-MLP-GEMM-1 enc-MLP-gelu enc-post-MLP-dropout enc-1st-layernorm enc-attention-qkv enc-attention-score enc-attention-softmax enc-attention-dropout enc-attention-context enc-post-attention-dropout enc-2nd-layernorm enc-MLP-GEMM-1 enc-MLP-gelu enc-post-MLP-dropout enc-1st-layernorm enc-attention-qkv enc-attention-score enc-attention-softmax enc-attention-dropout enc-attention-context enc-post-attention-dropout enc-2nd-layernorm enc-MLP-GEMM-1 enc-MLP-gelu enc-post-MLP-dropout enc-1st-layernorm enc-attention-qkv enc-attention-score enc-attention-softmax enc-attention-dropout enc-attention-context enc-post-attention-dropout enc-2nd-layernorm enc-MLP-GEMM-1 enc-MLP-gelu enc-post-MLP-dropout enc-1st-layernorm enc-attention-qkv enc-attention-score enc-attention-softmax enc-attention-dropout enc-attention-context enc-post-attention-dropout enc-2nd-layernorm enc-MLP-GEMM-1 enc-MLP-gelu enc-post-MLP-dropout enc-1st-layernorm enc-attention-qkv enc-attention-score enc-attention-softmax enc-attention-dropout enc-attention-context enc-post-attention-dropout enc-2nd-layernorm enc-MLP-GEMM-1 enc-MLP-gelu enc-post-MLP-dropout enc-1st-layernorm enc-attention-qkv enc-attention-score enc-attention-softmax enc-attention-dropout enc-attention-context enc-post-attention-dropout enc-2nd-layernorm enc-MLP-GEMM-1 enc-MLP-gelu enc-post-MLP-dropout enc-1st-layernorm enc-attention-qkv enc-attention-score enc-attention-softmax enc-attention-dropout enc-attention-context enc-post-attention-dropout enc-2nd-layernorm enc-MLP-GEMM-1 enc-MLP-gelu enc-post-MLP-dropout enc-1st-layernorm enc-attention-qkv enc-attention-score enc-attention-softmax enc-attention-dropout enc-attention-context enc-post-attention-dropout enc-2nd-layernorm enc-MLP-GEMM-1 enc-MLP-gelu enc-post-MLP-dropout enc-1st-layernorm enc-attention-qkv enc-attention-score enc-attention-softmax enc-attention-dropout enc-attention-context enc-post-attention-dropout enc-2nd-layernorm enc-MLP-GEMM-1 enc-MLP-gelu enc-post-MLP-dropout enc-1st-layernorm enc-attention-qkv enc-attention-score enc-attention-softmax enc-attention-dropout enc-attention-context enc-post-attention-dropout enc-2nd-layernorm enc-MLP-GEMM-1 enc-MLP-gelu enc-post-MLP-dropout enc-1st-layernorm enc-attention-qkv enc-attention-score enc-attention-softmax enc-attention-dropout enc-attention-context enc-post-attention-dropout enc-2nd-layernorm enc-MLP-GEMM-1 enc-MLP-gelu enc-post-MLP-dropout enc-1st-layernorm enc-attention-qkv enc-attention-score enc-attention-softmax enc-attention-dropout enc-attention-context enc-post-attention-dropout enc-2nd-layernorm enc-MLP-GEMM-1 enc-MLP-gelu enc-post-MLP-dropout enc-1st-layernorm enc-attention-qkv enc-attention-score enc-attention-softmax enc-attention-dropout enc-attention-context enc-post-attention-dropout enc-2nd-layernorm enc-MLP-GEMM-1 enc-MLP-gelu enc-post-MLP-dropout enc-1st-layernorm enc-attention-qkv enc-attention-score enc-attention-softmax enc-attention-dropout enc-attention-context enc-post-attention-dropout enc-2nd-layernorm enc-MLP-GEMM-1 enc-MLP-gelu enc-post-MLP-dropout enc-1st-layernorm enc-attention-qkv enc-attention-score enc-attention-softmax enc-attention-dropout enc-attention-context enc-post-attention-dropout enc-2nd-layernorm enc-MLP-GEMM-1 enc-MLP-gelu enc-post-MLP-dropout enc-1st-layernorm enc-attention-qkv enc-attention-score enc-attention-softmax enc-attention-dropout enc-attention-context enc-post-attention-dropout enc-2nd-layernorm enc-MLP-GEMM-1 enc-MLP-gelu enc-post-MLP-dropout enc-1st-layernorm enc-attention-qkv enc-attention-score enc-attention-softmax enc-attention-dropout enc-attention-context enc-post-attention-dropout enc-2nd-layernorm enc-MLP-GEMM-1 enc-MLP-gelu enc-post-MLP-dropout enc-1st-layernorm enc-attention-qkv enc-attention-score enc-attention-softmax enc-attention-dropout enc-attention-context enc-post-attention-dropout enc-2nd-layernorm enc-MLP-GEMM-1 enc-MLP-gelu enc-post-MLP-dropout enc-1st-layernorm enc-attention-qkv enc-attention-score enc-attention-softmax enc-attention-dropout enc-attention-context enc-post-attention-dropout enc-2nd-layernorm enc-MLP-GEMM-1 enc-MLP-gelu enc-post-MLP-dropout enc-1st-layernorm enc-attention-qkv enc-attention-score enc-attention-softmax enc-attention-dropout enc-attention-context enc-post-attention-dropout enc-2nd-layernorm enc-MLP-GEMM-1 enc-MLP-gelu enc-post-MLP-dropout enc-1st-layernorm enc-attention-qkv enc-attention-score enc-attention-softmax enc-attention-dropout enc-attention-context enc-post-attention-dropout enc-2nd-layernorm enc-MLP-GEMM-1 enc-MLP-gelu enc-post-MLP-dropout enc-1st-layernorm enc-attention-qkv enc-attention-score enc-attention-softmax enc-attention-dropout enc-attention-context enc-post-attention-dropout enc-2nd-layernorm enc-MLP-GEMM-1 enc-MLP-gelu enc-post-MLP-dropout enc-1st-layernorm enc-attention-qkv enc-attention-score enc-attention-softmax enc-attention-dropout enc-attention-context enc-post-attention-dropout enc-2nd-layernorm enc-MLP-GEMM-1 enc-MLP-gelu enc-post-MLP-dropout enc-1st-layernorm enc-attention-qkv enc-attention-score enc-attention-softmax enc-attention-dropout enc-attention-context enc-post-attention-dropout enc-2nd-layernorm enc-MLP-GEMM-1 enc-MLP-gelu enc-post-MLP-dropout enc-1st-layernorm enc-attention-qkv enc-attention-score enc-attention-softmax enc-attention-dropout enc-attention-context enc-post-attention-dropout enc-2nd-layernorm enc-MLP-GEMM-1 enc-MLP-gelu enc-post-MLP-dropout enc-1st-layernorm enc-attention-qkv enc-attention-score enc-attention-softmax enc-attention-dropout enc-attention-context enc-post-attention-dropout enc-2nd-layernorm enc-MLP-GEMM-1 enc-MLP-gelu enc-post-MLP-dropout enc-1st-layernorm enc-attention-qkv enc-attention-score enc-attention-softmax enc-attention-dropout enc-attention-context enc-post-attention-dropout enc-2nd-layernorm enc-MLP-GEMM-1 enc-MLP-gelu enc-post-MLP-dropout enc-1st-layernorm enc-attention-qkv enc-attention-score enc-attention-softmax enc-attention-dropout enc-attention-context enc-post-attention-dropout enc-2nd-layernorm enc-MLP-GEMM-1 enc-MLP-gelu enc-post-MLP-dropout enc-1st-layernorm enc-attention-qkv enc-attention-score enc-attention-softmax enc-attention-dropout enc-attention-context enc-post-attention-dropout enc-2nd-layernorm enc-MLP-GEMM-1 enc-MLP-gelu enc-post-MLP-dropout enc-1st-layernorm enc-attention-qkv enc-attention-score enc-attention-softmax enc-attention-dropout enc-attention-context enc-post-attention-dropout enc-2nd-layernorm enc-MLP-GEMM-1 enc-MLP-gelu enc-post-MLP-dropout enc-1st-layernorm enc-attention-qkv enc-attention-score enc-attention-softmax enc-attention-dropout enc-attention-context enc-post-attention-dropout enc-2nd-layernorm enc-MLP-GEMM-1 enc-MLP-gelu enc-post-MLP-dropout enc-1st-layernorm enc-attention-qkv enc-attention-score enc-attention-softmax enc-attention-dropout enc-attention-context enc-post-attention-dropout enc-2nd-layernorm enc-MLP-GEMM-1 enc-MLP-gelu enc-post-MLP-dropout enc-1st-layernorm enc-attention-qkv enc-attention-score enc-attention-softmax enc-attention-dropout enc-attention-context enc-post-attention-dropout enc-2nd-layernorm enc-MLP-GEMM-1 enc-MLP-gelu enc-post-MLP-dropout enc-1st-layernorm enc-attention-qkv enc-attention-score enc-attention-softmax enc-attention-dropout enc-attention-context enc-post-attention-dropout enc-2nd-layernorm enc-MLP-GEMM-1 enc-MLP-gelu enc-post-MLP-dropout enc-1st-layernorm enc-attention-qkv enc-attention-score enc-attention-softmax enc-attention-dropout enc-attention-context enc-post-attention-dropout enc-2nd-layernorm enc-MLP-GEMM-1 enc-MLP-gelu enc-post-MLP-dropout enc-1st-layernorm enc-attention-qkv enc-attention-score enc-attention-softmax enc-attention-dropout enc-attention-context enc-post-attention-dropout enc-2nd-layernorm enc-MLP-GEMM-1 enc-MLP-gelu enc-post-MLP-dropout enc-1st-layernorm enc-attention-qkv enc-attention-score enc-attention-softmax enc-attention-dropout enc-attention-context enc-post-attention-dropout enc-2nd-layernorm enc-MLP-GEMM-1 enc-MLP-gelu enc-post-MLP-dropout enc-1st-layernorm enc-attention-qkv enc-attention-score enc-attention-softmax enc-attention-dropout enc-attention-context enc-post-attention-dropout enc-2nd-layernorm enc-MLP-GEMM-1 enc-MLP-gelu enc-post-MLP-dropout enc-1st-layernorm enc-attention-qkv enc-attention-score enc-attention-softmax enc-attention-dropout enc-attention-context enc-post-attention-dropout enc-2nd-layernorm enc-MLP-GEMM-1 enc-MLP-gelu enc-post-MLP-dropout enc-1st-layernorm enc-attention-qkv enc-attention-score enc-attention-softmax enc-attention-dropout enc-attention-context enc-post-attention-dropout enc-2nd-layernorm enc-MLP-GEMM-1 enc-MLP-gelu enc-post-MLP-dropout enc-1st-layernorm enc-attention-qkv enc-attention-score enc-attention-softmax enc-attention-dropout enc-attention-context enc-post-attention-dropout enc-2nd-layernorm enc-MLP-GEMM-1 enc-MLP-gelu enc-post-MLP-dropout enc-1st-layernorm enc-attention-qkv enc-attention-score enc-attention-softmax enc-attention-dropout enc-attention-context enc-post-attention-dropout enc-2nd-layernorm enc-MLP-GEMM-1 enc-MLP-gelu enc-post-MLP-dropout enc-1st-layernorm enc-attention-qkv enc-attention-score enc-attention-softmax enc-attention-dropout enc-attention-context enc-post-attention-dropout enc-2nd-layernorm enc-MLP-GEMM-1 enc-MLP-gelu enc-post-MLP-dropout enc-1st-layernorm enc-attention-qkv enc-attention-score enc-attention-softmax enc-attention-dropout enc-attention-context enc-post-attention-dropout enc-2nd-layernorm enc-MLP-GEMM-1 enc-MLP-gelu enc-post-MLP-dropout enc-1st-layernorm enc-attention-qkv enc-attention-score enc-attention-softmax enc-attention-dropout enc-attention-context enc-post-attention-dropout enc-2nd-layernorm enc-MLP-GEMM-1 enc-MLP-gelu enc-post-MLP-dropout enc-1st-layernorm enc-attention-qkv enc-attention-score enc-attention-softmax enc-attention-dropout enc-attention-context enc-post-attention-dropout enc-2nd-layernorm enc-MLP-GEMM-1 enc-MLP-gelu enc-post-MLP-dropout enc-1st-layernorm enc-attention-qkv enc-attention-score enc-attention-softmax enc-attention-dropout enc-attention-context enc-post-attention-dropout enc-2nd-layernorm enc-MLP-GEMM-1 enc-MLP-gelu enc-post-MLP-dropout enc-1st-layernorm enc-attention-qkv enc-attention-score enc-attention-softmax enc-attention-dropout enc-attention-context enc-post-attention-dropout enc-2nd-layernorm enc-MLP-GEMM-1 enc-MLP-gelu enc-post-MLP-dropout enc-1st-layernorm enc-attention-qkv enc-attention-score enc-attention-softmax enc-attention-dropout enc-attention-context enc-post-attention-dropout enc-2nd-layernorm enc-MLP-GEMM-1 enc-MLP-gelu enc-post-MLP-dropout enc-1st-layernorm enc-attention-qkv enc-attention-score enc-attention-softmax enc-attention-dropout enc-attention-context enc-post-attention-dropout enc-2nd-layernorm enc-MLP-GEMM-1 enc-MLP-gelu enc-post-MLP-dropout enc-1st-layernorm enc-attention-qkv enc-attention-score enc-attention-softmax enc-attention-dropout enc-attention-context enc-post-attention-dropout enc-2nd-layernorm enc-MLP-GEMM-1 enc-MLP-gelu enc-post-MLP-dropout enc-1st-layernorm enc-attention-qkv enc-attention-score enc-attention-softmax enc-attention-dropout enc-attention-context enc-post-attention-dropout enc-2nd-layernorm enc-MLP-GEMM-1 enc-MLP-gelu enc-post-MLP-dropout enc-1st-layernorm enc-attention-qkv enc-attention-score enc-attention-softmax enc-attention-dropout enc-attention-context enc-post-attention-dropout enc-2nd-layernorm enc-MLP-GEMM-1 enc-MLP-gelu enc-post-MLP-dropout enc-1st-layernorm enc-attention-qkv enc-attention-score enc-attention-softmax enc-attention-dropout enc-attention-context enc-post-attention-dropout enc-2nd-layernorm enc-MLP-GEMM-1 enc-MLP-gelu enc-post-MLP-dropout enc-1st-layernorm enc-attention-qkv enc-attention-score enc-attention-softmax enc-attention-dropout enc-attention-context enc-post-attention-dropout enc-2nd-layernorm enc-MLP-GEMM-1 enc-MLP-gelu enc-post-MLP-dropout enc-1st-layernorm enc-attention-qkv enc-attention-score enc-attention-softmax enc-attention-dropout enc-attention-context enc-post-attention-dropout enc-2nd-layernorm enc-MLP-GEMM-1 enc-MLP-gelu enc-post-MLP-dropout enc-1st-layernorm enc-attention-qkv enc-attention-score enc-attention-softmax enc-attention-dropout enc-attention-context enc-post-attention-dropout enc-2nd-layernorm enc-MLP-GEMM-1 enc-MLP-gelu enc-post-MLP-dropout enc-1st-layernorm enc-attention-qkv enc-attention-score enc-attention-softmax enc-attention-dropout enc-attention-context enc-post-attention-dropout enc-2nd-layernorm enc-MLP-GEMM-1 enc-MLP-gelu enc-post-MLP-dropout enc-1st-layernorm enc-attention-qkv enc-attention-score enc-attention-softmax enc-attention-dropout enc-attention-context enc-post-attention-dropout enc-2nd-layernorm enc-MLP-GEMM-1 enc-MLP-gelu enc-post-MLP-dropout enc-1st-layernorm enc-attention-qkv enc-attention-score enc-attention-softmax enc-attention-dropout enc-attention-context enc-post-attention-dropout enc-2nd-layernorm enc-MLP-GEMM-1 enc-MLP-gelu enc-post-MLP-dropout enc-1st-layernorm enc-attention-qkv enc-attention-score enc-attention-softmax enc-attention-dropout enc-attention-context enc-post-attention-dropout enc-2nd-layernorm enc-MLP-GEMM-1 enc-MLP-gelu enc-post-MLP-dropout enc-1st-layernorm enc-attention-qkv enc-attention-score enc-attention-softmax enc-attention-dropout enc-attention-context enc-post-attention-dropout enc-2nd-layernorm enc-MLP-GEMM-1 enc-MLP-gelu enc-post-MLP-dropout enc-1st-layernorm enc-attention-qkv enc-attention-score enc-attention-softmax enc-attention-dropout enc-attention-context enc-post-attention-dropout enc-2nd-layernorm enc-MLP-GEMM-1 enc-MLP-gelu enc-post-MLP-dropout enc-1st-layernorm enc-attention-qkv enc-attention-score enc-attention-softmax enc-attention-dropout enc-attention-context enc-post-attention-dropout enc-2nd-layernorm enc-MLP-GEMM-1 enc-MLP-gelu enc-post-MLP-dropout enc-1st-layernorm enc-attention-qkv enc-attention-score enc-attention-softmax enc-attention-dropout enc-attention-context enc-post-attention-dropout enc-2nd-layernorm enc-MLP-GEMM-1 enc-MLP-gelu enc-post-MLP-dropout enc-1st-layernorm enc-attention-qkv enc-attention-score enc-attention-softmax enc-attention-dropout enc-attention-context enc-post-attention-dropout enc-2nd-layernorm enc-MLP-GEMM-1 enc-MLP-gelu enc-post-MLP-dropout enc-1st-layernorm enc-attention-qkv enc-attention-score enc-attention-softmax enc-attention-dropout enc-attention-context enc-post-attention-dropout enc-2nd-layernorm enc-MLP-GEMM-1 enc-MLP-gelu enc-post-MLP-dropout enc-1st-layernorm enc-attention-qkv enc-attention-score enc-attention-softmax enc-attention-dropout enc-attention-context enc-post-attention-dropout enc-2nd-layernorm enc-MLP-GEMM-1 enc-MLP-gelu enc-post-MLP-dropout enc-1st-layernorm enc-attention-qkv enc-attention-score enc-attention-softmax enc-attention-dropout enc-attention-context enc-post-attention-dropout enc-2nd-layernorm enc-MLP-GEMM-1 enc-MLP-gelu enc-post-MLP-dropout enc-1st-layernorm enc-attention-qkv enc-attention-score enc-attention-softmax enc-attention-dropout enc-attention-context enc-post-attention-dropout enc-2nd-layernorm enc-MLP-GEMM-1 enc-MLP-gelu enc-post-MLP-dropout enc-1st-layernorm enc-attention-qkv enc-attention-score enc-attention-softmax enc-attention-dropout enc-attention-context enc-post-attention-dropout enc-2nd-layernorm enc-MLP-GEMM-1 enc-MLP-gelu enc-post-MLP-dropout enc-1st-layernorm enc-attention-qkv enc-attention-score enc-attention-softmax enc-attention-dropout enc-attention-context enc-post-attention-dropout enc-2nd-layernorm enc-MLP-GEMM-1 enc-MLP-gelu enc-post-MLP-dropout enc-1st-layernorm enc-attention-qkv enc-attention-score enc-attention-softmax enc-attention-dropout enc-attention-context enc-post-attention-dropout enc-2nd-layernorm enc-MLP-GEMM-1 enc-MLP-gelu enc-post-MLP-dropout enc-1st-layernorm enc-attention-qkv enc-attention-score enc-attention-softmax enc-attention-dropout enc-attention-context enc-post-attention-dropout enc-2nd-layernorm enc-MLP-GEMM-1 enc-MLP-gelu enc-post-MLP-dropout enc-1st-layernorm enc-attention-qkv enc-attention-score enc-attention-softmax enc-attention-dropout enc-attention-context enc-post-attention-dropout enc-2nd-layernorm enc-MLP-GEMM-1 enc-MLP-gelu enc-post-MLP-dropout enc-1st-layernorm enc-attention-qkv enc-attention-score enc-attention-softmax enc-attention-dropout enc-attention-context enc-post-attention-dropout enc-2nd-layernorm enc-MLP-GEMM-1 enc-MLP-gelu enc-post-MLP-dropout enc-1st-layernorm enc-attention-qkv enc-attention-score enc-attention-softmax enc-attention-dropout enc-attention-context enc-post-attention-dropout enc-2nd-layernorm enc-MLP-GEMM-1 enc-MLP-gelu enc-post-MLP-dropout enc-1st-layernorm enc-attention-qkv enc-attention-score enc-attention-softmax enc-attention-dropout enc-attention-context enc-post-attention-dropout enc-2nd-layernorm enc-MLP-GEMM-1 enc-MLP-gelu enc-post-MLP-dropout enc-1st-layernorm enc-attention-qkv enc-attention-score enc-attention-softmax enc-attention-dropout enc-attention-context enc-post-attention-dropout enc-2nd-layernorm enc-MLP-GEMM-1 enc-MLP-gelu enc-post-MLP-dropout enc-1st-layernorm enc-attention-qkv enc-attention-score enc-attention-softmax enc-attention-dropout enc-attention-context enc-post-attention-dropout enc-2nd-layernorm enc-MLP-GEMM-1 enc-MLP-gelu enc-post-MLP-dropout enc-1st-layernorm enc-attention-qkv enc-attention-score enc-attention-softmax enc-attention-dropout enc-attention-context enc-post-attention-dropout enc-2nd-layernorm enc-MLP-GEMM-1 enc-MLP-gelu enc-post-MLP-dropout enc-1st-layernorm enc-attention-qkv enc-attention-score enc-attention-softmax enc-attention-dropout enc-attention-context enc-post-attention-dropout enc-2nd-layernorm enc-MLP-GEMM-1 enc-MLP-gelu enc-post-MLP-dropout enc-1st-layernorm enc-attention-qkv enc-attention-score enc-attention-softmax enc-attention-dropout enc-attention-context enc-post-attention-dropout enc-2nd-layernorm enc-MLP-GEMM-1 enc-MLP-gelu enc-post-MLP-dropout enc-1st-layernorm enc-attention-qkv enc-attention-score enc-attention-softmax enc-attention-dropout enc-attention-context enc-post-attention-dropout enc-2nd-layernorm enc-MLP-GEMM-1 enc-MLP-gelu enc-post-MLP-dropout enc-1st-layernorm enc-attention-qkv enc-attention-score enc-attention-softmax enc-attention-dropout enc-attention-context enc-post-attention-dropout enc-2nd-layernorm enc-MLP-GEMM-1 enc-MLP-gelu enc-post-MLP-dropout enc-1st-layernorm enc-attention-qkv enc-attention-score enc-attention-softmax enc-attention-dropout enc-attention-context enc-post-attention-dropout enc-2nd-layernorm enc-MLP-GEMM-1 enc-MLP-gelu enc-post-MLP-dropout enc-1st-layernorm enc-attention-qkv enc-attention-score enc-attention-softmax enc-attention-dropout enc-attention-context enc-post-attention-dropout enc-2nd-layernorm enc-MLP-GEMM-1 enc-MLP-gelu enc-post-MLP-dropout enc-1st-layernorm enc-attention-qkv enc-attention-score enc-attention-softmax enc-attention-dropout enc-attention-context enc-post-attention-dropout enc-2nd-layernorm enc-MLP-GEMM-1 enc-MLP-gelu enc-post-MLP-dropout enc-1st-layernorm enc-attention-qkv enc-attention-score enc-attention-softmax enc-attention-dropout enc-attention-context enc-post-attention-dropout enc-2nd-layernorm enc-MLP-GEMM-1 enc-MLP-gelu enc-post-MLP-dropout enc-1st-layernorm enc-attention-qkv enc-attention-score enc-attention-softmax enc-attention-dropout enc-attention-context enc-post-attention-dropout enc-2nd-layernorm enc-MLP-GEMM-1 enc-MLP-gelu enc-post-MLP-dropout enc-1st-layernorm enc-attention-qkv enc-attention-score enc-attention-softmax enc-attention-dropout enc-attention-context enc-post-attention-dropout enc-2nd-layernorm enc-MLP-GEMM-1 enc-MLP-gelu enc-post-MLP-dropout enc-1st-layernorm enc-attention-qkv enc-attention-score enc-attention-softmax enc-attention-dropout enc-attention-context enc-post-attention-dropout enc-2nd-layernorm enc-MLP-GEMM-1 enc-MLP-gelu enc-post-MLP-dropout enc-1st-layernorm enc-attention-qkv enc-attention-score enc-attention-softmax enc-attention-dropout enc-attention-context enc-post-attention-dropout enc-2nd-layernorm enc-MLP-GEMM-1 enc-MLP-gelu enc-post-MLP-dropout enc-1st-layernorm enc-attention-qkv enc-attention-score enc-attention-softmax enc-attention-dropout enc-attention-context enc-post-attention-dropout enc-2nd-layernorm enc-MLP-GEMM-1 enc-MLP-gelu enc-post-MLP-dropout enc-1st-layernorm enc-attention-qkv enc-attention-score enc-attention-softmax enc-attention-dropout enc-attention-context enc-post-attention-dropout enc-2nd-layernorm enc-MLP-GEMM-1 enc-MLP-gelu enc-post-MLP-dropout enc-1st-layernorm enc-attention-qkv enc-attention-score enc-attention-softmax enc-attention-dropout enc-attention-context enc-post-attention-dropout enc-2nd-layernorm enc-MLP-GEMM-1 enc-MLP-gelu enc-post-MLP-dropout enc-1st-layernorm enc-attention-qkv enc-attention-score enc-attention-softmax enc-attention-dropout enc-attention-context enc-post-attention-dropout enc-2nd-layernorm enc-MLP-GEMM-1 enc-MLP-gelu enc-post-MLP-dropout enc-1st-layernorm enc-attention-qkv enc-attention-score enc-attention-softmax enc-attention-dropout enc-attention-context enc-post-attention-dropout enc-2nd-layernorm enc-MLP-GEMM-1 enc-MLP-gelu enc-post-MLP-dropout enc-1st-layernorm enc-attention-qkv enc-attention-score enc-attention-softmax enc-attention-dropout enc-attention-context enc-post-attention-dropout enc-2nd-layernorm enc-MLP-GEMM-1 enc-MLP-gelu enc-post-MLP-dropout enc-1st-layernorm enc-attention-qkv enc-attention-score enc-attention-softmax enc-attention-dropout enc-attention-context enc-post-attention-dropout enc-2nd-layernorm enc-MLP-GEMM-1 enc-MLP-gelu enc-post-MLP-dropout enc-1st-layernorm enc-attention-qkv enc-attention-score enc-attention-softmax enc-attention-dropout enc-attention-context enc-post-attention-dropout enc-2nd-layernorm enc-MLP-GEMM-1 enc-MLP-gelu enc-post-MLP-dropout enc-1st-layernorm enc-attention-qkv enc-attention-score enc-attention-softmax enc-attention-dropout enc-attention-context enc-post-attention-dropout enc-2nd-layernorm enc-MLP-GEMM-1 enc-MLP-gelu enc-post-MLP-dropout enc-1st-layernorm enc-attention-qkv enc-attention-score enc-attention-softmax enc-attention-dropout enc-attention-context enc-post-attention-dropout enc-2nd-layernorm enc-MLP-GEMM-1 enc-MLP-gelu enc-post-MLP-dropout enc-1st-layernorm enc-attention-qkv enc-attention-score enc-attention-softmax enc-attention-dropout enc-attention-context enc-post-attention-dropout enc-2nd-layernorm enc-MLP-GEMM-1 enc-MLP-gelu enc-post-MLP-dropout enc-1st-layernorm enc-attention-qkv enc-attention-score enc-attention-softmax enc-attention-dropout enc-attention-context enc-post-attention-dropout enc-2nd-layernorm enc-MLP-GEMM-1 enc-MLP-gelu enc-post-MLP-dropout enc-1st-layernorm enc-attention-qkv enc-attention-score enc-attention-softmax enc-attention-dropout enc-attention-context enc-post-attention-dropout enc-2nd-layernorm enc-MLP-GEMM-1 enc-MLP-gelu enc-post-MLP-dropout enc-1st-layernorm enc-attention-qkv enc-attention-score enc-attention-softmax enc-attention-dropout enc-attention-context enc-post-attention-dropout enc-2nd-layernorm enc-MLP-GEMM-1 enc-MLP-gelu enc-post-MLP-dropout enc-1st-layernorm enc-attention-qkv enc-attention-score enc-attention-softmax enc-attention-dropout enc-attention-context enc-post-attention-dropout enc-2nd-layernorm enc-MLP-GEMM-1 enc-MLP-gelu enc-post-MLP-dropout enc-1st-layernorm enc-attention-qkv enc-attention-score enc-attention-softmax enc-attention-dropout enc-attention-context enc-post-attention-dropout enc-2nd-layernorm enc-MLP-GEMM-1 enc-MLP-gelu enc-post-MLP-dropout enc-1st-layernorm enc-attention-qkv enc-attention-score enc-attention-softmax enc-attention-dropout enc-attention-context enc-post-attention-dropout enc-2nd-layernorm enc-MLP-GEMM-1 enc-MLP-gelu enc-post-MLP-dropout enc-1st-layernorm enc-attention-qkv enc-attention-score enc-attention-softmax enc-attention-dropout enc-attention-context enc-post-attention-dropout enc-2nd-layernorm enc-MLP-GEMM-1 enc-MLP-gelu enc-post-MLP-dropout enc-1st-layernorm enc-attention-qkv enc-attention-score enc-attention-softmax enc-attention-dropout enc-attention-context enc-post-attention-dropout enc-2nd-layernorm enc-MLP-GEMM-1 enc-MLP-gelu enc-post-MLP-dropout enc-1st-layernorm enc-attention-qkv enc-attention-score enc-attention-softmax enc-attention-dropout enc-attention-context enc-post-attention-dropout enc-2nd-layernorm enc-MLP-GEMM-1 enc-MLP-gelu enc-post-MLP-dropout enc-1st-layernorm enc-attention-qkv enc-attention-score enc-attention-softmax enc-attention-dropout enc-attention-context enc-post-attention-dropout enc-2nd-layernorm 
[rank 3 all ops] "enc-MLP-GEMM-1","enc-MLP-gelu","enc-MLP-GEMM-2","enc-post-MLP-dropout","enc-1st-layernorm","enc-attention-qkv","enc-attention-score","enc-attention-softmax","enc-attention-dropout","enc-attention-context","enc-attention-dense","enc-post-attention-dropout","enc-2nd-layernorm","enc-MLP-GEMM-1","enc-MLP-gelu","enc-MLP-GEMM-2","enc-post-MLP-dropout","enc-1st-layernorm","enc-attention-qkv","enc-attention-score","enc-attention-softmax","enc-attention-dropout","enc-attention-context","enc-attention-dense","enc-post-attention-dropout","enc-2nd-layernorm","enc-MLP-GEMM-1","enc-MLP-gelu","enc-MLP-GEMM-2","enc-post-MLP-dropout","enc-1st-layernorm","enc-attention-qkv","enc-attention-score","enc-attention-softmax","enc-attention-dropout","enc-attention-context","enc-attention-dense","enc-post-attention-dropout","enc-2nd-layernorm","enc-MLP-GEMM-1","enc-MLP-gelu","enc-MLP-GEMM-2","enc-post-MLP-dropout","enc-1st-layernorm","enc-attention-qkv","enc-attention-score","enc-attention-softmax","enc-attention-dropout","enc-attention-context","enc-attention-dense","enc-post-attention-dropout","enc-2nd-layernorm","enc-MLP-GEMM-1","enc-MLP-gelu","enc-MLP-GEMM-2","enc-post-MLP-dropout","enc-1st-layernorm","enc-attention-qkv","enc-attention-score","enc-attention-softmax","enc-attention-dropout","enc-attention-context","enc-attention-dense","enc-post-attention-dropout","enc-2nd-layernorm","enc-MLP-GEMM-1","enc-MLP-gelu","enc-MLP-GEMM-2","enc-post-MLP-dropout","enc-1st-layernorm","enc-attention-qkv","enc-attention-score","enc-attention-softmax","enc-attention-dropout","enc-attention-context","enc-attention-dense","enc-post-attention-dropout","enc-2nd-layernorm","enc-MLP-GEMM-1","enc-MLP-gelu","enc-MLP-GEMM-2","enc-post-MLP-dropout","enc-1st-layernorm","enc-attention-qkv","enc-attention-score","enc-attention-softmax","enc-attention-dropout","enc-attention-context","enc-attention-dense","enc-post-attention-dropout","enc-2nd-layernorm","enc-MLP-GEMM-1","enc-MLP-gelu","enc-MLP-GEMM-2","enc-post-MLP-dropout","enc-1st-layernorm","enc-attention-qkv","enc-attention-score","enc-attention-softmax","enc-attention-dropout","enc-attention-context","enc-attention-dense","enc-post-attention-dropout","enc-2nd-layernorm","enc-MLP-GEMM-1","enc-MLP-gelu","enc-MLP-GEMM-2","enc-post-MLP-dropout","enc-1st-layernorm","enc-attention-qkv","enc-attention-score","enc-attention-softmax","enc-attention-dropout","enc-attention-context","enc-attention-dense","enc-post-attention-dropout","enc-2nd-layernorm","enc-MLP-GEMM-1","enc-MLP-gelu","enc-MLP-GEMM-2","enc-post-MLP-dropout","enc-1st-layernorm","enc-attention-qkv","enc-attention-score","enc-attention-softmax","enc-attention-dropout","enc-attention-context","enc-attention-dense","enc-post-attention-dropout","enc-2nd-layernorm","enc-MLP-GEMM-1","enc-MLP-gelu","enc-MLP-GEMM-2","enc-post-MLP-dropout","enc-1st-layernorm","enc-attention-qkv","enc-attention-score","enc-attention-softmax","enc-attention-dropout","enc-attention-context","enc-attention-dense","enc-post-attention-dropout","enc-2nd-layernorm","enc-MLP-GEMM-1","enc-MLP-gelu","enc-MLP-GEMM-2","enc-post-MLP-dropout","enc-1st-layernorm","enc-attention-qkv","enc-attention-score","enc-attention-softmax","enc-attention-dropout","enc-attention-context","enc-attention-dense","enc-post-attention-dropout","enc-2nd-layernorm","enc-MLP-GEMM-1","enc-MLP-gelu","enc-MLP-GEMM-2","enc-post-MLP-dropout","enc-1st-layernorm","enc-attention-qkv","enc-attention-score","enc-attention-softmax","enc-attention-dropout","enc-attention-context","enc-attention-dense","enc-post-attention-dropout","enc-2nd-layernorm","enc-MLP-GEMM-1","enc-MLP-gelu","enc-MLP-GEMM-2","enc-post-MLP-dropout","enc-1st-layernorm","enc-attention-qkv","enc-attention-score","enc-attention-softmax","enc-attention-dropout","enc-attention-context","enc-attention-dense","enc-post-attention-dropout","enc-2nd-layernorm","enc-MLP-GEMM-1","enc-MLP-gelu","enc-MLP-GEMM-2","enc-post-MLP-dropout","enc-1st-layernorm","enc-attention-qkv","enc-attention-score","enc-attention-softmax","enc-attention-dropout","enc-attention-context","enc-attention-dense","enc-post-attention-dropout","enc-2nd-layernorm","enc-MLP-GEMM-1","enc-MLP-gelu","enc-MLP-GEMM-2","enc-post-MLP-dropout","enc-1st-layernorm","enc-attention-qkv","enc-attention-score","enc-attention-softmax","enc-attention-dropout","enc-attention-context","enc-attention-dense","enc-post-attention-dropout","enc-2nd-layernorm","enc-MLP-GEMM-1","enc-MLP-gelu","enc-MLP-GEMM-2","enc-post-MLP-dropout","enc-1st-layernorm","enc-attention-qkv","enc-attention-score","enc-attention-softmax","enc-attention-dropout","enc-attention-context","enc-attention-dense","enc-post-attention-dropout","enc-2nd-layernorm","enc-MLP-GEMM-1","enc-MLP-gelu","enc-MLP-GEMM-2","enc-post-MLP-dropout","enc-1st-layernorm","enc-attention-qkv","enc-attention-score","enc-attention-softmax","enc-attention-dropout","enc-attention-context","enc-attention-dense","enc-post-attention-dropout","enc-2nd-layernorm","enc-MLP-GEMM-1","enc-MLP-gelu","enc-MLP-GEMM-2","enc-post-MLP-dropout","enc-1st-layernorm","enc-attention-qkv","enc-attention-score","enc-attention-softmax","enc-attention-dropout","enc-attention-context","enc-attention-dense","enc-post-attention-dropout","enc-2nd-layernorm","enc-MLP-GEMM-1","enc-MLP-gelu","enc-MLP-GEMM-2","enc-post-MLP-dropout","enc-1st-layernorm","enc-attention-qkv","enc-attention-score","enc-attention-softmax","enc-attention-dropout","enc-attention-context","enc-attention-dense","enc-post-attention-dropout","enc-2nd-layernorm","enc-MLP-GEMM-1","enc-MLP-gelu","enc-MLP-GEMM-2","enc-post-MLP-dropout","enc-1st-layernorm","enc-attention-qkv","enc-attention-score","enc-attention-softmax","enc-attention-dropout","enc-attention-context","enc-attention-dense","enc-post-attention-dropout","enc-2nd-layernorm","enc-MLP-GEMM-1","enc-MLP-gelu","enc-MLP-GEMM-2","enc-post-MLP-dropout","enc-1st-layernorm","enc-attention-qkv","enc-attention-score","enc-attention-softmax","enc-attention-dropout","enc-attention-context","enc-attention-dense","enc-post-attention-dropout","enc-2nd-layernorm","enc-MLP-GEMM-1","enc-MLP-gelu","enc-MLP-GEMM-2","enc-post-MLP-dropout","enc-1st-layernorm","enc-attention-qkv","enc-attention-score","enc-attention-softmax","enc-attention-dropout","enc-attention-context","enc-attention-dense","enc-post-attention-dropout","enc-2nd-layernorm","enc-MLP-GEMM-1","enc-MLP-gelu","enc-MLP-GEMM-2","enc-post-MLP-dropout","enc-1st-layernorm","enc-attention-qkv","enc-attention-score","enc-attention-softmax","enc-attention-dropout","enc-attention-context","enc-attention-dense","enc-post-attention-dropout","enc-2nd-layernorm","enc-MLP-GEMM-1","enc-MLP-gelu","enc-MLP-GEMM-2","enc-post-MLP-dropout","enc-1st-layernorm","enc-attention-qkv","enc-attention-score","enc-attention-softmax","enc-attention-dropout","enc-attention-context","enc-attention-dense","enc-post-attention-dropout","enc-2nd-layernorm","enc-MLP-GEMM-1","enc-MLP-gelu","enc-MLP-GEMM-2","enc-post-MLP-dropout","enc-1st-layernorm","enc-attention-qkv","enc-attention-score","enc-attention-softmax","enc-attention-dropout","enc-attention-context","enc-attention-dense","enc-post-attention-dropout","enc-2nd-layernorm","enc-MLP-GEMM-1","enc-MLP-gelu","enc-MLP-GEMM-2","enc-post-MLP-dropout","enc-1st-layernorm","enc-attention-qkv","enc-attention-score","enc-attention-softmax","enc-attention-dropout","enc-attention-context","enc-attention-dense","enc-post-attention-dropout","enc-2nd-layernorm","enc-MLP-GEMM-1","enc-MLP-gelu","enc-MLP-GEMM-2","enc-post-MLP-dropout","enc-1st-layernorm","enc-attention-qkv","enc-attention-score","enc-attention-softmax","enc-attention-dropout","enc-attention-context","enc-attention-dense","enc-post-attention-dropout","enc-2nd-layernorm","enc-MLP-GEMM-1","enc-MLP-gelu","enc-MLP-GEMM-2","enc-post-MLP-dropout","enc-1st-layernorm","enc-attention-qkv","enc-attention-score","enc-attention-softmax","enc-attention-dropout","enc-attention-context","enc-attention-dense","enc-post-attention-dropout","enc-2nd-layernorm","enc-MLP-GEMM-1","enc-MLP-gelu","enc-MLP-GEMM-2","enc-post-MLP-dropout","enc-1st-layernorm","enc-attention-qkv","enc-attention-score","enc-attention-softmax","enc-attention-dropout","enc-attention-context","enc-attention-dense","enc-post-attention-dropout","enc-2nd-layernorm","enc-MLP-GEMM-1","enc-MLP-gelu","enc-MLP-GEMM-2","enc-post-MLP-dropout","enc-1st-layernorm","enc-attention-qkv","enc-attention-score","enc-attention-softmax","enc-attention-dropout","enc-attention-context","enc-attention-dense","enc-post-attention-dropout","enc-2nd-layernorm","enc-MLP-GEMM-1","enc-MLP-gelu","enc-MLP-GEMM-2","enc-post-MLP-dropout","enc-1st-layernorm","enc-attention-qkv","enc-attention-score","enc-attention-softmax","enc-attention-dropout","enc-attention-context","enc-attention-dense","enc-post-attention-dropout","enc-2nd-layernorm","enc-MLP-GEMM-1","enc-MLP-gelu","enc-MLP-GEMM-2","enc-post-MLP-dropout","enc-1st-layernorm","enc-attention-qkv","enc-attention-score","enc-attention-softmax","enc-attention-dropout","enc-attention-context","enc-attention-dense","enc-post-attention-dropout","enc-2nd-layernorm","enc-MLP-GEMM-1","enc-MLP-gelu","enc-MLP-GEMM-2","enc-post-MLP-dropout","enc-1st-layernorm","enc-attention-qkv","enc-attention-score","enc-attention-softmax","enc-attention-dropout","enc-attention-context","enc-attention-dense","enc-post-attention-dropout","enc-2nd-layernorm","enc-MLP-GEMM-1","enc-MLP-gelu","enc-MLP-GEMM-2","enc-post-MLP-dropout","enc-1st-layernorm","enc-attention-qkv","enc-attention-score","enc-attention-softmax","enc-attention-dropout","enc-attention-context","enc-attention-dense","enc-post-attention-dropout","enc-2nd-layernorm","enc-MLP-GEMM-1","enc-MLP-gelu","enc-MLP-GEMM-2","enc-post-MLP-dropout","enc-1st-layernorm","enc-attention-qkv","enc-attention-score","enc-attention-softmax","enc-attention-dropout","enc-attention-context","enc-attention-dense","enc-post-attention-dropout","enc-2nd-layernorm","enc-MLP-GEMM-1","enc-MLP-gelu","enc-MLP-GEMM-2","enc-post-MLP-dropout","enc-1st-layernorm","enc-attention-qkv","enc-attention-score","enc-attention-softmax","enc-attention-dropout","enc-attention-context","enc-attention-dense","enc-post-attention-dropout","enc-2nd-layernorm","enc-MLP-GEMM-1","enc-MLP-gelu","enc-MLP-GEMM-2","enc-post-MLP-dropout","enc-1st-layernorm","enc-attention-qkv","enc-attention-score","enc-attention-softmax","enc-attention-dropout","enc-attention-context","enc-attention-dense","enc-post-attention-dropout","enc-2nd-layernorm","enc-MLP-GEMM-1","enc-MLP-gelu","enc-MLP-GEMM-2","enc-post-MLP-dropout","enc-1st-layernorm","enc-attention-qkv","enc-attention-score","enc-attention-softmax","enc-attention-dropout","enc-attention-context","enc-attention-dense","enc-post-attention-dropout","enc-2nd-layernorm","enc-MLP-GEMM-1","enc-MLP-gelu","enc-MLP-GEMM-2","enc-post-MLP-dropout","enc-1st-layernorm","enc-attention-qkv","enc-attention-score","enc-attention-softmax","enc-attention-dropout","enc-attention-context","enc-attention-dense","enc-post-attention-dropout","enc-2nd-layernorm","enc-MLP-GEMM-1","enc-MLP-gelu","enc-MLP-GEMM-2","enc-post-MLP-dropout","enc-1st-layernorm","enc-attention-qkv","enc-attention-score","enc-attention-softmax","enc-attention-dropout","enc-attention-context","enc-attention-dense","enc-post-attention-dropout","enc-2nd-layernorm","enc-MLP-GEMM-1","enc-MLP-gelu","enc-MLP-GEMM-2","enc-post-MLP-dropout","enc-1st-layernorm","enc-attention-qkv","enc-attention-score","enc-attention-softmax","enc-attention-dropout","enc-attention-context","enc-attention-dense","enc-post-attention-dropout","enc-2nd-layernorm","enc-MLP-GEMM-1","enc-MLP-gelu","enc-MLP-GEMM-2","enc-post-MLP-dropout","enc-1st-layernorm","enc-attention-qkv","enc-attention-score","enc-attention-softmax","enc-attention-dropout","enc-attention-context","enc-attention-dense","enc-post-attention-dropout","enc-2nd-layernorm","enc-MLP-GEMM-1","enc-MLP-gelu","enc-MLP-GEMM-2","enc-post-MLP-dropout","enc-1st-layernorm","enc-attention-qkv","enc-attention-score","enc-attention-softmax","enc-attention-dropout","enc-attention-context","enc-attention-dense","enc-post-attention-dropout","enc-2nd-layernorm","enc-MLP-GEMM-1","enc-MLP-gelu","enc-MLP-GEMM-2","enc-post-MLP-dropout","enc-1st-layernorm","enc-attention-qkv","enc-attention-score","enc-attention-softmax","enc-attention-dropout","enc-attention-context","enc-attention-dense","enc-post-attention-dropout","enc-2nd-layernorm","enc-MLP-GEMM-1","enc-MLP-gelu","enc-MLP-GEMM-2","enc-post-MLP-dropout","enc-1st-layernorm","enc-attention-qkv","enc-attention-score","enc-attention-softmax","enc-attention-dropout","enc-attention-context","enc-attention-dense","enc-post-attention-dropout","enc-2nd-layernorm","enc-MLP-GEMM-1","enc-MLP-gelu","enc-MLP-GEMM-2","enc-post-MLP-dropout","enc-1st-layernorm","enc-attention-qkv","enc-attention-score","enc-attention-softmax","enc-attention-dropout","enc-attention-context","enc-attention-dense","enc-post-attention-dropout","enc-2nd-layernorm","enc-MLP-GEMM-1","enc-MLP-gelu","enc-MLP-GEMM-2","enc-post-MLP-dropout","enc-1st-layernorm","enc-attention-qkv","enc-attention-score","enc-attention-softmax","enc-attention-dropout","enc-attention-context","enc-attention-dense","enc-post-attention-dropout","enc-2nd-layernorm","enc-MLP-GEMM-1","enc-MLP-gelu","enc-MLP-GEMM-2","enc-post-MLP-dropout","enc-1st-layernorm","enc-attention-qkv","enc-attention-score","enc-attention-softmax","enc-attention-dropout","enc-attention-context","enc-attention-dense","enc-post-attention-dropout","enc-2nd-layernorm","enc-MLP-GEMM-1","enc-MLP-gelu","enc-MLP-GEMM-2","enc-post-MLP-dropout","enc-1st-layernorm","enc-attention-qkv","enc-attention-score","enc-attention-softmax","enc-attention-dropout","enc-attention-context","enc-attention-dense","enc-post-attention-dropout","enc-2nd-layernorm","enc-MLP-GEMM-1","enc-MLP-gelu","enc-MLP-GEMM-2","enc-post-MLP-dropout","enc-1st-layernorm","enc-attention-qkv","enc-attention-score","enc-attention-softmax","enc-attention-dropout","enc-attention-context","enc-attention-dense","enc-post-attention-dropout","enc-2nd-layernorm","enc-MLP-GEMM-1","enc-MLP-gelu","enc-MLP-GEMM-2","enc-post-MLP-dropout","enc-1st-layernorm","enc-attention-qkv","enc-attention-score","enc-attention-softmax","enc-attention-dropout","enc-attention-context","enc-attention-dense","enc-post-attention-dropout","enc-2nd-layernorm","enc-MLP-GEMM-1","enc-MLP-gelu","enc-MLP-GEMM-2","enc-post-MLP-dropout","enc-1st-layernorm","enc-attention-qkv","enc-attention-score","enc-attention-softmax","enc-attention-dropout","enc-attention-context","enc-attention-dense","enc-post-attention-dropout","enc-2nd-layernorm","enc-MLP-GEMM-1","enc-MLP-gelu","enc-MLP-GEMM-2","enc-post-MLP-dropout","enc-1st-layernorm","enc-attention-qkv","enc-attention-score","enc-attention-softmax","enc-attention-dropout","enc-attention-context","enc-attention-dense","enc-post-attention-dropout","enc-2nd-layernorm","enc-MLP-GEMM-1","enc-MLP-gelu","enc-MLP-GEMM-2","enc-post-MLP-dropout","enc-1st-layernorm","enc-attention-qkv","enc-attention-score","enc-attention-softmax","enc-attention-dropout","enc-attention-context","enc-attention-dense","enc-post-attention-dropout","enc-2nd-layernorm","enc-MLP-GEMM-1","enc-MLP-gelu","enc-MLP-GEMM-2","enc-post-MLP-dropout","enc-1st-layernorm","enc-attention-qkv","enc-attention-score","enc-attention-softmax","enc-attention-dropout","enc-attention-context","enc-attention-dense","enc-post-attention-dropout","enc-2nd-layernorm","enc-MLP-GEMM-1","enc-MLP-gelu","enc-MLP-GEMM-2","enc-post-MLP-dropout","enc-1st-layernorm","enc-attention-qkv","enc-attention-score","enc-attention-softmax","enc-attention-dropout","enc-attention-context","enc-attention-dense","enc-post-attention-dropout","enc-2nd-layernorm","enc-MLP-GEMM-1","enc-MLP-gelu","enc-MLP-GEMM-2","enc-post-MLP-dropout","enc-1st-layernorm","enc-attention-qkv","enc-attention-score","enc-attention-softmax","enc-attention-dropout","enc-attention-context","enc-attention-dense","enc-post-attention-dropout","enc-2nd-layernorm","enc-MLP-GEMM-1","enc-MLP-gelu","enc-MLP-GEMM-2","enc-post-MLP-dropout","enc-1st-layernorm","enc-attention-qkv","enc-attention-score","enc-attention-softmax","enc-attention-dropout","enc-attention-context","enc-attention-dense","enc-post-attention-dropout","enc-2nd-layernorm","enc-MLP-GEMM-1","enc-MLP-gelu","enc-MLP-GEMM-2","enc-post-MLP-dropout","enc-1st-layernorm","enc-attention-qkv","enc-attention-score","enc-attention-softmax","enc-attention-dropout","enc-attention-context","enc-attention-dense","enc-post-attention-dropout","enc-2nd-layernorm","enc-MLP-GEMM-1","enc-MLP-gelu","enc-MLP-GEMM-2","enc-post-MLP-dropout","enc-1st-layernorm","enc-attention-qkv","enc-attention-score","enc-attention-softmax","enc-attention-dropout","enc-attention-context","enc-attention-dense","enc-post-attention-dropout","enc-2nd-layernorm","enc-MLP-GEMM-1","enc-MLP-gelu","enc-MLP-GEMM-2","enc-post-MLP-dropout","enc-1st-layernorm","enc-attention-qkv","enc-attention-score","enc-attention-softmax","enc-attention-dropout","enc-attention-context","enc-attention-dense","enc-post-attention-dropout","enc-2nd-layernorm","enc-MLP-GEMM-1","enc-MLP-gelu","enc-MLP-GEMM-2","enc-post-MLP-dropout","enc-1st-layernorm","enc-attention-qkv","enc-attention-score","enc-attention-softmax","enc-attention-dropout","enc-attention-context","enc-attention-dense","enc-post-attention-dropout","enc-2nd-layernorm","enc-MLP-GEMM-1","enc-MLP-gelu","enc-MLP-GEMM-2","enc-post-MLP-dropout","enc-1st-layernorm","enc-attention-qkv","enc-attention-score","enc-attention-softmax","enc-attention-dropout","enc-attention-context","enc-attention-dense","enc-post-attention-dropout","enc-2nd-layernorm","enc-MLP-GEMM-1","enc-MLP-gelu","enc-MLP-GEMM-2","enc-post-MLP-dropout","enc-1st-layernorm","enc-attention-qkv","enc-attention-score","enc-attention-softmax","enc-attention-dropout","enc-attention-context","enc-attention-dense","enc-post-attention-dropout","enc-2nd-layernorm","enc-MLP-GEMM-1","enc-MLP-gelu","enc-MLP-GEMM-2","enc-post-MLP-dropout","enc-1st-layernorm","enc-attention-qkv","enc-attention-score","enc-attention-softmax","enc-attention-dropout","enc-attention-context","enc-attention-dense","enc-post-attention-dropout","enc-2nd-layernorm","enc-MLP-GEMM-1","enc-MLP-gelu","enc-MLP-GEMM-2","enc-post-MLP-dropout","enc-1st-layernorm","enc-attention-qkv","enc-attention-score","enc-attention-softmax","enc-attention-dropout","enc-attention-context","enc-attention-dense","enc-post-attention-dropout","enc-2nd-layernorm","enc-MLP-GEMM-1","enc-MLP-gelu","enc-MLP-GEMM-2","enc-post-MLP-dropout","enc-1st-layernorm","enc-attention-qkv","enc-attention-score","enc-attention-softmax","enc-attention-dropout","enc-attention-context","enc-attention-dense","enc-post-attention-dropout","enc-2nd-layernorm","enc-MLP-GEMM-1","enc-MLP-gelu","enc-MLP-GEMM-2","enc-post-MLP-dropout","enc-1st-layernorm","enc-attention-qkv","enc-attention-score","enc-attention-softmax","enc-attention-dropout","enc-attention-context","enc-attention-dense","enc-post-attention-dropout","enc-2nd-layernorm","enc-MLP-GEMM-1","enc-MLP-gelu","enc-MLP-GEMM-2","enc-post-MLP-dropout","enc-1st-layernorm","enc-attention-qkv","enc-attention-score","enc-attention-softmax","enc-attention-dropout","enc-attention-context","enc-attention-dense","enc-post-attention-dropout","enc-2nd-layernorm","enc-MLP-GEMM-1","enc-MLP-gelu","enc-MLP-GEMM-2","enc-post-MLP-dropout","enc-1st-layernorm","enc-attention-qkv","enc-attention-score","enc-attention-softmax","enc-attention-dropout","enc-attention-context","enc-attention-dense","enc-post-attention-dropout","enc-2nd-layernorm","enc-MLP-GEMM-1","enc-MLP-gelu","enc-MLP-GEMM-2","enc-post-MLP-dropout","enc-1st-layernorm","enc-attention-qkv","enc-attention-score","enc-attention-softmax","enc-attention-dropout","enc-attention-context","enc-attention-dense","enc-post-attention-dropout","enc-2nd-layernorm","enc-MLP-GEMM-1","enc-MLP-gelu","enc-MLP-GEMM-2","enc-post-MLP-dropout","enc-1st-layernorm","enc-attention-qkv","enc-attention-score","enc-attention-softmax","enc-attention-dropout","enc-attention-context","enc-attention-dense","enc-post-attention-dropout","enc-2nd-layernorm","enc-MLP-GEMM-1","enc-MLP-gelu","enc-MLP-GEMM-2","enc-post-MLP-dropout","enc-1st-layernorm","enc-attention-qkv","enc-attention-score","enc-attention-softmax","enc-attention-dropout","enc-attention-context","enc-attention-dense","enc-post-attention-dropout","enc-2nd-layernorm","enc-MLP-GEMM-1","enc-MLP-gelu","enc-MLP-GEMM-2","enc-post-MLP-dropout","enc-1st-layernorm","enc-attention-qkv","enc-attention-score","enc-attention-softmax","enc-attention-dropout","enc-attention-context","enc-attention-dense","enc-post-attention-dropout","enc-2nd-layernorm","enc-MLP-GEMM-1","enc-MLP-gelu","enc-MLP-GEMM-2","enc-post-MLP-dropout","enc-1st-layernorm","enc-attention-qkv","enc-attention-score","enc-attention-softmax","enc-attention-dropout","enc-attention-context","enc-attention-dense","enc-post-attention-dropout","enc-2nd-layernorm","enc-MLP-GEMM-1","enc-MLP-gelu","enc-MLP-GEMM-2","enc-post-MLP-dropout","enc-1st-layernorm","enc-attention-qkv","enc-attention-score","enc-attention-softmax","enc-attention-dropout","enc-attention-context","enc-attention-dense","enc-post-attention-dropout","enc-2nd-layernorm","enc-MLP-GEMM-1","enc-MLP-gelu","enc-MLP-GEMM-2","enc-post-MLP-dropout","enc-1st-layernorm","enc-attention-qkv","enc-attention-score","enc-attention-softmax","enc-attention-dropout","enc-attention-context","enc-attention-dense","enc-post-attention-dropout","enc-2nd-layernorm","enc-MLP-GEMM-1","enc-MLP-gelu","enc-MLP-GEMM-2","enc-post-MLP-dropout","enc-1st-layernorm","enc-attention-qkv","enc-attention-score","enc-attention-softmax","enc-attention-dropout","enc-attention-context","enc-attention-dense","enc-post-attention-dropout","enc-2nd-layernorm","enc-MLP-GEMM-1","enc-MLP-gelu","enc-MLP-GEMM-2","enc-post-MLP-dropout","enc-1st-layernorm","enc-attention-qkv","enc-attention-score","enc-attention-softmax","enc-attention-dropout","enc-attention-context","enc-attention-dense","enc-post-attention-dropout","enc-2nd-layernorm","enc-MLP-GEMM-1","enc-MLP-gelu","enc-MLP-GEMM-2","enc-post-MLP-dropout","enc-1st-layernorm","enc-attention-qkv","enc-attention-score","enc-attention-softmax","enc-attention-dropout","enc-attention-context","enc-attention-dense","enc-post-attention-dropout","enc-2nd-layernorm","enc-MLP-GEMM-1","enc-MLP-gelu","enc-MLP-GEMM-2","enc-post-MLP-dropout","enc-1st-layernorm","enc-attention-qkv","enc-attention-score","enc-attention-softmax","enc-attention-dropout","enc-attention-context","enc-attention-dense","enc-post-attention-dropout","enc-2nd-layernorm","enc-MLP-GEMM-1","enc-MLP-gelu","enc-MLP-GEMM-2","enc-post-MLP-dropout","enc-1st-layernorm","enc-attention-qkv","enc-attention-score","enc-attention-softmax","enc-attention-dropout","enc-attention-context","enc-attention-dense","enc-post-attention-dropout","enc-2nd-layernorm","enc-MLP-GEMM-1","enc-MLP-gelu","enc-MLP-GEMM-2","enc-post-MLP-dropout","enc-1st-layernorm","enc-attention-qkv","enc-attention-score","enc-attention-softmax","enc-attention-dropout","enc-attention-context","enc-attention-dense","enc-post-attention-dropout","enc-2nd-layernorm","enc-MLP-GEMM-1","enc-MLP-gelu","enc-MLP-GEMM-2","enc-post-MLP-dropout","enc-1st-layernorm","enc-attention-qkv","enc-attention-score","enc-attention-softmax","enc-attention-dropout","enc-attention-context","enc-attention-dense","enc-post-attention-dropout","enc-2nd-layernorm","enc-MLP-GEMM-1","enc-MLP-gelu","enc-MLP-GEMM-2","enc-post-MLP-dropout","enc-1st-layernorm","enc-attention-qkv","enc-attention-score","enc-attention-softmax","enc-attention-dropout","enc-attention-context","enc-attention-dense","enc-post-attention-dropout","enc-2nd-layernorm","enc-MLP-GEMM-1","enc-MLP-gelu","enc-MLP-GEMM-2","enc-post-MLP-dropout","enc-1st-layernorm","enc-attention-qkv","enc-attention-score","enc-attention-softmax","enc-attention-dropout","enc-attention-context","enc-attention-dense","enc-post-attention-dropout","enc-2nd-layernorm","enc-MLP-GEMM-1","enc-MLP-gelu","enc-MLP-GEMM-2","enc-post-MLP-dropout","enc-1st-layernorm","enc-attention-qkv","enc-attention-score","enc-attention-softmax","enc-attention-dropout","enc-attention-context","enc-attention-dense","enc-post-attention-dropout","enc-2nd-layernorm","enc-MLP-GEMM-1","enc-MLP-gelu","enc-MLP-GEMM-2","enc-post-MLP-dropout","enc-1st-layernorm","enc-attention-qkv","enc-attention-score","enc-attention-softmax","enc-attention-dropout","enc-attention-context","enc-attention-dense","enc-post-attention-dropout","enc-2nd-layernorm","enc-MLP-GEMM-1","enc-MLP-gelu","enc-MLP-GEMM-2","enc-post-MLP-dropout","enc-1st-layernorm","enc-attention-qkv","enc-attention-score","enc-attention-softmax","enc-attention-dropout","enc-attention-context","enc-attention-dense","enc-post-attention-dropout","enc-2nd-layernorm","enc-MLP-GEMM-1","enc-MLP-gelu","enc-MLP-GEMM-2","enc-post-MLP-dropout","enc-1st-layernorm","enc-attention-qkv","enc-attention-score","enc-attention-softmax","enc-attention-dropout","enc-attention-context","enc-attention-dense","enc-post-attention-dropout","enc-2nd-layernorm","enc-MLP-GEMM-1","enc-MLP-gelu","enc-MLP-GEMM-2","enc-post-MLP-dropout","enc-1st-layernorm","enc-attention-qkv","enc-attention-score","enc-attention-softmax","enc-attention-dropout","enc-attention-context","enc-attention-dense","enc-post-attention-dropout","enc-2nd-layernorm","enc-MLP-GEMM-1","enc-MLP-gelu","enc-MLP-GEMM-2","enc-post-MLP-dropout","enc-1st-layernorm","enc-attention-qkv","enc-attention-score","enc-attention-softmax","enc-attention-dropout","enc-attention-context","enc-attention-dense","enc-post-attention-dropout","enc-2nd-layernorm","enc-MLP-GEMM-1","enc-MLP-gelu","enc-MLP-GEMM-2","enc-post-MLP-dropout","enc-1st-layernorm","enc-attention-qkv","enc-attention-score","enc-attention-softmax","enc-attention-dropout","enc-attention-context","enc-attention-dense","enc-post-attention-dropout","enc-2nd-layernorm","enc-MLP-GEMM-1","enc-MLP-gelu","enc-MLP-GEMM-2","enc-post-MLP-dropout","enc-1st-layernorm","enc-attention-qkv","enc-attention-score","enc-attention-softmax","enc-attention-dropout","enc-attention-context","enc-attention-dense","enc-post-attention-dropout","enc-2nd-layernorm","enc-MLP-GEMM-1","enc-MLP-gelu","enc-MLP-GEMM-2","enc-post-MLP-dropout","enc-1st-layernorm","enc-attention-qkv","enc-attention-score","enc-attention-softmax","enc-attention-dropout","enc-attention-context","enc-attention-dense","enc-post-attention-dropout","enc-2nd-layernorm","enc-MLP-GEMM-1","enc-MLP-gelu","enc-MLP-GEMM-2","enc-post-MLP-dropout","enc-1st-layernorm","enc-attention-qkv","enc-attention-score","enc-attention-softmax","enc-attention-dropout","enc-attention-context","enc-attention-dense","enc-post-attention-dropout","enc-2nd-layernorm","enc-MLP-GEMM-1","enc-MLP-gelu","enc-MLP-GEMM-2","enc-post-MLP-dropout","enc-1st-layernorm","enc-attention-qkv","enc-attention-score","enc-attention-softmax","enc-attention-dropout","enc-attention-context","enc-attention-dense","enc-post-attention-dropout","enc-2nd-layernorm","enc-MLP-GEMM-1","enc-MLP-gelu","enc-MLP-GEMM-2","enc-post-MLP-dropout","enc-1st-layernorm","enc-attention-qkv","enc-attention-score","enc-attention-softmax","enc-attention-dropout","enc-attention-context","enc-attention-dense","enc-post-attention-dropout","enc-2nd-layernorm","enc-MLP-GEMM-1","enc-MLP-gelu","enc-MLP-GEMM-2","enc-post-MLP-dropout","enc-1st-layernorm","enc-attention-qkv","enc-attention-score","enc-attention-softmax","enc-attention-dropout","enc-attention-context","enc-attention-dense","enc-post-attention-dropout","enc-2nd-layernorm","enc-MLP-GEMM-1","enc-MLP-gelu","enc-MLP-GEMM-2","enc-post-MLP-dropout","enc-1st-layernorm","enc-attention-qkv","enc-attention-score","enc-attention-softmax","enc-attention-dropout","enc-attention-context","enc-attention-dense","enc-post-attention-dropout","enc-2nd-layernorm","enc-MLP-GEMM-1","enc-MLP-gelu","enc-MLP-GEMM-2","enc-post-MLP-dropout","enc-1st-layernorm","enc-attention-qkv","enc-attention-score","enc-attention-softmax","enc-attention-dropout","enc-attention-context","enc-attention-dense","enc-post-attention-dropout","enc-2nd-layernorm","enc-MLP-GEMM-1","enc-MLP-gelu","enc-MLP-GEMM-2","enc-post-MLP-dropout","enc-1st-layernorm","enc-attention-qkv","enc-attention-score","enc-attention-softmax","enc-attention-dropout","enc-attention-context","enc-attention-dense","enc-post-attention-dropout","enc-2nd-layernorm","enc-MLP-GEMM-1","enc-MLP-gelu","enc-MLP-GEMM-2","enc-post-MLP-dropout","enc-1st-layernorm","enc-attention-qkv","enc-attention-score","enc-attention-softmax","enc-attention-dropout","enc-attention-context","enc-attention-dense","enc-post-attention-dropout","enc-2nd-layernorm","enc-MLP-GEMM-1","enc-MLP-gelu","enc-MLP-GEMM-2","enc-post-MLP-dropout","enc-1st-layernorm","enc-attention-qkv","enc-attention-score","enc-attention-softmax","enc-attention-dropout","enc-attention-context","enc-attention-dense","enc-post-attention-dropout","enc-2nd-layernorm","enc-MLP-GEMM-1","enc-MLP-gelu","enc-MLP-GEMM-2","enc-post-MLP-dropout","enc-1st-layernorm","enc-attention-qkv","enc-attention-score","enc-attention-softmax","enc-attention-dropout","enc-attention-context","enc-attention-dense","enc-post-attention-dropout","enc-2nd-layernorm","enc-MLP-GEMM-1","enc-MLP-gelu","enc-MLP-GEMM-2","enc-post-MLP-dropout","enc-1st-layernorm","enc-attention-qkv","enc-attention-score","enc-attention-softmax","enc-attention-dropout","enc-attention-context","enc-attention-dense","enc-post-attention-dropout","enc-2nd-layernorm","enc-MLP-GEMM-1","enc-MLP-gelu","enc-MLP-GEMM-2","enc-post-MLP-dropout","enc-1st-layernorm","enc-attention-qkv","enc-attention-score","enc-attention-softmax","enc-attention-dropout","enc-attention-context","enc-attention-dense","enc-post-attention-dropout","enc-2nd-layernorm","enc-MLP-GEMM-1","enc-MLP-gelu","enc-MLP-GEMM-2","enc-post-MLP-dropout","enc-1st-layernorm","enc-attention-qkv","enc-attention-score","enc-attention-softmax","enc-attention-dropout","enc-attention-context","enc-attention-dense","enc-post-attention-dropout","enc-2nd-layernorm","enc-MLP-GEMM-1","enc-MLP-gelu","enc-MLP-GEMM-2","enc-post-MLP-dropout","enc-1st-layernorm","enc-attention-qkv","enc-attention-score","enc-attention-softmax","enc-attention-dropout","enc-attention-context","enc-attention-dense","enc-post-attention-dropout","enc-2nd-layernorm","enc-MLP-GEMM-1","enc-MLP-gelu","enc-MLP-GEMM-2","enc-post-MLP-dropout","enc-1st-layernorm","enc-attention-qkv","enc-attention-score","enc-attention-softmax","enc-attention-dropout","enc-attention-context","enc-attention-dense","enc-post-attention-dropout","enc-2nd-layernorm","enc-MLP-GEMM-1","enc-MLP-gelu","enc-MLP-GEMM-2","enc-post-MLP-dropout","enc-1st-layernorm","enc-attention-qkv","enc-attention-score","enc-attention-softmax","enc-attention-dropout","enc-attention-context","enc-attention-dense","enc-post-attention-dropout","enc-2nd-layernorm","enc-MLP-GEMM-1","enc-MLP-gelu","enc-MLP-GEMM-2","enc-post-MLP-dropout","enc-1st-layernorm","enc-attention-qkv","enc-attention-score","enc-attention-softmax","enc-attention-dropout","enc-attention-context","enc-attention-dense","enc-post-attention-dropout","enc-2nd-layernorm","enc-MLP-GEMM-1","enc-MLP-gelu","enc-MLP-GEMM-2","enc-post-MLP-dropout","enc-1st-layernorm","enc-attention-qkv","enc-attention-score","enc-attention-softmax","enc-attention-dropout","enc-attention-context","enc-attention-dense","enc-post-attention-dropout","enc-2nd-layernorm","enc-MLP-GEMM-1","enc-MLP-gelu","enc-MLP-GEMM-2","enc-post-MLP-dropout","enc-1st-layernorm","enc-attention-qkv","enc-attention-score","enc-attention-softmax","enc-attention-dropout","enc-attention-context","enc-attention-dense","enc-post-attention-dropout","enc-2nd-layernorm","enc-MLP-GEMM-1","enc-MLP-gelu","enc-MLP-GEMM-2","enc-post-MLP-dropout","enc-1st-layernorm","enc-attention-qkv","enc-attention-score","enc-attention-softmax","enc-attention-dropout","enc-attention-context","enc-attention-dense","enc-post-attention-dropout","enc-2nd-layernorm","enc-MLP-GEMM-1","enc-MLP-gelu","enc-MLP-GEMM-2","enc-post-MLP-dropout","enc-1st-layernorm","enc-attention-qkv","enc-attention-score","enc-attention-softmax","enc-attention-dropout","enc-attention-context","enc-attention-dense","enc-post-attention-dropout","enc-2nd-layernorm","enc-MLP-GEMM-1","enc-MLP-gelu","enc-MLP-GEMM-2","enc-post-MLP-dropout","enc-1st-layernorm","enc-attention-qkv","enc-attention-score","enc-attention-softmax","enc-attention-dropout","enc-attention-context","enc-attention-dense","enc-post-attention-dropout","enc-2nd-layernorm","enc-MLP-GEMM-1","enc-MLP-gelu","enc-MLP-GEMM-2","enc-post-MLP-dropout","enc-1st-layernorm","enc-attention-qkv","enc-attention-score","enc-attention-softmax","enc-attention-dropout","enc-attention-context","enc-attention-dense","enc-post-attention-dropout","enc-2nd-layernorm","enc-MLP-GEMM-1","enc-MLP-gelu","enc-MLP-GEMM-2","enc-post-MLP-dropout","enc-1st-layernorm","enc-attention-qkv","enc-attention-score","enc-attention-softmax","enc-attention-dropout","enc-attention-context","enc-attention-dense","enc-post-attention-dropout","enc-2nd-layernorm","enc-MLP-GEMM-1","enc-MLP-gelu","enc-MLP-GEMM-2","enc-post-MLP-dropout","enc-1st-layernorm","enc-attention-qkv","enc-attention-score","enc-attention-softmax","enc-attention-dropout","enc-attention-context","enc-attention-dense","enc-post-attention-dropout","enc-2nd-layernorm","enc-MLP-GEMM-1","enc-MLP-gelu","enc-MLP-GEMM-2","enc-post-MLP-dropout","enc-1st-layernorm","enc-attention-qkv","enc-attention-score","enc-attention-softmax","enc-attention-dropout","enc-attention-context","enc-attention-dense","enc-post-attention-dropout","enc-2nd-layernorm","enc-MLP-GEMM-1","enc-MLP-gelu","enc-MLP-GEMM-2","enc-post-MLP-dropout","enc-1st-layernorm","enc-attention-qkv","enc-attention-score","enc-attention-softmax","enc-attention-dropout","enc-attention-context","enc-attention-dense","enc-post-attention-dropout","enc-2nd-layernorm","enc-MLP-GEMM-1","enc-MLP-gelu","enc-MLP-GEMM-2","enc-post-MLP-dropout","enc-1st-layernorm","enc-attention-qkv","enc-attention-score","enc-attention-softmax","enc-attention-dropout","enc-attention-context","enc-attention-dense","enc-post-attention-dropout","enc-2nd-layernorm","enc-MLP-GEMM-1","enc-MLP-gelu","enc-MLP-GEMM-2","enc-post-MLP-dropout","enc-1st-layernorm","enc-attention-qkv","enc-attention-score","enc-attention-softmax","enc-attention-dropout","enc-attention-context","enc-attention-dense","enc-post-attention-dropout","enc-2nd-layernorm","enc-MLP-GEMM-1","enc-MLP-gelu","enc-MLP-GEMM-2","enc-post-MLP-dropout","enc-1st-layernorm","enc-attention-qkv","enc-attention-score","enc-attention-softmax","enc-attention-dropout","enc-attention-context","enc-attention-dense","enc-post-attention-dropout","enc-2nd-layernorm","enc-MLP-GEMM-1","enc-MLP-gelu","enc-MLP-GEMM-2","enc-post-MLP-dropout","enc-1st-layernorm","enc-attention-qkv","enc-attention-score","enc-attention-softmax","enc-attention-dropout","enc-attention-context","enc-attention-dense","enc-post-attention-dropout","enc-2nd-layernorm","enc-MLP-GEMM-1","enc-MLP-gelu","enc-MLP-GEMM-2","enc-post-MLP-dropout","enc-1st-layernorm","enc-attention-qkv","enc-attention-score","enc-attention-softmax","enc-attention-dropout","enc-attention-context","enc-attention-dense","enc-post-attention-dropout","enc-2nd-layernorm",
[rank 3 recompute ops] enc-MLP-GEMM-1 enc-MLP-gelu enc-MLP-GEMM-2 enc-post-MLP-dropout enc-1st-layernorm enc-attention-qkv enc-attention-score enc-attention-softmax enc-attention-dropout enc-attention-context enc-post-attention-dropout enc-2nd-layernorm enc-MLP-GEMM-1 enc-MLP-gelu enc-MLP-GEMM-2 enc-post-MLP-dropout enc-1st-layernorm enc-attention-qkv enc-attention-score enc-attention-softmax enc-attention-dropout enc-attention-context enc-post-attention-dropout enc-2nd-layernorm enc-MLP-GEMM-1 enc-MLP-gelu enc-MLP-GEMM-2 enc-post-MLP-dropout enc-1st-layernorm enc-attention-qkv enc-attention-score enc-attention-softmax enc-attention-dropout enc-attention-context enc-post-attention-dropout enc-2nd-layernorm enc-MLP-GEMM-1 enc-MLP-gelu enc-MLP-GEMM-2 enc-post-MLP-dropout enc-1st-layernorm enc-attention-qkv enc-attention-score enc-attention-softmax enc-attention-dropout enc-attention-context enc-post-attention-dropout enc-2nd-layernorm enc-MLP-GEMM-1 enc-MLP-gelu enc-MLP-GEMM-2 enc-post-MLP-dropout enc-1st-layernorm enc-attention-qkv enc-attention-score enc-attention-softmax enc-attention-dropout enc-attention-context enc-post-attention-dropout enc-2nd-layernorm enc-MLP-GEMM-1 enc-MLP-gelu enc-MLP-GEMM-2 enc-post-MLP-dropout enc-1st-layernorm enc-attention-qkv enc-attention-score enc-attention-softmax enc-attention-dropout enc-attention-context enc-post-attention-dropout enc-2nd-layernorm enc-MLP-GEMM-1 enc-MLP-gelu enc-MLP-GEMM-2 enc-post-MLP-dropout enc-1st-layernorm enc-attention-qkv enc-attention-score enc-attention-softmax enc-attention-dropout enc-attention-context enc-post-attention-dropout enc-2nd-layernorm enc-MLP-GEMM-1 enc-MLP-gelu enc-MLP-GEMM-2 enc-post-MLP-dropout enc-1st-layernorm enc-attention-qkv enc-attention-score enc-attention-softmax enc-attention-dropout enc-attention-context enc-post-attention-dropout enc-2nd-layernorm enc-MLP-GEMM-1 enc-MLP-gelu enc-MLP-GEMM-2 enc-post-MLP-dropout enc-1st-layernorm enc-attention-qkv enc-attention-score enc-attention-softmax enc-attention-dropout enc-attention-context enc-post-attention-dropout enc-2nd-layernorm enc-MLP-GEMM-1 enc-MLP-gelu enc-MLP-GEMM-2 enc-post-MLP-dropout enc-1st-layernorm enc-attention-qkv enc-attention-score enc-attention-softmax enc-attention-dropout enc-attention-context enc-post-attention-dropout enc-2nd-layernorm enc-MLP-GEMM-1 enc-MLP-gelu enc-MLP-GEMM-2 enc-post-MLP-dropout enc-1st-layernorm enc-attention-qkv enc-attention-score enc-attention-softmax enc-attention-dropout enc-attention-context enc-post-attention-dropout enc-2nd-layernorm enc-MLP-GEMM-1 enc-MLP-gelu enc-MLP-GEMM-2 enc-post-MLP-dropout enc-1st-layernorm enc-attention-qkv enc-attention-score enc-attention-softmax enc-attention-dropout enc-attention-context enc-post-attention-dropout enc-2nd-layernorm enc-MLP-GEMM-1 enc-MLP-gelu enc-MLP-GEMM-2 enc-post-MLP-dropout enc-1st-layernorm enc-attention-qkv enc-attention-score enc-attention-softmax enc-attention-dropout enc-attention-context enc-post-attention-dropout enc-2nd-layernorm enc-MLP-GEMM-1 enc-MLP-gelu enc-MLP-GEMM-2 enc-post-MLP-dropout enc-1st-layernorm enc-attention-qkv enc-attention-score enc-attention-softmax enc-attention-dropout enc-attention-context enc-post-attention-dropout enc-2nd-layernorm enc-MLP-GEMM-1 enc-MLP-gelu enc-MLP-GEMM-2 enc-post-MLP-dropout enc-1st-layernorm enc-attention-qkv enc-attention-score enc-attention-softmax enc-attention-dropout enc-attention-context enc-post-attention-dropout enc-2nd-layernorm enc-MLP-GEMM-1 enc-MLP-gelu enc-MLP-GEMM-2 enc-post-MLP-dropout enc-1st-layernorm enc-attention-qkv enc-attention-score enc-attention-softmax enc-attention-dropout enc-attention-context enc-post-attention-dropout enc-2nd-layernorm enc-MLP-GEMM-1 enc-MLP-gelu enc-MLP-GEMM-2 enc-post-MLP-dropout enc-1st-layernorm enc-attention-qkv enc-attention-score enc-attention-softmax enc-attention-dropout enc-attention-context enc-post-attention-dropout enc-2nd-layernorm enc-MLP-GEMM-1 enc-MLP-gelu enc-MLP-GEMM-2 enc-post-MLP-dropout enc-1st-layernorm enc-attention-qkv enc-attention-score enc-attention-softmax enc-attention-dropout enc-attention-context enc-post-attention-dropout enc-2nd-layernorm enc-MLP-GEMM-1 enc-MLP-gelu enc-MLP-GEMM-2 enc-post-MLP-dropout enc-1st-layernorm enc-attention-qkv enc-attention-score enc-attention-softmax enc-attention-dropout enc-attention-context enc-post-attention-dropout enc-2nd-layernorm enc-MLP-GEMM-1 enc-MLP-gelu enc-MLP-GEMM-2 enc-post-MLP-dropout enc-1st-layernorm enc-attention-qkv enc-attention-score enc-attention-softmax enc-attention-dropout enc-attention-context enc-post-attention-dropout enc-2nd-layernorm enc-MLP-GEMM-1 enc-MLP-gelu enc-MLP-GEMM-2 enc-post-MLP-dropout enc-1st-layernorm enc-attention-qkv enc-attention-score enc-attention-softmax enc-attention-dropout enc-attention-context enc-post-attention-dropout enc-2nd-layernorm enc-MLP-GEMM-1 enc-MLP-gelu enc-MLP-GEMM-2 enc-post-MLP-dropout enc-1st-layernorm enc-attention-qkv enc-attention-score enc-attention-softmax enc-attention-dropout enc-attention-context enc-post-attention-dropout enc-2nd-layernorm enc-MLP-GEMM-1 enc-MLP-gelu enc-MLP-GEMM-2 enc-post-MLP-dropout enc-1st-layernorm enc-attention-qkv enc-attention-score enc-attention-softmax enc-attention-dropout enc-attention-context enc-post-attention-dropout enc-2nd-layernorm enc-MLP-GEMM-1 enc-MLP-gelu enc-MLP-GEMM-2 enc-post-MLP-dropout enc-1st-layernorm enc-attention-qkv enc-attention-score enc-attention-softmax enc-attention-dropout enc-attention-context enc-post-attention-dropout enc-2nd-layernorm enc-MLP-GEMM-1 enc-MLP-gelu enc-MLP-GEMM-2 enc-post-MLP-dropout enc-1st-layernorm enc-attention-qkv enc-attention-score enc-attention-softmax enc-attention-dropout enc-attention-context enc-post-attention-dropout enc-2nd-layernorm enc-MLP-GEMM-1 enc-MLP-gelu enc-MLP-GEMM-2 enc-post-MLP-dropout enc-1st-layernorm enc-attention-qkv enc-attention-score enc-attention-softmax enc-attention-dropout enc-attention-context enc-post-attention-dropout enc-2nd-layernorm enc-MLP-GEMM-1 enc-MLP-gelu enc-MLP-GEMM-2 enc-post-MLP-dropout enc-1st-layernorm enc-attention-qkv enc-attention-score enc-attention-softmax enc-attention-dropout enc-attention-context enc-post-attention-dropout enc-2nd-layernorm enc-MLP-GEMM-1 enc-MLP-gelu enc-MLP-GEMM-2 enc-post-MLP-dropout enc-1st-layernorm enc-attention-qkv enc-attention-score enc-attention-softmax enc-attention-dropout enc-attention-context enc-post-attention-dropout enc-2nd-layernorm enc-MLP-GEMM-1 enc-MLP-gelu enc-MLP-GEMM-2 enc-post-MLP-dropout enc-1st-layernorm enc-attention-qkv enc-attention-score enc-attention-softmax enc-attention-dropout enc-attention-context enc-post-attention-dropout enc-2nd-layernorm enc-MLP-GEMM-1 enc-MLP-gelu enc-MLP-GEMM-2 enc-post-MLP-dropout enc-1st-layernorm enc-attention-qkv enc-attention-score enc-attention-softmax enc-attention-dropout enc-attention-context enc-post-attention-dropout enc-2nd-layernorm enc-MLP-GEMM-1 enc-MLP-gelu enc-MLP-GEMM-2 enc-post-MLP-dropout enc-1st-layernorm enc-attention-qkv enc-attention-score enc-attention-softmax enc-attention-dropout enc-attention-context enc-post-attention-dropout enc-2nd-layernorm enc-MLP-GEMM-1 enc-MLP-gelu enc-MLP-GEMM-2 enc-post-MLP-dropout enc-1st-layernorm enc-attention-qkv enc-attention-score enc-attention-softmax enc-attention-dropout enc-attention-context enc-post-attention-dropout enc-2nd-layernorm enc-MLP-GEMM-1 enc-MLP-gelu enc-MLP-GEMM-2 enc-post-MLP-dropout enc-1st-layernorm enc-attention-qkv enc-attention-score enc-attention-softmax enc-attention-dropout enc-attention-context enc-post-attention-dropout enc-2nd-layernorm enc-MLP-GEMM-1 enc-MLP-gelu enc-MLP-GEMM-2 enc-post-MLP-dropout enc-1st-layernorm enc-attention-qkv enc-attention-score enc-attention-softmax enc-attention-dropout enc-attention-context enc-post-attention-dropout enc-2nd-layernorm enc-MLP-GEMM-1 enc-MLP-gelu enc-MLP-GEMM-2 enc-post-MLP-dropout enc-1st-layernorm enc-attention-qkv enc-attention-score enc-attention-softmax enc-attention-dropout enc-attention-context enc-post-attention-dropout enc-2nd-layernorm enc-MLP-GEMM-1 enc-MLP-gelu enc-MLP-GEMM-2 enc-post-MLP-dropout enc-1st-layernorm enc-attention-qkv enc-attention-score enc-attention-softmax enc-attention-dropout enc-attention-context enc-post-attention-dropout enc-2nd-layernorm enc-MLP-GEMM-1 enc-MLP-gelu enc-MLP-GEMM-2 enc-post-MLP-dropout enc-1st-layernorm enc-attention-qkv enc-attention-score enc-attention-softmax enc-attention-dropout enc-attention-context enc-post-attention-dropout enc-2nd-layernorm enc-MLP-GEMM-1 enc-MLP-gelu enc-MLP-GEMM-2 enc-post-MLP-dropout enc-1st-layernorm enc-attention-qkv enc-attention-score enc-attention-softmax enc-attention-dropout enc-attention-context enc-post-attention-dropout enc-2nd-layernorm enc-MLP-GEMM-1 enc-MLP-gelu enc-MLP-GEMM-2 enc-post-MLP-dropout enc-1st-layernorm enc-attention-qkv enc-attention-score enc-attention-softmax enc-attention-dropout enc-attention-context enc-post-attention-dropout enc-2nd-layernorm enc-MLP-GEMM-1 enc-MLP-gelu enc-MLP-GEMM-2 enc-post-MLP-dropout enc-1st-layernorm enc-attention-qkv enc-attention-score enc-attention-softmax enc-attention-dropout enc-attention-context enc-post-attention-dropout enc-2nd-layernorm enc-MLP-GEMM-1 enc-MLP-gelu enc-MLP-GEMM-2 enc-post-MLP-dropout enc-1st-layernorm enc-attention-qkv enc-attention-score enc-attention-softmax enc-attention-dropout enc-attention-context enc-post-attention-dropout enc-2nd-layernorm enc-MLP-GEMM-1 enc-MLP-gelu enc-MLP-GEMM-2 enc-post-MLP-dropout enc-1st-layernorm enc-attention-qkv enc-attention-score enc-attention-softmax enc-attention-dropout enc-attention-context enc-post-attention-dropout enc-2nd-layernorm enc-MLP-GEMM-1 enc-MLP-gelu enc-MLP-GEMM-2 enc-post-MLP-dropout enc-1st-layernorm enc-attention-qkv enc-attention-score enc-attention-softmax enc-attention-dropout enc-attention-context enc-post-attention-dropout enc-2nd-layernorm enc-MLP-GEMM-1 enc-MLP-gelu enc-MLP-GEMM-2 enc-post-MLP-dropout enc-1st-layernorm enc-attention-qkv enc-attention-score enc-attention-softmax enc-attention-dropout enc-attention-context enc-post-attention-dropout enc-2nd-layernorm enc-MLP-GEMM-1 enc-MLP-gelu enc-MLP-GEMM-2 enc-post-MLP-dropout enc-1st-layernorm enc-attention-qkv enc-attention-score enc-attention-softmax enc-attention-dropout enc-attention-context enc-post-attention-dropout enc-2nd-layernorm enc-MLP-GEMM-1 enc-MLP-gelu enc-MLP-GEMM-2 enc-post-MLP-dropout enc-1st-layernorm enc-attention-qkv enc-attention-score enc-attention-softmax enc-attention-dropout enc-attention-context enc-post-attention-dropout enc-2nd-layernorm enc-MLP-GEMM-1 enc-MLP-gelu enc-MLP-GEMM-2 enc-post-MLP-dropout enc-1st-layernorm enc-attention-qkv enc-attention-score enc-attention-softmax enc-attention-dropout enc-attention-context enc-post-attention-dropout enc-2nd-layernorm enc-MLP-GEMM-1 enc-MLP-gelu enc-MLP-GEMM-2 enc-post-MLP-dropout enc-1st-layernorm enc-attention-qkv enc-attention-score enc-attention-softmax enc-attention-dropout enc-attention-context enc-post-attention-dropout enc-2nd-layernorm enc-MLP-GEMM-1 enc-MLP-gelu enc-MLP-GEMM-2 enc-post-MLP-dropout enc-1st-layernorm enc-attention-qkv enc-attention-score enc-attention-softmax enc-attention-dropout enc-attention-context enc-post-attention-dropout enc-2nd-layernorm enc-MLP-GEMM-1 enc-MLP-gelu enc-MLP-GEMM-2 enc-post-MLP-dropout enc-1st-layernorm enc-attention-qkv enc-attention-score enc-attention-softmax enc-attention-dropout enc-attention-context enc-post-attention-dropout enc-2nd-layernorm enc-MLP-GEMM-1 enc-MLP-gelu enc-MLP-GEMM-2 enc-post-MLP-dropout enc-1st-layernorm enc-attention-qkv enc-attention-score enc-attention-softmax enc-attention-dropout enc-attention-context enc-post-attention-dropout enc-2nd-layernorm enc-MLP-GEMM-1 enc-MLP-gelu enc-MLP-GEMM-2 enc-post-MLP-dropout enc-1st-layernorm enc-attention-qkv enc-attention-score enc-attention-softmax enc-attention-dropout enc-attention-context enc-post-attention-dropout enc-2nd-layernorm enc-MLP-GEMM-1 enc-MLP-gelu enc-MLP-GEMM-2 enc-post-MLP-dropout enc-1st-layernorm enc-attention-qkv enc-attention-score enc-attention-softmax enc-attention-dropout enc-attention-context enc-post-attention-dropout enc-2nd-layernorm enc-MLP-GEMM-1 enc-MLP-gelu enc-MLP-GEMM-2 enc-post-MLP-dropout enc-1st-layernorm enc-attention-qkv enc-attention-score enc-attention-softmax enc-attention-dropout enc-attention-context enc-post-attention-dropout enc-2nd-layernorm enc-MLP-GEMM-1 enc-MLP-gelu enc-MLP-GEMM-2 enc-post-MLP-dropout enc-1st-layernorm enc-attention-qkv enc-attention-score enc-attention-softmax enc-attention-dropout enc-attention-context enc-post-attention-dropout enc-2nd-layernorm enc-MLP-GEMM-1 enc-MLP-gelu enc-MLP-GEMM-2 enc-post-MLP-dropout enc-1st-layernorm enc-attention-qkv enc-attention-score enc-attention-softmax enc-attention-dropout enc-attention-context enc-post-attention-dropout enc-2nd-layernorm enc-MLP-GEMM-1 enc-MLP-gelu enc-MLP-GEMM-2 enc-post-MLP-dropout enc-1st-layernorm enc-attention-qkv enc-attention-score enc-attention-softmax enc-attention-dropout enc-attention-context enc-post-attention-dropout enc-2nd-layernorm enc-MLP-GEMM-1 enc-MLP-gelu enc-MLP-GEMM-2 enc-post-MLP-dropout enc-1st-layernorm enc-attention-qkv enc-attention-score enc-attention-softmax enc-attention-dropout enc-attention-context enc-post-attention-dropout enc-2nd-layernorm enc-MLP-GEMM-1 enc-MLP-gelu enc-MLP-GEMM-2 enc-post-MLP-dropout enc-1st-layernorm enc-attention-qkv enc-attention-score enc-attention-softmax enc-attention-dropout enc-attention-context enc-post-attention-dropout enc-2nd-layernorm enc-MLP-GEMM-1 enc-MLP-gelu enc-MLP-GEMM-2 enc-post-MLP-dropout enc-1st-layernorm enc-attention-qkv enc-attention-score enc-attention-softmax enc-attention-dropout enc-attention-context enc-post-attention-dropout enc-2nd-layernorm enc-MLP-GEMM-1 enc-MLP-gelu enc-MLP-GEMM-2 enc-post-MLP-dropout enc-1st-layernorm enc-attention-qkv enc-attention-score enc-attention-softmax enc-attention-dropout enc-attention-context enc-post-attention-dropout enc-2nd-layernorm enc-MLP-GEMM-1 enc-MLP-gelu enc-MLP-GEMM-2 enc-post-MLP-dropout enc-1st-layernorm enc-attention-qkv enc-attention-score enc-attention-softmax enc-attention-dropout enc-attention-context enc-post-attention-dropout enc-2nd-layernorm enc-MLP-GEMM-1 enc-MLP-gelu enc-MLP-GEMM-2 enc-post-MLP-dropout enc-1st-layernorm enc-attention-qkv enc-attention-score enc-attention-softmax enc-attention-dropout enc-attention-context enc-post-attention-dropout enc-2nd-layernorm enc-MLP-GEMM-1 enc-MLP-gelu enc-MLP-GEMM-2 enc-post-MLP-dropout enc-1st-layernorm enc-attention-qkv enc-attention-score enc-attention-softmax enc-attention-dropout enc-attention-context enc-post-attention-dropout enc-2nd-layernorm enc-MLP-GEMM-1 enc-MLP-gelu enc-MLP-GEMM-2 enc-post-MLP-dropout enc-1st-layernorm enc-attention-qkv enc-attention-score enc-attention-softmax enc-attention-dropout enc-attention-context enc-post-attention-dropout enc-2nd-layernorm enc-MLP-GEMM-1 enc-MLP-gelu enc-MLP-GEMM-2 enc-post-MLP-dropout enc-1st-layernorm enc-attention-qkv enc-attention-score enc-attention-softmax enc-attention-dropout enc-attention-context enc-post-attention-dropout enc-2nd-layernorm enc-MLP-GEMM-1 enc-MLP-gelu enc-MLP-GEMM-2 enc-post-MLP-dropout enc-1st-layernorm enc-attention-qkv enc-attention-score enc-attention-softmax enc-attention-dropout enc-attention-context enc-post-attention-dropout enc-2nd-layernorm enc-MLP-GEMM-1 enc-MLP-gelu enc-MLP-GEMM-2 enc-post-MLP-dropout enc-1st-layernorm enc-attention-qkv enc-attention-score enc-attention-softmax enc-attention-dropout enc-attention-context enc-post-attention-dropout enc-2nd-layernorm enc-MLP-GEMM-1 enc-MLP-gelu enc-MLP-GEMM-2 enc-post-MLP-dropout enc-1st-layernorm enc-attention-qkv enc-attention-score enc-attention-softmax enc-attention-dropout enc-attention-context enc-post-attention-dropout enc-2nd-layernorm enc-MLP-GEMM-1 enc-MLP-gelu enc-MLP-GEMM-2 enc-post-MLP-dropout enc-1st-layernorm enc-attention-qkv enc-attention-score enc-attention-softmax enc-attention-dropout enc-attention-context enc-post-attention-dropout enc-2nd-layernorm enc-MLP-GEMM-1 enc-MLP-gelu enc-MLP-GEMM-2 enc-post-MLP-dropout enc-1st-layernorm enc-attention-qkv enc-attention-score enc-attention-softmax enc-attention-dropout enc-attention-context enc-post-attention-dropout enc-2nd-layernorm enc-MLP-GEMM-1 enc-MLP-gelu enc-MLP-GEMM-2 enc-post-MLP-dropout enc-1st-layernorm enc-attention-qkv enc-attention-score enc-attention-softmax enc-attention-dropout enc-attention-context enc-post-attention-dropout enc-2nd-layernorm enc-MLP-GEMM-1 enc-MLP-gelu enc-MLP-GEMM-2 enc-post-MLP-dropout enc-1st-layernorm enc-attention-qkv enc-attention-score enc-attention-softmax enc-attention-dropout enc-attention-context enc-post-attention-dropout enc-2nd-layernorm enc-MLP-GEMM-1 enc-MLP-gelu enc-MLP-GEMM-2 enc-post-MLP-dropout enc-1st-layernorm enc-attention-qkv enc-attention-score enc-attention-softmax enc-attention-dropout enc-attention-context enc-post-attention-dropout enc-2nd-layernorm enc-MLP-GEMM-1 enc-MLP-gelu enc-MLP-GEMM-2 enc-post-MLP-dropout enc-1st-layernorm enc-attention-qkv enc-attention-score enc-attention-softmax enc-attention-dropout enc-attention-context enc-post-attention-dropout enc-2nd-layernorm enc-MLP-GEMM-1 enc-MLP-gelu enc-MLP-GEMM-2 enc-post-MLP-dropout enc-1st-layernorm enc-attention-qkv enc-attention-score enc-attention-softmax enc-attention-dropout enc-attention-context enc-post-attention-dropout enc-2nd-layernorm enc-MLP-GEMM-1 enc-MLP-gelu enc-MLP-GEMM-2 enc-post-MLP-dropout enc-1st-layernorm enc-attention-qkv enc-attention-score enc-attention-softmax enc-attention-dropout enc-attention-context enc-post-attention-dropout enc-2nd-layernorm enc-MLP-GEMM-1 enc-MLP-gelu enc-MLP-GEMM-2 enc-post-MLP-dropout enc-1st-layernorm enc-attention-qkv enc-attention-score enc-attention-softmax enc-attention-dropout enc-attention-context enc-post-attention-dropout enc-2nd-layernorm enc-MLP-GEMM-1 enc-MLP-gelu enc-MLP-GEMM-2 enc-post-MLP-dropout enc-1st-layernorm enc-attention-qkv enc-attention-score enc-attention-softmax enc-attention-dropout enc-attention-context enc-post-attention-dropout enc-2nd-layernorm enc-MLP-GEMM-1 enc-MLP-gelu enc-MLP-GEMM-2 enc-post-MLP-dropout enc-1st-layernorm enc-attention-qkv enc-attention-score enc-attention-softmax enc-attention-dropout enc-attention-context enc-post-attention-dropout enc-2nd-layernorm enc-MLP-GEMM-1 enc-MLP-gelu enc-MLP-GEMM-2 enc-post-MLP-dropout enc-1st-layernorm enc-attention-qkv enc-attention-score enc-attention-softmax enc-attention-dropout enc-attention-context enc-post-attention-dropout enc-2nd-layernorm enc-MLP-GEMM-1 enc-MLP-gelu enc-MLP-GEMM-2 enc-post-MLP-dropout enc-1st-layernorm enc-attention-qkv enc-attention-score enc-attention-softmax enc-attention-dropout enc-attention-context enc-post-attention-dropout enc-2nd-layernorm enc-MLP-GEMM-1 enc-MLP-gelu enc-MLP-GEMM-2 enc-post-MLP-dropout enc-1st-layernorm enc-attention-qkv enc-attention-score enc-attention-softmax enc-attention-dropout enc-attention-context enc-post-attention-dropout enc-2nd-layernorm enc-MLP-GEMM-1 enc-MLP-gelu enc-MLP-GEMM-2 enc-post-MLP-dropout enc-1st-layernorm enc-attention-qkv enc-attention-score enc-attention-softmax enc-attention-dropout enc-attention-context enc-post-attention-dropout enc-2nd-layernorm enc-MLP-GEMM-1 enc-MLP-gelu enc-MLP-GEMM-2 enc-post-MLP-dropout enc-1st-layernorm enc-attention-qkv enc-attention-score enc-attention-softmax enc-attention-dropout enc-attention-context enc-post-attention-dropout enc-2nd-layernorm enc-MLP-GEMM-1 enc-MLP-gelu enc-MLP-GEMM-2 enc-post-MLP-dropout enc-1st-layernorm enc-attention-qkv enc-attention-score enc-attention-softmax enc-attention-dropout enc-attention-context enc-post-attention-dropout enc-2nd-layernorm enc-MLP-GEMM-1 enc-MLP-gelu enc-MLP-GEMM-2 enc-post-MLP-dropout enc-1st-layernorm enc-attention-qkv enc-attention-score enc-attention-softmax enc-attention-dropout enc-attention-context enc-post-attention-dropout enc-2nd-layernorm enc-MLP-GEMM-1 enc-MLP-gelu enc-MLP-GEMM-2 enc-post-MLP-dropout enc-1st-layernorm enc-attention-qkv enc-attention-score enc-attention-softmax enc-attention-dropout enc-attention-context enc-post-attention-dropout enc-2nd-layernorm enc-MLP-GEMM-1 enc-MLP-gelu enc-MLP-GEMM-2 enc-post-MLP-dropout enc-1st-layernorm enc-attention-qkv enc-attention-score enc-attention-softmax enc-attention-dropout enc-attention-context enc-post-attention-dropout enc-2nd-layernorm enc-MLP-GEMM-1 enc-MLP-gelu enc-MLP-GEMM-2 enc-post-MLP-dropout enc-1st-layernorm enc-attention-qkv enc-attention-score enc-attention-softmax enc-attention-dropout enc-attention-context enc-post-attention-dropout enc-2nd-layernorm enc-MLP-GEMM-1 enc-MLP-gelu enc-MLP-GEMM-2 enc-post-MLP-dropout enc-1st-layernorm enc-attention-qkv enc-attention-score enc-attention-softmax enc-attention-dropout enc-attention-context enc-post-attention-dropout enc-2nd-layernorm enc-MLP-GEMM-1 enc-MLP-gelu enc-MLP-GEMM-2 enc-post-MLP-dropout enc-1st-layernorm enc-attention-qkv enc-attention-score enc-attention-softmax enc-attention-dropout enc-attention-context enc-post-attention-dropout enc-2nd-layernorm enc-MLP-GEMM-1 enc-MLP-gelu enc-MLP-GEMM-2 enc-post-MLP-dropout enc-1st-layernorm enc-attention-qkv enc-attention-score enc-attention-softmax enc-attention-dropout enc-attention-context enc-post-attention-dropout enc-2nd-layernorm enc-MLP-GEMM-1 enc-MLP-gelu enc-MLP-GEMM-2 enc-post-MLP-dropout enc-1st-layernorm enc-attention-qkv enc-attention-score enc-attention-softmax enc-attention-dropout enc-attention-context enc-post-attention-dropout enc-2nd-layernorm enc-MLP-GEMM-1 enc-MLP-gelu enc-MLP-GEMM-2 enc-post-MLP-dropout enc-1st-layernorm enc-attention-qkv enc-attention-score enc-attention-softmax enc-attention-dropout enc-attention-context enc-post-attention-dropout enc-2nd-layernorm enc-MLP-GEMM-1 enc-MLP-gelu enc-MLP-GEMM-2 enc-post-MLP-dropout enc-1st-layernorm enc-attention-qkv enc-attention-score enc-attention-softmax enc-attention-dropout enc-attention-context enc-post-attention-dropout enc-2nd-layernorm enc-MLP-GEMM-1 enc-MLP-gelu enc-MLP-GEMM-2 enc-post-MLP-dropout enc-1st-layernorm enc-attention-qkv enc-attention-score enc-attention-softmax enc-attention-dropout enc-attention-context enc-post-attention-dropout enc-2nd-layernorm enc-MLP-GEMM-1 enc-MLP-gelu enc-MLP-GEMM-2 enc-post-MLP-dropout enc-1st-layernorm enc-attention-qkv enc-attention-score enc-attention-softmax enc-attention-dropout enc-attention-context enc-post-attention-dropout enc-2nd-layernorm enc-MLP-GEMM-1 enc-MLP-gelu enc-MLP-GEMM-2 enc-post-MLP-dropout enc-1st-layernorm enc-attention-qkv enc-attention-score enc-attention-softmax enc-attention-dropout enc-attention-context enc-post-attention-dropout enc-2nd-layernorm enc-MLP-GEMM-1 enc-MLP-gelu enc-MLP-GEMM-2 enc-post-MLP-dropout enc-1st-layernorm enc-attention-qkv enc-attention-score enc-attention-softmax enc-attention-dropout enc-attention-context enc-post-attention-dropout enc-2nd-layernorm enc-MLP-GEMM-1 enc-MLP-gelu enc-MLP-GEMM-2 enc-post-MLP-dropout enc-1st-layernorm enc-attention-qkv enc-attention-score enc-attention-softmax enc-attention-dropout enc-attention-context enc-post-attention-dropout enc-2nd-layernorm enc-MLP-GEMM-1 enc-MLP-gelu enc-MLP-GEMM-2 enc-post-MLP-dropout enc-1st-layernorm enc-attention-qkv enc-attention-score enc-attention-softmax enc-attention-dropout enc-attention-context enc-post-attention-dropout enc-2nd-layernorm enc-MLP-GEMM-1 enc-MLP-gelu enc-MLP-GEMM-2 enc-post-MLP-dropout enc-1st-layernorm enc-attention-qkv enc-attention-score enc-attention-softmax enc-attention-dropout enc-attention-context enc-post-attention-dropout enc-2nd-layernorm enc-MLP-GEMM-1 enc-MLP-gelu enc-MLP-GEMM-2 enc-post-MLP-dropout enc-1st-layernorm enc-attention-qkv enc-attention-score enc-attention-softmax enc-attention-dropout enc-attention-context enc-post-attention-dropout enc-2nd-layernorm enc-MLP-GEMM-1 enc-MLP-gelu enc-MLP-GEMM-2 enc-post-MLP-dropout enc-1st-layernorm enc-attention-qkv enc-attention-score enc-attention-softmax enc-attention-dropout enc-attention-context enc-post-attention-dropout enc-2nd-layernorm enc-MLP-GEMM-1 enc-MLP-gelu enc-MLP-GEMM-2 enc-post-MLP-dropout enc-1st-layernorm enc-attention-qkv enc-attention-score enc-attention-softmax enc-attention-dropout enc-attention-context enc-post-attention-dropout enc-2nd-layernorm enc-MLP-GEMM-1 enc-MLP-gelu enc-MLP-GEMM-2 enc-post-MLP-dropout enc-1st-layernorm enc-attention-qkv enc-attention-score enc-attention-softmax enc-attention-dropout enc-attention-context enc-post-attention-dropout enc-2nd-layernorm enc-MLP-GEMM-1 enc-MLP-gelu enc-MLP-GEMM-2 enc-post-MLP-dropout enc-1st-layernorm enc-attention-qkv enc-attention-score enc-attention-softmax enc-attention-dropout enc-attention-context enc-post-attention-dropout enc-2nd-layernorm enc-MLP-GEMM-1 enc-MLP-gelu enc-MLP-GEMM-2 enc-post-MLP-dropout enc-1st-layernorm enc-attention-qkv enc-attention-score enc-attention-softmax enc-attention-dropout enc-attention-context enc-post-attention-dropout enc-2nd-layernorm enc-MLP-GEMM-1 enc-MLP-gelu enc-MLP-GEMM-2 enc-post-MLP-dropout enc-1st-layernorm enc-attention-qkv enc-attention-score enc-attention-softmax enc-attention-dropout enc-attention-context enc-post-attention-dropout enc-2nd-layernorm enc-MLP-GEMM-1 enc-MLP-gelu enc-MLP-GEMM-2 enc-post-MLP-dropout enc-1st-layernorm enc-attention-qkv enc-attention-score enc-attention-softmax enc-attention-dropout enc-attention-context enc-post-attention-dropout enc-2nd-layernorm enc-MLP-GEMM-1 enc-MLP-gelu enc-MLP-GEMM-2 enc-post-MLP-dropout enc-1st-layernorm enc-attention-qkv enc-attention-score enc-attention-softmax enc-attention-dropout enc-attention-context enc-post-attention-dropout enc-2nd-layernorm enc-MLP-GEMM-1 enc-MLP-gelu enc-MLP-GEMM-2 enc-post-MLP-dropout enc-1st-layernorm enc-attention-qkv enc-attention-score enc-attention-softmax enc-attention-dropout enc-attention-context enc-post-attention-dropout enc-2nd-layernorm enc-MLP-GEMM-1 enc-MLP-gelu enc-MLP-GEMM-2 enc-post-MLP-dropout enc-1st-layernorm enc-attention-qkv enc-attention-score enc-attention-softmax enc-attention-dropout enc-attention-context enc-post-attention-dropout enc-2nd-layernorm enc-MLP-GEMM-1 enc-MLP-gelu enc-MLP-GEMM-2 enc-post-MLP-dropout enc-1st-layernorm enc-attention-qkv enc-attention-score enc-attention-softmax enc-attention-dropout enc-attention-context enc-post-attention-dropout enc-2nd-layernorm enc-MLP-GEMM-1 enc-MLP-gelu enc-MLP-GEMM-2 enc-post-MLP-dropout enc-1st-layernorm enc-attention-qkv enc-attention-score enc-attention-softmax enc-attention-dropout enc-attention-context enc-post-attention-dropout enc-2nd-layernorm enc-MLP-GEMM-1 enc-MLP-gelu enc-MLP-GEMM-2 enc-post-MLP-dropout enc-1st-layernorm enc-attention-qkv enc-attention-score enc-attention-softmax enc-attention-dropout enc-attention-context enc-post-attention-dropout enc-2nd-layernorm enc-MLP-GEMM-1 enc-MLP-gelu enc-MLP-GEMM-2 enc-post-MLP-dropout enc-1st-layernorm enc-attention-qkv enc-attention-score enc-attention-softmax enc-attention-dropout enc-attention-context enc-post-attention-dropout enc-2nd-layernorm enc-MLP-GEMM-1 enc-MLP-gelu enc-MLP-GEMM-2 enc-post-MLP-dropout enc-1st-layernorm enc-attention-qkv enc-attention-score enc-attention-softmax enc-attention-dropout enc-attention-context enc-post-attention-dropout enc-2nd-layernorm enc-MLP-GEMM-1 enc-MLP-gelu enc-MLP-GEMM-2 enc-post-MLP-dropout enc-1st-layernorm enc-attention-qkv enc-attention-score enc-attention-softmax enc-attention-dropout enc-attention-context enc-post-attention-dropout enc-2nd-layernorm enc-MLP-GEMM-1 enc-MLP-gelu enc-MLP-GEMM-2 enc-post-MLP-dropout enc-1st-layernorm enc-attention-qkv enc-attention-score enc-attention-softmax enc-attention-dropout enc-attention-context enc-post-attention-dropout enc-2nd-layernorm enc-MLP-GEMM-1 enc-MLP-gelu enc-MLP-GEMM-2 enc-post-MLP-dropout enc-1st-layernorm enc-attention-qkv enc-attention-score enc-attention-softmax enc-attention-dropout enc-attention-context enc-post-attention-dropout enc-2nd-layernorm enc-MLP-GEMM-1 enc-MLP-gelu enc-MLP-GEMM-2 enc-post-MLP-dropout enc-1st-layernorm enc-attention-qkv enc-attention-score enc-attention-softmax enc-attention-dropout enc-attention-context enc-post-attention-dropout enc-2nd-layernorm enc-MLP-GEMM-1 enc-MLP-gelu enc-MLP-GEMM-2 enc-post-MLP-dropout enc-1st-layernorm enc-attention-qkv enc-attention-score enc-attention-softmax enc-attention-dropout enc-attention-context enc-post-attention-dropout enc-2nd-layernorm enc-MLP-GEMM-1 enc-MLP-gelu enc-MLP-GEMM-2 enc-post-MLP-dropout enc-1st-layernorm enc-attention-qkv enc-attention-score enc-attention-softmax enc-attention-dropout enc-attention-context enc-post-attention-dropout enc-2nd-layernorm enc-MLP-GEMM-1 enc-MLP-gelu enc-MLP-GEMM-2 enc-post-MLP-dropout enc-1st-layernorm enc-attention-qkv enc-attention-score enc-attention-softmax enc-attention-dropout enc-attention-context enc-post-attention-dropout enc-2nd-layernorm enc-MLP-GEMM-1 enc-MLP-gelu enc-MLP-GEMM-2 enc-post-MLP-dropout enc-1st-layernorm enc-attention-qkv enc-attention-score enc-attention-softmax enc-attention-dropout enc-attention-context enc-post-attention-dropout enc-2nd-layernorm enc-MLP-GEMM-1 enc-MLP-gelu enc-MLP-GEMM-2 enc-post-MLP-dropout enc-1st-layernorm enc-attention-qkv enc-attention-score enc-attention-softmax enc-attention-dropout enc-attention-context enc-post-attention-dropout enc-2nd-layernorm 
[rank 2 all ops] "enc-MLP-GEMM-1","enc-MLP-gelu","enc-MLP-GEMM-2","enc-post-MLP-dropout","enc-1st-layernorm","enc-attention-qkv","enc-attention-score","enc-attention-softmax","enc-attention-dropout","enc-attention-context","enc-attention-dense","enc-post-attention-dropout","enc-2nd-layernorm","enc-MLP-GEMM-1","enc-MLP-gelu","enc-MLP-GEMM-2","enc-post-MLP-dropout","enc-1st-layernorm","enc-attention-qkv","enc-attention-score","enc-attention-softmax","enc-attention-dropout","enc-attention-context","enc-attention-dense","enc-post-attention-dropout","enc-2nd-layernorm","enc-MLP-GEMM-1","enc-MLP-gelu","enc-MLP-GEMM-2","enc-post-MLP-dropout","enc-1st-layernorm","enc-attention-qkv","enc-attention-score","enc-attention-softmax","enc-attention-dropout","enc-attention-context","enc-attention-dense","enc-post-attention-dropout","enc-2nd-layernorm","enc-MLP-GEMM-1","enc-MLP-gelu","enc-MLP-GEMM-2","enc-post-MLP-dropout","enc-1st-layernorm","enc-attention-qkv","enc-attention-score","enc-attention-softmax","enc-attention-dropout","enc-attention-context","enc-attention-dense","enc-post-attention-dropout","enc-2nd-layernorm","enc-MLP-GEMM-1","enc-MLP-gelu","enc-MLP-GEMM-2","enc-post-MLP-dropout","enc-1st-layernorm","enc-attention-qkv","enc-attention-score","enc-attention-softmax","enc-attention-dropout","enc-attention-context","enc-attention-dense","enc-post-attention-dropout","enc-2nd-layernorm","enc-MLP-GEMM-1","enc-MLP-gelu","enc-MLP-GEMM-2","enc-post-MLP-dropout","enc-1st-layernorm","enc-attention-qkv","enc-attention-score","enc-attention-softmax","enc-attention-dropout","enc-attention-context","enc-attention-dense","enc-post-attention-dropout","enc-2nd-layernorm","enc-MLP-GEMM-1","enc-MLP-gelu","enc-MLP-GEMM-2","enc-post-MLP-dropout","enc-1st-layernorm","enc-attention-qkv","enc-attention-score","enc-attention-softmax","enc-attention-dropout","enc-attention-context","enc-attention-dense","enc-post-attention-dropout","enc-2nd-layernorm","enc-MLP-GEMM-1","enc-MLP-gelu","enc-MLP-GEMM-2","enc-post-MLP-dropout","enc-1st-layernorm","enc-attention-qkv","enc-attention-score","enc-attention-softmax","enc-attention-dropout","enc-attention-context","enc-attention-dense","enc-post-attention-dropout","enc-2nd-layernorm","enc-MLP-GEMM-1","enc-MLP-gelu","enc-MLP-GEMM-2","enc-post-MLP-dropout","enc-1st-layernorm","enc-attention-qkv","enc-attention-score","enc-attention-softmax","enc-attention-dropout","enc-attention-context","enc-attention-dense","enc-post-attention-dropout","enc-2nd-layernorm","enc-MLP-GEMM-1","enc-MLP-gelu","enc-MLP-GEMM-2","enc-post-MLP-dropout","enc-1st-layernorm","enc-attention-qkv","enc-attention-score","enc-attention-softmax","enc-attention-dropout","enc-attention-context","enc-attention-dense","enc-post-attention-dropout","enc-2nd-layernorm","enc-MLP-GEMM-1","enc-MLP-gelu","enc-MLP-GEMM-2","enc-post-MLP-dropout","enc-1st-layernorm","enc-attention-qkv","enc-attention-score","enc-attention-softmax","enc-attention-dropout","enc-attention-context","enc-attention-dense","enc-post-attention-dropout","enc-2nd-layernorm","enc-MLP-GEMM-1","enc-MLP-gelu","enc-MLP-GEMM-2","enc-post-MLP-dropout","enc-1st-layernorm","enc-attention-qkv","enc-attention-score","enc-attention-softmax","enc-attention-dropout","enc-attention-context","enc-attention-dense","enc-post-attention-dropout","enc-2nd-layernorm","enc-MLP-GEMM-1","enc-MLP-gelu","enc-MLP-GEMM-2","enc-post-MLP-dropout","enc-1st-layernorm","enc-attention-qkv","enc-attention-score","enc-attention-softmax","enc-attention-dropout","enc-attention-context","enc-attention-dense","enc-post-attention-dropout","enc-2nd-layernorm","enc-MLP-GEMM-1","enc-MLP-gelu","enc-MLP-GEMM-2","enc-post-MLP-dropout","enc-1st-layernorm","enc-attention-qkv","enc-attention-score","enc-attention-softmax","enc-attention-dropout","enc-attention-context","enc-attention-dense","enc-post-attention-dropout","enc-2nd-layernorm","enc-MLP-GEMM-1","enc-MLP-gelu","enc-MLP-GEMM-2","enc-post-MLP-dropout","enc-1st-layernorm","enc-attention-qkv","enc-attention-score","enc-attention-softmax","enc-attention-dropout","enc-attention-context","enc-attention-dense","enc-post-attention-dropout","enc-2nd-layernorm","enc-MLP-GEMM-1","enc-MLP-gelu","enc-MLP-GEMM-2","enc-post-MLP-dropout","enc-1st-layernorm","enc-attention-qkv","enc-attention-score","enc-attention-softmax","enc-attention-dropout","enc-attention-context","enc-attention-dense","enc-post-attention-dropout","enc-2nd-layernorm","enc-MLP-GEMM-1","enc-MLP-gelu","enc-MLP-GEMM-2","enc-post-MLP-dropout","enc-1st-layernorm","enc-attention-qkv","enc-attention-score","enc-attention-softmax","enc-attention-dropout","enc-attention-context","enc-attention-dense","enc-post-attention-dropout","enc-2nd-layernorm","enc-MLP-GEMM-1","enc-MLP-gelu","enc-MLP-GEMM-2","enc-post-MLP-dropout","enc-1st-layernorm","enc-attention-qkv","enc-attention-score","enc-attention-softmax","enc-attention-dropout","enc-attention-context","enc-attention-dense","enc-post-attention-dropout","enc-2nd-layernorm","enc-MLP-GEMM-1","enc-MLP-gelu","enc-MLP-GEMM-2","enc-post-MLP-dropout","enc-1st-layernorm","enc-attention-qkv","enc-attention-score","enc-attention-softmax","enc-attention-dropout","enc-attention-context","enc-attention-dense","enc-post-attention-dropout","enc-2nd-layernorm","enc-MLP-GEMM-1","enc-MLP-gelu","enc-MLP-GEMM-2","enc-post-MLP-dropout","enc-1st-layernorm","enc-attention-qkv","enc-attention-score","enc-attention-softmax","enc-attention-dropout","enc-attention-context","enc-attention-dense","enc-post-attention-dropout","enc-2nd-layernorm","enc-MLP-GEMM-1","enc-MLP-gelu","enc-MLP-GEMM-2","enc-post-MLP-dropout","enc-1st-layernorm","enc-attention-qkv","enc-attention-score","enc-attention-softmax","enc-attention-dropout","enc-attention-context","enc-attention-dense","enc-post-attention-dropout","enc-2nd-layernorm","enc-MLP-GEMM-1","enc-MLP-gelu","enc-MLP-GEMM-2","enc-post-MLP-dropout","enc-1st-layernorm","enc-attention-qkv","enc-attention-score","enc-attention-softmax","enc-attention-dropout","enc-attention-context","enc-attention-dense","enc-post-attention-dropout","enc-2nd-layernorm","enc-MLP-GEMM-1","enc-MLP-gelu","enc-MLP-GEMM-2","enc-post-MLP-dropout","enc-1st-layernorm","enc-attention-qkv","enc-attention-score","enc-attention-softmax","enc-attention-dropout","enc-attention-context","enc-attention-dense","enc-post-attention-dropout","enc-2nd-layernorm","enc-MLP-GEMM-1","enc-MLP-gelu","enc-MLP-GEMM-2","enc-post-MLP-dropout","enc-1st-layernorm","enc-attention-qkv","enc-attention-score","enc-attention-softmax","enc-attention-dropout","enc-attention-context","enc-attention-dense","enc-post-attention-dropout","enc-2nd-layernorm","enc-MLP-GEMM-1","enc-MLP-gelu","enc-MLP-GEMM-2","enc-post-MLP-dropout","enc-1st-layernorm","enc-attention-qkv","enc-attention-score","enc-attention-softmax","enc-attention-dropout","enc-attention-context","enc-attention-dense","enc-post-attention-dropout","enc-2nd-layernorm","enc-MLP-GEMM-1","enc-MLP-gelu","enc-MLP-GEMM-2","enc-post-MLP-dropout","enc-1st-layernorm","enc-attention-qkv","enc-attention-score","enc-attention-softmax","enc-attention-dropout","enc-attention-context","enc-attention-dense","enc-post-attention-dropout","enc-2nd-layernorm","enc-MLP-GEMM-1","enc-MLP-gelu","enc-MLP-GEMM-2","enc-post-MLP-dropout","enc-1st-layernorm","enc-attention-qkv","enc-attention-score","enc-attention-softmax","enc-attention-dropout","enc-attention-context","enc-attention-dense","enc-post-attention-dropout","enc-2nd-layernorm","enc-MLP-GEMM-1","enc-MLP-gelu","enc-MLP-GEMM-2","enc-post-MLP-dropout","enc-1st-layernorm","enc-attention-qkv","enc-attention-score","enc-attention-softmax","enc-attention-dropout","enc-attention-context","enc-attention-dense","enc-post-attention-dropout","enc-2nd-layernorm","enc-MLP-GEMM-1","enc-MLP-gelu","enc-MLP-GEMM-2","enc-post-MLP-dropout","enc-1st-layernorm","enc-attention-qkv","enc-attention-score","enc-attention-softmax","enc-attention-dropout","enc-attention-context","enc-attention-dense","enc-post-attention-dropout","enc-2nd-layernorm","enc-MLP-GEMM-1","enc-MLP-gelu","enc-MLP-GEMM-2","enc-post-MLP-dropout","enc-1st-layernorm","enc-attention-qkv","enc-attention-score","enc-attention-softmax","enc-attention-dropout","enc-attention-context","enc-attention-dense","enc-post-attention-dropout","enc-2nd-layernorm","enc-MLP-GEMM-1","enc-MLP-gelu","enc-MLP-GEMM-2","enc-post-MLP-dropout","enc-1st-layernorm","enc-attention-qkv","enc-attention-score","enc-attention-softmax","enc-attention-dropout","enc-attention-context","enc-attention-dense","enc-post-attention-dropout","enc-2nd-layernorm","enc-MLP-GEMM-1","enc-MLP-gelu","enc-MLP-GEMM-2","enc-post-MLP-dropout","enc-1st-layernorm","enc-attention-qkv","enc-attention-score","enc-attention-softmax","enc-attention-dropout","enc-attention-context","enc-attention-dense","enc-post-attention-dropout","enc-2nd-layernorm","enc-MLP-GEMM-1","enc-MLP-gelu","enc-MLP-GEMM-2","enc-post-MLP-dropout","enc-1st-layernorm","enc-attention-qkv","enc-attention-score","enc-attention-softmax","enc-attention-dropout","enc-attention-context","enc-attention-dense","enc-post-attention-dropout","enc-2nd-layernorm","enc-MLP-GEMM-1","enc-MLP-gelu","enc-MLP-GEMM-2","enc-post-MLP-dropout","enc-1st-layernorm","enc-attention-qkv","enc-attention-score","enc-attention-softmax","enc-attention-dropout","enc-attention-context","enc-attention-dense","enc-post-attention-dropout","enc-2nd-layernorm","enc-MLP-GEMM-1","enc-MLP-gelu","enc-MLP-GEMM-2","enc-post-MLP-dropout","enc-1st-layernorm","enc-attention-qkv","enc-attention-score","enc-attention-softmax","enc-attention-dropout","enc-attention-context","enc-attention-dense","enc-post-attention-dropout","enc-2nd-layernorm","enc-MLP-GEMM-1","enc-MLP-gelu","enc-MLP-GEMM-2","enc-post-MLP-dropout","enc-1st-layernorm","enc-attention-qkv","enc-attention-score","enc-attention-softmax","enc-attention-dropout","enc-attention-context","enc-attention-dense","enc-post-attention-dropout","enc-2nd-layernorm","enc-MLP-GEMM-1","enc-MLP-gelu","enc-MLP-GEMM-2","enc-post-MLP-dropout","enc-1st-layernorm","enc-attention-qkv","enc-attention-score","enc-attention-softmax","enc-attention-dropout","enc-attention-context","enc-attention-dense","enc-post-attention-dropout","enc-2nd-layernorm","enc-MLP-GEMM-1","enc-MLP-gelu","enc-MLP-GEMM-2","enc-post-MLP-dropout","enc-1st-layernorm","enc-attention-qkv","enc-attention-score","enc-attention-softmax","enc-attention-dropout","enc-attention-context","enc-attention-dense","enc-post-attention-dropout","enc-2nd-layernorm","enc-MLP-GEMM-1","enc-MLP-gelu","enc-MLP-GEMM-2","enc-post-MLP-dropout","enc-1st-layernorm","enc-attention-qkv","enc-attention-score","enc-attention-softmax","enc-attention-dropout","enc-attention-context","enc-attention-dense","enc-post-attention-dropout","enc-2nd-layernorm","enc-MLP-GEMM-1","enc-MLP-gelu","enc-MLP-GEMM-2","enc-post-MLP-dropout","enc-1st-layernorm","enc-attention-qkv","enc-attention-score","enc-attention-softmax","enc-attention-dropout","enc-attention-context","enc-attention-dense","enc-post-attention-dropout","enc-2nd-layernorm","enc-MLP-GEMM-1","enc-MLP-gelu","enc-MLP-GEMM-2","enc-post-MLP-dropout","enc-1st-layernorm","enc-attention-qkv","enc-attention-score","enc-attention-softmax","enc-attention-dropout","enc-attention-context","enc-attention-dense","enc-post-attention-dropout","enc-2nd-layernorm","enc-MLP-GEMM-1","enc-MLP-gelu","enc-MLP-GEMM-2","enc-post-MLP-dropout","enc-1st-layernorm","enc-attention-qkv","enc-attention-score","enc-attention-softmax","enc-attention-dropout","enc-attention-context","enc-attention-dense","enc-post-attention-dropout","enc-2nd-layernorm","enc-MLP-GEMM-1","enc-MLP-gelu","enc-MLP-GEMM-2","enc-post-MLP-dropout","enc-1st-layernorm","enc-attention-qkv","enc-attention-score","enc-attention-softmax","enc-attention-dropout","enc-attention-context","enc-attention-dense","enc-post-attention-dropout","enc-2nd-layernorm","enc-MLP-GEMM-1","enc-MLP-gelu","enc-MLP-GEMM-2","enc-post-MLP-dropout","enc-1st-layernorm","enc-attention-qkv","enc-attention-score","enc-attention-softmax","enc-attention-dropout","enc-attention-context","enc-attention-dense","enc-post-attention-dropout","enc-2nd-layernorm","enc-MLP-GEMM-1","enc-MLP-gelu","enc-MLP-GEMM-2","enc-post-MLP-dropout","enc-1st-layernorm","enc-attention-qkv","enc-attention-score","enc-attention-softmax","enc-attention-dropout","enc-attention-context","enc-attention-dense","enc-post-attention-dropout","enc-2nd-layernorm","enc-MLP-GEMM-1","enc-MLP-gelu","enc-MLP-GEMM-2","enc-post-MLP-dropout","enc-1st-layernorm","enc-attention-qkv","enc-attention-score","enc-attention-softmax","enc-attention-dropout","enc-attention-context","enc-attention-dense","enc-post-attention-dropout","enc-2nd-layernorm","enc-MLP-GEMM-1","enc-MLP-gelu","enc-MLP-GEMM-2","enc-post-MLP-dropout","enc-1st-layernorm","enc-attention-qkv","enc-attention-score","enc-attention-softmax","enc-attention-dropout","enc-attention-context","enc-attention-dense","enc-post-attention-dropout","enc-2nd-layernorm","enc-MLP-GEMM-1","enc-MLP-gelu","enc-MLP-GEMM-2","enc-post-MLP-dropout","enc-1st-layernorm","enc-attention-qkv","enc-attention-score","enc-attention-softmax","enc-attention-dropout","enc-attention-context","enc-attention-dense","enc-post-attention-dropout","enc-2nd-layernorm","enc-MLP-GEMM-1","enc-MLP-gelu","enc-MLP-GEMM-2","enc-post-MLP-dropout","enc-1st-layernorm","enc-attention-qkv","enc-attention-score","enc-attention-softmax","enc-attention-dropout","enc-attention-context","enc-attention-dense","enc-post-attention-dropout","enc-2nd-layernorm","enc-MLP-GEMM-1","enc-MLP-gelu","enc-MLP-GEMM-2","enc-post-MLP-dropout","enc-1st-layernorm","enc-attention-qkv","enc-attention-score","enc-attention-softmax","enc-attention-dropout","enc-attention-context","enc-attention-dense","enc-post-attention-dropout","enc-2nd-layernorm","enc-MLP-GEMM-1","enc-MLP-gelu","enc-MLP-GEMM-2","enc-post-MLP-dropout","enc-1st-layernorm","enc-attention-qkv","enc-attention-score","enc-attention-softmax","enc-attention-dropout","enc-attention-context","enc-attention-dense","enc-post-attention-dropout","enc-2nd-layernorm","enc-MLP-GEMM-1","enc-MLP-gelu","enc-MLP-GEMM-2","enc-post-MLP-dropout","enc-1st-layernorm","enc-attention-qkv","enc-attention-score","enc-attention-softmax","enc-attention-dropout","enc-attention-context","enc-attention-dense","enc-post-attention-dropout","enc-2nd-layernorm","enc-MLP-GEMM-1","enc-MLP-gelu","enc-MLP-GEMM-2","enc-post-MLP-dropout","enc-1st-layernorm","enc-attention-qkv","enc-attention-score","enc-attention-softmax","enc-attention-dropout","enc-attention-context","enc-attention-dense","enc-post-attention-dropout","enc-2nd-layernorm","enc-MLP-GEMM-1","enc-MLP-gelu","enc-MLP-GEMM-2","enc-post-MLP-dropout","enc-1st-layernorm","enc-attention-qkv","enc-attention-score","enc-attention-softmax","enc-attention-dropout","enc-attention-context","enc-attention-dense","enc-post-attention-dropout","enc-2nd-layernorm","enc-MLP-GEMM-1","enc-MLP-gelu","enc-MLP-GEMM-2","enc-post-MLP-dropout","enc-1st-layernorm","enc-attention-qkv","enc-attention-score","enc-attention-softmax","enc-attention-dropout","enc-attention-context","enc-attention-dense","enc-post-attention-dropout","enc-2nd-layernorm","enc-MLP-GEMM-1","enc-MLP-gelu","enc-MLP-GEMM-2","enc-post-MLP-dropout","enc-1st-layernorm","enc-attention-qkv","enc-attention-score","enc-attention-softmax","enc-attention-dropout","enc-attention-context","enc-attention-dense","enc-post-attention-dropout","enc-2nd-layernorm","enc-MLP-GEMM-1","enc-MLP-gelu","enc-MLP-GEMM-2","enc-post-MLP-dropout","enc-1st-layernorm","enc-attention-qkv","enc-attention-score","enc-attention-softmax","enc-attention-dropout","enc-attention-context","enc-attention-dense","enc-post-attention-dropout","enc-2nd-layernorm","enc-MLP-GEMM-1","enc-MLP-gelu","enc-MLP-GEMM-2","enc-post-MLP-dropout","enc-1st-layernorm","enc-attention-qkv","enc-attention-score","enc-attention-softmax","enc-attention-dropout","enc-attention-context","enc-attention-dense","enc-post-attention-dropout","enc-2nd-layernorm","enc-MLP-GEMM-1","enc-MLP-gelu","enc-MLP-GEMM-2","enc-post-MLP-dropout","enc-1st-layernorm","enc-attention-qkv","enc-attention-score","enc-attention-softmax","enc-attention-dropout","enc-attention-context","enc-attention-dense","enc-post-attention-dropout","enc-2nd-layernorm","enc-MLP-GEMM-1","enc-MLP-gelu","enc-MLP-GEMM-2","enc-post-MLP-dropout","enc-1st-layernorm","enc-attention-qkv","enc-attention-score","enc-attention-softmax","enc-attention-dropout","enc-attention-context","enc-attention-dense","enc-post-attention-dropout","enc-2nd-layernorm","enc-MLP-GEMM-1","enc-MLP-gelu","enc-MLP-GEMM-2","enc-post-MLP-dropout","enc-1st-layernorm","enc-attention-qkv","enc-attention-score","enc-attention-softmax","enc-attention-dropout","enc-attention-context","enc-attention-dense","enc-post-attention-dropout","enc-2nd-layernorm","enc-MLP-GEMM-1","enc-MLP-gelu","enc-MLP-GEMM-2","enc-post-MLP-dropout","enc-1st-layernorm","enc-attention-qkv","enc-attention-score","enc-attention-softmax","enc-attention-dropout","enc-attention-context","enc-attention-dense","enc-post-attention-dropout","enc-2nd-layernorm","enc-MLP-GEMM-1","enc-MLP-gelu","enc-MLP-GEMM-2","enc-post-MLP-dropout","enc-1st-layernorm","enc-attention-qkv","enc-attention-score","enc-attention-softmax","enc-attention-dropout","enc-attention-context","enc-attention-dense","enc-post-attention-dropout","enc-2nd-layernorm","enc-MLP-GEMM-1","enc-MLP-gelu","enc-MLP-GEMM-2","enc-post-MLP-dropout","enc-1st-layernorm","enc-attention-qkv","enc-attention-score","enc-attention-softmax","enc-attention-dropout","enc-attention-context","enc-attention-dense","enc-post-attention-dropout","enc-2nd-layernorm","enc-MLP-GEMM-1","enc-MLP-gelu","enc-MLP-GEMM-2","enc-post-MLP-dropout","enc-1st-layernorm","enc-attention-qkv","enc-attention-score","enc-attention-softmax","enc-attention-dropout","enc-attention-context","enc-attention-dense","enc-post-attention-dropout","enc-2nd-layernorm","enc-MLP-GEMM-1","enc-MLP-gelu","enc-MLP-GEMM-2","enc-post-MLP-dropout","enc-1st-layernorm","enc-attention-qkv","enc-attention-score","enc-attention-softmax","enc-attention-dropout","enc-attention-context","enc-attention-dense","enc-post-attention-dropout","enc-2nd-layernorm","enc-MLP-GEMM-1","enc-MLP-gelu","enc-MLP-GEMM-2","enc-post-MLP-dropout","enc-1st-layernorm","enc-attention-qkv","enc-attention-score","enc-attention-softmax","enc-attention-dropout","enc-attention-context","enc-attention-dense","enc-post-attention-dropout","enc-2nd-layernorm","enc-MLP-GEMM-1","enc-MLP-gelu","enc-MLP-GEMM-2","enc-post-MLP-dropout","enc-1st-layernorm","enc-attention-qkv","enc-attention-score","enc-attention-softmax","enc-attention-dropout","enc-attention-context","enc-attention-dense","enc-post-attention-dropout","enc-2nd-layernorm","enc-MLP-GEMM-1","enc-MLP-gelu","enc-MLP-GEMM-2","enc-post-MLP-dropout","enc-1st-layernorm","enc-attention-qkv","enc-attention-score","enc-attention-softmax","enc-attention-dropout","enc-attention-context","enc-attention-dense","enc-post-attention-dropout","enc-2nd-layernorm","enc-MLP-GEMM-1","enc-MLP-gelu","enc-MLP-GEMM-2","enc-post-MLP-dropout","enc-1st-layernorm","enc-attention-qkv","enc-attention-score","enc-attention-softmax","enc-attention-dropout","enc-attention-context","enc-attention-dense","enc-post-attention-dropout","enc-2nd-layernorm","enc-MLP-GEMM-1","enc-MLP-gelu","enc-MLP-GEMM-2","enc-post-MLP-dropout","enc-1st-layernorm","enc-attention-qkv","enc-attention-score","enc-attention-softmax","enc-attention-dropout","enc-attention-context","enc-attention-dense","enc-post-attention-dropout","enc-2nd-layernorm","enc-MLP-GEMM-1","enc-MLP-gelu","enc-MLP-GEMM-2","enc-post-MLP-dropout","enc-1st-layernorm","enc-attention-qkv","enc-attention-score","enc-attention-softmax","enc-attention-dropout","enc-attention-context","enc-attention-dense","enc-post-attention-dropout","enc-2nd-layernorm","enc-MLP-GEMM-1","enc-MLP-gelu","enc-MLP-GEMM-2","enc-post-MLP-dropout","enc-1st-layernorm","enc-attention-qkv","enc-attention-score","enc-attention-softmax","enc-attention-dropout","enc-attention-context","enc-attention-dense","enc-post-attention-dropout","enc-2nd-layernorm","enc-MLP-GEMM-1","enc-MLP-gelu","enc-MLP-GEMM-2","enc-post-MLP-dropout","enc-1st-layernorm","enc-attention-qkv","enc-attention-score","enc-attention-softmax","enc-attention-dropout","enc-attention-context","enc-attention-dense","enc-post-attention-dropout","enc-2nd-layernorm","enc-MLP-GEMM-1","enc-MLP-gelu","enc-MLP-GEMM-2","enc-post-MLP-dropout","enc-1st-layernorm","enc-attention-qkv","enc-attention-score","enc-attention-softmax","enc-attention-dropout","enc-attention-context","enc-attention-dense","enc-post-attention-dropout","enc-2nd-layernorm","enc-MLP-GEMM-1","enc-MLP-gelu","enc-MLP-GEMM-2","enc-post-MLP-dropout","enc-1st-layernorm","enc-attention-qkv","enc-attention-score","enc-attention-softmax","enc-attention-dropout","enc-attention-context","enc-attention-dense","enc-post-attention-dropout","enc-2nd-layernorm","enc-MLP-GEMM-1","enc-MLP-gelu","enc-MLP-GEMM-2","enc-post-MLP-dropout","enc-1st-layernorm","enc-attention-qkv","enc-attention-score","enc-attention-softmax","enc-attention-dropout","enc-attention-context","enc-attention-dense","enc-post-attention-dropout","enc-2nd-layernorm","enc-MLP-GEMM-1","enc-MLP-gelu","enc-MLP-GEMM-2","enc-post-MLP-dropout","enc-1st-layernorm","enc-attention-qkv","enc-attention-score","enc-attention-softmax","enc-attention-dropout","enc-attention-context","enc-attention-dense","enc-post-attention-dropout","enc-2nd-layernorm","enc-MLP-GEMM-1","enc-MLP-gelu","enc-MLP-GEMM-2","enc-post-MLP-dropout","enc-1st-layernorm","enc-attention-qkv","enc-attention-score","enc-attention-softmax","enc-attention-dropout","enc-attention-context","enc-attention-dense","enc-post-attention-dropout","enc-2nd-layernorm","enc-MLP-GEMM-1","enc-MLP-gelu","enc-MLP-GEMM-2","enc-post-MLP-dropout","enc-1st-layernorm","enc-attention-qkv","enc-attention-score","enc-attention-softmax","enc-attention-dropout","enc-attention-context","enc-attention-dense","enc-post-attention-dropout","enc-2nd-layernorm","enc-MLP-GEMM-1","enc-MLP-gelu","enc-MLP-GEMM-2","enc-post-MLP-dropout","enc-1st-layernorm","enc-attention-qkv","enc-attention-score","enc-attention-softmax","enc-attention-dropout","enc-attention-context","enc-attention-dense","enc-post-attention-dropout","enc-2nd-layernorm","enc-MLP-GEMM-1","enc-MLP-gelu","enc-MLP-GEMM-2","enc-post-MLP-dropout","enc-1st-layernorm","enc-attention-qkv","enc-attention-score","enc-attention-softmax","enc-attention-dropout","enc-attention-context","enc-attention-dense","enc-post-attention-dropout","enc-2nd-layernorm","enc-MLP-GEMM-1","enc-MLP-gelu","enc-MLP-GEMM-2","enc-post-MLP-dropout","enc-1st-layernorm","enc-attention-qkv","enc-attention-score","enc-attention-softmax","enc-attention-dropout","enc-attention-context","enc-attention-dense","enc-post-attention-dropout","enc-2nd-layernorm","enc-MLP-GEMM-1","enc-MLP-gelu","enc-MLP-GEMM-2","enc-post-MLP-dropout","enc-1st-layernorm","enc-attention-qkv","enc-attention-score","enc-attention-softmax","enc-attention-dropout","enc-attention-context","enc-attention-dense","enc-post-attention-dropout","enc-2nd-layernorm","enc-MLP-GEMM-1","enc-MLP-gelu","enc-MLP-GEMM-2","enc-post-MLP-dropout","enc-1st-layernorm","enc-attention-qkv","enc-attention-score","enc-attention-softmax","enc-attention-dropout","enc-attention-context","enc-attention-dense","enc-post-attention-dropout","enc-2nd-layernorm","enc-MLP-GEMM-1","enc-MLP-gelu","enc-MLP-GEMM-2","enc-post-MLP-dropout","enc-1st-layernorm","enc-attention-qkv","enc-attention-score","enc-attention-softmax","enc-attention-dropout","enc-attention-context","enc-attention-dense","enc-post-attention-dropout","enc-2nd-layernorm","enc-MLP-GEMM-1","enc-MLP-gelu","enc-MLP-GEMM-2","enc-post-MLP-dropout","enc-1st-layernorm","enc-attention-qkv","enc-attention-score","enc-attention-softmax","enc-attention-dropout","enc-attention-context","enc-attention-dense","enc-post-attention-dropout","enc-2nd-layernorm","enc-MLP-GEMM-1","enc-MLP-gelu","enc-MLP-GEMM-2","enc-post-MLP-dropout","enc-1st-layernorm","enc-attention-qkv","enc-attention-score","enc-attention-softmax","enc-attention-dropout","enc-attention-context","enc-attention-dense","enc-post-attention-dropout","enc-2nd-layernorm","enc-MLP-GEMM-1","enc-MLP-gelu","enc-MLP-GEMM-2","enc-post-MLP-dropout","enc-1st-layernorm","enc-attention-qkv","enc-attention-score","enc-attention-softmax","enc-attention-dropout","enc-attention-context","enc-attention-dense","enc-post-attention-dropout","enc-2nd-layernorm","enc-MLP-GEMM-1","enc-MLP-gelu","enc-MLP-GEMM-2","enc-post-MLP-dropout","enc-1st-layernorm","enc-attention-qkv","enc-attention-score","enc-attention-softmax","enc-attention-dropout","enc-attention-context","enc-attention-dense","enc-post-attention-dropout","enc-2nd-layernorm","enc-MLP-GEMM-1","enc-MLP-gelu","enc-MLP-GEMM-2","enc-post-MLP-dropout","enc-1st-layernorm","enc-attention-qkv","enc-attention-score","enc-attention-softmax","enc-attention-dropout","enc-attention-context","enc-attention-dense","enc-post-attention-dropout","enc-2nd-layernorm","enc-MLP-GEMM-1","enc-MLP-gelu","enc-MLP-GEMM-2","enc-post-MLP-dropout","enc-1st-layernorm","enc-attention-qkv","enc-attention-score","enc-attention-softmax","enc-attention-dropout","enc-attention-context","enc-attention-dense","enc-post-attention-dropout","enc-2nd-layernorm","enc-MLP-GEMM-1","enc-MLP-gelu","enc-MLP-GEMM-2","enc-post-MLP-dropout","enc-1st-layernorm","enc-attention-qkv","enc-attention-score","enc-attention-softmax","enc-attention-dropout","enc-attention-context","enc-attention-dense","enc-post-attention-dropout","enc-2nd-layernorm","enc-MLP-GEMM-1","enc-MLP-gelu","enc-MLP-GEMM-2","enc-post-MLP-dropout","enc-1st-layernorm","enc-attention-qkv","enc-attention-score","enc-attention-softmax","enc-attention-dropout","enc-attention-context","enc-attention-dense","enc-post-attention-dropout","enc-2nd-layernorm","enc-MLP-GEMM-1","enc-MLP-gelu","enc-MLP-GEMM-2","enc-post-MLP-dropout","enc-1st-layernorm","enc-attention-qkv","enc-attention-score","enc-attention-softmax","enc-attention-dropout","enc-attention-context","enc-attention-dense","enc-post-attention-dropout","enc-2nd-layernorm","enc-MLP-GEMM-1","enc-MLP-gelu","enc-MLP-GEMM-2","enc-post-MLP-dropout","enc-1st-layernorm","enc-attention-qkv","enc-attention-score","enc-attention-softmax","enc-attention-dropout","enc-attention-context","enc-attention-dense","enc-post-attention-dropout","enc-2nd-layernorm","enc-MLP-GEMM-1","enc-MLP-gelu","enc-MLP-GEMM-2","enc-post-MLP-dropout","enc-1st-layernorm","enc-attention-qkv","enc-attention-score","enc-attention-softmax","enc-attention-dropout","enc-attention-context","enc-attention-dense","enc-post-attention-dropout","enc-2nd-layernorm","enc-MLP-GEMM-1","enc-MLP-gelu","enc-MLP-GEMM-2","enc-post-MLP-dropout","enc-1st-layernorm","enc-attention-qkv","enc-attention-score","enc-attention-softmax","enc-attention-dropout","enc-attention-context","enc-attention-dense","enc-post-attention-dropout","enc-2nd-layernorm","enc-MLP-GEMM-1","enc-MLP-gelu","enc-MLP-GEMM-2","enc-post-MLP-dropout","enc-1st-layernorm","enc-attention-qkv","enc-attention-score","enc-attention-softmax","enc-attention-dropout","enc-attention-context","enc-attention-dense","enc-post-attention-dropout","enc-2nd-layernorm","enc-MLP-GEMM-1","enc-MLP-gelu","enc-MLP-GEMM-2","enc-post-MLP-dropout","enc-1st-layernorm","enc-attention-qkv","enc-attention-score","enc-attention-softmax","enc-attention-dropout","enc-attention-context","enc-attention-dense","enc-post-attention-dropout","enc-2nd-layernorm","enc-MLP-GEMM-1","enc-MLP-gelu","enc-MLP-GEMM-2","enc-post-MLP-dropout","enc-1st-layernorm","enc-attention-qkv","enc-attention-score","enc-attention-softmax","enc-attention-dropout","enc-attention-context","enc-attention-dense","enc-post-attention-dropout","enc-2nd-layernorm","enc-MLP-GEMM-1","enc-MLP-gelu","enc-MLP-GEMM-2","enc-post-MLP-dropout","enc-1st-layernorm","enc-attention-qkv","enc-attention-score","enc-attention-softmax","enc-attention-dropout","enc-attention-context","enc-attention-dense","enc-post-attention-dropout","enc-2nd-layernorm","enc-MLP-GEMM-1","enc-MLP-gelu","enc-MLP-GEMM-2","enc-post-MLP-dropout","enc-1st-layernorm","enc-attention-qkv","enc-attention-score","enc-attention-softmax","enc-attention-dropout","enc-attention-context","enc-attention-dense","enc-post-attention-dropout","enc-2nd-layernorm","enc-MLP-GEMM-1","enc-MLP-gelu","enc-MLP-GEMM-2","enc-post-MLP-dropout","enc-1st-layernorm","enc-attention-qkv","enc-attention-score","enc-attention-softmax","enc-attention-dropout","enc-attention-context","enc-attention-dense","enc-post-attention-dropout","enc-2nd-layernorm","enc-MLP-GEMM-1","enc-MLP-gelu","enc-MLP-GEMM-2","enc-post-MLP-dropout","enc-1st-layernorm","enc-attention-qkv","enc-attention-score","enc-attention-softmax","enc-attention-dropout","enc-attention-context","enc-attention-dense","enc-post-attention-dropout","enc-2nd-layernorm","enc-MLP-GEMM-1","enc-MLP-gelu","enc-MLP-GEMM-2","enc-post-MLP-dropout","enc-1st-layernorm","enc-attention-qkv","enc-attention-score","enc-attention-softmax","enc-attention-dropout","enc-attention-context","enc-attention-dense","enc-post-attention-dropout","enc-2nd-layernorm","enc-MLP-GEMM-1","enc-MLP-gelu","enc-MLP-GEMM-2","enc-post-MLP-dropout","enc-1st-layernorm","enc-attention-qkv","enc-attention-score","enc-attention-softmax","enc-attention-dropout","enc-attention-context","enc-attention-dense","enc-post-attention-dropout","enc-2nd-layernorm","enc-MLP-GEMM-1","enc-MLP-gelu","enc-MLP-GEMM-2","enc-post-MLP-dropout","enc-1st-layernorm","enc-attention-qkv","enc-attention-score","enc-attention-softmax","enc-attention-dropout","enc-attention-context","enc-attention-dense","enc-post-attention-dropout","enc-2nd-layernorm","enc-MLP-GEMM-1","enc-MLP-gelu","enc-MLP-GEMM-2","enc-post-MLP-dropout","enc-1st-layernorm","enc-attention-qkv","enc-attention-score","enc-attention-softmax","enc-attention-dropout","enc-attention-context","enc-attention-dense","enc-post-attention-dropout","enc-2nd-layernorm","enc-MLP-GEMM-1","enc-MLP-gelu","enc-MLP-GEMM-2","enc-post-MLP-dropout","enc-1st-layernorm","enc-attention-qkv","enc-attention-score","enc-attention-softmax","enc-attention-dropout","enc-attention-context","enc-attention-dense","enc-post-attention-dropout","enc-2nd-layernorm","enc-MLP-GEMM-1","enc-MLP-gelu","enc-MLP-GEMM-2","enc-post-MLP-dropout","enc-1st-layernorm","enc-attention-qkv","enc-attention-score","enc-attention-softmax","enc-attention-dropout","enc-attention-context","enc-attention-dense","enc-post-attention-dropout","enc-2nd-layernorm","enc-MLP-GEMM-1","enc-MLP-gelu","enc-MLP-GEMM-2","enc-post-MLP-dropout","enc-1st-layernorm","enc-attention-qkv","enc-attention-score","enc-attention-softmax","enc-attention-dropout","enc-attention-context","enc-attention-dense","enc-post-attention-dropout","enc-2nd-layernorm","enc-MLP-GEMM-1","enc-MLP-gelu","enc-MLP-GEMM-2","enc-post-MLP-dropout","enc-1st-layernorm","enc-attention-qkv","enc-attention-score","enc-attention-softmax","enc-attention-dropout","enc-attention-context","enc-attention-dense","enc-post-attention-dropout","enc-2nd-layernorm","enc-MLP-GEMM-1","enc-MLP-gelu","enc-MLP-GEMM-2","enc-post-MLP-dropout","enc-1st-layernorm","enc-attention-qkv","enc-attention-score","enc-attention-softmax","enc-attention-dropout","enc-attention-context","enc-attention-dense","enc-post-attention-dropout","enc-2nd-layernorm","enc-MLP-GEMM-1","enc-MLP-gelu","enc-MLP-GEMM-2","enc-post-MLP-dropout","enc-1st-layernorm","enc-attention-qkv","enc-attention-score","enc-attention-softmax","enc-attention-dropout","enc-attention-context","enc-attention-dense","enc-post-attention-dropout","enc-2nd-layernorm","enc-MLP-GEMM-1","enc-MLP-gelu","enc-MLP-GEMM-2","enc-post-MLP-dropout","enc-1st-layernorm","enc-attention-qkv","enc-attention-score","enc-attention-softmax","enc-attention-dropout","enc-attention-context","enc-attention-dense","enc-post-attention-dropout","enc-2nd-layernorm","enc-MLP-GEMM-1","enc-MLP-gelu","enc-MLP-GEMM-2","enc-post-MLP-dropout","enc-1st-layernorm","enc-attention-qkv","enc-attention-score","enc-attention-softmax","enc-attention-dropout","enc-attention-context","enc-attention-dense","enc-post-attention-dropout","enc-2nd-layernorm","enc-MLP-GEMM-1","enc-MLP-gelu","enc-MLP-GEMM-2","enc-post-MLP-dropout","enc-1st-layernorm","enc-attention-qkv","enc-attention-score","enc-attention-softmax","enc-attention-dropout","enc-attention-context","enc-attention-dense","enc-post-attention-dropout","enc-2nd-layernorm","enc-MLP-GEMM-1","enc-MLP-gelu","enc-MLP-GEMM-2","enc-post-MLP-dropout","enc-1st-layernorm","enc-attention-qkv","enc-attention-score","enc-attention-softmax","enc-attention-dropout","enc-attention-context","enc-attention-dense","enc-post-attention-dropout","enc-2nd-layernorm","enc-MLP-GEMM-1","enc-MLP-gelu","enc-MLP-GEMM-2","enc-post-MLP-dropout","enc-1st-layernorm","enc-attention-qkv","enc-attention-score","enc-attention-softmax","enc-attention-dropout","enc-attention-context","enc-attention-dense","enc-post-attention-dropout","enc-2nd-layernorm","enc-MLP-GEMM-1","enc-MLP-gelu","enc-MLP-GEMM-2","enc-post-MLP-dropout","enc-1st-layernorm","enc-attention-qkv","enc-attention-score","enc-attention-softmax","enc-attention-dropout","enc-attention-context","enc-attention-dense","enc-post-attention-dropout","enc-2nd-layernorm","enc-MLP-GEMM-1","enc-MLP-gelu","enc-MLP-GEMM-2","enc-post-MLP-dropout","enc-1st-layernorm","enc-attention-qkv","enc-attention-score","enc-attention-softmax","enc-attention-dropout","enc-attention-context","enc-attention-dense","enc-post-attention-dropout","enc-2nd-layernorm","enc-MLP-GEMM-1","enc-MLP-gelu","enc-MLP-GEMM-2","enc-post-MLP-dropout","enc-1st-layernorm","enc-attention-qkv","enc-attention-score","enc-attention-softmax","enc-attention-dropout","enc-attention-context","enc-attention-dense","enc-post-attention-dropout","enc-2nd-layernorm","enc-MLP-GEMM-1","enc-MLP-gelu","enc-MLP-GEMM-2","enc-post-MLP-dropout","enc-1st-layernorm","enc-attention-qkv","enc-attention-score","enc-attention-softmax","enc-attention-dropout","enc-attention-context","enc-attention-dense","enc-post-attention-dropout","enc-2nd-layernorm","enc-MLP-GEMM-1","enc-MLP-gelu","enc-MLP-GEMM-2","enc-post-MLP-dropout","enc-1st-layernorm","enc-attention-qkv","enc-attention-score","enc-attention-softmax","enc-attention-dropout","enc-attention-context","enc-attention-dense","enc-post-attention-dropout","enc-2nd-layernorm","enc-MLP-GEMM-1","enc-MLP-gelu","enc-MLP-GEMM-2","enc-post-MLP-dropout","enc-1st-layernorm","enc-attention-qkv","enc-attention-score","enc-attention-softmax","enc-attention-dropout","enc-attention-context","enc-attention-dense","enc-post-attention-dropout","enc-2nd-layernorm","enc-MLP-GEMM-1","enc-MLP-gelu","enc-MLP-GEMM-2","enc-post-MLP-dropout","enc-1st-layernorm","enc-attention-qkv","enc-attention-score","enc-attention-softmax","enc-attention-dropout","enc-attention-context","enc-attention-dense","enc-post-attention-dropout","enc-2nd-layernorm","enc-MLP-GEMM-1","enc-MLP-gelu","enc-MLP-GEMM-2","enc-post-MLP-dropout","enc-1st-layernorm","enc-attention-qkv","enc-attention-score","enc-attention-softmax","enc-attention-dropout","enc-attention-context","enc-attention-dense","enc-post-attention-dropout","enc-2nd-layernorm",
[rank 2 recompute ops] enc-MLP-GEMM-1 enc-MLP-gelu enc-MLP-GEMM-2 enc-post-MLP-dropout enc-1st-layernorm enc-attention-qkv enc-attention-score enc-attention-softmax enc-attention-dropout enc-attention-context enc-attention-dense enc-post-attention-dropout enc-2nd-layernorm enc-MLP-GEMM-1 enc-MLP-gelu enc-MLP-GEMM-2 enc-post-MLP-dropout enc-1st-layernorm enc-attention-qkv enc-attention-score enc-attention-softmax enc-attention-dropout enc-attention-context enc-attention-dense enc-post-attention-dropout enc-2nd-layernorm enc-MLP-GEMM-1 enc-MLP-gelu enc-MLP-GEMM-2 enc-post-MLP-dropout enc-1st-layernorm enc-attention-qkv enc-attention-score enc-attention-softmax enc-attention-dropout enc-attention-context enc-attention-dense enc-post-attention-dropout enc-2nd-layernorm enc-MLP-GEMM-1 enc-MLP-gelu enc-MLP-GEMM-2 enc-post-MLP-dropout enc-1st-layernorm enc-attention-qkv enc-attention-score enc-attention-softmax enc-attention-dropout enc-attention-context enc-attention-dense enc-post-attention-dropout enc-2nd-layernorm enc-MLP-GEMM-1 enc-MLP-gelu enc-MLP-GEMM-2 enc-post-MLP-dropout enc-1st-layernorm enc-attention-qkv enc-attention-score enc-attention-softmax enc-attention-dropout enc-attention-context enc-attention-dense enc-post-attention-dropout enc-2nd-layernorm enc-MLP-GEMM-1 enc-MLP-gelu enc-MLP-GEMM-2 enc-post-MLP-dropout enc-1st-layernorm enc-attention-qkv enc-attention-score enc-attention-softmax enc-attention-dropout enc-attention-context enc-attention-dense enc-post-attention-dropout enc-2nd-layernorm enc-MLP-GEMM-1 enc-MLP-gelu enc-MLP-GEMM-2 enc-post-MLP-dropout enc-1st-layernorm enc-attention-qkv enc-attention-score enc-attention-softmax enc-attention-dropout enc-attention-context enc-attention-dense enc-post-attention-dropout enc-2nd-layernorm enc-MLP-GEMM-1 enc-MLP-gelu enc-MLP-GEMM-2 enc-post-MLP-dropout enc-1st-layernorm enc-attention-qkv enc-attention-score enc-attention-softmax enc-attention-dropout enc-attention-context enc-attention-dense enc-post-attention-dropout enc-2nd-layernorm enc-MLP-GEMM-1 enc-MLP-gelu enc-MLP-GEMM-2 enc-post-MLP-dropout enc-1st-layernorm enc-attention-qkv enc-attention-score enc-attention-softmax enc-attention-dropout enc-attention-context enc-attention-dense enc-post-attention-dropout enc-2nd-layernorm enc-MLP-GEMM-1 enc-MLP-gelu enc-MLP-GEMM-2 enc-post-MLP-dropout enc-1st-layernorm enc-attention-qkv enc-attention-score enc-attention-softmax enc-attention-dropout enc-attention-context enc-attention-dense enc-post-attention-dropout enc-2nd-layernorm enc-MLP-GEMM-1 enc-MLP-gelu enc-MLP-GEMM-2 enc-post-MLP-dropout enc-1st-layernorm enc-attention-qkv enc-attention-score enc-attention-softmax enc-attention-dropout enc-attention-context enc-attention-dense enc-post-attention-dropout enc-2nd-layernorm enc-MLP-GEMM-1 enc-MLP-gelu enc-MLP-GEMM-2 enc-post-MLP-dropout enc-1st-layernorm enc-attention-qkv enc-attention-score enc-attention-softmax enc-attention-dropout enc-attention-context enc-attention-dense enc-post-attention-dropout enc-2nd-layernorm enc-MLP-GEMM-1 enc-MLP-gelu enc-MLP-GEMM-2 enc-post-MLP-dropout enc-1st-layernorm enc-attention-qkv enc-attention-score enc-attention-softmax enc-attention-dropout enc-attention-context enc-attention-dense enc-post-attention-dropout enc-2nd-layernorm enc-MLP-GEMM-1 enc-MLP-gelu enc-MLP-GEMM-2 enc-post-MLP-dropout enc-1st-layernorm enc-attention-qkv enc-attention-score enc-attention-softmax enc-attention-dropout enc-attention-context enc-attention-dense enc-post-attention-dropout enc-2nd-layernorm enc-MLP-GEMM-1 enc-MLP-gelu enc-MLP-GEMM-2 enc-post-MLP-dropout enc-1st-layernorm enc-attention-qkv enc-attention-score enc-attention-softmax enc-attention-dropout enc-attention-context enc-attention-dense enc-post-attention-dropout enc-2nd-layernorm enc-MLP-GEMM-1 enc-MLP-gelu enc-MLP-GEMM-2 enc-post-MLP-dropout enc-1st-layernorm enc-attention-qkv enc-attention-score enc-attention-softmax enc-attention-dropout enc-attention-context enc-attention-dense enc-post-attention-dropout enc-2nd-layernorm enc-MLP-GEMM-1 enc-MLP-gelu enc-MLP-GEMM-2 enc-post-MLP-dropout enc-1st-layernorm enc-attention-qkv enc-attention-score enc-attention-softmax enc-attention-dropout enc-attention-context enc-attention-dense enc-post-attention-dropout enc-2nd-layernorm enc-MLP-GEMM-1 enc-MLP-gelu enc-MLP-GEMM-2 enc-post-MLP-dropout enc-1st-layernorm enc-attention-qkv enc-attention-score enc-attention-softmax enc-attention-dropout enc-attention-context enc-attention-dense enc-post-attention-dropout enc-2nd-layernorm enc-MLP-GEMM-1 enc-MLP-gelu enc-MLP-GEMM-2 enc-post-MLP-dropout enc-1st-layernorm enc-attention-qkv enc-attention-score enc-attention-softmax enc-attention-dropout enc-attention-context enc-attention-dense enc-post-attention-dropout enc-2nd-layernorm enc-MLP-GEMM-1 enc-MLP-gelu enc-MLP-GEMM-2 enc-post-MLP-dropout enc-1st-layernorm enc-attention-qkv enc-attention-score enc-attention-softmax enc-attention-dropout enc-attention-context enc-attention-dense enc-post-attention-dropout enc-2nd-layernorm enc-MLP-GEMM-1 enc-MLP-gelu enc-MLP-GEMM-2 enc-post-MLP-dropout enc-1st-layernorm enc-attention-qkv enc-attention-score enc-attention-softmax enc-attention-dropout enc-attention-context enc-attention-dense enc-post-attention-dropout enc-2nd-layernorm enc-MLP-GEMM-1 enc-MLP-gelu enc-MLP-GEMM-2 enc-post-MLP-dropout enc-1st-layernorm enc-attention-qkv enc-attention-score enc-attention-softmax enc-attention-dropout enc-attention-context enc-attention-dense enc-post-attention-dropout enc-2nd-layernorm enc-MLP-GEMM-1 enc-MLP-gelu enc-MLP-GEMM-2 enc-post-MLP-dropout enc-1st-layernorm enc-attention-qkv enc-attention-score enc-attention-softmax enc-attention-dropout enc-attention-context enc-attention-dense enc-post-attention-dropout enc-2nd-layernorm enc-MLP-GEMM-1 enc-MLP-gelu enc-MLP-GEMM-2 enc-post-MLP-dropout enc-1st-layernorm enc-attention-qkv enc-attention-score enc-attention-softmax enc-attention-dropout enc-attention-context enc-attention-dense enc-post-attention-dropout enc-2nd-layernorm enc-MLP-GEMM-1 enc-MLP-gelu enc-MLP-GEMM-2 enc-post-MLP-dropout enc-1st-layernorm enc-attention-qkv enc-attention-score enc-attention-softmax enc-attention-dropout enc-attention-context enc-attention-dense enc-post-attention-dropout enc-2nd-layernorm enc-MLP-GEMM-1 enc-MLP-gelu enc-MLP-GEMM-2 enc-post-MLP-dropout enc-1st-layernorm enc-attention-qkv enc-attention-score enc-attention-softmax enc-attention-dropout enc-attention-context enc-attention-dense enc-post-attention-dropout enc-2nd-layernorm enc-MLP-GEMM-1 enc-MLP-gelu enc-MLP-GEMM-2 enc-post-MLP-dropout enc-1st-layernorm enc-attention-qkv enc-attention-score enc-attention-softmax enc-attention-dropout enc-attention-context enc-attention-dense enc-post-attention-dropout enc-2nd-layernorm enc-MLP-GEMM-1 enc-MLP-gelu enc-MLP-GEMM-2 enc-post-MLP-dropout enc-1st-layernorm enc-attention-qkv enc-attention-score enc-attention-softmax enc-attention-dropout enc-attention-context enc-attention-dense enc-post-attention-dropout enc-2nd-layernorm enc-MLP-GEMM-1 enc-MLP-gelu enc-MLP-GEMM-2 enc-post-MLP-dropout enc-1st-layernorm enc-attention-qkv enc-attention-score enc-attention-softmax enc-attention-dropout enc-attention-context enc-attention-dense enc-post-attention-dropout enc-2nd-layernorm enc-MLP-GEMM-1 enc-MLP-gelu enc-MLP-GEMM-2 enc-post-MLP-dropout enc-1st-layernorm enc-attention-qkv enc-attention-score enc-attention-softmax enc-attention-dropout enc-attention-context enc-attention-dense enc-post-attention-dropout enc-2nd-layernorm enc-MLP-GEMM-1 enc-MLP-gelu enc-MLP-GEMM-2 enc-post-MLP-dropout enc-1st-layernorm enc-attention-qkv enc-attention-score enc-attention-softmax enc-attention-dropout enc-attention-context enc-attention-dense enc-post-attention-dropout enc-2nd-layernorm enc-MLP-GEMM-1 enc-MLP-gelu enc-MLP-GEMM-2 enc-post-MLP-dropout enc-1st-layernorm enc-attention-qkv enc-attention-score enc-attention-softmax enc-attention-dropout enc-attention-context enc-attention-dense enc-post-attention-dropout enc-2nd-layernorm enc-MLP-GEMM-1 enc-MLP-gelu enc-MLP-GEMM-2 enc-post-MLP-dropout enc-1st-layernorm enc-attention-qkv enc-attention-score enc-attention-softmax enc-attention-dropout enc-attention-context enc-attention-dense enc-post-attention-dropout enc-2nd-layernorm enc-MLP-GEMM-1 enc-MLP-gelu enc-MLP-GEMM-2 enc-post-MLP-dropout enc-1st-layernorm enc-attention-qkv enc-attention-score enc-attention-softmax enc-attention-dropout enc-attention-context enc-attention-dense enc-post-attention-dropout enc-2nd-layernorm enc-MLP-GEMM-1 enc-MLP-gelu enc-MLP-GEMM-2 enc-post-MLP-dropout enc-1st-layernorm enc-attention-qkv enc-attention-score enc-attention-softmax enc-attention-dropout enc-attention-context enc-attention-dense enc-post-attention-dropout enc-2nd-layernorm enc-MLP-GEMM-1 enc-MLP-gelu enc-MLP-GEMM-2 enc-post-MLP-dropout enc-1st-layernorm enc-attention-qkv enc-attention-score enc-attention-softmax enc-attention-dropout enc-attention-context enc-attention-dense enc-post-attention-dropout enc-2nd-layernorm enc-MLP-GEMM-1 enc-MLP-gelu enc-MLP-GEMM-2 enc-post-MLP-dropout enc-1st-layernorm enc-attention-qkv enc-attention-score enc-attention-softmax enc-attention-dropout enc-attention-context enc-attention-dense enc-post-attention-dropout enc-2nd-layernorm enc-MLP-GEMM-1 enc-MLP-gelu enc-MLP-GEMM-2 enc-post-MLP-dropout enc-1st-layernorm enc-attention-qkv enc-attention-score enc-attention-softmax enc-attention-dropout enc-attention-context enc-attention-dense enc-post-attention-dropout enc-2nd-layernorm enc-MLP-GEMM-1 enc-MLP-gelu enc-MLP-GEMM-2 enc-post-MLP-dropout enc-1st-layernorm enc-attention-qkv enc-attention-score enc-attention-softmax enc-attention-dropout enc-attention-context enc-attention-dense enc-post-attention-dropout enc-2nd-layernorm enc-MLP-GEMM-1 enc-MLP-gelu enc-MLP-GEMM-2 enc-post-MLP-dropout enc-1st-layernorm enc-attention-qkv enc-attention-score enc-attention-softmax enc-attention-dropout enc-attention-context enc-attention-dense enc-post-attention-dropout enc-2nd-layernorm enc-MLP-GEMM-1 enc-MLP-gelu enc-MLP-GEMM-2 enc-post-MLP-dropout enc-1st-layernorm enc-attention-qkv enc-attention-score enc-attention-softmax enc-attention-dropout enc-attention-context enc-attention-dense enc-post-attention-dropout enc-2nd-layernorm enc-MLP-GEMM-1 enc-MLP-gelu enc-MLP-GEMM-2 enc-post-MLP-dropout enc-1st-layernorm enc-attention-qkv enc-attention-score enc-attention-softmax enc-attention-dropout enc-attention-context enc-attention-dense enc-post-attention-dropout enc-2nd-layernorm enc-MLP-GEMM-1 enc-MLP-gelu enc-MLP-GEMM-2 enc-post-MLP-dropout enc-1st-layernorm enc-attention-qkv enc-attention-score enc-attention-softmax enc-attention-dropout enc-attention-context enc-attention-dense enc-post-attention-dropout enc-2nd-layernorm enc-MLP-GEMM-1 enc-MLP-gelu enc-MLP-GEMM-2 enc-post-MLP-dropout enc-1st-layernorm enc-attention-qkv enc-attention-score enc-attention-softmax enc-attention-dropout enc-attention-context enc-attention-dense enc-post-attention-dropout enc-2nd-layernorm enc-MLP-GEMM-1 enc-MLP-gelu enc-MLP-GEMM-2 enc-post-MLP-dropout enc-1st-layernorm enc-attention-qkv enc-attention-score enc-attention-softmax enc-attention-dropout enc-attention-context enc-attention-dense enc-post-attention-dropout enc-2nd-layernorm enc-MLP-GEMM-1 enc-MLP-gelu enc-MLP-GEMM-2 enc-post-MLP-dropout enc-1st-layernorm enc-attention-qkv enc-attention-score enc-attention-softmax enc-attention-dropout enc-attention-context enc-attention-dense enc-post-attention-dropout enc-2nd-layernorm enc-MLP-GEMM-1 enc-MLP-gelu enc-MLP-GEMM-2 enc-post-MLP-dropout enc-1st-layernorm enc-attention-qkv enc-attention-score enc-attention-softmax enc-attention-dropout enc-attention-context enc-attention-dense enc-post-attention-dropout enc-2nd-layernorm enc-MLP-GEMM-1 enc-MLP-gelu enc-MLP-GEMM-2 enc-post-MLP-dropout enc-1st-layernorm enc-attention-qkv enc-attention-score enc-attention-softmax enc-attention-dropout enc-attention-context enc-attention-dense enc-post-attention-dropout enc-2nd-layernorm enc-MLP-GEMM-1 enc-MLP-gelu enc-MLP-GEMM-2 enc-post-MLP-dropout enc-1st-layernorm enc-attention-qkv enc-attention-score enc-attention-softmax enc-attention-dropout enc-attention-context enc-attention-dense enc-post-attention-dropout enc-2nd-layernorm enc-MLP-GEMM-1 enc-MLP-gelu enc-MLP-GEMM-2 enc-post-MLP-dropout enc-1st-layernorm enc-attention-qkv enc-attention-score enc-attention-softmax enc-attention-dropout enc-attention-context enc-attention-dense enc-post-attention-dropout enc-2nd-layernorm enc-MLP-GEMM-1 enc-MLP-gelu enc-MLP-GEMM-2 enc-post-MLP-dropout enc-1st-layernorm enc-attention-qkv enc-attention-score enc-attention-softmax enc-attention-dropout enc-attention-context enc-attention-dense enc-post-attention-dropout enc-2nd-layernorm enc-MLP-GEMM-1 enc-MLP-gelu enc-MLP-GEMM-2 enc-post-MLP-dropout enc-1st-layernorm enc-attention-qkv enc-attention-score enc-attention-softmax enc-attention-dropout enc-attention-context enc-attention-dense enc-post-attention-dropout enc-2nd-layernorm enc-MLP-GEMM-1 enc-MLP-gelu enc-MLP-GEMM-2 enc-post-MLP-dropout enc-1st-layernorm enc-attention-qkv enc-attention-score enc-attention-softmax enc-attention-dropout enc-attention-context enc-attention-dense enc-post-attention-dropout enc-2nd-layernorm enc-MLP-GEMM-1 enc-MLP-gelu enc-MLP-GEMM-2 enc-post-MLP-dropout enc-1st-layernorm enc-attention-qkv enc-attention-score enc-attention-softmax enc-attention-dropout enc-attention-context enc-attention-dense enc-post-attention-dropout enc-2nd-layernorm enc-MLP-GEMM-1 enc-MLP-gelu enc-MLP-GEMM-2 enc-post-MLP-dropout enc-1st-layernorm enc-attention-qkv enc-attention-score enc-attention-softmax enc-attention-dropout enc-attention-context enc-attention-dense enc-post-attention-dropout enc-2nd-layernorm enc-MLP-GEMM-1 enc-MLP-gelu enc-MLP-GEMM-2 enc-post-MLP-dropout enc-1st-layernorm enc-attention-qkv enc-attention-score enc-attention-softmax enc-attention-dropout enc-attention-context enc-attention-dense enc-post-attention-dropout enc-2nd-layernorm enc-MLP-GEMM-1 enc-MLP-gelu enc-MLP-GEMM-2 enc-post-MLP-dropout enc-1st-layernorm enc-attention-qkv enc-attention-score enc-attention-softmax enc-attention-dropout enc-attention-context enc-attention-dense enc-post-attention-dropout enc-2nd-layernorm enc-MLP-GEMM-1 enc-MLP-gelu enc-MLP-GEMM-2 enc-post-MLP-dropout enc-1st-layernorm enc-attention-qkv enc-attention-score enc-attention-softmax enc-attention-dropout enc-attention-context enc-attention-dense enc-post-attention-dropout enc-2nd-layernorm enc-MLP-GEMM-1 enc-MLP-gelu enc-MLP-GEMM-2 enc-post-MLP-dropout enc-1st-layernorm enc-attention-qkv enc-attention-score enc-attention-softmax enc-attention-dropout enc-attention-context enc-attention-dense enc-post-attention-dropout enc-2nd-layernorm enc-MLP-GEMM-1 enc-MLP-gelu enc-MLP-GEMM-2 enc-post-MLP-dropout enc-1st-layernorm enc-attention-qkv enc-attention-score enc-attention-softmax enc-attention-dropout enc-attention-context enc-attention-dense enc-post-attention-dropout enc-2nd-layernorm enc-MLP-GEMM-1 enc-MLP-gelu enc-MLP-GEMM-2 enc-post-MLP-dropout enc-1st-layernorm enc-attention-qkv enc-attention-score enc-attention-softmax enc-attention-dropout enc-attention-context enc-attention-dense enc-post-attention-dropout enc-2nd-layernorm enc-MLP-GEMM-1 enc-MLP-gelu enc-MLP-GEMM-2 enc-post-MLP-dropout enc-1st-layernorm enc-attention-qkv enc-attention-score enc-attention-softmax enc-attention-dropout enc-attention-context enc-attention-dense enc-post-attention-dropout enc-2nd-layernorm enc-MLP-GEMM-1 enc-MLP-gelu enc-MLP-GEMM-2 enc-post-MLP-dropout enc-1st-layernorm enc-attention-qkv enc-attention-score enc-attention-softmax enc-attention-dropout enc-attention-context enc-attention-dense enc-post-attention-dropout enc-2nd-layernorm enc-MLP-GEMM-1 enc-MLP-gelu enc-MLP-GEMM-2 enc-post-MLP-dropout enc-1st-layernorm enc-attention-qkv enc-attention-score enc-attention-softmax enc-attention-dropout enc-attention-context enc-attention-dense enc-post-attention-dropout enc-2nd-layernorm enc-MLP-GEMM-1 enc-MLP-gelu enc-MLP-GEMM-2 enc-post-MLP-dropout enc-1st-layernorm enc-attention-qkv enc-attention-score enc-attention-softmax enc-attention-dropout enc-attention-context enc-attention-dense enc-post-attention-dropout enc-2nd-layernorm enc-MLP-GEMM-1 enc-MLP-gelu enc-MLP-GEMM-2 enc-post-MLP-dropout enc-1st-layernorm enc-attention-qkv enc-attention-score enc-attention-softmax enc-attention-dropout enc-attention-context enc-attention-dense enc-post-attention-dropout enc-2nd-layernorm enc-MLP-GEMM-1 enc-MLP-gelu enc-MLP-GEMM-2 enc-post-MLP-dropout enc-1st-layernorm enc-attention-qkv enc-attention-score enc-attention-softmax enc-attention-dropout enc-attention-context enc-attention-dense enc-post-attention-dropout enc-2nd-layernorm enc-MLP-GEMM-1 enc-MLP-gelu enc-MLP-GEMM-2 enc-post-MLP-dropout enc-1st-layernorm enc-attention-qkv enc-attention-score enc-attention-softmax enc-attention-dropout enc-attention-context enc-attention-dense enc-post-attention-dropout enc-2nd-layernorm enc-MLP-GEMM-1 enc-MLP-gelu enc-MLP-GEMM-2 enc-post-MLP-dropout enc-1st-layernorm enc-attention-qkv enc-attention-score enc-attention-softmax enc-attention-dropout enc-attention-context enc-attention-dense enc-post-attention-dropout enc-2nd-layernorm enc-MLP-GEMM-1 enc-MLP-gelu enc-MLP-GEMM-2 enc-post-MLP-dropout enc-1st-layernorm enc-attention-qkv enc-attention-score enc-attention-softmax enc-attention-dropout enc-attention-context enc-attention-dense enc-post-attention-dropout enc-2nd-layernorm enc-MLP-GEMM-1 enc-MLP-gelu enc-MLP-GEMM-2 enc-post-MLP-dropout enc-1st-layernorm enc-attention-qkv enc-attention-score enc-attention-softmax enc-attention-dropout enc-attention-context enc-attention-dense enc-post-attention-dropout enc-2nd-layernorm enc-MLP-GEMM-1 enc-MLP-gelu enc-MLP-GEMM-2 enc-post-MLP-dropout enc-1st-layernorm enc-attention-qkv enc-attention-score enc-attention-softmax enc-attention-dropout enc-attention-context enc-post-attention-dropout enc-2nd-layernorm enc-MLP-GEMM-1 enc-MLP-gelu enc-MLP-GEMM-2 enc-post-MLP-dropout enc-1st-layernorm enc-attention-qkv enc-attention-score enc-attention-softmax enc-attention-dropout enc-attention-context enc-post-attention-dropout enc-2nd-layernorm enc-MLP-GEMM-1 enc-MLP-gelu enc-MLP-GEMM-2 enc-post-MLP-dropout enc-1st-layernorm enc-attention-qkv enc-attention-score enc-attention-softmax enc-attention-dropout enc-attention-context enc-post-attention-dropout enc-2nd-layernorm enc-MLP-GEMM-1 enc-MLP-gelu enc-MLP-GEMM-2 enc-post-MLP-dropout enc-1st-layernorm enc-attention-qkv enc-attention-score enc-attention-softmax enc-attention-dropout enc-attention-context enc-post-attention-dropout enc-2nd-layernorm enc-MLP-GEMM-1 enc-MLP-gelu enc-MLP-GEMM-2 enc-post-MLP-dropout enc-1st-layernorm enc-attention-qkv enc-attention-score enc-attention-softmax enc-attention-dropout enc-attention-context enc-post-attention-dropout enc-2nd-layernorm enc-MLP-GEMM-1 enc-MLP-gelu enc-MLP-GEMM-2 enc-post-MLP-dropout enc-1st-layernorm enc-attention-qkv enc-attention-score enc-attention-softmax enc-attention-dropout enc-attention-context enc-post-attention-dropout enc-2nd-layernorm enc-MLP-GEMM-1 enc-MLP-gelu enc-MLP-GEMM-2 enc-post-MLP-dropout enc-1st-layernorm enc-attention-qkv enc-attention-score enc-attention-softmax enc-attention-dropout enc-attention-context enc-post-attention-dropout enc-2nd-layernorm enc-MLP-GEMM-1 enc-MLP-gelu enc-MLP-GEMM-2 enc-post-MLP-dropout enc-1st-layernorm enc-attention-qkv enc-attention-score enc-attention-softmax enc-attention-dropout enc-attention-context enc-post-attention-dropout enc-2nd-layernorm enc-MLP-GEMM-1 enc-MLP-gelu enc-MLP-GEMM-2 enc-post-MLP-dropout enc-1st-layernorm enc-attention-qkv enc-attention-score enc-attention-softmax enc-attention-dropout enc-attention-context enc-post-attention-dropout enc-2nd-layernorm enc-MLP-GEMM-1 enc-MLP-gelu enc-MLP-GEMM-2 enc-post-MLP-dropout enc-1st-layernorm enc-attention-qkv enc-attention-score enc-attention-softmax enc-attention-dropout enc-attention-context enc-post-attention-dropout enc-2nd-layernorm enc-MLP-GEMM-1 enc-MLP-gelu enc-MLP-GEMM-2 enc-post-MLP-dropout enc-1st-layernorm enc-attention-qkv enc-attention-score enc-attention-softmax enc-attention-dropout enc-attention-context enc-post-attention-dropout enc-2nd-layernorm enc-MLP-GEMM-1 enc-MLP-gelu enc-MLP-GEMM-2 enc-post-MLP-dropout enc-1st-layernorm enc-attention-qkv enc-attention-score enc-attention-softmax enc-attention-dropout enc-attention-context enc-post-attention-dropout enc-2nd-layernorm enc-MLP-GEMM-1 enc-MLP-gelu enc-MLP-GEMM-2 enc-post-MLP-dropout enc-1st-layernorm enc-attention-qkv enc-attention-score enc-attention-softmax enc-attention-dropout enc-attention-context enc-post-attention-dropout enc-2nd-layernorm enc-MLP-GEMM-1 enc-MLP-gelu enc-MLP-GEMM-2 enc-post-MLP-dropout enc-1st-layernorm enc-attention-qkv enc-attention-score enc-attention-softmax enc-attention-dropout enc-attention-context enc-post-attention-dropout enc-2nd-layernorm enc-MLP-GEMM-1 enc-MLP-gelu enc-MLP-GEMM-2 enc-post-MLP-dropout enc-1st-layernorm enc-attention-qkv enc-attention-score enc-attention-softmax enc-attention-dropout enc-attention-context enc-post-attention-dropout enc-2nd-layernorm enc-MLP-GEMM-1 enc-MLP-gelu enc-MLP-GEMM-2 enc-post-MLP-dropout enc-1st-layernorm enc-attention-qkv enc-attention-score enc-attention-softmax enc-attention-dropout enc-attention-context enc-post-attention-dropout enc-2nd-layernorm enc-MLP-GEMM-1 enc-MLP-gelu enc-MLP-GEMM-2 enc-post-MLP-dropout enc-1st-layernorm enc-attention-qkv enc-attention-score enc-attention-softmax enc-attention-dropout enc-attention-context enc-post-attention-dropout enc-2nd-layernorm enc-MLP-GEMM-1 enc-MLP-gelu enc-MLP-GEMM-2 enc-post-MLP-dropout enc-1st-layernorm enc-attention-qkv enc-attention-score enc-attention-softmax enc-attention-dropout enc-attention-context enc-post-attention-dropout enc-2nd-layernorm enc-MLP-GEMM-1 enc-MLP-gelu enc-MLP-GEMM-2 enc-post-MLP-dropout enc-1st-layernorm enc-attention-qkv enc-attention-score enc-attention-softmax enc-attention-dropout enc-attention-context enc-post-attention-dropout enc-2nd-layernorm enc-MLP-GEMM-1 enc-MLP-gelu enc-MLP-GEMM-2 enc-post-MLP-dropout enc-1st-layernorm enc-attention-qkv enc-attention-score enc-attention-softmax enc-attention-dropout enc-attention-context enc-post-attention-dropout enc-2nd-layernorm enc-MLP-GEMM-1 enc-MLP-gelu enc-MLP-GEMM-2 enc-post-MLP-dropout enc-1st-layernorm enc-attention-qkv enc-attention-score enc-attention-softmax enc-attention-dropout enc-attention-context enc-post-attention-dropout enc-2nd-layernorm enc-MLP-GEMM-1 enc-MLP-gelu enc-MLP-GEMM-2 enc-post-MLP-dropout enc-1st-layernorm enc-attention-qkv enc-attention-score enc-attention-softmax enc-attention-dropout enc-attention-context enc-post-attention-dropout enc-2nd-layernorm enc-MLP-GEMM-1 enc-MLP-gelu enc-MLP-GEMM-2 enc-post-MLP-dropout enc-1st-layernorm enc-attention-qkv enc-attention-score enc-attention-softmax enc-attention-dropout enc-attention-context enc-post-attention-dropout enc-2nd-layernorm enc-MLP-GEMM-1 enc-MLP-gelu enc-MLP-GEMM-2 enc-post-MLP-dropout enc-1st-layernorm enc-attention-qkv enc-attention-score enc-attention-softmax enc-attention-dropout enc-attention-context enc-post-attention-dropout enc-2nd-layernorm enc-MLP-GEMM-1 enc-MLP-gelu enc-MLP-GEMM-2 enc-post-MLP-dropout enc-1st-layernorm enc-attention-qkv enc-attention-score enc-attention-softmax enc-attention-dropout enc-attention-context enc-post-attention-dropout enc-2nd-layernorm enc-MLP-GEMM-1 enc-MLP-gelu enc-MLP-GEMM-2 enc-post-MLP-dropout enc-1st-layernorm enc-attention-qkv enc-attention-score enc-attention-softmax enc-attention-dropout enc-attention-context enc-post-attention-dropout enc-2nd-layernorm enc-MLP-GEMM-1 enc-MLP-gelu enc-MLP-GEMM-2 enc-post-MLP-dropout enc-1st-layernorm enc-attention-qkv enc-attention-score enc-attention-softmax enc-attention-dropout enc-attention-context enc-post-attention-dropout enc-2nd-layernorm enc-MLP-GEMM-1 enc-MLP-gelu enc-MLP-GEMM-2 enc-post-MLP-dropout enc-1st-layernorm enc-attention-qkv enc-attention-score enc-attention-softmax enc-attention-dropout enc-attention-context enc-post-attention-dropout enc-2nd-layernorm enc-MLP-GEMM-1 enc-MLP-gelu enc-MLP-GEMM-2 enc-post-MLP-dropout enc-1st-layernorm enc-attention-qkv enc-attention-score enc-attention-softmax enc-attention-dropout enc-attention-context enc-post-attention-dropout enc-2nd-layernorm enc-MLP-GEMM-1 enc-MLP-gelu enc-MLP-GEMM-2 enc-post-MLP-dropout enc-1st-layernorm enc-attention-qkv enc-attention-score enc-attention-softmax enc-attention-dropout enc-attention-context enc-post-attention-dropout enc-2nd-layernorm enc-MLP-GEMM-1 enc-MLP-gelu enc-MLP-GEMM-2 enc-post-MLP-dropout enc-1st-layernorm enc-attention-qkv enc-attention-score enc-attention-softmax enc-attention-dropout enc-attention-context enc-post-attention-dropout enc-2nd-layernorm enc-MLP-GEMM-1 enc-MLP-gelu enc-MLP-GEMM-2 enc-post-MLP-dropout enc-1st-layernorm enc-attention-qkv enc-attention-score enc-attention-softmax enc-attention-dropout enc-attention-context enc-post-attention-dropout enc-2nd-layernorm enc-MLP-GEMM-1 enc-MLP-gelu enc-MLP-GEMM-2 enc-post-MLP-dropout enc-1st-layernorm enc-attention-qkv enc-attention-score enc-attention-softmax enc-attention-dropout enc-attention-context enc-post-attention-dropout enc-2nd-layernorm enc-MLP-GEMM-1 enc-MLP-gelu enc-MLP-GEMM-2 enc-post-MLP-dropout enc-1st-layernorm enc-attention-qkv enc-attention-score enc-attention-softmax enc-attention-dropout enc-attention-context enc-post-attention-dropout enc-2nd-layernorm enc-MLP-GEMM-1 enc-MLP-gelu enc-MLP-GEMM-2 enc-post-MLP-dropout enc-1st-layernorm enc-attention-qkv enc-attention-score enc-attention-softmax enc-attention-dropout enc-attention-context enc-post-attention-dropout enc-2nd-layernorm enc-MLP-GEMM-1 enc-MLP-gelu enc-MLP-GEMM-2 enc-post-MLP-dropout enc-1st-layernorm enc-attention-qkv enc-attention-score enc-attention-softmax enc-attention-dropout enc-attention-context enc-post-attention-dropout enc-2nd-layernorm enc-MLP-GEMM-1 enc-MLP-gelu enc-MLP-GEMM-2 enc-post-MLP-dropout enc-1st-layernorm enc-attention-qkv enc-attention-score enc-attention-softmax enc-attention-dropout enc-attention-context enc-post-attention-dropout enc-2nd-layernorm enc-MLP-GEMM-1 enc-MLP-gelu enc-MLP-GEMM-2 enc-post-MLP-dropout enc-1st-layernorm enc-attention-qkv enc-attention-score enc-attention-softmax enc-attention-dropout enc-attention-context enc-post-attention-dropout enc-2nd-layernorm enc-MLP-GEMM-1 enc-MLP-gelu enc-MLP-GEMM-2 enc-post-MLP-dropout enc-1st-layernorm enc-attention-qkv enc-attention-score enc-attention-softmax enc-attention-dropout enc-attention-context enc-post-attention-dropout enc-2nd-layernorm enc-MLP-GEMM-1 enc-MLP-gelu enc-MLP-GEMM-2 enc-post-MLP-dropout enc-1st-layernorm enc-attention-qkv enc-attention-score enc-attention-softmax enc-attention-dropout enc-attention-context enc-post-attention-dropout enc-2nd-layernorm enc-MLP-GEMM-1 enc-MLP-gelu enc-MLP-GEMM-2 enc-post-MLP-dropout enc-1st-layernorm enc-attention-qkv enc-attention-score enc-attention-softmax enc-attention-dropout enc-attention-context enc-post-attention-dropout enc-2nd-layernorm enc-MLP-GEMM-1 enc-MLP-gelu enc-MLP-GEMM-2 enc-post-MLP-dropout enc-1st-layernorm enc-attention-qkv enc-attention-score enc-attention-softmax enc-attention-dropout enc-attention-context enc-post-attention-dropout enc-2nd-layernorm enc-MLP-GEMM-1 enc-MLP-gelu enc-MLP-GEMM-2 enc-post-MLP-dropout enc-1st-layernorm enc-attention-qkv enc-attention-score enc-attention-softmax enc-attention-dropout enc-attention-context enc-post-attention-dropout enc-2nd-layernorm enc-MLP-GEMM-1 enc-MLP-gelu enc-MLP-GEMM-2 enc-post-MLP-dropout enc-1st-layernorm enc-attention-qkv enc-attention-score enc-attention-softmax enc-attention-dropout enc-attention-context enc-post-attention-dropout enc-2nd-layernorm enc-MLP-GEMM-1 enc-MLP-gelu enc-MLP-GEMM-2 enc-post-MLP-dropout enc-1st-layernorm enc-attention-qkv enc-attention-score enc-attention-softmax enc-attention-dropout enc-attention-context enc-post-attention-dropout enc-2nd-layernorm enc-MLP-GEMM-1 enc-MLP-gelu enc-MLP-GEMM-2 enc-post-MLP-dropout enc-1st-layernorm enc-attention-qkv enc-attention-score enc-attention-softmax enc-attention-dropout enc-attention-context enc-post-attention-dropout enc-2nd-layernorm enc-MLP-GEMM-1 enc-MLP-gelu enc-MLP-GEMM-2 enc-post-MLP-dropout enc-1st-layernorm enc-attention-qkv enc-attention-score enc-attention-softmax enc-attention-dropout enc-attention-context enc-post-attention-dropout enc-2nd-layernorm enc-MLP-GEMM-1 enc-MLP-gelu enc-MLP-GEMM-2 enc-post-MLP-dropout enc-1st-layernorm enc-attention-qkv enc-attention-score enc-attention-softmax enc-attention-dropout enc-attention-context enc-post-attention-dropout enc-2nd-layernorm enc-MLP-GEMM-1 enc-MLP-gelu enc-MLP-GEMM-2 enc-post-MLP-dropout enc-1st-layernorm enc-attention-qkv enc-attention-score enc-attention-softmax enc-attention-dropout enc-attention-context enc-post-attention-dropout enc-2nd-layernorm enc-MLP-GEMM-1 enc-MLP-gelu enc-MLP-GEMM-2 enc-post-MLP-dropout enc-1st-layernorm enc-attention-qkv enc-attention-score enc-attention-softmax enc-attention-dropout enc-attention-context enc-post-attention-dropout enc-2nd-layernorm enc-MLP-GEMM-1 enc-MLP-gelu enc-MLP-GEMM-2 enc-post-MLP-dropout enc-1st-layernorm enc-attention-qkv enc-attention-score enc-attention-softmax enc-attention-dropout enc-attention-context enc-post-attention-dropout enc-2nd-layernorm enc-MLP-GEMM-1 enc-MLP-gelu enc-MLP-GEMM-2 enc-post-MLP-dropout enc-1st-layernorm enc-attention-qkv enc-attention-score enc-attention-softmax enc-attention-dropout enc-attention-context enc-post-attention-dropout enc-2nd-layernorm enc-MLP-GEMM-1 enc-MLP-gelu enc-MLP-GEMM-2 enc-post-MLP-dropout enc-1st-layernorm enc-attention-qkv enc-attention-score enc-attention-softmax enc-attention-dropout enc-attention-context enc-post-attention-dropout enc-2nd-layernorm enc-MLP-GEMM-1 enc-MLP-gelu enc-MLP-GEMM-2 enc-post-MLP-dropout enc-1st-layernorm enc-attention-qkv enc-attention-score enc-attention-softmax enc-attention-dropout enc-attention-context enc-post-attention-dropout enc-2nd-layernorm enc-MLP-GEMM-1 enc-MLP-gelu enc-MLP-GEMM-2 enc-post-MLP-dropout enc-1st-layernorm enc-attention-qkv enc-attention-score enc-attention-softmax enc-attention-dropout enc-attention-context enc-post-attention-dropout enc-2nd-layernorm enc-MLP-GEMM-1 enc-MLP-gelu enc-MLP-GEMM-2 enc-post-MLP-dropout enc-1st-layernorm enc-attention-qkv enc-attention-score enc-attention-softmax enc-attention-dropout enc-attention-context enc-post-attention-dropout enc-2nd-layernorm enc-MLP-GEMM-1 enc-MLP-gelu enc-MLP-GEMM-2 enc-post-MLP-dropout enc-1st-layernorm enc-attention-qkv enc-attention-score enc-attention-softmax enc-attention-dropout enc-attention-context enc-post-attention-dropout enc-2nd-layernorm 
[rank 1 all ops] "enc-MLP-gelu","enc-MLP-GEMM-2","enc-post-MLP-dropout","enc-1st-layernorm","enc-attention-qkv","enc-attention-score","enc-attention-softmax","enc-attention-dropout","enc-attention-context","enc-attention-dense","enc-post-attention-dropout","enc-2nd-layernorm","enc-MLP-GEMM-1","enc-MLP-gelu","enc-MLP-GEMM-2","enc-post-MLP-dropout","enc-1st-layernorm","enc-attention-qkv","enc-attention-score","enc-attention-softmax","enc-attention-dropout","enc-attention-context","enc-attention-dense","enc-post-attention-dropout","enc-2nd-layernorm","enc-MLP-GEMM-1","enc-MLP-gelu","enc-MLP-GEMM-2","enc-post-MLP-dropout","enc-1st-layernorm","enc-attention-qkv","enc-attention-score","enc-attention-softmax","enc-attention-dropout","enc-attention-context","enc-attention-dense","enc-post-attention-dropout","enc-2nd-layernorm","enc-MLP-GEMM-1","enc-MLP-gelu","enc-MLP-GEMM-2","enc-post-MLP-dropout","enc-1st-layernorm","enc-attention-qkv","enc-attention-score","enc-attention-softmax","enc-attention-dropout","enc-attention-context","enc-attention-dense","enc-post-attention-dropout","enc-2nd-layernorm","enc-MLP-GEMM-1","enc-MLP-gelu","enc-MLP-GEMM-2","enc-post-MLP-dropout","enc-1st-layernorm","enc-attention-qkv","enc-attention-score","enc-attention-softmax","enc-attention-dropout","enc-attention-context","enc-attention-dense","enc-post-attention-dropout","enc-2nd-layernorm","enc-MLP-GEMM-1","enc-MLP-gelu","enc-MLP-GEMM-2","enc-post-MLP-dropout","enc-1st-layernorm","enc-attention-qkv","enc-attention-score","enc-attention-softmax","enc-attention-dropout","enc-attention-context","enc-attention-dense","enc-post-attention-dropout","enc-2nd-layernorm","enc-MLP-GEMM-1","enc-MLP-gelu","enc-MLP-GEMM-2","enc-post-MLP-dropout","enc-1st-layernorm","enc-attention-qkv","enc-attention-score","enc-attention-softmax","enc-attention-dropout","enc-attention-context","enc-attention-dense","enc-post-attention-dropout","enc-2nd-layernorm","enc-MLP-GEMM-1","enc-MLP-gelu","enc-MLP-GEMM-2","enc-post-MLP-dropout","enc-1st-layernorm","enc-attention-qkv","enc-attention-score","enc-attention-softmax","enc-attention-dropout","enc-attention-context","enc-attention-dense","enc-post-attention-dropout","enc-2nd-layernorm","enc-MLP-GEMM-1","enc-MLP-gelu","enc-MLP-GEMM-2","enc-post-MLP-dropout","enc-1st-layernorm","enc-attention-qkv","enc-attention-score","enc-attention-softmax","enc-attention-dropout","enc-attention-context","enc-attention-dense","enc-post-attention-dropout","enc-2nd-layernorm","enc-MLP-GEMM-1","enc-MLP-gelu","enc-MLP-GEMM-2","enc-post-MLP-dropout","enc-1st-layernorm","enc-attention-qkv","enc-attention-score","enc-attention-softmax","enc-attention-dropout","enc-attention-context","enc-attention-dense","enc-post-attention-dropout","enc-2nd-layernorm","enc-MLP-GEMM-1","enc-MLP-gelu","enc-MLP-GEMM-2","enc-post-MLP-dropout","enc-1st-layernorm","enc-attention-qkv","enc-attention-score","enc-attention-softmax","enc-attention-dropout","enc-attention-context","enc-attention-dense","enc-post-attention-dropout","enc-2nd-layernorm","enc-MLP-GEMM-1","enc-MLP-gelu","enc-MLP-GEMM-2","enc-post-MLP-dropout","enc-1st-layernorm","enc-attention-qkv","enc-attention-score","enc-attention-softmax","enc-attention-dropout","enc-attention-context","enc-attention-dense","enc-post-attention-dropout","enc-2nd-layernorm","enc-MLP-GEMM-1","enc-MLP-gelu","enc-MLP-GEMM-2","enc-post-MLP-dropout","enc-1st-layernorm","enc-attention-qkv","enc-attention-score","enc-attention-softmax","enc-attention-dropout","enc-attention-context","enc-attention-dense","enc-post-attention-dropout","enc-2nd-layernorm","enc-MLP-GEMM-1","enc-MLP-gelu","enc-MLP-GEMM-2","enc-post-MLP-dropout","enc-1st-layernorm","enc-attention-qkv","enc-attention-score","enc-attention-softmax","enc-attention-dropout","enc-attention-context","enc-attention-dense","enc-post-attention-dropout","enc-2nd-layernorm","enc-MLP-GEMM-1","enc-MLP-gelu","enc-MLP-GEMM-2","enc-post-MLP-dropout","enc-1st-layernorm","enc-attention-qkv","enc-attention-score","enc-attention-softmax","enc-attention-dropout","enc-attention-context","enc-attention-dense","enc-post-attention-dropout","enc-2nd-layernorm","enc-MLP-GEMM-1","enc-MLP-gelu","enc-MLP-GEMM-2","enc-post-MLP-dropout","enc-1st-layernorm","enc-attention-qkv","enc-attention-score","enc-attention-softmax","enc-attention-dropout","enc-attention-context","enc-attention-dense","enc-post-attention-dropout","enc-2nd-layernorm","enc-MLP-GEMM-1","enc-MLP-gelu","enc-MLP-GEMM-2","enc-post-MLP-dropout","enc-1st-layernorm","enc-attention-qkv","enc-attention-score","enc-attention-softmax","enc-attention-dropout","enc-attention-context","enc-attention-dense","enc-post-attention-dropout","enc-2nd-layernorm","enc-MLP-GEMM-1","enc-MLP-gelu","enc-MLP-GEMM-2","enc-post-MLP-dropout","enc-1st-layernorm","enc-attention-qkv","enc-attention-score","enc-attention-softmax","enc-attention-dropout","enc-attention-context","enc-attention-dense","enc-post-attention-dropout","enc-2nd-layernorm","enc-MLP-GEMM-1","enc-MLP-gelu","enc-MLP-GEMM-2","enc-post-MLP-dropout","enc-1st-layernorm","enc-attention-qkv","enc-attention-score","enc-attention-softmax","enc-attention-dropout","enc-attention-context","enc-attention-dense","enc-post-attention-dropout","enc-2nd-layernorm","enc-MLP-GEMM-1","enc-MLP-gelu","enc-MLP-GEMM-2","enc-post-MLP-dropout","enc-1st-layernorm","enc-attention-qkv","enc-attention-score","enc-attention-softmax","enc-attention-dropout","enc-attention-context","enc-attention-dense","enc-post-attention-dropout","enc-2nd-layernorm","enc-MLP-GEMM-1","enc-MLP-gelu","enc-MLP-GEMM-2","enc-post-MLP-dropout","enc-1st-layernorm","enc-attention-qkv","enc-attention-score","enc-attention-softmax","enc-attention-dropout","enc-attention-context","enc-attention-dense","enc-post-attention-dropout","enc-2nd-layernorm","enc-MLP-GEMM-1","enc-MLP-gelu","enc-MLP-GEMM-2","enc-post-MLP-dropout","enc-1st-layernorm","enc-attention-qkv","enc-attention-score","enc-attention-softmax","enc-attention-dropout","enc-attention-context","enc-attention-dense","enc-post-attention-dropout","enc-2nd-layernorm","enc-MLP-GEMM-1","enc-MLP-gelu","enc-MLP-GEMM-2","enc-post-MLP-dropout","enc-1st-layernorm","enc-attention-qkv","enc-attention-score","enc-attention-softmax","enc-attention-dropout","enc-attention-context","enc-attention-dense","enc-post-attention-dropout","enc-2nd-layernorm","enc-MLP-GEMM-1","enc-MLP-gelu","enc-MLP-GEMM-2","enc-post-MLP-dropout","enc-1st-layernorm","enc-attention-qkv","enc-attention-score","enc-attention-softmax","enc-attention-dropout","enc-attention-context","enc-attention-dense","enc-post-attention-dropout","enc-2nd-layernorm","enc-MLP-GEMM-1","enc-MLP-gelu","enc-MLP-GEMM-2","enc-post-MLP-dropout","enc-1st-layernorm","enc-attention-qkv","enc-attention-score","enc-attention-softmax","enc-attention-dropout","enc-attention-context","enc-attention-dense","enc-post-attention-dropout","enc-2nd-layernorm","enc-MLP-GEMM-1","enc-MLP-gelu","enc-MLP-GEMM-2","enc-post-MLP-dropout","enc-1st-layernorm","enc-attention-qkv","enc-attention-score","enc-attention-softmax","enc-attention-dropout","enc-attention-context","enc-attention-dense","enc-post-attention-dropout","enc-2nd-layernorm","enc-MLP-GEMM-1","enc-MLP-gelu","enc-MLP-GEMM-2","enc-post-MLP-dropout","enc-1st-layernorm","enc-attention-qkv","enc-attention-score","enc-attention-softmax","enc-attention-dropout","enc-attention-context","enc-attention-dense","enc-post-attention-dropout","enc-2nd-layernorm","enc-MLP-GEMM-1","enc-MLP-gelu","enc-MLP-GEMM-2","enc-post-MLP-dropout","enc-1st-layernorm","enc-attention-qkv","enc-attention-score","enc-attention-softmax","enc-attention-dropout","enc-attention-context","enc-attention-dense","enc-post-attention-dropout","enc-2nd-layernorm","enc-MLP-GEMM-1","enc-MLP-gelu","enc-MLP-GEMM-2","enc-post-MLP-dropout","enc-1st-layernorm","enc-attention-qkv","enc-attention-score","enc-attention-softmax","enc-attention-dropout","enc-attention-context","enc-attention-dense","enc-post-attention-dropout","enc-2nd-layernorm","enc-MLP-GEMM-1","enc-MLP-gelu","enc-MLP-GEMM-2","enc-post-MLP-dropout","enc-1st-layernorm","enc-attention-qkv","enc-attention-score","enc-attention-softmax","enc-attention-dropout","enc-attention-context","enc-attention-dense","enc-post-attention-dropout","enc-2nd-layernorm","enc-MLP-GEMM-1","enc-MLP-gelu","enc-MLP-GEMM-2","enc-post-MLP-dropout","enc-1st-layernorm","enc-attention-qkv","enc-attention-score","enc-attention-softmax","enc-attention-dropout","enc-attention-context","enc-attention-dense","enc-post-attention-dropout","enc-2nd-layernorm","enc-MLP-GEMM-1","enc-MLP-gelu","enc-MLP-GEMM-2","enc-post-MLP-dropout","enc-1st-layernorm","enc-attention-qkv","enc-attention-score","enc-attention-softmax","enc-attention-dropout","enc-attention-context","enc-attention-dense","enc-post-attention-dropout","enc-2nd-layernorm","enc-MLP-GEMM-1","enc-MLP-gelu","enc-MLP-GEMM-2","enc-post-MLP-dropout","enc-1st-layernorm","enc-attention-qkv","enc-attention-score","enc-attention-softmax","enc-attention-dropout","enc-attention-context","enc-attention-dense","enc-post-attention-dropout","enc-2nd-layernorm","enc-MLP-GEMM-1","enc-MLP-gelu","enc-MLP-GEMM-2","enc-post-MLP-dropout","enc-1st-layernorm","enc-attention-qkv","enc-attention-score","enc-attention-softmax","enc-attention-dropout","enc-attention-context","enc-attention-dense","enc-post-attention-dropout","enc-2nd-layernorm","enc-MLP-GEMM-1","enc-MLP-gelu","enc-MLP-GEMM-2","enc-post-MLP-dropout","enc-1st-layernorm","enc-attention-qkv","enc-attention-score","enc-attention-softmax","enc-attention-dropout","enc-attention-context","enc-attention-dense","enc-post-attention-dropout","enc-2nd-layernorm","enc-MLP-GEMM-1","enc-MLP-gelu","enc-MLP-GEMM-2","enc-post-MLP-dropout","enc-1st-layernorm","enc-attention-qkv","enc-attention-score","enc-attention-softmax","enc-attention-dropout","enc-attention-context","enc-attention-dense","enc-post-attention-dropout","enc-2nd-layernorm","enc-MLP-GEMM-1","enc-MLP-gelu","enc-MLP-GEMM-2","enc-post-MLP-dropout","enc-1st-layernorm","enc-attention-qkv","enc-attention-score","enc-attention-softmax","enc-attention-dropout","enc-attention-context","enc-attention-dense","enc-post-attention-dropout","enc-2nd-layernorm","enc-MLP-GEMM-1","enc-MLP-gelu","enc-MLP-GEMM-2","enc-post-MLP-dropout","enc-1st-layernorm","enc-attention-qkv","enc-attention-score","enc-attention-softmax","enc-attention-dropout","enc-attention-context","enc-attention-dense","enc-post-attention-dropout","enc-2nd-layernorm","enc-MLP-GEMM-1","enc-MLP-gelu","enc-MLP-GEMM-2","enc-post-MLP-dropout","enc-1st-layernorm","enc-attention-qkv","enc-attention-score","enc-attention-softmax","enc-attention-dropout","enc-attention-context","enc-attention-dense","enc-post-attention-dropout","enc-2nd-layernorm","enc-MLP-GEMM-1","enc-MLP-gelu","enc-MLP-GEMM-2","enc-post-MLP-dropout","enc-1st-layernorm","enc-attention-qkv","enc-attention-score","enc-attention-softmax","enc-attention-dropout","enc-attention-context","enc-attention-dense","enc-post-attention-dropout","enc-2nd-layernorm","enc-MLP-GEMM-1","enc-MLP-gelu","enc-MLP-GEMM-2","enc-post-MLP-dropout","enc-1st-layernorm","enc-attention-qkv","enc-attention-score","enc-attention-softmax","enc-attention-dropout","enc-attention-context","enc-attention-dense","enc-post-attention-dropout","enc-2nd-layernorm","enc-MLP-GEMM-1","enc-MLP-gelu","enc-MLP-GEMM-2","enc-post-MLP-dropout","enc-1st-layernorm","enc-attention-qkv","enc-attention-score","enc-attention-softmax","enc-attention-dropout","enc-attention-context","enc-attention-dense","enc-post-attention-dropout","enc-2nd-layernorm","enc-MLP-GEMM-1","enc-MLP-gelu","enc-MLP-GEMM-2","enc-post-MLP-dropout","enc-1st-layernorm","enc-attention-qkv","enc-attention-score","enc-attention-softmax","enc-attention-dropout","enc-attention-context","enc-attention-dense","enc-post-attention-dropout","enc-2nd-layernorm","enc-MLP-GEMM-1","enc-MLP-gelu","enc-MLP-GEMM-2","enc-post-MLP-dropout","enc-1st-layernorm","enc-attention-qkv","enc-attention-score","enc-attention-softmax","enc-attention-dropout","enc-attention-context","enc-attention-dense","enc-post-attention-dropout","enc-2nd-layernorm","enc-MLP-GEMM-1","enc-MLP-gelu","enc-MLP-GEMM-2","enc-post-MLP-dropout","enc-1st-layernorm","enc-attention-qkv","enc-attention-score","enc-attention-softmax","enc-attention-dropout","enc-attention-context","enc-attention-dense","enc-post-attention-dropout","enc-2nd-layernorm","enc-MLP-GEMM-1","enc-MLP-gelu","enc-MLP-GEMM-2","enc-post-MLP-dropout","enc-1st-layernorm","enc-attention-qkv","enc-attention-score","enc-attention-softmax","enc-attention-dropout","enc-attention-context","enc-attention-dense","enc-post-attention-dropout","enc-2nd-layernorm","enc-MLP-GEMM-1","enc-MLP-gelu","enc-MLP-GEMM-2","enc-post-MLP-dropout","enc-1st-layernorm","enc-attention-qkv","enc-attention-score","enc-attention-softmax","enc-attention-dropout","enc-attention-context","enc-attention-dense","enc-post-attention-dropout","enc-2nd-layernorm","enc-MLP-GEMM-1","enc-MLP-gelu","enc-MLP-GEMM-2","enc-post-MLP-dropout","enc-1st-layernorm","enc-attention-qkv","enc-attention-score","enc-attention-softmax","enc-attention-dropout","enc-attention-context","enc-attention-dense","enc-post-attention-dropout","enc-2nd-layernorm","enc-MLP-GEMM-1","enc-MLP-gelu","enc-MLP-GEMM-2","enc-post-MLP-dropout","enc-1st-layernorm","enc-attention-qkv","enc-attention-score","enc-attention-softmax","enc-attention-dropout","enc-attention-context","enc-attention-dense","enc-post-attention-dropout","enc-2nd-layernorm","enc-MLP-GEMM-1","enc-MLP-gelu","enc-MLP-GEMM-2","enc-post-MLP-dropout","enc-1st-layernorm","enc-attention-qkv","enc-attention-score","enc-attention-softmax","enc-attention-dropout","enc-attention-context","enc-attention-dense","enc-post-attention-dropout","enc-2nd-layernorm","enc-MLP-GEMM-1","enc-MLP-gelu","enc-MLP-GEMM-2","enc-post-MLP-dropout","enc-1st-layernorm","enc-attention-qkv","enc-attention-score","enc-attention-softmax","enc-attention-dropout","enc-attention-context","enc-attention-dense","enc-post-attention-dropout","enc-2nd-layernorm","enc-MLP-GEMM-1","enc-MLP-gelu","enc-MLP-GEMM-2","enc-post-MLP-dropout","enc-1st-layernorm","enc-attention-qkv","enc-attention-score","enc-attention-softmax","enc-attention-dropout","enc-attention-context","enc-attention-dense","enc-post-attention-dropout","enc-2nd-layernorm","enc-MLP-GEMM-1","enc-MLP-gelu","enc-MLP-GEMM-2","enc-post-MLP-dropout","enc-1st-layernorm","enc-attention-qkv","enc-attention-score","enc-attention-softmax","enc-attention-dropout","enc-attention-context","enc-attention-dense","enc-post-attention-dropout","enc-2nd-layernorm","enc-MLP-GEMM-1","enc-MLP-gelu","enc-MLP-GEMM-2","enc-post-MLP-dropout","enc-1st-layernorm","enc-attention-qkv","enc-attention-score","enc-attention-softmax","enc-attention-dropout","enc-attention-context","enc-attention-dense","enc-post-attention-dropout","enc-2nd-layernorm","enc-MLP-GEMM-1","enc-MLP-gelu","enc-MLP-GEMM-2","enc-post-MLP-dropout","enc-1st-layernorm","enc-attention-qkv","enc-attention-score","enc-attention-softmax","enc-attention-dropout","enc-attention-context","enc-attention-dense","enc-post-attention-dropout","enc-2nd-layernorm","enc-MLP-GEMM-1","enc-MLP-gelu","enc-MLP-GEMM-2","enc-post-MLP-dropout","enc-1st-layernorm","enc-attention-qkv","enc-attention-score","enc-attention-softmax","enc-attention-dropout","enc-attention-context","enc-attention-dense","enc-post-attention-dropout","enc-2nd-layernorm","enc-MLP-GEMM-1","enc-MLP-gelu","enc-MLP-GEMM-2","enc-post-MLP-dropout","enc-1st-layernorm","enc-attention-qkv","enc-attention-score","enc-attention-softmax","enc-attention-dropout","enc-attention-context","enc-attention-dense","enc-post-attention-dropout","enc-2nd-layernorm","enc-MLP-GEMM-1","enc-MLP-gelu","enc-MLP-GEMM-2","enc-post-MLP-dropout","enc-1st-layernorm","enc-attention-qkv","enc-attention-score","enc-attention-softmax","enc-attention-dropout","enc-attention-context","enc-attention-dense","enc-post-attention-dropout","enc-2nd-layernorm","enc-MLP-GEMM-1","enc-MLP-gelu","enc-MLP-GEMM-2","enc-post-MLP-dropout","enc-1st-layernorm","enc-attention-qkv","enc-attention-score","enc-attention-softmax","enc-attention-dropout","enc-attention-context","enc-attention-dense","enc-post-attention-dropout","enc-2nd-layernorm","enc-MLP-GEMM-1","enc-MLP-gelu","enc-MLP-GEMM-2","enc-post-MLP-dropout","enc-1st-layernorm","enc-attention-qkv","enc-attention-score","enc-attention-softmax","enc-attention-dropout","enc-attention-context","enc-attention-dense","enc-post-attention-dropout","enc-2nd-layernorm","enc-MLP-GEMM-1","enc-MLP-gelu","enc-MLP-GEMM-2","enc-post-MLP-dropout","enc-1st-layernorm","enc-attention-qkv","enc-attention-score","enc-attention-softmax","enc-attention-dropout","enc-attention-context","enc-attention-dense","enc-post-attention-dropout","enc-2nd-layernorm","enc-MLP-GEMM-1","enc-MLP-gelu","enc-MLP-GEMM-2","enc-post-MLP-dropout","enc-1st-layernorm","enc-attention-qkv","enc-attention-score","enc-attention-softmax","enc-attention-dropout","enc-attention-context","enc-attention-dense","enc-post-attention-dropout","enc-2nd-layernorm","enc-MLP-GEMM-1","enc-MLP-gelu","enc-MLP-GEMM-2","enc-post-MLP-dropout","enc-1st-layernorm","enc-attention-qkv","enc-attention-score","enc-attention-softmax","enc-attention-dropout","enc-attention-context","enc-attention-dense","enc-post-attention-dropout","enc-2nd-layernorm","enc-MLP-GEMM-1","enc-MLP-gelu","enc-MLP-GEMM-2","enc-post-MLP-dropout","enc-1st-layernorm","enc-attention-qkv","enc-attention-score","enc-attention-softmax","enc-attention-dropout","enc-attention-context","enc-attention-dense","enc-post-attention-dropout","enc-2nd-layernorm","enc-MLP-GEMM-1","enc-MLP-gelu","enc-MLP-GEMM-2","enc-post-MLP-dropout","enc-1st-layernorm","enc-attention-qkv","enc-attention-score","enc-attention-softmax","enc-attention-dropout","enc-attention-context","enc-attention-dense","enc-post-attention-dropout","enc-2nd-layernorm","enc-MLP-GEMM-1","enc-MLP-gelu","enc-MLP-GEMM-2","enc-post-MLP-dropout","enc-1st-layernorm","enc-attention-qkv","enc-attention-score","enc-attention-softmax","enc-attention-dropout","enc-attention-context","enc-attention-dense","enc-post-attention-dropout","enc-2nd-layernorm","enc-MLP-GEMM-1","enc-MLP-gelu","enc-MLP-GEMM-2","enc-post-MLP-dropout","enc-1st-layernorm","enc-attention-qkv","enc-attention-score","enc-attention-softmax","enc-attention-dropout","enc-attention-context","enc-attention-dense","enc-post-attention-dropout","enc-2nd-layernorm","enc-MLP-GEMM-1","enc-MLP-gelu","enc-MLP-GEMM-2","enc-post-MLP-dropout","enc-1st-layernorm","enc-attention-qkv","enc-attention-score","enc-attention-softmax","enc-attention-dropout","enc-attention-context","enc-attention-dense","enc-post-attention-dropout","enc-2nd-layernorm","enc-MLP-GEMM-1","enc-MLP-gelu","enc-MLP-GEMM-2","enc-post-MLP-dropout","enc-1st-layernorm","enc-attention-qkv","enc-attention-score","enc-attention-softmax","enc-attention-dropout","enc-attention-context","enc-attention-dense","enc-post-attention-dropout","enc-2nd-layernorm","enc-MLP-GEMM-1","enc-MLP-gelu","enc-MLP-GEMM-2","enc-post-MLP-dropout","enc-1st-layernorm","enc-attention-qkv","enc-attention-score","enc-attention-softmax","enc-attention-dropout","enc-attention-context","enc-attention-dense","enc-post-attention-dropout","enc-2nd-layernorm","enc-MLP-GEMM-1","enc-MLP-gelu","enc-MLP-GEMM-2","enc-post-MLP-dropout","enc-1st-layernorm","enc-attention-qkv","enc-attention-score","enc-attention-softmax","enc-attention-dropout","enc-attention-context","enc-attention-dense","enc-post-attention-dropout","enc-2nd-layernorm","enc-MLP-GEMM-1","enc-MLP-gelu","enc-MLP-GEMM-2","enc-post-MLP-dropout","enc-1st-layernorm","enc-attention-qkv","enc-attention-score","enc-attention-softmax","enc-attention-dropout","enc-attention-context","enc-attention-dense","enc-post-attention-dropout","enc-2nd-layernorm","enc-MLP-GEMM-1","enc-MLP-gelu","enc-MLP-GEMM-2","enc-post-MLP-dropout","enc-1st-layernorm","enc-attention-qkv","enc-attention-score","enc-attention-softmax","enc-attention-dropout","enc-attention-context","enc-attention-dense","enc-post-attention-dropout","enc-2nd-layernorm","enc-MLP-GEMM-1","enc-MLP-gelu","enc-MLP-GEMM-2","enc-post-MLP-dropout","enc-1st-layernorm","enc-attention-qkv","enc-attention-score","enc-attention-softmax","enc-attention-dropout","enc-attention-context","enc-attention-dense","enc-post-attention-dropout","enc-2nd-layernorm","enc-MLP-GEMM-1","enc-MLP-gelu","enc-MLP-GEMM-2","enc-post-MLP-dropout","enc-1st-layernorm","enc-attention-qkv","enc-attention-score","enc-attention-softmax","enc-attention-dropout","enc-attention-context","enc-attention-dense","enc-post-attention-dropout","enc-2nd-layernorm","enc-MLP-GEMM-1","enc-MLP-gelu","enc-MLP-GEMM-2","enc-post-MLP-dropout","enc-1st-layernorm","enc-attention-qkv","enc-attention-score","enc-attention-softmax","enc-attention-dropout","enc-attention-context","enc-attention-dense","enc-post-attention-dropout","enc-2nd-layernorm","enc-MLP-GEMM-1","enc-MLP-gelu","enc-MLP-GEMM-2","enc-post-MLP-dropout","enc-1st-layernorm","enc-attention-qkv","enc-attention-score","enc-attention-softmax","enc-attention-dropout","enc-attention-context","enc-attention-dense","enc-post-attention-dropout","enc-2nd-layernorm","enc-MLP-GEMM-1","enc-MLP-gelu","enc-MLP-GEMM-2","enc-post-MLP-dropout","enc-1st-layernorm","enc-attention-qkv","enc-attention-score","enc-attention-softmax","enc-attention-dropout","enc-attention-context","enc-attention-dense","enc-post-attention-dropout","enc-2nd-layernorm","enc-MLP-GEMM-1","enc-MLP-gelu","enc-MLP-GEMM-2","enc-post-MLP-dropout","enc-1st-layernorm","enc-attention-qkv","enc-attention-score","enc-attention-softmax","enc-attention-dropout","enc-attention-context","enc-attention-dense","enc-post-attention-dropout","enc-2nd-layernorm","enc-MLP-GEMM-1","enc-MLP-gelu","enc-MLP-GEMM-2","enc-post-MLP-dropout","enc-1st-layernorm","enc-attention-qkv","enc-attention-score","enc-attention-softmax","enc-attention-dropout","enc-attention-context","enc-attention-dense","enc-post-attention-dropout","enc-2nd-layernorm","enc-MLP-GEMM-1","enc-MLP-gelu","enc-MLP-GEMM-2","enc-post-MLP-dropout","enc-1st-layernorm","enc-attention-qkv","enc-attention-score","enc-attention-softmax","enc-attention-dropout","enc-attention-context","enc-attention-dense","enc-post-attention-dropout","enc-2nd-layernorm","enc-MLP-GEMM-1","enc-MLP-gelu","enc-MLP-GEMM-2","enc-post-MLP-dropout","enc-1st-layernorm","enc-attention-qkv","enc-attention-score","enc-attention-softmax","enc-attention-dropout","enc-attention-context","enc-attention-dense","enc-post-attention-dropout","enc-2nd-layernorm","enc-MLP-GEMM-1","enc-MLP-gelu","enc-MLP-GEMM-2","enc-post-MLP-dropout","enc-1st-layernorm","enc-attention-qkv","enc-attention-score","enc-attention-softmax","enc-attention-dropout","enc-attention-context","enc-attention-dense","enc-post-attention-dropout","enc-2nd-layernorm","enc-MLP-GEMM-1","enc-MLP-gelu","enc-MLP-GEMM-2","enc-post-MLP-dropout","enc-1st-layernorm","enc-attention-qkv","enc-attention-score","enc-attention-softmax","enc-attention-dropout","enc-attention-context","enc-attention-dense","enc-post-attention-dropout","enc-2nd-layernorm","enc-MLP-GEMM-1","enc-MLP-gelu","enc-MLP-GEMM-2","enc-post-MLP-dropout","enc-1st-layernorm","enc-attention-qkv","enc-attention-score","enc-attention-softmax","enc-attention-dropout","enc-attention-context","enc-attention-dense","enc-post-attention-dropout","enc-2nd-layernorm","enc-MLP-GEMM-1","enc-MLP-gelu","enc-MLP-GEMM-2","enc-post-MLP-dropout","enc-1st-layernorm","enc-attention-qkv","enc-attention-score","enc-attention-softmax","enc-attention-dropout","enc-attention-context","enc-attention-dense","enc-post-attention-dropout","enc-2nd-layernorm","enc-MLP-GEMM-1","enc-MLP-gelu","enc-MLP-GEMM-2","enc-post-MLP-dropout","enc-1st-layernorm","enc-attention-qkv","enc-attention-score","enc-attention-softmax","enc-attention-dropout","enc-attention-context","enc-attention-dense","enc-post-attention-dropout","enc-2nd-layernorm","enc-MLP-GEMM-1","enc-MLP-gelu","enc-MLP-GEMM-2","enc-post-MLP-dropout","enc-1st-layernorm","enc-attention-qkv","enc-attention-score","enc-attention-softmax","enc-attention-dropout","enc-attention-context","enc-attention-dense","enc-post-attention-dropout","enc-2nd-layernorm","enc-MLP-GEMM-1","enc-MLP-gelu","enc-MLP-GEMM-2","enc-post-MLP-dropout","enc-1st-layernorm","enc-attention-qkv","enc-attention-score","enc-attention-softmax","enc-attention-dropout","enc-attention-context","enc-attention-dense","enc-post-attention-dropout","enc-2nd-layernorm","enc-MLP-GEMM-1","enc-MLP-gelu","enc-MLP-GEMM-2","enc-post-MLP-dropout","enc-1st-layernorm","enc-attention-qkv","enc-attention-score","enc-attention-softmax","enc-attention-dropout","enc-attention-context","enc-attention-dense","enc-post-attention-dropout","enc-2nd-layernorm","enc-MLP-GEMM-1","enc-MLP-gelu","enc-MLP-GEMM-2","enc-post-MLP-dropout","enc-1st-layernorm","enc-attention-qkv","enc-attention-score","enc-attention-softmax","enc-attention-dropout","enc-attention-context","enc-attention-dense","enc-post-attention-dropout","enc-2nd-layernorm","enc-MLP-GEMM-1","enc-MLP-gelu","enc-MLP-GEMM-2","enc-post-MLP-dropout","enc-1st-layernorm","enc-attention-qkv","enc-attention-score","enc-attention-softmax","enc-attention-dropout","enc-attention-context","enc-attention-dense","enc-post-attention-dropout","enc-2nd-layernorm","enc-MLP-GEMM-1","enc-MLP-gelu","enc-MLP-GEMM-2","enc-post-MLP-dropout","enc-1st-layernorm","enc-attention-qkv","enc-attention-score","enc-attention-softmax","enc-attention-dropout","enc-attention-context","enc-attention-dense","enc-post-attention-dropout","enc-2nd-layernorm","enc-MLP-GEMM-1","enc-MLP-gelu","enc-MLP-GEMM-2","enc-post-MLP-dropout","enc-1st-layernorm","enc-attention-qkv","enc-attention-score","enc-attention-softmax","enc-attention-dropout","enc-attention-context","enc-attention-dense","enc-post-attention-dropout","enc-2nd-layernorm","enc-MLP-GEMM-1","enc-MLP-gelu","enc-MLP-GEMM-2","enc-post-MLP-dropout","enc-1st-layernorm","enc-attention-qkv","enc-attention-score","enc-attention-softmax","enc-attention-dropout","enc-attention-context","enc-attention-dense","enc-post-attention-dropout","enc-2nd-layernorm","enc-MLP-GEMM-1","enc-MLP-gelu","enc-MLP-GEMM-2","enc-post-MLP-dropout","enc-1st-layernorm","enc-attention-qkv","enc-attention-score","enc-attention-softmax","enc-attention-dropout","enc-attention-context","enc-attention-dense","enc-post-attention-dropout","enc-2nd-layernorm","enc-MLP-GEMM-1","enc-MLP-gelu","enc-MLP-GEMM-2","enc-post-MLP-dropout","enc-1st-layernorm","enc-attention-qkv","enc-attention-score","enc-attention-softmax","enc-attention-dropout","enc-attention-context","enc-attention-dense","enc-post-attention-dropout","enc-2nd-layernorm","enc-MLP-GEMM-1","enc-MLP-gelu","enc-MLP-GEMM-2","enc-post-MLP-dropout","enc-1st-layernorm","enc-attention-qkv","enc-attention-score","enc-attention-softmax","enc-attention-dropout","enc-attention-context","enc-attention-dense","enc-post-attention-dropout","enc-2nd-layernorm","enc-MLP-GEMM-1","enc-MLP-gelu","enc-MLP-GEMM-2","enc-post-MLP-dropout","enc-1st-layernorm","enc-attention-qkv","enc-attention-score","enc-attention-softmax","enc-attention-dropout","enc-attention-context","enc-attention-dense","enc-post-attention-dropout","enc-2nd-layernorm","enc-MLP-GEMM-1","enc-MLP-gelu","enc-MLP-GEMM-2","enc-post-MLP-dropout","enc-1st-layernorm","enc-attention-qkv","enc-attention-score","enc-attention-softmax","enc-attention-dropout","enc-attention-context","enc-attention-dense","enc-post-attention-dropout","enc-2nd-layernorm","enc-MLP-GEMM-1","enc-MLP-gelu","enc-MLP-GEMM-2","enc-post-MLP-dropout","enc-1st-layernorm","enc-attention-qkv","enc-attention-score","enc-attention-softmax","enc-attention-dropout","enc-attention-context","enc-attention-dense","enc-post-attention-dropout","enc-2nd-layernorm","enc-MLP-GEMM-1","enc-MLP-gelu","enc-MLP-GEMM-2","enc-post-MLP-dropout","enc-1st-layernorm","enc-attention-qkv","enc-attention-score","enc-attention-softmax","enc-attention-dropout","enc-attention-context","enc-attention-dense","enc-post-attention-dropout","enc-2nd-layernorm","enc-MLP-GEMM-1","enc-MLP-gelu","enc-MLP-GEMM-2","enc-post-MLP-dropout","enc-1st-layernorm","enc-attention-qkv","enc-attention-score","enc-attention-softmax","enc-attention-dropout","enc-attention-context","enc-attention-dense","enc-post-attention-dropout","enc-2nd-layernorm","enc-MLP-GEMM-1","enc-MLP-gelu","enc-MLP-GEMM-2","enc-post-MLP-dropout","enc-1st-layernorm","enc-attention-qkv","enc-attention-score","enc-attention-softmax","enc-attention-dropout","enc-attention-context","enc-attention-dense","enc-post-attention-dropout","enc-2nd-layernorm","enc-MLP-GEMM-1","enc-MLP-gelu","enc-MLP-GEMM-2","enc-post-MLP-dropout","enc-1st-layernorm","enc-attention-qkv","enc-attention-score","enc-attention-softmax","enc-attention-dropout","enc-attention-context","enc-attention-dense","enc-post-attention-dropout","enc-2nd-layernorm","enc-MLP-GEMM-1","enc-MLP-gelu","enc-MLP-GEMM-2","enc-post-MLP-dropout","enc-1st-layernorm","enc-attention-qkv","enc-attention-score","enc-attention-softmax","enc-attention-dropout","enc-attention-context","enc-attention-dense","enc-post-attention-dropout","enc-2nd-layernorm","enc-MLP-GEMM-1","enc-MLP-gelu","enc-MLP-GEMM-2","enc-post-MLP-dropout","enc-1st-layernorm","enc-attention-qkv","enc-attention-score","enc-attention-softmax","enc-attention-dropout","enc-attention-context","enc-attention-dense","enc-post-attention-dropout","enc-2nd-layernorm","enc-MLP-GEMM-1","enc-MLP-gelu","enc-MLP-GEMM-2","enc-post-MLP-dropout","enc-1st-layernorm","enc-attention-qkv","enc-attention-score","enc-attention-softmax","enc-attention-dropout","enc-attention-context","enc-attention-dense","enc-post-attention-dropout","enc-2nd-layernorm","enc-MLP-GEMM-1","enc-MLP-gelu","enc-MLP-GEMM-2","enc-post-MLP-dropout","enc-1st-layernorm","enc-attention-qkv","enc-attention-score","enc-attention-softmax","enc-attention-dropout","enc-attention-context","enc-attention-dense","enc-post-attention-dropout","enc-2nd-layernorm","enc-MLP-GEMM-1","enc-MLP-gelu","enc-MLP-GEMM-2","enc-post-MLP-dropout","enc-1st-layernorm","enc-attention-qkv","enc-attention-score","enc-attention-softmax","enc-attention-dropout","enc-attention-context","enc-attention-dense","enc-post-attention-dropout","enc-2nd-layernorm","enc-MLP-GEMM-1","enc-MLP-gelu","enc-MLP-GEMM-2","enc-post-MLP-dropout","enc-1st-layernorm","enc-attention-qkv","enc-attention-score","enc-attention-softmax","enc-attention-dropout","enc-attention-context","enc-attention-dense","enc-post-attention-dropout","enc-2nd-layernorm","enc-MLP-GEMM-1","enc-MLP-gelu","enc-MLP-GEMM-2","enc-post-MLP-dropout","enc-1st-layernorm","enc-attention-qkv","enc-attention-score","enc-attention-softmax","enc-attention-dropout","enc-attention-context","enc-attention-dense","enc-post-attention-dropout","enc-2nd-layernorm","enc-MLP-GEMM-1","enc-MLP-gelu","enc-MLP-GEMM-2","enc-post-MLP-dropout","enc-1st-layernorm","enc-attention-qkv","enc-attention-score","enc-attention-softmax","enc-attention-dropout","enc-attention-context","enc-attention-dense","enc-post-attention-dropout","enc-2nd-layernorm","enc-MLP-GEMM-1","enc-MLP-gelu","enc-MLP-GEMM-2","enc-post-MLP-dropout","enc-1st-layernorm","enc-attention-qkv","enc-attention-score","enc-attention-softmax","enc-attention-dropout","enc-attention-context","enc-attention-dense","enc-post-attention-dropout","enc-2nd-layernorm","enc-MLP-GEMM-1","enc-MLP-gelu","enc-MLP-GEMM-2","enc-post-MLP-dropout","enc-1st-layernorm","enc-attention-qkv","enc-attention-score","enc-attention-softmax","enc-attention-dropout","enc-attention-context","enc-attention-dense","enc-post-attention-dropout","enc-2nd-layernorm","enc-MLP-GEMM-1","enc-MLP-gelu","enc-MLP-GEMM-2","enc-post-MLP-dropout","enc-1st-layernorm","enc-attention-qkv","enc-attention-score","enc-attention-softmax","enc-attention-dropout","enc-attention-context","enc-attention-dense","enc-post-attention-dropout","enc-2nd-layernorm","enc-MLP-GEMM-1","enc-MLP-gelu","enc-MLP-GEMM-2","enc-post-MLP-dropout","enc-1st-layernorm","enc-attention-qkv","enc-attention-score","enc-attention-softmax","enc-attention-dropout","enc-attention-context","enc-attention-dense","enc-post-attention-dropout","enc-2nd-layernorm","enc-MLP-GEMM-1","enc-MLP-gelu","enc-MLP-GEMM-2","enc-post-MLP-dropout","enc-1st-layernorm","enc-attention-qkv","enc-attention-score","enc-attention-softmax","enc-attention-dropout","enc-attention-context","enc-attention-dense","enc-post-attention-dropout","enc-2nd-layernorm","enc-MLP-GEMM-1","enc-MLP-gelu","enc-MLP-GEMM-2","enc-post-MLP-dropout","enc-1st-layernorm","enc-attention-qkv","enc-attention-score","enc-attention-softmax","enc-attention-dropout","enc-attention-context","enc-attention-dense","enc-post-attention-dropout","enc-2nd-layernorm","enc-MLP-GEMM-1","enc-MLP-gelu","enc-MLP-GEMM-2","enc-post-MLP-dropout","enc-1st-layernorm","enc-attention-qkv","enc-attention-score","enc-attention-softmax","enc-attention-dropout","enc-attention-context","enc-attention-dense","enc-post-attention-dropout","enc-2nd-layernorm","enc-MLP-GEMM-1","enc-MLP-gelu","enc-MLP-GEMM-2","enc-post-MLP-dropout","enc-1st-layernorm","enc-attention-qkv","enc-attention-score","enc-attention-softmax","enc-attention-dropout","enc-attention-context","enc-attention-dense","enc-post-attention-dropout","enc-2nd-layernorm","enc-MLP-GEMM-1","enc-MLP-gelu","enc-MLP-GEMM-2","enc-post-MLP-dropout","enc-1st-layernorm","enc-attention-qkv","enc-attention-score","enc-attention-softmax","enc-attention-dropout","enc-attention-context","enc-attention-dense","enc-post-attention-dropout","enc-2nd-layernorm","enc-MLP-GEMM-1","enc-MLP-gelu","enc-MLP-GEMM-2","enc-post-MLP-dropout","enc-1st-layernorm","enc-attention-qkv","enc-attention-score","enc-attention-softmax","enc-attention-dropout","enc-attention-context","enc-attention-dense","enc-post-attention-dropout","enc-2nd-layernorm","enc-MLP-GEMM-1","enc-MLP-gelu","enc-MLP-GEMM-2","enc-post-MLP-dropout","enc-1st-layernorm","enc-attention-qkv","enc-attention-score","enc-attention-softmax","enc-attention-dropout","enc-attention-context","enc-attention-dense","enc-post-attention-dropout","enc-2nd-layernorm","enc-MLP-GEMM-1","enc-MLP-gelu","enc-MLP-GEMM-2","enc-post-MLP-dropout","enc-1st-layernorm","enc-attention-qkv","enc-attention-score","enc-attention-softmax","enc-attention-dropout","enc-attention-context","enc-attention-dense","enc-post-attention-dropout","enc-2nd-layernorm","enc-MLP-GEMM-1","enc-MLP-gelu","enc-MLP-GEMM-2","enc-post-MLP-dropout","enc-1st-layernorm","enc-attention-qkv","enc-attention-score","enc-attention-softmax","enc-attention-dropout","enc-attention-context","enc-attention-dense","enc-post-attention-dropout","enc-2nd-layernorm","enc-MLP-GEMM-1","enc-MLP-gelu","enc-MLP-GEMM-2","enc-post-MLP-dropout","enc-1st-layernorm","enc-attention-qkv","enc-attention-score","enc-attention-softmax","enc-attention-dropout","enc-attention-context","enc-attention-dense","enc-post-attention-dropout","enc-2nd-layernorm","enc-MLP-GEMM-1","enc-MLP-gelu","enc-MLP-GEMM-2","enc-post-MLP-dropout","enc-1st-layernorm","enc-attention-qkv","enc-attention-score","enc-attention-softmax","enc-attention-dropout","enc-attention-context","enc-attention-dense","enc-post-attention-dropout","enc-2nd-layernorm",
[rank 1 recompute ops] enc-MLP-gelu enc-MLP-GEMM-2 enc-post-MLP-dropout enc-1st-layernorm enc-attention-qkv enc-attention-score enc-attention-softmax enc-attention-dropout enc-attention-context enc-attention-dense enc-post-attention-dropout enc-2nd-layernorm enc-MLP-GEMM-1 enc-MLP-gelu enc-MLP-GEMM-2 enc-post-MLP-dropout enc-1st-layernorm enc-attention-qkv enc-attention-score enc-attention-softmax enc-attention-dropout enc-attention-context enc-attention-dense enc-post-attention-dropout enc-2nd-layernorm enc-MLP-GEMM-1 enc-MLP-gelu enc-MLP-GEMM-2 enc-post-MLP-dropout enc-1st-layernorm enc-attention-qkv enc-attention-score enc-attention-softmax enc-attention-dropout enc-attention-context enc-attention-dense enc-post-attention-dropout enc-2nd-layernorm enc-MLP-GEMM-1 enc-MLP-gelu enc-MLP-GEMM-2 enc-post-MLP-dropout enc-1st-layernorm enc-attention-qkv enc-attention-score enc-attention-softmax enc-attention-dropout enc-attention-context enc-attention-dense enc-post-attention-dropout enc-2nd-layernorm enc-MLP-GEMM-1 enc-MLP-gelu enc-MLP-GEMM-2 enc-post-MLP-dropout enc-1st-layernorm enc-attention-qkv enc-attention-score enc-attention-softmax enc-attention-dropout enc-attention-context enc-attention-dense enc-post-attention-dropout enc-2nd-layernorm enc-MLP-GEMM-1 enc-MLP-gelu enc-MLP-GEMM-2 enc-post-MLP-dropout enc-1st-layernorm enc-attention-qkv enc-attention-score enc-attention-softmax enc-attention-dropout enc-attention-context enc-attention-dense enc-post-attention-dropout enc-2nd-layernorm enc-MLP-GEMM-1 enc-MLP-gelu enc-MLP-GEMM-2 enc-post-MLP-dropout enc-1st-layernorm enc-attention-qkv enc-attention-score enc-attention-softmax enc-attention-dropout enc-attention-context enc-attention-dense enc-post-attention-dropout enc-2nd-layernorm enc-MLP-GEMM-1 enc-MLP-gelu enc-MLP-GEMM-2 enc-post-MLP-dropout enc-1st-layernorm enc-attention-qkv enc-attention-score enc-attention-softmax enc-attention-dropout enc-attention-context enc-attention-dense enc-post-attention-dropout enc-2nd-layernorm enc-MLP-GEMM-1 enc-MLP-gelu enc-MLP-GEMM-2 enc-post-MLP-dropout enc-1st-layernorm enc-attention-qkv enc-attention-score enc-attention-softmax enc-attention-dropout enc-attention-context enc-attention-dense enc-post-attention-dropout enc-2nd-layernorm enc-MLP-GEMM-1 enc-MLP-gelu enc-MLP-GEMM-2 enc-post-MLP-dropout enc-1st-layernorm enc-attention-qkv enc-attention-score enc-attention-softmax enc-attention-dropout enc-attention-context enc-attention-dense enc-post-attention-dropout enc-2nd-layernorm enc-MLP-GEMM-1 enc-MLP-gelu enc-MLP-GEMM-2 enc-post-MLP-dropout enc-1st-layernorm enc-attention-qkv enc-attention-score enc-attention-softmax enc-attention-dropout enc-attention-context enc-attention-dense enc-post-attention-dropout enc-2nd-layernorm enc-MLP-GEMM-1 enc-MLP-gelu enc-MLP-GEMM-2 enc-post-MLP-dropout enc-1st-layernorm enc-attention-qkv enc-attention-score enc-attention-softmax enc-attention-dropout enc-attention-context enc-attention-dense enc-post-attention-dropout enc-2nd-layernorm enc-MLP-GEMM-1 enc-MLP-gelu enc-MLP-GEMM-2 enc-post-MLP-dropout enc-1st-layernorm enc-attention-qkv enc-attention-score enc-attention-softmax enc-attention-dropout enc-attention-context enc-attention-dense enc-post-attention-dropout enc-2nd-layernorm enc-MLP-GEMM-1 enc-MLP-gelu enc-MLP-GEMM-2 enc-post-MLP-dropout enc-1st-layernorm enc-attention-qkv enc-attention-score enc-attention-softmax enc-attention-dropout enc-attention-context enc-attention-dense enc-post-attention-dropout enc-2nd-layernorm enc-MLP-GEMM-1 enc-MLP-gelu enc-MLP-GEMM-2 enc-post-MLP-dropout enc-1st-layernorm enc-attention-qkv enc-attention-score enc-attention-softmax enc-attention-dropout enc-attention-context enc-attention-dense enc-post-attention-dropout enc-2nd-layernorm enc-MLP-GEMM-1 enc-MLP-gelu enc-MLP-GEMM-2 enc-post-MLP-dropout enc-1st-layernorm enc-attention-qkv enc-attention-score enc-attention-softmax enc-attention-dropout enc-attention-context enc-attention-dense enc-post-attention-dropout enc-2nd-layernorm enc-MLP-GEMM-1 enc-MLP-gelu enc-MLP-GEMM-2 enc-post-MLP-dropout enc-1st-layernorm enc-attention-qkv enc-attention-score enc-attention-softmax enc-attention-dropout enc-attention-context enc-attention-dense enc-post-attention-dropout enc-2nd-layernorm enc-MLP-GEMM-1 enc-MLP-gelu enc-MLP-GEMM-2 enc-post-MLP-dropout enc-1st-layernorm enc-attention-qkv enc-attention-score enc-attention-softmax enc-attention-dropout enc-attention-context enc-attention-dense enc-post-attention-dropout enc-2nd-layernorm enc-MLP-GEMM-1 enc-MLP-gelu enc-MLP-GEMM-2 enc-post-MLP-dropout enc-1st-layernorm enc-attention-qkv enc-attention-score enc-attention-softmax enc-attention-dropout enc-attention-context enc-attention-dense enc-post-attention-dropout enc-2nd-layernorm enc-MLP-GEMM-1 enc-MLP-gelu enc-MLP-GEMM-2 enc-post-MLP-dropout enc-1st-layernorm enc-attention-qkv enc-attention-score enc-attention-softmax enc-attention-dropout enc-attention-context enc-attention-dense enc-post-attention-dropout enc-2nd-layernorm enc-MLP-GEMM-1 enc-MLP-gelu enc-MLP-GEMM-2 enc-post-MLP-dropout enc-1st-layernorm enc-attention-qkv enc-attention-score enc-attention-softmax enc-attention-dropout enc-attention-context enc-attention-dense enc-post-attention-dropout enc-2nd-layernorm enc-MLP-GEMM-1 enc-MLP-gelu enc-MLP-GEMM-2 enc-post-MLP-dropout enc-1st-layernorm enc-attention-qkv enc-attention-score enc-attention-softmax enc-attention-dropout enc-attention-context enc-attention-dense enc-post-attention-dropout enc-2nd-layernorm enc-MLP-GEMM-1 enc-MLP-gelu enc-MLP-GEMM-2 enc-post-MLP-dropout enc-1st-layernorm enc-attention-qkv enc-attention-score enc-attention-softmax enc-attention-dropout enc-attention-context enc-attention-dense enc-post-attention-dropout enc-2nd-layernorm enc-MLP-GEMM-1 enc-MLP-gelu enc-MLP-GEMM-2 enc-post-MLP-dropout enc-1st-layernorm enc-attention-qkv enc-attention-score enc-attention-softmax enc-attention-dropout enc-attention-context enc-attention-dense enc-post-attention-dropout enc-2nd-layernorm enc-MLP-GEMM-1 enc-MLP-gelu enc-MLP-GEMM-2 enc-post-MLP-dropout enc-1st-layernorm enc-attention-qkv enc-attention-score enc-attention-softmax enc-attention-dropout enc-attention-context enc-attention-dense enc-post-attention-dropout enc-2nd-layernorm enc-MLP-GEMM-1 enc-MLP-gelu enc-MLP-GEMM-2 enc-post-MLP-dropout enc-1st-layernorm enc-attention-qkv enc-attention-score enc-attention-softmax enc-attention-dropout enc-attention-context enc-attention-dense enc-post-attention-dropout enc-2nd-layernorm enc-MLP-GEMM-1 enc-MLP-gelu enc-MLP-GEMM-2 enc-post-MLP-dropout enc-1st-layernorm enc-attention-qkv enc-attention-score enc-attention-softmax enc-attention-dropout enc-attention-context enc-attention-dense enc-post-attention-dropout enc-2nd-layernorm enc-MLP-GEMM-1 enc-MLP-gelu enc-MLP-GEMM-2 enc-post-MLP-dropout enc-1st-layernorm enc-attention-qkv enc-attention-score enc-attention-softmax enc-attention-dropout enc-attention-context enc-attention-dense enc-post-attention-dropout enc-2nd-layernorm enc-MLP-GEMM-1 enc-MLP-gelu enc-MLP-GEMM-2 enc-post-MLP-dropout enc-1st-layernorm enc-attention-qkv enc-attention-score enc-attention-softmax enc-attention-dropout enc-attention-context enc-attention-dense enc-post-attention-dropout enc-2nd-layernorm enc-MLP-GEMM-1 enc-MLP-gelu enc-MLP-GEMM-2 enc-post-MLP-dropout enc-1st-layernorm enc-attention-qkv enc-attention-score enc-attention-softmax enc-attention-dropout enc-attention-context enc-attention-dense enc-post-attention-dropout enc-2nd-layernorm enc-MLP-GEMM-1 enc-MLP-gelu enc-MLP-GEMM-2 enc-post-MLP-dropout enc-1st-layernorm enc-attention-qkv enc-attention-score enc-attention-softmax enc-attention-dropout enc-attention-context enc-attention-dense enc-post-attention-dropout enc-2nd-layernorm enc-MLP-GEMM-1 enc-MLP-gelu enc-MLP-GEMM-2 enc-post-MLP-dropout enc-1st-layernorm enc-attention-qkv enc-attention-score enc-attention-softmax enc-attention-dropout enc-attention-context enc-attention-dense enc-post-attention-dropout enc-2nd-layernorm enc-MLP-GEMM-1 enc-MLP-gelu enc-MLP-GEMM-2 enc-post-MLP-dropout enc-1st-layernorm enc-attention-qkv enc-attention-score enc-attention-softmax enc-attention-dropout enc-attention-context enc-attention-dense enc-post-attention-dropout enc-2nd-layernorm enc-MLP-GEMM-1 enc-MLP-gelu enc-MLP-GEMM-2 enc-post-MLP-dropout enc-1st-layernorm enc-attention-qkv enc-attention-score enc-attention-softmax enc-attention-dropout enc-attention-context enc-attention-dense enc-post-attention-dropout enc-2nd-layernorm enc-MLP-GEMM-1 enc-MLP-gelu enc-MLP-GEMM-2 enc-post-MLP-dropout enc-1st-layernorm enc-attention-qkv enc-attention-score enc-attention-softmax enc-attention-dropout enc-attention-context enc-attention-dense enc-post-attention-dropout enc-2nd-layernorm enc-MLP-GEMM-1 enc-MLP-gelu enc-MLP-GEMM-2 enc-post-MLP-dropout enc-1st-layernorm enc-attention-qkv enc-attention-score enc-attention-softmax enc-attention-dropout enc-attention-context enc-attention-dense enc-post-attention-dropout enc-2nd-layernorm enc-MLP-GEMM-1 enc-MLP-gelu enc-MLP-GEMM-2 enc-post-MLP-dropout enc-1st-layernorm enc-attention-qkv enc-attention-score enc-attention-softmax enc-attention-dropout enc-attention-context enc-attention-dense enc-post-attention-dropout enc-2nd-layernorm enc-MLP-GEMM-1 enc-MLP-gelu enc-MLP-GEMM-2 enc-post-MLP-dropout enc-1st-layernorm enc-attention-qkv enc-attention-score enc-attention-softmax enc-attention-dropout enc-attention-context enc-attention-dense enc-post-attention-dropout enc-2nd-layernorm enc-MLP-GEMM-1 enc-MLP-gelu enc-MLP-GEMM-2 enc-post-MLP-dropout enc-1st-layernorm enc-attention-qkv enc-attention-score enc-attention-softmax enc-attention-dropout enc-attention-context enc-attention-dense enc-post-attention-dropout enc-2nd-layernorm enc-MLP-GEMM-1 enc-MLP-gelu enc-MLP-GEMM-2 enc-post-MLP-dropout enc-1st-layernorm enc-attention-qkv enc-attention-score enc-attention-softmax enc-attention-dropout enc-attention-context enc-attention-dense enc-post-attention-dropout enc-2nd-layernorm enc-MLP-GEMM-1 enc-MLP-gelu enc-MLP-GEMM-2 enc-post-MLP-dropout enc-1st-layernorm enc-attention-qkv enc-attention-score enc-attention-softmax enc-attention-dropout enc-attention-context enc-attention-dense enc-post-attention-dropout enc-2nd-layernorm enc-MLP-GEMM-1 enc-MLP-gelu enc-MLP-GEMM-2 enc-post-MLP-dropout enc-1st-layernorm enc-attention-qkv enc-attention-score enc-attention-softmax enc-attention-dropout enc-attention-context enc-attention-dense enc-post-attention-dropout enc-2nd-layernorm enc-MLP-GEMM-1 enc-MLP-gelu enc-MLP-GEMM-2 enc-post-MLP-dropout enc-1st-layernorm enc-attention-qkv enc-attention-score enc-attention-softmax enc-attention-dropout enc-attention-context enc-attention-dense enc-post-attention-dropout enc-2nd-layernorm enc-MLP-GEMM-1 enc-MLP-gelu enc-MLP-GEMM-2 enc-post-MLP-dropout enc-1st-layernorm enc-attention-qkv enc-attention-score enc-attention-softmax enc-attention-dropout enc-attention-context enc-attention-dense enc-post-attention-dropout enc-2nd-layernorm enc-MLP-GEMM-1 enc-MLP-gelu enc-MLP-GEMM-2 enc-post-MLP-dropout enc-1st-layernorm enc-attention-qkv enc-attention-score enc-attention-softmax enc-attention-dropout enc-attention-context enc-attention-dense enc-post-attention-dropout enc-2nd-layernorm enc-MLP-GEMM-1 enc-MLP-gelu enc-MLP-GEMM-2 enc-post-MLP-dropout enc-1st-layernorm enc-attention-qkv enc-attention-score enc-attention-softmax enc-attention-dropout enc-attention-context enc-attention-dense enc-post-attention-dropout enc-2nd-layernorm enc-MLP-GEMM-1 enc-MLP-gelu enc-MLP-GEMM-2 enc-post-MLP-dropout enc-1st-layernorm enc-attention-qkv enc-attention-score enc-attention-softmax enc-attention-dropout enc-attention-context enc-attention-dense enc-post-attention-dropout enc-2nd-layernorm enc-MLP-GEMM-1 enc-MLP-gelu enc-MLP-GEMM-2 enc-post-MLP-dropout enc-1st-layernorm enc-attention-qkv enc-attention-score enc-attention-softmax enc-attention-dropout enc-attention-context enc-attention-dense enc-post-attention-dropout enc-2nd-layernorm enc-MLP-GEMM-1 enc-MLP-gelu enc-MLP-GEMM-2 enc-post-MLP-dropout enc-1st-layernorm enc-attention-qkv enc-attention-score enc-attention-softmax enc-attention-dropout enc-attention-context enc-attention-dense enc-post-attention-dropout enc-2nd-layernorm enc-MLP-GEMM-1 enc-MLP-gelu enc-MLP-GEMM-2 enc-post-MLP-dropout enc-1st-layernorm enc-attention-qkv enc-attention-score enc-attention-softmax enc-attention-dropout enc-attention-context enc-attention-dense enc-post-attention-dropout enc-2nd-layernorm enc-MLP-GEMM-1 enc-MLP-gelu enc-MLP-GEMM-2 enc-post-MLP-dropout enc-1st-layernorm enc-attention-qkv enc-attention-score enc-attention-softmax enc-attention-dropout enc-attention-context enc-attention-dense enc-post-attention-dropout enc-2nd-layernorm enc-MLP-GEMM-1 enc-MLP-gelu enc-MLP-GEMM-2 enc-post-MLP-dropout enc-1st-layernorm enc-attention-qkv enc-attention-score enc-attention-softmax enc-attention-dropout enc-attention-context enc-attention-dense enc-post-attention-dropout enc-2nd-layernorm enc-MLP-GEMM-1 enc-MLP-gelu enc-MLP-GEMM-2 enc-post-MLP-dropout enc-1st-layernorm enc-attention-qkv enc-attention-score enc-attention-softmax enc-attention-dropout enc-attention-context enc-attention-dense enc-post-attention-dropout enc-2nd-layernorm enc-MLP-GEMM-1 enc-MLP-gelu enc-MLP-GEMM-2 enc-post-MLP-dropout enc-1st-layernorm enc-attention-qkv enc-attention-score enc-attention-softmax enc-attention-dropout enc-attention-context enc-attention-dense enc-post-attention-dropout enc-2nd-layernorm enc-MLP-GEMM-1 enc-MLP-gelu enc-MLP-GEMM-2 enc-post-MLP-dropout enc-1st-layernorm enc-attention-qkv enc-attention-score enc-attention-softmax enc-attention-dropout enc-attention-context enc-attention-dense enc-post-attention-dropout enc-2nd-layernorm enc-MLP-GEMM-1 enc-MLP-gelu enc-MLP-GEMM-2 enc-post-MLP-dropout enc-1st-layernorm enc-attention-qkv enc-attention-score enc-attention-softmax enc-attention-dropout enc-attention-context enc-attention-dense enc-post-attention-dropout enc-2nd-layernorm enc-MLP-GEMM-1 enc-MLP-gelu enc-MLP-GEMM-2 enc-post-MLP-dropout enc-1st-layernorm enc-attention-qkv enc-attention-score enc-attention-softmax enc-attention-dropout enc-attention-context enc-attention-dense enc-post-attention-dropout enc-2nd-layernorm enc-MLP-GEMM-1 enc-MLP-gelu enc-MLP-GEMM-2 enc-post-MLP-dropout enc-1st-layernorm enc-attention-qkv enc-attention-score enc-attention-softmax enc-attention-dropout enc-attention-context enc-attention-dense enc-post-attention-dropout enc-2nd-layernorm enc-MLP-GEMM-1 enc-MLP-gelu enc-MLP-GEMM-2 enc-post-MLP-dropout enc-1st-layernorm enc-attention-qkv enc-attention-score enc-attention-softmax enc-attention-dropout enc-attention-context enc-attention-dense enc-post-attention-dropout enc-2nd-layernorm enc-MLP-GEMM-1 enc-MLP-gelu enc-MLP-GEMM-2 enc-post-MLP-dropout enc-1st-layernorm enc-attention-qkv enc-attention-score enc-attention-softmax enc-attention-dropout enc-attention-context enc-attention-dense enc-post-attention-dropout enc-2nd-layernorm enc-MLP-GEMM-1 enc-MLP-gelu enc-MLP-GEMM-2 enc-post-MLP-dropout enc-1st-layernorm enc-attention-qkv enc-attention-score enc-attention-softmax enc-attention-dropout enc-attention-context enc-attention-dense enc-post-attention-dropout enc-2nd-layernorm enc-MLP-GEMM-1 enc-MLP-gelu enc-MLP-GEMM-2 enc-post-MLP-dropout enc-1st-layernorm enc-attention-qkv enc-attention-score enc-attention-softmax enc-attention-dropout enc-attention-context enc-attention-dense enc-post-attention-dropout enc-2nd-layernorm enc-MLP-GEMM-1 enc-MLP-gelu enc-MLP-GEMM-2 enc-post-MLP-dropout enc-1st-layernorm enc-attention-qkv enc-attention-score enc-attention-softmax enc-attention-dropout enc-attention-context enc-attention-dense enc-post-attention-dropout enc-2nd-layernorm enc-MLP-GEMM-1 enc-MLP-gelu enc-MLP-GEMM-2 enc-post-MLP-dropout enc-1st-layernorm enc-attention-qkv enc-attention-score enc-attention-softmax enc-attention-dropout enc-attention-context enc-attention-dense enc-post-attention-dropout enc-2nd-layernorm enc-MLP-GEMM-1 enc-MLP-gelu enc-MLP-GEMM-2 enc-post-MLP-dropout enc-1st-layernorm enc-attention-qkv enc-attention-score enc-attention-softmax enc-attention-dropout enc-attention-context enc-attention-dense enc-post-attention-dropout enc-2nd-layernorm enc-MLP-GEMM-1 enc-MLP-gelu enc-MLP-GEMM-2 enc-post-MLP-dropout enc-1st-layernorm enc-attention-qkv enc-attention-score enc-attention-softmax enc-attention-dropout enc-attention-context enc-attention-dense enc-post-attention-dropout enc-2nd-layernorm enc-MLP-GEMM-1 enc-MLP-gelu enc-MLP-GEMM-2 enc-post-MLP-dropout enc-1st-layernorm enc-attention-qkv enc-attention-score enc-attention-softmax enc-attention-dropout enc-attention-context enc-attention-dense enc-post-attention-dropout enc-2nd-layernorm enc-MLP-GEMM-1 enc-MLP-gelu enc-MLP-GEMM-2 enc-post-MLP-dropout enc-1st-layernorm enc-attention-qkv enc-attention-score enc-attention-softmax enc-attention-dropout enc-attention-context enc-attention-dense enc-post-attention-dropout enc-2nd-layernorm enc-MLP-GEMM-1 enc-MLP-gelu enc-MLP-GEMM-2 enc-post-MLP-dropout enc-1st-layernorm enc-attention-qkv enc-attention-score enc-attention-softmax enc-attention-dropout enc-attention-context enc-attention-dense enc-post-attention-dropout enc-2nd-layernorm enc-MLP-GEMM-1 enc-MLP-gelu enc-MLP-GEMM-2 enc-post-MLP-dropout enc-1st-layernorm enc-attention-qkv enc-attention-score enc-attention-softmax enc-attention-dropout enc-attention-context enc-attention-dense enc-post-attention-dropout enc-2nd-layernorm enc-MLP-GEMM-1 enc-MLP-gelu enc-MLP-GEMM-2 enc-post-MLP-dropout enc-1st-layernorm enc-attention-qkv enc-attention-score enc-attention-softmax enc-attention-dropout enc-attention-context enc-attention-dense enc-post-attention-dropout enc-2nd-layernorm enc-MLP-GEMM-1 enc-MLP-gelu enc-MLP-GEMM-2 enc-post-MLP-dropout enc-1st-layernorm enc-attention-qkv enc-attention-score enc-attention-softmax enc-attention-dropout enc-attention-context enc-attention-dense enc-post-attention-dropout enc-2nd-layernorm enc-MLP-GEMM-1 enc-MLP-gelu enc-MLP-GEMM-2 enc-post-MLP-dropout enc-1st-layernorm enc-attention-qkv enc-attention-score enc-attention-softmax enc-attention-dropout enc-attention-context enc-attention-dense enc-post-attention-dropout enc-2nd-layernorm enc-MLP-GEMM-1 enc-MLP-gelu enc-MLP-GEMM-2 enc-post-MLP-dropout enc-1st-layernorm enc-attention-qkv enc-attention-score enc-attention-softmax enc-attention-dropout enc-attention-context enc-attention-dense enc-post-attention-dropout enc-2nd-layernorm enc-MLP-GEMM-1 enc-MLP-gelu enc-MLP-GEMM-2 enc-post-MLP-dropout enc-1st-layernorm enc-attention-qkv enc-attention-score enc-attention-softmax enc-attention-dropout enc-attention-context enc-attention-dense enc-post-attention-dropout enc-2nd-layernorm enc-MLP-GEMM-1 enc-MLP-gelu enc-MLP-GEMM-2 enc-post-MLP-dropout enc-1st-layernorm enc-attention-qkv enc-attention-score enc-attention-softmax enc-attention-dropout enc-attention-context enc-attention-dense enc-post-attention-dropout enc-2nd-layernorm enc-MLP-GEMM-1 enc-MLP-gelu enc-MLP-GEMM-2 enc-post-MLP-dropout enc-1st-layernorm enc-attention-qkv enc-attention-score enc-attention-softmax enc-attention-dropout enc-attention-context enc-attention-dense enc-post-attention-dropout enc-2nd-layernorm enc-MLP-GEMM-1 enc-MLP-gelu enc-MLP-GEMM-2 enc-post-MLP-dropout enc-1st-layernorm enc-attention-qkv enc-attention-score enc-attention-softmax enc-attention-dropout enc-attention-context enc-attention-dense enc-post-attention-dropout enc-2nd-layernorm enc-MLP-GEMM-1 enc-MLP-gelu enc-MLP-GEMM-2 enc-post-MLP-dropout enc-1st-layernorm enc-attention-qkv enc-attention-score enc-attention-softmax enc-attention-dropout enc-attention-context enc-attention-dense enc-post-attention-dropout enc-2nd-layernorm enc-MLP-GEMM-1 enc-MLP-gelu enc-MLP-GEMM-2 enc-post-MLP-dropout enc-1st-layernorm enc-attention-qkv enc-attention-score enc-attention-softmax enc-attention-dropout enc-attention-context enc-attention-dense enc-post-attention-dropout enc-2nd-layernorm enc-MLP-GEMM-1 enc-MLP-gelu enc-MLP-GEMM-2 enc-post-MLP-dropout enc-1st-layernorm enc-attention-qkv enc-attention-score enc-attention-softmax enc-attention-dropout enc-attention-context enc-attention-dense enc-post-attention-dropout enc-2nd-layernorm enc-MLP-GEMM-1 enc-MLP-gelu enc-MLP-GEMM-2 enc-post-MLP-dropout enc-1st-layernorm enc-attention-qkv enc-attention-score enc-attention-softmax enc-attention-dropout enc-attention-context enc-attention-dense enc-post-attention-dropout enc-2nd-layernorm enc-MLP-GEMM-1 enc-MLP-gelu enc-MLP-GEMM-2 enc-post-MLP-dropout enc-1st-layernorm enc-attention-qkv enc-attention-score enc-attention-softmax enc-attention-dropout enc-attention-context enc-attention-dense enc-post-attention-dropout enc-2nd-layernorm enc-MLP-GEMM-1 enc-MLP-gelu enc-MLP-GEMM-2 enc-post-MLP-dropout enc-1st-layernorm enc-attention-qkv enc-attention-score enc-attention-softmax enc-attention-dropout enc-attention-context enc-attention-dense enc-post-attention-dropout enc-2nd-layernorm enc-MLP-GEMM-1 enc-MLP-gelu enc-MLP-GEMM-2 enc-post-MLP-dropout enc-1st-layernorm enc-attention-qkv enc-attention-score enc-attention-softmax enc-attention-dropout enc-attention-context enc-attention-dense enc-post-attention-dropout enc-2nd-layernorm enc-MLP-GEMM-1 enc-MLP-gelu enc-MLP-GEMM-2 enc-post-MLP-dropout enc-1st-layernorm enc-attention-qkv enc-attention-score enc-attention-softmax enc-attention-dropout enc-attention-context enc-attention-dense enc-post-attention-dropout enc-2nd-layernorm enc-MLP-GEMM-1 enc-MLP-gelu enc-MLP-GEMM-2 enc-post-MLP-dropout enc-1st-layernorm enc-attention-qkv enc-attention-score enc-attention-softmax enc-attention-dropout enc-attention-context enc-attention-dense enc-post-attention-dropout enc-2nd-layernorm enc-MLP-GEMM-1 enc-MLP-gelu enc-MLP-GEMM-2 enc-post-MLP-dropout enc-1st-layernorm enc-attention-qkv enc-attention-score enc-attention-softmax enc-attention-dropout enc-attention-context enc-attention-dense enc-post-attention-dropout enc-2nd-layernorm enc-MLP-GEMM-1 enc-MLP-gelu enc-MLP-GEMM-2 enc-post-MLP-dropout enc-1st-layernorm enc-attention-qkv enc-attention-score enc-attention-softmax enc-attention-dropout enc-attention-context enc-attention-dense enc-post-attention-dropout enc-2nd-layernorm enc-MLP-GEMM-1 enc-MLP-gelu enc-MLP-GEMM-2 enc-post-MLP-dropout enc-1st-layernorm enc-attention-qkv enc-attention-score enc-attention-softmax enc-attention-dropout enc-attention-context enc-attention-dense enc-post-attention-dropout enc-2nd-layernorm enc-MLP-GEMM-1 enc-MLP-gelu enc-MLP-GEMM-2 enc-post-MLP-dropout enc-1st-layernorm enc-attention-qkv enc-attention-score enc-attention-softmax enc-attention-dropout enc-attention-context enc-attention-dense enc-post-attention-dropout enc-2nd-layernorm enc-MLP-GEMM-1 enc-MLP-gelu enc-MLP-GEMM-2 enc-post-MLP-dropout enc-1st-layernorm enc-attention-qkv enc-attention-score enc-attention-softmax enc-attention-dropout enc-attention-context enc-attention-dense enc-post-attention-dropout enc-2nd-layernorm enc-MLP-GEMM-1 enc-MLP-gelu enc-MLP-GEMM-2 enc-post-MLP-dropout enc-1st-layernorm enc-attention-qkv enc-attention-score enc-attention-softmax enc-attention-dropout enc-attention-context enc-attention-dense enc-post-attention-dropout enc-2nd-layernorm enc-MLP-GEMM-1 enc-MLP-gelu enc-MLP-GEMM-2 enc-post-MLP-dropout enc-1st-layernorm enc-attention-qkv enc-attention-score enc-attention-softmax enc-attention-dropout enc-attention-context enc-attention-dense enc-post-attention-dropout enc-2nd-layernorm enc-MLP-GEMM-1 enc-MLP-gelu enc-MLP-GEMM-2 enc-post-MLP-dropout enc-1st-layernorm enc-attention-qkv enc-attention-score enc-attention-softmax enc-attention-dropout enc-attention-context enc-attention-dense enc-post-attention-dropout enc-2nd-layernorm enc-MLP-GEMM-1 enc-MLP-gelu enc-MLP-GEMM-2 enc-post-MLP-dropout enc-1st-layernorm enc-attention-qkv enc-attention-score enc-attention-softmax enc-attention-dropout enc-attention-context enc-attention-dense enc-post-attention-dropout enc-2nd-layernorm enc-MLP-GEMM-1 enc-MLP-gelu enc-MLP-GEMM-2 enc-post-MLP-dropout enc-1st-layernorm enc-attention-qkv enc-attention-score enc-attention-softmax enc-attention-dropout enc-attention-context enc-attention-dense enc-post-attention-dropout enc-2nd-layernorm enc-MLP-GEMM-1 enc-MLP-gelu enc-MLP-GEMM-2 enc-post-MLP-dropout enc-1st-layernorm enc-attention-qkv enc-attention-score enc-attention-softmax enc-attention-dropout enc-attention-context enc-attention-dense enc-post-attention-dropout enc-2nd-layernorm enc-MLP-GEMM-1 enc-MLP-gelu enc-MLP-GEMM-2 enc-post-MLP-dropout enc-1st-layernorm enc-attention-qkv enc-attention-score enc-attention-softmax enc-attention-dropout enc-attention-context enc-attention-dense enc-post-attention-dropout enc-2nd-layernorm enc-MLP-GEMM-1 enc-MLP-gelu enc-MLP-GEMM-2 enc-post-MLP-dropout enc-1st-layernorm enc-attention-qkv enc-attention-score enc-attention-softmax enc-attention-dropout enc-attention-context enc-attention-dense enc-post-attention-dropout enc-2nd-layernorm enc-MLP-GEMM-1 enc-MLP-gelu enc-MLP-GEMM-2 enc-post-MLP-dropout enc-1st-layernorm enc-attention-qkv enc-attention-score enc-attention-softmax enc-attention-dropout enc-attention-context enc-attention-dense enc-post-attention-dropout enc-2nd-layernorm enc-MLP-GEMM-1 enc-MLP-gelu enc-MLP-GEMM-2 enc-post-MLP-dropout enc-1st-layernorm enc-attention-qkv enc-attention-score enc-attention-softmax enc-attention-dropout enc-attention-context enc-attention-dense enc-post-attention-dropout enc-2nd-layernorm enc-MLP-GEMM-1 enc-MLP-gelu enc-MLP-GEMM-2 enc-post-MLP-dropout enc-1st-layernorm enc-attention-qkv enc-attention-score enc-attention-softmax enc-attention-dropout enc-attention-context enc-attention-dense enc-post-attention-dropout enc-2nd-layernorm enc-MLP-GEMM-1 enc-MLP-gelu enc-MLP-GEMM-2 enc-post-MLP-dropout enc-1st-layernorm enc-attention-qkv enc-attention-score enc-attention-softmax enc-attention-dropout enc-attention-context enc-attention-dense enc-post-attention-dropout enc-2nd-layernorm enc-MLP-GEMM-1 enc-MLP-gelu enc-MLP-GEMM-2 enc-post-MLP-dropout enc-1st-layernorm enc-attention-qkv enc-attention-score enc-attention-softmax enc-attention-dropout enc-attention-context enc-attention-dense enc-post-attention-dropout enc-2nd-layernorm enc-MLP-GEMM-1 enc-MLP-gelu enc-MLP-GEMM-2 enc-post-MLP-dropout enc-1st-layernorm enc-attention-qkv enc-attention-score enc-attention-softmax enc-attention-dropout enc-attention-context enc-attention-dense enc-post-attention-dropout enc-2nd-layernorm enc-MLP-GEMM-1 enc-MLP-gelu enc-MLP-GEMM-2 enc-post-MLP-dropout enc-1st-layernorm enc-attention-qkv enc-attention-score enc-attention-softmax enc-attention-dropout enc-attention-context enc-attention-dense enc-post-attention-dropout enc-2nd-layernorm enc-MLP-GEMM-1 enc-MLP-gelu enc-MLP-GEMM-2 enc-post-MLP-dropout enc-1st-layernorm enc-attention-qkv enc-attention-score enc-attention-softmax enc-attention-dropout enc-attention-context enc-attention-dense enc-post-attention-dropout enc-2nd-layernorm enc-MLP-GEMM-1 enc-MLP-gelu enc-MLP-GEMM-2 enc-post-MLP-dropout enc-1st-layernorm enc-attention-qkv enc-attention-score enc-attention-softmax enc-attention-dropout enc-attention-context enc-attention-dense enc-post-attention-dropout enc-2nd-layernorm enc-MLP-GEMM-1 enc-MLP-gelu enc-MLP-GEMM-2 enc-post-MLP-dropout enc-1st-layernorm enc-attention-qkv enc-attention-score enc-attention-softmax enc-attention-dropout enc-attention-context enc-attention-dense enc-post-attention-dropout enc-2nd-layernorm enc-MLP-GEMM-1 enc-MLP-gelu enc-MLP-GEMM-2 enc-post-MLP-dropout enc-1st-layernorm enc-attention-qkv enc-attention-score enc-attention-softmax enc-attention-dropout enc-attention-context enc-attention-dense enc-post-attention-dropout enc-2nd-layernorm enc-MLP-GEMM-1 enc-MLP-gelu enc-MLP-GEMM-2 enc-post-MLP-dropout enc-1st-layernorm enc-attention-qkv enc-attention-score enc-attention-softmax enc-attention-dropout enc-attention-context enc-attention-dense enc-post-attention-dropout enc-2nd-layernorm enc-MLP-GEMM-1 enc-MLP-gelu enc-MLP-GEMM-2 enc-post-MLP-dropout enc-1st-layernorm enc-attention-qkv enc-attention-score enc-attention-softmax enc-attention-dropout enc-attention-context enc-attention-dense enc-post-attention-dropout enc-2nd-layernorm enc-MLP-GEMM-1 enc-MLP-gelu enc-MLP-GEMM-2 enc-post-MLP-dropout enc-1st-layernorm enc-attention-qkv enc-attention-score enc-attention-softmax enc-attention-dropout enc-attention-context enc-attention-dense enc-post-attention-dropout enc-2nd-layernorm enc-MLP-GEMM-1 enc-MLP-gelu enc-MLP-GEMM-2 enc-post-MLP-dropout enc-1st-layernorm enc-attention-qkv enc-attention-score enc-attention-softmax enc-attention-dropout enc-attention-context enc-attention-dense enc-post-attention-dropout enc-2nd-layernorm enc-MLP-GEMM-1 enc-MLP-gelu enc-MLP-GEMM-2 enc-post-MLP-dropout enc-1st-layernorm enc-attention-qkv enc-attention-score enc-attention-softmax enc-attention-dropout enc-attention-context enc-attention-dense enc-post-attention-dropout enc-2nd-layernorm enc-MLP-GEMM-1 enc-MLP-gelu enc-MLP-GEMM-2 enc-post-MLP-dropout enc-1st-layernorm enc-attention-qkv enc-attention-score enc-attention-softmax enc-attention-dropout enc-attention-context enc-attention-dense enc-post-attention-dropout enc-2nd-layernorm enc-MLP-GEMM-1 enc-MLP-gelu enc-MLP-GEMM-2 enc-post-MLP-dropout enc-1st-layernorm enc-attention-qkv enc-attention-score enc-attention-softmax enc-attention-dropout enc-attention-context enc-attention-dense enc-post-attention-dropout enc-2nd-layernorm enc-MLP-GEMM-1 enc-MLP-gelu enc-MLP-GEMM-2 enc-post-MLP-dropout enc-1st-layernorm enc-attention-qkv enc-attention-score enc-attention-softmax enc-attention-dropout enc-attention-context enc-attention-dense enc-post-attention-dropout enc-2nd-layernorm enc-MLP-GEMM-1 enc-MLP-gelu enc-MLP-GEMM-2 enc-post-MLP-dropout enc-1st-layernorm enc-attention-qkv enc-attention-score enc-attention-softmax enc-attention-dropout enc-attention-context enc-attention-dense enc-post-attention-dropout enc-2nd-layernorm enc-MLP-GEMM-1 enc-MLP-gelu enc-MLP-GEMM-2 enc-post-MLP-dropout enc-1st-layernorm enc-attention-qkv enc-attention-score enc-attention-softmax enc-attention-dropout enc-attention-context enc-attention-dense enc-post-attention-dropout enc-2nd-layernorm enc-MLP-GEMM-1 enc-MLP-gelu enc-MLP-GEMM-2 enc-post-MLP-dropout enc-1st-layernorm enc-attention-qkv enc-attention-score enc-attention-softmax enc-attention-dropout enc-attention-context enc-attention-dense enc-post-attention-dropout enc-2nd-layernorm enc-MLP-GEMM-1 enc-MLP-gelu enc-MLP-GEMM-2 enc-post-MLP-dropout enc-1st-layernorm enc-attention-qkv enc-attention-score enc-attention-softmax enc-attention-dropout enc-attention-context enc-attention-dense enc-post-attention-dropout enc-2nd-layernorm enc-MLP-GEMM-1 enc-MLP-gelu enc-MLP-GEMM-2 enc-post-MLP-dropout enc-1st-layernorm enc-attention-qkv enc-attention-score enc-attention-softmax enc-attention-dropout enc-attention-context enc-attention-dense enc-post-attention-dropout enc-2nd-layernorm enc-MLP-GEMM-1 enc-MLP-gelu enc-MLP-GEMM-2 enc-post-MLP-dropout enc-1st-layernorm enc-attention-qkv enc-attention-score enc-attention-softmax enc-attention-dropout enc-attention-context enc-attention-dense enc-post-attention-dropout enc-2nd-layernorm enc-MLP-GEMM-1 enc-MLP-gelu enc-MLP-GEMM-2 enc-post-MLP-dropout enc-1st-layernorm enc-attention-qkv enc-attention-score enc-attention-softmax enc-attention-dropout enc-attention-context enc-attention-dense enc-post-attention-dropout enc-2nd-layernorm enc-MLP-GEMM-1 enc-MLP-gelu enc-MLP-GEMM-2 enc-post-MLP-dropout enc-1st-layernorm enc-attention-qkv enc-attention-score enc-attention-softmax enc-attention-dropout enc-attention-context enc-attention-dense enc-post-attention-dropout enc-2nd-layernorm enc-MLP-GEMM-1 enc-MLP-gelu enc-MLP-GEMM-2 enc-post-MLP-dropout enc-1st-layernorm enc-attention-qkv enc-attention-score enc-attention-softmax enc-attention-dropout enc-attention-context enc-attention-dense enc-post-attention-dropout enc-2nd-layernorm 
[rank 4 all ops] "enc-MLP-GEMM-1","enc-MLP-gelu","enc-MLP-GEMM-2","enc-post-MLP-dropout","enc-1st-layernorm","enc-attention-qkv","enc-attention-score","enc-attention-softmax","enc-attention-dropout","enc-attention-context","enc-attention-dense","enc-post-attention-dropout","enc-2nd-layernorm","enc-MLP-GEMM-1","enc-MLP-gelu","enc-MLP-GEMM-2","enc-post-MLP-dropout","enc-1st-layernorm","enc-attention-qkv","enc-attention-score","enc-attention-softmax","enc-attention-dropout","enc-attention-context","enc-attention-dense","enc-post-attention-dropout","enc-2nd-layernorm","enc-MLP-GEMM-1","enc-MLP-gelu","enc-MLP-GEMM-2","enc-post-MLP-dropout","enc-1st-layernorm","enc-attention-qkv","enc-attention-score","enc-attention-softmax","enc-attention-dropout","enc-attention-context","enc-attention-dense","enc-post-attention-dropout","enc-2nd-layernorm","enc-MLP-GEMM-1","enc-MLP-gelu","enc-MLP-GEMM-2","enc-post-MLP-dropout","enc-1st-layernorm","enc-attention-qkv","enc-attention-score","enc-attention-softmax","enc-attention-dropout","enc-attention-context","enc-attention-dense","enc-post-attention-dropout","enc-2nd-layernorm","enc-MLP-GEMM-1","enc-MLP-gelu","enc-MLP-GEMM-2","enc-post-MLP-dropout","enc-1st-layernorm","enc-attention-qkv","enc-attention-score","enc-attention-softmax","enc-attention-dropout","enc-attention-context","enc-attention-dense","enc-post-attention-dropout","enc-2nd-layernorm","enc-MLP-GEMM-1","enc-MLP-gelu","enc-MLP-GEMM-2","enc-post-MLP-dropout","enc-1st-layernorm","enc-attention-qkv","enc-attention-score","enc-attention-softmax","enc-attention-dropout","enc-attention-context","enc-attention-dense","enc-post-attention-dropout","enc-2nd-layernorm","enc-MLP-GEMM-1","enc-MLP-gelu","enc-MLP-GEMM-2","enc-post-MLP-dropout","enc-1st-layernorm","enc-attention-qkv","enc-attention-score","enc-attention-softmax","enc-attention-dropout","enc-attention-context","enc-attention-dense","enc-post-attention-dropout","enc-2nd-layernorm","enc-MLP-GEMM-1","enc-MLP-gelu","enc-MLP-GEMM-2","enc-post-MLP-dropout","enc-1st-layernorm","enc-attention-qkv","enc-attention-score","enc-attention-softmax","enc-attention-dropout","enc-attention-context","enc-attention-dense","enc-post-attention-dropout","enc-2nd-layernorm","enc-MLP-GEMM-1","enc-MLP-gelu","enc-MLP-GEMM-2","enc-post-MLP-dropout","enc-1st-layernorm","enc-attention-qkv","enc-attention-score","enc-attention-softmax","enc-attention-dropout","enc-attention-context","enc-attention-dense","enc-post-attention-dropout","enc-2nd-layernorm","enc-MLP-GEMM-1","enc-MLP-gelu","enc-MLP-GEMM-2","enc-post-MLP-dropout","enc-1st-layernorm","enc-attention-qkv","enc-attention-score","enc-attention-softmax","enc-attention-dropout","enc-attention-context","enc-attention-dense","enc-post-attention-dropout","enc-2nd-layernorm","enc-MLP-GEMM-1","enc-MLP-gelu","enc-MLP-GEMM-2","enc-post-MLP-dropout","enc-1st-layernorm","enc-attention-qkv","enc-attention-score","enc-attention-softmax","enc-attention-dropout","enc-attention-context","enc-attention-dense","enc-post-attention-dropout","enc-2nd-layernorm","enc-MLP-GEMM-1","enc-MLP-gelu","enc-MLP-GEMM-2","enc-post-MLP-dropout","enc-1st-layernorm","enc-attention-qkv","enc-attention-score","enc-attention-softmax","enc-attention-dropout","enc-attention-context","enc-attention-dense","enc-post-attention-dropout","enc-2nd-layernorm","enc-MLP-GEMM-1","enc-MLP-gelu","enc-MLP-GEMM-2","enc-post-MLP-dropout","enc-1st-layernorm","enc-attention-qkv","enc-attention-score","enc-attention-softmax","enc-attention-dropout","enc-attention-context","enc-attention-dense","enc-post-attention-dropout","enc-2nd-layernorm","enc-MLP-GEMM-1","enc-MLP-gelu","enc-MLP-GEMM-2","enc-post-MLP-dropout","enc-1st-layernorm","enc-attention-qkv","enc-attention-score","enc-attention-softmax","enc-attention-dropout","enc-attention-context","enc-attention-dense","enc-post-attention-dropout","enc-2nd-layernorm","enc-MLP-GEMM-1","enc-MLP-gelu","enc-MLP-GEMM-2","enc-post-MLP-dropout","enc-1st-layernorm","enc-attention-qkv","enc-attention-score","enc-attention-softmax","enc-attention-dropout","enc-attention-context","enc-attention-dense","enc-post-attention-dropout","enc-2nd-layernorm","enc-MLP-GEMM-1","enc-MLP-gelu","enc-MLP-GEMM-2","enc-post-MLP-dropout","enc-1st-layernorm","enc-attention-qkv","enc-attention-score","enc-attention-softmax","enc-attention-dropout","enc-attention-context","enc-attention-dense","enc-post-attention-dropout","enc-2nd-layernorm","enc-MLP-GEMM-1","enc-MLP-gelu","enc-MLP-GEMM-2","enc-post-MLP-dropout","enc-1st-layernorm","enc-attention-qkv","enc-attention-score","enc-attention-softmax","enc-attention-dropout","enc-attention-context","enc-attention-dense","enc-post-attention-dropout","enc-2nd-layernorm","enc-MLP-GEMM-1","enc-MLP-gelu","enc-MLP-GEMM-2","enc-post-MLP-dropout","enc-1st-layernorm","enc-attention-qkv","enc-attention-score","enc-attention-softmax","enc-attention-dropout","enc-attention-context","enc-attention-dense","enc-post-attention-dropout","enc-2nd-layernorm","enc-MLP-GEMM-1","enc-MLP-gelu","enc-MLP-GEMM-2","enc-post-MLP-dropout","enc-1st-layernorm","enc-attention-qkv","enc-attention-score","enc-attention-softmax","enc-attention-dropout","enc-attention-context","enc-attention-dense","enc-post-attention-dropout","enc-2nd-layernorm","enc-MLP-GEMM-1","enc-MLP-gelu","enc-MLP-GEMM-2","enc-post-MLP-dropout","enc-1st-layernorm","enc-attention-qkv","enc-attention-score","enc-attention-softmax","enc-attention-dropout","enc-attention-context","enc-attention-dense","enc-post-attention-dropout","enc-2nd-layernorm","enc-MLP-GEMM-1","enc-MLP-gelu","enc-MLP-GEMM-2","enc-post-MLP-dropout","enc-1st-layernorm","enc-attention-qkv","enc-attention-score","enc-attention-softmax","enc-attention-dropout","enc-attention-context","enc-attention-dense","enc-post-attention-dropout","enc-2nd-layernorm","enc-MLP-GEMM-1","enc-MLP-gelu","enc-MLP-GEMM-2","enc-post-MLP-dropout","enc-1st-layernorm","enc-attention-qkv","enc-attention-score","enc-attention-softmax","enc-attention-dropout","enc-attention-context","enc-attention-dense","enc-post-attention-dropout","enc-2nd-layernorm","enc-MLP-GEMM-1","enc-MLP-gelu","enc-MLP-GEMM-2","enc-post-MLP-dropout","enc-1st-layernorm","enc-attention-qkv","enc-attention-score","enc-attention-softmax","enc-attention-dropout","enc-attention-context","enc-attention-dense","enc-post-attention-dropout","enc-2nd-layernorm","enc-MLP-GEMM-1","enc-MLP-gelu","enc-MLP-GEMM-2","enc-post-MLP-dropout","enc-1st-layernorm","enc-attention-qkv","enc-attention-score","enc-attention-softmax","enc-attention-dropout","enc-attention-context","enc-attention-dense","enc-post-attention-dropout","enc-2nd-layernorm","enc-MLP-GEMM-1","enc-MLP-gelu","enc-MLP-GEMM-2","enc-post-MLP-dropout","enc-1st-layernorm","enc-attention-qkv","enc-attention-score","enc-attention-softmax","enc-attention-dropout","enc-attention-context","enc-attention-dense","enc-post-attention-dropout","enc-2nd-layernorm","enc-MLP-GEMM-1","enc-MLP-gelu","enc-MLP-GEMM-2","enc-post-MLP-dropout","enc-1st-layernorm","enc-attention-qkv","enc-attention-score","enc-attention-softmax","enc-attention-dropout","enc-attention-context","enc-attention-dense","enc-post-attention-dropout","enc-2nd-layernorm","enc-MLP-GEMM-1","enc-MLP-gelu","enc-MLP-GEMM-2","enc-post-MLP-dropout","enc-1st-layernorm","enc-attention-qkv","enc-attention-score","enc-attention-softmax","enc-attention-dropout","enc-attention-context","enc-attention-dense","enc-post-attention-dropout","enc-2nd-layernorm","enc-MLP-GEMM-1","enc-MLP-gelu","enc-MLP-GEMM-2","enc-post-MLP-dropout","enc-1st-layernorm","enc-attention-qkv","enc-attention-score","enc-attention-softmax","enc-attention-dropout","enc-attention-context","enc-attention-dense","enc-post-attention-dropout","enc-2nd-layernorm","enc-MLP-GEMM-1","enc-MLP-gelu","enc-MLP-GEMM-2","enc-post-MLP-dropout","enc-1st-layernorm","enc-attention-qkv","enc-attention-score","enc-attention-softmax","enc-attention-dropout","enc-attention-context","enc-attention-dense","enc-post-attention-dropout","enc-2nd-layernorm","enc-MLP-GEMM-1","enc-MLP-gelu","enc-MLP-GEMM-2","enc-post-MLP-dropout","enc-1st-layernorm","enc-attention-qkv","enc-attention-score","enc-attention-softmax","enc-attention-dropout","enc-attention-context","enc-attention-dense","enc-post-attention-dropout","enc-2nd-layernorm","enc-MLP-GEMM-1","enc-MLP-gelu","enc-MLP-GEMM-2","enc-post-MLP-dropout","enc-1st-layernorm","enc-attention-qkv","enc-attention-score","enc-attention-softmax","enc-attention-dropout","enc-attention-context","enc-attention-dense","enc-post-attention-dropout","enc-2nd-layernorm","enc-MLP-GEMM-1","enc-MLP-gelu","enc-MLP-GEMM-2","enc-post-MLP-dropout","enc-1st-layernorm","enc-attention-qkv","enc-attention-score","enc-attention-softmax","enc-attention-dropout","enc-attention-context","enc-attention-dense","enc-post-attention-dropout","enc-2nd-layernorm","enc-MLP-GEMM-1","enc-MLP-gelu","enc-MLP-GEMM-2","enc-post-MLP-dropout","enc-1st-layernorm","enc-attention-qkv","enc-attention-score","enc-attention-softmax","enc-attention-dropout","enc-attention-context","enc-attention-dense","enc-post-attention-dropout","enc-2nd-layernorm","enc-MLP-GEMM-1","enc-MLP-gelu","enc-MLP-GEMM-2","enc-post-MLP-dropout","enc-1st-layernorm","enc-attention-qkv","enc-attention-score","enc-attention-softmax","enc-attention-dropout","enc-attention-context","enc-attention-dense","enc-post-attention-dropout","enc-2nd-layernorm","enc-MLP-GEMM-1","enc-MLP-gelu","enc-MLP-GEMM-2","enc-post-MLP-dropout","enc-1st-layernorm","enc-attention-qkv","enc-attention-score","enc-attention-softmax","enc-attention-dropout","enc-attention-context","enc-attention-dense","enc-post-attention-dropout","enc-2nd-layernorm","enc-MLP-GEMM-1","enc-MLP-gelu","enc-MLP-GEMM-2","enc-post-MLP-dropout","enc-1st-layernorm","enc-attention-qkv","enc-attention-score","enc-attention-softmax","enc-attention-dropout","enc-attention-context","enc-attention-dense","enc-post-attention-dropout","enc-2nd-layernorm","enc-MLP-GEMM-1","enc-MLP-gelu","enc-MLP-GEMM-2","enc-post-MLP-dropout","enc-1st-layernorm","enc-attention-qkv","enc-attention-score","enc-attention-softmax","enc-attention-dropout","enc-attention-context","enc-attention-dense","enc-post-attention-dropout","enc-2nd-layernorm","enc-MLP-GEMM-1","enc-MLP-gelu","enc-MLP-GEMM-2","enc-post-MLP-dropout","enc-1st-layernorm","enc-attention-qkv","enc-attention-score","enc-attention-softmax","enc-attention-dropout","enc-attention-context","enc-attention-dense","enc-post-attention-dropout","enc-2nd-layernorm","enc-MLP-GEMM-1","enc-MLP-gelu","enc-MLP-GEMM-2","enc-post-MLP-dropout","enc-1st-layernorm","enc-attention-qkv","enc-attention-score","enc-attention-softmax","enc-attention-dropout","enc-attention-context","enc-attention-dense","enc-post-attention-dropout","enc-2nd-layernorm","enc-MLP-GEMM-1","enc-MLP-gelu","enc-MLP-GEMM-2","enc-post-MLP-dropout","enc-1st-layernorm","enc-attention-qkv","enc-attention-score","enc-attention-softmax","enc-attention-dropout","enc-attention-context","enc-attention-dense","enc-post-attention-dropout","enc-2nd-layernorm","enc-MLP-GEMM-1","enc-MLP-gelu","enc-MLP-GEMM-2","enc-post-MLP-dropout","enc-1st-layernorm","enc-attention-qkv","enc-attention-score","enc-attention-softmax","enc-attention-dropout","enc-attention-context","enc-attention-dense","enc-post-attention-dropout","enc-2nd-layernorm","enc-MLP-GEMM-1","enc-MLP-gelu","enc-MLP-GEMM-2","enc-post-MLP-dropout","enc-1st-layernorm","enc-attention-qkv","enc-attention-score","enc-attention-softmax","enc-attention-dropout","enc-attention-context","enc-attention-dense","enc-post-attention-dropout","enc-2nd-layernorm","enc-MLP-GEMM-1","enc-MLP-gelu","enc-MLP-GEMM-2","enc-post-MLP-dropout","enc-1st-layernorm","enc-attention-qkv","enc-attention-score","enc-attention-softmax","enc-attention-dropout","enc-attention-context","enc-attention-dense","enc-post-attention-dropout","enc-2nd-layernorm","enc-MLP-GEMM-1","enc-MLP-gelu","enc-MLP-GEMM-2","enc-post-MLP-dropout","enc-1st-layernorm","enc-attention-qkv","enc-attention-score","enc-attention-softmax","enc-attention-dropout","enc-attention-context","enc-attention-dense","enc-post-attention-dropout","enc-2nd-layernorm","enc-MLP-GEMM-1","enc-MLP-gelu","enc-MLP-GEMM-2","enc-post-MLP-dropout","enc-1st-layernorm","enc-attention-qkv","enc-attention-score","enc-attention-softmax","enc-attention-dropout","enc-attention-context","enc-attention-dense","enc-post-attention-dropout","enc-2nd-layernorm","enc-MLP-GEMM-1","enc-MLP-gelu","enc-MLP-GEMM-2","enc-post-MLP-dropout","enc-1st-layernorm","enc-attention-qkv","enc-attention-score","enc-attention-softmax","enc-attention-dropout","enc-attention-context","enc-attention-dense","enc-post-attention-dropout","enc-2nd-layernorm","enc-MLP-GEMM-1","enc-MLP-gelu","enc-MLP-GEMM-2","enc-post-MLP-dropout","enc-1st-layernorm","enc-attention-qkv","enc-attention-score","enc-attention-softmax","enc-attention-dropout","enc-attention-context","enc-attention-dense","enc-post-attention-dropout","enc-2nd-layernorm","enc-MLP-GEMM-1","enc-MLP-gelu","enc-MLP-GEMM-2","enc-post-MLP-dropout","enc-1st-layernorm","enc-attention-qkv","enc-attention-score","enc-attention-softmax","enc-attention-dropout","enc-attention-context","enc-attention-dense","enc-post-attention-dropout","enc-2nd-layernorm","enc-MLP-GEMM-1","enc-MLP-gelu","enc-MLP-GEMM-2","enc-post-MLP-dropout","enc-1st-layernorm","enc-attention-qkv","enc-attention-score","enc-attention-softmax","enc-attention-dropout","enc-attention-context","enc-attention-dense","enc-post-attention-dropout","enc-2nd-layernorm","enc-MLP-GEMM-1","enc-MLP-gelu","enc-MLP-GEMM-2","enc-post-MLP-dropout","enc-1st-layernorm","enc-attention-qkv","enc-attention-score","enc-attention-softmax","enc-attention-dropout","enc-attention-context","enc-attention-dense","enc-post-attention-dropout","enc-2nd-layernorm","enc-MLP-GEMM-1","enc-MLP-gelu","enc-MLP-GEMM-2","enc-post-MLP-dropout","enc-1st-layernorm","enc-attention-qkv","enc-attention-score","enc-attention-softmax","enc-attention-dropout","enc-attention-context","enc-attention-dense","enc-post-attention-dropout","enc-2nd-layernorm","enc-MLP-GEMM-1","enc-MLP-gelu","enc-MLP-GEMM-2","enc-post-MLP-dropout","enc-1st-layernorm","enc-attention-qkv","enc-attention-score","enc-attention-softmax","enc-attention-dropout","enc-attention-context","enc-attention-dense","enc-post-attention-dropout","enc-2nd-layernorm","enc-MLP-GEMM-1","enc-MLP-gelu","enc-MLP-GEMM-2","enc-post-MLP-dropout","enc-1st-layernorm","enc-attention-qkv","enc-attention-score","enc-attention-softmax","enc-attention-dropout","enc-attention-context","enc-attention-dense","enc-post-attention-dropout","enc-2nd-layernorm","enc-MLP-GEMM-1","enc-MLP-gelu","enc-MLP-GEMM-2","enc-post-MLP-dropout","enc-1st-layernorm","enc-attention-qkv","enc-attention-score","enc-attention-softmax","enc-attention-dropout","enc-attention-context","enc-attention-dense","enc-post-attention-dropout","enc-2nd-layernorm","enc-MLP-GEMM-1","enc-MLP-gelu","enc-MLP-GEMM-2","enc-post-MLP-dropout","enc-1st-layernorm","enc-attention-qkv","enc-attention-score","enc-attention-softmax","enc-attention-dropout","enc-attention-context","enc-attention-dense","enc-post-attention-dropout","enc-2nd-layernorm","enc-MLP-GEMM-1","enc-MLP-gelu","enc-MLP-GEMM-2","enc-post-MLP-dropout","enc-1st-layernorm","enc-attention-qkv","enc-attention-score","enc-attention-softmax","enc-attention-dropout","enc-attention-context","enc-attention-dense","enc-post-attention-dropout","enc-2nd-layernorm","enc-MLP-GEMM-1","enc-MLP-gelu","enc-MLP-GEMM-2","enc-post-MLP-dropout","enc-1st-layernorm","enc-attention-qkv","enc-attention-score","enc-attention-softmax","enc-attention-dropout","enc-attention-context","enc-attention-dense","enc-post-attention-dropout","enc-2nd-layernorm","enc-MLP-GEMM-1","enc-MLP-gelu","enc-MLP-GEMM-2","enc-post-MLP-dropout","enc-1st-layernorm","enc-attention-qkv","enc-attention-score","enc-attention-softmax","enc-attention-dropout","enc-attention-context","enc-attention-dense","enc-post-attention-dropout","enc-2nd-layernorm","enc-MLP-GEMM-1","enc-MLP-gelu","enc-MLP-GEMM-2","enc-post-MLP-dropout","enc-1st-layernorm","enc-attention-qkv","enc-attention-score","enc-attention-softmax","enc-attention-dropout","enc-attention-context","enc-attention-dense","enc-post-attention-dropout","enc-2nd-layernorm","enc-MLP-GEMM-1","enc-MLP-gelu","enc-MLP-GEMM-2","enc-post-MLP-dropout","enc-1st-layernorm","enc-attention-qkv","enc-attention-score","enc-attention-softmax","enc-attention-dropout","enc-attention-context","enc-attention-dense","enc-post-attention-dropout","enc-2nd-layernorm","enc-MLP-GEMM-1","enc-MLP-gelu","enc-MLP-GEMM-2","enc-post-MLP-dropout","enc-1st-layernorm","enc-attention-qkv","enc-attention-score","enc-attention-softmax","enc-attention-dropout","enc-attention-context","enc-attention-dense","enc-post-attention-dropout","enc-2nd-layernorm","enc-MLP-GEMM-1","enc-MLP-gelu","enc-MLP-GEMM-2","enc-post-MLP-dropout","enc-1st-layernorm","enc-attention-qkv","enc-attention-score","enc-attention-softmax","enc-attention-dropout","enc-attention-context","enc-attention-dense","enc-post-attention-dropout","enc-2nd-layernorm","enc-MLP-GEMM-1","enc-MLP-gelu","enc-MLP-GEMM-2","enc-post-MLP-dropout","enc-1st-layernorm","enc-attention-qkv","enc-attention-score","enc-attention-softmax","enc-attention-dropout","enc-attention-context","enc-attention-dense","enc-post-attention-dropout","enc-2nd-layernorm","enc-MLP-GEMM-1","enc-MLP-gelu","enc-MLP-GEMM-2","enc-post-MLP-dropout","enc-1st-layernorm","enc-attention-qkv","enc-attention-score","enc-attention-softmax","enc-attention-dropout","enc-attention-context","enc-attention-dense","enc-post-attention-dropout","enc-2nd-layernorm","enc-MLP-GEMM-1","enc-MLP-gelu","enc-MLP-GEMM-2","enc-post-MLP-dropout","enc-1st-layernorm","enc-attention-qkv","enc-attention-score","enc-attention-softmax","enc-attention-dropout","enc-attention-context","enc-attention-dense","enc-post-attention-dropout","enc-2nd-layernorm","enc-MLP-GEMM-1","enc-MLP-gelu","enc-MLP-GEMM-2","enc-post-MLP-dropout","enc-1st-layernorm","enc-attention-qkv","enc-attention-score","enc-attention-softmax","enc-attention-dropout","enc-attention-context","enc-attention-dense","enc-post-attention-dropout","enc-2nd-layernorm","enc-MLP-GEMM-1","enc-MLP-gelu","enc-MLP-GEMM-2","enc-post-MLP-dropout","enc-1st-layernorm","enc-attention-qkv","enc-attention-score","enc-attention-softmax","enc-attention-dropout","enc-attention-context","enc-attention-dense","enc-post-attention-dropout","enc-2nd-layernorm","enc-MLP-GEMM-1","enc-MLP-gelu","enc-MLP-GEMM-2","enc-post-MLP-dropout","enc-1st-layernorm","enc-attention-qkv","enc-attention-score","enc-attention-softmax","enc-attention-dropout","enc-attention-context","enc-attention-dense","enc-post-attention-dropout","enc-2nd-layernorm","enc-MLP-GEMM-1","enc-MLP-gelu","enc-MLP-GEMM-2","enc-post-MLP-dropout","enc-1st-layernorm","enc-attention-qkv","enc-attention-score","enc-attention-softmax","enc-attention-dropout","enc-attention-context","enc-attention-dense","enc-post-attention-dropout","enc-2nd-layernorm","enc-MLP-GEMM-1","enc-MLP-gelu","enc-MLP-GEMM-2","enc-post-MLP-dropout","enc-1st-layernorm","enc-attention-qkv","enc-attention-score","enc-attention-softmax","enc-attention-dropout","enc-attention-context","enc-attention-dense","enc-post-attention-dropout","enc-2nd-layernorm","enc-MLP-GEMM-1","enc-MLP-gelu","enc-MLP-GEMM-2","enc-post-MLP-dropout","enc-1st-layernorm","enc-attention-qkv","enc-attention-score","enc-attention-softmax","enc-attention-dropout","enc-attention-context","enc-attention-dense","enc-post-attention-dropout","enc-2nd-layernorm","enc-MLP-GEMM-1","enc-MLP-gelu","enc-MLP-GEMM-2","enc-post-MLP-dropout","enc-1st-layernorm","enc-attention-qkv","enc-attention-score","enc-attention-softmax","enc-attention-dropout","enc-attention-context","enc-attention-dense","enc-post-attention-dropout","enc-2nd-layernorm","enc-MLP-GEMM-1","enc-MLP-gelu","enc-MLP-GEMM-2","enc-post-MLP-dropout","enc-1st-layernorm","enc-attention-qkv","enc-attention-score","enc-attention-softmax","enc-attention-dropout","enc-attention-context","enc-attention-dense","enc-post-attention-dropout","enc-2nd-layernorm","enc-MLP-GEMM-1","enc-MLP-gelu","enc-MLP-GEMM-2","enc-post-MLP-dropout","enc-1st-layernorm","enc-attention-qkv","enc-attention-score","enc-attention-softmax","enc-attention-dropout","enc-attention-context","enc-attention-dense","enc-post-attention-dropout","enc-2nd-layernorm","enc-MLP-GEMM-1","enc-MLP-gelu","enc-MLP-GEMM-2","enc-post-MLP-dropout","enc-1st-layernorm","enc-attention-qkv","enc-attention-score","enc-attention-softmax","enc-attention-dropout","enc-attention-context","enc-attention-dense","enc-post-attention-dropout","enc-2nd-layernorm","enc-MLP-GEMM-1","enc-MLP-gelu","enc-MLP-GEMM-2","enc-post-MLP-dropout","enc-1st-layernorm","enc-attention-qkv","enc-attention-score","enc-attention-softmax","enc-attention-dropout","enc-attention-context","enc-attention-dense","enc-post-attention-dropout","enc-2nd-layernorm","enc-MLP-GEMM-1","enc-MLP-gelu","enc-MLP-GEMM-2","enc-post-MLP-dropout","enc-1st-layernorm","enc-attention-qkv","enc-attention-score","enc-attention-softmax","enc-attention-dropout","enc-attention-context","enc-attention-dense","enc-post-attention-dropout","enc-2nd-layernorm","enc-MLP-GEMM-1","enc-MLP-gelu","enc-MLP-GEMM-2","enc-post-MLP-dropout","enc-1st-layernorm","enc-attention-qkv","enc-attention-score","enc-attention-softmax","enc-attention-dropout","enc-attention-context","enc-attention-dense","enc-post-attention-dropout","enc-2nd-layernorm","enc-MLP-GEMM-1","enc-MLP-gelu","enc-MLP-GEMM-2","enc-post-MLP-dropout","enc-1st-layernorm","enc-attention-qkv","enc-attention-score","enc-attention-softmax","enc-attention-dropout","enc-attention-context","enc-attention-dense","enc-post-attention-dropout","enc-2nd-layernorm","enc-MLP-GEMM-1","enc-MLP-gelu","enc-MLP-GEMM-2","enc-post-MLP-dropout","enc-1st-layernorm","enc-attention-qkv","enc-attention-score","enc-attention-softmax","enc-attention-dropout","enc-attention-context","enc-attention-dense","enc-post-attention-dropout","enc-2nd-layernorm","enc-MLP-GEMM-1","enc-MLP-gelu","enc-MLP-GEMM-2","enc-post-MLP-dropout","enc-1st-layernorm","enc-attention-qkv","enc-attention-score","enc-attention-softmax","enc-attention-dropout","enc-attention-context","enc-attention-dense","enc-post-attention-dropout","enc-2nd-layernorm","enc-MLP-GEMM-1","enc-MLP-gelu","enc-MLP-GEMM-2","enc-post-MLP-dropout","enc-1st-layernorm","enc-attention-qkv","enc-attention-score","enc-attention-softmax","enc-attention-dropout","enc-attention-context","enc-attention-dense","enc-post-attention-dropout","enc-2nd-layernorm","enc-MLP-GEMM-1","enc-MLP-gelu","enc-MLP-GEMM-2","enc-post-MLP-dropout","enc-1st-layernorm","enc-attention-qkv","enc-attention-score","enc-attention-softmax","enc-attention-dropout","enc-attention-context","enc-attention-dense","enc-post-attention-dropout","enc-2nd-layernorm","enc-MLP-GEMM-1","enc-MLP-gelu","enc-MLP-GEMM-2","enc-post-MLP-dropout","enc-1st-layernorm","enc-attention-qkv","enc-attention-score","enc-attention-softmax","enc-attention-dropout","enc-attention-context","enc-attention-dense","enc-post-attention-dropout","enc-2nd-layernorm","enc-MLP-GEMM-1","enc-MLP-gelu","enc-MLP-GEMM-2","enc-post-MLP-dropout","enc-1st-layernorm","enc-attention-qkv","enc-attention-score","enc-attention-softmax","enc-attention-dropout","enc-attention-context","enc-attention-dense","enc-post-attention-dropout","enc-2nd-layernorm","enc-MLP-GEMM-1","enc-MLP-gelu","enc-MLP-GEMM-2","enc-post-MLP-dropout","enc-1st-layernorm","enc-attention-qkv","enc-attention-score","enc-attention-softmax","enc-attention-dropout","enc-attention-context","enc-attention-dense","enc-post-attention-dropout","enc-2nd-layernorm","enc-MLP-GEMM-1","enc-MLP-gelu","enc-MLP-GEMM-2","enc-post-MLP-dropout","enc-1st-layernorm","enc-attention-qkv","enc-attention-score","enc-attention-softmax","enc-attention-dropout","enc-attention-context","enc-attention-dense","enc-post-attention-dropout","enc-2nd-layernorm","enc-MLP-GEMM-1","enc-MLP-gelu","enc-MLP-GEMM-2","enc-post-MLP-dropout","enc-1st-layernorm","enc-attention-qkv","enc-attention-score","enc-attention-softmax","enc-attention-dropout","enc-attention-context","enc-attention-dense","enc-post-attention-dropout","enc-2nd-layernorm","enc-MLP-GEMM-1","enc-MLP-gelu","enc-MLP-GEMM-2","enc-post-MLP-dropout","enc-1st-layernorm","enc-attention-qkv","enc-attention-score","enc-attention-softmax","enc-attention-dropout","enc-attention-context","enc-attention-dense","enc-post-attention-dropout","enc-2nd-layernorm","enc-MLP-GEMM-1","enc-MLP-gelu","enc-MLP-GEMM-2","enc-post-MLP-dropout","enc-1st-layernorm","enc-attention-qkv","enc-attention-score","enc-attention-softmax","enc-attention-dropout","enc-attention-context","enc-attention-dense","enc-post-attention-dropout","enc-2nd-layernorm","enc-MLP-GEMM-1","enc-MLP-gelu","enc-MLP-GEMM-2","enc-post-MLP-dropout","enc-1st-layernorm","enc-attention-qkv","enc-attention-score","enc-attention-softmax","enc-attention-dropout","enc-attention-context","enc-attention-dense","enc-post-attention-dropout","enc-2nd-layernorm","enc-MLP-GEMM-1","enc-MLP-gelu","enc-MLP-GEMM-2","enc-post-MLP-dropout","enc-1st-layernorm","enc-attention-qkv","enc-attention-score","enc-attention-softmax","enc-attention-dropout","enc-attention-context","enc-attention-dense","enc-post-attention-dropout","enc-2nd-layernorm","enc-MLP-GEMM-1","enc-MLP-gelu","enc-MLP-GEMM-2","enc-post-MLP-dropout","enc-1st-layernorm","enc-attention-qkv","enc-attention-score","enc-attention-softmax","enc-attention-dropout","enc-attention-context","enc-attention-dense","enc-post-attention-dropout","enc-2nd-layernorm","enc-MLP-GEMM-1","enc-MLP-gelu","enc-MLP-GEMM-2","enc-post-MLP-dropout","enc-1st-layernorm","enc-attention-qkv","enc-attention-score","enc-attention-softmax","enc-attention-dropout","enc-attention-context","enc-attention-dense","enc-post-attention-dropout","enc-2nd-layernorm","enc-MLP-GEMM-1","enc-MLP-gelu","enc-MLP-GEMM-2","enc-post-MLP-dropout","enc-1st-layernorm","enc-attention-qkv","enc-attention-score","enc-attention-softmax","enc-attention-dropout","enc-attention-context","enc-attention-dense","enc-post-attention-dropout","enc-2nd-layernorm","enc-MLP-GEMM-1","enc-MLP-gelu","enc-MLP-GEMM-2","enc-post-MLP-dropout","enc-1st-layernorm","enc-attention-qkv","enc-attention-score","enc-attention-softmax","enc-attention-dropout","enc-attention-context","enc-attention-dense","enc-post-attention-dropout","enc-2nd-layernorm","enc-MLP-GEMM-1","enc-MLP-gelu","enc-MLP-GEMM-2","enc-post-MLP-dropout","enc-1st-layernorm","enc-attention-qkv","enc-attention-score","enc-attention-softmax","enc-attention-dropout","enc-attention-context","enc-attention-dense","enc-post-attention-dropout","enc-2nd-layernorm","enc-MLP-GEMM-1","enc-MLP-gelu","enc-MLP-GEMM-2","enc-post-MLP-dropout","enc-1st-layernorm","enc-attention-qkv","enc-attention-score","enc-attention-softmax","enc-attention-dropout","enc-attention-context","enc-attention-dense","enc-post-attention-dropout","enc-2nd-layernorm","enc-MLP-GEMM-1","enc-MLP-gelu","enc-MLP-GEMM-2","enc-post-MLP-dropout","enc-1st-layernorm","enc-attention-qkv","enc-attention-score","enc-attention-softmax","enc-attention-dropout","enc-attention-context","enc-attention-dense","enc-post-attention-dropout","enc-2nd-layernorm","enc-MLP-GEMM-1","enc-MLP-gelu","enc-MLP-GEMM-2","enc-post-MLP-dropout","enc-1st-layernorm","enc-attention-qkv","enc-attention-score","enc-attention-softmax","enc-attention-dropout","enc-attention-context","enc-attention-dense","enc-post-attention-dropout","enc-2nd-layernorm","enc-MLP-GEMM-1","enc-MLP-gelu","enc-MLP-GEMM-2","enc-post-MLP-dropout","enc-1st-layernorm","enc-attention-qkv","enc-attention-score","enc-attention-softmax","enc-attention-dropout","enc-attention-context","enc-attention-dense","enc-post-attention-dropout","enc-2nd-layernorm","enc-MLP-GEMM-1","enc-MLP-gelu","enc-MLP-GEMM-2","enc-post-MLP-dropout","enc-1st-layernorm","enc-attention-qkv","enc-attention-score","enc-attention-softmax","enc-attention-dropout","enc-attention-context","enc-attention-dense","enc-post-attention-dropout","enc-2nd-layernorm","enc-MLP-GEMM-1","enc-MLP-gelu","enc-MLP-GEMM-2","enc-post-MLP-dropout","enc-1st-layernorm","enc-attention-qkv","enc-attention-score","enc-attention-softmax","enc-attention-dropout","enc-attention-context","enc-attention-dense","enc-post-attention-dropout","enc-2nd-layernorm","enc-MLP-GEMM-1","enc-MLP-gelu","enc-MLP-GEMM-2","enc-post-MLP-dropout","enc-1st-layernorm","enc-attention-qkv","enc-attention-score","enc-attention-softmax","enc-attention-dropout","enc-attention-context","enc-attention-dense","enc-post-attention-dropout","enc-2nd-layernorm","enc-MLP-GEMM-1","enc-MLP-gelu","enc-MLP-GEMM-2","enc-post-MLP-dropout","enc-1st-layernorm","enc-attention-qkv","enc-attention-score","enc-attention-softmax","enc-attention-dropout","enc-attention-context","enc-attention-dense","enc-post-attention-dropout","enc-2nd-layernorm","enc-MLP-GEMM-1","enc-MLP-gelu","enc-MLP-GEMM-2","enc-post-MLP-dropout","enc-1st-layernorm","enc-attention-qkv","enc-attention-score","enc-attention-softmax","enc-attention-dropout","enc-attention-context","enc-attention-dense","enc-post-attention-dropout","enc-2nd-layernorm","enc-MLP-GEMM-1","enc-MLP-gelu","enc-MLP-GEMM-2","enc-post-MLP-dropout","enc-1st-layernorm","enc-attention-qkv","enc-attention-score","enc-attention-softmax","enc-attention-dropout","enc-attention-context","enc-attention-dense","enc-post-attention-dropout","enc-2nd-layernorm","enc-MLP-GEMM-1","enc-MLP-gelu","enc-MLP-GEMM-2","enc-post-MLP-dropout","enc-1st-layernorm","enc-attention-qkv","enc-attention-score","enc-attention-softmax","enc-attention-dropout","enc-attention-context","enc-attention-dense","enc-post-attention-dropout","enc-2nd-layernorm","enc-MLP-GEMM-1","enc-MLP-gelu","enc-MLP-GEMM-2","enc-post-MLP-dropout","enc-1st-layernorm","enc-attention-qkv","enc-attention-score","enc-attention-softmax","enc-attention-dropout","enc-attention-context","enc-attention-dense","enc-post-attention-dropout","enc-2nd-layernorm","enc-MLP-GEMM-1","enc-MLP-gelu","enc-MLP-GEMM-2","enc-post-MLP-dropout","enc-1st-layernorm","enc-attention-qkv","enc-attention-score","enc-attention-softmax","enc-attention-dropout","enc-attention-context","enc-attention-dense","enc-post-attention-dropout","enc-2nd-layernorm","enc-MLP-GEMM-1","enc-MLP-gelu","enc-MLP-GEMM-2","enc-post-MLP-dropout","enc-1st-layernorm","enc-attention-qkv","enc-attention-score","enc-attention-softmax","enc-attention-dropout","enc-attention-context","enc-attention-dense","enc-post-attention-dropout","enc-2nd-layernorm","enc-MLP-GEMM-1","enc-MLP-gelu","enc-MLP-GEMM-2","enc-post-MLP-dropout","enc-1st-layernorm","enc-attention-qkv","enc-attention-score","enc-attention-softmax","enc-attention-dropout","enc-attention-context","enc-attention-dense","enc-post-attention-dropout","enc-2nd-layernorm","enc-MLP-GEMM-1","enc-MLP-gelu","enc-MLP-GEMM-2","enc-post-MLP-dropout","enc-1st-layernorm","enc-attention-qkv","enc-attention-score","enc-attention-softmax","enc-attention-dropout","enc-attention-context","enc-attention-dense","enc-post-attention-dropout","enc-2nd-layernorm","enc-MLP-GEMM-1","enc-MLP-gelu","enc-MLP-GEMM-2","enc-post-MLP-dropout","enc-1st-layernorm","enc-attention-qkv","enc-attention-score","enc-attention-softmax","enc-attention-dropout","enc-attention-context","enc-attention-dense","enc-post-attention-dropout","enc-2nd-layernorm","enc-MLP-GEMM-1","enc-MLP-gelu","enc-MLP-GEMM-2","enc-post-MLP-dropout","enc-1st-layernorm","enc-attention-qkv","enc-attention-score","enc-attention-softmax","enc-attention-dropout","enc-attention-context","enc-attention-dense","enc-post-attention-dropout","enc-2nd-layernorm","enc-MLP-GEMM-1","enc-MLP-gelu","enc-MLP-GEMM-2","enc-post-MLP-dropout","enc-1st-layernorm","enc-attention-qkv","enc-attention-score","enc-attention-softmax","enc-attention-dropout","enc-attention-context","enc-attention-dense","enc-post-attention-dropout","enc-2nd-layernorm","enc-MLP-GEMM-1","enc-MLP-gelu","enc-MLP-GEMM-2","enc-post-MLP-dropout","enc-1st-layernorm","enc-attention-qkv","enc-attention-score","enc-attention-softmax","enc-attention-dropout","enc-attention-context","enc-attention-dense","enc-post-attention-dropout","enc-2nd-layernorm","enc-MLP-GEMM-1","enc-MLP-gelu","enc-MLP-GEMM-2","enc-post-MLP-dropout","enc-1st-layernorm","enc-attention-qkv","enc-attention-score","enc-attention-softmax","enc-attention-dropout","enc-attention-context","enc-attention-dense","enc-post-attention-dropout","enc-2nd-layernorm","enc-MLP-GEMM-1","enc-MLP-gelu","enc-MLP-GEMM-2","enc-post-MLP-dropout","enc-1st-layernorm","enc-attention-qkv","enc-attention-score","enc-attention-softmax","enc-attention-dropout","enc-attention-context","enc-attention-dense","enc-post-attention-dropout","enc-2nd-layernorm","enc-MLP-GEMM-1","enc-MLP-gelu","enc-MLP-GEMM-2","enc-post-MLP-dropout","enc-1st-layernorm","enc-attention-qkv","enc-attention-score","enc-attention-softmax","enc-attention-dropout","enc-attention-context","enc-attention-dense","enc-post-attention-dropout","enc-2nd-layernorm","enc-MLP-GEMM-1","enc-MLP-gelu","enc-MLP-GEMM-2","enc-post-MLP-dropout","enc-1st-layernorm","enc-attention-qkv","enc-attention-score","enc-attention-softmax","enc-attention-dropout","enc-attention-context","enc-attention-dense","enc-post-attention-dropout","enc-2nd-layernorm","enc-MLP-GEMM-1","enc-MLP-gelu","enc-MLP-GEMM-2","enc-post-MLP-dropout","enc-1st-layernorm","enc-attention-qkv","enc-attention-score","enc-attention-softmax","enc-attention-dropout","enc-attention-context","enc-attention-dense","enc-post-attention-dropout","enc-2nd-layernorm","enc-MLP-GEMM-1","enc-MLP-gelu","enc-MLP-GEMM-2","enc-post-MLP-dropout","enc-1st-layernorm","enc-attention-qkv","enc-attention-score","enc-attention-softmax","enc-attention-dropout","enc-attention-context","enc-attention-dense","enc-post-attention-dropout","enc-2nd-layernorm","enc-MLP-GEMM-1","enc-MLP-gelu","enc-MLP-GEMM-2","enc-post-MLP-dropout","enc-1st-layernorm","enc-attention-qkv","enc-attention-score","enc-attention-softmax","enc-attention-dropout","enc-attention-context","enc-attention-dense","enc-post-attention-dropout","enc-2nd-layernorm","enc-MLP-GEMM-1","enc-MLP-gelu","enc-MLP-GEMM-2","enc-post-MLP-dropout","enc-1st-layernorm","enc-attention-qkv","enc-attention-score","enc-attention-softmax","enc-attention-dropout","enc-attention-context","enc-attention-dense","enc-post-attention-dropout","enc-2nd-layernorm","enc-MLP-GEMM-1","enc-MLP-gelu","enc-MLP-GEMM-2","enc-post-MLP-dropout","enc-1st-layernorm","enc-attention-qkv","enc-attention-score","enc-attention-softmax","enc-attention-dropout","enc-attention-context","enc-attention-dense","enc-post-attention-dropout","enc-2nd-layernorm","enc-MLP-GEMM-1","enc-MLP-gelu","enc-MLP-GEMM-2","enc-post-MLP-dropout","enc-1st-layernorm","enc-attention-qkv","enc-attention-score","enc-attention-softmax","enc-attention-dropout","enc-attention-context","enc-attention-dense","enc-post-attention-dropout","enc-2nd-layernorm","enc-MLP-GEMM-1","enc-MLP-gelu","enc-MLP-GEMM-2","enc-post-MLP-dropout","enc-1st-layernorm","enc-attention-qkv","enc-attention-score","enc-attention-softmax","enc-attention-dropout","enc-attention-context","enc-attention-dense","enc-post-attention-dropout","enc-2nd-layernorm",
[rank 4 recompute ops] enc-MLP-GEMM-1 enc-MLP-gelu enc-MLP-GEMM-2 enc-post-MLP-dropout enc-1st-layernorm enc-attention-qkv enc-attention-score enc-attention-softmax enc-attention-dropout enc-attention-context enc-post-attention-dropout enc-2nd-layernorm enc-MLP-GEMM-1 enc-MLP-gelu enc-MLP-GEMM-2 enc-post-MLP-dropout enc-1st-layernorm enc-attention-qkv enc-attention-score enc-attention-softmax enc-attention-dropout enc-attention-context enc-post-attention-dropout enc-2nd-layernorm enc-MLP-GEMM-1 enc-MLP-gelu enc-MLP-GEMM-2 enc-post-MLP-dropout enc-1st-layernorm enc-attention-qkv enc-attention-score enc-attention-softmax enc-attention-dropout enc-attention-context enc-post-attention-dropout enc-2nd-layernorm enc-MLP-GEMM-1 enc-MLP-gelu enc-MLP-GEMM-2 enc-post-MLP-dropout enc-1st-layernorm enc-attention-qkv enc-attention-score enc-attention-softmax enc-attention-dropout enc-attention-context enc-post-attention-dropout enc-2nd-layernorm enc-MLP-GEMM-1 enc-MLP-gelu enc-MLP-GEMM-2 enc-post-MLP-dropout enc-1st-layernorm enc-attention-qkv enc-attention-score enc-attention-softmax enc-attention-dropout enc-attention-context enc-post-attention-dropout enc-2nd-layernorm enc-MLP-GEMM-1 enc-MLP-gelu enc-MLP-GEMM-2 enc-post-MLP-dropout enc-1st-layernorm enc-attention-qkv enc-attention-score enc-attention-softmax enc-attention-dropout enc-attention-context enc-post-attention-dropout enc-2nd-layernorm enc-MLP-GEMM-1 enc-MLP-gelu enc-MLP-GEMM-2 enc-post-MLP-dropout enc-1st-layernorm enc-attention-qkv enc-attention-score enc-attention-softmax enc-attention-dropout enc-attention-context enc-post-attention-dropout enc-2nd-layernorm enc-MLP-GEMM-1 enc-MLP-gelu enc-MLP-GEMM-2 enc-post-MLP-dropout enc-1st-layernorm enc-attention-qkv enc-attention-score enc-attention-softmax enc-attention-dropout enc-attention-context enc-post-attention-dropout enc-2nd-layernorm enc-MLP-GEMM-1 enc-MLP-gelu enc-MLP-GEMM-2 enc-post-MLP-dropout enc-1st-layernorm enc-attention-qkv enc-attention-score enc-attention-softmax enc-attention-dropout enc-attention-context enc-post-attention-dropout enc-2nd-layernorm enc-MLP-GEMM-1 enc-MLP-gelu enc-MLP-GEMM-2 enc-post-MLP-dropout enc-1st-layernorm enc-attention-qkv enc-attention-score enc-attention-softmax enc-attention-dropout enc-attention-context enc-post-attention-dropout enc-2nd-layernorm enc-MLP-GEMM-1 enc-MLP-gelu enc-MLP-GEMM-2 enc-post-MLP-dropout enc-1st-layernorm enc-attention-qkv enc-attention-score enc-attention-softmax enc-attention-dropout enc-attention-context enc-post-attention-dropout enc-2nd-layernorm enc-MLP-GEMM-1 enc-MLP-gelu enc-MLP-GEMM-2 enc-post-MLP-dropout enc-1st-layernorm enc-attention-qkv enc-attention-score enc-attention-softmax enc-attention-dropout enc-attention-context enc-post-attention-dropout enc-2nd-layernorm enc-MLP-GEMM-1 enc-MLP-gelu enc-MLP-GEMM-2 enc-post-MLP-dropout enc-1st-layernorm enc-attention-qkv enc-attention-score enc-attention-softmax enc-attention-dropout enc-attention-context enc-post-attention-dropout enc-2nd-layernorm enc-MLP-GEMM-1 enc-MLP-gelu enc-MLP-GEMM-2 enc-post-MLP-dropout enc-1st-layernorm enc-attention-qkv enc-attention-score enc-attention-softmax enc-attention-dropout enc-attention-context enc-post-attention-dropout enc-2nd-layernorm enc-MLP-GEMM-1 enc-MLP-gelu enc-MLP-GEMM-2 enc-post-MLP-dropout enc-1st-layernorm enc-attention-qkv enc-attention-score enc-attention-softmax enc-attention-dropout enc-attention-context enc-post-attention-dropout enc-2nd-layernorm enc-MLP-GEMM-1 enc-MLP-gelu enc-MLP-GEMM-2 enc-post-MLP-dropout enc-1st-layernorm enc-attention-qkv enc-attention-score enc-attention-softmax enc-attention-dropout enc-attention-context enc-post-attention-dropout enc-2nd-layernorm enc-MLP-GEMM-1 enc-MLP-gelu enc-MLP-GEMM-2 enc-post-MLP-dropout enc-1st-layernorm enc-attention-qkv enc-attention-score enc-attention-softmax enc-attention-dropout enc-attention-context enc-post-attention-dropout enc-2nd-layernorm enc-MLP-GEMM-1 enc-MLP-gelu enc-MLP-GEMM-2 enc-post-MLP-dropout enc-1st-layernorm enc-attention-qkv enc-attention-score enc-attention-softmax enc-attention-dropout enc-attention-context enc-post-attention-dropout enc-2nd-layernorm enc-MLP-GEMM-1 enc-MLP-gelu enc-MLP-GEMM-2 enc-post-MLP-dropout enc-1st-layernorm enc-attention-qkv enc-attention-score enc-attention-softmax enc-attention-dropout enc-attention-context enc-post-attention-dropout enc-2nd-layernorm enc-MLP-GEMM-1 enc-MLP-gelu enc-MLP-GEMM-2 enc-post-MLP-dropout enc-1st-layernorm enc-attention-qkv enc-attention-score enc-attention-softmax enc-attention-dropout enc-attention-context enc-post-attention-dropout enc-2nd-layernorm enc-MLP-GEMM-1 enc-MLP-gelu enc-MLP-GEMM-2 enc-post-MLP-dropout enc-1st-layernorm enc-attention-qkv enc-attention-score enc-attention-softmax enc-attention-dropout enc-attention-context enc-post-attention-dropout enc-2nd-layernorm enc-MLP-GEMM-1 enc-MLP-gelu enc-MLP-GEMM-2 enc-post-MLP-dropout enc-1st-layernorm enc-attention-qkv enc-attention-score enc-attention-softmax enc-attention-dropout enc-attention-context enc-post-attention-dropout enc-2nd-layernorm enc-MLP-GEMM-1 enc-MLP-gelu enc-MLP-GEMM-2 enc-post-MLP-dropout enc-1st-layernorm enc-attention-qkv enc-attention-score enc-attention-softmax enc-attention-dropout enc-attention-context enc-post-attention-dropout enc-2nd-layernorm enc-MLP-GEMM-1 enc-MLP-gelu enc-MLP-GEMM-2 enc-post-MLP-dropout enc-1st-layernorm enc-attention-qkv enc-attention-score enc-attention-softmax enc-attention-dropout enc-attention-context enc-post-attention-dropout enc-2nd-layernorm enc-MLP-GEMM-1 enc-MLP-gelu enc-MLP-GEMM-2 enc-post-MLP-dropout enc-1st-layernorm enc-attention-qkv enc-attention-score enc-attention-softmax enc-attention-dropout enc-attention-context enc-post-attention-dropout enc-2nd-layernorm enc-MLP-GEMM-1 enc-MLP-gelu enc-MLP-GEMM-2 enc-post-MLP-dropout enc-1st-layernorm enc-attention-qkv enc-attention-score enc-attention-softmax enc-attention-dropout enc-attention-context enc-post-attention-dropout enc-2nd-layernorm enc-MLP-GEMM-1 enc-MLP-gelu enc-MLP-GEMM-2 enc-post-MLP-dropout enc-1st-layernorm enc-attention-qkv enc-attention-score enc-attention-softmax enc-attention-dropout enc-attention-context enc-post-attention-dropout enc-2nd-layernorm enc-MLP-GEMM-1 enc-MLP-gelu enc-MLP-GEMM-2 enc-post-MLP-dropout enc-1st-layernorm enc-attention-qkv enc-attention-score enc-attention-softmax enc-attention-dropout enc-attention-context enc-post-attention-dropout enc-2nd-layernorm enc-MLP-GEMM-1 enc-MLP-gelu enc-MLP-GEMM-2 enc-post-MLP-dropout enc-1st-layernorm enc-attention-qkv enc-attention-score enc-attention-softmax enc-attention-dropout enc-attention-context enc-post-attention-dropout enc-2nd-layernorm enc-MLP-GEMM-1 enc-MLP-gelu enc-MLP-GEMM-2 enc-post-MLP-dropout enc-1st-layernorm enc-attention-qkv enc-attention-score enc-attention-softmax enc-attention-dropout enc-attention-context enc-post-attention-dropout enc-2nd-layernorm enc-MLP-GEMM-1 enc-MLP-gelu enc-MLP-GEMM-2 enc-post-MLP-dropout enc-1st-layernorm enc-attention-qkv enc-attention-score enc-attention-softmax enc-attention-dropout enc-attention-context enc-post-attention-dropout enc-2nd-layernorm enc-MLP-GEMM-1 enc-MLP-gelu enc-MLP-GEMM-2 enc-post-MLP-dropout enc-1st-layernorm enc-attention-qkv enc-attention-score enc-attention-softmax enc-attention-dropout enc-attention-context enc-post-attention-dropout enc-2nd-layernorm enc-MLP-GEMM-1 enc-MLP-gelu enc-MLP-GEMM-2 enc-post-MLP-dropout enc-1st-layernorm enc-attention-qkv enc-attention-score enc-attention-softmax enc-attention-dropout enc-attention-context enc-post-attention-dropout enc-2nd-layernorm enc-MLP-GEMM-1 enc-MLP-gelu enc-MLP-GEMM-2 enc-post-MLP-dropout enc-1st-layernorm enc-attention-qkv enc-attention-score enc-attention-softmax enc-attention-dropout enc-attention-context enc-post-attention-dropout enc-2nd-layernorm enc-MLP-GEMM-1 enc-MLP-gelu enc-MLP-GEMM-2 enc-post-MLP-dropout enc-1st-layernorm enc-attention-qkv enc-attention-score enc-attention-softmax enc-attention-dropout enc-attention-context enc-post-attention-dropout enc-2nd-layernorm enc-MLP-GEMM-1 enc-MLP-gelu enc-MLP-GEMM-2 enc-post-MLP-dropout enc-1st-layernorm enc-attention-qkv enc-attention-score enc-attention-softmax enc-attention-dropout enc-attention-context enc-post-attention-dropout enc-2nd-layernorm enc-MLP-GEMM-1 enc-MLP-gelu enc-MLP-GEMM-2 enc-post-MLP-dropout enc-1st-layernorm enc-attention-qkv enc-attention-score enc-attention-softmax enc-attention-dropout enc-attention-context enc-post-attention-dropout enc-2nd-layernorm enc-MLP-GEMM-1 enc-MLP-gelu enc-MLP-GEMM-2 enc-post-MLP-dropout enc-1st-layernorm enc-attention-qkv enc-attention-score enc-attention-softmax enc-attention-dropout enc-attention-context enc-post-attention-dropout enc-2nd-layernorm enc-MLP-GEMM-1 enc-MLP-gelu enc-MLP-GEMM-2 enc-post-MLP-dropout enc-1st-layernorm enc-attention-qkv enc-attention-score enc-attention-softmax enc-attention-dropout enc-attention-context enc-post-attention-dropout enc-2nd-layernorm enc-MLP-GEMM-1 enc-MLP-gelu enc-MLP-GEMM-2 enc-post-MLP-dropout enc-1st-layernorm enc-attention-qkv enc-attention-score enc-attention-softmax enc-attention-dropout enc-attention-context enc-post-attention-dropout enc-2nd-layernorm enc-MLP-GEMM-1 enc-MLP-gelu enc-MLP-GEMM-2 enc-post-MLP-dropout enc-1st-layernorm enc-attention-qkv enc-attention-score enc-attention-softmax enc-attention-dropout enc-attention-context enc-post-attention-dropout enc-2nd-layernorm enc-MLP-GEMM-1 enc-MLP-gelu enc-MLP-GEMM-2 enc-post-MLP-dropout enc-1st-layernorm enc-attention-qkv enc-attention-score enc-attention-softmax enc-attention-dropout enc-attention-context enc-post-attention-dropout enc-2nd-layernorm enc-MLP-GEMM-1 enc-MLP-gelu enc-MLP-GEMM-2 enc-post-MLP-dropout enc-1st-layernorm enc-attention-qkv enc-attention-score enc-attention-softmax enc-attention-dropout enc-attention-context enc-post-attention-dropout enc-2nd-layernorm enc-MLP-GEMM-1 enc-MLP-gelu enc-MLP-GEMM-2 enc-post-MLP-dropout enc-1st-layernorm enc-attention-qkv enc-attention-score enc-attention-softmax enc-attention-dropout enc-attention-context enc-post-attention-dropout enc-2nd-layernorm enc-MLP-GEMM-1 enc-MLP-gelu enc-MLP-GEMM-2 enc-post-MLP-dropout enc-1st-layernorm enc-attention-qkv enc-attention-score enc-attention-softmax enc-attention-dropout enc-attention-context enc-post-attention-dropout enc-2nd-layernorm enc-MLP-GEMM-1 enc-MLP-gelu enc-MLP-GEMM-2 enc-post-MLP-dropout enc-1st-layernorm enc-attention-qkv enc-attention-score enc-attention-softmax enc-attention-dropout enc-attention-context enc-post-attention-dropout enc-2nd-layernorm enc-MLP-GEMM-1 enc-MLP-gelu enc-MLP-GEMM-2 enc-post-MLP-dropout enc-1st-layernorm enc-attention-qkv enc-attention-score enc-attention-softmax enc-attention-dropout enc-attention-context enc-post-attention-dropout enc-2nd-layernorm enc-MLP-GEMM-1 enc-MLP-gelu enc-MLP-GEMM-2 enc-post-MLP-dropout enc-1st-layernorm enc-attention-qkv enc-attention-score enc-attention-softmax enc-attention-dropout enc-attention-context enc-post-attention-dropout enc-2nd-layernorm enc-MLP-GEMM-1 enc-MLP-gelu enc-MLP-GEMM-2 enc-post-MLP-dropout enc-1st-layernorm enc-attention-qkv enc-attention-score enc-attention-softmax enc-attention-dropout enc-attention-context enc-post-attention-dropout enc-2nd-layernorm enc-MLP-GEMM-1 enc-MLP-gelu enc-MLP-GEMM-2 enc-post-MLP-dropout enc-1st-layernorm enc-attention-qkv enc-attention-score enc-attention-softmax enc-attention-dropout enc-attention-context enc-post-attention-dropout enc-2nd-layernorm enc-MLP-GEMM-1 enc-MLP-gelu enc-MLP-GEMM-2 enc-post-MLP-dropout enc-1st-layernorm enc-attention-qkv enc-attention-score enc-attention-softmax enc-attention-dropout enc-attention-context enc-post-attention-dropout enc-2nd-layernorm enc-MLP-GEMM-1 enc-MLP-gelu enc-MLP-GEMM-2 enc-post-MLP-dropout enc-1st-layernorm enc-attention-qkv enc-attention-score enc-attention-softmax enc-attention-dropout enc-attention-context enc-post-attention-dropout enc-2nd-layernorm enc-MLP-GEMM-1 enc-MLP-gelu enc-MLP-GEMM-2 enc-post-MLP-dropout enc-1st-layernorm enc-attention-qkv enc-attention-score enc-attention-softmax enc-attention-dropout enc-attention-context enc-post-attention-dropout enc-2nd-layernorm enc-MLP-GEMM-1 enc-MLP-gelu enc-MLP-GEMM-2 enc-post-MLP-dropout enc-1st-layernorm enc-attention-qkv enc-attention-score enc-attention-softmax enc-attention-dropout enc-attention-context enc-post-attention-dropout enc-2nd-layernorm enc-MLP-GEMM-1 enc-MLP-gelu enc-MLP-GEMM-2 enc-post-MLP-dropout enc-1st-layernorm enc-attention-qkv enc-attention-score enc-attention-softmax enc-attention-dropout enc-attention-context enc-post-attention-dropout enc-2nd-layernorm enc-MLP-GEMM-1 enc-MLP-gelu enc-MLP-GEMM-2 enc-post-MLP-dropout enc-1st-layernorm enc-attention-qkv enc-attention-score enc-attention-softmax enc-attention-dropout enc-attention-context enc-post-attention-dropout enc-2nd-layernorm enc-MLP-GEMM-1 enc-MLP-gelu enc-MLP-GEMM-2 enc-post-MLP-dropout enc-1st-layernorm enc-attention-qkv enc-attention-score enc-attention-softmax enc-attention-dropout enc-attention-context enc-post-attention-dropout enc-2nd-layernorm enc-MLP-GEMM-1 enc-MLP-gelu enc-MLP-GEMM-2 enc-post-MLP-dropout enc-1st-layernorm enc-attention-qkv enc-attention-score enc-attention-softmax enc-attention-dropout enc-attention-context enc-post-attention-dropout enc-2nd-layernorm enc-MLP-GEMM-1 enc-MLP-gelu enc-MLP-GEMM-2 enc-post-MLP-dropout enc-1st-layernorm enc-attention-qkv enc-attention-score enc-attention-softmax enc-attention-dropout enc-attention-context enc-post-attention-dropout enc-2nd-layernorm enc-MLP-GEMM-1 enc-MLP-gelu enc-MLP-GEMM-2 enc-post-MLP-dropout enc-1st-layernorm enc-attention-qkv enc-attention-score enc-attention-softmax enc-attention-dropout enc-attention-context enc-post-attention-dropout enc-2nd-layernorm enc-MLP-GEMM-1 enc-MLP-gelu enc-MLP-GEMM-2 enc-post-MLP-dropout enc-1st-layernorm enc-attention-qkv enc-attention-score enc-attention-softmax enc-attention-dropout enc-attention-context enc-post-attention-dropout enc-2nd-layernorm enc-MLP-GEMM-1 enc-MLP-gelu enc-MLP-GEMM-2 enc-post-MLP-dropout enc-1st-layernorm enc-attention-qkv enc-attention-score enc-attention-softmax enc-attention-dropout enc-attention-context enc-post-attention-dropout enc-2nd-layernorm enc-MLP-GEMM-1 enc-MLP-gelu enc-MLP-GEMM-2 enc-post-MLP-dropout enc-1st-layernorm enc-attention-qkv enc-attention-score enc-attention-softmax enc-attention-dropout enc-attention-context enc-post-attention-dropout enc-2nd-layernorm enc-MLP-GEMM-1 enc-MLP-gelu enc-MLP-GEMM-2 enc-post-MLP-dropout enc-1st-layernorm enc-attention-qkv enc-attention-score enc-attention-softmax enc-attention-dropout enc-attention-context enc-post-attention-dropout enc-2nd-layernorm enc-MLP-GEMM-1 enc-MLP-gelu enc-MLP-GEMM-2 enc-post-MLP-dropout enc-1st-layernorm enc-attention-qkv enc-attention-score enc-attention-softmax enc-attention-dropout enc-attention-context enc-post-attention-dropout enc-2nd-layernorm enc-MLP-GEMM-1 enc-MLP-gelu enc-MLP-GEMM-2 enc-post-MLP-dropout enc-1st-layernorm enc-attention-qkv enc-attention-score enc-attention-softmax enc-attention-dropout enc-attention-context enc-post-attention-dropout enc-2nd-layernorm enc-MLP-GEMM-1 enc-MLP-gelu enc-MLP-GEMM-2 enc-post-MLP-dropout enc-1st-layernorm enc-attention-qkv enc-attention-score enc-attention-softmax enc-attention-dropout enc-attention-context enc-post-attention-dropout enc-2nd-layernorm enc-MLP-GEMM-1 enc-MLP-gelu enc-MLP-GEMM-2 enc-post-MLP-dropout enc-1st-layernorm enc-attention-qkv enc-attention-score enc-attention-softmax enc-attention-dropout enc-attention-context enc-post-attention-dropout enc-2nd-layernorm enc-MLP-GEMM-1 enc-MLP-gelu enc-MLP-GEMM-2 enc-post-MLP-dropout enc-1st-layernorm enc-attention-qkv enc-attention-score enc-attention-softmax enc-attention-dropout enc-attention-context enc-post-attention-dropout enc-2nd-layernorm enc-MLP-GEMM-1 enc-MLP-gelu enc-MLP-GEMM-2 enc-post-MLP-dropout enc-1st-layernorm enc-attention-qkv enc-attention-score enc-attention-softmax enc-attention-dropout enc-attention-context enc-post-attention-dropout enc-2nd-layernorm enc-MLP-GEMM-1 enc-MLP-gelu enc-MLP-GEMM-2 enc-post-MLP-dropout enc-1st-layernorm enc-attention-qkv enc-attention-score enc-attention-softmax enc-attention-dropout enc-attention-context enc-post-attention-dropout enc-2nd-layernorm enc-MLP-GEMM-1 enc-MLP-gelu enc-MLP-GEMM-2 enc-post-MLP-dropout enc-1st-layernorm enc-attention-qkv enc-attention-score enc-attention-softmax enc-attention-dropout enc-attention-context enc-post-attention-dropout enc-2nd-layernorm enc-MLP-GEMM-1 enc-MLP-gelu enc-MLP-GEMM-2 enc-post-MLP-dropout enc-1st-layernorm enc-attention-qkv enc-attention-score enc-attention-softmax enc-attention-dropout enc-attention-context enc-post-attention-dropout enc-2nd-layernorm enc-MLP-GEMM-1 enc-MLP-gelu enc-MLP-GEMM-2 enc-post-MLP-dropout enc-1st-layernorm enc-attention-qkv enc-attention-score enc-attention-softmax enc-attention-dropout enc-attention-context enc-post-attention-dropout enc-2nd-layernorm enc-MLP-GEMM-1 enc-MLP-gelu enc-MLP-GEMM-2 enc-post-MLP-dropout enc-1st-layernorm enc-attention-qkv enc-attention-score enc-attention-softmax enc-attention-dropout enc-attention-context enc-post-attention-dropout enc-2nd-layernorm enc-MLP-GEMM-1 enc-MLP-gelu enc-MLP-GEMM-2 enc-post-MLP-dropout enc-1st-layernorm enc-attention-qkv enc-attention-score enc-attention-softmax enc-attention-dropout enc-attention-context enc-post-attention-dropout enc-2nd-layernorm enc-MLP-GEMM-1 enc-MLP-gelu enc-MLP-GEMM-2 enc-post-MLP-dropout enc-1st-layernorm enc-attention-qkv enc-attention-score enc-attention-softmax enc-attention-dropout enc-attention-context enc-post-attention-dropout enc-2nd-layernorm enc-MLP-GEMM-1 enc-MLP-gelu enc-MLP-GEMM-2 enc-post-MLP-dropout enc-1st-layernorm enc-attention-qkv enc-attention-score enc-attention-softmax enc-attention-dropout enc-attention-context enc-post-attention-dropout enc-2nd-layernorm enc-MLP-GEMM-1 enc-MLP-gelu enc-MLP-GEMM-2 enc-post-MLP-dropout enc-1st-layernorm enc-attention-qkv enc-attention-score enc-attention-softmax enc-attention-dropout enc-attention-context enc-post-attention-dropout enc-2nd-layernorm enc-MLP-GEMM-1 enc-MLP-gelu enc-MLP-GEMM-2 enc-post-MLP-dropout enc-1st-layernorm enc-attention-qkv enc-attention-score enc-attention-softmax enc-attention-dropout enc-attention-context enc-post-attention-dropout enc-2nd-layernorm enc-MLP-GEMM-1 enc-MLP-gelu enc-MLP-GEMM-2 enc-post-MLP-dropout enc-1st-layernorm enc-attention-qkv enc-attention-score enc-attention-softmax enc-attention-dropout enc-attention-context enc-post-attention-dropout enc-2nd-layernorm enc-MLP-GEMM-1 enc-MLP-gelu enc-MLP-GEMM-2 enc-post-MLP-dropout enc-1st-layernorm enc-attention-qkv enc-attention-score enc-attention-softmax enc-attention-dropout enc-attention-context enc-post-attention-dropout enc-2nd-layernorm enc-MLP-GEMM-1 enc-MLP-gelu enc-MLP-GEMM-2 enc-post-MLP-dropout enc-1st-layernorm enc-attention-qkv enc-attention-score enc-attention-softmax enc-attention-dropout enc-attention-context enc-post-attention-dropout enc-2nd-layernorm enc-MLP-GEMM-1 enc-MLP-gelu enc-MLP-GEMM-2 enc-post-MLP-dropout enc-1st-layernorm enc-attention-qkv enc-attention-score enc-attention-softmax enc-attention-dropout enc-attention-context enc-post-attention-dropout enc-2nd-layernorm enc-MLP-GEMM-1 enc-MLP-gelu enc-MLP-GEMM-2 enc-post-MLP-dropout enc-1st-layernorm enc-attention-qkv enc-attention-score enc-attention-softmax enc-attention-dropout enc-attention-context enc-post-attention-dropout enc-2nd-layernorm enc-MLP-GEMM-1 enc-MLP-gelu enc-MLP-GEMM-2 enc-post-MLP-dropout enc-1st-layernorm enc-attention-qkv enc-attention-score enc-attention-softmax enc-attention-dropout enc-attention-context enc-post-attention-dropout enc-2nd-layernorm enc-MLP-GEMM-1 enc-MLP-gelu enc-MLP-GEMM-2 enc-post-MLP-dropout enc-1st-layernorm enc-attention-qkv enc-attention-score enc-attention-softmax enc-attention-dropout enc-attention-context enc-post-attention-dropout enc-2nd-layernorm enc-MLP-GEMM-1 enc-MLP-gelu enc-MLP-GEMM-2 enc-post-MLP-dropout enc-1st-layernorm enc-attention-qkv enc-attention-score enc-attention-softmax enc-attention-dropout enc-attention-context enc-post-attention-dropout enc-2nd-layernorm enc-MLP-GEMM-1 enc-MLP-gelu enc-MLP-GEMM-2 enc-post-MLP-dropout enc-1st-layernorm enc-attention-qkv enc-attention-score enc-attention-softmax enc-attention-dropout enc-attention-context enc-post-attention-dropout enc-2nd-layernorm enc-MLP-GEMM-1 enc-MLP-gelu enc-MLP-GEMM-2 enc-post-MLP-dropout enc-1st-layernorm enc-attention-qkv enc-attention-score enc-attention-softmax enc-attention-dropout enc-attention-context enc-post-attention-dropout enc-2nd-layernorm enc-MLP-GEMM-1 enc-MLP-gelu enc-MLP-GEMM-2 enc-post-MLP-dropout enc-1st-layernorm enc-attention-qkv enc-attention-score enc-attention-softmax enc-attention-dropout enc-attention-context enc-post-attention-dropout enc-2nd-layernorm enc-MLP-GEMM-1 enc-MLP-gelu enc-MLP-GEMM-2 enc-post-MLP-dropout enc-1st-layernorm enc-attention-qkv enc-attention-score enc-attention-softmax enc-attention-dropout enc-attention-context enc-post-attention-dropout enc-2nd-layernorm enc-MLP-GEMM-1 enc-MLP-gelu enc-MLP-GEMM-2 enc-post-MLP-dropout enc-1st-layernorm enc-attention-qkv enc-attention-score enc-attention-softmax enc-attention-dropout enc-attention-context enc-post-attention-dropout enc-2nd-layernorm enc-MLP-GEMM-1 enc-MLP-gelu enc-MLP-GEMM-2 enc-post-MLP-dropout enc-1st-layernorm enc-attention-qkv enc-attention-score enc-attention-softmax enc-attention-dropout enc-attention-context enc-post-attention-dropout enc-2nd-layernorm enc-MLP-GEMM-1 enc-MLP-gelu enc-MLP-GEMM-2 enc-post-MLP-dropout enc-1st-layernorm enc-attention-qkv enc-attention-score enc-attention-softmax enc-attention-dropout enc-attention-context enc-post-attention-dropout enc-2nd-layernorm enc-MLP-GEMM-1 enc-MLP-gelu enc-MLP-GEMM-2 enc-post-MLP-dropout enc-1st-layernorm enc-attention-qkv enc-attention-score enc-attention-softmax enc-attention-dropout enc-attention-context enc-post-attention-dropout enc-2nd-layernorm enc-MLP-GEMM-1 enc-MLP-gelu enc-MLP-GEMM-2 enc-post-MLP-dropout enc-1st-layernorm enc-attention-qkv enc-attention-score enc-attention-softmax enc-attention-dropout enc-attention-context enc-post-attention-dropout enc-2nd-layernorm enc-MLP-GEMM-1 enc-MLP-gelu enc-MLP-GEMM-2 enc-post-MLP-dropout enc-1st-layernorm enc-attention-qkv enc-attention-score enc-attention-softmax enc-attention-dropout enc-attention-context enc-post-attention-dropout enc-2nd-layernorm enc-MLP-GEMM-1 enc-MLP-gelu enc-MLP-GEMM-2 enc-post-MLP-dropout enc-1st-layernorm enc-attention-qkv enc-attention-score enc-attention-softmax enc-attention-dropout enc-attention-context enc-post-attention-dropout enc-2nd-layernorm enc-MLP-GEMM-1 enc-MLP-gelu enc-MLP-GEMM-2 enc-post-MLP-dropout enc-1st-layernorm enc-attention-qkv enc-attention-score enc-attention-softmax enc-attention-dropout enc-attention-context enc-post-attention-dropout enc-2nd-layernorm enc-MLP-GEMM-1 enc-MLP-gelu enc-MLP-GEMM-2 enc-post-MLP-dropout enc-1st-layernorm enc-attention-qkv enc-attention-score enc-attention-softmax enc-attention-dropout enc-attention-context enc-post-attention-dropout enc-2nd-layernorm enc-MLP-GEMM-1 enc-MLP-gelu enc-MLP-GEMM-2 enc-post-MLP-dropout enc-1st-layernorm enc-attention-qkv enc-attention-score enc-attention-softmax enc-attention-dropout enc-attention-context enc-post-attention-dropout enc-2nd-layernorm enc-MLP-GEMM-1 enc-MLP-gelu enc-MLP-GEMM-2 enc-post-MLP-dropout enc-1st-layernorm enc-attention-qkv enc-attention-score enc-attention-softmax enc-attention-dropout enc-attention-context enc-post-attention-dropout enc-2nd-layernorm enc-MLP-GEMM-1 enc-MLP-gelu enc-MLP-GEMM-2 enc-post-MLP-dropout enc-1st-layernorm enc-attention-qkv enc-attention-score enc-attention-softmax enc-attention-dropout enc-attention-context enc-post-attention-dropout enc-2nd-layernorm enc-MLP-GEMM-1 enc-MLP-gelu enc-MLP-GEMM-2 enc-post-MLP-dropout enc-1st-layernorm enc-attention-qkv enc-attention-score enc-attention-softmax enc-attention-dropout enc-attention-context enc-post-attention-dropout enc-2nd-layernorm enc-MLP-GEMM-1 enc-MLP-gelu enc-MLP-GEMM-2 enc-post-MLP-dropout enc-1st-layernorm enc-attention-qkv enc-attention-score enc-attention-softmax enc-attention-dropout enc-attention-context enc-post-attention-dropout enc-2nd-layernorm enc-MLP-GEMM-1 enc-MLP-gelu enc-MLP-GEMM-2 enc-post-MLP-dropout enc-1st-layernorm enc-attention-qkv enc-attention-score enc-attention-softmax enc-attention-dropout enc-attention-context enc-post-attention-dropout enc-2nd-layernorm enc-MLP-GEMM-1 enc-MLP-gelu enc-MLP-GEMM-2 enc-post-MLP-dropout enc-1st-layernorm enc-attention-qkv enc-attention-score enc-attention-softmax enc-attention-dropout enc-attention-context enc-post-attention-dropout enc-2nd-layernorm enc-MLP-GEMM-1 enc-MLP-gelu enc-MLP-GEMM-2 enc-post-MLP-dropout enc-1st-layernorm enc-attention-qkv enc-attention-score enc-attention-softmax enc-attention-dropout enc-attention-context enc-post-attention-dropout enc-2nd-layernorm enc-MLP-GEMM-1 enc-MLP-gelu enc-MLP-GEMM-2 enc-post-MLP-dropout enc-1st-layernorm enc-attention-qkv enc-attention-score enc-attention-softmax enc-attention-dropout enc-attention-context enc-post-attention-dropout enc-2nd-layernorm enc-MLP-GEMM-1 enc-MLP-gelu enc-MLP-GEMM-2 enc-post-MLP-dropout enc-1st-layernorm enc-attention-qkv enc-attention-score enc-attention-softmax enc-attention-dropout enc-attention-context enc-post-attention-dropout enc-2nd-layernorm enc-MLP-GEMM-1 enc-MLP-gelu enc-MLP-GEMM-2 enc-post-MLP-dropout enc-1st-layernorm enc-attention-qkv enc-attention-score enc-attention-softmax enc-attention-dropout enc-attention-context enc-post-attention-dropout enc-2nd-layernorm enc-MLP-GEMM-1 enc-MLP-gelu enc-MLP-GEMM-2 enc-post-MLP-dropout enc-1st-layernorm enc-attention-qkv enc-attention-score enc-attention-softmax enc-attention-dropout enc-attention-context enc-post-attention-dropout enc-2nd-layernorm enc-MLP-GEMM-1 enc-MLP-gelu enc-MLP-GEMM-2 enc-post-MLP-dropout enc-1st-layernorm enc-attention-qkv enc-attention-score enc-attention-softmax enc-attention-dropout enc-attention-context enc-post-attention-dropout enc-2nd-layernorm enc-MLP-GEMM-1 enc-MLP-gelu enc-MLP-GEMM-2 enc-post-MLP-dropout enc-1st-layernorm enc-attention-qkv enc-attention-score enc-attention-softmax enc-attention-dropout enc-attention-context enc-post-attention-dropout enc-2nd-layernorm enc-MLP-GEMM-1 enc-MLP-gelu enc-MLP-GEMM-2 enc-post-MLP-dropout enc-1st-layernorm enc-attention-qkv enc-attention-score enc-attention-softmax enc-attention-dropout enc-attention-context enc-post-attention-dropout enc-2nd-layernorm enc-MLP-GEMM-1 enc-MLP-gelu enc-MLP-GEMM-2 enc-post-MLP-dropout enc-1st-layernorm enc-attention-qkv enc-attention-score enc-attention-softmax enc-attention-dropout enc-attention-context enc-post-attention-dropout enc-2nd-layernorm enc-MLP-GEMM-1 enc-MLP-gelu enc-MLP-GEMM-2 enc-post-MLP-dropout enc-1st-layernorm enc-attention-qkv enc-attention-score enc-attention-softmax enc-attention-dropout enc-attention-context enc-post-attention-dropout enc-2nd-layernorm enc-MLP-GEMM-1 enc-MLP-gelu enc-MLP-GEMM-2 enc-post-MLP-dropout enc-1st-layernorm enc-attention-qkv enc-attention-score enc-attention-softmax enc-attention-dropout enc-attention-context enc-post-attention-dropout enc-2nd-layernorm enc-MLP-GEMM-1 enc-MLP-gelu enc-MLP-GEMM-2 enc-post-MLP-dropout enc-1st-layernorm enc-attention-qkv enc-attention-score enc-attention-softmax enc-attention-dropout enc-attention-context enc-post-attention-dropout enc-2nd-layernorm enc-MLP-GEMM-1 enc-MLP-gelu enc-MLP-GEMM-2 enc-post-MLP-dropout enc-1st-layernorm enc-attention-qkv enc-attention-score enc-attention-softmax enc-attention-dropout enc-attention-context enc-post-attention-dropout enc-2nd-layernorm enc-MLP-GEMM-1 enc-MLP-gelu enc-MLP-GEMM-2 enc-post-MLP-dropout enc-1st-layernorm enc-attention-qkv enc-attention-score enc-attention-softmax enc-attention-dropout enc-attention-context enc-post-attention-dropout enc-2nd-layernorm enc-MLP-GEMM-1 enc-MLP-gelu enc-MLP-GEMM-2 enc-post-MLP-dropout enc-1st-layernorm enc-attention-qkv enc-attention-score enc-attention-softmax enc-attention-dropout enc-attention-context enc-post-attention-dropout enc-2nd-layernorm enc-MLP-GEMM-1 enc-MLP-gelu enc-MLP-GEMM-2 enc-post-MLP-dropout enc-1st-layernorm enc-attention-qkv enc-attention-score enc-attention-softmax enc-attention-dropout enc-attention-context enc-post-attention-dropout enc-2nd-layernorm enc-MLP-GEMM-1 enc-MLP-gelu enc-MLP-GEMM-2 enc-post-MLP-dropout enc-1st-layernorm enc-attention-qkv enc-attention-score enc-attention-softmax enc-attention-dropout enc-attention-context enc-post-attention-dropout enc-2nd-layernorm enc-MLP-GEMM-1 enc-MLP-gelu enc-MLP-GEMM-2 enc-post-MLP-dropout enc-1st-layernorm enc-attention-qkv enc-attention-score enc-attention-softmax enc-attention-dropout enc-attention-context enc-post-attention-dropout enc-2nd-layernorm enc-MLP-GEMM-1 enc-MLP-gelu enc-MLP-GEMM-2 enc-post-MLP-dropout enc-1st-layernorm enc-attention-qkv enc-attention-score enc-attention-softmax enc-attention-dropout enc-attention-context enc-post-attention-dropout enc-2nd-layernorm enc-MLP-GEMM-1 enc-MLP-gelu enc-MLP-GEMM-2 enc-post-MLP-dropout enc-1st-layernorm enc-attention-qkv enc-attention-score enc-attention-softmax enc-attention-dropout enc-attention-context enc-post-attention-dropout enc-2nd-layernorm 
[rank 7 all ops] "enc-MLP-GEMM-1","enc-MLP-gelu","enc-MLP-GEMM-2","enc-post-MLP-dropout","enc-1st-layernorm","enc-attention-qkv","enc-attention-score","enc-attention-softmax","enc-attention-dropout","enc-attention-context","enc-attention-dense","enc-post-attention-dropout","enc-2nd-layernorm","enc-MLP-GEMM-1","enc-MLP-gelu","enc-MLP-GEMM-2","enc-post-MLP-dropout","enc-1st-layernorm","enc-attention-qkv","enc-attention-score","enc-attention-softmax","enc-attention-dropout","enc-attention-context","enc-attention-dense","enc-post-attention-dropout","enc-2nd-layernorm","enc-MLP-GEMM-1","enc-MLP-gelu","enc-MLP-GEMM-2","enc-post-MLP-dropout","enc-1st-layernorm","enc-attention-qkv","enc-attention-score","enc-attention-softmax","enc-attention-dropout","enc-attention-context","enc-attention-dense","enc-post-attention-dropout","enc-2nd-layernorm","enc-MLP-GEMM-1","enc-MLP-gelu","enc-MLP-GEMM-2","enc-post-MLP-dropout","enc-1st-layernorm","enc-attention-qkv","enc-attention-score","enc-attention-softmax","enc-attention-dropout","enc-attention-context","enc-attention-dense","enc-post-attention-dropout","enc-2nd-layernorm","enc-MLP-GEMM-1","enc-MLP-gelu","enc-MLP-GEMM-2","enc-post-MLP-dropout","enc-1st-layernorm","enc-attention-qkv","enc-attention-score","enc-attention-softmax","enc-attention-dropout","enc-attention-context","enc-attention-dense","enc-post-attention-dropout","enc-2nd-layernorm","enc-MLP-GEMM-1","enc-MLP-gelu","enc-MLP-GEMM-2","enc-post-MLP-dropout","enc-1st-layernorm","enc-attention-qkv","enc-attention-score","enc-attention-softmax","enc-attention-dropout","enc-attention-context","enc-attention-dense","enc-post-attention-dropout","enc-2nd-layernorm","enc-MLP-GEMM-1","enc-MLP-gelu","enc-MLP-GEMM-2","enc-post-MLP-dropout","enc-1st-layernorm","enc-attention-qkv","enc-attention-score","enc-attention-softmax","enc-attention-dropout","enc-attention-context","enc-attention-dense","enc-post-attention-dropout","enc-2nd-layernorm","enc-MLP-GEMM-1","enc-MLP-gelu","enc-MLP-GEMM-2","enc-post-MLP-dropout","enc-1st-layernorm","enc-attention-qkv","enc-attention-score","enc-attention-softmax","enc-attention-dropout","enc-attention-context","enc-attention-dense","enc-post-attention-dropout","enc-2nd-layernorm","enc-MLP-GEMM-1","enc-MLP-gelu","enc-MLP-GEMM-2","enc-post-MLP-dropout","enc-1st-layernorm","enc-attention-qkv","enc-attention-score","enc-attention-softmax","enc-attention-dropout","enc-attention-context","enc-attention-dense","enc-post-attention-dropout","enc-2nd-layernorm","enc-MLP-GEMM-1","enc-MLP-gelu","enc-MLP-GEMM-2","enc-post-MLP-dropout","enc-1st-layernorm","enc-attention-qkv","enc-attention-score","enc-attention-softmax","enc-attention-dropout","enc-attention-context","enc-attention-dense","enc-post-attention-dropout","enc-2nd-layernorm","enc-MLP-GEMM-1","enc-MLP-gelu","enc-MLP-GEMM-2","enc-post-MLP-dropout","enc-1st-layernorm","enc-attention-qkv","enc-attention-score","enc-attention-softmax","enc-attention-dropout","enc-attention-context","enc-attention-dense","enc-post-attention-dropout","enc-2nd-layernorm","enc-MLP-GEMM-1","enc-MLP-gelu","enc-MLP-GEMM-2","enc-post-MLP-dropout","enc-1st-layernorm","enc-attention-qkv","enc-attention-score","enc-attention-softmax","enc-attention-dropout","enc-attention-context","enc-attention-dense","enc-post-attention-dropout","enc-2nd-layernorm","enc-MLP-GEMM-1","enc-MLP-gelu","enc-MLP-GEMM-2","enc-post-MLP-dropout","enc-1st-layernorm","enc-attention-qkv","enc-attention-score","enc-attention-softmax","enc-attention-dropout","enc-attention-context","enc-attention-dense","enc-post-attention-dropout","enc-2nd-layernorm","enc-MLP-GEMM-1","enc-MLP-gelu","enc-MLP-GEMM-2","enc-post-MLP-dropout","enc-1st-layernorm","enc-attention-qkv","enc-attention-score","enc-attention-softmax","enc-attention-dropout","enc-attention-context","enc-attention-dense","enc-post-attention-dropout","enc-2nd-layernorm","enc-MLP-GEMM-1","enc-MLP-gelu","enc-MLP-GEMM-2","enc-post-MLP-dropout","enc-1st-layernorm","enc-attention-qkv","enc-attention-score","enc-attention-softmax","enc-attention-dropout","enc-attention-context","enc-attention-dense","enc-post-attention-dropout","enc-2nd-layernorm","enc-MLP-GEMM-1","enc-MLP-gelu","enc-MLP-GEMM-2","enc-post-MLP-dropout","enc-1st-layernorm","enc-attention-qkv","enc-attention-score","enc-attention-softmax","enc-attention-dropout","enc-attention-context","enc-attention-dense","enc-post-attention-dropout","enc-2nd-layernorm","enc-MLP-GEMM-1","enc-MLP-gelu","enc-MLP-GEMM-2","enc-post-MLP-dropout","enc-1st-layernorm","enc-attention-qkv","enc-attention-score","enc-attention-softmax","enc-attention-dropout","enc-attention-context","enc-attention-dense","enc-post-attention-dropout","enc-2nd-layernorm","enc-MLP-GEMM-1","enc-MLP-gelu","enc-MLP-GEMM-2","enc-post-MLP-dropout","enc-1st-layernorm","enc-attention-qkv","enc-attention-score","enc-attention-softmax","enc-attention-dropout","enc-attention-context","enc-attention-dense","enc-post-attention-dropout","enc-2nd-layernorm","enc-MLP-GEMM-1","enc-MLP-gelu","enc-MLP-GEMM-2","enc-post-MLP-dropout","enc-1st-layernorm","enc-attention-qkv","enc-attention-score","enc-attention-softmax","enc-attention-dropout","enc-attention-context","enc-attention-dense","enc-post-attention-dropout","enc-2nd-layernorm","enc-MLP-GEMM-1","enc-MLP-gelu","enc-MLP-GEMM-2","enc-post-MLP-dropout","enc-1st-layernorm","enc-attention-qkv","enc-attention-score","enc-attention-softmax","enc-attention-dropout","enc-attention-context","enc-attention-dense","enc-post-attention-dropout","enc-2nd-layernorm","enc-MLP-GEMM-1","enc-MLP-gelu","enc-MLP-GEMM-2","enc-post-MLP-dropout","enc-1st-layernorm","enc-attention-qkv","enc-attention-score","enc-attention-softmax","enc-attention-dropout","enc-attention-context","enc-attention-dense","enc-post-attention-dropout","enc-2nd-layernorm","enc-MLP-GEMM-1","enc-MLP-gelu","enc-MLP-GEMM-2","enc-post-MLP-dropout","enc-1st-layernorm","enc-attention-qkv","enc-attention-score","enc-attention-softmax","enc-attention-dropout","enc-attention-context","enc-attention-dense","enc-post-attention-dropout","enc-2nd-layernorm","enc-MLP-GEMM-1","enc-MLP-gelu","enc-MLP-GEMM-2","enc-post-MLP-dropout","enc-1st-layernorm","enc-attention-qkv","enc-attention-score","enc-attention-softmax","enc-attention-dropout","enc-attention-context","enc-attention-dense","enc-post-attention-dropout","enc-2nd-layernorm","enc-MLP-GEMM-1","enc-MLP-gelu","enc-MLP-GEMM-2","enc-post-MLP-dropout","enc-1st-layernorm","enc-attention-qkv","enc-attention-score","enc-attention-softmax","enc-attention-dropout","enc-attention-context","enc-attention-dense","enc-post-attention-dropout","enc-2nd-layernorm","enc-MLP-GEMM-1","enc-MLP-gelu","enc-MLP-GEMM-2","enc-post-MLP-dropout","enc-1st-layernorm","enc-attention-qkv","enc-attention-score","enc-attention-softmax","enc-attention-dropout","enc-attention-context","enc-attention-dense","enc-post-attention-dropout","enc-2nd-layernorm","enc-MLP-GEMM-1","enc-MLP-gelu","enc-MLP-GEMM-2","enc-post-MLP-dropout","enc-1st-layernorm","enc-attention-qkv","enc-attention-score","enc-attention-softmax","enc-attention-dropout","enc-attention-context","enc-attention-dense","enc-post-attention-dropout","enc-2nd-layernorm","enc-MLP-GEMM-1","enc-MLP-gelu","enc-MLP-GEMM-2","enc-post-MLP-dropout","enc-1st-layernorm","enc-attention-qkv","enc-attention-score","enc-attention-softmax","enc-attention-dropout","enc-attention-context","enc-attention-dense","enc-post-attention-dropout","enc-2nd-layernorm","enc-MLP-GEMM-1","enc-MLP-gelu","enc-MLP-GEMM-2","enc-post-MLP-dropout","enc-1st-layernorm","enc-attention-qkv","enc-attention-score","enc-attention-softmax","enc-attention-dropout","enc-attention-context","enc-attention-dense","enc-post-attention-dropout","enc-2nd-layernorm","enc-MLP-GEMM-1","enc-MLP-gelu","enc-MLP-GEMM-2","enc-post-MLP-dropout","enc-1st-layernorm","enc-attention-qkv","enc-attention-score","enc-attention-softmax","enc-attention-dropout","enc-attention-context","enc-attention-dense","enc-post-attention-dropout","enc-2nd-layernorm","enc-MLP-GEMM-1","enc-MLP-gelu","enc-MLP-GEMM-2","enc-post-MLP-dropout","enc-1st-layernorm","enc-attention-qkv","enc-attention-score","enc-attention-softmax","enc-attention-dropout","enc-attention-context","enc-attention-dense","enc-post-attention-dropout","enc-2nd-layernorm","enc-MLP-GEMM-1","enc-MLP-gelu","enc-MLP-GEMM-2","enc-post-MLP-dropout","enc-1st-layernorm","enc-attention-qkv","enc-attention-score","enc-attention-softmax","enc-attention-dropout","enc-attention-context","enc-attention-dense","enc-post-attention-dropout","enc-2nd-layernorm","enc-MLP-GEMM-1","enc-MLP-gelu","enc-MLP-GEMM-2","enc-post-MLP-dropout","enc-1st-layernorm","enc-attention-qkv","enc-attention-score","enc-attention-softmax","enc-attention-dropout","enc-attention-context","enc-attention-dense","enc-post-attention-dropout","enc-2nd-layernorm","enc-MLP-GEMM-1","enc-MLP-gelu","enc-MLP-GEMM-2","enc-post-MLP-dropout","enc-1st-layernorm","enc-attention-qkv","enc-attention-score","enc-attention-softmax","enc-attention-dropout","enc-attention-context","enc-attention-dense","enc-post-attention-dropout","enc-2nd-layernorm","enc-MLP-GEMM-1","enc-MLP-gelu","enc-MLP-GEMM-2","enc-post-MLP-dropout","enc-1st-layernorm","enc-attention-qkv","enc-attention-score","enc-attention-softmax","enc-attention-dropout","enc-attention-context","enc-attention-dense","enc-post-attention-dropout","enc-2nd-layernorm","enc-MLP-GEMM-1","enc-MLP-gelu","enc-MLP-GEMM-2","enc-post-MLP-dropout","enc-1st-layernorm","enc-attention-qkv","enc-attention-score","enc-attention-softmax","enc-attention-dropout","enc-attention-context","enc-attention-dense","enc-post-attention-dropout","enc-2nd-layernorm","enc-MLP-GEMM-1","enc-MLP-gelu","enc-MLP-GEMM-2","enc-post-MLP-dropout","enc-1st-layernorm","enc-attention-qkv","enc-attention-score","enc-attention-softmax","enc-attention-dropout","enc-attention-context","enc-attention-dense","enc-post-attention-dropout","enc-2nd-layernorm","enc-MLP-GEMM-1","enc-MLP-gelu","enc-MLP-GEMM-2","enc-post-MLP-dropout","enc-1st-layernorm","enc-attention-qkv","enc-attention-score","enc-attention-softmax","enc-attention-dropout","enc-attention-context","enc-attention-dense","enc-post-attention-dropout","enc-2nd-layernorm","enc-MLP-GEMM-1","enc-MLP-gelu","enc-MLP-GEMM-2","enc-post-MLP-dropout","enc-1st-layernorm","enc-attention-qkv","enc-attention-score","enc-attention-softmax","enc-attention-dropout","enc-attention-context","enc-attention-dense","enc-post-attention-dropout","enc-2nd-layernorm","enc-MLP-GEMM-1","enc-MLP-gelu","enc-MLP-GEMM-2","enc-post-MLP-dropout","enc-1st-layernorm","enc-attention-qkv","enc-attention-score","enc-attention-softmax","enc-attention-dropout","enc-attention-context","enc-attention-dense","enc-post-attention-dropout","enc-2nd-layernorm","enc-MLP-GEMM-1","enc-MLP-gelu","enc-MLP-GEMM-2","enc-post-MLP-dropout","enc-1st-layernorm","enc-attention-qkv","enc-attention-score","enc-attention-softmax","enc-attention-dropout","enc-attention-context","enc-attention-dense","enc-post-attention-dropout","enc-2nd-layernorm","enc-MLP-GEMM-1","enc-MLP-gelu","enc-MLP-GEMM-2","enc-post-MLP-dropout","enc-1st-layernorm","enc-attention-qkv","enc-attention-score","enc-attention-softmax","enc-attention-dropout","enc-attention-context","enc-attention-dense","enc-post-attention-dropout","enc-2nd-layernorm","enc-MLP-GEMM-1","enc-MLP-gelu","enc-MLP-GEMM-2","enc-post-MLP-dropout","enc-1st-layernorm","enc-attention-qkv","enc-attention-score","enc-attention-softmax","enc-attention-dropout","enc-attention-context","enc-attention-dense","enc-post-attention-dropout","enc-2nd-layernorm","enc-MLP-GEMM-1","enc-MLP-gelu","enc-MLP-GEMM-2","enc-post-MLP-dropout","enc-1st-layernorm","enc-attention-qkv","enc-attention-score","enc-attention-softmax","enc-attention-dropout","enc-attention-context","enc-attention-dense","enc-post-attention-dropout","enc-2nd-layernorm","enc-MLP-GEMM-1","enc-MLP-gelu","enc-MLP-GEMM-2","enc-post-MLP-dropout","enc-1st-layernorm","enc-attention-qkv","enc-attention-score","enc-attention-softmax","enc-attention-dropout","enc-attention-context","enc-attention-dense","enc-post-attention-dropout","enc-2nd-layernorm","enc-MLP-GEMM-1","enc-MLP-gelu","enc-MLP-GEMM-2","enc-post-MLP-dropout","enc-1st-layernorm","enc-attention-qkv","enc-attention-score","enc-attention-softmax","enc-attention-dropout","enc-attention-context","enc-attention-dense","enc-post-attention-dropout","enc-2nd-layernorm","enc-MLP-GEMM-1","enc-MLP-gelu","enc-MLP-GEMM-2","enc-post-MLP-dropout","enc-1st-layernorm","enc-attention-qkv","enc-attention-score","enc-attention-softmax","enc-attention-dropout","enc-attention-context","enc-attention-dense","enc-post-attention-dropout","enc-2nd-layernorm","enc-MLP-GEMM-1","enc-MLP-gelu","enc-MLP-GEMM-2","enc-post-MLP-dropout","enc-1st-layernorm","enc-attention-qkv","enc-attention-score","enc-attention-softmax","enc-attention-dropout","enc-attention-context","enc-attention-dense","enc-post-attention-dropout","enc-2nd-layernorm","enc-MLP-GEMM-1","enc-MLP-gelu","enc-MLP-GEMM-2","enc-post-MLP-dropout","enc-1st-layernorm","enc-attention-qkv","enc-attention-score","enc-attention-softmax","enc-attention-dropout","enc-attention-context","enc-attention-dense","enc-post-attention-dropout","enc-2nd-layernorm","enc-MLP-GEMM-1","enc-MLP-gelu","enc-MLP-GEMM-2","enc-post-MLP-dropout","enc-1st-layernorm","enc-attention-qkv","enc-attention-score","enc-attention-softmax","enc-attention-dropout","enc-attention-context","enc-attention-dense","enc-post-attention-dropout","enc-2nd-layernorm","enc-MLP-GEMM-1","enc-MLP-gelu","enc-MLP-GEMM-2","enc-post-MLP-dropout","enc-1st-layernorm","enc-attention-qkv","enc-attention-score","enc-attention-softmax","enc-attention-dropout","enc-attention-context","enc-attention-dense","enc-post-attention-dropout","enc-2nd-layernorm","enc-MLP-GEMM-1","enc-MLP-gelu","enc-MLP-GEMM-2","enc-post-MLP-dropout","enc-1st-layernorm","enc-attention-qkv","enc-attention-score","enc-attention-softmax","enc-attention-dropout","enc-attention-context","enc-attention-dense","enc-post-attention-dropout","enc-2nd-layernorm","enc-MLP-GEMM-1","enc-MLP-gelu","enc-MLP-GEMM-2","enc-post-MLP-dropout","enc-1st-layernorm","enc-attention-qkv","enc-attention-score","enc-attention-softmax","enc-attention-dropout","enc-attention-context","enc-attention-dense","enc-post-attention-dropout","enc-2nd-layernorm","enc-MLP-GEMM-1","enc-MLP-gelu","enc-MLP-GEMM-2","enc-post-MLP-dropout","enc-1st-layernorm","enc-attention-qkv","enc-attention-score","enc-attention-softmax","enc-attention-dropout","enc-attention-context","enc-attention-dense","enc-post-attention-dropout","enc-2nd-layernorm","enc-MLP-GEMM-1","enc-MLP-gelu","enc-MLP-GEMM-2","enc-post-MLP-dropout","enc-1st-layernorm","enc-attention-qkv","enc-attention-score","enc-attention-softmax","enc-attention-dropout","enc-attention-context","enc-attention-dense","enc-post-attention-dropout","enc-2nd-layernorm","enc-MLP-GEMM-1","enc-MLP-gelu","enc-MLP-GEMM-2","enc-post-MLP-dropout","enc-1st-layernorm","enc-attention-qkv","enc-attention-score","enc-attention-softmax","enc-attention-dropout","enc-attention-context","enc-attention-dense","enc-post-attention-dropout","enc-2nd-layernorm","enc-MLP-GEMM-1","enc-MLP-gelu","enc-MLP-GEMM-2","enc-post-MLP-dropout","enc-1st-layernorm","enc-attention-qkv","enc-attention-score","enc-attention-softmax","enc-attention-dropout","enc-attention-context","enc-attention-dense","enc-post-attention-dropout","enc-2nd-layernorm","enc-MLP-GEMM-1","enc-MLP-gelu","enc-MLP-GEMM-2","enc-post-MLP-dropout","enc-1st-layernorm","enc-attention-qkv","enc-attention-score","enc-attention-softmax","enc-attention-dropout","enc-attention-context","enc-attention-dense","enc-post-attention-dropout","enc-2nd-layernorm","enc-MLP-GEMM-1","enc-MLP-gelu","enc-MLP-GEMM-2","enc-post-MLP-dropout","enc-1st-layernorm","enc-attention-qkv","enc-attention-score","enc-attention-softmax","enc-attention-dropout","enc-attention-context","enc-attention-dense","enc-post-attention-dropout","enc-2nd-layernorm","enc-MLP-GEMM-1","enc-MLP-gelu","enc-MLP-GEMM-2","enc-post-MLP-dropout","enc-1st-layernorm","enc-attention-qkv","enc-attention-score","enc-attention-softmax","enc-attention-dropout","enc-attention-context","enc-attention-dense","enc-post-attention-dropout","enc-2nd-layernorm","enc-MLP-GEMM-1","enc-MLP-gelu","enc-MLP-GEMM-2","enc-post-MLP-dropout","enc-1st-layernorm","enc-attention-qkv","enc-attention-score","enc-attention-softmax","enc-attention-dropout","enc-attention-context","enc-attention-dense","enc-post-attention-dropout","enc-2nd-layernorm","enc-MLP-GEMM-1","enc-MLP-gelu","enc-MLP-GEMM-2","enc-post-MLP-dropout","enc-1st-layernorm","enc-attention-qkv","enc-attention-score","enc-attention-softmax","enc-attention-dropout","enc-attention-context","enc-attention-dense","enc-post-attention-dropout","enc-2nd-layernorm","enc-MLP-GEMM-1","enc-MLP-gelu","enc-MLP-GEMM-2","enc-post-MLP-dropout","enc-1st-layernorm","enc-attention-qkv","enc-attention-score","enc-attention-softmax","enc-attention-dropout","enc-attention-context","enc-attention-dense","enc-post-attention-dropout","enc-2nd-layernorm","enc-MLP-GEMM-1","enc-MLP-gelu","enc-MLP-GEMM-2","enc-post-MLP-dropout","enc-1st-layernorm","enc-attention-qkv","enc-attention-score","enc-attention-softmax","enc-attention-dropout","enc-attention-context","enc-attention-dense","enc-post-attention-dropout","enc-2nd-layernorm","enc-MLP-GEMM-1","enc-MLP-gelu","enc-MLP-GEMM-2","enc-post-MLP-dropout","enc-1st-layernorm","enc-attention-qkv","enc-attention-score","enc-attention-softmax","enc-attention-dropout","enc-attention-context","enc-attention-dense","enc-post-attention-dropout","enc-2nd-layernorm","enc-MLP-GEMM-1","enc-MLP-gelu","enc-MLP-GEMM-2","enc-post-MLP-dropout","enc-1st-layernorm","enc-attention-qkv","enc-attention-score","enc-attention-softmax","enc-attention-dropout","enc-attention-context","enc-attention-dense","enc-post-attention-dropout","enc-2nd-layernorm","enc-MLP-GEMM-1","enc-MLP-gelu","enc-MLP-GEMM-2","enc-post-MLP-dropout","enc-1st-layernorm","enc-attention-qkv","enc-attention-score","enc-attention-softmax","enc-attention-dropout","enc-attention-context","enc-attention-dense","enc-post-attention-dropout","enc-2nd-layernorm","enc-MLP-GEMM-1","enc-MLP-gelu","enc-MLP-GEMM-2","enc-post-MLP-dropout","enc-1st-layernorm","enc-attention-qkv","enc-attention-score","enc-attention-softmax","enc-attention-dropout","enc-attention-context","enc-attention-dense","enc-post-attention-dropout","enc-2nd-layernorm","enc-MLP-GEMM-1","enc-MLP-gelu","enc-MLP-GEMM-2","enc-post-MLP-dropout","enc-1st-layernorm","enc-attention-qkv","enc-attention-score","enc-attention-softmax","enc-attention-dropout","enc-attention-context","enc-attention-dense","enc-post-attention-dropout","enc-2nd-layernorm","enc-MLP-GEMM-1","enc-MLP-gelu","enc-MLP-GEMM-2","enc-post-MLP-dropout","enc-1st-layernorm","enc-attention-qkv","enc-attention-score","enc-attention-softmax","enc-attention-dropout","enc-attention-context","enc-attention-dense","enc-post-attention-dropout","enc-2nd-layernorm","enc-MLP-GEMM-1","enc-MLP-gelu","enc-MLP-GEMM-2","enc-post-MLP-dropout","enc-1st-layernorm","enc-attention-qkv","enc-attention-score","enc-attention-softmax","enc-attention-dropout","enc-attention-context","enc-attention-dense","enc-post-attention-dropout","enc-2nd-layernorm","enc-MLP-GEMM-1","enc-MLP-gelu","enc-MLP-GEMM-2","enc-post-MLP-dropout","enc-1st-layernorm","enc-attention-qkv","enc-attention-score","enc-attention-softmax","enc-attention-dropout","enc-attention-context","enc-attention-dense","enc-post-attention-dropout","enc-2nd-layernorm","enc-MLP-GEMM-1","enc-MLP-gelu","enc-MLP-GEMM-2","enc-post-MLP-dropout","enc-1st-layernorm","enc-attention-qkv","enc-attention-score","enc-attention-softmax","enc-attention-dropout","enc-attention-context","enc-attention-dense","enc-post-attention-dropout","enc-2nd-layernorm","enc-MLP-GEMM-1","enc-MLP-gelu","enc-MLP-GEMM-2","enc-post-MLP-dropout","enc-1st-layernorm","enc-attention-qkv","enc-attention-score","enc-attention-softmax","enc-attention-dropout","enc-attention-context","enc-attention-dense","enc-post-attention-dropout","enc-2nd-layernorm","enc-MLP-GEMM-1","enc-MLP-gelu","enc-MLP-GEMM-2","enc-post-MLP-dropout","enc-1st-layernorm","enc-attention-qkv","enc-attention-score","enc-attention-softmax","enc-attention-dropout","enc-attention-context","enc-attention-dense","enc-post-attention-dropout","enc-2nd-layernorm","enc-MLP-GEMM-1","enc-MLP-gelu","enc-MLP-GEMM-2","enc-post-MLP-dropout","enc-1st-layernorm","enc-attention-qkv","enc-attention-score","enc-attention-softmax","enc-attention-dropout","enc-attention-context","enc-attention-dense","enc-post-attention-dropout","enc-2nd-layernorm","enc-MLP-GEMM-1","enc-MLP-gelu","enc-MLP-GEMM-2","enc-post-MLP-dropout","enc-1st-layernorm","enc-attention-qkv","enc-attention-score","enc-attention-softmax","enc-attention-dropout","enc-attention-context","enc-attention-dense","enc-post-attention-dropout","enc-2nd-layernorm","enc-MLP-GEMM-1","enc-MLP-gelu","enc-MLP-GEMM-2","enc-post-MLP-dropout","enc-1st-layernorm","enc-attention-qkv","enc-attention-score","enc-attention-softmax","enc-attention-dropout","enc-attention-context","enc-attention-dense","enc-post-attention-dropout","enc-2nd-layernorm","enc-MLP-GEMM-1","enc-MLP-gelu","enc-MLP-GEMM-2","enc-post-MLP-dropout","enc-1st-layernorm","enc-attention-qkv","enc-attention-score","enc-attention-softmax","enc-attention-dropout","enc-attention-context","enc-attention-dense","enc-post-attention-dropout","enc-2nd-layernorm","enc-MLP-GEMM-1","enc-MLP-gelu","enc-MLP-GEMM-2","enc-post-MLP-dropout","enc-1st-layernorm","enc-attention-qkv","enc-attention-score","enc-attention-softmax","enc-attention-dropout","enc-attention-context","enc-attention-dense","enc-post-attention-dropout","enc-2nd-layernorm","enc-MLP-GEMM-1","enc-MLP-gelu","enc-MLP-GEMM-2","enc-post-MLP-dropout","enc-1st-layernorm","enc-attention-qkv","enc-attention-score","enc-attention-softmax","enc-attention-dropout","enc-attention-context","enc-attention-dense","enc-post-attention-dropout","enc-2nd-layernorm","enc-MLP-GEMM-1","enc-MLP-gelu","enc-MLP-GEMM-2","enc-post-MLP-dropout","enc-1st-layernorm","enc-attention-qkv","enc-attention-score","enc-attention-softmax","enc-attention-dropout","enc-attention-context","enc-attention-dense","enc-post-attention-dropout","enc-2nd-layernorm","enc-MLP-GEMM-1","enc-MLP-gelu","enc-MLP-GEMM-2","enc-post-MLP-dropout","enc-1st-layernorm","enc-attention-qkv","enc-attention-score","enc-attention-softmax","enc-attention-dropout","enc-attention-context","enc-attention-dense","enc-post-attention-dropout","enc-2nd-layernorm","enc-MLP-GEMM-1","enc-MLP-gelu","enc-MLP-GEMM-2","enc-post-MLP-dropout","enc-1st-layernorm","enc-attention-qkv","enc-attention-score","enc-attention-softmax","enc-attention-dropout","enc-attention-context","enc-attention-dense","enc-post-attention-dropout","enc-2nd-layernorm","enc-MLP-GEMM-1","enc-MLP-gelu","enc-MLP-GEMM-2","enc-post-MLP-dropout","enc-1st-layernorm","enc-attention-qkv","enc-attention-score","enc-attention-softmax","enc-attention-dropout","enc-attention-context","enc-attention-dense","enc-post-attention-dropout","enc-2nd-layernorm","enc-MLP-GEMM-1","enc-MLP-gelu","enc-MLP-GEMM-2","enc-post-MLP-dropout","enc-1st-layernorm","enc-attention-qkv","enc-attention-score","enc-attention-softmax","enc-attention-dropout","enc-attention-context","enc-attention-dense","enc-post-attention-dropout","enc-2nd-layernorm","enc-MLP-GEMM-1","enc-MLP-gelu","enc-MLP-GEMM-2","enc-post-MLP-dropout","enc-1st-layernorm","enc-attention-qkv","enc-attention-score","enc-attention-softmax","enc-attention-dropout","enc-attention-context","enc-attention-dense","enc-post-attention-dropout","enc-2nd-layernorm","enc-MLP-GEMM-1","enc-MLP-gelu","enc-MLP-GEMM-2","enc-post-MLP-dropout","enc-1st-layernorm","enc-attention-qkv","enc-attention-score","enc-attention-softmax","enc-attention-dropout","enc-attention-context","enc-attention-dense","enc-post-attention-dropout","enc-2nd-layernorm","enc-MLP-GEMM-1","enc-MLP-gelu","enc-MLP-GEMM-2","enc-post-MLP-dropout","enc-1st-layernorm","enc-attention-qkv","enc-attention-score","enc-attention-softmax","enc-attention-dropout","enc-attention-context","enc-attention-dense","enc-post-attention-dropout","enc-2nd-layernorm","enc-MLP-GEMM-1","enc-MLP-gelu","enc-MLP-GEMM-2","enc-post-MLP-dropout","enc-1st-layernorm","enc-attention-qkv","enc-attention-score","enc-attention-softmax","enc-attention-dropout","enc-attention-context","enc-attention-dense","enc-post-attention-dropout","enc-2nd-layernorm","enc-MLP-GEMM-1","enc-MLP-gelu","enc-MLP-GEMM-2","enc-post-MLP-dropout","enc-1st-layernorm","enc-attention-qkv","enc-attention-score","enc-attention-softmax","enc-attention-dropout","enc-attention-context","enc-attention-dense","enc-post-attention-dropout","enc-2nd-layernorm","enc-MLP-GEMM-1","enc-MLP-gelu","enc-MLP-GEMM-2","enc-post-MLP-dropout","enc-1st-layernorm","enc-attention-qkv","enc-attention-score","enc-attention-softmax","enc-attention-dropout","enc-attention-context","enc-attention-dense","enc-post-attention-dropout","enc-2nd-layernorm","enc-MLP-GEMM-1","enc-MLP-gelu","enc-MLP-GEMM-2","enc-post-MLP-dropout","enc-1st-layernorm","enc-attention-qkv","enc-attention-score","enc-attention-softmax","enc-attention-dropout","enc-attention-context","enc-attention-dense","enc-post-attention-dropout","enc-2nd-layernorm","enc-MLP-GEMM-1","enc-MLP-gelu","enc-MLP-GEMM-2","enc-post-MLP-dropout","enc-1st-layernorm","enc-attention-qkv","enc-attention-score","enc-attention-softmax","enc-attention-dropout","enc-attention-context","enc-attention-dense","enc-post-attention-dropout","enc-2nd-layernorm","enc-MLP-GEMM-1","enc-MLP-gelu","enc-MLP-GEMM-2","enc-post-MLP-dropout","enc-1st-layernorm","enc-attention-qkv","enc-attention-score","enc-attention-softmax","enc-attention-dropout","enc-attention-context","enc-attention-dense","enc-post-attention-dropout","enc-2nd-layernorm","enc-MLP-GEMM-1","enc-MLP-gelu","enc-MLP-GEMM-2","enc-post-MLP-dropout","enc-1st-layernorm","enc-attention-qkv","enc-attention-score","enc-attention-softmax","enc-attention-dropout","enc-attention-context","enc-attention-dense","enc-post-attention-dropout","enc-2nd-layernorm","enc-MLP-GEMM-1","enc-MLP-gelu","enc-MLP-GEMM-2","enc-post-MLP-dropout","enc-1st-layernorm","enc-attention-qkv","enc-attention-score","enc-attention-softmax","enc-attention-dropout","enc-attention-context","enc-attention-dense","enc-post-attention-dropout","enc-2nd-layernorm","enc-MLP-GEMM-1","enc-MLP-gelu","enc-MLP-GEMM-2","enc-post-MLP-dropout","enc-1st-layernorm","enc-attention-qkv","enc-attention-score","enc-attention-softmax","enc-attention-dropout","enc-attention-context","enc-attention-dense","enc-post-attention-dropout","enc-2nd-layernorm","enc-MLP-GEMM-1","enc-MLP-gelu","enc-MLP-GEMM-2","enc-post-MLP-dropout","enc-1st-layernorm","enc-attention-qkv","enc-attention-score","enc-attention-softmax","enc-attention-dropout","enc-attention-context","enc-attention-dense","enc-post-attention-dropout","enc-2nd-layernorm","enc-MLP-GEMM-1","enc-MLP-gelu","enc-MLP-GEMM-2","enc-post-MLP-dropout","enc-1st-layernorm","enc-attention-qkv","enc-attention-score","enc-attention-softmax","enc-attention-dropout","enc-attention-context","enc-attention-dense","enc-post-attention-dropout","enc-2nd-layernorm","enc-MLP-GEMM-1","enc-MLP-gelu","enc-MLP-GEMM-2","enc-post-MLP-dropout","enc-1st-layernorm","enc-attention-qkv","enc-attention-score","enc-attention-softmax","enc-attention-dropout","enc-attention-context","enc-attention-dense","enc-post-attention-dropout","enc-2nd-layernorm","enc-MLP-GEMM-1","enc-MLP-gelu","enc-MLP-GEMM-2","enc-post-MLP-dropout","enc-1st-layernorm","enc-attention-qkv","enc-attention-score","enc-attention-softmax","enc-attention-dropout","enc-attention-context","enc-attention-dense","enc-post-attention-dropout","enc-2nd-layernorm","enc-MLP-GEMM-1","enc-MLP-gelu","enc-MLP-GEMM-2","enc-post-MLP-dropout","enc-1st-layernorm","enc-attention-qkv","enc-attention-score","enc-attention-softmax","enc-attention-dropout","enc-attention-context","enc-attention-dense","enc-post-attention-dropout","enc-2nd-layernorm","enc-MLP-GEMM-1","enc-MLP-gelu","enc-MLP-GEMM-2","enc-post-MLP-dropout","enc-1st-layernorm","enc-attention-qkv","enc-attention-score","enc-attention-softmax","enc-attention-dropout","enc-attention-context","enc-attention-dense","enc-post-attention-dropout","enc-2nd-layernorm","enc-MLP-GEMM-1","enc-MLP-gelu","enc-MLP-GEMM-2","enc-post-MLP-dropout","enc-1st-layernorm","enc-attention-qkv","enc-attention-score","enc-attention-softmax","enc-attention-dropout","enc-attention-context","enc-attention-dense","enc-post-attention-dropout","enc-2nd-layernorm","enc-MLP-GEMM-1","enc-MLP-gelu","enc-MLP-GEMM-2","enc-post-MLP-dropout","enc-1st-layernorm","enc-attention-qkv","enc-attention-score","enc-attention-softmax","enc-attention-dropout","enc-attention-context","enc-attention-dense","enc-post-attention-dropout","enc-2nd-layernorm","enc-MLP-GEMM-1","enc-MLP-gelu","enc-MLP-GEMM-2","enc-post-MLP-dropout","enc-1st-layernorm","enc-attention-qkv","enc-attention-score","enc-attention-softmax","enc-attention-dropout","enc-attention-context","enc-attention-dense","enc-post-attention-dropout","enc-2nd-layernorm","enc-MLP-GEMM-1","enc-MLP-gelu","enc-MLP-GEMM-2","enc-post-MLP-dropout","enc-1st-layernorm","enc-attention-qkv","enc-attention-score","enc-attention-softmax","enc-attention-dropout","enc-attention-context","enc-attention-dense","enc-post-attention-dropout","enc-2nd-layernorm","enc-MLP-GEMM-1","enc-MLP-gelu","enc-MLP-GEMM-2","enc-post-MLP-dropout","enc-1st-layernorm","enc-attention-qkv","enc-attention-score","enc-attention-softmax","enc-attention-dropout","enc-attention-context","enc-attention-dense","enc-post-attention-dropout","enc-2nd-layernorm","enc-MLP-GEMM-1","enc-MLP-gelu","enc-MLP-GEMM-2","enc-post-MLP-dropout","enc-1st-layernorm","enc-attention-qkv","enc-attention-score","enc-attention-softmax","enc-attention-dropout","enc-attention-context","enc-attention-dense","enc-post-attention-dropout","enc-2nd-layernorm","enc-MLP-GEMM-1","enc-MLP-gelu","enc-MLP-GEMM-2","enc-post-MLP-dropout","enc-1st-layernorm","enc-attention-qkv","enc-attention-score","enc-attention-softmax","enc-attention-dropout","enc-attention-context","enc-attention-dense","enc-post-attention-dropout","enc-2nd-layernorm","enc-MLP-GEMM-1","enc-MLP-gelu","enc-MLP-GEMM-2","enc-post-MLP-dropout","enc-1st-layernorm","enc-attention-qkv","enc-attention-score","enc-attention-softmax","enc-attention-dropout","enc-attention-context","enc-attention-dense","enc-post-attention-dropout","enc-2nd-layernorm","enc-MLP-GEMM-1","enc-MLP-gelu","enc-MLP-GEMM-2","enc-post-MLP-dropout","enc-1st-layernorm","enc-attention-qkv","enc-attention-score","enc-attention-softmax","enc-attention-dropout","enc-attention-context","enc-attention-dense","enc-post-attention-dropout","enc-2nd-layernorm","enc-MLP-GEMM-1","enc-MLP-gelu","enc-MLP-GEMM-2","enc-post-MLP-dropout","enc-1st-layernorm","enc-attention-qkv","enc-attention-score","enc-attention-softmax","enc-attention-dropout","enc-attention-context","enc-attention-dense","enc-post-attention-dropout","enc-2nd-layernorm","enc-MLP-GEMM-1","enc-MLP-gelu","enc-MLP-GEMM-2","enc-post-MLP-dropout","enc-1st-layernorm","enc-attention-qkv","enc-attention-score","enc-attention-softmax","enc-attention-dropout","enc-attention-context","enc-attention-dense","enc-post-attention-dropout","enc-2nd-layernorm","enc-MLP-GEMM-1","enc-MLP-gelu","enc-MLP-GEMM-2","enc-post-MLP-dropout","enc-1st-layernorm","enc-attention-qkv","enc-attention-score","enc-attention-softmax","enc-attention-dropout","enc-attention-context","enc-attention-dense","enc-post-attention-dropout","enc-2nd-layernorm","enc-MLP-GEMM-1","enc-MLP-gelu","enc-MLP-GEMM-2","enc-post-MLP-dropout","enc-1st-layernorm","enc-attention-qkv","enc-attention-score","enc-attention-softmax","enc-attention-dropout","enc-attention-context","enc-attention-dense","enc-post-attention-dropout","enc-2nd-layernorm","enc-MLP-GEMM-1","enc-MLP-gelu","enc-MLP-GEMM-2","enc-post-MLP-dropout","enc-1st-layernorm","enc-attention-qkv","enc-attention-score","enc-attention-softmax","enc-attention-dropout","enc-attention-context","enc-attention-dense","enc-post-attention-dropout","enc-2nd-layernorm","enc-MLP-GEMM-1","enc-MLP-gelu","enc-MLP-GEMM-2","enc-post-MLP-dropout","enc-1st-layernorm","enc-attention-qkv","enc-attention-score","enc-attention-softmax","enc-attention-dropout","enc-attention-context","enc-attention-dense","enc-post-attention-dropout","enc-2nd-layernorm","enc-MLP-GEMM-1","enc-MLP-gelu","enc-MLP-GEMM-2","enc-post-MLP-dropout","enc-1st-layernorm","enc-attention-qkv","enc-attention-score","enc-attention-softmax","enc-attention-dropout","enc-attention-context","enc-attention-dense","enc-post-attention-dropout","enc-2nd-layernorm","enc-MLP-GEMM-1","enc-MLP-gelu","enc-MLP-GEMM-2","enc-post-MLP-dropout","enc-1st-layernorm","enc-attention-qkv","enc-attention-score","enc-attention-softmax","enc-attention-dropout","enc-attention-context","enc-attention-dense","enc-post-attention-dropout","enc-2nd-layernorm","enc-MLP-GEMM-1","enc-MLP-gelu","enc-MLP-GEMM-2","enc-post-MLP-dropout","enc-1st-layernorm","enc-attention-qkv","enc-attention-score","enc-attention-softmax","enc-attention-dropout","enc-attention-context","enc-attention-dense","enc-post-attention-dropout","enc-2nd-layernorm","enc-MLP-GEMM-1","enc-MLP-gelu","enc-MLP-GEMM-2","enc-post-MLP-dropout","enc-1st-layernorm","enc-attention-qkv","enc-attention-score","enc-attention-softmax","enc-attention-dropout","enc-attention-context","enc-attention-dense","enc-post-attention-dropout","enc-2nd-layernorm","enc-MLP-GEMM-1","enc-MLP-gelu","enc-MLP-GEMM-2","enc-post-MLP-dropout","enc-1st-layernorm","enc-attention-qkv","enc-attention-score","enc-attention-softmax","enc-attention-dropout","enc-attention-context","enc-attention-dense","enc-post-attention-dropout","enc-2nd-layernorm","enc-MLP-GEMM-1","enc-MLP-gelu","enc-MLP-GEMM-2","enc-post-MLP-dropout","enc-1st-layernorm","enc-attention-qkv","enc-attention-score","enc-attention-softmax","enc-attention-dropout","enc-attention-context","enc-attention-dense","enc-post-attention-dropout","enc-2nd-layernorm","enc-MLP-GEMM-1","enc-MLP-gelu","enc-MLP-GEMM-2","enc-post-MLP-dropout","enc-1st-layernorm","enc-attention-qkv","enc-attention-score","enc-attention-softmax","enc-attention-dropout","enc-attention-context","enc-attention-dense","enc-post-attention-dropout","enc-2nd-layernorm","enc-MLP-GEMM-1","enc-MLP-gelu","enc-MLP-GEMM-2","enc-post-MLP-dropout","enc-1st-layernorm","enc-attention-qkv","enc-attention-score","enc-attention-softmax","enc-attention-dropout","enc-attention-context","enc-attention-dense","enc-post-attention-dropout","enc-2nd-layernorm","enc-MLP-GEMM-1","enc-MLP-gelu","enc-MLP-GEMM-2","enc-post-MLP-dropout","enc-1st-layernorm","enc-attention-qkv","enc-attention-score","enc-attention-softmax","enc-attention-dropout","enc-attention-context","enc-attention-dense","enc-post-attention-dropout","enc-2nd-layernorm","enc-MLP-GEMM-1","enc-MLP-gelu","enc-MLP-GEMM-2","enc-post-MLP-dropout","enc-1st-layernorm","enc-attention-qkv","enc-attention-score","enc-attention-softmax","enc-attention-dropout","enc-attention-context","enc-attention-dense","enc-post-attention-dropout","enc-2nd-layernorm","enc-MLP-GEMM-1","enc-MLP-gelu","enc-MLP-GEMM-2","enc-post-MLP-dropout","final-layernorm","gpt-post-process",
[rank 7 recompute ops] enc-MLP-GEMM-1 enc-MLP-gelu enc-attention-score enc-attention-softmax enc-attention-dropout enc-attention-context enc-MLP-GEMM-1 enc-MLP-gelu enc-attention-score enc-attention-softmax enc-attention-dropout enc-attention-context enc-MLP-GEMM-1 enc-MLP-gelu enc-attention-score enc-attention-softmax enc-attention-dropout enc-attention-context enc-MLP-GEMM-1 enc-MLP-gelu enc-attention-score enc-attention-softmax enc-attention-dropout enc-attention-context enc-MLP-GEMM-1 enc-MLP-gelu enc-attention-score enc-attention-softmax enc-attention-dropout enc-attention-context enc-MLP-GEMM-1 enc-MLP-gelu enc-attention-score enc-attention-softmax enc-attention-dropout enc-attention-context enc-MLP-GEMM-1 enc-MLP-gelu enc-attention-score enc-attention-softmax enc-attention-dropout enc-attention-context enc-MLP-GEMM-1 enc-MLP-gelu enc-attention-score enc-attention-softmax enc-attention-dropout enc-attention-context enc-MLP-GEMM-1 enc-MLP-gelu enc-attention-score enc-attention-softmax enc-attention-dropout enc-attention-context enc-MLP-GEMM-1 enc-MLP-gelu enc-attention-score enc-attention-softmax enc-attention-dropout enc-attention-context enc-MLP-GEMM-1 enc-MLP-gelu enc-attention-score enc-attention-softmax enc-attention-dropout enc-attention-context enc-MLP-GEMM-1 enc-MLP-gelu enc-attention-score enc-attention-softmax enc-attention-dropout enc-attention-context enc-MLP-GEMM-1 enc-MLP-gelu enc-attention-score enc-attention-softmax enc-attention-dropout enc-attention-context enc-MLP-GEMM-1 enc-MLP-gelu enc-attention-score enc-attention-softmax enc-attention-dropout enc-attention-context enc-MLP-GEMM-1 enc-MLP-gelu enc-attention-score enc-attention-softmax enc-attention-dropout enc-attention-context enc-MLP-GEMM-1 enc-MLP-gelu enc-attention-score enc-attention-softmax enc-attention-dropout enc-attention-context enc-MLP-GEMM-1 enc-MLP-gelu enc-attention-score enc-attention-softmax enc-attention-dropout enc-attention-context enc-MLP-GEMM-1 enc-MLP-gelu enc-attention-score enc-attention-softmax enc-attention-dropout enc-attention-context enc-MLP-GEMM-1 enc-MLP-gelu enc-attention-score enc-attention-softmax enc-attention-dropout enc-attention-context enc-MLP-GEMM-1 enc-MLP-gelu enc-attention-score enc-attention-softmax enc-attention-dropout enc-attention-context enc-MLP-GEMM-1 enc-MLP-gelu enc-attention-score enc-attention-softmax enc-attention-dropout enc-attention-context enc-MLP-GEMM-1 enc-MLP-gelu enc-attention-score enc-attention-softmax enc-attention-dropout enc-attention-context enc-MLP-GEMM-1 enc-MLP-gelu enc-attention-score enc-attention-softmax enc-attention-dropout enc-attention-context enc-MLP-GEMM-1 enc-MLP-gelu enc-attention-score enc-attention-softmax enc-attention-dropout enc-attention-context enc-MLP-GEMM-1 enc-MLP-gelu enc-attention-score enc-attention-softmax enc-attention-dropout enc-attention-context enc-MLP-GEMM-1 enc-MLP-gelu enc-attention-score enc-attention-softmax enc-attention-dropout enc-attention-context enc-MLP-GEMM-1 enc-MLP-gelu enc-attention-score enc-attention-softmax enc-attention-dropout enc-attention-context enc-MLP-GEMM-1 enc-MLP-gelu enc-attention-score enc-attention-softmax enc-attention-dropout enc-attention-context enc-MLP-GEMM-1 enc-MLP-gelu enc-attention-score enc-attention-softmax enc-attention-dropout enc-attention-context enc-MLP-GEMM-1 enc-MLP-gelu enc-attention-score enc-attention-softmax enc-attention-dropout enc-attention-context enc-MLP-GEMM-1 enc-MLP-gelu enc-attention-score enc-attention-softmax enc-attention-dropout enc-attention-context enc-MLP-GEMM-1 enc-MLP-gelu enc-attention-score enc-attention-softmax enc-attention-dropout enc-attention-context enc-MLP-GEMM-1 enc-MLP-gelu enc-attention-score enc-attention-softmax enc-attention-dropout enc-attention-context enc-MLP-GEMM-1 enc-MLP-gelu enc-attention-score enc-attention-softmax enc-attention-dropout enc-attention-context enc-MLP-GEMM-1 enc-MLP-gelu enc-attention-score enc-attention-softmax enc-attention-dropout enc-attention-context enc-MLP-GEMM-1 enc-MLP-gelu enc-attention-score enc-attention-softmax enc-attention-dropout enc-attention-context enc-MLP-GEMM-1 enc-MLP-gelu enc-attention-score enc-attention-softmax enc-attention-dropout enc-attention-context enc-MLP-GEMM-1 enc-MLP-gelu enc-attention-score enc-attention-softmax enc-attention-dropout enc-attention-context enc-MLP-GEMM-1 enc-MLP-gelu enc-attention-score enc-attention-softmax enc-attention-dropout enc-attention-context enc-MLP-GEMM-1 enc-MLP-gelu enc-attention-score enc-attention-softmax enc-attention-dropout enc-attention-context enc-MLP-GEMM-1 enc-MLP-gelu enc-attention-score enc-attention-softmax enc-attention-dropout enc-attention-context enc-MLP-GEMM-1 enc-MLP-gelu enc-attention-score enc-attention-softmax enc-attention-dropout enc-attention-context enc-MLP-GEMM-1 enc-MLP-gelu enc-attention-score enc-attention-softmax enc-attention-dropout enc-attention-context enc-MLP-GEMM-1 enc-MLP-gelu enc-attention-score enc-attention-softmax enc-attention-dropout enc-attention-context enc-MLP-GEMM-1 enc-MLP-gelu enc-attention-score enc-attention-softmax enc-attention-dropout enc-attention-context enc-MLP-GEMM-1 enc-MLP-gelu enc-attention-score enc-attention-softmax enc-attention-dropout enc-attention-context enc-MLP-GEMM-1 enc-MLP-gelu enc-attention-score enc-attention-softmax enc-attention-dropout enc-attention-context enc-MLP-GEMM-1 enc-MLP-gelu enc-attention-score enc-attention-softmax enc-attention-dropout enc-attention-context enc-MLP-GEMM-1 enc-MLP-gelu enc-attention-score enc-attention-softmax enc-attention-dropout enc-attention-context enc-MLP-GEMM-1 enc-MLP-gelu enc-attention-score enc-attention-softmax enc-attention-dropout enc-attention-context enc-MLP-GEMM-1 enc-MLP-gelu enc-attention-score enc-attention-softmax enc-attention-dropout enc-attention-context enc-MLP-GEMM-1 enc-MLP-gelu enc-attention-score enc-attention-softmax enc-attention-dropout enc-attention-context enc-MLP-GEMM-1 enc-MLP-gelu enc-attention-score enc-attention-softmax enc-attention-dropout enc-attention-context enc-MLP-GEMM-1 enc-MLP-gelu enc-attention-score enc-attention-softmax enc-attention-dropout enc-attention-context enc-MLP-GEMM-1 enc-MLP-gelu enc-attention-score enc-attention-softmax enc-attention-dropout enc-attention-context enc-MLP-GEMM-1 enc-MLP-gelu enc-attention-score enc-attention-softmax enc-attention-dropout enc-attention-context enc-MLP-GEMM-1 enc-MLP-gelu enc-attention-score enc-attention-softmax enc-attention-dropout enc-attention-context enc-MLP-GEMM-1 enc-MLP-gelu enc-attention-score enc-attention-softmax enc-attention-dropout enc-attention-context enc-MLP-GEMM-1 enc-MLP-gelu enc-attention-score enc-attention-softmax enc-attention-dropout enc-attention-context enc-MLP-GEMM-1 enc-MLP-gelu enc-attention-score enc-attention-softmax enc-attention-dropout enc-attention-context enc-MLP-GEMM-1 enc-MLP-gelu enc-attention-score enc-attention-softmax enc-attention-dropout enc-attention-context enc-MLP-GEMM-1 enc-MLP-gelu enc-attention-score enc-attention-softmax enc-attention-dropout enc-attention-context enc-MLP-GEMM-1 enc-MLP-gelu enc-attention-score enc-attention-softmax enc-attention-dropout enc-attention-context enc-MLP-GEMM-1 enc-MLP-gelu enc-attention-score enc-attention-softmax enc-attention-dropout enc-attention-context enc-MLP-GEMM-1 enc-MLP-gelu enc-attention-score enc-attention-softmax enc-attention-dropout enc-attention-context enc-MLP-GEMM-1 enc-MLP-gelu enc-attention-score enc-attention-softmax enc-attention-dropout enc-attention-context enc-MLP-GEMM-1 enc-MLP-gelu enc-attention-score enc-attention-softmax enc-attention-dropout enc-attention-context enc-MLP-GEMM-1 enc-MLP-gelu enc-attention-score enc-attention-softmax enc-attention-dropout enc-attention-context enc-MLP-GEMM-1 enc-MLP-gelu enc-attention-score enc-attention-softmax enc-attention-dropout enc-attention-context enc-MLP-GEMM-1 enc-MLP-gelu enc-attention-score enc-attention-softmax enc-attention-dropout enc-attention-context enc-MLP-GEMM-1 enc-MLP-gelu enc-attention-score enc-attention-softmax enc-attention-dropout enc-attention-context enc-MLP-GEMM-1 enc-MLP-gelu enc-attention-score enc-attention-softmax enc-attention-dropout enc-attention-context enc-MLP-GEMM-1 enc-MLP-gelu enc-attention-score enc-attention-softmax enc-attention-dropout enc-attention-context enc-MLP-GEMM-1 enc-MLP-gelu enc-attention-score enc-attention-softmax enc-attention-dropout enc-attention-context enc-MLP-GEMM-1 enc-MLP-gelu enc-attention-score enc-attention-softmax enc-attention-dropout enc-attention-context enc-MLP-GEMM-1 enc-MLP-gelu enc-attention-score enc-attention-softmax enc-attention-dropout enc-attention-context enc-MLP-GEMM-1 enc-MLP-gelu enc-attention-score enc-attention-softmax enc-attention-dropout enc-attention-context enc-MLP-GEMM-1 enc-MLP-gelu enc-attention-score enc-attention-softmax enc-attention-dropout enc-attention-context enc-MLP-GEMM-1 enc-MLP-gelu enc-attention-score enc-attention-softmax enc-attention-dropout enc-attention-context enc-MLP-GEMM-1 enc-MLP-gelu enc-attention-score enc-attention-softmax enc-attention-dropout enc-attention-context enc-MLP-GEMM-1 enc-MLP-gelu enc-attention-score enc-attention-softmax enc-attention-dropout enc-attention-context enc-MLP-GEMM-1 enc-MLP-gelu enc-attention-score enc-attention-softmax enc-attention-dropout enc-attention-context enc-MLP-GEMM-1 enc-MLP-gelu enc-attention-score enc-attention-softmax enc-attention-dropout enc-attention-context enc-MLP-GEMM-1 enc-MLP-gelu enc-attention-score enc-attention-softmax enc-attention-dropout enc-attention-context enc-MLP-GEMM-1 enc-MLP-gelu enc-attention-score enc-attention-softmax enc-attention-dropout enc-attention-context enc-MLP-GEMM-1 enc-MLP-gelu enc-attention-score enc-attention-softmax enc-attention-dropout enc-attention-context enc-MLP-GEMM-1 enc-MLP-gelu enc-attention-score enc-attention-softmax enc-attention-dropout enc-attention-context enc-MLP-GEMM-1 enc-MLP-gelu enc-attention-score enc-attention-softmax enc-attention-dropout enc-attention-context enc-MLP-GEMM-1 enc-MLP-gelu enc-attention-score enc-attention-softmax enc-attention-dropout enc-attention-context enc-MLP-GEMM-1 enc-MLP-gelu enc-attention-score enc-attention-softmax enc-attention-dropout enc-attention-context enc-MLP-GEMM-1 enc-MLP-gelu enc-attention-score enc-attention-softmax enc-attention-dropout enc-attention-context enc-MLP-GEMM-1 enc-MLP-gelu enc-attention-score enc-attention-softmax enc-attention-dropout enc-attention-context enc-MLP-GEMM-1 enc-MLP-gelu enc-attention-score enc-attention-softmax enc-attention-dropout enc-attention-context enc-MLP-GEMM-1 enc-MLP-gelu enc-attention-score enc-attention-softmax enc-attention-dropout enc-attention-context enc-MLP-GEMM-1 enc-MLP-gelu enc-attention-score enc-attention-softmax enc-attention-dropout enc-attention-context enc-MLP-GEMM-1 enc-MLP-gelu enc-attention-score enc-attention-softmax enc-attention-dropout enc-attention-context enc-MLP-GEMM-1 enc-MLP-gelu enc-attention-score enc-attention-softmax enc-attention-dropout enc-attention-context enc-attention-score enc-attention-softmax enc-attention-dropout enc-attention-context enc-attention-score enc-attention-softmax enc-attention-dropout enc-attention-context enc-attention-score enc-attention-softmax enc-attention-dropout enc-attention-context enc-attention-score enc-attention-softmax enc-attention-dropout enc-attention-context enc-attention-score enc-attention-softmax enc-attention-dropout enc-attention-context enc-attention-score enc-attention-softmax enc-attention-dropout enc-attention-context enc-attention-score enc-attention-softmax enc-attention-dropout enc-attention-context enc-attention-score enc-attention-softmax enc-attention-dropout enc-attention-context enc-attention-score enc-attention-softmax enc-attention-dropout enc-attention-context enc-attention-score enc-attention-softmax enc-attention-dropout enc-attention-context enc-attention-score enc-attention-softmax enc-attention-dropout enc-attention-context enc-attention-score enc-attention-softmax enc-attention-dropout enc-attention-context enc-attention-score enc-attention-softmax enc-attention-dropout enc-attention-context enc-attention-score enc-attention-softmax enc-attention-dropout enc-attention-context enc-attention-score enc-attention-softmax enc-attention-dropout enc-attention-context enc-attention-score enc-attention-softmax enc-attention-dropout enc-attention-context enc-attention-score enc-attention-softmax enc-attention-dropout enc-attention-context enc-attention-score enc-attention-softmax enc-attention-dropout enc-attention-context enc-attention-score enc-attention-softmax enc-attention-dropout enc-attention-context enc-attention-score enc-attention-softmax enc-attention-dropout enc-attention-context enc-attention-score enc-attention-softmax enc-attention-dropout enc-attention-context enc-attention-score enc-attention-softmax enc-attention-dropout enc-attention-context enc-attention-score enc-attention-softmax enc-attention-dropout enc-attention-context enc-attention-score enc-attention-softmax enc-attention-dropout enc-attention-context enc-attention-score enc-attention-softmax enc-attention-dropout enc-attention-context enc-attention-score enc-attention-softmax enc-attention-dropout enc-attention-context enc-attention-score enc-attention-softmax enc-attention-dropout enc-attention-context enc-attention-score enc-attention-softmax enc-attention-dropout enc-attention-context enc-attention-score enc-attention-softmax enc-attention-dropout enc-attention-context enc-attention-score enc-attention-softmax enc-attention-dropout enc-attention-context enc-attention-score enc-attention-softmax enc-attention-dropout enc-attention-context 
[rank 0 all ops] "encoder-embedding","enc-1st-layernorm","enc-attention-qkv","enc-attention-score","enc-attention-softmax","enc-attention-dropout","enc-attention-context","enc-attention-dense","enc-post-attention-dropout","enc-2nd-layernorm","enc-MLP-GEMM-1","enc-MLP-gelu","enc-MLP-GEMM-2","enc-post-MLP-dropout","enc-1st-layernorm","enc-attention-qkv","enc-attention-score","enc-attention-softmax","enc-attention-dropout","enc-attention-context","enc-attention-dense","enc-post-attention-dropout","enc-2nd-layernorm","enc-MLP-GEMM-1","enc-MLP-gelu","enc-MLP-GEMM-2","enc-post-MLP-dropout","enc-1st-layernorm","enc-attention-qkv","enc-attention-score","enc-attention-softmax","enc-attention-dropout","enc-attention-context","enc-attention-dense","enc-post-attention-dropout","enc-2nd-layernorm","enc-MLP-GEMM-1","enc-MLP-gelu","enc-MLP-GEMM-2","enc-post-MLP-dropout","enc-1st-layernorm","enc-attention-qkv","enc-attention-score","enc-attention-softmax","enc-attention-dropout","enc-attention-context","enc-attention-dense","enc-post-attention-dropout","enc-2nd-layernorm","enc-MLP-GEMM-1","enc-MLP-gelu","enc-MLP-GEMM-2","enc-post-MLP-dropout","enc-1st-layernorm","enc-attention-qkv","enc-attention-score","enc-attention-softmax","enc-attention-dropout","enc-attention-context","enc-attention-dense","enc-post-attention-dropout","enc-2nd-layernorm","enc-MLP-GEMM-1","enc-MLP-gelu","enc-MLP-GEMM-2","enc-post-MLP-dropout","enc-1st-layernorm","enc-attention-qkv","enc-attention-score","enc-attention-softmax","enc-attention-dropout","enc-attention-context","enc-attention-dense","enc-post-attention-dropout","enc-2nd-layernorm","enc-MLP-GEMM-1","enc-MLP-gelu","enc-MLP-GEMM-2","enc-post-MLP-dropout","enc-1st-layernorm","enc-attention-qkv","enc-attention-score","enc-attention-softmax","enc-attention-dropout","enc-attention-context","enc-attention-dense","enc-post-attention-dropout","enc-2nd-layernorm","enc-MLP-GEMM-1","enc-MLP-gelu","enc-MLP-GEMM-2","enc-post-MLP-dropout","enc-1st-layernorm","enc-attention-qkv","enc-attention-score","enc-attention-softmax","enc-attention-dropout","enc-attention-context","enc-attention-dense","enc-post-attention-dropout","enc-2nd-layernorm","enc-MLP-GEMM-1","enc-MLP-gelu","enc-MLP-GEMM-2","enc-post-MLP-dropout","enc-1st-layernorm","enc-attention-qkv","enc-attention-score","enc-attention-softmax","enc-attention-dropout","enc-attention-context","enc-attention-dense","enc-post-attention-dropout","enc-2nd-layernorm","enc-MLP-GEMM-1","enc-MLP-gelu","enc-MLP-GEMM-2","enc-post-MLP-dropout","enc-1st-layernorm","enc-attention-qkv","enc-attention-score","enc-attention-softmax","enc-attention-dropout","enc-attention-context","enc-attention-dense","enc-post-attention-dropout","enc-2nd-layernorm","enc-MLP-GEMM-1","enc-MLP-gelu","enc-MLP-GEMM-2","enc-post-MLP-dropout","enc-1st-layernorm","enc-attention-qkv","enc-attention-score","enc-attention-softmax","enc-attention-dropout","enc-attention-context","enc-attention-dense","enc-post-attention-dropout","enc-2nd-layernorm","enc-MLP-GEMM-1","enc-MLP-gelu","enc-MLP-GEMM-2","enc-post-MLP-dropout","enc-1st-layernorm","enc-attention-qkv","enc-attention-score","enc-attention-softmax","enc-attention-dropout","enc-attention-context","enc-attention-dense","enc-post-attention-dropout","enc-2nd-layernorm","enc-MLP-GEMM-1","enc-MLP-gelu","enc-MLP-GEMM-2","enc-post-MLP-dropout","enc-1st-layernorm","enc-attention-qkv","enc-attention-score","enc-attention-softmax","enc-attention-dropout","enc-attention-context","enc-attention-dense","enc-post-attention-dropout","enc-2nd-layernorm","enc-MLP-GEMM-1","enc-MLP-gelu","enc-MLP-GEMM-2","enc-post-MLP-dropout","enc-1st-layernorm","enc-attention-qkv","enc-attention-score","enc-attention-softmax","enc-attention-dropout","enc-attention-context","enc-attention-dense","enc-post-attention-dropout","enc-2nd-layernorm","enc-MLP-GEMM-1","enc-MLP-gelu","enc-MLP-GEMM-2","enc-post-MLP-dropout","enc-1st-layernorm","enc-attention-qkv","enc-attention-score","enc-attention-softmax","enc-attention-dropout","enc-attention-context","enc-attention-dense","enc-post-attention-dropout","enc-2nd-layernorm","enc-MLP-GEMM-1","enc-MLP-gelu","enc-MLP-GEMM-2","enc-post-MLP-dropout","enc-1st-layernorm","enc-attention-qkv","enc-attention-score","enc-attention-softmax","enc-attention-dropout","enc-attention-context","enc-attention-dense","enc-post-attention-dropout","enc-2nd-layernorm","enc-MLP-GEMM-1","enc-MLP-gelu","enc-MLP-GEMM-2","enc-post-MLP-dropout","enc-1st-layernorm","enc-attention-qkv","enc-attention-score","enc-attention-softmax","enc-attention-dropout","enc-attention-context","enc-attention-dense","enc-post-attention-dropout","enc-2nd-layernorm","enc-MLP-GEMM-1","enc-MLP-gelu","enc-MLP-GEMM-2","enc-post-MLP-dropout","enc-1st-layernorm","enc-attention-qkv","enc-attention-score","enc-attention-softmax","enc-attention-dropout","enc-attention-context","enc-attention-dense","enc-post-attention-dropout","enc-2nd-layernorm","enc-MLP-GEMM-1","enc-MLP-gelu","enc-MLP-GEMM-2","enc-post-MLP-dropout","enc-1st-layernorm","enc-attention-qkv","enc-attention-score","enc-attention-softmax","enc-attention-dropout","enc-attention-context","enc-attention-dense","enc-post-attention-dropout","enc-2nd-layernorm","enc-MLP-GEMM-1","enc-MLP-gelu","enc-MLP-GEMM-2","enc-post-MLP-dropout","enc-1st-layernorm","enc-attention-qkv","enc-attention-score","enc-attention-softmax","enc-attention-dropout","enc-attention-context","enc-attention-dense","enc-post-attention-dropout","enc-2nd-layernorm","enc-MLP-GEMM-1","enc-MLP-gelu","enc-MLP-GEMM-2","enc-post-MLP-dropout","enc-1st-layernorm","enc-attention-qkv","enc-attention-score","enc-attention-softmax","enc-attention-dropout","enc-attention-context","enc-attention-dense","enc-post-attention-dropout","enc-2nd-layernorm","enc-MLP-GEMM-1","enc-MLP-gelu","enc-MLP-GEMM-2","enc-post-MLP-dropout","enc-1st-layernorm","enc-attention-qkv","enc-attention-score","enc-attention-softmax","enc-attention-dropout","enc-attention-context","enc-attention-dense","enc-post-attention-dropout","enc-2nd-layernorm","enc-MLP-GEMM-1","enc-MLP-gelu","enc-MLP-GEMM-2","enc-post-MLP-dropout","enc-1st-layernorm","enc-attention-qkv","enc-attention-score","enc-attention-softmax","enc-attention-dropout","enc-attention-context","enc-attention-dense","enc-post-attention-dropout","enc-2nd-layernorm","enc-MLP-GEMM-1","enc-MLP-gelu","enc-MLP-GEMM-2","enc-post-MLP-dropout","enc-1st-layernorm","enc-attention-qkv","enc-attention-score","enc-attention-softmax","enc-attention-dropout","enc-attention-context","enc-attention-dense","enc-post-attention-dropout","enc-2nd-layernorm","enc-MLP-GEMM-1","enc-MLP-gelu","enc-MLP-GEMM-2","enc-post-MLP-dropout","enc-1st-layernorm","enc-attention-qkv","enc-attention-score","enc-attention-softmax","enc-attention-dropout","enc-attention-context","enc-attention-dense","enc-post-attention-dropout","enc-2nd-layernorm","enc-MLP-GEMM-1","enc-MLP-gelu","enc-MLP-GEMM-2","enc-post-MLP-dropout","enc-1st-layernorm","enc-attention-qkv","enc-attention-score","enc-attention-softmax","enc-attention-dropout","enc-attention-context","enc-attention-dense","enc-post-attention-dropout","enc-2nd-layernorm","enc-MLP-GEMM-1","enc-MLP-gelu","enc-MLP-GEMM-2","enc-post-MLP-dropout","enc-1st-layernorm","enc-attention-qkv","enc-attention-score","enc-attention-softmax","enc-attention-dropout","enc-attention-context","enc-attention-dense","enc-post-attention-dropout","enc-2nd-layernorm","enc-MLP-GEMM-1","enc-MLP-gelu","enc-MLP-GEMM-2","enc-post-MLP-dropout","enc-1st-layernorm","enc-attention-qkv","enc-attention-score","enc-attention-softmax","enc-attention-dropout","enc-attention-context","enc-attention-dense","enc-post-attention-dropout","enc-2nd-layernorm","enc-MLP-GEMM-1","enc-MLP-gelu","enc-MLP-GEMM-2","enc-post-MLP-dropout","enc-1st-layernorm","enc-attention-qkv","enc-attention-score","enc-attention-softmax","enc-attention-dropout","enc-attention-context","enc-attention-dense","enc-post-attention-dropout","enc-2nd-layernorm","enc-MLP-GEMM-1","enc-MLP-gelu","enc-MLP-GEMM-2","enc-post-MLP-dropout","enc-1st-layernorm","enc-attention-qkv","enc-attention-score","enc-attention-softmax","enc-attention-dropout","enc-attention-context","enc-attention-dense","enc-post-attention-dropout","enc-2nd-layernorm","enc-MLP-GEMM-1","enc-MLP-gelu","enc-MLP-GEMM-2","enc-post-MLP-dropout","enc-1st-layernorm","enc-attention-qkv","enc-attention-score","enc-attention-softmax","enc-attention-dropout","enc-attention-context","enc-attention-dense","enc-post-attention-dropout","enc-2nd-layernorm","enc-MLP-GEMM-1","enc-MLP-gelu","enc-MLP-GEMM-2","enc-post-MLP-dropout","enc-1st-layernorm","enc-attention-qkv","enc-attention-score","enc-attention-softmax","enc-attention-dropout","enc-attention-context","enc-attention-dense","enc-post-attention-dropout","enc-2nd-layernorm","enc-MLP-GEMM-1","enc-MLP-gelu","enc-MLP-GEMM-2","enc-post-MLP-dropout","enc-1st-layernorm","enc-attention-qkv","enc-attention-score","enc-attention-softmax","enc-attention-dropout","enc-attention-context","enc-attention-dense","enc-post-attention-dropout","enc-2nd-layernorm","enc-MLP-GEMM-1","enc-MLP-gelu","enc-MLP-GEMM-2","enc-post-MLP-dropout","enc-1st-layernorm","enc-attention-qkv","enc-attention-score","enc-attention-softmax","enc-attention-dropout","enc-attention-context","enc-attention-dense","enc-post-attention-dropout","enc-2nd-layernorm","enc-MLP-GEMM-1","enc-MLP-gelu","enc-MLP-GEMM-2","enc-post-MLP-dropout","enc-1st-layernorm","enc-attention-qkv","enc-attention-score","enc-attention-softmax","enc-attention-dropout","enc-attention-context","enc-attention-dense","enc-post-attention-dropout","enc-2nd-layernorm","enc-MLP-GEMM-1","enc-MLP-gelu","enc-MLP-GEMM-2","enc-post-MLP-dropout","enc-1st-layernorm","enc-attention-qkv","enc-attention-score","enc-attention-softmax","enc-attention-dropout","enc-attention-context","enc-attention-dense","enc-post-attention-dropout","enc-2nd-layernorm","enc-MLP-GEMM-1","enc-MLP-gelu","enc-MLP-GEMM-2","enc-post-MLP-dropout","enc-1st-layernorm","enc-attention-qkv","enc-attention-score","enc-attention-softmax","enc-attention-dropout","enc-attention-context","enc-attention-dense","enc-post-attention-dropout","enc-2nd-layernorm","enc-MLP-GEMM-1","enc-MLP-gelu","enc-MLP-GEMM-2","enc-post-MLP-dropout","enc-1st-layernorm","enc-attention-qkv","enc-attention-score","enc-attention-softmax","enc-attention-dropout","enc-attention-context","enc-attention-dense","enc-post-attention-dropout","enc-2nd-layernorm","enc-MLP-GEMM-1","enc-MLP-gelu","enc-MLP-GEMM-2","enc-post-MLP-dropout","enc-1st-layernorm","enc-attention-qkv","enc-attention-score","enc-attention-softmax","enc-attention-dropout","enc-attention-context","enc-attention-dense","enc-post-attention-dropout","enc-2nd-layernorm","enc-MLP-GEMM-1","enc-MLP-gelu","enc-MLP-GEMM-2","enc-post-MLP-dropout","enc-1st-layernorm","enc-attention-qkv","enc-attention-score","enc-attention-softmax","enc-attention-dropout","enc-attention-context","enc-attention-dense","enc-post-attention-dropout","enc-2nd-layernorm","enc-MLP-GEMM-1","enc-MLP-gelu","enc-MLP-GEMM-2","enc-post-MLP-dropout","enc-1st-layernorm","enc-attention-qkv","enc-attention-score","enc-attention-softmax","enc-attention-dropout","enc-attention-context","enc-attention-dense","enc-post-attention-dropout","enc-2nd-layernorm","enc-MLP-GEMM-1","enc-MLP-gelu","enc-MLP-GEMM-2","enc-post-MLP-dropout","enc-1st-layernorm","enc-attention-qkv","enc-attention-score","enc-attention-softmax","enc-attention-dropout","enc-attention-context","enc-attention-dense","enc-post-attention-dropout","enc-2nd-layernorm","enc-MLP-GEMM-1","enc-MLP-gelu","enc-MLP-GEMM-2","enc-post-MLP-dropout","enc-1st-layernorm","enc-attention-qkv","enc-attention-score","enc-attention-softmax","enc-attention-dropout","enc-attention-context","enc-attention-dense","enc-post-attention-dropout","enc-2nd-layernorm","enc-MLP-GEMM-1","enc-MLP-gelu","enc-MLP-GEMM-2","enc-post-MLP-dropout","enc-1st-layernorm","enc-attention-qkv","enc-attention-score","enc-attention-softmax","enc-attention-dropout","enc-attention-context","enc-attention-dense","enc-post-attention-dropout","enc-2nd-layernorm","enc-MLP-GEMM-1","enc-MLP-gelu","enc-MLP-GEMM-2","enc-post-MLP-dropout","enc-1st-layernorm","enc-attention-qkv","enc-attention-score","enc-attention-softmax","enc-attention-dropout","enc-attention-context","enc-attention-dense","enc-post-attention-dropout","enc-2nd-layernorm","enc-MLP-GEMM-1","enc-MLP-gelu","enc-MLP-GEMM-2","enc-post-MLP-dropout","enc-1st-layernorm","enc-attention-qkv","enc-attention-score","enc-attention-softmax","enc-attention-dropout","enc-attention-context","enc-attention-dense","enc-post-attention-dropout","enc-2nd-layernorm","enc-MLP-GEMM-1","enc-MLP-gelu","enc-MLP-GEMM-2","enc-post-MLP-dropout","enc-1st-layernorm","enc-attention-qkv","enc-attention-score","enc-attention-softmax","enc-attention-dropout","enc-attention-context","enc-attention-dense","enc-post-attention-dropout","enc-2nd-layernorm","enc-MLP-GEMM-1","enc-MLP-gelu","enc-MLP-GEMM-2","enc-post-MLP-dropout","enc-1st-layernorm","enc-attention-qkv","enc-attention-score","enc-attention-softmax","enc-attention-dropout","enc-attention-context","enc-attention-dense","enc-post-attention-dropout","enc-2nd-layernorm","enc-MLP-GEMM-1","enc-MLP-gelu","enc-MLP-GEMM-2","enc-post-MLP-dropout","enc-1st-layernorm","enc-attention-qkv","enc-attention-score","enc-attention-softmax","enc-attention-dropout","enc-attention-context","enc-attention-dense","enc-post-attention-dropout","enc-2nd-layernorm","enc-MLP-GEMM-1","enc-MLP-gelu","enc-MLP-GEMM-2","enc-post-MLP-dropout","enc-1st-layernorm","enc-attention-qkv","enc-attention-score","enc-attention-softmax","enc-attention-dropout","enc-attention-context","enc-attention-dense","enc-post-attention-dropout","enc-2nd-layernorm","enc-MLP-GEMM-1","enc-MLP-gelu","enc-MLP-GEMM-2","enc-post-MLP-dropout","enc-1st-layernorm","enc-attention-qkv","enc-attention-score","enc-attention-softmax","enc-attention-dropout","enc-attention-context","enc-attention-dense","enc-post-attention-dropout","enc-2nd-layernorm","enc-MLP-GEMM-1","enc-MLP-gelu","enc-MLP-GEMM-2","enc-post-MLP-dropout","enc-1st-layernorm","enc-attention-qkv","enc-attention-score","enc-attention-softmax","enc-attention-dropout","enc-attention-context","enc-attention-dense","enc-post-attention-dropout","enc-2nd-layernorm","enc-MLP-GEMM-1","enc-MLP-gelu","enc-MLP-GEMM-2","enc-post-MLP-dropout","enc-1st-layernorm","enc-attention-qkv","enc-attention-score","enc-attention-softmax","enc-attention-dropout","enc-attention-context","enc-attention-dense","enc-post-attention-dropout","enc-2nd-layernorm","enc-MLP-GEMM-1","enc-MLP-gelu","enc-MLP-GEMM-2","enc-post-MLP-dropout","enc-1st-layernorm","enc-attention-qkv","enc-attention-score","enc-attention-softmax","enc-attention-dropout","enc-attention-context","enc-attention-dense","enc-post-attention-dropout","enc-2nd-layernorm","enc-MLP-GEMM-1","enc-MLP-gelu","enc-MLP-GEMM-2","enc-post-MLP-dropout","enc-1st-layernorm","enc-attention-qkv","enc-attention-score","enc-attention-softmax","enc-attention-dropout","enc-attention-context","enc-attention-dense","enc-post-attention-dropout","enc-2nd-layernorm","enc-MLP-GEMM-1","enc-MLP-gelu","enc-MLP-GEMM-2","enc-post-MLP-dropout","enc-1st-layernorm","enc-attention-qkv","enc-attention-score","enc-attention-softmax","enc-attention-dropout","enc-attention-context","enc-attention-dense","enc-post-attention-dropout","enc-2nd-layernorm","enc-MLP-GEMM-1","enc-MLP-gelu","enc-MLP-GEMM-2","enc-post-MLP-dropout","enc-1st-layernorm","enc-attention-qkv","enc-attention-score","enc-attention-softmax","enc-attention-dropout","enc-attention-context","enc-attention-dense","enc-post-attention-dropout","enc-2nd-layernorm","enc-MLP-GEMM-1","enc-MLP-gelu","enc-MLP-GEMM-2","enc-post-MLP-dropout","enc-1st-layernorm","enc-attention-qkv","enc-attention-score","enc-attention-softmax","enc-attention-dropout","enc-attention-context","enc-attention-dense","enc-post-attention-dropout","enc-2nd-layernorm","enc-MLP-GEMM-1","enc-MLP-gelu","enc-MLP-GEMM-2","enc-post-MLP-dropout","enc-1st-layernorm","enc-attention-qkv","enc-attention-score","enc-attention-softmax","enc-attention-dropout","enc-attention-context","enc-attention-dense","enc-post-attention-dropout","enc-2nd-layernorm","enc-MLP-GEMM-1","enc-MLP-gelu","enc-MLP-GEMM-2","enc-post-MLP-dropout","enc-1st-layernorm","enc-attention-qkv","enc-attention-score","enc-attention-softmax","enc-attention-dropout","enc-attention-context","enc-attention-dense","enc-post-attention-dropout","enc-2nd-layernorm","enc-MLP-GEMM-1","enc-MLP-gelu","enc-MLP-GEMM-2","enc-post-MLP-dropout","enc-1st-layernorm","enc-attention-qkv","enc-attention-score","enc-attention-softmax","enc-attention-dropout","enc-attention-context","enc-attention-dense","enc-post-attention-dropout","enc-2nd-layernorm","enc-MLP-GEMM-1","enc-MLP-gelu","enc-MLP-GEMM-2","enc-post-MLP-dropout","enc-1st-layernorm","enc-attention-qkv","enc-attention-score","enc-attention-softmax","enc-attention-dropout","enc-attention-context","enc-attention-dense","enc-post-attention-dropout","enc-2nd-layernorm","enc-MLP-GEMM-1","enc-MLP-gelu","enc-MLP-GEMM-2","enc-post-MLP-dropout","enc-1st-layernorm","enc-attention-qkv","enc-attention-score","enc-attention-softmax","enc-attention-dropout","enc-attention-context","enc-attention-dense","enc-post-attention-dropout","enc-2nd-layernorm","enc-MLP-GEMM-1","enc-MLP-gelu","enc-MLP-GEMM-2","enc-post-MLP-dropout","enc-1st-layernorm","enc-attention-qkv","enc-attention-score","enc-attention-softmax","enc-attention-dropout","enc-attention-context","enc-attention-dense","enc-post-attention-dropout","enc-2nd-layernorm","enc-MLP-GEMM-1","enc-MLP-gelu","enc-MLP-GEMM-2","enc-post-MLP-dropout","enc-1st-layernorm","enc-attention-qkv","enc-attention-score","enc-attention-softmax","enc-attention-dropout","enc-attention-context","enc-attention-dense","enc-post-attention-dropout","enc-2nd-layernorm","enc-MLP-GEMM-1","enc-MLP-gelu","enc-MLP-GEMM-2","enc-post-MLP-dropout","enc-1st-layernorm","enc-attention-qkv","enc-attention-score","enc-attention-softmax","enc-attention-dropout","enc-attention-context","enc-attention-dense","enc-post-attention-dropout","enc-2nd-layernorm","enc-MLP-GEMM-1","enc-MLP-gelu","enc-MLP-GEMM-2","enc-post-MLP-dropout","enc-1st-layernorm","enc-attention-qkv","enc-attention-score","enc-attention-softmax","enc-attention-dropout","enc-attention-context","enc-attention-dense","enc-post-attention-dropout","enc-2nd-layernorm","enc-MLP-GEMM-1","enc-MLP-gelu","enc-MLP-GEMM-2","enc-post-MLP-dropout","enc-1st-layernorm","enc-attention-qkv","enc-attention-score","enc-attention-softmax","enc-attention-dropout","enc-attention-context","enc-attention-dense","enc-post-attention-dropout","enc-2nd-layernorm","enc-MLP-GEMM-1","enc-MLP-gelu","enc-MLP-GEMM-2","enc-post-MLP-dropout","enc-1st-layernorm","enc-attention-qkv","enc-attention-score","enc-attention-softmax","enc-attention-dropout","enc-attention-context","enc-attention-dense","enc-post-attention-dropout","enc-2nd-layernorm","enc-MLP-GEMM-1","enc-MLP-gelu","enc-MLP-GEMM-2","enc-post-MLP-dropout","enc-1st-layernorm","enc-attention-qkv","enc-attention-score","enc-attention-softmax","enc-attention-dropout","enc-attention-context","enc-attention-dense","enc-post-attention-dropout","enc-2nd-layernorm","enc-MLP-GEMM-1","enc-MLP-gelu","enc-MLP-GEMM-2","enc-post-MLP-dropout","enc-1st-layernorm","enc-attention-qkv","enc-attention-score","enc-attention-softmax","enc-attention-dropout","enc-attention-context","enc-attention-dense","enc-post-attention-dropout","enc-2nd-layernorm","enc-MLP-GEMM-1","enc-MLP-gelu","enc-MLP-GEMM-2","enc-post-MLP-dropout","enc-1st-layernorm","enc-attention-qkv","enc-attention-score","enc-attention-softmax","enc-attention-dropout","enc-attention-context","enc-attention-dense","enc-post-attention-dropout","enc-2nd-layernorm","enc-MLP-GEMM-1","enc-MLP-gelu","enc-MLP-GEMM-2","enc-post-MLP-dropout","enc-1st-layernorm","enc-attention-qkv","enc-attention-score","enc-attention-softmax","enc-attention-dropout","enc-attention-context","enc-attention-dense","enc-post-attention-dropout","enc-2nd-layernorm","enc-MLP-GEMM-1","enc-MLP-gelu","enc-MLP-GEMM-2","enc-post-MLP-dropout","enc-1st-layernorm","enc-attention-qkv","enc-attention-score","enc-attention-softmax","enc-attention-dropout","enc-attention-context","enc-attention-dense","enc-post-attention-dropout","enc-2nd-layernorm","enc-MLP-GEMM-1","enc-MLP-gelu","enc-MLP-GEMM-2","enc-post-MLP-dropout","enc-1st-layernorm","enc-attention-qkv","enc-attention-score","enc-attention-softmax","enc-attention-dropout","enc-attention-context","enc-attention-dense","enc-post-attention-dropout","enc-2nd-layernorm","enc-MLP-GEMM-1","enc-MLP-gelu","enc-MLP-GEMM-2","enc-post-MLP-dropout","enc-1st-layernorm","enc-attention-qkv","enc-attention-score","enc-attention-softmax","enc-attention-dropout","enc-attention-context","enc-attention-dense","enc-post-attention-dropout","enc-2nd-layernorm","enc-MLP-GEMM-1","enc-MLP-gelu","enc-MLP-GEMM-2","enc-post-MLP-dropout","enc-1st-layernorm","enc-attention-qkv","enc-attention-score","enc-attention-softmax","enc-attention-dropout","enc-attention-context","enc-attention-dense","enc-post-attention-dropout","enc-2nd-layernorm","enc-MLP-GEMM-1","enc-MLP-gelu","enc-MLP-GEMM-2","enc-post-MLP-dropout","enc-1st-layernorm","enc-attention-qkv","enc-attention-score","enc-attention-softmax","enc-attention-dropout","enc-attention-context","enc-attention-dense","enc-post-attention-dropout","enc-2nd-layernorm","enc-MLP-GEMM-1","enc-MLP-gelu","enc-MLP-GEMM-2","enc-post-MLP-dropout","enc-1st-layernorm","enc-attention-qkv","enc-attention-score","enc-attention-softmax","enc-attention-dropout","enc-attention-context","enc-attention-dense","enc-post-attention-dropout","enc-2nd-layernorm","enc-MLP-GEMM-1","enc-MLP-gelu","enc-MLP-GEMM-2","enc-post-MLP-dropout","enc-1st-layernorm","enc-attention-qkv","enc-attention-score","enc-attention-softmax","enc-attention-dropout","enc-attention-context","enc-attention-dense","enc-post-attention-dropout","enc-2nd-layernorm","enc-MLP-GEMM-1","enc-MLP-gelu","enc-MLP-GEMM-2","enc-post-MLP-dropout","enc-1st-layernorm","enc-attention-qkv","enc-attention-score","enc-attention-softmax","enc-attention-dropout","enc-attention-context","enc-attention-dense","enc-post-attention-dropout","enc-2nd-layernorm","enc-MLP-GEMM-1","enc-MLP-gelu","enc-MLP-GEMM-2","enc-post-MLP-dropout","enc-1st-layernorm","enc-attention-qkv","enc-attention-score","enc-attention-softmax","enc-attention-dropout","enc-attention-context","enc-attention-dense","enc-post-attention-dropout","enc-2nd-layernorm","enc-MLP-GEMM-1","enc-MLP-gelu","enc-MLP-GEMM-2","enc-post-MLP-dropout","enc-1st-layernorm","enc-attention-qkv","enc-attention-score","enc-attention-softmax","enc-attention-dropout","enc-attention-context","enc-attention-dense","enc-post-attention-dropout","enc-2nd-layernorm","enc-MLP-GEMM-1","enc-MLP-gelu","enc-MLP-GEMM-2","enc-post-MLP-dropout","enc-1st-layernorm","enc-attention-qkv","enc-attention-score","enc-attention-softmax","enc-attention-dropout","enc-attention-context","enc-attention-dense","enc-post-attention-dropout","enc-2nd-layernorm","enc-MLP-GEMM-1","enc-MLP-gelu","enc-MLP-GEMM-2","enc-post-MLP-dropout","enc-1st-layernorm","enc-attention-qkv","enc-attention-score","enc-attention-softmax","enc-attention-dropout","enc-attention-context","enc-attention-dense","enc-post-attention-dropout","enc-2nd-layernorm","enc-MLP-GEMM-1","enc-MLP-gelu","enc-MLP-GEMM-2","enc-post-MLP-dropout","enc-1st-layernorm","enc-attention-qkv","enc-attention-score","enc-attention-softmax","enc-attention-dropout","enc-attention-context","enc-attention-dense","enc-post-attention-dropout","enc-2nd-layernorm","enc-MLP-GEMM-1","enc-MLP-gelu","enc-MLP-GEMM-2","enc-post-MLP-dropout","enc-1st-layernorm","enc-attention-qkv","enc-attention-score","enc-attention-softmax","enc-attention-dropout","enc-attention-context","enc-attention-dense","enc-post-attention-dropout","enc-2nd-layernorm","enc-MLP-GEMM-1","enc-MLP-gelu","enc-MLP-GEMM-2","enc-post-MLP-dropout","enc-1st-layernorm","enc-attention-qkv","enc-attention-score","enc-attention-softmax","enc-attention-dropout","enc-attention-context","enc-attention-dense","enc-post-attention-dropout","enc-2nd-layernorm","enc-MLP-GEMM-1","enc-MLP-gelu","enc-MLP-GEMM-2","enc-post-MLP-dropout","enc-1st-layernorm","enc-attention-qkv","enc-attention-score","enc-attention-softmax","enc-attention-dropout","enc-attention-context","enc-attention-dense","enc-post-attention-dropout","enc-2nd-layernorm","enc-MLP-GEMM-1","enc-MLP-gelu","enc-MLP-GEMM-2","enc-post-MLP-dropout","enc-1st-layernorm","enc-attention-qkv","enc-attention-score","enc-attention-softmax","enc-attention-dropout","enc-attention-context","enc-attention-dense","enc-post-attention-dropout","enc-2nd-layernorm","enc-MLP-GEMM-1","enc-MLP-gelu","enc-MLP-GEMM-2","enc-post-MLP-dropout","enc-1st-layernorm","enc-attention-qkv","enc-attention-score","enc-attention-softmax","enc-attention-dropout","enc-attention-context","enc-attention-dense","enc-post-attention-dropout","enc-2nd-layernorm","enc-MLP-GEMM-1","enc-MLP-gelu","enc-MLP-GEMM-2","enc-post-MLP-dropout","enc-1st-layernorm","enc-attention-qkv","enc-attention-score","enc-attention-softmax","enc-attention-dropout","enc-attention-context","enc-attention-dense","enc-post-attention-dropout","enc-2nd-layernorm","enc-MLP-GEMM-1","enc-MLP-gelu","enc-MLP-GEMM-2","enc-post-MLP-dropout","enc-1st-layernorm","enc-attention-qkv","enc-attention-score","enc-attention-softmax","enc-attention-dropout","enc-attention-context","enc-attention-dense","enc-post-attention-dropout","enc-2nd-layernorm","enc-MLP-GEMM-1","enc-MLP-gelu","enc-MLP-GEMM-2","enc-post-MLP-dropout","enc-1st-layernorm","enc-attention-qkv","enc-attention-score","enc-attention-softmax","enc-attention-dropout","enc-attention-context","enc-attention-dense","enc-post-attention-dropout","enc-2nd-layernorm","enc-MLP-GEMM-1","enc-MLP-gelu","enc-MLP-GEMM-2","enc-post-MLP-dropout","enc-1st-layernorm","enc-attention-qkv","enc-attention-score","enc-attention-softmax","enc-attention-dropout","enc-attention-context","enc-attention-dense","enc-post-attention-dropout","enc-2nd-layernorm","enc-MLP-GEMM-1","enc-MLP-gelu","enc-MLP-GEMM-2","enc-post-MLP-dropout","enc-1st-layernorm","enc-attention-qkv","enc-attention-score","enc-attention-softmax","enc-attention-dropout","enc-attention-context","enc-attention-dense","enc-post-attention-dropout","enc-2nd-layernorm","enc-MLP-GEMM-1","enc-MLP-gelu","enc-MLP-GEMM-2","enc-post-MLP-dropout","enc-1st-layernorm","enc-attention-qkv","enc-attention-score","enc-attention-softmax","enc-attention-dropout","enc-attention-context","enc-attention-dense","enc-post-attention-dropout","enc-2nd-layernorm","enc-MLP-GEMM-1","enc-MLP-gelu","enc-MLP-GEMM-2","enc-post-MLP-dropout","enc-1st-layernorm","enc-attention-qkv","enc-attention-score","enc-attention-softmax","enc-attention-dropout","enc-attention-context","enc-attention-dense","enc-post-attention-dropout","enc-2nd-layernorm","enc-MLP-GEMM-1","enc-MLP-gelu","enc-MLP-GEMM-2","enc-post-MLP-dropout","enc-1st-layernorm","enc-attention-qkv","enc-attention-score","enc-attention-softmax","enc-attention-dropout","enc-attention-context","enc-attention-dense","enc-post-attention-dropout","enc-2nd-layernorm","enc-MLP-GEMM-1","enc-MLP-gelu","enc-MLP-GEMM-2","enc-post-MLP-dropout","enc-1st-layernorm","enc-attention-qkv","enc-attention-score","enc-attention-softmax","enc-attention-dropout","enc-attention-context","enc-attention-dense","enc-post-attention-dropout","enc-2nd-layernorm","enc-MLP-GEMM-1","enc-MLP-gelu","enc-MLP-GEMM-2","enc-post-MLP-dropout","enc-1st-layernorm","enc-attention-qkv","enc-attention-score","enc-attention-softmax","enc-attention-dropout","enc-attention-context","enc-attention-dense","enc-post-attention-dropout","enc-2nd-layernorm","enc-MLP-GEMM-1","enc-MLP-gelu","enc-MLP-GEMM-2","enc-post-MLP-dropout","enc-1st-layernorm","enc-attention-qkv","enc-attention-score","enc-attention-softmax","enc-attention-dropout","enc-attention-context","enc-attention-dense","enc-post-attention-dropout","enc-2nd-layernorm","enc-MLP-GEMM-1","enc-MLP-gelu","enc-MLP-GEMM-2","enc-post-MLP-dropout","enc-1st-layernorm","enc-attention-qkv","enc-attention-score","enc-attention-softmax","enc-attention-dropout","enc-attention-context","enc-attention-dense","enc-post-attention-dropout","enc-2nd-layernorm","enc-MLP-GEMM-1","enc-MLP-gelu","enc-MLP-GEMM-2","enc-post-MLP-dropout","enc-1st-layernorm","enc-attention-qkv","enc-attention-score","enc-attention-softmax","enc-attention-dropout","enc-attention-context","enc-attention-dense","enc-post-attention-dropout","enc-2nd-layernorm","enc-MLP-GEMM-1","enc-MLP-gelu","enc-MLP-GEMM-2","enc-post-MLP-dropout","enc-1st-layernorm","enc-attention-qkv","enc-attention-score","enc-attention-softmax","enc-attention-dropout","enc-attention-context","enc-attention-dense","enc-post-attention-dropout","enc-2nd-layernorm","enc-MLP-GEMM-1","enc-MLP-gelu","enc-MLP-GEMM-2","enc-post-MLP-dropout","enc-1st-layernorm","enc-attention-qkv","enc-attention-score","enc-attention-softmax","enc-attention-dropout","enc-attention-context","enc-attention-dense","enc-post-attention-dropout","enc-2nd-layernorm","enc-MLP-GEMM-1","enc-MLP-gelu","enc-MLP-GEMM-2","enc-post-MLP-dropout","enc-1st-layernorm","enc-attention-qkv","enc-attention-score","enc-attention-softmax","enc-attention-dropout","enc-attention-context","enc-attention-dense","enc-post-attention-dropout","enc-2nd-layernorm","enc-MLP-GEMM-1","enc-MLP-gelu","enc-MLP-GEMM-2","enc-post-MLP-dropout","enc-1st-layernorm","enc-attention-qkv","enc-attention-score","enc-attention-softmax","enc-attention-dropout","enc-attention-context","enc-attention-dense","enc-post-attention-dropout","enc-2nd-layernorm","enc-MLP-GEMM-1","enc-MLP-gelu","enc-MLP-GEMM-2","enc-post-MLP-dropout","enc-1st-layernorm","enc-attention-qkv","enc-attention-score","enc-attention-softmax","enc-attention-dropout","enc-attention-context","enc-attention-dense","enc-post-attention-dropout","enc-2nd-layernorm","enc-MLP-GEMM-1","enc-MLP-gelu","enc-MLP-GEMM-2","enc-post-MLP-dropout","enc-1st-layernorm","enc-attention-qkv","enc-attention-score","enc-attention-softmax","enc-attention-dropout","enc-attention-context","enc-attention-dense","enc-post-attention-dropout","enc-2nd-layernorm","enc-MLP-GEMM-1","enc-MLP-gelu","enc-MLP-GEMM-2","enc-post-MLP-dropout","enc-1st-layernorm","enc-attention-qkv","enc-attention-score","enc-attention-softmax","enc-attention-dropout","enc-attention-context","enc-attention-dense","enc-post-attention-dropout","enc-2nd-layernorm","enc-MLP-GEMM-1","enc-MLP-gelu","enc-MLP-GEMM-2","enc-post-MLP-dropout","enc-1st-layernorm","enc-attention-qkv","enc-attention-score","enc-attention-softmax","enc-attention-dropout","enc-attention-context","enc-attention-dense","enc-post-attention-dropout","enc-2nd-layernorm","enc-MLP-GEMM-1","enc-MLP-gelu","enc-MLP-GEMM-2","enc-post-MLP-dropout","enc-1st-layernorm","enc-attention-qkv","enc-attention-score","enc-attention-softmax","enc-attention-dropout","enc-attention-context","enc-attention-dense","enc-post-attention-dropout","enc-2nd-layernorm","enc-MLP-GEMM-1","enc-MLP-gelu","enc-MLP-GEMM-2","enc-post-MLP-dropout","enc-1st-layernorm","enc-attention-qkv","enc-attention-score","enc-attention-softmax","enc-attention-dropout","enc-attention-context","enc-attention-dense","enc-post-attention-dropout","enc-2nd-layernorm","enc-MLP-GEMM-1","enc-MLP-gelu","enc-MLP-GEMM-2","enc-post-MLP-dropout","enc-1st-layernorm","enc-attention-qkv","enc-attention-score","enc-attention-softmax","enc-attention-dropout","enc-attention-context","enc-attention-dense","enc-post-attention-dropout","enc-2nd-layernorm","enc-MLP-GEMM-1","enc-MLP-gelu","enc-MLP-GEMM-2","enc-post-MLP-dropout","enc-1st-layernorm","enc-attention-qkv","enc-attention-score","enc-attention-softmax","enc-attention-dropout","enc-attention-context","enc-attention-dense","enc-post-attention-dropout","enc-2nd-layernorm","enc-MLP-GEMM-1","enc-MLP-gelu","enc-MLP-GEMM-2","enc-post-MLP-dropout","enc-1st-layernorm","enc-attention-qkv","enc-attention-score","enc-attention-softmax","enc-attention-dropout","enc-attention-context","enc-attention-dense","enc-post-attention-dropout","enc-2nd-layernorm","enc-MLP-GEMM-1","enc-MLP-gelu","enc-MLP-GEMM-2","enc-post-MLP-dropout","enc-1st-layernorm","enc-attention-qkv","enc-attention-score","enc-attention-softmax","enc-attention-dropout","enc-attention-context","enc-attention-dense","enc-post-attention-dropout","enc-2nd-layernorm","enc-MLP-GEMM-1","enc-MLP-gelu","enc-MLP-GEMM-2","enc-post-MLP-dropout","enc-1st-layernorm","enc-attention-qkv","enc-attention-score","enc-attention-softmax","enc-attention-dropout","enc-attention-context","enc-attention-dense","enc-post-attention-dropout","enc-2nd-layernorm","enc-MLP-GEMM-1","enc-MLP-gelu","enc-MLP-GEMM-2","enc-post-MLP-dropout","enc-1st-layernorm","enc-attention-qkv","enc-attention-score","enc-attention-softmax","enc-attention-dropout","enc-attention-context","enc-attention-dense","enc-post-attention-dropout","enc-2nd-layernorm","enc-MLP-GEMM-1","enc-MLP-gelu","enc-MLP-GEMM-2","enc-post-MLP-dropout","enc-1st-layernorm","enc-attention-qkv","enc-attention-score","enc-attention-softmax","enc-attention-dropout","enc-attention-context","enc-attention-dense","enc-post-attention-dropout","enc-2nd-layernorm","enc-MLP-GEMM-1","enc-MLP-gelu","enc-MLP-GEMM-2","enc-post-MLP-dropout","enc-1st-layernorm","enc-attention-qkv","enc-attention-score","enc-attention-softmax","enc-attention-dropout","enc-attention-context","enc-attention-dense","enc-post-attention-dropout","enc-2nd-layernorm","enc-MLP-GEMM-1","enc-MLP-gelu","enc-MLP-GEMM-2","enc-post-MLP-dropout","enc-1st-layernorm","enc-attention-qkv","enc-attention-score","enc-attention-softmax","enc-attention-dropout","enc-attention-context","enc-attention-dense","enc-post-attention-dropout","enc-2nd-layernorm","enc-MLP-GEMM-1","enc-MLP-gelu","enc-MLP-GEMM-2","enc-post-MLP-dropout","enc-1st-layernorm","enc-attention-qkv","enc-attention-score","enc-attention-softmax","enc-attention-dropout","enc-attention-context","enc-attention-dense","enc-post-attention-dropout","enc-2nd-layernorm","enc-MLP-GEMM-1","enc-MLP-gelu","enc-MLP-GEMM-2","enc-post-MLP-dropout","enc-1st-layernorm","enc-attention-qkv","enc-attention-score","enc-attention-softmax","enc-attention-dropout","enc-attention-context","enc-attention-dense","enc-post-attention-dropout","enc-2nd-layernorm","enc-MLP-GEMM-1","enc-MLP-gelu","enc-MLP-GEMM-2","enc-post-MLP-dropout","enc-1st-layernorm","enc-attention-qkv","enc-attention-score","enc-attention-softmax","enc-attention-dropout","enc-attention-context","enc-attention-dense","enc-post-attention-dropout","enc-2nd-layernorm","enc-MLP-GEMM-1","enc-MLP-gelu","enc-MLP-GEMM-2","enc-post-MLP-dropout","enc-1st-layernorm","enc-attention-qkv","enc-attention-score","enc-attention-softmax","enc-attention-dropout","enc-attention-context","enc-attention-dense","enc-post-attention-dropout","enc-2nd-layernorm","enc-MLP-GEMM-1","enc-MLP-gelu","enc-MLP-GEMM-2","enc-post-MLP-dropout","enc-1st-layernorm","enc-attention-qkv","enc-attention-score","enc-attention-softmax","enc-attention-dropout","enc-attention-context","enc-attention-dense","enc-post-attention-dropout","enc-2nd-layernorm","enc-MLP-GEMM-1",
[rank 0 recompute ops] enc-attention-qkv enc-attention-score enc-attention-softmax enc-attention-dropout enc-attention-context enc-attention-dense enc-post-attention-dropout enc-2nd-layernorm enc-MLP-GEMM-1 enc-MLP-gelu enc-MLP-GEMM-2 enc-post-MLP-dropout enc-1st-layernorm enc-attention-qkv enc-attention-score enc-attention-softmax enc-attention-dropout enc-attention-context enc-attention-dense enc-post-attention-dropout enc-2nd-layernorm enc-MLP-GEMM-1 enc-MLP-gelu enc-MLP-GEMM-2 enc-post-MLP-dropout enc-1st-layernorm enc-attention-qkv enc-attention-score enc-attention-softmax enc-attention-dropout enc-attention-context enc-attention-dense enc-post-attention-dropout enc-2nd-layernorm enc-MLP-GEMM-1 enc-MLP-gelu enc-MLP-GEMM-2 enc-post-MLP-dropout enc-1st-layernorm enc-attention-qkv enc-attention-score enc-attention-softmax enc-attention-dropout enc-attention-context enc-attention-dense enc-post-attention-dropout enc-2nd-layernorm enc-MLP-GEMM-1 enc-MLP-gelu enc-MLP-GEMM-2 enc-post-MLP-dropout enc-1st-layernorm enc-attention-qkv enc-attention-score enc-attention-softmax enc-attention-dropout enc-attention-context enc-attention-dense enc-post-attention-dropout enc-2nd-layernorm enc-MLP-GEMM-1 enc-MLP-gelu enc-MLP-GEMM-2 enc-post-MLP-dropout enc-1st-layernorm enc-attention-qkv enc-attention-score enc-attention-softmax enc-attention-dropout enc-attention-context enc-attention-dense enc-post-attention-dropout enc-2nd-layernorm enc-MLP-GEMM-1 enc-MLP-gelu enc-MLP-GEMM-2 enc-post-MLP-dropout enc-1st-layernorm enc-attention-qkv enc-attention-score enc-attention-softmax enc-attention-dropout enc-attention-context enc-attention-dense enc-post-attention-dropout enc-2nd-layernorm enc-MLP-GEMM-1 enc-MLP-gelu enc-MLP-GEMM-2 enc-post-MLP-dropout enc-1st-layernorm enc-attention-qkv enc-attention-score enc-attention-softmax enc-attention-dropout enc-attention-context enc-attention-dense enc-post-attention-dropout enc-2nd-layernorm enc-MLP-GEMM-1 enc-MLP-gelu enc-MLP-GEMM-2 enc-post-MLP-dropout enc-1st-layernorm enc-attention-qkv enc-attention-score enc-attention-softmax enc-attention-dropout enc-attention-context enc-attention-dense enc-post-attention-dropout enc-2nd-layernorm enc-MLP-GEMM-1 enc-MLP-gelu enc-MLP-GEMM-2 enc-post-MLP-dropout enc-1st-layernorm enc-attention-qkv enc-attention-score enc-attention-softmax enc-attention-dropout enc-attention-context enc-attention-dense enc-post-attention-dropout enc-2nd-layernorm enc-MLP-GEMM-1 enc-MLP-gelu enc-MLP-GEMM-2 enc-post-MLP-dropout enc-1st-layernorm enc-attention-qkv enc-attention-score enc-attention-softmax enc-attention-dropout enc-attention-context enc-attention-dense enc-post-attention-dropout enc-2nd-layernorm enc-MLP-GEMM-1 enc-MLP-gelu enc-MLP-GEMM-2 enc-post-MLP-dropout enc-1st-layernorm enc-attention-qkv enc-attention-score enc-attention-softmax enc-attention-dropout enc-attention-context enc-attention-dense enc-post-attention-dropout enc-2nd-layernorm enc-MLP-GEMM-1 enc-MLP-gelu enc-MLP-GEMM-2 enc-post-MLP-dropout enc-1st-layernorm enc-attention-qkv enc-attention-score enc-attention-softmax enc-attention-dropout enc-attention-context enc-attention-dense enc-post-attention-dropout enc-2nd-layernorm enc-MLP-GEMM-1 enc-MLP-gelu enc-MLP-GEMM-2 enc-post-MLP-dropout enc-1st-layernorm enc-attention-qkv enc-attention-score enc-attention-softmax enc-attention-dropout enc-attention-context enc-attention-dense enc-post-attention-dropout enc-2nd-layernorm enc-MLP-GEMM-1 enc-MLP-gelu enc-MLP-GEMM-2 enc-post-MLP-dropout enc-1st-layernorm enc-attention-qkv enc-attention-score enc-attention-softmax enc-attention-dropout enc-attention-context enc-attention-dense enc-post-attention-dropout enc-2nd-layernorm enc-MLP-GEMM-1 enc-MLP-gelu enc-MLP-GEMM-2 enc-post-MLP-dropout enc-1st-layernorm enc-attention-qkv enc-attention-score enc-attention-softmax enc-attention-dropout enc-attention-context enc-attention-dense enc-post-attention-dropout enc-2nd-layernorm enc-MLP-GEMM-1 enc-MLP-gelu enc-MLP-GEMM-2 enc-post-MLP-dropout enc-1st-layernorm enc-attention-qkv enc-attention-score enc-attention-softmax enc-attention-dropout enc-attention-context enc-attention-dense enc-post-attention-dropout enc-2nd-layernorm enc-MLP-GEMM-1 enc-MLP-gelu enc-MLP-GEMM-2 enc-post-MLP-dropout enc-1st-layernorm enc-attention-qkv enc-attention-score enc-attention-softmax enc-attention-dropout enc-attention-context enc-attention-dense enc-post-attention-dropout enc-2nd-layernorm enc-MLP-GEMM-1 enc-MLP-gelu enc-MLP-GEMM-2 enc-post-MLP-dropout enc-1st-layernorm enc-attention-qkv enc-attention-score enc-attention-softmax enc-attention-dropout enc-attention-context enc-attention-dense enc-post-attention-dropout enc-2nd-layernorm enc-MLP-GEMM-1 enc-MLP-gelu enc-MLP-GEMM-2 enc-post-MLP-dropout enc-1st-layernorm enc-attention-qkv enc-attention-score enc-attention-softmax enc-attention-dropout enc-attention-context enc-attention-dense enc-post-attention-dropout enc-2nd-layernorm enc-MLP-GEMM-1 enc-MLP-gelu enc-MLP-GEMM-2 enc-post-MLP-dropout enc-1st-layernorm enc-attention-qkv enc-attention-score enc-attention-softmax enc-attention-dropout enc-attention-context enc-attention-dense enc-post-attention-dropout enc-2nd-layernorm enc-MLP-GEMM-1 enc-MLP-gelu enc-MLP-GEMM-2 enc-post-MLP-dropout enc-1st-layernorm enc-attention-qkv enc-attention-score enc-attention-softmax enc-attention-dropout enc-attention-context enc-attention-dense enc-post-attention-dropout enc-2nd-layernorm enc-MLP-GEMM-1 enc-MLP-gelu enc-MLP-GEMM-2 enc-post-MLP-dropout enc-1st-layernorm enc-attention-qkv enc-attention-score enc-attention-softmax enc-attention-dropout enc-attention-context enc-attention-dense enc-post-attention-dropout enc-2nd-layernorm enc-MLP-GEMM-1 enc-MLP-gelu enc-MLP-GEMM-2 enc-post-MLP-dropout enc-1st-layernorm enc-attention-qkv enc-attention-score enc-attention-softmax enc-attention-dropout enc-attention-context enc-attention-dense enc-post-attention-dropout enc-2nd-layernorm enc-MLP-GEMM-1 enc-MLP-gelu enc-MLP-GEMM-2 enc-post-MLP-dropout enc-1st-layernorm enc-attention-qkv enc-attention-score enc-attention-softmax enc-attention-dropout enc-attention-context enc-attention-dense enc-post-attention-dropout enc-2nd-layernorm enc-MLP-GEMM-1 enc-MLP-gelu enc-MLP-GEMM-2 enc-post-MLP-dropout enc-1st-layernorm enc-attention-qkv enc-attention-score enc-attention-softmax enc-attention-dropout enc-attention-context enc-attention-dense enc-post-attention-dropout enc-2nd-layernorm enc-MLP-GEMM-1 enc-MLP-gelu enc-MLP-GEMM-2 enc-post-MLP-dropout enc-1st-layernorm enc-attention-qkv enc-attention-score enc-attention-softmax enc-attention-dropout enc-attention-context enc-attention-dense enc-post-attention-dropout enc-2nd-layernorm enc-MLP-GEMM-1 enc-MLP-gelu enc-MLP-GEMM-2 enc-post-MLP-dropout enc-1st-layernorm enc-attention-qkv enc-attention-score enc-attention-softmax enc-attention-dropout enc-attention-context enc-attention-dense enc-post-attention-dropout enc-2nd-layernorm enc-MLP-GEMM-1 enc-MLP-gelu enc-MLP-GEMM-2 enc-post-MLP-dropout enc-1st-layernorm enc-attention-qkv enc-attention-score enc-attention-softmax enc-attention-dropout enc-attention-context enc-attention-dense enc-post-attention-dropout enc-2nd-layernorm enc-MLP-GEMM-1 enc-MLP-gelu enc-MLP-GEMM-2 enc-post-MLP-dropout enc-1st-layernorm enc-attention-qkv enc-attention-score enc-attention-softmax enc-attention-dropout enc-attention-context enc-attention-dense enc-post-attention-dropout enc-2nd-layernorm enc-MLP-GEMM-1 enc-MLP-gelu enc-MLP-GEMM-2 enc-post-MLP-dropout enc-1st-layernorm enc-attention-qkv enc-attention-score enc-attention-softmax enc-attention-dropout enc-attention-context enc-attention-dense enc-post-attention-dropout enc-2nd-layernorm enc-MLP-GEMM-1 enc-MLP-gelu enc-MLP-GEMM-2 enc-post-MLP-dropout enc-1st-layernorm enc-attention-qkv enc-attention-score enc-attention-softmax enc-attention-dropout enc-attention-context enc-attention-dense enc-post-attention-dropout enc-2nd-layernorm enc-MLP-GEMM-1 enc-MLP-gelu enc-MLP-GEMM-2 enc-post-MLP-dropout enc-1st-layernorm enc-attention-qkv enc-attention-score enc-attention-softmax enc-attention-dropout enc-attention-context enc-attention-dense enc-post-attention-dropout enc-2nd-layernorm enc-MLP-GEMM-1 enc-MLP-gelu enc-MLP-GEMM-2 enc-post-MLP-dropout enc-1st-layernorm enc-attention-qkv enc-attention-score enc-attention-softmax enc-attention-dropout enc-attention-context enc-attention-dense enc-post-attention-dropout enc-2nd-layernorm enc-MLP-GEMM-1 enc-MLP-gelu enc-MLP-GEMM-2 enc-post-MLP-dropout enc-1st-layernorm enc-attention-qkv enc-attention-score enc-attention-softmax enc-attention-dropout enc-attention-context enc-attention-dense enc-post-attention-dropout enc-2nd-layernorm enc-MLP-GEMM-1 enc-MLP-gelu enc-MLP-GEMM-2 enc-post-MLP-dropout enc-1st-layernorm enc-attention-qkv enc-attention-score enc-attention-softmax enc-attention-dropout enc-attention-context enc-attention-dense enc-post-attention-dropout enc-2nd-layernorm enc-MLP-GEMM-1 enc-MLP-gelu enc-MLP-GEMM-2 enc-post-MLP-dropout enc-1st-layernorm enc-attention-qkv enc-attention-score enc-attention-softmax enc-attention-dropout enc-attention-context enc-attention-dense enc-post-attention-dropout enc-2nd-layernorm enc-MLP-GEMM-1 enc-MLP-gelu enc-MLP-GEMM-2 enc-post-MLP-dropout enc-1st-layernorm enc-attention-qkv enc-attention-score enc-attention-softmax enc-attention-dropout enc-attention-context enc-attention-dense enc-post-attention-dropout enc-2nd-layernorm enc-MLP-GEMM-1 enc-MLP-gelu enc-MLP-GEMM-2 enc-post-MLP-dropout enc-1st-layernorm enc-attention-qkv enc-attention-score enc-attention-softmax enc-attention-dropout enc-attention-context enc-attention-dense enc-post-attention-dropout enc-2nd-layernorm enc-MLP-GEMM-1 enc-MLP-gelu enc-MLP-GEMM-2 enc-post-MLP-dropout enc-1st-layernorm enc-attention-qkv enc-attention-score enc-attention-softmax enc-attention-dropout enc-attention-context enc-attention-dense enc-post-attention-dropout enc-2nd-layernorm enc-MLP-GEMM-1 enc-MLP-gelu enc-MLP-GEMM-2 enc-post-MLP-dropout enc-1st-layernorm enc-attention-qkv enc-attention-score enc-attention-softmax enc-attention-dropout enc-attention-context enc-attention-dense enc-post-attention-dropout enc-2nd-layernorm enc-MLP-GEMM-1 enc-MLP-gelu enc-MLP-GEMM-2 enc-post-MLP-dropout enc-1st-layernorm enc-attention-qkv enc-attention-score enc-attention-softmax enc-attention-dropout enc-attention-context enc-attention-dense enc-post-attention-dropout enc-2nd-layernorm enc-MLP-GEMM-1 enc-MLP-gelu enc-MLP-GEMM-2 enc-post-MLP-dropout enc-1st-layernorm enc-attention-qkv enc-attention-score enc-attention-softmax enc-attention-dropout enc-attention-context enc-attention-dense enc-post-attention-dropout enc-2nd-layernorm enc-MLP-GEMM-1 enc-MLP-gelu enc-MLP-GEMM-2 enc-post-MLP-dropout enc-1st-layernorm enc-attention-qkv enc-attention-score enc-attention-softmax enc-attention-dropout enc-attention-context enc-attention-dense enc-post-attention-dropout enc-2nd-layernorm enc-MLP-GEMM-1 enc-MLP-gelu enc-MLP-GEMM-2 enc-post-MLP-dropout enc-1st-layernorm enc-attention-qkv enc-attention-score enc-attention-softmax enc-attention-dropout enc-attention-context enc-attention-dense enc-post-attention-dropout enc-2nd-layernorm enc-MLP-GEMM-1 enc-MLP-gelu enc-MLP-GEMM-2 enc-post-MLP-dropout enc-1st-layernorm enc-attention-qkv enc-attention-score enc-attention-softmax enc-attention-dropout enc-attention-context enc-attention-dense enc-post-attention-dropout enc-2nd-layernorm enc-MLP-GEMM-1 enc-MLP-gelu enc-MLP-GEMM-2 enc-post-MLP-dropout enc-1st-layernorm enc-attention-qkv enc-attention-score enc-attention-softmax enc-attention-dropout enc-attention-context enc-attention-dense enc-post-attention-dropout enc-2nd-layernorm enc-MLP-GEMM-1 enc-MLP-gelu enc-MLP-GEMM-2 enc-post-MLP-dropout enc-1st-layernorm enc-attention-qkv enc-attention-score enc-attention-softmax enc-attention-dropout enc-attention-context enc-attention-dense enc-post-attention-dropout enc-2nd-layernorm enc-MLP-GEMM-1 enc-MLP-gelu enc-MLP-GEMM-2 enc-post-MLP-dropout enc-1st-layernorm enc-attention-qkv enc-attention-score enc-attention-softmax enc-attention-dropout enc-attention-context enc-attention-dense enc-post-attention-dropout enc-2nd-layernorm enc-MLP-GEMM-1 enc-MLP-gelu enc-MLP-GEMM-2 enc-post-MLP-dropout enc-1st-layernorm enc-attention-qkv enc-attention-score enc-attention-softmax enc-attention-dropout enc-attention-context enc-attention-dense enc-post-attention-dropout enc-2nd-layernorm enc-MLP-GEMM-1 enc-MLP-gelu enc-MLP-GEMM-2 enc-post-MLP-dropout enc-1st-layernorm enc-attention-qkv enc-attention-score enc-attention-softmax enc-attention-dropout enc-attention-context enc-attention-dense enc-post-attention-dropout enc-2nd-layernorm enc-MLP-GEMM-1 enc-MLP-gelu enc-MLP-GEMM-2 enc-post-MLP-dropout enc-1st-layernorm enc-attention-qkv enc-attention-score enc-attention-softmax enc-attention-dropout enc-attention-context enc-attention-dense enc-post-attention-dropout enc-2nd-layernorm enc-MLP-GEMM-1 enc-MLP-gelu enc-MLP-GEMM-2 enc-post-MLP-dropout enc-1st-layernorm enc-attention-qkv enc-attention-score enc-attention-softmax enc-attention-dropout enc-attention-context enc-attention-dense enc-post-attention-dropout enc-2nd-layernorm enc-MLP-GEMM-1 enc-MLP-gelu enc-MLP-GEMM-2 enc-post-MLP-dropout enc-1st-layernorm enc-attention-qkv enc-attention-score enc-attention-softmax enc-attention-dropout enc-attention-context enc-attention-dense enc-post-attention-dropout enc-2nd-layernorm enc-MLP-GEMM-1 enc-MLP-gelu enc-MLP-GEMM-2 enc-post-MLP-dropout enc-1st-layernorm enc-attention-qkv enc-attention-score enc-attention-softmax enc-attention-dropout enc-attention-context enc-attention-dense enc-post-attention-dropout enc-2nd-layernorm enc-MLP-GEMM-1 enc-MLP-gelu enc-MLP-GEMM-2 enc-post-MLP-dropout enc-1st-layernorm enc-attention-qkv enc-attention-score enc-attention-softmax enc-attention-dropout enc-attention-context enc-attention-dense enc-post-attention-dropout enc-2nd-layernorm enc-MLP-GEMM-1 enc-MLP-gelu enc-MLP-GEMM-2 enc-post-MLP-dropout enc-1st-layernorm enc-attention-qkv enc-attention-score enc-attention-softmax enc-attention-dropout enc-attention-context enc-attention-dense enc-post-attention-dropout enc-2nd-layernorm enc-MLP-GEMM-1 enc-MLP-gelu enc-MLP-GEMM-2 enc-post-MLP-dropout enc-1st-layernorm enc-attention-qkv enc-attention-score enc-attention-softmax enc-attention-dropout enc-attention-context enc-attention-dense enc-post-attention-dropout enc-2nd-layernorm enc-MLP-GEMM-1 enc-MLP-gelu enc-MLP-GEMM-2 enc-post-MLP-dropout enc-1st-layernorm enc-attention-qkv enc-attention-score enc-attention-softmax enc-attention-dropout enc-attention-context enc-attention-dense enc-post-attention-dropout enc-2nd-layernorm enc-MLP-GEMM-1 enc-MLP-gelu enc-MLP-GEMM-2 enc-post-MLP-dropout enc-1st-layernorm enc-attention-qkv enc-attention-score enc-attention-softmax enc-attention-dropout enc-attention-context enc-attention-dense enc-post-attention-dropout enc-2nd-layernorm enc-MLP-GEMM-1 enc-MLP-gelu enc-MLP-GEMM-2 enc-post-MLP-dropout enc-1st-layernorm enc-attention-qkv enc-attention-score enc-attention-softmax enc-attention-dropout enc-attention-context enc-attention-dense enc-post-attention-dropout enc-2nd-layernorm enc-MLP-GEMM-1 enc-MLP-gelu enc-MLP-GEMM-2 enc-post-MLP-dropout enc-1st-layernorm enc-attention-qkv enc-attention-score enc-attention-softmax enc-attention-dropout enc-attention-context enc-attention-dense enc-post-attention-dropout enc-2nd-layernorm enc-MLP-GEMM-1 enc-MLP-gelu enc-MLP-GEMM-2 enc-post-MLP-dropout enc-1st-layernorm enc-attention-qkv enc-attention-score enc-attention-softmax enc-attention-dropout enc-attention-context enc-attention-dense enc-post-attention-dropout enc-2nd-layernorm enc-MLP-GEMM-1 enc-MLP-gelu enc-MLP-GEMM-2 enc-post-MLP-dropout enc-1st-layernorm enc-attention-qkv enc-attention-score enc-attention-softmax enc-attention-dropout enc-attention-context enc-attention-dense enc-post-attention-dropout enc-2nd-layernorm enc-MLP-GEMM-1 enc-MLP-gelu enc-MLP-GEMM-2 enc-post-MLP-dropout enc-1st-layernorm enc-attention-qkv enc-attention-score enc-attention-softmax enc-attention-dropout enc-attention-context enc-attention-dense enc-post-attention-dropout enc-2nd-layernorm enc-MLP-GEMM-1 enc-MLP-gelu enc-MLP-GEMM-2 enc-post-MLP-dropout enc-1st-layernorm enc-attention-qkv enc-attention-score enc-attention-softmax enc-attention-dropout enc-attention-context enc-attention-dense enc-post-attention-dropout enc-2nd-layernorm enc-MLP-GEMM-1 enc-MLP-gelu enc-MLP-GEMM-2 enc-post-MLP-dropout enc-1st-layernorm enc-attention-qkv enc-attention-score enc-attention-softmax enc-attention-dropout enc-attention-context enc-attention-dense enc-post-attention-dropout enc-2nd-layernorm enc-MLP-GEMM-1 enc-MLP-gelu enc-MLP-GEMM-2 enc-post-MLP-dropout enc-1st-layernorm enc-attention-qkv enc-attention-score enc-attention-softmax enc-attention-dropout enc-attention-context enc-attention-dense enc-post-attention-dropout enc-2nd-layernorm enc-MLP-GEMM-1 enc-MLP-gelu enc-MLP-GEMM-2 enc-post-MLP-dropout enc-1st-layernorm enc-attention-qkv enc-attention-score enc-attention-softmax enc-attention-dropout enc-attention-context enc-attention-dense enc-post-attention-dropout enc-2nd-layernorm enc-MLP-GEMM-1 enc-MLP-gelu enc-MLP-GEMM-2 enc-post-MLP-dropout enc-1st-layernorm enc-attention-qkv enc-attention-score enc-attention-softmax enc-attention-dropout enc-attention-context enc-attention-dense enc-post-attention-dropout enc-2nd-layernorm enc-MLP-GEMM-1 enc-MLP-gelu enc-MLP-GEMM-2 enc-post-MLP-dropout enc-1st-layernorm enc-attention-qkv enc-attention-score enc-attention-softmax enc-attention-dropout enc-attention-context enc-attention-dense enc-post-attention-dropout enc-2nd-layernorm enc-MLP-GEMM-1 enc-MLP-gelu enc-MLP-GEMM-2 enc-post-MLP-dropout enc-1st-layernorm enc-attention-qkv enc-attention-score enc-attention-softmax enc-attention-dropout enc-attention-context enc-attention-dense enc-post-attention-dropout enc-2nd-layernorm enc-MLP-GEMM-1 enc-MLP-gelu enc-MLP-GEMM-2 enc-post-MLP-dropout enc-1st-layernorm enc-attention-qkv enc-attention-score enc-attention-softmax enc-attention-dropout enc-attention-context enc-attention-dense enc-post-attention-dropout enc-2nd-layernorm enc-MLP-GEMM-1 enc-MLP-gelu enc-MLP-GEMM-2 enc-post-MLP-dropout enc-1st-layernorm enc-attention-qkv enc-attention-score enc-attention-softmax enc-attention-dropout enc-attention-context enc-attention-dense enc-post-attention-dropout enc-2nd-layernorm enc-MLP-GEMM-1 enc-MLP-gelu enc-MLP-GEMM-2 enc-post-MLP-dropout enc-1st-layernorm enc-attention-qkv enc-attention-score enc-attention-softmax enc-attention-dropout enc-attention-context enc-attention-dense enc-post-attention-dropout enc-2nd-layernorm enc-MLP-GEMM-1 enc-MLP-gelu enc-MLP-GEMM-2 enc-post-MLP-dropout enc-1st-layernorm enc-attention-qkv enc-attention-score enc-attention-softmax enc-attention-dropout enc-attention-context enc-attention-dense enc-post-attention-dropout enc-2nd-layernorm enc-MLP-GEMM-1 enc-MLP-gelu enc-MLP-GEMM-2 enc-post-MLP-dropout enc-1st-layernorm enc-attention-qkv enc-attention-score enc-attention-softmax enc-attention-dropout enc-attention-context enc-attention-dense enc-post-attention-dropout enc-2nd-layernorm enc-MLP-GEMM-1 enc-MLP-gelu enc-MLP-GEMM-2 enc-post-MLP-dropout enc-1st-layernorm enc-attention-qkv enc-attention-score enc-attention-softmax enc-attention-dropout enc-attention-context enc-attention-dense enc-post-attention-dropout enc-2nd-layernorm enc-MLP-GEMM-1 enc-MLP-gelu enc-MLP-GEMM-2 enc-post-MLP-dropout enc-1st-layernorm enc-attention-qkv enc-attention-score enc-attention-softmax enc-attention-dropout enc-attention-context enc-attention-dense enc-post-attention-dropout enc-2nd-layernorm enc-MLP-GEMM-1 enc-MLP-gelu enc-MLP-GEMM-2 enc-post-MLP-dropout enc-1st-layernorm enc-attention-qkv enc-attention-score enc-attention-softmax enc-attention-dropout enc-attention-context enc-attention-dense enc-post-attention-dropout enc-2nd-layernorm enc-MLP-GEMM-1 enc-MLP-gelu enc-MLP-GEMM-2 enc-post-MLP-dropout enc-1st-layernorm enc-attention-qkv enc-attention-score enc-attention-softmax enc-attention-dropout enc-attention-context enc-attention-dense enc-post-attention-dropout enc-2nd-layernorm enc-MLP-GEMM-1 enc-MLP-gelu enc-MLP-GEMM-2 enc-post-MLP-dropout enc-1st-layernorm enc-attention-qkv enc-attention-score enc-attention-softmax enc-attention-dropout enc-attention-context enc-attention-dense enc-post-attention-dropout enc-2nd-layernorm enc-MLP-GEMM-1 enc-MLP-gelu enc-MLP-GEMM-2 enc-post-MLP-dropout enc-1st-layernorm enc-attention-qkv enc-attention-score enc-attention-softmax enc-attention-dropout enc-attention-context enc-attention-dense enc-post-attention-dropout enc-2nd-layernorm enc-MLP-GEMM-1 enc-MLP-gelu enc-MLP-GEMM-2 enc-post-MLP-dropout enc-1st-layernorm enc-attention-qkv enc-attention-score enc-attention-softmax enc-attention-dropout enc-attention-context enc-attention-dense enc-post-attention-dropout enc-2nd-layernorm enc-MLP-GEMM-1 enc-MLP-gelu enc-MLP-GEMM-2 enc-post-MLP-dropout enc-1st-layernorm enc-attention-qkv enc-attention-score enc-attention-softmax enc-attention-dropout enc-attention-context enc-attention-dense enc-post-attention-dropout enc-2nd-layernorm enc-MLP-GEMM-1 enc-MLP-gelu enc-MLP-GEMM-2 enc-post-MLP-dropout enc-1st-layernorm enc-attention-qkv enc-attention-score enc-attention-softmax enc-attention-dropout enc-attention-context enc-attention-dense enc-post-attention-dropout enc-2nd-layernorm enc-MLP-GEMM-1 enc-MLP-gelu enc-MLP-GEMM-2 enc-post-MLP-dropout enc-1st-layernorm enc-attention-qkv enc-attention-score enc-attention-softmax enc-attention-dropout enc-attention-context enc-attention-dense enc-post-attention-dropout enc-2nd-layernorm enc-MLP-GEMM-1 enc-MLP-gelu enc-MLP-GEMM-2 enc-post-MLP-dropout enc-1st-layernorm enc-attention-qkv enc-attention-score enc-attention-softmax enc-attention-dropout enc-attention-context enc-attention-dense enc-post-attention-dropout enc-2nd-layernorm enc-MLP-GEMM-1 enc-MLP-gelu enc-MLP-GEMM-2 enc-post-MLP-dropout enc-1st-layernorm enc-attention-qkv enc-attention-score enc-attention-softmax enc-attention-dropout enc-attention-context enc-attention-dense enc-post-attention-dropout enc-2nd-layernorm enc-MLP-GEMM-1 enc-MLP-gelu enc-MLP-GEMM-2 enc-post-MLP-dropout enc-1st-layernorm enc-attention-qkv enc-attention-score enc-attention-softmax enc-attention-dropout enc-attention-context enc-attention-dense enc-post-attention-dropout enc-2nd-layernorm enc-MLP-GEMM-1 enc-MLP-gelu enc-MLP-GEMM-2 enc-post-MLP-dropout enc-1st-layernorm enc-attention-qkv enc-attention-score enc-attention-softmax enc-attention-dropout enc-attention-context enc-attention-dense enc-post-attention-dropout enc-2nd-layernorm enc-MLP-GEMM-1 enc-MLP-gelu enc-MLP-GEMM-2 enc-post-MLP-dropout enc-1st-layernorm enc-attention-qkv enc-attention-score enc-attention-softmax enc-attention-dropout enc-attention-context enc-attention-dense enc-post-attention-dropout enc-2nd-layernorm enc-MLP-GEMM-1 enc-MLP-gelu enc-MLP-GEMM-2 enc-post-MLP-dropout enc-1st-layernorm enc-attention-qkv enc-attention-score enc-attention-softmax enc-attention-dropout enc-attention-context enc-attention-dense enc-post-attention-dropout enc-2nd-layernorm enc-MLP-GEMM-1 enc-MLP-gelu enc-MLP-GEMM-2 enc-post-MLP-dropout enc-1st-layernorm enc-attention-qkv enc-attention-score enc-attention-softmax enc-attention-dropout enc-attention-context enc-attention-dense enc-post-attention-dropout enc-2nd-layernorm enc-MLP-GEMM-1 enc-MLP-gelu enc-MLP-GEMM-2 enc-post-MLP-dropout enc-1st-layernorm enc-attention-qkv enc-attention-score enc-attention-softmax enc-attention-dropout enc-attention-context enc-attention-dense enc-post-attention-dropout enc-2nd-layernorm enc-MLP-GEMM-1 enc-MLP-gelu enc-MLP-GEMM-2 enc-post-MLP-dropout enc-1st-layernorm enc-attention-qkv enc-attention-score enc-attention-softmax enc-attention-dropout enc-attention-context enc-attention-dense enc-post-attention-dropout enc-2nd-layernorm enc-MLP-GEMM-1 enc-MLP-gelu enc-MLP-GEMM-2 enc-post-MLP-dropout enc-1st-layernorm enc-attention-qkv enc-attention-score enc-attention-softmax enc-attention-dropout enc-attention-context enc-attention-dense enc-post-attention-dropout enc-2nd-layernorm enc-MLP-GEMM-1 enc-MLP-gelu enc-MLP-GEMM-2 enc-post-MLP-dropout enc-1st-layernorm enc-attention-qkv enc-attention-score enc-attention-softmax enc-attention-dropout enc-attention-context enc-attention-dense enc-post-attention-dropout enc-2nd-layernorm enc-MLP-GEMM-1 enc-MLP-gelu enc-MLP-GEMM-2 enc-post-MLP-dropout enc-1st-layernorm enc-attention-qkv enc-attention-score enc-attention-softmax enc-attention-dropout enc-attention-context enc-attention-dense enc-post-attention-dropout enc-2nd-layernorm enc-MLP-GEMM-1 enc-MLP-gelu enc-MLP-GEMM-2 enc-post-MLP-dropout enc-1st-layernorm enc-attention-qkv enc-attention-score enc-attention-softmax enc-attention-dropout enc-attention-context enc-attention-dense enc-post-attention-dropout enc-2nd-layernorm enc-MLP-GEMM-1 enc-MLP-gelu enc-MLP-GEMM-2 enc-post-MLP-dropout enc-1st-layernorm enc-attention-qkv enc-attention-score enc-attention-softmax enc-attention-dropout enc-attention-context enc-attention-dense enc-post-attention-dropout enc-2nd-layernorm enc-MLP-GEMM-1 enc-MLP-gelu enc-MLP-GEMM-2 enc-post-MLP-dropout enc-1st-layernorm enc-attention-qkv enc-attention-score enc-attention-softmax enc-attention-dropout enc-attention-context enc-attention-dense enc-post-attention-dropout enc-2nd-layernorm enc-MLP-GEMM-1 enc-MLP-gelu enc-MLP-GEMM-2 enc-post-MLP-dropout enc-1st-layernorm enc-attention-qkv enc-attention-score enc-attention-softmax enc-attention-dropout enc-attention-context enc-attention-dense enc-post-attention-dropout enc-2nd-layernorm enc-MLP-GEMM-1 enc-MLP-gelu enc-MLP-GEMM-2 enc-post-MLP-dropout enc-1st-layernorm enc-attention-qkv enc-attention-score enc-attention-softmax enc-attention-dropout enc-attention-context enc-attention-dense enc-post-attention-dropout enc-2nd-layernorm enc-MLP-GEMM-1 enc-MLP-gelu enc-MLP-GEMM-2 enc-post-MLP-dropout enc-1st-layernorm enc-attention-qkv enc-attention-score enc-attention-softmax enc-attention-dropout enc-attention-context enc-attention-dense enc-post-attention-dropout enc-2nd-layernorm enc-MLP-GEMM-1 enc-MLP-gelu enc-MLP-GEMM-2 enc-post-MLP-dropout enc-1st-layernorm enc-attention-qkv enc-attention-score enc-attention-softmax enc-attention-dropout enc-attention-context enc-attention-dense enc-post-attention-dropout enc-2nd-layernorm enc-MLP-GEMM-1 enc-MLP-gelu enc-MLP-GEMM-2 enc-post-MLP-dropout enc-1st-layernorm enc-attention-qkv enc-attention-score enc-attention-softmax enc-attention-dropout enc-attention-context enc-attention-dense enc-post-attention-dropout enc-2nd-layernorm enc-MLP-GEMM-1 enc-MLP-gelu enc-MLP-GEMM-2 enc-post-MLP-dropout enc-1st-layernorm enc-attention-qkv enc-attention-score enc-attention-softmax enc-attention-dropout enc-attention-context enc-attention-dense enc-post-attention-dropout enc-2nd-layernorm enc-MLP-GEMM-1 enc-MLP-gelu enc-MLP-GEMM-2 enc-post-MLP-dropout enc-1st-layernorm enc-attention-qkv enc-attention-score enc-attention-softmax enc-attention-dropout enc-attention-context enc-attention-dense enc-post-attention-dropout enc-2nd-layernorm enc-MLP-GEMM-1 enc-MLP-gelu enc-MLP-GEMM-2 enc-post-MLP-dropout enc-1st-layernorm enc-attention-qkv enc-attention-score enc-attention-softmax enc-attention-dropout enc-attention-context enc-attention-dense enc-post-attention-dropout enc-2nd-layernorm enc-MLP-GEMM-1 enc-MLP-gelu enc-MLP-GEMM-2 enc-post-MLP-dropout enc-1st-layernorm enc-attention-qkv enc-attention-score enc-attention-softmax enc-attention-dropout enc-attention-context enc-attention-dense enc-post-attention-dropout enc-2nd-layernorm enc-MLP-GEMM-1 enc-MLP-gelu enc-MLP-GEMM-2 enc-post-MLP-dropout enc-1st-layernorm enc-attention-qkv enc-attention-score enc-attention-softmax enc-attention-dropout enc-attention-context enc-attention-dense enc-post-attention-dropout enc-2nd-layernorm enc-MLP-GEMM-1 enc-MLP-gelu enc-MLP-GEMM-2 enc-post-MLP-dropout enc-1st-layernorm enc-attention-qkv enc-attention-score enc-attention-softmax enc-attention-dropout enc-attention-context enc-attention-dense enc-post-attention-dropout enc-2nd-layernorm enc-MLP-GEMM-1 enc-MLP-gelu enc-MLP-GEMM-2 enc-post-MLP-dropout enc-1st-layernorm enc-attention-qkv enc-attention-score enc-attention-softmax enc-attention-dropout enc-attention-context enc-attention-dense enc-post-attention-dropout enc-2nd-layernorm enc-MLP-GEMM-1 enc-MLP-gelu enc-MLP-GEMM-2 enc-post-MLP-dropout enc-1st-layernorm enc-attention-qkv enc-attention-score enc-attention-softmax enc-attention-dropout enc-attention-context enc-attention-dense enc-post-attention-dropout enc-2nd-layernorm enc-MLP-GEMM-1 enc-MLP-gelu enc-MLP-GEMM-2 enc-post-MLP-dropout enc-1st-layernorm enc-attention-qkv enc-attention-score enc-attention-softmax enc-attention-dropout enc-attention-context enc-attention-dense enc-post-attention-dropout enc-2nd-layernorm enc-MLP-GEMM-1 enc-MLP-gelu enc-MLP-GEMM-2 enc-post-MLP-dropout enc-1st-layernorm enc-attention-qkv enc-attention-score enc-attention-softmax enc-attention-dropout enc-attention-context enc-attention-dense enc-post-attention-dropout enc-2nd-layernorm enc-MLP-GEMM-1 enc-MLP-gelu enc-MLP-GEMM-2 enc-post-MLP-dropout enc-1st-layernorm enc-attention-qkv enc-attention-score enc-attention-softmax enc-attention-dropout enc-attention-context enc-attention-dense enc-post-attention-dropout enc-2nd-layernorm enc-MLP-GEMM-1 enc-MLP-gelu enc-MLP-GEMM-2 enc-post-MLP-dropout enc-1st-layernorm enc-attention-qkv enc-attention-score enc-attention-softmax enc-attention-dropout enc-attention-context enc-attention-dense enc-post-attention-dropout enc-2nd-layernorm enc-MLP-GEMM-1 enc-MLP-gelu enc-MLP-GEMM-2 enc-post-MLP-dropout enc-1st-layernorm enc-attention-qkv enc-attention-score enc-attention-softmax enc-attention-dropout enc-attention-context enc-attention-dense enc-post-attention-dropout enc-2nd-layernorm enc-MLP-GEMM-1 enc-MLP-gelu enc-MLP-GEMM-2 enc-post-MLP-dropout enc-1st-layernorm enc-attention-qkv enc-attention-score enc-attention-softmax enc-attention-dropout enc-attention-context enc-attention-dense enc-post-attention-dropout enc-2nd-layernorm enc-MLP-GEMM-1 enc-MLP-gelu enc-MLP-GEMM-2 enc-post-MLP-dropout enc-1st-layernorm enc-attention-qkv enc-attention-score enc-attention-softmax enc-attention-dropout enc-attention-context enc-attention-dense enc-post-attention-dropout enc-2nd-layernorm enc-MLP-GEMM-1 enc-MLP-gelu enc-MLP-GEMM-2 enc-post-MLP-dropout enc-1st-layernorm enc-attention-qkv enc-attention-score enc-attention-softmax enc-attention-dropout enc-attention-context enc-attention-dense enc-post-attention-dropout enc-2nd-layernorm enc-MLP-GEMM-1 enc-MLP-gelu enc-MLP-GEMM-2 enc-post-MLP-dropout enc-1st-layernorm enc-attention-qkv enc-attention-score enc-attention-softmax enc-attention-dropout enc-attention-context enc-attention-dense enc-post-attention-dropout enc-2nd-layernorm enc-MLP-GEMM-1 enc-MLP-gelu enc-MLP-GEMM-2 enc-post-MLP-dropout enc-1st-layernorm enc-attention-qkv enc-attention-score enc-attention-softmax enc-attention-dropout enc-attention-context enc-attention-dense enc-post-attention-dropout enc-2nd-layernorm enc-MLP-GEMM-1 enc-MLP-gelu enc-MLP-GEMM-2 enc-post-MLP-dropout enc-1st-layernorm enc-attention-qkv enc-attention-score enc-attention-softmax enc-attention-dropout enc-attention-context enc-attention-dense enc-post-attention-dropout enc-2nd-layernorm enc-MLP-GEMM-1 enc-MLP-gelu enc-MLP-GEMM-2 enc-post-MLP-dropout enc-1st-layernorm enc-attention-qkv enc-attention-score enc-attention-softmax enc-attention-dropout enc-attention-context enc-attention-dense enc-post-attention-dropout enc-2nd-layernorm enc-MLP-GEMM-1 enc-MLP-gelu enc-MLP-GEMM-2 enc-post-MLP-dropout enc-1st-layernorm enc-attention-qkv enc-attention-score enc-attention-softmax enc-attention-dropout enc-attention-context enc-attention-dense enc-post-attention-dropout enc-2nd-layernorm enc-MLP-GEMM-1 
 > number of parameters on (tensor, pipeline) model parallel rank (0, 6): 403505152
 > number of parameters on (tensor, pipeline) model parallel rank (0, 3): 403505152
 > number of parameters on (tensor, pipeline) model parallel rank (0, 2): 403505152
[rank 5 all ops] "enc-MLP-GEMM-1","enc-MLP-gelu","enc-MLP-GEMM-2","enc-post-MLP-dropout","enc-1st-layernorm","enc-attention-qkv","enc-attention-score","enc-attention-softmax","enc-attention-dropout","enc-attention-context","enc-attention-dense","enc-post-attention-dropout","enc-2nd-layernorm","enc-MLP-GEMM-1","enc-MLP-gelu","enc-MLP-GEMM-2","enc-post-MLP-dropout","enc-1st-layernorm","enc-attention-qkv","enc-attention-score","enc-attention-softmax","enc-attention-dropout","enc-attention-context","enc-attention-dense","enc-post-attention-dropout","enc-2nd-layernorm","enc-MLP-GEMM-1","enc-MLP-gelu","enc-MLP-GEMM-2","enc-post-MLP-dropout","enc-1st-layernorm","enc-attention-qkv","enc-attention-score","enc-attention-softmax","enc-attention-dropout","enc-attention-context","enc-attention-dense","enc-post-attention-dropout","enc-2nd-layernorm","enc-MLP-GEMM-1","enc-MLP-gelu","enc-MLP-GEMM-2","enc-post-MLP-dropout","enc-1st-layernorm","enc-attention-qkv","enc-attention-score","enc-attention-softmax","enc-attention-dropout","enc-attention-context","enc-attention-dense","enc-post-attention-dropout","enc-2nd-layernorm","enc-MLP-GEMM-1","enc-MLP-gelu","enc-MLP-GEMM-2","enc-post-MLP-dropout","enc-1st-layernorm","enc-attention-qkv","enc-attention-score","enc-attention-softmax","enc-attention-dropout","enc-attention-context","enc-attention-dense","enc-post-attention-dropout","enc-2nd-layernorm","enc-MLP-GEMM-1","enc-MLP-gelu","enc-MLP-GEMM-2","enc-post-MLP-dropout","enc-1st-layernorm","enc-attention-qkv","enc-attention-score","enc-attention-softmax","enc-attention-dropout","enc-attention-context","enc-attention-dense","enc-post-attention-dropout","enc-2nd-layernorm","enc-MLP-GEMM-1","enc-MLP-gelu","enc-MLP-GEMM-2","enc-post-MLP-dropout","enc-1st-layernorm","enc-attention-qkv","enc-attention-score","enc-attention-softmax","enc-attention-dropout","enc-attention-context","enc-attention-dense","enc-post-attention-dropout","enc-2nd-layernorm","enc-MLP-GEMM-1","enc-MLP-gelu","enc-MLP-GEMM-2","enc-post-MLP-dropout","enc-1st-layernorm","enc-attention-qkv","enc-attention-score","enc-attention-softmax","enc-attention-dropout","enc-attention-context","enc-attention-dense","enc-post-attention-dropout","enc-2nd-layernorm","enc-MLP-GEMM-1","enc-MLP-gelu","enc-MLP-GEMM-2","enc-post-MLP-dropout","enc-1st-layernorm","enc-attention-qkv","enc-attention-score","enc-attention-softmax","enc-attention-dropout","enc-attention-context","enc-attention-dense","enc-post-attention-dropout","enc-2nd-layernorm","enc-MLP-GEMM-1","enc-MLP-gelu","enc-MLP-GEMM-2","enc-post-MLP-dropout","enc-1st-layernorm","enc-attention-qkv","enc-attention-score","enc-attention-softmax","enc-attention-dropout","enc-attention-context","enc-attention-dense","enc-post-attention-dropout","enc-2nd-layernorm","enc-MLP-GEMM-1","enc-MLP-gelu","enc-MLP-GEMM-2","enc-post-MLP-dropout","enc-1st-layernorm","enc-attention-qkv","enc-attention-score","enc-attention-softmax","enc-attention-dropout","enc-attention-context","enc-attention-dense","enc-post-attention-dropout","enc-2nd-layernorm","enc-MLP-GEMM-1","enc-MLP-gelu","enc-MLP-GEMM-2","enc-post-MLP-dropout","enc-1st-layernorm","enc-attention-qkv","enc-attention-score","enc-attention-softmax","enc-attention-dropout","enc-attention-context","enc-attention-dense","enc-post-attention-dropout","enc-2nd-layernorm","enc-MLP-GEMM-1","enc-MLP-gelu","enc-MLP-GEMM-2","enc-post-MLP-dropout","enc-1st-layernorm","enc-attention-qkv","enc-attention-score","enc-attention-softmax","enc-attention-dropout","enc-attention-context","enc-attention-dense","enc-post-attention-dropout","enc-2nd-layernorm","enc-MLP-GEMM-1","enc-MLP-gelu","enc-MLP-GEMM-2","enc-post-MLP-dropout","enc-1st-layernorm","enc-attention-qkv","enc-attention-score","enc-attention-softmax","enc-attention-dropout","enc-attention-context","enc-attention-dense","enc-post-attention-dropout","enc-2nd-layernorm","enc-MLP-GEMM-1","enc-MLP-gelu","enc-MLP-GEMM-2","enc-post-MLP-dropout","enc-1st-layernorm","enc-attention-qkv","enc-attention-score","enc-attention-softmax","enc-attention-dropout","enc-attention-context","enc-attention-dense","enc-post-attention-dropout","enc-2nd-layernorm","enc-MLP-GEMM-1","enc-MLP-gelu","enc-MLP-GEMM-2","enc-post-MLP-dropout","enc-1st-layernorm","enc-attention-qkv","enc-attention-score","enc-attention-softmax","enc-attention-dropout","enc-attention-context","enc-attention-dense","enc-post-attention-dropout","enc-2nd-layernorm","enc-MLP-GEMM-1","enc-MLP-gelu","enc-MLP-GEMM-2","enc-post-MLP-dropout","enc-1st-layernorm","enc-attention-qkv","enc-attention-score","enc-attention-softmax","enc-attention-dropout","enc-attention-context","enc-attention-dense","enc-post-attention-dropout","enc-2nd-layernorm","enc-MLP-GEMM-1","enc-MLP-gelu","enc-MLP-GEMM-2","enc-post-MLP-dropout","enc-1st-layernorm","enc-attention-qkv","enc-attention-score","enc-attention-softmax","enc-attention-dropout","enc-attention-context","enc-attention-dense","enc-post-attention-dropout","enc-2nd-layernorm","enc-MLP-GEMM-1","enc-MLP-gelu","enc-MLP-GEMM-2","enc-post-MLP-dropout","enc-1st-layernorm","enc-attention-qkv","enc-attention-score","enc-attention-softmax","enc-attention-dropout","enc-attention-context","enc-attention-dense","enc-post-attention-dropout","enc-2nd-layernorm","enc-MLP-GEMM-1","enc-MLP-gelu","enc-MLP-GEMM-2","enc-post-MLP-dropout","enc-1st-layernorm","enc-attention-qkv","enc-attention-score","enc-attention-softmax","enc-attention-dropout","enc-attention-context","enc-attention-dense","enc-post-attention-dropout","enc-2nd-layernorm","enc-MLP-GEMM-1","enc-MLP-gelu","enc-MLP-GEMM-2","enc-post-MLP-dropout","enc-1st-layernorm","enc-attention-qkv","enc-attention-score","enc-attention-softmax","enc-attention-dropout","enc-attention-context","enc-attention-dense","enc-post-attention-dropout","enc-2nd-layernorm","enc-MLP-GEMM-1","enc-MLP-gelu","enc-MLP-GEMM-2","enc-post-MLP-dropout","enc-1st-layernorm","enc-attention-qkv","enc-attention-score","enc-attention-softmax","enc-attention-dropout","enc-attention-context","enc-attention-dense","enc-post-attention-dropout","enc-2nd-layernorm","enc-MLP-GEMM-1","enc-MLP-gelu","enc-MLP-GEMM-2","enc-post-MLP-dropout","enc-1st-layernorm","enc-attention-qkv","enc-attention-score","enc-attention-softmax","enc-attention-dropout","enc-attention-context","enc-attention-dense","enc-post-attention-dropout","enc-2nd-layernorm","enc-MLP-GEMM-1","enc-MLP-gelu","enc-MLP-GEMM-2","enc-post-MLP-dropout","enc-1st-layernorm","enc-attention-qkv","enc-attention-score","enc-attention-softmax","enc-attention-dropout","enc-attention-context","enc-attention-dense","enc-post-attention-dropout","enc-2nd-layernorm","enc-MLP-GEMM-1","enc-MLP-gelu","enc-MLP-GEMM-2","enc-post-MLP-dropout","enc-1st-layernorm","enc-attention-qkv","enc-attention-score","enc-attention-softmax","enc-attention-dropout","enc-attention-context","enc-attention-dense","enc-post-attention-dropout","enc-2nd-layernorm","enc-MLP-GEMM-1","enc-MLP-gelu","enc-MLP-GEMM-2","enc-post-MLP-dropout","enc-1st-layernorm","enc-attention-qkv","enc-attention-score","enc-attention-softmax","enc-attention-dropout","enc-attention-context","enc-attention-dense","enc-post-attention-dropout","enc-2nd-layernorm","enc-MLP-GEMM-1","enc-MLP-gelu","enc-MLP-GEMM-2","enc-post-MLP-dropout","enc-1st-layernorm","enc-attention-qkv","enc-attention-score","enc-attention-softmax","enc-attention-dropout","enc-attention-context","enc-attention-dense","enc-post-attention-dropout","enc-2nd-layernorm","enc-MLP-GEMM-1","enc-MLP-gelu","enc-MLP-GEMM-2","enc-post-MLP-dropout","enc-1st-layernorm","enc-attention-qkv","enc-attention-score","enc-attention-softmax","enc-attention-dropout","enc-attention-context","enc-attention-dense","enc-post-attention-dropout","enc-2nd-layernorm","enc-MLP-GEMM-1","enc-MLP-gelu","enc-MLP-GEMM-2","enc-post-MLP-dropout","enc-1st-layernorm","enc-attention-qkv","enc-attention-score","enc-attention-softmax","enc-attention-dropout","enc-attention-context","enc-attention-dense","enc-post-attention-dropout","enc-2nd-layernorm","enc-MLP-GEMM-1","enc-MLP-gelu","enc-MLP-GEMM-2","enc-post-MLP-dropout","enc-1st-layernorm","enc-attention-qkv","enc-attention-score","enc-attention-softmax","enc-attention-dropout","enc-attention-context","enc-attention-dense","enc-post-attention-dropout","enc-2nd-layernorm","enc-MLP-GEMM-1","enc-MLP-gelu","enc-MLP-GEMM-2","enc-post-MLP-dropout","enc-1st-layernorm","enc-attention-qkv","enc-attention-score","enc-attention-softmax","enc-attention-dropout","enc-attention-context","enc-attention-dense","enc-post-attention-dropout","enc-2nd-layernorm","enc-MLP-GEMM-1","enc-MLP-gelu","enc-MLP-GEMM-2","enc-post-MLP-dropout","enc-1st-layernorm","enc-attention-qkv","enc-attention-score","enc-attention-softmax","enc-attention-dropout","enc-attention-context","enc-attention-dense","enc-post-attention-dropout","enc-2nd-layernorm","enc-MLP-GEMM-1","enc-MLP-gelu","enc-MLP-GEMM-2","enc-post-MLP-dropout","enc-1st-layernorm","enc-attention-qkv","enc-attention-score","enc-attention-softmax","enc-attention-dropout","enc-attention-context","enc-attention-dense","enc-post-attention-dropout","enc-2nd-layernorm","enc-MLP-GEMM-1","enc-MLP-gelu","enc-MLP-GEMM-2","enc-post-MLP-dropout","enc-1st-layernorm","enc-attention-qkv","enc-attention-score","enc-attention-softmax","enc-attention-dropout","enc-attention-context","enc-attention-dense","enc-post-attention-dropout","enc-2nd-layernorm","enc-MLP-GEMM-1","enc-MLP-gelu","enc-MLP-GEMM-2","enc-post-MLP-dropout","enc-1st-layernorm","enc-attention-qkv","enc-attention-score","enc-attention-softmax","enc-attention-dropout","enc-attention-context","enc-attention-dense","enc-post-attention-dropout","enc-2nd-layernorm","enc-MLP-GEMM-1","enc-MLP-gelu","enc-MLP-GEMM-2","enc-post-MLP-dropout","enc-1st-layernorm","enc-attention-qkv","enc-attention-score","enc-attention-softmax","enc-attention-dropout","enc-attention-context","enc-attention-dense","enc-post-attention-dropout","enc-2nd-layernorm","enc-MLP-GEMM-1","enc-MLP-gelu","enc-MLP-GEMM-2","enc-post-MLP-dropout","enc-1st-layernorm","enc-attention-qkv","enc-attention-score","enc-attention-softmax","enc-attention-dropout","enc-attention-context","enc-attention-dense","enc-post-attention-dropout","enc-2nd-layernorm","enc-MLP-GEMM-1","enc-MLP-gelu","enc-MLP-GEMM-2","enc-post-MLP-dropout","enc-1st-layernorm","enc-attention-qkv","enc-attention-score","enc-attention-softmax","enc-attention-dropout","enc-attention-context","enc-attention-dense","enc-post-attention-dropout","enc-2nd-layernorm","enc-MLP-GEMM-1","enc-MLP-gelu","enc-MLP-GEMM-2","enc-post-MLP-dropout","enc-1st-layernorm","enc-attention-qkv","enc-attention-score","enc-attention-softmax","enc-attention-dropout","enc-attention-context","enc-attention-dense","enc-post-attention-dropout","enc-2nd-layernorm","enc-MLP-GEMM-1","enc-MLP-gelu","enc-MLP-GEMM-2","enc-post-MLP-dropout","enc-1st-layernorm","enc-attention-qkv","enc-attention-score","enc-attention-softmax","enc-attention-dropout","enc-attention-context","enc-attention-dense","enc-post-attention-dropout","enc-2nd-layernorm","enc-MLP-GEMM-1","enc-MLP-gelu","enc-MLP-GEMM-2","enc-post-MLP-dropout","enc-1st-layernorm","enc-attention-qkv","enc-attention-score","enc-attention-softmax","enc-attention-dropout","enc-attention-context","enc-attention-dense","enc-post-attention-dropout","enc-2nd-layernorm","enc-MLP-GEMM-1","enc-MLP-gelu","enc-MLP-GEMM-2","enc-post-MLP-dropout","enc-1st-layernorm","enc-attention-qkv","enc-attention-score","enc-attention-softmax","enc-attention-dropout","enc-attention-context","enc-attention-dense","enc-post-attention-dropout","enc-2nd-layernorm","enc-MLP-GEMM-1","enc-MLP-gelu","enc-MLP-GEMM-2","enc-post-MLP-dropout","enc-1st-layernorm","enc-attention-qkv","enc-attention-score","enc-attention-softmax","enc-attention-dropout","enc-attention-context","enc-attention-dense","enc-post-attention-dropout","enc-2nd-layernorm","enc-MLP-GEMM-1","enc-MLP-gelu","enc-MLP-GEMM-2","enc-post-MLP-dropout","enc-1st-layernorm","enc-attention-qkv","enc-attention-score","enc-attention-softmax","enc-attention-dropout","enc-attention-context","enc-attention-dense","enc-post-attention-dropout","enc-2nd-layernorm","enc-MLP-GEMM-1","enc-MLP-gelu","enc-MLP-GEMM-2","enc-post-MLP-dropout","enc-1st-layernorm","enc-attention-qkv","enc-attention-score","enc-attention-softmax","enc-attention-dropout","enc-attention-context","enc-attention-dense","enc-post-attention-dropout","enc-2nd-layernorm","enc-MLP-GEMM-1","enc-MLP-gelu","enc-MLP-GEMM-2","enc-post-MLP-dropout","enc-1st-layernorm","enc-attention-qkv","enc-attention-score","enc-attention-softmax","enc-attention-dropout","enc-attention-context","enc-attention-dense","enc-post-attention-dropout","enc-2nd-layernorm","enc-MLP-GEMM-1","enc-MLP-gelu","enc-MLP-GEMM-2","enc-post-MLP-dropout","enc-1st-layernorm","enc-attention-qkv","enc-attention-score","enc-attention-softmax","enc-attention-dropout","enc-attention-context","enc-attention-dense","enc-post-attention-dropout","enc-2nd-layernorm","enc-MLP-GEMM-1","enc-MLP-gelu","enc-MLP-GEMM-2","enc-post-MLP-dropout","enc-1st-layernorm","enc-attention-qkv","enc-attention-score","enc-attention-softmax","enc-attention-dropout","enc-attention-context","enc-attention-dense","enc-post-attention-dropout","enc-2nd-layernorm","enc-MLP-GEMM-1","enc-MLP-gelu","enc-MLP-GEMM-2","enc-post-MLP-dropout","enc-1st-layernorm","enc-attention-qkv","enc-attention-score","enc-attention-softmax","enc-attention-dropout","enc-attention-context","enc-attention-dense","enc-post-attention-dropout","enc-2nd-layernorm","enc-MLP-GEMM-1","enc-MLP-gelu","enc-MLP-GEMM-2","enc-post-MLP-dropout","enc-1st-layernorm","enc-attention-qkv","enc-attention-score","enc-attention-softmax","enc-attention-dropout","enc-attention-context","enc-attention-dense","enc-post-attention-dropout","enc-2nd-layernorm","enc-MLP-GEMM-1","enc-MLP-gelu","enc-MLP-GEMM-2","enc-post-MLP-dropout","enc-1st-layernorm","enc-attention-qkv","enc-attention-score","enc-attention-softmax","enc-attention-dropout","enc-attention-context","enc-attention-dense","enc-post-attention-dropout","enc-2nd-layernorm","enc-MLP-GEMM-1","enc-MLP-gelu","enc-MLP-GEMM-2","enc-post-MLP-dropout","enc-1st-layernorm","enc-attention-qkv","enc-attention-score","enc-attention-softmax","enc-attention-dropout","enc-attention-context","enc-attention-dense","enc-post-attention-dropout","enc-2nd-layernorm","enc-MLP-GEMM-1","enc-MLP-gelu","enc-MLP-GEMM-2","enc-post-MLP-dropout","enc-1st-layernorm","enc-attention-qkv","enc-attention-score","enc-attention-softmax","enc-attention-dropout","enc-attention-context","enc-attention-dense","enc-post-attention-dropout","enc-2nd-layernorm","enc-MLP-GEMM-1","enc-MLP-gelu","enc-MLP-GEMM-2","enc-post-MLP-dropout","enc-1st-layernorm","enc-attention-qkv","enc-attention-score","enc-attention-softmax","enc-attention-dropout","enc-attention-context","enc-attention-dense","enc-post-attention-dropout","enc-2nd-layernorm","enc-MLP-GEMM-1","enc-MLP-gelu","enc-MLP-GEMM-2","enc-post-MLP-dropout","enc-1st-layernorm","enc-attention-qkv","enc-attention-score","enc-attention-softmax","enc-attention-dropout","enc-attention-context","enc-attention-dense","enc-post-attention-dropout","enc-2nd-layernorm","enc-MLP-GEMM-1","enc-MLP-gelu","enc-MLP-GEMM-2","enc-post-MLP-dropout","enc-1st-layernorm","enc-attention-qkv","enc-attention-score","enc-attention-softmax","enc-attention-dropout","enc-attention-context","enc-attention-dense","enc-post-attention-dropout","enc-2nd-layernorm","enc-MLP-GEMM-1","enc-MLP-gelu","enc-MLP-GEMM-2","enc-post-MLP-dropout","enc-1st-layernorm","enc-attention-qkv","enc-attention-score","enc-attention-softmax","enc-attention-dropout","enc-attention-context","enc-attention-dense","enc-post-attention-dropout","enc-2nd-layernorm","enc-MLP-GEMM-1","enc-MLP-gelu","enc-MLP-GEMM-2","enc-post-MLP-dropout","enc-1st-layernorm","enc-attention-qkv","enc-attention-score","enc-attention-softmax","enc-attention-dropout","enc-attention-context","enc-attention-dense","enc-post-attention-dropout","enc-2nd-layernorm","enc-MLP-GEMM-1","enc-MLP-gelu","enc-MLP-GEMM-2","enc-post-MLP-dropout","enc-1st-layernorm","enc-attention-qkv","enc-attention-score","enc-attention-softmax","enc-attention-dropout","enc-attention-context","enc-attention-dense","enc-post-attention-dropout","enc-2nd-layernorm","enc-MLP-GEMM-1","enc-MLP-gelu","enc-MLP-GEMM-2","enc-post-MLP-dropout","enc-1st-layernorm","enc-attention-qkv","enc-attention-score","enc-attention-softmax","enc-attention-dropout","enc-attention-context","enc-attention-dense","enc-post-attention-dropout","enc-2nd-layernorm","enc-MLP-GEMM-1","enc-MLP-gelu","enc-MLP-GEMM-2","enc-post-MLP-dropout","enc-1st-layernorm","enc-attention-qkv","enc-attention-score","enc-attention-softmax","enc-attention-dropout","enc-attention-context","enc-attention-dense","enc-post-attention-dropout","enc-2nd-layernorm","enc-MLP-GEMM-1","enc-MLP-gelu","enc-MLP-GEMM-2","enc-post-MLP-dropout","enc-1st-layernorm","enc-attention-qkv","enc-attention-score","enc-attention-softmax","enc-attention-dropout","enc-attention-context","enc-attention-dense","enc-post-attention-dropout","enc-2nd-layernorm","enc-MLP-GEMM-1","enc-MLP-gelu","enc-MLP-GEMM-2","enc-post-MLP-dropout","enc-1st-layernorm","enc-attention-qkv","enc-attention-score","enc-attention-softmax","enc-attention-dropout","enc-attention-context","enc-attention-dense","enc-post-attention-dropout","enc-2nd-layernorm","enc-MLP-GEMM-1","enc-MLP-gelu","enc-MLP-GEMM-2","enc-post-MLP-dropout","enc-1st-layernorm","enc-attention-qkv","enc-attention-score","enc-attention-softmax","enc-attention-dropout","enc-attention-context","enc-attention-dense","enc-post-attention-dropout","enc-2nd-layernorm","enc-MLP-GEMM-1","enc-MLP-gelu","enc-MLP-GEMM-2","enc-post-MLP-dropout","enc-1st-layernorm","enc-attention-qkv","enc-attention-score","enc-attention-softmax","enc-attention-dropout","enc-attention-context","enc-attention-dense","enc-post-attention-dropout","enc-2nd-layernorm","enc-MLP-GEMM-1","enc-MLP-gelu","enc-MLP-GEMM-2","enc-post-MLP-dropout","enc-1st-layernorm","enc-attention-qkv","enc-attention-score","enc-attention-softmax","enc-attention-dropout","enc-attention-context","enc-attention-dense","enc-post-attention-dropout","enc-2nd-layernorm","enc-MLP-GEMM-1","enc-MLP-gelu","enc-MLP-GEMM-2","enc-post-MLP-dropout","enc-1st-layernorm","enc-attention-qkv","enc-attention-score","enc-attention-softmax","enc-attention-dropout","enc-attention-context","enc-attention-dense","enc-post-attention-dropout","enc-2nd-layernorm","enc-MLP-GEMM-1","enc-MLP-gelu","enc-MLP-GEMM-2","enc-post-MLP-dropout","enc-1st-layernorm","enc-attention-qkv","enc-attention-score","enc-attention-softmax","enc-attention-dropout","enc-attention-context","enc-attention-dense","enc-post-attention-dropout","enc-2nd-layernorm","enc-MLP-GEMM-1","enc-MLP-gelu","enc-MLP-GEMM-2","enc-post-MLP-dropout","enc-1st-layernorm","enc-attention-qkv","enc-attention-score","enc-attention-softmax","enc-attention-dropout","enc-attention-context","enc-attention-dense","enc-post-attention-dropout","enc-2nd-layernorm","enc-MLP-GEMM-1","enc-MLP-gelu","enc-MLP-GEMM-2","enc-post-MLP-dropout","enc-1st-layernorm","enc-attention-qkv","enc-attention-score","enc-attention-softmax","enc-attention-dropout","enc-attention-context","enc-attention-dense","enc-post-attention-dropout","enc-2nd-layernorm","enc-MLP-GEMM-1","enc-MLP-gelu","enc-MLP-GEMM-2","enc-post-MLP-dropout","enc-1st-layernorm","enc-attention-qkv","enc-attention-score","enc-attention-softmax","enc-attention-dropout","enc-attention-context","enc-attention-dense","enc-post-attention-dropout","enc-2nd-layernorm","enc-MLP-GEMM-1","enc-MLP-gelu","enc-MLP-GEMM-2","enc-post-MLP-dropout","enc-1st-layernorm","enc-attention-qkv","enc-attention-score","enc-attention-softmax","enc-attention-dropout","enc-attention-context","enc-attention-dense","enc-post-attention-dropout","enc-2nd-layernorm","enc-MLP-GEMM-1","enc-MLP-gelu","enc-MLP-GEMM-2","enc-post-MLP-dropout","enc-1st-layernorm","enc-attention-qkv","enc-attention-score","enc-attention-softmax","enc-attention-dropout","enc-attention-context","enc-attention-dense","enc-post-attention-dropout","enc-2nd-layernorm","enc-MLP-GEMM-1","enc-MLP-gelu","enc-MLP-GEMM-2","enc-post-MLP-dropout","enc-1st-layernorm","enc-attention-qkv","enc-attention-score","enc-attention-softmax","enc-attention-dropout","enc-attention-context","enc-attention-dense","enc-post-attention-dropout","enc-2nd-layernorm","enc-MLP-GEMM-1","enc-MLP-gelu","enc-MLP-GEMM-2","enc-post-MLP-dropout","enc-1st-layernorm","enc-attention-qkv","enc-attention-score","enc-attention-softmax","enc-attention-dropout","enc-attention-context","enc-attention-dense","enc-post-attention-dropout","enc-2nd-layernorm","enc-MLP-GEMM-1","enc-MLP-gelu","enc-MLP-GEMM-2","enc-post-MLP-dropout","enc-1st-layernorm","enc-attention-qkv","enc-attention-score","enc-attention-softmax","enc-attention-dropout","enc-attention-context","enc-attention-dense","enc-post-attention-dropout","enc-2nd-layernorm","enc-MLP-GEMM-1","enc-MLP-gelu","enc-MLP-GEMM-2","enc-post-MLP-dropout","enc-1st-layernorm","enc-attention-qkv","enc-attention-score","enc-attention-softmax","enc-attention-dropout","enc-attention-context","enc-attention-dense","enc-post-attention-dropout","enc-2nd-layernorm","enc-MLP-GEMM-1","enc-MLP-gelu","enc-MLP-GEMM-2","enc-post-MLP-dropout","enc-1st-layernorm","enc-attention-qkv","enc-attention-score","enc-attention-softmax","enc-attention-dropout","enc-attention-context","enc-attention-dense","enc-post-attention-dropout","enc-2nd-layernorm","enc-MLP-GEMM-1","enc-MLP-gelu","enc-MLP-GEMM-2","enc-post-MLP-dropout","enc-1st-layernorm","enc-attention-qkv","enc-attention-score","enc-attention-softmax","enc-attention-dropout","enc-attention-context","enc-attention-dense","enc-post-attention-dropout","enc-2nd-layernorm","enc-MLP-GEMM-1","enc-MLP-gelu","enc-MLP-GEMM-2","enc-post-MLP-dropout","enc-1st-layernorm","enc-attention-qkv","enc-attention-score","enc-attention-softmax","enc-attention-dropout","enc-attention-context","enc-attention-dense","enc-post-attention-dropout","enc-2nd-layernorm","enc-MLP-GEMM-1","enc-MLP-gelu","enc-MLP-GEMM-2","enc-post-MLP-dropout","enc-1st-layernorm","enc-attention-qkv","enc-attention-score","enc-attention-softmax","enc-attention-dropout","enc-attention-context","enc-attention-dense","enc-post-attention-dropout","enc-2nd-layernorm","enc-MLP-GEMM-1","enc-MLP-gelu","enc-MLP-GEMM-2","enc-post-MLP-dropout","enc-1st-layernorm","enc-attention-qkv","enc-attention-score","enc-attention-softmax","enc-attention-dropout","enc-attention-context","enc-attention-dense","enc-post-attention-dropout","enc-2nd-layernorm","enc-MLP-GEMM-1","enc-MLP-gelu","enc-MLP-GEMM-2","enc-post-MLP-dropout","enc-1st-layernorm","enc-attention-qkv","enc-attention-score","enc-attention-softmax","enc-attention-dropout","enc-attention-context","enc-attention-dense","enc-post-attention-dropout","enc-2nd-layernorm","enc-MLP-GEMM-1","enc-MLP-gelu","enc-MLP-GEMM-2","enc-post-MLP-dropout","enc-1st-layernorm","enc-attention-qkv","enc-attention-score","enc-attention-softmax","enc-attention-dropout","enc-attention-context","enc-attention-dense","enc-post-attention-dropout","enc-2nd-layernorm","enc-MLP-GEMM-1","enc-MLP-gelu","enc-MLP-GEMM-2","enc-post-MLP-dropout","enc-1st-layernorm","enc-attention-qkv","enc-attention-score","enc-attention-softmax","enc-attention-dropout","enc-attention-context","enc-attention-dense","enc-post-attention-dropout","enc-2nd-layernorm","enc-MLP-GEMM-1","enc-MLP-gelu","enc-MLP-GEMM-2","enc-post-MLP-dropout","enc-1st-layernorm","enc-attention-qkv","enc-attention-score","enc-attention-softmax","enc-attention-dropout","enc-attention-context","enc-attention-dense","enc-post-attention-dropout","enc-2nd-layernorm","enc-MLP-GEMM-1","enc-MLP-gelu","enc-MLP-GEMM-2","enc-post-MLP-dropout","enc-1st-layernorm","enc-attention-qkv","enc-attention-score","enc-attention-softmax","enc-attention-dropout","enc-attention-context","enc-attention-dense","enc-post-attention-dropout","enc-2nd-layernorm","enc-MLP-GEMM-1","enc-MLP-gelu","enc-MLP-GEMM-2","enc-post-MLP-dropout","enc-1st-layernorm","enc-attention-qkv","enc-attention-score","enc-attention-softmax","enc-attention-dropout","enc-attention-context","enc-attention-dense","enc-post-attention-dropout","enc-2nd-layernorm","enc-MLP-GEMM-1","enc-MLP-gelu","enc-MLP-GEMM-2","enc-post-MLP-dropout","enc-1st-layernorm","enc-attention-qkv","enc-attention-score","enc-attention-softmax","enc-attention-dropout","enc-attention-context","enc-attention-dense","enc-post-attention-dropout","enc-2nd-layernorm","enc-MLP-GEMM-1","enc-MLP-gelu","enc-MLP-GEMM-2","enc-post-MLP-dropout","enc-1st-layernorm","enc-attention-qkv","enc-attention-score","enc-attention-softmax","enc-attention-dropout","enc-attention-context","enc-attention-dense","enc-post-attention-dropout","enc-2nd-layernorm","enc-MLP-GEMM-1","enc-MLP-gelu","enc-MLP-GEMM-2","enc-post-MLP-dropout","enc-1st-layernorm","enc-attention-qkv","enc-attention-score","enc-attention-softmax","enc-attention-dropout","enc-attention-context","enc-attention-dense","enc-post-attention-dropout","enc-2nd-layernorm","enc-MLP-GEMM-1","enc-MLP-gelu","enc-MLP-GEMM-2","enc-post-MLP-dropout","enc-1st-layernorm","enc-attention-qkv","enc-attention-score","enc-attention-softmax","enc-attention-dropout","enc-attention-context","enc-attention-dense","enc-post-attention-dropout","enc-2nd-layernorm","enc-MLP-GEMM-1","enc-MLP-gelu","enc-MLP-GEMM-2","enc-post-MLP-dropout","enc-1st-layernorm","enc-attention-qkv","enc-attention-score","enc-attention-softmax","enc-attention-dropout","enc-attention-context","enc-attention-dense","enc-post-attention-dropout","enc-2nd-layernorm","enc-MLP-GEMM-1","enc-MLP-gelu","enc-MLP-GEMM-2","enc-post-MLP-dropout","enc-1st-layernorm","enc-attention-qkv","enc-attention-score","enc-attention-softmax","enc-attention-dropout","enc-attention-context","enc-attention-dense","enc-post-attention-dropout","enc-2nd-layernorm","enc-MLP-GEMM-1","enc-MLP-gelu","enc-MLP-GEMM-2","enc-post-MLP-dropout","enc-1st-layernorm","enc-attention-qkv","enc-attention-score","enc-attention-softmax","enc-attention-dropout","enc-attention-context","enc-attention-dense","enc-post-attention-dropout","enc-2nd-layernorm","enc-MLP-GEMM-1","enc-MLP-gelu","enc-MLP-GEMM-2","enc-post-MLP-dropout","enc-1st-layernorm","enc-attention-qkv","enc-attention-score","enc-attention-softmax","enc-attention-dropout","enc-attention-context","enc-attention-dense","enc-post-attention-dropout","enc-2nd-layernorm","enc-MLP-GEMM-1","enc-MLP-gelu","enc-MLP-GEMM-2","enc-post-MLP-dropout","enc-1st-layernorm","enc-attention-qkv","enc-attention-score","enc-attention-softmax","enc-attention-dropout","enc-attention-context","enc-attention-dense","enc-post-attention-dropout","enc-2nd-layernorm","enc-MLP-GEMM-1","enc-MLP-gelu","enc-MLP-GEMM-2","enc-post-MLP-dropout","enc-1st-layernorm","enc-attention-qkv","enc-attention-score","enc-attention-softmax","enc-attention-dropout","enc-attention-context","enc-attention-dense","enc-post-attention-dropout","enc-2nd-layernorm","enc-MLP-GEMM-1","enc-MLP-gelu","enc-MLP-GEMM-2","enc-post-MLP-dropout","enc-1st-layernorm","enc-attention-qkv","enc-attention-score","enc-attention-softmax","enc-attention-dropout","enc-attention-context","enc-attention-dense","enc-post-attention-dropout","enc-2nd-layernorm","enc-MLP-GEMM-1","enc-MLP-gelu","enc-MLP-GEMM-2","enc-post-MLP-dropout","enc-1st-layernorm","enc-attention-qkv","enc-attention-score","enc-attention-softmax","enc-attention-dropout","enc-attention-context","enc-attention-dense","enc-post-attention-dropout","enc-2nd-layernorm","enc-MLP-GEMM-1","enc-MLP-gelu","enc-MLP-GEMM-2","enc-post-MLP-dropout","enc-1st-layernorm","enc-attention-qkv","enc-attention-score","enc-attention-softmax","enc-attention-dropout","enc-attention-context","enc-attention-dense","enc-post-attention-dropout","enc-2nd-layernorm","enc-MLP-GEMM-1","enc-MLP-gelu","enc-MLP-GEMM-2","enc-post-MLP-dropout","enc-1st-layernorm","enc-attention-qkv","enc-attention-score","enc-attention-softmax","enc-attention-dropout","enc-attention-context","enc-attention-dense","enc-post-attention-dropout","enc-2nd-layernorm","enc-MLP-GEMM-1","enc-MLP-gelu","enc-MLP-GEMM-2","enc-post-MLP-dropout","enc-1st-layernorm","enc-attention-qkv","enc-attention-score","enc-attention-softmax","enc-attention-dropout","enc-attention-context","enc-attention-dense","enc-post-attention-dropout","enc-2nd-layernorm","enc-MLP-GEMM-1","enc-MLP-gelu","enc-MLP-GEMM-2","enc-post-MLP-dropout","enc-1st-layernorm","enc-attention-qkv","enc-attention-score","enc-attention-softmax","enc-attention-dropout","enc-attention-context","enc-attention-dense","enc-post-attention-dropout","enc-2nd-layernorm","enc-MLP-GEMM-1","enc-MLP-gelu","enc-MLP-GEMM-2","enc-post-MLP-dropout","enc-1st-layernorm","enc-attention-qkv","enc-attention-score","enc-attention-softmax","enc-attention-dropout","enc-attention-context","enc-attention-dense","enc-post-attention-dropout","enc-2nd-layernorm","enc-MLP-GEMM-1","enc-MLP-gelu","enc-MLP-GEMM-2","enc-post-MLP-dropout","enc-1st-layernorm","enc-attention-qkv","enc-attention-score","enc-attention-softmax","enc-attention-dropout","enc-attention-context","enc-attention-dense","enc-post-attention-dropout","enc-2nd-layernorm","enc-MLP-GEMM-1","enc-MLP-gelu","enc-MLP-GEMM-2","enc-post-MLP-dropout","enc-1st-layernorm","enc-attention-qkv","enc-attention-score","enc-attention-softmax","enc-attention-dropout","enc-attention-context","enc-attention-dense","enc-post-attention-dropout","enc-2nd-layernorm","enc-MLP-GEMM-1","enc-MLP-gelu","enc-MLP-GEMM-2","enc-post-MLP-dropout","enc-1st-layernorm","enc-attention-qkv","enc-attention-score","enc-attention-softmax","enc-attention-dropout","enc-attention-context","enc-attention-dense","enc-post-attention-dropout","enc-2nd-layernorm","enc-MLP-GEMM-1","enc-MLP-gelu","enc-MLP-GEMM-2","enc-post-MLP-dropout","enc-1st-layernorm","enc-attention-qkv","enc-attention-score","enc-attention-softmax","enc-attention-dropout","enc-attention-context","enc-attention-dense","enc-post-attention-dropout","enc-2nd-layernorm","enc-MLP-GEMM-1","enc-MLP-gelu","enc-MLP-GEMM-2","enc-post-MLP-dropout","enc-1st-layernorm","enc-attention-qkv","enc-attention-score","enc-attention-softmax","enc-attention-dropout","enc-attention-context","enc-attention-dense","enc-post-attention-dropout","enc-2nd-layernorm","enc-MLP-GEMM-1","enc-MLP-gelu","enc-MLP-GEMM-2","enc-post-MLP-dropout","enc-1st-layernorm","enc-attention-qkv","enc-attention-score","enc-attention-softmax","enc-attention-dropout","enc-attention-context","enc-attention-dense","enc-post-attention-dropout","enc-2nd-layernorm","enc-MLP-GEMM-1","enc-MLP-gelu","enc-MLP-GEMM-2","enc-post-MLP-dropout","enc-1st-layernorm","enc-attention-qkv","enc-attention-score","enc-attention-softmax","enc-attention-dropout","enc-attention-context","enc-attention-dense","enc-post-attention-dropout","enc-2nd-layernorm","enc-MLP-GEMM-1","enc-MLP-gelu","enc-MLP-GEMM-2","enc-post-MLP-dropout","enc-1st-layernorm","enc-attention-qkv","enc-attention-score","enc-attention-softmax","enc-attention-dropout","enc-attention-context","enc-attention-dense","enc-post-attention-dropout","enc-2nd-layernorm","enc-MLP-GEMM-1","enc-MLP-gelu","enc-MLP-GEMM-2","enc-post-MLP-dropout","enc-1st-layernorm","enc-attention-qkv","enc-attention-score","enc-attention-softmax","enc-attention-dropout","enc-attention-context","enc-attention-dense","enc-post-attention-dropout","enc-2nd-layernorm","enc-MLP-GEMM-1","enc-MLP-gelu","enc-MLP-GEMM-2","enc-post-MLP-dropout","enc-1st-layernorm","enc-attention-qkv","enc-attention-score","enc-attention-softmax","enc-attention-dropout","enc-attention-context","enc-attention-dense","enc-post-attention-dropout","enc-2nd-layernorm","enc-MLP-GEMM-1","enc-MLP-gelu","enc-MLP-GEMM-2","enc-post-MLP-dropout","enc-1st-layernorm","enc-attention-qkv","enc-attention-score","enc-attention-softmax","enc-attention-dropout","enc-attention-context","enc-attention-dense","enc-post-attention-dropout","enc-2nd-layernorm","enc-MLP-GEMM-1","enc-MLP-gelu","enc-MLP-GEMM-2","enc-post-MLP-dropout","enc-1st-layernorm","enc-attention-qkv","enc-attention-score","enc-attention-softmax","enc-attention-dropout","enc-attention-context","enc-attention-dense","enc-post-attention-dropout","enc-2nd-layernorm","enc-MLP-GEMM-1","enc-MLP-gelu","enc-MLP-GEMM-2","enc-post-MLP-dropout","enc-1st-layernorm","enc-attention-qkv","enc-attention-score","enc-attention-softmax","enc-attention-dropout","enc-attention-context","enc-attention-dense","enc-post-attention-dropout","enc-2nd-layernorm","enc-MLP-GEMM-1","enc-MLP-gelu","enc-MLP-GEMM-2","enc-post-MLP-dropout","enc-1st-layernorm","enc-attention-qkv","enc-attention-score","enc-attention-softmax","enc-attention-dropout","enc-attention-context","enc-attention-dense","enc-post-attention-dropout","enc-2nd-layernorm","enc-MLP-GEMM-1","enc-MLP-gelu","enc-MLP-GEMM-2","enc-post-MLP-dropout","enc-1st-layernorm","enc-attention-qkv","enc-attention-score","enc-attention-softmax","enc-attention-dropout","enc-attention-context","enc-attention-dense","enc-post-attention-dropout","enc-2nd-layernorm","enc-MLP-GEMM-1","enc-MLP-gelu","enc-MLP-GEMM-2","enc-post-MLP-dropout","enc-1st-layernorm","enc-attention-qkv","enc-attention-score","enc-attention-softmax","enc-attention-dropout","enc-attention-context","enc-attention-dense","enc-post-attention-dropout","enc-2nd-layernorm","enc-MLP-GEMM-1","enc-MLP-gelu","enc-MLP-GEMM-2","enc-post-MLP-dropout","enc-1st-layernorm","enc-attention-qkv","enc-attention-score","enc-attention-softmax","enc-attention-dropout","enc-attention-context","enc-attention-dense","enc-post-attention-dropout","enc-2nd-layernorm","enc-MLP-GEMM-1","enc-MLP-gelu","enc-MLP-GEMM-2","enc-post-MLP-dropout","enc-1st-layernorm","enc-attention-qkv","enc-attention-score","enc-attention-softmax","enc-attention-dropout","enc-attention-context","enc-attention-dense","enc-post-attention-dropout","enc-2nd-layernorm","enc-MLP-GEMM-1","enc-MLP-gelu","enc-MLP-GEMM-2","enc-post-MLP-dropout","enc-1st-layernorm","enc-attention-qkv","enc-attention-score","enc-attention-softmax","enc-attention-dropout","enc-attention-context","enc-attention-dense","enc-post-attention-dropout","enc-2nd-layernorm","enc-MLP-GEMM-1","enc-MLP-gelu","enc-MLP-GEMM-2","enc-post-MLP-dropout","enc-1st-layernorm","enc-attention-qkv","enc-attention-score","enc-attention-softmax","enc-attention-dropout","enc-attention-context","enc-attention-dense","enc-post-attention-dropout","enc-2nd-layernorm","enc-MLP-GEMM-1","enc-MLP-gelu","enc-MLP-GEMM-2","enc-post-MLP-dropout","enc-1st-layernorm","enc-attention-qkv","enc-attention-score","enc-attention-softmax","enc-attention-dropout","enc-attention-context","enc-attention-dense","enc-post-attention-dropout","enc-2nd-layernorm","enc-MLP-GEMM-1","enc-MLP-gelu","enc-MLP-GEMM-2","enc-post-MLP-dropout","enc-1st-layernorm","enc-attention-qkv","enc-attention-score","enc-attention-softmax","enc-attention-dropout","enc-attention-context","enc-attention-dense","enc-post-attention-dropout","enc-2nd-layernorm","enc-MLP-GEMM-1","enc-MLP-gelu","enc-MLP-GEMM-2","enc-post-MLP-dropout","enc-1st-layernorm","enc-attention-qkv","enc-attention-score","enc-attention-softmax","enc-attention-dropout","enc-attention-context","enc-attention-dense","enc-post-attention-dropout","enc-2nd-layernorm",
[rank 5 recompute ops] enc-MLP-GEMM-1 enc-MLP-gelu enc-MLP-GEMM-2 enc-post-MLP-dropout enc-1st-layernorm enc-attention-qkv enc-attention-score enc-attention-softmax enc-attention-dropout enc-attention-context enc-post-attention-dropout enc-2nd-layernorm enc-MLP-GEMM-1 enc-MLP-gelu enc-MLP-GEMM-2 enc-post-MLP-dropout enc-1st-layernorm enc-attention-qkv enc-attention-score enc-attention-softmax enc-attention-dropout enc-attention-context enc-post-attention-dropout enc-2nd-layernorm enc-MLP-GEMM-1 enc-MLP-gelu enc-MLP-GEMM-2 enc-post-MLP-dropout enc-1st-layernorm enc-attention-qkv enc-attention-score enc-attention-softmax enc-attention-dropout enc-attention-context enc-post-attention-dropout enc-2nd-layernorm enc-MLP-GEMM-1 enc-MLP-gelu enc-MLP-GEMM-2 enc-post-MLP-dropout enc-1st-layernorm enc-attention-qkv enc-attention-score enc-attention-softmax enc-attention-dropout enc-attention-context enc-post-attention-dropout enc-2nd-layernorm enc-MLP-GEMM-1 enc-MLP-gelu enc-MLP-GEMM-2 enc-post-MLP-dropout enc-1st-layernorm enc-attention-qkv enc-attention-score enc-attention-softmax enc-attention-dropout enc-attention-context enc-post-attention-dropout enc-2nd-layernorm enc-MLP-GEMM-1 enc-MLP-gelu enc-MLP-GEMM-2 enc-post-MLP-dropout enc-1st-layernorm enc-attention-qkv enc-attention-score enc-attention-softmax enc-attention-dropout enc-attention-context enc-post-attention-dropout enc-2nd-layernorm enc-MLP-GEMM-1 enc-MLP-gelu enc-MLP-GEMM-2 enc-post-MLP-dropout enc-1st-layernorm enc-attention-qkv enc-attention-score enc-attention-softmax enc-attention-dropout enc-attention-context enc-post-attention-dropout enc-2nd-layernorm enc-MLP-GEMM-1 enc-MLP-gelu enc-MLP-GEMM-2 enc-post-MLP-dropout enc-1st-layernorm enc-attention-qkv enc-attention-score enc-attention-softmax enc-attention-dropout enc-attention-context enc-post-attention-dropout enc-2nd-layernorm enc-MLP-GEMM-1 enc-MLP-gelu enc-MLP-GEMM-2 enc-post-MLP-dropout enc-1st-layernorm enc-attention-qkv enc-attention-score enc-attention-softmax enc-attention-dropout enc-attention-context enc-post-attention-dropout enc-2nd-layernorm enc-MLP-GEMM-1 enc-MLP-gelu enc-MLP-GEMM-2 enc-post-MLP-dropout enc-1st-layernorm enc-attention-qkv enc-attention-score enc-attention-softmax enc-attention-dropout enc-attention-context enc-post-attention-dropout enc-2nd-layernorm enc-MLP-GEMM-1 enc-MLP-gelu enc-MLP-GEMM-2 enc-post-MLP-dropout enc-1st-layernorm enc-attention-qkv enc-attention-score enc-attention-softmax enc-attention-dropout enc-attention-context enc-post-attention-dropout enc-2nd-layernorm enc-MLP-GEMM-1 enc-MLP-gelu enc-MLP-GEMM-2 enc-post-MLP-dropout enc-1st-layernorm enc-attention-qkv enc-attention-score enc-attention-softmax enc-attention-dropout enc-attention-context enc-post-attention-dropout enc-2nd-layernorm enc-MLP-GEMM-1 enc-MLP-gelu enc-MLP-GEMM-2 enc-post-MLP-dropout enc-1st-layernorm enc-attention-qkv enc-attention-score enc-attention-softmax enc-attention-dropout enc-attention-context enc-post-attention-dropout enc-2nd-layernorm enc-MLP-GEMM-1 enc-MLP-gelu enc-MLP-GEMM-2 enc-post-MLP-dropout enc-1st-layernorm enc-attention-qkv enc-attention-score enc-attention-softmax enc-attention-dropout enc-attention-context enc-post-attention-dropout enc-2nd-layernorm enc-MLP-GEMM-1 enc-MLP-gelu enc-MLP-GEMM-2 enc-post-MLP-dropout enc-1st-layernorm enc-attention-qkv enc-attention-score enc-attention-softmax enc-attention-dropout enc-attention-context enc-post-attention-dropout enc-2nd-layernorm enc-MLP-GEMM-1 enc-MLP-gelu enc-MLP-GEMM-2 enc-post-MLP-dropout enc-1st-layernorm enc-attention-qkv enc-attention-score enc-attention-softmax enc-attention-dropout enc-attention-context enc-post-attention-dropout enc-2nd-layernorm enc-MLP-GEMM-1 enc-MLP-gelu enc-MLP-GEMM-2 enc-post-MLP-dropout enc-1st-layernorm enc-attention-qkv enc-attention-score enc-attention-softmax enc-attention-dropout enc-attention-context enc-post-attention-dropout enc-2nd-layernorm enc-MLP-GEMM-1 enc-MLP-gelu enc-MLP-GEMM-2 enc-post-MLP-dropout enc-1st-layernorm enc-attention-qkv enc-attention-score enc-attention-softmax enc-attention-dropout enc-attention-context enc-post-attention-dropout enc-2nd-layernorm enc-MLP-GEMM-1 enc-MLP-gelu enc-MLP-GEMM-2 enc-post-MLP-dropout enc-1st-layernorm enc-attention-qkv enc-attention-score enc-attention-softmax enc-attention-dropout enc-attention-context enc-post-attention-dropout enc-2nd-layernorm enc-MLP-GEMM-1 enc-MLP-gelu enc-MLP-GEMM-2 enc-post-MLP-dropout enc-1st-layernorm enc-attention-qkv enc-attention-score enc-attention-softmax enc-attention-dropout enc-attention-context enc-post-attention-dropout enc-2nd-layernorm enc-MLP-GEMM-1 enc-MLP-gelu enc-MLP-GEMM-2 enc-post-MLP-dropout enc-1st-layernorm enc-attention-qkv enc-attention-score enc-attention-softmax enc-attention-dropout enc-attention-context enc-post-attention-dropout enc-2nd-layernorm enc-MLP-GEMM-1 enc-MLP-gelu enc-MLP-GEMM-2 enc-post-MLP-dropout enc-1st-layernorm enc-attention-qkv enc-attention-score enc-attention-softmax enc-attention-dropout enc-attention-context enc-post-attention-dropout enc-2nd-layernorm enc-MLP-GEMM-1 enc-MLP-gelu enc-MLP-GEMM-2 enc-post-MLP-dropout enc-1st-layernorm enc-attention-qkv enc-attention-score enc-attention-softmax enc-attention-dropout enc-attention-context enc-post-attention-dropout enc-2nd-layernorm enc-MLP-GEMM-1 enc-MLP-gelu enc-MLP-GEMM-2 enc-post-MLP-dropout enc-1st-layernorm enc-attention-qkv enc-attention-score enc-attention-softmax enc-attention-dropout enc-attention-context enc-post-attention-dropout enc-2nd-layernorm enc-MLP-GEMM-1 enc-MLP-gelu enc-MLP-GEMM-2 enc-post-MLP-dropout enc-1st-layernorm enc-attention-qkv enc-attention-score enc-attention-softmax enc-attention-dropout enc-attention-context enc-post-attention-dropout enc-2nd-layernorm enc-MLP-GEMM-1 enc-MLP-gelu enc-MLP-GEMM-2 enc-post-MLP-dropout enc-1st-layernorm enc-attention-qkv enc-attention-score enc-attention-softmax enc-attention-dropout enc-attention-context enc-post-attention-dropout enc-2nd-layernorm enc-MLP-GEMM-1 enc-MLP-gelu enc-MLP-GEMM-2 enc-post-MLP-dropout enc-1st-layernorm enc-attention-qkv enc-attention-score enc-attention-softmax enc-attention-dropout enc-attention-context enc-post-attention-dropout enc-2nd-layernorm enc-MLP-GEMM-1 enc-MLP-gelu enc-MLP-GEMM-2 enc-post-MLP-dropout enc-1st-layernorm enc-attention-qkv enc-attention-score enc-attention-softmax enc-attention-dropout enc-attention-context enc-post-attention-dropout enc-2nd-layernorm enc-MLP-GEMM-1 enc-MLP-gelu enc-MLP-GEMM-2 enc-post-MLP-dropout enc-1st-layernorm enc-attention-qkv enc-attention-score enc-attention-softmax enc-attention-dropout enc-attention-context enc-post-attention-dropout enc-2nd-layernorm enc-MLP-GEMM-1 enc-MLP-gelu enc-MLP-GEMM-2 enc-post-MLP-dropout enc-1st-layernorm enc-attention-qkv enc-attention-score enc-attention-softmax enc-attention-dropout enc-attention-context enc-post-attention-dropout enc-2nd-layernorm enc-MLP-GEMM-1 enc-MLP-gelu enc-MLP-GEMM-2 enc-post-MLP-dropout enc-1st-layernorm enc-attention-qkv enc-attention-score enc-attention-softmax enc-attention-dropout enc-attention-context enc-post-attention-dropout enc-2nd-layernorm enc-MLP-GEMM-1 enc-MLP-gelu enc-MLP-GEMM-2 enc-post-MLP-dropout enc-1st-layernorm enc-attention-qkv enc-attention-score enc-attention-softmax enc-attention-dropout enc-attention-context enc-post-attention-dropout enc-2nd-layernorm enc-MLP-GEMM-1 enc-MLP-gelu enc-MLP-GEMM-2 enc-post-MLP-dropout enc-1st-layernorm enc-attention-qkv enc-attention-score enc-attention-softmax enc-attention-dropout enc-attention-context enc-post-attention-dropout enc-2nd-layernorm enc-MLP-GEMM-1 enc-MLP-gelu enc-MLP-GEMM-2 enc-post-MLP-dropout enc-1st-layernorm enc-attention-qkv enc-attention-score enc-attention-softmax enc-attention-dropout enc-attention-context enc-post-attention-dropout enc-2nd-layernorm enc-MLP-GEMM-1 enc-MLP-gelu enc-MLP-GEMM-2 enc-post-MLP-dropout enc-1st-layernorm enc-attention-qkv enc-attention-score enc-attention-softmax enc-attention-dropout enc-attention-context enc-post-attention-dropout enc-2nd-layernorm enc-MLP-GEMM-1 enc-MLP-gelu enc-MLP-GEMM-2 enc-post-MLP-dropout enc-1st-layernorm enc-attention-qkv enc-attention-score enc-attention-softmax enc-attention-dropout enc-attention-context enc-post-attention-dropout enc-2nd-layernorm enc-MLP-GEMM-1 enc-MLP-gelu enc-MLP-GEMM-2 enc-post-MLP-dropout enc-1st-layernorm enc-attention-qkv enc-attention-score enc-attention-softmax enc-attention-dropout enc-attention-context enc-post-attention-dropout enc-2nd-layernorm enc-MLP-GEMM-1 enc-MLP-gelu enc-MLP-GEMM-2 enc-post-MLP-dropout enc-1st-layernorm enc-attention-qkv enc-attention-score enc-attention-softmax enc-attention-dropout enc-attention-context enc-post-attention-dropout enc-2nd-layernorm enc-MLP-GEMM-1 enc-MLP-gelu enc-MLP-GEMM-2 enc-post-MLP-dropout enc-1st-layernorm enc-attention-qkv enc-attention-score enc-attention-softmax enc-attention-dropout enc-attention-context enc-post-attention-dropout enc-2nd-layernorm enc-MLP-GEMM-1 enc-MLP-gelu enc-MLP-GEMM-2 enc-post-MLP-dropout enc-1st-layernorm enc-attention-qkv enc-attention-score enc-attention-softmax enc-attention-dropout enc-attention-context enc-post-attention-dropout enc-2nd-layernorm enc-MLP-GEMM-1 enc-MLP-gelu enc-MLP-GEMM-2 enc-post-MLP-dropout enc-1st-layernorm enc-attention-qkv enc-attention-score enc-attention-softmax enc-attention-dropout enc-attention-context enc-post-attention-dropout enc-2nd-layernorm enc-MLP-GEMM-1 enc-MLP-gelu enc-MLP-GEMM-2 enc-post-MLP-dropout enc-1st-layernorm enc-attention-qkv enc-attention-score enc-attention-softmax enc-attention-dropout enc-attention-context enc-post-attention-dropout enc-2nd-layernorm enc-MLP-GEMM-1 enc-MLP-gelu enc-MLP-GEMM-2 enc-post-MLP-dropout enc-1st-layernorm enc-attention-qkv enc-attention-score enc-attention-softmax enc-attention-dropout enc-attention-context enc-post-attention-dropout enc-2nd-layernorm enc-MLP-GEMM-1 enc-MLP-gelu enc-MLP-GEMM-2 enc-post-MLP-dropout enc-1st-layernorm enc-attention-qkv enc-attention-score enc-attention-softmax enc-attention-dropout enc-attention-context enc-post-attention-dropout enc-2nd-layernorm enc-MLP-GEMM-1 enc-MLP-gelu enc-MLP-GEMM-2 enc-post-MLP-dropout enc-1st-layernorm enc-attention-qkv enc-attention-score enc-attention-softmax enc-attention-dropout enc-attention-context enc-post-attention-dropout enc-2nd-layernorm enc-MLP-GEMM-1 enc-MLP-gelu enc-MLP-GEMM-2 enc-post-MLP-dropout enc-1st-layernorm enc-attention-qkv enc-attention-score enc-attention-softmax enc-attention-dropout enc-attention-context enc-post-attention-dropout enc-2nd-layernorm enc-MLP-GEMM-1 enc-MLP-gelu enc-MLP-GEMM-2 enc-post-MLP-dropout enc-1st-layernorm enc-attention-qkv enc-attention-score enc-attention-softmax enc-attention-dropout enc-attention-context enc-post-attention-dropout enc-2nd-layernorm enc-MLP-GEMM-1 enc-MLP-gelu enc-MLP-GEMM-2 enc-post-MLP-dropout enc-1st-layernorm enc-attention-qkv enc-attention-score enc-attention-softmax enc-attention-dropout enc-attention-context enc-post-attention-dropout enc-2nd-layernorm enc-MLP-GEMM-1 enc-MLP-gelu enc-MLP-GEMM-2 enc-post-MLP-dropout enc-1st-layernorm enc-attention-qkv enc-attention-score enc-attention-softmax enc-attention-dropout enc-attention-context enc-post-attention-dropout enc-2nd-layernorm enc-MLP-GEMM-1 enc-MLP-gelu enc-MLP-GEMM-2 enc-post-MLP-dropout enc-1st-layernorm enc-attention-qkv enc-attention-score enc-attention-softmax enc-attention-dropout enc-attention-context enc-post-attention-dropout enc-2nd-layernorm enc-MLP-GEMM-1 enc-MLP-gelu enc-MLP-GEMM-2 enc-post-MLP-dropout enc-1st-layernorm enc-attention-qkv enc-attention-score enc-attention-softmax enc-attention-dropout enc-attention-context enc-post-attention-dropout enc-2nd-layernorm enc-MLP-GEMM-1 enc-MLP-gelu enc-MLP-GEMM-2 enc-post-MLP-dropout enc-1st-layernorm enc-attention-qkv enc-attention-score enc-attention-softmax enc-attention-dropout enc-attention-context enc-post-attention-dropout enc-2nd-layernorm enc-MLP-GEMM-1 enc-MLP-gelu enc-MLP-GEMM-2 enc-post-MLP-dropout enc-1st-layernorm enc-attention-qkv enc-attention-score enc-attention-softmax enc-attention-dropout enc-attention-context enc-post-attention-dropout enc-2nd-layernorm enc-MLP-GEMM-1 enc-MLP-gelu enc-MLP-GEMM-2 enc-post-MLP-dropout enc-1st-layernorm enc-attention-qkv enc-attention-score enc-attention-softmax enc-attention-dropout enc-attention-context enc-post-attention-dropout enc-2nd-layernorm enc-MLP-GEMM-1 enc-MLP-gelu enc-MLP-GEMM-2 enc-post-MLP-dropout enc-1st-layernorm enc-attention-qkv enc-attention-score enc-attention-softmax enc-attention-dropout enc-attention-context enc-post-attention-dropout enc-2nd-layernorm enc-MLP-GEMM-1 enc-MLP-gelu enc-MLP-GEMM-2 enc-post-MLP-dropout enc-1st-layernorm enc-attention-qkv enc-attention-score enc-attention-softmax enc-attention-dropout enc-attention-context enc-post-attention-dropout enc-2nd-layernorm enc-MLP-GEMM-1 enc-MLP-gelu enc-MLP-GEMM-2 enc-post-MLP-dropout enc-1st-layernorm enc-attention-qkv enc-attention-score enc-attention-softmax enc-attention-dropout enc-attention-context enc-post-attention-dropout enc-2nd-layernorm enc-MLP-GEMM-1 enc-MLP-gelu enc-MLP-GEMM-2 enc-post-MLP-dropout enc-1st-layernorm enc-attention-qkv enc-attention-score enc-attention-softmax enc-attention-dropout enc-attention-context enc-post-attention-dropout enc-2nd-layernorm enc-MLP-GEMM-1 enc-MLP-gelu enc-MLP-GEMM-2 enc-post-MLP-dropout enc-1st-layernorm enc-attention-qkv enc-attention-score enc-attention-softmax enc-attention-dropout enc-attention-context enc-post-attention-dropout enc-2nd-layernorm enc-MLP-GEMM-1 enc-MLP-gelu enc-MLP-GEMM-2 enc-post-MLP-dropout enc-1st-layernorm enc-attention-qkv enc-attention-score enc-attention-softmax enc-attention-dropout enc-attention-context enc-post-attention-dropout enc-2nd-layernorm enc-MLP-GEMM-1 enc-MLP-gelu enc-MLP-GEMM-2 enc-post-MLP-dropout enc-1st-layernorm enc-attention-qkv enc-attention-score enc-attention-softmax enc-attention-dropout enc-attention-context enc-post-attention-dropout enc-2nd-layernorm enc-MLP-GEMM-1 enc-MLP-gelu enc-MLP-GEMM-2 enc-post-MLP-dropout enc-1st-layernorm enc-attention-qkv enc-attention-score enc-attention-softmax enc-attention-dropout enc-attention-context enc-post-attention-dropout enc-2nd-layernorm enc-MLP-GEMM-1 enc-MLP-gelu enc-MLP-GEMM-2 enc-post-MLP-dropout enc-1st-layernorm enc-attention-qkv enc-attention-score enc-attention-softmax enc-attention-dropout enc-attention-context enc-post-attention-dropout enc-2nd-layernorm enc-MLP-GEMM-1 enc-MLP-gelu enc-MLP-GEMM-2 enc-post-MLP-dropout enc-1st-layernorm enc-attention-qkv enc-attention-score enc-attention-softmax enc-attention-dropout enc-attention-context enc-post-attention-dropout enc-2nd-layernorm enc-MLP-GEMM-1 enc-MLP-gelu enc-MLP-GEMM-2 enc-post-MLP-dropout enc-1st-layernorm enc-attention-qkv enc-attention-score enc-attention-softmax enc-attention-dropout enc-attention-context enc-post-attention-dropout enc-2nd-layernorm enc-MLP-GEMM-1 enc-MLP-gelu enc-MLP-GEMM-2 enc-post-MLP-dropout enc-1st-layernorm enc-attention-qkv enc-attention-score enc-attention-softmax enc-attention-dropout enc-attention-context enc-post-attention-dropout enc-2nd-layernorm enc-MLP-GEMM-1 enc-MLP-gelu enc-MLP-GEMM-2 enc-post-MLP-dropout enc-1st-layernorm enc-attention-qkv enc-attention-score enc-attention-softmax enc-attention-dropout enc-attention-context enc-post-attention-dropout enc-2nd-layernorm enc-MLP-GEMM-1 enc-MLP-gelu enc-MLP-GEMM-2 enc-post-MLP-dropout enc-1st-layernorm enc-attention-qkv enc-attention-score enc-attention-softmax enc-attention-dropout enc-attention-context enc-post-attention-dropout enc-2nd-layernorm enc-MLP-GEMM-1 enc-MLP-gelu enc-MLP-GEMM-2 enc-post-MLP-dropout enc-1st-layernorm enc-attention-qkv enc-attention-score enc-attention-softmax enc-attention-dropout enc-attention-context enc-post-attention-dropout enc-2nd-layernorm enc-MLP-GEMM-1 enc-MLP-gelu enc-MLP-GEMM-2 enc-post-MLP-dropout enc-1st-layernorm enc-attention-qkv enc-attention-score enc-attention-softmax enc-attention-dropout enc-attention-context enc-post-attention-dropout enc-2nd-layernorm enc-MLP-GEMM-1 enc-MLP-gelu enc-MLP-GEMM-2 enc-post-MLP-dropout enc-1st-layernorm enc-attention-qkv enc-attention-score enc-attention-softmax enc-attention-dropout enc-attention-context enc-post-attention-dropout enc-2nd-layernorm enc-MLP-GEMM-1 enc-MLP-gelu enc-MLP-GEMM-2 enc-post-MLP-dropout enc-1st-layernorm enc-attention-qkv enc-attention-score enc-attention-softmax enc-attention-dropout enc-attention-context enc-post-attention-dropout enc-2nd-layernorm enc-MLP-GEMM-1 enc-MLP-gelu enc-MLP-GEMM-2 enc-post-MLP-dropout enc-1st-layernorm enc-attention-qkv enc-attention-score enc-attention-softmax enc-attention-dropout enc-attention-context enc-post-attention-dropout enc-2nd-layernorm enc-MLP-GEMM-1 enc-MLP-gelu enc-MLP-GEMM-2 enc-post-MLP-dropout enc-1st-layernorm enc-attention-qkv enc-attention-score enc-attention-softmax enc-attention-dropout enc-attention-context enc-post-attention-dropout enc-2nd-layernorm enc-MLP-GEMM-1 enc-MLP-gelu enc-MLP-GEMM-2 enc-post-MLP-dropout enc-1st-layernorm enc-attention-qkv enc-attention-score enc-attention-softmax enc-attention-dropout enc-attention-context enc-post-attention-dropout enc-2nd-layernorm enc-MLP-GEMM-1 enc-MLP-gelu enc-MLP-GEMM-2 enc-post-MLP-dropout enc-1st-layernorm enc-attention-qkv enc-attention-score enc-attention-softmax enc-attention-dropout enc-attention-context enc-post-attention-dropout enc-2nd-layernorm enc-MLP-GEMM-1 enc-MLP-gelu enc-MLP-GEMM-2 enc-post-MLP-dropout enc-1st-layernorm enc-attention-qkv enc-attention-score enc-attention-softmax enc-attention-dropout enc-attention-context enc-post-attention-dropout enc-2nd-layernorm enc-MLP-GEMM-1 enc-MLP-gelu enc-MLP-GEMM-2 enc-post-MLP-dropout enc-1st-layernorm enc-attention-qkv enc-attention-score enc-attention-softmax enc-attention-dropout enc-attention-context enc-post-attention-dropout enc-2nd-layernorm enc-MLP-GEMM-1 enc-MLP-gelu enc-MLP-GEMM-2 enc-post-MLP-dropout enc-1st-layernorm enc-attention-qkv enc-attention-score enc-attention-softmax enc-attention-dropout enc-attention-context enc-post-attention-dropout enc-2nd-layernorm enc-MLP-GEMM-1 enc-MLP-gelu enc-MLP-GEMM-2 enc-post-MLP-dropout enc-1st-layernorm enc-attention-qkv enc-attention-score enc-attention-softmax enc-attention-dropout enc-attention-context enc-post-attention-dropout enc-2nd-layernorm enc-MLP-GEMM-1 enc-MLP-gelu enc-MLP-GEMM-2 enc-post-MLP-dropout enc-1st-layernorm enc-attention-qkv enc-attention-score enc-attention-softmax enc-attention-dropout enc-attention-context enc-post-attention-dropout enc-2nd-layernorm enc-MLP-GEMM-1 enc-MLP-gelu enc-MLP-GEMM-2 enc-post-MLP-dropout enc-1st-layernorm enc-attention-qkv enc-attention-score enc-attention-softmax enc-attention-dropout enc-attention-context enc-post-attention-dropout enc-2nd-layernorm enc-MLP-GEMM-1 enc-MLP-gelu enc-MLP-GEMM-2 enc-post-MLP-dropout enc-1st-layernorm enc-attention-qkv enc-attention-score enc-attention-softmax enc-attention-dropout enc-attention-context enc-post-attention-dropout enc-2nd-layernorm enc-MLP-GEMM-1 enc-MLP-gelu enc-MLP-GEMM-2 enc-post-MLP-dropout enc-1st-layernorm enc-attention-qkv enc-attention-score enc-attention-softmax enc-attention-dropout enc-attention-context enc-post-attention-dropout enc-2nd-layernorm enc-MLP-GEMM-1 enc-MLP-gelu enc-MLP-GEMM-2 enc-post-MLP-dropout enc-1st-layernorm enc-attention-qkv enc-attention-score enc-attention-softmax enc-attention-dropout enc-attention-context enc-post-attention-dropout enc-2nd-layernorm enc-MLP-GEMM-1 enc-MLP-gelu enc-MLP-GEMM-2 enc-post-MLP-dropout enc-1st-layernorm enc-attention-qkv enc-attention-score enc-attention-softmax enc-attention-dropout enc-attention-context enc-post-attention-dropout enc-2nd-layernorm enc-MLP-GEMM-1 enc-MLP-gelu enc-MLP-GEMM-2 enc-post-MLP-dropout enc-1st-layernorm enc-attention-qkv enc-attention-score enc-attention-softmax enc-attention-dropout enc-attention-context enc-post-attention-dropout enc-2nd-layernorm enc-MLP-GEMM-1 enc-MLP-gelu enc-MLP-GEMM-2 enc-post-MLP-dropout enc-1st-layernorm enc-attention-qkv enc-attention-score enc-attention-softmax enc-attention-dropout enc-attention-context enc-post-attention-dropout enc-2nd-layernorm enc-MLP-GEMM-1 enc-MLP-gelu enc-MLP-GEMM-2 enc-post-MLP-dropout enc-1st-layernorm enc-attention-qkv enc-attention-score enc-attention-softmax enc-attention-dropout enc-attention-context enc-post-attention-dropout enc-2nd-layernorm enc-MLP-GEMM-1 enc-MLP-gelu enc-MLP-GEMM-2 enc-post-MLP-dropout enc-1st-layernorm enc-attention-qkv enc-attention-score enc-attention-softmax enc-attention-dropout enc-attention-context enc-post-attention-dropout enc-2nd-layernorm enc-MLP-GEMM-1 enc-MLP-gelu enc-MLP-GEMM-2 enc-post-MLP-dropout enc-1st-layernorm enc-attention-qkv enc-attention-score enc-attention-softmax enc-attention-dropout enc-attention-context enc-post-attention-dropout enc-2nd-layernorm enc-MLP-GEMM-1 enc-MLP-gelu enc-MLP-GEMM-2 enc-post-MLP-dropout enc-1st-layernorm enc-attention-qkv enc-attention-score enc-attention-softmax enc-attention-dropout enc-attention-context enc-post-attention-dropout enc-2nd-layernorm enc-MLP-GEMM-1 enc-MLP-gelu enc-MLP-GEMM-2 enc-post-MLP-dropout enc-1st-layernorm enc-attention-qkv enc-attention-score enc-attention-softmax enc-attention-dropout enc-attention-context enc-post-attention-dropout enc-2nd-layernorm enc-MLP-GEMM-1 enc-MLP-gelu enc-MLP-GEMM-2 enc-post-MLP-dropout enc-1st-layernorm enc-attention-qkv enc-attention-score enc-attention-softmax enc-attention-dropout enc-attention-context enc-post-attention-dropout enc-2nd-layernorm enc-MLP-GEMM-1 enc-MLP-gelu enc-MLP-GEMM-2 enc-post-MLP-dropout enc-1st-layernorm enc-attention-qkv enc-attention-score enc-attention-softmax enc-attention-dropout enc-attention-context enc-post-attention-dropout enc-2nd-layernorm enc-MLP-GEMM-1 enc-MLP-gelu enc-MLP-GEMM-2 enc-post-MLP-dropout enc-1st-layernorm enc-attention-qkv enc-attention-score enc-attention-softmax enc-attention-dropout enc-attention-context enc-post-attention-dropout enc-2nd-layernorm enc-MLP-GEMM-1 enc-MLP-gelu enc-MLP-GEMM-2 enc-post-MLP-dropout enc-1st-layernorm enc-attention-qkv enc-attention-score enc-attention-softmax enc-attention-dropout enc-attention-context enc-post-attention-dropout enc-2nd-layernorm enc-MLP-GEMM-1 enc-MLP-gelu enc-MLP-GEMM-2 enc-post-MLP-dropout enc-1st-layernorm enc-attention-qkv enc-attention-score enc-attention-softmax enc-attention-dropout enc-attention-context enc-post-attention-dropout enc-2nd-layernorm enc-MLP-GEMM-1 enc-MLP-gelu enc-MLP-GEMM-2 enc-post-MLP-dropout enc-1st-layernorm enc-attention-qkv enc-attention-score enc-attention-softmax enc-attention-dropout enc-attention-context enc-post-attention-dropout enc-2nd-layernorm enc-MLP-GEMM-1 enc-MLP-gelu enc-MLP-GEMM-2 enc-post-MLP-dropout enc-1st-layernorm enc-attention-qkv enc-attention-score enc-attention-softmax enc-attention-dropout enc-attention-context enc-post-attention-dropout enc-2nd-layernorm enc-MLP-GEMM-1 enc-MLP-gelu enc-MLP-GEMM-2 enc-post-MLP-dropout enc-1st-layernorm enc-attention-qkv enc-attention-score enc-attention-softmax enc-attention-dropout enc-attention-context enc-post-attention-dropout enc-2nd-layernorm enc-MLP-GEMM-1 enc-MLP-gelu enc-MLP-GEMM-2 enc-post-MLP-dropout enc-1st-layernorm enc-attention-qkv enc-attention-score enc-attention-softmax enc-attention-dropout enc-attention-context enc-post-attention-dropout enc-2nd-layernorm enc-MLP-GEMM-1 enc-MLP-gelu enc-MLP-GEMM-2 enc-post-MLP-dropout enc-1st-layernorm enc-attention-qkv enc-attention-score enc-attention-softmax enc-attention-dropout enc-attention-context enc-post-attention-dropout enc-2nd-layernorm enc-MLP-GEMM-1 enc-MLP-gelu enc-MLP-GEMM-2 enc-post-MLP-dropout enc-1st-layernorm enc-attention-qkv enc-attention-score enc-attention-softmax enc-attention-dropout enc-attention-context enc-post-attention-dropout enc-2nd-layernorm enc-MLP-GEMM-1 enc-MLP-gelu enc-MLP-GEMM-2 enc-post-MLP-dropout enc-1st-layernorm enc-attention-qkv enc-attention-score enc-attention-softmax enc-attention-dropout enc-attention-context enc-post-attention-dropout enc-2nd-layernorm enc-MLP-GEMM-1 enc-MLP-gelu enc-MLP-GEMM-2 enc-post-MLP-dropout enc-1st-layernorm enc-attention-qkv enc-attention-score enc-attention-softmax enc-attention-dropout enc-attention-context enc-post-attention-dropout enc-2nd-layernorm enc-MLP-GEMM-1 enc-MLP-gelu enc-MLP-GEMM-2 enc-post-MLP-dropout enc-1st-layernorm enc-attention-qkv enc-attention-score enc-attention-softmax enc-attention-dropout enc-attention-context enc-post-attention-dropout enc-2nd-layernorm enc-MLP-GEMM-1 enc-MLP-gelu enc-MLP-GEMM-2 enc-post-MLP-dropout enc-1st-layernorm enc-attention-qkv enc-attention-score enc-attention-softmax enc-attention-dropout enc-attention-context enc-post-attention-dropout enc-2nd-layernorm enc-MLP-GEMM-1 enc-MLP-gelu enc-MLP-GEMM-2 enc-post-MLP-dropout enc-1st-layernorm enc-attention-qkv enc-attention-score enc-attention-softmax enc-attention-dropout enc-attention-context enc-post-attention-dropout enc-2nd-layernorm enc-MLP-GEMM-1 enc-MLP-gelu enc-MLP-GEMM-2 enc-post-MLP-dropout enc-1st-layernorm enc-attention-qkv enc-attention-score enc-attention-softmax enc-attention-dropout enc-attention-context enc-post-attention-dropout enc-2nd-layernorm enc-MLP-GEMM-1 enc-MLP-gelu enc-MLP-GEMM-2 enc-post-MLP-dropout enc-1st-layernorm enc-attention-qkv enc-attention-score enc-attention-softmax enc-attention-dropout enc-attention-context enc-post-attention-dropout enc-2nd-layernorm enc-MLP-GEMM-1 enc-MLP-gelu enc-MLP-GEMM-2 enc-post-MLP-dropout enc-1st-layernorm enc-attention-qkv enc-attention-score enc-attention-softmax enc-attention-dropout enc-attention-context enc-post-attention-dropout enc-2nd-layernorm enc-MLP-GEMM-1 enc-MLP-gelu enc-MLP-GEMM-2 enc-post-MLP-dropout enc-1st-layernorm enc-attention-qkv enc-attention-score enc-attention-softmax enc-attention-dropout enc-attention-context enc-post-attention-dropout enc-2nd-layernorm enc-MLP-GEMM-1 enc-MLP-gelu enc-MLP-GEMM-2 enc-post-MLP-dropout enc-1st-layernorm enc-attention-qkv enc-attention-score enc-attention-softmax enc-attention-dropout enc-attention-context enc-post-attention-dropout enc-2nd-layernorm enc-MLP-GEMM-1 enc-MLP-gelu enc-MLP-GEMM-2 enc-post-MLP-dropout enc-1st-layernorm enc-attention-qkv enc-attention-score enc-attention-softmax enc-attention-dropout enc-attention-context enc-post-attention-dropout enc-2nd-layernorm enc-MLP-GEMM-1 enc-MLP-gelu enc-MLP-GEMM-2 enc-post-MLP-dropout enc-1st-layernorm enc-attention-qkv enc-attention-score enc-attention-softmax enc-attention-dropout enc-attention-context enc-post-attention-dropout enc-2nd-layernorm enc-MLP-GEMM-1 enc-MLP-gelu enc-MLP-GEMM-2 enc-post-MLP-dropout enc-1st-layernorm enc-attention-qkv enc-attention-score enc-attention-softmax enc-attention-dropout enc-attention-context enc-post-attention-dropout enc-2nd-layernorm enc-MLP-GEMM-1 enc-MLP-gelu enc-MLP-GEMM-2 enc-post-MLP-dropout enc-1st-layernorm enc-attention-qkv enc-attention-score enc-attention-softmax enc-attention-dropout enc-attention-context enc-post-attention-dropout enc-2nd-layernorm enc-MLP-GEMM-1 enc-MLP-gelu enc-MLP-GEMM-2 enc-post-MLP-dropout enc-1st-layernorm enc-attention-qkv enc-attention-score enc-attention-softmax enc-attention-dropout enc-attention-context enc-post-attention-dropout enc-2nd-layernorm enc-MLP-GEMM-1 enc-MLP-gelu enc-MLP-GEMM-2 enc-post-MLP-dropout enc-1st-layernorm enc-attention-qkv enc-attention-score enc-attention-softmax enc-attention-dropout enc-attention-context enc-post-attention-dropout enc-2nd-layernorm enc-MLP-GEMM-1 enc-MLP-gelu enc-MLP-GEMM-2 enc-post-MLP-dropout enc-1st-layernorm enc-attention-qkv enc-attention-score enc-attention-softmax enc-attention-dropout enc-attention-context enc-post-attention-dropout enc-2nd-layernorm enc-MLP-GEMM-1 enc-MLP-gelu enc-MLP-GEMM-2 enc-post-MLP-dropout enc-1st-layernorm enc-attention-qkv enc-attention-score enc-attention-softmax enc-attention-dropout enc-attention-context enc-post-attention-dropout enc-2nd-layernorm enc-MLP-GEMM-1 enc-MLP-gelu enc-MLP-GEMM-2 enc-post-MLP-dropout enc-1st-layernorm enc-attention-qkv enc-attention-score enc-attention-softmax enc-attention-dropout enc-attention-context enc-post-attention-dropout enc-2nd-layernorm enc-MLP-GEMM-1 enc-MLP-gelu enc-MLP-GEMM-2 enc-post-MLP-dropout enc-1st-layernorm enc-attention-qkv enc-attention-score enc-attention-softmax enc-attention-dropout enc-attention-context enc-post-attention-dropout enc-2nd-layernorm enc-MLP-GEMM-1 enc-MLP-gelu enc-MLP-GEMM-2 enc-post-MLP-dropout enc-1st-layernorm enc-attention-qkv enc-attention-score enc-attention-softmax enc-attention-dropout enc-attention-context enc-post-attention-dropout enc-2nd-layernorm enc-MLP-GEMM-1 enc-MLP-gelu enc-MLP-GEMM-2 enc-post-MLP-dropout enc-1st-layernorm enc-attention-qkv enc-attention-score enc-attention-softmax enc-attention-dropout enc-attention-context enc-post-attention-dropout enc-2nd-layernorm enc-MLP-GEMM-1 enc-MLP-gelu enc-MLP-GEMM-2 enc-post-MLP-dropout enc-1st-layernorm enc-attention-qkv enc-attention-score enc-attention-softmax enc-attention-dropout enc-attention-context enc-post-attention-dropout enc-2nd-layernorm enc-MLP-GEMM-1 enc-MLP-gelu enc-MLP-GEMM-2 enc-post-MLP-dropout enc-1st-layernorm enc-attention-qkv enc-attention-score enc-attention-softmax enc-attention-dropout enc-attention-context enc-post-attention-dropout enc-2nd-layernorm 
 > number of parameters on (tensor, pipeline) model parallel rank (0, 1): 402454528
 > number of parameters on (tensor, pipeline) model parallel rank (0, 4): 403505152
 > number of parameters on (tensor, pipeline) model parallel rank (0, 7): 431361536
 > number of parameters on (tensor, pipeline) model parallel rank (0, 0): 429260288
 > number of parameters on (tensor, pipeline) model parallel rank (0, 5): 403505152
> learning rate decay style: cosine
[TIME] after model, optimizer, and learning rate scheduler are built (seconds): 10.468
> building train, validation, and test datasets ...
 > datasets target sizes (minimum size):
    train:      3072
    validation: 0
    test:       0

==> Time (ms) | [stage 3, virtual 0, rank 3] | model-and-optimizer-setup: 547.07 | train/valid/test-data-iterators-setup: 313.64

==> Memory | [stage 3, virtual 0, rank 3] memory (MB) | allocated: 2341.87890625 | max allocated: 2341.8798828125 | reserved: 2458.0 | max reserved: 2458.0

==> Time (ms) | [stage 6, virtual 0, rank 6] | model-and-optimizer-setup: 554.50 | train/valid/test-data-iterators-setup: 307.69

==> Memory | [stage 6, virtual 0, rank 6] memory (MB) | allocated: 2341.87890625 | max allocated: 2341.8798828125 | reserved: 2458.0 | max reserved: 2458.0

==> Time (ms) | [stage 1, virtual 0, rank 1] | model-and-optimizer-setup: 556.40 | train/valid/test-data-iterators-setup: 309.20

==> Memory | [stage 1, virtual 0, rank 1] memory (MB) | allocated: 2335.8671875 | max allocated: 2335.8681640625 | reserved: 2458.0 | max reserved: 2458.0

==> Time (ms) | [stage 4, virtual 0, rank 4] | model-and-optimizer-setup: 558.24 | train/valid/test-data-iterators-setup: 307.83

==> Memory | [stage 4, virtual 0, rank 4] memory (MB) | allocated: 2341.87890625 | max allocated: 2341.8798828125 | reserved: 2458.0 | max reserved: 2458.0

==> Time (ms) | [stage 2, virtual 0, rank 2] | model-and-optimizer-setup: 558.39 | train/valid/test-data-iterators-setup: 310.15

==> Memory | [stage 2, virtual 0, rank 2] memory (MB) | allocated: 2341.87890625 | max allocated: 2341.8798828125 | reserved: 2458.0 | max reserved: 2458.0

==> Time (ms) | [stage 5, virtual 0, rank 5] | model-and-optimizer-setup: 568.74 | train/valid/test-data-iterators-setup: 302.70

==> Memory | [stage 5, virtual 0, rank 5] memory (MB) | allocated: 2341.87890625 | max allocated: 2341.8798828125 | reserved: 2458.0 | max reserved: 2458.0
[TIME] after dataloaders are built (seconds): 10.762
done with setup ...

==> Time (ms) | [stage 0, virtual 0, rank 0] | model-and-optimizer-setup: 580.05 | train/valid/test-data-iterators-setup: 293.36

==> Memory | [stage 0, virtual 0, rank 0] memory (MB) | allocated: 2490.1259765625 | max allocated: 2490.1298828125 | reserved: 2598.0 | max reserved: 2598.0
training ...

==> Time (ms) | [stage 7, virtual 0, rank 7] | model-and-optimizer-setup: 590.37 | train/valid/test-data-iterators-setup: 284.14

==> Memory | [stage 7, virtual 0, rank 7] memory (MB) | allocated: 2500.6494140625 | max allocated: 2547.3857421875 | reserved: 2658.0 | max reserved: 2658.0

==> Time (ms) | [stage 5, virtual 0, rank 5] | forward-compute: 58554.25 | forward-recv: 8040.93 | forward-send: 1213.61 | forward-send-backward-recv: 4211.49 | backward-compute: 142027.24 | backward-recv: 873.60 | backward-send: 1.78 | backward-send-forward-recv: 1484.26 | backward-params-all-reduce: 26.40 | backward-embedding-all-reduce: 0.86 | optimizer: 5892.88 | batch-generator: 48.53

==> Memory | [stage 5, virtual 0, rank 5] memory (MB) | allocated: 7044.62890625 | max allocated: 27428.8173828125 | reserved: 29462.0 | max reserved: 29462.0

==> Time (ms) | [stage 0, virtual 0, rank 0] | forward-compute: 58456.74 | forward-send: 7138.26 | forward-send-backward-recv: 10517.22 | backward-compute: 142961.73 | backward-recv: 3098.86 | backward-params-all-reduce: 26.18 | backward-embedding-all-reduce: 7.97 | optimizer: 317.07 | batch-generator: 51.90

==> Memory | [stage 0, virtual 0, rank 0] memory (MB) | allocated: 7456.7451171875 | max allocated: 22946.25 | reserved: 24532.0 | max reserved: 24532.0

==> Time (ms) | [stage 3, virtual 0, rank 3] | forward-compute: 58513.85 | forward-recv: 4841.20 | forward-send: 3708.52 | forward-send-backward-recv: 6659.97 | backward-compute: 142249.78 | backward-recv: 1766.16 | backward-send: 3.02 | backward-send-forward-recv: 907.82 | backward-params-all-reduce: 25.70 | backward-embedding-all-reduce: 0.87 | optimizer: 3669.79 | batch-generator: 50.17

==> Memory | [stage 3, virtual 0, rank 3] memory (MB) | allocated: 7046.62890625 | max allocated: 39924.8173828125 | reserved: 41750.0 | max reserved: 41750.0

==> Time (ms) | [stage 4, virtual 0, rank 4] | forward-compute: 58606.25 | forward-recv: 6382.63 | forward-send: 2506.95 | forward-send-backward-recv: 5403.87 | backward-compute: 142288.49 | backward-recv: 1315.41 | backward-send: 2.36 | backward-send-forward-recv: 1027.39 | backward-params-all-reduce: 26.69 | backward-embedding-all-reduce: 0.97 | optimizer: 4780.59 | batch-generator: 50.05

==> Memory | [stage 4, virtual 0, rank 4] memory (MB) | allocated: 7049.12890625 | max allocated: 33680.3173828125 | reserved: 35606.0 | max reserved: 35606.0
 iteration        1/       3 | consumed samples:         1024 | elapsed time per iteration (ms): 222636.1 | learning rate: 4.687E-08 | global batch size:  1024 | lm loss: 9.830763E+00 | loss scale: 4294967296.0 | grad norm: nan | number of skipped iterations:   0 | number of nan iterations:   0 |

==> Time (ms) | [stage 7, virtual 0, rank 7] | forward-compute: 62034.61 | forward-recv: 11411.80 | backward-compute: 134956.28 | backward-send: 0.62 | backward-send-forward-recv: 5606.61 | backward-params-all-reduce: 27.00 | backward-embedding-all-reduce: 7795.79 | optimizer: 326.08 | batch-generator: 49.74

==> Memory | [stage 7, virtual 0, rank 7] memory (MB) | allocated: 7495.69140625 | max allocated: 42170.359375 | reserved: 43942.0 | max reserved: 43942.0

==> Time (ms) | [stage 2, virtual 0, rank 2] | forward-compute: 58466.94 | forward-recv: 3175.24 | forward-send: 4849.51 | forward-send-backward-recv: 7950.57 | backward-compute: 142533.65 | backward-recv: 2209.88 | backward-send: 3.72 | backward-send-forward-recv: 666.77 | backward-params-all-reduce: 27.47 | backward-embedding-all-reduce: 0.91 | optimizer: 2570.16 | batch-generator: 50.59

==> Memory | [stage 2, virtual 0, rank 2] memory (MB) | allocated: 7054.62890625 | max allocated: 30270.3173828125 | reserved: 32022.0 | max reserved: 32022.0

==> Time (ms) | [stage 1, virtual 0, rank 1] | forward-compute: 58378.79 | forward-recv: 1611.01 | forward-send: 6015.46 | forward-send-backward-recv: 9214.51 | backward-compute: 142697.83 | backward-recv: 2655.49 | backward-send: 5.59 | backward-send-forward-recv: 476.98 | backward-params-all-reduce: 26.55 | backward-embedding-all-reduce: 0.89 | optimizer: 1456.79 | batch-generator: 48.21

==> Memory | [stage 1, virtual 0, rank 1] memory (MB) | allocated: 7123.59375 | max allocated: 20598.64453125 | reserved: 22308.0 | max reserved: 22308.0

==> Time (ms) | [stage 6, virtual 0, rank 6] | forward-compute: 58475.05 | forward-recv: 9774.39 | forward-send: 4.93 | forward-send-backward-recv: 2830.36 | backward-compute: 142293.73 | backward-recv: 415.33 | backward-send: 1.21 | backward-send-forward-recv: 1227.57 | backward-params-all-reduce: 27.72 | backward-embedding-all-reduce: 0.87 | optimizer: 7014.38 | batch-generator: 49.57

==> Memory | [stage 6, virtual 0, rank 6] memory (MB) | allocated: 7024.12890625 | max allocated: 57917.44140625 | reserved: 59702.0 | max reserved: 59702.0

==> Time (ms) | [stage 3, virtual 0, rank 3] | forward-compute: 56945.43 | forward-recv: 1393.28 | forward-send: 2.82 | forward-send-backward-recv: 4655.52 | backward-compute: 141551.79 | backward-recv: 1758.32 | backward-send: 2.99 | backward-send-forward-recv: 497.91 | backward-params-all-reduce: 25.65 | backward-embedding-all-reduce: 0.84 | optimizer: 3390.87 | batch-generator: 47.84
==> Time (ms) | [stage 2, virtual 0, rank 2] | forward-compute: 56901.26 | forward-recv: 931.46 | forward-send: 4.38 | forward-send-backward-recv: 5685.24 | backward-compute: 141935.09 | backward-recv: 2195.76 | backward-send: 3.63 | backward-send-forward-recv: 351.28 | backward-params-all-reduce: 79.88 | backward-embedding-all-reduce: 0.78 | optimizer: 2226.95 | batch-generator: 48.22


==> Memory | [stage 3, virtual 0, rank 3] memory (MB) | allocated: 7046.62890625 | max allocated: 43013.3173828125 | reserved: 44310.0 | max reserved: 44310.0
==> Memory | [stage 2, virtual 0, rank 2] memory (MB) | allocated: 7052.12890625 | max allocated: 33355.3173828125 | reserved: 34582.0 | max reserved: 34582.0


==> Time (ms) | [stage 5, virtual 0, rank 5] | forward-compute: 56934.70 | forward-recv: 2231.54 | forward-send: 3.15 | forward-send-backward-recv: 2739.62 | backward-compute: 141435.12 | backward-recv: 868.24 | backward-send: 1.76 | backward-send-forward-recv: 382.97 | backward-params-all-reduce: 25.77 | backward-embedding-all-reduce: 0.85 | optimizer: 5606.12 | batch-generator: 46.40

==> Memory | [stage 5, virtual 0, rank 5] memory (MB) | allocated: 7038.62890625 | max allocated: 30511.3173828125 | reserved: 31510.0 | max reserved: 31510.0

==> Time (ms) | [stage 1, virtual 0, rank 1] | forward-compute: 56912.25 | forward-recv: 434.39 | forward-send: 6.35 | forward-send-backward-recv: 6768.39 | backward-compute: 142062.81 | backward-recv: 2636.80 | backward-send: 5.47 | backward-send-forward-recv: 366.53 | backward-params-all-reduce: 26.35 | backward-embedding-all-reduce: 0.89 | optimizer: 1169.57 | batch-generator: 46.78

==> Memory | [stage 1, virtual 0, rank 1] memory (MB) | allocated: 7126.59375 | max allocated: 23675.12890625 | reserved: 24356.0 | max reserved: 24356.0

==> Time (ms) | [stage 6, virtual 0, rank 6] | forward-compute: 56971.86 | forward-recv: 2659.49 | forward-send: 0.60 | forward-send-backward-recv: 1206.69 | backward-compute: 141728.44 | backward-recv: 411.04 | backward-send: 1.23 | backward-send-forward-recv: 193.65 | backward-params-all-reduce: 27.78 | backward-embedding-all-reduce: 0.87 | optimizer: 6709.09 | batch-generator: 47.60

==> Memory | [stage 6, virtual 0, rank 6] memory (MB) | allocated: 7028.12890625 | max allocated: 61000.94140625 | reserved: 62262.0 | max reserved: 62262.0

==> Time (ms) | [stage 4, virtual 0, rank 4] | forward-compute: 56939.11 | forward-recv: 1836.56 | forward-send: 3.39 | forward-send-backward-recv: 3636.10 | backward-compute: 141531.41 | backward-recv: 1312.91 | backward-send: 2.34 | backward-send-forward-recv: 434.64 | backward-params-all-reduce: 26.56 | backward-embedding-all-reduce: 0.98 | optimizer: 4498.62 | batch-generator: 48.14

==> Memory | [stage 4, virtual 0, rank 4] memory (MB) | allocated: 7045.12890625 | max allocated: 36766.8173828125 | reserved: 38166.0 | max reserved: 38166.0
 iteration        2/       3 | consumed samples:         2048 | elapsed time per iteration (ms): 210514.2 | learning rate: 9.375E-08 | global batch size:  1024 | loss scale: 2147483648.0 | grad norm: nan | number of skipped iterations:   0 | number of nan iterations:   0 |

==> Time (ms) | [stage 7, virtual 0, rank 7] | forward-compute: 60127.65 | forward-recv: 3112.95 | backward-compute: 134364.69 | backward-send: 0.59 | backward-send-forward-recv: 4565.97 | backward-params-all-reduce: 27.14 | backward-embedding-all-reduce: 7765.20 | optimizer: 55.58 | batch-generator: 48.75

==> Memory | [stage 7, virtual 0, rank 7] memory (MB) | allocated: 7495.56640625 | max allocated: 45465.8876953125 | reserved: 47088.0 | max reserved: 47088.0

==> Time (ms) | [stage 0, virtual 0, rank 0] | forward-compute: 56940.63 | forward-send: 63.13 | forward-send-backward-recv: 7890.09 | backward-compute: 142362.53 | backward-recv: 3076.77 | backward-params-all-reduce: 26.73 | backward-embedding-all-reduce: 2.71 | optimizer: 107.95 | batch-generator: 49.67

==> Memory | [stage 0, virtual 0, rank 0] memory (MB) | allocated: 7449.6201171875 | max allocated: 26227.24609375 | reserved: 27566.0 | max reserved: 27566.0

==> Time (ms) | [stage 5, virtual 0, rank 5] | forward-compute: 56886.49 | forward-recv: 2284.95 | forward-send: 3.44 | forward-send-backward-recv: 3161.46 | backward-compute: 141351.56 | backward-recv: 868.76 | backward-send: 1.80 | backward-send-forward-recv: 147.05 | backward-params-all-reduce: 25.95 | backward-embedding-all-reduce: 0.85 | optimizer: 5602.33 | batch-generator: 46.39

==> Memory | [stage 5, virtual 0, rank 5] memory (MB) | allocated: 7038.62890625 | max allocated: 30511.3173828125 | reserved: 31510.0 | max reserved: 31510.0

==> Time (ms) | [stage 1, virtual 0, rank 1] | forward-compute: 56856.84 | forward-recv: 504.62 | forward-send: 9.92 | forward-send-backward-recv: 6931.66 | backward-compute: 142063.17 | backward-recv: 2653.84 | backward-send: 5.44 | backward-send-forward-recv: 294.00 | backward-params-all-reduce: 26.46 | backward-embedding-all-reduce: 0.86 | optimizer: 1166.57 | batch-generator: 47.21

==> Memory | [stage 1, virtual 0, rank 1] memory (MB) | allocated: 7120.09375 | max allocated: 23675.12890625 | reserved: 24356.0 | max reserved: 24356.0

==> Time (ms) | [stage 3, virtual 0, rank 3] | forward-compute: 56863.49 | forward-recv: 1394.77 | forward-send: 6.58 | forward-send-backward-recv: 5166.01 | backward-compute: 141490.80 | backward-recv: 1768.67 | backward-send: 3.14 | backward-send-forward-recv: 224.07 | backward-params-all-reduce: 25.61 | backward-embedding-all-reduce: 0.87 | optimizer: 3387.43 | batch-generator: 47.87

==> Memory | [stage 3, virtual 0, rank 3] memory (MB) | allocated: 7050.12890625 | max allocated: 43013.3173828125 | reserved: 44310.0 | max reserved: 44310.0

==> Time (ms) | [stage 4, virtual 0, rank 4] | forward-compute: 56943.70 | forward-recv: 1837.89 | forward-send: 4.94 | forward-send-backward-recv: 3984.72 | backward-compute: 141547.03 | backward-recv: 1317.03 | backward-send: 2.35 | backward-send-forward-recv: 168.40 | backward-params-all-reduce: 26.42 | backward-embedding-all-reduce: 0.98 | optimizer: 4494.08 | batch-generator: 48.08

==> Memory | [stage 4, virtual 0, rank 4] memory (MB) | allocated: 7044.62890625 | max allocated: 36766.8173828125 | reserved: 38166.0 | max reserved: 38166.0

==> Time (ms) | [stage 6, virtual 0, rank 6] | forward-compute: 56985.16 | forward-recv: 2730.60 | forward-send: 0.64 | forward-send-backward-recv: 1204.26 | backward-compute: 141797.11 | backward-recv: 410.90 | backward-send: 1.22 | backward-send-forward-recv: 173.27 | backward-params-all-reduce: 27.77 | backward-embedding-all-reduce: 0.85 | optimizer: 6705.53 | batch-generator: 47.94

==> Memory | [stage 6, virtual 0, rank 6] memory (MB) | allocated: 7030.12890625 | max allocated: 61000.94140625 | reserved: 62262.0 | max reserved: 62262.0

==> Time (ms) | [stage 2, virtual 0, rank 2] | forward-compute: 56977.22 | forward-recv: 949.23 | forward-send: 7.68 | forward-send-backward-recv: 5838.57 | backward-compute: 141970.40 | backward-recv: 2207.06 | backward-send: 3.60 | backward-send-forward-recv: 180.30 | backward-params-all-reduce: 26.89 | backward-embedding-all-reduce: 0.85 | optimizer: 2277.75 | batch-generator: 47.85

==> Memory | [stage 2, virtual 0, rank 2] memory (MB) | allocated: 7050.62890625 | max allocated: 33355.3173828125 | reserved: 34582.0 | max reserved: 34582.0

==> Time (ms) | [stage 0, virtual 0, rank 0] | forward-compute: 56946.53 | forward-send: 14.19 | forward-send-backward-recv: 7965.95 | backward-compute: 142369.19 | backward-recv: 3091.65 | backward-params-all-reduce: 25.41 | backward-embedding-all-reduce: 3.00 | optimizer: 53.59 | batch-generator: 50.07

==> Memory | [stage 0, virtual 0, rank 0] memory (MB) | allocated: 7457.6201171875 | max allocated: 26227.24609375 | reserved: 27566.0 | max reserved: 27566.0
[TIME] after training is done (seconds): 654.550
 iteration        3/       3 | consumed samples:         3072 | elapsed time per iteration (ms): 210629.0 | learning rate: 1.406E-07 | global batch size:  1024 | loss scale: 1073741824.0 | grad norm: nan | number of skipped iterations:   0 | number of nan iterations:   0 |

==> Time (ms) | [stage 7, virtual 0, rank 7] | forward-compute: 60172.00 | forward-recv: 3175.47 | backward-compute: 134473.80 | backward-send: 0.61 | backward-send-forward-recv: 4488.92 | backward-params-all-reduce: 33.26 | backward-embedding-all-reduce: 7756.79 | optimizer: 54.39 | batch-generator: 49.80

==> Memory | [stage 7, virtual 0, rank 7] memory (MB) | allocated: 7495.56640625 | max allocated: 45465.8876953125 | reserved: 47092.0 | max reserved: 47092.0
